=== of3apo oxybenzone/bgox31_2 (17:13:48)
✓ Initialized. View run at 
https://modal.com/apps/mauriciocafiero/main/ap-buadjWrXWy9AsBgl44Jq1v
✓ Created objects.
├── 🔨 Created mount /Users/cafierom/python_mac/fold/src/fold/app.py
├── 🔨 Created mount PythonPackage:fold
└── 🔨 Created function predict.
submitting bgox31_2_apo on A10G ...

==========
== CUDA ==
==========

CUDA Version 12.1.1

Container image Copyright (c) 2016-2023, NVIDIA CORPORATION & AFFILIATES. All rights reserved.

This container image and its contents are governed by the NVIDIA Deep Learning Container License.
By pulling and using the container, you accept the terms and conditions of this license:
https://developer.nvidia.com/ngc/nvidia-deep-learning-container-license

A copy of this license is made available in this container at /NGC-DL-CONTAINER-LICENSE for your convenience.

weights already cached at /cache/of3-ob-2025-06-30-174k.pt (2287872989 bytes)
running: run_openfold predict --query_json=/tmp/bgox31_2_apo_query.json --output_dir=/outputs/bgox31_2_apo --inference_ckpt_path=/cache/of3-ob-2025-06-30-174k.pt --use_msa_server=true --use_templates=false
Runner was terminated whilst exceeding its memory request. Consider setting a higher memory request: https://modal.com/docs/guide/resources

==========
== CUDA ==
==========

CUDA Version 12.1.1

Container image Copyright (c) 2016-2023, NVIDIA CORPORATION & AFFILIATES. All rights reserved.

This container image and its contents are governed by the NVIDIA Deep Learning Container License.
By pulling and using the container, you accept the terms and conditions of this license:
https://developer.nvidia.com/ngc/nvidia-deep-learning-container-license

A copy of this license is made available in this container at /NGC-DL-CONTAINER-LICENSE for your convenience.

weights already cached at /cache/of3-ob-2025-06-30-174k.pt (2287872989 bytes)
running: run_openfold predict --query_json=/tmp/bgox31_2_apo_query.json --output_dir=/outputs/bgox31_2_apo --inference_ckpt_path=/cache/of3-ob-2025-06-30-174k.pt --use_msa_server=true --use_templates=false
[93m [WARNING] [0m Please pip install nvidia-cutlass
Submitting 1 sequences to the Colabfold MSA server for main MSAs...
No complexes found for paired MSA generation. Skipping...

Predicting: |          | 0/? [00:00<?, ?s/it]
Predicting: |          | 0/? [00:00<?, ?s/it]
Predicting DataLoader 0:   0%|          | 0/1 [00:00<?, ?s/it]
Predicting DataLoader 0: 100%|██████████| 1/1 [00:23<00:00, 23.10s/it]
Predicting DataLoader 0: 100%|██████████| 1/1 [00:23<00:00, 23.16s/it][93m [WARNING] [0m Please pip install nvidia-cutlass
[93m [WARNING] [0m Please pip install nvidia-cutlass
[93m [WARNING] [0m Please pip install nvidia-cutlass
[93m [WARNING] [0m Please pip install nvidia-cutlass
[93m [WARNING] [0m Please pip install nvidia-cutlass
[93m [WARNING] [0m Please pip install nvidia-cutlass
[93m [WARNING] [0m Please pip install nvidia-cutlass
[93m [WARNING] [0m Please pip install nvidia-cutlass
[93m [WARNING] [0m Please pip install nvidia-cutlass
[93m [WARNING] [0m Please pip install nvidia-cutlass


==================================================
    PREDICTION SUMMARY (COMPLETE)    
==================================================
Total Queries Processed: 1
  - Successful Queries:  1
  - Failed Queries:      0
==================================================

Removing empty log directory...

GPU available: True (cuda), used: True
TPU available: False, using: 0 TPU cores
💡 Tip: For seamless cloud logging and experiment tracking, try installing [litlogger](https://pypi.org/project/litlogger/) to enable LitLogger, which logs metrics and artifacts automatically to the Lightning Experiments platform.
💡 Tip: For seamless cloud uploads and versioning, try installing [litmodels](https://pypi.org/project/litmodels/) to enable LitModelCheckpoint, which syncs automatically with the Lightning model registry.
WARNING:openfold3.core.data.tools.colabfold_msa_server:Using output directory: /tmp/of3-of-root/msa-root-20261009T161547263858Z-6d218378 for ColabFold MSAs.

  0%|          | 0/150 [elapsed: 00:00 remaining: ?]
SUBMIT:   0%|          | 0/150 [elapsed: 00:00 remaining: ?]
COMPLETE:   0%|          | 0/150 [elapsed: 00:00 remaining: ?]
COMPLETE: 100%|██████████| 150/150 [elapsed: 00:00 remaining: 00:00]
COMPLETE: 100%|██████████| 150/150 [elapsed: 00:01 remaining: 00:00]
/opt/openfold3/openfold3/core/data/tools/colabfold_msa_server.py:401: DeprecationWarning: Python 3.14 will, by default, filter extracted tar archives and reject files or modify their metadata. Use the filter argument to control this behavior.
  tar_gz.extractall(path)
WARNING:openfold3.core.data.tools.colabfold_msa_server:Colabfold returned no templates. Proceeding without template alignments for this batch.
LOCAL_RANK: 0 - CUDA_VISIBLE_DEVICES: [0]
Seed set to 42
/opt/conda/envs/openfold3/lib/python3.12/site-packages/torch/autograd/function.py:575: UserWarning: OpenFold3 Triton evoformer kernel is running on a non-HIP backend with default, untuned Triton config (AMD MFMA / waves_per_eu tunings disabled). Correctness holds; performance is not tuned for this backend.
  return super().apply(*args, **kwargs)  # type: ignore[misc]
/opt/conda/envs/openfold3/lib/python3.12/site-packages/torch/autograd/function.py:575: UserWarning: OpenFold3 Triton evoformer kernel is running on a non-HIP backend with default, untuned Triton config (AMD MFMA / waves_per_eu tunings disabled). Correctness holds; performance is not tuned for this backend.
  return super().apply(*args, **kwargs)  # type: ignore[misc]
/opt/conda/envs/openfold3/lib/python3.12/site-packages/torch/autograd/function.py:575: UserWarning: OpenFold3 Triton evoformer kernel is running on a non-HIP backend with default, untuned Triton config (AMD MFMA / waves_per_eu tunings disabled). Correctness holds; performance is not tuned for this backend.
  return super().apply(*args, **kwargs)  # type: ignore[misc]
/opt/conda/envs/openfold3/lib/python3.12/site-packages/torch/autograd/function.py:575: UserWarning: OpenFold3 Triton evoformer kernel is running on a non-HIP backend with default, untuned Triton config (AMD MFMA / waves_per_eu tunings disabled). Correctness holds; performance is not tuned for this backend.
  return super().apply(*args, **kwargs)  # type: ignore[misc]
/opt/conda/envs/openfold3/lib/python3.12/site-packages/torch/autograd/function.py:575: UserWarning: OpenFold3 Triton evoformer kernel is running on a non-HIP backend with default, untuned Triton config (AMD MFMA / waves_per_eu tunings disabled). Correctness holds; performance is not tuned for this backend.
  return super().apply(*args, **kwargs)  # type: ignore[misc]
/opt/conda/envs/openfold3/lib/python3.12/site-packages/torch/autograd/function.py:575: UserWarning: OpenFold3 Triton evoformer kernel is running on a non-HIP backend with default, untuned Triton config (AMD MFMA / waves_per_eu tunings disabled). Correctness holds; performance is not tuned for this backend.
  return super().apply(*args, **kwargs)  # type: ignore[misc]
/opt/conda/envs/openfold3/lib/python3.12/site-packages/torch/autograd/function.py:575: UserWarning: OpenFold3 Triton evoformer kernel is running on a non-HIP backend with default, untuned Triton config (AMD MFMA / waves_per_eu tunings disabled). Correctness holds; performance is not tuned for this backend.
  return super().apply(*args, **kwargs)  # type: ignore[misc]
/opt/conda/envs/openfold3/lib/python3.12/site-packages/torch/autograd/function.py:575: UserWarning: OpenFold3 Triton evoformer kernel is running on a non-HIP backend with default, untuned Triton config (AMD MFMA / waves_per_eu tunings disabled). Correctness holds; performance is not tuned for this backend.
  return super().apply(*args, **kwargs)  # type: ignore[misc]
/opt/conda/envs/openfold3/lib/python3.12/site-packages/biotite/structure/io/pdbx/convert.py:1024: DeprecationWarning: `include_bonds` parameter is deprecated, intra-residue are always written, if available
  warnings.warn(
/opt/conda/envs/openfold3/lib/python3.12/tempfile.py:940: ResourceWarning: Implicitly cleaning up <TemporaryDirectory '/tmp/tmpz1ubpt_y'>
  _warnings.warn(warn_message, ResourceWarning)

wrote outputs/bgox31_2_apo/experiment_config.json
wrote outputs/bgox31_2_apo/inference_query_set.json
wrote outputs/bgox31_2_apo/model_config.json
wrote outputs/bgox31_2_apo/summary.txt
wrote outputs/bgox31_2_apo/bgox31_2_apo/seed_42/bgox31_2_apo_seed_42_sample_1_confidences.json
wrote outputs/bgox31_2_apo/bgox31_2_apo/seed_42/bgox31_2_apo_seed_42_sample_1_confidences_aggregated.json
wrote outputs/bgox31_2_apo/bgox31_2_apo/seed_42/bgox31_2_apo_seed_42_sample_1_model.cif
wrote outputs/bgox31_2_apo/bgox31_2_apo/seed_42/bgox31_2_apo_seed_42_sample_2_confidences.json
wrote outputs/bgox31_2_apo/bgox31_2_apo/seed_42/bgox31_2_apo_seed_42_sample_2_confidences_aggregated.json
wrote outputs/bgox31_2_apo/bgox31_2_apo/seed_42/bgox31_2_apo_seed_42_sample_2_model.cif
wrote outputs/bgox31_2_apo/bgox31_2_apo/seed_42/bgox31_2_apo_seed_42_sample_3_confidences.json
wrote outputs/bgox31_2_apo/bgox31_2_apo/seed_42/bgox31_2_apo_seed_42_sample_3_confidences_aggregated.json
wrote outputs/bgox31_2_apo/bgox31_2_apo/seed_42/bgox31_2_apo_seed_42_sample_3_model.cif
wrote outputs/bgox31_2_apo/bgox31_2_apo/seed_42/bgox31_2_apo_seed_42_sample_4_confidences.json
wrote outputs/bgox31_2_apo/bgox31_2_apo/seed_42/bgox31_2_apo_seed_42_sample_4_confidences_aggregated.json
wrote outputs/bgox31_2_apo/bgox31_2_apo/seed_42/bgox31_2_apo_seed_42_sample_4_model.cif
wrote outputs/bgox31_2_apo/bgox31_2_apo/seed_42/bgox31_2_apo_seed_42_sample_5_confidences.json
wrote outputs/bgox31_2_apo/bgox31_2_apo/seed_42/bgox31_2_apo_seed_42_sample_5_confidences_aggregated.json
wrote outputs/bgox31_2_apo/bgox31_2_apo/seed_42/bgox31_2_apo_seed_42_sample_5_model.cif
wrote outputs/bgox31_2_apo/bgox31_2_apo/seed_42/timing.json
wrote outputs/bgox31_2_apo/msas/msa-root-20261009T161456588467Z-aadc62ad/main/aede61aac49dac6911d68316235e80b15dee179b3822d3b8958afc7e6db4af62.npz
wrote outputs/bgox31_2_apo/msas/msa-root-20261009T161456588467Z-aadc62ad/mappings/README.md
wrote outputs/bgox31_2_apo/msas/msa-root-20261009T161456588467Z-aadc62ad/mappings/chain_id_to_rep_id.json
wrote outputs/bgox31_2_apo/msas/msa-root-20261009T161456588467Z-aadc62ad/mappings/query_name_to_complex_id.json
wrote outputs/bgox31_2_apo/msas/msa-root-20261009T161456588467Z-aadc62ad/mappings/rep_id_to_seq.json
wrote outputs/bgox31_2_apo/msas/msa-root-20261009T161456588467Z-aadc62ad/mappings/seq_to_rep_id.json
wrote outputs/bgox31_2_apo/msas/msa-root-20261009T161547263858Z-6d218378/main/aede61aac49dac6911d68316235e80b15dee179b3822d3b8958afc7e6db4af62.npz
wrote outputs/bgox31_2_apo/msas/msa-root-20261009T161547263858Z-6d218378/mappings/README.md
wrote outputs/bgox31_2_apo/msas/msa-root-20261009T161547263858Z-6d218378/mappings/chain_id_to_rep_id.json
wrote outputs/bgox31_2_apo/msas/msa-root-20261009T161547263858Z-6d218378/mappings/query_name_to_complex_id.json
wrote outputs/bgox31_2_apo/msas/msa-root-20261009T161547263858Z-6d218378/mappings/rep_id_to_seq.json
wrote outputs/bgox31_2_apo/msas/msa-root-20261009T161547263858Z-6d218378/mappings/seq_to_rep_id.json
wrote outputs/bgox31_2_apo/msas/raw/msa-root-20261009T161456588467Z-aadc62ad/main/bfd.mgnify30.metaeuk30.smag30.a3m
wrote outputs/bgox31_2_apo/msas/raw/msa-root-20261009T161456588467Z-aadc62ad/main/msa.sh
wrote outputs/bgox31_2_apo/msas/raw/msa-root-20261009T161456588467Z-aadc62ad/main/out.tar.gz
wrote outputs/bgox31_2_apo/msas/raw/msa-root-20261009T161456588467Z-aadc62ad/main/pdb70.m8
wrote outputs/bgox31_2_apo/msas/raw/msa-root-20261009T161456588467Z-aadc62ad/main/uniref.a3m
wrote outputs/bgox31_2_apo/msas/raw/msa-root-20261009T161547263858Z-6d218378/main/bfd.mgnify30.metaeuk30.smag30.a3m
wrote outputs/bgox31_2_apo/msas/raw/msa-root-20261009T161547263858Z-6d218378/main/msa.sh
wrote outputs/bgox31_2_apo/msas/raw/msa-root-20261009T161547263858Z-6d218378/main/out.tar.gz
wrote outputs/bgox31_2_apo/msas/raw/msa-root-20261009T161547263858Z-6d218378/main/pdb70.m8
wrote outputs/bgox31_2_apo/msas/raw/msa-root-20261009T161547263858Z-6d218378/main/uniref.a3m
interface scores unavailable (need at least two chains for interface scores)
Stopping app - local entrypoint completed.
✓ App completed. View run at 
https://modal.com/apps/mauriciocafiero/main/ap-buadjWrXWy9AsBgl44Jq1v
wrote /Users/cafierom/python_mac/peptidebuilder/runs/oxybenzone/folds/of3apo/bgox31_2.pdb
--- of3apo oxybenzone/bgox31_2 exit 0, converted (17:16:47)
=== of3apo oxybenzone/bgox31_3 (17:16:52)
✓ Initialized. View run at 
https://modal.com/apps/mauriciocafiero/main/ap-eaQUHtF4OI8jqZy99rwJGO
✓ Created objects.
├── 🔨 Created mount /Users/cafierom/python_mac/fold/src/fold/app.py
├── 🔨 Created mount PythonPackage:fold
└── 🔨 Created function predict.
submitting bgox31_3_apo on A10G ...

==========
== CUDA ==
==========

CUDA Version 12.1.1

Container image Copyright (c) 2016-2023, NVIDIA CORPORATION & AFFILIATES. All rights reserved.

This container image and its contents are governed by the NVIDIA Deep Learning Container License.
By pulling and using the container, you accept the terms and conditions of this license:
https://developer.nvidia.com/ngc/nvidia-deep-learning-container-license

A copy of this license is made available in this container at /NGC-DL-CONTAINER-LICENSE for your convenience.

weights already cached at /cache/of3-ob-2025-06-30-174k.pt (2287872989 bytes)
running: run_openfold predict --query_json=/tmp/bgox31_3_apo_query.json --output_dir=/outputs/bgox31_3_apo --inference_ckpt_path=/cache/of3-ob-2025-06-30-174k.pt --use_msa_server=true --use_templates=false
[93m [WARNING] [0m Please pip install nvidia-cutlass
Submitting 1 sequences to the Colabfold MSA server for main MSAs...
No complexes found for paired MSA generation. Skipping...

Predicting: |          | 0/? [00:00<?, ?s/it]
Predicting: |          | 0/? [00:00<?, ?s/it]
Predicting DataLoader 0:   0%|          | 0/1 [00:00<?, ?s/it]
Predicting DataLoader 0: 100%|██████████| 1/1 [00:23<00:00, 23.29s/it]
Predicting DataLoader 0: 100%|██████████| 1/1 [00:23<00:00, 23.36s/it][93m [WARNING] [0m Please pip install nvidia-cutlass
[93m [WARNING] [0m Please pip install nvidia-cutlass
[93m [WARNING] [0m Please pip install nvidia-cutlass
[93m [WARNING] [0m Please pip install nvidia-cutlass
[93m [WARNING] [0m Please pip install nvidia-cutlass
[93m [WARNING] [0m Please pip install nvidia-cutlass
[93m [WARNING] [0m Please pip install nvidia-cutlass
[93m [WARNING] [0m Please pip install nvidia-cutlass
[93m [WARNING] [0m Please pip install nvidia-cutlass
[93m [WARNING] [0m Please pip install nvidia-cutlass


==================================================
    PREDICTION SUMMARY (COMPLETE)    
==================================================
Total Queries Processed: 1
  - Successful Queries:  1
  - Failed Queries:      0
==================================================

Removing empty log directory...

GPU available: True (cuda), used: True
TPU available: False, using: 0 TPU cores
💡 Tip: For seamless cloud logging and experiment tracking, try installing [litlogger](https://pypi.org/project/litlogger/) to enable LitLogger, which logs metrics and artifacts automatically to the Lightning Experiments platform.
💡 Tip: For seamless cloud uploads and versioning, try installing [litmodels](https://pypi.org/project/litmodels/) to enable LitModelCheckpoint, which syncs automatically with the Lightning model registry.
WARNING:openfold3.core.data.tools.colabfold_msa_server:Using output directory: /tmp/of3-of-root/msa-root-20261009T161712139119Z-ed0a3607 for ColabFold MSAs.

  0%|          | 0/150 [elapsed: 00:00 remaining: ?]
SUBMIT:   0%|          | 0/150 [elapsed: 00:00 remaining: ?]
COMPLETE:   0%|          | 0/150 [elapsed: 00:00 remaining: ?]
COMPLETE: 100%|██████████| 150/150 [elapsed: 00:00 remaining: 00:00]
COMPLETE: 100%|██████████| 150/150 [elapsed: 00:00 remaining: 00:00]
/opt/openfold3/openfold3/core/data/tools/colabfold_msa_server.py:401: DeprecationWarning: Python 3.14 will, by default, filter extracted tar archives and reject files or modify their metadata. Use the filter argument to control this behavior.
  tar_gz.extractall(path)
WARNING:openfold3.core.data.tools.colabfold_msa_server:Colabfold returned no templates. Proceeding without template alignments for this batch.
LOCAL_RANK: 0 - CUDA_VISIBLE_DEVICES: [0]
Seed set to 42
/opt/conda/envs/openfold3/lib/python3.12/site-packages/torch/autograd/function.py:575: UserWarning: OpenFold3 Triton evoformer kernel is running on a non-HIP backend with default, untuned Triton config (AMD MFMA / waves_per_eu tunings disabled). Correctness holds; performance is not tuned for this backend.
  return super().apply(*args, **kwargs)  # type: ignore[misc]
/opt/conda/envs/openfold3/lib/python3.12/site-packages/torch/autograd/function.py:575: UserWarning: OpenFold3 Triton evoformer kernel is running on a non-HIP backend with default, untuned Triton config (AMD MFMA / waves_per_eu tunings disabled). Correctness holds; performance is not tuned for this backend.
  return super().apply(*args, **kwargs)  # type: ignore[misc]
/opt/conda/envs/openfold3/lib/python3.12/site-packages/torch/autograd/function.py:575: UserWarning: OpenFold3 Triton evoformer kernel is running on a non-HIP backend with default, untuned Triton config (AMD MFMA / waves_per_eu tunings disabled). Correctness holds; performance is not tuned for this backend.
  return super().apply(*args, **kwargs)  # type: ignore[misc]
/opt/conda/envs/openfold3/lib/python3.12/site-packages/torch/autograd/function.py:575: UserWarning: OpenFold3 Triton evoformer kernel is running on a non-HIP backend with default, untuned Triton config (AMD MFMA / waves_per_eu tunings disabled). Correctness holds; performance is not tuned for this backend.
  return super().apply(*args, **kwargs)  # type: ignore[misc]
/opt/conda/envs/openfold3/lib/python3.12/site-packages/torch/autograd/function.py:575: UserWarning: OpenFold3 Triton evoformer kernel is running on a non-HIP backend with default, untuned Triton config (AMD MFMA / waves_per_eu tunings disabled). Correctness holds; performance is not tuned for this backend.
  return super().apply(*args, **kwargs)  # type: ignore[misc]
/opt/conda/envs/openfold3/lib/python3.12/site-packages/torch/autograd/function.py:575: UserWarning: OpenFold3 Triton evoformer kernel is running on a non-HIP backend with default, untuned Triton config (AMD MFMA / waves_per_eu tunings disabled). Correctness holds; performance is not tuned for this backend.
  return super().apply(*args, **kwargs)  # type: ignore[misc]
/opt/conda/envs/openfold3/lib/python3.12/site-packages/torch/autograd/function.py:575: UserWarning: OpenFold3 Triton evoformer kernel is running on a non-HIP backend with default, untuned Triton config (AMD MFMA / waves_per_eu tunings disabled). Correctness holds; performance is not tuned for this backend.
  return super().apply(*args, **kwargs)  # type: ignore[misc]
/opt/conda/envs/openfold3/lib/python3.12/site-packages/torch/autograd/function.py:575: UserWarning: OpenFold3 Triton evoformer kernel is running on a non-HIP backend with default, untuned Triton config (AMD MFMA / waves_per_eu tunings disabled). Correctness holds; performance is not tuned for this backend.
  return super().apply(*args, **kwargs)  # type: ignore[misc]
/opt/conda/envs/openfold3/lib/python3.12/site-packages/biotite/structure/io/pdbx/convert.py:1024: DeprecationWarning: `include_bonds` parameter is deprecated, intra-residue are always written, if available
  warnings.warn(
/opt/conda/envs/openfold3/lib/python3.12/tempfile.py:940: ResourceWarning: Implicitly cleaning up <TemporaryDirectory '/tmp/tmp13_0ikam'>
  _warnings.warn(warn_message, ResourceWarning)

wrote outputs/bgox31_3_apo/experiment_config.json
wrote outputs/bgox31_3_apo/inference_query_set.json
wrote outputs/bgox31_3_apo/model_config.json
wrote outputs/bgox31_3_apo/summary.txt
wrote outputs/bgox31_3_apo/bgox31_3_apo/seed_42/bgox31_3_apo_seed_42_sample_1_confidences.json
wrote outputs/bgox31_3_apo/bgox31_3_apo/seed_42/bgox31_3_apo_seed_42_sample_1_confidences_aggregated.json
wrote outputs/bgox31_3_apo/bgox31_3_apo/seed_42/bgox31_3_apo_seed_42_sample_1_model.cif
wrote outputs/bgox31_3_apo/bgox31_3_apo/seed_42/bgox31_3_apo_seed_42_sample_2_confidences.json
wrote outputs/bgox31_3_apo/bgox31_3_apo/seed_42/bgox31_3_apo_seed_42_sample_2_confidences_aggregated.json
wrote outputs/bgox31_3_apo/bgox31_3_apo/seed_42/bgox31_3_apo_seed_42_sample_2_model.cif
wrote outputs/bgox31_3_apo/bgox31_3_apo/seed_42/bgox31_3_apo_seed_42_sample_3_confidences.json
wrote outputs/bgox31_3_apo/bgox31_3_apo/seed_42/bgox31_3_apo_seed_42_sample_3_confidences_aggregated.json
wrote outputs/bgox31_3_apo/bgox31_3_apo/seed_42/bgox31_3_apo_seed_42_sample_3_model.cif
wrote outputs/bgox31_3_apo/bgox31_3_apo/seed_42/bgox31_3_apo_seed_42_sample_4_confidences.json
wrote outputs/bgox31_3_apo/bgox31_3_apo/seed_42/bgox31_3_apo_seed_42_sample_4_confidences_aggregated.json
wrote outputs/bgox31_3_apo/bgox31_3_apo/seed_42/bgox31_3_apo_seed_42_sample_4_model.cif
wrote outputs/bgox31_3_apo/bgox31_3_apo/seed_42/bgox31_3_apo_seed_42_sample_5_confidences.json
wrote outputs/bgox31_3_apo/bgox31_3_apo/seed_42/bgox31_3_apo_seed_42_sample_5_confidences_aggregated.json
wrote outputs/bgox31_3_apo/bgox31_3_apo/seed_42/bgox31_3_apo_seed_42_sample_5_model.cif
wrote outputs/bgox31_3_apo/bgox31_3_apo/seed_42/timing.json
wrote outputs/bgox31_3_apo/msas/msa-root-20261009T161712139119Z-ed0a3607/main/2b3f265af0a4adbece5ce3365a6237b387e5714044bfc876b7af50663ae904b6.npz
wrote outputs/bgox31_3_apo/msas/msa-root-20261009T161712139119Z-ed0a3607/mappings/README.md
wrote outputs/bgox31_3_apo/msas/msa-root-20261009T161712139119Z-ed0a3607/mappings/chain_id_to_rep_id.json
wrote outputs/bgox31_3_apo/msas/msa-root-20261009T161712139119Z-ed0a3607/mappings/query_name_to_complex_id.json
wrote outputs/bgox31_3_apo/msas/msa-root-20261009T161712139119Z-ed0a3607/mappings/rep_id_to_seq.json
wrote outputs/bgox31_3_apo/msas/msa-root-20261009T161712139119Z-ed0a3607/mappings/seq_to_rep_id.json
wrote outputs/bgox31_3_apo/msas/raw/msa-root-20261009T161712139119Z-ed0a3607/main/bfd.mgnify30.metaeuk30.smag30.a3m
wrote outputs/bgox31_3_apo/msas/raw/msa-root-20261009T161712139119Z-ed0a3607/main/msa.sh
wrote outputs/bgox31_3_apo/msas/raw/msa-root-20261009T161712139119Z-ed0a3607/main/out.tar.gz
wrote outputs/bgox31_3_apo/msas/raw/msa-root-20261009T161712139119Z-ed0a3607/main/pdb70.m8
wrote outputs/bgox31_3_apo/msas/raw/msa-root-20261009T161712139119Z-ed0a3607/main/uniref.a3m
interface scores unavailable (need at least two chains for interface scores)
Stopping app - local entrypoint completed.
✓ App completed. View run at 
https://modal.com/apps/mauriciocafiero/main/ap-eaQUHtF4OI8jqZy99rwJGO
wrote /Users/cafierom/python_mac/peptidebuilder/runs/oxybenzone/folds/of3apo/bgox31_3.pdb
--- of3apo oxybenzone/bgox31_3 exit 0, converted (17:18:06)
=== of3apo oxybenzone/bgox31_4 (17:18:12)
✓ Initialized. View run at 
https://modal.com/apps/mauriciocafiero/main/ap-lNRYkpry3PqxhxPFBFe7he
✓ Created objects.
├── 🔨 Created mount /Users/cafierom/python_mac/fold/src/fold/app.py
├── 🔨 Created mount PythonPackage:fold
└── 🔨 Created function predict.
submitting bgox31_4_apo on A10G ...

==========
== CUDA ==
==========

CUDA Version 12.1.1

Container image Copyright (c) 2016-2023, NVIDIA CORPORATION & AFFILIATES. All rights reserved.

This container image and its contents are governed by the NVIDIA Deep Learning Container License.
By pulling and using the container, you accept the terms and conditions of this license:
https://developer.nvidia.com/ngc/nvidia-deep-learning-container-license

A copy of this license is made available in this container at /NGC-DL-CONTAINER-LICENSE for your convenience.

weights already cached at /cache/of3-ob-2025-06-30-174k.pt (2287872989 bytes)
running: run_openfold predict --query_json=/tmp/bgox31_4_apo_query.json --output_dir=/outputs/bgox31_4_apo --inference_ckpt_path=/cache/of3-ob-2025-06-30-174k.pt --use_msa_server=true --use_templates=false
[93m [WARNING] [0m Please pip install nvidia-cutlass
Submitting 1 sequences to the Colabfold MSA server for main MSAs...
No complexes found for paired MSA generation. Skipping...

Predicting: |          | 0/? [00:00<?, ?s/it]
Predicting: |          | 0/? [00:00<?, ?s/it]
Predicting DataLoader 0:   0%|          | 0/1 [00:00<?, ?s/it]
Predicting DataLoader 0: 100%|██████████| 1/1 [00:22<00:00, 22.85s/it]
Predicting DataLoader 0: 100%|██████████| 1/1 [00:22<00:00, 22.92s/it][93m [WARNING] [0m Please pip install nvidia-cutlass
[93m [WARNING] [0m Please pip install nvidia-cutlass
[93m [WARNING] [0m Please pip install nvidia-cutlass
[93m [WARNING] [0m Please pip install nvidia-cutlass
[93m [WARNING] [0m Please pip install nvidia-cutlass
[93m [WARNING] [0m Please pip install nvidia-cutlass
[93m [WARNING] [0m Please pip install nvidia-cutlass
[93m [WARNING] [0m Please pip install nvidia-cutlass
[93m [WARNING] [0m Please pip install nvidia-cutlass
[93m [WARNING] [0m Please pip install nvidia-cutlass


==================================================
    PREDICTION SUMMARY (COMPLETE)    
==================================================
Total Queries Processed: 1
  - Successful Queries:  1
  - Failed Queries:      0
==================================================

Removing empty log directory...

GPU available: True (cuda), used: True
TPU available: False, using: 0 TPU cores
💡 Tip: For seamless cloud logging and experiment tracking, try installing [litlogger](https://pypi.org/project/litlogger/) to enable LitLogger, which logs metrics and artifacts automatically to the Lightning Experiments platform.
💡 Tip: For seamless cloud uploads and versioning, try installing [litmodels](https://pypi.org/project/litmodels/) to enable LitModelCheckpoint, which syncs automatically with the Lightning model registry.
WARNING:openfold3.core.data.tools.colabfold_msa_server:Using output directory: /tmp/of3-of-root/msa-root-20261009T161830621571Z-4f502464 for ColabFold MSAs.

  0%|          | 0/150 [elapsed: 00:00 remaining: ?]
SUBMIT:   0%|          | 0/150 [elapsed: 00:00 remaining: ?]
COMPLETE:   0%|          | 0/150 [elapsed: 00:00 remaining: ?]
COMPLETE: 100%|██████████| 150/150 [elapsed: 00:00 remaining: 00:00]
COMPLETE: 100%|██████████| 150/150 [elapsed: 00:01 remaining: 00:00]
/opt/openfold3/openfold3/core/data/tools/colabfold_msa_server.py:401: DeprecationWarning: Python 3.14 will, by default, filter extracted tar archives and reject files or modify their metadata. Use the filter argument to control this behavior.
  tar_gz.extractall(path)
WARNING:openfold3.core.data.tools.colabfold_msa_server:Colabfold returned no templates. Proceeding without template alignments for this batch.
LOCAL_RANK: 0 - CUDA_VISIBLE_DEVICES: [0]
Seed set to 42
/opt/conda/envs/openfold3/lib/python3.12/site-packages/torch/autograd/function.py:575: UserWarning: OpenFold3 Triton evoformer kernel is running on a non-HIP backend with default, untuned Triton config (AMD MFMA / waves_per_eu tunings disabled). Correctness holds; performance is not tuned for this backend.
  return super().apply(*args, **kwargs)  # type: ignore[misc]
/opt/conda/envs/openfold3/lib/python3.12/site-packages/torch/autograd/function.py:575: UserWarning: OpenFold3 Triton evoformer kernel is running on a non-HIP backend with default, untuned Triton config (AMD MFMA / waves_per_eu tunings disabled). Correctness holds; performance is not tuned for this backend.
  return super().apply(*args, **kwargs)  # type: ignore[misc]
/opt/conda/envs/openfold3/lib/python3.12/site-packages/torch/autograd/function.py:575: UserWarning: OpenFold3 Triton evoformer kernel is running on a non-HIP backend with default, untuned Triton config (AMD MFMA / waves_per_eu tunings disabled). Correctness holds; performance is not tuned for this backend.
  return super().apply(*args, **kwargs)  # type: ignore[misc]
/opt/conda/envs/openfold3/lib/python3.12/site-packages/torch/autograd/function.py:575: UserWarning: OpenFold3 Triton evoformer kernel is running on a non-HIP backend with default, untuned Triton config (AMD MFMA / waves_per_eu tunings disabled). Correctness holds; performance is not tuned for this backend.
  return super().apply(*args, **kwargs)  # type: ignore[misc]
/opt/conda/envs/openfold3/lib/python3.12/site-packages/torch/autograd/function.py:575: UserWarning: OpenFold3 Triton evoformer kernel is running on a non-HIP backend with default, untuned Triton config (AMD MFMA / waves_per_eu tunings disabled). Correctness holds; performance is not tuned for this backend.
  return super().apply(*args, **kwargs)  # type: ignore[misc]
/opt/conda/envs/openfold3/lib/python3.12/site-packages/torch/autograd/function.py:575: UserWarning: OpenFold3 Triton evoformer kernel is running on a non-HIP backend with default, untuned Triton config (AMD MFMA / waves_per_eu tunings disabled). Correctness holds; performance is not tuned for this backend.
  return super().apply(*args, **kwargs)  # type: ignore[misc]
/opt/conda/envs/openfold3/lib/python3.12/site-packages/torch/autograd/function.py:575: UserWarning: OpenFold3 Triton evoformer kernel is running on a non-HIP backend with default, untuned Triton config (AMD MFMA / waves_per_eu tunings disabled). Correctness holds; performance is not tuned for this backend.
  return super().apply(*args, **kwargs)  # type: ignore[misc]
/opt/conda/envs/openfold3/lib/python3.12/site-packages/torch/autograd/function.py:575: UserWarning: OpenFold3 Triton evoformer kernel is running on a non-HIP backend with default, untuned Triton config (AMD MFMA / waves_per_eu tunings disabled). Correctness holds; performance is not tuned for this backend.
  return super().apply(*args, **kwargs)  # type: ignore[misc]
/opt/conda/envs/openfold3/lib/python3.12/site-packages/biotite/structure/io/pdbx/convert.py:1024: DeprecationWarning: `include_bonds` parameter is deprecated, intra-residue are always written, if available
  warnings.warn(
/opt/conda/envs/openfold3/lib/python3.12/tempfile.py:940: ResourceWarning: Implicitly cleaning up <TemporaryDirectory '/tmp/tmphdstj0a_'>
  _warnings.warn(warn_message, ResourceWarning)

wrote outputs/bgox31_4_apo/experiment_config.json
wrote outputs/bgox31_4_apo/inference_query_set.json
wrote outputs/bgox31_4_apo/model_config.json
wrote outputs/bgox31_4_apo/summary.txt
wrote outputs/bgox31_4_apo/bgox31_4_apo/seed_42/bgox31_4_apo_seed_42_sample_1_confidences.json
wrote outputs/bgox31_4_apo/bgox31_4_apo/seed_42/bgox31_4_apo_seed_42_sample_1_confidences_aggregated.json
wrote outputs/bgox31_4_apo/bgox31_4_apo/seed_42/bgox31_4_apo_seed_42_sample_1_model.cif
wrote outputs/bgox31_4_apo/bgox31_4_apo/seed_42/bgox31_4_apo_seed_42_sample_2_confidences.json
wrote outputs/bgox31_4_apo/bgox31_4_apo/seed_42/bgox31_4_apo_seed_42_sample_2_confidences_aggregated.json
wrote outputs/bgox31_4_apo/bgox31_4_apo/seed_42/bgox31_4_apo_seed_42_sample_2_model.cif
wrote outputs/bgox31_4_apo/bgox31_4_apo/seed_42/bgox31_4_apo_seed_42_sample_3_confidences.json
wrote outputs/bgox31_4_apo/bgox31_4_apo/seed_42/bgox31_4_apo_seed_42_sample_3_confidences_aggregated.json
wrote outputs/bgox31_4_apo/bgox31_4_apo/seed_42/bgox31_4_apo_seed_42_sample_3_model.cif
wrote outputs/bgox31_4_apo/bgox31_4_apo/seed_42/bgox31_4_apo_seed_42_sample_4_confidences.json
wrote outputs/bgox31_4_apo/bgox31_4_apo/seed_42/bgox31_4_apo_seed_42_sample_4_confidences_aggregated.json
wrote outputs/bgox31_4_apo/bgox31_4_apo/seed_42/bgox31_4_apo_seed_42_sample_4_model.cif
wrote outputs/bgox31_4_apo/bgox31_4_apo/seed_42/bgox31_4_apo_seed_42_sample_5_confidences.json
wrote outputs/bgox31_4_apo/bgox31_4_apo/seed_42/bgox31_4_apo_seed_42_sample_5_confidences_aggregated.json
wrote outputs/bgox31_4_apo/bgox31_4_apo/seed_42/bgox31_4_apo_seed_42_sample_5_model.cif
wrote outputs/bgox31_4_apo/bgox31_4_apo/seed_42/timing.json
wrote outputs/bgox31_4_apo/msas/msa-root-20261009T161830621571Z-4f502464/main/daa050842191bbf7dac0364fd96a595490d10ad6a764525e25334eb0eec51ed4.npz
wrote outputs/bgox31_4_apo/msas/msa-root-20261009T161830621571Z-4f502464/mappings/README.md
wrote outputs/bgox31_4_apo/msas/msa-root-20261009T161830621571Z-4f502464/mappings/chain_id_to_rep_id.json
wrote outputs/bgox31_4_apo/msas/msa-root-20261009T161830621571Z-4f502464/mappings/query_name_to_complex_id.json
wrote outputs/bgox31_4_apo/msas/msa-root-20261009T161830621571Z-4f502464/mappings/rep_id_to_seq.json
wrote outputs/bgox31_4_apo/msas/msa-root-20261009T161830621571Z-4f502464/mappings/seq_to_rep_id.json
wrote outputs/bgox31_4_apo/msas/raw/msa-root-20261009T161830621571Z-4f502464/main/bfd.mgnify30.metaeuk30.smag30.a3m
wrote outputs/bgox31_4_apo/msas/raw/msa-root-20261009T161830621571Z-4f502464/main/msa.sh
wrote outputs/bgox31_4_apo/msas/raw/msa-root-20261009T161830621571Z-4f502464/main/out.tar.gz
wrote outputs/bgox31_4_apo/msas/raw/msa-root-20261009T161830621571Z-4f502464/main/pdb70.m8
wrote outputs/bgox31_4_apo/msas/raw/msa-root-20261009T161830621571Z-4f502464/main/uniref.a3m
interface scores unavailable (need at least two chains for interface scores)
Stopping app - local entrypoint completed.
✓ App completed. View run at 
https://modal.com/apps/mauriciocafiero/main/ap-lNRYkpry3PqxhxPFBFe7he
wrote /Users/cafierom/python_mac/peptidebuilder/runs/oxybenzone/folds/of3apo/bgox31_4.pdb
--- of3apo oxybenzone/bgox31_4 exit 0, converted (17:19:28)
=== of3apo oxybenzone/bgox31_5 (17:19:33)
✓ Initialized. View run at 
https://modal.com/apps/mauriciocafiero/main/ap-D3LYiyopXEgvCv20JJXBwD
✓ Created objects.
├── 🔨 Created mount /Users/cafierom/python_mac/fold/src/fold/app.py
├── 🔨 Created mount PythonPackage:fold
└── 🔨 Created function predict.
submitting bgox31_5_apo on A10G ...

==========
== CUDA ==
==========

CUDA Version 12.1.1

Container image Copyright (c) 2016-2023, NVIDIA CORPORATION & AFFILIATES. All rights reserved.

This container image and its contents are governed by the NVIDIA Deep Learning Container License.
By pulling and using the container, you accept the terms and conditions of this license:
https://developer.nvidia.com/ngc/nvidia-deep-learning-container-license

A copy of this license is made available in this container at /NGC-DL-CONTAINER-LICENSE for your convenience.

weights already cached at /cache/of3-ob-2025-06-30-174k.pt (2287872989 bytes)
running: run_openfold predict --query_json=/tmp/bgox31_5_apo_query.json --output_dir=/outputs/bgox31_5_apo --inference_ckpt_path=/cache/of3-ob-2025-06-30-174k.pt --use_msa_server=true --use_templates=false
[93m [WARNING] [0m Please pip install nvidia-cutlass
Submitting 1 sequences to the Colabfold MSA server for main MSAs...
No complexes found for paired MSA generation. Skipping...

Predicting: |          | 0/? [00:00<?, ?s/it]
Predicting: |          | 0/? [00:00<?, ?s/it]
Predicting DataLoader 0:   0%|          | 0/1 [00:00<?, ?s/it]
Predicting DataLoader 0: 100%|██████████| 1/1 [00:23<00:00, 23.68s/it]
Predicting DataLoader 0: 100%|██████████| 1/1 [00:23<00:00, 23.75s/it][93m [WARNING] [0m Please pip install nvidia-cutlass
[93m [WARNING] [0m Please pip install nvidia-cutlass
[93m [WARNING] [0m Please pip install nvidia-cutlass
[93m [WARNING] [0m Please pip install nvidia-cutlass
[93m [WARNING] [0m Please pip install nvidia-cutlass
[93m [WARNING] [0m Please pip install nvidia-cutlass
[93m [WARNING] [0m Please pip install nvidia-cutlass
[93m [WARNING] [0m Please pip install nvidia-cutlass
[93m [WARNING] [0m Please pip install nvidia-cutlass
[93m [WARNING] [0m Please pip install nvidia-cutlass


==================================================
    PREDICTION SUMMARY (COMPLETE)    
==================================================
Total Queries Processed: 1
  - Successful Queries:  1
  - Failed Queries:      0
==================================================

Removing empty log directory...

GPU available: True (cuda), used: True
TPU available: False, using: 0 TPU cores
💡 Tip: For seamless cloud logging and experiment tracking, try installing [litlogger](https://pypi.org/project/litlogger/) to enable LitLogger, which logs metrics and artifacts automatically to the Lightning Experiments platform.
💡 Tip: For seamless cloud uploads and versioning, try installing [litmodels](https://pypi.org/project/litmodels/) to enable LitModelCheckpoint, which syncs automatically with the Lightning model registry.
WARNING:openfold3.core.data.tools.colabfold_msa_server:Using output directory: /tmp/of3-of-root/msa-root-20261009T161952016740Z-21d3e8e5 for ColabFold MSAs.

  0%|          | 0/150 [elapsed: 00:00 remaining: ?]
SUBMIT:   0%|          | 0/150 [elapsed: 00:00 remaining: ?]
COMPLETE:   0%|          | 0/150 [elapsed: 00:00 remaining: ?]
COMPLETE: 100%|██████████| 150/150 [elapsed: 00:00 remaining: 00:00]
COMPLETE: 100%|██████████| 150/150 [elapsed: 00:00 remaining: 00:00]
/opt/openfold3/openfold3/core/data/tools/colabfold_msa_server.py:401: DeprecationWarning: Python 3.14 will, by default, filter extracted tar archives and reject files or modify their metadata. Use the filter argument to control this behavior.
  tar_gz.extractall(path)
WARNING:openfold3.core.data.tools.colabfold_msa_server:Colabfold returned no templates. Proceeding without template alignments for this batch.
LOCAL_RANK: 0 - CUDA_VISIBLE_DEVICES: [0]
Seed set to 42
/opt/conda/envs/openfold3/lib/python3.12/site-packages/torch/autograd/function.py:575: UserWarning: OpenFold3 Triton evoformer kernel is running on a non-HIP backend with default, untuned Triton config (AMD MFMA / waves_per_eu tunings disabled). Correctness holds; performance is not tuned for this backend.
  return super().apply(*args, **kwargs)  # type: ignore[misc]
/opt/conda/envs/openfold3/lib/python3.12/site-packages/torch/autograd/function.py:575: UserWarning: OpenFold3 Triton evoformer kernel is running on a non-HIP backend with default, untuned Triton config (AMD MFMA / waves_per_eu tunings disabled). Correctness holds; performance is not tuned for this backend.
  return super().apply(*args, **kwargs)  # type: ignore[misc]
/opt/conda/envs/openfold3/lib/python3.12/site-packages/torch/autograd/function.py:575: UserWarning: OpenFold3 Triton evoformer kernel is running on a non-HIP backend with default, untuned Triton config (AMD MFMA / waves_per_eu tunings disabled). Correctness holds; performance is not tuned for this backend.
  return super().apply(*args, **kwargs)  # type: ignore[misc]
/opt/conda/envs/openfold3/lib/python3.12/site-packages/torch/autograd/function.py:575: UserWarning: OpenFold3 Triton evoformer kernel is running on a non-HIP backend with default, untuned Triton config (AMD MFMA / waves_per_eu tunings disabled). Correctness holds; performance is not tuned for this backend.
  return super().apply(*args, **kwargs)  # type: ignore[misc]
/opt/conda/envs/openfold3/lib/python3.12/site-packages/torch/autograd/function.py:575: UserWarning: OpenFold3 Triton evoformer kernel is running on a non-HIP backend with default, untuned Triton config (AMD MFMA / waves_per_eu tunings disabled). Correctness holds; performance is not tuned for this backend.
  return super().apply(*args, **kwargs)  # type: ignore[misc]
/opt/conda/envs/openfold3/lib/python3.12/site-packages/torch/autograd/function.py:575: UserWarning: OpenFold3 Triton evoformer kernel is running on a non-HIP backend with default, untuned Triton config (AMD MFMA / waves_per_eu tunings disabled). Correctness holds; performance is not tuned for this backend.
  return super().apply(*args, **kwargs)  # type: ignore[misc]
/opt/conda/envs/openfold3/lib/python3.12/site-packages/torch/autograd/function.py:575: UserWarning: OpenFold3 Triton evoformer kernel is running on a non-HIP backend with default, untuned Triton config (AMD MFMA / waves_per_eu tunings disabled). Correctness holds; performance is not tuned for this backend.
  return super().apply(*args, **kwargs)  # type: ignore[misc]
/opt/conda/envs/openfold3/lib/python3.12/site-packages/torch/autograd/function.py:575: UserWarning: OpenFold3 Triton evoformer kernel is running on a non-HIP backend with default, untuned Triton config (AMD MFMA / waves_per_eu tunings disabled). Correctness holds; performance is not tuned for this backend.
  return super().apply(*args, **kwargs)  # type: ignore[misc]
/opt/conda/envs/openfold3/lib/python3.12/site-packages/biotite/structure/io/pdbx/convert.py:1024: DeprecationWarning: `include_bonds` parameter is deprecated, intra-residue are always written, if available
  warnings.warn(
/opt/conda/envs/openfold3/lib/python3.12/tempfile.py:940: ResourceWarning: Implicitly cleaning up <TemporaryDirectory '/tmp/tmpdz0yywmu'>
  _warnings.warn(warn_message, ResourceWarning)

wrote outputs/bgox31_5_apo/experiment_config.json
wrote outputs/bgox31_5_apo/inference_query_set.json
wrote outputs/bgox31_5_apo/model_config.json
wrote outputs/bgox31_5_apo/summary.txt
wrote outputs/bgox31_5_apo/bgox31_5_apo/seed_42/bgox31_5_apo_seed_42_sample_1_confidences.json
wrote outputs/bgox31_5_apo/bgox31_5_apo/seed_42/bgox31_5_apo_seed_42_sample_1_confidences_aggregated.json
wrote outputs/bgox31_5_apo/bgox31_5_apo/seed_42/bgox31_5_apo_seed_42_sample_1_model.cif
wrote outputs/bgox31_5_apo/bgox31_5_apo/seed_42/bgox31_5_apo_seed_42_sample_2_confidences.json
wrote outputs/bgox31_5_apo/bgox31_5_apo/seed_42/bgox31_5_apo_seed_42_sample_2_confidences_aggregated.json
wrote outputs/bgox31_5_apo/bgox31_5_apo/seed_42/bgox31_5_apo_seed_42_sample_2_model.cif
wrote outputs/bgox31_5_apo/bgox31_5_apo/seed_42/bgox31_5_apo_seed_42_sample_3_confidences.json
wrote outputs/bgox31_5_apo/bgox31_5_apo/seed_42/bgox31_5_apo_seed_42_sample_3_confidences_aggregated.json
wrote outputs/bgox31_5_apo/bgox31_5_apo/seed_42/bgox31_5_apo_seed_42_sample_3_model.cif
wrote outputs/bgox31_5_apo/bgox31_5_apo/seed_42/bgox31_5_apo_seed_42_sample_4_confidences.json
wrote outputs/bgox31_5_apo/bgox31_5_apo/seed_42/bgox31_5_apo_seed_42_sample_4_confidences_aggregated.json
wrote outputs/bgox31_5_apo/bgox31_5_apo/seed_42/bgox31_5_apo_seed_42_sample_4_model.cif
wrote outputs/bgox31_5_apo/bgox31_5_apo/seed_42/bgox31_5_apo_seed_42_sample_5_confidences.json
wrote outputs/bgox31_5_apo/bgox31_5_apo/seed_42/bgox31_5_apo_seed_42_sample_5_confidences_aggregated.json
wrote outputs/bgox31_5_apo/bgox31_5_apo/seed_42/bgox31_5_apo_seed_42_sample_5_model.cif
wrote outputs/bgox31_5_apo/bgox31_5_apo/seed_42/timing.json
wrote outputs/bgox31_5_apo/msas/msa-root-20261009T161952016740Z-21d3e8e5/main/9481e0fab700071ef69c224e581b4fa75850366aa44bf65486372251e00073ee.npz
wrote outputs/bgox31_5_apo/msas/msa-root-20261009T161952016740Z-21d3e8e5/mappings/README.md
wrote outputs/bgox31_5_apo/msas/msa-root-20261009T161952016740Z-21d3e8e5/mappings/chain_id_to_rep_id.json
wrote outputs/bgox31_5_apo/msas/msa-root-20261009T161952016740Z-21d3e8e5/mappings/query_name_to_complex_id.json
wrote outputs/bgox31_5_apo/msas/msa-root-20261009T161952016740Z-21d3e8e5/mappings/rep_id_to_seq.json
wrote outputs/bgox31_5_apo/msas/msa-root-20261009T161952016740Z-21d3e8e5/mappings/seq_to_rep_id.json
wrote outputs/bgox31_5_apo/msas/raw/msa-root-20261009T161952016740Z-21d3e8e5/main/bfd.mgnify30.metaeuk30.smag30.a3m
wrote outputs/bgox31_5_apo/msas/raw/msa-root-20261009T161952016740Z-21d3e8e5/main/msa.sh
wrote outputs/bgox31_5_apo/msas/raw/msa-root-20261009T161952016740Z-21d3e8e5/main/out.tar.gz
wrote outputs/bgox31_5_apo/msas/raw/msa-root-20261009T161952016740Z-21d3e8e5/main/pdb70.m8
wrote outputs/bgox31_5_apo/msas/raw/msa-root-20261009T161952016740Z-21d3e8e5/main/uniref.a3m
interface scores unavailable (need at least two chains for interface scores)
Stopping app - local entrypoint completed.
✓ App completed. View run at 
https://modal.com/apps/mauriciocafiero/main/ap-D3LYiyopXEgvCv20JJXBwD
wrote /Users/cafierom/python_mac/peptidebuilder/runs/oxybenzone/folds/of3apo/bgox31_5.pdb
--- of3apo oxybenzone/bgox31_5 exit 0, converted (17:20:46)
=== of3apo oxybenzone/ox1_esm1_f8 (17:20:51)
✓ Initialized. View run at 
https://modal.com/apps/mauriciocafiero/main/ap-bqB6jjUX3phXW9zNPZ2VA4
✓ Created objects.
├── 🔨 Created mount /Users/cafierom/python_mac/fold/src/fold/app.py
├── 🔨 Created mount PythonPackage:fold
└── 🔨 Created function predict.
submitting ox1_esm1_f8_apo on A10G ...

==========
== CUDA ==
==========

CUDA Version 12.1.1

Container image Copyright (c) 2016-2023, NVIDIA CORPORATION & AFFILIATES. All rights reserved.

This container image and its contents are governed by the NVIDIA Deep Learning Container License.
By pulling and using the container, you accept the terms and conditions of this license:
https://developer.nvidia.com/ngc/nvidia-deep-learning-container-license

A copy of this license is made available in this container at /NGC-DL-CONTAINER-LICENSE for your convenience.

weights already cached at /cache/of3-ob-2025-06-30-174k.pt (2287872989 bytes)
running: run_openfold predict --query_json=/tmp/ox1_esm1_f8_apo_query.json --output_dir=/outputs/ox1_esm1_f8_apo --inference_ckpt_path=/cache/of3-ob-2025-06-30-174k.pt --use_msa_server=true --use_templates=false
[93m [WARNING] [0m Please pip install nvidia-cutlass
Submitting 1 sequences to the Colabfold MSA server for main MSAs...
No complexes found for paired MSA generation. Skipping...

Predicting: |          | 0/? [00:00<?, ?s/it]
Predicting: |          | 0/? [00:00<?, ?s/it]
Predicting DataLoader 0:   0%|          | 0/1 [00:00<?, ?s/it]
Predicting DataLoader 0: 100%|██████████| 1/1 [00:19<00:00, 19.31s/it]
Predicting DataLoader 0: 100%|██████████| 1/1 [00:19<00:00, 19.37s/it][93m [WARNING] [0m Please pip install nvidia-cutlass
[93m [WARNING] [0m Please pip install nvidia-cutlass
[93m [WARNING] [0m Please pip install nvidia-cutlass
[93m [WARNING] [0m Please pip install nvidia-cutlass
[93m [WARNING] [0m Please pip install nvidia-cutlass
[93m [WARNING] [0m Please pip install nvidia-cutlass
[93m [WARNING] [0m Please pip install nvidia-cutlass
[93m [WARNING] [0m Please pip install nvidia-cutlass
[93m [WARNING] [0m Please pip install nvidia-cutlass
[93m [WARNING] [0m Please pip install nvidia-cutlass


==================================================
    PREDICTION SUMMARY (COMPLETE)    
==================================================
Total Queries Processed: 1
  - Successful Queries:  1
  - Failed Queries:      0
==================================================

Removing empty log directory...

GPU available: True (cuda), used: True
TPU available: False, using: 0 TPU cores
💡 Tip: For seamless cloud logging and experiment tracking, try installing [litlogger](https://pypi.org/project/litlogger/) to enable LitLogger, which logs metrics and artifacts automatically to the Lightning Experiments platform.
💡 Tip: For seamless cloud uploads and versioning, try installing [litmodels](https://pypi.org/project/litmodels/) to enable LitModelCheckpoint, which syncs automatically with the Lightning model registry.
WARNING:openfold3.core.data.tools.colabfold_msa_server:Using output directory: /tmp/of3-of-root/msa-root-20261009T162109925689Z-f3e96403 for ColabFold MSAs.

  0%|          | 0/150 [elapsed: 00:00 remaining: ?]
SUBMIT:   0%|          | 0/150 [elapsed: 00:00 remaining: ?]
COMPLETE:   0%|          | 0/150 [elapsed: 00:00 remaining: ?]
COMPLETE: 100%|██████████| 150/150 [elapsed: 00:00 remaining: 00:00]
COMPLETE: 100%|██████████| 150/150 [elapsed: 00:01 remaining: 00:00]
/opt/openfold3/openfold3/core/data/tools/colabfold_msa_server.py:401: DeprecationWarning: Python 3.14 will, by default, filter extracted tar archives and reject files or modify their metadata. Use the filter argument to control this behavior.
  tar_gz.extractall(path)
WARNING:openfold3.core.data.tools.colabfold_msa_server:Colabfold returned no templates. Proceeding without template alignments for this batch.
LOCAL_RANK: 0 - CUDA_VISIBLE_DEVICES: [0]
Seed set to 42
/opt/conda/envs/openfold3/lib/python3.12/site-packages/torch/autograd/function.py:575: UserWarning: OpenFold3 Triton evoformer kernel is running on a non-HIP backend with default, untuned Triton config (AMD MFMA / waves_per_eu tunings disabled). Correctness holds; performance is not tuned for this backend.
  return super().apply(*args, **kwargs)  # type: ignore[misc]
/opt/conda/envs/openfold3/lib/python3.12/site-packages/torch/autograd/function.py:575: UserWarning: OpenFold3 Triton evoformer kernel is running on a non-HIP backend with default, untuned Triton config (AMD MFMA / waves_per_eu tunings disabled). Correctness holds; performance is not tuned for this backend.
  return super().apply(*args, **kwargs)  # type: ignore[misc]
/opt/conda/envs/openfold3/lib/python3.12/site-packages/torch/autograd/function.py:575: UserWarning: OpenFold3 Triton evoformer kernel is running on a non-HIP backend with default, untuned Triton config (AMD MFMA / waves_per_eu tunings disabled). Correctness holds; performance is not tuned for this backend.
  return super().apply(*args, **kwargs)  # type: ignore[misc]
/opt/conda/envs/openfold3/lib/python3.12/site-packages/torch/autograd/function.py:575: UserWarning: OpenFold3 Triton evoformer kernel is running on a non-HIP backend with default, untuned Triton config (AMD MFMA / waves_per_eu tunings disabled). Correctness holds; performance is not tuned for this backend.
  return super().apply(*args, **kwargs)  # type: ignore[misc]
/opt/conda/envs/openfold3/lib/python3.12/site-packages/torch/autograd/function.py:575: UserWarning: OpenFold3 Triton evoformer kernel is running on a non-HIP backend with default, untuned Triton config (AMD MFMA / waves_per_eu tunings disabled). Correctness holds; performance is not tuned for this backend.
  return super().apply(*args, **kwargs)  # type: ignore[misc]
/opt/conda/envs/openfold3/lib/python3.12/site-packages/torch/autograd/function.py:575: UserWarning: OpenFold3 Triton evoformer kernel is running on a non-HIP backend with default, untuned Triton config (AMD MFMA / waves_per_eu tunings disabled). Correctness holds; performance is not tuned for this backend.
  return super().apply(*args, **kwargs)  # type: ignore[misc]
/opt/conda/envs/openfold3/lib/python3.12/site-packages/torch/autograd/function.py:575: UserWarning: OpenFold3 Triton evoformer kernel is running on a non-HIP backend with default, untuned Triton config (AMD MFMA / waves_per_eu tunings disabled). Correctness holds; performance is not tuned for this backend.
  return super().apply(*args, **kwargs)  # type: ignore[misc]
/opt/conda/envs/openfold3/lib/python3.12/site-packages/torch/autograd/function.py:575: UserWarning: OpenFold3 Triton evoformer kernel is running on a non-HIP backend with default, untuned Triton config (AMD MFMA / waves_per_eu tunings disabled). Correctness holds; performance is not tuned for this backend.
  return super().apply(*args, **kwargs)  # type: ignore[misc]
/opt/conda/envs/openfold3/lib/python3.12/site-packages/biotite/structure/io/pdbx/convert.py:1024: DeprecationWarning: `include_bonds` parameter is deprecated, intra-residue are always written, if available
  warnings.warn(
/opt/conda/envs/openfold3/lib/python3.12/tempfile.py:940: ResourceWarning: Implicitly cleaning up <TemporaryDirectory '/tmp/tmpgqa6b3wd'>
  _warnings.warn(warn_message, ResourceWarning)

wrote outputs/ox1_esm1_f8_apo/experiment_config.json
wrote outputs/ox1_esm1_f8_apo/inference_query_set.json
wrote outputs/ox1_esm1_f8_apo/model_config.json
wrote outputs/ox1_esm1_f8_apo/summary.txt
wrote outputs/ox1_esm1_f8_apo/msas/msa-root-20261009T162109925689Z-f3e96403/main/5d50c4f8f669a558f28ca69e7f1d0debd78560d87d0d6a91a079f21307bbe160.npz
wrote outputs/ox1_esm1_f8_apo/msas/msa-root-20261009T162109925689Z-f3e96403/mappings/README.md
wrote outputs/ox1_esm1_f8_apo/msas/msa-root-20261009T162109925689Z-f3e96403/mappings/chain_id_to_rep_id.json
wrote outputs/ox1_esm1_f8_apo/msas/msa-root-20261009T162109925689Z-f3e96403/mappings/query_name_to_complex_id.json
wrote outputs/ox1_esm1_f8_apo/msas/msa-root-20261009T162109925689Z-f3e96403/mappings/rep_id_to_seq.json
wrote outputs/ox1_esm1_f8_apo/msas/msa-root-20261009T162109925689Z-f3e96403/mappings/seq_to_rep_id.json
wrote outputs/ox1_esm1_f8_apo/msas/raw/msa-root-20261009T162109925689Z-f3e96403/main/bfd.mgnify30.metaeuk30.smag30.a3m
wrote outputs/ox1_esm1_f8_apo/msas/raw/msa-root-20261009T162109925689Z-f3e96403/main/msa.sh
wrote outputs/ox1_esm1_f8_apo/msas/raw/msa-root-20261009T162109925689Z-f3e96403/main/out.tar.gz
wrote outputs/ox1_esm1_f8_apo/msas/raw/msa-root-20261009T162109925689Z-f3e96403/main/pdb70.m8
wrote outputs/ox1_esm1_f8_apo/msas/raw/msa-root-20261009T162109925689Z-f3e96403/main/uniref.a3m
wrote outputs/ox1_esm1_f8_apo/ox1_esm1_f8_apo/seed_42/ox1_esm1_f8_apo_seed_42_sample_1_confidences.json
wrote outputs/ox1_esm1_f8_apo/ox1_esm1_f8_apo/seed_42/ox1_esm1_f8_apo_seed_42_sample_1_confidences_aggregated.json
wrote outputs/ox1_esm1_f8_apo/ox1_esm1_f8_apo/seed_42/ox1_esm1_f8_apo_seed_42_sample_1_model.cif
wrote outputs/ox1_esm1_f8_apo/ox1_esm1_f8_apo/seed_42/ox1_esm1_f8_apo_seed_42_sample_2_confidences.json
wrote outputs/ox1_esm1_f8_apo/ox1_esm1_f8_apo/seed_42/ox1_esm1_f8_apo_seed_42_sample_2_confidences_aggregated.json
wrote outputs/ox1_esm1_f8_apo/ox1_esm1_f8_apo/seed_42/ox1_esm1_f8_apo_seed_42_sample_2_model.cif
wrote outputs/ox1_esm1_f8_apo/ox1_esm1_f8_apo/seed_42/ox1_esm1_f8_apo_seed_42_sample_3_confidences.json
wrote outputs/ox1_esm1_f8_apo/ox1_esm1_f8_apo/seed_42/ox1_esm1_f8_apo_seed_42_sample_3_confidences_aggregated.json
wrote outputs/ox1_esm1_f8_apo/ox1_esm1_f8_apo/seed_42/ox1_esm1_f8_apo_seed_42_sample_3_model.cif
wrote outputs/ox1_esm1_f8_apo/ox1_esm1_f8_apo/seed_42/ox1_esm1_f8_apo_seed_42_sample_4_confidences.json
wrote outputs/ox1_esm1_f8_apo/ox1_esm1_f8_apo/seed_42/ox1_esm1_f8_apo_seed_42_sample_4_confidences_aggregated.json
wrote outputs/ox1_esm1_f8_apo/ox1_esm1_f8_apo/seed_42/ox1_esm1_f8_apo_seed_42_sample_4_model.cif
wrote outputs/ox1_esm1_f8_apo/ox1_esm1_f8_apo/seed_42/ox1_esm1_f8_apo_seed_42_sample_5_confidences.json
wrote outputs/ox1_esm1_f8_apo/ox1_esm1_f8_apo/seed_42/ox1_esm1_f8_apo_seed_42_sample_5_confidences_aggregated.json
wrote outputs/ox1_esm1_f8_apo/ox1_esm1_f8_apo/seed_42/ox1_esm1_f8_apo_seed_42_sample_5_model.cif
wrote outputs/ox1_esm1_f8_apo/ox1_esm1_f8_apo/seed_42/timing.json
interface scores unavailable (need at least two chains for interface scores)
Stopping app - local entrypoint completed.
✓ App completed. View run at 
https://modal.com/apps/mauriciocafiero/main/ap-bqB6jjUX3phXW9zNPZ2VA4
wrote /Users/cafierom/python_mac/peptidebuilder/runs/oxybenzone/folds/of3apo/ox1_esm1_f8.pdb
--- of3apo oxybenzone/ox1_esm1_f8 exit 0, converted (17:22:00)
=== of3apo oxybenzone/ox1_orig_f12 (17:22:05)
✓ Initialized. View run at 
https://modal.com/apps/mauriciocafiero/main/ap-ZqLtExqkjhnXpMYqtbne17
✓ Created objects.
├── 🔨 Created mount /Users/cafierom/python_mac/fold/src/fold/app.py
├── 🔨 Created mount PythonPackage:fold
└── 🔨 Created function predict.
submitting ox1_orig_f12_apo on A10G ...

==========
== CUDA ==
==========

CUDA Version 12.1.1

Container image Copyright (c) 2016-2023, NVIDIA CORPORATION & AFFILIATES. All rights reserved.

This container image and its contents are governed by the NVIDIA Deep Learning Container License.
By pulling and using the container, you accept the terms and conditions of this license:
https://developer.nvidia.com/ngc/nvidia-deep-learning-container-license

A copy of this license is made available in this container at /NGC-DL-CONTAINER-LICENSE for your convenience.

weights already cached at /cache/of3-ob-2025-06-30-174k.pt (2287872989 bytes)
running: run_openfold predict --query_json=/tmp/ox1_orig_f12_apo_query.json --output_dir=/outputs/ox1_orig_f12_apo --inference_ckpt_path=/cache/of3-ob-2025-06-30-174k.pt --use_msa_server=true --use_templates=false
[93m [WARNING] [0m Please pip install nvidia-cutlass
Submitting 1 sequences to the Colabfold MSA server for main MSAs...
No complexes found for paired MSA generation. Skipping...

Predicting: |          | 0/? [00:00<?, ?s/it]
Predicting: |          | 0/? [00:00<?, ?s/it]
Predicting DataLoader 0:   0%|          | 0/1 [00:00<?, ?s/it]
Predicting DataLoader 0: 100%|██████████| 1/1 [00:19<00:00, 19.97s/it]
Predicting DataLoader 0: 100%|██████████| 1/1 [00:20<00:00, 20.03s/it][93m [WARNING] [0m Please pip install nvidia-cutlass
[93m [WARNING] [0m Please pip install nvidia-cutlass
[93m [WARNING] [0m Please pip install nvidia-cutlass
[93m [WARNING] [0m Please pip install nvidia-cutlass
[93m [WARNING] [0m Please pip install nvidia-cutlass
[93m [WARNING] [0m Please pip install nvidia-cutlass
[93m [WARNING] [0m Please pip install nvidia-cutlass
[93m [WARNING] [0m Please pip install nvidia-cutlass
[93m [WARNING] [0m Please pip install nvidia-cutlass
[93m [WARNING] [0m Please pip install nvidia-cutlass


==================================================
    PREDICTION SUMMARY (COMPLETE)    
==================================================
Total Queries Processed: 1
  - Successful Queries:  1
  - Failed Queries:      0
==================================================

Removing empty log directory...

GPU available: True (cuda), used: True
TPU available: False, using: 0 TPU cores
💡 Tip: For seamless cloud logging and experiment tracking, try installing [litlogger](https://pypi.org/project/litlogger/) to enable LitLogger, which logs metrics and artifacts automatically to the Lightning Experiments platform.
💡 Tip: For seamless cloud uploads and versioning, try installing [litmodels](https://pypi.org/project/litmodels/) to enable LitModelCheckpoint, which syncs automatically with the Lightning model registry.
WARNING:openfold3.core.data.tools.colabfold_msa_server:Using output directory: /tmp/of3-of-root/msa-root-20261009T162223985228Z-4fc1e5dc for ColabFold MSAs.

  0%|          | 0/150 [elapsed: 00:00 remaining: ?]
SUBMIT:   0%|          | 0/150 [elapsed: 00:00 remaining: ?]
COMPLETE:   0%|          | 0/150 [elapsed: 00:00 remaining: ?]
COMPLETE: 100%|██████████| 150/150 [elapsed: 00:00 remaining: 00:00]
COMPLETE: 100%|██████████| 150/150 [elapsed: 00:01 remaining: 00:00]
/opt/openfold3/openfold3/core/data/tools/colabfold_msa_server.py:401: DeprecationWarning: Python 3.14 will, by default, filter extracted tar archives and reject files or modify their metadata. Use the filter argument to control this behavior.
  tar_gz.extractall(path)
WARNING:openfold3.core.data.tools.colabfold_msa_server:Colabfold returned no templates. Proceeding without template alignments for this batch.
LOCAL_RANK: 0 - CUDA_VISIBLE_DEVICES: [0]
Seed set to 42
/opt/conda/envs/openfold3/lib/python3.12/site-packages/torch/autograd/function.py:575: UserWarning: OpenFold3 Triton evoformer kernel is running on a non-HIP backend with default, untuned Triton config (AMD MFMA / waves_per_eu tunings disabled). Correctness holds; performance is not tuned for this backend.
  return super().apply(*args, **kwargs)  # type: ignore[misc]
/opt/conda/envs/openfold3/lib/python3.12/site-packages/torch/autograd/function.py:575: UserWarning: OpenFold3 Triton evoformer kernel is running on a non-HIP backend with default, untuned Triton config (AMD MFMA / waves_per_eu tunings disabled). Correctness holds; performance is not tuned for this backend.
  return super().apply(*args, **kwargs)  # type: ignore[misc]
/opt/conda/envs/openfold3/lib/python3.12/site-packages/torch/autograd/function.py:575: UserWarning: OpenFold3 Triton evoformer kernel is running on a non-HIP backend with default, untuned Triton config (AMD MFMA / waves_per_eu tunings disabled). Correctness holds; performance is not tuned for this backend.
  return super().apply(*args, **kwargs)  # type: ignore[misc]
/opt/conda/envs/openfold3/lib/python3.12/site-packages/torch/autograd/function.py:575: UserWarning: OpenFold3 Triton evoformer kernel is running on a non-HIP backend with default, untuned Triton config (AMD MFMA / waves_per_eu tunings disabled). Correctness holds; performance is not tuned for this backend.
  return super().apply(*args, **kwargs)  # type: ignore[misc]
/opt/conda/envs/openfold3/lib/python3.12/site-packages/torch/autograd/function.py:575: UserWarning: OpenFold3 Triton evoformer kernel is running on a non-HIP backend with default, untuned Triton config (AMD MFMA / waves_per_eu tunings disabled). Correctness holds; performance is not tuned for this backend.
  return super().apply(*args, **kwargs)  # type: ignore[misc]
/opt/conda/envs/openfold3/lib/python3.12/site-packages/torch/autograd/function.py:575: UserWarning: OpenFold3 Triton evoformer kernel is running on a non-HIP backend with default, untuned Triton config (AMD MFMA / waves_per_eu tunings disabled). Correctness holds; performance is not tuned for this backend.
  return super().apply(*args, **kwargs)  # type: ignore[misc]
/opt/conda/envs/openfold3/lib/python3.12/site-packages/torch/autograd/function.py:575: UserWarning: OpenFold3 Triton evoformer kernel is running on a non-HIP backend with default, untuned Triton config (AMD MFMA / waves_per_eu tunings disabled). Correctness holds; performance is not tuned for this backend.
  return super().apply(*args, **kwargs)  # type: ignore[misc]
/opt/conda/envs/openfold3/lib/python3.12/site-packages/torch/autograd/function.py:575: UserWarning: OpenFold3 Triton evoformer kernel is running on a non-HIP backend with default, untuned Triton config (AMD MFMA / waves_per_eu tunings disabled). Correctness holds; performance is not tuned for this backend.
  return super().apply(*args, **kwargs)  # type: ignore[misc]
/opt/conda/envs/openfold3/lib/python3.12/site-packages/biotite/structure/io/pdbx/convert.py:1024: DeprecationWarning: `include_bonds` parameter is deprecated, intra-residue are always written, if available
  warnings.warn(
/opt/conda/envs/openfold3/lib/python3.12/tempfile.py:940: ResourceWarning: Implicitly cleaning up <TemporaryDirectory '/tmp/tmphqjh147i'>
  _warnings.warn(warn_message, ResourceWarning)

wrote outputs/ox1_orig_f12_apo/experiment_config.json
wrote outputs/ox1_orig_f12_apo/inference_query_set.json
wrote outputs/ox1_orig_f12_apo/model_config.json
wrote outputs/ox1_orig_f12_apo/summary.txt
wrote outputs/ox1_orig_f12_apo/msas/msa-root-20261009T162223985228Z-4fc1e5dc/main/023b376a39d36c66cd8171d02781408cd042431e88b6f9f91d4e12e83a5e88ef.npz
wrote outputs/ox1_orig_f12_apo/msas/msa-root-20261009T162223985228Z-4fc1e5dc/mappings/README.md
wrote outputs/ox1_orig_f12_apo/msas/msa-root-20261009T162223985228Z-4fc1e5dc/mappings/chain_id_to_rep_id.json
wrote outputs/ox1_orig_f12_apo/msas/msa-root-20261009T162223985228Z-4fc1e5dc/mappings/query_name_to_complex_id.json
wrote outputs/ox1_orig_f12_apo/msas/msa-root-20261009T162223985228Z-4fc1e5dc/mappings/rep_id_to_seq.json
wrote outputs/ox1_orig_f12_apo/msas/msa-root-20261009T162223985228Z-4fc1e5dc/mappings/seq_to_rep_id.json
wrote outputs/ox1_orig_f12_apo/msas/raw/msa-root-20261009T162223985228Z-4fc1e5dc/main/bfd.mgnify30.metaeuk30.smag30.a3m
wrote outputs/ox1_orig_f12_apo/msas/raw/msa-root-20261009T162223985228Z-4fc1e5dc/main/msa.sh
wrote outputs/ox1_orig_f12_apo/msas/raw/msa-root-20261009T162223985228Z-4fc1e5dc/main/out.tar.gz
wrote outputs/ox1_orig_f12_apo/msas/raw/msa-root-20261009T162223985228Z-4fc1e5dc/main/pdb70.m8
wrote outputs/ox1_orig_f12_apo/msas/raw/msa-root-20261009T162223985228Z-4fc1e5dc/main/uniref.a3m
wrote outputs/ox1_orig_f12_apo/ox1_orig_f12_apo/seed_42/ox1_orig_f12_apo_seed_42_sample_1_confidences.json
wrote outputs/ox1_orig_f12_apo/ox1_orig_f12_apo/seed_42/ox1_orig_f12_apo_seed_42_sample_1_confidences_aggregated.json
wrote outputs/ox1_orig_f12_apo/ox1_orig_f12_apo/seed_42/ox1_orig_f12_apo_seed_42_sample_1_model.cif
wrote outputs/ox1_orig_f12_apo/ox1_orig_f12_apo/seed_42/ox1_orig_f12_apo_seed_42_sample_2_confidences.json
wrote outputs/ox1_orig_f12_apo/ox1_orig_f12_apo/seed_42/ox1_orig_f12_apo_seed_42_sample_2_confidences_aggregated.json
wrote outputs/ox1_orig_f12_apo/ox1_orig_f12_apo/seed_42/ox1_orig_f12_apo_seed_42_sample_2_model.cif
wrote outputs/ox1_orig_f12_apo/ox1_orig_f12_apo/seed_42/ox1_orig_f12_apo_seed_42_sample_3_confidences.json
wrote outputs/ox1_orig_f12_apo/ox1_orig_f12_apo/seed_42/ox1_orig_f12_apo_seed_42_sample_3_confidences_aggregated.json
wrote outputs/ox1_orig_f12_apo/ox1_orig_f12_apo/seed_42/ox1_orig_f12_apo_seed_42_sample_3_model.cif
wrote outputs/ox1_orig_f12_apo/ox1_orig_f12_apo/seed_42/ox1_orig_f12_apo_seed_42_sample_4_confidences.json
wrote outputs/ox1_orig_f12_apo/ox1_orig_f12_apo/seed_42/ox1_orig_f12_apo_seed_42_sample_4_confidences_aggregated.json
wrote outputs/ox1_orig_f12_apo/ox1_orig_f12_apo/seed_42/ox1_orig_f12_apo_seed_42_sample_4_model.cif
wrote outputs/ox1_orig_f12_apo/ox1_orig_f12_apo/seed_42/ox1_orig_f12_apo_seed_42_sample_5_confidences.json
wrote outputs/ox1_orig_f12_apo/ox1_orig_f12_apo/seed_42/ox1_orig_f12_apo_seed_42_sample_5_confidences_aggregated.json
wrote outputs/ox1_orig_f12_apo/ox1_orig_f12_apo/seed_42/ox1_orig_f12_apo_seed_42_sample_5_model.cif
wrote outputs/ox1_orig_f12_apo/ox1_orig_f12_apo/seed_42/timing.json
interface scores unavailable (need at least two chains for interface scores)
Stopping app - local entrypoint completed.
✓ App completed. View run at 
https://modal.com/apps/mauriciocafiero/main/ap-ZqLtExqkjhnXpMYqtbne17
wrote /Users/cafierom/python_mac/peptidebuilder/runs/oxybenzone/folds/of3apo/ox1_orig_f12.pdb
--- of3apo oxybenzone/ox1_orig_f12 exit 0, converted (17:23:16)
=== of3apo oxybenzone/ox2_esm1_f8 (17:23:21)
✓ Initialized. View run at 
https://modal.com/apps/mauriciocafiero/main/ap-3tiV6eb5MQW0MyYBLn3x9G
✓ Created objects.
├── 🔨 Created mount /Users/cafierom/python_mac/fold/src/fold/app.py
├── 🔨 Created mount PythonPackage:fold
└── 🔨 Created function predict.
submitting ox2_esm1_f8_apo on A10G ...

==========
== CUDA ==
==========

CUDA Version 12.1.1

Container image Copyright (c) 2016-2023, NVIDIA CORPORATION & AFFILIATES. All rights reserved.

This container image and its contents are governed by the NVIDIA Deep Learning Container License.
By pulling and using the container, you accept the terms and conditions of this license:
https://developer.nvidia.com/ngc/nvidia-deep-learning-container-license

A copy of this license is made available in this container at /NGC-DL-CONTAINER-LICENSE for your convenience.

weights already cached at /cache/of3-ob-2025-06-30-174k.pt (2287872989 bytes)
running: run_openfold predict --query_json=/tmp/ox2_esm1_f8_apo_query.json --output_dir=/outputs/ox2_esm1_f8_apo --inference_ckpt_path=/cache/of3-ob-2025-06-30-174k.pt --use_msa_server=true --use_templates=false
[93m [WARNING] [0m Please pip install nvidia-cutlass
Submitting 1 sequences to the Colabfold MSA server for main MSAs...
No complexes found for paired MSA generation. Skipping...

Predicting: |          | 0/? [00:00<?, ?s/it]
Predicting: |          | 0/? [00:00<?, ?s/it]
Predicting DataLoader 0:   0%|          | 0/1 [00:00<?, ?s/it]
Predicting DataLoader 0: 100%|██████████| 1/1 [00:23<00:00, 23.56s/it]
Predicting DataLoader 0: 100%|██████████| 1/1 [00:23<00:00, 23.63s/it][93m [WARNING] [0m Please pip install nvidia-cutlass
[93m [WARNING] [0m Please pip install nvidia-cutlass
[93m [WARNING] [0m Please pip install nvidia-cutlass
[93m [WARNING] [0m Please pip install nvidia-cutlass
[93m [WARNING] [0m Please pip install nvidia-cutlass
[93m [WARNING] [0m Please pip install nvidia-cutlass
[93m [WARNING] [0m Please pip install nvidia-cutlass
[93m [WARNING] [0m Please pip install nvidia-cutlass
[93m [WARNING] [0m Please pip install nvidia-cutlass
[93m [WARNING] [0m Please pip install nvidia-cutlass


==================================================
    PREDICTION SUMMARY (COMPLETE)    
==================================================
Total Queries Processed: 1
  - Successful Queries:  1
  - Failed Queries:      0
==================================================

Removing empty log directory...

GPU available: True (cuda), used: True
TPU available: False, using: 0 TPU cores
💡 Tip: For seamless cloud logging and experiment tracking, try installing [litlogger](https://pypi.org/project/litlogger/) to enable LitLogger, which logs metrics and artifacts automatically to the Lightning Experiments platform.
💡 Tip: For seamless cloud uploads and versioning, try installing [litmodels](https://pypi.org/project/litmodels/) to enable LitModelCheckpoint, which syncs automatically with the Lightning model registry.
WARNING:openfold3.core.data.tools.colabfold_msa_server:Using output directory: /tmp/of3-of-root/msa-root-20261009T162340842739Z-c4a642d3 for ColabFold MSAs.

  0%|          | 0/150 [elapsed: 00:00 remaining: ?]
SUBMIT:   0%|          | 0/150 [elapsed: 00:00 remaining: ?]
COMPLETE:   0%|          | 0/150 [elapsed: 00:00 remaining: ?]
COMPLETE: 100%|██████████| 150/150 [elapsed: 00:00 remaining: 00:00]
COMPLETE: 100%|██████████| 150/150 [elapsed: 00:00 remaining: 00:00]
/opt/openfold3/openfold3/core/data/tools/colabfold_msa_server.py:401: DeprecationWarning: Python 3.14 will, by default, filter extracted tar archives and reject files or modify their metadata. Use the filter argument to control this behavior.
  tar_gz.extractall(path)
WARNING:openfold3.core.data.tools.colabfold_msa_server:Colabfold returned no templates. Proceeding without template alignments for this batch.
LOCAL_RANK: 0 - CUDA_VISIBLE_DEVICES: [0]
Seed set to 42
/opt/conda/envs/openfold3/lib/python3.12/site-packages/torch/autograd/function.py:575: UserWarning: OpenFold3 Triton evoformer kernel is running on a non-HIP backend with default, untuned Triton config (AMD MFMA / waves_per_eu tunings disabled). Correctness holds; performance is not tuned for this backend.
  return super().apply(*args, **kwargs)  # type: ignore[misc]
/opt/conda/envs/openfold3/lib/python3.12/site-packages/torch/autograd/function.py:575: UserWarning: OpenFold3 Triton evoformer kernel is running on a non-HIP backend with default, untuned Triton config (AMD MFMA / waves_per_eu tunings disabled). Correctness holds; performance is not tuned for this backend.
  return super().apply(*args, **kwargs)  # type: ignore[misc]
/opt/conda/envs/openfold3/lib/python3.12/site-packages/torch/autograd/function.py:575: UserWarning: OpenFold3 Triton evoformer kernel is running on a non-HIP backend with default, untuned Triton config (AMD MFMA / waves_per_eu tunings disabled). Correctness holds; performance is not tuned for this backend.
  return super().apply(*args, **kwargs)  # type: ignore[misc]
/opt/conda/envs/openfold3/lib/python3.12/site-packages/torch/autograd/function.py:575: UserWarning: OpenFold3 Triton evoformer kernel is running on a non-HIP backend with default, untuned Triton config (AMD MFMA / waves_per_eu tunings disabled). Correctness holds; performance is not tuned for this backend.
  return super().apply(*args, **kwargs)  # type: ignore[misc]
/opt/conda/envs/openfold3/lib/python3.12/site-packages/torch/autograd/function.py:575: UserWarning: OpenFold3 Triton evoformer kernel is running on a non-HIP backend with default, untuned Triton config (AMD MFMA / waves_per_eu tunings disabled). Correctness holds; performance is not tuned for this backend.
  return super().apply(*args, **kwargs)  # type: ignore[misc]
/opt/conda/envs/openfold3/lib/python3.12/site-packages/torch/autograd/function.py:575: UserWarning: OpenFold3 Triton evoformer kernel is running on a non-HIP backend with default, untuned Triton config (AMD MFMA / waves_per_eu tunings disabled). Correctness holds; performance is not tuned for this backend.
  return super().apply(*args, **kwargs)  # type: ignore[misc]
/opt/conda/envs/openfold3/lib/python3.12/site-packages/torch/autograd/function.py:575: UserWarning: OpenFold3 Triton evoformer kernel is running on a non-HIP backend with default, untuned Triton config (AMD MFMA / waves_per_eu tunings disabled). Correctness holds; performance is not tuned for this backend.
  return super().apply(*args, **kwargs)  # type: ignore[misc]
/opt/conda/envs/openfold3/lib/python3.12/site-packages/torch/autograd/function.py:575: UserWarning: OpenFold3 Triton evoformer kernel is running on a non-HIP backend with default, untuned Triton config (AMD MFMA / waves_per_eu tunings disabled). Correctness holds; performance is not tuned for this backend.
  return super().apply(*args, **kwargs)  # type: ignore[misc]
/opt/conda/envs/openfold3/lib/python3.12/site-packages/biotite/structure/io/pdbx/convert.py:1024: DeprecationWarning: `include_bonds` parameter is deprecated, intra-residue are always written, if available
  warnings.warn(
/opt/conda/envs/openfold3/lib/python3.12/tempfile.py:940: ResourceWarning: Implicitly cleaning up <TemporaryDirectory '/tmp/tmpeo4jvybo'>
  _warnings.warn(warn_message, ResourceWarning)

wrote outputs/ox2_esm1_f8_apo/experiment_config.json
wrote outputs/ox2_esm1_f8_apo/inference_query_set.json
wrote outputs/ox2_esm1_f8_apo/model_config.json
wrote outputs/ox2_esm1_f8_apo/summary.txt
wrote outputs/ox2_esm1_f8_apo/msas/msa-root-20261009T162340842739Z-c4a642d3/main/5c43bab5f84631f5bb25a23fd1e18bc84a6b5d37140fe7f5080dcd5362b845c8.npz
wrote outputs/ox2_esm1_f8_apo/msas/msa-root-20261009T162340842739Z-c4a642d3/mappings/README.md
wrote outputs/ox2_esm1_f8_apo/msas/msa-root-20261009T162340842739Z-c4a642d3/mappings/chain_id_to_rep_id.json
wrote outputs/ox2_esm1_f8_apo/msas/msa-root-20261009T162340842739Z-c4a642d3/mappings/query_name_to_complex_id.json
wrote outputs/ox2_esm1_f8_apo/msas/msa-root-20261009T162340842739Z-c4a642d3/mappings/rep_id_to_seq.json
wrote outputs/ox2_esm1_f8_apo/msas/msa-root-20261009T162340842739Z-c4a642d3/mappings/seq_to_rep_id.json
wrote outputs/ox2_esm1_f8_apo/msas/raw/msa-root-20261009T162340842739Z-c4a642d3/main/bfd.mgnify30.metaeuk30.smag30.a3m
wrote outputs/ox2_esm1_f8_apo/msas/raw/msa-root-20261009T162340842739Z-c4a642d3/main/msa.sh
wrote outputs/ox2_esm1_f8_apo/msas/raw/msa-root-20261009T162340842739Z-c4a642d3/main/out.tar.gz
wrote outputs/ox2_esm1_f8_apo/msas/raw/msa-root-20261009T162340842739Z-c4a642d3/main/pdb70.m8
wrote outputs/ox2_esm1_f8_apo/msas/raw/msa-root-20261009T162340842739Z-c4a642d3/main/uniref.a3m
wrote outputs/ox2_esm1_f8_apo/ox2_esm1_f8_apo/seed_42/ox2_esm1_f8_apo_seed_42_sample_1_confidences.json
wrote outputs/ox2_esm1_f8_apo/ox2_esm1_f8_apo/seed_42/ox2_esm1_f8_apo_seed_42_sample_1_confidences_aggregated.json
wrote outputs/ox2_esm1_f8_apo/ox2_esm1_f8_apo/seed_42/ox2_esm1_f8_apo_seed_42_sample_1_model.cif
wrote outputs/ox2_esm1_f8_apo/ox2_esm1_f8_apo/seed_42/ox2_esm1_f8_apo_seed_42_sample_2_confidences.json
wrote outputs/ox2_esm1_f8_apo/ox2_esm1_f8_apo/seed_42/ox2_esm1_f8_apo_seed_42_sample_2_confidences_aggregated.json
wrote outputs/ox2_esm1_f8_apo/ox2_esm1_f8_apo/seed_42/ox2_esm1_f8_apo_seed_42_sample_2_model.cif
wrote outputs/ox2_esm1_f8_apo/ox2_esm1_f8_apo/seed_42/ox2_esm1_f8_apo_seed_42_sample_3_confidences.json
wrote outputs/ox2_esm1_f8_apo/ox2_esm1_f8_apo/seed_42/ox2_esm1_f8_apo_seed_42_sample_3_confidences_aggregated.json
wrote outputs/ox2_esm1_f8_apo/ox2_esm1_f8_apo/seed_42/ox2_esm1_f8_apo_seed_42_sample_3_model.cif
wrote outputs/ox2_esm1_f8_apo/ox2_esm1_f8_apo/seed_42/ox2_esm1_f8_apo_seed_42_sample_4_confidences.json
wrote outputs/ox2_esm1_f8_apo/ox2_esm1_f8_apo/seed_42/ox2_esm1_f8_apo_seed_42_sample_4_confidences_aggregated.json
wrote outputs/ox2_esm1_f8_apo/ox2_esm1_f8_apo/seed_42/ox2_esm1_f8_apo_seed_42_sample_4_model.cif
wrote outputs/ox2_esm1_f8_apo/ox2_esm1_f8_apo/seed_42/ox2_esm1_f8_apo_seed_42_sample_5_confidences.json
wrote outputs/ox2_esm1_f8_apo/ox2_esm1_f8_apo/seed_42/ox2_esm1_f8_apo_seed_42_sample_5_confidences_aggregated.json
wrote outputs/ox2_esm1_f8_apo/ox2_esm1_f8_apo/seed_42/ox2_esm1_f8_apo_seed_42_sample_5_model.cif
wrote outputs/ox2_esm1_f8_apo/ox2_esm1_f8_apo/seed_42/timing.json
interface scores unavailable (need at least two chains for interface scores)
Stopping app - local entrypoint completed.
✓ App completed. View run at 
https://modal.com/apps/mauriciocafiero/main/ap-3tiV6eb5MQW0MyYBLn3x9G
wrote /Users/cafierom/python_mac/peptidebuilder/runs/oxybenzone/folds/of3apo/ox2_esm1_f8.pdb
--- of3apo oxybenzone/ox2_esm1_f8 exit 0, converted (17:24:34)
=== of3apo oxybenzone/ox2_orig_f8 (17:24:39)
✓ Initialized. View run at 
https://modal.com/apps/mauriciocafiero/main/ap-8vofNl4YKuWPVVLfn9K2LH
✓ Created objects.
├── 🔨 Created mount /Users/cafierom/python_mac/fold/src/fold/app.py
├── 🔨 Created mount PythonPackage:fold
└── 🔨 Created function predict.
submitting ox2_orig_f8_apo on A10G ...

==========
== CUDA ==
==========

CUDA Version 12.1.1

Container image Copyright (c) 2016-2023, NVIDIA CORPORATION & AFFILIATES. All rights reserved.

This container image and its contents are governed by the NVIDIA Deep Learning Container License.
By pulling and using the container, you accept the terms and conditions of this license:
https://developer.nvidia.com/ngc/nvidia-deep-learning-container-license

A copy of this license is made available in this container at /NGC-DL-CONTAINER-LICENSE for your convenience.

weights already cached at /cache/of3-ob-2025-06-30-174k.pt (2287872989 bytes)
running: run_openfold predict --query_json=/tmp/ox2_orig_f8_apo_query.json --output_dir=/outputs/ox2_orig_f8_apo --inference_ckpt_path=/cache/of3-ob-2025-06-30-174k.pt --use_msa_server=true --use_templates=false
[93m [WARNING] [0m Please pip install nvidia-cutlass
Submitting 1 sequences to the Colabfold MSA server for main MSAs...
No complexes found for paired MSA generation. Skipping...

Predicting: |          | 0/? [00:00<?, ?s/it]
Predicting: |          | 0/? [00:00<?, ?s/it]
Predicting DataLoader 0:   0%|          | 0/1 [00:00<?, ?s/it]
Predicting DataLoader 0: 100%|██████████| 1/1 [00:22<00:00, 22.73s/it]
Predicting DataLoader 0: 100%|██████████| 1/1 [00:22<00:00, 22.79s/it][93m [WARNING] [0m Please pip install nvidia-cutlass
[93m [WARNING] [0m Please pip install nvidia-cutlass
[93m [WARNING] [0m Please pip install nvidia-cutlass
[93m [WARNING] [0m Please pip install nvidia-cutlass
[93m [WARNING] [0m Please pip install nvidia-cutlass
[93m [WARNING] [0m Please pip install nvidia-cutlass
[93m [WARNING] [0m Please pip install nvidia-cutlass
[93m [WARNING] [0m Please pip install nvidia-cutlass
[93m [WARNING] [0m Please pip install nvidia-cutlass
[93m [WARNING] [0m Please pip install nvidia-cutlass


==================================================
    PREDICTION SUMMARY (COMPLETE)    
==================================================
Total Queries Processed: 1
  - Successful Queries:  1
  - Failed Queries:      0
==================================================

Removing empty log directory...

GPU available: True (cuda), used: True
TPU available: False, using: 0 TPU cores
💡 Tip: For seamless cloud logging and experiment tracking, try installing [litlogger](https://pypi.org/project/litlogger/) to enable LitLogger, which logs metrics and artifacts automatically to the Lightning Experiments platform.
💡 Tip: For seamless cloud uploads and versioning, try installing [litmodels](https://pypi.org/project/litmodels/) to enable LitModelCheckpoint, which syncs automatically with the Lightning model registry.
WARNING:openfold3.core.data.tools.colabfold_msa_server:Using output directory: /tmp/of3-of-root/msa-root-20261009T162458121386Z-1a61a6ab for ColabFold MSAs.

  0%|          | 0/150 [elapsed: 00:00 remaining: ?]
SUBMIT:   0%|          | 0/150 [elapsed: 00:00 remaining: ?]
COMPLETE:   0%|          | 0/150 [elapsed: 00:00 remaining: ?]
COMPLETE: 100%|██████████| 150/150 [elapsed: 00:00 remaining: 00:00]
COMPLETE: 100%|██████████| 150/150 [elapsed: 00:01 remaining: 00:00]
/opt/openfold3/openfold3/core/data/tools/colabfold_msa_server.py:401: DeprecationWarning: Python 3.14 will, by default, filter extracted tar archives and reject files or modify their metadata. Use the filter argument to control this behavior.
  tar_gz.extractall(path)
WARNING:openfold3.core.data.tools.colabfold_msa_server:Colabfold returned no templates. Proceeding without template alignments for this batch.
LOCAL_RANK: 0 - CUDA_VISIBLE_DEVICES: [0]
Seed set to 42
/opt/conda/envs/openfold3/lib/python3.12/site-packages/torch/autograd/function.py:575: UserWarning: OpenFold3 Triton evoformer kernel is running on a non-HIP backend with default, untuned Triton config (AMD MFMA / waves_per_eu tunings disabled). Correctness holds; performance is not tuned for this backend.
  return super().apply(*args, **kwargs)  # type: ignore[misc]
/opt/conda/envs/openfold3/lib/python3.12/site-packages/torch/autograd/function.py:575: UserWarning: OpenFold3 Triton evoformer kernel is running on a non-HIP backend with default, untuned Triton config (AMD MFMA / waves_per_eu tunings disabled). Correctness holds; performance is not tuned for this backend.
  return super().apply(*args, **kwargs)  # type: ignore[misc]
/opt/conda/envs/openfold3/lib/python3.12/site-packages/torch/autograd/function.py:575: UserWarning: OpenFold3 Triton evoformer kernel is running on a non-HIP backend with default, untuned Triton config (AMD MFMA / waves_per_eu tunings disabled). Correctness holds; performance is not tuned for this backend.
  return super().apply(*args, **kwargs)  # type: ignore[misc]
/opt/conda/envs/openfold3/lib/python3.12/site-packages/torch/autograd/function.py:575: UserWarning: OpenFold3 Triton evoformer kernel is running on a non-HIP backend with default, untuned Triton config (AMD MFMA / waves_per_eu tunings disabled). Correctness holds; performance is not tuned for this backend.
  return super().apply(*args, **kwargs)  # type: ignore[misc]
/opt/conda/envs/openfold3/lib/python3.12/site-packages/torch/autograd/function.py:575: UserWarning: OpenFold3 Triton evoformer kernel is running on a non-HIP backend with default, untuned Triton config (AMD MFMA / waves_per_eu tunings disabled). Correctness holds; performance is not tuned for this backend.
  return super().apply(*args, **kwargs)  # type: ignore[misc]
/opt/conda/envs/openfold3/lib/python3.12/site-packages/torch/autograd/function.py:575: UserWarning: OpenFold3 Triton evoformer kernel is running on a non-HIP backend with default, untuned Triton config (AMD MFMA / waves_per_eu tunings disabled). Correctness holds; performance is not tuned for this backend.
  return super().apply(*args, **kwargs)  # type: ignore[misc]
/opt/conda/envs/openfold3/lib/python3.12/site-packages/torch/autograd/function.py:575: UserWarning: OpenFold3 Triton evoformer kernel is running on a non-HIP backend with default, untuned Triton config (AMD MFMA / waves_per_eu tunings disabled). Correctness holds; performance is not tuned for this backend.
  return super().apply(*args, **kwargs)  # type: ignore[misc]
/opt/conda/envs/openfold3/lib/python3.12/site-packages/torch/autograd/function.py:575: UserWarning: OpenFold3 Triton evoformer kernel is running on a non-HIP backend with default, untuned Triton config (AMD MFMA / waves_per_eu tunings disabled). Correctness holds; performance is not tuned for this backend.
  return super().apply(*args, **kwargs)  # type: ignore[misc]
/opt/conda/envs/openfold3/lib/python3.12/site-packages/biotite/structure/io/pdbx/convert.py:1024: DeprecationWarning: `include_bonds` parameter is deprecated, intra-residue are always written, if available
  warnings.warn(
/opt/conda/envs/openfold3/lib/python3.12/tempfile.py:940: ResourceWarning: Implicitly cleaning up <TemporaryDirectory '/tmp/tmpijym7yin'>
  _warnings.warn(warn_message, ResourceWarning)

wrote outputs/ox2_orig_f8_apo/experiment_config.json
wrote outputs/ox2_orig_f8_apo/inference_query_set.json
wrote outputs/ox2_orig_f8_apo/model_config.json
wrote outputs/ox2_orig_f8_apo/summary.txt
wrote outputs/ox2_orig_f8_apo/msas/msa-root-20261009T162458121386Z-1a61a6ab/main/8fc4b0c2820f055086b9e8fdabafb5c223524e86e51d1f759ccd122f306fa1bf.npz
wrote outputs/ox2_orig_f8_apo/msas/msa-root-20261009T162458121386Z-1a61a6ab/mappings/README.md
wrote outputs/ox2_orig_f8_apo/msas/msa-root-20261009T162458121386Z-1a61a6ab/mappings/chain_id_to_rep_id.json
wrote outputs/ox2_orig_f8_apo/msas/msa-root-20261009T162458121386Z-1a61a6ab/mappings/query_name_to_complex_id.json
wrote outputs/ox2_orig_f8_apo/msas/msa-root-20261009T162458121386Z-1a61a6ab/mappings/rep_id_to_seq.json
wrote outputs/ox2_orig_f8_apo/msas/msa-root-20261009T162458121386Z-1a61a6ab/mappings/seq_to_rep_id.json
wrote outputs/ox2_orig_f8_apo/msas/raw/msa-root-20261009T162458121386Z-1a61a6ab/main/bfd.mgnify30.metaeuk30.smag30.a3m
wrote outputs/ox2_orig_f8_apo/msas/raw/msa-root-20261009T162458121386Z-1a61a6ab/main/msa.sh
wrote outputs/ox2_orig_f8_apo/msas/raw/msa-root-20261009T162458121386Z-1a61a6ab/main/out.tar.gz
wrote outputs/ox2_orig_f8_apo/msas/raw/msa-root-20261009T162458121386Z-1a61a6ab/main/pdb70.m8
wrote outputs/ox2_orig_f8_apo/msas/raw/msa-root-20261009T162458121386Z-1a61a6ab/main/uniref.a3m
wrote outputs/ox2_orig_f8_apo/ox2_orig_f8_apo/seed_42/ox2_orig_f8_apo_seed_42_sample_1_confidences.json
wrote outputs/ox2_orig_f8_apo/ox2_orig_f8_apo/seed_42/ox2_orig_f8_apo_seed_42_sample_1_confidences_aggregated.json
wrote outputs/ox2_orig_f8_apo/ox2_orig_f8_apo/seed_42/ox2_orig_f8_apo_seed_42_sample_1_model.cif
wrote outputs/ox2_orig_f8_apo/ox2_orig_f8_apo/seed_42/ox2_orig_f8_apo_seed_42_sample_2_confidences.json
wrote outputs/ox2_orig_f8_apo/ox2_orig_f8_apo/seed_42/ox2_orig_f8_apo_seed_42_sample_2_confidences_aggregated.json
wrote outputs/ox2_orig_f8_apo/ox2_orig_f8_apo/seed_42/ox2_orig_f8_apo_seed_42_sample_2_model.cif
wrote outputs/ox2_orig_f8_apo/ox2_orig_f8_apo/seed_42/ox2_orig_f8_apo_seed_42_sample_3_confidences.json
wrote outputs/ox2_orig_f8_apo/ox2_orig_f8_apo/seed_42/ox2_orig_f8_apo_seed_42_sample_3_confidences_aggregated.json
wrote outputs/ox2_orig_f8_apo/ox2_orig_f8_apo/seed_42/ox2_orig_f8_apo_seed_42_sample_3_model.cif
wrote outputs/ox2_orig_f8_apo/ox2_orig_f8_apo/seed_42/ox2_orig_f8_apo_seed_42_sample_4_confidences.json
wrote outputs/ox2_orig_f8_apo/ox2_orig_f8_apo/seed_42/ox2_orig_f8_apo_seed_42_sample_4_confidences_aggregated.json
wrote outputs/ox2_orig_f8_apo/ox2_orig_f8_apo/seed_42/ox2_orig_f8_apo_seed_42_sample_4_model.cif
wrote outputs/ox2_orig_f8_apo/ox2_orig_f8_apo/seed_42/ox2_orig_f8_apo_seed_42_sample_5_confidences.json
wrote outputs/ox2_orig_f8_apo/ox2_orig_f8_apo/seed_42/ox2_orig_f8_apo_seed_42_sample_5_confidences_aggregated.json
wrote outputs/ox2_orig_f8_apo/ox2_orig_f8_apo/seed_42/ox2_orig_f8_apo_seed_42_sample_5_model.cif
wrote outputs/ox2_orig_f8_apo/ox2_orig_f8_apo/seed_42/timing.json
interface scores unavailable (need at least two chains for interface scores)
Stopping app - local entrypoint completed.
✓ App completed. View run at 
https://modal.com/apps/mauriciocafiero/main/ap-8vofNl4YKuWPVVLfn9K2LH
wrote /Users/cafierom/python_mac/peptidebuilder/runs/oxybenzone/folds/of3apo/ox2_orig_f8.pdb
--- of3apo oxybenzone/ox2_orig_f8 exit 0, converted (17:25:54)
=== of3apo oxybenzone/ox2_shuffle_esm0 (17:25:59)
✓ Initialized. View run at 
https://modal.com/apps/mauriciocafiero/main/ap-zaBzwnkWAaKklHk66aQSKu
✓ Created objects.
├── 🔨 Created mount /Users/cafierom/python_mac/fold/src/fold/app.py
├── 🔨 Created mount PythonPackage:fold
└── 🔨 Created function predict.
submitting ox2_shuffle_esm0_apo on A10G ...

==========
== CUDA ==
==========

CUDA Version 12.1.1

Container image Copyright (c) 2016-2023, NVIDIA CORPORATION & AFFILIATES. All rights reserved.

This container image and its contents are governed by the NVIDIA Deep Learning Container License.
By pulling and using the container, you accept the terms and conditions of this license:
https://developer.nvidia.com/ngc/nvidia-deep-learning-container-license

A copy of this license is made available in this container at /NGC-DL-CONTAINER-LICENSE for your convenience.

weights already cached at /cache/of3-ob-2025-06-30-174k.pt (2287872989 bytes)
running: run_openfold predict --query_json=/tmp/ox2_shuffle_esm0_apo_query.json --output_dir=/outputs/ox2_shuffle_esm0_apo --inference_ckpt_path=/cache/of3-ob-2025-06-30-174k.pt --use_msa_server=true --use_templates=false
[93m [WARNING] [0m Please pip install nvidia-cutlass
Submitting 1 sequences to the Colabfold MSA server for main MSAs...
No complexes found for paired MSA generation. Skipping...

Predicting: |          | 0/? [00:00<?, ?s/it]
Predicting: |          | 0/? [00:00<?, ?s/it]
Predicting DataLoader 0:   0%|          | 0/1 [00:00<?, ?s/it]
Predicting DataLoader 0: 100%|██████████| 1/1 [00:23<00:00, 23.42s/it]
Predicting DataLoader 0: 100%|██████████| 1/1 [00:23<00:00, 23.50s/it][93m [WARNING] [0m Please pip install nvidia-cutlass
[93m [WARNING] [0m Please pip install nvidia-cutlass
[93m [WARNING] [0m Please pip install nvidia-cutlass
[93m [WARNING] [0m Please pip install nvidia-cutlass
[93m [WARNING] [0m Please pip install nvidia-cutlass
[93m [WARNING] [0m Please pip install nvidia-cutlass
[93m [WARNING] [0m Please pip install nvidia-cutlass
[93m [WARNING] [0m Please pip install nvidia-cutlass
[93m [WARNING] [0m Please pip install nvidia-cutlass
[93m [WARNING] [0m Please pip install nvidia-cutlass


==================================================
    PREDICTION SUMMARY (COMPLETE)    
==================================================
Total Queries Processed: 1
  - Successful Queries:  1
  - Failed Queries:      0
==================================================

Removing empty log directory...

GPU available: True (cuda), used: True
TPU available: False, using: 0 TPU cores
💡 Tip: For seamless cloud logging and experiment tracking, try installing [litlogger](https://pypi.org/project/litlogger/) to enable LitLogger, which logs metrics and artifacts automatically to the Lightning Experiments platform.
💡 Tip: For seamless cloud uploads and versioning, try installing [litmodels](https://pypi.org/project/litmodels/) to enable LitModelCheckpoint, which syncs automatically with the Lightning model registry.
WARNING:openfold3.core.data.tools.colabfold_msa_server:Using output directory: /tmp/of3-of-root/msa-root-20261009T162624807865Z-e758c33f for ColabFold MSAs.

  0%|          | 0/150 [elapsed: 00:00 remaining: ?]
SUBMIT:   0%|          | 0/150 [elapsed: 00:00 remaining: ?]
COMPLETE:   0%|          | 0/150 [elapsed: 00:00 remaining: ?]
COMPLETE: 100%|██████████| 150/150 [elapsed: 00:00 remaining: 00:00]
COMPLETE: 100%|██████████| 150/150 [elapsed: 00:01 remaining: 00:00]
/opt/openfold3/openfold3/core/data/tools/colabfold_msa_server.py:401: DeprecationWarning: Python 3.14 will, by default, filter extracted tar archives and reject files or modify their metadata. Use the filter argument to control this behavior.
  tar_gz.extractall(path)
WARNING:openfold3.core.data.tools.colabfold_msa_server:Colabfold returned no templates. Proceeding without template alignments for this batch.
LOCAL_RANK: 0 - CUDA_VISIBLE_DEVICES: [0]
Seed set to 42
/opt/conda/envs/openfold3/lib/python3.12/site-packages/torch/autograd/function.py:575: UserWarning: OpenFold3 Triton evoformer kernel is running on a non-HIP backend with default, untuned Triton config (AMD MFMA / waves_per_eu tunings disabled). Correctness holds; performance is not tuned for this backend.
  return super().apply(*args, **kwargs)  # type: ignore[misc]
/opt/conda/envs/openfold3/lib/python3.12/site-packages/torch/autograd/function.py:575: UserWarning: OpenFold3 Triton evoformer kernel is running on a non-HIP backend with default, untuned Triton config (AMD MFMA / waves_per_eu tunings disabled). Correctness holds; performance is not tuned for this backend.
  return super().apply(*args, **kwargs)  # type: ignore[misc]
/opt/conda/envs/openfold3/lib/python3.12/site-packages/torch/autograd/function.py:575: UserWarning: OpenFold3 Triton evoformer kernel is running on a non-HIP backend with default, untuned Triton config (AMD MFMA / waves_per_eu tunings disabled). Correctness holds; performance is not tuned for this backend.
  return super().apply(*args, **kwargs)  # type: ignore[misc]
/opt/conda/envs/openfold3/lib/python3.12/site-packages/torch/autograd/function.py:575: UserWarning: OpenFold3 Triton evoformer kernel is running on a non-HIP backend with default, untuned Triton config (AMD MFMA / waves_per_eu tunings disabled). Correctness holds; performance is not tuned for this backend.
  return super().apply(*args, **kwargs)  # type: ignore[misc]
/opt/conda/envs/openfold3/lib/python3.12/site-packages/torch/autograd/function.py:575: UserWarning: OpenFold3 Triton evoformer kernel is running on a non-HIP backend with default, untuned Triton config (AMD MFMA / waves_per_eu tunings disabled). Correctness holds; performance is not tuned for this backend.
  return super().apply(*args, **kwargs)  # type: ignore[misc]
/opt/conda/envs/openfold3/lib/python3.12/site-packages/torch/autograd/function.py:575: UserWarning: OpenFold3 Triton evoformer kernel is running on a non-HIP backend with default, untuned Triton config (AMD MFMA / waves_per_eu tunings disabled). Correctness holds; performance is not tuned for this backend.
  return super().apply(*args, **kwargs)  # type: ignore[misc]
/opt/conda/envs/openfold3/lib/python3.12/site-packages/torch/autograd/function.py:575: UserWarning: OpenFold3 Triton evoformer kernel is running on a non-HIP backend with default, untuned Triton config (AMD MFMA / waves_per_eu tunings disabled). Correctness holds; performance is not tuned for this backend.
  return super().apply(*args, **kwargs)  # type: ignore[misc]
/opt/conda/envs/openfold3/lib/python3.12/site-packages/torch/autograd/function.py:575: UserWarning: OpenFold3 Triton evoformer kernel is running on a non-HIP backend with default, untuned Triton config (AMD MFMA / waves_per_eu tunings disabled). Correctness holds; performance is not tuned for this backend.
  return super().apply(*args, **kwargs)  # type: ignore[misc]
/opt/conda/envs/openfold3/lib/python3.12/site-packages/biotite/structure/io/pdbx/convert.py:1024: DeprecationWarning: `include_bonds` parameter is deprecated, intra-residue are always written, if available
  warnings.warn(
/opt/conda/envs/openfold3/lib/python3.12/tempfile.py:940: ResourceWarning: Implicitly cleaning up <TemporaryDirectory '/tmp/tmpx6ta6mo_'>
  _warnings.warn(warn_message, ResourceWarning)

wrote outputs/ox2_shuffle_esm0_apo/experiment_config.json
wrote outputs/ox2_shuffle_esm0_apo/inference_query_set.json
wrote outputs/ox2_shuffle_esm0_apo/model_config.json
wrote outputs/ox2_shuffle_esm0_apo/summary.txt
wrote outputs/ox2_shuffle_esm0_apo/msas/msa-root-20261009T162624807865Z-e758c33f/main/b8caa4321e13958096cac4725e5aa2263bd33ea66e6a1914be927efd1ecbd196.npz
wrote outputs/ox2_shuffle_esm0_apo/msas/msa-root-20261009T162624807865Z-e758c33f/mappings/README.md
wrote outputs/ox2_shuffle_esm0_apo/msas/msa-root-20261009T162624807865Z-e758c33f/mappings/chain_id_to_rep_id.json
wrote outputs/ox2_shuffle_esm0_apo/msas/msa-root-20261009T162624807865Z-e758c33f/mappings/query_name_to_complex_id.json
wrote outputs/ox2_shuffle_esm0_apo/msas/msa-root-20261009T162624807865Z-e758c33f/mappings/rep_id_to_seq.json
wrote outputs/ox2_shuffle_esm0_apo/msas/msa-root-20261009T162624807865Z-e758c33f/mappings/seq_to_rep_id.json
wrote outputs/ox2_shuffle_esm0_apo/msas/raw/msa-root-20261009T162624807865Z-e758c33f/main/bfd.mgnify30.metaeuk30.smag30.a3m
wrote outputs/ox2_shuffle_esm0_apo/msas/raw/msa-root-20261009T162624807865Z-e758c33f/main/msa.sh
wrote outputs/ox2_shuffle_esm0_apo/msas/raw/msa-root-20261009T162624807865Z-e758c33f/main/out.tar.gz
wrote outputs/ox2_shuffle_esm0_apo/msas/raw/msa-root-20261009T162624807865Z-e758c33f/main/pdb70.m8
wrote outputs/ox2_shuffle_esm0_apo/msas/raw/msa-root-20261009T162624807865Z-e758c33f/main/uniref.a3m
wrote outputs/ox2_shuffle_esm0_apo/ox2_shuffle_esm0_apo/seed_42/ox2_shuffle_esm0_apo_seed_42_sample_1_confidences.json
wrote outputs/ox2_shuffle_esm0_apo/ox2_shuffle_esm0_apo/seed_42/ox2_shuffle_esm0_apo_seed_42_sample_1_confidences_aggregated.json
wrote outputs/ox2_shuffle_esm0_apo/ox2_shuffle_esm0_apo/seed_42/ox2_shuffle_esm0_apo_seed_42_sample_1_model.cif
wrote outputs/ox2_shuffle_esm0_apo/ox2_shuffle_esm0_apo/seed_42/ox2_shuffle_esm0_apo_seed_42_sample_2_confidences.json
wrote outputs/ox2_shuffle_esm0_apo/ox2_shuffle_esm0_apo/seed_42/ox2_shuffle_esm0_apo_seed_42_sample_2_confidences_aggregated.json
wrote outputs/ox2_shuffle_esm0_apo/ox2_shuffle_esm0_apo/seed_42/ox2_shuffle_esm0_apo_seed_42_sample_2_model.cif
wrote outputs/ox2_shuffle_esm0_apo/ox2_shuffle_esm0_apo/seed_42/ox2_shuffle_esm0_apo_seed_42_sample_3_confidences.json
wrote outputs/ox2_shuffle_esm0_apo/ox2_shuffle_esm0_apo/seed_42/ox2_shuffle_esm0_apo_seed_42_sample_3_confidences_aggregated.json
wrote outputs/ox2_shuffle_esm0_apo/ox2_shuffle_esm0_apo/seed_42/ox2_shuffle_esm0_apo_seed_42_sample_3_model.cif
wrote outputs/ox2_shuffle_esm0_apo/ox2_shuffle_esm0_apo/seed_42/ox2_shuffle_esm0_apo_seed_42_sample_4_confidences.json
wrote outputs/ox2_shuffle_esm0_apo/ox2_shuffle_esm0_apo/seed_42/ox2_shuffle_esm0_apo_seed_42_sample_4_confidences_aggregated.json
wrote outputs/ox2_shuffle_esm0_apo/ox2_shuffle_esm0_apo/seed_42/ox2_shuffle_esm0_apo_seed_42_sample_4_model.cif
wrote outputs/ox2_shuffle_esm0_apo/ox2_shuffle_esm0_apo/seed_42/ox2_shuffle_esm0_apo_seed_42_sample_5_confidences.json
wrote outputs/ox2_shuffle_esm0_apo/ox2_shuffle_esm0_apo/seed_42/ox2_shuffle_esm0_apo_seed_42_sample_5_confidences_aggregated.json
wrote outputs/ox2_shuffle_esm0_apo/ox2_shuffle_esm0_apo/seed_42/ox2_shuffle_esm0_apo_seed_42_sample_5_model.cif
wrote outputs/ox2_shuffle_esm0_apo/ox2_shuffle_esm0_apo/seed_42/timing.json
interface scores unavailable (need at least two chains for interface scores)
Stopping app - local entrypoint completed.
✓ App completed. View run at 
https://modal.com/apps/mauriciocafiero/main/ap-zaBzwnkWAaKklHk66aQSKu
wrote /Users/cafierom/python_mac/peptidebuilder/runs/oxybenzone/folds/of3apo/ox2_shuffle_esm0.pdb
--- of3apo oxybenzone/ox2_shuffle_esm0 exit 0, converted (17:27:25)
=== of3apo oxybenzone/ox2_shuffle (17:27:30)
✓ Initialized. View run at 
https://modal.com/apps/mauriciocafiero/main/ap-ymzwCibXdGLE02qBOqeaTH
✓ Created objects.
├── 🔨 Created mount /Users/cafierom/python_mac/fold/src/fold/app.py
├── 🔨 Created mount PythonPackage:fold
└── 🔨 Created function predict.
submitting ox2_shuffle_apo on A10G ...

==========
== CUDA ==
==========

CUDA Version 12.1.1

Container image Copyright (c) 2016-2023, NVIDIA CORPORATION & AFFILIATES. All rights reserved.

This container image and its contents are governed by the NVIDIA Deep Learning Container License.
By pulling and using the container, you accept the terms and conditions of this license:
https://developer.nvidia.com/ngc/nvidia-deep-learning-container-license

A copy of this license is made available in this container at /NGC-DL-CONTAINER-LICENSE for your convenience.

weights already cached at /cache/of3-ob-2025-06-30-174k.pt (2287872989 bytes)
running: run_openfold predict --query_json=/tmp/ox2_shuffle_apo_query.json --output_dir=/outputs/ox2_shuffle_apo --inference_ckpt_path=/cache/of3-ob-2025-06-30-174k.pt --use_msa_server=true --use_templates=false
[93m [WARNING] [0m Please pip install nvidia-cutlass
Submitting 1 sequences to the Colabfold MSA server for main MSAs...
No complexes found for paired MSA generation. Skipping...

Predicting: |          | 0/? [00:00<?, ?s/it]
Predicting: |          | 0/? [00:00<?, ?s/it]
Predicting DataLoader 0:   0%|          | 0/1 [00:00<?, ?s/it]
Predicting DataLoader 0: 100%|██████████| 1/1 [00:23<00:00, 23.26s/it]
Predicting DataLoader 0: 100%|██████████| 1/1 [00:23<00:00, 23.33s/it][93m [WARNING] [0m Please pip install nvidia-cutlass
[93m [WARNING] [0m Please pip install nvidia-cutlass
[93m [WARNING] [0m Please pip install nvidia-cutlass
[93m [WARNING] [0m Please pip install nvidia-cutlass
[93m [WARNING] [0m Please pip install nvidia-cutlass
[93m [WARNING] [0m Please pip install nvidia-cutlass
[93m [WARNING] [0m Please pip install nvidia-cutlass
[93m [WARNING] [0m Please pip install nvidia-cutlass
[93m [WARNING] [0m Please pip install nvidia-cutlass
[93m [WARNING] [0m Please pip install nvidia-cutlass


==================================================
    PREDICTION SUMMARY (COMPLETE)    
==================================================
Total Queries Processed: 1
  - Successful Queries:  1
  - Failed Queries:      0
==================================================

Removing empty log directory...

GPU available: True (cuda), used: True
TPU available: False, using: 0 TPU cores
💡 Tip: For seamless cloud logging and experiment tracking, try installing [litlogger](https://pypi.org/project/litlogger/) to enable LitLogger, which logs metrics and artifacts automatically to the Lightning Experiments platform.
💡 Tip: For seamless cloud uploads and versioning, try installing [litmodels](https://pypi.org/project/litmodels/) to enable LitModelCheckpoint, which syncs automatically with the Lightning model registry.
WARNING:openfold3.core.data.tools.colabfold_msa_server:Using output directory: /tmp/of3-of-root/msa-root-20261009T162748543194Z-8186b156 for ColabFold MSAs.

  0%|          | 0/150 [elapsed: 00:00 remaining: ?]
SUBMIT:   0%|          | 0/150 [elapsed: 00:00 remaining: ?]
COMPLETE:   0%|          | 0/150 [elapsed: 00:00 remaining: ?]
COMPLETE: 100%|██████████| 150/150 [elapsed: 00:00 remaining: 00:00]
COMPLETE: 100%|██████████| 150/150 [elapsed: 00:01 remaining: 00:00]
/opt/openfold3/openfold3/core/data/tools/colabfold_msa_server.py:401: DeprecationWarning: Python 3.14 will, by default, filter extracted tar archives and reject files or modify their metadata. Use the filter argument to control this behavior.
  tar_gz.extractall(path)
WARNING:openfold3.core.data.tools.colabfold_msa_server:Colabfold returned no templates. Proceeding without template alignments for this batch.
LOCAL_RANK: 0 - CUDA_VISIBLE_DEVICES: [0]
Seed set to 42
/opt/conda/envs/openfold3/lib/python3.12/site-packages/torch/autograd/function.py:575: UserWarning: OpenFold3 Triton evoformer kernel is running on a non-HIP backend with default, untuned Triton config (AMD MFMA / waves_per_eu tunings disabled). Correctness holds; performance is not tuned for this backend.
  return super().apply(*args, **kwargs)  # type: ignore[misc]
/opt/conda/envs/openfold3/lib/python3.12/site-packages/torch/autograd/function.py:575: UserWarning: OpenFold3 Triton evoformer kernel is running on a non-HIP backend with default, untuned Triton config (AMD MFMA / waves_per_eu tunings disabled). Correctness holds; performance is not tuned for this backend.
  return super().apply(*args, **kwargs)  # type: ignore[misc]
/opt/conda/envs/openfold3/lib/python3.12/site-packages/torch/autograd/function.py:575: UserWarning: OpenFold3 Triton evoformer kernel is running on a non-HIP backend with default, untuned Triton config (AMD MFMA / waves_per_eu tunings disabled). Correctness holds; performance is not tuned for this backend.
  return super().apply(*args, **kwargs)  # type: ignore[misc]
/opt/conda/envs/openfold3/lib/python3.12/site-packages/torch/autograd/function.py:575: UserWarning: OpenFold3 Triton evoformer kernel is running on a non-HIP backend with default, untuned Triton config (AMD MFMA / waves_per_eu tunings disabled). Correctness holds; performance is not tuned for this backend.
  return super().apply(*args, **kwargs)  # type: ignore[misc]
/opt/conda/envs/openfold3/lib/python3.12/site-packages/torch/autograd/function.py:575: UserWarning: OpenFold3 Triton evoformer kernel is running on a non-HIP backend with default, untuned Triton config (AMD MFMA / waves_per_eu tunings disabled). Correctness holds; performance is not tuned for this backend.
  return super().apply(*args, **kwargs)  # type: ignore[misc]
/opt/conda/envs/openfold3/lib/python3.12/site-packages/torch/autograd/function.py:575: UserWarning: OpenFold3 Triton evoformer kernel is running on a non-HIP backend with default, untuned Triton config (AMD MFMA / waves_per_eu tunings disabled). Correctness holds; performance is not tuned for this backend.
  return super().apply(*args, **kwargs)  # type: ignore[misc]
/opt/conda/envs/openfold3/lib/python3.12/site-packages/torch/autograd/function.py:575: UserWarning: OpenFold3 Triton evoformer kernel is running on a non-HIP backend with default, untuned Triton config (AMD MFMA / waves_per_eu tunings disabled). Correctness holds; performance is not tuned for this backend.
  return super().apply(*args, **kwargs)  # type: ignore[misc]
/opt/conda/envs/openfold3/lib/python3.12/site-packages/torch/autograd/function.py:575: UserWarning: OpenFold3 Triton evoformer kernel is running on a non-HIP backend with default, untuned Triton config (AMD MFMA / waves_per_eu tunings disabled). Correctness holds; performance is not tuned for this backend.
  return super().apply(*args, **kwargs)  # type: ignore[misc]
/opt/conda/envs/openfold3/lib/python3.12/site-packages/biotite/structure/io/pdbx/convert.py:1024: DeprecationWarning: `include_bonds` parameter is deprecated, intra-residue are always written, if available
  warnings.warn(
/opt/conda/envs/openfold3/lib/python3.12/tempfile.py:940: ResourceWarning: Implicitly cleaning up <TemporaryDirectory '/tmp/tmpbiqjoh9c'>
  _warnings.warn(warn_message, ResourceWarning)

wrote outputs/ox2_shuffle_apo/experiment_config.json
wrote outputs/ox2_shuffle_apo/inference_query_set.json
wrote outputs/ox2_shuffle_apo/model_config.json
wrote outputs/ox2_shuffle_apo/summary.txt
wrote outputs/ox2_shuffle_apo/msas/msa-root-20261009T162748543194Z-8186b156/main/5d87542e749dd9704801492b3f6a483571d62ade1177eedf83bbc17a4dc6bce0.npz
wrote outputs/ox2_shuffle_apo/msas/msa-root-20261009T162748543194Z-8186b156/mappings/README.md
wrote outputs/ox2_shuffle_apo/msas/msa-root-20261009T162748543194Z-8186b156/mappings/chain_id_to_rep_id.json
wrote outputs/ox2_shuffle_apo/msas/msa-root-20261009T162748543194Z-8186b156/mappings/query_name_to_complex_id.json
wrote outputs/ox2_shuffle_apo/msas/msa-root-20261009T162748543194Z-8186b156/mappings/rep_id_to_seq.json
wrote outputs/ox2_shuffle_apo/msas/msa-root-20261009T162748543194Z-8186b156/mappings/seq_to_rep_id.json
wrote outputs/ox2_shuffle_apo/msas/raw/msa-root-20261009T162748543194Z-8186b156/main/bfd.mgnify30.metaeuk30.smag30.a3m
wrote outputs/ox2_shuffle_apo/msas/raw/msa-root-20261009T162748543194Z-8186b156/main/msa.sh
wrote outputs/ox2_shuffle_apo/msas/raw/msa-root-20261009T162748543194Z-8186b156/main/out.tar.gz
wrote outputs/ox2_shuffle_apo/msas/raw/msa-root-20261009T162748543194Z-8186b156/main/pdb70.m8
wrote outputs/ox2_shuffle_apo/msas/raw/msa-root-20261009T162748543194Z-8186b156/main/uniref.a3m
wrote outputs/ox2_shuffle_apo/ox2_shuffle_apo/seed_42/ox2_shuffle_apo_seed_42_sample_1_confidences.json
wrote outputs/ox2_shuffle_apo/ox2_shuffle_apo/seed_42/ox2_shuffle_apo_seed_42_sample_1_confidences_aggregated.json
wrote outputs/ox2_shuffle_apo/ox2_shuffle_apo/seed_42/ox2_shuffle_apo_seed_42_sample_1_model.cif
wrote outputs/ox2_shuffle_apo/ox2_shuffle_apo/seed_42/ox2_shuffle_apo_seed_42_sample_2_confidences.json
wrote outputs/ox2_shuffle_apo/ox2_shuffle_apo/seed_42/ox2_shuffle_apo_seed_42_sample_2_confidences_aggregated.json
wrote outputs/ox2_shuffle_apo/ox2_shuffle_apo/seed_42/ox2_shuffle_apo_seed_42_sample_2_model.cif
wrote outputs/ox2_shuffle_apo/ox2_shuffle_apo/seed_42/ox2_shuffle_apo_seed_42_sample_3_confidences.json
wrote outputs/ox2_shuffle_apo/ox2_shuffle_apo/seed_42/ox2_shuffle_apo_seed_42_sample_3_confidences_aggregated.json
wrote outputs/ox2_shuffle_apo/ox2_shuffle_apo/seed_42/ox2_shuffle_apo_seed_42_sample_3_model.cif
wrote outputs/ox2_shuffle_apo/ox2_shuffle_apo/seed_42/ox2_shuffle_apo_seed_42_sample_4_confidences.json
wrote outputs/ox2_shuffle_apo/ox2_shuffle_apo/seed_42/ox2_shuffle_apo_seed_42_sample_4_confidences_aggregated.json
wrote outputs/ox2_shuffle_apo/ox2_shuffle_apo/seed_42/ox2_shuffle_apo_seed_42_sample_4_model.cif
wrote outputs/ox2_shuffle_apo/ox2_shuffle_apo/seed_42/ox2_shuffle_apo_seed_42_sample_5_confidences.json
wrote outputs/ox2_shuffle_apo/ox2_shuffle_apo/seed_42/ox2_shuffle_apo_seed_42_sample_5_confidences_aggregated.json
wrote outputs/ox2_shuffle_apo/ox2_shuffle_apo/seed_42/ox2_shuffle_apo_seed_42_sample_5_model.cif
wrote outputs/ox2_shuffle_apo/ox2_shuffle_apo/seed_42/timing.json
interface scores unavailable (need at least two chains for interface scores)
Stopping app - local entrypoint completed.
✓ App completed. View run at 
https://modal.com/apps/mauriciocafiero/main/ap-ymzwCibXdGLE02qBOqeaTH
wrote /Users/cafierom/python_mac/peptidebuilder/runs/oxybenzone/folds/of3apo/ox2_shuffle.pdb
--- of3apo oxybenzone/ox2_shuffle exit 0, converted (17:28:43)
=== of3apo oxybenzone/ox3_orig_f8 (17:28:48)
✓ Initialized. View run at 
https://modal.com/apps/mauriciocafiero/main/ap-Av2RbkyMtNJZMeIJfFI5NT
✓ Created objects.
├── 🔨 Created mount /Users/cafierom/python_mac/fold/src/fold/app.py
├── 🔨 Created mount PythonPackage:fold
└── 🔨 Created function predict.
submitting ox3_orig_f8_apo on A10G ...

==========
== CUDA ==
==========

CUDA Version 12.1.1

Container image Copyright (c) 2016-2023, NVIDIA CORPORATION & AFFILIATES. All rights reserved.

This container image and its contents are governed by the NVIDIA Deep Learning Container License.
By pulling and using the container, you accept the terms and conditions of this license:
https://developer.nvidia.com/ngc/nvidia-deep-learning-container-license

A copy of this license is made available in this container at /NGC-DL-CONTAINER-LICENSE for your convenience.

weights already cached at /cache/of3-ob-2025-06-30-174k.pt (2287872989 bytes)
running: run_openfold predict --query_json=/tmp/ox3_orig_f8_apo_query.json --output_dir=/outputs/ox3_orig_f8_apo --inference_ckpt_path=/cache/of3-ob-2025-06-30-174k.pt --use_msa_server=true --use_templates=false
[93m [WARNING] [0m Please pip install nvidia-cutlass
Submitting 1 sequences to the Colabfold MSA server for main MSAs...
No complexes found for paired MSA generation. Skipping...

Predicting: |          | 0/? [00:00<?, ?s/it]
Predicting: |          | 0/? [00:00<?, ?s/it]
Predicting DataLoader 0:   0%|          | 0/1 [00:00<?, ?s/it]
Predicting DataLoader 0: 100%|██████████| 1/1 [00:19<00:00, 19.59s/it]
Predicting DataLoader 0: 100%|██████████| 1/1 [00:19<00:00, 19.64s/it][93m [WARNING] [0m Please pip install nvidia-cutlass
[93m [WARNING] [0m Please pip install nvidia-cutlass
[93m [WARNING] [0m Please pip install nvidia-cutlass
[93m [WARNING] [0m Please pip install nvidia-cutlass
[93m [WARNING] [0m Please pip install nvidia-cutlass
[93m [WARNING] [0m Please pip install nvidia-cutlass
[93m [WARNING] [0m Please pip install nvidia-cutlass
[93m [WARNING] [0m Please pip install nvidia-cutlass
[93m [WARNING] [0m Please pip install nvidia-cutlass
[93m [WARNING] [0m Please pip install nvidia-cutlass


==================================================
    PREDICTION SUMMARY (COMPLETE)    
==================================================
Total Queries Processed: 1
  - Successful Queries:  1
  - Failed Queries:      0
==================================================

Removing empty log directory...

GPU available: True (cuda), used: True
TPU available: False, using: 0 TPU cores
💡 Tip: For seamless cloud logging and experiment tracking, try installing [litlogger](https://pypi.org/project/litlogger/) to enable LitLogger, which logs metrics and artifacts automatically to the Lightning Experiments platform.
💡 Tip: For seamless cloud uploads and versioning, try installing [litmodels](https://pypi.org/project/litmodels/) to enable LitModelCheckpoint, which syncs automatically with the Lightning model registry.
WARNING:openfold3.core.data.tools.colabfold_msa_server:Using output directory: /tmp/of3-of-root/msa-root-20261009T163005682281Z-aaa350f5 for ColabFold MSAs.

  0%|          | 0/150 [elapsed: 00:00 remaining: ?]
SUBMIT:   0%|          | 0/150 [elapsed: 00:00 remaining: ?]
COMPLETE:   0%|          | 0/150 [elapsed: 00:00 remaining: ?]
COMPLETE: 100%|██████████| 150/150 [elapsed: 00:00 remaining: 00:00]
COMPLETE: 100%|██████████| 150/150 [elapsed: 00:01 remaining: 00:00]
/opt/openfold3/openfold3/core/data/tools/colabfold_msa_server.py:401: DeprecationWarning: Python 3.14 will, by default, filter extracted tar archives and reject files or modify their metadata. Use the filter argument to control this behavior.
  tar_gz.extractall(path)
WARNING:openfold3.core.data.tools.colabfold_msa_server:Colabfold returned no templates. Proceeding without template alignments for this batch.
LOCAL_RANK: 0 - CUDA_VISIBLE_DEVICES: [0]
Seed set to 42
/opt/conda/envs/openfold3/lib/python3.12/site-packages/torch/autograd/function.py:575: UserWarning: OpenFold3 Triton evoformer kernel is running on a non-HIP backend with default, untuned Triton config (AMD MFMA / waves_per_eu tunings disabled). Correctness holds; performance is not tuned for this backend.
  return super().apply(*args, **kwargs)  # type: ignore[misc]
/opt/conda/envs/openfold3/lib/python3.12/site-packages/torch/autograd/function.py:575: UserWarning: OpenFold3 Triton evoformer kernel is running on a non-HIP backend with default, untuned Triton config (AMD MFMA / waves_per_eu tunings disabled). Correctness holds; performance is not tuned for this backend.
  return super().apply(*args, **kwargs)  # type: ignore[misc]
/opt/conda/envs/openfold3/lib/python3.12/site-packages/torch/autograd/function.py:575: UserWarning: OpenFold3 Triton evoformer kernel is running on a non-HIP backend with default, untuned Triton config (AMD MFMA / waves_per_eu tunings disabled). Correctness holds; performance is not tuned for this backend.
  return super().apply(*args, **kwargs)  # type: ignore[misc]
/opt/conda/envs/openfold3/lib/python3.12/site-packages/torch/autograd/function.py:575: UserWarning: OpenFold3 Triton evoformer kernel is running on a non-HIP backend with default, untuned Triton config (AMD MFMA / waves_per_eu tunings disabled). Correctness holds; performance is not tuned for this backend.
  return super().apply(*args, **kwargs)  # type: ignore[misc]
/opt/conda/envs/openfold3/lib/python3.12/site-packages/torch/autograd/function.py:575: UserWarning: OpenFold3 Triton evoformer kernel is running on a non-HIP backend with default, untuned Triton config (AMD MFMA / waves_per_eu tunings disabled). Correctness holds; performance is not tuned for this backend.
  return super().apply(*args, **kwargs)  # type: ignore[misc]
/opt/conda/envs/openfold3/lib/python3.12/site-packages/torch/autograd/function.py:575: UserWarning: OpenFold3 Triton evoformer kernel is running on a non-HIP backend with default, untuned Triton config (AMD MFMA / waves_per_eu tunings disabled). Correctness holds; performance is not tuned for this backend.
  return super().apply(*args, **kwargs)  # type: ignore[misc]
/opt/conda/envs/openfold3/lib/python3.12/site-packages/torch/autograd/function.py:575: UserWarning: OpenFold3 Triton evoformer kernel is running on a non-HIP backend with default, untuned Triton config (AMD MFMA / waves_per_eu tunings disabled). Correctness holds; performance is not tuned for this backend.
  return super().apply(*args, **kwargs)  # type: ignore[misc]
/opt/conda/envs/openfold3/lib/python3.12/site-packages/torch/autograd/function.py:575: UserWarning: OpenFold3 Triton evoformer kernel is running on a non-HIP backend with default, untuned Triton config (AMD MFMA / waves_per_eu tunings disabled). Correctness holds; performance is not tuned for this backend.
  return super().apply(*args, **kwargs)  # type: ignore[misc]
/opt/conda/envs/openfold3/lib/python3.12/site-packages/biotite/structure/io/pdbx/convert.py:1024: DeprecationWarning: `include_bonds` parameter is deprecated, intra-residue are always written, if available
  warnings.warn(
/opt/conda/envs/openfold3/lib/python3.12/tempfile.py:940: ResourceWarning: Implicitly cleaning up <TemporaryDirectory '/tmp/tmpjfmq7ajm'>
  _warnings.warn(warn_message, ResourceWarning)

wrote outputs/ox3_orig_f8_apo/experiment_config.json
wrote outputs/ox3_orig_f8_apo/inference_query_set.json
wrote outputs/ox3_orig_f8_apo/model_config.json
wrote outputs/ox3_orig_f8_apo/summary.txt
wrote outputs/ox3_orig_f8_apo/msas/msa-root-20261009T163005682281Z-aaa350f5/main/6e2e55faa3833f1ca68cb7c7ad1cd18569aa1c4601482588467287070727b077.npz
wrote outputs/ox3_orig_f8_apo/msas/msa-root-20261009T163005682281Z-aaa350f5/mappings/README.md
wrote outputs/ox3_orig_f8_apo/msas/msa-root-20261009T163005682281Z-aaa350f5/mappings/chain_id_to_rep_id.json
wrote outputs/ox3_orig_f8_apo/msas/msa-root-20261009T163005682281Z-aaa350f5/mappings/query_name_to_complex_id.json
wrote outputs/ox3_orig_f8_apo/msas/msa-root-20261009T163005682281Z-aaa350f5/mappings/rep_id_to_seq.json
wrote outputs/ox3_orig_f8_apo/msas/msa-root-20261009T163005682281Z-aaa350f5/mappings/seq_to_rep_id.json
wrote outputs/ox3_orig_f8_apo/msas/raw/msa-root-20261009T163005682281Z-aaa350f5/main/bfd.mgnify30.metaeuk30.smag30.a3m
wrote outputs/ox3_orig_f8_apo/msas/raw/msa-root-20261009T163005682281Z-aaa350f5/main/msa.sh
wrote outputs/ox3_orig_f8_apo/msas/raw/msa-root-20261009T163005682281Z-aaa350f5/main/out.tar.gz
wrote outputs/ox3_orig_f8_apo/msas/raw/msa-root-20261009T163005682281Z-aaa350f5/main/pdb70.m8
wrote outputs/ox3_orig_f8_apo/msas/raw/msa-root-20261009T163005682281Z-aaa350f5/main/uniref.a3m
wrote outputs/ox3_orig_f8_apo/ox3_orig_f8_apo/seed_42/ox3_orig_f8_apo_seed_42_sample_1_confidences.json
wrote outputs/ox3_orig_f8_apo/ox3_orig_f8_apo/seed_42/ox3_orig_f8_apo_seed_42_sample_1_confidences_aggregated.json
wrote outputs/ox3_orig_f8_apo/ox3_orig_f8_apo/seed_42/ox3_orig_f8_apo_seed_42_sample_1_model.cif
wrote outputs/ox3_orig_f8_apo/ox3_orig_f8_apo/seed_42/ox3_orig_f8_apo_seed_42_sample_2_confidences.json
wrote outputs/ox3_orig_f8_apo/ox3_orig_f8_apo/seed_42/ox3_orig_f8_apo_seed_42_sample_2_confidences_aggregated.json
wrote outputs/ox3_orig_f8_apo/ox3_orig_f8_apo/seed_42/ox3_orig_f8_apo_seed_42_sample_2_model.cif
wrote outputs/ox3_orig_f8_apo/ox3_orig_f8_apo/seed_42/ox3_orig_f8_apo_seed_42_sample_3_confidences.json
wrote outputs/ox3_orig_f8_apo/ox3_orig_f8_apo/seed_42/ox3_orig_f8_apo_seed_42_sample_3_confidences_aggregated.json
wrote outputs/ox3_orig_f8_apo/ox3_orig_f8_apo/seed_42/ox3_orig_f8_apo_seed_42_sample_3_model.cif
wrote outputs/ox3_orig_f8_apo/ox3_orig_f8_apo/seed_42/ox3_orig_f8_apo_seed_42_sample_4_confidences.json
wrote outputs/ox3_orig_f8_apo/ox3_orig_f8_apo/seed_42/ox3_orig_f8_apo_seed_42_sample_4_confidences_aggregated.json
wrote outputs/ox3_orig_f8_apo/ox3_orig_f8_apo/seed_42/ox3_orig_f8_apo_seed_42_sample_4_model.cif
wrote outputs/ox3_orig_f8_apo/ox3_orig_f8_apo/seed_42/ox3_orig_f8_apo_seed_42_sample_5_confidences.json
wrote outputs/ox3_orig_f8_apo/ox3_orig_f8_apo/seed_42/ox3_orig_f8_apo_seed_42_sample_5_confidences_aggregated.json
wrote outputs/ox3_orig_f8_apo/ox3_orig_f8_apo/seed_42/ox3_orig_f8_apo_seed_42_sample_5_model.cif
wrote outputs/ox3_orig_f8_apo/ox3_orig_f8_apo/seed_42/timing.json
interface scores unavailable (need at least two chains for interface scores)
Stopping app - local entrypoint completed.
✓ App completed. View run at 
https://modal.com/apps/mauriciocafiero/main/ap-Av2RbkyMtNJZMeIJfFI5NT
wrote /Users/cafierom/python_mac/peptidebuilder/runs/oxybenzone/folds/of3apo/ox3_orig_f8.pdb
--- of3apo oxybenzone/ox3_orig_f8 exit 0, converted (17:30:56)
