=== openfold3 oxybenzone/bgox31_2 (13:19:27)
✓ Initialized. View run at 
https://modal.com/apps/mauriciocafiero/main/ap-0OihZ1VDSDotHf7ppunR5C
✓ Created objects.
├── 🔨 Created mount /Users/cafierom/python_mac/fold/src/fold/app.py
├── 🔨 Created mount PythonPackage:fold
└── 🔨 Created function predict.
submitting bgox31_2 on A10G ...

==========
== CUDA ==
==========

CUDA Version 12.1.1

Container image Copyright (c) 2016-2023, NVIDIA CORPORATION & AFFILIATES. All rights reserved.

This container image and its contents are governed by the NVIDIA Deep Learning Container License.
By pulling and using the container, you accept the terms and conditions of this license:
https://developer.nvidia.com/ngc/nvidia-deep-learning-container-license

A copy of this license is made available in this container at /NGC-DL-CONTAINER-LICENSE for your convenience.

weights already cached at /cache/of3-ob-2025-06-30-174k.pt (2287872989 bytes)
running: run_openfold predict --query_json=/tmp/bgox31_2_query.json --output_dir=/outputs/bgox31_2 --inference_ckpt_path=/cache/of3-ob-2025-06-30-174k.pt --use_msa_server=true --use_templates=false
[93m [WARNING] [0m Please pip install nvidia-cutlass
Submitting 1 sequences to the Colabfold MSA server for main MSAs...
No complexes found for paired MSA generation. Skipping...

Predicting: |          | 0/? [00:00<?, ?s/it]
Predicting: |          | 0/? [00:00<?, ?s/it]
Predicting DataLoader 0:   0%|          | 0/1 [00:00<?, ?s/it]
Predicting DataLoader 0: 100%|██████████| 1/1 [00:19<00:00, 19.78s/it]
Predicting DataLoader 0: 100%|██████████| 1/1 [00:19<00:00, 19.85s/it][93m [WARNING] [0m Please pip install nvidia-cutlass
[93m [WARNING] [0m Please pip install nvidia-cutlass
[93m [WARNING] [0m Please pip install nvidia-cutlass
[93m [WARNING] [0m Please pip install nvidia-cutlass
[93m [WARNING] [0m Please pip install nvidia-cutlass
[93m [WARNING] [0m Please pip install nvidia-cutlass
[93m [WARNING] [0m Please pip install nvidia-cutlass
[93m [WARNING] [0m Please pip install nvidia-cutlass
[93m [WARNING] [0m Please pip install nvidia-cutlass
[93m [WARNING] [0m Please pip install nvidia-cutlass


==================================================
    PREDICTION SUMMARY (COMPLETE)    
==================================================
Total Queries Processed: 1
  - Successful Queries:  1
  - Failed Queries:      0
==================================================

Removing empty log directory...

GPU available: True (cuda), used: True
TPU available: False, using: 0 TPU cores
💡 Tip: For seamless cloud logging and experiment tracking, try installing [litlogger](https://pypi.org/project/litlogger/) to enable LitLogger, which logs metrics and artifacts automatically to the Lightning Experiments platform.
💡 Tip: For seamless cloud uploads and versioning, try installing [litmodels](https://pypi.org/project/litmodels/) to enable LitModelCheckpoint, which syncs automatically with the Lightning model registry.
WARNING:openfold3.core.data.tools.colabfold_msa_server:Using output directory: /tmp/of3-of-root/msa-root-20261009T121946878970Z-4a8fa569 for ColabFold MSAs.

  0%|          | 0/150 [elapsed: 00:00 remaining: ?]
SUBMIT:   0%|          | 0/150 [elapsed: 00:00 remaining: ?]
PENDING:   0%|          | 0/150 [elapsed: 00:00 remaining: ?]
COMPLETE:   0%|          | 0/150 [elapsed: 00:10 remaining: ?]
COMPLETE: 100%|██████████| 150/150 [elapsed: 00:10 remaining: 00:00]
COMPLETE: 100%|██████████| 150/150 [elapsed: 00:10 remaining: 00:00]
/opt/openfold3/openfold3/core/data/tools/colabfold_msa_server.py:401: DeprecationWarning: Python 3.14 will, by default, filter extracted tar archives and reject files or modify their metadata. Use the filter argument to control this behavior.
  tar_gz.extractall(path)
WARNING:openfold3.core.data.tools.colabfold_msa_server:Colabfold returned no templates. Proceeding without template alignments for this batch.
LOCAL_RANK: 0 - CUDA_VISIBLE_DEVICES: [0]
Seed set to 42
/opt/conda/envs/openfold3/lib/python3.12/site-packages/torch/autograd/function.py:575: UserWarning: OpenFold3 Triton evoformer kernel is running on a non-HIP backend with default, untuned Triton config (AMD MFMA / waves_per_eu tunings disabled). Correctness holds; performance is not tuned for this backend.
  return super().apply(*args, **kwargs)  # type: ignore[misc]
/opt/conda/envs/openfold3/lib/python3.12/site-packages/torch/autograd/function.py:575: UserWarning: OpenFold3 Triton evoformer kernel is running on a non-HIP backend with default, untuned Triton config (AMD MFMA / waves_per_eu tunings disabled). Correctness holds; performance is not tuned for this backend.
  return super().apply(*args, **kwargs)  # type: ignore[misc]
/opt/conda/envs/openfold3/lib/python3.12/site-packages/torch/autograd/function.py:575: UserWarning: OpenFold3 Triton evoformer kernel is running on a non-HIP backend with default, untuned Triton config (AMD MFMA / waves_per_eu tunings disabled). Correctness holds; performance is not tuned for this backend.
  return super().apply(*args, **kwargs)  # type: ignore[misc]
/opt/conda/envs/openfold3/lib/python3.12/site-packages/torch/autograd/function.py:575: UserWarning: OpenFold3 Triton evoformer kernel is running on a non-HIP backend with default, untuned Triton config (AMD MFMA / waves_per_eu tunings disabled). Correctness holds; performance is not tuned for this backend.
  return super().apply(*args, **kwargs)  # type: ignore[misc]
/opt/conda/envs/openfold3/lib/python3.12/site-packages/torch/autograd/function.py:575: UserWarning: OpenFold3 Triton evoformer kernel is running on a non-HIP backend with default, untuned Triton config (AMD MFMA / waves_per_eu tunings disabled). Correctness holds; performance is not tuned for this backend.
  return super().apply(*args, **kwargs)  # type: ignore[misc]
/opt/conda/envs/openfold3/lib/python3.12/site-packages/torch/autograd/function.py:575: UserWarning: OpenFold3 Triton evoformer kernel is running on a non-HIP backend with default, untuned Triton config (AMD MFMA / waves_per_eu tunings disabled). Correctness holds; performance is not tuned for this backend.
  return super().apply(*args, **kwargs)  # type: ignore[misc]
/opt/conda/envs/openfold3/lib/python3.12/site-packages/torch/autograd/function.py:575: UserWarning: OpenFold3 Triton evoformer kernel is running on a non-HIP backend with default, untuned Triton config (AMD MFMA / waves_per_eu tunings disabled). Correctness holds; performance is not tuned for this backend.
  return super().apply(*args, **kwargs)  # type: ignore[misc]
/opt/conda/envs/openfold3/lib/python3.12/site-packages/torch/autograd/function.py:575: UserWarning: OpenFold3 Triton evoformer kernel is running on a non-HIP backend with default, untuned Triton config (AMD MFMA / waves_per_eu tunings disabled). Correctness holds; performance is not tuned for this backend.
  return super().apply(*args, **kwargs)  # type: ignore[misc]
/opt/conda/envs/openfold3/lib/python3.12/site-packages/biotite/structure/io/pdbx/convert.py:1024: DeprecationWarning: `include_bonds` parameter is deprecated, intra-residue are always written, if available
  warnings.warn(
/opt/conda/envs/openfold3/lib/python3.12/tempfile.py:940: ResourceWarning: Implicitly cleaning up <TemporaryDirectory '/tmp/tmpeoyqwjiu'>
  _warnings.warn(warn_message, ResourceWarning)

wrote outputs/bgox31_2/experiment_config.json
wrote outputs/bgox31_2/inference_query_set.json
wrote outputs/bgox31_2/model_config.json
wrote outputs/bgox31_2/summary.txt
wrote outputs/bgox31_2/bgox31_2/seed_42/bgox31_2_seed_42_sample_1_confidences.json
wrote outputs/bgox31_2/bgox31_2/seed_42/bgox31_2_seed_42_sample_1_confidences_aggregated.json
wrote outputs/bgox31_2/bgox31_2/seed_42/bgox31_2_seed_42_sample_1_model.cif
wrote outputs/bgox31_2/bgox31_2/seed_42/bgox31_2_seed_42_sample_2_confidences.json
wrote outputs/bgox31_2/bgox31_2/seed_42/bgox31_2_seed_42_sample_2_confidences_aggregated.json
wrote outputs/bgox31_2/bgox31_2/seed_42/bgox31_2_seed_42_sample_2_model.cif
wrote outputs/bgox31_2/bgox31_2/seed_42/bgox31_2_seed_42_sample_3_confidences.json
wrote outputs/bgox31_2/bgox31_2/seed_42/bgox31_2_seed_42_sample_3_confidences_aggregated.json
wrote outputs/bgox31_2/bgox31_2/seed_42/bgox31_2_seed_42_sample_3_model.cif
wrote outputs/bgox31_2/bgox31_2/seed_42/bgox31_2_seed_42_sample_4_confidences.json
wrote outputs/bgox31_2/bgox31_2/seed_42/bgox31_2_seed_42_sample_4_confidences_aggregated.json
wrote outputs/bgox31_2/bgox31_2/seed_42/bgox31_2_seed_42_sample_4_model.cif
wrote outputs/bgox31_2/bgox31_2/seed_42/bgox31_2_seed_42_sample_5_confidences.json
wrote outputs/bgox31_2/bgox31_2/seed_42/bgox31_2_seed_42_sample_5_confidences_aggregated.json
wrote outputs/bgox31_2/bgox31_2/seed_42/bgox31_2_seed_42_sample_5_model.cif
wrote outputs/bgox31_2/bgox31_2/seed_42/timing.json
wrote outputs/bgox31_2/msas/msa-root-20261009T121946878970Z-4a8fa569/main/aede61aac49dac6911d68316235e80b15dee179b3822d3b8958afc7e6db4af62.npz
wrote outputs/bgox31_2/msas/msa-root-20261009T121946878970Z-4a8fa569/mappings/README.md
wrote outputs/bgox31_2/msas/msa-root-20261009T121946878970Z-4a8fa569/mappings/chain_id_to_rep_id.json
wrote outputs/bgox31_2/msas/msa-root-20261009T121946878970Z-4a8fa569/mappings/query_name_to_complex_id.json
wrote outputs/bgox31_2/msas/msa-root-20261009T121946878970Z-4a8fa569/mappings/rep_id_to_seq.json
wrote outputs/bgox31_2/msas/msa-root-20261009T121946878970Z-4a8fa569/mappings/seq_to_rep_id.json
wrote outputs/bgox31_2/msas/raw/msa-root-20261009T121946878970Z-4a8fa569/main/bfd.mgnify30.metaeuk30.smag30.a3m
wrote outputs/bgox31_2/msas/raw/msa-root-20261009T121946878970Z-4a8fa569/main/msa.sh
wrote outputs/bgox31_2/msas/raw/msa-root-20261009T121946878970Z-4a8fa569/main/out.tar.gz
wrote outputs/bgox31_2/msas/raw/msa-root-20261009T121946878970Z-4a8fa569/main/pdb70.m8
wrote outputs/bgox31_2/msas/raw/msa-root-20261009T121946878970Z-4a8fa569/main/uniref.a3m
interface confidence (best model: bgox31_2_seed_42_sample_4_model.cif):
  interface A-Z: ipSAE 0.048, pDockQ2 0.256, pDockQ 0.260
Stopping app - local entrypoint completed.
✓ App completed. View run at 
https://modal.com/apps/mauriciocafiero/main/ap-0OihZ1VDSDotHf7ppunR5C
Usage: python -m fold.analyze cif-to-pdb [OPTIONS] {cif_path}
Try 'python -m fold.analyze cif-to-pdb --help' for help.
╭─ Error ──────────────────────────────────────────────────────────────────────╮
│ Got unexpected extra argument(s)                                             │
│ (/Users/cafierom/python_mac/peptidebuilder/runs/oxybenzone/folds/openfold3/b │
│ gox31_2.pdb)                                                                 │
╰──────────────────────────────────────────────────────────────────────────────╯
--- openfold3 oxybenzone/bgox31_2 exit 0, converted (13:20:49)
CONVERT FAILED oxybenzone/bgox31_2 -- cif found but pdb empty, see /Users/cafierom/python_mac/peptidebuilder/runs/oxybenzone/folds/openfold3.batch.log
=== openfold3 oxybenzone/bgox31_3 (13:20:54)
✓ Initialized. View run at 
https://modal.com/apps/mauriciocafiero/main/ap-O6O1L8OmCN1fOBxLCsOmsM
✓ Created objects.
├── 🔨 Created mount /Users/cafierom/python_mac/fold/src/fold/app.py
├── 🔨 Created mount PythonPackage:fold
└── 🔨 Created function predict.
submitting bgox31_3 on A10G ...

==========
== CUDA ==
==========

CUDA Version 12.1.1

Container image Copyright (c) 2016-2023, NVIDIA CORPORATION & AFFILIATES. All rights reserved.

This container image and its contents are governed by the NVIDIA Deep Learning Container License.
By pulling and using the container, you accept the terms and conditions of this license:
https://developer.nvidia.com/ngc/nvidia-deep-learning-container-license

A copy of this license is made available in this container at /NGC-DL-CONTAINER-LICENSE for your convenience.

weights already cached at /cache/of3-ob-2025-06-30-174k.pt (2287872989 bytes)
running: run_openfold predict --query_json=/tmp/bgox31_3_query.json --output_dir=/outputs/bgox31_3 --inference_ckpt_path=/cache/of3-ob-2025-06-30-174k.pt --use_msa_server=true --use_templates=false
[93m [WARNING] [0m Please pip install nvidia-cutlass
Submitting 1 sequences to the Colabfold MSA server for main MSAs...
No complexes found for paired MSA generation. Skipping...

Predicting: |          | 0/? [00:00<?, ?s/it]
Predicting: |          | 0/? [00:00<?, ?s/it]
Predicting DataLoader 0:   0%|          | 0/1 [00:00<?, ?s/it]
Predicting DataLoader 0: 100%|██████████| 1/1 [00:19<00:00, 19.19s/it]
Predicting DataLoader 0: 100%|██████████| 1/1 [00:19<00:00, 19.27s/it][93m [WARNING] [0m Please pip install nvidia-cutlass
[93m [WARNING] [0m Please pip install nvidia-cutlass
[93m [WARNING] [0m Please pip install nvidia-cutlass
[93m [WARNING] [0m Please pip install nvidia-cutlass
[93m [WARNING] [0m Please pip install nvidia-cutlass
[93m [WARNING] [0m Please pip install nvidia-cutlass
[93m [WARNING] [0m Please pip install nvidia-cutlass
[93m [WARNING] [0m Please pip install nvidia-cutlass
[93m [WARNING] [0m Please pip install nvidia-cutlass
[93m [WARNING] [0m Please pip install nvidia-cutlass


==================================================
    PREDICTION SUMMARY (COMPLETE)    
==================================================
Total Queries Processed: 1
  - Successful Queries:  1
  - Failed Queries:      0
==================================================

Removing empty log directory...

GPU available: True (cuda), used: True
TPU available: False, using: 0 TPU cores
💡 Tip: For seamless cloud logging and experiment tracking, try installing [litlogger](https://pypi.org/project/litlogger/) to enable LitLogger, which logs metrics and artifacts automatically to the Lightning Experiments platform.
💡 Tip: For seamless cloud uploads and versioning, try installing [litmodels](https://pypi.org/project/litmodels/) to enable LitModelCheckpoint, which syncs automatically with the Lightning model registry.
WARNING:openfold3.core.data.tools.colabfold_msa_server:Using output directory: /tmp/of3-of-root/msa-root-20261009T122113312629Z-157d0fa2 for ColabFold MSAs.

  0%|          | 0/150 [elapsed: 00:00 remaining: ?]
SUBMIT:   0%|          | 0/150 [elapsed: 00:00 remaining: ?]
PENDING:   0%|          | 0/150 [elapsed: 00:00 remaining: ?]
COMPLETE:   0%|          | 0/150 [elapsed: 00:06 remaining: ?]
COMPLETE: 100%|██████████| 150/150 [elapsed: 00:06 remaining: 00:00]
COMPLETE: 100%|██████████| 150/150 [elapsed: 00:06 remaining: 00:00]
/opt/openfold3/openfold3/core/data/tools/colabfold_msa_server.py:401: DeprecationWarning: Python 3.14 will, by default, filter extracted tar archives and reject files or modify their metadata. Use the filter argument to control this behavior.
  tar_gz.extractall(path)
WARNING:openfold3.core.data.tools.colabfold_msa_server:Colabfold returned no templates. Proceeding without template alignments for this batch.
LOCAL_RANK: 0 - CUDA_VISIBLE_DEVICES: [0]
Seed set to 42
/opt/conda/envs/openfold3/lib/python3.12/site-packages/torch/autograd/function.py:575: UserWarning: OpenFold3 Triton evoformer kernel is running on a non-HIP backend with default, untuned Triton config (AMD MFMA / waves_per_eu tunings disabled). Correctness holds; performance is not tuned for this backend.
  return super().apply(*args, **kwargs)  # type: ignore[misc]
/opt/conda/envs/openfold3/lib/python3.12/site-packages/torch/autograd/function.py:575: UserWarning: OpenFold3 Triton evoformer kernel is running on a non-HIP backend with default, untuned Triton config (AMD MFMA / waves_per_eu tunings disabled). Correctness holds; performance is not tuned for this backend.
  return super().apply(*args, **kwargs)  # type: ignore[misc]
/opt/conda/envs/openfold3/lib/python3.12/site-packages/torch/autograd/function.py:575: UserWarning: OpenFold3 Triton evoformer kernel is running on a non-HIP backend with default, untuned Triton config (AMD MFMA / waves_per_eu tunings disabled). Correctness holds; performance is not tuned for this backend.
  return super().apply(*args, **kwargs)  # type: ignore[misc]
/opt/conda/envs/openfold3/lib/python3.12/site-packages/torch/autograd/function.py:575: UserWarning: OpenFold3 Triton evoformer kernel is running on a non-HIP backend with default, untuned Triton config (AMD MFMA / waves_per_eu tunings disabled). Correctness holds; performance is not tuned for this backend.
  return super().apply(*args, **kwargs)  # type: ignore[misc]
/opt/conda/envs/openfold3/lib/python3.12/site-packages/torch/autograd/function.py:575: UserWarning: OpenFold3 Triton evoformer kernel is running on a non-HIP backend with default, untuned Triton config (AMD MFMA / waves_per_eu tunings disabled). Correctness holds; performance is not tuned for this backend.
  return super().apply(*args, **kwargs)  # type: ignore[misc]
/opt/conda/envs/openfold3/lib/python3.12/site-packages/torch/autograd/function.py:575: UserWarning: OpenFold3 Triton evoformer kernel is running on a non-HIP backend with default, untuned Triton config (AMD MFMA / waves_per_eu tunings disabled). Correctness holds; performance is not tuned for this backend.
  return super().apply(*args, **kwargs)  # type: ignore[misc]
/opt/conda/envs/openfold3/lib/python3.12/site-packages/torch/autograd/function.py:575: UserWarning: OpenFold3 Triton evoformer kernel is running on a non-HIP backend with default, untuned Triton config (AMD MFMA / waves_per_eu tunings disabled). Correctness holds; performance is not tuned for this backend.
  return super().apply(*args, **kwargs)  # type: ignore[misc]
/opt/conda/envs/openfold3/lib/python3.12/site-packages/torch/autograd/function.py:575: UserWarning: OpenFold3 Triton evoformer kernel is running on a non-HIP backend with default, untuned Triton config (AMD MFMA / waves_per_eu tunings disabled). Correctness holds; performance is not tuned for this backend.
  return super().apply(*args, **kwargs)  # type: ignore[misc]
/opt/conda/envs/openfold3/lib/python3.12/site-packages/biotite/structure/io/pdbx/convert.py:1024: DeprecationWarning: `include_bonds` parameter is deprecated, intra-residue are always written, if available
  warnings.warn(
/opt/conda/envs/openfold3/lib/python3.12/tempfile.py:940: ResourceWarning: Implicitly cleaning up <TemporaryDirectory '/tmp/tmpbwhixg38'>
  _warnings.warn(warn_message, ResourceWarning)

wrote outputs/bgox31_3/experiment_config.json
wrote outputs/bgox31_3/inference_query_set.json
wrote outputs/bgox31_3/model_config.json
wrote outputs/bgox31_3/summary.txt
wrote outputs/bgox31_3/bgox31_3/seed_42/bgox31_3_seed_42_sample_1_confidences.json
wrote outputs/bgox31_3/bgox31_3/seed_42/bgox31_3_seed_42_sample_1_confidences_aggregated.json
wrote outputs/bgox31_3/bgox31_3/seed_42/bgox31_3_seed_42_sample_1_model.cif
wrote outputs/bgox31_3/bgox31_3/seed_42/bgox31_3_seed_42_sample_2_confidences.json
wrote outputs/bgox31_3/bgox31_3/seed_42/bgox31_3_seed_42_sample_2_confidences_aggregated.json
wrote outputs/bgox31_3/bgox31_3/seed_42/bgox31_3_seed_42_sample_2_model.cif
wrote outputs/bgox31_3/bgox31_3/seed_42/bgox31_3_seed_42_sample_3_confidences.json
wrote outputs/bgox31_3/bgox31_3/seed_42/bgox31_3_seed_42_sample_3_confidences_aggregated.json
wrote outputs/bgox31_3/bgox31_3/seed_42/bgox31_3_seed_42_sample_3_model.cif
wrote outputs/bgox31_3/bgox31_3/seed_42/bgox31_3_seed_42_sample_4_confidences.json
wrote outputs/bgox31_3/bgox31_3/seed_42/bgox31_3_seed_42_sample_4_confidences_aggregated.json
wrote outputs/bgox31_3/bgox31_3/seed_42/bgox31_3_seed_42_sample_4_model.cif
wrote outputs/bgox31_3/bgox31_3/seed_42/bgox31_3_seed_42_sample_5_confidences.json
wrote outputs/bgox31_3/bgox31_3/seed_42/bgox31_3_seed_42_sample_5_confidences_aggregated.json
wrote outputs/bgox31_3/bgox31_3/seed_42/bgox31_3_seed_42_sample_5_model.cif
wrote outputs/bgox31_3/bgox31_3/seed_42/timing.json
wrote outputs/bgox31_3/msas/msa-root-20261009T122113312629Z-157d0fa2/main/2b3f265af0a4adbece5ce3365a6237b387e5714044bfc876b7af50663ae904b6.npz
wrote outputs/bgox31_3/msas/msa-root-20261009T122113312629Z-157d0fa2/mappings/README.md
wrote outputs/bgox31_3/msas/msa-root-20261009T122113312629Z-157d0fa2/mappings/chain_id_to_rep_id.json
wrote outputs/bgox31_3/msas/msa-root-20261009T122113312629Z-157d0fa2/mappings/query_name_to_complex_id.json
wrote outputs/bgox31_3/msas/msa-root-20261009T122113312629Z-157d0fa2/mappings/rep_id_to_seq.json
wrote outputs/bgox31_3/msas/msa-root-20261009T122113312629Z-157d0fa2/mappings/seq_to_rep_id.json
wrote outputs/bgox31_3/msas/raw/msa-root-20261009T122113312629Z-157d0fa2/main/bfd.mgnify30.metaeuk30.smag30.a3m
wrote outputs/bgox31_3/msas/raw/msa-root-20261009T122113312629Z-157d0fa2/main/msa.sh
wrote outputs/bgox31_3/msas/raw/msa-root-20261009T122113312629Z-157d0fa2/main/out.tar.gz
wrote outputs/bgox31_3/msas/raw/msa-root-20261009T122113312629Z-157d0fa2/main/pdb70.m8
wrote outputs/bgox31_3/msas/raw/msa-root-20261009T122113312629Z-157d0fa2/main/uniref.a3m
interface confidence (best model: bgox31_3_seed_42_sample_3_model.cif):
  interface A-Z: ipSAE 0.469, pDockQ2 0.854, pDockQ 0.637
Stopping app - local entrypoint completed.
✓ App completed. View run at 
https://modal.com/apps/mauriciocafiero/main/ap-O6O1L8OmCN1fOBxLCsOmsM
Usage: python -m fold.analyze cif-to-pdb [OPTIONS] {cif_path}
Try 'python -m fold.analyze cif-to-pdb --help' for help.
╭─ Error ──────────────────────────────────────────────────────────────────────╮
│ Got unexpected extra argument(s)                                             │
│ (/Users/cafierom/python_mac/peptidebuilder/runs/oxybenzone/folds/openfold3/b │
│ gox31_3.pdb)                                                                 │
╰──────────────────────────────────────────────────────────────────────────────╯
--- openfold3 oxybenzone/bgox31_3 exit 0, converted (13:22:10)
CONVERT FAILED oxybenzone/bgox31_3 -- cif found but pdb empty, see /Users/cafierom/python_mac/peptidebuilder/runs/oxybenzone/folds/openfold3.batch.log
=== openfold3 oxybenzone/bgox31_4 (13:22:15)
✓ Initialized. View run at 
https://modal.com/apps/mauriciocafiero/main/ap-wSBh9SuQpr2BCgzHf9b1Zn
✓ Created objects.
├── 🔨 Created mount /Users/cafierom/python_mac/fold/src/fold/app.py
├── 🔨 Created mount PythonPackage:fold
└── 🔨 Created function predict.
submitting bgox31_4 on A10G ...

==========
== CUDA ==
==========

CUDA Version 12.1.1

Container image Copyright (c) 2016-2023, NVIDIA CORPORATION & AFFILIATES. All rights reserved.

This container image and its contents are governed by the NVIDIA Deep Learning Container License.
By pulling and using the container, you accept the terms and conditions of this license:
https://developer.nvidia.com/ngc/nvidia-deep-learning-container-license

A copy of this license is made available in this container at /NGC-DL-CONTAINER-LICENSE for your convenience.

weights already cached at /cache/of3-ob-2025-06-30-174k.pt (2287872989 bytes)
running: run_openfold predict --query_json=/tmp/bgox31_4_query.json --output_dir=/outputs/bgox31_4 --inference_ckpt_path=/cache/of3-ob-2025-06-30-174k.pt --use_msa_server=true --use_templates=false
[93m [WARNING] [0m Please pip install nvidia-cutlass
Submitting 1 sequences to the Colabfold MSA server for main MSAs...
No complexes found for paired MSA generation. Skipping...

Predicting: |          | 0/? [00:00<?, ?s/it]
Predicting: |          | 0/? [00:00<?, ?s/it]
Predicting DataLoader 0:   0%|          | 0/1 [00:00<?, ?s/it]
Predicting DataLoader 0: 100%|██████████| 1/1 [00:19<00:00, 19.85s/it]
Predicting DataLoader 0: 100%|██████████| 1/1 [00:19<00:00, 19.94s/it][93m [WARNING] [0m Please pip install nvidia-cutlass
[93m [WARNING] [0m Please pip install nvidia-cutlass
[93m [WARNING] [0m Please pip install nvidia-cutlass
[93m [WARNING] [0m Please pip install nvidia-cutlass
[93m [WARNING] [0m Please pip install nvidia-cutlass
[93m [WARNING] [0m Please pip install nvidia-cutlass
[93m [WARNING] [0m Please pip install nvidia-cutlass
[93m [WARNING] [0m Please pip install nvidia-cutlass
[93m [WARNING] [0m Please pip install nvidia-cutlass
[93m [WARNING] [0m Please pip install nvidia-cutlass


==================================================
    PREDICTION SUMMARY (COMPLETE)    
==================================================
Total Queries Processed: 1
  - Successful Queries:  1
  - Failed Queries:      0
==================================================

Removing empty log directory...

GPU available: True (cuda), used: True
TPU available: False, using: 0 TPU cores
💡 Tip: For seamless cloud logging and experiment tracking, try installing [litlogger](https://pypi.org/project/litlogger/) to enable LitLogger, which logs metrics and artifacts automatically to the Lightning Experiments platform.
💡 Tip: For seamless cloud uploads and versioning, try installing [litmodels](https://pypi.org/project/litmodels/) to enable LitModelCheckpoint, which syncs automatically with the Lightning model registry.
WARNING:openfold3.core.data.tools.colabfold_msa_server:Using output directory: /tmp/of3-of-root/msa-root-20261009T122234243927Z-ee321539 for ColabFold MSAs.

  0%|          | 0/150 [elapsed: 00:00 remaining: ?]
SUBMIT:   0%|          | 0/150 [elapsed: 00:00 remaining: ?]
PENDING:   0%|          | 0/150 [elapsed: 00:00 remaining: ?]
RUNNING:   0%|          | 0/150 [elapsed: 00:07 remaining: ?]
RUNNING:   4%|▍         | 6/150 [elapsed: 00:07 remaining: 02:52]
COMPLETE:   4%|▍         | 6/150 [elapsed: 00:12 remaining: 02:52]
COMPLETE: 100%|██████████| 150/150 [elapsed: 00:12 remaining: 00:00]
COMPLETE: 100%|██████████| 150/150 [elapsed: 00:13 remaining: 00:00]
/opt/openfold3/openfold3/core/data/tools/colabfold_msa_server.py:401: DeprecationWarning: Python 3.14 will, by default, filter extracted tar archives and reject files or modify their metadata. Use the filter argument to control this behavior.
  tar_gz.extractall(path)
WARNING:openfold3.core.data.tools.colabfold_msa_server:Colabfold returned no templates. Proceeding without template alignments for this batch.
LOCAL_RANK: 0 - CUDA_VISIBLE_DEVICES: [0]
Seed set to 42
/opt/conda/envs/openfold3/lib/python3.12/site-packages/torch/autograd/function.py:575: UserWarning: OpenFold3 Triton evoformer kernel is running on a non-HIP backend with default, untuned Triton config (AMD MFMA / waves_per_eu tunings disabled). Correctness holds; performance is not tuned for this backend.
  return super().apply(*args, **kwargs)  # type: ignore[misc]
/opt/conda/envs/openfold3/lib/python3.12/site-packages/torch/autograd/function.py:575: UserWarning: OpenFold3 Triton evoformer kernel is running on a non-HIP backend with default, untuned Triton config (AMD MFMA / waves_per_eu tunings disabled). Correctness holds; performance is not tuned for this backend.
  return super().apply(*args, **kwargs)  # type: ignore[misc]
/opt/conda/envs/openfold3/lib/python3.12/site-packages/torch/autograd/function.py:575: UserWarning: OpenFold3 Triton evoformer kernel is running on a non-HIP backend with default, untuned Triton config (AMD MFMA / waves_per_eu tunings disabled). Correctness holds; performance is not tuned for this backend.
  return super().apply(*args, **kwargs)  # type: ignore[misc]
/opt/conda/envs/openfold3/lib/python3.12/site-packages/torch/autograd/function.py:575: UserWarning: OpenFold3 Triton evoformer kernel is running on a non-HIP backend with default, untuned Triton config (AMD MFMA / waves_per_eu tunings disabled). Correctness holds; performance is not tuned for this backend.
  return super().apply(*args, **kwargs)  # type: ignore[misc]
/opt/conda/envs/openfold3/lib/python3.12/site-packages/torch/autograd/function.py:575: UserWarning: OpenFold3 Triton evoformer kernel is running on a non-HIP backend with default, untuned Triton config (AMD MFMA / waves_per_eu tunings disabled). Correctness holds; performance is not tuned for this backend.
  return super().apply(*args, **kwargs)  # type: ignore[misc]
/opt/conda/envs/openfold3/lib/python3.12/site-packages/torch/autograd/function.py:575: UserWarning: OpenFold3 Triton evoformer kernel is running on a non-HIP backend with default, untuned Triton config (AMD MFMA / waves_per_eu tunings disabled). Correctness holds; performance is not tuned for this backend.
  return super().apply(*args, **kwargs)  # type: ignore[misc]
/opt/conda/envs/openfold3/lib/python3.12/site-packages/torch/autograd/function.py:575: UserWarning: OpenFold3 Triton evoformer kernel is running on a non-HIP backend with default, untuned Triton config (AMD MFMA / waves_per_eu tunings disabled). Correctness holds; performance is not tuned for this backend.
  return super().apply(*args, **kwargs)  # type: ignore[misc]
/opt/conda/envs/openfold3/lib/python3.12/site-packages/torch/autograd/function.py:575: UserWarning: OpenFold3 Triton evoformer kernel is running on a non-HIP backend with default, untuned Triton config (AMD MFMA / waves_per_eu tunings disabled). Correctness holds; performance is not tuned for this backend.
  return super().apply(*args, **kwargs)  # type: ignore[misc]
/opt/conda/envs/openfold3/lib/python3.12/site-packages/biotite/structure/io/pdbx/convert.py:1024: DeprecationWarning: `include_bonds` parameter is deprecated, intra-residue are always written, if available
  warnings.warn(
/opt/conda/envs/openfold3/lib/python3.12/tempfile.py:940: ResourceWarning: Implicitly cleaning up <TemporaryDirectory '/tmp/tmpbw0qn125'>
  _warnings.warn(warn_message, ResourceWarning)

wrote outputs/bgox31_4/experiment_config.json
wrote outputs/bgox31_4/inference_query_set.json
wrote outputs/bgox31_4/model_config.json
wrote outputs/bgox31_4/summary.txt
wrote outputs/bgox31_4/bgox31_4/seed_42/bgox31_4_seed_42_sample_1_confidences.json
wrote outputs/bgox31_4/bgox31_4/seed_42/bgox31_4_seed_42_sample_1_confidences_aggregated.json
wrote outputs/bgox31_4/bgox31_4/seed_42/bgox31_4_seed_42_sample_1_model.cif
wrote outputs/bgox31_4/bgox31_4/seed_42/bgox31_4_seed_42_sample_2_confidences.json
wrote outputs/bgox31_4/bgox31_4/seed_42/bgox31_4_seed_42_sample_2_confidences_aggregated.json
wrote outputs/bgox31_4/bgox31_4/seed_42/bgox31_4_seed_42_sample_2_model.cif
wrote outputs/bgox31_4/bgox31_4/seed_42/bgox31_4_seed_42_sample_3_confidences.json
wrote outputs/bgox31_4/bgox31_4/seed_42/bgox31_4_seed_42_sample_3_confidences_aggregated.json
wrote outputs/bgox31_4/bgox31_4/seed_42/bgox31_4_seed_42_sample_3_model.cif
wrote outputs/bgox31_4/bgox31_4/seed_42/bgox31_4_seed_42_sample_4_confidences.json
wrote outputs/bgox31_4/bgox31_4/seed_42/bgox31_4_seed_42_sample_4_confidences_aggregated.json
wrote outputs/bgox31_4/bgox31_4/seed_42/bgox31_4_seed_42_sample_4_model.cif
wrote outputs/bgox31_4/bgox31_4/seed_42/bgox31_4_seed_42_sample_5_confidences.json
wrote outputs/bgox31_4/bgox31_4/seed_42/bgox31_4_seed_42_sample_5_confidences_aggregated.json
wrote outputs/bgox31_4/bgox31_4/seed_42/bgox31_4_seed_42_sample_5_model.cif
wrote outputs/bgox31_4/bgox31_4/seed_42/timing.json
wrote outputs/bgox31_4/msas/msa-root-20261009T122234243927Z-ee321539/main/daa050842191bbf7dac0364fd96a595490d10ad6a764525e25334eb0eec51ed4.npz
wrote outputs/bgox31_4/msas/msa-root-20261009T122234243927Z-ee321539/mappings/README.md
wrote outputs/bgox31_4/msas/msa-root-20261009T122234243927Z-ee321539/mappings/chain_id_to_rep_id.json
wrote outputs/bgox31_4/msas/msa-root-20261009T122234243927Z-ee321539/mappings/query_name_to_complex_id.json
wrote outputs/bgox31_4/msas/msa-root-20261009T122234243927Z-ee321539/mappings/rep_id_to_seq.json
wrote outputs/bgox31_4/msas/msa-root-20261009T122234243927Z-ee321539/mappings/seq_to_rep_id.json
wrote outputs/bgox31_4/msas/raw/msa-root-20261009T122234243927Z-ee321539/main/bfd.mgnify30.metaeuk30.smag30.a3m
wrote outputs/bgox31_4/msas/raw/msa-root-20261009T122234243927Z-ee321539/main/msa.sh
wrote outputs/bgox31_4/msas/raw/msa-root-20261009T122234243927Z-ee321539/main/out.tar.gz
wrote outputs/bgox31_4/msas/raw/msa-root-20261009T122234243927Z-ee321539/main/pdb70.m8
wrote outputs/bgox31_4/msas/raw/msa-root-20261009T122234243927Z-ee321539/main/uniref.a3m
interface confidence (best model: bgox31_4_seed_42_sample_2_model.cif):
  interface A-Z: ipSAE 0.152, pDockQ2 0.675, pDockQ 0.407
Stopping app - local entrypoint completed.
✓ App completed. View run at 
https://modal.com/apps/mauriciocafiero/main/ap-wSBh9SuQpr2BCgzHf9b1Zn
Usage: python -m fold.analyze cif-to-pdb [OPTIONS] {cif_path}
Try 'python -m fold.analyze cif-to-pdb --help' for help.
╭─ Error ──────────────────────────────────────────────────────────────────────╮
│ Got unexpected extra argument(s)                                             │
│ (/Users/cafierom/python_mac/peptidebuilder/runs/oxybenzone/folds/openfold3/b │
│ gox31_4.pdb)                                                                 │
╰──────────────────────────────────────────────────────────────────────────────╯
--- openfold3 oxybenzone/bgox31_4 exit 0, converted (13:23:38)
CONVERT FAILED oxybenzone/bgox31_4 -- cif found but pdb empty, see /Users/cafierom/python_mac/peptidebuilder/runs/oxybenzone/folds/openfold3.batch.log
=== openfold3 oxybenzone/bgox31_5 (13:23:44)
✓ Initialized. View run at 
https://modal.com/apps/mauriciocafiero/main/ap-F3JmQycr5HcXkeDGmLq7qV
✓ Created objects.
├── 🔨 Created mount /Users/cafierom/python_mac/fold/src/fold/app.py
├── 🔨 Created mount PythonPackage:fold
└── 🔨 Created function predict.
submitting bgox31_5 on A10G ...

==========
== CUDA ==
==========

CUDA Version 12.1.1

Container image Copyright (c) 2016-2023, NVIDIA CORPORATION & AFFILIATES. All rights reserved.

This container image and its contents are governed by the NVIDIA Deep Learning Container License.
By pulling and using the container, you accept the terms and conditions of this license:
https://developer.nvidia.com/ngc/nvidia-deep-learning-container-license

A copy of this license is made available in this container at /NGC-DL-CONTAINER-LICENSE for your convenience.

weights already cached at /cache/of3-ob-2025-06-30-174k.pt (2287872989 bytes)
running: run_openfold predict --query_json=/tmp/bgox31_5_query.json --output_dir=/outputs/bgox31_5 --inference_ckpt_path=/cache/of3-ob-2025-06-30-174k.pt --use_msa_server=true --use_templates=false
[93m [WARNING] [0m Please pip install nvidia-cutlass
Submitting 1 sequences to the Colabfold MSA server for main MSAs...
No complexes found for paired MSA generation. Skipping...

Predicting: |          | 0/? [00:00<?, ?s/it]
Predicting: |          | 0/? [00:00<?, ?s/it]
Predicting DataLoader 0:   0%|          | 0/1 [00:00<?, ?s/it]
Predicting DataLoader 0: 100%|██████████| 1/1 [00:19<00:00, 19.34s/it]
Predicting DataLoader 0: 100%|██████████| 1/1 [00:19<00:00, 19.43s/it][93m [WARNING] [0m Please pip install nvidia-cutlass
[93m [WARNING] [0m Please pip install nvidia-cutlass
[93m [WARNING] [0m Please pip install nvidia-cutlass
[93m [WARNING] [0m Please pip install nvidia-cutlass
[93m [WARNING] [0m Please pip install nvidia-cutlass
[93m [WARNING] [0m Please pip install nvidia-cutlass
[93m [WARNING] [0m Please pip install nvidia-cutlass
[93m [WARNING] [0m Please pip install nvidia-cutlass
[93m [WARNING] [0m Please pip install nvidia-cutlass
[93m [WARNING] [0m Please pip install nvidia-cutlass


==================================================
    PREDICTION SUMMARY (COMPLETE)    
==================================================
Total Queries Processed: 1
  - Successful Queries:  1
  - Failed Queries:      0
==================================================

Removing empty log directory...

GPU available: True (cuda), used: True
TPU available: False, using: 0 TPU cores
💡 Tip: For seamless cloud logging and experiment tracking, try installing [litlogger](https://pypi.org/project/litlogger/) to enable LitLogger, which logs metrics and artifacts automatically to the Lightning Experiments platform.
💡 Tip: For seamless cloud uploads and versioning, try installing [litmodels](https://pypi.org/project/litmodels/) to enable LitModelCheckpoint, which syncs automatically with the Lightning model registry.
WARNING:openfold3.core.data.tools.colabfold_msa_server:Using output directory: /tmp/of3-of-root/msa-root-20261009T122402811952Z-3592e654 for ColabFold MSAs.

  0%|          | 0/150 [elapsed: 00:00 remaining: ?]
SUBMIT:   0%|          | 0/150 [elapsed: 00:00 remaining: ?]
PENDING:   0%|          | 0/150 [elapsed: 00:00 remaining: ?]
COMPLETE:   0%|          | 0/150 [elapsed: 00:10 remaining: ?]
COMPLETE: 100%|██████████| 150/150 [elapsed: 00:10 remaining: 00:00]
COMPLETE: 100%|██████████| 150/150 [elapsed: 00:10 remaining: 00:00]
/opt/openfold3/openfold3/core/data/tools/colabfold_msa_server.py:401: DeprecationWarning: Python 3.14 will, by default, filter extracted tar archives and reject files or modify their metadata. Use the filter argument to control this behavior.
  tar_gz.extractall(path)
WARNING:openfold3.core.data.tools.colabfold_msa_server:Colabfold returned no templates. Proceeding without template alignments for this batch.
LOCAL_RANK: 0 - CUDA_VISIBLE_DEVICES: [0]
Seed set to 42
/opt/conda/envs/openfold3/lib/python3.12/site-packages/torch/autograd/function.py:575: UserWarning: OpenFold3 Triton evoformer kernel is running on a non-HIP backend with default, untuned Triton config (AMD MFMA / waves_per_eu tunings disabled). Correctness holds; performance is not tuned for this backend.
  return super().apply(*args, **kwargs)  # type: ignore[misc]
/opt/conda/envs/openfold3/lib/python3.12/site-packages/torch/autograd/function.py:575: UserWarning: OpenFold3 Triton evoformer kernel is running on a non-HIP backend with default, untuned Triton config (AMD MFMA / waves_per_eu tunings disabled). Correctness holds; performance is not tuned for this backend.
  return super().apply(*args, **kwargs)  # type: ignore[misc]
/opt/conda/envs/openfold3/lib/python3.12/site-packages/torch/autograd/function.py:575: UserWarning: OpenFold3 Triton evoformer kernel is running on a non-HIP backend with default, untuned Triton config (AMD MFMA / waves_per_eu tunings disabled). Correctness holds; performance is not tuned for this backend.
  return super().apply(*args, **kwargs)  # type: ignore[misc]
/opt/conda/envs/openfold3/lib/python3.12/site-packages/torch/autograd/function.py:575: UserWarning: OpenFold3 Triton evoformer kernel is running on a non-HIP backend with default, untuned Triton config (AMD MFMA / waves_per_eu tunings disabled). Correctness holds; performance is not tuned for this backend.
  return super().apply(*args, **kwargs)  # type: ignore[misc]
/opt/conda/envs/openfold3/lib/python3.12/site-packages/torch/autograd/function.py:575: UserWarning: OpenFold3 Triton evoformer kernel is running on a non-HIP backend with default, untuned Triton config (AMD MFMA / waves_per_eu tunings disabled). Correctness holds; performance is not tuned for this backend.
  return super().apply(*args, **kwargs)  # type: ignore[misc]
/opt/conda/envs/openfold3/lib/python3.12/site-packages/torch/autograd/function.py:575: UserWarning: OpenFold3 Triton evoformer kernel is running on a non-HIP backend with default, untuned Triton config (AMD MFMA / waves_per_eu tunings disabled). Correctness holds; performance is not tuned for this backend.
  return super().apply(*args, **kwargs)  # type: ignore[misc]
/opt/conda/envs/openfold3/lib/python3.12/site-packages/torch/autograd/function.py:575: UserWarning: OpenFold3 Triton evoformer kernel is running on a non-HIP backend with default, untuned Triton config (AMD MFMA / waves_per_eu tunings disabled). Correctness holds; performance is not tuned for this backend.
  return super().apply(*args, **kwargs)  # type: ignore[misc]
/opt/conda/envs/openfold3/lib/python3.12/site-packages/torch/autograd/function.py:575: UserWarning: OpenFold3 Triton evoformer kernel is running on a non-HIP backend with default, untuned Triton config (AMD MFMA / waves_per_eu tunings disabled). Correctness holds; performance is not tuned for this backend.
  return super().apply(*args, **kwargs)  # type: ignore[misc]
/opt/conda/envs/openfold3/lib/python3.12/site-packages/biotite/structure/io/pdbx/convert.py:1024: DeprecationWarning: `include_bonds` parameter is deprecated, intra-residue are always written, if available
  warnings.warn(
/opt/conda/envs/openfold3/lib/python3.12/tempfile.py:940: ResourceWarning: Implicitly cleaning up <TemporaryDirectory '/tmp/tmp8ay6bw5r'>
  _warnings.warn(warn_message, ResourceWarning)

wrote outputs/bgox31_5/experiment_config.json
wrote outputs/bgox31_5/inference_query_set.json
wrote outputs/bgox31_5/model_config.json
wrote outputs/bgox31_5/summary.txt
wrote outputs/bgox31_5/bgox31_5/seed_42/bgox31_5_seed_42_sample_1_confidences.json
wrote outputs/bgox31_5/bgox31_5/seed_42/bgox31_5_seed_42_sample_1_confidences_aggregated.json
wrote outputs/bgox31_5/bgox31_5/seed_42/bgox31_5_seed_42_sample_1_model.cif
wrote outputs/bgox31_5/bgox31_5/seed_42/bgox31_5_seed_42_sample_2_confidences.json
wrote outputs/bgox31_5/bgox31_5/seed_42/bgox31_5_seed_42_sample_2_confidences_aggregated.json
wrote outputs/bgox31_5/bgox31_5/seed_42/bgox31_5_seed_42_sample_2_model.cif
wrote outputs/bgox31_5/bgox31_5/seed_42/bgox31_5_seed_42_sample_3_confidences.json
wrote outputs/bgox31_5/bgox31_5/seed_42/bgox31_5_seed_42_sample_3_confidences_aggregated.json
wrote outputs/bgox31_5/bgox31_5/seed_42/bgox31_5_seed_42_sample_3_model.cif
wrote outputs/bgox31_5/bgox31_5/seed_42/bgox31_5_seed_42_sample_4_confidences.json
wrote outputs/bgox31_5/bgox31_5/seed_42/bgox31_5_seed_42_sample_4_confidences_aggregated.json
wrote outputs/bgox31_5/bgox31_5/seed_42/bgox31_5_seed_42_sample_4_model.cif
wrote outputs/bgox31_5/bgox31_5/seed_42/bgox31_5_seed_42_sample_5_confidences.json
wrote outputs/bgox31_5/bgox31_5/seed_42/bgox31_5_seed_42_sample_5_confidences_aggregated.json
wrote outputs/bgox31_5/bgox31_5/seed_42/bgox31_5_seed_42_sample_5_model.cif
wrote outputs/bgox31_5/bgox31_5/seed_42/timing.json
wrote outputs/bgox31_5/msas/msa-root-20261009T122402811952Z-3592e654/main/9481e0fab700071ef69c224e581b4fa75850366aa44bf65486372251e00073ee.npz
wrote outputs/bgox31_5/msas/msa-root-20261009T122402811952Z-3592e654/mappings/README.md
wrote outputs/bgox31_5/msas/msa-root-20261009T122402811952Z-3592e654/mappings/chain_id_to_rep_id.json
wrote outputs/bgox31_5/msas/msa-root-20261009T122402811952Z-3592e654/mappings/query_name_to_complex_id.json
wrote outputs/bgox31_5/msas/msa-root-20261009T122402811952Z-3592e654/mappings/rep_id_to_seq.json
wrote outputs/bgox31_5/msas/msa-root-20261009T122402811952Z-3592e654/mappings/seq_to_rep_id.json
wrote outputs/bgox31_5/msas/raw/msa-root-20261009T122402811952Z-3592e654/main/bfd.mgnify30.metaeuk30.smag30.a3m
wrote outputs/bgox31_5/msas/raw/msa-root-20261009T122402811952Z-3592e654/main/msa.sh
wrote outputs/bgox31_5/msas/raw/msa-root-20261009T122402811952Z-3592e654/main/out.tar.gz
wrote outputs/bgox31_5/msas/raw/msa-root-20261009T122402811952Z-3592e654/main/pdb70.m8
wrote outputs/bgox31_5/msas/raw/msa-root-20261009T122402811952Z-3592e654/main/uniref.a3m
interface confidence (best model: bgox31_5_seed_42_sample_1_model.cif):
  interface A-Z: ipSAE 0.179, pDockQ2 0.673, pDockQ 0.586
Stopping app - local entrypoint completed.
✓ App completed. View run at 
https://modal.com/apps/mauriciocafiero/main/ap-F3JmQycr5HcXkeDGmLq7qV
Usage: python -m fold.analyze cif-to-pdb [OPTIONS] {cif_path}
Try 'python -m fold.analyze cif-to-pdb --help' for help.
╭─ Error ──────────────────────────────────────────────────────────────────────╮
│ Got unexpected extra argument(s)                                             │
│ (/Users/cafierom/python_mac/peptidebuilder/runs/oxybenzone/folds/openfold3/b │
│ gox31_5.pdb)                                                                 │
╰──────────────────────────────────────────────────────────────────────────────╯
--- openfold3 oxybenzone/bgox31_5 exit 0, converted (13:25:02)
CONVERT FAILED oxybenzone/bgox31_5 -- cif found but pdb empty, see /Users/cafierom/python_mac/peptidebuilder/runs/oxybenzone/folds/openfold3.batch.log
=== openfold3 oxybenzone/ox1_esm1_f8 (13:25:07)
✓ Initialized. View run at 
https://modal.com/apps/mauriciocafiero/main/ap-0ThOUSdD2bt6rXvkzCrB3Z
✓ Created objects.
├── 🔨 Created mount /Users/cafierom/python_mac/fold/src/fold/app.py
├── 🔨 Created mount PythonPackage:fold
└── 🔨 Created function predict.
submitting ox1_esm1_f8 on A10G ...

==========
== CUDA ==
==========

CUDA Version 12.1.1

Container image Copyright (c) 2016-2023, NVIDIA CORPORATION & AFFILIATES. All rights reserved.

This container image and its contents are governed by the NVIDIA Deep Learning Container License.
By pulling and using the container, you accept the terms and conditions of this license:
https://developer.nvidia.com/ngc/nvidia-deep-learning-container-license

A copy of this license is made available in this container at /NGC-DL-CONTAINER-LICENSE for your convenience.

weights already cached at /cache/of3-ob-2025-06-30-174k.pt (2287872989 bytes)
running: run_openfold predict --query_json=/tmp/ox1_esm1_f8_query.json --output_dir=/outputs/ox1_esm1_f8 --inference_ckpt_path=/cache/of3-ob-2025-06-30-174k.pt --use_msa_server=true --use_templates=false
[93m [WARNING] [0m Please pip install nvidia-cutlass
Submitting 1 sequences to the Colabfold MSA server for main MSAs...
No complexes found for paired MSA generation. Skipping...

Predicting: |          | 0/? [00:00<?, ?s/it]
Predicting: |          | 0/? [00:00<?, ?s/it]
Predicting DataLoader 0:   0%|          | 0/1 [00:00<?, ?s/it]
Predicting DataLoader 0: 100%|██████████| 1/1 [00:19<00:00, 19.15s/it]
Predicting DataLoader 0: 100%|██████████| 1/1 [00:19<00:00, 19.22s/it][93m [WARNING] [0m Please pip install nvidia-cutlass
[93m [WARNING] [0m Please pip install nvidia-cutlass
[93m [WARNING] [0m Please pip install nvidia-cutlass
[93m [WARNING] [0m Please pip install nvidia-cutlass
[93m [WARNING] [0m Please pip install nvidia-cutlass
[93m [WARNING] [0m Please pip install nvidia-cutlass
[93m [WARNING] [0m Please pip install nvidia-cutlass
[93m [WARNING] [0m Please pip install nvidia-cutlass
[93m [WARNING] [0m Please pip install nvidia-cutlass
[93m [WARNING] [0m Please pip install nvidia-cutlass


==================================================
    PREDICTION SUMMARY (COMPLETE)    
==================================================
Total Queries Processed: 1
  - Successful Queries:  1
  - Failed Queries:      0
==================================================

Removing empty log directory...

GPU available: True (cuda), used: True
TPU available: False, using: 0 TPU cores
💡 Tip: For seamless cloud logging and experiment tracking, try installing [litlogger](https://pypi.org/project/litlogger/) to enable LitLogger, which logs metrics and artifacts automatically to the Lightning Experiments platform.
💡 Tip: For seamless cloud uploads and versioning, try installing [litmodels](https://pypi.org/project/litmodels/) to enable LitModelCheckpoint, which syncs automatically with the Lightning model registry.
WARNING:openfold3.core.data.tools.colabfold_msa_server:Using output directory: /tmp/of3-of-root/msa-root-20261009T122525969552Z-ab4795c0 for ColabFold MSAs.

  0%|          | 0/150 [elapsed: 00:00 remaining: ?]
SUBMIT:   0%|          | 0/150 [elapsed: 00:00 remaining: ?]
PENDING:   0%|          | 0/150 [elapsed: 00:00 remaining: ?]
COMPLETE:   0%|          | 0/150 [elapsed: 00:08 remaining: ?]
COMPLETE: 100%|██████████| 150/150 [elapsed: 00:08 remaining: 00:00]
COMPLETE: 100%|██████████| 150/150 [elapsed: 00:09 remaining: 00:00]
/opt/openfold3/openfold3/core/data/tools/colabfold_msa_server.py:401: DeprecationWarning: Python 3.14 will, by default, filter extracted tar archives and reject files or modify their metadata. Use the filter argument to control this behavior.
  tar_gz.extractall(path)
WARNING:openfold3.core.data.tools.colabfold_msa_server:Colabfold returned no templates. Proceeding without template alignments for this batch.
LOCAL_RANK: 0 - CUDA_VISIBLE_DEVICES: [0]
Seed set to 42
/opt/conda/envs/openfold3/lib/python3.12/site-packages/torch/autograd/function.py:575: UserWarning: OpenFold3 Triton evoformer kernel is running on a non-HIP backend with default, untuned Triton config (AMD MFMA / waves_per_eu tunings disabled). Correctness holds; performance is not tuned for this backend.
  return super().apply(*args, **kwargs)  # type: ignore[misc]
/opt/conda/envs/openfold3/lib/python3.12/site-packages/torch/autograd/function.py:575: UserWarning: OpenFold3 Triton evoformer kernel is running on a non-HIP backend with default, untuned Triton config (AMD MFMA / waves_per_eu tunings disabled). Correctness holds; performance is not tuned for this backend.
  return super().apply(*args, **kwargs)  # type: ignore[misc]
/opt/conda/envs/openfold3/lib/python3.12/site-packages/torch/autograd/function.py:575: UserWarning: OpenFold3 Triton evoformer kernel is running on a non-HIP backend with default, untuned Triton config (AMD MFMA / waves_per_eu tunings disabled). Correctness holds; performance is not tuned for this backend.
  return super().apply(*args, **kwargs)  # type: ignore[misc]
/opt/conda/envs/openfold3/lib/python3.12/site-packages/torch/autograd/function.py:575: UserWarning: OpenFold3 Triton evoformer kernel is running on a non-HIP backend with default, untuned Triton config (AMD MFMA / waves_per_eu tunings disabled). Correctness holds; performance is not tuned for this backend.
  return super().apply(*args, **kwargs)  # type: ignore[misc]
/opt/conda/envs/openfold3/lib/python3.12/site-packages/torch/autograd/function.py:575: UserWarning: OpenFold3 Triton evoformer kernel is running on a non-HIP backend with default, untuned Triton config (AMD MFMA / waves_per_eu tunings disabled). Correctness holds; performance is not tuned for this backend.
  return super().apply(*args, **kwargs)  # type: ignore[misc]
/opt/conda/envs/openfold3/lib/python3.12/site-packages/torch/autograd/function.py:575: UserWarning: OpenFold3 Triton evoformer kernel is running on a non-HIP backend with default, untuned Triton config (AMD MFMA / waves_per_eu tunings disabled). Correctness holds; performance is not tuned for this backend.
  return super().apply(*args, **kwargs)  # type: ignore[misc]
/opt/conda/envs/openfold3/lib/python3.12/site-packages/torch/autograd/function.py:575: UserWarning: OpenFold3 Triton evoformer kernel is running on a non-HIP backend with default, untuned Triton config (AMD MFMA / waves_per_eu tunings disabled). Correctness holds; performance is not tuned for this backend.
  return super().apply(*args, **kwargs)  # type: ignore[misc]
/opt/conda/envs/openfold3/lib/python3.12/site-packages/torch/autograd/function.py:575: UserWarning: OpenFold3 Triton evoformer kernel is running on a non-HIP backend with default, untuned Triton config (AMD MFMA / waves_per_eu tunings disabled). Correctness holds; performance is not tuned for this backend.
  return super().apply(*args, **kwargs)  # type: ignore[misc]
/opt/conda/envs/openfold3/lib/python3.12/site-packages/biotite/structure/io/pdbx/convert.py:1024: DeprecationWarning: `include_bonds` parameter is deprecated, intra-residue are always written, if available
  warnings.warn(
/opt/conda/envs/openfold3/lib/python3.12/tempfile.py:940: ResourceWarning: Implicitly cleaning up <TemporaryDirectory '/tmp/tmp5lemb47n'>
  _warnings.warn(warn_message, ResourceWarning)

wrote outputs/ox1_esm1_f8/experiment_config.json
wrote outputs/ox1_esm1_f8/inference_query_set.json
wrote outputs/ox1_esm1_f8/model_config.json
wrote outputs/ox1_esm1_f8/summary.txt
wrote outputs/ox1_esm1_f8/msas/msa-root-20261009T122525969552Z-ab4795c0/main/5d50c4f8f669a558f28ca69e7f1d0debd78560d87d0d6a91a079f21307bbe160.npz
wrote outputs/ox1_esm1_f8/msas/msa-root-20261009T122525969552Z-ab4795c0/mappings/README.md
wrote outputs/ox1_esm1_f8/msas/msa-root-20261009T122525969552Z-ab4795c0/mappings/chain_id_to_rep_id.json
wrote outputs/ox1_esm1_f8/msas/msa-root-20261009T122525969552Z-ab4795c0/mappings/query_name_to_complex_id.json
wrote outputs/ox1_esm1_f8/msas/msa-root-20261009T122525969552Z-ab4795c0/mappings/rep_id_to_seq.json
wrote outputs/ox1_esm1_f8/msas/msa-root-20261009T122525969552Z-ab4795c0/mappings/seq_to_rep_id.json
wrote outputs/ox1_esm1_f8/msas/raw/msa-root-20261009T122525969552Z-ab4795c0/main/bfd.mgnify30.metaeuk30.smag30.a3m
wrote outputs/ox1_esm1_f8/msas/raw/msa-root-20261009T122525969552Z-ab4795c0/main/msa.sh
wrote outputs/ox1_esm1_f8/msas/raw/msa-root-20261009T122525969552Z-ab4795c0/main/out.tar.gz
wrote outputs/ox1_esm1_f8/msas/raw/msa-root-20261009T122525969552Z-ab4795c0/main/pdb70.m8
wrote outputs/ox1_esm1_f8/msas/raw/msa-root-20261009T122525969552Z-ab4795c0/main/uniref.a3m
wrote outputs/ox1_esm1_f8/ox1_esm1_f8/seed_42/ox1_esm1_f8_seed_42_sample_1_confidences.json
wrote outputs/ox1_esm1_f8/ox1_esm1_f8/seed_42/ox1_esm1_f8_seed_42_sample_1_confidences_aggregated.json
wrote outputs/ox1_esm1_f8/ox1_esm1_f8/seed_42/ox1_esm1_f8_seed_42_sample_1_model.cif
wrote outputs/ox1_esm1_f8/ox1_esm1_f8/seed_42/ox1_esm1_f8_seed_42_sample_2_confidences.json
wrote outputs/ox1_esm1_f8/ox1_esm1_f8/seed_42/ox1_esm1_f8_seed_42_sample_2_confidences_aggregated.json
wrote outputs/ox1_esm1_f8/ox1_esm1_f8/seed_42/ox1_esm1_f8_seed_42_sample_2_model.cif
wrote outputs/ox1_esm1_f8/ox1_esm1_f8/seed_42/ox1_esm1_f8_seed_42_sample_3_confidences.json
wrote outputs/ox1_esm1_f8/ox1_esm1_f8/seed_42/ox1_esm1_f8_seed_42_sample_3_confidences_aggregated.json
wrote outputs/ox1_esm1_f8/ox1_esm1_f8/seed_42/ox1_esm1_f8_seed_42_sample_3_model.cif
wrote outputs/ox1_esm1_f8/ox1_esm1_f8/seed_42/ox1_esm1_f8_seed_42_sample_4_confidences.json
wrote outputs/ox1_esm1_f8/ox1_esm1_f8/seed_42/ox1_esm1_f8_seed_42_sample_4_confidences_aggregated.json
wrote outputs/ox1_esm1_f8/ox1_esm1_f8/seed_42/ox1_esm1_f8_seed_42_sample_4_model.cif
wrote outputs/ox1_esm1_f8/ox1_esm1_f8/seed_42/ox1_esm1_f8_seed_42_sample_5_confidences.json
wrote outputs/ox1_esm1_f8/ox1_esm1_f8/seed_42/ox1_esm1_f8_seed_42_sample_5_confidences_aggregated.json
wrote outputs/ox1_esm1_f8/ox1_esm1_f8/seed_42/ox1_esm1_f8_seed_42_sample_5_model.cif
wrote outputs/ox1_esm1_f8/ox1_esm1_f8/seed_42/timing.json
interface confidence (best model: ox1_esm1_f8_seed_42_sample_3_model.cif):
  interface A-Z: ipSAE 0.095, pDockQ2 0.355, pDockQ 0.396
Stopping app - local entrypoint completed.
✓ App completed. View run at 
https://modal.com/apps/mauriciocafiero/main/ap-0ThOUSdD2bt6rXvkzCrB3Z
Usage: python -m fold.analyze cif-to-pdb [OPTIONS] {cif_path}
Try 'python -m fold.analyze cif-to-pdb --help' for help.
╭─ Error ──────────────────────────────────────────────────────────────────────╮
│ Got unexpected extra argument(s)                                             │
│ (/Users/cafierom/python_mac/peptidebuilder/runs/oxybenzone/folds/openfold3/o │
│ x1_esm1_f8.pdb)                                                              │
╰──────────────────────────────────────────────────────────────────────────────╯
--- openfold3 oxybenzone/ox1_esm1_f8 exit 0, converted (13:26:24)
CONVERT FAILED oxybenzone/ox1_esm1_f8 -- cif found but pdb empty, see /Users/cafierom/python_mac/peptidebuilder/runs/oxybenzone/folds/openfold3.batch.log
=== openfold3 oxybenzone/ox1_orig_f12 (13:26:29)
✓ Initialized. View run at 
https://modal.com/apps/mauriciocafiero/main/ap-8RaWqoSuZgi6NgAAHxJ33m
✓ Created objects.
├── 🔨 Created mount /Users/cafierom/python_mac/fold/src/fold/app.py
├── 🔨 Created mount PythonPackage:fold
└── 🔨 Created function predict.
submitting ox1_orig_f12 on A10G ...

==========
== CUDA ==
==========

CUDA Version 12.1.1

Container image Copyright (c) 2016-2023, NVIDIA CORPORATION & AFFILIATES. All rights reserved.

This container image and its contents are governed by the NVIDIA Deep Learning Container License.
By pulling and using the container, you accept the terms and conditions of this license:
https://developer.nvidia.com/ngc/nvidia-deep-learning-container-license

A copy of this license is made available in this container at /NGC-DL-CONTAINER-LICENSE for your convenience.

weights already cached at /cache/of3-ob-2025-06-30-174k.pt (2287872989 bytes)
running: run_openfold predict --query_json=/tmp/ox1_orig_f12_query.json --output_dir=/outputs/ox1_orig_f12 --inference_ckpt_path=/cache/of3-ob-2025-06-30-174k.pt --use_msa_server=true --use_templates=false
[93m [WARNING] [0m Please pip install nvidia-cutlass
Submitting 1 sequences to the Colabfold MSA server for main MSAs...
No complexes found for paired MSA generation. Skipping...

Predicting: |          | 0/? [00:00<?, ?s/it]
Predicting: |          | 0/? [00:00<?, ?s/it]
Predicting DataLoader 0:   0%|          | 0/1 [00:00<?, ?s/it]
Predicting DataLoader 0: 100%|██████████| 1/1 [00:20<00:00, 20.12s/it]
Predicting DataLoader 0: 100%|██████████| 1/1 [00:20<00:00, 20.19s/it][93m [WARNING] [0m Please pip install nvidia-cutlass
[93m [WARNING] [0m Please pip install nvidia-cutlass
[93m [WARNING] [0m Please pip install nvidia-cutlass
[93m [WARNING] [0m Please pip install nvidia-cutlass
[93m [WARNING] [0m Please pip install nvidia-cutlass
[93m [WARNING] [0m Please pip install nvidia-cutlass
[93m [WARNING] [0m Please pip install nvidia-cutlass
[93m [WARNING] [0m Please pip install nvidia-cutlass
[93m [WARNING] [0m Please pip install nvidia-cutlass
[93m [WARNING] [0m Please pip install nvidia-cutlass


==================================================
    PREDICTION SUMMARY (COMPLETE)    
==================================================
Total Queries Processed: 1
  - Successful Queries:  1
  - Failed Queries:      0
==================================================

Removing empty log directory...

GPU available: True (cuda), used: True
TPU available: False, using: 0 TPU cores
💡 Tip: For seamless cloud logging and experiment tracking, try installing [litlogger](https://pypi.org/project/litlogger/) to enable LitLogger, which logs metrics and artifacts automatically to the Lightning Experiments platform.
💡 Tip: For seamless cloud uploads and versioning, try installing [litmodels](https://pypi.org/project/litmodels/) to enable LitModelCheckpoint, which syncs automatically with the Lightning model registry.
WARNING:openfold3.core.data.tools.colabfold_msa_server:Using output directory: /tmp/of3-of-root/msa-root-20261009T122649551211Z-a512eac8 for ColabFold MSAs.

  0%|          | 0/150 [elapsed: 00:00 remaining: ?]
SUBMIT:   0%|          | 0/150 [elapsed: 00:00 remaining: ?]
PENDING:   0%|          | 0/150 [elapsed: 00:00 remaining: ?]
COMPLETE:   0%|          | 0/150 [elapsed: 00:07 remaining: ?]
COMPLETE: 100%|██████████| 150/150 [elapsed: 00:07 remaining: 00:00]
COMPLETE: 100%|██████████| 150/150 [elapsed: 00:08 remaining: 00:00]
/opt/openfold3/openfold3/core/data/tools/colabfold_msa_server.py:401: DeprecationWarning: Python 3.14 will, by default, filter extracted tar archives and reject files or modify their metadata. Use the filter argument to control this behavior.
  tar_gz.extractall(path)
WARNING:openfold3.core.data.tools.colabfold_msa_server:Colabfold returned no templates. Proceeding without template alignments for this batch.
LOCAL_RANK: 0 - CUDA_VISIBLE_DEVICES: [0]
Seed set to 42
/opt/conda/envs/openfold3/lib/python3.12/site-packages/torch/autograd/function.py:575: UserWarning: OpenFold3 Triton evoformer kernel is running on a non-HIP backend with default, untuned Triton config (AMD MFMA / waves_per_eu tunings disabled). Correctness holds; performance is not tuned for this backend.
  return super().apply(*args, **kwargs)  # type: ignore[misc]
/opt/conda/envs/openfold3/lib/python3.12/site-packages/torch/autograd/function.py:575: UserWarning: OpenFold3 Triton evoformer kernel is running on a non-HIP backend with default, untuned Triton config (AMD MFMA / waves_per_eu tunings disabled). Correctness holds; performance is not tuned for this backend.
  return super().apply(*args, **kwargs)  # type: ignore[misc]
/opt/conda/envs/openfold3/lib/python3.12/site-packages/torch/autograd/function.py:575: UserWarning: OpenFold3 Triton evoformer kernel is running on a non-HIP backend with default, untuned Triton config (AMD MFMA / waves_per_eu tunings disabled). Correctness holds; performance is not tuned for this backend.
  return super().apply(*args, **kwargs)  # type: ignore[misc]
/opt/conda/envs/openfold3/lib/python3.12/site-packages/torch/autograd/function.py:575: UserWarning: OpenFold3 Triton evoformer kernel is running on a non-HIP backend with default, untuned Triton config (AMD MFMA / waves_per_eu tunings disabled). Correctness holds; performance is not tuned for this backend.
  return super().apply(*args, **kwargs)  # type: ignore[misc]
/opt/conda/envs/openfold3/lib/python3.12/site-packages/torch/autograd/function.py:575: UserWarning: OpenFold3 Triton evoformer kernel is running on a non-HIP backend with default, untuned Triton config (AMD MFMA / waves_per_eu tunings disabled). Correctness holds; performance is not tuned for this backend.
  return super().apply(*args, **kwargs)  # type: ignore[misc]
/opt/conda/envs/openfold3/lib/python3.12/site-packages/torch/autograd/function.py:575: UserWarning: OpenFold3 Triton evoformer kernel is running on a non-HIP backend with default, untuned Triton config (AMD MFMA / waves_per_eu tunings disabled). Correctness holds; performance is not tuned for this backend.
  return super().apply(*args, **kwargs)  # type: ignore[misc]
/opt/conda/envs/openfold3/lib/python3.12/site-packages/torch/autograd/function.py:575: UserWarning: OpenFold3 Triton evoformer kernel is running on a non-HIP backend with default, untuned Triton config (AMD MFMA / waves_per_eu tunings disabled). Correctness holds; performance is not tuned for this backend.
  return super().apply(*args, **kwargs)  # type: ignore[misc]
/opt/conda/envs/openfold3/lib/python3.12/site-packages/torch/autograd/function.py:575: UserWarning: OpenFold3 Triton evoformer kernel is running on a non-HIP backend with default, untuned Triton config (AMD MFMA / waves_per_eu tunings disabled). Correctness holds; performance is not tuned for this backend.
  return super().apply(*args, **kwargs)  # type: ignore[misc]
/opt/conda/envs/openfold3/lib/python3.12/site-packages/biotite/structure/io/pdbx/convert.py:1024: DeprecationWarning: `include_bonds` parameter is deprecated, intra-residue are always written, if available
  warnings.warn(
/opt/conda/envs/openfold3/lib/python3.12/tempfile.py:940: ResourceWarning: Implicitly cleaning up <TemporaryDirectory '/tmp/tmpzyfk42d7'>
  _warnings.warn(warn_message, ResourceWarning)

wrote outputs/ox1_orig_f12/experiment_config.json
wrote outputs/ox1_orig_f12/inference_query_set.json
wrote outputs/ox1_orig_f12/model_config.json
wrote outputs/ox1_orig_f12/summary.txt
wrote outputs/ox1_orig_f12/msas/msa-root-20261009T122649551211Z-a512eac8/main/023b376a39d36c66cd8171d02781408cd042431e88b6f9f91d4e12e83a5e88ef.npz
wrote outputs/ox1_orig_f12/msas/msa-root-20261009T122649551211Z-a512eac8/mappings/README.md
wrote outputs/ox1_orig_f12/msas/msa-root-20261009T122649551211Z-a512eac8/mappings/chain_id_to_rep_id.json
wrote outputs/ox1_orig_f12/msas/msa-root-20261009T122649551211Z-a512eac8/mappings/query_name_to_complex_id.json
wrote outputs/ox1_orig_f12/msas/msa-root-20261009T122649551211Z-a512eac8/mappings/rep_id_to_seq.json
wrote outputs/ox1_orig_f12/msas/msa-root-20261009T122649551211Z-a512eac8/mappings/seq_to_rep_id.json
wrote outputs/ox1_orig_f12/msas/raw/msa-root-20261009T122649551211Z-a512eac8/main/bfd.mgnify30.metaeuk30.smag30.a3m
wrote outputs/ox1_orig_f12/msas/raw/msa-root-20261009T122649551211Z-a512eac8/main/msa.sh
wrote outputs/ox1_orig_f12/msas/raw/msa-root-20261009T122649551211Z-a512eac8/main/out.tar.gz
wrote outputs/ox1_orig_f12/msas/raw/msa-root-20261009T122649551211Z-a512eac8/main/pdb70.m8
wrote outputs/ox1_orig_f12/msas/raw/msa-root-20261009T122649551211Z-a512eac8/main/uniref.a3m
wrote outputs/ox1_orig_f12/ox1_orig_f12/seed_42/ox1_orig_f12_seed_42_sample_1_confidences.json
wrote outputs/ox1_orig_f12/ox1_orig_f12/seed_42/ox1_orig_f12_seed_42_sample_1_confidences_aggregated.json
wrote outputs/ox1_orig_f12/ox1_orig_f12/seed_42/ox1_orig_f12_seed_42_sample_1_model.cif
wrote outputs/ox1_orig_f12/ox1_orig_f12/seed_42/ox1_orig_f12_seed_42_sample_2_confidences.json
wrote outputs/ox1_orig_f12/ox1_orig_f12/seed_42/ox1_orig_f12_seed_42_sample_2_confidences_aggregated.json
wrote outputs/ox1_orig_f12/ox1_orig_f12/seed_42/ox1_orig_f12_seed_42_sample_2_model.cif
wrote outputs/ox1_orig_f12/ox1_orig_f12/seed_42/ox1_orig_f12_seed_42_sample_3_confidences.json
wrote outputs/ox1_orig_f12/ox1_orig_f12/seed_42/ox1_orig_f12_seed_42_sample_3_confidences_aggregated.json
wrote outputs/ox1_orig_f12/ox1_orig_f12/seed_42/ox1_orig_f12_seed_42_sample_3_model.cif
wrote outputs/ox1_orig_f12/ox1_orig_f12/seed_42/ox1_orig_f12_seed_42_sample_4_confidences.json
wrote outputs/ox1_orig_f12/ox1_orig_f12/seed_42/ox1_orig_f12_seed_42_sample_4_confidences_aggregated.json
wrote outputs/ox1_orig_f12/ox1_orig_f12/seed_42/ox1_orig_f12_seed_42_sample_4_model.cif
wrote outputs/ox1_orig_f12/ox1_orig_f12/seed_42/ox1_orig_f12_seed_42_sample_5_confidences.json
wrote outputs/ox1_orig_f12/ox1_orig_f12/seed_42/ox1_orig_f12_seed_42_sample_5_confidences_aggregated.json
wrote outputs/ox1_orig_f12/ox1_orig_f12/seed_42/ox1_orig_f12_seed_42_sample_5_model.cif
wrote outputs/ox1_orig_f12/ox1_orig_f12/seed_42/timing.json
interface confidence (best model: ox1_orig_f12_seed_42_sample_3_model.cif):
  interface A-Z: ipSAE 0.141, pDockQ2 0.333, pDockQ 0.544
Stopping app - local entrypoint completed.
✓ App completed. View run at 
https://modal.com/apps/mauriciocafiero/main/ap-8RaWqoSuZgi6NgAAHxJ33m
Usage: python -m fold.analyze cif-to-pdb [OPTIONS] {cif_path}
Try 'python -m fold.analyze cif-to-pdb --help' for help.
╭─ Error ──────────────────────────────────────────────────────────────────────╮
│ Got unexpected extra argument(s)                                             │
│ (/Users/cafierom/python_mac/peptidebuilder/runs/oxybenzone/folds/openfold3/o │
│ x1_orig_f12.pdb)                                                             │
╰──────────────────────────────────────────────────────────────────────────────╯
--- openfold3 oxybenzone/ox1_orig_f12 exit 0, converted (13:27:48)
CONVERT FAILED oxybenzone/ox1_orig_f12 -- cif found but pdb empty, see /Users/cafierom/python_mac/peptidebuilder/runs/oxybenzone/folds/openfold3.batch.log
=== openfold3 oxybenzone/ox2_esm1_f8 (13:27:54)
✓ Initialized. View run at 
https://modal.com/apps/mauriciocafiero/main/ap-I8GpJYNZLY23tY4RWlPqAi
✓ Created objects.
├── 🔨 Created mount /Users/cafierom/python_mac/fold/src/fold/app.py
├── 🔨 Created mount PythonPackage:fold
└── 🔨 Created function predict.
submitting ox2_esm1_f8 on A10G ...

==========
== CUDA ==
==========

CUDA Version 12.1.1

Container image Copyright (c) 2016-2023, NVIDIA CORPORATION & AFFILIATES. All rights reserved.

This container image and its contents are governed by the NVIDIA Deep Learning Container License.
By pulling and using the container, you accept the terms and conditions of this license:
https://developer.nvidia.com/ngc/nvidia-deep-learning-container-license

A copy of this license is made available in this container at /NGC-DL-CONTAINER-LICENSE for your convenience.

weights already cached at /cache/of3-ob-2025-06-30-174k.pt (2287872989 bytes)
running: run_openfold predict --query_json=/tmp/ox2_esm1_f8_query.json --output_dir=/outputs/ox2_esm1_f8 --inference_ckpt_path=/cache/of3-ob-2025-06-30-174k.pt --use_msa_server=true --use_templates=false
[93m [WARNING] [0m Please pip install nvidia-cutlass
Submitting 1 sequences to the Colabfold MSA server for main MSAs...
No complexes found for paired MSA generation. Skipping...

Predicting: |          | 0/? [00:00<?, ?s/it]
Predicting: |          | 0/? [00:00<?, ?s/it]
Predicting DataLoader 0:   0%|          | 0/1 [00:00<?, ?s/it]
Predicting DataLoader 0: 100%|██████████| 1/1 [00:19<00:00, 19.73s/it]
Predicting DataLoader 0: 100%|██████████| 1/1 [00:19<00:00, 19.82s/it][93m [WARNING] [0m Please pip install nvidia-cutlass
[93m [WARNING] [0m Please pip install nvidia-cutlass
[93m [WARNING] [0m Please pip install nvidia-cutlass
[93m [WARNING] [0m Please pip install nvidia-cutlass
[93m [WARNING] [0m Please pip install nvidia-cutlass
[93m [WARNING] [0m Please pip install nvidia-cutlass
[93m [WARNING] [0m Please pip install nvidia-cutlass
[93m [WARNING] [0m Please pip install nvidia-cutlass
[93m [WARNING] [0m Please pip install nvidia-cutlass
[93m [WARNING] [0m Please pip install nvidia-cutlass


==================================================
    PREDICTION SUMMARY (COMPLETE)    
==================================================
Total Queries Processed: 1
  - Successful Queries:  1
  - Failed Queries:      0
==================================================

Removing empty log directory...

GPU available: True (cuda), used: True
TPU available: False, using: 0 TPU cores
💡 Tip: For seamless cloud logging and experiment tracking, try installing [litlogger](https://pypi.org/project/litlogger/) to enable LitLogger, which logs metrics and artifacts automatically to the Lightning Experiments platform.
💡 Tip: For seamless cloud uploads and versioning, try installing [litmodels](https://pypi.org/project/litmodels/) to enable LitModelCheckpoint, which syncs automatically with the Lightning model registry.
WARNING:openfold3.core.data.tools.colabfold_msa_server:Using output directory: /tmp/of3-of-root/msa-root-20261009T122813461053Z-eb458d7b for ColabFold MSAs.

  0%|          | 0/150 [elapsed: 00:00 remaining: ?]
SUBMIT:   0%|          | 0/150 [elapsed: 00:00 remaining: ?]
PENDING:   0%|          | 0/150 [elapsed: 00:00 remaining: ?]
RUNNING:   0%|          | 0/150 [elapsed: 00:06 remaining: ?]
RUNNING:   3%|▎         | 5/150 [elapsed: 00:06 remaining: 02:59]
COMPLETE:   3%|▎         | 5/150 [elapsed: 00:12 remaining: 02:59]
COMPLETE: 100%|██████████| 150/150 [elapsed: 00:12 remaining: 00:00]
COMPLETE: 100%|██████████| 150/150 [elapsed: 00:13 remaining: 00:00]
/opt/openfold3/openfold3/core/data/tools/colabfold_msa_server.py:401: DeprecationWarning: Python 3.14 will, by default, filter extracted tar archives and reject files or modify their metadata. Use the filter argument to control this behavior.
  tar_gz.extractall(path)
WARNING:openfold3.core.data.tools.colabfold_msa_server:Colabfold returned no templates. Proceeding without template alignments for this batch.
LOCAL_RANK: 0 - CUDA_VISIBLE_DEVICES: [0]
Seed set to 42
/opt/conda/envs/openfold3/lib/python3.12/site-packages/torch/autograd/function.py:575: UserWarning: OpenFold3 Triton evoformer kernel is running on a non-HIP backend with default, untuned Triton config (AMD MFMA / waves_per_eu tunings disabled). Correctness holds; performance is not tuned for this backend.
  return super().apply(*args, **kwargs)  # type: ignore[misc]
/opt/conda/envs/openfold3/lib/python3.12/site-packages/torch/autograd/function.py:575: UserWarning: OpenFold3 Triton evoformer kernel is running on a non-HIP backend with default, untuned Triton config (AMD MFMA / waves_per_eu tunings disabled). Correctness holds; performance is not tuned for this backend.
  return super().apply(*args, **kwargs)  # type: ignore[misc]
/opt/conda/envs/openfold3/lib/python3.12/site-packages/torch/autograd/function.py:575: UserWarning: OpenFold3 Triton evoformer kernel is running on a non-HIP backend with default, untuned Triton config (AMD MFMA / waves_per_eu tunings disabled). Correctness holds; performance is not tuned for this backend.
  return super().apply(*args, **kwargs)  # type: ignore[misc]
/opt/conda/envs/openfold3/lib/python3.12/site-packages/torch/autograd/function.py:575: UserWarning: OpenFold3 Triton evoformer kernel is running on a non-HIP backend with default, untuned Triton config (AMD MFMA / waves_per_eu tunings disabled). Correctness holds; performance is not tuned for this backend.
  return super().apply(*args, **kwargs)  # type: ignore[misc]
/opt/conda/envs/openfold3/lib/python3.12/site-packages/torch/autograd/function.py:575: UserWarning: OpenFold3 Triton evoformer kernel is running on a non-HIP backend with default, untuned Triton config (AMD MFMA / waves_per_eu tunings disabled). Correctness holds; performance is not tuned for this backend.
  return super().apply(*args, **kwargs)  # type: ignore[misc]
/opt/conda/envs/openfold3/lib/python3.12/site-packages/torch/autograd/function.py:575: UserWarning: OpenFold3 Triton evoformer kernel is running on a non-HIP backend with default, untuned Triton config (AMD MFMA / waves_per_eu tunings disabled). Correctness holds; performance is not tuned for this backend.
  return super().apply(*args, **kwargs)  # type: ignore[misc]
/opt/conda/envs/openfold3/lib/python3.12/site-packages/torch/autograd/function.py:575: UserWarning: OpenFold3 Triton evoformer kernel is running on a non-HIP backend with default, untuned Triton config (AMD MFMA / waves_per_eu tunings disabled). Correctness holds; performance is not tuned for this backend.
  return super().apply(*args, **kwargs)  # type: ignore[misc]
/opt/conda/envs/openfold3/lib/python3.12/site-packages/torch/autograd/function.py:575: UserWarning: OpenFold3 Triton evoformer kernel is running on a non-HIP backend with default, untuned Triton config (AMD MFMA / waves_per_eu tunings disabled). Correctness holds; performance is not tuned for this backend.
  return super().apply(*args, **kwargs)  # type: ignore[misc]
/opt/conda/envs/openfold3/lib/python3.12/site-packages/biotite/structure/io/pdbx/convert.py:1024: DeprecationWarning: `include_bonds` parameter is deprecated, intra-residue are always written, if available
  warnings.warn(
/opt/conda/envs/openfold3/lib/python3.12/tempfile.py:940: ResourceWarning: Implicitly cleaning up <TemporaryDirectory '/tmp/tmptwcdysmt'>
  _warnings.warn(warn_message, ResourceWarning)

wrote outputs/ox2_esm1_f8/experiment_config.json
wrote outputs/ox2_esm1_f8/inference_query_set.json
wrote outputs/ox2_esm1_f8/model_config.json
wrote outputs/ox2_esm1_f8/summary.txt
wrote outputs/ox2_esm1_f8/msas/msa-root-20261009T122813461053Z-eb458d7b/main/5c43bab5f84631f5bb25a23fd1e18bc84a6b5d37140fe7f5080dcd5362b845c8.npz
wrote outputs/ox2_esm1_f8/msas/msa-root-20261009T122813461053Z-eb458d7b/mappings/README.md
wrote outputs/ox2_esm1_f8/msas/msa-root-20261009T122813461053Z-eb458d7b/mappings/chain_id_to_rep_id.json
wrote outputs/ox2_esm1_f8/msas/msa-root-20261009T122813461053Z-eb458d7b/mappings/query_name_to_complex_id.json
wrote outputs/ox2_esm1_f8/msas/msa-root-20261009T122813461053Z-eb458d7b/mappings/rep_id_to_seq.json
wrote outputs/ox2_esm1_f8/msas/msa-root-20261009T122813461053Z-eb458d7b/mappings/seq_to_rep_id.json
wrote outputs/ox2_esm1_f8/msas/raw/msa-root-20261009T122813461053Z-eb458d7b/main/bfd.mgnify30.metaeuk30.smag30.a3m
wrote outputs/ox2_esm1_f8/msas/raw/msa-root-20261009T122813461053Z-eb458d7b/main/msa.sh
wrote outputs/ox2_esm1_f8/msas/raw/msa-root-20261009T122813461053Z-eb458d7b/main/out.tar.gz
wrote outputs/ox2_esm1_f8/msas/raw/msa-root-20261009T122813461053Z-eb458d7b/main/pdb70.m8
wrote outputs/ox2_esm1_f8/msas/raw/msa-root-20261009T122813461053Z-eb458d7b/main/uniref.a3m
wrote outputs/ox2_esm1_f8/ox2_esm1_f8/seed_42/ox2_esm1_f8_seed_42_sample_1_confidences.json
wrote outputs/ox2_esm1_f8/ox2_esm1_f8/seed_42/ox2_esm1_f8_seed_42_sample_1_confidences_aggregated.json
wrote outputs/ox2_esm1_f8/ox2_esm1_f8/seed_42/ox2_esm1_f8_seed_42_sample_1_model.cif
wrote outputs/ox2_esm1_f8/ox2_esm1_f8/seed_42/ox2_esm1_f8_seed_42_sample_2_confidences.json
wrote outputs/ox2_esm1_f8/ox2_esm1_f8/seed_42/ox2_esm1_f8_seed_42_sample_2_confidences_aggregated.json
wrote outputs/ox2_esm1_f8/ox2_esm1_f8/seed_42/ox2_esm1_f8_seed_42_sample_2_model.cif
wrote outputs/ox2_esm1_f8/ox2_esm1_f8/seed_42/ox2_esm1_f8_seed_42_sample_3_confidences.json
wrote outputs/ox2_esm1_f8/ox2_esm1_f8/seed_42/ox2_esm1_f8_seed_42_sample_3_confidences_aggregated.json
wrote outputs/ox2_esm1_f8/ox2_esm1_f8/seed_42/ox2_esm1_f8_seed_42_sample_3_model.cif
wrote outputs/ox2_esm1_f8/ox2_esm1_f8/seed_42/ox2_esm1_f8_seed_42_sample_4_confidences.json
wrote outputs/ox2_esm1_f8/ox2_esm1_f8/seed_42/ox2_esm1_f8_seed_42_sample_4_confidences_aggregated.json
wrote outputs/ox2_esm1_f8/ox2_esm1_f8/seed_42/ox2_esm1_f8_seed_42_sample_4_model.cif
wrote outputs/ox2_esm1_f8/ox2_esm1_f8/seed_42/ox2_esm1_f8_seed_42_sample_5_confidences.json
wrote outputs/ox2_esm1_f8/ox2_esm1_f8/seed_42/ox2_esm1_f8_seed_42_sample_5_confidences_aggregated.json
wrote outputs/ox2_esm1_f8/ox2_esm1_f8/seed_42/ox2_esm1_f8_seed_42_sample_5_model.cif
wrote outputs/ox2_esm1_f8/ox2_esm1_f8/seed_42/timing.json
interface confidence (best model: ox2_esm1_f8_seed_42_sample_1_model.cif):
  interface A-Z: ipSAE 0.033, pDockQ2 0.088, pDockQ 0.320
Stopping app - local entrypoint completed.
✓ App completed. View run at 
https://modal.com/apps/mauriciocafiero/main/ap-I8GpJYNZLY23tY4RWlPqAi
Usage: python -m fold.analyze cif-to-pdb [OPTIONS] {cif_path}
Try 'python -m fold.analyze cif-to-pdb --help' for help.
╭─ Error ──────────────────────────────────────────────────────────────────────╮
│ Got unexpected extra argument(s)                                             │
│ (/Users/cafierom/python_mac/peptidebuilder/runs/oxybenzone/folds/openfold3/o │
│ x2_esm1_f8.pdb)                                                              │
╰──────────────────────────────────────────────────────────────────────────────╯
--- openfold3 oxybenzone/ox2_esm1_f8 exit 0, converted (13:29:17)
CONVERT FAILED oxybenzone/ox2_esm1_f8 -- cif found but pdb empty, see /Users/cafierom/python_mac/peptidebuilder/runs/oxybenzone/folds/openfold3.batch.log
=== openfold3 oxybenzone/ox2_orig_f8 (13:29:22)
✓ Initialized. View run at 
https://modal.com/apps/mauriciocafiero/main/ap-ZjMyTujtpsuLxCpD2Pow76
✓ Created objects.
├── 🔨 Created mount /Users/cafierom/python_mac/fold/src/fold/app.py
├── 🔨 Created mount PythonPackage:fold
└── 🔨 Created function predict.
submitting ox2_orig_f8 on A10G ...

==========
== CUDA ==
==========

CUDA Version 12.1.1

Container image Copyright (c) 2016-2023, NVIDIA CORPORATION & AFFILIATES. All rights reserved.

This container image and its contents are governed by the NVIDIA Deep Learning Container License.
By pulling and using the container, you accept the terms and conditions of this license:
https://developer.nvidia.com/ngc/nvidia-deep-learning-container-license

A copy of this license is made available in this container at /NGC-DL-CONTAINER-LICENSE for your convenience.

weights already cached at /cache/of3-ob-2025-06-30-174k.pt (2287872989 bytes)
running: run_openfold predict --query_json=/tmp/ox2_orig_f8_query.json --output_dir=/outputs/ox2_orig_f8 --inference_ckpt_path=/cache/of3-ob-2025-06-30-174k.pt --use_msa_server=true --use_templates=false
[93m [WARNING] [0m Please pip install nvidia-cutlass
Submitting 1 sequences to the Colabfold MSA server for main MSAs...
No complexes found for paired MSA generation. Skipping...

Predicting: |          | 0/? [00:00<?, ?s/it]
Predicting: |          | 0/? [00:00<?, ?s/it]
Predicting DataLoader 0:   0%|          | 0/1 [00:00<?, ?s/it]
Predicting DataLoader 0: 100%|██████████| 1/1 [00:27<00:00, 27.06s/it]
Predicting DataLoader 0: 100%|██████████| 1/1 [00:27<00:00, 27.17s/it][93m [WARNING] [0m Please pip install nvidia-cutlass
[93m [WARNING] [0m Please pip install nvidia-cutlass
[93m [WARNING] [0m Please pip install nvidia-cutlass
[93m [WARNING] [0m Please pip install nvidia-cutlass
[93m [WARNING] [0m Please pip install nvidia-cutlass
[93m [WARNING] [0m Please pip install nvidia-cutlass
[93m [WARNING] [0m Please pip install nvidia-cutlass
[93m [WARNING] [0m Please pip install nvidia-cutlass
[93m [WARNING] [0m Please pip install nvidia-cutlass
[93m [WARNING] [0m Please pip install nvidia-cutlass


==================================================
    PREDICTION SUMMARY (COMPLETE)    
==================================================
Total Queries Processed: 1
  - Successful Queries:  1
  - Failed Queries:      0
==================================================

Removing empty log directory...

GPU available: True (cuda), used: True
TPU available: False, using: 0 TPU cores
💡 Tip: For seamless cloud logging and experiment tracking, try installing [litlogger](https://pypi.org/project/litlogger/) to enable LitLogger, which logs metrics and artifacts automatically to the Lightning Experiments platform.
💡 Tip: For seamless cloud uploads and versioning, try installing [litmodels](https://pypi.org/project/litmodels/) to enable LitModelCheckpoint, which syncs automatically with the Lightning model registry.
WARNING:openfold3.core.data.tools.colabfold_msa_server:Using output directory: /tmp/of3-of-root/msa-root-20261009T122954487115Z-a5e065ac for ColabFold MSAs.

  0%|          | 0/150 [elapsed: 00:00 remaining: ?]
SUBMIT:   0%|          | 0/150 [elapsed: 00:00 remaining: ?]
PENDING:   0%|          | 0/150 [elapsed: 00:00 remaining: ?]
COMPLETE:   0%|          | 0/150 [elapsed: 00:08 remaining: ?]
COMPLETE: 100%|██████████| 150/150 [elapsed: 00:08 remaining: 00:00]
COMPLETE: 100%|██████████| 150/150 [elapsed: 00:09 remaining: 00:00]
/opt/openfold3/openfold3/core/data/tools/colabfold_msa_server.py:401: DeprecationWarning: Python 3.14 will, by default, filter extracted tar archives and reject files or modify their metadata. Use the filter argument to control this behavior.
  tar_gz.extractall(path)
WARNING:openfold3.core.data.tools.colabfold_msa_server:Colabfold returned no templates. Proceeding without template alignments for this batch.
LOCAL_RANK: 0 - CUDA_VISIBLE_DEVICES: [0]
Seed set to 42
/opt/conda/envs/openfold3/lib/python3.12/site-packages/torch/autograd/function.py:575: UserWarning: OpenFold3 Triton evoformer kernel is running on a non-HIP backend with default, untuned Triton config (AMD MFMA / waves_per_eu tunings disabled). Correctness holds; performance is not tuned for this backend.
  return super().apply(*args, **kwargs)  # type: ignore[misc]
/opt/conda/envs/openfold3/lib/python3.12/site-packages/torch/autograd/function.py:575: UserWarning: OpenFold3 Triton evoformer kernel is running on a non-HIP backend with default, untuned Triton config (AMD MFMA / waves_per_eu tunings disabled). Correctness holds; performance is not tuned for this backend.
  return super().apply(*args, **kwargs)  # type: ignore[misc]
/opt/conda/envs/openfold3/lib/python3.12/site-packages/torch/autograd/function.py:575: UserWarning: OpenFold3 Triton evoformer kernel is running on a non-HIP backend with default, untuned Triton config (AMD MFMA / waves_per_eu tunings disabled). Correctness holds; performance is not tuned for this backend.
  return super().apply(*args, **kwargs)  # type: ignore[misc]
/opt/conda/envs/openfold3/lib/python3.12/site-packages/torch/autograd/function.py:575: UserWarning: OpenFold3 Triton evoformer kernel is running on a non-HIP backend with default, untuned Triton config (AMD MFMA / waves_per_eu tunings disabled). Correctness holds; performance is not tuned for this backend.
  return super().apply(*args, **kwargs)  # type: ignore[misc]
/opt/conda/envs/openfold3/lib/python3.12/site-packages/torch/autograd/function.py:575: UserWarning: OpenFold3 Triton evoformer kernel is running on a non-HIP backend with default, untuned Triton config (AMD MFMA / waves_per_eu tunings disabled). Correctness holds; performance is not tuned for this backend.
  return super().apply(*args, **kwargs)  # type: ignore[misc]
/opt/conda/envs/openfold3/lib/python3.12/site-packages/torch/autograd/function.py:575: UserWarning: OpenFold3 Triton evoformer kernel is running on a non-HIP backend with default, untuned Triton config (AMD MFMA / waves_per_eu tunings disabled). Correctness holds; performance is not tuned for this backend.
  return super().apply(*args, **kwargs)  # type: ignore[misc]
/opt/conda/envs/openfold3/lib/python3.12/site-packages/torch/autograd/function.py:575: UserWarning: OpenFold3 Triton evoformer kernel is running on a non-HIP backend with default, untuned Triton config (AMD MFMA / waves_per_eu tunings disabled). Correctness holds; performance is not tuned for this backend.
  return super().apply(*args, **kwargs)  # type: ignore[misc]
/opt/conda/envs/openfold3/lib/python3.12/site-packages/torch/autograd/function.py:575: UserWarning: OpenFold3 Triton evoformer kernel is running on a non-HIP backend with default, untuned Triton config (AMD MFMA / waves_per_eu tunings disabled). Correctness holds; performance is not tuned for this backend.
  return super().apply(*args, **kwargs)  # type: ignore[misc]
/opt/conda/envs/openfold3/lib/python3.12/site-packages/biotite/structure/io/pdbx/convert.py:1024: DeprecationWarning: `include_bonds` parameter is deprecated, intra-residue are always written, if available
  warnings.warn(
/opt/conda/envs/openfold3/lib/python3.12/tempfile.py:940: ResourceWarning: Implicitly cleaning up <TemporaryDirectory '/tmp/tmpbpay1cw5'>
  _warnings.warn(warn_message, ResourceWarning)

wrote outputs/ox2_orig_f8/experiment_config.json
wrote outputs/ox2_orig_f8/inference_query_set.json
wrote outputs/ox2_orig_f8/model_config.json
wrote outputs/ox2_orig_f8/summary.txt
wrote outputs/ox2_orig_f8/msas/msa-root-20261009T122954487115Z-a5e065ac/main/8fc4b0c2820f055086b9e8fdabafb5c223524e86e51d1f759ccd122f306fa1bf.npz
wrote outputs/ox2_orig_f8/msas/msa-root-20261009T122954487115Z-a5e065ac/mappings/README.md
wrote outputs/ox2_orig_f8/msas/msa-root-20261009T122954487115Z-a5e065ac/mappings/chain_id_to_rep_id.json
wrote outputs/ox2_orig_f8/msas/msa-root-20261009T122954487115Z-a5e065ac/mappings/query_name_to_complex_id.json
wrote outputs/ox2_orig_f8/msas/msa-root-20261009T122954487115Z-a5e065ac/mappings/rep_id_to_seq.json
wrote outputs/ox2_orig_f8/msas/msa-root-20261009T122954487115Z-a5e065ac/mappings/seq_to_rep_id.json
wrote outputs/ox2_orig_f8/msas/raw/msa-root-20261009T122954487115Z-a5e065ac/main/bfd.mgnify30.metaeuk30.smag30.a3m
wrote outputs/ox2_orig_f8/msas/raw/msa-root-20261009T122954487115Z-a5e065ac/main/msa.sh
wrote outputs/ox2_orig_f8/msas/raw/msa-root-20261009T122954487115Z-a5e065ac/main/out.tar.gz
wrote outputs/ox2_orig_f8/msas/raw/msa-root-20261009T122954487115Z-a5e065ac/main/pdb70.m8
wrote outputs/ox2_orig_f8/msas/raw/msa-root-20261009T122954487115Z-a5e065ac/main/uniref.a3m
wrote outputs/ox2_orig_f8/ox2_orig_f8/seed_42/ox2_orig_f8_seed_42_sample_1_confidences.json
wrote outputs/ox2_orig_f8/ox2_orig_f8/seed_42/ox2_orig_f8_seed_42_sample_1_confidences_aggregated.json
wrote outputs/ox2_orig_f8/ox2_orig_f8/seed_42/ox2_orig_f8_seed_42_sample_1_model.cif
wrote outputs/ox2_orig_f8/ox2_orig_f8/seed_42/ox2_orig_f8_seed_42_sample_2_confidences.json
wrote outputs/ox2_orig_f8/ox2_orig_f8/seed_42/ox2_orig_f8_seed_42_sample_2_confidences_aggregated.json
wrote outputs/ox2_orig_f8/ox2_orig_f8/seed_42/ox2_orig_f8_seed_42_sample_2_model.cif
wrote outputs/ox2_orig_f8/ox2_orig_f8/seed_42/ox2_orig_f8_seed_42_sample_3_confidences.json
wrote outputs/ox2_orig_f8/ox2_orig_f8/seed_42/ox2_orig_f8_seed_42_sample_3_confidences_aggregated.json
wrote outputs/ox2_orig_f8/ox2_orig_f8/seed_42/ox2_orig_f8_seed_42_sample_3_model.cif
wrote outputs/ox2_orig_f8/ox2_orig_f8/seed_42/ox2_orig_f8_seed_42_sample_4_confidences.json
wrote outputs/ox2_orig_f8/ox2_orig_f8/seed_42/ox2_orig_f8_seed_42_sample_4_confidences_aggregated.json
wrote outputs/ox2_orig_f8/ox2_orig_f8/seed_42/ox2_orig_f8_seed_42_sample_4_model.cif
wrote outputs/ox2_orig_f8/ox2_orig_f8/seed_42/ox2_orig_f8_seed_42_sample_5_confidences.json
wrote outputs/ox2_orig_f8/ox2_orig_f8/seed_42/ox2_orig_f8_seed_42_sample_5_confidences_aggregated.json
wrote outputs/ox2_orig_f8/ox2_orig_f8/seed_42/ox2_orig_f8_seed_42_sample_5_model.cif
wrote outputs/ox2_orig_f8/ox2_orig_f8/seed_42/timing.json
interface confidence (best model: ox2_orig_f8_seed_42_sample_4_model.cif):
  interface A-Z: ipSAE 0.192, pDockQ2 0.359, pDockQ 0.508
Stopping app - local entrypoint completed.
✓ App completed. View run at 
https://modal.com/apps/mauriciocafiero/main/ap-ZjMyTujtpsuLxCpD2Pow76
Usage: python -m fold.analyze cif-to-pdb [OPTIONS] {cif_path}
Try 'python -m fold.analyze cif-to-pdb --help' for help.
╭─ Error ──────────────────────────────────────────────────────────────────────╮
│ Got unexpected extra argument(s)                                             │
│ (/Users/cafierom/python_mac/peptidebuilder/runs/oxybenzone/folds/openfold3/o │
│ x2_orig_f8.pdb)                                                              │
╰──────────────────────────────────────────────────────────────────────────────╯
--- openfold3 oxybenzone/ox2_orig_f8 exit 0, converted (13:31:15)
CONVERT FAILED oxybenzone/ox2_orig_f8 -- cif found but pdb empty, see /Users/cafierom/python_mac/peptidebuilder/runs/oxybenzone/folds/openfold3.batch.log
=== openfold3 oxybenzone/ox2_shuffle (13:31:20)
✓ Initialized. View run at 
https://modal.com/apps/mauriciocafiero/main/ap-nTGiSQjFF23chht4VhxnQb
✓ Created objects.
├── 🔨 Created mount /Users/cafierom/python_mac/fold/src/fold/app.py
├── 🔨 Created mount PythonPackage:fold
└── 🔨 Created function predict.
submitting ox2_shuffle on A10G ...

==========
== CUDA ==
==========

CUDA Version 12.1.1

Container image Copyright (c) 2016-2023, NVIDIA CORPORATION & AFFILIATES. All rights reserved.

This container image and its contents are governed by the NVIDIA Deep Learning Container License.
By pulling and using the container, you accept the terms and conditions of this license:
https://developer.nvidia.com/ngc/nvidia-deep-learning-container-license

A copy of this license is made available in this container at /NGC-DL-CONTAINER-LICENSE for your convenience.

weights already cached at /cache/of3-ob-2025-06-30-174k.pt (2287872989 bytes)
running: run_openfold predict --query_json=/tmp/ox2_shuffle_query.json --output_dir=/outputs/ox2_shuffle --inference_ckpt_path=/cache/of3-ob-2025-06-30-174k.pt --use_msa_server=true --use_templates=false
[93m [WARNING] [0m Please pip install nvidia-cutlass
Submitting 1 sequences to the Colabfold MSA server for main MSAs...
No complexes found for paired MSA generation. Skipping...

Predicting: |          | 0/? [00:00<?, ?s/it]
Predicting: |          | 0/? [00:00<?, ?s/it]
Predicting DataLoader 0:   0%|          | 0/1 [00:00<?, ?s/it]
Predicting DataLoader 0: 100%|██████████| 1/1 [00:19<00:00, 19.29s/it]
Predicting DataLoader 0: 100%|██████████| 1/1 [00:19<00:00, 19.36s/it][93m [WARNING] [0m Please pip install nvidia-cutlass
[93m [WARNING] [0m Please pip install nvidia-cutlass
[93m [WARNING] [0m Please pip install nvidia-cutlass
[93m [WARNING] [0m Please pip install nvidia-cutlass
[93m [WARNING] [0m Please pip install nvidia-cutlass
[93m [WARNING] [0m Please pip install nvidia-cutlass
[93m [WARNING] [0m Please pip install nvidia-cutlass
[93m [WARNING] [0m Please pip install nvidia-cutlass
[93m [WARNING] [0m Please pip install nvidia-cutlass
[93m [WARNING] [0m Please pip install nvidia-cutlass


==================================================
    PREDICTION SUMMARY (COMPLETE)    
==================================================
Total Queries Processed: 1
  - Successful Queries:  1
  - Failed Queries:      0
==================================================

Removing empty log directory...

GPU available: True (cuda), used: True
TPU available: False, using: 0 TPU cores
💡 Tip: For seamless cloud logging and experiment tracking, try installing [litlogger](https://pypi.org/project/litlogger/) to enable LitLogger, which logs metrics and artifacts automatically to the Lightning Experiments platform.
💡 Tip: For seamless cloud uploads and versioning, try installing [litmodels](https://pypi.org/project/litmodels/) to enable LitModelCheckpoint, which syncs automatically with the Lightning model registry.
WARNING:openfold3.core.data.tools.colabfold_msa_server:Using output directory: /tmp/of3-of-root/msa-root-20261009T123140996074Z-3688063a for ColabFold MSAs.

  0%|          | 0/150 [elapsed: 00:00 remaining: ?]
SUBMIT:   0%|          | 0/150 [elapsed: 00:00 remaining: ?]
PENDING:   0%|          | 0/150 [elapsed: 00:00 remaining: ?]
COMPLETE:   0%|          | 0/150 [elapsed: 00:08 remaining: ?]
COMPLETE: 100%|██████████| 150/150 [elapsed: 00:08 remaining: 00:00]
COMPLETE: 100%|██████████| 150/150 [elapsed: 00:08 remaining: 00:00]
/opt/openfold3/openfold3/core/data/tools/colabfold_msa_server.py:401: DeprecationWarning: Python 3.14 will, by default, filter extracted tar archives and reject files or modify their metadata. Use the filter argument to control this behavior.
  tar_gz.extractall(path)
WARNING:openfold3.core.data.tools.colabfold_msa_server:Colabfold returned no templates. Proceeding without template alignments for this batch.
LOCAL_RANK: 0 - CUDA_VISIBLE_DEVICES: [0]
Seed set to 42
/opt/conda/envs/openfold3/lib/python3.12/site-packages/torch/autograd/function.py:575: UserWarning: OpenFold3 Triton evoformer kernel is running on a non-HIP backend with default, untuned Triton config (AMD MFMA / waves_per_eu tunings disabled). Correctness holds; performance is not tuned for this backend.
  return super().apply(*args, **kwargs)  # type: ignore[misc]
/opt/conda/envs/openfold3/lib/python3.12/site-packages/torch/autograd/function.py:575: UserWarning: OpenFold3 Triton evoformer kernel is running on a non-HIP backend with default, untuned Triton config (AMD MFMA / waves_per_eu tunings disabled). Correctness holds; performance is not tuned for this backend.
  return super().apply(*args, **kwargs)  # type: ignore[misc]
/opt/conda/envs/openfold3/lib/python3.12/site-packages/torch/autograd/function.py:575: UserWarning: OpenFold3 Triton evoformer kernel is running on a non-HIP backend with default, untuned Triton config (AMD MFMA / waves_per_eu tunings disabled). Correctness holds; performance is not tuned for this backend.
  return super().apply(*args, **kwargs)  # type: ignore[misc]
/opt/conda/envs/openfold3/lib/python3.12/site-packages/torch/autograd/function.py:575: UserWarning: OpenFold3 Triton evoformer kernel is running on a non-HIP backend with default, untuned Triton config (AMD MFMA / waves_per_eu tunings disabled). Correctness holds; performance is not tuned for this backend.
  return super().apply(*args, **kwargs)  # type: ignore[misc]
/opt/conda/envs/openfold3/lib/python3.12/site-packages/torch/autograd/function.py:575: UserWarning: OpenFold3 Triton evoformer kernel is running on a non-HIP backend with default, untuned Triton config (AMD MFMA / waves_per_eu tunings disabled). Correctness holds; performance is not tuned for this backend.
  return super().apply(*args, **kwargs)  # type: ignore[misc]
/opt/conda/envs/openfold3/lib/python3.12/site-packages/torch/autograd/function.py:575: UserWarning: OpenFold3 Triton evoformer kernel is running on a non-HIP backend with default, untuned Triton config (AMD MFMA / waves_per_eu tunings disabled). Correctness holds; performance is not tuned for this backend.
  return super().apply(*args, **kwargs)  # type: ignore[misc]
/opt/conda/envs/openfold3/lib/python3.12/site-packages/torch/autograd/function.py:575: UserWarning: OpenFold3 Triton evoformer kernel is running on a non-HIP backend with default, untuned Triton config (AMD MFMA / waves_per_eu tunings disabled). Correctness holds; performance is not tuned for this backend.
  return super().apply(*args, **kwargs)  # type: ignore[misc]
/opt/conda/envs/openfold3/lib/python3.12/site-packages/torch/autograd/function.py:575: UserWarning: OpenFold3 Triton evoformer kernel is running on a non-HIP backend with default, untuned Triton config (AMD MFMA / waves_per_eu tunings disabled). Correctness holds; performance is not tuned for this backend.
  return super().apply(*args, **kwargs)  # type: ignore[misc]
/opt/conda/envs/openfold3/lib/python3.12/site-packages/biotite/structure/io/pdbx/convert.py:1024: DeprecationWarning: `include_bonds` parameter is deprecated, intra-residue are always written, if available
  warnings.warn(
/opt/conda/envs/openfold3/lib/python3.12/tempfile.py:940: ResourceWarning: Implicitly cleaning up <TemporaryDirectory '/tmp/tmpuitibxo7'>
  _warnings.warn(warn_message, ResourceWarning)

wrote outputs/ox2_shuffle/experiment_config.json
wrote outputs/ox2_shuffle/inference_query_set.json
wrote outputs/ox2_shuffle/model_config.json
wrote outputs/ox2_shuffle/summary.txt
wrote outputs/ox2_shuffle/msas/msa-root-20261009T123140996074Z-3688063a/main/5d87542e749dd9704801492b3f6a483571d62ade1177eedf83bbc17a4dc6bce0.npz
wrote outputs/ox2_shuffle/msas/msa-root-20261009T123140996074Z-3688063a/mappings/README.md
wrote outputs/ox2_shuffle/msas/msa-root-20261009T123140996074Z-3688063a/mappings/chain_id_to_rep_id.json
wrote outputs/ox2_shuffle/msas/msa-root-20261009T123140996074Z-3688063a/mappings/query_name_to_complex_id.json
wrote outputs/ox2_shuffle/msas/msa-root-20261009T123140996074Z-3688063a/mappings/rep_id_to_seq.json
wrote outputs/ox2_shuffle/msas/msa-root-20261009T123140996074Z-3688063a/mappings/seq_to_rep_id.json
wrote outputs/ox2_shuffle/msas/raw/msa-root-20261009T123140996074Z-3688063a/main/bfd.mgnify30.metaeuk30.smag30.a3m
wrote outputs/ox2_shuffle/msas/raw/msa-root-20261009T123140996074Z-3688063a/main/msa.sh
wrote outputs/ox2_shuffle/msas/raw/msa-root-20261009T123140996074Z-3688063a/main/out.tar.gz
wrote outputs/ox2_shuffle/msas/raw/msa-root-20261009T123140996074Z-3688063a/main/pdb70.m8
wrote outputs/ox2_shuffle/msas/raw/msa-root-20261009T123140996074Z-3688063a/main/uniref.a3m
wrote outputs/ox2_shuffle/ox2_shuffle/seed_42/ox2_shuffle_seed_42_sample_1_confidences.json
wrote outputs/ox2_shuffle/ox2_shuffle/seed_42/ox2_shuffle_seed_42_sample_1_confidences_aggregated.json
wrote outputs/ox2_shuffle/ox2_shuffle/seed_42/ox2_shuffle_seed_42_sample_1_model.cif
wrote outputs/ox2_shuffle/ox2_shuffle/seed_42/ox2_shuffle_seed_42_sample_2_confidences.json
wrote outputs/ox2_shuffle/ox2_shuffle/seed_42/ox2_shuffle_seed_42_sample_2_confidences_aggregated.json
wrote outputs/ox2_shuffle/ox2_shuffle/seed_42/ox2_shuffle_seed_42_sample_2_model.cif
wrote outputs/ox2_shuffle/ox2_shuffle/seed_42/ox2_shuffle_seed_42_sample_3_confidences.json
wrote outputs/ox2_shuffle/ox2_shuffle/seed_42/ox2_shuffle_seed_42_sample_3_confidences_aggregated.json
wrote outputs/ox2_shuffle/ox2_shuffle/seed_42/ox2_shuffle_seed_42_sample_3_model.cif
wrote outputs/ox2_shuffle/ox2_shuffle/seed_42/ox2_shuffle_seed_42_sample_4_confidences.json
wrote outputs/ox2_shuffle/ox2_shuffle/seed_42/ox2_shuffle_seed_42_sample_4_confidences_aggregated.json
wrote outputs/ox2_shuffle/ox2_shuffle/seed_42/ox2_shuffle_seed_42_sample_4_model.cif
wrote outputs/ox2_shuffle/ox2_shuffle/seed_42/ox2_shuffle_seed_42_sample_5_confidences.json
wrote outputs/ox2_shuffle/ox2_shuffle/seed_42/ox2_shuffle_seed_42_sample_5_confidences_aggregated.json
wrote outputs/ox2_shuffle/ox2_shuffle/seed_42/ox2_shuffle_seed_42_sample_5_model.cif
wrote outputs/ox2_shuffle/ox2_shuffle/seed_42/timing.json
interface confidence (best model: ox2_shuffle_seed_42_sample_4_model.cif):
  interface A-Z: ipSAE 0.078, pDockQ2 0.185, pDockQ 0.384
Stopping app - local entrypoint completed.
✓ App completed. View run at 
https://modal.com/apps/mauriciocafiero/main/ap-nTGiSQjFF23chht4VhxnQb
Usage: python -m fold.analyze cif-to-pdb [OPTIONS] {cif_path}
Try 'python -m fold.analyze cif-to-pdb --help' for help.
╭─ Error ──────────────────────────────────────────────────────────────────────╮
│ Got unexpected extra argument(s)                                             │
│ (/Users/cafierom/python_mac/peptidebuilder/runs/oxybenzone/folds/openfold3/o │
│ x2_shuffle.pdb)                                                              │
╰──────────────────────────────────────────────────────────────────────────────╯
--- openfold3 oxybenzone/ox2_shuffle exit 0, converted (13:32:40)
CONVERT FAILED oxybenzone/ox2_shuffle -- cif found but pdb empty, see /Users/cafierom/python_mac/peptidebuilder/runs/oxybenzone/folds/openfold3.batch.log
=== openfold3 oxybenzone/ox2_shuffle_esm0 (13:32:45)
✓ Initialized. View run at 
https://modal.com/apps/mauriciocafiero/main/ap-vkuNnODjKJawHYPuyq2ect
✓ Created objects.
├── 🔨 Created mount /Users/cafierom/python_mac/fold/src/fold/app.py
├── 🔨 Created mount PythonPackage:fold
└── 🔨 Created function predict.
submitting ox2_shuffle_esm0 on A10G ...

==========
== CUDA ==
==========

CUDA Version 12.1.1

Container image Copyright (c) 2016-2023, NVIDIA CORPORATION & AFFILIATES. All rights reserved.

This container image and its contents are governed by the NVIDIA Deep Learning Container License.
By pulling and using the container, you accept the terms and conditions of this license:
https://developer.nvidia.com/ngc/nvidia-deep-learning-container-license

A copy of this license is made available in this container at /NGC-DL-CONTAINER-LICENSE for your convenience.

weights already cached at /cache/of3-ob-2025-06-30-174k.pt (2287872989 bytes)
running: run_openfold predict --query_json=/tmp/ox2_shuffle_esm0_query.json --output_dir=/outputs/ox2_shuffle_esm0 --inference_ckpt_path=/cache/of3-ob-2025-06-30-174k.pt --use_msa_server=true --use_templates=false
[93m [WARNING] [0m Please pip install nvidia-cutlass
Submitting 1 sequences to the Colabfold MSA server for main MSAs...
No complexes found for paired MSA generation. Skipping...

Predicting: |          | 0/? [00:00<?, ?s/it]
Predicting: |          | 0/? [00:00<?, ?s/it]
Predicting DataLoader 0:   0%|          | 0/1 [00:00<?, ?s/it]
Predicting DataLoader 0: 100%|██████████| 1/1 [00:19<00:00, 19.93s/it]
Predicting DataLoader 0: 100%|██████████| 1/1 [00:20<00:00, 20.01s/it][93m [WARNING] [0m Please pip install nvidia-cutlass
[93m [WARNING] [0m Please pip install nvidia-cutlass
[93m [WARNING] [0m Please pip install nvidia-cutlass
[93m [WARNING] [0m Please pip install nvidia-cutlass
[93m [WARNING] [0m Please pip install nvidia-cutlass
[93m [WARNING] [0m Please pip install nvidia-cutlass
[93m [WARNING] [0m Please pip install nvidia-cutlass
[93m [WARNING] [0m Please pip install nvidia-cutlass
[93m [WARNING] [0m Please pip install nvidia-cutlass
[93m [WARNING] [0m Please pip install nvidia-cutlass


==================================================
    PREDICTION SUMMARY (COMPLETE)    
==================================================
Total Queries Processed: 1
  - Successful Queries:  1
  - Failed Queries:      0
==================================================

Removing empty log directory...

GPU available: True (cuda), used: True
TPU available: False, using: 0 TPU cores
💡 Tip: For seamless cloud logging and experiment tracking, try installing [litlogger](https://pypi.org/project/litlogger/) to enable LitLogger, which logs metrics and artifacts automatically to the Lightning Experiments platform.
💡 Tip: For seamless cloud uploads and versioning, try installing [litmodels](https://pypi.org/project/litmodels/) to enable LitModelCheckpoint, which syncs automatically with the Lightning model registry.
WARNING:openfold3.core.data.tools.colabfold_msa_server:Using output directory: /tmp/of3-of-root/msa-root-20261009T123304943707Z-78ebd780 for ColabFold MSAs.

  0%|          | 0/150 [elapsed: 00:00 remaining: ?]
SUBMIT:   0%|          | 0/150 [elapsed: 00:00 remaining: ?]
PENDING:   0%|          | 0/150 [elapsed: 00:00 remaining: ?]
RUNNING:   0%|          | 0/150 [elapsed: 00:06 remaining: ?]
RUNNING:   3%|▎         | 5/150 [elapsed: 00:06 remaining: 02:58]
COMPLETE:   3%|▎         | 5/150 [elapsed: 00:14 remaining: 02:58]
COMPLETE: 100%|██████████| 150/150 [elapsed: 00:14 remaining: 00:00]
COMPLETE: 100%|██████████| 150/150 [elapsed: 00:15 remaining: 00:00]
/opt/openfold3/openfold3/core/data/tools/colabfold_msa_server.py:401: DeprecationWarning: Python 3.14 will, by default, filter extracted tar archives and reject files or modify their metadata. Use the filter argument to control this behavior.
  tar_gz.extractall(path)
WARNING:openfold3.core.data.tools.colabfold_msa_server:Colabfold returned no templates. Proceeding without template alignments for this batch.
LOCAL_RANK: 0 - CUDA_VISIBLE_DEVICES: [0]
Seed set to 42
/opt/conda/envs/openfold3/lib/python3.12/site-packages/torch/autograd/function.py:575: UserWarning: OpenFold3 Triton evoformer kernel is running on a non-HIP backend with default, untuned Triton config (AMD MFMA / waves_per_eu tunings disabled). Correctness holds; performance is not tuned for this backend.
  return super().apply(*args, **kwargs)  # type: ignore[misc]
/opt/conda/envs/openfold3/lib/python3.12/site-packages/torch/autograd/function.py:575: UserWarning: OpenFold3 Triton evoformer kernel is running on a non-HIP backend with default, untuned Triton config (AMD MFMA / waves_per_eu tunings disabled). Correctness holds; performance is not tuned for this backend.
  return super().apply(*args, **kwargs)  # type: ignore[misc]
/opt/conda/envs/openfold3/lib/python3.12/site-packages/torch/autograd/function.py:575: UserWarning: OpenFold3 Triton evoformer kernel is running on a non-HIP backend with default, untuned Triton config (AMD MFMA / waves_per_eu tunings disabled). Correctness holds; performance is not tuned for this backend.
  return super().apply(*args, **kwargs)  # type: ignore[misc]
/opt/conda/envs/openfold3/lib/python3.12/site-packages/torch/autograd/function.py:575: UserWarning: OpenFold3 Triton evoformer kernel is running on a non-HIP backend with default, untuned Triton config (AMD MFMA / waves_per_eu tunings disabled). Correctness holds; performance is not tuned for this backend.
  return super().apply(*args, **kwargs)  # type: ignore[misc]
/opt/conda/envs/openfold3/lib/python3.12/site-packages/torch/autograd/function.py:575: UserWarning: OpenFold3 Triton evoformer kernel is running on a non-HIP backend with default, untuned Triton config (AMD MFMA / waves_per_eu tunings disabled). Correctness holds; performance is not tuned for this backend.
  return super().apply(*args, **kwargs)  # type: ignore[misc]
/opt/conda/envs/openfold3/lib/python3.12/site-packages/torch/autograd/function.py:575: UserWarning: OpenFold3 Triton evoformer kernel is running on a non-HIP backend with default, untuned Triton config (AMD MFMA / waves_per_eu tunings disabled). Correctness holds; performance is not tuned for this backend.
  return super().apply(*args, **kwargs)  # type: ignore[misc]
/opt/conda/envs/openfold3/lib/python3.12/site-packages/torch/autograd/function.py:575: UserWarning: OpenFold3 Triton evoformer kernel is running on a non-HIP backend with default, untuned Triton config (AMD MFMA / waves_per_eu tunings disabled). Correctness holds; performance is not tuned for this backend.
  return super().apply(*args, **kwargs)  # type: ignore[misc]
/opt/conda/envs/openfold3/lib/python3.12/site-packages/torch/autograd/function.py:575: UserWarning: OpenFold3 Triton evoformer kernel is running on a non-HIP backend with default, untuned Triton config (AMD MFMA / waves_per_eu tunings disabled). Correctness holds; performance is not tuned for this backend.
  return super().apply(*args, **kwargs)  # type: ignore[misc]
/opt/conda/envs/openfold3/lib/python3.12/site-packages/biotite/structure/io/pdbx/convert.py:1024: DeprecationWarning: `include_bonds` parameter is deprecated, intra-residue are always written, if available
  warnings.warn(
/opt/conda/envs/openfold3/lib/python3.12/tempfile.py:940: ResourceWarning: Implicitly cleaning up <TemporaryDirectory '/tmp/tmpfopmv3qx'>
  _warnings.warn(warn_message, ResourceWarning)

wrote outputs/ox2_shuffle_esm0/experiment_config.json
wrote outputs/ox2_shuffle_esm0/inference_query_set.json
wrote outputs/ox2_shuffle_esm0/model_config.json
wrote outputs/ox2_shuffle_esm0/summary.txt
wrote outputs/ox2_shuffle_esm0/msas/msa-root-20261009T123304943707Z-78ebd780/main/b8caa4321e13958096cac4725e5aa2263bd33ea66e6a1914be927efd1ecbd196.npz
wrote outputs/ox2_shuffle_esm0/msas/msa-root-20261009T123304943707Z-78ebd780/mappings/README.md
wrote outputs/ox2_shuffle_esm0/msas/msa-root-20261009T123304943707Z-78ebd780/mappings/chain_id_to_rep_id.json
wrote outputs/ox2_shuffle_esm0/msas/msa-root-20261009T123304943707Z-78ebd780/mappings/query_name_to_complex_id.json
wrote outputs/ox2_shuffle_esm0/msas/msa-root-20261009T123304943707Z-78ebd780/mappings/rep_id_to_seq.json
wrote outputs/ox2_shuffle_esm0/msas/msa-root-20261009T123304943707Z-78ebd780/mappings/seq_to_rep_id.json
wrote outputs/ox2_shuffle_esm0/msas/raw/msa-root-20261009T123304943707Z-78ebd780/main/bfd.mgnify30.metaeuk30.smag30.a3m
wrote outputs/ox2_shuffle_esm0/msas/raw/msa-root-20261009T123304943707Z-78ebd780/main/msa.sh
wrote outputs/ox2_shuffle_esm0/msas/raw/msa-root-20261009T123304943707Z-78ebd780/main/out.tar.gz
wrote outputs/ox2_shuffle_esm0/msas/raw/msa-root-20261009T123304943707Z-78ebd780/main/pdb70.m8
wrote outputs/ox2_shuffle_esm0/msas/raw/msa-root-20261009T123304943707Z-78ebd780/main/uniref.a3m
wrote outputs/ox2_shuffle_esm0/ox2_shuffle_esm0/seed_42/ox2_shuffle_esm0_seed_42_sample_1_confidences.json
wrote outputs/ox2_shuffle_esm0/ox2_shuffle_esm0/seed_42/ox2_shuffle_esm0_seed_42_sample_1_confidences_aggregated.json
wrote outputs/ox2_shuffle_esm0/ox2_shuffle_esm0/seed_42/ox2_shuffle_esm0_seed_42_sample_1_model.cif
wrote outputs/ox2_shuffle_esm0/ox2_shuffle_esm0/seed_42/ox2_shuffle_esm0_seed_42_sample_2_confidences.json
wrote outputs/ox2_shuffle_esm0/ox2_shuffle_esm0/seed_42/ox2_shuffle_esm0_seed_42_sample_2_confidences_aggregated.json
wrote outputs/ox2_shuffle_esm0/ox2_shuffle_esm0/seed_42/ox2_shuffle_esm0_seed_42_sample_2_model.cif
wrote outputs/ox2_shuffle_esm0/ox2_shuffle_esm0/seed_42/ox2_shuffle_esm0_seed_42_sample_3_confidences.json
wrote outputs/ox2_shuffle_esm0/ox2_shuffle_esm0/seed_42/ox2_shuffle_esm0_seed_42_sample_3_confidences_aggregated.json
wrote outputs/ox2_shuffle_esm0/ox2_shuffle_esm0/seed_42/ox2_shuffle_esm0_seed_42_sample_3_model.cif
wrote outputs/ox2_shuffle_esm0/ox2_shuffle_esm0/seed_42/ox2_shuffle_esm0_seed_42_sample_4_confidences.json
wrote outputs/ox2_shuffle_esm0/ox2_shuffle_esm0/seed_42/ox2_shuffle_esm0_seed_42_sample_4_confidences_aggregated.json
wrote outputs/ox2_shuffle_esm0/ox2_shuffle_esm0/seed_42/ox2_shuffle_esm0_seed_42_sample_4_model.cif
wrote outputs/ox2_shuffle_esm0/ox2_shuffle_esm0/seed_42/ox2_shuffle_esm0_seed_42_sample_5_confidences.json
wrote outputs/ox2_shuffle_esm0/ox2_shuffle_esm0/seed_42/ox2_shuffle_esm0_seed_42_sample_5_confidences_aggregated.json
wrote outputs/ox2_shuffle_esm0/ox2_shuffle_esm0/seed_42/ox2_shuffle_esm0_seed_42_sample_5_model.cif
wrote outputs/ox2_shuffle_esm0/ox2_shuffle_esm0/seed_42/timing.json
interface confidence (best model: ox2_shuffle_esm0_seed_42_sample_2_model.cif):
  interface A-Z: ipSAE 0.034, pDockQ2 0.202, pDockQ 0.230
Stopping app - local entrypoint completed.
✓ App completed. View run at 
https://modal.com/apps/mauriciocafiero/main/ap-vkuNnODjKJawHYPuyq2ect
Usage: python -m fold.analyze cif-to-pdb [OPTIONS] {cif_path}
Try 'python -m fold.analyze cif-to-pdb --help' for help.
╭─ Error ──────────────────────────────────────────────────────────────────────╮
│ Got unexpected extra argument(s)                                             │
│ (/Users/cafierom/python_mac/peptidebuilder/runs/oxybenzone/folds/openfold3/o │
│ x2_shuffle_esm0.pdb)                                                         │
╰──────────────────────────────────────────────────────────────────────────────╯
--- openfold3 oxybenzone/ox2_shuffle_esm0 exit 0, converted (13:34:15)
CONVERT FAILED oxybenzone/ox2_shuffle_esm0 -- cif found but pdb empty, see /Users/cafierom/python_mac/peptidebuilder/runs/oxybenzone/folds/openfold3.batch.log
=== openfold3 oxybenzone/ox3_orig_f8 (13:34:20)
✓ Initialized. View run at 
https://modal.com/apps/mauriciocafiero/main/ap-TDfo8bPjYRpcF98jnDIhsS
✓ Created objects.
├── 🔨 Created mount /Users/cafierom/python_mac/fold/src/fold/app.py
├── 🔨 Created mount PythonPackage:fold
└── 🔨 Created function predict.
submitting ox3_orig_f8 on A10G ...

==========
== CUDA ==
==========

CUDA Version 12.1.1

Container image Copyright (c) 2016-2023, NVIDIA CORPORATION & AFFILIATES. All rights reserved.

This container image and its contents are governed by the NVIDIA Deep Learning Container License.
By pulling and using the container, you accept the terms and conditions of this license:
https://developer.nvidia.com/ngc/nvidia-deep-learning-container-license

A copy of this license is made available in this container at /NGC-DL-CONTAINER-LICENSE for your convenience.

weights already cached at /cache/of3-ob-2025-06-30-174k.pt (2287872989 bytes)
running: run_openfold predict --query_json=/tmp/ox3_orig_f8_query.json --output_dir=/outputs/ox3_orig_f8 --inference_ckpt_path=/cache/of3-ob-2025-06-30-174k.pt --use_msa_server=true --use_templates=false
[93m [WARNING] [0m Please pip install nvidia-cutlass
Submitting 1 sequences to the Colabfold MSA server for main MSAs...
No complexes found for paired MSA generation. Skipping...

Predicting: |          | 0/? [00:00<?, ?s/it]
Predicting: |          | 0/? [00:00<?, ?s/it]
Predicting DataLoader 0:   0%|          | 0/1 [00:00<?, ?s/it]
Predicting DataLoader 0: 100%|██████████| 1/1 [00:21<00:00, 21.49s/it]
Predicting DataLoader 0: 100%|██████████| 1/1 [00:21<00:00, 21.56s/it][93m [WARNING] [0m Please pip install nvidia-cutlass
[93m [WARNING] [0m Please pip install nvidia-cutlass
[93m [WARNING] [0m Please pip install nvidia-cutlass
[93m [WARNING] [0m Please pip install nvidia-cutlass
[93m [WARNING] [0m Please pip install nvidia-cutlass
[93m [WARNING] [0m Please pip install nvidia-cutlass
[93m [WARNING] [0m Please pip install nvidia-cutlass
[93m [WARNING] [0m Please pip install nvidia-cutlass
[93m [WARNING] [0m Please pip install nvidia-cutlass
[93m [WARNING] [0m Please pip install nvidia-cutlass


==================================================
    PREDICTION SUMMARY (COMPLETE)    
==================================================
Total Queries Processed: 1
  - Successful Queries:  1
  - Failed Queries:      0
==================================================

Removing empty log directory...

GPU available: True (cuda), used: True
TPU available: False, using: 0 TPU cores
💡 Tip: For seamless cloud logging and experiment tracking, try installing [litlogger](https://pypi.org/project/litlogger/) to enable LitLogger, which logs metrics and artifacts automatically to the Lightning Experiments platform.
💡 Tip: For seamless cloud uploads and versioning, try installing [litmodels](https://pypi.org/project/litmodels/) to enable LitModelCheckpoint, which syncs automatically with the Lightning model registry.
WARNING:openfold3.core.data.tools.colabfold_msa_server:Using output directory: /tmp/of3-of-root/msa-root-20261009T123439645634Z-b93adc52 for ColabFold MSAs.

  0%|          | 0/150 [elapsed: 00:00 remaining: ?]
SUBMIT:   0%|          | 0/150 [elapsed: 00:00 remaining: ?]
PENDING:   0%|          | 0/150 [elapsed: 00:00 remaining: ?]
COMPLETE:   0%|          | 0/150 [elapsed: 00:05 remaining: ?]
COMPLETE: 100%|██████████| 150/150 [elapsed: 00:05 remaining: 00:00]
COMPLETE: 100%|██████████| 150/150 [elapsed: 00:05 remaining: 00:00]
/opt/openfold3/openfold3/core/data/tools/colabfold_msa_server.py:401: DeprecationWarning: Python 3.14 will, by default, filter extracted tar archives and reject files or modify their metadata. Use the filter argument to control this behavior.
  tar_gz.extractall(path)
WARNING:openfold3.core.data.tools.colabfold_msa_server:Colabfold returned no templates. Proceeding without template alignments for this batch.
LOCAL_RANK: 0 - CUDA_VISIBLE_DEVICES: [0]
Seed set to 42
/opt/conda/envs/openfold3/lib/python3.12/site-packages/torch/autograd/function.py:575: UserWarning: OpenFold3 Triton evoformer kernel is running on a non-HIP backend with default, untuned Triton config (AMD MFMA / waves_per_eu tunings disabled). Correctness holds; performance is not tuned for this backend.
  return super().apply(*args, **kwargs)  # type: ignore[misc]
/opt/conda/envs/openfold3/lib/python3.12/site-packages/torch/autograd/function.py:575: UserWarning: OpenFold3 Triton evoformer kernel is running on a non-HIP backend with default, untuned Triton config (AMD MFMA / waves_per_eu tunings disabled). Correctness holds; performance is not tuned for this backend.
  return super().apply(*args, **kwargs)  # type: ignore[misc]
/opt/conda/envs/openfold3/lib/python3.12/site-packages/torch/autograd/function.py:575: UserWarning: OpenFold3 Triton evoformer kernel is running on a non-HIP backend with default, untuned Triton config (AMD MFMA / waves_per_eu tunings disabled). Correctness holds; performance is not tuned for this backend.
  return super().apply(*args, **kwargs)  # type: ignore[misc]
/opt/conda/envs/openfold3/lib/python3.12/site-packages/torch/autograd/function.py:575: UserWarning: OpenFold3 Triton evoformer kernel is running on a non-HIP backend with default, untuned Triton config (AMD MFMA / waves_per_eu tunings disabled). Correctness holds; performance is not tuned for this backend.
  return super().apply(*args, **kwargs)  # type: ignore[misc]
/opt/conda/envs/openfold3/lib/python3.12/site-packages/torch/autograd/function.py:575: UserWarning: OpenFold3 Triton evoformer kernel is running on a non-HIP backend with default, untuned Triton config (AMD MFMA / waves_per_eu tunings disabled). Correctness holds; performance is not tuned for this backend.
  return super().apply(*args, **kwargs)  # type: ignore[misc]
/opt/conda/envs/openfold3/lib/python3.12/site-packages/torch/autograd/function.py:575: UserWarning: OpenFold3 Triton evoformer kernel is running on a non-HIP backend with default, untuned Triton config (AMD MFMA / waves_per_eu tunings disabled). Correctness holds; performance is not tuned for this backend.
  return super().apply(*args, **kwargs)  # type: ignore[misc]
/opt/conda/envs/openfold3/lib/python3.12/site-packages/torch/autograd/function.py:575: UserWarning: OpenFold3 Triton evoformer kernel is running on a non-HIP backend with default, untuned Triton config (AMD MFMA / waves_per_eu tunings disabled). Correctness holds; performance is not tuned for this backend.
  return super().apply(*args, **kwargs)  # type: ignore[misc]
/opt/conda/envs/openfold3/lib/python3.12/site-packages/torch/autograd/function.py:575: UserWarning: OpenFold3 Triton evoformer kernel is running on a non-HIP backend with default, untuned Triton config (AMD MFMA / waves_per_eu tunings disabled). Correctness holds; performance is not tuned for this backend.
  return super().apply(*args, **kwargs)  # type: ignore[misc]
/opt/conda/envs/openfold3/lib/python3.12/site-packages/biotite/structure/io/pdbx/convert.py:1024: DeprecationWarning: `include_bonds` parameter is deprecated, intra-residue are always written, if available
  warnings.warn(
/opt/conda/envs/openfold3/lib/python3.12/tempfile.py:940: ResourceWarning: Implicitly cleaning up <TemporaryDirectory '/tmp/tmpwa3u9g53'>
  _warnings.warn(warn_message, ResourceWarning)

wrote outputs/ox3_orig_f8/experiment_config.json
wrote outputs/ox3_orig_f8/inference_query_set.json
wrote outputs/ox3_orig_f8/model_config.json
wrote outputs/ox3_orig_f8/summary.txt
wrote outputs/ox3_orig_f8/msas/msa-root-20261009T123439645634Z-b93adc52/main/6e2e55faa3833f1ca68cb7c7ad1cd18569aa1c4601482588467287070727b077.npz
wrote outputs/ox3_orig_f8/msas/msa-root-20261009T123439645634Z-b93adc52/mappings/README.md
wrote outputs/ox3_orig_f8/msas/msa-root-20261009T123439645634Z-b93adc52/mappings/chain_id_to_rep_id.json
wrote outputs/ox3_orig_f8/msas/msa-root-20261009T123439645634Z-b93adc52/mappings/query_name_to_complex_id.json
wrote outputs/ox3_orig_f8/msas/msa-root-20261009T123439645634Z-b93adc52/mappings/rep_id_to_seq.json
wrote outputs/ox3_orig_f8/msas/msa-root-20261009T123439645634Z-b93adc52/mappings/seq_to_rep_id.json
wrote outputs/ox3_orig_f8/msas/raw/msa-root-20261009T123439645634Z-b93adc52/main/bfd.mgnify30.metaeuk30.smag30.a3m
wrote outputs/ox3_orig_f8/msas/raw/msa-root-20261009T123439645634Z-b93adc52/main/msa.sh
wrote outputs/ox3_orig_f8/msas/raw/msa-root-20261009T123439645634Z-b93adc52/main/out.tar.gz
wrote outputs/ox3_orig_f8/msas/raw/msa-root-20261009T123439645634Z-b93adc52/main/pdb70.m8
wrote outputs/ox3_orig_f8/msas/raw/msa-root-20261009T123439645634Z-b93adc52/main/uniref.a3m
wrote outputs/ox3_orig_f8/ox3_orig_f8/seed_42/ox3_orig_f8_seed_42_sample_1_confidences.json
wrote outputs/ox3_orig_f8/ox3_orig_f8/seed_42/ox3_orig_f8_seed_42_sample_1_confidences_aggregated.json
wrote outputs/ox3_orig_f8/ox3_orig_f8/seed_42/ox3_orig_f8_seed_42_sample_1_model.cif
wrote outputs/ox3_orig_f8/ox3_orig_f8/seed_42/ox3_orig_f8_seed_42_sample_2_confidences.json
wrote outputs/ox3_orig_f8/ox3_orig_f8/seed_42/ox3_orig_f8_seed_42_sample_2_confidences_aggregated.json
wrote outputs/ox3_orig_f8/ox3_orig_f8/seed_42/ox3_orig_f8_seed_42_sample_2_model.cif
wrote outputs/ox3_orig_f8/ox3_orig_f8/seed_42/ox3_orig_f8_seed_42_sample_3_confidences.json
wrote outputs/ox3_orig_f8/ox3_orig_f8/seed_42/ox3_orig_f8_seed_42_sample_3_confidences_aggregated.json
wrote outputs/ox3_orig_f8/ox3_orig_f8/seed_42/ox3_orig_f8_seed_42_sample_3_model.cif
wrote outputs/ox3_orig_f8/ox3_orig_f8/seed_42/ox3_orig_f8_seed_42_sample_4_confidences.json
wrote outputs/ox3_orig_f8/ox3_orig_f8/seed_42/ox3_orig_f8_seed_42_sample_4_confidences_aggregated.json
wrote outputs/ox3_orig_f8/ox3_orig_f8/seed_42/ox3_orig_f8_seed_42_sample_4_model.cif
wrote outputs/ox3_orig_f8/ox3_orig_f8/seed_42/ox3_orig_f8_seed_42_sample_5_confidences.json
wrote outputs/ox3_orig_f8/ox3_orig_f8/seed_42/ox3_orig_f8_seed_42_sample_5_confidences_aggregated.json
wrote outputs/ox3_orig_f8/ox3_orig_f8/seed_42/ox3_orig_f8_seed_42_sample_5_model.cif
wrote outputs/ox3_orig_f8/ox3_orig_f8/seed_42/timing.json
interface confidence (best model: ox3_orig_f8_seed_42_sample_2_model.cif):
  interface A-Z: ipSAE 0.200, pDockQ2 0.469, pDockQ 0.412
Stopping app - local entrypoint completed.
✓ App completed. View run at 
https://modal.com/apps/mauriciocafiero/main/ap-TDfo8bPjYRpcF98jnDIhsS
Usage: python -m fold.analyze cif-to-pdb [OPTIONS] {cif_path}
Try 'python -m fold.analyze cif-to-pdb --help' for help.
╭─ Error ──────────────────────────────────────────────────────────────────────╮
│ Got unexpected extra argument(s)                                             │
│ (/Users/cafierom/python_mac/peptidebuilder/runs/oxybenzone/folds/openfold3/o │
│ x3_orig_f8.pdb)                                                              │
╰──────────────────────────────────────────────────────────────────────────────╯
--- openfold3 oxybenzone/ox3_orig_f8 exit 0, converted (13:35:38)
CONVERT FAILED oxybenzone/ox3_orig_f8 -- cif found but pdb empty, see /Users/cafierom/python_mac/peptidebuilder/runs/oxybenzone/folds/openfold3.batch.log
