frame,time_ns,protein_ca_rmsd_nm,ligand_rmsd_nm
0,0.0,0.0,0.0
1,0.001,0.06447317,0.09631165
2,0.002,0.06426575,0.114585176
3,0.003,0.081938945,0.23127691
4,0.004,0.074589215,0.22146049
5,0.005,0.07685539,0.34506434
6,0.006,0.07140829,0.3605876
7,0.007,0.07377974,0.45881185
8,0.008,0.08851355,4.2944555
9,0.009,0.0981546,3.9283276
10,0.01,0.09203852,3.8806286
11,0.011,0.10037851,3.6719582
12,0.012,0.098286144,3.7922895
13,0.013,0.11007592,3.8234756
14,0.014,0.1183858,3.9238372
15,0.015,0.11024515,4.2417536
16,0.016,0.120117314,4.127405
17,0.017,0.11948098,4.1357946
18,0.018,0.10973331,4.023241
19,0.019,0.12582593,4.1640954
20,0.02,0.120288275,4.1648088
21,0.021,0.13597326,4.0861626
22,0.022,0.12599084,4.079496
23,0.023,0.12261459,4.084298
24,0.024,0.13130435,4.001557
25,0.025,0.12227239,3.9977083
26,0.026,0.13317798,4.0765505
27,0.027,0.1245372,4.068408
28,0.028,0.12561963,4.128076
29,0.029,0.12416611,4.1665587
30,0.03,0.11910447,4.1834188
31,0.031,0.123302124,4.171961
32,0.032,0.14107929,4.190733
33,0.033,0.12480025,4.1825037
34,0.034,0.1229148,4.1929555
35,0.035,0.11579338,4.213801
36,0.036,0.119485356,4.429742
37,0.037,0.12438197,4.3843083
38,0.038,0.12433447,4.3496027
39,0.039,0.1305567,4.3478966
40,0.04,0.12509176,4.3364463
41,0.041,0.1262538,4.18874
42,0.042,0.12178331,4.201093
43,0.043,0.113267675,4.197558
44,0.044,0.11023316,4.189829
45,0.045,0.12409969,4.4566545
46,0.046,0.13007937,4.4620996
47,0.047,0.12455375,4.495133
48,0.048,0.118177205,4.154378
49,0.049,0.13474554,4.147851
50,0.05,0.13851339,4.1753216
51,0.051,0.13692741,4.1860576
52,0.052,0.13373996,4.1719556
53,0.053,0.13787627,4.181732
54,0.054,0.13260666,4.197459
55,0.055,0.12315284,4.1716614
56,0.056,0.11610249,4.1722884
57,0.057,0.12053559,4.1908374
58,0.058,0.11749058,4.1498237
59,0.059,0.12902123,4.1869855
60,0.06,0.13979079,4.166286
61,0.061,0.12913562,4.170709
62,0.062,0.13245392,4.146914
63,0.063,0.13647372,4.145262
64,0.064,0.13371281,4.1858206
65,0.065,0.13355212,4.3285427
66,0.066,0.13901044,4.249389
67,0.067,0.13243161,4.190095
68,0.068,0.14709717,4.205278
69,0.069,0.14161514,4.2013593
70,0.07,0.14347033,4.1915693
71,0.071,0.15260866,4.1915107
72,0.072,0.1551217,4.177066
73,0.073,0.16275862,4.207587
74,0.074,0.15332523,4.167284
75,0.075,0.15876488,4.160314
76,0.076,0.15032393,4.202359
77,0.077,0.15830187,4.1946607
78,0.078,0.16508332,4.1810074
79,0.079,0.1601551,4.2001
80,0.08,0.15509373,4.2028804
81,0.081,0.16216649,4.1917696
82,0.082,0.17154337,4.221844
83,0.083,0.14704278,4.202851
84,0.084,0.1536195,4.2143536
85,0.085,0.16124265,4.2057524
86,0.086,0.16908428,4.210355
87,0.087,0.1650194,4.1946936
88,0.088,0.16098449,4.190968
89,0.089,0.15994039,4.2212324
90,0.09,0.15666194,4.1912436
91,0.091,0.15301472,4.096508
92,0.092,0.14727484,4.1985126
93,0.093,0.14669697,4.1694665
94,0.094,0.14659165,4.318779
95,0.095,0.1468068,4.3223643
96,0.096,0.17409515,4.1142583
97,0.097,0.1620213,4.24751
98,0.098,0.17013194,4.314923
99,0.099,0.1728691,4.5653486
100,0.1,0.17032333,4.591338
101,0.101,0.17009524,4.6174397
102,0.102,0.159715,4.52296
103,0.103,0.16822717,4.516961
104,0.104,0.15433994,4.4695897
105,0.105,0.15602657,4.3867106
106,0.106,0.16508743,4.3818026
107,0.107,0.165229,4.349525
108,0.108,0.17984118,4.374161
109,0.109,0.16771545,4.2861934
110,0.11,0.1736794,4.2895365
111,0.111,0.16706079,4.1869187
112,0.112,0.15930188,4.270855
113,0.113,0.16773507,4.192122
114,0.114,0.17736341,4.1432986
115,0.115,0.1664934,4.2227764
116,0.116,0.17218027,4.2224636
117,0.117,0.16675188,4.192123
118,0.118,0.17377609,4.2201486
119,0.119,0.182428,4.265203
120,0.12,0.183673,4.22313
121,0.121,0.16885616,4.3059773
122,0.122,0.17291056,4.2103777
123,0.123,0.17305887,4.2924404
124,0.124,0.1669698,4.342748
125,0.125,0.16389064,4.395462
126,0.126,0.1602179,4.2976594
127,0.127,0.15855393,4.2589717
128,0.128,0.16612493,4.3584437
129,0.129,0.16039944,4.4179406
130,0.13,0.1633708,4.331838
131,0.131,0.16952293,4.2408295
132,0.132,0.18172394,4.5117955
133,0.133,0.17828636,4.476222
134,0.134,0.17445473,5.1294627
135,0.135,0.16697238,5.090326
136,0.136,0.17006032,5.2336817
137,0.137,0.1654214,4.5509553
138,0.138,0.16703318,4.4486575
139,0.139,0.18575732,4.427554
140,0.14,0.18507124,4.476055
141,0.141,0.17998071,4.4607606
142,0.142,0.18421704,4.8846726
143,0.143,0.17271882,4.4248695
144,0.144,0.17117517,4.618945
145,0.145,0.18027464,4.4918027
146,0.146,0.17538528,4.54669
147,0.147,0.17727579,5.0613995
148,0.148,0.17709558,5.025558
149,0.149,0.16214353,4.480176
150,0.15,0.16985197,5.0056515
151,0.151,0.17624983,4.696574
152,0.152,0.17125027,4.6822014
153,0.153,0.16973095,4.6408114
154,0.154,0.17359117,4.6107845
155,0.155,0.17432755,4.125059
156,0.156,0.1773752,4.141137
157,0.157,0.1896881,4.1497207
158,0.158,0.17710477,4.1408343
159,0.159,0.18602079,4.151317
160,0.16,0.16706835,4.1370645
161,0.161,0.18058546,4.1390076
162,0.162,0.18800843,4.1284842
163,0.163,0.18622607,4.124438
164,0.164,0.18379538,4.1311855
165,0.165,0.17998412,4.1341195
166,0.166,0.17723623,4.1557455
167,0.167,0.18599515,4.109808
168,0.168,0.18303743,4.125539
169,0.169,0.175224,4.1644545
170,0.17,0.17731345,4.1730957
171,0.171,0.17255203,4.1589413
172,0.172,0.19400996,4.134506
173,0.173,0.18535246,4.154951
174,0.174,0.18054576,4.1531696
175,0.175,0.18097328,4.1319604
176,0.176,0.16147487,4.123924
177,0.177,0.1634896,4.8506255
178,0.178,0.17315039,1.0173198
179,0.179,0.17056428,4.7463427
180,0.18,0.17516237,4.6796103
181,0.181,0.18891324,4.698015
182,0.182,0.18176168,4.1488576
183,0.183,0.19460289,4.7306314
184,0.184,0.18354884,4.7074356
185,0.185,0.17887,4.740781
186,0.186,0.18749869,4.689454
187,0.187,0.19601452,4.669738
188,0.188,0.17884524,4.794681
189,0.189,0.17781484,1.0421267
190,0.19,0.18881063,4.754961
191,0.191,0.18047264,4.754348
192,0.192,0.19751638,4.723284
193,0.193,0.20330031,4.720641
194,0.194,0.19925581,4.745012
195,0.195,0.18919395,4.8613253
196,0.196,0.19093813,4.6762686
197,0.197,0.19131285,4.696562
198,0.198,0.18251735,4.6727786
199,0.199,0.17623779,4.0890975
200,0.2,0.16121422,4.098715
201,0.201,0.16401298,4.7323203
202,0.202,0.16022654,4.8133945
203,0.203,0.16449359,4.809441
204,0.204,0.16040711,4.84456
205,0.205,0.17075627,4.6918435
206,0.206,0.17083551,4.652889
207,0.207,0.166729,4.7500706
208,0.208,0.1582939,4.7679014
209,0.209,0.15624134,4.712615
210,0.21,0.16439499,4.7893076
211,0.211,0.15651163,4.7904234
212,0.212,0.17693254,4.866775
213,0.213,0.19205432,4.726177
214,0.214,0.18396889,4.592316
215,0.215,0.18424375,4.559445
216,0.216,0.18115424,4.500831
217,0.217,0.19661658,4.4417105
218,0.218,0.20300865,4.398193
219,0.219,0.21038242,4.548863
220,0.22,0.20796426,4.584258
221,0.221,0.21118368,4.474322
222,0.222,0.21356066,4.3719196
223,0.223,0.21524747,4.350383
224,0.224,0.22451033,4.379983
225,0.225,0.22425202,4.428038
226,0.226,0.21740647,4.3710017
227,0.227,0.21749929,4.3130326
228,0.228,0.22383308,4.3204756
229,0.229,0.20834614,4.414659
230,0.23,0.19610411,4.584422
231,0.231,0.2007014,4.5723386
232,0.232,0.19149286,4.562488
233,0.233,0.2003708,4.5766997
234,0.234,0.18774775,4.630531
235,0.235,0.19202837,4.587806
236,0.236,0.20794591,4.5919147
237,0.237,0.2216402,4.704892
238,0.238,0.20751229,4.686855
239,0.239,0.20790522,4.649356
240,0.24,0.2189336,4.615998
241,0.241,0.2142932,4.7135305
242,0.242,0.22655815,4.7818694
243,0.243,0.20829919,4.78839
244,0.244,0.19691318,4.7731
245,0.245,0.19584164,4.9012775
246,0.246,0.215207,4.7538705
247,0.247,0.21351369,4.743475
248,0.248,0.22925983,4.6769695
249,0.249,0.22096738,4.680686
250,0.25,0.24357823,4.7172256
251,0.251,0.23301622,4.666717
252,0.252,0.2182685,4.7207546
253,0.253,0.22507212,4.7322426
254,0.254,0.22934394,4.825051
255,0.255,0.22310539,4.708802
256,0.256,0.2274895,4.745424
257,0.257,0.23907562,4.654749
258,0.258,0.25439876,4.6912327
259,0.259,0.2501635,4.694589
260,0.26,0.23095398,4.6641655
261,0.261,0.23325136,4.86796
262,0.262,0.2246243,4.7287865
263,0.263,0.23192511,4.669026
264,0.264,0.22365338,4.5630713
265,0.265,0.21651317,4.532703
266,0.266,0.21043885,4.4742274
267,0.267,0.22034656,4.336071
268,0.268,0.2282973,4.33732
269,0.269,0.23217635,4.359758
270,0.27,0.22918494,4.387987
271,0.271,0.23048624,4.2215686
272,0.272,0.24000132,4.333049
273,0.273,0.24061005,4.318469
274,0.274,0.2291295,4.323088
275,0.275,0.24277186,4.3848085
276,0.276,0.24705893,4.2941494
277,0.277,0.25647005,4.259488
278,0.278,0.24889782,4.180385
279,0.279,0.25354105,4.2537746
280,0.28,0.24801277,4.2983975
281,0.281,0.24854285,4.264788
282,0.282,0.25109845,4.2344856
283,0.283,0.25201148,4.310084
284,0.284,0.2621932,4.2388873
285,0.285,0.24198355,4.1088023
286,0.286,0.24175778,4.166054
287,0.287,0.23377806,4.180056
288,0.288,0.23178805,4.2419276
289,0.289,0.23924103,4.271672
290,0.29,0.24410497,4.192408
291,0.291,0.24068637,4.2682443
292,0.292,0.23943435,4.275225
293,0.293,0.22970101,4.3187823
294,0.294,0.23711139,4.2613974
295,0.295,0.22997808,4.2614665
296,0.296,0.23149961,4.097533
297,0.297,0.24270558,4.0639615
298,0.298,0.23623452,4.1558256
299,0.299,0.22749938,4.088093
300,0.3,0.22748451,4.12595
301,0.301,0.2137248,4.081866
302,0.302,0.22494619,4.017711
303,0.303,0.22895287,3.8850396
304,0.304,0.23343818,3.7893314
305,0.305,0.23230669,3.848314
306,0.306,0.24316654,3.8542612
307,0.307,0.23466149,3.7836914
308,0.308,0.23942561,3.6948643
309,0.309,0.2387073,3.7538288
310,0.31,0.2350966,3.9171836
311,0.311,0.22880165,3.8860757
312,0.312,0.2385281,3.8497658
313,0.313,0.22517283,4.000871
314,0.314,0.23036781,3.814153
315,0.315,0.24648559,3.7565508
316,0.316,0.24048024,3.8543687
317,0.317,0.24947216,3.7970965
318,0.318,0.24604198,3.8267999
319,0.319,0.26205778,3.805464
320,0.32,0.24836218,3.8164797
321,0.321,0.25986698,3.8424518
322,0.322,0.2539517,3.879661
323,0.323,0.24139026,3.942567
324,0.324,0.23021498,3.9469843
325,0.325,0.23608106,3.9807124
326,0.326,0.23002274,4.15627
327,0.327,0.22850889,4.136026
328,0.328,0.23804966,4.094422
329,0.329,0.23738395,4.0983644
330,0.33,0.24176033,4.1453824
331,0.331,0.24444298,3.9916148
332,0.332,0.25170574,4.0180063
333,0.333,0.23651367,4.0522523
334,0.334,0.2514054,3.9229023
335,0.335,0.23386437,3.9045243
336,0.336,0.23709555,3.8919814
337,0.337,0.22554931,3.9424834
338,0.338,0.22933428,3.8806894
339,0.339,0.22777304,3.9245446
340,0.34,0.22873078,3.9667711
341,0.341,0.2294637,3.946034
342,0.342,0.23095225,3.9821606
343,0.343,0.22873212,3.8584518
344,0.344,0.21779512,3.7902584
345,0.345,0.22279397,3.9112647
346,0.346,0.23372923,3.882885
347,0.347,0.22299878,3.7594352
348,0.348,0.23198773,3.816438
349,0.349,0.23075822,3.9575887
350,0.35,0.22758672,3.941813
351,0.351,0.23340641,4.1708755
352,0.352,0.24158058,4.202669
353,0.353,0.23200032,3.8609078
354,0.354,0.22826374,3.8830378
355,0.355,0.22894213,4.191374
356,0.356,0.2347239,4.221306
357,0.357,0.23698394,3.898055
358,0.358,0.23854913,3.8943346
359,0.359,0.23972212,3.8118322
360,0.36,0.23591173,3.715267
361,0.361,0.25202772,3.6525662
362,0.362,0.25240692,3.797227
363,0.363,0.23440506,3.808193
364,0.364,0.23965499,4.219178
365,0.365,0.23955305,4.190618
366,0.366,0.24483483,3.6214106
367,0.367,0.24132258,4.1709557
368,0.368,0.2442661,4.186972
369,0.369,0.24195163,4.1859946
370,0.37,0.2436525,4.19553
371,0.371,0.235025,3.7781086
372,0.372,0.24579743,3.7131276
373,0.373,0.25037122,4.200513
374,0.374,0.2459961,3.8857465
375,0.375,0.2528188,3.7985253
376,0.376,0.24926688,3.8614175
377,0.377,0.2507263,3.9445567
378,0.378,0.24516419,4.217755
379,0.379,0.24939185,4.2192397
380,0.38,0.24514437,4.224389
381,0.381,0.25347674,3.8185575
382,0.382,0.24720718,4.1886063
383,0.383,0.2546893,4.186699
384,0.384,0.24429959,4.205354
385,0.385,0.24612112,4.201147
386,0.386,0.25494212,4.1836734
387,0.387,0.24700363,4.2002473
388,0.388,0.23368777,4.175711
389,0.389,0.24742374,4.1865005
390,0.39,0.25073674,4.2055964
391,0.391,0.2488898,4.211993
392,0.392,0.2377354,4.2029114
393,0.393,0.24706651,4.182377
394,0.394,0.23977293,3.648297
395,0.395,0.24503917,4.1903644
396,0.396,0.22850525,4.173016
397,0.397,0.23554331,4.1857467
398,0.398,0.2455307,3.3393035
399,0.399,0.22291489,3.2862666
400,0.4,0.22779195,3.303705
401,0.401,0.23260817,3.3080947
402,0.402,0.22312208,3.2886646
403,0.403,0.22193912,4.1605597
404,0.404,0.23889372,3.0799718
405,0.405,0.23533672,4.1907535
406,0.406,0.24126214,3.0601096
407,0.407,0.24323206,4.1993074
408,0.408,0.24060468,4.1875997
409,0.409,0.24136375,4.1675863
410,0.41,0.24010935,2.7426848
411,0.411,0.24231221,2.7031767
412,0.412,0.23489603,2.68965
413,0.413,0.24154544,2.7716086
414,0.414,0.24532664,2.9161127
415,0.415,0.24449961,2.760676
416,0.416,0.25307554,4.195757
417,0.417,0.25062212,4.219799
418,0.418,0.24326278,4.212171
419,0.419,0.25082213,4.198827
420,0.42,0.2459462,4.216627
421,0.421,0.24139395,4.1990113
422,0.422,0.24056159,4.207085
423,0.423,0.24183996,4.224553
424,0.424,0.24519831,4.219324
425,0.425,0.235513,4.239742
426,0.426,0.24706402,4.211303
427,0.427,0.25559255,4.2282853
428,0.428,0.24781658,4.2500515
429,0.429,0.23242188,2.8914042
430,0.43,0.24188448,2.995034
431,0.431,0.24486221,3.0299807
432,0.432,0.2504184,3.0877028
433,0.433,0.2419665,3.0789654
434,0.434,0.2451244,2.936099
435,0.435,0.24875602,2.8042579
436,0.436,0.2384622,2.8613129
437,0.437,0.24033949,2.8914344
438,0.438,0.26566032,2.8778245
439,0.439,0.23755702,2.7852862
440,0.44,0.2339755,2.766811
441,0.441,0.23322037,2.6938753
442,0.442,0.24774295,2.7212458
443,0.443,0.23851855,2.7150176
444,0.444,0.23173642,2.7070115
445,0.445,0.24202168,2.7740219
446,0.446,0.24842796,2.8332083
447,0.447,0.24825923,2.6825972
448,0.448,0.24357015,2.6542099
449,0.449,0.2450477,2.6841872
450,0.45,0.22867645,2.6985495
451,0.451,0.24438307,2.5900211
452,0.452,0.24757004,2.4696383
453,0.453,0.24285434,2.5520892
454,0.454,0.24944107,2.574874
455,0.455,0.24476369,2.7382452
456,0.456,0.2570838,2.7331362
457,0.457,0.24968983,2.6204965
458,0.458,0.25328273,2.5988462
459,0.459,0.24500552,2.707871
460,0.46,0.2485431,2.778623
461,0.461,0.246356,2.725493
462,0.462,0.25947,2.7465873
463,0.463,0.25533003,2.8234046
464,0.464,0.25813723,2.7680707
465,0.465,0.25633627,2.6380372
466,0.466,0.25155208,2.6535962
467,0.467,0.2607242,2.7452652
468,0.468,0.24863839,2.8601282
469,0.469,0.24632078,2.8572006
470,0.47,0.25885758,2.9048169
471,0.471,0.25621635,2.8472364
472,0.472,0.24558482,2.9784625
473,0.473,0.2570375,2.9705536
474,0.474,0.26420173,2.9870262
475,0.475,0.24806163,3.0662274
476,0.476,0.24702293,2.9469507
477,0.477,0.27176085,3.1248312
478,0.478,0.26484835,3.2111819
479,0.479,0.26225632,3.0893629
480,0.48,0.2699669,3.0491567
481,0.481,0.2612737,2.885528
482,0.482,0.25466576,2.8356183
483,0.483,0.25316852,2.8238072
484,0.484,0.24827547,2.698585
485,0.485,0.2504845,2.5409696
486,0.486,0.24818872,2.5623689
487,0.487,0.2493166,2.690143
488,0.488,0.2422571,2.6419983
489,0.489,0.2391811,2.6640399
490,0.49,0.2398177,2.6075747
491,0.491,0.24716648,2.519909
492,0.492,0.24424833,2.4986923
493,0.493,0.23344278,2.4671493
494,0.494,0.24737127,2.428466
495,0.495,0.24959001,2.2497025
496,0.496,0.25569242,2.3209436
497,0.497,0.24434367,2.4200823
498,0.498,0.25414,2.311275
499,0.499,0.24910934,2.106233
500,0.5,0.24870965,2.0587552
501,0.501,0.24879473,1.9933774
502,0.502,0.25814235,1.943022
503,0.503,0.26671538,1.9583002
504,0.504,0.24477953,2.0239189
505,0.505,0.2644244,1.991714
506,0.506,0.27786914,2.048349
507,0.507,0.27537262,2.0791483
508,0.508,0.26361084,1.9425038
509,0.509,0.2715816,1.8920437
510,0.51,0.28428268,1.907608
511,0.511,0.29267448,1.93924
512,0.512,0.2905086,2.011448
513,0.513,0.28707466,1.9202657
514,0.514,0.27480015,1.9151742
515,0.515,0.27751717,1.8412775
516,0.516,0.28309372,1.9563824
517,0.517,0.27802697,1.9776207
518,0.518,0.2778315,1.9258647
519,0.519,0.28300798,1.9641658
520,0.52,0.28062385,1.8667418
521,0.521,0.2723127,1.8706124
522,0.522,0.2761666,1.76252
523,0.523,0.28099373,1.7330052
524,0.524,0.26401013,1.8912284
525,0.525,0.27361217,1.9953252
526,0.526,0.26177633,1.9624324
527,0.527,0.26713708,1.7862049
528,0.528,0.2567066,1.7491084
529,0.529,0.26043802,1.7945632
530,0.53,0.26494253,1.761549
531,0.531,0.25798392,1.6987267
532,0.532,0.24373744,1.550549
533,0.533,0.27023682,1.5668107
534,0.534,0.24643916,1.5788896
535,0.535,0.24455245,1.6351335
536,0.536,0.2398935,1.4275352
537,0.537,0.26234275,1.613722
538,0.538,0.2604047,1.745423
539,0.539,0.26573536,1.7603871
540,0.54,0.2735836,1.6967412
541,0.541,0.26918438,1.7055072
542,0.542,0.27632907,1.7243265
543,0.543,0.27027804,1.726887
544,0.544,0.27089256,1.7433314
545,0.545,0.26639882,1.7695745
546,0.546,0.25668216,1.8179619
547,0.547,0.25555453,1.7169899
548,0.548,0.2523732,1.8264229
549,0.549,0.2422115,1.8589549
550,0.55,0.24041717,1.8346335
551,0.551,0.23621888,1.8608477
552,0.552,0.24967541,1.7333157
553,0.553,0.23933823,1.7533816
554,0.554,0.24864815,1.9880023
555,0.555,0.2474409,1.930799
556,0.556,0.23780385,1.9445485
557,0.557,0.24556929,1.7841538
558,0.558,0.23392172,1.8025019
559,0.559,0.2457182,1.9580718
560,0.56,0.25265765,2.077233
561,0.561,0.25297025,2.0908859
562,0.562,0.25406396,2.048556
563,0.563,0.25700927,2.1072063
564,0.564,0.24343093,2.0300424
565,0.565,0.25393388,1.9644822
566,0.566,0.24368076,2.1574936
567,0.567,0.2566897,2.246332
568,0.568,0.25743252,2.2875862
569,0.569,0.25897986,2.178895
570,0.57,0.26674235,2.1330228
571,0.571,0.26885778,2.127174
572,0.572,0.27347115,2.0754468
573,0.573,0.27260435,2.1348116
574,0.574,0.26947954,2.123792
575,0.575,0.26391548,2.0932755
576,0.576,0.26971164,2.1966627
577,0.577,0.27010167,2.113126
578,0.578,0.2709809,2.2102914
579,0.579,0.2603501,2.1934075
580,0.58,0.2570899,2.1927497
581,0.581,0.26115167,2.196173
582,0.582,0.26036218,2.2127728
583,0.583,0.250957,2.2108958
584,0.584,0.23506585,2.0150983
585,0.585,0.2379858,2.158773
586,0.586,0.23691474,2.1182923
587,0.587,0.22692598,1.9676449
588,0.588,0.24188931,1.8600668
589,0.589,0.23788095,1.7742022
590,0.59,0.24186084,1.7302005
591,0.591,0.2519662,1.782955
592,0.592,0.25691158,1.8016529
593,0.593,0.25077417,1.727915
594,0.594,0.26374632,1.6141005
595,0.595,0.26743186,1.6512575
596,0.596,0.26349774,1.9091307
597,0.597,0.2579095,1.7218059
598,0.598,0.26425508,1.8001168
599,0.599,0.27393478,1.7526045
600,0.6,0.26872766,1.6588384
601,0.601,0.26381522,4.256574
602,0.602,0.25982162,1.7250091
603,0.603,0.26485592,1.901978
604,0.604,0.26681513,1.898098
605,0.605,0.25716004,1.8371717
606,0.606,0.2663198,1.8688283
607,0.607,0.26950854,1.9605213
608,0.608,0.26996633,1.9333841
609,0.609,0.26519266,1.9262187
610,0.61,0.25714257,4.3204384
611,0.611,0.26079747,2.074316
612,0.612,0.24135712,4.154475
613,0.613,0.24838746,4.271496
614,0.614,0.24996258,1.9101939
615,0.615,0.2336218,2.1659045
616,0.616,0.24960677,4.4270277
617,0.617,0.24848986,2.3299792
618,0.618,0.26332593,2.3737519
619,0.619,0.27628598,4.4670634
620,0.62,0.26790053,4.3547974
621,0.621,0.27443722,4.5468373
622,0.622,0.2867648,2.4220343
623,0.623,0.2832935,4.660637
624,0.624,0.28036457,4.530001
625,0.625,0.28484192,2.2497988
626,0.626,0.28120187,2.2091937
627,0.627,0.27769625,2.3215055
628,0.628,0.28523338,2.1966062
629,0.629,0.28657228,2.2531786
630,0.63,0.29224226,2.098275
631,0.631,0.2957581,2.0570087
632,0.632,0.28262714,2.1124458
633,0.633,0.28767458,2.1836743
634,0.634,0.26197922,2.1944578
635,0.635,0.27332294,2.1365209
636,0.636,0.25666106,2.2529588
637,0.637,0.2732839,2.2688556
638,0.638,0.264974,2.324887
639,0.639,0.268323,2.3081286
640,0.64,0.2767061,2.1339176
641,0.641,0.27020222,2.3215091
642,0.642,0.27760696,2.338834
643,0.643,0.28248823,2.2236817
644,0.644,0.28184092,2.1834743
645,0.645,0.27830675,2.2780428
646,0.646,0.27795315,2.3062646
647,0.647,0.28530133,2.3530471
648,0.648,0.29110008,2.4495716
649,0.649,0.28900877,2.4271123
650,0.65,0.29401714,2.401378
651,0.651,0.29174307,2.398398
652,0.652,0.2819148,2.5476365
653,0.653,0.2899567,2.4499507
654,0.654,0.29422855,2.544906
655,0.655,0.2794944,2.5683587
656,0.656,0.2800899,2.6215868
657,0.657,0.2733182,2.6957097
658,0.658,0.28445122,2.6071851
659,0.659,0.27903086,2.6676836
660,0.66,0.28621456,2.6541746
661,0.661,0.27690914,2.701206
662,0.662,0.3051633,2.7062602
663,0.663,0.28942698,2.6672692
664,0.664,0.2817526,2.7655363
665,0.665,0.304323,2.7411568
666,0.666,0.30662397,2.7513275
667,0.667,0.3035347,2.4895747
668,0.668,0.2962417,2.6977923
669,0.669,0.28566167,2.59938
670,0.67,0.2927633,2.679515
671,0.671,0.2776062,2.912726
672,0.672,0.28963694,2.9878938
673,0.673,0.28263932,2.992982
674,0.674,0.2798906,2.9193556
675,0.675,0.28997567,3.0703173
676,0.676,0.30286402,2.998783
677,0.677,0.30690977,2.7817328
678,0.678,0.29405388,4.2423553
679,0.679,0.2993164,4.2612643
680,0.68,0.30693385,4.234614
681,0.681,0.30098104,4.235481
682,0.682,0.30645558,2.5387561
683,0.683,0.3087275,4.2247415
684,0.684,0.29400784,4.2216673
685,0.685,0.29154888,4.2465158
686,0.686,0.28990874,4.2493625
687,0.687,0.30182076,2.7564027
688,0.688,0.3024656,4.271228
689,0.689,0.29825023,4.2636957
690,0.69,0.30309168,4.25913
691,0.691,0.3003238,4.2858486
692,0.692,0.28928813,4.254784
693,0.693,0.29010615,4.2452564
694,0.694,0.2975816,4.2260985
695,0.695,0.29413503,4.234874
696,0.696,0.29664984,4.2562885
697,0.697,0.28146398,4.2295895
698,0.698,0.29013732,4.2536745
699,0.699,0.2968297,4.2777486
700,0.7,0.28050235,4.2424893
701,0.701,0.29482684,4.2402678
702,0.702,0.28501812,4.253001
703,0.703,0.2833125,4.2442307
704,0.704,0.29354602,4.2430468
705,0.705,0.2924343,4.2682166
706,0.706,0.28615898,4.2643514
707,0.707,0.28408867,4.260415
708,0.708,0.27998874,4.282996
709,0.709,0.28173164,4.254037
710,0.71,0.2873117,4.2525477
711,0.711,0.29045048,4.256336
712,0.712,0.292619,4.249057
713,0.713,0.2914672,4.2523494
714,0.714,0.29734063,4.2500305
715,0.715,0.30185828,4.2453127
716,0.716,0.29460156,4.2365227
717,0.717,0.29806492,4.2581277
718,0.718,0.30018663,4.2796445
719,0.719,0.31073436,4.247751
720,0.72,0.3176585,4.255407
721,0.721,0.3225282,4.2674737
722,0.722,0.3294656,4.274368
723,0.723,0.3182398,4.268695
724,0.724,0.3191337,4.2794843
725,0.725,0.33136377,4.265854
726,0.726,0.32352173,4.295031
727,0.727,0.32316646,4.2764115
728,0.728,0.3235995,4.2916236
729,0.729,0.32619876,4.2768154
730,0.73,0.33653286,4.296378
731,0.731,0.32481417,4.282753
732,0.732,0.33749297,4.2927127
733,0.733,0.33221847,4.3202915
734,0.734,0.32746807,4.313564
735,0.735,0.33583987,4.3123207
736,0.736,0.32569808,4.3059487
737,0.737,0.3373241,4.281343
738,0.738,0.3392055,4.2889905
739,0.739,0.33768362,4.3153377
740,0.74,0.34391838,4.3137813
741,0.741,0.3587806,4.302326
742,0.742,0.350626,4.3070383
743,0.743,0.32424703,4.2890935
744,0.744,0.32758576,4.3017497
745,0.745,0.32743666,4.316148
746,0.746,0.32258382,4.2924905
747,0.747,0.30893907,4.2986827
748,0.748,0.31018302,4.285332
749,0.749,0.30527365,4.2625
750,0.75,0.32362205,4.2801986
751,0.751,0.3176431,4.2815924
752,0.752,0.31755653,4.2981133
753,0.753,0.30926612,4.104127
754,0.754,0.301287,4.078807
755,0.755,0.30586705,4.1253576
756,0.756,0.29986784,4.26233
757,0.757,0.3033217,4.2750034
758,0.758,0.2975382,4.283506
759,0.759,0.29802632,4.253986
760,0.76,0.29765457,4.260587
761,0.761,0.29670522,4.263869
762,0.762,0.30885932,4.2499003
763,0.763,0.29227582,4.271265
764,0.764,0.29169613,4.277717
765,0.765,0.28689402,4.270856
766,0.766,0.2936396,4.269165
767,0.767,0.2951424,4.1801033
768,0.768,0.29358387,4.088765
769,0.769,0.29185325,4.1596527
770,0.77,0.300132,3.9990098
771,0.771,0.29309714,4.0615177
772,0.772,0.28960127,4.2530823
773,0.773,0.28410935,4.266665
774,0.774,0.2777305,4.256048
775,0.775,0.282326,4.2621593
776,0.776,0.28866717,4.2660694
777,0.777,0.287658,3.883661
778,0.778,0.2939709,3.782106
779,0.779,0.2887636,3.79108
780,0.78,0.28601092,3.8030906
781,0.781,0.27502733,3.7453125
782,0.782,0.27873832,3.767097
783,0.783,0.29531676,4.252046
784,0.784,0.2936282,3.8518655
785,0.785,0.28820097,4.247041
786,0.786,0.3010769,4.256176
787,0.787,0.30002722,4.247484
788,0.788,0.29554978,4.2491217
789,0.789,0.28910795,4.2295284
790,0.79,0.27731004,4.269711
791,0.791,0.29456648,4.2647986
792,0.792,0.29395658,4.1346965
793,0.793,0.28918326,4.0102587
794,0.794,0.2825492,4.003894
795,0.795,0.27458593,4.252824
796,0.796,0.28635243,4.032981
797,0.797,0.27049637,3.9523234
798,0.798,0.27190614,3.8449154
799,0.799,0.2807088,3.931495
800,0.8,0.2752116,3.9228194
801,0.801,0.27719486,3.8748949
802,0.802,0.27923673,3.7803621
803,0.803,0.27068296,3.760603
804,0.804,0.27241606,3.8210378
805,0.805,0.2730867,3.807663
806,0.806,0.2745707,3.8944263
807,0.807,0.27168408,3.8336685
808,0.808,0.27735308,3.8944998
809,0.809,0.27953446,3.9368472
810,0.81,0.26723367,3.9615028
811,0.811,0.27488166,3.9585598
812,0.812,0.27323344,3.8702912
813,0.813,0.2831839,3.8848531
814,0.814,0.2778626,4.221999
815,0.815,0.28146595,4.2175565
816,0.816,0.2896823,3.8515604
817,0.817,0.28041548,4.224006
818,0.818,0.2723972,4.2386403
819,0.819,0.28023332,4.2031484
820,0.82,0.2881936,4.2252774
821,0.821,0.2903906,4.211114
822,0.822,0.28145042,4.2370825
823,0.823,0.29121408,4.244351
824,0.824,0.29205608,4.22917
825,0.825,0.28681487,4.2308674
826,0.826,0.28855482,4.249036
827,0.827,0.29311562,4.268357
828,0.828,0.28465956,4.2247477
829,0.829,0.28928515,4.192525
830,0.83,0.28297186,4.24303
831,0.831,0.29114014,4.23922
832,0.832,0.28667542,3.800019
833,0.833,0.282382,4.263728
834,0.834,0.26849264,4.232399
835,0.835,0.27300715,4.206087
836,0.836,0.29258838,4.249369
837,0.837,0.30190402,4.2673397
838,0.838,0.30267808,4.263471
839,0.839,0.3047838,4.263689
840,0.84,0.30305135,4.265625
841,0.841,0.2982592,4.2518163
842,0.842,0.29914525,4.2741294
843,0.843,0.29946327,4.269218
844,0.844,0.2866265,4.27342
845,0.845,0.2886496,4.284843
846,0.846,0.27002865,4.2799144
847,0.847,0.27666673,4.240715
848,0.848,0.27555567,4.22786
849,0.849,0.2807832,4.249557
850,0.85,0.27467218,4.234769
851,0.851,0.2712843,4.2437315
852,0.852,0.27112186,4.2001433
853,0.853,0.2836117,4.2243733
854,0.854,0.287768,4.2203283
855,0.855,0.28125098,4.240845
856,0.856,0.29050162,4.1834483
857,0.857,0.2898774,4.223692
858,0.858,0.2935478,4.2321477
859,0.859,0.29163456,4.213895
860,0.86,0.29533038,4.325661
861,0.861,0.28718823,4.2389483
862,0.862,0.27453417,4.279164
863,0.863,0.28132623,4.205696
864,0.864,0.27414402,4.2235084
865,0.865,0.27493984,4.2331486
866,0.866,0.2710094,4.2069216
867,0.867,0.26576197,4.237173
868,0.868,0.2557468,4.2033286
869,0.869,0.26298916,4.2354727
870,0.87,0.26755837,4.222009
871,0.871,0.2725845,4.239648
872,0.872,0.27879813,4.218901
873,0.873,0.28581133,4.226591
874,0.874,0.26943046,4.2009106
875,0.875,0.2822882,4.208634
876,0.876,0.28663537,4.2055163
877,0.877,0.28330055,4.2048182
878,0.878,0.28013945,4.207972
879,0.879,0.2777018,4.217206
880,0.88,0.27000588,2.257515
881,0.881,0.27406177,2.2730336
882,0.882,0.28860217,2.2721856
883,0.883,0.2933158,2.2398164
884,0.884,0.2912164,2.141872
885,0.885,0.2786852,2.200002
886,0.886,0.29164666,2.064253
887,0.887,0.28811803,2.1555173
888,0.888,0.29295972,2.3734894
889,0.889,0.282393,2.270146
890,0.89,0.28390303,2.2531726
891,0.891,0.27483946,2.3047106
892,0.892,0.27296254,2.27253
893,0.893,0.25425327,2.157519
894,0.894,0.27930084,2.1221035
895,0.895,0.26968473,2.057651
896,0.896,0.2740418,3.8066232
897,0.897,0.2745001,3.7327702
898,0.898,0.26790607,3.855947
899,0.899,0.26667142,2.1185763
900,0.9,0.25835618,2.22625
901,0.901,0.25543568,3.942329
902,0.902,0.24806957,3.9920733
903,0.903,0.23445216,4.03964
904,0.904,0.24249864,2.3744423
905,0.905,0.2470588,2.5096076
906,0.906,0.25255704,2.4495313
907,0.907,0.2432796,2.4132314
908,0.908,0.25477713,4.2707253
909,0.909,0.25805056,4.1863937
910,0.91,0.24901906,2.31495
911,0.911,0.2458934,2.2938724
912,0.912,0.24436456,2.3201568
913,0.913,0.26679415,2.2716527
914,0.914,0.24895085,2.47807
915,0.915,0.24629505,2.3293023
916,0.916,0.27362373,2.3312867
917,0.917,0.2589347,2.3635292
918,0.918,0.26186305,2.2497458
919,0.919,0.27200502,4.1795406
920,0.92,0.2812627,4.2081394
921,0.921,0.2840121,4.220788
922,0.922,0.2892454,4.2461634
923,0.923,0.29431823,4.21512
924,0.924,0.2852406,4.2209983
925,0.925,0.29568154,4.2085266
926,0.926,0.2875642,2.316382
927,0.927,0.28244027,2.3505554
928,0.928,0.27534917,2.4482954
929,0.929,0.27747804,2.4161763
930,0.93,0.28153208,2.3674815
931,0.931,0.27563193,2.3585534
932,0.932,0.27356505,2.3943317
933,0.933,0.28264967,2.311479
934,0.934,0.28254768,4.2300553
935,0.935,0.29717752,4.2139564
936,0.936,0.27958024,2.4366367
937,0.937,0.2842082,4.198086
938,0.938,0.27991894,4.1860576
939,0.939,0.27613786,3.8671596
940,0.94,0.28008848,3.9898393
941,0.941,0.28460747,4.064933
942,0.942,0.2907872,4.0941396
943,0.943,0.2768939,4.1266747
944,0.944,0.28597555,4.154303
945,0.945,0.2900041,4.1464205
946,0.946,0.28940138,4.1079183
947,0.947,0.2751443,4.24927
948,0.948,0.2681418,4.258525
949,0.949,0.26260903,4.243506
950,0.95,0.27258256,4.139846
951,0.951,0.26959425,4.117224
952,0.952,0.26845357,4.186525
953,0.953,0.2706434,4.1488132
954,0.954,0.27243513,4.278822
955,0.955,0.25769565,4.3008275
956,0.956,0.26265475,4.378403
957,0.957,0.26268718,4.2163267
958,0.958,0.26790237,4.4078245
959,0.959,0.2757626,4.3241963
960,0.96,0.26515123,4.221367
961,0.961,0.286139,4.3307486
962,0.962,0.28406823,4.302631
963,0.963,0.27356777,4.256003
964,0.964,0.27632293,4.1971087
965,0.965,0.28285617,4.3151712
966,0.966,0.27593133,2.791303
967,0.967,0.27805275,2.8226037
968,0.968,0.29328257,2.8188148
969,0.969,0.28848776,2.883322
970,0.97,0.28777838,2.9115682
971,0.971,0.29051307,2.9499125
972,0.972,0.2860305,2.8744345
973,0.973,0.28453037,2.8868055
974,0.974,0.26531467,2.9316971
975,0.975,0.27899027,2.776621
976,0.976,0.27498537,2.8607605
977,0.977,0.2665265,2.7338786
978,0.978,0.28528526,2.820639
979,0.979,0.29216024,2.733416
980,0.98,0.285897,2.8004637
981,0.981,0.2837734,2.7169979
982,0.982,0.29472288,2.8744087
983,0.983,0.28488868,2.8185773
984,0.984,0.29389742,2.8528662
985,0.985,0.2954991,2.6327205
986,0.986,0.29532602,2.6519675
987,0.987,0.30359265,2.5834653
988,0.988,0.30853564,2.4709914
989,0.989,0.31146166,2.65811
990,0.99,0.3017089,2.7787488
991,0.991,0.31593162,2.8364196
992,0.992,0.306058,2.8588855
993,0.993,0.30139542,2.4701557
994,0.994,0.31195158,2.8274384
995,0.995,0.305498,2.7721655
996,0.996,0.33186758,2.569907
997,0.997,0.31996366,2.9217718
998,0.998,0.31240538,2.509257
999,0.999,0.29990065,2.4946089
1000,1.0,0.30897063,2.7378173
1001,1.001,0.3122463,2.3790898
1002,1.002,0.30174512,2.4846036
1003,1.003,0.2835962,2.573268
1004,1.004,0.3021547,2.5811236
1005,1.005,0.30392402,2.5472488
1006,1.006,0.2934582,2.5810156
1007,1.007,0.30097204,2.61799
1008,1.008,0.29826736,2.6618373
1009,1.009,0.2998064,2.4660752
1010,1.01,0.2980958,2.397597
1011,1.011,0.30837813,2.445337
1012,1.012,0.29993308,2.3564157
1013,1.013,0.30050334,2.2547793
1014,1.014,0.3122474,2.3018482
1015,1.015,0.2925055,2.381104
1016,1.016,0.30252364,2.463026
1017,1.017,0.30594108,2.483604
1018,1.018,0.31047574,2.3642466
1019,1.019,0.31087282,3.8298469
1020,1.02,0.30927956,3.9284368
1021,1.021,0.29745215,4.04914
1022,1.022,0.3049604,3.981102
1023,1.023,0.29884058,4.014618
1024,1.024,0.28431925,3.9861372
1025,1.025,0.30076203,3.9700031
1026,1.026,0.29047525,3.9210548
1027,1.027,0.3161951,3.9260483
1028,1.028,0.2971879,3.932988
1029,1.029,0.29612994,4.0351186
1030,1.03,0.293096,4.0201793
1031,1.031,0.28547454,4.118182
1032,1.032,0.2965845,4.0491443
1033,1.033,0.29879087,4.0512433
1034,1.034,0.30139625,4.1039777
1035,1.035,0.3071905,4.1075196
1036,1.036,0.30779168,4.236607
1037,1.037,0.31732276,4.2203426
1038,1.038,0.3389915,4.24484
1039,1.039,0.33800215,4.085373
1040,1.04,0.3335864,4.165694
1041,1.041,0.3289424,4.1326275
1042,1.042,0.31477913,4.194922
1043,1.043,0.3104924,4.1700697
1044,1.044,0.32559517,4.1183305
1045,1.045,0.3215369,4.2941313
1046,1.046,0.3207651,4.3431363
1047,1.047,0.29491466,4.237763
1048,1.048,0.29988527,4.3483405
1049,1.049,0.29339457,4.2299705
1050,1.05,0.30723056,4.362874
1051,1.051,0.30975562,2.9070086
1052,1.052,0.30485648,2.9997933
1053,1.053,0.31207937,2.956305
1054,1.054,0.30206263,2.9895744
1055,1.055,0.29516512,2.8611555
1056,1.056,0.28776255,2.8987315
1057,1.057,0.29426962,4.247851
1058,1.058,0.30026367,2.8882897
1059,1.059,0.28974175,4.3217745
1060,1.06,0.2959855,2.9852965
1061,1.061,0.28976715,3.0760207
1062,1.062,0.29823208,3.0122561
1063,1.063,0.31059602,4.4740033
1064,1.064,0.30994797,4.504048
1065,1.065,0.31783578,3.0270708
1066,1.066,0.3093291,4.519331
1067,1.067,0.30311692,4.5919256
1068,1.068,0.3179635,3.2091444
1069,1.069,0.3017537,4.215983
1070,1.07,0.30798385,2.4923887
1071,1.071,0.30845246,3.4783692
1072,1.072,0.31599325,4.210942
1073,1.073,0.30661353,4.1957607
1074,1.074,0.32257143,2.2024148
1075,1.075,0.31546026,4.1966586
1076,1.076,0.32646668,4.8828945
1077,1.077,0.30834502,2.29159
1078,1.078,0.30212831,2.3523114
1079,1.079,0.30171055,2.066425
1080,1.08,0.30813384,3.2493632
1081,1.081,0.30969554,2.2146375
1082,1.082,0.32136092,3.3273985
1083,1.083,0.32479665,2.466935
1084,1.084,0.32971585,3.4440002
1085,1.085,0.31655294,2.354375
1086,1.086,0.32795075,3.413317
1087,1.087,0.31997973,3.3419726
1088,1.088,0.3009745,3.3235419
1089,1.089,0.3112752,4.2668676
1090,1.09,0.32230285,4.3038597
1091,1.091,0.33398613,4.3022647
1092,1.092,0.31469047,4.2981057
1093,1.093,0.3213706,4.2808766
1094,1.094,0.31399953,1.7847228
1095,1.095,0.30858818,1.8131505
1096,1.096,0.31977826,1.8788736
1097,1.097,0.30707473,1.7897738
1098,1.098,0.30342278,1.8242736
1099,1.099,0.31790295,1.6417282
1100,1.1,0.32075563,1.5733019
1101,1.101,0.31714568,1.5739763
1102,1.102,0.30666882,1.5632888
1103,1.103,0.31290492,1.5180416
1104,1.104,0.30222902,1.3378977
1105,1.105,0.29475692,1.3981093
1106,1.106,0.3118199,1.266375
1107,1.107,0.31217656,1.2516448
1108,1.108,0.31635666,1.1912161
1109,1.109,0.31273815,1.1967971
1110,1.11,0.30448753,1.231318
1111,1.111,0.3161778,1.2764016
1112,1.112,0.29468176,1.4252669
1113,1.113,0.30247992,1.4971908
1114,1.114,0.29746124,1.4791477
1115,1.115,0.291806,1.5282457
1116,1.116,0.2880107,1.7617626
1117,1.117,0.29056495,1.8348926
1118,1.118,0.28986531,1.9018761
1119,1.119,0.29388896,1.918676
1120,1.12,0.28959116,1.8962995
1121,1.121,0.2828923,2.087421
1122,1.122,0.28065324,2.042858
1123,1.123,0.28508094,2.0109553
1124,1.124,0.29087374,1.8890102
1125,1.125,0.29863626,1.7894148
1126,1.126,0.29586074,1.8487469
1127,1.127,0.3009095,1.9716367
1128,1.128,0.30572712,2.005916
1129,1.129,0.2918779,1.901108
1130,1.13,0.29876798,1.8575621
1131,1.131,0.30816787,1.9007353
1132,1.132,0.31102556,1.791752
1133,1.133,0.29704064,1.9038138
1134,1.134,0.3108643,3.2978332
1135,1.135,0.30722776,3.3779457
1136,1.136,0.3095322,3.3283303
1137,1.137,0.32270005,3.3228657
1138,1.138,0.3118053,1.5368278
1139,1.139,0.294742,1.5769688
1140,1.14,0.30031326,1.6176039
1141,1.141,0.3009789,3.3686697
1142,1.142,0.2900511,3.3694077
1143,1.143,0.29813573,3.3509614
1144,1.144,0.29386246,3.2949297
1145,1.145,0.29499927,1.5262538
1146,1.146,0.3147075,1.5294393
1147,1.147,0.31008926,3.3912592
1148,1.148,0.31927577,3.4945562
1149,1.149,0.29931632,1.517545
1150,1.15,0.30529675,3.569974
1151,1.151,0.29182371,3.584824
1152,1.152,0.289104,3.5097594
1153,1.153,0.2787659,3.5788023
1154,1.154,0.27150354,3.5820854
1155,1.155,0.2722736,3.5372329
1156,1.156,0.2805539,3.3033724
1157,1.157,0.2984214,1.7296778
1158,1.158,0.29480577,1.8153571
1159,1.159,0.3074904,1.7305504
1160,1.16,0.3071119,1.7965804
1161,1.161,0.32637998,1.7439281
1162,1.162,0.32604104,1.6990432
1163,1.163,0.31597027,1.7205733
1164,1.164,0.30529583,1.8928586
1165,1.165,0.32036504,3.1999466
1166,1.166,0.31509984,3.1836443
1167,1.167,0.3135194,3.2370055
1168,1.168,0.302934,3.2162213
1169,1.169,0.29962122,3.5599794
1170,1.17,0.28472245,3.6021533
1171,1.171,0.30081683,1.7489936
1172,1.172,0.27290943,3.6792972
1173,1.173,0.29045165,3.7276247
1174,1.174,0.29513928,3.599192
1175,1.175,0.285602,3.632792
1176,1.176,0.2795106,1.4430443
1177,1.177,0.2801512,1.3998563
1178,1.178,0.2820385,1.4243324
1179,1.179,0.2813951,1.5670375
1180,1.18,0.26346457,3.3576322
1181,1.181,0.27740443,1.4554304
1182,1.182,0.28003916,1.440039
1183,1.183,0.2768247,1.5329546
1184,1.184,0.29365835,3.2952056
1185,1.185,0.29856166,3.3627052
1186,1.186,0.30019328,3.3194668
1187,1.187,0.299126,3.1899905
1188,1.188,0.2980891,1.5092698
1189,1.189,0.2789015,1.5586201
1190,1.19,0.28152573,1.4047244
1191,1.191,0.2683072,1.4914951
1192,1.192,0.2736459,1.6033267
1193,1.193,0.27706197,1.58634
1194,1.194,0.27874857,1.6223366
1195,1.195,0.27453235,1.5601166
1196,1.196,0.2647202,1.5595905
1197,1.197,0.29231918,1.7255565
1198,1.198,0.29732728,1.704134
1199,1.199,0.3008779,1.686768
1200,1.2,0.2939593,1.6103591
1201,1.201,0.27948174,1.4477283
1202,1.202,0.27830988,3.4257193
1203,1.203,0.2873433,1.3764654
1204,1.204,0.29833686,1.2580631
1205,1.205,0.29412386,1.2308619
1206,1.206,0.28953794,1.1947325
1207,1.207,0.29828283,1.25254
1208,1.208,0.2996778,1.1397221
1209,1.209,0.30536857,1.3759863
1210,1.21,0.27734807,1.3691142
1211,1.211,0.2882886,3.7180932
1212,1.212,0.2864842,1.628625
1213,1.213,0.2785674,1.5640588
1214,1.214,0.2806505,1.328362
1215,1.215,0.29392192,1.3320416
1216,1.216,0.27428147,1.3260244
1217,1.217,0.28112975,1.2638899
1218,1.218,0.28122813,1.1821319
1219,1.219,0.28291163,1.3530558
1220,1.22,0.27358812,1.171739
1221,1.221,0.27891484,1.3325565
1222,1.222,0.26941365,1.1510546
1223,1.223,0.27515325,1.0747151
1224,1.224,0.27569664,1.0595909
1225,1.225,0.28611028,1.2248108
1226,1.226,0.28969365,1.3187063
1227,1.227,0.29525235,1.360283
1228,1.228,0.31055152,1.3835044
1229,1.229,0.29090354,1.2686872
1230,1.23,0.29261363,1.4095782
1231,1.231,0.30413684,1.362368
1232,1.232,0.3128949,1.3968543
1233,1.233,0.29593486,1.3430991
1234,1.234,0.28941903,1.3395534
1235,1.235,0.29814222,1.2785621
1236,1.236,0.28621832,4.169314
1237,1.237,0.29213023,1.3056618
1238,1.238,0.27857095,4.1869073
1239,1.239,0.2850149,4.194938
1240,1.24,0.28564453,4.2087073
1241,1.241,0.2931559,4.190146
1242,1.242,0.29102916,4.1893315
1243,1.243,0.28931355,4.2082605
1244,1.244,0.29484102,4.206226
1245,1.245,0.31607822,4.195888
1246,1.246,0.3080106,4.212507
1247,1.247,0.3040218,4.1948514
1248,1.248,0.30417687,4.205319
1249,1.249,0.30789512,4.1913404
1250,1.25,0.30682948,4.165474
1251,1.251,0.3165958,4.2133603
1252,1.252,0.31222898,4.213393
1253,1.253,0.304657,4.1864643
1254,1.254,0.31518984,4.218131
1255,1.255,0.3005416,4.7084694
1256,1.256,0.30698746,4.7244015
1257,1.257,0.3041331,2.1161182
1258,1.258,0.3047625,2.2498262
1259,1.259,0.29626507,3.180204
1260,1.26,0.28758794,3.083021
1261,1.261,0.2938677,3.2025518
1262,1.262,0.29729882,2.7424808
1263,1.263,0.3095296,4.585353
1264,1.264,0.2935984,4.243402
1265,1.265,0.31356874,4.2179217
1266,1.266,0.30757374,4.216248
1267,1.267,0.30865207,4.2355337
1268,1.268,0.29667276,4.212234
1269,1.269,0.29415607,2.6626189
1270,1.27,0.28348303,2.6036484
1271,1.271,0.29170805,2.576212
1272,1.272,0.2958284,4.218465
1273,1.273,0.3103114,4.9352484
1274,1.274,0.3080143,3.6136465
1275,1.275,0.29945883,2.4120407
1276,1.276,0.29523838,3.5855975
1277,1.277,0.30013353,3.5300348
1278,1.278,0.2959307,3.433515
1279,1.279,0.30708313,3.4993308
1280,1.28,0.29277474,3.6043875
1281,1.281,0.2846653,3.6179554
1282,1.282,0.30674213,2.6046865
1283,1.283,0.30627844,3.3362536
1284,1.284,0.30903128,3.3480308
1285,1.285,0.30224192,4.8062763
1286,1.286,0.28621888,4.737339
1287,1.287,0.31366467,4.7271976
1288,1.288,0.3039549,4.7817526
1289,1.289,0.3195183,3.3888283
1290,1.29,0.30377772,4.2188478
1291,1.291,0.3027995,4.235587
1292,1.292,0.28600898,4.7381663
1293,1.293,0.2984143,4.5759964
1294,1.294,0.29975528,4.212614
1295,1.295,0.29403463,4.2358932
1296,1.296,0.2970569,4.229723
1297,1.297,0.2978419,4.2169285
1298,1.298,0.29205546,4.233238
1299,1.299,0.2914446,4.24404
1300,1.3,0.30544755,2.7187846
1301,1.301,0.30764794,2.6979058
1302,1.302,0.30694556,4.670292
1303,1.303,0.3017853,2.6165595
1304,1.304,0.30561388,4.2412863
1305,1.305,0.31055894,4.2331476
1306,1.306,0.29929125,2.602709
1307,1.307,0.2933561,4.2570915
1308,1.308,0.29650784,4.2596407
1309,1.309,0.2896277,2.4914687
1310,1.31,0.28539383,4.234982
1311,1.311,0.2855365,4.244082
1312,1.312,0.27986223,4.218569
1313,1.313,0.27424592,4.2459183
1314,1.314,0.28583747,4.2188606
1315,1.315,0.2764447,4.2593527
1316,1.316,0.2806083,4.233825
1317,1.317,0.28107044,4.238126
1318,1.318,0.29214782,4.224227
1319,1.319,0.29244554,4.218026
1320,1.32,0.27221203,4.2078676
1321,1.321,0.27624288,4.2047586
1322,1.322,0.2847725,4.209143
1323,1.323,0.2917533,4.2511816
1324,1.324,0.29495305,4.244457
1325,1.325,0.3027361,8.102996
1326,1.326,0.2871444,8.088979
1327,1.327,0.2785143,8.116384
1328,1.328,0.27224988,4.226894
1329,1.329,0.27859855,4.234642
1330,1.33,0.28441045,4.2593718
1331,1.331,0.28593045,8.19595
1332,1.332,0.29016754,8.195191
1333,1.333,0.29174897,8.184268
1334,1.334,0.28787854,8.165078
1335,1.335,0.27593926,4.2524786
1336,1.336,0.2825824,8.230648
1337,1.337,0.291786,8.241375
1338,1.338,0.2970628,8.237366
1339,1.339,0.31021255,8.236053
1340,1.34,0.30202687,8.230679
1341,1.341,0.29306114,4.2611885
1342,1.342,0.30508858,8.290765
1343,1.343,0.29493502,8.248765
1344,1.344,0.3058089,4.2586994
1345,1.345,0.3153797,4.2446494
1346,1.346,0.3092548,4.244005
1347,1.347,0.3167347,4.2681975
1348,1.348,0.31269762,4.2615566
1349,1.349,0.31570718,2.8735738
1350,1.35,0.31962034,1.5768887
1351,1.351,0.3163687,2.8877065
1352,1.352,0.31101024,2.8667164
1353,1.353,0.31992695,1.86156
1354,1.354,0.31583694,6.236832
1355,1.355,0.30280653,2.8397295
1356,1.356,0.30716288,6.3375664
1357,1.357,0.30908394,6.2202444
1358,1.358,0.32392952,6.2113867
1359,1.359,0.32065645,6.2260804
1360,1.36,0.3282937,6.2665205
1361,1.361,0.30127394,6.230574
1362,1.362,0.3090061,6.1765366
1363,1.363,0.31690666,6.1629777
1364,1.364,0.30951172,6.178778
1365,1.365,0.31657284,6.0741777
1366,1.366,0.31129232,2.485236
1367,1.367,0.29098064,2.4218392
1368,1.368,0.30898738,2.288412
1369,1.369,0.31921735,2.2271004
1370,1.37,0.31507677,2.144568
1371,1.371,0.32150045,2.172326
1372,1.372,0.3025163,2.3840146
1373,1.373,0.29922947,2.23907
1374,1.374,0.30918235,2.1965585
1375,1.375,0.30188873,2.119478
1376,1.376,0.30306324,2.0672817
1377,1.377,0.30653277,1.986215
1378,1.378,0.30227306,1.8897487
1379,1.379,0.30502778,1.8436264
1380,1.38,0.28830576,1.9337764
1381,1.381,0.29300874,1.973943
1382,1.382,0.28175095,2.0026174
1383,1.383,0.28732297,2.0603385
1384,1.384,0.29417604,2.1234784
1385,1.385,0.2894764,2.2047744
1386,1.386,0.30249232,2.041222
1387,1.387,0.3021905,2.1487436
1388,1.388,0.30169058,2.1353855
1389,1.389,0.2967527,5.7320714
1390,1.39,0.3059435,5.6257663
1391,1.391,0.31288123,5.5563993
1392,1.392,0.2928275,5.555008
1393,1.393,0.2806038,5.674977
1394,1.394,0.28137904,5.6761518
1395,1.395,0.28121588,5.688032
1396,1.396,0.27954438,5.858926
1397,1.397,0.28355822,5.8228855
1398,1.398,0.27954096,5.7981396
1399,1.399,0.27304682,5.687747
1400,1.4,0.26165938,5.7441397
1401,1.401,0.2606082,5.6990623
1402,1.402,0.2668911,5.791602
1403,1.403,0.2813844,5.792774
1404,1.404,0.2880094,5.613841
1405,1.405,0.27763298,5.5320706
1406,1.406,0.28265524,5.564562
1407,1.407,0.2890164,5.579017
1408,1.408,0.27830765,5.5438375
1409,1.409,0.27300873,5.577446
1410,1.41,0.28507435,5.6015835
1411,1.411,0.28570712,5.5729437
1412,1.412,0.2852707,5.534037
1413,1.413,0.2914843,5.562748
1414,1.414,0.28715673,5.5125403
1415,1.415,0.29709554,5.555769
1416,1.416,0.294357,4.2599816
1417,1.417,0.30705228,5.511571
1418,1.418,0.2938972,5.505138
1419,1.419,0.30490673,5.5981703
1420,1.42,0.29246417,5.625168
1421,1.421,0.29901862,5.663804
1422,1.422,0.2959989,5.715934
1423,1.423,0.303898,5.786218
1424,1.424,0.29090258,5.704075
1425,1.425,0.29297283,5.7336383
1426,1.426,0.29023263,5.7185807
1427,1.427,0.29813904,4.2806945
1428,1.428,0.31568897,4.2569084
1429,1.429,0.3020272,4.258056
1430,1.43,0.30483297,5.622627
1431,1.431,0.3005884,5.632583
1432,1.432,0.3109599,5.6503716
1433,1.433,0.3053311,5.625135
1434,1.434,0.30531216,5.6794176
1435,1.435,0.32030502,5.8332
1436,1.436,0.30685323,5.9084806
1437,1.437,0.31248003,5.975029
1438,1.438,0.3053301,5.9372535
1439,1.439,0.30377957,5.9350486
1440,1.44,0.30700248,5.9315295
1441,1.441,0.3061185,4.396804
1442,1.442,0.32082736,4.2450457
1443,1.443,0.30456653,4.2555857
1444,1.444,0.29290888,5.8195186
1445,1.445,0.3120056,4.2183514
1446,1.446,0.29840946,5.8978276
1447,1.447,0.30231878,5.809243
1448,1.448,0.32253757,5.7063456
1449,1.449,0.3217111,5.6222353
1450,1.45,0.31878003,5.6771755
1451,1.451,0.31446612,5.7497187
1452,1.452,0.30746248,5.783564
1453,1.453,0.31190068,5.8274746
1454,1.454,0.31202316,5.796005
1455,1.455,0.31134382,5.795228
1456,1.456,0.3128713,5.7520943
1457,1.457,0.30547988,1.9509801
1458,1.458,0.309178,1.8950979
1459,1.459,0.30746847,1.8469919
1460,1.46,0.31392172,5.7033496
1461,1.461,0.29945257,5.8474884
1462,1.462,0.30257997,5.8724914
1463,1.463,0.30981007,5.930083
1464,1.464,0.2897373,5.943712
1465,1.465,0.30806816,5.901633
1466,1.466,0.32010633,5.990794
1467,1.467,0.31937605,6.1066337
1468,1.468,0.29796872,6.1430473
1469,1.469,0.3121591,6.1691904
1470,1.47,0.30359143,6.072187
1471,1.471,0.31282726,6.011026
1472,1.472,0.30742756,6.0221243
1473,1.473,0.30434865,6.048742
1474,1.474,0.32005277,6.0229077
1475,1.475,0.30647907,5.929272
1476,1.476,0.28688726,5.9821043
1477,1.477,0.30512187,5.991961
1478,1.478,0.29995114,4.2108626
1479,1.479,0.31063157,5.982271
1480,1.48,0.29091495,6.0024467
1481,1.481,0.2934447,5.931502
1482,1.482,0.29691023,5.9406424
1483,1.483,0.2991322,5.857019
1484,1.484,0.28451416,5.8846617
1485,1.485,0.28843316,5.9133286
1486,1.486,0.29287538,5.930838
1487,1.487,0.29056197,5.9611993
1488,1.488,0.2970367,5.814602
1489,1.489,0.29142633,5.7518206
1490,1.49,0.2865232,5.7490344
1491,1.491,0.2983048,5.8186927
1492,1.492,0.3221123,5.7938986
1493,1.493,0.31563917,5.670709
1494,1.494,0.30948627,5.6106844
1495,1.495,0.3103339,5.564669
1496,1.496,0.3037441,5.5785465
1497,1.497,0.30812725,5.504072
1498,1.498,0.3028828,5.6198945
1499,1.499,0.30531093,1.9398985
1500,1.5,0.30551642,5.611777
1501,1.501,0.29062095,1.6799185
1502,1.502,0.29522222,1.6253631
1503,1.503,0.29849696,1.595775
1504,1.504,0.29669163,1.6405768
1505,1.505,0.2915151,1.7521497
1506,1.506,0.2913231,1.6906413
1507,1.507,0.29027376,1.7553939
1508,1.508,0.28756246,1.8351964
1509,1.509,0.28484204,1.7478446
1510,1.51,0.2966968,1.6683278
1511,1.511,0.28130764,1.5381498
1512,1.512,0.27156934,4.199856
1513,1.513,0.283145,1.7416551
1514,1.514,0.29217055,1.7610339
1515,1.515,0.29209346,1.8848133
1516,1.516,0.29577827,1.8685726
1517,1.517,0.31046513,1.7923715
1518,1.518,0.28661874,4.195125
1519,1.519,0.29344246,4.186005
1520,1.52,0.3030953,1.5992663
1521,1.521,0.29866812,1.611909
1522,1.522,0.31071147,4.214968
1523,1.523,0.3052262,4.2056108
1524,1.524,0.30123246,4.1981497
1525,1.525,0.31619498,4.1985683
1526,1.526,0.31512862,4.2208686
1527,1.527,0.31139448,4.225879
1528,1.528,0.30994397,1.5338526
1529,1.529,0.29736194,1.6202301
1530,1.53,0.31336245,4.2176976
1531,1.531,0.31029683,4.227453
1532,1.532,0.29825622,4.217333
1533,1.533,0.306729,4.218806
1534,1.534,0.3012914,4.2394114
1535,1.535,0.31692144,4.227978
1536,1.536,0.31179485,4.184007
1537,1.537,0.30257642,4.2167397
1538,1.538,0.29701746,4.194073
1539,1.539,0.3048473,4.200675
1540,1.54,0.3186747,4.224041
1541,1.541,0.30788293,4.213094
1542,1.542,0.30263558,4.220769
1543,1.543,0.30324367,4.1905036
1544,1.544,0.29753053,4.177817
1545,1.545,0.2960464,4.174048
1546,1.546,0.29061705,4.1942363
1547,1.547,0.29771793,4.189025
1548,1.548,0.30054674,4.1871896
1549,1.549,0.29063618,4.204898
1550,1.55,0.30359265,4.208925
1551,1.551,0.3037439,4.2106137
1552,1.552,0.31650785,4.233606
1553,1.553,0.31719312,4.2396684
1554,1.554,0.33072227,4.232047
1555,1.555,0.30738443,4.203293
1556,1.556,0.28031212,4.22727
1557,1.557,0.29266575,4.214473
1558,1.558,0.29408276,4.2268395
1559,1.559,0.29990846,4.21921
1560,1.56,0.31029117,4.23332
1561,1.561,0.30574873,4.22196
1562,1.562,0.27965164,4.1921706
1563,1.563,0.28217757,4.1699486
1564,1.564,0.27624422,4.2162156
1565,1.565,0.2818467,4.2211795
1566,1.566,0.28520772,4.223455
1567,1.567,0.27439943,4.2191415
1568,1.568,0.28628486,4.194775
1569,1.569,0.30585036,4.2192416
1570,1.57,0.2975357,4.217592
1571,1.571,0.28980842,4.1806374
1572,1.572,0.2968752,4.1888313
1573,1.573,0.2954036,4.1941466
1574,1.574,0.27792358,4.2175064
1575,1.575,0.2827623,4.2133894
1576,1.576,0.27521464,4.1952972
1577,1.577,0.29216212,4.17901
1578,1.578,0.28062725,4.1976595
1579,1.579,0.28253698,4.202564
1580,1.58,0.2869234,4.2115674
1581,1.581,0.27779794,4.2260036
1582,1.582,0.28478262,4.2205305
1583,1.583,0.2869989,4.2212176
1584,1.584,0.28210092,4.241652
1585,1.585,0.26591298,4.266686
1586,1.586,0.26257485,4.2116575
1587,1.587,0.2722804,4.2348814
1588,1.588,0.29118547,4.237339
1589,1.589,0.28335938,4.249831
1590,1.59,0.27002913,4.270561
1591,1.591,0.29367104,4.2441845
1592,1.592,0.28930983,4.239646
1593,1.593,0.2957688,4.239276
1594,1.594,0.28437832,0.8575109
1595,1.595,0.29313052,0.9655101
1596,1.596,0.28696898,0.84876794
1597,1.597,0.29349992,0.9072789
1598,1.598,0.2833127,0.9771043
1599,1.599,0.28260624,1.0144815
1600,1.6,0.26741195,1.0044897
1601,1.601,0.2714889,4.2056103
1602,1.602,0.27920082,4.2092667
1603,1.603,0.28605726,4.2164884
1604,1.604,0.29745308,4.1935453
1605,1.605,0.29483017,4.185266
1606,1.606,0.302224,4.2339206
1607,1.607,0.30297622,4.224817
1608,1.608,0.29389113,1.0870901
1609,1.609,0.30049402,4.191899
1610,1.61,0.2996209,4.202172
1611,1.611,0.29135877,4.219203
1612,1.612,0.3024797,4.20159
1613,1.613,0.29511,4.1963
1614,1.614,0.29148343,4.210084
1615,1.615,0.2876381,4.1991353
1616,1.616,0.28987297,4.1906004
1617,1.617,0.30501023,4.2091746
1618,1.618,0.30660582,4.216801
1619,1.619,0.30837047,4.2410026
1620,1.62,0.3144674,1.1179043
1621,1.621,0.3251879,1.0788321
1622,1.622,0.32585397,0.982966
1623,1.623,0.2978608,4.2023373
1624,1.624,0.30782127,4.189105
1625,1.625,0.31935468,4.2212725
1626,1.626,0.31308943,4.22764
1627,1.627,0.31343815,4.224743
1628,1.628,0.3116858,4.2123814
1629,1.629,0.29586023,4.236177
1630,1.63,0.3009278,4.211287
1631,1.631,0.3104697,4.213416
1632,1.632,0.31501633,1.0997281
1633,1.633,0.31303066,4.2062287
1634,1.634,0.3081584,0.8851721
1635,1.635,0.30462983,0.83410674
1636,1.636,0.31093466,0.85367715
1637,1.637,0.31178507,0.80060446
1638,1.638,0.3089809,0.7954242
1639,1.639,0.29562712,0.8418432
1640,1.64,0.2982817,0.88994336
1641,1.641,0.2960813,0.91647595
1642,1.642,0.29536402,1.1194627
1643,1.643,0.2998625,1.111635
1644,1.644,0.28239813,4.947266
1645,1.645,0.290088,4.9155006
1646,1.646,0.28585157,4.9566007
1647,1.647,0.28433678,1.271514
1648,1.648,0.29409593,1.3267165
1649,1.649,0.3052894,5.084956
1650,1.65,0.28973562,1.2367511
1651,1.651,0.2875308,5.124199
1652,1.652,0.29858404,1.3368999
1653,1.653,0.299549,5.1372423
1654,1.654,0.2979804,5.0831833
1655,1.655,0.302498,1.20576
1656,1.656,0.30849385,0.9634606
1657,1.657,0.30888143,1.0853568
1658,1.658,0.30834612,1.1753215
1659,1.659,0.3093585,1.0919335
1660,1.66,0.30740234,5.108474
1661,1.661,0.30737323,5.191618
1662,1.662,0.3029416,5.2170625
1663,1.663,0.3142953,5.16663
1664,1.664,0.30818495,5.2454104
1665,1.665,0.31601787,1.2585016
1666,1.666,0.30869004,5.1639543
1667,1.667,0.31206173,1.1975219
1668,1.668,0.30436707,1.0023934
1669,1.669,0.31089628,4.9261956
1670,1.67,0.30228794,4.957828
1671,1.671,0.30749032,4.900912
1672,1.672,0.30771533,4.8280416
1673,1.673,0.3140156,4.9639926
1674,1.674,0.3196627,5.048828
1675,1.675,0.31077722,5.0219445
1676,1.676,0.32753804,5.079151
1677,1.677,0.3187257,5.062541
1678,1.678,0.3178713,5.1220675
1679,1.679,0.32012612,5.200021
1680,1.68,0.30980998,5.2122526
1681,1.681,0.30899316,5.1968155
1682,1.682,0.31330746,5.1194644
1683,1.683,0.32117793,1.2119919
1684,1.684,0.33151793,1.1231307
1685,1.685,0.31672326,0.9946339
1686,1.686,0.30841574,1.0356637
1687,1.687,0.29878744,0.99654466
1688,1.688,0.29329273,0.8385521
1689,1.689,0.30086398,0.84955806
1690,1.69,0.29887578,0.8701309
1691,1.691,0.2991591,4.9145103
1692,1.692,0.3179067,4.975358
1693,1.693,0.31663173,4.9064994
1694,1.694,0.30064785,4.8023195
1695,1.695,0.31464267,0.7447047
1696,1.696,0.30726752,4.7308364
1697,1.697,0.31087333,4.7333155
1698,1.698,0.3097474,4.7454414
1699,1.699,0.29064986,0.6647478
1700,1.7,0.29555655,4.7413173
1701,1.701,0.31424302,4.804186
1702,1.702,0.29841843,4.713382
1703,1.703,0.2990181,4.75623
1704,1.704,0.30168915,0.7093909
1705,1.705,0.293799,0.7779389
1706,1.706,0.2950222,0.7411052
1707,1.707,0.2952041,0.65094537
1708,1.708,0.30619043,0.64799565
1709,1.709,0.31440988,4.2356076
1710,1.71,0.3071827,0.6753826
1711,1.711,0.29583475,4.5885563
1712,1.712,0.30436808,4.728012
1713,1.713,0.30100864,4.6777587
1714,1.714,0.30216193,0.79263365
1715,1.715,0.3026421,0.9124536
1716,1.716,0.31524184,1.0149544
1717,1.717,0.29869118,0.88795555
1718,1.718,0.29458967,4.2358823
1719,1.719,0.30568314,0.8207487
1720,1.72,0.3022906,0.6992028
1721,1.721,0.3012813,0.8495604
1722,1.722,0.2999172,4.2250443
1723,1.723,0.29856652,0.9609137
1724,1.724,0.30136776,0.76736796
1725,1.725,0.29491186,0.6655802
1726,1.726,0.28199336,0.69267654
1727,1.727,0.28008726,4.761613
1728,1.728,0.2835862,0.76470673
1729,1.729,0.2820128,0.7276343
1730,1.73,0.29171416,0.6454693
1731,1.731,0.2923396,0.58401984
1732,1.732,0.28512874,0.62917864
1733,1.733,0.28198975,0.5994466
1734,1.734,0.29283568,0.59147483
1735,1.735,0.2858462,0.74431556
1736,1.736,0.29009712,0.62804353
1737,1.737,0.2930916,0.72024053
1738,1.738,0.2928691,0.786931
1739,1.739,0.29285312,4.2042093
1740,1.74,0.2836783,0.9228566
1741,1.741,0.28411412,0.7746106
1742,1.742,0.30382523,0.94549465
1743,1.743,0.28665447,0.7880509
1744,1.744,0.27612904,0.7799202
1745,1.745,0.28471294,0.7958423
1746,1.746,0.29467884,0.74579364
1747,1.747,0.30093944,0.7999277
1748,1.748,0.29839027,0.8426273
1749,1.749,0.29745805,0.7155522
1750,1.75,0.29842585,4.9439096
1751,1.751,0.30942672,1.1029024
1752,1.752,0.30099565,1.115114
1753,1.753,0.31685883,1.2267816
1754,1.754,0.33449206,1.1890225
1755,1.755,0.32324547,1.1993552
1756,1.756,0.31958866,1.0442346
1757,1.757,0.3136738,1.0251815
1758,1.758,0.31407762,1.0322992
1759,1.759,0.3065808,1.2027596
1760,1.76,0.31229576,0.9869515
1761,1.761,0.3275882,0.93295974
1762,1.762,0.30860162,1.0093873
1763,1.763,0.30862805,0.9442809
1764,1.764,0.3158195,0.9884078
1765,1.765,0.30724528,1.1452105
1766,1.766,0.3146813,1.077856
1767,1.767,0.3297596,0.9644944
1768,1.768,0.32145932,0.99365443
1769,1.769,0.3220478,1.0707568
1770,1.77,0.32769614,1.0647807
1771,1.771,0.31280345,1.1030048
1772,1.772,0.32380936,1.2065644
1773,1.773,0.32412517,1.1308484
1774,1.774,0.3272098,1.1546217
1775,1.775,0.32942393,1.1807342
1776,1.776,0.32839388,1.2308133
1777,1.777,0.3222054,1.1936402
1778,1.778,0.33931088,1.1537498
1779,1.779,0.33056223,1.2091475
1780,1.78,0.33486637,1.0245965
1781,1.781,0.32954812,0.98174083
1782,1.782,0.32893893,0.9926491
1783,1.783,0.3217284,4.221062
1784,1.784,0.3185118,4.2031946
1785,1.785,0.33642432,4.2436786
1786,1.786,0.32472742,0.88191
1787,1.787,0.33419415,0.85156727
1788,1.788,0.3274968,0.9031349
1789,1.789,0.3338985,4.251039
1790,1.79,0.33923542,4.2460055
1791,1.791,0.32079208,4.2838583
1792,1.792,0.31698558,4.2847605
1793,1.793,0.3282653,4.2436085
1794,1.794,0.31464842,4.2438984
1795,1.795,0.31919125,4.2434
1796,1.796,0.32501823,4.241975
1797,1.797,0.32055336,4.249892
1798,1.798,0.31035462,4.237252
1799,1.799,0.3050557,4.2390075
1800,1.8,0.309703,4.223773
1801,1.801,0.30701432,4.228392
1802,1.802,0.29278988,4.226415
1803,1.803,0.29076064,4.2299824
1804,1.804,0.27675036,4.215416
1805,1.805,0.2794157,4.1867685
1806,1.806,0.28848073,4.2179656
1807,1.807,0.2938297,4.2499647
1808,1.808,0.28724426,4.208985
1809,1.809,0.28648767,4.2151704
1810,1.81,0.28859982,4.2079244
1811,1.811,0.2898769,4.1946
1812,1.812,0.2901003,4.1924763
1813,1.813,0.28922325,4.211183
1814,1.814,0.2872559,4.188352
1815,1.815,0.2914556,4.1850357
1816,1.816,0.27370536,4.170849
1817,1.817,0.28321627,4.1824465
1818,1.818,0.27715212,4.1719246
1819,1.819,0.2832445,4.188291
1820,1.82,0.28971437,4.165906
1821,1.821,0.27466837,4.2115774
1822,1.822,0.280358,4.202553
1823,1.823,0.28875124,4.169284
1824,1.824,0.28825945,4.1790943
1825,1.825,0.28482744,4.190794
1826,1.826,0.29410735,0.9852702
1827,1.827,0.29210368,4.191091
1828,1.828,0.3020392,4.189848
1829,1.829,0.2971093,4.2017703
1830,1.83,0.29323578,4.196194
1831,1.831,0.30499834,4.1945615
1832,1.832,0.303447,0.6202135
1833,1.833,0.31661135,0.5778998
1834,1.834,0.31407848,0.52950907
1835,1.835,0.3229045,0.5714365
1836,1.836,0.3168234,0.5237348
1837,1.837,0.30475748,0.5207537
1838,1.838,0.30875948,0.44665164
1839,1.839,0.30637175,0.3366591
1840,1.84,0.3081592,0.29266807
1841,1.841,0.3161118,4.214856
1842,1.842,0.30166417,4.2389197
1843,1.843,0.303127,4.2478747
1844,1.844,0.30619878,4.211404
1845,1.845,0.291316,4.239602
1846,1.846,0.3089347,4.2232294
1847,1.847,0.3032114,4.2230015
1848,1.848,0.31269595,7.497601
1849,1.849,0.30438545,4.598648
1850,1.85,0.31832883,4.578123
1851,1.851,0.3208032,7.529043
1852,1.852,0.3124161,4.2452974
1853,1.853,0.30348065,7.4920063
1854,1.854,0.32092494,7.4936714
1855,1.855,0.31867018,7.4872503
1856,1.856,0.32724118,7.4549804
1857,1.857,0.32820252,4.4591727
1858,1.858,0.3144183,4.4489856
1859,1.859,0.33409756,4.510718
1860,1.86,0.3329103,4.47928
1861,1.861,0.32570145,4.4868836
1862,1.862,0.33601543,4.3855233
1863,1.863,0.3293864,0.39158556
1864,1.864,0.33060744,0.26701927
1865,1.865,0.33494177,0.2039086
1866,1.866,0.3275864,4.20338
1867,1.867,0.33003673,4.3530936
1868,1.868,0.32246324,4.249653
1869,1.869,0.33630022,4.2391677
1870,1.87,0.3302559,4.3481736
1871,1.871,0.3244991,4.3424683
1872,1.872,0.31126177,4.24586
1873,1.873,0.30842492,4.3323226
1874,1.874,0.30224335,4.379004
1875,1.875,0.30325228,4.197559
1876,1.876,0.28920603,0.2124626
1877,1.877,0.29195568,4.116565
1878,1.878,0.30817837,4.0624757
1879,1.879,0.30758584,4.0875654
1880,1.88,0.2943732,3.833504
1881,1.881,0.3065713,7.102781
1882,1.882,0.29990488,3.8223095
1883,1.883,0.29701218,4.195249
1884,1.884,0.28607944,3.8298023
1885,1.885,0.28539318,0.5730292
1886,1.886,0.2962446,4.1626396
1887,1.887,0.31624052,4.1853204
1888,1.888,0.3047084,0.4412879
1889,1.889,0.31183252,3.778259
1890,1.89,0.32096693,0.63359743
1891,1.891,0.3211809,0.69111043
1892,1.892,0.31054756,0.66199076
1893,1.893,0.30522206,6.9973626
1894,1.894,0.30305877,0.7367922
1895,1.895,0.3107186,4.1887703
1896,1.896,0.30379373,4.170128
1897,1.897,0.2940608,6.8581967
1898,1.898,0.31596237,6.8592052
1899,1.899,0.31049943,4.170957
1900,1.9,0.3196709,0.9449007
1901,1.901,0.30967012,0.93855524
1902,1.902,0.29957274,4.181868
1903,1.903,0.32114297,0.94112945
1904,1.904,0.31234866,0.7725527
1905,1.905,0.3088373,0.722725
1906,1.906,0.3133495,0.79473263
1907,1.907,0.3134818,4.2111897
1908,1.908,0.28775755,4.228971
1909,1.909,0.29946122,4.225858
1910,1.91,0.30069667,4.2112904
1911,1.911,0.29770947,4.216242
1912,1.912,0.30411193,4.2343855
1913,1.913,0.30145708,4.2506547
1914,1.914,0.30294293,0.99554247
1915,1.915,0.29830354,1.0380338
1916,1.916,0.30030313,1.0511606
1917,1.917,0.30697864,0.96515876
1918,1.918,0.31118676,1.0646298
1919,1.919,0.31397867,1.0537467
1920,1.92,0.3094701,1.0393399
1921,1.921,0.3220115,0.76404625
1922,1.922,0.31019786,0.6705231
1923,1.923,0.31443983,0.6465228
1924,1.924,0.31185848,0.788728
1925,1.925,0.31179434,0.9395739
1926,1.926,0.3165823,1.0435411
1927,1.927,0.32153597,1.1840066
1928,1.928,0.3341899,1.1705738
1929,1.929,0.32567227,1.2050598
1930,1.93,0.33445942,1.1031566
1931,1.931,0.33184838,1.0478486
1932,1.932,0.32157412,1.061186
1933,1.933,0.32533458,1.141488
1934,1.934,0.31361338,1.198321
1935,1.935,0.33295122,1.2800484
1936,1.936,0.31628147,1.5606153
1937,1.937,0.3072623,1.6212299
1938,1.938,0.30646178,4.2381167
1939,1.939,0.30058646,4.218739
1940,1.94,0.2924462,4.267003
1941,1.941,0.29577985,4.2446995
1942,1.942,0.30784357,4.2395678
1943,1.943,0.327172,4.2374487
1944,1.944,0.3207817,4.2410026
1945,1.945,0.31446967,4.2456317
1946,1.946,0.3252248,4.238945
1947,1.947,0.31703052,4.2375345
1948,1.948,0.32614303,4.25363
1949,1.949,0.34099704,4.2643957
1950,1.95,0.33334756,4.2673116
1951,1.951,0.3151868,4.2553964
1952,1.952,0.31311938,4.2823052
1953,1.953,0.30767184,4.2689548
1954,1.954,0.3141677,4.2684503
1955,1.955,0.310291,4.283114
1956,1.956,0.32874686,4.268743
1957,1.957,0.32493946,4.2811103
1958,1.958,0.32043532,4.282468
1959,1.959,0.32760423,4.2991805
1960,1.96,0.31902844,4.2826505
1961,1.961,0.3217353,4.287051
1962,1.962,0.31472498,4.2562256
1963,1.963,0.31684077,4.2304645
1964,1.964,0.31275457,4.2683463
1965,1.965,0.32029876,4.2875385
1966,1.966,0.32279006,4.2959
1967,1.967,0.3218568,4.291519
1968,1.968,0.31133252,4.2858925
1969,1.969,0.3288306,4.2630506
1970,1.97,0.33911642,4.2762294
1971,1.971,0.3289966,4.270151
1972,1.972,0.3221031,4.24234
1973,1.973,0.3338577,4.245388
1974,1.974,0.33587658,4.2789707
1975,1.975,0.33109644,4.2678404
1976,1.976,0.33717653,4.268337
1977,1.977,0.34581754,4.2856703
1978,1.978,0.3397158,4.2492013
1979,1.979,0.3296525,4.2524967
1980,1.98,0.34588656,4.255122
1981,1.981,0.3451988,4.2364526
1982,1.982,0.3462967,4.266959
1983,1.983,0.33604315,4.2574024
1984,1.984,0.35420713,4.2755647
1985,1.985,0.34038022,4.2500997
1986,1.986,0.3486372,4.2567306
1987,1.987,0.35202247,4.2788258
1988,1.988,0.36122373,4.2657914
1989,1.989,0.3484978,4.2520957
1990,1.99,0.36197472,4.2409267
1991,1.991,0.37250286,4.2423544
1992,1.992,0.36166868,4.2771707
1993,1.993,0.36246824,4.250032
1994,1.994,0.36353174,4.2651687
1995,1.995,0.3410041,1.2203363
1996,1.996,0.36665118,4.233961
1997,1.997,0.35956687,1.2532581
1998,1.998,0.36421192,1.3448066
1999,1.999,0.35183287,1.3924837
2000,2.0,0.34397045,1.5026094
2001,2.001,0.33888593,1.5832156
2002,2.002,0.3481174,1.6390245
2003,2.003,0.33645973,1.6563972
2004,2.004,0.33972886,1.6118122
2005,2.005,0.34691516,1.693072
2006,2.006,0.34468636,1.7015967
2007,2.007,0.33615813,1.7267998
2008,2.008,0.32522365,1.7702501
2009,2.009,0.33610505,1.6285543
2010,2.01,0.3396921,1.5886533
2011,2.011,0.32869858,1.6774522
2012,2.012,0.320601,1.8523357
2013,2.013,0.31918606,1.7906134
2014,2.014,0.31125456,1.8346742
2015,2.015,0.28917626,1.7110335
2016,2.016,0.30858955,1.8275704
2017,2.017,0.29195514,1.8327584
2018,2.018,0.30024812,1.9042661
2019,2.019,0.30461842,1.8443966
2020,2.02,0.31094268,1.8855542
2021,2.021,0.3144451,1.8345408
2022,2.022,0.32020703,1.7327862
2023,2.023,0.3091113,1.6685846
2024,2.024,0.30722356,1.6457334
2025,2.025,0.29299846,1.721171
2026,2.026,0.30138224,1.6179272
2027,2.027,0.3025744,1.7659117
2028,2.028,0.30508837,1.7733351
2029,2.029,0.30164713,1.8995109
2030,2.03,0.29992303,1.8828201
2031,2.031,0.28617114,2.0376267
2032,2.032,0.28372535,2.197397
2033,2.033,0.29356605,2.106891
2034,2.034,0.2942184,1.9787832
2035,2.035,0.2973459,1.9121265
2036,2.036,0.28520694,1.7374696
2037,2.037,0.2844045,1.8856918
2038,2.038,0.3035657,1.8469377
2039,2.039,0.3104707,1.766703
2040,2.04,0.31282893,2.90579
2041,2.041,0.3193907,1.7691936
2042,2.042,0.32974094,1.6774017
2043,2.043,0.3381862,1.7619529
2044,2.044,0.33252555,1.6405581
2045,2.045,0.3481556,1.6994896
2046,2.046,0.34989965,4.257358
2047,2.047,0.35614702,2.8887062
2048,2.048,0.37256315,2.975592
2049,2.049,0.36106154,3.1113167
2050,2.05,0.36544648,3.0901084
2051,2.051,0.3641347,2.982529
2052,2.052,0.37550843,6.4803452
2053,2.053,0.36568213,6.555625
2054,2.054,0.39348656,3.1610255
2055,2.055,0.38463593,6.51967
2056,2.056,0.38173193,6.6172285
2057,2.057,0.37952077,6.624638
2058,2.058,0.3693489,6.6949015
2059,2.059,0.37674218,6.712113
2060,2.06,0.3625879,6.7082057
2061,2.061,0.35128886,6.7858114
2062,2.062,0.3564916,6.6701865
2063,2.063,0.36014357,6.5958767
2064,2.064,0.3731812,6.5613647
2065,2.065,0.3710026,6.5485044
2066,2.066,0.3677054,6.5316796
2067,2.067,0.3624006,6.5456567
2068,2.068,0.37167716,6.532149
2069,2.069,0.3735182,6.6277766
2070,2.07,0.3618382,6.6064067
2071,2.071,0.37333623,6.642209
2072,2.072,0.37854803,6.7561407
2073,2.073,0.3727578,6.754922
2074,2.074,0.3715606,6.707221
2075,2.075,0.37399757,6.7604623
2076,2.076,0.372305,6.7116013
2077,2.077,0.37956432,6.850892
2078,2.078,0.3760734,6.924822
2079,2.079,0.39593303,6.9968495
2080,2.08,0.3941575,7.1016555
2081,2.081,0.40917027,7.0578165
2082,2.082,0.41048223,7.0300035
2083,2.083,0.39946702,7.0042925
2084,2.084,0.39926058,7.017713
2085,2.085,0.38879463,7.0159593
2086,2.086,0.37972483,6.9854684
2087,2.087,0.3901592,6.9629383
2088,2.088,0.38551512,7.0542655
2089,2.089,0.38787082,7.0996046
2090,2.09,0.40236455,7.1574283
2091,2.091,0.411784,7.10041
2092,2.092,0.40697217,7.0814834
2093,2.093,0.41403523,7.034578
2094,2.094,0.41876364,7.1212206
2095,2.095,0.41567022,7.0922394
2096,2.096,0.4133341,3.9896665
2097,2.097,0.40452325,4.134021
2098,2.098,0.40216908,4.2291822
2099,2.099,0.41157565,4.1736856
2100,2.1,0.39505607,4.255159
2101,2.101,0.40092298,4.192385
2102,2.102,0.39477578,4.1284966
2103,2.103,0.39895263,4.172465
2104,2.104,0.3797151,4.1586275
2105,2.105,0.38506392,4.004949
2106,2.106,0.3701824,3.8725264
2107,2.107,0.37854502,3.819543
2108,2.108,0.3734674,3.8646653
2109,2.109,0.3821156,3.9312215
2110,2.11,0.3791517,3.9272876
2111,2.111,0.3684629,3.9104266
2112,2.112,0.36183324,3.9429982
2113,2.113,0.35478336,4.062066
2114,2.114,0.36227298,4.1022663
2115,2.115,0.36591214,4.168104
2116,2.116,0.35048434,4.248071
2117,2.117,0.35341433,4.236201
2118,2.118,0.34560084,4.1161633
2119,2.119,0.3553055,4.154762
2120,2.12,0.35445213,4.1761184
2121,2.121,0.35966748,4.268468
2122,2.122,0.35837066,4.239696
2123,2.123,0.3665262,4.2424755
2124,2.124,0.37169155,4.2715425
2125,2.125,0.3926998,4.242212
2126,2.126,0.38905147,4.246979
2127,2.127,0.3780575,4.2413
2128,2.128,0.39476714,4.201007
2129,2.129,0.3879016,4.216683
2130,2.13,0.3945134,4.216488
2131,2.131,0.4015163,4.2110605
2132,2.132,0.3854534,4.217506
2133,2.133,0.37350413,4.2366056
2134,2.134,0.39340273,4.2319264
2135,2.135,0.40822837,4.1942253
2136,2.136,0.40586877,4.2383823
2137,2.137,0.40698826,4.221391
2138,2.138,0.3979156,4.2041693
2139,2.139,0.40257108,4.222762
2140,2.14,0.40286818,4.214432
2141,2.141,0.41271195,4.1928244
2142,2.142,0.40068117,4.1914215
2143,2.143,0.40604785,4.1815877
2144,2.144,0.4127121,4.203725
2145,2.145,0.39710903,4.19128
2146,2.146,0.40619418,4.196285
2147,2.147,0.3944584,4.202582
2148,2.148,0.40010417,4.206805
2149,2.149,0.4099344,4.2043357
2150,2.15,0.40941432,4.1639175
2151,2.151,0.39973107,4.1866803
2152,2.152,0.381671,4.194534
2153,2.153,0.3956846,4.201433
2154,2.154,0.41466966,4.203512
2155,2.155,0.39744273,4.217973
2156,2.156,0.39775258,4.2228456
2157,2.157,0.38425454,4.217196
2158,2.158,0.37474042,4.219695
2159,2.159,0.39020887,4.204674
2160,2.16,0.3947136,4.2052593
2161,2.161,0.3899157,4.230153
2162,2.162,0.39217,4.2279725
2163,2.163,0.39077097,4.2298217
2164,2.164,0.39325216,5.1119046
2165,2.165,0.40600616,4.22857
2166,2.166,0.41206542,4.215384
2167,2.167,0.41013458,4.190885
2168,2.168,0.3986646,4.195426
2169,2.169,0.40475094,4.1878014
2170,2.17,0.4004773,4.1868834
2171,2.171,0.41382343,4.210934
2172,2.172,0.4183622,4.195335
2173,2.173,0.41733462,4.208024
2174,2.174,0.43296325,4.2033086
2175,2.175,0.42832005,4.2389235
2176,2.176,0.42170697,4.260482
2177,2.177,0.42788142,4.2611337
2178,2.178,0.41702697,4.2626805
2179,2.179,0.43538305,4.276104
2180,2.18,0.43447796,4.303764
2181,2.181,0.42377898,4.24446
2182,2.182,0.41790265,4.243729
2183,2.183,0.40576863,4.2860217
2184,2.184,0.39868188,4.284673
2185,2.185,0.40856215,4.281376
2186,2.186,0.3996802,4.2533774
2187,2.187,0.40614623,4.263539
2188,2.188,0.39763826,4.251247
2189,2.189,0.41800806,4.259616
2190,2.19,0.41118702,4.2646017
2191,2.191,0.4323859,4.249272
2192,2.192,0.4034324,4.2779827
2193,2.193,0.41537017,4.2594795
2194,2.194,0.42246547,4.284526
2195,2.195,0.41340095,4.2783685
2196,2.196,0.42150688,4.2764215
2197,2.197,0.39717573,4.304408
2198,2.198,0.39027005,4.2793827
2199,2.199,0.4026384,4.245383
2200,2.2,0.40320662,4.301417
2201,2.201,0.3980164,4.3017416
2202,2.202,0.38871604,4.2632833
2203,2.203,0.40427315,4.2615585
2204,2.204,0.37585083,4.258088
2205,2.205,0.38508523,4.2831063
2206,2.206,0.3954478,4.2793097
2207,2.207,0.39393428,4.30004
2208,2.208,0.39,4.293322
2209,2.209,0.39194635,4.2862506
2210,2.21,0.4036181,4.278755
2211,2.211,0.4006904,4.291246
2212,2.212,0.3813512,4.308043
2213,2.213,0.3932054,4.280535
2214,2.214,0.37377402,4.275817
2215,2.215,0.38475797,4.276329
2216,2.216,0.39168328,4.281927
2217,2.217,0.40163472,4.306659
2218,2.218,0.38426343,4.3016663
2219,2.219,0.38572484,4.2762427
2220,2.22,0.3828996,4.276726
2221,2.221,0.37981823,4.2729034
2222,2.222,0.37978014,4.2959027
2223,2.223,0.3607996,4.2977123
2224,2.224,0.36193517,4.267585
2225,2.225,0.36106852,4.26861
2226,2.226,0.34791446,4.2745442
2227,2.227,0.35896772,4.2850866
2228,2.228,0.34595853,4.2827435
2229,2.229,0.36487976,4.2504888
2230,2.23,0.36157325,4.2306056
2231,2.231,0.34378552,4.241799
2232,2.232,0.3376705,4.2349596
2233,2.233,0.34709647,4.2370243
2234,2.234,0.36129484,4.2325015
2235,2.235,0.37146834,4.218481
2236,2.236,0.36982337,4.203287
2237,2.237,0.35847136,4.168802
2238,2.238,0.36567244,4.188862
2239,2.239,0.35613242,4.1969037
2240,2.24,0.37333572,4.1797614
2241,2.241,0.35983962,4.1977987
2242,2.242,0.35283926,4.217483
2243,2.243,0.34624624,4.198676
2244,2.244,0.35684553,4.1813593
2245,2.245,0.35984698,4.2390556
2246,2.246,0.3571689,4.225674
2247,2.247,0.3517155,4.2522836
2248,2.248,0.33956048,4.2286444
2249,2.249,0.3501264,4.2305436
2250,2.25,0.35364014,4.2272654
2251,2.251,0.34310782,4.2095494
2252,2.252,0.33482495,4.223652
2253,2.253,0.3312279,4.2211003
2254,2.254,0.3292458,4.214856
2255,2.255,0.31650686,4.2094603
2256,2.256,0.32158265,4.2062373
2257,2.257,0.32387412,4.2388196
2258,2.258,0.3200129,4.2079
2259,2.259,0.31139448,4.2203913
2260,2.26,0.3139194,4.2174087
2261,2.261,0.31121543,4.245822
2262,2.262,0.3150675,4.193739
2263,2.263,0.322458,4.228892
2264,2.264,0.31331366,4.2391324
2265,2.265,0.3166912,4.2265677
2266,2.266,0.3260719,4.2653656
2267,2.267,0.32058975,4.227517
2268,2.268,0.33986196,4.222288
2269,2.269,0.34930223,4.239537
2270,2.27,0.35461986,4.2633724
2271,2.271,0.3531401,4.228424
2272,2.272,0.34438178,4.229426
2273,2.273,0.33324888,4.2052994
2274,2.274,0.3425095,4.2286816
2275,2.275,0.33945608,4.2348375
2276,2.276,0.3467855,4.2367015
2277,2.277,0.35565087,4.2402453
2278,2.278,0.3468888,4.2440085
2279,2.279,0.34258747,4.2566385
2280,2.28,0.3601448,4.2486157
2281,2.281,0.34659347,4.248763
2282,2.282,0.35894322,4.2419624
2283,2.283,0.34920958,4.2745247
2284,2.284,0.3368816,4.2549357
2285,2.285,0.3355632,4.250111
2286,2.286,0.34069145,4.223669
2287,2.287,0.32664067,4.2444153
2288,2.288,0.3451014,4.2489
2289,2.289,0.34716195,4.212138
2290,2.29,0.34432837,4.2197895
2291,2.291,0.32804024,4.2440686
2292,2.292,0.34775093,4.251414
2293,2.293,0.33593467,4.259288
2294,2.294,0.3338143,4.2462316
2295,2.295,0.3344435,4.2533154
2296,2.296,0.34009042,4.2428813
2297,2.297,0.3384671,4.258161
2298,2.298,0.348446,4.2764506
2299,2.299,0.34770712,4.289184
2300,2.3,0.36222807,4.243369
2301,2.301,0.3462201,4.252232
2302,2.302,0.34047538,4.2999625
2303,2.303,0.3468201,4.277605
2304,2.304,0.33873123,4.262756
2305,2.305,0.34751853,4.2867885
2306,2.306,0.35163274,4.2984533
2307,2.307,0.33878323,4.2887444
2308,2.308,0.34148532,4.268274
2309,2.309,0.3479684,4.261869
2310,2.31,0.35073355,4.274682
2311,2.311,0.35449997,4.2679267
2312,2.312,0.34820735,4.2533703
2313,2.313,0.35871267,4.240863
2314,2.314,0.35273644,4.2327743
2315,2.315,0.34081486,4.2308555
2316,2.316,0.35417256,4.231082
2317,2.317,0.35198018,4.2306757
2318,2.318,0.35184985,4.22413
2319,2.319,0.34172198,4.2392325
2320,2.32,0.3350079,4.2485013
2321,2.321,0.3495279,4.233877
2322,2.322,0.34068206,4.233141
2323,2.323,0.33982366,4.2410684
2324,2.324,0.3429063,4.231197
2325,2.325,0.3304735,4.224187
2326,2.326,0.32499522,4.225422
2327,2.327,0.32372952,4.2296834
2328,2.328,0.33204052,4.2427583
2329,2.329,0.3252943,4.250614
2330,2.33,0.3391119,4.2385125
2331,2.331,0.3383993,4.2183948
2332,2.332,0.32824913,4.2387013
2333,2.333,0.3249051,4.2435293
2334,2.334,0.32577407,4.2584205
2335,2.335,0.32693702,4.2888
2336,2.336,0.3314717,4.2936773
2337,2.337,0.3244575,4.2913995
2338,2.338,0.3240875,4.2626066
2339,2.339,0.31955758,4.250592
2340,2.34,0.334788,4.2658257
2341,2.341,0.33495712,4.2734656
2342,2.342,0.32054743,4.300531
2343,2.343,0.3277737,4.269549
2344,2.344,0.34358323,4.302971
2345,2.345,0.33756506,4.2716355
2346,2.346,0.34287795,4.286847
2347,2.347,0.32335803,4.2699437
2348,2.348,0.32323623,4.285642
2349,2.349,0.3073443,4.2526865
2350,2.35,0.31230867,4.219101
2351,2.351,0.3239015,4.218822
2352,2.352,0.32467085,4.2283664
2353,2.353,0.323182,4.2496343
2354,2.354,0.32602915,4.244294
2355,2.355,0.34819642,4.2601533
2356,2.356,0.3360536,4.2870975
2357,2.357,0.33405012,4.268354
2358,2.358,0.33764517,4.2601914
2359,2.359,0.3254708,4.25611
2360,2.36,0.3391577,4.2717047
2361,2.361,0.31217387,4.2960105
2362,2.362,0.3219755,4.2984333
2363,2.363,0.315943,4.292336
2364,2.364,0.31245413,4.249146
2365,2.365,0.33885497,4.2954187
2366,2.366,0.33478388,4.2880545
2367,2.367,0.33472174,4.3024993
2368,2.368,0.3211492,4.2940693
2369,2.369,0.33212528,4.260845
2370,2.37,0.3242788,4.26916
2371,2.371,0.34206724,4.2664433
2372,2.372,0.33932167,4.2552934
2373,2.373,0.3435901,4.2729263
2374,2.374,0.34660935,4.2679095
2375,2.375,0.34791356,4.27514
2376,2.376,0.33903605,4.239208
2377,2.377,0.32879776,4.2281084
2378,2.378,0.3451686,4.2102947
2379,2.379,0.33546922,4.2184606
2380,2.38,0.34230873,4.257613
2381,2.381,0.34815937,4.2624645
2382,2.382,0.3500916,4.249949
2383,2.383,0.33921412,4.2691655
2384,2.384,0.33442456,4.241751
2385,2.385,0.3352252,4.269314
2386,2.386,0.340476,4.259656
2387,2.387,0.34493768,4.268875
2388,2.388,0.3406573,4.239823
2389,2.389,0.33490312,4.242727
2390,2.39,0.33612472,4.2451262
2391,2.391,0.33327678,4.2472506
2392,2.392,0.34555912,4.269792
2393,2.393,0.34754217,4.2540784
2394,2.394,0.35452616,4.262202
2395,2.395,0.34813535,4.231331
2396,2.396,0.35811904,4.245803
2397,2.397,0.3504052,4.2392635
2398,2.398,0.34680936,4.2393284
2399,2.399,0.3505808,4.2412543
2400,2.4,0.3498969,4.2304115
2401,2.401,0.34729618,4.238668
2402,2.402,0.35726312,4.2395697
2403,2.403,0.34812936,4.2530265
2404,2.404,0.3663111,4.2533507
2405,2.405,0.36538875,4.248097
2406,2.406,0.361833,4.2488513
2407,2.407,0.36003885,4.2433906
2408,2.408,0.34617817,4.2090073
2409,2.409,0.36478254,4.2280717
2410,2.41,0.36766425,4.244952
2411,2.411,0.35655135,4.257304
2412,2.412,0.35845882,4.2507353
2413,2.413,0.35978308,4.231574
2414,2.414,0.36180758,4.2453637
2415,2.415,0.3659151,4.2510047
2416,2.416,0.35107467,4.242162
2417,2.417,0.34847417,4.255463
2418,2.418,0.35198736,4.265537
2419,2.419,0.3520874,4.256529
2420,2.42,0.35646623,4.268449
2421,2.421,0.35802773,4.236094
2422,2.422,0.35465467,4.2932773
2423,2.423,0.36034834,4.2732224
2424,2.424,0.3574119,4.2434964
2425,2.425,0.36206818,4.2561226
2426,2.426,0.37271482,4.2303777
2427,2.427,0.3573716,4.2661734
2428,2.428,0.35736308,4.245028
2429,2.429,0.37121966,4.2353644
2430,2.43,0.3544003,4.226674
2431,2.431,0.35315594,4.230758
2432,2.432,0.37252384,4.257442
2433,2.433,0.36370525,4.2224846
2434,2.434,0.3593887,4.250864
2435,2.435,0.36444843,4.2451544
2436,2.436,0.3821176,4.2415752
2437,2.437,0.38460872,4.220813
2438,2.438,0.3851019,4.237775
2439,2.439,0.38194537,4.245254
2440,2.44,0.38821554,4.2356286
2441,2.441,0.3719717,4.232393
2442,2.442,0.36733577,4.2567277
2443,2.443,0.35691103,4.248386
2444,2.444,0.3682073,4.238953
2445,2.445,0.35505933,4.223676
2446,2.446,0.35483867,4.219503
2447,2.447,0.3488511,4.2303076
2448,2.448,0.3534151,4.254438
2449,2.449,0.3516786,4.266233
2450,2.45,0.35479993,4.248305
2451,2.451,0.36929545,4.248696
2452,2.452,0.38095024,4.2620997
2453,2.453,0.3799984,4.238772
2454,2.454,0.3754143,4.2551184
2455,2.455,0.38206553,4.2333612
2456,2.456,0.37914178,4.2221203
2457,2.457,0.38994372,4.231893
2458,2.458,0.3823614,4.2465067
2459,2.459,0.36660442,4.2721896
2460,2.46,0.3721709,4.244707
2461,2.461,0.37124708,4.245671
2462,2.462,0.3652204,4.2386146
2463,2.463,0.38266885,4.2474747
2464,2.464,0.36760885,4.250832
2465,2.465,0.37314212,4.243219
2466,2.466,0.3807391,4.2474513
2467,2.467,0.36534327,4.2622333
2468,2.468,0.38052595,4.2485228
2469,2.469,0.3929198,4.2915015
2470,2.47,0.38689238,4.251883
2471,2.471,0.36754224,4.256283
2472,2.472,0.3739469,4.2248263
2473,2.473,0.37363333,4.222182
2474,2.474,0.37430254,4.246639
2475,2.475,0.38285998,4.243817
2476,2.476,0.36934274,4.226983
2477,2.477,0.3618159,4.2102757
2478,2.478,0.3721374,4.253216
2479,2.479,0.3758356,4.2279525
2480,2.48,0.36782855,4.2206273
2481,2.481,0.3620165,4.236814
2482,2.482,0.35025746,4.2191367
2483,2.483,0.36630622,4.236085
2484,2.484,0.37110105,4.261562
2485,2.485,0.363656,4.216135
2486,2.486,0.37341672,4.2401896
2487,2.487,0.36143538,4.2418623
2488,2.488,0.36715826,4.224524
2489,2.489,0.36553538,4.2034016
2490,2.49,0.3601616,4.223282
2491,2.491,0.35019746,4.2278996
2492,2.492,0.3451299,4.242194
2493,2.493,0.33958504,4.236649
2494,2.494,0.34001705,4.244735
2495,2.495,0.3411907,4.231107
2496,2.496,0.35847762,4.239131
2497,2.497,0.34361824,4.2296896
2498,2.498,0.33189085,4.2202373
2499,2.499,0.33231595,4.2267013
2500,2.5,0.34084547,4.221553
2501,2.501,0.3378237,4.2129846
2502,2.502,0.3437066,4.244172
2503,2.503,0.3427109,4.221237
2504,2.504,0.34868607,4.243382
2505,2.505,0.34896934,4.2348256
2506,2.506,0.33917314,4.2626853
2507,2.507,0.34426868,4.2553787
2508,2.508,0.33338392,4.2603445
2509,2.509,0.32602602,4.2336764
2510,2.51,0.32394177,4.241548
2511,2.511,0.324303,4.2495165
2512,2.512,0.32511938,4.255848
2513,2.513,0.3345776,4.2579927
2514,2.514,0.32688725,4.262852
2515,2.515,0.33417037,4.2403765
2516,2.516,0.3239033,4.243674
2517,2.517,0.34222215,4.2515435
2518,2.518,0.33679703,4.234948
2519,2.519,0.32320932,4.2418766
2520,2.52,0.32240716,4.238995
2521,2.521,0.3321238,4.283773
2522,2.522,0.32386112,4.2567058
2523,2.523,0.326588,4.2678013
2524,2.524,0.3293174,4.2551165
2525,2.525,0.33151144,4.275917
2526,2.526,0.33809578,4.256686
2527,2.527,0.3343284,4.2134037
2528,2.528,0.33399498,4.2187614
2529,2.529,0.32427236,4.2368793
2530,2.53,0.3286701,4.249554
2531,2.531,0.32994726,4.221872
2532,2.532,0.33422598,4.240245
2533,2.533,0.33955768,4.215426
2534,2.534,0.3315248,4.211112
2535,2.535,0.3402267,4.24785
2536,2.536,0.33598,4.259654
2537,2.537,0.32467425,4.22195
2538,2.538,0.3310655,4.229212
2539,2.539,0.3389424,4.248786
2540,2.54,0.3348955,4.2262588
2541,2.541,0.3348366,4.2507114
2542,2.542,0.33770084,4.254276
2543,2.543,0.3397908,4.259293
2544,2.544,0.33538622,4.2495046
2545,2.545,0.33109236,4.2447753
2546,2.546,0.32500744,4.2395134
2547,2.547,0.3385516,4.225107
2548,2.548,0.34196344,4.236173
2549,2.549,0.34152225,4.2394195
2550,2.55,0.34165895,4.246453
2551,2.551,0.36121818,4.2514153
2552,2.552,0.34958816,4.2316694
2553,2.553,0.3599586,4.251427
2554,2.554,0.3386193,4.2267246
2555,2.555,0.3431877,4.2332444
2556,2.556,0.34343976,4.2474594
2557,2.557,0.33882302,4.2520056
2558,2.558,0.34475347,4.245833
2559,2.559,0.34236264,4.24721
2560,2.56,0.3485146,4.2376003
2561,2.561,0.34117663,4.264839
2562,2.562,0.33692095,4.261215
2563,2.563,0.33419424,4.2210803
2564,2.564,0.34372672,4.2356524
2565,2.565,0.33799022,4.2265143
2566,2.566,0.34392276,4.2637553
2567,2.567,0.34592518,4.248611
2568,2.568,0.34759775,4.24579
2569,2.569,0.33344066,4.2393475
2570,2.57,0.33353484,4.2359223
2571,2.571,0.33650854,4.243925
2572,2.572,0.32867423,4.2547255
2573,2.573,0.33356428,4.257364
2574,2.574,0.33199176,4.252513
2575,2.575,0.3266146,4.230161
2576,2.576,0.32941014,4.225942
2577,2.577,0.32193276,4.2533083
2578,2.578,0.3154355,4.2793
2579,2.579,0.33066896,4.244964
2580,2.58,0.33468425,4.238405
2581,2.581,0.33967108,4.228949
2582,2.582,0.3242174,4.2424345
2583,2.583,0.32807437,4.2458105
2584,2.584,0.32714453,4.285682
2585,2.585,0.34199762,4.306786
2586,2.586,0.3322739,4.291074
2587,2.587,0.33157128,4.2845564
2588,2.588,0.3327233,4.305248
2589,2.589,0.3261535,4.2783256
2590,2.59,0.32727805,4.302454
2591,2.591,0.3423391,4.265422
2592,2.592,0.3375861,4.2767286
2593,2.593,0.3429949,4.282359
2594,2.594,0.34710658,4.269559
2595,2.595,0.3373242,4.297524
2596,2.596,0.33346254,4.2894382
2597,2.597,0.3127825,4.2713504
2598,2.598,0.34047952,4.2573066
2599,2.599,0.3340636,4.2582564
2600,2.6,0.33135864,4.2642007
2601,2.601,0.3421362,4.26555
2602,2.602,0.33704647,4.2683997
2603,2.603,0.3365965,4.2830834
2604,2.604,0.34015185,4.27473
2605,2.605,0.32992795,4.2855964
2606,2.606,0.33219096,4.27946
2607,2.607,0.34555778,4.287634
2608,2.608,0.33388746,4.288795
2609,2.609,0.33227715,4.29742
2610,2.61,0.329876,4.2979126
2611,2.611,0.33970803,4.336983
2612,2.612,0.32843265,4.309409
2613,2.613,0.33807412,4.291878
2614,2.614,0.33766714,4.3144426
2615,2.615,0.32523385,4.3184133
2616,2.616,0.3375299,4.3175073
2617,2.617,0.34142792,4.30006
2618,2.618,0.34549946,4.294484
2619,2.619,0.35052884,4.300933
2620,2.62,0.34254777,4.2943525
2621,2.621,0.33564222,4.285204
2622,2.622,0.3376746,4.2833652
2623,2.623,0.3443156,4.2524743
2624,2.624,0.3427139,4.2841983
2625,2.625,0.34033412,4.2769694
2626,2.626,0.34126714,4.2952743
2627,2.627,0.34804168,4.259365
2628,2.628,0.34986666,4.262915
2629,2.629,0.35997447,4.2587104
2630,2.63,0.34708494,4.247447
2631,2.631,0.34529665,4.253107
2632,2.632,0.35350266,4.2739224
2633,2.633,0.34403342,4.2449727
2634,2.634,0.34580624,4.240049
2635,2.635,0.35796845,4.272655
2636,2.636,0.3512808,4.2819214
2637,2.637,0.34790587,4.261524
2638,2.638,0.3456174,4.273388
2639,2.639,0.34847894,4.2685723
2640,2.64,0.3523787,4.26153
2641,2.641,0.34505013,4.218154
2642,2.642,0.3473071,4.258143
2643,2.643,0.33701298,4.240763
2644,2.644,0.34508133,4.222261
2645,2.645,0.3376563,4.2461743
2646,2.646,0.34033403,4.2224927
2647,2.647,0.3331331,4.2359805
2648,2.648,0.33126673,4.234296
2649,2.649,0.33741778,4.238361
2650,2.65,0.3312239,4.242297
2651,2.651,0.32798076,4.217322
2652,2.652,0.3344871,4.222956
2653,2.653,0.3379936,4.219847
2654,2.654,0.330856,4.2075233
2655,2.655,0.33756962,4.233717
2656,2.656,0.32465115,4.218095
2657,2.657,0.33133915,4.241855
2658,2.658,0.33312193,4.228782
2659,2.659,0.33018425,4.221161
2660,2.66,0.3365674,4.2229023
2661,2.661,0.3466264,4.1950784
2662,2.662,0.34440547,4.221515
2663,2.663,0.33617002,4.238289
2664,2.664,0.3437559,4.2066646
2665,2.665,0.3370265,4.195639
2666,2.666,0.33965895,4.2180915
2667,2.667,0.3380045,4.205442
2668,2.668,0.33641282,4.205755
2669,2.669,0.34639993,4.222566
2670,2.67,0.34844714,4.2267747
2671,2.671,0.33970767,4.2274847
2672,2.672,0.34821716,4.2116795
2673,2.673,0.35358647,4.2174916
2674,2.674,0.35588166,4.2320876
2675,2.675,0.35783237,4.233231
2676,2.676,0.36106086,4.227243
2677,2.677,0.36298585,4.2408576
2678,2.678,0.35953563,4.2326636
2679,2.679,0.3550731,4.23278
2680,2.68,0.36645737,4.2442026
2681,2.681,0.37066317,4.2624187
2682,2.682,0.36791837,4.2304583
2683,2.683,0.37073976,4.2493124
2684,2.684,0.35682112,4.26976
2685,2.685,0.34618208,4.2567525
2686,2.686,0.35529277,4.2495527
2687,2.687,0.34915054,4.227221
2688,2.688,0.3540928,4.2313566
2689,2.689,0.3491648,4.2593527
2690,2.69,0.34152368,4.236093
2691,2.691,0.35157388,4.2377014
2692,2.692,0.35281423,4.2707834
2693,2.693,0.3538398,4.2500997
2694,2.694,0.36312065,4.250338
2695,2.695,0.3439377,4.23053
2696,2.696,0.3458412,4.253642
2697,2.697,0.3490159,4.2490087
2698,2.698,0.34176752,4.221331
2699,2.699,0.34356594,4.2242155
2700,2.7,0.3549154,4.2523623
2701,2.701,0.34098524,4.242012
2702,2.702,0.35515255,4.242846
2703,2.703,0.3363831,4.2677665
2704,2.704,0.34451932,4.2615767
2705,2.705,0.35030174,4.263178
2706,2.706,0.3469437,4.289068
2707,2.707,0.34222108,4.288969
2708,2.708,0.34116462,4.2805104
2709,2.709,0.34888443,4.253377
2710,2.71,0.34380433,4.24591
2711,2.711,0.3369226,4.2612453
2712,2.712,0.3410085,4.2253995
2713,2.713,0.34903517,4.2772655
2714,2.714,0.3404994,4.2485495
2715,2.715,0.34614512,4.2567396
2716,2.716,0.34422863,4.2544994
2717,2.717,0.3430543,4.241128
2718,2.718,0.34986824,4.220105
2719,2.719,0.34498915,4.2407103
2720,2.72,0.34241313,4.213709
2721,2.721,0.3458307,4.2202973
2722,2.722,0.3317327,4.2384377
2723,2.723,0.3375206,4.2257433
2724,2.724,0.34435508,4.240722
2725,2.725,0.33437818,4.211709
2726,2.726,0.33639982,4.2418394
2727,2.727,0.3317156,4.2183933
2728,2.728,0.33468562,4.227739
2729,2.729,0.33932203,4.230516
2730,2.73,0.34162024,4.233113
2731,2.731,0.3374904,4.2358985
2732,2.732,0.35304365,4.273024
2733,2.733,0.34271532,4.280031
2734,2.734,0.34625593,4.2687354
2735,2.735,0.3350809,4.269106
2736,2.736,0.33573213,4.225978
2737,2.737,0.3395118,4.2511406
2738,2.738,0.34599614,4.2365
2739,2.739,0.34054667,4.270718
2740,2.74,0.33909938,4.2501383
2741,2.741,0.3277136,4.2619243
2742,2.742,0.33381778,4.258042
2743,2.743,0.33546904,4.300121
2744,2.744,0.33540016,4.315469
2745,2.745,0.32525003,4.2842026
2746,2.746,0.33381596,4.2671947
2747,2.747,0.3288596,4.2397804
2748,2.748,0.3385536,4.2256393
2749,2.749,0.33558172,4.228736
2750,2.75,0.34276092,4.2580867
2751,2.751,0.34112713,4.2594132
2752,2.752,0.3396879,4.244069
2753,2.753,0.33646053,4.250081
2754,2.754,0.32754856,4.261247
2755,2.755,0.33325016,4.249826
2756,2.756,0.35135138,4.2361555
2757,2.757,0.35055554,4.2497187
2758,2.758,0.3462107,4.23291
2759,2.759,0.34259447,4.279295
2760,2.76,0.3426224,4.241601
2761,2.761,0.34782532,4.2700133
2762,2.762,0.33998296,4.2729673
2763,2.763,0.35056764,4.237874
2764,2.764,0.3463691,4.2406664
2765,2.765,0.3365026,4.241806
2766,2.766,0.3439582,4.2296395
2767,2.767,0.3412894,4.248494
2768,2.768,0.33766723,4.22505
2769,2.769,0.32446784,4.2300596
2770,2.77,0.34120792,4.233941
2771,2.771,0.34525514,4.2150044
2772,2.772,0.34632656,4.2264657
2773,2.773,0.3483843,4.2205997
2774,2.774,0.3524198,4.22443
2775,2.775,0.34346315,4.2126803
2776,2.776,0.33849192,4.2558365
2777,2.777,0.3457487,4.2270856
2778,2.778,0.3514391,4.258245
2779,2.779,0.35803425,4.25729
2780,2.78,0.3401655,4.250917
2781,2.781,0.3395881,4.235613
2782,2.782,0.3353233,4.203206
2783,2.783,0.34135988,4.2234416
2784,2.784,0.34330797,4.245699
2785,2.785,0.35837358,4.2441998
2786,2.786,0.34672436,4.230685
2787,2.787,0.34104395,4.190152
2788,2.788,0.34419262,4.221965
2789,2.789,0.34608966,4.215371
2790,2.79,0.35242608,4.2172747
2791,2.791,0.35062355,4.2186003
2792,2.792,0.34611747,4.2420588
2793,2.793,0.34960955,4.2401576
2794,2.794,0.33624092,4.2384276
2795,2.795,0.34812015,4.2428284
2796,2.796,0.34481022,4.231369
2797,2.797,0.34067833,4.223302
2798,2.798,0.34315452,4.2322974
2799,2.799,0.3386222,4.237407
2800,2.8,0.3402865,4.2352896
2801,2.801,0.3297105,4.24415
2802,2.802,0.3244866,4.257709
2803,2.803,0.33921775,4.2450395
2804,2.804,0.34409896,4.264556
2805,2.805,0.32978067,4.233225
2806,2.806,0.34534156,4.228375
2807,2.807,0.35378033,4.2453294
2808,2.808,0.3423061,4.257662
2809,2.809,0.34660482,4.25025
2810,2.81,0.34817582,4.257472
2811,2.811,0.35434866,4.2585964
2812,2.812,0.36771184,4.2271886
2813,2.813,0.3541968,4.227629
2814,2.814,0.35266876,4.256579
2815,2.815,0.35777485,4.2459893
2816,2.816,0.35773477,4.259365
2817,2.817,0.35682508,4.25287
2818,2.818,0.36103648,4.2235126
2819,2.819,0.3662837,4.2213373
2820,2.82,0.3607795,4.2365
2821,2.821,0.35348463,4.232677
2822,2.822,0.35305342,4.2222815
2823,2.823,0.3614147,4.2331276
2824,2.824,0.3629203,4.231303
2825,2.825,0.36119002,4.2440987
2826,2.826,0.36684182,4.248769
2827,2.827,0.3555668,4.232268
2828,2.828,0.35372669,4.2189436
2829,2.829,0.35492292,4.253705
2830,2.83,0.3488681,4.2641277
2831,2.831,0.35383868,4.232376
2832,2.832,0.34995925,4.2436714
2833,2.833,0.35075337,4.256394
2834,2.834,0.347185,4.252046
2835,2.835,0.34135717,4.2407627
2836,2.836,0.34145686,4.203298
2837,2.837,0.3321615,4.2180743
2838,2.838,0.34468278,4.233548
2839,2.839,0.33704957,4.2613044
2840,2.84,0.3303537,4.2198935
2841,2.841,0.32818088,4.2212186
2842,2.842,0.3464065,4.2108674
2843,2.843,0.34227547,4.2563024
2844,2.844,0.3502991,4.218464
2845,2.845,0.3380056,4.229325
2846,2.846,0.33281094,4.249888
2847,2.847,0.33536384,4.223141
2848,2.848,0.32874572,4.251593
2849,2.849,0.3213632,4.2559648
2850,2.85,0.33423162,4.24214
2851,2.851,0.33851507,4.2490096
2852,2.852,0.33698094,4.2550373
2853,2.853,0.33769208,4.2016854
2854,2.854,0.34186006,4.231987
2855,2.855,0.33621,4.2177663
2856,2.856,0.3350082,4.220758
2857,2.857,0.33741266,4.2302256
2858,2.858,0.33746415,4.239439
2859,2.859,0.33809334,4.243743
2860,2.86,0.33971483,4.2338214
2861,2.861,0.32626656,4.2126265
2862,2.862,0.34395105,4.242446
2863,2.863,0.34627804,4.2367816
2864,2.864,0.34719437,4.2010627
2865,2.865,0.3492048,4.2298946
2866,2.866,0.34791765,4.23537
2867,2.867,0.35140267,4.238677
2868,2.868,0.3464731,4.2133737
2869,2.869,0.34199834,4.259395
2870,2.87,0.34715796,4.2182126
2871,2.871,0.35255823,4.2315397
2872,2.872,0.3486677,4.2361913
2873,2.873,0.356404,4.2432275
2874,2.874,0.3414562,4.2405863
2875,2.875,0.3575653,4.2507124
2876,2.876,0.34637478,4.239549
2877,2.877,0.34780133,4.246308
2878,2.878,0.34291598,4.2486253
2879,2.879,0.3433973,4.247346
2880,2.88,0.329648,4.224275
2881,2.881,0.33955395,4.228119
2882,2.882,0.3259994,4.219556
2883,2.883,0.33716723,4.2042933
2884,2.884,0.33693337,4.235553
2885,2.885,0.35344416,4.217587
2886,2.886,0.34023893,4.238095
2887,2.887,0.34749728,4.216861
2888,2.888,0.34469813,4.212428
2889,2.889,0.34733427,4.2225194
2890,2.89,0.3383622,4.2292066
2891,2.891,0.3475094,4.2307186
2892,2.892,0.35269684,4.2262435
2893,2.893,0.34438026,4.2234755
2894,2.894,0.33866253,4.222336
2895,2.895,0.33734044,4.198283
2896,2.896,0.3343911,4.243808
2897,2.897,0.34123838,4.205009
2898,2.898,0.35468918,4.203498
2899,2.899,0.34026614,4.217253
2900,2.9,0.3589098,4.213195
2901,2.901,0.34772393,4.2381697
2902,2.902,0.34868473,4.241503
2903,2.903,0.34547818,4.2303085
2904,2.904,0.33526632,4.215399
2905,2.905,0.34883767,4.2258425
2906,2.906,0.34905112,4.2683964
2907,2.907,0.3463955,4.246029
2908,2.908,0.34371582,4.238652
2909,2.909,0.34801498,4.2419567
2910,2.91,0.3477664,4.250077
2911,2.911,0.348986,4.2811484
2912,2.912,0.34659177,4.2436733
2913,2.913,0.3452481,4.214112
2914,2.914,0.34187165,4.2581563
2915,2.915,0.34243944,4.2652907
2916,2.916,0.3555244,4.264193
2917,2.917,0.36388522,4.2631483
2918,2.918,0.3509355,4.2594843
2919,2.919,0.34971794,4.222622
2920,2.92,0.34307617,4.2626233
2921,2.921,0.35018212,4.261512
2922,2.922,0.34231868,4.2347164
2923,2.923,0.34967667,4.2297864
2924,2.924,0.33896607,4.2303143
2925,2.925,0.33588007,4.238809
2926,2.926,0.34410635,4.255837
2927,2.927,0.33448857,4.238599
2928,2.928,0.33840874,4.2554364
2929,2.929,0.3458912,4.2446327
2930,2.93,0.33832237,4.277625
2931,2.931,0.35614383,4.251259
2932,2.932,0.35394984,4.253893
2933,2.933,0.3473021,4.245663
2934,2.934,0.35065222,4.2476335
2935,2.935,0.3626191,4.243121
2936,2.936,0.36456758,4.2562027
2937,2.937,0.3570421,4.257488
2938,2.938,0.35518053,4.256697
2939,2.939,0.36039573,4.244213
2940,2.94,0.34570456,4.2561874
2941,2.941,0.35383365,4.244843
2942,2.942,0.35604328,4.291451
2943,2.943,0.36424536,4.290516
2944,2.944,0.34983772,4.2416425
2945,2.945,0.3636255,4.2904162
2946,2.946,0.3447798,4.272017
2947,2.947,0.36069217,4.267425
2948,2.948,0.3491626,4.249921
2949,2.949,0.35508507,4.2790203
2950,2.95,0.3523463,4.261727
2951,2.951,0.36563316,4.249236
2952,2.952,0.3637528,4.2507105
2953,2.953,0.34111044,4.246321
2954,2.954,0.36947232,4.274257
2955,2.955,0.35769987,4.267186
2956,2.956,0.3508493,4.261645
2957,2.957,0.3497087,4.215995
2958,2.958,0.35279942,4.2606907
2959,2.959,0.35847196,4.2399673
2960,2.96,0.36259246,4.242317
2961,2.961,0.36499837,4.2599187
2962,2.962,0.36633337,4.2660728
2963,2.963,0.35866928,4.2423368
2964,2.964,0.35313192,4.2869635
2965,2.965,0.3564224,4.278441
2966,2.966,0.3507754,4.2585483
2967,2.967,0.3530912,4.2556033
2968,2.968,0.35112742,4.236131
2969,2.969,0.3551471,4.2676845
2970,2.97,0.35604432,4.258796
2971,2.971,0.3668855,4.2557774
2972,2.972,0.37160248,4.2966533
2973,2.973,0.36368066,4.309449
2974,2.974,0.34819686,4.264304
2975,2.975,0.3402798,4.287501
2976,2.976,0.33880603,4.2655044
2977,2.977,0.34858963,4.2948895
2978,2.978,0.33855253,4.249147
2979,2.979,0.34869066,4.252831
2980,2.98,0.35766244,4.2635145
2981,2.981,0.36058193,4.2385025
2982,2.982,0.35660172,4.255116
2983,2.983,0.3495639,4.2704296
2984,2.984,0.3562956,4.2862644
2985,2.985,0.34079581,4.28229
2986,2.986,0.35399655,4.2888374
2987,2.987,0.350389,4.281045
2988,2.988,0.3604955,4.2655644
2989,2.989,0.3455454,4.2807765
2990,2.99,0.33844027,4.2969246
2991,2.991,0.33716282,4.3261333
2992,2.992,0.33491543,4.3233533
2993,2.993,0.3494572,4.285994
2994,2.994,0.3547119,4.3165474
2995,2.995,0.34728467,4.298064
2996,2.996,0.33780748,4.303159
2997,2.997,0.33910045,4.3202696
2998,2.998,0.3363371,4.298968
2999,2.999,0.34799987,4.2867136
3000,3.0,0.3510178,4.294196
3001,3.001,0.34403124,4.2880754
3002,3.002,0.3314176,4.3138976
3003,3.003,0.34370238,4.2823973
3004,3.004,0.34035906,4.309677
3005,3.005,0.33975214,4.2909975
3006,3.006,0.35049593,4.308661
3007,3.007,0.33896518,4.2919354
3008,3.008,0.3449029,4.300064
3009,3.009,0.3408236,4.2791843
3010,3.01,0.34995046,4.3048215
3011,3.011,0.34601623,4.2740088
3012,3.012,0.35892788,4.278195
3013,3.013,0.34584886,4.3077264
3014,3.014,0.35582116,4.2899756
3015,3.015,0.35373253,4.2771263
3016,3.016,0.34474304,4.2826295
3017,3.017,0.35905746,4.2830343
3018,3.018,0.34143314,4.2722573
3019,3.019,0.34853303,4.2667522
3020,3.02,0.34473062,4.2819667
3021,3.021,0.33175632,4.282924
3022,3.022,0.34004086,4.2732377
3023,3.023,0.33795017,4.2689853
3024,3.024,0.33449593,4.269612
3025,3.025,0.33988628,4.28362
3026,3.026,0.33147162,4.262258
3027,3.027,0.339008,4.288066
3028,3.028,0.33877453,4.233057
3029,3.029,0.34639075,4.27133
3030,3.03,0.33745807,4.263044
3031,3.031,0.3311416,4.269117
3032,3.032,0.33539355,4.2716846
3033,3.033,0.32357392,4.262767
3034,3.034,0.33453244,4.2729907
3035,3.035,0.33590508,4.284362
3036,3.036,0.3416921,4.2778563
3037,3.037,0.3448181,4.276723
3038,3.038,0.33835927,4.277487
3039,3.039,0.3396247,4.2676263
3040,3.04,0.32930103,4.263182
3041,3.041,0.34871146,4.2581706
3042,3.042,0.3524103,4.2511177
3043,3.043,0.35169908,4.2659492
3044,3.044,0.354138,4.2724857
3045,3.045,0.35533267,4.2832775
3046,3.046,0.35383233,4.256436
3047,3.047,0.36507732,4.250398
3048,3.048,0.3692642,4.2680435
3049,3.049,0.36134014,4.2943726
3050,3.05,0.36065856,4.287906
3051,3.051,0.35077712,4.262962
3052,3.052,0.34849817,4.2882605
3053,3.053,0.3550927,4.2749753
3054,3.054,0.35505182,4.2941604
3055,3.055,0.35894364,4.2811627
3056,3.056,0.3526096,4.263385
3057,3.057,0.35277316,4.251871
3058,3.058,0.35184702,4.27271
3059,3.059,0.3580992,4.3033814
3060,3.06,0.34561527,4.2837567
3061,3.061,0.3428055,4.26614
3062,3.062,0.35242686,4.256573
3063,3.063,0.34853226,4.2559557
3064,3.064,0.35072705,4.267775
3065,3.065,0.3536229,4.2600045
3066,3.066,0.35382712,4.2679567
3067,3.067,0.3537873,4.2784133
3068,3.068,0.35747266,4.26195
3069,3.069,0.3537354,4.2545943
3070,3.07,0.35905823,4.2639656
3071,3.071,0.35943416,4.2670875
3072,3.072,0.35550034,4.28865
3073,3.073,0.35870185,4.2538385
3074,3.074,0.3539523,4.2780313
3075,3.075,0.3701812,4.2625446
3076,3.076,0.35597086,4.285494
3077,3.077,0.35509166,4.2495837
3078,3.078,0.36473,4.2611923
3079,3.079,0.34686336,4.3075294
3080,3.08,0.34907573,4.293268
3081,3.081,0.34660366,4.3091965
3082,3.082,0.35716587,4.2961335
3083,3.083,0.34525692,4.281666
3084,3.084,0.34038204,4.2579217
3085,3.085,0.32954374,4.2471848
3086,3.086,0.3369059,4.2556443
3087,3.087,0.34972498,4.268396
3088,3.088,0.3520623,4.2817054
3089,3.089,0.35162356,4.280791
3090,3.09,0.36125702,4.2766743
3091,3.091,0.34692207,4.261608
3092,3.092,0.3266371,4.2705197
3093,3.093,0.34999776,4.264324
3094,3.094,0.3544628,4.262278
3095,3.095,0.35299197,4.249586
3096,3.096,0.34371635,4.2318215
3097,3.097,0.33843717,4.2280693
3098,3.098,0.35287577,4.259246
3099,3.099,0.35921162,4.2428637
3100,3.1,0.3458689,4.2641745
3101,3.101,0.33635712,4.2438884
3102,3.102,0.3499383,4.242211
3103,3.103,0.3438505,4.24439
3104,3.104,0.339062,4.2422233
3105,3.105,0.33508468,4.257947
3106,3.106,0.34540772,4.247189
3107,3.107,0.3459403,4.258022
3108,3.108,0.35367352,4.2379155
3109,3.109,0.3489241,4.2217836
3110,3.11,0.34751835,4.2061586
3111,3.111,0.34903052,4.2217035
3112,3.112,0.34817025,4.239552
3113,3.113,0.35002333,4.268102
3114,3.114,0.35902795,4.2404914
3115,3.115,0.35883692,4.2367077
3116,3.116,0.3531341,4.225334
3117,3.117,0.350098,4.2598944
3118,3.118,0.3507609,4.2604713
3119,3.119,0.3460197,4.263028
3120,3.12,0.34406364,4.2552524
3121,3.121,0.3367707,4.268464
3122,3.122,0.3418794,4.285191
3123,3.123,0.3428225,4.268553
3124,3.124,0.34399664,4.2720675
3125,3.125,0.3420253,4.249603
3126,3.126,0.33853334,4.2712746
3127,3.127,0.36418304,4.2265754
3128,3.128,0.36454707,4.2731586
3129,3.129,0.35772714,4.242253
3130,3.13,0.3733001,4.2938437
3131,3.131,0.3572552,4.264563
3132,3.132,0.35484785,4.266104
3133,3.133,0.35614058,4.2931876
3134,3.134,0.3743221,4.275573
3135,3.135,0.35630223,4.2599125
3136,3.136,0.35647118,4.2600093
3137,3.137,0.35316727,4.2485747
3138,3.138,0.34747455,4.2444925
3139,3.139,0.3434109,4.248051
3140,3.14,0.3484014,4.251563
3141,3.141,0.35082957,4.2501626
3142,3.142,0.35375226,4.2560306
3143,3.143,0.34241727,4.2576427
3144,3.144,0.33860093,4.244768
3145,3.145,0.33193913,4.245205
3146,3.146,0.34045106,4.260158
3147,3.147,0.3330982,4.256002
3148,3.148,0.34277457,4.2451262
3149,3.149,0.34016225,4.2760453
3150,3.15,0.34366953,4.229755
3151,3.151,0.34431228,4.244049
3152,3.152,0.3422769,4.2384286
3153,3.153,0.34792125,4.2273498
3154,3.154,0.34157115,4.2378564
3155,3.155,0.34726298,4.2690673
3156,3.156,0.35578588,4.2664876
3157,3.157,0.35557252,4.2326555
3158,3.158,0.34594393,4.248927
3159,3.159,0.35830876,4.249933
3160,3.16,0.35963908,4.244991
3161,3.161,0.34576142,4.281794
3162,3.162,0.35057193,4.2545366
3163,3.163,0.3497687,4.255747
3164,3.164,0.36615914,4.2427893
3165,3.165,0.35491234,4.2434645
3166,3.166,0.35494146,4.238726
3167,3.167,0.35815495,4.278667
3168,3.168,0.36067688,4.2626767
3169,3.169,0.35351083,4.255132
3170,3.17,0.3594278,4.250505
3171,3.171,0.35987005,4.2632775
3172,3.172,0.34559944,4.2702613
3173,3.173,0.3536431,4.257144
3174,3.174,0.359565,4.2469273
3175,3.175,0.3439512,4.2565317
3176,3.176,0.34933594,4.2824163
3177,3.177,0.3510318,4.2513313
3178,3.178,0.35879946,4.2698765
3179,3.179,0.3615775,4.257119
3180,3.18,0.35831445,4.2627373
3181,3.181,0.35691112,4.250636
3182,3.182,0.3522689,4.248404
3183,3.183,0.3535728,4.2707653
3184,3.184,0.3596314,4.2601547
3185,3.185,0.35237205,4.268599
3186,3.186,0.35670668,4.263196
3187,3.187,0.36395335,4.237354
3188,3.188,0.34708,4.2596717
3189,3.189,0.35026205,4.2601395
3190,3.19,0.35571894,4.2426963
3191,3.191,0.35141048,4.248415
3192,3.192,0.35768723,4.2548585
3193,3.193,0.35272422,4.2106595
3194,3.194,0.35946095,4.245919
3195,3.195,0.355785,4.2157063
3196,3.196,0.36839005,4.2047057
3197,3.197,0.3548235,4.2289424
3198,3.198,0.3610957,4.2595053
3199,3.199,0.36781433,4.2556396
3200,3.2,0.36383295,4.261562
3201,3.201,0.37100786,4.2514157
3202,3.202,0.36422786,4.247292
3203,3.203,0.3653447,4.244537
3204,3.204,0.36760718,4.2353373
3205,3.205,0.3739386,4.253911
3206,3.206,0.35726753,4.252542
3207,3.207,0.35740992,4.263792
3208,3.208,0.36044943,4.241637
3209,3.209,0.3497834,4.2745776
3210,3.21,0.3703759,4.26034
3211,3.211,0.36810312,4.2318945
3212,3.212,0.35236952,4.2330203
3213,3.213,0.34447244,4.2288485
3214,3.214,0.34820956,4.2225456
3215,3.215,0.3354583,4.2418737
3216,3.216,0.33466274,4.252033
3217,3.217,0.33982962,4.2418118
3218,3.218,0.34671175,4.241087
3219,3.219,0.34472767,4.236252
3220,3.22,0.35096258,4.2296042
3221,3.221,0.3505745,4.2371945
3222,3.222,0.35093093,4.230083
3223,3.223,0.34897137,4.2047706
3224,3.224,0.3433233,4.21923
3225,3.225,0.3316415,4.236436
3226,3.226,0.3288237,4.2338724
3227,3.227,0.32620913,4.312708
3228,3.228,0.32846683,4.268658
3229,3.229,0.3305815,4.2787924
3230,3.23,0.33301294,4.281008
3231,3.231,0.3339256,4.2492385
3232,3.232,0.3364673,4.24864
3233,3.233,0.3353128,4.2675476
3234,3.234,0.331936,4.2469344
3235,3.235,0.34205338,4.2714405
3236,3.236,0.32962513,4.2587504
3237,3.237,0.34400442,4.273837
3238,3.238,0.3326729,4.2697473
3239,3.239,0.32668927,4.243082
3240,3.24,0.335762,4.2447333
3241,3.241,0.32412794,4.2617536
3242,3.242,0.33308193,4.263648
3243,3.243,0.33125624,4.272446
3244,3.244,0.3329939,4.258641
3245,3.245,0.32936287,4.2435026
3246,3.246,0.33442098,4.22642
3247,3.247,0.33575147,4.249371
3248,3.248,0.3308931,4.2485003
3249,3.249,0.33124658,4.263307
3250,3.25,0.32417747,4.232396
3251,3.251,0.32801548,4.222899
3252,3.252,0.3232134,4.2342267
3253,3.253,0.33265746,4.223315
3254,3.254,0.33970577,4.2464952
3255,3.255,0.34279737,4.259667
3256,3.256,0.3434043,4.2561517
3257,3.257,0.34960225,4.247428
3258,3.258,0.34703475,4.2530985
3259,3.259,0.34326228,4.2491956
3260,3.26,0.35323,4.2147365
3261,3.261,0.36163485,4.240617
3262,3.262,0.35629764,4.2553105
3263,3.263,0.3433103,4.237882
3264,3.264,0.33929962,4.241368
3265,3.265,0.35075635,4.231373
3266,3.266,0.34568247,4.257552
3267,3.267,0.34464502,4.2507424
3268,3.268,0.35024518,4.2535357
3269,3.269,0.34532684,4.215385
3270,3.27,0.35723963,4.241832
3271,3.271,0.35489008,4.2632685
3272,3.272,0.34853992,4.2386293
3273,3.273,0.3454057,4.2568235
3274,3.274,0.35607326,4.2794447
3275,3.275,0.35075906,4.2705016
3276,3.276,0.34191522,4.2692275
3277,3.277,0.35727683,4.2504787
3278,3.278,0.36091387,4.252031
3279,3.279,0.35578373,4.2670345
3280,3.28,0.3531042,4.261212
3281,3.281,0.34664264,4.2660303
3282,3.282,0.33774745,4.270135
3283,3.283,0.34381175,4.2551193
3284,3.284,0.35467607,4.2412734
3285,3.285,0.35404614,4.2724466
3286,3.286,0.35286635,4.2739453
3287,3.287,0.36049542,4.2709603
3288,3.288,0.3500191,4.2688136
3289,3.289,0.35666537,4.2673936
3290,3.29,0.34786183,4.2282863
3291,3.291,0.35554975,4.2729754
3292,3.292,0.3399063,4.2835627
3293,3.293,0.3466042,4.2904577
3294,3.294,0.35279697,4.2853317
3295,3.295,0.34808567,4.295572
3296,3.296,0.35247695,4.2868805
3297,3.297,0.34774888,4.2867093
3298,3.298,0.3456799,4.297432
3299,3.299,0.351444,4.2901535
3300,3.3,0.34237018,4.2843347
3301,3.301,0.35448024,4.2923107
3302,3.302,0.35824987,4.289126
3303,3.303,0.3544392,4.299742
3304,3.304,0.34426457,4.2978506
3305,3.305,0.34356353,4.269843
3306,3.306,0.35143867,4.2927766
3307,3.307,0.33384213,4.2860084
3308,3.308,0.334813,4.304184
3309,3.309,0.33243912,4.2839537
3310,3.31,0.32843265,4.27972
3311,3.311,0.33623004,4.285233
3312,3.312,0.33452675,4.303852
3313,3.313,0.33561224,4.2788386
3314,3.314,0.3339607,4.2758594
3315,3.315,0.34546393,4.2654867
3316,3.316,0.31991097,4.267244
3317,3.317,0.3245263,4.269182
3318,3.318,0.32616442,4.286819
3319,3.319,0.33055395,4.2737756
3320,3.32,0.33745724,4.2763243
3321,3.321,0.33771423,4.2763577
3322,3.322,0.34458664,4.280256
3323,3.323,0.33198678,4.264745
3324,3.324,0.32722783,4.2564898
3325,3.325,0.3311143,4.2698674
3326,3.326,0.34708077,4.274598
3327,3.327,0.35392317,4.2742496
3328,3.328,0.35473672,4.2975936
3329,3.329,0.34059697,4.289837
3330,3.33,0.34524247,4.284624
3331,3.331,0.33739185,4.243056
3332,3.332,0.34639528,4.251429
3333,3.333,0.3383782,4.2361155
3334,3.334,0.33141294,4.2669673
3335,3.335,0.33655104,4.249891
3336,3.336,0.3406742,4.277518
3337,3.337,0.33886606,4.2433987
3338,3.338,0.34201732,4.256918
3339,3.339,0.3493476,4.2891235
3340,3.34,0.34240845,4.3084736
3341,3.341,0.34047547,4.264807
3342,3.342,0.33254248,4.2546577
3343,3.343,0.3285341,4.247249
3344,3.344,0.32438362,4.2196193
3345,3.345,0.33659995,4.249627
3346,3.346,0.34116536,4.274702
3347,3.347,0.33765757,4.249914
3348,3.348,0.33167714,4.2683253
3349,3.349,0.33929962,4.247429
3350,3.35,0.33774528,4.2588725
3351,3.351,0.3429507,4.240304
3352,3.352,0.34745994,4.2753882
3353,3.353,0.33723155,4.245015
3354,3.354,0.3305247,4.249402
3355,3.355,0.34360096,4.241197
3356,3.356,0.3390132,4.2490106
3357,3.357,0.33461207,4.2767706
3358,3.358,0.33598292,4.2751017
3359,3.359,0.3381633,4.2716937
3360,3.36,0.3439428,4.2498765
3361,3.361,0.33792558,4.249183
3362,3.362,0.34115776,4.2412195
3363,3.363,0.33175522,4.2515936
3364,3.364,0.33553562,4.3072276
3365,3.365,0.33968765,4.259475
3366,3.366,0.34176052,4.27767
3367,3.367,0.34312594,4.2936797
3368,3.368,0.34718704,4.2835937
3369,3.369,0.3490579,4.253727
3370,3.37,0.3567718,4.248194
3371,3.371,0.34241554,4.247079
3372,3.372,0.34698114,4.255931
3373,3.373,0.34913892,4.286109
3374,3.374,0.34131977,4.2566457
3375,3.375,0.34798387,4.247323
3376,3.376,0.35080546,4.2448196
3377,3.377,0.36110687,4.2329235
3378,3.378,0.35509798,4.2242494
3379,3.379,0.35854334,4.2237797
3380,3.38,0.36396748,4.229249
3381,3.381,0.36670452,4.222575
3382,3.382,0.35847092,4.218726
3383,3.383,0.36279187,4.219794
3384,3.384,0.36280233,4.223627
3385,3.385,0.35660422,4.215322
3386,3.386,0.359875,4.221084
3387,3.387,0.35936454,4.251297
3388,3.388,0.36792874,4.2117295
3389,3.389,0.36254442,4.2136636
3390,3.39,0.3656721,4.215204
3391,3.391,0.368976,4.2569957
3392,3.392,0.36431462,4.221416
3393,3.393,0.3493016,4.2276936
3394,3.394,0.36145914,4.218724
3395,3.395,0.36016193,4.22024
3396,3.396,0.3557907,4.219537
3397,3.397,0.36534724,4.2108197
3398,3.398,0.3696082,4.20925
3399,3.399,0.36743155,4.2312803
3400,3.4,0.37370446,4.1947207
3401,3.401,0.35852626,4.2256427
3402,3.402,0.36967528,4.216656
3403,3.403,0.365531,4.241924
3404,3.404,0.35608095,4.2343516
3405,3.405,0.36279926,4.2307625
3406,3.406,0.37070233,4.242656
3407,3.407,0.367748,4.2587376
3408,3.408,0.35711345,4.2444324
3409,3.409,0.35830852,4.2353497
3410,3.41,0.36158106,4.261316
3411,3.411,0.35744694,4.2778573
3412,3.412,0.35262138,4.258268
3413,3.413,0.3563005,4.236676
3414,3.414,0.34589475,4.234513
3415,3.415,0.34239373,4.2304087
3416,3.416,0.34606093,4.2232842
3417,3.417,0.35321867,4.2268624
3418,3.418,0.34146702,4.227433
3419,3.419,0.335549,4.2427597
3420,3.42,0.3391205,4.214325
3421,3.421,0.33274853,4.235687
3422,3.422,0.3458903,4.214149
3423,3.423,0.3481987,4.2472835
3424,3.424,0.3382405,4.2164073
3425,3.425,0.34273165,4.2338986
3426,3.426,0.33915916,4.2431564
3427,3.427,0.33866754,4.2516093
3428,3.428,0.33306512,4.2585683
3429,3.429,0.33648095,4.248657
3430,3.43,0.3332292,4.236131
3431,3.431,0.3337436,4.242438
3432,3.432,0.32426363,4.250323
3433,3.433,0.3287095,4.261244
3434,3.434,0.33455268,4.2356215
3435,3.435,0.3240068,4.258866
3436,3.436,0.31720418,4.284076
3437,3.437,0.32089686,4.276183
3438,3.438,0.31481567,4.260335
3439,3.439,0.32300928,4.275746
3440,3.44,0.3249529,4.260863
3441,3.441,0.31875387,4.2451496
3442,3.442,0.32953683,4.22432
3443,3.443,0.32199335,4.238102
3444,3.444,0.32289496,4.221142
3445,3.445,0.33685988,4.242996
3446,3.446,0.34607854,4.254186
3447,3.447,0.33509946,4.2665715
3448,3.448,0.33678707,4.253637
3449,3.449,0.33303362,4.2735806
3450,3.45,0.3352387,4.2779083
3451,3.451,0.3369858,4.2477536
3452,3.452,0.33367336,4.262084
3453,3.453,0.33106866,4.240677
3454,3.454,0.3394753,4.247256
3455,3.455,0.3357192,4.2643867
3456,3.456,0.33019376,4.2630687
3457,3.457,0.33272034,4.263044
3458,3.458,0.32660016,4.2981987
3459,3.459,0.32229894,4.303519
3460,3.46,0.3314664,4.2657557
3461,3.461,0.33814356,4.2833786
3462,3.462,0.33237353,4.283845
3463,3.463,0.33012715,4.2702413
3464,3.464,0.34348732,4.2201815
3465,3.465,0.3386152,4.2232714
3466,3.466,0.33061677,4.2142906
3467,3.467,0.33074293,4.252789
3468,3.468,0.33646455,4.2636456
3469,3.469,0.32609838,4.2597976
3470,3.47,0.33237934,4.2894306
3471,3.471,0.32608536,4.2652745
3472,3.472,0.32722652,4.266837
3473,3.473,0.32394603,4.25599
3474,3.474,0.32295746,4.2837343
3475,3.475,0.32916385,4.2850013
3476,3.476,0.3410382,4.2439775
3477,3.477,0.32958183,4.258538
3478,3.478,0.34337616,4.2576146
3479,3.479,0.3282764,4.2531075
3480,3.48,0.3421122,4.284559
3481,3.481,0.33686343,4.263178
3482,3.482,0.34073976,4.252005
3483,3.483,0.340065,4.251807
3484,3.484,0.34379715,4.2661114
3485,3.485,0.3435742,4.2616844
3486,3.486,0.33674744,4.22669
3487,3.487,0.3388695,4.240527
3488,3.488,0.34330225,4.2479653
3489,3.489,0.3505271,4.2436123
3490,3.49,0.34168255,4.250668
3491,3.491,0.33435014,4.2536316
3492,3.492,0.34147567,4.2377543
3493,3.493,0.34710842,4.2272687
3494,3.494,0.3448428,4.247396
3495,3.495,0.35310832,4.2447777
3496,3.496,0.34044582,4.2355733
3497,3.497,0.35000134,4.268343
3498,3.498,0.34546036,4.2747955
3499,3.499,0.34838817,4.243249
3500,3.5,0.35678336,4.234064
3501,3.501,0.34975126,4.2554626
3502,3.502,0.3395237,4.2660956
3503,3.503,0.34532464,4.2657075
3504,3.504,0.3384514,4.249585
3505,3.505,0.3557037,4.213
3506,3.506,0.35420442,4.234078
3507,3.507,0.35474858,4.2268486
3508,3.508,0.36456168,4.249748
3509,3.509,0.3609506,4.2578235
3510,3.51,0.3559338,4.254793
3511,3.511,0.35947144,4.245178
3512,3.512,0.36121497,4.245323
3513,3.513,0.36126563,4.2447906
3514,3.514,0.35016814,4.228442
3515,3.515,0.34455013,4.249943
3516,3.516,0.34118995,4.24022
3517,3.517,0.34593362,4.245236
3518,3.518,0.36077923,4.2553687
3519,3.519,0.35342598,4.2468624
3520,3.52,0.35799688,4.2513576
3521,3.521,0.35225278,4.243403
3522,3.522,0.34716657,4.241663
3523,3.523,0.35030657,4.2616487
3524,3.524,0.35865673,4.2288146
3525,3.525,0.35355157,4.2495627
3526,3.526,0.3416629,4.24253
3527,3.527,0.3469563,4.2803626
3528,3.528,0.33790055,4.245957
3529,3.529,0.3556649,4.2625027
3530,3.53,0.35622546,4.2657185
3531,3.531,0.354116,4.259188
3532,3.532,0.35434517,4.255863
3533,3.533,0.33994448,4.2518587
3534,3.534,0.34920347,4.244472
3535,3.535,0.34571877,4.2428966
3536,3.536,0.35008264,4.2706614
3537,3.537,0.34976077,4.2629523
3538,3.538,0.35142395,4.266454
3539,3.539,0.35194173,4.266216
3540,3.54,0.3541551,4.226916
3541,3.541,0.35046583,4.2528663
3542,3.542,0.3452987,4.259015
3543,3.543,0.346732,4.265592
3544,3.544,0.3445202,4.2569466
3545,3.545,0.33791357,4.2494874
3546,3.546,0.33975402,4.2691665
3547,3.547,0.34463298,4.250648
3548,3.548,0.32835284,4.240747
3549,3.549,0.33041477,4.23154
3550,3.55,0.33734354,4.2317705
3551,3.551,0.3387749,4.2639227
3552,3.552,0.33307704,4.2707047
3553,3.553,0.33011344,4.2548075
3554,3.554,0.3226337,4.285313
3555,3.555,0.3178506,4.297171
3556,3.556,0.33281076,4.2896357
3557,3.557,0.338355,4.2631106
3558,3.558,0.3365196,4.305913
3559,3.559,0.33639306,4.270602
3560,3.56,0.33577502,4.2649984
3561,3.561,0.34716392,4.244992
3562,3.562,0.3387057,4.284328
3563,3.563,0.33193424,4.2996345
3564,3.564,0.34521967,4.2788696
3565,3.565,0.33883247,4.2731194
3566,3.566,0.35278204,4.2741346
3567,3.567,0.34827742,4.26978
3568,3.568,0.34860498,4.269634
3569,3.569,0.35206145,4.265738
3570,3.57,0.34927124,4.252128
3571,3.571,0.345213,4.2580657
3572,3.572,0.3317452,4.272286
3573,3.573,0.33922365,4.283916
3574,3.574,0.34300065,4.23393
3575,3.575,0.34085104,4.242773
3576,3.576,0.34325716,4.2611303
3577,3.577,0.34209645,4.2618694
3578,3.578,0.34145513,4.2772975
3579,3.579,0.3282864,4.2623076
3580,3.58,0.32857266,4.2378306
3581,3.581,0.32161257,4.243905
3582,3.582,0.33020514,4.232678
3583,3.583,0.32776722,4.2381396
3584,3.584,0.32940024,4.245618
3585,3.585,0.32796896,4.2407837
3586,3.586,0.34147856,4.236398
3587,3.587,0.33714095,4.2527776
3588,3.588,0.34082955,4.2567587
3589,3.589,0.35587934,4.26522
3590,3.59,0.33212417,4.266566
3591,3.591,0.34052795,4.257646
3592,3.592,0.33019826,4.2385073
3593,3.593,0.33123496,4.2459054
3594,3.594,0.34177384,4.2624154
3595,3.595,0.345722,4.2508516
3596,3.596,0.33133796,4.244583
3597,3.597,0.3407057,4.2576046
3598,3.598,0.33801872,4.252348
3599,3.599,0.34441313,4.260079
3600,3.6,0.34850824,4.221571
3601,3.601,0.3437203,4.25801
3602,3.602,0.3489905,4.2617188
3603,3.603,0.35268864,4.2377872
3604,3.604,0.35019764,4.2341022
3605,3.605,0.3532967,4.2710557
3606,3.606,0.35506585,4.2739477
3607,3.607,0.35199723,4.253739
3608,3.608,0.35085747,4.279659
3609,3.609,0.35772136,4.2656918
3610,3.61,0.37266824,4.2660074
3611,3.611,0.35928854,4.2615147
3612,3.612,0.36831373,4.255846
3613,3.613,0.3649113,4.252305
3614,3.614,0.3698242,4.2292833
3615,3.615,0.3803631,4.2398624
3616,3.616,0.3664681,4.2413535
3617,3.617,0.35988644,4.2558126
3618,3.618,0.35728344,4.2311
3619,3.619,0.36503884,4.2576027
3620,3.62,0.35982403,4.2675567
3621,3.621,0.35714746,4.284656
3622,3.622,0.34578827,4.297526
3623,3.623,0.35107678,4.309498
3624,3.624,0.34582627,4.284432
3625,3.625,0.34713608,4.2842674
3626,3.626,0.34650335,4.302779
3627,3.627,0.3379784,4.268341
3628,3.628,0.3520542,4.2744193
3629,3.629,0.33388036,4.253382
3630,3.63,0.3294885,4.2613454
3631,3.631,0.34124252,4.2803397
3632,3.632,0.33588767,4.2832227
3633,3.633,0.325326,4.254392
3634,3.634,0.32478046,4.2575145
3635,3.635,0.32575142,4.2573647
3636,3.636,0.32149854,4.237794
3637,3.637,0.32982144,4.222979
3638,3.638,0.32272094,4.258064
3639,3.639,0.3368503,4.284592
3640,3.64,0.33004168,4.2693534
3641,3.641,0.3276785,4.251387
3642,3.642,0.34643197,4.2804084
3643,3.643,0.34236255,4.2528257
3644,3.644,0.3448568,4.2524414
3645,3.645,0.33564663,4.292281
3646,3.646,0.33761755,4.2536263
3647,3.647,0.3426752,4.2516794
3648,3.648,0.3377767,4.239467
3649,3.649,0.33041394,4.2276325
3650,3.65,0.3537138,4.260859
3651,3.651,0.34895638,4.2461524
3652,3.652,0.33917776,4.234347
3653,3.653,0.33608282,4.229659
3654,3.654,0.33328792,4.243514
3655,3.655,0.32885042,4.239238
3656,3.656,0.33338815,4.2466393
3657,3.657,0.33677593,4.24891
3658,3.658,0.34027427,4.250629
3659,3.659,0.3411449,4.258099
3660,3.66,0.33846208,4.241535
3661,3.661,0.33714375,4.2502985
3662,3.662,0.34116212,4.2507653
3663,3.663,0.33712387,4.2327266
3664,3.664,0.35235992,4.2736235
3665,3.665,0.34807357,4.268474
3666,3.666,0.35617968,4.2404513
3667,3.667,0.34835312,4.256478
3668,3.668,0.35129946,4.2513123
3669,3.669,0.35200894,4.2694893
3670,3.67,0.34238017,4.2730465
3671,3.671,0.33578855,4.300178
3672,3.672,0.3350785,4.263773
3673,3.673,0.34440923,4.233278
3674,3.674,0.34206876,4.2487297
3675,3.675,0.33496997,4.2449594
3676,3.676,0.33818823,4.261209
3677,3.677,0.33986756,4.2635555
3678,3.678,0.34033567,4.2552466
3679,3.679,0.33504254,4.2350283
3680,3.68,0.3528111,4.2338576
3681,3.681,0.34921652,4.2434464
3682,3.682,0.34357706,4.2489724
3683,3.683,0.34287855,4.252825
3684,3.684,0.3520187,4.2384133
3685,3.685,0.36115277,4.27401
3686,3.686,0.35419574,4.2417097
3687,3.687,0.3534702,4.23496
3688,3.688,0.33755833,4.2431903
3689,3.689,0.33623967,4.2621613
3690,3.69,0.33912876,4.247476
3691,3.691,0.34615925,4.24318
3692,3.692,0.35125417,4.2695055
3693,3.693,0.3407468,4.2936707
3694,3.694,0.33239916,4.291206
3695,3.695,0.3439676,4.2435136
3696,3.696,0.33697465,4.2805505
3697,3.697,0.3421744,4.266059
3698,3.698,0.33912542,4.252415
3699,3.699,0.3342083,4.2461247
3700,3.7,0.33741048,4.25816
3701,3.701,0.3372498,4.2395577
3702,3.702,0.33554038,4.2719955
3703,3.703,0.34534448,4.237267
3704,3.704,0.33787942,4.2460318
3705,3.705,0.34447235,4.244932
3706,3.706,0.3497162,4.235319
3707,3.707,0.34594065,4.2349925
3708,3.708,0.35336426,4.246869
3709,3.709,0.34957445,4.250758
3710,3.71,0.35618877,4.2443027
3711,3.711,0.34612155,4.2782784
3712,3.712,0.35359237,4.2758617
3713,3.713,0.33682635,4.2759633
3714,3.714,0.34634903,4.278938
3715,3.715,0.34435973,4.2778535
3716,3.716,0.35686553,4.311153
3717,3.717,0.3498627,4.276643
3718,3.718,0.34169912,4.275167
3719,3.719,0.35720906,4.2623115
3720,3.72,0.34610575,4.289332
3721,3.721,0.35163757,4.280098
3722,3.722,0.34843922,4.2616577
3723,3.723,0.34743956,4.261076
3724,3.724,0.34601232,4.266975
3725,3.725,0.34690133,4.286837
3726,3.726,0.3507716,4.274214
3727,3.727,0.35060993,4.280418
3728,3.728,0.35463002,4.276782
3729,3.729,0.34853092,4.278501
3730,3.73,0.34941432,4.3013644
3731,3.731,0.36169556,4.2554226
3732,3.732,0.35425186,4.285973
3733,3.733,0.36097163,4.295284
3734,3.734,0.35806108,4.2911487
3735,3.735,0.3578653,4.2850804
3736,3.736,0.36124307,4.3045363
3737,3.737,0.34929192,4.3189893
3738,3.738,0.34718677,4.3009686
3739,3.739,0.35782894,4.2487864
3740,3.74,0.35122195,4.254604
3741,3.741,0.35787207,4.2671175
3742,3.742,0.3583395,4.2668967
3743,3.743,0.34851566,4.268871
3744,3.744,0.35488158,4.2279124
3745,3.745,0.35792306,4.2447195
3746,3.746,0.353481,4.224193
3747,3.747,0.35442713,4.2646675
3748,3.748,0.35464492,4.2863817
3749,3.749,0.36185628,4.2487493
3750,3.75,0.36392114,4.314595
3751,3.751,0.35029173,4.2783194
3752,3.752,0.34525505,4.2870674
3753,3.753,0.3478889,4.2488947
3754,3.754,0.34705445,4.2450614
3755,3.755,0.34583962,4.2630315
3756,3.756,0.34722796,4.2637286
3757,3.757,0.36154032,4.2596145
3758,3.758,0.3633461,4.2454166
3759,3.759,0.35795262,4.2551713
3760,3.76,0.3485197,4.257639
3761,3.761,0.3523401,4.2443857
3762,3.762,0.3445061,4.2485642
3763,3.763,0.34265202,4.261886
3764,3.764,0.34289157,4.2928586
3765,3.765,0.34699008,4.2663517
3766,3.766,0.34239137,4.265039
3767,3.767,0.34775385,4.2829423
3768,3.768,0.3462426,4.24428
3769,3.769,0.35186294,4.270547
3770,3.77,0.3565716,4.2479773
3771,3.771,0.35028732,4.2718763
3772,3.772,0.35213685,4.259927
3773,3.773,0.3448915,4.2677846
3774,3.774,0.34114623,4.258933
3775,3.775,0.350729,4.252259
3776,3.776,0.3551524,4.256363
3777,3.777,0.34936336,4.274053
3778,3.778,0.3461268,4.239676
3779,3.779,0.348482,4.263645
3780,3.78,0.3536524,4.2747636
3781,3.781,0.35064837,4.2641954
3782,3.782,0.36084095,4.269795
3783,3.783,0.34316018,4.2596855
3784,3.784,0.3544722,4.2687054
3785,3.785,0.3563984,4.263553
3786,3.786,0.36899,4.2963395
3787,3.787,0.35790184,4.274271
3788,3.788,0.35631844,4.290607
3789,3.789,0.36234352,4.2741656
3790,3.79,0.35518122,4.285693
3791,3.791,0.3695814,4.2654896
3792,3.792,0.35377058,4.296397
3793,3.793,0.34940904,4.2660046
3794,3.794,0.35957056,4.270478
3795,3.795,0.348474,4.292772
3796,3.796,0.35492933,4.2934985
3797,3.797,0.35846964,4.2970166
3798,3.798,0.35713533,4.278604
3799,3.799,0.35394925,4.2826605
3800,3.8,0.3678314,4.2506833
3801,3.801,0.36440083,4.285847
3802,3.802,0.36959985,4.270884
3803,3.803,0.35389954,4.2780404
3804,3.804,0.35433963,4.2931633
3805,3.805,0.35909164,4.281859
3806,3.806,0.35816166,4.2833757
3807,3.807,0.35497114,4.29907
3808,3.808,0.35172188,4.2721086
3809,3.809,0.35205394,4.2986207
3810,3.81,0.33933863,4.261117
3811,3.811,0.3445853,4.2721515
3812,3.812,0.34752616,4.281106
3813,3.813,0.33950928,4.2785482
3814,3.814,0.35523257,4.2731423
3815,3.815,0.35869715,4.310064
3816,3.816,0.35911638,4.3299456
3817,3.817,0.3616692,4.2829423
3818,3.818,0.36389866,4.277011
3819,3.819,0.35288844,4.294214
3820,3.82,0.35701236,4.290888
3821,3.821,0.35629773,4.308697
3822,3.822,0.35030928,4.2797627
3823,3.823,0.34908956,4.2866125
3824,3.824,0.36494398,4.2461247
3825,3.825,0.35038656,4.2811007
3826,3.826,0.3523793,4.243156
3827,3.827,0.35033616,4.2632194
3828,3.828,0.351432,4.2563868
3829,3.829,0.353325,4.2815094
3830,3.83,0.3534043,4.282193
3831,3.831,0.34043562,4.2759213
3832,3.832,0.3615239,4.2621737
3833,3.833,0.35743058,4.276056
3834,3.834,0.3523579,4.2616234
3835,3.835,0.35178766,4.255742
3836,3.836,0.3499639,4.2613177
3837,3.837,0.35651198,4.2670846
3838,3.838,0.3574314,4.286044
3839,3.839,0.35250446,4.2721143
3840,3.84,0.35482296,4.255617
3841,3.841,0.3517281,4.277392
3842,3.842,0.3557167,4.261243
3843,3.843,0.36994106,4.2373867
3844,3.844,0.35012913,4.2335916
3845,3.845,0.3426101,4.2725606
3846,3.846,0.3352507,4.252587
3847,3.847,0.35002297,4.284488
3848,3.848,0.35044354,4.2812314
3849,3.849,0.3577622,4.2578564
3850,3.85,0.3494153,4.2524214
3851,3.851,0.3489369,4.254134
3852,3.852,0.35155183,4.2683687
3853,3.853,0.35721284,4.26744
3854,3.854,0.34659967,4.27087
3855,3.855,0.33935973,4.266854
3856,3.856,0.3436921,4.2740474
3857,3.857,0.3487674,4.303322
3858,3.858,0.3613798,4.263573
3859,3.859,0.35025316,4.2570524
3860,3.86,0.36550382,4.259403
3861,3.861,0.36035332,4.2872143
3862,3.862,0.36156055,4.2883077
3863,3.863,0.35005057,4.2838583
3864,3.864,0.36781725,4.27756
3865,3.865,0.35900286,4.2869363
3866,3.866,0.36059424,4.288741
3867,3.867,0.35647425,4.263521
3868,3.868,0.3458597,4.275681
3869,3.869,0.35050094,4.2857413
3870,3.87,0.35171455,4.2963753
3871,3.871,0.3520278,4.291548
3872,3.872,0.34401068,4.2924423
3873,3.873,0.3501525,4.272955
3874,3.874,0.35225636,4.2726474
3875,3.875,0.33909556,4.298946
3876,3.876,0.33415243,4.2567334
3877,3.877,0.33411357,4.267115
3878,3.878,0.33664465,4.2517076
3879,3.879,0.33088055,4.2644606
3880,3.88,0.3413288,4.271212
3881,3.881,0.33198687,4.208703
3882,3.882,0.3341182,4.2775764
3883,3.883,0.33934668,4.2781067
3884,3.884,0.330922,4.251554
3885,3.885,0.32562372,4.2129393
3886,3.886,0.32793584,4.2406287
3887,3.887,0.33496106,4.246923
3888,3.888,0.3493741,4.2423244
3889,3.889,0.33795434,4.26455
3890,3.89,0.3405995,4.2571726
3891,3.891,0.3392368,4.247833
3892,3.892,0.33854407,4.237879
3893,3.893,0.33743054,4.266295
3894,3.894,0.3450981,4.276656
3895,3.895,0.3288842,4.245315
3896,3.896,0.34159294,4.2888136
3897,3.897,0.33604217,4.24999
3898,3.898,0.3332682,4.268083
3899,3.899,0.34274054,4.2693615
3900,3.9,0.34346825,4.272526
3901,3.901,0.33457574,4.2812505
3902,3.902,0.34290808,4.270156
3903,3.903,0.3433258,4.278341
3904,3.904,0.3370527,4.257654
3905,3.905,0.35106057,4.283211
3906,3.906,0.3522954,4.303298
3907,3.907,0.34559196,4.291104
3908,3.908,0.35696387,4.3019934
3909,3.909,0.34692156,4.286817
3910,3.91,0.3511396,4.2821364
3911,3.911,0.34645444,4.2806654
3912,3.912,0.34218907,4.284485
3913,3.913,0.33649847,4.241346
3914,3.914,0.33731362,4.2718782
3915,3.915,0.34400085,4.3020062
3916,3.916,0.3494314,4.2812047
3917,3.917,0.34855554,4.2631855
3918,3.918,0.33522126,4.280672
3919,3.919,0.35219958,4.2807374
3920,3.92,0.34742302,4.2772636
3921,3.921,0.34325752,4.261681
3922,3.922,0.3461748,4.26347
3923,3.923,0.33873674,4.258598
3924,3.924,0.34464368,4.2872667
3925,3.925,0.35695955,4.2858305
3926,3.926,0.3445945,4.2846985
3927,3.927,0.34280714,4.286065
3928,3.928,0.34472758,4.26768
3929,3.929,0.3414191,4.2687464
3930,3.93,0.3381098,4.2624397
3931,3.931,0.34589732,4.2397146
3932,3.932,0.3458849,4.265761
3933,3.933,0.35952982,4.283465
3934,3.934,0.3402184,4.2693954
3935,3.935,0.3541597,4.2639976
3936,3.936,0.35496593,4.2765074
3937,3.937,0.34451264,4.2846437
3938,3.938,0.34103474,4.253429
3939,3.939,0.34710595,4.2742715
3940,3.94,0.35179406,4.2797995
3941,3.941,0.34924206,4.268061
3942,3.942,0.35262716,4.303286
3943,3.943,0.34574005,4.298429
3944,3.944,0.34607536,4.2791
3945,3.945,0.3498467,4.3002915
3946,3.946,0.35328057,4.294714
3947,3.947,0.35168707,4.296955
3948,3.948,0.35676083,4.306843
3949,3.949,0.34959432,4.3021793
3950,3.95,0.35685998,4.3077474
3951,3.951,0.35979602,4.2887163
3952,3.952,0.34287506,4.2648115
3953,3.953,0.35307312,4.2654734
3954,3.954,0.34096152,4.3147907
3955,3.955,0.3506589,4.3024096
3956,3.956,0.34785053,4.2575507
3957,3.957,0.35596612,4.2750697
3958,3.958,0.35079432,4.2772465
3959,3.959,0.3588195,4.2621446
3960,3.96,0.35243532,4.241726
3961,3.961,0.36124647,4.2601175
3962,3.962,0.3529206,4.2427607
3963,3.963,0.3658256,4.2591615
3964,3.964,0.36520937,4.2742877
3965,3.965,0.3643521,4.250804
3966,3.966,0.36969465,4.2294936
3967,3.967,0.36499044,4.245932
3968,3.968,0.3615713,4.2516866
3969,3.969,0.36527026,4.276186
3970,3.97,0.36504126,4.271904
3971,3.971,0.3619316,4.2599263
3972,3.972,0.35314438,4.2592955
3973,3.973,0.3524919,4.2630143
3974,3.974,0.35893053,4.2463098
3975,3.975,0.35245314,4.243301
3976,3.976,0.3587825,4.2725897
3977,3.977,0.3669851,4.2682037
3978,3.978,0.362069,4.2448435
3979,3.979,0.34481218,4.2656794
3980,3.98,0.36195022,4.250251
3981,3.981,0.346996,4.2653627
3982,3.982,0.35840356,4.266457
3983,3.983,0.3425008,4.29483
3984,3.984,0.35900936,4.2915015
3985,3.985,0.35747963,4.301247
3986,3.986,0.3619873,4.277454
3987,3.987,0.3624718,4.2948456
3988,3.988,0.35389885,4.3177495
3989,3.989,0.35890877,4.270864
3990,3.99,0.35813442,4.264795
3991,3.991,0.35896146,4.2766733
3992,3.992,0.35296154,4.2611756
3993,3.993,0.36365542,4.27915
3994,3.994,0.3597974,4.285167
3995,3.995,0.34729388,4.282478
3996,3.996,0.35896224,4.3010726
3997,3.997,0.3613569,4.295506
3998,3.998,0.36097905,4.2639165
3999,3.999,0.3533216,4.2784176
4000,4.0,0.34641945,4.27344
4001,4.001,0.3593619,4.2816615
4002,4.002,0.338839,4.291032
4003,4.003,0.35069573,4.2761025
4004,4.004,0.34987298,4.289942
4005,4.005,0.34062326,4.258475
4006,4.006,0.3319371,4.2665515
4007,4.007,0.3403767,4.271701
4008,4.008,0.33597854,4.2613273
4009,4.009,0.35047197,4.26756
4010,4.01,0.33981967,4.2665033
4011,4.011,0.3302598,4.2881823
4012,4.012,0.3417768,4.2621284
4013,4.013,0.3382919,4.2477083
4014,4.014,0.33019787,4.264286
4015,4.015,0.3387401,4.26313
4016,4.016,0.35080293,4.240621
4017,4.017,0.3320105,4.2510185
4018,4.018,0.33094144,4.2573924
4019,4.019,0.33882955,4.2519355
4020,4.02,0.33211648,4.287052
4021,4.021,0.34053746,4.2832074
4022,4.022,0.32615724,4.2928276
4023,4.023,0.34144288,4.306654
4024,4.024,0.3554214,4.3045278
4025,4.025,0.3547849,4.2484536
4026,4.026,0.34478408,4.2498007
4027,4.027,0.35058782,4.2629366
4028,4.028,0.3470087,4.2756834
4029,4.029,0.3426794,4.2947817
4030,4.03,0.3349936,4.2770185
4031,4.031,0.34258854,4.29184
4032,4.032,0.33867827,4.292249
4033,4.033,0.33847836,4.2758923
4034,4.034,0.32766265,4.299166
4035,4.035,0.3273492,4.291008
4036,4.036,0.3382092,4.2723093
4037,4.037,0.33750537,4.296709
4038,4.038,0.33003226,4.2705817
4039,4.039,0.33484966,4.2853856
4040,4.04,0.31555182,4.2829976
4041,4.041,0.3224521,4.2926383
4042,4.042,0.328861,4.2949476
4043,4.043,0.33001456,4.265339
4044,4.044,0.3336515,4.24069
4045,4.045,0.33022395,4.284848
4046,4.046,0.3337651,4.2496395
4047,4.047,0.34205997,4.270258
4048,4.048,0.32617915,4.273934
4049,4.049,0.33465794,4.282913
4050,4.05,0.32718036,4.279475
4051,4.051,0.33909658,4.3020444
4052,4.052,0.3424505,4.27239
4053,4.053,0.32357022,4.265543
4054,4.054,0.3338375,4.278895
4055,4.055,0.34506252,4.2862077
4056,4.056,0.33993182,4.269241
4057,4.057,0.34915116,4.259803
4058,4.058,0.3464548,4.2577543
4059,4.059,0.3394725,4.2838745
4060,4.06,0.33692324,4.2839627
4061,4.061,0.33544987,4.2739224
4062,4.062,0.33656806,4.2572265
4063,4.063,0.33643374,4.264455
4064,4.064,0.33573285,4.275929
4065,4.065,0.3407132,4.276963
4066,4.066,0.3453867,4.293662
4067,4.067,0.34595034,4.2527113
4068,4.068,0.3568194,4.2828116
4069,4.069,0.35467824,4.269932
4070,4.07,0.35462853,4.291558
4071,4.071,0.35375938,4.2592916
4072,4.072,0.3407176,4.2640967
4073,4.073,0.34420443,4.266989
4074,4.074,0.34347218,4.2746353
4075,4.075,0.3528396,4.2823787
4076,4.076,0.34825772,4.2786055
4077,4.077,0.34669828,4.282739
4078,4.078,0.3439541,4.256727
4079,4.079,0.34256905,4.2761617
4080,4.08,0.33550793,4.2856126
4081,4.081,0.35162044,4.2532926
4082,4.082,0.35911304,4.259316
4083,4.083,0.34731486,4.2904587
4084,4.084,0.34843346,4.282458
4085,4.085,0.34665436,4.28101
4086,4.086,0.3477227,4.2788634
4087,4.087,0.34952137,4.3056726
4088,4.088,0.3545632,4.3026505
4089,4.089,0.3469166,4.301742
4090,4.09,0.35111585,4.300126
4091,4.091,0.34609962,4.2923
4092,4.092,0.35436204,4.284734
4093,4.093,0.35418603,4.2857275
4094,4.094,0.35608009,4.2954903
4095,4.095,0.36164173,4.279865
4096,4.096,0.36072654,4.312935
4097,4.097,0.36209044,4.3073826
4098,4.098,0.37073204,4.287723
4099,4.099,0.37652212,4.2613726
4100,4.1,0.3704567,4.2837987
4101,4.101,0.36734077,4.2853513
4102,4.102,0.3591511,4.276088
4103,4.103,0.3497334,4.2841825
4104,4.104,0.3463092,4.293193
4105,4.105,0.35922208,4.3125167
4106,4.106,0.35758933,4.30423
4107,4.107,0.34906065,4.2941346
4108,4.108,0.35461935,4.2926917
4109,4.109,0.35684404,4.2743707
4110,4.11,0.35021266,4.321598
4111,4.111,0.35429284,4.2792163
4112,4.112,0.3554208,4.2815957
4113,4.113,0.35246938,4.295551
4114,4.114,0.3500938,4.2883224
4115,4.115,0.35533053,4.3198323
4116,4.116,0.3575654,4.3185186
4117,4.117,0.34429243,4.267713
4118,4.118,0.35038778,4.2676125
4119,4.119,0.33657983,4.276558
4120,4.12,0.33703846,4.2872553
4121,4.121,0.330743,4.286651
4122,4.122,0.33549893,4.3081675
4123,4.123,0.3445095,4.290585
4124,4.124,0.35069785,4.2645392
4125,4.125,0.3370902,4.3245506
4126,4.126,0.3414144,4.2936997
4127,4.127,0.3435441,4.2891107
4128,4.128,0.34168968,4.292785
4129,4.129,0.34685272,4.289478
4130,4.13,0.35508153,4.2927175
4131,4.131,0.3484319,4.280013
4132,4.132,0.34329104,4.2922864
4133,4.133,0.341325,4.2879086
4134,4.134,0.33398512,4.278079
4135,4.135,0.3313035,4.291157
4136,4.136,0.33236557,4.291773
4137,4.137,0.3401504,4.300501
4138,4.138,0.34509122,4.2904615
4139,4.139,0.32403007,4.315631
4140,4.14,0.33733407,4.326664
4141,4.141,0.34006357,4.293819
4142,4.142,0.34803778,4.286762
4143,4.143,0.3590049,4.2965245
4144,4.144,0.36024702,4.3041797
4145,4.145,0.35919288,4.2915044
4146,4.146,0.35791275,4.3036385
4147,4.147,0.35305402,4.280568
4148,4.148,0.36147982,4.3474607
4149,4.149,0.35564482,4.2938027
4150,4.15,0.36374545,4.2945523
4151,4.151,0.36291844,4.2899327
4152,4.152,0.35157597,4.2719617
4153,4.153,0.3486168,4.284271
4154,4.154,0.35314026,4.287795
4155,4.155,0.34165302,4.2959733
4156,4.156,0.35233703,4.309585
4157,4.157,0.35341963,4.277974
4158,4.158,0.34231618,4.3044653
4159,4.159,0.3545929,4.2998633
4160,4.16,0.35960245,4.280595
4161,4.161,0.35725686,4.285159
4162,4.162,0.35591978,4.2813034
4163,4.163,0.3601686,4.284518
4164,4.164,0.36263284,4.2734647
4165,4.165,0.35634774,4.280436
4166,4.166,0.36700758,4.273745
4167,4.167,0.35264346,4.264363
4168,4.168,0.35720614,4.2577386
4169,4.169,0.35245943,4.279035
4170,4.17,0.35722163,4.242328
4171,4.171,0.35056764,4.2693477
4172,4.172,0.34702793,4.2686048
4173,4.173,0.3413908,4.279284
4174,4.174,0.35514942,4.289397
4175,4.175,0.35089734,4.26431
4176,4.176,0.3522193,4.2621555
4177,4.177,0.34454057,4.253148
4178,4.178,0.3562644,4.241455
4179,4.179,0.3548516,4.2506437
4180,4.18,0.3521283,4.2492886
4181,4.181,0.35499373,4.281917
4182,4.182,0.36475664,4.2515807
4183,4.183,0.35767,4.2475224
4184,4.184,0.36004755,4.229295
4185,4.185,0.35500422,4.231032
4186,4.186,0.35336095,4.2470846
4187,4.187,0.36629817,4.241516
4188,4.188,0.3542457,4.2333617
4189,4.189,0.33866936,4.2379694
4190,4.19,0.334323,4.2546115
4191,4.191,0.35180375,4.243609
4192,4.192,0.3573072,4.2612967
4193,4.193,0.35191524,4.221624
4194,4.194,0.3381149,4.268291
4195,4.195,0.33785447,4.2495995
4196,4.196,0.35271078,4.2571898
4197,4.197,0.35313305,4.254235
4198,4.198,0.3570046,4.230387
4199,4.199,0.352171,4.242092
4200,4.2,0.34940165,4.269386
4201,4.201,0.35933724,4.247434
4202,4.202,0.35075232,4.2653036
4203,4.203,0.3459922,4.2635574
4204,4.204,0.3531833,4.2535644
4205,4.205,0.3689118,4.249362
4206,4.206,0.3648608,4.2603464
4207,4.207,0.3620244,4.2706857
4208,4.208,0.34931296,4.2849283
4209,4.209,0.34216464,4.265966
4210,4.21,0.35581183,4.2630043
4211,4.211,0.35786426,4.263634
4212,4.212,0.36107194,4.2777042
4213,4.213,0.36882555,4.269584
4214,4.214,0.3612548,4.2789526
4215,4.215,0.3691971,4.269602
4216,4.216,0.37267196,4.2793846
4217,4.217,0.3673783,4.266652
4218,4.218,0.3475397,4.290285
4219,4.219,0.36731258,4.2802
4220,4.22,0.36263788,4.2824764
4221,4.221,0.33938295,4.280015
4222,4.222,0.35109693,4.271884
4223,4.223,0.33890453,4.241117
4224,4.224,0.34256026,4.2659025
4225,4.225,0.35356843,4.239357
4226,4.226,0.34951362,4.2634544
4227,4.227,0.34664825,4.2564473
4228,4.228,0.3563037,4.2455454
4229,4.229,0.34932256,4.2586236
4230,4.23,0.35810393,4.2940445
4231,4.231,0.35774976,4.274914
4232,4.232,0.34853303,4.273362
4233,4.233,0.35416353,4.3174653
4234,4.234,0.3549608,4.305062
4235,4.235,0.35879302,4.3068376
4236,4.236,0.3568537,4.306643
4237,4.237,0.36373654,4.30846
4238,4.238,0.36366746,4.297895
4239,4.239,0.3623014,4.3023
4240,4.24,0.36101994,4.284857
4241,4.241,0.3672747,4.271421
4242,4.242,0.36145717,4.257435
4243,4.243,0.35432497,4.293192
4244,4.244,0.3485948,4.2667203
4245,4.245,0.35892934,4.275982
4246,4.246,0.35472578,4.291474
4247,4.247,0.33924904,4.2845244
4248,4.248,0.33836648,4.2889986
4249,4.249,0.33372748,4.334218
4250,4.25,0.3343621,4.311932
4251,4.251,0.34261397,4.3118634
4252,4.252,0.3339269,4.2709775
4253,4.253,0.33685264,4.296028
4254,4.254,0.32250887,4.2967434
4255,4.255,0.32956746,4.2880197
4256,4.256,0.3322017,4.315764
4257,4.257,0.3287607,4.2883816
4258,4.258,0.33510128,4.294358
4259,4.259,0.33619,4.2545786
4260,4.26,0.3452114,4.2801633
4261,4.261,0.33755824,4.295363
4262,4.262,0.33687156,4.289199
4263,4.263,0.33344132,4.26313
4264,4.264,0.3276478,4.2632513
4265,4.265,0.33136106,4.251197
4266,4.266,0.3245243,4.2662983
4267,4.267,0.3316303,4.272561
4268,4.268,0.33544683,4.281785
4269,4.269,0.34378642,4.2643547
4270,4.27,0.334623,4.2675676
4271,4.271,0.33886534,4.2582097
4272,4.272,0.3411704,4.2561154
4273,4.273,0.35242608,4.3087516
4274,4.274,0.3469016,4.2796245
4275,4.275,0.34459075,4.301068
4276,4.276,0.3452348,4.297172
4277,4.277,0.35076317,4.2778087
4278,4.278,0.34130868,4.284647
4279,4.279,0.34866807,4.2823634
4280,4.28,0.34655866,4.2955623
4281,4.281,0.3495959,4.2814355
4282,4.282,0.35242653,4.2929153
4283,4.283,0.35145923,4.288022
4284,4.284,0.3578903,4.2821817
4285,4.285,0.36177102,4.291106
4286,4.286,0.3657888,4.3244805
4287,4.287,0.36168757,4.3105793
4288,4.288,0.351577,4.2982426
4289,4.289,0.3536803,4.301526
4290,4.29,0.35107896,4.301751
4291,4.291,0.3529903,4.3079877
4292,4.292,0.34630176,4.3236003
4293,4.293,0.34966242,4.2967925
4294,4.294,0.34536454,4.32722
4295,4.295,0.3511742,4.2883677
4296,4.296,0.365055,4.2968483
4297,4.297,0.36435935,4.2948713
4298,4.298,0.3573804,4.2833457
4299,4.299,0.35602826,4.302556
4300,4.3,0.34590206,4.300265
4301,4.301,0.3419798,4.29534
4302,4.302,0.3405062,4.275275
4303,4.303,0.3380076,4.282066
4304,4.304,0.34538636,4.2819047
4305,4.305,0.34340903,4.2758675
4306,4.306,0.3379962,4.2941895
4307,4.307,0.3416433,4.266038
4308,4.308,0.34730566,4.283246
4309,4.309,0.34918174,4.2441263
4310,4.31,0.3438531,4.26037
4311,4.311,0.3383743,4.2798724
4312,4.312,0.32905272,4.288011
4313,4.313,0.32476276,4.2906528
4314,4.314,0.32487878,4.275708
4315,4.315,0.32930833,4.268553
4316,4.316,0.32574567,4.2810407
4317,4.317,0.34069505,4.26511
4318,4.318,0.33483082,4.269642
4319,4.319,0.33664718,4.2916603
4320,4.32,0.33963522,4.276503
4321,4.321,0.33282128,4.2601843
4322,4.322,0.3441473,4.2520146
4323,4.323,0.33635336,4.275508
4324,4.324,0.32948762,4.274732
4325,4.325,0.32855994,4.264911
4326,4.326,0.33467862,4.282851
4327,4.327,0.3392815,4.2691426
4328,4.328,0.34545448,4.2828746
4329,4.329,0.3468787,4.270537
4330,4.33,0.34008554,4.3019404
4331,4.331,0.33597064,4.2737617
4332,4.332,0.34732744,4.276861
4333,4.333,0.33309174,4.2727985
4334,4.334,0.3378888,4.2784686
4335,4.335,0.333628,4.306685
4336,4.336,0.32783142,4.2513676
4337,4.337,0.33318648,4.3020954
4338,4.338,0.33361176,4.302627
4339,4.339,0.33254322,4.2689686
4340,4.34,0.33556017,4.2679896
4341,4.341,0.32720217,4.2846127
4342,4.342,0.33161062,4.284225
4343,4.343,0.32774788,4.263857
4344,4.344,0.3357204,4.257338
4345,4.345,0.33653423,4.257413
4346,4.346,0.33962062,4.2787385
4347,4.347,0.34458673,4.262203
4348,4.348,0.35637861,4.2712317
4349,4.349,0.3401265,4.2699366
4350,4.35,0.34795815,4.2739143
4351,4.351,0.34778145,4.2735295
4352,4.352,0.35300076,4.295545
4353,4.353,0.34126535,4.2921863
4354,4.354,0.33791474,4.2662816
4355,4.355,0.35416943,4.3007045
4356,4.356,0.34077656,4.2816515
4357,4.357,0.3327355,4.300959
4358,4.358,0.35102928,4.302231
4359,4.359,0.35327032,4.2895975
4360,4.36,0.34391794,4.2664604
4361,4.361,0.3574588,4.2864394
4362,4.362,0.34464824,4.30992
4363,4.363,0.3479432,4.299667
4364,4.364,0.34575057,4.286025
4365,4.365,0.3391715,4.3024626
4366,4.366,0.34006998,4.289721
4367,4.367,0.34852076,4.2978663
4368,4.368,0.34682956,4.285769
4369,4.369,0.34149548,4.3031955
4370,4.37,0.34701687,4.306534
4371,4.371,0.3511041,4.261252
4372,4.372,0.3546177,4.2556868
4373,4.373,0.3532577,4.2893004
4374,4.374,0.3546209,4.27262
4375,4.375,0.35084298,4.262326
4376,4.376,0.34092027,4.2719493
4377,4.377,0.34865952,4.297394
4378,4.378,0.34584138,4.2754836
4379,4.379,0.3504034,4.2844934
4380,4.38,0.34826568,4.285523
4381,4.381,0.35968596,4.261858
4382,4.382,0.34635186,4.2737436
4383,4.383,0.34752473,4.2418566
4384,4.384,0.33857897,4.2768874
4385,4.385,0.33629537,4.2827854
4386,4.386,0.32840446,4.293303
4387,4.387,0.3359007,4.286388
4388,4.388,0.31750798,4.2914762
4389,4.389,0.33151355,4.281735
4390,4.39,0.335647,4.285871
4391,4.391,0.34681973,4.2891865
4392,4.392,0.34651577,4.291995
4393,4.393,0.34485787,4.29253
4394,4.394,0.34420595,4.255104
4395,4.395,0.350895,4.274202
4396,4.396,0.34225497,4.269443
4397,4.397,0.34434783,4.287636
4398,4.398,0.34541744,4.2659087
4399,4.399,0.34496874,4.269941
4400,4.4,0.34414524,4.2998767
4401,4.401,0.34334067,4.2711105
4402,4.402,0.35018253,4.2850347
4403,4.403,0.3452774,4.2655163
4404,4.404,0.34119844,4.2783475
4405,4.405,0.34127373,4.2969747
4406,4.406,0.34462842,4.28092
4407,4.407,0.3521862,4.2698636
4408,4.408,0.34911865,4.2970657
4409,4.409,0.3595648,4.278179
4410,4.41,0.34853286,4.3026776
4411,4.411,0.35549533,4.2555013
4412,4.412,0.3514594,4.2978
4413,4.413,0.3587673,4.319513
4414,4.414,0.35557485,4.313587
4415,4.415,0.35821953,4.3016996
4416,4.416,0.34479067,4.271689
4417,4.417,0.35053217,4.2863445
4418,4.418,0.34265086,4.2877183
4419,4.419,0.35285032,4.2882257
4420,4.42,0.35654175,4.295622
4421,4.421,0.35790426,4.2728143
4422,4.422,0.3628624,4.2678137
4423,4.423,0.35479715,4.307235
4424,4.424,0.35193518,4.277017
4425,4.425,0.35300225,4.270843
4426,4.426,0.34641546,4.2652574
4427,4.427,0.35437316,4.282903
4428,4.428,0.3499342,4.2945585
4429,4.429,0.353031,4.2751007
4430,4.43,0.35807946,4.2705035
4431,4.431,0.3666138,4.263424
4432,4.432,0.35211405,4.28302
4433,4.433,0.3597263,4.2851033
4434,4.434,0.34274897,4.281919
4435,4.435,0.34960806,4.275453
4436,4.436,0.3479315,4.265931
4437,4.437,0.34622893,4.2819505
4438,4.438,0.35882422,4.298687
4439,4.439,0.36395827,4.282723
4440,4.44,0.3503692,4.2933617
4441,4.441,0.34228796,4.3181095
4442,4.442,0.34627095,4.2920656
4443,4.443,0.34058377,4.302362
4444,4.444,0.3425732,4.3012176
4445,4.445,0.3475542,4.27485
4446,4.446,0.34926242,4.2913
4447,4.447,0.34907836,4.284537
4448,4.448,0.35172015,4.292253
4449,4.449,0.34884104,4.3031387
4450,4.45,0.34313363,4.2675753
4451,4.451,0.34774518,4.3132215
4452,4.452,0.3657348,4.3127384
4453,4.453,0.3541583,4.295407
4454,4.454,0.33468103,4.3061433
4455,4.455,0.3495021,4.2934713
4456,4.456,0.3370001,4.2568345
4457,4.457,0.3421765,4.2816844
4458,4.458,0.347797,4.2902107
4459,4.459,0.33510458,4.288456
4460,4.46,0.33786696,4.313554
4461,4.461,0.3517623,4.2767577
4462,4.462,0.33734,4.2834644
4463,4.463,0.34348553,4.3021812
4464,4.464,0.34084237,4.3034644
4465,4.465,0.34047997,4.3307333
4466,4.466,0.34905562,4.314152
4467,4.467,0.34452477,4.2949004
4468,4.468,0.34985057,4.3015018
4469,4.469,0.34709522,4.3135104
4470,4.47,0.35404935,4.31475
4471,4.471,0.3423923,4.326919
4472,4.472,0.3428835,4.3009515
4473,4.473,0.32866928,4.2958107
4474,4.474,0.34482655,4.2731614
4475,4.475,0.33555257,4.304404
4476,4.476,0.34637406,4.3066525
4477,4.477,0.32705134,4.2932587
4478,4.478,0.3416956,4.275324
4479,4.479,0.34146783,4.2910843
4480,4.48,0.34026685,4.2895913
4481,4.481,0.34089825,4.278578
4482,4.482,0.35348883,4.2762985
4483,4.483,0.34635898,4.278482
4484,4.484,0.34432587,4.308982
4485,4.485,0.35756326,4.2965784
4486,4.486,0.36067918,4.2747526
4487,4.487,0.34817812,4.3181233
4488,4.488,0.3412732,4.2681274
4489,4.489,0.3455714,4.3061924
4490,4.49,0.33914372,4.2813125
4491,4.491,0.33482504,4.279288
4492,4.492,0.33916035,4.3179955
4493,4.493,0.32997456,4.3486104
4494,4.494,0.33652508,4.304317
4495,4.495,0.33848536,4.297103
4496,4.496,0.34267664,4.309205
4497,4.497,0.3350305,4.317664
4498,4.498,0.3411143,4.319065
4499,4.499,0.340931,4.297358
4500,4.5,0.33462965,4.2888165
4501,4.501,0.33779657,4.291764
4502,4.502,0.32514665,4.265571
4503,4.503,0.3338166,4.307541
4504,4.504,0.3487485,4.2894316
4505,4.505,0.34361744,4.2851467
4506,4.506,0.33773425,4.300645
4507,4.507,0.33908993,4.319331
4508,4.508,0.33703762,4.2782702
4509,4.509,0.34695205,4.2558074
4510,4.51,0.34093642,4.2826824
4511,4.511,0.3426628,4.2925167
4512,4.512,0.34833446,4.2725716
4513,4.513,0.35258073,4.282707
4514,4.514,0.3519621,4.281326
4515,4.515,0.35153168,4.304116
4516,4.516,0.3519194,4.2928534
4517,4.517,0.35806736,4.2859473
4518,4.518,0.36225998,4.280015
4519,4.519,0.36433378,4.2989135
4520,4.52,0.35395125,4.303795
4521,4.521,0.3620319,4.291082
4522,4.522,0.35785067,4.285418
4523,4.523,0.37103918,4.3056283
4524,4.524,0.35362726,4.292756
4525,4.525,0.35705736,4.287905
4526,4.526,0.35418376,4.29227
4527,4.527,0.35662794,4.2910113
4528,4.528,0.35540816,4.2625346
4529,4.529,0.3593417,4.2834344
4530,4.53,0.3537914,4.2897387
4531,4.531,0.36773035,4.3020186
4532,4.532,0.37024945,4.2921667
4533,4.533,0.35585624,4.3108263
4534,4.534,0.3653702,4.3000503
4535,4.535,0.35840973,4.2766433
4536,4.536,0.35811692,4.3135324
4537,4.537,0.35464156,4.269106
4538,4.538,0.35592127,4.286572
4539,4.539,0.35782987,4.299446
4540,4.54,0.34673908,4.287907
4541,4.541,0.3586891,4.300105
4542,4.542,0.3541187,4.2838573
4543,4.543,0.35257453,4.2753673
4544,4.544,0.3647407,4.2602367
4545,4.545,0.35958058,4.3207226
4546,4.546,0.35419887,4.285513
4547,4.547,0.35587388,4.274433
4548,4.548,0.3546713,4.261166
4549,4.549,0.35921618,4.256298
4550,4.55,0.36538148,4.289303
4551,4.551,0.36125806,4.2692266
4552,4.552,0.3545094,4.2635574
4553,4.553,0.3505444,4.2914867
4554,4.554,0.33871168,4.2950907
4555,4.555,0.33366054,4.28441
4556,4.556,0.34194383,4.2717543
4557,4.557,0.34661308,4.267991
4558,4.558,0.3421649,4.289814
4559,4.559,0.3295388,4.249535
4560,4.56,0.34679213,4.2972827
4561,4.561,0.34430352,4.2843575
4562,4.562,0.34706348,4.2889705
4563,4.563,0.33810088,4.289126
4564,4.564,0.3480468,4.25744
4565,4.565,0.3465782,4.293041
4566,4.566,0.3512836,4.274821
4567,4.567,0.33833408,4.2700057
4568,4.568,0.34842604,4.275167
4569,4.569,0.3488826,4.2604976
4570,4.57,0.348305,4.2645416
4571,4.571,0.35381895,4.279455
4572,4.572,0.34821126,4.2878976
4573,4.573,0.3522027,4.2856297
4574,4.574,0.33912286,4.2944436
4575,4.575,0.33932883,4.2878137
4576,4.576,0.34742877,4.3017273
4577,4.577,0.34755474,4.295987
4578,4.578,0.36154953,4.29618
4579,4.579,0.34462878,4.277497
4580,4.58,0.34530112,4.301452
4581,4.581,0.35263196,4.3081837
4582,4.582,0.34639245,4.3100214
4583,4.583,0.3502666,4.3048973
4584,4.584,0.35031447,4.3015347
4585,4.585,0.35226667,4.2929306
4586,4.586,0.347262,4.307768
4587,4.587,0.3572242,4.289427
4588,4.588,0.3402776,4.2880993
4589,4.589,0.3381883,4.2958584
4590,4.59,0.32565808,4.2955613
4591,4.591,0.32761475,4.274027
4592,4.592,0.33382463,4.258416
4593,4.593,0.337406,4.244962
4594,4.594,0.33820495,4.2569623
4595,4.595,0.3461843,4.273802
4596,4.596,0.34401757,4.2967696
4597,4.597,0.3481281,4.2944164
4598,4.598,0.34294558,4.2395673
4599,4.599,0.3380167,4.29399
4600,4.6,0.34450388,4.2943997
4601,4.601,0.33171526,4.2774086
4602,4.602,0.34710142,4.2834315
4603,4.603,0.34333038,4.2785506
4604,4.604,0.33124176,4.2799463
4605,4.605,0.3327087,4.299845
4606,4.606,0.33129227,4.3051476
4607,4.607,0.34527242,4.2819676
4608,4.608,0.34105387,4.2937984
4609,4.609,0.33462542,4.293226
4610,4.61,0.32944822,4.2853127
4611,4.611,0.34414953,4.275318
4612,4.612,0.35022953,4.287414
4613,4.613,0.34301078,4.278655
4614,4.614,0.35389015,4.2891626
4615,4.615,0.34716275,4.3004613
4616,4.616,0.34363732,4.276115
4617,4.617,0.3616847,4.28287
4618,4.618,0.35673523,4.3166842
4619,4.619,0.3486994,4.281551
4620,4.62,0.35637993,4.276476
4621,4.621,0.34938413,4.288419
4622,4.622,0.3475095,4.296022
4623,4.623,0.34971538,4.2756057
4624,4.624,0.3612749,4.2731843
4625,4.625,0.36090097,4.286312
4626,4.626,0.3701705,4.31823
4627,4.627,0.36473346,4.283098
4628,4.628,0.35872796,4.305772
4629,4.629,0.38142785,4.308145
4630,4.63,0.3803778,4.2936587
4631,4.631,0.3947905,4.2745013
4632,4.632,0.395502,4.28383
4633,4.633,0.3888981,4.306264
4634,4.634,0.39690942,4.2866426
4635,4.635,0.3866509,4.2923336
4636,4.636,0.39531553,4.287034
4637,4.637,0.39122197,4.299469
4638,4.638,0.3858668,4.291045
4639,4.639,0.3752381,4.293072
4640,4.64,0.3618188,4.262743
4641,4.641,0.37165663,4.282631
4642,4.642,0.37177795,4.3067575
4643,4.643,0.36837053,4.2664185
4644,4.644,0.36725065,4.250034
4645,4.645,0.36954683,4.260245
4646,4.646,0.36277297,4.258789
4647,4.647,0.36279604,4.2853236
4648,4.648,0.3641352,4.2674427
4649,4.649,0.36050916,4.2796793
4650,4.65,0.36835006,4.274336
4651,4.651,0.36422288,4.2672143
4652,4.652,0.3645718,4.2324786
4653,4.653,0.36873212,4.2814374
4654,4.654,0.38163525,4.305837
4655,4.655,0.36597267,4.294678
4656,4.656,0.3512787,4.2746115
4657,4.657,0.37481022,4.332594
4658,4.658,0.36394593,4.2788386
4659,4.659,0.362809,4.2783885
4660,4.66,0.38236552,4.2733192
4661,4.661,0.3700021,4.262607
4662,4.662,0.37357545,4.2738795
4663,4.663,0.36736047,4.278918
4664,4.664,0.36434856,4.2962813
4665,4.665,0.37555793,4.2942905
4666,4.666,0.37879166,4.288818
4667,4.667,0.36258185,4.299534
4668,4.668,0.3793916,4.276878
4669,4.669,0.3642887,4.291875
4670,4.67,0.37142015,4.317147
4671,4.671,0.36858618,4.270076
4672,4.672,0.38034377,4.2851505
4673,4.673,0.37835515,4.2625175
4674,4.674,0.3770868,4.3083987
4675,4.675,0.37183613,4.3086433
4676,4.676,0.36038387,4.3045597
4677,4.677,0.36017492,4.2864704
4678,4.678,0.36572284,4.275311
4679,4.679,0.35757428,4.3055468
4680,4.68,0.35701203,4.300385
4681,4.681,0.35028198,4.3168526
4682,4.682,0.3575075,4.30498
4683,4.683,0.35350397,4.296538
4684,4.684,0.35234708,4.2930856
4685,4.685,0.3589818,4.3003626
4686,4.686,0.35071275,4.283618
4687,4.687,0.3578997,4.3134303
4688,4.688,0.35844156,4.294873
4689,4.689,0.36995304,4.3001695
4690,4.69,0.34543392,4.3106327
4691,4.691,0.3333278,4.2758994
4692,4.692,0.34125912,4.272749
4693,4.693,0.3347742,4.2693357
4694,4.694,0.35578588,4.2748647
4695,4.695,0.3349239,4.274586
4696,4.696,0.3456258,4.2758384
4697,4.697,0.3433929,4.2842927
4698,4.698,0.33148637,4.269467
4699,4.699,0.3341503,4.273926
4700,4.7,0.342071,4.263045
4701,4.701,0.34000558,4.2847915
4702,4.702,0.33052891,4.2906513
4703,4.703,0.33729303,4.289526
4704,4.704,0.3396931,4.275228
4705,4.705,0.34599248,4.2861056
4706,4.706,0.34578303,4.297071
4707,4.707,0.34788898,4.2993126
4708,4.708,0.3608025,4.3042417
4709,4.709,0.33291712,4.2798166
4710,4.71,0.34141403,4.2895737
4711,4.711,0.34226936,4.2737265
4712,4.712,0.3405987,4.2684712
4713,4.713,0.33112535,4.277998
4714,4.714,0.33712843,4.298801
4715,4.715,0.3381018,4.3003306
4716,4.716,0.34056807,4.2952895
4717,4.717,0.33728006,4.2923646
4718,4.718,0.3489741,4.2675653
4719,4.719,0.3480246,4.318925
4720,4.72,0.33740425,4.3182034
4721,4.721,0.34164122,4.299487
4722,4.722,0.33031842,4.2967567
4723,4.723,0.33080003,4.3222976
4724,4.724,0.3307192,4.3049736
4725,4.725,0.3365153,4.3080473
4726,4.726,0.32895613,4.2888403
4727,4.727,0.331888,4.282843
4728,4.728,0.31626642,4.281399
4729,4.729,0.3307589,4.2851143
4730,4.73,0.34142765,4.298735
4731,4.731,0.34249622,4.2851667
4732,4.732,0.33790812,4.26705
4733,4.733,0.32837167,4.251588
4734,4.734,0.32120904,4.262733
4735,4.735,0.33470693,4.255342
4736,4.736,0.33531275,4.2655377
4737,4.737,0.31829008,4.2623215
4738,4.738,0.33242008,4.276382
4739,4.739,0.32762763,4.264864
4740,4.74,0.32065693,4.263727
4741,4.741,0.32561842,4.253123
4742,4.742,0.33521006,4.258712
4743,4.743,0.3463373,4.294459
4744,4.744,0.34510756,4.285719
4745,4.745,0.3415373,4.2452564
4746,4.746,0.34275302,4.2577305
4747,4.747,0.33838937,4.291734
4748,4.748,0.33456352,4.263746
4749,4.749,0.3278936,4.261053
4750,4.75,0.35271987,4.26551
4751,4.751,0.32986528,4.2840934
4752,4.752,0.33921394,4.2781496
4753,4.753,0.33600774,4.258079
4754,4.754,0.33420438,4.2799826
4755,4.755,0.3364661,4.289224
4756,4.756,0.34999344,4.2944303
4757,4.757,0.3453998,4.270235
4758,4.758,0.34770316,4.2751493
4759,4.759,0.33673188,4.2814465
4760,4.76,0.3410768,4.2667823
4761,4.761,0.3384463,4.282626
4762,4.762,0.335615,4.273878
4763,4.763,0.33988938,4.289699
4764,4.764,0.33881694,4.311054
4765,4.765,0.34698087,4.2648425
4766,4.766,0.3375404,4.2713804
4767,4.767,0.34530243,4.2959905
4768,4.768,0.33260512,4.3374557
4769,4.769,0.34069604,4.2788258
4770,4.77,0.3455365,4.278887
4771,4.771,0.34972763,4.2704124
4772,4.772,0.3401114,4.274473
4773,4.773,0.35278407,4.286893
4774,4.774,0.35092252,4.2901344
4775,4.775,0.34409207,4.281315
4776,4.776,0.3541386,4.278616
4777,4.777,0.3531625,4.263598
4778,4.778,0.36484233,4.263043
4779,4.779,0.36363673,4.303113
4780,4.78,0.3518995,4.3040867
4781,4.781,0.3443718,4.298903
4782,4.782,0.3519322,4.2661834
4783,4.783,0.3489236,4.2538114
4784,4.784,0.3397613,4.264611
4785,4.785,0.33257198,4.2675605
4786,4.786,0.3365971,4.2633467
4787,4.787,0.33714458,4.2680016
4788,4.788,0.3473084,4.2939816
4789,4.789,0.33906764,4.2702203
4790,4.79,0.33637723,4.2690163
4791,4.791,0.33644572,4.2562733
4792,4.792,0.34454128,4.270581
4793,4.793,0.341665,4.2713504
4794,4.794,0.33780822,4.2920814
4795,4.795,0.34147334,4.276536
4796,4.796,0.34843972,4.282818
4797,4.797,0.34216875,4.310895
4798,4.798,0.33732393,4.29796
4799,4.799,0.34324998,4.281499
4800,4.8,0.36151946,4.301038
4801,4.801,0.33998322,4.293393
4802,4.802,0.34272394,4.273017
4803,4.803,0.34617284,4.3146105
4804,4.804,0.3507754,4.270932
4805,4.805,0.353345,4.279464
4806,4.806,0.34739962,4.280286
4807,4.807,0.34303412,4.2704945
4808,4.808,0.35373685,4.305346
4809,4.809,0.35067424,4.267271
4810,4.81,0.34637585,4.2842236
4811,4.811,0.359624,4.2712965
4812,4.812,0.34361306,4.257657
4813,4.813,0.34552893,4.2899637
4814,4.814,0.3409309,4.27179
4815,4.815,0.3377174,4.31186
4816,4.816,0.34390587,4.3032284
4817,4.817,0.35592636,4.3072724
4818,4.818,0.35201225,4.2968183
4819,4.819,0.35606033,4.286175
4820,4.82,0.34599364,4.2791257
4821,4.821,0.35732633,4.2762237
4822,4.822,0.36293754,4.2722406
4823,4.823,0.3583105,4.2941256
4824,4.824,0.35585082,4.2908034
4825,4.825,0.3462506,4.2706137
4826,4.826,0.35875246,4.2570715
4827,4.827,0.35445058,4.2714224
4828,4.828,0.35444137,4.2784677
4829,4.829,0.34711817,4.2739863
4830,4.83,0.3583492,4.2764974
4831,4.831,0.35093784,4.289896
4832,4.832,0.35235494,4.26974
4833,4.833,0.35185543,4.2412996
4834,4.834,0.33585104,4.2606735
4835,4.835,0.34019977,4.2738123
4836,4.836,0.33918762,4.2596664
4837,4.837,0.34292728,4.2780204
4838,4.838,0.335856,4.2710075
4839,4.839,0.35268402,4.247695
4840,4.84,0.3359517,4.2603717
4841,4.841,0.34153026,4.248296
4842,4.842,0.33784583,4.2417946
4843,4.843,0.33450386,4.293791
4844,4.844,0.33567944,4.283183
4845,4.845,0.33656585,4.266565
4846,4.846,0.34288034,4.254823
4847,4.847,0.33115098,4.280333
4848,4.848,0.32284313,4.276398
4849,4.849,0.33211166,4.296669
4850,4.85,0.34006837,4.302437
4851,4.851,0.33801898,4.2692246
4852,4.852,0.33824798,4.277948
4853,4.853,0.3301328,4.269687
4854,4.854,0.33619666,4.2752695
4855,4.855,0.33735213,4.258692
4856,4.856,0.3420443,4.265598
4857,4.857,0.33682352,4.2631154
4858,4.858,0.33725235,4.2899184
4859,4.859,0.33168316,4.2803392
4860,4.86,0.33315784,4.2532516
4861,4.861,0.32864305,4.28018
4862,4.862,0.34850338,4.2808084
4863,4.863,0.33887213,4.29785
4864,4.864,0.34366998,4.268527
4865,4.865,0.34454495,4.2842875
4866,4.866,0.3393922,4.3123503
4867,4.867,0.33952034,4.270309
4868,4.868,0.34596848,4.280556
4869,4.869,0.3367796,4.2325754
4870,4.87,0.33649382,4.284463
4871,4.871,0.33905873,4.254714
4872,4.872,0.33913848,4.2618723
4873,4.873,0.33378562,4.2607293
4874,4.874,0.34710488,4.2896094
4875,4.875,0.34857717,4.280857
4876,4.876,0.33573222,4.2578197
4877,4.877,0.3396975,4.273926
4878,4.878,0.33229187,4.2763286
4879,4.879,0.34273633,4.271232
4880,4.88,0.3373551,4.2663727
4881,4.881,0.34097078,4.2714424
4882,4.882,0.3538225,4.2481737
4883,4.883,0.34636244,4.2445145
4884,4.884,0.34242722,4.2449884
4885,4.885,0.34846047,4.2427607
4886,4.886,0.33654428,4.2523274
4887,4.887,0.33920586,4.2569075
4888,4.888,0.34428725,4.259862
4889,4.889,0.36057127,4.2641697
4890,4.89,0.35227975,4.260913
4891,4.891,0.3544767,4.26522
4892,4.892,0.34922463,4.260681
4893,4.893,0.35633418,4.2841644
4894,4.894,0.34552413,4.2803783
4895,4.895,0.34891617,4.286105
4896,4.896,0.34495527,4.2836375
4897,4.897,0.34254965,4.2902546
4898,4.898,0.3407181,4.2789235
4899,4.899,0.3493097,4.2458115
4900,4.9,0.33697364,4.2346926
4901,4.901,0.34008616,4.260191
4902,4.902,0.33169475,4.250174
4903,4.903,0.3386868,4.275919
4904,4.904,0.3469745,4.2685475
4905,4.905,0.34318832,4.2894435
4906,4.906,0.34203172,4.2730803
4907,4.907,0.34233937,4.2751503
4908,4.908,0.3493349,4.275193
4909,4.909,0.34993866,4.2849126
4910,4.91,0.34969077,4.279488
4911,4.911,0.35078827,4.27565
4912,4.912,0.34160268,4.26412
4913,4.913,0.34844467,4.2592916
4914,4.914,0.34130454,4.2687187
4915,4.915,0.34511822,4.250522
4916,4.916,0.35126942,4.2803173
4917,4.917,0.34663537,4.2644897
4918,4.918,0.3497818,4.2663255
4919,4.919,0.34732807,4.265565
4920,4.92,0.3566433,4.2596717
4921,4.921,0.3544574,4.258551
4922,4.922,0.34369746,4.2966213
4923,4.923,0.34994552,4.271484
4924,4.924,0.34605178,4.26724
4925,4.925,0.33541107,4.2619123
4926,4.926,0.343029,4.2957993
4927,4.927,0.36088887,4.3058558
4928,4.928,0.34800375,4.3023844
4929,4.929,0.34638667,4.2769065
4930,4.93,0.3437875,4.291116
4931,4.931,0.33577126,4.285807
4932,4.932,0.3330437,4.279888
4933,4.933,0.33113232,4.2738295
4934,4.934,0.34407374,4.2648115
4935,4.935,0.33870134,4.2703424
4936,4.936,0.33919334,4.2772255
4937,4.937,0.34662488,4.247894
4938,4.938,0.33862713,4.232786
4939,4.939,0.3325114,4.253446
4940,4.94,0.3399558,4.203385
4941,4.941,0.34055272,4.269643
4942,4.942,0.33652556,4.2214046
4943,4.943,0.33864647,4.2468967
4944,4.944,0.3356129,4.232032
4945,4.945,0.3296707,4.251514
4946,4.946,0.33432457,4.2496657
4947,4.947,0.33351657,4.2514877
4948,4.948,0.32959396,4.256029
4949,4.949,0.34022644,4.2516184
4950,4.95,0.33749652,4.2839017
4951,4.951,0.32914555,4.239866
4952,4.952,0.32892844,4.2336273
4953,4.953,0.32936528,4.246468
4954,4.954,0.33622885,4.2661304
4955,4.955,0.3351781,4.2885165
4956,4.956,0.34846374,4.274417
4957,4.957,0.33920705,4.2406197
4958,4.958,0.34910402,4.2643213
4959,4.959,0.34414926,4.249835
4960,4.96,0.3367434,4.24687
4961,4.961,0.3447971,4.2655516
4962,4.962,0.33509642,4.2604656
4963,4.963,0.3290098,4.2460785
4964,4.964,0.33308774,4.2507005
4965,4.965,0.33393878,4.265832
4966,4.966,0.3267481,4.2561083
4967,4.967,0.33371004,4.2733383
4968,4.968,0.33500773,4.263262
4969,4.969,0.33606634,4.261525
4970,4.97,0.33676615,4.2507277
4971,4.971,0.3300001,4.2595153
4972,4.972,0.33813754,4.2699194
4973,4.973,0.34276003,4.2701974
4974,4.974,0.34448934,4.2782354
4975,4.975,0.34888268,4.280396
4976,4.976,0.34837094,4.258555
4977,4.977,0.33587402,4.253115
4978,4.978,0.3402705,4.261812
4979,4.979,0.33429068,4.2725735
4980,4.98,0.33001876,4.2638326
4981,4.981,0.33840165,4.293519
4982,4.982,0.33111104,4.2626247
4983,4.983,0.32651258,4.270039
4984,4.984,0.31765994,4.2663774
4985,4.985,0.3187342,4.248879
4986,4.986,0.31350428,4.2677736
4987,4.987,0.31739295,4.2668014
4988,4.988,0.32366204,4.265744
4989,4.989,0.33091745,4.268508
4990,4.99,0.33375558,4.253085
4991,4.991,0.3266597,4.272578
4992,4.992,0.33019498,4.259642
4993,4.993,0.33607382,4.288837
4994,4.994,0.3428888,4.275263
4995,4.995,0.33495536,4.2697115
4996,4.996,0.3281953,4.282993
4997,4.997,0.32822886,4.284186
4998,4.998,0.33569923,4.2806
4999,4.999,0.3312164,4.279166
5000,5.0,0.34495988,4.268888
5001,5.001,0.33916152,4.257084
5002,5.002,0.34031495,4.278379
5003,5.003,0.33406228,4.2539687
5004,5.004,0.34794185,4.2805076
5005,5.005,0.34783044,4.272351
5006,5.006,0.33725214,4.30109
5007,5.007,0.35109264,4.264261
5008,5.008,0.33360255,4.281778
5009,5.009,0.3382467,4.3110924
5010,5.01,0.32922947,4.2806373
5011,5.011,0.34245554,4.2664213
5012,5.012,0.34123197,4.264708
5013,5.013,0.32513747,4.276524
5014,5.014,0.31714976,4.2702513
5015,5.015,0.30737284,4.2674007
5016,5.016,0.31572083,4.277282
5017,5.017,0.30899844,4.266956
5018,5.018,0.3153276,4.281443
5019,5.019,0.324866,4.2615943
5020,5.02,0.3339457,4.2777414
5021,5.021,0.33366174,4.257435
5022,5.022,0.33439136,4.2671776
5023,5.023,0.33317715,4.284997
5024,5.024,0.33746698,4.2515163
5025,5.025,0.33654612,4.2640758
5026,5.026,0.3311798,4.2756352
5027,5.027,0.33445132,4.2730527
5028,5.028,0.35260987,4.271876
5029,5.029,0.340429,4.289728
5030,5.03,0.3501171,4.2647614
5031,5.031,0.3462035,4.2791843
5032,5.032,0.3507724,4.2882543
5033,5.033,0.3456767,4.2418733
5034,5.034,0.33474123,4.2584505
5035,5.035,0.3359853,4.278336
5036,5.036,0.3378674,4.273221
5037,5.037,0.34070253,4.2673683
5038,5.038,0.33457392,4.248825
5039,5.039,0.3449045,4.251951
5040,5.04,0.3424514,4.2654347
5041,5.041,0.3312609,4.258691
5042,5.042,0.33128113,4.254845
5043,5.043,0.33257487,4.2374306
5044,5.044,0.33677173,4.253024
5045,5.045,0.33911216,4.2461534
5046,5.046,0.34551728,4.2149696
5047,5.047,0.342625,4.248143
5048,5.048,0.3376358,4.2406077
5049,5.049,0.3322063,4.245703
5050,5.05,0.33439916,4.2517715
5051,5.051,0.3327097,4.2382154
5052,5.052,0.33610842,4.24307
5053,5.053,0.3308996,4.238709
5054,5.054,0.3379912,4.256395
5055,5.055,0.34157792,4.242754
5056,5.056,0.34587732,4.244219
5057,5.057,0.3440932,4.23025
5058,5.058,0.33820805,4.237691
5059,5.059,0.3364536,4.234196
5060,5.06,0.33975676,4.222513
5061,5.061,0.34042197,4.238101
5062,5.062,0.33899322,4.223921
5063,5.063,0.34092125,4.2605863
5064,5.064,0.34580454,4.2325807
5065,5.065,0.35651162,4.2521567
5066,5.066,0.34401014,4.2465043
5067,5.067,0.3422921,4.225608
5068,5.068,0.34028006,4.2384496
5069,5.069,0.3334422,4.2662163
5070,5.07,0.33587587,4.241692
5071,5.071,0.3357441,4.2547
5072,5.072,0.32771832,4.248238
5073,5.073,0.32469103,4.2805934
5074,5.074,0.33152404,4.26352
5075,5.075,0.33531064,4.2721324
5076,5.076,0.33232695,4.234949
5077,5.077,0.33402315,4.2279243
5078,5.078,0.3297557,4.2499633
5079,5.079,0.3309349,4.2309546
5080,5.08,0.33254766,4.242479
5081,5.081,0.3349348,4.2258267
5082,5.082,0.32151452,4.2579865
5083,5.083,0.32882425,4.2695737
5084,5.084,0.3352743,4.2479405
5085,5.085,0.3319256,4.244496
5086,5.086,0.33906835,4.2327037
5087,5.087,0.31909823,4.2769713
5088,5.088,0.31629285,4.2513175
5089,5.089,0.3182747,4.2578464
5090,5.09,0.31544006,4.231711
5091,5.091,0.3153244,4.2445292
5092,5.092,0.32313448,4.2440248
5093,5.093,0.3185712,4.2376156
5094,5.094,0.31292284,4.2602534
5095,5.095,0.3244861,4.24516
5096,5.096,0.33163744,4.25157
5097,5.097,0.3355576,4.255377
5098,5.098,0.32554367,4.233604
5099,5.099,0.3290154,4.27118
5100,5.1,0.323396,4.259384
5101,5.101,0.33010003,4.2673826
5102,5.102,0.3325635,4.2585907
5103,5.103,0.3248568,4.2520742
5104,5.104,0.32198256,4.2501664
5105,5.105,0.32818124,4.258538
5106,5.106,0.33128095,4.2682705
5107,5.107,0.33146578,4.295376
5108,5.108,0.34087533,4.2752533
5109,5.109,0.33096135,4.2760477
5110,5.11,0.33824772,4.246946
5111,5.111,0.3391216,4.2421703
5112,5.112,0.33798513,4.2861443
5113,5.113,0.3408271,4.2377887
5114,5.114,0.32970652,4.252221
5115,5.115,0.34737712,4.2428327
5116,5.116,0.3354152,4.2721343
5117,5.117,0.33651036,4.2561364
5118,5.118,0.33912796,4.2484436
5119,5.119,0.33434525,4.2621055
5120,5.12,0.33844027,4.2663074
5121,5.121,0.3361551,4.261102
5122,5.122,0.32885203,4.26343
5123,5.123,0.34160042,4.271383
5124,5.124,0.33223245,4.2804785
5125,5.125,0.3364975,4.2635994
5126,5.126,0.32610366,4.274188
5127,5.127,0.33048096,4.271672
5128,5.128,0.34421086,4.2508655
5129,5.129,0.34465992,4.2384214
5130,5.13,0.3363176,4.221961
5131,5.131,0.3438097,4.25919
5132,5.132,0.33321548,4.243142
5133,5.133,0.3425512,4.263494
5134,5.134,0.33529165,4.255083
5135,5.135,0.32943693,4.256735
5136,5.136,0.33995852,4.2661586
5137,5.137,0.33837447,4.2805767
5138,5.138,0.34020403,4.254498
5139,5.139,0.34623754,4.2476816
5140,5.14,0.34263596,4.251835
5141,5.141,0.329578,4.257881
5142,5.142,0.3354783,4.2703786
5143,5.143,0.33191958,4.244652
5144,5.144,0.34448004,4.2405252
5145,5.145,0.35190403,4.2764473
5146,5.146,0.34450853,4.266286
5147,5.147,0.3381178,4.2500563
5148,5.148,0.34334713,4.2647085
5149,5.149,0.334104,4.2593374
5150,5.15,0.3446521,4.2550945
5151,5.151,0.34912068,4.2611256
5152,5.152,0.34013674,4.2510386
5153,5.153,0.33974272,4.2683554
5154,5.154,0.3360633,4.2444224
5155,5.155,0.31841743,4.2584605
5156,5.156,0.31659773,4.2478027
5157,5.157,0.32661995,4.2475123
5158,5.158,0.3304116,4.280909
5159,5.159,0.3386821,4.2619925
5160,5.16,0.3293187,4.2733645
5161,5.161,0.33627817,4.251121
5162,5.162,0.33468774,4.257928
5163,5.163,0.33666447,4.2458773
5164,5.164,0.3328846,4.229627
5165,5.165,0.33204487,4.2479796
5166,5.166,0.33567402,4.265784
5167,5.167,0.33757555,4.2495766
5168,5.168,0.34055072,4.231204
5169,5.169,0.34168094,4.240802
5170,5.17,0.34309176,4.264455
5171,5.171,0.3354531,4.2752123
5172,5.172,0.32654583,4.265412
5173,5.173,0.33264092,4.2868004
5174,5.174,0.33340043,4.2728105
5175,5.175,0.3344249,4.264639
5176,5.176,0.32816043,4.2681794
5177,5.177,0.340419,4.263861
5178,5.178,0.34151098,4.241976
5179,5.179,0.3403327,4.233308
5180,5.18,0.34122387,4.2281013
5181,5.181,0.343914,4.263938
5182,5.182,0.34158412,4.271837
5183,5.183,0.33676818,4.262358
5184,5.184,0.34049183,4.2354937
5185,5.185,0.3476635,4.226335
5186,5.186,0.35701445,4.2479687
5187,5.187,0.3549153,4.243663
5188,5.188,0.34918103,4.2337375
5189,5.189,0.3434978,4.2389026
5190,5.19,0.3513498,4.2533703
5191,5.191,0.3476613,4.2501063
5192,5.192,0.35651854,4.214005
5193,5.193,0.33835226,4.2059216
5194,5.194,0.35886598,4.2380376
5195,5.195,0.34182802,4.2446632
5196,5.196,0.34724507,4.2381516
5197,5.197,0.34614983,4.2472773
5198,5.198,0.33598605,4.2332554
5199,5.199,0.34292316,4.255918
5200,5.2,0.35185194,4.234375
5201,5.201,0.34562758,4.2207594
5202,5.202,0.34933516,4.227638
5203,5.203,0.34429976,4.230921
5204,5.204,0.34291086,4.246806
5205,5.205,0.35625923,4.245177
5206,5.206,0.33259735,4.2134204
5207,5.207,0.33959246,4.2367435
5208,5.208,0.32787016,4.221359
5209,5.209,0.33915997,4.2008514
5210,5.21,0.33604416,4.2486258
5211,5.211,0.33120868,4.2421637
5212,5.212,0.33412692,4.2633605
5213,5.213,0.33198398,4.256411
5214,5.214,0.3289073,4.2778397
5215,5.215,0.33294523,4.249145
5216,5.216,0.3356029,4.2671247
5217,5.217,0.3434602,4.251669
5218,5.218,0.32715225,4.2382483
5219,5.219,0.33523008,4.2241216
5220,5.22,0.334286,4.265263
5221,5.221,0.31984288,4.283876
5222,5.222,0.32584357,4.264318
5223,5.223,0.32705745,4.2480884
5224,5.224,0.32024977,4.258471
5225,5.225,0.32488436,4.2785864
5226,5.226,0.33756143,4.2772923
5227,5.227,0.33473524,4.275295
5228,5.228,0.33638006,4.2690163
5229,5.229,0.3313021,4.288569
5230,5.23,0.34039974,4.2531457
5231,5.231,0.3303967,4.279244
5232,5.232,0.33739004,4.2623997
5233,5.233,0.3195291,4.2425857
5234,5.234,0.3295236,4.2453527
5235,5.235,0.3262012,4.2497287
5236,5.236,0.33170977,4.2547956
5237,5.237,0.3382053,4.234099
5238,5.238,0.33929655,4.25668
5239,5.239,0.33197796,4.283816
5240,5.24,0.33949822,4.255572
5241,5.241,0.33730778,4.2454214
5242,5.242,0.34136215,4.236261
5243,5.243,0.33918917,4.257499
5244,5.244,0.34269997,4.2418413
5245,5.245,0.33141083,4.25789
5246,5.246,0.3247059,4.277787
5247,5.247,0.33507395,4.25734
5248,5.248,0.34004846,4.24203
5249,5.249,0.3393804,4.222716
5250,5.25,0.3407411,4.25483
5251,5.251,0.33636096,4.2570257
5252,5.252,0.33258578,4.247542
5253,5.253,0.3371853,4.2443614
5254,5.254,0.3246213,4.2489347
5255,5.255,0.3414573,4.262803
5256,5.256,0.34319702,4.26838
5257,5.257,0.34401426,4.2515564
5258,5.258,0.34018221,4.2419553
5259,5.259,0.3448898,4.248848
5260,5.26,0.34540346,4.252176
5261,5.261,0.34432605,4.2535176
5262,5.262,0.3500562,4.23045
5263,5.263,0.3444277,4.247742
5264,5.264,0.3517708,4.266807
5265,5.265,0.36001936,4.268695
5266,5.266,0.35388988,4.241998
5267,5.267,0.34392446,4.2535563
5268,5.268,0.3379374,4.26424
5269,5.269,0.33627525,4.2788115
5270,5.27,0.3508154,4.2723675
5271,5.271,0.35338873,4.257451
5272,5.272,0.34684908,4.2573423
5273,5.273,0.357526,4.2570744
5274,5.274,0.35720897,4.2690787
5275,5.275,0.35510552,4.232323
5276,5.276,0.34664395,4.2411175
5277,5.277,0.35623005,4.258864
5278,5.278,0.3622808,4.246245
5279,5.279,0.34956414,4.2597766
5280,5.28,0.3488645,4.2781916
5281,5.281,0.3592499,4.259619
5282,5.282,0.35717347,4.283429
5283,5.283,0.34845465,4.2659774
5284,5.284,0.35366005,4.2661247
5285,5.285,0.3642039,4.289523
5286,5.286,0.36801577,4.279744
5287,5.287,0.3510582,4.258916
5288,5.288,0.35906583,4.2715545
5289,5.289,0.36563626,4.278389
5290,5.29,0.352559,4.2660203
5291,5.291,0.36311066,4.278776
5292,5.292,0.37315175,4.26879
5293,5.293,0.34740654,4.269494
5294,5.294,0.34242257,4.2579365
5295,5.295,0.3419656,4.252402
5296,5.296,0.35188192,4.2640424
5297,5.297,0.3510156,4.262463
5298,5.298,0.35827166,4.261215
5299,5.299,0.34537363,4.257713
5300,5.3,0.34525344,4.2713847
5301,5.301,0.33969617,4.2726307
5302,5.302,0.34921363,4.2775316
5303,5.303,0.34586132,4.294471
5304,5.304,0.3497005,4.2951207
5305,5.305,0.34805706,4.2858715
5306,5.306,0.3418499,4.292275
5307,5.307,0.35186917,4.264595
5308,5.308,0.35721302,4.26112
5309,5.309,0.35053596,4.2709546
5310,5.31,0.34951407,4.2944875
5311,5.311,0.35090902,4.2714906
5312,5.312,0.3518216,4.277406
5313,5.313,0.3462528,4.2728786
5314,5.314,0.34747064,4.271678
5315,5.315,0.35015962,4.251342
5316,5.316,0.35332465,4.258612
5317,5.317,0.35469487,4.251943
5318,5.318,0.3485101,4.2835255
5319,5.319,0.347515,4.2738733
5320,5.32,0.36465332,4.2473507
5321,5.321,0.35952607,4.277463
5322,5.322,0.35530367,4.269694
5323,5.323,0.3459843,4.2781463
5324,5.324,0.35338062,4.2558455
5325,5.325,0.34950033,4.247029
5326,5.326,0.33956102,4.2761807
5327,5.327,0.3488368,4.2528377
5328,5.328,0.34758157,4.245761
5329,5.329,0.3659978,4.2572207
5330,5.33,0.35530958,4.260728
5331,5.331,0.3514546,4.252658
5332,5.332,0.3475822,4.2454925
5333,5.333,0.35733992,4.2769794
5334,5.334,0.3606148,4.249218
5335,5.335,0.35501868,4.263235
5336,5.336,0.35604978,4.2821126
5337,5.337,0.35502642,4.263531
5338,5.338,0.33482116,4.2589383
5339,5.339,0.34390435,4.2919936
5340,5.34,0.33696714,4.252656
5341,5.341,0.33967614,4.2742686
5342,5.342,0.34639043,4.3082504
5343,5.343,0.3410904,4.261578
5344,5.344,0.3413561,4.2679586
5345,5.345,0.33888048,4.285629
5346,5.346,0.350317,4.271073
5347,5.347,0.34404716,4.2779922
5348,5.348,0.34603152,4.2620625
5349,5.349,0.34254643,4.253529
5350,5.35,0.35073802,4.272594
5351,5.351,0.35313392,4.2793827
5352,5.352,0.33849245,4.268272
5353,5.353,0.34423578,4.2511034
5354,5.354,0.3409754,4.2706485
5355,5.355,0.34435982,4.2332535
5356,5.356,0.339177,4.2601876
5357,5.357,0.33858433,4.2757297
5358,5.358,0.34976992,4.272479
5359,5.359,0.35413286,4.273006
5360,5.36,0.34519285,4.2816944
5361,5.361,0.34298557,4.2678275
5362,5.362,0.33921784,4.2814884
5363,5.363,0.34411657,4.273174
5364,5.364,0.34432462,4.2702303
5365,5.365,0.35316396,4.261089
5366,5.366,0.33458596,4.295381
5367,5.367,0.33782262,4.2889934
5368,5.368,0.35375458,4.282905
5369,5.369,0.34053203,4.2905216
5370,5.37,0.34354436,4.2874656
5371,5.371,0.34146747,4.2801576
5372,5.372,0.34580785,4.254326
5373,5.373,0.35890234,4.2639503
5374,5.374,0.34832856,4.26349
5375,5.375,0.3648802,4.2850165
5376,5.376,0.36099038,4.265675
5377,5.377,0.35470393,4.270545
5378,5.378,0.35971436,4.287298
5379,5.379,0.35903287,4.2735047
5380,5.38,0.36355603,4.2952123
5381,5.381,0.3552291,4.2937293
5382,5.382,0.35799706,4.2781534
5383,5.383,0.35367718,4.2850556
5384,5.384,0.35247636,4.267782
5385,5.385,0.3587131,4.261738
5386,5.386,0.36094213,4.2573667
5387,5.387,0.34731302,4.235983
5388,5.388,0.34856862,4.275536
5389,5.389,0.35485724,4.266963
5390,5.39,0.35023922,4.2756248
5391,5.391,0.34971064,4.282473
5392,5.392,0.3479835,4.292786
5393,5.393,0.342704,4.29902
5394,5.394,0.34568238,4.2691903
5395,5.395,0.34509167,4.2717576
5396,5.396,0.340172,4.270513
5397,5.397,0.34249488,4.2631874
5398,5.398,0.34544256,4.2716684
5399,5.399,0.35005426,4.3086143
5400,5.4,0.34492135,4.2606635
5401,5.401,0.34162772,4.2682543
5402,5.402,0.3494806,4.2803593
5403,5.403,0.3591372,4.298685
5404,5.404,0.3508185,4.293077
5405,5.405,0.35581607,4.2715645
5406,5.406,0.36522865,4.301253
5407,5.407,0.3435056,4.3054657
5408,5.408,0.34786335,4.2990303
5409,5.409,0.3461276,4.291547
5410,5.41,0.34589207,4.2790084
5411,5.411,0.3380481,4.2976646
5412,5.412,0.33971012,4.2846665
5413,5.413,0.34293535,4.30041
5414,5.414,0.33825698,4.2751822
5415,5.415,0.3435406,4.2924266
5416,5.416,0.33830664,4.293899
5417,5.417,0.35277516,4.275751
5418,5.418,0.33628786,4.2909575
5419,5.419,0.34967288,4.286852
5420,5.42,0.33913124,4.2840724
5421,5.421,0.35581154,4.2659206
5422,5.422,0.3412366,4.2707653
5423,5.423,0.34901878,4.275235
5424,5.424,0.33958492,4.2818446
5425,5.425,0.34555858,4.269441
5426,5.426,0.34451663,4.306998
5427,5.427,0.34162816,4.293322
5428,5.428,0.34071347,4.3041835
5429,5.429,0.33438572,4.268228
5430,5.43,0.33560014,4.284364
5431,5.431,0.3336183,4.293249
5432,5.432,0.33419645,4.293811
5433,5.433,0.3383774,4.3053675
5434,5.434,0.341409,4.283327
5435,5.435,0.34888583,4.2971115
5436,5.436,0.34834367,4.301557
5437,5.437,0.3402901,4.2638583
5438,5.438,0.33482364,4.2936893
5439,5.439,0.34284735,4.2877264
5440,5.44,0.33292997,4.265444
5441,5.441,0.33566377,4.2679105
5442,5.442,0.34839275,4.268741
5443,5.443,0.33384112,4.282184
5444,5.444,0.34589252,4.300701
5445,5.445,0.3488795,4.295651
5446,5.446,0.35065538,4.277825
5447,5.447,0.35371196,4.2988253
5448,5.448,0.35126862,4.2669454
5449,5.449,0.33721504,4.27943
5450,5.45,0.3507173,4.2646422
5451,5.451,0.33154985,4.2855663
5452,5.452,0.3388981,4.266989
5453,5.453,0.34999678,4.271671
5454,5.454,0.352578,4.274216
5455,5.455,0.34527376,4.293617
5456,5.456,0.3538392,4.268602
5457,5.457,0.35360333,4.2624083
5458,5.458,0.3553099,4.2776504
5459,5.459,0.35685852,4.257798
5460,5.46,0.34500653,4.2864747
5461,5.461,0.3472796,4.262327
5462,5.462,0.35989347,4.2590556
5463,5.463,0.3479377,4.272981
5464,5.464,0.34645763,4.274666
5465,5.465,0.36216578,4.2806354
5466,5.466,0.3403153,4.2589808
5467,5.467,0.34518644,4.2651668
5468,5.468,0.33795545,4.2833104
5469,5.469,0.3430098,4.2993536
5470,5.47,0.3449994,4.248698
5471,5.471,0.33646464,4.2511954
5472,5.472,0.33494252,4.255162
5473,5.473,0.33958974,4.282717
5474,5.474,0.3410381,4.2930875
5475,5.475,0.34458414,4.2979307
5476,5.476,0.3478398,4.2961164
5477,5.477,0.35327753,4.27513
5478,5.478,0.3532934,4.2869377
5479,5.479,0.35673374,4.303687
5480,5.48,0.3530421,4.306508
5481,5.481,0.35816905,4.305876
5482,5.482,0.35948455,4.2787776
5483,5.483,0.3615654,4.2794585
5484,5.484,0.35820556,4.2982717
5485,5.485,0.35082352,4.2758245
5486,5.486,0.35087517,4.2846174
5487,5.487,0.34886467,4.263531
5488,5.488,0.35781682,4.265682
5489,5.489,0.35608372,4.281286
5490,5.49,0.35450605,4.268422
5491,5.491,0.33818576,4.300387
5492,5.492,0.3416323,4.2850323
5493,5.493,0.3427507,4.265057
5494,5.494,0.3434798,4.2803154
5495,5.495,0.33412296,4.2858686
5496,5.496,0.3399775,4.2805467
5497,5.497,0.3482374,4.2919593
5498,5.498,0.3523215,4.3062625
5499,5.499,0.3355845,4.310378
5500,5.5,0.34576595,4.268339
5501,5.501,0.33863884,4.275387
5502,5.502,0.34554228,4.2637763
5503,5.503,0.34893283,4.2658215
5504,5.504,0.3485302,4.280206
5505,5.505,0.3256889,4.2639084
5506,5.506,0.33930072,4.2681203
5507,5.507,0.3389965,4.27779
5508,5.508,0.3487201,4.2783904
5509,5.509,0.33893088,4.261143
5510,5.51,0.34140387,4.2605357
5511,5.511,0.34365538,4.2574086
5512,5.512,0.34946337,4.264931
5513,5.513,0.34934196,4.2424407
5514,5.514,0.35131338,4.2626004
5515,5.515,0.35233766,4.2744517
5516,5.516,0.33976072,4.2861104
5517,5.517,0.33999136,4.2792277
5518,5.518,0.34404778,4.280496
5519,5.519,0.34090656,4.260352
5520,5.52,0.33661428,4.29848
5521,5.521,0.34804282,4.2956076
5522,5.522,0.3400794,4.2881627
5523,5.523,0.3407234,4.285161
5524,5.524,0.34369496,4.2681503
5525,5.525,0.33623415,4.287131
5526,5.526,0.34256566,4.246322
5527,5.527,0.3427269,4.2989736
5528,5.528,0.32725558,4.2552133
5529,5.529,0.3366195,4.2585955
5530,5.53,0.3399319,4.3053255
5531,5.531,0.33917722,4.312731
5532,5.532,0.33518702,4.2852864
5533,5.533,0.33798128,4.2717047
5534,5.534,0.33154112,4.272279
5535,5.535,0.32693553,4.2548523
5536,5.536,0.34105983,4.2686687
5537,5.537,0.33183506,4.27417
5538,5.538,0.33397865,4.271432
5539,5.539,0.338139,4.282851
5540,5.54,0.34022257,4.2706494
5541,5.541,0.34274924,4.2615266
5542,5.542,0.3364451,4.284933
5543,5.543,0.34075862,4.3172665
5544,5.544,0.34202936,4.2797575
5545,5.545,0.32477117,4.2633724
5546,5.546,0.33900064,4.2481556
5547,5.547,0.32969934,4.2734833
5548,5.548,0.34335116,4.266688
5549,5.549,0.33755267,4.2797275
5550,5.55,0.35252523,4.285512
5551,5.551,0.34710985,4.2691474
5552,5.552,0.3396189,4.296608
5553,5.553,0.3415773,4.2907486
5554,5.554,0.33368286,4.30294
5555,5.555,0.34118202,4.296705
5556,5.556,0.33366707,4.2740154
5557,5.557,0.3425086,4.286895
5558,5.558,0.3406314,4.294807
5559,5.559,0.33019283,4.2777853
5560,5.56,0.32384098,4.2401447
5561,5.561,0.3393881,4.26792
5562,5.562,0.33842137,4.282775
5563,5.563,0.32776037,4.2576714
5564,5.564,0.333969,4.281927
5565,5.565,0.33792296,4.270428
5566,5.566,0.3359212,4.2928123
5567,5.567,0.3266482,4.280793
5568,5.568,0.33370757,4.303767
5569,5.569,0.33196342,4.280455
5570,5.57,0.3332414,4.265011
5571,5.571,0.3309129,4.2802854
5572,5.572,0.33859923,4.27629
5573,5.573,0.34133384,4.2969155
5574,5.574,0.341107,4.2758975
5575,5.575,0.33390895,4.278616
5576,5.576,0.33453962,4.279171
5577,5.577,0.3432974,4.2669053
5578,5.578,0.34867725,4.278171
5579,5.579,0.33012855,4.283549
5580,5.58,0.33353218,4.2600303
5581,5.581,0.33175856,4.2527313
5582,5.582,0.33388305,4.2738013
5583,5.583,0.3326838,4.271111
5584,5.584,0.33742735,4.2820816
5585,5.585,0.33825335,4.2669706
5586,5.586,0.33415464,4.254616
5587,5.587,0.32957837,4.253919
5588,5.588,0.34156892,4.2618217
5589,5.589,0.34950605,4.280102
5590,5.59,0.35325828,4.3019648
5591,5.591,0.35172147,4.2588215
5592,5.592,0.36478996,4.2970405
5593,5.593,0.34847018,4.2908263
5594,5.594,0.36133784,4.282458
5595,5.595,0.3585527,4.27756
5596,5.596,0.35822615,4.2941737
5597,5.597,0.360271,4.275958
5598,5.598,0.35669488,4.2748094
5599,5.599,0.36496568,4.269861
5600,5.6,0.35119557,4.2549276
5601,5.601,0.33941957,4.256661
5602,5.602,0.34909713,4.2784786
5603,5.603,0.3515191,4.2783713
5604,5.604,0.34796795,4.2573013
5605,5.605,0.35747644,4.270585
5606,5.606,0.35259634,4.272261
5607,5.607,0.35702083,4.260676
5608,5.608,0.35338166,4.246447
5609,5.609,0.35358244,4.2432356
5610,5.61,0.34707952,4.2486196
5611,5.611,0.34764686,4.246196
5612,5.612,0.3535278,4.2526226
5613,5.613,0.35188287,4.277409
5614,5.614,0.35535243,4.2615232
5615,5.615,0.35276443,4.29528
5616,5.616,0.3484762,4.2670064
5617,5.617,0.35408482,4.255013
5618,5.618,0.34667912,4.2397165
5619,5.619,0.35301438,4.2388244
5620,5.62,0.35077512,4.2197046
5621,5.621,0.36089432,4.2536006
5622,5.622,0.3645783,4.2327785
5623,5.623,0.37017965,4.2824845
5624,5.624,0.37130716,4.2892427
5625,5.625,0.36031267,4.2772703
5626,5.626,0.3577375,4.28483
5627,5.627,0.36584225,4.268013
5628,5.628,0.36793458,4.2789593
5629,5.629,0.36343384,4.2820177
5630,5.63,0.36054364,4.282118
5631,5.631,0.37112194,4.2956967
5632,5.632,0.3606502,4.273264
5633,5.633,0.35362813,4.2777157
5634,5.634,0.33995172,4.260509
5635,5.635,0.3594624,4.2680607
5636,5.636,0.37174037,4.3058934
5637,5.637,0.3535687,4.2591553
5638,5.638,0.36032224,4.2443576
5639,5.639,0.36172143,4.255381
5640,5.64,0.35078916,4.2543054
5641,5.641,0.3643559,4.246758
5642,5.642,0.35567296,4.295227
5643,5.643,0.35641867,4.274936
5644,5.644,0.3687981,4.27909
5645,5.645,0.35830304,4.2730145
5646,5.646,0.3539622,4.2514586
5647,5.647,0.3562562,4.2818456
5648,5.648,0.36523387,4.276316
5649,5.649,0.36388168,4.285232
5650,5.65,0.36776328,4.2794056
5651,5.651,0.37340757,4.265671
5652,5.652,0.36588648,4.2846427
5653,5.653,0.3601136,4.2465315
5654,5.654,0.34564945,4.257047
5655,5.655,0.34598553,4.2699504
5656,5.656,0.33890972,4.248947
5657,5.657,0.3395429,4.2759123
5658,5.658,0.35448155,4.264419
5659,5.659,0.34903616,4.274029
5660,5.66,0.33412185,4.2698145
5661,5.661,0.33855706,4.2647395
5662,5.662,0.3498503,4.274714
5663,5.663,0.35242704,4.256596
5664,5.664,0.35459167,4.2752914
5665,5.665,0.3527265,4.284202
5666,5.666,0.36473462,4.2880116
5667,5.667,0.3594862,4.2685447
5668,5.668,0.3604722,4.2465763
5669,5.669,0.3479269,4.260309
5670,5.67,0.36024982,4.292384
5671,5.671,0.35031,4.2867827
5672,5.672,0.35597432,4.2982883
5673,5.673,0.34690636,4.2531013
5674,5.674,0.3545297,4.2765656
5675,5.675,0.35239083,4.2876043
5676,5.676,0.35550016,4.329461
5677,5.677,0.35379842,4.2791524
5678,5.678,0.35233486,4.2753367
5679,5.679,0.36516917,4.2967563
5680,5.68,0.35091078,4.2871814
5681,5.681,0.36494264,4.2930884
5682,5.682,0.35171437,4.289395
5683,5.683,0.3561379,4.292791
5684,5.684,0.34744212,4.256957
5685,5.685,0.34682035,4.2680936
5686,5.686,0.35410768,4.280507
5687,5.687,0.34185743,4.2630053
5688,5.688,0.34494135,4.287549
5689,5.689,0.34608245,4.2667713
5690,5.69,0.34553364,4.251423
5691,5.691,0.34791514,4.2642965
5692,5.692,0.35265872,4.2761517
5693,5.693,0.36340782,4.2630644
5694,5.694,0.36107686,4.2842293
5695,5.695,0.34224087,4.264183
5696,5.696,0.3548236,4.2926464
5697,5.697,0.35044932,4.29778
5698,5.698,0.3481675,4.2934628
5699,5.699,0.33979696,4.3028274
5700,5.7,0.34624082,4.2779093
5701,5.701,0.34962916,4.252335
5702,5.702,0.34555003,4.269282
5703,5.703,0.34908313,4.2937465
5704,5.704,0.34666872,4.285654
5705,5.705,0.3409956,4.2808156
5706,5.706,0.34300846,4.2938786
5707,5.707,0.3495654,4.2864175
5708,5.708,0.34705293,4.2886024
5709,5.709,0.35135907,4.302266
5710,5.71,0.34536862,4.29075
5711,5.711,0.34930742,4.2942533
5712,5.712,0.34561342,4.2664986
5713,5.713,0.35993886,4.2775974
5714,5.714,0.34081647,4.3039103
5715,5.715,0.3483117,4.275846
5716,5.716,0.33973202,4.2649364
5717,5.717,0.3383982,4.248488
5718,5.718,0.35148278,4.2770104
5719,5.719,0.3452563,4.3033857
5720,5.72,0.33369106,4.3068366
5721,5.721,0.34920165,4.292214
5722,5.722,0.35459062,4.3118334
5723,5.723,0.34553704,4.3003607
5724,5.724,0.32854384,4.2851896
5725,5.725,0.3364129,4.2799745
5726,5.726,0.3548216,4.2776017
5727,5.727,0.3434595,4.2793064
5728,5.728,0.34030855,4.263044
5729,5.729,0.35264957,4.278245
5730,5.73,0.35111585,4.255601
5731,5.731,0.35997218,4.2633677
5732,5.732,0.35343635,4.2937818
5733,5.733,0.35475814,4.268226
5734,5.734,0.35773918,4.2813854
5735,5.735,0.3524101,4.2839756
5736,5.736,0.35318747,4.243345
5737,5.737,0.3514216,4.2602077
5738,5.738,0.35109842,4.2695007
5739,5.739,0.34299833,4.26041
5740,5.74,0.34851962,4.257042
5741,5.741,0.3581401,4.2946568
5742,5.742,0.34690958,4.2896123
5743,5.743,0.33801115,4.282961
5744,5.744,0.34093326,4.2526546
5745,5.745,0.34042695,4.2534485
5746,5.746,0.36634234,4.2699122
5747,5.747,0.34022453,4.3014607
5748,5.748,0.33953717,4.264878
5749,5.749,0.34707874,4.2759438
5750,5.75,0.34273508,4.2592497
5751,5.751,0.3461475,4.3162303
5752,5.752,0.34449852,4.296574
5753,5.753,0.34916887,4.27621
5754,5.754,0.34686825,4.2887864
5755,5.755,0.3303914,4.3125052
5756,5.756,0.3366153,4.281694
5757,5.757,0.3518118,4.3221354
5758,5.758,0.3459347,4.2902503
5759,5.759,0.34051955,4.266657
5760,5.76,0.3452824,4.2565894
5761,5.761,0.35457796,4.2920055
5762,5.762,0.34881175,4.277088
5763,5.763,0.33702347,4.2880197
5764,5.764,0.34173784,4.3003216
5765,5.765,0.3397342,4.2665215
5766,5.766,0.33658257,4.2964063
5767,5.767,0.33995762,4.2939367
5768,5.768,0.34357393,4.2736735
5769,5.769,0.34762838,4.2780704
5770,5.77,0.34518358,4.2611227
5771,5.771,0.34647354,4.2765837
5772,5.772,0.3505027,4.268309
5773,5.773,0.35206714,4.3136463
5774,5.774,0.34112126,4.2911606
5775,5.775,0.3435492,4.293745
5776,5.776,0.34263507,4.309481
5777,5.777,0.34625414,4.276914
5778,5.778,0.34591147,4.311593
5779,5.779,0.3412894,4.3111086
5780,5.78,0.34497353,4.2772117
5781,5.781,0.34596625,4.277757
5782,5.782,0.35665208,4.27414
5783,5.783,0.3510743,4.2769175
5784,5.784,0.34179625,4.275396
5785,5.785,0.34499332,4.2786613
5786,5.786,0.33994323,4.2346725
5787,5.787,0.34882227,4.294974
5788,5.788,0.35439998,4.267674
5789,5.789,0.34398216,4.297661
5790,5.79,0.35000584,4.2811446
5791,5.791,0.3287039,4.28774
5792,5.792,0.3345145,4.2710767
5793,5.793,0.34950897,4.2683563
5794,5.794,0.35041738,4.278408
5795,5.795,0.3488161,4.2766976
5796,5.796,0.34262007,4.305619
5797,5.797,0.35397115,4.278546
5798,5.798,0.3583074,4.2813535
5799,5.799,0.35117525,4.2961783
5800,5.8,0.3531793,4.284229
5801,5.801,0.35895768,4.298217
5802,5.802,0.3539124,4.2800684
5803,5.803,0.35365728,4.296217
5804,5.804,0.35184583,4.290979
5805,5.805,0.35152513,4.3254743
5806,5.806,0.35392362,4.307588
5807,5.807,0.35373467,4.2759876
5808,5.808,0.35447496,4.2724853
5809,5.809,0.3685587,4.3043504
5810,5.81,0.3639427,4.3029246
5811,5.811,0.36946735,4.298152
5812,5.812,0.37320665,4.2747793
5813,5.813,0.37795454,4.295319
5814,5.814,0.36853093,4.2769065
5815,5.815,0.36377546,4.3015304
5816,5.816,0.3522629,4.256567
5817,5.817,0.35848507,4.310385
5818,5.818,0.35383937,4.2622924
5819,5.819,0.35848808,4.2582216
5820,5.82,0.364287,4.27018
5821,5.821,0.36265898,4.282915
5822,5.822,0.3612797,4.282323
5823,5.823,0.35401112,4.2581196
5824,5.824,0.36178827,4.3024807
5825,5.825,0.37499368,4.2767735
5826,5.826,0.3678502,4.295402
5827,5.827,0.36803383,4.26306
5828,5.828,0.37139723,4.269439
5829,5.829,0.35761523,4.2547126
5830,5.83,0.34985954,4.247687
5831,5.831,0.36443374,4.290424
5832,5.832,0.35316205,4.2729726
5833,5.833,0.35639763,4.2828865
5834,5.834,0.34119502,4.266519
5835,5.835,0.35490176,4.2976203
5836,5.836,0.34923238,4.299724
5837,5.837,0.3530481,4.2745447
5838,5.838,0.35313156,4.301824
5839,5.839,0.36078733,4.3107157
5840,5.84,0.34250376,4.3156514
5841,5.841,0.3515913,4.279088
5842,5.842,0.3406338,4.2746773
5843,5.843,0.337404,4.2924685
5844,5.844,0.34213486,4.265968
5845,5.845,0.35276634,4.272796
5846,5.846,0.35681698,4.234162
5847,5.847,0.35522816,4.2786207
5848,5.848,0.34703565,4.285032
5849,5.849,0.33797902,4.2519903
5850,5.85,0.35271376,4.2591057
5851,5.851,0.3407233,4.2598104
5852,5.852,0.3610462,4.2855253
5853,5.853,0.35499918,4.2370677
5854,5.854,0.3640988,4.2798176
5855,5.855,0.37032935,4.282706
5856,5.856,0.3630714,4.2396145
5857,5.857,0.35960844,4.263714
5858,5.858,0.36675325,4.285377
5859,5.859,0.36780104,4.2848487
5860,5.86,0.367627,4.29004
5861,5.861,0.3577678,4.261126
5862,5.862,0.36035228,4.2620077
5863,5.863,0.36424392,4.26906
5864,5.864,0.3477802,4.26164
5865,5.865,0.35617745,4.2678847
5866,5.866,0.34703484,4.2736177
5867,5.867,0.35269117,4.2844467
5868,5.868,0.35236192,4.266748
5869,5.869,0.36557433,4.223589
5870,5.87,0.35513237,4.2821774
5871,5.871,0.35572377,4.268844
5872,5.872,0.3490439,4.3081627
5873,5.873,0.34825075,4.28402
5874,5.874,0.34516227,4.272963
5875,5.875,0.35294673,4.239204
5876,5.876,0.34895277,4.275701
5877,5.877,0.3514066,4.2731385
5878,5.878,0.35091805,4.288573
5879,5.879,0.35840198,4.309684
5880,5.88,0.35106686,4.247325
5881,5.881,0.35698783,4.245858
5882,5.882,0.35577464,4.3118296
5883,5.883,0.34382105,4.2653084
5884,5.884,0.3352184,4.2896624
5885,5.885,0.3344446,4.2962728
5886,5.886,0.3487525,4.273187
5887,5.887,0.35408995,4.2791505
5888,5.888,0.35128492,4.251885
5889,5.889,0.35076144,4.264511
5890,5.89,0.3443397,4.2637725
5891,5.891,0.34536934,4.258894
5892,5.892,0.33328894,4.2662344
5893,5.893,0.34816238,4.292106
5894,5.894,0.33641684,4.2766657
5895,5.895,0.3395759,4.262395
5896,5.896,0.33753362,4.276086
5897,5.897,0.34568346,4.2831244
5898,5.898,0.33662975,4.2720623
5899,5.899,0.33749107,4.3088107
5900,5.9,0.3429586,4.279437
5901,5.901,0.35408813,4.2767243
5902,5.902,0.3541802,4.2728095
5903,5.903,0.36551568,4.2632627
5904,5.904,0.3512426,4.2742224
5905,5.905,0.34533638,4.29693
5906,5.906,0.35707095,4.2761717
5907,5.907,0.35955182,4.25071
5908,5.908,0.34775198,4.2588053
5909,5.909,0.3526225,4.2812576
5910,5.91,0.3491945,4.2587514
5911,5.911,0.33962417,4.2725654
5912,5.912,0.35236025,4.278983
5913,5.913,0.34064212,4.2351832
5914,5.914,0.35201278,4.2616997
5915,5.915,0.3623312,4.283396
5916,5.916,0.35969254,4.2704306
5917,5.917,0.3460838,4.280942
5918,5.918,0.33540595,4.2531385
5919,5.919,0.34315237,4.2611413
5920,5.92,0.34138763,4.2679486
5921,5.921,0.34611818,4.2839365
5922,5.922,0.35097504,4.27349
5923,5.923,0.35762832,4.2834444
5924,5.924,0.3585347,4.291951
5925,5.925,0.3519711,4.292316
5926,5.926,0.34994537,4.2815104
5927,5.927,0.36073974,4.2694645
5928,5.928,0.34543678,4.3040833
5929,5.929,0.35207325,4.291582
5930,5.93,0.35136896,4.247557
5931,5.931,0.36342248,4.245437
5932,5.932,0.35004327,4.273276
5933,5.933,0.3512067,4.2620273
5934,5.934,0.35867897,4.281817
5935,5.935,0.36112416,4.250782
5936,5.936,0.35845914,4.289508
5937,5.937,0.35242644,4.269703
5938,5.938,0.35832867,4.26578
5939,5.939,0.34043562,4.241677
5940,5.94,0.34932125,4.279754
5941,5.941,0.35246342,4.269566
5942,5.942,0.33918273,4.270192
5943,5.943,0.35380495,4.270408
5944,5.944,0.3361389,4.245383
5945,5.945,0.34582743,4.2660913
5946,5.946,0.33773527,4.245073
5947,5.947,0.3457058,4.2612457
5948,5.948,0.3434009,4.2614865
5949,5.949,0.34371546,4.2822905
5950,5.95,0.33530366,4.271156
5951,5.951,0.33985117,4.272086
5952,5.952,0.33826235,4.2654047
5953,5.953,0.339714,4.2805576
5954,5.954,0.3376846,4.2773776
5955,5.955,0.35239473,4.274607
5956,5.956,0.35295048,4.266541
5957,5.957,0.35774285,4.2925835
5958,5.958,0.35100448,4.2745786
5959,5.959,0.36388353,4.2636595
5960,5.96,0.35257402,4.2888722
5961,5.961,0.35432392,4.2949967
5962,5.962,0.35073048,4.2434325
5963,5.963,0.33710253,4.2900567
5964,5.964,0.34831205,4.265808
5965,5.965,0.3487397,4.2548323
5966,5.966,0.3527518,4.2551165
5967,5.967,0.355193,4.2524333
5968,5.968,0.35925487,4.2389297
5969,5.969,0.35544443,4.2621202
5970,5.97,0.3618824,4.2671037
5971,5.971,0.3718352,4.274345
5972,5.972,0.3566621,4.2612667
5973,5.973,0.3545475,4.2638226
5974,5.974,0.3546131,4.252827
5975,5.975,0.35310832,4.27165
5976,5.976,0.35750663,4.2619677
5977,5.977,0.34850302,4.2698116
5978,5.978,0.34887692,4.276248
5979,5.979,0.35817343,4.2568994
5980,5.98,0.36162513,4.2748566
5981,5.981,0.34720945,4.2792997
5982,5.982,0.3572062,4.2489123
5983,5.983,0.34181038,4.2541347
5984,5.984,0.34864908,4.2835355
5985,5.985,0.33661237,4.2592955
5986,5.986,0.35442305,4.242413
5987,5.987,0.34105423,4.28071
5988,5.988,0.3448237,4.2543106
5989,5.989,0.3465103,4.2789874
5990,5.99,0.34102365,4.279561
5991,5.991,0.3454365,4.2887473
5992,5.992,0.34405395,4.2878976
5993,5.993,0.34578642,4.299436
5994,5.994,0.35247156,4.2962866
5995,5.995,0.35310125,4.2991633
5996,5.996,0.34861502,4.3052845
5997,5.997,0.35325587,4.282768
5998,5.998,0.34990904,4.2909656
5999,5.999,0.3519898,4.3184566
6000,6.0,0.34807208,4.2964797
6001,6.001,0.3534374,4.284644
6002,6.002,0.36196476,4.2997656
6003,6.003,0.3612285,4.2671175
6004,6.004,0.3402882,4.2805243
6005,6.005,0.34874737,4.2607746
6006,6.006,0.35199338,4.312986
6007,6.007,0.35337645,4.306499
6008,6.008,0.3468327,4.301598
6009,6.009,0.34199455,4.275078
6010,6.01,0.34128833,4.256818
6011,6.011,0.35082456,4.2843866
6012,6.012,0.34220588,4.2649503
6013,6.013,0.33800042,4.276232
6014,6.014,0.34084454,4.2002645
6015,6.015,0.3397688,4.2704334
6016,6.016,0.33479756,4.2582784
6017,6.017,0.33847183,4.2136416
6018,6.018,0.3476842,4.2567005
6019,6.019,0.3295892,4.277006
6020,6.02,0.32755464,4.2758665
6021,6.021,0.33202338,4.2960534
6022,6.022,0.33795872,4.263569
6023,6.023,0.31790468,4.2386603
6024,6.024,0.3234096,4.2394114
6025,6.025,0.33470842,4.2301426
6026,6.026,0.341175,4.2838254
6027,6.027,0.32961917,4.275992
6028,6.028,0.32977366,4.271518
6029,6.029,0.33047166,4.2688246
6030,6.03,0.33528954,4.287523
6031,6.031,0.34598127,4.2887917
6032,6.032,0.3350192,4.2867446
6033,6.033,0.33506888,4.269787
6034,6.034,0.34736836,4.283766
6035,6.035,0.3204959,4.308219
6036,6.036,0.33107704,4.3131065
6037,6.037,0.33006954,4.312186
6038,6.038,0.3288829,4.305746
6039,6.039,0.3345697,4.2666497
6040,6.04,0.33777478,4.3131695
6041,6.041,0.33302966,4.307492
6042,6.042,0.31686464,4.2981195
6043,6.043,0.3261697,4.3094025
6044,6.044,0.32227996,4.3288136
6045,6.045,0.31586626,4.3308606
6046,6.046,0.31912386,4.3181868
6047,6.047,0.31195,4.3125424
6048,6.048,0.33130276,4.2616844
6049,6.049,0.3194847,4.286792
6050,6.05,0.32864925,4.2331605
6051,6.051,0.32801023,4.268097
6052,6.052,0.32935858,4.2650213
6053,6.053,0.3139818,4.250965
6054,6.054,0.32775456,4.262417
6055,6.055,0.32918546,4.2929273
6056,6.056,0.33646905,4.2429247
6057,6.057,0.33506602,4.269624
6058,6.058,0.31266958,4.2881722
6059,6.059,0.31150413,4.2741675
6060,6.06,0.3400782,4.2702117
6061,6.061,0.3264414,4.3056335
6062,6.062,0.3335451,4.30026
6063,6.063,0.33739161,4.3135815
6064,6.064,0.3409653,4.305142
6065,6.065,0.34559357,4.2971754
6066,6.066,0.33328128,4.314998
6067,6.067,0.33330768,4.3217597
6068,6.068,0.33370396,4.3186455
6069,6.069,0.3410251,4.2938437
6070,6.07,0.3328983,4.267036
6071,6.071,0.32897866,4.2706294
6072,6.072,0.32644463,4.282404
6073,6.073,0.31774905,4.2431664
6074,6.074,0.30896527,4.2646804
6075,6.075,0.3182379,4.2501574
6076,6.076,0.30588445,4.2756295
6077,6.077,0.3200274,4.2739534
6078,6.078,0.30769384,4.271667
6079,6.079,0.31573886,4.263754
6080,6.08,0.32514286,4.2798214
6081,6.081,0.32436258,4.3219466
6082,6.082,0.31871632,4.2852535
6083,6.083,0.31840354,4.261208
6084,6.084,0.325457,4.2648664
6085,6.085,0.31600863,4.2806153
6086,6.086,0.32875293,4.271978
6087,6.087,0.32780784,4.2355494
6088,6.088,0.33353606,4.2649007
6089,6.089,0.3239181,4.307441
6090,6.09,0.32783872,4.2820644
6091,6.091,0.33218586,4.2860518
6092,6.092,0.3362692,4.2567554
6093,6.093,0.31964236,4.262553
6094,6.094,0.3164043,4.2956333
6095,6.095,0.3258801,4.2539377
6096,6.096,0.3159096,4.255005
6097,6.097,0.32192972,4.28825
6098,6.098,0.32971314,4.2874265
6099,6.099,0.33378848,4.248721
6100,6.1,0.33758304,4.276621
6101,6.101,0.3263777,4.2645545
6102,6.102,0.3396267,4.290035
6103,6.103,0.33725873,4.2783923
6104,6.104,0.33380002,4.258709
6105,6.105,0.34127373,4.275349
6106,6.106,0.33290195,4.2620745
6107,6.107,0.34017318,4.239463
6108,6.108,0.3393457,4.2252164
6109,6.109,0.3411473,4.2632213
6110,6.11,0.3381217,4.2668147
6111,6.111,0.33390808,4.2486744
6112,6.112,0.3462211,4.228564
6113,6.113,0.33747,4.2205324
6114,6.114,0.3322656,4.2546463
6115,6.115,0.32805926,4.2077665
6116,6.116,0.3299035,4.264762
6117,6.117,0.32487553,4.219358
6118,6.118,0.3354682,4.206723
6119,6.119,0.335591,4.221102
6120,6.12,0.33154494,4.2216563
6121,6.121,0.3250821,4.2057805
6122,6.122,0.32330856,4.2056813
6123,6.123,0.34220228,4.297189
6124,6.124,0.32987338,4.273323
6125,6.125,0.32137585,4.264945
6126,6.126,0.32985827,4.2597737
6127,6.127,0.3221817,4.262904
6128,6.128,0.31319493,4.255614
6129,6.129,0.32033795,4.310488
6130,6.13,0.32921377,4.254829
6131,6.131,0.33031094,4.2594395
6132,6.132,0.33047184,4.2460275
6133,6.133,0.32709938,4.2911963
6134,6.134,0.3381018,4.2693367
6135,6.135,0.33116335,4.2690206
6136,6.136,0.32046708,4.2574835
6137,6.137,0.32883537,4.2652907
6138,6.138,0.32146582,4.250612
6139,6.139,0.3342154,4.2506514
6140,6.14,0.32334775,4.257604
6141,6.141,0.32752123,4.2598896
6142,6.142,0.33494133,4.2799373
6143,6.143,0.32766867,4.284207
6144,6.144,0.33053023,4.2942357
6145,6.145,0.33400843,4.3139143
6146,6.146,0.33975312,4.2625785
6147,6.147,0.34772977,4.288869
6148,6.148,0.33402804,4.282526
6149,6.149,0.34972674,4.273808
6150,6.15,0.34002683,4.30819
6151,6.151,0.33204737,4.2997108
6152,6.152,0.3556245,4.285944
6153,6.153,0.34564528,4.228663
6154,6.154,0.33369106,4.2404237
6155,6.155,0.34764385,4.223634
6156,6.156,0.3493608,4.2314415
6157,6.157,0.34164897,4.290571
6158,6.158,0.33203244,4.2363734
6159,6.159,0.3423053,4.252496
6160,6.16,0.3404499,4.2456946
6161,6.161,0.34259537,4.25242
6162,6.162,0.3377126,4.2750244
6163,6.163,0.33750772,4.289582
6164,6.164,0.34418538,4.250856
6165,6.165,0.3411944,4.2252088
6166,6.166,0.3382967,4.268165
6167,6.167,0.3523668,4.2720366
6168,6.168,0.33775905,4.2918644
6169,6.169,0.3308402,4.2311263
6170,6.17,0.3454406,4.282488
6171,6.171,0.33868352,4.2295527
6172,6.172,0.34320787,4.2864995
6173,6.173,0.34394073,4.260605
6174,6.174,0.35968998,4.284164
6175,6.175,0.34319845,4.269773
6176,6.176,0.34755784,4.2541637
6177,6.177,0.34650683,4.2803116
6178,6.178,0.35520443,4.2491775
6179,6.179,0.347265,4.269865
6180,6.18,0.35593155,4.2344227
6181,6.181,0.34505183,4.2465186
6182,6.182,0.34467518,4.2790627
6183,6.183,0.34890154,4.249397
6184,6.184,0.35772085,4.257989
6185,6.185,0.34275338,4.2462583
6186,6.186,0.33765483,4.262427
6187,6.187,0.3503761,4.2848797
6188,6.188,0.36090285,4.282362
6189,6.189,0.35516068,4.288448
6190,6.19,0.356775,4.282359
6191,6.191,0.33647543,4.301639
6192,6.192,0.34487534,4.298965
6193,6.193,0.35312748,4.260334
6194,6.194,0.36637208,4.2657847
6195,6.195,0.35384172,4.2573576
6196,6.196,0.34283862,4.2957435
6197,6.197,0.3633777,4.286139
6198,6.198,0.35618833,4.2832985
6199,6.199,0.36488253,4.2742996
6200,6.2,0.34987986,4.27373
6201,6.201,0.35302004,4.254077
6202,6.202,0.34550792,4.2736945
6203,6.203,0.34970158,4.294576
6204,6.204,0.34794983,4.3142633
6205,6.205,0.36586952,4.316989
6206,6.206,0.3611256,4.303678
6207,6.207,0.36060268,4.304236
6208,6.208,0.35844836,4.3041277
6209,6.209,0.35527208,4.2870584
6210,6.21,0.35776788,4.292022
6211,6.211,0.35606107,4.320491
6212,6.212,0.35925254,4.2960906
6213,6.213,0.35351083,4.3283105
6214,6.214,0.35677207,4.2793574
6215,6.215,0.35285783,4.302965
6216,6.216,0.34809902,4.2840204
6217,6.217,0.34685105,4.2743015
6218,6.218,0.35233703,4.3111887
6219,6.219,0.34186706,4.256914
6220,6.22,0.3476566,4.277143
6221,6.221,0.3505971,4.2810535
6222,6.222,0.34848952,4.2829037
6223,6.223,0.34738997,4.289786
6224,6.224,0.35764396,4.3007326
6225,6.225,0.3571172,4.316173
6226,6.226,0.35688284,4.3116345
6227,6.227,0.36955425,4.288695
6228,6.228,0.37056795,4.3170557
6229,6.229,0.36665207,4.283759
6230,6.23,0.37714317,4.290627
6231,6.231,0.37696224,4.302674
6232,6.232,0.37023598,4.2892528
6233,6.233,0.37564105,4.3007474
6234,6.234,0.36984932,4.306568
6235,6.235,0.37899822,4.306977
6236,6.236,0.36220783,4.309899
6237,6.237,0.3602839,4.306434
6238,6.238,0.36376598,4.310869
6239,6.239,0.3609736,4.3067675
6240,6.24,0.3714403,4.305983
6241,6.241,0.3727157,4.3214455
6242,6.242,0.36355197,4.311697
6243,6.243,0.37338796,4.318904
6244,6.244,0.3640828,4.3088136
6245,6.245,0.35576737,4.293895
6246,6.246,0.3527878,4.2937202
6247,6.247,0.34520593,4.287733
6248,6.248,0.33948463,4.29809
6249,6.249,0.3394611,4.2990117
6250,6.25,0.33862713,4.272835
6251,6.251,0.33472982,4.2705603
6252,6.252,0.35353634,4.2834263
6253,6.253,0.34614938,4.2707853
6254,6.254,0.3397784,4.2960997
6255,6.255,0.3299453,4.290495
6256,6.256,0.33193293,4.291062
6257,6.257,0.34189472,4.2803607
6258,6.258,0.34352332,4.2971587
6259,6.259,0.34950095,4.2637944
6260,6.26,0.33468276,4.315254
6261,6.261,0.35866258,4.3345127
6262,6.262,0.34611675,4.308058
6263,6.263,0.3513995,4.3190336
6264,6.264,0.3518967,4.3245063
6265,6.265,0.33614036,4.35241
6266,6.266,0.35470408,4.286415
6267,6.267,0.3549693,4.3280263
6268,6.268,0.3611969,4.2802
6269,6.269,0.36290854,4.2787104
6270,6.27,0.36206767,4.311926
6271,6.271,0.37162542,4.2957625
6272,6.272,0.37107575,4.301917
6273,6.273,0.37439644,4.3373256
6274,6.274,0.3800953,4.321209
6275,6.275,0.3766749,4.29881
6276,6.276,0.3735608,4.286478
6277,6.277,0.37265843,4.3148465
6278,6.278,0.37046874,4.314481
6279,6.279,0.37358415,4.29447
6280,6.28,0.36903352,4.3233743
6281,6.281,0.3696414,4.331912
6282,6.282,0.3749574,4.2734947
6283,6.283,0.38184935,4.3004303
6284,6.284,0.39086324,4.2947087
6285,6.285,0.38768536,4.316246
6286,6.286,0.37631437,4.307333
6287,6.287,0.38713935,4.2949
6288,6.288,0.3896904,4.2893953
6289,6.289,0.3811641,4.2906446
6290,6.29,0.37817687,4.2717175
6291,6.291,0.38012356,4.279613
6292,6.292,0.38434115,4.3073854
6293,6.293,0.36654767,4.292979
6294,6.294,0.36685818,4.3307505
6295,6.295,0.37181884,4.318848
6296,6.296,0.36617622,4.3103957
6297,6.297,0.3823696,4.3010445
6298,6.298,0.37681794,4.2977395
6299,6.299,0.34828413,4.307597
6300,6.3,0.3534264,4.3184457
6301,6.301,0.3515107,4.310587
6302,6.302,0.35602143,4.3169856
6303,6.303,0.34430227,4.2849526
6304,6.304,0.3521934,4.302684
6305,6.305,0.35222614,4.3041077
6306,6.306,0.35566714,4.326656
6307,6.307,0.3538752,4.324614
6308,6.308,0.3581895,4.3042426
6309,6.309,0.35497025,4.3041196
6310,6.31,0.34506932,4.313639
6311,6.311,0.3701385,4.3013897
6312,6.312,0.358416,4.2523613
6313,6.313,0.35271245,4.2828693
6314,6.314,0.3419425,4.2728915
6315,6.315,0.34143505,4.250528
6316,6.316,0.35681826,4.2859354
6317,6.317,0.35217983,4.272078
6318,6.318,0.34936926,4.289574
6319,6.319,0.34975594,4.2556553
6320,6.32,0.34826604,4.282759
6321,6.321,0.34342605,4.2811937
6322,6.322,0.35503855,4.279523
6323,6.323,0.35489553,4.3049383
6324,6.324,0.34650034,4.299698
6325,6.325,0.36233717,4.290455
6326,6.326,0.3391976,4.271268
6327,6.327,0.35675696,4.2796135
6328,6.328,0.36328962,4.3055806
6329,6.329,0.3584206,4.321138
6330,6.33,0.35778853,4.296073
6331,6.331,0.36293736,4.289626
6332,6.332,0.35699722,4.3244405
6333,6.333,0.35914072,4.314227
6334,6.334,0.35633272,4.254198
6335,6.335,0.35402468,4.2748256
6336,6.336,0.36926168,4.288311
6337,6.337,0.3539132,4.305516
6338,6.338,0.3420454,4.29405
6339,6.339,0.35044563,4.3009367
6340,6.34,0.35708216,4.3024845
6341,6.341,0.3658034,4.2826858
6342,6.342,0.37273923,4.2894526
6343,6.343,0.37097725,4.3032346
6344,6.344,0.35717943,4.2814536
6345,6.345,0.37310648,4.3071423
6346,6.346,0.37673655,4.302193
6347,6.347,0.36985174,4.331376
6348,6.348,0.37418753,4.3086896
6349,6.349,0.37889537,4.3213096
6350,6.35,0.37472048,4.3056335
6351,6.351,0.38156798,4.3218856
6352,6.352,0.38707379,4.322653
6353,6.353,0.3675018,4.318662
6354,6.354,0.36453107,4.296194
6355,6.355,0.35663405,4.2662807
6356,6.356,0.3569673,4.2565975
6357,6.357,0.36524928,4.276944
6358,6.358,0.37815943,4.2765985
6359,6.359,0.36437362,4.2662673
6360,6.36,0.37025675,4.2776656
6361,6.361,0.36525697,4.256766
6362,6.362,0.37304935,4.2570977
6363,6.363,0.37440902,4.251657
6364,6.364,0.34911582,4.290457
6365,6.365,0.36548957,4.300273
6366,6.366,0.367253,4.284213
6367,6.367,0.38386413,4.243869
6368,6.368,0.37514895,4.2569675
6369,6.369,0.37844682,4.256778
6370,6.37,0.36889163,4.2844563
6371,6.371,0.3761516,4.251042
6372,6.372,0.36066997,4.2600846
6373,6.373,0.35524315,4.3021746
6374,6.374,0.35025474,4.259253
6375,6.375,0.3438707,4.293952
6376,6.376,0.35836062,4.2938223
6377,6.377,0.36245382,4.2628036
6378,6.378,0.35151348,4.241238
6379,6.379,0.34519383,4.2954516
6380,6.38,0.3410796,4.2789598
6381,6.381,0.33796883,4.3085213
6382,6.382,0.35201183,4.249367
6383,6.383,0.36507842,4.2746453
6384,6.384,0.3470284,4.2525597
6385,6.385,0.33727187,4.279763
6386,6.386,0.340386,4.242228
6387,6.387,0.34395623,4.2575784
6388,6.388,0.33316043,4.2796063
6389,6.389,0.33730534,4.282708
6390,6.39,0.33100483,4.25603
6391,6.391,0.32371783,4.2373257
6392,6.392,0.326402,4.25609
6393,6.393,0.32507747,4.266216
6394,6.394,0.3287298,4.262999
6395,6.395,0.33746845,4.284391
6396,6.396,0.32997373,4.289775
6397,6.397,0.34238008,4.2545643
6398,6.398,0.3534902,4.241435
6399,6.399,0.33236668,4.25146
6400,6.4,0.34639823,4.2922244
6401,6.401,0.33171672,4.2709136
6402,6.402,0.33010775,4.264911
6403,6.403,0.33240092,4.2995076
6404,6.404,0.33592036,4.3132634
6405,6.405,0.33400905,4.305549
6406,6.406,0.3479477,4.283325
6407,6.407,0.35020557,4.2715836
6408,6.408,0.3505586,4.238616
6409,6.409,0.34964016,4.2989793
6410,6.41,0.33954751,4.273429
6411,6.411,0.34715664,4.2429466
6412,6.412,0.35027766,4.301985
6413,6.413,0.33848998,4.264406
6414,6.414,0.34158728,4.2843623
6415,6.415,0.33586964,4.268155
6416,6.416,0.33661675,4.2913985
6417,6.417,0.34966755,4.248716
6418,6.418,0.33733088,4.2657456
6419,6.419,0.35548875,4.307688
6420,6.42,0.33565277,4.283948
6421,6.421,0.33284828,4.3225017
6422,6.422,0.34570846,4.321726
6423,6.423,0.34223098,4.307074
6424,6.424,0.34141082,4.2863007
6425,6.425,0.3484499,4.2629576
6426,6.426,0.3473071,4.2857265
6427,6.427,0.34251598,4.307545
6428,6.428,0.34262,4.2923493
6429,6.429,0.3571826,4.288274
6430,6.43,0.36063203,4.281056
6431,6.431,0.36205968,4.252713
6432,6.432,0.3685194,4.2859707
6433,6.433,0.36347607,4.272451
6434,6.434,0.3589043,4.3212204
6435,6.435,0.36099753,4.277135
6436,6.436,0.38069543,4.2927012
6437,6.437,0.37972873,4.290967
6438,6.438,0.38373962,4.286417
6439,6.439,0.37127808,4.2953324
6440,6.44,0.37262532,4.249459
6441,6.441,0.36816928,4.2821164
6442,6.442,0.3782853,4.2631197
6443,6.443,0.36888176,4.2856374
6444,6.444,0.3714561,4.27449
6445,6.445,0.37993255,4.2473164
6446,6.446,0.38498887,4.265102
6447,6.447,0.37859872,4.2531877
6448,6.448,0.38740364,4.3017263
6449,6.449,0.39521793,4.2848334
6450,6.45,0.38502988,4.280968
6451,6.451,0.39651346,4.2909408
6452,6.452,0.40424314,4.281032
6453,6.453,0.37691495,4.2969947
6454,6.454,0.37634978,4.3071537
6455,6.455,0.38010728,4.272139
6456,6.456,0.38030177,4.256137
6457,6.457,0.38203025,4.266503
6458,6.458,0.4022503,4.268638
6459,6.459,0.39805427,4.270726
6460,6.46,0.38222876,4.26384
6461,6.461,0.39141583,4.2606506
6462,6.462,0.4015523,4.278901
6463,6.463,0.39839858,4.244841
6464,6.464,0.39221373,4.256749
6465,6.465,0.37944642,4.2734456
6466,6.466,0.37817377,4.2863126
6467,6.467,0.38225734,4.2950544
6468,6.468,0.3954079,4.30113
6469,6.469,0.39293373,4.309903
6470,6.47,0.38924903,4.2951756
6471,6.471,0.4103486,4.2905765
6472,6.472,0.40807363,4.2667584
6473,6.473,0.4072427,4.270652
6474,6.474,0.4098568,4.27007
6475,6.475,0.40543398,4.2585444
6476,6.476,0.41103196,4.296094
6477,6.477,0.40542004,4.2945147
6478,6.478,0.3941834,4.3134456
6479,6.479,0.3950453,4.3132772
6480,6.48,0.41794136,4.269078
6481,6.481,0.4176178,4.2811956
6482,6.482,0.4117582,4.278311
6483,6.483,0.41687927,4.280768
6484,6.484,0.42488155,4.2677317
6485,6.485,0.4158233,4.256816
6486,6.486,0.40748647,4.249421
6487,6.487,0.40436885,4.231076
6488,6.488,0.41319656,4.2723813
6489,6.489,0.39818424,4.2857423
6490,6.49,0.4019233,4.2429347
6491,6.491,0.38375512,4.266384
6492,6.492,0.3887333,4.237616
6493,6.493,0.3903324,4.2250175
6494,6.494,0.3936396,4.2560387
6495,6.495,0.40376654,4.2135167
6496,6.496,0.3983266,4.2339845
6497,6.497,0.41779625,4.2238116
6498,6.498,0.40989718,4.2299023
6499,6.499,0.39151996,4.2163377
6500,6.5,0.390842,4.206099
6501,6.501,0.38779676,4.2319045
6502,6.502,0.40175518,4.227269
6503,6.503,0.39397827,4.194348
6504,6.504,0.39178413,4.2222977
6505,6.505,0.38843766,4.215213
6506,6.506,0.38504505,4.2411475
6507,6.507,0.38068622,4.2402887
6508,6.508,0.39386275,4.253966
6509,6.509,0.37890023,4.2476516
6510,6.51,0.37265247,4.222315
6511,6.511,0.38563183,4.2335706
6512,6.512,0.3902538,4.2277794
6513,6.513,0.37787324,4.247912
6514,6.514,0.37830698,4.2430525
6515,6.515,0.389585,4.2342896
6516,6.516,0.3883998,4.2752256
6517,6.517,0.37796766,4.275211
6518,6.518,0.36301526,4.262646
6519,6.519,0.37991363,4.261214
6520,6.52,0.38933545,4.2463865
6521,6.521,0.38364488,4.219482
6522,6.522,0.39190543,4.2049417
6523,6.523,0.38949102,4.206269
6524,6.524,0.38865176,4.190676
6525,6.525,0.39934254,4.228883
6526,6.526,0.3789056,4.2251515
6527,6.527,0.39727214,4.240135
6528,6.528,0.3822621,4.2301755
6529,6.529,0.39815673,4.2138257
6530,6.53,0.4009881,4.2559943
6531,6.531,0.39670715,4.245353
6532,6.532,0.3983856,4.2465043
6533,6.533,0.3795499,4.216622
6534,6.534,0.3693145,4.2221837
6535,6.535,0.3797331,4.1961994
6536,6.536,0.40379253,4.2109704
6537,6.537,0.4012967,4.224424
6538,6.538,0.3991668,4.21669
6539,6.539,0.39624006,4.228902
6540,6.54,0.39849696,4.223728
6541,6.541,0.41336173,4.205728
6542,6.542,0.4148648,4.222821
6543,6.543,0.39331046,4.2469063
6544,6.544,0.40400276,4.227667
6545,6.545,0.41121674,4.219825
6546,6.546,0.40955803,4.218512
6547,6.547,0.40283853,4.2109885
6548,6.548,0.41408047,4.2044067
6549,6.549,0.41988978,4.2019296
6550,6.55,0.4233283,4.244347
6551,6.551,0.4228577,4.252865
6552,6.552,0.42351815,4.2371907
6553,6.553,0.42568544,4.2364
6554,6.554,0.43040764,4.2418947
6555,6.555,0.42670733,4.2535424
6556,6.556,0.43794748,4.242989
6557,6.557,0.43447816,4.259257
6558,6.558,0.43301356,4.2538395
6559,6.559,0.4231955,4.210771
6560,6.56,0.42520812,4.2085238
6561,6.561,0.4285749,4.2368894
6562,6.562,0.41899586,4.2691574
6563,6.563,0.41257104,4.256858
6564,6.564,0.40487364,4.261541
6565,6.565,0.40456128,4.244955
6566,6.566,0.42556277,4.2556586
6567,6.567,0.4317025,4.286535
6568,6.568,0.41602916,4.282318
6569,6.569,0.42719463,4.257443
6570,6.57,0.4414047,4.26475
6571,6.571,0.44702345,4.271581
6572,6.572,0.4372681,4.2309704
6573,6.573,0.42130655,4.2409973
6574,6.574,0.43079302,4.2717376
6575,6.575,0.43966448,4.261062
6576,6.576,0.43189612,4.2757745
6577,6.577,0.4315802,4.270893
6578,6.578,0.44085133,4.259912
6579,6.579,0.42641032,4.2623177
6580,6.58,0.41846946,4.235224
6581,6.581,0.43403128,4.2644506
6582,6.582,0.43221498,4.2344823
6583,6.583,0.42367303,4.230391
6584,6.584,0.42658186,4.2539477
6585,6.585,0.42310265,4.245107
6586,6.586,0.4241898,4.2495522
6587,6.587,0.4145047,4.2747087
6588,6.588,0.41589138,4.255497
6589,6.589,0.4147247,4.254535
6590,6.59,0.42248002,4.234531
6591,6.591,0.42340824,4.227703
6592,6.592,0.4107945,4.2114615
6593,6.593,0.4001413,4.1868663
6594,6.594,0.41069496,4.1752644
6595,6.595,0.39581972,4.2094193
6596,6.596,0.4054645,4.236192
6597,6.597,0.40143108,4.2279224
6598,6.598,0.39749077,4.1791697
6599,6.599,0.40918657,4.2055902
6600,6.6,0.3986444,4.177548
6601,6.601,0.4060504,4.1887207
6602,6.602,0.40659273,4.205191
6603,6.603,0.39738813,4.1970797
6604,6.604,0.3860827,4.212204
6605,6.605,0.38893694,4.1986012
6606,6.606,0.40267187,4.231668
6607,6.607,0.40158653,4.2040305
6608,6.608,0.3889685,4.2254605
6609,6.609,0.3963652,4.210898
6610,6.61,0.40057707,4.186417
6611,6.611,0.41030443,4.1734858
6612,6.612,0.40022925,4.2027974
6613,6.613,0.39495614,4.217918
6614,6.614,0.37317508,4.218106
6615,6.615,0.37350222,4.1917777
6616,6.616,0.36733076,4.209021
6617,6.617,0.3697291,4.2095475
6618,6.618,0.38550976,4.1944857
6619,6.619,0.39502662,4.2341824
6620,6.62,0.38785386,4.2625623
6621,6.621,0.38429335,4.25967
6622,6.622,0.37563753,4.2534547
6623,6.623,0.3864395,4.244495
6624,6.624,0.38640496,4.251622
6625,6.625,0.3850749,4.248791
6626,6.626,0.3856324,4.2486844
6627,6.627,0.37612778,4.2711945
6628,6.628,0.38364366,4.2615824
6629,6.629,0.3812828,4.259662
6630,6.63,0.37686098,4.280011
6631,6.631,0.3819854,4.274763
6632,6.632,0.38247234,4.258173
6633,6.633,0.38780499,4.2597327
6634,6.634,0.38096404,4.2437315
6635,6.635,0.37946516,4.241512
6636,6.636,0.37845936,4.253833
6637,6.637,0.37716672,4.2896285
6638,6.638,0.38429353,4.269761
6639,6.639,0.38913107,4.2703867
6640,6.64,0.38553536,4.255362
6641,6.641,0.36960828,4.275881
6642,6.642,0.3633849,4.2617764
6643,6.643,0.35462618,4.243101
6644,6.644,0.38469166,4.227439
6645,6.645,0.36673495,4.1876125
6646,6.646,0.35970083,4.2115393
6647,6.647,0.3587643,4.201668
6648,6.648,0.36214828,4.212692
6649,6.649,0.36833578,4.224667
6650,6.65,0.36025,4.2173605
6651,6.651,0.35943088,4.222273
6652,6.652,0.37840146,4.208526
6653,6.653,0.36264023,4.1940293
6654,6.654,0.37038535,4.2093635
6655,6.655,0.3652571,4.2127624
6656,6.656,0.36927128,4.19581
6657,6.657,0.35719535,4.188229
6658,6.658,0.3565364,4.213889
6659,6.659,0.35033002,4.231798
6660,6.66,0.34364358,4.2394185
6661,6.661,0.34030482,4.226071
6662,6.662,0.34000295,4.2375984
6663,6.663,0.3407513,4.1761503
6664,6.664,0.35192293,4.220726
6665,6.665,0.35567605,4.2159595
6666,6.666,0.34658495,4.266934
6667,6.667,0.3469156,4.20468
6668,6.668,0.3524869,4.2513075
6669,6.669,0.36609957,4.2251124
6670,6.67,0.35192966,4.2243032
6671,6.671,0.35591605,4.233115
6672,6.672,0.3557571,4.2412915
6673,6.673,0.36820954,4.250761
6674,6.674,0.37207267,4.226742
6675,6.675,0.3596705,4.251131
6676,6.676,0.36304194,4.2523727
6677,6.677,0.36381868,4.2465405
6678,6.678,0.36719292,4.251087
6679,6.679,0.38090307,4.2366905
6680,6.68,0.35805497,4.2508817
6681,6.681,0.35936454,4.2432103
6682,6.682,0.3542378,4.2569866
6683,6.683,0.34440804,4.2655287
6684,6.684,0.35753316,4.239188
6685,6.685,0.34284762,4.2195597
6686,6.686,0.34852043,4.2869935
6687,6.687,0.34763324,4.248726
6688,6.688,0.3499965,4.2608876
6689,6.689,0.3546205,4.259175
6690,6.69,0.36077976,4.228975
6691,6.691,0.3449261,4.23352
6692,6.692,0.35073707,4.222238
6693,6.693,0.3540902,4.235057
6694,6.694,0.36044976,4.2724643
6695,6.695,0.35403165,4.2464466
6696,6.696,0.35730255,4.275464
6697,6.697,0.37299442,4.267295
6698,6.698,0.36721322,4.279075
6699,6.699,0.3575606,4.263882
6700,6.7,0.3587257,4.252328
6701,6.701,0.36106017,4.278849
6702,6.702,0.3544122,4.2838397
6703,6.703,0.35935172,4.26333
6704,6.704,0.36358142,4.2678156
6705,6.705,0.35546494,4.2650046
6706,6.706,0.35680714,4.2557454
6707,6.707,0.3594339,4.2623262
6708,6.708,0.3495057,4.269143
6709,6.709,0.35313007,4.273897
6710,6.71,0.3618148,4.2420073
6711,6.711,0.3563478,4.261975
6712,6.712,0.3579589,4.2503977
6713,6.713,0.36040685,4.230534
6714,6.714,0.37172988,4.2473116
6715,6.715,0.3617506,4.226197
6716,6.716,0.36329767,4.251012
6717,6.717,0.3695744,4.2454357
6718,6.718,0.3582889,4.261371
6719,6.719,0.358909,4.2535977
6720,6.72,0.35503933,4.239062
6721,6.721,0.35671288,4.2520266
6722,6.722,0.33726382,4.258534
6723,6.723,0.3508572,4.249333
6724,6.724,0.3570951,4.2373157
6725,6.725,0.3491174,4.2194057
6726,6.726,0.35791516,4.227941
6727,6.727,0.35222954,4.226304
6728,6.728,0.34670502,4.273686
6729,6.729,0.34947032,4.2611876
6730,6.73,0.35702142,4.2577786
6731,6.731,0.36069918,4.281612
6732,6.732,0.35715747,4.2678876
6733,6.733,0.36598083,4.2488723
6734,6.734,0.363446,4.305337
6735,6.735,0.36169115,4.2677193
6736,6.736,0.37309068,4.2807746
6737,6.737,0.36571425,4.277071
6738,6.738,0.36136916,4.293891
6739,6.739,0.35951006,4.300295
6740,6.74,0.35485896,4.2842326
6741,6.741,0.36339387,4.2676096
6742,6.742,0.3623122,4.2649508
6743,6.743,0.36484486,4.2365603
6744,6.744,0.36455873,4.23612
6745,6.745,0.36247885,4.253757
6746,6.746,0.35193464,4.2623587
6747,6.747,0.35427895,4.2340703
6748,6.748,0.35647357,4.2612386
6749,6.749,0.33731982,4.227863
6750,6.75,0.3480925,4.2210197
6751,6.751,0.34984583,4.2338943
6752,6.752,0.34329954,4.260577
6753,6.753,0.34919116,4.2406116
6754,6.754,0.3411996,4.259884
6755,6.755,0.3643585,4.249743
6756,6.756,0.36868665,4.2415824
6757,6.757,0.35214987,4.2353334
6758,6.758,0.34773216,4.2685885
6759,6.759,0.34413585,4.2561483
6760,6.76,0.34485555,4.2479234
6761,6.761,0.34441876,4.239678
6762,6.762,0.3590762,4.2633786
6763,6.763,0.34847876,4.2496433
6764,6.764,0.35471338,4.284786
6765,6.765,0.3445038,4.278711
6766,6.766,0.34767482,4.2686353
6767,6.767,0.3457677,4.2448416
6768,6.768,0.34770316,4.2515044
6769,6.769,0.33414608,4.2539625
6770,6.77,0.34345624,4.2498183
6771,6.771,0.34011957,4.2976303
6772,6.772,0.34139466,4.2714143
6773,6.773,0.3351527,4.2747464
6774,6.774,0.33407408,4.287368
6775,6.775,0.33659455,4.3123274
6776,6.776,0.3394686,4.30895
6777,6.777,0.3412629,4.3336215
6778,6.778,0.34717438,4.315084
6779,6.779,0.3500364,4.2823515
6780,6.78,0.33158964,4.2813525
6781,6.781,0.34728077,4.2888117
6782,6.782,0.3525275,4.299311
6783,6.783,0.34640568,4.2971444
6784,6.784,0.35588843,4.315268
6785,6.785,0.3446601,4.2985005
6786,6.786,0.35905823,4.3306637
6787,6.787,0.35170484,4.2792497
6788,6.788,0.35747567,4.294718
6789,6.789,0.35511902,4.2810526
6790,6.79,0.3551348,4.2965713
6791,6.791,0.35340092,4.2996182
6792,6.792,0.36260027,4.2902727
6793,6.793,0.33734828,4.276817
6794,6.794,0.3306056,4.315116
6795,6.795,0.33152202,4.2949615
6796,6.796,0.33431783,4.3084006
6797,6.797,0.35486704,4.314832
6798,6.798,0.34538352,4.3070736
6799,6.799,0.34038463,4.277236
6800,6.8,0.34993482,4.343664
6801,6.801,0.3478397,4.3132496
6802,6.802,0.3449284,4.3774786
6803,6.803,0.33752406,4.346181
6804,6.804,0.34390336,4.337342
6805,6.805,0.3457533,4.335635
6806,6.806,0.33922148,4.3127975
6807,6.807,0.33720964,4.354846
6808,6.808,0.32401592,4.3278947
6809,6.809,0.3281939,4.3240843
6810,6.81,0.34633535,4.3241425
6811,6.811,0.34263614,4.3125396
6812,6.812,0.34827158,4.308572
6813,6.813,0.33457023,4.3206096
6814,6.814,0.3448449,4.3014154
6815,6.815,0.33634695,4.329112
6816,6.816,0.3432991,4.2909145
6817,6.817,0.3382003,4.3024673
6818,6.818,0.34145424,4.2773848
6819,6.819,0.33178395,4.2776723
6820,6.82,0.34125102,4.270772
6821,6.821,0.32972676,4.3201284
6822,6.822,0.32240286,4.3339133
6823,6.823,0.3420442,4.3151016
6824,6.824,0.32497865,4.3006988
6825,6.825,0.333799,4.294398
6826,6.826,0.32802823,4.301487
6827,6.827,0.33749953,4.2712855
6828,6.828,0.34399593,4.2627444
6829,6.829,0.3370704,4.2680397
6830,6.83,0.35031727,4.2779617
6831,6.831,0.3548314,4.304641
6832,6.832,0.35611716,4.302919
6833,6.833,0.37234062,4.2896786
6834,6.834,0.36752975,4.2656083
6835,6.835,0.3631824,4.2933455
6836,6.836,0.36796978,4.2789683
6837,6.837,0.36284232,4.2958994
6838,6.838,0.3554434,4.3298974
6839,6.839,0.3645448,4.309283
6840,6.84,0.3544194,4.2885933
6841,6.841,0.3605642,4.2721367
6842,6.842,0.3513798,4.2622113
6843,6.843,0.3592613,4.2983704
6844,6.844,0.33595124,4.2855973
6845,6.845,0.3462649,4.2562337
6846,6.846,0.35553813,4.229852
6847,6.847,0.35891518,4.2754173
6848,6.848,0.36153454,4.222695
6849,6.849,0.34157115,4.238358
6850,6.85,0.34870195,4.276134
6851,6.851,0.35818744,4.279464
6852,6.852,0.36016116,4.298001
6853,6.853,0.36246577,4.2465544
6854,6.854,0.36718816,4.26468
6855,6.855,0.35850543,4.260794
6856,6.856,0.35888478,4.270278
6857,6.857,0.35054466,4.293861
6858,6.858,0.34013847,4.2953377
6859,6.859,0.3515639,4.3194957
6860,6.86,0.34382507,4.3259573
6861,6.861,0.33107138,4.3126173
6862,6.862,0.3413324,4.3148346
6863,6.863,0.33495814,4.3036714
6864,6.864,0.34052706,4.286861
6865,6.865,0.34069145,4.2953954
6866,6.866,0.33810362,4.286235
6867,6.867,0.3430497,4.302286
6868,6.868,0.3315777,4.318495
6869,6.869,0.333383,4.290622
6870,6.87,0.33560142,4.323319
6871,6.871,0.3216478,4.308955
6872,6.872,0.34235662,4.28939
6873,6.873,0.336715,4.279112
6874,6.874,0.339509,4.298516
6875,6.875,0.33669984,4.2887425
6876,6.876,0.34259304,4.3067555
6877,6.877,0.33697838,4.2857156
6878,6.878,0.32595903,4.2569857
6879,6.879,0.3292676,4.249196
6880,6.88,0.33258864,4.2855954
6881,6.881,0.32814863,4.2914333
6882,6.882,0.33562085,4.291734
6883,6.883,0.3380876,4.2783613
6884,6.884,0.3363335,4.29921
6885,6.885,0.32775998,4.2829227
6886,6.886,0.349323,4.3260446
6887,6.887,0.33663642,4.295999
6888,6.888,0.33586395,4.2675214
6889,6.889,0.3425398,4.288906
6890,6.89,0.33403337,4.280537
6891,6.891,0.33459857,4.2863736
6892,6.892,0.32929692,4.285056
6893,6.893,0.31424838,4.239126
6894,6.894,0.3130502,4.285303
6895,6.895,0.3340435,4.2931232
6896,6.896,0.31986886,4.3098335
6897,6.897,0.31736755,4.302258
6898,6.898,0.31982702,4.325572
6899,6.899,0.32939902,4.2796016
6900,6.9,0.33615777,4.29704
6901,6.901,0.330877,4.253728
6902,6.902,0.33475024,4.300002
6903,6.903,0.34090304,4.258617
6904,6.904,0.34261343,4.263156
6905,6.905,0.34519124,4.281969
6906,6.906,0.34155262,4.3282623
6907,6.907,0.35090488,4.2983584
6908,6.908,0.34269387,4.279606
6909,6.909,0.34219563,4.297806
6910,6.91,0.35081467,4.3026304
6911,6.911,0.34118393,4.2992544
6912,6.912,0.34317604,4.273649
6913,6.913,0.35685638,4.3016467
6914,6.914,0.34366632,4.303
6915,6.915,0.34468707,4.301996
6916,6.916,0.33706,4.2724924
6917,6.917,0.33052287,4.2877445
6918,6.918,0.3341947,4.291078
6919,6.919,0.3419449,4.273389
6920,6.92,0.3358232,4.284819
6921,6.921,0.34919846,4.2995257
6922,6.922,0.3368343,4.281323
6923,6.923,0.34490836,4.318306
6924,6.924,0.33832863,4.31445
6925,6.925,0.34993482,4.3159356
6926,6.926,0.33557868,4.3140764
6927,6.927,0.3310146,4.3321524
6928,6.928,0.33290863,4.301822
6929,6.929,0.33973175,4.313473
6930,6.93,0.3276157,4.3102765
6931,6.931,0.32773492,4.349704
6932,6.932,0.33443063,4.29405
6933,6.933,0.3403022,4.304703
6934,6.934,0.32659763,4.303559
6935,6.935,0.3429035,4.329748
6936,6.936,0.3425838,4.3313947
6937,6.937,0.3476581,4.29057
6938,6.938,0.3458365,4.3363247
6939,6.939,0.3532987,4.322581
6940,6.94,0.3562883,4.312626
6941,6.941,0.34206122,4.340006
6942,6.942,0.3347254,4.3004975
6943,6.943,0.33654153,4.3523383
6944,6.944,0.34771836,4.329589
6945,6.945,0.34286278,4.3061867
6946,6.946,0.3477595,4.3355193
6947,6.947,0.34054658,4.323558
6948,6.948,0.34071663,4.316463
6949,6.949,0.33211648,4.2691092
6950,6.95,0.33005583,4.23037
6951,6.951,0.33301857,4.2828617
6952,6.952,0.33433864,4.2704616
6953,6.953,0.33317983,4.2267
6954,6.954,0.33535036,4.2416186
6955,6.955,0.32177743,4.26833
6956,6.956,0.335351,4.2671795
6957,6.957,0.33853945,4.2678595
6958,6.958,0.32760322,4.198827
6959,6.959,0.3320998,4.237721
6960,6.96,0.33957806,4.2627096
6961,6.961,0.33560884,4.230005
6962,6.962,0.32830048,4.238796
6963,6.963,0.32844624,4.2584476
6964,6.964,0.32887888,4.2387605
6965,6.965,0.32916722,4.27759
6966,6.966,0.3242821,4.2654433
6967,6.967,0.33537236,4.2343583
6968,6.968,0.3318446,4.2480073
6969,6.969,0.32857096,4.2737
6970,6.97,0.32594034,4.2801037
6971,6.971,0.32949015,4.284817
6972,6.972,0.3343196,4.2646694
6973,6.973,0.33015817,4.269541
6974,6.974,0.32900044,4.278999
6975,6.975,0.33175623,4.3015
6976,6.976,0.32998136,4.2599587
6977,6.977,0.30644292,4.244041
6978,6.978,0.32368135,4.208311
6979,6.979,0.32419407,4.2270875
6980,6.98,0.32815304,4.1740646
6981,6.981,0.3224544,4.1769924
6982,6.982,0.32132128,4.1893644
6983,6.983,0.330125,4.2165914
6984,6.984,0.32383993,4.2748837
6985,6.985,0.3308667,4.2205195
6986,6.986,0.33196047,4.2139
6987,6.987,0.32873648,4.200117
6988,6.988,0.32531512,4.202118
6989,6.989,0.32179964,4.2202225
6990,6.99,0.32253835,4.2721615
6991,6.991,0.30737382,4.2667484
6992,6.992,0.30310282,4.21859
6993,6.993,0.32505795,4.208057
6994,6.994,0.32506365,4.292745
6995,6.995,0.32105577,4.2767563
6996,6.996,0.33766532,4.2759323
6997,6.997,0.32523963,4.330389
6998,6.998,0.34836414,4.3116384
6999,6.999,0.3406759,4.287322
7000,7.0,0.35269126,4.336101
7001,7.001,0.34646857,4.2954607
7002,7.002,0.34215087,4.2226524
7003,7.003,0.34684494,4.2851796
7004,7.004,0.35051155,4.3029213
7005,7.005,0.35400712,4.2568173
7006,7.006,0.34381577,4.3014235
7007,7.007,0.3414046,4.330441
7008,7.008,0.3515211,4.299379
7009,7.009,0.34849817,4.298186
7010,7.01,0.3570539,4.333626
7011,7.011,0.34857655,4.280081
7012,7.012,0.34383342,4.3198295
7013,7.013,0.33618742,4.2688293
7014,7.014,0.34369826,4.2721395
7015,7.015,0.3425106,4.320707
7016,7.016,0.33505777,4.294927
7017,7.017,0.33523366,4.312541
7018,7.018,0.34239715,4.29005
7019,7.019,0.34244025,4.279825
7020,7.02,0.34595808,4.2776875
7021,7.021,0.3365878,4.280606
7022,7.022,0.3263484,4.27743
7023,7.023,0.33337516,4.3095603
7024,7.024,0.3328541,4.3123364
7025,7.025,0.35170582,4.3024383
7026,7.026,0.35151613,4.2691455
7027,7.027,0.35082564,4.26316
7028,7.028,0.34498262,4.277047
7029,7.029,0.35599723,4.3003306
7030,7.03,0.34083208,4.273295
7031,7.031,0.3516939,4.2832737
7032,7.032,0.35139287,4.2901297
7033,7.033,0.33524704,4.278183
7034,7.034,0.34390068,4.261332
7035,7.035,0.34606007,4.279157
7036,7.036,0.3446197,4.26927
7037,7.037,0.34301734,4.292298
7038,7.038,0.34291455,4.281336
7039,7.039,0.3400707,4.2764416
7040,7.04,0.32763898,4.3078413
7041,7.041,0.34052923,4.3059187
7042,7.042,0.34732354,4.2795625
7043,7.043,0.34231168,4.3071775
7044,7.044,0.3362381,4.2959485
7045,7.045,0.34706765,4.253003
7046,7.046,0.35235265,4.2820754
7047,7.047,0.33837637,4.2597327
7048,7.048,0.32653537,4.268204
7049,7.049,0.33139524,4.297039
7050,7.05,0.32961777,4.340037
7051,7.051,0.35368738,4.2844114
7052,7.052,0.33851773,4.2931333
7053,7.053,0.33565825,4.293304
7054,7.054,0.34038267,4.285897
7055,7.055,0.3458934,4.2783065
7056,7.056,0.3513953,4.28915
7057,7.057,0.3581621,4.2808247
7058,7.058,0.32985213,4.3073974
7059,7.059,0.343745,4.2992964
7060,7.06,0.34998983,4.2882314
7061,7.061,0.35433418,4.2940283
7062,7.062,0.35939443,4.289848
7063,7.063,0.349393,4.313918
7064,7.064,0.34607223,4.3125234
7065,7.065,0.36042833,4.295196
7066,7.066,0.3467447,4.300545
7067,7.067,0.36001927,4.308087
7068,7.068,0.34394228,4.29382
7069,7.069,0.33964926,4.2874713
7070,7.07,0.3370127,4.3016024
7071,7.071,0.3490639,4.2923465
7072,7.072,0.34092775,4.2969217
7073,7.073,0.3401946,4.290248
7074,7.074,0.34883803,4.29991
7075,7.075,0.34444305,4.258341
7076,7.076,0.35200885,4.272963
7077,7.077,0.35350344,4.2500267
7078,7.078,0.35224265,4.261454
7079,7.079,0.34225738,4.2579575
7080,7.08,0.35992536,4.2690864
7081,7.081,0.35577482,4.2496977
7082,7.082,0.3481677,4.267104
7083,7.083,0.34714139,4.24394
7084,7.084,0.3571186,4.2629013
7085,7.085,0.37024802,4.2601666
7086,7.086,0.35382736,4.2413883
7087,7.087,0.36617115,4.2599893
7088,7.088,0.3604054,4.2500386
7089,7.089,0.35792023,4.2637343
7090,7.09,0.362961,4.2585077
7091,7.091,0.34377202,4.280597
7092,7.092,0.3579479,4.272724
7093,7.093,0.36679652,4.2983055
7094,7.094,0.38692266,4.258529
7095,7.095,0.37094036,4.294792
7096,7.096,0.35932964,4.270303
7097,7.097,0.36411002,4.267215
7098,7.098,0.36406052,4.274709
7099,7.099,0.36760786,4.274742
7100,7.1,0.37532422,4.2732897
7101,7.101,0.38028285,4.268465
7102,7.102,0.3799068,4.267498
7103,7.103,0.3761268,4.2486587
7104,7.104,0.37261647,4.2768135
7105,7.105,0.36376125,4.2810345
7106,7.106,0.36613888,4.2593555
7107,7.107,0.37283412,4.2447014
7108,7.108,0.37711394,4.264827
7109,7.109,0.3649462,4.2433653
7110,7.11,0.3734368,4.251306
7111,7.111,0.38620904,4.2567425
7112,7.112,0.3763523,4.2408667
7113,7.113,0.37165597,4.2449565
7114,7.114,0.37422624,4.2672048
7115,7.115,0.3820277,4.270091
7116,7.116,0.3758081,4.2346506
7117,7.117,0.38101846,4.281475
7118,7.118,0.37875536,4.229217
7119,7.119,0.3895139,4.2630644
7120,7.12,0.37914032,4.254539
7121,7.121,0.36885792,4.2390785
7122,7.122,0.37064126,4.277205
7123,7.123,0.37751183,4.264504
7124,7.124,0.38378805,4.2583222
7125,7.125,0.37637863,4.278553
7126,7.126,0.3839228,4.216863
7127,7.127,0.39091715,4.2568183
7128,7.128,0.37814376,4.266243
7129,7.129,0.37569708,4.2322803
7130,7.13,0.3712751,4.2622786
7131,7.131,0.38153622,4.2475114
7132,7.132,0.37332287,4.261421
7133,7.133,0.38569605,4.258541
7134,7.134,0.38619107,4.2382703
7135,7.135,0.39635083,4.2311926
7136,7.136,0.3901857,4.223428
7137,7.137,0.3792861,4.245987
7138,7.138,0.39341375,4.2419715
7139,7.139,0.3956524,4.228846
7140,7.14,0.39036724,4.2240705
7141,7.141,0.39232957,4.2066903
7142,7.142,0.39552853,4.2233505
7143,7.143,0.39154983,4.224241
7144,7.144,0.39088762,4.2396502
7145,7.145,0.38946256,4.2545867
7146,7.146,0.3881015,4.2539577
7147,7.147,0.37935773,4.239589
7148,7.148,0.39121175,4.2439036
7149,7.149,0.38586175,4.2779107
7150,7.15,0.385455,4.2729173
7151,7.151,0.38920847,4.250553
7152,7.152,0.38068154,4.277996
7153,7.153,0.37755096,4.2816544
7154,7.154,0.3662377,4.2855554
7155,7.155,0.37273404,4.235344
7156,7.156,0.36852923,4.2367134
7157,7.157,0.36422727,4.2285113
7158,7.158,0.3734319,4.254302
7159,7.159,0.37785956,4.227801
7160,7.16,0.36021498,4.2634506
7161,7.161,0.35869142,4.2695947
7162,7.162,0.37043712,4.2389793
7163,7.163,0.37856412,4.237163
7164,7.164,0.37338763,4.213383
7165,7.165,0.37165275,4.2048364
7166,7.166,0.38288096,4.2215996
7167,7.167,0.3783027,4.234907
7168,7.168,0.3885582,4.239305
7169,7.169,0.3789176,4.2361755
7170,7.17,0.36857265,4.2673235
7171,7.171,0.36316946,4.2197437
7172,7.172,0.38515657,4.242137
7173,7.173,0.3803397,4.2654824
7174,7.174,0.37035918,4.278197
7175,7.175,0.36845845,4.2806506
7176,7.176,0.37581784,4.2469273
7177,7.177,0.37076217,4.254851
7178,7.178,0.36241677,4.2657027
7179,7.179,0.37162608,4.2446327
7180,7.18,0.37100512,4.240393
7181,7.181,0.37261394,4.2634115
7182,7.182,0.3745823,4.21603
7183,7.183,0.38294813,4.2209477
7184,7.184,0.3800048,4.2548013
7185,7.185,0.37877014,4.26461
7186,7.186,0.3714676,4.247707
7187,7.187,0.3744447,4.229762
7188,7.188,0.38481,4.2379436
7189,7.189,0.378585,4.256388
7190,7.19,0.37139156,4.250366
7191,7.191,0.37506372,4.239047
7192,7.192,0.37136838,4.2480083
7193,7.193,0.37610504,4.2417026
7194,7.194,0.3688782,4.234904
7195,7.195,0.37188742,4.2438774
7196,7.196,0.3818876,4.2632413
7197,7.197,0.38619462,4.2419457
7198,7.198,0.36653376,4.2411785
7199,7.199,0.37604484,4.250434
7200,7.2,0.3683185,4.2531624
7201,7.201,0.37137964,4.2639837
7202,7.202,0.37642458,4.226033
7203,7.203,0.38323826,4.209978
7204,7.204,0.37343755,4.20411
7205,7.205,0.37814018,4.203322
7206,7.206,0.37754157,4.222127
7207,7.207,0.37194598,4.2235622
7208,7.208,0.3634389,4.230351
7209,7.209,0.37768757,4.240491
7210,7.21,0.37451264,4.2505217
7211,7.211,0.37139606,4.233575
7212,7.212,0.37041584,4.2236776
7213,7.213,0.36945492,4.210537
7214,7.214,0.3698252,4.2230444
7215,7.215,0.36582014,4.2320504
7216,7.216,0.36022395,4.222876
7217,7.217,0.35572103,4.2462997
7218,7.218,0.37652507,4.1939287
7219,7.219,0.3665945,4.217525
7220,7.22,0.36490035,4.194217
7221,7.221,0.3680294,4.2203507
7222,7.222,0.37127528,4.2126274
7223,7.223,0.36469355,4.222639
7224,7.224,0.36581576,4.1890345
7225,7.225,0.35536817,4.1605043
7226,7.226,0.37410885,4.190231
7227,7.227,0.36383668,4.1753316
7228,7.228,0.3694167,4.1720676
7229,7.229,0.3678299,4.1701674
7230,7.23,0.37424058,4.177742
7231,7.231,0.3665487,4.1915994
7232,7.232,0.38449386,4.164201
7233,7.233,0.38997725,4.1934423
7234,7.234,0.37943184,4.2050023
7235,7.235,0.38460472,4.174228
7236,7.236,0.38685077,4.161372
7237,7.237,0.38490695,4.1919775
7238,7.238,0.37669578,4.188082
7239,7.239,0.3785807,4.1830745
7240,7.24,0.3748623,4.169503
7241,7.241,0.38122994,4.211442
7242,7.242,0.3800315,4.177491
7243,7.243,0.39242512,4.17387
7244,7.244,0.39735755,4.1650143
7245,7.245,0.38545948,4.168238
7246,7.246,0.3925435,4.146423
7247,7.247,0.3806189,4.138936
7248,7.248,0.39319178,4.152989
7249,7.249,0.38385972,4.1784797
7250,7.25,0.38505694,4.182745
7251,7.251,0.3766832,4.1913157
7252,7.252,0.37463763,4.180656
7253,7.253,0.36872268,4.1876884
7254,7.254,0.35741654,4.179303
7255,7.255,0.38579455,4.198119
7256,7.256,0.38341337,4.1766024
7257,7.257,0.38397646,4.166354
7258,7.258,0.37685075,4.181991
7259,7.259,0.36618307,4.177152
7260,7.26,0.3688243,4.192013
7261,7.261,0.3746827,4.1979504
7262,7.262,0.36829203,4.205071
7263,7.263,0.3629142,4.1864696
7264,7.264,0.37517455,4.1811457
7265,7.265,0.3792708,4.1681643
7266,7.266,0.3821,4.1878953
7267,7.267,0.36779073,4.1691318
7268,7.268,0.3773347,4.1674232
7269,7.269,0.3701159,4.182679
7270,7.27,0.37165686,4.1550536
7271,7.271,0.35722867,4.1524734
7272,7.272,0.3554317,4.155676
7273,7.273,0.36496946,4.17048
7274,7.274,0.36374164,4.1402364
7275,7.275,0.35560027,4.164175
7276,7.276,0.3593041,4.1479106
7277,7.277,0.3671233,4.1907234
7278,7.278,0.35467875,4.1838784
7279,7.279,0.36525375,4.1833444
7280,7.28,0.36887452,4.1703253
7281,7.281,0.37488693,4.180117
7282,7.282,0.36178556,4.1947784
7283,7.283,0.36938223,4.171449
7284,7.284,0.36439785,4.170776
7285,7.285,0.35351858,4.187843
7286,7.286,0.37505332,4.152726
7287,7.287,0.37117282,4.1873755
7288,7.288,0.37357414,4.1911054
7289,7.289,0.38969582,4.203402
7290,7.29,0.3707567,4.203233
7291,7.291,0.3701194,4.191873
7292,7.292,0.37948957,4.1873927
7293,7.293,0.3752652,4.1847086
7294,7.294,0.37062606,4.1952343
7295,7.295,0.37502298,4.2005105
7296,7.296,0.37155312,4.170076
7297,7.297,0.36639172,4.2239566
7298,7.298,0.37275615,4.224839
7299,7.299,0.3779289,4.1946206
7300,7.3,0.3784661,4.2131214
7301,7.301,0.37921172,4.200531
7302,7.302,0.37837768,4.187091
7303,7.303,0.38748986,4.170533
7304,7.304,0.3730401,4.2049403
7305,7.305,0.3795194,4.1763005
7306,7.306,0.3787656,4.1688375
7307,7.307,0.3730205,4.1775303
7308,7.308,0.38223958,4.1702843
7309,7.309,0.37353772,4.202246
7310,7.31,0.35973504,4.1605353
7311,7.311,0.36795065,4.1617856
7312,7.312,0.37126547,4.1621995
7313,7.313,0.3622745,4.1732807
7314,7.314,0.37052056,4.200986
7315,7.315,0.37689927,4.202106
7316,7.316,0.3893154,4.2042623
7317,7.317,0.3833734,4.233347
7318,7.318,0.37897632,4.1697474
7319,7.319,0.36500788,4.160498
7320,7.32,0.374304,4.2008443
7321,7.321,0.3900861,4.1814985
7322,7.322,0.3892343,4.1906548
7323,7.323,0.3726206,4.209385
7324,7.324,0.37624407,4.200846
7325,7.325,0.38521358,4.2157106
7326,7.326,0.36781734,4.23556
7327,7.327,0.37338912,4.193445
7328,7.328,0.35793036,4.212764
7329,7.329,0.36432388,4.23482
7330,7.33,0.3358842,4.21787
7331,7.331,0.36359343,4.2181
7332,7.332,0.3577734,4.2348514
7333,7.333,0.36745676,4.2534313
7334,7.334,0.37513435,4.213449
7335,7.335,0.36416242,4.210972
7336,7.336,0.3688148,4.193738
7337,7.337,0.3767046,4.1895127
7338,7.338,0.3856012,4.231448
7339,7.339,0.3947404,4.205888
7340,7.34,0.40828374,4.1997604
7341,7.341,0.39607745,4.2034054
7342,7.342,0.39917865,4.2266636
7343,7.343,0.39945006,4.208786
7344,7.344,0.4018989,4.2198315
7345,7.345,0.40025938,4.223172
7346,7.346,0.39756668,4.233652
7347,7.347,0.3873724,4.2421594
7348,7.348,0.39358988,4.214532
7349,7.349,0.39571315,4.2122436
7350,7.35,0.39323074,4.195448
7351,7.351,0.39670748,4.2291317
7352,7.352,0.39108253,4.184035
7353,7.353,0.38001272,4.2101455
7354,7.354,0.37689993,4.2051444
7355,7.355,0.37637994,4.240045
7356,7.356,0.3847749,4.227725
7357,7.357,0.38717526,4.219029
7358,7.358,0.3928346,4.213767
7359,7.359,0.39960092,4.230031
7360,7.36,0.3795852,4.2007856
7361,7.361,0.38521025,4.2161894
7362,7.362,0.3924767,4.227035
7363,7.363,0.3796964,4.214072
7364,7.364,0.380992,4.2206144
7365,7.365,0.37584352,4.1726966
7366,7.366,0.3605112,4.2048464
7367,7.367,0.35599178,4.1893115
7368,7.368,0.36422896,4.2002983
7369,7.369,0.34948844,4.2034297
7370,7.37,0.3587974,4.167369
7371,7.371,0.3526171,4.202044
7372,7.372,0.36220554,4.189774
7373,7.373,0.3462265,4.1918006
7374,7.374,0.347258,4.158507
7375,7.375,0.3384341,4.19241
7376,7.376,0.3527544,4.1533637
7377,7.377,0.34926692,4.1434407
7378,7.378,0.34685272,4.1631346
7379,7.379,0.3477127,4.1592464
7380,7.38,0.33213982,4.1461487
7381,7.381,0.3337555,4.1817284
7382,7.382,0.344617,4.1691966
7383,7.383,0.3540033,4.1670384
7384,7.384,0.34865704,4.199601
7385,7.385,0.34902477,4.163284
7386,7.386,0.36022386,4.1595035
7387,7.387,0.3380825,4.1323447
7388,7.388,0.33314824,4.156639
7389,7.389,0.33398548,4.1614566
7390,7.39,0.3484853,4.1837783
7391,7.391,0.34428406,4.1650543
7392,7.392,0.33795983,4.155369
7393,7.393,0.36137375,4.1546965
7394,7.394,0.35131443,4.170384
7395,7.395,0.35636076,4.173568
7396,7.396,0.33640274,4.1658554
7397,7.397,0.3358941,4.203482
7398,7.398,0.3586878,4.198067
7399,7.399,0.35327834,4.1984105
7400,7.4,0.3404844,4.197406
7401,7.401,0.34313032,4.1804423
7402,7.402,0.33175188,4.176234
7403,7.403,0.33108652,4.1955996
7404,7.404,0.3440522,4.1611614
7405,7.405,0.35423195,4.21513
7406,7.406,0.35133228,4.185365
7407,7.407,0.34876642,4.1699452
7408,7.408,0.34542322,4.1825624
7409,7.409,0.34963825,4.209675
7410,7.41,0.35321787,4.214036
7411,7.411,0.36636636,4.2308226
7412,7.412,0.36327344,4.20134
7413,7.413,0.36515066,4.201849
7414,7.414,0.3550491,4.213627
7415,7.415,0.34763005,4.1782393
7416,7.416,0.3515652,4.180482
7417,7.417,0.35210323,4.228905
7418,7.418,0.34952894,4.1978974
7419,7.419,0.3453306,4.2142863
7420,7.42,0.35983303,4.196487
7421,7.421,0.36134148,4.1842666
7422,7.422,0.35492623,4.1990995
7423,7.423,0.35591727,4.1855826
7424,7.424,0.3435876,4.1757674
7425,7.425,0.35315725,4.1814675
7426,7.426,0.3540087,4.1825376
7427,7.427,0.3676296,4.1528563
7428,7.428,0.35588238,4.191676
7429,7.429,0.35387006,4.165316
7430,7.43,0.3559276,4.181827
7431,7.431,0.3577667,4.1754065
7432,7.432,0.36924085,4.172994
7433,7.433,0.34916472,4.194218
7434,7.434,0.35721955,4.195511
7435,7.435,0.37744638,4.160138
7436,7.436,0.368587,4.192419
7437,7.437,0.36989382,4.148464
7438,7.438,0.36464056,4.190492
7439,7.439,0.3613935,4.1782837
7440,7.44,0.33903116,4.1663675
7441,7.441,0.35226238,4.1570144
7442,7.442,0.3485455,4.1767044
7443,7.443,0.35565045,4.1854415
7444,7.444,0.34769166,4.183868
7445,7.445,0.36978608,4.195608
7446,7.446,0.34952894,4.1999717
7447,7.447,0.34145576,4.1994286
7448,7.448,0.34290612,4.1903086
7449,7.449,0.34105027,4.215946
7450,7.45,0.3411513,4.2035418
7451,7.451,0.34252784,4.1880927
7452,7.452,0.34912667,4.212941
7453,7.453,0.3615786,4.2143297
7454,7.454,0.35718736,4.243979
7455,7.455,0.3499189,4.187159
7456,7.456,0.34307384,4.1990795
7457,7.457,0.3476966,4.2082624
7458,7.458,0.34118357,4.1862803
7459,7.459,0.33890337,4.1780753
7460,7.46,0.34759927,4.2233386
7461,7.461,0.35581994,4.2146606
7462,7.462,0.3371536,4.206835
7463,7.463,0.35309243,4.226687
7464,7.464,0.3457003,4.2025957
7465,7.465,0.36171958,4.197429
7466,7.466,0.3515014,4.1858835
7467,7.467,0.35956687,4.172495
7468,7.468,0.35215408,4.157166
7469,7.469,0.34933034,4.177096
7470,7.47,0.33606568,4.201404
7471,7.471,0.3445895,4.1826196
7472,7.472,0.33595142,4.1772423
7473,7.473,0.33285058,4.164187
7474,7.474,0.3400014,4.1677327
7475,7.475,0.3351481,4.1372843
7476,7.476,0.3472897,4.1768775
7477,7.477,0.33876628,4.151758
7478,7.478,0.34085828,4.154738
7479,7.479,0.35578865,4.190739
7480,7.48,0.35304052,4.1726556
7481,7.481,0.3577782,4.1793456
7482,7.482,0.36047435,4.1967454
7483,7.483,0.34390622,4.215962
7484,7.484,0.36571467,4.227444
7485,7.485,0.35848516,4.227586
7486,7.486,0.35298038,4.2345967
7487,7.487,0.34918568,4.22559
7488,7.488,0.35851333,4.1958365
7489,7.489,0.36525562,4.1949067
7490,7.49,0.3697312,4.2198005
7491,7.491,0.3535668,4.204642
7492,7.492,0.36353505,4.21037
7493,7.493,0.36036184,4.2280927
7494,7.494,0.35779014,4.1888776
7495,7.495,0.35371953,4.21268
7496,7.496,0.35604328,4.1930223
7497,7.497,0.3620791,4.1866727
7498,7.498,0.36070478,4.2102065
7499,7.499,0.3725895,4.2132196
7500,7.5,0.35873446,4.186393
7501,7.501,0.3597865,4.170253
7502,7.502,0.37163395,4.184707
7503,7.503,0.3789685,4.177898
7504,7.504,0.39720634,4.163663
7505,7.505,0.38757297,4.2155714
7506,7.506,0.40004957,4.179986
7507,7.507,0.40174693,4.182188
7508,7.508,0.395103,4.1729193
7509,7.509,0.40972468,4.186726
7510,7.51,0.38667604,4.2168365
7511,7.511,0.38585722,4.199293
7512,7.512,0.39102638,4.1889806
7513,7.513,0.39016694,4.204707
7514,7.514,0.39888838,4.1845098
7515,7.515,0.3939446,4.19416
7516,7.516,0.40003026,4.190926
7517,7.517,0.3857089,4.192944
7518,7.518,0.3846799,4.221208
7519,7.519,0.37917504,4.192284
7520,7.52,0.37433705,4.192045
7521,7.521,0.37913546,4.190603
7522,7.522,0.37347052,4.16055
7523,7.523,0.3689629,4.1567435
7524,7.524,0.3752675,4.176514
7525,7.525,0.35373244,4.1889324
7526,7.526,0.347638,4.187384
7527,7.527,0.35556862,4.163827
7528,7.528,0.36149427,4.200623
7529,7.529,0.35355774,4.200903
7530,7.53,0.36453122,4.1718426
7531,7.531,0.36805528,4.168638
7532,7.532,0.3556572,4.194521
7533,7.533,0.35770407,4.1630297
7534,7.534,0.3602657,4.1591167
7535,7.535,0.35183173,4.141308
7536,7.536,0.35481977,4.150163
7537,7.537,0.37318307,4.160613
7538,7.538,0.3611186,4.14693
7539,7.539,0.36467406,4.1826296
7540,7.54,0.35061705,4.1899843
7541,7.541,0.35743013,4.1972976
7542,7.542,0.34734622,4.192153
7543,7.543,0.3489421,4.240498
7544,7.544,0.3468318,4.190712
7545,7.545,0.34911415,4.226858
7546,7.546,0.34576255,4.2258816
7547,7.547,0.36073166,4.2048593
7548,7.548,0.3661673,4.1942306
7549,7.549,0.36895072,4.209731
7550,7.55,0.36075947,4.2187066
7551,7.551,0.36149105,4.2101383
7552,7.552,0.35077125,4.218668
7553,7.553,0.34007904,4.240878
7554,7.554,0.3492544,4.179368
7555,7.555,0.34957048,4.2323275
7556,7.556,0.34092703,4.2337785
7557,7.557,0.3314242,4.1903453
7558,7.558,0.352697,4.217331
7559,7.559,0.32828248,4.1979184
7560,7.56,0.33786732,4.2548466
7561,7.561,0.34605196,4.200059
7562,7.562,0.34742576,4.232632
7563,7.563,0.34117725,4.2020626
7564,7.564,0.35322502,4.1902146
7565,7.565,0.36339328,4.2090387
7566,7.566,0.36816278,4.1822324
7567,7.567,0.359769,4.18504
7568,7.568,0.3661347,4.1975813
7569,7.569,0.36664167,4.20606
7570,7.57,0.36735234,4.225818
7571,7.571,0.36780137,4.20898
7572,7.572,0.36914098,4.2134686
7573,7.573,0.3777648,4.186928
7574,7.574,0.386794,4.2089396
7575,7.575,0.37831634,4.1978607
7576,7.576,0.37621388,4.2135625
7577,7.577,0.388316,4.2031064
7578,7.578,0.3795695,4.207665
7579,7.579,0.38577524,4.2085357
7580,7.58,0.38054746,4.1885324
7581,7.581,0.38993907,4.1739187
7582,7.582,0.394486,4.1848497
7583,7.583,0.39668357,4.2183747
7584,7.584,0.37544045,4.2000933
7585,7.585,0.3743581,4.186155
7586,7.586,0.38494685,4.201251
7587,7.587,0.3872798,4.1989355
7588,7.588,0.382152,4.202012
7589,7.589,0.3846431,4.200012
7590,7.59,0.3902046,4.217816
7591,7.591,0.3901503,4.1807523
7592,7.592,0.39064917,4.197044
7593,7.593,0.38942876,4.1902437
7594,7.594,0.397037,4.195885
7595,7.595,0.39309335,4.167837
7596,7.596,0.38981393,4.185507
7597,7.597,0.3904205,4.176258
7598,7.598,0.39624175,4.2313557
7599,7.599,0.3867849,4.2365417
7600,7.6,0.40388104,4.2222376
7601,7.601,0.3917931,4.2024956
7602,7.602,0.3842366,4.1942606
7603,7.603,0.3879721,4.212773
7604,7.604,0.3865819,4.2322373
7605,7.605,0.37956187,4.1562057
7606,7.606,0.37097502,4.1779914
7607,7.607,0.38113132,4.1870646
7608,7.608,0.3776351,4.160964
7609,7.609,0.38436595,4.1646285
7610,7.61,0.3761991,4.118152
7611,7.611,0.3807167,4.1635
7612,7.612,0.3729761,4.1581397
7613,7.613,0.3706063,4.1451597
7614,7.614,0.39394638,4.1635838
7615,7.615,0.37898988,4.1671185
7616,7.616,0.37630588,4.1879826
7617,7.617,0.3734674,4.1950364
7618,7.618,0.36433968,4.164043
7619,7.619,0.37224263,4.185566
7620,7.62,0.36655322,4.17427
7621,7.621,0.3708291,4.179473
7622,7.622,0.3689811,4.166834
7623,7.623,0.36395505,4.165298
7624,7.624,0.36541003,4.1744027
7625,7.625,0.3533922,4.1977344
7626,7.626,0.36821106,4.2005506
7627,7.627,0.37907168,4.205697
7628,7.628,0.37353146,4.190458
7629,7.629,0.3807713,4.2033176
7630,7.63,0.378263,4.203842
7631,7.631,0.3839029,4.2138333
7632,7.632,0.36870384,4.215024
7633,7.633,0.37251186,4.184882
7634,7.634,0.3835774,4.1782556
7635,7.635,0.37785923,4.192895
7636,7.636,0.37923867,4.2082386
7637,7.637,0.3737837,4.1880064
7638,7.638,0.3874857,4.221184
7639,7.639,0.3774361,4.1981425
7640,7.64,0.38242656,4.145026
7641,7.641,0.39531225,4.194315
7642,7.642,0.39680812,4.1682043
7643,7.643,0.40602034,4.1822
7644,7.644,0.40436763,4.1638947
7645,7.645,0.3964036,4.1552553
7646,7.646,0.40327704,4.177667
7647,7.647,0.41302595,4.1545763
7648,7.648,0.4157283,4.16404
7649,7.649,0.40368935,4.1592965
7650,7.65,0.4018818,4.1898456
7651,7.651,0.39679384,4.166361
7652,7.652,0.39249435,4.156591
7653,7.653,0.41645762,4.137672
7654,7.654,0.41720325,4.137223
7655,7.655,0.4125105,4.1721773
7656,7.656,0.40530232,4.1810145
7657,7.657,0.40536577,4.171777
7658,7.658,0.410403,4.1868424
7659,7.659,0.39506283,4.1635394
7660,7.66,0.39483485,4.185662
7661,7.661,0.39406812,4.1585727
7662,7.662,0.40373486,4.162141
7663,7.663,0.39223406,4.1454115
7664,7.664,0.39256293,4.175526
7665,7.665,0.393467,4.164114
7666,7.666,0.39435327,4.140335
7667,7.667,0.39343935,4.134193
7668,7.668,0.40303528,4.132611
7669,7.669,0.38902202,4.153837
7670,7.67,0.38600916,4.1492205
7671,7.671,0.38911757,4.1440687
7672,7.672,0.39691928,4.143758
7673,7.673,0.4003436,4.1366553
7674,7.674,0.41261622,4.1689086
7675,7.675,0.4051205,4.1715584
7676,7.676,0.40024185,4.178564
7677,7.677,0.40886337,4.150164
7678,7.678,0.39874685,4.222886
7679,7.679,0.39242983,4.173008
7680,7.68,0.38412353,4.169538
7681,7.681,0.39072344,4.1508083
7682,7.682,0.38608056,4.169446
7683,7.683,0.3887518,4.152825
7684,7.684,0.3999252,4.1682353
7685,7.685,0.3913896,4.1485267
7686,7.686,0.3815755,4.1418233
7687,7.687,0.39289442,4.149359
7688,7.688,0.38698387,4.1551113
7689,7.689,0.383481,4.140531
7690,7.69,0.38833138,4.1684155
7691,7.691,0.38373578,4.1393304
7692,7.692,0.3687387,4.155608
7693,7.693,0.38530096,4.1622605
7694,7.694,0.39408216,4.1592073
7695,7.695,0.4013128,4.186903
7696,7.696,0.41233206,4.1792464
7697,7.697,0.40376502,4.189336
7698,7.698,0.41880742,4.2072983
7699,7.699,0.41631132,4.1776004
7700,7.7,0.4218928,4.17303
7701,7.701,0.4159757,4.143938
7702,7.702,0.43088812,4.1538053
7703,7.703,0.44647098,4.1933637
7704,7.704,0.44169363,4.1821384
7705,7.705,0.4418555,4.2295265
7706,7.706,0.42626694,4.2483716
7707,7.707,0.41407067,4.183263
7708,7.708,0.41228423,4.199469
7709,7.709,0.43392256,4.2152653
7710,7.71,0.45191824,4.1824164
7711,7.711,0.41998327,4.206353
7712,7.712,0.42586616,4.2198415
7713,7.713,0.43453842,4.234861
7714,7.714,0.42447704,4.22023
7715,7.715,0.4184255,4.184793
7716,7.716,0.42446822,4.1666527
7717,7.717,0.4119257,4.18843
7718,7.718,0.42449003,4.18643
7719,7.719,0.42455733,4.193079
7720,7.72,0.42203847,4.170273
7721,7.721,0.4186654,4.2020054
7722,7.722,0.42227173,4.1589212
7723,7.723,0.4153834,4.1662726
7724,7.724,0.40889484,4.1563516
7725,7.725,0.4219918,4.1591177
7726,7.726,0.42248884,4.1830044
7727,7.727,0.41491264,4.1659236
7728,7.728,0.4276548,4.1641045
7729,7.729,0.4293326,4.1821136
7730,7.73,0.40065348,4.1306973
7731,7.731,0.3963267,4.122253
7732,7.732,0.41572255,4.1309257
7733,7.733,0.4119475,4.1902475
7734,7.734,0.4128675,4.1816406
7735,7.735,0.4076366,4.152206
7736,7.736,0.41625395,4.1376705
7737,7.737,0.40698934,4.1617856
7738,7.738,0.41365924,4.1789746
7739,7.739,0.41182768,4.1557884
7740,7.74,0.40585133,4.2316155
7741,7.741,0.3981055,4.184942
7742,7.742,0.4034395,4.181115
7743,7.743,0.39344105,4.2392774
7744,7.744,0.39468703,4.233905
7745,7.745,0.39279592,4.23662
7746,7.746,0.3923831,4.191667
7747,7.747,0.39100394,4.2357
7748,7.748,0.39211583,4.1906476
7749,7.749,0.3721813,4.2045183
7750,7.75,0.3740378,4.197775
7751,7.751,0.3739042,4.2069063
7752,7.752,0.36689967,4.1744394
7753,7.753,0.37946984,4.2107153
7754,7.754,0.37342313,4.2301106
7755,7.755,0.37495938,4.2123246
7756,7.756,0.37847033,4.2248535
7757,7.757,0.3753434,4.242169
7758,7.758,0.38702568,4.226147
7759,7.759,0.3818851,4.227096
7760,7.76,0.38466358,4.202968
7761,7.761,0.3758095,4.2458134
7762,7.762,0.37108663,4.236488
7763,7.763,0.38947514,4.2069836
7764,7.764,0.38786322,4.220989
7765,7.765,0.3878337,4.1828804
7766,7.766,0.38972917,4.2017794
7767,7.767,0.3885551,4.2553015
7768,7.768,0.37750036,4.2578835
7769,7.769,0.38152316,4.1839995
7770,7.77,0.381256,4.231148
7771,7.771,0.379426,4.196724
7772,7.772,0.3798393,4.2265162
7773,7.773,0.38907835,4.2287326
7774,7.774,0.3796405,4.2415996
7775,7.775,0.38691202,4.232369
7776,7.776,0.39478022,4.198389
7777,7.777,0.39701405,4.22052
7778,7.778,0.4142141,4.244973
7779,7.779,0.40992826,4.1961665
7780,7.78,0.40948644,4.171558
7781,7.781,0.41090068,4.186612
7782,7.782,0.41070575,4.1893816
7783,7.783,0.40489793,4.1657634
7784,7.784,0.4134726,4.1945887
7785,7.785,0.41213983,4.1758056
7786,7.786,0.41707322,4.1849394
7787,7.787,0.38762408,4.2236385
7788,7.788,0.38571784,4.190989
7789,7.789,0.38197744,4.1982284
7790,7.79,0.39539126,4.186383
7791,7.791,0.38573283,4.1618886
7792,7.792,0.39135548,4.1802583
7793,7.793,0.40119272,4.2088614
7794,7.794,0.40365577,4.2065988
7795,7.795,0.3999376,4.187255
7796,7.796,0.39428046,4.1825476
7797,7.797,0.3818247,4.1612926
7798,7.798,0.38878646,4.166398
7799,7.799,0.38196084,4.184621
7800,7.8,0.39000508,4.168098
7801,7.801,0.38792968,4.1721606
7802,7.802,0.39532158,4.188078
7803,7.803,0.38867867,4.197531
7804,7.804,0.38300243,4.2128963
7805,7.805,0.39485705,4.182094
7806,7.806,0.39092094,4.1517916
7807,7.807,0.38439998,4.1461697
7808,7.808,0.386615,4.1830397
7809,7.809,0.39815465,4.1633973
7810,7.81,0.3894528,4.136914
7811,7.811,0.39040583,4.167019
7812,7.812,0.40160137,4.1371636
7813,7.813,0.39741114,4.115805
7814,7.814,0.38661548,4.1690173
7815,7.815,0.38396958,4.1610045
7816,7.816,0.3912789,4.1748366
7817,7.817,0.39396396,4.1572995
7818,7.818,0.38595495,4.180007
7819,7.819,0.37501165,4.174986
7820,7.82,0.3859271,4.1852317
7821,7.821,0.39262828,4.197494
7822,7.822,0.40248808,4.143779
7823,7.823,0.40096962,4.1690183
7824,7.824,0.40199447,4.1671205
7825,7.825,0.40668246,4.1529813
7826,7.826,0.41666466,4.16034
7827,7.827,0.41143677,4.1570168
7828,7.828,0.41496128,4.1777287
7829,7.829,0.4122585,4.165679
7830,7.83,0.40439275,4.160461
7831,7.831,0.41833454,4.1704645
7832,7.832,0.40444538,4.15258
7833,7.833,0.39301467,4.1727705
7834,7.834,0.38893646,4.182797
7835,7.835,0.3910922,4.164077
7836,7.836,0.3889121,4.17521
7837,7.837,0.40471432,4.1840506
7838,7.838,0.39679247,4.1522603
7839,7.839,0.40768307,4.1887245
7840,7.84,0.40720165,4.1531973
7841,7.841,0.40791136,4.189367
7842,7.842,0.39864036,4.1712384
7843,7.843,0.39317903,4.1980643
7844,7.844,0.40838215,4.170196
7845,7.845,0.40338397,4.158344
7846,7.846,0.39186585,4.164516
7847,7.847,0.40619427,4.182076
7848,7.848,0.3959429,4.1661925
7849,7.849,0.40587467,4.1707573
7850,7.85,0.41361097,4.169369
7851,7.851,0.40789598,4.185897
7852,7.852,0.402392,4.1694264
7853,7.853,0.40019065,4.160104
7854,7.854,0.40095317,4.1383767
7855,7.855,0.41535547,4.1389556
7856,7.856,0.41492492,4.156688
7857,7.857,0.40835187,4.1519704
7858,7.858,0.4157321,4.127613
7859,7.859,0.41524008,4.136683
7860,7.86,0.40568188,4.193196
7861,7.861,0.40477994,4.1822386
7862,7.862,0.40987435,4.122131
7863,7.863,0.39437494,4.1382113
7864,7.864,0.4048209,4.15214
7865,7.865,0.40279996,4.197328
7866,7.866,0.41101956,4.1760855
7867,7.867,0.4137135,4.1861424
7868,7.868,0.42461827,4.1565504
7869,7.869,0.41654056,4.1503134
7870,7.87,0.3931346,4.1453867
7871,7.871,0.40749788,4.1836047
7872,7.872,0.40879986,4.178181
7873,7.873,0.40484673,4.1222253
7874,7.874,0.42093962,4.144742
7875,7.875,0.41340318,4.151971
7876,7.876,0.42415622,4.1287694
7877,7.877,0.41941828,4.102612
7878,7.878,0.42884645,4.1234417
7879,7.879,0.41670397,4.1146016
7880,7.88,0.4146848,4.1573277
7881,7.881,0.42306668,4.1177206
7882,7.882,0.4251011,4.1176453
7883,7.883,0.41850084,4.1038384
7884,7.884,0.4226771,4.1408467
7885,7.885,0.41558856,4.137822
7886,7.886,0.41964647,4.1299305
7887,7.887,0.41336286,4.1453304
7888,7.888,0.43264082,4.1024957
7889,7.889,0.44658795,4.1300116
7890,7.89,0.4381685,4.13441
7891,7.891,0.43736228,4.141879
7892,7.892,0.42993766,4.1250453
7893,7.893,0.4316395,4.127053
7894,7.894,0.44273347,4.166114
7895,7.895,0.42653823,4.166317
7896,7.896,0.42705828,4.126717
7897,7.897,0.44482264,4.1213603
7898,7.898,0.44606018,4.1002707
7899,7.899,0.44509858,4.11956
7900,7.9,0.44098383,4.1365433
7901,7.901,0.41879877,4.124647
7902,7.902,0.429494,4.1300583
7903,7.903,0.4343021,4.1007996
7904,7.904,0.42437327,4.1044793
7905,7.905,0.42835692,4.1080904
7906,7.906,0.42347848,4.0975885
7907,7.907,0.423195,4.124401
7908,7.908,0.42091683,4.1246095
7909,7.909,0.4223332,4.1496887
7910,7.91,0.4316833,4.110419
7911,7.911,0.41447583,4.1416264
7912,7.912,0.43257228,4.147571
7913,7.913,0.4162674,4.1380377
7914,7.914,0.42960817,4.1205635
7915,7.915,0.4260781,4.1264987
7916,7.916,0.42430097,4.1301184
7917,7.917,0.43334833,4.133871
7918,7.918,0.43515965,4.12828
7919,7.919,0.45312086,4.134036
7920,7.92,0.45771053,4.1139894
7921,7.921,0.4382853,4.1393538
7922,7.922,0.44490272,4.1241755
7923,7.923,0.43906456,4.1638403
7924,7.924,0.43874416,4.1323357
7925,7.925,0.4575143,4.111471
7926,7.926,0.4438325,4.0982823
7927,7.927,0.44801432,4.101093
7928,7.928,0.46282417,4.0912647
7929,7.929,0.45317286,4.1071234
7930,7.93,0.45599914,4.0906386
7931,7.931,0.47628284,4.1164904
7932,7.932,0.46884647,4.1159534
7933,7.933,0.46149945,4.1576257
7934,7.934,0.4643364,4.0726233
7935,7.935,0.4684987,4.092637
7936,7.936,0.4547352,4.1631603
7937,7.937,0.46172324,4.1099157
7938,7.938,0.45789948,4.125444
7939,7.939,0.46075612,4.140704
7940,7.94,0.45456636,4.126044
7941,7.941,0.44911492,4.1479173
7942,7.942,0.44725043,4.151807
7943,7.943,0.43947446,4.124107
7944,7.944,0.4452709,4.088523
7945,7.945,0.45076823,4.100592
7946,7.946,0.44788718,4.123585
7947,7.947,0.44683373,4.113474
7948,7.948,0.44452453,4.1111493
7949,7.949,0.44117698,4.1081777
7950,7.95,0.4473218,4.1025515
7951,7.951,0.44279385,4.1023164
7952,7.952,0.43790296,4.0867834
7953,7.953,0.44138652,4.0995855
7954,7.954,0.45314604,4.1323695
7955,7.955,0.44243932,4.081529
7956,7.956,0.45265535,4.1236753
7957,7.957,0.4480919,4.1036735
7958,7.958,0.44488412,4.1340637
7959,7.959,0.43919045,4.088585
7960,7.96,0.4216825,4.116821
7961,7.961,0.42181447,4.1519027
7962,7.962,0.41215116,4.149691
7963,7.963,0.42056212,4.107251
7964,7.964,0.43236163,4.112254
7965,7.965,0.41567925,4.108322
7966,7.966,0.44159293,4.1089377
7967,7.967,0.42538014,4.092992
7968,7.968,0.42289916,4.0875177
7969,7.969,0.42322046,4.10543
7970,7.97,0.41568303,4.1294312
7971,7.971,0.43162987,4.0958433
7972,7.972,0.4239909,4.0913076
7973,7.973,0.42726907,4.1207967
7974,7.974,0.4391347,4.076794
7975,7.975,0.43422404,4.1128855
7976,7.976,0.4371496,4.090135
7977,7.977,0.43412527,4.1135015
7978,7.978,0.43290427,4.101208
7979,7.979,0.42276815,4.1133432
7980,7.98,0.40963614,4.0951858
7981,7.981,0.41115785,4.115795
7982,7.982,0.40056384,4.129439
7983,7.983,0.407102,4.178411
7984,7.984,0.42222145,4.127012
7985,7.985,0.41817832,4.14815
7986,7.986,0.4301753,4.158414
7987,7.987,0.41283506,4.15478
7988,7.988,0.41769162,4.151933
7989,7.989,0.4146062,4.153864
7990,7.99,0.42243198,4.1568594
7991,7.991,0.4100618,4.1483316
7992,7.992,0.41927624,4.1360283
7993,7.993,0.40720922,4.1226096
7994,7.994,0.39320272,4.1152816
7995,7.995,0.38445127,4.1303144
7996,7.996,0.389561,4.140103
7997,7.997,0.40120563,4.161276
7998,7.998,0.40054026,4.1817603
7999,7.999,0.39001292,4.204616
8000,8.0,0.38373923,4.17138
8001,8.001,0.3867959,4.1683555
8002,8.002,0.38383046,4.1879773
8003,8.003,0.38735703,4.1737447
8004,8.004,0.3848091,4.1810746
8005,8.005,0.38420746,4.149023
8006,8.006,0.38004607,4.154537
8007,8.007,0.3874893,4.140327
8008,8.008,0.38886526,4.147359
8009,8.009,0.38984045,4.1286197
8010,8.01,0.37932286,4.136789
8011,8.011,0.3842712,4.1450295
8012,8.012,0.39222518,4.183128
8013,8.013,0.3922172,4.1888433
8014,8.014,0.38409454,4.1452546
8015,8.015,0.3872528,4.157385
8016,8.016,0.36761922,4.1452456
8017,8.017,0.38617903,4.1407065
8018,8.018,0.37739763,4.157004
8019,8.019,0.3907447,4.194948
8020,8.02,0.38496754,4.2038755
8021,8.021,0.3954419,4.1754184
8022,8.022,0.4016121,4.1877723
8023,8.023,0.3838651,4.1772165
8024,8.024,0.38545638,4.1892247
8025,8.025,0.38711423,4.186383
8026,8.026,0.3864778,4.2078485
8027,8.027,0.38461432,4.202141
8028,8.028,0.38879803,4.2216473
8029,8.029,0.3759353,4.208251
8030,8.03,0.37423596,4.147582
8031,8.031,0.40516627,4.1719017
8032,8.032,0.38453433,4.158774
8033,8.033,0.38909018,4.169706
8034,8.034,0.3898201,4.146249
8035,8.035,0.3813985,4.1614647
8036,8.036,0.38834453,4.1472535
8037,8.037,0.3884464,4.15976
8038,8.038,0.3894144,4.180927
8039,8.039,0.3945934,4.1792974
8040,8.04,0.40420404,4.177487
8041,8.041,0.4102098,4.1778455
8042,8.042,0.4210815,4.194928
8043,8.043,0.42850068,4.1610093
8044,8.044,0.41086578,4.1833043
8045,8.045,0.40163678,4.1815486
8046,8.046,0.40635374,4.16632
8047,8.047,0.39445576,4.183636
8048,8.048,0.39408645,4.1734667
8049,8.049,0.3829147,4.1720552
8050,8.05,0.38015494,4.1587286
8051,8.051,0.37736642,4.18009
8052,8.052,0.39154536,4.184171
8053,8.053,0.3852955,4.1989975
8054,8.054,0.3795262,4.190586
8055,8.055,0.38604882,4.205453
8056,8.056,0.38548318,4.170643
8057,8.057,0.39170215,4.1857266
8058,8.058,0.38707593,4.195759
8059,8.059,0.40844852,4.1770177
8060,8.06,0.400694,4.1788073
8061,8.061,0.4147696,4.1819572
8062,8.062,0.41734752,4.1795316
8063,8.063,0.42259312,4.169549
8064,8.064,0.4066531,4.2039
8065,8.065,0.42527694,4.203273
8066,8.066,0.41533473,4.2020035
8067,8.067,0.4121955,4.2220044
8068,8.068,0.408176,4.2106915
8069,8.069,0.41145223,4.2105556
8070,8.07,0.4129401,4.179101
8071,8.071,0.40333545,4.188431
8072,8.072,0.39214203,4.19781
8073,8.073,0.38077325,4.15603
8074,8.074,0.38218,4.1577945
8075,8.075,0.368254,4.1776876
8076,8.076,0.38024145,4.192934
8077,8.077,0.37170687,4.1377454
8078,8.078,0.37979263,4.1744676
8079,8.079,0.38373283,4.1761823
8080,8.08,0.39332297,4.1907177
8081,8.081,0.40331042,4.1830535
8082,8.082,0.39169565,4.208132
8083,8.083,0.38450778,4.2003193
8084,8.084,0.385853,4.179544
8085,8.085,0.39110038,4.1833954
8086,8.086,0.4025684,4.1823864
8087,8.087,0.39917257,4.2341194
8088,8.088,0.41161227,4.187441
8089,8.089,0.40935102,4.1994734
8090,8.09,0.4178663,4.209835
8091,8.091,0.40901527,4.196874
8092,8.092,0.38886917,4.196423
8093,8.093,0.3965169,4.1993923
8094,8.094,0.40932646,4.2029777
8095,8.095,0.40449193,4.2034283
8096,8.096,0.41646174,4.1993628
8097,8.097,0.40609732,4.189283
8098,8.098,0.4267115,4.224798
8099,8.099,0.41907412,4.214601
8100,8.1,0.41182935,4.19004
8101,8.101,0.43850234,4.1998034
8102,8.102,0.42445248,4.2050405
8103,8.103,0.42018318,4.2104316
8104,8.104,0.40960008,4.2330394
8105,8.105,0.4140411,4.218795
8106,8.106,0.42502555,4.2345243
8107,8.107,0.40719274,4.19092
8108,8.108,0.38901967,4.192803
8109,8.109,0.38607305,4.2246733
8110,8.11,0.39263684,4.2434707
8111,8.111,0.39488262,4.2359138
8112,8.112,0.40524834,4.216342
8113,8.113,0.39787894,4.222946
8114,8.114,0.3975691,4.231747
8115,8.115,0.39847642,4.1846943
8116,8.116,0.38444856,4.2293677
8117,8.117,0.39568344,4.2275615
8118,8.118,0.38827306,4.2201176
8119,8.119,0.39328676,4.2183585
8120,8.12,0.40157858,4.231556
8121,8.121,0.3900779,4.1996245
8122,8.122,0.3894193,4.1786413
8123,8.123,0.3891128,4.218979
8124,8.124,0.38681927,4.2287908
8125,8.125,0.3905995,4.1859903
8126,8.126,0.38541862,4.1771436
8127,8.127,0.4001101,4.1888094
8128,8.128,0.39387462,4.1836786
8129,8.129,0.39561284,4.212205
8130,8.13,0.37600622,4.202739
8131,8.131,0.38015905,4.197022
8132,8.132,0.3788007,4.1839466
8133,8.133,0.36929244,4.189516
8134,8.134,0.38843277,4.17479
8135,8.135,0.38145494,4.173704
8136,8.136,0.38195014,4.201779
8137,8.137,0.38660243,4.204101
8138,8.138,0.3785716,4.2092
8139,8.139,0.38468614,4.234181
8140,8.14,0.39315242,4.182667
8141,8.141,0.38282132,4.163491
8142,8.142,0.38151407,4.196105
8143,8.143,0.37644762,4.1988945
8144,8.144,0.3849367,4.2036147
8145,8.145,0.37911633,4.1897473
8146,8.146,0.36505947,4.188036
8147,8.147,0.37072068,4.1668863
8148,8.148,0.36426646,4.207031
8149,8.149,0.3615023,4.1753416
8150,8.15,0.36926293,4.211704
8151,8.151,0.370645,4.2006197
8152,8.152,0.38488856,4.2150526
8153,8.153,0.36546037,4.1917944
8154,8.154,0.37977466,4.2194686
8155,8.155,0.37276655,4.242228
8156,8.156,0.37328923,4.2129006
8157,8.157,0.36400658,4.2330837
8158,8.158,0.3542106,4.2177753
8159,8.159,0.36041853,4.22933
8160,8.16,0.3627109,4.2236905
8161,8.161,0.3590151,4.204669
8162,8.162,0.35619462,4.1751304
8163,8.163,0.34531116,4.1749387
8164,8.164,0.36749735,4.1467705
8165,8.165,0.37599036,4.127286
8166,8.166,0.36259618,4.1572847
8167,8.167,0.37062806,4.1748815
8168,8.168,0.3743696,4.2043343
8169,8.169,0.38700217,4.1606636
8170,8.17,0.38887286,4.16861
8171,8.171,0.40019548,4.212058
8172,8.172,0.39345467,4.2087865
8173,8.173,0.415358,4.1799726
8174,8.174,0.4097279,4.200029
8175,8.175,0.408576,4.183533
8176,8.176,0.4110979,4.2203984
8177,8.177,0.40725848,4.1824617
8178,8.178,0.38923168,4.199841
8179,8.179,0.3782887,4.1821733
8180,8.18,0.3918777,4.177565
8181,8.181,0.38449672,4.205147
8182,8.182,0.39579043,4.1809382
8183,8.183,0.39113232,4.1445746
8184,8.184,0.39467642,4.178034
8185,8.185,0.38758123,4.1722593
8186,8.186,0.40291375,4.2271094
8187,8.187,0.39362055,4.1887445
8188,8.188,0.39509585,4.1963887
8189,8.189,0.39883202,4.202996
8190,8.19,0.37545517,4.196471
8191,8.191,0.40159145,4.201139
8192,8.192,0.39512545,4.1841273
8193,8.193,0.39281878,4.19496
8194,8.194,0.39497873,4.1533933
8195,8.195,0.40787637,4.176462
8196,8.196,0.39909825,4.1859956
8197,8.197,0.3951499,4.1333985
8198,8.198,0.39653343,4.1644354
8199,8.199,0.42765123,4.1702394
8200,8.2,0.41818243,4.141349
8201,8.201,0.42958698,4.15784
8202,8.202,0.4299969,4.161701
8203,8.203,0.43125045,4.1523566
8204,8.204,0.41696477,4.1309395
8205,8.205,0.42431808,4.134419
8206,8.206,0.4307973,4.126823
8207,8.207,0.4229263,4.1337147
8208,8.208,0.40506673,4.1469126
8209,8.209,0.41486257,4.116849
8210,8.21,0.41729903,4.1390805
8211,8.211,0.42167282,4.136373
8212,8.212,0.43788412,4.1645617
8213,8.213,0.44167566,4.1508493
8214,8.214,0.42249104,4.1825485
8215,8.215,0.43055078,4.13659
8216,8.216,0.42007613,4.146213
8217,8.217,0.42129043,4.1963387
8218,8.218,0.4183405,4.1991386
8219,8.219,0.42003167,4.1697702
8220,8.22,0.4143618,4.155329
8221,8.221,0.41609186,4.169811
8222,8.222,0.4172289,4.1820593
8223,8.223,0.41327024,4.1745205
8224,8.224,0.41581792,4.163407
8225,8.225,0.40884775,4.13537
8226,8.226,0.41304657,4.1229305
8227,8.227,0.40721068,4.1167893
8228,8.228,0.40812972,4.109374
8229,8.229,0.40416926,4.1313233
8230,8.23,0.39143273,4.1482787
8231,8.231,0.39165023,4.161638
8232,8.232,0.40231118,4.137141
8233,8.233,0.40511048,4.143403
8234,8.234,0.41355005,4.1811476
8235,8.235,0.41462797,4.1401215
8236,8.236,0.40738046,4.1587334
8237,8.237,0.40949208,4.1280828
8238,8.238,0.41506845,4.1446824
8239,8.239,0.42260045,4.1431384
8240,8.24,0.41308203,4.1374416
8241,8.241,0.41236684,4.165153
8242,8.242,0.40580654,4.174004
8243,8.243,0.41370147,4.145301
8244,8.244,0.42567807,4.1337366
8245,8.245,0.40857828,4.12371
8246,8.246,0.42082343,4.144287
8247,8.247,0.42485476,4.1315613
8248,8.248,0.41719374,4.1557074
8249,8.249,0.41476142,4.1309505
8250,8.25,0.4207753,4.107884
8251,8.251,0.40939483,4.133653
8252,8.252,0.41015777,4.1532063
8253,8.253,0.41148946,4.1403055
8254,8.254,0.41928196,4.154814
8255,8.255,0.4116028,4.1439786
8256,8.256,0.40624136,4.158493
8257,8.257,0.40520158,4.1590147
8258,8.258,0.41222918,4.178996
8259,8.259,0.42204922,4.151905
8260,8.26,0.4323065,4.1880584
8261,8.261,0.42333105,4.1660275
8262,8.262,0.3960706,4.165094
8263,8.263,0.4219372,4.1669655
8264,8.264,0.42378086,4.207728
8265,8.265,0.42472506,4.1919055
8266,8.266,0.41267788,4.2018604
8267,8.267,0.409271,4.174244
8268,8.268,0.4238655,4.1968446
8269,8.269,0.42755532,4.1824613
8270,8.27,0.4083641,4.2242007
8271,8.271,0.42173797,4.1758804
8272,8.272,0.40894577,4.1801195
8273,8.273,0.41668454,4.1931167
8274,8.274,0.41787997,4.192417
8275,8.275,0.41257545,4.166689
8276,8.276,0.42031693,4.216413
8277,8.277,0.4249507,4.1935124
8278,8.278,0.41251788,4.1864
8279,8.279,0.40795872,4.1993213
8280,8.28,0.43652976,4.149948
8281,8.281,0.43173406,4.1655545
8282,8.282,0.44837788,4.151352
8283,8.283,0.44149998,4.1496525
8284,8.284,0.434555,4.1448517
8285,8.285,0.41991022,4.153033
8286,8.286,0.42977047,4.1364536
8287,8.287,0.43639132,4.112955
8288,8.288,0.42663896,4.145284
8289,8.289,0.42206877,4.124854
8290,8.29,0.42082214,4.125051
8291,8.291,0.42981127,4.1560903
8292,8.292,0.43621844,4.154465
8293,8.293,0.4270412,4.1293683
8294,8.294,0.44466937,4.116444
8295,8.295,0.4332193,4.114492
8296,8.296,0.4243662,4.120168
8297,8.297,0.41105068,4.133629
8298,8.298,0.42122987,4.1078854
8299,8.299,0.43083778,4.1616025
8300,8.3,0.4220782,4.12113
8301,8.301,0.42110434,4.1674304
8302,8.302,0.42132634,4.173202
8303,8.303,0.41192168,4.16428
8304,8.304,0.41774184,4.152012
8305,8.305,0.41356298,4.119988
8306,8.306,0.40941724,4.137354
8307,8.307,0.41772696,4.130192
8308,8.308,0.41507778,4.1376376
8309,8.309,0.42880577,4.156037
8310,8.31,0.42556205,4.1458297
8311,8.311,0.43496442,4.1480885
8312,8.312,0.42578465,4.135705
8313,8.313,0.4300346,4.156377
8314,8.314,0.433588,4.176908
8315,8.315,0.4380415,4.1485205
8316,8.316,0.44297764,4.139109
8317,8.317,0.43150368,4.1297264
8318,8.318,0.4276348,4.14038
8319,8.319,0.41201493,4.116542
8320,8.32,0.4089969,4.0868754
8321,8.321,0.39178085,4.1179028
8322,8.322,0.39231214,4.165653
8323,8.323,0.39798865,4.1434855
8324,8.324,0.39456666,4.11911
8325,8.325,0.40677685,4.1520762
8326,8.326,0.40207446,4.1474943
8327,8.327,0.41102606,4.1362214
8328,8.328,0.39922753,4.094343
8329,8.329,0.41671553,4.109788
8330,8.33,0.42588773,4.0761843
8331,8.331,0.41003016,4.0896277
8332,8.332,0.39994204,4.0984073
8333,8.333,0.40434268,4.106172
8334,8.334,0.41689903,4.098595
8335,8.335,0.40117565,4.1296825
8336,8.336,0.39819467,4.1009626
8337,8.337,0.40702668,4.088895
8338,8.338,0.40992352,4.1202955
8339,8.339,0.4105503,4.1136765
8340,8.34,0.4011837,4.0841618
8341,8.341,0.3953672,4.106039
8342,8.342,0.3825274,4.171399
8343,8.343,0.38496402,4.139313
8344,8.344,0.39992258,4.1288886
8345,8.345,0.42413723,4.1432137
8346,8.346,0.41518894,4.1172595
8347,8.347,0.39844817,4.1423264
8348,8.348,0.39193642,4.1403217
8349,8.349,0.4023644,4.133164
8350,8.35,0.396432,4.126422
8351,8.351,0.39455536,4.1305833
8352,8.352,0.39129156,4.156797
8353,8.353,0.39504695,4.1166677
8354,8.354,0.3833405,4.1408663
8355,8.355,0.38679957,4.114038
8356,8.356,0.3762012,4.118656
8357,8.357,0.37690538,4.104975
8358,8.358,0.38603258,4.128088
8359,8.359,0.37372115,4.092655
8360,8.36,0.39068517,4.1295986
8361,8.361,0.38486892,4.0920396
8362,8.362,0.38239038,4.0895233
8363,8.363,0.38858193,4.077241
8364,8.364,0.3899913,4.0740614
8365,8.365,0.38846317,4.0993423
8366,8.366,0.38540918,4.0971713
8367,8.367,0.38640106,4.1185637
8368,8.368,0.39216995,4.0910025
8369,8.369,0.39011133,4.069593
8370,8.37,0.37975228,4.101428
8371,8.371,0.37663257,4.1432858
8372,8.372,0.38334686,4.1199384
8373,8.373,0.3737839,4.1280303
8374,8.374,0.37265348,4.1386833
8375,8.375,0.36896273,4.1123557
8376,8.376,0.3653223,4.1486707
8377,8.377,0.37390536,4.1021667
8378,8.378,0.37626174,4.108073
8379,8.379,0.37814146,4.112977
8380,8.38,0.37439984,4.1083775
8381,8.381,0.37384132,4.152159
8382,8.382,0.38135114,4.1369243
8383,8.383,0.38318166,4.1324377
8384,8.384,0.39349312,4.1228685
8385,8.385,0.37534964,4.1263385
8386,8.386,0.38642526,4.139086
8387,8.387,0.3747379,4.118961
8388,8.388,0.37970725,4.1256475
8389,8.389,0.3784861,4.1573277
8390,8.39,0.37716705,4.138032
8391,8.391,0.38311005,4.187829
8392,8.392,0.3728913,4.150873
8393,8.393,0.38952118,4.167369
8394,8.394,0.37605745,4.145238
8395,8.395,0.3674277,4.1533914
8396,8.396,0.3760684,4.15237
8397,8.397,0.36905026,4.1638265
8398,8.398,0.38215908,4.134093
8399,8.399,0.35694334,4.1807637
8400,8.4,0.3695858,4.211687
8401,8.401,0.35811272,4.178333
8402,8.402,0.3620611,4.2054276
8403,8.403,0.36476913,4.174898
8404,8.404,0.36263505,4.1821165
8405,8.405,0.37283933,4.1723948
8406,8.406,0.37538686,4.1536083
8407,8.407,0.364621,4.2194467
8408,8.408,0.38100815,4.211259
8409,8.409,0.38384393,4.1937237
8410,8.41,0.3713162,4.1865163
8411,8.411,0.3743443,4.2082253
8412,8.412,0.3616532,4.1650677
8413,8.413,0.3670216,4.162683
8414,8.414,0.38009772,4.209882
8415,8.415,0.37187195,4.2046237
8416,8.416,0.36819652,4.214521
8417,8.417,0.36049774,4.200788
8418,8.418,0.35699832,4.192023
8419,8.419,0.36403075,4.178815
8420,8.42,0.36271122,4.189697
8421,8.421,0.357826,4.174226
8422,8.422,0.37089804,4.153419
8423,8.423,0.36701235,4.1542926
8424,8.424,0.3741442,4.1500726
8425,8.425,0.3713175,4.1125894
8426,8.426,0.3776874,4.1823564
8427,8.427,0.36731032,4.1541615
8428,8.428,0.3705042,4.170024
8429,8.429,0.385319,4.134538
8430,8.43,0.37849358,4.1607404
8431,8.431,0.36868915,4.1620927
8432,8.432,0.37648308,4.1613235
8433,8.433,0.39240837,4.1513996
8434,8.434,0.38486332,4.1460996
8435,8.435,0.37707946,4.15257
8436,8.436,0.3760239,4.1793146
8437,8.437,0.37998146,4.161364
8438,8.438,0.38062942,4.1800785
8439,8.439,0.39173576,4.166148
8440,8.44,0.3913121,4.181957
8441,8.441,0.38128337,4.1557465
8442,8.442,0.38751963,4.1589966
8443,8.443,0.39515767,4.156058
8444,8.444,0.3851893,4.146158
8445,8.445,0.39748496,4.160153
8446,8.446,0.38830617,4.152693
8447,8.447,0.3957506,4.1522946
8448,8.448,0.38997173,4.1571527
8449,8.449,0.38982466,4.1551104
8450,8.45,0.38361737,4.1253657
8451,8.451,0.39212507,4.136667
8452,8.452,0.3687362,4.1898284
8453,8.453,0.3599903,4.1609573
8454,8.454,0.37131703,4.185071
8455,8.455,0.38038656,4.164746
8456,8.456,0.3738866,4.1679296
8457,8.457,0.38303408,4.164027
8458,8.458,0.3750735,4.1412334
8459,8.459,0.38329613,4.144925
8460,8.46,0.36519647,4.1447625
8461,8.461,0.37973738,4.1386547
8462,8.462,0.37286723,4.155354
8463,8.463,0.37649238,4.1624794
8464,8.464,0.3712204,4.145617
8465,8.465,0.37684947,4.150853
8466,8.466,0.3914468,4.118916
8467,8.467,0.38562816,4.1333427
8468,8.468,0.4008555,4.169832
8469,8.469,0.38551885,4.147195
8470,8.47,0.40447396,4.157147
8471,8.471,0.3977929,4.2410836
8472,8.472,0.38750723,4.1803975
8473,8.473,0.38835245,4.1589518
8474,8.474,0.3928515,4.155392
8475,8.475,0.3975622,4.144925
8476,8.476,0.38628194,4.181323
8477,8.477,0.38459575,4.147062
8478,8.478,0.39153373,4.1600766
8479,8.479,0.3861446,4.1456575
8480,8.48,0.37580442,4.127321
8481,8.481,0.3893142,4.1567287
8482,8.482,0.38937774,4.133548
8483,8.483,0.387874,4.132231
8484,8.484,0.38435587,4.158229
8485,8.485,0.36734447,4.142897
8486,8.486,0.3835399,4.15976
8487,8.487,0.37325594,4.1640964
8488,8.488,0.40246272,4.1205497
8489,8.489,0.38914996,4.124372
8490,8.49,0.38400835,4.0954585
8491,8.491,0.40531582,4.1205096
8492,8.492,0.39140546,4.1320615
8493,8.493,0.38058013,4.151157
8494,8.494,0.39216304,4.1507335
8495,8.495,0.37223405,4.1496553
8496,8.496,0.38571352,4.1346617
8497,8.497,0.38527045,4.1461153
8498,8.498,0.3896308,4.142776
8499,8.499,0.3948943,4.1597347
8500,8.5,0.38706988,4.176926
8501,8.501,0.38955277,4.178508
8502,8.502,0.3842036,4.187805
8503,8.503,0.38760155,4.1676054
8504,8.504,0.39250413,4.1928368
8505,8.505,0.39581996,4.1988845
8506,8.506,0.40244132,4.139864
8507,8.507,0.40044034,4.1560874
8508,8.508,0.4004882,4.1761775
8509,8.509,0.39984998,4.182371
8510,8.51,0.38983572,4.1755695
8511,8.511,0.38521087,4.1800704
8512,8.512,0.39860842,4.197749
8513,8.513,0.40851802,4.201628
8514,8.514,0.4109905,4.161723
8515,8.515,0.3935233,4.1620064
8516,8.516,0.39677215,4.1801744
8517,8.517,0.40469554,4.173856
8518,8.518,0.42044464,4.1827555
8519,8.519,0.40027013,4.197223
8520,8.52,0.39437106,4.179278
8521,8.521,0.40117785,4.2121444
8522,8.522,0.41574103,4.1651683
8523,8.523,0.3998858,4.186999
8524,8.524,0.41760573,4.1912074
8525,8.525,0.42064315,4.1376023
8526,8.526,0.42183256,4.1741986
8527,8.527,0.41393456,4.158083
8528,8.528,0.40454015,4.151261
8529,8.529,0.39705813,4.1673713
8530,8.53,0.40287054,4.164072
8531,8.531,0.39856783,4.1668506
8532,8.532,0.39456555,4.132152
8533,8.533,0.39123237,4.137652
8534,8.534,0.39864916,4.132313
8535,8.535,0.3802031,4.1652803
8536,8.536,0.38308194,4.18169
8537,8.537,0.3722661,4.2174187
8538,8.538,0.36911896,4.172914
8539,8.539,0.3772147,4.1513186
8540,8.54,0.3763425,4.161187
8541,8.541,0.37727177,4.198198
8542,8.542,0.39585024,4.2019405
8543,8.543,0.39469886,4.1991954
8544,8.544,0.3807587,4.216153
8545,8.545,0.39046022,4.248643
8546,8.546,0.37429973,4.2290053
8547,8.547,0.3812298,4.2335443
8548,8.548,0.3848817,4.2012672
8549,8.549,0.37883916,4.1974955
8550,8.55,0.37709966,4.219748
8551,8.551,0.3798861,4.21206
8552,8.552,0.37207168,4.199584
8553,8.553,0.39081633,4.240237
8554,8.554,0.38157824,4.2163777
8555,8.555,0.38162467,4.219593
8556,8.556,0.37788838,4.2202907
8557,8.557,0.4045625,4.209905
8558,8.558,0.39381462,4.208951
8559,8.559,0.40067697,4.207688
8560,8.56,0.40676263,4.208884
8561,8.561,0.40638855,4.2290597
8562,8.562,0.4272957,4.185965
8563,8.563,0.41312045,4.1555796
8564,8.564,0.41348705,4.1723585
8565,8.565,0.41042274,4.1761985
8566,8.566,0.39931858,4.161056
8567,8.567,0.41274855,4.1790814
8568,8.568,0.41428965,4.1805305
8569,8.569,0.41173357,4.17717
8570,8.57,0.41017163,4.155529
8571,8.571,0.4273777,4.1988063
8572,8.572,0.40720809,4.1705475
8573,8.573,0.41067526,4.160655
8574,8.574,0.41955996,4.1996336
8575,8.575,0.41919106,4.179115
8576,8.576,0.42432278,4.167617
8577,8.577,0.41627067,4.1697283
8578,8.578,0.4328839,4.160655
8579,8.579,0.41581017,4.1586347
8580,8.58,0.43146712,4.143032
8581,8.581,0.41416687,4.1552496
8582,8.582,0.41960827,4.1539755
8583,8.583,0.41630334,4.1614313
8584,8.584,0.40850005,4.172485
8585,8.585,0.40256336,4.1686287
8586,8.586,0.4130726,4.1734786
8587,8.587,0.4087588,4.1476393
8588,8.588,0.4071406,4.163719
8589,8.589,0.39993045,4.1562924
8590,8.59,0.39823043,4.1285353
8591,8.591,0.42632812,4.153811
8592,8.592,0.41760412,4.130677
8593,8.593,0.41881233,4.149182
8594,8.594,0.42235202,4.1709137
8595,8.595,0.41704077,4.1700997
8596,8.596,0.4279904,4.177577
8597,8.597,0.432829,4.175005
8598,8.598,0.42495632,4.159676
8599,8.599,0.42395818,4.193047
8600,8.6,0.4340734,4.155417
8601,8.601,0.4356461,4.1587896
8602,8.602,0.45956558,4.1876826
8603,8.603,0.44044334,4.206621
8604,8.604,0.42996427,4.1663103
8605,8.605,0.43454966,4.191688
8606,8.606,0.4343115,4.2079916
8607,8.607,0.42463046,4.177608
8608,8.608,0.43756336,4.172427
8609,8.609,0.4343614,4.1869516
8610,8.61,0.42671603,4.1813936
8611,8.611,0.4278381,4.1653333
8612,8.612,0.41558245,4.206045
8613,8.613,0.42205375,4.1815357
8614,8.614,0.4262053,4.171699
8615,8.615,0.43490717,4.193178
8616,8.616,0.4245787,4.153566
8617,8.617,0.425475,4.1729383
8618,8.618,0.43080807,4.1548705
8619,8.619,0.43595523,4.1890697
8620,8.62,0.44688684,4.1856
8621,8.621,0.44270486,4.196937
8622,8.622,0.44590375,4.2037444
8623,8.623,0.45269305,4.201699
8624,8.624,0.45097083,4.2090497
8625,8.625,0.43523613,4.1823325
8626,8.626,0.42824522,4.1756864
8627,8.627,0.43743306,4.195183
8628,8.628,0.44109684,4.1897845
8629,8.629,0.44999945,4.1958685
8630,8.63,0.46064895,4.187016
8631,8.631,0.45490572,4.200173
8632,8.632,0.44957274,4.153842
8633,8.633,0.444204,4.194025
8634,8.634,0.4438067,4.202961
8635,8.635,0.44906428,4.2112584
8636,8.636,0.4502196,4.218888
8637,8.637,0.44795305,4.1926875
8638,8.638,0.45704094,4.1899524
8639,8.639,0.44332427,4.1724095
8640,8.64,0.45622933,4.208298
8641,8.641,0.45867455,4.234744
8642,8.642,0.44638544,4.218899
8643,8.643,0.4404151,4.180591
8644,8.644,0.4357557,4.1999016
8645,8.645,0.4430157,4.2035017
8646,8.646,0.44006217,4.1961646
8647,8.647,0.4313389,4.2011857
8648,8.648,0.4334751,4.160559
8649,8.649,0.44115123,4.18013
8650,8.65,0.43763977,4.186657
8651,8.651,0.44845933,4.2117877
8652,8.652,0.43542624,4.2169557
8653,8.653,0.42993793,4.1956673
8654,8.654,0.42623582,4.225267
8655,8.655,0.4250555,4.2128386
8656,8.656,0.43420938,4.221812
8657,8.657,0.43139765,4.225517
8658,8.658,0.43062216,4.2028008
8659,8.659,0.428791,4.21354
8660,8.66,0.42240795,4.1795945
8661,8.661,0.44428992,4.232929
8662,8.662,0.43460497,4.212529
8663,8.663,0.44592547,4.2065706
8664,8.664,0.43100992,4.20828
8665,8.665,0.4177129,4.2250338
8666,8.666,0.41514137,4.2099466
8667,8.667,0.40437242,4.2094665
8668,8.668,0.40359783,4.1971765
8669,8.669,0.41776606,4.215113
8670,8.67,0.41513863,4.2426353
8671,8.671,0.4105176,4.235495
8672,8.672,0.42128685,4.255317
8673,8.673,0.41975716,4.214765
8674,8.674,0.43061367,4.232947
8675,8.675,0.43927094,4.2255
8676,8.676,0.42966145,4.2454367
8677,8.677,0.42852178,4.2575154
8678,8.678,0.43464318,4.2218857
8679,8.679,0.43408927,4.1920614
8680,8.68,0.4464884,4.2042766
8681,8.681,0.4399292,4.1998916
8682,8.682,0.42674336,4.2111115
8683,8.683,0.4305605,4.231198
8684,8.684,0.438123,4.2115283
8685,8.685,0.44513616,4.248858
8686,8.686,0.43982258,4.214124
8687,8.687,0.44689226,4.2190742
8688,8.688,0.4440992,4.2485538
8689,8.689,0.42994723,4.216406
8690,8.69,0.42112726,4.243586
8691,8.691,0.42369035,4.2406087
8692,8.692,0.41588226,4.2441955
8693,8.693,0.42210326,4.227716
8694,8.694,0.41748327,4.214172
8695,8.695,0.41416568,4.2314506
8696,8.696,0.41769642,4.216331
8697,8.697,0.40858194,4.2201443
8698,8.698,0.41856083,4.229309
8699,8.699,0.42174906,4.211464
8700,8.7,0.43091384,4.207703
8701,8.701,0.4280871,4.2126284
8702,8.702,0.41272777,4.1911874
8703,8.703,0.40984088,4.1466756
8704,8.704,0.41948906,4.1733885
8705,8.705,0.418001,4.1935163
8706,8.706,0.41017154,4.162453
8707,8.707,0.4156278,4.1853504
8708,8.708,0.4172082,4.19111
8709,8.709,0.41408604,4.172928
8710,8.71,0.42743513,4.195584
8711,8.711,0.4360597,4.2073746
8712,8.712,0.428109,4.2188063
8713,8.713,0.43653038,4.23019
8714,8.714,0.4409073,4.209896
8715,8.715,0.43262625,4.2181134
8716,8.716,0.42345545,4.205135
8717,8.717,0.43189555,4.220321
8718,8.718,0.4275564,4.2070456
8719,8.719,0.42482623,4.2064962
8720,8.72,0.42454422,4.183767
8721,8.721,0.42649558,4.21154
8722,8.722,0.41220042,4.218119
8723,8.723,0.42750344,4.226871
8724,8.724,0.4232129,4.2357855
8725,8.725,0.42499587,4.2402587
8726,8.726,0.42335746,4.249047
8727,8.727,0.41261646,4.2229476
8728,8.728,0.4243117,4.2172713
8729,8.729,0.41698712,4.2286725
8730,8.73,0.41715488,4.2438827
8731,8.731,0.418113,4.204401
8732,8.732,0.41805428,4.2233453
8733,8.733,0.40979442,4.219563
8734,8.734,0.40173972,4.225446
8735,8.735,0.4073403,4.259616
8736,8.736,0.41185513,4.2427263
8737,8.737,0.40658602,4.257365
8738,8.738,0.39889517,4.226332
8739,8.739,0.39695182,4.230961
8740,8.74,0.40927827,4.227168
8741,8.741,0.40434253,4.204012
8742,8.742,0.402194,4.192094
8743,8.743,0.4069947,4.194807
8744,8.744,0.40611276,4.1970234
8745,8.745,0.4002599,4.198628
8746,8.746,0.4023982,4.2189355
8747,8.747,0.40148702,4.2115345
8748,8.748,0.40129164,4.219365
8749,8.749,0.4030659,4.231249
8750,8.75,0.3988212,4.213406
8751,8.751,0.39414164,4.2238784
8752,8.752,0.40339938,4.202748
8753,8.753,0.41123983,4.214386
8754,8.754,0.4086203,4.221314
8755,8.755,0.40819484,4.217231
8756,8.756,0.40817055,4.235354
8757,8.757,0.41611314,4.225413
8758,8.758,0.4100498,4.2332788
8759,8.759,0.40213963,4.199277
8760,8.76,0.40372464,4.22475
8761,8.761,0.41459176,4.243194
8762,8.762,0.40988088,4.2518544
8763,8.763,0.4131204,4.24225
8764,8.764,0.40095443,4.222796
8765,8.765,0.39387298,4.1925936
8766,8.766,0.38150638,4.1976438
8767,8.767,0.39463285,4.239656
8768,8.768,0.3915587,4.205539
8769,8.769,0.38578546,4.186767
8770,8.77,0.386094,4.1967287
8771,8.771,0.39458823,4.188715
8772,8.772,0.39277452,4.2058673
8773,8.773,0.4022844,4.234784
8774,8.774,0.3915737,4.2203307
8775,8.775,0.39691973,4.2174497
8776,8.776,0.38233227,4.2099123
8777,8.777,0.395342,4.1984158
8778,8.778,0.38739395,4.198343
8779,8.779,0.40387213,4.1933002
8780,8.78,0.4036475,4.218131
8781,8.781,0.39697367,4.1908383
8782,8.782,0.39588478,4.1956215
8783,8.783,0.3918017,4.197801
8784,8.784,0.39309216,4.1821904
8785,8.785,0.3843862,4.190338
8786,8.786,0.40089664,4.207603
8787,8.787,0.39483958,4.230636
8788,8.788,0.40022993,4.2119555
8789,8.789,0.38427967,4.171271
8790,8.79,0.38031134,4.2035007
8791,8.791,0.38358384,4.1930227
8792,8.792,0.38499996,4.177872
8793,8.793,0.38087788,4.22878
8794,8.794,0.38696504,4.201918
8795,8.795,0.38326627,4.208838
8796,8.796,0.38488826,4.197154
8797,8.797,0.38462842,4.1911597
8798,8.798,0.39173096,4.222946
8799,8.799,0.3837786,4.218827
8800,8.8,0.3843996,4.1919
8801,8.801,0.37608957,4.2063427
8802,8.802,0.3906847,4.210556
8803,8.803,0.3907957,4.1972437
8804,8.804,0.37298888,4.1936326
8805,8.805,0.3872145,4.1842103
8806,8.806,0.37311894,4.1682396
8807,8.807,0.38015744,4.2097597
8808,8.808,0.38176057,4.2024674
8809,8.809,0.38809007,4.172155
8810,8.81,0.38642883,4.1793194
8811,8.811,0.3785724,4.178275
8812,8.812,0.38672853,4.1983
8813,8.813,0.39680794,4.211577
8814,8.814,0.3879813,4.209863
8815,8.815,0.3820573,4.2030716
8816,8.816,0.39027405,4.2027006
8817,8.817,0.3998356,4.223068
8818,8.818,0.39005527,4.2390976
8819,8.819,0.39294234,4.240472
8820,8.82,0.3829576,4.2296805
8821,8.821,0.38706934,4.2019587
8822,8.822,0.3968092,4.2063146
8823,8.823,0.3892254,4.19465
8824,8.824,0.3793827,4.195036
8825,8.825,0.38581192,4.204676
8826,8.826,0.38015842,4.186124
8827,8.827,0.39194405,4.1794014
8828,8.828,0.38249075,4.2223215
8829,8.829,0.38714364,4.168986
8830,8.83,0.3832145,4.1971836
8831,8.831,0.3826904,4.1728363
8832,8.832,0.3831257,4.183766
8833,8.833,0.40291458,4.196614
8834,8.834,0.39666992,4.1712394
8835,8.835,0.41155407,4.2007756
8836,8.836,0.399015,4.166246
8837,8.837,0.38937536,4.2041235
8838,8.838,0.39846528,4.1799474
8839,8.839,0.38035065,4.186165
8840,8.84,0.38279378,4.1821613
8841,8.841,0.37291986,4.1781263
8842,8.842,0.3751866,4.184454
8843,8.843,0.37694716,4.1577497
8844,8.844,0.3813545,4.1522055
8845,8.845,0.391259,4.193442
8846,8.846,0.38704294,4.2005615
8847,8.847,0.37741494,4.1895976
8848,8.848,0.38042164,4.1613407
8849,8.849,0.38706455,4.1805806
8850,8.85,0.38369867,4.1986656
8851,8.851,0.3659011,4.2043624
8852,8.852,0.3690062,4.196608
8853,8.853,0.3684339,4.213822
8854,8.854,0.38360173,4.1905613
8855,8.855,0.3740151,4.230039
8856,8.856,0.37789416,4.1841865
8857,8.857,0.3856107,4.1864552
8858,8.858,0.37099865,4.213058
8859,8.859,0.36746973,4.20139
8860,8.86,0.3696399,4.201193
8861,8.861,0.3763385,4.1936345
8862,8.862,0.38484147,4.1893196
8863,8.863,0.3771695,4.2062263
8864,8.864,0.37604198,4.192472
8865,8.865,0.38361022,4.1837506
8866,8.866,0.3767266,4.173369
8867,8.867,0.36906362,4.184092
8868,8.868,0.37378716,4.194402
8869,8.869,0.36469913,4.1849775
8870,8.87,0.37949684,4.1974945
8871,8.871,0.3780339,4.202782
8872,8.872,0.3675466,4.2248235
8873,8.873,0.36178988,4.218142
8874,8.874,0.36887193,4.2033668
8875,8.875,0.3692922,4.209498
8876,8.876,0.36996242,4.1860757
8877,8.877,0.36510304,4.1886525
8878,8.878,0.367038,4.1991963
8879,8.879,0.3656849,4.2282066
8880,8.88,0.36258814,4.2210536
8881,8.881,0.35501784,4.232119
8882,8.882,0.3579007,4.2457557
8883,8.883,0.35622436,4.2387543
8884,8.884,0.3584037,4.215876
8885,8.885,0.35093084,4.1678104
8886,8.886,0.36174437,4.201234
8887,8.887,0.33681127,4.1814322
8888,8.888,0.35344782,4.210843
8889,8.889,0.3575422,4.1835
8890,8.89,0.35594934,4.1848617
8891,8.891,0.35733435,4.1685514
8892,8.892,0.3616181,4.2124133
8893,8.893,0.36181378,4.156282
8894,8.894,0.36272767,4.166278
8895,8.895,0.3704219,4.1728964
8896,8.896,0.3638322,4.168953
8897,8.897,0.371246,4.1580644
8898,8.898,0.35270968,4.1624656
8899,8.899,0.36404482,4.210742
8900,8.9,0.36314023,4.2156935
8901,8.901,0.37752217,4.186114
8902,8.902,0.38067564,4.1854773
8903,8.903,0.38099578,4.1906347
8904,8.904,0.38522798,4.199774
8905,8.905,0.3909613,4.184584
8906,8.906,0.38379762,4.1955886
8907,8.907,0.38902545,4.174338
8908,8.908,0.39073476,4.1962104
8909,8.909,0.39024806,4.18961
8910,8.91,0.37306857,4.1861777
8911,8.911,0.39292592,4.1518784
8912,8.912,0.39372048,4.1832604
8913,8.913,0.38413474,4.200718
8914,8.914,0.3843762,4.1859355
8915,8.915,0.38985372,4.180183
8916,8.916,0.3813717,4.201053
8917,8.917,0.38741133,4.1929226
8918,8.918,0.3930622,4.206177
8919,8.919,0.38476914,4.2030663
8920,8.92,0.3869659,4.1951513
8921,8.921,0.381376,4.2407227
8922,8.922,0.38201487,4.198017
8923,8.923,0.376649,4.173994
8924,8.924,0.39251238,4.170114
8925,8.925,0.39278337,4.187057
8926,8.926,0.40366375,4.1931286
8927,8.927,0.38609248,4.21291
8928,8.928,0.39241204,4.1958637
8929,8.929,0.39287597,4.202398
8930,8.93,0.4015821,4.2130613
8931,8.931,0.39874676,4.210372
8932,8.932,0.39506862,4.1817183
8933,8.933,0.3904216,4.1863523
8934,8.934,0.39906234,4.15832
8935,8.935,0.39163908,4.211371
8936,8.936,0.38852057,4.1805134
8937,8.937,0.4005667,4.192921
8938,8.938,0.40354812,4.193642
8939,8.939,0.38974226,4.194093
8940,8.94,0.40726134,4.1801424
8941,8.941,0.39929724,4.2042255
8942,8.942,0.40624195,4.210704
8943,8.943,0.40461853,4.178863
8944,8.944,0.41048366,4.191371
8945,8.945,0.40132937,4.208647
8946,8.946,0.40206993,4.2014894
8947,8.947,0.4130099,4.2006197
8948,8.948,0.40044564,4.214168
8949,8.949,0.40349644,4.186031
8950,8.95,0.40322784,4.2135983
8951,8.951,0.4040408,4.1987634
8952,8.952,0.40870324,4.2136073
8953,8.953,0.41055292,4.2207227
8954,8.954,0.4156551,4.2048373
8955,8.955,0.42774978,4.1966796
8956,8.956,0.4185883,4.188141
8957,8.957,0.43768826,4.2126865
8958,8.958,0.41888,4.2216973
8959,8.959,0.41879097,4.211727
8960,8.96,0.42397928,4.200231
8961,8.961,0.41434667,4.1895766
8962,8.962,0.41043907,4.209918
8963,8.963,0.40365896,4.2336473
8964,8.964,0.40908566,4.2137012
8965,8.965,0.41613245,4.238211
8966,8.966,0.430014,4.217532
8967,8.967,0.4174687,4.22933
8968,8.968,0.41128075,4.2134123
8969,8.969,0.40896997,4.2128344
8970,8.97,0.42484924,4.220848
8971,8.971,0.42160007,4.2393384
8972,8.972,0.41662103,4.212211
8973,8.973,0.41495845,4.181165
8974,8.974,0.420428,4.201741
8975,8.975,0.40872753,4.2078543
8976,8.976,0.4134807,4.2008896
8977,8.977,0.40632898,4.1797457
8978,8.978,0.39649191,4.1974654
8979,8.979,0.4042284,4.218458
8980,8.98,0.41323692,4.2051816
8981,8.981,0.4127252,4.2156506
8982,8.982,0.40302956,4.1967115
8983,8.983,0.40908664,4.211525
8984,8.984,0.42144746,4.1958675
8985,8.985,0.41779965,4.2200375
8986,8.986,0.43295273,4.2118993
8987,8.987,0.41668248,4.2022524
8988,8.988,0.42038822,4.2097836
8989,8.989,0.42036378,4.183228
8990,8.99,0.41415298,4.22927
8991,8.991,0.41979292,4.1874876
8992,8.992,0.43451017,4.1960034
8993,8.993,0.43502027,4.2201357
8994,8.994,0.41961575,4.1767964
8995,8.995,0.41807163,4.1774592
8996,8.996,0.41386765,4.202385
8997,8.997,0.4142806,4.1704273
8998,8.998,0.42021474,4.163637
8999,8.999,0.41813228,4.1724844
9000,9.0,0.4199125,4.186325
9001,9.001,0.43071994,4.1837807
9002,9.002,0.41966113,4.207266
9003,9.003,0.4277008,4.220297
9004,9.004,0.4353665,4.2229548
9005,9.005,0.41726768,4.201388
9006,9.006,0.41306797,4.206943
9007,9.007,0.41746596,4.239911
9008,9.008,0.40966648,4.23098
9009,9.009,0.4195716,4.198452
9010,9.01,0.4204872,4.2198606
9011,9.011,0.4178687,4.2154465
9012,9.012,0.41882873,4.2110267
9013,9.013,0.42811006,4.200923
9014,9.014,0.42487112,4.1965623
9015,9.015,0.4248539,4.219704
9016,9.016,0.4281848,4.2190595
9017,9.017,0.4369542,4.233561
9018,9.018,0.44108507,4.194093
9019,9.019,0.4404217,4.2276473
9020,9.02,0.43259475,4.21661
9021,9.021,0.42177793,4.174147
9022,9.022,0.42570618,4.202311
9023,9.023,0.42651102,4.2089076
9024,9.024,0.4243742,4.1901097
9025,9.025,0.42399266,4.2249174
9026,9.026,0.42564273,4.2286034
9027,9.027,0.4175814,4.237381
9028,9.028,0.41755864,4.213243
9029,9.029,0.43292475,4.204977
9030,9.03,0.4348796,4.2313676
9031,9.031,0.4224217,4.2457952
9032,9.032,0.43435544,4.223502
9033,9.033,0.43530244,4.204801
9034,9.034,0.43065012,4.2044263
9035,9.035,0.43136406,4.220536
9036,9.036,0.42953563,4.21146
9037,9.037,0.41989315,4.2333627
9038,9.038,0.4206781,4.2099743
9039,9.039,0.41803095,4.1907887
9040,9.04,0.42537212,4.212553
9041,9.041,0.4276028,4.2025795
9042,9.042,0.4382685,4.2364125
9043,9.043,0.4280761,4.227667
9044,9.044,0.4172466,4.2072587
9045,9.045,0.42014498,4.1900554
9046,9.046,0.41863564,4.215533
9047,9.047,0.41762105,4.2313404
9048,9.048,0.42596373,4.239225
9049,9.049,0.41851702,4.193756
9050,9.05,0.42716208,4.2349057
9051,9.051,0.43652079,4.200619
9052,9.052,0.43019044,4.189989
9053,9.053,0.43053994,4.1577787
9054,9.054,0.4282828,4.1999173
9055,9.055,0.41995624,4.2031837
9056,9.056,0.40565678,4.2224874
9057,9.057,0.41394192,4.184594
9058,9.058,0.39565164,4.186722
9059,9.059,0.41592532,4.182711
9060,9.06,0.40677187,4.2017603
9061,9.061,0.40472725,4.1590166
9062,9.062,0.40888888,4.1667333
9063,9.063,0.40612882,4.191914
9064,9.064,0.4086135,4.2246127
9065,9.065,0.4137893,4.2427263
9066,9.066,0.40563396,4.1878376
9067,9.067,0.4040914,4.200849
9068,9.068,0.40447354,4.195724
9069,9.069,0.406304,4.2116985
9070,9.07,0.40573376,4.2023573
9071,9.071,0.40519565,4.1942472
9072,9.072,0.40177006,4.2228713
9073,9.073,0.40217304,4.2142363
9074,9.074,0.39310893,4.2431808
9075,9.075,0.40441144,4.2245736
9076,9.076,0.40633115,4.237826
9077,9.077,0.40345937,4.2071524
9078,9.078,0.41132924,4.1893787
9079,9.079,0.4055647,4.20215
9080,9.08,0.393268,4.1953206
9081,9.081,0.40170726,4.201427
9082,9.082,0.40435955,4.1920605
9083,9.083,0.40550628,4.1988626
9084,9.084,0.4144811,4.2148604
9085,9.085,0.41218767,4.208022
9086,9.086,0.4217683,4.1743007
9087,9.087,0.42088255,4.1845136
9088,9.088,0.41641593,4.193996
9089,9.089,0.4075775,4.1759787
9090,9.09,0.42035192,4.1896405
9091,9.091,0.40394777,4.17753
9092,9.092,0.40281242,4.1866574
9093,9.093,0.4090582,4.183263
9094,9.094,0.40639794,4.202005
9095,9.095,0.40822965,4.2073874
9096,9.096,0.40808538,4.2183022
9097,9.097,0.41526356,4.210292
9098,9.098,0.41548863,4.1878757
9099,9.099,0.4107954,4.224037
9100,9.1,0.415304,4.1867895
9101,9.101,0.41290778,4.2132792
9102,9.102,0.41017935,4.201985
9103,9.103,0.41788903,4.2287197
9104,9.104,0.41812778,4.2136054
9105,9.105,0.4113889,4.2020683
9106,9.106,0.41622812,4.206202
9107,9.107,0.41278046,4.200865
9108,9.108,0.41297328,4.2068133
9109,9.109,0.4132718,4.2054405
9110,9.11,0.41519094,4.2147217
9111,9.111,0.39463362,4.2163444
9112,9.112,0.40464205,4.1914954
9113,9.113,0.41285944,4.219429
9114,9.114,0.4121676,4.1944103
9115,9.115,0.40884352,4.1806216
9116,9.116,0.40163615,4.173084
9117,9.117,0.41072416,4.1583595
9118,9.118,0.39447275,4.1853337
9119,9.119,0.40092272,4.1686044
9120,9.12,0.40925443,4.1982503
9121,9.121,0.39314818,4.175901
9122,9.122,0.39851934,4.194626
9123,9.123,0.4077308,4.188529
9124,9.124,0.39885992,4.1972437
9125,9.125,0.3969281,4.1964126
9126,9.126,0.4043353,4.2148867
9127,9.127,0.42282382,4.2135453
9128,9.128,0.41386095,4.2125454
9129,9.129,0.4082751,4.198859
9130,9.13,0.41169268,4.203694
9131,9.131,0.4234898,4.20494
9132,9.132,0.4153097,4.16599
9133,9.133,0.42072713,4.176978
9134,9.134,0.4070438,4.2048774
9135,9.135,0.41157955,4.184004
9136,9.136,0.40960023,4.191131
9137,9.137,0.41200343,4.1883626
9138,9.138,0.40231845,4.185454
9139,9.139,0.4055769,4.165633
9140,9.14,0.40783942,4.173569
9141,9.141,0.411254,4.181763
9142,9.142,0.3979418,4.1606693
9143,9.143,0.4132906,4.164176
9144,9.144,0.41009825,4.1803303
9145,9.145,0.39741415,4.1719527
9146,9.146,0.40876126,4.1635327
9147,9.147,0.4078176,4.192393
9148,9.148,0.40870473,4.184223
9149,9.149,0.41724917,4.1676507
9150,9.15,0.4104833,4.157569
9151,9.151,0.41528696,4.179068
9152,9.152,0.4217438,4.206769
9153,9.153,0.41140708,4.1886554
9154,9.154,0.41234744,4.172856
9155,9.155,0.40433866,4.185946
9156,9.156,0.40110156,4.205524
9157,9.157,0.40767464,4.16964
9158,9.158,0.40089065,4.164061
9159,9.159,0.41166952,4.199134
9160,9.16,0.41642228,4.1662536
9161,9.161,0.42669275,4.174392
9162,9.162,0.42436594,4.187244
9163,9.163,0.42363623,4.187528
9164,9.164,0.4251153,4.1613173
9165,9.165,0.4249976,4.187043
9166,9.166,0.41397965,4.177092
9167,9.167,0.40202668,4.183488
9168,9.168,0.40841627,4.1920967
9169,9.169,0.389219,4.16741
9170,9.17,0.39481544,4.1910653
9171,9.171,0.39907083,4.2054873
9172,9.172,0.3924944,4.2050076
9173,9.173,0.39875132,4.1897006
9174,9.174,0.39880362,4.177814
9175,9.175,0.3977771,4.1965117
9176,9.176,0.39475763,4.1761255
9177,9.177,0.39978,4.1930785
9178,9.178,0.39037165,4.177675
9179,9.179,0.40506095,4.2092085
9180,9.18,0.39347303,4.209519
9181,9.181,0.39820278,4.189518
9182,9.182,0.39255187,4.201315
9183,9.183,0.3890565,4.1618114
9184,9.184,0.37914172,4.184136
9185,9.185,0.38629356,4.202264
9186,9.186,0.39102322,4.1792917
9187,9.187,0.38847592,4.1919994
9188,9.188,0.38215095,4.1670876
9189,9.189,0.37804765,4.1422353
9190,9.19,0.38403445,4.1620555
9191,9.191,0.38433516,4.1867585
9192,9.192,0.38284713,4.1967826
9193,9.193,0.37761027,4.1841464
9194,9.194,0.3801581,4.180893
9195,9.195,0.3755934,4.1875505
9196,9.196,0.37837708,4.1931934
9197,9.197,0.35998783,4.1987476
9198,9.198,0.36654198,4.206738
9199,9.199,0.37455106,4.193098
9200,9.2,0.38393447,4.2008085
9201,9.201,0.3749698,4.1753016
9202,9.202,0.382702,4.184159
9203,9.203,0.38651672,4.1844153
9204,9.204,0.38353556,4.150747
9205,9.205,0.38407314,4.16809
9206,9.206,0.38946155,4.199229
9207,9.207,0.38490528,4.228836
9208,9.208,0.3797899,4.1724076
9209,9.209,0.38489074,4.1820154
9210,9.21,0.38388392,4.1708817
9211,9.211,0.38089967,4.178386
9212,9.212,0.38239157,4.233143
9213,9.213,0.38341746,4.1903653
9214,9.214,0.3891181,4.21524
9215,9.215,0.38539588,4.211883
9216,9.216,0.39009255,4.173246
9217,9.217,0.393016,4.199011
9218,9.218,0.4004467,4.172133
9219,9.219,0.39210412,4.219728
9220,9.22,0.37581822,4.1882496
9221,9.221,0.38030842,4.174272
9222,9.222,0.38154113,4.158549
9223,9.223,0.37859964,4.1466174
9224,9.224,0.38197702,4.226716
9225,9.225,0.382918,4.1884375
9226,9.226,0.37712413,4.151417
9227,9.227,0.36466572,4.1613503
9228,9.228,0.37746593,4.150429
9229,9.229,0.37229335,4.1458383
9230,9.23,0.3794072,4.133927
9231,9.231,0.39553982,4.1629505
9232,9.232,0.3935606,4.1609406
9233,9.233,0.39809787,4.1570234
9234,9.234,0.3946436,4.1358495
9235,9.235,0.39556104,4.1510367
9236,9.236,0.39353377,4.159561
9237,9.237,0.39577752,4.1732087
9238,9.238,0.40626234,4.178594
9239,9.239,0.39792758,4.193147
9240,9.24,0.39237505,4.133322
9241,9.241,0.41551113,4.1512365
9242,9.242,0.40989104,4.154149
9243,9.243,0.40871316,4.1600475
9244,9.244,0.41114637,4.1634045
9245,9.245,0.40338862,4.1673183
9246,9.246,0.40713745,4.1799874
9247,9.247,0.39990067,4.17292
9248,9.248,0.40304467,4.2122064
9249,9.249,0.39778918,4.194047
9250,9.25,0.38906908,4.1860833
9251,9.251,0.39048582,4.166814
9252,9.252,0.39050376,4.133122
9253,9.253,0.39381605,4.130098
9254,9.254,0.38420314,4.12556
9255,9.255,0.40357938,4.154999
9256,9.256,0.4036079,4.162782
9257,9.257,0.39067486,4.152306
9258,9.258,0.39706427,4.177593
9259,9.259,0.4084567,4.1379423
9260,9.26,0.40678072,4.142888
9261,9.261,0.39880785,4.1485224
9262,9.262,0.40364045,4.1623087
9263,9.263,0.39537016,4.150381
9264,9.264,0.3882317,4.1631866
9265,9.265,0.3916331,4.179747
9266,9.266,0.3986186,4.180076
9267,9.267,0.38315904,4.1928115
9268,9.268,0.40972918,4.1736565
9269,9.269,0.41155764,4.189076
9270,9.27,0.40833077,4.16981
9271,9.271,0.40662247,4.154869
9272,9.272,0.39741454,4.192587
9273,9.273,0.39846337,4.178041
9274,9.274,0.3906317,4.1452136
9275,9.275,0.40819877,4.1620665
9276,9.276,0.40577316,4.172011
9277,9.277,0.40632746,4.1616697
9278,9.278,0.40232944,4.155594
9279,9.279,0.40263268,4.1748595
9280,9.28,0.40860334,4.1990986
9281,9.281,0.41059533,4.1699495
9282,9.282,0.41227165,4.197586
9283,9.283,0.39941594,4.198187
9284,9.284,0.40446082,4.2122107
9285,9.285,0.4000556,4.19928
9286,9.286,0.39154574,4.1906805
9287,9.287,0.38706335,4.185214
9288,9.288,0.3922752,4.1890626
9289,9.289,0.3897263,4.1838374
9290,9.29,0.3889037,4.155746
9291,9.291,0.40706256,4.171298
9292,9.292,0.39621013,4.1973968
9293,9.293,0.38573003,4.152436
9294,9.294,0.3851998,4.1898193
9295,9.295,0.39007103,4.161072
9296,9.296,0.39566773,4.1578226
9297,9.297,0.40360895,4.1796145
9298,9.298,0.39501184,4.1955066
9299,9.299,0.3962378,4.1638856
9300,9.3,0.38919732,4.166445
9301,9.301,0.40052998,4.1721706
9302,9.302,0.39909402,4.175209
9303,9.303,0.39097765,4.1678553
9304,9.304,0.38926017,4.155162
9305,9.305,0.38968796,4.1551876
9306,9.306,0.3899909,4.145647
9307,9.307,0.39375144,4.163073
9308,9.308,0.38565305,4.151327
9309,9.309,0.39053237,4.142197
9310,9.31,0.40789184,4.1527867
9311,9.311,0.39994243,4.161652
9312,9.312,0.3968837,4.1733336
9313,9.313,0.4072727,4.162874
9314,9.314,0.4038195,4.181865
9315,9.315,0.40223613,4.131617
9316,9.316,0.4070203,4.151012
9317,9.317,0.38889152,4.1492333
9318,9.318,0.38969466,4.1924024
9319,9.319,0.39046118,4.168486
9320,9.32,0.38557,4.153474
9321,9.321,0.3891623,4.183662
9322,9.322,0.39084056,4.1638937
9323,9.323,0.40579182,4.1676135
9324,9.324,0.405837,4.1771636
9325,9.325,0.41232982,4.1543527
9326,9.326,0.39394858,4.171044
9327,9.327,0.39082122,4.153442
9328,9.328,0.39540982,4.153872
9329,9.329,0.40143842,4.201138
9330,9.33,0.39887697,4.1928325
9331,9.331,0.39771283,4.1636467
9332,9.332,0.3847184,4.1524496
9333,9.333,0.3962052,4.167384
9334,9.334,0.39465776,4.1889014
9335,9.335,0.38955924,4.166698
9336,9.336,0.3794419,4.192722
9337,9.337,0.39027768,4.167569
9338,9.338,0.39148822,4.1987157
9339,9.339,0.38229614,4.2004676
9340,9.34,0.38930503,4.186795
9341,9.341,0.39020336,4.191993
9342,9.342,0.39850807,4.1761312
9343,9.343,0.40267745,4.211736
9344,9.344,0.40312627,4.2117195
9345,9.345,0.3980388,4.168727
9346,9.346,0.41426104,4.1962643
9347,9.347,0.4012886,4.1906633
9348,9.348,0.3968163,4.1800265
9349,9.349,0.39913404,4.178494
9350,9.35,0.39165965,4.157112
9351,9.351,0.39678866,4.158497
9352,9.352,0.38808325,4.1612215
9353,9.353,0.4014923,4.175474
9354,9.354,0.3956941,4.1853566
9355,9.355,0.39979565,4.1544943
9356,9.356,0.4058345,4.1423526
9357,9.357,0.39266565,4.1600094
9358,9.358,0.39014304,4.175004
9359,9.359,0.39847773,4.1705594
9360,9.36,0.40687704,4.18014
9361,9.361,0.40922415,4.158568
9362,9.362,0.40603966,4.17493
9363,9.363,0.39506042,4.1336203
9364,9.364,0.39417896,4.1406813
9365,9.365,0.3995484,4.1337795
9366,9.366,0.39503348,4.1108356
9367,9.367,0.39203697,4.146387
9368,9.368,0.40528834,4.181861
9369,9.369,0.40945068,4.176024
9370,9.37,0.40913808,4.1741757
9371,9.371,0.408209,4.1833844
9372,9.372,0.4096803,4.160459
9373,9.373,0.4084495,4.185497
9374,9.374,0.41042912,4.1858306
9375,9.375,0.42033544,4.202142
9376,9.376,0.40945068,4.1871486
9377,9.377,0.40146556,4.1839056
9378,9.378,0.39957234,4.1720133
9379,9.379,0.39584008,4.1335025
9380,9.38,0.39351782,4.208749
9381,9.381,0.39878634,4.1898003
9382,9.382,0.39825547,4.156256
9383,9.383,0.4029953,4.1523004
9384,9.384,0.39474314,4.156256
9385,9.385,0.40592745,4.162943
9386,9.386,0.40264487,4.1314254
9387,9.387,0.4082763,4.1724067
9388,9.388,0.4115877,4.1554155
9389,9.389,0.40777385,4.1562824
9390,9.39,0.40411687,4.161473
9391,9.391,0.39953476,4.1424713
9392,9.392,0.3930275,4.1403484
9393,9.393,0.40329123,4.1529584
9394,9.394,0.39561704,4.1760325
9395,9.395,0.41185236,4.2038183
9396,9.396,0.4041436,4.1702223
9397,9.397,0.39992806,4.138663
9398,9.398,0.4016684,4.145602
9399,9.399,0.39288494,4.1600547
9400,9.4,0.39083374,4.1527143
9401,9.401,0.40186152,4.1717987
9402,9.402,0.3946585,4.151618
9403,9.403,0.37402683,4.2126145
9404,9.404,0.38853723,4.170891
9405,9.405,0.3765816,4.1395802
9406,9.406,0.3823397,4.1643105
9407,9.407,0.37763616,4.1869397
9408,9.408,0.37986255,4.130816
9409,9.409,0.3847154,4.207503
9410,9.41,0.38035467,4.159897
9411,9.411,0.3873478,4.2079077
9412,9.412,0.3715456,4.2165947
9413,9.413,0.3955329,4.215194
9414,9.414,0.39074698,4.1580415
9415,9.415,0.38886932,4.2069697
9416,9.416,0.37623286,4.160751
9417,9.417,0.37080514,4.1778197
9418,9.418,0.37056273,4.1682553
9419,9.419,0.35765326,4.184089
9420,9.42,0.3651824,4.155505
9421,9.421,0.3722761,4.1743703
9422,9.422,0.3704449,4.169677
9423,9.423,0.36504498,4.1587305
9424,9.424,0.3812188,4.1713924
9425,9.425,0.3790698,4.167368
9426,9.426,0.3690296,4.1794853
9427,9.427,0.366052,4.156756
9428,9.428,0.36805445,4.192331
9429,9.429,0.37613726,4.176948
9430,9.43,0.37041798,4.1608057
9431,9.431,0.3695733,4.1522994
9432,9.432,0.36860028,4.1533246
9433,9.433,0.36494705,4.1535535
9434,9.434,0.35998303,4.1407175
9435,9.435,0.3687381,4.160584
9436,9.436,0.3617767,4.1702127
9437,9.437,0.36600822,4.155607
9438,9.438,0.36684886,4.15868
9439,9.439,0.3627444,4.161974
9440,9.44,0.36261332,4.142237
9441,9.441,0.35009828,4.1946864
9442,9.442,0.350152,4.179279
9443,9.443,0.35783496,4.1769686
9444,9.444,0.3631359,4.1477795
9445,9.445,0.35378215,4.1563196
9446,9.446,0.35920212,4.160512
9447,9.447,0.35950664,4.1446266
9448,9.448,0.35634205,4.151824
9449,9.449,0.35528523,4.125144
9450,9.45,0.36594096,4.1742754
9451,9.451,0.35269666,4.197989
9452,9.452,0.36302474,4.183526
9453,9.453,0.38024813,4.1940155
9454,9.454,0.36461982,4.173563
9455,9.455,0.36723566,4.19521
9456,9.456,0.37139723,4.150995
9457,9.457,0.37298056,4.160433
9458,9.458,0.38469055,4.1467032
9459,9.459,0.39336646,4.177797
9460,9.46,0.3761416,4.1904473
9461,9.461,0.38307777,4.1569104
9462,9.462,0.37723383,4.1545243
9463,9.463,0.3685225,4.1615353
9464,9.464,0.38374102,4.1939573
9465,9.465,0.37114102,4.16081
9466,9.466,0.37251773,4.155365
9467,9.467,0.3819766,4.134429
9468,9.468,0.36494333,4.151937
9469,9.469,0.3620093,4.147233
9470,9.47,0.37078208,4.162273
9471,9.471,0.37335944,4.156868
9472,9.472,0.37121004,4.1303163
9473,9.473,0.36630562,4.135476
9474,9.474,0.37299186,4.141808
9475,9.475,0.36723307,4.1351585
9476,9.476,0.3800163,4.138226
9477,9.477,0.38084507,4.1507626
9478,9.478,0.38354814,4.1606526
9479,9.479,0.38865757,4.1728325
9480,9.48,0.38959378,4.1617384
9481,9.481,0.38272265,4.175765
9482,9.482,0.38676432,4.165289
9483,9.483,0.38498297,4.16786
9484,9.484,0.3929307,4.150775
9485,9.485,0.39205652,4.156658
9486,9.486,0.3885988,4.1406097
9487,9.487,0.40980667,4.1669846
9488,9.488,0.40899503,4.1811814
9489,9.489,0.39566666,4.159811
9490,9.49,0.39164284,4.157561
9491,9.491,0.39003137,4.130516
9492,9.492,0.36774248,4.155865
9493,9.493,0.37300384,4.159342
9494,9.494,0.38069052,4.1493645
9495,9.495,0.3939973,4.1280866
9496,9.496,0.39318693,4.1554914
9497,9.497,0.39146152,4.190702
9498,9.498,0.38956958,4.129192
9499,9.499,0.3789691,4.1368136
9500,9.5,0.37711477,4.1727123
9501,9.501,0.38623017,4.141544
9502,9.502,0.3892053,4.184795
9503,9.503,0.3751183,4.1336913
9504,9.504,0.3776871,4.183403
9505,9.505,0.3834653,4.187471
9506,9.506,0.37414372,4.1668286
9507,9.507,0.3702665,4.1702704
9508,9.508,0.38797355,4.133177
9509,9.509,0.3882696,4.1879582
9510,9.51,0.38238135,4.1936493
9511,9.511,0.3984159,4.19564
9512,9.512,0.39058238,4.172525
9513,9.513,0.38620204,4.1838074
9514,9.514,0.3877351,4.177627
9515,9.515,0.3878871,4.1778035
9516,9.516,0.37495735,4.1661153
9517,9.517,0.38880435,4.155145
9518,9.518,0.3760329,4.1670284
9519,9.519,0.37180924,4.1610756
9520,9.52,0.37861425,4.1408153
9521,9.521,0.38922077,4.1811213
9522,9.522,0.38056234,4.161585
9523,9.523,0.38466638,4.1677976
9524,9.524,0.38362065,4.140541
9525,9.525,0.38719836,4.175618
9526,9.526,0.38787004,4.172896
9527,9.527,0.3839288,4.1936502
9528,9.528,0.38948667,4.2115464
9529,9.529,0.37389383,4.1924596
9530,9.53,0.40209135,4.174077
9531,9.531,0.38743713,4.175947
9532,9.532,0.3942356,4.1778703
9533,9.533,0.37793118,4.177396
9534,9.534,0.3855743,4.1716003
9535,9.535,0.38846484,4.1455183
9536,9.536,0.38039228,4.157175
9537,9.537,0.40058243,4.1892934
9538,9.538,0.4001,4.1905746
9539,9.539,0.39687833,4.178912
9540,9.54,0.39755425,4.1797023
9541,9.541,0.39516693,4.168271
9542,9.542,0.40623683,4.1807375
9543,9.543,0.39103872,4.167872
9544,9.544,0.38744318,4.1671886
9545,9.545,0.39684013,4.1799717
9546,9.546,0.38648576,4.1694274
9547,9.547,0.37951127,4.17425
9548,9.548,0.3883084,4.1826096
9549,9.549,0.39270332,4.18589
9550,9.55,0.37388775,4.2025557
9551,9.551,0.36971503,4.1609273
9552,9.552,0.37002662,4.126259
9553,9.553,0.37667054,4.148573
9554,9.554,0.3859457,4.1535196
9555,9.555,0.37911925,4.136877
9556,9.556,0.37083063,4.158824
9557,9.557,0.3694676,4.1761746
9558,9.558,0.3809445,4.143487
9559,9.559,0.37600255,4.1540966
9560,9.56,0.37862468,4.148791
9561,9.561,0.378015,4.1708446
9562,9.562,0.37645587,4.120181
9563,9.563,0.3604247,4.1451287
9564,9.564,0.35917607,4.1629663
9565,9.565,0.35412556,4.1787477
9566,9.566,0.3649242,4.170792
9567,9.567,0.36306074,4.1473193
9568,9.568,0.36462456,4.1433754
9569,9.569,0.35334963,4.181845
9570,9.57,0.3606473,4.147455
9571,9.571,0.35961026,4.138336
9572,9.572,0.3624662,4.1384664
9573,9.573,0.3660256,4.168948
9574,9.574,0.36535355,4.155577
9575,9.575,0.371203,4.140772
9576,9.576,0.37789756,4.1820836
9577,9.577,0.3876867,4.206571
9578,9.578,0.38147688,4.152601
9579,9.579,0.39130005,4.1706357
9580,9.58,0.37041026,4.1897664
9581,9.581,0.3867084,4.185107
9582,9.582,0.38897046,4.208118
9583,9.583,0.3832738,4.20577
9584,9.584,0.3873784,4.2174535
9585,9.585,0.39102614,4.2006016
9586,9.586,0.3884612,4.204531
9587,9.587,0.38592848,4.2111316
9588,9.588,0.3988991,4.190772
9589,9.589,0.394597,4.214806
9590,9.59,0.39216188,4.1951466
9591,9.591,0.40846696,4.227059
9592,9.592,0.39493066,4.212597
9593,9.593,0.40805402,4.2214403
9594,9.594,0.40049195,4.198687
9595,9.595,0.39148894,4.204239
9596,9.596,0.39582017,4.2319202
9597,9.597,0.38860667,4.2098627
9598,9.598,0.3911957,4.196951
9599,9.599,0.3896642,4.211628
9600,9.6,0.3925446,4.1942883
9601,9.601,0.39433962,4.21719
9602,9.602,0.3892844,4.1897144
9603,9.603,0.396504,4.200688
9604,9.604,0.38906798,4.20044
9605,9.605,0.3846931,4.1827316
9606,9.606,0.38092092,4.216901
9607,9.607,0.384432,4.195592
9608,9.608,0.38732398,4.199088
9609,9.609,0.3779843,4.1855216
9610,9.61,0.3846068,4.1705027
9611,9.611,0.3768768,4.1939335
9612,9.612,0.3927678,4.202425
9613,9.613,0.3840259,4.21526
9614,9.614,0.39349428,4.2180843
9615,9.615,0.3909583,4.220867
9616,9.616,0.40022394,4.1997075
9617,9.617,0.3956039,4.17937
9618,9.618,0.38311863,4.1801305
9619,9.619,0.38785774,4.1863422
9620,9.62,0.39738157,4.157825
9621,9.621,0.3898238,4.1762137
9622,9.622,0.3849853,4.1492214
9623,9.623,0.38971597,4.1925573
9624,9.624,0.38972837,4.154241
9625,9.625,0.3785099,4.175799
9626,9.626,0.37830064,4.163313
9627,9.627,0.38926396,4.161654
9628,9.628,0.39471072,4.1667376
9629,9.629,0.39236602,4.190316
9630,9.63,0.4042668,4.1818767
9631,9.631,0.4102416,4.175119
9632,9.632,0.39467922,4.184069
9633,9.633,0.3889355,4.2034745
9634,9.634,0.38861433,4.1901126
9635,9.635,0.39594266,4.1780376
9636,9.636,0.39711896,4.169115
9637,9.637,0.3917784,4.1956296
9638,9.638,0.39504883,4.159343
9639,9.639,0.38939875,4.1652393
9640,9.64,0.4006963,4.185092
9641,9.641,0.40149537,4.151268
9642,9.642,0.39175478,4.1936255
9643,9.643,0.393362,4.1871853
9644,9.644,0.3764114,4.1639714
9645,9.645,0.39102158,4.156497
9646,9.646,0.40659252,4.1752944
9647,9.647,0.40152508,4.192385
9648,9.648,0.39704946,4.1950154
9649,9.649,0.3839086,4.185628
9650,9.65,0.39079916,4.189061
9651,9.651,0.38138404,4.168009
9652,9.652,0.37033263,4.1655645
9653,9.653,0.38966498,4.2032824
9654,9.654,0.39574814,4.194899
9655,9.655,0.3950545,4.1813884
9656,9.656,0.38782665,4.173629
9657,9.657,0.3829769,4.1887884
9658,9.658,0.39501783,4.1959715
9659,9.659,0.3814497,4.193429
9660,9.66,0.38958198,4.1864705
9661,9.661,0.38949314,4.2177043
9662,9.662,0.4014401,4.1965685
9663,9.663,0.3899068,4.2066607
9664,9.664,0.3950929,4.228665
9665,9.665,0.39852583,4.1761475
9666,9.666,0.38530096,4.199527
9667,9.667,0.38529816,4.1484137
9668,9.668,0.39245623,4.20136
9669,9.669,0.392861,4.202472
9670,9.67,0.3984449,4.1753
9671,9.671,0.38719052,4.2030835
9672,9.672,0.3871952,4.169593
9673,9.673,0.3894189,4.176608
9674,9.674,0.38278985,4.176347
9675,9.675,0.3827997,4.1413984
9676,9.676,0.381128,4.1875405
9677,9.677,0.38207752,4.184178
9678,9.678,0.39433354,4.16467
9679,9.679,0.400063,4.182842
9680,9.68,0.40612248,4.1924577
9681,9.681,0.39798447,4.1961946
9682,9.682,0.40052944,4.197482
9683,9.683,0.4017769,4.208756
9684,9.684,0.403485,4.1924577
9685,9.685,0.40139267,4.189384
9686,9.686,0.3927686,4.180946
9687,9.687,0.3954902,4.2065654
9688,9.688,0.39408332,4.161246
9689,9.689,0.3940981,4.2170906
9690,9.69,0.39029896,4.1976767
9691,9.691,0.39591795,4.176879
9692,9.692,0.39791948,4.214728
9693,9.693,0.39568827,4.1969314
9694,9.694,0.3940034,4.1771784
9695,9.695,0.3896421,4.1984725
9696,9.696,0.3949912,4.2134256
9697,9.697,0.39420238,4.2023764
9698,9.698,0.3978269,4.188805
9699,9.699,0.3984643,4.177032
9700,9.7,0.3910594,4.216438
9701,9.701,0.3889428,4.2065706
9702,9.702,0.4005313,4.189009
9703,9.703,0.39933383,4.195007
9704,9.704,0.4040316,4.184369
9705,9.705,0.39673725,4.195741
9706,9.706,0.38323554,4.18989
9707,9.707,0.3830947,4.1639743
9708,9.708,0.38696352,4.162787
9709,9.709,0.3913672,4.1887627
9710,9.71,0.39187592,4.179407
9711,9.711,0.39000684,4.2158933
9712,9.712,0.39710912,4.1815944
9713,9.713,0.38971588,4.187324
9714,9.714,0.38494942,4.1813855
9715,9.715,0.3878998,4.197625
9716,9.716,0.38391644,4.20515
9717,9.717,0.38529631,4.1927547
9718,9.718,0.3870787,4.1896005
9719,9.719,0.3936127,4.2052307
9720,9.72,0.38048157,4.2265964
9721,9.721,0.39668792,4.2034717
9722,9.722,0.39392337,4.1977696
9723,9.723,0.39260462,4.2103543
9724,9.724,0.39755228,4.2073827
9725,9.725,0.39863324,4.2271314
9726,9.726,0.38641003,4.2359505
9727,9.727,0.4198325,4.200738
9728,9.728,0.40620434,4.2035494
9729,9.729,0.40834832,4.2136703
9730,9.73,0.41061756,4.198375
9731,9.731,0.4222868,4.2067704
9732,9.732,0.40282485,4.204606
9733,9.733,0.40021712,4.182282
9734,9.734,0.4126963,4.1786685
9735,9.735,0.4054598,4.2287464
9736,9.736,0.3983347,4.227864
9737,9.737,0.397643,4.2329493
9738,9.738,0.40043166,4.202022
9739,9.739,0.40314817,4.1634803
9740,9.74,0.4083964,4.1823187
9741,9.741,0.40194228,4.184573
9742,9.742,0.40905872,4.1824965
9743,9.743,0.40051085,4.173099
9744,9.744,0.39624766,4.184983
9745,9.745,0.40020978,4.190626
9746,9.746,0.39532983,4.1844935
9747,9.747,0.39483368,4.181716
9748,9.748,0.39764026,4.1763573
9749,9.749,0.40041205,4.1983247
9750,9.75,0.38767782,4.2378387
9751,9.751,0.38704738,4.236823
9752,9.752,0.37786728,4.1409707
9753,9.753,0.39122435,4.1880984
9754,9.754,0.39328066,4.189379
9755,9.755,0.3982422,4.1630864
9756,9.756,0.38440132,4.179896
9757,9.757,0.40475553,4.170482
9758,9.758,0.3911446,4.16489
9759,9.759,0.38917646,4.1439915
9760,9.76,0.39130777,4.1850734
9761,9.761,0.39487404,4.149598
9762,9.762,0.39919853,4.172953
9763,9.763,0.4002304,4.18267
9764,9.764,0.39802265,4.1921253
9765,9.765,0.39561665,4.190161
9766,9.766,0.40547314,4.2371864
9767,9.767,0.39604348,4.2134604
9768,9.768,0.38604316,4.2019434
9769,9.769,0.40688106,4.220139
9770,9.77,0.4053868,4.2265296
9771,9.771,0.41579393,4.194186
9772,9.772,0.4064899,4.2190375
9773,9.773,0.41888028,4.184586
9774,9.774,0.40911078,4.18123
9775,9.775,0.40093747,4.2244434
9776,9.776,0.40925995,4.212615
9777,9.777,0.40810686,4.2268634
9778,9.778,0.41182762,4.190851
9779,9.779,0.41016734,4.205941
9780,9.78,0.40884328,4.2021785
9781,9.781,0.4086766,4.189838
9782,9.782,0.4106964,4.2033806
9783,9.783,0.40511775,4.204517
9784,9.784,0.40836054,4.2145615
9785,9.785,0.417505,4.2092752
9786,9.786,0.4063398,4.2028694
9787,9.787,0.39787617,4.2169337
9788,9.788,0.39390507,4.236965
9789,9.789,0.39934915,4.217841
9790,9.79,0.40713638,4.200493
9791,9.791,0.39719748,4.1917567
9792,9.792,0.38993725,4.2392135
9793,9.793,0.39190748,4.1920433
9794,9.794,0.3916281,4.1760077
9795,9.795,0.3992709,4.1893005
9796,9.796,0.40115678,4.2535625
9797,9.797,0.40128106,4.2069573
9798,9.798,0.41610286,4.224053
9799,9.799,0.41277537,4.2243533
9800,9.8,0.40375367,4.2208714
9801,9.801,0.40968984,4.2399316
9802,9.802,0.40286502,4.197425
9803,9.803,0.4151725,4.210091
9804,9.804,0.4148524,4.216767
9805,9.805,0.41842374,4.215193
9806,9.806,0.39505738,4.2066483
9807,9.807,0.40279722,4.223448
9808,9.808,0.40250123,4.207475
9809,9.809,0.4044199,4.235659
9810,9.81,0.40282005,4.229478
9811,9.811,0.39512613,4.2450457
9812,9.812,0.40099862,4.2113943
9813,9.813,0.3980794,4.208378
9814,9.814,0.40823442,4.1939573
9815,9.815,0.39608172,4.2096314
9816,9.816,0.3920503,4.2333226
9817,9.817,0.40429437,4.234745
9818,9.818,0.40223822,4.231136
9819,9.819,0.40424103,4.2020564
9820,9.82,0.39378625,4.21245
9821,9.821,0.40264907,4.207295
9822,9.822,0.41136557,4.193928
9823,9.823,0.41265956,4.2205777
9824,9.824,0.4002765,4.2250533
9825,9.825,0.40330264,4.224264
9826,9.826,0.39770934,4.213047
9827,9.827,0.4090137,4.2292485
9828,9.828,0.39972916,4.223537
9829,9.829,0.3949929,4.213689
9830,9.83,0.39102903,4.2078876
9831,9.831,0.40326795,5.9739695
9832,9.832,0.40578043,5.881481
9833,9.833,0.39979318,5.821044
9834,9.834,0.4011622,5.976598
9835,9.835,0.3970158,4.1810007
9836,9.836,0.39357162,6.076072
9837,9.837,0.40133703,4.175315
9838,9.838,0.3928783,4.2048917
9839,9.839,0.37919235,4.202281
9840,9.84,0.41395804,4.1789665
9841,9.841,0.39687005,4.2036076
9842,9.842,0.40997192,4.206167
9843,9.843,0.40370017,4.2046437
9844,9.844,0.40610692,4.186544
9845,9.845,0.40182477,4.191529
9846,9.846,0.39628476,4.1980596
9847,9.847,0.38348156,4.1863356
9848,9.848,0.38888118,4.2024617
9849,9.849,0.395777,4.2086253
9850,9.85,0.39022085,4.196901
9851,9.851,0.39923123,4.1966
9852,9.852,0.3893801,4.20479
9853,9.853,0.37435693,4.2011447
9854,9.854,0.38788703,4.1930456
9855,9.855,0.39411807,4.2040563
9856,9.856,0.40334758,4.1942706
9857,9.857,0.40214744,4.193304
9858,9.858,0.39265406,4.204778
9859,9.859,0.4057878,4.216826
9860,9.86,0.41198596,4.181061
9861,9.861,0.4116367,4.198576
9862,9.862,0.40191227,4.184206
9863,9.863,0.40544134,4.2166624
9864,9.864,0.40655667,4.2045245
9865,9.865,0.40406725,4.201212
9866,9.866,0.40519202,4.2054257
9867,9.867,0.40131894,4.1962347
9868,9.868,0.39254695,4.198559
9869,9.869,0.39420924,4.2154818
9870,9.87,0.38290635,4.2207446
9871,9.871,0.40009302,4.2087626
9872,9.872,0.39934784,4.1873407
9873,9.873,0.407158,4.213195
9874,9.874,0.4027917,4.184193
9875,9.875,0.4053688,4.2037225
9876,9.876,0.3911343,4.195025
9877,9.877,0.3833921,4.214277
9878,9.878,0.39809185,4.186582
9879,9.879,0.40031126,4.2108545
9880,9.88,0.40083662,4.187427
9881,9.881,0.39738032,4.176688
9882,9.882,0.40021095,4.1962175
9883,9.883,0.39949095,4.18323
9884,9.884,0.41928557,4.1584606
9885,9.885,0.41968167,4.1765475
9886,9.886,0.42078036,4.190152
9887,9.887,0.4129122,4.185037
9888,9.888,0.4028189,4.188086
9889,9.889,0.41145808,4.180585
9890,9.89,0.4100994,4.167207
9891,9.891,0.41278768,4.1759443
9892,9.892,0.4066445,4.1908154
9893,9.893,0.41163954,4.1718946
9894,9.894,0.4145557,4.1873407
9895,9.895,0.40611535,4.1581693
9896,9.896,0.4125762,4.1703243
9897,9.897,0.39737505,4.1824727
9898,9.898,0.40267256,4.177394
9899,9.899,0.4051403,4.1858244
9900,9.9,0.41013825,4.2022676
9901,9.901,0.39947864,4.2161317
9902,9.902,0.40928453,4.1894865
9903,9.903,0.395499,4.1660743
9904,9.904,0.40337083,4.1939645
9905,9.905,0.39445764,4.175887
9906,9.906,0.405315,4.15498
9907,9.907,0.4055468,4.160991
9908,9.908,0.40040398,4.203479
9909,9.909,0.4099133,4.1975384
9910,9.91,0.40063044,4.1909065
9911,9.911,0.4155049,4.1835017
9912,9.912,0.4186415,4.198196
9913,9.913,0.41279215,4.1670694
9914,9.914,0.40804973,4.1812525
9915,9.915,0.41452643,4.1808467
9916,9.916,0.4310456,4.1746564
9917,9.917,0.4226022,4.171327
9918,9.918,0.41919017,4.160254
9919,9.919,0.4092674,4.152987
9920,9.92,0.40726572,4.188048
9921,9.921,0.4074013,4.1892986
9922,9.922,0.4014083,4.1426935
9923,9.923,0.411885,4.181969
9924,9.924,0.41531667,4.1704454
9925,9.925,0.41704002,4.156264
9926,9.926,0.41223976,4.1457376
9927,9.927,0.41449246,4.1426463
9928,9.928,0.4070605,4.156128
9929,9.929,0.3984073,4.140445
9930,9.93,0.40618238,4.1696706
9931,9.931,0.41158083,4.154802
9932,9.932,0.41983998,4.1610513
9933,9.933,0.42104223,4.128571
9934,9.934,0.41954795,4.1581407
9935,9.935,0.4184311,4.1400905
9936,9.936,0.42946276,4.17785
9937,9.937,0.41356134,4.163293
9938,9.938,0.41910693,4.188315
9939,9.939,0.41053447,4.2131104
9940,9.94,0.41272023,4.203458
9941,9.941,0.4052331,4.198678
9942,9.942,0.40968922,4.201498
9943,9.943,0.40801197,4.1869926
9944,9.944,0.41540125,4.1938696
9945,9.945,0.41351643,4.1745853
9946,9.946,0.39910558,4.2316523
9947,9.947,0.40625846,4.1976857
9948,9.948,0.41188306,4.2323666
9949,9.949,0.41311762,4.1910486
9950,9.95,0.40276682,4.2198033
9951,9.951,0.40247327,4.2082148
9952,9.952,0.4184432,4.185741
9953,9.953,0.4137246,4.1408052
9954,9.954,0.4218745,4.185277
9955,9.955,0.41760594,4.23005
9956,9.956,0.42379516,4.176818
9957,9.957,0.41951934,4.159193
9958,9.958,0.42555997,4.164599
9959,9.959,0.43092382,4.147186
9960,9.96,0.41044942,4.1615963
9961,9.961,0.4160295,4.173075
9962,9.962,0.43520623,4.163797
9963,9.963,0.4201681,4.1874027
9964,9.964,0.4335819,4.1588182
9965,9.965,0.4207675,4.1750226
9966,9.966,0.4338386,4.1395087
9967,9.967,0.4417551,4.147168
9968,9.968,0.4369659,4.1572847
9969,9.969,0.43499398,4.167589
9970,9.97,0.43350187,4.149771
9971,9.971,0.42285582,4.1824846
9972,9.972,0.4288622,4.1875334
9973,9.973,0.43303165,4.1942873
9974,9.974,0.4181901,4.211966
9975,9.975,0.42584577,4.1793976
9976,9.976,0.42407674,4.1939445
9977,9.977,0.42524016,4.2090425
9978,9.978,0.42510617,4.2275295
9979,9.979,0.42652926,4.23673
9980,9.98,0.4385861,4.2218423
9981,9.981,0.41825694,4.2452226
9982,9.982,0.41651645,4.221878
9983,9.983,0.4158024,4.237307
9984,9.984,0.41408473,4.1992455
9985,9.985,0.42915493,4.2405906
9986,9.986,0.42908016,4.209433
9987,9.987,0.42046842,4.223697
9988,9.988,0.43423006,4.2367687
9989,9.989,0.43980643,4.5872126
9990,9.99,0.42043453,4.220313
9991,9.991,0.43333313,4.1878457
9992,9.992,0.42922002,4.219712
9993,9.993,0.411748,4.186376
9994,9.994,0.4281019,4.382325
9995,9.995,0.41563565,4.4741087
9996,9.996,0.42495582,4.324961
9997,9.997,0.40881178,4.2438946
9998,9.998,0.40331364,4.230756
9999,9.999,0.40266788,4.327724
10000,10.0,0.4043334,4.182886
10001,10.001,0.41941682,4.183991
10002,10.002,0.42272666,4.2265434
10003,10.003,0.423253,4.207758
10004,10.004,0.4030743,4.0099616
10005,10.005,0.41197222,4.026248
10006,10.006,0.4150085,3.924863
10007,10.007,0.4160046,4.2188425
10008,10.008,0.41705188,4.214781
10009,10.009,0.41143107,4.2090545
10010,10.01,0.40681008,4.222308
10011,10.011,0.39548773,4.2139153
10012,10.012,0.3925322,4.231573
10013,10.013,0.4033437,4.2454324
10014,10.014,0.3942197,3.6423435
10015,10.015,0.4037107,3.5549192
10016,10.016,0.40217942,4.224596
10017,10.017,0.41351494,4.1881824
10018,10.018,0.40316892,4.2200193
10019,10.019,0.4051924,4.2165523
10020,10.02,0.40977016,4.2037606
10021,10.021,0.4107652,4.1884475
10022,10.022,0.41372335,4.205115
10023,10.023,0.41213155,4.1895304
10024,10.024,0.42090923,4.2020836
10025,10.025,0.40183774,4.2047253
10026,10.026,0.413333,4.196117
10027,10.027,0.3929176,3.3265805
10028,10.028,0.40629914,4.187778
10029,10.029,0.39581093,4.2119603
10030,10.03,0.39243117,4.165845
10031,10.031,0.39891407,4.1954637
10032,10.032,0.3846644,4.181504
10033,10.033,0.39764437,4.162397
10034,10.034,0.40558177,4.2186713
10035,10.035,0.40259933,4.190232
10036,10.036,0.40763435,4.2048397
10037,10.037,0.4019334,4.2149825
10038,10.038,0.4076345,4.1741853
10039,10.039,0.4079327,4.191872
10040,10.04,0.39393148,4.155553
10041,10.041,0.4032568,4.167055
10042,10.042,0.41647688,4.210264
10043,10.043,0.39477283,4.2143764
10044,10.044,0.4076895,4.208482
10045,10.045,0.41310483,4.2095356
10046,10.046,0.41369307,4.2323895
10047,10.047,0.4133292,4.1969223
10048,10.048,0.40422806,4.226196
10049,10.049,0.41609836,4.218128
10050,10.05,0.41369027,4.2185273
10051,10.051,0.41716313,4.2285213
10052,10.052,0.4270662,4.226888
10053,10.053,0.41937742,4.2603893
10054,10.054,0.42883137,4.2307305
10055,10.055,0.43224958,4.2178693
10056,10.056,0.42992842,4.2072477
10057,10.057,0.4311467,4.30549
10058,10.058,0.43817735,4.20319
10059,10.059,0.41896656,4.2471647
10060,10.06,0.43390596,4.397464
10061,10.061,0.42348424,4.6030974
10062,10.062,0.40612194,4.210161
10063,10.063,0.4236761,4.6927643
10064,10.064,0.4325882,4.215224
10065,10.065,0.43528128,4.224021
10066,10.066,0.42756382,4.2256584
10067,10.067,0.43027225,4.2222567
10068,10.068,0.42639437,4.1853514
10069,10.069,0.4180043,4.196351
10070,10.07,0.4219714,4.1749163
10071,10.071,0.42553893,4.238448
10072,10.072,0.42217883,4.2245812
10073,10.073,0.42659563,4.205018
10074,10.074,0.42050317,4.2003407
10075,10.075,0.40415013,4.1935034
10076,10.076,0.40291023,4.6127214
10077,10.077,0.40941805,4.493253
10078,10.078,0.42439774,4.218755
10079,10.079,0.41523585,4.1950855
10080,10.08,0.4115842,4.3504386
10081,10.081,0.40461975,4.364499
10082,10.082,0.39911437,4.3220997
10083,10.083,0.41308144,4.259759
10084,10.084,0.41391656,4.207196
10085,10.085,0.40936974,4.2125273
10086,10.086,0.41314748,4.4254975
10087,10.087,0.42100954,4.48454
10088,10.088,0.41980478,4.517918
10089,10.089,0.41907242,4.213128
10090,10.09,0.42193094,4.213646
10091,10.091,0.42080182,4.2245154
10092,10.092,0.41636923,4.2069163
10093,10.093,0.41551876,4.63913
10094,10.094,0.40716133,4.6011333
10095,10.095,0.42627877,4.2023487
10096,10.096,0.41140103,4.6884456
10097,10.097,0.40629718,4.632415
10098,10.098,0.40649414,4.5772004
10099,10.099,0.42464927,4.1907153
10100,10.1,0.4202457,4.198641
10101,10.101,0.41875586,4.2360497
10102,10.102,0.42540672,4.2368317
10103,10.103,0.42336464,4.1926055
10104,10.104,0.42670593,4.179845
10105,10.105,0.41580585,4.197062
10106,10.106,0.43095902,4.2055807
10107,10.107,0.43805352,4.19553
10108,10.108,0.41059282,4.2061896
10109,10.109,0.4169869,4.223375
10110,10.11,0.41816765,4.226703
10111,10.111,0.4279166,4.2156463
10112,10.112,0.42256296,4.2354627
10113,10.113,0.4282419,4.225258
10114,10.114,0.43058735,4.4410086
10115,10.115,0.43244994,4.224033
10116,10.116,0.43240127,4.2097325
10117,10.117,0.42515755,4.2248335
10118,10.118,0.43461636,4.5543704
10119,10.119,0.45601127,4.709362
10120,10.12,0.44619837,4.623921
10121,10.121,0.45090115,4.65262
10122,10.122,0.4454383,4.6911683
10123,10.123,0.43538982,4.7341685
10124,10.124,0.43484443,4.7346163
10125,10.125,0.42253596,4.6767507
10126,10.126,0.44011137,4.6892524
10127,10.127,0.42687008,4.771355
10128,10.128,0.42542186,4.8470826
10129,10.129,0.4317044,4.862277
10130,10.13,0.43443143,4.8401194
10131,10.131,0.4163451,4.844229
10132,10.132,0.4296383,4.848603
10133,10.133,0.42906997,5.005128
10134,10.134,0.42175815,5.0043254
10135,10.135,0.41502777,4.8408356
10136,10.136,0.43131822,4.895236
10137,10.137,0.4310942,4.9377203
10138,10.138,0.4375329,4.911588
10139,10.139,0.4410052,4.819388
10140,10.14,0.43117234,4.9590254
10141,10.141,0.4338784,4.9934754
10142,10.142,0.42318082,5.057458
10143,10.143,0.42842528,5.127812
10144,10.144,0.42532554,5.1857104
10145,10.145,0.43498936,5.2082043
10146,10.146,0.43445584,5.1449986
10147,10.147,0.4305105,5.204748
10148,10.148,0.43697348,5.1558595
10149,10.149,0.4317389,5.356928
10150,10.15,0.44417405,5.2633977
10151,10.151,0.4390453,5.298066
10152,10.152,0.44167617,5.2014523
10153,10.153,0.44422165,5.047078
10154,10.154,0.43943086,5.01486
10155,10.155,0.43666208,5.0947676
10156,10.156,0.45039114,4.9952807
10157,10.157,0.43050176,5.0362215
10158,10.158,0.4306394,4.972839
10159,10.159,0.42422011,5.008267
10160,10.16,0.42791092,4.834625
10161,10.161,0.42590058,4.8989387
10162,10.162,0.4343002,4.824212
10163,10.163,0.41966173,4.8087606
10164,10.164,0.42893732,4.8370013
10165,10.165,0.42762166,4.7140694
10166,10.166,0.41567776,4.662799
10167,10.167,0.42175248,4.666664
10168,10.168,0.43456787,4.7824426
10169,10.169,0.41837418,4.8176446
10170,10.17,0.4114817,4.6972656
10171,10.171,0.40548256,4.6938634
10172,10.172,0.41920477,4.819012
10173,10.173,0.4199573,4.8508897
10174,10.174,0.41306177,4.649637
10175,10.175,0.42109782,4.575306
10176,10.176,0.4183433,4.509627
10177,10.177,0.412768,4.3228664
10178,10.178,0.41826394,4.4350524
10179,10.179,0.42568862,4.5776463
10180,10.18,0.41902143,4.513758
10181,10.181,0.43366045,4.584441
10182,10.182,0.42379692,4.541633
10183,10.183,0.4165528,4.589189
10184,10.184,0.41703176,4.5906267
10185,10.185,0.42524,4.5647774
10186,10.186,0.42869842,4.4941006
10187,10.187,0.42694005,4.4102073
10188,10.188,0.43250436,4.50595
10189,10.189,0.42660558,4.549816
10190,10.19,0.43282175,4.4430428
10191,10.191,0.43606317,4.371255
10192,10.192,0.42314848,4.454395
10193,10.193,0.44252524,4.423128
10194,10.194,0.4282491,4.4227204
10195,10.195,0.42737958,4.5154305
10196,10.196,0.4134668,4.4037952
10197,10.197,0.41692066,4.5028377
10198,10.198,0.4158233,4.5001287
10199,10.199,0.42029205,4.568215
10200,10.2,0.418375,4.695406
10201,10.201,0.41383412,4.8101125
10202,10.202,0.42196095,4.783153
10203,10.203,0.41355786,4.7311187
10204,10.204,0.42458966,4.8250613
10205,10.205,0.4181678,4.8049026
10206,10.206,0.42198873,4.811897
10207,10.207,0.4180349,4.7712417
10208,10.208,0.42075843,4.8863683
10209,10.209,0.42283285,5.012348
10210,10.21,0.4208807,4.959504
10211,10.211,0.41335884,5.046108
10212,10.212,0.4164335,5.0156283
10213,10.213,0.41940036,5.1129293
10214,10.214,0.4190703,5.211304
10215,10.215,0.42363945,5.1592064
10216,10.216,0.41383433,5.283561
10217,10.217,0.41781762,5.2488046
10218,10.218,0.4284461,5.274358
10219,10.219,0.4275162,5.3692355
10220,10.22,0.42390236,5.432885
10221,10.221,0.42858824,5.3810697
10222,10.222,0.4338549,5.401437
10223,10.223,0.43253908,5.499835
10224,10.224,0.43801153,5.4287987
10225,10.225,0.4387301,5.3927703
10226,10.226,0.43736863,5.3453584
10227,10.227,0.43680283,5.224493
10228,10.228,0.43968815,5.277994
10229,10.229,0.43614042,5.230972
10230,10.23,0.44566756,5.1616545
10231,10.231,0.4451117,5.218126
10232,10.232,0.44236282,5.311762
10233,10.233,0.4355779,5.33727
10234,10.234,0.4435378,5.3775353
10235,10.235,0.44331253,5.4244475
10236,10.236,0.44027525,5.421217
10237,10.237,0.43972263,5.3141637
10238,10.238,0.43588594,5.339589
10239,10.239,0.43770176,5.3949904
10240,10.24,0.43267787,5.480667
10241,10.241,0.4418157,5.448682
10242,10.242,0.42811927,5.3418384
10243,10.243,0.42885756,5.3925886
10244,10.244,0.41845638,5.475241
10245,10.245,0.4212434,5.3991585
10246,10.246,0.4432718,5.477944
10247,10.247,0.4366384,5.5111375
10248,10.248,0.42542887,5.4784775
10249,10.249,0.4318234,5.4396353
10250,10.25,0.42334625,5.4275928
10251,10.251,0.42954588,5.3719883
10252,10.252,0.41193032,5.4721155
10253,10.253,0.43128526,5.4460692
10254,10.254,0.43149292,5.589891
10255,10.255,0.43824142,5.5615664
10256,10.256,0.43134382,5.516601
10257,10.257,0.43620226,5.50924
10258,10.258,0.42787087,5.496387
10259,10.259,0.42123812,5.4243402
10260,10.26,0.42596516,5.471214
10261,10.261,0.42328805,5.5008073
10262,10.262,0.42264107,5.5998287
10263,10.263,0.41650656,5.4311724
10264,10.264,0.40437144,5.4478164
10265,10.265,0.40207934,5.3626223
10266,10.266,0.40869245,5.319707
10267,10.267,0.4055094,5.204835
10268,10.268,0.4074555,5.1877174
10269,10.269,0.41159195,5.05898
10270,10.27,0.4032031,5.0025377
10271,10.271,0.39347765,5.0410266
10272,10.272,0.3964053,5.13511
10273,10.273,0.40131405,5.100796
10274,10.274,0.39489228,5.135206
10275,10.275,0.3860556,5.10996
10276,10.276,0.38560823,5.171172
10277,10.277,0.39084718,5.3011975
10278,10.278,0.39073303,5.244737
10279,10.279,0.38604635,5.1119275
10280,10.28,0.3910579,5.0737963
10281,10.281,0.39282632,5.069744
10282,10.282,0.39183366,5.0502715
10283,10.283,0.37606505,5.1007853
10284,10.284,0.38104108,5.1561294
10285,10.285,0.38233945,5.134445
10286,10.286,0.38516456,5.1597447
10287,10.287,0.3956669,5.0954237
10288,10.288,0.4039321,5.1482077
10289,10.289,0.39412665,5.135005
10290,10.29,0.40550947,4.9964623
10291,10.291,0.40005103,4.9035673
10292,10.292,0.39941642,4.7126164
10293,10.293,0.4025659,4.7309933
10294,10.294,0.40611422,4.7148376
10295,10.295,0.41145322,4.7814274
10296,10.296,0.4164434,4.947158
10297,10.297,0.41343042,4.985279
10298,10.298,0.41018805,4.925906
10299,10.299,0.39979866,4.9437065
10300,10.3,0.4061418,4.937991
10301,10.301,0.39227065,4.911206
10302,10.302,0.40122226,4.903943
10303,10.303,0.4007489,4.906835
10304,10.304,0.41684863,4.8740773
10305,10.305,0.4034333,4.821192
10306,10.306,0.42063,4.70201
10307,10.307,0.40812805,4.751332
10308,10.308,0.41521356,4.7035527
10309,10.309,0.4126954,4.743547
10310,10.31,0.4136872,4.844939
10311,10.311,0.4139894,4.8313847
10312,10.312,0.40710118,4.9333773
10313,10.313,0.40647167,4.904141
10314,10.314,0.42343402,4.918351
10315,10.315,0.41347632,5.0455203
10316,10.316,0.4120998,4.907391
10317,10.317,0.42440015,4.8277955
10318,10.318,0.40156162,4.80463
10319,10.319,0.42024717,4.8922195
10320,10.32,0.42587653,4.854958
10321,10.321,0.4146101,4.744391
10322,10.322,0.4127762,4.7033715
10323,10.323,0.41284013,4.6950927
10324,10.324,0.41466144,4.646451
10325,10.325,0.40648356,4.782609
10326,10.326,0.4164308,4.8099537
10327,10.327,0.4160293,4.778375
10328,10.328,0.40449786,4.775762
10329,10.329,0.4161479,4.914906
10330,10.33,0.41999844,4.9116607
10331,10.331,0.41446692,4.8027477
10332,10.332,0.41809076,4.7277737
10333,10.333,0.41458598,4.7033906
10334,10.334,0.422506,4.705132
10335,10.335,0.41725546,4.7170963
10336,10.336,0.4083178,4.791886
10337,10.337,0.41100967,4.7124615
10338,10.338,0.41212818,4.8111997
10339,10.339,0.41566378,4.845165
10340,10.34,0.41990796,4.863039
10341,10.341,0.42925692,4.843305
10342,10.342,0.42020494,4.721301
10343,10.343,0.42513365,4.833385
10344,10.344,0.41614878,4.964455
10345,10.345,0.41708022,4.7700863
10346,10.346,0.4220999,4.725141
10347,10.347,0.42743507,4.8077917
10348,10.348,0.4145361,4.8246145
10349,10.349,0.4115255,4.8242946
10350,10.35,0.41332495,4.8469596
10351,10.351,0.41490617,4.676958
10352,10.352,0.42971155,4.8246055
10353,10.353,0.43711147,4.905066
10354,10.354,0.4198199,4.8377175
10355,10.355,0.44564432,4.6601424
10356,10.356,0.43100834,4.688641
10357,10.357,0.42542547,4.770419
10358,10.358,0.43041152,4.7345166
10359,10.359,0.43806216,4.6743546
10360,10.36,0.4314047,4.6821694
10361,10.361,0.44963506,4.762936
10362,10.362,0.4375616,4.8055773
10363,10.363,0.4360427,4.688086
10364,10.364,0.4433736,4.7137256
10365,10.365,0.42981678,4.552257
10366,10.366,0.42841882,4.5779757
10367,10.367,0.42060128,4.568919
10368,10.368,0.4250167,4.7601495
10369,10.369,0.449115,4.6732297
10370,10.37,0.4459926,4.569004
10371,10.371,0.4323494,4.4268594
10372,10.372,0.43030584,4.4785557
10373,10.373,0.42676923,4.65371
10374,10.374,0.4259913,4.509064
10375,10.375,0.4219988,4.412749
10376,10.376,0.43587038,4.331206
10377,10.377,0.43783754,4.2115283
10378,10.378,0.43198913,4.2487264
10379,10.379,0.44029093,4.362569
10380,10.38,0.4323685,4.3355618
10381,10.381,0.41835654,4.3239336
10382,10.382,0.4242403,4.260179
10383,10.383,0.41679224,4.153406
10384,10.384,0.41137785,4.156946
10385,10.385,0.42997402,4.260874
10386,10.386,0.41210857,4.2558436
10387,10.387,0.41612297,4.4506702
10388,10.388,0.42856795,4.3702497
10389,10.389,0.4396053,4.4759097
10390,10.39,0.44892234,4.4075956
10391,10.391,0.4447734,4.4122953
10392,10.392,0.4390961,4.3602896
10393,10.393,0.44569072,4.294219
10394,10.394,0.4417853,4.321433
10395,10.395,0.43705326,4.330067
10396,10.396,0.4409147,4.2690043
10397,10.397,0.43998554,4.233722
10398,10.398,0.43827498,4.2252407
10399,10.399,0.43059036,4.115911
10400,10.4,0.4321408,3.987878
10401,10.401,0.42619333,3.8634572
10402,10.402,0.44314048,3.8037794
10403,10.403,0.43943387,3.7374618
10404,10.404,0.42347762,3.8542511
10405,10.405,0.4294682,3.7736073
10406,10.406,0.43515256,3.6786854
10407,10.407,0.43499693,3.7098448
10408,10.408,0.43029597,3.6122081
10409,10.409,0.43043372,3.6995323
10410,10.41,0.4327171,3.6276598
10411,10.411,0.43065017,3.7376437
10412,10.412,0.42451438,3.6856096
10413,10.413,0.41919494,3.667738
10414,10.414,0.42384925,3.584798
10415,10.415,0.42446327,3.567031
10416,10.416,0.42843074,3.6188962
10417,10.417,0.42925385,3.5769048
10418,10.418,0.42665145,3.5227973
10419,10.419,0.4235927,3.4074476
10420,10.42,0.42105845,3.509338
10421,10.421,0.4336403,3.3523862
10422,10.422,0.43052378,3.3977027
10423,10.423,0.43233845,3.5402238
10424,10.424,0.44474518,3.653525
10425,10.425,0.4311527,3.6029701
10426,10.426,0.4385382,3.6275017
10427,10.427,0.4443852,3.5811524
10428,10.428,0.44195503,3.6177247
10429,10.429,0.4369966,3.6523414
10430,10.43,0.4357573,3.6957736
10431,10.431,0.4191135,3.656547
10432,10.432,0.437313,3.4412656
10433,10.433,0.43771574,3.4490216
10434,10.434,0.42769992,3.527791
10435,10.435,0.4311655,3.5830812
10436,10.436,0.4408053,3.7290773
10437,10.437,0.4446253,3.7826214
10438,10.438,0.4460506,3.9032357
10439,10.439,0.43795857,3.8860793
10440,10.44,0.44816267,3.9589703
10441,10.441,0.44970635,3.6557293
10442,10.442,0.45395342,3.6175935
10443,10.443,0.4548079,3.7683125
10444,10.444,0.4541043,3.6047208
10445,10.445,0.45997027,3.718448
10446,10.446,0.4476718,3.7097878
10447,10.447,0.44257897,3.7161207
10448,10.448,0.44927758,3.702428
10449,10.449,0.43271384,3.5805657
10450,10.45,0.44641694,3.6682332
10451,10.451,0.44574192,3.7200139
10452,10.452,0.43053257,3.6747248
10453,10.453,0.43611884,3.5126421
10454,10.454,0.42882758,3.5945568
10455,10.455,0.44026735,3.63092
10456,10.456,0.43831345,3.6731613
10457,10.457,0.4350335,3.5769255
10458,10.458,0.4309937,3.782557
10459,10.459,0.44093913,3.7468877
10460,10.46,0.4470838,3.822175
10461,10.461,0.44903606,3.8978786
10462,10.462,0.4463279,3.8251333
10463,10.463,0.44562602,3.856075
10464,10.464,0.4484069,3.8502288
10465,10.465,0.43746948,3.8404608
10466,10.466,0.44008306,3.79284
10467,10.467,0.44224715,3.694344
10468,10.468,0.43801042,3.6128767
10469,10.469,0.44138917,4.251048
10470,10.47,0.4389427,4.2511744
10471,10.471,0.4375931,4.230267
10472,10.472,0.44366118,4.232689
10473,10.473,0.43923178,4.2213693
10474,10.474,0.44657728,4.242358
10475,10.475,0.44643873,4.237986
10476,10.476,0.44355646,4.22278
10477,10.477,0.44120708,4.2523837
10478,10.478,0.43797585,4.2247324
10479,10.479,0.44034562,4.245889
10480,10.48,0.43458855,4.2297397
10481,10.481,0.43770197,4.247026
10482,10.482,0.4345477,4.2244267
10483,10.483,0.429494,4.2232347
10484,10.484,0.4311333,4.22567
10485,10.485,0.41967434,4.213348
10486,10.486,0.43024164,4.212086
10487,10.487,0.4267177,4.245025
10488,10.488,0.42647842,4.21554
10489,10.489,0.43501985,4.232592
10490,10.49,0.4331032,4.2601876
10491,10.491,0.4300334,4.245864
10492,10.492,0.43260762,4.2209935
10493,10.493,0.4315362,4.252519
10494,10.494,0.4318504,4.2410564
10495,10.495,0.43249696,4.2502484
10496,10.496,0.435629,4.2283225
10497,10.497,0.42782706,4.2268133
10498,10.498,0.43645123,4.233063
10499,10.499,0.4381988,4.2394004
10500,10.5,0.4383625,4.1980247
10501,10.501,0.44351962,4.230925
10502,10.502,0.45104733,4.267443
10503,10.503,0.4473091,4.24622
10504,10.504,0.46248376,4.2296057
10505,10.505,0.4552281,4.2241983
10506,10.506,0.47803217,4.274823
10507,10.507,0.47516415,4.2642384
10508,10.508,0.46393633,4.237719
10509,10.509,0.457188,4.234029
10510,10.51,0.45573297,4.2494884
10511,10.511,0.45410803,4.24717
10512,10.512,0.4382928,4.272797
10513,10.513,0.43515843,4.235297
10514,10.514,0.43025175,4.2721653
10515,10.515,0.430337,4.2210445
10516,10.516,0.43450576,4.2382274
10517,10.517,0.43419024,4.249736
10518,10.518,0.4328138,4.2520432
10519,10.519,0.42631105,4.2362876
10520,10.52,0.427502,4.2321305
10521,10.521,0.42348,4.234434
10522,10.522,0.4256435,4.2550073
10523,10.523,0.43115592,4.245156
10524,10.524,0.43490478,4.251233
10525,10.525,0.43272316,4.241056
10526,10.526,0.4210458,4.26308
10527,10.527,0.41631007,4.27801
10528,10.528,0.4255084,4.2208524
10529,10.529,0.42347717,4.240558
10530,10.53,0.43761593,4.253702
10531,10.531,0.42144358,4.251132
10532,10.532,0.42516688,4.2390623
10533,10.533,0.44760472,4.242504
10534,10.534,0.4134442,4.251061
10535,10.535,0.42807874,4.2143116
10536,10.536,0.42875683,4.264926
10537,10.537,0.41750228,4.220216
10538,10.538,0.41378015,4.244325
10539,10.539,0.4248478,4.2159476
10540,10.54,0.43522185,4.225584
10541,10.541,0.4269159,4.2573414
10542,10.542,0.44022802,4.2483177
10543,10.543,0.42725915,4.2331305
10544,10.544,0.4264158,4.2206764
10545,10.545,0.4295877,4.221371
10546,10.546,0.4238113,4.227041
10547,10.547,0.4247402,4.239495
10548,10.548,0.43541843,4.255818
10549,10.549,0.4411158,4.228965
10550,10.55,0.43084964,4.2298803
10551,10.551,0.43206084,4.2336917
10552,10.552,0.4244216,4.2257996
10553,10.553,0.43775856,4.257672
10554,10.554,0.43493837,4.235787
10555,10.555,0.4342565,4.243239
10556,10.556,0.43543026,4.2325325
10557,10.557,0.44478044,4.2490807
10558,10.558,0.45363784,4.245433
10559,10.559,0.44529426,4.255442
10560,10.56,0.45021436,4.266191
10561,10.561,0.46794444,4.2539983
10562,10.562,0.4666543,4.2604465
10563,10.563,0.47667056,4.23971
10564,10.564,0.4639098,4.2527685
10565,10.565,0.46721503,4.2609243
10566,10.566,0.4665577,4.26652
10567,10.567,0.46981454,4.255446
10568,10.568,0.46785232,4.2914367
10569,10.569,0.4536892,4.2204127
10570,10.57,0.46415636,4.242544
10571,10.571,0.46439058,4.2434134
10572,10.572,0.4483796,4.2566
10573,10.573,0.4469063,4.251191
10574,10.574,0.4438157,4.245954
10575,10.575,0.44538477,4.241013
10576,10.576,0.43538913,4.24746
10577,10.577,0.4297608,4.2741327
10578,10.578,0.42256996,4.2628584
10579,10.579,0.43087497,4.245136
10580,10.58,0.43989807,4.232357
10581,10.581,0.4235913,4.250623
10582,10.582,0.42569914,4.2111926
10583,10.583,0.41936612,4.2322307
10584,10.584,0.42394948,4.24903
10585,10.585,0.42516044,4.2412047
10586,10.586,0.42473665,4.2703977
10587,10.587,0.4196401,4.2507954
10588,10.588,0.42088825,4.2461905
10589,10.589,0.41965827,4.272367
10590,10.59,0.42431933,4.2398934
10591,10.591,0.43452838,4.2203827
10592,10.592,0.43647116,4.235429
10593,10.593,0.43152815,4.2103806
10594,10.594,0.43993896,4.2267857
10595,10.595,0.42983797,4.2185135
10596,10.596,0.44288394,4.237764
10597,10.597,0.45499465,4.2281795
10598,10.598,0.45875716,4.2359147
10599,10.599,0.44069913,4.2325816
10600,10.6,0.441161,4.2308245
10601,10.601,0.4411589,4.2270107
10602,10.602,0.44613302,4.2178664
10603,10.603,0.44188395,4.2123237
10604,10.604,0.44813186,4.1890182
10605,10.605,0.444935,4.2059226
10606,10.606,0.44151285,4.202232
10607,10.607,0.43293625,4.186027
10608,10.608,0.43642488,4.1967278
10609,10.609,0.45409286,4.1999893
10610,10.61,0.44864252,4.218608
10611,10.611,0.4486089,4.1893954
10612,10.612,0.44192398,4.228611
10613,10.613,0.4397597,4.187635
10614,10.614,0.44465122,4.2330084
10615,10.615,0.4425317,4.23599
10616,10.616,0.433789,4.2176647
10617,10.617,0.44498742,4.2063026
10618,10.618,0.43961033,4.2053337
10619,10.619,0.442958,4.2337055
10620,10.62,0.43112996,4.2315
10621,10.621,0.45247528,4.234112
10622,10.622,0.4539549,4.205029
10623,10.623,0.44263408,4.2354674
10624,10.624,0.44747064,4.2331605
10625,10.625,0.45096952,4.204211
10626,10.626,0.44195962,4.1884184
10627,10.627,0.4293073,4.1597605
10628,10.628,0.42285037,4.177475
10629,10.629,0.41780052,4.205448
10630,10.63,0.41429225,4.193716
10631,10.631,0.4163272,4.2207923
10632,10.632,0.42014086,4.2241416
10633,10.633,0.40870783,4.1952415
10634,10.634,0.4199172,4.2115817
10635,10.635,0.4231785,4.2067885
10636,10.636,0.42401782,4.2196164
10637,10.637,0.42250735,4.1935635
10638,10.638,0.4274324,4.182694
10639,10.639,0.43539372,4.2067103
10640,10.64,0.4432943,4.219201
10641,10.641,0.42790845,4.1994586
10642,10.642,0.4297679,4.185569
10643,10.643,0.4379491,4.1861706
10644,10.644,0.43767697,4.1810126
10645,10.645,0.44104975,4.174717
10646,10.646,0.44555107,4.4400544
10647,10.647,0.4463778,4.3267484
10648,10.648,0.44802076,4.2102566
10649,10.649,0.4539532,4.5064363
10650,10.65,0.444772,4.4956465
10651,10.651,0.4444673,4.627645
10652,10.652,0.4359263,4.2099905
10653,10.653,0.43990302,4.763147
10654,10.654,0.4429614,4.822805
10655,10.655,0.44908723,4.9206343
10656,10.656,0.44146883,4.7889824
10657,10.657,0.4494468,4.7654753
10658,10.658,0.45156553,4.193454
10659,10.659,0.45336908,4.8556585
10660,10.66,0.45592564,4.823013
10661,10.661,0.44423154,4.7803383
10662,10.662,0.44236255,4.733718
10663,10.663,0.44538468,4.7133694
10664,10.664,0.43529168,4.6656876
10665,10.665,0.4334209,4.7737117
10666,10.666,0.45096794,4.875461
10667,10.667,0.45380205,4.78071
10668,10.668,0.45366463,4.9233456
10669,10.669,0.46080226,4.92497
10670,10.67,0.45412016,5.0098944
10671,10.671,0.45033595,4.9821744
10672,10.672,0.45403403,6.865109
10673,10.673,0.4551778,6.8290668
10674,10.674,0.45872572,5.0708623
10675,10.675,0.46040326,5.0762215
10676,10.676,0.44735804,4.88768
10677,10.677,0.45447764,4.926605
10678,10.678,0.44665787,4.765986
10679,10.679,0.43676353,4.765732
10680,10.68,0.436959,4.692965
10681,10.681,0.44089606,4.746475
10682,10.682,0.4457556,4.543366
10683,10.683,0.4592774,4.479083
10684,10.684,0.4695492,4.5355396
10685,10.685,0.4660159,4.5773697
10686,10.686,0.46398404,4.659643
10687,10.687,0.44834653,4.68166
10688,10.688,0.4608064,4.669189
10689,10.689,0.4598316,4.604212
10690,10.69,0.44377038,4.6506476
10691,10.691,0.43779412,4.6537056
10692,10.692,0.43842193,4.6041307
10693,10.693,0.46491706,4.5944805
10694,10.694,0.4640647,4.556822
10695,10.695,0.46957463,4.510873
10696,10.696,0.45738482,4.217972
10697,10.697,0.45022842,4.2134376
10698,10.698,0.4375241,4.2180963
10699,10.699,0.44792157,6.527305
10700,10.7,0.45710623,6.4860406
10701,10.701,0.44401336,6.578622
10702,10.702,0.44639856,6.691756
10703,10.703,0.43784806,6.7420497
10704,10.704,0.44290972,6.5290685
10705,10.705,0.44173217,6.516306
10706,10.706,0.43802047,6.51318
10707,10.707,0.44817585,6.5292597
10708,10.708,0.45688272,6.437128
10709,10.709,0.45104945,6.4625144
10710,10.71,0.45716208,6.5358524
10711,10.711,0.46829477,6.46025
10712,10.712,0.47408774,6.3952904
10713,10.713,0.4610262,6.2882724
10714,10.714,0.45832276,6.360914
10715,10.715,0.45995557,6.37672
10716,10.716,0.4534598,6.291285
10717,10.717,0.43998003,6.3240438
10718,10.718,0.44046018,6.2232747
10719,10.719,0.443147,6.2729354
10720,10.72,0.4332495,6.302192
10721,10.721,0.43288827,6.322228
10722,10.722,0.43155745,6.2021546
10723,10.723,0.4270919,6.310143
10724,10.724,0.42771342,6.385025
10725,10.725,0.42526367,6.4338226
10726,10.726,0.4498761,6.410881
10727,10.727,0.43013546,6.446219
10728,10.728,0.4279452,6.5414076
10729,10.729,0.42606106,6.4189615
10730,10.73,0.4337303,6.3884563
10731,10.731,0.41715539,6.3987164
10732,10.732,0.42646003,4.2359657
10733,10.733,0.42415223,6.253784
10734,10.734,0.43055287,6.4153934
10735,10.735,0.43569285,4.2247005
10736,10.736,0.44298133,4.2548385
10737,10.737,0.4205267,4.2563157
10738,10.738,0.4378111,4.2282925
10739,10.739,0.44480866,4.2265
10740,10.74,0.44383526,4.1985493
10741,10.741,0.43501836,4.202178
10742,10.742,0.45195913,4.1935616
10743,10.743,0.43507054,4.202638
10744,10.744,0.42638305,4.2284455
10745,10.745,0.42375648,4.220113
10746,10.746,0.4269302,4.2546434
10747,10.747,0.43452618,4.2188883
10748,10.748,0.42837775,4.2288446
10749,10.749,0.43786073,4.2395086
10750,10.75,0.42608482,4.223066
10751,10.751,0.42699718,4.2319956
10752,10.752,0.43199968,4.2346916
10753,10.753,0.42874604,4.2438583
10754,10.754,0.42126718,4.231852
10755,10.755,0.43555972,4.190947
10756,10.756,0.4267436,4.201461
10757,10.757,0.430242,4.178588
10758,10.758,0.42153883,4.1811833
10759,10.759,0.4310379,4.198477
10760,10.76,0.4268613,4.200664
10761,10.761,0.42434084,6.7087264
10762,10.762,0.43012932,4.200129
10763,10.763,0.42855155,6.8310413
10764,10.764,0.44149384,6.8661613
10765,10.765,0.43705255,6.7905765
10766,10.766,0.44580975,6.8159037
10767,10.767,0.4396547,6.943995
10768,10.768,0.4324088,6.991037
10769,10.769,0.42094794,6.9763627
10770,10.77,0.43376797,7.00186
10771,10.771,0.42662123,7.0357904
10772,10.772,0.42528263,6.9096394
10773,10.773,0.42500514,6.875405
10774,10.774,0.42969337,6.9316154
10775,10.775,0.4300955,7.0260763
10776,10.776,0.4309321,6.9782815
10777,10.777,0.42781016,6.9973965
10778,10.778,0.424835,6.9761124
10779,10.779,0.42965344,6.9626727
10780,10.78,0.4314425,6.9477725
10781,10.781,0.4247917,7.0103574
10782,10.782,0.4331072,7.0835686
10783,10.783,0.43868852,7.014485
10784,10.784,0.44632065,6.965609
10785,10.785,0.4246694,6.877564
10786,10.786,0.44191974,6.8596544
10787,10.787,0.45312902,6.8629827
10788,10.788,0.43911025,6.8673515
10789,10.789,0.45490187,6.8916154
10790,10.79,0.4534241,4.245074
10791,10.791,0.44806737,7.0056043
10792,10.792,0.44701952,4.2553186
10793,10.793,0.46231997,4.2517943
10794,10.794,0.4516067,4.237878
10795,10.795,0.43247512,4.212414
10796,10.796,0.44027883,4.214084
10797,10.797,0.43170106,4.241373
10798,10.798,0.44278538,4.238306
10799,10.799,0.4420863,4.2468257
10800,10.8,0.4461452,4.2149057
10801,10.801,0.4430988,4.2449613
10802,10.802,0.44541362,4.2407217
10803,10.803,0.44873452,4.25516
10804,10.804,0.4532311,4.2523007
10805,10.805,0.46404803,4.256331
10806,10.806,0.44525945,4.2597775
10807,10.807,0.45372775,4.2523837
10808,10.808,0.44966078,4.228997
10809,10.809,0.45628563,4.2270994
10810,10.81,0.45750576,4.2095675
10811,10.811,0.44793192,4.228334
10812,10.812,0.45816696,4.219381
10813,10.813,0.46690875,6.66653
10814,10.814,0.45353714,6.712055
10815,10.815,0.44455814,6.59421
10816,10.816,0.43944585,4.2032733
10817,10.817,0.43254766,4.204524
10818,10.818,0.442732,6.70276
10819,10.819,0.43296695,4.233723
10820,10.82,0.44189134,4.236646
10821,10.821,0.4301328,6.714067
10822,10.822,0.43529797,4.2208824
10823,10.823,0.43580306,4.213503
10824,10.824,0.4426081,6.7112083
10825,10.825,0.45986518,6.8038864
10826,10.826,0.46490687,4.212336
10827,10.827,0.43982518,4.2071385
10828,10.828,0.44712928,4.194963
10829,10.829,0.42969495,4.181751
10830,10.83,0.44569525,4.208281
10831,10.831,0.42298684,6.902171
10832,10.832,0.42828423,6.9492536
10833,10.833,0.43379697,6.966142
10834,10.834,0.42563146,6.9719963
10835,10.835,0.42665553,4.1685076
10836,10.836,0.4211049,4.173298
10837,10.837,0.429135,6.98312
10838,10.838,0.43934214,4.188215
10839,10.839,0.43321627,4.2066092
10840,10.84,0.42345443,4.198184
10841,10.841,0.42981714,4.2248993
10842,10.842,0.43354586,4.2079
10843,10.843,0.41860485,4.2288594
10844,10.844,0.42452466,4.2134566
10845,10.845,0.42518765,7.0787277
10846,10.846,0.41620415,7.1074843
10847,10.847,0.42701417,4.206377
10848,10.848,0.42415106,4.2178125
10849,10.849,0.42639285,4.2048626
10850,10.85,0.4244466,7.138008
10851,10.851,0.41883138,7.1254826
10852,10.852,0.42220506,7.060797
10853,10.853,0.42088422,7.0741334
10854,10.854,0.42861846,7.1075897
10855,10.855,0.43079567,7.0002704
10856,10.856,0.4388947,6.9919653
10857,10.857,0.4365864,6.992156
10858,10.858,0.43226302,7.0375032
10859,10.859,0.43729356,7.0512753
10860,10.86,0.4401638,4.2275867
10861,10.861,0.44754446,7.032595
10862,10.862,0.4324825,6.9929013
10863,10.863,0.4342581,4.2379107
10864,10.864,0.43384698,4.220767
10865,10.865,0.4356735,4.2246456
10866,10.866,0.42304268,7.002567
10867,10.867,0.42457655,7.02332
10868,10.868,0.43652758,6.8963766
10869,10.869,0.42701143,6.8366117
10870,10.87,0.434733,6.7883854
10871,10.871,0.43671405,6.663919
10872,10.872,0.43801132,6.7283998
10873,10.873,0.4356035,6.7675295
10874,10.874,0.44060117,6.684508
10875,10.875,0.4359589,6.660464
10876,10.876,0.43612942,6.589178
10877,10.877,0.42654875,6.6184187
10878,10.878,0.42974153,6.63608
10879,10.879,0.43812853,6.6338506
10880,10.88,0.43486446,6.583591
10881,10.881,0.43060723,6.6804314
10882,10.882,0.430511,6.6568213
10883,10.883,0.42714587,6.5996118
10884,10.884,0.42094088,6.6256843
10885,10.885,0.42546147,6.589111
10886,10.886,0.430936,6.5105906
10887,10.887,0.42796764,6.4833694
10888,10.888,0.429021,6.6186333
10889,10.889,0.44200283,6.4991918
10890,10.89,0.424669,6.5734797
10891,10.891,0.45188046,6.5974054
10892,10.892,0.44858018,6.5766754
10893,10.893,0.44414762,6.637393
10894,10.894,0.44804114,4.2470737
10895,10.895,0.444224,4.2494645
10896,10.896,0.4452709,4.2054048
10897,10.897,0.44988084,4.212024
10898,10.898,0.45195997,4.217607
10899,10.899,0.44419485,4.22176
10900,10.9,0.4409202,4.2371626
10901,10.901,0.45198718,4.25983
10902,10.902,0.4375744,4.287481
10903,10.903,0.44218677,4.2161856
10904,10.904,0.43654108,4.274313
10905,10.905,0.43082786,4.2768455
10906,10.906,0.41789463,4.2872386
10907,10.907,0.4244414,4.2644477
10908,10.908,0.4323462,4.292915
10909,10.909,0.42586738,4.240812
10910,10.91,0.42284614,4.262067
10911,10.911,0.4376262,4.2649426
10912,10.912,0.43363512,4.2710795
10913,10.913,0.43361673,4.266105
10914,10.914,0.43433258,4.2737627
10915,10.915,0.44618624,4.26363
10916,10.916,0.43501234,4.2392
10917,10.917,0.42648172,4.2499065
10918,10.918,0.43724284,4.248679
10919,10.919,0.42473918,4.2293115
10920,10.92,0.43524277,4.2329483
10921,10.921,0.46013877,4.2375216
10922,10.922,0.4411812,6.748214
10923,10.923,0.45518643,6.699953
10924,10.924,0.4428099,6.706247
10925,10.925,0.43833023,6.7783265
10926,10.926,0.45253742,6.7623186
10927,10.927,0.44955364,6.708938
10928,10.928,0.4411303,6.7144628
10929,10.929,0.44541848,6.6936455
10930,10.93,0.43624493,6.7172537
10931,10.931,0.43860805,6.6870813
10932,10.932,0.44419736,6.7549925
10933,10.933,0.43159524,6.806862
10934,10.934,0.43278125,6.7611265
10935,10.935,0.43077093,6.7373767
10936,10.936,0.4253697,6.760109
10937,10.937,0.4326544,6.7323403
10938,10.938,0.42091194,6.766713
10939,10.939,0.42741275,6.6654277
10940,10.94,0.42166084,6.7027955
10941,10.941,0.42793888,6.7822814
10942,10.942,0.41036427,6.774009
10943,10.943,0.42312628,4.1920023
10944,10.944,0.421907,4.204348
10945,10.945,0.42217374,6.7589116
10946,10.946,0.43363044,4.1842146
10947,10.947,0.4356471,6.8026714
10948,10.948,0.4311129,6.79523
10949,10.949,0.42761338,4.182058
10950,10.95,0.4282716,4.177208
10951,10.951,0.43014067,4.196777
10952,10.952,0.44037846,4.195905
10953,10.953,0.42195308,6.8669496
10954,10.954,0.42651305,4.2192616
10955,10.955,0.43282026,6.82463
10956,10.956,0.4454114,6.742265
10957,10.957,0.43103695,6.770548
10958,10.958,0.42965713,6.901247
10959,10.959,0.4341031,6.9169555
10960,10.96,0.43387732,6.922339
10961,10.961,0.42861977,6.8760004
10962,10.962,0.43390682,6.9090934
10963,10.963,0.436885,6.9330006
10964,10.964,0.43865645,7.022489
10965,10.965,0.43974563,6.988711
10966,10.966,0.4408816,7.1188364
10967,10.967,0.44967604,7.148428
10968,10.968,0.43405414,7.148213
10969,10.969,0.43702927,7.1794715
10970,10.97,0.43972808,7.1109295
10971,10.971,0.44001734,7.1269393
10972,10.972,0.4324133,7.1367836
10973,10.973,0.43122536,7.094518
10974,10.974,0.42689982,7.1157994
10975,10.975,0.43243906,7.12377
10976,10.976,0.44416237,4.2331085
10977,10.977,0.4347148,4.224648
10978,10.978,0.4369313,4.2526407
10979,10.979,0.43580094,4.224374
10980,10.98,0.43423653,4.2073874
10981,10.981,0.43408954,4.239817
10982,10.982,0.44701767,4.239646
10983,10.983,0.45348117,4.2284045
10984,10.984,0.44348496,4.2093887
10985,10.985,0.435587,4.2421374
10986,10.986,0.4249955,4.2114162
10987,10.987,0.4230066,4.250642
10988,10.988,0.4246471,4.228393
10989,10.989,0.419361,7.0375233
10990,10.99,0.43090698,7.029773
10991,10.991,0.42270258,6.980336
10992,10.992,0.41520482,4.224965
10993,10.993,0.4224238,4.244245
10994,10.994,0.42169037,4.271322
10995,10.995,0.42661574,4.2495775
10996,10.996,0.42379025,4.2301803
10997,10.997,0.3996324,4.228822
10998,10.998,0.41735888,4.230073
10999,10.999,0.41899917,4.2509665
11000,11.0,0.428697,4.2594337
11001,11.001,0.42030185,4.264672
11002,11.002,0.4158569,4.2494993
11003,11.003,0.41933826,4.2625017
11004,11.004,0.42511898,4.262332
11005,11.005,0.41830558,4.268091
11006,11.006,0.41970378,4.232988
11007,11.007,0.41035548,4.2578025
11008,11.008,0.42023128,4.233052
11009,11.009,0.42632583,4.2663145
11010,11.01,0.43469533,4.291678
11011,11.011,0.42398787,4.2909946
11012,11.012,0.43155938,4.2724853
11013,11.013,0.42676288,4.279863
11014,11.014,0.42533782,4.2694006
11015,11.015,0.4262323,4.2653294
11016,11.016,0.42773739,4.274957
11017,11.017,0.4197754,4.288678
11018,11.018,0.4118767,4.2829304
11019,11.019,0.40769464,4.2849803
11020,11.02,0.40683818,4.2831454
11021,11.021,0.42182833,4.29257
11022,11.022,0.42207044,4.2900653
11023,11.023,0.41825467,4.2653127
11024,11.024,0.42549068,4.2672434
11025,11.025,0.4138874,4.266119
11026,11.026,0.41451338,4.265036
11027,11.027,0.4156056,4.3020306
11028,11.028,0.41680485,4.2831573
11029,11.029,0.41748577,4.285167
11030,11.03,0.42920712,4.262227
11031,11.031,0.4169245,4.283118
11032,11.032,0.41595596,4.269348
11033,11.033,0.40112588,4.283201
11034,11.034,0.41880822,4.2754073
11035,11.035,0.41823694,4.264362
11036,11.036,0.41398048,4.2825665
11037,11.037,0.40566224,4.2973604
11038,11.038,0.41575265,4.2872252
11039,11.039,0.40962058,4.261782
11040,11.04,0.41792268,4.2828474
11041,11.041,0.428539,4.286032
11042,11.042,0.43042195,4.254305
11043,11.043,0.41495726,4.2330103
11044,11.044,0.4119074,4.2525997
11045,11.045,0.41680908,4.266359
11046,11.046,0.42494613,4.243581
11047,11.047,0.42270234,4.247139
11048,11.048,0.41566008,4.2242694
11049,11.049,0.42685637,4.2388277
11050,11.05,0.43719956,4.2344184
11051,11.051,0.4384267,4.2320704
11052,11.052,0.43232024,4.206022
11053,11.053,0.42192304,4.222265
11054,11.054,0.42003483,4.226521
11055,11.055,0.41922224,4.2212167
11056,11.056,0.4256441,4.191458
11057,11.057,0.43066138,4.1762795
11058,11.058,0.4292908,4.1738906
11059,11.059,0.43175486,4.211983
11060,11.06,0.42667878,4.1978974
11061,11.061,0.43493512,4.2241025
11062,11.062,0.43763492,4.221689
11063,11.063,0.44247812,4.220162
11064,11.064,0.4388461,4.2305193
11065,11.065,0.42871866,4.2260666
11066,11.066,0.43014225,4.221383
11067,11.067,0.41662797,4.239908
11068,11.068,0.43027383,4.2439456
11069,11.069,0.4276901,4.228195
11070,11.07,0.44610074,4.197377
11071,11.071,0.434287,4.223484
11072,11.072,0.43670863,4.247163
11073,11.073,0.43953362,4.2543387
11074,11.074,0.4395279,4.2531295
11075,11.075,0.4293215,4.2580075
11076,11.076,0.43023428,4.252325
11077,11.077,0.44018587,4.256983
11078,11.078,0.44004908,4.2417126
11079,11.079,0.447673,4.2246165
11080,11.08,0.4409918,4.229405
11081,11.081,0.44059572,4.245666
11082,11.082,0.4327418,4.2693677
11083,11.083,0.4310151,4.2552524
11084,11.084,0.4392507,4.2488627
11085,11.085,0.43428665,4.244093
11086,11.086,0.43937618,4.25101
11087,11.087,0.42999554,4.2349205
11088,11.088,0.43333086,4.2458243
11089,11.089,0.43267694,4.2527823
11090,11.09,0.42589727,4.262139
11091,11.091,0.43786928,4.2575593
11092,11.092,0.4344155,4.234951
11093,11.093,0.44192705,4.236359
11094,11.094,0.43893358,4.227123
11095,11.095,0.43406504,4.2387323
11096,11.096,0.4403479,4.2325783
11097,11.097,0.44248888,4.2136154
11098,11.098,0.44429007,4.2320952
11099,11.099,0.44830152,4.2315035
11100,11.1,0.4506946,4.238567
11101,11.101,0.4407507,4.2421765
11102,11.102,0.4345373,4.2424135
11103,11.103,0.44341314,4.21767
11104,11.104,0.44739643,4.2396464
11105,11.105,0.43268725,4.2330413
11106,11.106,0.4431431,4.2206326
11107,11.107,0.44033012,4.2362056
11108,11.108,0.43154433,6.926279
11109,11.109,0.4322541,4.197755
11110,11.11,0.43857804,4.228833
11111,11.111,0.4320313,4.2438602
11112,11.112,0.42707592,4.230115
11113,11.113,0.42668813,4.255461
11114,11.114,0.44065422,4.210341
11115,11.115,0.434974,4.248617
11116,11.116,0.43758592,4.229627
11117,11.117,0.44271174,4.252532
11118,11.118,0.44202957,4.2623873
11119,11.119,0.4425226,4.263255
11120,11.12,0.4361651,4.240658
11121,11.121,0.43439284,4.2478576
11122,11.122,0.42727447,4.2661924
11123,11.123,0.44240037,4.250932
11124,11.124,0.43493086,4.2483697
11125,11.125,0.44521758,4.2634325
11126,11.126,0.43148574,4.252523
11127,11.127,0.4379307,4.2489448
11128,11.128,0.4459357,4.2415442
11129,11.129,0.44128656,4.251592
11130,11.13,0.43748304,4.197872
11131,11.131,0.42899755,4.239426
11132,11.132,0.42337734,4.23229
11133,11.133,0.43073097,4.212207
11134,11.134,0.4302147,4.2479086
11135,11.135,0.4245025,4.242975
11136,11.136,0.43298444,4.251764
11137,11.137,0.4348322,4.25018
11138,11.138,0.43348256,4.2351003
11139,11.139,0.41685718,4.2304525
11140,11.14,0.42409632,4.244766
11141,11.141,0.42824593,4.2246094
11142,11.142,0.4175666,4.213686
11143,11.143,0.42125258,4.219949
11144,11.144,0.42427552,4.2399826
11145,11.145,0.43993822,4.2287903
11146,11.146,0.42949307,4.2296767
11147,11.147,0.4277822,4.2107954
11148,11.148,0.42513353,4.240642
11149,11.149,0.41864705,4.233821
11150,11.15,0.42326573,4.1883125
11151,11.151,0.41477758,4.2179704
11152,11.152,0.4223662,4.206814
11153,11.153,0.43452623,4.248469
11154,11.154,0.42489776,4.215437
11155,11.155,0.42945382,4.2139907
11156,11.156,0.43756533,4.226746
11157,11.157,0.4351927,4.2147694
11158,11.158,0.42641133,4.217202
11159,11.159,0.425754,4.170823
11160,11.16,0.4302352,4.1824827
11161,11.161,0.4372292,4.1946015
11162,11.162,0.4309094,4.213464
11163,11.163,0.42979676,4.1921396
11164,11.164,0.42635563,4.204327
11165,11.165,0.43687823,4.2180676
11166,11.166,0.44477206,4.190516
11167,11.167,0.4335013,4.2487893
11168,11.168,0.42908296,4.24686
11169,11.169,0.4299881,4.232358
11170,11.17,0.4324483,4.2328157
11171,11.171,0.4397961,4.2140403
11172,11.172,0.44060507,4.195208
11173,11.173,0.42469877,4.208663
11174,11.174,0.43566898,4.2212086
11175,11.175,0.42059144,4.2209616
11176,11.176,0.4264738,4.245569
11177,11.177,0.43547505,4.2190175
11178,11.178,0.41827816,4.235665
11179,11.179,0.43313113,4.2293963
11180,11.18,0.42584223,4.219837
11181,11.181,0.41546908,4.208696
11182,11.182,0.4187303,4.2068763
11183,11.183,0.41800416,4.2157836
11184,11.184,0.42303395,4.2217937
11185,11.185,0.42301133,4.215131
11186,11.186,0.42612004,4.214511
11187,11.187,0.44071126,4.2076726
11188,11.188,0.43197513,4.170913
11189,11.189,0.42087048,4.196278
11190,11.19,0.43020296,4.203415
11191,11.191,0.43213356,4.1956296
11192,11.192,0.41854253,4.1972075
11193,11.193,0.42829573,4.205858
11194,11.194,0.43828523,4.234896
11195,11.195,0.43145692,4.234495
11196,11.196,0.44536147,4.221093
11197,11.197,0.43113273,4.1957884
11198,11.198,0.44630966,4.228745
11199,11.199,0.44217223,4.241789
11200,11.2,0.43702266,4.211073
11201,11.201,0.4401726,4.209294
11202,11.202,0.4369756,4.2215357
11203,11.203,0.429487,4.230906
11204,11.204,0.4228732,4.2008996
11205,11.205,0.41914582,4.196772
11206,11.206,0.42757058,4.1785684
11207,11.207,0.41718385,4.181198
11208,11.208,0.42139432,4.2128425
11209,11.209,0.42567468,4.2023163
11210,11.21,0.4373526,4.2412367
11211,11.211,0.42494288,4.224163
11212,11.212,0.42619064,4.2151165
11213,11.213,0.44607723,4.233033
11214,11.214,0.42395136,4.24556
11215,11.215,0.43177915,4.2411976
11216,11.216,0.4220257,4.238797
11217,11.217,0.4300125,4.246906
11218,11.218,0.4165693,4.225459
11219,11.219,0.41782367,4.244393
11220,11.22,0.42012072,4.2469106
11221,11.221,0.4171965,4.2347345
11222,11.222,0.4187363,4.2213564
11223,11.223,0.4202246,4.226768
11224,11.224,0.42551506,4.2373943
11225,11.225,0.42478624,4.261584
11226,11.226,0.41319424,4.2302237
11227,11.227,0.42982006,4.23332
11228,11.228,0.42026144,4.1922216
11229,11.229,0.417372,4.2199383
11230,11.23,0.41870892,4.209428
11231,11.231,0.42882642,4.226317
11232,11.232,0.432231,4.230618
11233,11.233,0.42828065,4.258651
11234,11.234,0.41316348,4.2138186
11235,11.235,0.42377657,4.238136
11236,11.236,0.42535496,4.2414794
11237,11.237,0.41814727,4.2881737
11238,11.238,0.41125053,4.258186
11239,11.239,0.41574547,4.236879
11240,11.24,0.41401598,4.246883
11241,11.241,0.44068068,4.2504873
11242,11.242,0.42485723,4.2560563
11243,11.243,0.41891474,4.219809
11244,11.244,0.42072996,4.220045
11245,11.245,0.42617694,4.241754
11246,11.246,0.4175197,4.244914
11247,11.247,0.42809686,4.1957507
11248,11.248,0.43160105,4.206525
11249,11.249,0.43037364,4.2434196
11250,11.25,0.4287155,4.2649746
11251,11.251,0.43304163,4.2421823
11252,11.252,0.4502918,4.2576714
11253,11.253,0.4455063,4.247762
11254,11.254,0.4374012,4.309239
11255,11.255,0.4485142,4.3131094
11256,11.256,0.43983448,4.2939405
11257,11.257,0.43546662,4.2913465
11258,11.258,0.44944015,4.262942
11259,11.259,0.4435147,4.277572
11260,11.26,0.44038606,4.2730837
11261,11.261,0.44115487,4.287376
11262,11.262,0.44685432,4.260537
11263,11.263,0.4581429,4.2753015
11264,11.264,0.4476375,4.24083
11265,11.265,0.44195107,4.241651
11266,11.266,0.443467,4.2532372
11267,11.267,0.44032362,4.2671275
11268,11.268,0.42505023,4.240744
11269,11.269,0.43478924,4.2205863
11270,11.27,0.42776027,4.2090387
11271,11.271,0.42737755,4.2369285
11272,11.272,0.42880532,4.2391844
11273,11.273,0.42846447,4.2197776
11274,11.274,0.42625374,4.2303815
11275,11.275,0.41868892,4.2420335
11276,11.276,0.44359738,4.2435365
11277,11.277,0.42934513,4.226873
11278,11.278,0.43814763,4.2410545
11279,11.279,0.44113952,4.2389526
11280,11.28,0.4395885,4.232598
11281,11.281,0.43655398,4.227646
11282,11.282,0.43077937,4.2315593
11283,11.283,0.432955,4.2504306
11284,11.284,0.43681732,4.2279906
11285,11.285,0.45116922,4.216219
11286,11.286,0.44104242,4.183525
11287,11.287,0.448805,4.2021737
11288,11.288,0.45055088,4.2015324
11289,11.289,0.45772645,4.1888347
11290,11.29,0.45709276,4.2169323
11291,11.291,0.449243,4.1882157
11292,11.292,0.43743306,4.2148657
11293,11.293,0.4379069,4.244505
11294,11.294,0.43610162,4.227216
11295,11.295,0.44400495,4.2054086
11296,11.296,0.43512478,4.184172
11297,11.297,0.45341107,4.1924534
11298,11.298,0.45148146,4.188243
11299,11.299,0.45284596,4.187143
11300,11.3,0.45762905,4.1843643
11301,11.301,0.45387393,4.167037
11302,11.302,0.44868997,4.1999583
11303,11.303,0.45095077,4.186099
11304,11.304,0.43526956,4.180559
11305,11.305,0.4466797,4.1792707
11306,11.306,0.4444436,4.185592
11307,11.307,0.441581,4.18668
11308,11.308,0.44797125,4.224385
11309,11.309,0.44621795,4.2128816
11310,11.31,0.44947988,4.210544
11311,11.311,0.43835023,4.217934
11312,11.312,0.44515875,4.218272
11313,11.313,0.44689295,4.2291193
11314,11.314,0.43885872,4.2273636
11315,11.315,0.437062,4.236336
11316,11.316,0.42491797,4.2102523
11317,11.317,0.43347353,4.230539
11318,11.318,0.4412611,4.2061667
11319,11.319,0.43394476,4.2186017
11320,11.32,0.43378365,4.2289286
11321,11.321,0.415585,4.2245674
11322,11.322,0.41465616,4.2065997
11323,11.323,0.42049256,4.18683
11324,11.324,0.4392809,4.2162285
11325,11.325,0.42537096,4.207208
11326,11.326,0.42103937,4.171451
11327,11.327,0.42043322,4.205801
11328,11.328,0.41799188,4.2065573
11329,11.329,0.42276976,4.2060575
11330,11.33,0.4193211,4.2183976
11331,11.331,0.4143727,4.2128034
11332,11.332,0.41090268,4.213077
11333,11.333,0.41256464,4.21245
11334,11.334,0.40302932,4.2223125
11335,11.335,0.428927,4.2160215
11336,11.336,0.4151619,4.239071
11337,11.337,0.4185646,4.230157
11338,11.338,0.40228057,4.250072
11339,11.339,0.4112976,4.299163
11340,11.34,0.42195353,4.2932973
11341,11.341,0.41426483,4.2877417
11342,11.342,0.41896862,4.2817497
11343,11.343,0.4262383,4.243759
11344,11.344,0.40758333,4.226699
11345,11.345,0.4101475,4.2165647
11346,11.346,0.42698845,4.2371416
11347,11.347,0.42222306,4.200359
11348,11.348,0.4252252,4.203381
11349,11.349,0.41963884,4.204901
11350,11.35,0.4212334,4.215614
11351,11.351,0.4219566,4.203133
11352,11.352,0.41260782,4.206638
11353,11.353,0.40877813,4.221141
11354,11.354,0.41517872,4.228749
11355,11.355,0.41437036,4.2336826
11356,11.356,0.41601887,4.2371716
11357,11.357,0.42984024,4.2309875
11358,11.358,0.4096031,4.234519
11359,11.359,0.41726613,4.206028
11360,11.36,0.41918254,4.227285
11361,11.361,0.40491906,4.2314305
11362,11.362,0.4280903,4.2134953
11363,11.363,0.41753176,4.2125974
11364,11.364,0.41501576,4.198228
11365,11.365,0.41817868,4.2210183
11366,11.366,0.43170512,4.2172284
11367,11.367,0.4152397,4.1849546
11368,11.368,0.42113683,4.1749554
11369,11.369,0.4172127,4.1870894
11370,11.37,0.42247742,4.170173
11371,11.371,0.42238215,4.1792517
11372,11.372,0.42316222,4.1830564
11373,11.373,0.426681,4.218071
11374,11.374,0.41936663,4.1724863
11375,11.375,0.4157696,4.2363925
11376,11.376,0.4260628,4.212441
11377,11.377,0.41183344,4.2407336
11378,11.378,0.41084024,4.242856
11379,11.379,0.41294578,4.235233
11380,11.38,0.40202844,4.2202525
11381,11.381,0.40843427,4.245436
11382,11.382,0.4171689,4.228802
11383,11.383,0.4320986,4.215997
11384,11.384,0.4245114,4.220686
11385,11.385,0.41694406,4.2317057
11386,11.386,0.41353562,4.232006
11387,11.387,0.4206833,4.2525535
11388,11.388,0.40986702,4.247406
11389,11.389,0.41710493,4.253756
11390,11.39,0.42619693,4.226408
11391,11.391,0.4156346,4.2349696
11392,11.392,0.39810914,4.2561727
11393,11.393,0.41282845,4.226064
11394,11.394,0.40396217,4.217352
11395,11.395,0.4187646,4.2227974
11396,11.396,0.42744315,4.247489
11397,11.397,0.41342327,4.255657
11398,11.398,0.41872934,4.261706
11399,11.399,0.414342,4.269391
11400,11.4,0.420033,4.270056
11401,11.401,0.41942957,4.278131
11402,11.402,0.41982207,4.27059
11403,11.403,0.41160676,4.2576427
11404,11.404,0.40498227,4.2450514
11405,11.405,0.41301158,4.2440434
11406,11.406,0.4010556,4.2261806
11407,11.407,0.39494827,4.234389
11408,11.408,0.4032836,4.2558575
11409,11.409,0.4040511,4.253132
11410,11.41,0.39789897,4.252109
11411,11.411,0.40950078,4.23207
11412,11.412,0.39190024,4.2545404
11413,11.413,0.402645,4.252596
11414,11.414,0.40427497,4.2607183
11415,11.415,0.4000607,4.2288723
11416,11.416,0.39507514,4.262061
11417,11.417,0.40518034,4.2540865
11418,11.418,0.39890644,4.3028846
11419,11.419,0.39226496,4.284133
11420,11.42,0.40267432,4.306024
11421,11.421,0.39518258,4.262605
11422,11.422,0.39713708,4.2517104
11423,11.423,0.39604893,4.2681637
11424,11.424,0.3895175,4.266218
11425,11.425,0.40488648,4.2703867
11426,11.426,0.40607277,4.2949924
11427,11.427,0.39625758,4.2709146
11428,11.428,0.42228526,4.310038
11429,11.429,0.42432198,4.2849545
11430,11.43,0.40733665,4.273563
11431,11.431,0.41244605,4.267004
11432,11.432,0.41506496,4.2645583
11433,11.433,0.41481858,4.261694
11434,11.434,0.41681615,4.252579
11435,11.435,0.40647978,4.2590322
11436,11.436,0.4093118,4.28347
11437,11.437,0.41109926,4.2597084
11438,11.438,0.4124409,4.2234406
11439,11.439,0.42201412,4.241256
11440,11.44,0.4236894,4.2528634
11441,11.441,0.42399633,4.2631564
11442,11.442,0.41737235,4.2699685
11443,11.443,0.42388132,4.244103
11444,11.444,0.416106,4.277163
11445,11.445,0.4227544,4.289416
11446,11.446,0.41918877,4.280577
11447,11.447,0.41854775,4.26067
11448,11.448,0.4213722,4.2615848
11449,11.449,0.41578558,4.279108
11450,11.45,0.42547575,4.235425
11451,11.451,0.42314598,4.2630134
11452,11.452,0.41963166,4.296596
11453,11.453,0.42381373,4.278484
11454,11.454,0.43489346,4.26888
11455,11.455,0.42496178,4.261881
11456,11.456,0.42754158,4.272948
11457,11.457,0.41935351,4.263766
11458,11.458,0.4280797,4.281166
11459,11.459,0.40937006,4.271025
11460,11.46,0.4072979,4.295396
11461,11.461,0.4231907,4.264288
11462,11.462,0.436094,4.2793097
11463,11.463,0.42598423,4.266145
11464,11.464,0.42392117,4.2566676
11465,11.465,0.438142,4.2638555
11466,11.466,0.4259303,4.2775064
11467,11.467,0.44033793,4.2347984
11468,11.468,0.42590025,4.2487116
11469,11.469,0.4278237,4.2374363
11470,11.47,0.43019247,4.2260737
11471,11.471,0.4258091,4.2408333
11472,11.472,0.4222495,4.2518754
11473,11.473,0.42668864,4.256283
11474,11.474,0.4232818,4.253556
11475,11.475,0.4202832,4.228962
11476,11.476,0.40791845,4.217163
11477,11.477,0.4135412,4.2399063
11478,11.478,0.41300404,4.228115
11479,11.479,0.40667212,4.226946
11480,11.48,0.40057957,4.2306085
11481,11.481,0.407321,4.2086635
11482,11.482,0.416674,4.2328672
11483,11.483,0.41784826,4.2374
11484,11.484,0.40796793,4.2060184
11485,11.485,0.4040837,4.2232113
11486,11.486,0.41620815,4.2409506
11487,11.487,0.41302377,4.2283807
11488,11.488,0.406294,4.2225847
11489,11.489,0.40182126,4.2254195
11490,11.49,0.39612645,4.2154574
11491,11.491,0.40412176,4.2531004
11492,11.492,0.40405095,4.2121997
11493,11.493,0.3997438,4.2188797
11494,11.494,0.40875584,4.227833
11495,11.495,0.3978286,4.2414875
11496,11.496,0.40206838,4.2208843
11497,11.497,0.41074336,4.2005825
11498,11.498,0.4070975,4.2091928
11499,11.499,0.41200006,4.215871
11500,11.5,0.4185507,4.2310815
11501,11.501,0.40945843,4.2024975
11502,11.502,0.40782914,4.2137465
11503,11.503,0.40818006,4.2760077
11504,11.504,0.4132841,4.217971
11505,11.505,0.3990204,4.236078
11506,11.506,0.38879326,4.2317157
11507,11.507,0.41127193,4.2257023
11508,11.508,0.41364482,4.2165174
11509,11.509,0.42611146,4.231535
11510,11.51,0.41907758,4.249896
11511,11.511,0.41606796,4.2570343
11512,11.512,0.41121858,4.257205
11513,11.513,0.4173983,4.237109
11514,11.514,0.41612157,4.1985235
11515,11.515,0.42454705,4.2069693
11516,11.516,0.42927614,4.206209
11517,11.517,0.42534715,4.215211
11518,11.518,0.4175062,4.226661
11519,11.519,0.43650803,4.2318015
11520,11.52,0.41014913,4.2282815
11521,11.521,0.41724116,4.220039
11522,11.522,0.41609526,4.197741
11523,11.523,0.41021347,4.2113314
11524,11.524,0.41067556,4.197069
11525,11.525,0.41540888,4.2057147
11526,11.526,0.4163034,4.2416906
11527,11.527,0.41343167,4.231571
11528,11.528,0.42008206,4.2385964
11529,11.529,0.40703854,4.2249722
11530,11.53,0.40551966,4.2232943
11531,11.531,0.41116023,4.2055287
11532,11.532,0.41636422,4.2366686
11533,11.533,0.41720346,4.232718
11534,11.534,0.41937405,4.19582
11535,11.535,0.40728983,4.232819
11536,11.536,0.39931858,4.200183
11537,11.537,0.40523133,4.196018
11538,11.538,0.3990312,4.1599436
11539,11.539,0.39807668,4.197087
11540,11.54,0.40012568,4.225837
11541,11.541,0.40067074,4.1934013
11542,11.542,0.4117101,4.177217
11543,11.543,0.40576398,4.2053204
11544,11.544,0.39762047,4.186671
11545,11.545,0.4105939,4.1799445
11546,11.546,0.40083286,4.188935
11547,11.547,0.39911515,4.2156253
11548,11.548,0.40270218,4.2019434
11549,11.549,0.40816575,4.2112947
11550,11.55,0.40541956,4.2040033
11551,11.551,0.40651563,4.221823
11552,11.552,0.40844876,4.2083535
11553,11.553,0.40170962,4.208141
11554,11.554,0.41868004,4.194342
11555,11.555,0.4102157,4.2147765
11556,11.556,0.41070846,4.232409
11557,11.557,0.41592038,4.223266
11558,11.558,0.4119017,4.1907716
11559,11.559,0.42355248,4.218287
11560,11.56,0.41131455,4.226717
11561,11.561,0.4047777,4.198916
11562,11.562,0.39651766,4.2060676
11563,11.563,0.40725818,4.212604
11564,11.564,0.41203418,4.2168336
11565,11.565,0.41188425,4.197104
11566,11.566,0.4011738,4.2074103
11567,11.567,0.40396103,4.2095704
11568,11.568,0.40215415,4.200678
11569,11.569,0.41194987,4.2211046
11570,11.57,0.4026066,4.2005167
11571,11.571,0.4150947,4.210148
11572,11.572,0.39433813,4.227344
11573,11.573,0.39784935,4.2152276
11574,11.574,0.38145444,4.2019396
11575,11.575,0.39524984,4.201688
11576,11.576,0.40686542,4.2348742
11577,11.577,0.39569744,4.239448
11578,11.578,0.39391664,4.2189536
11579,11.579,0.3884571,4.212316
11580,11.58,0.39238343,4.2266197
11581,11.581,0.40043294,4.196894
11582,11.582,0.39683026,4.197255
11583,11.583,0.39891315,4.2328243
11584,11.584,0.40239894,4.1928644
11585,11.585,0.4104792,4.207951
11586,11.586,0.41072425,4.203715
11587,11.587,0.40785775,4.2007666
11588,11.588,0.39911437,4.2208905
11589,11.589,0.4091014,4.2564855
11590,11.59,0.40635556,4.2505584
11591,11.591,0.41091228,4.221768
11592,11.592,0.40893275,4.2129345
11593,11.593,0.40943363,4.194509
11594,11.594,0.41492775,4.204949
11595,11.595,0.4172241,4.226772
11596,11.596,0.41994548,4.2115893
11597,11.597,0.42095754,4.215926
11598,11.598,0.41421404,4.2283216
11599,11.599,0.4147368,4.2039647
11600,11.6,0.4233472,4.204811
11601,11.601,0.424351,4.228598
11602,11.602,0.42785043,4.2262006
11603,11.603,0.40801248,4.240345
11604,11.604,0.41761345,4.2401614
11605,11.605,0.41293976,4.221107
11606,11.606,0.40504417,4.2356505
11607,11.607,0.4131207,4.2609477
11608,11.608,0.41782653,4.2404337
11609,11.609,0.41675156,4.256313
11610,11.61,0.4118197,4.241127
11611,11.611,0.41946015,4.2295823
11612,11.612,0.41684604,4.217214
11613,11.613,0.41843542,4.2155137
11614,11.614,0.414956,4.2316904
11615,11.615,0.4256428,4.2207336
11616,11.616,0.43407467,4.2082214
11617,11.617,0.42026657,4.205039
11618,11.618,0.41338181,4.216155
11619,11.619,0.41628277,4.2251225
11620,11.62,0.41266313,4.2251077
11621,11.621,0.4160202,4.2128634
11622,11.622,0.4143991,4.2185335
11623,11.623,0.40905905,4.242952
11624,11.624,0.41253757,4.2081165
11625,11.625,0.40909657,4.2213025
11626,11.626,0.41187888,4.2433457
11627,11.627,0.42357457,4.1900086
11628,11.628,0.40913552,4.2070518
11629,11.629,0.42038888,4.243919
11630,11.63,0.40469328,4.2036304
11631,11.631,0.39679515,4.2057214
11632,11.632,0.40622032,4.2019773
11633,11.633,0.40445456,4.2297816
11634,11.634,0.40127096,4.2260923
11635,11.635,0.40071702,4.2602987
11636,11.636,0.402972,4.2227283
11637,11.637,0.41265857,4.2014213
11638,11.638,0.4069786,4.2098308
11639,11.639,0.40354,4.2370887
11640,11.64,0.39782196,4.2300687
11641,11.641,0.40385944,4.2126493
11642,11.642,0.41006848,4.20848
11643,11.643,0.41997814,4.1923447
11644,11.644,0.41606116,4.2529173
11645,11.645,0.40569106,4.241791
11646,11.646,0.40066546,4.225578
11647,11.647,0.41509476,4.2278714
11648,11.648,0.41106102,4.2547593
11649,11.649,0.4115122,4.235564
11650,11.65,0.41315597,4.2469296
11651,11.651,0.41204032,4.2288165
11652,11.652,0.4212263,4.2256207
11653,11.653,0.4129785,4.2371707
11654,11.654,0.41597036,4.2445593
11655,11.655,0.41072288,4.2556257
11656,11.656,0.41874424,4.240659
11657,11.657,0.42086682,4.264475
11658,11.658,0.4267231,4.2204623
11659,11.659,0.43502423,4.243273
11660,11.66,0.43214494,4.258969
11661,11.661,0.4302278,4.242756
11662,11.662,0.4298363,4.255922
11663,11.663,0.41850248,4.265429
11664,11.664,0.41798308,4.2419252
11665,11.665,0.4170477,4.22885
11666,11.666,0.40540257,4.267286
11667,11.667,0.4115016,4.2311373
11668,11.668,0.4255685,4.2261133
11669,11.669,0.42175364,4.2405577
11670,11.67,0.3944233,4.2432957
11671,11.671,0.38813674,4.222654
11672,11.672,0.38945603,4.237729
11673,11.673,0.39001843,4.227559
11674,11.674,0.38832116,4.198413
11675,11.675,0.3847633,4.228735
11676,11.676,0.37380388,4.2349834
11677,11.677,0.38315862,4.2211885
11678,11.678,0.3849807,4.2202363
11679,11.679,0.38214943,4.245773
11680,11.68,0.37977546,4.2608376
11681,11.681,0.38536906,4.2444644
11682,11.682,0.38418472,4.2282906
11683,11.683,0.38190994,4.24608
11684,11.684,0.38932636,4.240376
11685,11.685,0.39687508,4.259262
11686,11.686,0.39004004,4.223968
11687,11.687,0.3937037,4.2350755
11688,11.688,0.4004644,4.2412505
11689,11.689,0.40433127,4.2333097
11690,11.69,0.3981984,4.244112
11691,11.691,0.39527062,4.239544
11692,11.692,0.38950247,4.2495756
11693,11.693,0.38754368,4.2386403
11694,11.694,0.38224867,4.2288723
11695,11.695,0.38840774,4.2078032
11696,11.696,0.38015848,4.232583
11697,11.697,0.3795695,4.1979985
11698,11.698,0.38010418,4.218957
11699,11.699,0.3819387,4.2020707
11700,11.7,0.3774507,4.2266655
11701,11.701,0.38117483,4.207513
11702,11.702,0.3806674,4.2288494
11703,11.703,0.38508028,4.213278
11704,11.704,0.3789888,4.2282133
11705,11.705,0.38403985,4.2294083
11706,11.706,0.3860171,4.218027
11707,11.707,0.37207937,4.1833954
11708,11.708,0.3861874,4.224994
11709,11.709,0.36783147,4.1831985
11710,11.71,0.38406515,4.179766
11711,11.711,0.37760153,4.1870975
11712,11.712,0.3872842,4.1817784
11713,11.713,0.3814177,4.192927
11714,11.714,0.38471094,4.2258883
11715,11.715,0.39231497,4.199601
11716,11.716,0.39014152,4.1839085
11717,11.717,0.39219633,4.1602035
11718,11.718,0.37284815,4.1613784
11719,11.719,0.3691467,4.177077
11720,11.72,0.37096697,4.182492
11721,11.721,0.37856215,4.2112317
11722,11.722,0.38702378,4.1726995
11723,11.723,0.38653135,4.2000213
11724,11.724,0.38981503,4.19599
11725,11.725,0.38817117,4.197521
11726,11.726,0.41040668,4.1920857
11727,11.727,0.40474686,4.1810007
11728,11.728,0.4044059,4.200259
11729,11.729,0.4056052,4.2078
11730,11.73,0.41995814,4.205063
11731,11.731,0.42613754,4.185942
11732,11.732,0.43284237,4.1957903
11733,11.733,0.4282142,4.1934085
11734,11.734,0.43483707,4.207423
11735,11.735,0.4234659,4.1832194
11736,11.736,0.43310645,4.1704035
11737,11.737,0.43467674,4.1693034
11738,11.738,0.42915773,4.168686
11739,11.739,0.42240605,4.1970625
11740,11.74,0.43095186,4.18938
11741,11.741,0.42178404,4.1806607
11742,11.742,0.43758535,4.209889
11743,11.743,0.4376151,4.2025833
11744,11.744,0.4246611,4.193245
11745,11.745,0.42286885,4.199469
11746,11.746,0.43005964,4.1923404
11747,11.747,0.4353696,4.2225294
11748,11.748,0.4285339,4.2037873
11749,11.749,0.43079066,4.2173166
11750,11.75,0.43293774,4.205273
11751,11.751,0.43051428,4.186303
11752,11.752,0.43971515,4.192609
11753,11.753,0.4406328,4.2009773
11754,11.754,0.44592297,4.19809
11755,11.755,0.4459321,4.2193727
11756,11.756,0.44023955,4.1994314
11757,11.757,0.4541942,4.2376885
11758,11.758,0.44864798,4.236133
11759,11.759,0.45152187,4.219197
11760,11.76,0.4355791,4.2357593
11761,11.761,0.43740767,4.2266703
11762,11.762,0.4387585,4.225239
11763,11.763,0.4408613,4.2551203
11764,11.764,0.44594878,4.246958
11765,11.765,0.44157034,4.2327657
11766,11.766,0.43818325,4.23129
11767,11.767,0.43936476,4.240225
11768,11.768,0.43641576,4.2414007
11769,11.769,0.44323057,4.2111263
11770,11.77,0.4341301,4.2448444
11771,11.771,0.43174943,4.2425404
11772,11.772,0.43788826,4.23646
11773,11.773,0.44440624,4.204131
11774,11.774,0.45408764,4.209737
11775,11.775,0.42395166,4.1992908
11776,11.776,0.43838722,4.1858745
11777,11.777,0.44417828,4.1675344
11778,11.778,0.44998243,4.18349
11779,11.779,0.44953108,4.212764
11780,11.78,0.43565252,4.1916423
11781,11.781,0.442427,4.1883655
11782,11.782,0.44372135,4.200588
11783,11.783,0.43982345,4.216012
11784,11.784,0.44473305,4.2294626
11785,11.785,0.4421126,4.233525
11786,11.786,0.44202673,4.199361
11787,11.787,0.43179318,4.254199
11788,11.788,0.44083592,4.2279115
11789,11.789,0.43722394,4.224948
11790,11.79,0.4432396,4.2179933
11791,11.791,0.4478635,4.209134
11792,11.792,0.4479762,4.208059
11793,11.793,0.44391203,4.190471
11794,11.794,0.44806066,4.1987634
11795,11.795,0.45742255,4.1978393
11796,11.796,0.45301074,4.215568
11797,11.797,0.46045217,4.220101
11798,11.798,0.45913637,4.227485
11799,11.799,0.4555144,4.7232428
11800,11.8,0.46049848,4.5945096
11801,11.801,0.46107617,4.2393928
11802,11.802,0.46860737,4.258629
11803,11.803,0.45047352,4.2431717
11804,11.804,0.46208516,4.6932197
11805,11.805,0.45944187,4.211549
11806,11.806,0.45348224,4.2019806
11807,11.807,0.4434856,4.2210374
11808,11.808,0.45002064,4.4867635
11809,11.809,0.43967783,4.216382
11810,11.81,0.44359994,4.5428143
11811,11.811,0.44297993,4.5538015
11812,11.812,0.43879867,4.521166
11813,11.813,0.4434368,4.513279
11814,11.814,0.44343314,4.2533016
11815,11.815,0.4412764,4.23447
11816,11.816,0.44937712,4.240915
11817,11.817,0.46150398,4.217359
11818,11.818,0.45712513,4.218671
11819,11.819,0.4562596,4.611571
11820,11.82,0.453346,4.243044
11821,11.821,0.4522171,4.216968
11822,11.822,0.4549903,4.265097
11823,11.823,0.46545434,4.259878
11824,11.824,0.46926463,4.248856
11825,11.825,0.4503994,4.25983
11826,11.826,0.45398268,4.250295
11827,11.827,0.4536188,4.2282734
11828,11.828,0.46407172,4.225462
11829,11.829,0.46838555,4.2142234
11830,11.83,0.47109643,4.2308965
11831,11.831,0.4678101,4.2246156
11832,11.832,0.45996818,4.225179
11833,11.833,0.4551268,4.2007976
11834,11.834,0.44830412,4.22484
11835,11.835,0.4619936,4.208529
11836,11.836,0.44691312,4.204603
11837,11.837,0.4493813,4.1955404
11838,11.838,0.44704753,4.218182
11839,11.839,0.44542268,4.2403283
11840,11.84,0.4559158,4.2360373
11841,11.841,0.45010498,4.234774
11842,11.842,0.44398114,4.2210097
11843,11.843,0.44257903,4.268011
11844,11.844,0.4456881,4.243984
11845,11.845,0.43993443,4.233735
11846,11.846,0.43981853,4.2257986
11847,11.847,0.46324334,4.225157
11848,11.848,0.45676205,4.224845
11849,11.849,0.44881624,4.2267094
11850,11.85,0.43938676,4.248313
11851,11.851,0.44929358,4.2610865
11852,11.852,0.4504713,4.246295
11853,11.853,0.44080335,4.256434
11854,11.854,0.43398708,4.248876
11855,11.855,0.44030818,4.2621684
11856,11.856,0.4436845,4.2522597
11857,11.857,0.44690025,4.2525163
11858,11.858,0.4392422,4.1934366
11859,11.859,0.45226038,4.202083
11860,11.86,0.45054623,4.2220244
11861,11.861,0.45323327,4.2176123
11862,11.862,0.44191563,4.2075357
11863,11.863,0.44260845,4.192656
11864,11.864,0.43232742,4.227732
11865,11.865,0.4425121,4.213527
11866,11.866,0.44497505,4.224062
11867,11.867,0.4466682,4.2236843
11868,11.868,0.44948247,4.2416058
11869,11.869,0.4441537,4.2231307
11870,11.87,0.45426348,4.2082458
11871,11.871,0.44475922,4.216529
11872,11.872,0.44507277,4.205426
11873,11.873,0.432944,4.2373686
11874,11.874,0.44611314,4.214667
11875,11.875,0.44589898,4.2151694
11876,11.876,0.4575046,4.217009
11877,11.877,0.4495741,4.215572
11878,11.878,0.45524102,4.2184443
11879,11.879,0.46854803,4.2259927
11880,11.88,0.47784996,4.2282443
11881,11.881,0.47481188,4.2055187
11882,11.882,0.478052,4.22962
11883,11.883,0.46970892,4.2183237
11884,11.884,0.47212398,4.1918616
11885,11.885,0.4739723,4.2022195
11886,11.886,0.4669193,4.2031283
11887,11.887,0.4628949,4.1959624
11888,11.888,0.47247988,4.2087765
11889,11.889,0.46553952,4.2128673
11890,11.89,0.46531737,4.2213273
11891,11.891,0.46968788,4.2047544
11892,11.892,0.47007063,4.2100453
11893,11.893,0.4683761,4.191817
11894,11.894,0.4656513,4.2043257
11895,11.895,0.47479856,4.2231126
11896,11.896,0.46333668,4.189612
11897,11.897,0.4678416,4.228996
11898,11.898,0.4585267,4.220848
11899,11.899,0.45888236,4.2108994
11900,11.9,0.47864777,4.2243133
11901,11.901,0.47033367,4.2262983
11902,11.902,0.4799897,4.2156
11903,11.903,0.4829111,4.235898
11904,11.904,0.47283474,4.2175226
11905,11.905,0.46781754,4.218348
11906,11.906,0.4687985,4.2393756
11907,11.907,0.4561473,4.2157273
11908,11.908,0.46125975,4.22317
11909,11.909,0.44819006,4.2073336
11910,11.91,0.4312573,4.213296
11911,11.911,0.4497639,4.2059383
11912,11.912,0.45344773,4.2180986
11913,11.913,0.45948124,4.188955
11914,11.914,0.4554456,4.18907
11915,11.915,0.44241235,4.1937594
11916,11.916,0.45373982,4.2278523
11917,11.917,0.45620525,4.214079
11918,11.918,0.464981,4.235311
11919,11.919,0.47648123,4.1948586
11920,11.92,0.4736613,4.191799
11921,11.921,0.4607916,4.181408
11922,11.922,0.47348842,4.195938
11923,11.923,0.47211808,4.218402
11924,11.924,0.47289467,4.1933875
11925,11.925,0.4803882,4.1903925
11926,11.926,0.4888664,4.222943
11927,11.927,0.47373414,4.2268295
11928,11.928,0.4833107,4.2103305
11929,11.929,0.48360392,4.230038
11930,11.93,0.48161176,4.2422757
11931,11.931,0.48774505,4.2119923
11932,11.932,0.5031909,4.205064
11933,11.933,0.48687974,4.196478
11934,11.934,0.497651,4.222901
11935,11.935,0.4948907,4.219302
11936,11.936,0.50103825,4.2265162
11937,11.937,0.47816607,4.232127
11938,11.938,0.47123027,4.2168274
11939,11.939,0.49419528,4.219701
11940,11.94,0.49131498,4.199621
11941,11.941,0.4996107,4.1861787
11942,11.942,0.4935355,4.2028174
11943,11.943,0.4969016,4.189178
11944,11.944,0.4945385,4.1953573
11945,11.945,0.5058539,4.208175
11946,11.946,0.50671834,4.214425
11947,11.947,0.50257987,4.219026
11948,11.948,0.49993423,4.2263093
11949,11.949,0.49065217,4.222984
11950,11.95,0.49877584,4.228357
11951,11.951,0.49822864,4.2104907
11952,11.952,0.4921191,4.2049756
11953,11.953,0.48731905,4.220632
11954,11.954,0.510146,4.220991
11955,11.955,0.50580263,4.2304864
11956,11.956,0.5076443,4.21163
11957,11.957,0.50498384,4.221667
11958,11.958,0.5048762,4.2255373
11959,11.959,0.50393647,4.2114563
11960,11.96,0.499434,4.2157497
11961,11.961,0.5031559,4.2269497
11962,11.962,0.4916015,4.18974
11963,11.963,0.5042672,4.2163477
11964,11.964,0.48923534,4.192742
11965,11.965,0.49086684,4.209534
11966,11.966,0.49898037,4.1706214
11967,11.967,0.49650913,4.189699
11968,11.968,0.4987217,4.188155
11969,11.969,0.49030453,4.219534
11970,11.97,0.48921168,4.2081614
11971,11.971,0.49936575,4.2287054
11972,11.972,0.5005631,4.2335343
11973,11.973,0.49789664,4.219042
11974,11.974,0.49469796,4.2106466
11975,11.975,0.49300724,4.2344704
11976,11.976,0.47940573,4.2176304
11977,11.977,0.49086294,4.222271
11978,11.978,0.48674843,4.2319145
11979,11.979,0.4730483,4.226036
11980,11.98,0.48645708,4.2210484
11981,11.981,0.49125856,4.23241
11982,11.982,0.50582486,4.232334
11983,11.983,0.5000025,4.212805
11984,11.984,0.4977219,4.19283
11985,11.985,0.49861076,4.25679
11986,11.986,0.50140375,4.2327332
11987,11.987,0.48956144,4.2145844
11988,11.988,0.4786307,4.2263827
11989,11.989,0.49627975,4.243616
11990,11.99,0.500307,4.2281647
11991,11.991,0.49863285,4.2117867
11992,11.992,0.48710272,4.212364
11993,11.993,0.48449197,4.19701
11994,11.994,0.48356065,4.1999917
11995,11.995,0.477028,4.206822
11996,11.996,0.47248855,4.213351
11997,11.997,0.47181895,4.2031193
11998,11.998,0.47649336,4.239029
11999,11.999,0.47248766,4.206677
12000,12.0,0.48757282,4.222185
12001,12.001,0.4846352,4.199766
12002,12.002,0.48893642,4.2050476
12003,12.003,0.47829378,4.2435884
12004,12.004,0.46869427,4.199241
12005,12.005,0.49831995,4.196855
12006,12.006,0.47843653,4.1782956
12007,12.007,0.48439723,4.2065744
12008,12.008,0.4817252,4.198507
12009,12.009,0.47756842,4.211276
12010,12.01,0.48195198,4.2088275
12011,12.011,0.48140502,4.2237267
12012,12.012,0.4760164,4.1828823
12013,12.013,0.49306253,4.2172217
12014,12.014,0.48280427,4.1950216
12015,12.015,0.50564414,4.195576
12016,12.016,0.49618092,4.2004647
12017,12.017,0.5002632,4.2208695
12018,12.018,0.4957066,4.2309027
12019,12.019,0.5069355,4.209695
12020,12.02,0.5136421,4.215332
12021,12.021,0.51437896,4.2085457
12022,12.022,0.52586204,4.2089024
12023,12.023,0.51814544,4.2141056
12024,12.024,0.5098552,4.189066
12025,12.025,0.517199,4.1969924
12026,12.026,0.52393866,4.2193394
12027,12.027,0.5278032,4.205462
12028,12.028,0.5298192,4.1823473
12029,12.029,0.52223337,4.203703
12030,12.03,0.52222425,4.2088523
12031,12.031,0.52609587,4.1983542
12032,12.032,0.5272534,4.226267
12033,12.033,0.5214094,4.182535
12034,12.034,0.5275882,4.204738
12035,12.035,0.5317476,4.187207
12036,12.036,0.5346661,4.225932
12037,12.037,0.52670234,4.19609
12038,12.038,0.523782,4.2061257
12039,12.039,0.52585715,4.220772
12040,12.04,0.53847677,4.215694
12041,12.041,0.54704976,4.2070804
12042,12.042,0.5301791,4.212106
12043,12.043,0.5342139,4.198397
12044,12.044,0.53597414,4.2145047
12045,12.045,0.53535604,4.1891837
12046,12.046,0.520495,4.168345
12047,12.047,0.5362428,4.1921506
12048,12.048,0.5352239,4.184485
12049,12.049,0.5331588,4.20036
12050,12.05,0.54142475,4.1922355
12051,12.051,0.54528654,4.2102504
12052,12.052,0.54365265,4.212094
12053,12.053,0.54147214,4.204363
12054,12.054,0.5335068,4.2240252
12055,12.055,0.52746475,4.213654
12056,12.056,0.5285007,4.2018013
12057,12.057,0.52847356,4.208748
12058,12.058,0.5313448,4.1911473
12059,12.059,0.53679955,4.175703
12060,12.06,0.5221864,4.2121544
12061,12.061,0.52261585,4.193115
12062,12.062,0.5249114,4.216938
12063,12.063,0.53510267,4.1924973
12064,12.064,0.5356827,4.1880608
12065,12.065,0.5561014,4.2033215
12066,12.066,0.5519262,4.2014627
12067,12.067,0.5438187,4.2142243
12068,12.068,0.55799705,4.2469153
12069,12.069,0.5531732,4.22925
12070,12.07,0.54605305,4.20031
12071,12.071,0.54133624,4.248906
12072,12.072,0.5324385,4.2305593
12073,12.073,0.548896,4.22804
12074,12.074,0.54642165,4.222209
12075,12.075,0.55244535,4.2277293
12076,12.076,0.5608391,4.252924
12077,12.077,0.5678759,4.199457
12078,12.078,0.5565936,4.2228017
12079,12.079,0.56009555,4.210054
12080,12.08,0.5431555,4.2440634
12081,12.081,0.55179405,4.241372
12082,12.082,0.5666523,4.232719
12083,12.083,0.5667266,4.2505403
12084,12.084,0.5778483,4.255398
12085,12.085,0.56689185,4.260196
12086,12.086,0.5576912,4.2126236
12087,12.087,0.5710946,4.2469263
12088,12.088,0.55634594,4.2044888
12089,12.089,0.56384426,4.2283897
12090,12.09,0.5665937,4.255483
12091,12.091,0.57121986,4.2288
12092,12.092,0.5679261,4.2505283
12093,12.093,0.56309175,4.221207
12094,12.094,0.5649096,4.2480984
12095,12.095,0.56525475,4.240977
12096,12.096,0.58161294,4.187801
12097,12.097,0.5699843,4.1801147
12098,12.098,0.5838848,4.184824
12099,12.099,0.5780592,4.20722
12100,12.1,0.56721723,4.215392
12101,12.101,0.5682467,4.210614
12102,12.102,0.56737477,4.2243314
12103,12.103,0.5584154,4.1984086
12104,12.104,0.5578173,4.2354
12105,12.105,0.5632273,4.2236395
12106,12.106,0.57150906,4.2245564
12107,12.107,0.58037066,4.2527204
12108,12.108,0.5762188,4.19744
12109,12.109,0.5694122,4.1862
12110,12.11,0.5721524,4.2156954
12111,12.111,0.5712179,4.212321
12112,12.112,0.5814195,4.203759
12113,12.113,0.5630801,4.195322
12114,12.114,0.5710433,4.2184052
12115,12.115,0.55973464,4.212411
12116,12.116,0.5550942,4.232913
12117,12.117,0.550231,4.1958485
12118,12.118,0.5545455,4.190496
12119,12.119,0.5619342,4.2013474
12120,12.12,0.56482637,4.188199
12121,12.121,0.5612193,4.203158
12122,12.122,0.56539345,4.183513
12123,12.123,0.5594441,4.1970706
12124,12.124,0.5608953,4.1852603
12125,12.125,0.559586,4.1998663
12126,12.126,0.555672,4.2054706
12127,12.127,0.5579045,4.181941
12128,12.128,0.5462488,4.1913424
12129,12.129,0.56031823,4.209341
12130,12.13,0.5551722,4.1827173
12131,12.131,0.55716157,4.187499
12132,12.132,0.5575972,4.1714063
12133,12.133,0.5580082,4.1762433
12134,12.134,0.5622675,4.1594787
12135,12.135,0.56872517,4.190983
12136,12.136,0.5644394,4.2163167
12137,12.137,0.56390244,4.1928887
12138,12.138,0.57090694,4.190101
12139,12.139,0.56748706,4.1889567
12140,12.14,0.5712324,4.2329617
12141,12.141,0.56060165,4.238188
12142,12.142,0.55399084,4.1910954
12143,12.143,0.5404932,4.214645
12144,12.144,0.54249406,4.2294602
12145,12.145,0.5429591,4.1942344
12146,12.146,0.53948027,4.217074
12147,12.147,0.5417456,4.17824
12148,12.148,0.5386813,4.1919594
12149,12.149,0.5466029,4.177663
12150,12.15,0.54098016,4.218036
12151,12.151,0.5411458,4.2494392
12152,12.152,0.5405659,4.228861
12153,12.153,0.54620427,4.2193985
12154,12.154,0.56502557,4.2135305
12155,12.155,0.5571263,4.177205
12156,12.156,0.5569076,4.1754556
12157,12.157,0.5674826,4.163242
12158,12.158,0.5665799,4.1910434
12159,12.159,0.5733857,4.1577272
12160,12.16,0.58834803,4.155904
12161,12.161,0.58534265,4.1598024
12162,12.162,0.5903827,4.161342
12163,12.163,0.5811867,4.1875496
12164,12.164,0.57295877,4.1518316
12165,12.165,0.57443154,4.1730766
12166,12.166,0.5763431,4.1867623
12167,12.167,0.57856184,4.1723776
12168,12.168,0.56849986,4.1786733
12169,12.169,0.5733589,4.1537366
12170,12.17,0.57839304,4.1731315
12171,12.171,0.57307774,4.171861
12172,12.172,0.574146,4.182215
12173,12.173,0.5741308,4.173416
12174,12.174,0.5709423,4.186569
12175,12.175,0.56982166,4.168532
12176,12.176,0.5737254,4.190097
12177,12.177,0.5579952,4.208131
12178,12.178,0.5689694,4.1931496
12179,12.179,0.57048553,4.16696
12180,12.18,0.57691133,4.178322
12181,12.181,0.573316,4.1909766
12182,12.182,0.583096,4.165982
12183,12.183,0.58755505,4.1569686
12184,12.184,0.5733787,4.1703677
12185,12.185,0.59186,4.1697536
12186,12.186,0.59190285,4.150688
12187,12.187,0.5787969,4.1579576
12188,12.188,0.5864299,4.133239
12189,12.189,0.586351,4.130444
12190,12.19,0.590873,4.1511765
12191,12.191,0.5871615,4.1669917
12192,12.192,0.587601,4.151752
12193,12.193,0.60318315,4.147878
12194,12.194,0.5958206,4.1815977
12195,12.195,0.5871748,4.1806636
12196,12.196,0.5841618,4.1598225
12197,12.197,0.58475953,4.1941853
12198,12.198,0.58099693,4.1701794
12199,12.199,0.579093,4.145648
12200,12.2,0.5720858,4.166543
12201,12.201,0.57503325,4.1624126
12202,12.202,0.59080553,4.131095
12203,12.203,0.5813339,4.1484075
12204,12.204,0.58746415,4.151142
12205,12.205,0.58641934,4.12815
12206,12.206,0.5904966,4.14387
12207,12.207,0.5980124,4.142027
12208,12.208,0.5829686,4.1409855
12209,12.209,0.58032626,4.149765
12210,12.21,0.5729662,4.1540446
12211,12.211,0.5737499,4.128791
12212,12.212,0.5786281,4.137114
12213,12.213,0.56642646,4.120573
12214,12.214,0.5558838,4.1286955
12215,12.215,0.5594198,4.144663
12216,12.216,0.5584647,4.1744995
12217,12.217,0.5600537,4.1474867
12218,12.218,0.5683822,4.1435294
12219,12.219,0.56569266,4.132026
12220,12.22,0.56317043,4.14152
12221,12.221,0.5584147,4.088327
12222,12.222,0.56357247,4.1422296
12223,12.223,0.56931007,4.1658907
12224,12.224,0.56653285,4.1547437
12225,12.225,0.5715128,4.1556554
12226,12.226,0.56706655,4.1709023
12227,12.227,0.5645072,4.1547027
12228,12.228,0.5683905,4.143901
12229,12.229,0.56726426,4.154449
12230,12.23,0.56535405,4.16962
12231,12.231,0.5651956,4.161842
12232,12.232,0.56321406,4.120675
12233,12.233,0.56555545,4.1530013
12234,12.234,0.54989856,4.2083225
12235,12.235,0.5510624,4.211617
12236,12.236,0.5707074,4.1532397
12237,12.237,0.562565,4.171892
12238,12.238,0.5664915,4.1284394
12239,12.239,0.56097573,4.2055793
12240,12.24,0.55549103,4.201722
12241,12.241,0.58488095,4.151671
12242,12.242,0.5677577,4.16466
12243,12.243,0.5889032,4.148177
12244,12.244,0.571454,4.1393003
12245,12.245,0.56361705,4.1317244
12246,12.246,0.57151437,4.1424036
12247,12.247,0.57482666,4.1549683
12248,12.248,0.5704861,4.061446
12249,12.249,0.5723664,4.109027
12250,12.25,0.5774988,4.1677594
12251,12.251,0.5656404,4.141463
12252,12.252,0.566469,4.210028
12253,12.253,0.56637394,4.1663446
12254,12.254,0.56927866,4.13052
12255,12.255,0.5601268,4.1738906
12256,12.256,0.55991906,4.171032
12257,12.257,0.5669511,4.1843424
12258,12.258,0.5621318,4.1894093
12259,12.259,0.56964624,4.2072077
12260,12.26,0.5638016,4.1701736
12261,12.261,0.5552583,4.1766524
12262,12.262,0.56255597,4.160381
12263,12.263,0.5642781,4.190693
12264,12.264,0.5575224,4.14098
12265,12.265,0.5509081,4.1359596
12266,12.266,0.5452103,4.1310306
12267,12.267,0.55584645,4.177301
12268,12.268,0.5667766,4.171672
12269,12.269,0.55754983,4.151473
12270,12.27,0.5540189,4.182658
12271,12.271,0.5504596,4.1668787
12272,12.272,0.5511676,4.1781244
12273,12.273,0.558983,4.178339
12274,12.274,0.5423791,4.1488705
12275,12.275,0.5490214,4.1490464
12276,12.276,0.5296862,4.1581564
12277,12.277,0.5452415,4.153358
12278,12.278,0.5398271,4.1369305
12279,12.279,0.5418538,4.163051
12280,12.28,0.5424981,4.210587
12281,12.281,0.5427957,4.220411
12282,12.282,0.52675337,4.197193
12283,12.283,0.53092223,4.200949
12284,12.284,0.52768654,4.2078266
12285,12.285,0.5252901,4.227072
12286,12.286,0.51939857,4.2044554
12287,12.287,0.51687115,4.1978836
12288,12.288,0.5091185,4.206494
12289,12.289,0.5249199,4.200857
12290,12.29,0.52158374,4.228766
12291,12.291,0.5102317,4.189329
12292,12.292,0.5207808,4.2056694
12293,12.293,0.52326053,4.1987467
12294,12.294,0.51580924,4.218765
12295,12.295,0.5212354,4.1671543
12296,12.296,0.52684075,4.1497974
12297,12.297,0.5131829,4.181768
12298,12.298,0.5226465,4.176072
12299,12.299,0.5155591,4.1510987
12300,12.3,0.52406543,4.1623583
12301,12.301,0.5203024,4.145065
12302,12.302,0.5163899,4.177478
12303,12.303,0.5247401,4.1547885
12304,12.304,0.52463794,4.149153
12305,12.305,0.53519875,4.151392
12306,12.306,0.5382917,4.171937
12307,12.307,0.53866285,4.1627846
12308,12.308,0.52882284,4.188773
12309,12.309,0.53403956,4.1754785
12310,12.31,0.53588265,4.165158
12311,12.311,0.52829623,4.190372
12312,12.312,0.5331129,4.154822
12313,12.313,0.5294484,4.1271358
12314,12.314,0.52939975,4.13544
12315,12.315,0.5487279,4.145199
12316,12.316,0.5448437,4.16109
12317,12.317,0.52848077,4.135478
12318,12.318,0.5282523,4.1444044
12319,12.319,0.544254,4.1577044
12320,12.32,0.5239226,4.1359205
12321,12.321,0.5215959,4.1484885
12322,12.322,0.5297048,4.1627727
12323,12.323,0.52848977,4.129371
12324,12.324,0.5278918,4.15458
12325,12.325,0.5259352,4.1956344
12326,12.326,0.53262657,4.202014
12327,12.327,0.52652484,4.192807
12328,12.328,0.54366857,4.197093
12329,12.329,0.535354,4.18697
12330,12.33,0.55163527,4.1880875
12331,12.331,0.537207,4.200821
12332,12.332,0.5368477,4.2264304
12333,12.333,0.5363554,4.169999
12334,12.334,0.52301663,4.1315203
12335,12.335,0.52376515,4.1487055
12336,12.336,0.5285623,4.145375
12337,12.337,0.5211921,4.1961455
12338,12.338,0.5211522,4.173096
12339,12.339,0.5351389,4.154995
12340,12.34,0.5419278,4.1847034
12341,12.341,0.53405565,4.179107
12342,12.342,0.53554326,4.1881194
12343,12.343,0.5314858,4.163532
12344,12.344,0.54401106,4.147477
12345,12.345,0.54268163,4.167138
12346,12.346,0.5557892,4.174814
12347,12.347,0.5436974,4.153354
12348,12.348,0.5544488,4.1320643
12349,12.349,0.5532583,4.15344
12350,12.35,0.55459946,4.1551194
12351,12.351,0.53920484,4.1358547
12352,12.352,0.54322386,4.126709
12353,12.353,0.55359316,4.1365547
12354,12.354,0.5492596,4.1151757
12355,12.355,0.5453822,4.1326447
12356,12.356,0.55416894,4.167709
12357,12.357,0.5524098,4.160525
12358,12.358,0.54367316,4.17298
12359,12.359,0.5421544,4.2017455
12360,12.36,0.53928,4.196296
12361,12.361,0.5455239,4.2008915
12362,12.362,0.5456882,4.202562
12363,12.363,0.5383704,4.183819
12364,12.364,0.543986,4.188236
12365,12.365,0.547474,4.1954265
12366,12.366,0.5322957,4.203947
12367,12.367,0.5271244,4.2197676
12368,12.368,0.5314213,4.202128
12369,12.369,0.5241667,4.207105
12370,12.37,0.5320934,4.1993184
12371,12.371,0.5312272,4.2036114
12372,12.372,0.5335035,4.187046
12373,12.373,0.52213615,4.229428
12374,12.374,0.51920354,4.2058887
12375,12.375,0.5065724,4.187137
12376,12.376,0.519515,4.17832
12377,12.377,0.5069062,4.179951
12378,12.378,0.5116896,4.165262
12379,12.379,0.5110421,4.1820393
12380,12.38,0.5129369,4.1384854
12381,12.381,0.52068317,4.13178
12382,12.382,0.50750893,4.161655
12383,12.383,0.50248265,4.186919
12384,12.384,0.5133488,4.179332
12385,12.385,0.49840018,4.1694455
12386,12.386,0.5002564,4.205303
12387,12.387,0.5102387,4.198099
12388,12.388,0.50606245,4.210512
12389,12.389,0.5056786,4.195971
12390,12.39,0.48954687,4.2045574
12391,12.391,0.4958397,4.209452
12392,12.392,0.49805078,4.196982
12393,12.393,0.5007073,4.1792326
12394,12.394,0.5139716,4.1405654
12395,12.395,0.5016192,4.1051755
12396,12.396,0.5130829,4.1342616
12397,12.397,0.52577,4.1324773
12398,12.398,0.5135318,4.103143
12399,12.399,0.5041184,4.1564307
12400,12.4,0.5051777,4.102221
12401,12.401,0.49795786,4.128971
12402,12.402,0.5079167,4.1228414
12403,12.403,0.49652165,4.1189756
12404,12.404,0.50031036,4.105095
12405,12.405,0.50505763,4.122539
12406,12.406,0.51653963,4.115317
12407,12.407,0.52513313,4.1072173
12408,12.408,0.52575994,4.133562
12409,12.409,0.53012353,4.0801992
12410,12.41,0.5274526,4.1025667
12411,12.411,0.5291597,4.11367
12412,12.412,0.5388408,4.1249156
12413,12.413,0.53398865,4.1235886
12414,12.414,0.5294926,4.1123204
12415,12.415,0.53287053,4.147855
12416,12.416,0.52001125,4.121574
12417,12.417,0.50925773,4.1335216
12418,12.418,0.51328284,4.124024
12419,12.419,0.51351,4.1090436
12420,12.42,0.5133453,4.1158104
12421,12.421,0.5133322,4.122259
12422,12.422,0.51573426,4.1072445
12423,12.423,0.51015615,4.1389804
12424,12.424,0.52178687,4.1220164
12425,12.425,0.5140256,4.131499
12426,12.426,0.51316047,4.138726
12427,12.427,0.5204452,4.122144
12428,12.428,0.51104295,4.1316633
12429,12.429,0.5048333,4.1088805
12430,12.43,0.50006574,4.129163
12431,12.431,0.50982887,4.1354885
12432,12.432,0.5148673,4.1652746
12433,12.433,0.51562226,4.142928
12434,12.434,0.51499087,4.12443
12435,12.435,0.50446105,4.1327753
12436,12.436,0.51333266,4.1261497
12437,12.437,0.5078374,4.1103306
12438,12.438,0.51824504,4.12688
12439,12.439,0.5126501,4.1557612
12440,12.44,0.5248074,4.1302233
12441,12.441,0.51714087,4.127145
12442,12.442,0.5203,4.127951
12443,12.443,0.51819664,4.179027
12444,12.444,0.53347117,4.1628633
12445,12.445,0.52614605,4.1402297
12446,12.446,0.5272417,4.1542363
12447,12.447,0.5181239,4.1581697
12448,12.448,0.52695423,4.1496315
12449,12.449,0.5154287,4.1673927
12450,12.45,0.5202519,4.167554
12451,12.451,0.51551694,4.1510425
12452,12.452,0.5201382,4.173427
12453,12.453,0.51705164,4.158522
12454,12.454,0.5213117,4.166108
12455,12.455,0.5180732,4.167826
12456,12.456,0.51016283,4.137127
12457,12.457,0.5145165,4.150348
12458,12.458,0.5147124,4.1589346
12459,12.459,0.5118705,4.1579604
12460,12.46,0.49568635,4.1729226
12461,12.461,0.5154828,4.144098
12462,12.462,0.5225594,4.1718063
12463,12.463,0.51503485,4.157186
12464,12.464,0.5113976,4.1455092
12465,12.465,0.5059848,4.1574497
12466,12.466,0.49937177,4.1736016
12467,12.467,0.52389556,4.154511
12468,12.468,0.5202043,4.165237
12469,12.469,0.5335407,4.1356096
12470,12.47,0.5249497,4.1395416
12471,12.471,0.5418419,4.1327014
12472,12.472,0.5381959,4.1411123
12473,12.473,0.5329122,4.150441
12474,12.474,0.545015,4.13076
12475,12.475,0.54148644,4.117891
12476,12.476,0.5497899,4.1410766
12477,12.477,0.54052955,4.152692
12478,12.478,0.5425282,4.148922
12479,12.479,0.5294666,4.140749
12480,12.48,0.53755033,4.137986
12481,12.481,0.5445043,4.1450453
12482,12.482,0.54468626,4.1229396
12483,12.483,0.5391002,4.1101537
12484,12.484,0.5332901,4.126045
12485,12.485,0.53452235,4.1243663
12486,12.486,0.53551036,4.1149
12487,12.487,0.53010535,4.1025553
12488,12.488,0.5363219,4.098386
12489,12.489,0.5420113,4.124177
12490,12.49,0.55859536,4.096953
12491,12.491,0.55562973,4.094924
12492,12.492,0.5612043,4.098942
12493,12.493,0.5663442,4.0962977
12494,12.494,0.56177056,4.099237
12495,12.495,0.5575763,4.104462
12496,12.496,0.5472696,4.0897846
12497,12.497,0.54681903,4.0769763
12498,12.498,0.5617021,4.067167
12499,12.499,0.5703917,4.082356
12500,12.5,0.56558937,4.080886
12501,12.501,0.560382,4.0684137
12502,12.502,0.544352,4.069732
12503,12.503,0.5361598,4.10403
12504,12.504,0.53561103,4.129844
12505,12.505,0.54502875,4.1247354
12506,12.506,0.5472221,4.109807
12507,12.507,0.55434185,4.119119
12508,12.508,0.5459656,4.114928
12509,12.509,0.5439751,4.1014614
12510,12.51,0.55235934,4.1163344
12511,12.511,0.54546535,4.115354
12512,12.512,0.5522253,4.1429224
12513,12.513,0.5597682,4.1175117
12514,12.514,0.5590044,4.089922
12515,12.515,0.55442315,4.086509
12516,12.516,0.56142515,4.0887947
12517,12.517,0.53832036,4.103387
12518,12.518,0.54356635,4.100805
12519,12.519,0.54409516,4.095431
12520,12.52,0.5468819,4.0982375
12521,12.521,0.5377083,4.077359
12522,12.522,0.5370851,4.0671673
12523,12.523,0.5356804,4.0562
12524,12.524,0.5499639,4.048867
12525,12.525,0.5333825,4.023983
12526,12.526,0.5446549,4.036574
12527,12.527,0.5429743,4.053995
12528,12.528,0.53214914,4.0183983
12529,12.529,0.533324,4.021438
12530,12.53,0.51913685,4.0432935
12531,12.531,0.52163273,4.0160007
12532,12.532,0.52314824,3.9990852
12533,12.533,0.52406216,4.021987
12534,12.534,0.5343329,4.058667
12535,12.535,0.52389205,4.0333004
12536,12.536,0.52647895,4.0594497
12537,12.537,0.51669943,4.077635
12538,12.538,0.51639724,4.0178337
12539,12.539,0.49662256,4.0191126
12540,12.54,0.49263877,4.0723405
12541,12.541,0.49681318,4.021158
12542,12.542,0.49383622,4.00652
12543,12.543,0.4934555,4.041756
12544,12.544,0.48644015,4.058509
12545,12.545,0.48356614,4.0153494
12546,12.546,0.48476905,4.021575
12547,12.547,0.4664313,4.0640564
12548,12.548,0.46844473,4.062215
12549,12.549,0.46295118,4.065452
12550,12.55,0.47183734,4.0520453
12551,12.551,0.4779301,4.0911064
12552,12.552,0.47207376,4.0873227
12553,12.553,0.47866985,4.0820026
12554,12.554,0.48120683,4.119841
12555,12.555,0.49130553,4.130515
12556,12.556,0.49892506,4.104878
12557,12.557,0.5055588,4.0950193
12558,12.558,0.4920532,4.0944433
12559,12.559,0.5034354,4.0883536
12560,12.56,0.48968565,4.117336
12561,12.561,0.48624486,4.0854554
12562,12.562,0.4924928,4.106515
12563,12.563,0.48346147,4.1378264
12564,12.564,0.48466772,4.125419
12565,12.565,0.47981048,4.090266
12566,12.566,0.4826436,4.138661
12567,12.567,0.48295254,4.129436
12568,12.568,0.48591828,4.09715
12569,12.569,0.48842418,4.1249614
12570,12.57,0.50435287,4.127138
12571,12.571,0.50757635,4.127835
12572,12.572,0.508985,4.159257
12573,12.573,0.5005492,4.136733
12574,12.574,0.48977944,4.1419053
12575,12.575,0.49834463,4.1070733
12576,12.576,0.49528334,4.1298137
12577,12.577,0.48410374,4.1116204
12578,12.578,0.4952708,4.128317
12579,12.579,0.49430633,4.139536
12580,12.58,0.4890695,4.105514
12581,12.581,0.4928798,4.1191063
12582,12.582,0.49227855,4.088761
12583,12.583,0.49519265,4.1134663
12584,12.584,0.49689412,4.084336
12585,12.585,0.5064566,4.151213
12586,12.586,0.48412502,4.112047
12587,12.587,0.4849332,4.1275597
12588,12.588,0.4861564,4.131479
12589,12.589,0.49604502,4.1410866
12590,12.59,0.4944344,4.1202316
12591,12.591,0.50346184,4.1104145
12592,12.592,0.504642,4.1124024
12593,12.593,0.49948776,4.1225276
12594,12.594,0.5001452,4.104655
12595,12.595,0.48949137,4.1039495
12596,12.596,0.48944235,4.1422243
12597,12.597,0.4931037,4.155411
12598,12.598,0.49968585,4.1260066
12599,12.599,0.5080119,4.0959334
12600,12.6,0.4853341,4.109301
12601,12.601,0.4789974,4.1126447
12602,12.602,0.48276854,4.1096716
12603,12.603,0.49338582,4.1025805
12604,12.604,0.48206323,4.1112666
12605,12.605,0.49248707,4.101377
12606,12.606,0.48071748,4.0841227
12607,12.607,0.48701063,4.104224
12608,12.608,0.4846008,4.103583
12609,12.609,0.47715434,4.1418686
12610,12.61,0.4911113,4.0892577
12611,12.611,0.4920693,4.118301
12612,12.612,0.48736027,4.1100965
12613,12.613,0.4956246,4.1158314
12614,12.614,0.50559485,4.112655
12615,12.615,0.49467096,4.087855
12616,12.616,0.50230396,4.1123896
12617,12.617,0.500178,4.117006
12618,12.618,0.5149377,4.1069827
12619,12.619,0.50006515,4.0986876
12620,12.62,0.5039938,4.0880427
12621,12.621,0.49606195,4.098789
12622,12.622,0.49589154,4.116612
12623,12.623,0.48986024,4.1326833
12624,12.624,0.48952743,4.133627
12625,12.625,0.4921261,4.133449
12626,12.626,0.48507535,4.1138315
12627,12.627,0.48809686,4.129808
12628,12.628,0.50003874,4.0950437
12629,12.629,0.50735235,4.100869
12630,12.63,0.5049434,4.1001773
12631,12.631,0.49626854,4.1211596
12632,12.632,0.5050764,4.1142163
12633,12.633,0.5070091,4.132023
12634,12.634,0.48643836,4.1136575
12635,12.635,0.50189203,4.147919
12636,12.636,0.4850383,4.1027193
12637,12.637,0.48590425,4.11709
12638,12.638,0.48239094,4.1477036
12639,12.639,0.49502856,4.1019597
12640,12.64,0.47424302,4.134024
12641,12.641,0.4902133,4.104252
12642,12.642,0.48433474,4.1018233
12643,12.643,0.4814435,4.109835
12644,12.644,0.4937467,4.13419
12645,12.645,0.49046382,4.133451
12646,12.646,0.48920283,4.1098833
12647,12.647,0.4782997,4.123262
12648,12.648,0.4890401,4.101386
12649,12.649,0.48890516,4.081352
12650,12.65,0.49140102,4.109355
12651,12.651,0.49138418,4.1247396
12652,12.652,0.48796505,4.0942097
12653,12.653,0.48481888,4.1196303
12654,12.654,0.47576168,4.1467533
12655,12.655,0.48641458,4.1085176
12656,12.656,0.48193973,4.1610622
12657,12.657,0.47807714,4.123759
12658,12.658,0.47448802,4.1270213
12659,12.659,0.47230193,4.112164
12660,12.66,0.46756086,4.1412206
12661,12.661,0.47978187,4.1476974
12662,12.662,0.46692452,4.1417446
12663,12.663,0.4586966,4.11611
12664,12.664,0.46273732,4.106851
12665,12.665,0.4540421,4.128559
12666,12.666,0.45374483,4.1426163
12667,12.667,0.45568734,4.1079717
12668,12.668,0.4620721,4.105972
12669,12.669,0.46703875,4.123873
12670,12.67,0.47664168,4.126466
12671,12.671,0.46483853,4.11124
12672,12.672,0.46740174,4.137549
12673,12.673,0.48559424,4.1027184
12674,12.674,0.48779586,4.100675
12675,12.675,0.4927851,4.1246734
12676,12.676,0.49247143,4.1378508
12677,12.677,0.48091605,4.1155667
12678,12.678,0.4983921,4.113681
12679,12.679,0.48706552,4.107993
12680,12.68,0.5020059,4.1597834
12681,12.681,0.49637693,4.145812
12682,12.682,0.4820255,4.152948
12683,12.683,0.47738877,4.1489115
12684,12.684,0.46884003,4.154056
12685,12.685,0.48045787,4.1567073
12686,12.686,0.47361538,4.154375
12687,12.687,0.4858014,4.158502
12688,12.688,0.48683664,4.169813
12689,12.689,0.49502593,4.1408124
12690,12.69,0.48534226,4.108943
12691,12.691,0.48819467,4.1253023
12692,12.692,0.47461662,4.0974627
12693,12.693,0.49488398,4.1402764
12694,12.694,0.49514678,4.1127205
12695,12.695,0.4898967,4.1385736
12696,12.696,0.4857213,4.171956
12697,12.697,0.49598944,4.1535673
12698,12.698,0.48086858,4.124063
12699,12.699,0.48892763,4.133439
12700,12.7,0.4895108,4.12981
12701,12.701,0.50584984,4.1259933
12702,12.702,0.492485,4.1479983
12703,12.703,0.5038043,4.124733
12704,12.704,0.49791214,4.123353
12705,12.705,0.4869757,4.1120973
12706,12.706,0.4779991,4.117715
12707,12.707,0.47833103,4.117888
12708,12.708,0.47793144,4.1068797
12709,12.709,0.48245317,4.129942
12710,12.71,0.49807677,4.1392603
12711,12.711,0.5001374,4.145613
12712,12.712,0.50641215,4.1569552
12713,12.713,0.49746343,4.1491165
12714,12.714,0.5197772,4.1263885
12715,12.715,0.5179512,4.1606236
12716,12.716,0.50538087,4.172218
12717,12.717,0.5148801,4.153259
12718,12.718,0.5142176,4.151781
12719,12.719,0.49749905,4.172718
12720,12.72,0.49892062,4.141822
12721,12.721,0.48260123,4.1408668
12722,12.722,0.48624542,4.156605
12723,12.723,0.494468,4.166413
12724,12.724,0.492061,4.162338
12725,12.725,0.5008079,4.1677666
12726,12.726,0.4998848,4.1644382
12727,12.727,0.48393986,4.160461
12728,12.728,0.48500177,4.1675787
12729,12.729,0.4826819,4.1513915
12730,12.73,0.4979578,4.153294
12731,12.731,0.49734253,4.13189
12732,12.732,0.49150774,4.1524096
12733,12.733,0.5014839,4.1460867
12734,12.734,0.49585235,4.1377177
12735,12.735,0.5133762,4.1265345
12736,12.736,0.5040029,4.1325283
12737,12.737,0.4999678,4.1448035
12738,12.738,0.5001639,4.1495066
12739,12.739,0.5061692,4.146902
12740,12.74,0.52055633,4.162211
12741,12.741,0.50979203,4.1513333
12742,12.742,0.5193294,4.1461496
12743,12.743,0.5190496,4.1595826
12744,12.744,0.5149505,4.155665
12745,12.745,0.50925624,4.143112
12746,12.746,0.49417156,4.1248937
12747,12.747,0.50096035,4.1431575
12748,12.748,0.5044569,4.1307282
12749,12.749,0.5149985,4.1166077
12750,12.75,0.5255955,4.1132216
12751,12.751,0.50112206,4.140295
12752,12.752,0.513962,4.1304626
12753,12.753,0.5178328,4.127752
12754,12.754,0.51467234,4.1232853
12755,12.755,0.5248436,4.1231756
12756,12.756,0.5138934,4.1431465
12757,12.757,0.5335716,4.10874
12758,12.758,0.52074975,4.0966887
12759,12.759,0.5036109,4.0929437
12760,12.76,0.51053816,4.102494
12761,12.761,0.49182478,4.140314
12762,12.762,0.48444238,4.132296
12763,12.763,0.47381806,4.12716
12764,12.764,0.49989307,4.142102
12765,12.765,0.47545478,4.144388
12766,12.766,0.4833252,4.143859
12767,12.767,0.4823128,4.1337132
12768,12.768,0.48796645,4.1376
12769,12.769,0.49152896,4.132957
12770,12.77,0.48672825,4.1310577
12771,12.771,0.48848656,4.148974
12772,12.772,0.4820908,4.126704
12773,12.773,0.48757207,4.159994
12774,12.774,0.49703395,4.1314325
12775,12.775,0.49775356,4.154128
12776,12.776,0.5021153,4.1275682
12777,12.777,0.48436192,4.1422453
12778,12.778,0.5066221,4.146721
12779,12.779,0.48786378,4.153713
12780,12.78,0.4913451,4.1720753
12781,12.781,0.47894618,4.1557336
12782,12.782,0.48409438,4.149194
12783,12.783,0.4957908,4.150159
12784,12.784,0.4976694,4.132492
12785,12.785,0.49630603,4.146778
12786,12.786,0.49445966,4.132211
12787,12.787,0.48482257,4.1534867
12788,12.788,0.49710536,4.145198
12789,12.789,0.49090695,4.144309
12790,12.79,0.48220202,4.140971
12791,12.791,0.48871806,4.136309
12792,12.792,0.49707282,4.118578
12793,12.793,0.48704177,4.1290007
12794,12.794,0.4871314,4.1365585
12795,12.795,0.48315924,4.1523438
12796,12.796,0.48981732,4.1373277
12797,12.797,0.48083627,4.140386
12798,12.798,0.50324935,4.127726
12799,12.799,0.5001149,4.131081
12800,12.8,0.4982832,4.143758
12801,12.801,0.48966128,4.169644
12802,12.802,0.49764615,4.171345
12803,12.803,0.49163464,4.1868815
12804,12.804,0.48715678,4.175016
12805,12.805,0.46295118,4.1638308
12806,12.806,0.47194248,4.160988
12807,12.807,0.46792918,4.184013
12808,12.808,0.4694314,4.17458
12809,12.809,0.48918295,4.149458
12810,12.81,0.48222733,4.1483994
12811,12.811,0.4849468,4.158542
12812,12.812,0.47982702,4.146573
12813,12.813,0.4765165,4.1597924
12814,12.814,0.4753749,4.159593
12815,12.815,0.47552237,4.129907
12816,12.816,0.47057617,4.1228976
12817,12.817,0.46690673,4.1100492
12818,12.818,0.48035413,4.146463
12819,12.819,0.46736106,4.1245503
12820,12.82,0.47304583,4.161909
12821,12.821,0.46137232,4.1169877
12822,12.822,0.45156902,4.1422873
12823,12.823,0.4524893,4.1229625
12824,12.824,0.45842624,4.142934
12825,12.825,0.45366883,4.127339
12826,12.826,0.45445308,4.115244
12827,12.827,0.4536934,4.123072
12828,12.828,0.46312436,4.104312
12829,12.829,0.45296052,4.123144
12830,12.83,0.4654446,4.1127734
12831,12.831,0.4652463,4.1194954
12832,12.832,0.4749088,4.1210613
12833,12.833,0.4860278,4.106509
12834,12.834,0.48277566,4.138509
12835,12.835,0.4685593,4.1275764
12836,12.836,0.4617481,4.12769
12837,12.837,0.4673879,4.146195
12838,12.838,0.48182315,4.162889
12839,12.839,0.47538832,4.1464314
12840,12.84,0.4741154,4.1263733
12841,12.841,0.4749451,4.1418376
12842,12.842,0.48971552,4.1445684
12843,12.843,0.48000073,4.167529
12844,12.844,0.47413987,4.165925
12845,12.845,0.48172227,4.132167
12846,12.846,0.4801528,4.1342707
12847,12.847,0.47603482,4.138127
12848,12.848,0.47123045,4.1617355
12849,12.849,0.4824922,4.1420193
12850,12.85,0.47438252,4.166608
12851,12.851,0.4816314,4.160016
12852,12.852,0.49179843,4.155105
12853,12.853,0.477704,4.140645
12854,12.854,0.48099178,4.1513386
12855,12.855,0.49572495,4.1499224
12856,12.856,0.48058417,4.1488714
12857,12.857,0.47972578,4.159213
12858,12.858,0.48051178,4.14488
12859,12.859,0.48646373,4.1655555
12860,12.86,0.47807774,4.1345916
12861,12.861,0.47145003,4.1311173
12862,12.862,0.47355098,4.150332
12863,12.863,0.48242456,4.1403766
12864,12.864,0.47204736,4.1489553
12865,12.865,0.4789781,4.145612
12866,12.866,0.46903744,4.1446476
12867,12.867,0.4701884,4.1438603
12868,12.868,0.47069365,4.1553645
12869,12.869,0.46731782,4.137306
12870,12.87,0.47037458,4.1244817
12871,12.871,0.47317693,4.1581974
12872,12.872,0.47482413,4.1638546
12873,12.873,0.47218746,4.1302986
12874,12.874,0.4790734,4.1381154
12875,12.875,0.47626695,4.127148
12876,12.876,0.4846964,4.1107774
12877,12.877,0.50161743,4.135724
12878,12.878,0.49603707,4.141244
12879,12.879,0.49126476,4.141286
12880,12.88,0.48938578,4.1120014
12881,12.881,0.508152,4.082483
12882,12.882,0.49819425,4.0978055
12883,12.883,0.49124092,4.0840344
12884,12.884,0.50207627,4.0780435
12885,12.885,0.50725543,4.0840917
12886,12.886,0.5039825,4.087046
12887,12.887,0.502445,4.0672197
12888,12.888,0.50073624,4.090613
12889,12.889,0.49300244,4.075283
12890,12.89,0.50026345,4.0838575
12891,12.891,0.48515245,4.0844774
12892,12.892,0.4825992,4.090676
12893,12.893,0.4852527,4.100111
12894,12.894,0.47386363,4.114474
12895,12.895,0.4726534,4.0893435
12896,12.896,0.4687853,4.1183133
12897,12.897,0.46385282,4.103289
12898,12.898,0.4725389,4.1170516
12899,12.899,0.4674925,4.1291685
12900,12.9,0.46458027,4.139072
12901,12.901,0.45716256,4.1238093
12902,12.902,0.45512402,4.152814
12903,12.903,0.4554562,4.1553965
12904,12.904,0.46800256,4.1367064
12905,12.905,0.47878847,4.1182737
12906,12.906,0.4664023,4.1349077
12907,12.907,0.4585067,4.1633654
12908,12.908,0.46478102,4.135948
12909,12.909,0.4609451,4.1433334
12910,12.91,0.45975786,4.1412544
12911,12.911,0.466053,4.1226315
12912,12.912,0.45260364,4.137576
12913,12.913,0.46810344,4.1616635
12914,12.914,0.47044823,4.1384854
12915,12.915,0.46326357,4.1141577
12916,12.916,0.46089432,4.1258135
12917,12.917,0.45473525,4.159849
12918,12.918,0.4565731,4.146985
12919,12.919,0.4473505,4.1503563
12920,12.92,0.44964296,4.148928
12921,12.921,0.45307413,4.1704965
12922,12.922,0.4542473,4.1717134
12923,12.923,0.44832683,4.130029
12924,12.924,0.45713153,4.101722
12925,12.925,0.4395113,4.142355
12926,12.926,0.44071865,4.1760077
12927,12.927,0.44126725,4.1725836
12928,12.928,0.4430641,4.1406646
12929,12.929,0.43976706,4.1541033
12930,12.93,0.43873549,4.139726
12931,12.931,0.44098565,4.105411
12932,12.932,0.43182647,4.1398625
12933,12.933,0.44964853,4.122623
12934,12.934,0.4477423,4.158156
12935,12.935,0.4469118,4.16468
12936,12.936,0.45060843,4.1490164
12937,12.937,0.42905053,4.138443
12938,12.938,0.44182003,4.138228
12939,12.939,0.44439033,4.158913
12940,12.94,0.4437515,4.147097
12941,12.941,0.43034375,4.1740017
12942,12.942,0.44147566,4.137472
12943,12.943,0.44678774,4.1486993
12944,12.944,0.4566745,4.1386003
12945,12.945,0.45018032,4.153089
12946,12.946,0.44747192,4.1286483
12947,12.947,0.45198318,4.15584
12948,12.948,0.4539,4.1808577
12949,12.949,0.43815312,4.1510606
12950,12.95,0.43979594,4.120342
12951,12.951,0.44527692,4.142838
12952,12.952,0.44369286,4.1567807
12953,12.953,0.4471206,4.152172
12954,12.954,0.44749194,4.1571097
12955,12.955,0.45257553,4.1567893
12956,12.956,0.4442457,4.156894
12957,12.957,0.4428518,4.152978
12958,12.958,0.45555717,4.1552787
12959,12.959,0.436563,4.1588726
12960,12.96,0.4501944,4.1397347
12961,12.961,0.45564604,4.161412
12962,12.962,0.4546318,4.160875
12963,12.963,0.46103194,4.148964
12964,12.964,0.4365043,4.174666
12965,12.965,0.4435998,4.172747
12966,12.966,0.45652398,4.1650295
12967,12.967,0.4622446,4.1847935
12968,12.968,0.45147043,4.1724215
12969,12.969,0.44269824,4.1600327
12970,12.97,0.45755577,4.150571
12971,12.971,0.44818875,4.1634254
12972,12.972,0.4588503,4.171453
12973,12.973,0.46079305,4.163546
12974,12.974,0.46053272,4.154964
12975,12.975,0.46857795,4.1726713
12976,12.976,0.45422903,4.1845455
12977,12.977,0.44953716,4.163054
12978,12.978,0.44983193,4.1245556
12979,12.979,0.44802123,4.1503863
12980,12.98,0.45583612,4.1543293
12981,12.981,0.4534865,4.1356306
12982,12.982,0.4661734,4.14047
12983,12.983,0.4646273,4.126168
12984,12.984,0.47107315,4.1472983
12985,12.985,0.4735597,4.1561766
12986,12.986,0.47580838,4.1461997
12987,12.987,0.4773106,4.152116
12988,12.988,0.48269072,4.147088
12989,12.989,0.4745286,4.147633
12990,12.99,0.47563985,4.160058
12991,12.991,0.4813844,4.1521387
12992,12.992,0.47796872,4.1498923
12993,12.993,0.48170188,4.129797
12994,12.994,0.47239518,4.154736
12995,12.995,0.47366577,4.147797
12996,12.996,0.47932634,4.140994
12997,12.997,0.46961984,4.1497326
12998,12.998,0.4789717,4.1316876
12999,12.999,0.4749689,4.152004
13000,13.0,0.46302068,4.15324
13001,13.001,0.4634545,4.1521754
13002,13.002,0.45235133,4.1461806
13003,13.003,0.4347569,4.149539
13004,13.004,0.46222755,4.1239247
13005,13.005,0.47143996,4.1415277
13006,13.006,0.45903665,4.1438236
13007,13.007,0.46292087,4.139427
13008,13.008,0.4657051,4.1412387
13009,13.009,0.4606398,4.119449
13010,13.01,0.46386,4.157542
13011,13.011,0.45926467,4.169076
13012,13.012,0.45407674,4.170435
13013,13.013,0.4369809,4.1481175
13014,13.014,0.44172603,4.142161
13015,13.015,0.4509093,4.156328
13016,13.016,0.46178234,4.1568794
13017,13.017,0.468488,4.1456656
13018,13.018,0.46761146,4.154322
13019,13.019,0.46626982,4.1616354
13020,13.02,0.47064072,4.160351
13021,13.021,0.476983,4.1262765
13022,13.022,0.48129177,4.171978
13023,13.023,0.48933914,4.1818194
13024,13.024,0.4945208,4.1474104
13025,13.025,0.49687102,4.163203
13026,13.026,0.47435677,4.1725397
13027,13.027,0.48478448,4.1818914
13028,13.028,0.49955127,4.178285
13029,13.029,0.5007422,4.174028
13030,13.03,0.4968083,4.1690083
13031,13.031,0.48084158,4.177144
13032,13.032,0.48556325,4.17849
13033,13.033,0.49699792,4.1653757
13034,13.034,0.5057236,4.150677
13035,13.035,0.49211153,4.1424923
13036,13.036,0.48510903,4.123262
13037,13.037,0.47738576,4.1211724
13038,13.038,0.47149503,4.103297
13039,13.039,0.4738096,4.1028805
13040,13.04,0.48464924,4.088171
13041,13.041,0.478098,4.100937
13042,13.042,0.4800614,4.07456
13043,13.043,0.46982914,4.1004386
13044,13.044,0.46987203,4.112857
13045,13.045,0.47177082,4.131964
13046,13.046,0.4700434,4.1406093
13047,13.047,0.45863122,4.1402073
13048,13.048,0.45496178,4.1222677
13049,13.049,0.46264893,4.139003
13050,13.05,0.45958406,4.126271
13051,13.051,0.45815846,4.133317
13052,13.052,0.46987197,4.1286497
13053,13.053,0.4655643,4.174164
13054,13.054,0.46288446,4.1909943
13055,13.055,0.46398208,4.175893
13056,13.056,0.4767849,4.150127
13057,13.057,0.4627136,4.1560035
13058,13.058,0.46534505,4.1313086
13059,13.059,0.45981503,4.1502805
13060,13.06,0.4629687,4.1171236
13061,13.061,0.45805508,4.128722
13062,13.062,0.4590244,4.1401777
13063,13.063,0.4588043,4.126657
13064,13.064,0.45765153,4.166483
13065,13.065,0.46589485,4.1103516
13066,13.066,0.45682395,4.0969753
13067,13.067,0.45085442,4.147059
13068,13.068,0.46042377,4.130037
13069,13.069,0.45855293,4.1330976
13070,13.07,0.45313057,4.1562123
13071,13.071,0.454916,4.1385694
13072,13.072,0.45414755,4.171289
13073,13.073,0.44693,4.1598907
13074,13.074,0.45569935,4.140735
13075,13.075,0.46172777,4.1218863
13076,13.076,0.45637265,4.1271467
13077,13.077,0.44776243,4.155406
13078,13.078,0.44925198,4.0979347
13079,13.079,0.46005124,4.1115913
13080,13.08,0.46152386,4.1116443
13081,13.081,0.46540383,4.177011
13082,13.082,0.4619271,4.1301317
13083,13.083,0.4697577,4.1572576
13084,13.084,0.47661388,4.15804
13085,13.085,0.49273404,4.1662164
13086,13.086,0.48441774,4.1478415
13087,13.087,0.48879215,4.1809273
13088,13.088,0.48368382,4.1549597
13089,13.089,0.48279688,4.203791
13090,13.09,0.4882652,4.1554523
13091,13.091,0.48630005,4.1280227
13092,13.092,0.49125248,4.145084
13093,13.093,0.48250744,4.159365
13094,13.094,0.47058514,4.14645
13095,13.095,0.47905228,4.1551743
13096,13.096,0.4881919,4.141829
13097,13.097,0.49843773,4.179875
13098,13.098,0.48187646,4.136331
13099,13.099,0.47851363,4.122757
13100,13.1,0.46860468,4.117139
13101,13.101,0.48158208,4.1079636
13102,13.102,0.46408126,4.1561303
13103,13.103,0.47798687,4.1328464
13104,13.104,0.47691554,4.130196
13105,13.105,0.48172104,4.1405115
13106,13.106,0.48595053,4.132672
13107,13.107,0.4985153,4.1363006
13108,13.108,0.49084765,4.1285305
13109,13.109,0.4787323,4.1216187
13110,13.11,0.49370393,4.126522
13111,13.111,0.49795428,4.1502533
13112,13.112,0.49137947,4.1499557
13113,13.113,0.48483804,4.1368375
13114,13.114,0.48858434,4.1517878
13115,13.115,0.46847433,4.1526823
13116,13.116,0.48758766,4.136142
13117,13.117,0.49344796,4.1296043
13118,13.118,0.47873634,4.1477666
13119,13.119,0.48484376,4.1558933
13120,13.12,0.48836088,4.1385365
13121,13.121,0.48461345,4.1788163
13122,13.122,0.47898045,4.1650953
13123,13.123,0.48167494,4.138432
13124,13.124,0.49109623,4.162497
13125,13.125,0.5010258,4.1569138
13126,13.126,0.5058144,4.141031
13127,13.127,0.5009603,4.103521
13128,13.128,0.49875054,4.0945735
13129,13.129,0.4943571,4.1209292
13130,13.13,0.48896128,4.119254
13131,13.131,0.49216905,4.123328
13132,13.132,0.48647228,4.123071
13133,13.133,0.49626023,4.1446447
13134,13.134,0.5087738,4.149802
13135,13.135,0.48386097,4.167372
13136,13.136,0.49612984,4.149723
13137,13.137,0.4895847,4.1818027
13138,13.138,0.48040938,4.160614
13139,13.139,0.48236117,4.1388936
13140,13.14,0.4843942,4.1527734
13141,13.141,0.49866948,4.160638
13142,13.142,0.49803162,4.1476984
13143,13.143,0.48632947,4.1893053
13144,13.144,0.5041962,4.149297
13145,13.145,0.5045947,4.1409864
13146,13.146,0.492077,4.145338
13147,13.147,0.49408633,4.154471
13148,13.148,0.48430228,4.138584
13149,13.149,0.47703603,4.13938
13150,13.15,0.48308143,4.1851597
13151,13.151,0.47326344,4.157061
13152,13.152,0.46182165,4.154438
13153,13.153,0.45081723,4.1791086
13154,13.154,0.43715733,4.175864
13155,13.155,0.4437608,4.19162
13156,13.156,0.446181,4.163113
13157,13.157,0.45468634,4.155259
13158,13.158,0.44551072,4.1596155
13159,13.159,0.45062566,4.163254
13160,13.16,0.45146608,4.149282
13161,13.161,0.45544693,4.14905
13162,13.162,0.4605201,4.1340027
13163,13.163,0.46128136,4.13252
13164,13.164,0.47556826,4.1670337
13165,13.165,0.46386695,4.1764603
13166,13.166,0.4696138,4.1627727
13167,13.167,0.46591035,4.190905
13168,13.168,0.47776923,4.1438465
13169,13.169,0.4826758,4.165127
13170,13.17,0.4817551,4.1583104
13171,13.171,0.470422,4.1871104
13172,13.172,0.46220106,4.1919093
13173,13.173,0.46755335,4.19292
13174,13.174,0.44844356,4.1995616
13175,13.175,0.45550096,4.2127137
13176,13.176,0.449241,4.197268
13177,13.177,0.4551831,4.1921926
13178,13.178,0.45040277,4.2175593
13179,13.179,0.46318543,4.1598306
13180,13.18,0.46339372,4.184825
13181,13.181,0.47267252,4.1805882
13182,13.182,0.4706552,4.170791
13183,13.183,0.47900257,4.173202
13184,13.184,0.47022977,4.179518
13185,13.185,0.46473008,4.174573
13186,13.186,0.47289768,4.181658
13187,13.187,0.4651141,4.2135196
13188,13.188,0.47175184,4.18622
13189,13.189,0.46150738,4.19896
13190,13.19,0.46099034,4.1628304
13191,13.191,0.472147,4.1858554
13192,13.192,0.48281962,4.1887445
13193,13.193,0.48590785,4.16558
13194,13.194,0.4837743,4.19423
13195,13.195,0.4785781,4.2028546
13196,13.196,0.48336995,4.1797094
13197,13.197,0.48677137,4.189388
13198,13.198,0.47659567,4.191342
13199,13.199,0.46429816,4.174878
13200,13.2,0.46709624,4.191373
13201,13.201,0.47617665,4.186245
13202,13.202,0.46659556,4.1702194
13203,13.203,0.4708527,4.1719418
13204,13.204,0.48909277,4.1767273
13205,13.205,0.48939282,4.178735
13206,13.206,0.49590153,4.1999164
13207,13.207,0.4814283,4.16616
13208,13.208,0.4906355,4.163261
13209,13.209,0.4866998,4.1885705
13210,13.21,0.48235822,4.2163186
13211,13.211,0.4828803,4.218468
13212,13.212,0.4586443,4.191263
13213,13.213,0.46833175,4.202874
13214,13.214,0.4673117,4.2005916
13215,13.215,0.47232184,4.197656
13216,13.216,0.48488677,4.203855
13217,13.217,0.47732246,4.1969423
13218,13.218,0.48743978,4.166135
13219,13.219,0.4866754,4.165799
13220,13.22,0.4903571,4.1879234
13221,13.221,0.4794441,4.214198
13222,13.222,0.4913449,4.230097
13223,13.223,0.48965105,4.2172065
13224,13.224,0.4692331,4.237617
13225,13.225,0.4739644,4.224808
13226,13.226,0.47478846,4.212772
13227,13.227,0.48179996,4.2396374
13228,13.228,0.4854506,4.2070613
13229,13.229,0.4882488,4.22013
13230,13.23,0.4949104,4.1882434
13231,13.231,0.49708483,4.2557435
13232,13.232,0.4984404,4.214069
13233,13.233,0.49256974,4.2217207
13234,13.234,0.49480602,4.228326
13235,13.235,0.4886471,4.244205
13236,13.236,0.48179755,4.2283497
13237,13.237,0.48188713,4.238666
13238,13.238,0.48093024,4.2190447
13239,13.239,0.47966748,4.213931
13240,13.24,0.49442002,4.2193236
13241,13.241,0.501478,4.222177
13242,13.242,0.49475062,4.2241325
13243,13.243,0.49233848,4.219849
13244,13.244,0.50027484,4.236527
13245,13.245,0.5010849,4.188615
13246,13.246,0.5038189,4.195991
13247,13.247,0.5235627,4.1804647
13248,13.248,0.5050662,4.160697
13249,13.249,0.5128448,4.176432
13250,13.25,0.5044875,4.2176013
13251,13.251,0.5022834,4.206537
13252,13.252,0.4969733,4.1957107
13253,13.253,0.50766957,4.185502
13254,13.254,0.5087542,4.154732
13255,13.255,0.5054129,4.185696
13256,13.256,0.5017705,4.226117
13257,13.257,0.5090192,4.1563993
13258,13.258,0.49405795,4.1805077
13259,13.259,0.4909404,4.1677465
13260,13.26,0.49626493,4.145355
13261,13.261,0.5011273,4.1803436
13262,13.262,0.5073236,4.1218896
13263,13.263,0.52381426,4.158064
13264,13.264,0.49900046,4.208236
13265,13.265,0.50546265,4.2058
13266,13.266,0.50509024,4.202124
13267,13.267,0.5131832,4.209868
13268,13.268,0.50996506,4.2018723
13269,13.269,0.49659085,4.200648
13270,13.27,0.46724653,4.1906056
13271,13.271,0.46660894,4.2196302
13272,13.272,0.48459488,4.214245
13273,13.273,0.47492993,4.223264
13274,13.274,0.49072468,4.247061
13275,13.275,0.4869721,4.221247
13276,13.276,0.4860787,4.21311
13277,13.277,0.48519084,4.203642
13278,13.278,0.49126306,4.169144
13279,13.279,0.4892361,4.160066
13280,13.28,0.4966108,4.1846557
13281,13.281,0.48595595,4.1995363
13282,13.282,0.49449715,4.1919274
13283,13.283,0.50697047,4.1914268
13284,13.284,0.50977385,4.231768
13285,13.285,0.5004671,4.2210193
13286,13.286,0.49030185,4.2129517
13287,13.287,0.5004152,4.1822577
13288,13.288,0.5209613,4.188661
13289,13.289,0.5066774,4.2060986
13290,13.29,0.5078447,4.1759615
13291,13.291,0.517242,4.171308
13292,13.292,0.5147129,4.1904044
13293,13.293,0.49766067,4.1734743
13294,13.294,0.50770974,4.1697783
13295,13.295,0.504308,4.19768
13296,13.296,0.4963058,4.189062
13297,13.297,0.5015476,4.150665
13298,13.298,0.50306237,4.15831
13299,13.299,0.5264228,4.144694
13300,13.3,0.51622254,4.155022
13301,13.301,0.52024305,4.178918
13302,13.302,0.5340414,4.14663
13303,13.303,0.52519274,4.1685634
13304,13.304,0.5256826,4.1733665
13305,13.305,0.5306943,4.181341
13306,13.306,0.53029436,4.15518
13307,13.307,0.5431306,4.1611814
13308,13.308,0.5281875,4.1688814
13309,13.309,0.52828777,4.171598
13310,13.31,0.5281435,4.1317716
13311,13.311,0.52559316,4.1503587
13312,13.312,0.52744937,4.164506
13313,13.313,0.5404077,4.150798
13314,13.314,0.5349571,4.16529
13315,13.315,0.53899634,4.1534925
13316,13.316,0.5255712,4.1579156
13317,13.317,0.52842444,4.165983
13318,13.318,0.5333572,4.182772
13319,13.319,0.54068255,4.166099
13320,13.32,0.54536796,4.1697626
13321,13.321,0.5432245,4.175935
13322,13.322,0.5456642,4.154583
13323,13.323,0.5602772,4.1545486
13324,13.324,0.55436724,4.162043
13325,13.325,0.5562615,4.143435
13326,13.326,0.5532174,4.146447
13327,13.327,0.5510601,4.1520734
13328,13.328,0.5638951,4.159757
13329,13.329,0.55634993,4.1741304
13330,13.33,0.5739641,4.158423
13331,13.331,0.5773469,4.165087
13332,13.332,0.5785051,4.1695466
13333,13.333,0.5698834,4.162764
13334,13.334,0.5809814,4.1173472
13335,13.335,0.5858999,4.148581
13336,13.336,0.57666737,4.148108
13337,13.337,0.5802141,4.133246
13338,13.338,0.5767071,4.156534
13339,13.339,0.5814936,4.17436
13340,13.34,0.56720436,4.1553636
13341,13.341,0.575016,4.1445403
13342,13.342,0.57876605,4.1349883
13343,13.343,0.5644795,4.143784
13344,13.344,0.5590993,4.165011
13345,13.345,0.56414443,4.2199345
13346,13.346,0.5611312,4.1643143
13347,13.347,0.5656083,4.152598
13348,13.348,0.56437635,4.139602
13349,13.349,0.5684327,4.1360617
13350,13.35,0.5700794,4.1265984
13351,13.351,0.5686404,4.1334686
13352,13.352,0.57610995,4.1274424
13353,13.353,0.575464,4.1315556
13354,13.354,0.5636132,4.1415997
13355,13.355,0.5578396,4.1508946
13356,13.356,0.55941486,4.2014112
13357,13.357,0.5676322,4.145156
13358,13.358,0.5571175,4.1769905
13359,13.359,0.5651734,4.135226
13360,13.36,0.5580142,4.1553125
13361,13.361,0.561281,4.1400228
13362,13.362,0.5670616,4.1652093
13363,13.363,0.5789206,4.172874
13364,13.364,0.5765538,4.146479
13365,13.365,0.5815198,4.128375
13366,13.366,0.57630396,4.130148
13367,13.367,0.56993014,4.151405
13368,13.368,0.57411575,4.1597958
13369,13.369,0.57792664,4.158747
13370,13.37,0.59154177,4.1435723
13371,13.371,0.581555,4.121493
13372,13.372,0.58489585,4.135838
13373,13.373,0.57270086,4.1499467
13374,13.374,0.5695387,4.1553674
13375,13.375,0.57561445,4.1733623
13376,13.376,0.5744448,4.160458
13377,13.377,0.57191426,4.1681595
13378,13.378,0.57036656,4.1301107
13379,13.379,0.5595853,4.1400313
13380,13.38,0.5586748,4.1629405
13381,13.381,0.54461646,4.1681376
13382,13.382,0.5417061,4.220184
13383,13.383,0.5452504,4.1965337
13384,13.384,0.55655515,4.19903
13385,13.385,0.5481719,4.2016935
13386,13.386,0.5520602,4.1710362
13387,13.387,0.5457239,4.1474676
13388,13.388,0.54466945,4.138625
13389,13.389,0.537756,4.199462
13390,13.39,0.52110904,4.188452
13391,13.391,0.52967656,4.198966
13392,13.392,0.5264523,4.1888986
13393,13.393,0.51383954,4.1966314
13394,13.394,0.52774096,6.5744224
13395,13.395,0.5224508,4.180148
13396,13.396,0.5249547,6.5685644
13397,13.397,0.5177818,6.484124
13398,13.398,0.51149875,6.5583005
13399,13.399,0.5265388,6.5298915
13400,13.4,0.51365155,6.530116
13401,13.401,0.51788723,6.475788
13402,13.402,0.52511626,6.506486
13403,13.403,0.524228,6.4225364
13404,13.404,0.53275055,6.405157
13405,13.405,0.53127486,6.395441
13406,13.406,0.55177313,6.4912634
13407,13.407,0.5321248,6.449256
13408,13.408,0.5441289,4.1928306
13409,13.409,0.54239714,4.1540704
13410,13.41,0.53733826,6.376823
13411,13.411,0.54829323,6.205138
13412,13.412,0.5335447,6.270673
13413,13.413,0.54209524,6.2058897
13414,13.414,0.540304,4.1995807
13415,13.415,0.53904897,4.143449
13416,13.416,0.5383014,4.1583314
13417,13.417,0.53435755,4.1493
13418,13.418,0.52675027,4.1647954
13419,13.419,0.5321714,4.2030754
13420,13.42,0.52876,4.21656
13421,13.421,0.520228,4.2155795
13422,13.422,0.5337967,4.2142224
13423,13.423,0.5366178,4.1977906
13424,13.424,0.5320293,4.210457
13425,13.425,0.5298521,4.1800013
13426,13.426,0.5305619,4.178177
13427,13.427,0.5310872,4.222206
13428,13.428,0.54098564,4.19457
13429,13.429,0.5367369,5.916185
13430,13.43,0.5324952,4.1888847
13431,13.431,0.5193788,4.226191
13432,13.432,0.53269804,5.8492584
13433,13.433,0.53017294,4.195078
13434,13.434,0.531319,4.2082896
13435,13.435,0.53371996,6.751416
13436,13.436,0.5429292,4.2060757
13437,13.437,0.5470351,5.8246384
13438,13.438,0.5433279,6.756474
13439,13.439,0.5506614,5.7866445
13440,13.44,0.5446777,4.1754313
13441,13.441,0.55572426,4.1692877
13442,13.442,0.56700355,6.983113
13443,13.443,0.5470215,5.894541
13444,13.444,0.5728575,5.653716
13445,13.445,0.5657782,6.973859
13446,13.446,0.55696297,6.9632845
13447,13.447,0.544229,4.195424
13448,13.448,0.5354665,4.181456
13449,13.449,0.5414367,4.1628766
13450,13.45,0.54613966,6.00844
13451,13.451,0.5529511,6.0843797
13452,13.452,0.5355541,6.016511
13453,13.453,0.54309267,5.972415
13454,13.454,0.53348064,6.999706
13455,13.455,0.5370402,7.073306
13456,13.456,0.5345809,7.046028
13457,13.457,0.5316459,7.082243
13458,13.458,0.5288847,7.0397377
13459,13.459,0.5377256,7.0790544
13460,13.46,0.52455145,7.060412
13461,13.461,0.5212184,7.0247903
13462,13.462,0.5345243,6.962112
13463,13.463,0.52313095,6.963282
13464,13.464,0.52162033,6.984078
13465,13.465,0.52794397,7.0620737
13466,13.466,0.5277724,7.016284
13467,13.467,0.519986,6.987919
13468,13.468,0.5235997,7.0458064
13469,13.469,0.5382626,6.9940095
13470,13.47,0.54312587,6.9775734
13471,13.471,0.55519277,4.186772
13472,13.472,0.55068666,7.0774865
13473,13.473,0.54201734,7.0092735
13474,13.474,0.538923,6.976438
13475,13.475,0.54219913,6.989201
13476,13.476,0.5499048,7.055274
13477,13.477,0.5372872,7.04747
13478,13.478,0.5286892,4.2319107
13479,13.479,0.5524187,4.2083
13480,13.48,0.5369368,7.1564713
13481,13.481,0.54014844,6.9963336
13482,13.482,0.53085446,7.0644503
13483,13.483,0.5299934,7.04974
13484,13.484,0.52015036,7.0538297
13485,13.485,0.5305278,7.0277295
13486,13.486,0.5212111,7.0897765
13487,13.487,0.52872473,7.157515
13488,13.488,0.5409317,4.280491
13489,13.489,0.5462208,4.246607
13490,13.49,0.53642267,4.180466
13491,13.491,0.54801714,4.2299356
13492,13.492,0.5530265,4.226913
13493,13.493,0.5484851,4.2048244
13494,13.494,0.5613782,4.2249656
13495,13.495,0.56245816,4.223591
13496,13.496,0.56619763,4.228746
13497,13.497,0.5713257,4.172923
13498,13.498,0.55706775,4.1945853
13499,13.499,0.5624352,4.131768
13500,13.5,0.55889255,4.1495156
13501,13.501,0.56112736,4.151587
13502,13.502,0.5552187,4.1357503
13503,13.503,0.5534496,4.144262
13504,13.504,0.5635977,4.194681
13505,13.505,0.56327444,4.157314
13506,13.506,0.55476314,4.1495295
13507,13.507,0.5568268,4.1599097
13508,13.508,0.5489246,4.173706
13509,13.509,0.5532954,4.1648035
13510,13.51,0.5529245,4.1800513
13511,13.511,0.54414725,4.150978
13512,13.512,0.5392077,4.189373
13513,13.513,0.53500974,4.180475
13514,13.514,0.54768276,4.1632934
13515,13.515,0.53261733,4.18773
13516,13.516,0.534341,4.192958
13517,13.517,0.5353122,4.2039914
13518,13.518,0.5328233,4.1629844
13519,13.519,0.5317622,4.174332
13520,13.52,0.53931993,4.1872582
13521,13.521,0.5329391,4.165149
13522,13.522,0.5296475,4.204337
13523,13.523,0.55943227,4.1459155
13524,13.524,0.54883844,4.1457295
13525,13.525,0.53755414,4.1748743
13526,13.526,0.5393392,4.2009144
13527,13.527,0.5458559,4.164512
13528,13.528,0.54775923,4.174069
13529,13.529,0.5613004,4.1751733
13530,13.53,0.5547984,4.200255
13531,13.531,0.5481304,4.183072
13532,13.532,0.5608,4.193567
13533,13.533,0.5618841,4.1892705
13534,13.534,0.5656227,4.1554637
13535,13.535,0.5637151,4.15544
13536,13.536,0.5710578,4.1262794
13537,13.537,0.57351357,4.138423
13538,13.538,0.5730874,4.1377125
13539,13.539,0.5706878,4.177164
13540,13.54,0.5619914,4.1728683
13541,13.541,0.57224923,4.1970277
13542,13.542,0.5622353,4.1491127
13543,13.543,0.5743066,4.153969
13544,13.544,0.5663178,4.1599407
13545,13.545,0.5707944,4.1395407
13546,13.546,0.5769711,4.1252832
13547,13.547,0.5793068,4.141644
13548,13.548,0.57584286,4.1537156
13549,13.549,0.5748122,4.158963
13550,13.55,0.5701869,4.153353
13551,13.551,0.56535995,4.1823378
13552,13.552,0.56235904,4.1800427
13553,13.553,0.564152,4.13566
13554,13.554,0.56923693,4.1248646
13555,13.555,0.5753937,4.152576
13556,13.556,0.57557994,4.137647
13557,13.557,0.5722978,4.1270423
13558,13.558,0.5772663,4.1271577
13559,13.559,0.58793414,4.1404977
13560,13.56,0.5760784,4.142931
13561,13.561,0.5877378,4.144809
13562,13.562,0.5865909,4.1142297
13563,13.563,0.5751265,4.1402254
13564,13.564,0.5707117,4.1505904
13565,13.565,0.57354164,4.139782
13566,13.566,0.56055754,4.1237445
13567,13.567,0.5703584,4.0959597
13568,13.568,0.5744449,4.1109624
13569,13.569,0.581543,4.111885
13570,13.57,0.5910009,4.1014957
13571,13.571,0.5931181,4.1269307
13572,13.572,0.5756654,4.1424956
13573,13.573,0.58681434,4.141023
13574,13.574,0.5879996,4.1596584
13575,13.575,0.5833381,4.143926
13576,13.576,0.5784761,4.180719
13577,13.577,0.58168113,4.1591473
13578,13.578,0.5795155,4.160841
13579,13.579,0.56703424,4.1328187
13580,13.58,0.5667687,4.1338353
13581,13.581,0.57887965,4.149972
13582,13.582,0.5664873,4.204213
13583,13.583,0.5796708,4.146268
13584,13.584,0.57872486,4.132131
13585,13.585,0.58415395,4.125603
13586,13.586,0.5814293,4.101215
13587,13.587,0.5746882,4.127128
13588,13.588,0.5789602,4.1555004
13589,13.589,0.56685865,4.167047
13590,13.59,0.5734704,4.191102
13591,13.591,0.57654995,4.1633716
13592,13.592,0.57414585,4.172151
13593,13.593,0.57356745,4.142332
13594,13.594,0.5704459,4.1460977
13595,13.595,0.56163895,4.183768
13596,13.596,0.57629406,4.1122384
13597,13.597,0.5686472,4.1073356
13598,13.598,0.57446384,4.1350656
13599,13.599,0.5697622,4.1349025
13600,13.6,0.57231677,4.150162
13601,13.601,0.57125485,4.1589947
13602,13.602,0.5663355,4.1658907
13603,13.603,0.56256926,4.161342
13604,13.604,0.5766025,4.173202
13605,13.605,0.5761821,4.1303062
13606,13.606,0.57424575,4.191399
13607,13.607,0.5763954,4.152626
13608,13.608,0.57582605,4.134992
13609,13.609,0.5797231,4.135824
13610,13.61,0.5878071,4.1381326
13611,13.611,0.57984656,4.121297
13612,13.612,0.5681814,4.1430144
13613,13.613,0.57894593,4.1141057
13614,13.614,0.57475996,4.1472025
13615,13.615,0.57520896,4.0594687
13616,13.616,0.59624416,4.0920167
13617,13.617,0.5911212,4.090098
13618,13.618,0.5813297,4.10516
13619,13.619,0.5811597,4.1173906
13620,13.62,0.5733868,4.1393466
13621,13.621,0.59522176,4.1174335
13622,13.622,0.5928231,4.0940394
13623,13.623,0.5955877,4.1201015
13624,13.624,0.5815177,4.13589
13625,13.625,0.5870777,4.1503897
13626,13.626,0.59730136,4.150028
13627,13.627,0.5889827,4.127719
13628,13.628,0.59022033,4.1339993
13629,13.629,0.59241194,4.1336937
13630,13.63,0.5946511,4.135745
13631,13.631,0.58853525,4.132532
13632,13.632,0.58613557,4.100969
13633,13.633,0.59654784,4.121449
13634,13.634,0.59752125,4.108045
13635,13.635,0.5931997,4.111776
13636,13.636,0.5997817,4.1263533
13637,13.637,0.59596825,4.117296
13638,13.638,0.58838946,4.119575
13639,13.639,0.59638095,4.1672754
13640,13.64,0.5890863,4.2113376
13641,13.641,0.58070385,4.1991925
13642,13.642,0.57627916,4.2381454
13643,13.643,0.5744611,4.230392
13644,13.644,0.5650045,7.607164
13645,13.645,0.5735939,4.2129273
13646,13.646,0.5677338,4.2529645
13647,13.647,0.57244766,4.2051935
13648,13.648,0.56301844,4.2156396
13649,13.649,0.56307185,4.197764
13650,13.65,0.57439286,4.2013273
13651,13.651,0.5747401,4.202381
13652,13.652,0.5817851,7.4794426
13653,13.653,0.57645875,4.159536
13654,13.654,0.5886577,4.1758714
13655,13.655,0.58136296,4.210777
13656,13.656,0.5722255,4.227505
13657,13.657,0.57969534,7.4515624
13658,13.658,0.5873077,7.4752207
13659,13.659,0.58459747,7.4378986
13660,13.66,0.5816742,7.4329653
13661,13.661,0.57031345,4.205592
13662,13.662,0.5775173,7.5588384
13663,13.663,0.5821872,7.5164323
13664,13.664,0.58740383,7.470781
13665,13.665,0.5719617,7.4641037
13666,13.666,0.5817735,7.4768357
13667,13.667,0.58246505,7.45645
13668,13.668,0.56588465,7.4188566
13669,13.669,0.5684046,7.4011345
13670,13.67,0.56566566,7.3960443
13671,13.671,0.57604015,7.407094
13672,13.672,0.56724113,7.35142
13673,13.673,0.5679381,7.377191
13674,13.674,0.5711864,7.3397837
13675,13.675,0.5678576,7.432063
13676,13.676,0.5495863,7.420536
13677,13.677,0.5568103,7.396007
13678,13.678,0.54882765,7.28053
13679,13.679,0.54957634,7.3307095
13680,13.68,0.5392282,7.3263984
13681,13.681,0.54769903,7.2826424
13682,13.682,0.5437157,7.2891064
13683,13.683,0.5503653,7.2810593
13684,13.684,0.54520917,7.341397
13685,13.685,0.55337316,7.301917
13686,13.686,0.5548118,7.3632474
13687,13.687,0.55981237,7.313078
13688,13.688,0.54469836,7.2491245
13689,13.689,0.5633659,7.1880336
13690,13.69,0.56743675,7.215579
13691,13.691,0.56246597,7.2242007
13692,13.692,0.5631173,7.192059
13693,13.693,0.5649386,7.16183
13694,13.694,0.55141455,7.1286845
13695,13.695,0.5561937,7.252376
13696,13.696,0.55899495,7.242264
13697,13.697,0.5508015,7.3279138
13698,13.698,0.5592924,7.3821363
13699,13.699,0.5529245,7.2886753
13700,13.7,0.5626143,7.395633
13701,13.701,0.55206394,7.3357096
13702,13.702,0.5475837,7.2362504
13703,13.703,0.5559038,7.1933055
13704,13.704,0.5636133,7.222676
13705,13.705,0.5549045,7.234611
13706,13.706,0.5721808,7.2108283
13707,13.707,0.57327867,7.178801
13708,13.708,0.5808153,7.1893826
13709,13.709,0.571233,7.1790967
13710,13.71,0.5709748,7.220497
13711,13.711,0.555688,7.2254834
13712,13.712,0.5585637,7.240269
13713,13.713,0.56672907,7.230148
13714,13.714,0.5615638,7.2864146
13715,13.715,0.54904056,7.270277
13716,13.716,0.5603227,7.263751
13717,13.717,0.55159056,7.2912426
13718,13.718,0.5506338,7.333327
13719,13.719,0.5539291,7.3261266
13720,13.72,0.5609939,7.3524165
13721,13.721,0.56349266,7.3454275
13722,13.722,0.560918,7.413344
13723,13.723,0.56127626,7.352671
13724,13.724,0.5542542,7.4041467
13725,13.725,0.54699236,7.3629465
13726,13.726,0.55101955,7.4167447
13727,13.727,0.5431081,7.466559
13728,13.728,0.5436444,7.3920197
13729,13.729,0.5485979,7.490364
13730,13.73,0.55121285,7.5303907
13731,13.731,0.5500252,7.59487
13732,13.732,0.55879456,7.5605717
13733,13.733,0.54452324,7.6462884
13734,13.734,0.54909974,7.601734
13735,13.735,0.54578376,7.5797973
13736,13.736,0.55050707,7.6055965
13737,13.737,0.54142857,7.5873513
13738,13.738,0.5360063,7.690951
13739,13.739,0.53786296,7.770484
13740,13.74,0.5388893,6.5661187
13741,13.741,0.5378637,7.753506
13742,13.742,0.5445535,6.6314707
13743,13.743,0.5355517,7.8365884
13744,13.744,0.53787464,7.795088
13745,13.745,0.5468933,7.778536
13746,13.746,0.53998613,7.7776384
13747,13.747,0.5352195,7.8224554
13748,13.748,0.5419957,7.822659
13749,13.749,0.5257347,7.8070474
13750,13.75,0.5261577,7.832275
13751,13.751,0.5295268,5.4570236
13752,13.752,0.5253231,7.870251
13753,13.753,0.5245815,5.5612187
13754,13.754,0.5253788,5.5207562
13755,13.755,0.5371423,7.861743
13756,13.756,0.5230745,7.8151236
13757,13.757,0.5290782,5.4717274
13758,13.758,0.5321681,5.4422035
13759,13.759,0.54396224,5.47553
13760,13.76,0.54191536,5.4860873
13761,13.761,0.5388879,5.482324
13762,13.762,0.5310945,5.4941034
13763,13.763,0.52720374,5.47545
13764,13.764,0.52953404,5.339415
13765,13.765,0.5427448,5.3198285
13766,13.766,0.5378626,5.2691073
13767,13.767,0.53050053,1.7325113
13768,13.768,0.53979445,1.7562227
13769,13.769,0.5359946,1.6949444
13770,13.77,0.5439826,1.7367836
13771,13.771,0.53123623,1.6901083
13772,13.772,0.5331807,1.900293
13773,13.773,0.53025717,1.9655544
13774,13.774,0.5395131,2.2128918
13775,13.775,0.5393066,2.1561606
13776,13.776,0.5262264,2.179721
13777,13.777,0.52969587,2.3269997
13778,13.778,0.5297042,2.3716073
13779,13.779,0.53807163,2.4175475
13780,13.78,0.53958756,2.5292823
13781,13.781,0.5260865,2.332675
13782,13.782,0.53851634,2.492348
13783,13.783,0.5413676,1.9957744
13784,13.784,0.53609484,2.4783537
13785,13.785,0.5330067,2.5238373
13786,13.786,0.5338022,2.590594
13787,13.787,0.5447831,2.0199456
13788,13.788,0.536202,2.51491
13789,13.789,0.5466785,2.4598453
13790,13.79,0.52549696,2.8490531
13791,13.791,0.52572256,5.32806
13792,13.792,0.5345568,5.353136
13793,13.793,0.54606336,5.350105
13794,13.794,0.5363091,5.3460093
13795,13.795,0.53262055,5.296711
13796,13.796,0.52536535,2.5459876
13797,13.797,0.5479908,5.180723
13798,13.798,0.5342526,2.42122
13799,13.799,0.5307564,2.3208654
13800,13.8,0.5285232,2.3593152
13801,13.801,0.53198254,2.298655
13802,13.802,0.5357513,2.4838338
13803,13.803,0.5306997,2.527978
13804,13.804,0.53919995,2.5492208
13805,13.805,0.52657425,2.4065216
13806,13.806,0.54024136,5.0952215
13807,13.807,0.53851783,2.322684
13808,13.808,0.5424088,2.1802766
13809,13.809,0.5379286,2.1763122
13810,13.81,0.5459239,2.2124522
13811,13.811,0.5534644,2.2155318
13812,13.812,0.54706043,2.2083366
13813,13.813,0.5352519,2.1561706
13814,13.814,0.5408613,2.13981
13815,13.815,0.5473521,4.2484374
13816,13.816,0.5384095,4.222659
13817,13.817,0.5406351,2.3593414
13818,13.818,0.5334885,2.399014
13819,13.819,0.5424527,2.5472639
13820,13.82,0.54167503,2.3620303
13821,13.821,0.52917624,2.1181242
13822,13.822,0.5385491,1.9843053
13823,13.823,0.54218745,2.0882561
13824,13.824,0.54306465,4.2427983
13825,13.825,0.5365966,4.2077656
13826,13.826,0.5452125,4.1967545
13827,13.827,0.54845995,4.8742514
13828,13.828,0.5515616,5.011707
13829,13.829,0.5535435,4.9612546
13830,13.83,0.5491441,4.9872665
13831,13.831,0.54601175,5.024987
13832,13.832,0.5545815,5.103383
13833,13.833,0.5499409,5.2062993
13834,13.834,0.5629778,5.156751
13835,13.835,0.55880165,5.147019
13836,13.836,0.56213886,5.0401816
13837,13.837,0.5529267,5.0995345
13838,13.838,0.5566487,5.064114
13839,13.839,0.55727303,5.181507
13840,13.84,0.5565178,5.1191444
13841,13.841,0.5596837,5.1020737
13842,13.842,0.5569947,5.073408
13843,13.843,0.575613,5.012525
13844,13.844,0.5668128,5.076366
13845,13.845,0.579247,4.994428
13846,13.846,0.56695133,4.806852
13847,13.847,0.5631479,4.9028287
13848,13.848,0.56472826,4.8773694
13849,13.849,0.5625574,4.8761816
13850,13.85,0.5711669,4.9290524
13851,13.851,0.5688699,4.163831
13852,13.852,0.5730253,4.1906624
13853,13.853,0.56347585,4.191007
13854,13.854,0.5619608,2.1175098
13855,13.855,0.55552155,2.0985758
13856,13.856,0.5529363,2.0749097
13857,13.857,0.5524847,2.0321612
13858,13.858,0.5538564,1.9385679
13859,13.859,0.55354106,2.0992196
13860,13.86,0.55480075,4.217242
13861,13.861,0.55584437,4.221183
13862,13.862,0.5447514,4.216036
13863,13.863,0.56186336,4.182616
13864,13.864,0.5600794,4.174208
13865,13.865,0.56024295,4.2044406
13866,13.866,0.56213146,4.174749
13867,13.867,0.56502837,4.183882
13868,13.868,0.56000376,4.218359
13869,13.869,0.5591017,4.2015057
13870,13.87,0.56087524,4.220695
13871,13.871,0.54990333,4.1967387
13872,13.872,0.54876226,4.2107835
13873,13.873,0.5545428,4.1923246
13874,13.874,0.55009013,4.1942124
13875,13.875,0.55757344,4.226741
13876,13.876,0.5507372,4.219712
13877,13.877,0.5600964,4.168292
13878,13.878,0.56408983,4.1933136
13879,13.879,0.55928427,4.2022767
13880,13.88,0.5768419,4.208457
13881,13.881,0.5581447,4.198155
13882,13.882,0.5683024,4.206509
13883,13.883,0.5804556,5.177822
13884,13.884,0.57491493,4.149087
13885,13.885,0.5734019,5.2480607
13886,13.886,0.58114487,5.281176
13887,13.887,0.57739353,5.265185
13888,13.888,0.57226115,5.250636
13889,13.889,0.5618445,5.3263645
13890,13.89,0.57191634,5.329072
13891,13.891,0.56660265,5.4485245
13892,13.892,0.5714676,5.438359
13893,13.893,0.57792294,5.419387
13894,13.894,0.57851994,5.2379055
13895,13.895,0.5785231,5.2895803
13896,13.896,0.5721034,5.1286798
13897,13.897,0.57163334,4.2082467
13898,13.898,0.5646193,5.12666
13899,13.899,0.5704059,5.235633
13900,13.9,0.5785456,5.170209
13901,13.901,0.5617691,5.12758
13902,13.902,0.573979,4.215768
13903,13.903,0.57832956,4.2168436
13904,13.904,0.5840728,4.2175884
13905,13.905,0.590253,4.232619
13906,13.906,0.5843346,4.245542
13907,13.907,0.59250486,4.208587
13908,13.908,0.585266,4.210425
13909,13.909,0.58843654,4.220256
13910,13.91,0.5893399,4.216008
13911,13.911,0.5769503,4.228254
13912,13.912,0.5738833,4.2431474
13913,13.913,0.57232004,4.2230735
13914,13.914,0.5603492,4.2268944
13915,13.915,0.57818574,4.2448745
13916,13.916,0.57079726,4.1654506
13917,13.917,0.5619235,4.1984563
13918,13.918,0.5557821,4.1842017
13919,13.919,0.55603504,4.1983576
13920,13.92,0.56073713,4.18583
13921,13.921,0.56417954,4.1911516
13922,13.922,0.5490666,4.219553
13923,13.923,0.5590305,4.212052
13924,13.924,0.5612198,4.227857
13925,13.925,0.5508384,4.206573
13926,13.926,0.56591916,4.230739
13927,13.927,0.55240184,4.225414
13928,13.928,0.55936027,4.2086134
13929,13.929,0.5507129,4.2283983
13930,13.93,0.5682988,4.225955
13931,13.931,0.5591765,4.2282333
13932,13.932,0.55514127,4.220013
13933,13.933,0.5605122,4.2024865
13934,13.934,0.56478477,4.22266
13935,13.935,0.56444186,4.2130384
13936,13.936,0.5764846,4.1978493
13937,13.937,0.5682897,4.1823277
13938,13.938,0.56570977,4.2038426
13939,13.939,0.567936,4.222125
13940,13.94,0.56871295,4.257253
13941,13.941,0.5670853,4.2372847
13942,13.942,0.5696729,4.2311964
13943,13.943,0.5764213,4.2269135
13944,13.944,0.56468594,4.2343383
13945,13.945,0.5665314,4.242413
13946,13.946,0.5622218,4.2006893
13947,13.947,0.5768089,4.2037196
13948,13.948,0.57391167,4.2383857
13949,13.949,0.5810068,4.800641
13950,13.95,0.58261335,4.7473907
13951,13.951,0.57478726,4.206353
13952,13.952,0.58730304,4.2039537
13953,13.953,0.5822321,4.194701
13954,13.954,0.57937616,4.8113017
13955,13.955,0.5671064,4.20459
13956,13.956,0.5619379,4.1955194
13957,13.957,0.5655209,4.1871085
13958,13.958,0.5680948,4.9243793
13959,13.959,0.5672548,4.9175653
13960,13.96,0.5620811,4.840782
13961,13.961,0.55977356,4.7951837
13962,13.962,0.56730735,4.673516
13963,13.963,0.54886633,4.5292253
13964,13.964,0.55774057,4.440315
13965,13.965,0.5689544,4.5126047
13966,13.966,0.5633581,4.4647155
13967,13.967,0.5626969,4.630961
13968,13.968,0.55592597,4.5438366
13969,13.969,0.5655741,4.422217
13970,13.97,0.5632913,4.372167
13971,13.971,0.56997836,4.3959923
13972,13.972,0.5693326,4.3660655
13973,13.973,0.56393373,4.3130684
13974,13.974,0.5615114,4.172301
13975,13.975,0.5532755,4.0966415
13976,13.976,0.5526858,4.0535803
13977,13.977,0.54948956,4.0484123
13978,13.978,0.55353993,4.030443
13979,13.979,0.55957335,3.9848795
13980,13.98,0.5526113,3.9905214
13981,13.981,0.5488278,3.9666846
13982,13.982,0.5470706,3.9135313
13983,13.983,0.5520815,3.913603
13984,13.984,0.54795367,3.9273045
13985,13.985,0.5419996,4.0613084
13986,13.986,0.56258655,4.0105762
13987,13.987,0.5528639,3.9412718
13988,13.988,0.53890884,4.113087
13989,13.989,0.54119164,4.1674304
13990,13.99,0.550149,4.0366015
13991,13.991,0.5553405,4.086413
13992,13.992,0.5532707,4.1526604
13993,13.993,0.5504484,4.19819
13994,13.994,0.5591029,4.2345743
13995,13.995,0.5465267,4.2387733
13996,13.996,0.5473918,4.359695
13997,13.997,0.5408443,4.348076
13998,13.998,0.5470348,4.389745
13999,13.999,0.5446095,4.4830437
14000,14.0,0.5540798,4.4387574
14001,14.001,0.5489615,4.487824
14002,14.002,0.5680113,4.4067225
14003,14.003,0.5739239,4.383349
14004,14.004,0.5623102,4.4095798
14005,14.005,0.5556274,4.3502245
14006,14.006,0.55256623,4.363935
14007,14.007,0.55306095,4.2660446
14008,14.008,0.5579442,4.3781967
14009,14.009,0.54929036,4.4776216
14010,14.01,0.56021225,4.5212426
14011,14.011,0.5638136,4.547628
14012,14.012,0.53992844,4.4219627
14013,14.013,0.5465755,4.5312376
14014,14.014,0.5627307,4.3967886
14015,14.015,0.54277426,4.289745
14016,14.016,0.5439937,4.1523967
14017,14.017,0.54134035,4.1681886
14018,14.018,0.5464871,4.2348533
14019,14.019,0.5315012,4.2734666
14020,14.02,0.5339235,4.339619
14021,14.021,0.5386458,4.329513
14022,14.022,0.5441989,4.3960924
14023,14.023,0.5434827,4.276978
14024,14.024,0.5390972,4.293304
14025,14.025,0.5448993,4.3309727
14026,14.026,0.5478076,4.4657717
14027,14.027,0.5596085,4.418107
14028,14.028,0.56046784,4.3723884
14029,14.029,0.5554519,4.51279
14030,14.03,0.5470369,4.44939
14031,14.031,0.5450481,4.387443
14032,14.032,0.5403228,4.414783
14033,14.033,0.5493308,4.4401174
14034,14.034,0.55866015,4.5250044
14035,14.035,0.5512804,4.5470605
14036,14.036,0.555359,4.5945997
14037,14.037,0.54750067,4.5993905
14038,14.038,0.5393082,4.6444426
14039,14.039,0.54388326,4.5798807
14040,14.04,0.5564959,4.786022
14041,14.041,0.54207474,4.8134403
14042,14.042,0.5458948,4.9029903
14043,14.043,0.5418269,4.8298717
14044,14.044,0.5450931,4.8007994
14045,14.045,0.53708744,4.8905826
14046,14.046,0.5475806,4.8342752
14047,14.047,0.5391642,4.704935
14048,14.048,0.537605,4.8180943
14049,14.049,0.518299,4.83067
14050,14.05,0.5195255,4.1671624
14051,14.051,0.5186053,4.996998
14052,14.052,0.5279964,5.082288
14053,14.053,0.5208758,4.994775
14054,14.054,0.51897526,4.906286
14055,14.055,0.52500594,4.17801
14056,14.056,0.52157533,4.709585
14057,14.057,0.53044385,4.86035
14058,14.058,0.5242528,4.7428994
14059,14.059,0.5284283,4.707101
14060,14.06,0.51299196,4.8022118
14061,14.061,0.5196603,4.6206484
14062,14.062,0.51835483,4.489781
14063,14.063,0.51603466,4.5541983
14064,14.064,0.50368196,4.497594
14065,14.065,0.50770235,4.4178295
14066,14.066,0.51585716,4.5055566
14067,14.067,0.51596147,4.5416565
14068,14.068,0.517328,4.5193925
14069,14.069,0.51815665,4.1924267
14070,14.07,0.5223127,4.1737156
14071,14.071,0.5140351,4.2074327
14072,14.072,0.5225957,4.1446953
14073,14.073,0.52107835,4.1635127
14074,14.074,0.51934516,4.175548
14075,14.075,0.5145679,4.299146
14076,14.076,0.51177067,4.3345623
14077,14.077,0.5204308,4.2486
14078,14.078,0.519049,4.2603245
14079,14.079,0.5191904,4.202242
14080,14.08,0.5039281,4.1855717
14081,14.081,0.49806744,4.174182
14082,14.082,0.49817267,4.2787237
14083,14.083,0.50988567,4.419561
14084,14.084,0.50212324,4.447744
14085,14.085,0.50733,4.4017177
14086,14.086,0.50917345,4.364111
14087,14.087,0.5100694,4.3328266
14088,14.088,0.50031185,4.288457
14089,14.089,0.49107248,4.1094685
14090,14.09,0.4868058,4.0409408
14091,14.091,0.48268664,4.0790133
14092,14.092,0.48105705,4.162943
14093,14.093,0.4948635,4.258269
14094,14.094,0.50494665,4.293522
14095,14.095,0.50277954,4.211101
14096,14.096,0.50513,4.172916
14097,14.097,0.49996313,4.1391582
14098,14.098,0.50657123,4.165068
14099,14.099,0.5013999,4.1614
14100,14.1,0.50515413,4.150812
14101,14.101,0.5103088,4.118544
14102,14.102,0.51346606,4.156511
14103,14.103,0.5169911,4.1055493
14104,14.104,0.5142263,4.1344438
14105,14.105,0.5205662,4.0974565
14106,14.106,0.5235267,4.1293883
14107,14.107,0.51110053,4.1438074
14108,14.108,0.5122693,4.1107845
14109,14.109,0.51170117,4.1201158
14110,14.11,0.51341367,4.1512465
14111,14.111,0.51286334,4.1428547
14112,14.112,0.4949606,4.1692233
14113,14.113,0.51732135,4.1419077
14114,14.114,0.5132676,4.148363
14115,14.115,0.5165961,4.137761
14116,14.116,0.5203718,4.0905776
14117,14.117,0.5063618,4.165193
14118,14.118,0.5045136,4.1617966
14119,14.119,0.50355595,4.1470284
14120,14.12,0.512877,4.154943
14121,14.121,0.50742847,3.6730115
14122,14.122,0.5111781,3.6250134
14123,14.123,0.51392496,4.1028357
14124,14.124,0.51285046,3.574326
14125,14.125,0.52281296,3.727489
14126,14.126,0.50743216,3.7348967
14127,14.127,0.50275075,3.6707485
14128,14.128,0.5105593,3.627164
14129,14.129,0.50834095,3.711703
14130,14.13,0.50525475,4.1247454
14131,14.131,0.50576687,3.5556414
14132,14.132,0.51114905,4.1284676
14133,14.133,0.51921743,4.137311
14134,14.134,0.51922023,4.1300325
14135,14.135,0.5131167,3.5178027
14136,14.136,0.505396,3.372533
14137,14.137,0.52550036,4.1473045
14138,14.138,0.5212511,3.4458928
14139,14.139,0.50804216,3.3774812
14140,14.14,0.5139655,3.434606
14141,14.141,0.51867205,3.402576
14142,14.142,0.5018467,3.2618444
14143,14.143,0.49809554,3.3679066
14144,14.144,0.5023695,3.2087662
14145,14.145,0.49847093,3.1235857
14146,14.146,0.5146928,3.2801843
14147,14.147,0.5056707,3.3269863
14148,14.148,0.49891108,3.5402863
14149,14.149,0.5043496,3.2282474
14150,14.15,0.5129969,3.1574285
14151,14.151,0.5065635,3.1505873
14152,14.152,0.5063127,3.1147213
14153,14.153,0.5109701,3.1090395
14154,14.154,0.4904937,3.3636227
14155,14.155,0.4958777,3.1912959
14156,14.156,0.4994101,3.1364417
14157,14.157,0.49539688,3.0484655
14158,14.158,0.4955789,3.1343467
14159,14.159,0.49230468,3.1262732
14160,14.16,0.49873877,3.1093934
14161,14.161,0.5025396,3.0929246
14162,14.162,0.50401336,3.0093715
14163,14.163,0.49349397,2.8942573
14164,14.164,0.5055193,3.0031347
14165,14.165,0.51137954,3.0904999
14166,14.166,0.5141769,2.9892204
14167,14.167,0.50561935,3.008581
14168,14.168,0.5240088,2.9579382
14169,14.169,0.4963573,3.0517745
14170,14.17,0.5026795,2.9576073
14171,14.171,0.50377256,4.1427317
14172,14.172,0.49786958,4.1587715
14173,14.173,0.5066347,4.1724343
14174,14.174,0.49064305,4.1993957
14175,14.175,0.48443165,4.190619
14176,14.176,0.4952449,4.148943
14177,14.177,0.4947587,4.1632266
14178,14.178,0.50117797,4.1754217
14179,14.179,0.4973997,4.1342483
14180,14.18,0.49807146,4.162525
14181,14.181,0.49966615,4.145281
14182,14.182,0.5086245,4.11489
14183,14.183,0.51128924,4.1280103
14184,14.184,0.49961013,4.126448
14185,14.185,0.4970676,4.1149206
14186,14.186,0.49809203,4.110296
14187,14.187,0.512514,4.138054
14188,14.188,0.5027337,4.141144
14189,14.189,0.51922,4.16348
14190,14.19,0.5121973,4.1207166
14191,14.191,0.52406645,4.1418157
14192,14.192,0.50588745,4.166934
14193,14.193,0.5047184,4.1723757
14194,14.194,0.5158737,4.145936
14195,14.195,0.5070753,4.174054
14196,14.196,0.51385194,4.1693797
14197,14.197,0.5194669,4.16719
14198,14.198,0.52508366,4.170206
14199,14.199,0.5141088,4.160358
14200,14.2,0.51932675,4.1273203
14201,14.201,0.5318597,4.12115
14202,14.202,0.52896744,4.1561255
14203,14.203,0.5311731,4.1433325
14204,14.204,0.5326335,4.151093
14205,14.205,0.5274151,4.153736
14206,14.206,0.5315815,4.1140537
14207,14.207,0.5412562,4.1648035
14208,14.208,0.53588814,4.1667495
14209,14.209,0.52994573,4.1612244
14210,14.21,0.52783793,4.176312
14211,14.211,0.53326976,4.1626334
14212,14.212,0.52478486,4.153102
14213,14.213,0.5231948,4.1872416
14214,14.214,0.52823883,4.189587
14215,14.215,0.5339617,4.1832232
14216,14.216,0.5329812,4.1680093
14217,14.217,0.5337862,4.1502767
14218,14.218,0.53552574,4.151015
14219,14.219,0.5162282,4.146056
14220,14.22,0.53501076,4.1686926
14221,14.221,0.5211122,4.1597157
14222,14.222,0.5260113,4.1760893
14223,14.223,0.52154946,4.1736345
14224,14.224,0.5294699,4.1673574
14225,14.225,0.53527397,4.1820874
14226,14.226,0.5258061,4.186461
14227,14.227,0.5310947,4.1710806
14228,14.228,0.52834207,4.18192
14229,14.229,0.53322834,4.1779685
14230,14.23,0.5334186,4.162516
14231,14.231,0.5379512,4.166844
14232,14.232,0.5394263,4.175286
14233,14.233,0.53472644,4.151241
14234,14.234,0.5492981,4.1732936
14235,14.235,0.54658043,4.1555467
14236,14.236,0.5500746,4.1637063
14237,14.237,0.54286736,4.160138
14238,14.238,0.549535,4.160402
14239,14.239,0.55272806,4.1967072
14240,14.24,0.5567703,4.1661925
14241,14.241,0.5516242,4.1546116
14242,14.242,0.54930705,4.159464
14243,14.243,0.54758245,4.1569967
14244,14.244,0.5506738,4.1878805
14245,14.245,0.55910915,4.1563506
14246,14.246,0.5565046,4.1583824
14247,14.247,0.54886776,4.1636343
14248,14.248,0.54722285,4.1964445
14249,14.249,0.5452553,4.2033324
14250,14.25,0.5506077,4.2088046
14251,14.251,0.54306924,4.1754203
14252,14.252,0.5382713,4.1762424
14253,14.253,0.55117315,4.2055907
14254,14.254,0.5278028,4.192968
14255,14.255,0.5375568,4.186364
14256,14.256,0.5294808,4.2090597
14257,14.257,0.53048074,4.214816
14258,14.258,0.5257503,4.2176857
14259,14.259,0.5369791,4.2130337
14260,14.26,0.5235191,4.2274947
14261,14.261,0.5236502,4.207955
14262,14.262,0.5343036,4.228276
14263,14.263,0.53585035,4.2191133
14264,14.264,0.5425989,4.2056413
14265,14.265,0.539705,4.1824865
14266,14.266,0.52094877,4.2176313
14267,14.267,0.5316367,4.2202973
14268,14.268,0.53769535,4.201592
14269,14.269,0.5357733,4.1858106
14270,14.27,0.53641194,4.1857796
14271,14.271,0.5334061,4.2108774
14272,14.272,0.5310203,4.2248163
14273,14.273,0.53489697,4.2184
14274,14.274,0.5315344,3.1399689
14275,14.275,0.53675675,3.1303306
14276,14.276,0.53613025,3.149153
14277,14.277,0.5298643,3.2331793
14278,14.278,0.52789825,4.213594
14279,14.279,0.5245204,4.2198744
14280,14.28,0.52070814,4.2140903
14281,14.281,0.523935,4.194192
14282,14.282,0.53052896,3.5100985
14283,14.283,0.5309986,4.221604
14284,14.284,0.5325349,3.535854
14285,14.285,0.5271553,3.5338905
14286,14.286,0.5246278,3.6187322
14287,14.287,0.5200099,4.2026644
14288,14.288,0.52465785,4.161976
14289,14.289,0.5196839,4.212373
14290,14.29,0.52302516,4.1867466
14291,14.291,0.5251201,4.2093425
14292,14.292,0.54080176,4.2025566
14293,14.293,0.5340259,4.1878963
14294,14.294,0.54665256,4.1724405
14295,14.295,0.53338706,4.164521
14296,14.296,0.53219426,4.1582155
14297,14.297,0.52878475,4.151363
14298,14.298,0.5446262,4.1349754
14299,14.299,0.538873,4.106004
14300,14.3,0.54286605,4.1695714
14301,14.301,0.54302245,4.1768374
14302,14.302,0.5465257,4.1672277
14303,14.303,0.5423038,4.136415
14304,14.304,0.5423836,4.14641
14305,14.305,0.5487649,4.1493382
14306,14.306,0.5420464,3.510161
14307,14.307,0.5406598,3.6096036
14308,14.308,0.53849477,4.1814775
14309,14.309,0.5358183,4.186908
14310,14.31,0.532351,4.186852
14311,14.311,0.53380704,4.187103
14312,14.312,0.5304713,4.176105
14313,14.313,0.5296253,4.147613
14314,14.314,0.5353964,4.168884
14315,14.315,0.5419107,4.167406
14316,14.316,0.53494114,4.1785364
14317,14.317,0.5334352,4.1616683
14318,14.318,0.5295064,4.144869
14319,14.319,0.5366348,4.183501
14320,14.32,0.53778785,4.1558967
14321,14.321,0.53864145,4.1835175
14322,14.322,0.5451023,4.208417
14323,14.323,0.53436744,4.2197866
14324,14.324,0.54713273,3.576304
14325,14.325,0.549404,4.195144
14326,14.326,0.55467576,4.1773744
14327,14.327,0.5489184,4.178096
14328,14.328,0.55784523,4.208447
14329,14.329,0.5441421,3.888067
14330,14.33,0.55457145,3.6981459
14331,14.331,0.5483571,3.749121
14332,14.332,0.54920954,3.9645202
14333,14.333,0.56074136,4.172492
14334,14.334,0.55313116,3.9788282
14335,14.335,0.54963315,3.873321
14336,14.336,0.5480072,3.8105938
14337,14.337,0.54272175,3.8197439
14338,14.338,0.5500352,3.8598108
14339,14.339,0.55134815,4.183196
14340,14.34,0.55003685,3.930332
14341,14.341,0.5535803,4.0163107
14342,14.342,0.55382377,4.0558124
14343,14.343,0.55299675,4.08558
14344,14.344,0.56381327,3.941874
14345,14.345,0.5531527,3.7852643
14346,14.346,0.555459,3.6573675
14347,14.347,0.5551127,3.6894376
14348,14.348,0.5626122,4.1444435
14349,14.349,0.5493481,4.1726027
14350,14.35,0.5579299,4.175045
14351,14.351,0.54865664,4.171098
14352,14.352,0.5456353,4.1797247
14353,14.353,0.55431867,4.1718187
14354,14.354,0.5483,4.160383
14355,14.355,0.5441748,4.1765375
14356,14.356,0.5526874,4.131602
14357,14.357,0.5360975,4.1586
14358,14.358,0.5417548,4.1768055
14359,14.359,0.5332055,4.0480084
14360,14.36,0.549858,4.0424075
14361,14.361,0.54710615,4.144282
14362,14.362,0.5374916,4.1752596
14363,14.363,0.55123097,3.8193307
14364,14.364,0.54594904,3.7822723
14365,14.365,0.5359364,3.8301682
14366,14.366,0.54050314,3.7014408
14367,14.367,0.54066026,3.6942487
14368,14.368,0.5448584,3.7724674
14369,14.369,0.53551966,4.19493
14370,14.37,0.54558843,4.1980543
14371,14.371,0.5340205,4.191882
14372,14.372,0.55208105,4.1896067
14373,14.373,0.55380654,3.8923728
14374,14.374,0.55828345,3.9473011
14375,14.375,0.56228006,3.8997731
14376,14.376,0.5542104,3.9525566
14377,14.377,0.5599133,3.875587
14378,14.378,0.5554117,3.8337803
14379,14.379,0.551138,3.90925
14380,14.38,0.5547233,3.845329
14381,14.381,0.5556198,3.635165
14382,14.382,0.55382925,3.5045524
14383,14.383,0.54646623,3.7020564
14384,14.384,0.54854625,3.7285223
14385,14.385,0.5469828,4.1887236
14386,14.386,0.55336565,4.205638
14387,14.387,0.5597064,4.197901
14388,14.388,0.55305636,4.2346873
14389,14.389,0.54955196,4.213428
14390,14.39,0.557785,4.1821294
14391,14.391,0.5566998,4.1861324
14392,14.392,0.5597847,4.208461
14393,14.393,0.56046224,4.1944
14394,14.394,0.56529653,4.193445
14395,14.395,0.57109714,4.2089777
14396,14.396,0.5639146,4.193536
14397,14.397,0.565978,4.1943526
14398,14.398,0.55727106,4.2060704
14399,14.399,0.5457806,4.2037215
14400,14.4,0.557518,4.19887
14401,14.401,0.5600206,4.1732035
14402,14.402,0.5481147,4.197597
14403,14.403,0.5504485,4.2014136
14404,14.404,0.56245995,4.200374
14405,14.405,0.5595272,4.1980495
14406,14.406,0.56712556,4.1664
14407,14.407,0.56680024,4.1740875
14408,14.408,0.56799644,4.1850753
14409,14.409,0.56434727,4.1548047
14410,14.41,0.5677314,4.1592383
14411,14.411,0.56724924,4.1611137
14412,14.412,0.5653853,4.1905885
14413,14.413,0.55919075,4.165431
14414,14.414,0.5687464,4.1638546
14415,14.415,0.56598574,4.198618
14416,14.416,0.55797815,4.1706767
14417,14.417,0.5600851,4.2099075
14418,14.418,0.55339473,4.1886263
14419,14.419,0.5632354,4.1603518
14420,14.42,0.5562471,4.1958127
14421,14.421,0.5546583,4.1931043
14422,14.422,0.54716486,4.1709847
14423,14.423,0.5504403,4.2140794
14424,14.424,0.55571365,4.1838536
14425,14.425,0.5594056,4.169323
14426,14.426,0.5471784,4.2216816
14427,14.427,0.5539652,4.2164392
14428,14.428,0.55010074,4.202367
14429,14.429,0.5597526,4.2138467
14430,14.43,0.5554938,4.2127814
14431,14.431,0.55387723,4.156987
14432,14.432,0.5594512,4.201765
14433,14.433,0.55349797,4.236977
14434,14.434,0.5463693,4.2140646
14435,14.435,0.5513837,4.1742964
14436,14.436,0.5626846,4.280385
14437,14.437,0.55629784,3.993153
14438,14.438,0.5591883,4.1705174
14439,14.439,0.5447702,4.187014
14440,14.44,0.54861057,4.145137
14441,14.441,0.5581744,4.126575
14442,14.442,0.5654525,4.123908
14443,14.443,0.57165307,4.228766
14444,14.444,0.5695876,4.0659504
14445,14.445,0.5658342,4.211515
14446,14.446,0.5806421,4.190115
14447,14.447,0.5717602,4.21221
14448,14.448,0.57434875,4.2387333
14449,14.449,0.5601535,3.8718438
14450,14.45,0.5560569,4.0117955
14451,14.451,0.5691439,3.9696212
14452,14.452,0.5638917,3.8703558
14453,14.453,0.5647194,3.7388341
14454,14.454,0.56202185,3.7172382
14455,14.455,0.56051314,3.7466333
14456,14.456,0.56017387,3.8058145
14457,14.457,0.5600202,3.7375124
14458,14.458,0.5774205,3.4919937
14459,14.459,0.5744543,3.5401468
14460,14.46,0.577397,3.6605175
14461,14.461,0.57283115,3.589786
14462,14.462,0.56782556,3.484587
14463,14.463,0.56688756,3.5761855
14464,14.464,0.5747561,3.465167
14465,14.465,0.5648292,3.4716442
14466,14.466,0.5771691,3.4829533
14467,14.467,0.5742888,3.417929
14468,14.468,0.56158113,3.4038022
14469,14.469,0.56576467,4.177789
14470,14.47,0.5731345,4.1918335
14471,14.471,0.57658106,4.1751986
14472,14.472,0.57490396,4.1903353
14473,14.473,0.56771106,4.1709843
14474,14.474,0.5589026,4.1776743
14475,14.475,0.5673272,4.175732
14476,14.476,0.559704,4.155674
14477,14.477,0.55632854,4.16137
14478,14.478,0.56117594,4.196444
14479,14.479,0.56319296,4.1538033
14480,14.48,0.5568785,3.4200602
14481,14.481,0.5521042,3.3593962
14482,14.482,0.5605264,3.4304035
14483,14.483,0.5579981,3.5403006
14484,14.484,0.5580647,4.1971283
14485,14.485,0.55808395,4.1924763
14486,14.486,0.56255674,3.7702394
14487,14.487,0.5720668,4.209381
14488,14.488,0.5673413,4.19572
14489,14.489,0.5620179,3.7416763
14490,14.49,0.5719526,3.8002915
14491,14.491,0.5606138,3.6895714
14492,14.492,0.56025946,3.6501424
14493,14.493,0.55032164,3.4893591
14494,14.494,0.5554136,3.654062
14495,14.495,0.545849,3.618757
14496,14.496,0.55163884,3.784297
14497,14.497,0.54446673,3.7275038
14498,14.498,0.5518108,3.793018
14499,14.499,0.5560634,3.7639475
14500,14.5,0.5607423,4.21161
14501,14.501,0.5473275,3.59407
14502,14.502,0.5527717,4.1911764
14503,14.503,0.55787504,3.5553093
14504,14.504,0.5531941,3.7686822
14505,14.505,0.552463,5.978041
14506,14.506,0.54612213,3.751502
14507,14.507,0.5441267,3.7894704
14508,14.508,0.5488682,3.7883177
14509,14.509,0.5452482,3.8678849
14510,14.51,0.53716254,3.8862758
14511,14.511,0.5474754,3.910253
14512,14.512,0.5327978,4.2026
14513,14.513,0.5328966,3.9352007
14514,14.514,0.53868115,3.8392859
14515,14.515,0.53651005,4.228336
14516,14.516,0.5456858,3.6781492
14517,14.517,0.53182054,3.789058
14518,14.518,0.545669,4.210394
14519,14.519,0.5407051,4.182903
14520,14.52,0.5518482,3.9929528
14521,14.521,0.53913677,3.944869
14522,14.522,0.5431485,3.9116888
14523,14.523,0.55274075,3.9629478
14524,14.524,0.55694133,3.9581769
14525,14.525,0.53089815,3.9230316
14526,14.526,0.5458344,3.8017597
14527,14.527,0.5417369,4.166341
14528,14.528,0.5477993,4.193927
14529,14.529,0.53585386,4.1745667
14530,14.53,0.5517862,4.017143
14531,14.531,0.5535814,4.170444
14532,14.532,0.5543429,3.964567
14533,14.533,0.5535824,3.9923208
14534,14.534,0.55847347,3.9320195
14535,14.535,0.5394252,4.184458
14536,14.536,0.5375658,4.156558
14537,14.537,0.5386971,3.8739994
14538,14.538,0.5404597,3.9179902
14539,14.539,0.5457037,3.8761544
14540,14.54,0.54041743,3.7677984
14541,14.541,0.5441756,3.774646
14542,14.542,0.54146,3.675323
14543,14.543,0.55021983,3.6464787
14544,14.544,0.53392154,3.5924947
14545,14.545,0.5391841,3.704586
14546,14.546,0.5288054,3.7671142
14547,14.547,0.5425384,3.7517068
14548,14.548,0.5314164,3.5806532
14549,14.549,0.53756475,3.3515105
14550,14.55,0.52947974,3.545574
14551,14.551,0.5432237,3.4788983
14552,14.552,0.5463003,3.4911723
14553,14.553,0.5407182,3.6044207
14554,14.554,0.54050416,3.6561356
14555,14.555,0.54335886,3.6397512
14556,14.556,0.5461316,3.6199124
14557,14.557,0.55041844,3.6410804
14558,14.558,0.5498399,3.7779546
14559,14.559,0.5486215,3.7244134
14560,14.56,0.5568002,3.6100302
14561,14.561,0.5574063,3.6811783
14562,14.562,0.55917877,3.5843854
14563,14.563,0.5563688,3.5168767
14564,14.564,0.5483886,3.5859096
14565,14.565,0.54775894,3.6388116
14566,14.566,0.54684263,3.765062
14567,14.567,0.5536922,3.6402252
14568,14.568,0.55223715,3.6817956
14569,14.569,0.53886354,3.716681
14570,14.57,0.5500463,3.6188693
14571,14.571,0.54285187,3.646904
14572,14.572,0.53958404,3.68657
14573,14.573,0.535373,3.8651345
14574,14.574,0.5516774,3.77898
14575,14.575,0.5432779,3.875511
14576,14.576,0.542611,3.8248994
14577,14.577,0.54830146,3.9173548
14578,14.578,0.556296,3.907914
14579,14.579,0.5331055,2.2155252
14580,14.58,0.52595514,2.4124215
14581,14.581,0.5290307,2.5479808
14582,14.582,0.5380945,2.5125525
14583,14.583,0.53568673,2.4287734
14584,14.584,0.5414582,2.493426
14585,14.585,0.5339612,2.4728
14586,14.586,0.5341358,2.314779
14587,14.587,0.5266503,2.4381862
14588,14.588,0.52837723,2.2965908
14589,14.589,0.53122246,2.4133942
14590,14.59,0.52418864,3.600426
14591,14.591,0.52560675,3.6195352
14592,14.592,0.5286236,2.426431
14593,14.593,0.53617704,2.3985002
14594,14.594,0.53632283,2.3681948
14595,14.595,0.5319817,2.2220988
14596,14.596,0.5423815,2.1546915
14597,14.597,0.5391607,2.1487215
14598,14.598,0.5340774,2.169178
14599,14.599,0.5410636,2.1968558
14600,14.6,0.5358495,2.0727777
14601,14.601,0.5395686,1.9776223
14602,14.602,0.5273173,1.9366527
14603,14.603,0.52923316,1.898404
14604,14.604,0.5353369,2.0423691
14605,14.605,0.54389983,2.1969118
14606,14.606,0.53861165,2.1498613
14607,14.607,0.5428114,2.119901
14608,14.608,0.52036977,2.0455317
14609,14.609,0.52216417,2.0940673
14610,14.61,0.51543367,2.2054288
14611,14.611,0.52282727,2.1873248
14612,14.612,0.52005655,2.189919
14613,14.613,0.52060246,2.1259217
14614,14.614,0.52485347,2.0453162
14615,14.615,0.52901584,2.1050904
14616,14.616,0.5305763,2.0486495
14617,14.617,0.52989364,2.17741
14618,14.618,0.5364423,2.0803933
14619,14.619,0.53483933,2.09959
14620,14.62,0.52424073,2.1126816
14621,14.621,0.5365335,2.0779874
14622,14.622,0.5334301,2.047598
14623,14.623,0.5202154,1.9499872
14624,14.624,0.5189727,1.8549005
14625,14.625,0.522091,1.9840583
14626,14.626,0.5211541,2.0220644
14627,14.627,0.5355994,1.8582293
14628,14.628,0.52438325,5.858075
14629,14.629,0.5247744,1.8809127
14630,14.63,0.51965976,5.839997
14631,14.631,0.5091442,1.8533287
14632,14.632,0.52675897,1.7066973
14633,14.633,0.5233106,1.8691766
14634,14.634,0.53306514,1.7237936
14635,14.635,0.538324,1.5792558
14636,14.636,0.52947354,1.7612293
14637,14.637,0.5287073,1.7333858
14638,14.638,0.5335729,1.4399849
14639,14.639,0.5300323,1.4046687
14640,14.64,0.53150487,1.4558052
14641,14.641,0.5283641,1.4912549
14642,14.642,0.531662,1.4894642
14643,14.643,0.5430841,5.472673
14644,14.644,0.53772885,5.41755
14645,14.645,0.5260409,5.309688
14646,14.646,0.5156806,5.3703127
14647,14.647,0.5293969,5.39001
14648,14.648,0.52291,5.275838
14649,14.649,0.52568376,5.079647
14650,14.65,0.51921815,5.111382
14651,14.651,0.5156441,5.026079
14652,14.652,0.5260768,4.9450526
14653,14.653,0.5084005,5.012764
14654,14.654,0.5178135,4.962903
14655,14.655,0.5189485,5.0631037
14656,14.656,0.5149978,5.092896
14657,14.657,0.5032916,5.015733
14658,14.658,0.51101154,4.9736166
14659,14.659,0.50261086,5.1452656
14660,14.66,0.5093321,4.2071533
14661,14.661,0.5300035,4.206509
14662,14.662,0.52640927,5.1028957
14663,14.663,0.5268127,1.1578174
14664,14.664,0.521284,4.2241945
14665,14.665,0.5320492,1.1755322
14666,14.666,0.52814925,1.1375227
14667,14.667,0.53744394,6.6053815
14668,14.668,0.5282285,6.6086235
14669,14.669,0.52696013,6.578508
14670,14.67,0.52068514,6.4692316
14671,14.671,0.51950437,6.473673
14672,14.672,0.5314305,6.4635253
14673,14.673,0.52989846,6.4445577
14674,14.674,0.52327585,6.3415937
14675,14.675,0.5287293,6.2385306
14676,14.676,0.52628326,6.273682
14677,14.677,0.52065027,6.170671
14678,14.678,0.5217362,6.1445236
14679,14.679,0.52164537,6.045096
14680,14.68,0.52281255,6.1082463
14681,14.681,0.5241026,4.6568933
14682,14.682,0.52401406,6.113762
14683,14.683,0.52883977,6.0638742
14684,14.684,0.5273201,4.521557
14685,14.685,0.52828276,6.131906
14686,14.686,0.51711667,4.1604133
14687,14.687,0.52862316,6.206339
14688,14.688,0.5238444,6.213561
14689,14.689,0.51749533,6.124416
14690,14.69,0.52242565,4.4980354
14691,14.691,0.5157034,6.0264044
14692,14.692,0.52401197,6.060089
14693,14.693,0.52287084,6.0145655
14694,14.694,0.5015743,5.8609157
14695,14.695,0.51497364,6.039352
14696,14.696,0.516564,6.0486712
14697,14.697,0.52109224,6.0694613
14698,14.698,0.5172367,6.0845704
14699,14.699,0.5069809,6.1604815
14700,14.7,0.51450586,6.1538625
14701,14.701,0.5059252,6.1943316
14702,14.702,0.5027364,6.242043
14703,14.703,0.50419295,6.223971
14704,14.704,0.50626206,6.248044
14705,14.705,0.51799864,6.2159376
14706,14.706,0.5205753,6.270952
14707,14.707,0.5195853,6.231812
14708,14.708,0.5172724,6.1866746
14709,14.709,0.51812404,6.1240807
14710,14.71,0.5224018,6.1637516
14711,14.711,0.52087796,6.1253834
14712,14.712,0.5345331,4.217388
14713,14.713,0.53042203,4.2429543
14714,14.714,0.5307499,4.2173653
14715,14.715,0.5395873,4.2386937
14716,14.716,0.54452854,4.208414
14717,14.717,0.54156524,4.2175
14718,14.718,0.54339755,4.1929364
14719,14.719,0.5373479,4.1834793
14720,14.72,0.5368821,4.178958
14721,14.721,0.53681594,1.0369668
14722,14.722,0.52864933,0.886123
14723,14.723,0.53987455,0.88338524
14724,14.724,0.5294593,4.189662
14725,14.725,0.5341446,4.172728
14726,14.726,0.5403666,4.193387
14727,14.727,0.5485681,4.1614623
14728,14.728,0.5541963,4.1863317
14729,14.729,0.5653155,4.1851883
14730,14.73,0.55969787,4.203222
14731,14.731,0.55665135,4.196992
14732,14.732,0.5696957,4.2326303
14733,14.733,0.5636608,4.2198844
14734,14.734,0.5556592,4.2597203
14735,14.735,0.5550652,5.817689
14736,14.736,0.5497107,4.229783
14737,14.737,0.5469163,5.510464
14738,14.738,0.5427714,5.5388365
14739,14.739,0.5466104,4.212439
14740,14.74,0.54367524,4.2090845
14741,14.741,0.5529466,4.1960554
14742,14.742,0.555746,4.1843023
14743,14.743,0.5459937,4.2274103
14744,14.744,0.53996474,4.237031
14745,14.745,0.53676826,4.2008004
14746,14.746,0.5419255,5.5509133
14747,14.747,0.5387281,0.675023
14748,14.748,0.5380458,4.1854124
14749,14.749,0.53829366,0.6305078
14750,14.75,0.54119647,4.212104
14751,14.751,0.55052096,0.91346586
14752,14.752,0.54590863,1.121404
14753,14.753,0.5546451,1.1473485
14754,14.754,0.54928035,1.0596564
14755,14.755,0.5473262,0.9807379
14756,14.756,0.5497821,0.88592136
14757,14.757,0.5450769,1.0861276
14758,14.758,0.54050195,1.2535253
14759,14.759,0.54560053,1.0822659
14760,14.76,0.55139536,1.1519924
14761,14.761,0.5412004,1.0822529
14762,14.762,0.5348112,1.081984
14763,14.763,0.54494715,1.2110537
14764,14.764,0.54918474,1.2646543
14765,14.765,0.544103,3.7251298
14766,14.766,0.54089606,3.894339
14767,14.767,0.5361107,3.15682
14768,14.768,0.53032255,3.9938414
14769,14.769,0.5295486,4.1613984
14770,14.77,0.548504,4.073538
14771,14.771,0.5334907,4.1085215
14772,14.772,0.5395853,4.028518
14773,14.773,0.5434867,3.9845219
14774,14.774,0.53261644,3.8454332
14775,14.775,0.5330325,3.8975198
14776,14.776,0.535036,1.539572
14777,14.777,0.53839695,4.171739
14778,14.778,0.5430873,4.1870303
14779,14.779,0.5340617,4.1565657
14780,14.78,0.5402821,1.488494
14781,14.781,0.5512553,1.452061
14782,14.782,0.55430055,1.5928605
14783,14.783,0.5472107,1.6235238
14784,14.784,0.55032724,4.2452207
14785,14.785,0.5474561,1.4948955
14786,14.786,0.54822844,4.253428
14787,14.787,0.53259665,4.2248335
14788,14.788,0.54151136,4.3070245
14789,14.789,0.5427134,4.3662558
14790,14.79,0.55776113,4.240782
14791,14.791,0.5499738,4.101525
14792,14.792,0.5485113,4.2700257
14793,14.793,0.5545599,4.2263947
14794,14.794,0.54379815,4.1544003
14795,14.795,0.53787243,4.285184
14796,14.796,0.53489834,4.270491
14797,14.797,0.54768044,4.1713314
14798,14.798,0.5432999,4.2322817
14799,14.799,0.54012996,4.189266
14800,14.8,0.54856926,4.0711923
14801,14.801,0.55095637,3.9347546
14802,14.802,0.5483842,3.9411175
14803,14.803,0.5434763,3.9511395
14804,14.804,0.5581526,4.037368
14805,14.805,0.54987204,4.1388254
14806,14.806,0.5587545,4.151509
14807,14.807,0.54645985,4.2018886
14808,14.808,0.54152507,4.244879
14809,14.809,0.5577815,4.304233
14810,14.81,0.55453473,4.435159
14811,14.811,0.5567746,4.4567056
14812,14.812,0.57271725,4.3799767
14813,14.813,0.5599315,4.382814
14814,14.814,0.57239366,4.4559917
14815,14.815,0.5679689,4.4873953
14816,14.816,0.56854784,4.48628
14817,14.817,0.5546653,4.4580064
14818,14.818,0.55939883,4.402415
14819,14.819,0.5515175,4.636574
14820,14.82,0.5527281,4.6111264
14821,14.821,0.5668155,4.6711063
14822,14.822,0.5546813,4.5782757
14823,14.823,0.55960804,4.4686747
14824,14.824,0.558994,4.372191
14825,14.825,0.55864316,4.2379045
14826,14.826,0.5544384,4.3774614
14827,14.827,0.5674318,4.391705
14828,14.828,0.5535243,4.334529
14829,14.829,0.55889404,4.3132277
14830,14.83,0.56352895,4.340911
14831,14.831,0.5597118,4.343362
14832,14.832,0.55616415,4.4780674
14833,14.833,0.54923385,4.4446383
14834,14.834,0.5586916,4.4629655
14835,14.835,0.5486723,4.431671
14836,14.836,0.5496025,4.3902564
14837,14.837,0.5440615,4.441725
14838,14.838,0.5438647,4.377665
14839,14.839,0.54890364,4.406079
14840,14.84,0.5366374,4.3006783
14841,14.841,0.53625566,4.324724
14842,14.842,0.53618574,4.392
14843,14.843,0.5497773,4.405454
14844,14.844,0.54140574,4.566657
14845,14.845,0.55460227,4.6099024
14846,14.846,0.55002403,4.614985
14847,14.847,0.5551939,4.507178
14848,14.848,0.5612681,4.476117
14849,14.849,0.56253743,4.6145077
14850,14.85,0.5538249,4.7430954
14851,14.851,0.5635956,4.7518015
14852,14.852,0.55031204,4.833441
14853,14.853,0.5503133,4.8130336
14854,14.854,0.5587953,4.7743754
14855,14.855,0.54583365,4.8002872
14856,14.856,0.5425078,4.6290603
14857,14.857,0.54619956,4.725854
14858,14.858,0.5477295,4.9100103
14859,14.859,0.5441781,4.746703
14860,14.86,0.5511901,4.642914
14861,14.861,0.5484889,4.529784
14862,14.862,0.5442188,4.406019
14863,14.863,0.5610827,4.448156
14864,14.864,0.5579108,4.4312487
14865,14.865,0.5523904,4.367596
14866,14.866,0.55897045,4.317894
14867,14.867,0.5610423,4.405806
14868,14.868,0.5560156,4.2930593
14869,14.869,0.5562679,4.202336
14870,14.87,0.55088276,4.3392515
14871,14.871,0.5611901,4.3305454
14872,14.872,0.55699027,4.2444105
14873,14.873,0.5622255,4.41508
14874,14.874,0.55264276,4.361676
14875,14.875,0.55393827,4.4390497
14876,14.876,0.55965996,4.304872
14877,14.877,0.5664419,4.469049
14878,14.878,0.5604407,4.45445
14879,14.879,0.55626005,4.46496
14880,14.88,0.5731826,4.543608
14881,14.881,0.57212657,4.4308333
14882,14.882,0.5748017,4.518276
14883,14.883,0.58206224,4.502406
14884,14.884,0.56504184,4.5189652
14885,14.885,0.5679481,4.587473
14886,14.886,0.553193,4.567518
14887,14.887,0.56562084,4.4919314
14888,14.888,0.5595829,4.5252156
14889,14.889,0.5675332,7.3515034
14890,14.89,0.55543184,7.3783197
14891,14.891,0.56277966,7.3228526
14892,14.892,0.55544645,7.273883
14893,14.893,0.5488231,4.6310167
14894,14.894,0.55432475,7.3157086
14895,14.895,0.548836,7.367816
14896,14.896,0.5607228,4.6126537
14897,14.897,0.56226736,7.3718963
14898,14.898,0.5522424,7.3164864
14899,14.899,0.5511634,7.2704024
14900,14.9,0.5538344,7.2996707
14901,14.901,0.5568822,7.294257
14902,14.902,0.5592886,4.463167
14903,14.903,0.5555498,4.356471
14904,14.904,0.55559665,4.3615327
14905,14.905,0.57381773,4.477899
14906,14.906,0.56816906,4.4306474
14907,14.907,0.5631313,4.403282
14908,14.908,0.57080495,4.5492706
14909,14.909,0.56398225,4.625081
14910,14.91,0.56151366,4.6627636
14911,14.911,0.5697075,4.620945
14912,14.912,0.55675256,4.7727685
14913,14.913,0.560629,4.809984
14914,14.914,0.5695825,4.6780114
14915,14.915,0.57884455,4.6681485
14916,14.916,0.5692044,4.679261
14917,14.917,0.56890804,4.692382
14918,14.918,0.5667753,4.816661
14919,14.919,0.55589545,4.9997044
14920,14.92,0.56106615,4.997291
14921,14.921,0.5662348,4.854509
14922,14.922,0.5717474,4.614265
14923,14.923,0.5643017,4.6412587
14924,14.924,0.56153077,4.623139
14925,14.925,0.5575989,4.466519
14926,14.926,0.5547219,4.4514956
14927,14.927,0.5537143,4.4282637
14928,14.928,0.5654439,4.3123755
14929,14.929,0.56191003,4.5417976
14930,14.93,0.5552311,4.3648868
14931,14.931,0.55144703,4.3621655
14932,14.932,0.55319005,4.3984995
14933,14.933,0.56217945,4.34455
14934,14.934,0.56194,4.418679
14935,14.935,0.5578624,4.6165643
14936,14.936,0.56387067,4.635114
14937,14.937,0.5509594,4.5621634
14938,14.938,0.55553037,4.5411196
14939,14.939,0.5574862,4.379727
14940,14.94,0.56043464,4.54214
14941,14.941,0.5626244,4.550572
14942,14.942,0.56820726,4.682258
14943,14.943,0.5655291,4.687741
14944,14.944,0.56618935,4.7112365
14945,14.945,0.5692176,4.5428076
14946,14.946,0.555972,4.4455905
14947,14.947,0.56378967,4.541831
14948,14.948,0.5552179,4.370238
14949,14.949,0.55658257,6.9221716
14950,14.95,0.5605125,4.147703
14951,14.951,0.566949,4.049295
14952,14.952,0.57140934,6.747295
14953,14.953,0.5600284,6.767203
14954,14.954,0.5617877,6.801875
14955,14.955,0.56383604,4.0836225
14956,14.956,0.5506365,6.744251
14957,14.957,0.5513512,6.746726
14958,14.958,0.55315596,6.7675676
14959,14.959,0.55174935,6.7485247
14960,14.96,0.5415728,6.740056
14961,14.961,0.5457439,4.07446
14962,14.962,0.55008304,3.9840112
14963,14.963,0.55535465,6.807091
14964,14.964,0.55346507,3.9355402
14965,14.965,0.5450119,3.9426665
14966,14.966,0.5522894,3.875087
14967,14.967,0.54905283,3.935334
14968,14.968,0.55616903,4.0254407
14969,14.969,0.5486461,3.9729338
14970,14.97,0.55290955,3.9520204
14971,14.971,0.55872893,4.042222
14972,14.972,0.5577325,3.9242952
14973,14.973,0.5415423,3.9370942
14974,14.974,0.54272157,4.05267
14975,14.975,0.5425767,3.9758234
14976,14.976,0.5503071,4.0136166
14977,14.977,0.5603106,3.856188
14978,14.978,0.5456083,3.9803479
14979,14.979,0.54499936,3.9550183
14980,14.98,0.5603858,4.087603
14981,14.981,0.55988824,6.875324
14982,14.982,0.5485008,4.099772
14983,14.983,0.55786604,4.1162143
14984,14.984,0.5590654,4.2152133
14985,14.985,0.5489164,4.216915
14986,14.986,0.5544888,4.246346
14987,14.987,0.5602038,4.257546
14988,14.988,0.5611353,4.221239
14989,14.989,0.57028806,4.230112
14990,14.99,0.55942816,4.2076917
14991,14.991,0.5636188,4.167856
14992,14.992,0.5513193,4.221624
14993,14.993,0.54995793,4.182153
14994,14.994,0.54771256,4.203739
14995,14.995,0.5575837,4.2012105
14996,14.996,0.5588927,4.2413745
14997,14.997,0.5548976,4.254944
14998,14.998,0.5544557,4.204069
14999,14.999,0.5534942,4.1553993
15000,15.0,0.5446958,4.186599
15001,15.001,0.5424917,4.174888
15002,15.002,0.548061,4.186078
15003,15.003,0.5538162,4.150867
15004,15.004,0.5437583,4.177637
15005,15.005,0.5486158,4.162365
15006,15.006,0.54264396,4.1989846
15007,15.007,0.5494724,4.1922874
15008,15.008,0.53518766,4.1842175
15009,15.009,0.5454283,4.184757
15010,15.01,0.55232507,4.161126
15011,15.011,0.5570399,4.160082
15012,15.012,0.55055505,4.207108
15013,15.013,0.5553475,4.1611886
15014,15.014,0.54835856,4.210926
15015,15.015,0.56382793,4.0179534
15016,15.016,0.5497321,4.1798763
15017,15.017,0.5579799,7.1651907
15018,15.018,0.56178695,7.1270046
15019,15.019,0.56252223,4.0885377
15020,15.02,0.56958467,7.0381603
15021,15.021,0.565882,6.9148993
15022,15.022,0.55429834,6.9790397
15023,15.023,0.5581731,3.8713784
15024,15.024,0.5639954,7.0910115
15025,15.025,0.5662393,4.011196
15026,15.026,0.5466967,3.8795493
15027,15.027,0.55291665,3.832435
15028,15.028,0.55053264,3.9087465
15029,15.029,0.5561343,3.9087296
15030,15.03,0.5532538,3.925267
15031,15.031,0.54553044,3.9718406
15032,15.032,0.55204237,3.8651054
15033,15.033,0.5408438,6.918478
15034,15.034,0.55059355,3.8203435
15035,15.035,0.54621965,3.6209686
15036,15.036,0.5498149,4.18562
15037,15.037,0.5452064,4.2273884
15038,15.038,0.54145426,4.1879225
15039,15.039,0.5556291,3.8058748
15040,15.04,0.54972523,6.913323
15041,15.041,0.5492691,6.867502
15042,15.042,0.5506432,6.953352
15043,15.043,0.55665666,3.7134523
15044,15.044,0.54320323,6.924938
15045,15.045,0.5395519,6.8533335
15046,15.046,0.53522646,6.8239083
15047,15.047,0.54081476,3.702122
15048,15.048,0.5399849,3.7413719
15049,15.049,0.54062027,3.7695634
15050,15.05,0.5370243,6.8714795
15051,15.051,0.5384451,6.922455
15052,15.052,0.5415001,3.8738296
15053,15.053,0.53519136,4.1923018
15054,15.054,0.5379129,4.2090116
15055,15.055,0.53809094,4.2142105
15056,15.056,0.52610224,4.2169228
15057,15.057,0.5389707,4.1975894
15058,15.058,0.52235633,4.2427235
15059,15.059,0.5266051,4.243701
15060,15.06,0.52853155,4.2184315
15061,15.061,0.53663653,4.238594
15062,15.062,0.5507125,4.2267528
15063,15.063,0.54913235,4.218441
15064,15.064,0.5517615,4.2430305
15065,15.065,0.55520266,4.245609
15066,15.066,0.55232996,7.1249194
15067,15.067,0.54847616,7.1682916
15068,15.068,0.5574328,7.207464
15069,15.069,0.55810446,7.2146406
15070,15.07,0.55969244,4.2379036
15071,15.071,0.56458354,4.224439
15072,15.072,0.5732931,4.1923504
15073,15.073,0.55809474,4.2017965
15074,15.074,0.5531501,4.199154
15075,15.075,0.5626358,4.2109857
15076,15.076,0.5667891,4.375686
15077,15.077,0.56276274,4.4745035
15078,15.078,0.55979353,4.501437
15079,15.079,0.57178986,4.439592
15080,15.08,0.5721618,4.5459156
15081,15.081,0.56900656,4.1846805
15082,15.082,0.5642879,4.180794
15083,15.083,0.5555252,4.1813006
15084,15.084,0.5568623,4.176574
15085,15.085,0.5442933,4.1836915
15086,15.086,0.55684006,4.190892
15087,15.087,0.556738,4.1757045
15088,15.088,0.5507988,4.1227283
15089,15.089,0.5513845,4.167012
15090,15.09,0.55243605,4.1765
15091,15.091,0.54830325,4.17414
15092,15.092,0.5353949,4.1600685
15093,15.093,0.54717714,4.1670074
15094,15.094,0.5509841,4.170183
15095,15.095,0.545537,4.19851
15096,15.096,0.5464337,4.1742554
15097,15.097,0.5410207,4.1936812
15098,15.098,0.542222,4.2043138
15099,15.099,0.5439712,4.205096
15100,15.1,0.5397975,4.2195315
15101,15.101,0.5383763,4.2099004
15102,15.102,0.54535973,4.198346
15103,15.103,0.5325756,4.2041397
15104,15.104,0.5352472,4.1858335
15105,15.105,0.52382755,4.159871
15106,15.106,0.5365641,4.181411
15107,15.107,0.5322108,4.1869493
15108,15.108,0.53594536,4.1960354
15109,15.109,0.52814,4.041446
15110,15.11,0.52579486,3.951828
15111,15.111,0.541154,4.1012993
15112,15.112,0.5377199,4.155761
15113,15.113,0.536561,4.3260756
15114,15.114,0.5528543,4.1880426
15115,15.115,0.5400477,4.0461216
15116,15.116,0.536524,4.137502
15117,15.117,0.5425973,4.0292797
15118,15.118,0.5474351,4.046092
15119,15.119,0.54162145,4.0604477
15120,15.12,0.53244394,4.1914597
15121,15.121,0.5371009,4.297495
15122,15.122,0.55101043,4.421509
15123,15.123,0.5439687,4.1360087
15124,15.124,0.54422677,4.506603
15125,15.125,0.5530391,4.145429
15126,15.126,0.5481886,4.178535
15127,15.127,0.55288595,4.5143356
15128,15.128,0.55063903,4.6273155
15129,15.129,0.5530495,4.689601
15130,15.13,0.5618371,4.78141
15131,15.131,0.558238,4.7344975
15132,15.132,0.566705,4.5944223
15133,15.133,0.55797845,4.1575303
15134,15.134,0.55847186,4.7447186
15135,15.135,0.5481001,4.1844473
15136,15.136,0.55538607,4.178411
15137,15.137,0.56082916,4.1647444
15138,15.138,0.5546931,4.728222
15139,15.139,0.5545572,4.1601825
15140,15.14,0.54818493,4.1641936
15141,15.141,0.55393595,4.168816
15142,15.142,0.5604443,4.1811767
15143,15.143,0.5500619,4.1506567
15144,15.144,0.55387676,4.1516366
15145,15.145,0.55235714,4.174955
15146,15.146,0.5588687,4.145115
15147,15.147,0.5493715,4.1477647
15148,15.148,0.5584991,4.1672177
15149,15.149,0.5350443,4.2068887
15150,15.15,0.5362741,4.172264
15151,15.151,0.56508464,4.161159
15152,15.152,0.54642886,4.1570044
15153,15.153,0.5474715,4.1472015
15154,15.154,0.55311644,4.1470356
15155,15.155,0.54346937,4.146903
15156,15.156,0.5475172,4.164754
15157,15.157,0.55228204,4.1655235
15158,15.158,0.5439365,4.176573
15159,15.159,0.5423371,4.166779
15160,15.16,0.53817886,4.1785917
15161,15.161,0.5511386,4.145213
15162,15.162,0.53512853,4.1707845
15163,15.163,0.5372643,4.168432
15164,15.164,0.53652364,4.1938667
15165,15.165,0.53533655,4.165206
15166,15.166,0.5398751,4.185696
15167,15.167,0.5422377,4.1736183
15168,15.168,0.5379098,4.1835628
15169,15.169,0.5387113,4.15
15170,15.17,0.53683925,4.193792
15171,15.171,0.54087466,4.16394
15172,15.172,0.5423504,4.177795
15173,15.173,0.5356223,4.191323
15174,15.174,0.5281811,4.186919
15175,15.175,0.54401267,4.1572843
15176,15.176,0.54430854,4.159581
15177,15.177,0.5505,4.1765037
15178,15.178,0.5523364,4.1728425
15179,15.179,0.53479236,4.2089434
15180,15.18,0.5434298,4.1773453
15181,15.181,0.5381601,4.186278
15182,15.182,0.54515535,4.217411
15183,15.183,0.53719187,4.179164
15184,15.184,0.53367096,4.1833014
15185,15.185,0.54181683,4.1921926
15186,15.186,0.5354471,4.198304
15187,15.187,0.5574536,4.1623726
15188,15.188,0.54875803,4.151205
15189,15.189,0.5586863,4.201449
15190,15.19,0.54482013,4.1761236
15191,15.191,0.5635544,4.1756225
15192,15.192,0.55167186,4.1928573
15193,15.193,0.5549071,4.1988854
15194,15.194,0.5423827,4.2147927
15195,15.195,0.5337171,4.1797385
15196,15.196,0.54235184,4.1766744
15197,15.197,0.5427065,4.17894
15198,15.198,0.5439354,4.193839
15199,15.199,0.53940505,4.1876616
15200,15.2,0.5441961,4.1519723
15201,15.201,0.5356312,4.1632843
15202,15.202,0.5472658,4.1638145
15203,15.203,0.5517897,4.158305
15204,15.204,0.53657085,4.1654263
15205,15.205,0.53116083,4.1962986
15206,15.206,0.5398891,4.1735473
15207,15.207,0.5450722,4.2124085
15208,15.208,0.55021936,4.211254
15209,15.209,0.54644287,4.200311
15210,15.21,0.54769075,4.2191486
15211,15.211,0.5461751,4.221614
15212,15.212,0.5492039,4.1963816
15213,15.213,0.5448968,4.1932673
15214,15.214,0.53884983,4.1850805
15215,15.215,0.54808956,4.178936
15216,15.216,0.54304945,4.1938157
15217,15.217,0.536672,4.228071
15218,15.218,0.5388298,4.201806
15219,15.219,0.55350864,4.1949496
15220,15.22,0.5621193,4.188762
15221,15.221,0.55957204,4.2287393
15222,15.222,0.5648107,4.2010465
15223,15.223,0.5685631,4.183316
15224,15.224,0.5542478,4.196084
15225,15.225,0.55202234,4.1873994
15226,15.226,0.5604811,4.1541905
15227,15.227,0.5543641,4.179445
15228,15.228,0.5700861,4.2190804
15229,15.229,0.5566919,4.1712103
15230,15.23,0.5584323,4.1698546
15231,15.231,0.5643645,4.1951137
15232,15.232,0.5603553,4.22882
15233,15.233,0.564942,4.2166243
15234,15.234,0.5669114,4.189937
15235,15.235,0.56203496,4.1899166
15236,15.236,0.5668119,4.2155037
15237,15.237,0.55015033,4.206595
15238,15.238,0.5533879,4.210038
15239,15.239,0.55558956,4.18267
15240,15.24,0.56213593,4.181351
15241,15.241,0.56951606,4.1819944
15242,15.242,0.5640083,4.1766925
15243,15.243,0.5606021,4.1623354
15244,15.244,0.5579742,4.176179
15245,15.245,0.56954277,4.200504
15246,15.246,0.5613955,4.1946125
15247,15.247,0.5599095,4.226999
15248,15.248,0.5525705,4.175227
15249,15.249,0.5671213,4.178027
15250,15.25,0.56183976,4.207902
15251,15.251,0.56661415,4.1942787
15252,15.252,0.561657,4.205018
15253,15.253,0.542049,4.151821
15254,15.254,0.54964083,4.175624
15255,15.255,0.54824376,4.167896
15256,15.256,0.5535479,4.165794
15257,15.257,0.55274093,4.1954355
15258,15.258,0.5529686,4.159677
15259,15.259,0.5452281,4.20114
15260,15.26,0.54934925,4.217602
15261,15.261,0.5543804,4.210558
15262,15.262,0.54640007,4.198108
15263,15.263,0.54215324,4.18886
15264,15.264,0.55513024,4.207641
15265,15.265,0.54784817,4.202499
15266,15.266,0.5500367,4.213551
15267,15.267,0.5558597,4.2351046
15268,15.268,0.5509625,4.1837893
15269,15.269,0.5575351,4.2034397
15270,15.27,0.54619455,4.206155
15271,15.271,0.54834026,6.9016395
15272,15.272,0.555101,6.875147
15273,15.273,0.56183714,3.8078315
15274,15.274,0.5522007,4.202942
15275,15.275,0.56347466,4.192878
15276,15.276,0.5615861,4.1972904
15277,15.277,0.5623594,4.1856084
15278,15.278,0.56616014,4.1660852
15279,15.279,0.553019,4.171518
15280,15.28,0.5457169,4.205839
15281,15.281,0.54984236,4.2019577
15282,15.282,0.5473397,4.2239466
15283,15.283,0.5475234,4.2024493
15284,15.284,0.53493243,4.1930203
15285,15.285,0.5302049,4.196544
15286,15.286,0.5351974,4.2177825
15287,15.287,0.55282164,4.219026
15288,15.288,0.5537411,4.202773
15289,15.289,0.5616745,4.226416
15290,15.29,0.5621141,3.6079185
15291,15.291,0.56140184,3.5615427
15292,15.292,0.555811,3.5472815
15293,15.293,0.5642132,4.2154956
15294,15.294,0.57396775,4.202769
15295,15.295,0.5441996,3.4042363
15296,15.296,0.55748105,3.3188298
15297,15.297,0.55649036,3.1619666
15298,15.298,0.55962634,3.1287668
15299,15.299,0.5522033,3.1304214
15300,15.3,0.5626937,4.219018
15301,15.301,0.55850494,4.2014966
15302,15.302,0.55668247,4.1981287
15303,15.303,0.55439574,4.176632
15304,15.304,0.5491263,4.2047343
15305,15.305,0.53913444,4.1858654
15306,15.306,0.54607946,6.681913
15307,15.307,0.5440952,4.2178025
15308,15.308,0.55109966,4.22615
15309,15.309,0.5305992,4.2181716
15310,15.31,0.5475931,4.205075
15311,15.311,0.5543063,4.214393
15312,15.312,0.5480315,4.1901417
15313,15.313,0.54608375,4.1926475
15314,15.314,0.5584641,4.1797233
15315,15.315,0.54005396,4.200699
15316,15.316,0.52943724,4.21726
15317,15.317,0.5420746,4.178857
15318,15.318,0.5485102,6.48497
15319,15.319,0.55327445,4.1968217
15320,15.32,0.5449802,4.192216
15321,15.321,0.5376119,6.3465614
15322,15.322,0.54892147,6.2610903
15323,15.323,0.52925,4.1825438
15324,15.324,0.5307108,6.084892
15325,15.325,0.5340804,4.195986
15326,15.326,0.54000837,4.168071
15327,15.327,0.5346622,4.1772513
15328,15.328,0.547716,4.1881986
15329,15.329,0.5446327,4.181015
15330,15.33,0.54807836,4.159518
15331,15.331,0.5471398,4.1515
15332,15.332,0.54330313,4.1514335
15333,15.333,0.53744197,4.143696
15334,15.334,0.5401621,6.1178885
15335,15.335,0.5455493,6.1198006
15336,15.336,0.54559815,6.10917
15337,15.337,0.5422026,4.171065
15338,15.338,0.53707665,4.2027497
15339,15.339,0.5379487,4.1696525
15340,15.34,0.5326596,4.161566
15341,15.341,0.53079194,4.175586
15342,15.342,0.5386263,4.1665673
15343,15.343,0.54452735,4.1850166
15344,15.344,0.53747934,4.181204
15345,15.345,0.54212695,4.178717
15346,15.346,0.54107124,4.1650543
15347,15.347,0.54267246,4.183708
15348,15.348,0.54641825,4.2008343
15349,15.349,0.55420226,4.1813083
15350,15.35,0.5595881,4.2128644
15351,15.351,0.5518355,4.199179
15352,15.352,0.5569633,4.201208
15353,15.353,0.5540533,4.219441
15354,15.354,0.57537985,4.1824493
15355,15.355,0.565673,4.202094
15356,15.356,0.5592916,4.1890965
15357,15.357,0.5645439,4.212224
15358,15.358,0.5694699,4.194447
15359,15.359,0.5570386,4.2089467
15360,15.36,0.5706663,4.194372
15361,15.361,0.5688089,4.180847
15362,15.362,0.5582587,4.2250633
15363,15.363,0.5565481,4.1680584
15364,15.364,0.5598654,4.1622305
15365,15.365,0.56398183,4.1999373
15366,15.366,0.5614084,4.155882
15367,15.367,0.5576049,4.212061
15368,15.368,0.5698737,4.1525693
15369,15.369,0.5528334,4.180204
15370,15.37,0.5530407,4.1885858
15371,15.371,0.56057346,4.2010484
15372,15.372,0.56343675,4.1734076
15373,15.373,0.54884565,4.2046885
15374,15.374,0.5532072,4.1976986
15375,15.375,0.5602641,4.217805
15376,15.376,0.5596521,4.178823
15377,15.377,0.55419326,4.1922026
15378,15.378,0.56860805,4.194694
15379,15.379,0.5653641,4.189416
15380,15.38,0.57009524,4.189453
15381,15.381,0.5693539,4.2204547
15382,15.382,0.5743082,4.201731
15383,15.383,0.5563854,4.21593
15384,15.384,0.5573616,4.185643
15385,15.385,0.5565096,4.2121816
15386,15.386,0.56195086,4.196978
15387,15.387,0.5708224,4.161898
15388,15.388,0.56487924,4.194361
15389,15.389,0.5619844,4.1737804
15390,15.39,0.56067127,4.16712
15391,15.391,0.57041526,4.145574
15392,15.392,0.5792529,4.169946
15393,15.393,0.57151544,4.167618
15394,15.394,0.5695297,4.1780925
15395,15.395,0.57102585,4.195207
15396,15.396,0.5785579,4.17327
15397,15.397,0.56549555,4.1594443
15398,15.398,0.5651653,4.1980577
15399,15.399,0.5683547,4.1708
15400,15.4,0.5654129,4.1834455
15401,15.401,0.56121105,4.1875315
15402,15.402,0.57615006,4.1860313
15403,15.403,0.57213306,4.2166195
15404,15.404,0.56012815,4.1975794
15405,15.405,0.5579554,4.1881156
15406,15.406,0.5558657,4.181297
15407,15.407,0.5608743,4.1793814
15408,15.408,0.5632293,4.1878653
15409,15.409,0.5565892,4.1957064
15410,15.41,0.5659961,4.2081017
15411,15.411,0.5652675,4.198797
15412,15.412,0.54990685,4.224234
15413,15.413,0.5548559,4.2134395
15414,15.414,0.56659687,4.182214
15415,15.415,0.5708988,4.1695557
15416,15.416,0.5656677,4.178414
15417,15.417,0.56491804,4.1970267
15418,15.418,0.56797206,4.166054
15419,15.419,0.56883675,4.1713247
15420,15.42,0.57714033,4.179615
15421,15.421,0.5721719,4.1748734
15422,15.422,0.57672596,4.2093434
15423,15.423,0.5874254,4.173604
15424,15.424,0.5843747,4.1826153
15425,15.425,0.5738652,4.1612024
15426,15.426,0.5780931,4.199545
15427,15.427,0.57058305,4.169243
15428,15.428,0.58344173,4.166172
15429,15.429,0.587005,4.1775255
15430,15.43,0.59723103,4.1482677
15431,15.431,0.59933,4.175617
15432,15.432,0.59237295,4.1455646
15433,15.433,0.58934736,4.170783
15434,15.434,0.574873,4.1631255
15435,15.435,0.5839218,4.1561007
15436,15.436,0.5852235,4.157749
15437,15.437,0.58611727,4.175131
15438,15.438,0.58843356,4.1810045
15439,15.439,0.5865461,4.1905584
15440,15.44,0.57621205,4.1835427
15441,15.441,0.5779556,4.1262445
15442,15.442,0.57573575,4.1361465
15443,15.443,0.57577163,4.1287885
15444,15.444,0.5806245,4.153708
15445,15.445,0.5767098,4.1755733
15446,15.446,0.5684055,4.154831
15447,15.447,0.5684679,4.146787
15448,15.448,0.57716364,4.1858487
15449,15.449,0.57584876,4.136241
15450,15.45,0.56815016,4.128401
15451,15.451,0.57349616,4.159347
15452,15.452,0.5658834,4.1576223
15453,15.453,0.5679387,4.167324
15454,15.454,0.5638625,4.149121
15455,15.455,0.5584459,4.130414
15456,15.456,0.5597982,4.146191
15457,15.457,0.55970335,4.1448917
15458,15.458,0.5728436,4.1576686
15459,15.459,0.57722753,4.1824713
15460,15.46,0.5700188,4.168198
15461,15.461,0.5711024,4.1654906
15462,15.462,0.5782379,4.143252
15463,15.463,0.56027305,4.1778526
15464,15.464,0.5711214,4.142336
15465,15.465,0.57754725,4.1828322
15466,15.466,0.5788378,4.170168
15467,15.467,0.5659399,4.1603866
15468,15.468,0.5700496,4.179689
15469,15.469,0.5895141,4.1704655
15470,15.47,0.5719841,4.184372
15471,15.471,0.5783963,4.1478987
15472,15.472,0.57691675,4.160498
15473,15.473,0.57807416,4.158481
15474,15.474,0.58415186,4.1494946
15475,15.475,0.5784958,4.1682415
15476,15.476,0.5786044,4.2005186
15477,15.477,0.568359,4.1312466
15478,15.478,0.5578152,4.1561127
15479,15.479,0.5625286,4.186429
15480,15.48,0.5648923,4.2004805
15481,15.481,0.5816553,4.165627
15482,15.482,0.595827,4.198215
15483,15.483,0.5890893,4.161841
15484,15.484,0.6009169,4.1643133
15485,15.485,0.5683762,4.172864
15486,15.486,0.581923,4.1424694
15487,15.487,0.5786752,4.179388
15488,15.488,0.5899394,4.1885734
15489,15.489,0.58640003,4.1836247
15490,15.49,0.5875447,4.180403
15491,15.491,0.559447,4.186868
15492,15.492,0.5694539,4.2069874
15493,15.493,0.5660503,4.2047467
15494,15.494,0.56376755,4.1920137
15495,15.495,0.57771087,4.193166
15496,15.496,0.5694676,4.1908317
15497,15.497,0.5753135,4.2108517
15498,15.498,0.58730114,4.2015963
15499,15.499,0.59216756,4.1759405
15500,15.5,0.58394414,4.1877036
15501,15.501,0.5685218,4.2128787
15502,15.502,0.5582425,4.204171
15503,15.503,0.57513136,4.1941886
15504,15.504,0.5745424,4.1868105
15505,15.505,0.58601594,4.214823
15506,15.506,0.57628113,4.2428164
15507,15.507,0.58606416,4.214187
15508,15.508,0.5802708,4.2115893
15509,15.509,0.5829483,4.2252755
15510,15.51,0.5772574,4.220071
15511,15.511,0.5847244,4.2210064
15512,15.512,0.5640079,4.214977
15513,15.513,0.5826976,4.2229557
15514,15.514,0.579282,4.21684
15515,15.515,0.5896756,4.217136
15516,15.516,0.5873125,4.2262063
15517,15.517,0.58536714,4.186661
15518,15.518,0.582925,4.175155
15519,15.519,0.58448374,4.2186313
15520,15.52,0.5728236,4.1916738
15521,15.521,0.55986536,4.176578
15522,15.522,0.5671256,4.208074
15523,15.523,0.57053965,4.207295
15524,15.524,0.5766186,4.193693
15525,15.525,0.56800276,4.2142487
15526,15.526,0.5657764,4.213738
15527,15.527,0.5738254,4.206869
15528,15.528,0.5706588,4.218963
15529,15.529,0.564523,4.211778
15530,15.53,0.5734108,4.1854796
15531,15.531,0.57653683,4.203432
15532,15.532,0.5661544,4.213237
15533,15.533,0.56701034,4.15173
15534,15.534,0.5582442,3.875666
15535,15.535,0.57387006,3.8781538
15536,15.536,0.56837606,3.758661
15537,15.537,0.5672237,4.200635
15538,15.538,0.56634134,4.1794057
15539,15.539,0.5704927,4.208449
15540,15.54,0.5834567,3.470213
15541,15.541,0.57486206,3.477317
15542,15.542,0.561176,3.391153
15543,15.543,0.56769365,3.5649896
15544,15.544,0.5708138,4.1657553
15545,15.545,0.5629425,4.1678977
15546,15.546,0.55682707,4.1545796
15547,15.547,0.56198525,3.4534729
15548,15.548,0.5674479,4.145
15549,15.549,0.58083457,4.157179
15550,15.55,0.58028257,4.1712065
15551,15.551,0.57937205,4.1448054
15552,15.552,0.58832276,4.1762037
15553,15.553,0.58727354,4.1783457
15554,15.554,0.5717618,4.1756783
15555,15.555,0.57059795,4.179842
15556,15.556,0.57529044,4.1677117
15557,15.557,0.5843548,4.1757283
15558,15.558,0.5799781,4.1802144
15559,15.559,0.5761245,4.1659703
15560,15.56,0.5737891,4.164599
15561,15.561,0.5780521,4.194597
15562,15.562,0.5789623,4.1550436
15563,15.563,0.571672,3.404253
15564,15.564,0.5663905,3.4174097
15565,15.565,0.57536614,3.3996482
15566,15.566,0.5869537,3.4183972
15567,15.567,0.57100445,3.3227348
15568,15.568,0.5786979,3.2664957
15569,15.569,0.57538897,3.2339468
15570,15.57,0.5778342,3.3384097
15571,15.571,0.57151425,3.2939088
15572,15.572,0.5721932,5.3776636
15573,15.573,0.56323326,3.2879126
15574,15.574,0.57701725,3.278487
15575,15.575,0.5690377,3.1092634
15576,15.576,0.5716801,5.2662106
15577,15.577,0.57445866,5.027204
15578,15.578,0.5733616,5.0474734
15579,15.579,0.58070076,5.1175413
15580,15.58,0.5736216,3.0431569
15581,15.581,0.5700151,4.9688115
15582,15.582,0.57227904,5.073271
15583,15.583,0.5830376,5.1443853
15584,15.584,0.58457863,2.9136035
15585,15.585,0.59115416,2.8800905
15586,15.586,0.58960205,5.1059346
15587,15.587,0.5854963,5.195365
15588,15.588,0.59018904,5.170137
15589,15.589,0.57852834,5.175303
15590,15.59,0.57713044,2.83492
15591,15.591,0.5761092,2.8999586
15592,15.592,0.56675065,5.132101
15593,15.593,0.5648294,4.9558334
15594,15.594,0.55851996,4.82435
15595,15.595,0.5581154,4.857405
15596,15.596,0.5698694,4.8440223
15597,15.597,0.55602074,4.748378
15598,15.598,0.5464381,4.6231923
15599,15.599,0.565058,4.576121
15600,15.6,0.564858,4.6276836
15601,15.601,0.56898797,2.0895848
15602,15.602,0.5730597,4.5496907
15603,15.603,0.56728846,4.4931383
15604,15.604,0.5602333,4.5074625
15605,15.605,0.57078177,4.4774
15606,15.606,0.5732675,4.547797
15607,15.607,0.5739476,4.5013266
15608,15.608,0.573284,4.363613
15609,15.609,0.5679394,4.416642
15610,15.61,0.5647624,4.4540315
15611,15.611,0.5689185,4.3922606
15612,15.612,0.5617953,4.3799076
15613,15.613,0.57194877,4.3661036
15614,15.614,0.5668544,4.394262
15615,15.615,0.5648242,4.4529567
15616,15.616,0.58487767,4.4322357
15617,15.617,0.5840807,4.6505184
15618,15.618,0.5805598,4.6327024
15619,15.619,0.58451957,4.5720944
15620,15.62,0.58192146,4.552647
15621,15.621,0.5798452,4.6229753
15622,15.622,0.5775184,4.539984
15623,15.623,0.5712534,4.6039977
15624,15.624,0.5691699,4.631301
15625,15.625,0.5690283,4.531414
15626,15.626,0.5587695,4.5531874
15627,15.627,0.56474787,4.540157
15628,15.628,0.55825275,4.5830126
15629,15.629,0.5540679,4.7397623
15630,15.63,0.5662906,4.8430076
15631,15.631,0.5668582,4.746297
15632,15.632,0.5682318,4.6194854
15633,15.633,0.5692562,4.6846366
15634,15.634,0.55398947,4.8516216
15635,15.635,0.55942404,4.758413
15636,15.636,0.5529723,4.650616
15637,15.637,0.5590402,4.7138805
15638,15.638,0.5526957,4.8263335
15639,15.639,0.5558247,4.8437934
15640,15.64,0.56078726,4.8330026
15641,15.641,0.5483257,4.82394
15642,15.642,0.5650285,4.9180946
15643,15.643,0.547742,4.8811407
15644,15.644,0.54488415,4.7336307
15645,15.645,0.54738945,4.6658645
15646,15.646,0.5515878,4.6214824
15647,15.647,0.5505824,4.6330075
15648,15.648,0.55466276,4.20299
15649,15.649,0.5535401,4.5748897
15650,15.65,0.5571967,4.6429906
15651,15.651,0.5480758,4.5700006
15652,15.652,0.5602659,4.6333523
15653,15.653,0.5495343,4.6531944
15654,15.654,0.5523897,4.658927
15655,15.655,0.5566501,4.7110825
15656,15.656,0.5583326,4.6635704
15657,15.657,0.55516034,4.579775
15658,15.658,0.54801226,4.6372557
15659,15.659,0.5596418,4.696562
15660,15.66,0.55919,4.874278
15661,15.661,0.55116,4.8167343
15662,15.662,0.5529718,4.863981
15663,15.663,0.5530884,4.831379
15664,15.664,0.54656035,4.7296777
15665,15.665,0.5478514,4.697059
15666,15.666,0.550306,4.746501
15667,15.667,0.56275547,4.895347
15668,15.668,0.5641098,4.8713026
15669,15.669,0.55979365,4.88306
15670,15.67,0.565586,4.90455
15671,15.671,0.56784153,4.969203
15672,15.672,0.5710351,4.8714957
15673,15.673,0.57271725,4.9435368
15674,15.674,0.5591398,4.9511847
15675,15.675,0.5669677,4.200826
15676,15.676,0.572205,4.989151
15677,15.677,0.5682658,4.2263327
15678,15.678,0.5672748,4.202905
15679,15.679,0.5681801,5.030919
15680,15.68,0.5659225,4.193678
15681,15.681,0.5667989,4.179617
15682,15.682,0.56722885,4.1725197
15683,15.683,0.5707856,4.190847
15684,15.684,0.56916577,5.233347
15685,15.685,0.5583838,4.1674333
15686,15.686,0.5456905,4.2206335
15687,15.687,0.5538364,4.221176
15688,15.688,0.5526558,4.2018476
15689,15.689,0.5635398,4.1973057
15690,15.69,0.5528512,4.194257
15691,15.691,0.5537964,4.198735
15692,15.692,0.5638428,4.2103596
15693,15.693,0.5627966,4.1682463
15694,15.694,0.5608201,4.163076
15695,15.695,0.55269575,4.1882024
15696,15.696,0.5640146,4.2107973
15697,15.697,0.55999786,4.211538
15698,15.698,0.5672043,4.178136
15699,15.699,0.5483194,4.188769
15700,15.7,0.5505232,4.196883
15701,15.701,0.55183333,4.1946383
15702,15.702,0.5578404,4.2234855
15703,15.703,0.547433,4.2235513
15704,15.704,0.5624153,4.2171373
15705,15.705,0.55991083,4.2439275
15706,15.706,0.5479386,4.228035
15707,15.707,0.5507469,4.2234344
15708,15.708,0.55267775,4.211165
15709,15.709,0.57127327,4.213044
15710,15.71,0.5686782,4.192573
15711,15.711,0.5520514,4.194973
15712,15.712,0.5443706,4.19709
15713,15.713,0.5489569,4.218838
15714,15.714,0.5440937,4.207837
15715,15.715,0.54318434,4.2190604
15716,15.716,0.5466968,4.2174535
15717,15.717,0.5485897,4.1966515
15718,15.718,0.5533167,4.2119784
15719,15.719,0.5549136,4.2457204
15720,15.72,0.55730474,4.197586
15721,15.721,0.55863994,4.2175775
15722,15.722,0.5640657,4.192521
15723,15.723,0.55759317,4.160639
15724,15.724,0.5652197,4.1998353
15725,15.725,0.5755664,4.22954
15726,15.726,0.55151206,4.2040014
15727,15.727,0.5524011,4.2241135
15728,15.728,0.5561754,4.1998005
15729,15.729,0.55474013,4.1750727
15730,15.73,0.5524084,4.171572
15731,15.731,0.557193,4.186869
15732,15.732,0.55424875,4.203446
15733,15.733,0.5615472,4.1884847
15734,15.734,0.56755006,4.1856947
15735,15.735,0.5516914,4.177339
15736,15.736,0.5602279,4.201757
15737,15.737,0.5559093,4.1800323
15738,15.738,0.5557047,4.174853
15739,15.739,0.55664116,4.209634
15740,15.74,0.55727303,4.18665
15741,15.741,0.5578092,4.2131763
15742,15.742,0.5545549,4.190792
15743,15.743,0.55467325,4.21214
15744,15.744,0.56538755,1.6973898
15745,15.745,0.559666,1.7821985
15746,15.746,0.5538555,1.6523254
15747,15.747,0.5591707,1.6339866
15748,15.748,0.5576885,1.7438818
15749,15.749,0.55388016,1.6310604
15750,15.75,0.55869377,1.5665079
15751,15.751,0.559987,1.3803508
15752,15.752,0.56218314,1.3640269
15753,15.753,0.56120145,1.5817701
15754,15.754,0.5640408,5.101001
15755,15.755,0.57113487,1.4904336
15756,15.756,0.5717139,1.3699327
15757,15.757,0.56646997,1.4169565
15758,15.758,0.56799686,1.2872741
15759,15.759,0.5646085,5.224888
15760,15.76,0.57560694,5.130349
15761,15.761,0.5751646,1.4557232
15762,15.762,0.5607793,1.5733758
15763,15.763,0.56748354,1.3609121
15764,15.764,0.5645895,4.9659414
15765,15.765,0.55868405,4.9364123
15766,15.766,0.5562136,5.081273
15767,15.767,0.5670095,4.972243
15768,15.768,0.5628675,4.9948936
15769,15.769,0.5602845,4.9042015
15770,15.77,0.56417906,4.7776585
15771,15.771,0.57151407,4.797267
15772,15.772,0.56058425,4.8798213
15773,15.773,0.5593307,4.8926034
15774,15.774,0.57834274,4.783188
15775,15.775,0.58385885,4.8154745
15776,15.776,0.5796561,4.834471
15777,15.777,0.5646923,4.960204
15778,15.778,0.56083924,5.120729
15779,15.779,0.55048525,5.068333
15780,15.78,0.56474847,5.20515
15781,15.781,0.55432934,5.2858987
15782,15.782,0.5644159,5.33415
15783,15.783,0.56380284,5.1954746
15784,15.784,0.5535747,5.232559
15785,15.785,0.5699118,5.353099
15786,15.786,0.56608033,5.329066
15787,15.787,0.5708261,5.4364576
15788,15.788,0.5628105,5.356648
15789,15.789,0.55092573,5.3545914
15790,15.79,0.5630322,5.42108
15791,15.791,0.557101,5.402408
15792,15.792,0.55974334,5.4094944
15793,15.793,0.55447316,5.3919644
15794,15.794,0.55673546,5.4287686
15795,15.795,0.5504115,5.5677557
15796,15.796,0.5635928,5.3987694
15797,15.797,0.5620294,5.479112
15798,15.798,0.5535204,5.471586
15799,15.799,0.5516782,5.473014
15800,15.8,0.54848695,5.4098682
15801,15.801,0.5620276,5.415298
15802,15.802,0.5561202,5.4195657
15803,15.803,0.5558816,5.488095
15804,15.804,0.5614051,5.4514937
15805,15.805,0.5738997,5.5407863
15806,15.806,0.5733459,5.5560136
15807,15.807,0.5659395,5.5316734
15808,15.808,0.54885864,5.5975046
15809,15.809,0.5592831,5.5600605
15810,15.81,0.5673096,5.6507087
15811,15.811,0.56147665,5.653846
15812,15.812,0.56212306,5.636753
15813,15.813,0.5534973,5.6893964
15814,15.814,0.5465668,5.7051425
15815,15.815,0.55648047,5.6470823
15816,15.816,0.56048715,5.6329494
15817,15.817,0.56105506,5.78477
15818,15.818,0.56125736,5.764048
15819,15.819,0.5685892,5.5830684
15820,15.82,0.5685592,5.586043
15821,15.821,0.5550086,5.6547804
15822,15.822,0.56099224,5.615057
15823,15.823,0.55188537,5.676782
15824,15.824,0.55199826,5.644733
15825,15.825,0.5467635,5.570596
15826,15.826,0.55752945,5.702964
15827,15.827,0.5550202,5.7274084
15828,15.828,0.5559614,5.6907907
15829,15.829,0.5579398,5.5840178
15830,15.83,0.5647454,5.542323
15831,15.831,0.56529325,5.5332923
15832,15.832,0.56215334,5.59803
15833,15.833,0.56341535,5.692767
15834,15.834,0.56881136,5.5849376
15835,15.835,0.5746459,5.5610294
15836,15.836,0.55924475,5.6487637
15837,15.837,0.56367224,5.697444
15838,15.838,0.5663703,5.712812
15839,15.839,0.5540176,5.807207
15840,15.84,0.5676082,5.621556
15841,15.841,0.5787522,5.713808
15842,15.842,0.5626341,5.652575
15843,15.843,0.56704617,5.645527
15844,15.844,0.5699263,6.882198
15845,15.845,0.5681893,5.6538725
15846,15.846,0.56972414,6.8970933
15847,15.847,0.5854573,6.876936
15848,15.848,0.57436895,6.9060206
15849,15.849,0.5783931,6.7939672
15850,15.85,0.5580857,6.8461423
15851,15.851,0.5670727,6.8050814
15852,15.852,0.5754975,6.7894654
15853,15.853,0.57395786,6.7918415
15854,15.854,0.5646983,6.9222093
15855,15.855,0.56798613,6.869788
15856,15.856,0.57319796,6.980778
15857,15.857,0.5747312,6.898963
15858,15.858,0.5690262,6.9387836
15859,15.859,0.5788392,6.8900056
15860,15.86,0.56538373,6.8658586
15861,15.861,0.57202166,6.9581504
15862,15.862,0.5827555,6.9615283
15863,15.863,0.58729416,6.8311205
15864,15.864,0.57601243,6.77593
15865,15.865,0.56873816,6.8894405
15866,15.866,0.56585145,6.9346433
15867,15.867,0.5672665,6.9971094
15868,15.868,0.5621262,7.0737567
15869,15.869,0.5709699,7.010685
15870,15.87,0.5632691,7.034068
15871,15.871,0.5603786,7.100073
15872,15.872,0.5641294,7.1027865
15873,15.873,0.5601248,4.194238
15874,15.874,0.55711114,4.241417
15875,15.875,0.54754436,4.216611
15876,15.876,0.55898,4.224394
15877,15.877,0.54870856,4.225161
15878,15.878,0.5542841,4.2080455
15879,15.879,0.55788404,4.203488
15880,15.88,0.5506574,4.2038984
15881,15.881,0.557936,4.220577
15882,15.882,0.56142455,4.2208333
15883,15.883,0.555225,4.2212124
15884,15.884,0.55682206,4.2237086
15885,15.885,0.56273496,4.20537
15886,15.886,0.5564349,4.1959066
15887,15.887,0.5656934,4.1756325
15888,15.888,0.566393,4.188809
15889,15.889,0.56402516,4.186362
15890,15.89,0.5581579,4.170473
15891,15.891,0.5509705,4.2240834
15892,15.892,0.55774975,4.2223783
15893,15.893,0.5696612,4.2048965
15894,15.894,0.5705165,4.2384095
15895,15.895,0.56657565,4.222666
15896,15.896,0.5707111,4.21212
15897,15.897,0.5629915,4.2336774
15898,15.898,0.5742021,4.1923633
15899,15.899,0.57609063,4.1837215
15900,15.9,0.57283914,4.2408195
15901,15.901,0.5738023,4.2278647
15902,15.902,0.57134503,4.2277665
15903,15.903,0.57576686,4.2364173
15904,15.904,0.57028157,4.2449656
15905,15.905,0.5742219,4.237207
15906,15.906,0.57006836,4.259806
15907,15.907,0.57426775,4.223976
15908,15.908,0.57542396,4.2306085
15909,15.909,0.57762253,4.251852
15910,15.91,0.57601506,4.234199
15911,15.911,0.5688967,4.230793
15912,15.912,0.5772557,4.218566
15913,15.913,0.57728416,4.243574
15914,15.914,0.57033855,4.209819
15915,15.915,0.5771782,4.219935
15916,15.916,0.5832116,4.2567706
15917,15.917,0.57470864,4.261786
15918,15.918,0.57665086,4.284892
15919,15.919,0.5645656,4.27315
15920,15.92,0.57599866,4.2773485
15921,15.921,0.5698636,4.2642403
15922,15.922,0.5684584,4.2937613
15923,15.923,0.565367,4.298813
15924,15.924,0.58446807,4.2879577
15925,15.925,0.5800155,4.266259
15926,15.926,0.57161146,4.237542
15927,15.927,0.5767947,4.2653127
15928,15.928,0.5847273,4.245925
15929,15.929,0.5770952,4.2288427
15930,15.93,0.57259023,4.232385
15931,15.931,0.5759032,4.2467866
15932,15.932,0.5861091,4.255753
15933,15.933,0.57816803,4.2366004
15934,15.934,0.5700477,4.225848
15935,15.935,0.5833511,4.224714
15936,15.936,0.57909966,4.234682
15937,15.937,0.57543564,4.2138424
15938,15.938,0.5841635,4.2463174
15939,15.939,0.574305,4.264408
15940,15.94,0.5802814,4.2643094
15941,15.941,0.5677928,4.295536
15942,15.942,0.5671191,4.264792
15943,15.943,0.575571,4.307564
15944,15.944,0.5661884,4.315811
15945,15.945,0.5728138,4.2776604
15946,15.946,0.5599958,4.2762885
15947,15.947,0.5730583,4.258536
15948,15.948,0.5750691,4.2212358
15949,15.949,0.5814238,4.242073
15950,15.95,0.57301074,4.208897
15951,15.951,0.5841625,4.268876
15952,15.952,0.58087254,4.260465
15953,15.953,0.57638764,4.2077622
15954,15.954,0.58364505,4.244907
15955,15.955,0.58017236,4.240782
15956,15.956,0.59083223,4.2472653
15957,15.957,0.5849267,4.278987
15958,15.958,0.59483445,4.2994065
15959,15.959,0.5780786,4.268284
15960,15.96,0.5823017,4.274057
15961,15.961,0.57927185,4.2918153
15962,15.962,0.55872434,4.2898626
15963,15.963,0.5780545,4.2845592
15964,15.964,0.5671578,4.266499
15965,15.965,0.57400894,4.284828
15966,15.966,0.5812326,4.2808146
15967,15.967,0.57165325,4.2987585
15968,15.968,0.5720612,4.273507
15969,15.969,0.5577478,4.2480183
15970,15.97,0.55720556,4.2384295
15971,15.971,0.56791407,4.2481794
15972,15.972,0.5663148,4.244619
15973,15.973,0.5677421,4.2315493
15974,15.974,0.57621384,4.1827493
15975,15.975,0.55458385,4.232098
15976,15.976,0.5729922,4.199167
15977,15.977,0.5693691,4.2273703
15978,15.978,0.56974375,4.2263756
15979,15.979,0.5664801,4.239506
15980,15.98,0.56885105,4.243927
15981,15.981,0.5656854,4.2323513
15982,15.982,0.56879914,4.2319746
15983,15.983,0.563928,4.1866503
15984,15.984,0.56899565,4.1978717
15985,15.985,0.5623714,4.2090545
15986,15.986,0.56938964,4.2000475
15987,15.987,0.5574829,4.210093
15988,15.988,0.5639062,4.1977654
15989,15.989,0.56622,4.1696362
15990,15.99,0.56793284,4.1800146
15991,15.991,0.56486565,4.208461
15992,15.992,0.5600142,4.189296
15993,15.993,0.5658371,4.1707563
15994,15.994,0.56844336,4.2242246
15995,15.995,0.57730114,4.2186675
15996,15.996,0.5690794,4.204189
15997,15.997,0.5741013,4.208117
15998,15.998,0.56359434,4.174713
15999,15.999,0.5547988,4.219029
16000,16.0,0.5694877,4.170623
16001,16.001,0.5624813,4.217771
16002,16.002,0.5672463,4.230826
16003,16.003,0.57324964,4.185767
16004,16.004,0.5524698,4.207756
16005,16.005,0.5624948,4.239864
16006,16.006,0.5599719,4.2118154
16007,16.007,0.5597193,4.2130456
16008,16.008,0.5661857,4.205327
16009,16.009,0.56027234,4.1929355
16010,16.01,0.5608006,4.214702
16011,16.011,0.5544108,4.195062
16012,16.012,0.5629577,4.2123027
16013,16.013,0.56630176,4.204113
16014,16.014,0.5722205,4.1760106
16015,16.015,0.5691385,4.164524
16016,16.016,0.56613654,4.1669297
16017,16.017,0.562816,4.161375
16018,16.018,0.54734856,4.1870236
16019,16.019,0.55060613,4.1554885
16020,16.02,0.55558854,4.1706953
16021,16.021,0.55463195,4.181672
16022,16.022,0.55900437,4.1646013
16023,16.023,0.55279046,4.170794
16024,16.024,0.55942184,4.1675315
16025,16.025,0.5504401,4.1589622
16026,16.026,0.5470169,4.1361923
16027,16.027,0.5542781,4.1925282
16028,16.028,0.5586292,4.1803536
16029,16.029,0.548207,4.1666546
16030,16.03,0.5537309,4.1917486
16031,16.031,0.5554073,4.1930623
16032,16.032,0.55035007,4.185507
16033,16.033,0.56760806,4.194505
16034,16.034,0.55353624,4.128082
16035,16.035,0.5500663,4.1722846
16036,16.036,0.55498767,4.130798
16037,16.037,0.5555201,4.1849995
16038,16.038,0.552433,4.1670923
16039,16.039,0.5587108,4.130487
16040,16.04,0.5474321,4.1424065
16041,16.041,0.5566081,4.15798
16042,16.042,0.56021386,4.153242
16043,16.043,0.5665618,4.16918
16044,16.044,0.54233605,4.120462
16045,16.045,0.5520862,4.1610403
16046,16.046,0.55293083,4.1460524
16047,16.047,0.55083257,4.1888604
16048,16.048,0.5401208,4.1722517
16049,16.049,0.542921,4.1685996
16050,16.05,0.54440504,4.189859
16051,16.051,0.5454111,4.164791
16052,16.052,0.55601734,4.177171
16053,16.053,0.546223,4.1637406
16054,16.054,0.5472546,4.1769204
16055,16.055,0.548381,4.189842
16056,16.056,0.54497534,4.1718216
16057,16.057,0.54036635,4.1864824
16058,16.058,0.54130584,4.1899996
16059,16.059,0.5459404,4.1746736
16060,16.06,0.5464241,4.1614103
16061,16.061,0.5500628,4.150998
16062,16.062,0.54570335,4.192965
16063,16.063,0.5545517,4.206561
16064,16.064,0.53046924,4.1834707
16065,16.065,0.53910327,4.1967654
16066,16.066,0.5429577,4.180901
16067,16.067,0.5504756,4.200232
16068,16.068,0.5477591,4.202407
16069,16.069,0.55963075,4.1755166
16070,16.07,0.53402424,4.17967
16071,16.071,0.542499,4.1969147
16072,16.072,0.5270167,4.186512
16073,16.073,0.53433114,4.1500363
16074,16.074,0.5399668,4.157301
16075,16.075,0.547736,4.178889
16076,16.076,0.5412864,4.216279
16077,16.077,0.5381285,4.205591
16078,16.078,0.5516821,4.1712627
16079,16.079,0.54613507,4.190117
16080,16.08,0.5466505,4.2240343
16081,16.081,0.54864925,4.189991
16082,16.082,0.5463843,4.192018
16083,16.083,0.5472263,4.169632
16084,16.084,0.53710735,4.2064037
16085,16.085,0.54588205,4.156613
16086,16.086,0.54696566,4.1512666
16087,16.087,0.54327494,4.1398263
16088,16.088,0.5358904,4.1573615
16089,16.089,0.5409336,4.1443677
16090,16.09,0.53829277,4.1776705
16091,16.091,0.5314337,4.18588
16092,16.092,0.5362501,4.1554446
16093,16.093,0.5396845,4.2036257
16094,16.094,0.54025364,4.190938
16095,16.095,0.5428454,4.2186575
16096,16.096,0.53983,4.2064533
16097,16.097,0.5543179,4.1734343
16098,16.098,0.5419483,4.213507
16099,16.099,0.54259115,4.192701
16100,16.1,0.5479778,4.1712513
16101,16.101,0.5531791,4.1961217
16102,16.102,0.52466726,4.158054
16103,16.103,0.53445786,4.152465
16104,16.104,0.54479134,4.1959147
16105,16.105,0.543393,4.192968
16106,16.106,0.54578406,4.2077146
16107,16.107,0.534205,4.173921
16108,16.108,0.5407255,4.260231
16109,16.109,0.5303736,4.2017484
16110,16.11,0.5430629,4.144773
16111,16.111,0.5521742,4.1786036
16112,16.112,0.55212057,4.182776
16113,16.113,0.5584473,4.2155633
16114,16.114,0.55772895,4.2341223
16115,16.115,0.5625647,4.1603894
16116,16.116,0.5565575,4.1979914
16117,16.117,0.5517073,4.2467155
16118,16.118,0.55834806,4.1943636
16119,16.119,0.5477006,4.2491865
16120,16.12,0.5433716,4.225155
16121,16.121,0.53793526,4.2212863
16122,16.122,0.5485929,4.233324
16123,16.123,0.5658074,4.247047
16124,16.124,0.54971856,4.201158
16125,16.125,0.5444393,4.196557
16126,16.126,0.5426926,4.2233057
16127,16.127,0.5491011,4.2017884
16128,16.128,0.5453029,4.213609
16129,16.129,0.5462255,4.2044683
16130,16.13,0.5412762,4.2156143
16131,16.131,0.54421514,4.1809425
16132,16.132,0.5437152,4.1985292
16133,16.133,0.532426,4.1954646
16134,16.134,0.5343231,4.17851
16135,16.135,0.54037106,4.193732
16136,16.136,0.5407415,4.166632
16137,16.137,0.5320969,4.1712017
16138,16.138,0.5435151,4.165561
16139,16.139,0.5394613,4.177718
16140,16.14,0.5373116,4.184306
16141,16.141,0.5440447,4.189266
16142,16.142,0.5365645,4.182533
16143,16.143,0.53910935,4.171984
16144,16.144,0.54618657,4.186579
16145,16.145,0.5425007,4.160286
16146,16.146,0.5409914,4.182142
16147,16.147,0.5452686,4.171199
16148,16.148,0.54349506,4.1912074
16149,16.149,0.5430355,4.167717
16150,16.15,0.5586122,4.1908603
16151,16.151,0.5451484,4.168046
16152,16.152,0.55217993,4.184788
16153,16.153,0.54613733,4.1573462
16154,16.154,0.5443277,4.194513
16155,16.155,0.5311845,4.1924777
16156,16.156,0.5393659,4.178791
16157,16.157,0.54654336,4.205297
16158,16.158,0.54481614,4.244746
16159,16.159,0.542601,4.1889253
16160,16.16,0.55267304,4.20541
16161,16.161,0.54492843,4.17118
16162,16.162,0.5351005,4.1641355
16163,16.163,0.5400878,4.1629925
16164,16.164,0.54137695,4.1687565
16165,16.165,0.54925644,4.178792
16166,16.166,0.5444594,4.1838365
16167,16.167,0.54192543,4.186859
16168,16.168,0.53380764,4.1504736
16169,16.169,0.5342636,4.1589594
16170,16.17,0.54396534,4.198246
16171,16.171,0.53251016,4.167894
16172,16.172,0.5390642,4.186657
16173,16.173,0.5344684,4.170028
16174,16.174,0.54406404,4.17703
16175,16.175,0.5398402,4.17033
16176,16.176,0.5354368,4.1745257
16177,16.177,0.5260086,4.1612883
16178,16.178,0.5395408,4.168414
16179,16.179,0.532543,4.185014
16180,16.18,0.5359461,4.189846
16181,16.181,0.5383791,4.160996
16182,16.182,0.5398552,4.169096
16183,16.183,0.53443724,4.1947784
16184,16.184,0.5336528,4.1803246
16185,16.185,0.54566354,4.179183
16186,16.186,0.5396026,4.154461
16187,16.187,0.5384388,4.206864
16188,16.188,0.5510068,4.205085
16189,16.189,0.54298085,4.1698146
16190,16.19,0.5515154,4.202704
16191,16.191,0.5540252,4.1949654
16192,16.192,0.5516495,4.1952877
16193,16.193,0.5532101,4.1623416
16194,16.194,0.5539501,4.181492
16195,16.195,0.5527117,4.176891
16196,16.196,0.54622114,4.167844
16197,16.197,0.54318273,4.1817217
16198,16.198,0.53873956,4.17445
16199,16.199,0.5481569,4.175646
16200,16.2,0.54152596,4.183154
16201,16.201,0.54034376,4.184667
16202,16.202,0.549922,4.185808
16203,16.203,0.5449272,4.1800723
16204,16.204,0.5502397,4.1682653
16205,16.205,0.5511358,4.1510487
16206,16.206,0.5475863,4.1259804
16207,16.207,0.54831356,4.1329255
16208,16.208,0.536249,4.162342
16209,16.209,0.5426348,4.1490126
16210,16.21,0.5378924,4.150602
16211,16.211,0.5432815,4.1470127
16212,16.212,0.5341824,4.194773
16213,16.213,0.54797566,4.1424036
16214,16.214,0.54734963,4.126633
16215,16.215,0.54371876,4.13311
16216,16.216,0.54455227,4.1542835
16217,16.217,0.5471652,4.171255
16218,16.218,0.55491704,4.156774
16219,16.219,0.55434704,4.1521926
16220,16.22,0.54848605,4.1635103
16221,16.221,0.5447544,4.1644635
16222,16.222,0.5341384,4.164514
16223,16.223,0.53802556,4.180153
16224,16.224,0.5359229,4.1777773
16225,16.225,0.5454695,4.1531377
16226,16.226,0.547012,4.1576385
16227,16.227,0.55564547,4.1539836
16228,16.228,0.5414202,4.150802
16229,16.229,0.54944265,4.1467276
16230,16.23,0.560791,4.142214
16231,16.231,0.5574177,4.127354
16232,16.232,0.56854826,4.1254396
16233,16.233,0.55530524,4.121484
16234,16.234,0.54671943,4.1602683
16235,16.235,0.55563253,4.1308427
16236,16.236,0.5573359,4.143414
16237,16.237,0.55798244,4.173205
16238,16.238,0.5587059,4.1473427
16239,16.239,0.55475634,4.1733546
16240,16.24,0.5491669,4.127036
16241,16.241,0.5580834,4.161477
16242,16.242,0.563337,4.1208253
16243,16.243,0.56515914,4.134992
16244,16.244,0.5618762,4.1373167
16245,16.245,0.53448963,4.1431365
16246,16.246,0.548652,4.1568666
16247,16.247,0.5545399,4.1573753
16248,16.248,0.554918,4.117566
16249,16.249,0.54766464,4.127816
16250,16.25,0.5507407,4.1377378
16251,16.251,0.5500571,4.162383
16252,16.252,0.55668616,4.148203
16253,16.253,0.5528457,4.181645
16254,16.254,0.5536258,4.142167
16255,16.255,0.5476181,4.1595187
16256,16.256,0.55097854,4.1664767
16257,16.257,0.5490202,4.1619554
16258,16.258,0.5526262,4.180804
16259,16.259,0.5469587,4.1878653
16260,16.26,0.54887056,4.1742115
16261,16.261,0.54132813,4.169102
16262,16.262,0.54987395,4.1608133
16263,16.263,0.555049,4.171894
16264,16.264,0.54976237,4.1718707
16265,16.265,0.54512894,4.166857
16266,16.266,0.55011684,4.1619053
16267,16.267,0.53908443,4.1590147
16268,16.268,0.54217416,4.14513
16269,16.269,0.54560494,4.116913
16270,16.27,0.54353315,4.1232953
16271,16.271,0.54528975,4.137376
16272,16.272,0.54129344,4.1077476
16273,16.273,0.5365525,4.114242
16274,16.274,0.5379806,4.119598
16275,16.275,0.5420949,4.121769
16276,16.276,0.53407466,4.1438255
16277,16.277,0.53835255,4.114894
16278,16.278,0.548109,4.134755
16279,16.279,0.5448207,4.1441236
16280,16.28,0.556511,4.107193
16281,16.281,0.56043327,4.102931
16282,16.282,0.5593067,4.0880423
16283,16.283,0.5571394,4.103016
16284,16.284,0.56197506,4.0788364
16285,16.285,0.5462189,4.086288
16286,16.286,0.54502666,4.09
16287,16.287,0.54979664,4.097285
16288,16.288,0.54269916,4.165246
16289,16.289,0.53606546,4.1431837
16290,16.29,0.5354592,4.1191645
16291,16.291,0.5277389,4.166987
16292,16.292,0.52930146,4.1892514
16293,16.293,0.53821844,4.1352043
16294,16.294,0.5348242,4.1385655
16295,16.295,0.5331135,4.1569276
16296,16.296,0.5371696,4.1432805
16297,16.297,0.52870405,4.1308036
16298,16.298,0.5347559,4.1630177
16299,16.299,0.53913766,4.122556
16300,16.3,0.54009765,4.1543612
16301,16.301,0.5356737,4.145288
16302,16.302,0.54558635,4.1380353
16303,16.303,0.5362281,4.128847
16304,16.304,0.5494817,4.1209335
16305,16.305,0.5550402,4.1241555
16306,16.306,0.5585072,4.150791
16307,16.307,0.54847074,4.1534605
16308,16.308,0.54823005,4.1417437
16309,16.309,0.5432241,4.1588902
16310,16.31,0.54693663,4.1149936
16311,16.311,0.55434984,4.1473475
16312,16.312,0.5430344,4.1114035
16313,16.313,0.5455396,4.1179004
16314,16.314,0.5345483,4.127621
16315,16.315,0.53073275,4.154777
16316,16.316,0.5291975,4.1458983
16317,16.317,0.5414402,4.1540217
16318,16.318,0.5425464,4.1439505
16319,16.319,0.5471049,4.160706
16320,16.32,0.5554438,4.1404614
16321,16.321,0.54925865,4.181423
16322,16.322,0.55545807,4.1579385
16323,16.323,0.5512535,4.1799936
16324,16.324,0.554455,4.1847596
16325,16.325,0.5363235,4.1602445
16326,16.326,0.5400215,4.1775484
16327,16.327,0.5389935,4.1748633
16328,16.328,0.5381027,4.1661887
16329,16.329,0.5469121,4.1729054
16330,16.33,0.5391088,4.169153
16331,16.331,0.5376515,4.197449
16332,16.332,0.5396502,4.166382
16333,16.333,0.53071135,4.1669393
16334,16.334,0.53336203,4.1781735
16335,16.335,0.52629125,4.1880217
16336,16.336,0.51785684,4.1773252
16337,16.337,0.5233831,4.1478167
16338,16.338,0.53366023,4.1531205
16339,16.339,0.5295972,4.1645265
16340,16.34,0.53194225,4.183453
16341,16.341,0.5244388,4.174896
16342,16.342,0.5256897,4.1712523
16343,16.343,0.509678,4.173837
16344,16.344,0.513074,4.2222004
16345,16.345,0.5180458,4.215577
16346,16.346,0.5206119,4.1797953
16347,16.347,0.52706593,4.186655
16348,16.348,0.52952445,4.1865892
16349,16.349,0.5306298,4.187492
16350,16.35,0.5310295,4.1877475
16351,16.351,0.53814614,4.158682
16352,16.352,0.5374553,4.19309
16353,16.353,0.53666025,4.183801
16354,16.354,0.5330609,4.171278
16355,16.355,0.5327836,4.1910586
16356,16.356,0.5320869,4.190468
16357,16.357,0.5283227,4.1923466
16358,16.358,0.5385808,4.2046185
16359,16.359,0.5371465,4.18634
16360,16.36,0.538574,4.1677465
16361,16.361,0.5445244,4.1779385
16362,16.362,0.5443421,4.145384
16363,16.363,0.5333779,4.1591096
16364,16.364,0.53463864,4.1763096
16365,16.365,0.5283044,4.1873302
16366,16.366,0.5223914,4.166801
16367,16.367,0.5323069,4.1638184
16368,16.368,0.52011997,4.192027
16369,16.369,0.51571834,4.16258
16370,16.37,0.5255189,4.1666164
16371,16.371,0.5258486,4.155964
16372,16.372,0.52541983,4.166389
16373,16.373,0.5233087,4.1575265
16374,16.374,0.5281427,4.1852803
16375,16.375,0.5299065,4.1512976
16376,16.376,0.53368145,4.1893425
16377,16.377,0.53124654,4.182184
16378,16.378,0.5322363,4.212258
16379,16.379,0.5263039,4.2379513
16380,16.38,0.5359741,4.2083206
16381,16.381,0.5284956,4.1840763
16382,16.382,0.5222798,4.186397
16383,16.383,0.52037567,4.2129345
16384,16.384,0.52016836,4.219106
16385,16.385,0.5169095,4.2101426
16386,16.386,0.51625156,4.198032
16387,16.387,0.5341486,4.1877065
16388,16.388,0.5186028,4.208455
16389,16.389,0.5245625,4.211933
16390,16.39,0.52616155,4.1895447
16391,16.391,0.54399896,4.200375
16392,16.392,0.532852,4.231404
16393,16.393,0.5416646,4.187332
16394,16.394,0.53594446,4.217731
16395,16.395,0.5294667,4.1957994
16396,16.396,0.5404118,4.2376423
16397,16.397,0.5480066,4.2408094
16398,16.398,0.53437406,4.215084
16399,16.399,0.54113466,4.2178693
16400,16.4,0.53284293,4.2402844
16401,16.401,0.5481784,4.1955276
16402,16.402,0.5493034,4.1907234
16403,16.403,0.546753,4.190627
16404,16.404,0.544701,4.2184134
16405,16.405,0.5334775,4.210275
16406,16.406,0.54572314,4.2178674
16407,16.407,0.54670453,4.2226977
16408,16.408,0.5468322,4.2042947
16409,16.409,0.55305356,4.193206
16410,16.41,0.5473926,4.187962
16411,16.411,0.56424224,4.2211385
16412,16.412,0.54628164,4.214181
16413,16.413,0.5456549,4.220426
16414,16.414,0.5560301,4.20901
16415,16.415,0.54688305,4.2350636
16416,16.416,0.54342085,4.235227
16417,16.417,0.5429904,4.248526
16418,16.418,0.54411536,4.2263155
16419,16.419,0.5423547,4.2330494
16420,16.42,0.5451732,4.234317
16421,16.421,0.5537756,4.2324476
16422,16.422,0.5490293,4.217881
16423,16.423,0.551185,4.2132945
16424,16.424,0.5437627,4.194497
16425,16.425,0.5399813,4.200444
16426,16.426,0.5394498,4.2233644
16427,16.427,0.5383279,4.2054906
16428,16.428,0.5364943,4.2097464
16429,16.429,0.54101336,4.216883
16430,16.43,0.5455322,4.2185626
16431,16.431,0.5458979,4.182129
16432,16.432,0.5369462,4.180844
16433,16.433,0.54219675,4.186844
16434,16.434,0.54277617,4.2054915
16435,16.435,0.54361624,4.208842
16436,16.436,0.54343116,4.210845
16437,16.437,0.55058956,4.2182264
16438,16.438,0.5333978,4.216844
16439,16.439,0.5480121,4.2001414
16440,16.44,0.5538682,4.230502
16441,16.441,0.55335814,4.221436
16442,16.442,0.55801165,4.231407
16443,16.443,0.55412,4.2265153
16444,16.444,0.54899174,4.18552
16445,16.445,0.54814774,4.20149
16446,16.446,0.5444215,4.2006392
16447,16.447,0.5522634,4.197375
16448,16.448,0.54724365,4.203378
16449,16.449,0.5406655,4.168841
16450,16.45,0.5441518,4.1961665
16451,16.451,0.5452512,4.1650424
16452,16.452,0.5402194,4.1895757
16453,16.453,0.5373563,4.161375
16454,16.454,0.53095895,4.1895695
16455,16.455,0.53663135,4.1979637
16456,16.456,0.54319346,4.184824
16457,16.457,0.5424993,4.203287
16458,16.458,0.5438782,4.194855
16459,16.459,0.5370248,4.2213163
16460,16.46,0.5432134,4.2197433
16461,16.461,0.541307,4.2056956
16462,16.462,0.5314449,4.1948414
16463,16.463,0.5418437,4.1970644
16464,16.464,0.53063726,4.1912475
16465,16.465,0.53171736,4.2092166
16466,16.466,0.53891927,4.208159
16467,16.467,0.5386078,4.2000685
16468,16.468,0.5375334,4.174501
16469,16.469,0.54102284,4.1920104
16470,16.47,0.5379419,4.1651053
16471,16.471,0.53829855,4.19372
16472,16.472,0.53875524,4.167612
16473,16.473,0.5469978,4.2052755
16474,16.474,0.54720294,4.1787786
16475,16.475,0.5462475,4.192232
16476,16.476,0.5434361,4.169469
16477,16.477,0.5498235,4.190616
16478,16.478,0.54250836,4.194125
16479,16.479,0.54593104,4.160751
16480,16.48,0.54296905,4.189606
16481,16.481,0.54877996,4.151537
16482,16.482,0.5424986,4.176855
16483,16.483,0.54645264,4.1905684
16484,16.484,0.5377568,4.222074
16485,16.485,0.5431183,4.231294
16486,16.486,0.53429765,4.1988397
16487,16.487,0.5346047,4.200675
16488,16.488,0.5301266,4.224636
16489,16.489,0.5344712,4.1933956
16490,16.49,0.5299042,4.2275205
16491,16.491,0.5340244,4.2072496
16492,16.492,0.5396127,4.224449
16493,16.493,0.54170597,4.242519
16494,16.494,0.53863883,4.2269106
16495,16.495,0.5382156,4.1653585
16496,16.496,0.5374738,4.2314544
16497,16.497,0.5372284,4.2263174
16498,16.498,0.5388321,4.201945
16499,16.499,0.52856916,4.2113123
16500,16.5,0.5345694,4.2145023
16501,16.501,0.5325219,4.199847
16502,16.502,0.5334946,4.21988
16503,16.503,0.53417194,4.1837497
16504,16.504,0.53022313,4.17306
16505,16.505,0.5312524,4.200308
16506,16.506,0.543005,4.2325077
16507,16.507,0.54019284,4.2119675
16508,16.508,0.5474162,4.182924
16509,16.509,0.5442151,4.1907234
16510,16.51,0.5408226,4.2259483
16511,16.511,0.5344289,4.190244
16512,16.512,0.5451372,4.1774764
16513,16.513,0.5357075,4.2251873
16514,16.514,0.5452926,4.2261634
16515,16.515,0.5460621,4.158682
16516,16.516,0.5433116,4.228874
16517,16.517,0.547856,4.2243404
16518,16.518,0.5456784,4.2099247
16519,16.519,0.55302125,4.2261124
16520,16.52,0.5435941,4.2324576
16521,16.521,0.54958445,4.210017
16522,16.522,0.5465908,4.245799
16523,16.523,0.54184747,4.1992626
16524,16.524,0.54049546,4.2304997
16525,16.525,0.5478332,4.228529
16526,16.526,0.54293364,4.21627
16527,16.527,0.53785354,4.2030625
16528,16.528,0.53415585,4.221298
16529,16.529,0.5327427,4.216075
16530,16.53,0.5370159,4.20484
16531,16.531,0.5449862,4.198438
16532,16.532,0.5301459,4.216985
16533,16.533,0.527547,4.2056417
16534,16.534,0.51606107,4.209942
16535,16.535,0.5206534,4.214931
16536,16.536,0.52767557,4.1901183
16537,16.537,0.52727914,4.20401
16538,16.538,0.5182943,4.237881
16539,16.539,0.5256199,4.200092
16540,16.54,0.52126426,4.212851
16541,16.541,0.538783,4.20516
16542,16.542,0.52110434,4.198776
16543,16.543,0.527491,4.1943793
16544,16.544,0.52475584,4.216594
16545,16.545,0.5190622,4.2164464
16546,16.546,0.51776713,4.234322
16547,16.547,0.5240474,4.2211065
16548,16.548,0.523791,4.2188907
16549,16.549,0.5192254,4.203584
16550,16.55,0.5192716,4.189943
16551,16.551,0.5307166,4.184762
16552,16.552,0.51919305,4.2288775
16553,16.553,0.52599615,4.1647367
16554,16.554,0.5242043,4.194803
16555,16.555,0.5142283,4.2250237
16556,16.556,0.52290124,4.2198486
16557,16.557,0.5251401,4.2110176
16558,16.558,0.53281987,4.2155094
16559,16.559,0.5224124,4.205302
16560,16.56,0.5258393,4.2281733
16561,16.561,0.5307243,4.1920953
16562,16.562,0.5220623,4.2205973
16563,16.563,0.5337167,4.225263
16564,16.564,0.5276213,4.2317996
16565,16.565,0.52715546,4.225989
16566,16.566,0.5235935,4.241211
16567,16.567,0.5258745,4.2452464
16568,16.568,0.52143145,4.241857
16569,16.569,0.5374251,4.226909
16570,16.57,0.526838,4.2075615
16571,16.571,0.5249254,4.230729
16572,16.572,0.5213511,4.2132087
16573,16.573,0.5208078,4.2406273
16574,16.574,0.51985997,4.1903234
16575,16.575,0.5177914,4.220515
16576,16.576,0.52089757,4.223683
16577,16.577,0.5209123,4.189473
16578,16.578,0.5323101,4.241042
16579,16.579,0.5253048,4.185933
16580,16.58,0.52712977,4.2143283
16581,16.581,0.5231628,4.2127724
16582,16.582,0.5361471,4.213991
16583,16.583,0.5310487,4.2334785
16584,16.584,0.5215141,4.2015753
16585,16.585,0.52183205,4.225058
16586,16.586,0.523869,4.1900625
16587,16.587,0.5215202,4.2129226
16588,16.588,0.5295316,4.206889
16589,16.589,0.5342428,4.218215
16590,16.59,0.5364846,4.20154
16591,16.591,0.52856314,4.199106
16592,16.592,0.52447134,4.206876
16593,16.593,0.52946275,4.188838
16594,16.594,0.52070713,4.212368
16595,16.595,0.52048093,4.2013073
16596,16.596,0.5299638,4.1907034
16597,16.597,0.53429157,4.171452
16598,16.598,0.5211195,4.1950164
16599,16.599,0.52366024,4.2345686
16600,16.6,0.53236645,4.1883807
16601,16.601,0.5351498,4.186091
16602,16.602,0.5322382,4.1826105
16603,16.603,0.52914023,4.218646
16604,16.604,0.5269463,4.1908946
16605,16.605,0.52415985,4.191343
16606,16.606,0.52597725,4.1760035
16607,16.607,0.52662754,4.1711717
16608,16.608,0.52925134,4.1989164
16609,16.609,0.5230271,4.157536
16610,16.61,0.5342652,4.187851
16611,16.611,0.51990753,4.1935325
16612,16.612,0.5204031,4.20278
16613,16.613,0.5170233,4.2089286
16614,16.614,0.5272439,4.206177
16615,16.615,0.53281724,4.193443
16616,16.616,0.52749634,4.181553
16617,16.617,0.5289175,4.202932
16618,16.618,0.5258554,4.2265787
16619,16.619,0.5331557,4.230274
16620,16.62,0.5327194,4.2084584
16621,16.621,0.5233752,4.217778
16622,16.622,0.52680784,4.209504
16623,16.623,0.5295952,4.205629
16624,16.624,0.5293935,4.204001
16625,16.625,0.528683,4.194038
16626,16.626,0.5411647,4.196701
16627,16.627,0.53223443,4.1916695
16628,16.628,0.53098637,4.204619
16629,16.629,0.5321515,4.1970277
16630,16.63,0.5296088,4.172986
16631,16.631,0.5249784,4.180647
16632,16.632,0.5343243,4.2230034
16633,16.633,0.53066164,4.196867
16634,16.634,0.5324298,4.235563
16635,16.635,0.52578735,4.2117
16636,16.636,0.5387086,4.2343626
16637,16.637,0.5409401,4.2147784
16638,16.638,0.5243949,4.2256713
16639,16.639,0.52120554,4.199793
16640,16.64,0.5269426,4.2089252
16641,16.641,0.53125393,4.241045
16642,16.642,0.52249396,4.225568
16643,16.643,0.51777804,4.208658
16644,16.644,0.5225303,4.2240677
16645,16.645,0.53791034,4.198444
16646,16.646,0.5187761,4.196854
16647,16.647,0.5262912,4.2218065
16648,16.648,0.5248402,4.2413316
16649,16.649,0.5259517,4.2000446
16650,16.65,0.516725,4.1898904
16651,16.651,0.5242056,4.198215
16652,16.652,0.5296498,4.211015
16653,16.653,0.52526546,4.20736
16654,16.654,0.5159706,4.2081337
16655,16.655,0.5226878,4.2328663
16656,16.656,0.5281604,4.2049785
16657,16.657,0.5193974,4.193815
16658,16.658,0.52055234,4.196669
16659,16.659,0.5275592,4.208659
16660,16.66,0.52241004,4.198773
16661,16.661,0.5240158,4.2082243
16662,16.662,0.52598137,4.1963143
16663,16.663,0.5223523,4.1571207
16664,16.664,0.5357171,4.1627154
16665,16.665,0.51207346,4.1808662
16666,16.666,0.520705,4.171732
16667,16.667,0.51223224,4.1966095
16668,16.668,0.5207795,4.165862
16669,16.669,0.5147311,4.189931
16670,16.67,0.5196685,4.2042065
16671,16.671,0.5263904,4.1768994
16672,16.672,0.5205584,4.1627007
16673,16.673,0.5156427,4.179445
16674,16.674,0.5239261,4.2247515
16675,16.675,0.5264087,4.207661
16676,16.676,0.51906395,4.183504
16677,16.677,0.5169986,4.18975
16678,16.678,0.5178004,4.178991
16679,16.679,0.5209705,4.2043195
16680,16.68,0.5212797,4.172031
16681,16.681,0.5161219,4.222545
16682,16.682,0.51646006,4.187189
16683,16.683,0.5194728,4.1877947
16684,16.684,0.5249989,4.240096
16685,16.685,0.5156683,4.206273
16686,16.686,0.51515496,4.214686
16687,16.687,0.527866,4.213777
16688,16.688,0.52920216,4.204176
16689,16.689,0.52876735,4.175777
16690,16.69,0.5279487,4.1815405
16691,16.691,0.511802,4.220005
16692,16.692,0.51509774,4.20825
16693,16.693,0.52794045,4.1864853
16694,16.694,0.5152153,4.2203526
16695,16.695,0.5173643,4.2360344
16696,16.696,0.5226339,4.2066164
16697,16.697,0.51487964,4.192334
16698,16.698,0.519252,4.205042
16699,16.699,0.5210018,4.1783223
16700,16.7,0.51173776,4.217146
16701,16.701,0.5384872,4.1870837
16702,16.702,0.5307765,4.253505
16703,16.703,0.5357431,4.207432
16704,16.704,0.5263102,4.198736
16705,16.705,0.5261394,4.2096853
16706,16.706,0.5223908,4.2164474
16707,16.707,0.53725404,4.178678
16708,16.708,0.53760713,4.177097
16709,16.709,0.54785466,4.170929
16710,16.71,0.53843164,4.170269
16711,16.711,0.5422343,4.1688004
16712,16.712,0.5381137,4.152766
16713,16.713,0.5394627,4.181502
16714,16.714,0.52579147,4.189521
16715,16.715,0.53985155,4.203108
16716,16.716,0.53610855,4.170477
16717,16.717,0.52409506,4.2554827
16718,16.718,0.53097254,4.229758
16719,16.719,0.53525686,4.194887
16720,16.72,0.52297205,4.2218432
16721,16.721,0.5272466,4.170799
16722,16.722,0.5184038,4.2108774
16723,16.723,0.53388876,4.2100606
16724,16.724,0.5263306,4.156783
16725,16.725,0.52604145,4.204306
16726,16.726,0.5331403,4.187853
16727,16.727,0.53742343,4.171984
16728,16.728,0.53425163,4.1969914
16729,16.729,0.526514,4.177517
16730,16.73,0.53140837,4.238158
16731,16.731,0.5358658,4.2186575
16732,16.732,0.5292723,4.220577
16733,16.733,0.52921593,4.193613
16734,16.734,0.53417915,4.1967125
16735,16.735,0.526653,4.1757507
16736,16.736,0.52730775,4.175716
16737,16.737,0.52434224,4.2014933
16738,16.738,0.5386791,4.179302
16739,16.739,0.5333981,4.194789
16740,16.74,0.53327334,4.221708
16741,16.741,0.5417675,4.1810603
16742,16.742,0.5325353,4.219069
16743,16.743,0.52805865,4.22525
16744,16.744,0.5219733,4.203054
16745,16.745,0.5305509,4.2390532
16746,16.746,0.5277279,4.2217875
16747,16.747,0.5250037,4.208617
16748,16.748,0.53200066,4.209917
16749,16.749,0.52556455,4.206396
16750,16.75,0.5247338,4.216881
16751,16.751,0.52631,4.207465
16752,16.752,0.5301984,4.1793847
16753,16.753,0.5295418,4.1799307
16754,16.754,0.52991617,4.1995273
16755,16.755,0.5318994,4.1629744
16756,16.756,0.53348154,4.1584954
16757,16.757,0.53226906,4.178365
16758,16.758,0.5199151,4.1718817
16759,16.759,0.5312685,4.151294
16760,16.76,0.5300368,4.1233187
16761,16.761,0.5291932,4.1523542
16762,16.762,0.53187513,4.163482
16763,16.763,0.53221685,4.1625896
16764,16.764,0.53020394,4.1942267
16765,16.765,0.5194219,4.1948543
16766,16.766,0.5316235,4.1826015
16767,16.767,0.5357101,4.1863427
16768,16.768,0.52807206,4.1876006
16769,16.769,0.53811395,4.185927
16770,16.77,0.5295347,4.2075114
16771,16.771,0.5282256,4.2015605
16772,16.772,0.5361661,4.2078137
16773,16.773,0.5330626,4.1547723
16774,16.774,0.53503674,4.182618
16775,16.775,0.5296822,4.202444
16776,16.776,0.53118145,4.2091937
16777,16.777,0.53540456,4.203546
16778,16.778,0.529403,4.180688
16779,16.779,0.53429306,4.209046
16780,16.78,0.5355332,4.2300153
16781,16.781,0.5361328,4.1624336
16782,16.782,0.5355163,4.1857996
16783,16.783,0.5341904,4.201972
16784,16.784,0.53672254,4.1991725
16785,16.785,0.52709323,4.14469
16786,16.786,0.5248219,4.1651416
16787,16.787,0.53093815,4.20352
16788,16.788,0.5312582,4.2074995
16789,16.789,0.5439417,4.194873
16790,16.79,0.5243423,4.166532
16791,16.791,0.5219487,4.17301
16792,16.792,0.5232538,4.1917224
16793,16.793,0.5278809,4.1740403
16794,16.794,0.51271945,4.2164755
16795,16.795,0.5254199,4.187556
16796,16.796,0.52525467,4.178953
16797,16.797,0.526071,4.2001867
16798,16.798,0.52122813,4.207858
16799,16.799,0.51723677,4.2192206
16800,16.8,0.5141132,4.225084
16801,16.801,0.524237,4.1939974
16802,16.802,0.52517694,4.1628633
16803,16.803,0.53368473,4.161305
16804,16.804,0.52710694,4.187697
16805,16.805,0.52972436,4.192002
16806,16.806,0.53276235,4.194327
16807,16.807,0.53228766,4.1916094
16808,16.808,0.52446526,4.200849
16809,16.809,0.5301824,4.1914034
16810,16.81,0.538507,4.1830373
16811,16.811,0.5350374,4.1742992
16812,16.812,0.5288759,4.1603065
16813,16.813,0.5249539,4.172219
16814,16.814,0.5291143,4.1769924
16815,16.815,0.5365068,4.1755953
16816,16.816,0.54349446,4.1792393
16817,16.817,0.53218347,4.1633644
16818,16.818,0.5408988,4.1804953
16819,16.819,0.5385738,4.1973095
16820,16.82,0.53705084,4.192445
16821,16.821,0.5358274,4.1821103
16822,16.822,0.5356268,4.1891766
16823,16.823,0.53329444,4.205556
16824,16.824,0.5307307,4.17577
16825,16.825,0.53326577,4.1783395
16826,16.826,0.5383546,4.1412535
16827,16.827,0.5293227,4.177902
16828,16.828,0.53977245,4.172595
16829,16.829,0.5403015,4.174193
16830,16.83,0.5349552,4.200811
16831,16.831,0.54044986,4.182056
16832,16.832,0.539801,4.1652007
16833,16.833,0.5354429,4.1825833
16834,16.834,0.53723216,4.1914363
16835,16.835,0.54094875,4.181362
16836,16.836,0.54596823,4.177679
16837,16.837,0.5395662,4.1669607
16838,16.838,0.5282997,4.144978
16839,16.839,0.5433778,4.177507
16840,16.84,0.5368704,4.172709
16841,16.841,0.5374271,4.15027
16842,16.842,0.5363432,4.18221
16843,16.843,0.5324003,4.1716604
16844,16.844,0.5354474,4.149665
16845,16.845,0.52996933,4.1440163
16846,16.846,0.52598363,4.116417
16847,16.847,0.5320907,4.165911
16848,16.848,0.53294164,4.155177
16849,16.849,0.5327751,4.1745696
16850,16.85,0.52587223,4.1639547
16851,16.851,0.5222481,4.204671
16852,16.852,0.52569765,4.185799
16853,16.853,0.5218577,4.18283
16854,16.854,0.5268454,4.2178035
16855,16.855,0.5232571,4.1812377
16856,16.856,0.52917016,4.183628
16857,16.857,0.531212,4.1878414
16858,16.858,0.5389771,4.159638
16859,16.859,0.5236635,4.143502
16860,16.86,0.5347133,4.155066
16861,16.861,0.531497,4.1933312
16862,16.862,0.5342918,4.17633
16863,16.863,0.5396858,4.1346917
16864,16.864,0.5341573,4.1570044
16865,16.865,0.5328818,4.152313
16866,16.866,0.52695346,4.164705
16867,16.867,0.5252067,4.158346
16868,16.868,0.52728003,4.1602225
16869,16.869,0.5273162,4.1764755
16870,16.87,0.5221354,4.181404
16871,16.871,0.525544,4.186505
16872,16.872,0.5243872,4.1797366
16873,16.873,0.5279848,4.1647587
16874,16.874,0.5335248,4.168139
16875,16.875,0.5376277,4.1478486
16876,16.876,0.5272124,4.2100143
16877,16.877,0.5297259,4.15886
16878,16.878,0.52399564,4.1608667
16879,16.879,0.52617246,4.2057323
16880,16.88,0.5182365,4.167696
16881,16.881,0.51509404,4.2051487
16882,16.882,0.51589257,4.2236876
16883,16.883,0.52527636,4.159921
16884,16.884,0.5307595,4.1811185
16885,16.885,0.5343162,4.201368
16886,16.886,0.5330548,4.2062063
16887,16.887,0.53075504,4.1891623
16888,16.888,0.52856576,4.194145
16889,16.889,0.5311778,4.181104
16890,16.89,0.53001875,4.178123
16891,16.891,0.5357977,4.1529727
16892,16.892,0.53135186,4.1775875
16893,16.893,0.53566784,4.1794925
16894,16.894,0.5427474,4.158403
16895,16.895,0.5340165,4.218727
16896,16.896,0.5436265,4.179076
16897,16.897,0.5346891,4.1625376
16898,16.898,0.5404281,4.173989
16899,16.899,0.5274568,4.2396355
16900,16.9,0.5340722,4.1923833
16901,16.901,0.531418,4.1895185
16902,16.902,0.527409,4.199917
16903,16.903,0.5307912,4.167122
16904,16.904,0.52954084,4.187306
16905,16.905,0.52952677,4.2087746
16906,16.906,0.5317972,4.200987
16907,16.907,0.53236824,4.1669674
16908,16.908,0.53558195,4.1789036
16909,16.909,0.5344839,4.2033577
16910,16.91,0.5296514,4.209137
16911,16.911,0.523631,4.1935306
16912,16.912,0.523325,4.1760936
16913,16.913,0.5324876,4.192424
16914,16.914,0.53335446,4.213332
16915,16.915,0.52374834,4.20047
16916,16.916,0.5372874,4.16844
16917,16.917,0.52169484,4.185101
16918,16.918,0.52161294,4.1994376
16919,16.919,0.51808333,4.1973214
16920,16.92,0.524286,4.1654406
16921,16.921,0.5234888,4.163364
16922,16.922,0.5256208,4.197634
16923,16.923,0.5199918,4.1831465
16924,16.924,0.5226025,4.1919026
16925,16.925,0.522114,4.1997733
16926,16.926,0.5358022,4.2098145
16927,16.927,0.5340285,4.179222
16928,16.928,0.5370363,4.17984
16929,16.929,0.54384494,4.1951084
16930,16.93,0.5301383,4.1861253
16931,16.931,0.53277975,4.197393
16932,16.932,0.531174,4.210408
16933,16.933,0.5356624,4.1670585
16934,16.934,0.5320909,4.18433
16935,16.935,0.54152185,4.200668
16936,16.936,0.54084736,4.1870813
16937,16.937,0.5389215,4.1887164
16938,16.938,0.5322492,4.172549
16939,16.939,0.5296388,4.1825294
16940,16.94,0.53203684,4.1568546
16941,16.941,0.52742153,4.182334
16942,16.942,0.5344727,4.136402
16943,16.943,0.52451247,4.1541114
16944,16.944,0.5285614,4.1724715
16945,16.945,0.5396773,4.1591034
16946,16.946,0.5273544,4.197765
16947,16.947,0.52307636,4.184097
16948,16.948,0.5162305,4.2332983
16949,16.949,0.52029544,4.2081943
16950,16.95,0.5230094,4.1888146
16951,16.951,0.5260721,4.220284
16952,16.952,0.52647275,4.2006226
16953,16.953,0.5223531,4.1763353
16954,16.954,0.5278448,4.2130227
16955,16.955,0.5321575,4.215546
16956,16.956,0.5315257,4.2023106
16957,16.957,0.5175662,4.2283554
16958,16.958,0.5187814,4.2378187
16959,16.959,0.5190014,4.1996913
16960,16.96,0.5310375,4.2349925
16961,16.961,0.52218455,4.1842036
16962,16.962,0.52326035,4.1954427
16963,16.963,0.52476317,4.202148
16964,16.964,0.52222484,4.2187085
16965,16.965,0.5167588,4.2331796
16966,16.966,0.51788205,4.215266
16967,16.967,0.52242136,4.184381
16968,16.968,0.5180134,4.191836
16969,16.969,0.5315897,4.1839232
16970,16.97,0.52255625,4.2383127
16971,16.971,0.5278141,4.2203813
16972,16.972,0.52741396,4.209376
16973,16.973,0.5312472,4.2174854
16974,16.974,0.51639277,4.238904
16975,16.975,0.5250249,4.2441993
16976,16.976,0.5244073,4.2562184
16977,16.977,0.5247357,4.204963
16978,16.978,0.53250146,4.17522
16979,16.979,0.5367919,4.1938744
16980,16.98,0.5303633,4.194408
16981,16.981,0.533573,4.1958437
16982,16.982,0.5266158,4.216207
16983,16.983,0.5282278,4.212246
16984,16.984,0.5269678,4.240749
16985,16.985,0.5285385,4.213075
16986,16.986,0.532941,4.1918435
16987,16.987,0.5330052,4.193653
16988,16.988,0.525215,4.218032
16989,16.989,0.53168666,4.216663
16990,16.99,0.5233887,4.1925797
16991,16.991,0.52341783,4.16072
16992,16.992,0.5275567,4.1610017
16993,16.993,0.5301837,4.1670012
16994,16.994,0.5250643,4.188817
16995,16.995,0.5248882,4.2013173
16996,16.996,0.52137095,4.1876183
16997,16.997,0.53056866,4.1556044
16998,16.998,0.52321696,4.15772
16999,16.999,0.5252175,4.1806865
17000,17.0,0.525259,4.1651406
17001,17.001,0.520939,4.2084627
17002,17.002,0.52997506,4.1716146
17003,17.003,0.5329002,4.171872
17004,17.004,0.53364074,4.1900125
17005,17.005,0.540513,4.178916
17006,17.006,0.5408501,4.181783
17007,17.007,0.55302835,4.1874037
17008,17.008,0.5433478,4.174842
17009,17.009,0.53495675,4.224296
17010,17.01,0.5317668,4.1616235
17011,17.011,0.54036236,4.1779904
17012,17.012,0.5325571,4.187723
17013,17.013,0.5309887,4.1906953
17014,17.014,0.52229863,4.1700726
17015,17.015,0.526099,4.2098293
17016,17.016,0.54052675,4.139444
17017,17.017,0.5330512,4.1839046
17018,17.018,0.5286613,4.162283
17019,17.019,0.5255992,4.194461
17020,17.02,0.53953886,4.1866407
17021,17.021,0.5301203,4.194645
17022,17.022,0.5153354,4.1919127
17023,17.023,0.52582514,4.1784215
17024,17.024,0.517439,4.1673207
17025,17.025,0.52072823,4.1515
17026,17.026,0.51737124,4.1654143
17027,17.027,0.5256858,4.226155
17028,17.028,0.5315391,4.209224
17029,17.029,0.5141903,4.1807623
17030,17.03,0.51940465,4.181341
17031,17.031,0.5114027,4.192177
17032,17.032,0.51102424,4.192605
17033,17.033,0.51520455,4.195208
17034,17.034,0.5061339,4.1869497
17035,17.035,0.5101166,4.1690187
17036,17.036,0.49526098,4.171548
17037,17.037,0.49986678,4.190597
17038,17.038,0.5112913,4.1472507
17039,17.039,0.5085928,4.1910124
17040,17.04,0.49253646,4.1857834
17041,17.041,0.50907975,4.211131
17042,17.042,0.5070379,4.1816545
17043,17.043,0.5155128,4.1496363
17044,17.044,0.51049936,4.1793547
17045,17.045,0.5134254,4.164048
17046,17.046,0.5192784,4.1765127
17047,17.047,0.50978297,4.177832
17048,17.048,0.51145065,4.1523514
17049,17.049,0.5050901,4.1916423
17050,17.05,0.50564337,4.1993766
17051,17.051,0.5153681,4.1605315
17052,17.052,0.51752985,4.1749425
17053,17.053,0.522179,4.168723
17054,17.054,0.5163175,4.194794
17055,17.055,0.52079993,4.203045
17056,17.056,0.5142548,4.211982
17057,17.057,0.5141777,4.195482
17058,17.058,0.51165664,4.1841364
17059,17.059,0.5150106,4.2202163
17060,17.06,0.5070375,4.1710176
17061,17.061,0.5139689,4.1628575
17062,17.062,0.51065016,4.193578
17063,17.063,0.5058668,4.1601415
17064,17.064,0.510426,4.148614
17065,17.065,0.508085,4.1879754
17066,17.066,0.5091286,4.191286
17067,17.067,0.5244855,4.167872
17068,17.068,0.5136005,4.223511
17069,17.069,0.5128426,4.197513
17070,17.07,0.50657606,4.152009
17071,17.071,0.5036075,4.148925
17072,17.072,0.5070724,4.151336
17073,17.073,0.51599985,4.1279025
17074,17.074,0.502518,4.1701355
17075,17.075,0.5029584,4.18442
17076,17.076,0.5142193,4.156305
17077,17.077,0.5100724,4.1828766
17078,17.078,0.51574063,4.168427
17079,17.079,0.51634806,4.134927
17080,17.08,0.51876616,4.1591196
17081,17.081,0.5164614,4.199755
17082,17.082,0.50709915,4.191797
17083,17.083,0.50771534,4.191648
17084,17.084,0.50520945,4.16866
17085,17.085,0.5068472,4.1690574
17086,17.086,0.510306,4.173852
17087,17.087,0.49495453,4.1660957
17088,17.088,0.5004313,4.1751585
17089,17.089,0.50055486,4.1710687
17090,17.09,0.5085027,4.1764193
17091,17.091,0.49795222,4.194018
17092,17.092,0.4995876,4.150669
17093,17.093,0.49609742,4.1635594
17094,17.094,0.49506631,4.1764975
17095,17.095,0.49704596,4.209877
17096,17.096,0.49994278,4.189142
17097,17.097,0.50569755,4.1542044
17098,17.098,0.5126644,4.18706
17099,17.099,0.49847487,4.1995983
17100,17.1,0.49856657,4.2155385
17101,17.101,0.5069244,4.2132173
17102,17.102,0.51632464,4.263436
17103,17.103,0.50727534,4.2118587
17104,17.104,0.5078324,4.186272
17105,17.105,0.5146474,4.2083454
17106,17.106,0.5106004,4.178401
17107,17.107,0.5118456,4.2081146
17108,17.108,0.51380265,4.193093
17109,17.109,0.5109377,4.1968393
17110,17.11,0.52305424,4.1945257
17111,17.111,0.52144504,4.1749506
17112,17.112,0.5150404,4.193485
17113,17.113,0.5203192,4.1814075
17114,17.114,0.5320075,4.1684704
17115,17.115,0.53010887,4.176489
17116,17.116,0.51889485,4.6829724
17117,17.117,0.5248019,4.7789855
17118,17.118,0.5144112,4.768963
17119,17.119,0.5215179,4.641715
17120,17.12,0.5229228,4.160322
17121,17.121,0.51612216,4.18939
17122,17.122,0.51341,4.1553764
17123,17.123,0.52411395,4.594356
17124,17.124,0.52807873,4.5567074
17125,17.125,0.52118623,4.3985047
17126,17.126,0.52495503,4.6595163
17127,17.127,0.5261269,4.5063806
17128,17.128,0.5162877,4.687415
17129,17.129,0.52639395,4.4749403
17130,17.13,0.51396185,4.7188873
17131,17.131,0.5260493,4.6221905
17132,17.132,0.52292734,4.652894
17133,17.133,0.5157443,4.1758614
17134,17.134,0.50141364,4.1828756
17135,17.135,0.50861126,4.213715
17136,17.136,0.52324283,4.2026434
17137,17.137,0.51986057,4.185569
17138,17.138,0.5142467,4.748869
17139,17.139,0.5181383,4.77396
17140,17.14,0.512187,4.9332247
17141,17.141,0.5144686,4.196314
17142,17.142,0.5070828,4.187152
17143,17.143,0.5186919,4.194994
17144,17.144,0.51941127,4.169993
17145,17.145,0.51638585,4.5961056
17146,17.146,0.5132014,4.1678724
17147,17.147,0.5171236,4.2418165
17148,17.148,0.5152345,4.1921215
17149,17.149,0.5302626,4.1836033
17150,17.15,0.5220226,4.19202
17151,17.151,0.5210387,4.18727
17152,17.152,0.52018094,4.1562104
17153,17.153,0.52144855,4.1516776
17154,17.154,0.508784,4.152945
17155,17.155,0.5183086,4.1546564
17156,17.156,0.50857365,4.17708
17157,17.157,0.502491,4.1707745
17158,17.158,0.5043932,4.162641
17159,17.159,0.4999654,4.166584
17160,17.16,0.49936178,4.15479
17161,17.161,0.49909404,4.1919947
17162,17.162,0.49453145,4.179036
17163,17.163,0.5004407,4.1754446
17164,17.164,0.49642825,4.199956
17165,17.165,0.50084627,4.1957774
17166,17.166,0.4936673,4.1644664
17167,17.167,0.5016074,4.212931
17168,17.168,0.50730294,4.15097
17169,17.169,0.5043133,4.1608796
17170,17.17,0.5155411,4.1684785
17171,17.171,0.506928,4.148713
17172,17.172,0.5133624,4.140806
17173,17.173,0.50698096,4.144057
17174,17.174,0.5020005,4.161656
17175,17.175,0.5076169,4.163991
17176,17.176,0.5155458,4.162237
17177,17.177,0.4968457,4.155262
17178,17.178,0.50009173,4.1505957
17179,17.179,0.50853324,4.1536465
17180,17.18,0.5063024,4.1489177
17181,17.181,0.51252574,4.136206
17182,17.182,0.50329185,4.138553
17183,17.183,0.50562346,4.1508217
17184,17.184,0.5024045,4.1536903
17185,17.185,0.50627005,4.1515517
17186,17.186,0.5053069,4.17801
17187,17.187,0.50403243,4.178603
17188,17.188,0.5084015,4.186828
17189,17.189,0.5067879,4.1725082
17190,17.19,0.52034354,4.1844435
17191,17.191,0.514393,4.1935005
17192,17.192,0.51640767,4.2028637
17193,17.193,0.5131658,4.200365
17194,17.194,0.5204466,4.1785693
17195,17.195,0.51165533,4.166337
17196,17.196,0.501451,4.1671815
17197,17.197,0.5087546,4.16656
17198,17.198,0.50910276,4.151766
17199,17.199,0.5041709,4.1878576
17200,17.2,0.49996603,4.1969814
17201,17.201,0.5104169,4.1896524
17202,17.202,0.50394136,4.1636777
17203,17.203,0.5003118,4.1821747
17204,17.204,0.5014823,4.223898
17205,17.205,0.50139964,4.1526456
17206,17.206,0.50197184,4.1760406
17207,17.207,0.50962836,4.150025
17208,17.208,0.5144098,4.1594825
17209,17.209,0.5120513,4.2117944
17210,17.21,0.49789476,4.1760287
17211,17.211,0.51179093,4.179015
17212,17.212,0.5121407,4.1783714
17213,17.213,0.5204952,4.1755605
17214,17.214,0.5189691,4.1824064
17215,17.215,0.51969856,4.181427
17216,17.216,0.5195942,4.191919
17217,17.217,0.5202548,4.18021
17218,17.218,0.51873857,4.193251
17219,17.219,0.5201907,4.2180085
17220,17.22,0.52049476,4.175299
17221,17.221,0.52007425,4.141823
17222,17.222,0.5140726,4.1518283
17223,17.223,0.521343,4.141698
17224,17.224,0.51236427,4.160043
17225,17.225,0.5177166,4.1352186
17226,17.226,0.5243631,4.1433387
17227,17.227,0.51386577,4.154321
17228,17.228,0.51327544,4.146249
17229,17.229,0.5089669,4.1084332
17230,17.23,0.5075189,4.1793914
17231,17.231,0.5051293,4.1532097
17232,17.232,0.5168507,4.1808095
17233,17.233,0.5001813,4.151484
17234,17.234,0.51924396,4.1514926
17235,17.235,0.51272404,4.1637278
17236,17.236,0.51646185,4.149696
17237,17.237,0.51524943,4.144097
17238,17.238,0.5119889,4.18205
17239,17.239,0.50915354,4.1641903
17240,17.24,0.5118011,4.188019
17241,17.241,0.5169158,4.181114
17242,17.242,0.5143752,4.1888986
17243,17.243,0.5093211,4.201961
17244,17.244,0.5131693,4.194699
17245,17.245,0.50362575,4.1626925
17246,17.246,0.5118496,4.189545
17247,17.247,0.5153388,4.196674
17248,17.248,0.51512194,4.1999574
17249,17.249,0.5095347,4.1699376
17250,17.25,0.51016855,4.193836
17251,17.251,0.5118241,4.183986
17252,17.252,0.515626,4.1568165
17253,17.253,0.5127045,4.176841
17254,17.254,0.5183178,4.181199
17255,17.255,0.5206366,4.171931
17256,17.256,0.52148366,4.1686697
17257,17.257,0.5246704,4.1701655
17258,17.258,0.5146065,4.171165
17259,17.259,0.5134437,4.161067
17260,17.26,0.5008117,4.1904206
17261,17.261,0.50377727,4.1597214
17262,17.262,0.5021699,4.159896
17263,17.263,0.5105763,4.156696
17264,17.264,0.51088315,4.146487
17265,17.265,0.49966174,4.154916
17266,17.266,0.504737,4.1472373
17267,17.267,0.51023096,4.139982
17268,17.268,0.4989863,4.139534
17269,17.269,0.51396346,4.1529374
17270,17.27,0.5015425,4.1362796
17271,17.271,0.4982851,4.11157
17272,17.272,0.49719295,4.1840954
17273,17.273,0.49571708,4.1598845
17274,17.274,0.50526744,4.1836567
17275,17.275,0.5053275,4.187406
17276,17.276,0.5081492,4.1411586
17277,17.277,0.50087047,4.144152
17278,17.278,0.5027986,4.159438
17279,17.279,0.5125182,4.172414
17280,17.28,0.5141513,4.1747313
17281,17.281,0.5157673,4.1610303
17282,17.282,0.5225804,4.173936
17283,17.283,0.51839733,4.1926517
17284,17.284,0.5174956,4.200606
17285,17.285,0.51778704,4.2005982
17286,17.286,0.5225966,4.1958504
17287,17.287,0.51310927,4.1838083
17288,17.288,0.511119,4.180134
17289,17.289,0.5166639,4.188038
17290,17.29,0.53245723,4.185552
17291,17.291,0.5196426,4.1826096
17292,17.292,0.5307241,4.1683106
17293,17.293,0.5345257,4.20222
17294,17.294,0.5234529,4.1905007
17295,17.295,0.537648,4.1604004
17296,17.296,0.5312926,4.1638365
17297,17.297,0.5269243,4.157085
17298,17.298,0.5164216,4.1662173
17299,17.299,0.51151985,4.1646533
17300,17.3,0.5102383,4.1848173
17301,17.301,0.5123439,4.1798496
17302,17.302,0.518614,4.178009
17303,17.303,0.5167858,4.1846137
17304,17.304,0.5173931,4.180876
17305,17.305,0.51207185,4.1904984
17306,17.306,0.51320857,4.174124
17307,17.307,0.52508247,4.174065
17308,17.308,0.51900935,4.16234
17309,17.309,0.52637213,4.144872
17310,17.31,0.51853794,4.165403
17311,17.311,0.52098936,4.135086
17312,17.312,0.51501817,4.1475205
17313,17.313,0.5108374,4.1556644
17314,17.314,0.5132073,4.14593
17315,17.315,0.51470417,4.14265
17316,17.316,0.5122563,4.1441946
17317,17.317,0.50102216,4.1293745
17318,17.318,0.5100395,4.1624064
17319,17.319,0.5116638,4.162151
17320,17.32,0.5123777,4.1197076
17321,17.321,0.51446605,4.143591
17322,17.322,0.50346625,4.122368
17323,17.323,0.50565463,4.1776195
17324,17.324,0.50326544,4.1640096
17325,17.325,0.5132644,4.158714
17326,17.326,0.5219322,4.132165
17327,17.327,0.5199388,4.1543264
17328,17.328,0.52112216,4.120056
17329,17.329,0.5167335,4.1539507
17330,17.33,0.5104365,4.1810126
17331,17.331,0.5154098,4.17396
17332,17.332,0.51495546,4.176637
17333,17.333,0.51073056,4.180335
17334,17.334,0.5164509,4.1338053
17335,17.335,0.5101612,4.123414
17336,17.336,0.5101339,4.1483793
17337,17.337,0.5112551,4.150511
17338,17.338,0.5153035,4.1746163
17339,17.339,0.5106093,4.169114
17340,17.34,0.5069114,4.1304936
17341,17.341,0.5135801,4.1437774
17342,17.342,0.53085685,4.13981
17343,17.343,0.5389093,4.1796503
17344,17.344,0.5261415,4.1612024
17345,17.345,0.52528465,4.144199
17346,17.346,0.52853507,4.1647105
17347,17.347,0.52704585,4.135066
17348,17.348,0.53117347,4.1298394
17349,17.349,0.5324211,4.188436
17350,17.35,0.5364918,4.1478043
17351,17.351,0.52834374,4.1692185
17352,17.352,0.5388689,4.1588573
17353,17.353,0.5449653,4.1468773
17354,17.354,0.54453295,4.1351757
17355,17.355,0.54215086,4.151645
17356,17.356,0.54367423,4.142074
17357,17.357,0.53220993,4.160676
17358,17.358,0.5412183,4.1714993
17359,17.359,0.5463986,4.142507
17360,17.36,0.5397572,4.1331315
17361,17.361,0.54637814,4.1509285
17362,17.362,0.5394697,4.1543217
17363,17.363,0.5311569,4.141117
17364,17.364,0.53356826,4.1434355
17365,17.365,0.53765196,4.173281
17366,17.366,0.53895056,4.1440196
17367,17.367,0.5409466,4.13591
17368,17.368,0.53297776,4.1477184
17369,17.369,0.5321923,4.161981
17370,17.37,0.5415396,4.147957
17371,17.371,0.5366161,4.156635
17372,17.372,0.5457943,4.1396065
17373,17.373,0.5358635,4.1642838
17374,17.374,0.527794,4.1554303
17375,17.375,0.52105075,4.1538773
17376,17.376,0.53049487,4.1597757
17377,17.377,0.5323811,4.16988
17378,17.378,0.5193027,4.1452327
17379,17.379,0.5246695,4.1625366
17380,17.38,0.528937,4.1573243
17381,17.381,0.54044014,4.148952
17382,17.382,0.54562783,4.1750817
17383,17.383,0.54289836,4.164256
17384,17.384,0.5357109,4.156043
17385,17.385,0.5404097,4.1247983
17386,17.386,0.5383065,4.195369
17387,17.387,0.54277635,4.178856
17388,17.388,0.5430095,4.1519895
17389,17.389,0.5395031,4.173999
17390,17.39,0.5351604,4.1572976
17391,17.391,0.5415577,4.145193
17392,17.392,0.5468337,4.156654
17393,17.393,0.5313438,4.145769
17394,17.394,0.53954065,4.16427
17395,17.395,0.53581375,4.197569
17396,17.396,0.5429198,4.1519785
17397,17.397,0.53921616,4.148523
17398,17.398,0.53613174,4.166122
17399,17.399,0.5392185,4.152566
17400,17.4,0.53179455,4.1675367
17401,17.401,0.5388803,4.1744294
17402,17.402,0.5358704,4.140648
17403,17.403,0.5334928,4.1615496
17404,17.404,0.5385736,4.187647
17405,17.405,0.5387715,4.1817966
17406,17.406,0.54742694,4.167144
17407,17.407,0.5515544,4.166859
17408,17.408,0.5483645,4.13933
17409,17.409,0.5405795,4.1482816
17410,17.41,0.5397107,4.140612
17411,17.411,0.5336587,4.1487803
17412,17.412,0.53948313,4.143784
17413,17.413,0.540209,4.1590815
17414,17.414,0.54481393,4.1527686
17415,17.415,0.54239345,4.1666217
17416,17.416,0.54314184,4.1762056
17417,17.417,0.5340127,4.1501493
17418,17.418,0.5429296,4.1328344
17419,17.419,0.53843105,4.1554785
17420,17.42,0.5420245,4.1449957
17421,17.421,0.5368404,4.1753273
17422,17.422,0.53855085,4.1772814
17423,17.423,0.5383659,4.1586785
17424,17.424,0.52861035,4.128119
17425,17.425,0.53341866,4.191845
17426,17.426,0.5408264,4.1601877
17427,17.427,0.53350365,4.1748734
17428,17.428,0.5354343,4.1826105
17429,17.429,0.5349271,4.160497
17430,17.43,0.53058296,4.163469
17431,17.431,0.53929704,4.1693935
17432,17.432,0.5392015,4.1592393
17433,17.433,0.54095995,4.178108
17434,17.434,0.5331035,4.190217
17435,17.435,0.5280701,4.165202
17436,17.436,0.5282632,4.1557193
17437,17.437,0.53001636,4.1708975
17438,17.438,0.531751,4.173498
17439,17.439,0.53038347,4.16071
17440,17.44,0.5249826,4.170815
17441,17.441,0.52757794,4.1687164
17442,17.442,0.55032545,4.179633
17443,17.443,0.5381485,4.1608453
17444,17.444,0.5304818,4.198788
17445,17.445,0.5380245,4.171678
17446,17.446,0.53106415,4.188171
17447,17.447,0.5348152,4.178896
17448,17.448,0.5385336,4.173202
17449,17.449,0.5396718,4.1808996
17450,17.45,0.53487885,4.1637015
17451,17.451,0.5330371,4.1427774
17452,17.452,0.5364637,4.1730175
17453,17.453,0.5384135,4.2029886
17454,17.454,0.52781814,4.1739917
17455,17.455,0.5319557,4.1945014
17456,17.456,0.5379969,4.199482
17457,17.457,0.54100573,4.2024403
17458,17.458,0.5380127,4.177962
17459,17.459,0.5376075,4.163464
17460,17.46,0.53438854,4.1522284
17461,17.461,0.53521395,4.159593
17462,17.462,0.5369116,4.1455307
17463,17.463,0.5341166,4.178515
17464,17.464,0.5391158,4.1609826
17465,17.465,0.53997815,4.1636467
17466,17.466,0.53347707,4.202986
17467,17.467,0.5211863,4.1798854
17468,17.468,0.5363524,4.1487103
17469,17.469,0.5374359,4.1487355
17470,17.47,0.5358829,4.179467
17471,17.471,0.53925705,4.1401024
17472,17.472,0.54085636,4.1706905
17473,17.473,0.5465464,4.1922803
17474,17.474,0.5421059,4.1640368
17475,17.475,0.52882284,4.181113
17476,17.476,0.5316681,4.183624
17477,17.477,0.5458793,4.1725483
17478,17.478,0.5441261,4.2094207
17479,17.479,0.54607236,4.166556
17480,17.48,0.54114056,4.180162
17481,17.481,0.541364,4.1804705
17482,17.482,0.53160566,4.1684
17483,17.483,0.53618634,4.14985
17484,17.484,0.538898,4.1918287
17485,17.485,0.5455122,4.1492887
17486,17.486,0.53760266,4.181108
17487,17.487,0.5432188,4.161491
17488,17.488,0.53790444,4.177445
17489,17.489,0.540837,4.2125106
17490,17.49,0.5352329,4.194837
17491,17.491,0.5376374,4.1876736
17492,17.492,0.55042166,4.183624
17493,17.493,0.54084015,4.1696873
17494,17.494,0.54888964,4.139127
17495,17.495,0.5415622,4.1731424
17496,17.496,0.54906803,4.1679196
17497,17.497,0.54030526,4.1548743
17498,17.498,0.539679,4.130962
17499,17.499,0.5465588,4.1378765
17500,17.5,0.5461083,4.130174
17501,17.501,0.5374461,4.146487
17502,17.502,0.53378433,4.1844983
17503,17.503,0.53740156,4.159267
17504,17.504,0.54089457,4.1592436
17505,17.505,0.5478347,4.168374
17506,17.506,0.54429615,4.1441936
17507,17.507,0.53872114,4.1634045
17508,17.508,0.539755,4.162548
17509,17.509,0.53977865,4.180654
17510,17.51,0.5343192,4.146942
17511,17.511,0.5363903,4.1558433
17512,17.512,0.54895514,4.1756854
17513,17.513,0.5412711,4.1906943
17514,17.514,0.54046434,4.1578116
17515,17.515,0.53424704,4.165464
17516,17.516,0.53637856,4.1771708
17517,17.517,0.5452614,4.186427
17518,17.518,0.5436381,4.153712
17519,17.519,0.5357956,4.1502595
17520,17.52,0.53813547,4.192747
17521,17.521,0.54123735,4.1807413
17522,17.522,0.5438691,4.162115
17523,17.523,0.5409771,4.187103
17524,17.524,0.53931713,4.16635
17525,17.525,0.53976154,4.1564407
17526,17.526,0.5366639,4.1903443
17527,17.527,0.53518987,4.134772
17528,17.528,0.54521793,4.137151
17529,17.529,0.5414445,4.159662
17530,17.53,0.53656775,4.1579485
17531,17.531,0.5436809,4.150886
17532,17.532,0.5292598,4.1583548
17533,17.533,0.5362777,4.1704907
17534,17.534,0.53360033,4.187016
17535,17.535,0.5277253,4.1494813
17536,17.536,0.5390019,4.167593
17537,17.537,0.53403425,4.1670537
17538,17.538,0.53274053,4.162447
17539,17.539,0.5341902,4.1446133
17540,17.54,0.53441805,4.159022
17541,17.541,0.53393155,4.1775503
17542,17.542,0.5424389,4.1440225
17543,17.543,0.53298473,4.1924124
17544,17.544,0.5453962,4.1634965
17545,17.545,0.536584,4.156509
17546,17.546,0.54062396,4.169467
17547,17.547,0.5525656,4.147974
17548,17.548,0.54140824,4.1616144
17549,17.549,0.54110056,4.1454425
17550,17.55,0.54233503,4.1439824
17551,17.551,0.54198456,4.1663795
17552,17.552,0.53191596,4.126756
17553,17.553,0.5471341,4.150954
17554,17.554,0.53941995,4.1433887
17555,17.555,0.5453353,4.16772
17556,17.556,0.5492778,4.1701145
17557,17.557,0.554149,4.1809287
17558,17.558,0.5456081,4.15652
17559,17.559,0.53195053,4.142498
17560,17.56,0.5377576,4.1288214
17561,17.561,0.53250897,4.1448784
17562,17.562,0.5304186,4.147741
17563,17.563,0.5382631,4.1525836
17564,17.564,0.53906786,4.149315
17565,17.565,0.53266436,4.1430016
17566,17.566,0.53675413,4.1497874
17567,17.567,0.53199273,4.150206
17568,17.568,0.54129106,4.1491833
17569,17.569,0.5425574,4.1465926
17570,17.57,0.5445608,4.160791
17571,17.571,0.533145,4.1824846
17572,17.572,0.53909314,4.1572466
17573,17.573,0.5414674,4.1515436
17574,17.574,0.5447307,4.153976
17575,17.575,0.5445747,4.1560955
17576,17.576,0.53767216,4.1682787
17577,17.577,0.55006534,4.163795
17578,17.578,0.537161,4.1886826
17579,17.579,0.541059,4.18109
17580,17.58,0.5318044,4.177014
17581,17.581,0.5361363,4.1376176
17582,17.582,0.54418755,4.1536913
17583,17.583,0.53413564,4.1568007
17584,17.584,0.53369606,4.1545005
17585,17.585,0.5292367,4.1563025
17586,17.586,0.53974944,4.1560826
17587,17.587,0.54170465,4.167126
17588,17.588,0.5448277,4.1625786
17589,17.589,0.54718596,4.1973352
17590,17.59,0.5420677,4.1914644
17591,17.591,0.54379207,4.173887
17592,17.592,0.538397,4.154397
17593,17.593,0.53911453,4.171526
17594,17.594,0.5316018,4.155447
17595,17.595,0.539824,4.1598787
17596,17.596,0.5379228,4.1976585
17597,17.597,0.5417957,4.1646247
17598,17.598,0.5444628,4.1855474
17599,17.599,0.5457032,4.192085
17600,17.6,0.538469,4.1707234
17601,17.601,0.5456463,4.163978
17602,17.602,0.54157865,4.1480083
17603,17.603,0.5388316,4.148662
17604,17.604,0.54671943,4.185487
17605,17.605,0.5409837,4.1759753
17606,17.606,0.54308003,4.154472
17607,17.607,0.531185,4.181969
17608,17.608,0.54168797,4.137737
17609,17.609,0.53956366,4.1775656
17610,17.61,0.53525287,4.1533785
17611,17.611,0.53036505,4.1939816
17612,17.612,0.5278788,4.169951
17613,17.613,0.53344584,4.1871624
17614,17.614,0.530848,4.171859
17615,17.615,0.5396381,4.198608
17616,17.616,0.5393567,4.165793
17617,17.617,0.5344278,4.179094
17618,17.618,0.5349329,4.2108235
17619,17.619,0.5370877,4.2046127
17620,17.62,0.5322263,4.1422462
17621,17.621,0.536114,4.2002907
17622,17.622,0.53511786,4.1742983
17623,17.623,0.54462075,4.171674
17624,17.624,0.54643804,4.139418
17625,17.625,0.54256636,4.1521215
17626,17.626,0.53521377,4.1617937
17627,17.627,0.53204817,4.1804786
17628,17.628,0.55255854,4.15297
17629,17.629,0.54270726,4.166277
17630,17.63,0.5334213,4.1690407
17631,17.631,0.5372009,4.1470733
17632,17.632,0.53902745,4.1714187
17633,17.633,0.53903586,4.1568017
17634,17.634,0.5422374,4.1689014
17635,17.635,0.54213333,4.167857
17636,17.636,0.5463248,4.1814003
17637,17.637,0.537854,4.174033
17638,17.638,0.53866494,4.203741
17639,17.639,0.53686637,4.1683116
17640,17.64,0.53909975,4.153491
17641,17.641,0.54008055,4.193245
17642,17.642,0.526238,4.1381645
17643,17.643,0.5505987,4.159122
17644,17.644,0.54379445,4.148331
17645,17.645,0.54346484,4.136101
17646,17.646,0.54642475,4.137005
17647,17.647,0.5525732,4.1611385
17648,17.648,0.53855884,4.136628
17649,17.649,0.5314212,4.156761
17650,17.65,0.5346886,4.1428695
17651,17.651,0.53834707,4.1843543
17652,17.652,0.53539795,4.161639
17653,17.653,0.52317697,4.1636906
17654,17.654,0.5368463,4.176188
17655,17.655,0.54537505,4.1564054
17656,17.656,0.5387717,4.137073
17657,17.657,0.53738195,4.154777
17658,17.658,0.54276127,4.141472
17659,17.659,0.5384297,4.18745
17660,17.66,0.5374747,4.1724987
17661,17.661,0.5456457,4.1616526
17662,17.662,0.54578406,4.1816263
17663,17.663,0.5438987,4.191282
17664,17.664,0.54251945,4.1717534
17665,17.665,0.54464525,4.173878
17666,17.666,0.5372693,4.192092
17667,17.667,0.53566056,4.1781917
17668,17.668,0.54779285,4.17003
17669,17.669,0.5433745,4.1937413
17670,17.67,0.5375814,4.183377
17671,17.671,0.53864294,4.166147
17672,17.672,0.54506356,4.178432
17673,17.673,0.54610217,4.227878
17674,17.674,0.54061705,4.162179
17675,17.675,0.5394842,4.2009783
17676,17.676,0.5370658,4.195964
17677,17.677,0.5425149,4.216307
17678,17.678,0.5386007,4.188363
17679,17.679,0.5451434,4.1833425
17680,17.68,0.54225093,4.2131824
17681,17.681,0.54044527,4.189954
17682,17.682,0.542731,4.1826334
17683,17.683,0.5399516,4.187132
17684,17.684,0.5328724,4.186722
17685,17.685,0.5293309,4.166972
17686,17.686,0.5397788,4.151193
17687,17.687,0.5211701,4.190599
17688,17.688,0.54079795,4.1548862
17689,17.689,0.5518059,4.1986437
17690,17.69,0.5423004,4.185421
17691,17.691,0.54563874,4.218012
17692,17.692,0.5412053,4.205705
17693,17.693,0.53102773,4.188891
17694,17.694,0.5331539,4.127611
17695,17.695,0.5366452,4.1241164
17696,17.696,0.53562194,4.1838465
17697,17.697,0.54171234,4.191558
17698,17.698,0.539131,4.1544175
17699,17.699,0.5422594,4.1392484
17700,17.7,0.54138374,4.1687603
17701,17.701,0.53354377,4.164254
17702,17.702,0.541235,4.15693
17703,17.703,0.5396711,4.126094
17704,17.704,0.54077286,4.1418877
17705,17.705,0.53996325,4.1631074
17706,17.706,0.54152554,4.154857
17707,17.707,0.5340797,4.1568494
17708,17.708,0.5362406,4.169231
17709,17.709,0.5281949,4.191161
17710,17.71,0.534733,4.162523
17711,17.711,0.53487563,4.1742253
17712,17.712,0.5394974,4.168022
17713,17.713,0.5409356,4.17269
17714,17.714,0.53904814,4.186331
17715,17.715,0.5429094,4.169143
17716,17.716,0.53916395,4.173022
17717,17.717,0.54439676,4.202372
17718,17.718,0.54343444,4.1543775
17719,17.719,0.5354162,4.185728
17720,17.72,0.53477013,4.168159
17721,17.721,0.53991926,4.1304765
17722,17.722,0.5396443,4.1607747
17723,17.723,0.54644036,4.1922784
17724,17.724,0.5408055,4.1750984
17725,17.725,0.54617274,4.184071
17726,17.726,0.5430906,4.1844797
17727,17.727,0.5426339,4.180838
17728,17.728,0.53828824,4.195877
17729,17.729,0.54095393,4.2117133
17730,17.73,0.5364648,4.1734533
17731,17.731,0.5377049,4.2103987
17732,17.732,0.5328184,4.1886206
17733,17.733,0.53933454,4.1645975
17734,17.734,0.5452353,4.178434
17735,17.735,0.5519396,4.1861725
17736,17.736,0.537072,4.167741
17737,17.737,0.53776056,5.4677863
17738,17.738,0.5437373,5.3069625
17739,17.739,0.5293034,5.385675
17740,17.74,0.52848035,4.174781
17741,17.741,0.53296083,2.8971152
17742,17.742,0.5347127,5.1748447
17743,17.743,0.53916687,5.2397056
17744,17.744,0.5396877,5.1886196
17745,17.745,0.55134434,5.0906215
17746,17.746,0.5463412,5.2641454
17747,17.747,0.54716164,4.1661716
17748,17.748,0.53274745,5.189974
17749,17.749,0.531524,5.3361545
17750,17.75,0.5267332,4.1552844
17751,17.751,0.53864765,2.8844812
17752,17.752,0.54795384,4.153812
17753,17.753,0.53572506,5.1785536
17754,17.754,0.53522885,4.1548953
17755,17.755,0.53010726,5.118599
17756,17.756,0.5312107,5.2311106
17757,17.757,0.5310505,5.145597
17758,17.758,0.5307987,4.9579287
17759,17.759,0.5117576,5.0402236
17760,17.76,0.5297764,4.1559854
17761,17.761,0.5388618,4.1336145
17762,17.762,0.52783954,2.8828392
17763,17.763,0.531621,5.01014
17764,17.764,0.53088754,5.1758657
17765,17.765,0.534209,5.0640383
17766,17.766,0.5266658,4.9900923
17767,17.767,0.5397076,5.0132504
17768,17.768,0.5393197,4.1575894
17769,17.769,0.53480244,4.944298
17770,17.77,0.54629374,4.9338717
17771,17.771,0.5368414,4.1378775
17772,17.772,0.5264794,4.151494
17773,17.773,0.52910364,4.15688
17774,17.774,0.53967273,4.156958
17775,17.775,0.5324495,4.151916
17776,17.776,0.539902,4.160063
17777,17.777,0.54405564,4.15665
17778,17.778,0.54009265,4.1834617
17779,17.779,0.5394214,4.1650457
17780,17.78,0.53509593,4.837884
17781,17.781,0.54296005,4.703329
17782,17.782,0.5353116,4.136122
17783,17.783,0.54166496,4.7145114
17784,17.784,0.535784,4.6247616
17785,17.785,0.5476688,4.676332
17786,17.786,0.5377384,4.159476
17787,17.787,0.5429586,2.7069027
17788,17.788,0.54348534,2.8759072
17789,17.789,0.54450864,4.136679
17790,17.79,0.5377281,3.0429733
17791,17.791,0.54467446,4.163023
17792,17.792,0.54974276,4.163835
17793,17.793,0.5462145,4.4979453
17794,17.794,0.54419756,4.1570177
17795,17.795,0.5437914,4.1286926
17796,17.796,0.5507192,4.149501
17797,17.797,0.54230094,4.5863137
17798,17.798,0.5511732,4.497759
17799,17.799,0.5347503,4.6052575
17800,17.8,0.5393031,4.1440935
17801,17.801,0.53438824,4.158128
17802,17.802,0.5309953,4.1529355
17803,17.803,0.53084105,4.1481724
17804,17.804,0.5238839,4.1583796
17805,17.805,0.5329617,4.178589
17806,17.806,0.5392801,4.1613083
17807,17.807,0.54037356,4.168985
17808,17.808,0.53135973,4.1766047
17809,17.809,0.5328596,4.160275
17810,17.81,0.524693,4.1644197
17811,17.811,0.5303796,4.19453
17812,17.812,0.52984786,4.163392
17813,17.813,0.5334866,4.18464
17814,17.814,0.5285838,4.1783533
17815,17.815,0.53655016,4.1736884
17816,17.816,0.5388215,4.158748
17817,17.817,0.54224586,4.1520033
17818,17.818,0.5463569,4.15906
17819,17.819,0.5509279,4.13299
17820,17.82,0.5431677,5.452898
17821,17.821,0.54601264,5.5195694
17822,17.822,0.53627235,5.3726125
17823,17.823,0.53890866,5.329025
17824,17.824,0.5352069,5.217182
17825,17.825,0.5341416,5.0824227
17826,17.826,0.53000927,5.1001954
17827,17.827,0.5394044,5.0996017
17828,17.828,0.5472504,5.143067
17829,17.829,0.5418544,5.216262
17830,17.83,0.548641,5.142594
17831,17.831,0.54525363,5.08456
17832,17.832,0.545229,5.2391067
17833,17.833,0.54467404,5.1319065
17834,17.834,0.5407677,5.0728216
17835,17.835,0.53992355,5.213609
17836,17.836,0.55094105,5.057818
17837,17.837,0.5383583,5.047213
17838,17.838,0.54079413,4.9979086
17839,17.839,0.5379166,5.0505385
17840,17.84,0.5430553,4.9419494
17841,17.841,0.54917485,5.0393324
17842,17.842,0.5406391,5.109159
17843,17.843,0.5495046,5.073697
17844,17.844,0.5483349,3.4901907
17845,17.845,0.5527717,3.4239514
17846,17.846,0.5518823,3.5015469
17847,17.847,0.54620904,3.2652428
17848,17.848,0.5484162,3.4448204
17849,17.849,0.55089176,3.3226445
17850,17.85,0.54646283,3.2992513
17851,17.851,0.5406973,3.2928166
17852,17.852,0.5558476,3.4169927
17853,17.853,0.5518448,3.3899724
17854,17.854,0.54221594,3.170229
17855,17.855,0.5357492,3.3426044
17856,17.856,0.5375612,3.3155046
17857,17.857,0.5312459,3.3521614
17858,17.858,0.53989124,3.4110165
17859,17.859,0.5400008,3.3599832
17860,17.86,0.54550105,3.1507087
17861,17.861,0.5432213,3.161963
17862,17.862,0.5440193,3.3420362
17863,17.863,0.5371782,3.3201852
17864,17.864,0.5328153,3.4181304
17865,17.865,0.53347707,3.2924457
17866,17.866,0.53149444,3.3850157
17867,17.867,0.53395945,3.6458986
17868,17.868,0.53414947,3.5397918
17869,17.869,0.54224235,4.169034
17870,17.87,0.5430498,4.1801095
17871,17.871,0.53406763,4.178023
17872,17.872,0.53742844,4.162272
17873,17.873,0.53812075,4.1916203
17874,17.874,0.54239285,4.1939697
17875,17.875,0.54524446,4.1755795
17876,17.876,0.53328174,3.5777686
17877,17.877,0.54789406,4.1627584
17878,17.878,0.5403036,4.1831837
17879,17.879,0.5255084,4.143446
17880,17.88,0.5308048,3.7988243
17881,17.881,0.5293296,4.174136
17882,17.882,0.5305919,4.1685863
17883,17.883,0.5282562,4.166104
17884,17.884,0.528549,4.149046
17885,17.885,0.5212924,4.164781
17886,17.886,0.53177106,3.618623
17887,17.887,0.53572387,4.1586814
17888,17.888,0.5369951,3.6640337
17889,17.889,0.5436766,4.131761
17890,17.89,0.5333795,4.1629767
17891,17.891,0.538256,4.1620607
17892,17.892,0.5388265,3.6749313
17893,17.893,0.53379285,4.1467853
17894,17.894,0.5410354,3.7963336
17895,17.895,0.53447056,4.1470623
17896,17.896,0.5383107,4.1656766
17897,17.897,0.5361994,4.154918
17898,17.898,0.5439724,4.353288
17899,17.899,0.5389624,4.288527
17900,17.9,0.5380628,4.6655407
17901,17.901,0.54500616,4.6984
17902,17.902,0.5382702,4.699347
17903,17.903,0.53798926,4.683883
17904,17.904,0.54166603,4.49404
17905,17.905,0.539187,4.594997
17906,17.906,0.53710836,4.6467204
17907,17.907,0.5388481,4.156706
17908,17.908,0.54201615,4.1878495
17909,17.909,0.53849834,4.1788964
17910,17.91,0.54054564,4.170383
17911,17.911,0.5444514,4.1769466
17912,17.912,0.54934704,4.1824007
17913,17.913,0.5428016,4.160697
17914,17.914,0.5303874,4.1371818
17915,17.915,0.5384792,4.1839843
17916,17.916,0.53994197,4.143327
17917,17.917,0.53709865,4.161579
17918,17.918,0.5477318,4.142797
17919,17.919,0.53735894,4.153316
17920,17.92,0.5380122,4.130306
17921,17.921,0.5378619,4.1460714
17922,17.922,0.5427689,4.894646
17923,17.923,0.53942674,4.147235
17924,17.924,0.54475725,4.134473
17925,17.925,0.5463129,4.1400995
17926,17.926,0.5485953,4.686961
17927,17.927,0.54189354,4.8235083
17928,17.928,0.5427791,4.847274
17929,17.929,0.5450653,4.1615543
17930,17.93,0.54213,4.164037
17931,17.931,0.53963274,4.9651976
17932,17.932,0.5388466,5.073761
17933,17.933,0.53080636,4.1735663
17934,17.934,0.5448526,4.1719255
17935,17.935,0.5341466,4.1947794
17936,17.936,0.53381675,4.188624
17937,17.937,0.5360558,4.139058
17938,17.938,0.53085434,4.186322
17939,17.939,0.5268337,4.1566668
17940,17.94,0.5233703,4.140291
17941,17.941,0.5239633,4.191982
17942,17.942,0.52447045,4.14679
17943,17.943,0.5224274,4.1489096
17944,17.944,0.52023464,4.160599
17945,17.945,0.5253605,4.1604204
17946,17.946,0.5278349,4.1819887
17947,17.947,0.5293067,4.161926
17948,17.948,0.52570695,4.1455965
17949,17.949,0.5327736,4.14757
17950,17.95,0.52330637,4.156838
17951,17.951,0.5286185,4.164909
17952,17.952,0.5335982,4.1640005
17953,17.953,0.5403146,4.177715
17954,17.954,0.53423125,4.184431
17955,17.955,0.528625,4.1896157
17956,17.956,0.5370334,4.1620774
17957,17.957,0.5294101,4.175611
17958,17.958,0.5293602,4.130186
17959,17.959,0.52953786,4.1957073
17960,17.96,0.52948916,4.1774096
17961,17.961,0.529851,4.1594906
17962,17.962,0.52735937,4.1725783
17963,17.963,0.53733695,4.182445
17964,17.964,0.5351585,4.18163
17965,17.965,0.528072,4.1686525
17966,17.966,0.5367028,4.168826
17967,17.967,0.5348984,4.1562576
17968,17.968,0.5305611,4.175629
17969,17.969,0.53723,4.16949
17970,17.97,0.5305197,4.1558123
17971,17.971,0.5273521,4.1469684
17972,17.972,0.53513664,4.1786036
17973,17.973,0.5382332,4.1845603
17974,17.974,0.54367936,4.1762753
17975,17.975,0.5366219,4.176332
17976,17.976,0.5503923,4.172917
17977,17.977,0.5397355,4.181621
17978,17.978,0.5347637,4.169153
17979,17.979,0.5296472,4.150746
17980,17.98,0.53465104,4.171102
17981,17.981,0.52427125,4.1615777
17982,17.982,0.5320262,4.161258
17983,17.983,0.53470874,4.159956
17984,17.984,0.5315688,4.1528
17985,17.985,0.5378634,4.1568546
17986,17.986,0.5444611,4.158359
17987,17.987,0.5357997,4.1502743
17988,17.988,0.536349,4.1638956
17989,17.989,0.5380367,4.1458387
17990,17.99,0.54079586,4.1731014
17991,17.991,0.5414637,4.1732144
17992,17.992,0.54380137,4.1498523
17993,17.993,0.5415821,4.156688
17994,17.994,0.5409082,4.1440825
17995,17.995,0.53728783,4.158432
17996,17.996,0.53524786,4.161925
17997,17.997,0.5383231,4.1641407
17998,17.998,0.54304564,4.163353
17999,17.999,0.54241073,4.1290116
18000,18.0,0.54087955,4.17254
18001,18.001,0.5346122,4.1760645
18002,18.002,0.5458479,4.1736054
18003,18.003,0.54162925,4.1691613
18004,18.004,0.5292186,4.191512
18005,18.005,0.5398881,4.189103
18006,18.006,0.53793025,4.1734548
18007,18.007,0.53933954,4.1651955
18008,18.008,0.5373919,4.2485137
18009,18.009,0.53227955,4.189912
18010,18.01,0.5336118,4.1859894
18011,18.011,0.53373176,4.1754713
18012,18.012,0.5375381,4.187854
18013,18.013,0.5355774,4.1763735
18014,18.014,0.5417684,4.1447186
18015,18.015,0.5406636,4.18549
18016,18.016,0.53607494,4.1524386
18017,18.017,0.535597,4.2122717
18018,18.018,0.5360589,4.216002
18019,18.019,0.53683764,4.1435304
18020,18.02,0.53388566,4.146053
18021,18.021,0.53910077,4.1926923
18022,18.022,0.5386376,4.1756997
18023,18.023,0.53729635,4.186993
18024,18.024,0.5436296,4.176552
18025,18.025,0.53392124,4.1854305
18026,18.026,0.5335137,4.189189
18027,18.027,0.5317904,4.158067
18028,18.028,0.5432358,4.170835
18029,18.029,0.54368013,4.173708
18030,18.03,0.54268545,4.1606607
18031,18.031,0.5482575,4.153139
18032,18.032,0.55402166,4.1671724
18033,18.033,0.5457624,4.165777
18034,18.034,0.54376096,4.1660857
18035,18.035,0.5481887,4.1831183
18036,18.036,0.53905797,4.1676946
18037,18.037,0.5392094,4.175605
18038,18.038,0.54707676,4.172491
18039,18.039,0.53747135,4.172079
18040,18.04,0.54515433,4.14809
18041,18.041,0.53738,4.178919
18042,18.042,0.5346851,4.1652513
18043,18.043,0.5389694,4.1780114
18044,18.044,0.53302735,4.1838646
18045,18.045,0.5473379,4.209764
18046,18.046,0.54049534,4.154433
18047,18.047,0.5446888,4.166481
18048,18.048,0.5329069,4.138254
18049,18.049,0.5373975,4.12247
18050,18.05,0.5424323,4.123863
18051,18.051,0.53789204,4.1569796
18052,18.052,0.53165406,4.1686606
18053,18.053,0.5322185,4.1682653
18054,18.054,0.5298584,4.185859
18055,18.055,0.54275906,4.168252
18056,18.056,0.541629,4.1934934
18057,18.057,0.5300019,4.1590586
18058,18.058,0.5357772,4.164545
18059,18.059,0.5409644,4.1623797
18060,18.06,0.5387357,4.181253
18061,18.061,0.5255926,4.162752
18062,18.062,0.53635794,4.1781325
18063,18.063,0.53410345,4.167068
18064,18.064,0.5308477,4.16879
18065,18.065,0.5446546,4.134195
18066,18.066,0.5490472,4.130113
18067,18.067,0.538818,4.1703854
18068,18.068,0.5467665,4.139746
18069,18.069,0.5416761,4.1960926
18070,18.07,0.5363966,4.18141
18071,18.071,0.546726,4.157158
18072,18.072,0.55196667,4.183794
18073,18.073,0.55469126,4.232666
18074,18.074,0.5542359,4.1619043
18075,18.075,0.55134815,4.179459
18076,18.076,0.5542749,4.2302175
18077,18.077,0.5594409,4.2055836
18078,18.078,0.5520877,4.1660643
18079,18.079,0.55219084,4.1946206
18080,18.08,0.54511654,4.1727705
18081,18.081,0.5484836,4.1394877
18082,18.082,0.544299,4.162348
18083,18.083,0.5378384,4.177703
18084,18.084,0.5335944,4.17853
18085,18.085,0.53983366,4.2344236
18086,18.086,0.547185,4.264026
18087,18.087,0.55224156,4.2412667
18088,18.088,0.5466821,4.1885853
18089,18.089,0.54853165,4.184035
18090,18.09,0.55102116,4.1782436
18091,18.091,0.5450394,4.1799397
18092,18.092,0.5485607,4.1959567
18093,18.093,0.54089385,4.152661
18094,18.094,0.5387055,4.1886544
18095,18.095,0.53167486,4.1730647
18096,18.096,0.53193164,4.128384
18097,18.097,0.5375565,4.1804557
18098,18.098,0.551959,4.146996
18099,18.099,0.5443855,4.1833744
18100,18.1,0.5364351,4.177127
18101,18.101,0.536832,4.1713963
18102,18.102,0.54737014,4.1421065
18103,18.103,0.54023737,4.196586
18104,18.104,0.5407538,4.154507
18105,18.105,0.5398419,4.163672
18106,18.106,0.5373495,4.1747665
18107,18.107,0.53752106,4.1701674
18108,18.108,0.5458911,4.192624
18109,18.109,0.5350813,4.1794
18110,18.11,0.5381358,4.1513815
18111,18.111,0.5360927,4.1781535
18112,18.112,0.5319432,4.138496
18113,18.113,0.53894293,4.1259437
18114,18.114,0.5342411,4.186066
18115,18.115,0.5369309,4.155755
18116,18.116,0.5295586,4.1707253
18117,18.117,0.5287904,4.188283
18118,18.118,0.5360128,4.1483617
18119,18.119,0.5362944,4.183085
18120,18.12,0.5297294,4.183919
18121,18.121,0.53210545,4.177249
18122,18.122,0.5274643,4.182546
18123,18.123,0.5355362,4.16435
18124,18.124,0.5273445,4.173431
18125,18.125,0.536085,4.1846614
18126,18.126,0.5383532,4.152365
18127,18.127,0.53949475,4.1582212
18128,18.128,0.54737747,4.169815
18129,18.129,0.5449546,4.1163726
18130,18.13,0.53743476,4.1675453
18131,18.131,0.5367506,4.1550927
18132,18.132,0.5407451,4.1933346
18133,18.133,0.53826153,4.176658
18134,18.134,0.52222675,4.1500945
18135,18.135,0.53523785,4.1927752
18136,18.136,0.535301,4.201763
18137,18.137,0.5323985,4.198062
18138,18.138,0.5438345,4.1909394
18139,18.139,0.54397666,4.1648855
18140,18.14,0.543283,4.1594963
18141,18.141,0.5513503,4.200091
18142,18.142,0.54936653,4.181227
18143,18.143,0.5534276,4.1736064
18144,18.144,0.54688567,4.1554537
18145,18.145,0.5508449,4.167077
18146,18.146,0.55326813,4.1832724
18147,18.147,0.5580569,4.21053
18148,18.148,0.5471344,4.1584563
18149,18.149,0.54223007,4.2098136
18150,18.15,0.54437584,4.1805606
18151,18.151,0.5556702,4.186411
18152,18.152,0.557519,4.1951537
18153,18.153,0.5478661,4.1818604
18154,18.154,0.54213244,4.191484
18155,18.155,0.54741436,4.180157
18156,18.156,0.55107605,4.1516404
18157,18.157,0.5401511,4.187092
18158,18.158,0.54599565,4.178534
18159,18.159,0.5412526,4.161888
18160,18.16,0.5432012,4.1650968
18161,18.161,0.54326266,4.1237254
18162,18.162,0.55060285,4.162274
18163,18.163,0.53956175,4.17009
18164,18.164,0.5436308,4.2074995
18165,18.165,0.53998214,4.1958523
18166,18.166,0.5438594,4.1544356
18167,18.167,0.5424793,4.1838727
18168,18.168,0.5443784,4.1524944
18169,18.169,0.54160434,4.135751
18170,18.17,0.54358053,4.1747475
18171,18.171,0.5605791,4.189082
18172,18.172,0.54810005,4.1764755
18173,18.173,0.5425334,4.176882
18174,18.174,0.55572826,4.197641
18175,18.175,0.5412763,4.1851635
18176,18.176,0.5555096,4.166194
18177,18.177,0.54429865,4.1808214
18178,18.178,0.5603838,4.1856785
18179,18.179,0.55325925,4.1764884
18180,18.18,0.54690456,4.1573367
18181,18.181,0.5551439,4.1698236
18182,18.182,0.55368304,4.198214
18183,18.183,0.5510532,4.206473
18184,18.184,0.55685306,4.1841545
18185,18.185,0.54590386,4.2111526
18186,18.186,0.5470858,4.11054
18187,18.187,0.5538886,4.1905103
18188,18.188,0.55561686,4.188167
18189,18.189,0.5452991,4.1737113
18190,18.19,0.550075,4.179407
18191,18.191,0.54408526,4.175363
18192,18.192,0.54615337,4.214323
18193,18.193,0.55134773,4.1670136
18194,18.194,0.55094564,4.177001
18195,18.195,0.54547805,4.156779
18196,18.196,0.5561631,4.1517205
18197,18.197,0.54409915,4.1733904
18198,18.198,0.5449988,4.1626964
18199,18.199,0.54836076,4.16279
18200,18.2,0.5432915,4.1720085
18201,18.201,0.5485308,4.142939
18202,18.202,0.55635977,4.15177
18203,18.203,0.55011725,4.1568136
18204,18.204,0.5470571,4.1678076
18205,18.205,0.5460613,4.174701
18206,18.206,0.5380273,4.165737
18207,18.207,0.5358793,4.1482606
18208,18.208,0.52196807,4.162776
18209,18.209,0.5402167,4.1723523
18210,18.21,0.53167164,4.180133
18211,18.211,0.5376685,4.170473
18212,18.212,0.54095256,4.138942
18213,18.213,0.54190433,4.18328
18214,18.214,0.5369672,4.136901
18215,18.215,0.53944665,4.1462774
18216,18.216,0.54920137,4.136664
18217,18.217,0.5381448,4.136451
18218,18.218,0.5344505,4.1364145
18219,18.219,0.55005735,4.1550756
18220,18.22,0.5408019,4.1475067
18221,18.221,0.53781396,4.165039
18222,18.222,0.5380401,4.1552553
18223,18.223,0.5464205,4.2012534
18224,18.224,0.53366244,4.188252
18225,18.225,0.5408788,4.1394143
18226,18.226,0.538017,4.178008
18227,18.227,0.5410646,4.17031
18228,18.228,0.53912145,4.1879086
18229,18.229,0.5407614,4.185965
18230,18.23,0.5411706,4.195177
18231,18.231,0.54417664,4.1644816
18232,18.232,0.56129813,4.1491656
18233,18.233,0.5454743,4.161507
18234,18.234,0.541097,4.1587934
18235,18.235,0.5430821,4.13325
18236,18.236,0.5349892,4.1494055
18237,18.237,0.53415805,4.1184926
18238,18.238,0.5246025,4.0807714
18239,18.239,0.54212576,4.1436806
18240,18.24,0.5396768,4.099246
18241,18.241,0.54719305,4.1434426
18242,18.242,0.54053104,4.135166
18243,18.243,0.53370655,4.143587
18244,18.244,0.52924293,4.112383
18245,18.245,0.52656484,4.1207986
18246,18.246,0.5247221,4.1525393
18247,18.247,0.5265102,4.1702943
18248,18.248,0.5308539,4.167896
18249,18.249,0.5319224,4.1529894
18250,18.25,0.5346678,4.184325
18251,18.251,0.533798,4.1405773
18252,18.252,0.5220694,4.147375
18253,18.253,0.5431399,4.17657
18254,18.254,0.5304391,4.178893
18255,18.255,0.5433579,4.159987
18256,18.256,0.5449756,4.160992
18257,18.257,0.5408215,4.1904364
18258,18.258,0.53791404,4.120868
18259,18.259,0.54829305,4.1565657
18260,18.26,0.537711,4.161865
18261,18.261,0.5355024,4.1572256
18262,18.262,0.5345361,4.119062
18263,18.263,0.5321167,4.1567435
18264,18.264,0.5359642,4.1790385
18265,18.265,0.54192805,4.1756134
18266,18.266,0.53238773,4.166799
18267,18.267,0.53409076,4.1660585
18268,18.268,0.53412706,4.173081
18269,18.269,0.5353388,4.1622496
18270,18.27,0.5431584,4.1630964
18271,18.271,0.5420575,4.165872
18272,18.272,0.53436494,4.1446576
18273,18.273,0.54250336,4.1199684
18274,18.274,0.5308545,4.1653566
18275,18.275,0.543813,4.1680984
18276,18.276,0.5376069,4.158904
18277,18.277,0.5284377,4.1395745
18278,18.278,0.5149728,4.149222
18279,18.279,0.5293137,4.1478515
18280,18.28,0.52309966,4.1652555
18281,18.281,0.54313976,4.137592
18282,18.282,0.5261612,4.172854
18283,18.283,0.5317451,4.125235
18284,18.284,0.5353664,4.1545653
18285,18.285,0.5364412,4.1636305
18286,18.286,0.53341305,4.208929
18287,18.287,0.54250044,4.185713
18288,18.288,0.54080087,4.159444
18289,18.289,0.54059607,4.160933
18290,18.29,0.5371155,4.1767488
18291,18.291,0.5428884,4.166631
18292,18.292,0.5438005,4.1918597
18293,18.293,0.5490502,4.1664023
18294,18.294,0.54588604,4.2005877
18295,18.295,0.5429168,4.1488686
18296,18.296,0.5390764,4.179826
18297,18.297,0.53038204,4.19387
18298,18.298,0.5332213,4.176521
18299,18.299,0.5355858,4.170893
18300,18.3,0.55071515,4.192596
18301,18.301,0.5303315,4.1508584
18302,18.302,0.5374693,4.181499
18303,18.303,0.53210837,4.1360693
18304,18.304,0.53124744,4.190688
18305,18.305,0.53068197,4.1714587
18306,18.306,0.53455704,4.1705894
18307,18.307,0.5325421,4.1744285
18308,18.308,0.52025527,4.183797
18309,18.309,0.52865076,4.164126
18310,18.31,0.53333116,4.124534
18311,18.311,0.51828593,4.130634
18312,18.312,0.5136357,4.15464
18313,18.313,0.5236855,4.1491795
18314,18.314,0.5156493,4.201442
18315,18.315,0.5166567,4.168782
18316,18.316,0.5169479,4.1874657
18317,18.317,0.52207893,4.1573315
18318,18.318,0.53066856,4.1524467
18319,18.319,0.52611524,4.1615534
18320,18.32,0.5313316,4.220119
18321,18.321,0.5169775,4.225565
18322,18.322,0.52891344,4.221019
18323,18.323,0.5193729,4.1824007
18324,18.324,0.5307912,4.169016
18325,18.325,0.5321957,4.1795044
18326,18.326,0.52295357,4.190551
18327,18.327,0.524611,4.1650424
18328,18.328,0.5302959,4.151851
18329,18.329,0.5179658,4.1641583
18330,18.33,0.5261629,4.1662803
18331,18.331,0.5316612,4.185208
18332,18.332,0.52513045,4.1771436
18333,18.333,0.5416891,4.1590986
18334,18.334,0.52721083,4.1537204
18335,18.335,0.53001493,4.1781645
18336,18.336,0.5388141,4.179342
18337,18.337,0.5328288,4.175048
18338,18.338,0.54223067,4.169295
18339,18.339,0.54577535,4.195011
18340,18.34,0.5339573,4.1946063
18341,18.341,0.5316942,4.1935124
18342,18.342,0.5452995,4.151263
18343,18.343,0.53002864,4.181135
18344,18.344,0.53263825,4.1936297
18345,18.345,0.52715826,4.1478825
18346,18.346,0.53487724,4.180384
18347,18.347,0.52732736,4.172142
18348,18.348,0.5361291,4.15553
18349,18.349,0.5383078,4.172017
18350,18.35,0.528717,4.146611
18351,18.351,0.5316169,4.142694
18352,18.352,0.52405304,4.16854
18353,18.353,0.53726065,4.1887374
18354,18.354,0.5325787,4.2016673
18355,18.355,0.52948654,4.180838
18356,18.356,0.53518295,4.1932616
18357,18.357,0.5346928,4.153155
18358,18.358,0.53690815,4.1886816
18359,18.359,0.5287853,4.182038
18360,18.36,0.5259427,4.206295
18361,18.361,0.5372428,4.1927304
18362,18.362,0.51710707,4.1584673
18363,18.363,0.5067046,4.146583
18364,18.364,0.51584476,4.1626368
18365,18.365,0.52901155,4.1608086
18366,18.366,0.521085,4.1607075
18367,18.367,0.52903503,4.161892
18368,18.368,0.5261128,4.1748075
18369,18.369,0.5280757,4.198869
18370,18.37,0.5153876,4.1981792
18371,18.371,0.5150883,4.1762958
18372,18.372,0.5224161,4.1540303
18373,18.373,0.52659273,4.168254
18374,18.374,0.51805305,4.1627197
18375,18.375,0.5320084,4.1863775
18376,18.376,0.5285131,4.194116
18377,18.377,0.5158827,4.187456
18378,18.378,0.5227715,4.1621475
18379,18.379,0.5285778,4.159245
18380,18.38,0.5254895,4.1804504
18381,18.381,0.5346465,4.1504555
18382,18.382,0.53100073,4.1847258
18383,18.383,0.52349013,4.164906
18384,18.384,0.5184166,4.204644
18385,18.385,0.52983594,4.197083
18386,18.386,0.527122,4.186209
18387,18.387,0.5200977,4.164427
18388,18.388,0.5193014,4.1446137
18389,18.389,0.5224168,4.2016935
18390,18.39,0.5304925,4.1789694
18391,18.391,0.5332199,4.1970468
18392,18.392,0.5269759,4.165793
18393,18.393,0.52556586,4.177099
18394,18.394,0.52643275,4.200262
18395,18.395,0.53394526,4.177174
18396,18.396,0.5215391,4.1916804
18397,18.397,0.52120996,4.195043
18398,18.398,0.52774143,4.1762676
18399,18.399,0.51244336,4.1674085
18400,18.4,0.52858424,4.169695
18401,18.401,0.521168,4.198782
18402,18.402,0.5286344,4.179917
18403,18.403,0.53220564,4.192577
18404,18.404,0.5154527,4.1676044
18405,18.405,0.52108806,4.2073708
18406,18.406,0.53110915,4.208055
18407,18.407,0.52840936,4.1833467
18408,18.408,0.52453667,4.194178
18409,18.409,0.52801234,4.216221
18410,18.41,0.515546,4.192752
18411,18.411,0.5247259,4.161258
18412,18.412,0.533646,4.195814
18413,18.413,0.5355122,4.198782
18414,18.414,0.5232969,4.1943755
18415,18.415,0.51852655,4.200973
18416,18.416,0.5284561,4.18593
18417,18.417,0.52678853,4.138511
18418,18.418,0.52467996,4.1957936
18419,18.419,0.5288626,4.148132
18420,18.42,0.533309,4.1527834
18421,18.421,0.5290545,4.1769958
18422,18.422,0.5307973,4.1763196
18423,18.423,0.53110564,4.213976
18424,18.424,0.52112937,4.1529503
18425,18.425,0.52924645,4.185795
18426,18.426,0.5172629,4.1877174
18427,18.427,0.5415603,4.199171
18428,18.428,0.5355811,4.185603
18429,18.429,0.5363873,4.1820703
18430,18.43,0.5321845,4.164316
18431,18.431,0.541913,4.1428447
18432,18.432,0.5436027,4.1731863
18433,18.433,0.53099406,4.170646
18434,18.434,0.5354656,4.1906223
18435,18.435,0.5451238,4.1695914
18436,18.436,0.5286388,4.2059646
18437,18.437,0.53672504,4.175672
18438,18.438,0.52860194,4.178123
18439,18.439,0.5352865,4.162744
18440,18.44,0.538961,4.1844797
18441,18.441,0.5466261,4.1572237
18442,18.442,0.5474811,4.151161
18443,18.443,0.5408752,4.130825
18444,18.444,0.5467594,4.1580486
18445,18.445,0.5370991,4.163181
18446,18.446,0.54589295,4.1253805
18447,18.447,0.5494852,4.1422067
18448,18.448,0.54919714,4.172699
18449,18.449,0.54932606,4.144754
18450,18.45,0.53747773,4.160145
18451,18.451,0.5414512,4.18137
18452,18.452,0.5420309,4.1779957
18453,18.453,0.53810537,4.156512
18454,18.454,0.5292957,4.1339316
18455,18.455,0.53579825,4.1292315
18456,18.456,0.525884,4.127472
18457,18.457,0.52834594,4.1634746
18458,18.458,0.53171915,4.14986
18459,18.459,0.5292159,4.109092
18460,18.46,0.5361826,4.134426
18461,18.461,0.525312,4.1188397
18462,18.462,0.54142666,4.1510477
18463,18.463,0.529153,4.1391892
18464,18.464,0.5217755,4.1443424
18465,18.465,0.52146626,4.1300445
18466,18.466,0.5196788,4.1505737
18467,18.467,0.5287378,4.1513114
18468,18.468,0.53371817,4.1136103
18469,18.469,0.5306383,4.1351333
18470,18.47,0.5321508,4.118901
18471,18.471,0.52963495,4.141972
18472,18.472,0.5311273,4.121993
18473,18.473,0.5254591,4.126267
18474,18.474,0.53208256,4.1217833
18475,18.475,0.52802217,4.134713
18476,18.476,0.52205086,4.128353
18477,18.477,0.5088516,4.103395
18478,18.478,0.51362056,4.1286325
18479,18.479,0.51257044,4.149312
18480,18.48,0.5007779,4.1641855
18481,18.481,0.5044609,4.144983
18482,18.482,0.5101581,4.1345296
18483,18.483,0.518916,4.1636944
18484,18.484,0.5122814,4.1675096
18485,18.485,0.5075726,4.16124
18486,18.486,0.50799733,4.1634307
18487,18.487,0.5185881,4.175661
18488,18.488,0.52436864,4.1340065
18489,18.489,0.5153638,4.1430387
18490,18.49,0.5267287,4.146481
18491,18.491,0.5231094,4.1405573
18492,18.492,0.51452553,4.140409
18493,18.493,0.5078902,4.129659
18494,18.494,0.51320165,4.1426225
18495,18.495,0.52853477,4.1147137
18496,18.496,0.5288365,4.1481404
18497,18.497,0.52624995,4.15381
18498,18.498,0.5264463,4.159535
18499,18.499,0.5250577,4.1514907
18500,18.5,0.5221052,4.1366086
18501,18.501,0.5200704,4.1493073
18502,18.502,0.5279471,4.1548376
18503,18.503,0.5262445,4.153118
18504,18.504,0.5178799,4.1041584
18505,18.505,0.510042,4.1551394
18506,18.506,0.5136711,4.129955
18507,18.507,0.51481265,4.1278143
18508,18.508,0.51912826,4.13387
18509,18.509,0.51859444,4.1533833
18510,18.51,0.51541185,4.133453
18511,18.511,0.52637374,4.131861
18512,18.512,0.5332656,4.1308823
18513,18.513,0.5208604,4.1452622
18514,18.514,0.5189406,4.119906
18515,18.515,0.53327334,4.147607
18516,18.516,0.5314615,4.1200747
18517,18.517,0.53001994,4.1424656
18518,18.518,0.52540475,4.1402836
18519,18.519,0.5014732,4.120576
18520,18.52,0.51552826,4.1614866
18521,18.521,0.51830214,4.1331143
18522,18.522,0.5188638,4.115736
18523,18.523,0.51892453,4.114789
18524,18.524,0.514941,4.112314
18525,18.525,0.5312864,4.1405888
18526,18.526,0.5088673,4.145316
18527,18.527,0.51690775,4.147025
18528,18.528,0.50991344,4.129825
18529,18.529,0.5058526,4.168691
18530,18.53,0.5056552,4.138783
18531,18.531,0.5170017,4.1444106
18532,18.532,0.50661474,4.1738186
18533,18.533,0.51075876,4.148643
18534,18.534,0.51903903,4.1789236
18535,18.535,0.5278847,4.1483965
18536,18.536,0.5273918,4.1510997
18537,18.537,0.5350759,4.1567497
18538,18.538,0.5262284,4.1327662
18539,18.539,0.51815575,4.1624193
18540,18.54,0.51677006,4.1277137
18541,18.541,0.52353483,4.1099296
18542,18.542,0.52451,4.136984
18543,18.543,0.51882535,4.160682
18544,18.544,0.5222084,4.1260552
18545,18.545,0.5052932,4.131187
18546,18.546,0.51565665,4.188916
18547,18.547,0.5215572,4.177776
18548,18.548,0.5217419,4.146627
18549,18.549,0.5144196,4.1547337
18550,18.55,0.5185779,4.150841
18551,18.551,0.50948393,4.1560683
18552,18.552,0.51411283,4.1631427
18553,18.553,0.5067128,4.1583996
18554,18.554,0.50431526,4.157773
18555,18.555,0.5129137,4.1482453
18556,18.556,0.5095364,4.1785545
18557,18.557,0.51177996,4.1996
18558,18.558,0.5085032,4.17955
18559,18.559,0.51912254,4.194968
18560,18.56,0.51275027,4.175472
18561,18.561,0.5178787,4.150642
18562,18.562,0.5131956,4.1722274
18563,18.563,0.51518625,4.1840253
18564,18.564,0.51911676,4.1951337
18565,18.565,0.5291809,4.1813793
18566,18.566,0.5253893,4.179167
18567,18.567,0.5340834,4.1687016
18568,18.568,0.528584,4.1471114
18569,18.569,0.52696484,4.1759048
18570,18.57,0.5210295,4.1488585
18571,18.571,0.5382529,4.195148
18572,18.572,0.5248718,4.1852736
18573,18.573,0.5111773,4.1657066
18574,18.574,0.5167172,4.159552
18575,18.575,0.5212332,4.14855
18576,18.576,0.52305925,4.177761
18577,18.577,0.52964294,4.199146
18578,18.578,0.52460843,4.120591
18579,18.579,0.5198342,4.1395845
18580,18.58,0.52015835,4.174954
18581,18.581,0.5225879,4.1790357
18582,18.582,0.5101106,4.1566343
18583,18.583,0.5304368,4.200177
18584,18.584,0.5218823,4.165026
18585,18.585,0.5183824,4.1310115
18586,18.586,0.5171431,4.1306424
18587,18.587,0.5167117,4.1571836
18588,18.588,0.5205006,4.1583595
18589,18.589,0.5216697,4.154361
18590,18.59,0.516438,4.1847534
18591,18.591,0.5134004,4.1557264
18592,18.592,0.5199163,4.160567
18593,18.593,0.5206692,4.1978283
18594,18.594,0.5305458,4.175694
18595,18.595,0.5268106,4.192067
18596,18.596,0.5160585,4.179459
18597,18.597,0.52773815,4.160096
18598,18.598,0.5213796,4.1757417
18599,18.599,0.512553,4.186284
18600,18.6,0.5239219,4.1933646
18601,18.601,0.5260042,4.21073
18602,18.602,0.52349705,4.1541567
18603,18.603,0.5231589,4.1721506
18604,18.604,0.5222288,4.13124
18605,18.605,0.52583796,4.207939
18606,18.606,0.5192692,4.139992
18607,18.607,0.51593286,4.144295
18608,18.608,0.5171782,4.2132325
18609,18.609,0.5130298,4.2232685
18610,18.61,0.5084955,4.1569276
18611,18.611,0.52010083,4.2135005
18612,18.612,0.5084924,4.17111
18613,18.613,0.50870657,4.174819
18614,18.614,0.51796603,4.179492
18615,18.615,0.5169076,4.184259
18616,18.616,0.5188669,4.2036805
18617,18.617,0.52698123,4.162591
18618,18.618,0.5078117,4.1629596
18619,18.619,0.50894654,4.160302
18620,18.62,0.5230743,4.12648
18621,18.621,0.51335305,4.1676984
18622,18.622,0.5164247,4.141903
18623,18.623,0.51105726,4.1529636
18624,18.624,0.5125307,4.1383142
18625,18.625,0.5035757,4.158736
18626,18.626,0.5093813,4.1753554
18627,18.627,0.5048092,4.1479845
18628,18.628,0.5141516,4.2065516
18629,18.629,0.512646,4.147137
18630,18.63,0.523938,4.154936
18631,18.631,0.5125074,4.165523
18632,18.632,0.5251011,4.1682816
18633,18.633,0.54167217,4.1638064
18634,18.634,0.5300026,4.15709
18635,18.635,0.5195125,4.153521
18636,18.636,0.5225906,4.1581316
18637,18.637,0.5191341,4.137748
18638,18.638,0.5240393,4.154632
18639,18.639,0.52269113,4.117183
18640,18.64,0.53301364,4.133299
18641,18.641,0.53431517,4.1794205
18642,18.642,0.52661407,4.1257834
18643,18.643,0.5359483,4.1206565
18644,18.644,0.5336075,4.1337495
18645,18.645,0.5396513,4.118847
18646,18.646,0.53886414,4.1084237
18647,18.647,0.53928083,4.1314654
18648,18.648,0.5380244,4.124729
18649,18.649,0.5289903,4.143225
18650,18.65,0.5373782,4.144139
18651,18.651,0.54145765,4.1420856
18652,18.652,0.5409454,4.1777563
18653,18.653,0.52420145,4.130973
18654,18.654,0.52998394,4.155951
18655,18.655,0.5340429,4.13739
18656,18.656,0.5311722,4.1140165
18657,18.657,0.5424831,4.134078
18658,18.658,0.526751,4.127851
18659,18.659,0.5279652,4.11705
18660,18.66,0.52599084,4.1597867
18661,18.661,0.5215329,4.147916
18662,18.662,0.5255061,4.148687
18663,18.663,0.5231407,4.1649265
18664,18.664,0.52447844,4.1482987
18665,18.665,0.53181285,4.1277394
18666,18.666,0.524102,4.1332607
18667,18.667,0.51305395,4.136529
18668,18.668,0.51612586,4.1419325
18669,18.669,0.52485037,4.1403313
18670,18.67,0.5145846,4.1298523
18671,18.671,0.53016394,4.129563
18672,18.672,0.5279752,4.126094
18673,18.673,0.5370251,4.110053
18674,18.674,0.5327395,4.1554384
18675,18.675,0.53288794,4.140318
18676,18.676,0.5206545,4.1265926
18677,18.677,0.52242744,4.1584945
18678,18.678,0.52333885,4.116625
18679,18.679,0.5298439,4.139187
18680,18.68,0.5331064,4.1350837
18681,18.681,0.5341069,4.142891
18682,18.682,0.53042096,4.1066804
18683,18.683,0.5285268,4.1321483
18684,18.684,0.5272529,4.135655
18685,18.685,0.5288287,4.17061
18686,18.686,0.52861375,4.1379356
18687,18.687,0.51355237,4.160704
18688,18.688,0.51622325,4.1569777
18689,18.689,0.52304196,4.1532173
18690,18.69,0.50749564,4.165968
18691,18.691,0.5088914,4.140024
18692,18.692,0.50534886,4.1411505
18693,18.693,0.5067522,4.112249
18694,18.694,0.4989273,4.158576
18695,18.695,0.50215024,4.191209
18696,18.696,0.51002467,4.150464
18697,18.697,0.509079,4.1237307
18698,18.698,0.50710773,4.13695
18699,18.699,0.51603866,4.1747026
18700,18.7,0.5209795,4.1749616
18701,18.701,0.5174326,4.1587014
18702,18.702,0.52914524,4.2135844
18703,18.703,0.5277436,4.1968093
18704,18.704,0.5266517,4.1453686
18705,18.705,0.5275952,4.1562824
18706,18.706,0.5195432,4.1597323
18707,18.707,0.5220953,4.1414795
18708,18.708,0.52130383,4.1626005
18709,18.709,0.5229161,4.167633
18710,18.71,0.52288705,4.1562667
18711,18.711,0.5213385,4.1594634
18712,18.712,0.52695566,4.1621423
18713,18.713,0.51651454,4.158114
18714,18.714,0.52587444,4.1561427
18715,18.715,0.52601963,4.194715
18716,18.716,0.526888,4.19542
18717,18.717,0.5227588,4.1634727
18718,18.718,0.52361685,4.1745286
18719,18.719,0.523196,4.202177
18720,18.72,0.5133999,4.1363406
18721,18.721,0.5198383,4.1525645
18722,18.722,0.52182555,4.1541047
18723,18.723,0.514706,4.127968
18724,18.724,0.51687384,4.109443
18725,18.725,0.5218573,4.1364155
18726,18.726,0.51723236,4.149811
18727,18.727,0.52120686,4.119316
18728,18.728,0.5349268,4.1220107
18729,18.729,0.5231474,4.1212826
18730,18.73,0.5228372,4.1195726
18731,18.731,0.52937037,4.1071744
18732,18.732,0.5359412,4.1249614
18733,18.733,0.52929974,4.1565123
18734,18.734,0.5306234,4.1600785
18735,18.735,0.5289211,4.1601925
18736,18.736,0.527144,4.1430116
18737,18.737,0.530123,4.154006
18738,18.738,0.525279,4.160095
18739,18.739,0.5189344,4.167964
18740,18.74,0.52871823,4.1300435
18741,18.741,0.5239764,4.1603794
18742,18.742,0.50985676,4.1960316
18743,18.743,0.5147649,4.1708846
18744,18.744,0.5079283,4.1687136
18745,18.745,0.51896316,4.160424
18746,18.746,0.52176964,4.1463003
18747,18.747,0.5256223,4.1738048
18748,18.748,0.520382,4.1283946
18749,18.749,0.5186093,4.162627
18750,18.75,0.508039,4.1473255
18751,18.751,0.5101636,4.171315
18752,18.752,0.51501197,4.174573
18753,18.753,0.5179447,4.1251373
18754,18.754,0.5251279,4.1386404
18755,18.755,0.5217812,4.172835
18756,18.756,0.5295281,4.181864
18757,18.757,0.5346868,4.1608214
18758,18.758,0.5316132,4.153868
18759,18.759,0.5322507,4.1621003
18760,18.76,0.53471243,4.146862
18761,18.761,0.5368513,4.180976
18762,18.762,0.53408664,4.1464415
18763,18.763,0.5302853,4.1359196
18764,18.764,0.5208592,4.1372633
18765,18.765,0.51145214,4.134928
18766,18.766,0.5146901,4.1498027
18767,18.767,0.52394336,4.169575
18768,18.768,0.52157736,4.1263986
18769,18.769,0.5262913,4.122182
18770,18.77,0.527451,4.131793
18771,18.771,0.52647567,4.1845794
18772,18.772,0.52310014,4.173271
18773,18.773,0.5232735,4.1192784
18774,18.774,0.5195069,4.1338015
18775,18.775,0.5202218,4.1454206
18776,18.776,0.52085084,4.1506567
18777,18.777,0.51395774,4.1483607
18778,18.778,0.5095865,4.150504
18779,18.779,0.5146647,4.1373672
18780,18.78,0.5194639,4.136936
18781,18.781,0.508535,4.137641
18782,18.782,0.5211317,4.1082172
18783,18.783,0.51389855,4.1127057
18784,18.784,0.5189677,4.1341596
18785,18.785,0.5132743,4.1359477
18786,18.786,0.5179711,4.1623898
18787,18.787,0.51952666,4.1524034
18788,18.788,0.51765573,4.1544733
18789,18.789,0.5148957,4.1659255
18790,18.79,0.5144092,4.1506553
18791,18.791,0.51472735,4.1335135
18792,18.792,0.5080741,4.153458
18793,18.793,0.5012033,4.1440077
18794,18.794,0.51303715,4.1898985
18795,18.795,0.50042975,4.148864
18796,18.796,0.50549054,4.1554646
18797,18.797,0.5101607,4.209381
18798,18.798,0.50902534,4.177085
18799,18.799,0.50487894,4.2098446
18800,18.8,0.51109916,4.1536
18801,18.801,0.51081604,4.1738205
18802,18.802,0.517091,4.1571383
18803,18.803,0.51021993,4.1806393
18804,18.804,0.5033098,4.1961145
18805,18.805,0.49580538,4.1832695
18806,18.806,0.5082852,4.1377053
18807,18.807,0.50780046,4.2055407
18808,18.808,0.51442236,4.1044245
18809,18.809,0.5236812,4.1419406
18810,18.81,0.5224501,4.1347485
18811,18.811,0.5256426,4.122783
18812,18.812,0.5208512,4.152768
18813,18.813,0.5151994,4.149288
18814,18.814,0.5090683,4.1715355
18815,18.815,0.5135687,4.1701903
18816,18.816,0.51694185,4.153251
18817,18.817,0.51469,4.1369658
18818,18.818,0.51484483,4.1167893
18819,18.819,0.5150652,4.1594777
18820,18.82,0.52685416,4.178012
18821,18.821,0.5184535,4.1897035
18822,18.822,0.5238663,4.165439
18823,18.823,0.5184987,4.1955824
18824,18.824,0.5130003,4.1652966
18825,18.825,0.51866627,4.12697
18826,18.826,0.5194086,4.181295
18827,18.827,0.52649826,4.163112
18828,18.828,0.526967,4.168632
18829,18.829,0.5271213,4.180507
18830,18.83,0.53010947,4.193805
18831,18.831,0.5341546,4.19587
18832,18.832,0.5213507,4.1442943
18833,18.833,0.5171714,4.2064734
18834,18.834,0.519893,4.1995263
18835,18.835,0.52224785,4.1982555
18836,18.836,0.53184575,4.188275
18837,18.837,0.5308696,4.1549726
18838,18.838,0.5263308,4.177335
18839,18.839,0.5284968,4.1785517
18840,18.84,0.53352916,4.1728997
18841,18.841,0.524873,4.166662
18842,18.842,0.5249436,4.1999784
18843,18.843,0.5274798,4.1741314
18844,18.844,0.52903175,4.162506
18845,18.845,0.52440274,4.1586275
18846,18.846,0.5300071,4.1645584
18847,18.847,0.5202663,4.168525
18848,18.848,0.5215612,4.1470923
18849,18.849,0.5268226,4.1510453
18850,18.85,0.5177178,4.142303
18851,18.851,0.5245008,4.1202455
18852,18.852,0.52010596,4.157468
18853,18.853,0.5105862,4.177772
18854,18.854,0.5170341,4.1581707
18855,18.855,0.5207485,4.1849737
18856,18.856,0.5141551,4.2021794
18857,18.857,0.519193,4.199468
18858,18.858,0.51961786,4.1934285
18859,18.859,0.51887286,4.2079716
18860,18.86,0.5261583,4.1523256
18861,18.861,0.51734805,4.170264
18862,18.862,0.5172127,4.1660194
18863,18.863,0.5247521,4.1973696
18864,18.864,0.5274215,4.190257
18865,18.865,0.51952404,4.18225
18866,18.866,0.51228654,4.2091494
18867,18.867,0.5155701,4.2084613
18868,18.868,0.5215023,4.112927
18869,18.869,0.512477,4.142811
18870,18.87,0.5251504,4.1588187
18871,18.871,0.52442646,4.1613274
18872,18.872,0.5277366,4.185995
18873,18.873,0.51605517,4.1991377
18874,18.874,0.50786304,4.1986413
18875,18.875,0.51441693,4.17176
18876,18.876,0.503559,4.172976
18877,18.877,0.49659145,4.145014
18878,18.878,0.50463724,4.1838174
18879,18.879,0.51573324,4.19934
18880,18.88,0.51563567,4.1977305
18881,18.881,0.5090427,4.1646857
18882,18.882,0.5145635,4.1893697
18883,18.883,0.503121,4.16901
18884,18.884,0.5026995,4.2019954
18885,18.885,0.511349,4.188908
18886,18.886,0.5054654,4.2125793
18887,18.887,0.5088046,4.151942
18888,18.888,0.5190564,4.167429
18889,18.889,0.50262564,4.2128716
18890,18.89,0.5094732,4.164628
18891,18.891,0.51507896,4.179554
18892,18.892,0.5089344,4.189599
18893,18.893,0.508917,4.160608
18894,18.894,0.5137341,4.173251
18895,18.895,0.51459163,4.167982
18896,18.896,0.50313723,4.1923933
18897,18.897,0.49556804,4.191037
18898,18.898,0.52135706,4.1469193
18899,18.899,0.5105695,4.1675014
18900,18.9,0.51583123,4.148617
18901,18.901,0.50853676,4.1469626
18902,18.902,0.50972915,4.1329694
18903,18.903,0.49667305,4.1702886
18904,18.904,0.50202566,4.1449018
18905,18.905,0.5075819,4.164215
18906,18.906,0.51535994,4.147219
18907,18.907,0.51393706,4.148261
18908,18.908,0.5184531,4.1946716
18909,18.909,0.5120847,4.1776505
18910,18.91,0.5088379,4.144891
18911,18.911,0.5092337,4.1625338
18912,18.912,0.5124322,4.1485004
18913,18.913,0.50449884,4.181031
18914,18.914,0.51644915,4.1592116
18915,18.915,0.51500756,4.1674914
18916,18.916,0.5122205,4.1303487
18917,18.917,0.5243949,4.135043
18918,18.918,0.51627654,4.1385384
18919,18.919,0.5232655,4.154207
18920,18.92,0.51169527,4.1544666
18921,18.921,0.5158163,4.1504865
18922,18.922,0.5143291,4.14859
18923,18.923,0.5022387,4.1516995
18924,18.924,0.508402,4.156065
18925,18.925,0.5029225,4.133931
18926,18.926,0.5022092,4.1164083
18927,18.927,0.49513325,4.1307416
18928,18.928,0.49491662,4.1623282
18929,18.929,0.506296,4.1376605
18930,18.93,0.4853169,4.133257
18931,18.931,0.5064292,4.1342874
18932,18.932,0.49893007,4.1144867
18933,18.933,0.5145623,4.140276
18934,18.934,0.49920943,4.1393824
18935,18.935,0.50339943,4.139255
18936,18.936,0.5042393,4.097582
18937,18.937,0.5116746,4.157568
18938,18.938,0.5130354,4.125448
18939,18.939,0.5034904,4.119414
18940,18.94,0.5013586,4.138126
18941,18.941,0.5031221,4.1555095
18942,18.942,0.50405306,4.1321464
18943,18.943,0.50249434,4.120192
18944,18.944,0.50366116,4.1353126
18945,18.945,0.5054957,4.120355
18946,18.946,0.49743882,4.100006
18947,18.947,0.49280128,4.1548567
18948,18.948,0.50489104,4.126977
18949,18.949,0.49631223,4.091671
18950,18.95,0.4956922,4.090788
18951,18.951,0.50000536,4.1294894
18952,18.952,0.5011449,4.126086
18953,18.953,0.5111177,4.1123834
18954,18.954,0.5033138,4.131087
18955,18.955,0.50324523,4.111165
18956,18.956,0.50506955,4.1311846
18957,18.957,0.4951069,4.141277
18958,18.958,0.5014347,4.113131
18959,18.959,0.5007043,4.147486
18960,18.96,0.5111263,4.115333
18961,18.961,0.49947348,4.1573424
18962,18.962,0.4955306,4.186988
18963,18.963,0.5022622,4.1813126
18964,18.964,0.4998205,4.136549
18965,18.965,0.49263445,4.212357
18966,18.966,0.50777084,4.1876965
18967,18.967,0.49616966,4.1933546
18968,18.968,0.49429747,4.130429
18969,18.969,0.4919615,4.132654
18970,18.97,0.49758056,4.125419
18971,18.971,0.48815668,4.1299343
18972,18.972,0.49296993,4.1519184
18973,18.973,0.50071365,4.1353707
18974,18.974,0.4959797,4.172165
18975,18.975,0.49870822,4.160551
18976,18.976,0.50580037,4.1510158
18977,18.977,0.5066463,4.121747
18978,18.978,0.509575,4.1719675
18979,18.979,0.504926,4.165565
18980,18.98,0.50866115,4.1592255
18981,18.981,0.51252127,4.1431327
18982,18.982,0.50979716,4.1078296
18983,18.983,0.5127541,4.125349
18984,18.984,0.5094682,4.1124268
18985,18.985,0.50664157,4.1329
18986,18.986,0.50059795,4.1695533
18987,18.987,0.5103358,4.148799
18988,18.988,0.50098366,4.169197
18989,18.989,0.50560147,4.140943
18990,18.99,0.50500953,4.1183543
18991,18.991,0.4993743,4.135747
18992,18.992,0.49909967,4.1561513
18993,18.993,0.5030363,4.1654143
18994,18.994,0.50313336,4.1342497
18995,18.995,0.4991396,4.1026154
18996,18.996,0.49604338,4.101563
18997,18.997,0.50012726,4.096981
18998,18.998,0.49970374,4.1133046
18999,18.999,0.5074627,4.109544
19000,19.0,0.49530074,4.1303077
19001,19.001,0.49467352,4.1451063
19002,19.002,0.4941118,4.0885587
19003,19.003,0.49616376,4.119701
19004,19.004,0.49927604,4.155167
19005,19.005,0.49420038,4.109422
19006,19.006,0.49190813,4.127776
19007,19.007,0.4956014,4.127056
19008,19.008,0.5077709,4.120977
19009,19.009,0.51076806,4.118336
19010,19.01,0.50560206,4.075253
19011,19.011,0.5015163,4.111037
19012,19.012,0.5010776,4.106168
19013,19.013,0.49641654,4.0908766
19014,19.014,0.4933866,4.1034
19015,19.015,0.49449685,4.1203837
19016,19.016,0.48659962,4.1527004
19017,19.017,0.49867842,4.1227455
19018,19.018,0.491778,4.1272306
19019,19.019,0.49312237,4.1203017
19020,19.02,0.5031578,4.1335926
19021,19.021,0.5042639,4.110839
19022,19.022,0.50163466,4.1479783
19023,19.023,0.49297267,4.143799
19024,19.024,0.5028613,4.1204824
19025,19.025,0.49145177,4.131921
19026,19.026,0.49354845,4.136975
19027,19.027,0.49652436,4.1405325
19028,19.028,0.4952719,4.1199646
19029,19.029,0.49735853,4.1455655
19030,19.03,0.5067705,4.148246
19031,19.031,0.50197726,4.140923
19032,19.032,0.5034477,4.1293178
19033,19.033,0.5011905,4.1396933
19034,19.034,0.5001158,4.143012
19035,19.035,0.50389016,4.122743
19036,19.036,0.50203615,4.172966
19037,19.037,0.5064645,4.1347375
19038,19.038,0.50823915,4.120613
19039,19.039,0.5106672,4.1101074
19040,19.04,0.5151754,4.118238
19041,19.041,0.49725214,4.120062
19042,19.042,0.5001374,4.120279
19043,19.043,0.50211734,4.1129003
19044,19.044,0.5081956,4.138963
19045,19.045,0.51594365,4.133947
19046,19.046,0.5038761,4.13945
19047,19.047,0.5017206,4.101196
19048,19.048,0.50876737,4.1098986
19049,19.049,0.5047411,4.101393
19050,19.05,0.49730957,4.1257296
19051,19.051,0.4993729,4.123814
19052,19.052,0.4941448,4.0816784
19053,19.053,0.5069345,4.1270733
19054,19.054,0.5056143,4.08451
19055,19.055,0.5122494,4.1084867
19056,19.056,0.5063929,4.116828
19057,19.057,0.50769293,4.107484
19058,19.058,0.5037678,4.1302705
19059,19.059,0.5040083,4.1273513
19060,19.06,0.50760764,4.1323085
19061,19.061,0.5014683,4.1172404
19062,19.062,0.4999354,4.116776
19063,19.063,0.49342242,4.1132298
19064,19.064,0.5068859,4.1505194
19065,19.065,0.4998784,4.1236196
19066,19.066,0.49409637,4.1298623
19067,19.067,0.49790695,4.159176
19068,19.068,0.5034402,4.12944
19069,19.069,0.49564537,4.1346087
19070,19.07,0.49787143,4.144001
19071,19.071,0.50886804,4.151006
19072,19.072,0.49401224,4.1211834
19073,19.073,0.5017574,4.139613
19074,19.074,0.5105406,4.117887
19075,19.075,0.50865024,4.113978
19076,19.076,0.5058365,4.1273217
19077,19.077,0.5031151,4.129185
19078,19.078,0.5077161,4.1276155
19079,19.079,0.50612044,4.144664
19080,19.08,0.49992955,4.139815
19081,19.081,0.5055838,4.102835
19082,19.082,0.50438505,4.135236
19083,19.083,0.50287586,4.1109343
19084,19.084,0.5084019,4.1166854
19085,19.085,0.510431,4.1143737
19086,19.086,0.50131583,4.1325417
19087,19.087,0.49696872,4.1291404
19088,19.088,0.49537992,4.1260586
19089,19.089,0.49986008,4.1172824
19090,19.09,0.49905145,4.114271
19091,19.091,0.49591923,4.1280484
19092,19.092,0.50522846,4.109168
19093,19.093,0.50195354,4.118047
19094,19.094,0.497636,4.16597
19095,19.095,0.510599,4.141259
19096,19.096,0.5017523,4.1681943
19097,19.097,0.5135655,4.1640177
19098,19.098,0.5055799,4.1395454
19099,19.099,0.5163332,4.165362
19100,19.1,0.51481694,4.1186833
19101,19.101,0.51986694,4.103881
19102,19.102,0.5156093,4.1035433
19103,19.103,0.5029925,4.136587
19104,19.104,0.5116179,4.111061
19105,19.105,0.5076143,4.1210628
19106,19.106,0.5036781,4.134284
19107,19.107,0.5079518,4.1596
19108,19.108,0.50317043,4.1161475
19109,19.109,0.51008475,4.1345086
19110,19.11,0.5114703,4.1148844
19111,19.111,0.5059819,4.1438723
19112,19.112,0.50573343,4.14874
19113,19.113,0.5100357,4.148698
19114,19.114,0.50141394,4.1382637
19115,19.115,0.49552757,4.1216345
19116,19.116,0.490773,4.1568775
19117,19.117,0.4886204,4.134263
19118,19.118,0.48891455,4.1221943
19119,19.119,0.4879071,4.101254
19120,19.12,0.49312174,4.1205826
19121,19.121,0.4966129,4.0951757
19122,19.122,0.49838126,4.112118
19123,19.123,0.49286583,4.1046047
19124,19.124,0.4958257,4.091507
19125,19.125,0.495653,4.1216087
19126,19.126,0.49928936,4.0833344
19127,19.127,0.5024085,4.099831
19128,19.128,0.49581686,4.1066804
19129,19.129,0.49273548,4.123123
19130,19.13,0.485665,4.1280856
19131,19.131,0.5041792,4.1222763
19132,19.132,0.4944301,4.1148214
19133,19.133,0.4864391,4.167494
19134,19.134,0.4896684,4.1494446
19135,19.135,0.48619843,4.1194816
19136,19.136,0.48165974,4.106369
19137,19.137,0.4889345,4.121069
19138,19.138,0.49493924,4.147122
19139,19.139,0.48726052,4.150897
19140,19.14,0.4911769,4.1496077
19141,19.141,0.48851255,4.1315703
19142,19.142,0.4834691,4.1117096
19143,19.143,0.48010865,4.1270957
19144,19.144,0.48473442,4.114629
19145,19.145,0.48498902,4.1008782
19146,19.146,0.47471184,4.1072135
19147,19.147,0.4940296,4.0872808
19148,19.148,0.49293706,4.096692
19149,19.149,0.49103764,4.0777054
19150,19.15,0.49427092,4.112174
19151,19.151,0.4923893,4.107289
19152,19.152,0.4938739,4.1306562
19153,19.153,0.49385548,4.111848
19154,19.154,0.49724707,4.1009254
19155,19.155,0.4926691,4.1114826
19156,19.156,0.49766836,4.143673
19157,19.157,0.501052,4.1253614
19158,19.158,0.50237143,4.134345
19159,19.159,0.49863252,4.1647696
19160,19.16,0.5013924,4.1263466
19161,19.161,0.4953859,4.1164026
19162,19.162,0.48349902,4.1037927
19163,19.163,0.49350363,4.090135
19164,19.164,0.49607,4.1062107
19165,19.165,0.50047874,4.1323023
19166,19.166,0.5055415,4.14261
19167,19.167,0.51010984,4.1314535
19168,19.168,0.5055246,4.1373677
19169,19.169,0.50877005,4.1325846
19170,19.17,0.49965656,4.1117253
19171,19.171,0.49485675,4.0916553
19172,19.172,0.49107015,4.1116705
19173,19.173,0.4978639,4.1484475
19174,19.174,0.49676314,4.1317363
19175,19.175,0.4911993,4.1458507
19176,19.176,0.49790406,4.1056557
19177,19.177,0.49521345,4.1138306
19178,19.178,0.50928813,4.1121163
19179,19.179,0.51300126,4.140355
19180,19.18,0.49168032,4.1373973
19181,19.181,0.49298146,4.1140018
19182,19.182,0.49444896,4.1460233
19183,19.183,0.50365514,4.1342425
19184,19.184,0.5067144,4.13252
19185,19.185,0.5013413,4.125709
19186,19.186,0.48906755,4.132033
19187,19.187,0.50353414,4.1460857
19188,19.188,0.520438,4.1597986
19189,19.189,0.503823,4.141737
19190,19.19,0.5161319,4.163417
19191,19.191,0.5116382,4.1403613
19192,19.192,0.5055366,4.172205
19193,19.193,0.50561553,4.1346083
19194,19.194,0.5055418,4.119471
19195,19.195,0.5067482,4.1466866
19196,19.196,0.5077606,4.134479
19197,19.197,0.503442,4.1455636
19198,19.198,0.5001914,4.1373844
19199,19.199,0.50700366,4.143627
19200,19.2,0.50505024,4.1603813
19201,19.201,0.50354946,4.132525
19202,19.202,0.5049457,4.16251
19203,19.203,0.4979418,4.148863
19204,19.204,0.5047741,4.175378
19205,19.205,0.5076116,4.172943
19206,19.206,0.49405858,4.1533103
19207,19.207,0.49870157,4.149537
19208,19.208,0.50676984,4.140979
19209,19.209,0.51372266,4.141776
19210,19.21,0.51507956,4.167496
19211,19.211,0.5036696,4.1610374
19212,19.212,0.502293,4.127096
19213,19.213,0.495591,4.1457877
19214,19.214,0.49944878,4.1990733
19215,19.215,0.5041843,4.196272
19216,19.216,0.51210415,4.196338
19217,19.217,0.50936544,4.1786494
19218,19.218,0.5188145,4.190914
19219,19.219,0.5163151,4.162432
19220,19.22,0.50234675,4.2006087
19221,19.221,0.49281982,4.215303
19222,19.222,0.50665224,4.1502132
19223,19.223,0.5099385,4.16533
19224,19.224,0.51038903,4.169388
19225,19.225,0.4997971,4.177985
19226,19.226,0.5002218,4.1624656
19227,19.227,0.4946574,4.176613
19228,19.228,0.5042492,4.158489
19229,19.229,0.50655335,4.204601
19230,19.23,0.5098118,4.176491
19231,19.231,0.4998108,4.1923075
19232,19.232,0.51316714,4.173849
19233,19.233,0.51589453,4.202004
19234,19.234,0.50662476,4.134355
19235,19.235,0.5187344,4.1586127
19236,19.236,0.5153455,4.1579366
19237,19.237,0.49799696,4.1504803
19238,19.238,0.50719166,4.178129
19239,19.239,0.5019819,4.1716924
19240,19.24,0.50184983,4.1529503
19241,19.241,0.5125077,4.130964
19242,19.242,0.50417995,4.141701
19243,19.243,0.50773144,4.129915
19244,19.244,0.50182045,4.170663
19245,19.245,0.5065928,4.1545334
19246,19.246,0.49571416,4.1566763
19247,19.247,0.5062713,4.149283
19248,19.248,0.50343215,4.157125
19249,19.249,0.4983573,4.150055
19250,19.25,0.4969297,4.123011
19251,19.251,0.49603024,4.156268
19252,19.252,0.5101516,4.177588
19253,19.253,0.49667966,4.1936517
19254,19.254,0.50567293,4.1687946
19255,19.255,0.50004965,4.148693
19256,19.256,0.51055646,4.191323
19257,19.257,0.50985277,4.1669707
19258,19.258,0.50146866,4.1956153
19259,19.259,0.498476,4.203571
19260,19.26,0.50514877,4.17591
19261,19.261,0.4992212,4.1984506
19262,19.262,0.50606316,4.1734095
19263,19.263,0.49166763,4.166812
19264,19.264,0.5009141,4.1598296
19265,19.265,0.5117726,4.165228
19266,19.266,0.50713253,4.163716
19267,19.267,0.50095767,4.2185926
19268,19.268,0.49222288,4.1672974
19269,19.269,0.4954224,4.1811624
19270,19.27,0.48995492,4.1909924
19271,19.271,0.4914227,4.1600785
19272,19.272,0.48785698,4.153427
19273,19.273,0.48553026,4.191711
19274,19.274,0.48908502,4.1807275
19275,19.275,0.49243757,4.1690755
19276,19.276,0.49041826,4.1674795
19277,19.277,0.48144183,4.1673126
19278,19.278,0.48433778,4.17733
19279,19.279,0.48268294,4.1721997
19280,19.28,0.49097794,4.1656737
19281,19.281,0.48308328,4.1792154
19282,19.282,0.4901522,4.1724696
19283,19.283,0.49248755,4.165804
19284,19.284,0.4950545,4.165785
19285,19.285,0.50437886,4.166716
19286,19.286,0.49498242,4.1596417
19287,19.287,0.4979403,4.1401496
19288,19.288,0.5037192,4.1610475
19289,19.289,0.49610555,4.145091
19290,19.29,0.49935403,4.1562376
19291,19.291,0.4977977,4.177248
19292,19.292,0.49791577,4.169462
19293,19.293,0.4965176,4.1429634
19294,19.294,0.5019922,4.150063
19295,19.295,0.48452246,4.150319
19296,19.296,0.48808387,4.1472116
19297,19.297,0.49441835,4.1632156
19298,19.298,0.48385724,4.2017074
19299,19.299,0.48875186,4.1562347
19300,19.3,0.49395612,4.1683846
19301,19.301,0.4984052,4.145025
19302,19.302,0.48897022,4.14506
19303,19.303,0.4848178,4.1530313
19304,19.304,0.48715502,4.123824
19305,19.305,0.48771578,4.1679955
19306,19.306,0.48978937,4.1331744
19307,19.307,0.49848104,4.1099916
19308,19.308,0.49597856,4.145772
19309,19.309,0.4853978,4.1547117
19310,19.31,0.49910885,4.1459007
19311,19.311,0.48272085,4.170786
19312,19.312,0.47473043,4.1239953
19313,19.313,0.4801027,4.179112
19314,19.314,0.4897932,4.172725
19315,19.315,0.48010832,4.179788
19316,19.316,0.48918092,4.142941
19317,19.317,0.49041638,4.1672435
19318,19.318,0.5021606,4.177614
19319,19.319,0.49465105,4.2037544
19320,19.32,0.4867821,4.2227936
19321,19.321,0.487995,4.227857
19322,19.322,0.49800846,4.1944304
19323,19.323,0.49795365,4.159922
19324,19.324,0.50441486,4.1568127
19325,19.325,0.49728578,4.1634135
19326,19.326,0.503145,4.1533527
19327,19.327,0.501628,4.167377
19328,19.328,0.49205953,4.1662545
19329,19.329,0.48712742,4.188538
19330,19.33,0.49386698,4.1792755
19331,19.331,0.4905602,4.179991
19332,19.332,0.5027082,4.1843505
19333,19.333,0.49457455,4.1569643
19334,19.334,0.49637514,4.176391
19335,19.335,0.5016669,4.1850176
19336,19.336,0.49145448,4.179819
19337,19.337,0.49776196,4.1857185
19338,19.338,0.5041885,4.1778407
19339,19.339,0.4977501,4.1624618
19340,19.34,0.49758166,4.195672
19341,19.341,0.50137454,4.1734266
19342,19.342,0.5006869,4.1611714
19343,19.343,0.50272727,4.1624684
19344,19.344,0.49759784,4.1487236
19345,19.345,0.50169784,4.156235
19346,19.346,0.50110066,4.1652627
19347,19.347,0.49444777,4.1778517
19348,19.348,0.4962914,4.1604877
19349,19.349,0.48986086,4.183319
19350,19.35,0.4925821,4.1475515
19351,19.351,0.48753214,4.166387
19352,19.352,0.489058,4.159547
19353,19.353,0.5014773,4.189483
19354,19.354,0.49613777,4.161715
19355,19.355,0.49507174,4.200487
19356,19.356,0.48503488,4.165437
19357,19.357,0.48810223,4.1566315
19358,19.358,0.49046588,4.168638
19359,19.359,0.48880994,4.159749
19360,19.36,0.503366,4.1530457
19361,19.361,0.4879434,4.1664147
19362,19.362,0.49036142,4.160412
19363,19.363,0.4912128,4.1832056
19364,19.364,0.4865534,4.1263366
19365,19.365,0.48729107,4.152546
19366,19.366,0.49255878,4.1684575
19367,19.367,0.49648204,4.149326
19368,19.368,0.4762603,4.1719413
19369,19.369,0.49407414,4.177669
19370,19.37,0.4910659,4.1586404
19371,19.371,0.49146944,4.186167
19372,19.372,0.4893735,4.1844788
19373,19.373,0.49205104,4.180569
19374,19.374,0.48677775,4.169611
19375,19.375,0.49685988,4.174018
19376,19.376,0.49150023,4.174397
19377,19.377,0.48778176,4.1550255
19378,19.378,0.48526007,4.164532
19379,19.379,0.49607217,4.174654
19380,19.38,0.49468789,4.1451826
19381,19.381,0.48919722,4.177567
19382,19.382,0.4902791,4.176176
19383,19.383,0.49643204,4.1787047
19384,19.384,0.48378327,4.147257
19385,19.385,0.48484224,4.1337404
19386,19.386,0.49824098,4.150479
19387,19.387,0.499425,4.1334424
19388,19.388,0.48150048,4.156193
19389,19.389,0.47892922,4.146723
19390,19.39,0.48345873,4.1642547
19391,19.391,0.48890272,4.166656
19392,19.392,0.49983725,4.1549225
19393,19.393,0.49663582,4.1618814
19394,19.394,0.49352372,4.1774535
19395,19.395,0.49092162,4.1824603
19396,19.396,0.4991229,4.152762
19397,19.397,0.50995845,4.1577306
19398,19.398,0.50465465,4.1390195
19399,19.399,0.50448185,4.138401
19400,19.4,0.50359654,4.1657677
19401,19.401,0.50244355,4.1624823
19402,19.402,0.4937209,4.1735797
19403,19.403,0.48957753,4.164118
19404,19.404,0.50310063,4.1587796
19405,19.405,0.5046776,4.135656
19406,19.406,0.50309336,4.1381183
19407,19.407,0.50755537,4.150107
19408,19.408,0.5084552,4.1219134
19409,19.409,0.5127546,4.1164055
19410,19.41,0.5052901,4.1537414
19411,19.411,0.50544995,4.134718
19412,19.412,0.5028668,4.1192846
19413,19.413,0.50822973,4.123795
19414,19.414,0.49483687,4.138739
19415,19.415,0.49293575,4.1489153
19416,19.416,0.4947541,4.135977
19417,19.417,0.49014175,4.129348
19418,19.418,0.4879356,4.13817
19419,19.419,0.4889983,4.1621466
19420,19.42,0.49353337,4.1426992
19421,19.421,0.49583802,4.1433063
19422,19.422,0.5022484,4.1493597
19423,19.423,0.4964181,4.1469913
19424,19.424,0.4909679,4.141723
19425,19.425,0.49479726,4.147642
19426,19.426,0.49750486,4.154522
19427,19.427,0.48920307,4.1584196
19428,19.428,0.49328503,4.189144
19429,19.429,0.48413843,4.185565
19430,19.43,0.4946967,4.1701384
19431,19.431,0.49193242,4.140219
19432,19.432,0.49146336,4.1537204
19433,19.433,0.50807035,4.1268764
19434,19.434,0.49159172,4.139583
19435,19.435,0.4860573,4.137556
19436,19.436,0.49087906,4.1063733
19437,19.437,0.5023556,4.1531014
19438,19.438,0.49159366,4.126685
19439,19.439,0.49727133,4.127327
19440,19.44,0.4940854,4.1123643
19441,19.441,0.49488404,4.116835
19442,19.442,0.48905125,4.1189466
19443,19.443,0.5047549,4.114248
19444,19.444,0.49963155,4.113097
19445,19.445,0.48904204,4.128015
19446,19.446,0.49171948,4.1416335
19447,19.447,0.50516546,4.1266866
19448,19.448,0.4966537,4.1133194
19449,19.449,0.49720326,4.1130347
19450,19.45,0.49598435,4.1020074
19451,19.451,0.49220067,4.1247683
19452,19.452,0.49578944,4.1225686
19453,19.453,0.5089305,4.118523
19454,19.454,0.5037921,4.127533
19455,19.455,0.49913985,4.138665
19456,19.456,0.50611085,4.139601
19457,19.457,0.5057382,4.1282535
19458,19.458,0.5002126,4.138094
19459,19.459,0.5032825,4.1266084
19460,19.46,0.50647044,4.140091
19461,19.461,0.50576204,4.1328034
19462,19.462,0.5058216,4.1587443
19463,19.463,0.5047158,4.1463695
19464,19.464,0.5121123,4.128228
19465,19.465,0.5124248,4.13406
19466,19.466,0.5044612,4.140797
19467,19.467,0.5033765,4.1148386
19468,19.468,0.49103707,4.1382422
19469,19.469,0.4899494,4.171303
19470,19.47,0.49732235,4.103422
19471,19.471,0.49028313,4.126234
19472,19.472,0.49387807,4.129173
19473,19.473,0.50961596,4.1145525
19474,19.474,0.5122746,4.1446624
19475,19.475,0.50668025,4.1295643
19476,19.476,0.49581194,4.128506
19477,19.477,0.5077168,4.1235204
19478,19.478,0.50112873,4.1366143
19479,19.479,0.50352603,4.1045766
19480,19.48,0.5090073,4.137712
19481,19.481,0.50537926,4.130891
19482,19.482,0.49593323,4.1438537
19483,19.483,0.49507168,4.1255293
19484,19.484,0.49150172,4.1661663
19485,19.485,0.49501362,4.152711
19486,19.486,0.4929894,4.140494
19487,19.487,0.4955961,4.1228275
19488,19.488,0.49459428,4.1516047
19489,19.489,0.49234623,4.1516504
19490,19.49,0.48965162,4.1279516
19491,19.491,0.48829466,4.127247
19492,19.492,0.4852482,4.137485
19493,19.493,0.49140665,4.152817
19494,19.494,0.48912308,4.1634035
19495,19.495,0.48431918,4.128587
19496,19.496,0.48830405,4.123832
19497,19.497,0.50314856,4.1385765
19498,19.498,0.4905226,4.137675
19499,19.499,0.49444902,4.1019955
19500,19.5,0.49685258,4.1356263
19501,19.501,0.49192497,4.148311
19502,19.502,0.4920978,4.1318665
19503,19.503,0.4960035,4.1150966
19504,19.504,0.49494618,4.122109
19505,19.505,0.5044288,4.087469
19506,19.506,0.5140051,4.1185017
19507,19.507,0.5084735,4.1313806
19508,19.508,0.5132101,4.1366262
19509,19.509,0.5146803,4.109804
19510,19.51,0.5231205,4.124472
19511,19.511,0.51738244,4.118916
19512,19.512,0.5216416,4.1056314
19513,19.513,0.5154606,4.1124387
19514,19.514,0.5058977,4.119058
19515,19.515,0.52382046,4.118785
19516,19.516,0.51185477,4.1341844
19517,19.517,0.5204956,4.1225586
19518,19.518,0.5228437,4.1025386
19519,19.519,0.52601904,4.1034
19520,19.52,0.5097024,4.122854
19521,19.521,0.51707685,4.093521
19522,19.522,0.5191428,4.1130357
19523,19.523,0.52182364,4.0977874
19524,19.524,0.51140213,4.1456866
19525,19.525,0.50849026,4.166971
19526,19.526,0.5124296,4.1240697
19527,19.527,0.51652396,4.1392975
19528,19.528,0.5157105,4.142295
19529,19.529,0.51509506,4.156979
19530,19.53,0.5111999,4.114638
19531,19.531,0.50560325,4.1366177
19532,19.532,0.5045935,4.1537476
19533,19.533,0.5031531,4.1336465
19534,19.534,0.5070378,4.139105
19535,19.535,0.4959396,4.1406884
19536,19.536,0.5021879,4.136088
19537,19.537,0.49686804,4.122931
19538,19.538,0.5063209,4.1259537
19539,19.539,0.5174346,4.1400957
19540,19.54,0.5124101,4.1495366
19541,19.541,0.5162279,4.1248064
19542,19.542,0.51666105,4.12241
19543,19.543,0.5169371,4.1258473
19544,19.544,0.5047087,4.1218333
19545,19.545,0.5093067,4.128743
19546,19.546,0.52137953,4.161177
19547,19.547,0.50886035,4.1343455
19548,19.548,0.5054199,4.125821
19549,19.549,0.51844525,4.159973
19550,19.55,0.5171348,4.151715
19551,19.551,0.51705474,4.139836
19552,19.552,0.50977427,4.1187377
19553,19.553,0.5063325,4.14986
19554,19.554,0.5188316,4.1197786
19555,19.555,0.51897645,4.131152
19556,19.556,0.5142702,4.1413507
19557,19.557,0.51676947,4.130386
19558,19.558,0.5066548,4.134315
19559,19.559,0.5120766,4.1791835
19560,19.56,0.5083436,4.13638
19561,19.561,0.50031334,4.136418
19562,19.562,0.5060724,4.1555557
19563,19.563,0.5032781,4.1375237
19564,19.564,0.50620013,4.121347
19565,19.565,0.49572453,4.1430326
19566,19.566,0.5059071,4.1295815
19567,19.567,0.5021159,4.1535335
19568,19.568,0.5087213,4.1437254
19569,19.569,0.5101894,4.141433
19570,19.57,0.5026955,4.172086
19571,19.571,0.5101724,4.166464
19572,19.572,0.505958,4.1451106
19573,19.573,0.50393903,4.1578608
19574,19.574,0.5127219,4.1453247
19575,19.575,0.5188473,4.134427
19576,19.576,0.5188684,4.1827335
19577,19.577,0.51444304,4.1548934
19578,19.578,0.51482236,4.1489525
19579,19.579,0.50828177,4.1539297
19580,19.58,0.512854,4.1548347
19581,19.581,0.5022224,4.155935
19582,19.582,0.5148752,4.165768
19583,19.583,0.508316,4.1600246
19584,19.584,0.5089271,4.1601486
19585,19.585,0.4989813,4.1560535
19586,19.586,0.4994654,4.1489677
19587,19.587,0.5012867,4.146452
19588,19.588,0.49687535,4.165821
19589,19.589,0.48966828,4.154795
19590,19.59,0.50039256,4.161222
19591,19.591,0.4950206,4.1734333
19592,19.592,0.48622045,4.1474876
19593,19.593,0.505303,4.1250453
19594,19.594,0.50617486,4.1362457
19595,19.595,0.50252897,4.1193876
19596,19.596,0.4969362,4.140312
19597,19.597,0.5011576,4.1309357
19598,19.598,0.4944194,4.161424
19599,19.599,0.4982999,4.14164
19600,19.6,0.4973481,4.175135
19601,19.601,0.48966268,4.1676393
19602,19.602,0.49278697,4.184259
19603,19.603,0.4958375,4.162763
19604,19.604,0.49874893,4.164594
19605,19.605,0.5025772,4.1487
19606,19.606,0.50161237,4.1491094
19607,19.607,0.49462032,4.1379323
19608,19.608,0.50560385,4.1647825
19609,19.609,0.50355184,4.13504
19610,19.61,0.5068547,4.150469
19611,19.611,0.5117725,4.1381273
19612,19.612,0.49888498,4.157988
19613,19.613,0.49583533,4.1872096
19614,19.614,0.48986036,4.1700125
19615,19.615,0.49824232,4.14371
19616,19.616,0.49887148,4.157723
19617,19.617,0.49852547,4.153612
19618,19.618,0.50325197,4.1378417
19619,19.619,0.49056008,4.168823
19620,19.62,0.49239296,4.15945
19621,19.621,0.4967683,4.141941
19622,19.622,0.4959206,4.162294
19623,19.623,0.49594006,4.162449
19624,19.624,0.48626542,4.1916585
19625,19.625,0.48838815,4.1841784
19626,19.626,0.48376745,4.1747484
19627,19.627,0.496771,4.158202
19628,19.628,0.491956,4.1760845
19629,19.629,0.48568836,4.1617007
19630,19.63,0.48840642,4.166732
19631,19.631,0.50108683,4.1323557
19632,19.632,0.49745566,4.1593857
19633,19.633,0.50515175,4.1409464
19634,19.634,0.49088025,4.1533484
19635,19.635,0.48637822,4.153485
19636,19.636,0.49139464,4.1821685
19637,19.637,0.48875034,4.181105
19638,19.638,0.49127698,4.1892886
19639,19.639,0.5006808,4.196681
19640,19.64,0.4910513,4.193237
19641,19.641,0.4878181,4.1569533
19642,19.642,0.4965103,4.15523
19643,19.643,0.4857956,4.1642575
19644,19.644,0.49456254,4.1622033
19645,19.645,0.50287724,4.1668177
19646,19.646,0.4992846,4.175512
19647,19.647,0.49601847,4.136028
19648,19.648,0.49863753,4.114907
19649,19.649,0.49415496,4.143813
19650,19.65,0.48978013,4.140511
19651,19.651,0.49747357,4.129911
19652,19.652,0.4988344,4.122611
19653,19.653,0.4953693,4.147266
19654,19.654,0.492784,4.1355543
19655,19.655,0.5099415,4.152338
19656,19.656,0.49424407,4.1148615
19657,19.657,0.4920724,4.1686196
19658,19.658,0.49758705,4.144675
19659,19.659,0.48690653,4.1494794
19660,19.66,0.49522904,4.1291842
19661,19.661,0.4923215,4.1295953
19662,19.662,0.48779792,4.149973
19663,19.663,0.4964143,4.1480727
19664,19.664,0.48796815,4.132954
19665,19.665,0.48765346,4.156142
19666,19.666,0.49193016,4.158698
19667,19.667,0.4906754,4.146968
19668,19.668,0.4898632,4.1265254
19669,19.669,0.48835653,4.140857
19670,19.67,0.48727462,4.141391
19671,19.671,0.49347857,4.139401
19672,19.672,0.49316147,4.140356
19673,19.673,0.5035383,4.116523
19674,19.674,0.48438275,4.123197
19675,19.675,0.4980694,4.1536646
19676,19.676,0.49554574,4.119676
19677,19.677,0.50041616,4.1323266
19678,19.678,0.49355617,4.1280985
19679,19.679,0.4899163,4.1157374
19680,19.68,0.49388537,4.1237845
19681,19.681,0.4955341,4.1355543
19682,19.682,0.48482382,4.168218
19683,19.683,0.48128673,4.165652
19684,19.684,0.48763737,4.17731
19685,19.685,0.4843732,4.171107
19686,19.686,0.48770592,4.175115
19687,19.687,0.50061536,4.1329727
19688,19.688,0.49247012,4.1638846
19689,19.689,0.4867987,4.1549644
19690,19.69,0.49498653,4.186699
19691,19.691,0.49076122,4.1716814
19692,19.692,0.4883304,4.221313
19693,19.693,0.48452175,4.153647
19694,19.694,0.48595527,4.166482
19695,19.695,0.49784535,4.1502604
19696,19.696,0.48136887,4.1574545
19697,19.697,0.47898328,4.1586595
19698,19.698,0.4769296,4.157199
19699,19.699,0.4793977,4.1407084
19700,19.7,0.46403968,4.1306143
19701,19.701,0.47684595,4.162639
19702,19.702,0.47593063,4.1730175
19703,19.703,0.47778198,4.176118
19704,19.704,0.4791895,4.12504
19705,19.705,0.48394674,4.117627
19706,19.706,0.48776573,4.131643
19707,19.707,0.48875853,4.145742
19708,19.708,0.48654738,4.164186
19709,19.709,0.48522812,4.162101
19710,19.71,0.4893656,4.1721797
19711,19.711,0.4984597,4.14355
19712,19.712,0.49869323,4.1547675
19713,19.713,0.50114846,4.1876917
19714,19.714,0.49284846,4.175594
19715,19.715,0.4949811,4.1476064
19716,19.716,0.48867473,4.159886
19717,19.717,0.5011473,4.1384425
19718,19.718,0.50233245,4.154112
19719,19.719,0.5097722,4.157515
19720,19.72,0.5000377,4.1746716
19721,19.721,0.48806164,4.193648
19722,19.722,0.49530315,4.1557784
19723,19.723,0.47041553,4.145634
19724,19.724,0.47181678,4.16626
19725,19.725,0.48218274,4.1783676
19726,19.726,0.47400397,4.1594334
19727,19.727,0.4758049,4.1741347
19728,19.728,0.47797254,4.198408
19729,19.729,0.47636467,4.1974163
19730,19.73,0.4855391,4.156096
19731,19.731,0.48726222,4.137519
19732,19.732,0.48246357,4.161005
19733,19.733,0.4733731,4.1436853
19734,19.734,0.47924912,4.158895
19735,19.735,0.4808682,4.1400127
19736,19.736,0.486216,4.131523
19737,19.737,0.4835795,4.1445656
19738,19.738,0.47913203,4.165459
19739,19.739,0.48673356,4.185381
19740,19.74,0.47262937,4.1691947
19741,19.741,0.47671908,4.0938225
19742,19.742,0.48064327,4.159871
19743,19.743,0.4765915,4.1628237
19744,19.744,0.47914815,4.1561165
19745,19.745,0.4861173,4.1493397
19746,19.746,0.4799719,4.1607423
19747,19.747,0.4735325,4.1597524
19748,19.748,0.478855,4.1452136
19749,19.749,0.48356155,4.182261
19750,19.75,0.48074144,4.1390853
19751,19.751,0.48560932,4.1573415
19752,19.752,0.48111948,4.1678743
19753,19.753,0.4813847,4.1746054
19754,19.754,0.49111062,4.1684885
19755,19.755,0.48129869,4.206557
19756,19.756,0.48435372,4.1827965
19757,19.757,0.4889658,4.1751246
19758,19.758,0.48631015,4.153465
19759,19.759,0.48785862,4.127877
19760,19.76,0.48267958,4.162279
19761,19.761,0.48211172,4.1582313
19762,19.762,0.47924143,4.178617
19763,19.763,0.47646883,4.1695495
19764,19.764,0.4741137,4.164947
19765,19.765,0.47377467,4.1828017
19766,19.766,0.48102194,4.1786647
19767,19.767,0.4699648,4.1780753
19768,19.768,0.4644889,4.1580367
19769,19.769,0.48477584,4.17734
19770,19.77,0.48758525,4.182994
19771,19.771,0.48556948,4.1816664
19772,19.772,0.48859924,4.1764283
19773,19.773,0.4883952,4.190887
19774,19.774,0.4899868,4.2155046
19775,19.775,0.486633,4.1821647
19776,19.776,0.48311386,4.174758
19777,19.777,0.48835218,4.1802335
19778,19.778,0.48557985,4.1670694
19779,19.779,0.48801282,4.175132
19780,19.78,0.48633832,4.157568
19781,19.781,0.49505726,4.154252
19782,19.782,0.48285645,4.172801
19783,19.783,0.488514,4.1611385
19784,19.784,0.4908479,4.1612086
19785,19.785,0.48282453,4.145707
19786,19.786,0.48515093,4.1852126
19787,19.787,0.48976895,4.145607
19788,19.788,0.4953362,4.1770782
19789,19.789,0.4854146,4.16196
19790,19.79,0.49601585,4.1620846
19791,19.791,0.49734408,4.183446
19792,19.792,0.5044319,4.1734986
19793,19.793,0.5068993,4.1652775
19794,19.794,0.5073379,4.1377215
19795,19.795,0.5036598,4.1494393
19796,19.796,0.5024356,4.1469636
19797,19.797,0.5067558,4.137631
19798,19.798,0.50968355,4.1761007
19799,19.799,0.49550727,4.1927986
19800,19.8,0.49213094,4.1712947
19801,19.801,0.50677717,4.152321
19802,19.802,0.5054802,4.1546187
19803,19.803,0.5054929,4.1605015
19804,19.804,0.49171993,4.178112
19805,19.805,0.5030684,4.1771135
19806,19.806,0.49451745,4.1637855
19807,19.807,0.4912096,4.1527705
19808,19.808,0.4945182,4.1506667
19809,19.809,0.49941683,4.171869
19810,19.81,0.50124156,4.1862006
19811,19.811,0.49845612,4.2104278
19812,19.812,0.5057915,4.176496
19813,19.813,0.5015167,4.1680846
19814,19.814,0.49037498,4.195975
19815,19.815,0.5024696,4.1832333
19816,19.816,0.49641907,4.1821513
19817,19.817,0.5065987,4.1555223
19818,19.818,0.49925786,4.167934
19819,19.819,0.49677664,4.1851463
19820,19.82,0.48314753,4.176867
19821,19.821,0.486878,4.1854014
19822,19.822,0.49654102,4.1435094
19823,19.823,0.49492946,4.1737504
19824,19.824,0.49197757,4.157265
19825,19.825,0.49545965,4.1438475
19826,19.826,0.4980884,4.1704283
19827,19.827,0.50035405,4.1502213
19828,19.828,0.49976534,4.1815505
19829,19.829,0.50450855,4.167161
19830,19.83,0.5024456,4.198036
19831,19.831,0.4989319,4.186886
19832,19.832,0.49662143,4.1585307
19833,19.833,0.49690756,4.1727624
19834,19.834,0.49066693,4.199716
19835,19.835,0.5018309,4.168702
19836,19.836,0.48987404,4.177202
19837,19.837,0.50018626,4.177669
19838,19.838,0.4862841,4.180158
19839,19.839,0.4888511,4.180832
19840,19.84,0.49137202,4.1739407
19841,19.841,0.49077043,4.184871
19842,19.842,0.50282747,4.194858
19843,19.843,0.4868988,4.1963377
19844,19.844,0.48794854,4.231291
19845,19.845,0.49038532,4.203762
19846,19.846,0.49587741,4.159171
19847,19.847,0.49368358,4.1723976
19848,19.848,0.4924777,4.172327
19849,19.849,0.48382074,4.16893
19850,19.85,0.5009073,4.1850553
19851,19.851,0.49158335,4.1605573
19852,19.852,0.49290925,4.148304
19853,19.853,0.49579334,4.179986
19854,19.854,0.49847284,4.166273
19855,19.855,0.5000482,4.1660533
19856,19.856,0.49833545,4.1395493
19857,19.857,0.5034777,4.177442
19858,19.858,0.5065887,4.1664367
19859,19.859,0.5019488,4.176402
19860,19.86,0.5010893,4.194521
19861,19.861,0.50715154,4.201725
19862,19.862,0.5040817,4.1719112
19863,19.863,0.50176173,4.1800146
19864,19.864,0.50552493,4.21375
19865,19.865,0.50765294,4.1789565
19866,19.866,0.5117082,4.1895127
19867,19.867,0.5075942,4.2126884
19868,19.868,0.50535566,4.206437
19869,19.869,0.50326645,4.2319717
19870,19.87,0.50141627,4.1913733
19871,19.871,0.49426374,4.202784
19872,19.872,0.50342065,4.1798058
19873,19.873,0.5052157,4.198679
19874,19.874,0.50828165,4.1730566
19875,19.875,0.5055006,4.2114005
19876,19.876,0.5022652,4.173559
19877,19.877,0.4951394,4.189621
19878,19.878,0.50426334,4.2026343
19879,19.879,0.51145566,4.174843
19880,19.88,0.5048036,4.2196546
19881,19.881,0.5056219,4.202276
19882,19.882,0.50112563,4.198843
19883,19.883,0.49786246,4.163263
19884,19.884,0.50549406,4.1644163
19885,19.885,0.508339,4.158142
19886,19.886,0.50266033,4.18963
19887,19.887,0.511313,4.1542134
19888,19.888,0.5130189,4.1663375
19889,19.889,0.5061405,4.174496
19890,19.89,0.50421417,4.192229
19891,19.891,0.49478284,4.162197
19892,19.892,0.49584922,4.193567
19893,19.893,0.4887613,4.2098885
19894,19.894,0.49064818,4.151933
19895,19.895,0.4987831,4.1679277
19896,19.896,0.49822238,4.162005
19897,19.897,0.48416358,4.1837816
19898,19.898,0.4820682,4.171744
19899,19.899,0.4807788,4.189556
19900,19.9,0.48955938,4.1744633
19901,19.901,0.49024543,4.2268057
19902,19.902,0.49127597,4.1950927
19903,19.903,0.49205422,4.204073
19904,19.904,0.4850707,4.243451
19905,19.905,0.5043054,4.1975074
19906,19.906,0.50338686,4.198985
19907,19.907,0.5210881,4.1833944
19908,19.908,0.5131407,4.1956744
19909,19.909,0.5273767,4.1554527
19910,19.91,0.5165661,4.1823063
19911,19.911,0.5109363,4.188517
19912,19.912,0.510197,4.179237
19913,19.913,0.50412565,4.189916
19914,19.914,0.50000376,4.192748
19915,19.915,0.49803478,4.1963844
19916,19.916,0.501399,4.17321
19917,19.917,0.52007425,4.1901574
19918,19.918,0.51259226,4.153365
19919,19.919,0.50895506,4.164602
19920,19.92,0.5126417,4.2036595
19921,19.921,0.51011384,4.21704
19922,19.922,0.508656,4.215323
19923,19.923,0.51512045,4.183008
19924,19.924,0.5185645,4.2209854
19925,19.925,0.50419736,4.1873198
19926,19.926,0.51581997,4.1826024
19927,19.927,0.5004636,4.14829
19928,19.928,0.494661,4.1788163
19929,19.929,0.5018828,4.167824
19930,19.93,0.5089023,4.175035
19931,19.931,0.5081943,4.1882935
19932,19.932,0.51280355,4.202016
19933,19.933,0.5181125,4.2104893
19934,19.934,0.5033632,4.198017
19935,19.935,0.51003504,4.210038
19936,19.936,0.5154476,4.2341905
19937,19.937,0.5191672,4.2035003
19938,19.938,0.5138846,4.209604
19939,19.939,0.51802486,4.1785116
19940,19.94,0.52742934,4.176728
19941,19.941,0.5103057,4.188457
19942,19.942,0.51355696,4.1942973
19943,19.943,0.50843483,4.1701965
19944,19.944,0.5109103,4.172967
19945,19.945,0.5087384,4.1926136
19946,19.946,0.5046024,4.1821413
19947,19.947,0.5050395,4.221167
19948,19.948,0.5002599,4.188187
19949,19.949,0.50616044,4.184013
19950,19.95,0.5073765,4.1742697
19951,19.951,0.5083548,4.184707
19952,19.952,0.5025486,4.1661687
19953,19.953,0.52458763,4.176004
19954,19.954,0.52654845,4.175377
19955,19.955,0.5221711,4.1605477
19956,19.956,0.5260177,4.154805
19957,19.957,0.53108776,4.16032
19958,19.958,0.5268166,4.118784
19959,19.959,0.5366225,4.125984
19960,19.96,0.5321527,4.181434
19961,19.961,0.52967924,4.168958
19962,19.962,0.53413516,4.1330624
19963,19.963,0.5132647,4.1281753
19964,19.964,0.52185297,4.1457887
19965,19.965,0.51738995,4.174168
19966,19.966,0.50135607,4.1803775
19967,19.967,0.51108253,4.15363
19968,19.968,0.49985674,4.1499095
19969,19.969,0.51509005,4.1585665
19970,19.97,0.49873683,4.111676
19971,19.971,0.49163657,4.135954
19972,19.972,0.4912458,4.1357493
19973,19.973,0.49421084,4.133797
19974,19.974,0.50227594,4.126395
19975,19.975,0.4997439,4.1372337
19976,19.976,0.5042301,4.152082
19977,19.977,0.5056377,4.1704865
19978,19.978,0.49717295,4.1515284
19979,19.979,0.50004685,4.148346
19980,19.98,0.4761302,4.1525607
19981,19.981,0.48492998,4.1581573
19982,19.982,0.4971472,4.1718116
19983,19.983,0.49963576,4.1429653
19984,19.984,0.50731903,4.140212
19985,19.985,0.48707658,4.1541247
19986,19.986,0.49272087,4.1570935
19987,19.987,0.48796204,4.116205
19988,19.988,0.49105123,4.1259823
19989,19.989,0.49555042,4.1607776
19990,19.99,0.48104748,4.1360097
19991,19.991,0.49037775,4.173603
19992,19.992,0.48399013,4.16939
19993,19.993,0.4895524,4.1963563
19994,19.994,0.48851293,4.181574
19995,19.995,0.4999607,4.151578
19996,19.996,0.49721137,4.152922
19997,19.997,0.4954423,4.193634
19998,19.998,0.5110674,4.1742725
19999,19.999,0.50506186,4.15496
