W0926 13:46:48.109000 17253 torch/distributed/elastic/multiprocessing/redirects.py:35] NOTE: Redirects are currently not supported in MacOs.
WARNING:root:Model is being compiled this might take a while for the first time
W0926 13:46:57.302000 17253 torch/_logging/_internal.py:1345] [0/0] Profiler record function <class 'torch.autograd.profiler.record_function'> will be ignored
    relaxing system: 44 atoms, fmax 0.01, max 1000 steps
      Step     Time          Energy          fmax
BFGS:    0 13:47:07   -24160.549828        1.803542
BFGS:    1 13:47:07   -24160.642922        1.715956
BFGS:    2 13:47:08   -24160.681630        0.624794
BFGS:    3 13:47:08   -24160.699994        0.339152
BFGS:    4 13:47:08   -24160.717607        0.310247
BFGS:    5 13:47:08   -24160.728132        0.234116
BFGS:    6 13:47:08   -24160.736170        0.244833
BFGS:    7 13:47:08   -24160.745465        0.221589
BFGS:    8 13:47:09   -24160.752891        0.253299
BFGS:    9 13:47:09   -24160.758844        0.175628
BFGS:   10 13:47:09   -24160.763213        0.170751
BFGS:   11 13:47:09   -24160.766886        0.154833
BFGS:   12 13:47:09   -24160.770577        0.158048
BFGS:   13 13:47:09   -24160.774867        0.179078
BFGS:   14 13:47:10   -24160.779152        0.157898
BFGS:   15 13:47:10   -24160.783016        0.123647
BFGS:   16 13:47:10   -24160.786584        0.126340
BFGS:   17 13:47:10   -24160.790441        0.146347
BFGS:   18 13:47:10   -24160.794870        0.158744
BFGS:   19 13:47:10   -24160.799555        0.172688
BFGS:   20 13:47:10   -24160.803927        0.131419
BFGS:   21 13:47:11   -24160.807605        0.109803
BFGS:   22 13:47:11   -24160.810761        0.093974
BFGS:   23 13:47:11   -24160.813571        0.114037
BFGS:   24 13:47:11   -24160.815836        0.096025
BFGS:   25 13:47:11   -24160.817310        0.063975
BFGS:   26 13:47:11   -24160.818201        0.062658
BFGS:   27 13:47:12   -24160.818880        0.048586
BFGS:   28 13:47:12   -24160.819526        0.050574
BFGS:   29 13:47:12   -24160.820113        0.047422
BFGS:   30 13:47:12   -24160.820605        0.039308
BFGS:   31 13:47:12   -24160.821064        0.041391
BFGS:   32 13:47:12   -24160.821601        0.046755
BFGS:   33 13:47:12   -24160.822276        0.061119
BFGS:   34 13:47:13   -24160.823064        0.049600
BFGS:   35 13:47:13   -24160.823909        0.059416
BFGS:   36 13:47:13   -24160.824800        0.072205
BFGS:   37 13:47:13   -24160.825765        0.072609
BFGS:   38 13:47:13   -24160.826777        0.063587
BFGS:   39 13:47:13   -24160.827771        0.062654
BFGS:   40 13:47:14   -24160.828726        0.058260
BFGS:   41 13:47:14   -24160.829686        0.066010
BFGS:   42 13:47:14   -24160.830690        0.062784
BFGS:   43 13:47:14   -24160.831751        0.060448
BFGS:   44 13:47:14   -24160.832912        0.064366
BFGS:   45 13:47:14   -24160.834262        0.080941
BFGS:   46 13:47:14   -24160.835795        0.081324
BFGS:   47 13:47:15   -24160.837256        0.067681
BFGS:   48 13:47:15   -24160.838430        0.074647
BFGS:   49 13:47:15   -24160.839450        0.072174
BFGS:   50 13:47:15   -24160.840539        0.068873
BFGS:   51 13:47:15   -24160.841716        0.061085
BFGS:   52 13:47:15   -24160.842772        0.050275
BFGS:   53 13:47:16   -24160.843570        0.049012
BFGS:   54 13:47:16   -24160.844202        0.050464
BFGS:   55 13:47:16   -24160.844802        0.049078
BFGS:   56 13:47:16   -24160.845322        0.074830
BFGS:   57 13:47:16   -24160.845874        0.054657
BFGS:   58 13:47:16   -24160.846380        0.064637
BFGS:   59 13:47:16   -24160.846918        0.037594
BFGS:   60 13:47:17   -24160.847311        0.043014
BFGS:   61 13:47:17   -24160.847800        0.043605
BFGS:   62 13:47:17   -24160.848240        0.061331
BFGS:   63 13:47:17   -24160.848757        0.057188
BFGS:   64 13:47:17   -24160.849311        0.042156
BFGS:   65 13:47:17   -24160.849909        0.042148
BFGS:   66 13:47:18   -24160.850548        0.044609
BFGS:   67 13:47:18   -24160.851262        0.058133
BFGS:   68 13:47:18   -24160.852009        0.060619
BFGS:   69 13:47:18   -24160.852673        0.050539
BFGS:   70 13:47:18   -24160.853176        0.043216
BFGS:   71 13:47:18   -24160.853540        0.030397
BFGS:   72 13:47:18   -24160.853827        0.027772
BFGS:   73 13:47:19   -24160.854075        0.026237
BFGS:   74 13:47:19   -24160.854318        0.030712
BFGS:   75 13:47:19   -24160.854598        0.030847
BFGS:   76 13:47:19   -24160.854943        0.033620
BFGS:   77 13:47:19   -24160.855332        0.034754
BFGS:   78 13:47:19   -24160.855731        0.037137
BFGS:   79 13:47:20   -24160.856155        0.038914
BFGS:   80 13:47:20   -24160.856672        0.048675
BFGS:   81 13:47:20   -24160.857348        0.047370
BFGS:   82 13:47:20   -24160.858030        0.044679
BFGS:   83 13:47:20   -24160.858531        0.038100
BFGS:   84 13:47:20   -24160.858886        0.031328
BFGS:   85 13:47:20   -24160.859186        0.030191
BFGS:   86 13:47:21   -24160.859474        0.036897
BFGS:   87 13:47:21   -24160.859741        0.033352
BFGS:   88 13:47:21   -24160.859986        0.023736
BFGS:   89 13:47:21   -24160.860226        0.027970
BFGS:   90 13:47:21   -24160.860485        0.028068
BFGS:   91 13:47:21   -24160.860782        0.038845
BFGS:   92 13:47:22   -24160.861125        0.038207
BFGS:   93 13:47:22   -24160.861503        0.037106
BFGS:   94 13:47:22   -24160.861882        0.044043
BFGS:   95 13:47:22   -24160.862211        0.042658
BFGS:   96 13:47:22   -24160.862477        0.033466
BFGS:   97 13:47:22   -24160.862701        0.028128
BFGS:   98 13:47:22   -24160.862903        0.029787
BFGS:   99 13:47:23   -24160.863104        0.034258
BFGS:  100 13:47:23   -24160.863304        0.032315
BFGS:  101 13:47:23   -24160.863515        0.032551
BFGS:  102 13:47:23   -24160.863742        0.025572
BFGS:  103 13:47:23   -24160.863966        0.040943
BFGS:  104 13:47:23   -24160.864176        0.041426
BFGS:  105 13:47:24   -24160.864408        0.028956
BFGS:  106 13:47:24   -24160.864666        0.027785
BFGS:  107 13:47:24   -24160.864959        0.045352
BFGS:  108 13:47:24   -24160.865291        0.051868
BFGS:  109 13:47:24   -24160.865657        0.041396
BFGS:  110 13:47:24   -24160.866065        0.037393
BFGS:  111 13:47:25   -24160.866513        0.037787
BFGS:  112 13:47:25   -24160.866994        0.042153
BFGS:  113 13:47:25   -24160.867476        0.051893
BFGS:  114 13:47:25   -24160.867954        0.042786
BFGS:  115 13:47:25   -24160.868410        0.035065
BFGS:  116 13:47:25   -24160.868853        0.039078
BFGS:  117 13:47:26   -24160.869261        0.047132
BFGS:  118 13:47:26   -24160.869671        0.038616
BFGS:  119 13:47:26   -24160.870083        0.041076
BFGS:  120 13:47:26   -24160.870513        0.043490
BFGS:  121 13:47:26   -24160.870938        0.039623
BFGS:  122 13:47:26   -24160.871358        0.041465
BFGS:  123 13:47:27   -24160.871752        0.036094
BFGS:  124 13:47:27   -24160.872172        0.042807
BFGS:  125 13:47:27   -24160.872630        0.043942
BFGS:  126 13:47:27   -24160.873095        0.041769
BFGS:  127 13:47:27   -24160.873435        0.044441
BFGS:  128 13:47:27   -24160.873719        0.028751
BFGS:  129 13:47:27   -24160.873912        0.027529
BFGS:  130 13:47:28   -24160.874102        0.018051
BFGS:  131 13:47:28   -24160.874229        0.018521
BFGS:  132 13:47:28   -24160.874369        0.021465
BFGS:  133 13:47:28   -24160.874488        0.021122
BFGS:  134 13:47:28   -24160.874634        0.018504
BFGS:  135 13:47:28   -24160.874802        0.019354
BFGS:  136 13:47:29   -24160.874978        0.025043
BFGS:  137 13:47:29   -24160.875149        0.023304
BFGS:  138 13:47:29   -24160.875330        0.025681
BFGS:  139 13:47:29   -24160.875568        0.028568
BFGS:  140 13:47:29   -24160.875899        0.036834
BFGS:  141 13:47:29   -24160.876310        0.044621
BFGS:  142 13:47:29   -24160.876711        0.032373
BFGS:  143 13:47:30   -24160.877030        0.025982
BFGS:  144 13:47:30   -24160.877260        0.021047
BFGS:  145 13:47:30   -24160.877447        0.026276
BFGS:  146 13:47:30   -24160.877622        0.025781
BFGS:  147 13:47:30   -24160.877808        0.023258
BFGS:  148 13:47:30   -24160.877999        0.016337
BFGS:  149 13:47:31   -24160.878135        0.018470
BFGS:  150 13:47:31   -24160.878273        0.019330
BFGS:  151 13:47:31   -24160.878385        0.016867
BFGS:  152 13:47:31   -24160.878494        0.017807
BFGS:  153 13:47:31   -24160.878612        0.022509
BFGS:  154 13:47:31   -24160.878753        0.023088
BFGS:  155 13:47:31   -24160.878909        0.029918
BFGS:  156 13:47:32   -24160.879066        0.026639
BFGS:  157 13:47:32   -24160.879207        0.018567
BFGS:  158 13:47:32   -24160.879338        0.019998
BFGS:  159 13:47:32   -24160.879485        0.020085
BFGS:  160 13:47:32   -24160.879676        0.032040
BFGS:  161 13:47:32   -24160.879898        0.032994
BFGS:  162 13:47:33   -24160.880121        0.025470
BFGS:  163 13:47:33   -24160.880306        0.020846
BFGS:  164 13:47:33   -24160.880458        0.017885
BFGS:  165 13:47:33   -24160.880590        0.021536
BFGS:  166 13:47:33   -24160.880753        0.023193
BFGS:  167 13:47:33   -24160.880893        0.019678
BFGS:  168 13:47:34   -24160.881010        0.014751
BFGS:  169 13:47:34   -24160.881103        0.014895
BFGS:  170 13:47:34   -24160.881199        0.016717
BFGS:  171 13:47:34   -24160.881319        0.020148
BFGS:  172 13:47:34   -24160.881463        0.022009
BFGS:  173 13:47:34   -24160.881616        0.020180
BFGS:  174 13:47:34   -24160.881759        0.020661
BFGS:  175 13:47:35   -24160.881897        0.020242
BFGS:  176 13:47:35   -24160.882030        0.027392
BFGS:  177 13:47:35   -24160.882178        0.024360
BFGS:  178 13:47:35   -24160.882312        0.016568
BFGS:  179 13:47:35   -24160.882409        0.016004
BFGS:  180 13:47:35   -24160.882469        0.017204
BFGS:  181 13:47:36   -24160.882567        0.014437
BFGS:  182 13:47:36   -24160.882650        0.012934
BFGS:  183 13:47:36   -24160.882726        0.012523
BFGS:  184 13:47:36   -24160.882794        0.018078
BFGS:  185 13:47:36   -24160.882867        0.018966
BFGS:  186 13:47:36   -24160.882935        0.014088
BFGS:  187 13:47:36   -24160.882991        0.012777
BFGS:  188 13:47:37   -24160.883035        0.009417
    -> 188 steps, converged=True
[1/12] s2_esm1_control    strain    7.684  (188 steps, conv=True)
    relaxing system: 44 atoms, fmax 0.01, max 1000 steps
      Step     Time          Energy          fmax
BFGS:    0 13:47:37   -24160.041067        2.793786
BFGS:    1 13:47:37   -24160.218263        1.353628
BFGS:    2 13:47:37   -24160.286300        0.728303
BFGS:    3 13:47:37   -24160.336005        0.584354
BFGS:    4 13:47:37   -24160.357903        0.714316
BFGS:    5 13:47:38   -24160.409889        0.514265
BFGS:    6 13:47:38   -24160.446780        0.763604
BFGS:    7 13:47:38   -24160.483165        0.455677
BFGS:    8 13:47:38   -24160.508046        0.383243
BFGS:    9 13:47:38   -24160.525683        0.307781
BFGS:   10 13:47:38   -24160.541582        0.294698
BFGS:   11 13:47:38   -24160.563374        0.276146
BFGS:   12 13:47:39   -24160.582832        0.343565
BFGS:   13 13:47:39   -24160.603275        0.347752
BFGS:   14 13:47:39   -24160.624626        0.339745
BFGS:   15 13:47:39   -24160.646821        0.296716
BFGS:   16 13:47:39   -24160.665735        0.245464
BFGS:   17 13:47:39   -24160.680605        0.213318
BFGS:   18 13:47:39   -24160.693175        0.218247
BFGS:   19 13:47:40   -24160.705147        0.231998
BFGS:   20 13:47:40   -24160.716457        0.225245
BFGS:   21 13:47:40   -24160.726067        0.200705
BFGS:   22 13:47:40   -24160.734296        0.212336
BFGS:   23 13:47:40   -24160.742466        0.167728
BFGS:   24 13:47:40   -24160.750856        0.159546
BFGS:   25 13:47:41   -24160.758732        0.154536
BFGS:   26 13:47:41   -24160.765669        0.166299
BFGS:   27 13:47:41   -24160.772123        0.154286
BFGS:   28 13:47:41   -24160.778682        0.179480
BFGS:   29 13:47:41   -24160.785342        0.153143
BFGS:   30 13:47:41   -24160.791888        0.138305
BFGS:   31 13:47:42   -24160.798595        0.143094
BFGS:   32 13:47:42   -24160.805944        0.145528
BFGS:   33 13:47:42   -24160.813936        0.180290
BFGS:   34 13:47:42   -24160.821685        0.167665
BFGS:   35 13:47:42   -24160.828081        0.149043
BFGS:   36 13:47:42   -24160.832906        0.116875
BFGS:   37 13:47:42   -24160.836755        0.104321
BFGS:   38 13:47:43   -24160.839944        0.102239
BFGS:   39 13:47:43   -24160.843241        0.134200
BFGS:   40 13:47:43   -24160.846729        0.099543
BFGS:   41 13:47:43   -24160.851203        0.136447
BFGS:   42 13:47:43   -24160.854201        0.129487
BFGS:   43 13:47:43   -24160.858108        0.104155
BFGS:   44 13:47:44   -24160.861328        0.097842
BFGS:   45 13:47:44   -24160.864591        0.099270
BFGS:   46 13:47:44   -24160.867576        0.094738
BFGS:   47 13:47:44   -24160.870558        0.099420
BFGS:   48 13:47:44   -24160.873370        0.093817
BFGS:   49 13:47:44   -24160.876008        0.087678
BFGS:   50 13:47:44   -24160.878568        0.098013
BFGS:   51 13:47:45   -24160.881213        0.081535
BFGS:   52 13:47:45   -24160.884002        0.091316
BFGS:   53 13:47:45   -24160.886761        0.087384
BFGS:   54 13:47:45   -24160.889487        0.088338
BFGS:   55 13:47:45   -24160.891916        0.071303
BFGS:   56 13:47:45   -24160.894189        0.064451
BFGS:   57 13:47:45   -24160.896286        0.070961
BFGS:   58 13:47:46   -24160.898151        0.081434
BFGS:   59 13:47:46   -24160.899663        0.072231
BFGS:   60 13:47:46   -24160.901017        0.056766
BFGS:   61 13:47:46   -24160.902393        0.062695
BFGS:   62 13:47:46   -24160.903879        0.066292
BFGS:   63 13:47:46   -24160.905362        0.063814
BFGS:   64 13:47:47   -24160.906775        0.061708
BFGS:   65 13:47:47   -24160.908139        0.072887
BFGS:   66 13:47:47   -24160.909505        0.070530
BFGS:   67 13:47:47   -24160.910764        0.076844
BFGS:   68 13:47:47   -24160.911979        0.061550
BFGS:   69 13:47:47   -24160.913167        0.056029
BFGS:   70 13:47:48   -24160.914543        0.053138
BFGS:   71 13:47:48   -24160.915162        0.057839
BFGS:   72 13:47:48   -24160.915995        0.038365
BFGS:   73 13:47:48   -24160.916526        0.041841
BFGS:   74 13:47:48   -24160.917072        0.038022
BFGS:   75 13:47:48   -24160.917500        0.038586
BFGS:   76 13:47:49   -24160.917833        0.029205
BFGS:   77 13:47:49   -24160.918079        0.032443
BFGS:   78 13:47:49   -24160.918311        0.032664
BFGS:   79 13:47:49   -24160.918563        0.030924
BFGS:   80 13:47:49   -24160.918843        0.028134
BFGS:   81 13:47:49   -24160.919140        0.030593
BFGS:   82 13:47:49   -24160.919431        0.032999
BFGS:   83 13:47:50   -24160.919698        0.027342
BFGS:   84 13:47:50   -24160.919933        0.026316
BFGS:   85 13:47:50   -24160.920140        0.023556
BFGS:   86 13:47:50   -24160.920325        0.025660
BFGS:   87 13:47:50   -24160.920500        0.022271
BFGS:   88 13:47:50   -24160.920672        0.024376
BFGS:   89 13:47:51   -24160.920850        0.024403
BFGS:   90 13:47:51   -24160.921035        0.027269
BFGS:   91 13:47:51   -24160.921218        0.023772
BFGS:   92 13:47:51   -24160.921385        0.028865
BFGS:   93 13:47:51   -24160.921536        0.023326
BFGS:   94 13:47:51   -24160.921683        0.030285
BFGS:   95 13:47:51   -24160.921834        0.032075
BFGS:   96 13:47:52   -24160.921992        0.028721
BFGS:   97 13:47:52   -24160.922158        0.023275
BFGS:   98 13:47:52   -24160.922332        0.022710
BFGS:   99 13:47:52   -24160.922513        0.023833
BFGS:  100 13:47:52   -24160.922696        0.019842
BFGS:  101 13:47:52   -24160.922875        0.027610
BFGS:  102 13:47:53   -24160.923059        0.025763
BFGS:  103 13:47:53   -24160.923262        0.026623
BFGS:  104 13:47:53   -24160.923478        0.027204
BFGS:  105 13:47:53   -24160.923684        0.026583
BFGS:  106 13:47:53   -24160.923861        0.021518
BFGS:  107 13:47:53   -24160.924015        0.022622
BFGS:  108 13:47:53   -24160.924156        0.023236
BFGS:  109 13:47:54   -24160.924286        0.023496
BFGS:  110 13:47:54   -24160.924403        0.023731
BFGS:  111 13:47:54   -24160.924511        0.017480
BFGS:  112 13:47:54   -24160.924609        0.021269
BFGS:  113 13:47:54   -24160.924689        0.018186
BFGS:  114 13:47:54   -24160.924749        0.018143
BFGS:  115 13:47:55   -24160.924801        0.016280
BFGS:  116 13:47:55   -24160.924861        0.019031
BFGS:  117 13:47:55   -24160.924933        0.020441
BFGS:  118 13:47:55   -24160.925010        0.016970
BFGS:  119 13:47:55   -24160.925087        0.016937
BFGS:  120 13:47:55   -24160.925161        0.016379
BFGS:  121 13:47:55   -24160.925234        0.021925
BFGS:  122 13:47:56   -24160.925299        0.018234
BFGS:  123 13:47:56   -24160.925353        0.013669
BFGS:  124 13:47:56   -24160.925400        0.013935
BFGS:  125 13:47:56   -24160.925445        0.011786
BFGS:  126 13:47:56   -24160.925488        0.013829
BFGS:  127 13:47:56   -24160.925523        0.012460
BFGS:  128 13:47:56   -24160.925551        0.009973
    -> 128 steps, converged=True
[2/12] s2_esm1_f12        strain   20.397  (128 steps, conv=True)
    relaxing system: 44 atoms, fmax 0.01, max 1000 steps
      Step     Time          Energy          fmax
BFGS:    0 13:47:57   -24160.125268        2.863141
BFGS:    1 13:47:57   -24160.308552        1.350755
BFGS:    2 13:47:57   -24160.379546        0.868667
BFGS:    3 13:47:57   -24160.415967        0.600116
BFGS:    4 13:47:57   -24160.437303        0.453365
BFGS:    5 13:47:57   -24160.464037        0.394929
BFGS:    6 13:47:58   -24160.487602        0.587996
BFGS:    7 13:47:58   -24160.513888        0.456630
BFGS:    8 13:47:58   -24160.531860        0.337000
BFGS:    9 13:47:58   -24160.544568        0.284394
BFGS:   10 13:47:58   -24160.555916        0.260095
BFGS:   11 13:47:58   -24160.568462        0.221157
BFGS:   12 13:47:59   -24160.580682        0.226050
BFGS:   13 13:47:59   -24160.591590        0.227545
BFGS:   14 13:47:59   -24160.603691        0.275393
BFGS:   15 13:47:59   -24160.617422        0.277863
BFGS:   16 13:47:59   -24160.632974        0.252643
BFGS:   17 13:47:59   -24160.649638        0.236661
BFGS:   18 13:48:00   -24160.666497        0.310625
BFGS:   19 13:48:00   -24160.682674        0.279477
BFGS:   20 13:48:00   -24160.698094        0.237608
BFGS:   21 13:48:00   -24160.713014        0.228108
BFGS:   22 13:48:00   -24160.727304        0.296290
BFGS:   23 13:48:00   -24160.740704        0.325733
BFGS:   24 13:48:01   -24160.753204        0.307049
BFGS:   25 13:48:01   -24160.764826        0.249118
BFGS:   26 13:48:01   -24160.775976        0.227548
BFGS:   27 13:48:01   -24160.787569        0.264925
BFGS:   28 13:48:01   -24160.799703        0.240247
BFGS:   29 13:48:01   -24160.810403        0.212911
BFGS:   30 13:48:01   -24160.817907        0.144361
BFGS:   31 13:48:02   -24160.822212        0.167555
BFGS:   32 13:48:02   -24160.826865        0.141372
BFGS:   33 13:48:02   -24160.831522        0.129025
BFGS:   34 13:48:02   -24160.839734        0.109868
BFGS:   35 13:48:02   -24160.842854        0.115356
BFGS:   36 13:48:02   -24160.846812        0.110965
BFGS:   37 13:48:03   -24160.849908        0.095836
BFGS:   38 13:48:03   -24160.853315        0.108283
BFGS:   39 13:48:03   -24160.855769        0.102403
BFGS:   40 13:48:03   -24160.857816        0.085578
BFGS:   41 13:48:03   -24160.859849        0.083021
BFGS:   42 13:48:03   -24160.862323        0.090062
BFGS:   43 13:48:04   -24160.865152        0.096695
BFGS:   44 13:48:04   -24160.868199        0.103589
BFGS:   45 13:48:04   -24160.871357        0.124925
BFGS:   46 13:48:04   -24160.874729        0.139947
BFGS:   47 13:48:04   -24160.878482        0.141051
BFGS:   48 13:48:04   -24160.882595        0.122830
BFGS:   49 13:48:05   -24160.886807        0.112420
BFGS:   50 13:48:05   -24160.890888        0.113030
BFGS:   51 13:48:05   -24160.894628        0.112639
BFGS:   52 13:48:05   -24160.897893        0.107896
BFGS:   53 13:48:05   -24160.899830        0.177504
BFGS:   54 13:48:05   -24160.902777        0.113726
BFGS:   55 13:48:05   -24160.905021        0.079228
BFGS:   56 13:48:06   -24160.908287        0.077229
BFGS:   57 13:48:06   -24160.910221        0.088972
BFGS:   58 13:48:06   -24160.912835        0.079491
BFGS:   59 13:48:06   -24160.914545        0.069321
BFGS:   60 13:48:06   -24160.915852        0.062621
BFGS:   61 13:48:06   -24160.916748        0.056908
BFGS:   62 13:48:07   -24160.917549        0.048639
BFGS:   63 13:48:07   -24160.918269        0.047488
BFGS:   64 13:48:07   -24160.919001        0.068774
BFGS:   65 13:48:07   -24160.919646        0.049023
BFGS:   66 13:48:07   -24160.920074        0.037971
BFGS:   67 13:48:07   -24160.920430        0.034351
BFGS:   68 13:48:08   -24160.920859        0.044663
BFGS:   69 13:48:08   -24160.921413        0.055262
BFGS:   70 13:48:08   -24160.922016        0.045823
BFGS:   71 13:48:08   -24160.922571        0.056114
BFGS:   72 13:48:08   -24160.923121        0.052635
BFGS:   73 13:48:08   -24160.923793        0.068006
BFGS:   74 13:48:08   -24160.924639        0.076585
BFGS:   75 13:48:09   -24160.925505        0.054533
BFGS:   76 13:48:09   -24160.926210        0.044196
BFGS:   77 13:48:09   -24160.926790        0.044043
BFGS:   78 13:48:09   -24160.927388        0.056887
BFGS:   79 13:48:09   -24160.928089        0.063931
BFGS:   80 13:48:09   -24160.928812        0.043467
BFGS:   81 13:48:09   -24160.929413        0.044122
BFGS:   82 13:48:10   -24160.929903        0.050231
BFGS:   83 13:48:10   -24160.930357        0.050707
BFGS:   84 13:48:10   -24160.930809        0.035230
BFGS:   85 13:48:10   -24160.931144        0.035149
BFGS:   86 13:48:10   -24160.931441        0.038146
BFGS:   87 13:48:10   -24160.931757        0.037280
BFGS:   88 13:48:11   -24160.932145        0.034903
BFGS:   89 13:48:11   -24160.932561        0.042207
BFGS:   90 13:48:11   -24160.932964        0.048802
BFGS:   91 13:48:11   -24160.933344        0.040539
BFGS:   92 13:48:11   -24160.933689        0.030887
BFGS:   93 13:48:11   -24160.933973        0.026120
BFGS:   94 13:48:11   -24160.934206        0.027180
BFGS:   95 13:48:12   -24160.934430        0.025557
BFGS:   96 13:48:12   -24160.934676        0.027474
BFGS:   97 13:48:12   -24160.934914        0.022704
BFGS:   98 13:48:12   -24160.935104        0.020109
BFGS:   99 13:48:12   -24160.935250        0.021249
BFGS:  100 13:48:12   -24160.935388        0.018336
BFGS:  101 13:48:13   -24160.935530        0.022046
BFGS:  102 13:48:13   -24160.935660        0.018006
BFGS:  103 13:48:13   -24160.935770        0.017724
BFGS:  104 13:48:13   -24160.935872        0.015777
BFGS:  105 13:48:13   -24160.935974        0.018957
BFGS:  106 13:48:13   -24160.936065        0.018424
BFGS:  107 13:48:13   -24160.936140        0.015498
BFGS:  108 13:48:14   -24160.936209        0.013526
BFGS:  109 13:48:14   -24160.936288        0.014412
BFGS:  110 13:48:14   -24160.936381        0.019276
BFGS:  111 13:48:14   -24160.936474        0.020083
BFGS:  112 13:48:14   -24160.936557        0.015238
BFGS:  113 13:48:14   -24160.936646        0.014308
BFGS:  114 13:48:15   -24160.936762        0.023227
BFGS:  115 13:48:15   -24160.936918        0.028652
BFGS:  116 13:48:15   -24160.937103        0.029800
BFGS:  117 13:48:15   -24160.937306        0.025025
BFGS:  118 13:48:15   -24160.937543        0.029590
BFGS:  119 13:48:15   -24160.937849        0.035377
BFGS:  120 13:48:15   -24160.938235        0.038993
BFGS:  121 13:48:16   -24160.938655        0.039698
BFGS:  122 13:48:16   -24160.939046        0.039203
BFGS:  123 13:48:16   -24160.939389        0.032510
BFGS:  124 13:48:16   -24160.939701        0.034931
BFGS:  125 13:48:16   -24160.940000        0.039018
BFGS:  126 13:48:16   -24160.940280        0.033421
BFGS:  127 13:48:17   -24160.940536        0.028885
BFGS:  128 13:48:17   -24160.940782        0.034602
BFGS:  129 13:48:17   -24160.941014        0.034429
BFGS:  130 13:48:17   -24160.941213        0.026777
BFGS:  131 13:48:17   -24160.941374        0.018497
BFGS:  132 13:48:17   -24160.941531        0.023244
BFGS:  133 13:48:17   -24160.941719        0.025996
BFGS:  134 13:48:18   -24160.941955        0.027775
BFGS:  135 13:48:18   -24160.942215        0.026626
BFGS:  136 13:48:18   -24160.942468        0.030679
BFGS:  137 13:48:18   -24160.942711        0.028375
BFGS:  138 13:48:18   -24160.942975        0.028216
BFGS:  139 13:48:18   -24160.943300        0.034331
BFGS:  140 13:48:18   -24160.943702        0.034770
BFGS:  141 13:48:19   -24160.944158        0.036201
BFGS:  142 13:48:19   -24160.944613        0.036364
BFGS:  143 13:48:19   -24160.945013        0.034815
BFGS:  144 13:48:19   -24160.945363        0.029345
BFGS:  145 13:48:19   -24160.945669        0.026531
BFGS:  146 13:48:19   -24160.945931        0.029180
BFGS:  147 13:48:20   -24160.946152        0.025276
BFGS:  148 13:48:20   -24160.946367        0.026447
BFGS:  149 13:48:20   -24160.946594        0.025137
BFGS:  150 13:48:20   -24160.946850        0.025840
BFGS:  151 13:48:20   -24160.947110        0.024025
BFGS:  152 13:48:20   -24160.947362        0.028113
BFGS:  153 13:48:20   -24160.947637        0.025271
BFGS:  154 13:48:21   -24160.947960        0.029540
BFGS:  155 13:48:21   -24160.948284        0.026237
BFGS:  156 13:48:21   -24160.948552        0.025116
BFGS:  157 13:48:21   -24160.948781        0.026888
BFGS:  158 13:48:21   -24160.949059        0.030743
BFGS:  159 13:48:21   -24160.949435        0.030842
BFGS:  160 13:48:22   -24160.949849        0.031520
BFGS:  161 13:48:22   -24160.950199        0.032181
BFGS:  162 13:48:22   -24160.950435        0.032194
BFGS:  163 13:48:22   -24160.950703        0.030044
BFGS:  164 13:48:22   -24160.951006        0.027318
BFGS:  165 13:48:22   -24160.951524        0.024853
BFGS:  166 13:48:22   -24160.951756        0.026385
BFGS:  167 13:48:23   -24160.952100        0.028506
BFGS:  168 13:48:23   -24160.952449        0.030713
BFGS:  169 13:48:23   -24160.952921        0.036512
BFGS:  170 13:48:23   -24160.953385        0.040054
BFGS:  171 13:48:23   -24160.953764        0.030854
BFGS:  172 13:48:23   -24160.954052        0.031676
BFGS:  173 13:48:23   -24160.954357        0.027412
BFGS:  174 13:48:24   -24160.954760        0.037263
BFGS:  175 13:48:24   -24160.955271        0.042742
BFGS:  176 13:48:24   -24160.955845        0.039397
BFGS:  177 13:48:24   -24160.956392        0.034715
BFGS:  178 13:48:24   -24160.956880        0.038769
BFGS:  179 13:48:24   -24160.957352        0.052681
BFGS:  180 13:48:25   -24160.957800        0.049333
BFGS:  181 13:48:25   -24160.958242        0.042704
BFGS:  182 13:48:25   -24160.958760        0.037068
BFGS:  183 13:48:25   -24160.959699        0.052236
BFGS:  184 13:48:25   -24160.960365        0.054732
BFGS:  185 13:48:25   -24160.961263        0.043226
BFGS:  186 13:48:25   -24160.961798        0.032644
BFGS:  187 13:48:26   -24160.962138        0.043567
BFGS:  188 13:48:26   -24160.962538        0.037179
BFGS:  189 13:48:26   -24160.963004        0.035228
BFGS:  190 13:48:26   -24160.963338        0.027286
BFGS:  191 13:48:26   -24160.963520        0.025739
BFGS:  192 13:48:26   -24160.963684        0.023357
BFGS:  193 13:48:26   -24160.963889        0.021654
BFGS:  194 13:48:27   -24160.964070        0.026498
BFGS:  195 13:48:27   -24160.964324        0.024073
BFGS:  196 13:48:27   -24160.964582        0.028904
BFGS:  197 13:48:27   -24160.964828        0.031325
BFGS:  198 13:48:27   -24160.965053        0.024987
BFGS:  199 13:48:27   -24160.965278        0.027339
BFGS:  200 13:48:27   -24160.965517        0.023496
BFGS:  201 13:48:28   -24160.965733        0.021856
BFGS:  202 13:48:28   -24160.965908        0.020486
BFGS:  203 13:48:28   -24160.966073        0.020257
BFGS:  204 13:48:28   -24160.966256        0.019275
BFGS:  205 13:48:28   -24160.966461        0.021795
BFGS:  206 13:48:28   -24160.966663        0.029711
BFGS:  207 13:48:29   -24160.966845        0.022811
BFGS:  208 13:48:29   -24160.967013        0.027390
BFGS:  209 13:48:29   -24160.967174        0.027860
BFGS:  210 13:48:29   -24160.967332        0.025737
BFGS:  211 13:48:29   -24160.967504        0.022035
BFGS:  212 13:48:29   -24160.967700        0.022963
BFGS:  213 13:48:29   -24160.967932        0.022351
BFGS:  214 13:48:30   -24160.968184        0.022246
BFGS:  215 13:48:30   -24160.968416        0.019583
BFGS:  216 13:48:30   -24160.968581        0.017412
BFGS:  217 13:48:30   -24160.968694        0.016093
BFGS:  218 13:48:30   -24160.968805        0.016632
BFGS:  219 13:48:30   -24160.968926        0.014861
BFGS:  220 13:48:30   -24160.969044        0.017155
BFGS:  221 13:48:31   -24160.969151        0.022294
BFGS:  222 13:48:31   -24160.969261        0.023658
BFGS:  223 13:48:31   -24160.969377        0.018846
BFGS:  224 13:48:31   -24160.969482        0.014318
BFGS:  225 13:48:31   -24160.969556        0.013493
BFGS:  226 13:48:31   -24160.969604        0.012281
BFGS:  227 13:48:31   -24160.969650        0.012210
BFGS:  228 13:48:32   -24160.969703        0.010736
BFGS:  229 13:48:32   -24160.969760        0.009899
    -> 229 steps, converged=True
[3/12] s2_esm1_f4         strain   19.474  (229 steps, conv=True)
    relaxing system: 44 atoms, fmax 0.01, max 1000 steps
      Step     Time          Energy          fmax
BFGS:    0 13:48:32   -24159.591305        3.925461
BFGS:    1 13:48:32   -24159.997088        2.140010
BFGS:    2 13:48:32   -24160.142938        0.780074
BFGS:    3 13:48:32   -24160.191536        1.034934
BFGS:    4 13:48:33   -24160.216201        0.719101
BFGS:    5 13:48:33   -24160.243165        0.443421
BFGS:    6 13:48:33   -24160.268453        0.518174
BFGS:    7 13:48:33   -24160.287778        0.390431
BFGS:    8 13:48:33   -24160.304416        0.336616
BFGS:    9 13:48:33   -24160.315865        0.248044
BFGS:   10 13:48:33   -24160.328014        0.297817
BFGS:   11 13:48:34   -24160.343438        0.265446
BFGS:   12 13:48:34   -24160.358934        0.342860
BFGS:   13 13:48:34   -24160.373213        0.287436
BFGS:   14 13:48:34   -24160.388785        0.302339
BFGS:   15 13:48:34   -24160.407216        0.261507
BFGS:   16 13:48:34   -24160.429076        0.316123
BFGS:   17 13:48:35   -24160.452171        0.269014
BFGS:   18 13:48:35   -24160.473050        0.289727
BFGS:   19 13:48:35   -24160.491986        0.296461
BFGS:   20 13:48:35   -24160.511492        0.281323
BFGS:   21 13:48:35   -24160.532786        0.304098
BFGS:   22 13:48:35   -24160.553679        0.281034
BFGS:   23 13:48:35   -24160.572233        0.282498
BFGS:   24 13:48:36   -24160.584526        0.319573
BFGS:   25 13:48:36   -24160.598331        0.230995
BFGS:   26 13:48:36   -24160.609237        0.210547
BFGS:   27 13:48:36   -24160.621102        0.209362
BFGS:   28 13:48:36   -24160.629728        0.194468
BFGS:   29 13:48:37   -24160.641370        0.198203
BFGS:   30 13:48:37   -24160.651060        0.164414
BFGS:   31 13:48:37   -24160.659764        0.156325
BFGS:   32 13:48:37   -24160.666661        0.147066
BFGS:   33 13:48:37   -24160.673714        0.167488
BFGS:   34 13:48:37   -24160.680810        0.150686
BFGS:   35 13:48:37   -24160.687347        0.141048
BFGS:   36 13:48:38   -24160.692441        0.139023
BFGS:   37 13:48:38   -24160.696500        0.118848
BFGS:   38 13:48:38   -24160.700059        0.095613
BFGS:   39 13:48:38   -24160.703516        0.090024
BFGS:   40 13:48:38   -24160.706568        0.122046
BFGS:   41 13:48:38   -24160.709519        0.124855
BFGS:   42 13:48:38   -24160.712387        0.088702
BFGS:   43 13:48:39   -24160.715544        0.085022
BFGS:   44 13:48:39   -24160.719086        0.108230
BFGS:   45 13:48:39   -24160.722863        0.114794
BFGS:   46 13:48:39   -24160.726551        0.111456
BFGS:   47 13:48:39   -24160.730222        0.115805
BFGS:   48 13:48:39   -24160.734148        0.104346
BFGS:   49 13:48:40   -24160.738384        0.142875
BFGS:   50 13:48:40   -24160.742334        0.127317
BFGS:   51 13:48:40   -24160.745438        0.090183
BFGS:   52 13:48:40   -24160.747745        0.085075
BFGS:   53 13:48:40   -24160.749511        0.128359
BFGS:   54 13:48:40   -24160.751465        0.079223
BFGS:   55 13:48:41   -24160.753460        0.065925
BFGS:   56 13:48:41   -24160.754929        0.065229
BFGS:   57 13:48:41   -24160.756219        0.062202
BFGS:   58 13:48:41   -24160.757695        0.063075
BFGS:   59 13:48:41   -24160.758999        0.064412
BFGS:   60 13:48:41   -24160.760191        0.053306
BFGS:   61 13:48:41   -24160.761358        0.059468
BFGS:   62 13:48:42   -24160.762714        0.066087
BFGS:   63 13:48:42   -24160.764222        0.070359
BFGS:   64 13:48:42   -24160.765549        0.064583
BFGS:   65 13:48:42   -24160.766385        0.049203
BFGS:   66 13:48:42   -24160.766853        0.038173
BFGS:   67 13:48:42   -24160.767194        0.030215
BFGS:   68 13:48:43   -24160.767523        0.033950
BFGS:   69 13:48:43   -24160.767818        0.041506
BFGS:   70 13:48:43   -24160.768072        0.030491
BFGS:   71 13:48:43   -24160.768318        0.033064
BFGS:   72 13:48:43   -24160.768610        0.036754
BFGS:   73 13:48:44   -24160.768974        0.053880
BFGS:   74 13:48:44   -24160.769355        0.052193
BFGS:   75 13:48:44   -24160.769787        0.040987
BFGS:   76 13:48:44   -24160.770293        0.046085
BFGS:   77 13:48:44   -24160.770878        0.053703
BFGS:   78 13:48:44   -24160.771473        0.048749
BFGS:   79 13:48:44   -24160.772002        0.040012
BFGS:   80 13:48:45   -24160.772464        0.037790
BFGS:   81 13:48:45   -24160.772916        0.058537
BFGS:   82 13:48:45   -24160.773402        0.066971
BFGS:   83 13:48:45   -24160.773903        0.051283
BFGS:   84 13:48:45   -24160.774359        0.036822
BFGS:   85 13:48:45   -24160.774732        0.034887
BFGS:   86 13:48:45   -24160.775028        0.038459
BFGS:   87 13:48:46   -24160.775279        0.034711
BFGS:   88 13:48:46   -24160.775508        0.029095
BFGS:   89 13:48:46   -24160.775701        0.023487
BFGS:   90 13:48:46   -24160.775862        0.023802
BFGS:   91 13:48:46   -24160.776011        0.025233
BFGS:   92 13:48:46   -24160.776177        0.025632
BFGS:   93 13:48:47   -24160.776365        0.024593
BFGS:   94 13:48:47   -24160.776564        0.026896
BFGS:   95 13:48:47   -24160.776776        0.028553
BFGS:   96 13:48:47   -24160.777017        0.025931
BFGS:   97 13:48:47   -24160.777287        0.026917
BFGS:   98 13:48:47   -24160.777559        0.024761
BFGS:   99 13:48:47   -24160.777802        0.024838
BFGS:  100 13:48:48   -24160.778031        0.027237
BFGS:  101 13:48:48   -24160.778285        0.029306
BFGS:  102 13:48:48   -24160.778579        0.031449
BFGS:  103 13:48:48   -24160.778880        0.027771
BFGS:  104 13:48:48   -24160.779156        0.027851
BFGS:  105 13:48:48   -24160.779422        0.032818
BFGS:  106 13:48:49   -24160.779722        0.031590
BFGS:  107 13:48:49   -24160.780053        0.031311
BFGS:  108 13:48:49   -24160.780382        0.028048
BFGS:  109 13:48:49   -24160.780667        0.025468
BFGS:  110 13:48:49   -24160.780912        0.026055
BFGS:  111 13:48:49   -24160.781123        0.027158
BFGS:  112 13:48:49   -24160.781306        0.024885
BFGS:  113 13:48:50   -24160.781460        0.021676
BFGS:  114 13:48:50   -24160.781595        0.019351
BFGS:  115 13:48:50   -24160.781720        0.016584
BFGS:  116 13:48:50   -24160.781849        0.021906
BFGS:  117 13:48:50   -24160.781985        0.019628
BFGS:  118 13:48:50   -24160.782116        0.022217
BFGS:  119 13:48:51   -24160.782229        0.016807
BFGS:  120 13:48:51   -24160.782326        0.015679
BFGS:  121 13:48:51   -24160.782420        0.017174
BFGS:  122 13:48:51   -24160.782523        0.017266
BFGS:  123 13:48:51   -24160.782631        0.018949
BFGS:  124 13:48:51   -24160.782735        0.016767
BFGS:  125 13:48:51   -24160.782830        0.017937
BFGS:  126 13:48:52   -24160.782936        0.018589
BFGS:  127 13:48:52   -24160.783062        0.023562
BFGS:  128 13:48:52   -24160.783202        0.023276
BFGS:  129 13:48:52   -24160.783331        0.022174
BFGS:  130 13:48:52   -24160.783451        0.019688
BFGS:  131 13:48:52   -24160.783583        0.019523
BFGS:  132 13:48:52   -24160.783739        0.024936
BFGS:  133 13:48:53   -24160.783901        0.027249
BFGS:  134 13:48:53   -24160.784051        0.023782
BFGS:  135 13:48:53   -24160.784193        0.019469
BFGS:  136 13:48:53   -24160.784346        0.030030
BFGS:  137 13:48:53   -24160.784516        0.024231
BFGS:  138 13:48:53   -24160.784703        0.038691
BFGS:  139 13:48:54   -24160.784895        0.023517
BFGS:  140 13:48:54   -24160.785098        0.028066
BFGS:  141 13:48:54   -24160.785288        0.028031
BFGS:  142 13:48:54   -24160.785458        0.025303
BFGS:  143 13:48:54   -24160.785601        0.025070
BFGS:  144 13:48:54   -24160.785738        0.019436
BFGS:  145 13:48:54   -24160.785869        0.022186
BFGS:  146 13:48:55   -24160.785996        0.021210
BFGS:  147 13:48:55   -24160.786111        0.021669
BFGS:  148 13:48:55   -24160.786227        0.019092
BFGS:  149 13:48:55   -24160.786344        0.018630
BFGS:  150 13:48:55   -24160.786457        0.017925
BFGS:  151 13:48:55   -24160.786563        0.017456
BFGS:  152 13:48:55   -24160.786678        0.018920
BFGS:  153 13:48:56   -24160.786810        0.017424
BFGS:  154 13:48:56   -24160.786936        0.017630
BFGS:  155 13:48:56   -24160.787028        0.013696
BFGS:  156 13:48:56   -24160.787103        0.015015
BFGS:  157 13:48:56   -24160.787180        0.016700
BFGS:  158 13:48:56   -24160.787259        0.016325
BFGS:  159 13:48:57   -24160.787326        0.015159
BFGS:  160 13:48:57   -24160.787380        0.014247
BFGS:  161 13:48:57   -24160.787438        0.014078
BFGS:  162 13:48:57   -24160.787505        0.015919
BFGS:  163 13:48:57   -24160.787578        0.013543
BFGS:  164 13:48:57   -24160.787644        0.013484
BFGS:  165 13:48:58   -24160.787711        0.016291
BFGS:  166 13:48:58   -24160.787793        0.015655
BFGS:  167 13:48:58   -24160.787889        0.014136
BFGS:  168 13:48:58   -24160.787987        0.016160
BFGS:  169 13:48:58   -24160.788084        0.017484
BFGS:  170 13:48:58   -24160.788185        0.017452
BFGS:  171 13:48:58   -24160.788289        0.015557
BFGS:  172 13:48:59   -24160.788381        0.015367
BFGS:  173 13:48:59   -24160.788459        0.015903
BFGS:  174 13:48:59   -24160.788536        0.015851
BFGS:  175 13:48:59   -24160.788633        0.015856
BFGS:  176 13:48:59   -24160.788748        0.017144
BFGS:  177 13:48:59   -24160.788850        0.017604
BFGS:  178 13:48:59   -24160.788928        0.013018
BFGS:  179 13:49:00   -24160.788991        0.016235
BFGS:  180 13:49:00   -24160.789054        0.013409
BFGS:  181 13:49:00   -24160.789116        0.014445
BFGS:  182 13:49:00   -24160.789169        0.010689
BFGS:  183 13:49:00   -24160.789210        0.010686
BFGS:  184 13:49:00   -24160.789245        0.014554
BFGS:  185 13:49:01   -24160.789280        0.012369
BFGS:  186 13:49:01   -24160.789312        0.010297
BFGS:  187 13:49:01   -24160.789342        0.010395
BFGS:  188 13:49:01   -24160.789371        0.009656
    -> 188 steps, converged=True
[4/12] s2_esm1_f8         strain   27.628  (188 steps, conv=True)
    relaxing system: 44 atoms, fmax 0.01, max 1000 steps
      Step     Time          Energy          fmax
BFGS:    0 13:49:01   -24160.661825        1.897610
BFGS:    1 13:49:01   -24160.756001        1.416802
BFGS:    2 13:49:01   -24160.797731        0.403865
BFGS:    3 13:49:02   -24160.811661        0.292657
BFGS:    4 13:49:02   -24160.821619        0.259991
BFGS:    5 13:49:02   -24160.830467        0.269405
BFGS:    6 13:49:02   -24160.837804        0.213009
BFGS:    7 13:49:02   -24160.845085        0.185777
BFGS:    8 13:49:02   -24160.850816        0.189219
BFGS:    9 13:49:02   -24160.855611        0.161946
BFGS:   10 13:49:03   -24160.860019        0.142033
BFGS:   11 13:49:03   -24160.863180        0.095619
BFGS:   12 13:49:03   -24160.865095        0.086422
BFGS:   13 13:49:03   -24160.866686        0.103866
BFGS:   14 13:49:03   -24160.868365        0.118304
BFGS:   15 13:49:03   -24160.870086        0.107474
BFGS:   16 13:49:03   -24160.871725        0.089656
BFGS:   17 13:49:04   -24160.873272        0.073282
BFGS:   18 13:49:04   -24160.874732        0.099281
BFGS:   19 13:49:04   -24160.875959        0.071426
BFGS:   20 13:49:04   -24160.876894        0.064580
BFGS:   21 13:49:04   -24160.877672        0.065772
BFGS:   22 13:49:04   -24160.878442        0.071695
BFGS:   23 13:49:05   -24160.879233        0.064949
BFGS:   24 13:49:05   -24160.879940        0.047948
BFGS:   25 13:49:05   -24160.880516        0.044367
BFGS:   26 13:49:05   -24160.881053        0.049100
BFGS:   27 13:49:05   -24160.881666        0.061080
BFGS:   28 13:49:05   -24160.882358        0.064930
BFGS:   29 13:49:05   -24160.883018        0.042260
BFGS:   30 13:49:06   -24160.883561        0.047448
BFGS:   31 13:49:06   -24160.884019        0.043680
BFGS:   32 13:49:06   -24160.884457        0.050012
BFGS:   33 13:49:06   -24160.884885        0.042947
BFGS:   34 13:49:06   -24160.885275        0.034971
BFGS:   35 13:49:06   -24160.885632        0.030373
BFGS:   36 13:49:07   -24160.885990        0.034416
BFGS:   37 13:49:07   -24160.886361        0.036324
BFGS:   38 13:49:07   -24160.886747        0.033170
BFGS:   39 13:49:07   -24160.887171        0.037217
BFGS:   40 13:49:07   -24160.887690        0.044950
BFGS:   41 13:49:07   -24160.888348        0.058462
BFGS:   42 13:49:07   -24160.889110        0.050551
BFGS:   43 13:49:08   -24160.889872        0.056221
BFGS:   44 13:49:08   -24160.890568        0.050606
BFGS:   45 13:49:08   -24160.891213        0.043592
BFGS:   46 13:49:08   -24160.891823        0.052548
BFGS:   47 13:49:08   -24160.892358        0.037486
BFGS:   48 13:49:08   -24160.892811        0.035494
BFGS:   49 13:49:08   -24160.893212        0.036698
BFGS:   50 13:49:09   -24160.893582        0.036407
BFGS:   51 13:49:09   -24160.893925        0.032277
BFGS:   52 13:49:09   -24160.894270        0.033794
BFGS:   53 13:49:09   -24160.894664        0.033956
BFGS:   54 13:49:09   -24160.895128        0.040113
BFGS:   55 13:49:09   -24160.895613        0.044605
BFGS:   56 13:49:10   -24160.896058        0.034453
BFGS:   57 13:49:10   -24160.896475        0.039642
BFGS:   58 13:49:10   -24160.896912        0.041977
BFGS:   59 13:49:10   -24160.897387        0.046490
BFGS:   60 13:49:10   -24160.897892        0.043114
BFGS:   61 13:49:10   -24160.898452        0.035982
BFGS:   62 13:49:11   -24160.899150        0.052149
BFGS:   63 13:49:11   -24160.900044        0.066507
BFGS:   64 13:49:11   -24160.901077        0.064393
BFGS:   65 13:49:11   -24160.902141        0.073135
BFGS:   66 13:49:11   -24160.903223        0.076944
BFGS:   67 13:49:11   -24160.904395        0.080739
BFGS:   68 13:49:11   -24160.905634        0.100504
BFGS:   69 13:49:12   -24160.907373        0.080612
BFGS:   70 13:49:12   -24160.910028        0.104723
BFGS:   71 13:49:12   -24160.913575        0.115614
BFGS:   72 13:49:12   -24160.917418        0.151695
BFGS:   73 13:49:12   -24160.922515        0.241327
BFGS:   74 13:49:12   -24160.916753        0.339521
BFGS:   75 13:49:13   -24160.929997        0.099059
BFGS:   76 13:49:13   -24160.932692        0.104378
BFGS:   77 13:49:13   -24160.938630        0.143329
BFGS:   78 13:49:13   -24160.941470        0.121918
BFGS:   79 13:49:13   -24160.946601        0.084686
BFGS:   80 13:49:13   -24160.948485        0.073412
BFGS:   81 13:49:13   -24160.951369        0.077586
BFGS:   82 13:49:14   -24160.953872        0.094802
BFGS:   83 13:49:14   -24160.956339        0.096614
BFGS:   84 13:49:14   -24160.957482        0.166591
BFGS:   85 13:49:14   -24160.960304        0.080695
BFGS:   86 13:49:14   -24160.962947        0.073899
BFGS:   87 13:49:14   -24160.966277        0.083886
BFGS:   88 13:49:15   -24160.968687        0.076147
BFGS:   89 13:49:15   -24160.970455        0.076502
BFGS:   90 13:49:15   -24160.972669        0.076130
BFGS:   91 13:49:15   -24160.974441        0.062424
BFGS:   92 13:49:15   -24160.975906        0.064840
BFGS:   93 13:49:15   -24160.977412        0.060394
BFGS:   94 13:49:15   -24160.979141        0.072654
BFGS:   95 13:49:16   -24160.980941        0.069303
BFGS:   96 13:49:16   -24160.982705        0.073368
BFGS:   97 13:49:16   -24160.984493        0.073553
BFGS:   98 13:49:16   -24160.986407        0.079429
BFGS:   99 13:49:16   -24160.988665        0.081595
BFGS:  100 13:49:16   -24160.990564        0.076973
BFGS:  101 13:49:17   -24160.992436        0.081157
BFGS:  102 13:49:17   -24160.994315        0.086161
BFGS:  103 13:49:17   -24160.996226        0.070027
BFGS:  104 13:49:17   -24160.998126        0.073288
BFGS:  105 13:49:17   -24161.000061        0.084373
BFGS:  106 13:49:17   -24161.001894        0.085431
BFGS:  107 13:49:17   -24161.003574        0.081612
BFGS:  108 13:49:18   -24161.005307        0.071556
BFGS:  109 13:49:18   -24161.007332        0.088421
BFGS:  110 13:49:18   -24161.010612        0.083895
BFGS:  111 13:49:18   -24161.012377        0.077136
BFGS:  112 13:49:18   -24161.014805        0.074115
BFGS:  113 13:49:18   -24161.016366        0.084363
BFGS:  114 13:49:18   -24161.017822        0.074722
BFGS:  115 13:49:19   -24161.018845        0.044999
BFGS:  116 13:49:19   -24161.019520        0.037763
BFGS:  117 13:49:19   -24161.019994        0.034922
BFGS:  118 13:49:19   -24161.020543        0.046266
BFGS:  119 13:49:19   -24161.021318        0.066136
BFGS:  120 13:49:19   -24161.022311        0.066116
BFGS:  121 13:49:19   -24161.023308        0.049781
BFGS:  122 13:49:20   -24161.024172        0.056996
BFGS:  123 13:49:20   -24161.025075        0.057219
BFGS:  124 13:49:20   -24161.026270        0.061220
BFGS:  125 13:49:20   -24161.027933        0.084036
BFGS:  126 13:49:20   -24161.029816        0.097756
BFGS:  127 13:49:20   -24161.031534        0.077822
BFGS:  128 13:49:21   -24161.032799        0.066112
BFGS:  129 13:49:21   -24161.033817        0.058296
BFGS:  130 13:49:21   -24161.034743        0.048328
BFGS:  131 13:49:21   -24161.035757        0.054715
BFGS:  132 13:49:21   -24161.036543        0.047108
BFGS:  133 13:49:21   -24161.037212        0.036728
BFGS:  134 13:49:21   -24161.037734        0.038045
BFGS:  135 13:49:22   -24161.038176        0.037570
BFGS:  136 13:49:22   -24161.038560        0.037718
BFGS:  137 13:49:22   -24161.038911        0.030020
BFGS:  138 13:49:22   -24161.039239        0.034578
BFGS:  139 13:49:22   -24161.039537        0.028626
BFGS:  140 13:49:22   -24161.039770        0.021042
BFGS:  141 13:49:22   -24161.039965        0.019754
BFGS:  142 13:49:23   -24161.040151        0.028477
BFGS:  143 13:49:23   -24161.040332        0.028726
BFGS:  144 13:49:23   -24161.040507        0.021770
BFGS:  145 13:49:23   -24161.040663        0.021968
BFGS:  146 13:49:23   -24161.040804        0.017805
BFGS:  147 13:49:23   -24161.040942        0.021623
BFGS:  148 13:49:24   -24161.041090        0.022377
BFGS:  149 13:49:24   -24161.041247        0.024638
BFGS:  150 13:49:24   -24161.041398        0.025940
BFGS:  151 13:49:24   -24161.041525        0.021772
BFGS:  152 13:49:24   -24161.041627        0.018059
BFGS:  153 13:49:24   -24161.041722        0.018656
BFGS:  154 13:49:24   -24161.041823        0.019395
BFGS:  155 13:49:25   -24161.041930        0.017698
BFGS:  156 13:49:25   -24161.042040        0.020116
BFGS:  157 13:49:25   -24161.042153        0.019658
BFGS:  158 13:49:25   -24161.042269        0.018246
BFGS:  159 13:49:25   -24161.042381        0.019034
BFGS:  160 13:49:25   -24161.042472        0.016684
BFGS:  161 13:49:25   -24161.042541        0.016912
BFGS:  162 13:49:26   -24161.042606        0.016874
BFGS:  163 13:49:26   -24161.042680        0.016203
BFGS:  164 13:49:26   -24161.042769        0.015003
BFGS:  165 13:49:26   -24161.042861        0.015505
BFGS:  166 13:49:26   -24161.042946        0.014844
BFGS:  167 13:49:26   -24161.043021        0.013110
BFGS:  168 13:49:26   -24161.043094        0.013794
BFGS:  169 13:49:27   -24161.043165        0.018463
BFGS:  170 13:49:27   -24161.043236        0.016061
BFGS:  171 13:49:27   -24161.043309        0.014330
BFGS:  172 13:49:27   -24161.043385        0.014412
BFGS:  173 13:49:27   -24161.043454        0.013651
BFGS:  174 13:49:27   -24161.043515        0.016398
BFGS:  175 13:49:28   -24161.043569        0.015949
BFGS:  176 13:49:28   -24161.043615        0.010839
BFGS:  177 13:49:28   -24161.043653        0.009361
    -> 177 steps, converged=True
[5/12] s2_esm2_control    strain    8.805  (177 steps, conv=True)
    relaxing system: 44 atoms, fmax 0.01, max 1000 steps
      Step     Time          Energy          fmax
BFGS:    0 13:49:28   -24160.500191        2.072638
BFGS:    1 13:49:28   -24160.643469        1.001783
BFGS:    2 13:49:28   -24160.686587        0.518607
BFGS:    3 13:49:28   -24160.708644        0.383827
BFGS:    4 13:49:29   -24160.724729        0.389883
BFGS:    5 13:49:29   -24160.739373        0.200091
BFGS:    6 13:49:29   -24160.747788        0.187849
BFGS:    7 13:49:29   -24160.757216        0.247485
BFGS:    8 13:49:29   -24160.767904        0.232992
BFGS:    9 13:49:29   -24160.775718        0.236623
BFGS:   10 13:49:29   -24160.781922        0.196473
BFGS:   11 13:49:30   -24160.786916        0.161632
BFGS:   12 13:49:30   -24160.791347        0.141999
BFGS:   13 13:49:30   -24160.795122        0.153667
BFGS:   14 13:49:30   -24160.799275        0.139113
BFGS:   15 13:49:30   -24160.803809        0.113695
BFGS:   16 13:49:30   -24160.808649        0.137351
BFGS:   17 13:49:31   -24160.813588        0.167977
BFGS:   18 13:49:31   -24160.818498        0.158720
BFGS:   19 13:49:31   -24160.823157        0.122203
BFGS:   20 13:49:31   -24160.827191        0.104716
BFGS:   21 13:49:31   -24160.830735        0.109534
BFGS:   22 13:49:31   -24160.834370        0.118144
BFGS:   23 13:49:32   -24160.838495        0.115536
BFGS:   24 13:49:32   -24160.842560        0.112743
BFGS:   25 13:49:32   -24160.846010        0.102234
BFGS:   26 13:49:32   -24160.849034        0.112408
BFGS:   27 13:49:32   -24160.852222        0.101550
BFGS:   28 13:49:32   -24160.855697        0.128460
BFGS:   29 13:49:33   -24160.858941        0.103154
BFGS:   30 13:49:33   -24160.861678        0.092324
BFGS:   31 13:49:33   -24160.864256        0.085776
BFGS:   32 13:49:33   -24160.867012        0.113874
BFGS:   33 13:49:33   -24160.869711        0.102301
BFGS:   34 13:49:33   -24160.871973        0.081869
BFGS:   35 13:49:33   -24160.873855        0.074920
BFGS:   36 13:49:34   -24160.875704        0.075295
BFGS:   37 13:49:34   -24160.877650        0.081487
BFGS:   38 13:49:34   -24160.879550        0.083296
BFGS:   39 13:49:34   -24160.881464        0.082045
BFGS:   40 13:49:34   -24160.883776        0.090206
BFGS:   41 13:49:34   -24160.886802        0.126980
BFGS:   42 13:49:34   -24160.890303        0.111137
BFGS:   43 13:49:35   -24160.893591        0.106751
BFGS:   44 13:49:35   -24160.896270        0.093711
BFGS:   45 13:49:35   -24160.898436        0.099941
BFGS:   46 13:49:35   -24160.900353        0.095463
BFGS:   47 13:49:35   -24160.902081        0.075579
BFGS:   48 13:49:35   -24160.903674        0.084602
BFGS:   49 13:49:36   -24160.905063        0.072263
BFGS:   50 13:49:36   -24160.906855        0.083738
BFGS:   51 13:49:36   -24160.909112        0.096501
BFGS:   52 13:49:36   -24160.911497        0.115009
BFGS:   53 13:49:36   -24160.913729        0.092657
BFGS:   54 13:49:36   -24160.915776        0.081399
BFGS:   55 13:49:37   -24160.917846        0.085580
BFGS:   56 13:49:37   -24160.920111        0.096824
BFGS:   57 13:49:37   -24160.922522        0.103082
BFGS:   58 13:49:37   -24160.924961        0.090815
BFGS:   59 13:49:37   -24160.927331        0.095120
BFGS:   60 13:49:37   -24160.929564        0.114938
BFGS:   61 13:49:37   -24160.931613        0.217357
BFGS:   62 13:49:38   -24160.934201        0.086027
BFGS:   63 13:49:38   -24160.937904        0.087212
BFGS:   64 13:49:38   -24160.940165        0.082912
BFGS:   65 13:49:38   -24160.942940        0.100798
BFGS:   66 13:49:38   -24160.945096        0.083907
BFGS:   67 13:49:38   -24160.946967        0.086564
BFGS:   68 13:49:39   -24160.948414        0.107869
BFGS:   69 13:49:39   -24160.949687        0.074778
BFGS:   70 13:49:39   -24160.951382        0.093675
BFGS:   71 13:49:39   -24160.952846        0.105958
BFGS:   72 13:49:39   -24160.954479        0.090872
BFGS:   73 13:49:39   -24160.955918        0.067410
BFGS:   74 13:49:39   -24160.957207        0.064513
BFGS:   75 13:49:40   -24160.958357        0.056997
BFGS:   76 13:49:40   -24160.959422        0.082153
BFGS:   77 13:49:40   -24160.960346        0.076082
BFGS:   78 13:49:40   -24160.961133        0.043569
BFGS:   79 13:49:40   -24160.961841        0.046577
BFGS:   80 13:49:40   -24160.962516        0.051459
BFGS:   81 13:49:41   -24160.963162        0.062639
BFGS:   82 13:49:41   -24160.963792        0.042889
BFGS:   83 13:49:41   -24160.964346        0.044391
BFGS:   84 13:49:41   -24160.964865        0.044181
BFGS:   85 13:49:41   -24160.965379        0.068142
BFGS:   86 13:49:41   -24160.965878        0.066938
BFGS:   87 13:49:42   -24160.966364        0.043018
BFGS:   88 13:49:42   -24160.966814        0.035597
BFGS:   89 13:49:42   -24160.967215        0.043150
BFGS:   90 13:49:42   -24160.967594        0.045852
BFGS:   91 13:49:42   -24160.968006        0.038054
BFGS:   92 13:49:42   -24160.968498        0.039129
BFGS:   93 13:49:43   -24160.969080        0.046598
BFGS:   94 13:49:43   -24160.969751        0.049797
BFGS:   95 13:49:43   -24160.970512        0.047904
BFGS:   96 13:49:43   -24160.971345        0.045123
BFGS:   97 13:49:43   -24160.972170        0.046769
BFGS:   98 13:49:43   -24160.972899        0.053565
BFGS:   99 13:49:43   -24160.973534        0.057331
BFGS:  100 13:49:44   -24160.974163        0.051219
BFGS:  101 13:49:44   -24160.974806        0.056761
BFGS:  102 13:49:44   -24160.975406        0.042464
BFGS:  103 13:49:44   -24160.975903        0.045585
BFGS:  104 13:49:44   -24160.976347        0.047407
BFGS:  105 13:49:44   -24160.976834        0.041937
BFGS:  106 13:49:45   -24160.977377        0.039311
BFGS:  107 13:49:45   -24160.977896        0.040577
BFGS:  108 13:49:45   -24160.978365        0.038313
BFGS:  109 13:49:45   -24160.978812        0.035664
BFGS:  110 13:49:45   -24160.979296        0.038865
BFGS:  111 13:49:45   -24160.979809        0.039375
BFGS:  112 13:49:46   -24160.980308        0.035847
BFGS:  113 13:49:46   -24160.980738        0.038197
BFGS:  114 13:49:46   -24160.981121        0.033096
BFGS:  115 13:49:46   -24160.981477        0.033047
BFGS:  116 13:49:46   -24160.981857        0.032046
BFGS:  117 13:49:46   -24160.982298        0.042201
BFGS:  118 13:49:46   -24160.982815        0.048496
BFGS:  119 13:49:47   -24160.983356        0.063210
BFGS:  120 13:49:47   -24160.983877        0.062332
BFGS:  121 13:49:47   -24160.984340        0.042883
BFGS:  122 13:49:47   -24160.984764        0.034001
BFGS:  123 13:49:47   -24160.985172        0.042650
BFGS:  124 13:49:47   -24160.985593        0.042971
BFGS:  125 13:49:47   -24160.985949        0.031568
BFGS:  126 13:49:48   -24160.986211        0.023846
BFGS:  127 13:49:48   -24160.986402        0.021686
BFGS:  128 13:49:48   -24160.986574        0.020805
BFGS:  129 13:49:48   -24160.986735        0.022584
BFGS:  130 13:49:48   -24160.986891        0.021289
BFGS:  131 13:49:48   -24160.987031        0.017499
BFGS:  132 13:49:48   -24160.987159        0.018447
BFGS:  133 13:49:49   -24160.987297        0.022613
BFGS:  134 13:49:49   -24160.987464        0.027139
BFGS:  135 13:49:49   -24160.987662        0.025376
BFGS:  136 13:49:49   -24160.987845        0.018544
BFGS:  137 13:49:49   -24160.987997        0.018833
BFGS:  138 13:49:49   -24160.988147        0.022739
BFGS:  139 13:49:50   -24160.988326        0.025984
BFGS:  140 13:49:50   -24160.988518        0.020755
BFGS:  141 13:49:50   -24160.988671        0.017908
BFGS:  142 13:49:50   -24160.988780        0.017796
BFGS:  143 13:49:50   -24160.988870        0.014953
BFGS:  144 13:49:50   -24160.988960        0.014554
BFGS:  145 13:49:50   -24160.989039        0.014927
BFGS:  146 13:49:51   -24160.989107        0.016809
BFGS:  147 13:49:51   -24160.989180        0.015774
BFGS:  148 13:49:51   -24160.989271        0.015347
BFGS:  149 13:49:51   -24160.989370        0.015555
BFGS:  150 13:49:51   -24160.989462        0.019615
BFGS:  151 13:49:51   -24160.989546        0.019810
BFGS:  152 13:49:52   -24160.989647        0.021901
BFGS:  153 13:49:52   -24160.989779        0.022256
BFGS:  154 13:49:52   -24160.989923        0.022724
BFGS:  155 13:49:52   -24160.990049        0.022479
BFGS:  156 13:49:52   -24160.990154        0.021250
BFGS:  157 13:49:52   -24160.990253        0.018661
BFGS:  158 13:49:52   -24160.990360        0.021215
BFGS:  159 13:49:53   -24160.990464        0.025894
BFGS:  160 13:49:53   -24160.990568        0.021730
BFGS:  161 13:49:53   -24160.990689        0.023053
BFGS:  162 13:49:53   -24160.990840        0.024189
BFGS:  163 13:49:53   -24160.991027        0.040868
BFGS:  164 13:49:53   -24160.991228        0.045184
BFGS:  165 13:49:53   -24160.991426        0.029706
BFGS:  166 13:49:54   -24160.991613        0.025649
BFGS:  167 13:49:54   -24160.991790        0.029341
BFGS:  168 13:49:54   -24160.991964        0.048181
BFGS:  169 13:49:54   -24160.992137        0.047388
BFGS:  170 13:49:54   -24160.992305        0.026197
BFGS:  171 13:49:54   -24160.992445        0.020708
BFGS:  172 13:49:55   -24160.992545        0.022024
BFGS:  173 13:49:55   -24160.992668        0.026195
BFGS:  174 13:49:55   -24160.992807        0.019879
BFGS:  175 13:49:55   -24160.992946        0.021878
BFGS:  176 13:49:55   -24160.993056        0.020837
BFGS:  177 13:49:55   -24160.993152        0.018718
BFGS:  178 13:49:55   -24160.993257        0.015764
BFGS:  179 13:49:56   -24160.993373        0.015671
BFGS:  180 13:49:56   -24160.993489        0.021945
BFGS:  181 13:49:56   -24160.993598        0.024648
BFGS:  182 13:49:56   -24160.993735        0.023840
BFGS:  183 13:49:56   -24160.993916        0.019322
BFGS:  184 13:49:56   -24160.994103        0.019247
BFGS:  185 13:49:56   -24160.994242        0.018549
BFGS:  186 13:49:57   -24160.994347        0.025423
BFGS:  187 13:49:57   -24160.994466        0.022240
BFGS:  188 13:49:57   -24160.994636        0.022929
BFGS:  189 13:49:57   -24160.994883        0.027502
BFGS:  190 13:49:57   -24160.995070        0.029146
BFGS:  191 13:49:57   -24160.995265        0.024536
BFGS:  192 13:49:58   -24160.995451        0.023258
BFGS:  193 13:49:58   -24160.995625        0.017810
BFGS:  194 13:49:58   -24160.995769        0.020741
BFGS:  195 13:49:58   -24160.995901        0.020385
BFGS:  196 13:49:58   -24160.996026        0.024062
BFGS:  197 13:49:58   -24160.996160        0.020075
BFGS:  198 13:49:58   -24160.996300        0.020482
BFGS:  199 13:49:59   -24160.996423        0.023437
BFGS:  200 13:49:59   -24160.996554        0.016978
BFGS:  201 13:49:59   -24160.996686        0.019457
BFGS:  202 13:49:59   -24160.996798        0.017352
BFGS:  203 13:49:59   -24160.996890        0.017498
BFGS:  204 13:49:59   -24160.996978        0.017688
BFGS:  205 13:50:00   -24160.997058        0.018625
BFGS:  206 13:50:00   -24160.997121        0.016428
BFGS:  207 13:50:00   -24160.997169        0.015220
BFGS:  208 13:50:00   -24160.997213        0.011191
BFGS:  209 13:50:00   -24160.997261        0.013864
BFGS:  210 13:50:00   -24160.997313        0.010949
BFGS:  211 13:50:00   -24160.997365        0.013669
BFGS:  212 13:50:01   -24160.997417        0.016451
BFGS:  213 13:50:01   -24160.997478        0.018094
BFGS:  214 13:50:01   -24160.997544        0.015469
BFGS:  215 13:50:01   -24160.997604        0.012015
BFGS:  216 13:50:01   -24160.997661        0.011868
BFGS:  217 13:50:01   -24160.997722        0.013070
BFGS:  218 13:50:01   -24160.997780        0.011485
BFGS:  219 13:50:02   -24160.997828        0.008328
    -> 219 steps, converged=True
[6/12] s2_esm2_f12        strain   11.476  (219 steps, conv=True)
    relaxing system: 44 atoms, fmax 0.01, max 1000 steps
      Step     Time          Energy          fmax
BFGS:    0 13:50:02   -24159.782913        2.767897
BFGS:    1 13:50:02   -24160.003370        1.452136
BFGS:    2 13:50:02   -24160.076025        0.744012
BFGS:    3 13:50:02   -24160.120674        0.659346
BFGS:    4 13:50:02   -24160.149438        0.655358
BFGS:    5 13:50:03   -24160.177578        0.353469
BFGS:    6 13:50:03   -24160.199710        0.343123
BFGS:    7 13:50:03   -24160.220073        0.315508
BFGS:    8 13:50:03   -24160.239994        0.382029
BFGS:    9 13:50:03   -24160.259641        0.505181
BFGS:   10 13:50:03   -24160.280063        0.427798
BFGS:   11 13:50:04   -24160.299089        0.223150
BFGS:   12 13:50:04   -24160.311670        0.202008
BFGS:   13 13:50:04   -24160.321874        0.221430
BFGS:   14 13:50:04   -24160.332860        0.193895
BFGS:   15 13:50:04   -24160.345466        0.237449
BFGS:   16 13:50:04   -24160.357170        0.212354
BFGS:   17 13:50:04   -24160.366662        0.203925
BFGS:   18 13:50:05   -24160.375302        0.207249
BFGS:   19 13:50:05   -24160.385624        0.234427
BFGS:   20 13:50:05   -24160.398592        0.254792
BFGS:   21 13:50:05   -24160.411472        0.202321
BFGS:   22 13:50:05   -24160.423151        0.246313
BFGS:   23 13:50:05   -24160.435902        0.231666
BFGS:   24 13:50:06   -24160.450894        0.278575
BFGS:   25 13:50:06   -24160.466709        0.300567
BFGS:   26 13:50:06   -24160.481702        0.215331
BFGS:   27 13:50:06   -24160.494346        0.191158
BFGS:   28 13:50:06   -24160.504242        0.170070
BFGS:   29 13:50:06   -24160.512387        0.142825
BFGS:   30 13:50:06   -24160.519661        0.166015
BFGS:   31 13:50:07   -24160.526633        0.164227
BFGS:   32 13:50:07   -24160.533247        0.122253
BFGS:   33 13:50:07   -24160.539003        0.137467
BFGS:   34 13:50:07   -24160.543954        0.127925
BFGS:   35 13:50:07   -24160.548448        0.127214
BFGS:   36 13:50:07   -24160.552317        0.132416
BFGS:   37 13:50:08   -24160.555759        0.118077
BFGS:   38 13:50:08   -24160.559105        0.114946
BFGS:   39 13:50:08   -24160.563532        0.146168
BFGS:   40 13:50:08   -24160.567210        0.123009
BFGS:   41 13:50:08   -24160.572234        0.123029
BFGS:   42 13:50:08   -24160.576693        0.114334
BFGS:   43 13:50:08   -24160.581196        0.147864
BFGS:   44 13:50:09   -24160.585596        0.131141
BFGS:   45 13:50:09   -24160.590099        0.108920
BFGS:   46 13:50:09   -24160.594069        0.107668
BFGS:   47 13:50:09   -24160.597325        0.122418
BFGS:   48 13:50:09   -24160.600056        0.106973
BFGS:   49 13:50:09   -24160.602986        0.123053
BFGS:   50 13:50:09   -24160.606466        0.109842
BFGS:   51 13:50:10   -24160.609350        0.145143
BFGS:   52 13:50:10   -24160.612616        0.174590
BFGS:   53 13:50:10   -24160.615908        0.169781
BFGS:   54 13:50:10   -24160.619238        0.118398
BFGS:   55 13:50:10   -24160.622578        0.108089
BFGS:   56 13:50:10   -24160.626247        0.149665
BFGS:   57 13:50:11   -24160.629966        0.193857
BFGS:   58 13:50:11   -24160.633335        0.393562
BFGS:   59 13:50:11   -24160.638268        0.117547
BFGS:   60 13:50:11   -24160.644707        0.323739
BFGS:   61 13:50:11   -24160.649005        0.343811
BFGS:   62 13:50:11   -24160.654656        0.351107
BFGS:   63 13:50:11   -24160.660751        0.252473
BFGS:   64 13:50:12   -24160.666872        0.255500
BFGS:   65 13:50:12   -24160.669267        0.534407
BFGS:   66 13:50:12   -24160.672953        0.474907
BFGS:   67 13:50:12   -24160.677933        0.140901
BFGS:   68 13:50:12   -24160.681912        0.085117
BFGS:   69 13:50:12   -24160.690584        0.131645
BFGS:   70 13:50:13   -24160.694886        0.202199
BFGS:   71 13:50:13   -24160.702170        0.206457
BFGS:   72 13:50:13   -24160.710267        0.200250
BFGS:   73 13:50:13   -24160.712500        0.590088
BFGS:   74 13:50:13   -24160.721781        0.211800
BFGS:   75 13:50:13   -24160.727046        0.226272
BFGS:   76 13:50:13   -24160.735222        0.150466
BFGS:   77 13:50:14   -24160.738874        0.151736
BFGS:   78 13:50:14   -24160.743678        0.158321
BFGS:   79 13:50:14   -24160.747437        0.148005
BFGS:   80 13:50:14   -24160.750985        0.124030
BFGS:   81 13:50:14   -24160.754162        0.148319
BFGS:   82 13:50:14   -24160.758152        0.213102
BFGS:   83 13:50:15   -24160.762235        0.173183
BFGS:   84 13:50:15   -24160.766060        0.155980
BFGS:   85 13:50:15   -24160.769634        0.103516
BFGS:   86 13:50:15   -24160.773588        0.125149
BFGS:   87 13:50:15   -24160.778212        0.110278
BFGS:   88 13:50:15   -24160.783057        0.118300
BFGS:   89 13:50:15   -24160.787308        0.109989
BFGS:   90 13:50:16   -24160.791149        0.126364
BFGS:   91 13:50:16   -24160.795181        0.136224
BFGS:   92 13:50:16   -24160.799929        0.122708
BFGS:   93 13:50:16   -24160.804715        0.142982
BFGS:   94 13:50:16   -24160.809328        0.179131
BFGS:   95 13:50:16   -24160.814106        0.179634
BFGS:   96 13:50:17   -24160.819837        0.158207
BFGS:   97 13:50:17   -24160.826225        0.168343
BFGS:   98 13:50:17   -24160.832584        0.224607
BFGS:   99 13:50:17   -24160.838019        0.215441
BFGS:  100 13:50:17   -24160.843906        0.189840
BFGS:  101 13:50:17   -24160.849812        0.195902
BFGS:  102 13:50:17   -24160.856365        0.213029
BFGS:  103 13:50:18   -24160.860913        0.221657
BFGS:  104 13:50:18   -24160.867534        0.156787
BFGS:  105 13:50:18   -24160.874139        0.150987
BFGS:  106 13:50:18   -24160.880372        0.131076
BFGS:  107 13:50:18   -24160.882912        0.241840
BFGS:  108 13:50:18   -24160.887116        0.139488
BFGS:  109 13:50:19   -24160.889758        0.119280
BFGS:  110 13:50:19   -24160.893514        0.109730
BFGS:  111 13:50:19   -24160.895204        0.119686
BFGS:  112 13:50:19   -24160.897739        0.097276
BFGS:  113 13:50:19   -24160.900035        0.126884
BFGS:  114 13:50:19   -24160.902505        0.142179
BFGS:  115 13:50:20   -24160.904384        0.083424
BFGS:  116 13:50:20   -24160.906054        0.081035
BFGS:  117 13:50:20   -24160.907417        0.064671
BFGS:  118 13:50:20   -24160.908682        0.073538
BFGS:  119 13:50:20   -24160.909703        0.058100
BFGS:  120 13:50:20   -24160.910660        0.061554
BFGS:  121 13:50:20   -24160.911663        0.048028
BFGS:  122 13:50:21   -24160.912626        0.073608
BFGS:  123 13:50:21   -24160.913556        0.074804
BFGS:  124 13:50:21   -24160.914336        0.078297
BFGS:  125 13:50:21   -24160.915148        0.061134
BFGS:  126 13:50:21   -24160.916066        0.059149
BFGS:  127 13:50:21   -24160.917010        0.061923
BFGS:  128 13:50:22   -24160.917896        0.056483
BFGS:  129 13:50:22   -24160.918744        0.047105
BFGS:  130 13:50:22   -24160.919624        0.045198
BFGS:  131 13:50:22   -24160.920517        0.042131
BFGS:  132 13:50:22   -24160.921304        0.054183
BFGS:  133 13:50:22   -24160.921903        0.047698
BFGS:  134 13:50:23   -24160.922391        0.033863
BFGS:  135 13:50:23   -24160.922858        0.036848
BFGS:  136 13:50:23   -24160.923374        0.049166
BFGS:  137 13:50:23   -24160.923904        0.049220
BFGS:  138 13:50:23   -24160.924436        0.047043
BFGS:  139 13:50:23   -24160.924953        0.040553
BFGS:  140 13:50:24   -24160.925481        0.040307
BFGS:  141 13:50:24   -24160.926033        0.050074
BFGS:  142 13:50:24   -24160.926617        0.049140
BFGS:  143 13:50:24   -24160.927217        0.041843
BFGS:  144 13:50:24   -24160.927814        0.047107
BFGS:  145 13:50:24   -24160.928388        0.045828
BFGS:  146 13:50:24   -24160.928941        0.052233
BFGS:  147 13:50:25   -24160.929500        0.056170
BFGS:  148 13:50:25   -24160.930115        0.056152
BFGS:  149 13:50:25   -24160.930823        0.045917
BFGS:  150 13:50:25   -24160.931608        0.056336
BFGS:  151 13:50:25   -24160.932407        0.047420
BFGS:  152 13:50:25   -24160.933183        0.067073
BFGS:  153 13:50:26   -24160.933891        0.052936
BFGS:  154 13:50:26   -24160.934664        0.057924
BFGS:  155 13:50:26   -24160.935542        0.060913
BFGS:  156 13:50:26   -24160.936821        0.051183
BFGS:  157 13:50:26   -24160.937640        0.062350
BFGS:  158 13:50:26   -24160.938737        0.050371
BFGS:  159 13:50:27   -24160.939687        0.052548
BFGS:  160 13:50:27   -24160.940602        0.054160
BFGS:  161 13:50:27   -24160.941465        0.047717
BFGS:  162 13:50:27   -24160.942195        0.049863
BFGS:  163 13:50:27   -24160.942852        0.043009
BFGS:  164 13:50:27   -24160.943566        0.053199
BFGS:  165 13:50:27   -24160.944569        0.065446
BFGS:  166 13:50:28   -24160.945701        0.061910
BFGS:  167 13:50:28   -24160.946827        0.055954
BFGS:  168 13:50:28   -24160.947977        0.056059
BFGS:  169 13:50:28   -24160.949101        0.052412
BFGS:  170 13:50:28   -24160.950303        0.060563
BFGS:  171 13:50:28   -24160.951621        0.084047
BFGS:  172 13:50:29   -24160.952249        0.119084
BFGS:  173 13:50:29   -24160.953974        0.104789
BFGS:  174 13:50:29   -24160.955043        0.079143
BFGS:  175 13:50:29   -24160.956517        0.062620
BFGS:  176 13:50:29   -24160.957649        0.061273
BFGS:  177 13:50:29   -24160.958907        0.062260
BFGS:  178 13:50:29   -24160.960244        0.051459
BFGS:  179 13:50:30   -24160.961221        0.061517
BFGS:  180 13:50:30   -24160.962055        0.063075
BFGS:  181 13:50:30   -24160.962824        0.061389
BFGS:  182 13:50:30   -24160.963460        0.064741
BFGS:  183 13:50:30   -24160.964029        0.052612
BFGS:  184 13:50:30   -24160.964634        0.055683
BFGS:  185 13:50:31   -24160.965299        0.041786
BFGS:  186 13:50:31   -24160.965786        0.054137
BFGS:  187 13:50:31   -24160.966188        0.052219
BFGS:  188 13:50:31   -24160.966519        0.038705
BFGS:  189 13:50:31   -24160.966892        0.035387
BFGS:  190 13:50:31   -24160.967343        0.039223
BFGS:  191 13:50:32   -24160.967842        0.040550
BFGS:  192 13:50:32   -24160.968357        0.042207
BFGS:  193 13:50:32   -24160.968885        0.044790
BFGS:  194 13:50:32   -24160.969457        0.045227
BFGS:  195 13:50:32   -24160.970017        0.050787
BFGS:  196 13:50:32   -24160.970558        0.051183
BFGS:  197 13:50:33   -24160.971076        0.049218
BFGS:  198 13:50:33   -24160.971724        0.041692
BFGS:  199 13:50:33   -24160.972172        0.037280
BFGS:  200 13:50:33   -24160.973062        0.047492
BFGS:  201 13:50:33   -24160.973903        0.046114
BFGS:  202 13:50:33   -24160.974633        0.052928
BFGS:  203 13:50:33   -24160.975050        0.045486
BFGS:  204 13:50:34   -24160.975413        0.028291
BFGS:  205 13:50:34   -24160.975715        0.025584
BFGS:  206 13:50:34   -24160.976047        0.030447
BFGS:  207 13:50:34   -24160.976365        0.035852
BFGS:  208 13:50:34   -24160.976703        0.041907
BFGS:  209 13:50:34   -24160.976937        0.032989
BFGS:  210 13:50:35   -24160.977159        0.021766
BFGS:  211 13:50:35   -24160.977404        0.031306
BFGS:  212 13:50:35   -24160.977656        0.038039
BFGS:  213 13:50:35   -24160.977879        0.035353
BFGS:  214 13:50:35   -24160.978055        0.024917
BFGS:  215 13:50:35   -24160.978209        0.023065
BFGS:  216 13:50:36   -24160.978353        0.031033
BFGS:  217 13:50:36   -24160.978506        0.036988
BFGS:  218 13:50:36   -24160.978660        0.023085
BFGS:  219 13:50:36   -24160.978795        0.023295
BFGS:  220 13:50:36   -24160.978906        0.017228
BFGS:  221 13:50:36   -24160.978993        0.026549
BFGS:  222 13:50:36   -24160.979083        0.025178
BFGS:  223 13:50:37   -24160.979213        0.023109
BFGS:  224 13:50:37   -24160.979338        0.018896
BFGS:  225 13:50:37   -24160.979447        0.016059
BFGS:  226 13:50:37   -24160.979545        0.018513
BFGS:  227 13:50:37   -24160.979657        0.024806
BFGS:  228 13:50:37   -24160.979808        0.027411
BFGS:  229 13:50:38   -24160.980017        0.031131
BFGS:  230 13:50:38   -24160.980300        0.034436
BFGS:  231 13:50:38   -24160.980677        0.037175
BFGS:  232 13:50:38   -24160.981154        0.041127
BFGS:  233 13:50:38   -24160.981742        0.040531
BFGS:  234 13:50:38   -24160.982459        0.039987
BFGS:  235 13:50:38   -24160.983272        0.050306
BFGS:  236 13:50:39   -24160.984085        0.047149
BFGS:  237 13:50:39   -24160.984785        0.049477
BFGS:  238 13:50:39   -24160.985332        0.053647
BFGS:  239 13:50:39   -24160.985813        0.054827
BFGS:  240 13:50:39   -24160.986280        0.041514
BFGS:  241 13:50:39   -24160.986710        0.056482
BFGS:  242 13:50:40   -24160.987314        0.049133
BFGS:  243 13:50:40   -24160.987817        0.044656
BFGS:  244 13:50:40   -24160.988297        0.034981
BFGS:  245 13:50:40   -24160.988896        0.048601
BFGS:  246 13:50:40   -24160.989523        0.045321
BFGS:  247 13:50:40   -24160.990028        0.041917
BFGS:  248 13:50:40   -24160.990464        0.036393
BFGS:  249 13:50:41   -24160.991037        0.046254
BFGS:  250 13:50:41   -24160.991564        0.043379
BFGS:  251 13:50:41   -24160.992155        0.042343
BFGS:  252 13:50:41   -24160.992555        0.038806
BFGS:  253 13:50:41   -24160.993222        0.036988
BFGS:  254 13:50:41   -24160.993905        0.044850
BFGS:  255 13:50:42   -24160.994610        0.048776
BFGS:  256 13:50:42   -24160.995164        0.082661
BFGS:  257 13:50:42   -24160.996191        0.059303
BFGS:  258 13:50:42   -24160.997215        0.061001
BFGS:  259 13:50:42   -24160.998330        0.055592
BFGS:  260 13:50:42   -24160.999222        0.071719
BFGS:  261 13:50:43   -24161.000570        0.064075
BFGS:  262 13:50:43   -24161.001799        0.056303
BFGS:  263 13:50:43   -24161.002410        0.087579
BFGS:  264 13:50:43   -24161.002975        0.062440
BFGS:  265 13:50:43   -24161.003949        0.059609
BFGS:  266 13:50:43   -24161.005050        0.044960
BFGS:  267 13:50:43   -24161.005885        0.037314
BFGS:  268 13:50:44   -24161.006426        0.040079
BFGS:  269 13:50:44   -24161.006866        0.043440
BFGS:  270 13:50:44   -24161.007167        0.046151
BFGS:  271 13:50:44   -24161.007361        0.026329
BFGS:  272 13:50:44   -24161.007509        0.033592
BFGS:  273 13:50:44   -24161.007668        0.020199
BFGS:  274 13:50:45   -24161.007785        0.025068
BFGS:  275 13:50:45   -24161.007910        0.022841
BFGS:  276 13:50:45   -24161.008026        0.020786
BFGS:  277 13:50:45   -24161.008167        0.021090
BFGS:  278 13:50:45   -24161.008296        0.018505
BFGS:  279 13:50:45   -24161.008411        0.022131
BFGS:  280 13:50:45   -24161.008515        0.019641
BFGS:  281 13:50:46   -24161.008617        0.021077
BFGS:  282 13:50:46   -24161.008737        0.024263
BFGS:  283 13:50:46   -24161.008915        0.030694
BFGS:  284 13:50:46   -24161.009147        0.042272
BFGS:  285 13:50:46   -24161.009411        0.032633
BFGS:  286 13:50:46   -24161.009652        0.035588
BFGS:  287 13:50:47   -24161.009880        0.030347
BFGS:  288 13:50:47   -24161.010100        0.027284
BFGS:  289 13:50:47   -24161.010377        0.026330
BFGS:  290 13:50:47   -24161.010602        0.026630
BFGS:  291 13:50:47   -24161.010792        0.029904
BFGS:  292 13:50:47   -24161.010942        0.025037
BFGS:  293 13:50:48   -24161.011111        0.024194
BFGS:  294 13:50:48   -24161.011292        0.023369
BFGS:  295 13:50:48   -24161.011487        0.021155
BFGS:  296 13:50:48   -24161.011649        0.023473
BFGS:  297 13:50:48   -24161.011752        0.020046
BFGS:  298 13:50:48   -24161.011815        0.022073
BFGS:  299 13:50:48   -24161.011878        0.023792
BFGS:  300 13:50:49   -24161.011963        0.021810
BFGS:  301 13:50:49   -24161.012125        0.025294
BFGS:  302 13:50:49   -24161.012319        0.027333
BFGS:  303 13:50:49   -24161.012552        0.021200
BFGS:  304 13:50:49   -24161.012734        0.022120
BFGS:  305 13:50:49   -24161.012859        0.022611
BFGS:  306 13:50:49   -24161.012960        0.021733
BFGS:  307 13:50:50   -24161.013052        0.017317
BFGS:  308 13:50:50   -24161.013133        0.012220
BFGS:  309 13:50:50   -24161.013188        0.011184
BFGS:  310 13:50:50   -24161.013226        0.010636
BFGS:  311 13:50:50   -24161.013277        0.014919
BFGS:  312 13:50:50   -24161.013338        0.014332
BFGS:  313 13:50:51   -24161.013410        0.015705
BFGS:  314 13:50:51   -24161.013487        0.014197
BFGS:  315 13:50:51   -24161.013574        0.018736
BFGS:  316 13:50:51   -24161.013681        0.015712
BFGS:  317 13:50:51   -24161.013797        0.016647
BFGS:  318 13:50:51   -24161.013934        0.017593
BFGS:  319 13:50:52   -24161.014094        0.019800
BFGS:  320 13:50:52   -24161.014266        0.022872
BFGS:  321 13:50:52   -24161.014428        0.019164
BFGS:  322 13:50:52   -24161.014525        0.025241
BFGS:  323 13:50:52   -24161.014654        0.023864
BFGS:  324 13:50:52   -24161.014792        0.018002
BFGS:  325 13:50:52   -24161.014945        0.018034
BFGS:  326 13:50:53   -24161.015021        0.014919
BFGS:  327 13:50:53   -24161.015083        0.011242
BFGS:  328 13:50:53   -24161.015128        0.012347
BFGS:  329 13:50:53   -24161.015174        0.012319
BFGS:  330 13:50:53   -24161.015223        0.016411
BFGS:  331 13:50:53   -24161.015269        0.012340
BFGS:  332 13:50:54   -24161.015305        0.010087
BFGS:  333 13:50:54   -24161.015331        0.008038
    -> 333 steps, converged=True
[7/12] s2_esm2_f4         strain   28.420  (333 steps, conv=True)
    relaxing system: 44 atoms, fmax 0.01, max 1000 steps
      Step     Time          Energy          fmax
BFGS:    0 13:50:54   -24160.044073        2.699936
BFGS:    1 13:50:54   -24160.223916        1.247328
BFGS:    2 13:50:54   -24160.285498        0.493809
BFGS:    3 13:50:54   -24160.316832        0.488629
BFGS:    4 13:50:54   -24160.338582        0.557888
BFGS:    5 13:50:55   -24160.359011        0.369564
BFGS:    6 13:50:55   -24160.374851        0.313493
BFGS:    7 13:50:55   -24160.387902        0.266639
BFGS:    8 13:50:55   -24160.397663        0.231498
BFGS:    9 13:50:55   -24160.405316        0.167331
BFGS:   10 13:50:55   -24160.412413        0.179191
BFGS:   11 13:50:56   -24160.420476        0.204744
BFGS:   12 13:50:56   -24160.427759        0.196186
BFGS:   13 13:50:56   -24160.433096        0.103785
BFGS:   14 13:50:56   -24160.436945        0.111741
BFGS:   15 13:50:56   -24160.440439        0.137234
BFGS:   16 13:50:56   -24160.443995        0.151380
BFGS:   17 13:50:56   -24160.447608        0.141675
BFGS:   18 13:50:57   -24160.451367        0.140604
BFGS:   19 13:50:57   -24160.455676        0.137497
BFGS:   20 13:50:57   -24160.460641        0.193402
BFGS:   21 13:50:57   -24160.465727        0.159573
BFGS:   22 13:50:57   -24160.470799        0.127402
BFGS:   23 13:50:57   -24160.476698        0.164024
BFGS:   24 13:50:58   -24160.484565        0.222469
BFGS:   25 13:50:58   -24160.494943        0.242106
BFGS:   26 13:50:58   -24160.507013        0.242254
BFGS:   27 13:50:58   -24160.520081        0.233318
BFGS:   28 13:50:58   -24160.534292        0.244065
BFGS:   29 13:50:58   -24160.548840        0.267415
BFGS:   30 13:50:58   -24160.561034        0.169825
BFGS:   31 13:50:59   -24160.570159        0.152221
BFGS:   32 13:50:59   -24160.578103        0.159932
BFGS:   33 13:50:59   -24160.581102        0.477527
BFGS:   34 13:50:59   -24160.592905        0.233990
BFGS:   35 13:50:59   -24160.599653        0.165131
BFGS:   36 13:50:59   -24160.609043        0.119076
BFGS:   37 13:51:00   -24160.612601        0.147420
BFGS:   38 13:51:00   -24160.621650        0.134204
BFGS:   39 13:51:00   -24160.628476        0.146958
BFGS:   40 13:51:00   -24160.636175        0.162718
BFGS:   41 13:51:00   -24160.643890        0.166421
BFGS:   42 13:51:00   -24160.653981        0.175180
BFGS:   43 13:51:00   -24160.664582        0.173699
BFGS:   44 13:51:01   -24160.674263        0.164418
BFGS:   45 13:51:01   -24160.682234        0.179253
BFGS:   46 13:51:01   -24160.688851        0.189573
BFGS:   47 13:51:01   -24160.696290        0.140626
BFGS:   48 13:51:01   -24160.703784        0.133491
BFGS:   49 13:51:01   -24160.707829        0.120821
BFGS:   50 13:51:02   -24160.712063        0.106081
BFGS:   51 13:51:02   -24160.715511        0.096204
BFGS:   52 13:51:02   -24160.718815        0.093474
BFGS:   53 13:51:02   -24160.721948        0.105827
BFGS:   54 13:51:02   -24160.725346        0.109540
BFGS:   55 13:51:02   -24160.728943        0.106243
BFGS:   56 13:51:03   -24160.732737        0.104345
BFGS:   57 13:51:03   -24160.736769        0.131369
BFGS:   58 13:51:03   -24160.740914        0.117582
BFGS:   59 13:51:03   -24160.744721        0.094057
BFGS:   60 13:51:03   -24160.748002        0.095573
BFGS:   61 13:51:03   -24160.751146        0.131117
BFGS:   62 13:51:04   -24160.754515        0.138065
BFGS:   63 13:51:04   -24160.757951        0.100097
BFGS:   64 13:51:04   -24160.761112        0.105909
BFGS:   65 13:51:04   -24160.764151        0.101122
BFGS:   66 13:51:04   -24160.767379        0.138386
BFGS:   67 13:51:04   -24160.771141        0.141596
BFGS:   68 13:51:05   -24160.774743        0.092671
BFGS:   69 13:51:05   -24160.777940        0.098487
BFGS:   70 13:51:05   -24160.781247        0.134560
BFGS:   71 13:51:05   -24160.784697        0.140690
BFGS:   72 13:51:05   -24160.787481        0.094249
BFGS:   73 13:51:05   -24160.789562        0.083348
BFGS:   74 13:51:05   -24160.791286        0.071909
BFGS:   75 13:51:06   -24160.793309        0.089129
BFGS:   76 13:51:06   -24160.795205        0.086730
BFGS:   77 13:51:06   -24160.797092        0.071409
BFGS:   78 13:51:06   -24160.798832        0.069514
BFGS:   79 13:51:06   -24160.800365        0.058153
BFGS:   80 13:51:06   -24160.801726        0.067633
BFGS:   81 13:51:07   -24160.803049        0.056077
BFGS:   82 13:51:07   -24160.804381        0.066735
BFGS:   83 13:51:07   -24160.805732        0.060554
BFGS:   84 13:51:07   -24160.807008        0.070210
BFGS:   85 13:51:07   -24160.808256        0.066203
BFGS:   86 13:51:07   -24160.809416        0.052320
BFGS:   87 13:51:08   -24160.810503        0.052320
BFGS:   88 13:51:08   -24160.811483        0.053472
BFGS:   89 13:51:08   -24160.812482        0.066179
BFGS:   90 13:51:08   -24160.813499        0.058659
BFGS:   91 13:51:08   -24160.814461        0.048420
BFGS:   92 13:51:08   -24160.815256        0.051275
BFGS:   93 13:51:09   -24160.816042        0.049520
BFGS:   94 13:51:09   -24160.816998        0.053805
BFGS:   95 13:51:09   -24160.818201        0.061460
BFGS:   96 13:51:09   -24160.819341        0.048708
BFGS:   97 13:51:09   -24160.820282        0.055523
BFGS:   98 13:51:09   -24160.821138        0.056560
BFGS:   99 13:51:09   -24160.822216        0.056272
BFGS:  100 13:51:10   -24160.823628        0.062033
BFGS:  101 13:51:10   -24160.825334        0.072086
BFGS:  102 13:51:10   -24160.826977        0.085257
BFGS:  103 13:51:10   -24160.828609        0.071615
BFGS:  104 13:51:10   -24160.829927        0.062624
BFGS:  105 13:51:10   -24160.831033        0.056324
BFGS:  106 13:51:11   -24160.831703        0.053297
BFGS:  107 13:51:11   -24160.832423        0.044998
BFGS:  108 13:51:11   -24160.833107        0.050815
BFGS:  109 13:51:11   -24160.833865        0.049679
BFGS:  110 13:51:11   -24160.834589        0.040583
BFGS:  111 13:51:11   -24160.835218        0.042751
BFGS:  112 13:51:12   -24160.835709        0.041355
BFGS:  113 13:51:12   -24160.836122        0.038508
BFGS:  114 13:51:12   -24160.836561        0.040974
BFGS:  115 13:51:12   -24160.837111        0.045806
BFGS:  116 13:51:12   -24160.837756        0.052853
BFGS:  117 13:51:12   -24160.838387        0.044865
BFGS:  118 13:51:12   -24160.838981        0.049774
BFGS:  119 13:51:13   -24160.839603        0.052767
BFGS:  120 13:51:13   -24160.840325        0.048818
BFGS:  121 13:51:13   -24160.841063        0.049460
BFGS:  122 13:51:13   -24160.841712        0.047848
BFGS:  123 13:51:13   -24160.842297        0.048588
BFGS:  124 13:51:13   -24160.842927        0.045735
BFGS:  125 13:51:13   -24160.843611        0.052326
BFGS:  126 13:51:14   -24160.844286        0.061192
BFGS:  127 13:51:14   -24160.844937        0.063381
BFGS:  128 13:51:14   -24160.845653        0.057645
BFGS:  129 13:51:14   -24160.846442        0.052879
BFGS:  130 13:51:14   -24160.847260        0.053515
BFGS:  131 13:51:14   -24160.847998        0.046034
BFGS:  132 13:51:15   -24160.848716        0.048794
BFGS:  133 13:51:15   -24160.849514        0.047396
BFGS:  134 13:51:15   -24160.850482        0.068310
BFGS:  135 13:51:15   -24160.851482        0.073405
BFGS:  136 13:51:15   -24160.852366        0.061905
BFGS:  137 13:51:15   -24160.853006        0.051373
BFGS:  138 13:51:16   -24160.853549        0.043597
BFGS:  139 13:51:16   -24160.853963        0.039802
BFGS:  140 13:51:16   -24160.854404        0.039222
BFGS:  141 13:51:16   -24160.854756        0.036182
BFGS:  142 13:51:16   -24160.855122        0.039119
BFGS:  143 13:51:16   -24160.855476        0.037647
BFGS:  144 13:51:16   -24160.855893        0.035899
BFGS:  145 13:51:17   -24160.856388        0.042664
BFGS:  146 13:51:17   -24160.856913        0.045204
BFGS:  147 13:51:17   -24160.857397        0.039534
BFGS:  148 13:51:17   -24160.857838        0.041790
BFGS:  149 13:51:17   -24160.858361        0.048513
BFGS:  150 13:51:17   -24160.859026        0.057517
BFGS:  151 13:51:18   -24160.859884        0.069095
BFGS:  152 13:51:18   -24160.860807        0.053985
BFGS:  153 13:51:18   -24160.861855        0.050550
BFGS:  154 13:51:18   -24160.862584        0.060898
BFGS:  155 13:51:18   -24160.863518        0.054396
BFGS:  156 13:51:18   -24160.864336        0.070338
BFGS:  157 13:51:18   -24160.865108        0.054408
BFGS:  158 13:51:19   -24160.865752        0.046266
BFGS:  159 13:51:19   -24160.866407        0.047282
BFGS:  160 13:51:19   -24160.867066        0.041790
BFGS:  161 13:51:19   -24160.867718        0.045365
BFGS:  162 13:51:19   -24160.868341        0.049435
BFGS:  163 13:51:19   -24160.869061        0.055848
BFGS:  164 13:51:20   -24160.869925        0.052471
BFGS:  165 13:51:20   -24160.871121        0.055850
BFGS:  166 13:51:20   -24160.871911        0.072919
BFGS:  167 13:51:20   -24160.872893        0.054486
BFGS:  168 13:51:20   -24160.873775        0.093013
BFGS:  169 13:51:20   -24160.874978        0.058921
BFGS:  170 13:51:20   -24160.876348        0.064475
BFGS:  171 13:51:21   -24160.877178        0.048232
BFGS:  172 13:51:21   -24160.877862        0.044733
BFGS:  173 13:51:21   -24160.878568        0.045416
BFGS:  174 13:51:21   -24160.879238        0.049547
BFGS:  175 13:51:21   -24160.879985        0.044426
BFGS:  176 13:51:21   -24160.880484        0.049971
BFGS:  177 13:51:21   -24160.880862        0.034751
BFGS:  178 13:51:22   -24160.881256        0.033958
BFGS:  179 13:51:22   -24160.881820        0.036117
BFGS:  180 13:51:22   -24160.882290        0.038937
BFGS:  181 13:51:22   -24160.882779        0.055187
BFGS:  182 13:51:22   -24160.883333        0.050809
BFGS:  183 13:51:22   -24160.883881        0.070803
BFGS:  184 13:51:23   -24160.884397        0.044016
BFGS:  185 13:51:23   -24160.884921        0.048536
BFGS:  186 13:51:23   -24160.885569        0.049135
BFGS:  187 13:51:23   -24160.886328        0.043682
BFGS:  188 13:51:23   -24160.886883        0.053737
BFGS:  189 13:51:23   -24160.887494        0.054346
BFGS:  190 13:51:24   -24160.888069        0.049734
BFGS:  191 13:51:24   -24160.888553        0.045480
BFGS:  192 13:51:24   -24160.889097        0.053074
BFGS:  193 13:51:24   -24160.889748        0.037280
BFGS:  194 13:51:24   -24160.890597        0.045231
BFGS:  195 13:51:24   -24160.891185        0.044543
BFGS:  196 13:51:25   -24160.892362        0.050644
BFGS:  197 13:51:25   -24160.893193        0.047808
BFGS:  198 13:51:25   -24160.893734        0.101392
BFGS:  199 13:51:25   -24160.894682        0.049686
BFGS:  200 13:51:25   -24160.895311        0.046303
BFGS:  201 13:51:25   -24160.896624        0.053458
BFGS:  202 13:51:25   -24160.897305        0.053266
BFGS:  203 13:51:26   -24160.898821        0.063781
BFGS:  204 13:51:26   -24160.899708        0.064326
BFGS:  205 13:51:26   -24160.900159        0.060333
BFGS:  206 13:51:26   -24160.900741        0.048325
BFGS:  207 13:51:26   -24160.901217        0.042869
BFGS:  208 13:51:26   -24160.901640        0.035039
BFGS:  209 13:51:27   -24160.901952        0.037119
BFGS:  210 13:51:27   -24160.902325        0.028008
BFGS:  211 13:51:27   -24160.902633        0.033822
BFGS:  212 13:51:27   -24160.902912        0.032819
BFGS:  213 13:51:27   -24160.903156        0.030151
BFGS:  214 13:51:27   -24160.903387        0.025516
BFGS:  215 13:51:28   -24160.903598        0.025817
BFGS:  216 13:51:28   -24160.903807        0.025026
BFGS:  217 13:51:28   -24160.904022        0.025199
BFGS:  218 13:51:28   -24160.904235        0.022312
BFGS:  219 13:51:28   -24160.904437        0.026109
BFGS:  220 13:51:28   -24160.904649        0.025450
BFGS:  221 13:51:29   -24160.904900        0.030352
BFGS:  222 13:51:29   -24160.905165        0.030697
BFGS:  223 13:51:29   -24160.905386        0.025139
BFGS:  224 13:51:29   -24160.905558        0.024692
BFGS:  225 13:51:29   -24160.905725        0.028861
BFGS:  226 13:51:29   -24160.905960        0.030594
BFGS:  227 13:51:29   -24160.906323        0.034111
BFGS:  228 13:51:30   -24160.906781        0.038575
BFGS:  229 13:51:30   -24160.907226        0.032225
BFGS:  230 13:51:30   -24160.907639        0.035068
BFGS:  231 13:51:30   -24160.908023        0.042937
BFGS:  232 13:51:30   -24160.908399        0.033047
BFGS:  233 13:51:30   -24160.908751        0.032899
BFGS:  234 13:51:31   -24160.909078        0.031975
BFGS:  235 13:51:31   -24160.909372        0.029683
BFGS:  236 13:51:31   -24160.909648        0.030929
BFGS:  237 13:51:31   -24160.909880        0.029052
BFGS:  238 13:51:31   -24160.910084        0.027788
BFGS:  239 13:51:31   -24160.910265        0.023600
BFGS:  240 13:51:31   -24160.910432        0.024018
BFGS:  241 13:51:32   -24160.910579        0.019959
BFGS:  242 13:51:32   -24160.910727        0.019745
BFGS:  243 13:51:32   -24160.910876        0.022318
BFGS:  244 13:51:32   -24160.911070        0.029373
BFGS:  245 13:51:32   -24160.911265        0.031857
BFGS:  246 13:51:32   -24160.911455        0.030090
BFGS:  247 13:51:33   -24160.911650        0.027792
BFGS:  248 13:51:33   -24160.911875        0.031777
BFGS:  249 13:51:33   -24160.912117        0.034647
BFGS:  250 13:51:33   -24160.912354        0.031873
BFGS:  251 13:51:33   -24160.912608        0.032739
BFGS:  252 13:51:33   -24160.912933        0.037681
BFGS:  253 13:51:34   -24160.913358        0.036801
BFGS:  254 13:51:34   -24160.913826        0.043715
BFGS:  255 13:51:34   -24160.914214        0.036614
BFGS:  256 13:51:34   -24160.914485        0.029886
BFGS:  257 13:51:34   -24160.914708        0.025167
BFGS:  258 13:51:34   -24160.914923        0.036855
BFGS:  259 13:51:35   -24160.915108        0.033639
BFGS:  260 13:51:35   -24160.915255        0.022912
BFGS:  261 13:51:35   -24160.915408        0.021344
BFGS:  262 13:51:35   -24160.915617        0.025571
BFGS:  263 13:51:35   -24160.915869        0.031328
BFGS:  264 13:51:35   -24160.916090        0.023203
BFGS:  265 13:51:35   -24160.916252        0.023729
BFGS:  266 13:51:36   -24160.916397        0.019472
BFGS:  267 13:51:36   -24160.916576        0.034965
BFGS:  268 13:51:36   -24160.916792        0.043992
BFGS:  269 13:51:36   -24160.917014        0.035564
BFGS:  270 13:51:36   -24160.917232        0.029767
BFGS:  271 13:51:36   -24160.917461        0.039431
BFGS:  272 13:51:37   -24160.917719        0.041670
BFGS:  273 13:51:37   -24160.917990        0.039792
BFGS:  274 13:51:37   -24160.918251        0.031188
BFGS:  275 13:51:37   -24160.918497        0.028910
BFGS:  276 13:51:37   -24160.918733        0.023900
BFGS:  277 13:51:37   -24160.918967        0.024199
BFGS:  278 13:51:37   -24160.919185        0.028415
BFGS:  279 13:51:38   -24160.919445        0.032818
BFGS:  280 13:51:38   -24160.919775        0.036627
BFGS:  281 13:51:38   -24160.920225        0.039670
BFGS:  282 13:51:38   -24160.920711        0.041548
BFGS:  283 13:51:38   -24160.921247        0.041557
BFGS:  284 13:51:38   -24160.921867        0.046594
BFGS:  285 13:51:39   -24160.922739        0.052775
BFGS:  286 13:51:39   -24160.923658        0.061646
BFGS:  287 13:51:39   -24160.924451        0.058195
BFGS:  288 13:51:39   -24160.925130        0.043378
BFGS:  289 13:51:39   -24160.925888        0.040680
BFGS:  290 13:51:39   -24160.926354        0.033428
BFGS:  291 13:51:40   -24160.926726        0.029129
BFGS:  292 13:51:40   -24160.927037        0.027786
BFGS:  293 13:51:40   -24160.927286        0.028591
BFGS:  294 13:51:40   -24160.927593        0.025150
BFGS:  295 13:51:40   -24160.927857        0.022649
BFGS:  296 13:51:40   -24160.927998        0.017032
BFGS:  297 13:51:41   -24160.928093        0.018935
BFGS:  298 13:51:41   -24160.928170        0.013780
BFGS:  299 13:51:41   -24160.928241        0.015419
BFGS:  300 13:51:41   -24160.928310        0.014739
BFGS:  301 13:51:41   -24160.928389        0.017436
BFGS:  302 13:51:41   -24160.928490        0.014643
BFGS:  303 13:51:42   -24160.928565        0.011659
BFGS:  304 13:51:42   -24160.928639        0.012773
BFGS:  305 13:51:42   -24160.928710        0.013783
BFGS:  306 13:51:42   -24160.928788        0.017001
BFGS:  307 13:51:42   -24160.928880        0.017447
BFGS:  308 13:51:42   -24160.928985        0.014908
BFGS:  309 13:51:42   -24160.929091        0.012965
BFGS:  310 13:51:43   -24160.929168        0.013392
BFGS:  311 13:51:43   -24160.929216        0.011031
BFGS:  312 13:51:43   -24160.929251        0.010426
BFGS:  313 13:51:43   -24160.929284        0.007462
    -> 313 steps, converged=True
[8/12] s2_esm2_f8         strain   20.413  (313 steps, conv=True)
    relaxing system: 44 atoms, fmax 0.01, max 1000 steps
      Step     Time          Energy          fmax
BFGS:    0 13:51:43   -24160.654249        1.670746
BFGS:    1 13:51:43   -24160.769651        1.536628
BFGS:    2 13:51:44   -24160.811970        0.540175
BFGS:    3 13:51:44   -24160.828843        0.345884
BFGS:    4 13:51:44   -24160.843932        0.220536
BFGS:    5 13:51:44   -24160.854619        0.211943
BFGS:    6 13:51:44   -24160.861946        0.167247
BFGS:    7 13:51:44   -24160.872153        0.241610
BFGS:    8 13:51:45   -24160.880724        0.334451
BFGS:    9 13:51:45   -24160.889376        0.275857
BFGS:   10 13:51:45   -24160.896230        0.140961
BFGS:   11 13:51:45   -24160.902348        0.142699
BFGS:   12 13:51:45   -24160.907796        0.186223
BFGS:   13 13:51:45   -24160.912564        0.173303
BFGS:   14 13:51:45   -24160.916388        0.123856
BFGS:   15 13:51:46   -24160.919483        0.121907
BFGS:   16 13:51:46   -24160.922453        0.125582
BFGS:   17 13:51:46   -24160.925906        0.146534
BFGS:   18 13:51:46   -24160.930308        0.146359
BFGS:   19 13:51:46   -24160.935315        0.147805
BFGS:   20 13:51:46   -24160.940189        0.154383
BFGS:   21 13:51:46   -24160.944047        0.122802
BFGS:   22 13:51:47   -24160.947204        0.110028
BFGS:   23 13:51:47   -24160.950202        0.100120
BFGS:   24 13:51:47   -24160.953241        0.104392
BFGS:   25 13:51:47   -24160.956051        0.077062
BFGS:   26 13:51:47   -24160.958636        0.099623
BFGS:   27 13:51:47   -24160.961307        0.102345
BFGS:   28 13:51:48   -24160.964035        0.102666
BFGS:   29 13:51:48   -24160.966364        0.084131
BFGS:   30 13:51:48   -24160.968213        0.066768
BFGS:   31 13:51:48   -24160.969932        0.081764
BFGS:   32 13:51:48   -24160.971726        0.100033
BFGS:   33 13:51:48   -24160.973473        0.079097
BFGS:   34 13:51:48   -24160.975001        0.070917
BFGS:   35 13:51:49   -24160.976401        0.081166
BFGS:   36 13:51:49   -24160.977818        0.078080
BFGS:   37 13:51:49   -24160.979160        0.078079
BFGS:   38 13:51:49   -24160.980263        0.055051
BFGS:   39 13:51:49   -24160.981264        0.059114
BFGS:   40 13:51:49   -24160.982439        0.071970
BFGS:   41 13:51:50   -24160.983804        0.081465
BFGS:   42 13:51:50   -24160.985081        0.069511
BFGS:   43 13:51:50   -24160.986122        0.068317
BFGS:   44 13:51:50   -24160.987110        0.069329
BFGS:   45 13:51:50   -24160.988267        0.077850
BFGS:   46 13:51:50   -24160.989573        0.076888
BFGS:   47 13:51:50   -24160.990821        0.064596
BFGS:   48 13:51:51   -24160.991957        0.063480
BFGS:   49 13:51:51   -24160.993179        0.069937
BFGS:   50 13:51:51   -24160.994696        0.078144
BFGS:   51 13:51:51   -24160.996430        0.089528
BFGS:   52 13:51:51   -24160.998173        0.073779
BFGS:   53 13:51:51   -24160.999744        0.069153
BFGS:   54 13:51:52   -24161.001270        0.073346
BFGS:   55 13:51:52   -24161.002613        0.056892
BFGS:   56 13:51:52   -24161.003691        0.051465
BFGS:   57 13:51:52   -24161.004539        0.047622
BFGS:   58 13:51:52   -24161.005237        0.048377
BFGS:   59 13:51:52   -24161.005764        0.041212
BFGS:   60 13:51:52   -24161.006207        0.043657
BFGS:   61 13:51:53   -24161.006685        0.038037
BFGS:   62 13:51:53   -24161.007338        0.047070
BFGS:   63 13:51:53   -24161.008207        0.059843
BFGS:   64 13:51:53   -24161.009184        0.064136
BFGS:   65 13:51:53   -24161.010078        0.052800
BFGS:   66 13:51:53   -24161.010872        0.052317
BFGS:   67 13:51:54   -24161.011643        0.061187
BFGS:   68 13:51:54   -24161.012510        0.075582
BFGS:   69 13:51:54   -24161.013467        0.065025
BFGS:   70 13:51:54   -24161.014480        0.062480
BFGS:   71 13:51:54   -24161.015319        0.059174
BFGS:   72 13:51:54   -24161.016133        0.062343
BFGS:   73 13:51:54   -24161.016815        0.073452
BFGS:   74 13:51:55   -24161.017442        0.052574
BFGS:   75 13:51:55   -24161.018022        0.046071
BFGS:   76 13:51:55   -24161.018586        0.046492
BFGS:   77 13:51:55   -24161.019065        0.051530
BFGS:   78 13:51:55   -24161.019487        0.044635
BFGS:   79 13:51:55   -24161.019866        0.040349
BFGS:   80 13:51:55   -24161.020245        0.037815
BFGS:   81 13:51:56   -24161.020565        0.036123
BFGS:   82 13:51:56   -24161.020862        0.029583
BFGS:   83 13:51:56   -24161.021126        0.026827
BFGS:   84 13:51:56   -24161.021389        0.037862
BFGS:   85 13:51:56   -24161.021654        0.042271
BFGS:   86 13:51:56   -24161.021940        0.037878
BFGS:   87 13:51:57   -24161.022251        0.029410
BFGS:   88 13:51:57   -24161.022606        0.033531
BFGS:   89 13:51:57   -24161.022998        0.044659
BFGS:   90 13:51:57   -24161.023380        0.048911
BFGS:   91 13:51:57   -24161.023686        0.029566
BFGS:   92 13:51:57   -24161.023936        0.030271
BFGS:   93 13:51:58   -24161.024183        0.030878
BFGS:   94 13:51:58   -24161.024466        0.050047
BFGS:   95 13:51:58   -24161.024748        0.042398
BFGS:   96 13:51:58   -24161.024965        0.022710
BFGS:   97 13:51:58   -24161.025106        0.020627
BFGS:   98 13:51:58   -24161.025215        0.019525
BFGS:   99 13:51:58   -24161.025322        0.018508
BFGS:  100 13:51:59   -24161.025421        0.016764
BFGS:  101 13:51:59   -24161.025504        0.014747
BFGS:  102 13:51:59   -24161.025578        0.017516
BFGS:  103 13:51:59   -24161.025659        0.019130
BFGS:  104 13:51:59   -24161.025749        0.016583
BFGS:  105 13:51:59   -24161.025835        0.016881
BFGS:  106 13:52:00   -24161.025907        0.013759
BFGS:  107 13:52:00   -24161.025970        0.015355
BFGS:  108 13:52:00   -24161.026041        0.015823
BFGS:  109 13:52:00   -24161.026133        0.016882
BFGS:  110 13:52:00   -24161.026252        0.021733
BFGS:  111 13:52:00   -24161.026386        0.021834
BFGS:  112 13:52:01   -24161.026518        0.024529
BFGS:  113 13:52:01   -24161.026642        0.024412
BFGS:  114 13:52:01   -24161.026761        0.021990
BFGS:  115 13:52:01   -24161.026883        0.019361
BFGS:  116 13:52:01   -24161.027012        0.021566
BFGS:  117 13:52:01   -24161.027142        0.021980
BFGS:  118 13:52:02   -24161.027256        0.023699
BFGS:  119 13:52:02   -24161.027342        0.012941
BFGS:  120 13:52:02   -24161.027403        0.014112
BFGS:  121 13:52:02   -24161.027443        0.009064
    -> 121 steps, converged=True
[9/12] s2_orig_control    strain    8.606  (121 steps, conv=True)
    relaxing system: 44 atoms, fmax 0.01, max 1000 steps
      Step     Time          Energy          fmax
BFGS:    0 13:52:02   -24160.357739        1.743051
BFGS:    1 13:52:02   -24160.462914        1.014379
BFGS:    2 13:52:03   -24160.504990        0.403931
BFGS:    3 13:52:03   -24160.524383        0.366208
BFGS:    4 13:52:03   -24160.537726        0.408252
BFGS:    5 13:52:03   -24160.551344        0.476137
BFGS:    6 13:52:03   -24160.563941        0.353324
BFGS:    7 13:52:03   -24160.578284        0.294445
BFGS:    8 13:52:04   -24160.592921        0.359300
BFGS:    9 13:52:04   -24160.608098        0.397525
BFGS:   10 13:52:04   -24160.627134        0.407811
BFGS:   11 13:52:04   -24160.646274        0.389878
BFGS:   12 13:52:04   -24160.661420        0.284856
BFGS:   13 13:52:04   -24160.673939        0.258334
BFGS:   14 13:52:04   -24160.686238        0.345419
BFGS:   15 13:52:05   -24160.700271        0.304725
BFGS:   16 13:52:05   -24160.713075        0.180541
BFGS:   17 13:52:05   -24160.723054        0.181592
BFGS:   18 13:52:05   -24160.732420        0.185183
BFGS:   19 13:52:05   -24160.742144        0.209901
BFGS:   20 13:52:05   -24160.750477        0.152474
BFGS:   21 13:52:06   -24160.755189        0.566976
BFGS:   22 13:52:06   -24160.759637        0.141499
BFGS:   23 13:52:06   -24160.762842        0.105182
BFGS:   24 13:52:06   -24160.766405        0.083644
BFGS:   25 13:52:06   -24160.768269        0.084492
BFGS:   26 13:52:06   -24160.772489        0.106207
BFGS:   27 13:52:07   -24160.775784        0.090175
BFGS:   28 13:52:07   -24160.779242        0.098671
BFGS:   29 13:52:07   -24160.782206        0.082508
BFGS:   30 13:52:07   -24160.784897        0.078131
BFGS:   31 13:52:07   -24160.787174        0.082326
BFGS:   32 13:52:07   -24160.789272        0.077032
BFGS:   33 13:52:08   -24160.791232        0.073286
BFGS:   34 13:52:08   -24160.793094        0.082790
BFGS:   35 13:52:08   -24160.794756        0.070639
BFGS:   36 13:52:08   -24160.796130        0.151519
BFGS:   37 13:52:08   -24160.797331        0.075009
BFGS:   38 13:52:08   -24160.798543        0.058638
BFGS:   39 13:52:08   -24160.799750        0.066080
BFGS:   40 13:52:09   -24160.801061        0.085695
BFGS:   41 13:52:09   -24160.802472        0.089458
BFGS:   42 13:52:09   -24160.803779        0.072530
BFGS:   43 13:52:09   -24160.805212        0.058475
BFGS:   44 13:52:09   -24160.806905        0.067313
BFGS:   45 13:52:09   -24160.808662        0.064729
BFGS:   46 13:52:10   -24160.810054        0.051470
BFGS:   47 13:52:10   -24160.811067        0.047733
BFGS:   48 13:52:10   -24160.812012        0.061977
BFGS:   49 13:52:10   -24160.813091        0.067897
BFGS:   50 13:52:10   -24160.814243        0.058640
BFGS:   51 13:52:10   -24160.815422        0.070952
BFGS:   52 13:52:10   -24160.816734        0.073215
BFGS:   53 13:52:11   -24160.818280        0.091191
BFGS:   54 13:52:11   -24160.819867        0.080534
BFGS:   55 13:52:11   -24160.821197        0.055548
BFGS:   56 13:52:11   -24160.822293        0.065522
BFGS:   57 13:52:11   -24160.823427        0.066334
BFGS:   58 13:52:11   -24160.824726        0.076498
BFGS:   59 13:52:12   -24160.826029        0.080417
BFGS:   60 13:52:12   -24160.827258        0.065761
BFGS:   61 13:52:12   -24160.828638        0.081194
BFGS:   62 13:52:12   -24160.830453        0.112098
BFGS:   63 13:52:12   -24160.832578        0.117912
BFGS:   64 13:52:12   -24160.834477        0.088238
BFGS:   65 13:52:12   -24160.835872        0.076149
BFGS:   66 13:52:13   -24160.837054        0.075440
BFGS:   67 13:52:13   -24160.838484        0.084579
BFGS:   68 13:52:13   -24160.840295        0.074080
BFGS:   69 13:52:13   -24160.842344        0.082533
BFGS:   70 13:52:13   -24160.844508        0.087942
BFGS:   71 13:52:13   -24160.846863        0.126977
BFGS:   72 13:52:14   -24160.849354        0.156350
BFGS:   73 13:52:14   -24160.852356        0.103995
BFGS:   74 13:52:14   -24160.855603        0.079571
BFGS:   75 13:52:14   -24160.858079        0.099302
BFGS:   76 13:52:14   -24160.860325        0.108124
BFGS:   77 13:52:14   -24160.862585        0.089100
BFGS:   78 13:52:15   -24160.864757        0.072019
BFGS:   79 13:52:15   -24160.866882        0.164135
BFGS:   80 13:52:15   -24160.867958        0.084111
BFGS:   81 13:52:15   -24160.869279        0.061159
BFGS:   82 13:52:15   -24160.871495        0.093238
BFGS:   83 13:52:15   -24160.872845        0.114915
BFGS:   84 13:52:16   -24160.874888        0.111219
BFGS:   85 13:52:16   -24160.876278        0.066388
BFGS:   86 13:52:16   -24160.877424        0.062181
BFGS:   87 13:52:16   -24160.878877        0.066314
BFGS:   88 13:52:16   -24160.880346        0.062465
BFGS:   89 13:52:16   -24160.882041        0.063699
BFGS:   90 13:52:16   -24160.883210        0.058468
BFGS:   91 13:52:17   -24160.884768        0.055938
BFGS:   92 13:52:17   -24160.886163        0.056748
BFGS:   93 13:52:17   -24160.887637        0.062634
BFGS:   94 13:52:17   -24160.889108        0.062100
BFGS:   95 13:52:17   -24160.890775        0.075745
BFGS:   96 13:52:17   -24160.892532        0.067077
BFGS:   97 13:52:18   -24160.894152        0.070756
BFGS:   98 13:52:18   -24160.895278        0.070320
BFGS:   99 13:52:18   -24160.896437        0.070445
BFGS:  100 13:52:18   -24160.897525        0.054653
BFGS:  101 13:52:18   -24160.899420        0.047590
BFGS:  102 13:52:18   -24160.900390        0.063737
BFGS:  103 13:52:18   -24160.902027        0.065594
BFGS:  104 13:52:19   -24160.903239        0.055728
BFGS:  105 13:52:19   -24160.904493        0.050986
BFGS:  106 13:52:19   -24160.905500        0.054184
BFGS:  107 13:52:19   -24160.906527        0.075894
BFGS:  108 13:52:19   -24160.907724        0.063021
BFGS:  109 13:52:19   -24160.909245        0.099377
BFGS:  110 13:52:20   -24160.910985        0.112649
BFGS:  111 13:52:20   -24160.912784        0.084673
BFGS:  112 13:52:20   -24160.914426        0.081769
BFGS:  113 13:52:20   -24160.916030        0.086741
BFGS:  114 13:52:20   -24160.917734        0.099773
BFGS:  115 13:52:20   -24160.919813        0.098795
BFGS:  116 13:52:21   -24160.921745        0.053479
BFGS:  117 13:52:21   -24160.923062        0.057043
BFGS:  118 13:52:21   -24160.924455        0.066316
BFGS:  119 13:52:21   -24160.925693        0.080879
BFGS:  120 13:52:21   -24160.926916        0.057064
BFGS:  121 13:52:21   -24160.928093        0.049619
BFGS:  122 13:52:22   -24160.929222        0.050612
BFGS:  123 13:52:22   -24160.930246        0.078316
BFGS:  124 13:52:22   -24160.931102        0.075664
BFGS:  125 13:52:22   -24160.931932        0.046460
BFGS:  126 13:52:22   -24160.932808        0.049825
BFGS:  127 13:52:22   -24160.933808        0.063262
BFGS:  128 13:52:23   -24160.934446        0.066618
BFGS:  129 13:52:23   -24160.935252        0.047270
BFGS:  130 13:52:23   -24160.936094        0.052337
BFGS:  131 13:52:23   -24160.937044        0.059759
BFGS:  132 13:52:23   -24160.937986        0.063831
BFGS:  133 13:52:23   -24160.938997        0.065185
BFGS:  134 13:52:24   -24160.940150        0.066357
BFGS:  135 13:52:24   -24160.941465        0.065593
BFGS:  136 13:52:24   -24160.942794        0.067472
BFGS:  137 13:52:24   -24160.944079        0.096910
BFGS:  138 13:52:24   -24160.945609        0.081092
BFGS:  139 13:52:24   -24160.947729        0.061005
BFGS:  140 13:52:24   -24160.949265        0.062580
BFGS:  141 13:52:25   -24160.950523        0.068482
BFGS:  142 13:52:25   -24160.951583        0.073953
BFGS:  143 13:52:25   -24160.952731        0.049271
BFGS:  144 13:52:25   -24160.954116        0.050515
BFGS:  145 13:52:25   -24160.955351        0.068802
BFGS:  146 13:52:25   -24160.956624        0.080274
BFGS:  147 13:52:26   -24160.958345        0.084376
BFGS:  148 13:52:26   -24160.960461        0.082309
BFGS:  149 13:52:26   -24160.962551        0.066728
BFGS:  150 13:52:26   -24160.963970        0.065086
BFGS:  151 13:52:26   -24160.965072        0.080683
BFGS:  152 13:52:26   -24160.966311        0.084801
BFGS:  153 13:52:27   -24160.968170        0.101070
BFGS:  154 13:52:27   -24160.969853        0.077734
BFGS:  155 13:52:27   -24160.971209        0.054965
BFGS:  156 13:52:27   -24160.972575        0.070582
BFGS:  157 13:52:27   -24160.973832        0.108001
BFGS:  158 13:52:27   -24160.975206        0.143103
BFGS:  159 13:52:28   -24160.976491        0.063694
BFGS:  160 13:52:28   -24160.977698        0.063701
BFGS:  161 13:52:28   -24160.978886        0.072806
BFGS:  162 13:52:28   -24160.980231        0.122421
BFGS:  163 13:52:28   -24160.981546        0.080211
BFGS:  164 13:52:28   -24160.982734        0.081374
BFGS:  165 13:52:29   -24160.983926        0.074841
BFGS:  166 13:52:29   -24160.985041        0.051714
BFGS:  167 13:52:29   -24160.986048        0.051929
BFGS:  168 13:52:29   -24160.987054        0.055927
BFGS:  169 13:52:29   -24160.988226        0.066167
BFGS:  170 13:52:29   -24160.989565        0.076997
BFGS:  171 13:52:30   -24160.990872        0.079588
BFGS:  172 13:52:30   -24160.992116        0.060686
BFGS:  173 13:52:30   -24160.993183        0.056519
BFGS:  174 13:52:30   -24160.994119        0.045748
BFGS:  175 13:52:30   -24160.994928        0.045083
BFGS:  176 13:52:30   -24160.995829        0.045321
BFGS:  177 13:52:30   -24160.996825        0.071752
BFGS:  178 13:52:31   -24160.997739        0.072483
BFGS:  179 13:52:31   -24160.998426        0.051508
BFGS:  180 13:52:31   -24160.998960        0.049784
BFGS:  181 13:52:31   -24160.999468        0.038675
BFGS:  182 13:52:31   -24160.999931        0.041786
BFGS:  183 13:52:31   -24161.000250        0.031860
BFGS:  184 13:52:32   -24161.000452        0.024974
BFGS:  185 13:52:32   -24161.000620        0.025524
BFGS:  186 13:52:32   -24161.000814        0.032915
BFGS:  187 13:52:32   -24161.000997        0.032806
BFGS:  188 13:52:32   -24161.001166        0.022150
BFGS:  189 13:52:32   -24161.001333        0.026024
BFGS:  190 13:52:33   -24161.001517        0.027419
BFGS:  191 13:52:33   -24161.001714        0.024846
BFGS:  192 13:52:33   -24161.001907        0.026395
BFGS:  193 13:52:33   -24161.002083        0.024354
BFGS:  194 13:52:33   -24161.002259        0.024516
BFGS:  195 13:52:33   -24161.002437        0.023368
BFGS:  196 13:52:33   -24161.002617        0.023545
BFGS:  197 13:52:34   -24161.002779        0.022797
BFGS:  198 13:52:34   -24161.002909        0.018909
BFGS:  199 13:52:34   -24161.003026        0.019578
BFGS:  200 13:52:34   -24161.003151        0.026153
BFGS:  201 13:52:34   -24161.003293        0.025111
BFGS:  202 13:52:34   -24161.003428        0.021396
BFGS:  203 13:52:35   -24161.003550        0.023855
BFGS:  204 13:52:35   -24161.003676        0.024412
BFGS:  205 13:52:35   -24161.003824        0.027208
BFGS:  206 13:52:35   -24161.003994        0.020264
BFGS:  207 13:52:35   -24161.004161        0.018149
BFGS:  208 13:52:35   -24161.004311        0.018616
BFGS:  209 13:52:36   -24161.004447        0.021581
BFGS:  210 13:52:36   -24161.004567        0.023089
BFGS:  211 13:52:36   -24161.004663        0.018712
BFGS:  212 13:52:36   -24161.004737        0.015218
BFGS:  213 13:52:36   -24161.004805        0.016974
BFGS:  214 13:52:36   -24161.004873        0.019254
BFGS:  215 13:52:36   -24161.004931        0.014793
BFGS:  216 13:52:37   -24161.004973        0.009220
    -> 216 steps, converged=True
[10/12] s2_orig_f12        strain   14.925  (216 steps, conv=True)
    relaxing system: 44 atoms, fmax 0.01, max 1000 steps
      Step     Time          Energy          fmax
BFGS:    0 13:52:37   -24160.366124        2.044681
BFGS:    1 13:52:37   -24160.478773        1.039237
BFGS:    2 13:52:37   -24160.515144        0.480073
BFGS:    3 13:52:37   -24160.530139        0.321821
BFGS:    4 13:52:37   -24160.545457        0.294940
BFGS:    5 13:52:38   -24160.558382        0.329719
BFGS:    6 13:52:38   -24160.571157        0.234086
BFGS:    7 13:52:38   -24160.585747        0.243126
BFGS:    8 13:52:38   -24160.600634        0.270260
BFGS:    9 13:52:38   -24160.615198        0.253811
BFGS:   10 13:52:38   -24160.626128        0.265901
BFGS:   11 13:52:39   -24160.634516        0.235910
BFGS:   12 13:52:39   -24160.642036        0.178218
BFGS:   13 13:52:39   -24160.651125        0.248603
BFGS:   14 13:52:39   -24160.661289        0.304962
BFGS:   15 13:52:39   -24160.672592        0.244604
BFGS:   16 13:52:39   -24160.683940        0.181292
BFGS:   17 13:52:39   -24160.695441        0.182730
BFGS:   18 13:52:40   -24160.707638        0.258952
BFGS:   19 13:52:40   -24160.719376        0.231210
BFGS:   20 13:52:40   -24160.730258        0.195640
BFGS:   21 13:52:40   -24160.741233        0.168953
BFGS:   22 13:52:40   -24160.752011        0.316092
BFGS:   23 13:52:40   -24160.762369        0.406054
BFGS:   24 13:52:41   -24160.769552        0.435345
BFGS:   25 13:52:41   -24160.778912        0.357741
BFGS:   26 13:52:41   -24160.786393        0.198096
BFGS:   27 13:52:41   -24160.797865        0.196618
BFGS:   28 13:52:41   -24160.802473        0.223377
BFGS:   29 13:52:41   -24160.812040        0.175655
BFGS:   30 13:52:42   -24160.817590        0.126681
BFGS:   31 13:52:42   -24160.823683        0.143297
BFGS:   32 13:52:42   -24160.830474        0.228839
BFGS:   33 13:52:42   -24160.838638        0.185583
BFGS:   34 13:52:42   -24160.846914        0.230666
BFGS:   35 13:52:42   -24160.853906        0.132654
BFGS:   36 13:52:43   -24160.859570        0.185728
BFGS:   37 13:52:43   -24160.863175        0.169611
BFGS:   38 13:52:43   -24160.868267        0.114172
BFGS:   39 13:52:43   -24160.872072        0.118068
BFGS:   40 13:52:43   -24160.875865        0.139166
BFGS:   41 13:52:43   -24160.879384        0.130613
BFGS:   42 13:52:43   -24160.882690        0.095441
BFGS:   43 13:52:44   -24160.885205        0.103422
BFGS:   44 13:52:44   -24160.887093        0.103815
BFGS:   45 13:52:44   -24160.888873        0.092728
BFGS:   46 13:52:44   -24160.890915        0.065659
BFGS:   47 13:52:44   -24160.892621        0.083418
BFGS:   48 13:52:44   -24160.894274        0.093375
BFGS:   49 13:52:45   -24160.895953        0.095923
BFGS:   50 13:52:45   -24160.897607        0.062974
BFGS:   51 13:52:45   -24160.899124        0.075636
BFGS:   52 13:52:45   -24160.900480        0.082142
BFGS:   53 13:52:45   -24160.901768        0.075672
BFGS:   54 13:52:45   -24160.902990        0.061029
BFGS:   55 13:52:46   -24160.904096        0.060950
BFGS:   56 13:52:46   -24160.905102        0.052772
BFGS:   57 13:52:46   -24160.906097        0.058260
BFGS:   58 13:52:46   -24160.907118        0.048593
BFGS:   59 13:52:46   -24160.908123        0.058039
BFGS:   60 13:52:46   -24160.909062        0.054082
BFGS:   61 13:52:47   -24160.909971        0.055781
BFGS:   62 13:52:47   -24160.910922        0.060954
BFGS:   63 13:52:47   -24160.912008        0.059793
BFGS:   64 13:52:47   -24160.913262        0.078473
BFGS:   65 13:52:47   -24160.914709        0.082231
BFGS:   66 13:52:47   -24160.916194        0.090419
BFGS:   67 13:52:47   -24160.917782        0.070794
BFGS:   68 13:52:48   -24160.919336        0.081225
BFGS:   69 13:52:48   -24160.920882        0.073219
BFGS:   70 13:52:48   -24160.922447        0.068690
BFGS:   71 13:52:48   -24160.924135        0.074466
BFGS:   72 13:52:48   -24160.925917        0.074934
BFGS:   73 13:52:48   -24160.927732        0.079022
BFGS:   74 13:52:49   -24160.929528        0.069206
BFGS:   75 13:52:49   -24160.931410        0.069521
BFGS:   76 13:52:49   -24160.933317        0.117078
BFGS:   77 13:52:49   -24160.935329        0.105340
BFGS:   78 13:52:49   -24160.937392        0.092200
BFGS:   79 13:52:49   -24160.939937        0.089027
BFGS:   80 13:52:49   -24160.942095        0.087744
BFGS:   81 13:52:50   -24160.944418        0.091073
BFGS:   82 13:52:50   -24160.946316        0.071845
BFGS:   83 13:52:50   -24160.947890        0.070402
BFGS:   84 13:52:50   -24160.949157        0.056362
BFGS:   85 13:52:50   -24160.950301        0.070134
BFGS:   86 13:52:50   -24160.951319        0.067081
BFGS:   87 13:52:51   -24160.952252        0.063484
BFGS:   88 13:52:51   -24160.953197        0.062495
BFGS:   89 13:52:51   -24160.954245        0.053966
BFGS:   90 13:52:51   -24160.955090        0.054293
BFGS:   91 13:52:51   -24160.956078        0.060108
BFGS:   92 13:52:52   -24160.956988        0.050393
BFGS:   93 13:52:52   -24160.957915        0.056144
BFGS:   94 13:52:52   -24160.958960        0.058177
BFGS:   95 13:52:52   -24160.960353        0.070339
BFGS:   96 13:52:52   -24160.962146        0.080969
BFGS:   97 13:52:52   -24160.964101        0.077435
BFGS:   98 13:52:53   -24160.965965        0.077122
BFGS:   99 13:52:53   -24160.967784        0.083390
BFGS:  100 13:52:53   -24160.969935        0.081986
BFGS:  101 13:52:53   -24160.972251        0.108999
BFGS:  102 13:52:53   -24160.975007        0.118207
BFGS:  103 13:52:53   -24160.977399        0.081224
BFGS:  104 13:52:54   -24160.979406        0.089177
BFGS:  105 13:52:54   -24160.980920        0.082650
BFGS:  106 13:52:54   -24160.982459        0.065976
BFGS:  107 13:52:54   -24160.983404        0.052125
BFGS:  108 13:52:54   -24160.984168        0.053384
BFGS:  109 13:52:54   -24160.985019        0.053841
BFGS:  110 13:52:55   -24160.986205        0.057603
BFGS:  111 13:52:55   -24160.987544        0.060480
BFGS:  112 13:52:55   -24160.988535        0.055936
BFGS:  113 13:52:55   -24160.989498        0.046377
BFGS:  114 13:52:55   -24160.990361        0.055238
BFGS:  115 13:52:55   -24160.991252        0.050180
BFGS:  116 13:52:56   -24160.992100        0.058630
BFGS:  117 13:52:56   -24160.992980        0.049856
BFGS:  118 13:52:56   -24160.993732        0.039367
BFGS:  119 13:52:56   -24160.994373        0.039884
BFGS:  120 13:52:56   -24160.994990        0.048401
BFGS:  121 13:52:56   -24160.995608        0.041483
BFGS:  122 13:52:57   -24160.996158        0.037177
BFGS:  123 13:52:57   -24160.996592        0.032312
BFGS:  124 13:52:57   -24160.996920        0.029436
BFGS:  125 13:52:57   -24160.997199        0.028310
BFGS:  126 13:52:57   -24160.997477        0.033412
BFGS:  127 13:52:57   -24160.997794        0.024746
BFGS:  128 13:52:58   -24160.998089        0.029746
BFGS:  129 13:52:58   -24160.998398        0.036631
BFGS:  130 13:52:58   -24160.998703        0.039956
BFGS:  131 13:52:58   -24160.998999        0.038880
BFGS:  132 13:52:58   -24160.999287        0.027687
BFGS:  133 13:52:58   -24160.999619        0.033694
BFGS:  134 13:52:59   -24161.000016        0.045037
BFGS:  135 13:52:59   -24161.000447        0.051704
BFGS:  136 13:52:59   -24161.000836        0.050454
BFGS:  137 13:52:59   -24161.001182        0.038085
BFGS:  138 13:52:59   -24161.001510        0.029772
BFGS:  139 13:52:59   -24161.001818        0.033088
BFGS:  140 13:52:59   -24161.002070        0.036333
BFGS:  141 13:53:00   -24161.002281        0.033553
BFGS:  142 13:53:00   -24161.002515        0.026945
BFGS:  143 13:53:00   -24161.002827        0.044014
BFGS:  144 13:53:00   -24161.003191        0.048827
BFGS:  145 13:53:00   -24161.003505        0.031639
BFGS:  146 13:53:00   -24161.003738        0.026460
BFGS:  147 13:53:01   -24161.003940        0.023156
BFGS:  148 13:53:01   -24161.004135        0.036681
BFGS:  149 13:53:01   -24161.004306        0.031436
BFGS:  150 13:53:01   -24161.004437        0.021351
BFGS:  151 13:53:01   -24161.004543        0.017722
BFGS:  152 13:53:01   -24161.004640        0.018648
BFGS:  153 13:53:01   -24161.004731        0.019864
BFGS:  154 13:53:02   -24161.004815        0.016615
BFGS:  155 13:53:02   -24161.004903        0.017451
BFGS:  156 13:53:02   -24161.005005        0.016335
BFGS:  157 13:53:02   -24161.005114        0.016062
BFGS:  158 13:53:02   -24161.005221        0.019332
BFGS:  159 13:53:02   -24161.005334        0.021205
BFGS:  160 13:53:03   -24161.005471        0.019000
BFGS:  161 13:53:03   -24161.005628        0.023606
BFGS:  162 13:53:03   -24161.005767        0.019416
BFGS:  163 13:53:03   -24161.005879        0.018183
BFGS:  164 13:53:03   -24161.005980        0.018751
BFGS:  165 13:53:03   -24161.006087        0.020724
BFGS:  166 13:53:04   -24161.006182        0.018817
BFGS:  167 13:53:04   -24161.006247        0.012703
BFGS:  168 13:53:04   -24161.006292        0.011878
BFGS:  169 13:53:04   -24161.006335        0.011293
BFGS:  170 13:53:04   -24161.006389        0.013822
BFGS:  171 13:53:04   -24161.006449        0.015646
BFGS:  172 13:53:05   -24161.006512        0.014711
BFGS:  173 13:53:05   -24161.006582        0.013140
BFGS:  174 13:53:05   -24161.006671        0.018956
BFGS:  175 13:53:05   -24161.006780        0.018637
BFGS:  176 13:53:05   -24161.006893        0.017771
BFGS:  177 13:53:05   -24161.006999        0.020184
BFGS:  178 13:53:05   -24161.007106        0.019015
BFGS:  179 13:53:06   -24161.007230        0.017565
BFGS:  180 13:53:06   -24161.007363        0.017671
BFGS:  181 13:53:06   -24161.007489        0.021165
BFGS:  182 13:53:06   -24161.007606        0.018526
BFGS:  183 13:53:06   -24161.007716        0.017703
BFGS:  184 13:53:06   -24161.007814        0.014182
BFGS:  185 13:53:07   -24161.007889        0.014069
BFGS:  186 13:53:07   -24161.007946        0.013613
BFGS:  187 13:53:07   -24161.008000        0.013491
BFGS:  188 13:53:07   -24161.008067        0.014797
BFGS:  189 13:53:07   -24161.008135        0.016185
BFGS:  190 13:53:07   -24161.008195        0.016003
BFGS:  191 13:53:08   -24161.008245        0.015515
BFGS:  192 13:53:08   -24161.008299        0.014560
BFGS:  193 13:53:08   -24161.008366        0.013767
BFGS:  194 13:53:08   -24161.008439        0.014283
BFGS:  195 13:53:08   -24161.008514        0.015886
BFGS:  196 13:53:08   -24161.008587        0.015311
BFGS:  197 13:53:08   -24161.008662        0.013899
BFGS:  198 13:53:09   -24161.008736        0.012794
BFGS:  199 13:53:09   -24161.008796        0.013085
BFGS:  200 13:53:09   -24161.008843        0.013712
BFGS:  201 13:53:09   -24161.008884        0.013158
BFGS:  202 13:53:09   -24161.008923        0.010115
BFGS:  203 13:53:09   -24161.008958        0.009345
    -> 203 steps, converged=True
[11/12] s2_orig_f4         strain   14.824  (203 steps, conv=True)
    relaxing system: 44 atoms, fmax 0.01, max 1000 steps
      Step     Time          Energy          fmax
BFGS:    0 13:53:10   -24159.458442        3.531498
BFGS:    1 13:53:10   -24159.780918        2.784848
BFGS:    2 13:53:10   -24159.918946        0.993982
BFGS:    3 13:53:10   -24159.972621        0.568886
BFGS:    4 13:53:10   -24160.000662        0.516099
BFGS:    5 13:53:10   -24160.038859        0.361806
BFGS:    6 13:53:11   -24160.068608        0.425867
BFGS:    7 13:53:11   -24160.106806        0.342365
BFGS:    8 13:53:11   -24160.132384        0.387638
BFGS:    9 13:53:11   -24160.149740        0.355326
BFGS:   10 13:53:11   -24160.164392        0.219455
BFGS:   11 13:53:11   -24160.180835        0.268141
BFGS:   12 13:53:11   -24160.195131        0.268987
BFGS:   13 13:53:12   -24160.210247        0.201194
BFGS:   14 13:53:12   -24160.224381        0.229892
BFGS:   15 13:53:12   -24160.240170        0.254902
BFGS:   16 13:53:12   -24160.259478        0.302674
BFGS:   17 13:53:12   -24160.282988        0.283809
BFGS:   18 13:53:12   -24160.308836        0.287930
BFGS:   19 13:53:13   -24160.335919        0.349336
BFGS:   20 13:53:13   -24160.364128        0.332717
BFGS:   21 13:53:13   -24160.391539        0.346635
BFGS:   22 13:53:13   -24160.414042        0.631932
BFGS:   23 13:53:13   -24160.420159        0.965403
BFGS:   24 13:53:13   -24160.452465        0.264132
BFGS:   25 13:53:13   -24160.470207        0.222247
BFGS:   26 13:53:14   -24160.498937        0.248490
BFGS:   27 13:53:14   -24160.516430        0.246617
BFGS:   28 13:53:14   -24160.534624        0.256440
BFGS:   29 13:53:14   -24160.550874        0.187270
BFGS:   30 13:53:14   -24160.563220        0.170825
BFGS:   31 13:53:14   -24160.574858        0.205538
BFGS:   32 13:53:15   -24160.585267        0.197951
BFGS:   33 13:53:15   -24160.594312        0.154190
BFGS:   34 13:53:15   -24160.602957        0.164717
BFGS:   35 13:53:15   -24160.612016        0.167792
BFGS:   36 13:53:15   -24160.621044        0.176670
BFGS:   37 13:53:15   -24160.630264        0.150525
BFGS:   38 13:53:15   -24160.638887        0.181505
BFGS:   39 13:53:16   -24160.647074        0.147626
BFGS:   40 13:53:16   -24160.655129        0.156068
BFGS:   41 13:53:16   -24160.662845        0.142834
BFGS:   42 13:53:16   -24160.670600        0.178120
BFGS:   43 13:53:16   -24160.679060        0.187827
BFGS:   44 13:53:16   -24160.687299        0.146797
BFGS:   45 13:53:17   -24160.694443        0.134868
BFGS:   46 13:53:17   -24160.700522        0.143935
BFGS:   47 13:53:17   -24160.706767        0.163625
BFGS:   48 13:53:17   -24160.713737        0.164802
BFGS:   49 13:53:17   -24160.721705        0.171802
BFGS:   50 13:53:17   -24160.729315        0.183799
BFGS:   51 13:53:17   -24160.736685        0.160838
BFGS:   52 13:53:18   -24160.744399        0.191094
BFGS:   53 13:53:18   -24160.752201        0.150892
BFGS:   54 13:53:18   -24160.758752        0.169390
BFGS:   55 13:53:18   -24160.764084        0.153298
BFGS:   56 13:53:18   -24160.768487        0.119688
BFGS:   57 13:53:18   -24160.772462        0.125629
BFGS:   58 13:53:19   -24160.775809        0.097430
BFGS:   59 13:53:19   -24160.778821        0.089180
BFGS:   60 13:53:19   -24160.781659        0.097030
BFGS:   61 13:53:19   -24160.784469        0.102763
BFGS:   62 13:53:19   -24160.786854        0.071273
BFGS:   63 13:53:19   -24160.788509        0.064635
BFGS:   64 13:53:20   -24160.789989        0.070449
BFGS:   65 13:53:20   -24160.791877        0.091958
BFGS:   66 13:53:20   -24160.794011        0.076432
BFGS:   67 13:53:20   -24160.795824        0.085548
BFGS:   68 13:53:20   -24160.797323        0.080692
BFGS:   69 13:53:20   -24160.798934        0.073842
BFGS:   70 13:53:20   -24160.800960        0.082882
BFGS:   71 13:53:21   -24160.803332        0.087390
BFGS:   72 13:53:21   -24160.805808        0.108025
BFGS:   73 13:53:21   -24160.808269        0.109655
BFGS:   74 13:53:21   -24160.810975        0.147391
BFGS:   75 13:53:21   -24160.814012        0.123794
BFGS:   76 13:53:21   -24160.817736        0.085936
BFGS:   77 13:53:22   -24160.820004        0.081911
BFGS:   78 13:53:22   -24160.822050        0.084439
BFGS:   79 13:53:22   -24160.824255        0.069752
BFGS:   80 13:53:22   -24160.826498        0.070714
BFGS:   81 13:53:22   -24160.828388        0.069715
BFGS:   82 13:53:22   -24160.829876        0.093224
BFGS:   83 13:53:23   -24160.831203        0.089784
BFGS:   84 13:53:23   -24160.832577        0.068611
BFGS:   85 13:53:23   -24160.834072        0.071169
BFGS:   86 13:53:23   -24160.835584        0.077990
BFGS:   87 13:53:23   -24160.836805        0.074594
BFGS:   88 13:53:23   -24160.837960        0.078479
BFGS:   89 13:53:24   -24160.839149        0.060431
BFGS:   90 13:53:24   -24160.840946        0.071233
BFGS:   91 13:53:24   -24160.842241        0.079533
BFGS:   92 13:53:24   -24160.844220        0.067951
BFGS:   93 13:53:24   -24160.845832        0.066490
BFGS:   94 13:53:24   -24160.847775        0.078881
BFGS:   95 13:53:25   -24160.849583        0.061953
BFGS:   96 13:53:25   -24160.851103        0.063851
BFGS:   97 13:53:25   -24160.852319        0.056903
BFGS:   98 13:53:25   -24160.853428        0.066407
BFGS:   99 13:53:25   -24160.854484        0.074392
BFGS:  100 13:53:25   -24160.855793        0.065134
BFGS:  101 13:53:26   -24160.857435        0.064503
BFGS:  102 13:53:26   -24160.858579        0.050110
BFGS:  103 13:53:26   -24160.859892        0.057919
BFGS:  104 13:53:26   -24160.861113        0.063174
BFGS:  105 13:53:26   -24160.862727        0.069805
BFGS:  106 13:53:26   -24160.864796        0.079669
BFGS:  107 13:53:26   -24160.866899        0.074190
BFGS:  108 13:53:27   -24160.868494        0.055541
BFGS:  109 13:53:27   -24160.869572        0.072355
BFGS:  110 13:53:27   -24160.870486        0.083954
BFGS:  111 13:53:27   -24160.871515        0.087141
BFGS:  112 13:53:27   -24160.873132        0.063925
BFGS:  113 13:53:27   -24160.874004        0.070426
BFGS:  114 13:53:28   -24160.874983        0.052510
BFGS:  115 13:53:28   -24160.875653        0.042044
BFGS:  116 13:53:28   -24160.876282        0.049778
BFGS:  117 13:53:28   -24160.877030        0.054363
BFGS:  118 13:53:28   -24160.878147        0.080500
BFGS:  119 13:53:28   -24160.879463        0.062163
BFGS:  120 13:53:28   -24160.880707        0.055724
BFGS:  121 13:53:29   -24160.881698        0.077614
BFGS:  122 13:53:29   -24160.882687        0.079788
BFGS:  123 13:53:29   -24160.883841        0.072557
BFGS:  124 13:53:29   -24160.885715        0.071263
BFGS:  125 13:53:29   -24160.886671        0.058708
BFGS:  126 13:53:29   -24160.888013        0.058763
BFGS:  127 13:53:30   -24160.889277        0.068852
BFGS:  128 13:53:30   -24160.890431        0.064251
BFGS:  129 13:53:30   -24160.891312        0.062052
BFGS:  130 13:53:30   -24160.891966        0.052508
BFGS:  131 13:53:30   -24160.892658        0.056810
BFGS:  132 13:53:30   -24160.893317        0.051950
BFGS:  133 13:53:30   -24160.894127        0.066068
BFGS:  134 13:53:31   -24160.894992        0.063053
BFGS:  135 13:53:31   -24160.895820        0.054525
BFGS:  136 13:53:31   -24160.896572        0.050803
BFGS:  137 13:53:31   -24160.897205        0.046457
BFGS:  138 13:53:31   -24160.897895        0.053220
BFGS:  139 13:53:31   -24160.898617        0.053406
BFGS:  140 13:53:32   -24160.899494        0.040728
BFGS:  141 13:53:32   -24160.900077        0.037629
BFGS:  142 13:53:32   -24160.900612        0.033480
BFGS:  143 13:53:32   -24160.900990        0.031239
BFGS:  144 13:53:32   -24160.901290        0.027550
BFGS:  145 13:53:32   -24160.901563        0.027747
BFGS:  146 13:53:32   -24160.901820        0.021739
BFGS:  147 13:53:33   -24160.902034        0.023018
BFGS:  148 13:53:33   -24160.902195        0.027047
BFGS:  149 13:53:33   -24160.902346        0.023266
BFGS:  150 13:53:33   -24160.902527        0.021561
BFGS:  151 13:53:33   -24160.902739        0.023261
BFGS:  152 13:53:33   -24160.902934        0.022794
BFGS:  153 13:53:34   -24160.903118        0.020804
BFGS:  154 13:53:34   -24160.903296        0.017765
BFGS:  155 13:53:34   -24160.903475        0.022917
BFGS:  156 13:53:34   -24160.903657        0.025414
BFGS:  157 13:53:34   -24160.903853        0.030654
BFGS:  158 13:53:34   -24160.904092        0.033688
BFGS:  159 13:53:35   -24160.904403        0.042354
BFGS:  160 13:53:35   -24160.904781        0.044758
BFGS:  161 13:53:35   -24160.905169        0.039814
BFGS:  162 13:53:35   -24160.905535        0.033482
BFGS:  163 13:53:35   -24160.905883        0.032612
BFGS:  164 13:53:35   -24160.906253        0.041977
BFGS:  165 13:53:36   -24160.906668        0.042913
BFGS:  166 13:53:36   -24160.907082        0.034453
BFGS:  167 13:53:36   -24160.907444        0.034290
BFGS:  168 13:53:36   -24160.907771        0.042650
BFGS:  169 13:53:36   -24160.908107        0.031914
BFGS:  170 13:53:36   -24160.908487        0.028418
BFGS:  171 13:53:36   -24160.908758        0.026932
BFGS:  172 13:53:37   -24160.909116        0.032401
BFGS:  173 13:53:37   -24160.909400        0.032578
BFGS:  174 13:53:37   -24160.909656        0.033863
BFGS:  175 13:53:37   -24160.909898        0.031543
BFGS:  176 13:53:37   -24160.910191        0.031005
BFGS:  177 13:53:37   -24160.910535        0.030812
BFGS:  178 13:53:38   -24160.910844        0.025015
BFGS:  179 13:53:38   -24160.911022        0.033051
BFGS:  180 13:53:38   -24160.911190        0.021997
BFGS:  181 13:53:38   -24160.911332        0.018915
BFGS:  182 13:53:38   -24160.911555        0.021521
BFGS:  183 13:53:38   -24160.911727        0.024134
BFGS:  184 13:53:38   -24160.911898        0.023386
BFGS:  185 13:53:39   -24160.912029        0.020583
BFGS:  186 13:53:39   -24160.912195        0.019240
BFGS:  187 13:53:39   -24160.912393        0.019845
BFGS:  188 13:53:39   -24160.912603        0.024874
BFGS:  189 13:53:39   -24160.912791        0.021917
BFGS:  190 13:53:39   -24160.912965        0.024874
BFGS:  191 13:53:40   -24160.913149        0.022249
BFGS:  192 13:53:40   -24160.913352        0.027151
BFGS:  193 13:53:40   -24160.913569        0.029521
BFGS:  194 13:53:40   -24160.913794        0.028823
BFGS:  195 13:53:40   -24160.914033        0.029874
BFGS:  196 13:53:40   -24160.914286        0.028881
BFGS:  197 13:53:41   -24160.914572        0.029916
BFGS:  198 13:53:41   -24160.914939        0.033312
BFGS:  199 13:53:41   -24160.915366        0.030646
BFGS:  200 13:53:41   -24160.915824        0.033802
BFGS:  201 13:53:41   -24160.916344        0.038349
BFGS:  202 13:53:41   -24160.916787        0.033471
BFGS:  203 13:53:42   -24160.917147        0.032059
BFGS:  204 13:53:42   -24160.917483        0.027425
BFGS:  205 13:53:42   -24160.917863        0.037534
BFGS:  206 13:53:42   -24160.918287        0.038181
BFGS:  207 13:53:42   -24160.918715        0.040112
BFGS:  208 13:53:42   -24160.919121        0.039756
BFGS:  209 13:53:42   -24160.919491        0.031283
BFGS:  210 13:53:43   -24160.919801        0.026999
BFGS:  211 13:53:43   -24160.920098        0.029429
BFGS:  212 13:53:43   -24160.920368        0.028198
BFGS:  213 13:53:43   -24160.920574        0.028136
BFGS:  214 13:53:43   -24160.920803        0.030859
BFGS:  215 13:53:43   -24160.921060        0.031544
BFGS:  216 13:53:44   -24160.921406        0.028300
BFGS:  217 13:53:44   -24160.921638        0.029091
BFGS:  218 13:53:44   -24160.921878        0.025428
BFGS:  219 13:53:44   -24160.922082        0.031318
BFGS:  220 13:53:44   -24160.922346        0.029006
BFGS:  221 13:53:44   -24160.922694        0.030999
BFGS:  222 13:53:44   -24160.923091        0.030849
BFGS:  223 13:53:45   -24160.923377        0.025361
BFGS:  224 13:53:45   -24160.923592        0.031780
BFGS:  225 13:53:45   -24160.923774        0.029129
BFGS:  226 13:53:45   -24160.924005        0.028685
BFGS:  227 13:53:45   -24160.924389        0.020777
BFGS:  228 13:53:45   -24160.924609        0.023510
BFGS:  229 13:53:46   -24160.924849        0.020896
BFGS:  230 13:53:46   -24160.925002        0.023267
BFGS:  231 13:53:46   -24160.925197        0.021818
BFGS:  232 13:53:46   -24160.925448        0.022201
BFGS:  233 13:53:46   -24160.925738        0.027146
BFGS:  234 13:53:46   -24160.925976        0.023492
BFGS:  235 13:53:46   -24160.926161        0.024496
BFGS:  236 13:53:47   -24160.926343        0.022870
BFGS:  237 13:53:47   -24160.926589        0.027672
BFGS:  238 13:53:47   -24160.926848        0.034886
BFGS:  239 13:53:47   -24160.927054        0.045239
BFGS:  240 13:53:47   -24160.927391        0.030555
BFGS:  241 13:53:47   -24160.927726        0.030202
BFGS:  242 13:53:48   -24160.927949        0.030024
BFGS:  243 13:53:48   -24160.928236        0.033429
BFGS:  244 13:53:48   -24160.928553        0.037384
BFGS:  245 13:53:48   -24160.928926        0.033943
BFGS:  246 13:53:48   -24160.929256        0.037910
BFGS:  247 13:53:49   -24160.929462        0.027723
BFGS:  248 13:53:49   -24160.929591        0.018059
BFGS:  249 13:53:49   -24160.929704        0.019532
BFGS:  250 13:53:49   -24160.929817        0.017095
BFGS:  251 13:53:49   -24160.929928        0.016149
BFGS:  252 13:53:49   -24160.930031        0.017083
BFGS:  253 13:53:49   -24160.930147        0.020917
BFGS:  254 13:53:50   -24160.930331        0.021980
BFGS:  255 13:53:50   -24160.930572        0.028457
BFGS:  256 13:53:50   -24160.930844        0.032076
BFGS:  257 13:53:50   -24160.931151        0.031093
BFGS:  258 13:53:50   -24160.931521        0.034733
BFGS:  259 13:53:50   -24160.931894        0.042420
BFGS:  260 13:53:51   -24160.932267        0.041236
BFGS:  261 13:53:51   -24160.932587        0.043632
BFGS:  262 13:53:51   -24160.932937        0.031088
BFGS:  263 13:53:51   -24160.933273        0.028462
BFGS:  264 13:53:51   -24160.933582        0.029952
BFGS:  265 13:53:51   -24160.933928        0.028808
BFGS:  266 13:53:51   -24160.934261        0.030110
BFGS:  267 13:53:52   -24160.934554        0.025174
BFGS:  268 13:53:52   -24160.934742        0.034504
BFGS:  269 13:53:52   -24160.934914        0.024862
BFGS:  270 13:53:52   -24160.935072        0.018618
BFGS:  271 13:53:52   -24160.935226        0.019441
BFGS:  272 13:53:52   -24160.935352        0.014760
BFGS:  273 13:53:53   -24160.935452        0.019231
BFGS:  274 13:53:53   -24160.935532        0.022143
BFGS:  275 13:53:53   -24160.935601        0.016595
BFGS:  276 13:53:53   -24160.935656        0.012454
BFGS:  277 13:53:53   -24160.935695        0.012186
BFGS:  278 13:53:53   -24160.935730        0.013839
BFGS:  279 13:53:54   -24160.935774        0.013006
BFGS:  280 13:53:54   -24160.935832        0.015059
BFGS:  281 13:53:54   -24160.935900        0.011479
BFGS:  282 13:53:54   -24160.935972        0.014365
BFGS:  283 13:53:54   -24160.936062        0.014097
BFGS:  284 13:53:54   -24160.936163        0.017576
BFGS:  285 13:53:54   -24160.936299        0.017567
BFGS:  286 13:53:55   -24160.936415        0.023650
BFGS:  287 13:53:55   -24160.936513        0.017159
BFGS:  288 13:53:55   -24160.936592        0.017321
BFGS:  289 13:53:55   -24160.936692        0.016096
BFGS:  290 13:53:55   -24160.936805        0.013758
BFGS:  291 13:53:55   -24160.936892        0.014173
BFGS:  292 13:53:56   -24160.936967        0.012956
BFGS:  293 13:53:56   -24160.937032        0.014745
BFGS:  294 13:53:56   -24160.937097        0.012602
BFGS:  295 13:53:56   -24160.937141        0.018628
BFGS:  296 13:53:56   -24160.937192        0.014789
BFGS:  297 13:53:56   -24160.937228        0.011781
BFGS:  298 13:53:57   -24160.937263        0.009819
    -> 298 steps, converged=True
[12/12] s2_orig_f8         strain   34.102  (298 steps, conv=True)

wrote runs/octinoxate/boltz/strain_tight_shell2.csv
