frag_a,pose_a,frag_b,pose_b,h_a,h_b,k,d_cb,d_ca,cos_att,theta_a,theta_b,closure,penalty,clash_frag,clash_lig,dihedrals
aspartic,13,glutamic,1,3,5,1,11.632,13.302,0.433,33.5,70.8,7.9127,0.0,1.5,0.798,317 0 165 40
aspartic,13,glutamic,1,3,5,2,11.632,13.302,0.433,33.5,70.8,4.3803,0.0,1.478,0.479,318 360 212 297 177 178
aspartic,13,glutamic,1,3,5,3,11.632,13.302,0.433,33.5,70.8,0.655,0.0,0.883,0.475,317 0 206 302 183 182 182 182
aspartic,13,glutamic,1,3,5,4,11.632,13.302,0.433,33.5,70.8,0.0,0.0,1.756,2.511,302 68 79 299 275 140 166 203 184 164
aspartic,13,glutamic,1,3,6,1,11.632,11.704,0.433,28.9,137.9,6.7838,0.0,1.228,1.373,332 360 188 344
aspartic,13,glutamic,1,3,6,2,11.632,11.704,0.433,28.9,137.9,3.1616,0.0,1.232,0.19,331 360 155 47 177 178
aspartic,13,glutamic,1,3,6,3,11.632,11.704,0.433,28.9,137.9,0.0,0.0,1.583,0.618,337 38 151 295 202 164 162 162
aspartic,13,glutamic,1,3,6,4,11.632,11.704,0.433,28.9,137.9,0.0,0.0,2.487,2.677,271 66 111 296 228 140 177 234 226 181
aspartic,13,glutamic,1,3,7,1,11.632,14.084,0.433,31.1,36.2,8.8327,0.0,1.199,1.442,336 360 193 326
aspartic,13,glutamic,1,3,7,2,11.632,14.084,0.433,31.1,36.2,5.2987,0.0,1.202,0.7,335 0 150 59 181 181
aspartic,13,glutamic,1,3,7,3,11.632,14.084,0.433,31.1,36.2,1.5822,0.0,1.209,0.339,334 1 204 306 190 185 187 187
aspartic,13,glutamic,1,3,7,4,11.632,14.084,0.433,31.1,36.2,0.044,0.0,1.576,0.848,4 0 153 56 189 185 187 186 37 164
aspartic,13,glutamic,1,4,5,1,11.632,12.573,0.433,67.0,68.3,5.4733,0.0,2.008,1.676,48 1 195 205
aspartic,13,glutamic,1,4,5,2,11.632,12.573,0.433,67.0,68.3,1.9074,0.0,2.016,0.664,48 0 143 133 182 181
aspartic,13,glutamic,1,4,5,3,11.632,12.573,0.433,67.0,68.3,0.0,0.0,2.085,2.124,20 53 201 318 126 196 257 199
aspartic,13,glutamic,1,4,5,4,11.632,12.573,0.433,67.0,68.3,0.0,0.0,1.211,1.591,33 334 301 42 65 230 205 128 147 197
aspartic,13,glutamic,1,4,6,1,11.632,10.745,0.433,72.6,149.8,3.6617,0.0,1.762,1.323,40 3 194 195
aspartic,13,glutamic,1,4,6,2,11.632,10.745,0.433,72.6,149.8,0.2474,0.0,1.668,0.558,39 359 162 126 220 191
aspartic,13,glutamic,1,4,6,3,11.632,10.745,0.433,72.6,149.8,0.0,0.0,1.598,1.95,49 321 274 15 56 252 236 154
aspartic,13,glutamic,1,4,6,4,11.632,10.745,0.433,72.6,149.8,0.0,0.0,1.385,1.634,38 341 305 36 62 243 218 105 127 203
aspartic,13,glutamic,1,4,7,1,11.632,13.143,0.433,73.7,44.1,5.9718,0.0,1.777,1.158,46 352 171 173
aspartic,13,glutamic,1,4,7,2,11.632,13.143,0.433,73.7,44.1,2.264,0.0,1.712,1.435,40 0 207 207 181 180
aspartic,13,glutamic,1,4,7,3,11.632,13.143,0.433,73.7,44.1,0.066,0.0,1.852,0.209,58 312 158 168 163 165 296 205
aspartic,13,glutamic,1,4,7,4,11.632,13.143,0.433,73.7,44.1,0.0,0.0,1.752,0.343,323 73 190 97 63 191 206 245 65 67
aspartic,13,glutamic,1,5,5,1,11.632,11.552,0.433,105.7,77.4,4.3351,0.0,2.953,2.367,301 87 189 186
aspartic,13,glutamic,1,5,5,2,11.632,11.552,0.433,105.7,77.4,0.5854,0.0,1.193,1.984,305 86 193 186 189 189
aspartic,13,glutamic,1,5,5,3,11.632,11.552,0.433,105.7,77.4,0.0,0.0,1.67,2.208,16 236 228 6 22 344 71 236
aspartic,13,glutamic,1,5,5,4,11.632,11.552,0.433,105.7,77.4,0.0,0.0,1.521,1.656,30 305 24 155 127 68 98 353 288 117
aspartic,13,glutamic,1,5,6,1,11.632,10.103,0.433,96.6,139.9,2.8687,0.0,2.562,1.452,7 288 179 180
aspartic,13,glutamic,1,5,6,2,11.632,10.103,0.433,96.6,139.9,0.0,0.0,2.039,1.332,289 105 175 288 100 181
aspartic,13,glutamic,1,5,6,3,11.632,10.103,0.433,96.6,139.9,0.0,0.0,2.216,0.475,313 315 337 39 26 16 78 247
aspartic,13,glutamic,1,5,6,4,11.632,10.103,0.433,96.6,139.9,0.0,0.0,2.589,0.827,300 45 116 343 297 118 123 245 252 155
aspartic,13,glutamic,1,5,7,1,11.632,12.558,0.433,95.6,33.7,5.304,0.0,2.555,1.359,8 290 180 180
aspartic,13,glutamic,1,5,7,2,11.632,12.558,0.433,95.6,33.7,1.5786,0.0,2.391,0.406,306 66 173 177 175 176
aspartic,13,glutamic,1,5,7,3,11.632,12.558,0.433,95.6,33.7,0.0768,0.0,2.572,0.286,339 317 182 182 167 169 2 179
aspartic,13,glutamic,1,5,7,4,11.632,12.558,0.433,95.6,33.7,0.0,0.0,2.178,0.662,334 31 87 342 312 130 152 243 237 164
aspartic,13,isoleucine,6,3,4,1,8.666,8.432,0.745,85.3,103.5,1.3083,0.0,1.592,2.63,306 42 207 198
aspartic,13,isoleucine,6,3,4,2,8.666,8.432,0.745,85.3,103.5,0.0,0.0,2.143,2.067,348 89 31 356 325 133
aspartic,13,isoleucine,6,3,4,3,8.666,8.432,0.745,85.3,103.5,0.0,0.0,2.558,1.885,278 295 335 88 59 343 54 257
aspartic,13,isoleucine,6,3,4,4,8.666,8.432,0.745,85.3,103.5,0.0,0.0,1.412,2.731,323 356 45 357 325 93 115 286 249 141
aspartic,13,isoleucine,6,3,5,1,8.666,7.902,0.745,68.7,127.4,0.791,0.0,1.247,1.347,330 1 161 136
aspartic,13,isoleucine,6,3,5,2,8.666,7.902,0.745,68.7,127.4,0.0,0.0,2.48,1.33,310 205 323 79 173 170
aspartic,13,isoleucine,6,3,5,3,8.666,7.902,0.745,68.7,127.4,0.0,0.0,2.648,1.51,20 85 15 282 255 81 234 308
aspartic,13,isoleucine,6,3,5,4,8.666,7.902,0.745,68.7,127.4,0.0,0.0,1.226,1.511,329 6 46 334 314 84 98 315 253 123
aspartic,13,isoleucine,6,3,6,1,8.666,10.06,0.745,75.8,38.6,2.7987,0.0,1.299,1.477,338 343 173 175
aspartic,13,isoleucine,6,3,6,2,8.666,10.06,0.745,75.8,38.6,0.3458,0.0,1.926,1.888,292 25 176 178 76 148
aspartic,13,isoleucine,6,3,6,3,8.666,10.06,0.745,75.8,38.6,0.0,0.0,1.432,1.722,312 24 127 324 356 100 62 226
aspartic,13,isoleucine,6,3,6,4,8.666,10.06,0.745,75.8,38.6,0.0,0.0,1.395,3.632,347 16 32 315 293 109 148 274 229 152
aspartic,13,isoleucine,6,4,4,1,8.666,9.77,0.745,27.8,90.9,5.0749,0.0,1.105,3.002,348 1 175 7
aspartic,13,isoleucine,6,4,4,2,8.666,9.77,0.745,27.8,90.9,1.3998,0.0,1.022,2.769,352 359 160 36 173 176
aspartic,13,isoleucine,6,4,4,3,8.666,9.77,0.745,27.8,90.9,0.0,0.0,1.538,1.334,9 41 100 305 248 127 149 184
aspartic,13,isoleucine,6,4,4,4,8.666,9.77,0.745,27.8,90.9,0.0,0.0,1.213,3.123,335 37 73 313 280 108 136 227 209 166
aspartic,13,isoleucine,6,4,5,1,8.666,8.709,0.745,33.6,138.8,3.7294,0.0,1.007,0.527,16 359 188 347
aspartic,13,isoleucine,6,4,5,2,8.666,8.709,0.745,33.6,138.8,0.034,0.0,1.004,1.32,15 360 155 44 179 180
aspartic,13,isoleucine,6,4,5,3,8.666,8.709,0.745,33.6,138.8,0.0,0.0,1.057,0.611,344 18 238 1 111 261 304 217
aspartic,13,isoleucine,6,4,5,4,8.666,8.709,0.745,33.6,138.8,0.0,0.0,1.084,0.342,359 344 297 32 69 267 240 124 139 195
aspartic,13,isoleucine,6,4,6,1,8.666,11.09,0.745,30.1,37.0,6.0667,0.0,0.982,0.658,14 360 187 346
aspartic,13,isoleucine,6,4,6,2,8.666,11.09,0.745,30.1,37.0,2.4696,0.0,0.963,1.542,13 0 154 48 182 181
aspartic,13,isoleucine,6,4,6,3,8.666,11.09,0.745,30.1,37.0,0.2862,0.0,2.211,0.982,56 356 146 70 151 165 273 219
aspartic,13,isoleucine,6,4,6,4,8.666,11.09,0.745,30.1,37.0,0.0,0.0,2.513,2.668,79 290 253 80 107 217 201 137 142 186
aspartic,13,isoleucine,6,5,4,1,8.666,8.66,0.745,76.9,89.9,1.373,0.0,1.543,1.116,17 28 178 179
aspartic,13,isoleucine,6,5,4,2,8.666,8.66,0.745,76.9,89.9,0.0,0.0,2.232,1.047,14 299 301 20 22 190
aspartic,13,isoleucine,6,5,4,3,8.666,8.66,0.745,76.9,89.9,0.0,0.0,2.168,1.577,7 324 337 31 65 264 220 96
aspartic,13,isoleucine,6,5,4,4,8.666,8.66,0.745,76.9,89.9,0.0,0.0,1.426,1.37,27 8 326 14 43 265 240 86 116 212
aspartic,13,isoleucine,6,5,5,1,8.666,7.495,0.745,83.7,144.9,0.3952,0.0,1.566,0.364,44 329 146 159
aspartic,13,isoleucine,6,5,5,2,8.666,7.495,0.745,83.7,144.9,0.0,0.0,2.953,1.933,81 213 244 106 110 233
aspartic,13,isoleucine,6,5,5,3,8.666,7.495,0.745,83.7,144.9,0.0,0.0,2.763,2.021,72 26 34 311 1 208 264 11
aspartic,13,isoleucine,6,5,5,4,8.666,7.495,0.745,83.7,144.9,0.0,0.0,1.94,2.117,47 21 337 334 342 263 268 102 96 206
aspartic,13,isoleucine,6,5,6,1,8.666,9.738,0.745,87.7,48.1,2.5396,0.0,1.845,0.415,356 52 196 190
aspartic,13,isoleucine,6,5,6,2,8.666,9.738,0.745,87.7,48.1,0.11,0.0,2.716,1.896,68 261 192 188 66 150
aspartic,13,isoleucine,6,5,6,3,8.666,9.738,0.745,87.7,48.1,0.0,0.0,1.614,1.543,24 28 5 245 67 24 159 75
aspartic,13,isoleucine,6,5,6,4,8.666,9.738,0.745,87.7,48.1,0.0,0.0,1.413,1.372,33 352 312 14 42 256 229 94 121 208
aspartic,13,leucine,0,3,1,1,7.322,9.404,0.83,30.7,56.8,4.4606,0.0,2.845,5.297,89 360 182 357
aspartic,13,leucine,0,3,1,2,7.322,9.404,0.83,30.7,56.8,0.8616,0.0,2.845,4.703,89 360 156 42 177 178
aspartic,13,leucine,0,3,1,3,7.322,9.404,0.83,30.7,56.8,0.0,0.0,2.845,5.526,70 322 264 64 94 234 232 186
aspartic,13,leucine,0,3,1,4,7.322,9.404,0.83,30.7,56.8,0.0,0.0,2.403,5.165,41 333 297 60 87 241 221 133 148 194
aspartic,13,leucine,0,3,2,1,7.322,7.939,0.83,34.7,113.4,2.9444,0.0,2.845,4.396,65 0 178 3
aspartic,13,leucine,0,3,2,2,7.322,7.939,0.83,34.7,113.4,0.0,0.0,2.845,4.181,96 21 138 21 138 172
aspartic,13,leucine,0,3,2,3,7.322,7.939,0.83,34.7,113.4,0.0,0.0,2.609,4.507,51 319 290 49 80 270 232 143
aspartic,13,leucine,0,3,2,4,7.322,7.939,0.83,34.7,113.4,0.0,0.0,2.442,4.921,41 338 302 57 82 250 228 109 129 201
aspartic,13,leucine,0,3,13,1,7.322,7.803,0.83,18.2,119.6,4.4903,0.0,2.845,5.092,83 360 181 359
aspartic,13,leucine,0,3,13,2,7.322,7.803,0.83,18.2,119.6,0.6643,0.0,2.845,3.95,87 359 182 359 155 111
aspartic,13,leucine,0,3,13,3,7.322,7.803,0.83,18.2,119.6,0.0,0.0,2.845,4.214,92 299 272 68 104 254 217 150
aspartic,13,leucine,0,3,13,4,7.322,7.803,0.83,18.2,119.6,0.0,0.0,2.845,4.235,83 311 288 80 105 240 212 98 125 201
aspartic,13,leucine,0,4,1,1,7.322,7.082,0.83,128.6,62.1,0.4159,0.0,2.687,4.172,67 187 266 238
aspartic,13,leucine,0,4,1,2,7.322,7.082,0.83,128.6,62.1,0.0,0.0,2.687,4.74,117 252 170 262 302 277
aspartic,13,leucine,0,4,1,3,7.322,7.082,0.83,128.6,62.1,0.0,0.0,2.687,4.876,154 189 204 110 97 255 237 150
aspartic,13,leucine,0,4,1,4,7.322,7.082,0.83,128.6,62.1,0.0,0.0,2.687,4.876,272 327 317 290 351 269 209 44 65 226
aspartic,13,leucine,0,4,2,1,7.322,5.975,0.83,113.7,103.6,0.0001,0.0,2.458,3.989,320 155 97 52
aspartic,13,leucine,0,4,2,2,7.322,5.975,0.83,113.7,103.6,0.0,0.0,2.632,4.318,310 241 85 315 146 25
aspartic,13,leucine,0,4,2,3,7.322,5.975,0.83,113.7,103.6,0.0,0.0,2.247,0.513,75 90 46 31 91 32 66 88
aspartic,13,leucine,0,4,2,4,7.322,5.975,0.83,113.7,103.6,0.0,0.0,1.438,0.835,43 324 219 14 50 277 274 22 138 289
aspartic,13,leucine,0,4,13,1,7.322,5.603,0.83,113.4,120.1,0.1591,0.0,2.687,3.985,82 174 306 296
aspartic,13,leucine,0,4,13,2,7.322,5.603,0.83,113.4,120.1,0.0,0.0,2.687,4.252,130 159 273 338 241 291
aspartic,13,leucine,0,4,13,3,7.322,5.603,0.83,113.4,120.1,0.0,0.0,2.674,3.912,308 327 13 355 175 11 68 47
aspartic,13,leucine,0,4,13,4,7.322,5.603,0.83,113.4,120.1,0.0,0.0,2.368,3.092,67 342 295 320 331 290 268 57 136 266
aspartic,13,leucine,0,5,1,1,7.322,8.663,0.83,64.6,52.9,1.672,0.0,2.884,3.338,283 0 161 127
aspartic,13,leucine,0,5,1,2,7.322,8.663,0.83,64.6,52.9,0.0,0.0,2.953,4.428,248 66 132 239 346 137
aspartic,13,leucine,0,5,1,3,7.322,8.663,0.83,64.6,52.9,0.0,0.0,2.555,2.927,294 33 53 333 321 84 97 250
aspartic,13,leucine,0,5,1,4,7.322,8.663,0.83,64.6,52.9,0.0,0.0,2.24,2.077,325 3 41 307 285 114 132 257 237 157
aspartic,13,leucine,0,5,2,1,7.322,7.514,0.83,54.4,96.5,1.1462,0.0,2.588,2.112,297 360 200 292
aspartic,13,leucine,0,5,2,2,7.322,7.514,0.83,54.4,96.5,0.0,0.0,2.562,0.666,320 61 133 299 144 71
aspartic,13,leucine,0,5,2,3,7.322,7.514,0.83,54.4,96.5,0.0,0.0,1.58,0.916,27 23 133 340 122 53 186 112
aspartic,13,leucine,0,5,2,4,7.322,7.514,0.83,54.4,96.5,0.0,0.0,2.953,3.604,267 66 43 293 309 94 82 335 267 114
aspartic,13,leucine,0,5,13,1,7.322,6.656,0.83,72.6,136.4,0.2429,0.0,2.332,2.373,314 359 111 99
aspartic,13,leucine,0,5,13,2,7.322,6.656,0.83,72.6,136.4,0.0,0.0,1.867,1.03,349 46 73 289 240 131
aspartic,13,leucine,0,5,13,3,7.322,6.656,0.83,72.6,136.4,0.0,0.0,1.433,1.321,17 2 58 314 280 65 79 197
aspartic,13,leucine,0,5,13,4,7.322,6.656,0.83,72.6,136.4,0.0,0.0,2.259,1.728,341 350 25 327 323 92 93 264 234 135
aspartic,13,serine,13,3,3,1,12.922,13.76,-0.997,32.6,106.4,8.4147,0.0,2.424,3.587,31 360 166 37
aspartic,13,serine,13,3,3,2,12.922,13.76,-0.997,32.6,106.4,4.9361,0.0,2.466,2.971,33 359 211 299 173 176
aspartic,13,serine,13,3,3,3,12.922,13.76,-0.997,32.6,106.4,1.1784,0.0,2.45,2.698,32 360 153 58 176 178 176 176
aspartic,13,serine,13,3,3,4,12.922,13.76,-0.997,32.6,106.4,0.0,0.0,2.845,4.004,77 280 256 75 95 205 187 165 172 186
aspartic,13,serine,13,3,4,1,12.922,14.969,-0.997,24.5,60.0,10.1226,0.0,2.179,3.297,24 0 176 8
aspartic,13,serine,13,3,4,2,12.922,14.969,-0.997,24.5,60.0,6.5746,0.0,2.208,2.164,25 360 205 314 178 179
aspartic,13,serine,13,3,4,3,12.922,14.969,-0.997,24.5,60.0,2.8744,0.0,2.165,2.041,23 0 161 37 187 184 186 185
aspartic,13,serine,13,3,4,4,12.922,14.969,-0.997,24.5,60.0,0.0171,0.0,1.483,0.624,0 359 163 36 164 173 170 170 255 207
aspartic,13,serine,13,3,5,1,12.922,15.405,-0.997,28.5,40.0,10.2615,0.0,2.458,3.72,43 360 189 336
aspartic,13,serine,13,3,5,2,12.922,15.405,-0.997,28.5,40.0,6.7565,0.0,2.682,3.128,42 0 151 56 184 182
aspartic,13,serine,13,3,5,3,12.922,15.405,-0.997,28.5,40.0,3.025,0.0,2.688,2.838,43 360 204 309 179 180 180 180
aspartic,13,serine,13,3,5,4,12.922,15.405,-0.997,28.5,40.0,0.2107,0.0,2.845,4.216,58 360 151 69 175 178 177 177 100 152
aspartic,13,serine,13,4,3,1,12.922,12.195,-0.997,97.9,99.0,4.9334,0.0,1.936,1.883,55 285 181 180
aspartic,13,serine,13,4,3,2,12.922,12.195,-0.997,97.9,99.0,1.2127,0.0,1.729,1.787,350 71 184 182 183 183
aspartic,13,serine,13,4,3,3,12.922,12.195,-0.997,97.9,99.0,0.0,0.0,2.051,1.642,355 143 128 193 226 76 331 123
aspartic,13,serine,13,4,3,4,12.922,12.195,-0.997,97.9,99.0,0.0,0.0,1.17,0.201,15 321 286 24 54 236 204 86 106 201
aspartic,13,serine,13,4,4,1,12.922,13.307,-0.997,97.5,56.4,6.047,0.0,1.887,1.867,355 74 179 179
aspartic,13,serine,13,4,4,2,12.922,13.307,-0.997,97.5,56.4,2.3359,0.0,1.995,1.642,60 290 173 177 175 175
aspartic,13,serine,13,4,4,3,12.922,13.307,-0.997,97.5,56.4,0.0,0.0,1.988,0.67,46 4 148 179 169 115 139 156
aspartic,13,serine,13,4,4,4,12.922,13.307,-0.997,97.5,56.4,0.0,0.0,0.983,1.468,17 337 306 32 48 225 194 113 134 198
aspartic,13,serine,13,4,5,1,12.922,13.575,-0.997,106.2,44.3,6.3389,0.0,2.25,2.484,61 271 176 178
aspartic,13,serine,13,4,5,2,12.922,13.575,-0.997,106.2,44.3,2.6037,0.0,2.081,2.319,350 89 175 178 176 176
aspartic,13,serine,13,4,5,3,12.922,13.575,-0.997,106.2,44.3,0.1611,0.0,2.516,3.225,52 247 184 182 183 182 285 206
aspartic,13,serine,13,4,5,4,12.922,13.575,-0.997,106.2,44.3,0.0,0.0,1.203,2.929,338 41 323 219 251 244 206 290 7 232
aspartic,13,serine,13,5,3,1,12.922,12.961,-0.997,69.1,98.4,5.7858,0.0,2.299,1.055,316 1 187 191
aspartic,13,serine,13,5,3,2,12.922,12.961,-0.997,69.1,98.4,2.2466,0.0,2.289,1.203,319 358 146 143 172 175
aspartic,13,serine,13,5,3,3,12.922,12.961,-0.997,69.1,98.4,0.0,0.0,2.313,0.591,352 338 166 37 343 147 183 146
aspartic,13,serine,13,5,3,4,12.922,12.961,-0.997,69.1,98.4,0.0,0.0,2.791,2.366,299 59 92 311 284 142 163 255 240 162
aspartic,13,serine,13,5,4,1,12.922,13.802,-0.997,78.9,66.7,6.5933,0.0,2.501,1.024,297 30 187 184
aspartic,13,serine,13,5,4,2,12.922,13.802,-0.997,78.9,66.7,2.8268,0.0,2.329,0.999,321 349 178 179 179 179
aspartic,13,serine,13,5,4,3,12.922,13.802,-0.997,78.9,66.7,0.0,0.0,2.694,1.629,343 308 144 157 188 213 212 170
aspartic,13,serine,13,5,4,4,12.922,13.802,-0.997,78.9,66.7,0.0,0.0,1.976,1.386,346 13 51 321 305 126 159 212 192 167
aspartic,13,serine,13,5,5,1,12.922,14.492,-0.997,71.4,35.2,7.27,0.0,2.387,1.152,310 359 177 177
aspartic,13,serine,13,5,5,2,12.922,14.492,-0.997,71.4,35.2,3.71,0.0,2.407,1.193,307 2 208 209 185 183
aspartic,13,serine,13,5,5,3,12.922,14.492,-0.997,71.4,35.2,0.6926,0.0,2.544,1.722,303 353 215 241 146 164 250 223
aspartic,13,serine,13,5,5,4,12.922,14.492,-0.997,71.4,35.2,0.0,0.0,2.953,2.763,314 308 178 166 74 152 141 91 34 211
aspartic,13,tryptophan,4,3,16,1,14.762,15.139,-0.004,38.6,118.4,9.3759,0.0,1.885,3.498,14 360 201 295
aspartic,13,tryptophan,4,3,16,2,14.762,15.139,-0.004,38.6,118.4,5.8529,0.0,1.874,3.279,14 0 144 78 181 180
aspartic,13,tryptophan,4,3,16,3,14.762,15.139,-0.004,38.6,118.4,2.1633,0.0,1.875,1.922,14 360 212 285 176 178 176 177
aspartic,13,tryptophan,4,3,16,4,14.762,15.139,-0.004,38.6,118.4,0.0,0.0,2.783,2.537,51 274 214 87 127 176 162 190 183 172
aspartic,13,tryptophan,4,3,17,1,14.762,15.013,-0.004,40.3,124.2,9.156,0.0,1.478,3.112,360 0 158 71
aspartic,13,tryptophan,4,3,17,2,14.762,15.013,-0.004,40.3,124.2,5.639,0.0,1.486,3.002,0 360 216 279 178 179
aspartic,13,tryptophan,4,3,17,3,14.762,15.013,-0.004,40.3,124.2,1.9541,0.0,1.492,1.745,0 0 147 79 181 181 181 181
aspartic,13,tryptophan,4,3,17,4,14.762,15.013,-0.004,40.3,124.2,0.0,0.0,1.364,2.0,1 334 269 268 195 10 45 196 151 146
aspartic,13,tryptophan,4,3,18,1,14.762,16.923,-0.004,42.8,47.3,10.8766,0.0,1.669,3.385,7 0 204 276
aspartic,13,tryptophan,4,3,18,2,14.762,16.923,-0.004,42.8,47.3,7.3752,0.0,1.663,3.137,7 0 142 89 184 182
aspartic,13,tryptophan,4,3,18,3,14.762,16.923,-0.004,42.8,47.3,3.6696,0.0,1.659,2.446,6 1 214 271 187 184 186 186
aspartic,13,tryptophan,4,3,18,4,14.762,16.923,-0.004,42.8,47.3,0.2787,0.0,1.683,3.729,7 1 215 257 189 185 187 187 225 203
aspartic,13,tryptophan,4,4,16,1,14.762,13.988,-0.004,86.4,123.6,6.7627,0.0,1.512,1.093,45 310 176 177
aspartic,13,tryptophan,4,4,16,2,14.762,13.988,-0.004,86.4,123.6,3.0584,0.0,1.311,0.791,355 45 179 180 179 179
aspartic,13,tryptophan,4,4,16,3,14.762,13.988,-0.004,86.4,123.6,0.0,0.0,1.275,0.754,359 39 160 191 188 203 242 226
aspartic,13,tryptophan,4,4,16,4,14.762,13.988,-0.004,86.4,123.6,0.0,0.0,1.401,0.86,353 334 312 38 58 222 187 130 154 199
aspartic,13,tryptophan,4,4,17,1,14.762,14.14,-0.004,77.2,116.6,6.8845,0.0,1.167,0.28,8 24 180 180
aspartic,13,tryptophan,4,4,17,2,14.762,14.14,-0.004,77.2,116.6,3.3433,0.0,1.256,0.665,32 344 158 165 164 167
aspartic,13,tryptophan,4,4,17,3,14.762,14.14,-0.004,77.2,116.6,0.0,0.0,1.047,0.469,5 20 189 227 81 153 161 149
aspartic,13,tryptophan,4,4,17,4,14.762,14.14,-0.004,77.2,116.6,0.0,0.0,1.203,1.138,25 316 285 30 48 232 200 142 158 190
aspartic,13,tryptophan,4,4,18,1,14.762,16.0,-0.004,81.0,41.5,8.7452,0.0,1.317,0.753,38 323 179 179
aspartic,13,tryptophan,4,4,18,2,14.762,16.0,-0.004,81.0,41.5,5.0856,0.0,1.102,0.514,2 27 187 184 186 185
aspartic,13,tryptophan,4,4,18,3,14.762,16.0,-0.004,81.0,41.5,1.4221,0.0,1.196,0.892,354 40 180 180 178 178 180 180
aspartic,13,tryptophan,4,4,18,4,14.762,16.0,-0.004,81.0,41.5,0.0,0.0,1.353,2.702,331 49 157 176 141 176 213 212 65 146
aspartic,13,tryptophan,4,5,16,1,14.762,14.384,-0.004,71.6,113.6,7.1493,0.0,2.233,0.677,331 359 178 178
aspartic,13,tryptophan,4,5,16,2,14.762,14.384,-0.004,71.6,113.6,3.6328,0.0,2.237,0.57,327 4 209 208 190 187
aspartic,13,tryptophan,4,5,16,3,14.762,14.384,-0.004,71.6,113.6,0.0,0.0,2.239,0.546,336 358 192 184 233 210 165 175
aspartic,13,tryptophan,4,5,16,4,14.762,14.384,-0.004,71.6,113.6,0.0,0.0,1.923,0.612,344 34 66 323 304 136 167 216 200 169
aspartic,13,tryptophan,4,5,17,1,14.762,14.113,-0.004,78.2,125.9,6.8842,0.0,2.363,0.445,321 27 184 182
aspartic,13,tryptophan,4,5,17,2,14.762,14.113,-0.004,78.2,125.9,3.2003,0.0,2.273,0.528,344 349 174 176 175 176
aspartic,13,tryptophan,4,5,17,3,14.762,14.113,-0.004,78.2,125.9,0.0,0.0,2.411,0.198,316 33 179 157 239 189 178 106
aspartic,13,tryptophan,4,5,17,4,14.762,14.113,-0.004,78.2,125.9,0.0,0.0,2.948,0.883,299 92 114 308 280 155 180 257 242 162
aspartic,13,tryptophan,4,5,18,1,14.762,16.203,-0.004,73.4,39.9,8.9524,0.0,2.242,0.523,334 3 181 181
aspartic,13,tryptophan,4,5,18,2,14.762,16.203,-0.004,73.4,39.9,5.3795,0.0,2.247,0.626,338 357 157 159 174 176
aspartic,13,tryptophan,4,5,18,3,14.762,16.203,-0.004,73.4,39.9,1.6318,0.0,2.249,0.53,339 356 176 177 170 172 177 178
aspartic,13,tryptophan,4,5,18,4,14.762,16.203,-0.004,73.4,39.9,0.0137,0.0,2.034,0.686,350 360 151 147 162 169 174 170 329 196
aspartic,13,tyrosine,2,3,8,1,2.805,3.061,0.425,54.9,58.1,2.7381,0.0,2.845,5.661,246 246 326 353
aspartic,13,tyrosine,2,3,8,2,2.805,3.061,0.425,54.9,58.1,1.1316,0.0,2.845,5.661,198 238 351 317 240 355
aspartic,13,tyrosine,2,3,8,3,2.805,3.061,0.425,54.9,58.1,0.0199,0.0,2.309,0.84,359 49 101 41 108 43 103 52
aspartic,13,tyrosine,2,3,8,4,2.805,3.061,0.425,54.9,58.1,0.0,0.0,2.577,0.947,22 31 79 297 294 76 63 277 245 118
aspartic,13,tyrosine,2,3,9,1,2.805,1.871,0.425,81.1,99.2,3.0432,0.0,2.215,3.268,339 124 4 2
aspartic,13,tyrosine,2,3,9,2,2.805,1.871,0.425,81.1,99.2,2.041,0.0,1.781,3.009,31 102 0 23 150 0
aspartic,13,tyrosine,2,3,9,3,2.805,1.871,0.425,81.1,99.2,0.0,0.0,2.435,4.77,33 74 332 276 285 359 202 1
aspartic,13,tyrosine,2,3,9,4,2.805,1.871,0.425,81.1,99.2,0.0,0.0,2.622,4.363,71 345 11 299 305 63 75 308 240 109
aspartic,13,tyrosine,2,3,10,1,2.805,2.585,0.425,105.1,73.3,2.3694,0.0,2.845,5.661,217 258 3 2
aspartic,13,tyrosine,2,3,10,2,2.805,2.585,0.425,105.1,73.3,1.3376,0.0,2.845,5.661,167 282 1 29 141 0
aspartic,13,tyrosine,2,3,10,3,2.805,2.585,0.425,105.1,73.3,0.0,0.0,2.002,4.041,329 67 320 270 303 52 142 315
aspartic,13,tyrosine,2,3,10,4,2.805,2.585,0.425,105.1,73.3,0.0,0.0,1.415,3.915,357 1 346 306 320 55 70 313 245 106
aspartic,13,tyrosine,2,4,8,1,2.805,3.709,0.425,30.5,99.7,3.0772,0.0,2.687,4.805,121 301 256 359
aspartic,13,tyrosine,2,4,8,2,2.805,3.709,0.425,30.5,99.7,0.2105,0.0,2.687,4.876,150 158 8 8 164 5
aspartic,13,tyrosine,2,4,8,3,2.805,3.709,0.425,30.5,99.7,0.0,0.0,1.64,0.755,15 278 291 80 94 312 232 100
aspartic,13,tyrosine,2,4,8,4,2.805,3.709,0.425,30.5,99.7,0.0,0.0,1.455,0.746,346 342 306 50 76 289 259 92 128 212
aspartic,13,tyrosine,2,4,9,1,2.805,3.72,0.425,9.6,99.3,4.3554,0.0,2.687,4.876,266 35 134 1
aspartic,13,tyrosine,2,4,9,2,2.805,3.72,0.425,9.6,99.3,1.18,0.0,2.687,4.876,261 232 318 359 183 358
aspartic,13,tyrosine,2,4,9,3,2.805,3.72,0.425,9.6,99.3,0.0,0.0,0.542,1.022,1 110 83 279 263 37 129 275
aspartic,13,tyrosine,2,4,9,4,2.805,3.72,0.425,9.6,99.3,0.0,0.0,0.719,1.531,52 35 47 313 293 60 111 281 218 134
aspartic,13,tyrosine,2,4,10,1,2.805,4.504,0.425,33.2,70.5,2.6097,0.0,2.687,4.876,185 31 140 1
aspartic,13,tyrosine,2,4,10,2,2.805,4.504,0.425,33.2,70.5,0.0,0.0,2.687,4.876,156 261 292 47 134 9
aspartic,13,tyrosine,2,4,10,3,2.805,4.504,0.425,33.2,70.5,0.0,0.0,2.425,4.6,291 64 82 283 251 66 126 236
aspartic,13,tyrosine,2,4,10,4,2.805,4.504,0.425,33.2,70.5,0.0,0.0,1.599,3.832,324 17 57 300 266 88 117 250 226 161
aspartic,13,tyrosine,2,5,8,1,2.805,1.239,0.425,130.2,108.4,3.7203,0.0,1.618,2.12,14 288 6 3
aspartic,13,tyrosine,2,5,8,2,2.805,1.239,0.425,130.2,108.4,2.6999,0.0,1.954,3.217,319 308 1 27 144 1
aspartic,13,tyrosine,2,5,8,3,2.805,1.239,0.425,130.2,108.4,0.0,0.0,1.681,2.716,320 247 46 208 329 356 187 13
aspartic,13,tyrosine,2,5,8,4,2.805,1.239,0.425,130.2,108.4,0.0,0.0,2.763,3.256,286 48 30 89 64 281 288 37 107 269
aspartic,13,tyrosine,2,5,9,1,2.805,2.578,0.425,59.3,60.3,3.0582,0.0,1.695,2.082,45 242 336 352
aspartic,13,tyrosine,2,5,9,2,2.805,2.578,0.425,59.3,60.3,1.6417,0.0,1.276,0.966,359 242 352 315 242 356
aspartic,13,tyrosine,2,5,9,3,2.805,2.578,0.425,59.3,60.3,0.0,0.0,0.628,0.712,325 273 302 97 97 315 213 67
aspartic,13,tyrosine,2,5,9,4,2.805,2.578,0.425,59.3,60.3,0.0,0.0,0.933,0.427,303 348 319 57 60 289 279 76 130 240
aspartic,13,tyrosine,2,5,10,1,2.805,2.87,0.425,93.3,51.2,2.2222,0.0,2.953,4.872,142 104 4 3
aspartic,13,tyrosine,2,5,10,2,2.805,2.87,0.425,93.3,51.2,1.1181,0.0,2.953,4.872,188 89 1 42 126 0
aspartic,13,tyrosine,2,5,10,3,2.805,2.87,0.425,93.3,51.2,0.0,0.0,2.953,4.872,199 338 48 258 305 38 151 334
aspartic,13,tyrosine,2,5,10,4,2.805,2.87,0.425,93.3,51.2,0.0,0.0,2.057,1.438,341 19 350 37 133 253 281 109 69 249
aspartic,13,phenylalanine,0,3,12,1,7.9,8.475,0.305,99.9,49.6,1.285,0.0,2.12,3.564,11 280 182 182
aspartic,13,phenylalanine,0,3,12,2,7.9,8.475,0.305,99.9,49.6,0.0,0.0,2.601,5.145,43 276 168 269 301 162
aspartic,13,phenylalanine,0,3,12,3,7.9,8.475,0.305,99.9,49.6,0.0,0.0,2.281,3.668,345 283 348 17 346 69 128 295
aspartic,13,phenylalanine,0,3,12,4,7.9,8.475,0.305,99.9,49.6,0.0,0.0,2.845,5.255,269 317 32 1 61 165 68 174 310 184
aspartic,13,phenylalanine,0,3,13,1,7.9,6.448,0.305,89.6,132.9,0.0,0.0,2.308,3.263,336 81 67 220
aspartic,13,phenylalanine,0,3,13,2,7.9,6.448,0.305,89.6,132.9,0.0,0.0,2.807,3.639,30 39 49 295 260 125
aspartic,13,phenylalanine,0,3,13,3,7.9,6.448,0.305,89.6,132.9,0.0,0.0,2.815,0.455,227 116 99 29 156 15 210 41
aspartic,13,phenylalanine,0,3,13,4,7.9,6.448,0.305,89.6,132.9,0.0,0.0,1.254,1.031,351 343 203 7 96 199 317 357 173 345
aspartic,13,phenylalanine,0,3,14,1,7.9,7.192,0.305,106.7,98.6,0.0,0.0,2.221,3.532,281 63 219 175
aspartic,13,phenylalanine,0,3,14,2,7.9,7.192,0.305,106.7,98.6,0.0,0.0,2.527,4.628,11 42 15 331 278 148
aspartic,13,phenylalanine,0,3,14,3,7.9,7.192,0.305,106.7,98.6,0.0,0.0,2.435,5.141,41 339 33 332 285 59 94 212
aspartic,13,phenylalanine,0,3,14,4,7.9,7.192,0.305,106.7,98.6,0.0,0.0,1.972,3.244,291 23 78 12 344 79 105 292 247 129
aspartic,13,phenylalanine,0,4,12,1,7.9,10.247,0.305,23.6,50.7,5.7908,0.0,1.874,4.193,324 0 180 0
aspartic,13,phenylalanine,0,4,12,2,7.9,10.247,0.305,23.6,50.7,2.2565,0.0,1.739,4.01,328 358 196 338 159 163
aspartic,13,phenylalanine,0,4,12,3,7.9,10.247,0.305,23.6,50.7,0.0,0.0,1.291,2.958,334 46 140 271 224 148 132 154
aspartic,13,phenylalanine,0,4,12,4,7.9,10.247,0.305,23.6,50.7,0.0,0.0,2.0,4.169,305 48 80 296 270 126 147 226 212 167
aspartic,13,phenylalanine,0,4,13,1,7.9,8.025,0.305,20.8,147.6,4.3399,0.0,1.329,3.501,340 360 180 360
aspartic,13,phenylalanine,0,4,13,2,7.9,8.025,0.305,20.8,147.6,0.8205,0.0,1.64,3.114,331 359 182 358 213 243
aspartic,13,phenylalanine,0,4,13,3,7.9,8.025,0.305,20.8,147.6,0.0,0.0,1.105,2.494,347 36 92 317 254 93 126 193
aspartic,13,phenylalanine,0,4,13,4,7.9,8.025,0.305,20.8,147.6,0.0,0.0,1.048,2.664,345 29 64 315 283 97 125 238 215 161
aspartic,13,phenylalanine,0,4,14,1,7.9,9.255,0.305,13.0,89.0,6.0252,0.0,2.687,4.876,296 0 180 0
aspartic,13,phenylalanine,0,4,14,2,7.9,9.255,0.305,13.0,89.0,2.2505,0.0,2.687,4.617,299 360 180 360 156 124
aspartic,13,phenylalanine,0,4,14,3,7.9,9.255,0.305,13.0,89.0,0.0,0.0,2.153,4.338,300 52 134 290 209 124 149 182
aspartic,13,phenylalanine,0,4,14,4,7.9,9.255,0.305,13.0,89.0,0.0,0.0,1.927,4.108,308 43 77 292 266 122 142 226 211 167
aspartic,13,phenylalanine,0,5,12,1,7.9,9.156,0.305,74.3,37.4,1.885,0.0,1.641,1.852,34 20 183 182
aspartic,13,phenylalanine,0,5,12,2,7.9,9.156,0.305,74.3,37.4,0.5045,0.0,1.578,0.684,8 359 228 276 356 182
aspartic,13,phenylalanine,0,5,12,3,7.9,9.156,0.305,74.3,37.4,0.0,0.0,2.953,4.569,83 17 153 83 1 129 35 208
aspartic,13,phenylalanine,0,5,12,4,7.9,9.156,0.305,74.3,37.4,0.0,0.0,2.014,3.078,72 324 280 36 66 253 238 83 104 211
aspartic,13,phenylalanine,0,5,13,1,7.9,6.811,0.305,76.3,136.8,0.0,0.0,2.048,0.84,51 295 232 131
aspartic,13,phenylalanine,0,5,13,2,7.9,6.811,0.305,76.3,136.8,0.0,0.0,2.393,1.466,356 306 321 47 87 245
aspartic,13,phenylalanine,0,5,13,3,7.9,6.811,0.305,76.3,136.8,0.0,0.0,2.153,0.621,308 11 307 17 102 339 244 185
aspartic,13,phenylalanine,0,5,13,4,7.9,6.811,0.305,76.3,136.8,0.0,0.0,2.578,3.33,92 301 277 52 54 274 290 7 118 290
aspartic,13,phenylalanine,0,5,14,1,7.9,7.821,0.305,82.5,91.0,0.6043,0.0,2.342,2.593,33 58 152 166
aspartic,13,phenylalanine,0,5,14,2,7.9,7.821,0.305,82.5,91.0,0.0,0.0,2.491,1.735,29 272 346 24 43 174
aspartic,13,phenylalanine,0,5,14,3,7.9,7.821,0.305,82.5,91.0,0.0,0.0,1.889,1.661,11 334 347 31 76 268 231 115
aspartic,13,phenylalanine,0,5,14,4,7.9,7.821,0.305,82.5,91.0,0.0,0.0,1.849,2.341,41 24 347 16 29 266 265 66 107 232
aspartic,13,aspartic,9,3,3,1,10.075,9.609,-0.272,61.2,140.6,2.9395,0.0,1.193,1.62,339 359 150 117
aspartic,13,aspartic,9,3,3,2,10.075,9.609,-0.272,61.2,140.6,0.0,0.0,1.862,2.757,357 28 159 259 190 184
aspartic,13,aspartic,9,3,3,3,10.075,9.609,-0.272,61.2,140.6,0.0,0.0,1.576,1.901,310 46 93 335 296 92 119 214
aspartic,13,aspartic,9,3,3,4,10.075,9.609,-0.272,61.2,140.6,0.0,0.0,1.311,2.043,326 27 64 323 295 108 134 256 234 158
aspartic,13,aspartic,9,3,4,1,10.075,11.806,-0.272,55.9,47.7,5.1928,0.0,1.229,1.401,332 360 154 110
aspartic,13,aspartic,9,3,4,2,10.075,11.806,-0.272,55.9,47.7,1.6944,0.0,1.244,1.587,330 1 224 251 185 183
aspartic,13,aspartic,9,3,4,3,10.075,11.806,-0.272,55.9,47.7,0.0,0.0,1.43,1.365,340 332 139 115 156 183 40 191
aspartic,13,aspartic,9,3,4,4,10.075,11.806,-0.272,55.9,47.7,0.0,0.0,1.455,2.609,329 37 66 319 292 121 150 232 209 161
aspartic,13,aspartic,9,3,5,1,10.075,11.632,-0.272,61.0,55.3,4.807,0.0,1.213,2.38,343 1 205 232
aspartic,13,aspartic,9,3,5,2,10.075,11.632,-0.272,61.0,55.3,1.2452,0.0,1.226,2.722,346 358 219 246 169 174
aspartic,13,aspartic,9,3,5,3,10.075,11.632,-0.272,61.0,55.3,0.0,0.0,2.583,4.445,47 286 230 306 141 173 120 86
aspartic,13,aspartic,9,3,5,4,10.075,11.632,-0.272,61.0,55.3,0.0,0.0,2.362,4.695,27 4 51 329 296 96 133 211 197 170
aspartic,13,aspartic,9,4,3,1,10.075,9.996,-0.272,44.7,126.2,4.1777,0.0,1.019,1.178,15 1 157 59
aspartic,13,aspartic,9,4,3,2,10.075,9.996,-0.272,44.7,126.2,0.5187,0.0,1.053,1.286,18 360 143 78 177 178
aspartic,13,aspartic,9,4,3,3,10.075,9.996,-0.272,44.7,126.2,0.0,0.0,2.05,1.68,356 100 113 211 267 64 259 147
aspartic,13,aspartic,9,4,3,4,10.075,9.996,-0.272,44.7,126.2,0.0,0.0,2.31,1.567,73 296 267 70 94 230 209 117 134 197
aspartic,13,aspartic,9,4,4,1,10.075,11.962,-0.272,49.1,46.7,5.7025,0.0,1.301,0.579,27 360 205 272
aspartic,13,aspartic,9,4,4,2,10.075,11.962,-0.272,49.1,46.7,2.1405,0.0,1.283,0.735,27 360 140 94 179 180
aspartic,13,aspartic,9,4,4,3,10.075,11.962,-0.272,49.1,46.7,0.0747,0.0,1.866,1.27,50 355 221 271 143 159 80 146
aspartic,13,aspartic,9,4,4,4,10.075,11.962,-0.272,49.1,46.7,0.0,0.0,1.461,1.848,44 315 282 48 74 235 209 133 150 193
aspartic,13,aspartic,9,4,5,1,10.075,11.845,-0.272,52.1,52.0,5.4194,0.0,0.944,1.263,12 360 154 98
aspartic,13,aspartic,9,4,5,2,10.075,11.845,-0.272,52.1,52.0,1.8679,0.0,0.862,0.312,11 0 221 259 183 182
aspartic,13,aspartic,9,4,5,3,10.075,11.845,-0.272,52.1,52.0,0.0,0.0,0.952,1.714,14 356 118 100 143 139 89 108
aspartic,13,aspartic,9,4,5,4,10.075,11.845,-0.272,52.1,52.0,0.0,0.0,1.676,3.729,286 347 275 59 118 231 195 166 154 173
aspartic,13,aspartic,9,5,3,1,10.075,9.037,-0.272,82.7,132.9,1.8036,0.0,1.895,0.777,345 39 187 184
aspartic,13,aspartic,9,5,3,2,10.075,9.037,-0.272,82.7,132.9,0.0,0.0,2.342,0.613,331 65 137 17 285 90
aspartic,13,aspartic,9,5,3,3,10.075,9.037,-0.272,82.7,132.9,0.0,0.0,2.953,0.6,332 222 335 118 167 345 38 7
aspartic,13,aspartic,9,5,3,4,10.075,9.037,-0.272,82.7,132.9,0.0,0.0,1.724,1.747,27 33 346 351 27 272 218 62 116 211
aspartic,13,aspartic,9,5,4,1,10.075,10.903,-0.272,90.4,56.6,3.7205,0.0,2.264,0.692,332 57 194 189
aspartic,13,aspartic,9,5,4,2,10.075,10.903,-0.272,90.4,56.6,0.3362,0.0,2.478,1.331,328 71 204 194 232 213
aspartic,13,aspartic,9,5,4,3,10.075,10.903,-0.272,90.4,56.6,0.0,0.0,2.482,2.653,28 139 278 145 113 112 108 146
aspartic,13,aspartic,9,5,4,4,10.075,10.903,-0.272,90.4,56.6,0.0,0.0,2.402,2.129,256 58 241 1 116 198 96 331 79 247
aspartic,13,aspartic,9,5,5,1,10.075,11.2,-0.272,77.6,43.4,3.9304,0.0,1.813,0.806,349 25 180 180
aspartic,13,aspartic,9,5,5,2,10.075,11.2,-0.272,77.6,43.4,0.6707,0.0,1.512,1.336,12 0 164 139 253 195
aspartic,13,aspartic,9,5,5,3,10.075,11.2,-0.272,77.6,43.4,0.0006,0.0,1.683,0.793,2 1 170 13 321 211 12 128
aspartic,13,aspartic,9,5,5,4,10.075,11.2,-0.272,77.6,43.4,0.0,0.0,1.893,1.077,287 349 272 339 137 53 265 113 67 156
aspartic,13,serine,8,3,3,1,9.603,10.824,-0.399,54.6,63.0,4.3385,0.0,1.319,0.498,326 359 205 264
aspartic,13,serine,8,3,3,2,9.603,10.824,-0.399,54.6,63.0,0.8465,0.0,1.256,1.046,331 357 216 273 151 165
aspartic,13,serine,8,3,3,3,9.603,10.824,-0.399,54.6,63.0,0.0,0.0,2.484,1.734,280 10 168 356 242 159 84 155
aspartic,13,serine,8,3,3,4,9.603,10.824,-0.399,54.6,63.0,0.0,0.0,1.989,1.911,290 57 88 298 275 131 150 252 235 161
aspartic,13,serine,8,3,4,1,9.603,8.755,-0.399,62.7,161.8,2.0789,0.0,1.336,0.83,325 359 211 247
aspartic,13,serine,8,3,4,2,9.603,8.755,-0.399,62.7,161.8,0.0,0.0,1.989,1.905,319 328 185 171 74 73
aspartic,13,serine,8,3,4,3,9.603,8.755,-0.399,62.7,161.8,0.0,0.0,1.813,2.335,6 11 56 328 290 86 120 209
aspartic,13,serine,8,3,4,4,9.603,8.755,-0.399,62.7,161.8,0.0,0.0,2.619,2.403,26 21 21 302 281 98 159 251 197 162
aspartic,13,serine,8,3,5,1,9.603,11.102,-0.399,67.1,51.5,4.0722,0.0,1.299,1.532,325 3 201 212
aspartic,13,serine,8,3,5,2,9.603,11.102,-0.399,67.1,51.5,0.5464,0.0,1.303,1.771,323 9 216 217 209 199
aspartic,13,serine,8,3,5,3,9.603,11.102,-0.399,67.1,51.5,0.0,0.0,1.892,3.949,25 331 193 258 165 169 91 73
aspartic,13,serine,8,3,5,4,9.603,11.102,-0.399,67.1,51.5,0.0,0.0,1.443,3.961,357 3 46 332 302 104 136 229 210 163
aspartic,13,serine,8,4,3,1,9.603,11.018,-0.399,46.0,76.1,4.9801,0.0,1.515,0.342,34 0 204 283
aspartic,13,serine,8,4,3,2,9.603,11.018,-0.399,46.0,76.1,1.4319,0.0,1.486,0.225,32 1 143 80 191 187
aspartic,13,serine,8,4,3,3,9.603,11.018,-0.399,46.0,76.1,0.0,0.0,1.427,0.43,342 350 240 56 119 208 216 223
aspartic,13,serine,8,4,3,4,9.603,11.018,-0.399,46.0,76.1,0.0,0.0,1.495,1.844,45 320 285 52 78 235 212 123 140 196
aspartic,13,serine,8,4,4,1,9.603,9.333,-0.399,37.3,156.6,4.0587,0.0,1.265,0.246,25 1 164 34
aspartic,13,serine,8,4,4,2,9.603,9.333,-0.399,37.3,156.6,0.3914,0.0,1.326,0.58,28 0 208 303 183 182
aspartic,13,serine,8,4,4,3,9.603,9.333,-0.399,37.3,156.6,0.0,0.0,1.238,0.758,25 314 278 49 89 252 215 155
aspartic,13,serine,8,4,4,4,9.603,9.333,-0.399,37.3,156.6,0.0,0.0,2.687,0.695,67 234 302 75 157 295 114 45 135 212
aspartic,13,serine,8,4,5,1,9.603,11.767,-0.399,37.8,45.7,6.1839,0.0,1.14,0.676,21 0 162 50
aspartic,13,serine,8,4,5,2,9.603,11.767,-0.399,37.8,45.7,2.6198,0.0,1.158,0.59,22 360 214 292 178 179
aspartic,13,serine,8,4,5,3,9.603,11.767,-0.399,37.8,45.7,0.1349,0.0,1.059,1.824,348 6 223 266 213 199 92 141
aspartic,13,serine,8,4,5,4,9.603,11.767,-0.399,37.8,45.7,0.0,0.0,1.921,3.077,310 67 144 86 99 155 280 259 56 72
aspartic,13,serine,8,5,3,1,9.603,9.729,-0.399,96.4,70.8,2.4421,0.0,2.269,0.794,38 288 179 179
aspartic,13,serine,8,5,3,2,9.603,9.729,-0.399,96.4,70.8,0.0,0.0,2.497,1.242,32 224 268 257 60 159
aspartic,13,serine,8,5,3,3,9.603,9.729,-0.399,96.4,70.8,0.0,0.0,2.592,2.215,324 74 284 258 116 348 246 325
aspartic,13,serine,8,5,3,4,9.603,9.729,-0.399,96.4,70.8,0.0,0.0,1.604,2.008,48 353 179 355 120 246 242 89 71 216
aspartic,13,serine,8,5,4,1,9.603,8.009,-0.399,90.5,147.6,0.8093,0.0,2.128,0.428,343 64 170 175
aspartic,13,serine,8,5,4,2,9.603,8.009,-0.399,90.5,147.6,0.0,0.0,2.696,0.477,338 310 335 1 76 234
aspartic,13,serine,8,5,4,3,9.603,8.009,-0.399,90.5,147.6,0.0,0.0,2.35,1.407,317 352 340 37 84 290 184 113
aspartic,13,serine,8,5,4,4,9.603,8.009,-0.399,90.5,147.6,0.0,0.0,1.481,1.634,42 344 271 350 31 306 269 5 126 254
aspartic,13,serine,8,5,5,1,9.603,10.479,-0.399,90.4,38.9,3.2028,0.0,2.069,0.373,345 60 179 179
aspartic,13,serine,8,5,5,2,9.603,10.479,-0.399,90.4,38.9,0.4772,0.0,1.557,0.686,48 337 155 159 277 211
aspartic,13,serine,8,5,5,3,9.603,10.479,-0.399,90.4,38.9,0.0,0.0,1.563,1.299,44 329 210 340 53 280 281 160
aspartic,13,serine,8,5,5,4,9.603,10.479,-0.399,90.4,38.9,0.0,0.0,1.543,1.389,21 343 303 20 51 250 221 93 117 205
glutamic,1,aspartic,13,5,3,1,11.632,13.302,0.433,70.8,33.5,6.1211,0.0,1.579,1.592,84 358 171 170
glutamic,1,aspartic,13,5,3,2,11.632,13.302,0.433,70.8,33.5,2.5019,0.0,1.547,2.017,81 0 211 215 180 180
glutamic,1,aspartic,13,5,3,3,11.632,13.302,0.433,70.8,33.5,0.2884,0.0,0.96,0.382,68 358 156 159 175 177 289 209
glutamic,1,aspartic,13,5,3,4,11.632,13.302,0.433,70.8,33.5,0.0,0.0,1.851,2.658,79 254 220 159 178 223 220 140 131 174
glutamic,1,aspartic,13,5,4,1,11.632,12.573,0.433,68.3,67.0,5.4311,0.0,1.972,2.11,92 1 193 199
glutamic,1,aspartic,13,5,4,2,11.632,12.573,0.433,68.3,67.0,1.8606,0.0,1.912,1.659,92 1 144 136 182 181
glutamic,1,aspartic,13,5,4,3,11.632,12.573,0.433,68.3,67.0,0.0,0.0,2.687,3.301,150 281 176 116 145 193 210 199
glutamic,1,aspartic,13,5,4,4,11.632,12.573,0.433,68.3,67.0,0.0,0.0,2.753,4.627,165 224 225 135 139 203 193 134 143 190
glutamic,1,aspartic,13,5,5,1,11.632,11.552,0.433,77.4,105.7,4.4238,0.0,1.596,2.152,71 24 195 191
glutamic,1,aspartic,13,5,5,2,11.632,11.552,0.433,77.4,105.7,0.6117,0.0,1.697,2.042,82 6 202 196 186 185
glutamic,1,aspartic,13,5,5,3,11.632,11.552,0.433,77.4,105.7,0.0,0.0,2.753,4.565,146 226 224 133 133 207 200 169
glutamic,1,aspartic,13,5,5,4,11.632,11.552,0.433,77.4,105.7,0.0,0.0,2.753,3.694,188 216 232 107 112 248 223 180 218 208
glutamic,1,aspartic,13,6,3,1,11.632,11.704,0.433,137.9,28.9,4.5081,0.0,2.024,1.104,301 148 171 174
glutamic,1,aspartic,13,6,3,2,11.632,11.704,0.433,137.9,28.9,1.0121,0.0,0.536,0.855,299 139 156 164 143 154
glutamic,1,aspartic,13,6,3,3,11.632,11.704,0.433,137.9,28.9,0.0195,0.0,1.26,0.641,298 96 179 184 124 150 356 181
glutamic,1,aspartic,13,6,3,4,11.632,11.704,0.433,137.9,28.9,0.0,0.0,1.453,1.524,274 106 149 304 302 144 130 228 232 160
glutamic,1,aspartic,13,6,4,1,11.632,10.745,0.433,149.8,72.6,3.5043,0.0,2.135,0.695,330 180 178 178
glutamic,1,aspartic,13,6,4,2,11.632,10.745,0.433,149.8,72.6,0.2077,0.0,1.538,0.627,334 177 160 106 244 194
glutamic,1,aspartic,13,6,4,3,11.632,10.745,0.433,149.8,72.6,0.0,0.0,2.862,3.05,246 185 196 226 207 116 120 178
glutamic,1,aspartic,13,6,4,4,11.632,10.745,0.433,149.8,72.6,0.0,0.0,2.047,0.814,80 160 160 115 105 103 125 38 339 123
glutamic,1,aspartic,13,6,5,1,11.632,10.103,0.433,139.9,96.6,2.8479,0.0,2.299,0.615,342 208 186 184
glutamic,1,aspartic,13,6,5,2,11.632,10.103,0.433,139.9,96.6,0.0,0.0,2.514,2.478,264 167 184 224 216 172
glutamic,1,aspartic,13,6,5,3,11.632,10.103,0.433,139.9,96.6,0.0,0.0,2.899,3.05,240 190 187 223 211 100 114 193
glutamic,1,aspartic,13,6,5,4,11.632,10.103,0.433,139.9,96.6,0.0,0.0,2.899,2.535,182 183 174 222 235 149 149 240 228 159
glutamic,1,aspartic,13,7,3,1,11.632,14.084,0.433,36.2,31.1,8.5106,0.0,3.933,0.304,263 360 199 305
glutamic,1,aspartic,13,7,3,2,11.632,14.084,0.433,36.2,31.1,4.9798,0.0,2.893,0.338,263 0 146 71 181 181
glutamic,1,aspartic,13,7,3,3,11.632,14.084,0.433,36.2,31.1,1.2495,0.0,0.81,0.326,264 0 150 67 184 182 184 183
glutamic,1,aspartic,13,7,3,4,11.632,14.084,0.433,36.2,31.1,0.052,0.0,1.493,0.688,291 1 147 73 189 185 194 193 12 174
glutamic,1,aspartic,13,7,4,1,11.632,13.143,0.433,44.1,73.7,7.1221,0.0,3.933,0.331,254 360 156 79
glutamic,1,aspartic,13,7,4,2,11.632,13.143,0.433,44.1,73.7,3.6107,0.0,2.935,0.326,255 359 217 276 172 175
glutamic,1,aspartic,13,7,4,3,11.632,13.143,0.433,44.1,73.7,0.0145,0.0,1.797,0.514,248 3 145 84 210 197 207 204
glutamic,1,aspartic,13,7,4,4,11.632,13.143,0.433,44.1,73.7,0.0,0.0,2.043,0.66,301 30 74 304 273 138 155 194 191 178
glutamic,1,aspartic,13,7,5,1,11.632,12.558,0.433,33.7,95.6,7.2162,0.0,3.933,0.58,248 0 165 38
glutamic,1,aspartic,13,7,5,2,11.632,12.558,0.433,33.7,95.6,3.6415,0.0,3.121,0.526,249 0 211 298 180 180
glutamic,1,aspartic,13,7,5,3,11.632,12.558,0.433,33.7,95.6,0.0,0.0,2.464,0.484,254 346 216 290 205 183 180 190
glutamic,1,aspartic,13,7,5,4,11.632,12.558,0.433,33.7,95.6,0.0,0.0,3.62,0.208,257 50 83 295 265 148 167 224 214 172
glutamic,1,isoleucine,6,5,4,1,8.734,10.697,0.164,66.7,18.9,3.6952,0.0,0.568,2.158,38 2 202 216
glutamic,1,isoleucine,6,5,4,2,8.734,10.697,0.164,66.7,18.9,0.8343,0.0,0.618,0.717,42 26 177 178 271 214
glutamic,1,isoleucine,6,5,4,3,8.734,10.697,0.164,66.7,18.9,0.0629,0.0,1.343,1.215,43 62 162 170 264 217 355 187
glutamic,1,isoleucine,6,5,4,4,8.734,10.697,0.164,66.7,18.9,0.0,0.0,0.792,1.242,64 356 236 17 47 244 267 162 86 157
glutamic,1,isoleucine,6,5,5,1,8.734,8.372,0.164,66.8,121.5,1.3906,0.0,0.481,1.86,43 1 207 230
glutamic,1,isoleucine,6,5,5,2,8.734,8.372,0.164,66.8,121.5,0.0,0.0,1.832,2.116,356 6 251 30 83 207
glutamic,1,isoleucine,6,5,5,3,8.734,8.372,0.164,66.8,121.5,0.0,0.0,1.825,2.022,34 176 84 189 252 325 262 145
glutamic,1,isoleucine,6,5,5,4,8.734,8.372,0.164,66.8,121.5,0.0,0.0,1.283,1.515,18 4 326 28 53 262 240 100 128 209
glutamic,1,isoleucine,6,5,6,1,8.734,9.066,0.164,72.3,92.6,1.9323,0.0,0.749,3.557,38 351 158 158
glutamic,1,isoleucine,6,5,6,2,8.734,9.066,0.164,72.3,92.6,0.0,0.0,1.96,3.648,344 29 232 8 72 202
glutamic,1,isoleucine,6,5,6,3,8.734,9.066,0.164,72.3,92.6,0.0,0.0,2.302,3.793,347 355 309 30 69 272 237 153
glutamic,1,isoleucine,6,5,6,4,8.734,9.066,0.164,72.3,92.6,0.0,0.0,1.286,3.24,18 4 322 17 48 263 235 99 125 206
glutamic,1,isoleucine,6,6,4,1,8.734,9.957,0.164,94.4,24.9,2.7384,0.0,1.939,1.621,15 294 170 174
glutamic,1,isoleucine,6,6,4,2,8.734,9.957,0.164,94.4,24.9,0.5536,0.0,2.066,0.585,295 112 166 171 298 209
glutamic,1,isoleucine,6,6,4,3,8.734,9.957,0.164,94.4,24.9,0.0,0.0,2.462,0.969,43 196 205 102 160 145 21 174
glutamic,1,isoleucine,6,6,4,4,8.734,9.957,0.164,94.4,24.9,0.0,0.0,1.15,0.913,330 358 41 358 329 106 133 257 235 154
glutamic,1,isoleucine,6,6,5,1,8.734,7.57,0.164,96.7,127.9,0.3242,0.0,1.917,1.43,14 295 162 169
glutamic,1,isoleucine,6,6,5,2,8.734,7.57,0.164,96.7,127.9,0.0,0.0,1.689,1.656,41 350 80 298 286 141
glutamic,1,isoleucine,6,6,5,3,8.734,7.57,0.164,96.7,127.9,0.0,0.0,1.139,0.772,62 222 244 72 41 276 14 298
glutamic,1,isoleucine,6,6,5,4,8.734,7.57,0.164,96.7,127.9,0.0,0.0,0.875,1.719,314 12 67 10 335 85 108 290 246 135
glutamic,1,isoleucine,6,6,6,1,8.734,8.81,0.164,81.8,77.0,1.5216,0.0,1.457,1.268,314 42 178 179
glutamic,1,isoleucine,6,6,6,2,8.734,8.81,0.164,81.8,77.0,0.0,0.0,0.838,2.049,314 336 249 287 41 244
glutamic,1,isoleucine,6,6,6,3,8.734,8.81,0.164,81.8,77.0,0.0,0.0,2.149,1.767,286 246 352 108 61 277 33 85
glutamic,1,isoleucine,6,6,6,4,8.734,8.81,0.164,81.8,77.0,0.0,0.0,1.208,1.487,325 12 52 347 319 96 122 274 243 149
glutamic,1,isoleucine,6,7,4,1,8.734,11.432,0.164,33.4,14.8,6.1643,0.0,2.663,2.642,329 0 168 31
glutamic,1,isoleucine,6,7,4,2,8.734,11.432,0.164,33.4,14.8,2.6184,0.0,2.311,2.651,330 359 209 305 173 176
glutamic,1,isoleucine,6,7,4,3,8.734,11.432,0.164,33.4,14.8,0.5608,0.0,0.616,1.2,309 2 141 82 197 191 288 210
glutamic,1,isoleucine,6,7,4,4,8.734,11.432,0.164,33.4,14.8,0.0,0.0,2.325,0.636,274 28 198 244 222 187 127 205 302 233
glutamic,1,isoleucine,6,7,5,1,8.734,9.209,0.164,28.4,115.3,4.5847,0.0,2.862,2.287,320 1 174 8
glutamic,1,isoleucine,6,7,5,2,8.734,9.209,0.164,28.4,115.3,0.8333,0.0,1.749,2.389,323 360 161 32 179 179
glutamic,1,isoleucine,6,7,5,3,8.734,9.209,0.164,28.4,115.3,0.0,0.0,1.761,2.332,349 39 94 300 256 120 140 185
glutamic,1,isoleucine,6,7,5,4,8.734,9.209,0.164,28.4,115.3,0.0,0.0,1.686,2.32,13 215 278 77 48 128 158 289 267 153
glutamic,1,isoleucine,6,7,6,1,8.734,9.977,0.164,32.4,85.0,4.8809,0.0,2.289,3.512,350 359 188 345
glutamic,1,isoleucine,6,7,6,2,8.734,9.977,0.164,32.4,85.0,1.2883,0.0,2.286,3.558,352 359 151 52 174 177
glutamic,1,isoleucine,6,7,6,3,8.734,9.977,0.164,32.4,85.0,0.0,0.0,1.538,3.237,352 46 115 49 124 66 315 306
glutamic,1,isoleucine,6,7,6,4,8.734,9.977,0.164,32.4,85.0,0.0,0.0,3.297,3.66,18 332 241 354 42 353 295 61 114 221
glutamic,1,leucine,0,5,1,1,9.33,11.508,-0.095,53.0,30.4,5.0641,0.0,2.753,2.333,127 0 206 259
glutamic,1,leucine,0,5,1,2,9.33,11.508,-0.095,53.0,30.4,1.5164,0.0,0.988,2.006,129 359 220 262 170 174
glutamic,1,leucine,0,5,1,3,9.33,11.508,-0.095,53.0,30.4,0.0,0.0,1.856,3.764,136 13 211 212 218 196 30 154
glutamic,1,leucine,0,5,1,4,9.33,11.508,-0.095,53.0,30.4,0.0,0.0,1.489,3.555,106 15 245 63 64 197 244 134 122 202
glutamic,1,leucine,0,5,2,1,9.33,10.743,-0.095,46.4,66.1,4.6909,0.0,2.753,1.952,113 0 156 72
glutamic,1,leucine,0,5,2,2,9.33,10.743,-0.095,46.4,66.1,1.1457,0.0,2.753,0.604,117 359 141 87 170 174
glutamic,1,leucine,0,5,2,3,9.33,10.743,-0.095,46.4,66.1,0.0,0.0,2.37,1.109,118 323 144 92 207 270 254 193
glutamic,1,leucine,0,5,2,4,9.33,10.743,-0.095,46.4,66.1,0.0,0.0,1.782,0.674,40 90 58 115 144 245 241 147 153 184
glutamic,1,leucine,0,5,13,1,9.33,9.697,-0.095,58.5,105.7,3.0966,0.0,2.753,2.316,121 359 151 111
glutamic,1,leucine,0,5,13,2,9.33,9.697,-0.095,58.5,105.7,0.0,0.0,2.33,1.709,112 336 171 99 208 246
glutamic,1,leucine,0,5,13,3,9.33,9.697,-0.095,58.5,105.7,0.0,0.0,1.264,1.704,75 283 320 75 94 227 168 129
glutamic,1,leucine,0,5,13,4,9.33,9.697,-0.095,58.5,105.7,0.0,0.0,1.654,2.872,90 348 310 44 80 245 219 109 124 196
glutamic,1,leucine,0,6,1,1,9.33,9.193,-0.095,162.0,27.4,2.4773,0.0,2.093,0.883,84 180 155 108
glutamic,1,leucine,0,6,1,2,9.33,9.193,-0.095,162.0,27.4,0.3261,0.0,0.603,1.526,140 183 182 181 29 166
glutamic,1,leucine,0,6,1,3,9.33,9.193,-0.095,162.0,27.4,0.0,0.0,2.588,2.527,147 131 199 176 107 243 237 130
glutamic,1,leucine,0,6,1,4,9.33,9.193,-0.095,162.0,27.4,0.0,0.0,2.598,2.317,259 150 183 176 115 216 222 81 117 215
glutamic,1,leucine,0,6,2,1,9.33,8.343,-0.095,154.9,66.8,1.3174,0.0,2.803,0.659,50 181 202 229
glutamic,1,leucine,0,6,2,2,9.33,8.343,-0.095,154.9,66.8,0.0,0.0,2.433,0.542,72 112 288 100 353 163
glutamic,1,leucine,0,6,2,3,9.33,8.343,-0.095,154.9,66.8,0.0,0.0,2.798,0.691,249 149 159 105 101 302 300 171
glutamic,1,leucine,0,6,2,4,9.33,8.343,-0.095,154.9,66.8,0.0,0.0,2.014,0.767,305 127 123 318 330 298 253 14 65 214
glutamic,1,leucine,0,6,13,1,9.33,7.476,-0.095,171.8,99.2,1.4644,0.0,2.899,0.708,44 179 197 316
glutamic,1,leucine,0,6,13,2,9.33,7.476,-0.095,171.8,99.2,0.0,0.0,2.318,0.664,343 220 116 130 64 249
glutamic,1,leucine,0,6,13,3,9.33,7.476,-0.095,171.8,99.2,0.0,0.0,2.564,3.05,261 214 187 70 51 275 253 137
glutamic,1,leucine,0,6,13,4,9.33,7.476,-0.095,171.8,99.2,0.0,0.0,2.899,0.794,57 236 204 70 56 244 242 97 128 212
glutamic,1,leucine,0,7,1,1,9.33,10.917,-0.095,76.3,33.7,3.7388,0.0,2.363,0.295,260 341 167 170
glutamic,1,leucine,0,7,1,2,9.33,10.917,-0.095,76.3,33.7,0.6571,0.0,0.448,0.444,269 304 176 178 107 146
glutamic,1,leucine,0,7,1,3,9.33,10.917,-0.095,76.3,33.7,0.0,0.0,1.603,2.679,196 124 160 210 217 142 97 149
glutamic,1,leucine,0,7,1,4,9.33,10.917,-0.095,76.3,33.7,0.0,0.0,2.409,3.66,182 161 145 210 214 137 144 229 215 164
glutamic,1,leucine,0,7,2,1,9.33,10.176,-0.095,69.7,67.0,2.9961,0.0,2.997,0.39,258 1 194 201
glutamic,1,leucine,0,7,2,2,9.33,10.176,-0.095,69.7,67.0,0.0,0.0,2.745,0.695,282 1 179 221 224 200
glutamic,1,leucine,0,7,2,3,9.33,10.176,-0.095,69.7,67.0,0.0,0.0,2.188,1.855,245 133 130 213 204 100 105 185
glutamic,1,leucine,0,7,2,4,9.33,10.176,-0.095,69.7,67.0,0.0,0.0,1.712,2.809,224 162 148 213 215 106 115 231 213 162
glutamic,1,leucine,0,7,13,1,9.33,9.532,-0.095,65.0,91.0,2.5289,0.0,2.522,0.768,245 0 159 131
glutamic,1,leucine,0,7,13,2,9.33,9.532,-0.095,65.0,91.0,0.0,0.0,2.761,0.32,237 358 207 347 11 143
glutamic,1,leucine,0,7,13,3,9.33,9.532,-0.095,65.0,91.0,0.0,0.0,1.255,2.792,180 142 118 233 235 134 153 206
glutamic,1,leucine,0,7,13,4,9.33,9.532,-0.095,65.0,91.0,0.0,0.0,2.36,0.53,261 22 44 305 292 118 135 267 242 150
glutamic,1,serine,13,5,3,1,7.687,8.897,-0.402,25.4,84.7,4.6211,0.0,2.753,2.546,172 1 177 4
glutamic,1,serine,13,5,3,2,7.687,8.897,-0.402,25.4,84.7,0.9885,0.0,2.753,1.373,160 3 166 16 212 213
glutamic,1,serine,13,5,3,3,7.687,8.897,-0.402,25.4,84.7,0.0,0.0,2.753,0.691,120 13 133 39 219 255 272 203
glutamic,1,serine,13,5,3,4,7.687,8.897,-0.402,25.4,84.7,0.0,0.0,0.755,0.494,63 315 282 76 105 243 224 150 162 187
glutamic,1,serine,13,5,4,1,7.687,7.98,-0.402,39.0,122.0,2.6836,0.0,2.753,3.029,189 359 191 339
glutamic,1,serine,13,5,4,2,7.687,7.98,-0.402,39.0,122.0,0.0,0.0,2.753,1.961,183 49 116 322 258 148
glutamic,1,serine,13,5,4,3,7.687,7.98,-0.402,39.0,122.0,0.0,0.0,2.753,2.887,204 109 47 203 317 155 119 214
glutamic,1,serine,13,5,4,4,7.687,7.98,-0.402,39.0,122.0,0.0,0.0,2.705,2.486,317 48 84 281 251 105 123 207 196 172
glutamic,1,serine,13,5,5,1,7.687,10.315,-0.402,37.0,19.5,4.8657,0.0,2.753,2.849,181 0 194 322
glutamic,1,serine,13,5,5,2,7.687,10.315,-0.402,37.0,19.5,1.3096,0.0,2.753,2.668,181 359 213 300 174 176
glutamic,1,serine,13,5,5,3,7.687,10.315,-0.402,37.0,19.5,0.0504,0.0,2.753,4.678,196 5 215 236 227 201 16 167
glutamic,1,serine,13,5,5,4,7.687,10.315,-0.402,37.0,19.5,0.0,0.0,2.753,4.985,241 59 106 238 220 155 156 238 244 177
glutamic,1,serine,13,6,3,1,7.687,6.851,-0.402,111.3,86.9,0.0,0.0,2.899,0.486,42 77 191 108
glutamic,1,serine,13,6,3,2,7.687,6.851,-0.402,111.3,86.9,0.0,0.0,2.899,0.996,30 28 310 8 87 330
glutamic,1,serine,13,6,3,3,7.687,6.851,-0.402,111.3,86.9,0.0,0.0,2.899,2.055,146 164 222 354 274 279 317 294
glutamic,1,serine,13,6,3,4,7.687,6.851,-0.402,111.3,86.9,0.0,0.0,2.899,1.884,199 166 187 104 103 278 260 115 144 212
glutamic,1,serine,13,6,4,1,7.687,6.324,-0.402,104.1,107.4,0.0,0.0,2.899,1.356,147 206 249 100
glutamic,1,serine,13,6,4,2,7.687,6.324,-0.402,104.1,107.4,0.0,0.0,2.899,2.645,183 178 280 70 100 267
glutamic,1,serine,13,6,4,3,7.687,6.324,-0.402,104.1,107.4,0.0,0.0,2.899,3.05,216 185 234 114 100 260 230 134
glutamic,1,serine,13,6,4,4,7.687,6.324,-0.402,104.1,107.4,0.0,0.0,2.899,3.05,220 191 208 141 126 234 236 83 102 216
glutamic,1,serine,13,6,5,1,7.687,8.439,-0.402,112.7,10.1,1.3275,0.0,2.899,1.439,146 279 146 168
glutamic,1,serine,13,6,5,2,7.687,8.439,-0.402,112.7,10.1,0.5485,0.0,2.899,2.829,165 327 104 159 357 184
glutamic,1,serine,13,6,5,3,7.687,8.439,-0.402,112.7,10.1,0.0,0.0,2.899,3.05,183 306 163 194 291 163 30 214
glutamic,1,serine,13,6,5,4,7.687,8.439,-0.402,112.7,10.1,0.0,0.0,2.899,3.0,214 227 218 81 24 297 341 85 23 194
glutamic,1,serine,13,7,3,1,7.687,6.908,-0.402,108.9,85.2,0.0,0.0,3.933,2.055,311 225 220 132
glutamic,1,serine,13,7,3,2,7.687,6.908,-0.402,108.9,85.2,0.0,0.0,3.933,0.866,311 153 355 354 65 16
glutamic,1,serine,13,7,3,3,7.687,6.908,-0.402,108.9,85.2,0.0,0.0,3.933,2.722,234 192 119 34 40 118 22 32
glutamic,1,serine,13,7,3,4,7.687,6.908,-0.402,108.9,85.2,0.0,0.0,3.933,3.347,163 184 164 288 265 42 82 274 244 147
glutamic,1,serine,13,7,4,1,7.687,5.91,-0.402,122.8,127.6,0.0,0.0,3.933,2.11,235 272 44 253
glutamic,1,serine,13,7,4,2,7.687,5.91,-0.402,122.8,127.6,0.0,0.0,3.933,1.973,202 246 357 351 283 342
glutamic,1,serine,13,7,4,3,7.687,5.91,-0.402,122.8,127.6,0.0,0.0,3.933,3.66,138 170 127 250 295 101 93 233
glutamic,1,serine,13,7,4,4,7.687,5.91,-0.402,122.8,127.6,0.0,0.0,3.933,3.66,134 195 185 274 246 76 57 284 302 138
glutamic,1,serine,13,7,5,1,7.687,8.304,-0.402,118.8,25.1,1.2036,0.0,3.933,2.044,216 132 137 157
glutamic,1,serine,13,7,5,2,7.687,8.304,-0.402,118.8,25.1,0.3495,0.0,3.933,3.472,197 186 100 131 5 172
glutamic,1,serine,13,7,5,3,7.687,8.304,-0.402,118.8,25.1,0.0,0.0,3.933,3.66,182 199 154 227 235 81 104 215
glutamic,1,serine,13,7,5,4,7.687,8.304,-0.402,118.8,25.1,0.0,0.0,3.933,3.66,174 204 172 216 227 112 120 242 222 158
glutamic,1,tryptophan,4,5,16,1,6.373,8.282,-0.844,17.3,64.1,4.8643,0.0,0.629,4.455,230 0 180 0
glutamic,1,tryptophan,4,5,16,2,6.373,8.282,-0.844,17.3,64.1,1.0568,0.0,0.244,3.09,229 0 180 0 201 240
glutamic,1,tryptophan,4,5,16,3,6.373,8.282,-0.844,17.3,64.1,0.0,0.0,2.081,2.271,208 57 102 295 248 114 139 198
glutamic,1,tryptophan,4,5,16,4,6.373,8.282,-0.844,17.3,64.1,0.0,0.0,2.058,0.821,79 55 95 308 269 76 107 214 195 164
glutamic,1,tryptophan,4,5,17,1,6.373,6.593,-0.844,21.1,134.2,3.5058,0.0,2.472,5.044,272 360 181 360
glutamic,1,tryptophan,4,5,17,2,6.373,6.593,-0.844,21.1,134.2,0.0,0.0,1.633,4.179,265 41 137 347 176 80
glutamic,1,tryptophan,4,5,17,3,6.373,6.593,-0.844,21.1,134.2,0.0,0.0,1.875,4.484,347 44 85 297 249 91 126 198
glutamic,1,tryptophan,4,5,17,4,6.373,6.593,-0.844,21.1,134.2,0.0,0.0,1.571,0.714,29 266 316 292 251 70 92 243 230 164
glutamic,1,tryptophan,4,5,18,1,6.373,8.937,-0.844,26.4,35.3,4.4335,0.0,2.128,5.044,267 360 180 359
glutamic,1,tryptophan,4,5,18,2,6.373,8.937,-0.844,26.4,35.3,0.7185,0.0,2.116,4.665,268 360 193 340 178 179
glutamic,1,tryptophan,4,5,18,3,6.373,8.937,-0.844,26.4,35.3,0.0,0.0,2.753,5.044,311 49 136 264 216 128 119 160
glutamic,1,tryptophan,4,5,18,4,6.373,8.937,-0.844,26.4,35.3,0.0,0.0,1.855,5.041,349 24 75 293 269 119 129 213 213 175
glutamic,1,tryptophan,4,6,16,1,6.373,6.782,-0.844,85.6,78.9,0.0,0.0,2.899,0.443,78 292 288 186
glutamic,1,tryptophan,4,6,16,2,6.373,6.782,-0.844,85.6,78.9,0.0,0.0,2.408,1.31,141 197 276 96 86 245
glutamic,1,tryptophan,4,6,16,3,6.373,6.782,-0.844,85.6,78.9,0.0,0.0,2.899,2.146,175 199 226 115 112 261 237 147
glutamic,1,tryptophan,4,6,16,4,6.373,6.782,-0.844,85.6,78.9,0.0,0.0,2.899,1.808,200 188 243 120 36 340 247 237 50 202
glutamic,1,tryptophan,4,6,17,1,6.373,5.608,-0.844,66.7,128.0,0.0,0.0,2.856,0.611,81 276 259 45
glutamic,1,tryptophan,4,6,17,2,6.373,5.608,-0.844,66.7,128.0,0.0,0.0,2.361,0.9,27 278 337 45 105 280
glutamic,1,tryptophan,4,6,17,3,6.373,5.608,-0.844,66.7,128.0,0.0,0.0,1.109,1.526,335 343 304 55 92 296 262 154
glutamic,1,tryptophan,4,6,17,4,6.373,5.608,-0.844,66.7,128.0,0.0,0.0,2.399,1.396,348 92 66 141 117 270 276 35 97 262
glutamic,1,tryptophan,4,6,18,1,6.373,8.008,-0.844,69.1,25.5,1.1987,0.0,2.899,0.728,61 359 232 238
glutamic,1,tryptophan,4,6,18,2,6.373,8.008,-0.844,69.1,25.5,0.3363,0.0,2.414,1.725,31 343 258 238 341 212
glutamic,1,tryptophan,4,6,18,3,6.373,8.008,-0.844,69.1,25.5,0.0,0.0,1.819,2.049,358 13 243 112 38 221 13 175
glutamic,1,tryptophan,4,6,18,4,6.373,8.008,-0.844,69.1,25.5,0.0,0.0,1.471,1.502,355 357 313 24 49 317 277 140 80 197
glutamic,1,tryptophan,4,7,16,1,6.373,5.971,-0.844,118.6,59.2,0.1448,0.0,1.97,0.7,281 298 22 251
glutamic,1,tryptophan,4,7,16,2,6.373,5.971,-0.844,118.6,59.2,0.0,0.0,1.651,0.816,233 197 55 303 288 43
glutamic,1,tryptophan,4,7,16,3,6.373,5.971,-0.844,118.6,59.2,0.0,0.0,1.436,3.66,182 181 144 246 266 89 120 229
glutamic,1,tryptophan,4,7,16,4,6.373,5.971,-0.844,118.6,59.2,0.0,0.0,1.806,2.858,322 73 124 26 11 76 100 298 248 128
glutamic,1,tryptophan,4,7,17,1,6.373,4.374,-0.844,114.4,122.3,0.3399,0.0,2.004,3.66,357 99 348 354
glutamic,1,tryptophan,4,7,17,2,6.373,4.374,-0.844,114.4,122.3,0.0,0.0,2.22,3.66,37 64 6 293 251 45
glutamic,1,tryptophan,4,7,17,3,6.373,4.374,-0.844,114.4,122.3,0.0,0.0,2.129,3.66,80 32 23 291 288 10 119 272
glutamic,1,tryptophan,4,7,17,4,6.373,4.374,-0.844,114.4,122.3,0.0,0.0,2.22,0.325,245 87 102 291 309 86 99 303 223 113
glutamic,1,tryptophan,4,7,18,1,6.373,6.607,-0.844,125.4,30.8,0.6637,0.0,1.861,3.249,338 79 352 226
glutamic,1,tryptophan,4,7,18,2,6.373,6.607,-0.844,125.4,30.8,0.0013,0.0,2.148,3.66,12 77 1 177 357 247
glutamic,1,tryptophan,4,7,18,3,6.373,6.607,-0.844,125.4,30.8,0.0,0.0,2.088,3.66,99 249 127 62 157 358 125 267
glutamic,1,tryptophan,4,7,18,4,6.373,6.607,-0.844,125.4,30.8,0.0,0.0,1.806,2.527,322 35 112 20 336 80 103 317 243 99
glutamic,1,tyrosine,2,5,8,1,11.894,11.251,0.528,81.5,119.5,4.024,0.0,1.457,2.176,60 37 186 184
glutamic,1,tyrosine,2,5,8,2,11.894,11.251,0.528,81.5,119.5,0.2637,0.0,1.614,1.799,94 336 182 181 182 182
glutamic,1,tyrosine,2,5,8,3,11.894,11.251,0.528,81.5,119.5,0.0,0.0,1.954,4.089,111 215 222 155 165 246 231 164
glutamic,1,tyrosine,2,5,8,4,11.894,11.251,0.528,81.5,119.5,0.0,0.0,2.217,4.675,154 199 204 142 144 230 221 141 154 193
glutamic,1,tyrosine,2,5,9,1,11.894,12.121,0.528,72.3,84.7,4.8687,0.0,1.284,1.334,75 360 179 180
glutamic,1,tyrosine,2,5,9,2,11.894,12.121,0.528,72.3,84.7,1.3334,0.0,1.195,1.789,70 6 213 210 193 189
glutamic,1,tyrosine,2,5,9,3,11.894,12.121,0.528,72.3,84.7,0.0,0.0,2.753,1.379,138 332 121 91 116 144 246 241
glutamic,1,tyrosine,2,5,9,4,11.894,12.121,0.528,72.3,84.7,0.0,0.0,2.753,2.507,155 219 226 122 150 261 197 217 256 201
glutamic,1,tyrosine,2,5,10,1,11.894,13.524,0.528,81.0,17.9,6.3014,0.0,1.313,1.885,57 36 183 182
glutamic,1,tyrosine,2,5,10,2,11.894,13.524,0.528,81.0,17.9,2.562,0.0,1.478,1.624,92 333 178 179 179 179
glutamic,1,tyrosine,2,5,10,3,11.894,13.524,0.528,81.0,17.9,0.5886,0.0,1.84,3.238,63 57 190 186 188 187 61 157
glutamic,1,tyrosine,2,5,10,4,11.894,13.524,0.528,81.0,17.9,0.0,0.0,2.723,4.615,122 242 197 173 170 192 221 134 72 177
glutamic,1,tyrosine,2,6,8,1,11.894,10.021,0.528,133.3,120.6,2.7619,0.0,2.347,0.632,344 223 179 179
glutamic,1,tyrosine,2,6,8,2,11.894,10.021,0.528,133.3,120.6,0.0,0.0,2.009,1.76,309 195 157 224 109 66
glutamic,1,tyrosine,2,6,8,3,11.894,10.021,0.528,133.3,120.6,0.0,0.0,2.309,3.05,214 154 139 259 284 137 154 220
glutamic,1,tyrosine,2,6,8,4,11.894,10.021,0.528,133.3,120.6,0.0,0.0,2.899,2.993,207 188 204 240 224 108 105 216 228 179
glutamic,1,tyrosine,2,6,9,1,11.894,10.707,0.528,129.9,92.4,3.435,0.0,2.087,1.131,292 131 179 179
glutamic,1,tyrosine,2,6,9,2,11.894,10.707,0.528,129.9,92.4,0.0,0.0,2.037,1.44,299 165 164 207 161 138
glutamic,1,tyrosine,2,6,9,3,11.894,10.707,0.528,129.9,92.4,0.0,0.0,2.058,0.81,296 185 72 11 268 55 249 302
glutamic,1,tyrosine,2,6,9,4,11.894,10.707,0.528,129.9,92.4,0.0,0.0,1.755,1.834,350 46 64 351 342 110 155 289 262 158
glutamic,1,tyrosine,2,6,10,1,11.894,12.324,0.528,130.6,18.0,5.0868,0.0,2.443,0.502,350 228 179 179
glutamic,1,tyrosine,2,6,10,2,11.894,12.324,0.528,130.6,18.0,1.354,0.0,2.337,0.65,344 223 177 178 176 176
glutamic,1,tyrosine,2,6,10,3,11.894,12.324,0.528,130.6,18.0,0.3207,0.0,2.09,2.105,292 186 184 183 213 201 2 178
glutamic,1,tyrosine,2,6,10,4,11.894,12.324,0.528,130.6,18.0,0.0,0.0,2.899,3.05,227 166 182 206 209 160 148 239 252 179
glutamic,1,tyrosine,2,7,8,1,11.894,12.454,0.528,28.1,118.4,7.4777,0.0,3.933,0.447,247 0 175 10
glutamic,1,tyrosine,2,7,8,2,11.894,12.454,0.528,28.1,118.4,3.9489,0.0,3.933,0.404,250 360 205 314 175 177
glutamic,1,tyrosine,2,7,8,3,11.894,12.454,0.528,28.1,118.4,0.1929,0.0,3.086,0.575,248 360 162 38 178 179 178 178
glutamic,1,tyrosine,2,7,8,4,11.894,12.454,0.528,28.1,118.4,0.0,0.0,3.933,0.436,290 46 82 291 264 143 159 201 196 176
glutamic,1,tyrosine,2,7,9,1,11.894,13.035,0.528,30.8,94.8,7.8281,0.0,3.933,0.577,270 360 189 336
glutamic,1,tyrosine,2,7,9,2,11.894,13.035,0.528,30.8,94.8,4.3354,0.0,3.933,0.441,268 1 151 55 188 185
glutamic,1,tyrosine,2,7,9,3,11.894,13.035,0.528,30.8,94.8,0.5762,0.0,3.582,0.324,270 360 157 50 173 177 175 175
glutamic,1,tyrosine,2,7,9,4,11.894,13.035,0.528,30.8,94.8,0.0,0.0,3.933,0.65,282 46 87 298 269 146 162 207 202 176
glutamic,1,tyrosine,2,7,10,1,11.894,14.72,0.528,26.8,15.3,9.7182,0.0,3.933,0.34,256 0 177 7
glutamic,1,tyrosine,2,7,10,2,11.894,14.72,0.528,26.8,15.3,6.2221,0.0,3.933,0.313,257 360 207 310 176 178
glutamic,1,tyrosine,2,7,10,3,11.894,14.72,0.528,26.8,15.3,2.466,0.0,3.41,0.266,256 360 158 44 179 180 180 180
glutamic,1,tyrosine,2,7,10,4,11.894,14.72,0.528,26.8,15.3,0.4182,0.0,3.933,0.269,243 359 211 286 169 174 172 172 295 204
glutamic,1,phenylalanine,0,5,12,1,11.682,12.759,-0.125,69.0,58.1,5.5866,0.0,0.512,2.605,42 359 172 168
glutamic,1,phenylalanine,0,5,12,2,11.682,12.759,-0.125,69.0,58.1,2.0211,0.0,0.527,1.41,40 1 214 220 183 182
glutamic,1,phenylalanine,0,5,12,3,11.682,12.759,-0.125,69.0,58.1,0.0,0.0,1.358,4.191,28 341 162 109 162 129 111 151
glutamic,1,phenylalanine,0,5,12,4,11.682,12.759,-0.125,69.0,58.1,0.0,0.0,1.133,0.867,75 290 254 59 87 215 198 96 108 199
glutamic,1,phenylalanine,0,5,13,1,11.682,11.174,-0.125,69.8,120.4,4.0131,0.0,0.462,1.605,50 1 191 197
glutamic,1,phenylalanine,0,5,13,2,11.682,11.174,-0.125,69.8,120.4,0.429,0.0,0.47,1.543,51 360 145 138 179 179
glutamic,1,phenylalanine,0,5,13,3,11.682,11.174,-0.125,69.8,120.4,0.0,0.0,1.355,2.457,345 353 262 47 73 183 160 206
glutamic,1,phenylalanine,0,5,13,4,11.682,11.174,-0.125,69.8,120.4,0.0,0.0,0.985,0.969,35 345 308 39 63 239 216 115 135 200
glutamic,1,phenylalanine,0,5,14,1,11.682,13.169,-0.125,76.6,39.1,5.9557,0.0,0.496,1.948,37 20 186 184
glutamic,1,phenylalanine,0,5,14,2,11.682,13.169,-0.125,76.6,39.1,2.223,0.0,0.45,1.884,49 0 162 163 181 180
glutamic,1,phenylalanine,0,5,14,3,11.682,13.169,-0.125,76.6,39.1,0.1452,0.0,0.879,1.987,39 44 195 188 191 190 58 157
glutamic,1,phenylalanine,0,5,14,4,11.682,13.169,-0.125,76.6,39.1,0.0,0.0,0.476,2.545,39 10 261 33 39 233 224 155 118 153
glutamic,1,phenylalanine,0,6,12,1,11.682,12.009,-0.125,97.2,60.1,4.7415,0.0,1.86,0.769,306 73 180 180
glutamic,1,phenylalanine,0,6,12,2,11.682,12.009,-0.125,97.2,60.1,1.0689,0.0,1.693,1.561,11 288 198 189 193 193
glutamic,1,phenylalanine,0,6,12,3,11.682,12.009,-0.125,97.2,60.1,0.0,0.0,2.387,1.677,37 305 88 145 160 330 89 194
glutamic,1,phenylalanine,0,6,12,4,11.682,12.009,-0.125,97.2,60.1,0.0,0.0,1.469,1.902,340 50 86 337 306 121 154 276 255 160
glutamic,1,phenylalanine,0,6,13,1,11.682,10.239,-0.125,105.2,132.1,3.0385,0.0,1.939,0.738,300 85 189 185
glutamic,1,phenylalanine,0,6,13,2,11.682,10.239,-0.125,105.2,132.1,0.0,0.0,2.141,0.473,356 213 260 143 233 249
glutamic,1,phenylalanine,0,6,13,3,11.682,10.239,-0.125,105.2,132.1,0.0,0.0,2.161,0.441,30 230 255 51 47 5 64 280
glutamic,1,phenylalanine,0,6,13,4,11.682,10.239,-0.125,105.2,132.1,0.0,0.0,2.201,1.51,31 321 10 164 128 66 122 59 360 114
glutamic,1,phenylalanine,0,6,14,1,11.682,12.457,-0.125,103.5,39.8,5.2146,0.0,2.088,0.789,8 276 176 178
glutamic,1,phenylalanine,0,6,14,2,11.682,12.457,-0.125,103.5,39.8,1.4708,0.0,1.889,0.919,3 277 183 182 182 182
glutamic,1,phenylalanine,0,6,14,3,11.682,12.457,-0.125,103.5,39.8,0.0,0.0,1.785,0.574,350 274 145 191 160 209 320 172
glutamic,1,phenylalanine,0,6,14,4,11.682,12.457,-0.125,103.5,39.8,0.0,0.0,1.208,0.404,339 1 38 335 315 127 156 249 229 159
glutamic,1,phenylalanine,0,7,12,1,11.682,13.556,-0.125,32.6,66.8,8.2102,0.0,2.838,2.587,328 0 193 324
glutamic,1,phenylalanine,0,7,12,2,11.682,13.556,-0.125,32.6,66.8,4.739,0.0,3.19,2.391,326 1 149 60 190 186
glutamic,1,phenylalanine,0,7,12,3,11.682,13.556,-0.125,32.6,66.8,0.961,0.0,2.322,2.564,327 0 154 55 186 183 184 183
glutamic,1,phenylalanine,0,7,12,4,11.682,13.556,-0.125,32.6,66.8,0.0,0.0,3.358,2.357,333 56 81 294 284 133 156 187 173 168
glutamic,1,phenylalanine,0,7,13,1,11.682,12.067,-0.125,28.1,126.2,7.119,0.0,3.138,1.774,312 0 175 10
glutamic,1,phenylalanine,0,7,13,2,11.682,12.067,-0.125,28.1,126.2,3.5781,0.0,3.165,1.895,315 360 204 315 175 177
glutamic,1,phenylalanine,0,7,13,3,11.682,12.067,-0.125,28.1,126.2,0.0,0.0,2.153,2.019,317 358 204 334 181 196 203 187
glutamic,1,phenylalanine,0,7,13,4,11.682,12.067,-0.125,28.1,126.2,0.0,0.0,3.518,2.379,342 248 289 51 36 158 185 239 229 167
glutamic,1,phenylalanine,0,7,14,1,11.682,14.284,-0.125,23.9,33.1,9.5141,0.0,2.924,2.128,318 0 178 4
glutamic,1,phenylalanine,0,7,14,2,11.682,14.284,-0.125,23.9,33.1,5.9635,0.0,2.834,2.155,319 360 203 318 179 179
glutamic,1,phenylalanine,0,7,14,3,11.682,14.284,-0.125,23.9,33.1,2.2425,0.0,1.774,2.05,317 0 163 32 187 184 185 184
glutamic,1,phenylalanine,0,7,14,4,11.682,14.284,-0.125,23.9,33.1,0.3108,0.0,3.636,0.557,284 360 194 333 173 176 175 176 292 205
glutamic,1,aspartic,9,5,3,1,5.384,7.043,-0.84,57.8,52.0,0.6157,0.0,0.593,2.346,36 6 150 72
glutamic,1,aspartic,9,5,3,2,5.384,7.043,-0.84,57.8,52.0,0.0,0.0,1.77,1.652,43 248 311 69 64 245
glutamic,1,aspartic,9,5,3,3,5.384,7.043,-0.84,57.8,52.0,0.0,0.0,2.075,2.122,87 44 78 204 319 321 303 90
glutamic,1,aspartic,9,5,3,4,5.384,7.043,-0.84,57.8,52.0,0.0,0.0,2.164,2.136,335 329 337 78 100 275 194 59 124 188
glutamic,1,aspartic,9,5,4,1,5.384,5.513,-0.84,61.1,110.6,0.0114,0.0,0.84,3.713,20 55 96 7
glutamic,1,aspartic,9,5,4,2,5.384,5.513,-0.84,61.1,110.6,0.0,0.0,1.425,3.656,41 181 18 253 235 28
glutamic,1,aspartic,9,5,4,3,5.384,5.513,-0.84,61.1,110.6,0.0,0.0,2.304,3.858,3 245 5 172 319 185 7 318
glutamic,1,aspartic,9,5,4,4,5.384,5.513,-0.84,61.1,110.6,0.0,0.0,1.834,3.667,328 8 335 48 60 285 260 47 117 241
glutamic,1,aspartic,9,5,5,1,5.384,7.395,-0.84,46.3,35.8,1.5385,0.0,0.906,4.229,14 360 188 340
glutamic,1,aspartic,9,5,5,2,5.384,7.395,-0.84,46.3,35.8,0.2332,0.0,2.753,5.044,333 339 241 280 302 246
glutamic,1,aspartic,9,5,5,3,5.384,7.395,-0.84,46.3,35.8,0.0,0.0,2.753,5.044,289 350 260 47 93 295 316 168
glutamic,1,aspartic,9,5,5,4,5.384,7.395,-0.84,46.3,35.8,0.0,0.0,2.753,5.044,316 353 300 14 43 305 282 90 122 221
glutamic,1,aspartic,9,6,3,1,5.384,6.296,-0.84,85.5,54.9,0.2115,0.0,2.111,0.582,354 242 331 245
glutamic,1,aspartic,9,6,3,2,5.384,6.296,-0.84,85.5,54.9,0.0,0.0,2.267,0.28,13 161 310 291 324 51
glutamic,1,aspartic,9,6,3,3,5.384,6.296,-0.84,85.5,54.9,0.0,0.0,2.155,0.57,78 322 97 273 300 279 323 240
glutamic,1,aspartic,9,6,3,4,5.384,6.296,-0.84,85.5,54.9,0.0,0.0,1.342,1.021,13 313 5 353 340 88 103 309 213 85
glutamic,1,aspartic,9,6,4,1,5.384,5.485,-0.84,62.2,84.8,0.4493,0.0,0.659,1.445,331 307 278 343
glutamic,1,aspartic,9,6,4,2,5.384,5.485,-0.84,62.2,84.8,0.0,0.0,1.285,2.359,295 287 284 76 144 296
glutamic,1,aspartic,9,6,4,3,5.384,5.485,-0.84,62.2,84.8,0.0,0.0,1.365,0.699,353 157 309 3 255 268 308 1
glutamic,1,aspartic,9,6,4,4,5.384,5.485,-0.84,62.2,84.8,0.0,0.0,1.027,0.701,359 27 37 273 302 115 95 311 224 63
glutamic,1,aspartic,9,6,5,1,5.384,6.703,-0.84,73.3,37.1,0.6868,0.0,0.774,1.51,23 43 71 93
glutamic,1,aspartic,9,6,5,2,5.384,6.703,-0.84,73.3,37.1,0.0,0.0,2.643,0.749,61 15 94 110 26 96
glutamic,1,aspartic,9,6,5,3,5.384,6.703,-0.84,73.3,37.1,0.0,0.0,2.24,0.843,345 159 104 31 45 99 85 277
glutamic,1,aspartic,9,6,5,4,5.384,6.703,-0.84,73.3,37.1,0.0,0.0,1.258,0.443,324 22 308 45 71 232 271 94 110 257
glutamic,1,aspartic,9,7,3,1,5.384,7.52,-0.84,36.8,37.5,2.3982,0.0,1.482,2.759,332 0 178 2
glutamic,1,aspartic,9,7,3,2,5.384,7.52,-0.84,36.8,37.5,0.5292,0.0,0.287,0.668,287 346 219 320 268 250
glutamic,1,aspartic,9,7,3,3,5.384,7.52,-0.84,36.8,37.5,0.0,0.0,1.456,0.513,250 71 135 277 254 121 104 194
glutamic,1,aspartic,9,7,3,4,5.384,7.52,-0.84,36.8,37.5,0.0,0.0,1.829,1.464,318 30 68 307 279 105 128 262 239 156
glutamic,1,aspartic,9,7,4,1,5.384,5.999,-0.84,41.5,97.3,1.2006,0.0,2.301,3.66,359 1 177 2
glutamic,1,aspartic,9,7,4,2,5.384,5.999,-0.84,41.5,97.3,0.0,0.0,2.349,3.66,5 77 53 104 91 38
glutamic,1,aspartic,9,7,4,3,5.384,5.999,-0.84,41.5,97.3,0.0,0.0,2.611,3.66,40 154 36 233 257 327 277 127
glutamic,1,aspartic,9,7,4,4,5.384,5.999,-0.84,41.5,97.3,0.0,0.0,0.339,1.286,214 45 129 327 229 70 81 345 308 142
glutamic,1,aspartic,9,7,5,1,5.384,7.185,-0.84,55.1,52.7,0.8227,0.0,2.372,3.077,339 1 162 63
glutamic,1,aspartic,9,7,5,2,5.384,7.185,-0.84,55.1,52.7,0.0,0.0,2.97,3.66,19 49 80 299 265 137
glutamic,1,aspartic,9,7,5,3,5.384,7.185,-0.84,55.1,52.7,0.0,0.0,2.863,3.66,31 25 42 317 281 70 143 235
glutamic,1,aspartic,9,7,5,4,5.384,7.185,-0.84,55.1,52.7,0.0,0.0,1.852,3.499,356 4 44 326 297 87 114 283 248 146
glutamic,1,serine,8,5,3,1,6.376,5.137,0.012,71.7,159.9,0.1967,0.0,1.585,3.067,26 100 48 35
glutamic,1,serine,8,5,3,2,6.376,5.137,0.012,71.7,159.9,0.0,0.0,2.19,4.551,333 233 15 44 122 277
glutamic,1,serine,8,5,3,3,6.376,5.137,0.012,71.7,159.9,0.0,0.0,1.584,0.477,110 78 33 282 288 64 15 88
glutamic,1,serine,8,5,3,4,6.376,5.137,0.012,71.7,159.9,0.0,0.0,1.774,2.656,7 330 7 82 46 253 292 335 158 73
glutamic,1,serine,8,5,4,1,6.376,7.173,0.012,69.9,62.0,0.4328,0.0,0.741,1.722,59 3 120 109
glutamic,1,serine,8,5,4,2,6.376,7.173,0.012,69.9,62.0,0.0,0.0,1.779,1.067,54 112 56 104 28 242
glutamic,1,serine,8,5,4,3,6.376,7.173,0.012,69.9,62.0,0.0,0.0,2.254,1.369,90 123 52 205 260 335 275 130
glutamic,1,serine,8,5,4,4,6.376,7.173,0.012,69.9,62.0,0.0,0.0,0.995,1.401,25 4 330 28 45 270 266 58 110 242
glutamic,1,serine,8,5,5,1,6.376,7.524,0.012,71.0,47.8,0.7034,0.0,1.7,4.331,4 359 237 240
glutamic,1,serine,8,5,5,2,6.376,7.524,0.012,71.0,47.8,0.0,0.0,2.642,5.044,329 10 219 149 67 258
glutamic,1,serine,8,5,5,3,6.376,7.524,0.012,71.0,47.8,0.0,0.0,2.753,5.044,303 349 304 34 74 326 287 149
glutamic,1,serine,8,5,5,4,6.376,7.524,0.012,71.0,47.8,0.0,0.0,2.753,5.044,316 0 340 15 46 310 238 86 171 224
glutamic,1,serine,8,6,3,1,6.376,5.168,0.012,70.6,149.4,0.0798,0.0,1.626,0.769,343 250 302 336
glutamic,1,serine,8,6,3,2,6.376,5.168,0.012,70.6,149.4,0.0,0.0,0.987,0.72,21 126 38 281 210 38
glutamic,1,serine,8,6,3,3,6.376,5.168,0.012,70.6,149.4,0.0,0.0,1.006,0.587,86 52 44 323 246 2 132 225
glutamic,1,serine,8,6,3,4,6.376,5.168,0.012,70.6,149.4,0.0,0.0,1.267,1.454,297 55 63 282 300 106 103 318 205 63
glutamic,1,serine,8,6,4,1,6.376,6.615,0.012,90.4,80.2,0.0,0.0,1.803,1.927,346 57 73 207
glutamic,1,serine,8,6,4,2,6.376,6.615,0.012,90.4,80.2,0.0,0.0,2.899,1.413,56 308 141 296 240 76
glutamic,1,serine,8,6,4,3,6.376,6.615,0.012,90.4,80.2,0.0,0.0,2.306,1.253,275 194 95 54 8 7 279 323
glutamic,1,serine,8,6,4,4,6.376,6.615,0.012,90.4,80.2,0.0,0.0,1.882,1.375,294 313 47 41 345 64 111 15 218 70
glutamic,1,serine,8,6,5,1,6.376,7.494,0.012,72.0,46.3,0.737,0.0,1.55,2.057,359 1 118 118
glutamic,1,serine,8,6,5,2,6.376,7.494,0.012,72.0,46.3,0.0,0.0,2.685,1.724,18 37 95 179 316 123
glutamic,1,serine,8,6,5,3,6.376,7.494,0.012,72.0,46.3,0.0,0.0,2.387,0.636,352 244 354 39 4 125 59 65
glutamic,1,serine,8,6,5,4,6.376,7.494,0.012,72.0,46.3,0.0,0.0,1.253,2.739,276 20 144 339 253 111 92 261 300 146
glutamic,1,serine,8,7,3,1,6.376,6.199,0.012,26.5,170.4,2.8216,0.0,2.327,3.66,1 360 180 360
glutamic,1,serine,8,7,3,2,6.376,6.199,0.012,26.5,170.4,0.0,0.0,0.989,1.533,316 336 229 355 207 297
glutamic,1,serine,8,7,3,3,6.376,6.199,0.012,26.5,170.4,0.0,0.0,2.053,3.66,20 294 296 65 65 289 242 120
glutamic,1,serine,8,7,3,4,6.376,6.199,0.012,26.5,170.4,0.0,0.0,1.16,3.489,76 249 322 95 109 283 167 65 157 195
glutamic,1,serine,8,7,4,1,6.376,8.155,0.012,25.0,67.9,3.9828,0.0,2.516,2.748,332 0 179 1
glutamic,1,serine,8,7,4,2,6.376,8.155,0.012,25.0,67.9,0.2172,0.0,1.899,2.474,325 0 178 2 202 213
glutamic,1,serine,8,7,4,3,6.376,8.155,0.012,25.0,67.9,0.0,0.0,2.92,2.347,350 52 78 300 258 103 152 214
glutamic,1,serine,8,7,4,4,6.376,8.155,0.012,25.0,67.9,0.0,0.0,3.505,2.098,346 26 62 316 285 98 125 238 216 161
glutamic,1,serine,8,7,5,1,6.376,8.35,0.012,36.2,60.5,3.1038,0.0,2.298,3.66,359 360 180 359
glutamic,1,serine,8,7,5,2,6.376,8.35,0.012,36.2,60.5,0.0,0.0,1.939,3.66,10 14 141 336 251 169
glutamic,1,serine,8,7,5,3,6.376,8.35,0.012,36.2,60.5,0.0,0.0,3.292,2.416,300 106 132 250 228 117 132 192
glutamic,1,serine,8,7,5,4,6.376,8.35,0.012,36.2,60.5,0.0,0.0,3.933,3.66,44 41 155 272 174 267 9 87 12 103
isoleucine,6,aspartic,13,4,3,1,8.666,8.432,0.745,103.5,85.3,1.1709,0.0,1.583,2.631,68 81 192 187
isoleucine,6,aspartic,13,4,3,2,8.666,8.432,0.745,103.5,85.3,0.0,0.0,2.549,3.558,182 229 199 87 106 171
isoleucine,6,aspartic,13,4,3,3,8.666,8.432,0.745,103.5,85.3,0.0,0.0,3.032,3.946,192 180 226 133 122 245 215 140
isoleucine,6,aspartic,13,4,3,4,8.666,8.432,0.745,103.5,85.3,0.0,0.0,3.032,3.997,207 190 211 143 134 222 218 101 114 202
isoleucine,6,aspartic,13,4,4,1,8.666,9.77,0.745,90.9,27.8,2.483,0.0,0.562,1.923,133 298 180 180
isoleucine,6,aspartic,13,4,4,2,8.666,9.77,0.745,90.9,27.8,0.4619,0.0,0.841,3.091,54 39 196 191 55 154
isoleucine,6,aspartic,13,4,4,3,8.666,9.77,0.745,90.9,27.8,0.0,0.0,2.327,3.421,80 215 321 213 92 159 345 238
isoleucine,6,aspartic,13,4,4,4,8.666,9.77,0.745,90.9,27.8,0.0,0.0,3.032,2.95,118 200 188 171 168 243 270 112 85 178
isoleucine,6,aspartic,13,4,5,1,8.666,8.66,0.745,89.9,76.9,1.4151,0.0,0.704,1.875,82 64 175 176
isoleucine,6,aspartic,13,4,5,2,8.666,8.66,0.745,89.9,76.9,0.0,0.0,2.607,3.338,180 238 203 107 101 169
isoleucine,6,aspartic,13,4,5,3,8.666,8.66,0.745,89.9,76.9,0.0,0.0,3.032,3.84,187 191 218 135 132 252 235 153
isoleucine,6,aspartic,13,4,5,4,8.666,8.66,0.745,89.9,76.9,0.0,0.0,3.032,3.901,190 183 215 158 144 229 221 101 121 201
isoleucine,6,aspartic,13,5,3,1,8.666,7.902,0.745,127.4,68.7,0.6144,0.0,0.926,0.849,222 127 177 178
isoleucine,6,aspartic,13,5,3,2,8.666,7.902,0.745,127.4,68.7,0.0,0.0,2.084,1.271,189 182 98 296 292 139
isoleucine,6,aspartic,13,5,3,3,8.666,7.902,0.745,127.4,68.7,0.0,0.0,2.604,1.387,162 186 98 239 287 119 158 260
isoleucine,6,aspartic,13,5,3,4,8.666,7.902,0.745,127.4,68.7,0.0,0.0,2.89,1.548,161 204 151 199 230 119 118 302 278 145
isoleucine,6,aspartic,13,5,4,1,8.666,8.709,0.745,138.8,33.6,1.4245,0.0,0.859,1.383,306 214 176 178
isoleucine,6,aspartic,13,5,4,2,8.666,8.709,0.745,138.8,33.6,0.1209,0.0,0.828,0.704,346 193 216 189 360 180
isoleucine,6,aspartic,13,5,4,3,8.666,8.709,0.745,138.8,33.6,0.0,0.0,2.061,0.874,298 159 176 230 51 131 70 317
isoleucine,6,aspartic,13,5,4,4,8.666,8.709,0.745,138.8,33.6,0.0,0.0,2.51,1.384,157 182 221 258 219 114 86 212 269 188
isoleucine,6,aspartic,13,5,5,1,8.666,7.495,0.745,144.9,83.7,0.2912,0.0,1.329,0.169,230 168 153 153
isoleucine,6,aspartic,13,5,5,2,8.666,7.495,0.745,144.9,83.7,0.0,0.0,2.129,1.628,187 215 81 291 294 121
isoleucine,6,aspartic,13,5,5,3,8.666,7.495,0.745,144.9,83.7,0.0,0.0,2.758,2.127,121 233 107 276 288 10 76 224
isoleucine,6,aspartic,13,5,5,4,8.666,7.495,0.745,144.9,83.7,0.0,0.0,2.89,1.779,164 221 187 216 237 109 104 249 229 147
isoleucine,6,aspartic,13,6,3,1,8.666,10.06,0.745,38.6,75.8,4.5234,0.0,3.859,1.656,195 0 164 40
isoleucine,6,aspartic,13,6,3,2,8.666,10.06,0.745,38.6,75.8,1.0303,0.0,2.111,2.191,189 2 217 288 198 191
isoleucine,6,aspartic,13,6,3,3,8.666,10.06,0.745,38.6,75.8,0.0,0.0,2.316,3.643,173 86 82 280 275 147 143 186
isoleucine,6,aspartic,13,6,3,4,8.666,10.06,0.745,38.6,75.8,0.0,0.0,3.294,3.869,209 252 238 25 304 335 83 313 276 194
isoleucine,6,aspartic,13,6,4,1,8.666,11.09,0.745,37.0,30.1,5.6103,0.0,3.808,1.247,217 360 197 316
isoleucine,6,aspartic,13,6,4,2,8.666,11.09,0.745,37.0,30.1,2.0221,0.0,1.842,1.572,216 360 146 66 179 180
isoleucine,6,aspartic,13,6,4,3,8.666,11.09,0.745,37.0,30.1,0.2946,0.0,2.179,1.22,244 356 220 286 151 160 66 152
isoleucine,6,aspartic,13,6,4,4,8.666,11.09,0.745,37.0,30.1,0.0,0.0,1.978,1.013,288 42 131 252 216 159 143 202 252 220
isoleucine,6,aspartic,13,6,5,1,8.666,9.738,0.745,48.1,87.7,3.6684,0.0,3.9,1.822,210 1 204 283
isoleucine,6,aspartic,13,6,5,2,8.666,9.738,0.745,48.1,87.7,0.0708,0.0,2.589,1.924,210 0 142 81 185 183
isoleucine,6,aspartic,13,6,5,3,8.666,9.738,0.745,48.1,87.7,0.0,0.0,2.502,2.336,271 48 83 290 230 131 189 214
isoleucine,6,aspartic,13,6,5,4,8.666,9.738,0.745,48.1,87.7,0.0,0.0,3.242,2.211,307 44 78 271 235 133 163 220 207 171
isoleucine,6,glutamic,1,4,5,1,8.734,10.697,0.164,18.9,66.7,6.6205,0.0,3.032,0.927,138 360 181 359
isoleucine,6,glutamic,1,4,5,2,8.734,10.697,0.164,18.9,66.7,2.9526,0.0,1.996,0.695,133 1 174 8 196 196
isoleucine,6,glutamic,1,4,5,3,8.734,10.697,0.164,18.9,66.7,0.0,0.0,1.133,2.012,162 322 201 54 170 224 194 184
isoleucine,6,glutamic,1,4,5,4,8.734,10.697,0.164,18.9,66.7,0.0,0.0,1.679,1.637,99 312 277 75 105 221 203 138 146 186
isoleucine,6,glutamic,1,4,6,1,8.734,9.957,0.164,24.9,94.4,5.4307,0.0,3.032,1.142,106 0 180 0
isoleucine,6,glutamic,1,4,6,2,8.734,9.957,0.164,24.9,94.4,1.9653,0.0,2.816,0.687,113 358 195 339 154 160
isoleucine,6,glutamic,1,4,6,3,8.734,9.957,0.164,24.9,94.4,0.0,0.0,2.037,1.016,96 301 252 77 119 220 203 174
isoleucine,6,glutamic,1,4,6,4,8.734,9.957,0.164,24.9,94.4,0.0,0.0,1.831,1.155,22 321 288 69 94 246 225 157 171 191
isoleucine,6,glutamic,1,4,7,1,8.734,11.432,0.164,14.8,33.4,7.6551,0.0,2.663,1.336,95 0 180 0
isoleucine,6,glutamic,1,4,7,2,8.734,11.432,0.164,14.8,33.4,3.9634,0.0,2.746,0.729,97 359 182 357 163 158
isoleucine,6,glutamic,1,4,7,3,8.734,11.432,0.164,14.8,33.4,0.6615,0.0,1.693,1.326,75 358 191 346 155 158 133 155
isoleucine,6,glutamic,1,4,7,4,8.734,11.432,0.164,14.8,33.4,0.0,0.0,1.638,1.218,38 316 202 93 163 219 206 149 134 170
isoleucine,6,glutamic,1,5,5,1,8.734,8.372,0.164,121.5,66.8,1.2112,0.0,0.635,2.175,104 251 160 168
isoleucine,6,glutamic,1,5,5,2,8.734,8.372,0.164,121.5,66.8,0.0,0.0,1.927,1.481,136 187 213 108 137 229
isoleucine,6,glutamic,1,5,5,3,8.734,8.372,0.164,121.5,66.8,0.0,0.0,2.283,1.408,148 170 193 123 130 284 258 152
isoleucine,6,glutamic,1,5,5,4,8.734,8.372,0.164,121.5,66.8,0.0,0.0,2.89,1.336,178 170 186 137 129 233 225 122 138 199
isoleucine,6,glutamic,1,5,6,1,8.734,7.57,0.164,127.9,96.7,0.2844,0.0,1.977,1.509,8 124 186 184
isoleucine,6,glutamic,1,5,6,2,8.734,7.57,0.164,127.9,96.7,0.0,0.0,1.996,1.541,116 163 223 102 155 279
isoleucine,6,glutamic,1,5,6,3,8.734,7.57,0.164,127.9,96.7,0.0,0.0,2.89,1.378,156 177 189 117 120 267 246 155
isoleucine,6,glutamic,1,5,6,4,8.734,7.57,0.164,127.9,96.7,0.0,0.0,0.648,1.045,360 297 268 323 351 299 246 17 74 221
isoleucine,6,glutamic,1,5,7,1,8.734,9.209,0.164,115.3,28.4,1.9251,0.0,0.685,2.177,89 255 178 179
isoleucine,6,glutamic,1,5,7,2,8.734,9.209,0.164,115.3,28.4,0.33,0.0,1.721,1.917,349 66 211 197 32 161
isoleucine,6,glutamic,1,5,7,3,8.734,9.209,0.164,115.3,28.4,0.0,0.0,0.954,2.205,74 309 165 142 249 158 28 29
isoleucine,6,glutamic,1,5,7,4,8.734,9.209,0.164,115.3,28.4,0.0,0.0,1.844,1.558,75 185 170 173 151 149 32 183 356 294
isoleucine,6,glutamic,1,6,5,1,8.734,9.066,0.164,92.6,72.3,1.7864,0.0,0.953,3.346,312 297 175 177
isoleucine,6,glutamic,1,6,5,2,8.734,9.066,0.164,92.6,72.3,0.0,0.0,1.935,3.743,230 147 136 236 213 145
isoleucine,6,glutamic,1,6,5,3,8.734,9.066,0.164,92.6,72.3,0.0,0.0,2.093,4.126,189 151 135 248 242 127 151 205
isoleucine,6,glutamic,1,6,5,4,8.734,9.066,0.164,92.6,72.3,0.0,0.0,2.856,4.093,191 179 162 228 231 112 124 227 205 160
isoleucine,6,glutamic,1,6,6,1,8.734,8.81,0.164,77.0,81.8,1.5206,0.0,0.763,2.27,264 27 180 180
isoleucine,6,glutamic,1,6,6,2,8.734,8.81,0.164,77.0,81.8,0.0,0.0,1.296,2.056,309 22 120 8 16 135
isoleucine,6,glutamic,1,6,6,3,8.734,8.81,0.164,77.0,81.8,0.0,0.0,1.712,2.822,198 143 133 242 238 124 145 204
isoleucine,6,glutamic,1,6,6,4,8.734,8.81,0.164,77.0,81.8,0.0,0.0,2.046,0.745,219 77 79 308 292 79 109 332 292 147
isoleucine,6,glutamic,1,6,7,1,8.734,9.977,0.164,85.0,32.4,2.6977,0.0,0.237,3.375,265 48 182 181
isoleucine,6,glutamic,1,6,7,2,8.734,9.977,0.164,85.0,32.4,0.4291,0.0,1.961,3.348,337 314 187 184 289 210
isoleucine,6,glutamic,1,6,7,3,8.734,9.977,0.164,85.0,32.4,0.0,0.0,2.865,3.694,317 206 357 153 268 174 56 221
isoleucine,6,glutamic,1,6,7,4,8.734,9.977,0.164,85.0,32.4,0.0,0.0,3.9,3.846,257 163 170 202 199 114 111 242 242 170
isoleucine,6,leucine,0,4,1,1,11.468,13.499,0.554,65.5,20.9,6.5095,0.0,2.436,2.56,85 359 161 148
isoleucine,6,leucine,0,4,1,2,11.468,13.499,0.554,65.5,20.9,2.9002,0.0,2.435,1.298,85 359 215 228 175 177
isoleucine,6,leucine,0,4,1,3,11.468,13.499,0.554,65.5,20.9,0.5632,0.0,2.642,2.519,103 327 148 161 158 161 286 209
isoleucine,6,leucine,0,4,1,4,11.468,13.499,0.554,65.5,20.9,0.0,0.0,3.032,2.99,110 249 224 168 175 197 202 115 98 167
isoleucine,6,leucine,0,4,2,1,11.468,11.259,0.554,67.3,119.3,4.2397,0.0,2.342,2.751,82 358 158 148
isoleucine,6,leucine,0,4,2,2,11.468,11.259,0.554,67.3,119.3,0.5982,0.0,2.303,1.375,79 0 217 228 180 180
isoleucine,6,leucine,0,4,2,3,11.468,11.259,0.554,67.3,119.3,0.0,0.0,3.032,0.464,122 258 272 52 75 226 184 141
isoleucine,6,leucine,0,4,2,4,11.468,11.259,0.554,67.3,119.3,0.0,0.0,3.032,0.454,129 264 279 66 96 248 211 45 78 206
isoleucine,6,leucine,0,4,13,1,11.468,11.616,0.554,63.6,104.2,4.6718,0.0,2.627,1.987,91 1 202 224
isoleucine,6,leucine,0,4,13,2,11.468,11.616,0.554,63.6,104.2,1.1014,0.0,2.658,0.777,92 0 140 123 181 181
isoleucine,6,leucine,0,4,13,3,11.468,11.616,0.554,63.6,104.2,0.0,0.0,3.032,2.569,114 242 233 147 158 223 212 168
isoleucine,6,leucine,0,4,13,4,11.468,11.616,0.554,63.6,104.2,0.0,0.0,3.032,3.303,161 217 221 141 138 215 211 141 153 194
isoleucine,6,leucine,0,5,1,1,11.468,11.752,0.554,138.7,14.9,4.5185,0.0,1.872,0.871,0 210 182 181
isoleucine,6,leucine,0,5,1,2,11.468,11.752,0.554,138.7,14.9,1.1885,0.0,1.688,1.098,346 223 162 170 230 216
isoleucine,6,leucine,0,5,1,3,11.468,11.752,0.554,138.7,14.9,0.289,0.0,1.695,1.762,321 228 163 171 237 216 353 186
isoleucine,6,leucine,0,5,1,4,11.468,11.752,0.554,138.7,14.9,0.0,0.0,2.89,0.226,223 159 189 223 224 164 150 216 285 227
isoleucine,6,leucine,0,5,2,1,11.468,9.681,0.554,131.8,109.0,2.4519,0.0,1.951,1.471,5 223 191 187
isoleucine,6,leucine,0,5,2,2,11.468,9.681,0.554,131.8,109.0,0.0,0.0,2.434,1.678,269 130 217 222 255 232
isoleucine,6,leucine,0,5,2,3,11.468,9.681,0.554,131.8,109.0,0.0,0.0,2.89,0.161,227 172 173 236 231 125 139 197
isoleucine,6,leucine,0,5,2,4,11.468,9.681,0.554,131.8,109.0,0.0,0.0,1.29,2.205,352 41 75 4 341 102 139 301 268 148
isoleucine,6,leucine,0,5,13,1,11.468,9.715,0.554,146.3,107.6,2.439,0.0,1.664,0.416,343 188 180 180
isoleucine,6,leucine,0,5,13,2,11.468,9.715,0.554,146.3,107.6,0.0,0.0,2.272,1.599,288 141 236 211 254 260
isoleucine,6,leucine,0,5,13,3,11.468,9.715,0.554,146.3,107.6,0.0,0.0,2.89,0.589,69 160 236 338 204 70 285 7
isoleucine,6,leucine,0,5,13,4,11.468,9.715,0.554,146.3,107.6,0.0,0.0,1.714,0.472,319 122 144 320 292 97 134 294 267 160
isoleucine,6,leucine,0,6,1,1,11.468,14.085,0.554,39.5,11.5,8.3218,0.0,3.9,0.695,265 360 158 66
isoleucine,6,leucine,0,6,1,2,11.468,14.085,0.554,39.5,11.5,4.8076,0.0,3.9,0.324,265 360 215 283 178 179
isoleucine,6,leucine,0,6,1,3,11.468,14.085,0.554,39.5,11.5,1.2973,0.0,2.906,0.334,255 360 218 274 178 179 147 156
isoleucine,6,leucine,0,6,1,4,11.468,14.085,0.554,39.5,11.5,0.3337,0.0,3.609,1.874,236 0 220 260 181 180 148 156 0 180
isoleucine,6,leucine,0,6,2,1,11.468,11.998,0.554,33.9,109.4,6.7213,0.0,3.737,0.921,270 359 196 323
isoleucine,6,leucine,0,6,2,2,11.468,11.998,0.554,33.9,109.4,3.1016,0.0,3.9,0.614,269 360 149 61 176 178
isoleucine,6,leucine,0,6,2,3,11.468,11.998,0.554,33.9,109.4,0.0,0.0,3.566,0.545,242 44 172 284 248 196 190 163
isoleucine,6,leucine,0,6,2,4,11.468,11.998,0.554,33.9,109.4,0.0,0.0,3.192,1.409,332 39 73 296 262 116 140 182 163 167
isoleucine,6,leucine,0,6,13,1,11.468,12.072,0.554,43.9,106.4,6.1097,0.0,3.9,0.368,258 360 157 73
isoleucine,6,leucine,0,6,13,2,11.468,12.072,0.554,43.9,106.4,2.5734,0.0,3.9,0.129,259 360 216 279 175 177
isoleucine,6,leucine,0,6,13,3,11.468,12.072,0.554,43.9,106.4,0.0,0.0,3.9,1.023,258 9 149 303 289 153 148 152
isoleucine,6,leucine,0,6,13,4,11.468,12.072,0.554,43.9,106.4,0.0,0.0,2.553,1.376,310 26 69 302 273 133 150 205 198 173
isoleucine,6,serine,13,4,3,1,13.208,13.333,-0.793,41.9,128.4,7.4441,0.0,1.775,3.601,58 0 157 71
isoleucine,6,serine,13,4,3,2,13.208,13.333,-0.793,41.9,128.4,3.9191,0.0,1.824,2.836,59 360 216 279 178 179
isoleucine,6,serine,13,4,3,3,13.208,13.333,-0.793,41.9,128.4,0.1729,0.0,1.811,2.235,59 0 148 78 181 180 180 180
isoleucine,6,serine,13,4,3,4,13.208,13.333,-0.793,41.9,128.4,0.0,0.0,1.595,1.528,40 317 286 55 78 222 199 153 169 193
isoleucine,6,serine,13,4,4,1,13.208,14.512,-0.793,34.5,80.3,9.0548,0.0,1.555,3.116,68 360 198 311
isoleucine,6,serine,13,4,4,2,13.208,14.512,-0.793,34.5,80.3,5.4951,0.0,1.817,2.437,68 360 147 69 177 178
isoleucine,6,serine,13,4,4,3,13.208,14.512,-0.793,34.5,80.3,1.7947,0.0,1.857,1.657,69 359 209 297 168 174 171 172
isoleucine,6,serine,13,4,4,4,13.208,14.512,-0.793,34.5,80.3,0.0,0.0,2.594,0.694,99 294 231 52 141 168 178 149 111 149
isoleucine,6,serine,13,4,5,1,13.208,15.709,-0.793,42.3,24.8,9.7188,0.0,1.936,3.294,63 360 156 80
isoleucine,6,serine,13,4,5,2,13.208,15.709,-0.793,42.3,24.8,6.2103,0.0,1.942,2.431,63 360 217 274 177 178
isoleucine,6,serine,13,4,5,3,13.208,15.709,-0.793,42.3,24.8,2.4695,0.0,1.939,2.457,63 360 147 85 177 178 177 178
isoleucine,6,serine,13,4,5,4,13.208,15.709,-0.793,42.3,24.8,0.2744,0.0,1.681,3.636,54 0 214 251 181 180 180 180 294 204
isoleucine,6,serine,13,5,3,1,13.208,11.525,-0.793,114.4,120.8,4.2914,0.0,2.245,1.13,46 255 185 183
isoleucine,6,serine,13,5,3,2,13.208,11.525,-0.793,114.4,120.8,0.5519,0.0,1.633,0.745,333 103 188 184 187 186
isoleucine,6,serine,13,5,3,3,13.208,11.525,-0.793,114.4,120.8,0.0,0.0,1.662,0.967,295 115 222 296 210 261 146 52
isoleucine,6,serine,13,5,3,4,13.208,11.525,-0.793,114.4,120.8,0.0,0.0,1.163,2.205,7 340 305 18 40 241 209 85 105 204
isoleucine,6,serine,13,5,4,1,13.208,12.46,-0.793,119.5,83.4,5.1958,0.0,1.645,1.007,340 112 179 180
isoleucine,6,serine,13,5,4,2,13.208,12.46,-0.793,119.5,83.4,1.4782,0.0,2.513,0.66,52 247 179 180 180 180
isoleucine,6,serine,13,5,4,3,13.208,12.46,-0.793,119.5,83.4,0.0,0.0,2.858,0.813,65 255 163 273 42 70 286 128
isoleucine,6,serine,13,5,4,4,13.208,12.46,-0.793,119.5,83.4,0.0,0.0,0.939,0.689,330 49 342 230 256 267 219 30 94 232
isoleucine,6,serine,13,5,5,1,13.208,13.816,-0.793,118.7,18.8,6.576,0.0,2.335,0.905,47 249 181 181
isoleucine,6,serine,13,5,5,2,13.208,13.816,-0.793,118.7,18.8,2.8675,0.0,1.633,0.56,333 111 182 181 182 182
isoleucine,6,serine,13,5,5,3,13.208,13.816,-0.793,118.7,18.8,0.6488,0.0,1.573,2.205,29 268 166 173 171 171 72 155
isoleucine,6,serine,13,5,5,4,13.208,13.816,-0.793,118.7,18.8,0.0,0.0,1.059,2.151,301 87 228 167 241 196 115 160 8 151
isoleucine,6,serine,13,6,3,1,13.208,13.05,-0.793,55.0,124.2,6.4565,0.0,3.835,3.379,302 360 205 250
isoleucine,6,serine,13,6,3,2,13.208,13.05,-0.793,55.0,124.2,2.9183,0.0,3.834,0.381,302 360 141 109 177 178
isoleucine,6,serine,13,6,3,3,13.208,13.05,-0.793,55.0,124.2,0.0,0.0,3.9,0.51,329 316 163 72 182 179 118 145
isoleucine,6,serine,13,6,3,4,13.208,13.05,-0.793,55.0,124.2,0.0,0.0,3.9,1.158,270 99 93 284 232 156 190 273 251 152
isoleucine,6,serine,13,6,4,1,13.208,13.885,-0.793,63.7,90.0,6.9517,0.0,3.899,2.884,298 358 159 144
isoleucine,6,serine,13,6,4,2,13.208,13.885,-0.793,63.7,90.0,3.3644,0.0,3.9,0.756,297 359 215 233 174 176
isoleucine,6,serine,13,6,4,3,13.208,13.885,-0.793,63.7,90.0,0.0,0.0,3.9,0.939,308 314 189 95 237 189 172 161
isoleucine,6,serine,13,6,4,4,13.208,13.885,-0.793,63.7,90.0,0.0,0.0,3.65,0.782,316 32 71 314 289 145 169 225 211 168
isoleucine,6,serine,13,6,5,1,13.208,15.407,-0.793,56.3,18.9,8.7076,0.0,3.882,3.24,298 0 204 239
isoleucine,6,serine,13,6,5,2,13.208,15.407,-0.793,56.3,18.9,5.1852,0.0,3.879,0.571,298 360 142 115 180 180
isoleucine,6,serine,13,6,5,3,13.208,15.407,-0.793,56.3,18.9,1.435,0.0,3.883,0.171,298 360 147 116 180 180 180 180
isoleucine,6,serine,13,6,5,4,13.208,15.407,-0.793,56.3,18.9,0.3098,0.0,3.589,2.489,321 360 140 117 180 180 182 182 360 180
isoleucine,6,tryptophan,4,4,16,1,11.596,12.798,-0.069,33.6,91.5,7.4213,0.0,1.365,3.997,40 0 194 323
isoleucine,6,tryptophan,4,4,16,2,11.596,12.798,-0.069,33.6,91.5,3.9381,0.0,1.341,3.997,38 1 149 60 189 186
isoleucine,6,tryptophan,4,4,16,3,11.596,12.798,-0.069,33.6,91.5,0.1644,0.0,1.361,2.271,40 0 154 56 185 183 183 183
isoleucine,6,tryptophan,4,4,16,4,11.596,12.798,-0.069,33.6,91.5,0.0,0.0,2.459,0.339,88 287 253 77 107 206 187 140 146 185
isoleucine,6,tryptophan,4,4,17,1,11.596,11.597,-0.069,24.3,148.6,7.0149,0.0,1.279,3.997,32 0 179 1
isoleucine,6,tryptophan,4,4,17,2,11.596,11.597,-0.069,24.3,148.6,3.3716,0.0,1.279,3.495,32 0 198 328 182 181
isoleucine,6,tryptophan,4,4,17,3,11.596,11.597,-0.069,24.3,148.6,0.0,0.0,1.575,2.414,12 350 184 46 184 203 203 200
isoleucine,6,tryptophan,4,4,17,4,11.596,11.597,-0.069,24.3,148.6,0.0,0.0,2.488,0.78,132 286 236 46 169 238 172 140 155 174
isoleucine,6,tryptophan,4,4,18,1,11.596,13.416,-0.069,30.1,68.3,8.2367,0.0,1.308,3.997,21 0 171 23
isoleucine,6,tryptophan,4,4,18,2,11.596,13.416,-0.069,30.1,68.3,4.7228,0.0,1.296,3.997,22 360 209 305 175 177
isoleucine,6,tryptophan,4,4,18,3,11.596,13.416,-0.069,30.1,68.3,0.9817,0.0,1.307,3.997,21 0 203 311 184 182 183 182
isoleucine,6,tryptophan,4,4,18,4,11.596,13.416,-0.069,30.1,68.3,0.0,0.0,2.781,3.997,348 301 279 74 90 221 195 178 194 192
isoleucine,6,tryptophan,4,5,16,1,11.596,11.156,-0.069,101.3,90.4,3.8943,0.0,2.391,2.179,54 280 177 178
isoleucine,6,tryptophan,4,5,16,2,11.596,11.156,-0.069,101.3,90.4,0.1721,0.0,2.204,1.877,49 281 186 183 184 184
isoleucine,6,tryptophan,4,5,16,3,11.596,11.156,-0.069,101.3,90.4,0.0,0.0,1.21,0.797,339 42 314 293 128 275 257 211
isoleucine,6,tryptophan,4,5,16,4,11.596,11.156,-0.069,101.3,90.4,0.0,0.0,1.442,2.205,28 300 255 18 56 248 224 67 98 211
isoleucine,6,tryptophan,4,5,17,1,11.596,9.913,-0.069,97.3,150.7,2.6979,0.0,1.786,2.205,355 73 181 180
isoleucine,6,tryptophan,4,5,17,2,11.596,9.913,-0.069,97.3,150.7,0.0,0.0,2.608,1.704,40 222 267 171 131 99
isoleucine,6,tryptophan,4,5,17,3,11.596,9.913,-0.069,97.3,150.7,0.0,0.0,2.89,1.516,47 35 24 334 329 331 280 113
isoleucine,6,tryptophan,4,5,17,4,11.596,9.913,-0.069,97.3,150.7,0.0,0.0,1.646,2.205,42 358 288 348 32 254 242 122 118 206
isoleucine,6,tryptophan,4,5,18,1,11.596,11.973,-0.069,91.8,59.4,4.7164,0.0,2.529,2.205,55 297 183 182
isoleucine,6,tryptophan,4,5,18,2,11.596,11.973,-0.069,91.8,59.4,0.9855,0.0,1.84,2.205,358 57 181 180 181 181
isoleucine,6,tryptophan,4,5,18,3,11.596,11.973,-0.069,91.8,59.4,0.0,0.0,2.204,2.205,23 358 158 268 38 69 169 160
isoleucine,6,tryptophan,4,5,18,4,11.596,11.973,-0.069,91.8,59.4,0.0,0.0,1.718,2.205,28 321 289 29 52 237 207 102 124 201
isoleucine,6,tryptophan,4,6,16,1,11.596,12.129,-0.069,64.6,81.0,5.122,0.0,3.684,4.106,313 1 163 142
isoleucine,6,tryptophan,4,6,16,2,11.596,12.129,-0.069,64.6,81.0,1.573,0.0,3.693,2.567,311 2 219 230 188 185
isoleucine,6,tryptophan,4,6,16,3,11.596,12.129,-0.069,64.6,81.0,0.0,0.0,3.703,1.467,317 39 96 339 295 134 155 184
isoleucine,6,tryptophan,4,6,16,4,11.596,12.129,-0.069,64.6,81.0,0.0,0.0,3.518,0.797,308 40 75 314 289 132 155 246 230 162
isoleucine,6,tryptophan,4,6,17,1,11.596,10.535,-0.069,74.1,160.0,3.4156,0.0,3.664,4.33,316 357 173 174
isoleucine,6,tryptophan,4,6,17,2,11.596,10.535,-0.069,74.1,160.0,0.2809,0.0,3.537,3.436,326 0 176 169 251 192
isoleucine,6,tryptophan,4,6,17,3,11.596,10.535,-0.069,74.1,160.0,0.0,0.0,2.504,1.342,300 25 107 13 298 88 91 188
isoleucine,6,tryptophan,4,6,17,4,11.596,10.535,-0.069,74.1,160.0,0.0,0.0,1.695,2.239,322 14 51 325 299 116 140 258 234 156
isoleucine,6,tryptophan,4,6,18,1,11.596,12.473,-0.069,73.1,68.0,5.2581,0.0,3.611,4.388,316 7 188 187
isoleucine,6,tryptophan,4,6,18,2,11.596,12.473,-0.069,73.1,68.0,1.6344,0.0,3.587,3.202,320 2 150 147 185 183
isoleucine,6,tryptophan,4,6,18,3,11.596,12.473,-0.069,73.1,68.0,0.0,0.0,3.499,4.388,320 48 131 33 307 142 136 148
isoleucine,6,tryptophan,4,6,18,4,11.596,12.473,-0.069,73.1,68.0,0.0,0.0,3.9,4.281,329 77 23 10 14 269 183 41 73 196
isoleucine,6,tyrosine,2,4,8,1,7.726,8.074,-0.28,90.4,55.0,0.9881,0.0,2.349,1.897,88 45 222 209
isoleucine,6,tyrosine,2,4,8,2,7.726,8.074,-0.28,90.4,55.0,0.0697,0.0,2.136,1.681,73 355 260 275 350 208
isoleucine,6,tyrosine,2,4,8,3,7.726,8.074,-0.28,90.4,55.0,0.0,0.0,1.331,3.281,188 250 274 53 51 270 255 122
isoleucine,6,tyrosine,2,4,8,4,7.726,8.074,-0.28,90.4,55.0,0.0,0.0,1.069,3.851,220 196 243 139 121 225 223 91 83 201
isoleucine,6,tyrosine,2,4,9,1,7.726,6.714,-0.28,102.0,106.9,0.1346,0.0,2.579,2.913,82 143 71 144
isoleucine,6,tyrosine,2,4,9,2,7.726,6.714,-0.28,102.0,106.9,0.0,0.0,1.918,3.138,151 135 283 18 280 328
isoleucine,6,tyrosine,2,4,9,3,7.726,6.714,-0.28,102.0,106.9,0.0,0.0,2.426,3.176,200 68 324 30 169 358 252 112
isoleucine,6,tyrosine,2,4,9,4,7.726,6.714,-0.28,102.0,106.9,0.0,0.0,2.982,3.903,190 167 191 140 127 252 252 108 125 207
isoleucine,6,tyrosine,2,4,10,1,7.726,8.497,-0.28,107.2,35.5,1.2293,0.0,0.687,2.604,164 264 192 187
isoleucine,6,tyrosine,2,4,10,2,7.726,8.497,-0.28,107.2,35.5,0.1553,0.0,1.403,3.607,177 189 256 224 9 170
isoleucine,6,tyrosine,2,4,10,3,7.726,8.497,-0.28,107.2,35.5,0.0,0.0,2.496,3.997,208 177 215 132 128 251 234 158
isoleucine,6,tyrosine,2,4,10,4,7.726,8.497,-0.28,107.2,35.5,0.0,0.0,2.423,3.997,229 185 219 137 133 224 211 99 116 200
isoleucine,6,tyrosine,2,5,8,1,7.726,6.938,-0.28,144.2,72.0,0.4388,0.0,2.443,1.167,281 181 247 267
isoleucine,6,tyrosine,2,5,8,2,7.726,6.938,-0.28,144.2,72.0,0.0,0.0,1.583,1.774,163 221 122 246 239 82
isoleucine,6,tyrosine,2,5,8,3,7.726,6.938,-0.28,144.2,72.0,0.0,0.0,2.232,2.007,180 306 67 211 311 356 108 316
isoleucine,6,tyrosine,2,5,8,4,7.726,6.938,-0.28,144.2,72.0,0.0,0.0,2.89,1.792,142 239 160 236 276 66 98 271 204 131
isoleucine,6,tyrosine,2,5,9,1,7.726,6.18,-0.28,126.2,100.2,0.0,0.0,2.337,1.508,252 17 331 131
isoleucine,6,tyrosine,2,5,9,2,7.726,6.18,-0.28,126.2,100.2,0.0,0.0,1.219,1.659,205 333 310 304 336 284
isoleucine,6,tyrosine,2,5,9,3,7.726,6.18,-0.28,126.2,100.2,0.0,0.0,0.988,0.817,11 322 44 114 108 276 239 185
isoleucine,6,tyrosine,2,5,9,4,7.726,6.18,-0.28,126.2,100.2,0.0,0.0,2.89,1.747,147 215 169 252 262 76 94 260 229 148
isoleucine,6,tyrosine,2,5,10,1,7.726,8.057,-0.28,127.4,18.6,1.1375,0.0,0.849,1.596,201 84 250 199
isoleucine,6,tyrosine,2,5,10,2,7.726,8.057,-0.28,127.4,18.6,0.4311,0.0,0.843,1.888,188 10 291 216 7 158
isoleucine,6,tyrosine,2,5,10,3,7.726,8.057,-0.28,127.4,18.6,0.0,0.0,0.558,2.061,150 84 203 210 348 213 0 110
isoleucine,6,tyrosine,2,5,10,4,7.726,8.057,-0.28,127.4,18.6,0.0,0.0,1.755,2.205,316 307 190 227 274 46 65 320 270 135
isoleucine,6,tyrosine,2,6,8,1,7.726,9.039,-0.28,53.8,67.8,2.6131,0.0,2.098,2.086,207 0 205 273
isoleucine,6,tyrosine,2,6,8,2,7.726,9.039,-0.28,53.8,67.8,0.0,0.0,1.444,2.904,195 73 146 257 208 167
isoleucine,6,tyrosine,2,6,8,3,7.726,9.039,-0.28,53.8,67.8,0.0,0.0,2.196,2.205,271 57 89 257 231 136 150 190
isoleucine,6,tyrosine,2,6,8,4,7.726,9.039,-0.28,53.8,67.8,0.0,0.0,3.097,1.904,309 4 63 318 272 85 99 209 198 177
isoleucine,6,tyrosine,2,6,9,1,7.726,8.262,-0.28,41.6,96.8,2.833,0.0,1.57,1.854,190 2 166 27
isoleucine,6,tyrosine,2,6,9,2,7.726,8.262,-0.28,41.6,96.8,0.0818,0.0,1.012,3.373,164 2 174 5 263 241
isoleucine,6,tyrosine,2,6,9,3,7.726,8.262,-0.28,41.6,96.8,0.0,0.0,3.9,0.562,237 55 158 280 183 71 94 162
isoleucine,6,tyrosine,2,6,9,4,7.726,8.262,-0.28,41.6,96.8,0.0,0.0,3.487,0.899,314 32 71 293 257 101 123 207 196 174
isoleucine,6,tyrosine,2,6,10,1,7.726,9.909,-0.28,52.9,27.4,3.5192,0.0,1.542,2.603,191 360 154 93
isoleucine,6,tyrosine,2,6,10,2,7.726,9.909,-0.28,52.9,27.4,0.5752,0.0,0.707,3.577,174 0 165 141 95 165
isoleucine,6,tyrosine,2,6,10,3,7.726,9.909,-0.28,52.9,27.4,0.0,0.0,1.943,4.388,127 72 177 237 240 169 76 125
isoleucine,6,tyrosine,2,6,10,4,7.726,9.909,-0.28,52.9,27.4,0.0,0.0,2.789,4.233,181 119 141 223 165 109 156 245 300 229
isoleucine,6,phenylalanine,0,4,12,1,3.517,2.139,-0.308,171.3,72.0,3.2381,0.0,2.301,3.997,269 30 345 358
isoleucine,6,phenylalanine,0,4,12,2,3.517,2.139,-0.308,171.3,72.0,1.8299,0.0,1.594,3.997,3 7 1 48 118 0
isoleucine,6,phenylalanine,0,4,12,3,3.517,2.139,-0.308,171.3,72.0,0.0,0.0,2.301,3.095,100 295 89 97 53 326 212 6
isoleucine,6,phenylalanine,0,4,12,4,3.517,2.139,-0.308,171.3,72.0,0.0,0.0,2.13,3.997,10 310 316 306 314 82 86 288 221 99
isoleucine,6,phenylalanine,0,4,13,1,3.517,2.141,-0.308,115.6,72.0,2.8424,0.0,2.273,2.977,85 299 355 357
isoleucine,6,phenylalanine,0,4,13,2,3.517,2.141,-0.308,115.6,72.0,1.8679,0.0,2.021,3.207,36 297 357 315 240 358
isoleucine,6,phenylalanine,0,4,13,3,3.517,2.141,-0.308,115.6,72.0,0.0,0.0,2.301,3.476,21 289 4 116 55 295 246 56
isoleucine,6,phenylalanine,0,4,13,4,3.517,2.141,-0.308,115.6,72.0,0.0,0.0,1.864,3.593,357 359 2 58 42 296 290 65 129 260
isoleucine,6,phenylalanine,0,4,14,1,3.517,3.729,-0.308,142.2,6.0,2.0016,0.0,2.29,1.51,130 322 5 5
isoleucine,6,phenylalanine,0,4,14,2,3.517,3.729,-0.308,142.2,6.0,0.8222,0.0,2.21,3.327,85 312 1 92 74 1
isoleucine,6,phenylalanine,0,4,14,3,3.517,3.729,-0.308,142.2,6.0,0.0,0.0,2.301,3.997,289 165 240 118 59 283 247 46
isoleucine,6,phenylalanine,0,4,14,4,3.517,3.729,-0.308,142.2,6.0,0.0,0.0,1.373,3.232,188 252 217 96 31 267 275 21 161 315
isoleucine,6,phenylalanine,0,5,12,1,3.517,4.457,-0.308,49.7,56.7,2.0329,0.0,2.605,1.47,245 77 72 9
isoleucine,6,phenylalanine,0,5,12,2,3.517,4.457,-0.308,49.7,56.7,0.2184,0.0,1.224,1.943,288 84 53 41 108 25
isoleucine,6,phenylalanine,0,5,12,3,3.517,4.457,-0.308,49.7,56.7,0.0,0.0,1.349,2.205,338 54 66 283 261 62 117 230
isoleucine,6,phenylalanine,0,5,12,4,3.517,4.457,-0.308,49.7,56.7,0.0,0.0,1.319,1.701,358 5 46 308 277 80 106 252 227 157
isoleucine,6,phenylalanine,0,5,13,1,3.517,2.978,-0.308,80.8,112.7,1.7782,0.0,2.605,1.257,255 145 2 1
isoleucine,6,phenylalanine,0,5,13,2,3.517,2.978,-0.308,80.8,112.7,0.9902,0.0,1.327,2.205,313 96 7 24 141 5
isoleucine,6,phenylalanine,0,5,13,3,3.517,2.978,-0.308,80.8,112.7,0.0,0.0,1.277,2.205,308 97 59 228 296 45 114 330
isoleucine,6,phenylalanine,0,5,13,4,3.517,2.978,-0.308,80.8,112.7,0.0,0.0,1.889,1.447,307 150 247 136 106 270 276 82 33 71
isoleucine,6,phenylalanine,0,5,14,1,3.517,5.164,-0.308,76.3,25.3,0.9512,0.0,2.471,0.189,229 178 0 335
isoleucine,6,phenylalanine,0,5,14,2,3.517,5.164,-0.308,76.3,25.3,0.0837,0.0,1.866,1.346,182 181 38 160 0 45
isoleucine,6,phenylalanine,0,5,14,3,3.517,5.164,-0.308,76.3,25.3,0.0,0.0,1.014,2.056,295 43 24 259 309 106 96 242
isoleucine,6,phenylalanine,0,5,14,4,3.517,5.164,-0.308,76.3,25.3,0.0,0.0,1.486,1.864,283 94 105 213 225 114 106 272 252 146
isoleucine,6,phenylalanine,0,6,12,1,3.517,4.262,-0.308,56.9,71.9,1.443,0.0,1.965,4.388,116 268 299 355
isoleucine,6,phenylalanine,0,6,12,2,3.517,4.262,-0.308,56.9,71.9,0.0,0.0,2.153,4.388,58 257 350 10 138 31
isoleucine,6,phenylalanine,0,6,12,3,3.517,4.262,-0.308,56.9,71.9,0.0,0.0,2.153,4.388,28 314 326 74 92 294 212 108
isoleucine,6,phenylalanine,0,6,12,4,3.517,4.262,-0.308,56.9,71.9,0.0,0.0,2.153,4.388,15 11 328 55 91 274 243 98 124 201
isoleucine,6,phenylalanine,0,6,13,1,3.517,4.109,-0.308,41.1,77.2,2.4544,0.0,0.776,3.234,168 74 81 5
isoleucine,6,phenylalanine,0,6,13,2,3.517,4.109,-0.308,41.1,77.2,0.1666,0.0,1.112,1.8,212 112 36 22 136 17
isoleucine,6,phenylalanine,0,6,13,3,3.517,4.109,-0.308,41.1,77.2,0.0,0.0,2.153,3.514,70 324 225 326 247 319 262 289
isoleucine,6,phenylalanine,0,6,13,4,3.517,4.109,-0.308,41.1,77.2,0.0,0.0,2.153,3.548,5 324 287 57 86 286 258 105 132 204
isoleucine,6,phenylalanine,0,6,14,1,3.517,5.505,-0.308,64.0,15.8,1.2015,0.0,0.271,4.295,147 108 52 18
isoleucine,6,phenylalanine,0,6,14,2,3.517,5.505,-0.308,64.0,15.8,0.2395,0.0,0.666,4.388,162 138 7 178 1 63
isoleucine,6,phenylalanine,0,6,14,3,3.517,5.505,-0.308,64.0,15.8,0.0,0.0,2.153,4.388,83 11 266 183 316 127 38 61
isoleucine,6,phenylalanine,0,6,14,4,3.517,5.505,-0.308,64.0,15.8,0.0,0.0,1.849,4.388,52 321 286 121 126 225 227 86 127 238
isoleucine,6,aspartic,9,4,3,1,3.879,3.96,0.282,11.1,153.4,4.146,0.0,1.297,2.963,67 10 166 0
isoleucine,6,aspartic,9,4,3,2,3.879,3.96,0.282,11.1,153.4,1.1925,0.0,0.923,3.357,58 259 296 357 191 352
isoleucine,6,aspartic,9,4,3,3,3.879,3.96,0.282,11.1,153.4,0.0,0.0,1.517,2.765,40 281 309 81 73 301 226 91
isoleucine,6,aspartic,9,4,3,4,3.879,3.96,0.282,11.1,153.4,0.0,0.0,1.685,1.443,12 343 310 61 86 277 248 82 117 211
isoleucine,6,aspartic,9,4,4,1,3.879,6.105,0.282,4.3,54.9,5.078,0.0,3.032,3.997,266 359 181 360
isoleucine,6,aspartic,9,4,4,2,3.879,6.105,0.282,4.3,54.9,1.2337,0.0,3.032,3.997,272 0 179 0 175 10
isoleucine,6,aspartic,9,4,4,3,3.879,6.105,0.282,4.3,54.9,0.0,0.0,2.815,3.997,312 65 94 284 251 91 127 211
isoleucine,6,aspartic,9,4,4,4,3.879,6.105,0.282,4.3,54.9,0.0,0.0,2.309,3.997,331 30 66 302 272 97 123 245 222 160
isoleucine,6,aspartic,9,4,5,1,3.879,5.564,0.282,23.9,74.9,3.0421,0.0,1.916,3.997,355 359 181 360
isoleucine,6,aspartic,9,4,5,2,3.879,5.564,0.282,23.9,74.9,0.0,0.0,1.664,3.997,14 66 94 343 189 54
isoleucine,6,aspartic,9,4,5,3,3.879,5.564,0.282,23.9,74.9,0.0,0.0,2.734,3.997,319 79 63 284 286 77 132 250
isoleucine,6,aspartic,9,4,5,4,3.879,5.564,0.282,23.9,74.9,0.0,0.0,2.256,3.997,46 280 223 302 219 322 299 258 326 280
isoleucine,6,aspartic,9,5,3,1,3.879,2.222,0.282,80.3,171.7,2.7115,0.0,0.93,2.0,7 235 359 359
isoleucine,6,aspartic,9,5,3,2,3.879,2.222,0.282,80.3,171.7,1.6801,0.0,0.92,2.027,319 259 360 348 196 360
isoleucine,6,aspartic,9,5,3,3,3.879,2.222,0.282,80.3,171.7,0.0,0.0,1.08,1.502,251 286 353 29 138 21 153 35
isoleucine,6,aspartic,9,5,3,4,3.879,2.222,0.282,80.3,171.7,0.0,0.0,1.011,0.915,302 26 359 77 67 288 275 41 114 251
isoleucine,6,aspartic,9,5,4,1,3.879,4.468,0.282,84.5,52.7,0.7737,0.0,2.89,2.205,86 110 12 9
isoleucine,6,aspartic,9,5,4,2,3.879,4.468,0.282,84.5,52.7,0.0,0.0,2.89,2.027,132 120 318 44 154 21
isoleucine,6,aspartic,9,5,4,3,3.879,4.468,0.282,84.5,52.7,0.0,0.0,2.079,1.102,14 170 116 90 35 276 268 357
isoleucine,6,aspartic,9,5,4,4,3.879,4.468,0.282,84.5,52.7,0.0,0.0,0.481,0.591,3 2 323 87 71 208 313 75 86 297
isoleucine,6,aspartic,9,5,5,1,3.879,4.544,0.282,67.8,49.8,1.4636,0.0,0.756,2.205,11 273 317 344
isoleucine,6,aspartic,9,5,5,2,3.879,4.544,0.282,67.8,49.8,0.1351,0.0,1.36,2.205,336 293 309 292 283 335
isoleucine,6,aspartic,9,5,5,3,3.879,4.544,0.282,67.8,49.8,0.0,0.0,2.89,2.205,93 44 95 66 64 155 8 33
isoleucine,6,aspartic,9,5,5,4,3.879,4.544,0.282,67.8,49.8,0.0,0.0,0.681,1.798,340 325 325 84 347 260 303 65 166 331
isoleucine,6,aspartic,9,6,3,1,3.879,2.915,0.282,58.2,128.8,2.3275,0.0,2.936,3.648,290 214 346 357
isoleucine,6,aspartic,9,6,3,2,3.879,2.915,0.282,58.2,128.8,0.9916,0.0,3.05,1.559,231 235 358 340 208 359
isoleucine,6,aspartic,9,6,3,3,3.879,2.915,0.282,58.2,128.8,0.0,0.0,0.695,4.255,44 146 24 17 163 318 190 8
isoleucine,6,aspartic,9,6,3,4,3.879,2.915,0.282,58.2,128.8,0.0,0.0,3.752,3.454,46 11 8 256 270 60 132 343 229 126
isoleucine,6,aspartic,9,6,4,1,3.879,4.235,0.282,93.1,72.7,0.6601,0.0,3.466,4.069,276 225 8 6
isoleucine,6,aspartic,9,6,4,2,3.879,4.235,0.282,93.1,72.7,0.0,0.0,3.9,4.388,25 137 325 320 237 340
isoleucine,6,aspartic,9,6,4,3,3.879,4.235,0.282,93.1,72.7,0.0,0.0,3.754,4.388,58 333 89 313 275 258 254 354
isoleucine,6,aspartic,9,6,4,4,3.879,4.235,0.282,93.1,72.7,0.0,0.0,3.9,4.388,72 30 3 240 291 58 112 27 254 81
isoleucine,6,aspartic,9,6,5,1,3.879,4.442,0.282,71.4,65.5,0.82,0.0,3.9,4.388,341 113 31 9
isoleucine,6,aspartic,9,6,5,2,3.879,4.442,0.282,71.4,65.5,0.0,0.0,3.9,4.388,46 164 308 14 186 327
isoleucine,6,aspartic,9,6,5,3,3.879,4.442,0.282,71.4,65.5,0.0,0.0,3.9,4.388,305 243 43 52 59 54 96 355
isoleucine,6,aspartic,9,6,5,4,3.879,4.442,0.282,71.4,65.5,0.0,0.0,1.13,3.53,266 83 150 242 12 133 11 285 253 358
isoleucine,6,serine,8,4,3,1,3.078,5.78,-0.909,14.5,25.8,4.0494,0.0,3.032,2.954,172 359 182 359
isoleucine,6,serine,8,4,3,2,3.078,5.78,-0.909,14.5,25.8,0.8761,0.0,3.032,0.719,135 321 233 349 206 339
isoleucine,6,serine,8,4,3,3,3.078,5.78,-0.909,14.5,25.8,0.0001,0.0,2.02,1.774,70 295 251 74 126 279 240 155
isoleucine,6,serine,8,4,3,4,3.078,5.78,-0.909,14.5,25.8,0.0,0.0,1.563,1.282,30 327 295 59 89 269 238 118 146 202
isoleucine,6,serine,8,4,4,1,3.078,3.573,-0.909,26.0,115.6,3.361,0.0,3.032,1.243,146 302 255 359
isoleucine,6,serine,8,4,4,2,3.078,3.573,-0.909,26.0,115.6,0.3615,0.0,3.032,1.802,160 167 6 4 172 3
isoleucine,6,serine,8,4,4,3,3.078,3.573,-0.909,26.0,115.6,0.0,0.0,1.533,2.763,37 261 283 68 107 334 222 79
isoleucine,6,serine,8,4,4,4,3.078,3.573,-0.909,26.0,115.6,0.0,0.0,1.681,2.244,354 336 299 52 79 288 259 92 127 213
isoleucine,6,serine,8,4,5,1,3.078,4.178,-0.909,21.1,90.1,3.4927,0.0,3.032,3.997,247 25 146 1
isoleucine,6,serine,8,4,5,2,3.078,4.178,-0.909,21.1,90.1,0.2631,0.0,3.032,3.997,250 237 313 0 179 1
isoleucine,6,serine,8,4,5,3,3.078,4.178,-0.909,21.1,90.1,0.0,0.0,3.032,3.997,296 84 30 277 281 59 157 262
isoleucine,6,serine,8,4,5,4,3.078,4.178,-0.909,21.1,90.1,0.0,0.0,1.753,3.997,33 36 56 312 289 64 107 269 217 142
isoleucine,6,serine,8,5,3,1,3.078,3.783,-0.909,99.8,37.2,1.5128,0.0,2.063,2.205,39 253 2 2
isoleucine,6,serine,8,5,3,2,3.078,3.783,-0.909,99.8,37.2,0.2764,0.0,1.122,1.786,0 270 0 62 104 0
isoleucine,6,serine,8,5,3,3,3.078,3.783,-0.909,99.8,37.2,0.0,0.0,1.561,2.205,331 291 320 91 88 314 251 83
isoleucine,6,serine,8,5,3,4,3.078,3.783,-0.909,99.8,37.2,0.0,0.0,2.89,2.097,133 289 233 106 356 248 278 42 190 322
isoleucine,6,serine,8,5,4,1,3.078,1.336,-0.909,106.4,144.0,3.583,0.0,1.965,2.205,40 262 3 2
isoleucine,6,serine,8,5,4,2,3.078,1.336,-0.909,106.4,144.0,2.6047,0.0,0.966,1.671,353 284 1 28 142 1
isoleucine,6,serine,8,5,4,3,3.078,1.336,-0.909,106.4,144.0,0.0,0.0,2.89,1.467,228 72 333 90 83 6 182 336
isoleucine,6,serine,8,5,4,4,3.078,1.336,-0.909,106.4,144.0,0.0,0.0,1.063,2.053,295 40 17 102 95 272 258 46 114 249
isoleucine,6,serine,8,5,5,1,3.078,3.224,-0.909,60.4,57.5,2.6172,0.0,2.788,2.114,62 253 327 350
isoleucine,6,serine,8,5,5,2,3.078,3.224,-0.909,60.4,57.5,1.1127,0.0,1.645,2.205,17 248 346 313 247 353
isoleucine,6,serine,8,5,5,3,3.078,3.224,-0.909,60.4,57.5,0.0,0.0,1.37,2.205,343 277 299 91 97 315 225 86
isoleucine,6,serine,8,5,5,4,3.078,3.224,-0.909,60.4,57.5,0.0,0.0,1.032,1.927,320 349 315 52 64 292 277 83 126 228
isoleucine,6,serine,8,6,3,1,3.078,3.937,-0.909,93.7,16.4,1.7169,0.0,3.9,4.388,317 99 6 7
isoleucine,6,serine,8,6,3,2,3.078,3.937,-0.909,93.7,16.4,0.5235,0.0,3.9,4.388,345 87 3 93 72 1
isoleucine,6,serine,8,6,3,3,3.078,3.937,-0.909,93.7,16.4,0.0,0.0,3.9,4.388,22 56 30 267 290 66 89 261
isoleucine,6,serine,8,6,3,4,3.078,3.937,-0.909,93.7,16.4,0.0,0.0,3.851,0.605,218 71 101 256 321 109 101 308 188 77
isoleucine,6,serine,8,6,4,1,3.078,2.516,-0.909,63.8,71.9,2.9504,0.0,3.9,2.536,234 244 339 352
isoleucine,6,serine,8,6,4,2,3.078,2.516,-0.909,63.8,71.9,1.6091,0.0,3.9,1.519,188 246 353 318 239 356
isoleucine,6,serine,8,6,4,3,3.078,2.516,-0.909,63.8,71.9,0.0,0.0,1.252,3.008,15 85 61 17 150 13 131 36
isoleucine,6,serine,8,6,4,4,3.078,2.516,-0.909,63.8,71.9,0.0,0.0,2.37,2.799,34 31 67 295 290 73 76 279 235 123
isoleucine,6,serine,8,6,5,1,3.078,1.921,-0.909,108.2,92.4,2.9596,0.0,3.9,4.388,345 89 360 360
isoleucine,6,serine,8,6,5,2,3.078,1.921,-0.909,108.2,92.4,1.9944,0.0,3.9,4.388,37 73 360 21 152 360
isoleucine,6,serine,8,6,5,3,3.078,1.921,-0.909,108.2,92.4,0.0,0.0,3.9,4.388,68 25 345 289 267 17 188 322
isoleucine,6,serine,8,6,5,4,3.078,1.921,-0.909,108.2,92.4,0.0,0.0,3.786,4.388,61 336 354 299 310 67 72 306 245 103
leucine,0,aspartic,13,1,3,1,7.322,9.404,0.83,56.8,30.7,2.8109,0.0,2.961,4.909,176 1 206 257
leucine,0,aspartic,13,1,3,2,7.322,9.404,0.83,56.8,30.7,0.3177,0.0,2.961,4.909,197 358 179 180 317 200
leucine,0,aspartic,13,1,3,3,7.322,9.404,0.83,56.8,30.7,0.0,0.0,2.961,4.909,231 230 238 138 116 211 254 188
leucine,0,aspartic,13,1,3,4,7.322,9.404,0.83,56.8,30.7,0.0,0.0,2.961,4.909,233 231 198 156 138 228 227 119 136 203
leucine,0,aspartic,13,1,4,1,7.322,7.082,0.83,62.1,128.6,0.7609,0.0,2.961,4.858,161 4 220 265
leucine,0,aspartic,13,1,4,2,7.322,7.082,0.83,62.1,128.6,0.0,0.0,2.961,4.796,129 293 270 87 145 236
leucine,0,aspartic,13,1,4,3,7.322,7.082,0.83,62.1,128.6,0.0,0.0,2.517,4.909,96 293 277 110 129 249 230 161
leucine,0,aspartic,13,1,4,4,7.322,7.082,0.83,62.1,128.6,0.0,0.0,1.931,2.767,47 299 301 86 87 294 243 137 195 225
leucine,0,aspartic,13,1,5,1,7.322,8.663,0.83,52.9,64.6,2.2977,0.0,2.961,4.541,159 0 157 79
leucine,0,aspartic,13,1,5,2,7.322,8.663,0.83,52.9,64.6,0.0,0.0,2.961,4.909,154 290 230 99 156 204
leucine,0,aspartic,13,1,5,3,7.322,8.663,0.83,52.9,64.6,0.0,0.0,2.427,4.837,94 300 268 105 133 230 216 170
leucine,0,aspartic,13,1,5,4,7.322,8.663,0.83,52.9,64.6,0.0,0.0,2.961,4.886,217 86 2 48 120 340 294 90 114 215
leucine,0,aspartic,13,2,3,1,7.322,7.939,0.83,113.4,34.7,0.8874,0.0,1.709,3.36,189 130 128 158
leucine,0,aspartic,13,2,3,2,7.322,7.939,0.83,113.4,34.7,0.0697,0.0,3.018,3.783,171 190 85 140 5 168
leucine,0,aspartic,13,2,3,3,7.322,7.939,0.83,113.4,34.7,0.0,0.0,3.018,3.783,133 187 140 234 240 109 134 210
leucine,0,aspartic,13,2,3,4,7.322,7.939,0.83,113.4,34.7,0.0,0.0,3.014,3.783,100 200 147 234 246 117 145 234 195 154
leucine,0,aspartic,13,2,4,1,7.322,5.975,0.83,103.6,113.7,0.0,0.0,2.272,3.783,176 153 75 69
leucine,0,aspartic,13,2,4,2,7.322,5.975,0.83,103.6,113.7,0.0,0.0,2.52,3.783,149 217 88 313 160 65
leucine,0,aspartic,13,2,4,3,7.322,5.975,0.83,103.6,113.7,0.0,0.0,3.018,3.783,122 197 122 240 258 86 114 223
leucine,0,aspartic,13,2,4,4,7.322,5.975,0.83,103.6,113.7,0.0,0.0,3.018,3.783,129 192 150 205 229 114 117 286 259 145
leucine,0,aspartic,13,2,5,1,7.322,7.514,0.83,96.5,54.4,0.6017,0.0,1.217,1.049,271 326 108 144
leucine,0,aspartic,13,2,5,2,7.322,7.514,0.83,96.5,54.4,0.0,0.0,2.67,0.562,286 348 120 74 40 274
leucine,0,aspartic,13,2,5,3,7.322,7.514,0.83,96.5,54.4,0.0,0.0,3.018,3.783,155 91 146 288 291 162 67 272
leucine,0,aspartic,13,2,5,4,7.322,7.514,0.83,96.5,54.4,0.0,0.0,3.018,3.783,136 148 120 226 262 151 104 258 293 132
leucine,0,aspartic,13,13,3,1,7.322,7.803,0.83,119.6,18.2,1.0641,0.0,1.881,2.925,166 304 91 162
leucine,0,aspartic,13,13,3,2,7.322,7.803,0.83,119.6,18.2,0.3829,0.0,2.897,2.925,185 1 61 148 0 178
leucine,0,aspartic,13,13,3,3,7.322,7.803,0.83,119.6,18.2,0.0,0.0,2.897,2.925,230 223 210 152 19 193 330 170
leucine,0,aspartic,13,13,3,4,7.322,7.803,0.83,119.6,18.2,0.0,0.0,2.897,2.925,251 181 216 133 126 226 218 93 109 204
leucine,0,aspartic,13,13,4,1,7.322,5.603,0.83,120.1,113.4,0.1578,0.0,2.897,2.925,191 174 292 306
leucine,0,aspartic,13,13,4,2,7.322,5.603,0.83,120.1,113.4,0.0,0.0,2.897,2.925,229 132 271 28 208 299
leucine,0,aspartic,13,13,4,3,7.322,5.603,0.83,120.1,113.4,0.0,0.0,2.897,2.925,271 164 227 98 101 285 239 138
leucine,0,aspartic,13,13,4,4,7.322,5.603,0.83,120.1,113.4,0.0,0.0,2.897,2.925,274 164 211 137 120 239 230 89 114 209
leucine,0,aspartic,13,13,5,1,7.322,6.656,0.83,136.4,72.6,0.213,0.0,1.841,1.911,85 186 92 98
leucine,0,aspartic,13,13,5,2,7.322,6.656,0.83,136.4,72.6,0.0,0.0,2.897,2.925,210 148 228 71 174 304
leucine,0,aspartic,13,13,5,3,7.322,6.656,0.83,136.4,72.6,0.0,0.0,2.897,2.925,240 143 230 136 98 256 227 125
leucine,0,aspartic,13,13,5,4,7.322,6.656,0.83,136.4,72.6,0.0,0.0,2.719,2.925,286 132 176 120 100 268 244 118 150 196
leucine,0,glutamic,1,1,5,1,9.33,11.508,-0.095,30.4,53.0,6.4059,0.0,1.465,3.422,48 360 186 348
leucine,0,glutamic,1,1,5,2,9.33,11.508,-0.095,30.4,53.0,2.8757,0.0,1.431,2.398,45 1 153 48 188 185
leucine,0,glutamic,1,1,5,3,9.33,11.508,-0.095,30.4,53.0,0.0,0.0,1.587,4.003,59 347 169 89 147 184 246 243
leucine,0,glutamic,1,1,5,4,9.33,11.508,-0.095,30.4,53.0,0.0,0.0,2.328,4.194,14 122 70 305 326 201 180 109 120 199
leucine,0,glutamic,1,1,6,1,9.33,9.193,-0.095,27.4,162.0,4.6484,0.0,1.355,3.231,41 360 182 357
leucine,0,glutamic,1,1,6,2,9.33,9.193,-0.095,27.4,162.0,0.9623,0.0,1.324,1.436,38 0 168 21 183 182
leucine,0,glutamic,1,1,6,3,9.33,9.193,-0.095,27.4,162.0,0.0,0.0,1.615,2.964,3 41 187 16 139 188 310 237
leucine,0,glutamic,1,1,6,4,9.33,9.193,-0.095,27.4,162.0,0.0,0.0,2.402,2.667,346 143 80 287 313 223 198 85 106 206
leucine,0,glutamic,1,1,7,1,9.33,10.917,-0.095,33.7,76.3,5.6311,0.0,1.33,3.001,24 0 171 23
leucine,0,glutamic,1,1,7,2,9.33,10.917,-0.095,33.7,76.3,2.1214,0.0,1.312,1.644,27 359 209 308 168 172
leucine,0,glutamic,1,1,7,3,9.33,10.917,-0.095,33.7,76.3,0.0,0.0,1.484,1.736,351 317 229 82 149 210 206 201
leucine,0,glutamic,1,1,7,4,9.33,10.917,-0.095,33.7,76.3,0.0,0.0,1.823,3.508,15 327 291 48 78 246 219 140 158 194
leucine,0,glutamic,1,2,5,1,9.33,10.743,-0.095,66.1,46.4,3.6928,0.0,3.018,0.532,308 360 160 142
leucine,0,glutamic,1,2,5,2,9.33,10.743,-0.095,66.1,46.4,0.5426,0.0,1.933,0.758,290 1 169 140 143 172
leucine,0,glutamic,1,2,5,3,9.33,10.743,-0.095,66.1,46.4,0.0,0.0,3.018,0.523,274 23 142 359 267 125 90 153
leucine,0,glutamic,1,2,5,4,9.33,10.743,-0.095,66.1,46.4,0.0,0.0,1.871,0.865,316 21 58 317 292 121 143 253 233 158
leucine,0,glutamic,1,2,6,1,9.33,8.343,-0.095,66.8,154.9,1.4597,0.0,3.018,0.596,311 2 154 124
leucine,0,glutamic,1,2,6,2,9.33,8.343,-0.095,66.8,154.9,0.0,0.0,1.861,0.962,355 5 100 327 286 154
leucine,0,glutamic,1,2,6,3,9.33,8.343,-0.095,66.8,154.9,0.0,0.0,1.506,1.424,6 15 49 313 279 97 134 213
leucine,0,glutamic,1,2,6,4,9.33,8.343,-0.095,66.8,154.9,0.0,0.0,2.081,0.467,322 9 40 322 299 97 118 289 253 145
leucine,0,glutamic,1,2,7,1,9.33,10.176,-0.095,67.0,69.7,3.0865,0.0,3.018,0.415,321 1 199 215
leucine,0,glutamic,1,2,7,2,9.33,10.176,-0.095,67.0,69.7,0.0,0.0,2.272,0.176,337 19 170 220 216 183
leucine,0,glutamic,1,2,7,3,9.33,10.176,-0.095,67.0,69.7,0.0,0.0,1.329,1.444,28 352 152 272 167 145 148 16
leucine,0,glutamic,1,2,7,4,9.33,10.176,-0.095,67.0,69.7,0.0,0.0,3.018,0.903,247 46 144 337 210 109 149 262 304 157
leucine,0,glutamic,1,13,5,1,9.33,9.697,-0.095,105.7,58.5,2.4302,0.0,2.897,0.614,60 273 173 176
leucine,0,glutamic,1,13,5,2,9.33,9.697,-0.095,105.7,58.5,0.0,0.0,2.276,2.204,337 151 148 217 241 223
leucine,0,glutamic,1,13,5,3,9.33,9.697,-0.095,105.7,58.5,0.0,0.0,2.592,2.925,289 107 133 37 223 27 29 140
leucine,0,glutamic,1,13,5,4,9.33,9.697,-0.095,105.7,58.5,0.0,0.0,1.313,2.925,312 35 345 221 252 279 225 305 4 246
leucine,0,glutamic,1,13,6,1,9.33,7.476,-0.095,99.2,171.8,0.6293,0.0,2.897,0.311,58 303 140 164
leucine,0,glutamic,1,13,6,2,9.33,7.476,-0.095,99.2,171.8,0.0,0.0,1.153,2.542,331 349 275 157 58 224
leucine,0,glutamic,1,13,6,3,9.33,7.476,-0.095,99.2,171.8,0.0,0.0,2.46,2.731,303 127 109 311 313 90 1 72
leucine,0,glutamic,1,13,6,4,9.33,7.476,-0.095,99.2,171.8,0.0,0.0,2.481,0.591,127 350 15 347 315 280 218 1 112 182
leucine,0,glutamic,1,13,7,1,9.33,9.532,-0.095,91.0,65.0,2.2432,0.0,2.818,0.557,53 297 180 180
leucine,0,glutamic,1,13,7,2,9.33,9.532,-0.095,91.0,65.0,0.0,0.0,1.168,1.87,344 355 232 165 124 211
leucine,0,glutamic,1,13,7,3,9.33,9.532,-0.095,91.0,65.0,0.0,0.0,2.451,2.828,304 137 166 230 243 336 309 160
leucine,0,glutamic,1,13,7,4,9.33,9.532,-0.095,91.0,65.0,0.0,0.0,2.709,0.49,49 312 275 30 57 256 230 85 113 208
leucine,0,isoleucine,6,1,4,1,11.468,13.499,0.554,20.9,65.5,8.9756,0.0,2.961,3.906,200 0 180 0
leucine,0,isoleucine,6,1,4,2,11.468,13.499,0.554,20.9,65.5,5.4876,0.0,2.961,2.898,203 359 198 331 169 173
leucine,0,isoleucine,6,1,4,3,11.468,13.499,0.554,20.9,65.5,1.6634,0.0,1.947,2.264,200 360 180 360 180 180 180 180
leucine,0,isoleucine,6,1,4,4,11.468,13.499,0.554,20.9,65.5,0.0,0.0,2.585,3.098,212 72 114 266 237 159 163 186 195 188
leucine,0,isoleucine,6,1,5,1,11.468,11.752,0.554,14.9,138.7,7.9401,0.0,2.961,3.731,182 0 179 1
leucine,0,isoleucine,6,1,5,2,11.468,11.752,0.554,14.9,138.7,4.238,0.0,2.961,2.19,184 360 181 359 168 164
leucine,0,isoleucine,6,1,5,3,11.468,11.752,0.554,14.9,138.7,0.663,0.0,1.917,1.716,184 1 177 3 212 215 191 187
leucine,0,isoleucine,6,1,5,4,11.468,11.752,0.554,14.9,138.7,0.0,0.0,1.422,2.327,252 68 106 274 229 120 148 182 169 177
leucine,0,isoleucine,6,1,6,1,11.468,14.085,0.554,11.5,39.5,10.361,0.0,2.961,3.762,187 0 180 0
leucine,0,isoleucine,6,1,6,2,11.468,14.085,0.554,11.5,39.5,6.6474,0.0,2.961,2.209,188 360 181 359 174 173
leucine,0,isoleucine,6,1,6,3,11.468,14.085,0.554,11.5,39.5,3.0705,0.0,1.904,1.936,185 0 179 1 211 214 183 182
leucine,0,isoleucine,6,1,6,4,11.468,14.085,0.554,11.5,39.5,0.3709,0.0,2.961,1.336,138 1 177 3 155 147 191 186 246 217
leucine,0,isoleucine,6,2,4,1,11.468,11.259,0.554,119.3,67.3,3.993,0.0,1.99,1.938,322 249 177 178
leucine,0,isoleucine,6,2,4,2,11.468,11.259,0.554,119.3,67.3,0.324,0.0,1.764,1.957,317 243 177 178 163 166
leucine,0,isoleucine,6,2,4,3,11.468,11.259,0.554,119.3,67.3,0.0,0.0,3.018,2.998,205 169 157 224 222 140 158 201
leucine,0,isoleucine,6,2,4,4,11.468,11.259,0.554,119.3,67.3,0.0,0.0,2.458,3.783,189 187 173 221 223 126 137 216 200 165
leucine,0,isoleucine,6,2,5,1,11.468,9.681,0.554,109.0,131.8,2.4476,0.0,2.315,1.43,323 264 185 183
leucine,0,isoleucine,6,2,5,2,11.468,9.681,0.554,109.0,131.8,0.0,0.0,2.414,1.717,220 88 233 259 206 187
leucine,0,isoleucine,6,2,5,3,11.468,9.681,0.554,109.0,131.8,0.0,0.0,2.853,1.496,201 169 153 229 226 123 141 201
leucine,0,isoleucine,6,2,5,4,11.468,9.681,0.554,109.0,131.8,0.0,0.0,3.018,0.299,168 163 115 250 268 125 168 237 177 138
leucine,0,isoleucine,6,2,6,1,11.468,11.998,0.554,109.4,33.9,4.763,0.0,2.625,0.983,252 96 175 177
leucine,0,isoleucine,6,2,6,2,11.468,11.998,0.554,109.4,33.9,1.0794,0.0,1.863,0.921,256 93 166 172 163 165
leucine,0,isoleucine,6,2,6,3,11.468,11.998,0.554,109.4,33.9,0.0,0.0,3.018,0.408,319 333 166 211 188 216 345 183
leucine,0,isoleucine,6,2,6,4,11.468,11.998,0.554,109.4,33.9,0.0,0.0,3.018,2.087,214 97 144 285 284 164 134 216 273 210
leucine,0,isoleucine,6,13,4,1,11.468,11.616,0.554,104.2,63.6,4.3475,0.0,2.897,0.751,47 86 181 181
leucine,0,isoleucine,6,13,4,2,11.468,11.616,0.554,104.2,63.6,0.6283,0.0,2.085,0.75,52 84 179 179 179 179
leucine,0,isoleucine,6,13,4,3,11.468,11.616,0.554,104.2,63.6,0.0,0.0,2.897,2.182,152 197 217 135 145 219 186 150
leucine,0,isoleucine,6,13,4,4,11.468,11.616,0.554,104.2,63.6,0.0,0.0,2.897,2.925,172 190 200 143 141 217 209 135 147 193
leucine,0,isoleucine,6,13,5,1,11.468,9.715,0.554,107.6,146.3,2.5472,0.0,2.897,0.417,113 272 169 174
leucine,0,isoleucine,6,13,5,2,11.468,9.715,0.554,107.6,146.3,0.0,0.0,1.786,1.375,126 250 242 198 268 254
leucine,0,isoleucine,6,13,5,3,11.468,9.715,0.554,107.6,146.3,0.0,0.0,2.897,0.3,157 189 208 133 135 238 220 160
leucine,0,isoleucine,6,13,5,4,11.468,9.715,0.554,107.6,146.3,0.0,0.0,2.897,1.207,172 184 196 142 139 224 217 123 135 195
leucine,0,isoleucine,6,13,6,1,11.468,12.072,0.554,106.4,43.9,4.8192,0.0,2.897,0.246,110 271 177 178
leucine,0,isoleucine,6,13,6,2,11.468,12.072,0.554,106.4,43.9,1.0864,0.0,2.511,0.357,105 272 177 178 178 178
leucine,0,isoleucine,6,13,6,3,11.468,12.072,0.554,106.4,43.9,0.0,0.0,2.897,1.718,93 210 192 173 179 252 271 210
leucine,0,isoleucine,6,13,6,4,11.468,12.072,0.554,106.4,43.9,0.0,0.0,2.897,2.56,118 182 178 158 166 240 241 136 132 184
leucine,0,serine,13,1,3,1,6.468,7.189,-0.828,56.5,76.9,0.7322,0.0,1.217,4.453,338 360 202 287
leucine,0,serine,13,1,3,2,6.468,7.189,-0.828,56.5,76.9,0.0,0.0,2.22,4.555,285 80 116 327 249 85
leucine,0,serine,13,1,3,3,6.468,7.189,-0.828,56.5,76.9,0.0,0.0,2.152,4.593,339 57 39 308 309 75 137 287
leucine,0,serine,13,1,3,4,6.468,7.189,-0.828,56.5,76.9,0.0,0.0,1.554,4.794,354 2 43 332 303 85 112 282 246 145
leucine,0,serine,13,1,4,1,6.468,8.124,-0.828,60.3,39.1,1.371,0.0,1.655,3.841,359 360 159 102
leucine,0,serine,13,1,4,2,6.468,8.124,-0.828,60.3,39.1,0.0861,0.0,1.462,2.847,39 14 118 112 26 153
leucine,0,serine,13,1,4,3,6.468,8.124,-0.828,60.3,39.1,0.0,0.0,2.45,2.781,28 207 21 259 176 130 48 92
leucine,0,serine,13,1,4,4,6.468,8.124,-0.828,60.3,39.1,0.0,0.0,2.228,1.291,288 355 178 7 211 168 46 180 356 160
leucine,0,serine,13,1,5,1,6.468,7.553,-0.828,74.3,63.4,0.3037,0.0,1.325,4.811,338 12 184 182
leucine,0,serine,13,1,5,2,6.468,7.553,-0.828,74.3,63.4,0.0,0.0,1.828,4.786,24 51 51 302 302 135
leucine,0,serine,13,1,5,3,6.468,7.553,-0.828,74.3,63.4,0.0,0.0,1.811,4.367,69 341 121 300 225 259 30 301
leucine,0,serine,13,1,5,4,6.468,7.553,-0.828,74.3,63.4,0.0,0.0,1.635,4.779,8 359 36 305 302 98 96 339 227 81
leucine,0,serine,13,2,3,1,6.468,6.726,-0.828,73.9,95.9,0.0,0.0,2.208,3.783,32 294 200 101
leucine,0,serine,13,2,3,2,6.468,6.726,-0.828,73.9,95.9,0.0,0.0,3.018,1.393,314 300 287 89 125 233
leucine,0,serine,13,2,3,3,6.468,6.726,-0.828,73.9,95.9,0.0,0.0,2.819,3.783,78 112 46 2 77 38 254 268
leucine,0,serine,13,2,3,4,6.468,6.726,-0.828,73.9,95.9,0.0,0.0,2.543,2.734,341 352 328 64 70 241 255 51 141 283
leucine,0,serine,13,2,4,1,6.468,8.159,-0.828,59.0,39.7,1.4879,0.0,1.751,2.441,2 0 200 263
leucine,0,serine,13,2,4,2,6.468,8.159,-0.828,59.0,39.7,0.0728,0.0,3.018,0.761,322 347 239 248 333 206
leucine,0,serine,13,2,4,3,6.468,8.159,-0.828,59.0,39.7,0.0,0.0,3.018,0.186,264 36 166 28 222 277 198 144
leucine,0,serine,13,2,4,4,6.468,8.159,-0.828,59.0,39.7,0.0,0.0,2.198,0.977,19 72 331 102 151 301 280 68 88 205
leucine,0,serine,13,2,5,1,6.468,7.866,-0.828,62.5,52.9,1.0203,0.0,1.35,3.783,20 360 160 109
leucine,0,serine,13,2,5,2,6.468,7.866,-0.828,62.5,52.9,0.0,0.0,2.65,3.783,79 263 235 58 77 152
leucine,0,serine,13,2,5,3,6.468,7.866,-0.828,62.5,52.9,0.0,0.0,2.395,3.426,6 318 320 44 42 270 252 96
leucine,0,serine,13,2,5,4,6.468,7.866,-0.828,62.5,52.9,0.0,0.0,1.68,3.783,3 4 322 10 42 280 248 90 123 209
leucine,0,serine,13,13,3,1,6.468,7.457,-0.828,45.3,81.2,1.6827,0.0,2.091,0.487,15 359 192 333
leucine,0,serine,13,13,3,2,6.468,7.457,-0.828,45.3,81.2,0.0,0.0,2.897,0.665,54 275 249 56 111 226
leucine,0,serine,13,13,3,3,6.468,7.457,-0.828,45.3,81.2,0.0,0.0,1.428,0.707,348 315 310 61 70 270 219 113
leucine,0,serine,13,13,3,4,6.468,7.457,-0.828,45.3,81.2,0.0,0.0,1.477,0.677,360 351 310 27 60 275 243 98 127 206
leucine,0,serine,13,13,4,1,6.468,8.179,-0.828,58.2,53.7,1.5667,0.0,1.582,1.012,359 1 204 262
leucine,0,serine,13,13,4,2,6.468,8.179,-0.828,58.2,53.7,0.0,0.0,2.897,0.465,40 8 116 292 295 152
leucine,0,serine,13,13,4,3,6.468,8.179,-0.828,58.2,53.7,0.0,0.0,2.301,2.629,321 210 56 281 133 99 175 8
leucine,0,serine,13,13,4,4,6.468,8.179,-0.828,58.2,53.7,0.0,0.0,1.713,1.654,356 13 55 336 302 91 121 267 242 157
leucine,0,serine,13,13,5,1,6.468,8.344,-0.828,42.4,46.6,2.6876,0.0,1.324,2.091,349 1 165 35
leucine,0,serine,13,13,5,2,6.468,8.344,-0.828,42.4,46.6,0.3104,0.0,1.356,2.925,315 357 202 318 281 208
leucine,0,serine,13,13,5,3,6.468,8.344,-0.828,42.4,46.6,0.0,0.0,1.645,2.925,301 58 102 305 276 101 124 209
leucine,0,serine,13,13,5,4,6.468,8.344,-0.828,42.4,46.6,0.0,0.0,1.522,1.947,342 25 64 321 288 100 129 253 229 159
leucine,0,tryptophan,4,1,16,1,10.252,10.066,0.552,47.2,140.6,4.0562,0.0,1.212,4.231,338 0 155 74
leucine,0,tryptophan,4,1,16,2,10.252,10.066,0.552,47.2,140.6,0.5077,0.0,1.253,2.826,341 359 213 281 172 176
leucine,0,tryptophan,4,1,16,3,10.252,10.066,0.552,47.2,140.6,0.0,0.0,2.386,3.229,291 342 190 16 216 168 64 170
leucine,0,tryptophan,4,1,16,4,10.252,10.066,0.552,47.2,140.6,0.0,0.0,1.744,3.099,294 55 90 297 272 127 146 246 231 163
leucine,0,tryptophan,4,1,17,1,10.252,11.231,0.552,36.7,88.3,5.8207,0.0,1.348,3.752,347 359 198 318
leucine,0,tryptophan,4,1,17,2,10.252,11.231,0.552,36.7,88.3,2.1742,0.0,1.318,2.476,345 360 147 65 179 179
leucine,0,tryptophan,4,1,17,3,10.252,11.231,0.552,36.7,88.3,0.0,0.0,1.468,2.192,303 23 153 342 224 143 148 176
leucine,0,tryptophan,4,1,17,4,10.252,11.231,0.552,36.7,88.3,0.0,0.0,2.241,2.494,279 75 116 277 236 147 168 240 236 177
leucine,0,tryptophan,4,1,18,1,10.252,12.511,0.552,45.4,34.9,6.4405,0.0,1.202,4.312,337 360 156 80
leucine,0,tryptophan,4,1,18,2,10.252,12.511,0.552,45.4,34.9,2.8846,0.0,1.205,3.174,337 360 218 274 177 178
leucine,0,tryptophan,4,1,18,3,10.252,12.511,0.552,45.4,34.9,0.312,0.0,1.256,4.738,320 3 141 97 206 195 265 216
leucine,0,tryptophan,4,1,18,4,10.252,12.511,0.552,45.4,34.9,0.0,0.0,1.677,4.909,8 337 135 299 283 163 133 192 274 224
leucine,0,tryptophan,4,2,16,1,10.252,9.134,0.552,83.8,139.5,1.9345,0.0,2.307,2.545,331 41 190 186
leucine,0,tryptophan,4,2,16,2,10.252,9.134,0.552,83.8,139.5,0.0,0.0,1.459,1.545,24 343 145 346 0 107
leucine,0,tryptophan,4,2,16,3,10.252,9.134,0.552,83.8,139.5,0.0,0.0,2.466,3.613,22 187 262 2 321 31 77 242
leucine,0,tryptophan,4,2,16,4,10.252,9.134,0.552,83.8,139.5,0.0,0.0,2.546,3.488,9 302 3 14 333 80 105 317 274 137
leucine,0,tryptophan,4,2,17,1,10.252,10.088,0.552,84.1,95.4,2.8299,0.0,2.434,2.06,6 316 174 176
leucine,0,tryptophan,4,2,17,2,10.252,10.088,0.552,84.1,95.4,0.0,0.0,2.502,0.956,15 299 215 289 70 142
leucine,0,tryptophan,4,2,17,3,10.252,10.088,0.552,84.1,95.4,0.0,0.0,3.018,0.269,262 33 220 354 279 266 111 35
leucine,0,tryptophan,4,2,17,4,10.252,10.088,0.552,84.1,95.4,0.0,0.0,1.643,0.337,319 42 81 327 297 109 135 275 248 152
leucine,0,tryptophan,4,2,18,1,10.252,11.457,0.552,87.3,40.7,4.2529,0.0,2.494,2.415,324 51 190 186
leucine,0,tryptophan,4,2,18,2,10.252,11.457,0.552,87.3,40.7,0.7597,0.0,2.542,2.993,323 60 202 193 219 208
leucine,0,tryptophan,4,2,18,3,10.252,11.457,0.552,87.3,40.7,0.0,0.0,2.937,3.388,339 130 133 210 205 211 338 197
leucine,0,tryptophan,4,2,18,4,10.252,11.457,0.552,87.3,40.7,0.0,0.0,1.878,3.653,2 351 33 351 320 104 138 235 219 164
leucine,0,tryptophan,4,13,16,1,10.252,9.867,0.552,55.8,128.0,3.3966,0.0,2.539,0.685,29 359 206 266
leucine,0,tryptophan,4,13,16,2,10.252,9.867,0.552,55.8,128.0,0.0,0.0,2.677,0.534,16 35 189 283 149 178
leucine,0,tryptophan,4,13,16,3,10.252,9.867,0.552,55.8,128.0,0.0,0.0,1.766,0.169,16 331 287 33 70 261 227 155
leucine,0,tryptophan,4,13,16,4,10.252,9.867,0.552,55.8,128.0,0.0,0.0,2.635,0.574,45 322 288 48 74 244 220 105 127 201
leucine,0,tryptophan,4,13,17,1,10.252,10.497,0.552,68.8,100.4,3.4635,0.0,2.554,0.652,26 5 203 209
leucine,0,tryptophan,4,13,17,2,10.252,10.497,0.552,68.8,100.4,0.0,0.0,2.385,0.644,32 339 241 253 152 206
leucine,0,tryptophan,4,13,17,3,10.252,10.497,0.552,68.8,100.4,0.0,0.0,1.962,0.568,24 324 294 27 59 255 218 143
leucine,0,tryptophan,4,13,17,4,10.252,10.497,0.552,68.8,100.4,0.0,0.0,2.571,0.688,42 327 292 39 65 244 220 103 126 203
leucine,0,tryptophan,4,13,18,1,10.252,12.182,0.552,59.8,29.5,5.3971,0.0,2.611,0.762,30 0 204 237
leucine,0,tryptophan,4,13,18,2,10.252,12.182,0.552,59.8,29.5,1.8266,0.0,2.57,0.39,29 0 139 115 182 182
leucine,0,tryptophan,4,13,18,3,10.252,12.182,0.552,59.8,29.5,0.2984,0.0,2.897,0.855,52 356 221 248 160 168 50 156
leucine,0,tryptophan,4,13,18,4,10.252,12.182,0.552,59.8,29.5,0.0,0.0,2.897,0.948,78 349 199 47 75 201 246 173 101 160
leucine,0,tyrosine,2,1,8,1,9.672,9.653,0.355,48.9,126.4,3.5436,0.0,2.961,4.499,156 0 154 75
leucine,0,tyrosine,2,1,8,2,9.672,9.653,0.355,48.9,126.4,0.0451,0.0,2.961,4.594,143 4 226 269 200 194
leucine,0,tyrosine,2,1,8,3,9.672,9.653,0.355,48.9,126.4,0.0,0.0,2.961,4.615,130 252 324 102 76 206 197 152
leucine,0,tyrosine,2,1,8,4,9.672,9.653,0.355,48.9,126.4,0.0,0.0,2.132,4.676,84 311 271 104 157 227 218 269 256 158
leucine,0,tyrosine,2,1,9,1,9.672,9.99,0.355,46.4,110.9,3.99,0.0,2.961,4.298,175 360 204 292
leucine,0,tyrosine,2,1,9,2,9.672,9.99,0.355,46.4,110.9,0.5423,0.0,2.961,4.333,185 357 135 87 164 168
leucine,0,tyrosine,2,1,9,3,9.672,9.99,0.355,46.4,110.9,0.0,0.0,2.961,4.909,188 237 262 136 136 225 203 155
leucine,0,tyrosine,2,1,9,4,9.672,9.99,0.355,46.4,110.9,0.0,0.0,1.789,3.892,66 309 285 61 153 276 214 203 213 180
leucine,0,tyrosine,2,1,10,1,9.672,11.361,0.355,54.8,58.1,4.8539,0.0,2.961,4.909,164 1 206 252
leucine,0,tyrosine,2,1,10,2,9.672,11.361,0.355,54.8,58.1,1.2495,0.0,2.961,4.909,165 0 140 103 181 181
leucine,0,tyrosine,2,1,10,3,9.672,11.361,0.355,54.8,58.1,0.0,0.0,2.961,4.909,149 276 246 133 156 215 208 176
leucine,0,tyrosine,2,1,10,4,9.672,11.361,0.355,54.8,58.1,0.0,0.0,2.961,4.782,158 118 69 347 58 29 321 74 110 189
leucine,0,tyrosine,2,2,8,1,9.672,8.434,0.355,95.9,114.4,1.1586,0.0,3.018,1.328,276 287 186 184
leucine,0,tyrosine,2,2,8,2,9.672,8.434,0.355,95.9,114.4,0.0,0.0,3.018,2.129,216 344 321 320 48 62
leucine,0,tyrosine,2,2,8,3,9.672,8.434,0.355,95.9,114.4,0.0,0.0,3.018,3.783,149 165 120 246 248 122 152 213
leucine,0,tyrosine,2,2,8,4,9.672,8.434,0.355,95.9,114.4,0.0,0.0,3.018,2.416,143 227 65 272 309 2 118 290 124 87
leucine,0,tyrosine,2,2,9,1,9.672,8.299,0.355,112.8,120.6,1.083,0.0,3.018,2.496,205 95 197 190
leucine,0,tyrosine,2,2,9,2,9.672,8.299,0.355,112.8,120.6,0.0,0.0,3.018,3.783,169 151 146 258 280 195
leucine,0,tyrosine,2,2,9,3,9.672,8.299,0.355,112.8,120.6,0.0,0.0,3.018,3.783,147 180 144 236 239 115 131 201
leucine,0,tyrosine,2,2,9,4,9.672,8.299,0.355,112.8,120.6,0.0,0.0,3.018,3.783,130 182 151 224 232 136 144 248 231 159
leucine,0,tyrosine,2,2,10,1,9.672,10.044,0.355,105.4,51.6,2.7576,0.0,3.018,1.711,273 272 179 180
leucine,0,tyrosine,2,2,10,2,9.672,10.044,0.355,105.4,51.6,0.2038,0.0,3.018,3.42,181 97 139 157 93 143
leucine,0,tyrosine,2,2,10,3,9.672,10.044,0.355,105.4,51.6,0.0,0.0,3.018,3.783,179 189 145 216 202 98 140 213
leucine,0,tyrosine,2,2,10,4,9.672,10.044,0.355,105.4,51.6,0.0,0.0,3.018,3.783,144 182 155 215 222 136 144 235 219 163
leucine,0,tyrosine,2,13,8,1,9.672,7.509,0.355,139.2,131.0,0.2222,0.0,2.897,2.686,146 214 176 178
leucine,0,tyrosine,2,13,8,2,9.672,7.509,0.355,139.2,131.0,0.0,0.0,2.897,2.925,195 163 249 95 80 229
leucine,0,tyrosine,2,13,8,3,9.672,7.509,0.355,139.2,131.0,0.0,0.0,2.897,2.925,225 149 235 147 92 239 216 111
leucine,0,tyrosine,2,13,8,4,9.672,7.509,0.355,139.2,131.0,0.0,0.0,2.897,2.925,203 144 179 155 140 246 240 99 117 203
leucine,0,tyrosine,2,13,9,1,9.672,8.109,0.355,121.5,103.3,0.8507,0.0,2.897,1.476,77 121 167 171
leucine,0,tyrosine,2,13,9,2,9.672,8.109,0.355,121.5,103.3,0.0,0.0,2.897,2.925,139 356 345 188 93 19
leucine,0,tyrosine,2,13,9,3,9.672,8.109,0.355,121.5,103.3,0.0,0.0,2.897,2.925,226 186 235 104 100 244 209 141
leucine,0,tyrosine,2,13,9,4,9.672,8.109,0.355,121.5,103.3,0.0,0.0,2.651,0.468,30 52 165 144 99 298 289 25 64 231
leucine,0,tyrosine,2,13,10,1,9.672,9.465,0.355,132.2,51.2,2.1784,0.0,2.897,2.054,90 133 181 181
leucine,0,tyrosine,2,13,10,2,9.672,9.465,0.355,132.2,51.2,0.0373,0.0,2.897,2.925,189 237 144 165 66 147
leucine,0,tyrosine,2,13,10,3,9.672,9.465,0.355,132.2,51.2,0.0,0.0,2.897,2.925,218 153 204 89 196 291 154 134
leucine,0,tyrosine,2,13,10,4,9.672,9.465,0.355,132.2,51.2,0.0,0.0,2.897,2.925,217 155 189 155 142 231 225 116 132 200
leucine,0,phenylalanine,0,1,12,1,12.83,14.775,0.613,27.9,63.6,9.6936,0.0,2.961,3.939,200 360 188 340
leucine,0,phenylalanine,0,1,12,2,12.83,14.775,0.613,27.9,63.6,6.1692,0.0,2.961,3.493,198 0 151 54 183 182
leucine,0,phenylalanine,0,1,12,3,12.83,14.775,0.613,27.9,63.6,2.4422,0.0,2.961,2.698,199 360 203 313 177 179 178 178
leucine,0,phenylalanine,0,1,12,4,12.83,14.775,0.613,27.9,63.6,0.0,0.0,2.961,4.32,246 20 157 289 209 169 170 181 194 179
leucine,0,phenylalanine,0,1,13,1,12.83,12.634,0.613,28.1,175.9,7.6728,0.0,2.961,3.774,188 360 182 356
leucine,0,phenylalanine,0,1,13,2,12.83,12.634,0.613,28.1,175.9,4.1389,0.0,2.961,3.041,188 360 155 48 179 179
leucine,0,phenylalanine,0,1,13,3,12.83,12.634,0.613,28.1,175.9,0.7635,0.0,2.961,2.002,187 359 207 310 161 168 146 155
leucine,0,phenylalanine,0,1,13,4,12.83,12.634,0.613,28.1,175.9,0.0,0.0,2.961,2.922,228 50 109 270 228 166 171 221 235 191
leucine,0,phenylalanine,0,1,14,1,12.83,14.698,0.613,33.4,66.6,9.2588,0.0,2.961,4.011,184 360 164 45
leucine,0,phenylalanine,0,1,14,2,12.83,14.698,0.613,33.4,66.6,5.7769,0.0,2.961,3.829,185 359 212 295 173 176
leucine,0,phenylalanine,0,1,14,3,12.83,14.698,0.613,33.4,66.6,2.0128,0.0,2.961,2.902,184 360 152 62 177 179 178 178
leucine,0,phenylalanine,0,1,14,4,12.83,14.698,0.613,33.4,66.6,0.0001,0.0,2.961,4.014,193 349 240 270 139 136 105 127 148 157
leucine,0,phenylalanine,0,2,12,1,12.83,12.507,0.613,125.0,67.8,5.2488,0.0,3.018,1.85,238 121 183 181
leucine,0,phenylalanine,0,2,12,2,12.83,12.507,0.613,125.0,67.8,1.5201,0.0,3.018,1.795,308 236 182 181 181 181
leucine,0,phenylalanine,0,2,12,3,12.83,12.507,0.613,125.0,67.8,0.0,0.0,3.018,2.338,264 179 199 188 165 123 74 150
leucine,0,phenylalanine,0,2,12,4,12.83,12.507,0.613,125.0,67.8,0.0,0.0,3.018,3.783,182 181 167 217 220 147 156 221 209 168
leucine,0,phenylalanine,0,2,13,1,12.83,10.483,0.613,119.1,177.6,3.3111,0.0,3.018,1.548,309 248 180 180
leucine,0,phenylalanine,0,2,13,2,12.83,10.483,0.613,119.1,177.6,0.4369,0.0,3.018,2.113,314 230 175 177 106 145
leucine,0,phenylalanine,0,2,13,3,12.83,10.483,0.613,119.1,177.6,0.0,0.0,3.018,3.203,193 176 160 220 220 127 140 198
leucine,0,phenylalanine,0,2,13,4,12.83,10.483,0.613,119.1,177.6,0.0,0.0,3.018,3.655,169 190 168 223 228 126 139 221 201 162
leucine,0,phenylalanine,0,2,14,1,12.83,12.62,0.613,119.8,63.3,5.3558,0.0,3.018,1.425,303 247 180 180
leucine,0,phenylalanine,0,2,14,2,12.83,12.62,0.613,119.8,63.3,1.6488,0.0,3.018,1.919,231 113 186 183 183 183
leucine,0,phenylalanine,0,2,14,3,12.83,12.62,0.613,119.8,63.3,0.0,0.0,3.018,3.632,201 167 158 213 208 150 165 196
leucine,0,phenylalanine,0,2,14,4,12.83,12.62,0.613,119.8,63.3,0.0,0.0,3.018,3.783,181 179 166 209 213 148 154 226 216 169
leucine,0,phenylalanine,0,13,12,1,12.83,12.952,0.613,105.5,57.1,5.7106,0.0,2.897,0.665,55 89 176 177
leucine,0,phenylalanine,0,13,12,2,12.83,12.952,0.613,105.5,57.1,1.9894,0.0,2.897,1.323,125 275 170 175 172 173
leucine,0,phenylalanine,0,13,12,3,12.83,12.952,0.613,105.5,57.1,0.0,0.0,2.897,1.75,122 322 178 179 187 126 126 187
leucine,0,phenylalanine,0,13,12,4,12.83,12.952,0.613,105.5,57.1,0.0,0.0,2.897,2.925,172 213 220 136 135 193 188 102 104 185
leucine,0,phenylalanine,0,13,13,1,12.83,10.687,0.613,110.2,168.4,3.5007,0.0,2.897,0.79,55 97 178 179
leucine,0,phenylalanine,0,13,13,2,12.83,10.687,0.613,110.2,168.4,0.3697,0.0,2.897,1.273,129 243 188 185 119 147
leucine,0,phenylalanine,0,13,13,3,12.83,10.687,0.613,110.2,168.4,0.0,0.0,2.897,2.334,165 190 205 141 143 231 218 162
leucine,0,phenylalanine,0,13,13,4,12.83,10.687,0.613,110.2,168.4,0.0,0.0,2.897,1.861,194 176 199 133 128 235 221 145 168 200
leucine,0,phenylalanine,0,13,14,1,12.83,12.727,0.613,115.1,66.2,5.4662,0.0,2.897,0.864,59 104 182 181
leucine,0,phenylalanine,0,13,14,2,12.83,12.727,0.613,115.1,66.2,1.741,0.0,2.897,1.402,131 255 178 179 178 178
leucine,0,phenylalanine,0,13,14,3,12.83,12.727,0.613,115.1,66.2,0.0,0.0,2.897,2.925,158 199 202 149 153 209 198 168
leucine,0,phenylalanine,0,13,14,4,12.83,12.727,0.613,115.1,66.2,0.0,0.0,2.897,2.925,176 180 193 149 147 221 214 144 156 193
leucine,0,aspartic,9,1,3,1,10.241,11.684,0.052,5.0,89.3,8.8413,0.0,2.961,4.147,213 0 180 0
leucine,0,aspartic,9,1,3,2,10.241,11.684,0.052,5.0,89.3,5.1511,0.0,2.961,2.9,220 360 181 359 155 128
leucine,0,aspartic,9,1,3,3,10.241,11.684,0.052,5.0,89.3,1.559,0.0,2.185,2.623,218 360 180 360 219 242 178 179
leucine,0,aspartic,9,1,3,4,10.241,11.684,0.052,5.0,89.3,0.0,0.0,2.678,2.966,228 67 113 279 227 138 162 203 198 180
leucine,0,aspartic,9,1,4,1,10.241,12.753,0.052,5.8,47.1,9.704,0.0,1.434,2.963,17 360 180 360
leucine,0,aspartic,9,1,4,2,10.241,12.753,0.052,5.8,47.1,6.0097,0.0,1.508,0.671,13 0 179 1 202 221
leucine,0,aspartic,9,1,4,3,10.241,12.753,0.052,5.8,47.1,2.4132,0.0,1.091,0.714,16 0 180 0 142 125 181 181
leucine,0,aspartic,9,1,4,4,10.241,12.753,0.052,5.8,47.1,0.0,0.0,1.436,1.936,51 335 218 38 159 219 184 152 151 175
leucine,0,aspartic,9,1,5,1,10.241,12.465,0.052,10.7,59.6,8.9566,0.0,1.927,4.909,295 0 180 0
leucine,0,aspartic,9,1,5,2,10.241,12.465,0.052,10.7,59.6,5.3224,0.0,1.791,3.736,300 359 183 356 159 152
leucine,0,aspartic,9,1,5,3,10.241,12.465,0.052,10.7,59.6,1.6624,0.0,1.35,2.471,296 360 180 360 216 226 179 179
leucine,0,aspartic,9,1,5,4,10.241,12.465,0.052,10.7,59.6,0.0,0.0,1.908,4.473,284 65 107 282 244 140 160 192 186 177
leucine,0,aspartic,9,2,3,1,10.241,9.656,0.052,105.1,92.5,2.3768,0.0,1.802,1.925,337 273 177 178
leucine,0,aspartic,9,2,3,2,10.241,9.656,0.052,105.1,92.5,0.0,0.0,2.514,2.206,250 151 148 227 207 153
leucine,0,aspartic,9,2,3,3,10.241,9.656,0.052,105.1,92.5,0.0,0.0,2.728,0.613,208 160 122 259 249 127 181 228
leucine,0,aspartic,9,2,3,4,10.241,9.656,0.052,105.1,92.5,0.0,0.0,2.951,3.613,202 179 170 226 227 121 130 224 208 164
leucine,0,aspartic,9,2,4,1,10.241,10.984,0.052,95.4,39.0,3.7258,0.0,1.606,1.781,339 290 184 182
leucine,0,aspartic,9,2,4,2,10.241,10.984,0.052,95.4,39.0,0.6139,0.0,1.397,0.768,275 36 201 197 107 147
leucine,0,aspartic,9,2,4,3,10.241,10.984,0.052,95.4,39.0,0.0,0.0,1.124,0.152,279 68 145 316 10 164 21 166
leucine,0,aspartic,9,2,4,4,10.241,10.984,0.052,95.4,39.0,0.0,0.0,2.982,1.527,215 137 141 233 232 155 158 259 254 169
leucine,0,aspartic,9,2,5,1,10.241,10.427,0.052,106.7,63.5,3.1592,0.0,1.819,1.569,274 89 184 183
leucine,0,aspartic,9,2,5,2,10.241,10.427,0.052,106.7,63.5,0.1078,0.0,1.34,3.004,359 265 145 162 113 142
leucine,0,aspartic,9,2,5,3,10.241,10.427,0.052,106.7,63.5,0.0,0.0,2.871,2.361,257 170 168 212 208 100 109 192
leucine,0,aspartic,9,2,5,4,10.241,10.427,0.052,106.7,63.5,0.0,0.0,3.018,3.518,206 168 169 231 231 133 141 218 205 165
leucine,0,aspartic,9,13,3,1,10.241,9.799,0.052,99.4,93.4,2.5307,0.0,2.706,0.842,29 76 185 183
leucine,0,aspartic,9,13,3,2,10.241,9.799,0.052,99.4,93.4,0.0,0.0,2.897,0.232,111 219 212 136 152 200
leucine,0,aspartic,9,13,3,3,10.241,9.799,0.052,99.4,93.4,0.0,0.0,2.386,2.401,154 208 234 103 111 228 189 145
leucine,0,aspartic,9,13,3,4,10.241,9.799,0.052,99.4,93.4,0.0,0.0,2.897,1.392,156 181 193 132 134 245 232 138 154 194
leucine,0,aspartic,9,13,4,1,10.241,10.895,0.052,98.8,51.2,3.6371,0.0,2.671,0.402,88 285 175 177
leucine,0,aspartic,9,13,4,2,10.241,10.895,0.052,98.8,51.2,0.4072,0.0,1.448,0.376,83 256 206 197 113 144
leucine,0,aspartic,9,13,4,3,10.241,10.895,0.052,98.8,51.2,0.0,0.0,2.897,1.827,97 201 193 151 159 259 259 178
leucine,0,aspartic,9,13,4,4,10.241,10.895,0.052,98.8,51.2,0.0,0.0,2.842,2.678,124 188 184 142 146 242 236 138 148 193
leucine,0,aspartic,9,13,5,1,10.241,10.907,0.052,88.2,50.7,3.6343,0.0,2.11,0.638,32 56 178 179
leucine,0,aspartic,9,13,5,2,10.241,10.907,0.052,88.2,50.7,0.4144,0.0,0.571,0.737,86 337 162 164 248 211
leucine,0,aspartic,9,13,5,3,10.241,10.907,0.052,88.2,50.7,0.0,0.0,1.456,0.952,114 307 195 51 59 210 273 223
leucine,0,aspartic,9,13,5,4,10.241,10.907,0.052,88.2,50.7,0.0,0.0,2.897,2.699,150 220 219 131 134 207 199 110 117 190
leucine,0,serine,8,1,3,1,11.386,12.332,-0.223,7.4,108.6,9.1682,0.0,2.397,3.276,80 0 180 0
leucine,0,serine,8,1,3,2,11.386,12.332,-0.223,7.4,108.6,5.4607,0.0,2.522,2.342,84 360 181 359 159 141
leucine,0,serine,8,1,3,3,11.386,12.332,-0.223,7.4,108.6,1.8847,0.0,2.48,0.997,83 0 180 0 217 233 180 180
leucine,0,serine,8,1,3,4,11.386,12.332,-0.223,7.4,108.6,0.0,0.0,2.66,1.455,103 300 242 72 130 219 197 163 164 178
leucine,0,serine,8,1,4,1,11.386,11.852,-0.223,10.4,130.7,8.4545,0.0,2.961,3.763,161 360 180 360
leucine,0,serine,8,1,4,2,11.386,11.852,-0.223,10.4,130.7,4.7816,0.0,2.961,2.227,157 0 179 1 201 215
leucine,0,serine,8,1,4,3,11.386,11.852,-0.223,10.4,130.7,1.218,0.0,2.961,0.574,156 360 180 360 146 132 178 179
leucine,0,serine,8,1,4,4,11.386,11.852,-0.223,10.4,130.7,0.0,0.0,2.961,0.37,124 293 263 81 116 222 203 165 172 184
leucine,0,serine,8,1,5,1,11.386,13.84,-0.223,3.9,49.6,10.8807,0.0,2.961,3.712,176 360 180 360
leucine,0,serine,8,1,5,2,11.386,13.84,-0.223,3.9,49.6,7.1534,0.0,2.961,2.233,174 0 180 0 200 220
leucine,0,serine,8,1,5,3,11.386,13.84,-0.223,3.9,49.6,3.5976,0.0,2.961,0.741,177 360 180 360 143 127 179 180
leucine,0,serine,8,1,5,4,11.386,13.84,-0.223,3.9,49.6,0.2179,0.0,2.961,3.2,241 360 180 360 142 133 178 179 207 201
leucine,0,serine,8,2,3,1,11.386,10.649,-0.223,92.2,102.0,3.3816,0.0,3.018,0.674,266 64 179 179
leucine,0,serine,8,2,3,2,11.386,10.649,-0.223,92.2,102.0,0.0,0.0,3.018,1.545,270 104 150 205 188 177
leucine,0,serine,8,2,3,3,11.386,10.649,-0.223,92.2,102.0,0.0,0.0,3.018,0.739,218 130 121 281 263 139 175 212
leucine,0,serine,8,2,3,4,11.386,10.649,-0.223,92.2,102.0,0.0,0.0,3.018,2.514,226 172 153 254 253 48 88 247 198 137
leucine,0,serine,8,2,4,1,11.386,9.924,-0.223,102.0,135.6,2.7092,0.0,3.018,1.119,325 280 173 176
leucine,0,serine,8,2,4,2,11.386,9.924,-0.223,102.0,135.6,0.0,0.0,3.018,0.938,270 66 175 200 137 36
leucine,0,serine,8,2,4,3,11.386,9.924,-0.223,102.0,135.6,0.0,0.0,3.018,1.302,253 110 211 163 265 166 336 64
leucine,0,serine,8,2,4,4,11.386,9.924,-0.223,102.0,135.6,0.0,0.0,3.018,2.377,229 173 177 202 196 128 122 248 255 174
leucine,0,serine,8,2,5,1,11.386,11.877,-0.223,103.1,54.9,4.6296,0.0,3.018,0.803,260 83 185 183
leucine,0,serine,8,2,5,2,11.386,11.877,-0.223,103.1,54.9,0.8982,0.0,3.018,0.95,265 81 188 184 186 185
leucine,0,serine,8,2,5,3,11.386,11.877,-0.223,103.1,54.9,0.0,0.0,3.018,2.159,260 157 165 198 191 115 112 177
leucine,0,serine,8,2,5,4,11.386,11.877,-0.223,103.1,54.9,0.0,0.0,3.018,3.292,215 170 167 217 215 136 143 218 208 169
leucine,0,serine,8,13,3,1,11.386,10.274,-0.223,106.8,105.8,3.0034,0.0,2.897,0.219,91 269 180 180
leucine,0,serine,8,13,3,2,11.386,10.274,-0.223,106.8,105.8,0.0,0.0,2.897,1.129,91 213 216 149 170 209
leucine,0,serine,8,13,3,3,11.386,10.274,-0.223,106.8,105.8,0.0,0.0,2.897,1.287,123 209 271 65 83 247 167 103
leucine,0,serine,8,13,3,4,11.386,10.274,-0.223,106.8,105.8,0.0,0.0,2.897,1.753,149 176 189 111 119 284 259 142 167 201
leucine,0,serine,8,13,4,1,11.386,9.746,-0.223,109.2,129.9,2.4953,0.0,2.897,0.445,30 94 181 181
leucine,0,serine,8,13,4,2,11.386,9.746,-0.223,109.2,129.9,0.0,0.0,2.897,1.11,89 171 261 160 180 267
leucine,0,serine,8,13,4,3,11.386,9.746,-0.223,109.2,129.9,0.0,0.0,2.897,1.014,129 180 198 143 145 264 248 159
leucine,0,serine,8,13,4,4,11.386,9.746,-0.223,109.2,129.9,0.0,0.0,2.897,1.234,171 185 199 138 133 223 213 125 142 197
leucine,0,serine,8,13,5,1,11.386,11.858,-0.223,103.9,43.1,4.6076,0.0,2.845,0.666,26 86 176 178
leucine,0,serine,8,13,5,2,11.386,11.858,-0.223,103.9,43.1,0.9112,0.0,2.897,0.858,30 82 170 175 168 169
leucine,0,serine,8,13,5,3,11.386,11.858,-0.223,103.9,43.1,0.0,0.0,2.897,0.827,103 328 186 193 198 111 115 193
leucine,0,serine,8,13,5,4,11.386,11.858,-0.223,103.9,43.1,0.0,0.0,2.897,2.65,152 214 214 134 135 201 195 106 109 189
serine,13,aspartic,13,3,3,1,12.922,13.76,-0.997,106.4,32.6,6.5271,0.0,4.207,1.878,52 271 177 178
serine,13,aspartic,13,3,3,2,12.922,13.76,-0.997,106.4,32.6,2.8024,0.0,0.684,0.767,341 89 174 177 175 176
serine,13,aspartic,13,3,3,3,12.922,13.76,-0.997,106.4,32.6,0.4001,0.0,1.728,2.467,43 246 183 182 182 182 284 206
serine,13,aspartic,13,3,3,4,12.922,13.76,-0.997,106.4,32.6,0.0,0.0,2.294,3.43,308 72 246 6 16 178 136 125 347 232
serine,13,aspartic,13,3,4,1,12.922,12.195,-0.997,99.0,97.9,4.9332,0.0,4.222,2.004,46 283 181 180
serine,13,aspartic,13,3,4,2,12.922,12.195,-0.997,99.0,97.9,1.2112,0.0,1.666,1.415,340 73 184 182 183 183
serine,13,aspartic,13,3,4,3,12.922,12.195,-0.997,99.0,97.9,0.0,0.0,1.37,2.601,37 239 277 238 154 5 47 272
serine,13,aspartic,13,3,4,4,12.922,12.195,-0.997,99.0,97.9,0.0,0.0,3.263,1.045,4 323 287 26 53 236 205 84 103 201
serine,13,aspartic,13,3,5,1,12.922,12.961,-0.997,98.4,69.1,5.6989,0.0,4.236,2.046,346 76 179 179
serine,13,aspartic,13,3,5,2,12.922,12.961,-0.997,98.4,69.1,1.9824,0.0,1.74,1.016,52 289 175 177 176 176
serine,13,aspartic,13,3,5,3,12.922,12.961,-0.997,98.4,69.1,0.0,0.0,3.359,0.723,5 77 167 192 191 128 332 160
serine,13,aspartic,13,3,5,4,12.922,12.961,-0.997,98.4,69.1,0.0,0.0,2.53,0.31,9 344 314 30 48 229 198 114 133 199
serine,13,aspartic,13,4,3,1,12.922,14.969,-0.997,60.0,24.5,8.114,0.0,6.135,0.552,309 360 158 133
serine,13,aspartic,13,4,3,2,12.922,14.969,-0.997,60.0,24.5,4.5821,0.0,2.668,0.289,308 0 218 237 181 181
serine,13,aspartic,13,4,3,3,12.922,14.969,-0.997,60.0,24.5,1.106,0.0,0.8,0.545,296 0 229 239 180 180 179 180
serine,13,aspartic,13,4,3,4,12.922,14.969,-0.997,60.0,24.5,0.0948,0.0,1.487,0.498,275 5 230 233 193 191 153 161 8 174
serine,13,aspartic,13,4,4,1,12.922,13.307,-0.997,56.4,97.5,6.6274,0.0,6.162,0.838,317 360 204 245
serine,13,aspartic,13,4,4,2,12.922,13.307,-0.997,56.4,97.5,3.0873,0.0,2.587,0.682,318 359 141 113 176 177
serine,13,aspartic,13,4,4,3,12.922,13.307,-0.997,56.4,97.5,0.0,0.0,1.846,0.894,330 359 146 25 292 176 172 170
serine,13,aspartic,13,4,4,4,12.922,13.307,-0.997,56.4,97.5,0.0,0.0,2.145,0.869,275 78 109 290 259 159 174 246 241 168
serine,13,aspartic,13,4,5,1,12.922,13.802,-0.997,66.7,78.9,6.7517,0.0,6.286,0.76,313 2 198 205
serine,13,aspartic,13,4,5,2,12.922,13.802,-0.997,66.7,78.9,3.1458,0.0,2.84,0.615,315 1 146 135 182 181
serine,13,aspartic,13,4,5,3,12.922,13.802,-0.997,66.7,78.9,0.0,0.0,2.482,0.498,311 337 202 91 256 173 159 147
serine,13,aspartic,13,4,5,4,12.922,13.802,-0.997,66.7,78.9,0.0,0.0,2.204,0.812,342 26 60 316 297 135 162 214 195 166
serine,13,aspartic,13,5,3,1,12.922,15.405,-0.997,40.0,28.5,9.5555,0.0,7.69,4.979,44 0 202 289
serine,13,aspartic,13,5,3,2,12.922,15.405,-0.997,40.0,28.5,6.0439,0.0,4.289,3.574,44 0 144 81 183 182
serine,13,aspartic,13,5,3,3,12.922,15.405,-0.997,40.0,28.5,2.2999,0.0,1.396,2.705,44 0 212 281 181 180 181 181
serine,13,aspartic,13,5,3,4,12.922,15.405,-0.997,40.0,28.5,0.2029,0.0,2.519,4.416,58 360 146 99 179 179 179 179 62 157
serine,13,aspartic,13,5,4,1,12.922,13.575,-0.997,44.3,106.2,7.5361,0.0,7.734,4.979,37 360 156 80
serine,13,aspartic,13,5,4,2,12.922,13.575,-0.997,44.3,106.2,4.032,0.0,4.34,3.765,38 359 217 275 173 176
serine,13,aspartic,13,5,4,3,12.922,13.575,-0.997,44.3,106.2,0.2653,0.0,1.873,3.135,36 0 148 85 182 181 181 181
serine,13,aspartic,13,5,4,4,12.922,13.575,-0.997,44.3,106.2,0.0,0.0,1.692,3.309,37 311 280 53 76 220 195 148 163 192
serine,13,aspartic,13,5,5,1,12.922,14.492,-0.997,35.2,71.4,8.9627,0.0,7.782,4.848,32 0 161 51
serine,13,aspartic,13,5,5,2,12.922,14.492,-0.997,35.2,71.4,5.4207,0.0,4.199,3.165,32 0 214 290 180 180
serine,13,aspartic,13,5,5,3,12.922,14.492,-0.997,35.2,71.4,1.6974,0.0,1.447,1.962,32 0 152 65 181 180 180 180
serine,13,aspartic,13,5,5,4,12.922,14.492,-0.997,35.2,71.4,0.0,0.0,2.342,1.824,34 0 193 1 120 215 111 201 44 102
serine,13,glutamic,1,3,5,1,7.687,8.897,-0.402,84.7,25.4,1.632,0.0,3.191,0.995,51 49 187 185
serine,13,glutamic,1,3,5,2,7.687,8.897,-0.402,84.7,25.4,0.5561,0.0,3.036,0.61,34 2 243 245 3 177
serine,13,glutamic,1,3,5,3,7.687,8.897,-0.402,84.7,25.4,0.0,0.0,3.405,1.592,15 22 194 336 283 187 354 146
serine,13,glutamic,1,3,5,4,7.687,8.897,-0.402,84.7,25.4,0.0,0.0,4.208,3.24,176 263 214 102 105 204 235 123 97 206
serine,13,glutamic,1,3,6,1,7.687,6.851,-0.402,86.9,111.3,0.0,0.0,3.338,0.421,49 100 112 212
serine,13,glutamic,1,3,6,2,7.687,6.851,-0.402,86.9,111.3,0.0,0.0,3.407,0.717,91 113 328 17 289 339
serine,13,glutamic,1,3,6,3,7.687,6.851,-0.402,86.9,111.3,0.0,0.0,2.275,1.872,139 152 245 74 169 298 297 252
serine,13,glutamic,1,3,6,4,7.687,6.851,-0.402,86.9,111.3,0.0,0.0,4.297,1.855,159 261 254 98 82 251 250 57 87 223
serine,13,glutamic,1,3,7,1,7.687,6.908,-0.402,85.2,108.9,0.0,0.0,4.324,1.267,116 268 230 139
serine,13,glutamic,1,3,7,2,7.687,6.908,-0.402,85.2,108.9,0.0,0.0,4.173,3.329,154 196 260 97 116 247
serine,13,glutamic,1,3,7,3,7.687,6.908,-0.402,85.2,108.9,0.0,0.0,4.173,3.43,179 197 222 125 109 262 246 147
serine,13,glutamic,1,3,7,4,7.687,6.908,-0.402,85.2,108.9,0.0,0.0,5.028,3.43,173 307 246 6 128 297 220 83 77 187
serine,13,glutamic,1,4,5,1,7.687,7.98,-0.402,122.0,39.0,0.8133,0.0,4.196,1.948,342 228 211 195
serine,13,glutamic,1,4,5,2,7.687,7.98,-0.402,122.0,39.0,0.0,0.0,4.028,2.249,343 116 299 204 25 144
serine,13,glutamic,1,4,5,3,7.687,7.98,-0.402,122.0,39.0,0.0,0.0,4.185,2.676,232 210 135 343 96 162 9 101
serine,13,glutamic,1,4,5,4,7.687,7.98,-0.402,122.0,39.0,0.0,0.0,3.965,3.098,180 187 173 225 234 129 135 241 224 159
serine,13,glutamic,1,4,6,1,7.687,6.324,-0.402,107.4,104.1,0.0,0.0,4.254,1.641,316 84 23 215
serine,13,glutamic,1,4,6,2,7.687,6.324,-0.402,107.4,104.1,0.0,0.0,3.497,0.486,243 288 328 344 285 246
serine,13,glutamic,1,4,6,3,7.687,6.324,-0.402,107.4,104.1,0.0,0.0,3.607,0.715,228 166 45 295 279 42 205 312
serine,13,glutamic,1,4,6,4,7.687,6.324,-0.402,107.4,104.1,0.0,0.0,3.823,2.725,25 46 92 46 7 89 127 325 270 124
serine,13,glutamic,1,4,7,1,7.687,5.91,-0.402,127.6,122.8,0.0,0.0,4.389,2.056,268 253 63 259
serine,13,glutamic,1,4,7,2,7.687,5.91,-0.402,127.6,122.8,0.0,0.0,4.177,2.099,221 222 32 342 282 323
serine,13,glutamic,1,4,7,3,7.687,5.91,-0.402,127.6,122.8,0.0,0.0,4.158,3.098,170 171 131 244 289 103 119 249
serine,13,glutamic,1,4,7,4,7.687,5.91,-0.402,127.6,122.8,0.0,0.0,4.3,3.098,146 179 167 222 250 129 127 268 241 147
serine,13,glutamic,1,5,5,1,7.687,10.315,-0.402,19.5,37.0,6.2321,0.0,8.942,4.35,247 360 180 360
serine,13,glutamic,1,5,5,2,7.687,10.315,-0.402,19.5,37.0,2.5745,0.0,5.908,3.51,244 1 173 9 198 198
serine,13,glutamic,1,5,5,3,7.687,10.315,-0.402,19.5,37.0,0.0004,0.0,4.065,4.53,270 0 148 62 171 176 284 206
serine,13,glutamic,1,5,5,4,7.687,10.315,-0.402,19.5,37.0,0.0,0.0,3.802,4.778,328 45 96 272 252 141 146 208 214 180
serine,13,glutamic,1,5,6,1,7.687,8.439,-0.402,10.1,112.7,5.7415,0.0,9.081,4.323,257 360 180 360
serine,13,glutamic,1,5,6,2,7.687,8.439,-0.402,10.1,112.7,1.9614,0.0,5.889,2.914,256 360 181 360 205 261
serine,13,glutamic,1,5,6,3,7.687,8.439,-0.402,10.1,112.7,0.0,0.0,4.049,2.233,323 46 141 309 181 103 152 185
serine,13,glutamic,1,5,6,4,7.687,8.439,-0.402,10.1,112.7,0.0,0.0,3.956,3.157,328 36 72 299 269 107 131 221 206 167
serine,13,glutamic,1,5,7,1,7.687,8.304,-0.402,25.1,118.8,4.0915,0.0,8.724,4.318,228 0 180 0
serine,13,glutamic,1,5,7,2,7.687,8.304,-0.402,25.1,118.8,0.7622,0.0,5.72,3.636,243 359 186 354 139 133
serine,13,glutamic,1,5,7,3,7.687,8.304,-0.402,25.1,118.8,0.0,0.0,5.019,3.839,265 59 147 266 204 109 108 166
serine,13,glutamic,1,5,7,4,7.687,8.304,-0.402,25.1,118.8,0.0,0.0,5.035,3.971,321 28 67 298 266 108 130 219 206 169
serine,13,isoleucine,6,3,4,1,13.208,13.333,-0.793,128.4,41.9,6.0767,0.0,3.815,1.038,84 232 180 180
serine,13,isoleucine,6,3,4,2,13.208,13.333,-0.793,128.4,41.9,2.3511,0.0,1.24,1.881,17 131 177 179 178 178
serine,13,isoleucine,6,3,4,3,13.208,13.333,-0.793,128.4,41.9,0.1405,0.0,1.632,2.002,57 224 166 174 170 170 65 157
serine,13,isoleucine,6,3,4,4,13.208,13.333,-0.793,128.4,41.9,0.0,0.0,1.588,2.353,348 184 75 54 270 324 14 205 33 91
serine,13,isoleucine,6,3,5,1,13.208,11.525,-0.793,120.8,114.4,4.2942,0.0,4.139,0.762,88 244 186 184
serine,13,isoleucine,6,3,5,2,13.208,11.525,-0.793,120.8,114.4,0.5376,0.0,2.151,1.245,17 116 182 181 181 181
serine,13,isoleucine,6,3,5,3,13.208,11.525,-0.793,120.8,114.4,0.0,0.0,2.816,2.292,136 202 203 118 123 208 190 162
serine,13,isoleucine,6,3,5,4,13.208,11.525,-0.793,120.8,114.4,0.0,0.0,2.309,2.318,174 181 195 110 135 275 209 189 229 198
serine,13,isoleucine,6,3,6,1,13.208,13.05,-0.793,124.2,55.0,5.7943,0.0,3.871,1.387,22 121 178 179
serine,13,isoleucine,6,3,6,2,13.208,13.05,-0.793,124.2,55.0,2.0636,0.0,1.96,0.821,92 237 180 180 180 180
serine,13,isoleucine,6,3,6,3,13.208,13.05,-0.793,124.2,55.0,0.0,0.0,3.852,1.272,116 268 114 162 129 136 282 218
serine,13,isoleucine,6,3,6,4,13.208,13.05,-0.793,124.2,55.0,0.0,0.0,4.117,3.345,155 194 196 139 137 198 194 131 137 190
serine,13,isoleucine,6,4,4,1,13.208,14.512,-0.793,80.3,34.5,7.2602,0.0,5.212,0.581,261 35 179 180
serine,13,isoleucine,6,4,4,2,13.208,14.512,-0.793,80.3,34.5,3.6681,0.0,1.69,0.579,296 335 162 169 167 169
serine,13,isoleucine,6,4,4,3,13.208,14.512,-0.793,80.3,34.5,0.6593,0.0,1.158,0.599,287 357 145 143 172 174 102 147
serine,13,isoleucine,6,4,4,4,13.208,14.512,-0.793,80.3,34.5,0.0,0.0,1.631,0.602,283 46 161 245 217 221 212 248 327 217
serine,13,isoleucine,6,4,5,1,13.208,12.46,-0.793,83.4,119.5,5.2141,0.0,5.372,0.455,262 43 183 182
serine,13,isoleucine,6,4,5,2,13.208,12.46,-0.793,83.4,119.5,1.5247,0.0,2.177,0.688,304 325 171 175 172 173
serine,13,isoleucine,6,4,5,3,13.208,12.46,-0.793,83.4,119.5,0.0,0.0,1.994,2.294,238 150 116 237 218 162 214 225
serine,13,isoleucine,6,4,5,4,13.208,12.46,-0.793,83.4,119.5,0.0,0.0,3.54,2.228,214 158 155 220 216 131 142 208 194 167
serine,13,isoleucine,6,4,6,1,13.208,13.885,-0.793,90.0,63.7,6.6777,0.0,5.769,0.447,310 302 174 176
serine,13,isoleucine,6,4,6,2,13.208,13.885,-0.793,90.0,63.7,2.9196,0.0,2.921,0.471,255 54 175 178 176 176
serine,13,isoleucine,6,4,6,3,13.208,13.885,-0.793,90.0,63.7,0.0,0.0,4.049,1.323,251 102 157 189 178 155 140 160
serine,13,isoleucine,6,4,6,4,13.208,13.885,-0.793,90.0,63.7,0.0,0.0,4.429,3.098,209 156 155 220 215 142 152 200 188 169
serine,13,isoleucine,6,5,4,1,13.208,15.709,-0.793,24.8,42.3,10.7918,0.0,8.294,4.897,98 0 178 4
serine,13,isoleucine,6,5,4,2,13.208,15.709,-0.793,24.8,42.3,7.2948,0.0,4.727,4.03,100 360 206 312 176 177
serine,13,isoleucine,6,5,4,3,13.208,15.709,-0.793,24.8,42.3,3.5636,0.0,1.186,3.338,99 360 159 41 180 180 180 180
serine,13,isoleucine,6,5,4,4,13.208,15.709,-0.793,24.8,42.3,0.3093,0.0,1.23,3.71,89 0 207 300 187 183 185 185 232 205
serine,13,isoleucine,6,5,5,1,13.208,13.816,-0.793,18.8,118.7,9.4814,0.0,8.296,4.979,94 0 179 2
serine,13,isoleucine,6,5,5,2,13.208,13.816,-0.793,18.8,118.7,5.8398,0.0,4.627,3.409,95 360 194 336 179 179
serine,13,isoleucine,6,5,5,3,13.208,13.816,-0.793,18.8,118.7,2.225,0.0,1.907,2.63,92 1 172 13 200 194 193 190
serine,13,isoleucine,6,5,5,4,13.208,13.816,-0.793,18.8,118.7,0.0,0.0,1.868,1.608,67 302 222 61 121 159 157 191 190 179
serine,13,isoleucine,6,5,6,1,13.208,15.407,-0.793,18.9,56.3,10.9628,0.0,8.483,4.586,118 360 181 358
serine,13,isoleucine,6,5,6,2,13.208,15.407,-0.793,18.9,56.3,7.3672,0.0,4.87,3.181,117 0 162 31 181 181
serine,13,isoleucine,6,5,6,3,13.208,15.407,-0.793,18.9,56.3,3.7068,0.0,2.293,2.669,120 359 190 342 169 173 172 173
serine,13,isoleucine,6,5,6,4,13.208,15.407,-0.793,18.9,56.3,0.3687,0.0,2.944,2.434,140 360 184 353 168 172 175 176 137 155
serine,13,leucine,0,3,1,1,6.468,7.189,-0.828,76.9,56.5,0.4511,0.0,0.673,3.43,326 357 255 239
serine,13,leucine,0,3,1,2,6.468,7.189,-0.828,76.9,56.5,0.0,0.0,1.529,3.43,320 220 351 282 320 163
serine,13,leucine,0,3,1,3,6.468,7.189,-0.828,76.9,56.5,0.0,0.0,2.241,3.43,333 105 6 338 292 89 109 6
serine,13,leucine,0,3,1,4,6.468,7.189,-0.828,76.9,56.5,0.0,0.0,1.532,3.287,8 347 46 311 308 114 91 309 233 90
serine,13,leucine,0,3,2,1,6.468,6.726,-0.828,95.9,73.9,0.0,0.0,1.977,3.144,14 226 285 167
serine,13,leucine,0,3,2,2,6.468,6.726,-0.828,95.9,73.9,0.0,0.0,2.908,1.187,42 59 10 319 281 108
serine,13,leucine,0,3,2,3,6.468,6.726,-0.828,95.9,73.9,0.0,0.0,2.721,3.43,264 356 280 301 311 207 243 56
serine,13,leucine,0,3,2,4,6.468,6.726,-0.828,95.9,73.9,0.0,0.0,2.015,3.43,278 295 56 172 307 18 212 284 133 323
serine,13,leucine,0,3,13,1,6.468,7.457,-0.828,81.2,45.3,0.5791,0.0,2.245,1.457,29 3 106 144
serine,13,leucine,0,3,13,2,6.468,7.457,-0.828,81.2,45.3,0.0,0.0,2.82,0.804,28 65 99 155 321 302
serine,13,leucine,0,3,13,3,6.468,7.457,-0.828,81.2,45.3,0.0,0.0,2.852,0.458,21 242 13 338 59 96 90 333
serine,13,leucine,0,3,13,4,6.468,7.457,-0.828,81.2,45.3,0.0,0.0,1.134,0.301,328 40 309 15 67 253 277 84 90 242
serine,13,leucine,0,4,1,1,6.468,8.124,-0.828,39.1,60.3,2.7171,0.0,1.044,2.141,346 359 189 343
serine,13,leucine,0,4,1,2,6.468,8.124,-0.828,39.1,60.3,0.0,0.0,1.381,3.098,21 7 161 11 115 154
serine,13,leucine,0,4,1,3,6.468,8.124,-0.828,39.1,60.3,0.0,0.0,1.723,3.098,47 20 79 339 276 29 75 204
serine,13,leucine,0,4,1,4,6.468,8.124,-0.828,39.1,60.3,0.0,0.0,2.212,1.594,256 359 156 7 177 93 153 218 308 197
serine,13,leucine,0,4,2,1,6.468,8.159,-0.828,39.7,59.0,2.6986,0.0,2.444,0.794,316 1 171 19
serine,13,leucine,0,4,2,2,6.468,8.159,-0.828,39.7,59.0,0.0,0.0,2.76,0.457,277 7 189 344 246 207
serine,13,leucine,0,4,2,3,6.468,8.159,-0.828,39.7,59.0,0.0,0.0,3.24,0.614,321 42 70 314 289 88 123 221
serine,13,leucine,0,4,2,4,6.468,8.159,-0.828,39.7,59.0,0.0,0.0,3.541,1.429,333 19 56 315 287 103 128 250 228 159
serine,13,leucine,0,4,13,1,6.468,8.179,-0.828,53.7,58.2,1.8264,0.0,2.048,1.524,330 1 203 279
serine,13,leucine,0,4,13,2,6.468,8.179,-0.828,53.7,58.2,0.0,0.0,1.589,1.831,8 19 107 320 279 157
serine,13,leucine,0,4,13,3,6.468,8.179,-0.828,53.7,58.2,0.0,0.0,2.913,1.523,11 23 54 319 285 84 131 222
serine,13,leucine,0,4,13,4,6.468,8.179,-0.828,53.7,58.2,0.0,0.0,3.492,0.583,338 14 52 323 294 99 126 266 238 153
serine,13,leucine,0,5,1,1,6.468,7.553,-0.828,63.4,74.3,0.6904,0.0,1.766,4.979,27 359 156 109
serine,13,leucine,0,5,1,2,6.468,7.553,-0.828,63.4,74.3,0.0,0.0,1.394,4.979,28 231 2 310 156 269
serine,13,leucine,0,5,1,3,6.468,7.553,-0.828,63.4,74.3,0.0,0.0,2.369,4.979,324 321 321 69 91 259 194 115
serine,13,leucine,0,5,1,4,6.468,7.553,-0.828,63.4,74.3,0.0,0.0,2.745,4.979,12 2 321 24 53 275 249 74 110 216
serine,13,leucine,0,5,2,1,6.468,7.866,-0.828,52.9,62.5,1.5458,0.0,0.805,4.979,43 0 199 292
serine,13,leucine,0,5,2,2,6.468,7.866,-0.828,52.9,62.5,0.0,0.0,1.556,4.813,64 271 274 57 68 211
serine,13,leucine,0,5,2,3,6.468,7.866,-0.828,52.9,62.5,0.0,0.0,2.729,4.979,13 329 309 47 60 276 240 125
serine,13,leucine,0,5,2,4,6.468,7.866,-0.828,52.9,62.5,0.0,0.0,3.187,4.979,12 356 319 33 61 266 240 104 131 206
serine,13,leucine,0,5,13,1,6.468,8.344,-0.828,46.6,42.4,2.3926,0.0,1.211,4.755,21 0 162 52
serine,13,leucine,0,5,13,2,6.468,8.344,-0.828,46.6,42.4,0.3107,0.0,1.014,3.061,345 356 210 300 297 206
serine,13,leucine,0,5,13,3,6.468,8.344,-0.828,46.6,42.4,0.0,0.0,1.316,2.972,295 16 240 1 136 291 325 155
serine,13,leucine,0,5,13,4,6.468,8.344,-0.828,46.6,42.4,0.0,0.0,3.168,0.443,112 329 201 51 146 230 230 118 66 187
serine,13,tryptophan,4,3,16,1,5.298,3.195,-0.001,121.3,145.6,1.5069,0.0,2.895,3.43,177 74 357 358
serine,13,tryptophan,4,3,16,2,5.298,3.195,-0.001,121.3,145.6,0.7054,0.0,3.864,1.051,46 300 1 15 158 1
serine,13,tryptophan,4,3,16,3,5.298,3.195,-0.001,121.3,145.6,0.0,0.0,3.676,3.43,272 150 265 103 80 311 209 71
serine,13,tryptophan,4,3,16,4,5.298,3.195,-0.001,121.3,145.6,0.0,0.0,2.994,3.244,241 233 305 114 60 322 227 354 164 277
serine,13,tryptophan,4,3,17,1,5.298,5.125,-0.001,115.0,59.4,0.229,0.0,3.16,0.674,87 283 346 48
serine,13,tryptophan,4,3,17,2,5.298,5.125,-0.001,115.0,59.4,0.0,0.0,3.585,0.74,25 35 286 25 121 16
serine,13,tryptophan,4,3,17,3,5.298,5.125,-0.001,115.0,59.4,0.0,0.0,4.212,3.154,231 159 225 331 251 292 292 263
serine,13,tryptophan,4,3,17,4,5.298,5.125,-0.001,115.0,59.4,0.0,0.0,0.385,3.43,160 345 165 354 67 265 298 74 96 298
serine,13,tryptophan,4,3,18,1,5.298,5.638,-0.001,118.7,38.4,0.5954,0.0,3.133,3.43,178 106 353 292
serine,13,tryptophan,4,3,18,2,5.298,5.638,-0.001,118.7,38.4,0.0,0.0,3.75,3.43,206 125 288 139 81 306
serine,13,tryptophan,4,3,18,3,5.298,5.638,-0.001,118.7,38.4,0.0,0.0,4.21,3.43,270 134 274 69 80 353 242 110
serine,13,tryptophan,4,3,18,4,5.298,5.638,-0.001,118.7,38.4,0.0,0.0,4.523,3.43,266 151 194 130 117 250 239 109 133 206
serine,13,tryptophan,4,4,16,1,5.298,3.94,-0.001,88.9,107.7,1.1266,0.0,1.632,3.098,189 276 342 352
serine,13,tryptophan,4,4,16,2,5.298,3.94,-0.001,88.9,107.7,0.1624,0.0,2.704,3.098,150 279 340 322 246 347
serine,13,tryptophan,4,4,16,3,5.298,3.94,-0.001,88.9,107.7,0.0,0.0,3.472,1.096,291 93 68 226 280 52 117 311
serine,13,tryptophan,4,4,16,4,5.298,3.94,-0.001,88.9,107.7,0.0,0.0,3.646,0.909,301 85 94 230 264 82 58 325 270 98
serine,13,tryptophan,4,4,17,1,5.298,5.276,-0.001,108.2,57.6,0.253,0.0,1.89,1.107,271 92 341 59
serine,13,tryptophan,4,4,17,2,5.298,5.276,-0.001,108.2,57.6,0.0,0.0,2.388,1.165,319 116 339 29 98 84
serine,13,tryptophan,4,4,17,3,5.298,5.276,-0.001,108.2,57.6,0.0196,0.0,0.843,3.098,183 193 117 65 41 123 34 17
serine,13,tryptophan,4,4,17,4,5.298,5.276,-0.001,108.2,57.6,0.0,0.0,2.028,3.098,185 59 151 331 312 104 46 285 282 43
serine,13,tryptophan,4,4,18,1,5.298,5.965,-0.001,104.2,26.1,0.8153,0.0,1.252,3.098,189 296 357 274
serine,13,tryptophan,4,4,18,2,5.298,5.965,-0.001,104.2,26.1,0.0748,0.0,2.362,3.098,162 333 320 198 357 280
serine,13,tryptophan,4,4,18,3,5.298,5.965,-0.001,104.2,26.1,0.0,0.0,2.351,3.098,121 197 109 224 268 104 129 241
serine,13,tryptophan,4,4,18,4,5.298,5.965,-0.001,104.2,26.1,0.0,0.0,2.805,3.098,129 200 155 211 232 114 120 264 237 150
serine,13,tryptophan,4,5,16,1,5.298,4.954,-0.001,52.4,131.7,0.9189,0.0,2.681,4.416,164 57 109 358
serine,13,tryptophan,4,5,16,2,5.298,4.954,-0.001,52.4,131.7,0.0,0.0,3.418,4.792,160 242 332 231 292 28
serine,13,tryptophan,4,5,16,3,5.298,4.954,-0.001,52.4,131.7,0.0,0.0,3.395,4.785,94 325 316 82 71 279 231 98
serine,13,tryptophan,4,5,16,4,5.298,4.954,-0.001,52.4,131.7,0.0,0.0,3.825,1.972,16 318 276 63 98 279 256 121 137 196
serine,13,tryptophan,4,5,17,1,5.298,6.983,-0.001,42.0,48.6,1.5368,0.0,2.164,3.93,177 360 180 360
serine,13,tryptophan,4,5,17,2,5.298,6.983,-0.001,42.0,48.6,0.5363,0.0,4.174,2.898,124 341 227 326 269 270
serine,13,tryptophan,4,5,17,3,5.298,6.983,-0.001,42.0,48.6,0.0,0.0,3.755,2.315,110 295 237 82 135 301 279 169
serine,13,tryptophan,4,5,17,4,5.298,6.983,-0.001,42.0,48.6,0.0,0.0,3.396,1.828,41 309 274 82 110 255 237 143 154 188
serine,13,tryptophan,4,5,18,1,5.298,7.089,-0.001,62.0,43.9,0.6713,0.0,2.304,4.979,180 328 233 274
serine,13,tryptophan,4,5,18,2,5.298,7.089,-0.001,62.0,43.9,0.0,0.0,2.808,4.979,145 286 304 88 62 225
serine,13,tryptophan,4,5,18,3,5.298,7.089,-0.001,62.0,43.9,0.0,0.0,4.031,4.979,91 302 271 96 142 256 218 158
serine,13,tryptophan,4,5,18,4,5.298,7.089,-0.001,62.0,43.9,0.0,0.0,4.042,4.979,62 360 308 59 97 253 241 136 144 184
serine,13,tyrosine,2,3,8,1,14.687,13.477,-0.354,99.3,116.2,6.2354,0.0,9.084,1.833,350 78 177 178
serine,13,tyrosine,2,3,8,2,14.687,13.477,-0.354,99.3,116.2,2.6091,0.0,5.788,0.794,58 287 165 172 165 167
serine,13,tyrosine,2,3,8,3,14.687,13.477,-0.354,99.3,116.2,0.0,0.0,2.997,1.189,27 113 24 170 142 97 237 234
serine,13,tyrosine,2,3,8,4,14.687,13.477,-0.354,99.3,116.2,0.0,0.0,2.953,0.584,354 26 338 214 245 267 224 31 76 238
serine,13,tyrosine,2,3,9,1,14.687,13.43,-0.354,109.3,118.3,6.1888,0.0,8.887,1.677,61 266 177 178
serine,13,tyrosine,2,3,9,2,14.687,13.43,-0.354,109.3,118.3,2.5007,0.0,5.65,0.927,348 95 174 177 174 175
serine,13,tyrosine,2,3,9,3,14.687,13.43,-0.354,109.3,118.3,0.0,0.0,3.279,0.799,54 253 197 154 209 65 302 141
serine,13,tyrosine,2,3,9,4,14.687,13.43,-0.354,109.3,118.3,0.0,0.0,4.154,2.585,326 30 335 224 256 265 216 353 49 235
serine,13,tyrosine,2,3,10,1,14.687,15.473,-0.354,103.9,33.3,8.2194,0.0,8.824,1.643,59 275 180 180
serine,13,tyrosine,2,3,10,2,14.687,15.473,-0.354,103.9,33.3,4.5396,0.0,5.573,0.738,349 83 183 182 183 182
serine,13,tyrosine,2,3,10,3,14.687,15.473,-0.354,103.9,33.3,0.9523,0.0,4.24,0.627,344 82 185 183 188 187 188 185
serine,13,tyrosine,2,3,10,4,14.687,15.473,-0.354,103.9,33.3,0.0,0.0,4.541,1.831,337 60 188 158 237 214 172 114 61 193
serine,13,tyrosine,2,4,8,1,14.687,14.228,-0.354,71.1,124.3,7.0331,0.0,9.415,0.746,311 2 186 186
serine,13,tyrosine,2,4,8,2,14.687,14.228,-0.354,71.1,124.3,3.456,0.0,6.115,0.61,314 359 152 149 177 178
serine,13,tyrosine,2,4,8,3,14.687,14.228,-0.354,71.1,124.3,0.002,0.0,3.846,0.729,297 26 212 216 219 204 204 196
serine,13,tyrosine,2,4,8,4,14.687,14.228,-0.354,71.1,124.3,0.0,0.0,4.225,0.55,301 85 90 318 292 155 186 256 231 155
serine,13,tyrosine,2,4,9,1,14.687,14.569,-0.354,65.8,109.2,7.4808,0.0,9.409,0.569,305 360 168 159
serine,13,tyrosine,2,4,9,2,14.687,14.569,-0.354,65.8,109.2,3.9746,0.0,6.417,0.632,303 2 215 224 187 184
serine,13,tyrosine,2,4,9,3,14.687,14.569,-0.354,65.8,109.2,0.2218,0.0,3.404,0.682,304 360 207 220 179 180 179 179
serine,13,tyrosine,2,4,9,4,14.687,14.569,-0.354,65.8,109.2,0.0,0.0,2.983,0.392,326 34 70 317 296 147 174 216 201 169
serine,13,tyrosine,2,4,10,1,14.687,16.427,-0.354,67.7,31.4,9.2691,0.0,9.386,0.75,310 0 184 186
serine,13,tyrosine,2,4,10,2,14.687,16.427,-0.354,67.7,31.4,5.754,0.0,6.231,0.541,312 359 148 143 177 178
serine,13,tyrosine,2,4,10,3,14.687,16.427,-0.354,67.7,31.4,2.0012,0.0,2.977,0.665,310 360 203 211 180 180 180 180
serine,13,tyrosine,2,4,10,4,14.687,16.427,-0.354,67.7,31.4,0.2653,0.0,4.346,0.342,324 360 149 130 177 178 178 178 315 198
serine,13,tyrosine,2,5,8,1,14.687,15.096,-0.354,31.0,122.9,9.8078,0.0,13.171,4.747,32 0 166 37
serine,13,tyrosine,2,5,8,2,14.687,15.096,-0.354,31.0,122.9,6.2841,0.0,9.693,2.916,32 360 211 298 179 179
serine,13,tyrosine,2,5,8,3,14.687,15.096,-0.354,31.0,122.9,2.6108,0.0,6.053,1.714,32 0 153 57 185 183 185 185
serine,13,tyrosine,2,5,8,4,14.687,15.096,-0.354,31.0,122.9,0.0,0.0,4.236,2.462,64 292 208 83 120 176 168 187 184 177
serine,13,tyrosine,2,5,9,1,14.687,15.261,-0.354,33.5,115.4,9.8044,0.0,13.222,4.979,49 360 197 313
serine,13,tyrosine,2,5,9,2,14.687,15.261,-0.354,33.5,115.4,6.2955,0.0,9.818,2.972,48 0 147 67 183 182
serine,13,tyrosine,2,5,9,3,14.687,15.261,-0.354,33.5,115.4,2.6039,0.0,6.298,1.716,48 360 209 296 179 180 179 179
serine,13,tyrosine,2,5,9,4,14.687,15.261,-0.354,33.5,115.4,0.0,0.0,3.624,1.549,82 312 231 29 73 164 151 166 156 171
serine,13,tyrosine,2,5,10,1,14.687,17.153,-0.354,34.1,38.2,11.6048,0.0,13.217,4.979,39 360 162 55
serine,13,tyrosine,2,5,10,2,14.687,17.153,-0.354,34.1,38.2,8.1109,0.0,9.913,3.132,40 360 214 288 177 178
serine,13,tyrosine,2,5,10,3,14.687,17.153,-0.354,34.1,38.2,4.4045,0.0,6.394,1.917,39 360 150 70 176 178 176 176
serine,13,tyrosine,2,5,10,4,14.687,17.153,-0.354,34.1,38.2,0.7723,0.0,4.452,2.266,39 360 145 74 177 178 165 167 177 178
serine,13,phenylalanine,0,3,12,1,15.861,15.164,-0.25,130.1,79.0,7.9134,0.0,8.395,2.233,7 130 183 182
serine,13,phenylalanine,0,3,12,2,15.861,15.164,-0.25,130.1,79.0,4.274,0.0,5.328,1.464,73 225 193 187 191 190
serine,13,phenylalanine,0,3,12,3,15.861,15.164,-0.25,130.1,79.0,0.593,0.0,2.893,1.28,78 228 184 183 199 195 184 183
serine,13,phenylalanine,0,3,12,4,15.861,15.164,-0.25,130.1,79.0,0.0,0.0,2.634,2.841,134 199 188 124 130 188 180 153 160 187
serine,13,phenylalanine,0,3,13,1,15.861,13.611,-0.25,123.0,149.3,6.3739,0.0,8.052,1.269,77 241 181 181
serine,13,phenylalanine,0,3,13,2,15.861,13.611,-0.25,123.0,149.3,2.7311,0.0,4.808,1.814,5 119 181 181 182 182
serine,13,phenylalanine,0,3,13,3,15.861,13.611,-0.25,123.0,149.3,0.0,0.0,2.258,1.424,94 209 186 152 159 197 199 183
serine,13,phenylalanine,0,3,13,4,15.861,13.611,-0.25,123.0,149.3,0.0,0.0,3.013,2.93,138 191 187 129 135 217 205 161 174 191
serine,13,phenylalanine,0,3,14,1,15.861,16.085,-0.25,122.4,40.1,8.831,0.0,8.057,1.28,76 243 181 181
serine,13,phenylalanine,0,3,14,2,15.861,16.085,-0.25,122.4,40.1,5.1459,0.0,4.815,1.792,4 118 181 181 181 181
serine,13,phenylalanine,0,3,14,3,15.861,16.085,-0.25,122.4,40.1,1.5208,0.0,2.496,1.307,76 244 175 177 158 162 175 177
serine,13,phenylalanine,0,3,14,4,15.861,16.085,-0.25,122.4,40.1,0.0144,0.0,4.166,0.816,62 249 220 202 224 214 216 207 60 150
serine,13,phenylalanine,0,4,12,1,15.861,16.464,-0.25,77.1,73.5,9.2078,0.0,8.871,0.658,296 336 178 179
serine,13,phenylalanine,0,4,12,2,15.861,16.464,-0.25,77.1,73.5,5.5586,0.0,5.816,0.458,277 7 191 188 186 185
serine,13,phenylalanine,0,4,12,3,15.861,16.464,-0.25,77.1,73.5,1.8864,0.0,2.495,0.661,298 333 180 180 179 179 180 180
serine,13,phenylalanine,0,4,12,4,15.861,16.464,-0.25,77.1,73.5,0.0,0.0,3.242,1.835,229 114 152 241 223 195 203 207 210 183
serine,13,phenylalanine,0,4,13,1,15.861,14.799,-0.25,75.9,146.4,7.5527,0.0,8.874,0.501,278 17 180 180
serine,13,phenylalanine,0,4,13,2,15.861,14.799,-0.25,75.9,146.4,3.9916,0.0,5.804,0.547,293 353 164 168 170 173
serine,13,phenylalanine,0,4,13,3,15.861,14.799,-0.25,75.9,146.4,0.2772,0.0,2.58,0.462,276 19 181 181 183 182 182 181
serine,13,phenylalanine,0,4,13,4,15.861,14.799,-0.25,75.9,146.4,0.0,0.0,2.147,1.882,231 138 148 220 209 148 158 196 187 173
serine,13,phenylalanine,0,4,14,1,15.861,17.244,-0.25,76.6,39.7,9.9875,0.0,8.863,0.495,276 22 181 181
serine,13,phenylalanine,0,4,14,2,15.861,17.244,-0.25,76.6,39.7,6.3556,0.0,5.77,0.584,293 355 169 172 175 176
serine,13,phenylalanine,0,4,14,3,15.861,17.244,-0.25,76.6,39.7,2.6691,0.0,2.477,0.478,275 23 181 180 189 188 181 180
serine,13,phenylalanine,0,4,14,4,15.861,17.244,-0.25,76.6,39.7,0.246,0.0,3.642,0.576,302 358 167 167 171 175 175 176 281 208
serine,13,phenylalanine,0,5,12,1,15.861,17.528,-0.25,27.9,76.8,12.3554,0.0,13.286,4.979,93 360 190 333
serine,13,phenylalanine,0,5,12,2,15.861,17.528,-0.25,27.9,76.8,8.8582,0.0,10.017,4.436,93 0 149 59 183 182
serine,13,phenylalanine,0,5,12,3,15.861,17.528,-0.25,27.9,76.8,5.1564,0.0,6.412,3.767,93 0 206 306 181 180 181 181
serine,13,phenylalanine,0,5,12,4,15.861,17.528,-0.25,27.9,76.8,1.5284,0.0,4.084,3.737,93 0 149 59 182 181 194 192 182 181
serine,13,phenylalanine,0,5,13,1,15.861,15.869,-0.25,25.4,152.7,10.9256,0.0,13.319,4.979,80 0 177 7
serine,13,phenylalanine,0,5,13,2,15.861,15.869,-0.25,25.4,152.7,7.4075,0.0,9.88,4.183,81 360 207 310 179 179
serine,13,phenylalanine,0,5,13,3,15.861,15.869,-0.25,25.4,152.7,3.7708,0.0,6.257,2.903,80 0 157 44 184 182 184 184
serine,13,phenylalanine,0,5,13,4,15.861,15.869,-0.25,25.4,152.7,0.2707,0.0,3.298,2.612,91 360 202 316 176 178 176 176 162 169
serine,13,phenylalanine,0,5,14,1,15.861,18.323,-0.25,25.4,43.3,13.2946,0.0,13.34,4.979,77 0 174 15
serine,13,phenylalanine,0,5,14,2,15.861,18.323,-0.25,25.4,43.3,9.7886,0.0,9.982,4.186,78 360 209 305 178 179
serine,13,phenylalanine,0,5,14,3,15.861,18.323,-0.25,25.4,43.3,6.0982,0.0,6.399,2.902,77 0 156 49 181 180 181 181
serine,13,phenylalanine,0,5,14,4,15.861,18.323,-0.25,25.4,43.3,2.4669,0.0,3.866,2.707,78 360 209 305 178 179 166 168 178 179
serine,13,aspartic,9,3,3,1,10.225,10.145,0.208,123.2,53.0,2.8586,0.0,1.565,0.832,99 241 180 180
serine,13,aspartic,9,3,3,2,10.225,10.145,0.208,123.2,53.0,0.2426,0.0,1.157,1.447,4 122 135 152 102 143
serine,13,aspartic,9,3,3,3,10.225,10.145,0.208,123.2,53.0,0.0,0.0,2.354,1.496,94 205 174 49 270 202 35 276
serine,13,aspartic,9,3,3,4,10.225,10.145,0.208,123.2,53.0,0.0,0.0,1.916,3.051,143 188 153 77 161 292 269 130 95 154
serine,13,aspartic,9,3,4,1,10.225,10.072,0.208,117.5,56.1,2.7935,0.0,1.589,0.902,36 110 177 178
serine,13,aspartic,9,3,4,2,10.225,10.072,0.208,117.5,56.1,0.0691,0.0,1.068,1.367,125 273 185 183 273 213
serine,13,aspartic,9,3,4,3,10.225,10.072,0.208,117.5,56.1,0.0,0.0,2.281,3.43,172 219 207 111 88 210 230 176
serine,13,aspartic,9,3,4,4,10.225,10.072,0.208,117.5,56.1,0.0,0.0,3.594,3.43,169 183 199 153 145 219 211 101 113 194
serine,13,aspartic,9,3,5,1,10.225,9.477,0.208,131.7,78.9,2.1898,0.0,1.418,1.419,39 133 181 181
serine,13,aspartic,9,3,5,2,10.225,9.477,0.208,131.7,78.9,0.0,0.0,2.486,2.611,125 184 187 119 189 266
serine,13,aspartic,9,3,5,3,10.225,9.477,0.208,131.7,78.9,0.0,0.0,3.395,3.43,176 177 209 128 118 234 204 144
serine,13,aspartic,9,3,5,4,10.225,9.477,0.208,131.7,78.9,0.0,0.0,2.471,3.43,191 158 176 127 124 255 238 138 159 196
serine,13,aspartic,9,4,3,1,10.225,10.992,0.208,88.5,47.6,3.718,0.0,2.03,0.264,250 56 180 180
serine,13,aspartic,9,4,3,2,10.225,10.992,0.208,88.5,47.6,0.4715,0.0,0.956,0.706,309 325 180 180 240 213
serine,13,aspartic,9,4,3,3,10.225,10.992,0.208,88.5,47.6,0.0,0.0,1.533,0.662,286 2 161 37 312 125 97 209
serine,13,aspartic,9,4,3,4,10.225,10.992,0.208,88.5,47.6,0.0,0.0,3.071,2.024,272 146 166 205 186 103 99 234 249 183
serine,13,aspartic,9,4,4,1,10.225,10.459,0.208,101.3,69.4,3.2362,0.0,2.217,1.175,240 78 191 187
serine,13,aspartic,9,4,4,2,10.225,10.459,0.208,101.3,69.4,0.0,0.0,1.127,1.554,238 107 183 195 237 224
serine,13,aspartic,9,4,4,3,10.225,10.459,0.208,101.3,69.4,0.0,0.0,2.902,3.098,210 165 154 217 215 122 135 197
serine,13,aspartic,9,4,4,4,10.225,10.459,0.208,101.3,69.4,0.0,0.0,3.34,3.098,174 161 147 230 232 146 157 235 219 162
serine,13,aspartic,9,4,5,1,10.225,10.411,0.208,91.3,71.3,3.1302,0.0,2.058,0.538,299 298 179 179
serine,13,aspartic,9,4,5,2,10.225,10.411,0.208,91.3,71.3,0.0,0.0,1.745,1.53,234 51 161 178 108 125
serine,13,aspartic,9,4,5,3,10.225,10.411,0.208,91.3,71.3,0.0,0.0,2.982,3.098,207 160 147 217 212 120 137 199
serine,13,aspartic,9,4,5,4,10.225,10.411,0.208,91.3,71.3,0.0,0.0,3.86,3.098,179 163 151 218 221 142 150 235 223 165
serine,13,aspartic,9,5,3,1,10.225,12.494,0.208,18.8,53.5,8.2379,0.0,6.598,4.585,118 0 179 1
serine,13,aspartic,9,5,3,2,10.225,12.494,0.208,18.8,53.5,4.5961,0.0,3.121,2.934,120 359 190 344 173 175
serine,13,aspartic,9,5,3,3,10.225,12.494,0.208,18.8,53.5,0.9186,0.0,0.768,2.361,119 360 182 358 155 158 176 177
serine,13,aspartic,9,5,3,4,10.225,12.494,0.208,18.8,53.5,0.0,0.0,1.541,2.946,72 299 238 97 135 212 201 165 160 177
serine,13,aspartic,9,5,4,1,10.225,12.309,0.208,17.8,61.2,8.1596,0.0,7.095,4.048,157 360 181 359
serine,13,aspartic,9,5,4,2,10.225,12.309,0.208,17.8,61.2,4.4835,0.0,3.976,2.606,154 1 173 10 187 185
serine,13,aspartic,9,5,4,3,10.225,12.309,0.208,17.8,61.2,0.8376,0.0,1.283,2.376,156 360 181 359 207 209 178 179
serine,13,aspartic,9,5,4,4,10.225,12.309,0.208,17.8,61.2,0.0,0.0,2.644,4.228,145 316 214 64 210 243 194 252 253 185
serine,13,aspartic,9,5,5,1,10.225,11.893,0.208,27.3,77.2,6.9784,0.0,6.74,4.283,138 360 180 360
serine,13,aspartic,9,5,5,2,10.225,11.893,0.208,27.3,77.2,3.5514,0.0,3.674,3.418,134 1 156 40 197 191
serine,13,aspartic,9,5,5,3,10.225,11.893,0.208,27.3,77.2,0.0001,0.0,2.288,3.789,117 3 168 56 178 200 201 200
serine,13,aspartic,9,5,5,4,10.225,11.893,0.208,27.3,77.2,0.0,0.0,2.439,4.571,80 323 278 63 98 230 216 168 167 179
serine,13,serine,8,3,3,1,12.322,10.512,0.467,111.6,131.7,3.2755,0.0,inf,0.785,30 100 176 178
serine,13,serine,8,3,3,2,12.322,10.512,0.467,111.6,131.7,0.0,0.0,inf,0.759,109 300 94 121 216 196
serine,13,serine,8,3,3,3,12.322,10.512,0.467,111.6,131.7,0.0,0.0,inf,3.011,141 191 199 141 145 237 224 164
serine,13,serine,8,3,3,4,12.322,10.512,0.467,111.6,131.7,0.0,0.0,inf,3.43,176 196 214 130 124 214 198 118 139 199
serine,13,serine,8,3,4,1,12.322,11.186,0.467,116.9,101.4,3.9212,0.0,inf,0.532,95 252 179 180
serine,13,serine,8,3,4,2,12.322,11.186,0.467,116.9,101.4,0.3151,0.0,inf,1.299,20 101 214 195 201 202
serine,13,serine,8,3,4,3,12.322,11.186,0.467,116.9,101.4,0.0,0.0,inf,0.895,123 212 258 47 81 243 168 122
serine,13,serine,8,3,4,4,12.322,11.186,0.467,116.9,101.4,0.0,0.0,inf,2.952,157 179 186 132 133 236 225 148 164 194
serine,13,serine,8,3,5,1,12.322,12.014,0.467,121.6,70.3,4.7572,0.0,inf,1.248,30 115 183 182
serine,13,serine,8,3,5,2,12.322,12.014,0.467,121.6,70.3,1.0343,0.0,inf,0.848,101 243 172 176 175 175
serine,13,serine,8,3,5,3,12.322,12.014,0.467,121.6,70.3,0.0,0.0,inf,2.9,137 193 195 145 149 218 208 168
serine,13,serine,8,3,5,4,12.322,12.014,0.467,121.6,70.3,0.0,0.0,inf,3.43,161 175 185 139 138 235 224 151 167 195
serine,13,serine,8,4,3,1,12.322,10.793,0.467,100.2,144.2,3.6199,0.0,inf,0.932,250 76 189 185
serine,13,serine,8,4,3,2,12.322,10.793,0.467,100.2,144.2,0.0043,0.0,inf,0.674,252 61 182 182 135 154
serine,13,serine,8,4,3,3,12.322,10.793,0.467,100.2,144.2,0.0,0.0,inf,3.075,200 139 150 247 247 151 152 188
serine,13,serine,8,4,3,4,12.322,10.793,0.467,100.2,144.2,0.0,0.0,inf,3.098,192 162 156 220 221 147 153 235 226 166
serine,13,serine,8,4,4,1,12.322,11.886,0.467,89.0,93.2,4.6262,0.0,inf,0.565,257 57 178 179
serine,13,serine,8,4,4,2,12.322,11.886,0.467,89.0,93.2,0.9288,0.0,inf,0.577,312 310 166 172 170 171
serine,13,serine,8,4,4,3,12.322,11.886,0.467,89.0,93.2,0.0,0.0,inf,2.236,205 95 181 286 230 169 165 176
serine,13,serine,8,4,4,4,12.322,11.886,0.467,89.0,93.2,0.0,0.0,inf,0.7,218 169 128 264 259 25 66 245 207 145
serine,13,serine,8,4,5,1,12.322,12.633,0.467,96.0,65.1,5.3716,0.0,inf,0.782,312 289 179 179
serine,13,serine,8,4,5,2,12.322,12.633,0.467,96.0,65.1,1.6519,0.0,inf,0.607,250 67 175 178 177 177
serine,13,serine,8,4,5,3,12.322,12.633,0.467,96.0,65.1,0.0,0.0,inf,2.561,223 144 150 215 206 152 162 189
serine,13,serine,8,4,5,4,12.322,12.633,0.467,96.0,65.1,0.0,0.0,inf,3.098,194 157 154 222 220 152 160 220 210 169
serine,13,serine,8,5,3,1,12.322,12.667,0.467,10.7,136.3,9.1507,0.0,inf,4.1,152 360 180 360
serine,13,serine,8,5,3,2,12.322,12.667,0.467,10.7,136.3,5.4259,0.0,inf,2.574,150 0 180 1 194 202
serine,13,serine,8,5,3,3,12.322,12.667,0.467,10.7,136.3,1.8915,0.0,inf,2.138,151 360 182 358 146 139 172 175
serine,13,serine,8,5,3,4,12.322,12.667,0.467,10.7,136.3,0.0,0.0,inf,2.285,121 299 246 76 132 234 212 188 194 181
serine,13,serine,8,5,4,1,12.322,13.436,0.467,14.1,101.2,9.5234,0.0,inf,4.818,103 0 180 1
serine,13,serine,8,5,4,2,12.322,13.436,0.467,14.1,101.2,5.8559,0.0,inf,3.153,106 360 183 355 171 172
serine,13,serine,8,5,4,3,12.322,13.436,0.467,14.1,101.2,2.2278,0.0,inf,2.288,104 0 180 0 208 211 181 181
serine,13,serine,8,5,4,4,12.322,13.436,0.467,14.1,101.2,0.0,0.0,inf,2.908,118 305 238 67 127 209 189 167 167 176
serine,13,serine,8,5,5,1,12.322,14.332,0.467,17.7,67.3,10.0289,0.0,inf,4.3,137 360 180 360
serine,13,serine,8,5,5,2,12.322,14.332,0.467,17.7,67.3,6.4803,0.0,inf,2.772,134 1 167 21 188 185
serine,13,serine,8,5,5,3,12.322,14.332,0.467,17.7,67.3,2.7215,0.0,inf,2.37,136 0 180 0 167 168 180 180
serine,13,serine,8,5,5,4,12.322,14.332,0.467,17.7,67.3,0.0,0.0,inf,3.098,185 321 196 58 155 209 195 183 176 176
tryptophan,4,aspartic,13,16,3,1,14.762,15.139,-0.004,118.4,38.6,7.8838,0.0,3.257,1.528,73 110 180 180
tryptophan,4,aspartic,13,16,3,2,14.762,15.139,-0.004,118.4,38.6,4.1932,0.0,2.01,0.873,146 249 181 180 181 181
tryptophan,4,aspartic,13,16,3,3,14.762,15.139,-0.004,118.4,38.6,0.7447,0.0,0.934,1.91,153 250 168 174 174 174 204 195
tryptophan,4,aspartic,13,16,3,4,14.762,15.139,-0.004,118.4,38.6,0.0,0.0,1.959,3.46,180 204 206 153 153 180 179 125 122 181
tryptophan,4,aspartic,13,16,4,1,14.762,13.988,-0.004,123.6,86.4,6.7326,0.0,3.257,2.092,141 241 178 179
tryptophan,4,aspartic,13,16,4,2,14.762,13.988,-0.004,123.6,86.4,3.0486,0.0,2.11,1.182,70 122 172 176 173 173
tryptophan,4,aspartic,13,16,4,3,14.762,13.988,-0.004,123.6,86.4,0.0,0.0,1.911,2.616,128 203 201 186 192 217 219 184
tryptophan,4,aspartic,13,16,4,4,14.762,13.988,-0.004,123.6,86.4,0.0,0.0,1.979,3.46,183 184 197 151 147 203 196 139 150 192
tryptophan,4,aspartic,13,16,5,1,14.762,14.384,-0.004,113.6,71.6,7.1292,0.0,3.257,1.226,142 257 182 181
tryptophan,4,aspartic,13,16,5,2,14.762,14.384,-0.004,113.6,71.6,3.4321,0.0,2.357,0.788,68 101 185 183 185 185
tryptophan,4,aspartic,13,16,5,3,14.762,14.384,-0.004,113.6,71.6,0.0107,0.0,2.284,0.707,65 90 183 181 184 183 224 203
tryptophan,4,aspartic,13,16,5,4,14.762,14.384,-0.004,113.6,71.6,0.0,0.0,2.902,2.12,64 153 158 140 225 10 261 128 129 181
tryptophan,4,aspartic,13,17,3,1,14.762,15.013,-0.004,124.2,40.3,7.7573,0.0,2.634,0.566,287 240 180 180
tryptophan,4,aspartic,13,17,3,2,14.762,15.013,-0.004,124.2,40.3,4.0702,0.0,2.259,1.069,215 123 177 178 177 177
tryptophan,4,aspartic,13,17,3,3,14.762,15.013,-0.004,124.2,40.3,0.6692,0.0,0.93,1.504,209 128 182 181 182 182 144 160
tryptophan,4,aspartic,13,17,3,4,14.762,15.013,-0.004,124.2,40.3,0.0,0.0,1.824,3.254,180 167 162 202 204 171 172 226 227 176
tryptophan,4,aspartic,13,17,4,1,14.762,14.14,-0.004,116.6,77.2,6.8976,0.0,2.905,0.864,216 108 176 178
tryptophan,4,aspartic,13,17,4,2,14.762,14.14,-0.004,116.6,77.2,3.1993,0.0,2.051,0.407,290 254 172 176 173 173
tryptophan,4,aspartic,13,17,4,3,14.762,14.14,-0.004,116.6,77.2,0.0,0.0,1.373,0.868,219 134 154 224 161 185 228 192
tryptophan,4,aspartic,13,17,4,4,14.762,14.14,-0.004,116.6,77.2,0.0,0.0,1.073,2.341,197 201 122 212 204 46 251 171 96 166
tryptophan,4,aspartic,13,17,5,1,14.762,14.113,-0.004,125.9,78.2,6.8519,0.0,2.905,0.793,222 123 181 180
tryptophan,4,aspartic,13,17,5,2,14.762,14.113,-0.004,125.9,78.2,3.1576,0.0,2.499,0.386,292 234 185 183 185 184
tryptophan,4,aspartic,13,17,5,3,14.762,14.113,-0.004,125.9,78.2,0.0,0.0,2.606,0.844,237 139 154 166 150 141 137 167
tryptophan,4,aspartic,13,17,5,4,14.762,14.113,-0.004,125.9,78.2,0.0,0.0,1.51,0.456,204 187 186 206 193 127 131 206 206 176
tryptophan,4,aspartic,13,18,3,1,14.762,16.923,-0.004,47.3,42.8,10.636,0.0,3.095,4.003,184 0 205 262
tryptophan,4,aspartic,13,18,3,2,14.762,16.923,-0.004,47.3,42.8,7.127,0.0,3.095,3.796,184 0 141 98 184 182
tryptophan,4,aspartic,13,18,3,3,14.762,16.923,-0.004,47.3,42.8,3.4259,0.0,1.779,2.517,183 1 215 261 188 184 187 187
tryptophan,4,aspartic,13,18,3,4,14.762,16.923,-0.004,47.3,42.8,0.2621,0.0,1.388,3.703,185 1 214 243 187 184 185 185 244 207
tryptophan,4,aspartic,13,18,4,1,14.762,16.0,-0.004,41.5,81.0,10.0399,0.0,3.095,3.639,176 0 157 76
tryptophan,4,aspartic,13,18,4,2,14.762,16.0,-0.004,41.5,81.0,6.5155,0.0,3.095,3.339,176 0 217 274 180 180
tryptophan,4,aspartic,13,18,4,3,14.762,16.0,-0.004,41.5,81.0,2.8089,0.0,1.553,1.43,176 0 147 83 183 182 183 183
tryptophan,4,aspartic,13,18,4,4,14.762,16.0,-0.004,41.5,81.0,0.0,0.0,1.008,1.929,171 304 209 103 161 198 193 194 185 179
tryptophan,4,aspartic,13,18,5,1,14.762,16.203,-0.004,39.9,73.4,10.3348,0.0,3.095,3.446,190 360 202 288
tryptophan,4,aspartic,13,18,5,2,14.762,16.203,-0.004,39.9,73.4,6.8071,0.0,3.095,2.911,190 360 143 83 179 180
tryptophan,4,aspartic,13,18,5,3,14.762,16.203,-0.004,39.9,73.4,3.1101,0.0,1.875,1.247,190 360 213 280 174 177 175 175
tryptophan,4,aspartic,13,18,5,4,14.762,16.203,-0.004,39.9,73.4,0.0,0.0,2.319,0.867,202 356 212 293 196 188 174 144 153 166
tryptophan,4,glutamic,1,16,5,1,6.373,8.282,-0.844,64.1,17.3,1.3968,0.0,2.846,0.406,76 359 212 243
tryptophan,4,glutamic,1,16,5,2,6.373,8.282,-0.844,64.1,17.3,0.481,0.0,2.369,1.982,41 341 252 229 344 203
tryptophan,4,glutamic,1,16,5,3,6.373,8.282,-0.844,64.1,17.3,0.0,0.0,2.389,3.293,358 30 181 93 111 176 20 201
tryptophan,4,glutamic,1,16,5,4,6.373,8.282,-0.844,64.1,17.3,0.0,0.0,2.367,1.69,13 16 289 19 38 298 301 108 83 192
tryptophan,4,glutamic,1,16,6,1,6.373,6.782,-0.844,78.9,85.6,0.0,0.0,3.257,0.975,105 280 223 121
tryptophan,4,glutamic,1,16,6,2,6.373,6.782,-0.844,78.9,85.6,0.0,0.0,3.069,0.677,58 289 345 21 37 50
tryptophan,4,glutamic,1,16,6,3,6.373,6.782,-0.844,78.9,85.6,0.0,0.0,2.616,1.322,157 211 288 71 26 340 282 59
tryptophan,4,glutamic,1,16,6,4,6.373,6.782,-0.844,78.9,85.6,0.0,0.0,1.268,0.5,121 300 303 14 9 287 269 67 142 254
tryptophan,4,glutamic,1,16,7,1,6.373,5.971,-0.844,59.2,118.6,0.0,0.0,2.035,1.279,63 334 220 36
tryptophan,4,glutamic,1,16,7,2,6.373,5.971,-0.844,59.2,118.6,0.0,0.0,2.192,1.112,29 291 313 48 115 263
tryptophan,4,glutamic,1,16,7,3,6.373,5.971,-0.844,59.2,118.6,0.0,0.0,1.747,2.767,342 345 299 47 95 300 263 160
tryptophan,4,glutamic,1,16,7,4,6.373,5.971,-0.844,59.2,118.6,0.0,0.0,1.756,3.46,306 32 164 334 209 318 237 151 76 181
tryptophan,4,glutamic,1,17,5,1,6.373,6.593,-0.844,134.2,21.1,0.8752,0.0,1.313,2.945,343 81 339 243
tryptophan,4,glutamic,1,17,5,2,6.373,6.593,-0.844,134.2,21.1,0.1884,0.0,1.855,3.398,18 55 6 178 0 248
tryptophan,4,glutamic,1,17,5,3,6.373,6.593,-0.844,134.2,21.1,0.0,0.0,2.905,3.398,110 246 182 268 230 80 90 125
tryptophan,4,glutamic,1,17,5,4,6.373,6.593,-0.844,134.2,21.1,0.0,0.0,2.668,3.398,75 294 26 162 76 115 96 255 182 95
tryptophan,4,glutamic,1,17,6,1,6.373,5.608,-0.844,128.0,66.7,0.0288,0.0,2.579,0.567,289 327 337 89
tryptophan,4,glutamic,1,17,6,2,6.373,5.608,-0.844,128.0,66.7,0.0,0.0,2.905,0.812,214 199 85 310 248 47
tryptophan,4,glutamic,1,17,6,3,6.373,5.608,-0.844,128.0,66.7,0.0,0.0,1.303,1.524,171 183 147 253 272 82 122 235
tryptophan,4,glutamic,1,17,6,4,6.373,5.608,-0.844,128.0,66.7,0.0,0.0,0.515,2.655,332 62 111 33 12 70 99 314 250 119
tryptophan,4,glutamic,1,17,7,1,6.373,4.374,-0.844,122.3,114.4,0.349,0.0,1.698,3.398,9 88 346 354
tryptophan,4,glutamic,1,17,7,2,6.373,4.374,-0.844,122.3,114.4,0.0,0.0,2.189,3.398,36 55 8 251 299 22
tryptophan,4,glutamic,1,17,7,3,6.373,4.374,-0.844,122.3,114.4,0.0,0.0,2.073,3.398,35 21 64 122 356 264 329 338
tryptophan,4,glutamic,1,17,7,4,6.373,4.374,-0.844,122.3,114.4,0.0,0.0,1.845,0.592,251 87 115 302 309 78 97 303 231 120
tryptophan,4,glutamic,1,18,5,1,6.373,8.937,-0.844,35.3,26.4,3.6903,0.0,3.095,4.697,265 360 184 352
tryptophan,4,glutamic,1,18,5,2,6.373,8.937,-0.844,35.3,26.4,0.5483,0.0,3.066,5.027,288 359 189 294 221 186
tryptophan,4,glutamic,1,18,5,3,6.373,8.937,-0.844,35.3,26.4,0.0,0.0,2.373,5.318,325 18 150 263 220 147 90 116
tryptophan,4,glutamic,1,18,5,4,6.373,8.937,-0.844,35.3,26.4,0.0,0.0,1.763,5.318,352 2 89 292 271 128 115 202 240 196
tryptophan,4,glutamic,1,18,6,1,6.373,8.008,-0.844,25.5,69.1,3.854,0.0,3.095,3.733,240 0 178 2
tryptophan,4,glutamic,1,18,6,2,6.373,8.008,-0.844,25.5,69.1,0.3895,0.0,2.335,2.022,218 0 179 1 223 235
tryptophan,4,glutamic,1,18,6,3,6.373,8.008,-0.844,25.5,69.1,0.0,0.0,2.437,1.692,225 57 83 300 266 103 138 213
tryptophan,4,glutamic,1,18,6,4,6.373,8.008,-0.844,25.5,69.1,0.0,0.0,1.251,1.511,8 344 229 7 103 7 243 9 40 189
tryptophan,4,glutamic,1,18,7,1,6.373,6.607,-0.844,30.8,125.4,2.5142,0.0,2.826,5.058,274 359 183 358
tryptophan,4,glutamic,1,18,7,2,6.373,6.607,-0.844,30.8,125.4,0.0,0.0,2.226,4.475,265 76 109 309 209 101
tryptophan,4,glutamic,1,18,7,3,6.373,6.607,-0.844,30.8,125.4,0.0,0.0,1.656,4.727,350 33 78 301 255 88 120 197
tryptophan,4,glutamic,1,18,7,4,6.373,6.607,-0.844,30.8,125.4,0.0,0.0,1.383,1.689,18 260 311 288 257 71 87 248 230 158
tryptophan,4,isoleucine,6,16,4,1,11.596,12.798,-0.069,91.5,33.6,5.5772,0.0,3.257,1.522,102 61 185 183
tryptophan,4,isoleucine,6,16,4,2,11.596,12.798,-0.069,91.5,33.6,1.8107,0.0,1.383,1.765,107 56 178 179 179 179
tryptophan,4,isoleucine,6,16,4,3,11.596,12.798,-0.069,91.5,33.6,0.1427,0.0,1.093,2.233,107 88 194 188 194 193 35 164
tryptophan,4,isoleucine,6,16,4,4,11.596,12.798,-0.069,91.5,33.6,0.0,0.0,2.012,3.46,190 195 211 162 157 214 209 131 142 192
tryptophan,4,isoleucine,6,16,5,1,11.596,11.156,-0.069,90.4,101.3,3.9077,0.0,3.257,2.212,155 301 175 177
tryptophan,4,isoleucine,6,16,5,2,11.596,11.156,-0.069,90.4,101.3,0.1736,0.0,2.093,2.053,149 306 187 183 185 185
tryptophan,4,isoleucine,6,16,5,3,11.596,11.156,-0.069,90.4,101.3,0.0,0.0,1.757,2.144,159 200 219 160 160 246 239 167
tryptophan,4,isoleucine,6,16,5,4,11.596,11.156,-0.069,90.4,101.3,0.0,0.0,1.385,2.006,188 184 212 157 148 225 218 128 145 198
tryptophan,4,isoleucine,6,16,6,1,11.596,12.129,-0.069,81.0,64.6,4.865,0.0,3.257,2.393,151 323 182 181
tryptophan,4,isoleucine,6,16,6,2,11.596,12.129,-0.069,81.0,64.6,1.1761,0.0,3.103,1.755,116 24 196 189 189 188
tryptophan,4,isoleucine,6,16,6,3,11.596,12.129,-0.069,81.0,64.6,0.0,0.0,3.257,3.066,165 327 217 222 243 207 279 275
tryptophan,4,isoleucine,6,16,6,4,11.596,12.129,-0.069,81.0,64.6,0.0,0.0,3.257,0.593,100 267 235 143 163 245 252 151 147 190
tryptophan,4,isoleucine,6,17,4,1,11.596,11.597,-0.069,148.6,24.3,4.4853,0.0,2.679,2.535,220 186 196 196
tryptophan,4,isoleucine,6,17,4,2,11.596,11.597,-0.069,148.6,24.3,1.0627,0.0,0.847,2.217,236 202 213 206 221 206
tryptophan,4,isoleucine,6,17,4,3,11.596,11.597,-0.069,148.6,24.3,0.0892,0.0,1.13,2.049,246 245 192 188 234 212 5 176
tryptophan,4,isoleucine,6,17,4,4,11.596,11.597,-0.069,148.6,24.3,0.0,0.0,2.405,2.703,213 242 200 164 202 132 126 251 233 157
tryptophan,4,isoleucine,6,17,5,1,11.596,9.913,-0.069,150.7,97.3,2.7691,0.0,2.724,2.233,226 177 162 156
tryptophan,4,isoleucine,6,17,5,2,11.596,9.913,-0.069,150.7,97.3,0.0,0.0,1.866,1.113,280 171 265 252 183 166
tryptophan,4,isoleucine,6,17,5,3,11.596,9.913,-0.069,150.7,97.3,0.0,0.0,0.795,2.335,142 149 133 323 258 65 228 244
tryptophan,4,isoleucine,6,17,5,4,11.596,9.913,-0.069,150.7,97.3,0.0,0.0,2.905,2.257,109 222 183 221 251 102 108 221 192 152
tryptophan,4,isoleucine,6,17,6,1,11.596,10.535,-0.069,160.0,74.1,3.712,0.0,2.905,2.794,206 179 203 242
tryptophan,4,isoleucine,6,17,6,2,11.596,10.535,-0.069,160.0,74.1,0.2952,0.0,2.905,3.231,188 178 212 263 151 167
tryptophan,4,isoleucine,6,17,6,3,11.596,10.535,-0.069,160.0,74.1,0.0,0.0,1.669,2.029,332 209 202 226 235 133 143 198
tryptophan,4,isoleucine,6,17,6,4,11.596,10.535,-0.069,160.0,74.1,0.0,0.0,1.705,2.078,330 218 201 189 226 147 140 265 252 157
tryptophan,4,isoleucine,6,18,4,1,11.596,13.416,-0.069,68.3,30.1,6.308,0.0,3.095,4.219,211 358 166 160
tryptophan,4,isoleucine,6,18,4,2,11.596,13.416,-0.069,68.3,30.1,2.6961,0.0,2.339,4.503,209 360 214 221 180 180
tryptophan,4,isoleucine,6,18,4,3,11.596,13.416,-0.069,68.3,30.1,0.3689,0.0,0.633,4.377,202 350 156 163 169 172 288 208
tryptophan,4,isoleucine,6,18,4,4,11.596,13.416,-0.069,68.3,30.1,0.0,0.0,2.267,5.246,183 122 111 181 187 164 163 270 270 177
tryptophan,4,isoleucine,6,18,5,1,11.596,11.973,-0.069,59.4,91.8,5.2009,0.0,3.095,4.253,211 1 157 119
tryptophan,4,isoleucine,6,18,5,2,11.596,11.973,-0.069,59.4,91.8,1.639,0.0,3.004,3.823,210 1 220 242 188 185
tryptophan,4,isoleucine,6,18,5,3,11.596,11.973,-0.069,59.4,91.8,0.0,0.0,2.715,2.296,281 321 151 15 200 164 223 214
tryptophan,4,isoleucine,6,18,5,4,11.596,11.973,-0.069,59.4,91.8,0.0,0.0,3.095,2.23,267 82 100 225 216 140 145 204 196 171
tryptophan,4,isoleucine,6,18,6,1,11.596,12.473,-0.069,68.0,73.1,5.3603,0.0,3.095,4.533,218 2 196 202
tryptophan,4,isoleucine,6,18,6,2,11.596,12.473,-0.069,68.0,73.1,1.7794,0.0,2.643,4.455,220 0 143 135 181 181
tryptophan,4,isoleucine,6,18,6,3,11.596,12.473,-0.069,68.0,73.1,0.0,0.0,3.095,5.318,230 84 115 209 195 150 152 182
tryptophan,4,isoleucine,6,18,6,4,11.596,12.473,-0.069,68.0,73.1,0.0,0.0,3.095,4.222,248 107 110 209 203 126 135 212 198 167
tryptophan,4,leucine,0,16,1,1,10.252,10.066,0.552,140.6,47.2,2.7788,0.0,1.735,2.209,98 209 180 180
tryptophan,4,leucine,0,16,1,2,10.252,10.066,0.552,140.6,47.2,0.2104,0.0,0.848,2.769,28 171 173 175 282 209
tryptophan,4,leucine,0,16,1,3,10.252,10.066,0.552,140.6,47.2,0.0,0.0,1.982,3.46,163 195 154 39 218 206 0 184
tryptophan,4,leucine,0,16,1,4,10.252,10.066,0.552,140.6,47.2,0.0,0.0,3.121,3.46,184 161 180 147 135 223 221 126 138 199
tryptophan,4,leucine,0,16,2,1,10.252,9.134,0.552,139.5,83.8,1.8458,0.0,2.085,2.125,63 148 181 180
tryptophan,4,leucine,0,16,2,2,10.252,9.134,0.552,139.5,83.8,0.0,0.0,2.472,3.115,146 167 198 119 174 259
tryptophan,4,leucine,0,16,2,3,10.252,9.134,0.552,139.5,83.8,0.0,0.0,2.3,3.46,167 153 189 129 125 295 270 147
tryptophan,4,leucine,0,16,2,4,10.252,9.134,0.552,139.5,83.8,0.0,0.0,3.027,3.46,192 152 180 152 135 233 231 120 137 203
tryptophan,4,leucine,0,16,13,1,10.252,9.867,0.552,128.0,55.8,2.6311,0.0,2.345,1.754,44 130 169 173
tryptophan,4,leucine,0,16,13,2,10.252,9.867,0.552,128.0,55.8,0.0295,0.0,2.573,0.512,124 277 154 165 286 214
tryptophan,4,leucine,0,16,13,3,10.252,9.867,0.552,128.0,55.8,0.0,0.0,2.932,0.586,157 221 237 94 39 215 253 147
tryptophan,4,leucine,0,16,13,4,10.252,9.867,0.552,128.0,55.8,0.0,0.0,3.257,0.387,183 180 216 152 122 206 235 82 78 207
tryptophan,4,leucine,0,17,1,1,10.252,11.231,0.552,88.3,36.7,3.9722,0.0,2.886,1.352,236 55 177 178
tryptophan,4,leucine,0,17,1,2,10.252,11.231,0.552,88.3,36.7,0.7305,0.0,0.983,0.533,288 338 160 161 244 210
tryptophan,4,leucine,0,17,1,3,10.252,11.231,0.552,88.3,36.7,0.0021,0.0,1.646,1.59,258 2 189 59 295 152 26 158
tryptophan,4,leucine,0,17,1,4,10.252,11.231,0.552,88.3,36.7,0.0,0.0,1.432,2.567,184 91 131 287 265 152 143 227 257 186
tryptophan,4,leucine,0,17,2,1,10.252,10.088,0.552,95.4,84.1,2.8118,0.0,2.581,0.792,289 290 177 178
tryptophan,4,leucine,0,17,2,2,10.252,10.088,0.552,95.4,84.1,0.0,0.0,2.905,1.596,207 93 206 224 232 232
tryptophan,4,leucine,0,17,2,3,10.252,10.088,0.552,95.4,84.1,0.0,0.0,2.905,0.076,222 191 130 210 191 82 144 235
tryptophan,4,leucine,0,17,2,4,10.252,10.088,0.552,95.4,84.1,0.0,0.0,2.905,1.889,177 177 157 211 217 131 138 234 219 163
tryptophan,4,leucine,0,17,13,1,10.252,10.497,0.552,100.4,68.8,3.2477,0.0,2.905,1.108,231 77 188 185
tryptophan,4,leucine,0,17,13,2,10.252,10.497,0.552,100.4,68.8,0.0141,0.0,2.699,0.525,234 109 160 167 253 215
tryptophan,4,leucine,0,17,13,3,10.252,10.497,0.552,100.4,68.8,0.0,0.0,2.905,0.402,210 168 155 212 209 113 123 194
tryptophan,4,leucine,0,17,13,4,10.252,10.497,0.552,100.4,68.8,0.0,0.0,2.905,1.496,171 169 152 223 227 142 152 231 215 164
tryptophan,4,leucine,0,18,1,1,10.252,12.511,0.552,34.9,45.4,7.0713,0.0,3.095,4.467,136 0 164 42
tryptophan,4,leucine,0,18,1,2,10.252,12.511,0.552,34.9,45.4,3.5381,0.0,2.324,4.56,137 360 212 297 175 177
tryptophan,4,leucine,0,18,1,3,10.252,12.511,0.552,34.9,45.4,0.3163,0.0,0.693,4.948,119 1 218 278 188 185 121 147
tryptophan,4,leucine,0,18,1,4,10.252,12.511,0.552,34.9,45.4,0.0001,0.0,2.338,4.965,122 11 135 31 316 269 143 295 259 138
tryptophan,4,leucine,0,18,2,1,10.252,11.457,0.552,40.7,87.3,5.7081,0.0,3.095,4.29,151 0 200 300
tryptophan,4,leucine,0,18,2,2,10.252,11.457,0.552,40.7,87.3,2.2028,0.0,2.742,4.33,148 1 146 70 192 188
tryptophan,4,leucine,0,18,2,3,10.252,11.457,0.552,40.7,87.3,0.0,0.0,2.515,3.49,135 291 246 97 130 195 185 177
tryptophan,4,leucine,0,18,2,4,10.252,11.457,0.552,40.7,87.3,0.0,0.0,3.075,2.961,100 321 277 81 123 233 225 245 237 166
tryptophan,4,leucine,0,18,13,1,10.252,12.182,0.552,29.5,59.8,7.1396,0.0,3.095,3.63,157 360 189 341
tryptophan,4,leucine,0,18,13,2,10.252,12.182,0.552,29.5,59.8,3.5522,0.0,2.692,3.268,155 0 153 50 181 181
tryptophan,4,leucine,0,18,13,3,10.252,12.182,0.552,29.5,59.8,0.3316,0.0,3.095,1.479,182 359 152 52 168 173 229 212
tryptophan,4,leucine,0,18,13,4,10.252,12.182,0.552,29.5,59.8,0.0,0.0,3.095,0.343,206 290 220 118 127 202 190 127 133 185
tryptophan,4,serine,13,16,3,1,5.298,3.195,-0.001,145.6,121.3,1.7768,0.0,3.257,0.639,69 52 347 355
tryptophan,4,serine,13,16,3,2,5.298,3.195,-0.001,145.6,121.3,0.7281,0.0,3.257,3.46,285 325 3 17 154 2
tryptophan,4,serine,13,16,3,3,5.298,3.195,-0.001,145.6,121.3,0.0,0.0,3.257,2.492,142 86 326 229 324 76 51 62
tryptophan,4,serine,13,16,3,4,5.298,3.195,-0.001,145.6,121.3,0.0,0.0,3.085,3.46,263 23 18 50 37 312 301 40 110 265
tryptophan,4,serine,13,16,4,1,5.298,3.94,-0.001,107.7,88.9,1.144,0.0,2.279,3.46,344 305 345 349
tryptophan,4,serine,13,16,4,2,5.298,3.94,-0.001,107.7,88.9,0.2205,0.0,2.903,3.46,308 299 340 305 265 349
tryptophan,4,serine,13,16,4,3,5.298,3.94,-0.001,107.7,88.9,0.0,0.0,2.354,3.46,292 287 307 119 89 301 240 86
tryptophan,4,serine,13,16,4,4,5.298,3.94,-0.001,107.7,88.9,0.0,0.0,3.257,1.213,107 268 257 67 40 268 264 66 160 264
tryptophan,4,serine,13,16,5,1,5.298,4.954,-0.001,131.7,52.4,0.4127,0.0,2.811,3.46,333 288 11 22
tryptophan,4,serine,13,16,5,2,5.298,4.954,-0.001,131.7,52.4,0.0,0.0,3.257,3.46,283 311 21 292 213 63
tryptophan,4,serine,13,16,5,3,5.298,4.954,-0.001,131.7,52.4,0.0,0.0,3.119,3.46,272 359 5 72 59 283 253 118
tryptophan,4,serine,13,16,5,4,5.298,4.954,-0.001,131.7,52.4,0.0,0.0,2.157,1.878,50 343 134 87 64 244 282 19 141 279
tryptophan,4,serine,13,17,3,1,5.298,5.125,-0.001,59.4,115.0,0.4454,0.0,2.905,1.431,267 292 258 6
tryptophan,4,serine,13,17,3,2,5.298,5.125,-0.001,59.4,115.0,0.0,0.0,2.737,0.874,282 157 335 317 268 50
tryptophan,4,serine,13,17,3,3,5.298,5.125,-0.001,59.4,115.0,0.0,0.0,0.604,1.23,326 68 12 279 266 65 192 296
tryptophan,4,serine,13,17,3,4,5.298,5.125,-0.001,59.4,115.0,0.0,0.0,0.863,0.623,341 352 32 300 272 95 120 269 244 156
tryptophan,4,serine,13,17,4,1,5.298,5.276,-0.001,57.6,108.2,0.3648,0.0,1.516,1.428,293 59 107 358
tryptophan,4,serine,13,17,4,2,5.298,5.276,-0.001,57.6,108.2,0.0,0.0,1.543,0.758,323 121 352 345 244 45
tryptophan,4,serine,13,17,4,3,5.298,5.276,-0.001,57.6,108.2,0.0,0.0,1.281,1.84,13 41 38 281 273 85 142 248
tryptophan,4,serine,13,17,4,4,5.298,5.276,-0.001,57.6,108.2,0.0,0.0,0.952,1.462,7 355 30 322 301 77 102 269 234 147
tryptophan,4,serine,13,17,5,1,5.298,6.983,-0.001,48.6,42.0,1.4414,0.0,2.905,1.54,265 336 228 345
tryptophan,4,serine,13,17,5,2,5.298,6.983,-0.001,48.6,42.0,0.532,0.0,2.905,2.472,223 339 238 311 285 265
tryptophan,4,serine,13,17,5,3,5.298,6.983,-0.001,48.6,42.0,0.0,0.0,0.682,3.317,358 2 168 297 194 136 31 99
tryptophan,4,serine,13,17,5,4,5.298,6.983,-0.001,48.6,42.0,0.0,0.0,2.905,1.101,271 352 101 313 307 118 76 266 274 149
tryptophan,4,serine,13,18,3,1,5.298,5.638,-0.001,38.4,118.7,1.5279,0.0,3.095,4.758,113 0 179 0
tryptophan,4,serine,13,18,3,2,5.298,5.638,-0.001,38.4,118.7,0.0,0.0,3.066,4.532,94 273 296 53 119 284
tryptophan,4,serine,13,18,3,3,5.298,5.638,-0.001,38.4,118.7,0.0,0.0,1.665,4.642,37 318 305 68 92 281 228 132
tryptophan,4,serine,13,18,3,4,5.298,5.638,-0.001,38.4,118.7,0.0,0.0,1.426,4.779,30 352 314 62 92 260 234 106 128 201
tryptophan,4,serine,13,18,4,1,5.298,5.965,-0.001,26.1,104.2,2.7875,0.0,2.611,5.318,72 360 181 360
tryptophan,4,serine,13,18,4,2,5.298,5.965,-0.001,26.1,104.2,0.0,0.0,2.119,4.371,57 292 257 31 169 285
tryptophan,4,serine,13,18,4,3,5.298,5.965,-0.001,26.1,104.2,0.0,0.0,2.239,4.489,356 321 288 53 89 297 255 146
tryptophan,4,serine,13,18,4,4,5.298,5.965,-0.001,26.1,104.2,0.0,0.0,0.62,1.937,326 108 50 68 86 294 286 101 126 213
tryptophan,4,serine,13,18,5,1,5.298,7.089,-0.001,43.9,62.0,1.4464,0.0,3.076,5.276,86 0 180 1
tryptophan,4,serine,13,18,5,2,5.298,7.089,-0.001,43.9,62.0,0.0,0.0,1.783,5.318,45 310 252 54 155 232
tryptophan,4,serine,13,18,5,3,5.298,7.089,-0.001,43.9,62.0,0.0,0.0,1.693,5.318,27 320 306 64 94 266 213 133
tryptophan,4,serine,13,18,5,4,5.298,7.089,-0.001,43.9,62.0,0.0,0.0,1.491,5.318,37 343 314 65 91 252 225 94 122 205
tryptophan,4,tyrosine,2,16,8,1,15.804,14.676,-0.064,109.0,109.1,7.4179,0.0,3.257,0.956,143 266 180 180
tryptophan,4,tyrosine,2,16,8,2,15.804,14.676,-0.064,109.0,109.1,3.7341,0.0,3.257,0.603,70 93 181 180 181 181
tryptophan,4,tyrosine,2,16,8,3,15.804,14.676,-0.064,109.0,109.1,0.1472,0.0,3.257,0.612,141 263 194 188 210 204 191 189
tryptophan,4,tyrosine,2,16,8,4,15.804,14.676,-0.064,109.0,109.1,0.0,0.0,3.257,2.874,165 189 197 155 156 217 211 156 166 190
tryptophan,4,tyrosine,2,16,9,1,15.804,14.455,-0.064,112.0,118.6,7.2048,0.0,3.257,1.252,75 99 182 181
tryptophan,4,tyrosine,2,16,9,2,15.804,14.455,-0.064,112.0,118.6,3.5275,0.0,3.257,1.182,149 260 184 182 184 183
tryptophan,4,tyrosine,2,16,9,3,15.804,14.455,-0.064,112.0,118.6,0.0,0.0,3.127,1.338,151 237 198 161 164 165 162 174
tryptophan,4,tyrosine,2,16,9,4,15.804,14.455,-0.064,112.0,118.6,0.0,0.0,3.257,2.574,140 172 183 163 169 262 254 155 167 194
tryptophan,4,tyrosine,2,16,10,1,15.804,16.635,-0.064,111.0,23.7,9.3913,0.0,3.257,1.355,148 262 179 179
tryptophan,4,tyrosine,2,16,10,2,15.804,16.635,-0.064,111.0,23.7,5.7262,0.0,3.257,0.828,74 98 176 178 176 176
tryptophan,4,tyrosine,2,16,10,3,15.804,16.635,-0.064,111.0,23.7,2.0616,0.0,3.247,1.035,148 262 178 179 165 167 178 179
tryptophan,4,tyrosine,2,16,10,4,15.804,16.635,-0.064,111.0,23.7,0.3369,0.0,3.257,1.322,69 121 175 177 160 164 175 177 305 205
tryptophan,4,tyrosine,2,17,8,1,15.804,14.197,-0.064,130.8,106.8,6.9472,0.0,2.905,1.055,225 133 178 179
tryptophan,4,tyrosine,2,17,8,2,15.804,14.197,-0.064,130.8,106.8,3.2502,0.0,2.539,0.398,290 224 180 180 180 180
tryptophan,4,tyrosine,2,17,8,3,15.804,14.197,-0.064,130.8,106.8,0.0,0.0,2.905,0.169,216 160 169 211 204 183 191 186
tryptophan,4,tyrosine,2,17,8,4,15.804,14.197,-0.064,130.8,106.8,0.0,0.0,2.905,1.08,162 186 173 260 180 86 185 177 149 171
tryptophan,4,tyrosine,2,17,9,1,15.804,14.057,-0.064,130.5,112.7,6.8092,0.0,2.721,0.755,283 228 183 182
tryptophan,4,tyrosine,2,17,9,2,15.804,14.057,-0.064,130.5,112.7,3.114,0.0,2.905,0.558,218 135 180 180 180 180
tryptophan,4,tyrosine,2,17,9,3,15.804,14.057,-0.064,130.5,112.7,0.0,0.0,2.711,1.072,227 174 149 165 175 154 140 186
tryptophan,4,tyrosine,2,17,9,4,15.804,14.057,-0.064,130.5,112.7,0.0,0.0,2.336,3.107,170 178 163 203 210 163 167 230 222 169
tryptophan,4,tyrosine,2,17,10,1,15.804,16.185,-0.064,131.8,15.2,8.9464,0.0,2.601,0.796,288 226 181 181
tryptophan,4,tyrosine,2,17,10,2,15.804,16.185,-0.064,131.8,15.2,5.2769,0.0,2.905,0.349,224 137 183 181 183 182
tryptophan,4,tyrosine,2,17,10,3,15.804,16.185,-0.064,131.8,15.2,1.607,0.0,2.558,0.306,290 227 180 180 183 183 180 180
tryptophan,4,tyrosine,2,17,10,4,15.804,16.185,-0.064,131.8,15.2,0.371,0.0,2.905,0.952,212 107 187 184 201 198 187 185 30 165
tryptophan,4,tyrosine,2,18,8,1,15.804,16.367,-0.064,40.8,105.1,10.462,0.0,3.095,3.452,195 0 157 74
tryptophan,4,tyrosine,2,18,8,2,15.804,16.367,-0.064,40.8,105.1,6.9321,0.0,3.095,2.944,195 0 217 274 183 182
tryptophan,4,tyrosine,2,18,8,3,15.804,16.367,-0.064,40.8,105.1,3.2784,0.0,3.095,0.621,194 1 147 81 193 187 192 191
tryptophan,4,tyrosine,2,18,8,4,15.804,16.367,-0.064,40.8,105.1,0.0,0.0,3.095,0.968,195 355 140 65 235 238 144 178 185 206
tryptophan,4,tyrosine,2,18,9,1,15.804,16.056,-0.064,48.9,118.1,9.6927,0.0,3.095,3.946,192 360 155 100
tryptophan,4,tyrosine,2,18,9,2,15.804,16.056,-0.064,48.9,118.1,6.1765,0.0,3.095,3.67,192 360 219 260 178 179
tryptophan,4,tyrosine,2,18,9,3,15.804,16.056,-0.064,48.9,118.1,2.4988,0.0,3.095,1.906,193 360 144 101 176 178 175 176
tryptophan,4,tyrosine,2,18,9,4,15.804,16.056,-0.064,48.9,118.1,0.0,0.0,3.095,1.309,207 342 218 273 135 126 193 56 259 150
tryptophan,4,tyrosine,2,18,10,1,15.804,18.275,-0.064,45.8,18.6,12.0366,0.0,3.095,3.83,194 360 156 94
tryptophan,4,tyrosine,2,18,10,2,15.804,18.275,-0.064,45.8,18.6,8.525,0.0,3.095,3.49,194 360 219 263 179 180
tryptophan,4,tyrosine,2,18,10,3,15.804,18.275,-0.064,45.8,18.6,4.8519,0.0,3.095,1.568,194 360 145 97 179 179 179 179
tryptophan,4,tyrosine,2,18,10,4,15.804,18.275,-0.064,45.8,18.6,1.2223,0.0,3.095,1.988,192 360 142 99 178 179 173 174 178 179
tryptophan,4,phenylalanine,0,16,12,1,14.9,14.74,0.59,94.4,85.7,7.4813,0.0,3.257,1.623,102 68 181 181
tryptophan,4,phenylalanine,0,16,12,2,14.9,14.74,0.59,94.4,85.7,3.7895,0.0,3.257,2.536,164 296 177 178 177 177
tryptophan,4,phenylalanine,0,16,12,3,14.9,14.74,0.59,94.4,85.7,0.1635,0.0,3.257,2.69,169 291 181 181 193 191 181 181
tryptophan,4,phenylalanine,0,16,12,4,14.9,14.74,0.59,94.4,85.7,0.0,0.0,3.257,3.46,196 208 213 154 155 196 190 140 146 187
tryptophan,4,phenylalanine,0,16,13,1,14.9,13.568,0.59,98.0,135.9,6.3393,0.0,3.257,2.366,162 286 177 178
tryptophan,4,phenylalanine,0,16,13,2,14.9,13.568,0.59,98.0,135.9,2.664,0.0,3.257,1.344,96 72 176 178 175 176
tryptophan,4,phenylalanine,0,16,13,3,14.9,13.568,0.59,98.0,135.9,0.0,0.0,2.897,2.992,181 235 194 133 153 186 181 177
tryptophan,4,phenylalanine,0,16,13,4,14.9,13.568,0.59,98.0,135.9,0.0,0.0,3.257,3.46,191 202 212 160 159 200 196 124 129 188
tryptophan,4,phenylalanine,0,16,14,1,14.9,16.028,0.59,96.8,28.7,8.7852,0.0,3.257,2.382,162 288 178 179
tryptophan,4,phenylalanine,0,16,14,2,14.9,16.028,0.59,96.8,28.7,5.0999,0.0,3.257,1.369,97 70 178 179 178 178
tryptophan,4,phenylalanine,0,16,14,3,14.9,16.028,0.59,96.8,28.7,1.4524,0.0,2.507,1.184,93 73 182 181 195 193 182 181
tryptophan,4,phenylalanine,0,16,14,4,14.9,16.028,0.59,96.8,28.7,0.0944,0.0,3.257,1.158,81 93 179 180 171 172 180 180 328 196
tryptophan,4,phenylalanine,0,17,12,1,14.9,13.643,0.59,146.1,84.2,6.4156,0.0,2.905,2.453,224 192 186 184
tryptophan,4,phenylalanine,0,17,12,2,14.9,13.643,0.59,146.1,84.2,2.7391,0.0,2.905,2.69,210 179 159 160 178 179
tryptophan,4,phenylalanine,0,17,12,3,14.9,13.643,0.59,146.1,84.2,0.0,0.0,2.905,3.398,166 186 165 202 205 160 194 222
tryptophan,4,phenylalanine,0,17,12,4,14.9,13.643,0.59,146.1,84.2,0.0,0.0,2.905,3.398,170 211 183 181 200 146 141 227 222 167
tryptophan,4,phenylalanine,0,17,13,1,14.9,12.59,0.59,144.5,127.5,5.3917,0.0,2.905,2.369,210 164 173 175
tryptophan,4,phenylalanine,0,17,13,2,14.9,12.59,0.59,144.5,127.5,1.6794,0.0,2.905,2.243,228 181 193 192 182 181
tryptophan,4,phenylalanine,0,17,13,3,14.9,12.59,0.59,144.5,127.5,0.0,0.0,2.893,3.288,158 186 163 217 220 156 170 198
tryptophan,4,phenylalanine,0,17,13,4,14.9,12.59,0.59,144.5,127.5,0.0,0.0,1.481,2.362,164 223 176 205 229 96 113 213 177 150
tryptophan,4,phenylalanine,0,17,14,1,14.9,14.974,0.59,147.2,22.6,7.7491,0.0,2.905,2.337,220 175 178 178
tryptophan,4,phenylalanine,0,17,14,2,14.9,14.974,0.59,147.2,22.6,4.116,0.0,2.905,2.277,226 180 200 200 181 181
tryptophan,4,phenylalanine,0,17,14,3,14.9,14.974,0.59,147.2,22.6,0.9046,0.0,2.706,1.145,228 166 179 180 179 179 236 206
tryptophan,4,phenylalanine,0,17,14,4,14.9,14.974,0.59,147.2,22.6,0.0009,0.0,2.905,0.534,223 132 198 187 190 194 223 200 5 176
tryptophan,4,phenylalanine,0,18,12,1,14.9,15.373,0.59,70.7,91.0,8.2081,0.0,3.095,4.185,208 358 174 173
tryptophan,4,phenylalanine,0,18,12,2,14.9,15.373,0.59,70.7,91.0,4.5917,0.0,3.095,4.422,207 359 208 212 178 179
tryptophan,4,phenylalanine,0,18,12,3,14.9,15.373,0.59,70.7,91.0,0.9109,0.0,2.925,4.283,210 356 157 156 163 170 169 171
tryptophan,4,phenylalanine,0,18,12,4,14.9,15.373,0.59,70.7,91.0,0.0,0.0,3.095,5.318,182 131 124 200 197 156 164 206 197 172
tryptophan,4,phenylalanine,0,18,13,1,14.9,14.516,0.59,62.0,126.6,7.5778,0.0,3.095,4.2,205 0 161 139
tryptophan,4,phenylalanine,0,18,13,2,14.9,14.516,0.59,62.0,126.6,4.0692,0.0,3.095,4.313,204 1 217 233 185 183
tryptophan,4,phenylalanine,0,18,13,3,14.9,14.516,0.59,62.0,126.6,0.3214,0.0,2.339,2.825,205 359 149 130 172 176 175 176
tryptophan,4,phenylalanine,0,18,13,4,14.9,14.516,0.59,62.0,126.6,0.0,0.0,2.034,2.072,237 84 108 222 201 145 156 191 186 178
tryptophan,4,phenylalanine,0,18,14,1,14.9,16.899,0.59,63.8,20.7,9.8687,0.0,3.095,4.186,207 360 166 154
tryptophan,4,phenylalanine,0,18,14,2,14.9,16.899,0.59,63.8,20.7,6.356,0.0,3.095,4.488,206 0 215 227 181 181
tryptophan,4,phenylalanine,0,18,14,3,14.9,16.899,0.59,63.8,20.7,2.6343,0.0,2.383,3.585,206 360 150 136 180 180 180 180
tryptophan,4,phenylalanine,0,18,14,4,14.9,16.899,0.59,63.8,20.7,0.6024,0.0,3.095,3.205,195 359 211 236 171 175 174 174 66 157
tryptophan,4,aspartic,9,16,3,1,7.956,9.332,0.559,83.7,36.3,2.1179,0.0,0.95,2.329,152 317 166 170
tryptophan,4,aspartic,9,16,3,2,7.956,9.332,0.559,83.7,36.3,0.2191,0.0,0.78,1.423,82 105 152 164 318 204
tryptophan,4,aspartic,9,16,3,3,7.956,9.332,0.559,83.7,36.3,0.0,0.0,2.051,3.448,183 190 229 147 137 248 233 154
tryptophan,4,aspartic,9,16,3,4,7.956,9.332,0.559,83.7,36.3,0.0,0.0,2.364,2.69,191 175 215 152 135 242 231 123 154 206
tryptophan,4,aspartic,9,16,4,1,7.956,8.715,0.559,68.6,63.5,1.5531,0.0,1.095,1.674,123 0 193 209
tryptophan,4,aspartic,9,16,4,2,7.956,8.715,0.559,68.6,63.5,0.0,0.0,1.237,0.536,79 11 209 314 312 171
tryptophan,4,aspartic,9,16,4,3,7.956,8.715,0.559,68.6,63.5,0.0,0.0,1.053,0.655,96 224 284 134 117 301 291 148
tryptophan,4,aspartic,9,16,4,4,7.956,8.715,0.559,68.6,63.5,0.0,0.0,2.713,0.914,108 229 245 176 147 230 243 105 125 212
tryptophan,4,aspartic,9,16,5,1,7.956,7.988,0.559,76.5,90.6,0.717,0.0,2.083,2.63,152 332 191 186
tryptophan,4,aspartic,9,16,5,2,7.956,7.988,0.559,76.5,90.6,0.0,0.0,1.697,3.46,177 215 252 140 74 120
tryptophan,4,aspartic,9,16,5,3,7.956,7.988,0.559,76.5,90.6,0.0,0.0,1.562,0.61,67 324 325 35 102 53 17 176
tryptophan,4,aspartic,9,16,5,4,7.956,7.988,0.559,76.5,90.6,0.0,0.0,2.857,3.46,164 179 236 193 137 257 254 48 96 221
tryptophan,4,aspartic,9,17,3,1,7.956,7.88,0.559,155.2,23.3,1.0662,0.0,0.585,2.12,221 166 216 237
tryptophan,4,aspartic,9,17,3,2,7.956,7.88,0.559,155.2,23.3,0.2274,0.0,0.782,1.618,263 297 72 165 1 178
tryptophan,4,aspartic,9,17,3,3,7.956,7.88,0.559,155.2,23.3,0.0,0.0,1.81,0.553,323 253 188 207 260 87 114 239
tryptophan,4,aspartic,9,17,3,4,7.956,7.88,0.559,155.2,23.3,0.0,0.0,1.955,0.263,316 261 208 187 245 92 90 319 286 137
tryptophan,4,aspartic,9,17,4,1,7.956,6.76,0.559,172.8,73.9,0.9771,0.0,0.953,1.675,244 178 194 343
tryptophan,4,aspartic,9,17,4,2,7.956,6.76,0.559,172.8,73.9,0.0,0.0,2.905,3.398,89 83 294 305 212 125
tryptophan,4,aspartic,9,17,4,3,7.956,6.76,0.559,172.8,73.9,0.0,0.0,2.905,3.398,162 234 167 164 304 93 102 271
tryptophan,4,aspartic,9,17,4,4,7.956,6.76,0.559,172.8,73.9,0.0,0.0,1.607,2.816,338 143 161 264 296 115 97 299 269 121
tryptophan,4,aspartic,9,17,5,1,7.956,6.385,0.559,152.6,87.6,0.0,0.0,2.905,3.398,156 199 108 76
tryptophan,4,aspartic,9,17,5,2,7.956,6.385,0.559,152.6,87.6,0.0,0.0,2.872,3.398,62 111 224 44 156 288
tryptophan,4,aspartic,9,17,5,3,7.956,6.385,0.559,152.6,87.6,0.0,0.0,2.905,3.398,138 293 105 198 264 78 116 272
tryptophan,4,aspartic,9,17,5,4,7.956,6.385,0.559,152.6,87.6,0.0,0.0,1.708,2.609,330 160 154 266 292 96 97 316 291 140
tryptophan,4,aspartic,9,18,3,1,7.956,9.919,0.559,61.6,24.2,3.0898,0.0,3.095,4.324,216 359 155 121
tryptophan,4,aspartic,9,18,3,2,7.956,9.919,0.559,61.6,24.2,0.61,0.0,1.777,4.132,195 0 184 188 57 166
tryptophan,4,aspartic,9,18,3,3,7.956,9.919,0.559,61.6,24.2,0.0175,0.0,2.106,3.807,151 38 227 221 265 213 33 145
tryptophan,4,aspartic,9,18,3,4,7.956,9.919,0.559,61.6,24.2,0.0,0.0,3.095,4.329,192 101 177 196 201 150 91 230 318 211
tryptophan,4,aspartic,9,18,4,1,7.956,8.873,0.559,62.5,72.8,1.9834,0.0,3.095,4.728,231 0 204 242
tryptophan,4,aspartic,9,18,4,2,7.956,8.873,0.559,62.5,72.8,0.0,0.0,3.095,5.318,219 102 119 241 214 158
tryptophan,4,aspartic,9,18,4,3,7.956,8.873,0.559,62.5,72.8,0.0,0.0,3.095,5.318,271 122 56 212 232 125 168 240
tryptophan,4,aspartic,9,18,4,4,7.956,8.873,0.559,62.5,72.8,0.0,0.0,3.095,5.318,292 8 35 307 292 112 127 232 212 157
tryptophan,4,aspartic,9,18,5,1,7.956,8.105,0.559,72.2,101.7,1.0745,0.0,3.095,4.634,230 348 150 147
tryptophan,4,aspartic,9,18,5,2,7.956,8.105,0.559,72.2,101.7,0.0,0.0,3.095,5.318,233 135 51 229 245 174
tryptophan,4,aspartic,9,18,5,3,7.956,8.105,0.559,72.2,101.7,0.0,0.0,3.095,5.318,277 88 68 223 234 123 146 219
tryptophan,4,aspartic,9,18,5,4,7.956,8.105,0.559,72.2,101.7,0.0,0.0,3.095,5.318,264 109 86 193 206 117 130 292 265 156
tryptophan,4,serine,8,16,3,1,10.484,9.579,0.13,73.2,135.6,2.3685,0.0,3.257,1.303,118 357 172 172
tryptophan,4,serine,8,16,3,2,10.484,9.579,0.13,73.2,135.6,0.0,0.0,3.257,1.071,145 255 219 130 141 182
tryptophan,4,serine,8,16,3,3,10.484,9.579,0.13,73.2,135.6,0.0,0.0,3.257,0.508,134 204 239 143 146 284 263 158
tryptophan,4,serine,8,16,3,4,10.484,9.579,0.13,73.2,135.6,0.0,0.0,3.257,0.48,159 186 215 150 138 251 244 125 150 206
tryptophan,4,serine,8,16,4,1,10.484,10.67,0.13,85.0,88.0,3.5238,0.0,3.257,0.696,94 45 198 191
tryptophan,4,serine,8,16,4,2,10.484,10.67,0.13,85.0,88.0,0.0,0.0,3.257,1.345,149 284 180 151 156 162
tryptophan,4,serine,8,16,4,3,10.484,10.67,0.13,85.0,88.0,0.0,0.0,3.257,3.007,184 205 228 138 138 223 208 162
tryptophan,4,serine,8,16,4,4,10.484,10.67,0.13,85.0,88.0,0.0,0.0,3.257,3.032,200 204 227 148 141 210 202 106 119 197
tryptophan,4,serine,8,16,5,1,10.484,10.826,0.13,74.1,82.2,3.5728,0.0,3.257,1.79,122 9 186 184
tryptophan,4,serine,8,16,5,2,10.484,10.826,0.13,74.1,82.2,0.0,0.0,3.257,2.36,132 6 193 200 194 174
tryptophan,4,serine,8,16,5,3,10.484,10.826,0.13,74.1,82.2,0.0,0.0,3.257,3.46,177 212 235 145 144 225 209 159
tryptophan,4,serine,8,16,5,4,10.484,10.826,0.13,74.1,82.2,0.0,0.0,3.257,3.46,177 207 229 169 161 219 213 93 107 199
tryptophan,4,serine,8,17,3,1,10.484,7.757,0.13,166.9,140.8,1.5486,0.0,2.905,1.184,267 181 152 73
tryptophan,4,serine,8,17,3,2,10.484,7.757,0.13,166.9,140.8,0.0,0.0,2.905,3.398,84 156 188 30 161 116
tryptophan,4,serine,8,17,3,3,10.484,7.757,0.13,166.9,140.8,0.0,0.0,2.905,3.398,70 214 193 193 280 105 114 231
tryptophan,4,serine,8,17,3,4,10.484,7.757,0.13,166.9,140.8,0.0,0.0,2.905,3.398,119 263 145 63 54 216 293 53 273 203
tryptophan,4,serine,8,17,4,1,10.484,9.229,0.13,156.3,76.5,2.3719,0.0,2.905,1.52,251 184 206 228
tryptophan,4,serine,8,17,4,2,10.484,9.229,0.13,156.3,76.5,0.0,0.0,2.078,0.83,310 214 199 232 251 162
tryptophan,4,serine,8,17,4,3,10.484,9.229,0.13,156.3,76.5,0.0,0.0,2.905,1.53,264 261 167 184 284 44 91 267
tryptophan,4,serine,8,17,4,4,10.484,9.229,0.13,156.3,76.5,0.0,0.0,2.905,3.01,188 228 182 174 215 117 115 291 269 151
tryptophan,4,serine,8,17,5,1,10.484,9.016,0.13,166.7,84.3,2.5765,0.0,2.905,2.857,204 180 206 271
tryptophan,4,serine,8,17,5,2,10.484,9.016,0.13,166.7,84.3,0.0,0.0,2.905,2.265,233 221 179 224 229 118
tryptophan,4,serine,8,17,5,3,10.484,9.016,0.13,166.7,84.3,0.0,0.0,2.905,3.398,149 221 186 209 270 51 88 256
tryptophan,4,serine,8,17,5,4,10.484,9.016,0.13,166.7,84.3,0.0,0.0,2.872,3.398,71 221 196 188 270 99 69 343 318 120
tryptophan,4,serine,8,18,3,1,10.484,10.028,0.13,55.7,135.9,3.5332,0.0,3.095,4.46,232 359 207 262
tryptophan,4,serine,8,18,3,2,10.484,10.028,0.13,55.7,135.9,0.0039,0.0,3.095,3.235,228 5 138 84 216 202
tryptophan,4,serine,8,18,3,3,10.484,10.028,0.13,55.7,135.9,0.0,0.0,3.095,2.613,219 14 117 171 83 257 2 262
tryptophan,4,serine,8,18,3,4,10.484,10.028,0.13,55.7,135.9,0.0,0.0,3.095,4.739,293 2 48 330 286 91 123 218 205 172
tryptophan,4,serine,8,18,4,1,10.484,11.399,0.13,57.2,77.8,4.7247,0.0,3.095,4.348,218 0 155 112
tryptophan,4,serine,8,18,4,2,10.484,11.399,0.13,57.2,77.8,1.2741,0.0,3.095,3.72,218 358 225 256 169 172
tryptophan,4,serine,8,18,4,3,10.484,11.399,0.13,57.2,77.8,0.0,0.0,3.095,2.906,178 127 117 253 195 149 165 183
tryptophan,4,serine,8,18,4,4,10.484,11.399,0.13,57.2,77.8,0.0,0.0,3.095,3.043,257 27 58 299 273 141 154 239 229 167
tryptophan,4,serine,8,18,5,1,10.484,11.004,0.13,67.4,92.5,4.055,0.0,3.095,4.592,232 355 155 147
tryptophan,4,serine,8,18,5,2,10.484,11.004,0.13,67.4,92.5,0.3582,0.0,3.095,4.633,229 357 141 135 171 174
tryptophan,4,serine,8,18,5,3,10.484,11.004,0.13,67.4,92.5,0.0,0.0,3.095,5.318,266 57 121 233 191 134 134 165
tryptophan,4,serine,8,18,5,4,10.484,11.004,0.13,67.4,92.5,0.0,0.0,3.095,5.318,232 129 117 189 196 135 138 244 228 160
tyrosine,2,aspartic,13,8,3,1,2.805,3.061,0.425,58.1,54.9,2.6737,0.0,2.824,4.431,178 245 329 352
tyrosine,2,aspartic,13,8,3,2,2.805,3.061,0.425,58.1,54.9,1.1362,0.0,2.824,4.431,130 241 351 315 243 355
tyrosine,2,aspartic,13,8,3,3,2.805,3.061,0.425,58.1,54.9,0.0,0.0,2.824,4.431,99 145 66 103 91 294 223 51
tyrosine,2,aspartic,13,8,3,4,2.805,3.061,0.425,58.1,54.9,0.0,0.0,1.123,0.399,352 36 73 297 273 73 98 266 234 153
tyrosine,2,aspartic,13,8,4,1,2.805,3.709,0.425,99.7,30.5,1.6913,0.0,2.824,4.431,165 246 6 6
tyrosine,2,aspartic,13,8,4,2,2.805,3.709,0.425,99.7,30.5,0.486,0.0,2.824,4.431,129 266 4 70 93 2
tyrosine,2,aspartic,13,8,4,3,2.805,3.709,0.425,99.7,30.5,0.0,0.0,1.934,1.054,270 44 348 265 328 67 108 295
tyrosine,2,aspartic,13,8,4,4,2.805,3.709,0.425,99.7,30.5,0.0,0.0,1.285,1.017,278 355 335 307 309 68 85 310 255 121
tyrosine,2,aspartic,13,8,5,1,2.805,1.239,0.425,108.4,130.2,3.6587,0.0,2.824,4.431,154 263 3 2
tyrosine,2,aspartic,13,8,5,2,2.805,1.239,0.425,108.4,130.2,2.6929,0.0,2.824,4.431,105 286 1 27 144 1
tyrosine,2,aspartic,13,8,5,3,2.805,1.239,0.425,108.4,130.2,0.0,0.0,1.512,2.867,330 52 2 258 287 10 186 324
tyrosine,2,aspartic,13,8,5,4,2.805,1.239,0.425,108.4,130.2,0.0,0.0,2.656,3.287,59 22 58 258 280 67 83 324 239 106
tyrosine,2,aspartic,13,9,3,1,2.805,1.871,0.425,99.2,81.1,3.0462,0.0,1.664,3.913,230 98 2 1
tyrosine,2,aspartic,13,9,3,2,2.805,1.871,0.425,99.2,81.1,2.0651,0.0,1.664,3.913,280 83 0 29 142 0
tyrosine,2,aspartic,13,9,3,3,2.805,1.871,0.425,99.2,81.1,0.0,0.0,1.472,2.82,337 38 6 281 264 16 186 303
tyrosine,2,aspartic,13,9,3,4,2.805,1.871,0.425,99.2,81.1,0.0,0.0,1.363,2.104,2 323 4 305 294 63 82 292 234 118
tyrosine,2,aspartic,13,9,4,1,2.805,3.72,0.425,99.3,9.6,1.906,0.0,1.664,3.913,196 105 358 358
tyrosine,2,aspartic,13,9,4,2,2.805,3.72,0.425,99.3,9.6,0.7665,0.0,1.664,3.913,226 95 359 270 284 360
tyrosine,2,aspartic,13,9,4,3,2.805,3.72,0.425,99.3,9.6,0.0,0.0,0.578,1.158,99 308 10 108 9 294 277 32
tyrosine,2,aspartic,13,9,4,4,2.805,3.72,0.425,99.3,9.6,0.0,0.0,0.348,0.757,83 359 24 42 43 293 276 63 113 239
tyrosine,2,aspartic,13,9,5,1,2.805,2.578,0.425,60.3,59.3,3.0433,0.0,0.821,1.911,121 243 336 352
tyrosine,2,aspartic,13,9,5,2,2.805,2.578,0.425,60.3,59.3,1.6421,0.0,0.36,0.7,75 243 352 315 243 356
tyrosine,2,aspartic,13,9,5,3,2.805,2.578,0.425,60.3,59.3,0.0,0.0,1.151,0.897,35 274 314 87 85 330 219 66
tyrosine,2,aspartic,13,9,5,4,2.805,2.578,0.425,60.3,59.3,0.0,0.0,1.146,0.676,347 352 311 58 83 289 266 86 121 216
tyrosine,2,aspartic,13,10,3,1,2.805,2.585,0.425,73.3,105.1,2.268,0.0,3.253,5.667,142 204 356 358
tyrosine,2,aspartic,13,10,3,2,2.805,2.585,0.425,73.3,105.1,1.313,0.0,3.239,5.667,76 250 359 350 194 360
tyrosine,2,aspartic,13,10,3,3,2.805,2.585,0.425,73.3,105.1,0.0,0.0,2.318,4.444,48 255 303 82 115 8 191 315
tyrosine,2,aspartic,13,10,3,4,2.805,2.585,0.425,73.3,105.1,0.0,0.0,2.265,4.89,350 343 300 66 87 283 266 92 127 218
tyrosine,2,aspartic,13,10,4,1,2.805,4.504,0.425,70.5,33.2,1.1101,0.0,3.253,5.667,181 152 17 3
tyrosine,2,aspartic,13,10,4,2,2.805,4.504,0.425,70.5,33.2,0.0,0.0,3.253,5.667,222 163 333 258 316 334
tyrosine,2,aspartic,13,10,4,3,2.805,4.504,0.425,70.5,33.2,0.0,0.0,3.253,5.667,281 90 355 291 268 310 270 190
tyrosine,2,aspartic,13,10,4,4,2.805,4.504,0.425,70.5,33.2,0.0,0.0,2.283,5.667,317 351 37 300 259 89 120 245 223 162
tyrosine,2,aspartic,13,10,5,1,2.805,2.87,0.425,51.2,93.3,2.6169,0.0,3.253,5.667,211 126 33 3
tyrosine,2,aspartic,13,10,5,2,2.805,2.87,0.425,51.2,93.3,1.0236,0.0,3.253,5.63,271 136 0 2 177 0
tyrosine,2,aspartic,13,10,5,3,2.805,2.87,0.425,51.2,93.3,0.0,0.0,2.74,5.667,293 59 7 294 277 33 162 300
tyrosine,2,aspartic,13,10,5,4,2.805,2.87,0.425,51.2,93.3,0.0,0.0,2.259,5.592,349 352 35 290 256 87 116 268 242 155
tyrosine,2,glutamic,1,8,5,1,11.894,11.251,0.528,119.5,81.5,3.9796,0.0,2.824,1.639,272 112 181 181
tyrosine,2,glutamic,1,8,5,2,11.894,11.251,0.528,119.5,81.5,0.2804,0.0,1.608,1.84,277 115 167 173 173 173
tyrosine,2,glutamic,1,8,5,3,11.894,11.251,0.528,119.5,81.5,0.0,0.0,2.824,2.494,274 182 181 213 195 74 86 184
tyrosine,2,glutamic,1,8,5,4,11.894,11.251,0.528,119.5,81.5,0.0,0.0,2.824,3.542,217 185 183 231 221 111 123 210 199 169
tyrosine,2,glutamic,1,8,6,1,11.894,10.021,0.528,120.6,133.3,2.784,0.0,2.378,1.724,336 247 177 178
tyrosine,2,glutamic,1,8,6,2,11.894,10.021,0.528,120.6,133.3,0.0,0.0,1.91,1.463,280 172 92 212 112 77
tyrosine,2,glutamic,1,8,6,3,11.894,10.021,0.528,120.6,133.3,0.0,0.0,2.824,2.407,291 207 127 119 269 134 10 84
tyrosine,2,glutamic,1,8,6,4,11.894,10.021,0.528,120.6,133.3,0.0,0.0,2.824,1.888,254 187 208 202 186 116 98 246 274 185
tyrosine,2,glutamic,1,8,7,1,11.894,12.454,0.528,118.4,28.1,5.2052,0.0,2.359,1.691,337 250 179 179
tyrosine,2,glutamic,1,8,7,2,11.894,12.454,0.528,118.4,28.1,1.4844,0.0,2.28,0.81,333 247 189 185 186 185
tyrosine,2,glutamic,1,8,7,3,11.894,12.454,0.528,118.4,28.1,0.172,0.0,2.82,0.477,310 248 155 161 213 207 343 195
tyrosine,2,glutamic,1,8,7,4,11.894,12.454,0.528,118.4,28.1,0.0,0.0,2.824,1.02,207 168 166 216 218 155 159 230 224 170
tyrosine,2,glutamic,1,9,5,1,11.894,12.121,0.528,84.7,72.3,4.8596,0.0,2.941,1.143,97 312 182 181
tyrosine,2,glutamic,1,9,5,2,11.894,12.121,0.528,84.7,72.3,1.1677,0.0,1.601,0.975,51 37 195 188 190 189
tyrosine,2,glutamic,1,9,5,3,11.894,12.121,0.528,84.7,72.3,0.0,0.0,1.085,1.646,111 301 204 155 322 156 287 298
tyrosine,2,glutamic,1,9,5,4,11.894,12.121,0.528,84.7,72.3,0.0,0.0,2.941,2.926,128 335 197 187 207 139 144 241 226 161
tyrosine,2,glutamic,1,9,6,1,11.894,10.707,0.528,92.4,129.9,3.4685,0.0,2.941,0.755,46 63 183 182
tyrosine,2,glutamic,1,9,6,2,11.894,10.707,0.528,92.4,129.9,0.0,0.0,2.471,0.581,116 285 151 136 182 188
tyrosine,2,glutamic,1,9,6,3,11.894,10.707,0.528,92.4,129.9,0.0,0.0,2.941,0.669,125 200 207 149 157 251 245 174
tyrosine,2,glutamic,1,9,6,4,11.894,10.707,0.528,92.4,129.9,0.0,0.0,2.941,0.867,164 194 202 140 140 225 216 135 147 194
tyrosine,2,glutamic,1,9,7,1,11.894,13.035,0.528,94.8,30.8,5.8038,0.0,2.941,0.517,42 68 184 182
tyrosine,2,glutamic,1,9,7,2,11.894,13.035,0.528,94.8,30.8,2.0474,0.0,1.714,0.695,102 296 180 180 180 180
tyrosine,2,glutamic,1,9,7,3,11.894,13.035,0.528,94.8,30.8,0.243,0.0,2.941,0.625,52 90 188 184 186 186 43 162
tyrosine,2,glutamic,1,9,7,4,11.894,13.035,0.528,94.8,30.8,0.0,0.0,2.941,0.385,152 208 206 144 147 202 197 133 137 187
tyrosine,2,glutamic,1,10,5,1,11.894,13.524,0.528,17.9,81.0,9.262,0.0,3.253,5.667,260 360 181 359
tyrosine,2,glutamic,1,10,5,2,11.894,13.524,0.528,17.9,81.0,5.6714,0.0,3.253,4.434,257 1 168 18 188 186
tyrosine,2,glutamic,1,10,5,3,11.894,13.524,0.528,17.9,81.0,1.9472,0.0,2.255,2.695,260 360 180 360 160 161 180 180
tyrosine,2,glutamic,1,10,5,4,11.894,13.524,0.528,17.9,81.0,0.0,0.0,2.481,4.164,248 81 116 291 263 193 201 165 177 191
tyrosine,2,glutamic,1,10,6,1,11.894,12.324,0.528,18.0,130.6,8.1605,0.0,3.253,5.252,229 0 180 0
tyrosine,2,glutamic,1,10,6,2,11.894,12.324,0.528,18.0,130.6,4.5486,0.0,3.253,3.426,231 360 186 352 172 174
tyrosine,2,glutamic,1,10,6,3,11.894,12.324,0.528,18.0,130.6,0.9148,0.0,2.735,1.966,231 0 179 1 202 203 185 183
tyrosine,2,glutamic,1,10,6,4,11.894,12.324,0.528,18.0,130.6,0.0,0.0,2.551,2.573,279 54 95 286 250 137 153 187 186 180
tyrosine,2,glutamic,1,10,7,1,11.894,14.72,0.528,15.3,26.8,10.6019,0.0,3.253,5.297,230 0 180 0
tyrosine,2,glutamic,1,10,7,2,11.894,14.72,0.528,15.3,26.8,6.9846,0.0,3.253,3.459,231 360 187 349 175 177
tyrosine,2,glutamic,1,10,7,3,11.894,14.72,0.528,15.3,26.8,3.2994,0.0,2.834,2.073,230 0 180 0 200 199 180 180
tyrosine,2,glutamic,1,10,7,4,11.894,14.72,0.528,15.3,26.8,0.4388,0.0,3.253,0.888,211 359 198 325 169 174 173 174 256 209
tyrosine,2,isoleucine,6,8,4,1,7.726,8.074,-0.28,55.0,90.4,1.6582,0.0,2.824,0.904,302 1 159 75
tyrosine,2,isoleucine,6,8,4,2,7.726,8.074,-0.28,55.0,90.4,0.0,0.0,1.614,2.547,347 342 186 12 67 103
tyrosine,2,isoleucine,6,8,4,3,7.726,8.074,-0.28,55.0,90.4,0.0,0.0,2.824,0.781,277 122 23 30 205 289 357 310
tyrosine,2,isoleucine,6,8,4,4,7.726,8.074,-0.28,55.0,90.4,0.0,0.0,2.548,0.707,302 22 54 316 292 91 110 304 267 145
tyrosine,2,isoleucine,6,8,5,1,7.726,6.938,-0.28,72.0,144.2,0.5157,0.0,2.802,0.639,285 5 240 248
tyrosine,2,isoleucine,6,8,5,2,7.726,6.938,-0.28,72.0,144.2,0.0,0.0,0.969,2.014,9 12 125 290 196 92
tyrosine,2,isoleucine,6,8,5,3,7.726,6.938,-0.28,72.0,144.2,0.0,0.0,1.318,1.693,29 5 60 312 286 58 66 194
tyrosine,2,isoleucine,6,8,5,4,7.726,6.938,-0.28,72.0,144.2,0.0,0.0,2.824,1.115,302 317 13 17 354 92 102 298 237 120
tyrosine,2,isoleucine,6,8,6,1,7.726,9.039,-0.28,67.8,53.8,1.9173,0.0,2.504,1.107,312 1 198 215
tyrosine,2,isoleucine,6,8,6,2,7.726,9.039,-0.28,67.8,53.8,0.0,0.0,1.886,2.015,358 311 159 156 51 160
tyrosine,2,isoleucine,6,8,6,3,7.726,9.039,-0.28,67.8,53.8,0.0,0.0,1.399,1.024,3 329 90 356 291 63 55 129
tyrosine,2,isoleucine,6,8,6,4,7.726,9.039,-0.28,67.8,53.8,0.0,0.0,1.615,2.048,340 355 35 345 318 88 117 251 224 155
tyrosine,2,isoleucine,6,9,4,1,7.726,6.714,-0.28,106.9,102.0,0.1594,0.0,2.328,3.142,336 141 87 127
tyrosine,2,isoleucine,6,9,4,2,7.726,6.714,-0.28,106.9,102.0,0.0,0.0,2.188,3.6,329 222 91 330 103 13
tyrosine,2,isoleucine,6,9,4,3,7.726,6.714,-0.28,106.9,102.0,0.0,0.0,1.802,0.949,49 23 110 27 57 79 46 20
tyrosine,2,isoleucine,6,9,4,4,7.726,6.714,-0.28,106.9,102.0,0.0,0.0,1.275,1.179,73 344 164 46 109 273 215 55 123 273
tyrosine,2,isoleucine,6,9,5,1,7.726,6.18,-0.28,100.2,126.2,0.0,0.0,2.199,1.77,78 219 278 281
tyrosine,2,isoleucine,6,9,5,2,7.726,6.18,-0.28,100.2,126.2,0.0,0.0,1.449,1.61,351 281 306 353 297 312
tyrosine,2,isoleucine,6,9,5,3,7.726,6.18,-0.28,100.2,126.2,0.0,0.0,2.318,0.455,121 331 126 217 289 157 65 265
tyrosine,2,isoleucine,6,9,5,4,7.726,6.18,-0.28,100.2,126.2,0.0,0.0,2.768,1.6,117 24 343 308 303 277 254 307 12 263
tyrosine,2,isoleucine,6,9,6,1,7.726,8.262,-0.28,96.8,41.6,1.1233,0.0,2.058,1.972,347 58 217 203
tyrosine,2,isoleucine,6,9,6,2,7.726,8.262,-0.28,96.8,41.6,0.2053,0.0,1.206,3.596,334 358 267 254 356 190
tyrosine,2,isoleucine,6,9,6,3,7.726,8.262,-0.28,96.8,41.6,0.0,0.0,1.514,2.019,357 99 59 27 312 249 309 346
tyrosine,2,isoleucine,6,9,6,4,7.726,8.262,-0.28,96.8,41.6,0.0,0.0,2.599,0.153,47 342 285 360 39 277 250 58 103 224
tyrosine,2,isoleucine,6,10,4,1,7.726,8.497,-0.28,35.5,107.2,3.3345,0.0,2.104,4.271,56 360 181 359
tyrosine,2,isoleucine,6,10,4,2,7.726,8.497,-0.28,35.5,107.2,0.0632,0.0,1.336,3.601,38 3 163 20 232 218
tyrosine,2,isoleucine,6,10,4,3,7.726,8.497,-0.28,35.5,107.2,0.0,0.0,2.213,3.726,62 310 283 52 83 261 224 145
tyrosine,2,isoleucine,6,10,4,4,7.726,8.497,-0.28,35.5,107.2,0.0,0.0,1.963,3.954,53 330 294 59 85 245 224 107 126 200
tyrosine,2,isoleucine,6,10,5,1,7.726,8.057,-0.28,18.6,127.4,4.6277,0.0,2.014,4.261,52 0 180 0
tyrosine,2,isoleucine,6,10,5,2,7.726,8.057,-0.28,18.6,127.4,0.7802,0.0,1.981,2.604,50 1 178 1 202 240
tyrosine,2,isoleucine,6,10,5,3,7.726,8.057,-0.28,18.6,127.4,0.0,0.0,2.038,2.135,113 282 248 72 135 251 200 148
tyrosine,2,isoleucine,6,10,5,4,7.726,8.057,-0.28,18.6,127.4,0.0,0.0,1.678,2.166,101 291 275 93 112 232 208 98 124 202
tyrosine,2,isoleucine,6,10,6,1,7.726,9.909,-0.28,27.4,52.9,5.1823,0.0,1.286,4.28,36 0 178 3
tyrosine,2,isoleucine,6,10,6,2,7.726,9.909,-0.28,27.4,52.9,1.5451,0.0,1.61,3.261,38 360 200 327 178 178
tyrosine,2,isoleucine,6,10,6,3,7.726,9.909,-0.28,27.4,52.9,0.0,0.0,1.015,4.076,357 322 210 85 164 226 231 206
tyrosine,2,isoleucine,6,10,6,4,7.726,9.909,-0.28,27.4,52.9,0.0,0.0,2.14,4.39,334 338 290 51 82 258 239 155 159 186
tyrosine,2,leucine,0,8,1,1,9.672,9.653,0.355,126.4,48.9,2.3642,0.0,2.824,2.221,269 236 180 180
tyrosine,2,leucine,0,8,1,2,9.672,9.653,0.355,126.4,48.9,0.1067,0.0,2.824,4.431,170 122 211 195 288 214
tyrosine,2,leucine,0,8,1,3,9.672,9.653,0.355,126.4,48.9,0.0,0.0,2.824,4.431,134 187 144 237 230 124 161 211
tyrosine,2,leucine,0,8,1,4,9.672,9.653,0.355,126.4,48.9,0.0,0.0,2.824,2.15,271 305 192 212 255 73 63 263 250 109
tyrosine,2,leucine,0,8,2,1,9.672,8.434,0.355,114.4,95.9,1.157,0.0,2.824,1.588,278 254 187 185
tyrosine,2,leucine,0,8,2,2,9.672,8.434,0.355,114.4,95.9,0.0,0.0,2.824,2.143,227 272 356 271 72 290
tyrosine,2,leucine,0,8,2,3,9.672,8.434,0.355,114.4,95.9,0.0,0.0,2.824,4.103,133 168 128 259 252 118 153 211
tyrosine,2,leucine,0,8,2,4,9.672,8.434,0.355,114.4,95.9,0.0,0.0,2.824,4.431,128 173 137 223 234 136 145 273 256 157
tyrosine,2,leucine,0,8,13,1,9.672,7.509,0.355,131.0,139.2,0.2975,0.0,2.824,2.087,274 238 157 169
tyrosine,2,leucine,0,8,13,2,9.672,7.509,0.355,131.0,139.2,0.0,0.0,2.824,3.765,160 181 111 286 276 124
tyrosine,2,leucine,0,8,13,3,9.672,7.509,0.355,131.0,139.2,0.0,0.0,2.824,4.239,128 198 141 230 256 112 131 219
tyrosine,2,leucine,0,8,13,4,9.672,7.509,0.355,131.0,139.2,0.0,0.0,2.734,3.565,127 208 169 215 228 121 134 253 231 160
tyrosine,2,leucine,0,9,1,1,9.672,9.99,0.355,110.9,46.4,2.7022,0.0,2.941,2.038,89 98 180 180
tyrosine,2,leucine,0,9,1,2,9.672,9.99,0.355,110.9,46.4,0.2354,0.0,2.941,3.913,185 262 212 199 273 214
tyrosine,2,leucine,0,9,1,3,9.672,9.99,0.355,110.9,46.4,0.0,0.0,2.941,3.913,200 179 211 144 138 239 226 158
tyrosine,2,leucine,0,9,1,4,9.672,9.99,0.355,110.9,46.4,0.0,0.0,2.941,3.913,223 176 205 146 138 221 213 121 137 197
tyrosine,2,leucine,0,9,2,1,9.672,8.299,0.355,120.6,112.8,1.0407,0.0,2.941,1.716,83 110 191 186
tyrosine,2,leucine,0,9,2,2,9.672,8.299,0.355,120.6,112.8,0.0,0.0,2.941,3.881,201 208 209 96 78 168
tyrosine,2,leucine,0,9,2,3,9.672,8.299,0.355,120.6,112.8,0.0,0.0,2.941,3.913,229 179 219 113 116 243 222 161
tyrosine,2,leucine,0,9,2,4,9.672,8.299,0.355,120.6,112.8,0.0,0.0,2.389,0.154,0 81 185 139 102 259 248 346 22 231
tyrosine,2,leucine,0,9,13,1,9.672,8.109,0.355,103.3,121.5,0.8533,0.0,2.941,1.744,84 89 168 173
tyrosine,2,leucine,0,9,13,2,9.672,8.109,0.355,103.3,121.5,0.0,0.0,2.941,1.62,150 7 27 36 307 319
tyrosine,2,leucine,0,9,13,3,9.672,8.109,0.355,103.3,121.5,0.0,0.0,2.941,3.913,217 183 245 115 110 243 202 139
tyrosine,2,leucine,0,9,13,4,9.672,8.109,0.355,103.3,121.5,0.0,0.0,2.941,3.913,226 189 231 135 129 230 216 80 98 202
tyrosine,2,leucine,0,10,1,1,9.672,11.361,0.355,58.1,54.8,4.7055,0.0,3.253,5.009,186 2 206 241
tyrosine,2,leucine,0,10,1,2,9.672,11.361,0.355,58.1,54.8,1.0881,0.0,3.253,4.341,188 0 220 249 181 181
tyrosine,2,leucine,0,10,1,3,9.672,11.361,0.355,58.1,54.8,0.0,0.0,3.253,4.94,207 84 112 225 200 141 152 186
tyrosine,2,leucine,0,10,1,4,9.672,11.361,0.355,58.1,54.8,0.0,0.0,3.253,5.344,239 74 115 228 185 117 114 124 137 200
tyrosine,2,leucine,0,10,2,1,9.672,10.044,0.355,51.6,105.4,3.7296,0.0,3.253,4.433,177 0 154 87
tyrosine,2,leucine,0,10,2,2,9.672,10.044,0.355,51.6,105.4,0.3765,0.0,3.253,3.418,161 7 229 259 208 200
tyrosine,2,leucine,0,10,2,3,9.672,10.044,0.355,51.6,105.4,0.0,0.0,3.253,2.067,124 285 287 16 155 166 174 249
tyrosine,2,leucine,0,10,2,4,9.672,10.044,0.355,51.6,105.4,0.0,0.0,2.846,2.074,88 288 250 88 155 269 232 170 175 181
tyrosine,2,leucine,0,10,13,1,9.672,9.465,0.355,51.2,132.2,3.2444,0.0,3.253,4.494,195 360 207 279
tyrosine,2,leucine,0,10,13,2,9.672,9.465,0.355,51.2,132.2,0.0,0.0,3.253,3.875,220 326 160 102 141 175
tyrosine,2,leucine,0,10,13,3,9.672,9.465,0.355,51.2,132.2,0.0,0.0,3.253,3.47,223 110 34 236 297 163 148 206
tyrosine,2,leucine,0,10,13,4,9.672,9.465,0.355,51.2,132.2,0.0,0.0,3.253,4.248,151 247 316 357 297 360 53 280 236 148
tyrosine,2,serine,13,8,3,1,14.687,13.477,-0.354,116.2,99.3,6.2444,0.0,2.824,0.802,226 108 175 177
tyrosine,2,serine,13,8,3,2,14.687,13.477,-0.354,116.2,99.3,2.5519,0.0,2.824,1.071,299 254 170 175 170 171
tyrosine,2,serine,13,8,3,3,14.687,13.477,-0.354,116.2,99.3,0.0,0.0,2.824,2.233,208 154 158 218 210 169 179 189
tyrosine,2,serine,13,8,3,4,14.687,13.477,-0.354,116.2,99.3,0.0,0.0,2.824,3.546,181 178 158 213 215 110 137 156 127 163
tyrosine,2,serine,13,8,4,1,14.687,14.228,-0.354,124.3,71.1,6.9663,0.0,2.824,1.43,233 120 180 180
tyrosine,2,serine,13,8,4,2,14.687,14.228,-0.354,124.3,71.1,3.265,0.0,2.824,0.523,304 237 183 182 183 182
tyrosine,2,serine,13,8,4,3,14.687,14.228,-0.354,124.3,71.1,0.0144,0.0,2.681,0.617,318 229 221 200 199 198 134 155
tyrosine,2,serine,13,8,4,4,14.687,14.228,-0.354,124.3,71.1,0.0,0.0,2.824,2.473,271 196 230 232 159 71 72 212 242 193
tyrosine,2,serine,13,8,5,1,14.687,15.096,-0.354,122.9,31.0,7.8436,0.0,2.824,1.429,298 242 180 180
tyrosine,2,serine,13,8,5,2,14.687,15.096,-0.354,122.9,31.0,4.1578,0.0,2.824,0.645,226 120 178 179 178 179
tyrosine,2,serine,13,8,5,3,14.687,15.096,-0.354,122.9,31.0,0.8325,0.0,2.824,1.278,218 120 194 186 188 188 141 159
tyrosine,2,serine,13,8,5,4,14.687,15.096,-0.354,122.9,31.0,0.0,0.0,2.824,3.284,198 150 158 190 192 184 177 247 264 186
tyrosine,2,serine,13,9,3,1,14.687,13.43,-0.354,118.3,109.3,6.1815,0.0,2.941,0.836,133 250 177 178
tyrosine,2,serine,13,9,3,2,14.687,13.43,-0.354,118.3,109.3,2.4964,0.0,2.941,0.91,60 112 173 176 173 173
tyrosine,2,serine,13,9,3,3,14.687,13.43,-0.354,118.3,109.3,0.0,0.0,2.941,2.604,132 198 198 172 178 220 216 175
tyrosine,2,serine,13,9,3,4,14.687,13.43,-0.354,118.3,109.3,0.0,0.0,2.941,3.913,175 188 198 151 148 204 197 134 143 191
tyrosine,2,serine,13,9,4,1,14.687,14.569,-0.354,109.2,65.8,7.3122,0.0,2.941,0.528,132 265 182 181
tyrosine,2,serine,13,9,4,2,14.687,14.569,-0.354,109.2,65.8,3.6206,0.0,2.941,0.786,60 93 186 183 185 185
tyrosine,2,serine,13,9,4,3,14.687,14.569,-0.354,109.2,65.8,0.1603,0.0,2.941,0.432,56 83 186 183 185 184 218 201
tyrosine,2,serine,13,9,4,4,14.687,14.569,-0.354,109.2,65.8,0.0,0.0,2.941,0.735,50 139 159 168 208 357 293 118 141 199
tyrosine,2,serine,13,9,5,1,14.687,15.261,-0.354,115.4,33.5,8.0101,0.0,2.941,0.723,62 105 181 181
tyrosine,2,serine,13,9,5,2,14.687,15.261,-0.354,115.4,33.5,4.3262,0.0,2.941,0.806,137 254 183 182 183 183
tyrosine,2,serine,13,9,5,3,14.687,15.261,-0.354,115.4,33.5,0.8531,0.0,2.941,1.121,142 247 182 181 182 181 206 195
tyrosine,2,serine,13,9,5,4,14.687,15.261,-0.354,115.4,33.5,0.0,0.0,2.941,3.009,160 213 202 171 171 181 185 119 108 177
tyrosine,2,serine,13,10,3,1,14.687,15.473,-0.354,33.3,103.9,10.0278,0.0,3.253,4.058,178 0 163 47
tyrosine,2,serine,13,10,3,2,14.687,15.473,-0.354,33.3,103.9,6.4975,0.0,3.253,2.294,179 360 213 292 180 180
tyrosine,2,serine,13,10,3,3,14.687,15.473,-0.354,33.3,103.9,2.8119,0.0,3.253,2.099,178 0 151 63 186 183 186 185
tyrosine,2,serine,13,10,3,4,14.687,15.473,-0.354,33.3,103.9,0.0,0.0,3.253,1.498,191 320 196 85 160 205 210 223 208 179
tyrosine,2,serine,13,10,4,1,14.687,16.427,-0.354,31.4,67.7,11.0761,0.0,3.253,4.151,194 360 196 317
tyrosine,2,serine,13,10,4,2,14.687,16.427,-0.354,31.4,67.7,7.5425,0.0,3.253,2.297,194 360 147 66 180 180
tyrosine,2,serine,13,10,4,3,14.687,16.427,-0.354,31.4,67.7,3.8694,0.0,3.253,1.225,195 360 208 300 172 176 173 174
tyrosine,2,serine,13,10,4,4,14.687,16.427,-0.354,31.4,67.7,0.342,0.0,3.253,0.728,202 359 207 305 169 174 168 170 156 165
tyrosine,2,serine,13,10,5,1,14.687,17.153,-0.354,38.2,34.1,11.3634,0.0,3.253,4.298,186 360 158 69
tyrosine,2,serine,13,10,5,2,14.687,17.153,-0.354,38.2,34.1,7.8646,0.0,3.253,2.919,186 360 216 280 177 178
tyrosine,2,serine,13,10,5,3,14.687,17.153,-0.354,38.2,34.1,4.1625,0.0,3.253,2.271,186 360 147 79 175 177 175 176
tyrosine,2,serine,13,10,5,4,14.687,17.153,-0.354,38.2,34.1,0.6476,0.0,3.253,2.933,185 359 145 90 171 175 171 171 156 165
tyrosine,2,tryptophan,4,8,16,1,15.804,14.676,-0.064,109.1,109.0,7.4178,0.0,2.756,0.732,314 265 180 180
tyrosine,2,tryptophan,4,8,16,2,15.804,14.676,-0.064,109.1,109.0,3.734,0.0,2.824,0.541,241 94 181 180 181 181
tyrosine,2,tryptophan,4,8,16,3,15.804,14.676,-0.064,109.1,109.0,0.148,0.0,2.791,0.685,312 263 194 188 210 204 191 189
tyrosine,2,tryptophan,4,8,16,4,15.804,14.676,-0.064,109.1,109.0,0.0,0.0,2.824,2.093,204 164 163 212 210 153 160 207 199 172
tyrosine,2,tryptophan,4,8,17,1,15.804,14.197,-0.064,106.8,130.8,6.9471,0.0,2.824,0.62,247 91 179 180
tyrosine,2,tryptophan,4,8,17,2,15.804,14.197,-0.064,106.8,130.8,3.2867,0.0,2.653,0.777,319 271 176 178 175 176
tyrosine,2,tryptophan,4,8,17,3,15.804,14.197,-0.064,106.8,130.8,0.0,0.0,2.824,0.408,242 132 156 208 195 180 185 180
tyrosine,2,tryptophan,4,8,17,4,15.804,14.197,-0.064,106.8,130.8,0.0,0.0,2.252,0.49,213 168 165 215 211 137 146 198 186 169
tyrosine,2,tryptophan,4,8,18,1,15.804,16.367,-0.064,105.1,40.8,9.1196,0.0,2.671,0.594,318 272 182 181
tyrosine,2,tryptophan,4,8,18,2,15.804,16.367,-0.064,105.1,40.8,5.4664,0.0,2.824,0.632,247 85 188 184 188 187
tyrosine,2,tryptophan,4,8,18,3,15.804,16.367,-0.064,105.1,40.8,1.7896,0.0,2.824,0.565,242 88 180 180 179 179 180 180
tyrosine,2,tryptophan,4,8,18,4,15.804,16.367,-0.064,105.1,40.8,0.0,0.0,2.824,0.437,248 58 196 189 204 198 190 177 61 149
tyrosine,2,tryptophan,4,9,16,1,15.804,14.455,-0.064,118.6,112.0,7.2013,0.0,2.941,1.47,41 110 181 181
tyrosine,2,tryptophan,4,9,16,2,15.804,14.455,-0.064,118.6,112.0,3.5252,0.0,2.941,1.361,115 248 185 183 185 184
tyrosine,2,tryptophan,4,9,16,3,15.804,14.455,-0.064,118.6,112.0,0.0,0.0,2.941,1.241,119 224 199 159 170 171 169 181
tyrosine,2,tryptophan,4,9,16,4,15.804,14.455,-0.064,118.6,112.0,0.0,0.0,2.941,2.846,116 168 176 152 173 266 244 158 170 191
tyrosine,2,tryptophan,4,9,17,1,15.804,14.057,-0.064,112.7,130.5,6.808,0.0,2.941,0.936,110 259 181 181
tyrosine,2,tryptophan,4,9,17,2,15.804,14.057,-0.064,112.7,130.5,3.144,0.0,2.892,0.99,37 100 184 182 184 184
tyrosine,2,tryptophan,4,9,17,3,15.804,14.057,-0.064,112.7,130.5,0.0,0.0,2.915,0.64,119 218 201 151 161 185 179 177
tyrosine,2,tryptophan,4,9,17,4,15.804,14.057,-0.064,112.7,130.5,0.0,0.0,2.941,2.284,149 188 192 142 146 226 216 164 178 192
tyrosine,2,tryptophan,4,9,18,1,15.804,16.056,-0.064,118.1,48.9,8.8005,0.0,2.941,1.4,111 250 179 179
tyrosine,2,tryptophan,4,9,18,2,15.804,16.056,-0.064,118.1,48.9,5.1208,0.0,2.907,1.334,37 111 176 178 176 177
tyrosine,2,tryptophan,4,9,18,3,15.804,16.056,-0.064,118.1,48.9,1.4835,0.0,2.838,1.447,33 109 183 182 198 195 183 182
tyrosine,2,tryptophan,4,9,18,4,15.804,16.056,-0.064,118.1,48.9,0.0,0.0,2.941,2.348,80 185 191 162 223 244 206 193 99 122
tyrosine,2,tryptophan,4,10,16,1,15.804,16.635,-0.064,23.7,111.0,11.769,0.0,3.253,4.033,169 0 180 1
tyrosine,2,tryptophan,4,10,16,2,15.804,16.635,-0.064,23.7,111.0,8.2801,0.0,3.253,1.462,170 360 206 313 177 178
tyrosine,2,tryptophan,4,10,16,3,15.804,16.635,-0.064,23.7,111.0,4.579,0.0,3.253,1.12,169 360 159 41 178 179 178 178
tyrosine,2,tryptophan,4,10,16,4,15.804,16.635,-0.064,23.7,111.0,1.0065,0.0,3.253,1.36,173 359 204 318 166 172 156 161 167 170
tyrosine,2,tryptophan,4,10,17,1,15.804,16.185,-0.064,15.2,131.8,12.0186,0.0,3.253,4.032,169 0 180 0
tyrosine,2,tryptophan,4,10,17,2,15.804,16.185,-0.064,15.2,131.8,8.3671,0.0,3.253,0.839,169 0 191 342 180 180
tyrosine,2,tryptophan,4,10,17,3,15.804,16.185,-0.064,15.2,131.8,4.8185,0.0,3.253,0.903,166 1 174 9 199 194 192 189
tyrosine,2,tryptophan,4,10,17,4,15.804,16.185,-0.064,15.2,131.8,1.0465,0.0,3.253,0.851,169 0 193 338 180 180 185 184 180 180
tyrosine,2,tryptophan,4,10,18,1,15.804,18.275,-0.064,18.6,45.8,13.7358,0.0,3.253,4.21,159 0 179 1
tyrosine,2,tryptophan,4,10,18,2,15.804,18.275,-0.064,18.6,45.8,10.1858,0.0,3.253,1.586,160 360 201 323 178 179
tyrosine,2,tryptophan,4,10,18,3,15.804,18.275,-0.064,18.6,45.8,6.5069,0.0,3.253,1.425,158 0 166 26 184 182 183 183
tyrosine,2,tryptophan,4,10,18,4,15.804,18.275,-0.064,18.6,45.8,2.8727,0.0,3.253,1.579,160 360 201 323 177 178 166 168 178 178
tyrosine,2,phenylalanine,0,8,12,1,6.208,8.541,0.767,40.6,30.4,2.9653,0.0,2.769,0.659,305 0 168 31
tyrosine,2,phenylalanine,0,8,12,2,6.208,8.541,0.767,40.6,30.4,0.4024,0.0,2.824,1.251,278 359 204 281 293 197
tyrosine,2,phenylalanine,0,8,12,3,6.208,8.541,0.767,40.6,30.4,0.0,0.0,2.824,2.319,245 30 146 324 284 83 41 200
tyrosine,2,phenylalanine,0,8,12,4,6.208,8.541,0.767,40.6,30.4,0.0,0.0,1.954,0.716,318 23 60 307 281 112 133 252 232 159
tyrosine,2,phenylalanine,0,8,13,1,6.208,6.205,0.767,46.6,128.9,0.8593,0.0,2.744,0.635,304 3 166 15
tyrosine,2,phenylalanine,0,8,13,2,6.208,6.205,0.767,46.6,128.9,0.0,0.0,1.914,0.33,330 82 57 307 248 103
tyrosine,2,phenylalanine,0,8,13,3,6.208,6.205,0.767,46.6,128.9,0.0,0.0,1.313,1.853,15 27 55 306 275 74 116 219
tyrosine,2,phenylalanine,0,8,13,4,6.208,6.205,0.767,46.6,128.9,0.0,0.0,1.138,1.042,353 1 38 322 295 86 111 264 236 152
tyrosine,2,phenylalanine,0,8,14,1,6.208,7.045,0.767,31.2,92.1,2.722,0.0,2.002,1.848,327 359 185 356
tyrosine,2,phenylalanine,0,8,14,2,6.208,7.045,0.767,31.2,92.1,0.0,0.0,0.416,3.717,2 3 168 21 106 88
tyrosine,2,phenylalanine,0,8,14,3,6.208,7.045,0.767,31.2,92.1,0.0,0.0,0.9,4.431,48 25 83 336 257 29 92 199
tyrosine,2,phenylalanine,0,8,14,4,6.208,7.045,0.767,31.2,92.1,0.0,0.0,2.738,0.976,281 51 80 281 262 111 130 281 256 153
tyrosine,2,phenylalanine,0,9,12,1,6.208,6.862,0.767,106.7,43.1,0.4495,0.0,2.336,3.656,333 186 36 157
tyrosine,2,phenylalanine,0,9,12,2,6.208,6.862,0.767,106.7,43.1,0.0,0.0,2.941,3.913,274 175 95 59 83 115
tyrosine,2,phenylalanine,0,9,12,3,6.208,6.862,0.767,106.7,43.1,0.0,0.0,2.941,1.752,110 240 184 265 252 84 167 237
tyrosine,2,phenylalanine,0,9,12,4,6.208,6.862,0.767,106.7,43.1,0.0,0.0,2.296,0.714,44 322 356 358 341 52 92 307 237 124
tyrosine,2,phenylalanine,0,9,13,1,6.208,4.703,0.767,103.4,132.0,0.0,0.0,2.338,3.24,333 237 17 359
tyrosine,2,phenylalanine,0,9,13,2,6.208,4.703,0.767,103.4,132.0,0.0,0.0,2.821,3.462,292 304 4 10 114 41
tyrosine,2,phenylalanine,0,9,13,3,6.208,4.703,0.767,103.4,132.0,0.0,0.0,2.817,3.538,292 332 332 156 43 8 77 37
tyrosine,2,phenylalanine,0,9,13,4,6.208,4.703,0.767,103.4,132.0,0.0,0.0,0.511,2.462,255 248 326 335 210 106 68 28 255 263
tyrosine,2,phenylalanine,0,9,14,1,6.208,5.574,0.767,90.4,92.3,0.0,0.0,2.458,3.913,317 306 290 73
tyrosine,2,phenylalanine,0,9,14,2,6.208,5.574,0.767,90.4,92.3,0.0,0.0,2.941,3.913,274 172 53 99 82 41
tyrosine,2,phenylalanine,0,9,14,3,6.208,5.574,0.767,90.4,92.3,0.0,0.0,2.658,2.658,22 169 254 326 306 271 302 333
tyrosine,2,phenylalanine,0,9,14,4,6.208,5.574,0.767,90.4,92.3,0.0,0.0,1.388,3.913,319 10 70 13 359 71 101 320 205 75
tyrosine,2,phenylalanine,0,10,12,1,6.208,8.336,0.767,50.1,35.8,2.1489,0.0,2.085,4.831,55 0 200 295
tyrosine,2,phenylalanine,0,10,12,2,6.208,8.336,0.767,50.1,35.8,0.072,0.0,3.033,5.494,77 23 126 134 25 155
tyrosine,2,phenylalanine,0,10,12,3,6.208,8.336,0.767,50.1,35.8,0.0,0.0,1.96,5.527,43 326 291 61 35 264 273 135
tyrosine,2,phenylalanine,0,10,12,4,6.208,8.336,0.767,50.1,35.8,0.0,0.0,1.903,5.41,17 351 317 43 71 258 231 112 138 202
tyrosine,2,phenylalanine,0,10,13,1,6.208,6.388,0.767,38.3,114.1,1.7015,0.0,2.163,4.291,59 358 187 354
tyrosine,2,phenylalanine,0,10,13,2,6.208,6.388,0.767,38.3,114.1,0.0,0.0,3.253,3.501,111 3 114 53 138 38
tyrosine,2,phenylalanine,0,10,13,3,6.208,6.388,0.767,38.3,114.1,0.0,0.0,2.966,3.27,53 259 331 90 85 284 165 55
tyrosine,2,phenylalanine,0,10,13,4,6.208,6.388,0.767,38.3,114.1,0.0,0.0,1.822,3.635,32 343 311 60 80 261 240 84 113 210
tyrosine,2,phenylalanine,0,10,14,1,6.208,6.449,0.767,58.2,111.4,0.2729,0.0,2.057,4.818,55 358 146 64
tyrosine,2,phenylalanine,0,10,14,2,6.208,6.449,0.767,58.2,111.4,0.0,0.0,1.422,4.466,9 275 265 56 204 296
tyrosine,2,phenylalanine,0,10,14,3,6.208,6.449,0.767,58.2,111.4,0.0,0.0,2.704,4.6,46 238 11 56 81 316 149 47
tyrosine,2,phenylalanine,0,10,14,4,6.208,6.449,0.767,58.2,111.4,0.0,0.0,1.88,5.233,17 352 326 52 60 268 266 53 107 245
tyrosine,2,aspartic,9,8,3,1,9.861,8.618,-0.859,82.1,137.1,1.3726,0.0,2.824,0.753,278 41 176 178
tyrosine,2,aspartic,9,8,3,2,9.861,8.618,-0.859,82.1,137.1,0.0,0.0,1.3,0.475,348 359 77 10 294 219
tyrosine,2,aspartic,9,8,3,3,9.861,8.618,-0.859,82.1,137.1,0.0,0.0,1.023,0.358,2 24 41 284 277 106 185 255
tyrosine,2,aspartic,9,8,3,4,9.861,8.618,-0.859,82.1,137.1,0.0,0.0,0.843,3.637,20 265 274 13 31 126 130 269 227 142
tyrosine,2,aspartic,9,8,4,1,9.861,10.437,-0.859,90.6,61.3,3.1673,0.0,2.824,0.716,275 60 184 183
tyrosine,2,aspartic,9,8,4,2,9.861,10.437,-0.859,90.6,61.3,0.1431,0.0,2.824,1.447,284 97 133 154 261 225
tyrosine,2,aspartic,9,8,4,3,9.861,10.437,-0.859,90.6,61.3,0.0,0.0,1.816,3.648,359 70 60 207 245 158 154 203
tyrosine,2,aspartic,9,8,4,4,9.861,10.437,-0.859,90.6,61.3,0.0,0.0,2.192,0.648,261 264 354 124 73 330 33 315 265 120
tyrosine,2,aspartic,9,8,5,1,9.861,10.906,-0.859,83.6,40.6,3.6343,0.0,2.646,1.044,320 316 180 180
tyrosine,2,aspartic,9,8,5,2,9.861,10.906,-0.859,83.6,40.6,0.5597,0.0,2.284,1.277,271 15 193 191 106 150
tyrosine,2,aspartic,9,8,5,3,9.861,10.906,-0.859,83.6,40.6,0.0,0.0,2.824,0.813,299 359 175 339 26 146 351 150
tyrosine,2,aspartic,9,8,5,4,9.861,10.906,-0.859,83.6,40.6,0.0,0.0,2.004,1.988,205 141 140 231 227 152 161 242 234 169
tyrosine,2,aspartic,9,9,3,1,9.861,8.029,-0.859,104.6,146.4,0.8005,0.0,2.941,1.529,81 274 179 179
tyrosine,2,aspartic,9,9,3,2,9.861,8.029,-0.859,104.6,146.4,0.0,0.0,2.324,3.172,348 176 106 24 44 142
tyrosine,2,aspartic,9,9,3,3,9.861,8.029,-0.859,104.6,146.4,0.0,0.0,1.287,3.172,333 29 321 24 74 284 261 153
tyrosine,2,aspartic,9,9,3,4,9.861,8.029,-0.859,104.6,146.4,0.0,0.0,2.495,1.067,116 33 340 302 307 304 279 321 48 263
tyrosine,2,aspartic,9,9,4,1,9.861,10.236,-0.859,98.3,50.7,2.9646,0.0,2.941,0.903,83 283 184 183
tyrosine,2,aspartic,9,9,4,2,9.861,10.236,-0.859,98.3,50.7,0.2551,0.0,2.299,0.895,14 29 221 216 75 146
tyrosine,2,aspartic,9,9,4,3,9.861,10.236,-0.859,98.3,50.7,0.0,0.0,1.525,2.679,338 41 231 247 288 194 82 73
tyrosine,2,aspartic,9,9,4,4,9.861,10.236,-0.859,98.3,50.7,0.0,0.0,2.579,2.381,17 238 20 203 259 5 12 267 288 306
tyrosine,2,aspartic,9,9,5,1,9.861,10.173,-0.859,112.1,53.4,2.9048,0.0,2.829,1.518,84 262 175 177
tyrosine,2,aspartic,9,9,5,2,9.861,10.173,-0.859,112.1,53.4,0.1388,0.0,2.365,2.461,357 123 185 183 271 214
tyrosine,2,aspartic,9,9,5,3,9.861,10.173,-0.859,112.1,53.4,0.0,0.0,2.168,2.444,112 190 186 141 149 255 250 172
tyrosine,2,aspartic,9,9,5,4,9.861,10.173,-0.859,112.1,53.4,0.0,0.0,1.42,3.188,160 194 192 127 126 220 213 135 148 196
tyrosine,2,aspartic,9,10,3,1,9.861,10.027,-0.859,12.9,149.1,6.6563,0.0,2.294,4.304,64 0 180 0
tyrosine,2,aspartic,9,10,3,2,9.861,10.027,-0.859,12.9,149.1,3.0452,0.0,2.396,2.874,68 0 180 0 154 130
tyrosine,2,aspartic,9,10,3,3,9.861,10.027,-0.859,12.9,149.1,0.0,0.0,2.493,2.936,108 341 181 36 189 228 222 204
tyrosine,2,aspartic,9,10,3,4,9.861,10.027,-0.859,12.9,149.1,0.0,0.0,2.364,3.476,72 308 274 76 101 226 209 135 145 190
tyrosine,2,aspartic,9,10,4,1,9.861,12.077,-0.859,8.3,59.1,8.8518,0.0,0.875,4.314,29 0 180 0
tyrosine,2,aspartic,9,10,4,2,9.861,12.077,-0.859,8.3,59.1,5.1386,0.0,1.044,3.017,32 360 181 359 159 142
tyrosine,2,aspartic,9,10,4,3,9.861,12.077,-0.859,8.3,59.1,1.5898,0.0,0.631,2.744,25 0 179 1 221 232 184 183
tyrosine,2,aspartic,9,10,4,4,9.861,12.077,-0.859,8.3,59.1,0.0,0.0,0.396,3.522,354 295 242 86 131 224 206 171 169 178
tyrosine,2,aspartic,9,10,5,1,9.861,12.313,-0.859,15.0,49.0,8.4079,0.0,2.793,4.452,82 360 180 360
tyrosine,2,aspartic,9,10,5,2,9.861,12.313,-0.859,15.0,49.0,4.8204,0.0,2.686,3.238,77 1 174 8 198 198
tyrosine,2,aspartic,9,10,5,3,9.861,12.313,-0.859,15.0,49.0,1.1189,0.0,2.447,3.39,80 0 178 2 214 215 187 185
tyrosine,2,aspartic,9,10,5,4,9.861,12.313,-0.859,15.0,49.0,0.0,0.0,2.609,4.722,80 296 261 82 107 211 197 157 162 185
tyrosine,2,serine,8,8,3,1,8.646,9.172,0.643,92.7,66.5,1.9217,0.0,2.265,1.061,345 298 168 173
tyrosine,2,serine,8,8,3,2,8.646,9.172,0.643,92.7,66.5,0.0,0.0,2.121,0.975,6 278 167 327 317 154
tyrosine,2,serine,8,8,3,3,8.646,9.172,0.643,92.7,66.5,0.0,0.0,2.824,0.659,247 194 93 189 268 145 138 217
tyrosine,2,serine,8,8,3,4,8.646,9.172,0.643,92.7,66.5,0.0,0.0,2.824,0.523,294 355 33 357 337 85 114 310 270 140
tyrosine,2,serine,8,8,4,1,8.646,7.412,0.643,80.7,142.5,0.1459,0.0,2.449,0.478,331 325 172 175
tyrosine,2,serine,8,8,4,2,8.646,7.412,0.643,80.7,142.5,0.0,0.0,2.372,0.536,336 157 301 33 232 92
tyrosine,2,serine,8,8,4,3,8.646,7.412,0.643,80.7,142.5,0.0,0.0,1.442,1.406,23 22 35 296 265 102 156 233
tyrosine,2,serine,8,8,4,4,8.646,7.412,0.643,80.7,142.5,0.0,0.0,2.824,0.689,291 8 57 354 335 78 94 319 241 119
tyrosine,2,serine,8,8,5,1,8.646,9.843,0.643,78.3,37.3,2.5553,0.0,2.464,0.733,330 329 180 180
tyrosine,2,serine,8,8,5,2,8.646,9.843,0.643,78.3,37.3,0.4552,0.0,2.824,1.181,281 5 216 238 38 164
tyrosine,2,serine,8,8,5,3,8.646,9.843,0.643,78.3,37.3,0.0,0.0,2.824,1.065,271 41 136 351 299 119 74 224
tyrosine,2,serine,8,8,5,4,8.646,9.843,0.643,78.3,37.3,0.0,0.0,2.417,0.888,305 22 61 329 302 110 130 273 248 150
tyrosine,2,serine,8,9,3,1,8.646,9.218,0.643,91.0,57.6,1.9338,0.0,2.564,0.517,16 64 178 178
tyrosine,2,serine,8,9,3,2,8.646,9.218,0.643,91.0,57.6,0.0,0.0,2.941,0.579,89 220 301 196 276 218
tyrosine,2,serine,8,9,3,3,8.646,9.218,0.643,91.0,57.6,0.0,0.0,2.579,1.815,35 262 33 6 52 258 269 146
tyrosine,2,serine,8,9,3,4,8.646,9.218,0.643,91.0,57.6,0.0,0.0,2.941,1.331,53 26 333 6 30 241 243 92 125 231
tyrosine,2,serine,8,9,4,1,8.646,7.052,0.643,94.1,158.9,0.364,0.0,2.103,0.959,11 24 258 212
tyrosine,2,serine,8,9,4,2,8.646,7.052,0.643,94.1,158.9,0.0,0.0,1.39,2.369,338 337 285 87 103 209
tyrosine,2,serine,8,9,4,3,8.646,7.052,0.643,94.1,158.9,0.0,0.0,1.362,2.951,321 8 321 42 67 295 277 154
tyrosine,2,serine,8,9,4,4,8.646,7.052,0.643,94.1,158.9,0.0,0.0,2.941,0.964,103 28 333 325 342 279 254 32 76 237
tyrosine,2,serine,8,9,5,1,8.646,9.362,0.643,96.3,51.6,2.0778,0.0,2.941,1.098,70 289 177 178
tyrosine,2,serine,8,9,5,2,8.646,9.362,0.643,96.3,51.6,0.0,0.0,2.317,2.243,342 79 206 155 327 214
tyrosine,2,serine,8,9,5,3,8.646,9.362,0.643,96.3,51.6,0.0,0.0,2.931,2.548,39 230 245 187 124 173 23 313
tyrosine,2,serine,8,9,5,4,8.646,9.362,0.643,96.3,51.6,0.0,0.0,2.941,0.94,60 18 331 349 15 247 232 104 126 213
tyrosine,2,serine,8,10,3,1,8.646,10.876,0.643,9.4,56.4,7.71,0.0,0.764,4.692,355 0 180 0
tyrosine,2,serine,8,10,3,2,8.646,10.876,0.643,9.4,56.4,3.9693,0.0,0.652,3.377,354 360 180 360 158 132
tyrosine,2,serine,8,10,3,3,8.646,10.876,0.643,9.4,56.4,0.5572,0.0,1.113,2.601,329 360 181 359 147 125 169 174
tyrosine,2,serine,8,10,3,4,8.646,10.876,0.643,9.4,56.4,0.0,0.0,3.253,2.01,261 68 123 280 222 137 160 212 210 182
tyrosine,2,serine,8,10,4,1,8.646,8.801,0.643,13.6,146.3,5.6387,0.0,1.01,4.301,32 360 180 360
tyrosine,2,serine,8,10,4,2,8.646,8.801,0.643,13.6,146.3,1.9225,0.0,0.87,2.581,29 360 181 359 206 247
tyrosine,2,serine,8,10,4,3,8.646,8.801,0.643,13.6,146.3,0.0,0.0,2.104,2.648,41 298 225 81 147 237 228 187
tyrosine,2,serine,8,10,4,4,8.646,8.801,0.643,13.6,146.3,0.0,0.0,2.068,2.757,34 321 285 60 88 247 225 133 148 194
tyrosine,2,serine,8,10,5,1,8.646,11.082,0.643,19.4,47.5,6.9061,0.0,0.985,4.303,31 360 180 360
tyrosine,2,serine,8,10,5,2,8.646,11.082,0.643,19.4,47.5,3.297,0.0,0.743,3.056,27 1 170 13 197 195
tyrosine,2,serine,8,10,5,3,8.646,11.082,0.643,19.4,47.5,0.0671,0.0,1.595,3.793,41 2 154 42 199 193 245 213
tyrosine,2,serine,8,10,5,4,8.646,11.082,0.643,19.4,47.5,0.0,0.0,2.745,3.681,84 291 265 76 107 222 200 142 155 190
phenylalanine,0,aspartic,13,12,3,1,7.9,8.475,0.305,49.6,99.9,2.3696,0.0,2.83,4.415,161 360 203 293
phenylalanine,0,aspartic,13,12,3,2,7.9,8.475,0.305,49.6,99.9,0.0,0.0,2.346,4.024,123 4 230 17 104 204
phenylalanine,0,aspartic,13,12,3,3,7.9,8.475,0.305,49.6,99.9,0.0,0.0,2.142,4.312,95 321 287 75 108 234 216 165
phenylalanine,0,aspartic,13,12,3,4,7.9,8.475,0.305,49.6,99.9,0.0,0.0,3.035,5.208,220 109 38 13 70 352 306 78 120 216
phenylalanine,0,aspartic,13,12,4,1,7.9,10.247,0.305,50.7,23.6,3.9893,0.0,2.662,4.269,148 359 154 90
phenylalanine,0,aspartic,13,12,4,2,7.9,10.247,0.305,50.7,23.6,0.7121,0.0,1.433,3.977,151 353 147 127 115 156
phenylalanine,0,aspartic,13,12,4,3,7.9,10.247,0.305,50.7,23.6,0.0,0.0,2.523,4.73,174 286 192 155 124 186 306 241
phenylalanine,0,aspartic,13,12,4,4,7.9,10.247,0.305,50.7,23.6,0.0,0.0,2.39,3.243,82 359 224 60 160 79 319 256 5 259
phenylalanine,0,aspartic,13,12,5,1,7.9,9.156,0.305,37.4,74.3,3.9156,0.0,2.269,3.31,143 1 165 29
phenylalanine,0,aspartic,13,12,5,2,7.9,9.156,0.305,37.4,74.3,0.6715,0.0,0.348,2.084,127 4 161 25 239 218
phenylalanine,0,aspartic,13,12,5,3,7.9,9.156,0.305,37.4,74.3,0.0,0.0,1.871,0.949,123 329 159 48 213 312 257 181
phenylalanine,0,aspartic,13,12,5,4,7.9,9.156,0.305,37.4,74.3,0.0,0.0,2.006,0.379,28 314 271 76 117 256 235 167 171 180
phenylalanine,0,aspartic,13,13,3,1,7.9,6.448,0.305,132.9,89.6,0.0082,0.0,2.14,2.828,170 199 202 76
phenylalanine,0,aspartic,13,13,3,2,7.9,6.448,0.305,132.9,89.6,0.0,0.0,2.827,2.828,198 149 278 78 91 265
phenylalanine,0,aspartic,13,13,3,3,7.9,6.448,0.305,132.9,89.6,0.0,0.0,2.827,2.828,234 151 246 133 88 253 214 108
phenylalanine,0,aspartic,13,13,3,4,7.9,6.448,0.305,132.9,89.6,0.0,0.0,2.744,2.828,239 135 223 161 113 253 242 44 85 211
phenylalanine,0,aspartic,13,13,4,1,7.9,8.025,0.305,147.6,20.8,1.2305,0.0,1.456,2.828,142 176 236 235
phenylalanine,0,aspartic,13,13,4,2,7.9,8.025,0.305,147.6,20.8,0.3673,0.0,2.148,2.828,182 153 256 230 339 217
phenylalanine,0,aspartic,13,13,4,3,7.9,8.025,0.305,147.6,20.8,0.0,0.0,1.198,2.828,188 132 207 151 107 273 257 131
phenylalanine,0,aspartic,13,13,4,4,7.9,8.025,0.305,147.6,20.8,0.0,0.0,2.069,2.828,183 135 168 149 131 257 254 107 126 206
phenylalanine,0,aspartic,13,13,5,1,7.9,6.811,0.305,136.8,76.3,0.0,0.0,1.952,2.1,106 266 77 151
phenylalanine,0,aspartic,13,13,5,2,7.9,6.811,0.305,136.8,76.3,0.0,0.0,2.827,2.828,141 355 55 72 20 119
phenylalanine,0,aspartic,13,13,5,3,7.9,6.811,0.305,136.8,76.3,0.0,0.0,2.381,0.636,298 109 227 67 89 341 262 136
phenylalanine,0,aspartic,13,13,5,4,7.9,6.811,0.305,136.8,76.3,0.0,0.0,2.763,0.868,242 170 167 78 84 282 299 113 114 231
phenylalanine,0,aspartic,13,14,3,1,7.9,7.192,0.305,98.6,106.7,0.0,0.0,2.745,4.152,274 258 219 176
phenylalanine,0,aspartic,13,14,3,2,7.9,7.192,0.305,98.6,106.7,0.0,0.0,1.58,4.083,215 209 339 19 283 22
phenylalanine,0,aspartic,13,14,3,3,7.9,7.192,0.305,98.6,106.7,0.0,0.0,2.895,4.784,172 192 121 1 115 94 8 89
phenylalanine,0,aspartic,13,14,3,4,7.9,7.192,0.305,98.6,106.7,0.0,0.0,2.895,4.784,192 199 161 221 237 83 83 276 254 146
phenylalanine,0,aspartic,13,14,4,1,7.9,9.255,0.305,89.0,13.0,1.9665,0.0,1.703,3.448,274 302 180 180
phenylalanine,0,aspartic,13,14,4,2,7.9,9.255,0.305,89.0,13.0,0.6004,0.0,2.636,4.453,185 56 191 187 23 167
phenylalanine,0,aspartic,13,14,4,3,7.9,9.255,0.305,89.0,13.0,0.0022,0.0,2.063,4.279,183 35 172 174 77 143 8 129
phenylalanine,0,aspartic,13,14,4,4,7.9,9.255,0.305,89.0,13.0,0.0,0.0,2.895,4.784,174 176 146 201 213 132 138 252 236 160
phenylalanine,0,aspartic,13,14,5,1,7.9,7.821,0.305,91.0,82.5,0.6469,0.0,2.311,3.123,289 288 204 194
phenylalanine,0,aspartic,13,14,5,2,7.9,7.821,0.305,91.0,82.5,0.0,0.0,2.736,3.536,242 147 96 318 78 355
phenylalanine,0,aspartic,13,14,5,3,7.9,7.821,0.305,91.0,82.5,0.0,0.0,2.895,4.784,182 216 98 275 221 67 37 168
phenylalanine,0,aspartic,13,14,5,4,7.9,7.821,0.305,91.0,82.5,0.0,0.0,2.895,4.784,179 184 160 217 228 114 121 243 222 157
phenylalanine,0,glutamic,1,12,5,1,11.682,12.759,-0.125,58.1,69.0,6.014,0.0,2.517,3.625,64 0 156 119
phenylalanine,0,glutamic,1,12,5,2,11.682,12.759,-0.125,58.1,69.0,2.4551,0.0,0.928,2.586,64 0 220 245 182 181
phenylalanine,0,glutamic,1,12,5,3,11.682,12.759,-0.125,58.1,69.0,0.0,0.0,0.955,3.263,76 337 147 61 214 184 87 166
phenylalanine,0,glutamic,1,12,5,4,11.682,12.759,-0.125,58.1,69.0,0.0,0.0,1.895,4.806,48 274 209 146 156 244 235 154 163 191
phenylalanine,0,glutamic,1,12,6,1,11.682,12.009,-0.125,60.1,97.2,5.1904,0.0,2.814,3.429,77 360 204 236
phenylalanine,0,glutamic,1,12,6,2,11.682,12.009,-0.125,60.1,97.2,1.628,0.0,1.178,2.197,77 0 140 117 180 180
phenylalanine,0,glutamic,1,12,6,3,11.682,12.009,-0.125,60.1,97.2,0.0,0.0,2.125,1.112,52 329 271 31 73 215 193 177
phenylalanine,0,glutamic,1,12,6,4,11.682,12.009,-0.125,60.1,97.2,0.0,0.0,2.213,0.833,49 338 300 52 73 225 208 128 141 195
phenylalanine,0,glutamic,1,12,7,1,11.682,13.556,-0.125,66.8,32.6,6.5204,0.0,2.65,3.486,69 2 198 207
phenylalanine,0,glutamic,1,12,7,2,11.682,13.556,-0.125,66.8,32.6,2.8972,0.0,0.833,3.323,70 1 146 135 183 182
phenylalanine,0,glutamic,1,12,7,3,11.682,13.556,-0.125,66.8,32.6,0.371,0.0,2.741,2.586,58 30 208 197 198 195 78 151
phenylalanine,0,glutamic,1,12,7,4,11.682,13.556,-0.125,66.8,32.6,0.0,0.0,3.27,1.205,126 240 218 146 153 191 194 129 120 178
phenylalanine,0,glutamic,1,13,5,1,11.682,11.174,-0.125,120.4,69.8,3.9088,0.0,1.883,1.75,309 115 177 178
phenylalanine,0,glutamic,1,13,5,2,11.682,11.174,-0.125,120.4,69.8,0.2552,0.0,0.26,1.705,314 109 175 177 159 163
phenylalanine,0,glutamic,1,13,5,3,11.682,11.174,-0.125,120.4,69.8,0.0,0.0,1.505,1.632,17 30 52 36 324 122 184 221
phenylalanine,0,glutamic,1,13,5,4,11.682,11.174,-0.125,120.4,69.8,0.0,0.0,1.219,1.898,352 26 63 349 324 111 145 294 268 152
phenylalanine,0,glutamic,1,13,6,1,11.682,10.239,-0.125,132.1,105.2,2.978,0.0,2.394,1.284,310 134 184 182
phenylalanine,0,glutamic,1,13,6,2,11.682,10.239,-0.125,132.1,105.2,0.0,0.0,2.613,1.319,293 136 213 218 232 224
phenylalanine,0,glutamic,1,13,6,3,11.682,10.239,-0.125,132.1,105.2,0.0,0.0,2.827,0.669,264 184 179 229 205 107 134 196
phenylalanine,0,glutamic,1,13,6,4,11.682,10.239,-0.125,132.1,105.2,0.0,0.0,1.305,1.364,69 312 28 154 122 23 85 38 330 123
phenylalanine,0,glutamic,1,13,7,1,11.682,12.067,-0.125,126.2,28.1,4.8156,0.0,2.223,0.961,13 236 180 180
phenylalanine,0,glutamic,1,13,7,2,11.682,12.067,-0.125,126.2,28.1,1.1355,0.0,1.3,1.179,6 233 180 180 181 181
phenylalanine,0,glutamic,1,13,7,3,11.682,12.067,-0.125,126.2,28.1,0.1062,0.0,2.164,1.699,338 244 149 163 227 217 343 194
phenylalanine,0,glutamic,1,13,7,4,11.682,12.067,-0.125,126.2,28.1,0.0,0.0,2.742,1.866,295 326 25 352 350 148 156 246 283 176
phenylalanine,0,glutamic,1,14,5,1,11.682,13.169,-0.125,39.1,76.6,7.4359,0.0,2.895,1.938,293 0 201 299
phenylalanine,0,glutamic,1,14,5,2,11.682,13.169,-0.125,39.1,76.6,3.9192,0.0,2.79,1.75,292 1 145 74 186 183
phenylalanine,0,glutamic,1,14,5,3,11.682,13.169,-0.125,39.1,76.6,0.1872,0.0,0.877,1.78,293 0 150 71 187 184 186 185
phenylalanine,0,glutamic,1,14,5,4,11.682,13.169,-0.125,39.1,76.6,0.0,0.0,1.584,2.251,323 38 76 304 276 137 160 202 191 172
phenylalanine,0,glutamic,1,14,6,1,11.682,12.457,-0.125,39.8,103.5,6.7212,0.0,2.895,1.287,277 360 159 61
phenylalanine,0,glutamic,1,14,6,2,11.682,12.457,-0.125,39.8,103.5,3.2085,0.0,2.895,1.169,279 359 214 287 173 176
phenylalanine,0,glutamic,1,14,6,3,11.682,12.457,-0.125,39.8,103.5,0.0,0.0,2.046,0.708,261 22 146 350 288 183 192 171
phenylalanine,0,glutamic,1,14,6,4,11.682,12.457,-0.125,39.8,103.5,0.0,0.0,1.914,1.678,327 34 71 299 273 132 152 199 186 171
phenylalanine,0,glutamic,1,14,7,1,11.682,14.284,-0.125,33.1,23.9,8.9053,0.0,2.895,1.292,281 0 164 44
phenylalanine,0,glutamic,1,14,7,2,11.682,14.284,-0.125,33.1,23.9,5.3801,0.0,2.677,1.268,281 360 212 296 179 179
phenylalanine,0,glutamic,1,14,7,3,11.682,14.284,-0.125,33.1,23.9,1.6408,0.0,1.064,0.676,283 360 154 59 175 177 177 177
phenylalanine,0,glutamic,1,14,7,4,11.682,14.284,-0.125,33.1,23.9,0.3094,0.0,2.895,0.405,253 360 208 299 172 176 173 174 329 193
phenylalanine,0,isoleucine,6,12,4,1,3.517,2.139,-0.308,72.0,171.3,2.7685,0.0,1.241,4.734,90 145 1 1
phenylalanine,0,isoleucine,6,12,4,2,3.517,2.139,-0.308,72.0,171.3,1.7566,0.0,0.909,3.804,144 111 0 6 172 0
phenylalanine,0,isoleucine,6,12,4,3,3.517,2.139,-0.308,72.0,171.3,0.0,0.0,2.551,5.208,325 308 7 66 93 352 161 41
phenylalanine,0,isoleucine,6,12,4,4,3.517,2.139,-0.308,72.0,171.3,0.0,0.0,1.984,5.175,307 27 357 65 76 291 269 58 110 230
phenylalanine,0,isoleucine,6,12,5,1,3.517,4.457,-0.308,56.7,49.7,1.8194,0.0,0.603,3.495,89 85 59 11
phenylalanine,0,isoleucine,6,12,5,2,3.517,4.457,-0.308,56.7,49.7,0.229,0.0,1.499,2.22,129 80 50 55 93 23
phenylalanine,0,isoleucine,6,12,5,3,3.517,4.457,-0.308,56.7,49.7,0.0175,0.0,1.06,2.075,354 340 230 316 270 266 305 304
phenylalanine,0,isoleucine,6,12,5,4,3.517,4.457,-0.308,56.7,49.7,0.0,0.0,1.188,2.014,349 95 41 99 99 285 281 63 109 234
phenylalanine,0,isoleucine,6,12,6,1,3.517,4.262,-0.308,71.9,56.9,1.0776,0.0,2.727,5.208,29 242 335 351
phenylalanine,0,isoleucine,6,12,6,2,3.517,4.262,-0.308,71.9,56.9,0.0,0.0,2.627,5.208,329 203 23 37 142 17
phenylalanine,0,isoleucine,6,12,6,3,3.517,4.262,-0.308,71.9,56.9,0.0,0.0,2.688,5.208,303 326 328 73 91 291 226 115
phenylalanine,0,isoleucine,6,12,6,4,3.517,4.262,-0.308,71.9,56.9,0.0,0.0,2.176,5.208,2 355 351 45 22 278 286 52 137 275
phenylalanine,0,isoleucine,6,13,4,1,3.517,2.141,-0.308,72.0,115.6,2.933,0.0,1.204,2.828,265 240 350 355
phenylalanine,0,isoleucine,6,13,4,2,3.517,2.141,-0.308,72.0,115.6,1.8007,0.0,2.422,2.828,217 252 357 330 222 358
phenylalanine,0,isoleucine,6,13,4,3,3.517,2.141,-0.308,72.0,115.6,0.0,0.0,2.827,2.828,234 245 342 146 33 291 281 338
phenylalanine,0,isoleucine,6,13,4,4,3.517,2.141,-0.308,72.0,115.6,0.0,0.0,2.446,1.829,58 326 359 284 269 70 100 311 252 131
phenylalanine,0,isoleucine,6,13,5,1,3.517,2.978,-0.308,112.7,80.8,1.9531,0.0,2.214,1.317,8 92 355 357
phenylalanine,0,isoleucine,6,13,5,2,3.517,2.978,-0.308,112.7,80.8,0.9164,0.0,2.827,0.912,62 69 360 351 193 360
phenylalanine,0,isoleucine,6,13,5,3,3.517,2.978,-0.308,112.7,80.8,0.0,0.0,2.239,1.937,93 12 344 321 238 4 218 299
phenylalanine,0,isoleucine,6,13,5,4,3.517,2.978,-0.308,112.7,80.8,0.0,0.0,2.222,1.891,63 327 351 278 300 77 79 330 251 94
phenylalanine,0,isoleucine,6,13,6,1,3.517,4.109,-0.308,77.2,41.1,1.6011,0.0,1.812,1.26,349 96 25 15
phenylalanine,0,isoleucine,6,13,6,2,3.517,4.109,-0.308,77.2,41.1,0.2476,0.0,1.2,1.609,23 87 22 74 81 10
phenylalanine,0,isoleucine,6,13,6,3,3.517,4.109,-0.308,77.2,41.1,0.0,0.0,0.669,1.996,69 46 56 275 265 67 112 240
phenylalanine,0,isoleucine,6,13,6,4,3.517,4.109,-0.308,77.2,41.1,0.0,0.0,1.982,1.686,336 80 354 262 44 121 36 353 167 319
phenylalanine,0,isoleucine,6,14,4,1,3.517,3.729,-0.308,6.0,142.2,4.5342,0.0,2.895,4.784,179 335 214 360
phenylalanine,0,isoleucine,6,14,4,2,3.517,3.729,-0.308,6.0,142.2,1.5317,0.0,2.895,4.14,192 111 54 2 172 7
phenylalanine,0,isoleucine,6,14,4,3,3.517,3.729,-0.308,6.0,142.2,0.0,0.0,1.477,4.772,1 302 261 76 106 11 118 73
phenylalanine,0,isoleucine,6,14,4,4,3.517,3.729,-0.308,6.0,142.2,0.0,0.0,1.857,2.384,14 90 356 99 99 283 267 298 304 194
phenylalanine,0,isoleucine,6,14,5,1,3.517,5.164,-0.308,25.3,76.3,2.9407,0.0,2.895,0.634,274 360 180 360
phenylalanine,0,isoleucine,6,14,5,2,3.517,5.164,-0.308,25.3,76.3,0.0,0.0,2.495,1.749,236 305 255 353 201 349
phenylalanine,0,isoleucine,6,14,5,3,3.517,5.164,-0.308,25.3,76.3,0.0,0.0,1.175,2.067,7 53 73 295 267 62 110 224
phenylalanine,0,isoleucine,6,14,5,4,3.517,5.164,-0.308,25.3,76.3,0.0,0.0,1.118,1.799,11 17 52 317 289 75 105 258 226 152
phenylalanine,0,isoleucine,6,14,6,1,3.517,5.505,-0.308,15.8,64.0,3.8169,0.0,0.907,4.784,351 1 178 1
phenylalanine,0,isoleucine,6,14,6,2,3.517,5.505,-0.308,15.8,64.0,0.1431,0.0,0.746,4.218,349 319 229 360 181 359
phenylalanine,0,isoleucine,6,14,6,3,3.517,5.505,-0.308,15.8,64.0,0.0,0.0,0.71,3.795,343 72 60 303 298 33 121 255
phenylalanine,0,isoleucine,6,14,6,4,3.517,5.505,-0.308,15.8,64.0,0.0,0.0,1.192,2.727,358 21 59 318 287 81 112 264 236 155
phenylalanine,0,leucine,0,12,1,1,12.83,14.775,0.613,63.6,27.9,7.7871,0.0,3.27,3.713,120 1 198 214
phenylalanine,0,leucine,0,12,1,2,12.83,14.775,0.613,63.6,27.9,4.2379,0.0,3.27,1.495,121 360 144 130 180 180
phenylalanine,0,leucine,0,12,1,3,12.83,14.775,0.613,63.6,27.9,0.9136,0.0,3.27,2.66,140 352 132 138 165 167 213 202
phenylalanine,0,leucine,0,12,1,4,12.83,14.775,0.613,63.6,27.9,0.0006,0.0,3.27,4.565,163 335 138 137 185 188 177 132 57 148
phenylalanine,0,leucine,0,12,2,1,12.83,12.507,0.613,67.8,125.0,5.453,0.0,3.27,3.757,118 2 198 206
phenylalanine,0,leucine,0,12,2,2,12.83,12.507,0.613,67.8,125.0,1.8502,0.0,3.27,1.765,120 1 147 136 183 182
phenylalanine,0,leucine,0,12,2,3,12.83,12.507,0.613,67.8,125.0,0.0,0.0,2.931,2.355,98 307 228 141 173 211 218 198
phenylalanine,0,leucine,0,12,2,4,12.83,12.507,0.613,67.8,125.0,0.0,0.0,2.711,3.741,149 214 223 159 159 226 220 139 150 192
phenylalanine,0,leucine,0,12,13,1,12.83,12.952,0.613,57.1,105.5,6.2697,0.0,3.27,3.17,119 359 204 245
phenylalanine,0,leucine,0,12,13,2,12.83,12.952,0.613,57.1,105.5,2.7478,0.0,3.27,0.607,120 358 140 115 169 173
phenylalanine,0,leucine,0,12,13,3,12.83,12.952,0.613,57.1,105.5,0.0,0.0,3.27,0.856,135 275 222 113 144 179 166 180
phenylalanine,0,leucine,0,12,13,4,12.83,12.952,0.613,57.1,105.5,0.0,0.0,3.27,2.559,155 50 59 3 346 245 167 46 57 175
phenylalanine,0,leucine,0,13,1,1,12.83,12.634,0.613,175.9,28.1,6.5834,0.0,2.789,0.722,47 180 156 79
phenylalanine,0,leucine,0,13,1,2,12.83,12.634,0.613,175.9,28.1,3.0253,0.0,2.73,0.652,43 180 218 274 178 179
phenylalanine,0,leucine,0,13,1,3,12.83,12.634,0.613,175.9,28.1,0.3854,0.0,2.827,2.58,122 181 140 106 185 183 264 214
phenylalanine,0,leucine,0,13,1,4,12.83,12.634,0.613,175.9,28.1,0.0,0.0,2.827,2.828,125 149 163 170 145 209 211 123 136 201
phenylalanine,0,leucine,0,13,2,1,12.83,10.483,0.613,177.6,119.1,4.6414,0.0,2.827,2.828,268 180 202 297
phenylalanine,0,leucine,0,13,2,2,12.83,10.483,0.613,177.6,119.1,1.0621,0.0,2.827,1.934,281 180 145 75 182 181
phenylalanine,0,leucine,0,13,2,3,12.83,10.483,0.613,177.6,119.1,0.0,0.0,2.827,2.828,193 145 183 289 291 129 149 204
phenylalanine,0,leucine,0,13,2,4,12.83,10.483,0.613,177.6,119.1,0.0,0.0,2.461,2.728,305 220 202 169 232 140 135 254 235 152
phenylalanine,0,leucine,0,13,13,1,12.83,10.687,0.613,168.4,110.2,4.3223,0.0,2.538,0.465,33 179 153 96
phenylalanine,0,leucine,0,13,13,2,12.83,10.687,0.613,168.4,110.2,0.7388,0.0,2.487,0.441,29 179 218 267 172 175
phenylalanine,0,leucine,0,13,13,3,12.83,10.687,0.613,168.4,110.2,0.0,0.0,2.827,2.757,243 201 170 70 96 221 197 155
phenylalanine,0,leucine,0,13,13,4,12.83,10.687,0.613,168.4,110.2,0.0,0.0,2.827,2.151,205 232 182 201 245 359 282 344 48 228
phenylalanine,0,leucine,0,14,1,1,12.83,14.698,0.613,66.6,33.4,7.6374,0.0,2.895,2.91,243 359 165 157
phenylalanine,0,leucine,0,14,1,2,12.83,14.698,0.613,66.6,33.4,4.0496,0.0,2.895,1.719,242 359 213 223 177 178
phenylalanine,0,leucine,0,14,1,3,12.83,14.698,0.613,66.6,33.4,0.6784,0.0,2.895,3.08,241 356 156 160 174 176 231 209
phenylalanine,0,leucine,0,14,1,4,12.83,14.698,0.613,66.6,33.4,0.0,0.0,2.895,4.513,204 106 134 202 196 180 175 237 254 188
phenylalanine,0,leucine,0,14,2,1,12.83,12.62,0.613,63.3,119.8,5.6701,0.0,2.895,3.281,237 360 159 139
phenylalanine,0,leucine,0,14,2,2,12.83,12.62,0.613,63.3,119.8,2.1104,0.0,2.895,1.461,236 0 217 234 182 181
phenylalanine,0,leucine,0,14,2,3,12.83,12.62,0.613,63.3,119.8,0.0,0.0,2.895,2.367,232 92 123 215 196 153 160 184
phenylalanine,0,leucine,0,14,2,4,12.83,12.62,0.613,63.3,119.8,0.0,0.0,2.895,3.056,165 151 125 228 233 134 151 197 168 157
phenylalanine,0,leucine,0,14,13,1,12.83,12.727,0.613,66.2,115.1,5.6896,0.0,2.895,2.168,247 1 199 210
phenylalanine,0,leucine,0,14,13,2,12.83,12.727,0.613,66.2,115.1,2.1038,0.0,2.895,1.531,248 0 145 133 180 180
phenylalanine,0,leucine,0,14,13,3,12.83,12.727,0.613,66.2,115.1,0.0,0.0,2.895,2.835,227 107 128 215 199 155 164 186
phenylalanine,0,leucine,0,14,13,4,12.83,12.727,0.613,66.2,115.1,0.0,0.0,2.895,3.75,189 140 136 214 212 152 161 224 214 169
phenylalanine,0,serine,13,12,3,1,15.861,15.164,-0.25,79.0,130.1,7.9492,0.0,3.27,3.773,79 30 182 181
phenylalanine,0,serine,13,12,3,2,15.861,15.164,-0.25,79.0,130.1,4.2422,0.0,3.27,2.032,104 345 181 181 181 181
phenylalanine,0,serine,13,12,3,3,15.861,15.164,-0.25,79.0,130.1,0.7278,0.0,3.267,1.509,80 24 201 195 206 199 200 195
phenylalanine,0,serine,13,12,3,4,15.861,15.164,-0.25,79.0,130.1,0.0,0.0,3.27,1.456,101 238 230 161 178 233 214 158 171 189
phenylalanine,0,serine,13,12,4,1,15.861,16.464,-0.25,73.5,77.1,9.2145,0.0,3.209,3.348,95 354 178 178
phenylalanine,0,serine,13,12,4,2,15.861,16.464,-0.25,73.5,77.1,5.6169,0.0,3.16,1.63,89 2 202 201 184 183
phenylalanine,0,serine,13,12,4,3,15.861,16.464,-0.25,73.5,77.1,1.8903,0.0,3.196,0.99,93 357 177 177 172 175 178 178
phenylalanine,0,serine,13,12,4,4,15.861,16.464,-0.25,73.5,77.1,0.0,0.0,3.27,1.134,108 248 227 156 173 208 199 169 174 182
phenylalanine,0,serine,13,12,5,1,15.861,17.528,-0.25,76.8,27.9,10.2864,0.0,3.27,3.606,84 22 181 181
phenylalanine,0,serine,13,12,5,2,15.861,17.528,-0.25,76.8,27.9,6.608,0.0,3.27,2.116,99 359 177 178 179 179
phenylalanine,0,serine,13,12,5,3,15.861,17.528,-0.25,76.8,27.9,3.0094,0.0,3.27,1.955,86 20 188 185 198 194 188 185
phenylalanine,0,serine,13,12,5,4,15.861,17.528,-0.25,76.8,27.9,0.5014,0.0,3.27,4.072,77 49 180 180 175 176 180 180 271 213
phenylalanine,0,serine,13,13,3,1,15.861,13.611,-0.25,149.3,123.0,6.4207,0.0,2.481,2.279,310 183 187 187
phenylalanine,0,serine,13,13,3,2,15.861,13.611,-0.25,149.3,123.0,2.8204,0.0,2.574,1.493,305 179 153 150 178 179
phenylalanine,0,serine,13,13,3,3,15.861,13.611,-0.25,149.3,123.0,0.0,0.0,2.827,2.022,252 181 180 233 228 190 206 189
phenylalanine,0,serine,13,13,3,4,15.861,13.611,-0.25,149.3,123.0,0.0,0.0,2.827,2.828,207 187 179 210 218 160 164 225 216 167
phenylalanine,0,serine,13,13,4,1,15.861,14.799,-0.25,146.4,75.9,7.5888,0.0,2.509,1.994,309 170 174 176
phenylalanine,0,serine,13,13,4,2,15.861,14.799,-0.25,146.4,75.9,3.9057,0.0,2.327,0.827,321 180 199 199 180 180
phenylalanine,0,serine,13,13,4,3,15.861,14.799,-0.25,146.4,75.9,0.2214,0.0,2.484,0.502,310 170 180 180 190 188 180 180
phenylalanine,0,serine,13,13,4,4,15.861,14.799,-0.25,146.4,75.9,0.0,0.0,2.827,0.5,221 163 177 250 222 134 163 146 106 143
phenylalanine,0,serine,13,13,5,1,15.861,15.869,-0.25,152.7,25.4,8.7058,0.0,2.473,2.217,311 181 185 186
phenylalanine,0,serine,13,13,5,2,15.861,15.869,-0.25,152.7,25.4,5.1757,0.0,2.516,1.346,308 179 149 144 178 179
phenylalanine,0,serine,13,13,5,3,15.861,15.869,-0.25,152.7,25.4,1.4287,0.0,2.514,1.525,308 179 157 150 176 178 178 178
phenylalanine,0,serine,13,13,5,4,15.861,15.869,-0.25,152.7,25.4,0.1633,0.0,2.827,2.828,276 179 154 148 175 177 176 176 346 186
phenylalanine,0,serine,13,14,3,1,15.861,16.085,-0.25,40.1,122.4,10.2094,0.0,2.895,2.231,239 0 157 72
phenylalanine,0,serine,13,14,3,2,15.861,16.085,-0.25,40.1,122.4,6.6843,0.0,2.895,1.1,240 0 217 277 181 180
phenylalanine,0,serine,13,14,3,3,15.861,16.085,-0.25,40.1,122.4,3.0158,0.0,2.895,1.553,239 0 147 80 186 183 186 186
phenylalanine,0,serine,13,14,3,4,15.861,16.085,-0.25,40.1,122.4,0.0,0.0,2.895,1.653,215 352 252 270 161 144 150 166 178 182
phenylalanine,0,serine,13,14,4,1,15.861,17.244,-0.25,39.7,76.6,11.3615,0.0,2.895,1.863,252 360 202 287
phenylalanine,0,serine,13,14,4,2,15.861,17.244,-0.25,39.7,76.6,7.8398,0.0,2.895,0.635,252 360 143 84 180 180
phenylalanine,0,serine,13,14,4,3,15.861,17.244,-0.25,39.7,76.6,4.1552,0.0,2.895,0.292,252 360 213 279 176 178 176 176
phenylalanine,0,serine,13,14,4,4,15.861,17.244,-0.25,39.7,76.6,0.5231,0.0,2.895,0.115,252 360 218 276 180 180 182 182 180 180
phenylalanine,0,serine,13,14,5,1,15.861,18.323,-0.25,43.3,25.4,12.2146,0.0,2.895,2.265,242 360 156 87
phenylalanine,0,serine,13,14,5,2,15.861,18.323,-0.25,43.3,25.4,8.7045,0.0,2.895,0.751,242 360 218 268 179 179
phenylalanine,0,serine,13,14,5,3,15.861,18.323,-0.25,43.3,25.4,5.0239,0.0,2.895,1.238,242 360 145 92 178 179 178 178
phenylalanine,0,serine,13,14,5,4,15.861,18.323,-0.25,43.3,25.4,1.3782,0.0,2.895,1.356,242 0 141 92 181 181 194 192 181 181
phenylalanine,0,tryptophan,4,12,16,1,14.9,14.74,0.59,85.7,94.4,7.4852,0.0,3.219,4.268,59 49 182 181
phenylalanine,0,tryptophan,4,12,16,2,14.9,14.74,0.59,85.7,94.4,3.8011,0.0,3.27,2.857,107 318 175 177 175 176
phenylalanine,0,tryptophan,4,12,16,3,14.9,14.74,0.59,85.7,94.4,0.1637,0.0,3.27,2.517,113 310 181 181 194 192 181 181
phenylalanine,0,tryptophan,4,12,16,4,14.9,14.74,0.59,85.7,94.4,0.0,0.0,3.27,3.843,153 218 210 139 146 198 190 152 158 186
phenylalanine,0,tryptophan,4,12,17,1,14.9,13.643,0.59,84.2,146.1,6.4012,0.0,3.192,4.177,102 314 179 180
phenylalanine,0,tryptophan,4,12,17,2,14.9,13.643,0.59,84.2,146.1,2.7876,0.0,2.958,3.006,57 39 189 185 190 189
phenylalanine,0,tryptophan,4,12,17,3,14.9,13.643,0.59,84.2,146.1,0.0,0.0,3.27,2.733,115 244 215 147 164 192 186 178
phenylalanine,0,tryptophan,4,12,17,4,14.9,13.643,0.59,84.2,146.1,0.0,0.0,3.27,3.767,145 208 207 141 147 218 208 156 167 190
phenylalanine,0,tryptophan,4,12,18,1,14.9,15.373,0.59,91.0,70.7,8.1423,0.0,3.27,4.525,110 299 176 177
phenylalanine,0,tryptophan,4,12,18,2,14.9,15.373,0.59,91.0,70.7,4.4254,0.0,3.207,3.638,52 57 177 178 177 177
phenylalanine,0,tryptophan,4,12,18,3,14.9,15.373,0.59,91.0,70.7,0.7955,0.0,3.27,3.86,111 297 180 180 182 181 180 180
phenylalanine,0,tryptophan,4,12,18,4,14.9,15.373,0.59,91.0,70.7,0.0,0.0,3.27,5.039,142 212 206 141 150 208 199 168 177 187
phenylalanine,0,tryptophan,4,13,16,1,14.9,13.568,0.59,135.9,98.0,6.3095,0.0,2.184,2.184,335 218 179 179
phenylalanine,0,tryptophan,4,13,16,2,14.9,13.568,0.59,135.9,98.0,2.6625,0.0,2.827,1.526,278 148 166 172 169 170
phenylalanine,0,tryptophan,4,13,16,3,14.9,13.568,0.59,135.9,98.0,0.0,0.0,2.827,2.828,251 167 178 205 197 157 160 183
phenylalanine,0,tryptophan,4,13,16,4,14.9,13.568,0.59,135.9,98.0,0.0,0.0,2.827,2.422,203 187 179 224 223 122 137 189 166 161
phenylalanine,0,tryptophan,4,13,17,1,14.9,12.59,0.59,127.5,144.5,5.3662,0.0,2.827,2.715,274 127 177 178
phenylalanine,0,tryptophan,4,13,17,2,14.9,12.59,0.59,127.5,144.5,1.7121,0.0,2.139,2.044,343 232 176 178 174 174
phenylalanine,0,tryptophan,4,13,17,3,14.9,12.59,0.59,127.5,144.5,0.0,0.0,2.827,2.598,240 164 170 220 213 153 162 188
phenylalanine,0,tryptophan,4,13,17,4,14.9,12.59,0.59,127.5,144.5,0.0,0.0,2.827,1.586,204 181 177 230 226 127 141 200 182 166
phenylalanine,0,tryptophan,4,13,18,1,14.9,14.516,0.59,126.6,62.0,7.2663,0.0,2.154,2.099,340 235 183 182
phenylalanine,0,tryptophan,4,13,18,2,14.9,14.516,0.59,126.6,62.0,3.5552,0.0,2.827,2.617,270 127 182 181 182 182
phenylalanine,0,tryptophan,4,13,18,3,14.9,14.516,0.59,126.6,62.0,0.1912,0.0,2.827,2.828,262 116 172 176 175 176 225 203
phenylalanine,0,tryptophan,4,13,18,4,14.9,14.516,0.59,126.6,62.0,0.0,0.0,2.827,2.828,217 160 162 224 224 174 179 227 225 175
phenylalanine,0,tryptophan,4,14,16,1,14.9,16.028,0.59,28.7,96.8,10.8443,0.0,2.895,1.978,239 0 170 26
phenylalanine,0,tryptophan,4,14,16,2,14.9,16.028,0.59,28.7,96.8,7.3513,0.0,2.895,1.397,240 360 210 302 176 178
phenylalanine,0,tryptophan,4,14,16,3,14.9,16.028,0.59,28.7,96.8,3.6434,0.0,2.895,1.709,240 360 154 54 179 179 179 179
phenylalanine,0,tryptophan,4,14,16,4,14.9,16.028,0.59,28.7,96.8,0.0094,0.0,2.895,1.145,239 0 211 300 181 182 181 179 185 181
phenylalanine,0,tryptophan,4,14,17,1,14.9,14.974,0.59,22.6,147.2,10.2726,0.0,2.895,1.172,252 360 182 357
phenylalanine,0,tryptophan,4,14,17,2,14.9,14.974,0.59,22.6,147.2,6.7106,0.0,2.895,1.471,252 0 157 41 180 180
phenylalanine,0,tryptophan,4,14,17,3,14.9,14.974,0.59,22.6,147.2,3.1112,0.0,2.895,1.127,253 359 198 327 168 173 168 169
phenylalanine,0,tryptophan,4,14,17,4,14.9,14.974,0.59,22.6,147.2,0.0,0.0,2.895,0.923,229 50 152 296 231 176 182 170 180 187
phenylalanine,0,tryptophan,4,14,18,1,14.9,16.899,0.59,20.7,63.8,12.2602,0.0,2.895,2.144,237 0 178 3
phenylalanine,0,tryptophan,4,14,18,2,14.9,16.899,0.59,20.7,63.8,8.6977,0.0,2.895,1.632,238 360 203 319 180 180
phenylalanine,0,tryptophan,4,14,18,3,14.9,16.899,0.59,20.7,63.8,5.051,0.0,2.895,2.222,236 1 163 31 189 185 188 187
phenylalanine,0,tryptophan,4,14,18,4,14.9,16.899,0.59,20.7,63.8,1.3796,0.0,2.895,2.32,238 0 156 43 180 180 183 183 180 180
phenylalanine,0,tyrosine,2,12,8,1,6.208,8.541,0.767,30.4,40.6,3.756,0.0,3.27,3.411,148 0 178 2
phenylalanine,0,tyrosine,2,12,8,2,6.208,8.541,0.767,30.4,40.6,0.4409,0.0,3.27,2.327,125 360 181 357 223 197
phenylalanine,0,tyrosine,2,12,8,3,6.208,8.541,0.767,30.4,40.6,0.0,0.0,3.27,0.784,116 289 228 105 151 247 239 183
phenylalanine,0,tyrosine,2,12,8,4,6.208,8.541,0.767,30.4,40.6,0.0,0.0,2.257,1.042,45 330 289 67 101 247 227 146 154 186
phenylalanine,0,tyrosine,2,12,9,1,6.208,6.862,0.767,43.1,106.7,1.4438,0.0,3.27,3.859,158 0 175 8
phenylalanine,0,tyrosine,2,12,9,2,6.208,6.862,0.767,43.1,106.7,0.0,0.0,3.05,2.091,125 311 224 27 231 289
phenylalanine,0,tyrosine,2,12,9,3,6.208,6.862,0.767,43.1,106.7,0.0,0.0,3.123,1.047,89 289 251 101 138 264 241 165
phenylalanine,0,tyrosine,2,12,9,4,6.208,6.862,0.767,43.1,106.7,0.0,0.0,2.162,1.986,40 341 302 61 96 262 237 135 150 192
phenylalanine,0,tyrosine,2,12,10,1,6.208,8.336,0.767,35.8,50.1,3.1231,0.0,3.149,4.806,178 360 183 356
phenylalanine,0,tyrosine,2,12,10,2,6.208,8.336,0.767,35.8,50.1,0.0055,0.0,2.632,5.208,196 356 164 71 95 169
phenylalanine,0,tyrosine,2,12,10,3,6.208,8.336,0.767,35.8,50.1,0.0,0.0,3.27,5.208,190 239 265 138 115 232 224 154
phenylalanine,0,tyrosine,2,12,10,4,6.208,8.336,0.767,35.8,50.1,0.0,0.0,2.308,5.208,318 299 162 327 247 359 130 167 121 123
phenylalanine,0,tyrosine,2,13,8,1,6.208,6.205,0.767,128.9,46.6,0.4039,0.0,1.709,0.729,55 238 31 99
phenylalanine,0,tyrosine,2,13,8,2,6.208,6.205,0.767,128.9,46.6,0.0,0.0,1.618,0.605,9 243 50 290 257 114
phenylalanine,0,tyrosine,2,13,8,3,6.208,6.205,0.767,128.9,46.6,0.0,0.0,2.827,2.254,217 164 203 80 114 294 262 129
phenylalanine,0,tyrosine,2,13,8,4,6.208,6.205,0.767,128.9,46.6,0.0,0.0,2.827,2.828,203 163 186 142 130 241 236 92 108 207
phenylalanine,0,tyrosine,2,13,9,1,6.208,4.703,0.767,132.0,103.4,0.0,0.0,2.371,2.828,138 24 15 349
phenylalanine,0,tyrosine,2,13,9,2,6.208,4.703,0.767,132.0,103.4,0.0,0.0,2.612,2.828,183 45 25 39 81 49
phenylalanine,0,tyrosine,2,13,9,3,6.208,4.703,0.767,132.0,103.4,0.0,0.0,2.827,1.243,253 126 230 37 129 11 224 9
phenylalanine,0,tyrosine,2,13,9,4,6.208,4.703,0.767,132.0,103.4,0.0,0.0,2.827,1.841,183 126 194 145 95 287 275 48 115 239
phenylalanine,0,tyrosine,2,13,10,1,6.208,6.388,0.767,114.1,38.3,0.5239,0.0,2.226,2.828,123 38 3 122
phenylalanine,0,tyrosine,2,13,10,2,6.208,6.388,0.767,114.1,38.3,0.0,0.0,2.714,2.828,143 14 80 138 344 326
phenylalanine,0,tyrosine,2,13,10,3,6.208,6.388,0.767,114.1,38.3,0.0,0.0,2.827,2.828,213 198 213 115 81 246 272 133
phenylalanine,0,tyrosine,2,13,10,4,6.208,6.388,0.767,114.1,38.3,0.0,0.0,2.827,2.828,193 165 187 144 122 254 283 58 65 212
phenylalanine,0,tyrosine,2,14,8,1,6.208,7.045,0.767,92.1,31.2,0.8123,0.0,0.772,3.227,292 16 60 123
phenylalanine,0,tyrosine,2,14,8,2,6.208,7.045,0.767,92.1,31.2,0.1892,0.0,0.373,3.855,321 12 76 128 10 116
phenylalanine,0,tyrosine,2,14,8,3,6.208,7.045,0.767,92.1,31.2,0.0,0.0,2.622,2.514,213 22 198 252 11 145 37 309
phenylalanine,0,tyrosine,2,14,8,4,6.208,7.045,0.767,92.1,31.2,0.0,0.0,2.419,4.692,212 151 181 203 250 141 31 243 300 98
phenylalanine,0,tyrosine,2,14,9,1,6.208,5.574,0.767,92.3,90.4,0.0,0.0,2.271,4.308,232 216 23 272
phenylalanine,0,tyrosine,2,14,9,2,6.208,5.574,0.767,92.3,90.4,0.0,0.0,2.76,4.784,174 191 81 279 236 70
phenylalanine,0,tyrosine,2,14,9,3,6.208,5.574,0.767,92.3,90.4,0.0,0.0,2.76,4.784,153 188 118 234 264 84 120 237
phenylalanine,0,tyrosine,2,14,9,4,6.208,5.574,0.767,92.3,90.4,0.0,0.0,2.76,4.784,166 186 153 204 233 106 105 294 265 143
phenylalanine,0,tyrosine,2,14,10,1,6.208,6.449,0.767,111.4,58.2,0.1913,0.0,2.153,4.413,230 194 35 126
phenylalanine,0,tyrosine,2,14,10,2,6.208,6.449,0.767,111.4,58.2,0.0,0.0,2.76,4.784,177 182 107 279 243 91
phenylalanine,0,tyrosine,2,14,10,3,6.208,6.449,0.767,111.4,58.2,0.0,0.0,2.76,4.784,150 253 24 313 295 304 165 248
phenylalanine,0,tyrosine,2,14,10,4,6.208,6.449,0.767,111.4,58.2,0.0,0.0,2.76,4.784,141 166 156 219 241 134 119 274 257 144
phenylalanine,0,aspartic,9,12,3,1,7.32,6.098,-0.339,72.5,153.4,0.0784,0.0,3.232,4.188,81 275 289 277
phenylalanine,0,aspartic,9,12,3,2,7.32,6.098,-0.339,72.5,153.4,0.0,0.0,3.165,4.001,19 262 306 81 157 268
phenylalanine,0,aspartic,9,12,3,3,7.32,6.098,-0.339,72.5,153.4,0.0,0.0,2.386,4.326,346 301 334 78 118 280 159 91
phenylalanine,0,aspartic,9,12,3,4,7.32,6.098,-0.339,72.5,153.4,0.0,0.0,2.268,4.062,12 355 347 76 58 271 265 38 98 235
phenylalanine,0,aspartic,9,12,4,1,7.32,8.204,-0.339,74.2,57.7,0.9507,0.0,2.317,4.146,45 15 194 192
phenylalanine,0,aspartic,9,12,4,2,7.32,8.204,-0.339,74.2,57.7,0.0,0.0,2.43,5.208,354 28 210 88 99 198
phenylalanine,0,aspartic,9,12,4,3,7.32,8.204,-0.339,74.2,57.7,0.0,0.0,2.117,5.208,347 17 293 23 73 307 297 198
phenylalanine,0,aspartic,9,12,4,4,7.32,8.204,-0.339,74.2,57.7,0.0,0.0,3.128,4.61,48 57 7 353 11 254 250 78 115 227
phenylalanine,0,aspartic,9,12,5,1,7.32,7.573,-0.339,89.1,81.4,0.2845,0.0,3.16,4.625,98 301 180 180
phenylalanine,0,aspartic,9,12,5,2,7.32,7.573,-0.339,89.1,81.4,0.0,0.0,2.707,4.935,136 217 245 81 99 218
phenylalanine,0,aspartic,9,12,5,3,7.32,7.573,-0.339,89.1,81.4,0.0,0.0,2.476,5.208,159 201 222 120 116 251 230 150
phenylalanine,0,aspartic,9,12,5,4,7.32,7.573,-0.339,89.1,81.4,0.0,0.0,1.89,4.612,178 213 214 130 117 222 221 111 130 206
phenylalanine,0,aspartic,9,13,3,1,7.32,5.073,-0.339,112.1,172.3,0.3386,0.0,2.802,2.828,292 257 354 61
phenylalanine,0,aspartic,9,13,3,2,7.32,5.073,-0.339,112.1,172.3,0.0,0.0,2.231,0.677,10 59 358 258 316 42
phenylalanine,0,aspartic,9,13,3,3,7.32,5.073,-0.339,112.1,172.3,0.0,0.0,2.465,0.672,61 353 10 318 262 53 147 240
phenylalanine,0,aspartic,9,13,3,4,7.32,5.073,-0.339,112.1,172.3,0.0,0.0,1.579,2.691,307 40 70 40 51 73 80 353 167 22
phenylalanine,0,aspartic,9,13,4,1,7.32,7.385,-0.339,105.3,53.6,0.4151,0.0,1.317,1.778,1 315 107 157
phenylalanine,0,aspartic,9,13,4,2,7.32,7.385,-0.339,105.3,53.6,0.0,0.0,1.966,1.604,30 2 88 258 259 153
phenylalanine,0,aspartic,9,13,4,3,7.32,7.385,-0.339,105.3,53.6,0.0,0.0,2.827,2.828,277 15 212 336 295 130 39 59
phenylalanine,0,aspartic,9,13,4,4,7.32,7.385,-0.339,105.3,53.6,0.0,0.0,2.452,0.628,312 312 31 7 69 59 57 146 20 10
phenylalanine,0,aspartic,9,13,5,1,7.32,7.082,-0.339,108.4,65.4,0.1353,0.0,2.698,2.828,272 40 262 189
phenylalanine,0,aspartic,9,13,5,2,7.32,7.082,-0.339,108.4,65.4,0.0,0.0,2.696,2.828,227 166 115 277 253 113
phenylalanine,0,aspartic,9,13,5,3,7.32,7.082,-0.339,108.4,65.4,0.0,0.0,1.671,2.828,204 176 153 242 246 94 116 211
phenylalanine,0,aspartic,9,13,5,4,7.32,7.082,-0.339,108.4,65.4,0.0,0.0,2.407,2.828,166 157 156 247 256 128 133 236 214 154
phenylalanine,0,aspartic,9,14,3,1,7.32,7.257,-0.339,18.3,171.0,4.1319,0.0,2.895,0.625,274 0 180 0
phenylalanine,0,aspartic,9,14,3,2,7.32,7.257,-0.339,18.3,171.0,0.6376,0.0,2.895,0.642,277 3 173 4 153 85
phenylalanine,0,aspartic,9,14,3,3,7.32,7.257,-0.339,18.3,171.0,0.0,0.0,2.343,0.686,313 36 94 297 263 100 108 187
phenylalanine,0,aspartic,9,14,3,4,7.32,7.257,-0.339,18.3,171.0,0.0,0.0,1.557,3.357,11 227 260 331 275 79 73 227 235 187
phenylalanine,0,aspartic,9,14,4,1,7.32,9.357,-0.339,19.0,63.1,5.4892,0.0,2.833,2.534,304 360 180 360
phenylalanine,0,aspartic,9,14,4,2,7.32,9.357,-0.339,19.0,63.1,1.7421,0.0,2.791,2.007,301 1 177 3 200 210
phenylalanine,0,aspartic,9,14,4,3,7.32,9.357,-0.339,19.0,63.1,0.0,0.0,1.546,3.746,340 45 138 282 208 129 136 167
phenylalanine,0,aspartic,9,14,4,4,7.32,9.357,-0.339,19.0,63.1,0.0,0.0,1.626,2.136,337 32 69 305 276 109 132 221 205 167
phenylalanine,0,aspartic,9,14,5,1,7.32,9.209,-0.339,9.2,68.7,6.386,0.0,2.895,1.375,249 0 180 0
phenylalanine,0,aspartic,9,14,5,2,7.32,9.209,-0.339,9.2,68.7,2.6045,0.0,2.742,1.353,250 0 180 0 156 111
phenylalanine,0,aspartic,9,14,5,3,7.32,9.209,-0.339,9.2,68.7,0.0,0.0,2.548,3.813,206 39 146 314 194 116 154 182
phenylalanine,0,aspartic,9,14,5,4,7.32,9.209,-0.339,9.2,68.7,0.0,0.0,2.472,4.784,168 347 262 50 81 275 246 148 164 192
phenylalanine,0,serine,8,12,3,1,5.864,7.842,0.632,63.0,21.2,1.1504,0.0,2.561,3.52,61 9 139 107
phenylalanine,0,serine,8,12,3,2,5.864,7.842,0.632,63.0,21.2,0.2756,0.0,3.27,2.947,85 57 77 154 8 156
phenylalanine,0,serine,8,12,3,3,5.864,7.842,0.632,63.0,21.2,0.0,0.0,2.447,3.738,57 315 296 151 292 223 352 332
phenylalanine,0,serine,8,12,3,4,5.864,7.842,0.632,63.0,21.2,0.0,0.0,2.104,3.653,30 360 324 38 60 260 242 92 119 211
phenylalanine,0,serine,8,12,4,1,5.864,5.589,0.632,56.8,117.5,0.1752,0.0,2.701,2.87,60 50 122 355
phenylalanine,0,serine,8,12,4,2,5.864,5.589,0.632,56.8,117.5,0.0,0.0,3.27,2.999,116 223 270 85 114 298
phenylalanine,0,serine,8,12,4,3,5.864,5.589,0.632,56.8,117.5,0.0,0.0,2.845,3.054,26 286 357 65 87 311 161 46
phenylalanine,0,serine,8,12,4,4,5.864,5.589,0.632,56.8,117.5,0.0,0.0,2.225,2.916,11 3 330 55 73 272 251 72 108 216
phenylalanine,0,serine,8,12,5,1,5.864,6.126,0.632,74.4,94.9,0.0,0.0,2.623,4.876,2 57 184 336
phenylalanine,0,serine,8,12,5,2,5.864,6.126,0.632,74.4,94.9,0.0,0.0,2.591,5.208,3 251 305 90 158 290
phenylalanine,0,serine,8,12,5,3,5.864,6.126,0.632,74.4,94.9,0.0,0.0,2.818,4.624,2 276 22 21 113 15 76 44
phenylalanine,0,serine,8,12,5,4,5.864,6.126,0.632,74.4,94.9,0.0,0.0,2.125,4.124,4 342 335 80 78 236 270 49 113 292
phenylalanine,0,serine,8,13,3,1,5.864,6.695,0.632,106.4,31.8,0.6981,0.0,2.437,2.447,313 196 26 129
phenylalanine,0,serine,8,13,3,2,5.864,6.695,0.632,106.4,31.8,0.1322,0.0,2.827,2.737,276 193 71 134 8 103
phenylalanine,0,serine,8,13,3,3,5.864,6.695,0.632,106.4,31.8,0.0,0.0,2.827,1.253,61 351 40 283 297 126 75 213
phenylalanine,0,serine,8,13,3,4,5.864,6.695,0.632,106.4,31.8,0.0,0.0,1.773,2.692,307 16 71 25 350 71 104 310 237 125
phenylalanine,0,serine,8,13,4,1,5.864,4.213,0.632,108.6,138.5,0.4697,0.0,2.564,2.661,305 283 355 358
phenylalanine,0,serine,8,13,4,2,5.864,4.213,0.632,108.6,138.5,0.0,0.0,2.827,2.828,252 278 360 347 220 320
phenylalanine,0,serine,8,13,4,3,5.864,4.213,0.632,108.6,138.5,0.0,0.0,2.827,1.249,92 20 27 286 285 51 102 248
phenylalanine,0,serine,8,13,4,4,5.864,4.213,0.632,108.6,138.5,0.0,0.0,2.093,2.571,302 6 61 32 24 75 93 330 214 70
phenylalanine,0,serine,8,13,5,1,5.864,5.713,0.632,89.5,72.6,0.0,0.0,2.58,2.733,304 292 337 274
phenylalanine,0,serine,8,13,5,2,5.864,5.713,0.632,89.5,72.6,0.0,0.0,2.827,2.828,254 169 76 293 258 66
phenylalanine,0,serine,8,13,5,3,5.864,5.713,0.632,89.5,72.6,0.0,0.0,2.827,2.828,237 260 45 33 88 311 281 149
phenylalanine,0,serine,8,13,5,4,5.864,5.713,0.632,89.5,72.6,0.0,0.0,2.526,2.828,213 281 344 133 71 24 103 341 359 103
phenylalanine,0,serine,8,14,3,1,5.864,8.591,0.632,28.1,21.5,4.0039,0.0,2.832,2.537,304 0 180 0
phenylalanine,0,serine,8,14,3,2,5.864,8.591,0.632,28.1,21.5,0.6367,0.0,2.895,1.291,287 360 192 323 234 194
phenylalanine,0,serine,8,14,3,3,5.864,8.591,0.632,28.1,21.5,0.0,0.0,2.895,0.738,280 349 156 351 245 129 39 144
phenylalanine,0,serine,8,14,3,4,5.864,8.591,0.632,28.1,21.5,0.0,0.0,2.895,0.601,297 27 81 301 275 122 128 239 238 166
phenylalanine,0,serine,8,14,4,1,5.864,6.22,0.632,27.9,124.1,2.6633,0.0,2.895,1.701,292 0 180 0
phenylalanine,0,serine,8,14,4,2,5.864,6.22,0.632,27.9,124.1,0.0,0.0,2.884,0.546,280 77 104 320 204 85
phenylalanine,0,serine,8,14,4,3,5.864,6.22,0.632,27.9,124.1,0.0,0.0,1.418,1.316,347 42 64 300 273 78 123 223
phenylalanine,0,serine,8,14,4,4,5.864,6.22,0.632,27.9,124.1,0.0,0.0,1.692,0.375,339 15 51 307 280 97 121 255 230 156
phenylalanine,0,serine,8,14,5,1,5.864,7.343,0.632,17.4,78.3,4.2557,0.0,1.776,4.405,335 360 180 360
phenylalanine,0,serine,8,14,5,2,5.864,7.343,0.632,17.4,78.3,0.567,0.0,0.946,4.554,351 0 179 1 149 91
phenylalanine,0,serine,8,14,5,3,5.864,7.343,0.632,17.4,78.3,0.0,0.0,2.895,3.691,206 13 162 8 158 43 201 194
phenylalanine,0,serine,8,14,5,4,5.864,7.343,0.632,17.4,78.3,0.0,0.0,1.849,4.784,41 22 66 331 290 68 107 244 217 158
aspartic,9,aspartic,13,3,3,1,10.075,9.609,-0.272,140.6,61.2,2.32,0.0,0.958,1.023,25 209 180 180
aspartic,9,aspartic,13,3,3,2,10.075,9.609,-0.272,140.6,61.2,0.0,0.0,1.296,2.534,310 146 188 110 337 207
aspartic,9,aspartic,13,3,3,3,10.075,9.609,-0.272,140.6,61.2,0.0,0.0,2.554,1.097,34 128 217 184 87 244 358 241
aspartic,9,aspartic,13,3,3,4,10.075,9.609,-0.272,140.6,61.2,0.0,0.0,2.639,3.503,226 213 154 219 238 128 144 337 66 184
aspartic,9,aspartic,13,3,4,1,10.075,9.996,-0.272,126.2,44.7,2.7474,0.0,1.91,0.546,37 234 189 186
aspartic,9,aspartic,13,3,4,2,10.075,9.996,-0.272,126.2,44.7,0.2377,0.0,0.614,1.235,313 83 200 192 73 147
aspartic,9,aspartic,13,3,4,3,10.075,9.996,-0.272,126.2,44.7,0.0,0.0,1.666,1.573,12 334 111 258 118 260 357 288
aspartic,9,aspartic,13,3,4,4,10.075,9.996,-0.272,126.2,44.7,0.0,0.0,2.823,1.559,92 243 173 179 58 100 347 252 270 148
aspartic,9,aspartic,13,3,5,1,10.075,9.037,-0.272,132.9,82.7,1.7503,0.0,1.454,1.28,340 135 181 181
aspartic,9,aspartic,13,3,5,2,10.075,9.037,-0.272,132.9,82.7,0.0,0.0,2.221,1.137,4 31 273 151 167 274
aspartic,9,aspartic,13,3,5,3,10.075,9.037,-0.272,132.9,82.7,0.0,0.0,2.868,2.175,115 216 226 77 85 251 200 131
aspartic,9,aspartic,13,3,5,4,10.075,9.037,-0.272,132.9,82.7,0.0,0.0,2.451,2.457,315 148 263 330 118 57 115 341 108 133
aspartic,9,aspartic,13,4,3,1,10.075,11.806,-0.272,47.7,55.9,5.624,0.0,2.684,0.789,273 0 155 83
aspartic,9,aspartic,13,4,3,2,10.075,11.806,-0.272,47.7,55.9,2.068,0.0,1.631,0.976,273 0 220 269 181 181
aspartic,9,aspartic,13,4,3,3,10.075,11.806,-0.272,47.7,55.9,0.0,0.0,1.322,1.15,281 349 130 53 194 152 87 135
aspartic,9,aspartic,13,4,3,4,10.075,11.806,-0.272,47.7,55.9,0.0,0.0,2.153,2.287,294 32 69 300 282 139 151 230 221 168
aspartic,9,aspartic,13,4,4,1,10.075,11.962,-0.272,46.7,49.1,5.8339,0.0,2.684,1.129,290 360 205 279
aspartic,9,aspartic,13,4,4,2,10.075,11.962,-0.272,46.7,49.1,2.2684,0.0,1.814,1.295,290 360 141 89 180 180
aspartic,9,aspartic,13,4,4,3,10.075,11.962,-0.272,46.7,49.1,0.0821,0.0,1.648,1.273,297 6 225 265 213 200 285 212
aspartic,9,aspartic,13,4,4,4,10.075,11.962,-0.272,46.7,49.1,0.0,0.0,1.495,1.902,7 38 104 253 242 149 166 201 212 183
aspartic,9,aspartic,13,4,5,1,10.075,10.903,-0.272,56.6,90.4,4.3477,0.0,2.684,1.472,281 2 207 248
aspartic,9,aspartic,13,4,5,2,10.075,10.903,-0.272,56.6,90.4,0.7292,0.0,2.204,1.259,281 1 141 103 188 185
aspartic,9,aspartic,13,4,5,3,10.075,10.903,-0.272,56.6,90.4,0.0,0.0,1.227,2.185,336 10 99 305 262 143 149 159
aspartic,9,aspartic,13,4,5,4,10.075,10.903,-0.272,56.6,90.4,0.0,0.0,2.141,2.286,302 25 61 306 283 130 147 247 232 162
aspartic,9,aspartic,13,5,3,1,10.075,11.632,-0.272,55.3,61.0,5.0616,0.0,2.632,3.609,82 1 206 251
aspartic,9,aspartic,13,5,3,2,10.075,11.632,-0.272,55.3,61.0,1.4984,0.0,1.363,3.194,84 359 138 107 175 177
aspartic,9,aspartic,13,5,3,3,10.075,11.632,-0.272,55.3,61.0,0.0,0.0,1.536,4.037,46 75 125 157 55 155 262 256
aspartic,9,aspartic,13,5,3,4,10.075,11.632,-0.272,55.3,61.0,0.0,0.0,1.386,4.087,40 342 304 52 74 233 214 141 155 193
aspartic,9,aspartic,13,5,4,1,10.075,11.845,-0.272,52.0,52.1,5.4262,0.0,2.189,3.248,68 360 154 98
aspartic,9,aspartic,13,5,4,2,10.075,11.845,-0.272,52.0,52.1,1.8743,0.0,1.327,2.772,67 0 221 260 183 182
aspartic,9,aspartic,13,5,4,3,10.075,11.845,-0.272,52.0,52.1,0.0,0.0,0.994,2.49,84 319 148 124 113 129 104 142
aspartic,9,aspartic,13,5,4,4,10.075,11.845,-0.272,52.0,52.1,0.0,0.0,1.247,2.718,350 336 281 85 93 220 202 163 162 183
aspartic,9,aspartic,13,5,5,1,10.075,11.2,-0.272,43.4,77.6,5.3464,0.0,2.587,2.919,81 359 202 297
aspartic,9,aspartic,13,5,5,2,10.075,11.2,-0.272,43.4,77.6,1.7405,0.0,1.218,2.112,79 0 143 78 184 182
aspartic,9,aspartic,13,5,5,3,10.075,11.2,-0.272,43.4,77.6,0.0,0.0,1.682,0.796,111 317 235 35 103 220 218 183
aspartic,9,aspartic,13,5,5,4,10.075,11.2,-0.272,43.4,77.6,0.0,0.0,2.222,1.982,82 317 280 63 91 222 206 112 123 194
aspartic,9,glutamic,1,3,5,1,5.384,7.043,-0.84,52.0,57.8,0.8736,0.0,0.478,1.763,61 0 165 47
aspartic,9,glutamic,1,3,5,2,5.384,7.043,-0.84,52.0,57.8,0.0,0.0,0.967,0.792,59 263 304 63 77 234
aspartic,9,glutamic,1,3,5,3,5.384,7.043,-0.84,52.0,57.8,0.0,0.0,1.405,0.582,359 339 305 51 83 277 241 146
aspartic,9,glutamic,1,3,5,4,5.384,7.043,-0.84,52.0,57.8,0.0,0.0,1.661,0.663,5 357 325 39 63 271 244 108 137 205
aspartic,9,glutamic,1,3,6,1,5.384,6.296,-0.84,54.9,85.5,0.0559,0.0,2.026,0.513,36 0 193 318
aspartic,9,glutamic,1,3,6,2,5.384,6.296,-0.84,54.9,85.5,0.0,0.0,2.044,0.772,3 279 259 33 230 302
aspartic,9,glutamic,1,3,6,3,5.384,6.296,-0.84,54.9,85.5,0.0,0.0,2.049,0.741,350 269 350 89 91 284 157 58
aspartic,9,glutamic,1,3,6,4,5.384,6.296,-0.84,54.9,85.5,0.0,0.0,1.736,0.626,6 0 327 31 52 281 258 72 113 220
aspartic,9,glutamic,1,3,7,1,5.384,7.52,-0.84,37.5,36.8,2.326,0.0,1.596,0.689,42 0 178 3
aspartic,9,glutamic,1,3,7,2,5.384,7.52,-0.84,37.5,36.8,0.5279,0.0,1.401,0.629,357 346 220 318 270 249
aspartic,9,glutamic,1,3,7,3,5.384,7.52,-0.84,37.5,36.8,0.0,0.0,1.75,1.059,312 350 224 47 125 275 329 176
aspartic,9,glutamic,1,3,7,4,5.384,7.52,-0.84,37.5,36.8,0.0,0.0,2.868,3.503,145 302 229 83 114 219 240 135 100 185
aspartic,9,glutamic,1,4,5,1,5.384,5.513,-0.84,110.6,61.1,0.1363,0.0,0.816,3.689,318 230 9 74
aspartic,9,glutamic,1,4,5,2,5.384,5.513,-0.84,110.6,61.1,0.0,0.0,1.473,4.171,249 163 109 353 205 359
aspartic,9,glutamic,1,4,5,3,5.384,5.513,-0.84,110.6,61.1,0.0,0.0,1.272,3.045,251 336 320 70 72 312 296 85
aspartic,9,glutamic,1,4,5,4,5.384,5.513,-0.84,110.6,61.1,0.0,0.0,1.473,4.106,51 320 354 338 325 62 93 303 238 120
aspartic,9,glutamic,1,4,6,1,5.384,5.485,-0.84,84.8,62.2,0.3867,0.0,0.794,2.34,317 315 314 315
aspartic,9,glutamic,1,4,6,2,5.384,5.485,-0.84,84.8,62.2,0.0,0.0,0.836,1.66,317 265 309 278 330 15
aspartic,9,glutamic,1,4,6,3,5.384,5.485,-0.84,84.8,62.2,0.0,0.0,1.473,0.409,64 40 109 38 70 61 92 119
aspartic,9,glutamic,1,4,6,4,5.384,5.485,-0.84,84.8,62.2,0.0,0.0,0.722,0.736,23 290 306 21 56 92 98 340 160 350
aspartic,9,glutamic,1,4,7,1,5.384,5.999,-0.84,97.3,41.5,0.4882,0.0,1.473,3.736,30 85 1 96
aspartic,9,glutamic,1,4,7,2,5.384,5.999,-0.84,97.3,41.5,0.0,0.0,1.473,4.449,61 127 357 220 325 271
aspartic,9,glutamic,1,4,7,3,5.384,5.999,-0.84,97.3,41.5,0.0,0.0,1.473,4.449,62 43 326 173 110 335 180 319
aspartic,9,glutamic,1,4,7,4,5.384,5.999,-0.84,97.3,41.5,0.0,0.0,1.473,2.542,276 45 270 64 123 183 307 141 39 290
aspartic,9,glutamic,1,5,5,1,5.384,7.395,-0.84,35.8,46.3,2.3939,0.0,2.636,4.173,299 0 180 1
aspartic,9,glutamic,1,5,5,2,5.384,7.395,-0.84,35.8,46.3,0.1937,0.0,2.698,5.371,259 346 220 317 267 248
aspartic,9,glutamic,1,5,5,3,5.384,7.395,-0.84,35.8,46.3,0.0,0.0,2.59,5.232,266 63 80 294 290 95 121 231
aspartic,9,glutamic,1,5,5,4,5.384,7.395,-0.84,35.8,46.3,0.0,0.0,2.471,3.539,318 21 57 302 277 107 129 261 239 156
aspartic,9,glutamic,1,5,6,1,5.384,6.703,-0.84,37.1,73.3,1.8635,0.0,2.06,1.903,332 0 179 1
aspartic,9,glutamic,1,5,6,2,5.384,6.703,-0.84,37.1,73.3,0.0,0.0,2.153,0.434,347 75 106 294 209 106
aspartic,9,glutamic,1,5,6,3,5.384,6.703,-0.84,37.1,73.3,0.0,0.0,1.823,0.789,39 27 66 322 278 51 99 217
aspartic,9,glutamic,1,5,6,4,5.384,6.703,-0.84,37.1,73.3,0.0,0.0,2.696,0.538,346 271 346 40 2 105 124 289 259 135
aspartic,9,glutamic,1,5,7,1,5.384,7.185,-0.84,52.7,55.1,0.9507,0.0,2.495,2.878,313 0 163 54
aspartic,9,glutamic,1,5,7,2,5.384,7.185,-0.84,52.7,55.1,0.0,0.0,1.71,2.269,354 48 88 295 255 142
aspartic,9,glutamic,1,5,7,3,5.384,7.185,-0.84,52.7,55.1,0.0,0.0,1.476,2.85,15 31 49 302 270 91 144 225
aspartic,9,glutamic,1,5,7,4,5.384,7.185,-0.84,52.7,55.1,0.0,0.0,2.27,3.068,334 9 42 315 292 95 118 277 245 148
aspartic,9,isoleucine,6,3,4,1,3.879,3.96,0.282,153.4,11.1,1.9066,0.0,1.744,3.503,237 38 343 354
aspartic,9,isoleucine,6,3,4,2,3.879,3.96,0.282,153.4,11.1,0.5934,0.0,1.37,3.503,292 37 358 263 291 359
aspartic,9,isoleucine,6,3,4,3,3.879,3.96,0.282,153.4,11.1,0.0,0.0,2.036,0.86,27 254 136 238 313 15 134 319
aspartic,9,isoleucine,6,3,4,4,3.879,3.96,0.282,153.4,11.1,0.0,0.0,1.188,2.108,292 167 153 257 315 115 78 294 242 89
aspartic,9,isoleucine,6,3,5,1,3.879,2.222,0.282,171.7,80.3,3.1316,0.0,2.576,0.652,52 347 7 1
aspartic,9,isoleucine,6,3,5,2,3.879,2.222,0.282,171.7,80.3,1.7927,0.0,1.327,0.501,350 354 359 300 258 359
aspartic,9,isoleucine,6,3,5,3,3.879,2.222,0.282,171.7,80.3,0.0,0.0,1.524,1.659,269 4 305 271 287 29 177 348
aspartic,9,isoleucine,6,3,5,4,3.879,2.222,0.282,171.7,80.3,0.0,0.0,2.041,1.56,353 39 45 53 39 273 277 74 145 276
aspartic,9,isoleucine,6,3,6,1,3.879,2.915,0.282,128.8,58.2,2.1336,0.0,2.86,3.503,138 320 356 357
aspartic,9,isoleucine,6,3,6,2,3.879,2.915,0.282,128.8,58.2,1.1433,0.0,2.86,1.862,85 312 355 304 254 358
aspartic,9,isoleucine,6,3,6,3,3.879,2.915,0.282,128.8,58.2,0.0,0.0,0.999,3.503,239 75 10 151 359 98 58 35
aspartic,9,isoleucine,6,3,6,4,3.879,2.915,0.282,128.8,58.2,0.0,0.0,2.86,2.431,113 268 281 124 82 288 273 44 145 277
aspartic,9,isoleucine,6,4,4,1,3.879,6.105,0.282,54.9,4.3,1.4658,0.0,2.684,4.449,218 287 274 340
aspartic,9,isoleucine,6,4,4,2,3.879,6.105,0.282,54.9,4.3,0.5177,0.0,2.684,4.449,210 253 317 196 354 283
aspartic,9,isoleucine,6,4,4,3,3.879,6.105,0.282,54.9,4.3,0.0,0.0,2.684,2.456,276 26 69 174 33 128 10 103
aspartic,9,isoleucine,6,4,4,4,3.879,6.105,0.282,54.9,4.3,0.0,0.0,2.684,2.338,299 334 66 320 280 107 88 239 273 184
aspartic,9,isoleucine,6,4,5,1,3.879,4.468,0.282,52.7,84.5,1.4001,0.0,2.684,2.15,246 76 80 4
aspartic,9,isoleucine,6,4,5,2,3.879,4.468,0.282,52.7,84.5,0.0,0.0,2.684,1.666,299 141 344 355 222 307
aspartic,9,isoleucine,6,4,5,3,3.879,4.468,0.282,52.7,84.5,0.0,0.0,1.403,1.647,329 55 33 276 267 72 161 261
aspartic,9,isoleucine,6,4,5,4,3.879,4.468,0.282,52.7,84.5,0.0,0.0,1.274,2.04,342 353 35 303 271 90 116 261 237 158
aspartic,9,isoleucine,6,4,6,1,3.879,4.235,0.282,72.7,93.1,0.5918,0.0,2.684,4.449,214 221 332 360
aspartic,9,isoleucine,6,4,6,2,3.879,4.235,0.282,72.7,93.1,0.0,0.0,2.684,3.59,270 109 25 276 257 16
aspartic,9,isoleucine,6,4,6,3,3.879,4.235,0.282,72.7,93.1,0.0,0.0,2.119,2.604,341 192 297 323 194 5 229 270
aspartic,9,isoleucine,6,4,6,4,3.879,4.235,0.282,72.7,93.1,0.0,0.0,1.557,2.676,337 347 29 317 279 71 105 260 234 160
aspartic,9,isoleucine,6,5,4,1,3.879,5.564,0.282,74.9,23.9,0.9311,0.0,1.47,5.066,130 218 341 313
aspartic,9,isoleucine,6,5,4,2,3.879,5.564,0.282,74.9,23.9,0.0831,0.0,1.772,5.004,91 190 17 173 1 67
aspartic,9,isoleucine,6,5,4,3,3.879,5.564,0.282,74.9,23.9,0.0,0.0,1.678,4.422,58 320 345 65 47 297 263 110
aspartic,9,isoleucine,6,5,4,4,3.879,5.564,0.282,74.9,23.9,0.0,0.0,0.616,4.764,79 28 272 96 7 150 37 120 28 348
aspartic,9,isoleucine,6,5,5,1,3.879,4.544,0.282,49.8,67.8,1.8957,0.0,0.777,3.763,106 284 286 352
aspartic,9,isoleucine,6,5,5,2,3.879,4.544,0.282,49.8,67.8,0.102,0.0,1.468,2.487,62 281 301 325 248 332
aspartic,9,isoleucine,6,5,5,3,3.879,4.544,0.282,49.8,67.8,0.0,0.0,1.674,2.154,14 306 292 79 99 293 245 133
aspartic,9,isoleucine,6,5,5,4,3.879,4.544,0.282,49.8,67.8,0.0,0.0,1.114,2.261,356 355 314 49 80 282 256 106 133 204
aspartic,9,isoleucine,6,5,6,1,3.879,4.442,0.282,65.5,71.4,0.9389,0.0,2.899,5.371,157 104 46 7
aspartic,9,isoleucine,6,5,6,2,3.879,4.442,0.282,65.5,71.4,0.0,0.0,2.899,5.371,178 128 20 230 321 354
aspartic,9,isoleucine,6,5,6,3,3.879,4.442,0.282,65.5,71.4,0.0,0.0,2.251,5.371,133 240 39 99 35 356 159 329
aspartic,9,isoleucine,6,5,6,4,3.879,4.442,0.282,65.5,71.4,0.0,0.0,2.899,3.765,226 319 251 70 68 275 257 69 111 222
aspartic,9,leucine,0,3,1,1,10.241,11.684,0.052,89.3,5.0,4.4747,0.0,1.968,1.135,23 304 178 179
aspartic,9,leucine,0,3,1,2,10.241,11.684,0.052,89.3,5.0,1.2906,0.0,2.335,0.609,24 277 182 181 119 147
aspartic,9,leucine,0,3,1,3,10.241,11.684,0.052,89.3,5.0,0.4661,0.0,2.715,1.069,20 243 195 190 118 147 5 175
aspartic,9,leucine,0,3,1,4,10.241,11.684,0.052,89.3,5.0,0.0,0.0,2.265,1.521,14 276 101 175 167 98 40 175 36 143
aspartic,9,leucine,0,3,2,1,10.241,9.656,0.052,92.5,105.1,2.3981,0.0,1.986,0.953,20 298 174 176
aspartic,9,leucine,0,3,2,2,10.241,9.656,0.052,92.5,105.1,0.0,0.0,2.037,1.096,28 315 145 55 318 155
aspartic,9,leucine,0,3,2,3,10.241,9.656,0.052,92.5,105.1,0.0,0.0,2.868,0.364,78 294 168 42 80 18 327 197
aspartic,9,leucine,0,3,2,4,10.241,9.656,0.052,92.5,105.1,0.0,0.0,1.432,2.509,332 29 72 341 308 103 129 280 251 150
aspartic,9,leucine,0,3,13,1,10.241,9.799,0.052,93.4,99.4,2.5426,0.0,2.048,0.722,330 64 187 184
aspartic,9,leucine,0,3,13,2,10.241,9.799,0.052,93.4,99.4,0.0,0.0,2.73,0.589,55 320 173 253 197 186
aspartic,9,leucine,0,3,13,3,10.241,9.799,0.052,93.4,99.4,0.0,0.0,1.477,0.689,344 19 243 85 332 71 29 348
aspartic,9,leucine,0,3,13,4,10.241,9.799,0.052,93.4,99.4,0.0,0.0,2.72,0.754,286 103 152 251 275 30 253 288 329 10
aspartic,9,leucine,0,4,1,1,10.241,12.753,0.052,47.1,5.8,6.6037,0.0,1.351,1.473,336 0 206 273
aspartic,9,leucine,0,4,1,2,10.241,12.753,0.052,47.1,5.8,3.069,0.0,1.35,0.656,336 1 143 90 187 184
aspartic,9,leucine,0,4,1,3,10.241,12.753,0.052,47.1,5.8,0.7362,0.0,0.668,1.062,342 3 220 231 193 188 73 149
aspartic,9,leucine,0,4,1,4,10.241,12.753,0.052,47.1,5.8,0.0037,0.0,0.935,1.07,351 4 209 203 202 197 86 145 4 181
aspartic,9,leucine,0,4,2,1,10.241,10.984,0.052,39.0,95.4,5.4445,0.0,1.498,1.065,331 1 161 47
aspartic,9,leucine,0,4,2,2,10.241,10.984,0.052,39.0,95.4,1.7982,0.0,1.444,0.618,333 360 214 291 180 180
aspartic,9,leucine,0,4,2,3,10.241,10.984,0.052,39.0,95.4,0.0,0.0,1.466,0.444,323 54 100 308 267 138 162 187
aspartic,9,leucine,0,4,2,4,10.241,10.984,0.052,39.0,95.4,0.0,0.0,2.1,0.468,298 55 87 297 272 132 153 233 219 166
aspartic,9,leucine,0,4,13,1,10.241,10.895,0.052,51.2,98.8,4.5693,0.0,1.63,1.288,327 360 154 92
aspartic,9,leucine,0,4,13,2,10.241,10.895,0.052,51.2,98.8,0.992,0.0,1.648,0.673,327 360 220 265 180 180
aspartic,9,leucine,0,4,13,3,10.241,10.895,0.052,51.2,98.8,0.0,0.0,1.298,1.329,330 47 82 322 279 123 155 200
aspartic,9,leucine,0,4,13,4,10.241,10.895,0.052,51.2,98.8,0.0,0.0,2.167,0.46,296 54 87 301 274 130 152 249 232 163
aspartic,9,leucine,0,5,1,1,10.241,12.465,0.052,59.6,10.7,5.7203,0.0,1.308,2.638,28 359 154 125
aspartic,9,leucine,0,5,1,2,10.241,12.465,0.052,59.6,10.7,2.1017,0.0,1.308,2.731,28 359 219 244 177 178
aspartic,9,leucine,0,5,1,3,10.241,12.465,0.052,59.6,10.7,0.5197,0.0,1.274,3.223,41 328 146 157 147 155 322 200
aspartic,9,leucine,0,5,1,4,10.241,12.465,0.052,59.6,10.7,0.0,0.0,1.818,1.387,343 21 185 210 102 181 242 231 334 243
aspartic,9,leucine,0,5,2,1,10.241,10.427,0.052,63.5,106.7,3.5524,0.0,1.347,3.44,32 2 206 229
aspartic,9,leucine,0,5,2,2,10.241,10.427,0.052,63.5,106.7,0.0699,0.0,1.519,2.863,48 351 131 128 153 160
aspartic,9,leucine,0,5,2,3,10.241,10.427,0.052,63.5,106.7,0.0,0.0,1.624,1.97,44 315 278 27 64 255 221 145
aspartic,9,leucine,0,5,2,4,10.241,10.427,0.052,63.5,106.7,0.0,0.0,1.607,1.797,52 320 285 46 72 241 218 102 124 202
aspartic,9,leucine,0,5,13,1,10.241,10.907,0.052,50.7,88.2,4.6253,0.0,1.343,2.658,33 359 205 275
aspartic,9,leucine,0,5,13,2,10.241,10.907,0.052,50.7,88.2,1.0331,0.0,1.329,1.8,31 0 220 265 183 182
aspartic,9,leucine,0,5,13,3,10.241,10.907,0.052,50.7,88.2,0.0,0.0,1.71,0.6,27 320 274 37 81 237 210 167
aspartic,9,leucine,0,5,13,4,10.241,10.907,0.052,50.7,88.2,0.0,0.0,1.573,1.841,46 319 285 50 76 236 213 118 136 198
aspartic,9,serine,13,3,3,1,10.225,10.145,0.208,53.0,123.2,3.7661,0.0,1.286,1.581,344 0 153 91
aspartic,9,serine,13,3,3,2,10.225,10.145,0.208,53.0,123.2,0.3032,0.0,1.245,1.819,333 2 230 262 191 189
aspartic,9,serine,13,3,3,3,10.225,10.145,0.208,53.0,123.2,0.0,0.0,2.656,0.416,50 299 185 2 156 204 90 26
aspartic,9,serine,13,3,3,4,10.225,10.145,0.208,53.0,123.2,0.0,0.0,1.686,1.626,357 13 57 335 300 100 127 234 219 165
aspartic,9,serine,13,3,4,1,10.225,10.992,0.208,47.6,88.5,4.8653,0.0,1.576,0.891,0 359 204 283
aspartic,9,serine,13,3,4,2,10.225,10.992,0.208,47.6,88.5,1.3274,0.0,1.497,0.329,356 2 220 269 193 188
aspartic,9,serine,13,3,4,3,10.225,10.992,0.208,47.6,88.5,0.0,0.0,2.504,0.483,27 14 113 190 66 291 89 177
aspartic,9,serine,13,3,4,4,10.225,10.992,0.208,47.6,88.5,0.0,0.0,1.916,1.649,350 36 92 309 255 117 149 286 284 174
aspartic,9,serine,13,3,5,1,10.225,12.494,0.208,53.5,18.8,6.006,0.0,1.349,1.529,349 360 154 105
aspartic,9,serine,13,3,5,2,10.225,12.494,0.208,53.5,18.8,2.4221,0.0,1.35,0.967,349 360 220 257 179 179
aspartic,9,serine,13,3,5,3,10.225,12.494,0.208,53.5,18.8,0.4798,0.0,1.255,2.913,332 1 141 122 184 183 296 208
aspartic,9,serine,13,3,5,4,10.225,12.494,0.208,53.5,18.8,0.0,0.0,1.392,2.512,351 330 128 66 188 117 131 160 320 180
aspartic,9,serine,13,4,3,1,10.225,10.072,0.208,56.1,117.5,3.5333,0.0,1.157,1.229,19 359 206 261
aspartic,9,serine,13,4,3,2,10.225,10.072,0.208,56.1,117.5,0.0,0.0,1.212,1.223,11 17 208 250 194 181
aspartic,9,serine,13,4,3,3,10.225,10.072,0.208,56.1,117.5,0.0,0.0,1.383,1.583,341 349 282 29 92 252 224 178
aspartic,9,serine,13,4,3,4,10.225,10.072,0.208,56.1,117.5,0.0,0.0,1.115,3.486,25 333 295 36 66 251 223 115 135 199
aspartic,9,serine,13,4,4,1,10.225,10.459,0.208,69.4,101.3,3.4634,0.0,0.994,1.796,8 7 205 209
aspartic,9,serine,13,4,4,2,10.225,10.459,0.208,69.4,101.3,0.0,0.0,1.431,1.786,359 44 190 229 176 153
aspartic,9,serine,13,4,4,3,10.225,10.459,0.208,69.4,101.3,0.0,0.0,1.113,2.582,357 339 294 22 65 260 222 155
aspartic,9,serine,13,4,4,4,10.225,10.459,0.208,69.4,101.3,0.0,0.0,1.031,3.205,20 336 298 30 61 249 220 108 129 200
aspartic,9,serine,13,4,5,1,10.225,12.309,0.208,61.2,17.8,5.4752,0.0,1.087,1.576,16 0 204 231
aspartic,9,serine,13,4,5,2,10.225,12.309,0.208,61.2,17.8,1.8784,0.0,1.077,0.84,16 360 140 120 179 180
aspartic,9,serine,13,4,5,3,10.225,12.309,0.208,61.2,17.8,0.3968,0.0,1.665,3.065,34 2 216 223 189 185 39 160
aspartic,9,serine,13,4,5,4,10.225,12.309,0.208,61.2,17.8,0.0,0.0,1.582,3.496,11 37 211 333 123 197 268 233 9 153
aspartic,9,serine,13,5,3,1,10.225,9.477,0.208,78.9,131.7,2.3694,0.0,1.987,2.019,338 26 201 194
aspartic,9,serine,13,5,3,2,10.225,9.477,0.208,78.9,131.7,0.0,0.0,1.302,0.867,27 357 112 28 317 166
aspartic,9,serine,13,5,3,3,10.225,9.477,0.208,78.9,131.7,0.0,0.0,2.584,3.04,355 223 276 10 320 34 71 235
aspartic,9,serine,13,5,3,4,10.225,9.477,0.208,78.9,131.7,0.0,0.0,1.755,3.02,5 345 40 2 312 94 123 250 261 172
aspartic,9,serine,13,5,4,1,10.225,10.411,0.208,71.3,91.3,3.2058,0.0,2.032,1.568,348 357 168 166
aspartic,9,serine,13,5,4,2,10.225,10.411,0.208,71.3,91.3,0.0,0.0,1.803,0.646,344 34 106 101 237 183
aspartic,9,serine,13,5,4,3,10.225,10.411,0.208,71.3,91.3,0.0,0.0,1.657,2.543,359 2 78 21 300 57 89 185
aspartic,9,serine,13,5,4,4,10.225,10.411,0.208,71.3,91.3,0.0,0.0,1.729,2.941,354 6 47 340 307 103 134 245 224 161
aspartic,9,serine,13,5,5,1,10.225,11.893,0.208,77.2,27.3,4.7352,0.0,1.92,1.628,343 18 188 185
aspartic,9,serine,13,5,5,2,10.225,11.893,0.208,77.2,27.3,1.1879,0.0,2.04,2.278,335 30 215 203 211 204
aspartic,9,serine,13,5,5,3,10.225,11.893,0.208,77.2,27.3,0.089,0.0,2.591,3.881,321 78 203 193 224 211 15 170
aspartic,9,serine,13,5,5,4,10.225,11.893,0.208,77.2,27.3,0.0,0.0,2.899,3.74,295 89 193 252 164 292 26 90 11 112
aspartic,9,tryptophan,4,3,16,1,7.956,9.332,0.559,36.3,83.7,4.0002,0.0,1.246,2.147,334 360 175 14
aspartic,9,tryptophan,4,3,16,2,7.956,9.332,0.559,36.3,83.7,0.5184,0.0,1.245,1.315,340 358 208 315 156 164
aspartic,9,tryptophan,4,3,16,3,7.956,9.332,0.559,36.3,83.7,0.0,0.0,1.937,1.61,352 34 85 313 267 110 138 193
aspartic,9,tryptophan,4,3,16,4,7.956,9.332,0.559,36.3,83.7,0.0,0.0,1.468,3.106,318 37 72 308 280 114 138 241 222 162
aspartic,9,tryptophan,4,3,17,1,7.956,7.88,0.559,23.3,155.2,4.04,0.0,1.253,1.74,341 360 181 359
aspartic,9,tryptophan,4,3,17,2,7.956,7.88,0.559,23.3,155.2,0.1663,0.0,1.261,1.346,342 359 182 358 160 132
aspartic,9,tryptophan,4,3,17,3,7.956,7.88,0.559,23.3,155.2,0.0,0.0,1.896,3.275,299 62 94 298 257 102 141 208
aspartic,9,tryptophan,4,3,17,4,7.956,7.88,0.559,23.3,155.2,0.0,0.0,2.868,3.503,252 84 98 270 222 112 171 272 242 173
aspartic,9,tryptophan,4,3,18,1,7.956,9.919,0.559,24.2,61.6,5.4745,0.0,1.478,3.253,317 0 178 2
aspartic,9,tryptophan,4,3,18,2,7.956,9.919,0.559,24.2,61.6,1.7596,0.0,1.455,2.86,318 360 194 337 179 180
aspartic,9,tryptophan,4,3,18,3,7.956,9.919,0.559,24.2,61.6,0.0,0.0,2.046,3.503,286 54 125 292 239 137 142 172
aspartic,9,tryptophan,4,3,18,4,7.956,9.919,0.559,24.2,61.6,0.0,0.0,2.392,2.444,351 223 283 73 50 145 167 262 248 159
aspartic,9,tryptophan,4,4,16,1,7.956,8.715,0.559,63.5,68.6,1.7712,0.0,1.731,2.526,37 0 159 121
aspartic,9,tryptophan,4,4,16,2,7.956,8.715,0.559,63.5,68.6,0.0,0.0,0.904,0.281,353 11 196 350 294 208
aspartic,9,tryptophan,4,4,16,3,7.956,8.715,0.559,63.5,68.6,0.0,0.0,2.056,0.39,313 5 269 11 112 351 308 162
aspartic,9,tryptophan,4,4,16,4,7.956,8.715,0.559,63.5,68.6,0.0,0.0,2.171,3.818,64 322 282 46 75 257 237 75 102 211
aspartic,9,tryptophan,4,4,17,1,7.956,6.76,0.559,73.9,172.8,0.5547,0.0,1.27,2.836,31 338 262 244
aspartic,9,tryptophan,4,4,17,2,7.956,6.76,0.559,73.9,172.8,0.0,0.0,1.245,2.308,4 282 296 141 82 247
aspartic,9,tryptophan,4,4,17,3,7.956,6.76,0.559,73.9,172.8,0.0,0.0,1.371,2.531,328 354 318 45 77 287 250 144
aspartic,9,tryptophan,4,4,17,4,7.956,6.76,0.559,73.9,172.8,0.0,0.0,1.041,3.358,11 6 349 38 46 285 265 26 125 257
aspartic,9,tryptophan,4,4,18,1,7.956,8.873,0.559,72.8,62.5,1.5937,0.0,2.176,3.82,48 4 185 185
aspartic,9,tryptophan,4,4,18,2,7.956,8.873,0.559,72.8,62.5,0.0,0.0,2.684,4.449,71 256 288 129 333 196
aspartic,9,tryptophan,4,4,18,3,7.956,8.873,0.559,72.8,62.5,0.0,0.0,1.261,3.526,31 339 315 16 46 277 257 112
aspartic,9,tryptophan,4,4,18,4,7.956,8.873,0.559,72.8,62.5,0.0,0.0,1.455,3.56,27 4 330 30 52 258 236 100 128 208
aspartic,9,tryptophan,4,5,16,1,7.956,7.988,0.559,90.6,76.5,0.7515,0.0,2.428,2.649,14 292 197 190
aspartic,9,tryptophan,4,5,16,2,7.956,7.988,0.559,90.6,76.5,0.0,0.0,1.447,3.719,44 333 103 306 286 136
aspartic,9,tryptophan,4,5,16,3,7.956,7.988,0.559,90.6,76.5,0.0,0.0,2.768,4.139,69 235 226 62 63 263 31 294
aspartic,9,tryptophan,4,5,16,4,7.956,7.988,0.559,90.6,76.5,0.0,0.0,2.899,0.81,275 355 196 344 230 76 154 268 291 142
aspartic,9,tryptophan,4,5,17,1,7.956,6.385,0.559,87.6,152.6,0.0,0.0,2.899,3.667,310 123 47 122
aspartic,9,tryptophan,4,5,17,2,7.956,6.385,0.559,87.6,152.6,0.0,0.0,2.421,2.593,15 135 28 266 197 58
aspartic,9,tryptophan,4,5,17,3,7.956,6.385,0.559,87.6,152.6,0.0,0.0,2.899,3.953,256 303 334 89 101 355 87 298
aspartic,9,tryptophan,4,5,17,4,7.956,6.385,0.559,87.6,152.6,0.0,0.0,2.899,4.471,237 324 17 86 54 5 91 73 221 74
aspartic,9,tryptophan,4,5,18,1,7.956,8.105,0.559,101.7,72.2,0.8243,0.0,2.476,3.942,6 274 188 185
aspartic,9,tryptophan,4,5,18,2,7.956,8.105,0.559,101.7,72.2,0.0,0.0,2.899,5.371,257 134 139 256 288 149
aspartic,9,tryptophan,4,5,18,3,7.956,8.105,0.559,101.7,72.2,0.0,0.0,2.899,5.371,260 322 279 87 191 334 66 30
aspartic,9,tryptophan,4,5,18,4,7.956,8.105,0.559,101.7,72.2,0.0,0.0,2.569,4.388,304 8 56 5 334 92 116 290 249 139
aspartic,9,tyrosine,2,3,8,1,9.861,8.618,-0.859,137.1,82.1,1.3771,0.0,2.405,1.201,353 148 165 170
aspartic,9,tyrosine,2,3,8,2,9.861,8.618,-0.859,137.1,82.1,0.0,0.0,2.214,1.206,47 14 337 157 98 164
aspartic,9,tyrosine,2,3,8,3,9.861,8.618,-0.859,137.1,82.1,0.0,0.0,2.75,0.432,41 268 147 32 330 1 252 18
aspartic,9,tyrosine,2,3,8,4,9.861,8.618,-0.859,137.1,82.1,0.0,0.0,2.868,0.394,50 264 223 29 54 254 243 89 108 207
aspartic,9,tyrosine,2,3,9,1,9.861,8.029,-0.859,146.4,104.6,0.7468,0.0,2.645,1.206,15 190 187 185
aspartic,9,tyrosine,2,3,9,2,9.861,8.029,-0.859,146.4,104.6,0.0,0.0,2.77,0.322,54 300 105 14 82 221
aspartic,9,tyrosine,2,3,9,3,9.861,8.029,-0.859,146.4,104.6,0.0,0.0,1.694,2.271,140 147 211 84 95 334 290 142
aspartic,9,tyrosine,2,3,9,4,9.861,8.029,-0.859,146.4,104.6,0.0,0.0,2.868,1.109,105 237 229 75 68 265 258 41 48 181
aspartic,9,tyrosine,2,3,10,1,9.861,10.027,-0.859,149.1,12.9,2.8419,0.0,2.685,0.917,18 181 192 199
aspartic,9,tyrosine,2,3,10,2,9.861,10.027,-0.859,149.1,12.9,0.8423,0.0,2.366,2.325,328 178 171 167 306 197
aspartic,9,tyrosine,2,3,10,3,9.861,10.027,-0.859,149.1,12.9,0.1172,0.0,2.584,3.215,302 183 191 194 269 204 2 177
aspartic,9,tyrosine,2,3,10,4,9.861,10.027,-0.859,149.1,12.9,0.0,0.0,1.873,3.503,161 168 242 243 199 59 235 69 79 196
aspartic,9,tyrosine,2,4,8,1,9.861,10.437,-0.859,61.3,90.6,3.6115,0.0,2.684,1.542,277 1 205 237
aspartic,9,tyrosine,2,4,8,2,9.861,10.437,-0.859,61.3,90.6,0.1867,0.0,2.684,1.351,283 354 220 263 143 160
aspartic,9,tyrosine,2,4,8,3,9.861,10.437,-0.859,61.3,90.6,0.0,0.0,1.025,2.36,343 28 105 270 229 144 166 170
aspartic,9,tyrosine,2,4,8,4,9.861,10.437,-0.859,61.3,90.6,0.0,0.0,1.385,2.607,327 8 48 309 287 121 140 229 213 164
aspartic,9,tyrosine,2,4,9,1,9.861,10.236,-0.859,50.7,98.3,4.0131,0.0,2.684,0.652,266 1 156 79
aspartic,9,tyrosine,2,4,9,2,9.861,10.236,-0.859,50.7,98.3,0.4468,0.0,2.086,1.013,263 2 143 81 203 194
aspartic,9,tyrosine,2,4,9,3,9.861,10.236,-0.859,50.7,98.3,0.0,0.0,2.479,1.495,254 89 58 321 261 119 187 250
aspartic,9,tyrosine,2,4,9,4,9.861,10.236,-0.859,50.7,98.3,0.0,0.0,2.083,0.654,345 149 348 309 211 79 263 266 59 76
aspartic,9,tyrosine,2,4,10,1,9.861,12.077,-0.859,59.1,8.3,5.3568,0.0,2.684,1.483,268 359 154 121
aspartic,9,tyrosine,2,4,10,2,9.861,12.077,-0.859,59.1,8.3,1.7408,0.0,1.952,1.355,268 0 220 245 182 181
aspartic,9,tyrosine,2,4,10,3,9.861,12.077,-0.859,59.1,8.3,0.4889,0.0,0.798,3.092,256 348 148 151 148 160 335 195
aspartic,9,tyrosine,2,4,10,4,9.861,12.077,-0.859,59.1,8.3,0.0,0.0,1.64,3.189,234 1 181 289 44 163 273 216 1 187
aspartic,9,tyrosine,2,5,8,1,9.861,10.906,-0.859,40.6,83.6,5.2239,0.0,2.773,2.787,86 1 160 53
aspartic,9,tyrosine,2,5,8,2,9.861,10.906,-0.859,40.6,83.6,1.6479,0.0,2.615,1.565,88 360 217 288 176 177
aspartic,9,tyrosine,2,5,8,3,9.861,10.906,-0.859,40.6,83.6,0.0,0.0,2.899,1.695,102 262 235 51 164 161 118 162
aspartic,9,tyrosine,2,5,8,4,9.861,10.906,-0.859,40.6,83.6,0.0,0.0,2.161,1.654,2 327 289 70 100 249 225 174 190 192
aspartic,9,tyrosine,2,5,9,1,9.861,10.173,-0.859,53.4,112.1,3.7972,0.0,2.899,3.072,91 359 153 96
aspartic,9,tyrosine,2,5,9,2,9.861,10.173,-0.859,53.4,112.1,0.1867,0.0,2.447,2.408,91 360 219 265 176 177
aspartic,9,tyrosine,2,5,9,3,9.861,10.173,-0.859,53.4,112.1,0.0,0.0,1.513,2.938,50 333 285 50 88 234 213 168
aspartic,9,tyrosine,2,5,9,4,9.861,10.173,-0.859,53.4,112.1,0.0,0.0,1.616,3.142,55 342 302 58 83 232 215 115 129 196
aspartic,9,tyrosine,2,5,10,1,9.861,12.313,-0.859,49.0,15.0,6.079,0.0,2.899,3.016,95 0 206 268
aspartic,9,tyrosine,2,5,10,2,9.861,12.313,-0.859,49.0,15.0,2.5188,0.0,2.899,2.26,95 1 142 92 188 185
aspartic,9,tyrosine,2,5,10,3,9.861,12.313,-0.859,49.0,15.0,0.4512,0.0,2.224,3.646,91 11 221 219 210 200 54 153
aspartic,9,tyrosine,2,5,10,4,9.861,12.313,-0.859,49.0,15.0,0.0,0.0,2.597,3.999,56 48 148 211 76 159 259 240 313 149
aspartic,9,phenylalanine,0,3,12,1,7.32,6.098,-0.339,153.4,72.5,0.0366,0.0,2.868,3.503,203 111 275 292
aspartic,9,phenylalanine,0,3,12,2,7.32,6.098,-0.339,153.4,72.5,0.0,0.0,2.868,3.503,179 351 347 255 292 113
aspartic,9,phenylalanine,0,3,12,3,7.32,6.098,-0.339,153.4,72.5,0.0,0.0,2.407,2.475,353 247 177 226 280 72 105 266
aspartic,9,phenylalanine,0,3,12,4,7.32,6.098,-0.339,153.4,72.5,0.0,0.0,2.688,3.503,295 276 179 234 299 60 87 319 179 51
aspartic,9,phenylalanine,0,3,13,1,7.32,5.073,-0.339,172.3,112.1,1.0324,0.0,2.868,3.044,281 141 233 359
aspartic,9,phenylalanine,0,3,13,2,7.32,5.073,-0.339,172.3,112.1,0.0,0.0,2.554,1.524,50 91 299 280 253 36
aspartic,9,phenylalanine,0,3,13,3,7.32,5.073,-0.339,172.3,112.1,0.0,0.0,2.868,1.83,122 273 155 273 206 13 165 357
aspartic,9,phenylalanine,0,3,13,4,7.32,5.073,-0.339,172.3,112.1,0.0,0.0,2.351,0.511,333 129 154 304 326 92 93 275 231 124
aspartic,9,phenylalanine,0,3,14,1,7.32,7.257,-0.339,171.0,18.3,1.5042,0.0,0.938,3.48,161 194 147 25
aspartic,9,phenylalanine,0,3,14,2,7.32,7.257,-0.339,171.0,18.3,0.3957,0.0,2.868,1.277,81 218 112 110 49 93
aspartic,9,phenylalanine,0,3,14,3,7.32,7.257,-0.339,171.0,18.3,0.0,0.0,2.868,1.07,73 226 177 200 284 81 98 249
aspartic,9,phenylalanine,0,3,14,4,7.32,7.257,-0.339,171.0,18.3,0.0,0.0,2.389,1.309,323 147 166 257 292 136 115 267 246 123
aspartic,9,phenylalanine,0,4,12,1,7.32,8.204,-0.339,57.7,74.2,1.5836,0.0,1.145,4.196,216 0 158 92
aspartic,9,phenylalanine,0,4,12,2,7.32,8.204,-0.339,57.7,74.2,0.0,0.0,2.45,4.449,212 272 248 121 137 230
aspartic,9,phenylalanine,0,4,12,3,7.32,8.204,-0.339,57.7,74.2,0.0,0.0,1.751,3.583,230 38 41 350 290 67 128 257
aspartic,9,phenylalanine,0,4,12,4,7.32,8.204,-0.339,57.7,74.2,0.0007,0.0,2.266,0.711,293 64 110 328 213 20 96 247 269 204
aspartic,9,phenylalanine,0,4,13,1,7.32,7.385,-0.339,53.6,105.3,1.0836,0.0,1.198,2.795,236 359 200 297
aspartic,9,phenylalanine,0,4,13,2,7.32,7.385,-0.339,53.6,105.3,0.0,0.0,1.79,1.656,278 48 102 283 238 149
aspartic,9,phenylalanine,0,4,13,3,7.32,7.385,-0.339,53.6,105.3,0.0,0.0,1.64,0.436,315 54 97 262 224 110 134 190
aspartic,9,phenylalanine,0,4,13,4,7.32,7.385,-0.339,53.6,105.3,0.0,0.0,1.293,1.733,334 8 47 302 274 102 122 226 210 165
aspartic,9,phenylalanine,0,4,14,1,7.32,9.357,-0.339,63.1,19.0,2.466,0.0,0.143,3.072,231 1 204 233
aspartic,9,phenylalanine,0,4,14,2,7.32,9.357,-0.339,63.1,19.0,0.5118,0.0,2.093,2.111,269 335 181 180 326 197
aspartic,9,phenylalanine,0,4,14,3,7.32,9.357,-0.339,63.1,19.0,0.0,0.0,2.101,4.222,208 106 140 160 290 167 34 200
aspartic,9,phenylalanine,0,4,14,4,7.32,9.357,-0.339,63.1,19.0,0.0,0.0,1.722,2.442,300 326 92 270 323 144 86 188 272 200
aspartic,9,phenylalanine,0,5,12,1,7.32,7.573,-0.339,81.4,89.1,0.3414,0.0,2.899,4.77,101 34 200 196
aspartic,9,phenylalanine,0,5,12,2,7.32,7.573,-0.339,81.4,89.1,0.0,0.0,2.899,5.371,191 216 256 63 106 189
aspartic,9,phenylalanine,0,5,12,3,7.32,7.573,-0.339,81.4,89.1,0.0,0.0,2.899,5.371,202 183 251 138 111 246 214 131
aspartic,9,phenylalanine,0,5,12,4,7.32,7.573,-0.339,81.4,89.1,0.0,0.0,2.899,5.371,129 197 221 166 141 261 277 86 102 226
aspartic,9,phenylalanine,0,5,13,1,7.32,7.082,-0.339,65.4,108.4,0.1669,0.0,2.715,3.333,117 359 197 251
aspartic,9,phenylalanine,0,5,13,2,7.32,7.082,-0.339,65.4,108.4,0.0,0.0,1.99,3.561,70 305 297 66 86 211
aspartic,9,phenylalanine,0,5,13,3,7.32,7.082,-0.339,65.4,108.4,0.0,0.0,2.79,3.605,70 226 331 184 88 245 191 62
aspartic,9,phenylalanine,0,5,13,4,7.32,7.082,-0.339,65.4,108.4,0.0,0.0,1.756,3.653,54 360 338 21 50 291 251 99 137 209
aspartic,9,phenylalanine,0,5,14,1,7.32,9.209,-0.339,68.7,9.2,2.0893,0.0,2.64,3.9,123 359 162 148
aspartic,9,phenylalanine,0,5,14,2,7.32,9.209,-0.339,68.7,9.2,0.7262,0.0,2.766,3.495,81 11 211 204 16 171
aspartic,9,phenylalanine,0,5,14,3,7.32,9.209,-0.339,68.7,9.2,0.0875,0.0,2.359,3.681,70 6 189 189 58 158 1 175
aspartic,9,phenylalanine,0,5,14,4,7.32,9.209,-0.339,68.7,9.2,0.0,0.0,2.899,5.154,117 224 241 178 151 229 240 105 124 210
aspartic,9,serine,8,3,3,1,2.817,2.481,-0.532,66.8,59.0,2.9339,0.0,2.868,1.238,73 242 342 352
aspartic,9,serine,8,3,3,2,2.817,2.481,-0.532,66.8,59.0,1.6391,0.0,2.816,0.608,26 248 354 315 241 357
aspartic,9,serine,8,3,3,3,2.817,2.481,-0.532,66.8,59.0,0.0,0.0,2.11,0.34,350 281 315 101 89 310 214 73
aspartic,9,serine,8,3,3,4,2.817,2.481,-0.532,66.8,59.0,0.0,0.0,1.441,1.178,319 359 324 56 69 292 275 77 124 230
aspartic,9,serine,8,3,4,1,2.817,1.723,-0.532,136.3,82.1,3.292,0.0,2.577,0.551,47 297 7 4
aspartic,9,serine,8,3,4,2,2.817,1.723,-0.532,136.3,82.1,2.22,0.0,1.627,0.638,347 315 1 29 142 0
aspartic,9,serine,8,3,4,3,2.817,1.723,-0.532,136.3,82.1,0.0,0.0,2.868,2.284,262 337 33 88 73 327 208 49
aspartic,9,serine,8,3,4,4,2.817,1.723,-0.532,136.3,82.1,0.0,0.0,2.002,2.744,287 51 24 56 54 295 287 56 116 252
aspartic,9,serine,8,3,5,1,2.817,2.267,-0.532,89.9,65.3,2.7555,0.0,2.868,3.503,186 106 6 3
aspartic,9,serine,8,3,5,2,2.817,2.267,-0.532,89.9,65.3,1.702,0.0,2.868,3.503,234 92 1 37 131 1
aspartic,9,serine,8,3,5,3,2.817,2.267,-0.532,89.9,65.3,0.0,0.0,2.868,3.31,283 124 298 80 85 22 189 317
aspartic,9,serine,8,3,5,4,2.817,2.267,-0.532,89.9,65.3,0.0,0.0,1.872,2.555,319 62 16 50 72 304 282 62 109 228
aspartic,9,serine,8,4,3,1,2.817,1.609,-0.532,96.7,105.1,3.2564,0.0,2.397,3.03,313 106 1 0
aspartic,9,serine,8,4,3,2,2.817,1.609,-0.532,96.7,105.1,2.3055,0.0,2.027,2.804,4 86 360 19 154 360
aspartic,9,serine,8,4,3,3,2.817,1.609,-0.532,96.7,105.1,0.0,0.0,2.057,3.895,349 128 304 232 334 326 224 2
aspartic,9,serine,8,4,3,4,2.817,1.609,-0.532,96.7,105.1,0.0,0.0,2.214,4.449,64 328 359 299 299 67 77 299 243 115
aspartic,9,serine,8,4,4,1,2.817,3.411,-0.532,62.3,41.9,2.4713,0.0,2.684,2.504,271 109 32 10
aspartic,9,serine,8,4,4,2,2.817,3.411,-0.532,62.3,41.9,1.0001,0.0,2.452,1.514,315 110 14 56 104 7
aspartic,9,serine,8,4,4,3,2.817,3.411,-0.532,62.3,41.9,0.0,0.0,2.045,0.741,352 83 62 267 263 45 133 269
aspartic,9,serine,8,4,4,4,2.817,3.411,-0.532,62.3,41.9,0.0,0.0,1.342,1.409,22 5 46 311 288 67 87 273 239 143
aspartic,9,serine,8,4,5,1,2.817,2.442,-0.532,83.6,73.7,2.5486,0.0,2.684,4.449,182 241 354 357
aspartic,9,serine,8,4,5,2,2.817,2.442,-0.532,83.6,73.7,1.4862,0.0,2.684,4.449,131 261 359 330 220 360
aspartic,9,serine,8,4,5,3,2.817,2.442,-0.532,83.6,73.7,0.0,0.0,2.684,4.449,127 302 8 109 55 312 202 55
aspartic,9,serine,8,4,5,4,2.817,2.442,-0.532,83.6,73.7,0.0,0.0,1.657,4.103,47 303 353 310 283 54 78 297 251 134
aspartic,9,serine,8,5,3,1,2.817,3.729,-0.532,19.7,86.8,3.739,0.0,2.899,5.371,211 51 112 2
aspartic,9,serine,8,5,3,2,2.817,3.729,-0.532,19.7,86.8,0.5899,0.0,2.899,5.171,226 153 18 3 172 5
aspartic,9,serine,8,5,3,3,2.817,3.729,-0.532,19.7,86.8,0.0,0.0,2.899,4.337,303 80 44 282 260 54 168 270
aspartic,9,serine,8,5,3,4,2.817,3.729,-0.532,19.7,86.8,0.0,0.0,2.302,3.124,331 15 50 295 264 86 119 268 238 154
aspartic,9,serine,8,5,4,1,2.817,4.141,-0.532,35.1,72.2,2.6674,0.0,2.899,3.548,129 305 252 358
aspartic,9,serine,8,5,4,2,2.817,4.141,-0.532,35.1,72.2,0.0,0.0,2.899,3.014,95 221 347 17 141 32
aspartic,9,serine,8,5,4,3,2.817,4.141,-0.532,35.1,72.2,0.0,0.0,1.947,2.954,48 295 334 64 99 311 190 95
aspartic,9,serine,8,5,4,4,2.817,4.141,-0.532,35.1,72.2,0.0,0.0,1.319,2.943,31 350 323 68 98 271 233 90 124 204
aspartic,9,serine,8,5,5,1,2.817,3.287,-0.532,55.7,104.2,2.0843,0.0,2.899,5.371,173 124 41 360
aspartic,9,serine,8,5,5,2,2.817,3.287,-0.532,55.7,104.2,0.609,0.0,2.899,4.824,110 228 1 17 157 0
aspartic,9,serine,8,5,5,3,2.817,3.287,-0.532,55.7,104.2,0.0,0.0,1.974,3.676,67 302 327 72 82 326 219 93
aspartic,9,serine,8,5,5,4,2.817,3.287,-0.532,55.7,104.2,0.0,0.0,1.344,4.0,30 6 324 43 91 301 251 87 114 195
serine,8,aspartic,13,3,3,1,9.603,10.824,-0.399,63.0,54.6,3.9183,0.0,2.705,0.51,109 359 202 234
serine,8,aspartic,13,3,3,2,9.603,10.824,-0.399,63.0,54.6,0.6592,0.0,0.381,0.82,117 358 207 276 119 162
serine,8,aspartic,13,3,3,3,9.603,10.824,-0.399,63.0,54.6,0.0,0.0,1.267,2.475,155 352 182 10 113 224 251 220
serine,8,aspartic,13,3,3,4,9.603,10.824,-0.399,63.0,54.6,0.0,0.0,2.936,3.391,18 357 198 91 162 214 249 180 104 148
serine,8,aspartic,13,3,4,1,9.603,11.018,-0.399,76.1,46.0,3.8781,0.0,3.068,0.485,95 21 197 193
serine,8,aspartic,13,3,4,2,9.603,11.018,-0.399,76.1,46.0,0.5373,0.0,1.209,0.595,85 42 209 199 232 212
serine,8,aspartic,13,3,4,3,9.603,11.018,-0.399,76.1,46.0,0.0,0.0,2.069,0.499,157 219 221 145 151 229 218 165
serine,8,aspartic,13,3,4,4,9.603,11.018,-0.399,76.1,46.0,0.0,0.0,2.521,0.465,174 197 212 146 143 231 223 138 154 196
serine,8,aspartic,13,3,5,1,9.603,9.729,-0.399,70.8,96.4,2.5589,0.0,3.225,0.571,101 357 163 159
serine,8,aspartic,13,3,5,2,9.603,9.729,-0.399,70.8,96.4,0.0,0.0,2.718,0.383,132 272 196 122 144 177
serine,8,aspartic,13,3,5,3,9.603,9.729,-0.399,70.8,96.4,0.0,0.0,3.516,1.318,130 213 225 145 149 259 246 162
serine,8,aspartic,13,3,5,4,9.603,9.729,-0.399,70.8,96.4,0.0,0.0,2.818,0.383,165 197 211 143 139 237 228 132 150 199
serine,8,aspartic,13,4,3,1,9.603,8.755,-0.399,161.8,62.7,2.0268,0.0,1.694,0.641,329 180 156 104
serine,8,aspartic,13,4,3,2,9.603,8.755,-0.399,161.8,62.7,0.0,0.0,2.36,1.474,35 197 184 133 19 186
serine,8,aspartic,13,4,3,3,9.603,8.755,-0.399,161.8,62.7,0.0,0.0,2.566,2.262,159 204 196 228 243 109 111 185
serine,8,aspartic,13,4,3,4,9.603,8.755,-0.399,161.8,62.7,0.0,0.0,3.035,2.262,187 214 195 201 225 132 131 255 239 154
serine,8,aspartic,13,4,4,1,9.603,9.333,-0.399,156.6,37.3,2.3588,0.0,2.273,0.459,289 181 203 229
serine,8,aspartic,13,4,4,2,9.603,9.333,-0.399,156.6,37.3,0.2082,0.0,0.825,0.537,265 219 144 170 309 213
serine,8,aspartic,13,4,4,3,9.603,9.333,-0.399,156.6,37.3,0.0,0.0,1.637,2.207,165 138 197 201 324 162 98 194
serine,8,aspartic,13,4,4,4,9.603,9.333,-0.399,156.6,37.3,0.0,0.0,2.568,2.262,171 211 184 199 221 134 137 256 241 158
serine,8,aspartic,13,4,5,1,9.603,8.009,-0.399,147.6,90.5,0.8637,0.0,2.551,0.216,293 170 156 153
serine,8,aspartic,13,4,5,2,9.603,8.009,-0.399,147.6,90.5,0.0,0.0,3.173,0.819,247 195 104 288 308 116
serine,8,aspartic,13,4,5,3,9.603,8.009,-0.399,147.6,90.5,0.0,0.0,3.119,0.591,222 12 289 122 36 77 196 76
serine,8,aspartic,13,4,5,4,9.603,8.009,-0.399,147.6,90.5,0.0,0.0,2.854,1.236,167 161 153 240 264 131 130 281 265 147
serine,8,aspartic,13,5,3,1,9.603,11.102,-0.399,51.5,67.1,4.7412,0.0,3.558,2.42,248 0 206 266
serine,8,aspartic,13,5,3,2,9.603,11.102,-0.399,51.5,67.1,1.182,0.0,1.064,2.52,250 359 139 98 174 176
serine,8,aspartic,13,5,3,3,9.603,11.102,-0.399,51.5,67.1,0.0,0.0,1.865,3.409,302 23 131 261 224 155 148 152
serine,8,aspartic,13,5,3,4,9.603,11.102,-0.399,51.5,67.1,0.0,0.0,1.947,4.611,298 36 59 277 278 153 150 230 220 161
serine,8,aspartic,13,5,4,1,9.603,11.767,-0.399,45.7,37.8,5.7101,0.0,3.548,2.424,234 0 156 77
serine,8,aspartic,13,5,4,2,9.603,11.767,-0.399,45.7,37.8,2.1415,0.0,0.541,2.359,234 0 219 274 181 181
serine,8,aspartic,13,5,4,3,9.603,11.767,-0.399,45.7,37.8,0.1164,0.0,0.792,1.792,212 3 139 94 204 195 289 211
serine,8,aspartic,13,5,4,4,9.603,11.767,-0.399,45.7,37.8,0.0,0.0,1.831,1.508,224 341 219 39 48 333 33 123 33 263
serine,8,aspartic,13,5,5,1,9.603,10.479,-0.399,38.9,90.4,4.9532,0.0,3.632,1.692,249 359 198 316
serine,8,aspartic,13,5,5,2,9.603,10.479,-0.399,38.9,90.4,1.332,0.0,1.253,1.697,246 0 214 292 184 183
serine,8,aspartic,13,5,5,3,9.603,10.479,-0.399,38.9,90.4,0.0,0.0,1.562,1.246,245 115 79 308 210 149 259 227
serine,8,aspartic,13,5,5,4,9.603,10.479,-0.399,38.9,90.4,0.0,0.0,2.518,2.667,331 263 304 258 227 102 102 200 198 175
serine,8,glutamic,1,3,5,1,6.376,5.137,0.012,159.9,71.7,0.4506,0.0,1.5,3.034,43 259 79 4
serine,8,glutamic,1,3,5,2,6.376,5.137,0.012,159.9,71.7,0.0,0.0,1.5,3.391,6 15 7 39 64 34
serine,8,glutamic,1,3,5,3,6.376,5.137,0.012,159.9,71.7,0.0,0.0,1.383,0.691,125 257 158 173 310 107 72 0
serine,8,glutamic,1,3,5,4,6.376,5.137,0.012,159.9,71.7,0.0,0.0,1.5,3.391,0 248 193 28 38 300 257 54 125 228
serine,8,glutamic,1,3,6,1,6.376,5.168,0.012,149.4,70.6,0.0927,0.0,1.5,0.673,88 67 307 340
serine,8,glutamic,1,3,6,2,6.376,5.168,0.012,149.4,70.6,0.0,0.0,1.032,1.142,163 100 325 82 53 340
serine,8,glutamic,1,3,6,3,6.376,5.168,0.012,149.4,70.6,0.0,0.0,0.996,0.685,189 57 1 206 5 220 272 335
serine,8,glutamic,1,3,6,4,6.376,5.168,0.012,149.4,70.6,0.0,0.0,1.009,0.805,193 111 260 194 101 223 244 51 133 310
serine,8,glutamic,1,3,7,1,6.376,6.199,0.012,170.4,26.5,1.2716,0.0,1.04,1.997,162 140 241 344
serine,8,glutamic,1,3,7,2,6.376,6.199,0.012,170.4,26.5,0.1137,0.0,1.024,2.904,196 115 278 223 335 296
serine,8,glutamic,1,3,7,3,6.376,6.199,0.012,170.4,26.5,0.0,0.0,1.5,3.391,274 140 189 184 53 254 265 84
serine,8,glutamic,1,3,7,4,6.376,6.199,0.012,170.4,26.5,0.0,0.0,1.5,3.391,350 214 200 103 67 239 259 73 101 234
serine,8,glutamic,1,4,5,1,6.376,7.173,0.012,62.0,69.9,0.5166,0.0,1.191,1.321,260 1 143 92
serine,8,glutamic,1,4,5,2,6.376,7.173,0.012,62.0,69.9,0.0,0.0,1.685,1.226,302 40 90 286 251 145
serine,8,glutamic,1,4,5,3,6.376,7.173,0.012,62.0,69.9,0.0,0.0,2.16,1.259,317 33 42 316 303 41 79 226
serine,8,glutamic,1,4,5,4,6.376,7.173,0.012,62.0,69.9,0.0,0.0,2.93,1.274,319 358 27 332 303 69 119 257 215 159
serine,8,glutamic,1,4,6,1,6.376,6.615,0.012,80.2,90.4,0.0,0.0,2.531,0.719,218 92 131 250
serine,8,glutamic,1,4,6,2,6.376,6.615,0.012,80.2,90.4,0.0,0.0,2.691,1.516,185 170 71 275 265 121
serine,8,glutamic,1,4,6,3,6.376,6.615,0.012,80.2,90.4,0.0,0.0,3.515,0.703,161 178 116 228 250 98 133 228
serine,8,glutamic,1,4,6,4,6.376,6.615,0.012,80.2,90.4,0.0,0.0,3.084,0.574,249 140 129 186 231 111 64 290 265 98
serine,8,glutamic,1,4,7,1,6.376,8.155,0.012,67.9,25.0,1.1562,0.0,1.527,1.868,227 358 214 227
serine,8,glutamic,1,4,7,2,6.376,8.155,0.012,67.9,25.0,0.2351,0.0,2.624,2.178,196 330 265 210 353 192
serine,8,glutamic,1,4,7,3,6.376,8.155,0.012,67.9,25.0,0.0,0.0,3.515,1.008,155 139 138 243 236 125 95 171
serine,8,glutamic,1,4,7,4,6.376,8.155,0.012,67.9,25.0,0.0,0.0,2.973,0.608,235 132 111 168 227 157 83 253 277 117
serine,8,glutamic,1,5,5,1,6.376,7.524,0.012,47.8,71.0,1.5528,0.0,1.34,4.724,115 0 167 38
serine,8,glutamic,1,5,5,2,6.376,7.524,0.012,47.8,71.0,0.0001,0.0,2.63,4.744,82 306 249 78 135 216
serine,8,glutamic,1,5,5,3,6.376,7.524,0.012,47.8,71.0,0.0,0.0,3.138,4.744,31 324 260 86 127 243 238 185
serine,8,glutamic,1,5,5,4,6.376,7.524,0.012,47.8,71.0,0.0,0.0,3.247,4.744,24 351 310 58 89 255 233 131 147 195
serine,8,glutamic,1,5,6,1,6.376,7.494,0.012,46.3,72.0,1.63,0.0,1.243,3.639,140 360 192 330
serine,8,glutamic,1,5,6,2,6.376,7.494,0.012,46.3,72.0,0.0,0.0,2.865,1.208,184 9 163 354 148 268
serine,8,glutamic,1,5,6,3,6.376,7.494,0.012,46.3,72.0,0.0,0.0,2.483,0.779,147 293 316 42 81 284 202 90
serine,8,glutamic,1,5,6,4,6.376,7.494,0.012,46.3,72.0,0.0,0.0,1.137,2.401,17 284 239 41 190 310 176 134 156 175
serine,8,glutamic,1,5,7,1,6.376,8.35,0.012,60.5,36.2,1.585,0.0,1.753,4.152,128 1 203 253
serine,8,glutamic,1,5,7,2,6.376,8.35,0.012,60.5,36.2,0.0312,0.0,2.842,3.724,157 271 247 196 2 178
serine,8,glutamic,1,5,7,3,6.376,8.35,0.012,60.5,36.2,0.0,0.0,2.95,3.851,133 175 330 225 57 190 248 100
serine,8,glutamic,1,5,7,4,6.376,8.35,0.012,60.5,36.2,0.0,0.0,3.521,4.157,53 345 327 60 92 251 211 119 153 199
serine,8,isoleucine,6,3,4,1,3.078,5.78,-0.909,25.8,14.5,3.0503,0.0,0.81,2.873,162 358 183 359
serine,8,isoleucine,6,3,4,2,3.078,5.78,-0.909,25.8,14.5,0.7542,0.0,2.429,0.604,127 310 256 309 256 320
serine,8,isoleucine,6,3,4,3,3.078,5.78,-0.909,25.8,14.5,0.0,0.0,3.437,0.326,118 314 222 136 60 275 275 114
serine,8,isoleucine,6,3,4,4,3.078,5.78,-0.909,25.8,14.5,0.0,0.0,3.52,1.363,32 352 272 56 104 249 255 133 104 168
serine,8,isoleucine,6,3,5,1,3.078,3.783,-0.909,37.2,99.8,2.6464,0.0,2.305,0.73,135 293 266 359
serine,8,isoleucine,6,3,5,2,3.078,3.783,-0.909,37.2,99.8,0.1292,0.0,1.166,2.278,165 163 358 323 230 359
serine,8,isoleucine,6,3,5,3,3.078,3.783,-0.909,37.2,99.8,0.0,0.0,4.301,2.049,43 223 308 47 124 28 188 33
serine,8,isoleucine,6,3,5,4,3.078,3.783,-0.909,37.2,99.8,0.0,0.0,4.253,1.459,348 336 298 53 81 286 259 99 131 211
serine,8,isoleucine,6,3,6,1,3.078,3.937,-0.909,16.4,93.7,3.8743,0.0,3.582,3.391,214 36 131 2
serine,8,isoleucine,6,3,6,2,3.078,3.937,-0.909,16.4,93.7,0.6707,0.0,3.572,3.391,219 131 39 1 177 2
serine,8,isoleucine,6,3,6,3,3.078,3.937,-0.909,16.4,93.7,0.0,0.0,4.119,3.391,300 75 46 286 265 55 156 263
serine,8,isoleucine,6,3,6,4,3.078,3.937,-0.909,16.4,93.7,0.0,0.0,4.135,3.391,328 16 53 296 267 88 117 266 238 154
serine,8,isoleucine,6,4,4,1,3.078,3.573,-0.909,115.6,26.0,1.8351,0.0,3.597,2.262,44 276 5 4
serine,8,isoleucine,6,4,4,2,3.078,3.573,-0.909,115.6,26.0,0.6392,0.0,3.597,1.894,6 287 1 69 97 0
serine,8,isoleucine,6,4,4,3,3.078,3.573,-0.909,115.6,26.0,0.0,0.0,1.361,2.262,187 173 222 125 68 310 237 40
serine,8,isoleucine,6,4,4,4,3.078,3.573,-0.909,115.6,26.0,0.0,0.0,1.193,2.262,144 270 236 126 27 243 258 33 191 343
serine,8,isoleucine,6,4,5,1,3.078,1.336,-0.909,144.0,106.4,3.7169,0.0,3.597,2.262,38 302 8 4
serine,8,isoleucine,6,4,5,2,3.078,1.336,-0.909,144.0,106.4,2.6084,0.0,3.597,1.43,335 324 1 25 146 1
serine,8,isoleucine,6,4,5,3,3.078,1.336,-0.909,144.0,106.4,0.0,0.0,3.455,1.499,1 324 2 211 342 34 123 3
serine,8,isoleucine,6,4,5,4,3.078,1.336,-0.909,144.0,106.4,0.0,0.0,1.759,0.965,287 58 29 74 52 286 296 42 110 263
serine,8,isoleucine,6,4,6,1,3.078,2.516,-0.909,71.9,63.8,2.8705,0.0,3.597,2.245,56 251 342 352
serine,8,isoleucine,6,4,6,2,3.078,2.516,-0.909,71.9,63.8,1.6203,0.0,3.597,1.485,11 254 353 314 243 356
serine,8,isoleucine,6,4,6,3,3.078,2.516,-0.909,71.9,63.8,0.0,0.0,3.597,1.451,341 275 313 106 90 311 214 70
serine,8,isoleucine,6,4,6,4,3.078,2.516,-0.909,71.9,63.8,0.0,0.0,3.597,1.227,309 355 325 57 65 291 277 78 127 235
serine,8,isoleucine,6,5,4,1,3.078,4.178,-0.909,90.1,21.1,1.454,0.0,3.94,4.744,297 116 1 2
serine,8,isoleucine,6,5,4,2,3.078,4.178,-0.909,90.1,21.1,0.2758,0.0,4.193,4.744,321 107 3 252 299 1
serine,8,isoleucine,6,5,4,3,3.078,4.178,-0.909,90.1,21.1,0.0,0.0,2.648,4.744,184 172 99 200 342 73 85 297
serine,8,isoleucine,6,5,4,4,3.078,4.178,-0.909,90.1,21.1,0.0,0.0,0.739,2.837,199 71 103 295 341 92 81 299 208 84
serine,8,isoleucine,6,5,5,1,3.078,3.224,-0.909,57.5,60.4,2.6724,0.0,0.551,3.844,227 253 325 351
serine,8,isoleucine,6,5,5,2,3.078,3.224,-0.909,57.5,60.4,1.1106,0.0,0.707,2.945,181 245 346 315 244 353
serine,8,isoleucine,6,5,5,3,3.078,3.224,-0.909,57.5,60.4,0.0,0.0,4.289,1.896,1 55 98 324 217 354 144 37
serine,8,isoleucine,6,5,5,4,3.078,3.224,-0.909,57.5,60.4,0.0,0.0,4.264,2.017,25 23 62 305 286 67 84 273 237 139
serine,8,isoleucine,6,5,6,1,3.078,1.921,-0.909,92.4,108.2,2.9359,0.0,4.456,4.744,316 111 2 1
serine,8,isoleucine,6,5,6,2,3.078,1.921,-0.909,92.4,108.2,1.9794,0.0,4.456,4.744,8 90 0 14 161 0
serine,8,isoleucine,6,5,6,3,3.078,1.921,-0.909,92.4,108.2,0.0,0.0,4.152,4.744,12 123 298 283 288 322 232 11
serine,8,isoleucine,6,5,6,4,3.078,1.921,-0.909,92.4,108.2,0.0,0.0,4.23,4.744,61 332 5 301 298 64 77 301 246 120
serine,8,leucine,0,3,1,1,11.386,12.332,-0.223,108.6,7.4,5.1078,0.0,5.014,0.764,158 267 179 179
serine,8,leucine,0,3,1,2,11.386,12.332,-0.223,108.6,7.4,1.4311,0.0,2.178,0.486,153 262 178 179 164 167
serine,8,leucine,0,3,1,3,11.386,12.332,-0.223,108.6,7.4,0.5356,0.0,1.799,1.037,136 231 208 206 131 151 14 166
serine,8,leucine,0,3,1,4,11.386,12.332,-0.223,108.6,7.4,0.0,0.0,1.41,1.367,123 207 189 191 198 215 271 161 46 168
serine,8,leucine,0,3,2,1,11.386,10.649,-0.223,102.0,92.2,3.3802,0.0,5.234,0.419,91 83 178 179
serine,8,leucine,0,3,2,2,11.386,10.649,-0.223,102.0,92.2,0.0,0.0,4.054,1.035,160 319 144 172 224 183
serine,8,leucine,0,3,2,3,11.386,10.649,-0.223,102.0,92.2,0.0,0.0,2.165,1.095,199 192 218 139 138 225 209 158
serine,8,leucine,0,3,2,4,11.386,10.649,-0.223,102.0,92.2,0.0,0.0,2.469,2.385,215 189 222 149 140 212 202 106 121 196
serine,8,leucine,0,3,13,1,11.386,10.274,-0.223,105.8,106.8,3.004,0.0,5.032,0.616,152 271 180 180
serine,8,leucine,0,3,13,2,11.386,10.274,-0.223,105.8,106.8,0.0,0.0,2.691,0.702,152 213 218 150 167 202
serine,8,leucine,0,3,13,3,11.386,10.274,-0.223,105.8,106.8,0.0,0.0,3.867,0.677,140 124 314 77 241 308 359 36
serine,8,leucine,0,3,13,4,11.386,10.274,-0.223,105.8,106.8,0.0,0.0,1.813,1.177,195 165 199 130 126 266 250 140 166 203
serine,8,leucine,0,4,1,1,11.386,11.852,-0.223,130.7,10.4,4.6239,0.0,5.099,0.559,206 133 181 181
serine,8,leucine,0,4,1,2,11.386,11.852,-0.223,130.7,10.4,1.272,0.0,3.881,0.708,273 210 172 176 132 147
serine,8,leucine,0,4,1,3,11.386,11.852,-0.223,130.7,10.4,0.3852,0.0,4.096,0.692,276 176 180 180 128 149 360 180
serine,8,leucine,0,4,1,4,11.386,11.852,-0.223,130.7,10.4,0.0001,0.0,3.406,2.064,205 184 217 196 180 154 70 181 327 188
serine,8,leucine,0,4,2,1,11.386,9.924,-0.223,135.6,102.0,2.6471,0.0,5.223,0.838,263 219 179 180
serine,8,leucine,0,4,2,2,11.386,9.924,-0.223,135.6,102.0,0.0,0.0,4.167,1.138,233 201 176 238 101 65
serine,8,leucine,0,4,2,3,11.386,9.924,-0.223,135.6,102.0,0.0,0.0,4.285,1.973,153 199 164 242 239 44 47 181
serine,8,leucine,0,4,2,4,11.386,9.924,-0.223,135.6,102.0,0.0,0.0,4.388,2.262,141 209 184 227 231 102 107 225 212 162
serine,8,leucine,0,4,13,1,11.386,9.746,-0.223,129.9,109.2,2.4741,0.0,4.981,0.43,213 131 178 179
serine,8,leucine,0,4,13,2,11.386,9.746,-0.223,129.9,109.2,0.0,0.0,3.954,0.789,227 206 144 228 148 71
serine,8,leucine,0,4,13,3,11.386,9.746,-0.223,129.9,109.2,0.0,0.0,4.287,1.703,178 197 172 249 213 47 84 188
serine,8,leucine,0,4,13,4,11.386,9.746,-0.223,129.9,109.2,0.0,0.0,4.32,2.262,163 208 177 217 227 111 119 229 210 159
serine,8,leucine,0,5,1,1,11.386,13.84,-0.223,49.6,3.9,7.5219,0.0,7.412,3.281,192 0 206 263
serine,8,leucine,0,5,1,2,11.386,13.84,-0.223,49.6,3.9,4.0016,0.0,3.935,2.14,192 0 142 98 184 182
serine,8,leucine,0,5,1,3,11.386,13.84,-0.223,49.6,3.9,1.0703,0.0,2.568,2.982,199 359 218 237 175 177 107 145
serine,8,leucine,0,5,1,4,11.386,13.84,-0.223,49.6,3.9,0.2406,0.0,3.41,3.698,210 360 210 213 179 179 116 146 360 180
serine,8,leucine,0,5,2,1,11.386,11.877,-0.223,54.9,103.1,5.3317,0.0,7.506,3.675,197 1 206 252
serine,8,leucine,0,5,2,2,11.386,11.877,-0.223,54.9,103.1,1.7635,0.0,4.069,2.496,196 1 141 104 185 183
serine,8,leucine,0,5,2,3,11.386,11.877,-0.223,54.9,103.1,0.0,0.0,3.105,2.748,205 99 96 237 219 165 180 192
serine,8,leucine,0,5,2,4,11.386,11.877,-0.223,54.9,103.1,0.0,0.0,4.127,1.234,210 233 295 118 63 311 21 346 276 155
serine,8,leucine,0,5,13,1,11.386,11.858,-0.223,43.1,103.9,5.9845,0.0,7.686,3.114,196 359 203 294
serine,8,leucine,0,5,13,2,11.386,11.858,-0.223,43.1,103.9,2.3869,0.0,4.415,1.662,195 360 143 82 176 178
serine,8,leucine,0,5,13,3,11.386,11.858,-0.223,43.1,103.9,0.0,0.0,3.406,1.077,200 76 118 277 216 169 214 206
serine,8,leucine,0,5,13,4,11.386,11.858,-0.223,43.1,103.9,0.0,0.0,4.121,1.05,200 249 276 359 286 346 65 256 223 181
serine,8,serine,13,3,3,1,12.322,10.512,0.467,131.7,111.6,3.2776,0.0,inf,0.485,118 136 173 176
serine,8,serine,13,3,3,2,12.322,10.512,0.467,131.7,111.6,0.0,0.0,inf,0.575,177 225 136 173 137 97
serine,8,serine,13,3,3,3,12.322,10.512,0.467,131.7,111.6,0.0,0.0,inf,2.384,225 167 199 150 140 236 230 161
serine,8,serine,13,3,3,4,12.322,10.512,0.467,131.7,111.6,0.0,0.0,inf,3.391,255 171 206 150 139 211 207 104 117 200
serine,8,serine,13,3,4,1,12.322,10.793,0.467,144.2,100.2,3.5273,0.0,inf,1.064,130 163 182 181
serine,8,serine,13,3,4,2,12.322,10.793,0.467,144.2,100.2,0.0,0.0,inf,0.404,135 157 168 171 165 207
serine,8,serine,13,3,4,3,12.322,10.793,0.467,144.2,100.2,0.0,0.0,inf,2.916,217 153 204 158 133 231 218 156
serine,8,serine,13,3,4,4,12.322,10.793,0.467,144.2,100.2,0.0001,0.0,inf,3.391,183 133 177 184 161 234 231 104 119 200
serine,8,serine,13,3,5,1,12.322,12.667,0.467,136.3,10.7,5.4384,0.0,inf,0.714,118 144 179 179
serine,8,serine,13,3,5,2,12.322,12.667,0.467,136.3,10.7,1.6807,0.0,inf,0.526,169 209 179 179 179 179
serine,8,serine,13,3,5,3,12.322,12.667,0.467,136.3,10.7,0.5142,0.0,inf,1.653,143 133 170 174 160 164 350 185
serine,8,serine,13,3,5,4,12.322,12.667,0.467,136.3,10.7,0.0,0.0,inf,2.9,168 162 150 192 176 207 254 135 77 186
serine,8,serine,13,4,3,1,12.322,11.186,0.467,101.4,116.9,3.934,0.0,inf,0.553,252 280 178 179
serine,8,serine,13,4,3,2,12.322,11.186,0.467,101.4,116.9,0.247,0.0,inf,0.466,183 83 157 169 168 168
serine,8,serine,13,4,3,3,12.322,11.186,0.467,101.4,116.9,0.0,0.0,inf,2.262,179 172 149 198 200 107 114 196
serine,8,serine,13,4,3,4,12.322,11.186,0.467,101.4,116.9,0.0,0.0,inf,2.262,152 183 152 196 207 137 143 239 223 162
serine,8,serine,13,4,4,1,12.322,11.886,0.467,93.2,89.0,4.6275,0.0,inf,0.632,192 66 177 178
serine,8,serine,13,4,4,2,12.322,11.886,0.467,93.2,89.0,0.9125,0.0,inf,0.147,252 300 170 175 173 174
serine,8,serine,13,4,4,3,12.322,11.886,0.467,93.2,89.0,0.0,0.0,inf,0.481,149 35 256 328 172 194 147 119
serine,8,serine,13,4,4,4,12.322,11.886,0.467,93.2,89.0,0.0,0.0,inf,0.852,199 179 134 220 235 65 78 248 212 142
serine,8,serine,13,4,5,1,12.322,13.436,0.467,101.2,14.1,6.2023,0.0,inf,0.619,256 280 179 179
serine,8,serine,13,4,5,2,12.322,13.436,0.467,101.2,14.1,2.4758,0.0,inf,0.675,188 79 179 180 179 179
serine,8,serine,13,4,5,3,12.322,13.436,0.467,101.2,14.1,0.6298,0.0,inf,1.651,239 265 185 183 184 183 308 200
serine,8,serine,13,4,5,4,12.322,13.436,0.467,101.2,14.1,0.0,0.0,inf,2.262,173 139 177 184 191 171 110 167 333 184
serine,8,serine,13,5,3,1,12.322,12.014,0.467,70.3,121.6,4.9152,0.0,inf,2.588,161 4 196 199
serine,8,serine,13,5,3,2,12.322,12.014,0.467,70.3,121.6,1.2618,0.0,inf,1.101,164 1 149 141 182 181
serine,8,serine,13,5,3,3,12.322,12.014,0.467,70.3,121.6,0.0,0.0,inf,1.605,137 296 243 139 170 216 213 183
serine,8,serine,13,5,3,4,12.322,12.014,0.467,70.3,121.6,0.0,0.0,inf,2.659,87 329 303 87 90 208 199 157 170 195
serine,8,serine,13,5,4,1,12.322,12.633,0.467,65.1,96.0,5.6081,0.0,inf,2.479,155 359 161 146
serine,8,serine,13,5,4,2,12.322,12.633,0.467,65.1,96.0,2.0367,0.0,inf,0.721,154 0 217 230 181 181
serine,8,serine,13,5,4,3,12.322,12.633,0.467,65.1,96.0,0.0,0.0,inf,1.58,152 280 222 129 120 139 154 189
serine,8,serine,13,5,4,4,12.322,12.633,0.467,65.1,96.0,0.0,0.0,inf,1.816,105 274 255 134 152 241 228 169 182 189
serine,8,serine,13,5,5,1,12.322,14.332,0.467,67.3,17.7,7.2555,0.0,inf,2.528,161 1 194 201
serine,8,serine,13,5,5,2,12.322,14.332,0.467,67.3,17.7,3.6725,0.0,inf,1.057,162 1 148 138 183 182
serine,8,serine,13,5,5,3,12.322,14.332,0.467,67.3,17.7,0.814,0.0,inf,2.33,152 24 204 194 193 191 99 150
serine,8,serine,13,5,5,4,12.322,14.332,0.467,67.3,17.7,0.0,0.0,inf,3.484,195 310 157 175 168 171 244 226 342 165
serine,8,tryptophan,4,3,16,1,10.484,9.579,0.13,135.6,73.2,2.306,0.0,4.12,2.218,209 217 186 184
serine,8,tryptophan,4,3,16,2,10.484,9.579,0.13,135.6,73.2,0.0,0.0,4.558,3.166,220 271 146 161 275 152
serine,8,tryptophan,4,3,16,3,10.484,9.579,0.13,135.6,73.2,0.0,0.0,3.994,0.449,155 31 344 333 26 338 344 322
serine,8,tryptophan,4,3,16,4,10.484,9.579,0.13,135.6,73.2,0.0,0.0,2.72,0.883,41 170 198 28 65 300 289 131 127 189
serine,8,tryptophan,4,3,17,1,10.484,7.757,0.13,140.8,166.9,0.747,0.0,3.563,2.421,170 163 160 169
serine,8,tryptophan,4,3,17,2,10.484,7.757,0.13,140.8,166.9,0.0,0.0,3.408,0.99,131 169 95 168 71 24
serine,8,tryptophan,4,3,17,3,10.484,7.757,0.13,140.8,166.9,0.0,0.0,1.425,2.425,18 226 149 294 197 59 211 210
serine,8,tryptophan,4,3,17,4,10.484,7.757,0.13,140.8,166.9,0.0,0.0,3.72,0.508,73 167 91 293 327 51 61 2 289 101
serine,8,tryptophan,4,3,18,1,10.484,10.028,0.13,135.9,55.7,2.7652,0.0,4.121,2.819,165 143 173 176
serine,8,tryptophan,4,3,18,2,10.484,10.028,0.13,135.9,55.7,0.0827,0.0,4.469,3.391,250 234 207 198 266 213
serine,8,tryptophan,4,3,18,3,10.484,10.028,0.13,135.9,55.7,0.0,0.0,4.428,3.391,231 313 151 185 228 94 110 227
serine,8,tryptophan,4,3,18,4,10.484,10.028,0.13,135.9,55.7,0.0,0.0,4.492,3.391,332 205 214 313 252 51 52 238 269 200
serine,8,tryptophan,4,4,16,1,10.484,10.67,0.13,88.0,85.0,3.5098,0.0,5.551,2.232,177 51 197 191
serine,8,tryptophan,4,4,16,2,10.484,10.67,0.13,88.0,85.0,0.0,0.0,3.898,0.88,175 83 177 207 205 200
serine,8,tryptophan,4,4,16,3,10.484,10.67,0.13,88.0,85.0,0.0,0.0,3.117,0.591,208 141 108 192 203 96 113 217
serine,8,tryptophan,4,4,16,4,10.484,10.67,0.13,88.0,85.0,0.0,0.0,3.396,1.496,199 173 141 187 206 108 107 243 218 151
serine,8,tryptophan,4,4,17,1,10.484,9.229,0.13,76.5,156.3,2.0349,0.0,4.608,2.143,214 345 181 181
serine,8,tryptophan,4,4,17,2,10.484,9.229,0.13,76.5,156.3,0.0,0.0,3.153,1.137,181 130 110 224 219 165
serine,8,tryptophan,4,4,17,3,10.484,9.229,0.13,76.5,156.3,0.0,0.0,1.62,0.859,243 82 120 254 174 70 123 192
serine,8,tryptophan,4,4,17,4,10.484,9.229,0.13,76.5,156.3,0.0,0.0,0.893,1.082,248 106 107 209 209 118 125 238 220 159
serine,8,tryptophan,4,4,18,1,10.484,11.399,0.13,77.8,57.2,4.1385,0.0,5.028,2.131,214 334 176 178
serine,8,tryptophan,4,4,18,2,10.484,11.399,0.13,77.8,57.2,0.5149,0.0,4.105,2.262,205 344 167 171 158 164
serine,8,tryptophan,4,4,18,3,10.484,11.399,0.13,77.8,57.2,0.0,0.0,4.399,2.262,207 254 212 163 164 252 247 171
serine,8,tryptophan,4,4,18,4,10.484,11.399,0.13,77.8,57.2,0.0,0.0,3.576,1.984,207 35 184 303 142 46 69 229 307 237
serine,8,tryptophan,4,5,16,1,10.484,10.826,0.13,82.2,74.1,3.5536,0.0,4.926,3.299,132 41 182 181
serine,8,tryptophan,4,5,16,2,10.484,10.826,0.13,82.2,74.1,0.0603,0.0,4.078,2.012,144 45 160 169 227 215
serine,8,tryptophan,4,5,16,3,10.484,10.826,0.13,82.2,74.1,0.0,0.0,4.541,4.118,217 231 195 145 142 233 220 161
serine,8,tryptophan,4,5,16,4,10.484,10.826,0.13,82.2,74.1,0.0,0.0,4.29,2.736,243 16 19 134 126 272 239 181 222 195
serine,8,tryptophan,4,5,17,1,10.484,9.016,0.13,84.3,166.7,1.8696,0.0,4.831,3.451,169 318 176 178
serine,8,tryptophan,4,5,17,2,10.484,9.016,0.13,84.3,166.7,0.0,0.0,4.281,3.787,198 236 212 124 108 161
serine,8,tryptophan,4,5,17,3,10.484,9.016,0.13,84.3,166.7,0.0,0.0,2.035,4.167,111 253 279 165 133 247 238 130
serine,8,tryptophan,4,5,17,4,10.484,9.016,0.13,84.3,166.7,0.0,0.0,2.092,3.967,137 202 233 166 146 263 256 99 139 217
serine,8,tryptophan,4,5,18,1,10.484,11.004,0.13,92.5,67.4,3.8198,0.0,5.574,4.144,180 299 166 171
serine,8,tryptophan,4,5,18,2,10.484,11.004,0.13,92.5,67.4,0.267,0.0,4.303,4.286,181 293 150 163 142 151
serine,8,tryptophan,4,5,18,3,10.484,11.004,0.13,92.5,67.4,0.0,0.0,4.477,4.744,201 193 227 153 148 231 208 149
serine,8,tryptophan,4,5,18,4,10.484,11.004,0.13,92.5,67.4,0.0,0.0,4.188,4.744,196 166 213 157 138 252 243 131 165 209
serine,8,tyrosine,2,3,8,1,8.646,9.172,0.643,66.5,92.7,2.2625,0.0,4.06,0.74,98 355 153 137
serine,8,tyrosine,2,3,8,2,8.646,9.172,0.643,66.5,92.7,0.0,0.0,2.177,2.146,84 282 242 123 158 204
serine,8,tyrosine,2,3,8,3,8.646,9.172,0.643,66.5,92.7,0.0,0.0,4.018,0.742,157 219 226 130 133 238 223 160
serine,8,tyrosine,2,3,8,4,8.646,9.172,0.643,66.5,92.7,0.0,0.0,3.848,0.538,121 31 7 328 4 301 227 17 77 215
serine,8,tyrosine,2,3,9,1,8.646,9.218,0.643,57.6,91.0,2.5904,0.0,4.223,0.458,106 0 206 258
serine,8,tyrosine,2,3,9,2,8.646,9.218,0.643,57.6,91.0,0.0,0.0,3.974,0.694,149 310 160 97 130 156
serine,8,tyrosine,2,3,9,3,8.646,9.218,0.643,57.6,91.0,0.0,0.0,3.749,1.53,52 331 296 64 88 239 213 164
serine,8,tyrosine,2,3,9,4,8.646,9.218,0.643,57.6,91.0,0.0,0.0,3.506,1.049,359 149 84 344 261 302 150 77 18 198
serine,8,tyrosine,2,3,10,1,8.646,10.876,0.643,56.4,9.4,4.3276,0.0,3.786,0.873,94 360 153 108
serine,8,tyrosine,2,3,10,2,8.646,10.876,0.643,56.4,9.4,1.1845,0.0,1.761,1.681,80 359 159 137 121 163
serine,8,tyrosine,2,3,10,3,8.646,10.876,0.643,56.4,9.4,0.3641,0.0,1.8,2.46,62 357 157 145 126 160 356 184
serine,8,tyrosine,2,3,10,4,8.646,10.876,0.643,56.4,9.4,0.0,0.0,3.828,1.679,102 286 176 162 162 206 263 144 70 193
serine,8,tyrosine,2,4,8,1,8.646,7.412,0.643,142.5,80.7,0.1454,0.0,2.491,0.478,297 149 194 187
serine,8,tyrosine,2,4,8,2,8.646,7.412,0.643,142.5,80.7,0.0,0.0,3.827,0.907,231 185 144 267 249 109
serine,8,tyrosine,2,4,8,3,8.646,7.412,0.643,142.5,80.7,0.0,0.0,3.871,1.926,169 140 226 283 198 90 185 301
serine,8,tyrosine,2,4,8,4,8.646,7.412,0.643,142.5,80.7,0.0,0.0,1.796,1.241,297 98 125 344 332 82 110 277 237 144
serine,8,tyrosine,2,4,9,1,8.646,7.052,0.643,158.9,94.1,0.4663,0.0,1.889,1.151,8 183 213 274
serine,8,tyrosine,2,4,9,2,8.646,7.052,0.643,158.9,94.1,0.0,0.0,4.0,1.022,227 177 158 293 251 88
serine,8,tyrosine,2,4,9,3,8.646,7.052,0.643,158.9,94.1,0.0,0.0,4.33,0.738,260 215 148 134 322 154 85 292
serine,8,tyrosine,2,4,9,4,8.646,7.052,0.643,158.9,94.1,0.0,0.0,2.595,0.687,104 21 307 205 27 348 198 270 83 342
serine,8,tyrosine,2,4,10,1,8.646,8.801,0.643,146.3,13.6,1.5126,0.0,1.429,1.022,359 192 180 180
serine,8,tyrosine,2,4,10,2,8.646,8.801,0.643,146.3,13.6,0.5124,0.0,0.612,2.262,56 254 136 170 2 178
serine,8,tyrosine,2,4,10,3,8.646,8.801,0.643,146.3,13.6,0.0,0.0,1.164,2.262,53 284 160 201 263 198 19 246
serine,8,tyrosine,2,4,10,4,8.646,8.801,0.643,146.3,13.6,0.0,0.0,0.95,2.262,54 29 60 28 354 124 156 263 258 144
serine,8,tyrosine,2,5,8,1,8.646,9.843,0.643,37.3,78.3,4.4853,0.0,4.064,1.571,254 1 164 34
serine,8,tyrosine,2,5,8,2,8.646,9.843,0.643,37.3,78.3,0.8846,0.0,2.836,1.543,251 2 150 53 197 192
serine,8,tyrosine,2,5,8,3,8.646,9.843,0.643,37.3,78.3,0.0,0.0,3.14,1.038,215 69 101 306 253 128 153 204
serine,8,tyrosine,2,5,8,4,8.646,9.843,0.643,37.3,78.3,0.0,0.0,1.799,3.999,317 339 229 40 126 249 196 112 128 183
serine,8,tyrosine,2,5,9,1,8.646,9.362,0.643,51.6,96.3,3.0919,0.0,3.843,2.144,254 360 154 84
serine,8,tyrosine,2,5,9,2,8.646,9.362,0.643,51.6,96.3,0.0,0.0,2.327,2.504,235 51 174 258 213 178
serine,8,tyrosine,2,5,9,3,8.646,9.362,0.643,51.6,96.3,0.0,0.0,2.72,2.541,300 77 73 279 205 99 250 282
serine,8,tyrosine,2,5,9,4,8.646,9.362,0.643,51.6,96.3,0.0,0.0,1.891,1.709,1 191 278 310 268 31 86 194 172 152
serine,8,tyrosine,2,5,10,1,8.646,11.082,0.643,47.5,19.4,4.9665,0.0,3.499,2.218,265 0 205 278
serine,8,tyrosine,2,5,10,2,8.646,11.082,0.643,47.5,19.4,1.3839,0.0,0.641,2.477,265 360 219 274 176 178
serine,8,tyrosine,2,5,10,3,8.646,11.082,0.643,47.5,19.4,0.1281,0.0,1.458,3.918,272 13 214 214 231 206 18 167
serine,8,tyrosine,2,5,10,4,8.646,11.082,0.643,47.5,19.4,0.0,0.0,2.137,4.744,346 321 165 252 275 183 111 151 296 259
serine,8,phenylalanine,0,3,12,1,5.864,7.842,0.632,21.2,63.0,4.1587,0.0,4.56,2.786,158 0 180 0
serine,8,phenylalanine,0,3,12,2,5.864,7.842,0.632,21.2,63.0,0.3599,0.0,3.496,2.689,156 360 180 360 162 122
serine,8,phenylalanine,0,3,12,3,5.864,7.842,0.632,21.2,63.0,0.0,0.0,3.685,0.71,130 303 275 79 100 245 224 158
serine,8,phenylalanine,0,3,12,4,5.864,7.842,0.632,21.2,63.0,0.0,0.0,4.221,2.649,159 352 268 14 55 306 256 99 135 203
serine,8,phenylalanine,0,3,13,1,5.864,6.695,0.632,31.8,106.4,2.4137,0.0,4.215,1.32,127 0 180 0
serine,8,phenylalanine,0,3,13,2,5.864,6.695,0.632,31.8,106.4,0.0,0.0,2.586,0.935,94 323 217 21 215 283
serine,8,phenylalanine,0,3,13,3,5.864,6.695,0.632,31.8,106.4,0.0,0.0,2.824,1.847,51 296 254 93 130 259 239 168
serine,8,phenylalanine,0,3,13,4,5.864,6.695,0.632,31.8,106.4,0.0,0.0,3.113,0.868,23 342 303 56 88 264 240 127 146 196
serine,8,phenylalanine,0,3,14,1,5.864,8.591,0.632,21.5,28.1,4.6464,0.0,4.124,0.622,112 0 180 0
serine,8,phenylalanine,0,3,14,2,5.864,8.591,0.632,21.5,28.1,0.8483,0.0,3.084,0.563,111 360 180 360 196 213
serine,8,phenylalanine,0,3,14,3,5.864,8.591,0.632,21.5,28.1,0.0,0.0,3.519,2.413,69 316 213 94 144 234 254 208
serine,8,phenylalanine,0,3,14,4,5.864,8.591,0.632,21.5,28.1,0.0,0.0,3.96,2.28,43 127 89 86 110 205 230 140 129 184
serine,8,phenylalanine,0,4,12,1,5.864,5.589,0.632,117.5,56.8,0.2418,0.0,2.472,2.262,99 76 335 80
serine,8,phenylalanine,0,4,12,2,5.864,5.589,0.632,117.5,56.8,0.0,0.0,3.092,2.262,159 163 278 60 113 300
serine,8,phenylalanine,0,4,12,3,5.864,5.589,0.632,117.5,56.8,0.0,0.0,3.092,1.997,196 168 222 103 97 289 241 134
serine,8,phenylalanine,0,4,12,4,5.864,5.589,0.632,117.5,56.8,0.0,0.0,2.853,2.262,163 260 246 79 45 270 288 48 84 246
serine,8,phenylalanine,0,4,13,1,5.864,4.213,0.632,138.5,108.6,0.7773,0.0,2.306,2.262,93 76 338 353
serine,8,phenylalanine,0,4,13,2,5.864,4.213,0.632,138.5,108.6,0.0,0.0,3.092,2.262,154 79 322 46 122 24
serine,8,phenylalanine,0,4,13,3,5.864,4.213,0.632,138.5,108.6,0.0,0.0,3.092,2.262,189 181 218 127 54 286 239 70
serine,8,phenylalanine,0,4,13,4,5.864,4.213,0.632,138.5,108.6,0.0,0.0,0.727,0.722,67 300 125 91 63 246 275 31 134 341
serine,8,phenylalanine,0,4,14,1,5.864,6.22,0.632,124.1,27.9,0.7541,0.0,1.84,1.955,24 267 6 102
serine,8,phenylalanine,0,4,14,2,5.864,6.22,0.632,124.1,27.9,0.0355,0.0,2.452,1.309,356 261 17 173 1 96
serine,8,phenylalanine,0,4,14,3,5.864,6.22,0.632,124.1,27.9,0.0,0.0,3.092,0.715,269 125 182 77 85 349 229 120
serine,8,phenylalanine,0,4,14,4,5.864,6.22,0.632,124.1,27.9,0.0,0.0,0.692,2.262,43 313 239 349 10 275 259 52 121 258
serine,8,phenylalanine,0,5,12,1,5.864,6.126,0.632,94.9,74.4,0.0,0.0,3.205,4.638,252 159 73 249
serine,8,phenylalanine,0,5,12,2,5.864,6.126,0.632,94.9,74.4,0.0,0.0,3.465,4.006,205 171 70 299 267 75
serine,8,phenylalanine,0,5,12,3,5.864,6.126,0.632,94.9,74.4,0.0,0.0,3.465,4.744,167 160 122 253 265 96 128 224
serine,8,phenylalanine,0,5,12,4,5.864,6.126,0.632,94.9,74.4,0.0,0.0,3.465,4.744,161 151 146 224 246 134 125 267 245 143
serine,8,phenylalanine,0,5,13,1,5.864,5.713,0.632,72.6,89.5,0.0,0.0,2.555,2.702,228 357 249 348
serine,8,phenylalanine,0,5,13,2,5.864,5.713,0.632,72.6,89.5,0.0,0.0,3.068,3.397,260 233 299 237 10 351
serine,8,phenylalanine,0,5,13,3,5.864,5.713,0.632,72.6,89.5,0.0,0.0,2.835,3.336,279 169 273 344 267 45 169 339
serine,8,phenylalanine,0,5,13,4,5.864,5.713,0.632,72.6,89.5,0.0,0.0,1.8,3.125,297 67 0 258 284 137 104 302 234 51
serine,8,phenylalanine,0,5,14,1,5.864,7.343,0.632,78.3,17.4,1.104,0.0,0.854,4.684,303 29 77 117
serine,8,phenylalanine,0,5,14,2,5.864,7.343,0.632,78.3,17.4,0.4004,0.0,0.645,4.744,332 27 76 139 12 124
serine,8,phenylalanine,0,5,14,3,5.864,7.343,0.632,78.3,17.4,0.0,0.0,1.154,4.744,352 28 122 335 121 190 5 90
serine,8,phenylalanine,0,5,14,4,5.864,7.343,0.632,78.3,17.4,0.0,0.0,3.465,1.686,190 61 155 284 257 147 97 213 300 134
serine,8,aspartic,9,3,3,1,2.817,2.481,-0.532,59.0,66.8,3.0292,0.0,1.065,1.538,152 238 338 353
serine,8,aspartic,9,3,3,2,2.817,2.481,-0.532,59.0,66.8,1.6284,0.0,2.47,0.551,104 240 354 319 237 357
serine,8,aspartic,9,3,3,3,2.817,2.481,-0.532,59.0,66.8,0.0,0.0,2.636,0.819,58 300 309 79 93 320 219 62
serine,8,aspartic,9,3,3,4,2.817,2.481,-0.532,59.0,66.8,0.0,0.0,2.415,0.923,10 358 318 52 84 303 262 73 119 217
serine,8,aspartic,9,3,4,1,2.817,1.609,-0.532,105.1,96.7,3.2677,0.0,3.027,3.391,265 94 360 360
serine,8,aspartic,9,3,4,2,2.817,1.609,-0.532,105.1,96.7,2.3138,0.0,3.027,3.391,317 77 360 22 152 360
serine,8,aspartic,9,3,4,3,2.817,1.609,-0.532,105.1,96.7,0.0,0.0,2.043,3.391,6 41 332 302 261 355 198 336
serine,8,aspartic,9,3,4,4,2.817,1.609,-0.532,105.1,96.7,0.0,0.0,1.109,3.094,40 322 359 299 300 67 72 296 242 114
serine,8,aspartic,9,3,5,1,2.817,3.729,-0.532,86.8,19.7,1.8416,0.0,2.669,3.391,234 109 8 7
serine,8,aspartic,9,3,5,2,2.817,3.729,-0.532,86.8,19.7,0.625,0.0,3.027,3.391,268 94 3 80 84 1
serine,8,aspartic,9,3,5,3,2.817,3.729,-0.532,86.8,19.7,0.0,0.0,3.027,3.391,307 56 32 269 285 60 105 253
serine,8,aspartic,9,3,5,4,2.817,3.729,-0.532,86.8,19.7,0.0,0.0,3.027,3.391,326 345 18 320 290 63 94 272 237 149
serine,8,aspartic,9,4,3,1,2.817,1.723,-0.532,82.1,136.3,3.1209,0.0,2.823,2.262,144 225 360 360
serine,8,aspartic,9,4,3,2,2.817,1.723,-0.532,82.1,136.3,2.1778,0.0,3.241,2.262,90 258 0 18 156 0
serine,8,aspartic,9,4,3,3,2.817,1.723,-0.532,82.1,136.3,0.0,0.0,2.733,2.262,77 239 18 100 72 49 117 333
serine,8,aspartic,9,4,3,4,2.817,1.723,-0.532,82.1,136.3,0.0,0.0,4.014,1.923,8 354 305 67 75 293 279 68 121 241
serine,8,aspartic,9,4,4,1,2.817,3.411,-0.532,41.9,62.3,2.9967,0.0,0.749,1.09,206 98 55 5
serine,8,aspartic,9,4,4,2,2.817,3.411,-0.532,41.9,62.3,1.006,0.0,1.476,0.733,254 128 17 33 130 9
serine,8,aspartic,9,4,4,3,2.817,3.411,-0.532,41.9,62.3,0.0,0.0,2.208,1.233,299 80 66 274 262 51 135 264
serine,8,aspartic,9,4,4,4,2.817,3.411,-0.532,41.9,62.3,0.0,0.0,1.694,1.504,341 12 50 306 274 72 107 266 234 156
serine,8,aspartic,9,4,5,1,2.817,4.141,-0.532,72.2,35.1,1.3813,0.0,2.863,2.262,155 227 343 352
serine,8,aspartic,9,4,5,2,2.817,4.141,-0.532,72.2,35.1,0.0,0.0,3.794,2.262,116 253 352 273 283 356
serine,8,aspartic,9,4,5,3,2.817,4.141,-0.532,72.2,35.1,0.0,0.0,3.417,2.262,51 325 330 43 111 326 218 118
serine,8,aspartic,9,4,5,4,2.817,4.141,-0.532,72.2,35.1,0.0,0.0,4.141,2.105,19 354 310 55 91 287 257 109 133 199
serine,8,aspartic,9,5,3,1,2.817,2.267,-0.532,65.3,89.9,2.8425,0.0,2.966,4.557,213 136 12 4
serine,8,aspartic,9,5,3,2,2.817,2.267,-0.532,65.3,89.9,1.654,0.0,3.218,3.267,268 118 1 27 143 1
serine,8,aspartic,9,5,3,3,2.817,2.267,-0.532,65.3,89.9,0.0,0.0,2.765,3.886,288 214 246 272 294 16 165 347
serine,8,aspartic,9,5,3,4,2.817,2.267,-0.532,65.3,89.9,0.0,0.0,3.723,4.321,14 339 19 305 273 58 98 288 242 142
serine,8,aspartic,9,5,4,1,2.817,2.442,-0.532,73.7,83.6,2.5703,0.0,3.346,4.744,111 227 352 356
serine,8,aspartic,9,5,4,2,2.817,2.442,-0.532,73.7,83.6,1.4677,0.0,3.341,4.744,55 250 359 336 213 360
serine,8,aspartic,9,5,4,3,2.817,2.442,-0.532,73.7,83.6,0.0,0.0,3.94,4.744,36 332 340 88 79 330 183 42
serine,8,aspartic,9,5,4,4,2.817,2.442,-0.532,73.7,83.6,0.0,0.0,3.769,4.744,338 25 344 52 83 297 265 76 112 213
serine,8,aspartic,9,5,5,1,2.817,3.287,-0.532,104.2,55.7,1.901,0.0,3.184,4.744,206 115 350 352
serine,8,aspartic,9,5,5,2,2.817,3.287,-0.532,104.2,55.7,0.7452,0.0,3.583,4.633,249 86 355 312 245 357
serine,8,aspartic,9,5,5,3,2.817,3.287,-0.532,104.2,55.7,0.0,0.0,3.045,4.744,80 302 345 127 38 279 271 84
serine,8,aspartic,9,5,5,4,2.817,3.287,-0.532,104.2,55.7,0.0,0.0,3.754,4.744,52 350 4 47 45 304 283 71 126 235
