frag_a,pose_a,frag_b,pose_b,h_a,h_b,k,d_cb,d_ca,cos_att,theta_a,theta_b,closure,penalty,clash_frag,clash_lig,dihedrals
tyrosine,3,phenylalanine,2,8,12,1,11.848,11.811,-0.938,58.6,109.7,5.0844,0.0,2.801,0.476,82 1 156 116
tyrosine,3,phenylalanine,2,8,12,2,11.848,11.811,-0.938,58.6,109.7,1.5246,0.0,1.9,0.463,81 1 220 244 189 186
tyrosine,3,phenylalanine,2,8,12,3,11.848,11.811,-0.938,58.6,109.7,0.0,0.0,1.822,0.569,51 347 260 37 78 219 205 188
tyrosine,3,phenylalanine,2,8,12,4,11.848,11.811,-0.938,58.6,109.7,0.0,0.0,2.146,1.446,65 282 308 72 112 220 181 64 121 227
tyrosine,3,phenylalanine,2,8,13,1,11.848,13.879,-0.938,64.0,15.3,6.8999,0.0,2.801,0.533,86 0 199 216
tyrosine,3,phenylalanine,2,8,13,2,11.848,13.879,-0.938,64.0,15.3,3.3533,0.0,1.698,0.471,87 360 144 130 179 179
tyrosine,3,phenylalanine,2,8,13,3,11.848,13.879,-0.938,64.0,15.3,0.8964,0.0,0.852,1.633,104 356 211 227 160 170 95 143
tyrosine,3,phenylalanine,2,8,13,4,11.848,13.879,-0.938,64.0,15.3,0.0885,0.0,1.253,2.565,117 356 207 221 158 170 112 141 352 188
tyrosine,3,phenylalanine,2,8,14,1,11.848,12.486,-0.938,69.1,83.6,5.3677,0.0,2.801,0.56,81 357 164 160
tyrosine,3,phenylalanine,2,8,14,2,11.848,12.486,-0.938,69.1,83.6,1.7478,0.0,1.602,0.65,78 0 215 221 180 180
tyrosine,3,phenylalanine,2,8,14,3,11.848,12.486,-0.938,69.1,83.6,0.0,0.0,2.683,0.347,98 251 228 152 166 216 209 174
tyrosine,3,phenylalanine,2,8,14,4,11.848,12.486,-0.938,69.1,83.6,0.0,0.0,1.828,2.275,152 218 215 134 138 216 208 151 162 191
tyrosine,3,phenylalanine,2,9,12,1,11.848,12.147,-0.938,43.7,119.9,6.1967,0.0,2.984,1.271,271 0 204 287
tyrosine,3,phenylalanine,2,9,12,2,11.848,12.147,-0.938,43.7,119.9,2.6721,0.0,2.984,1.393,270 0 144 80 185 183
tyrosine,3,phenylalanine,2,9,12,3,11.848,12.147,-0.938,43.7,119.9,0.0,0.0,2.552,0.89,272 37 117 326 276 157 166 170
tyrosine,3,phenylalanine,2,9,12,4,11.848,12.147,-0.938,43.7,119.9,0.0,0.0,1.768,2.545,299 31 71 303 277 137 155 221 211 170
tyrosine,3,phenylalanine,2,9,13,1,11.848,14.359,-0.938,42.9,24.1,8.3835,0.0,2.984,1.369,265 360 156 79
tyrosine,3,phenylalanine,2,9,13,2,11.848,14.359,-0.938,42.9,24.1,4.8869,0.0,2.984,1.454,266 359 217 276 173 176
tyrosine,3,phenylalanine,2,9,13,3,11.848,14.359,-0.938,42.9,24.1,1.1743,0.0,2.364,1.432,266 359 213 277 161 170 164 165
tyrosine,3,phenylalanine,2,9,13,4,11.848,14.359,-0.938,42.9,24.1,0.0,0.0,2.984,1.719,260 18 192 193 233 182 147 169 308 187
tyrosine,3,phenylalanine,2,9,14,1,11.848,13.264,-0.938,34.0,75.9,7.8884,0.0,2.984,0.974,270 360 197 317
tyrosine,3,phenylalanine,2,9,14,2,11.848,13.264,-0.938,34.0,75.9,4.3102,0.0,2.984,1.182,269 360 148 65 178 179
tyrosine,3,phenylalanine,2,9,14,3,11.848,13.264,-0.938,34.0,75.9,0.5918,0.0,2.081,1.087,270 360 153 59 177 178 177 177
tyrosine,3,phenylalanine,2,9,14,4,11.848,13.264,-0.938,34.0,75.9,0.0001,0.0,1.535,3.426,324 44 152 289 157 120 197 218 159 123
tyrosine,3,phenylalanine,2,10,12,1,11.848,9.908,-0.938,138.0,114.4,2.6652,0.0,3.187,0.904,318 148 173 176
tyrosine,3,phenylalanine,2,10,12,2,11.848,9.908,-0.938,138.0,114.4,0.0,0.0,1.437,0.77,311 170 193 260 117 87
tyrosine,3,phenylalanine,2,10,12,3,11.848,9.908,-0.938,138.0,114.4,0.0,0.0,2.757,0.642,253 156 129 280 277 117 174 236
tyrosine,3,phenylalanine,2,10,12,4,11.848,9.908,-0.938,138.0,114.4,0.0,0.0,2.048,0.701,350 22 64 5 339 105 137 301 272 148
tyrosine,3,phenylalanine,2,10,13,1,11.848,12.032,-0.938,142.5,22.3,4.7862,0.0,2.965,0.932,319 159 179 180
tyrosine,3,phenylalanine,2,10,13,2,11.848,12.032,-0.938,142.5,22.3,1.1842,0.0,1.798,0.537,341 174 173 175 159 166
tyrosine,3,phenylalanine,2,10,13,3,11.848,12.032,-0.938,142.5,22.3,0.213,0.0,2.778,0.626,14 174 159 158 150 164 352 186
tyrosine,3,phenylalanine,2,10,13,4,11.848,12.032,-0.938,142.5,22.3,0.0,0.0,2.771,0.764,12 156 166 10 270 129 120 190 275 194
tyrosine,3,phenylalanine,2,10,14,1,11.848,10.929,-0.938,133.1,74.8,3.7027,0.0,2.846,0.773,4 222 190 186
tyrosine,3,phenylalanine,2,10,14,2,11.848,10.929,-0.938,133.1,74.8,0.1064,0.0,2.085,0.829,3 227 201 193 212 204
tyrosine,3,phenylalanine,2,10,14,3,11.848,10.929,-0.938,133.1,74.8,0.0,0.0,1.864,1.246,231 158 164 249 251 149 159 195
tyrosine,3,phenylalanine,2,10,14,4,11.848,10.929,-0.938,133.1,74.8,0.0,0.0,1.896,1.276,4 40 61 356 345 115 161 291 265 158
tyrosine,3,arginine,3,8,16,1,9.808,10.362,-0.462,78.0,64.4,3.0789,0.0,2.071,0.369,64 331 181 180
tyrosine,3,arginine,3,8,16,2,9.808,10.362,-0.462,78.0,64.4,0.1559,0.0,1.382,0.829,29 5 211 246 71 159
tyrosine,3,arginine,3,8,16,3,9.808,10.362,-0.462,78.0,64.4,0.0,0.0,2.086,3.088,9 260 284 105 118 149 100 105
tyrosine,3,arginine,3,8,16,4,9.808,10.362,-0.462,78.0,64.4,0.0,0.0,1.788,0.959,56 328 290 37 65 247 226 82 106 209
tyrosine,3,arginine,3,8,17,1,9.808,10.086,-0.462,87.2,74.8,2.8104,0.0,1.655,0.965,29 53 184 182
tyrosine,3,arginine,3,8,17,2,9.808,10.086,-0.462,87.2,74.8,0.0,0.0,2.062,0.626,40 122 112 225 191 216
tyrosine,3,arginine,3,8,17,3,9.808,10.086,-0.462,87.2,74.8,0.0,0.0,1.134,1.386,21 321 354 350 103 259 217 157
tyrosine,3,arginine,3,8,17,4,9.808,10.086,-0.462,87.2,74.8,0.0,0.0,1.787,0.934,122 83 15 224 289 31 319 9 66 229
tyrosine,3,arginine,3,8,18,1,9.808,10.803,-0.462,91.1,45.8,3.5688,0.0,1.244,1.316,75 301 172 175
tyrosine,3,arginine,3,8,18,2,9.808,10.803,-0.462,91.1,45.8,0.4429,0.0,0.762,2.268,75 269 194 189 107 145
tyrosine,3,arginine,3,8,18,3,9.808,10.803,-0.462,91.1,45.8,0.0,0.0,0.4,1.546,102 282 132 0 264 181 41 135
tyrosine,3,arginine,3,8,18,4,9.808,10.803,-0.462,91.1,45.8,0.0,0.0,1.493,1.344,39 13 335 15 39 251 220 108 131 202
tyrosine,3,arginine,3,9,16,1,9.808,11.57,-0.462,20.9,75.6,7.2002,0.0,1.206,3.212,329 0 180 0
tyrosine,3,arginine,3,9,16,2,9.808,11.57,-0.462,20.9,75.6,3.6896,0.0,0.859,3.272,334 359 194 339 161 166
tyrosine,3,arginine,3,9,16,3,9.808,11.57,-0.462,20.9,75.6,0.0049,0.0,0.907,3.369,334 358 195 338 147 155 159 161
tyrosine,3,arginine,3,9,16,4,9.808,11.57,-0.462,20.9,75.6,0.0,0.0,2.282,0.809,283 66 98 284 256 141 160 214 205 172
tyrosine,3,arginine,3,9,17,1,9.808,11.627,-0.462,10.6,73.5,8.2346,0.0,1.978,1.421,303 0 180 0
tyrosine,3,arginine,3,9,17,2,9.808,11.627,-0.462,10.6,73.5,4.5007,0.0,1.906,1.598,305 360 181 359 161 146
tyrosine,3,arginine,3,9,17,3,9.808,11.627,-0.462,10.6,73.5,1.0514,0.0,2.016,1.28,301 2 175 4 143 121 202 192
tyrosine,3,arginine,3,9,17,4,9.808,11.627,-0.462,10.6,73.5,0.0,0.0,2.544,0.913,272 64 103 281 248 142 159 206 201 177
tyrosine,3,arginine,3,9,18,1,9.808,12.421,-0.462,13.4,39.8,8.6623,0.0,0.785,4.603,358 360 180 360
tyrosine,3,arginine,3,9,18,2,9.808,12.421,-0.462,13.4,39.8,4.9809,0.0,0.54,3.349,356 1 177 3 195 198
tyrosine,3,arginine,3,9,18,3,9.808,12.421,-0.462,13.4,39.8,1.3626,0.0,0.405,3.035,358 360 181 359 213 221 176 177
tyrosine,3,arginine,3,9,18,4,9.808,12.421,-0.462,13.4,39.8,0.0,0.0,1.98,4.68,83 6 165 300 201 146 164 198 227 205
tyrosine,3,arginine,3,10,16,1,9.808,9.85,-0.462,97.2,73.5,2.5641,0.0,3.048,0.323,292 73 181 181
tyrosine,3,arginine,3,10,16,2,9.808,9.85,-0.462,97.2,73.5,0.0,0.0,2.771,0.984,16 286 129 160 94 120
tyrosine,3,arginine,3,10,16,3,9.808,9.85,-0.462,97.2,73.5,0.0,0.0,2.728,0.594,282 27 323 339 83 34 98 159
tyrosine,3,arginine,3,10,16,4,9.808,9.85,-0.462,97.2,73.5,0.0,0.0,2.354,1.281,287 40 146 342 268 112 119 284 274 126
tyrosine,3,arginine,3,10,17,1,9.808,9.643,-0.462,104.2,81.1,2.3841,0.0,2.975,0.803,352 276 172 175
tyrosine,3,arginine,3,10,17,2,9.808,9.643,-0.462,104.2,81.1,0.0,0.0,2.792,0.723,12 271 142 38 278 203
tyrosine,3,arginine,3,10,17,3,9.808,9.643,-0.462,104.2,81.1,0.0,0.0,2.433,0.667,11 318 52 6 290 67 72 181
tyrosine,3,arginine,3,10,17,4,9.808,9.643,-0.462,104.2,81.1,0.0,0.0,2.019,2.357,204 144 142 245 244 143 156 244 228 162
tyrosine,3,arginine,3,10,18,1,9.808,10.78,-0.462,91.9,32.7,3.5134,0.0,2.861,0.624,347 297 181 181
tyrosine,3,arginine,3,10,18,2,9.808,10.78,-0.462,91.9,32.7,0.643,0.0,0.358,1.098,282 31 196 192 96 147
tyrosine,3,arginine,3,10,18,3,9.808,10.78,-0.462,91.9,32.7,0.0,0.0,0.758,1.758,288 12 179 223 109 224 304 247
tyrosine,3,arginine,3,10,18,4,9.808,10.78,-0.462,91.9,32.7,0.0,0.0,0.502,0.745,311 23 60 334 309 116 139 270 244 151
tyrosine,3,lysine,3,8,13,1,13.195,13.741,0.248,116.9,34.6,6.4978,0.0,2.801,1.993,117 253 178 179
tyrosine,3,lysine,3,8,13,2,13.195,13.741,0.248,116.9,34.6,2.7845,0.0,2.406,1.718,44 109 174 177 175 175
tyrosine,3,lysine,3,8,13,3,13.195,13.741,0.248,116.9,34.6,0.3646,0.0,2.359,2.773,41 132 190 185 188 187 78 154
tyrosine,3,lysine,3,8,13,4,13.195,13.741,0.248,116.9,34.6,0.0,0.0,2.801,3.934,105 184 174 179 191 210 240 143 96 167
tyrosine,3,lysine,3,8,14,1,13.195,12.057,0.248,116.1,103.9,4.7988,0.0,2.486,1.945,49 106 181 181
tyrosine,3,lysine,3,8,14,2,13.195,12.057,0.248,116.1,103.9,1.0699,0.0,2.801,2.135,121 253 180 180 180 180
tyrosine,3,lysine,3,8,14,3,13.195,12.057,0.248,116.1,103.9,0.0,0.0,2.801,3.819,166 200 212 114 123 199 173 156
tyrosine,3,lysine,3,8,14,4,13.195,12.057,0.248,116.1,103.9,0.0,0.0,2.801,4.581,172 176 189 143 142 233 224 148 162 193
tyrosine,3,lysine,3,8,15,1,13.195,11.473,0.248,113.9,130.1,4.2266,0.0,2.801,1.639,114 257 180 180
tyrosine,3,lysine,3,8,15,2,13.195,11.473,0.248,113.9,130.1,0.4962,0.0,2.36,1.376,41 103 179 180 179 179
tyrosine,3,lysine,3,8,15,3,13.195,11.473,0.248,113.9,130.1,0.0,0.0,2.801,2.336,159 200 219 107 118 207 173 150
tyrosine,3,lysine,3,8,15,4,13.195,11.473,0.248,113.9,130.1,0.0,0.0,2.801,4.144,167 179 191 139 138 231 220 144 160 195
tyrosine,3,lysine,3,9,13,1,13.195,15.909,0.248,21.6,30.0,11.2234,0.0,2.984,4.68,171 0 179 2
tyrosine,3,lysine,3,9,13,2,13.195,15.909,0.248,21.6,30.0,7.6901,0.0,2.984,4.194,172 360 203 320 178 179
tyrosine,3,lysine,3,9,13,3,13.195,15.909,0.248,21.6,30.0,3.9924,0.0,2.984,2.978,171 0 163 32 183 182 183 183
tyrosine,3,lysine,3,9,13,4,13.195,15.909,0.248,21.6,30.0,0.7182,0.0,2.984,3.258,154 359 161 43 166 174 172 171 219 201
tyrosine,3,lysine,3,9,14,1,13.195,14.142,0.248,27.5,104.6,9.1029,0.0,2.984,4.68,179 0 179 1
tyrosine,3,lysine,3,9,14,2,13.195,14.142,0.248,27.5,104.6,5.6421,0.0,2.984,4.595,181 359 207 310 173 176
tyrosine,3,lysine,3,9,14,3,13.195,14.142,0.248,27.5,104.6,1.8924,0.0,2.984,3.334,180 360 158 45 175 178 175 175
tyrosine,3,lysine,3,9,14,4,13.195,14.142,0.248,27.5,104.6,0.0,0.0,2.984,4.192,180 280 234 103 144 218 204 190 186 172
tyrosine,3,lysine,3,9,15,1,13.195,13.62,0.248,18.0,127.6,9.37,0.0,2.984,4.68,170 0 179 1
tyrosine,3,lysine,3,9,15,2,13.195,13.62,0.248,18.0,127.6,5.7045,0.0,2.984,3.666,172 360 191 341 179 179
tyrosine,3,lysine,3,9,15,3,13.195,13.62,0.248,18.0,127.6,2.1335,0.0,2.984,2.221,168 1 172 12 204 197 195 191
tyrosine,3,lysine,3,9,15,4,13.195,13.62,0.248,18.0,127.6,0.0,0.0,2.984,2.93,183 286 231 86 145 217 195 177 176 174
tyrosine,3,lysine,3,10,13,1,13.195,13.898,0.248,110.2,24.5,6.6616,0.0,3.187,1.257,316 263 182 181
tyrosine,3,lysine,3,10,13,2,13.195,13.898,0.248,110.2,24.5,2.9712,0.0,3.187,1.496,243 94 188 184 187 187
tyrosine,3,lysine,3,10,13,3,13.195,13.898,0.248,110.2,24.5,0.5699,0.0,3.187,1.644,246 67 178 179 179 179 282 206
tyrosine,3,lysine,3,10,13,4,13.195,13.898,0.248,110.2,24.5,0.0006,0.0,3.187,3.091,228 22 278 212 221 229 113 154 13 118
tyrosine,3,lysine,3,10,14,1,13.195,12.09,0.248,114.7,102.9,4.8303,0.0,3.187,1.493,311 256 179 179
tyrosine,3,lysine,3,10,14,2,13.195,12.09,0.248,114.7,102.9,1.1033,0.0,3.187,1.984,238 104 181 180 181 180
tyrosine,3,lysine,3,10,14,3,13.195,12.09,0.248,114.7,102.9,0.0,0.0,3.187,3.091,193 158 149 249 238 162 189 202
tyrosine,3,lysine,3,10,14,4,13.195,12.09,0.248,114.7,102.9,0.0,0.0,3.187,3.091,186 181 168 216 217 135 144 216 203 168
tyrosine,3,lysine,3,10,15,1,13.195,11.618,0.248,107.8,123.2,4.379,0.0,3.187,1.527,244 93 176 178
tyrosine,3,lysine,3,10,15,2,13.195,11.618,0.248,107.8,123.2,0.6645,0.0,3.187,1.262,316 269 170 174 170 171
tyrosine,3,lysine,3,10,15,3,13.195,11.618,0.248,107.8,123.2,0.0,0.0,3.187,3.091,204 154 149 239 231 152 171 198
tyrosine,3,lysine,3,10,15,4,13.195,11.618,0.248,107.8,123.2,0.0001,0.0,3.187,1.896,195 186 166 230 231 91 109 201 173 158
tyrosine,3,aspartic,4,8,3,1,7.607,8.985,0.797,19.6,82.0,5.1963,0.0,2.801,0.882,88 360 180 360
tyrosine,3,aspartic,4,8,3,2,7.607,8.985,0.797,19.6,82.0,1.4048,0.0,2.648,0.768,96 359 185 355 161 151
tyrosine,3,aspartic,4,8,3,3,7.607,8.985,0.797,19.6,82.0,0.0,0.0,2.801,2.687,176 316 204 29 187 257 191 166
tyrosine,3,aspartic,4,8,3,4,7.607,8.985,0.797,19.6,82.0,0.0,0.0,1.262,3.047,331 313 284 67 101 264 221 150 186 208
tyrosine,3,aspartic,4,8,4,1,7.607,7.818,0.797,33.8,131.3,2.9705,0.0,2.801,1.256,100 359 184 355
tyrosine,3,aspartic,4,8,4,2,7.607,7.818,0.797,33.8,131.3,0.0,0.0,2.533,0.7,81 326 217 55 148 216
tyrosine,3,aspartic,4,8,4,3,7.607,7.818,0.797,33.8,131.3,0.0,0.0,1.092,0.928,27 325 260 79 117 241 238 185
tyrosine,3,aspartic,4,8,4,4,7.607,7.818,0.797,33.8,131.3,0.0,0.0,0.518,1.228,349 112 63 74 96 281 283 132 144 197
tyrosine,3,aspartic,4,8,5,1,7.607,10.263,0.797,32.1,25.1,5.1287,0.0,2.801,0.998,95 360 183 352
tyrosine,3,aspartic,4,8,5,2,7.607,10.263,0.797,32.1,25.1,1.5618,0.0,2.519,0.982,94 0 153 49 184 183
tyrosine,3,aspartic,4,8,5,3,7.607,10.263,0.797,32.1,25.1,0.0,0.0,2.801,2.401,115 2 207 242 222 175 57 150
tyrosine,3,aspartic,4,8,5,4,7.607,10.263,0.797,32.1,25.1,0.0,0.0,2.801,1.964,84 348 264 57 79 223 238 144 114 171
tyrosine,3,aspartic,4,9,3,1,7.607,7.777,0.797,76.3,95.9,0.5557,0.0,2.646,1.826,274 19 201 198
tyrosine,3,aspartic,4,9,3,2,7.607,7.777,0.797,76.3,95.9,0.0,0.0,2.984,3.025,232 34 271 287 172 16
tyrosine,3,aspartic,4,9,3,3,7.607,7.777,0.797,76.3,95.9,0.0,0.0,1.968,3.727,4 290 154 120 116 50 30 358
tyrosine,3,aspartic,4,9,3,4,7.607,7.777,0.797,76.3,95.9,0.0,0.0,2.58,2.398,286 358 29 356 349 71 92 312 256 123
tyrosine,3,aspartic,4,9,4,1,7.607,7.111,0.797,64.6,124.5,0.2182,0.0,2.921,1.55,275 360 160 107
tyrosine,3,aspartic,4,9,4,2,7.607,7.111,0.797,64.6,124.5,0.0,0.0,2.414,2.121,290 86 30 339 277 87
tyrosine,3,aspartic,4,9,4,3,7.607,7.111,0.797,64.6,124.5,0.0,0.0,1.665,2.169,340 39 36 293 266 97 162 247
tyrosine,3,aspartic,4,9,4,4,7.607,7.111,0.797,64.6,124.5,0.0,0.0,0.832,1.298,350 262 308 263 255 70 79 276 240 140
tyrosine,3,aspartic,4,9,5,1,7.607,9.451,0.797,68.5,24.0,2.3373,0.0,2.71,1.528,282 358 161 150
tyrosine,3,aspartic,4,9,5,2,7.607,9.451,0.797,68.5,24.0,0.446,0.0,2.984,2.668,238 33 174 177 43 159
tyrosine,3,aspartic,4,9,5,3,7.607,9.451,0.797,68.5,24.0,0.0,0.0,2.984,2.332,270 2 140 255 28 159 6 94
tyrosine,3,aspartic,4,9,5,4,7.607,9.451,0.797,68.5,24.0,0.0,0.0,2.984,2.918,250 46 68 330 326 102 107 238 226 149
tyrosine,3,aspartic,4,10,3,1,7.607,6.768,0.797,115.8,78.0,0.0,0.0,3.023,1.562,92 274 129 99
tyrosine,3,aspartic,4,10,3,2,7.607,6.768,0.797,115.8,78.0,0.0,0.0,1.933,1.683,358 348 284 307 347 285
tyrosine,3,aspartic,4,10,3,3,7.607,6.768,0.797,115.8,78.0,0.0,0.0,2.334,1.436,337 31 205 150 81 283 287 42
tyrosine,3,aspartic,4,10,3,4,7.607,6.768,0.797,115.8,78.0,0.0,0.0,2.567,2.142,117 305 193 73 83 274 246 15 127 268
tyrosine,3,aspartic,4,10,4,1,7.607,5.441,0.797,134.4,135.7,0.0,0.0,1.713,1.069,18 289 8 74
tyrosine,3,aspartic,4,10,4,2,7.607,5.441,0.797,134.4,135.7,0.0,0.0,1.696,0.722,314 253 7 49 185 340
tyrosine,3,aspartic,4,10,4,3,7.607,5.441,0.797,134.4,135.7,0.0,0.0,3.187,3.072,171 188 211 106 63 286 254 116
tyrosine,3,aspartic,4,10,4,4,7.607,5.441,0.797,134.4,135.7,0.0,0.0,2.304,0.293,247 327 309 298 281 35 104 44 265 75
tyrosine,3,aspartic,4,10,5,1,7.607,7.918,0.797,131.5,29.0,1.0593,0.0,3.116,1.694,73 193 246 220
tyrosine,3,aspartic,4,10,5,2,7.607,7.918,0.797,131.5,29.0,0.2562,0.0,3.187,2.816,102 163 261 238 342 213
tyrosine,3,aspartic,4,10,5,3,7.607,7.918,0.797,131.5,29.0,0.0,0.0,3.187,3.091,149 180 190 121 116 253 235 154
tyrosine,3,aspartic,4,10,5,4,7.607,7.918,0.797,131.5,29.0,0.0,0.0,2.303,1.741,75 310 326 339 343 284 230 116 104 208
tyrosine,3,glutamic,4,8,5,1,8.141,8.483,-0.839,6.6,137.7,6.127,0.0,2.801,4.581,256 360 180 360
tyrosine,3,glutamic,4,8,5,2,8.141,8.483,-0.839,6.6,137.7,2.5472,0.0,2.801,4.581,245 360 181 360 210 268
tyrosine,3,glutamic,4,8,5,3,8.141,8.483,-0.839,6.6,137.7,0.0,0.0,2.722,4.581,206 51 154 305 183 103 145 181
tyrosine,3,glutamic,4,8,5,4,8.141,8.483,-0.839,6.6,137.7,0.0,0.0,1.281,2.786,5 39 116 267 247 146 130 219 251 192
tyrosine,3,glutamic,4,8,6,1,8.141,10.95,-0.839,4.8,30.9,8.2398,0.0,2.801,4.581,261 360 180 360
tyrosine,3,glutamic,4,8,6,2,8.141,10.95,-0.839,4.8,30.9,4.5592,0.0,2.801,4.581,257 1 178 1 206 237
tyrosine,3,glutamic,4,8,6,3,8.141,10.95,-0.839,4.8,30.9,0.9558,0.0,2.801,4.581,259 0 179 1 221 244 185 183
tyrosine,3,glutamic,4,8,6,4,8.141,10.95,-0.839,4.8,30.9,0.0,0.0,2.801,4.581,274 44 144 275 206 147 162 223 244 200
tyrosine,3,glutamic,4,8,7,1,8.141,9.649,-0.839,7.3,86.2,6.9223,0.0,2.181,0.459,55 360 180 360
tyrosine,3,glutamic,4,8,7,2,8.141,9.649,-0.839,7.3,86.2,3.2824,0.0,2.48,0.418,64 359 182 358 151 114
tyrosine,3,glutamic,4,8,7,3,8.141,9.649,-0.839,7.3,86.2,0.0,0.0,1.952,0.3,57 339 205 32 177 244 201 186
tyrosine,3,glutamic,4,8,7,4,8.141,9.649,-0.839,7.3,86.2,0.0,0.0,1.368,1.229,83 304 272 76 104 230 211 138 149 190
tyrosine,3,glutamic,4,9,5,1,8.141,6.45,-0.839,103.4,145.1,0.0,0.0,1.719,2.906,257 51 254 277
tyrosine,3,glutamic,4,9,5,2,8.141,6.45,-0.839,103.4,145.1,0.0,0.0,2.092,3.976,260 298 351 135 340 102
tyrosine,3,glutamic,4,9,5,3,8.141,6.45,-0.839,103.4,145.1,0.0,0.0,2.033,3.991,39 29 78 274 254 59 62 225
tyrosine,3,glutamic,4,9,5,4,8.141,6.45,-0.839,103.4,145.1,0.0,0.0,1.651,1.965,179 117 136 265 263 78 122 353 275 142
tyrosine,3,glutamic,4,9,6,1,8.141,8.936,-0.839,104.1,36.3,1.6603,0.0,2.203,3.617,265 89 174 176
tyrosine,3,glutamic,4,9,6,2,8.141,8.936,-0.839,104.1,36.3,0.1199,0.0,2.544,4.68,6 237 202 192 19 168
tyrosine,3,glutamic,4,9,6,3,8.141,8.936,-0.839,104.1,36.3,0.0,0.0,2.984,4.311,238 190 134 225 248 145 24 202
tyrosine,3,glutamic,4,9,6,4,8.141,8.936,-0.839,104.1,36.3,0.0,0.0,2.984,4.68,204 174 173 226 228 126 130 230 219 164
tyrosine,3,glutamic,4,9,7,1,8.141,8.027,-0.839,88.6,74.3,0.8078,0.0,1.976,3.17,335 311 157 164
tyrosine,3,glutamic,4,9,7,2,8.141,8.027,-0.839,88.6,74.3,0.0,0.0,1.689,4.398,354 24 111 251 207 121
tyrosine,3,glutamic,4,9,7,3,8.141,8.027,-0.839,88.6,74.3,0.0,0.0,2.412,4.68,349 91 75 184 259 116 107 219
tyrosine,3,glutamic,4,9,7,4,8.141,8.027,-0.839,88.6,74.3,0.0,0.0,2.399,4.68,27 4 46 344 317 27 59 286 240 138
tyrosine,3,glutamic,4,10,5,1,8.141,6.827,-0.839,88.8,124.5,0.0,0.0,1.049,1.579,97 259 218 122
tyrosine,3,glutamic,4,10,5,2,8.141,6.827,-0.839,88.8,124.5,0.0,0.0,2.45,2.978,130 208 279 55 94 262
tyrosine,3,glutamic,4,10,5,3,8.141,6.827,-0.839,88.8,124.5,0.0,0.0,2.435,3.091,162 202 241 118 96 252 226 138
tyrosine,3,glutamic,4,10,5,4,8.141,6.827,-0.839,88.8,124.5,0.0,0.0,3.187,3.091,169 272 236 75 70 241 251 126 147 226
tyrosine,3,glutamic,4,10,6,1,8.141,9.205,-0.839,93.6,21.1,1.9163,0.0,1.608,1.356,28 68 181 180
tyrosine,3,glutamic,4,10,6,2,8.141,9.205,-0.839,93.6,21.1,0.5928,0.0,3.128,2.973,109 347 122 133 338 197
tyrosine,3,glutamic,4,10,6,3,8.141,9.205,-0.839,93.6,21.1,0.0,0.0,3.187,3.091,117 316 185 98 1 196 349 233
tyrosine,3,glutamic,4,10,6,4,8.141,9.205,-0.839,93.6,21.1,0.0,0.0,3.187,3.091,163 232 200 130 123 202 229 118 101 206
tyrosine,3,glutamic,4,10,7,1,8.141,7.73,-0.839,99.9,86.8,0.6667,0.0,1.965,0.797,12 89 153 162
tyrosine,3,glutamic,4,10,7,2,8.141,7.73,-0.839,99.9,86.8,0.0,0.0,1.953,0.904,359 334 323 22 71 192
tyrosine,3,glutamic,4,10,7,3,8.141,7.73,-0.839,99.9,86.8,0.0,0.0,2.322,0.675,339 20 323 33 76 279 247 145
tyrosine,3,glutamic,4,10,7,4,8.141,7.73,-0.839,99.9,86.8,0.0,0.0,1.009,2.645,156 50 314 72 191 290 195 316 343 148
tyrosine,3,isoleucine,2,8,4,1,8.192,7.604,0.873,49.0,158.6,1.8771,0.0,2.801,2.284,118 357 205 310
tyrosine,3,isoleucine,2,8,4,2,8.192,7.604,0.873,49.0,158.6,0.0,0.0,2.801,0.644,100 282 246 76 179 243
tyrosine,3,isoleucine,2,8,4,3,8.192,7.604,0.873,49.0,158.6,0.0,0.0,1.54,1.266,49 322 300 67 103 254 209 144
tyrosine,3,isoleucine,2,8,4,4,8.192,7.604,0.873,49.0,158.6,0.0,0.0,1.002,0.627,7 342 309 54 88 274 242 138 166 200
tyrosine,3,isoleucine,2,8,5,1,8.192,9.205,0.873,61.3,79.3,2.4771,0.0,2.801,2.172,115 358 153 120
tyrosine,3,isoleucine,2,8,5,2,8.192,9.205,0.873,61.3,79.3,0.0,0.0,2.801,2.434,76 48 196 343 103 216
tyrosine,3,isoleucine,2,8,5,3,8.192,9.205,0.873,61.3,79.3,0.0,0.0,2.801,3.894,152 191 276 152 123 234 195 130
tyrosine,3,isoleucine,2,8,5,4,8.192,9.205,0.873,61.3,79.3,0.0,0.0,2.801,2.17,90 347 316 41 74 253 222 99 122 202
tyrosine,3,isoleucine,2,8,6,1,8.192,9.901,0.873,51.3,52.3,3.5806,0.0,2.801,2.65,124 360 205 275
tyrosine,3,isoleucine,2,8,6,2,8.192,9.901,0.873,51.3,52.3,0.302,0.0,2.801,3.791,141 360 200 260 205 187
tyrosine,3,isoleucine,2,8,6,3,8.192,9.901,0.873,51.3,52.3,0.0,0.0,2.801,3.165,115 334 277 28 76 252 249 174
tyrosine,3,isoleucine,2,8,6,4,8.192,9.901,0.873,51.3,52.3,0.0,0.0,2.678,1.809,79 338 301 66 94 228 212 111 121 192
tyrosine,3,isoleucine,2,9,4,1,8.192,7.246,0.873,63.3,177.5,0.9589,0.0,2.984,2.172,252 355 219 265
tyrosine,3,isoleucine,2,9,4,2,8.192,7.246,0.873,63.3,177.5,0.0,0.0,2.878,2.462,270 93 72 202 294 129
tyrosine,3,isoleucine,2,9,4,3,8.192,7.246,0.873,63.3,177.5,0.0,0.0,2.984,2.289,228 192 77 208 277 58 87 252
tyrosine,3,isoleucine,2,9,4,4,8.192,7.246,0.873,63.3,177.5,0.0,0.0,2.381,2.452,290 1 24 321 285 78 125 296 259 156
tyrosine,3,isoleucine,2,9,5,1,8.192,9.321,0.873,56.6,64.6,2.7245,0.0,2.984,2.421,245 0 155 97
tyrosine,3,isoleucine,2,9,5,2,8.192,9.321,0.873,56.6,64.6,0.1024,0.0,2.984,2.856,233 0 181 309 342 180
tyrosine,3,isoleucine,2,9,5,3,8.192,9.321,0.873,56.6,64.6,0.0,0.0,2.984,4.092,253 303 163 83 173 137 57 47
tyrosine,3,isoleucine,2,9,5,4,8.192,9.321,0.873,56.6,64.6,0.0,0.0,2.541,2.455,278 18 56 303 261 106 148 292 254 144
tyrosine,3,isoleucine,2,9,6,1,8.192,9.4,0.873,71.2,61.6,2.3053,0.0,2.984,2.934,258 350 159 157
tyrosine,3,isoleucine,2,9,6,2,8.192,9.4,0.873,71.2,61.6,0.0,0.0,2.984,4.182,213 100 151 237 229 185
tyrosine,3,isoleucine,2,9,6,3,8.192,9.4,0.873,71.2,61.6,0.0,0.0,2.984,4.68,185 153 122 230 225 122 159 215
tyrosine,3,isoleucine,2,9,6,4,8.192,9.4,0.873,71.2,61.6,0.0,0.0,2.984,4.68,194 172 146 214 224 113 122 231 209 157
tyrosine,3,isoleucine,2,10,4,1,8.192,5.233,0.873,161.3,164.1,0.584,0.0,2.748,1.091,31 230 98 15
tyrosine,3,isoleucine,2,10,4,2,8.192,5.233,0.873,161.3,164.1,0.0,0.0,3.187,2.701,253 265 86 348 163 52
tyrosine,3,isoleucine,2,10,4,3,8.192,5.233,0.873,161.3,164.1,0.0,0.0,3.187,2.918,108 339 88 92 351 35 214 273
tyrosine,3,isoleucine,2,10,4,4,8.192,5.233,0.873,161.3,164.1,0.0,0.0,1.758,0.551,9 5 65 130 37 296 242 282 212 338
tyrosine,3,isoleucine,2,10,5,1,8.192,7.071,0.873,168.5,70.5,0.8653,0.0,2.397,0.548,347 180 165 52
tyrosine,3,isoleucine,2,10,5,2,8.192,7.071,0.873,168.5,70.5,0.0,0.0,3.187,3.091,196 117 218 56 131 92
tyrosine,3,isoleucine,2,10,5,3,8.192,7.071,0.873,168.5,70.5,0.0,0.0,3.187,3.083,114 138 182 308 295 73 120 235
tyrosine,3,isoleucine,2,10,5,4,8.192,7.071,0.873,168.5,70.5,0.0,0.0,1.616,0.502,233 106 151 320 295 55 99 120 96 166
tyrosine,3,isoleucine,2,10,6,1,8.192,7.549,0.873,163.2,52.1,0.977,0.0,3.036,1.808,68 180 201 276
tyrosine,3,isoleucine,2,10,6,2,8.192,7.549,0.873,163.2,52.1,0.0,0.0,3.187,3.091,144 145 224 128 86 250
tyrosine,3,isoleucine,2,10,6,3,8.192,7.549,0.873,163.2,52.1,0.0,0.0,3.187,2.895,105 126 203 222 17 301 273 92
tyrosine,3,isoleucine,2,10,6,4,8.192,7.549,0.873,163.2,52.1,0.0,0.0,3.187,3.091,142 159 167 269 33 191 255 104 152 323
tyrosine,3,leucine,2,8,1,1,13.505,13.158,-0.065,119.0,73.7,5.9017,0.0,2.801,1.8,96 249 177 178
tyrosine,3,leucine,2,8,1,2,13.505,13.158,-0.065,119.0,73.7,2.1816,0.0,0.937,1.922,23 113 175 177 176 176
tyrosine,3,leucine,2,8,1,3,13.505,13.158,-0.065,119.0,73.7,0.0,0.0,2.06,3.063,80 198 188 179 189 237 239 186
tyrosine,3,leucine,2,8,1,4,13.505,13.158,-0.065,119.0,73.7,0.0,0.0,2.071,4.581,148 188 190 139 141 213 206 148 158 190
tyrosine,3,leucine,2,8,2,1,13.505,13.285,-0.065,115.5,68.8,6.0231,0.0,2.217,1.576,30 105 181 180
tyrosine,3,leucine,2,8,2,2,13.505,13.285,-0.065,115.5,68.8,2.3002,0.0,0.864,1.467,103 254 181 180 181 181
tyrosine,3,leucine,2,8,2,3,13.505,13.285,-0.065,115.5,68.8,0.0,0.0,1.726,3.731,125 206 198 150 157 201 195 174
tyrosine,3,leucine,2,8,2,4,13.505,13.285,-0.065,115.5,68.8,0.0,0.0,2.718,4.581,154 190 193 143 144 211 203 145 154 190
tyrosine,3,leucine,2,8,13,1,13.505,13.797,-0.065,109.2,47.5,6.5503,0.0,2.801,0.913,98 265 183 182
tyrosine,3,leucine,2,8,13,2,13.505,13.797,-0.065,109.2,47.5,2.8462,0.0,1.655,1.34,26 92 188 184 187 186
tyrosine,3,leucine,2,8,13,3,13.505,13.797,-0.065,109.2,47.5,0.1724,0.0,1.389,1.444,26 69 179 179 179 179 273 207
tyrosine,3,leucine,2,8,13,4,13.505,13.797,-0.065,109.2,47.5,0.0,0.0,2.433,0.829,136 248 192 111 106 170 206 123 70 164
tyrosine,3,leucine,2,9,1,1,13.505,15.438,-0.065,14.9,70.7,11.316,0.0,2.984,4.68,122 0 180 0
tyrosine,3,leucine,2,9,1,2,13.505,15.438,-0.065,14.9,70.7,7.7071,0.0,2.984,4.162,124 360 189 346 175 176
tyrosine,3,leucine,2,9,1,3,13.505,15.438,-0.065,14.9,70.7,4.0236,0.0,2.777,2.913,122 0 180 0 198 197 181 180
tyrosine,3,leucine,2,9,1,4,13.505,15.438,-0.065,14.9,70.7,0.3446,0.0,1.385,3.255,122 360 191 343 180 180 178 178 180 180
tyrosine,3,leucine,2,9,2,1,13.505,15.485,-0.065,15.0,68.9,11.3445,0.0,2.984,4.68,159 360 180 360
tyrosine,3,leucine,2,9,2,2,13.505,15.485,-0.065,15.0,68.9,7.7413,0.0,2.984,3.72,156 0 170 15 185 184
tyrosine,3,leucine,2,9,2,3,13.505,15.485,-0.065,15.0,68.9,4.0517,0.0,2.731,2.541,158 360 180 360 163 164 180 180
tyrosine,3,leucine,2,9,2,4,13.505,15.485,-0.065,15.0,68.9,0.3781,0.0,1.261,2.657,158 360 169 19 180 180 183 182 180 180
tyrosine,3,leucine,2,9,13,1,13.505,15.891,-0.065,6.6,52.2,12.5135,0.0,2.984,4.68,142 360 180 360
tyrosine,3,leucine,2,9,13,2,13.505,15.891,-0.065,6.6,52.2,8.7668,0.0,2.984,3.784,142 0 180 0 180 181
tyrosine,3,leucine,2,9,13,3,13.505,15.891,-0.065,6.6,52.2,5.2863,0.0,2.825,2.507,148 360 182 358 147 141 174 176
tyrosine,3,leucine,2,9,13,4,13.505,15.891,-0.065,6.6,52.2,1.5274,0.0,0.74,2.495,148 360 182 358 154 147 169 174 173 174
tyrosine,3,leucine,2,10,1,1,13.505,13.774,-0.065,94.0,63.6,6.5172,0.0,3.187,0.401,320 292 182 181
tyrosine,3,leucine,2,10,1,2,13.505,13.774,-0.065,94.0,63.6,2.8475,0.0,1.818,0.618,258 62 192 187 190 189
tyrosine,3,leucine,2,10,1,3,13.505,13.774,-0.065,94.0,63.6,0.0,0.0,1.862,1.554,273 45 173 203 188 224 233 189
tyrosine,3,leucine,2,10,1,4,13.505,13.774,-0.065,94.0,63.6,0.0,0.0,1.987,3.091,213 135 145 228 219 171 179 242 245 184
tyrosine,3,leucine,2,10,2,1,13.505,13.562,-0.065,104.1,71.8,6.312,0.0,3.187,0.706,322 275 177 178
tyrosine,3,leucine,2,10,2,2,13.505,13.562,-0.065,104.1,71.8,2.585,0.0,1.737,0.953,252 84 178 179 178 178
tyrosine,3,leucine,2,10,2,3,13.505,13.562,-0.065,104.1,71.8,0.0,0.0,2.227,2.216,237 141 156 204 195 159 164 183
tyrosine,3,leucine,2,10,2,4,13.505,13.562,-0.065,104.1,71.8,0.0,0.0,3.046,3.091,208 166 163 217 214 141 150 206 194 169
tyrosine,3,leucine,2,10,13,1,13.505,14.002,-0.065,101.0,54.2,6.7457,0.0,3.187,0.466,259 80 182 181
tyrosine,3,leucine,2,10,13,2,13.505,14.002,-0.065,101.0,54.2,3.0287,0.0,1.91,0.72,327 282 179 180 180 180
tyrosine,3,leucine,2,10,13,3,13.505,14.002,-0.065,101.0,54.2,0.1524,0.0,1.782,0.814,272 88 155 168 161 162 102 152
tyrosine,3,leucine,2,10,13,4,13.505,14.002,-0.065,101.0,54.2,0.0,0.0,2.801,0.785,282 160 172 191 176 112 116 213 213 177
tyrosine,3,serine,0,8,3,1,7.473,7.764,0.214,58.7,101.0,1.1407,0.0,2.801,0.938,75 360 205 269
tyrosine,3,serine,0,8,3,2,7.473,7.764,0.214,58.7,101.0,0.0,0.0,1.509,0.67,46 304 292 42 67 182
tyrosine,3,serine,0,8,3,3,7.473,7.764,0.214,58.7,101.0,0.0,0.0,0.928,0.642,11 345 301 53 89 263 234 159
tyrosine,3,serine,0,8,3,4,7.473,7.764,0.214,58.7,101.0,0.0,0.0,1.132,1.045,24 360 322 50 73 254 234 109 130 203
tyrosine,3,serine,0,8,4,1,7.473,9.717,0.214,56.2,5.4,3.2216,0.0,2.542,0.751,65 1 207 256
tyrosine,3,serine,0,8,4,2,7.473,9.717,0.214,56.2,5.4,0.9352,0.0,2.801,0.725,89 359 175 174 319 195
tyrosine,3,serine,0,8,4,3,7.473,9.717,0.214,56.2,5.4,0.257,0.0,2.801,1.806,106 2 185 186 283 204 1 178
tyrosine,3,serine,0,8,4,4,7.473,9.717,0.214,56.2,5.4,0.0,0.0,2.801,2.523,99 7 208 30 70 208 289 190 46 159
tyrosine,3,serine,0,8,5,1,7.473,7.739,0.214,47.7,102.0,1.8428,0.0,2.234,0.29,56 1 163 42
tyrosine,3,serine,0,8,5,2,7.473,7.739,0.214,47.7,102.0,0.0,0.0,1.182,1.911,22 318 230 73 162 231
tyrosine,3,serine,0,8,5,3,7.473,7.739,0.214,47.7,102.0,0.0,0.0,0.756,3.749,5 280 239 92 174 285 206 150
tyrosine,3,serine,0,8,5,4,7.473,7.739,0.214,47.7,102.0,0.0,0.0,2.568,0.395,82 314 303 58 69 272 256 39 88 221
tyrosine,3,serine,0,9,3,1,7.473,8.28,0.214,35.5,100.0,3.1575,0.0,2.873,0.516,276 1 173 11
tyrosine,3,serine,0,9,3,2,7.473,8.28,0.214,35.5,100.0,0.0,0.0,2.969,1.148,258 42 161 296 228 173
tyrosine,3,serine,0,9,3,3,7.473,8.28,0.214,35.5,100.0,0.0,0.0,1.522,2.026,335 36 83 292 254 115 138 192
tyrosine,3,serine,0,9,3,4,7.473,8.28,0.214,35.5,100.0,0.0,0.0,1.315,2.026,324 19 56 302 276 113 134 240 222 162
tyrosine,3,serine,0,9,4,1,7.473,10.109,0.214,38.2,19.0,4.6002,0.0,2.28,1.017,294 360 165 41
tyrosine,3,serine,0,9,4,2,7.473,10.109,0.214,38.2,19.0,1.0437,0.0,2.267,0.994,295 359 147 68 170 174
tyrosine,3,serine,0,9,4,3,7.473,10.109,0.214,38.2,19.0,0.0085,0.0,2.472,2.229,281 15 216 208 260 211 17 159
tyrosine,3,serine,0,9,4,4,7.473,10.109,0.214,38.2,19.0,0.0,0.0,1.519,3.292,341 328 122 310 294 134 90 180 274 223
tyrosine,3,serine,0,9,5,1,7.473,7.862,0.214,42.1,117.6,2.3633,0.0,2.023,1.35,302 360 195 328
tyrosine,3,serine,0,9,5,2,7.473,7.862,0.214,42.1,117.6,0.0,0.0,2.969,1.483,285 311 228 87 131 221
tyrosine,3,serine,0,9,5,3,7.473,7.862,0.214,42.1,117.6,0.0,0.0,1.496,2.425,325 41 58 309 287 88 130 226
tyrosine,3,serine,0,9,5,4,7.473,7.862,0.214,42.1,117.6,0.0,0.0,1.26,2.426,332 15 51 310 285 106 127 252 229 156
tyrosine,3,serine,0,10,3,1,7.473,6.061,0.214,127.2,108.0,0.0,0.0,3.187,0.586,304 206 98 270
tyrosine,3,serine,0,10,3,2,7.473,6.061,0.214,127.2,108.0,0.0,0.0,3.187,0.852,287 310 356 122 55 254
tyrosine,3,serine,0,10,3,3,7.473,6.061,0.214,127.2,108.0,0.0,0.0,3.187,1.119,84 247 185 180 293 37 226 327
tyrosine,3,serine,0,10,3,4,7.473,6.061,0.214,127.2,108.0,0.0,0.0,2.367,0.375,314 29 79 37 9 71 101 299 242 126
tyrosine,3,serine,0,10,4,1,7.473,8.137,0.214,117.9,17.5,1.1558,0.0,2.746,0.899,28 218 235 198
tyrosine,3,serine,0,10,4,2,7.473,8.137,0.214,117.9,17.5,0.3708,0.0,2.824,1.406,48 166 273 202 359 182
tyrosine,3,serine,0,10,4,3,7.473,8.137,0.214,117.9,17.5,0.0,0.0,3.187,1.677,100 243 200 255 242 129 77 155
tyrosine,3,serine,0,10,4,4,7.473,8.137,0.214,117.9,17.5,0.0,0.0,3.187,2.046,293 319 46 33 4 144 97 204 308 158
tyrosine,3,serine,0,10,5,1,7.473,6.16,0.214,108.6,103.8,0.0,0.0,2.78,0.629,14 119 6 232
tyrosine,3,serine,0,10,5,2,7.473,6.16,0.214,108.6,103.8,0.0,0.0,3.187,1.578,82 210 224 300 255 54
tyrosine,3,serine,0,10,5,3,7.473,6.16,0.214,108.6,103.8,0.0,0.0,1.628,0.855,312 281 315 249 334 298 332 316
tyrosine,3,serine,0,10,5,4,7.473,6.16,0.214,108.6,103.8,0.0,0.0,2.275,1.032,282 68 123 310 290 95 107 284 248 155
tyrosine,3,tryptophan,0,8,16,1,3.838,5.532,0.45,48.9,60.1,1.054,0.0,2.801,4.581,260 41 125 4
tyrosine,3,tryptophan,0,8,16,2,3.838,5.532,0.45,48.9,60.1,0.0,0.0,2.323,4.581,305 86 74 302 200 74
tyrosine,3,tryptophan,0,8,16,3,3.838,5.532,0.45,48.9,60.1,0.0,0.0,1.524,3.417,342 65 38 283 247 76 184 255
tyrosine,3,tryptophan,0,8,16,4,3.838,5.532,0.45,48.9,60.1,0.0,0.0,1.115,3.73,343 32 29 279 247 92 159 288 225 149
tyrosine,3,tryptophan,0,8,17,1,3.838,3.556,0.45,30.0,150.8,3.0869,0.0,2.801,4.581,255 64 98 0
tyrosine,3,tryptophan,0,8,17,2,3.838,3.556,0.45,30.0,150.8,0.3471,0.0,2.801,4.581,286 164 1 7 169 1
tyrosine,3,tryptophan,0,8,17,3,3.838,3.556,0.45,30.0,150.8,0.0,0.0,0.707,2.98,0 88 67 275 267 46 133 260
tyrosine,3,tryptophan,0,8,17,4,3.838,3.556,0.45,30.0,150.8,0.0,0.0,1.83,1.287,41 23 43 304 280 68 115 271 221 151
tyrosine,3,tryptophan,0,8,18,1,3.838,5.184,0.45,46.9,72.7,1.2873,0.0,2.801,4.581,224 317 238 357
tyrosine,3,tryptophan,0,8,18,2,3.838,5.184,0.45,46.9,72.7,0.0,0.0,2.801,4.581,238 116 7 356 251 337
tyrosine,3,tryptophan,0,8,18,3,3.838,5.184,0.45,46.9,72.7,0.0,0.0,2.422,4.581,297 40 41 295 282 67 130 245
tyrosine,3,tryptophan,0,8,18,4,3.838,5.184,0.45,46.9,72.7,0.0,0.0,2.094,4.581,322 359 43 304 266 95 121 252 236 165
tyrosine,3,tryptophan,0,9,16,1,3.838,3.313,0.45,146.9,45.4,1.9073,0.0,2.828,4.68,27 35 351 356
tyrosine,3,tryptophan,0,9,16,2,3.838,3.313,0.45,146.9,45.4,0.6944,0.0,2.984,4.68,99 31 1 52 114 1
tyrosine,3,tryptophan,0,9,16,3,3.838,3.313,0.45,146.9,45.4,0.0,0.0,2.984,4.68,163 20 342 25 165 131 29 352
tyrosine,3,tryptophan,0,9,16,4,3.838,3.313,0.45,146.9,45.4,0.0,0.0,2.083,4.68,92 289 175 206 310 109 42 56 141 241
tyrosine,3,tryptophan,0,9,17,1,3.838,1.226,0.45,117.3,128.9,3.7202,0.0,1.8,4.68,15 55 5 3
tyrosine,3,tryptophan,0,9,17,2,3.838,1.226,0.45,117.3,128.9,2.8057,0.0,2.25,4.68,66 60 4 44 121 2
tyrosine,3,tryptophan,0,9,17,3,3.838,1.226,0.45,117.3,128.9,0.0,0.0,2.189,4.68,66 95 7 127 35 12 152 27
tyrosine,3,tryptophan,0,9,17,4,3.838,1.226,0.45,117.3,128.9,0.0,0.0,2.984,4.08,122 299 315 272 296 58 82 352 232 82
tyrosine,3,tryptophan,0,9,18,1,3.838,2.843,0.45,156.2,61.0,2.373,0.0,2.984,4.107,240 326 14 3
tyrosine,3,tryptophan,0,9,18,2,3.838,2.843,0.45,156.2,61.0,1.1124,0.0,2.984,4.68,151 338 359 317 237 359
tyrosine,3,tryptophan,0,9,18,3,3.838,2.843,0.45,156.2,61.0,0.0,0.0,2.984,4.68,91 253 68 132 22 65 123 20
tyrosine,3,tryptophan,0,9,18,4,3.838,2.843,0.45,156.2,61.0,0.0,0.0,2.946,4.68,79 201 201 232 286 212 326 334 230 117
tyrosine,3,tryptophan,0,10,16,1,3.838,5.606,0.45,45.8,35.2,2.0198,0.0,2.911,3.091,115 53 101 12
tyrosine,3,tryptophan,0,10,16,2,3.838,5.606,0.45,45.8,35.2,0.6246,0.0,3.187,3.091,157 45 93 54 86 50
tyrosine,3,tryptophan,0,10,16,3,3.838,5.606,0.45,45.8,35.2,0.0,0.0,0.755,1.863,11 349 206 335 235 302 253 101
tyrosine,3,tryptophan,0,10,16,4,3.838,5.606,0.45,45.8,35.2,0.0,0.0,1.756,1.333,347 335 277 51 69 288 292 111 114 210
tyrosine,3,tryptophan,0,10,17,1,3.838,3.178,0.45,45.0,138.8,2.5627,0.0,1.764,1.381,92 251 308 360
tyrosine,3,tryptophan,0,10,17,2,3.838,3.178,0.45,45.0,138.8,0.7403,0.0,1.291,0.91,34 220 357 344 204 358
tyrosine,3,tryptophan,0,10,17,3,3.838,3.178,0.45,45.0,138.8,0.0,0.0,0.77,0.786,352 267 296 89 99 316 221 86
tyrosine,3,tryptophan,0,10,17,4,3.838,3.178,0.45,45.0,138.8,0.0,0.0,1.467,0.466,289 346 340 48 87 319 228 71 139 192
tyrosine,3,tryptophan,0,10,18,1,3.838,4.628,0.45,67.7,73.6,0.5521,0.0,3.187,3.091,120 108 48 4
tyrosine,3,tryptophan,0,10,18,2,3.838,4.628,0.45,67.7,73.6,0.0,0.0,2.752,1.559,76 202 42 47 73 23
tyrosine,3,tryptophan,0,10,18,3,3.838,4.628,0.45,67.7,73.6,0.0,0.0,2.052,1.377,53 308 342 94 64 261 241 77
tyrosine,3,tryptophan,0,10,18,4,3.838,4.628,0.45,67.7,73.6,0.0,0.0,1.643,1.216,23 359 343 78 94 299 232 21 105 225
tyrosine,3,aspartic,12,8,3,1,12.784,13.804,-0.313,87.5,44.4,6.5522,0.0,2.773,1.741,65 53 182 181
tyrosine,3,aspartic,12,8,3,2,12.784,13.804,-0.313,87.5,44.4,2.8367,0.0,2.432,1.633,116 313 176 178 177 177
tyrosine,3,aspartic,12,8,3,3,12.784,13.804,-0.313,87.5,44.4,0.2269,0.0,2.077,2.308,83 48 168 174 171 171 86 154
tyrosine,3,aspartic,12,8,3,4,12.784,13.804,-0.313,87.5,44.4,0.0,0.0,2.448,4.581,166 218 215 138 142 194 187 135 139 187
tyrosine,3,aspartic,12,8,4,1,12.784,13.583,-0.313,86.4,54.5,6.3256,0.0,2.801,1.242,110 309 179 179
tyrosine,3,aspartic,12,8,4,2,12.784,13.583,-0.313,86.4,54.5,2.6142,0.0,2.701,1.067,61 43 186 183 185 184
tyrosine,3,aspartic,12,8,4,3,12.784,13.583,-0.313,86.4,54.5,0.0067,0.0,2.801,0.532,87 325 191 188 186 189 276 205
tyrosine,3,aspartic,12,8,4,4,12.784,13.583,-0.313,86.4,54.5,0.0,0.0,2.202,1.764,92 221 208 163 178 246 234 144 150 185
tyrosine,3,aspartic,12,8,5,1,12.784,11.78,-0.313,82.2,126.8,4.5339,0.0,2.801,1.368,67 41 178 179
tyrosine,3,aspartic,12,8,5,2,12.784,11.78,-0.313,82.2,126.8,0.9623,0.0,2.801,1.294,110 325 155 165 158 162
tyrosine,3,aspartic,12,8,5,3,12.784,11.78,-0.313,82.2,126.8,0.0,0.0,1.714,3.624,148 222 219 136 144 212 199 167
tyrosine,3,aspartic,12,8,5,4,12.784,11.78,-0.313,82.2,126.8,0.0,0.0,1.56,2.799,177 196 215 128 128 250 227 167 199 202
tyrosine,3,aspartic,12,9,3,1,12.784,15.066,-0.313,33.9,48.2,9.5854,0.0,2.984,2.857,231 360 163 49
tyrosine,3,aspartic,12,9,3,2,12.784,15.066,-0.313,33.9,48.2,6.1007,0.0,2.984,2.408,231 359 213 293 174 176
tyrosine,3,aspartic,12,9,3,3,12.784,15.066,-0.313,33.9,48.2,2.3396,0.0,2.895,2.052,231 360 152 64 177 179 178 178
tyrosine,3,aspartic,12,9,3,4,12.784,15.066,-0.313,33.9,48.2,0.0168,0.0,2.723,3.542,245 345 142 113 101 156 139 133 270 214
tyrosine,3,aspartic,12,9,4,1,12.784,14.93,-0.313,26.1,54.3,9.9789,0.0,2.984,2.191,242 360 186 346
tyrosine,3,aspartic,12,9,4,2,12.784,14.93,-0.313,26.1,54.3,6.4314,0.0,2.984,1.255,241 0 153 50 181 180
tyrosine,3,aspartic,12,9,4,3,12.784,14.93,-0.313,26.1,54.3,2.7341,0.0,2.875,1.264,243 360 201 318 172 176 174 174
tyrosine,3,aspartic,12,9,4,4,12.784,14.93,-0.313,26.1,54.3,0.1102,0.0,2.984,0.853,268 359 164 32 170 175 172 172 95 153
tyrosine,3,aspartic,12,9,5,1,12.784,12.936,-0.313,32.4,137.0,7.6554,0.0,2.984,2.469,239 360 193 327
tyrosine,3,aspartic,12,9,5,2,12.784,12.936,-0.313,32.4,137.0,4.1491,0.0,2.984,1.639,238 0 150 58 184 182
tyrosine,3,aspartic,12,9,5,3,12.784,12.936,-0.313,32.4,137.0,0.4979,0.0,2.761,1.74,235 360 209 305 178 179 174 174
tyrosine,3,aspartic,12,9,5,4,12.784,12.936,-0.313,32.4,137.0,0.0,0.0,2.173,1.095,307 341 224 320 131 111 144 160 250 242
tyrosine,3,aspartic,12,10,3,1,12.784,12.602,-0.313,140.9,48.3,5.3414,0.0,3.187,1.004,319 206 179 180
tyrosine,3,aspartic,12,10,3,2,12.784,12.602,-0.313,140.9,48.3,1.6384,0.0,2.529,0.924,280 165 168 173 173 174
tyrosine,3,aspartic,12,10,3,3,12.784,12.602,-0.313,140.9,48.3,0.0,0.0,1.964,2.454,264 173 215 208 166 145 78 126
tyrosine,3,aspartic,12,10,3,4,12.784,12.602,-0.313,140.9,48.3,0.0,0.0,3.187,3.091,195 192 181 214 220 140 147 215 202 165
tyrosine,3,aspartic,12,10,4,1,12.784,12.5,-0.313,132.1,52.9,5.2564,0.0,3.187,0.258,270 136 176 177
tyrosine,3,aspartic,12,10,4,2,12.784,12.5,-0.313,132.1,52.9,1.5171,0.0,3.118,0.223,277 139 185 182 184 183
tyrosine,3,aspartic,12,10,4,3,12.784,12.5,-0.313,132.1,52.9,0.0,0.0,3.187,0.382,282 168 81 104 204 134 82 140
tyrosine,3,aspartic,12,10,4,4,12.784,12.5,-0.313,132.1,52.9,0.0,0.0,3.187,0.54,225 158 166 319 177 354 28 255 281 164
tyrosine,3,aspartic,12,10,5,1,12.784,10.468,-0.313,139.4,137.4,3.2293,0.0,3.187,0.637,277 150 180 180
tyrosine,3,aspartic,12,10,5,2,12.784,10.468,-0.313,139.4,137.4,0.0,0.0,2.197,1.062,297 154 233 168 245 253
tyrosine,3,aspartic,12,10,5,3,12.784,10.468,-0.313,139.4,137.4,0.0,0.0,2.891,3.091,240 194 195 248 174 69 126 191
tyrosine,3,aspartic,12,10,5,4,12.784,10.468,-0.313,139.4,137.4,0.0,0.0,3.017,3.091,186 193 180 217 226 140 144 231 218 162
phenylalanine,2,tyrosine,3,12,8,1,11.848,11.811,-0.938,109.7,58.6,4.5639,0.0,2.516,0.693,357 263 185 183
phenylalanine,2,tyrosine,3,12,8,2,11.848,11.811,-0.938,109.7,58.6,0.8321,0.0,2.441,0.835,352 265 187 184 186 185
phenylalanine,2,tyrosine,3,12,8,3,11.848,11.811,-0.938,109.7,58.6,0.0,0.0,2.305,1.083,297 83 133 102 271 34 83 217
phenylalanine,2,tyrosine,3,12,8,4,11.848,11.811,-0.938,109.7,58.6,0.0,0.0,2.134,1.569,219 141 146 247 245 157 166 238 228 167
phenylalanine,2,tyrosine,3,12,9,1,11.848,12.147,-0.938,119.9,43.7,4.8903,0.0,2.926,0.914,287 113 182 181
phenylalanine,2,tyrosine,3,12,9,2,11.848,12.147,-0.938,119.9,43.7,1.1617,0.0,2.845,0.565,292 115 176 178 178 178
phenylalanine,2,tyrosine,3,12,9,3,11.848,12.147,-0.938,119.9,43.7,0.0,0.0,2.189,1.64,332 162 208 182 152 120 46 167
phenylalanine,2,tyrosine,3,12,9,4,11.848,12.147,-0.938,119.9,43.7,0.0,0.0,1.385,3.739,277 183 201 209 186 117 117 224 236 185
phenylalanine,2,tyrosine,3,12,10,1,11.848,9.908,-0.938,114.4,138.0,2.6728,0.0,2.779,0.658,288 104 178 179
phenylalanine,2,tyrosine,3,12,10,2,11.848,9.908,-0.938,114.4,138.0,0.0,0.0,2.749,0.937,285 103 194 114 314 236
phenylalanine,2,tyrosine,3,12,10,3,11.848,9.908,-0.938,114.4,138.0,0.0,0.0,2.555,0.371,230 147 139 266 257 132 166 213
phenylalanine,2,tyrosine,3,12,10,4,11.848,9.908,-0.938,114.4,138.0,0.0,0.0,1.596,0.42,319 45 80 348 323 100 128 298 262 145
phenylalanine,2,tyrosine,3,13,8,1,11.848,13.879,-0.938,15.3,64.0,9.8326,0.0,2.8,5.173,297 360 181 359
phenylalanine,2,tyrosine,3,13,8,2,11.848,13.879,-0.938,15.3,64.0,6.1379,0.0,2.8,2.226,295 0 176 6 183 182
phenylalanine,2,tyrosine,3,13,8,3,11.848,13.879,-0.938,15.3,64.0,2.521,0.0,2.8,1.147,298 360 182 358 154 156 175 176
phenylalanine,2,tyrosine,3,13,8,4,11.848,13.879,-0.938,15.3,64.0,0.0,0.0,0.8,2.756,353 2 194 340 126 137 173 191 201 190
phenylalanine,2,tyrosine,3,13,9,1,11.848,14.359,-0.938,24.1,42.9,9.5499,0.0,2.8,5.294,282 0 180 0
phenylalanine,2,tyrosine,3,13,9,2,11.848,14.359,-0.938,24.1,42.9,6.0838,0.0,2.8,2.226,284 359 203 319 172 175
phenylalanine,2,tyrosine,3,13,9,3,11.848,14.359,-0.938,24.1,42.9,2.2857,0.0,2.8,0.887,282 360 164 32 179 179 179 179
phenylalanine,2,tyrosine,3,13,9,4,11.848,14.359,-0.938,24.1,42.9,0.0,0.0,2.8,2.129,287 15 184 250 225 173 169 205 226 197
phenylalanine,2,tyrosine,3,13,10,1,11.848,12.032,-0.938,22.3,142.5,7.5282,0.0,2.8,5.207,290 360 181 359
phenylalanine,2,tyrosine,3,13,10,2,11.848,12.032,-0.938,22.3,142.5,3.9629,0.0,2.8,1.999,288 0 165 25 185 183
phenylalanine,2,tyrosine,3,13,10,3,11.848,12.032,-0.938,22.3,142.5,0.3968,0.0,2.8,0.76,283 359 192 341 171 174 157 163
phenylalanine,2,tyrosine,3,13,10,4,11.848,12.032,-0.938,22.3,142.5,0.0,0.0,2.656,0.699,285 54 90 290 262 143 161 214 207 174
phenylalanine,2,tyrosine,3,14,8,1,11.848,12.486,-0.938,83.6,69.1,5.2519,0.0,2.409,1.425,84 317 174 176
phenylalanine,2,tyrosine,3,14,8,2,11.848,12.486,-0.938,83.6,69.1,1.5025,0.0,2.221,1.117,76 326 184 182 183 183
phenylalanine,2,tyrosine,3,14,8,3,11.848,12.486,-0.938,83.6,69.1,0.0,0.0,2.25,1.066,87 234 215 160 174 230 224 177
phenylalanine,2,tyrosine,3,14,8,4,11.848,12.486,-0.938,83.6,69.1,0.0,0.0,1.222,2.214,131 205 203 141 146 224 215 149 160 190
phenylalanine,2,tyrosine,3,14,9,1,11.848,13.264,-0.938,75.9,34.0,6.0113,0.0,2.237,1.589,57 16 180 180
phenylalanine,2,tyrosine,3,14,9,2,11.848,13.264,-0.938,75.9,34.0,2.3999,0.0,2.342,0.681,73 351 156 162 169 172
phenylalanine,2,tyrosine,3,14,9,3,11.848,13.264,-0.938,75.9,34.0,0.384,0.0,2.512,0.636,74 1 220 236 186 184 303 205
phenylalanine,2,tyrosine,3,14,9,4,11.848,13.264,-0.938,75.9,34.0,0.0,0.0,2.082,2.549,136 313 138 117 162 180 216 125 42 167
phenylalanine,2,tyrosine,3,14,10,1,11.848,10.929,-0.938,74.8,133.1,3.6872,0.0,2.185,1.433,68 352 179 179
phenylalanine,2,tyrosine,3,14,10,2,11.848,10.929,-0.938,74.8,133.1,0.1385,0.0,2.108,0.963,51 18 211 203 204 198
phenylalanine,2,tyrosine,3,14,10,3,11.848,10.929,-0.938,74.8,133.1,0.0,0.0,3.119,0.485,96 220 297 181 273 118 238 356
phenylalanine,2,tyrosine,3,14,10,4,11.848,10.929,-0.938,74.8,133.1,0.0,0.0,1.149,0.634,17 98 61 358 2 228 216 92 120 215
phenylalanine,2,arginine,3,12,16,1,8.018,7.4,0.585,93.0,106.5,0.1603,0.0,2.822,3.436,293 281 207 195
phenylalanine,2,arginine,3,12,16,2,8.018,7.4,0.585,93.0,106.5,0.0,0.0,3.003,4.092,229 201 85 312 99 39
phenylalanine,2,arginine,3,12,16,3,8.018,7.4,0.585,93.0,106.5,0.0,0.0,3.003,4.769,167 133 107 271 280 109 128 223
phenylalanine,2,arginine,3,12,16,4,8.018,7.4,0.585,93.0,106.5,0.0,0.0,3.003,4.995,180 185 164 222 232 109 114 243 225 156
phenylalanine,2,arginine,3,12,17,1,8.018,7.189,0.585,76.6,115.6,0.0833,0.0,2.653,1.81,292 339 142 136
phenylalanine,2,arginine,3,12,17,2,8.018,7.189,0.585,76.6,115.6,0.0,0.0,2.246,1.416,353 281 175 29 132 96
phenylalanine,2,arginine,3,12,17,3,8.018,7.189,0.585,76.6,115.6,0.0,0.0,3.003,3.261,203 97 85 308 306 69 115 253
phenylalanine,2,arginine,3,12,17,4,8.018,7.189,0.585,76.6,115.6,0.0,0.0,3.003,3.304,226 57 62 324 309 85 111 286 249 143
phenylalanine,2,arginine,3,12,18,1,8.018,9.31,0.585,83.1,26.5,2.0252,0.0,2.865,2.788,291 313 180 180
phenylalanine,2,arginine,3,12,18,2,8.018,9.31,0.585,83.1,26.5,0.4311,0.0,3.003,4.404,220 15 219 212 29 164
phenylalanine,2,arginine,3,12,18,3,8.018,9.31,0.585,83.1,26.5,0.0,0.0,3.003,5.133,184 64 198 239 281 187 56 115
phenylalanine,2,arginine,3,12,18,4,8.018,9.31,0.585,83.1,26.5,0.0,0.0,3.003,5.444,186 159 148 210 212 137 143 255 247 166
phenylalanine,2,arginine,3,13,16,1,8.018,8.84,0.585,34.8,103.0,3.6838,0.0,2.8,4.986,150 360 186 349
phenylalanine,2,arginine,3,13,16,2,8.018,8.84,0.585,34.8,103.0,0.0757,0.0,2.8,4.335,151 360 153 49 176 178
phenylalanine,2,arginine,3,13,16,3,8.018,8.84,0.585,34.8,103.0,0.0,0.0,2.8,4.061,95 301 258 95 130 230 214 172
phenylalanine,2,arginine,3,13,16,4,8.018,8.84,0.585,34.8,103.0,0.0,0.0,2.8,4.998,107 318 324 57 74 260 214 118 185 225
phenylalanine,2,arginine,3,13,17,1,8.018,8.265,0.585,30.8,129.0,3.5812,0.0,2.8,3.976,119 1 176 5
phenylalanine,2,arginine,3,13,17,2,8.018,8.265,0.585,30.8,129.0,0.0,0.0,2.8,2.636,110 350 210 5 141 180
phenylalanine,2,arginine,3,13,17,3,8.018,8.265,0.585,30.8,129.0,0.0,0.0,2.252,2.995,69 317 276 71 106 243 221 165
phenylalanine,2,arginine,3,13,17,4,8.018,8.265,0.585,30.8,129.0,0.0,0.0,1.929,3.446,54 338 297 64 95 242 222 126 137 192
phenylalanine,2,arginine,3,13,18,1,8.018,10.457,0.585,35.3,38.3,5.0903,0.0,2.8,4.427,130 360 169 28
phenylalanine,2,arginine,3,13,18,2,8.018,10.457,0.585,35.3,38.3,1.549,0.0,2.8,3.937,132 359 211 304 171 174
phenylalanine,2,arginine,3,13,18,3,8.018,10.457,0.585,35.3,38.3,0.0,0.0,2.8,4.571,116 303 215 118 147 215 241 210
phenylalanine,2,arginine,3,13,18,4,8.018,10.457,0.585,35.3,38.3,0.0,0.0,2.634,4.827,54 108 72 104 165 254 220 239 246 187
phenylalanine,2,arginine,3,14,16,1,8.018,6.498,0.585,133.6,97.9,0.0,0.0,3.119,3.657,129 275 91 97
phenylalanine,2,arginine,3,14,16,2,8.018,6.498,0.585,133.6,97.9,0.0,0.0,3.119,4.031,146 121 252 27 249 337
phenylalanine,2,arginine,3,14,16,3,8.018,6.498,0.585,133.6,97.9,0.0,0.0,3.119,4.031,192 146 214 131 104 278 240 125
phenylalanine,2,arginine,3,14,16,4,8.018,6.498,0.585,133.6,97.9,0.0,0.0,3.119,4.031,183 149 187 157 135 250 240 80 108 208
phenylalanine,2,arginine,3,14,17,1,8.018,5.809,0.585,136.2,129.0,0.0,0.0,2.782,1.921,96 297 65 65
phenylalanine,2,arginine,3,14,17,2,8.018,5.809,0.585,136.2,129.0,0.0013,0.0,3.094,1.315,91 20 49 46 36 25
phenylalanine,2,arginine,3,14,17,3,8.018,5.809,0.585,136.2,129.0,0.0,0.0,3.119,2.901,237 131 235 63 79 356 227 106
phenylalanine,2,arginine,3,14,17,4,8.018,5.809,0.585,136.2,129.0,0.0,0.0,2.713,0.471,46 253 203 26 23 279 258 53 139 252
phenylalanine,2,arginine,3,14,18,1,8.018,7.996,0.585,142.1,39.1,1.0701,0.0,2.638,1.013,31 169 130 132
phenylalanine,2,arginine,3,14,18,2,8.018,7.996,0.585,142.1,39.1,0.1288,0.0,2.847,1.629,353 194 117 103 31 146
phenylalanine,2,arginine,3,14,18,3,8.018,7.996,0.585,142.1,39.1,0.0,0.0,3.119,4.031,175 155 199 137 114 257 233 144
phenylalanine,2,arginine,3,14,18,4,8.018,7.996,0.585,142.1,39.1,0.0,0.0,3.119,4.031,201 160 203 154 122 229 217 81 117 213
phenylalanine,2,lysine,3,12,13,1,10.217,12.573,-0.558,44.9,25.2,6.5465,0.0,2.225,0.803,294 0 156 78
phenylalanine,2,lysine,3,12,13,2,10.217,12.573,-0.558,44.9,25.2,2.9839,0.0,2.221,0.411,294 360 217 275 179 179
phenylalanine,2,lysine,3,12,13,3,10.217,12.573,-0.558,44.9,25.2,0.6763,0.0,2.104,1.42,273 5 141 88 217 200 266 217
phenylalanine,2,lysine,3,12,13,4,10.217,12.573,-0.558,44.9,25.2,0.0,0.0,0.979,2.298,267 353 185 236 308 176 126 113 353 164
phenylalanine,2,lysine,3,12,14,1,10.217,11.52,-0.558,48.2,74.4,5.3171,0.0,1.778,1.217,308 0 205 276
phenylalanine,2,lysine,3,12,14,2,10.217,11.52,-0.558,48.2,74.4,1.7604,0.0,1.765,0.955,309 360 140 91 179 179
phenylalanine,2,lysine,3,12,14,3,10.217,11.52,-0.558,48.2,74.4,0.0,0.0,1.849,1.905,348 36 95 322 292 178 213 204
phenylalanine,2,lysine,3,12,14,4,10.217,11.52,-0.558,48.2,74.4,0.0,0.0,1.655,0.447,349 22 56 312 289 113 138 211 191 164
phenylalanine,2,lysine,3,12,15,1,10.217,10.894,-0.558,53.7,97.9,4.4579,0.0,2.18,0.455,296 359 153 101
phenylalanine,2,lysine,3,12,15,2,10.217,10.894,-0.558,53.7,97.9,0.8672,0.0,2.174,0.356,296 359 219 263 173 176
phenylalanine,2,lysine,3,12,15,3,10.217,10.894,-0.558,53.7,97.9,0.0,0.0,1.413,1.235,321 29 82 318 277 129 150 188
phenylalanine,2,lysine,3,12,15,4,10.217,10.894,-0.558,53.7,97.9,0.0,0.0,1.759,1.889,299 35 68 306 277 127 152 255 236 161
phenylalanine,2,lysine,3,13,13,1,10.217,12.411,-0.558,52.3,33.0,5.9823,0.0,2.649,4.304,65 1 206 258
phenylalanine,2,lysine,3,13,13,2,10.217,12.411,-0.558,52.3,33.0,2.4072,0.0,1.778,3.685,65 0 141 100 184 182
phenylalanine,2,lysine,3,13,13,3,10.217,12.411,-0.558,52.3,33.0,0.1438,0.0,1.271,4.684,70 6 219 221 199 193 62 152
phenylalanine,2,lysine,3,13,13,4,10.217,12.411,-0.558,52.3,33.0,0.0,0.0,0.793,4.889,51 55 187 40 60 204 252 202 78 98
phenylalanine,2,lysine,3,13,14,1,10.217,11.53,-0.558,47.8,72.2,5.3522,0.0,2.187,4.216,52 0 155 82
phenylalanine,2,lysine,3,13,14,2,10.217,11.53,-0.558,47.8,72.2,1.8036,0.0,2.17,3.514,51 0 220 270 182 181
phenylalanine,2,lysine,3,13,14,3,10.217,11.53,-0.558,47.8,72.2,0.0,0.0,1.172,3.649,18 318 273 10 74 185 127 129
phenylalanine,2,lysine,3,13,14,4,10.217,11.53,-0.558,47.8,72.2,0.0,0.0,1.353,4.619,351 339 300 55 80 248 222 161 178 194
phenylalanine,2,lysine,3,13,15,1,10.217,11.148,-0.558,42.1,86.5,5.3655,0.0,2.779,3.645,69 359 202 301
phenylalanine,2,lysine,3,13,15,2,10.217,11.148,-0.558,42.1,86.5,1.7694,0.0,2.199,2.519,67 0 143 76 183 182
phenylalanine,2,lysine,3,13,15,3,10.217,11.148,-0.558,42.1,86.5,0.0,0.0,1.678,1.535,71 314 259 46 89 223 205 176
phenylalanine,2,lysine,3,13,15,4,10.217,11.148,-0.558,42.1,86.5,0.0,0.0,2.18,2.439,66 319 285 60 87 227 206 119 133 195
phenylalanine,2,lysine,3,14,13,1,10.217,10.686,-0.558,120.5,33.0,3.4232,0.0,2.475,1.188,33 246 177 178
phenylalanine,2,lysine,3,14,13,2,10.217,10.686,-0.558,120.5,33.0,0.6048,0.0,0.265,2.699,307 133 189 185 262 215
phenylalanine,2,lysine,3,14,13,3,10.217,10.686,-0.558,120.5,33.0,0.0,0.0,1.899,1.103,24 183 219 275 49 189 343 198
phenylalanine,2,lysine,3,14,13,4,10.217,10.686,-0.558,120.5,33.0,0.0,0.0,1.299,4.031,270 124 231 257 171 286 5 67 4 97
phenylalanine,2,lysine,3,14,14,1,10.217,9.982,-0.558,108.3,65.1,2.7135,0.0,2.901,1.748,321 95 174 177
phenylalanine,2,lysine,3,14,14,2,10.217,9.982,-0.558,108.3,65.1,0.0,0.0,1.542,1.781,35 344 119 198 234 204
phenylalanine,2,lysine,3,14,14,3,10.217,9.982,-0.558,108.3,65.1,0.0,0.0,3.119,3.299,332 221 357 243 94 182 302 287
phenylalanine,2,lysine,3,14,14,4,10.217,9.982,-0.558,108.3,65.1,0.0,0.0,3.119,4.031,254 139 149 245 236 147 154 255 256 177
phenylalanine,2,lysine,3,14,15,1,10.217,9.204,-0.558,120.4,94.2,1.9151,0.0,2.414,0.775,328 114 180 180
phenylalanine,2,lysine,3,14,15,2,10.217,9.204,-0.558,120.4,94.2,0.0,0.0,2.495,0.74,322 50 279 333 62 205
phenylalanine,2,lysine,3,14,15,3,10.217,9.204,-0.558,120.4,94.2,0.0,0.0,0.864,2.277,325 85 284 137 299 115 11 67
phenylalanine,2,lysine,3,14,15,4,10.217,9.204,-0.558,120.4,94.2,0.0,0.0,2.643,2.079,294 135 135 297 250 313 337 95 97 295
phenylalanine,2,aspartic,4,12,3,1,7.346,7.455,-0.599,154.5,11.7,1.3749,0.0,2.758,4.118,25 152 258 277
phenylalanine,2,aspartic,4,12,3,2,7.346,7.455,-0.599,154.5,11.7,0.567,0.0,3.003,5.282,72 144 261 238 330 249
phenylalanine,2,aspartic,4,12,3,3,7.346,7.455,-0.599,154.5,11.7,0.0,0.0,3.003,4.826,207 200 162 86 42 148 60 215
phenylalanine,2,aspartic,4,12,3,4,7.346,7.455,-0.599,154.5,11.7,0.0,0.0,1.963,2.593,271 23 25 7 30 116 133 237 285 114
phenylalanine,2,aspartic,4,12,4,1,7.346,6.076,-0.599,137.0,78.6,0.0,0.0,2.299,2.049,336 261 78 255
phenylalanine,2,aspartic,4,12,4,2,7.346,6.076,-0.599,137.0,78.6,0.0,0.0,3.003,2.989,34 118 327 103 22 321
phenylalanine,2,aspartic,4,12,4,3,7.346,6.076,-0.599,137.0,78.6,0.0,0.0,1.407,1.173,232 142 136 281 300 70 123 252
phenylalanine,2,aspartic,4,12,4,4,7.346,6.076,-0.599,137.0,78.6,0.0,0.0,1.396,0.426,322 5 74 30 350 98 106 299 249 113
phenylalanine,2,aspartic,4,12,5,1,7.346,5.494,-0.599,153.0,100.5,0.0,0.0,2.503,3.896,355 91 284 329
phenylalanine,2,aspartic,4,12,5,2,7.346,5.494,-0.599,153.0,100.5,0.0,0.0,2.069,5.444,162 141 232 20 166 14
phenylalanine,2,aspartic,4,12,5,3,7.346,5.494,-0.599,153.0,100.5,0.0,0.0,2.342,5.444,95 132 205 303 332 294 223 54
phenylalanine,2,aspartic,4,12,5,4,7.346,5.494,-0.599,153.0,100.5,0.0,0.0,2.287,5.444,136 359 322 236 331 329 287 5 69 244
phenylalanine,2,aspartic,4,13,3,1,7.346,9.744,-0.599,51.0,13.7,3.4943,0.0,2.8,6.1,257 359 155 88
phenylalanine,2,aspartic,4,13,3,2,7.346,9.744,-0.599,51.0,13.7,0.6995,0.0,2.225,5.313,255 350 167 166 58 159
phenylalanine,2,aspartic,4,13,3,3,7.346,9.744,-0.599,51.0,13.7,0.0328,0.0,2.8,5.114,272 296 186 184 75 148 1 177
phenylalanine,2,aspartic,4,13,3,4,7.346,9.744,-0.599,51.0,13.7,0.0,0.0,2.8,5.055,174 10 205 105 161 198 227 95 111 212
phenylalanine,2,aspartic,4,13,4,1,7.346,8.318,-0.599,42.7,82.7,2.6602,0.0,2.8,5.55,271 359 196 324
phenylalanine,2,aspartic,4,13,4,2,7.346,8.318,-0.599,42.7,82.7,0.0,0.0,2.526,3.01,290 42 143 293 194 158
phenylalanine,2,aspartic,4,13,4,3,7.346,8.318,-0.599,42.7,82.7,0.0,0.0,1.247,3.093,341 48 111 269 215 117 136 173
phenylalanine,2,aspartic,4,13,4,4,7.346,8.318,-0.599,42.7,82.7,0.0,0.0,0.988,3.092,348 12 51 308 281 100 122 224 206 163
phenylalanine,2,aspartic,4,13,5,1,7.346,7.57,-0.599,58.4,112.0,1.1696,0.0,2.8,6.198,255 2 211 268
phenylalanine,2,aspartic,4,13,5,2,7.346,7.57,-0.599,58.4,112.0,0.0,0.0,2.091,4.574,302 45 118 278 198 119
phenylalanine,2,aspartic,4,13,5,3,7.346,7.57,-0.599,58.4,112.0,0.0,0.0,1.176,5.31,257 115 8 301 272 67 208 328
phenylalanine,2,aspartic,4,13,5,4,7.346,7.57,-0.599,58.4,112.0,0.0,0.0,2.084,5.692,304 7 45 296 278 110 114 288 268 148
phenylalanine,2,aspartic,4,14,3,1,7.346,9.587,-0.599,57.5,12.0,2.993,0.0,1.913,3.585,99 1 206 250
phenylalanine,2,aspartic,4,14,3,2,7.346,9.587,-0.599,57.5,12.0,0.6984,0.0,0.51,4.031,129 345 187 184 317 203
phenylalanine,2,aspartic,4,14,3,3,7.346,9.587,-0.599,57.5,12.0,0.0545,0.0,2.18,3.337,89 80 155 166 290 213 355 200
phenylalanine,2,aspartic,4,14,3,4,7.346,9.587,-0.599,57.5,12.0,0.0,0.0,2.707,4.031,128 357 231 37 27 241 297 162 75 173
phenylalanine,2,aspartic,4,14,4,1,7.346,8.051,-0.599,54.5,86.3,1.6356,0.0,2.532,2.897,85 0 157 78
phenylalanine,2,aspartic,4,14,4,2,7.346,8.051,-0.599,54.5,86.3,0.0,0.0,1.546,1.367,33 3 233 40 106 200
phenylalanine,2,aspartic,4,14,4,3,7.346,8.051,-0.599,54.5,86.3,0.0,0.0,2.038,0.586,3 343 268 73 119 241 235 198
phenylalanine,2,aspartic,4,14,4,4,7.346,8.051,-0.599,54.5,86.3,0.0,0.0,1.486,0.437,18 357 318 50 75 255 235 124 143 200
phenylalanine,2,aspartic,4,14,5,1,7.346,7.845,-0.599,47.0,94.0,1.9649,0.0,2.02,3.778,108 359 197 318
phenylalanine,2,aspartic,4,14,5,2,7.346,7.845,-0.599,47.0,94.0,0.0,0.0,2.055,4.031,154 359 161 11 138 235
phenylalanine,2,aspartic,4,14,5,3,7.346,7.845,-0.599,47.0,94.0,0.0,0.0,2.038,3.031,107 288 319 49 85 278 187 86
phenylalanine,2,aspartic,4,14,5,4,7.346,7.845,-0.599,47.0,94.0,0.0,0.0,0.937,1.021,356 125 66 74 94 289 276 128 154 208
phenylalanine,2,glutamic,4,12,5,1,12.199,11.293,0.616,150.0,67.2,4.1643,0.0,2.461,2.345,349 186 197 199
phenylalanine,2,glutamic,4,12,5,2,12.199,11.293,0.616,150.0,67.2,0.5331,0.0,1.471,2.237,346 185 215 214 193 189
phenylalanine,2,glutamic,4,12,5,3,12.199,11.293,0.616,150.0,67.2,0.0,0.0,2.401,3.199,242 170 171 211 280 169 140 196
phenylalanine,2,glutamic,4,12,5,4,12.199,11.293,0.616,150.0,67.2,0.0,0.0,3.003,4.555,222 185 174 209 224 155 155 255 246 161
phenylalanine,2,glutamic,4,12,6,1,12.199,11.99,0.616,160.0,36.1,5.1582,0.0,2.516,3.152,357 180 157 125
phenylalanine,2,glutamic,4,12,6,2,12.199,11.99,0.616,160.0,36.1,1.5738,0.0,2.08,3.413,352 179 140 120 176 178
phenylalanine,2,glutamic,4,12,6,3,12.199,11.99,0.616,160.0,36.1,0.1881,0.0,3.003,5.32,35 178 135 104 167 171 40 161
phenylalanine,2,glutamic,4,12,6,4,12.199,11.99,0.616,160.0,36.1,0.0,0.0,2.74,4.934,16 153 169 309 277 136 154 252 254 172
phenylalanine,2,glutamic,4,12,7,1,12.199,9.646,0.616,160.0,135.5,2.9014,0.0,2.436,2.92,341 179 206 247
phenylalanine,2,glutamic,4,12,7,2,12.199,9.646,0.616,160.0,135.5,0.0,0.0,2.335,2.174,333 181 215 198 273 251
phenylalanine,2,glutamic,4,12,7,3,12.199,9.646,0.616,160.0,135.5,0.0,0.0,3.003,5.368,174 173 219 279 245 149 305 138
phenylalanine,2,glutamic,4,12,7,4,12.199,9.646,0.616,160.0,135.5,0.0,0.0,2.715,4.969,15 141 162 314 276 106 153 267 240 167
phenylalanine,2,glutamic,4,13,5,1,12.199,13.637,0.616,46.9,64.8,7.4638,0.0,2.8,6.136,259 359 205 275
phenylalanine,2,glutamic,4,13,5,2,12.199,13.637,0.616,46.9,64.8,3.9135,0.0,2.8,4.467,259 359 141 94 174 177
phenylalanine,2,glutamic,4,13,5,3,12.199,13.637,0.616,46.9,64.8,0.4785,0.0,1.402,2.559,259 1 144 72 186 184 131 150
phenylalanine,2,glutamic,4,13,5,4,12.199,13.637,0.616,46.9,64.8,0.0,0.0,0.681,1.358,337 331 177 13 127 105 255 212 98 111
phenylalanine,2,glutamic,4,13,6,1,12.199,14.224,0.616,56.4,38.4,7.5477,0.0,2.8,6.242,254 359 155 120
phenylalanine,2,glutamic,4,13,6,2,12.199,14.224,0.616,56.4,38.4,3.9976,0.0,2.8,5.325,254 359 219 248 176 178
phenylalanine,2,glutamic,4,13,6,3,12.199,14.224,0.616,56.4,38.4,0.5627,0.0,2.8,5.898,247 2 220 229 187 185 135 151
phenylalanine,2,glutamic,4,13,6,4,12.199,14.224,0.616,56.4,38.4,0.0001,0.0,2.8,6.242,280 296 187 214 10 169 130 108 321 210
phenylalanine,2,glutamic,4,13,7,1,12.199,11.953,0.616,52.8,133.8,5.5129,0.0,2.8,6.242,251 0 154 100
phenylalanine,2,glutamic,4,13,7,2,12.199,11.953,0.616,52.8,133.8,1.9614,0.0,2.8,4.782,251 0 218 259 181 181
phenylalanine,2,glutamic,4,13,7,3,12.199,11.953,0.616,52.8,133.8,0.0,0.0,2.231,4.001,291 22 103 329 294 177 186 164
phenylalanine,2,glutamic,4,13,7,4,12.199,11.953,0.616,52.8,133.8,0.0,0.0,2.201,5.898,299 63 65 247 258 173 166 238 230 160
phenylalanine,2,glutamic,4,14,5,1,12.199,13.254,0.616,63.3,73.6,6.3017,0.0,3.119,3.483,95 359 159 141
phenylalanine,2,glutamic,4,14,5,2,12.199,13.254,0.616,63.3,73.6,2.7183,0.0,2.903,2.674,94 360 217 234 179 179
phenylalanine,2,glutamic,4,14,5,3,12.199,13.254,0.616,63.3,73.6,0.0,0.0,1.75,0.898,69 333 209 129 171 194 201 201
phenylalanine,2,glutamic,4,14,5,4,12.199,13.254,0.616,63.3,73.6,0.0,0.0,3.112,4.031,155 224 221 137 143 210 201 151 161 190
phenylalanine,2,glutamic,4,14,6,1,12.199,14.141,0.616,59.8,34.4,7.306,0.0,3.119,3.685,104 0 203 230
phenylalanine,2,glutamic,4,14,6,2,12.199,14.141,0.616,59.8,34.4,3.751,0.0,2.92,3.191,104 0 142 120 181 180
phenylalanine,2,glutamic,4,14,6,3,12.199,14.141,0.616,59.8,34.4,0.6568,0.0,3.119,3.982,117 356 212 238 151 167 121 142
phenylalanine,2,glutamic,4,14,6,4,12.199,14.141,0.616,59.8,34.4,0.0,0.0,3.119,4.031,150 262 224 137 149 181 183 120 105 171
phenylalanine,2,glutamic,4,14,7,1,12.199,11.724,0.616,62.3,138.3,4.8744,0.0,3.119,3.654,102 1 205 229
phenylalanine,2,glutamic,4,14,7,2,12.199,11.724,0.616,62.3,138.3,1.3148,0.0,2.886,3.113,102 0 144 121 182 181
phenylalanine,2,glutamic,4,14,7,3,12.199,11.724,0.616,62.3,138.3,0.0,0.0,2.635,1.579,97 273 233 147 164 222 226 188
phenylalanine,2,glutamic,4,14,7,4,12.199,11.724,0.616,62.3,138.3,0.0,0.0,3.034,4.03,144 215 220 152 152 226 220 138 149 194
phenylalanine,2,isoleucine,2,12,4,1,6.188,6.326,-0.987,114.5,51.4,0.2601,0.0,1.191,1.935,339 262 355 130
phenylalanine,2,isoleucine,2,12,4,2,6.188,6.326,-0.987,114.5,51.4,0.0,0.0,2.444,1.093,282 197 62 318 253 86
phenylalanine,2,isoleucine,2,12,4,3,6.188,6.326,-0.987,114.5,51.4,0.0,0.0,2.376,1.971,59 127 249 13 268 248 312 298
phenylalanine,2,isoleucine,2,12,4,4,6.188,6.326,-0.987,114.5,51.4,0.0,0.0,1.013,2.99,354 25 160 264 101 237 325 319 181 66
phenylalanine,2,isoleucine,2,12,5,1,6.188,5.239,-0.987,94.0,91.7,0.0124,0.0,1.339,1.882,329 329 314 321
phenylalanine,2,isoleucine,2,12,5,2,6.188,5.239,-0.987,94.0,91.7,0.0,0.0,2.6,4.911,75 34 74 22 93 53
phenylalanine,2,isoleucine,2,12,5,3,6.188,5.239,-0.987,94.0,91.7,0.0,0.0,1.901,1.024,283 130 84 241 6 293 216 73
phenylalanine,2,isoleucine,2,12,5,4,6.188,5.239,-0.987,94.0,91.7,0.0,0.0,1.938,4.856,116 102 358 271 335 252 247 18 110 294
phenylalanine,2,isoleucine,2,12,6,1,6.188,6.655,-0.987,108.5,36.6,0.5411,0.0,1.786,5.428,35 79 357 151
phenylalanine,2,isoleucine,2,12,6,2,6.188,6.655,-0.987,108.5,36.6,0.0,0.0,2.6,5.444,96 290 129 126 31 64
phenylalanine,2,isoleucine,2,12,6,3,6.188,6.655,-0.987,108.5,36.6,0.0,0.0,2.6,5.444,92 73 322 322 297 76 53 222
phenylalanine,2,isoleucine,2,12,6,4,6.188,6.655,-0.987,108.5,36.6,0.0,0.0,2.194,5.444,51 351 297 324 357 281 255 75 126 227
phenylalanine,2,isoleucine,2,13,4,1,6.188,8.151,-0.987,42.5,40.4,2.5504,0.0,2.234,5.274,293 1 165 35
phenylalanine,2,isoleucine,2,13,4,2,6.188,8.151,-0.987,42.5,40.4,0.5925,0.0,1.413,2.714,253 353 209 323 278 226
phenylalanine,2,isoleucine,2,13,4,3,6.188,8.151,-0.987,42.5,40.4,0.0,0.0,1.963,1.874,211 48 169 289 244 143 76 173
phenylalanine,2,isoleucine,2,13,4,4,6.188,8.151,-0.987,42.5,40.4,0.0,0.0,1.456,1.557,264 38 87 296 269 114 124 276 265 157
phenylalanine,2,isoleucine,2,13,5,1,6.188,6.471,-0.987,47.7,106.3,0.7246,0.0,2.241,5.222,314 359 187 349
phenylalanine,2,isoleucine,2,13,5,2,6.188,6.471,-0.987,47.7,106.3,0.0,0.0,1.797,5.138,340 79 61 304 256 110
phenylalanine,2,isoleucine,2,13,5,3,6.188,6.471,-0.987,47.7,106.3,0.0,0.0,1.761,5.176,28 21 58 316 274 66 108 213
phenylalanine,2,isoleucine,2,13,5,4,6.188,6.471,-0.987,47.7,106.3,0.0,0.0,1.01,5.106,15 1 39 333 301 74 109 262 226 150
phenylalanine,2,isoleucine,2,13,6,1,6.188,7.94,-0.987,59.6,50.0,1.2415,0.0,2.675,6.048,301 0 203 262
phenylalanine,2,isoleucine,2,13,6,2,6.188,7.94,-0.987,59.6,50.0,0.0,0.0,1.02,6.193,346 12 120 265 290 153
phenylalanine,2,isoleucine,2,13,6,3,6.188,7.94,-0.987,59.6,50.0,0.0,0.0,0.914,6.195,359 14 55 314 278 91 123 206
phenylalanine,2,isoleucine,2,13,6,4,6.188,7.94,-0.987,59.6,50.0,0.0,0.0,1.601,5.724,329 6 40 315 291 102 125 270 242 151
phenylalanine,2,isoleucine,2,14,4,1,6.188,8.032,-0.987,48.0,57.4,2.0278,0.0,1.921,1.867,63 0 198 305
phenylalanine,2,isoleucine,2,14,4,2,6.188,8.032,-0.987,48.0,57.4,0.0,0.0,2.149,0.738,51 295 243 101 104 182
phenylalanine,2,isoleucine,2,14,4,3,6.188,8.032,-0.987,48.0,57.4,0.0,0.0,2.021,0.633,13 330 300 54 89 261 221 146
phenylalanine,2,isoleucine,2,14,4,4,6.188,8.032,-0.987,48.0,57.4,0.0,0.0,1.572,0.82,38 339 311 59 84 251 226 90 118 207
phenylalanine,2,isoleucine,2,14,5,1,6.188,6.649,-0.987,39.7,110.4,1.6065,0.0,1.668,1.55,43 1 175 5
phenylalanine,2,isoleucine,2,14,5,2,6.188,6.649,-0.987,39.7,110.4,0.0,0.0,1.976,0.451,56 263 275 67 118 243
phenylalanine,2,isoleucine,2,14,5,3,6.188,6.649,-0.987,39.7,110.4,0.0,0.0,2.114,1.384,346 330 302 50 82 285 240 139
phenylalanine,2,isoleucine,2,14,5,4,6.188,6.649,-0.987,39.7,110.4,0.0,0.0,2.009,0.515,358 353 315 31 61 280 250 101 130 206
phenylalanine,2,isoleucine,2,14,6,1,6.188,8.547,-0.987,31.5,33.7,3.7193,0.0,1.527,1.727,57 0 178 4
phenylalanine,2,isoleucine,2,14,6,2,6.188,8.547,-0.987,31.5,33.7,0.9352,0.0,0.506,1.937,21 358 190 347 244 221
phenylalanine,2,isoleucine,2,14,6,3,6.188,8.547,-0.987,31.5,33.7,0.0038,0.0,1.004,3.0,349 1 175 7 213 200 360 177
phenylalanine,2,isoleucine,2,14,6,4,6.188,8.547,-0.987,31.5,33.7,0.0,0.0,3.119,4.031,150 293 223 98 127 212 226 124 97 183
phenylalanine,2,leucine,2,12,1,1,11.335,13.459,-0.055,60.2,25.3,6.6628,0.0,2.72,1.093,278 1 204 230
phenylalanine,2,leucine,2,12,1,2,11.335,13.459,-0.055,60.2,25.3,3.081,0.0,1.931,1.551,279 1 142 119 186 184
phenylalanine,2,leucine,2,12,1,3,11.335,13.459,-0.055,60.2,25.3,0.4921,0.0,0.647,1.25,268 19 216 205 202 197 80 149
phenylalanine,2,leucine,2,12,1,4,11.335,13.459,-0.055,60.2,25.3,0.0,0.0,1.567,0.647,330 299 192 146 324 197 132 97 18 150
phenylalanine,2,leucine,2,12,2,1,11.335,12.307,-0.055,51.3,78.4,5.9226,0.0,2.529,0.836,285 360 205 265
phenylalanine,2,leucine,2,12,2,2,11.335,12.307,-0.055,51.3,78.4,2.3518,0.0,2.541,0.993,284 360 140 99 179 179
phenylalanine,2,leucine,2,12,2,3,11.335,12.307,-0.055,51.3,78.4,0.0,0.0,1.381,0.66,333 347 131 83 152 200 191 234
phenylalanine,2,leucine,2,12,2,4,11.335,12.307,-0.055,51.3,78.4,0.0,0.0,2.206,1.694,10 280 206 102 119 208 194 144 153 188
phenylalanine,2,leucine,2,12,13,1,11.335,11.946,-0.055,55.4,91.9,5.3502,0.0,2.99,1.593,271 0 154 108
phenylalanine,2,leucine,2,12,13,2,11.335,11.946,-0.055,55.4,91.9,1.7897,0.0,2.458,1.446,271 360 221 254 180 180
phenylalanine,2,leucine,2,12,13,3,11.335,11.946,-0.055,55.4,91.9,0.0,0.0,2.008,1.605,291 25 100 328 283 143 157 177
phenylalanine,2,leucine,2,12,13,4,11.335,11.946,-0.055,55.4,91.9,0.0,0.0,1.66,2.133,304 22 63 305 281 136 153 228 217 168
phenylalanine,2,leucine,2,13,1,1,11.335,13.846,-0.055,42.9,15.2,7.8953,0.0,2.8,3.765,87 360 204 284
phenylalanine,2,leucine,2,13,1,2,11.335,13.846,-0.055,42.9,15.2,4.3732,0.0,2.8,2.75,87 0 144 84 181 180
phenylalanine,2,leucine,2,13,1,3,11.335,13.846,-0.055,42.9,15.2,1.2089,0.0,2.277,3.573,109 357 136 98 163 169 229 211
phenylalanine,2,leucine,2,13,1,4,11.335,13.846,-0.055,42.9,15.2,0.2842,0.0,2.031,4.764,126 358 137 97 169 173 220 208 355 184
phenylalanine,2,leucine,2,13,2,1,11.335,12.379,-0.055,48.0,86.3,6.1612,0.0,2.8,3.884,77 360 155 87
phenylalanine,2,leucine,2,13,2,2,11.335,12.379,-0.055,48.0,86.3,2.6136,0.0,2.8,3.015,78 360 218 269 177 178
phenylalanine,2,leucine,2,13,2,3,11.335,12.379,-0.055,48.0,86.3,0.0,0.0,2.482,2.718,77 309 255 24 59 190 173 187
phenylalanine,2,leucine,2,13,2,4,11.335,12.379,-0.055,48.0,86.3,0.0,0.0,1.451,4.577,41 333 294 54 77 227 208 147 159 191
phenylalanine,2,leucine,2,13,13,1,11.335,12.08,-0.055,49.5,97.6,5.799,0.0,2.8,4.049,92 0 206 268
phenylalanine,2,leucine,2,13,13,2,11.335,12.08,-0.055,49.5,97.6,2.2525,0.0,2.8,3.374,91 1 142 93 186 183
phenylalanine,2,leucine,2,13,13,3,11.335,12.08,-0.055,49.5,97.6,0.0,0.0,2.704,3.178,66 32 187 50 78 200 225 239
phenylalanine,2,leucine,2,13,13,4,11.335,12.08,-0.055,49.5,97.6,0.0,0.0,1.323,4.974,36 337 296 59 84 229 211 156 166 189
phenylalanine,2,leucine,2,14,1,1,11.335,11.612,-0.055,136.6,19.6,4.3705,0.0,2.942,1.324,346 145 178 179
phenylalanine,2,leucine,2,14,1,2,11.335,11.612,-0.055,136.6,19.6,1.0929,0.0,0.768,0.852,360 128 206 193 127 141
phenylalanine,2,leucine,2,14,1,3,11.335,11.612,-0.055,136.6,19.6,0.1847,0.0,0.906,0.911,25 125 205 193 119 141 10 170
phenylalanine,2,leucine,2,14,1,4,11.335,11.612,-0.055,136.6,19.6,0.0,0.0,1.936,0.906,25 118 161 178 98 119 136 338 135 242
phenylalanine,2,leucine,2,14,2,1,11.335,10.36,-0.055,130.5,79.2,3.1015,0.0,2.66,0.836,38 227 186 184
phenylalanine,2,leucine,2,14,2,2,11.335,10.36,-0.055,130.5,79.2,0.0,0.0,2.634,1.327,24 233 159 140 260 258
phenylalanine,2,leucine,2,14,2,3,11.335,10.36,-0.055,130.5,79.2,0.0,0.0,1.952,0.488,81 230 224 65 68 239 214 154
phenylalanine,2,leucine,2,14,2,4,11.335,10.36,-0.055,130.5,79.2,0.0,0.0,2.191,0.599,105 227 214 95 103 217 208 100 110 193
phenylalanine,2,leucine,2,14,13,1,11.335,9.874,-0.055,144.0,97.4,2.5935,0.0,2.634,1.237,25 199 180 180
phenylalanine,2,leucine,2,14,13,2,11.335,9.874,-0.055,144.0,97.4,0.0,0.0,2.068,1.762,62 190 174 125 152 200
phenylalanine,2,leucine,2,14,13,3,11.335,9.874,-0.055,144.0,97.4,0.0,0.0,2.455,3.599,105 176 171 125 145 248 236 176
phenylalanine,2,leucine,2,14,13,4,11.335,9.874,-0.055,144.0,97.4,0.0,0.0,2.646,1.082,34 242 222 45 65 251 225 84 102 195
phenylalanine,2,serine,0,12,3,1,5.47,4.16,0.108,112.1,95.0,0.5098,0.0,2.437,2.088,342 78 1 1
phenylalanine,2,serine,0,12,3,2,5.47,4.16,0.108,112.1,95.0,0.0,0.0,2.782,1.978,19 81 345 303 275 341
phenylalanine,2,serine,0,12,3,3,5.47,4.16,0.108,112.1,95.0,0.0,0.0,3.003,2.425,68 12 25 290 272 61 108 236
phenylalanine,2,serine,0,12,3,4,5.47,4.16,0.108,112.1,95.0,0.0,0.0,1.356,1.003,352 340 335 303 357 85 78 301 220 83
phenylalanine,2,serine,0,12,4,1,5.47,3.596,0.108,123.6,119.8,1.0719,0.0,3.003,4.932,236 301 0 0
phenylalanine,2,serine,0,12,4,2,5.47,3.596,0.108,123.6,119.8,0.7499,0.0,3.003,5.444,182 272 28 32 118 17
phenylalanine,2,serine,0,12,4,3,5.47,3.596,0.108,123.6,119.8,0.0,0.0,3.003,5.444,167 162 134 195 356 46 92 38
phenylalanine,2,serine,0,12,4,4,5.47,3.596,0.108,123.6,119.8,0.0,0.0,3.003,4.183,164 105 106 279 312 80 112 296 202 123
phenylalanine,2,serine,0,12,5,1,5.47,5.562,0.108,132.2,42.6,0.7623,0.0,2.439,2.371,333 125 317 317
phenylalanine,2,serine,0,12,5,2,5.47,5.562,0.108,132.2,42.6,0.0,0.0,2.742,2.413,17 128 292 301 283 284
phenylalanine,2,serine,0,12,5,3,5.47,5.562,0.108,132.2,42.6,0.0,0.0,3.003,4.811,185 258 89 205 281 42 174 160
phenylalanine,2,serine,0,12,5,4,5.47,5.562,0.108,132.2,42.6,0.0,0.0,3.003,4.503,142 168 165 226 260 134 118 267 244 134
phenylalanine,2,serine,0,13,3,1,5.47,6.394,0.108,16.3,101.1,3.9274,0.0,2.8,5.913,248 0 179 0
phenylalanine,2,serine,0,13,3,2,5.47,6.394,0.108,16.3,101.1,0.1344,0.0,2.8,3.164,255 0 179 0 160 54
phenylalanine,2,serine,0,13,3,3,5.47,6.394,0.108,16.3,101.1,0.0,0.0,1.559,2.695,321 51 88 289 252 94 123 202
phenylalanine,2,serine,0,13,3,4,5.47,6.394,0.108,16.3,101.1,0.0,0.0,1.401,2.511,328 24 61 300 271 101 125 243 222 162
phenylalanine,2,serine,0,13,4,1,5.47,5.85,0.108,31.9,125.5,2.1792,0.0,2.8,6.242,205 360 180 360
phenylalanine,2,serine,0,13,4,2,5.47,5.85,0.108,31.9,125.5,0.0,0.0,2.8,5.094,235 74 97 332 171 76
phenylalanine,2,serine,0,13,4,3,5.47,5.85,0.108,31.9,125.5,0.0,0.0,2.343,4.804,294 50 80 283 251 91 124 207
phenylalanine,2,serine,0,13,4,4,5.47,5.85,0.108,31.9,125.5,0.0,0.0,2.117,5.393,308 20 53 294 262 102 132 246 221 162
phenylalanine,2,serine,0,13,5,1,5.47,7.986,0.108,28.9,38.4,3.4727,0.0,2.8,6.242,225 0 180 0
phenylalanine,2,serine,0,13,5,2,5.47,7.986,0.108,28.9,38.4,0.161,0.0,2.8,4.107,231 12 151 57 108 131
phenylalanine,2,serine,0,13,5,3,5.47,7.986,0.108,28.9,38.4,0.0,0.0,2.678,3.484,283 60 103 264 236 123 132 187
phenylalanine,2,serine,0,13,5,4,5.47,7.986,0.108,28.9,38.4,0.0,0.0,1.673,3.167,319 25 65 296 265 110 131 223 211 169
phenylalanine,2,serine,0,14,3,1,5.47,5.059,0.108,77.0,90.5,0.037,0.0,2.195,1.048,52 292 310 341
phenylalanine,2,serine,0,14,3,2,5.47,5.059,0.108,77.0,90.5,0.0,0.0,2.635,0.641,24 263 334 99 91 290
phenylalanine,2,serine,0,14,3,3,5.47,5.059,0.108,77.0,90.5,0.0,0.0,2.643,0.317,19 197 42 171 323 174 56 2
phenylalanine,2,serine,0,14,3,4,5.47,5.059,0.108,77.0,90.5,0.0,0.0,0.437,2.914,311 138 62 70 92 309 237 71 196 261
phenylalanine,2,serine,0,14,4,1,5.47,4.397,0.108,88.7,118.5,0.3722,0.0,3.119,4.031,125 159 347 349
phenylalanine,2,serine,0,14,4,2,5.47,4.397,0.108,88.7,118.5,0.1907,0.0,3.119,4.031,158 141 320 289 298 339
phenylalanine,2,serine,0,14,4,3,5.47,4.397,0.108,88.7,118.5,0.0,0.0,3.119,4.031,191 181 244 121 63 310 254 68
phenylalanine,2,serine,0,14,4,4,5.47,4.397,0.108,88.7,118.5,0.0,0.0,3.119,4.031,175 285 268 60 35 276 271 67 135 249
phenylalanine,2,serine,0,14,5,1,5.47,6.672,0.108,84.0,23.2,0.9403,0.0,3.119,3.98,116 43 50 99
phenylalanine,2,serine,0,14,5,2,5.47,6.672,0.108,84.0,23.2,0.2554,0.0,3.119,4.031,146 24 69 140 11 98
phenylalanine,2,serine,0,14,5,3,5.47,6.672,0.108,84.0,23.2,0.0,0.0,3.119,4.031,188 235 234 109 72 244 260 140
phenylalanine,2,serine,0,14,5,4,5.47,6.672,0.108,84.0,23.2,0.0,0.0,3.119,3.51,171 270 266 81 78 244 241 92 117 220
phenylalanine,2,tryptophan,0,12,16,1,14.162,14.471,-0.725,130.0,28.2,7.221,0.0,2.559,0.934,2 229 180 180
phenylalanine,2,tryptophan,0,12,16,2,14.162,14.471,-0.725,130.0,28.2,3.5308,0.0,2.789,0.629,295 134 176 178 177 177
phenylalanine,2,tryptophan,0,12,16,3,14.162,14.471,-0.725,130.0,28.2,0.6819,0.0,1.997,1.976,284 138 198 188 193 193 105 153
phenylalanine,2,tryptophan,0,12,16,4,14.162,14.471,-0.725,130.0,28.2,0.0,0.0,2.511,3.903,254 151 177 197 206 181 164 241 259 185
phenylalanine,2,tryptophan,0,12,17,1,14.162,12.243,-0.725,125.6,123.1,5.0057,0.0,2.565,0.762,2 236 184 182
phenylalanine,2,tryptophan,0,12,17,2,14.162,12.243,-0.725,125.6,123.1,1.2869,0.0,2.832,0.622,293 125 183 182 183 183
phenylalanine,2,tryptophan,0,12,17,3,14.162,12.243,-0.725,125.6,123.1,0.0,0.0,2.487,2.996,268 167 184 210 193 128 129 176
phenylalanine,2,tryptophan,0,12,17,4,14.162,12.243,-0.725,125.6,123.1,0.0,0.0,2.53,3.927,211 160 165 240 239 155 164 222 211 168
phenylalanine,2,tryptophan,0,12,18,1,14.162,13.523,-0.725,125.5,72.4,6.2706,0.0,2.735,0.812,299 123 177 178
phenylalanine,2,tryptophan,0,12,18,2,14.162,13.523,-0.725,125.5,72.4,2.5441,0.0,2.639,0.652,9 235 178 179 179 179
phenylalanine,2,tryptophan,0,12,18,3,14.162,13.523,-0.725,125.5,72.4,0.0,0.0,2.042,1.811,310 138 195 243 158 209 233 162
phenylalanine,2,tryptophan,0,12,18,4,14.162,13.523,-0.725,125.5,72.4,0.0,0.0,1.72,0.584,1 8 40 326 318 130 164 313 292 153
phenylalanine,2,tryptophan,0,13,16,1,14.162,16.803,-0.725,30.2,25.8,11.5166,0.0,2.8,5.545,269 0 166 39
phenylalanine,2,tryptophan,0,13,16,2,14.162,16.803,-0.725,30.2,25.8,7.9995,0.0,2.8,2.711,270 360 212 297 179 180
phenylalanine,2,tryptophan,0,13,16,3,14.162,16.803,-0.725,30.2,25.8,4.3299,0.0,2.8,1.343,269 0 152 59 183 182 183 183
phenylalanine,2,tryptophan,0,13,16,4,14.162,16.803,-0.725,30.2,25.8,0.9939,0.0,1.522,1.489,255 360 155 56 177 179 178 178 213 199
phenylalanine,2,tryptophan,0,13,17,1,14.162,14.537,-0.725,27.0,123.7,9.5669,0.0,2.8,5.441,273 0 173 16
phenylalanine,2,tryptophan,0,13,17,2,14.162,14.537,-0.725,27.0,123.7,5.9976,0.0,2.8,2.305,273 0 207 308 182 181
phenylalanine,2,tryptophan,0,13,17,3,14.162,14.537,-0.725,27.0,123.7,2.4084,0.0,2.8,0.494,270 1 156 45 200 192 197 195
phenylalanine,2,tryptophan,0,13,17,4,14.162,14.537,-0.725,27.0,123.7,0.0,0.0,2.717,0.595,242 73 113 304 271 186 200 187 193 186
phenylalanine,2,tryptophan,0,13,18,1,14.162,15.715,-0.725,33.6,76.9,10.2346,0.0,2.8,5.504,283 360 197 311
phenylalanine,2,tryptophan,0,13,18,2,14.162,15.715,-0.725,33.6,76.9,6.723,0.0,2.8,2.914,283 0 147 68 183 182
phenylalanine,2,tryptophan,0,13,18,3,14.162,15.715,-0.725,33.6,76.9,3.008,0.0,2.8,1.855,283 360 209 295 179 180 179 179
phenylalanine,2,tryptophan,0,13,18,4,14.162,15.715,-0.725,33.6,76.9,0.0,0.0,2.432,2.149,309 334 170 2 253 183 151 161 147 146
phenylalanine,2,tryptophan,0,14,16,1,14.162,15.852,-0.725,74.0,32.9,8.6327,0.0,2.495,2.102,73 3 181 181
phenylalanine,2,tryptophan,0,14,16,2,14.162,15.852,-0.725,74.0,32.9,4.9843,0.0,2.509,0.699,75 0 162 161 181 181
phenylalanine,2,tryptophan,0,14,16,3,14.162,15.852,-0.725,74.0,32.9,1.2755,0.0,2.485,0.798,71 7 182 181 191 189 181 181
phenylalanine,2,tryptophan,0,14,16,4,14.162,15.852,-0.725,74.0,32.9,0.0,0.0,3.02,1.637,106 298 185 188 170 187 181 175 44 149
phenylalanine,2,tryptophan,0,14,17,1,14.162,13.513,-0.725,74.7,132.5,6.3177,0.0,2.483,2.058,79 349 175 177
phenylalanine,2,tryptophan,0,14,17,2,14.162,13.513,-0.725,74.7,132.5,2.655,0.0,2.422,0.855,72 0 198 199 180 180
phenylalanine,2,tryptophan,0,14,17,3,14.162,13.513,-0.725,74.7,132.5,0.0,0.0,2.956,1.484,120 277 178 114 165 189 170 169
phenylalanine,2,tryptophan,0,14,17,4,14.162,13.513,-0.725,74.7,132.5,0.0,0.0,2.431,3.402,144 228 217 132 141 197 189 139 143 185
phenylalanine,2,tryptophan,0,14,18,1,14.162,14.991,-0.725,67.1,72.0,7.8538,0.0,2.347,1.905,70 360 172 167
phenylalanine,2,tryptophan,0,14,18,2,14.162,14.991,-0.725,67.1,72.0,4.3327,0.0,2.318,0.76,68 1 214 220 185 183
phenylalanine,2,tryptophan,0,14,18,3,14.162,14.991,-0.725,67.1,72.0,0.6106,0.0,2.299,0.671,67 2 208 216 190 186 187 186
phenylalanine,2,tryptophan,0,14,18,4,14.162,14.991,-0.725,67.1,72.0,0.0,0.0,2.919,0.661,69 257 234 156 177 210 197 147 152 185
phenylalanine,2,aspartic,12,12,3,1,4.976,7.001,0.623,20.0,57.1,3.8147,0.0,0.663,2.539,338 0 179 1
phenylalanine,2,aspartic,12,12,3,2,4.976,7.001,0.623,20.0,57.1,0.3083,0.0,0.748,3.833,3 5 169 6 142 82
phenylalanine,2,aspartic,12,12,3,3,4.976,7.001,0.623,20.0,57.1,0.0,0.0,1.211,3.701,14 63 83 294 296 36 70 229
phenylalanine,2,aspartic,12,12,3,4,4.976,7.001,0.623,20.0,57.1,0.0,0.0,2.278,2.101,29 20 64 335 296 66 102 253 226 158
phenylalanine,2,aspartic,12,12,4,1,4.976,6.33,0.623,22.6,82.0,3.2649,0.0,2.714,0.935,279 359 181 359
phenylalanine,2,aspartic,12,12,4,2,4.976,6.33,0.623,22.6,82.0,0.0,0.0,3.003,2.745,246 24 147 15 172 42
phenylalanine,2,aspartic,12,12,4,3,4.976,6.33,0.623,22.6,82.0,0.0,0.0,1.699,0.972,310 51 65 295 278 81 126 226
phenylalanine,2,aspartic,12,12,4,4,4.976,6.33,0.623,22.6,82.0,0.0,0.0,2.918,4.494,48 268 322 288 242 77 104 237 226 164
phenylalanine,2,aspartic,12,12,5,1,4.976,4.992,0.623,32.3,144.7,2.2446,0.0,1.412,2.131,323 1 179 0
phenylalanine,2,aspartic,12,12,5,2,4.976,4.992,0.623,32.3,144.7,0.0,0.0,2.41,0.655,275 297 277 20 165 330
phenylalanine,2,aspartic,12,12,5,3,4.976,4.992,0.623,32.3,144.7,0.0,0.0,0.803,4.758,54 65 71 290 277 43 101 245
phenylalanine,2,aspartic,12,12,5,4,4.976,4.992,0.623,32.3,144.7,0.0,0.0,0.983,2.942,42 14 40 335 299 44 99 296 252 158
phenylalanine,2,aspartic,12,13,3,1,4.976,5.87,0.623,71.9,71.8,0.0,0.0,2.283,5.915,57 266 295 291
phenylalanine,2,aspartic,12,13,3,2,4.976,5.87,0.623,71.9,71.8,0.0,0.0,2.093,5.824,357 247 314 90 147 281
phenylalanine,2,aspartic,12,13,3,3,4.976,5.87,0.623,71.9,71.8,0.0,0.0,2.8,5.866,115 96 37 230 276 327 284 132
phenylalanine,2,aspartic,12,13,3,4,4.976,5.87,0.623,71.9,71.8,0.0,0.0,0.933,5.872,11 359 348 50 45 271 275 42 118 265
phenylalanine,2,aspartic,12,13,4,1,4.976,5.41,0.623,64.7,88.5,0.0,0.0,2.654,4.643,55 89 86 9
phenylalanine,2,aspartic,12,13,4,2,4.976,5.41,0.623,64.7,88.5,0.0,0.0,2.514,4.988,47 224 20 27 91 320
phenylalanine,2,aspartic,12,13,4,3,4.976,5.41,0.623,64.7,88.5,0.0,0.0,1.741,4.94,15 291 357 82 82 286 185 60
phenylalanine,2,aspartic,12,13,4,4,4.976,5.41,0.623,64.7,88.5,0.0,0.0,2.291,2.849,225 145 48 13 149 355 146 71 232 206
phenylalanine,2,aspartic,12,13,5,1,4.976,4.628,0.623,48.3,121.6,1.3862,0.0,1.511,4.972,42 302 257 359
phenylalanine,2,aspartic,12,13,5,2,4.976,4.628,0.623,48.3,121.6,0.0,0.0,1.441,4.808,353 259 314 51 142 310
phenylalanine,2,aspartic,12,13,5,3,4.976,4.628,0.623,48.3,121.6,0.0,0.0,0.543,4.694,302 312 304 64 90 308 249 122
phenylalanine,2,aspartic,12,13,5,4,4.976,4.628,0.623,48.3,121.6,0.0,0.0,1.194,4.717,268 291 331 111 51 331 263 309 112 271
phenylalanine,2,aspartic,12,14,3,1,4.976,5.484,0.623,85.9,47.2,0.5966,0.0,3.119,4.031,297 305 323 315
phenylalanine,2,aspartic,12,14,3,2,4.976,5.484,0.623,85.9,47.2,0.0,0.0,3.119,4.031,292 287 297 207 22 353
phenylalanine,2,aspartic,12,14,3,3,4.976,5.484,0.623,85.9,47.2,0.0,0.0,3.087,4.031,257 219 326 106 130 287 291 278
phenylalanine,2,aspartic,12,14,3,4,4.976,5.484,0.623,85.9,47.2,0.0,0.0,2.535,3.883,310 358 57 6 349 79 89 330 213 62
phenylalanine,2,aspartic,12,14,4,1,4.976,4.186,0.623,111.4,95.2,0.5011,0.0,3.119,4.031,291 268 5 2
phenylalanine,2,aspartic,12,14,4,2,4.976,4.186,0.623,111.4,95.2,0.0,0.0,3.119,4.031,248 313 326 319 258 343
phenylalanine,2,aspartic,12,14,4,3,4.976,4.186,0.623,111.4,95.2,0.0,0.0,1.467,1.511,67 196 228 278 302 249 297 340
phenylalanine,2,aspartic,12,14,4,4,4.976,4.186,0.623,111.4,95.2,0.0,0.0,3.119,1.646,99 64 10 155 352 22 133 52 264 12
phenylalanine,2,aspartic,12,14,5,1,4.976,3.669,0.623,82.6,117.6,1.1749,0.0,2.652,0.355,14 110 12 5
phenylalanine,2,aspartic,12,14,5,2,4.976,3.669,0.623,82.6,117.6,0.2252,0.0,2.417,0.668,68 101 360 347 198 360
phenylalanine,2,aspartic,12,14,5,3,4.976,3.669,0.623,82.6,117.6,0.0,0.0,1.061,4.031,262 212 2 304 246 347 263 319
phenylalanine,2,aspartic,12,14,5,4,4.976,3.669,0.623,82.6,117.6,0.0,0.0,0.551,4.031,265 67 96 288 293 86 96 302 233 123
arginine,3,tyrosine,3,16,8,1,9.808,10.362,-0.462,64.4,78.0,3.3867,0.0,2.826,1.306,18 1 160 131
arginine,3,tyrosine,3,16,8,2,9.808,10.362,-0.462,64.4,78.0,0.1442,0.0,1.439,0.825,11 2 156 80 252 198
arginine,3,tyrosine,3,16,8,3,9.808,10.362,-0.462,64.4,78.0,0.0,0.0,2.958,0.705,55 303 257 26 82 257 208 138
arginine,3,tyrosine,3,16,8,4,9.808,10.362,-0.462,64.4,78.0,0.0,0.0,3.778,1.326,50 310 277 48 74 241 217 106 126 201
arginine,3,tyrosine,3,16,9,1,9.808,11.57,-0.462,75.6,20.9,4.4116,0.0,2.742,1.536,27 350 172 174
arginine,3,tyrosine,3,16,9,2,9.808,11.57,-0.462,75.6,20.9,1.0806,0.0,0.76,2.326,42 320 151 161 132 150
arginine,3,tyrosine,3,16,9,3,9.808,11.57,-0.462,75.6,20.9,0.1469,0.0,1.012,3.461,50 276 168 173 124 147 355 184
arginine,3,tyrosine,3,16,9,4,9.808,11.57,-0.462,75.6,20.9,0.0,0.0,2.117,1.354,338 72 232 4 83 216 271 214 39 143
arginine,3,tyrosine,3,16,10,1,9.808,9.85,-0.462,73.5,97.2,2.6296,0.0,3.447,1.193,23 8 192 191
arginine,3,tyrosine,3,16,10,2,9.808,9.85,-0.462,73.5,97.2,0.0,0.0,2.645,0.541,5 23 207 310 52 193
arginine,3,tyrosine,3,16,10,3,9.808,9.85,-0.462,73.5,97.2,0.0,0.0,2.825,0.832,325 44 233 32 133 281 136 355
arginine,3,tyrosine,3,16,10,4,9.808,9.85,-0.462,73.5,97.2,0.0,0.0,3.86,1.222,59 309 278 48 73 247 225 83 110 209
arginine,3,tyrosine,3,17,8,1,9.808,10.086,-0.462,74.8,87.2,2.8492,0.0,2.383,0.956,339 14 190 188
arginine,3,tyrosine,3,17,8,2,9.808,10.086,-0.462,74.8,87.2,0.0,0.0,1.861,0.68,9 319 200 106 306 196
arginine,3,tyrosine,3,17,8,3,9.808,10.086,-0.462,74.8,87.2,0.0,0.0,0.633,0.965,351 29 164 101 347 141 335 326
arginine,3,tyrosine,3,17,8,4,9.808,10.086,-0.462,74.8,87.2,0.0,0.0,3.046,1.285,272 181 137 236 217 112 130 215 201 170
arginine,3,tyrosine,3,17,9,1,9.808,11.627,-0.462,73.5,10.6,4.4315,0.0,2.591,0.509,340 358 174 174
arginine,3,tyrosine,3,17,9,2,9.808,11.627,-0.462,73.5,10.6,1.2042,0.0,1.715,0.777,331 349 174 175 123 151
arginine,3,tyrosine,3,17,9,3,9.808,11.627,-0.462,73.5,10.6,0.3479,0.0,1.79,1.384,316 344 175 176 123 149 358 182
arginine,3,tyrosine,3,17,9,4,9.808,11.627,-0.462,73.5,10.6,0.0,0.0,1.776,1.635,340 316 156 29 257 165 73 134 352 194
arginine,3,tyrosine,3,17,10,1,9.808,9.643,-0.462,81.1,104.2,2.4787,0.0,2.604,0.753,358 326 162 167
arginine,3,tyrosine,3,17,10,2,9.808,9.643,-0.462,81.1,104.2,0.0,0.0,2.047,0.882,9 337 128 36 304 154
arginine,3,tyrosine,3,17,10,3,9.808,9.643,-0.462,81.1,104.2,0.0,0.0,1.78,1.424,58 311 132 104 39 62 274 254
arginine,3,tyrosine,3,17,10,4,9.808,9.643,-0.462,81.1,104.2,0.0,0.0,2.671,0.818,324 21 60 337 308 104 131 268 241 152
arginine,3,tyrosine,3,18,8,1,9.808,10.803,-0.462,45.8,91.1,4.7852,0.0,1.103,3.213,352 360 156 74
arginine,3,tyrosine,3,18,8,2,9.808,10.803,-0.462,45.8,91.1,1.2243,0.0,1.374,2.564,353 359 217 280 173 176
arginine,3,tyrosine,3,18,8,3,9.808,10.803,-0.462,45.8,91.1,0.0,0.0,0.699,1.807,342 354 117 76 181 30 195 169
arginine,3,tyrosine,3,18,8,4,9.808,10.803,-0.462,45.8,91.1,0.0,0.0,1.777,4.277,310 87 177 267 173 284 1 44 350 93
arginine,3,tyrosine,3,18,9,1,9.808,12.421,-0.462,39.8,13.4,6.7017,0.0,1.643,3.089,2 0 201 298
arginine,3,tyrosine,3,18,9,2,9.808,12.421,-0.462,39.8,13.4,3.1709,0.0,1.545,2.306,2 1 145 73 186 184
arginine,3,tyrosine,3,18,9,3,9.808,12.421,-0.462,39.8,13.4,0.6862,0.0,1.275,4.007,17 358 220 263 165 171 88 146
arginine,3,tyrosine,3,18,9,4,9.808,12.421,-0.462,39.8,13.4,0.0,0.0,1.618,4.871,34 7 145 170 83 172 240 236 345 185
arginine,3,tyrosine,3,18,10,1,9.808,10.78,-0.462,32.7,91.9,5.6493,0.0,0.855,2.846,350 1 168 26
arginine,3,tyrosine,3,18,10,2,9.808,10.78,-0.462,32.7,91.9,2.0071,0.0,1.314,1.335,352 360 210 306 179 180
arginine,3,tyrosine,3,18,10,3,9.808,10.78,-0.462,32.7,91.9,0.0,0.0,0.661,1.219,323 76 113 286 243 149 167 179
arginine,3,tyrosine,3,18,10,4,9.808,10.78,-0.462,32.7,91.9,0.0,0.0,1.11,1.514,319 49 84 305 273 122 147 223 210 169
arginine,3,phenylalanine,2,16,12,1,8.018,7.4,0.585,106.5,93.0,0.2407,0.0,3.068,3.391,51 77 212 200
arginine,3,phenylalanine,2,16,12,2,8.018,7.4,0.585,106.5,93.0,0.0,0.0,3.86,4.379,141 149 254 76 210 305
arginine,3,phenylalanine,2,16,12,3,8.018,7.4,0.585,106.5,93.0,0.0,0.0,3.86,4.697,181 174 210 115 123 281 256 159
arginine,3,phenylalanine,2,16,12,4,8.018,7.4,0.585,106.5,93.0,0.0,0.0,3.86,4.697,199 176 198 137 127 234 228 116 134 203
arginine,3,phenylalanine,2,16,13,1,8.018,8.84,0.585,103.0,34.8,1.589,0.0,3.179,3.56,65 90 168 173
arginine,3,phenylalanine,2,16,13,2,8.018,8.84,0.585,103.0,34.8,0.1203,0.0,3.86,4.616,169 243 201 190 8 174
arginine,3,phenylalanine,2,16,13,3,8.018,8.84,0.585,103.0,34.8,0.0,0.0,3.86,4.697,186 177 221 127 141 256 206 145
arginine,3,phenylalanine,2,16,13,4,8.018,8.84,0.585,103.0,34.8,0.0,0.0,3.86,4.697,198 176 197 141 134 235 228 125 142 200
arginine,3,phenylalanine,2,16,14,1,8.018,6.498,0.585,97.9,133.6,0.0,0.0,3.86,3.737,112 206 335 172
arginine,3,phenylalanine,2,16,14,2,8.018,6.498,0.585,97.9,133.6,0.0,0.0,3.86,4.37,141 153 297 248 357 47
arginine,3,phenylalanine,2,16,14,3,8.018,6.498,0.585,97.9,133.6,0.0,0.0,3.86,4.697,203 178 225 120 110 271 241 141
arginine,3,phenylalanine,2,16,14,4,8.018,6.498,0.585,97.9,133.6,0.0,0.0,3.86,4.358,244 153 241 125 80 275 218 116 205 226
arginine,3,phenylalanine,2,17,12,1,8.018,7.189,0.585,115.6,76.6,0.1039,0.0,2.72,1.694,311 288 118 156
arginine,3,phenylalanine,2,17,12,2,8.018,7.189,0.585,115.6,76.6,0.0,0.0,3.046,2.677,237 316 310 329 347 273
arginine,3,phenylalanine,2,17,12,3,8.018,7.189,0.585,115.6,76.6,0.0,0.0,3.046,2.189,219 163 35 294 313 45 187 319
arginine,3,phenylalanine,2,17,12,4,8.018,7.189,0.585,115.6,76.6,0.0,0.0,3.046,2.894,152 161 135 233 251 127 125 289 276 159
arginine,3,phenylalanine,2,17,13,1,8.018,8.265,0.585,129.0,30.8,1.0313,0.0,3.046,2.09,222 134 166 172
arginine,3,phenylalanine,2,17,13,2,8.018,8.265,0.585,129.0,30.8,0.1309,0.0,3.046,2.839,198 191 103 173 359 181
arginine,3,phenylalanine,2,17,13,3,8.018,8.265,0.585,129.0,30.8,0.0,0.0,2.77,2.913,176 203 158 224 234 92 118 215
arginine,3,phenylalanine,2,17,13,4,8.018,8.265,0.585,129.0,30.8,0.0,0.0,2.407,2.876,166 205 173 209 225 123 128 247 228 156
arginine,3,phenylalanine,2,17,14,1,8.018,5.809,0.585,129.0,136.2,0.0,0.0,2.017,0.623,310 177 271 314
arginine,3,phenylalanine,2,17,14,2,8.018,5.809,0.585,129.0,136.2,0.0208,0.0,1.909,0.462,324 107 284 354 274 302
arginine,3,phenylalanine,2,17,14,3,8.018,5.809,0.585,129.0,136.2,0.0001,0.0,3.046,2.923,174 254 107 227 274 45 117 260
arginine,3,phenylalanine,2,17,14,4,8.018,5.809,0.585,129.0,136.2,0.0,0.0,3.046,2.923,196 305 263 296 324 58 96 341 281 140
arginine,3,phenylalanine,2,18,12,1,8.018,9.31,0.585,26.5,83.1,4.7987,0.0,2.894,4.041,187 1 176 5
arginine,3,phenylalanine,2,18,12,2,8.018,9.31,0.585,26.5,83.1,1.0563,0.0,2.894,3.734,186 1 164 25 186 184
arginine,3,phenylalanine,2,18,12,3,8.018,9.31,0.585,26.5,83.1,0.0,0.0,2.894,5.067,172 74 91 287 253 129 156 200
arginine,3,phenylalanine,2,18,12,4,8.018,9.31,0.585,26.5,83.1,0.0,0.0,0.513,0.681,314 63 117 287 216 103 133 197 195 181
arginine,3,phenylalanine,2,18,13,1,8.018,10.457,0.585,38.3,35.3,4.9025,0.0,2.894,3.547,198 360 164 44
arginine,3,phenylalanine,2,18,13,2,8.018,10.457,0.585,38.3,35.3,1.3419,0.0,2.894,3.546,198 360 213 296 177 178
arginine,3,phenylalanine,2,18,13,3,8.018,10.457,0.585,38.3,35.3,0.0,0.0,2.894,5.368,157 64 173 241 217 143 113 153
arginine,3,phenylalanine,2,18,13,4,8.018,10.457,0.585,38.3,35.3,0.0,0.0,2.894,5.002,226 262 226 24 302 339 90 286 263 204
arginine,3,phenylalanine,2,18,14,1,8.018,7.996,0.585,39.1,142.1,2.7577,0.0,2.894,3.377,201 0 169 24
arginine,3,phenylalanine,2,18,14,2,8.018,7.996,0.585,39.1,142.1,0.0343,0.0,2.782,1.468,235 3 164 21 97 138
arginine,3,phenylalanine,2,18,14,3,8.018,7.996,0.585,39.1,142.1,0.0,0.0,2.486,1.626,263 59 112 257 225 121 122 180
arginine,3,phenylalanine,2,18,14,4,8.018,7.996,0.585,39.1,142.1,0.0,0.0,2.855,1.46,173 270 3 300 228 26 66 299 264 134
arginine,3,lysine,3,16,13,1,8.349,10.593,-0.717,29.6,47.3,5.6343,0.0,3.467,2.467,142 360 185 351
arginine,3,lysine,3,16,13,2,8.349,10.593,-0.717,29.6,47.3,2.0319,0.0,0.873,1.952,141 0 155 45 180 180
arginine,3,lysine,3,16,13,3,8.349,10.593,-0.717,29.6,47.3,0.0,0.0,2.012,4.697,195 338 156 71 169 210 240 218
arginine,3,lysine,3,16,13,4,8.349,10.593,-0.717,29.6,47.3,0.0,0.0,2.302,4.697,195 271 215 136 135 213 205 123 134 193
arginine,3,lysine,3,16,14,1,8.349,10.486,-0.717,30.7,52.0,5.4494,0.0,3.86,0.884,113 0 175 11
arginine,3,lysine,3,16,14,2,8.349,10.486,-0.717,30.7,52.0,1.8594,0.0,2.211,1.182,114 0 207 312 180 180
arginine,3,lysine,3,16,14,3,8.349,10.486,-0.717,30.7,52.0,0.0,0.0,3.86,1.289,82 334 182 88 182 228 238 203
arginine,3,lysine,3,16,14,4,8.349,10.486,-0.717,30.7,52.0,0.0,0.0,3.86,1.999,76 63 55 134 159 262 263 228 246 194
arginine,3,lysine,3,16,15,1,8.349,8.474,-0.717,24.7,135.2,4.3582,0.0,3.86,1.638,128 0 180 0
arginine,3,lysine,3,16,15,2,8.349,8.474,-0.717,24.7,135.2,0.5415,0.0,2.44,0.8,123 2 169 12 200 206
arginine,3,lysine,3,16,15,3,8.349,8.474,-0.717,24.7,135.2,0.0,0.0,1.393,2.13,107 301 286 48 123 259 180 126
arginine,3,lysine,3,16,15,4,8.349,8.474,-0.717,24.7,135.2,0.0,0.0,3.574,1.393,26 329 292 61 92 258 235 146 162 192
arginine,3,lysine,3,17,13,1,8.349,8.186,-0.717,132.8,43.8,0.8972,0.0,2.006,2.382,110 225 180 180
arginine,3,lysine,3,17,13,2,8.349,8.186,-0.717,132.8,43.8,0.0127,0.0,2.342,2.923,115 114 331 176 317 212
arginine,3,lysine,3,17,13,3,8.349,8.186,-0.717,132.8,43.8,0.0,0.0,2.081,2.844,183 188 226 131 69 224 237 136
arginine,3,lysine,3,17,13,4,8.349,8.186,-0.717,132.8,43.8,0.0,0.0,2.371,2.635,195 168 190 145 131 226 221 103 119 202
arginine,3,lysine,3,17,14,1,8.349,8.033,-0.717,136.6,50.6,0.7459,0.0,2.567,0.956,17 143 178 178
arginine,3,lysine,3,17,14,2,8.349,8.033,-0.717,136.6,50.6,0.0,0.0,2.682,0.645,4 247 80 196 288 159
arginine,3,lysine,3,17,14,3,8.349,8.033,-0.717,136.6,50.6,0.0,0.0,3.046,0.994,287 183 173 297 188 312 339 254
arginine,3,lysine,3,17,14,4,8.349,8.033,-0.717,136.6,50.6,0.0,0.0,3.046,2.042,225 160 165 132 108 226 234 130 146 208
arginine,3,lysine,3,17,15,1,8.349,6.068,-0.717,128.0,130.7,0.0,0.0,2.366,2.448,123 211 225 328
arginine,3,lysine,3,17,15,2,8.349,6.068,-0.717,128.0,130.7,0.0,0.0,2.463,2.779,141 167 289 36 96 321
arginine,3,lysine,3,17,15,3,8.349,6.068,-0.717,128.0,130.7,0.0,0.0,3.046,0.724,298 334 299 26 169 81 119 167
arginine,3,lysine,3,17,15,4,8.349,6.068,-0.717,128.0,130.7,0.0,0.0,0.329,2.303,77 279 230 11 356 278 277 54 130 264
arginine,3,lysine,3,18,13,1,8.349,9.138,-0.717,91.1,57.5,1.9075,0.0,2.517,3.344,299 301 166 171
arginine,3,lysine,3,18,13,2,8.349,9.138,-0.717,91.1,57.5,0.0,0.0,2.241,4.879,217 140 140 235 229 167
arginine,3,lysine,3,18,13,3,8.349,9.138,-0.717,91.1,57.5,0.0,0.0,2.493,5.368,189 160 144 229 229 119 135 201
arginine,3,lysine,3,18,13,4,8.349,9.138,-0.717,91.1,57.5,0.0,0.0,2.894,5.368,178 180 159 229 236 109 121 223 199 157
arginine,3,lysine,3,18,14,1,8.349,9.427,-0.717,77.0,45.0,2.1417,0.0,2.644,2.132,288 334 182 181
arginine,3,lysine,3,18,14,2,8.349,9.427,-0.717,77.0,45.0,0.1859,0.0,1.614,2.853,308 355 143 130 329 194
arginine,3,lysine,3,18,14,3,8.349,9.427,-0.717,77.0,45.0,0.0,0.0,1.678,4.024,309 242 318 116 347 242 279 173
arginine,3,lysine,3,18,14,4,8.349,9.427,-0.717,77.0,45.0,0.0,0.0,2.894,4.901,256 144 164 206 202 111 94 243 258 175
arginine,3,lysine,3,18,15,1,8.349,7.128,-0.717,83.3,144.1,0.0025,0.0,2.331,2.745,250 14 235 206
arginine,3,lysine,3,18,15,2,8.349,7.128,-0.717,83.3,144.1,0.0,0.0,2.055,3.866,219 169 103 254 223 102
arginine,3,lysine,3,18,15,3,8.349,7.128,-0.717,83.3,144.1,0.0,0.0,1.511,2.036,191 224 52 297 181 46 275 292
arginine,3,lysine,3,18,15,4,8.349,7.128,-0.717,83.3,144.1,0.0,0.0,2.894,0.52,199 87 90 282 283 98 112 304 270 142
arginine,3,aspartic,4,16,3,1,9.921,10.293,-0.513,110.9,46.8,3.0106,0.0,1.619,3.912,81 262 179 179
arginine,3,aspartic,4,16,3,2,9.921,10.293,-0.513,110.9,46.8,0.3794,0.0,1.095,3.846,349 94 227 202 262 221
arginine,3,aspartic,4,16,3,3,9.921,10.293,-0.513,110.9,46.8,0.0,0.0,2.722,4.112,53 133 265 97 239 165 38 266
arginine,3,aspartic,4,16,3,4,9.921,10.293,-0.513,110.9,46.8,0.0,0.0,2.522,4.031,100 181 164 125 156 269 260 125 117 180
arginine,3,aspartic,4,16,4,1,9.921,9.35,-0.513,99.8,83.9,2.073,0.0,1.539,2.928,13 80 175 177
arginine,3,aspartic,4,16,4,2,9.921,9.35,-0.513,99.8,83.9,0.0,0.0,2.056,1.884,9 27 252 322 16 166
arginine,3,aspartic,4,16,4,3,9.921,9.35,-0.513,99.8,83.9,0.0,0.0,1.437,1.283,327 18 297 358 114 358 353 213
arginine,3,aspartic,4,16,4,4,9.921,9.35,-0.513,99.8,83.9,0.0,0.0,3.86,2.875,155 216 219 121 121 217 207 107 120 197
arginine,3,aspartic,4,16,5,1,9.921,10.038,-0.513,112.3,57.8,2.7523,0.0,1.691,4.047,17 100 181 181
arginine,3,aspartic,4,16,5,2,9.921,10.038,-0.513,112.3,57.8,0.1035,0.0,1.218,3.822,111 261 138 160 95 141
arginine,3,aspartic,4,16,5,3,9.921,10.038,-0.513,112.3,57.8,0.0,0.0,2.476,4.483,148 195 212 120 126 228 199 152
arginine,3,aspartic,4,16,5,4,9.921,10.038,-0.513,112.3,57.8,0.0,0.0,2.26,4.697,161 182 190 135 133 229 219 134 149 195
arginine,3,aspartic,4,17,3,1,9.921,11.049,-0.513,81.7,37.9,3.7821,0.0,2.446,2.167,276 39 179 179
arginine,3,aspartic,4,17,3,2,9.921,11.049,-0.513,81.7,37.9,0.6892,0.0,0.691,1.648,315 353 156 145 262 204
arginine,3,aspartic,4,17,3,3,9.921,11.049,-0.513,81.7,37.9,0.0,0.0,2.86,0.786,321 16 179 191 209 158 28 113
arginine,3,aspartic,4,17,3,4,9.921,11.049,-0.513,81.7,37.9,0.0,0.0,1.745,2.717,232 78 120 297 267 138 148 242 251 168
arginine,3,aspartic,4,17,4,1,9.921,9.585,-0.513,90.8,96.9,2.321,0.0,3.036,1.954,273 59 186 184
arginine,3,aspartic,4,17,4,2,9.921,9.585,-0.513,90.8,96.9,0.0,0.0,2.652,1.083,359 283 143 45 235 145
arginine,3,aspartic,4,17,4,3,9.921,9.585,-0.513,90.8,96.9,0.0,0.0,1.655,0.579,19 345 75 339 273 1 26 215
arginine,3,aspartic,4,17,4,4,9.921,9.585,-0.513,90.8,96.9,0.0,0.0,2.283,0.63,35 203 304 291 230 37 77 40 359 98
arginine,3,aspartic,4,17,5,1,9.921,10.531,-0.513,92.7,61.2,3.2833,0.0,3.046,1.606,323 297 172 175
arginine,3,aspartic,4,17,5,2,9.921,10.531,-0.513,92.7,61.2,0.1362,0.0,2.091,1.614,321 264 202 194 104 144
arginine,3,aspartic,4,17,5,3,9.921,10.531,-0.513,92.7,61.2,0.0,0.0,2.08,2.2,215 150 146 232 225 136 154 199
arginine,3,aspartic,4,17,5,4,9.921,10.531,-0.513,92.7,61.2,0.0,0.0,3.046,2.655,195 169 156 231 230 125 140 215 194 162
arginine,3,aspartic,4,18,3,1,9.921,12.394,-0.513,16.2,47.6,8.3684,0.0,2.894,5.368,70 0 180 0
arginine,3,aspartic,4,18,3,2,9.921,12.394,-0.513,16.2,47.6,4.7783,0.0,2.894,4.747,74 359 187 350 164 165
arginine,3,aspartic,4,18,3,3,9.921,12.394,-0.513,16.2,47.6,1.0783,0.0,1.072,2.579,72 359 183 357 148 149 173 175
arginine,3,aspartic,4,18,3,4,9.921,12.394,-0.513,16.2,47.6,0.0,0.0,1.741,3.624,50 297 255 93 110 206 197 158 155 179
arginine,3,aspartic,4,18,4,1,9.921,11.245,-0.513,7.0,92.6,8.2655,0.0,2.894,4.112,40 0 180 0
arginine,3,aspartic,4,18,4,2,9.921,11.245,-0.513,7.0,92.6,4.528,0.0,2.894,2.695,43 360 180 360 157 129
arginine,3,aspartic,4,18,4,3,9.921,11.245,-0.513,7.0,92.6,1.0459,0.0,0.785,2.207,28 360 181 359 224 243 176 177
arginine,3,aspartic,4,18,4,4,9.921,11.245,-0.513,7.0,92.6,0.0,0.0,1.358,1.161,21 303 269 73 101 237 221 169 180 190
arginine,3,aspartic,4,18,5,1,9.921,12.212,-0.513,10.8,55.6,8.7262,0.0,2.894,5.368,117 360 180 360
arginine,3,aspartic,4,18,5,2,9.921,12.212,-0.513,10.8,55.6,5.021,0.0,2.894,5.368,114 0 178 2 198 208
arginine,3,aspartic,4,18,5,3,9.921,12.212,-0.513,10.8,55.6,1.4808,0.0,1.157,4.906,119 359 183 357 215 231 165 172
arginine,3,aspartic,4,18,5,4,9.921,12.212,-0.513,10.8,55.6,0.0,0.0,1.723,5.368,153 295 240 80 131 212 195 155 152 174
arginine,3,glutamic,4,16,5,1,13.487,12.668,-0.008,105.6,94.2,5.4113,0.0,3.86,3.384,63 271 182 181
arginine,3,glutamic,4,16,5,2,13.487,12.668,-0.008,105.6,94.2,1.6974,0.0,2.42,2.658,353 86 187 183 185 185
arginine,3,glutamic,4,16,5,3,13.487,12.668,-0.008,105.6,94.2,0.0,0.0,2.879,2.151,330 75 193 322 341 121 264 224
arginine,3,glutamic,4,16,5,4,13.487,12.668,-0.008,105.6,94.2,0.0,0.0,2.022,2.235,325 72 289 181 253 1 222 260 87 15
arginine,3,glutamic,4,16,6,1,13.487,13.988,-0.008,114.4,40.8,6.742,0.0,3.86,4.012,67 257 178 179
arginine,3,glutamic,4,16,6,2,13.487,13.988,-0.008,114.4,40.8,3.0316,0.0,3.159,3.583,353 105 175 177 175 176
arginine,3,glutamic,4,16,6,3,13.487,13.988,-0.008,114.4,40.8,0.3342,0.0,3.86,4.697,348 123 190 185 188 187 92 152
arginine,3,glutamic,4,16,6,4,13.487,13.988,-0.008,114.4,40.8,0.0,0.0,3.86,4.168,50 178 293 195 249 317 73 77 109 210
arginine,3,glutamic,4,16,7,1,13.487,11.606,-0.008,114.7,143.6,4.3965,0.0,3.86,4.297,353 103 185 183
arginine,3,glutamic,4,16,7,2,13.487,11.606,-0.008,114.7,143.6,0.7683,0.0,3.129,3.443,67 257 193 187 199 196
arginine,3,glutamic,4,16,7,3,13.487,11.606,-0.008,114.7,143.6,0.0,0.0,2.212,2.231,116 258 176 85 83 190 223 202
arginine,3,glutamic,4,16,7,4,13.487,11.606,-0.008,114.7,143.6,0.0,0.0,2.751,2.981,38 2 328 20 39 238 207 81 117 210
arginine,3,glutamic,4,17,5,1,13.487,13.57,-0.008,71.4,96.3,6.3467,0.0,3.046,1.741,307 2 185 185
arginine,3,glutamic,4,17,5,2,13.487,13.57,-0.008,71.4,96.3,2.7831,0.0,3.046,1.697,310 358 150 150 173 176
arginine,3,glutamic,4,17,5,3,13.487,13.57,-0.008,71.4,96.3,0.0,0.0,1.82,1.226,340 330 153 60 301 174 185 148
arginine,3,glutamic,4,17,5,4,13.487,13.57,-0.008,71.4,96.3,0.0,0.0,3.046,1.46,298 62 93 315 287 148 169 257 243 161
arginine,3,glutamic,4,17,6,1,13.487,15.092,-0.008,71.8,32.1,7.8598,0.0,3.046,1.821,301 359 178 178
arginine,3,glutamic,4,17,6,2,13.487,15.092,-0.008,71.8,32.1,4.3144,0.0,3.046,1.873,298 2 207 207 186 184
arginine,3,glutamic,4,17,6,3,13.487,15.092,-0.008,71.8,32.1,0.9193,0.0,2.964,1.961,293 360 215 222 180 180 225 209
arginine,3,glutamic,4,17,6,4,13.487,15.092,-0.008,71.8,32.1,0.0043,0.0,3.046,2.331,262 357 250 250 175 190 168 162 19 174
arginine,3,glutamic,4,17,7,1,13.487,12.677,-0.008,73.2,136.1,5.4575,0.0,3.046,1.815,301 355 176 176
arginine,3,glutamic,4,17,7,2,13.487,12.677,-0.008,73.2,136.1,1.8907,0.0,3.046,1.912,295 4 206 204 190 187
arginine,3,glutamic,4,17,7,3,13.487,12.677,-0.008,73.2,136.1,0.0,0.0,2.753,1.691,311 34 111 4 317 142 160 166
arginine,3,glutamic,4,17,7,4,13.487,12.677,-0.008,73.2,136.1,0.0,0.0,3.012,2.793,229 64 133 72 106 140 139 296 280 134
arginine,3,glutamic,4,18,5,1,13.487,14.499,-0.008,27.6,101.0,9.4461,0.0,2.894,4.399,45 0 174 14
arginine,3,glutamic,4,18,5,2,13.487,14.499,-0.008,27.6,101.0,5.9401,0.0,2.894,3.966,47 360 208 308 176 177
arginine,3,glutamic,4,18,5,3,13.487,14.499,-0.008,27.6,101.0,2.2182,0.0,2.894,3.261,46 0 157 46 182 181 181 181
arginine,3,glutamic,4,18,5,4,13.487,14.499,-0.008,27.6,101.0,0.0,0.0,2.894,3.877,76 280 240 79 110 187 173 179 179 178
arginine,3,glutamic,4,18,6,1,13.487,16.029,-0.008,27.4,38.7,10.9295,0.0,2.894,5.118,62 360 187 343
arginine,3,glutamic,4,18,6,2,13.487,16.029,-0.008,27.4,38.7,7.4399,0.0,2.894,4.956,61 0 151 55 184 183
arginine,3,glutamic,4,18,6,3,13.487,16.029,-0.008,27.4,38.7,3.7123,0.0,2.894,3.962,61 0 204 310 182 181 182 181
arginine,3,glutamic,4,18,6,4,13.487,16.029,-0.008,27.4,38.7,0.4025,0.0,2.894,5.368,69 360 209 294 172 176 175 176 226 204
arginine,3,glutamic,4,18,7,1,13.487,13.695,-0.008,24.8,137.9,8.8874,0.0,2.894,5.368,67 360 183 355
arginine,3,glutamic,4,18,7,2,13.487,13.695,-0.008,24.8,137.9,5.3426,0.0,2.894,4.907,65 0 156 43 182 181
arginine,3,glutamic,4,18,7,3,13.487,13.695,-0.008,24.8,137.9,1.7022,0.0,2.894,3.604,66 359 200 324 171 175 169 171
arginine,3,glutamic,4,18,7,4,13.487,13.695,-0.008,24.8,137.9,0.0,0.0,2.894,4.287,60 283 267 88 94 209 193 183 187 183
arginine,3,isoleucine,2,16,4,1,10.599,10.183,-0.665,87.8,96.7,2.9079,0.0,2.499,2.481,86 306 179 179
arginine,3,isoleucine,2,16,4,2,10.599,10.183,-0.665,87.8,96.7,0.0,0.0,3.064,0.956,25 67 156 237 90 212
arginine,3,isoleucine,2,16,4,3,10.599,10.183,-0.665,87.8,96.7,0.0,0.0,2.668,0.661,3 284 305 150 113 204 203 151
arginine,3,isoleucine,2,16,4,4,10.599,10.183,-0.665,87.8,96.7,0.0,0.0,1.7,1.783,102 73 3 253 305 18 314 31 86 235
arginine,3,isoleucine,2,16,5,1,10.599,10.179,-0.665,84.5,96.9,2.9019,0.0,2.248,2.466,45 47 180 180
arginine,3,isoleucine,2,16,5,2,10.599,10.179,-0.665,84.5,96.9,0.0,0.0,2.265,1.124,55 317 238 133 206 218
arginine,3,isoleucine,2,16,5,3,10.599,10.179,-0.665,84.5,96.9,0.0,0.0,1.163,4.371,141 212 216 131 138 230 214 162
arginine,3,isoleucine,2,16,5,4,10.599,10.179,-0.665,84.5,96.9,0.0,0.0,2.38,4.697,166 213 219 130 131 214 203 120 134 195
arginine,3,isoleucine,2,16,6,1,10.599,11.998,-0.665,91.2,4.1,4.7884,0.0,2.534,2.636,35 60 181 181
arginine,3,isoleucine,2,16,6,2,10.599,11.998,-0.665,91.2,4.1,1.3805,0.0,0.749,3.139,36 77 188 185 226 210
arginine,3,isoleucine,2,16,6,3,10.599,11.998,-0.665,91.2,4.1,0.5264,0.0,1.993,4.195,36 113 179 180 229 211 360 180
arginine,3,isoleucine,2,16,6,4,10.599,11.998,-0.665,91.2,4.1,0.0,0.0,3.653,3.962,79 237 184 182 180 212 266 149 57 173
arginine,3,isoleucine,2,17,4,1,10.599,9.79,-0.665,102.9,93.0,2.5111,0.0,2.145,1.378,276 85 178 179
arginine,3,isoleucine,2,17,4,2,10.599,9.79,-0.665,102.9,93.0,0.0,0.0,2.537,1.185,358 288 160 67 333 203
arginine,3,isoleucine,2,17,4,3,10.599,9.79,-0.665,102.9,93.0,0.0,0.0,2.302,0.937,16 314 65 15 285 52 33 137
arginine,3,isoleucine,2,17,4,4,10.599,9.79,-0.665,102.9,93.0,0.0,0.0,2.931,1.25,248 106 82 316 283 112 141 250 230 162
arginine,3,isoleucine,2,17,5,1,10.599,9.355,-0.665,117.3,110.3,2.1059,0.0,1.643,1.223,271 106 188 185
arginine,3,isoleucine,2,17,5,2,10.599,9.355,-0.665,117.3,110.3,0.0,0.0,1.396,1.653,243 130 193 237 254 215
arginine,3,isoleucine,2,17,5,3,10.599,9.355,-0.665,117.3,110.3,0.0,0.0,2.43,2.171,226 175 166 227 224 111 127 200
arginine,3,isoleucine,2,17,5,4,10.599,9.355,-0.665,117.3,110.3,0.0,0.0,2.114,2.722,190 170 164 231 235 140 148 237 223 163
arginine,3,isoleucine,2,17,6,1,10.599,11.493,-0.665,111.0,9.7,4.2802,0.0,1.58,1.348,270 97 183 182
arginine,3,isoleucine,2,17,6,2,10.599,11.493,-0.665,111.0,9.7,1.1808,0.0,1.858,0.717,349 239 175 177 116 146
arginine,3,isoleucine,2,17,6,3,10.599,11.493,-0.665,111.0,9.7,0.3442,0.0,2.842,0.908,351 206 184 182 117 147 1 179
arginine,3,isoleucine,2,17,6,4,10.599,11.493,-0.665,111.0,9.7,0.0,0.0,3.046,1.532,250 165 187 193 191 143 124 241 265 184
arginine,3,isoleucine,2,18,4,1,10.599,11.744,-0.665,9.8,100.0,8.409,0.0,1.506,1.948,309 360 180 360
arginine,3,isoleucine,2,18,4,2,10.599,11.744,-0.665,9.8,100.0,4.703,0.0,1.612,0.517,305 0 179 1 201 216
arginine,3,isoleucine,2,18,4,3,10.599,11.744,-0.665,9.8,100.0,1.1121,0.0,1.486,0.822,309 0 180 0 141 128 180 180
arginine,3,isoleucine,2,18,4,4,10.599,11.744,-0.665,9.8,100.0,0.0,0.0,1.752,1.062,299 66 97 278 253 139 155 199 191 174
arginine,3,isoleucine,2,18,5,1,10.599,11.606,-0.665,16.5,105.5,7.6413,0.0,2.894,1.008,261 0 180 0
arginine,3,isoleucine,2,18,5,2,10.599,11.606,-0.665,16.5,105.5,4.0785,0.0,2.894,0.65,266 359 185 354 161 160
arginine,3,isoleucine,2,18,5,3,10.599,11.606,-0.665,16.5,105.5,0.3457,0.0,2.554,0.684,263 360 181 359 210 219 175 177
arginine,3,isoleucine,2,18,5,4,10.599,11.606,-0.665,16.5,105.5,0.0,0.0,0.874,1.339,318 59 87 280 256 131 149 192 182 173
arginine,3,isoleucine,2,18,6,1,10.599,13.629,-0.665,10.1,4.9,10.0656,0.0,2.894,0.921,265 360 180 360
arginine,3,isoleucine,2,18,6,2,10.599,13.629,-0.665,10.1,4.9,6.4129,0.0,2.894,0.657,265 0 179 1 195 201
arginine,3,isoleucine,2,18,6,3,10.599,13.629,-0.665,10.1,4.9,2.7845,0.0,1.83,0.655,265 0 179 1 148 139 184 182
arginine,3,isoleucine,2,18,6,4,10.599,13.629,-0.665,10.1,4.9,0.5545,0.0,2.889,0.77,266 2 157 40 210 197 201 198 71 152
arginine,3,leucine,2,16,1,1,6.685,8.877,0.611,21.6,52.8,4.8624,0.0,3.86,4.697,197 360 181 359
arginine,3,leucine,2,16,1,2,6.685,8.877,0.611,21.6,52.8,1.0492,0.0,2.385,4.697,197 360 180 360 171 161
arginine,3,leucine,2,16,1,3,6.685,8.877,0.611,21.6,52.8,0.0,0.0,2.763,4.697,210 58 165 279 180 101 123 171
arginine,3,leucine,2,16,1,4,6.685,8.877,0.611,21.6,52.8,0.0,0.0,2.415,4.66,315 47 80 286 256 112 132 207 195 171
arginine,3,leucine,2,16,2,1,6.685,9.123,0.611,26.6,41.7,4.574,0.0,3.86,3.578,159 0 179 1
arginine,3,leucine,2,16,2,2,6.685,9.123,0.611,26.6,41.7,0.8877,0.0,3.141,3.603,163 359 165 25 174 177
arginine,3,leucine,2,16,2,3,6.685,9.123,0.611,26.6,41.7,0.0,0.0,3.858,2.766,150 290 214 100 161 247 230 180
arginine,3,leucine,2,16,2,4,6.685,9.123,0.611,26.6,41.7,0.0,0.0,2.863,1.625,59 322 283 74 105 239 221 149 155 184
arginine,3,leucine,2,16,13,1,6.685,7.755,0.611,35.1,95.4,2.7368,0.0,3.86,4.697,182 360 181 359
arginine,3,leucine,2,16,13,2,6.685,7.755,0.611,35.1,95.4,0.0,0.0,3.407,3.398,144 348 205 43 163 227
arginine,3,leucine,2,16,13,3,6.685,7.755,0.611,35.1,95.4,0.0,0.0,2.668,4.697,236 66 132 269 201 96 119 185
arginine,3,leucine,2,16,13,4,6.685,7.755,0.611,35.1,95.4,0.0,0.0,2.843,4.697,287 26 60 296 266 103 128 221 203 168
arginine,3,leucine,2,17,1,1,6.685,7.025,0.611,101.2,42.3,0.6608,0.0,1.094,2.67,54 2 300 229
arginine,3,leucine,2,17,1,2,6.685,7.025,0.611,101.2,42.3,0.1303,0.0,1.391,1.962,27 355 281 247 353 245
arginine,3,leucine,2,17,1,3,6.685,7.025,0.611,101.2,42.3,0.0,0.0,2.908,2.923,151 265 237 72 20 262 290 58
arginine,3,leucine,2,17,1,4,6.685,7.025,0.611,101.2,42.3,0.0,0.0,3.046,2.923,197 215 222 128 112 223 235 91 97 211
arginine,3,leucine,2,17,2,1,6.685,6.873,0.611,121.6,49.0,0.4371,0.0,1.799,1.121,50 190 62 129
arginine,3,leucine,2,17,2,2,6.685,6.873,0.611,121.6,49.0,0.0,0.0,1.607,0.572,24 233 69 221 281 119
arginine,3,leucine,2,17,2,3,6.685,6.873,0.611,121.6,49.0,0.0,0.0,3.046,2.666,194 170 211 118 111 266 238 147
arginine,3,leucine,2,17,2,4,6.685,6.873,0.611,121.6,49.0,0.0,0.0,3.046,2.472,210 176 204 137 122 231 222 96 119 207
arginine,3,leucine,2,17,13,1,6.685,5.857,0.611,111.0,87.3,0.0,0.0,2.774,2.871,158 211 232 35
arginine,3,leucine,2,17,13,2,6.685,5.857,0.611,111.0,87.3,0.0,0.0,3.046,2.731,187 158 254 39 193 302
arginine,3,leucine,2,17,13,3,6.685,5.857,0.611,111.0,87.3,0.0,0.0,3.046,2.327,214 170 231 96 85 307 265 123
arginine,3,leucine,2,17,13,4,6.685,5.857,0.611,111.0,87.3,0.0,0.0,2.617,2.923,201 245 236 106 81 227 259 89 104 238
arginine,3,leucine,2,18,1,1,6.685,6.694,0.611,115.2,60.6,0.1056,0.0,1.184,5.104,303 159 314 197
arginine,3,leucine,2,18,1,2,6.685,6.694,0.611,115.2,60.6,0.0,0.0,1.787,5.18,346 45 40 280 236 155
arginine,3,leucine,2,18,1,3,6.685,6.694,0.611,115.2,60.6,0.0,0.0,2.894,5.368,175 192 150 254 245 71 108 207
arginine,3,leucine,2,18,1,4,6.685,6.694,0.611,115.2,60.6,0.0,0.0,2.894,5.368,160 184 164 223 237 127 132 254 233 154
arginine,3,leucine,2,18,2,1,6.685,7.375,0.611,99.9,29.5,0.8657,0.0,2.147,3.483,238 5 290 217
arginine,3,leucine,2,18,2,2,6.685,7.375,0.611,99.9,29.5,0.2552,0.0,2.894,3.816,212 353 285 231 354 228
arginine,3,leucine,2,18,2,3,6.685,7.375,0.611,99.9,29.5,0.0,0.0,2.894,4.088,181 122 115 265 313 111 86 219
arginine,3,leucine,2,18,2,4,6.685,7.375,0.611,99.9,29.5,0.0,0.0,2.894,5.368,161 167 149 223 232 133 138 259 243 157
arginine,3,leucine,2,18,13,1,6.685,5.808,0.611,113.2,93.3,0.0,0.0,2.88,4.455,236 307 7 258
arginine,3,leucine,2,18,13,2,6.685,5.808,0.611,113.2,93.3,0.0,0.0,2.894,4.362,190 288 331 3 255 267
arginine,3,leucine,2,18,13,3,6.685,5.808,0.611,113.2,93.3,0.0,0.0,2.802,5.368,178 238 111 304 209 0 119 358
arginine,3,leucine,2,18,13,4,6.685,5.808,0.611,113.2,93.3,0.0,0.0,2.894,5.368,169 187 179 211 239 122 99 263 245 142
arginine,3,serine,0,16,3,1,5.206,5.73,-0.024,90.7,41.0,0.719,0.0,3.86,2.428,94 43 37 57
arginine,3,serine,0,16,3,2,5.206,5.73,-0.024,90.7,41.0,0.0134,0.0,3.86,2.23,118 18 73 119 17 62
arginine,3,serine,0,16,3,3,5.206,5.73,-0.024,90.7,41.0,0.0,0.0,3.519,0.577,353 28 219 205 353 239 337 16
arginine,3,serine,0,16,3,4,5.206,5.73,-0.024,90.7,41.0,0.0,0.0,3.454,0.802,351 339 303 83 8 266 0 108 62 346
arginine,3,serine,0,16,4,1,5.206,4.734,-0.024,115.0,78.8,0.0,0.0,3.86,3.872,101 85 1 340
arginine,3,serine,0,16,4,2,5.206,4.734,-0.024,115.0,78.8,0.0,0.0,3.86,3.711,148 123 335 27 103 37
arginine,3,serine,0,16,4,3,5.206,4.734,-0.024,115.0,78.8,0.0,0.0,3.86,3.817,171 202 275 83 60 309 218 80
arginine,3,serine,0,16,4,4,5.206,4.734,-0.024,115.0,78.8,0.0,0.0,3.86,1.946,152 284 224 39 32 299 277 54 126 251
arginine,3,serine,0,16,5,1,5.206,5.548,-0.024,106.7,48.8,0.4099,0.0,3.86,3.795,13 270 338 72
arginine,3,serine,0,16,5,2,5.206,5.548,-0.024,106.7,48.8,0.0,0.0,3.86,3.529,330 304 321 78 133 268
arginine,3,serine,0,16,5,3,5.206,5.548,-0.024,106.7,48.8,0.0,0.0,3.58,4.697,315 356 344 72 66 277 245 127
arginine,3,serine,0,16,5,4,5.206,5.548,-0.024,106.7,48.8,0.0,0.0,3.86,2.643,105 21 355 304 257 304 325 53 97 273
arginine,3,serine,0,17,3,1,5.206,5.605,-0.024,95.4,66.2,0.0422,0.0,3.046,0.856,320 124 25 271
arginine,3,serine,0,17,3,2,5.206,5.605,-0.024,95.4,66.2,0.0,0.0,2.034,0.859,9 65 39 282 232 96
arginine,3,serine,0,17,3,3,5.206,5.605,-0.024,95.4,66.2,0.0,0.0,1.714,0.709,50 10 68 294 265 52 78 229
arginine,3,serine,0,17,3,4,5.206,5.605,-0.024,95.4,66.2,0.0,0.0,2.054,0.919,4 344 357 298 304 85 92 313 260 121
arginine,3,serine,0,17,4,1,5.206,5.421,-0.024,87.1,72.9,0.0,0.0,3.046,1.917,271 212 12 282
arginine,3,serine,0,17,4,2,5.206,5.421,-0.024,87.1,72.9,0.0,0.0,3.046,2.837,226 249 48 336 136 355
arginine,3,serine,0,17,4,3,5.206,5.421,-0.024,87.1,72.9,0.0,0.0,3.046,2.818,200 192 31 276 256 57 204 346
arginine,3,serine,0,17,4,4,5.206,5.421,-0.024,87.1,72.9,0.0,0.0,3.046,2.923,212 66 88 305 306 86 104 291 233 125
arginine,3,serine,0,17,5,1,5.206,6.414,-0.024,73.8,32.0,1.0793,0.0,2.592,1.199,326 34 70 61
arginine,3,serine,0,17,5,2,5.206,6.414,-0.024,73.8,32.0,0.3601,0.0,1.884,0.734,353 22 88 102 30 84
arginine,3,serine,0,17,5,3,5.206,6.414,-0.024,73.8,32.0,0.0,0.0,1.487,0.466,23 35 104 261 250 90 58 177
arginine,3,serine,0,17,5,4,5.206,6.414,-0.024,73.8,32.0,0.0,0.0,1.69,1.014,26 38 59 302 316 44 50 272 245 117
arginine,3,serine,0,18,3,1,5.206,7.477,-0.024,2.2,54.8,5.9604,0.0,2.894,1.104,258 0 180 0
arginine,3,serine,0,18,3,2,5.206,7.477,-0.024,2.2,54.8,2.1957,0.0,2.894,0.745,243 0 179 0 202 296
arginine,3,serine,0,18,3,3,5.206,7.477,-0.024,2.2,54.8,0.0,0.0,1.606,0.682,296 49 112 310 215 90 162 209
arginine,3,serine,0,18,3,4,5.206,7.477,-0.024,2.2,54.8,0.0,0.0,0.965,0.874,340 36 71 309 277 90 120 230 207 161
arginine,3,serine,0,18,4,1,5.206,6.989,-0.024,18.2,73.4,3.9996,0.0,2.894,5.368,140 0 180 0
arginine,3,serine,0,18,4,2,5.206,6.989,-0.024,18.2,73.4,0.2175,0.0,2.894,5.342,133 1 179 1 206 276
arginine,3,serine,0,18,4,3,5.206,6.989,-0.024,18.2,73.4,0.0,0.0,2.894,5.368,71 299 261 82 124 255 225 161
arginine,3,serine,0,18,4,4,5.206,6.989,-0.024,18.2,73.4,0.0,0.0,2.866,5.368,51 331 295 67 96 250 228 123 140 194
arginine,3,serine,0,18,5,1,5.206,7.614,-0.024,16.7,49.1,4.5096,0.0,2.894,5.368,73 360 180 360
arginine,3,serine,0,18,5,2,5.206,7.614,-0.024,16.7,49.1,0.699,0.0,2.894,4.624,75 360 181 359 156 101
arginine,3,serine,0,18,5,3,5.206,7.614,-0.024,16.7,49.1,0.0,0.0,2.153,4.221,32 314 263 70 109 251 233 170
arginine,3,serine,0,18,5,4,5.206,7.614,-0.024,16.7,49.1,0.0,0.0,2.826,4.729,51 324 295 66 92 247 223 116 138 200
arginine,3,tryptophan,0,16,16,1,13.059,13.884,-0.443,84.2,56.9,6.6296,0.0,3.781,2.307,39 314 178 179
arginine,3,tryptophan,0,16,16,2,13.059,13.884,-0.443,84.2,56.9,2.9233,0.0,3.569,2.055,355 37 186 183 185 184
arginine,3,tryptophan,0,16,16,3,13.059,13.884,-0.443,84.2,56.9,0.0581,0.0,2.771,2.469,346 32 169 175 172 172 263 207
arginine,3,tryptophan,0,16,16,4,13.059,13.884,-0.443,84.2,56.9,0.0,0.0,2.776,1.117,8 292 262 21 44 222 179 108 115 183
arginine,3,tryptophan,0,16,17,1,13.059,11.77,-0.443,81.4,149.5,4.5413,0.0,3.709,1.919,39 323 181 181
arginine,3,tryptophan,0,16,17,2,13.059,11.77,-0.443,81.4,149.5,1.0759,0.0,3.64,1.535,358 36 204 195 207 201
arginine,3,tryptophan,0,16,17,3,13.059,11.77,-0.443,81.4,149.5,0.0,0.0,3.132,1.098,330 42 252 335 133 218 249 254
arginine,3,tryptophan,0,16,17,4,13.059,11.77,-0.443,81.4,149.5,0.0,0.0,3.737,0.607,34 316 281 32 58 238 212 112 130 199
arginine,3,tryptophan,0,16,18,1,13.059,13.989,-0.443,81.5,52.4,6.7308,0.0,3.703,1.953,2 39 181 180
arginine,3,tryptophan,0,16,18,2,13.059,13.989,-0.443,81.5,52.4,3.0639,0.0,3.648,1.682,39 332 168 173 171 172
arginine,3,tryptophan,0,16,18,3,13.059,13.989,-0.443,81.5,52.4,0.1778,0.0,3.392,0.913,32 3 161 156 190 185 93 143
arginine,3,tryptophan,0,16,18,4,13.059,13.989,-0.443,81.5,52.4,0.0,0.0,3.843,0.809,33 301 270 34 54 221 191 122 137 193
arginine,3,tryptophan,0,17,16,1,13.059,14.353,-0.443,66.5,52.5,7.2442,0.0,2.764,0.367,333 0 190 198
arginine,3,tryptophan,0,17,16,2,13.059,14.353,-0.443,66.5,52.5,3.7322,0.0,2.724,0.477,335 358 145 138 173 175
arginine,3,tryptophan,0,17,16,3,13.059,14.353,-0.443,66.5,52.5,0.4888,0.0,2.59,0.692,337 2 140 111 193 188 116 145
arginine,3,tryptophan,0,17,16,4,13.059,14.353,-0.443,66.5,52.5,0.0,0.0,3.046,1.12,308 70 122 314 280 163 178 256 256 172
arginine,3,tryptophan,0,17,17,1,13.059,12.061,-0.443,70.5,156.3,4.9104,0.0,2.78,0.356,332 1 188 191
arginine,3,tryptophan,0,17,17,2,13.059,12.061,-0.443,70.5,156.3,1.42,0.0,2.764,0.456,335 357 151 148 167 172
arginine,3,tryptophan,0,17,17,3,13.059,12.061,-0.443,70.5,156.3,0.0,0.0,2.556,1.322,345 333 149 37 246 137 107 110
arginine,3,tryptophan,0,17,17,4,13.059,12.061,-0.443,70.5,156.3,0.0,0.0,2.596,1.179,289 80 97 296 271 136 165 263 237 157
arginine,3,tryptophan,0,17,18,1,13.059,14.125,-0.443,76.4,62.0,6.9262,0.0,2.91,0.538,320 20 186 184
arginine,3,tryptophan,0,17,18,2,13.059,14.125,-0.443,76.4,62.0,3.1837,0.0,2.782,0.414,332 0 167 168 180 180
arginine,3,tryptophan,0,17,18,3,13.059,14.125,-0.443,76.4,62.0,0.0549,0.0,2.874,0.867,316 41 189 185 185 185 113 152
arginine,3,tryptophan,0,17,18,4,13.059,14.125,-0.443,76.4,62.0,0.0001,0.0,1.403,1.134,31 9 67 295 293 145 177 199 192 178
arginine,3,tryptophan,0,18,16,1,13.059,14.902,-0.443,42.6,61.8,8.9117,0.0,2.064,3.54,15 0 203 281
arginine,3,tryptophan,0,18,16,2,13.059,14.902,-0.443,42.6,61.8,5.4111,0.0,2.047,3.154,14 1 143 85 186 184
arginine,3,tryptophan,0,18,16,3,13.059,14.902,-0.443,42.6,61.8,1.6531,0.0,2.068,2.949,15 0 213 276 182 181 182 181
arginine,3,tryptophan,0,18,16,4,13.059,14.902,-0.443,42.6,61.8,0.0,0.0,2.894,4.113,63 263 216 90 118 170 156 185 182 176
arginine,3,tryptophan,0,18,17,1,13.059,12.797,-0.443,38.5,159.7,7.1539,0.0,1.902,3.285,10 0 159 58
arginine,3,tryptophan,0,18,17,2,13.059,12.797,-0.443,38.5,159.7,3.6386,0.0,1.921,2.421,11 360 213 288 179 180
arginine,3,tryptophan,0,18,17,3,13.059,12.797,-0.443,38.5,159.7,0.3202,0.0,2.318,3.083,23 359 141 82 174 176 221 208
arginine,3,tryptophan,0,18,17,4,13.059,12.797,-0.443,38.5,159.7,0.0,0.0,2.57,3.708,83 268 249 82 107 214 193 162 170 186
arginine,3,tryptophan,0,18,18,1,13.059,15.059,-0.443,35.7,55.2,9.4717,0.0,1.722,3.135,5 0 161 55
arginine,3,tryptophan,0,18,18,2,13.059,15.059,-0.443,35.7,55.2,5.9437,0.0,1.735,2.247,5 360 214 288 179 179
arginine,3,tryptophan,0,18,18,3,13.059,15.059,-0.443,35.7,55.2,2.2164,0.0,1.73,2.165,5 0 151 68 181 181 181 181
arginine,3,tryptophan,0,18,18,4,13.059,15.059,-0.443,35.7,55.2,0.0,0.0,0.427,1.56,344 337 173 68 150 167 160 201 226 205
arginine,3,aspartic,12,16,3,1,8.109,10.087,0.553,68.7,11.4,3.0921,0.0,3.86,1.493,116 356 157 149
arginine,3,aspartic,12,16,3,2,8.109,10.087,0.553,68.7,11.4,0.8137,0.0,3.86,2.871,80 65 179 180 297 208
arginine,3,aspartic,12,16,3,3,8.109,10.087,0.553,68.7,11.4,0.1206,0.0,3.86,3.822,72 97 175 177 277 213 359 182
arginine,3,aspartic,12,16,3,4,8.109,10.087,0.553,68.7,11.4,0.0,0.0,3.86,4.697,166 202 224 160 151 223 218 115 130 199
arginine,3,aspartic,12,16,4,1,8.109,8.092,0.553,70.8,104.0,0.9313,0.0,3.86,2.427,119 3 202 211
arginine,3,aspartic,12,16,4,2,8.109,8.092,0.553,70.8,104.0,0.0,0.0,3.86,3.847,153 210 269 125 126 213
arginine,3,aspartic,12,16,4,3,8.109,8.092,0.553,70.8,104.0,0.0,0.0,3.86,4.039,162 180 252 150 123 269 248 139
arginine,3,aspartic,12,16,4,4,8.109,8.092,0.553,70.8,104.0,0.0,0.0,3.86,4.284,135 199 241 192 140 247 258 58 94 222
arginine,3,aspartic,12,16,5,1,8.109,8.08,0.553,71.7,104.5,0.9092,0.0,3.86,1.428,111 355 158 153
arginine,3,aspartic,12,16,5,2,8.109,8.08,0.553,71.7,104.5,0.0,0.0,2.74,0.898,57 7 185 46 245 303
arginine,3,aspartic,12,16,5,3,8.109,8.08,0.553,71.7,104.5,0.0,0.0,3.86,3.899,163 203 221 133 130 269 247 148
arginine,3,aspartic,12,16,5,4,8.109,8.08,0.553,71.7,104.5,0.0,0.0,3.86,4.449,169 191 217 153 142 237 228 109 128 201
arginine,3,aspartic,12,17,3,1,8.109,8.133,0.553,168.4,2.4,1.8091,0.0,2.674,0.777,296 180 200 288
arginine,3,aspartic,12,17,3,2,8.109,8.133,0.553,168.4,2.4,0.676,0.0,3.046,2.372,259 243 93 153 12 149
arginine,3,aspartic,12,17,3,3,8.109,8.133,0.553,168.4,2.4,0.0577,0.0,3.046,2.923,175 133 184 182 40 160 1 136
arginine,3,aspartic,12,17,3,4,8.109,8.133,0.553,168.4,2.4,0.0,0.0,2.693,0.847,337 148 158 298 324 171 43 166 303 116
arginine,3,aspartic,12,17,4,1,8.109,6.222,0.553,167.9,97.7,0.1148,0.0,3.046,2.209,228 180 187 337
arginine,3,aspartic,12,17,4,2,8.109,6.222,0.553,167.9,97.7,0.0,0.0,1.877,2.319,109 199 168 250 283 345
arginine,3,aspartic,12,17,4,3,8.109,6.222,0.553,167.9,97.7,0.0,0.0,1.748,2.923,175 226 166 161 314 104 80 305
arginine,3,aspartic,12,17,4,4,8.109,6.222,0.553,167.9,97.7,0.0,0.0,1.796,0.527,352 148 162 248 303 118 96 299 260 122
arginine,3,aspartic,12,17,5,1,8.109,6.324,0.553,155.0,93.8,0.0,0.0,2.859,1.044,331 231 154 293
arginine,3,aspartic,12,17,5,2,8.109,6.324,0.553,155.0,93.8,0.0,0.0,3.046,2.447,254 256 45 172 20 68
arginine,3,aspartic,12,17,5,3,8.109,6.324,0.553,155.0,93.8,0.0,0.0,3.046,2.923,201 239 64 208 317 141 112 303
arginine,3,aspartic,12,17,5,4,8.109,6.324,0.553,155.0,93.8,0.0,0.0,2.214,0.346,45 244 232 44 43 63 100 319 277 138
arginine,3,aspartic,12,18,3,1,8.109,10.429,0.553,55.2,6.6,3.9591,0.0,2.704,2.047,238 359 153 106
arginine,3,aspartic,12,18,3,2,8.109,10.429,0.553,55.2,6.6,0.9864,0.0,2.11,3.085,241 345 160 160 85 153
arginine,3,aspartic,12,18,3,3,8.109,10.429,0.553,55.2,6.6,0.258,0.0,2.764,4.176,255 297 177 178 92 147 359 181
arginine,3,aspartic,12,18,3,4,8.109,10.429,0.553,55.2,6.6,0.0,0.0,2.894,3.964,244 318 139 21 269 141 67 159 327 248
arginine,3,aspartic,12,18,4,1,8.109,8.385,0.553,59.6,105.2,1.7367,0.0,2.894,2.339,231 359 152 103
arginine,3,aspartic,12,18,4,2,8.109,8.385,0.553,59.6,105.2,0.0,0.0,2.062,2.983,214 112 105 244 239 179
arginine,3,aspartic,12,18,4,3,8.109,8.385,0.553,59.6,105.2,0.0,0.0,1.201,2.555,301 44 77 262 250 130 146 192
arginine,3,aspartic,12,18,4,4,8.109,8.385,0.553,59.6,105.2,0.0,0.0,1.969,3.671,294 0 40 315 280 105 130 236 220 165
arginine,3,aspartic,12,18,5,1,8.109,8.759,0.553,44.3,90.7,3.0743,0.0,2.894,1.477,233 2 163 39
arginine,3,aspartic,12,18,5,2,8.109,8.759,0.553,44.3,90.7,0.1844,0.0,2.894,2.594,211 3 168 12 266 228
arginine,3,aspartic,12,18,5,3,8.109,8.759,0.553,44.3,90.7,0.0,0.0,2.124,0.766,289 82 31 59 147 16 348 191
arginine,3,aspartic,12,18,5,4,8.109,8.759,0.553,44.3,90.7,0.0,0.0,1.466,0.527,357 26 74 306 259 77 102 198 188 174
lysine,3,tyrosine,3,13,8,1,13.195,13.741,0.248,34.6,116.9,8.2709,0.0,3.032,4.678,201 360 163 47
lysine,3,tyrosine,3,13,8,2,13.195,13.741,0.248,34.6,116.9,4.7781,0.0,3.032,2.848,202 360 212 295 174 177
lysine,3,tyrosine,3,13,8,3,13.195,13.741,0.248,34.6,116.9,1.0473,0.0,3.032,2.145,202 360 151 63 177 178 177 177
lysine,3,tyrosine,3,13,8,4,13.195,13.741,0.248,34.6,116.9,0.0,0.0,3.032,2.298,218 277 221 17 251 320 80 210 194 201
lysine,3,tyrosine,3,13,9,1,13.195,15.909,0.248,30.0,21.6,10.657,0.0,3.032,4.564,202 0 167 35
lysine,3,tyrosine,3,13,9,2,13.195,15.909,0.248,30.0,21.6,7.1485,0.0,3.032,2.624,202 360 211 299 178 179
lysine,3,tyrosine,3,13,9,3,13.195,15.909,0.248,30.0,21.6,3.4432,0.0,3.032,1.938,201 0 153 57 181 180 181 181
lysine,3,tyrosine,3,13,9,4,13.195,15.909,0.248,30.0,21.6,0.6606,0.0,3.032,4.035,185 1 210 288 189 185 187 187 256 208
lysine,3,tyrosine,3,13,10,1,13.195,13.898,0.248,24.5,110.2,9.1357,0.0,3.032,4.448,203 0 177 6
lysine,3,tyrosine,3,13,10,2,13.195,13.898,0.248,24.5,110.2,5.5391,0.0,3.032,2.025,203 0 204 317 181 181
lysine,3,tyrosine,3,13,10,3,13.195,13.898,0.248,24.5,110.2,1.9188,0.0,3.032,1.177,200 1 161 35 200 192 195 193
lysine,3,tyrosine,3,13,10,4,13.195,13.898,0.248,24.5,110.2,0.0,0.0,3.032,1.342,218 68 125 264 216 138 148 160 164 184
lysine,3,tyrosine,3,14,8,1,13.195,12.057,0.248,103.9,116.1,4.8085,0.0,3.874,2.521,62 85 182 181
lysine,3,tyrosine,3,14,8,2,13.195,12.057,0.248,103.9,116.1,1.0762,0.0,3.669,2.123,132 277 181 180 180 180
lysine,3,tyrosine,3,14,8,3,13.195,12.057,0.248,103.9,116.1,0.0,0.0,3.285,3.101,174 206 221 97 111 188 152 148
lysine,3,tyrosine,3,14,8,4,13.195,12.057,0.248,103.9,116.1,0.0,0.0,3.874,4.571,168 181 193 149 148 234 228 144 156 193
lysine,3,tyrosine,3,14,9,1,13.195,14.142,0.248,104.6,27.5,6.9157,0.0,3.874,2.616,130 274 177 178
lysine,3,tyrosine,3,14,9,2,13.195,14.142,0.248,104.6,27.5,3.2115,0.0,3.775,2.161,59 87 173 176 173 174
lysine,3,tyrosine,3,14,9,3,13.195,14.142,0.248,104.6,27.5,0.5858,0.0,3.874,3.811,126 250 180 180 180 180 270 208
lysine,3,tyrosine,3,14,9,4,13.195,14.142,0.248,104.6,27.5,0.0,0.0,3.874,4.571,138 208 197 179 179 200 210 123 105 174
lysine,3,tyrosine,3,14,10,1,13.195,12.09,0.248,102.9,114.7,4.8383,0.0,3.874,2.441,124 277 178 179
lysine,3,tyrosine,3,14,10,2,13.195,12.09,0.248,102.9,114.7,1.1081,0.0,3.814,2.045,55 81 180 180 180 180
lysine,3,tyrosine,3,14,10,3,13.195,12.09,0.248,102.9,114.7,0.0,0.0,3.874,3.732,112 195 215 167 181 252 225 154
lysine,3,tyrosine,3,14,10,4,13.195,12.09,0.248,102.9,114.7,0.0,0.0,3.874,4.002,165 186 197 146 145 226 217 143 156 193
lysine,3,tyrosine,3,15,8,1,13.195,11.473,0.248,130.1,113.9,4.2168,0.0,2.934,1.087,305 229 181 181
lysine,3,tyrosine,3,15,8,2,13.195,11.473,0.248,130.1,113.9,0.4891,0.0,2.585,1.461,240 134 185 183 183 183
lysine,3,tyrosine,3,15,8,3,13.195,11.473,0.248,130.1,113.9,0.0,0.0,2.101,3.273,242 203 183 214 192 65 85 196
lysine,3,tyrosine,3,15,8,4,13.195,11.473,0.248,130.1,113.9,0.0,0.0,2.192,3.273,178 191 175 211 217 139 142 226 215 165
lysine,3,tyrosine,3,15,9,1,13.195,13.62,0.248,127.6,18.0,6.3865,0.0,2.934,0.925,312 233 182 181
lysine,3,tyrosine,3,15,9,2,13.195,13.62,0.248,127.6,18.0,2.6634,0.0,2.851,1.352,244 128 182 181 182 182
lysine,3,tyrosine,3,15,9,3,13.195,13.62,0.248,127.6,18.0,0.6069,0.0,2.934,1.963,298 255 179 180 180 180 63 157
lysine,3,tyrosine,3,15,9,4,13.195,13.62,0.248,127.6,18.0,0.0,0.0,2.934,3.273,206 88 250 205 203 209 93 153 20 162
lysine,3,tyrosine,3,15,10,1,13.195,11.618,0.248,123.2,107.8,4.3843,0.0,2.934,1.624,244 120 174 176
lysine,3,tyrosine,3,15,10,2,13.195,11.618,0.248,123.2,107.8,0.6318,0.0,2.934,0.855,314 239 183 182 182 182
lysine,3,tyrosine,3,15,10,3,13.195,11.618,0.248,123.2,107.8,0.0,0.0,2.934,3.164,195 163 152 247 242 156 177 202
lysine,3,tyrosine,3,15,10,4,13.195,11.618,0.248,123.2,107.8,0.0,0.0,2.382,0.596,210 194 183 269 208 30 123 234 215 169
lysine,3,phenylalanine,2,13,12,1,10.217,12.573,-0.558,25.2,44.9,7.8048,0.0,0.705,3.663,327 0 177 5
lysine,3,phenylalanine,2,13,12,2,10.217,12.573,-0.558,25.2,44.9,4.2246,0.0,0.827,2.442,328 360 202 321 177 178
lysine,3,phenylalanine,2,13,12,3,10.217,12.573,-0.558,25.2,44.9,0.7354,0.0,1.064,1.651,313 360 202 322 174 176 148 157
lysine,3,phenylalanine,2,13,12,4,10.217,12.573,-0.558,25.2,44.9,0.0,0.0,2.078,1.745,282 57 126 284 232 157 172 224 231 188
lysine,3,phenylalanine,2,13,13,1,10.217,12.411,-0.558,33.0,52.3,7.0888,0.0,0.546,4.235,345 360 192 328
lysine,3,phenylalanine,2,13,13,2,10.217,12.411,-0.558,33.0,52.3,3.5954,0.0,0.788,3.837,343 1 150 57 190 186
lysine,3,phenylalanine,2,13,13,3,10.217,12.411,-0.558,33.0,52.3,0.144,0.0,1.083,4.477,348 1 145 72 194 189 228 211
lysine,3,phenylalanine,2,13,13,4,10.217,12.411,-0.558,33.0,52.3,0.0,0.0,2.294,5.33,30 48 78 273 280 145 160 199 195 172
lysine,3,phenylalanine,2,13,14,1,10.217,10.686,-0.558,33.0,120.5,5.4888,0.0,0.72,3.758,328 0 171 20
lysine,3,phenylalanine,2,13,14,2,10.217,10.686,-0.558,33.0,120.5,1.9909,0.0,0.832,2.925,332 359 206 312 168 172
lysine,3,phenylalanine,2,13,14,3,10.217,10.686,-0.558,33.0,120.5,0.0,0.0,2.26,0.7,281 10 154 26 173 124 164 217
lysine,3,phenylalanine,2,13,14,4,10.217,10.686,-0.558,33.0,120.5,0.0,0.0,2.787,1.209,258 75 110 275 247 144 160 231 226 174
lysine,3,phenylalanine,2,14,12,1,10.217,11.52,-0.558,74.4,48.2,4.3013,0.0,2.364,2.113,38 12 189 187
lysine,3,phenylalanine,2,14,12,2,10.217,11.52,-0.558,74.4,48.2,0.7125,0.0,1.166,1.737,40 12 206 201 203 196
lysine,3,phenylalanine,2,14,12,3,10.217,11.52,-0.558,74.4,48.2,0.0,0.0,2.225,0.803,21 44 226 329 106 223 279 227
lysine,3,phenylalanine,2,14,12,4,10.217,11.52,-0.558,74.4,48.2,0.0,0.0,2.994,0.726,47 323 295 43 68 235 209 96 122 205
lysine,3,phenylalanine,2,14,13,1,10.217,11.53,-0.558,72.2,47.8,4.3167,0.0,2.74,2.869,37 356 171 171
lysine,3,phenylalanine,2,14,13,2,10.217,11.53,-0.558,72.2,47.8,0.7376,0.0,1.903,3.189,35 356 152 151 166 171
lysine,3,phenylalanine,2,14,13,3,10.217,11.53,-0.558,72.2,47.8,0.0,0.0,2.231,4.571,354 324 224 144 158 221 227 186
lysine,3,phenylalanine,2,14,13,4,10.217,11.53,-0.558,72.2,47.8,0.0,0.0,3.419,0.593,45 36 134 37 72 190 257 190 353 302
lysine,3,phenylalanine,2,14,14,1,10.217,9.982,-0.558,65.1,108.3,3.0025,0.0,2.906,2.073,43 359 200 228
lysine,3,phenylalanine,2,14,14,2,10.217,9.982,-0.558,65.1,108.3,0.0,0.0,2.567,1.078,23 49 180 294 111 182
lysine,3,phenylalanine,2,14,14,3,10.217,9.982,-0.558,65.1,108.3,0.0,0.0,1.746,1.263,25 317 308 36 70 253 204 122
lysine,3,phenylalanine,2,14,14,4,10.217,9.982,-0.558,65.1,108.3,0.0,0.0,3.253,0.574,45 333 297 42 69 246 223 96 120 204
lysine,3,phenylalanine,2,15,12,1,10.217,10.894,-0.558,97.9,53.7,3.6639,0.0,2.422,0.761,6 287 171 175
lysine,3,phenylalanine,2,15,12,2,10.217,10.894,-0.558,97.9,53.7,0.351,0.0,1.901,0.573,6 264 181 180 120 147
lysine,3,phenylalanine,2,15,12,3,10.217,10.894,-0.558,97.9,53.7,0.0,0.0,2.464,0.636,323 73 284 139 234 312 210 110
lysine,3,phenylalanine,2,15,12,4,10.217,10.894,-0.558,97.9,53.7,0.0,0.0,1.522,0.6,329 7 48 342 315 115 143 265 241 154
lysine,3,phenylalanine,2,15,13,1,10.217,11.148,-0.558,86.5,42.1,3.8797,0.0,2.763,0.895,310 51 179 179
lysine,3,phenylalanine,2,15,13,2,10.217,11.148,-0.558,86.5,42.1,0.6079,0.0,2.006,1.395,2 336 172 174 239 211
lysine,3,phenylalanine,2,15,13,3,10.217,11.148,-0.558,86.5,42.1,0.0,0.0,1.774,1.438,344 34 186 141 256 87 84 198
lysine,3,phenylalanine,2,15,13,4,10.217,11.148,-0.558,86.5,42.1,0.0,0.0,1.907,0.794,308 59 96 320 292 121 144 266 247 157
lysine,3,phenylalanine,2,15,14,1,10.217,9.204,-0.558,94.2,120.4,1.952,0.0,2.83,0.71,308 66 186 184
lysine,3,phenylalanine,2,15,14,2,10.217,9.204,-0.558,94.2,120.4,0.0,0.0,1.378,0.565,26 335 96 12 302 154
lysine,3,phenylalanine,2,15,14,3,10.217,9.204,-0.558,94.2,120.4,0.0,0.0,2.331,1.026,36 184 237 132 95 287 15 282
lysine,3,phenylalanine,2,15,14,4,10.217,9.204,-0.558,94.2,120.4,0.0,0.0,2.934,1.297,279 73 111 309 281 92 118 318 278 143
lysine,3,arginine,3,13,16,1,8.349,10.593,-0.717,47.3,29.6,4.5003,0.0,2.535,4.012,277 0 204 283
lysine,3,arginine,3,13,16,2,8.349,10.593,-0.717,47.3,29.6,0.9696,0.0,2.405,3.912,281 0 214 273 184 182
lysine,3,arginine,3,13,16,3,8.349,10.593,-0.717,47.3,29.6,0.0,0.0,1.266,4.197,307 1 214 252 192 156 35 157
lysine,3,arginine,3,13,16,4,8.349,10.593,-0.717,47.3,29.6,0.0,0.0,1.783,4.402,7 14 120 254 247 150 143 194 247 204
lysine,3,arginine,3,13,17,1,8.349,8.186,-0.717,43.8,132.8,2.5863,0.0,2.483,3.468,279 358 200 319
lysine,3,arginine,3,13,17,2,8.349,8.186,-0.717,43.8,132.8,0.0,0.0,1.391,2.926,326 348 165 311 237 191
lysine,3,arginine,3,13,17,3,8.349,8.186,-0.717,43.8,132.8,0.0,0.0,1.29,3.11,340 72 92 262 215 112 169 216
lysine,3,arginine,3,13,17,4,8.349,8.186,-0.717,43.8,132.8,0.0,0.0,1.846,3.441,352 12 47 310 284 97 122 228 206 161
lysine,3,arginine,3,13,18,1,8.349,9.138,-0.717,57.5,91.1,2.6227,0.0,2.709,4.592,272 358 152 106
lysine,3,arginine,3,13,18,2,8.349,9.138,-0.717,57.5,91.1,0.0,0.0,2.213,4.781,304 331 203 220 269 160
lysine,3,arginine,3,13,18,3,8.349,9.138,-0.717,57.5,91.1,0.0,0.0,1.693,5.013,309 47 46 306 270 111 171 238
lysine,3,arginine,3,13,18,4,8.349,9.138,-0.717,57.5,91.1,0.0,0.0,1.754,5.245,352 8 47 307 282 102 123 215 196 163
lysine,3,arginine,3,14,16,1,8.349,10.486,-0.717,52.0,30.7,4.1252,0.0,3.439,0.607,82 360 154 92
lysine,3,arginine,3,14,16,2,8.349,10.486,-0.717,52.0,30.7,0.7624,0.0,3.093,0.619,72 359 153 110 150 169
lysine,3,arginine,3,14,16,3,8.349,10.486,-0.717,52.0,30.7,0.0,0.0,3.633,1.593,46 4 150 117 179 210 295 260
lysine,3,arginine,3,14,16,4,8.349,10.486,-0.717,52.0,30.7,0.0,0.0,3.415,2.021,349 13 242 90 92 215 233 191 97 121
lysine,3,arginine,3,14,17,1,8.349,8.033,-0.717,50.6,136.6,1.9903,0.0,3.719,0.693,80 1 155 64
lysine,3,arginine,3,14,17,2,8.349,8.033,-0.717,50.6,136.6,0.0,0.0,2.821,0.614,52 328 260 41 84 210
lysine,3,arginine,3,14,17,3,8.349,8.033,-0.717,50.6,136.6,0.0,0.0,2.82,0.781,10 330 290 67 106 249 214 160
lysine,3,arginine,3,14,17,4,8.349,8.033,-0.717,50.6,136.6,0.0,0.0,3.271,1.109,13 353 317 50 74 258 235 125 147 200
lysine,3,arginine,3,14,18,1,8.349,9.427,-0.717,45.0,77.0,3.5443,0.0,3.205,1.406,98 359 201 303
lysine,3,arginine,3,14,18,2,8.349,9.427,-0.717,45.0,77.0,0.1947,0.0,1.609,2.512,112 358 203 312 135 160
lysine,3,arginine,3,14,18,3,8.349,9.427,-0.717,45.0,77.0,0.0,0.0,1.231,2.083,96 315 286 40 82 255 221 147
lysine,3,arginine,3,14,18,4,8.349,9.427,-0.717,45.0,77.0,0.0,0.0,0.554,1.933,68 333 297 65 94 234 216 99 111 193
lysine,3,arginine,3,15,16,1,8.349,8.474,-0.717,135.2,24.7,1.2363,0.0,2.754,1.189,320 129 200 189
lysine,3,arginine,3,15,16,2,8.349,8.474,-0.717,135.2,24.7,0.3437,0.0,2.72,0.352,314 35 276 211 24 148
lysine,3,arginine,3,15,16,3,8.349,8.474,-0.717,135.2,24.7,0.0,0.0,2.06,2.575,49 282 171 62 1 119 85 249
lysine,3,arginine,3,15,16,4,8.349,8.474,-0.717,135.2,24.7,0.0,0.0,2.24,0.993,335 13 63 13 342 98 126 299 263 147
lysine,3,arginine,3,15,17,1,8.349,6.068,-0.717,130.7,128.0,0.0,0.0,2.486,2.961,55 212 218 333
lysine,3,arginine,3,15,17,2,8.349,6.068,-0.717,130.7,128.0,0.0,0.0,2.355,3.273,59 32 36 260 248 110
lysine,3,arginine,3,15,17,3,8.349,6.068,-0.717,130.7,128.0,0.0,0.0,2.739,3.273,73 43 30 227 344 197 261 42
lysine,3,arginine,3,15,17,4,8.349,6.068,-0.717,130.7,128.0,0.0,0.0,2.113,1.112,345 0 112 61 344 69 79 344 240 88
lysine,3,arginine,3,15,18,1,8.349,7.128,-0.717,144.1,83.3,0.0,0.0,2.318,2.809,30 165 237 202
lysine,3,arginine,3,15,18,2,8.349,7.128,-0.717,144.1,83.3,0.0,0.0,2.429,3.273,70 144 218 19 265 350
lysine,3,arginine,3,15,18,3,8.349,7.128,-0.717,144.1,83.3,0.0,0.0,1.228,3.273,68 286 168 76 349 358 240 270
lysine,3,arginine,3,15,18,4,8.349,7.128,-0.717,144.1,83.3,0.0,0.0,1.353,2.203,17 331 282 343 11 270 227 66 119 227
lysine,3,aspartic,4,13,3,1,14.599,17.37,-0.093,14.4,31.2,13.1976,0.0,2.915,3.323,265 0 180 0
lysine,3,aspartic,4,13,3,2,14.599,17.37,-0.093,14.4,31.2,9.5904,0.0,2.886,2.066,266 360 192 341 178 179
lysine,3,aspartic,4,13,3,3,14.599,17.37,-0.093,14.4,31.2,5.9193,0.0,2.931,0.845,264 0 179 1 189 187 182 181
lysine,3,aspartic,4,13,3,4,14.599,17.37,-0.093,14.4,31.2,2.2698,0.0,1.094,1.228,267 360 191 343 175 176 163 167 175 177
lysine,3,aspartic,4,13,4,1,14.599,15.205,-0.093,10.3,122.6,11.5285,0.0,3.03,3.363,261 0 180 0
lysine,3,aspartic,4,13,4,2,14.599,15.205,-0.093,10.3,122.6,7.7891,0.0,2.986,1.9,263 360 181 359 177 177
lysine,3,aspartic,4,13,4,3,14.599,15.205,-0.093,10.3,122.6,4.2754,0.0,3.032,0.781,260 0 178 2 210 212 187 185
lysine,3,aspartic,4,13,4,4,14.599,15.205,-0.093,10.3,122.6,0.5116,0.0,2.001,0.75,263 360 180 359 199 205 177 179 178 178
lysine,3,aspartic,4,13,5,1,14.599,16.531,-0.093,12.9,70.3,12.5322,0.0,1.832,3.342,299 360 180 359
lysine,3,aspartic,4,13,5,2,14.599,16.531,-0.093,12.9,70.3,8.8722,0.0,1.883,1.267,297 0 174 9 183 182
lysine,3,aspartic,4,13,5,3,14.599,16.531,-0.093,12.9,70.3,5.2498,0.0,1.819,0.731,300 360 181 359 159 160 177 178
lysine,3,aspartic,4,13,5,4,14.599,16.531,-0.093,12.9,70.3,1.5382,0.0,1.864,0.61,298 0 176 7 181 181 189 188 181 181
lysine,3,aspartic,4,14,3,1,14.599,15.831,-0.093,89.6,32.8,8.5838,0.0,3.874,2.01,38 58 182 181
lysine,3,aspartic,4,14,3,2,14.599,15.831,-0.093,89.6,32.8,4.8962,0.0,3.874,0.524,93 307 179 179 179 179
lysine,3,aspartic,4,14,3,3,14.599,15.831,-0.093,89.6,32.8,1.2553,0.0,2.453,0.572,98 301 181 181 195 193 181 181
lysine,3,aspartic,4,14,3,4,14.599,15.831,-0.093,89.6,32.8,0.0,0.0,3.159,1.461,115 290 180 188 168 171 171 163 40 147
lysine,3,aspartic,4,14,4,1,14.599,13.546,-0.093,92.7,129.6,6.331,0.0,3.874,2.319,34 63 185 183
lysine,3,aspartic,4,14,4,2,14.599,13.546,-0.093,92.7,129.6,2.6345,0.0,3.874,0.959,94 299 185 183 186 185
lysine,3,aspartic,4,14,4,3,14.599,13.546,-0.093,92.7,129.6,0.0,0.0,3.168,1.983,103 240 195 124 152 152 140 179
lysine,3,aspartic,4,14,4,4,14.599,13.546,-0.093,92.7,129.6,0.0,0.0,2.348,0.197,133 206 208 148 165 248 215 220 255 204
lysine,3,aspartic,4,14,5,1,14.599,15.021,-0.093,87.9,70.0,7.7633,0.0,3.874,2.353,88 305 179 179
lysine,3,aspartic,4,14,5,2,14.599,15.021,-0.093,87.9,70.0,4.0741,0.0,3.874,1.982,35 48 185 182 184 184
lysine,3,aspartic,4,14,5,3,14.599,15.021,-0.093,87.9,70.0,0.4431,0.0,3.387,2.283,29 56 180 180 180 180 180 180
lysine,3,aspartic,4,14,5,4,14.599,15.021,-0.093,87.9,70.0,0.0,0.0,3.542,3.798,88 215 207 164 175 227 218 155 162 188
lysine,3,aspartic,4,15,3,1,14.599,15.149,-0.093,116.6,34.5,7.9003,0.0,2.636,0.552,349 253 178 179
lysine,3,aspartic,4,15,3,2,14.599,15.149,-0.093,116.6,34.5,4.2193,0.0,2.934,0.638,275 109 175 177 175 176
lysine,3,aspartic,4,15,3,3,14.599,15.149,-0.093,116.6,34.5,0.7987,0.0,1.662,0.428,271 119 174 177 175 176 145 160
lysine,3,aspartic,4,15,3,4,14.599,15.149,-0.093,116.6,34.5,0.0,0.0,2.78,0.978,249 149 171 192 194 176 164 229 247 189
lysine,3,aspartic,4,15,4,1,14.599,13.053,-0.093,112.1,121.6,5.8011,0.0,2.685,0.614,346 260 181 180
lysine,3,aspartic,4,15,4,2,14.599,13.053,-0.093,112.1,121.6,2.1139,0.0,2.934,0.856,272 99 183 181 183 183
lysine,3,aspartic,4,15,4,3,14.599,13.053,-0.093,112.1,121.6,0.0,0.0,2.277,0.441,273 158 161 189 182 132 133 183
lysine,3,aspartic,4,15,4,4,14.599,13.053,-0.093,112.1,121.6,0.0,0.0,2.507,0.459,214 163 165 225 222 152 160 215 205 170
lysine,3,aspartic,4,15,5,1,14.599,14.485,-0.093,108.6,65.3,7.2323,0.0,2.934,0.906,277 94 178 179
lysine,3,aspartic,4,15,5,2,14.599,14.485,-0.093,108.6,65.3,3.5459,0.0,2.624,0.536,350 268 172 176 173 174
lysine,3,aspartic,4,15,5,3,14.599,14.485,-0.093,108.6,65.3,0.1373,0.0,2.604,0.603,351 282 170 175 172 172 135 157
lysine,3,aspartic,4,15,5,4,14.599,14.485,-0.093,108.6,65.3,0.0,0.0,2.934,1.502,263 125 98 328 290 138 169 217 209 175
lysine,3,glutamic,4,13,5,1,18.678,19.736,0.31,18.8,103.3,15.1346,0.0,3.032,3.829,233 0 179 1
lysine,3,glutamic,4,13,5,2,18.678,19.736,0.31,18.8,103.3,11.6062,0.0,3.032,1.978,234 360 203 319 178 179
lysine,3,glutamic,4,13,5,3,18.678,19.736,0.31,18.8,103.3,7.9157,0.0,3.032,0.48,233 0 164 30 181 181 181 181
lysine,3,glutamic,4,13,5,4,18.678,19.736,0.31,18.8,103.3,4.3368,0.0,3.032,0.687,235 360 202 321 175 177 164 167 175 176
lysine,3,glutamic,4,13,6,1,18.678,21.606,0.31,17.1,16.4,17.089,0.0,3.032,3.601,247 360 180 360
lysine,3,glutamic,4,13,6,2,18.678,21.606,0.31,17.1,16.4,13.5537,0.0,3.032,2.164,247 0 158 39 181 180
lysine,3,glutamic,4,13,6,3,18.678,21.606,0.31,17.1,16.4,9.8675,0.0,3.032,0.993,247 0 194 333 180 180 180 180
lysine,3,glutamic,4,13,6,4,18.678,21.606,0.31,17.1,16.4,6.2987,0.0,3.032,1.203,246 0 159 37 184 182 194 192 184 182
lysine,3,glutamic,4,13,7,1,18.678,19.323,0.31,17.8,120.5,14.8078,0.0,3.032,3.436,256 360 181 359
lysine,3,glutamic,4,13,7,2,18.678,19.323,0.31,17.8,120.5,11.2622,0.0,3.032,2.312,255 0 159 37 181 181
lysine,3,glutamic,4,13,7,3,18.678,19.323,0.31,17.8,120.5,7.5813,0.0,3.032,1.323,256 360 193 335 178 179 178 178
lysine,3,glutamic,4,13,7,4,18.678,19.323,0.31,17.8,120.5,3.9971,0.0,3.032,1.644,254 0 160 35 184 183 194 192 185 183
lysine,3,glutamic,4,14,5,1,18.678,18.101,0.31,94.9,103.8,10.842,0.0,3.874,2.092,44 69 181 181
lysine,3,glutamic,4,14,5,2,18.678,18.101,0.31,94.9,103.8,7.1586,0.0,3.874,0.794,107 295 179 180 179 179
lysine,3,glutamic,4,14,5,3,18.678,18.101,0.31,94.9,103.8,3.5522,0.0,2.77,0.453,44 68 182 181 192 190 182 181
lysine,3,glutamic,4,14,5,4,18.678,18.101,0.31,94.9,103.8,0.0,0.0,1.681,0.968,111 287 174 170 164 159 159 160 157 166
lysine,3,glutamic,4,14,6,1,18.678,20.023,0.31,92.5,11.2,12.7675,0.0,3.874,1.99,41 65 180 180
lysine,3,glutamic,4,14,6,2,18.678,20.023,0.31,92.5,11.2,9.1018,0.0,3.874,0.424,101 300 179 179 179 179
lysine,3,glutamic,4,14,6,3,18.678,20.023,0.31,92.5,11.2,5.5056,0.0,2.748,0.466,41 64 179 179 174 174 179 179
lysine,3,glutamic,4,14,6,4,18.678,20.023,0.31,92.5,11.2,1.7777,0.0,1.349,0.167,103 299 177 178 176 176 175 177 178 178
lysine,3,glutamic,4,14,7,1,18.678,17.828,0.31,89.2,114.9,10.5697,0.0,3.874,1.708,102 302 181 181
lysine,3,glutamic,4,14,7,2,18.678,17.828,0.31,89.2,114.9,6.9305,0.0,3.874,0.368,47 51 187 184 187 186
lysine,3,glutamic,4,14,7,3,18.678,17.828,0.31,89.2,114.9,3.2834,0.0,3.025,0.125,102 302 182 181 191 189 182 181
lysine,3,glutamic,4,14,7,4,18.678,17.828,0.31,89.2,114.9,0.0,0.0,2.257,0.487,99 260 208 148 166 170 169 188 185 177
lysine,3,glutamic,4,15,5,1,18.678,17.395,0.31,124.0,104.6,10.1349,0.0,2.812,0.503,338 240 179 180
lysine,3,glutamic,4,15,5,2,18.678,17.395,0.31,124.0,104.6,6.463,0.0,2.934,0.49,266 122 176 178 177 177
lysine,3,glutamic,4,15,5,3,18.678,17.395,0.31,124.0,104.6,2.8357,0.0,2.599,0.316,338 240 179 179 172 173 179 179
lysine,3,glutamic,4,15,5,4,18.678,17.395,0.31,124.0,104.6,0.0,0.0,2.296,1.14,247 159 171 209 200 166 172 180 176 178
lysine,3,glutamic,4,15,6,1,18.678,19.293,0.31,122.1,18.0,12.0372,0.0,2.934,0.66,267 117 180 180
lysine,3,glutamic,4,15,6,2,18.678,19.293,0.31,122.1,18.0,8.3674,0.0,2.789,0.295,339 242 182 181 182 181
lysine,3,glutamic,4,15,6,3,18.678,19.293,0.31,122.1,18.0,4.7674,0.0,2.43,0.642,267 117 181 181 188 187 181 181
lysine,3,glutamic,4,15,6,4,18.678,19.293,0.31,122.1,18.0,1.2026,0.0,2.176,0.449,270 123 180 180 179 179 180 180 203 198
lysine,3,glutamic,4,15,7,1,18.678,17.019,0.31,121.8,120.5,9.7602,0.0,2.934,0.463,270 116 180 180
lysine,3,glutamic,4,15,7,2,18.678,17.019,0.31,121.8,120.5,6.086,0.0,2.729,0.508,343 242 181 181 181 181
lysine,3,glutamic,4,15,7,3,18.678,17.019,0.31,121.8,120.5,2.4681,0.0,2.663,0.479,270 116 180 180 180 180 180 180
lysine,3,glutamic,4,15,7,4,18.678,17.019,0.31,121.8,120.5,0.0,0.0,2.197,0.609,247 156 173 218 208 173 179 188 186 178
lysine,3,isoleucine,2,13,4,1,12.53,14.059,0.685,2.9,86.8,11.1664,0.0,3.032,4.295,209 0 180 0
lysine,3,isoleucine,2,13,4,2,12.53,14.059,0.685,2.9,86.8,7.4819,0.0,3.032,1.282,218 360 181 359 158 139
lysine,3,isoleucine,2,13,4,3,12.53,14.059,0.685,2.9,86.8,3.9215,0.0,3.032,0.788,216 360 181 359 216 236 175 177
lysine,3,isoleucine,2,13,4,4,12.53,14.059,0.685,2.9,86.8,0.1809,0.0,2.81,0.52,215 360 181 359 148 129 175 177 176 177
lysine,3,isoleucine,2,13,5,1,12.53,12.741,0.685,6.1,147.6,9.6691,0.0,3.032,5.401,39 360 180 360
lysine,3,isoleucine,2,13,5,2,12.53,12.741,0.685,6.1,147.6,5.9877,0.0,3.01,5.1,36 0 180 0 201 222
lysine,3,isoleucine,2,13,5,3,12.53,12.741,0.685,6.1,147.6,2.4808,0.0,2.924,4.138,33 360 180 360 145 127 179 179
lysine,3,isoleucine,2,13,5,4,12.53,12.741,0.685,6.1,147.6,0.0,0.0,1.497,0.898,317 352 156 17 235 248 206 177 166 166
lysine,3,isoleucine,2,13,6,1,12.53,15.169,0.685,6.0,41.3,11.8885,0.0,3.032,5.401,56 360 180 360
lysine,3,isoleucine,2,13,6,2,12.53,15.169,0.685,6.0,41.3,8.1968,0.0,3.032,5.401,53 0 179 1 196 204
lysine,3,isoleucine,2,13,6,3,12.53,15.169,0.685,6.0,41.3,4.6191,0.0,3.032,5.052,54 0 179 1 146 136 182 181
lysine,3,isoleucine,2,13,6,4,12.53,15.169,0.685,6.0,41.3,0.8992,0.0,3.032,4.661,58 360 181 359 206 220 174 177 176 176
lysine,3,isoleucine,2,14,4,1,12.53,12.144,0.685,101.2,87.7,4.8827,0.0,3.874,3.088,25 80 182 181
lysine,3,isoleucine,2,14,4,2,12.53,12.144,0.685,101.2,87.7,1.1763,0.0,2.734,2.158,93 281 188 184 184 184
lysine,3,isoleucine,2,14,4,3,12.53,12.144,0.685,101.2,87.7,0.0,0.0,3.165,1.548,132 210 215 122 132 201 178 159
lysine,3,isoleucine,2,14,4,4,12.53,12.144,0.685,101.2,87.7,0.0,0.0,3.874,3.046,148 195 197 139 141 220 211 144 155 191
lysine,3,isoleucine,2,14,5,1,12.53,10.831,0.685,100.9,149.9,3.6133,0.0,3.874,3.058,87 281 177 178
lysine,3,isoleucine,2,14,5,2,12.53,10.831,0.685,100.9,149.9,0.1981,0.0,2.966,2.669,20 92 152 158 221 210
lysine,3,isoleucine,2,14,5,3,12.53,10.831,0.685,100.9,149.9,0.0,0.0,3.874,3.792,76 174 224 161 181 277 199 110
lysine,3,isoleucine,2,14,5,4,12.53,10.831,0.685,100.9,149.9,0.0,0.0,3.874,3.266,152 194 197 130 131 227 216 143 158 195
lysine,3,isoleucine,2,14,6,1,12.53,13.191,0.685,104.2,46.0,5.9519,0.0,3.874,3.142,89 275 176 178
lysine,3,isoleucine,2,14,6,2,12.53,13.191,0.685,104.2,46.0,2.2053,0.0,3.273,2.87,19 84 178 179 179 179
lysine,3,isoleucine,2,14,6,3,12.53,13.191,0.685,104.2,46.0,0.0316,0.0,3.874,3.794,77 252 181 181 181 181 301 202
lysine,3,isoleucine,2,14,6,4,12.53,13.191,0.685,104.2,46.0,0.0,0.0,3.874,4.047,106 192 182 156 163 229 230 146 144 182
lysine,3,isoleucine,2,15,4,1,12.53,12.079,0.685,103.8,91.8,4.8359,0.0,2.828,0.864,337 276 175 177
lysine,3,isoleucine,2,15,4,2,12.53,12.079,0.685,103.8,91.8,1.0964,0.0,2.521,1.526,268 82 185 183 183 183
lysine,3,isoleucine,2,15,4,3,12.53,12.079,0.685,103.8,91.8,0.0,0.0,2.934,1.693,229 149 154 230 221 154 168 193
lysine,3,isoleucine,2,15,4,4,12.53,12.079,0.685,103.8,91.8,0.0,0.0,2.729,0.53,226 178 170 220 217 113 125 209 192 167
lysine,3,isoleucine,2,15,5,1,12.53,11.027,0.685,93.4,139.0,3.8037,0.0,2.845,0.926,336 293 184 182
lysine,3,isoleucine,2,15,5,2,12.53,11.027,0.685,93.4,139.0,0.2191,0.0,2.082,1.662,273 65 204 194 209 204
lysine,3,isoleucine,2,15,5,3,12.53,11.027,0.685,93.4,139.0,0.0,0.0,2.934,1.954,232 147 150 229 222 140 154 194
lysine,3,isoleucine,2,15,5,4,12.53,11.027,0.685,93.4,139.0,0.0,0.0,2.642,1.509,190 156 138 254 250 114 145 197 157 152
lysine,3,isoleucine,2,15,6,1,12.53,13.438,0.685,94.7,35.4,6.1867,0.0,2.861,0.959,335 291 181 181
lysine,3,isoleucine,2,15,6,2,12.53,13.438,0.685,94.7,35.4,2.4836,0.0,2.539,1.703,273 63 189 185 187 186
lysine,3,isoleucine,2,15,6,3,12.53,13.438,0.685,94.7,35.4,0.2683,0.0,2.934,2.189,279 28 179 179 179 179 296 203
lysine,3,isoleucine,2,15,6,4,12.53,13.438,0.685,94.7,35.4,0.0,0.0,2.934,2.301,231 123 157 215 211 172 165 259 274 178
lysine,3,leucine,2,13,1,1,3.811,4.458,0.059,96.6,50.3,0.7474,0.0,3.032,5.401,216 241 4 4
lysine,3,leucine,2,13,1,2,3.811,4.458,0.059,96.6,50.3,0.0,0.0,2.864,5.401,177 223 31 302 254 32
lysine,3,leucine,2,13,1,3,3.811,4.458,0.059,96.6,50.3,0.0,0.0,3.032,5.401,139 296 13 284 291 280 189 67
lysine,3,leucine,2,13,1,4,3.811,4.458,0.059,96.6,50.3,0.0,0.0,3.032,5.401,216 164 158 178 281 109 46 328 236 43
lysine,3,leucine,2,13,2,1,3.811,2.17,0.059,88.5,166.2,2.6958,0.0,2.667,5.401,299 120 359 359
lysine,3,leucine,2,13,2,2,3.811,2.17,0.059,88.5,166.2,1.7247,0.0,2.552,5.401,347 94 360 353 190 360
lysine,3,leucine,2,13,2,3,3.811,2.17,0.059,88.5,166.2,0.0,0.0,3.032,5.401,174 317 8 67 73 49 118 7
lysine,3,leucine,2,13,2,4,3.811,2.17,0.059,88.5,166.2,0.0,0.0,3.032,5.401,61 321 358 299 286 57 79 313 259 127
lysine,3,leucine,2,13,13,1,3.811,4.496,0.059,87.8,48.8,0.7655,0.0,2.6,5.401,306 113 7 6
lysine,3,leucine,2,13,13,2,3.811,4.496,0.059,87.8,48.8,0.0,0.0,2.511,5.401,340 79 2 308 262 33
lysine,3,leucine,2,13,13,3,3.811,4.496,0.059,87.8,48.8,0.0,0.0,0.97,3.975,38 98 13 342 222 325 174 289
lysine,3,leucine,2,13,13,4,3.811,4.496,0.059,87.8,48.8,0.0,0.0,1.349,5.052,327 9 339 311 335 65 76 320 247 84
lysine,3,leucine,2,14,1,1,3.811,5.97,0.059,39.0,48.8,1.6672,0.0,2.289,4.571,167 3 175 2
lysine,3,leucine,2,14,1,2,3.811,5.97,0.059,39.0,48.8,0.0,0.0,2.676,4.571,175 262 293 54 112 277
lysine,3,leucine,2,14,1,3,3.811,5.97,0.059,39.0,48.8,0.0,0.0,1.6,2.077,91 325 298 64 88 278 243 142
lysine,3,leucine,2,14,1,4,3.811,5.97,0.059,39.0,48.8,0.0,0.0,2.018,2.313,66 352 305 60 96 255 239 119 127 189
lysine,3,leucine,2,14,2,1,3.811,3.942,0.059,24.2,131.9,3.2886,0.0,3.427,4.571,181 38 130 1
lysine,3,leucine,2,14,2,2,3.811,3.942,0.059,24.2,131.9,0.1568,0.0,2.604,4.571,183 209 336 0 179 1
lysine,3,leucine,2,14,2,3,3.811,3.942,0.059,24.2,131.9,0.0,0.0,0.689,3.536,343 252 311 328 229 333 204 274
lysine,3,leucine,2,14,2,4,3.811,3.942,0.059,24.2,131.9,0.0,0.0,3.549,4.571,274 190 347 150 25 196 298 143 89 122
lysine,3,leucine,2,14,13,1,3.811,6.139,0.059,16.7,41.4,3.8749,0.0,1.21,4.571,149 360 181 360
lysine,3,leucine,2,14,13,2,3.811,6.139,0.059,16.7,41.4,0.9752,0.0,0.976,1.276,99 334 219 349 213 326
lysine,3,leucine,2,14,13,3,3.811,6.139,0.059,16.7,41.4,0.0,0.0,2.636,0.6,40 319 241 59 123 278 270 173
lysine,3,leucine,2,14,13,4,3.811,6.139,0.059,16.7,41.4,0.0,0.0,2.545,0.455,12 330 291 54 87 272 246 124 142 196
lysine,3,leucine,2,15,1,1,3.811,3.914,0.059,120.8,37.1,1.4054,0.0,1.755,3.273,147 70 358 358
lysine,3,leucine,2,15,1,2,3.811,3.914,0.059,120.8,37.1,0.1499,0.0,1.805,3.273,187 60 359 67 99 359
lysine,3,leucine,2,15,1,3,3.811,3.914,0.059,120.8,37.1,0.0,0.0,1.691,3.065,230 164 275 100 91 310 179 62
lysine,3,leucine,2,15,1,4,3.811,3.914,0.059,120.8,37.1,0.0,0.0,1.08,3.273,177 205 311 218 287 113 62 273 287 324
lysine,3,leucine,2,15,2,1,3.811,2.208,0.059,87.2,97.6,2.9416,0.0,1.789,3.273,135 91 13 7
lysine,3,leucine,2,15,2,2,3.811,2.208,0.059,87.2,97.6,1.8555,0.0,1.77,3.273,177 90 6 43 120 3
lysine,3,leucine,2,15,2,3,3.811,2.208,0.059,87.2,97.6,0.0,0.0,1.586,3.273,191 144 336 176 10 329 181 78
lysine,3,leucine,2,15,2,4,3.811,2.208,0.059,87.2,97.6,0.0,0.0,0.761,0.832,310 327 311 72 71 283 279 81 138 241
lysine,3,leucine,2,15,13,1,3.811,3.966,0.059,109.1,34.8,1.452,0.0,2.133,1.971,31 290 353 352
lysine,3,leucine,2,15,13,2,3.811,3.966,0.059,109.1,34.8,0.2154,0.0,2.196,0.569,359 293 353 282 277 357
lysine,3,leucine,2,15,13,3,3.811,3.966,0.059,109.1,34.8,0.0,0.0,0.846,1.339,11 234 330 178 39 322 253 346
lysine,3,leucine,2,15,13,4,3.811,3.966,0.059,109.1,34.8,0.0,0.0,2.149,3.273,72 358 233 329 4 267 279 13 157 13
lysine,3,serine,0,13,3,1,10.828,11.695,-0.677,18.0,105.6,7.6317,0.0,2.526,3.26,277 360 180 360
lysine,3,serine,0,13,3,2,10.828,11.695,-0.677,18.0,105.6,3.856,0.0,2.53,1.809,277 0 180 0 180 180
lysine,3,serine,0,13,3,3,10.828,11.695,-0.677,18.0,105.6,0.2709,0.0,2.514,0.639,277 360 180 359 209 213 178 179
lysine,3,serine,0,13,3,4,10.828,11.695,-0.677,18.0,105.6,0.0,0.0,1.891,0.518,319 62 74 295 251 103 144 173 140 160
lysine,3,serine,0,13,4,1,10.828,12.605,-0.677,27.6,71.1,7.6352,0.0,2.075,3.336,291 360 184 352
lysine,3,serine,0,13,4,2,10.828,12.605,-0.677,27.6,71.1,4.1145,0.0,2.133,2.206,289 1 155 46 187 184
lysine,3,serine,0,13,4,3,10.828,12.605,-0.677,27.6,71.1,0.3862,0.0,2.099,1.594,290 1 160 38 193 187 189 188
lysine,3,serine,0,13,4,4,10.828,12.605,-0.677,27.6,71.1,0.0,0.0,1.733,3.156,321 45 82 296 270 135 154 197 188 173
lysine,3,serine,0,13,5,1,10.828,13.518,-0.677,25.0,28.6,8.6948,0.0,2.825,3.299,268 0 178 4
lysine,3,serine,0,13,5,2,10.828,13.518,-0.677,25.0,28.6,5.1701,0.0,2.794,2.609,269 360 203 318 175 177
lysine,3,serine,0,13,5,3,10.828,13.518,-0.677,25.0,28.6,1.4208,0.0,2.802,1.721,269 360 196 329 172 176 175 175
lysine,3,serine,0,13,5,4,10.828,13.518,-0.677,25.0,28.6,0.0,0.0,3.032,1.401,239 2 209 291 172 176 155 164 319 192
lysine,3,serine,0,14,3,1,10.828,10.388,-0.677,80.6,115.9,3.229,0.0,3.874,1.45,88 327 164 170
lysine,3,serine,0,14,3,2,10.828,10.388,-0.677,80.6,115.9,0.0,0.0,3.874,1.968,73 286 228 150 185 213
lysine,3,serine,0,14,3,3,10.828,10.388,-0.677,80.6,115.9,0.0,0.0,3.874,0.686,127 212 219 142 141 231 219 161
lysine,3,serine,0,14,3,4,10.828,10.388,-0.677,80.6,115.9,0.0,0.0,3.874,0.94,158 209 213 133 136 218 208 128 141 194
lysine,3,serine,0,14,4,1,10.828,11.705,-0.677,69.9,64.8,4.5133,0.0,3.836,1.465,65 359 171 167
lysine,3,serine,0,14,4,2,10.828,11.705,-0.677,69.9,64.8,1.0289,0.0,3.874,1.39,70 355 140 141 169 172
lysine,3,serine,0,14,4,3,10.828,11.705,-0.677,69.9,64.8,0.0,0.0,3.823,1.986,351 53 209 332 145 191 113 107
lysine,3,serine,0,14,4,4,10.828,11.705,-0.677,69.9,64.8,0.0,0.0,3.874,2.844,49 83 42 6 12 223 214 99 119 210
lysine,3,serine,0,14,5,1,10.828,12.395,-0.677,77.2,32.8,5.1889,0.0,3.874,0.84,60 22 187 185
lysine,3,serine,0,14,5,2,10.828,12.395,-0.677,77.2,32.8,1.4609,0.0,3.874,0.548,69 7 202 196 188 186
lysine,3,serine,0,14,5,3,10.828,12.395,-0.677,77.2,32.8,0.0729,0.0,3.874,0.932,60 57 199 191 205 201 20 169
lysine,3,serine,0,14,5,4,10.828,12.395,-0.677,77.2,32.8,0.0,0.0,3.874,1.104,150 217 213 138 143 207 200 136 144 189
lysine,3,serine,0,15,3,1,10.828,9.502,-0.677,115.3,102.6,2.2311,0.0,2.533,0.146,356 253 184 183
lysine,3,serine,0,15,3,2,10.828,9.502,-0.677,115.3,102.6,0.0,0.0,2.934,0.561,267 69 283 238 211 285
lysine,3,serine,0,15,3,3,10.828,9.502,-0.677,115.3,102.6,0.0,0.0,2.934,0.691,226 167 163 232 228 121 136 199
lysine,3,serine,0,15,3,4,10.828,9.502,-0.677,115.3,102.6,0.0,0.0,2.934,0.602,193 152 156 245 249 143 149 233 218 160
lysine,3,serine,0,15,4,1,10.828,10.491,-0.677,117.1,65.3,3.2148,0.0,2.934,0.202,292 109 178 179
lysine,3,serine,0,15,4,2,10.828,10.491,-0.677,117.1,65.3,0.1015,0.0,2.335,0.663,19 254 215 200 242 216
lysine,3,serine,0,15,4,3,10.828,10.491,-0.677,117.1,65.3,0.0,0.0,2.934,0.623,279 106 127 327 303 105 137 219
lysine,3,serine,0,15,4,4,10.828,10.491,-0.677,117.1,65.3,0.0,0.0,2.934,1.176,305 281 59 334 149 352 83 331 193 139
lysine,3,serine,0,15,5,1,10.828,11.205,-0.677,125.0,32.5,3.9469,0.0,2.523,0.866,357 238 178 179
lysine,3,serine,0,15,5,2,10.828,11.205,-0.677,125.0,32.5,0.7786,0.0,2.934,0.63,278 134 197 189 240 216
lysine,3,serine,0,15,5,3,10.828,11.205,-0.677,125.0,32.5,0.0,0.0,2.934,1.03,259 167 186 202 216 136 84 163
lysine,3,serine,0,15,5,4,10.828,11.205,-0.677,125.0,32.5,0.0,0.0,2.934,1.482,202 172 171 232 234 145 153 222 209 165
lysine,3,tryptophan,0,13,16,1,16.919,19.151,0.881,31.3,52.5,13.7291,0.0,3.032,4.723,205 0 196 312
lysine,3,tryptophan,0,13,16,2,16.919,19.151,0.881,31.3,52.5,10.2372,0.0,3.032,3.292,205 0 146 69 183 182
lysine,3,tryptophan,0,13,16,3,16.919,19.151,0.881,31.3,52.5,6.5412,0.0,3.032,2.611,205 0 209 294 184 182 183 183
lysine,3,tryptophan,0,13,16,4,16.919,19.151,0.881,31.3,52.5,2.9402,0.0,3.032,2.55,204 1 147 67 187 184 200 197 187 185
lysine,3,tryptophan,0,13,17,1,16.919,16.831,0.881,28.8,158.3,11.6354,0.0,3.032,4.489,207 360 192 329
lysine,3,tryptophan,0,13,17,2,16.919,16.831,0.881,28.8,158.3,8.1251,0.0,3.032,2.853,207 0 149 60 181 180
lysine,3,tryptophan,0,13,17,3,16.919,16.831,0.881,28.8,158.3,4.4825,0.0,3.032,2.158,207 360 207 304 179 179 179 179
lysine,3,tryptophan,0,13,17,4,16.919,16.831,0.881,28.8,158.3,0.9861,0.0,3.032,1.979,203 0 152 57 185 183 188 187 188 185
lysine,3,tryptophan,0,13,18,1,16.919,18.341,0.881,26.8,84.6,13.2285,0.0,3.032,4.741,194 0 170 26
lysine,3,tryptophan,0,13,18,2,16.919,18.341,0.881,26.8,84.6,9.7107,0.0,3.032,2.936,194 360 210 302 179 179
lysine,3,tryptophan,0,13,18,3,16.919,18.341,0.881,26.8,84.6,6.0321,0.0,3.032,2.283,193 0 155 52 183 182 183 183
lysine,3,tryptophan,0,13,18,4,16.919,18.341,0.881,26.8,84.6,2.3959,0.0,3.032,2.884,194 360 211 301 179 180 171 172 179 180
lysine,3,tryptophan,0,14,16,1,16.919,17.438,0.881,103.7,49.1,10.178,0.0,3.874,2.637,57 85 180 180
lysine,3,tryptophan,0,14,16,2,16.919,17.438,0.881,103.7,49.1,6.4983,0.0,3.874,2.29,127 277 178 179 178 179
lysine,3,tryptophan,0,14,16,3,16.919,17.438,0.881,103.7,49.1,2.8635,0.0,3.874,2.302,56 85 180 180 183 183 180 180
lysine,3,tryptophan,0,14,16,4,16.919,17.438,0.881,103.7,49.1,0.1469,0.0,3.874,2.058,139 277 187 184 204 199 186 185 264 212
lysine,3,tryptophan,0,14,17,1,16.919,15.111,0.881,102.2,152.0,7.8672,0.0,3.874,2.606,55 83 179 180
lysine,3,tryptophan,0,14,17,2,16.919,15.111,0.881,102.2,152.0,4.2323,0.0,3.874,2.318,125 280 175 177 174 175
lysine,3,tryptophan,0,14,17,3,16.919,15.111,0.881,102.2,152.0,0.6453,0.0,3.874,2.135,55 85 176 178 172 173 174 176
lysine,3,tryptophan,0,14,17,4,16.919,15.111,0.881,102.2,152.0,0.0,0.0,3.874,4.553,160 202 202 144 149 208 199 162 173 189
lysine,3,tryptophan,0,14,18,1,16.919,16.418,0.881,109.4,89.6,9.1725,0.0,3.874,3.022,127 265 177 178
lysine,3,tryptophan,0,14,18,2,16.919,16.418,0.881,109.4,89.6,5.4917,0.0,3.874,2.792,54 95 174 177 175 175
lysine,3,tryptophan,0,14,18,3,16.919,16.418,0.881,109.4,89.6,1.8513,0.0,3.874,3.012,127 266 176 178 163 165 176 178
lysine,3,tryptophan,0,14,18,4,16.919,16.418,0.881,109.4,89.6,0.0,0.0,3.604,4.571,148 202 200 148 155 210 200 179 190 188
lysine,3,tryptophan,0,15,16,1,16.919,16.827,0.881,130.7,53.0,9.5678,0.0,2.934,0.704,312 228 179 180
lysine,3,tryptophan,0,15,16,2,16.919,16.827,0.881,130.7,53.0,5.9069,0.0,2.934,1.145,246 136 173 176 174 175
lysine,3,tryptophan,0,15,16,3,16.919,16.827,0.881,130.7,53.0,2.2488,0.0,2.934,0.716,313 229 180 180 184 184 180 180
lysine,3,tryptophan,0,15,16,4,16.919,16.827,0.881,130.7,53.0,0.0,0.0,2.934,2.505,227 156 173 187 189 185 176 215 232 193
lysine,3,tryptophan,0,15,17,1,16.919,14.5,0.881,128.9,160.6,7.2668,0.0,2.934,0.691,316 231 179 179
lysine,3,tryptophan,0,15,17,2,16.919,14.5,0.881,128.9,160.6,3.6664,0.0,2.934,1.111,248 132 173 176 172 173
lysine,3,tryptophan,0,15,17,3,16.919,14.5,0.881,128.9,160.6,0.2782,0.0,2.934,0.907,314 242 173 176 174 175 140 159
lysine,3,tryptophan,0,15,17,4,16.919,14.5,0.881,128.9,160.6,0.0,0.0,2.934,3.273,202 166 166 209 210 172 172 231 234 178
lysine,3,tryptophan,0,15,18,1,16.919,16.12,0.881,122.4,81.0,8.8685,0.0,2.934,0.847,315 242 182 181
lysine,3,tryptophan,0,15,18,2,16.919,16.12,0.881,122.4,81.0,5.1801,0.0,2.934,1.57,243 118 184 182 184 183
lysine,3,tryptophan,0,15,18,3,16.919,16.12,0.881,122.4,81.0,1.5417,0.0,2.934,0.802,316 243 180 180 186 185 180 180
lysine,3,tryptophan,0,15,18,4,16.919,16.12,0.881,122.4,81.0,0.0,0.0,2.934,3.273,207 155 160 224 222 188 193 221 219 176
lysine,3,aspartic,12,13,3,1,5.85,7.684,-0.964,39.7,61.0,2.2688,0.0,2.382,5.401,18 360 182 356
lysine,3,aspartic,12,13,3,2,5.85,7.684,-0.964,39.7,61.0,0.0,0.0,2.067,5.401,15 303 251 61 96 211
lysine,3,aspartic,12,13,3,3,5.85,7.684,-0.964,39.7,61.0,0.0,0.0,1.682,4.989,328 326 299 48 100 274 207 141
lysine,3,aspartic,12,13,3,4,5.85,7.684,-0.964,39.7,61.0,0.0,0.0,2.054,5.385,45 318 292 61 85 254 225 92 126 208
lysine,3,aspartic,12,13,4,1,5.85,7.238,-0.964,42.2,77.6,1.7226,0.0,0.734,4.35,349 0 177 6
lysine,3,aspartic,12,13,4,2,5.85,7.238,-0.964,42.2,77.6,0.0,0.0,1.478,4.451,11 58 96 297 254 135
lysine,3,aspartic,12,13,4,3,5.85,7.238,-0.964,42.2,77.6,0.0,0.0,2.697,4.786,54 17 66 335 273 47 104 211
lysine,3,aspartic,12,13,4,4,5.85,7.238,-0.964,42.2,77.6,0.0,0.0,1.639,1.662,325 36 65 306 282 100 127 270 237 149
lysine,3,aspartic,12,13,5,1,5.85,8.137,-0.964,25.3,41.7,3.9553,0.0,1.26,4.654,358 0 179 1
lysine,3,aspartic,12,13,5,2,5.85,8.137,-0.964,25.3,41.7,0.9183,0.0,0.765,2.155,323 357 188 353 232 242
lysine,3,aspartic,12,13,5,3,5.85,8.137,-0.964,25.3,41.7,0.0,0.0,2.134,0.437,295 350 173 351 213 107 92 151
lysine,3,aspartic,12,13,5,4,5.85,8.137,-0.964,25.3,41.7,0.0,0.0,2.424,4.338,91 46 133 22 61 139 131 43 54 151
lysine,3,aspartic,12,14,3,1,5.85,6.704,-0.964,78.8,62.8,0.1144,0.0,1.757,4.43,13 291 292 231
lysine,3,aspartic,12,14,3,2,5.85,6.704,-0.964,78.8,62.8,0.0,0.0,1.994,4.571,327 302 348 347 130 286
lysine,3,aspartic,12,14,3,3,5.85,6.704,-0.964,78.8,62.8,0.0,0.0,2.715,4.571,306 350 332 45 74 289 228 122
lysine,3,aspartic,12,14,3,4,5.85,6.704,-0.964,78.8,62.8,0.0,0.0,0.903,3.46,15 22 315 358 22 268 262 58 137 257
lysine,3,aspartic,12,14,4,1,5.85,6.829,-0.964,59.3,58.0,0.9802,0.0,1.272,3.982,357 351 239 311
lysine,3,aspartic,12,14,4,2,5.85,6.829,-0.964,59.3,58.0,0.2085,0.0,2.262,4.326,327 339 244 310 298 266
lysine,3,aspartic,12,14,4,3,5.85,6.829,-0.964,59.3,58.0,0.0,0.0,2.755,0.329,88 314 191 127 31 146 342 90
lysine,3,aspartic,12,14,4,4,5.85,6.829,-0.964,59.3,58.0,0.0,0.0,0.923,0.46,50 330 286 45 58 271 270 49 104 245
lysine,3,aspartic,12,14,5,1,5.85,6.963,-0.964,77.0,52.7,0.333,0.0,0.456,2.91,35 56 79 132
lysine,3,aspartic,12,14,5,2,5.85,6.963,-0.964,77.0,52.7,0.0,0.0,1.955,3.498,11 150 75 98 23 278
lysine,3,aspartic,12,14,5,3,5.85,6.963,-0.964,77.0,52.7,0.0,0.0,2.277,3.941,2 328 337 60 36 252 266 61
lysine,3,aspartic,12,14,5,4,5.85,6.963,-0.964,77.0,52.7,0.0,0.0,0.842,3.41,16 23 343 2 19 278 260 64 133 246
lysine,3,aspartic,12,15,3,1,5.85,7.244,-0.964,58.6,44.4,1.1784,0.0,0.679,1.643,311 354 233 299
lysine,3,aspartic,12,15,3,2,5.85,7.244,-0.964,58.6,44.4,0.3447,0.0,1.505,2.421,280 342 243 296 307 250
lysine,3,aspartic,12,15,3,3,5.85,7.244,-0.964,58.6,44.4,0.0,0.0,0.68,3.117,43 338 197 334 144 150 2 65
lysine,3,aspartic,12,15,3,4,5.85,7.244,-0.964,58.6,44.4,0.0,0.0,1.856,1.181,315 26 64 315 299 94 100 302 253 124
lysine,3,aspartic,12,15,4,1,5.85,6.499,-0.964,71.7,73.6,0.0,0.0,1.804,1.491,347 58 82 104
lysine,3,aspartic,12,15,4,2,5.85,6.499,-0.964,71.7,73.6,0.0,0.0,2.273,1.246,25 76 21 327 270 89
lysine,3,aspartic,12,15,4,3,5.85,6.499,-0.964,71.7,73.6,0.0,0.0,1.123,3.273,63 98 69 272 228 59 82 195
lysine,3,aspartic,12,15,4,4,5.85,6.499,-0.964,71.7,73.6,0.0,0.0,2.026,0.462,350 351 40 358 350 78 102 307 201 99
lysine,3,aspartic,12,15,5,1,5.85,6.934,-0.964,78.1,57.3,0.2489,0.0,2.129,0.903,336 288 279 226
lysine,3,aspartic,12,15,5,2,5.85,6.934,-0.964,78.1,57.3,0.0,0.0,2.494,0.453,359 126 355 279 310 140
lysine,3,aspartic,12,15,5,3,5.85,6.934,-0.964,78.1,57.3,0.0,0.0,2.423,1.102,262 288 323 117 84 1 75 263
lysine,3,aspartic,12,15,5,4,5.85,6.934,-0.964,78.1,57.3,0.0,0.0,2.209,0.807,345 331 11 10 352 75 101 300 223 112
aspartic,4,tyrosine,3,3,8,1,7.607,8.985,0.797,82.0,19.6,1.7108,0.0,2.352,1.494,110 316 176 178
aspartic,4,tyrosine,3,3,8,2,7.607,8.985,0.797,82.0,19.6,0.701,0.0,3.006,2.368,129 358 121 118 356 183
aspartic,4,tyrosine,3,3,8,3,7.607,8.985,0.797,82.0,19.6,0.0607,0.0,3.006,2.676,134 359 150 122 343 186 359 201
aspartic,4,tyrosine,3,3,8,4,7.607,8.985,0.797,82.0,19.6,0.0,0.0,3.006,3.644,178 256 192 132 116 194 242 115 93 209
aspartic,4,tyrosine,3,3,9,1,7.607,7.777,0.797,95.9,76.3,0.5159,0.0,2.567,1.856,124 293 167 171
aspartic,4,tyrosine,3,3,9,2,7.607,7.777,0.797,95.9,76.3,0.0,0.0,3.006,3.117,165 231 236 38 114 229
aspartic,4,tyrosine,3,3,9,3,7.607,7.777,0.797,95.9,76.3,0.0,0.0,3.006,3.644,184 194 237 116 110 247 210 140
aspartic,4,tyrosine,3,3,9,4,7.607,7.777,0.797,95.9,76.3,0.0,0.0,2.402,3.644,179 173 195 125 116 262 250 124 150 206
aspartic,4,tyrosine,3,3,10,1,7.607,6.768,0.797,78.0,115.8,0.0,0.0,2.335,1.897,117 284 207 109
aspartic,4,tyrosine,3,3,10,2,7.607,6.768,0.797,78.0,115.8,0.0,0.0,3.006,2.199,82 221 28 346 70 26
aspartic,4,tyrosine,3,3,10,3,7.607,6.768,0.797,78.0,115.8,0.0,0.0,3.006,3.512,177 233 259 63 52 322 280 90
aspartic,4,tyrosine,3,3,10,4,7.607,6.768,0.797,78.0,115.8,0.0,0.0,3.006,2.224,139 289 301 19 19 295 266 67 131 233
aspartic,4,tyrosine,3,4,8,1,7.607,7.818,0.797,131.3,33.8,0.8547,0.0,2.278,0.222,343 194 241 208
aspartic,4,tyrosine,3,4,8,2,7.607,7.818,0.797,131.3,33.8,0.0417,0.0,2.435,0.528,7 149 278 212 352 201
aspartic,4,tyrosine,3,4,8,3,7.607,7.818,0.797,131.3,33.8,0.0,0.0,2.83,2.244,186 178 180 291 202 139 26 130
aspartic,4,tyrosine,3,4,8,4,7.607,7.818,0.797,131.3,33.8,0.0,0.0,2.83,2.244,157 180 176 229 248 139 136 243 226 154
aspartic,4,tyrosine,3,4,9,1,7.607,7.111,0.797,124.5,64.6,0.21,0.0,2.83,1.716,255 180 103 190
aspartic,4,tyrosine,3,4,9,2,7.607,7.111,0.797,124.5,64.6,0.0,0.0,2.83,2.244,201 186 122 275 238 111
aspartic,4,tyrosine,3,4,9,3,7.607,7.111,0.797,124.5,64.6,0.0,0.0,2.83,2.244,179 194 156 239 245 88 117 215
aspartic,4,tyrosine,3,4,9,4,7.607,7.111,0.797,124.5,64.6,0.0,0.0,2.83,2.244,161 191 171 220 234 128 133 253 234 155
aspartic,4,tyrosine,3,4,10,1,7.607,5.441,0.797,135.7,134.4,0.0,0.0,1.616,1.137,311 53 357 284
aspartic,4,tyrosine,3,4,10,2,7.607,5.441,0.797,135.7,134.4,0.0,0.0,2.83,2.244,209 208 76 320 252 26
aspartic,4,tyrosine,3,4,10,3,7.607,5.441,0.797,135.7,134.4,0.0,0.0,2.83,2.244,167 199 146 242 283 81 109 243
aspartic,4,tyrosine,3,4,10,4,7.607,5.441,0.797,135.7,134.4,0.0,0.0,2.371,0.584,319 112 174 315 314 85 110 317 213 94
aspartic,4,tyrosine,3,5,8,1,7.607,10.263,0.797,25.1,32.1,5.6718,0.0,2.686,2.149,243 360 181 359
aspartic,4,tyrosine,3,5,8,2,7.607,10.263,0.797,25.1,32.1,2.08,0.0,2.686,2.042,240 1 162 27 194 190
aspartic,4,tyrosine,3,5,8,3,7.607,10.263,0.797,25.1,32.1,0.0,0.0,2.686,0.982,271 360 212 285 171 144 92 149
aspartic,4,tyrosine,3,5,8,4,7.607,10.263,0.797,25.1,32.1,0.0,0.0,2.686,2.791,253 306 310 233 191 104 96 121 117 169
aspartic,4,tyrosine,3,5,9,1,7.607,9.451,0.797,24.0,68.5,5.0854,0.0,2.686,3.184,209 0 179 1
aspartic,4,tyrosine,3,5,9,2,7.607,9.451,0.797,24.0,68.5,1.37,0.0,2.686,2.568,213 359 190 346 170 172
aspartic,4,tyrosine,3,5,9,3,7.607,9.451,0.797,24.0,68.5,0.0,0.0,2.686,3.724,222 70 110 266 234 138 148 185
aspartic,4,tyrosine,3,5,9,4,7.607,9.451,0.797,24.0,68.5,0.0,0.0,2.686,1.898,261 303 234 21 61 354 307 68 108 222
aspartic,4,tyrosine,3,5,10,1,7.607,7.918,0.797,29.0,131.5,3.4496,0.0,2.686,2.265,236 360 180 360
aspartic,4,tyrosine,3,5,10,2,7.607,7.918,0.797,29.0,131.5,0.2695,0.0,2.686,2.475,213 360 180 360 231 232
aspartic,4,tyrosine,3,5,10,3,7.607,7.918,0.797,29.0,131.5,0.0,0.0,2.686,1.407,251 48 168 237 241 130 42 125
aspartic,4,tyrosine,3,5,10,4,7.607,7.918,0.797,29.0,131.5,0.0,0.0,1.114,0.495,342 24 66 304 270 97 119 218 205 169
aspartic,4,phenylalanine,2,3,12,1,7.346,7.455,-0.599,11.7,154.5,4.9253,0.0,2.472,3.644,300 360 180 360
aspartic,4,phenylalanine,2,3,12,2,7.346,7.455,-0.599,11.7,154.5,1.5077,0.0,2.684,3.644,291 358 185 357 212 282
aspartic,4,phenylalanine,2,3,12,3,7.346,7.455,-0.599,11.7,154.5,0.0,0.0,3.006,3.644,264 64 109 280 248 111 126 193
aspartic,4,phenylalanine,2,3,12,4,7.346,7.455,-0.599,11.7,154.5,0.0,0.0,2.36,3.644,316 33 71 296 268 112 132 240 224 164
aspartic,4,phenylalanine,2,3,13,1,7.346,9.744,-0.599,13.7,51.0,6.326,0.0,3.006,3.644,273 0 180 0
aspartic,4,phenylalanine,2,3,13,2,7.346,9.744,-0.599,13.7,51.0,2.6583,0.0,2.986,3.644,277 359 184 357 155 137
aspartic,4,phenylalanine,2,3,13,3,7.346,9.744,-0.599,13.7,51.0,0.0,0.0,3.006,3.644,253 45 157 297 186 123 152 179
aspartic,4,phenylalanine,2,3,13,4,7.346,9.744,-0.599,13.7,51.0,0.0,0.0,2.458,3.644,313 42 76 294 267 121 140 216 203 169
aspartic,4,phenylalanine,2,3,14,1,7.346,9.587,-0.599,12.0,57.5,6.3817,0.0,2.03,3.644,342 360 180 360
aspartic,4,phenylalanine,2,3,14,2,7.346,9.587,-0.599,12.0,57.5,2.6835,0.0,1.972,3.644,338 1 178 2 206 232
aspartic,4,phenylalanine,2,3,14,3,7.346,9.587,-0.599,12.0,57.5,0.0,0.0,1.654,2.657,28 23 153 314 185 121 151 170
aspartic,4,phenylalanine,2,3,14,4,7.346,9.587,-0.599,12.0,57.5,0.0,0.0,1.908,3.644,350 38 77 306 273 107 130 214 201 169
aspartic,4,phenylalanine,2,4,12,1,7.346,6.076,-0.599,78.6,137.0,0.0,0.0,1.732,2.244,90 254 241 74
aspartic,4,phenylalanine,2,4,12,2,7.346,6.076,-0.599,78.6,137.0,0.0,0.0,1.985,1.214,5 285 302 83 140 259
aspartic,4,phenylalanine,2,4,12,3,7.346,6.076,-0.599,78.6,137.0,0.0,0.0,1.676,0.451,344 312 343 44 133 337 92 59
aspartic,4,phenylalanine,2,4,12,4,7.346,6.076,-0.599,78.6,137.0,0.0,0.0,1.191,0.686,339 351 349 80 79 281 250 13 91 228
aspartic,4,phenylalanine,2,4,13,1,7.346,8.318,-0.599,82.7,42.7,1.0706,0.0,2.605,2.244,95 321 163 169
aspartic,4,phenylalanine,2,4,13,2,7.346,8.318,-0.599,82.7,42.7,0.0,0.0,2.83,2.244,119 351 121 106 27 204
aspartic,4,phenylalanine,2,4,13,3,7.346,8.318,-0.599,82.7,42.7,0.0,0.0,2.305,2.244,158 218 229 117 106 234 225 154
aspartic,4,phenylalanine,2,4,13,4,7.346,8.318,-0.599,82.7,42.7,0.0,0.0,2.117,2.244,170 205 213 131 129 225 217 119 133 199
aspartic,4,phenylalanine,2,4,14,1,7.346,8.051,-0.599,86.3,54.5,0.766,0.0,2.102,1.754,22 51 185 183
aspartic,4,phenylalanine,2,4,14,2,7.346,8.051,-0.599,86.3,54.5,0.0,0.0,1.726,1.173,341 44 219 75 91 207
aspartic,4,phenylalanine,2,4,14,3,7.346,8.051,-0.599,86.3,54.5,0.0,0.0,1.22,0.399,339 14 312 17 75 312 271 155
aspartic,4,phenylalanine,2,4,14,4,7.346,8.051,-0.599,86.3,54.5,0.0,0.0,2.054,2.183,49 35 328 345 10 246 271 103 129 249
aspartic,4,phenylalanine,2,5,12,1,7.346,5.494,-0.599,100.5,153.0,0.0015,0.0,2.686,4.689,292 261 14 277
aspartic,4,phenylalanine,2,5,12,2,7.346,5.494,-0.599,100.5,153.0,0.0,0.0,2.042,4.689,12 180 272 235 350 337
aspartic,4,phenylalanine,2,5,12,3,7.346,5.494,-0.599,100.5,153.0,0.0,0.0,2.105,4.689,23 84 55 206 289 91 86 251
aspartic,4,phenylalanine,2,5,12,4,7.346,5.494,-0.599,100.5,153.0,0.0,0.0,2.686,3.877,294 350 30 56 59 51 61 352 208 21
aspartic,4,phenylalanine,2,5,13,1,7.346,7.57,-0.599,112.0,58.4,0.4765,0.0,2.091,4.689,350 233 232 205
aspartic,4,phenylalanine,2,5,13,2,7.346,7.57,-0.599,112.0,58.4,0.0,0.0,2.607,4.618,269 259 28 118 347 157
aspartic,4,phenylalanine,2,5,13,3,7.346,7.57,-0.599,112.0,58.4,0.0,0.0,2.258,4.689,208 173 156 240 244 103 122 207
aspartic,4,phenylalanine,2,5,13,4,7.346,7.57,-0.599,112.0,58.4,0.0,0.0,1.289,4.689,174 145 153 252 264 132 132 232 212 152
aspartic,4,phenylalanine,2,5,14,1,7.346,7.845,-0.599,94.0,47.0,0.7583,0.0,1.93,4.689,349 315 131 154
aspartic,4,phenylalanine,2,5,14,2,7.346,7.845,-0.599,94.0,47.0,0.0,0.0,1.058,4.408,13 332 125 167 327 121
aspartic,4,phenylalanine,2,5,14,3,7.346,7.845,-0.599,94.0,47.0,0.0,0.0,1.56,4.689,31 11 92 196 284 142 90 126
aspartic,4,phenylalanine,2,5,14,4,7.346,7.845,-0.599,94.0,47.0,0.0,0.0,1.889,0.993,276 39 102 356 318 85 88 277 279 137
aspartic,4,arginine,3,3,16,1,9.921,10.293,-0.513,46.8,110.9,4.251,0.0,1.515,3.347,21 0 156 73
aspartic,4,arginine,3,3,16,2,9.921,10.293,-0.513,46.8,110.9,0.6843,0.0,1.533,3.432,18 1 220 275 185 183
aspartic,4,arginine,3,3,16,3,9.921,10.293,-0.513,46.8,110.9,0.0,0.0,2.718,2.095,55 250 280 71 113 236 136 93
aspartic,4,arginine,3,3,16,4,9.921,10.293,-0.513,46.8,110.9,0.0,0.0,2.267,3.644,356 342 308 33 64 262 230 132 157 199
aspartic,4,arginine,3,3,17,1,9.921,11.049,-0.513,37.9,81.7,5.5641,0.0,1.534,2.748,36 359 198 315
aspartic,4,arginine,3,3,17,2,9.921,11.049,-0.513,37.9,81.7,1.9293,0.0,1.517,2.828,34 0 146 67 182 181
aspartic,4,arginine,3,3,17,3,9.921,11.049,-0.513,37.9,81.7,0.0,0.0,2.114,0.409,73 311 232 44 113 216 212 189
aspartic,4,arginine,3,3,17,4,9.921,11.049,-0.513,37.9,81.7,0.0,0.0,2.058,0.383,66 306 273 64 89 226 206 126 140 194
aspartic,4,arginine,3,3,18,1,9.921,12.394,-0.513,47.6,16.2,6.228,0.0,1.495,2.996,30 360 155 88
aspartic,4,arginine,3,3,18,2,9.921,12.394,-0.513,47.6,16.2,2.676,0.0,1.496,2.734,30 359 218 271 172 175
aspartic,4,arginine,3,3,18,3,9.921,12.394,-0.513,47.6,16.2,0.457,0.0,1.501,3.196,28 354 139 134 159 166 298 209
aspartic,4,arginine,3,3,18,4,9.921,12.394,-0.513,47.6,16.2,0.0,0.0,2.024,3.644,347 49 138 153 105 156 234 229 16 75
aspartic,4,arginine,3,4,16,1,9.921,9.35,-0.513,83.9,99.8,2.0699,0.0,1.813,1.184,343 47 177 178
aspartic,4,arginine,3,4,16,2,9.921,9.35,-0.513,83.9,99.8,0.0,0.0,1.165,1.138,335 2 255 334 36 198
aspartic,4,arginine,3,4,16,3,9.921,9.35,-0.513,83.9,99.8,0.0,0.0,2.83,2.136,64 22 42 153 99 25 41 243
aspartic,4,arginine,3,4,16,4,9.921,9.35,-0.513,83.9,99.8,0.0,0.0,1.885,1.812,26 335 294 20 51 260 231 89 115 206
aspartic,4,arginine,3,4,17,1,9.921,9.585,-0.513,96.9,90.8,2.3098,0.0,2.274,1.168,341 72 184 182
aspartic,4,arginine,3,4,17,2,9.921,9.585,-0.513,96.9,90.8,0.0,0.0,1.486,1.135,335 38 239 315 47 202
aspartic,4,arginine,3,4,17,3,9.921,9.585,-0.513,96.9,90.8,0.0,0.0,1.257,0.585,335 21 322 3 56 291 251 157
aspartic,4,arginine,3,4,17,4,9.921,9.585,-0.513,96.9,90.8,0.0,0.0,2.062,1.941,33 329 288 17 48 258 230 80 111 210
aspartic,4,arginine,3,4,18,1,9.921,11.245,-0.513,92.6,7.0,4.0226,0.0,2.188,2.011,37 297 179 180
aspartic,4,arginine,3,4,18,2,9.921,11.245,-0.513,92.6,7.0,1.1661,0.0,1.588,1.122,326 49 169 174 105 144
aspartic,4,arginine,3,4,18,3,9.921,11.245,-0.513,92.6,7.0,0.3651,0.0,1.354,1.151,318 32 171 175 112 144 357 183
aspartic,4,arginine,3,4,18,4,9.921,11.245,-0.513,92.6,7.0,0.0,0.0,1.478,1.536,10 324 226 317 77 146 335 205 348 199
aspartic,4,arginine,3,5,16,1,9.921,10.038,-0.513,57.8,112.3,3.4132,0.0,1.637,4.497,332 0 207 252
aspartic,4,arginine,3,5,16,2,9.921,10.038,-0.513,57.8,112.3,0.0563,0.0,1.218,3.99,351 351 128 114 148 157
aspartic,4,arginine,3,5,16,3,9.921,10.038,-0.513,57.8,112.3,0.0,0.0,2.089,3.995,38 25 82 307 237 132 167 175
aspartic,4,arginine,3,5,16,4,9.921,10.038,-0.513,57.8,112.3,0.0,0.0,0.937,3.255,355 9 46 335 303 96 130 238 211 159
aspartic,4,arginine,3,5,17,1,9.921,10.531,-0.513,61.2,92.7,3.7371,0.0,2.086,3.786,320 359 154 124
aspartic,4,arginine,3,5,17,2,9.921,10.531,-0.513,61.2,92.7,0.1905,0.0,2.197,1.64,314 3 141 104 204 193
aspartic,4,arginine,3,5,17,3,9.921,10.531,-0.513,61.2,92.7,0.0,0.0,1.262,1.011,336 43 62 318 290 121 153 217
aspartic,4,arginine,3,5,17,4,9.921,10.531,-0.513,61.2,92.7,0.0,0.0,2.097,0.685,304 39 73 312 287 121 143 257 236 158
aspartic,4,arginine,3,5,18,1,9.921,12.212,-0.513,55.6,10.8,5.6445,0.0,1.834,4.052,326 0 207 249
aspartic,4,arginine,3,5,18,2,9.921,12.212,-0.513,55.6,10.8,2.0396,0.0,1.837,2.595,326 0 140 107 181 181
aspartic,4,arginine,3,5,18,3,9.921,12.212,-0.513,55.6,10.8,0.4936,0.0,1.316,4.689,339 6 216 219 201 194 39 159
aspartic,4,arginine,3,5,18,4,9.921,12.212,-0.513,55.6,10.8,0.0,0.0,1.031,4.689,16 332 204 233 165 155 142 96 38 107
aspartic,4,lysine,3,3,13,1,14.599,17.37,-0.093,31.2,14.4,12.0041,0.0,2.314,1.065,71 360 164 44
aspartic,4,lysine,3,3,13,2,14.599,17.37,-0.093,31.2,14.4,8.5,0.0,2.32,0.688,71 360 213 294 179 179
aspartic,4,lysine,3,3,13,3,14.599,17.37,-0.093,31.2,14.4,4.8187,0.0,2.309,0.514,71 360 151 63 179 179 179 179
aspartic,4,lysine,3,3,13,4,14.599,17.37,-0.093,31.2,14.4,1.1986,0.0,2.244,0.357,69 360 147 70 178 179 173 174 177 178
aspartic,4,lysine,3,3,14,1,14.599,15.831,-0.093,32.8,89.6,10.3942,0.0,2.689,1.141,84 360 196 314
aspartic,4,lysine,3,3,14,2,14.599,15.831,-0.093,32.8,89.6,6.8838,0.0,2.67,0.652,83 0 147 67 183 182
aspartic,4,lysine,3,3,14,3,14.599,15.831,-0.093,32.8,89.6,3.1776,0.0,2.681,1.169,83 360 209 297 179 180 179 179
aspartic,4,lysine,3,3,14,4,14.599,15.831,-0.093,32.8,89.6,0.0,0.0,2.626,0.944,78 6 198 14 95 183 207 203 192 188
aspartic,4,lysine,3,3,15,1,14.599,15.149,-0.093,34.5,116.6,9.6317,0.0,2.223,1.011,68 360 162 51
aspartic,4,lysine,3,3,15,2,14.599,15.149,-0.093,34.5,116.6,6.1307,0.0,2.242,0.38,69 360 213 291 176 178
aspartic,4,lysine,3,3,15,3,14.599,15.149,-0.093,34.5,116.6,2.4373,0.0,2.242,0.626,69 360 150 67 178 179 178 178
aspartic,4,lysine,3,3,15,4,14.599,15.149,-0.093,34.5,116.6,0.0,0.0,2.141,0.302,72 306 256 44 75 192 170 175 178 179
aspartic,4,lysine,3,4,13,1,14.599,15.205,-0.093,122.6,10.3,7.9656,0.0,2.83,1.122,67 242 181 180
aspartic,4,lysine,3,4,13,2,14.599,15.205,-0.093,122.6,10.3,4.3028,0.0,2.323,1.066,354 118 182 181 182 182
aspartic,4,lysine,3,4,13,3,14.599,15.205,-0.093,122.6,10.3,1.1522,0.0,2.288,0.551,347 105 173 176 176 176 233 205
aspartic,4,lysine,3,4,13,4,14.599,15.205,-0.093,122.6,10.3,0.2619,0.0,2.276,0.99,338 88 183 181 182 182 223 202 1 179
aspartic,4,lysine,3,4,14,1,14.599,13.546,-0.093,129.6,92.7,6.2957,0.0,2.335,0.832,356 129 183 182
aspartic,4,lysine,3,4,14,2,14.599,13.546,-0.093,129.6,92.7,2.639,0.0,2.83,0.815,63 226 194 188 192 191
aspartic,4,lysine,3,4,14,3,14.599,13.546,-0.093,129.6,92.7,0.0,0.0,2.83,2.244,79 197 181 160 172 211 209 181
aspartic,4,lysine,3,4,14,4,14.599,13.546,-0.093,129.6,92.7,0.0,0.0,2.83,2.244,138 204 196 116 118 194 186 140 148 191
aspartic,4,lysine,3,4,15,1,14.599,13.053,-0.093,121.6,112.1,5.7993,0.0,2.83,0.907,62 244 181 181
aspartic,4,lysine,3,4,15,2,14.599,13.053,-0.093,121.6,112.1,2.0949,0.0,2.298,0.801,349 117 181 180 181 181
aspartic,4,lysine,3,4,15,3,14.599,13.053,-0.093,121.6,112.1,0.0,0.0,2.83,1.033,95 212 186 115 132 182 174 180
aspartic,4,lysine,3,4,15,4,14.599,13.053,-0.093,121.6,112.1,0.0,0.0,1.371,0.539,357 324 248 133 195 334 205 272 79 36
aspartic,4,lysine,3,5,13,1,14.599,16.531,-0.093,70.3,12.9,9.3267,0.0,2.686,2.962,292 1 182 182
aspartic,4,lysine,3,5,13,2,14.599,16.531,-0.093,70.3,12.9,5.7766,0.0,2.686,2.049,293 360 153 150 179 180
aspartic,4,lysine,3,5,13,3,14.599,16.531,-0.093,70.3,12.9,2.0439,0.0,2.407,1.483,292 1 199 203 185 183 184 183
aspartic,4,lysine,3,5,13,4,14.599,16.531,-0.093,70.3,12.9,0.4994,0.0,0.89,1.001,310 356 175 176 170 173 176 177 314 201
aspartic,4,lysine,3,5,14,1,14.599,15.021,-0.093,70.0,87.9,7.824,0.0,2.686,2.631,287 358 174 173
aspartic,4,lysine,3,5,14,2,14.599,15.021,-0.093,70.0,87.9,4.2587,0.0,2.686,2.266,285 1 210 213 183 182
aspartic,4,lysine,3,5,14,3,14.599,15.021,-0.093,70.0,87.9,0.5402,0.0,2.686,2.457,287 359 199 206 173 177 174 174
aspartic,4,lysine,3,5,14,4,14.599,15.021,-0.093,70.0,87.9,0.0,0.0,2.686,4.105,222 124 144 236 222 169 177 201 197 176
aspartic,4,lysine,3,5,15,1,14.599,14.485,-0.093,65.3,108.6,7.4131,0.0,2.686,3.199,294 360 192 203
aspartic,4,lysine,3,5,15,2,14.599,14.485,-0.093,65.3,108.6,3.9208,0.0,2.686,1.511,296 358 144 135 171 175
aspartic,4,lysine,3,5,15,3,14.599,14.485,-0.093,65.3,108.6,0.1606,0.0,2.616,0.748,295 359 151 138 173 176 175 176
aspartic,4,lysine,3,5,15,4,14.599,14.485,-0.093,65.3,108.6,0.0,0.0,2.248,1.047,297 275 296 342 346 167 178 241 229 162
aspartic,4,glutamic,4,3,5,1,4.857,3.984,-0.777,151.8,54.6,1.2451,0.0,1.346,1.304,88 337 15 1
aspartic,4,glutamic,4,3,5,2,4.857,3.984,-0.777,151.8,54.6,0.1184,0.0,1.839,3.644,15 338 353 283 280 356
aspartic,4,glutamic,4,3,5,3,4.857,3.984,-0.777,151.8,54.6,0.0,0.0,2.399,3.644,323 97 217 148 47 301 247 51
aspartic,4,glutamic,4,3,5,4,4.857,3.984,-0.777,151.8,54.6,0.0,0.0,2.399,3.644,4 219 153 63 8 272 289 69 153 297
aspartic,4,glutamic,4,3,6,1,4.857,4.633,-0.777,175.7,26.8,2.0748,0.0,2.399,3.644,254 113 264 357
aspartic,4,glutamic,4,3,6,2,4.857,4.633,-0.777,175.7,26.8,0.1118,0.0,2.399,3.644,261 62 319 259 295 348
aspartic,4,glutamic,4,3,6,3,4.857,4.633,-0.777,175.7,26.8,0.0,0.0,1.275,3.644,163 119 196 255 354 41 115 336
aspartic,4,glutamic,4,3,6,4,4.857,4.633,-0.777,175.7,26.8,0.0,0.0,0.735,3.446,146 156 161 176 85 105 60 296 205 23
aspartic,4,glutamic,4,3,7,1,4.857,2.383,-0.777,162.7,115.4,2.6713,0.0,2.253,3.644,348 355 3 0
aspartic,4,glutamic,4,3,7,2,4.857,2.383,-0.777,162.7,115.4,1.6239,0.0,2.399,3.644,264 345 357 300 259 358
aspartic,4,glutamic,4,3,7,3,4.857,2.383,-0.777,162.7,115.4,0.0,0.0,1.563,1.236,78 21 47 112 52 336 189 330
aspartic,4,glutamic,4,3,7,4,4.857,2.383,-0.777,162.7,115.4,0.0,0.0,2.399,3.644,248 84 201 152 49 250 326 287 214 99
aspartic,4,glutamic,4,4,5,1,4.857,5.601,-0.777,73.9,74.1,0.0,0.0,1.984,0.625,259 81 47 64
aspartic,4,glutamic,4,4,5,2,4.857,5.601,-0.777,73.9,74.1,0.0,0.0,2.274,1.063,301 89 73 292 187 25
aspartic,4,glutamic,4,4,5,3,4.857,5.601,-0.777,73.9,74.1,0.0,0.0,1.939,0.908,289 99 331 275 295 75 165 328
aspartic,4,glutamic,4,4,5,4,4.857,5.601,-0.777,73.9,74.1,0.0,0.0,1.587,1.06,296 2 2 314 305 83 92 308 250 112
aspartic,4,glutamic,4,4,6,1,4.857,6.839,-0.777,57.7,16.1,1.4289,0.0,0.605,2.244,222 320 263 316
aspartic,4,glutamic,4,4,6,2,4.857,6.839,-0.777,57.7,16.1,0.5992,0.0,0.931,2.244,191 329 268 248 327 268
aspartic,4,glutamic,4,4,6,3,4.857,6.839,-0.777,57.7,16.1,0.0,0.0,2.526,2.244,169 348 215 137 77 238 297 126
aspartic,4,glutamic,4,4,6,4,4.857,6.839,-0.777,57.7,16.1,0.0,0.0,2.027,1.06,300 75 110 201 249 160 94 228 246 140
aspartic,4,glutamic,4,4,7,1,4.857,4.719,-0.777,48.2,107.7,1.423,0.0,1.805,1.135,252 64 93 3
aspartic,4,glutamic,4,4,7,2,4.857,4.719,-0.777,48.2,107.7,0.0,0.0,2.461,1.055,300 98 62 316 192 38
aspartic,4,glutamic,4,4,7,3,4.857,4.719,-0.777,48.2,107.7,0.0,0.0,2.121,1.287,353 49 67 288 262 62 111 224
aspartic,4,glutamic,4,4,7,4,4.857,4.719,-0.777,48.2,107.7,0.0,0.0,1.733,0.74,7 7 45 311 282 78 105 253 225 154
aspartic,4,glutamic,4,5,5,1,4.857,6.404,-0.777,42.8,51.9,1.6133,0.0,1.224,4.689,141 24 139 10
aspartic,4,glutamic,4,5,5,2,4.857,6.404,-0.777,42.8,51.9,0.2788,0.0,1.335,3.986,185 27 120 40 90 76
aspartic,4,glutamic,4,5,5,3,4.857,6.404,-0.777,42.8,51.9,0.0,0.0,1.633,4.497,41 355 188 14 219 270 292 254
aspartic,4,glutamic,4,5,5,4,4.857,6.404,-0.777,42.8,51.9,0.0,0.0,2.07,2.726,352 304 254 73 112 270 251 141 144 192
aspartic,4,glutamic,4,5,6,1,4.857,6.734,-0.777,61.8,37.1,0.7587,0.0,2.686,4.689,124 308 259 290
aspartic,4,glutamic,4,5,6,2,4.857,6.734,-0.777,61.8,37.1,0.0,0.0,2.686,4.689,93 267 310 113 62 232
aspartic,4,glutamic,4,5,6,3,4.857,6.734,-0.777,61.8,37.1,0.0,0.0,1.678,4.689,50 336 314 64 74 269 254 155
aspartic,4,glutamic,4,5,6,4,4.857,6.734,-0.777,61.8,37.1,0.0,0.0,2.662,4.689,65 8 332 37 79 277 231 89 121 200
aspartic,4,glutamic,4,5,7,1,4.857,4.665,-0.777,50.3,120.0,1.2358,0.0,2.686,4.689,109 303 255 359
aspartic,4,glutamic,4,5,7,2,4.857,4.665,-0.777,50.3,120.0,0.0,0.0,2.609,4.689,58 219 8 17 124 66
aspartic,4,glutamic,4,5,7,3,4.857,4.665,-0.777,50.3,120.0,0.0,0.0,1.292,4.689,26 310 314 91 86 275 221 106
aspartic,4,glutamic,4,5,7,4,4.857,4.665,-0.777,50.3,120.0,0.0,0.0,0.906,4.689,7 4 322 51 82 274 249 104 128 203
aspartic,4,isoleucine,2,3,4,1,4.311,4.852,0.518,45.9,103.8,1.4095,0.0,3.006,2.106,135 316 238 359
aspartic,4,isoleucine,2,3,4,2,4.311,4.852,0.518,45.9,103.8,0.0,0.0,3.006,3.071,178 96 47 308 263 302
aspartic,4,isoleucine,2,3,4,3,4.311,4.852,0.518,45.9,103.8,0.0,0.0,2.899,1.799,103 295 348 64 65 315 195 66
aspartic,4,isoleucine,2,3,4,4,4.311,4.852,0.518,45.9,103.8,0.0,0.0,2.329,0.519,356 338 298 58 87 279 255 116 139 203
aspartic,4,isoleucine,2,3,5,1,4.311,6.767,0.518,32.2,25.4,2.5096,0.0,3.006,3.212,147 359 183 358
aspartic,4,isoleucine,2,3,5,2,4.311,6.767,0.518,32.2,25.4,0.5851,0.0,3.006,1.24,105 334 236 308 267 280
aspartic,4,isoleucine,2,3,5,3,4.311,6.767,0.518,32.2,25.4,0.0,0.0,2.341,1.049,79 297 239 95 132 263 261 180
aspartic,4,isoleucine,2,3,5,4,4.311,6.767,0.518,32.2,25.4,0.0,0.0,1.798,0.732,14 342 271 61 102 251 253 145 123 169
aspartic,4,isoleucine,2,3,6,1,4.311,6.004,0.518,49.5,60.8,0.7431,0.0,3.006,3.644,167 24 146 5
aspartic,4,isoleucine,2,3,6,2,4.311,6.004,0.518,49.5,60.8,0.0,0.0,3.006,3.525,153 227 349 29 77 107
aspartic,4,isoleucine,2,3,6,3,4.311,6.004,0.518,49.5,60.8,0.0,0.0,2.297,1.593,81 332 298 63 99 275 240 151
aspartic,4,isoleucine,2,3,6,4,4.311,6.004,0.518,49.5,60.8,0.0,0.0,2.115,1.689,65 357 313 58 95 258 237 119 131 190
aspartic,4,isoleucine,2,4,4,1,4.311,2.523,0.518,152.3,103.6,2.7299,0.0,2.83,2.244,156 54 344 354
aspartic,4,isoleucine,2,4,4,2,4.311,2.523,0.518,152.3,103.6,1.3778,0.0,2.83,2.244,231 26 359 345 201 359
aspartic,4,isoleucine,2,4,4,3,4.311,2.523,0.518,152.3,103.6,0.0,0.0,2.83,1.654,243 158 259 176 5 346 188 3
aspartic,4,isoleucine,2,4,4,4,4.311,2.523,0.518,152.3,103.6,0.0,0.0,1.303,0.408,4 156 23 207 337 32 120 25 212 296
aspartic,4,isoleucine,2,4,5,1,4.311,4.44,0.518,129.0,31.9,1.1344,0.0,1.28,2.244,53 294 7 8
aspartic,4,isoleucine,2,4,5,2,4.311,4.44,0.518,129.0,31.9,0.0,0.0,1.718,1.937,33 312 1 230 322 347
aspartic,4,isoleucine,2,4,5,3,4.311,4.44,0.518,129.0,31.9,0.0,0.0,2.83,2.244,183 172 234 210 5 250 307 311
aspartic,4,isoleucine,2,4,5,4,4.311,4.44,0.518,129.0,31.9,0.0,0.0,1.414,2.244,145 259 244 92 7 265 305 28 129 304
aspartic,4,isoleucine,2,4,6,1,4.311,4.179,0.518,121.4,43.4,1.0938,0.0,2.83,2.244,167 60 2 2
aspartic,4,isoleucine,2,4,6,2,4.311,4.179,0.518,121.4,43.4,0.0,0.0,2.83,2.244,209 55 348 71 110 13
aspartic,4,isoleucine,2,4,6,3,4.311,4.179,0.518,121.4,43.4,0.0,0.0,2.83,1.059,261 150 257 87 72 325 234 87
aspartic,4,isoleucine,2,4,6,4,4.311,4.179,0.518,121.4,43.4,0.0,0.0,2.83,1.946,245 232 265 79 67 277 272 59 87 228
aspartic,4,isoleucine,2,5,4,1,4.311,4.29,0.518,66.7,73.5,1.5113,0.0,2.686,3.966,218 269 319 348
aspartic,4,isoleucine,2,5,4,2,4.311,4.29,0.518,66.7,73.5,0.1322,0.0,2.686,3.14,178 280 317 316 259 337
aspartic,4,isoleucine,2,5,4,3,4.311,4.29,0.518,66.7,73.5,0.0,0.0,1.1,0.659,345 12 130 341 204 357 130 11
aspartic,4,isoleucine,2,5,4,4,4.311,4.29,0.518,66.7,73.5,0.0,0.0,1.214,1.371,9 26 62 300 289 71 80 257 236 148
aspartic,4,isoleucine,2,5,5,1,4.311,5.384,0.518,87.5,29.7,0.8219,0.0,1.312,3.839,283 98 9 47
aspartic,4,isoleucine,2,5,5,2,4.311,5.384,0.518,87.5,29.7,0.0,0.0,0.969,3.327,308 38 65 137 31 316
aspartic,4,isoleucine,2,5,5,3,4.311,5.384,0.518,87.5,29.7,0.0,0.0,2.686,4.689,216 190 96 116 325 111 79 30
aspartic,4,isoleucine,2,5,5,4,4.311,5.384,0.518,87.5,29.7,0.0,0.0,2.686,3.533,194 47 143 325 322 109 47 265 268 86
aspartic,4,isoleucine,2,5,6,1,4.311,4.729,0.518,97.0,57.9,0.345,0.0,2.686,4.689,202 245 2 3
aspartic,4,isoleucine,2,5,6,2,4.311,4.729,0.518,97.0,57.9,0.0,0.0,2.686,4.689,166 216 19 319 263 18
aspartic,4,isoleucine,2,5,6,3,4.311,4.729,0.518,97.0,57.9,0.0,0.0,2.686,4.689,146 278 18 246 334 332 110 38
aspartic,4,isoleucine,2,5,6,4,4.311,4.729,0.518,97.0,57.9,0.0,0.0,2.686,4.681,223 158 119 146 254 131 68 326 224 360
aspartic,4,leucine,2,3,1,1,15.224,17.388,-0.596,41.5,48.3,11.4044,0.0,1.825,2.08,53 0 203 279
aspartic,4,leucine,2,3,1,2,15.224,17.388,-0.596,41.5,48.3,7.9053,0.0,1.819,1.072,52 0 143 87 184 182
aspartic,4,leucine,2,3,1,3,15.224,17.388,-0.596,41.5,48.3,4.2071,0.0,1.816,1.31,52 1 214 273 187 184 186 186
aspartic,4,leucine,2,3,1,4,15.224,17.388,-0.596,41.5,48.3,0.5758,0.0,1.092,1.05,52 1 217 270 186 184 199 196 186 184
aspartic,4,leucine,2,3,2,1,15.224,16.906,-0.596,34.3,68.6,11.3577,0.0,1.996,1.507,60 360 199 305
aspartic,4,leucine,2,3,2,2,15.224,16.906,-0.596,34.3,68.6,7.8312,0.0,1.988,0.868,59 360 145 73 180 180
aspartic,4,leucine,2,3,2,3,15.224,16.906,-0.596,34.3,68.6,4.152,0.0,2.006,0.681,60 360 210 292 174 177 175 175
aspartic,4,leucine,2,3,2,4,15.224,16.906,-0.596,34.3,68.6,0.5187,0.0,1.574,0.668,61 360 214 288 177 178 164 167 177 178
aspartic,4,leucine,2,3,13,1,15.224,16.686,-0.596,35.4,77.0,11.07,0.0,1.651,2.197,44 0 160 58
aspartic,4,leucine,2,3,13,2,15.224,16.686,-0.596,35.4,77.0,7.5468,0.0,1.657,1.632,45 360 215 285 180 180
aspartic,4,leucine,2,3,13,3,15.224,16.686,-0.596,35.4,77.0,3.8582,0.0,1.648,1.949,44 0 149 71 184 182 184 183
aspartic,4,leucine,2,3,13,4,15.224,16.686,-0.596,35.4,77.0,0.2308,0.0,1.552,2.21,44 0 144 75 181 180 190 189 181 180
aspartic,4,leucine,2,4,1,1,15.224,15.595,-0.596,113.8,45.5,8.3376,0.0,2.83,1.344,52 257 180 180
aspartic,4,leucine,2,4,1,2,15.224,15.595,-0.596,113.8,45.5,4.6492,0.0,2.276,0.824,338 103 179 180 179 179
aspartic,4,leucine,2,4,1,3,15.224,15.595,-0.596,113.8,45.5,1.0197,0.0,0.975,0.892,334 102 182 181 196 193 182 181
aspartic,4,leucine,2,4,1,4,15.224,15.595,-0.596,113.8,45.5,0.0,0.0,1.729,1.124,326 57 213 124 270 212 185 102 23 213
aspartic,4,leucine,2,4,2,1,15.224,14.916,-0.596,116.8,73.8,7.6589,0.0,2.279,1.117,343 107 182 181
aspartic,4,leucine,2,4,2,2,15.224,14.916,-0.596,116.8,73.8,3.968,0.0,2.83,0.675,57 251 184 182 184 184
aspartic,4,leucine,2,4,2,3,15.224,14.916,-0.596,116.8,73.8,0.3385,0.0,2.325,0.446,62 252 180 180 181 181 180 180
aspartic,4,leucine,2,4,2,4,15.224,14.916,-0.596,116.8,73.8,0.0,0.0,2.694,1.606,26 54 338 200 225 240 206 18 94 228
aspartic,4,leucine,2,4,13,1,15.224,14.934,-0.596,107.6,73.1,7.6814,0.0,2.277,1.176,342 92 178 179
aspartic,4,leucine,2,4,13,2,15.224,14.934,-0.596,107.6,73.1,4.0063,0.0,2.83,1.129,54 271 172 176 172 173
aspartic,4,leucine,2,4,13,3,15.224,14.934,-0.596,107.6,73.1,0.3633,0.0,2.295,0.717,58 270 176 177 161 164 176 177
aspartic,4,leucine,2,4,13,4,15.224,14.934,-0.596,107.6,73.1,0.0,0.0,1.366,0.716,344 20 320 221 250 248 198 21 75 229
aspartic,4,leucine,2,5,1,1,15.224,17.002,-0.596,59.2,40.1,10.1424,0.0,2.577,3.176,305 360 200 225
aspartic,4,leucine,2,5,1,2,15.224,17.002,-0.596,59.2,40.1,6.6443,0.0,2.563,0.723,305 359 142 124 176 178
aspartic,4,leucine,2,5,1,3,15.224,17.002,-0.596,59.2,40.1,2.922,0.0,2.364,0.883,306 359 213 237 174 177 174 174
aspartic,4,leucine,2,5,1,4,15.224,17.002,-0.596,59.2,40.1,0.4381,0.0,0.951,1.072,306 360 146 99 177 179 178 178 279 207
aspartic,4,leucine,2,5,2,1,15.224,16.222,-0.596,66.1,73.8,9.1314,0.0,2.686,3.134,301 359 167 161
aspartic,4,leucine,2,5,2,2,15.224,16.222,-0.596,66.1,73.8,5.5728,0.0,2.686,0.328,300 360 214 223 179 180
aspartic,4,leucine,2,5,2,3,15.224,16.222,-0.596,66.1,73.8,1.8645,0.0,2.686,0.337,301 359 152 143 173 176 175 175
aspartic,4,leucine,2,5,2,4,15.224,16.222,-0.596,66.1,73.8,0.0,0.0,1.713,0.684,329 2 132 10 344 143 194 156 139 180
aspartic,4,leucine,2,5,13,1,15.224,16.026,-0.596,65.9,81.1,8.9426,0.0,2.442,3.401,308 1 193 201
aspartic,4,leucine,2,5,13,2,15.224,16.026,-0.596,65.9,81.1,5.3864,0.0,2.425,0.359,309 0 146 137 180 180
aspartic,4,leucine,2,5,13,3,15.224,16.026,-0.596,65.9,81.1,1.6744,0.0,2.446,0.671,308 1 208 218 186 183 185 184
aspartic,4,leucine,2,5,13,4,15.224,16.026,-0.596,65.9,81.1,0.0,0.0,2.494,1.901,283 87 114 345 332 168 209 221 212 179
aspartic,4,serine,0,3,3,1,4.747,5.8,0.722,27.7,85.9,2.6349,0.0,1.833,1.895,52 2 176 1
aspartic,4,serine,0,3,3,2,4.747,5.8,0.722,27.7,85.9,0.0,0.0,3.006,1.051,110 315 208 358 177 10
aspartic,4,serine,0,3,3,3,4.747,5.8,0.722,27.7,85.9,0.0,0.0,2.187,0.695,44 294 309 77 69 283 220 103
aspartic,4,serine,0,3,3,4,4.747,5.8,0.722,27.7,85.9,0.0,0.0,1.599,0.433,24 344 308 53 79 267 242 94 121 206
aspartic,4,serine,0,3,4,1,4.747,6.256,0.722,32.0,69.3,2.2865,0.0,1.766,3.644,5 358 184 358
aspartic,4,serine,0,3,4,2,4.747,6.256,0.722,32.0,69.3,0.0,0.0,2.57,3.644,343 287 265 40 163 263
aspartic,4,serine,0,3,4,3,4.747,6.256,0.722,32.0,69.3,0.0,0.0,2.196,3.314,0 68 54 293 268 67 182 299
aspartic,4,serine,0,3,4,4,4.747,6.256,0.722,32.0,69.3,0.0,0.0,2.314,3.644,318 348 306 22 53 296 264 89 123 210
aspartic,4,serine,0,3,5,1,4.747,4.782,0.722,47.7,130.5,1.2951,0.0,1.716,3.388,28 315 238 0
aspartic,4,serine,0,3,5,2,4.747,4.782,0.722,47.7,130.5,0.0,0.0,1.718,3.644,337 286 282 338 245 335
aspartic,4,serine,0,3,5,3,4.747,4.782,0.722,47.7,130.5,0.0,0.0,1.859,3.644,291 316 304 59 86 314 249 115
aspartic,4,serine,0,3,5,4,4.747,4.782,0.722,47.7,130.5,0.0,0.0,2.228,3.644,324 351 322 32 43 296 278 69 126 240
aspartic,4,serine,0,4,3,1,4.747,4.027,0.722,98.0,106.3,0.6438,0.0,2.83,2.244,52 105 2 1
aspartic,4,serine,0,4,3,2,4.747,4.027,0.722,98.0,106.3,0.0485,0.0,2.504,0.918,307 256 22 40 109 14
aspartic,4,serine,0,4,3,3,4.747,4.027,0.722,98.0,106.3,0.0,0.0,2.83,0.892,272 343 335 70 86 297 239 115
aspartic,4,serine,0,4,3,4,4.747,4.027,0.722,98.0,106.3,0.0,0.0,2.83,0.694,56 42 324 8 219 255 315 35 155 335
aspartic,4,serine,0,4,4,1,4.747,5.301,0.722,71.3,58.8,0.6436,0.0,2.83,2.173,46 67 54 24
aspartic,4,serine,0,4,4,2,4.747,5.301,0.722,71.3,58.8,0.0,0.0,2.83,2.244,66 118 1 111 41 79
aspartic,4,serine,0,4,4,3,4.747,5.301,0.722,71.3,58.8,0.0,0.0,2.662,2.244,93 110 28 254 298 66 13 75
aspartic,4,serine,0,4,4,4,4.747,5.301,0.722,71.3,58.8,0.0,0.0,1.797,0.997,15 356 322 45 36 259 283 51 126 303
aspartic,4,serine,0,4,5,1,4.747,4.067,0.722,73.6,104.6,0.85,0.0,2.029,0.725,344 237 338 355
aspartic,4,serine,0,4,5,2,4.747,4.067,0.722,73.6,104.6,0.0,0.0,1.973,1.08,291 261 348 50 105 22
aspartic,4,serine,0,4,5,3,4.747,4.067,0.722,73.6,104.6,0.0,0.0,2.288,1.058,297 258 41 63 32 346 262 302
aspartic,4,serine,0,4,5,4,4.747,4.067,0.722,73.6,104.6,0.0,0.0,2.665,1.311,273 293 28 243 198 108 106 84 118 285
aspartic,4,serine,0,5,3,1,4.747,5.18,0.722,55.8,94.8,0.5499,0.0,2.686,2.817,303 302 257 358
aspartic,4,serine,0,5,3,2,4.747,5.18,0.722,55.8,94.8,0.0,0.0,2.461,3.154,321 141 346 335 255 45
aspartic,4,serine,0,5,3,3,4.747,5.18,0.722,55.8,94.8,0.0,0.0,1.806,3.216,1 65 13 279 279 74 169 282
aspartic,4,serine,0,5,3,4,4.747,5.18,0.722,55.8,94.8,0.0,0.0,0.919,3.115,3 355 27 318 300 80 103 279 242 143
aspartic,4,serine,0,5,4,1,4.747,5.437,0.722,66.4,85.2,0.0073,0.0,2.098,4.689,349 266 265 20
aspartic,4,serine,0,5,4,2,4.747,5.437,0.722,66.4,85.2,0.0,0.0,2.019,4.689,16 107 66 320 153 17
aspartic,4,serine,0,5,4,3,4.747,5.437,0.722,66.4,85.2,0.0,0.0,2.137,4.689,26 91 348 305 252 14 260 319
aspartic,4,serine,0,5,4,4,4.747,5.437,0.722,66.4,85.2,0.0,0.0,0.919,4.273,359 3 19 301 311 89 98 312 226 92
aspartic,4,serine,0,5,5,1,4.747,4.983,0.722,39.3,102.6,1.8576,0.0,1.218,4.689,337 39 125 3
aspartic,4,serine,0,5,5,2,4.747,4.983,0.722,39.3,102.6,0.0,0.0,1.748,4.689,17 94 72 325 181 50
aspartic,4,serine,0,5,5,3,4.747,4.983,0.722,39.3,102.6,0.0,0.0,2.11,4.689,64 54 59 296 282 44 104 246
aspartic,4,serine,0,5,5,4,4.747,4.983,0.722,39.3,102.6,0.0,0.0,1.536,0.768,287 50 65 279 287 92 99 308 253 121
aspartic,4,tryptophan,0,3,16,1,8.151,8.644,-0.094,118.3,32.8,1.3601,0.0,1.182,2.597,47 109 184 183
aspartic,4,tryptophan,0,3,16,2,8.151,8.644,-0.094,118.3,32.8,0.1333,0.0,0.282,3.513,22 155 133 161 356 183
aspartic,4,tryptophan,0,3,16,3,8.151,8.644,-0.094,118.3,32.8,0.0,0.0,1.834,3.644,167 193 198 317 294 206 348 152
aspartic,4,tryptophan,0,3,16,4,8.151,8.644,-0.094,118.3,32.8,0.0,0.0,3.006,3.644,190 168 188 139 133 236 229 124 138 197
aspartic,4,tryptophan,0,3,17,1,8.151,7.193,-0.094,103.8,92.0,0.0,0.0,2.134,2.084,46 82 203 216
aspartic,4,tryptophan,0,3,17,2,8.151,7.193,-0.094,103.8,92.0,0.0,0.0,3.006,2.304,134 78 46 337 88 114
aspartic,4,tryptophan,0,3,17,3,8.151,7.193,-0.094,103.8,92.0,0.0,0.0,2.789,3.317,162 217 291 63 76 291 188 83
aspartic,4,tryptophan,0,3,17,4,8.151,7.193,-0.094,103.8,92.0,0.0,0.0,3.006,1.035,93 26 143 29 328 128 81 232 323 298
aspartic,4,tryptophan,0,3,18,1,8.151,8.008,-0.094,110.8,61.6,0.7333,0.0,1.647,2.7,143 260 187 185
aspartic,4,tryptophan,0,3,18,2,8.151,8.008,-0.094,110.8,61.6,0.0,0.0,1.993,3.644,179 203 226 91 101 203
aspartic,4,tryptophan,0,3,18,3,8.151,8.008,-0.094,110.8,61.6,0.0,0.0,1.62,3.644,194 179 207 127 124 257 241 153
aspartic,4,tryptophan,0,3,18,4,8.151,8.008,-0.094,110.8,61.6,0.0,0.0,2.859,3.644,213 183 197 140 128 224 226 115 129 205
aspartic,4,tryptophan,0,4,16,1,8.151,8.868,-0.094,108.5,20.8,1.5814,0.0,2.378,0.832,310 266 182 182
aspartic,4,tryptophan,0,4,16,2,8.151,8.868,-0.094,108.5,20.8,0.4412,0.0,1.776,1.123,326 325 120 151 341 196
aspartic,4,tryptophan,0,4,16,3,8.151,8.868,-0.094,108.5,20.8,0.0068,0.0,0.698,1.727,254 20 231 253 61 146 16 45
aspartic,4,tryptophan,0,4,16,4,8.151,8.868,-0.094,108.5,20.8,0.0,0.0,2.83,2.244,214 153 195 186 260 200 319 214 5 71
aspartic,4,tryptophan,0,4,17,1,8.151,6.916,-0.094,115.7,104.9,0.1043,0.0,2.408,0.987,315 303 93 148
aspartic,4,tryptophan,0,4,17,2,8.151,6.916,-0.094,115.7,104.9,0.0,0.0,2.83,2.244,231 213 106 344 80 32
aspartic,4,tryptophan,0,4,17,3,8.151,6.916,-0.094,115.7,104.9,0.0,0.0,2.83,2.244,167 196 142 277 249 36 94 206
aspartic,4,tryptophan,0,4,17,4,8.151,6.916,-0.094,115.7,104.9,0.0,0.0,2.83,2.244,161 193 172 228 240 118 126 241 220 156
aspartic,4,tryptophan,0,4,18,1,8.151,7.794,-0.094,120.5,71.7,0.5056,0.0,2.038,1.8,220 115 178 179
aspartic,4,tryptophan,0,4,18,2,8.151,7.794,-0.094,120.5,71.7,0.0,0.0,1.658,2.244,179 163 114 319 255 137
aspartic,4,tryptophan,0,4,18,3,8.151,7.794,-0.094,120.5,71.7,0.0,0.0,2.83,2.244,161 223 90 281 277 355 77 240
aspartic,4,tryptophan,0,4,18,4,8.151,7.794,-0.094,120.5,71.7,0.0,0.0,2.83,2.244,175 206 176 224 234 102 110 244 225 157
aspartic,4,tryptophan,0,5,16,1,8.151,10.811,-0.094,26.5,26.2,6.0759,0.0,2.686,4.253,168 0 178 3
aspartic,4,tryptophan,0,5,16,2,8.151,10.811,-0.094,26.5,26.2,2.4662,0.0,0.917,3.944,169 360 200 326 174 176
aspartic,4,tryptophan,0,5,16,3,8.151,10.811,-0.094,26.5,26.2,0.4124,0.0,0.941,4.689,125 3 212 293 205 193 79 144
aspartic,4,tryptophan,0,5,16,4,8.151,10.811,-0.094,26.5,26.2,0.0,0.0,1.943,4.689,121 302 215 115 155 211 219 147 113 155
aspartic,4,tryptophan,0,5,17,1,8.151,9.101,-0.094,22.0,99.0,5.0434,0.0,2.686,3.672,193 359 182 358
aspartic,4,tryptophan,0,5,17,2,8.151,9.101,-0.094,22.0,99.0,1.1852,0.0,2.595,2.832,192 360 181 359 177 176
aspartic,4,tryptophan,0,5,17,3,8.151,9.101,-0.094,22.0,99.0,0.0,0.0,2.686,2.455,229 45 166 301 156 97 143 177
aspartic,4,tryptophan,0,5,17,4,8.151,9.101,-0.094,22.0,99.0,0.0,0.0,2.686,3.657,275 37 71 292 260 120 140 217 206 171
aspartic,4,tryptophan,0,5,18,1,8.151,9.862,-0.094,36.0,70.5,4.4983,0.0,2.686,3.944,185 360 190 336
aspartic,4,tryptophan,0,5,18,2,8.151,9.862,-0.094,36.0,70.5,0.9542,0.0,1.617,4.17,183 1 150 53 189 186
aspartic,4,tryptophan,0,5,18,3,8.151,9.862,-0.094,36.0,70.5,0.0,0.0,2.344,4.308,218 75 101 260 223 138 167 198
aspartic,4,tryptophan,0,5,18,4,8.151,9.862,-0.094,36.0,70.5,0.0,0.0,2.686,3.526,281 43 77 278 252 131 144 206 200 176
aspartic,4,aspartic,12,3,3,1,11.05,13.347,0.159,10.2,55.6,9.8082,0.0,3.006,1.598,116 360 180 360
aspartic,4,aspartic,12,3,3,2,11.05,13.347,0.159,10.2,55.6,6.0968,0.0,3.006,1.449,113 0 179 2 194 200
aspartic,4,aspartic,12,3,3,3,11.05,13.347,0.159,10.2,55.6,2.5046,0.0,2.891,0.975,115 360 180 360 145 137 180 180
aspartic,4,aspartic,12,3,3,4,11.05,13.347,0.159,10.2,55.6,0.0,0.0,3.006,3.644,177 333 208 36 158 217 191 168 155 160
aspartic,4,aspartic,12,3,4,1,11.05,13.012,0.159,9.9,69.0,9.5322,0.0,1.761,2.026,50 0 180 0
aspartic,4,aspartic,12,3,4,2,11.05,13.012,0.159,9.9,69.0,5.8134,0.0,1.818,1.589,53 360 181 359 165 156
aspartic,4,aspartic,12,3,4,3,11.05,13.012,0.159,9.9,69.0,2.2294,0.0,1.773,1.323,51 360 180 360 216 225 180 180
aspartic,4,aspartic,12,3,4,4,11.05,13.012,0.159,9.9,69.0,0.0,0.0,2.345,1.795,19 306 229 73 146 227 199 178 178 175
aspartic,4,aspartic,12,3,5,1,11.05,11.048,0.159,11.0,167.2,7.7089,0.0,2.97,0.683,93 360 180 360
aspartic,4,aspartic,12,3,5,2,11.05,11.048,0.159,11.0,167.2,4.0194,0.0,2.945,0.598,92 360 181 359 201 222
aspartic,4,aspartic,12,3,5,3,11.05,11.048,0.159,11.0,167.2,0.5568,0.0,2.882,0.629,91 359 186 354 144 138 152 164
aspartic,4,aspartic,12,3,5,4,11.05,11.048,0.159,11.0,167.2,0.0,0.0,2.077,1.324,68 306 274 72 101 230 210 155 166 188
aspartic,4,aspartic,12,4,3,1,11.05,11.175,0.159,112.5,56.5,3.9018,0.0,2.622,1.727,21 100 181 181
aspartic,4,aspartic,12,4,3,2,11.05,11.175,0.159,112.5,56.5,0.4662,0.0,2.719,1.837,27 117 149 151 229 211
aspartic,4,aspartic,12,4,3,3,11.05,11.175,0.159,112.5,56.5,0.0,0.0,2.83,2.244,139 199 204 130 137 219 201 161
aspartic,4,aspartic,12,4,3,4,11.05,11.175,0.159,112.5,56.5,0.0,0.0,2.767,2.244,159 187 194 137 137 219 211 136 148 193
aspartic,4,aspartic,12,4,4,1,11.05,11.04,0.159,104.1,62.0,3.7778,0.0,2.83,2.244,87 273 184 182
aspartic,4,aspartic,12,4,4,2,11.05,11.04,0.159,104.1,62.0,0.2984,0.0,2.83,2.244,82 296 166 170 227 210
aspartic,4,aspartic,12,4,4,3,11.05,11.04,0.159,104.1,62.0,0.0,0.0,2.83,2.244,100 269 232 23 67 246 224 156
aspartic,4,aspartic,12,4,4,4,11.05,11.04,0.159,104.1,62.0,0.0,0.0,2.83,2.244,141 223 219 126 122 207 206 89 93 192
aspartic,4,aspartic,12,4,5,1,11.05,8.909,0.159,110.4,167.6,1.7646,0.0,2.568,1.662,17 97 178 179
aspartic,4,aspartic,12,4,5,2,11.05,8.909,0.159,110.4,167.6,0.0,0.0,2.268,0.702,13 199 105 216 254 234
aspartic,4,aspartic,12,4,5,3,11.05,8.909,0.159,110.4,167.6,0.0,0.0,2.83,2.244,150 194 204 121 126 241 226 164
aspartic,4,aspartic,12,4,5,4,11.05,8.909,0.159,110.4,167.6,0.0,0.0,2.299,2.244,185 183 202 117 110 240 220 139 171 206
aspartic,4,aspartic,12,5,3,1,11.05,11.617,0.159,94.8,61.6,4.3833,0.0,2.427,4.458,323 293 173 176
aspartic,4,aspartic,12,5,3,2,11.05,11.617,0.159,94.8,61.6,0.6725,0.0,2.496,4.363,319 296 164 171 167 168
aspartic,4,aspartic,12,5,3,3,11.05,11.617,0.159,94.8,61.6,0.0,0.0,2.686,4.661,226 148 152 221 213 142 153 191
aspartic,4,aspartic,12,5,3,4,11.05,11.617,0.159,94.8,61.6,0.0,0.0,2.686,4.689,204 167 160 225 223 130 140 211 195 165
aspartic,4,aspartic,12,5,4,1,11.05,11.406,0.159,90.0,69.8,4.1426,0.0,2.686,4.429,271 58 183 182
aspartic,4,aspartic,12,5,4,2,11.05,11.406,0.159,90.0,69.8,0.4281,0.0,2.686,2.992,277 52 188 184 186 186
aspartic,4,aspartic,12,5,4,3,11.05,11.406,0.159,90.0,69.8,0.0,0.0,2.686,4.639,274 145 153 201 192 105 108 183
aspartic,4,aspartic,12,5,4,4,11.05,11.406,0.159,90.0,69.8,0.0,0.0,2.686,4.204,251 173 167 219 212 97 113 223 207 166
aspartic,4,aspartic,12,5,5,1,11.05,9.459,0.159,88.8,170.9,2.3069,0.0,2.473,3.935,321 306 178 179
aspartic,4,aspartic,12,5,5,2,11.05,9.459,0.159,88.8,170.9,0.0094,0.0,2.154,2.815,343 304 187 184 300 207
aspartic,4,aspartic,12,5,5,3,11.05,9.459,0.159,88.8,170.9,0.0,0.0,2.686,4.689,217 154 148 229 225 121 135 199
aspartic,4,aspartic,12,5,5,4,11.05,9.459,0.159,88.8,170.9,0.0,0.0,2.686,4.681,192 168 155 232 235 124 138 222 200 160
glutamic,4,tyrosine,3,5,8,1,8.141,8.483,-0.839,137.7,6.6,1.419,0.0,1.782,2.967,331 194 224 202
glutamic,4,tyrosine,3,5,8,2,8.141,8.483,-0.839,137.7,6.6,0.6487,0.0,2.297,4.556,1 162 252 209 355 186
glutamic,4,tyrosine,3,5,8,3,8.141,8.483,-0.839,137.7,6.6,0.0288,0.0,2.703,4.888,27 187 186 184 40 162 1 169
glutamic,4,tyrosine,3,5,8,4,8.141,8.483,-0.839,137.7,6.6,0.0,0.0,2.703,4.888,172 198 181 216 228 131 135 246 230 160
glutamic,4,tyrosine,3,5,9,1,8.141,6.45,-0.839,145.1,103.4,0.0,0.0,1.803,2.711,346 252 144 274
glutamic,4,tyrosine,3,5,9,2,8.141,6.45,-0.839,145.1,103.4,0.0,0.0,2.461,4.464,223 214 140 341 123 28
glutamic,4,tyrosine,3,5,9,3,8.141,6.45,-0.839,145.1,103.4,0.0,0.0,2.703,4.888,180 214 158 230 267 82 113 228
glutamic,4,tyrosine,3,5,9,4,8.141,6.45,-0.839,145.1,103.4,0.0,0.0,1.77,2.539,298 105 143 326 336 86 88 299 249 118
glutamic,4,tyrosine,3,5,10,1,8.141,6.827,-0.839,124.5,88.8,0.0,0.0,1.719,1.446,257 84 252 243
glutamic,4,tyrosine,3,5,10,2,8.141,6.827,-0.839,124.5,88.8,0.0,0.0,2.123,0.831,251 254 357 3 295 282
glutamic,4,tyrosine,3,5,10,3,8.141,6.827,-0.839,124.5,88.8,0.0,0.0,1.636,0.806,208 153 99 264 301 91 145 271
glutamic,4,tyrosine,3,5,10,4,8.141,6.827,-0.839,124.5,88.8,0.0,0.0,1.674,0.889,256 76 131 342 348 94 87 277 217 98
glutamic,4,tyrosine,3,6,8,1,8.141,10.95,-0.839,30.9,4.8,5.8649,0.0,3.937,5.426,230 360 181 358
glutamic,4,tyrosine,3,6,8,2,8.141,10.95,-0.839,30.9,4.8,2.3664,0.0,1.699,4.598,229 1 153 47 193 189
glutamic,4,tyrosine,3,6,8,3,8.141,10.95,-0.839,30.9,4.8,0.4793,0.0,3.198,5.844,233 3 220 255 204 194 46 155
glutamic,4,tyrosine,3,6,8,4,8.141,10.95,-0.839,30.9,4.8,0.0,0.0,3.666,5.986,242 332 263 270 126 115 146 116 37 99
glutamic,4,tyrosine,3,6,9,1,8.141,8.936,-0.839,36.3,104.1,3.6659,0.0,3.937,5.615,241 360 188 343
glutamic,4,tyrosine,3,6,9,2,8.141,8.936,-0.839,36.3,104.1,0.0694,0.0,2.431,4.703,240 0 152 50 184 183
glutamic,4,tyrosine,3,6,9,3,8.141,8.936,-0.839,36.3,104.1,0.0,0.0,2.442,4.781,284 41 80 296 260 121 144 197
glutamic,4,tyrosine,3,6,9,4,8.141,8.936,-0.839,36.3,104.1,0.0,0.0,2.365,3.591,4 236 290 288 251 74 87 196 186 169
glutamic,4,tyrosine,3,6,10,1,8.141,9.205,-0.839,21.1,93.6,5.2385,0.0,3.937,5.489,234 360 181 359
glutamic,4,tyrosine,3,6,10,2,8.141,9.205,-0.839,21.1,93.6,1.3845,0.0,2.244,3.726,237 359 184 355 171 169
glutamic,4,tyrosine,3,6,10,3,8.141,9.205,-0.839,21.1,93.6,0.0,0.0,1.81,1.52,165 41 149 4 166 8 301 155
glutamic,4,tyrosine,3,6,10,4,8.141,9.205,-0.839,21.1,93.6,0.0,0.0,3.629,3.178,332 37 74 296 264 106 127 205 194 171
glutamic,4,tyrosine,3,7,8,1,8.141,9.649,-0.839,86.2,7.3,2.432,0.0,1.174,1.829,115 313 175 177
glutamic,4,tyrosine,3,7,8,2,8.141,9.649,-0.839,86.2,7.3,0.7965,0.0,2.121,0.241,39 102 165 171 318 202
glutamic,4,tyrosine,3,7,8,3,8.141,9.649,-0.839,86.2,7.3,0.1489,0.0,2.171,0.405,34 127 169 173 290 210 358 187
glutamic,4,tyrosine,3,7,8,4,8.141,9.649,-0.839,86.2,7.3,0.0,0.0,1.3,4.16,170 203 207 152 146 217 220 110 114 194
glutamic,4,tyrosine,3,7,9,1,8.141,8.027,-0.839,74.3,88.6,0.837,0.0,1.24,2.477,110 342 160 160
glutamic,4,tyrosine,3,7,9,2,8.141,8.027,-0.839,74.3,88.6,0.0,0.0,1.412,3.622,136 230 296 12 52 130
glutamic,4,tyrosine,3,7,9,3,8.141,8.027,-0.839,74.3,88.6,0.0,0.0,1.801,4.961,183 222 238 105 111 242 217 152
glutamic,4,tyrosine,3,7,9,4,8.141,8.027,-0.839,74.3,88.6,0.0,0.0,1.983,2.552,112 327 323 22 35 284 253 59 98 221
glutamic,4,tyrosine,3,7,10,1,8.141,7.73,-0.839,86.8,99.9,0.5099,0.0,1.972,1.332,111 293 206 195
glutamic,4,tyrosine,3,7,10,2,8.141,7.73,-0.839,86.8,99.9,0.0,0.0,2.798,0.706,112 175 262 109 181 316
glutamic,4,tyrosine,3,7,10,3,8.141,7.73,-0.839,86.8,99.9,0.0,0.0,2.287,1.224,158 185 223 110 111 307 279 149
glutamic,4,tyrosine,3,7,10,4,8.141,7.73,-0.839,86.8,99.9,0.0,0.0,2.303,0.904,174 185 199 130 126 246 236 125 146 203
glutamic,4,phenylalanine,2,5,12,1,12.199,11.293,0.616,67.2,150.0,4.2493,0.0,1.48,1.547,280 0 163 148
glutamic,4,phenylalanine,2,5,12,2,12.199,11.293,0.616,67.2,150.0,0.7703,0.0,1.517,1.604,277 5 215 220 202 193
glutamic,4,phenylalanine,2,5,12,3,12.199,11.293,0.616,67.2,150.0,0.0,0.0,2.468,2.452,211 101 155 328 211 174 250 268
glutamic,4,phenylalanine,2,5,12,4,12.199,11.293,0.616,67.2,150.0,0.0,0.0,2.703,4.888,192 34 216 236 283 198 91 161 267 186
glutamic,4,phenylalanine,2,5,13,1,12.199,13.637,0.616,64.8,46.9,6.6059,0.0,1.348,1.447,284 360 195 211
glutamic,4,phenylalanine,2,5,13,2,12.199,13.637,0.616,64.8,46.9,3.0974,0.0,1.287,1.408,286 358 143 133 170 174
glutamic,4,phenylalanine,2,5,13,3,12.199,13.637,0.616,64.8,46.9,0.421,0.0,1.164,1.371,288 360 220 261 176 178 275 213
glutamic,4,phenylalanine,2,5,13,4,12.199,13.637,0.616,64.8,46.9,0.0,0.0,1.166,1.306,274 32 178 62 68 263 147 281 290 180
glutamic,4,phenylalanine,2,5,14,1,12.199,13.254,0.616,73.6,63.3,6.0539,0.0,1.522,1.52,284 350 171 173
glutamic,4,phenylalanine,2,5,14,2,12.199,13.254,0.616,73.6,63.3,2.3749,0.0,1.601,1.662,277 360 206 207 180 180
glutamic,4,phenylalanine,2,5,14,3,12.199,13.254,0.616,73.6,63.3,0.0,0.0,2.174,0.957,243 87 171 209 192 158 135 155
glutamic,4,phenylalanine,2,5,14,4,12.199,13.254,0.616,73.6,63.3,0.0,0.0,2.703,2.006,210 143 147 222 215 148 157 210 201 171
glutamic,4,phenylalanine,2,6,12,1,12.199,11.99,0.616,36.1,160.0,6.5459,0.0,3.937,6.468,93 360 198 314
glutamic,4,phenylalanine,2,6,12,2,12.199,11.99,0.616,36.1,160.0,3.0515,0.0,3.937,5.939,92 0 150 64 182 181
glutamic,4,phenylalanine,2,6,12,3,12.199,11.99,0.616,36.1,160.0,0.2399,0.0,3.243,5.078,80 358 151 57 163 171 102 144
glutamic,4,phenylalanine,2,6,12,4,12.199,11.99,0.616,36.1,160.0,0.0,0.0,3.467,6.709,19 342 235 103 106 197 213 169 120 148
glutamic,4,phenylalanine,2,6,13,1,12.199,14.224,0.616,38.4,56.4,8.4974,0.0,3.937,6.733,86 360 159 63
glutamic,4,phenylalanine,2,6,13,2,12.199,14.224,0.616,38.4,56.4,4.9956,0.0,3.937,6.588,87 359 215 285 174 176
glutamic,4,phenylalanine,2,6,13,3,12.199,14.224,0.616,38.4,56.4,1.2444,0.0,3.898,6.322,86 0 210 287 183 181 182 182
glutamic,4,phenylalanine,2,6,13,4,12.199,14.224,0.616,38.4,56.4,0.0,0.0,3.665,6.885,41 314 247 108 98 189 177 166 161 178
glutamic,4,phenylalanine,2,6,14,1,12.199,14.141,0.616,34.4,59.8,8.665,0.0,3.937,6.338,102 360 197 313
glutamic,4,phenylalanine,2,6,14,2,12.199,14.141,0.616,34.4,59.8,5.1409,0.0,3.937,5.97,101 0 147 67 183 182
glutamic,4,phenylalanine,2,6,14,3,12.199,14.141,0.616,34.4,59.8,1.4402,0.0,3.376,4.81,103 359 152 65 167 174 170 171
glutamic,4,phenylalanine,2,6,14,4,12.199,14.141,0.616,34.4,59.8,0.0,0.0,3.57,3.916,105 307 261 60 92 196 186 153 147 176
glutamic,4,phenylalanine,2,7,12,1,12.199,9.646,0.616,135.5,160.0,2.4554,0.0,2.076,3.153,56 218 179 179
glutamic,4,phenylalanine,2,7,12,2,12.199,9.646,0.616,135.5,160.0,0.0,0.0,2.139,1.699,88 257 181 227 233 168
glutamic,4,phenylalanine,2,7,12,3,12.199,9.646,0.616,135.5,160.0,0.0,0.0,2.633,3.2,138 184 205 110 119 234 194 145
glutamic,4,phenylalanine,2,7,12,4,12.199,9.646,0.616,135.5,160.0,0.0,0.0,1.049,4.518,354 322 285 346 13 264 224 42 79 213
glutamic,4,phenylalanine,2,7,13,1,12.199,11.953,0.616,133.8,52.8,4.6911,0.0,2.072,3.301,53 222 182 181
glutamic,4,phenylalanine,2,7,13,2,12.199,11.953,0.616,133.8,52.8,0.966,0.0,2.087,3.634,45 217 179 180 179 179
glutamic,4,phenylalanine,2,7,13,3,12.199,11.953,0.616,133.8,52.8,0.0,0.0,2.08,3.562,47 220 230 315 100 250 239 198
glutamic,4,phenylalanine,2,7,13,4,12.199,11.953,0.616,133.8,52.8,0.0,0.0,2.563,4.532,5 224 187 224 176 222 294 282 26 292
glutamic,4,phenylalanine,2,7,14,1,12.199,11.724,0.616,138.3,62.3,4.4547,0.0,2.544,3.935,7 147 180 180
glutamic,4,phenylalanine,2,7,14,2,12.199,11.724,0.616,138.3,62.3,0.7448,0.0,2.389,3.801,17 155 187 183 184 184
glutamic,4,phenylalanine,2,7,14,3,12.199,11.724,0.616,138.3,62.3,0.0,0.0,2.933,2.971,118 187 182 137 143 218 210 171
glutamic,4,phenylalanine,2,7,14,4,12.199,11.724,0.616,138.3,62.3,0.0,0.0,1.988,0.939,154 210 210 98 97 210 195 127 148 203
glutamic,4,arginine,3,5,16,1,13.487,12.668,-0.008,94.2,105.6,5.4109,0.0,1.866,1.808,290 292 181 181
glutamic,4,arginine,3,5,16,2,13.487,12.668,-0.008,94.2,105.6,1.7301,0.0,2.665,2.538,228 63 191 186 190 189
glutamic,4,arginine,3,5,16,3,13.487,12.668,-0.008,94.2,105.6,0.0,0.0,2.703,3.613,205 144 147 211 204 151 160 190
glutamic,4,arginine,3,5,16,4,13.487,12.668,-0.008,94.2,105.6,0.0,0.0,2.703,4.888,173 150 142 225 224 160 171 234 223 168
glutamic,4,arginine,3,5,17,1,13.487,13.57,-0.008,96.3,71.4,6.3073,0.0,2.48,2.065,232 72 180 180
glutamic,4,arginine,3,5,17,2,13.487,13.57,-0.008,96.3,71.4,2.6025,0.0,1.784,1.447,296 293 175 177 175 176
glutamic,4,arginine,3,5,17,3,13.487,13.57,-0.008,96.3,71.4,0.0,0.0,2.598,0.371,239 114 166 223 206 219 231 190
glutamic,4,arginine,3,5,17,4,13.487,13.57,-0.008,96.3,71.4,0.0,0.0,2.498,0.517,257 159 159 199 187 93 109 217 203 167
glutamic,4,arginine,3,5,18,1,13.487,14.499,-0.008,101.0,27.6,7.2559,0.0,1.806,1.666,294 280 178 179
glutamic,4,arginine,3,5,18,2,13.487,14.499,-0.008,101.0,27.6,3.5547,0.0,2.703,2.442,226 78 179 179 179 179
glutamic,4,arginine,3,5,18,3,13.487,14.499,-0.008,101.0,27.6,0.6992,0.0,1.959,2.403,284 265 198 189 194 193 255 208
glutamic,4,arginine,3,5,18,4,13.487,14.499,-0.008,101.0,27.6,0.0,0.0,2.703,4.352,201 138 150 189 190 176 168 250 267 184
glutamic,4,arginine,3,6,16,1,13.487,13.988,-0.008,40.8,114.4,8.1319,0.0,3.937,5.939,145 360 158 70
glutamic,4,arginine,3,6,16,2,13.487,13.988,-0.008,40.8,114.4,4.6272,0.0,3.937,5.594,146 360 216 281 175 177
glutamic,4,arginine,3,6,16,3,13.487,13.988,-0.008,40.8,114.4,0.8908,0.0,3.937,4.603,146 360 147 78 176 178 176 176
glutamic,4,arginine,3,6,16,4,13.487,13.988,-0.008,40.8,114.4,0.0,0.0,3.937,4.185,92 325 257 72 119 217 216 216 195 166
glutamic,4,arginine,3,6,17,1,13.487,15.092,-0.008,32.1,71.8,9.7418,0.0,3.937,5.598,143 0 164 42
glutamic,4,arginine,3,6,17,2,13.487,15.092,-0.008,32.1,71.8,6.1977,0.0,3.937,4.935,143 0 212 295 180 180
glutamic,4,arginine,3,6,17,3,13.487,15.092,-0.008,32.1,71.8,2.4987,0.0,3.937,3.68,142 0 153 59 188 184 186 186
glutamic,4,arginine,3,6,17,4,13.487,15.092,-0.008,32.1,71.8,0.0,0.0,3.937,2.178,102 12 144 48 235 226 180 171 158 166
glutamic,4,arginine,3,6,18,1,13.487,16.029,-0.008,38.7,27.4,10.2366,0.0,3.937,5.901,152 0 202 291
glutamic,4,arginine,3,6,18,2,13.487,16.029,-0.008,38.7,27.4,6.7349,0.0,3.937,5.524,152 0 144 79 184 182
glutamic,4,arginine,3,6,18,3,13.487,16.029,-0.008,38.7,27.4,3.0075,0.0,3.937,4.525,152 0 212 282 184 182 184 183
glutamic,4,arginine,3,6,18,4,13.487,16.029,-0.008,38.7,27.4,0.3607,0.0,3.479,5.584,159 360 146 101 177 178 178 178 90 152
glutamic,4,arginine,3,7,16,1,13.487,11.606,-0.008,143.6,114.7,4.3507,0.0,2.155,2.676,70 162 181 181
glutamic,4,arginine,3,7,16,2,13.487,11.606,-0.008,143.6,114.7,0.762,0.0,2.705,3.173,105 196 208 200 198 194
glutamic,4,arginine,3,7,16,3,13.487,11.606,-0.008,143.6,114.7,0.0,0.0,2.933,4.961,162 170 195 152 135 219 203 152
glutamic,4,arginine,3,7,16,4,13.487,11.606,-0.008,143.6,114.7,0.0,0.0,2.933,4.961,180 171 192 162 148 207 208 102 108 195
glutamic,4,arginine,3,7,17,1,13.487,12.677,-0.008,136.1,73.2,5.4218,0.0,2.757,2.792,107 217 183 182
glutamic,4,arginine,3,7,17,2,13.487,12.677,-0.008,136.1,73.2,1.6906,0.0,2.073,2.521,54 150 181 181 181 181
glutamic,4,arginine,3,7,17,3,13.487,12.677,-0.008,136.1,73.2,0.0,0.0,2.546,2.08,97 152 223 77 238 177 107 210
glutamic,4,arginine,3,7,17,4,13.487,12.677,-0.008,136.1,73.2,0.0,0.0,2.933,1.807,126 235 97 8 292 299 263 217 69 75
glutamic,4,arginine,3,7,18,1,13.487,13.695,-0.008,137.9,24.8,6.4502,0.0,2.095,2.48,62 147 179 179
glutamic,4,arginine,3,7,18,2,13.487,13.695,-0.008,137.9,24.8,2.7438,0.0,2.861,3.212,112 207 186 183 185 184
glutamic,4,arginine,3,7,18,3,13.487,13.695,-0.008,137.9,24.8,0.5106,0.0,2.515,3.411,95 157 180 180 180 180 290 205
glutamic,4,arginine,3,7,18,4,13.487,13.695,-0.008,137.9,24.8,0.0,0.0,2.933,4.961,168 188 195 161 153 190 195 110 104 185
glutamic,4,lysine,3,5,13,1,18.678,19.736,0.31,103.3,18.8,12.4808,0.0,1.63,0.44,322 276 180 180
glutamic,4,lysine,3,5,13,2,18.678,19.736,0.31,103.3,18.8,8.8045,0.0,1.873,0.257,251 83 179 180 179 179
glutamic,4,lysine,3,5,13,3,18.678,19.736,0.31,103.3,18.8,5.2145,0.0,1.636,0.465,321 276 178 179 170 171 178 179
glutamic,4,lysine,3,5,13,4,18.678,19.736,0.31,103.3,18.8,1.4819,0.0,1.676,0.288,319 277 179 180 179 179 178 179 179 179
glutamic,4,lysine,3,5,14,1,18.678,18.101,0.31,103.8,94.9,10.8398,0.0,1.858,0.289,253 85 181 181
glutamic,4,lysine,3,5,14,2,18.678,18.101,0.31,103.8,94.9,7.1563,0.0,1.57,0.278,323 277 180 180 180 180
glutamic,4,lysine,3,5,14,3,18.678,18.101,0.31,103.8,94.9,3.5444,0.0,1.856,0.29,253 85 181 181 190 188 181 181
glutamic,4,lysine,3,5,14,4,18.678,18.101,0.31,103.8,94.9,0.0,0.0,2.077,0.924,256 107 164 199 189 202 200 191 195 184
glutamic,4,lysine,3,5,15,1,18.678,17.395,0.31,104.6,124.0,10.1407,0.0,1.701,0.651,320 273 179 179
glutamic,4,lysine,3,5,15,2,18.678,17.395,0.31,104.6,124.0,6.4627,0.0,1.97,0.431,249 85 179 179 179 179
glutamic,4,lysine,3,5,15,3,18.678,17.395,0.31,104.6,124.0,2.8612,0.0,1.699,0.158,320 274 177 178 167 169 177 178
glutamic,4,lysine,3,5,15,4,18.678,17.395,0.31,104.6,124.0,0.0,0.0,2.703,0.428,236 144 155 207 196 162 170 175 170 178
glutamic,4,lysine,3,6,13,1,18.678,21.606,0.31,16.4,17.1,17.1413,0.0,3.937,5.364,147 360 180 360
glutamic,4,lysine,3,6,13,2,18.678,21.606,0.31,16.4,17.1,13.5988,0.0,3.937,3.992,147 0 159 37 181 180
glutamic,4,lysine,3,6,13,3,18.678,21.606,0.31,16.4,17.1,9.9122,0.0,3.937,2.215,147 360 192 337 180 180 180 180
glutamic,4,lysine,3,6,13,4,18.678,21.606,0.31,16.4,17.1,6.3439,0.0,3.937,0.951,146 0 160 35 184 182 194 192 184 182
glutamic,4,lysine,3,6,14,1,18.678,20.023,0.31,11.2,92.5,16.0428,0.0,3.937,5.348,148 360 180 360
glutamic,4,lysine,3,6,14,2,18.678,20.023,0.31,11.2,92.5,12.3784,0.0,3.937,3.531,148 0 174 10 180 180
glutamic,4,lysine,3,6,14,3,18.678,20.023,0.31,11.2,92.5,8.7895,0.0,3.937,1.975,150 360 182 358 163 166 176 177
glutamic,4,lysine,3,6,14,4,18.678,20.023,0.31,11.2,92.5,5.0899,0.0,3.937,0.228,148 0 173 12 180 180 181 181 180 180
glutamic,4,lysine,3,6,15,1,18.678,19.293,0.31,18.0,122.1,14.7691,0.0,3.937,5.295,153 360 180 359
glutamic,4,lysine,3,6,15,2,18.678,19.293,0.31,18.0,122.1,11.2292,0.0,3.937,3.924,153 0 158 38 181 181
glutamic,4,lysine,3,6,15,3,18.678,19.293,0.31,18.0,122.1,7.544,0.0,3.937,1.863,153 360 193 335 179 179 179 179
glutamic,4,lysine,3,6,15,4,18.678,19.293,0.31,18.0,122.1,3.974,0.0,3.937,1.002,151 0 160 35 186 183 196 193 186 184
glutamic,4,lysine,3,7,13,1,18.678,19.323,0.31,120.5,17.8,12.0663,0.0,2.251,1.822,27 114 180 180
glutamic,4,lysine,3,7,13,2,18.678,19.323,0.31,120.5,17.8,8.3945,0.0,2.477,1.379,100 245 181 181 181 181
glutamic,4,lysine,3,7,13,3,18.678,19.323,0.31,120.5,17.8,4.7956,0.0,2.247,0.627,27 114 181 180 186 185 181 180
glutamic,4,lysine,3,7,13,4,18.678,19.323,0.31,120.5,17.8,1.215,0.0,2.197,0.547,31 118 180 180 174 175 180 180 200 196
glutamic,4,lysine,3,7,14,1,18.678,17.828,0.31,114.9,89.2,10.575,0.0,2.303,1.301,102 255 182 181
glutamic,4,lysine,3,7,14,2,18.678,17.828,0.31,114.9,89.2,6.901,0.0,2.171,0.778,28 104 185 183 185 184
glutamic,4,lysine,3,7,14,3,18.678,17.828,0.31,114.9,89.2,3.2801,0.0,2.304,0.613,102 255 184 182 196 194 184 183
glutamic,4,lysine,3,7,14,4,18.678,17.828,0.31,114.9,89.2,0.0,0.0,2.716,0.785,105 222 201 158 174 195 188 199 204 182
glutamic,4,lysine,3,7,15,1,18.678,17.019,0.31,120.5,121.8,9.7605,0.0,2.21,1.708,30 114 180 180
glutamic,4,lysine,3,7,15,2,18.678,17.019,0.31,120.5,121.8,6.0863,0.0,2.516,1.375,103 245 181 181 181 181
glutamic,4,lysine,3,7,15,3,18.678,17.019,0.31,120.5,121.8,2.4697,0.0,2.214,0.408,30 114 180 180 181 181 180 180
glutamic,4,lysine,3,7,15,4,18.678,17.019,0.31,120.5,121.8,0.0,0.0,2.766,1.17,124 199 191 154 161 202 195 176 182 184
glutamic,4,aspartic,4,5,3,1,4.857,3.984,-0.777,54.6,151.8,1.5233,0.0,1.284,0.957,281 82 77 0
glutamic,4,aspartic,4,5,3,2,4.857,3.984,-0.777,54.6,151.8,0.0,0.0,1.671,3.471,218 229 351 19 171 342
glutamic,4,aspartic,4,5,3,3,4.857,3.984,-0.777,54.6,151.8,0.0,0.0,1.534,4.209,42 118 43 322 213 357 182 250
glutamic,4,aspartic,4,5,3,4,4.857,3.984,-0.777,54.6,151.8,0.0,0.0,1.614,2.86,14 358 24 285 268 73 115 316 260 147
glutamic,4,aspartic,4,5,4,1,4.857,5.601,-0.777,74.1,73.9,0.0,0.0,1.49,1.354,302 82 46 65
glutamic,4,aspartic,4,5,4,2,4.857,5.601,-0.777,74.1,73.9,0.0,0.0,2.051,2.729,349 103 49 291 192 69
glutamic,4,aspartic,4,5,4,3,4.857,5.601,-0.777,74.1,73.9,0.0,0.0,2.273,0.552,10 82 4 279 244 59 227 303
glutamic,4,aspartic,4,5,4,4,4.857,5.601,-0.777,74.1,73.9,0.0,0.0,1.32,0.549,347 353 12 299 304 91 99 296 250 132
glutamic,4,aspartic,4,5,5,1,4.857,6.404,-0.777,51.9,42.8,1.3122,0.0,0.613,2.053,304 36 112 21
glutamic,4,aspartic,4,5,5,2,4.857,6.404,-0.777,51.9,42.8,0.2996,0.0,1.037,4.091,342 28 107 63 67 80
glutamic,4,aspartic,4,5,5,3,4.857,6.404,-0.777,51.9,42.8,0.0,0.0,1.218,4.863,20 42 94 291 258 48 66 197
glutamic,4,aspartic,4,5,5,4,4.857,6.404,-0.777,51.9,42.8,0.0,0.0,2.573,4.076,18 15 58 323 311 60 75 261 231 139
glutamic,4,aspartic,4,6,3,1,4.857,4.633,-0.777,26.8,175.7,2.794,0.0,3.482,6.155,93 0 180 0
glutamic,4,aspartic,4,6,3,2,4.857,4.633,-0.777,26.8,175.7,0.0,0.0,2.963,5.095,104 252 295 328 229 340
glutamic,4,aspartic,4,6,3,3,4.857,4.633,-0.777,26.8,175.7,0.0,0.0,0.78,3.32,306 221 337 1 161 20 180 135
glutamic,4,aspartic,4,6,3,4,4.857,4.633,-0.777,26.8,175.7,0.0,0.0,3.199,4.806,10 324 329 81 108 281 205 67 128 198
glutamic,4,aspartic,4,6,4,1,4.857,6.839,-0.777,16.1,57.7,4.1454,0.0,3.84,6.317,82 360 180 360
glutamic,4,aspartic,4,6,4,2,4.857,6.839,-0.777,16.1,57.7,0.8455,0.0,2.426,4.306,44 354 192 355 215 298
glutamic,4,aspartic,4,6,4,3,4.857,6.839,-0.777,16.1,57.7,0.0,0.0,1.405,3.022,354 324 255 40 105 316 285 166
glutamic,4,aspartic,4,6,4,4,4.857,6.839,-0.777,16.1,57.7,0.0,0.0,2.273,3.015,340 333 292 41 74 285 255 121 144 201
glutamic,4,aspartic,4,6,5,1,4.857,6.734,-0.777,37.1,61.8,1.8962,0.0,3.937,6.414,76 360 181 359
glutamic,4,aspartic,4,6,5,2,4.857,6.734,-0.777,37.1,61.8,0.0,0.0,2.839,5.898,81 283 275 45 117 255
glutamic,4,aspartic,4,6,5,3,4.857,6.734,-0.777,37.1,61.8,0.0,0.0,2.95,5.902,19 316 303 67 90 268 221 136
glutamic,4,aspartic,4,6,5,4,4.857,6.734,-0.777,37.1,61.8,0.0,0.0,2.317,5.851,31 346 311 59 84 256 233 101 125 204
glutamic,4,aspartic,4,7,3,1,4.857,2.383,-0.777,115.4,162.7,2.4928,0.0,2.849,4.91,343 293 357 358
glutamic,4,aspartic,4,7,3,2,4.857,2.383,-0.777,115.4,162.7,1.5204,0.0,2.933,4.879,295 297 359 343 203 360
glutamic,4,aspartic,4,7,3,3,4.857,2.383,-0.777,115.4,162.7,0.0,0.0,1.951,2.095,191 62 16 14 157 348 170 26
glutamic,4,aspartic,4,7,3,4,4.857,2.383,-0.777,115.4,162.7,0.0,0.0,2.582,3.513,241 39 14 90 64 297 283 6 107 272
glutamic,4,aspartic,4,7,4,1,4.857,4.719,-0.777,107.7,48.2,0.8056,0.0,2.214,1.023,79 52 16 20
glutamic,4,aspartic,4,7,4,2,4.857,4.719,-0.777,107.7,48.2,0.0,0.0,2.444,0.572,91 60 26 179 346 15
glutamic,4,aspartic,4,7,4,3,4.857,4.719,-0.777,107.7,48.2,0.0,0.0,2.289,0.702,100 142 1 131 323 336 270 342
glutamic,4,aspartic,4,7,4,4,4.857,4.719,-0.777,107.7,48.2,0.0,0.0,2.758,2.83,342 329 343 91 345 266 343 100 70 356
glutamic,4,aspartic,4,7,5,1,4.857,4.665,-0.777,120.0,50.3,0.5696,0.0,2.933,4.961,335 296 359 359
glutamic,4,aspartic,4,7,5,2,4.857,4.665,-0.777,120.0,50.3,0.0,0.0,2.857,4.961,305 345 327 96 45 24
glutamic,4,aspartic,4,7,5,3,4.857,4.665,-0.777,120.0,50.3,0.0,0.0,1.698,4.961,196 118 244 326 204 358 237 261
glutamic,4,aspartic,4,7,5,4,4.857,4.665,-0.777,120.0,50.3,0.0,0.0,0.985,4.309,128 97 287 285 263 269 335 126 17 225
glutamic,4,isoleucine,2,5,4,1,8.13,7.361,-0.48,82.2,129.3,0.4491,0.0,0.915,1.287,283 26 228 217
glutamic,4,isoleucine,2,5,4,2,8.13,7.361,-0.48,82.2,129.3,0.0,0.0,2.421,3.163,7 30 89 270 245 156
glutamic,4,isoleucine,2,5,4,3,8.13,7.361,-0.48,82.2,129.3,0.0,0.0,2.703,3.343,33 356 58 316 289 52 55 181
glutamic,4,isoleucine,2,5,4,4,8.13,7.361,-0.48,82.2,129.3,0.0,0.0,0.969,1.707,325 305 2 8 352 102 91 280 248 114
glutamic,4,isoleucine,2,5,5,1,8.13,9.747,-0.48,78.4,27.1,2.5506,0.0,0.479,1.967,324 332 166 170
glutamic,4,isoleucine,2,5,5,2,8.13,9.747,-0.48,78.4,27.1,0.4623,0.0,1.536,0.487,261 75 187 185 301 206
glutamic,4,isoleucine,2,5,5,3,8.13,9.747,-0.48,78.4,27.1,0.0,0.0,1.015,0.299,333 294 164 284 23 171 333 113
glutamic,4,isoleucine,2,5,5,4,8.13,9.747,-0.48,78.4,27.1,0.0001,0.0,1.568,1.111,306 306 351 356 341 114 128 278 248 142
glutamic,4,isoleucine,2,5,6,1,8.13,8.711,-0.48,70.7,73.8,1.4711,0.0,0.414,2.483,318 0 187 193
glutamic,4,isoleucine,2,5,6,2,8.13,8.711,-0.48,70.7,73.8,0.0,0.0,1.833,4.368,15 310 152 121 83 197
glutamic,4,isoleucine,2,5,6,3,8.13,8.711,-0.48,70.7,73.8,0.0,0.0,2.047,3.68,20 339 73 350 289 45 63 143
glutamic,4,isoleucine,2,5,6,4,8.13,8.711,-0.48,70.7,73.8,0.0,0.0,2.278,2.753,245 36 149 332 224 120 126 253 285 144
glutamic,4,isoleucine,2,6,4,1,8.13,8.797,-0.48,13.0,114.8,5.71,0.0,2.829,6.862,35 0 180 0
glutamic,4,isoleucine,2,6,4,2,8.13,8.797,-0.48,13.0,114.8,1.9014,0.0,1.994,4.663,35 0 179 1 157 113
glutamic,4,isoleucine,2,6,4,3,8.13,8.797,-0.48,13.0,114.8,0.0,0.0,2.003,1.627,118 314 217 31 179 256 194 162
glutamic,4,isoleucine,2,6,4,4,8.13,8.797,-0.48,13.0,114.8,0.0,0.0,2.654,0.827,144 284 252 86 138 234 195 120 131 180
glutamic,4,isoleucine,2,6,5,1,8.13,10.995,-0.48,18.7,16.8,6.9063,0.0,3.328,6.748,48 360 180 360
glutamic,4,isoleucine,2,6,5,2,8.13,10.995,-0.48,18.7,16.8,3.2723,0.0,3.104,5.074,49 1 177 4 195 196
glutamic,4,isoleucine,2,6,5,3,8.13,10.995,-0.48,18.7,16.8,0.7865,0.0,0.769,3.424,92 0 158 38 180 180 266 214
glutamic,4,isoleucine,2,6,5,4,8.13,10.995,-0.48,18.7,16.8,0.0,0.0,1.437,2.293,129 3 155 54 174 200 223 189 45 164
glutamic,4,isoleucine,2,6,6,1,8.13,9.663,-0.48,27.2,80.9,4.9776,0.0,2.609,6.885,27 0 179 1
glutamic,4,isoleucine,2,6,6,2,8.13,9.663,-0.48,27.2,80.9,1.4007,0.0,2.383,5.673,33 359 198 334 163 168
glutamic,4,isoleucine,2,6,6,3,8.13,9.663,-0.48,27.2,80.9,0.0,0.0,2.92,5.562,337 334 245 51 135 230 218 193
glutamic,4,isoleucine,2,6,6,4,8.13,9.663,-0.48,27.2,80.9,0.0,0.0,3.518,5.718,22 329 292 47 78 253 227 134 152 194
glutamic,4,isoleucine,2,7,4,1,8.13,6.98,-0.48,96.5,112.6,0.0,0.0,2.145,1.686,69 242 252 170
glutamic,4,isoleucine,2,7,4,2,8.13,6.98,-0.48,96.5,112.6,0.0,0.0,1.582,1.671,3 205 69 27 26 79
glutamic,4,isoleucine,2,7,4,3,8.13,6.98,-0.48,96.5,112.6,0.0,0.0,2.724,0.738,349 298 28 355 136 2 84 20
glutamic,4,isoleucine,2,7,4,4,8.13,6.98,-0.48,96.5,112.6,0.0,0.0,1.746,0.712,81 13 323 333 351 283 261 54 86 235
glutamic,4,isoleucine,2,7,5,1,8.13,9.073,-0.48,104.0,23.8,1.7883,0.0,2.021,2.929,355 87 177 178
glutamic,4,isoleucine,2,7,5,2,8.13,9.073,-0.48,104.0,23.8,0.3634,0.0,2.004,1.351,98 245 193 187 17 170
glutamic,4,isoleucine,2,7,5,3,8.13,9.073,-0.48,104.0,23.8,0.0,0.0,1.21,2.517,115 203 186 133 129 248 262 174
glutamic,4,isoleucine,2,7,5,4,8.13,9.073,-0.48,104.0,23.8,0.0,0.0,0.883,0.73,52 345 302 6 33 259 235 79 113 216
glutamic,4,isoleucine,2,7,6,1,8.13,8.12,-0.48,92.6,68.7,0.8391,0.0,1.927,3.815,350 63 188 185
glutamic,4,isoleucine,2,7,6,2,8.13,8.12,-0.48,92.6,68.7,0.0,0.0,2.784,4.961,313 57 194 104 111 231
glutamic,4,isoleucine,2,7,6,3,8.13,8.12,-0.48,92.6,68.7,0.0,0.0,1.308,1.354,87 335 166 82 39 17 111 230
glutamic,4,isoleucine,2,7,6,4,8.13,8.12,-0.48,92.6,68.7,0.0,0.0,1.087,1.346,58 324 270 11 48 281 256 53 98 224
glutamic,4,leucine,2,5,1,1,19.064,19.343,-0.003,109.3,58.9,12.0867,0.0,1.689,1.312,311 265 179 179
glutamic,4,leucine,2,5,1,2,19.064,19.343,-0.003,109.3,58.9,8.4055,0.0,2.385,0.48,238 94 177 178 177 177
glutamic,4,leucine,2,5,1,3,19.064,19.343,-0.003,109.3,58.9,4.8029,0.0,1.69,0.379,311 266 177 178 165 167 177 178
glutamic,4,leucine,2,5,1,4,19.064,19.343,-0.003,109.3,58.9,1.088,0.0,0.755,0.559,308 266 179 180 179 179 179 179 179 179
glutamic,4,leucine,2,5,2,1,19.064,19.19,-0.003,104.5,65.1,11.9255,0.0,2.247,1.132,241 87 180 180
glutamic,4,leucine,2,5,2,2,19.064,19.19,-0.003,104.5,65.1,8.2451,0.0,1.688,0.648,312 275 178 179 179 179
glutamic,4,leucine,2,5,2,3,19.064,19.19,-0.003,104.5,65.1,4.633,0.0,2.255,0.475,240 87 180 180 180 180 180 180
glutamic,4,leucine,2,5,2,4,19.064,19.19,-0.003,104.5,65.1,0.9674,0.0,1.846,0.46,243 87 171 175 168 169 165 170 173 175
glutamic,4,leucine,2,5,13,1,19.064,19.06,-0.003,102.1,70.2,11.797,0.0,1.697,1.188,308 277 181 180
glutamic,4,leucine,2,5,13,2,19.064,19.06,-0.003,102.1,70.2,8.1255,0.0,2.276,0.998,239 79 184 182 183 183
glutamic,4,leucine,2,5,13,3,19.064,19.06,-0.003,102.1,70.2,4.5044,0.0,1.697,0.731,308 277 181 181 189 188 181 181
glutamic,4,leucine,2,5,13,4,19.064,19.06,-0.003,102.1,70.2,0.8134,0.0,1.387,1.222,305 280 176 178 174 174 172 175 177 177
glutamic,4,leucine,2,6,1,1,19.064,21.253,-0.003,26.9,55.9,16.0706,0.0,3.937,5.351,163 360 192 328
glutamic,4,leucine,2,6,1,2,19.064,21.253,-0.003,26.9,55.9,12.5674,0.0,3.937,4.616,162 0 148 62 181 181
glutamic,4,leucine,2,6,1,3,19.064,21.253,-0.003,26.9,55.9,8.8793,0.0,3.937,2.48,163 360 207 303 180 180 180 180
glutamic,4,leucine,2,6,1,4,19.064,21.253,-0.003,26.9,55.9,5.2838,0.0,3.57,2.559,162 0 149 61 183 182 193 191 183 182
glutamic,4,leucine,2,6,2,1,19.064,21.042,-0.003,21.8,64.7,16.2113,0.0,3.937,5.309,152 0 178 4
glutamic,4,leucine,2,6,2,2,19.064,21.042,-0.003,21.8,64.7,12.6824,0.0,3.937,4.212,152 0 207 309 180 180
glutamic,4,leucine,2,6,2,3,19.064,21.042,-0.003,21.8,64.7,9.0285,0.0,3.937,2.266,151 0 159 42 185 183 184 184
glutamic,4,leucine,2,6,2,4,19.064,21.042,-0.003,21.8,64.7,5.3956,0.0,3.788,2.199,152 0 207 309 181 180 187 186 181 180
glutamic,4,leucine,2,6,13,1,19.064,20.77,-0.003,28.4,75.3,15.4998,0.0,3.937,5.493,149 0 166 38
glutamic,4,leucine,2,6,13,2,19.064,20.77,-0.003,28.4,75.3,12.0005,0.0,3.937,4.807,149 360 213 295 178 179
glutamic,4,leucine,2,6,13,3,19.064,20.77,-0.003,28.4,75.3,8.3089,0.0,3.937,3.178,149 360 152 60 179 180 179 179
glutamic,4,leucine,2,6,13,4,19.064,20.77,-0.003,28.4,75.3,4.7182,0.0,3.696,3.194,150 360 212 296 176 178 165 167 176 177
glutamic,4,leucine,2,7,1,1,19.064,18.981,-0.003,125.1,53.5,11.7197,0.0,2.1,2.064,43 122 179 180
glutamic,4,leucine,2,7,1,2,19.064,18.981,-0.003,125.1,53.5,8.0363,0.0,2.842,1.764,113 236 180 180 180 180
glutamic,4,leucine,2,7,1,3,19.064,18.981,-0.003,125.1,53.5,4.4272,0.0,2.099,1.489,43 122 179 179 170 172 179 179
glutamic,4,leucine,2,7,1,4,19.064,18.981,-0.003,125.1,53.5,0.7311,0.0,0.933,1.738,46 123 177 178 175 176 175 177 177 178
glutamic,4,leucine,2,7,2,1,19.064,18.723,-0.003,124.4,64.3,11.4626,0.0,2.723,1.969,110 239 181 181
glutamic,4,leucine,2,7,2,2,19.064,18.723,-0.003,124.4,64.3,7.7778,0.0,2.127,1.812,38 122 181 180 181 181
glutamic,4,leucine,2,7,2,3,19.064,18.723,-0.003,124.4,64.3,4.1675,0.0,2.724,0.924,110 239 182 181 191 189 182 181
glutamic,4,leucine,2,7,2,4,19.064,18.723,-0.003,124.4,64.3,0.4758,0.0,1.989,0.632,106 238 184 182 186 185 186 184 183 183
glutamic,4,leucine,2,7,13,1,19.064,18.393,-0.003,131.3,77.1,11.1349,0.0,2.823,2.567,111 227 179 179
glutamic,4,leucine,2,7,13,2,19.064,18.393,-0.003,131.3,77.1,7.4846,0.0,2.085,2.387,46 137 173 176 174 174
glutamic,4,leucine,2,7,13,3,19.064,18.393,-0.003,131.3,77.1,3.8395,0.0,2.813,2.098,110 227 178 179 166 168 178 178
glutamic,4,leucine,2,7,13,4,19.064,18.393,-0.003,131.3,77.1,0.1504,0.0,1.862,2.154,107 225 175 177 171 172 173 175 175 176
glutamic,4,serine,0,5,3,1,8.81,8.793,-0.521,86.3,84.6,1.5065,0.0,1.919,1.605,249 54 178 179
glutamic,4,serine,0,5,3,2,8.81,8.793,-0.521,86.3,84.6,0.0,0.0,2.287,0.65,267 170 78 218 190 89
glutamic,4,serine,0,5,3,3,8.81,8.793,-0.521,86.3,84.6,0.0,0.0,2.703,0.858,219 175 137 238 239 52 79 212
glutamic,4,serine,0,5,3,4,8.81,8.793,-0.521,86.3,84.6,0.0,0.0,2.703,0.896,197 176 163 231 233 105 115 229 208 157
glutamic,4,serine,0,5,4,1,8.81,9.527,-0.521,78.0,56.8,2.2389,0.0,2.228,2.668,248 30 179 180
glutamic,4,serine,0,5,4,2,8.81,9.527,-0.521,78.0,56.8,0.1299,0.0,2.703,3.799,235 4 222 263 24 167
glutamic,4,serine,0,5,4,3,8.81,9.527,-0.521,78.0,56.8,0.0,0.0,2.703,4.28,196 89 118 300 281 120 127 201
glutamic,4,serine,0,5,4,4,8.81,9.527,-0.521,78.0,56.8,0.0,0.0,2.703,4.888,178 142 136 224 223 144 151 258 251 166
glutamic,4,serine,0,5,5,1,8.81,7.401,-0.521,86.6,152.2,0.2944,0.0,1.816,1.477,291 322 151 165
glutamic,4,serine,0,5,5,2,8.81,7.401,-0.521,86.6,152.2,0.0,0.0,2.674,0.885,249 144 88 131 301 36
glutamic,4,serine,0,5,5,3,8.81,7.401,-0.521,86.6,152.2,0.0,0.0,2.703,3.25,178 163 141 237 242 101 118 208
glutamic,4,serine,0,5,5,4,8.81,7.401,-0.521,86.6,152.2,0.0,0.0,2.703,3.267,146 167 138 237 248 122 142 237 203 153
glutamic,4,serine,0,6,3,1,8.81,10.214,-0.521,23.1,81.0,5.8792,0.0,3.937,5.705,122 0 177 4
glutamic,4,serine,0,6,3,2,8.81,10.214,-0.521,23.1,81.0,2.1063,0.0,3.937,4.103,124 360 168 20 179 180
glutamic,4,serine,0,6,3,3,8.81,10.214,-0.521,23.1,81.0,0.0,0.0,3.937,2.827,91 327 229 22 140 239 55 147
glutamic,4,serine,0,6,3,4,8.81,10.214,-0.521,23.1,81.0,0.0,0.0,2.117,0.995,6 28 126 48 172 242 271 160 149 168
glutamic,4,serine,0,6,4,1,8.81,10.511,-0.521,36.8,69.9,5.0505,0.0,3.937,5.843,121 0 166 36
glutamic,4,serine,0,6,4,2,8.81,10.511,-0.521,36.8,69.9,1.5072,0.0,3.937,5.292,123 359 211 301 172 175
glutamic,4,serine,0,6,4,3,8.81,10.511,-0.521,36.8,69.9,0.0,0.0,3.937,5.697,83 311 238 97 135 210 213 190
glutamic,4,serine,0,6,4,4,8.81,10.511,-0.521,36.8,69.9,0.0,0.0,3.937,5.399,31 107 57 108 142 266 254 203 207 181
glutamic,4,serine,0,6,5,1,8.81,8.705,-0.521,33.0,152.5,3.7848,0.0,3.937,5.47,139 359 186 351
glutamic,4,serine,0,6,5,2,8.81,8.705,-0.521,33.0,152.5,0.2391,0.0,3.937,4.294,127 1 165 30 197 189
glutamic,4,serine,0,6,5,3,8.81,8.705,-0.521,33.0,152.5,0.0,0.0,3.937,4.82,84 303 250 98 131 230 226 181
glutamic,4,serine,0,6,5,4,8.81,8.705,-0.521,33.0,152.5,0.0,0.0,3.619,3.352,35 328 300 53 87 280 247 150 175 196
glutamic,4,serine,0,7,3,1,8.81,7.811,-0.521,127.5,77.6,0.5432,0.0,2.357,2.51,19 130 168 172
glutamic,4,serine,0,7,3,2,8.81,7.811,-0.521,127.5,77.6,0.0,0.0,2.478,0.746,93 88 350 59 356 140
glutamic,4,serine,0,7,3,3,8.81,7.811,-0.521,127.5,77.6,0.0,0.0,2.933,1.109,136 220 256 84 50 267 218 88
glutamic,4,serine,0,7,3,4,8.81,7.811,-0.521,127.5,77.6,0.0,0.0,2.933,0.804,176 215 218 116 101 231 230 78 96 210
glutamic,4,serine,0,7,4,1,8.81,8.029,-0.521,145.5,69.5,0.8045,0.0,2.176,3.386,33 167 160 162
glutamic,4,serine,0,7,4,2,8.81,8.029,-0.521,145.5,69.5,0.0,0.0,2.251,4.021,27 293 70 218 237 132
glutamic,4,serine,0,7,4,3,8.81,8.029,-0.521,145.5,69.5,0.0,0.0,2.933,4.961,156 153 190 139 112 268 252 147
glutamic,4,serine,0,7,4,4,8.81,8.029,-0.521,145.5,69.5,0.0,0.0,2.933,4.961,195 162 182 153 123 222 226 99 119 210
glutamic,4,serine,0,7,5,1,8.81,6.269,-0.521,137.5,149.8,0.0,0.0,1.686,1.634,79 279 39 117
glutamic,4,serine,0,7,5,2,8.81,6.269,-0.521,137.5,149.8,0.0,0.0,2.351,0.17,86 35 21 106 349 357
glutamic,4,serine,0,7,5,3,8.81,6.269,-0.521,137.5,149.8,0.0,0.0,2.933,4.422,193 145 222 136 96 269 221 120
glutamic,4,serine,0,7,5,4,8.81,6.269,-0.521,137.5,149.8,0.0,0.0,2.933,3.913,189 136 222 181 108 259 227 36 119 228
glutamic,4,tryptophan,0,5,16,1,6.346,5.755,0.007,169.5,49.6,1.1738,0.0,0.626,4.888,40 135 250 348
glutamic,4,tryptophan,0,5,16,2,6.346,5.755,0.007,169.5,49.6,0.0,0.0,0.532,4.888,143 147 221 283 286 4
glutamic,4,tryptophan,0,5,16,3,6.346,5.755,0.007,169.5,49.6,0.0,0.0,0.967,4.888,124 254 162 46 40 333 242 51
glutamic,4,tryptophan,0,5,16,4,6.346,5.755,0.007,169.5,49.6,0.0,0.0,0.65,4.888,192 15 58 196 341 312 171 213 331 127
glutamic,4,tryptophan,0,5,17,1,6.346,5.407,0.007,151.3,62.9,0.1968,0.0,1.428,1.318,304 273 52 38
glutamic,4,tryptophan,0,5,17,2,6.346,5.407,0.007,151.3,62.9,0.0,0.0,0.571,3.857,207 230 79 306 280 318
glutamic,4,tryptophan,0,5,17,3,6.346,5.407,0.007,151.3,62.9,0.0,0.0,1.379,3.845,250 254 129 164 300 76 120 304
glutamic,4,tryptophan,0,5,17,4,6.346,5.407,0.007,151.3,62.9,0.0,0.0,1.428,2.562,300 87 201 317 360 95 86 296 184 63
glutamic,4,tryptophan,0,5,18,1,6.346,5.728,0.007,145.0,50.7,0.3759,0.0,1.321,4.041,340 64 321 297
glutamic,4,tryptophan,0,5,18,2,6.346,5.728,0.007,145.0,50.7,0.0,0.0,0.698,4.888,46 61 352 88 23 85
glutamic,4,tryptophan,0,5,18,3,6.346,5.728,0.007,145.0,50.7,0.0,0.0,1.004,4.03,356 24 34 129 344 201 337 356
glutamic,4,tryptophan,0,5,18,4,6.346,5.728,0.007,145.0,50.7,0.0,0.0,1.234,1.659,344 21 86 38 355 94 109 290 244 133
glutamic,4,tryptophan,0,6,16,1,6.346,7.968,0.007,57.6,57.7,1.381,0.0,1.538,6.712,247 359 157 91
glutamic,4,tryptophan,0,6,16,2,6.346,7.968,0.007,57.6,57.7,0.0,0.0,1.831,6.648,267 47 83 299 303 137
glutamic,4,tryptophan,0,6,16,3,6.346,7.968,0.007,57.6,57.7,0.0,0.0,1.252,6.697,189 51 137 181 76 205 312 282
glutamic,4,tryptophan,0,6,16,4,6.346,7.968,0.007,57.6,57.7,0.0,0.0,2.828,6.885,339 43 42 263 259 125 161 246 203 162
glutamic,4,tryptophan,0,6,17,1,6.346,7.881,0.007,40.4,61.1,2.4219,0.0,0.722,5.581,238 1 171 18
glutamic,4,tryptophan,0,6,17,2,6.346,7.881,0.007,40.4,61.1,0.0635,0.0,0.702,4.053,201 354 204 329 270 226
glutamic,4,tryptophan,0,6,17,3,6.346,7.881,0.007,40.4,61.1,0.0,0.0,1.253,4.078,221 57 69 316 284 85 132 236
glutamic,4,tryptophan,0,6,17,4,6.346,7.881,0.007,40.4,61.1,0.0,0.0,1.38,2.194,15 52 125 310 191 91 148 208 233 207
glutamic,4,tryptophan,0,6,18,1,6.346,7.995,0.007,46.8,56.7,2.0438,0.0,1.339,6.151,264 360 196 315
glutamic,4,tryptophan,0,6,18,2,6.346,7.995,0.007,46.8,56.7,0.0,0.0,1.608,6.459,303 26 135 288 230 162
glutamic,4,tryptophan,0,6,18,3,6.346,7.995,0.007,46.8,56.7,0.0,0.0,2.098,6.779,346 15 108 285 237 124 110 149
glutamic,4,tryptophan,0,6,18,4,6.346,7.995,0.007,46.8,56.7,0.0,0.0,2.642,5.118,331 276 300 209 277 163 47 231 230 161
glutamic,4,tryptophan,0,7,16,1,6.346,7.958,0.007,58.1,46.9,1.3543,0.0,1.01,3.3,112 360 161 92
glutamic,4,tryptophan,0,7,16,2,6.346,7.958,0.007,58.1,46.9,0.0,0.0,0.715,4.961,175 312 163 72 94 127
glutamic,4,tryptophan,0,7,16,3,6.346,7.958,0.007,58.1,46.9,0.0,0.0,1.286,4.961,174 315 227 208 284 113 19 108
glutamic,4,tryptophan,0,7,16,4,6.346,7.958,0.007,58.1,46.9,0.0,0.0,0.878,0.93,68 341 315 77 82 231 244 87 97 213
glutamic,4,tryptophan,0,7,17,1,6.346,7.135,0.007,70.9,78.9,0.0139,0.0,1.763,2.772,99 17 174 222
glutamic,4,tryptophan,0,7,17,2,6.346,7.135,0.007,70.9,78.9,0.0,0.0,0.786,0.468,50 7 281 359 84 22
glutamic,4,tryptophan,0,7,17,3,6.346,7.135,0.007,70.9,78.9,0.0,0.0,2.772,4.46,180 203 236 126 113 255 234 147
glutamic,4,tryptophan,0,7,17,4,6.346,7.135,0.007,70.9,78.9,0.0,0.0,1.72,1.872,96 341 344 30 43 270 259 58 120 248
glutamic,4,tryptophan,0,7,18,1,6.346,7.83,0.007,53.8,52.4,1.4849,0.0,1.915,2.066,92 0 197 289
glutamic,4,tryptophan,0,7,18,2,6.346,7.83,0.007,53.8,52.4,0.0,0.0,1.21,2.537,43 340 237 337 251 186
glutamic,4,tryptophan,0,7,18,3,6.346,7.83,0.007,53.8,52.4,0.0,0.0,1.492,2.075,14 66 143 57 175 146 330 328
glutamic,4,tryptophan,0,7,18,4,6.346,7.83,0.007,53.8,52.4,0.0,0.0,1.804,1.206,1 354 312 48 72 271 252 135 154 200
glutamic,4,aspartic,12,5,3,1,15.74,16.683,-0.202,82.1,53.2,9.4238,0.0,1.274,1.094,269 41 181 180
glutamic,4,aspartic,12,5,3,2,15.74,16.683,-0.202,82.1,53.2,5.7702,0.0,0.979,1.14,309 330 172 176 174 174
glutamic,4,aspartic,12,5,3,3,15.74,16.683,-0.202,82.1,53.2,2.1068,0.0,1.287,1.095,268 42 179 180 167 169 179 180
glutamic,4,aspartic,12,5,3,4,15.74,16.683,-0.202,82.1,53.2,0.0,0.0,0.708,1.917,313 26 107 177 149 175 194 219 249 208
glutamic,4,aspartic,12,5,4,1,15.74,16.386,-0.202,82.7,65.5,9.1264,0.0,1.28,1.089,307 318 179 179
glutamic,4,aspartic,12,5,4,2,15.74,16.386,-0.202,82.7,65.5,5.4619,0.0,1.491,1.594,266 33 187 184 186 185
glutamic,4,aspartic,12,5,4,3,15.74,16.386,-0.202,82.7,65.5,1.8097,0.0,1.284,1.064,308 317 181 181 194 192 181 181
glutamic,4,aspartic,12,5,4,4,15.74,16.386,-0.202,82.7,65.5,0.0,0.0,2.703,1.617,231 112 155 243 225 199 207 221 225 185
glutamic,4,aspartic,12,5,5,1,15.74,14.359,-0.202,82.8,161.1,7.1213,0.0,1.388,1.269,266 42 180 180
glutamic,4,aspartic,12,5,5,2,15.74,14.359,-0.202,82.8,161.1,3.5362,0.0,1.105,1.094,308 325 173 176 171 172
glutamic,4,aspartic,12,5,5,3,15.74,14.359,-0.202,82.8,161.1,0.2089,0.0,1.378,0.888,310 307 184 182 183 183 231 204
glutamic,4,aspartic,12,5,5,4,15.74,14.359,-0.202,82.8,161.1,0.0,0.0,2.362,0.764,224 145 152 220 212 150 159 202 194 172
glutamic,4,aspartic,12,6,3,1,15.74,17.951,-0.202,22.1,56.4,13.1623,0.0,3.937,6.269,86 0 178 4
glutamic,4,aspartic,12,6,3,2,15.74,17.951,-0.202,22.1,56.4,9.6398,0.0,3.937,5.363,87 360 206 314 178 179
glutamic,4,aspartic,12,6,3,3,15.74,17.951,-0.202,22.1,56.4,5.9529,0.0,3.937,4.155,85 0 161 38 183 182 182 182
glutamic,4,aspartic,12,6,3,4,15.74,17.951,-0.202,22.1,56.4,2.3174,0.0,3.937,3.788,86 360 206 313 179 179 168 170 179 179
glutamic,4,aspartic,12,6,4,1,15.74,17.625,-0.202,26.0,69.5,12.5725,0.0,3.937,6.027,103 360 185 347
glutamic,4,aspartic,12,6,4,2,15.74,17.625,-0.202,26.0,69.5,9.0828,0.0,3.937,5.483,102 0 151 55 183 182
glutamic,4,aspartic,12,6,4,3,15.74,17.625,-0.202,26.0,69.5,5.375,0.0,3.937,4.543,103 0 204 310 182 181 181 181
glutamic,4,aspartic,12,6,4,4,15.74,17.625,-0.202,26.0,69.5,1.7563,0.0,3.937,3.253,102 0 152 54 185 183 199 195 185 183
glutamic,4,aspartic,12,6,5,1,15.74,15.657,-0.202,21.9,166.8,10.9733,0.0,3.937,6.136,94 0 179 1
glutamic,4,aspartic,12,6,5,2,15.74,15.657,-0.202,21.9,166.8,7.4299,0.0,3.937,5.048,95 360 203 319 180 180
glutamic,4,aspartic,12,6,5,3,15.74,15.657,-0.202,21.9,166.8,3.824,0.0,3.937,3.724,94 0 162 33 186 183 187 186
glutamic,4,aspartic,12,6,5,4,15.74,15.657,-0.202,21.9,166.8,0.3894,0.0,3.885,2.837,104 0 199 320 184 182 182 182 167 172
glutamic,4,aspartic,12,7,3,1,15.74,15.671,-0.202,122.4,53.5,8.4159,0.0,2.246,2.177,78 242 181 181
glutamic,4,aspartic,12,7,3,2,15.74,15.671,-0.202,122.4,53.5,4.7241,0.0,2.535,2.683,6 118 182 181 182 182
glutamic,4,aspartic,12,7,3,3,15.74,15.671,-0.202,122.4,53.5,1.0991,0.0,2.58,2.874,1 118 177 178 162 165 177 178
glutamic,4,aspartic,12,7,3,4,15.74,15.671,-0.202,122.4,53.5,0.0,0.0,2.171,2.68,71 202 200 104 206 224 99 198 258 205
glutamic,4,aspartic,12,7,4,1,15.74,15.226,-0.202,130.6,71.5,7.9761,0.0,2.526,3.212,9 131 183 182
glutamic,4,aspartic,12,7,4,2,15.74,15.226,-0.202,130.6,71.5,4.3392,0.0,2.211,2.467,75 223 193 188 191 190
glutamic,4,aspartic,12,7,4,3,15.74,15.226,-0.202,130.6,71.5,0.6633,0.0,2.26,1.995,79 226 187 184 202 197 186 184
glutamic,4,aspartic,12,7,4,4,15.74,15.226,-0.202,130.6,71.5,0.0,0.0,2.933,1.073,134 196 187 129 134 191 183 156 162 187
glutamic,4,aspartic,12,7,5,1,15.74,13.335,-0.202,124.1,164.0,6.1083,0.0,2.277,2.149,80 239 181 181
glutamic,4,aspartic,12,7,5,2,15.74,13.335,-0.202,124.1,164.0,2.5023,0.0,2.532,2.685,8 121 182 181 183 182
glutamic,4,aspartic,12,7,5,3,15.74,13.335,-0.202,124.1,164.0,0.0,0.0,2.446,1.566,91 204 181 165 167 211 223 191
glutamic,4,aspartic,12,7,5,4,15.74,13.335,-0.202,124.1,164.0,0.0,0.0,2.933,1.423,143 189 187 131 134 214 204 155 167 192
isoleucine,2,tyrosine,3,4,8,1,8.192,7.604,0.873,158.6,49.0,0.7872,0.0,3.086,1.776,103 179 203 257
isoleucine,2,tyrosine,3,4,8,2,8.192,7.604,0.873,158.6,49.0,0.0,0.0,2.816,0.681,67 87 249 183 61 252
isoleucine,2,tyrosine,3,4,8,3,8.192,7.604,0.873,158.6,49.0,0.0,0.0,3.086,2.336,129 101 212 189 81 281 249 97
isoleucine,2,tyrosine,3,4,8,4,8.192,7.604,0.873,158.6,49.0,0.0,0.0,3.086,2.631,188 138 172 177 131 240 248 83 106 217
isoleucine,2,tyrosine,3,4,9,1,8.192,7.246,0.873,177.5,63.3,1.6338,0.0,3.086,1.835,107 181 175 9
isoleucine,2,tyrosine,3,4,9,2,8.192,7.246,0.873,177.5,63.3,0.0,0.0,2.841,2.631,272 233 119 276 309 247
isoleucine,2,tyrosine,3,4,9,3,8.192,7.246,0.873,177.5,63.3,0.0,0.0,1.788,2.631,231 163 158 281 309 298 283 75
isoleucine,2,tyrosine,3,4,9,4,8.192,7.246,0.873,177.5,63.3,0.0,0.0,3.086,2.185,333 244 193 57 48 285 276 22 64 207
isoleucine,2,tyrosine,3,4,10,1,8.192,5.233,0.873,164.1,161.3,0.6552,0.0,3.086,0.631,85 224 108 12
isoleucine,2,tyrosine,3,4,10,2,8.192,5.233,0.873,164.1,161.3,0.0,0.0,2.369,0.647,77 67 316 113 19 24
isoleucine,2,tyrosine,3,4,10,3,8.192,5.233,0.873,164.1,161.3,0.0,0.0,3.086,2.631,179 293 346 121 119 357 186 354
isoleucine,2,tyrosine,3,4,10,4,8.192,5.233,0.873,164.1,161.3,0.0,0.0,3.086,2.631,147 101 198 139 66 280 280 62 158 271
isoleucine,2,tyrosine,3,5,8,1,8.192,9.205,0.873,79.3,61.3,2.0223,0.0,2.815,1.134,265 328 162 166
isoleucine,2,tyrosine,3,5,8,2,8.192,9.205,0.873,79.3,61.3,0.0,0.0,2.829,2.729,205 128 130 232 225 169
isoleucine,2,tyrosine,3,5,8,3,8.192,9.205,0.873,79.3,61.3,0.0,0.0,2.829,3.759,172 157 130 230 228 122 147 209
isoleucine,2,tyrosine,3,5,8,4,8.192,9.205,0.873,79.3,61.3,0.0,0.0,2.748,2.694,191 179 150 212 227 108 114 236 211 152
isoleucine,2,tyrosine,3,5,9,1,8.192,9.321,0.873,64.6,56.6,2.3156,0.0,2.829,2.034,239 0 159 130
isoleucine,2,tyrosine,3,5,9,2,8.192,9.321,0.873,64.6,56.6,0.0756,0.0,2.829,3.078,215 0 203 259 12 177
isoleucine,2,tyrosine,3,5,9,3,8.192,9.321,0.873,64.6,56.6,0.0,0.0,2.829,3.759,161 109 121 266 261 137 137 192
isoleucine,2,tyrosine,3,5,9,4,8.192,9.321,0.873,64.6,56.6,0.0,0.0,0.757,2.381,308 31 152 329 195 250 216 264 316 143
isoleucine,2,tyrosine,3,5,10,1,8.192,7.071,0.873,70.5,168.5,0.4837,0.0,2.829,1.198,248 10 129 122
isoleucine,2,tyrosine,3,5,10,2,8.192,7.071,0.873,70.5,168.5,0.0,0.0,1.963,0.533,275 114 54 247 228 122
isoleucine,2,tyrosine,3,5,10,3,8.192,7.071,0.873,70.5,168.5,0.0,0.0,2.829,2.142,188 198 88 234 272 42 85 245
isoleucine,2,tyrosine,3,5,10,4,8.192,7.071,0.873,70.5,168.5,0.0,0.0,2.698,0.346,269 7 18 311 310 96 95 298 258 119
isoleucine,2,tyrosine,3,6,8,1,8.192,9.901,0.873,52.3,51.3,3.5279,0.0,3.902,3.386,136 0 205 272
isoleucine,2,tyrosine,3,6,8,2,8.192,9.901,0.873,52.3,51.3,0.2999,0.0,3.902,4.133,155 360 198 255 211 188
isoleucine,2,tyrosine,3,6,8,3,8.192,9.901,0.873,52.3,51.3,0.0,0.0,3.843,4.01,136 321 280 37 67 242 256 170
isoleucine,2,tyrosine,3,6,8,4,8.192,9.901,0.873,52.3,51.3,0.0,0.0,3.392,1.664,113 55 115 24 201 337 347 252 311 2
isoleucine,2,tyrosine,3,6,9,1,8.192,9.4,0.873,61.6,71.2,2.6314,0.0,3.902,3.437,126 358 153 122
isoleucine,2,tyrosine,3,6,9,2,8.192,9.4,0.873,61.6,71.2,0.0,0.0,3.062,3.728,129 285 222 122 149 191
isoleucine,2,tyrosine,3,6,9,3,8.192,9.4,0.873,61.6,71.2,0.0,0.0,2.476,3.031,76 295 239 117 164 246 241 190
isoleucine,2,tyrosine,3,6,9,4,8.192,9.4,0.873,61.6,71.2,0.0,0.0,3.902,3.958,90 346 317 51 79 244 219 104 125 201
isoleucine,2,tyrosine,3,6,10,1,8.192,7.549,0.873,52.1,163.2,1.6292,0.0,3.902,2.807,130 358 208 298
isoleucine,2,tyrosine,3,6,10,2,8.192,7.549,0.873,52.1,163.2,0.0,0.0,2.969,2.005,105 283 255 70 182 234
isoleucine,2,tyrosine,3,6,10,3,8.192,7.549,0.873,52.1,163.2,0.0,0.0,3.745,2.773,54 330 290 70 105 249 225 162
isoleucine,2,tyrosine,3,6,10,4,8.192,7.549,0.873,52.1,163.2,0.0,0.0,2.773,1.415,14 341 306 56 91 274 246 142 165 198
isoleucine,2,phenylalanine,2,4,12,1,6.188,6.326,-0.987,51.4,114.5,0.3773,0.0,1.307,1.556,47 2 164 26
isoleucine,2,phenylalanine,2,4,12,2,6.188,6.326,-0.987,51.4,114.5,0.0,0.0,1.69,1.403,41 254 324 41 96 271
isoleucine,2,phenylalanine,2,4,12,3,6.188,6.326,-0.987,51.4,114.5,0.0,0.0,1.99,1.835,356 299 330 86 77 265 203 90
isoleucine,2,phenylalanine,2,4,12,4,6.188,6.326,-0.987,51.4,114.5,0.0,0.0,1.937,1.438,356 0 325 26 54 284 255 89 125 212
isoleucine,2,phenylalanine,2,4,13,1,6.188,8.151,-0.987,40.4,42.5,2.7151,0.0,1.199,1.59,52 1 167 28
isoleucine,2,phenylalanine,2,4,13,2,6.188,8.151,-0.987,40.4,42.5,0.5995,0.0,1.605,1.631,12 354 205 330 271 228
isoleucine,2,phenylalanine,2,4,13,3,6.188,8.151,-0.987,40.4,42.5,0.0,0.0,2.843,2.278,328 1 209 23 157 274 333 141
isoleucine,2,phenylalanine,2,4,13,4,6.188,8.151,-0.987,40.4,42.5,0.0,0.0,1.541,1.357,120 305 249 82 107 228 234 97 90 202
isoleucine,2,phenylalanine,2,4,14,1,6.188,8.032,-0.987,57.4,48.0,1.4467,0.0,1.896,1.665,60 0 203 269
isoleucine,2,phenylalanine,2,4,14,2,6.188,8.032,-0.987,57.4,48.0,0.0,0.0,1.771,1.195,72 302 258 131 7 259
isoleucine,2,phenylalanine,2,4,14,3,6.188,8.032,-0.987,57.4,48.0,0.0,0.0,1.94,1.709,5 344 303 46 83 267 236 154
isoleucine,2,phenylalanine,2,4,14,4,6.188,8.032,-0.987,57.4,48.0,0.0001,0.0,1.378,0.608,34 349 318 51 76 256 232 86 116 209
isoleucine,2,phenylalanine,2,5,12,1,6.188,5.239,-0.987,91.7,94.0,0.0104,0.0,1.355,2.024,314 328 312 323
isoleucine,2,phenylalanine,2,5,12,2,6.188,5.239,-0.987,91.7,94.0,0.0,0.0,2.412,3.759,45 70 53 36 66 51
isoleucine,2,phenylalanine,2,5,12,3,6.188,5.239,-0.987,91.7,94.0,0.0,0.0,2.214,0.856,260 72 207 148 17 274 321 283
isoleucine,2,phenylalanine,2,5,12,4,6.188,5.239,-0.987,91.7,94.0,0.0,0.0,2.337,0.757,253 281 40 125 324 4 214 110 129 201
isoleucine,2,phenylalanine,2,5,13,1,6.188,6.471,-0.987,106.3,47.7,0.3249,0.0,1.535,3.759,21 83 355 141
isoleucine,2,phenylalanine,2,5,13,2,6.188,6.471,-0.987,106.3,47.7,0.0,0.0,2.206,3.759,66 71 353 93 113 223
isoleucine,2,phenylalanine,2,5,13,3,6.188,6.471,-0.987,106.3,47.7,0.0,0.0,2.259,3.759,106 253 201 249 266 266 347 278
isoleucine,2,phenylalanine,2,5,13,4,6.188,6.471,-0.987,106.3,47.7,0.0,0.0,1.655,2.095,308 346 213 71 204 142 23 255 338 265
isoleucine,2,phenylalanine,2,5,14,1,6.188,6.649,-0.987,110.4,39.7,0.4776,0.0,1.215,2.338,329 264 354 156
isoleucine,2,phenylalanine,2,5,14,2,6.188,6.649,-0.987,110.4,39.7,0.0,0.0,1.503,1.206,271 152 116 242 308 70
isoleucine,2,phenylalanine,2,5,14,3,6.188,6.649,-0.987,110.4,39.7,0.0,0.0,0.492,3.699,38 169 240 243 15 164 24 292
isoleucine,2,phenylalanine,2,5,14,4,6.188,6.649,-0.987,110.4,39.7,0.0,0.0,1.789,1.222,251 358 19 22 38 80 122 345 266 160
isoleucine,2,phenylalanine,2,6,12,1,6.188,6.655,-0.987,36.6,108.5,1.9304,0.0,3.019,5.061,320 359 184 357
isoleucine,2,phenylalanine,2,6,12,2,6.188,6.655,-0.987,36.6,108.5,0.0,0.0,3.018,5.061,320 86 97 292 223 112
isoleucine,2,phenylalanine,2,6,12,3,6.188,6.655,-0.987,36.6,108.5,0.0,0.0,3.293,4.895,28 25 67 321 272 60 104 210
isoleucine,2,phenylalanine,2,6,12,4,6.188,6.655,-0.987,36.6,108.5,0.0,0.0,3.411,5.061,12 11 49 335 305 69 103 262 229 153
isoleucine,2,phenylalanine,2,6,13,1,6.188,7.94,-0.987,50.0,59.6,1.8162,0.0,2.679,5.061,304 0 200 298
isoleucine,2,phenylalanine,2,6,13,2,6.188,7.94,-0.987,50.0,59.6,0.0,0.0,3.45,5.061,335 48 119 271 241 166
isoleucine,2,phenylalanine,2,6,13,3,6.188,7.94,-0.987,50.0,59.6,0.0,0.0,2.326,5.061,354 26 58 310 275 94 133 213
isoleucine,2,phenylalanine,2,6,13,4,6.188,7.94,-0.987,50.0,59.6,0.0,0.0,1.263,5.061,325 14 47 312 288 104 128 264 237 154
isoleucine,2,phenylalanine,2,6,14,1,6.188,8.547,-0.987,33.7,31.5,3.5458,0.0,2.513,5.061,297 0 175 10
isoleucine,2,phenylalanine,2,6,14,2,6.188,8.547,-0.987,33.7,31.5,0.909,0.0,0.59,3.867,261 357 193 341 251 218
isoleucine,2,phenylalanine,2,6,14,3,6.188,8.547,-0.987,33.7,31.5,0.0198,0.0,1.025,1.976,230 0 177 4 219 197 1 178
isoleucine,2,phenylalanine,2,6,14,4,6.188,8.547,-0.987,33.7,31.5,0.0,0.0,1.629,1.334,241 53 107 277 254 137 131 255 264 165
isoleucine,2,arginine,3,4,16,1,10.599,10.183,-0.665,96.7,87.8,2.902,0.0,2.541,1.009,90 287 180 180
isoleucine,2,arginine,3,4,16,2,10.599,10.183,-0.665,96.7,87.8,0.0,0.0,2.988,0.513,78 219 247 155 180 222
isoleucine,2,arginine,3,4,16,3,10.599,10.183,-0.665,96.7,87.8,0.0,0.0,1.824,1.494,60 272 309 344 72 295 146 49
isoleucine,2,arginine,3,4,16,4,10.599,10.183,-0.665,96.7,87.8,0.0,0.0,3.086,2.089,130 180 197 103 123 301 263 121 148 198
isoleucine,2,arginine,3,4,17,1,10.599,9.79,-0.665,93.0,102.9,2.5135,0.0,2.473,1.271,36 66 179 179
isoleucine,2,arginine,3,4,17,2,10.599,9.79,-0.665,93.0,102.9,0.0,0.0,2.579,1.356,61 265 279 148 194 247
isoleucine,2,arginine,3,4,17,3,10.599,9.79,-0.665,93.0,102.9,0.0,0.0,1.937,0.249,146 204 212 129 135 234 217 161
isoleucine,2,arginine,3,4,17,4,10.599,9.79,-0.665,93.0,102.9,0.0,0.0,2.604,1.247,172 209 218 125 125 216 205 121 135 197
isoleucine,2,arginine,3,4,18,1,10.599,11.744,-0.665,100.0,9.8,4.5197,0.0,2.526,1.273,30 78 182 181
isoleucine,2,arginine,3,4,18,2,10.599,11.744,-0.665,100.0,9.8,1.2582,0.0,1.127,0.957,35 103 160 166 237 213
isoleucine,2,arginine,3,4,18,3,10.599,11.744,-0.665,100.0,9.8,0.4122,0.0,1.02,0.7,51 124 140 148 250 218 344 204
isoleucine,2,arginine,3,4,18,4,10.599,11.744,-0.665,100.0,9.8,0.0,0.0,0.525,1.807,128 206 192 166 164 209 223 113 94 185
isoleucine,2,arginine,3,5,16,1,10.599,10.179,-0.665,96.9,84.5,2.8985,0.0,1.782,1.449,271 73 179 179
isoleucine,2,arginine,3,5,16,2,10.599,10.179,-0.665,96.9,84.5,0.0,0.0,1.33,2.23,290 38 208 181 163 57
isoleucine,2,arginine,3,5,16,3,10.599,10.179,-0.665,96.9,84.5,0.0,0.0,2.829,0.321,243 110 104 314 284 107 159 228
isoleucine,2,arginine,3,5,16,4,10.599,10.179,-0.665,96.9,84.5,0.0,0.0,2.829,1.468,242 174 153 267 250 26 82 275 228 142
isoleucine,2,arginine,3,5,17,1,10.599,9.355,-0.665,110.3,117.3,2.1278,0.0,2.065,0.645,264 93 191 186
isoleucine,2,arginine,3,5,17,2,10.599,9.355,-0.665,110.3,117.3,0.0,0.0,2.623,0.727,243 90 238 218 264 256
isoleucine,2,arginine,3,5,17,3,10.599,9.355,-0.665,110.3,117.3,0.0,0.0,2.547,1.06,221 172 161 227 223 112 128 200
isoleucine,2,arginine,3,5,17,4,10.599,9.355,-0.665,110.3,117.3,0.0,0.0,2.264,1.98,192 170 161 226 230 139 147 238 224 163
isoleucine,2,arginine,3,5,18,1,10.599,11.606,-0.665,105.5,16.5,4.3971,0.0,1.551,1.251,336 273 175 177
isoleucine,2,arginine,3,5,18,2,10.599,11.606,-0.665,105.5,16.5,1.1166,0.0,1.551,0.878,337 252 175 177 125 148
isoleucine,2,arginine,3,5,18,3,10.599,11.606,-0.665,105.5,16.5,0.2336,0.0,2.829,0.613,260 145 175 177 240 212 358 182
isoleucine,2,arginine,3,5,18,4,10.599,11.606,-0.665,105.5,16.5,0.0,0.0,1.622,2.575,224 163 166 205 203 149 147 242 249 179
isoleucine,2,arginine,3,6,16,1,10.599,11.998,-0.665,4.1,91.2,9.2118,0.0,2.817,5.061,355 360 180 360
isoleucine,2,arginine,3,6,16,2,10.599,11.998,-0.665,4.1,91.2,5.537,0.0,2.806,5.061,346 0 179 1 205 232
isoleucine,2,arginine,3,6,16,3,10.599,11.998,-0.665,4.1,91.2,1.956,0.0,2.857,3.673,346 0 179 1 142 117 185 183
isoleucine,2,arginine,3,6,16,4,10.599,11.998,-0.665,4.1,91.2,0.0,0.0,2.919,2.114,211 3 175 7 223 290 171 188 266 224
isoleucine,2,arginine,3,6,17,1,10.599,11.493,-0.665,9.7,111.0,8.1989,0.0,3.902,5.061,243 360 180 360
isoleucine,2,arginine,3,6,17,2,10.599,11.493,-0.665,9.7,111.0,4.5638,0.0,3.604,2.969,238 0 178 2 204 221
isoleucine,2,arginine,3,6,17,3,10.599,11.493,-0.665,9.7,111.0,0.9581,0.0,3.66,0.835,236 0 179 1 145 124 187 184
isoleucine,2,arginine,3,6,17,4,10.599,11.493,-0.665,9.7,111.0,0.0,0.0,3.308,1.351,312 61 99 282 243 126 149 190 178 173
isoleucine,2,arginine,3,6,18,1,10.599,13.629,-0.665,4.9,10.1,10.5812,0.0,3.902,4.454,218 360 180 360
isoleucine,2,arginine,3,6,18,2,10.599,13.629,-0.665,4.9,10.1,6.9108,0.0,3.902,2.707,216 0 179 1 202 219
isoleucine,2,arginine,3,6,18,3,10.599,13.629,-0.665,4.9,10.1,3.3232,0.0,3.059,0.663,217 0 179 1 144 127 185 183
isoleucine,2,arginine,3,6,18,4,10.599,13.629,-0.665,4.9,10.1,0.565,0.0,2.611,0.721,219 1 167 21 212 201 198 195 90 149
isoleucine,2,lysine,3,4,13,1,12.53,14.059,0.685,86.8,2.9,6.8329,0.0,3.086,1.709,129 309 180 180
isoleucine,2,lysine,3,4,13,2,12.53,14.059,0.685,86.8,2.9,3.1673,0.0,2.981,1.015,78 48 179 179 179 179
isoleucine,2,lysine,3,4,13,3,12.53,14.059,0.685,86.8,2.9,0.975,0.0,3.086,0.75,129 282 171 175 173 174 284 206
isoleucine,2,lysine,3,4,13,4,12.53,14.059,0.685,86.8,2.9,0.2198,0.0,2.796,0.801,66 102 182 181 181 181 103 152 0 180
isoleucine,2,lysine,3,4,14,1,12.53,12.144,0.685,87.7,101.2,4.894,0.0,3.028,1.139,81 53 184 182
isoleucine,2,lysine,3,4,14,2,12.53,12.144,0.685,87.7,101.2,1.1567,0.0,3.086,1.882,132 314 179 180 179 179
isoleucine,2,lysine,3,4,14,3,12.53,12.144,0.685,87.7,101.2,0.0,0.0,3.086,1.699,140 215 224 163 169 233 220 164
isoleucine,2,lysine,3,4,14,4,12.53,12.144,0.685,87.7,101.2,0.0,0.0,3.086,2.631,178 197 210 151 148 217 211 136 148 193
isoleucine,2,lysine,3,4,15,1,12.53,12.079,0.685,91.8,103.8,4.853,0.0,3.086,1.455,130 299 173 176
isoleucine,2,lysine,3,4,15,2,12.53,12.079,0.685,91.8,103.8,1.0922,0.0,2.896,0.816,73 57 181 180 180 180
isoleucine,2,lysine,3,4,15,3,12.53,12.079,0.685,91.8,103.8,0.0,0.0,3.086,2.124,144 212 213 155 161 225 216 169
isoleucine,2,lysine,3,4,15,4,12.53,12.079,0.685,91.8,103.8,0.0,0.0,3.086,2.631,180 201 211 142 141 210 202 133 145 193
isoleucine,2,lysine,3,5,13,1,12.53,12.741,0.685,147.6,6.1,5.5265,0.0,2.38,2.319,283 180 179 179
isoleucine,2,lysine,3,5,13,2,12.53,12.741,0.685,147.6,6.1,1.8802,0.0,2.343,2.074,284 180 206 206 180 180
isoleucine,2,lysine,3,5,13,3,12.53,12.741,0.685,147.6,6.1,0.6764,0.0,0.73,2.724,314 175 151 153 168 172 323 198
isoleucine,2,lysine,3,5,13,4,12.53,12.741,0.685,147.6,6.1,0.0096,0.0,1.323,3.583,338 176 159 159 175 175 278 212 359 179
isoleucine,2,lysine,3,5,14,1,12.53,10.831,0.685,149.9,100.9,3.6312,0.0,2.611,2.238,273 182 191 193
isoleucine,2,lysine,3,5,14,2,12.53,10.831,0.685,149.9,100.9,0.2303,0.0,2.432,2.24,281 187 150 111 233 197
isoleucine,2,lysine,3,5,14,3,12.53,10.831,0.685,149.9,100.9,0.0,0.0,2.829,3.759,172 197 130 239 270 140 194 243
isoleucine,2,lysine,3,5,14,4,12.53,10.831,0.685,149.9,100.9,0.0,0.0,2.829,3.759,169 208 187 208 223 134 131 227 215 159
isoleucine,2,lysine,3,5,15,1,12.53,11.027,0.685,139.0,93.4,3.8625,0.0,1.793,2.071,310 209 195 190
isoleucine,2,lysine,3,5,15,2,12.53,11.027,0.685,139.0,93.4,0.1379,0.0,1.866,1.474,306 207 208 197 198 195
isoleucine,2,lysine,3,5,15,3,12.53,11.027,0.685,139.0,93.4,0.0,0.0,2.829,2.766,186 180 152 236 247 147 171 211
isoleucine,2,lysine,3,5,15,4,12.53,11.027,0.685,139.0,93.4,0.0,0.0,2.829,3.494,181 184 154 203 224 149 150 279 265 159
isoleucine,2,lysine,3,6,13,1,12.53,15.169,0.685,41.3,6.0,9.2589,0.0,3.902,5.061,225 0 203 284
isoleucine,2,lysine,3,6,13,2,12.53,15.169,0.685,41.3,6.0,5.7555,0.0,3.902,4.621,225 0 144 83 183 182
isoleucine,2,lysine,3,6,13,3,12.53,15.169,0.685,41.3,6.0,1.9928,0.0,3.575,3.423,225 0 212 278 183 182 182 182
isoleucine,2,lysine,3,6,13,4,12.53,15.169,0.685,41.3,6.0,0.4513,0.0,3.657,5.061,229 1 146 114 192 186 192 191 34 165
isoleucine,2,lysine,3,6,14,1,12.53,13.191,0.685,46.0,104.2,7.0678,0.0,3.902,5.061,220 360 155 84
isoleucine,2,lysine,3,6,14,2,12.53,13.191,0.685,46.0,104.2,3.5521,0.0,3.902,4.851,221 359 217 272 174 176
isoleucine,2,lysine,3,6,14,3,12.53,13.191,0.685,46.0,104.2,0.0,0.0,3.902,3.811,205 32 188 264 207 185 180 175
isoleucine,2,lysine,3,6,14,4,12.53,13.191,0.685,46.0,104.2,0.0,0.0,3.902,3.901,255 36 102 279 235 148 142 105 128 200
isoleucine,2,lysine,3,6,15,1,12.53,13.438,0.685,35.4,94.7,7.9544,0.0,3.902,4.832,218 0 162 48
isoleucine,2,lysine,3,6,15,2,12.53,13.438,0.685,35.4,94.7,4.3884,0.0,3.902,4.042,219 0 213 292 182 181
isoleucine,2,lysine,3,6,15,3,12.53,13.438,0.685,35.4,94.7,0.6698,0.0,3.161,1.746,220 360 152 63 175 178 177 177
isoleucine,2,lysine,3,6,15,4,12.53,13.438,0.685,35.4,94.7,0.0,0.0,3.597,1.935,178 356 267 324 157 39 69 203 202 210
isoleucine,2,aspartic,4,4,3,1,4.311,4.852,0.518,103.8,45.9,0.587,0.0,3.086,2.631,301 248 6 12
isoleucine,2,aspartic,4,4,3,2,4.311,4.852,0.518,103.8,45.9,0.0,0.0,3.086,2.631,269 310 336 75 61 61
isoleucine,2,aspartic,4,4,3,3,4.311,4.852,0.518,103.8,45.9,0.0,0.0,2.614,0.717,49 92 329 298 259 196 42 324
isoleucine,2,aspartic,4,4,3,4,4.311,4.852,0.518,103.8,45.9,0.0,0.0,3.086,2.631,293 357 45 52 42 72 86 305 235 110
isoleucine,2,aspartic,4,4,4,1,4.311,2.523,0.518,103.6,152.3,2.3044,0.0,1.389,1.079,31 103 356 358
isoleucine,2,aspartic,4,4,4,2,4.311,2.523,0.518,103.6,152.3,1.3706,0.0,1.008,0.761,78 78 0 5 173 0
isoleucine,2,aspartic,4,4,4,3,4.311,2.523,0.518,103.6,152.3,0.0,0.0,1.548,0.605,101 51 11 249 287 61 145 279
isoleucine,2,aspartic,4,4,4,4,4.311,2.523,0.518,103.6,152.3,0.0,0.0,2.326,0.427,85 335 355 303 314 60 73 325 237 95
isoleucine,2,aspartic,4,4,5,1,4.311,4.29,0.518,73.5,66.7,1.4346,0.0,3.086,2.504,314 274 325 346
isoleucine,2,aspartic,4,4,5,2,4.311,4.29,0.518,73.5,66.7,0.1448,0.0,3.086,2.631,279 285 319 307 268 339
isoleucine,2,aspartic,4,4,5,3,4.311,4.29,0.518,73.5,66.7,0.0,0.0,3.086,2.402,287 160 15 234 345 308 283 302
isoleucine,2,aspartic,4,4,5,4,4.311,4.29,0.518,73.5,66.7,0.0,0.0,3.086,2.631,292 75 71 309 355 78 71 321 202 64
isoleucine,2,aspartic,4,5,3,1,4.311,6.767,0.518,25.4,32.2,3.179,0.0,1.691,1.999,300 359 181 359
isoleucine,2,aspartic,4,5,3,2,4.311,6.767,0.518,25.4,32.2,0.6034,0.0,2.176,0.626,257 340 220 332 241 286
isoleucine,2,aspartic,4,5,3,3,4.311,6.767,0.518,25.4,32.2,0.0001,0.0,2.829,1.61,230 64 114 279 269 103 111 211
isoleucine,2,aspartic,4,5,3,4,4.311,6.767,0.518,25.4,32.2,0.0,0.0,1.407,0.279,291 32 72 290 269 112 125 266 249 157
isoleucine,2,aspartic,4,5,4,1,4.311,4.44,0.518,31.9,129.0,2.5519,0.0,2.258,0.764,288 335 214 359
isoleucine,2,aspartic,4,5,4,2,4.311,4.44,0.518,31.9,129.0,0.0,0.0,1.816,1.222,289 122 45 318 229 29
isoleucine,2,aspartic,4,5,4,3,4.311,4.44,0.518,31.9,129.0,0.0,0.0,1.584,1.685,345 79 35 265 272 73 168 285
isoleucine,2,aspartic,4,5,4,4,4.311,4.44,0.518,31.9,129.0,0.0,0.0,1.849,3.095,38 256 316 292 273 61 79 281 239 135
isoleucine,2,aspartic,4,5,5,1,4.311,5.384,0.518,29.7,87.5,2.4763,0.0,0.636,3.698,343 4 172 2
isoleucine,2,aspartic,4,5,5,2,4.311,5.384,0.518,29.7,87.5,0.0,0.0,1.499,3.6,339 105 77 318 201 69
isoleucine,2,aspartic,4,5,5,3,4.311,5.384,0.518,29.7,87.5,0.0,0.0,1.811,3.759,3 87 45 277 330 36 92 279
isoleucine,2,aspartic,4,5,5,4,4.311,5.384,0.518,29.7,87.5,0.0,0.0,1.654,3.759,33 14 50 333 309 58 91 287 242 142
isoleucine,2,aspartic,4,6,3,1,4.311,6.004,0.518,60.8,49.5,0.5563,0.0,3.902,3.606,52 69 90 33
isoleucine,2,aspartic,4,6,3,2,4.311,6.004,0.518,60.8,49.5,0.0,0.0,3.902,3.093,70 219 344 55 74 288
isoleucine,2,aspartic,4,6,3,3,4.311,6.004,0.518,60.8,49.5,0.0,0.0,3.508,4.784,340 340 313 57 83 284 243 136
isoleucine,2,aspartic,4,6,3,4,4.311,6.004,0.518,60.8,49.5,0.0,0.0,3.344,3.545,358 350 338 69 89 273 226 63 113 204
isoleucine,2,aspartic,4,6,4,1,4.311,4.179,0.518,43.4,121.4,1.9902,0.0,3.902,3.146,69 63 98 1
isoleucine,2,aspartic,4,6,4,2,4.311,4.179,0.518,43.4,121.4,0.0,0.0,3.902,2.632,67 161 30 49 95 360
isoleucine,2,aspartic,4,6,4,3,4.311,4.179,0.518,43.4,121.4,0.0,0.0,3.78,2.813,37 260 1 81 87 331 148 20
isoleucine,2,aspartic,4,6,4,4,4.311,4.179,0.518,43.4,121.4,0.0,0.0,0.72,2.28,341 94 36 88 94 288 280 69 115 231
isoleucine,2,aspartic,4,6,5,1,4.311,4.729,0.518,57.9,97.0,0.7992,0.0,3.56,5.061,32 284 276 359
isoleucine,2,aspartic,4,6,5,2,4.311,4.729,0.518,57.9,97.0,0.0,0.0,3.902,5.061,4 186 44 36 79 22
isoleucine,2,aspartic,4,6,5,3,4.311,4.729,0.518,57.9,97.0,0.0,0.0,3.902,4.392,104 59 28 256 302 329 244 117
isoleucine,2,aspartic,4,6,5,4,4.311,4.729,0.518,57.9,97.0,0.0,0.0,3.343,5.061,349 356 338 42 36 287 277 53 124 252
isoleucine,2,glutamic,4,4,5,1,8.13,7.361,-0.48,129.3,82.2,0.2945,0.0,0.724,1.493,358 209 231 218
isoleucine,2,glutamic,4,4,5,2,8.13,7.361,-0.48,129.3,82.2,0.0,0.0,1.989,2.631,231 172 138 274 250 113
isoleucine,2,glutamic,4,4,5,3,8.13,7.361,-0.48,129.3,82.2,0.0,0.0,2.909,2.631,196 178 157 244 255 106 134 218
isoleucine,2,glutamic,4,4,5,4,8.13,7.361,-0.48,129.3,82.2,0.0,0.0,1.606,1.575,55 26 78 59 8 81 139 346 291 134
isoleucine,2,glutamic,4,4,6,1,8.13,8.797,-0.48,114.8,13.0,1.5098,0.0,0.75,2.631,276 104 182 181
isoleucine,2,glutamic,4,4,6,2,8.13,8.797,-0.48,114.8,13.0,0.5902,0.0,0.705,2.631,260 36 247 209 17 164
isoleucine,2,glutamic,4,4,6,3,8.13,8.797,-0.48,114.8,13.0,0.0,0.0,1.921,2.631,251 37 210 186 60 182 349 137
isoleucine,2,glutamic,4,4,6,4,8.13,8.797,-0.48,114.8,13.0,0.0,0.0,3.086,2.631,211 93 173 258 282 171 102 214 249 146
isoleucine,2,glutamic,4,4,7,1,8.13,6.98,-0.48,112.6,96.5,0.0,0.0,1.389,1.356,2 208 259 183
isoleucine,2,glutamic,4,4,7,2,8.13,6.98,-0.48,112.6,96.5,0.0,0.0,2.384,1.547,1 85 32 15 28 60
isoleucine,2,glutamic,4,4,7,3,8.13,6.98,-0.48,112.6,96.5,0.0,0.0,1.433,0.885,42 355 13 319 310 52 94 228
isoleucine,2,glutamic,4,4,7,4,8.13,6.98,-0.48,112.6,96.5,0.0,0.0,1.592,0.496,285 334 30 72 52 45 89 77 17 98
isoleucine,2,glutamic,4,5,5,1,8.13,9.747,-0.48,27.1,78.4,5.0575,0.0,2.829,0.581,257 0 179 1
isoleucine,2,glutamic,4,5,5,2,8.13,9.747,-0.48,27.1,78.4,1.5301,0.0,2.014,0.377,263 358 198 333 159 164
isoleucine,2,glutamic,4,5,5,3,8.13,9.747,-0.48,27.1,78.4,0.0,0.0,1.766,1.016,271 57 96 290 250 134 157 193
isoleucine,2,glutamic,4,5,5,4,8.13,9.747,-0.48,27.1,78.4,0.0,0.0,0.419,0.844,322 32 68 296 268 120 140 216 202 168
isoleucine,2,glutamic,4,5,6,1,8.13,10.995,-0.48,16.8,18.7,7.0817,0.0,2.592,0.411,274 360 180 360
isoleucine,2,glutamic,4,5,6,2,8.13,10.995,-0.48,16.8,18.7,3.4327,0.0,1.972,0.472,275 1 177 3 197 202
isoleucine,2,glutamic,4,5,6,3,8.13,10.995,-0.48,16.8,18.7,0.7969,0.0,0.98,2.778,317 1 163 26 188 186 260 212
isoleucine,2,glutamic,4,5,6,4,8.13,10.995,-0.48,16.8,18.7,0.0099,0.0,0.674,3.759,348 356 208 318 134 149 124 145 327 204
isoleucine,2,glutamic,4,5,7,1,8.13,9.073,-0.48,23.8,104.0,4.8033,0.0,2.077,1.402,291 360 181 359
isoleucine,2,glutamic,4,5,7,2,8.13,9.073,-0.48,23.8,104.0,1.136,0.0,2.333,0.99,284 1 173 8 201 202
isoleucine,2,glutamic,4,5,7,3,8.13,9.073,-0.48,23.8,104.0,0.0,0.0,0.637,2.423,323 52 100 285 243 128 148 189
isoleucine,2,glutamic,4,5,7,4,8.13,9.073,-0.48,23.8,104.0,0.0,0.0,0.45,0.763,317 32 67 299 273 118 139 232 215 165
isoleucine,2,glutamic,4,6,5,1,8.13,8.711,-0.48,73.8,70.7,1.4219,0.0,0.59,3.361,85 352 181 180
isoleucine,2,glutamic,4,6,5,2,8.13,8.711,-0.48,73.8,70.7,0.0,0.0,0.658,1.991,115 276 251 30 51 244
isoleucine,2,glutamic,4,6,5,3,8.13,8.711,-0.48,73.8,70.7,0.0,0.0,2.566,5.061,148 210 220 130 134 249 230 156
isoleucine,2,glutamic,4,6,5,4,8.13,8.711,-0.48,73.8,70.7,0.0,0.0,1.216,4.291,87 327 328 348 7 313 280 53 97 226
isoleucine,2,glutamic,4,6,6,1,8.13,9.663,-0.48,80.9,27.2,2.4259,0.0,0.772,4.305,87 325 170 173
isoleucine,2,glutamic,4,6,6,2,8.13,9.663,-0.48,80.9,27.2,0.4453,0.0,2.076,5.061,17 74 194 190 302 205
isoleucine,2,glutamic,4,6,6,3,8.13,9.663,-0.48,80.9,27.2,0.0,0.0,3.194,4.88,99 206 226 170 119 241 283 147
isoleucine,2,glutamic,4,6,6,4,8.13,9.663,-0.48,80.9,27.2,0.0,0.0,3.902,5.034,144 201 202 143 145 227 223 125 132 193
isoleucine,2,glutamic,4,6,7,1,8.13,8.12,-0.48,68.7,92.6,0.9748,0.0,1.341,3.873,64 360 195 217
isoleucine,2,glutamic,4,6,7,2,8.13,8.12,-0.48,68.7,92.6,0.0,0.0,2.737,5.061,11 344 236 94 111 175
isoleucine,2,glutamic,4,6,7,3,8.13,8.12,-0.48,68.7,92.6,0.0,0.0,3.181,5.061,340 327 250 88 161 268 205 212
isoleucine,2,glutamic,4,6,7,4,8.13,8.12,-0.48,68.7,92.6,0.0,0.0,2.411,5.061,29 74 39 352 354 254 247 76 111 223
isoleucine,2,leucine,2,4,1,1,14.189,15.068,0.043,98.4,43.4,7.8378,0.0,2.667,0.705,55 75 183 182
isoleucine,2,leucine,2,4,1,2,14.189,15.068,0.043,98.4,43.4,4.1328,0.0,2.916,0.295,121 286 185 183 185 185
isoleucine,2,leucine,2,4,1,3,14.189,15.068,0.043,98.4,43.4,0.6552,0.0,0.748,0.554,124 274 189 185 189 188 210 197
isoleucine,2,leucine,2,4,1,4,14.189,15.068,0.043,98.4,43.4,0.0,0.0,1.46,2.188,149 216 204 158 162 189 191 137 129 176
isoleucine,2,leucine,2,4,2,1,14.189,14.107,0.043,90.8,82.7,6.8451,0.0,2.768,0.774,64 61 180 180
isoleucine,2,leucine,2,4,2,2,14.189,14.107,0.043,90.8,82.7,3.1666,0.0,3.086,0.589,121 305 172 176 173 174
isoleucine,2,leucine,2,4,2,3,14.189,14.107,0.043,90.8,82.7,0.0,0.0,1.78,1.287,138 261 183 137 178 189 174 172
isoleucine,2,leucine,2,4,2,4,14.189,14.107,0.043,90.8,82.7,0.0,0.0,2.489,2.631,170 217 214 135 140 192 184 138 144 187
isoleucine,2,leucine,2,4,13,1,14.189,14.522,0.043,90.5,67.0,7.2608,0.0,3.07,1.103,116 300 180 180
isoleucine,2,leucine,2,4,13,2,14.189,14.522,0.043,90.5,67.0,3.5883,0.0,2.707,0.634,59 54 189 185 187 187
isoleucine,2,leucine,2,4,13,3,14.189,14.522,0.043,90.5,67.0,0.133,0.0,2.435,0.91,57 43 192 187 190 189 221 202
isoleucine,2,leucine,2,4,13,4,14.189,14.522,0.043,90.5,67.0,0.0,0.0,1.406,0.82,93 224 214 167 186 236 226 149 152 185
isoleucine,2,leucine,2,5,1,1,14.189,14.341,0.043,129.9,35.4,7.0946,0.0,1.642,1.424,321 229 182 181
isoleucine,2,leucine,2,5,1,2,14.189,14.341,0.043,129.9,35.4,3.3835,0.0,2.484,0.883,255 133 180 180 180 180
isoleucine,2,leucine,2,5,1,3,14.189,14.341,0.043,129.9,35.4,0.5274,0.0,0.443,1.338,307 242 165 173 168 169 103 152
isoleucine,2,leucine,2,5,1,4,14.189,14.341,0.043,129.9,35.4,0.0,0.0,1.393,3.472,206 161 160 214 217 177 177 243 246 178
isoleucine,2,leucine,2,5,2,1,14.189,13.031,0.043,138.4,90.1,5.7744,0.0,1.698,2.027,316 213 178 179
isoleucine,2,leucine,2,5,2,2,14.189,13.031,0.043,138.4,90.1,2.1484,0.0,2.812,1.153,265 154 160 168 166 168
isoleucine,2,leucine,2,5,2,3,14.189,13.031,0.043,138.4,90.1,0.0,0.0,2.389,2.7,242 177 185 200 190 138 138 177
isoleucine,2,leucine,2,5,2,4,14.189,13.031,0.043,138.4,90.1,0.0,0.0,1.5,3.759,179 175 151 232 250 162 178 234 202 149
isoleucine,2,leucine,2,5,13,1,14.189,13.574,0.043,130.6,69.7,6.3161,0.0,2.61,1.521,262 132 178 179
isoleucine,2,leucine,2,5,13,2,14.189,13.574,0.043,130.6,69.7,2.5945,0.0,1.583,0.84,327 224 181 181 181 181
isoleucine,2,leucine,2,5,13,3,14.189,13.574,0.043,130.6,69.7,0.0,0.0,2.467,1.374,279 162 185 232 168 208 247 180
isoleucine,2,leucine,2,5,13,4,14.189,13.574,0.043,130.6,69.7,0.0,0.0,1.671,2.345,318 160 266 321 71 21 78 187 283 250
isoleucine,2,leucine,2,6,1,1,14.189,16.707,0.043,27.6,37.7,11.585,0.0,3.902,4.459,214 0 170 25
isoleucine,2,leucine,2,6,1,2,14.189,16.707,0.043,27.6,37.7,8.0715,0.0,3.902,3.632,215 360 210 303 178 179
isoleucine,2,leucine,2,6,1,3,14.189,16.707,0.043,27.6,37.7,4.3793,0.0,3.096,1.339,214 0 155 52 182 181 182 182
isoleucine,2,leucine,2,6,1,4,14.189,16.707,0.043,27.6,37.7,0.7991,0.0,0.773,1.874,208 0 152 57 182 181 184 184 184 182
isoleucine,2,leucine,2,6,2,1,14.189,15.465,0.043,33.3,89.4,10.0106,0.0,3.902,4.853,224 0 196 313
isoleucine,2,leucine,2,6,2,2,14.189,15.465,0.043,33.3,89.4,6.5274,0.0,3.902,3.941,223 0 147 67 186 183
isoleucine,2,leucine,2,6,2,3,14.189,15.465,0.043,33.3,89.4,2.8011,0.0,3.388,1.887,223 0 209 296 185 183 185 184
isoleucine,2,leucine,2,6,2,4,14.189,15.465,0.043,33.3,89.4,0.0,0.0,2.466,1.875,258 309 197 83 126 195 193 205 195 177
isoleucine,2,leucine,2,6,13,1,14.189,15.983,0.043,25.4,69.9,11.0339,0.0,3.902,4.891,233 360 186 347
isoleucine,2,leucine,2,6,13,2,14.189,15.983,0.043,25.4,69.9,7.4968,0.0,3.902,3.641,232 0 153 51 181 181
isoleucine,2,leucine,2,6,13,3,14.189,15.983,0.043,25.4,69.9,3.8156,0.0,3.784,0.62,233 360 202 317 173 176 174 175
isoleucine,2,leucine,2,6,13,4,14.189,15.983,0.043,25.4,69.9,0.2374,0.0,3.223,1.18,241 359 203 316 171 175 168 170 166 171
isoleucine,2,serine,0,4,3,1,6.084,4.489,-0.216,91.7,140.0,0.26,0.0,2.531,1.36,24 231 5 2
isoleucine,2,serine,0,4,3,2,6.084,4.489,-0.216,91.7,140.0,0.0,0.0,3.086,0.734,122 149 303 312 269 342
isoleucine,2,serine,0,4,3,3,6.084,4.489,-0.216,91.7,140.0,0.0001,0.0,3.066,0.562,335 320 11 47 111 338 136 45
isoleucine,2,serine,0,4,3,4,6.084,4.489,-0.216,91.7,140.0,0.0,0.0,2.114,0.739,348 6 4 84 62 268 265 47 113 252
isoleucine,2,serine,0,4,4,1,6.084,6.461,-0.216,83.6,56.0,0.5097,0.0,1.893,1.688,7 344 291 275
isoleucine,2,serine,0,4,4,2,6.084,6.461,-0.216,83.6,56.0,0.0,0.0,2.698,2.154,335 329 279 329 281 249
isoleucine,2,serine,0,4,4,3,6.084,6.461,-0.216,83.6,56.0,0.0,0.0,2.779,2.631,301 332 295 67 91 322 306 175
isoleucine,2,serine,0,4,4,4,6.084,6.461,-0.216,83.6,56.0,0.0,0.0,1.766,1.133,65 330 279 38 52 265 251 47 145 285
isoleucine,2,serine,0,4,5,1,6.084,5.67,-0.216,104.9,85.2,0.0,0.0,2.059,1.941,348 9 264 59
isoleucine,2,serine,0,4,5,2,6.084,5.67,-0.216,104.9,85.2,0.0,0.0,3.08,2.214,332 304 289 35 212 9
isoleucine,2,serine,0,4,5,3,6.084,5.67,-0.216,104.9,85.2,0.0,0.0,3.086,1.312,122 151 249 110 73 336 253 76
isoleucine,2,serine,0,4,5,4,6.084,5.67,-0.216,104.9,85.2,0.0,0.0,3.086,1.07,126 58 323 295 264 330 305 7 79 257
isoleucine,2,serine,0,5,3,1,6.084,4.732,-0.216,82.7,158.9,0.3233,0.0,1.131,2.751,323 81 31 22
isoleucine,2,serine,0,5,3,2,6.084,4.732,-0.216,82.7,158.9,0.0,0.0,1.818,2.786,11 63 16 338 221 50
isoleucine,2,serine,0,5,3,3,6.084,4.732,-0.216,82.7,158.9,0.0,0.0,2.326,2.695,40 23 31 288 267 76 135 236
isoleucine,2,serine,0,5,3,4,6.084,4.732,-0.216,82.7,158.9,0.0,0.0,0.934,1.869,1 345 3 298 309 87 95 298 241 124
isoleucine,2,serine,0,5,4,1,6.084,6.566,-0.216,79.7,68.9,0.0081,0.0,0.795,3.423,331 43 69 121
isoleucine,2,serine,0,5,4,2,6.084,6.566,-0.216,79.7,68.9,0.0,0.0,1.797,3.298,9 54 29 330 258 103
isoleucine,2,serine,0,5,4,3,6.084,6.566,-0.216,79.7,68.9,0.0,0.0,2.58,3.759,38 3 39 315 281 71 107 214
isoleucine,2,serine,0,5,4,4,6.084,6.566,-0.216,79.7,68.9,0.0,0.0,1.62,1.582,313 336 25 20 0 92 84 294 237 103
isoleucine,2,serine,0,5,5,1,6.084,6.677,-0.216,67.0,64.9,0.6299,0.0,2.594,0.325,274 352 254 292
isoleucine,2,serine,0,5,5,2,6.084,6.677,-0.216,67.0,64.9,0.0,0.0,2.829,0.866,235 342 266 314 268 248
isoleucine,2,serine,0,5,5,3,6.084,6.677,-0.216,67.0,64.9,0.0,0.0,2.826,3.759,48 348 134 1 168 68 50 153
isoleucine,2,serine,0,5,5,4,6.084,6.677,-0.216,67.0,64.9,0.0,0.0,0.504,0.816,310 43 45 316 277 190 73 282 230 357
isoleucine,2,serine,0,6,3,1,6.084,6.308,-0.216,4.7,142.2,5.0569,0.0,3.728,3.581,56 0 180 0
isoleucine,2,serine,0,6,3,2,6.084,6.308,-0.216,4.7,142.2,1.4108,0.0,2.578,2.408,59 357 185 358 191 341
isoleucine,2,serine,0,6,3,3,6.084,6.308,-0.216,4.7,142.2,0.0,0.0,3.511,0.693,97 290 267 72 115 271 219 145
isoleucine,2,serine,0,6,3,4,6.084,6.308,-0.216,4.7,142.2,0.0,0.0,3.805,0.251,92 311 295 76 102 256 214 100 142 203
isoleucine,2,serine,0,6,4,1,6.084,7.909,-0.216,18.0,71.9,4.5367,0.0,2.838,5.061,5 360 180 360
isoleucine,2,serine,0,6,4,2,6.084,7.909,-0.216,18.0,71.9,0.7681,0.0,2.82,5.061,10 359 182 359 154 113
isoleucine,2,serine,0,6,4,3,6.084,7.909,-0.216,18.0,71.9,0.0,0.0,2.002,4.619,23 85 95 28 86 40 241 96
isoleucine,2,serine,0,6,4,4,6.084,7.909,-0.216,18.0,71.9,0.0,0.0,3.455,4.89,6 332 292 41 77 267 239 124 141 195
isoleucine,2,serine,0,6,5,1,6.084,7.633,-0.216,22.0,82.1,3.9442,0.0,3.833,3.339,60 0 180 0
isoleucine,2,serine,0,6,5,2,6.084,7.633,-0.216,22.0,82.1,0.2809,0.0,3.553,3.01,49 1 176 3 213 247
isoleucine,2,serine,0,6,5,3,6.084,7.633,-0.216,22.0,82.1,0.0,0.0,3.902,0.587,74 292 281 72 97 257 211 139
isoleucine,2,serine,0,6,5,4,6.084,7.633,-0.216,22.0,82.1,0.0,0.0,3.902,1.156,71 316 291 72 95 244 219 103 129 203
isoleucine,2,tryptophan,0,4,16,1,9.5,9.521,0.802,165.5,9.8,3.0425,0.0,1.818,2.334,302 179 153 100
isoleucine,2,tryptophan,0,4,16,2,9.5,9.521,0.802,165.5,9.8,0.7611,0.0,1.666,1.094,355 180 177 175 40 170
isoleucine,2,tryptophan,0,4,16,3,9.5,9.521,0.802,165.5,9.8,0.0806,0.0,2.537,0.285,22 157 177 178 71 151 359 182
isoleucine,2,tryptophan,0,4,16,4,9.5,9.521,0.802,165.5,9.8,0.0,0.0,3.086,1.734,125 206 184 183 243 154 131 269 247 134
isoleucine,2,tryptophan,0,4,17,1,9.5,7.418,0.802,171.9,107.7,1.4355,0.0,3.086,1.59,333 181 161 46
isoleucine,2,tryptophan,0,4,17,2,9.5,7.418,0.802,171.9,107.7,0.0,0.0,2.583,1.113,341 120 244 255 308 111
isoleucine,2,tryptophan,0,4,17,3,9.5,7.418,0.802,171.9,107.7,0.0,0.0,3.086,1.688,94 138 180 310 309 59 107 228
isoleucine,2,tryptophan,0,4,17,4,9.5,7.418,0.802,171.9,107.7,0.0,0.0,2.53,2.379,289 123 152 295 298 112 118 264 243 158
isoleucine,2,tryptophan,0,4,18,1,9.5,7.916,0.802,161.4,88.3,1.2314,0.0,2.401,2.631,261 180 205 263
isoleucine,2,tryptophan,0,4,18,2,9.5,7.916,0.802,161.4,88.3,0.0,0.0,1.283,2.631,306 246 151 195 275 92
isoleucine,2,tryptophan,0,4,18,3,9.5,7.916,0.802,161.4,88.3,0.0,0.0,2.274,2.231,331 257 178 190 288 65 98 253
isoleucine,2,tryptophan,0,4,18,4,9.5,7.916,0.802,161.4,88.3,0.0,0.0,2.584,0.514,13 173 127 48 159 144 82 280 255 108
isoleucine,2,tryptophan,0,5,16,1,9.5,11.859,0.802,53.1,12.5,5.4242,0.0,2.829,1.907,236 1 207 257
isoleucine,2,tryptophan,0,5,16,2,9.5,11.859,0.802,53.1,12.5,1.8178,0.0,2.829,2.154,237 0 140 101 180 180
isoleucine,2,tryptophan,0,5,16,3,9.5,11.859,0.802,53.1,12.5,0.3776,0.0,2.829,1.184,239 16 215 210 218 204 28 163
isoleucine,2,tryptophan,0,5,16,4,9.5,11.859,0.802,53.1,12.5,0.0,0.0,2.286,0.89,267 40 154 194 201 165 137 260 249 164
isoleucine,2,tryptophan,0,5,17,1,9.5,9.656,0.802,57.8,113.9,3.0789,0.0,2.829,1.656,239 1 209 253
isoleucine,2,tryptophan,0,5,17,2,9.5,9.656,0.802,57.8,113.9,0.0,0.0,2.829,1.244,262 331 154 49 235 148
isoleucine,2,tryptophan,0,5,17,3,9.5,9.656,0.802,57.8,113.9,0.0,0.0,1.989,0.632,281 23 66 314 279 113 138 195
isoleucine,2,tryptophan,0,5,17,4,9.5,9.656,0.802,57.8,113.9,0.0,0.0,2.664,0.438,271 10 48 322 284 110 139 245 230 165
isoleucine,2,tryptophan,0,5,18,1,9.5,10.198,0.802,53.9,92.2,3.7409,0.0,2.829,2.63,225 360 154 96
isoleucine,2,tryptophan,0,5,18,2,9.5,10.198,0.802,53.9,92.2,0.4077,0.0,2.829,3.14,209 8 229 251 213 202
isoleucine,2,tryptophan,0,5,18,3,9.5,10.198,0.802,53.9,92.2,0.0,0.0,1.715,0.932,282 37 84 287 254 148 158 183
isoleucine,2,tryptophan,0,5,18,4,9.5,10.198,0.802,53.9,92.2,0.0,0.0,2.61,0.42,273 3 57 318 276 111 146 235 212 168
isoleucine,2,tryptophan,0,6,16,1,9.5,11.414,0.802,70.9,1.8,4.2972,0.0,3.074,3.075,111 359 167 161
isoleucine,2,tryptophan,0,6,16,2,9.5,11.414,0.802,70.9,1.8,1.2795,0.0,1.238,3.07,98 352 176 177 108 149
isoleucine,2,tryptophan,0,6,16,3,9.5,11.414,0.802,70.9,1.8,0.4924,0.0,0.701,3.626,84 347 174 176 117 149 358 182
isoleucine,2,tryptophan,0,6,16,4,9.5,11.414,0.802,70.9,1.8,0.0,0.0,2.334,4.87,105 273 202 168 171 205 262 150 60 179
isoleucine,2,tryptophan,0,6,17,1,9.5,9.524,0.802,63.0,99.2,2.6277,0.0,3.424,3.126,115 359 203 239
isoleucine,2,tryptophan,0,6,17,2,9.5,9.524,0.802,63.0,99.2,0.0,0.0,2.687,1.537,112 26 113 48 292 245
isoleucine,2,tryptophan,0,6,17,3,9.5,9.524,0.802,63.0,99.2,0.0,0.0,3.902,4.388,180 219 249 123 120 223 203 152
isoleucine,2,tryptophan,0,6,17,4,9.5,9.524,0.802,63.0,99.2,0.0,0.0,3.902,3.891,105 337 310 47 71 249 223 91 116 206
isoleucine,2,tryptophan,0,6,18,1,9.5,9.582,0.802,77.8,97.0,2.3998,0.0,3.305,3.773,99 25 197 193
isoleucine,2,tryptophan,0,6,18,2,9.5,9.582,0.802,77.8,97.0,0.0,0.0,2.248,5.06,147 244 226 133 147 192
isoleucine,2,tryptophan,0,6,18,3,9.5,9.582,0.802,77.8,97.0,0.0,0.0,2.049,5.047,146 199 229 147 144 275 259 153
isoleucine,2,tryptophan,0,6,18,4,9.5,9.582,0.802,77.8,97.0,0.0,0.0,2.387,5.061,162 187 211 158 144 241 240 122 140 204
isoleucine,2,aspartic,12,4,3,1,8.684,9.876,-0.731,55.1,64.2,3.3599,0.0,2.958,1.669,102 360 205 265
isoleucine,2,aspartic,12,4,3,2,8.684,9.876,-0.731,55.1,64.2,0.2784,0.0,2.458,2.172,122 1 192 301 129 171
isoleucine,2,aspartic,12,4,3,3,8.684,9.876,-0.731,55.1,64.2,0.0,0.0,2.662,1.319,119 305 283 25 81 255 225 142
isoleucine,2,aspartic,12,4,3,4,8.684,9.876,-0.731,55.1,64.2,0.0,0.0,2.063,0.75,75 335 300 64 87 231 220 92 107 202
isoleucine,2,aspartic,12,4,4,1,8.684,10.24,-0.731,61.3,49.1,3.3969,0.0,2.524,1.234,87 360 155 122
isoleucine,2,aspartic,12,4,4,2,8.684,10.24,-0.731,61.3,49.1,0.2948,0.0,2.141,1.525,70 360 166 147 115 165
isoleucine,2,aspartic,12,4,4,3,8.684,10.24,-0.731,61.3,49.1,0.0,0.0,2.88,0.879,95 244 229 145 156 248 244 173
isoleucine,2,aspartic,12,4,4,4,8.684,10.24,-0.731,61.3,49.1,0.0,0.0,1.36,0.756,29 3 310 14 54 295 257 138 138 185
isoleucine,2,aspartic,12,4,5,1,8.684,7.849,-0.731,59.6,161.3,1.4147,0.0,2.686,1.313,92 2 149 91
isoleucine,2,aspartic,12,4,5,2,8.684,7.849,-0.731,59.6,161.3,0.0,0.0,1.693,1.68,61 334 225 162 32 109
isoleucine,2,aspartic,12,4,5,3,8.684,7.849,-0.731,59.6,161.3,0.0,0.0,1.575,1.002,24 340 301 59 95 255 224 156
isoleucine,2,aspartic,12,4,5,4,8.684,7.849,-0.731,59.6,161.3,0.0,0.0,2.526,1.32,28 79 51 106 137 268 276 103 94 187
isoleucine,2,aspartic,12,5,3,1,8.684,7.688,-0.731,153.8,71.6,0.6507,0.0,1.796,3.759,2 181 204 233
isoleucine,2,aspartic,12,5,3,2,8.684,7.688,-0.731,153.8,71.6,0.0,0.0,1.612,3.759,349 112 230 316 319 64
isoleucine,2,aspartic,12,5,3,3,8.684,7.688,-0.731,153.8,71.6,0.0,0.0,2.829,3.759,80 58 358 336 122 21 303 20
isoleucine,2,aspartic,12,5,3,4,8.684,7.688,-0.731,153.8,71.6,0.0,0.0,1.339,2.861,306 106 136 318 307 82 100 309 287 166
isoleucine,2,aspartic,12,5,4,1,8.684,8.384,-0.731,139.6,43.6,1.0956,0.0,1.886,3.674,7 211 182 181
isoleucine,2,aspartic,12,5,4,2,8.684,8.384,-0.731,139.6,43.6,0.0,0.0,0.606,2.936,310 35 289 214 31 154
isoleucine,2,aspartic,12,5,4,3,8.684,8.384,-0.731,139.6,43.6,0.0,0.0,2.829,0.658,261 144 109 135 106 199 18 311
isoleucine,2,aspartic,12,5,4,4,8.684,8.384,-0.731,139.6,43.6,0.0,0.0,0.838,0.772,314 13 65 17 350 87 119 329 264 146
isoleucine,2,aspartic,12,5,5,1,8.684,5.914,-0.731,143.2,157.6,0.3135,0.0,1.957,2.202,302 212 74 72
isoleucine,2,aspartic,12,5,5,2,8.684,5.914,-0.731,143.2,157.6,0.0,0.0,2.369,0.495,283 278 354 128 84 40
isoleucine,2,aspartic,12,5,5,3,8.684,5.914,-0.731,143.2,157.6,0.0,0.0,2.829,3.759,73 271 172 204 321 20 121 310
isoleucine,2,aspartic,12,5,5,4,8.684,5.914,-0.731,143.2,157.6,0.0,0.0,2.829,3.759,60 31 77 87 51 33 75 346 291 128
isoleucine,2,aspartic,12,6,3,1,8.684,9.919,-0.731,53.2,77.7,3.556,0.0,3.902,5.061,256 1 206 264
isoleucine,2,aspartic,12,6,3,2,8.684,9.919,-0.731,53.2,77.7,0.0,0.0,3.735,5.061,250 358 231 262 187 183
isoleucine,2,aspartic,12,6,3,3,8.684,9.919,-0.731,53.2,77.7,0.0,0.0,3.126,5.061,311 20 83 300 265 131 141 177
isoleucine,2,aspartic,12,6,3,4,8.684,9.919,-0.731,53.2,77.7,0.0,0.0,3.902,4.988,213 348 235 56 145 86 290 142 65 342
isoleucine,2,aspartic,12,6,4,1,8.684,10.7,-0.731,41.1,46.5,4.9721,0.0,3.902,5.061,266 360 200 304
isoleucine,2,aspartic,12,6,4,2,8.684,10.7,-0.731,41.1,46.5,1.4263,0.0,3.902,4.856,262 1 216 285 189 186
isoleucine,2,aspartic,12,6,4,3,8.684,10.7,-0.731,41.1,46.5,0.0,0.0,3.725,4.213,319 340 153 102 111 172 270 205
isoleucine,2,aspartic,12,6,4,4,8.684,10.7,-0.731,41.1,46.5,0.0,0.0,3.556,4.367,359 33 100 271 242 138 147 197 212 189
isoleucine,2,aspartic,12,6,5,1,8.684,8.269,-0.731,41.6,158.7,2.9029,0.0,3.806,5.061,261 358 200 321
isoleucine,2,aspartic,12,6,5,2,8.684,8.269,-0.731,41.6,158.7,0.0,0.0,3.087,4.672,286 15 124 339 267 198
isoleucine,2,aspartic,12,6,5,3,8.684,8.269,-0.731,41.6,158.7,0.0,0.0,3.136,4.695,317 41 70 292 258 114 149 205
isoleucine,2,aspartic,12,6,5,4,8.684,8.269,-0.731,41.6,158.7,0.0,0.0,2.855,3.177,291 309 316 288 189 65 98 258 286 210
leucine,2,tyrosine,3,1,8,1,13.505,13.158,-0.065,73.7,119.0,5.9701,0.0,1.502,3.207,353 352 172 174
leucine,2,tyrosine,3,1,8,2,13.505,13.158,-0.065,73.7,119.0,2.3051,0.0,1.454,1.966,347 0 203 205 180 180
leucine,2,tyrosine,3,1,8,3,13.505,13.158,-0.065,73.7,119.0,0.0,0.0,1.775,1.664,310 57 147 16 282 150 174 173
leucine,2,tyrosine,3,1,8,4,13.505,13.158,-0.065,73.7,119.0,0.0,0.0,2.008,3.241,340 44 80 326 294 133 162 238 226 168
leucine,2,tyrosine,3,1,9,1,13.505,15.438,-0.065,70.7,14.9,8.2457,0.0,1.514,3.17,350 359 178 178
leucine,2,tyrosine,3,1,9,2,13.505,15.438,-0.065,70.7,14.9,4.6711,0.0,1.507,2.026,350 360 207 210 179 179
leucine,2,tyrosine,3,1,9,3,13.505,15.438,-0.065,70.7,14.9,1.1639,0.0,1.421,2.11,346 360 170 171 180 180 214 204
leucine,2,tyrosine,3,1,9,4,13.505,15.438,-0.065,70.7,14.9,0.2195,0.0,1.622,3.817,313 47 194 187 187 186 149 162 3 178
leucine,2,tyrosine,3,1,10,1,13.505,13.774,-0.065,63.6,94.0,6.7749,0.0,1.476,2.968,348 0 163 145
leucine,2,tyrosine,3,1,10,2,13.505,13.774,-0.065,63.6,94.0,3.2709,0.0,1.455,1.408,346 2 218 229 189 186
leucine,2,tyrosine,3,1,10,3,13.505,13.774,-0.065,63.6,94.0,0.0,0.0,1.704,1.137,351 12 125 135 156 214 97 161
leucine,2,tyrosine,3,1,10,4,13.505,13.774,-0.065,63.6,94.0,0.0,0.0,2.037,3.195,338 47 81 324 294 131 163 220 208 172
leucine,2,tyrosine,3,2,8,1,13.505,13.285,-0.065,68.8,115.5,6.1478,0.0,1.344,2.595,14 2 192 196
leucine,2,tyrosine,3,2,8,2,13.505,13.285,-0.065,68.8,115.5,2.5718,0.0,1.328,1.001,16 359 148 141 178 179
leucine,2,tyrosine,3,2,8,3,13.505,13.285,-0.065,68.8,115.5,0.0,0.0,1.821,1.211,42 301 221 326 56 210 166 190
leucine,2,tyrosine,3,2,8,4,13.505,13.285,-0.065,68.8,115.5,0.0,0.0,1.924,3.133,47 293 260 49 79 218 192 117 128 192
leucine,2,tyrosine,3,2,9,1,13.505,15.485,-0.065,68.9,15.0,8.3319,0.0,1.43,2.203,10 1 184 186
leucine,2,tyrosine,3,2,9,2,13.505,15.485,-0.065,68.9,15.0,4.7716,0.0,1.425,0.908,11 0 150 145 181 181
leucine,2,tyrosine,3,2,9,3,13.505,15.485,-0.065,68.9,15.0,1.195,0.0,1.367,1.77,15 358 198 200 175 177 152 157
leucine,2,tyrosine,3,2,9,4,13.505,15.485,-0.065,68.9,15.0,0.2239,0.0,1.517,2.932,45 317 166 173 174 174 209 197 357 182
leucine,2,tyrosine,3,2,10,1,13.505,13.562,-0.065,71.8,104.1,6.3847,0.0,1.533,1.531,9 355 171 171
leucine,2,tyrosine,3,2,10,2,13.505,13.562,-0.065,71.8,104.1,2.7473,0.0,1.565,1.248,5 360 208 211 180 180
leucine,2,tyrosine,3,2,10,3,13.505,13.562,-0.065,71.8,104.1,0.0,0.0,2.304,0.913,15 306 251 213 203 161 254 266
leucine,2,tyrosine,3,2,10,4,13.505,13.562,-0.065,71.8,104.1,0.0,0.0,2.39,1.574,350 340 302 21 61 246 207 153 150 179
leucine,2,tyrosine,3,13,8,1,13.505,13.797,-0.065,47.5,109.2,7.5823,0.0,1.603,2.723,356 0 155 88
leucine,2,tyrosine,3,13,8,2,13.505,13.797,-0.065,47.5,109.2,4.0422,0.0,1.602,1.181,356 1 219 265 185 183
leucine,2,tyrosine,3,13,8,3,13.505,13.797,-0.065,47.5,109.2,0.3079,0.0,1.635,1.387,357 360 213 268 173 177 175 176
leucine,2,tyrosine,3,13,8,4,13.505,13.797,-0.065,47.5,109.2,0.0,0.0,2.102,3.39,289 79 116 300 260 145 166 189 196 186
leucine,2,tyrosine,3,13,9,1,13.505,15.891,-0.065,52.2,6.6,9.3843,0.0,1.694,2.722,359 0 205 251
leucine,2,tyrosine,3,13,9,2,13.505,15.891,-0.065,52.2,6.6,5.8729,0.0,1.697,1.156,359 0 141 107 181 180
leucine,2,tyrosine,3,13,9,3,13.505,15.891,-0.065,52.2,6.6,2.1547,0.0,1.594,0.658,360 0 215 252 183 182 182 182
leucine,2,tyrosine,3,13,9,4,13.505,15.891,-0.065,52.2,6.6,0.7264,0.0,2.036,0.542,10 360 151 136 177 179 178 178 33 166
leucine,2,tyrosine,3,13,10,1,13.505,14.002,-0.065,54.2,101.0,7.4144,0.0,1.904,2.219,6 0 205 249
leucine,2,tyrosine,3,13,10,2,13.505,14.002,-0.065,54.2,101.0,3.8773,0.0,1.904,1.198,6 0 141 108 181 180
leucine,2,tyrosine,3,13,10,3,13.505,14.002,-0.065,54.2,101.0,0.2505,0.0,2.041,0.197,12 358 213 257 151 167 161 161
leucine,2,tyrosine,3,13,10,4,13.505,14.002,-0.065,54.2,101.0,0.0,0.0,1.369,0.644,350 330 290 28 74 243 211 168 173 182
leucine,2,phenylalanine,2,1,12,1,11.335,13.459,-0.055,25.3,60.2,8.6018,0.0,1.354,3.583,18 360 180 360
leucine,2,phenylalanine,2,1,12,2,11.335,13.459,-0.055,25.3,60.2,5.148,0.0,1.391,1.327,15 1 156 42 191 187
leucine,2,phenylalanine,2,1,12,3,11.335,13.459,-0.055,25.3,60.2,1.3462,0.0,1.368,1.439,17 0 164 31 188 184 184 184
leucine,2,phenylalanine,2,1,12,4,11.335,13.459,-0.055,25.3,60.2,0.0,0.0,2.354,2.917,52 272 258 93 100 205 192 173 177 185
leucine,2,phenylalanine,2,1,13,1,11.335,13.846,-0.055,15.2,42.9,9.8112,0.0,1.274,3.899,24 360 180 359
leucine,2,phenylalanine,2,1,13,2,11.335,13.846,-0.055,15.2,42.9,6.1206,0.0,1.282,1.761,23 0 178 3 182 182
leucine,2,phenylalanine,2,1,13,3,11.335,13.846,-0.055,15.2,42.9,2.5132,0.0,1.258,0.472,27 360 182 357 154 156 174 176
leucine,2,phenylalanine,2,1,13,4,11.335,13.846,-0.055,15.2,42.9,0.2722,0.0,2.211,4.216,74 359 183 357 205 212 169 174 97 144
leucine,2,phenylalanine,2,1,14,1,11.335,11.612,-0.055,19.6,136.6,7.3887,0.0,1.252,4.255,31 360 181 359
leucine,2,phenylalanine,2,1,14,2,11.335,11.612,-0.055,19.6,136.6,3.7274,0.0,1.252,2.015,28 0 173 10 186 184
leucine,2,phenylalanine,2,1,14,3,11.335,11.612,-0.055,19.6,136.6,0.0711,0.0,1.253,0.607,29 359 185 354 154 157 167 171
leucine,2,phenylalanine,2,1,14,4,11.335,11.612,-0.055,19.6,136.6,0.0,0.0,1.839,2.869,7 303 276 89 85 214 211 157 160 189
leucine,2,phenylalanine,2,2,12,1,11.335,12.307,-0.055,78.4,51.3,5.0439,0.0,2.967,1.023,303 29 181 180
leucine,2,phenylalanine,2,2,12,2,11.335,12.307,-0.055,78.4,51.3,1.3364,0.0,2.493,0.767,324 353 168 172 175 176
leucine,2,phenylalanine,2,2,12,3,11.335,12.307,-0.055,78.4,51.3,0.0,0.0,2.624,0.905,335 343 170 54 291 179 73 144
leucine,2,phenylalanine,2,2,12,4,11.335,12.307,-0.055,78.4,51.3,0.0,0.0,2.967,2.128,297 62 95 313 289 135 153 265 248 157
leucine,2,phenylalanine,2,2,13,1,11.335,12.379,-0.055,86.3,48.0,5.1414,0.0,2.879,1.697,338 310 175 177
leucine,2,phenylalanine,2,2,13,2,11.335,12.379,-0.055,86.3,48.0,1.3919,0.0,2.967,1.7,331 318 179 179 179 179
leucine,2,phenylalanine,2,2,13,3,11.335,12.379,-0.055,86.3,48.0,0.0,0.0,2.967,2.079,314 8 60 144 178 99 94 180
leucine,2,phenylalanine,2,2,13,4,11.335,12.379,-0.055,86.3,48.0,0.0,0.0,2.703,1.676,320 23 59 324 303 131 155 253 233 159
leucine,2,phenylalanine,2,2,14,1,11.335,10.36,-0.055,79.2,130.5,3.1143,0.0,2.967,1.294,329 330 178 179
leucine,2,phenylalanine,2,2,14,2,11.335,10.36,-0.055,79.2,130.5,0.0,0.0,2.913,1.666,331 345 108 150 142 103
leucine,2,phenylalanine,2,2,14,3,11.335,10.36,-0.055,79.2,130.5,0.0,0.0,2.069,1.786,354 350 70 330 290 108 122 169
leucine,2,phenylalanine,2,2,14,4,11.335,10.36,-0.055,79.2,130.5,0.0,0.0,2.892,1.805,320 9 46 328 303 114 137 261 237 154
leucine,2,phenylalanine,2,13,12,1,11.335,11.946,-0.055,91.9,55.4,4.6818,0.0,2.967,1.769,62 297 179 179
leucine,2,phenylalanine,2,13,12,2,11.335,11.946,-0.055,91.9,55.4,0.965,0.0,2.37,1.053,57 302 186 183 184 184
leucine,2,phenylalanine,2,13,12,3,11.335,11.946,-0.055,91.9,55.4,0.0,0.0,2.378,3.883,327 115 186 236 205 207 87 206
leucine,2,phenylalanine,2,13,12,4,11.335,11.946,-0.055,91.9,55.4,0.0,0.0,2.265,1.076,48 295 258 33 63 235 215 80 102 209
leucine,2,phenylalanine,2,13,13,1,11.335,12.08,-0.055,97.6,49.5,4.8395,0.0,2.639,2.258,7 73 185 183
leucine,2,phenylalanine,2,13,13,2,11.335,12.08,-0.055,97.6,49.5,1.0993,0.0,2.708,2.255,11 70 187 183 185 184
leucine,2,phenylalanine,2,13,13,3,11.335,12.08,-0.055,97.6,49.5,0.0,0.0,2.967,5.249,98 216 197 148 158 222 219 177
leucine,2,phenylalanine,2,13,13,4,11.335,12.08,-0.055,97.6,49.5,0.0,0.0,2.109,2.317,34 347 310 28 50 234 207 102 124 203
leucine,2,phenylalanine,2,13,14,1,11.335,9.874,-0.055,97.4,144.0,2.7032,0.0,2.967,2.223,69 290 169 174
leucine,2,phenylalanine,2,13,14,2,11.335,9.874,-0.055,97.4,144.0,0.0,0.0,2.47,1.158,352 69 197 298 40 179
leucine,2,phenylalanine,2,13,14,3,11.335,9.874,-0.055,97.4,144.0,0.0,0.0,2.967,2.683,43 258 228 294 12 89 87 123
leucine,2,phenylalanine,2,13,14,4,11.335,9.874,-0.055,97.4,144.0,0.0,0.0,2.967,3.924,56 55 336 352 38 231 232 70 116 239
leucine,2,arginine,3,1,16,1,6.685,8.877,0.611,52.8,21.6,2.5131,0.0,1.346,5.235,42 0 204 276
leucine,2,arginine,3,1,16,2,6.685,8.877,0.611,52.8,21.6,0.481,0.0,2.144,5.864,70 2 150 128 17 173
leucine,2,arginine,3,1,16,3,6.685,8.877,0.611,52.8,21.6,0.0,0.0,2.703,5.263,94 347 195 31 77 226 328 191
leucine,2,arginine,3,1,16,4,6.685,8.877,0.611,52.8,21.6,0.0,0.0,1.435,5.447,53 334 290 44 72 250 232 102 118 202
leucine,2,arginine,3,1,17,1,6.685,7.025,0.611,42.3,101.2,1.7562,0.0,1.252,4.159,29 2 171 12
leucine,2,arginine,3,1,17,2,6.685,7.025,0.611,42.3,101.2,0.0,0.0,1.462,1.735,358 337 201 9 251 295
leucine,2,arginine,3,1,17,3,6.685,7.025,0.611,42.3,101.2,0.0,0.0,2.101,0.407,331 299 221 11 249 331 171 162
leucine,2,arginine,3,1,17,4,6.685,7.025,0.611,42.3,101.2,0.0,0.0,1.405,3.444,48 330 297 57 79 265 242 71 103 211
leucine,2,arginine,3,1,18,1,6.685,6.694,0.611,60.6,115.2,0.1112,0.0,1.324,5.275,40 0 210 280
leucine,2,arginine,3,1,18,2,6.685,6.694,0.611,60.6,115.2,0.0,0.0,1.662,5.26,6 297 307 50 97 243
leucine,2,arginine,3,1,18,3,6.685,6.694,0.611,60.6,115.2,0.0,0.0,1.291,5.134,331 348 308 44 81 291 256 151
leucine,2,arginine,3,1,18,4,6.685,6.694,0.611,60.6,115.2,0.0,0.0,1.607,5.16,5 3 330 20 41 286 261 84 120 216
leucine,2,arginine,3,2,16,1,6.685,9.123,0.611,41.7,26.6,3.4336,0.0,2.967,1.177,321 360 163 45
leucine,2,arginine,3,2,16,2,6.685,9.123,0.611,41.7,26.6,0.5147,0.0,2.967,1.608,298 2 172 97 110 173
leucine,2,arginine,3,2,16,3,6.685,9.123,0.611,41.7,26.6,0.0,0.0,2.967,3.704,284 7 146 352 270 107 34 160
leucine,2,arginine,3,2,16,4,6.685,9.123,0.611,41.7,26.6,0.0,0.0,2.368,1.548,329 26 59 313 285 110 135 246 223 160
leucine,2,arginine,3,2,17,1,6.685,6.873,0.611,49.0,121.6,1.1476,0.0,2.798,0.974,327 360 158 45
leucine,2,arginine,3,2,17,2,6.685,6.873,0.611,49.0,121.6,0.0,0.0,1.934,0.218,357 69 93 281 225 122
leucine,2,arginine,3,2,17,3,6.685,6.873,0.611,49.0,121.6,0.0,0.0,2.077,0.82,14 90 110 269 173 51 212 284
leucine,2,arginine,3,2,17,4,6.685,6.873,0.611,49.0,121.6,0.0,0.0,1.315,0.765,17 360 54 342 314 74 82 262 243 140
leucine,2,arginine,3,2,18,1,6.685,7.375,0.611,29.5,99.9,3.1332,0.0,2.967,1.121,318 1 174 6
leucine,2,arginine,3,2,18,2,6.685,7.375,0.611,29.5,99.9,0.1173,0.0,2.967,3.413,287 360 181 359 237 264
leucine,2,arginine,3,2,18,3,6.685,7.375,0.611,29.5,99.9,0.0,0.0,2.967,2.345,301 67 72 290 279 95 141 231
leucine,2,arginine,3,2,18,4,6.685,7.375,0.611,29.5,99.9,0.0,0.0,2.826,1.863,313 32 66 300 273 108 132 260 237 158
leucine,2,arginine,3,13,16,1,6.685,7.755,0.611,95.4,35.1,0.7898,0.0,2.853,4.155,27 252 246 198
leucine,2,arginine,3,13,16,2,6.685,7.755,0.611,95.4,35.1,0.0372,0.0,2.967,4.224,42 177 291 215 359 186
leucine,2,arginine,3,13,16,3,6.685,7.755,0.611,95.4,35.1,0.0,0.0,2.838,4.55,20 160 265 342 336 57 90 275
leucine,2,arginine,3,13,16,4,6.685,7.755,0.611,95.4,35.1,0.0,0.0,2.967,5.379,255 97 204 281 194 281 1 86 26 91
leucine,2,arginine,3,13,17,1,6.685,5.857,0.611,87.3,111.0,0.0,0.0,2.967,2.908,48 237 270 312
leucine,2,arginine,3,13,17,2,6.685,5.857,0.611,87.3,111.0,0.0,0.0,2.967,3.005,76 163 286 358 243 269
leucine,2,arginine,3,13,17,3,6.685,5.857,0.611,87.3,111.0,0.0,0.0,2.009,3.438,284 23 313 47 89 7 113 87
leucine,2,arginine,3,13,17,4,6.685,5.857,0.611,87.3,111.0,0.0,0.0,1.555,3.293,299 29 348 37 72 289 252 57 102 223
leucine,2,arginine,3,13,18,1,6.685,5.808,0.611,93.3,113.2,0.0,0.0,2.473,3.999,352 126 34 257
leucine,2,arginine,3,13,18,2,6.685,5.808,0.611,93.3,113.2,0.0,0.0,2.936,3.83,26 111 309 10 259 357
leucine,2,arginine,3,13,18,3,6.685,5.808,0.611,93.3,113.2,0.0,0.0,2.967,3.225,63 7 22 302 279 78 134 241
leucine,2,arginine,3,13,18,4,6.685,5.808,0.611,93.3,113.2,0.0,0.0,1.9,5.379,309 338 42 55 34 65 80 308 245 111
leucine,2,lysine,3,1,13,1,3.811,4.458,0.059,50.3,96.6,1.4598,0.0,2.989,6.173,246 291 268 359
leucine,2,lysine,3,1,13,2,3.811,4.458,0.059,50.3,96.6,0.0,0.0,2.989,6.173,251 141 28 93 74 332
leucine,2,lysine,3,1,13,3,3.811,4.458,0.059,50.3,96.6,0.0,0.0,1.944,5.392,333 49 40 280 270 73 147 254
leucine,2,lysine,3,1,13,4,3.811,4.458,0.059,50.3,96.6,0.0,0.0,1.392,5.012,347 355 36 305 273 88 115 259 235 158
leucine,2,lysine,3,1,14,1,3.811,5.97,0.059,48.8,39.0,1.1285,0.0,2.182,5.014,275 36 131 5
leucine,2,lysine,3,1,14,2,3.811,5.97,0.059,48.8,39.0,0.0,0.0,2.48,5.168,291 94 63 265 273 91
leucine,2,lysine,3,1,14,3,3.811,5.97,0.059,48.8,39.0,0.0,0.0,1.631,4.899,356 32 55 296 264 83 131 220
leucine,2,lysine,3,1,14,4,3.811,5.97,0.059,48.8,39.0,0.0,0.0,2.42,0.806,336 268 331 228 250 103 60 301 277 140
leucine,2,lysine,3,1,15,1,3.811,3.914,0.059,37.1,120.8,2.5273,0.0,1.9,4.716,292 61 101 1
leucine,2,lysine,3,1,15,2,3.811,3.914,0.059,37.1,120.8,0.0104,0.0,1.774,4.327,314 168 358 316 239 359
leucine,2,lysine,3,1,15,3,3.811,3.914,0.059,37.1,120.8,0.0,0.0,2.104,2.888,324 103 74 198 293 102 122 308
leucine,2,lysine,3,1,15,4,3.811,3.914,0.059,37.1,120.8,0.0,0.0,1.277,3.551,22 5 39 314 293 71 99 278 238 144
leucine,2,lysine,3,2,13,1,3.811,2.17,0.059,166.2,88.5,3.2186,0.0,2.268,4.879,49 43 343 356
leucine,2,lysine,3,2,13,2,3.811,2.17,0.059,166.2,88.5,1.7402,0.0,2.967,4.955,169 4 360 19 155 360
leucine,2,lysine,3,2,13,3,3.811,2.17,0.059,166.2,88.5,0.0,0.0,2.424,4.955,239 327 39 118 40 298 272 312
leucine,2,lysine,3,2,13,4,3.811,2.17,0.059,166.2,88.5,0.0,0.0,2.967,4.955,160 257 155 196 299 126 33 68 161 259
leucine,2,lysine,3,2,14,1,3.811,3.942,0.059,131.9,24.2,1.5696,0.0,2.312,4.742,44 53 357 357
leucine,2,lysine,3,2,14,2,3.811,3.942,0.059,131.9,24.2,0.3632,0.0,2.926,4.955,82 48 359 85 81 359
leucine,2,lysine,3,2,14,3,3.811,3.942,0.059,131.9,24.2,0.0,0.0,2.967,4.955,133 341 32 344 214 150 30 322
leucine,2,lysine,3,2,14,4,3.811,3.942,0.059,131.9,24.2,0.0,0.0,1.624,4.776,245 45 345 26 76 276 316 91 73 261
leucine,2,lysine,3,2,15,1,3.811,2.208,0.059,97.6,87.2,2.9044,0.0,2.406,3.924,41 77 11 7
leucine,2,lysine,3,2,15,2,3.811,2.208,0.059,97.6,87.2,1.8733,0.0,2.394,4.112,83 79 6 47 115 3
leucine,2,lysine,3,2,15,3,3.811,2.208,0.059,97.6,87.2,0.0,0.0,1.928,3.311,80 170 306 200 347 48 106 14
leucine,2,lysine,3,2,15,4,3.811,2.208,0.059,97.6,87.2,0.0,0.0,2.107,3.894,160 214 317 208 4 301 246 339 159 199
leucine,2,lysine,3,13,13,1,3.811,4.496,0.059,48.8,87.8,1.5645,0.0,2.786,5.379,117 67 92 3
leucine,2,lysine,3,13,13,2,3.811,4.496,0.059,48.8,87.8,0.0,0.0,1.524,4.983,84 181 39 32 95 34
leucine,2,lysine,3,13,13,3,3.811,4.496,0.059,48.8,87.8,0.0,0.0,0.398,3.098,72 293 348 80 76 308 183 47
leucine,2,lysine,3,13,13,4,3.811,4.496,0.059,48.8,87.8,0.0,0.0,1.978,2.343,26 4 323 62 93 267 241 92 116 202
leucine,2,lysine,3,13,14,1,3.811,6.139,0.059,41.4,16.7,2.0322,0.0,1.004,3.41,84 326 227 352
leucine,2,lysine,3,13,14,2,3.811,6.139,0.059,41.4,16.7,0.7516,0.0,2.699,0.809,45 319 262 278 295 298
leucine,2,lysine,3,13,14,3,3.811,6.139,0.059,41.4,16.7,0.0,0.0,1.622,2.033,58 4 166 178 44 200 323 38
leucine,2,lysine,3,13,14,4,3.811,6.139,0.059,41.4,16.7,0.0,0.0,1.984,1.165,26 74 36 112 134 268 263 88 100 200
leucine,2,lysine,3,13,15,1,3.811,3.966,0.059,34.8,109.1,2.678,0.0,1.562,2.333,68 299 261 358
leucine,2,lysine,3,13,15,2,3.811,3.966,0.059,34.8,109.1,0.0,0.0,2.437,0.946,32 221 339 346 202 7
leucine,2,lysine,3,13,15,3,3.811,3.966,0.059,34.8,109.1,0.0,0.0,2.043,1.073,336 296 306 85 86 294 229 108
leucine,2,lysine,3,13,15,4,3.811,3.966,0.059,34.8,109.1,0.0,0.0,1.324,0.65,325 349 317 45 68 291 260 86 128 215
leucine,2,aspartic,4,1,3,1,15.224,17.388,-0.596,48.3,41.5,11.0391,0.0,1.605,3.042,6 0 205 259
leucine,2,aspartic,4,1,3,2,15.224,17.388,-0.596,48.3,41.5,7.529,0.0,1.609,1.365,6 0 141 100 184 182
leucine,2,aspartic,4,1,3,3,15.224,17.388,-0.596,48.3,41.5,3.8406,0.0,1.617,0.988,6 1 215 258 189 185 188 187
leucine,2,aspartic,4,1,3,4,15.224,17.388,-0.596,48.3,41.5,0.4381,0.0,1.177,0.729,5 1 216 245 194 187 192 191 223 203
leucine,2,aspartic,4,1,4,1,15.224,15.595,-0.596,45.5,113.8,9.4217,0.0,1.768,2.984,359 0 156 88
leucine,2,aspartic,4,1,4,2,15.224,15.595,-0.596,45.5,113.8,5.9018,0.0,1.773,1.301,360 360 218 267 179 180
leucine,2,aspartic,4,1,4,3,15.224,15.595,-0.596,45.5,113.8,2.2052,0.0,1.778,0.966,360 0 145 92 181 180 181 181
leucine,2,aspartic,4,1,4,4,15.224,15.595,-0.596,45.5,113.8,0.0,0.0,2.251,0.576,313 81 158 258 225 173 170 174 182 183
leucine,2,aspartic,4,1,5,1,15.224,17.002,-0.596,40.1,59.2,11.119,0.0,1.584,3.107,7 360 203 286
leucine,2,aspartic,4,1,5,2,15.224,17.002,-0.596,40.1,59.2,7.5933,0.0,1.583,1.216,7 360 143 85 177 178
leucine,2,aspartic,4,1,5,3,15.224,17.002,-0.596,40.1,59.2,3.9346,0.0,1.56,1.211,8 359 213 280 169 174 170 171
leucine,2,aspartic,4,1,5,4,15.224,17.002,-0.596,40.1,59.2,0.5245,0.0,1.507,1.596,11 359 211 293 162 170 163 165 138 157
leucine,2,aspartic,4,2,3,1,15.224,16.906,-0.596,68.6,34.3,9.7208,0.0,2.312,0.517,341 1 183 184
leucine,2,aspartic,4,2,3,2,15.224,16.906,-0.596,68.6,34.3,6.1967,0.0,2.287,0.341,342 359 149 145 177 178
leucine,2,aspartic,4,2,3,3,15.224,16.906,-0.596,68.6,34.3,2.4546,0.0,2.306,0.301,341 0 202 209 181 181 181 181
leucine,2,aspartic,4,2,3,4,15.224,16.906,-0.596,68.6,34.3,0.3144,0.0,1.929,0.203,353 0 152 137 183 182 182 182 293 204
leucine,2,aspartic,4,2,4,1,15.224,14.916,-0.596,73.8,116.8,7.6994,0.0,2.318,0.588,337 8 184 183
leucine,2,aspartic,4,2,4,2,15.224,14.916,-0.596,73.8,116.8,4.0615,0.0,2.259,0.187,343 360 159 159 179 179
leucine,2,aspartic,4,2,4,3,15.224,14.916,-0.596,73.8,116.8,0.3743,0.0,2.339,0.52,337 7 194 192 197 191 189 187
leucine,2,aspartic,4,2,4,4,15.224,14.916,-0.596,73.8,116.8,0.0,0.0,2.282,0.517,328 118 72 333 312 150 211 244 201 147
leucine,2,aspartic,4,2,5,1,15.224,16.222,-0.596,73.8,66.1,8.9946,0.0,2.492,0.314,340 352 176 177
leucine,2,aspartic,4,2,5,2,15.224,16.222,-0.596,73.8,66.1,5.351,0.0,2.539,0.367,334 0 201 200 181 181
leucine,2,aspartic,4,2,5,3,15.224,16.222,-0.596,73.8,66.1,1.6661,0.0,2.489,0.402,339 354 171 172 166 170 174 175
leucine,2,aspartic,4,2,5,4,15.224,16.222,-0.596,73.8,66.1,0.0,0.0,2.655,0.523,289 75 145 316 339 147 174 154 133 151
leucine,2,aspartic,4,13,3,1,15.224,16.686,-0.596,77.0,35.4,9.4328,0.0,2.252,1.768,27 336 179 179
leucine,2,aspartic,4,13,3,2,15.224,16.686,-0.596,77.0,35.4,5.7897,0.0,2.075,0.934,8 7 189 186 185 184
leucine,2,aspartic,4,13,3,3,15.224,16.686,-0.596,77.0,35.4,2.1079,0.0,1.355,1.329,29 333 180 180 183 183 180 180
leucine,2,aspartic,4,13,3,4,15.224,16.686,-0.596,77.0,35.4,0.1557,0.0,1.311,2.448,355 7 188 186 195 191 186 185 60 155
leucine,2,aspartic,4,13,4,1,15.224,14.934,-0.596,73.1,107.6,7.6797,0.0,2.267,1.485,16 2 181 181
leucine,2,aspartic,4,13,4,2,15.224,14.934,-0.596,73.1,107.6,4.1636,0.0,2.334,1.136,22 354 153 156 168 172
leucine,2,aspartic,4,13,4,3,15.224,14.934,-0.596,73.1,107.6,0.3888,0.0,2.327,0.864,21 355 167 168 164 170 173 174
leucine,2,aspartic,4,13,4,4,15.224,14.934,-0.596,73.1,107.6,0.0,0.0,1.589,1.154,49 251 260 36 60 197 161 115 140 206
leucine,2,aspartic,4,13,5,1,15.224,16.026,-0.596,81.1,65.9,8.783,0.0,2.354,1.756,358 37 183 182
leucine,2,aspartic,4,13,5,2,15.224,16.026,-0.596,81.1,65.9,5.0806,0.0,2.466,0.832,34 334 177 179 178 178
leucine,2,aspartic,4,13,5,3,15.224,16.026,-0.596,81.1,65.9,1.4485,0.0,1.64,1.123,357 40 180 180 185 185 180 180
leucine,2,aspartic,4,13,5,4,15.224,16.026,-0.596,81.1,65.9,0.0,0.0,2.549,1.228,360 63 170 63 1 217 205 183 142 149
leucine,2,glutamic,4,1,5,1,19.064,19.343,-0.003,58.9,109.3,12.4768,0.0,1.674,3.407,4 360 160 138
leucine,2,glutamic,4,1,5,2,19.064,19.343,-0.003,58.9,109.3,8.9528,0.0,1.677,1.272,4 360 217 236 178 179
leucine,2,glutamic,4,1,5,3,19.064,19.343,-0.003,58.9,109.3,5.2993,0.0,1.662,0.909,5 359 146 127 173 176 173 174
leucine,2,glutamic,4,1,5,4,19.064,19.343,-0.003,58.9,109.3,1.643,0.0,1.671,0.617,4 360 217 237 178 179 166 168 177 178
leucine,2,glutamic,4,1,6,1,19.064,21.253,-0.003,55.9,26.9,14.4846,0.0,1.578,3.298,7 0 201 230
leucine,2,glutamic,4,1,6,2,19.064,21.253,-0.003,55.9,26.9,10.9719,0.0,1.576,0.894,7 0 141 119 180 180
leucine,2,glutamic,4,1,6,3,19.064,21.253,-0.003,55.9,26.9,7.301,0.0,1.579,0.476,7 0 214 239 183 181 182 182
leucine,2,glutamic,4,1,6,4,19.064,21.253,-0.003,55.9,26.9,3.6776,0.0,1.575,0.895,7 0 141 119 181 181 188 187 181 181
leucine,2,glutamic,4,1,7,1,19.064,18.981,-0.003,53.5,125.1,12.3391,0.0,1.53,3.299,9 360 203 241
leucine,2,glutamic,4,1,7,2,19.064,18.981,-0.003,53.5,125.1,8.8285,0.0,1.528,1.039,9 360 141 113 179 179
leucine,2,glutamic,4,1,7,3,19.064,18.981,-0.003,53.5,125.1,5.1535,0.0,1.529,0.686,9 360 215 247 178 179 178 179
leucine,2,glutamic,4,1,7,4,19.064,18.981,-0.003,53.5,125.1,1.5206,0.0,1.532,1.026,9 360 141 113 178 179 170 171 178 179
leucine,2,glutamic,4,2,5,1,19.064,19.19,-0.003,65.1,104.5,12.0804,0.0,1.962,0.761,352 0 188 193
leucine,2,glutamic,4,2,5,2,19.064,19.19,-0.003,65.1,104.5,8.5637,0.0,1.949,0.294,353 360 146 138 179 179
leucine,2,glutamic,4,2,5,3,19.064,19.19,-0.003,65.1,104.5,4.8793,0.0,1.963,0.124,352 0 208 218 182 181 182 181
leucine,2,glutamic,4,2,5,4,19.064,19.19,-0.003,65.1,104.5,1.2417,0.0,1.933,0.347,352 0 145 137 180 180 179 179 180 180
leucine,2,glutamic,4,2,6,1,19.064,21.042,-0.003,64.7,21.8,13.9346,0.0,2.123,0.783,347 360 178 177
leucine,2,glutamic,4,2,6,2,19.064,21.042,-0.003,64.7,21.8,10.4304,0.0,2.13,0.389,347 0 214 222 181 181
leucine,2,glutamic,4,2,6,3,19.064,21.042,-0.003,64.7,21.8,6.7562,0.0,2.131,0.219,347 0 152 142 181 181 181 181
leucine,2,glutamic,4,2,6,4,19.064,21.042,-0.003,64.7,21.8,3.1549,0.0,1.629,0.407,345 1 213 221 184 183 195 193 185 183
leucine,2,glutamic,4,2,7,1,19.064,18.723,-0.003,64.3,124.4,11.6447,0.0,2.212,0.455,344 360 171 163
leucine,2,glutamic,4,2,7,2,19.064,18.723,-0.003,64.3,124.4,8.1368,0.0,2.224,0.429,344 0 215 224 182 181
leucine,2,glutamic,4,2,7,3,19.064,18.723,-0.003,64.3,124.4,4.4541,0.0,2.213,0.169,344 0 151 139 180 180 180 180
leucine,2,glutamic,4,2,7,4,19.064,18.723,-0.003,64.3,124.4,0.8108,0.0,2.017,0.425,344 1 215 224 182 181 194 191 182 181
leucine,2,glutamic,4,13,5,1,19.064,19.06,-0.003,70.2,102.1,11.8257,0.0,1.853,2.623,5 359 179 179
leucine,2,glutamic,4,13,5,2,19.064,19.06,-0.003,70.2,102.1,8.2946,0.0,1.833,1.425,3 1 208 209 183 182
leucine,2,glutamic,4,13,5,3,19.064,19.06,-0.003,70.2,102.1,4.5886,0.0,1.85,1.854,5 360 162 159 179 180 179 180
leucine,2,glutamic,4,13,5,4,19.064,19.06,-0.003,70.2,102.1,0.9579,0.0,1.439,1.073,4 1 208 209 182 181 194 192 182 181
leucine,2,glutamic,4,13,6,1,19.064,20.77,-0.003,75.3,28.4,13.5175,0.0,1.977,2.429,15 344 179 180
leucine,2,glutamic,4,13,6,2,19.064,20.77,-0.003,75.3,28.4,9.8637,0.0,1.887,1.769,6 0 189 188 181 180
leucine,2,glutamic,4,13,6,3,19.064,20.77,-0.003,75.3,28.4,6.2643,0.0,1.962,2.174,14 347 175 177 167 170 176 177
leucine,2,glutamic,4,13,6,4,19.064,20.77,-0.003,75.3,28.4,2.5433,0.0,1.887,1.688,6 0 191 190 180 180 186 185 180 180
leucine,2,glutamic,4,13,7,1,19.064,18.393,-0.003,77.1,131.3,11.1546,0.0,2.074,2.327,21 336 179 179
leucine,2,glutamic,4,13,7,2,19.064,18.393,-0.003,77.1,131.3,7.4645,0.0,1.924,1.864,7 0 180 180 180 180
leucine,2,glutamic,4,13,7,3,19.064,18.393,-0.003,77.1,131.3,3.9455,0.0,2.07,2.02,20 340 169 172 161 165 169 172
leucine,2,glutamic,4,13,7,4,19.064,18.393,-0.003,77.1,131.3,0.1411,0.0,1.958,2.016,12 352 177 178 177 178 174 176 178 179
leucine,2,isoleucine,2,1,4,1,14.189,15.068,0.043,43.4,98.4,9.0354,0.0,1.428,2.749,346 0 204 278
leucine,2,isoleucine,2,1,4,2,14.189,15.068,0.043,43.4,98.4,5.538,0.0,1.418,0.588,345 1 143 87 186 184
leucine,2,isoleucine,2,1,4,3,14.189,15.068,0.043,43.4,98.4,1.817,0.0,1.415,0.506,345 1 214 273 189 185 188 188
leucine,2,isoleucine,2,1,4,4,14.189,15.068,0.043,43.4,98.4,0.0,0.0,2.024,1.317,285 63 188 275 243 204 215 183 183 182
leucine,2,isoleucine,2,1,5,1,14.189,14.341,0.043,35.4,129.9,8.8174,0.0,1.309,2.743,339 0 161 52
leucine,2,isoleucine,2,1,5,2,14.189,14.341,0.043,35.4,129.9,5.278,0.0,1.315,0.932,339 0 214 290 181 180
leucine,2,isoleucine,2,1,5,3,14.189,14.341,0.043,35.4,129.9,1.6087,0.0,1.311,1.488,339 1 150 66 190 185 190 189
leucine,2,isoleucine,2,1,5,4,14.189,14.341,0.043,35.4,129.9,0.0,0.0,2.478,2.364,288 93 117 279 251 160 179 176 176 183
leucine,2,isoleucine,2,1,6,1,14.189,16.707,0.043,37.7,27.6,10.9583,0.0,1.338,2.825,341 0 159 67
leucine,2,isoleucine,2,1,6,2,14.189,16.707,0.043,37.7,27.6,7.4457,0.0,1.34,0.662,341 360 216 281 179 179
leucine,2,isoleucine,2,1,6,3,14.189,16.707,0.043,37.7,27.6,3.749,0.0,1.334,1.237,341 0 148 77 180 180 180 180
leucine,2,isoleucine,2,1,6,4,14.189,16.707,0.043,37.7,27.6,0.7041,0.0,1.262,2.234,326 1 148 83 201 190 192 191 126 154
leucine,2,isoleucine,2,2,4,1,14.189,14.107,0.043,82.7,90.8,6.8468,0.0,2.477,0.856,322 42 181 180
leucine,2,isoleucine,2,2,4,2,14.189,14.107,0.043,82.7,90.8,3.1895,0.0,2.194,0.606,4 327 169 174 171 172
leucine,2,isoleucine,2,2,4,3,14.189,14.107,0.043,82.7,90.8,0.0,0.0,2.727,0.839,319 22 247 195 244 218 198 194
leucine,2,isoleucine,2,2,4,4,14.189,14.107,0.043,82.7,90.8,0.0,0.0,1.777,0.791,351 54 86 330 305 142 178 247 235 171
leucine,2,isoleucine,2,2,5,1,14.189,13.031,0.043,90.1,138.4,5.8257,0.0,2.454,1.135,10 302 175 177
leucine,2,isoleucine,2,2,5,2,14.189,13.031,0.043,90.1,138.4,2.1371,0.0,2.712,0.884,314 55 175 177 174 174
leucine,2,isoleucine,2,2,5,3,14.189,13.031,0.043,90.1,138.4,0.0,0.0,2.376,2.142,26 254 275 228 165 161 104 164
leucine,2,isoleucine,2,2,5,4,14.189,13.031,0.043,90.1,138.4,0.0,0.0,1.422,1.631,352 24 56 328 303 130 165 247 231 166
leucine,2,isoleucine,2,2,6,1,14.189,15.465,0.043,89.4,33.3,8.2353,0.0,2.776,1.093,312 57 183 182
leucine,2,isoleucine,2,2,6,2,14.189,15.465,0.043,89.4,33.3,4.5322,0.0,2.481,0.828,7 307 183 182 183 183
leucine,2,isoleucine,2,2,6,3,14.189,15.465,0.043,89.4,33.3,0.9506,0.0,2.437,1.194,12 296 186 183 190 189 190 186
leucine,2,isoleucine,2,2,6,4,14.189,15.465,0.043,89.4,33.3,0.0,0.0,2.387,2.226,21 281 172 166 175 108 267 203 32 158
leucine,2,isoleucine,2,13,4,1,14.189,14.522,0.043,67.0,90.5,7.3911,0.0,2.555,0.821,26 360 171 165
leucine,2,isoleucine,2,13,4,2,14.189,14.522,0.043,67.0,90.5,3.8705,0.0,2.524,0.862,24 1 214 221 186 184
leucine,2,isoleucine,2,13,4,3,14.189,14.522,0.043,67.0,90.5,0.1489,0.0,2.496,0.825,23 2 208 217 191 186 188 187
leucine,2,isoleucine,2,13,4,4,14.189,14.522,0.043,67.0,90.5,0.0,0.0,2.967,0.99,59 283 253 52 76 203 180 125 135 191
leucine,2,isoleucine,2,13,5,1,14.189,13.574,0.043,69.7,130.6,6.3993,0.0,2.848,0.522,34 1 187 189
leucine,2,isoleucine,2,13,5,2,14.189,13.574,0.043,69.7,130.6,2.8611,0.0,2.88,0.414,37 358 149 145 174 176
leucine,2,isoleucine,2,13,5,3,14.189,13.574,0.043,69.7,130.6,0.0,0.0,1.649,0.815,63 325 193 308 75 192 190 193
leucine,2,isoleucine,2,13,5,4,14.189,13.574,0.043,69.7,130.6,0.0,0.0,2.967,1.615,65 286 252 53 84 208 191 102 111 196
leucine,2,isoleucine,2,13,6,1,14.189,15.983,0.043,69.9,25.4,8.7841,0.0,2.787,0.612,32 1 183 183
leucine,2,isoleucine,2,13,6,2,14.189,15.983,0.043,69.9,25.4,5.2409,0.0,2.813,0.57,34 359 151 148 178 178
leucine,2,isoleucine,2,13,6,3,14.189,15.983,0.043,69.9,25.4,1.4919,0.0,1.79,0.529,33 360 161 156 179 179 179 179
leucine,2,isoleucine,2,13,6,4,14.189,15.983,0.043,69.9,25.4,0.1903,0.0,2.967,1.08,51 358 153 149 171 175 171 172 343 188
leucine,2,serine,0,1,3,1,10.796,11.836,-0.69,41.6,86.1,6.0174,0.0,1.619,3.363,6 0 158 63
leucine,2,serine,0,1,3,2,10.796,11.836,-0.69,41.6,86.1,2.4472,0.0,1.605,2.032,6 360 216 283 180 180
leucine,2,serine,0,1,3,3,10.796,11.836,-0.69,41.6,86.1,0.0001,0.0,1.761,0.482,35 312 165 64 154 140 155 212
leucine,2,serine,0,1,3,4,10.796,11.836,-0.69,41.6,86.1,0.0,0.0,2.195,0.633,22 293 188 95 192 69 347 312 14 256
leucine,2,serine,0,1,4,1,10.796,12.335,-0.69,40.2,67.4,6.5875,0.0,1.272,4.035,25 360 201 300
leucine,2,serine,0,1,4,2,10.796,12.335,-0.69,40.2,67.4,3.0141,0.0,1.278,2.633,24 360 144 76 180 180
leucine,2,serine,0,1,4,3,10.796,12.335,-0.69,40.2,67.4,0.0861,0.0,1.266,3.233,33 3 214 289 205 193 254 217
leucine,2,serine,0,1,4,4,10.796,12.335,-0.69,40.2,67.4,0.0,0.0,1.798,4.151,57 301 274 59 82 227 204 144 159 193
leucine,2,serine,0,1,5,1,10.796,12.953,-0.69,49.5,40.5,6.66,0.0,1.386,4.011,16 359 154 96
leucine,2,serine,0,1,5,2,10.796,12.953,-0.69,49.5,40.5,3.1246,0.0,1.379,3.061,17 359 218 266 170 174
leucine,2,serine,0,1,5,3,10.796,12.953,-0.69,49.5,40.5,0.1818,0.0,1.395,1.45,17 357 139 128 169 172 267 214
leucine,2,serine,0,1,5,4,10.796,12.953,-0.69,49.5,40.5,0.0,0.0,1.51,1.309,308 4 225 103 99 184 199 181 87 114
leucine,2,serine,0,2,3,1,10.796,11.181,-0.69,69.5,95.3,4.1386,0.0,2.532,0.42,332 6 202 205
leucine,2,serine,0,2,3,2,10.796,11.181,-0.69,69.5,95.3,0.4456,0.0,2.439,0.181,338 360 215 223 180 180
leucine,2,serine,0,2,3,3,10.796,11.181,-0.69,69.5,95.3,0.0,0.0,1.422,0.505,45 2 103 323 222 159 157 122
leucine,2,serine,0,2,3,4,10.796,11.181,-0.69,69.5,95.3,0.0,0.0,2.014,1.747,343 18 55 331 303 112 142 241 220 162
leucine,2,serine,0,2,4,1,10.796,11.825,-0.69,62.9,71.2,4.894,0.0,2.791,0.465,327 359 158 135
leucine,2,serine,0,2,4,2,10.796,11.825,-0.69,62.9,71.2,1.3991,0.0,2.867,0.227,325 0 224 238 181 181
leucine,2,serine,0,2,4,3,10.796,11.825,-0.69,62.9,71.2,0.0,0.0,1.914,0.902,4 342 125 343 262 150 121 111
leucine,2,serine,0,2,4,4,10.796,11.825,-0.69,62.9,71.2,0.0,0.0,2.967,2.449,294 62 92 302 278 135 157 252 235 161
leucine,2,serine,0,2,5,1,10.796,12.704,-0.69,60.1,31.3,5.8891,0.0,2.398,0.756,339 0 204 234
leucine,2,serine,0,2,5,2,10.796,12.704,-0.69,60.1,31.3,2.3075,0.0,2.402,0.656,339 360 140 118 180 180
leucine,2,serine,0,2,5,3,10.796,12.704,-0.69,60.1,31.3,0.3955,0.0,1.773,0.314,1 355 218 247 151 165 73 147
leucine,2,serine,0,2,5,4,10.796,12.704,-0.69,60.1,31.3,0.0,0.0,1.396,0.705,5 23 115 3 318 297 40 161 5 133
leucine,2,serine,0,13,3,1,10.796,10.988,-0.69,76.7,83.1,3.7189,0.0,2.218,1.772,4 22 182 181
leucine,2,serine,0,13,3,2,10.796,10.988,-0.69,76.7,83.1,0.05,0.0,2.261,0.276,17 360 201 200 180 180
leucine,2,serine,0,13,3,3,10.796,10.988,-0.69,76.7,83.1,0.0,0.0,1.385,1.541,349 355 291 10 74 253 228 184
leucine,2,serine,0,13,3,4,10.796,10.988,-0.69,76.7,83.1,0.0,0.0,1.955,2.552,14 346 307 25 55 249 218 112 133 199
leucine,2,serine,0,13,4,1,10.796,11.13,-0.69,89.1,77.8,3.9254,0.0,2.275,2.582,344 55 192 187
leucine,2,serine,0,13,4,2,10.796,11.13,-0.69,89.1,77.8,0.2464,0.0,2.322,1.971,346 54 205 194 202 199
leucine,2,serine,0,13,4,3,10.796,11.13,-0.69,89.1,77.8,0.0,0.0,1.255,2.837,335 7 299 12 77 247 224 189
leucine,2,serine,0,13,4,4,10.796,11.13,-0.69,89.1,77.8,0.0,0.0,1.961,2.436,15 343 305 22 52 245 215 102 124 202
leucine,2,serine,0,13,5,1,10.796,12.179,-0.69,80.2,31.9,4.9306,0.0,2.155,2.337,26 326 178 179
leucine,2,serine,0,13,5,2,10.796,12.179,-0.69,80.2,31.9,1.2066,0.0,1.981,2.411,16 342 171 175 174 175
leucine,2,serine,0,13,5,3,10.796,12.179,-0.69,80.2,31.9,0.0458,0.0,1.368,3.038,351 348 166 169 150 161 352 185
leucine,2,serine,0,13,5,4,10.796,12.179,-0.69,80.2,31.9,0.0,0.0,2.353,0.484,16 8 191 310 132 194 259 143 50 252
leucine,2,tryptophan,0,1,16,1,17.299,18.4,0.439,73.9,63.6,11.1679,0.0,1.598,3.214,351 5 181 181
leucine,2,tryptophan,0,1,16,2,17.299,18.4,0.439,73.9,63.6,7.5231,0.0,1.612,1.959,354 0 162 163 181 180
leucine,2,tryptophan,0,1,16,3,17.299,18.4,0.439,73.9,63.6,3.9382,0.0,1.571,2.329,347 10 196 192 199 193 192 189
leucine,2,tryptophan,0,1,16,4,17.299,18.4,0.439,73.9,63.6,0.341,0.0,1.583,2.561,343 17 202 196 202 196 202 196 202 196
leucine,2,tryptophan,0,1,17,1,17.299,16.252,0.439,69.9,173.6,9.0565,0.0,1.593,3.2,353 0 181 181
leucine,2,tryptophan,0,1,17,2,17.299,16.252,0.439,69.9,173.6,5.532,0.0,1.592,1.891,353 360 152 148 179 180
leucine,2,tryptophan,0,1,17,3,17.299,16.252,0.439,69.9,173.6,1.9863,0.0,1.567,2.08,352 0 205 208 181 181 183 183
leucine,2,tryptophan,0,1,17,4,17.299,16.252,0.439,69.9,173.6,0.0,0.0,1.285,2.598,340 349 189 185 170 168 193 138 116 113
leucine,2,tryptophan,0,1,18,1,17.299,18.169,0.439,68.8,72.6,10.9722,0.0,1.472,3.17,349 359 176 176
leucine,2,tryptophan,0,1,18,2,17.299,18.169,0.439,68.8,72.6,7.4308,0.0,1.457,1.981,347 1 210 214 182 181
leucine,2,tryptophan,0,1,18,3,17.299,18.169,0.439,68.8,72.6,3.7344,0.0,1.473,2.008,349 359 158 153 176 178 177 177
leucine,2,tryptophan,0,1,18,4,17.299,18.169,0.439,68.8,72.6,0.1318,0.0,1.414,2.213,346 359 154 150 174 177 173 174 170 173
leucine,2,tryptophan,0,2,16,1,17.299,18.62,0.439,65.3,56.4,11.5064,0.0,1.418,2.278,11 0 187 191
leucine,2,tryptophan,0,2,16,2,17.299,18.62,0.439,65.3,56.4,7.9958,0.0,1.407,0.901,12 359 146 138 178 179
leucine,2,tryptophan,0,2,16,3,17.299,18.62,0.439,65.3,56.4,4.2933,0.0,1.415,1.386,11 0 207 218 180 180 180 180
leucine,2,tryptophan,0,2,16,4,17.299,18.62,0.439,65.3,56.4,0.6681,0.0,1.412,1.424,12 360 215 223 180 180 177 177 180 180
leucine,2,tryptophan,0,2,17,1,17.299,16.334,0.439,66.7,165.1,9.2118,0.0,1.485,1.963,8 0 182 184
leucine,2,tryptophan,0,2,17,2,17.299,16.334,0.439,66.7,165.1,5.7171,0.0,1.481,0.997,9 359 148 140 178 179
leucine,2,tryptophan,0,2,17,3,17.299,16.334,0.439,66.7,165.1,2.0982,0.0,1.486,1.347,9 359 208 217 176 178 174 174
leucine,2,tryptophan,0,2,17,4,17.299,16.334,0.439,66.7,165.1,0.0,0.0,2.249,1.832,331 63 194 290 88 170 184 198 251 225
leucine,2,tryptophan,0,2,18,1,17.299,18.072,0.439,72.5,78.0,10.8508,0.0,1.478,1.973,8 2 181 181
leucine,2,tryptophan,0,2,18,2,17.299,18.072,0.439,72.5,78.0,7.2287,0.0,1.473,0.984,9 0 158 157 181 181
leucine,2,tryptophan,0,2,18,3,17.299,18.072,0.439,72.5,78.0,3.6346,0.0,1.527,1.469,3 7 199 197 199 192 193 190
leucine,2,tryptophan,0,2,18,4,17.299,18.072,0.439,72.5,78.0,0.0241,0.0,1.565,1.58,359 14 204 198 202 196 203 197 202 196
leucine,2,tryptophan,0,13,16,1,17.299,18.865,0.439,55.2,58.2,12.1465,0.0,1.558,3.066,355 360 158 124
leucine,2,tryptophan,0,13,16,2,17.299,18.865,0.439,55.2,58.2,8.632,0.0,1.555,0.999,354 0 219 244 180 180
leucine,2,tryptophan,0,13,16,3,17.299,18.865,0.439,55.2,58.2,4.9435,0.0,1.557,0.32,354 360 146 117 180 180 180 180
leucine,2,tryptophan,0,13,16,4,17.299,18.865,0.439,55.2,58.2,1.3501,0.0,1.581,0.808,356 359 217 246 171 175 153 158 172 174
leucine,2,tryptophan,0,13,17,1,17.299,16.604,0.439,55.6,168.5,9.9143,0.0,1.664,2.757,358 0 157 121
leucine,2,tryptophan,0,13,17,2,17.299,16.604,0.439,55.6,168.5,6.4061,0.0,1.663,1.225,358 0 218 245 181 181
leucine,2,tryptophan,0,13,17,3,17.299,16.604,0.439,55.6,168.5,2.7933,0.0,1.67,0.667,358 0 144 115 183 182 185 185
leucine,2,tryptophan,0,13,17,4,17.299,16.604,0.439,55.6,168.5,0.0,0.0,1.729,1.321,358 5 149 153 143 164 181 185 80 147
leucine,2,tryptophan,0,13,18,1,17.299,18.557,0.439,52.8,70.6,11.9505,0.0,1.816,2.467,3 360 203 244
leucine,2,tryptophan,0,13,18,2,17.299,18.557,0.439,52.8,70.6,8.4392,0.0,1.82,1.027,4 360 141 111 178 179
leucine,2,tryptophan,0,13,18,3,17.299,18.557,0.439,52.8,70.6,4.7496,0.0,1.822,0.395,4 360 215 249 177 178 177 177
leucine,2,tryptophan,0,13,18,4,17.299,18.557,0.439,52.8,70.6,1.1252,0.0,1.792,0.796,2 1 219 248 184 182 199 196 184 182
leucine,2,aspartic,12,1,3,1,8.015,10.626,-0.303,13.5,40.3,7.0737,0.0,2.593,5.029,275 0 180 0
leucine,2,aspartic,12,1,3,2,8.015,10.626,-0.303,13.5,40.3,3.392,0.0,2.36,3.945,278 359 183 357 158 146
leucine,2,aspartic,12,1,3,3,8.015,10.626,-0.303,13.5,40.3,0.1691,0.0,1.855,4.692,261 358 198 334 154 160 114 149
leucine,2,aspartic,12,1,3,4,8.015,10.626,-0.303,13.5,40.3,0.0,0.0,2.013,5.336,282 54 88 282 257 139 155 220 212 172
leucine,2,aspartic,12,1,4,1,8.015,9.287,-0.303,1.9,93.8,7.2205,0.0,1.457,3.466,312 360 180 360
leucine,2,aspartic,12,1,4,2,8.015,9.287,-0.303,1.9,93.8,3.5019,0.0,1.255,0.612,328 360 181 359 205 271
leucine,2,aspartic,12,1,4,3,8.015,9.287,-0.303,1.9,93.8,0.0193,0.0,1.579,1.245,8 360 181 359 218 268 174 177
leucine,2,aspartic,12,1,4,4,8.015,9.287,-0.303,1.9,93.8,0.0,0.0,2.715,4.529,202 75 89 270 244 129 160 226 209 173
leucine,2,aspartic,12,1,5,1,8.015,10.218,-0.303,15.6,58.6,6.5303,0.0,1.251,2.82,330 360 180 360
leucine,2,aspartic,12,1,5,2,8.015,10.218,-0.303,15.6,58.6,2.858,0.0,1.263,0.86,326 1 176 4 203 212
leucine,2,aspartic,12,1,5,3,8.015,10.218,-0.303,15.6,58.6,0.0,0.0,1.464,0.548,5 19 166 317 168 131 144 154
leucine,2,aspartic,12,1,5,4,8.015,10.218,-0.303,15.6,58.6,0.0,0.0,1.277,2.769,346 39 76 303 274 111 133 210 196 169
leucine,2,aspartic,12,2,3,1,8.015,8.484,-0.303,111.1,47.8,1.1963,0.0,0.571,3.431,272 99 177 178
leucine,2,aspartic,12,2,3,2,8.015,8.484,-0.303,111.1,47.8,0.0,0.0,2.466,4.608,276 209 84 164 310 241
leucine,2,aspartic,12,2,3,3,8.015,8.484,-0.303,111.1,47.8,0.0,0.0,2.967,4.955,215 167 157 238 238 114 131 202
leucine,2,aspartic,12,2,3,4,8.015,8.484,-0.303,111.1,47.8,0.0,0.0,2.967,4.955,188 146 149 247 253 139 144 239 223 157
leucine,2,aspartic,12,2,4,1,8.015,7.419,-0.303,97.1,88.7,0.13,0.0,1.382,2.908,268 75 178 179
leucine,2,aspartic,12,2,4,2,8.015,7.419,-0.303,97.1,88.7,0.0,0.0,2.629,4.446,233 157 117 268 252 130
leucine,2,aspartic,12,2,4,3,8.015,7.419,-0.303,97.1,88.7,0.0,0.0,2.493,0.774,331 85 95 327 117 43 72 24
leucine,2,aspartic,12,2,4,4,8.015,7.419,-0.303,97.1,88.7,0.0,0.0,2.901,2.528,220 98 107 273 278 106 119 296 268 146
leucine,2,aspartic,12,2,5,1,8.015,8.453,-0.303,96.3,49.1,1.1658,0.0,1.193,2.058,356 289 176 178
leucine,2,aspartic,12,2,5,2,8.015,8.453,-0.303,96.3,49.1,0.0,0.0,1.592,1.72,354 55 64 167 300 180
leucine,2,aspartic,12,2,5,3,8.015,8.453,-0.303,96.3,49.1,0.0,0.0,1.324,1.306,44 334 116 309 269 125 314 339
leucine,2,aspartic,12,2,5,4,8.015,8.453,-0.303,96.3,49.1,0.0,0.0,1.984,1.715,288 41 95 346 307 89 104 301 265 134
leucine,2,aspartic,12,13,3,1,8.015,9.178,-0.303,84.0,38.6,1.894,0.0,1.457,2.768,38 49 177 178
leucine,2,aspartic,12,13,3,2,8.015,9.178,-0.303,84.0,38.6,0.1277,0.0,2.028,4.85,118 308 178 179 323 198
leucine,2,aspartic,12,13,3,3,8.015,9.178,-0.303,84.0,38.6,0.0,0.0,2.967,5.379,136 202 219 137 132 243 226 155
leucine,2,aspartic,12,13,3,4,8.015,9.178,-0.303,84.0,38.6,0.0,0.0,2.967,5.379,165 202 209 131 130 226 216 128 143 197
leucine,2,aspartic,12,13,4,1,8.015,7.495,-0.303,94.2,105.5,0.2461,0.0,2.027,2.941,93 300 160 167
leucine,2,aspartic,12,13,4,2,8.015,7.495,-0.303,94.2,105.5,0.0,0.0,1.891,4.153,129 212 250 74 95 224
leucine,2,aspartic,12,13,4,3,8.015,7.495,-0.303,94.2,105.5,0.0,0.0,1.238,2.14,330 11 306 32 78 317 296 146
leucine,2,aspartic,12,13,4,4,8.015,7.495,-0.303,94.2,105.5,0.0,0.0,2.695,4.814,180 205 233 122 98 232 215 118 157 208
leucine,2,aspartic,12,13,5,1,8.015,8.847,-0.303,81.5,53.9,1.5796,0.0,2.119,1.513,28 42 171 175
leucine,2,aspartic,12,13,5,2,8.015,8.847,-0.303,81.5,53.9,0.0,0.0,2.426,1.378,346 69 159 108 105 192
leucine,2,aspartic,12,13,5,3,8.015,8.847,-0.303,81.5,53.9,0.0,0.0,1.669,2.351,344 24 291 18 61 319 308 210
leucine,2,aspartic,12,13,5,4,8.015,8.847,-0.303,81.5,53.9,0.0,0.0,2.771,2.361,22 19 337 1 25 278 253 103 135 217
serine,0,tyrosine,3,3,8,1,7.473,7.764,0.214,101.0,58.7,0.48,0.0,2.796,0.992,332 280 178 179
serine,0,tyrosine,3,3,8,2,7.473,7.764,0.214,101.0,58.7,0.0,0.0,3.519,0.709,359 286 138 279 311 86
serine,0,tyrosine,3,3,8,3,7.473,7.764,0.214,101.0,58.7,0.0,0.0,3.998,2.215,218 199 104 46 81 150 346 174
serine,0,tyrosine,3,3,8,4,7.473,7.764,0.214,101.0,58.7,0.0,0.0,3.817,2.193,206 184 175 235 237 100 109 238 221 158
serine,0,tyrosine,3,3,9,1,7.473,8.28,0.214,100.0,35.5,0.9994,0.0,2.519,0.727,240 79 182 181
serine,0,tyrosine,3,3,9,2,7.473,8.28,0.214,100.0,35.5,0.0488,0.0,2.58,0.584,219 26 254 184 359 181
serine,0,tyrosine,3,3,9,3,7.473,8.28,0.214,100.0,35.5,0.0,0.0,3.06,2.408,181 163 139 245 240 116 142 208
serine,0,tyrosine,3,3,9,4,7.473,8.28,0.214,100.0,35.5,0.0,0.0,4.122,2.522,169 174 158 228 234 130 137 235 218 159
serine,0,tyrosine,3,3,10,1,7.473,6.061,0.214,108.0,127.2,0.0,0.0,2.78,0.8,230 49 260 303
serine,0,tyrosine,3,3,10,2,7.473,6.061,0.214,108.0,127.2,0.0,0.0,1.86,1.023,240 229 356 323 319 342
serine,0,tyrosine,3,3,10,3,7.473,6.061,0.214,108.0,127.2,0.0,0.0,3.331,2.52,169 166 129 252 271 97 121 226
serine,0,tyrosine,3,3,10,4,7.473,6.061,0.214,108.0,127.2,0.0,0.0,4.089,2.522,161 172 164 223 243 129 127 259 233 148
serine,0,tyrosine,3,4,8,1,7.473,9.717,0.214,5.4,56.2,7.1845,0.0,5.959,2.362,181 360 180 360
serine,0,tyrosine,3,4,8,2,7.473,9.717,0.214,5.4,56.2,3.4508,0.0,3.585,0.917,186 360 180 360 206 254
serine,0,tyrosine,3,4,8,3,7.473,9.717,0.214,5.4,56.2,0.2281,0.0,3.395,1.65,241 1 178 1 213 250 198 189
serine,0,tyrosine,3,4,8,4,7.473,9.717,0.214,5.4,56.2,0.0,0.0,3.692,1.439,175 64 127 348 239 318 116 175 358 228
serine,0,tyrosine,3,4,9,1,7.473,10.109,0.214,19.0,38.2,6.095,0.0,5.282,2.685,159 0 180 0
serine,0,tyrosine,3,4,9,2,7.473,10.109,0.214,19.0,38.2,2.5239,0.0,3.011,1.062,164 358 190 348 157 157
serine,0,tyrosine,3,4,9,3,7.473,10.109,0.214,19.0,38.2,0.0,0.0,2.715,2.246,185 338 154 61 203 238 236 211
serine,0,tyrosine,3,4,9,4,7.473,10.109,0.214,19.0,38.2,0.0,0.0,2.294,2.734,96 321 276 71 108 227 209 141 145 184
serine,0,tyrosine,3,4,10,1,7.473,8.137,0.214,17.5,117.9,4.7501,0.0,6.258,2.248,190 360 180 360
serine,0,tyrosine,3,4,10,2,7.473,8.137,0.214,17.5,117.9,1.0869,0.0,3.555,0.966,182 0 180 0 210 246
serine,0,tyrosine,3,4,10,3,7.473,8.137,0.214,17.5,117.9,0.0,0.0,2.959,1.733,177 88 110 264 225 117 150 205
serine,0,tyrosine,3,4,10,4,7.473,8.137,0.214,17.5,117.9,0.0,0.0,3.666,1.402,319 45 79 289 259 109 131 215 201 169
serine,0,tyrosine,3,5,8,1,7.473,7.739,0.214,102.0,47.7,0.6911,0.0,1.384,1.545,24 53 237 206
serine,0,tyrosine,3,5,8,2,7.473,7.739,0.214,102.0,47.7,0.0,0.0,1.282,1.463,15 337 283 186 57 223
serine,0,tyrosine,3,5,8,3,7.473,7.739,0.214,102.0,47.7,0.0,0.0,3.596,1.039,112 286 219 67 8 244 299 52
serine,0,tyrosine,3,5,8,4,7.473,7.739,0.214,102.0,47.7,0.0,0.0,3.826,2.16,166 240 226 106 104 224 229 101 100 212
serine,0,tyrosine,3,5,9,1,7.473,7.862,0.214,117.6,42.1,0.7555,0.0,1.948,0.629,112 227 225 201
serine,0,tyrosine,3,5,9,2,7.473,7.862,0.214,117.6,42.1,0.0,0.0,2.869,1.535,130 167 258 160 64 220
serine,0,tyrosine,3,5,9,3,7.473,7.862,0.214,117.6,42.1,0.0,0.0,3.294,3.419,177 179 216 119 118 253 214 142
serine,0,tyrosine,3,5,9,4,7.473,7.862,0.214,117.6,42.1,0.0,0.0,2.44,3.419,180 165 184 132 125 246 236 124 144 201
serine,0,tyrosine,3,5,10,1,7.473,6.16,0.214,103.8,108.6,0.0,0.0,2.806,0.679,92 114 18 230
serine,0,tyrosine,3,5,10,2,7.473,6.16,0.214,103.8,108.6,0.0,0.0,3.015,1.717,155 179 254 84 125 283
serine,0,tyrosine,3,5,10,3,7.473,6.16,0.214,103.8,108.6,0.0,0.0,3.098,2.292,187 191 220 109 99 269 248 142
serine,0,tyrosine,3,5,10,4,7.473,6.16,0.214,103.8,108.6,0.0,0.0,3.895,2.634,178 185 189 138 134 248 258 77 75 215
serine,0,phenylalanine,2,3,12,1,5.47,4.16,0.108,95.0,112.1,0.5085,0.0,2.948,2.522,148 116 360 360
serine,0,phenylalanine,2,3,12,2,5.47,4.16,0.108,95.0,112.1,0.0,0.0,2.756,1.718,195 124 323 323 248 346
serine,0,phenylalanine,2,3,12,3,5.47,4.16,0.108,95.0,112.1,0.0,0.0,3.119,1.975,212 178 251 138 70 271 245 77
serine,0,phenylalanine,2,3,12,4,5.47,4.16,0.108,95.0,112.1,0.0,0.0,2.762,0.276,51 264 291 110 64 289 283 64 157 283
serine,0,phenylalanine,2,3,13,1,5.47,6.394,0.108,101.1,16.3,0.9759,0.0,2.879,2.522,132 76 2 111
serine,0,phenylalanine,2,3,13,2,5.47,6.394,0.108,101.1,16.3,0.2831,0.0,3.463,2.522,161 44 28 168 2 98
serine,0,phenylalanine,2,3,13,3,5.47,6.394,0.108,101.1,16.3,0.0,0.0,2.761,2.321,207 193 227 132 85 244 254 126
serine,0,phenylalanine,2,3,13,4,5.47,6.394,0.108,101.1,16.3,0.0,0.0,2.462,2.522,109 331 181 38 282 270 277 49 166 346
serine,0,phenylalanine,2,3,14,1,5.47,5.059,0.108,90.5,77.0,0.0457,0.0,2.566,0.753,59 305 326 327
serine,0,phenylalanine,2,3,14,2,5.47,5.059,0.108,90.5,77.0,0.0,0.0,2.773,1.023,50 241 344 181 19 25
serine,0,phenylalanine,2,3,14,3,5.47,5.059,0.108,90.5,77.0,0.0,0.0,3.113,2.522,144 33 119 34 76 62 76 21
serine,0,phenylalanine,2,3,14,4,5.47,5.059,0.108,90.5,77.0,0.0,0.0,2.94,2.522,166 282 273 69 55 272 261 67 114 229
serine,0,phenylalanine,2,4,12,1,5.47,3.596,0.108,119.8,123.6,1.0769,0.0,3.397,4.632,211 298 358 359
serine,0,phenylalanine,2,4,12,2,5.47,3.596,0.108,119.8,123.6,0.7393,0.0,3.713,4.199,346 66 349 339 217 352
serine,0,phenylalanine,2,4,12,3,5.47,3.596,0.108,119.8,123.6,0.0,0.0,4.391,4.632,132 202 129 247 284 46 128 307
serine,0,phenylalanine,2,4,12,4,5.47,3.596,0.108,119.8,123.6,0.0,0.0,2.71,3.779,137 114 99 275 298 92 115 286 202 109
serine,0,phenylalanine,2,4,13,1,5.47,5.85,0.108,125.5,31.9,0.8187,0.0,3.892,4.632,220 232 34 64
serine,0,phenylalanine,2,4,13,2,5.47,5.85,0.108,125.5,31.9,0.051,0.0,3.996,4.632,190 213 70 133 17 65
serine,0,phenylalanine,2,4,13,3,5.47,5.85,0.108,125.5,31.9,0.0,0.0,4.233,4.632,166 238 107 243 284 33 102 274
serine,0,phenylalanine,2,4,13,4,5.47,5.85,0.108,125.5,31.9,0.0,0.0,2.23,3.277,194 326 275 321 1 38 69 305 237 126
serine,0,phenylalanine,2,4,14,1,5.47,4.397,0.108,118.5,88.7,0.2931,0.0,3.498,2.967,318 57 6 2
serine,0,phenylalanine,2,4,14,2,5.47,4.397,0.108,118.5,88.7,0.186,0.0,4.276,4.508,4 103 312 336 253 327
serine,0,phenylalanine,2,4,14,3,5.47,4.397,0.108,118.5,88.7,0.0,0.0,4.433,4.632,117 277 80 342 209 306 195 102
serine,0,phenylalanine,2,4,14,4,5.47,4.397,0.108,118.5,88.7,0.0,0.0,0.936,0.695,222 71 167 257 290 120 93 311 230 32
serine,0,phenylalanine,2,5,12,1,5.47,5.562,0.108,42.6,132.2,1.1677,0.0,4.109,3.419,190 359 181 360
serine,0,phenylalanine,2,5,12,2,5.47,5.562,0.108,42.6,132.2,0.0,0.0,2.556,0.812,132 317 257 40 159 306
serine,0,phenylalanine,2,5,12,3,5.47,5.562,0.108,42.6,132.2,0.0,0.0,4.374,3.419,290 36 82 295 253 77 100 197
serine,0,phenylalanine,2,5,12,4,5.47,5.562,0.108,42.6,132.2,0.0,0.0,4.292,3.419,313 17 50 298 268 91 123 240 212 160
serine,0,phenylalanine,2,5,13,1,5.47,7.986,0.108,38.4,28.9,2.6022,0.0,4.19,3.419,192 360 181 359
serine,0,phenylalanine,2,5,13,2,5.47,7.986,0.108,38.4,28.9,0.222,0.0,4.074,3.419,195 28 130 111 54 120
serine,0,phenylalanine,2,5,13,3,5.47,7.986,0.108,38.4,28.9,0.0,0.0,4.244,3.419,235 79 117 246 220 110 121 190
serine,0,phenylalanine,2,5,13,4,5.47,7.986,0.108,38.4,28.9,0.0,0.0,4.193,3.419,290 23 66 290 255 121 138 226 222 178
serine,0,phenylalanine,2,5,14,1,5.47,6.672,0.108,23.2,84.0,3.3143,0.0,4.718,3.419,204 360 180 360
serine,0,phenylalanine,2,5,14,2,5.47,6.672,0.108,23.2,84.0,0.0858,0.0,4.145,3.419,238 6 167 6 137 71
serine,0,phenylalanine,2,5,14,3,5.47,6.672,0.108,23.2,84.0,0.0,0.0,4.412,3.419,278 68 105 271 230 100 129 198
serine,0,phenylalanine,2,5,14,4,5.47,6.672,0.108,23.2,84.0,0.0,0.0,4.433,3.419,310 28 64 293 262 107 131 236 219 166
serine,0,arginine,3,3,16,1,5.206,5.73,-0.024,41.0,90.7,1.4169,0.0,3.398,0.73,29 22 146 4
serine,0,arginine,3,3,16,2,5.206,5.73,-0.024,41.0,90.7,0.0,0.0,4.785,2.522,65 89 76 354 134 86
serine,0,arginine,3,3,16,3,5.206,5.73,-0.024,41.0,90.7,0.0,0.0,4.725,0.916,56 254 327 83 78 292 182 62
serine,0,arginine,3,3,16,4,5.206,5.73,-0.024,41.0,90.7,0.0,0.0,3.506,0.856,18 343 315 53 64 278 259 58 109 230
serine,0,arginine,3,3,17,1,5.206,5.605,-0.024,66.2,95.4,0.0,0.0,3.094,0.867,44 272 277 325
serine,0,arginine,3,3,17,2,5.206,5.605,-0.024,66.2,95.4,0.0,0.0,2.643,0.377,345 275 337 53 95 283
serine,0,arginine,3,3,17,3,5.206,5.605,-0.024,66.2,95.4,0.0,0.0,2.525,1.067,67 156 289 309 290 319 250 98
serine,0,arginine,3,3,17,4,5.206,5.605,-0.024,66.2,95.4,0.0,0.0,2.639,0.858,327 358 335 22 32 309 280 53 125 241
serine,0,arginine,3,3,18,1,5.206,7.477,-0.024,54.8,2.2,1.4547,0.0,2.763,0.303,16 30 128 62
serine,0,arginine,3,3,18,2,5.206,7.477,-0.024,54.8,2.2,0.625,0.0,2.499,0.816,15 103 60 161 7 133
serine,0,arginine,3,3,18,3,5.206,7.477,-0.024,54.8,2.2,0.0014,0.0,0.573,0.728,312 65 175 169 338 196 358 115
serine,0,arginine,3,3,18,4,5.206,7.477,-0.024,54.8,2.2,0.0,0.0,3.269,0.442,358 7 299 5 43 285 277 86 91 218
serine,0,arginine,3,4,16,1,5.206,4.734,-0.024,78.8,115.0,0.0179,0.0,4.73,4.005,356 241 336 355
serine,0,arginine,3,4,16,2,5.206,4.734,-0.024,78.8,115.0,0.0,0.0,4.843,3.013,314 275 6 24 103 350
serine,0,arginine,3,4,16,3,5.206,4.734,-0.024,78.8,115.0,0.0,0.0,4.778,2.546,258 332 321 315 262 332 122 52
serine,0,arginine,3,4,16,4,5.206,4.734,-0.024,78.8,115.0,0.0,0.0,4.818,2.229,282 49 275 18 120 141 32 228 333 288
serine,0,arginine,3,4,17,1,5.206,5.421,-0.024,72.9,87.1,0.0,0.0,4.263,1.725,331 281 280 51
serine,0,arginine,3,4,17,2,5.206,5.421,-0.024,72.9,87.1,0.0,0.0,4.432,2.763,13 168 299 339 283 353
serine,0,arginine,3,4,17,3,5.206,5.421,-0.024,72.9,87.1,0.0,0.0,4.456,2.854,24 59 347 310 288 56 160 305
serine,0,arginine,3,4,17,4,5.206,5.421,-0.024,72.9,87.1,0.0,0.0,4.238,2.897,5 346 26 339 342 73 81 325 221 70
serine,0,arginine,3,4,18,1,5.206,6.989,-0.024,73.4,18.2,1.0101,0.0,4.216,4.275,351 86 67 106
serine,0,arginine,3,4,18,2,5.206,6.989,-0.024,73.4,18.2,0.2654,0.0,4.369,4.632,26 162 353 183 360 225
serine,0,arginine,3,4,18,3,5.206,6.989,-0.024,73.4,18.2,0.0,0.0,4.292,4.632,95 276 171 356 181 219 358 58
serine,0,arginine,3,4,18,4,5.206,6.989,-0.024,73.4,18.2,0.0,0.0,3.872,2.723,346 4 58 357 339 79 100 301 223 123
serine,0,arginine,3,5,16,1,5.206,5.548,-0.024,48.8,106.7,0.6763,0.0,4.327,3.419,326 340 208 358
serine,0,arginine,3,5,16,2,5.206,5.548,-0.024,48.8,106.7,0.0,0.0,4.144,3.419,335 131 25 295 261 89
serine,0,arginine,3,5,16,3,5.206,5.548,-0.024,48.8,106.7,0.0,0.0,3.626,1.295,35 40 41 292 276 78 141 249
serine,0,arginine,3,5,16,4,5.206,5.548,-0.024,48.8,106.7,0.0,0.0,3.834,2.058,16 359 35 329 304 72 100 284 244 143
serine,0,arginine,3,5,17,1,5.206,6.414,-0.024,32.0,73.8,2.2804,0.0,2.715,3.389,350 360 180 360
serine,0,arginine,3,5,17,2,5.206,6.414,-0.024,32.0,73.8,0.3154,0.0,1.392,0.358,41 21 141 16 119 64
serine,0,arginine,3,5,17,3,5.206,6.414,-0.024,32.0,73.8,0.0,0.0,4.459,2.871,227 54 148 337 193 63 146 204
serine,0,arginine,3,5,17,4,5.206,6.414,-0.024,32.0,73.8,0.0,0.0,4.469,2.938,310 38 74 297 270 102 125 271 246 155
serine,0,arginine,3,5,18,1,5.206,7.614,-0.024,49.1,16.7,1.5569,0.0,3.311,3.419,343 360 194 319
serine,0,arginine,3,5,18,2,5.206,7.614,-0.024,49.1,16.7,0.3645,0.0,3.36,3.419,345 288 272 209 345 240
serine,0,arginine,3,5,18,3,5.206,7.614,-0.024,49.1,16.7,0.0,0.0,4.054,3.419,318 283 228 165 88 47 94 215
serine,0,arginine,3,5,18,4,5.206,7.614,-0.024,49.1,16.7,0.0,0.0,4.077,3.197,349 13 51 327 297 91 122 267 236 153
serine,0,lysine,3,3,13,1,10.828,11.695,-0.677,105.6,18.0,4.4719,0.0,4.452,0.79,349 89 176 178
serine,0,lysine,3,3,13,2,10.828,11.695,-0.677,105.6,18.0,1.1215,0.0,1.946,0.598,60 294 178 179 230 211
serine,0,lysine,3,3,13,3,10.828,11.695,-0.677,105.6,18.0,0.2385,0.0,2.032,0.791,51 342 155 154 250 209 353 190
serine,0,lysine,3,3,13,4,10.828,11.695,-0.677,105.6,18.0,0.0,0.0,4.109,0.487,344 107 54 167 204 259 234 240 332 248
serine,0,lysine,3,3,14,1,10.828,10.388,-0.677,115.9,80.6,3.1271,0.0,4.452,1.41,60 255 175 177
serine,0,lysine,3,3,14,2,10.828,10.388,-0.677,115.9,80.6,0.0,0.0,4.238,0.949,336 138 175 207 207 158
serine,0,lysine,3,3,14,3,10.828,10.388,-0.677,115.9,80.6,0.0,0.0,4.12,0.721,32 28 329 344 18 256 247 185
serine,0,lysine,3,3,14,4,10.828,10.388,-0.677,115.9,80.6,0.0,0.0,4.754,0.477,298 43 334 232 262 267 225 315 22 245
serine,0,lysine,3,3,15,1,10.828,9.502,-0.677,102.6,115.3,2.2355,0.0,4.078,0.388,57 276 183 182
serine,0,lysine,3,3,15,2,10.828,9.502,-0.677,102.6,115.3,0.0,0.0,2.581,0.485,339 35 246 301 42 197
serine,0,lysine,3,3,15,3,10.828,9.502,-0.677,102.6,115.3,0.0,0.0,1.648,1.043,25 139 70 2 43 272 243 136
serine,0,lysine,3,3,15,4,10.828,9.502,-0.677,102.6,115.3,0.0,0.0,4.15,2.06,87 257 118 80 109 28 249 28 150 322
serine,0,lysine,3,4,13,1,10.828,12.605,-0.677,71.1,27.6,5.4461,0.0,4.233,0.678,310 3 191 193
serine,0,lysine,3,4,13,2,10.828,12.605,-0.677,71.1,27.6,1.8095,0.0,2.006,0.767,313 359 210 216 175 177
serine,0,lysine,3,4,13,3,10.828,12.605,-0.677,71.1,27.6,0.2139,0.0,1.815,2.15,311 31 203 194 202 198 33 164
serine,0,lysine,3,4,13,4,10.828,12.605,-0.677,71.1,27.6,0.0,0.0,2.762,4.333,30 321 165 218 272 167 152 131 305 271
serine,0,lysine,3,4,14,1,10.828,11.705,-0.677,64.8,69.9,4.6854,0.0,4.503,0.731,303 360 161 141
serine,0,lysine,3,4,14,2,10.828,11.705,-0.677,64.8,69.9,1.2016,0.0,3.061,0.456,307 356 218 243 159 168
serine,0,lysine,3,4,14,3,10.828,11.705,-0.677,64.8,69.9,0.0,0.0,3.972,1.076,309 25 98 344 290 126 136 178
serine,0,lysine,3,4,14,4,10.828,11.705,-0.677,64.8,69.9,0.0,0.0,4.115,1.851,317 24 60 315 290 129 151 243 225 161
serine,0,lysine,3,4,15,1,10.828,10.491,-0.677,65.3,117.1,3.4978,0.0,4.429,0.638,315 360 201 223
serine,0,lysine,3,4,15,2,10.828,10.491,-0.677,65.3,117.1,0.0715,0.0,3.107,0.587,309 7 143 98 229 201
serine,0,lysine,3,4,15,3,10.828,10.491,-0.677,65.3,117.1,0.0,0.0,2.347,0.565,1 48 55 303 270 136 189 224
serine,0,lysine,3,4,15,4,10.828,10.491,-0.677,65.3,117.1,0.0,0.0,4.048,1.596,297 48 77 307 280 115 139 288 259 151
serine,0,lysine,3,5,13,1,10.828,13.518,-0.677,28.6,25.0,8.4455,0.0,8.718,0.43,41 0 173 16
serine,0,lysine,3,5,13,2,10.828,13.518,-0.677,28.6,25.0,4.9333,0.0,5.692,0.305,42 360 207 309 175 177
serine,0,lysine,3,5,13,3,10.828,13.518,-0.677,28.6,25.0,1.2224,0.0,2.74,0.22,41 359 203 315 165 172 167 169
serine,0,lysine,3,5,13,4,10.828,13.518,-0.677,28.6,25.0,0.0038,0.0,3.488,1.192,17 356 217 286 165 175 153 160 342 189
serine,0,lysine,3,5,14,1,10.828,12.395,-0.677,32.8,77.2,7.0851,0.0,8.886,0.681,59 360 192 329
serine,0,lysine,3,5,14,2,10.828,12.395,-0.677,32.8,77.2,3.5779,0.0,6.011,0.253,57 1 150 57 188 185
serine,0,lysine,3,5,14,3,10.828,12.395,-0.677,32.8,77.2,0.0,0.0,4.349,0.832,52 10 150 79 152 184 203 200
serine,0,lysine,3,5,14,4,10.828,12.395,-0.677,32.8,77.2,0.0,0.0,4.842,0.866,25 115 70 311 326 196 177 123 133 196
serine,0,lysine,3,5,15,1,10.828,11.205,-0.677,32.5,125.0,6.0112,0.0,8.718,0.515,39 0 170 22
serine,0,lysine,3,5,15,2,10.828,11.205,-0.677,32.5,125.0,2.5072,0.0,5.683,0.259,42 359 207 310 171 174
serine,0,lysine,3,5,15,3,10.828,11.205,-0.677,32.5,125.0,0.0,0.0,3.258,0.54,60 289 242 69 121 202 183 177
serine,0,lysine,3,5,15,4,10.828,11.205,-0.677,32.5,125.0,0.0,0.0,4.21,1.054,42 316 289 56 78 242 212 140 162 195
serine,0,aspartic,4,3,3,1,4.747,5.8,0.722,85.9,27.7,0.8577,0.0,1.886,0.914,241 68 27 64
serine,0,aspartic,4,3,3,2,4.747,5.8,0.722,85.9,27.7,0.0734,0.0,2.823,0.583,267 33 58 148 9 66
serine,0,aspartic,4,3,3,3,4.747,5.8,0.722,85.9,27.7,0.0,0.0,1.694,1.17,282 101 60 232 266 67 96 249
serine,0,aspartic,4,3,3,4,4.747,5.8,0.722,85.9,27.7,0.0,0.0,2.619,0.876,263 113 105 224 233 93 96 272 237 139
serine,0,aspartic,4,3,4,1,4.747,4.027,0.722,106.3,98.0,0.6642,0.0,2.824,0.489,250 102 356 358
serine,0,aspartic,4,3,4,2,4.747,4.027,0.722,106.3,98.0,0.0524,0.0,2.491,0.613,292 63 21 48 100 12
serine,0,aspartic,4,3,4,3,4.747,4.027,0.722,106.3,98.0,0.0,0.0,3.405,2.522,163 292 49 132 319 53 148 16
serine,0,aspartic,4,3,4,4,4.747,4.027,0.722,106.3,98.0,0.0,0.0,2.995,1.255,130 19 5 212 308 64 128 333 118 59
serine,0,aspartic,4,3,5,1,4.747,5.18,0.722,94.8,55.8,0.2895,0.0,2.454,2.522,166 250 9 310
serine,0,aspartic,4,3,5,2,4.747,5.18,0.722,94.8,55.8,0.0,0.0,2.117,2.522,137 323 286 293 302 14
serine,0,aspartic,4,3,5,3,4.747,5.18,0.722,94.8,55.8,0.0,0.0,2.779,0.469,245 93 313 324 294 232 339 302
serine,0,aspartic,4,3,5,4,4.747,5.18,0.722,94.8,55.8,0.0,0.0,1.606,0.922,223 29 312 312 316 102 86 289 246 99
serine,0,aspartic,4,4,3,1,4.747,6.256,0.722,69.3,32.0,0.818,0.0,1.193,4.14,147 302 296 295
serine,0,aspartic,4,4,3,2,4.747,6.256,0.722,69.3,32.0,0.009,0.0,2.455,4.171,118 317 292 217 347 278
serine,0,aspartic,4,4,3,3,4.747,6.256,0.722,69.3,32.0,0.0,0.0,2.645,4.632,201 199 257 318 326 211 326 297
serine,0,aspartic,4,4,3,4,4.747,6.256,0.722,69.3,32.0,0.0,0.0,2.416,4.632,54 13 316 50 92 258 250 130 122 178
serine,0,aspartic,4,4,4,1,4.747,5.301,0.722,58.8,71.3,0.8185,0.0,2.537,3.251,196 65 78 13
serine,0,aspartic,4,4,4,2,4.747,5.301,0.722,58.8,71.3,0.0,0.0,3.397,2.592,246 59 73 309 211 67
serine,0,aspartic,4,4,4,3,4.747,5.301,0.722,58.8,71.3,0.0,0.0,3.397,2.988,256 172 283 141 76 36 104 208
serine,0,aspartic,4,4,4,4,4.747,5.301,0.722,58.8,71.3,0.0,0.0,2.306,0.374,323 61 77 287 265 70 114 243 196 146
serine,0,aspartic,4,4,5,1,4.747,5.437,0.722,85.2,66.4,0.0305,0.0,1.959,4.632,175 161 358 76
serine,0,aspartic,4,4,5,2,4.747,5.437,0.722,85.2,66.4,0.0,0.0,2.161,4.631,224 108 325 352 274 334
serine,0,aspartic,4,4,5,3,4.747,5.437,0.722,85.2,66.4,0.0,0.0,1.974,4.632,83 322 322 95 92 260 232 146
serine,0,aspartic,4,4,5,4,4.747,5.437,0.722,85.2,66.4,0.0,0.0,2.8,4.632,97 4 351 22 48 303 270 80 114 211
serine,0,aspartic,4,5,3,1,4.747,4.782,0.722,130.5,47.7,1.0641,0.0,1.259,0.54,117 254 31 21
serine,0,aspartic,4,5,3,2,4.747,4.782,0.722,130.5,47.7,0.0,0.0,1.795,2.044,71 245 53 53 94 47
serine,0,aspartic,4,5,3,3,4.747,4.782,0.722,130.5,47.7,0.0,0.0,1.795,3.419,293 162 246 106 74 284 236 107
serine,0,aspartic,4,5,3,4,4.747,4.782,0.722,130.5,47.7,0.0,0.0,1.795,1.612,37 261 16 324 294 74 29 257 349 261
serine,0,aspartic,4,5,4,1,4.747,4.067,0.722,104.6,73.6,0.8404,0.0,1.46,0.802,105 283 352 355
serine,0,aspartic,4,5,4,2,4.747,4.067,0.722,104.6,73.6,0.0,0.0,1.795,0.841,55 266 27 328 199 13
serine,0,aspartic,4,5,4,3,4.747,4.067,0.722,104.6,73.6,0.0,0.0,1.795,1.273,5 60 298 329 177 354 233 303
serine,0,aspartic,4,5,4,4,4.747,4.067,0.722,104.6,73.6,0.0,0.0,0.805,1.918,160 119 257 340 307 90 84 273 289 328
serine,0,aspartic,4,5,5,1,4.747,4.983,0.722,102.6,39.3,0.844,0.0,1.052,3.419,208 56 19 28
serine,0,aspartic,4,5,5,2,4.747,4.983,0.722,102.6,39.3,0.0,0.0,1.747,3.419,231 16 71 89 44 14
serine,0,aspartic,4,5,5,3,4.747,4.983,0.722,102.6,39.3,0.0,0.0,1.795,3.419,256 166 268 160 70 243 239 50
serine,0,aspartic,4,5,5,4,4.747,4.983,0.722,102.6,39.3,0.0,0.0,1.094,3.419,192 1 310 229 102 246 284 1 186 332
serine,0,glutamic,4,3,5,1,8.81,8.793,-0.521,84.6,86.3,1.505,0.0,1.096,1.751,208 50 179 179
serine,0,glutamic,4,3,5,2,8.81,8.793,-0.521,84.6,86.3,0.0,0.0,0.987,1.354,215 168 85 217 204 114
serine,0,glutamic,4,3,5,3,8.81,8.793,-0.521,84.6,86.3,0.0,0.0,1.23,2.486,190 184 125 220 235 72 89 211
serine,0,glutamic,4,3,5,4,8.81,8.793,-0.521,84.6,86.3,0.0,0.0,2.049,2.522,185 184 149 199 217 117 121 247 224 154
serine,0,glutamic,4,3,6,1,8.81,10.214,-0.521,81.0,23.1,2.9419,0.0,1.53,1.54,244 323 180 180
serine,0,glutamic,4,3,6,2,8.81,10.214,-0.521,81.0,23.1,0.7255,0.0,3.218,2.522,192 8 210 216 56 158
serine,0,glutamic,4,3,6,3,8.81,10.214,-0.521,81.0,23.1,0.0136,0.0,4.389,2.522,184 360 194 210 67 165 360 178
serine,0,glutamic,4,3,6,4,8.81,10.214,-0.521,81.0,23.1,0.0,0.0,4.567,2.522,132 129 131 247 235 156 145 224 274 155
serine,0,glutamic,4,3,7,1,8.81,7.811,-0.521,77.6,127.5,0.5236,0.0,1.762,1.738,240 330 180 180
serine,0,glutamic,4,3,7,2,8.81,7.811,-0.521,77.6,127.5,0.0,0.0,2.25,0.446,247 97 86 264 163 78
serine,0,glutamic,4,3,7,3,8.81,7.811,-0.521,77.6,127.5,0.0,0.0,3.137,1.051,268 111 74 229 252 59 79 231
serine,0,glutamic,4,3,7,4,8.81,7.811,-0.521,77.6,127.5,0.0,0.0,3.522,0.883,265 118 103 210 226 110 110 248 219 146
serine,0,glutamic,4,4,5,1,8.81,9.527,-0.521,56.8,78.0,2.9487,0.0,3.222,3.751,147 1 156 96
serine,0,glutamic,4,4,5,2,8.81,9.527,-0.521,56.8,78.0,0.0764,0.0,2.641,3.33,133 1 170 22 291 198
serine,0,glutamic,4,4,5,3,8.81,9.527,-0.521,56.8,78.0,0.0,0.0,3.688,4.632,129 284 208 113 171 281 257 175
serine,0,glutamic,4,4,5,4,8.81,9.527,-0.521,56.8,78.0,0.0,0.0,3.366,4.632,56 7 290 13 88 295 272 141 136 171
serine,0,glutamic,4,4,6,1,8.81,10.511,-0.521,69.9,36.8,3.417,0.0,3.897,4.458,152 355 160 156
serine,0,glutamic,4,4,6,2,8.81,10.511,-0.521,69.9,36.8,0.4936,0.0,3.917,4.632,162 313 181 181 92 146
serine,0,glutamic,4,4,6,3,8.81,10.511,-0.521,69.9,36.8,0.0,0.0,4.915,4.632,134 253 251 157 151 238 241 169
serine,0,glutamic,4,4,6,4,8.81,10.511,-0.521,69.9,36.8,0.0,0.0,5.038,4.632,115 254 253 160 161 227 221 120 132 196
serine,0,glutamic,4,4,7,1,8.81,8.029,-0.521,69.5,145.5,1.1606,0.0,3.573,4.482,154 357 145 134
serine,0,glutamic,4,4,7,2,8.81,8.029,-0.521,69.5,145.5,0.0,0.0,2.947,4.619,201 243 236 102 88 191
serine,0,glutamic,4,4,7,3,8.81,8.029,-0.521,69.5,145.5,0.0,0.0,3.121,4.632,129 307 332 61 19 249 283 106
serine,0,glutamic,4,4,7,4,8.81,8.029,-0.521,69.5,145.5,0.0,0.0,2.902,4.047,88 249 265 137 128 257 240 123 159 209
serine,0,glutamic,4,5,5,1,8.81,7.401,-0.521,152.2,86.6,0.2933,0.0,1.493,1.483,124 179 159 133
serine,0,glutamic,4,5,5,2,8.81,7.401,-0.521,152.2,86.6,0.0,0.0,3.057,2.15,58 216 154 318 124 42
serine,0,glutamic,4,5,5,3,8.81,7.401,-0.521,152.2,86.6,0.0,0.0,1.152,1.132,53 75 195 165 89 296 237 107
serine,0,glutamic,4,5,5,4,8.81,7.401,-0.521,152.2,86.6,0.0,0.0,4.034,3.419,220 138 167 142 129 245 262 115 115 215
serine,0,glutamic,4,5,6,1,8.81,8.705,-0.521,152.5,33.0,1.5474,0.0,2.202,2.983,160 180 193 210
serine,0,glutamic,4,5,6,2,8.81,8.705,-0.521,152.5,33.0,0.1684,0.0,4.563,3.419,227 176 217 216 352 185
serine,0,glutamic,4,5,6,3,8.81,8.705,-0.521,152.5,33.0,0.0,0.0,4.879,3.419,183 91 225 173 92 282 277 114
serine,0,glutamic,4,5,6,4,8.81,8.705,-0.521,152.5,33.0,0.0,0.0,2.973,2.54,128 98 148 177 138 239 271 106 104 221
serine,0,glutamic,4,5,7,1,8.81,6.269,-0.521,149.8,137.5,0.0,0.0,2.131,2.789,183 252 80 87
serine,0,glutamic,4,5,7,2,8.81,6.269,-0.521,149.8,137.5,0.0,0.0,2.376,2.755,143 14 295 155 94 318
serine,0,glutamic,4,5,7,3,8.81,6.269,-0.521,149.8,137.5,0.0,0.0,3.732,3.177,160 91 224 276 5 90 56 16
serine,0,glutamic,4,5,7,4,8.81,6.269,-0.521,149.8,137.5,0.0,0.0,4.187,3.419,172 91 169 338 332 287 253 63 116 205
serine,0,isoleucine,2,3,4,1,6.084,4.489,-0.216,140.0,91.7,0.1802,0.0,2.593,1.17,235 14 2 1
serine,0,isoleucine,2,3,4,2,6.084,4.489,-0.216,140.0,91.7,0.0,0.0,2.888,0.812,315 31 355 346 235 307
serine,0,isoleucine,2,3,4,3,6.084,4.489,-0.216,140.0,91.7,0.0,0.0,2.888,0.79,7 263 110 268 307 27 116 293
serine,0,isoleucine,2,3,4,4,6.084,4.489,-0.216,140.0,91.7,0.0,0.0,2.888,0.695,313 306 181 224 284 70 90 299 234 129
serine,0,isoleucine,2,3,5,1,6.084,4.732,-0.216,158.9,82.7,0.8786,0.0,1.227,2.522,149 265 62 8
serine,0,isoleucine,2,3,5,2,6.084,4.732,-0.216,158.9,82.7,0.0,0.0,2.888,0.847,299 102 280 328 231 359
serine,0,isoleucine,2,3,5,3,6.084,4.732,-0.216,158.9,82.7,0.0,0.0,2.888,0.82,13 201 185 91 49 298 239 65
serine,0,isoleucine,2,3,5,4,6.084,4.732,-0.216,158.9,82.7,0.0,0.0,2.525,1.557,13 119 176 116 54 299 305 47 113 270
serine,0,isoleucine,2,3,6,1,6.084,6.308,-0.216,142.2,4.7,1.2285,0.0,1.64,2.522,187 46 342 270
serine,0,isoleucine,2,3,6,2,6.084,6.308,-0.216,142.2,4.7,0.5248,0.0,2.769,0.985,243 5 15 174 1 96
serine,0,isoleucine,2,3,6,3,6.084,6.308,-0.216,142.2,4.7,0.0,0.0,0.884,2.522,89 141 186 171 18 131 28 293
serine,0,isoleucine,2,3,6,4,6.084,6.308,-0.216,142.2,4.7,0.0,0.0,1.36,2.522,88 167 140 260 15 82 12 296 246 72
serine,0,isoleucine,2,4,4,1,6.084,6.461,-0.216,56.0,83.6,0.5581,0.0,1.129,2.614,192 353 227 321
serine,0,isoleucine,2,4,4,2,6.084,6.461,-0.216,56.0,83.6,0.0,0.0,2.253,2.071,155 300 288 348 232 233
serine,0,isoleucine,2,4,4,3,6.084,6.461,-0.216,56.0,83.6,0.0,0.0,2.93,0.943,292 59 108 285 225 53 87 190
serine,0,isoleucine,2,4,4,4,6.084,6.461,-0.216,56.0,83.6,0.0,0.0,2.987,0.798,347 33 72 294 259 86 111 222 205 165
serine,0,isoleucine,2,4,5,1,6.084,6.566,-0.216,68.9,79.7,0.0,0.0,0.838,3.258,257 346 132 79
serine,0,isoleucine,2,4,5,2,6.084,6.566,-0.216,68.9,79.7,0.0,0.0,1.088,4.057,278 163 333 306 258 181
serine,0,isoleucine,2,4,5,3,6.084,6.566,-0.216,68.9,79.7,0.0,0.0,2.428,1.871,294 25 28 318 297 58 108 234
serine,0,isoleucine,2,4,5,4,6.084,6.566,-0.216,68.9,79.7,0.0,0.0,2.19,1.738,310 54 54 210 260 151 123 276 251 132
serine,0,isoleucine,2,4,6,1,6.084,7.909,-0.216,71.9,18.0,1.0979,0.0,0.693,4.102,213 323 244 212
serine,0,isoleucine,2,4,6,2,6.084,7.909,-0.216,71.9,18.0,0.3448,0.0,2.444,4.632,177 142 70 172 2 175
serine,0,isoleucine,2,4,6,3,6.084,7.909,-0.216,71.9,18.0,0.0,0.0,3.103,4.632,185 189 100 225 228 283 305 254
serine,0,isoleucine,2,4,6,4,6.084,7.909,-0.216,71.9,18.0,0.0,0.0,2.934,2.737,259 95 99 195 209 129 116 273 271 151
serine,0,isoleucine,2,5,4,1,6.084,5.67,-0.216,85.2,104.9,0.0,0.0,2.802,1.294,140 214 296 84
serine,0,isoleucine,2,5,4,2,6.084,5.67,-0.216,85.2,104.9,0.0,0.0,3.037,2.145,189 154 279 53 192 314
serine,0,isoleucine,2,5,4,3,6.084,5.67,-0.216,85.2,104.9,0.0,0.0,3.481,2.7,177 144 265 165 89 286 237 78
serine,0,isoleucine,2,5,4,4,6.084,5.67,-0.216,85.2,104.9,0.0,0.0,3.964,1.034,103 148 172 242 160 279 262 33 184 318
serine,0,isoleucine,2,5,5,1,6.084,6.677,-0.216,64.9,67.0,0.6364,0.0,2.612,0.558,107 352 249 296
serine,0,isoleucine,2,5,5,2,6.084,6.677,-0.216,64.9,67.0,0.0,0.0,2.934,0.501,60 19 216 335 257 280
serine,0,isoleucine,2,5,5,3,6.084,6.677,-0.216,64.9,67.0,0.0,0.0,3.728,1.52,70 271 276 126 121 262 246 150
serine,0,isoleucine,2,5,5,4,6.084,6.677,-0.216,64.9,67.0,0.0,0.0,3.442,1.252,38 345 322 34 56 301 271 108 141 213
serine,0,isoleucine,2,5,6,1,6.084,7.633,-0.216,82.1,22.0,0.9592,0.0,2.002,2.531,127 87 85 164
serine,0,isoleucine,2,5,6,2,6.084,7.633,-0.216,82.1,22.0,0.2399,0.0,3.342,3.419,178 181 309 199 0 179
serine,0,isoleucine,2,5,6,3,6.084,7.633,-0.216,82.1,22.0,0.0,0.0,3.361,2.552,152 146 317 242 55 179 304 69
serine,0,isoleucine,2,5,6,4,6.084,7.633,-0.216,82.1,22.0,0.0,0.0,3.776,0.584,113 226 255 176 151 247 250 82 118 215
serine,0,leucine,2,3,1,1,10.796,11.836,-0.69,86.1,41.6,4.5754,0.0,3.505,0.217,42 310 179 179
serine,0,leucine,2,3,1,2,10.796,11.836,-0.69,86.1,41.6,0.8938,0.0,1.088,0.36,36 317 175 177 170 171
serine,0,leucine,2,3,1,3,10.796,11.836,-0.69,86.1,41.6,0.0,0.0,1.725,0.899,347 28 154 227 112 243 253 211
serine,0,leucine,2,3,1,4,10.796,11.836,-0.69,86.1,41.6,0.0,0.0,1.932,1.149,64 329 183 357 138 203 234 113 74 247
serine,0,leucine,2,3,2,1,10.796,11.181,-0.69,95.3,69.5,3.9623,0.0,3.537,0.575,350 67 190 186
serine,0,leucine,2,3,2,2,10.796,11.181,-0.69,95.3,69.5,0.3188,0.0,2.345,0.544,352 69 203 193 206 202
serine,0,leucine,2,3,2,3,10.796,11.181,-0.69,95.3,69.5,0.0,0.0,2.209,1.078,30 217 220 176 163 352 158 200
serine,0,leucine,2,3,2,4,10.796,11.181,-0.69,95.3,69.5,0.0,0.0,4.05,0.282,29 340 305 18 42 245 216 106 130 204
serine,0,leucine,2,3,13,1,10.796,10.988,-0.69,83.1,76.7,3.7138,0.0,3.491,0.658,3 43 181 180
serine,0,leucine,2,3,13,2,10.796,10.988,-0.69,83.1,76.7,0.0965,0.0,2.15,0.225,13 41 164 171 210 206
serine,0,leucine,2,3,13,3,10.796,10.988,-0.69,83.1,76.7,0.0,0.0,3.057,1.035,95 335 113 8 270 168 219 2
serine,0,leucine,2,3,13,4,10.796,10.988,-0.69,83.1,76.7,0.0,0.0,4.015,0.585,24 348 312 25 51 246 218 108 131 203
serine,0,leucine,2,4,1,1,10.796,12.335,-0.69,67.4,40.2,5.2342,0.0,3.994,2.55,333 0 195 205
serine,0,leucine,2,4,1,2,10.796,12.335,-0.69,67.4,40.2,1.6791,0.0,1.702,1.3,332 2 144 130 188 185
serine,0,leucine,2,4,1,3,10.796,12.335,-0.69,67.4,40.2,0.0829,0.0,1.158,3.328,345 3 226 239 192 189 324 197
serine,0,leucine,2,4,1,4,10.796,12.335,-0.69,67.4,40.2,0.0,0.0,1.643,0.821,288 2 181 20 203 167 106 185 349 164
serine,0,leucine,2,4,2,1,10.796,11.825,-0.69,71.2,62.9,4.6354,0.0,4.464,1.051,325 356 168 168
serine,0,leucine,2,4,2,2,10.796,11.825,-0.69,71.2,62.9,1.0511,0.0,2.518,0.559,320 3 149 140 191 186
serine,0,leucine,2,4,2,3,10.796,11.825,-0.69,71.2,62.9,0.0,0.0,2.28,0.563,354 321 142 1 266 151 102 108
serine,0,leucine,2,4,2,4,10.796,11.825,-0.69,71.2,62.9,0.0,0.0,3.912,2.968,342 19 45 323 299 120 150 237 208 157
serine,0,leucine,2,4,13,1,10.796,11.13,-0.69,77.8,89.1,3.9745,0.0,4.386,2.222,315 26 196 191
serine,0,leucine,2,4,13,2,10.796,11.13,-0.69,77.8,89.1,0.256,0.0,2.13,2.289,319 21 210 199 198 195
serine,0,leucine,2,4,13,3,10.796,11.13,-0.69,77.8,89.1,0.0,0.0,3.622,2.611,322 285 350 224 172 304 0 255
serine,0,leucine,2,4,13,4,10.796,11.13,-0.69,77.8,89.1,0.0,0.0,4.0,2.869,341 10 48 333 306 114 142 246 224 159
serine,0,leucine,2,5,1,1,10.796,12.953,-0.69,40.5,49.5,7.1554,0.0,5.678,2.109,14 360 159 66
serine,0,leucine,2,5,1,2,10.796,12.953,-0.69,40.5,49.5,3.6668,0.0,2.429,1.193,16 359 215 285 168 173
serine,0,leucine,2,5,1,3,10.796,12.953,-0.69,40.5,49.5,0.2048,0.0,1.07,1.172,16 358 217 272 162 169 132 148
serine,0,leucine,2,5,1,4,10.796,12.953,-0.69,40.5,49.5,0.0,0.0,1.489,3.391,321 331 269 78 91 207 192 157 143 169
serine,0,leucine,2,5,2,1,10.796,12.704,-0.69,31.3,60.1,7.5079,0.0,5.863,0.956,25 360 192 331
serine,0,leucine,2,5,2,2,10.796,12.704,-0.69,31.3,60.1,3.9402,0.0,2.303,1.571,24 0 150 56 181 181
serine,0,leucine,2,5,2,3,10.796,12.704,-0.69,31.3,60.1,0.4527,0.0,1.329,0.721,41 360 149 56 176 177 210 203
serine,0,leucine,2,5,2,4,10.796,12.704,-0.69,31.3,60.1,0.0,0.0,2.362,1.189,69 293 259 70 98 213 194 149 156 186
serine,0,leucine,2,5,13,1,10.796,12.179,-0.69,31.9,80.2,6.9639,0.0,5.699,2.858,2 0 168 28
serine,0,leucine,2,5,13,2,10.796,12.179,-0.69,31.9,80.2,3.392,0.0,1.985,2.211,3 360 210 304 179 179
serine,0,leucine,2,5,13,3,10.796,12.179,-0.69,31.9,80.2,0.0,0.0,1.488,3.419,335 19 197 303 175 155 174 161
serine,0,leucine,2,5,13,4,10.796,12.179,-0.69,31.9,80.2,0.0,0.0,2.863,0.37,49 330 212 13 197 258 159 56 53 142
serine,0,tryptophan,0,3,16,1,9.86,10.803,-0.756,92.0,34.2,3.5355,0.0,3.529,0.695,235 63 179 179
serine,0,tryptophan,0,3,16,2,9.86,10.803,-0.756,92.0,34.2,0.6244,0.0,2.77,0.571,301 328 166 170 262 213
serine,0,tryptophan,0,3,16,3,9.86,10.803,-0.756,92.0,34.2,0.0,0.0,3.167,1.143,251 41 202 313 37 158 9 133
serine,0,tryptophan,0,3,16,4,9.86,10.803,-0.756,92.0,34.2,0.0,0.0,4.591,0.655,256 131 182 193 195 130 62 207 311 198
serine,0,tryptophan,0,3,17,1,9.86,8.469,-0.756,95.0,132.9,1.2057,0.0,3.816,0.79,237 68 182 181
serine,0,tryptophan,0,3,17,2,9.86,8.469,-0.756,95.0,132.9,0.0,0.0,3.176,1.601,223 170 118 237 206 116
serine,0,tryptophan,0,3,17,3,9.86,8.469,-0.756,95.0,132.9,0.0,0.0,4.092,2.26,217 215 117 263 208 14 130 244
serine,0,tryptophan,0,3,17,4,9.86,8.469,-0.756,95.0,132.9,0.0,0.0,3.775,2.522,181 183 164 228 235 109 120 231 207 157
serine,0,tryptophan,0,3,18,1,9.86,10.073,-0.756,104.7,66.9,2.8521,0.0,4.56,0.625,301 276 167 172
serine,0,tryptophan,0,3,18,2,9.86,10.073,-0.756,104.7,66.9,0.0,0.0,2.981,1.262,218 139 156 218 218 183
serine,0,tryptophan,0,3,18,3,9.86,10.073,-0.756,104.7,66.9,0.0,0.0,2.297,2.307,189 169 152 222 221 124 137 197
serine,0,tryptophan,0,3,18,4,9.86,10.073,-0.756,104.7,66.9,0.0,0.0,1.378,2.522,145 159 125 255 261 128 159 223 181 150
serine,0,tryptophan,0,4,16,1,9.86,12.262,-0.756,30.0,40.4,7.1596,0.0,5.225,3.209,142 0 172 18
serine,0,tryptophan,0,4,16,2,9.86,12.262,-0.756,30.0,40.4,3.6122,0.0,2.247,2.472,143 360 207 309 176 177
serine,0,tryptophan,0,4,16,3,9.86,12.262,-0.756,30.0,40.4,0.4694,0.0,1.184,3.889,120 1 214 294 187 184 121 146
serine,0,tryptophan,0,4,16,4,9.86,12.262,-0.756,30.0,40.4,0.0,0.0,1.213,4.632,77 315 232 98 143 207 200 161 132 157
serine,0,tryptophan,0,4,17,1,9.86,10.099,-0.756,25.0,129.9,5.6489,0.0,5.358,2.952,149 0 178 3
serine,0,tryptophan,0,4,17,2,9.86,10.099,-0.756,25.0,129.9,1.8817,0.0,2.859,1.481,150 0 195 334 181 181
serine,0,tryptophan,0,4,17,3,9.86,10.099,-0.756,25.0,129.9,0.0,0.0,2.706,1.216,147 301 256 61 124 225 191 162
serine,0,tryptophan,0,4,17,4,9.86,10.099,-0.756,25.0,129.9,0.0001,0.0,1.954,3.675,62 321 282 69 102 240 222 158 164 183
serine,0,tryptophan,0,4,18,1,9.86,11.854,-0.756,30.6,58.9,6.7337,0.0,5.872,2.624,166 360 188 342
serine,0,tryptophan,0,4,18,2,9.86,11.854,-0.756,30.6,58.9,3.1773,0.0,2.858,1.483,164 0 152 51 184 183
serine,0,tryptophan,0,4,18,3,9.86,11.854,-0.756,30.6,58.9,0.0454,0.0,2.597,2.069,189 359 146 68 170 174 244 215
serine,0,tryptophan,0,4,18,4,9.86,11.854,-0.756,30.6,58.9,0.0,0.0,2.027,2.797,147 267 264 71 209 272 158 236 268 203
serine,0,tryptophan,0,5,16,1,9.86,9.828,-0.756,135.1,42.9,2.5393,0.0,2.727,0.924,105 221 180 180
serine,0,tryptophan,0,5,16,2,9.86,9.828,-0.756,135.1,42.9,0.2198,0.0,1.785,2.856,16 148 191 186 289 212
serine,0,tryptophan,0,5,16,3,9.86,9.828,-0.756,135.1,42.9,0.0,0.0,2.001,1.357,67 311 110 187 242 74 82 248
serine,0,tryptophan,0,5,16,4,9.86,9.828,-0.756,135.1,42.9,0.0,0.0,1.185,3.419,186 172 154 112 151 245 242 144 121 167
serine,0,tryptophan,0,5,17,1,9.86,7.739,-0.756,126.5,128.3,0.4715,0.0,3.291,0.691,111 232 191 187
serine,0,tryptophan,0,5,17,2,9.86,7.739,-0.756,126.5,128.3,0.0,0.0,1.516,1.13,102 132 261 16 318 310
serine,0,tryptophan,0,5,17,3,9.86,7.739,-0.756,126.5,128.3,0.0,0.0,2.66,1.453,205 153 251 21 190 333 81 129
serine,0,tryptophan,0,5,17,4,9.86,7.739,-0.756,126.5,128.3,0.0,0.0,0.605,3.419,193 155 179 115 106 272 252 123 156 208
serine,0,tryptophan,0,5,18,1,9.86,9.599,-0.756,125.7,53.2,2.3188,0.0,3.453,1.527,48 124 176 177
serine,0,tryptophan,0,5,18,2,9.86,9.599,-0.756,125.7,53.2,0.0,0.0,3.17,0.749,137 282 160 184 285 218
serine,0,tryptophan,0,5,18,3,9.86,9.599,-0.756,125.7,53.2,0.0,0.0,2.373,3.003,183 215 218 105 71 216 238 168
serine,0,tryptophan,0,5,18,4,9.86,9.599,-0.756,125.7,53.2,0.0,0.0,1.674,3.419,196 179 203 143 134 217 210 103 115 193
serine,0,aspartic,12,3,3,1,8.103,8.428,0.781,122.1,39.1,1.1436,0.0,3.431,2.522,107 242 185 183
serine,0,aspartic,12,3,3,2,8.103,8.428,0.781,122.1,39.1,0.003,0.0,3.761,2.522,129 187 241 209 3 179
serine,0,aspartic,12,3,3,3,8.103,8.428,0.781,122.1,39.1,0.0,0.0,4.044,2.522,169 175 211 123 125 251 210 143
serine,0,aspartic,12,3,3,4,8.103,8.428,0.781,122.1,39.1,0.0,0.0,2.872,2.461,179 166 183 135 127 239 230 126 144 200
serine,0,aspartic,12,3,4,1,8.103,7.697,0.781,105.4,69.6,0.518,0.0,3.929,2.352,103 289 143 159
serine,0,aspartic,12,3,4,2,8.103,7.697,0.781,105.4,69.6,0.0,0.0,3.873,2.51,88 111 13 57 20 269
serine,0,aspartic,12,3,4,3,8.103,7.697,0.781,105.4,69.6,0.0,0.0,4.092,2.522,166 208 238 101 93 247 215 137
serine,0,aspartic,12,3,4,4,8.103,7.697,0.781,105.4,69.6,0.0,0.0,4.079,2.522,178 200 213 131 124 226 218 96 113 201
serine,0,aspartic,12,3,5,1,8.103,5.968,0.781,120.7,147.6,0.0,0.0,2.878,0.759,37 13 286 99
serine,0,aspartic,12,3,5,2,8.103,5.968,0.781,120.7,147.6,0.0,0.0,4.052,2.522,101 51 41 113 345 21
serine,0,aspartic,12,3,5,3,8.103,5.968,0.781,120.7,147.6,0.0,0.0,3.145,2.522,171 174 211 120 78 282 275 101
serine,0,aspartic,12,3,5,4,8.103,5.968,0.781,120.7,147.6,0.0,0.0,2.136,0.864,62 318 112 70 51 245 274 354 153 57
serine,0,aspartic,12,4,3,1,8.103,9.122,0.781,93.2,36.7,1.8376,0.0,3.778,2.577,316 292 183 182
serine,0,aspartic,12,4,3,2,8.103,9.122,0.781,93.2,36.7,0.1581,0.0,4.064,4.422,222 83 197 192 321 198
serine,0,aspartic,12,4,3,3,8.103,9.122,0.781,93.2,36.7,0.0,0.0,3.91,4.632,197 157 145 235 231 122 141 202
serine,0,aspartic,12,4,3,4,8.103,9.122,0.781,93.2,36.7,0.0,0.0,4.432,4.632,181 168 157 227 230 131 139 230 213 161
serine,0,aspartic,12,4,4,1,8.103,7.874,0.781,98.4,87.2,0.6265,0.0,4.196,2.484,258 85 160 168
serine,0,aspartic,12,4,4,2,8.103,7.874,0.781,98.4,87.2,0.0,0.0,4.106,4.279,238 176 116 245 218 112
serine,0,aspartic,12,4,4,3,8.103,7.874,0.781,98.4,87.2,0.0,0.0,4.098,4.632,214 175 152 234 234 90 111 207
serine,0,aspartic,12,4,4,4,8.103,7.874,0.781,98.4,87.2,0.0,0.0,4.052,4.632,184 171 158 229 236 129 137 239 220 159
serine,0,aspartic,12,4,5,1,8.103,6.742,0.781,88.6,138.2,0.0,0.0,3.802,1.377,318 331 153 254
serine,0,aspartic,12,4,5,2,8.103,6.742,0.781,88.6,138.2,0.0,0.0,4.215,3.98,239 194 74 200 271 82
serine,0,aspartic,12,4,5,3,8.103,6.742,0.781,88.6,138.2,0.0,0.0,3.943,4.632,185 163 140 246 247 95 116 211
serine,0,aspartic,12,4,5,4,8.103,6.742,0.781,88.6,138.2,0.0,0.0,2.2,2.123,219 68 96 298 298 97 100 294 260 126
serine,0,aspartic,12,5,3,1,8.103,10.759,0.781,19.7,36.4,6.5953,0.0,6.946,1.782,133 360 180 360
serine,0,aspartic,12,5,3,2,8.103,10.759,0.781,19.7,36.4,3.0109,0.0,3.856,1.572,129 1 169 14 200 198
serine,0,aspartic,12,5,3,3,8.103,10.759,0.781,19.7,36.4,0.0903,0.0,3.593,2.339,141 1 149 56 189 186 268 213
serine,0,aspartic,12,5,3,4,8.103,10.759,0.781,19.7,36.4,0.0,0.0,3.597,1.014,100 310 273 79 110 216 200 132 137 186
serine,0,aspartic,12,5,4,1,8.103,9.752,0.781,7.3,78.7,7.0151,0.0,7.389,2.68,147 360 180 360
serine,0,aspartic,12,5,4,2,8.103,9.752,0.781,7.3,78.7,3.2552,0.0,4.543,2.709,148 360 180 360 205 248
serine,0,aspartic,12,5,4,3,8.103,9.752,0.781,7.3,78.7,0.0,0.0,4.048,3.419,191 348 184 16 205 247 197 190
serine,0,aspartic,12,5,4,4,8.103,9.752,0.781,7.3,78.7,0.0,0.0,3.115,1.711,333 304 268 69 102 262 240 170 180 185
serine,0,aspartic,12,5,5,1,8.103,8.295,0.781,19.9,143.7,4.6129,0.0,6.901,1.679,131 360 180 360
serine,0,aspartic,12,5,5,2,8.103,8.295,0.781,19.9,143.7,1.1069,0.0,3.638,1.138,122 360 181 359 213 239
serine,0,aspartic,12,5,5,3,8.103,8.295,0.781,19.9,143.7,0.0,0.0,2.316,1.09,100 296 222 94 149 246 241 186
serine,0,aspartic,12,5,5,4,8.103,8.295,0.781,19.9,143.7,0.0,0.0,2.234,1.273,51 328 293 64 94 248 225 135 151 193
tryptophan,0,tyrosine,3,16,8,1,3.838,5.532,0.45,60.1,48.9,0.6672,0.0,3.182,5.987,142 77 82 9
tryptophan,0,tyrosine,3,16,8,2,3.838,5.532,0.45,60.1,48.9,0.0,0.0,3.182,5.825,116 135 91 41 76 341
tryptophan,0,tyrosine,3,16,8,3,3.838,5.532,0.45,60.1,48.9,0.0,0.0,1.551,4.614,77 329 328 59 62 297 243 107
tryptophan,0,tyrosine,3,16,8,4,3.838,5.532,0.45,60.1,48.9,0.0,0.0,1.138,4.695,37 7 316 60 98 258 237 116 126 190
tryptophan,0,tyrosine,3,16,9,1,3.838,3.313,0.45,45.4,146.9,2.4273,0.0,3.182,6.428,146 95 65 0
tryptophan,0,tyrosine,3,16,9,2,3.838,3.313,0.45,45.4,146.9,0.605,0.0,3.182,5.829,191 151 358 326 227 359
tryptophan,0,tyrosine,3,16,9,3,3.838,3.313,0.45,45.4,146.9,0.0,0.0,1.773,5.889,65 287 6 45 110 348 151 57
tryptophan,0,tyrosine,3,16,9,4,3.838,3.313,0.45,45.4,146.9,0.0,0.0,2.904,5.779,300 354 10 83 116 306 201 74 159 206
tryptophan,0,tyrosine,3,16,10,1,3.838,5.606,0.45,35.2,45.8,2.4894,0.0,3.117,5.174,144 34 131 6
tryptophan,0,tyrosine,3,16,10,2,3.838,5.606,0.45,35.2,45.8,0.6548,0.0,3.182,4.768,190 48 102 30 114 44
tryptophan,0,tyrosine,3,16,10,3,3.838,5.606,0.45,35.2,45.8,0.0,0.0,0.892,1.517,30 299 241 49 171 317 227 216
tryptophan,0,tyrosine,3,16,10,4,3.838,5.606,0.45,35.2,45.8,0.0,0.0,0.513,1.309,356 329 288 52 84 284 259 120 140 199
tryptophan,0,tyrosine,3,17,8,1,3.838,3.556,0.45,150.8,30.0,1.8304,0.0,2.599,4.512,163 19 353 357
tryptophan,0,tyrosine,3,17,8,2,3.838,3.556,0.45,150.8,30.0,0.6628,0.0,2.599,4.512,232 25 3 78 84 2
tryptophan,0,tyrosine,3,17,8,3,3.838,3.556,0.45,150.8,30.0,0.0,0.0,2.599,3.512,92 15 360 168 330 284 302 342
tryptophan,0,tyrosine,3,17,8,4,3.838,3.556,0.45,150.8,30.0,0.0,0.0,1.91,0.774,74 201 204 73 24 276 279 61 131 256
tryptophan,0,tyrosine,3,17,9,1,3.838,1.226,0.45,128.9,117.3,3.6806,0.0,2.599,4.512,174 35 3 2
tryptophan,0,tyrosine,3,17,9,2,3.838,1.226,0.45,128.9,117.3,2.8166,0.0,2.599,4.512,233 48 4 48 116 2
tryptophan,0,tyrosine,3,17,9,3,3.838,1.226,0.45,128.9,117.3,0.0,0.0,2.599,4.512,230 38 42 123 40 353 175 10
tryptophan,0,tyrosine,3,17,9,4,3.838,1.226,0.45,128.9,117.3,0.0,0.0,1.437,1.87,349 331 290 93 76 277 288 66 121 250
tryptophan,0,tyrosine,3,17,10,1,3.838,3.178,0.45,138.8,45.0,1.9637,0.0,2.532,1.847,55 338 358 358
tryptophan,0,tyrosine,3,17,10,2,3.838,3.178,0.45,138.8,45.0,0.9897,0.0,1.519,0.771,357 324 354 291 269 357
tryptophan,0,tyrosine,3,17,10,3,3.838,3.178,0.45,138.8,45.0,0.0,0.0,0.387,0.687,348 231 114 172 331 326 250 315
tryptophan,0,tyrosine,3,17,10,4,3.838,3.178,0.45,138.8,45.0,0.0,0.0,1.455,2.088,23 275 272 129 91 312 259 15 155 284
tryptophan,0,tyrosine,3,18,8,1,3.838,5.184,0.45,72.7,46.9,0.5267,0.0,2.891,5.8,224 244 327 336
tryptophan,0,tyrosine,3,18,8,2,3.838,5.184,0.45,72.7,46.9,0.0,0.0,2.891,5.232,255 190 306 213 10 335
tryptophan,0,tyrosine,3,18,8,3,3.838,5.184,0.45,72.7,46.9,0.0,0.0,2.891,4.31,273 91 340 264 310 107 117 289
tryptophan,0,tyrosine,3,18,8,4,3.838,5.184,0.45,72.7,46.9,0.0,0.0,2.155,3.531,311 7 31 266 268 112 115 287 262 143
tryptophan,0,tyrosine,3,18,9,1,3.838,2.843,0.45,61.0,156.2,2.1603,0.0,2.891,5.523,230 199 349 359
tryptophan,0,tyrosine,3,18,9,2,3.838,2.843,0.45,61.0,156.2,1.0793,0.0,2.891,5.65,169 229 2 28 142 1
tryptophan,0,tyrosine,3,18,9,3,3.838,2.843,0.45,61.0,156.2,0.0,0.0,2.012,4.985,343 81 344 332 212 4 225 315
tryptophan,0,tyrosine,3,18,9,4,3.838,2.843,0.45,61.0,156.2,0.0,0.0,1.335,5.488,31 325 358 313 259 50 121 282 245 166
tryptophan,0,tyrosine,3,18,10,1,3.838,4.628,0.45,73.6,67.7,0.3986,0.0,2.891,3.558,262 126 29 6
tryptophan,0,tyrosine,3,18,10,2,3.838,4.628,0.45,73.6,67.7,0.0,0.0,2.449,1.156,311 101 45 18 103 16
tryptophan,0,tyrosine,3,18,10,3,3.838,4.628,0.45,73.6,67.7,0.0,0.0,1.814,4.012,316 66 346 285 288 70 153 290
tryptophan,0,tyrosine,3,18,10,4,3.838,4.628,0.45,73.6,67.7,0.0,0.0,1.69,4.084,331 353 2 320 297 58 96 312 257 131
tryptophan,0,phenylalanine,2,16,12,1,14.162,14.471,-0.725,28.2,130.0,9.3938,0.0,2.133,3.821,80 0 172 20
tryptophan,0,phenylalanine,2,16,12,2,14.162,14.471,-0.725,28.2,130.0,5.8676,0.0,2.168,2.041,81 360 208 306 178 179
tryptophan,0,phenylalanine,2,16,12,3,14.162,14.471,-0.725,28.2,130.0,2.2039,0.0,2.153,1.955,80 0 156 48 186 183 187 186
tryptophan,0,phenylalanine,2,16,12,4,14.162,14.471,-0.725,28.2,130.0,0.0,0.0,1.713,1.667,82 298 259 64 88 197 180 176 177 179
tryptophan,0,phenylalanine,2,16,13,1,14.162,16.803,-0.725,25.8,30.2,11.801,0.0,2.302,3.821,84 0 174 15
tryptophan,0,phenylalanine,2,16,13,2,14.162,16.803,-0.725,25.8,30.2,8.2792,0.0,2.314,1.686,85 360 208 307 179 180
tryptophan,0,phenylalanine,2,16,13,3,14.162,16.803,-0.725,25.8,30.2,4.6135,0.0,2.264,1.708,83 0 156 47 185 182 184 184
tryptophan,0,phenylalanine,2,16,13,4,14.162,16.803,-0.725,25.8,30.2,1.0611,0.0,1.923,2.374,74 0 155 48 187 184 189 188 193 188
tryptophan,0,phenylalanine,2,16,14,1,14.162,15.852,-0.725,32.9,74.0,10.4134,0.0,2.623,4.03,92 0 196 314
tryptophan,0,phenylalanine,2,16,14,2,14.162,15.852,-0.725,32.9,74.0,6.9285,0.0,2.594,2.139,91 0 147 67 185 183
tryptophan,0,phenylalanine,2,16,14,3,14.162,15.852,-0.725,32.9,74.0,3.1998,0.0,2.606,1.53,92 0 209 296 184 182 184 184
tryptophan,0,phenylalanine,2,16,14,4,14.162,15.852,-0.725,32.9,74.0,0.0,0.0,2.596,0.796,85 16 189 3 106 173 225 215 185 194
tryptophan,0,phenylalanine,2,17,12,1,14.162,12.243,-0.725,123.1,125.6,5.0051,0.0,3.181,0.658,70 241 183 182
tryptophan,0,phenylalanine,2,17,12,2,14.162,12.243,-0.725,123.1,125.6,1.2954,0.0,2.735,0.937,358 120 184 182 184 184
tryptophan,0,phenylalanine,2,17,12,3,14.162,12.243,-0.725,123.1,125.6,0.0,0.0,1.845,1.332,112 205 193 121 130 200 188 171
tryptophan,0,phenylalanine,2,17,12,4,14.162,12.243,-0.725,123.1,125.6,0.0,0.0,3.181,3.536,125 230 218 89 95 207 195 120 133 196
tryptophan,0,phenylalanine,2,17,13,1,14.162,14.537,-0.725,123.7,27.0,7.3072,0.0,3.181,0.675,74 240 183 182
tryptophan,0,phenylalanine,2,17,13,2,14.162,14.537,-0.725,123.7,27.0,3.6172,0.0,2.399,0.861,3 119 187 184 187 186
tryptophan,0,phenylalanine,2,17,13,3,14.162,14.537,-0.725,123.7,27.0,0.7064,0.0,2.769,0.815,2 99 182 181 182 182 254 208
tryptophan,0,phenylalanine,2,17,13,4,14.162,14.537,-0.725,123.7,27.0,0.0,0.0,2.807,1.191,63 341 70 123 198 125 190 141 22 180
tryptophan,0,phenylalanine,2,17,14,1,14.162,13.513,-0.725,132.5,74.7,6.2543,0.0,3.181,0.417,67 225 178 179
tryptophan,0,phenylalanine,2,17,14,2,14.162,13.513,-0.725,132.5,74.7,2.5777,0.0,2.422,1.007,4 141 168 173 171 172
tryptophan,0,phenylalanine,2,17,14,3,14.162,13.513,-0.725,132.5,74.7,0.0,0.0,1.816,0.702,39 195 170 170 233 208 262 247
tryptophan,0,phenylalanine,2,17,14,4,14.162,13.513,-0.725,132.5,74.7,0.0,0.0,1.589,1.582,141 190 184 127 131 206 198 152 161 189
tryptophan,0,phenylalanine,2,18,12,1,14.162,13.523,-0.725,72.4,125.5,6.2905,0.0,2.891,1.267,289 2 183 182
tryptophan,0,phenylalanine,2,18,12,2,14.162,13.523,-0.725,72.4,125.5,2.7583,0.0,2.891,0.585,294 356 152 154 169 173
tryptophan,0,phenylalanine,2,18,12,3,14.162,13.523,-0.725,72.4,125.5,0.0,0.0,2.506,1.632,266 103 132 227 207 181 194 187
tryptophan,0,phenylalanine,2,18,12,4,14.162,13.523,-0.725,72.4,125.5,0.0,0.0,1.844,3.304,231 146 149 221 211 131 143 198 183 169
tryptophan,0,phenylalanine,2,18,13,1,14.162,15.715,-0.725,76.9,33.6,8.4755,0.0,2.891,1.398,276 22 182 181
tryptophan,0,phenylalanine,2,18,13,2,14.162,15.715,-0.725,76.9,33.6,4.7984,0.0,2.891,0.658,292 356 173 175 176 177
tryptophan,0,phenylalanine,2,18,13,3,14.162,15.715,-0.725,76.9,33.6,1.1379,0.0,2.231,0.933,305 335 179 179 169 171 179 179
tryptophan,0,phenylalanine,2,18,13,4,14.162,15.715,-0.725,76.9,33.6,0.0,0.0,2.026,2.301,320 356 143 183 162 168 196 182 330 223
tryptophan,0,phenylalanine,2,18,14,1,14.162,14.991,-0.725,72.0,67.1,7.75,0.0,2.891,1.236,284 358 177 178
tryptophan,0,phenylalanine,2,18,14,2,14.162,14.991,-0.725,72.0,67.1,4.1976,0.0,2.891,0.599,280 3 208 207 187 185
tryptophan,0,phenylalanine,2,18,14,3,14.162,14.991,-0.725,72.0,67.1,0.5189,0.0,1.82,0.575,276 6 204 203 198 192 194 192
tryptophan,0,phenylalanine,2,18,14,4,14.162,14.991,-0.725,72.0,67.1,0.0,0.0,2.317,0.563,216 116 141 250 233 179 190 216 215 179
tryptophan,0,arginine,3,16,16,1,13.059,13.884,-0.443,56.9,84.2,7.1665,0.0,2.722,4.242,95 360 156 120
tryptophan,0,arginine,3,16,16,2,13.059,13.884,-0.443,56.9,84.2,3.6235,0.0,2.716,2.134,95 0 219 246 181 180
tryptophan,0,arginine,3,16,16,3,13.059,13.884,-0.443,56.9,84.2,0.0,0.0,2.529,2.926,87 7 215 225 202 174 176 181
tryptophan,0,arginine,3,16,16,4,13.059,13.884,-0.443,56.9,84.2,0.0,0.0,3.182,4.814,132 233 224 143 153 216 207 157 166 188
tryptophan,0,arginine,3,16,17,1,13.059,14.353,-0.443,52.5,66.5,7.8469,0.0,3.159,3.948,106 360 205 255
tryptophan,0,arginine,3,16,17,2,13.059,14.353,-0.443,52.5,66.5,4.3143,0.0,3.168,1.673,106 359 141 106 176 178
tryptophan,0,arginine,3,16,17,3,13.059,14.353,-0.443,52.5,66.5,0.6226,0.0,2.137,1.163,108 359 143 104 169 174 168 169
tryptophan,0,arginine,3,16,17,4,13.059,14.353,-0.443,52.5,66.5,0.0,0.0,2.385,0.55,163 285 208 109 123 187 174 131 131 180
tryptophan,0,arginine,3,16,18,1,13.059,14.902,-0.443,61.8,42.6,8.0008,0.0,3.041,4.257,102 1 201 221
tryptophan,0,arginine,3,16,18,2,13.059,14.902,-0.443,61.8,42.6,4.4376,0.0,3.047,2.603,103 1 143 125 184 182
tryptophan,0,arginine,3,16,18,3,13.059,14.902,-0.443,61.8,42.6,0.7414,0.0,1.696,2.66,102 1 148 130 190 185 193 192
tryptophan,0,arginine,3,16,18,4,13.059,14.902,-0.443,61.8,42.6,0.0,0.0,1.424,4.523,143 255 226 144 154 181 180 132 124 176
tryptophan,0,arginine,3,17,16,1,13.059,11.77,-0.443,149.5,81.4,4.6756,0.0,2.817,2.12,7 187 198 199
tryptophan,0,arginine,3,17,16,2,13.059,11.77,-0.443,149.5,81.4,0.9658,0.0,2.721,2.45,357 181 213 215 183 182
tryptophan,0,arginine,3,17,16,3,13.059,11.77,-0.443,149.5,81.4,0.0,0.0,3.181,4.06,256 161 184 235 256 165 152 182
tryptophan,0,arginine,3,17,16,4,13.059,11.77,-0.443,149.5,81.4,0.0,0.0,2.795,2.537,282 284 9 139 109 311 56 35 313 133
tryptophan,0,arginine,3,17,17,1,13.059,12.061,-0.443,156.3,70.5,5.0608,0.0,2.909,0.808,14 179 159 143
tryptophan,0,arginine,3,17,17,2,13.059,12.061,-0.443,156.3,70.5,1.5266,0.0,2.835,1.301,19 180 222 233 181 181
tryptophan,0,arginine,3,17,17,3,13.059,12.061,-0.443,156.3,70.5,0.0,0.0,2.908,0.574,110 179 182 129 126 206 191 164
tryptophan,0,arginine,3,17,17,4,13.059,12.061,-0.443,156.3,70.5,0.0,0.0,1.484,2.31,181 228 169 227 230 151 158 222 211 166
tryptophan,0,arginine,3,17,18,1,13.059,12.797,-0.443,159.7,38.5,5.9212,0.0,2.669,2.34,348 180 202 229
tryptophan,0,arginine,3,17,18,2,13.059,12.797,-0.443,159.7,38.5,2.3465,0.0,2.491,1.599,348 180 141 121 180 180
tryptophan,0,arginine,3,17,18,3,13.059,12.797,-0.443,159.7,38.5,0.2232,0.0,2.48,3.513,301 176 218 244 159 169 84 146
tryptophan,0,arginine,3,17,18,4,13.059,12.797,-0.443,159.7,38.5,0.0,0.0,2.152,4.182,162 173 189 293 190 152 187 242 268 203
tryptophan,0,arginine,3,18,16,1,13.059,13.989,-0.443,52.4,81.5,7.4891,0.0,2.891,2.028,264 360 205 255
tryptophan,0,arginine,3,18,16,2,13.059,13.989,-0.443,52.4,81.5,3.9506,0.0,2.891,0.769,264 360 141 105 178 179
tryptophan,0,arginine,3,18,16,3,13.059,13.989,-0.443,52.4,81.5,0.2413,0.0,2.891,0.565,265 359 144 104 174 177 174 175
tryptophan,0,arginine,3,18,16,4,13.059,13.989,-0.443,52.4,81.5,0.0,0.0,1.691,0.347,315 41 74 301 263 131 160 160 144 169
tryptophan,0,arginine,3,18,17,1,13.059,14.125,-0.443,62.0,76.4,7.2258,0.0,2.891,2.334,258 1 202 221
tryptophan,0,arginine,3,18,17,2,13.059,14.125,-0.443,62.0,76.4,3.652,0.0,2.891,0.634,259 1 143 124 184 182
tryptophan,0,arginine,3,18,17,3,13.059,14.125,-0.443,62.0,76.4,0.0,0.0,2.833,0.739,265 357 208 231 165 170 160 160
tryptophan,0,arginine,3,18,17,4,13.059,14.125,-0.443,62.0,76.4,0.0,0.0,2.891,1.017,217 135 137 217 209 137 148 195 182 169
tryptophan,0,arginine,3,18,18,1,13.059,15.059,-0.443,55.2,35.7,8.4061,0.0,2.891,2.312,253 360 156 117
tryptophan,0,arginine,3,18,18,2,13.059,15.059,-0.443,55.2,35.7,4.8744,0.0,2.891,0.907,253 0 219 248 180 180
tryptophan,0,arginine,3,18,18,3,13.059,15.059,-0.443,55.2,35.7,1.1449,0.0,0.77,0.635,252 0 214 247 181 180 181 181
tryptophan,0,arginine,3,18,18,4,13.059,15.059,-0.443,55.2,35.7,0.0001,0.0,0.537,2.672,230 8 206 227 201 190 187 236 289 221
tryptophan,0,lysine,3,16,13,1,16.919,19.151,0.881,52.5,31.3,12.5654,0.0,3.182,4.479,134 0 204 244
tryptophan,0,lysine,3,16,13,2,16.919,19.151,0.881,52.5,31.3,9.0509,0.0,3.182,2.456,134 0 141 111 182 181
tryptophan,0,lysine,3,16,13,3,16.919,19.151,0.881,52.5,31.3,5.3875,0.0,3.182,1.582,134 1 215 247 187 184 187 186
tryptophan,0,lysine,3,16,13,4,16.919,19.151,0.881,52.5,31.3,1.7188,0.0,3.182,1.335,135 0 140 111 180 180 179 179 180 180
tryptophan,0,lysine,3,16,14,1,16.919,17.438,0.881,49.1,103.7,11.0299,0.0,3.182,4.706,141 360 204 257
tryptophan,0,lysine,3,16,14,2,16.919,17.438,0.881,49.1,103.7,7.5135,0.0,3.182,2.612,141 360 141 103 180 180
tryptophan,0,lysine,3,16,14,3,16.919,17.438,0.881,49.1,103.7,3.8271,0.0,3.182,1.895,141 360 215 258 179 179 179 179
tryptophan,0,lysine,3,16,14,4,16.919,17.438,0.881,49.1,103.7,0.2284,0.0,3.182,2.055,138 1 219 255 191 186 206 201 189 187
tryptophan,0,lysine,3,16,15,1,16.919,16.827,0.881,53.0,130.7,10.2537,0.0,3.182,4.589,132 360 156 114
tryptophan,0,lysine,3,16,15,2,16.919,16.827,0.881,53.0,130.7,6.7366,0.0,3.182,2.77,132 360 219 251 178 179
tryptophan,0,lysine,3,16,15,3,16.919,16.827,0.881,53.0,130.7,3.0857,0.0,3.182,1.349,133 359 144 111 175 177 174 174
tryptophan,0,lysine,3,16,15,4,16.919,16.827,0.881,53.0,130.7,0.0,0.0,3.182,1.085,127 8 207 322 70 150 169 174 159 187
tryptophan,0,lysine,3,17,13,1,16.919,16.831,0.881,158.3,28.8,9.8345,0.0,3.181,3.006,91 180 164 149
tryptophan,0,lysine,3,17,13,2,16.919,16.831,0.881,158.3,28.8,6.3222,0.0,3.181,1.692,92 180 216 229 182 181
tryptophan,0,lysine,3,17,13,3,16.919,16.831,0.881,158.3,28.8,2.5902,0.0,3.181,1.985,91 180 150 133 180 180 180 180
tryptophan,0,lysine,3,17,13,4,16.919,16.831,0.881,158.3,28.8,0.4472,0.0,3.181,2.771,116 178 211 238 163 172 169 169 73 155
tryptophan,0,lysine,3,17,14,1,16.919,15.111,0.881,152.0,102.2,7.9685,0.0,3.181,3.273,91 178 170 168
tryptophan,0,lysine,3,17,14,2,16.919,15.111,0.881,152.0,102.2,4.3817,0.0,3.181,2.032,94 180 211 217 179 179
tryptophan,0,lysine,3,17,14,3,16.919,15.111,0.881,152.0,102.2,0.6719,0.0,3.181,2.641,90 178 155 150 170 174 173 174
tryptophan,0,lysine,3,17,14,4,16.919,15.111,0.881,152.0,102.2,0.0,0.0,3.181,4.512,164 173 188 164 150 187 188 131 136 191
tryptophan,0,lysine,3,17,15,1,16.919,14.5,0.881,160.6,128.9,7.6355,0.0,3.181,2.24,84 180 200 227
tryptophan,0,lysine,3,17,15,2,16.919,14.5,0.881,160.6,128.9,4.1486,0.0,3.181,1.653,81 179 142 124 171 175
tryptophan,0,lysine,3,17,15,3,16.919,14.5,0.881,160.6,128.9,0.3681,0.0,3.181,1.445,84 179 212 236 175 177 176 176
tryptophan,0,lysine,3,17,15,4,16.919,14.5,0.881,160.6,128.9,0.0,0.0,3.181,4.179,159 168 179 164 150 192 193 127 132 192
tryptophan,0,lysine,3,18,13,1,16.919,18.341,0.881,84.6,26.8,11.0856,0.0,2.891,3.638,274 313 179 180
tryptophan,0,lysine,3,18,13,2,16.919,18.341,0.881,84.6,26.8,7.4158,0.0,2.891,1.868,228 39 183 181 182 182
tryptophan,0,lysine,3,18,13,3,16.919,18.341,0.881,84.6,26.8,3.7978,0.0,2.891,2.241,273 313 178 179 170 171 178 179
tryptophan,0,lysine,3,18,13,4,16.919,18.341,0.881,84.6,26.8,0.7601,0.0,2.891,2.744,265 314 182 181 198 195 182 181 117 148
tryptophan,0,lysine,3,18,14,1,16.919,16.418,0.881,89.6,109.4,9.1841,0.0,2.891,3.803,279 302 177 178
tryptophan,0,lysine,3,18,14,2,16.919,16.418,0.881,89.6,109.4,5.4844,0.0,2.891,2.693,224 53 177 179 177 177
tryptophan,0,lysine,3,18,14,3,16.919,16.418,0.881,89.6,109.4,1.9002,0.0,2.891,2.907,278 305 170 174 158 162 170 173
tryptophan,0,lysine,3,18,14,4,16.919,16.418,0.881,89.6,109.4,0.0,0.0,2.891,3.821,210 144 145 201 194 144 152 184 174 173
tryptophan,0,lysine,3,18,15,1,16.919,16.12,0.881,81.0,122.4,8.8624,0.0,2.891,3.395,270 322 180 180
tryptophan,0,lysine,3,18,15,2,16.919,16.12,0.881,81.0,122.4,5.2475,0.0,2.891,1.402,233 27 191 186 189 188
tryptophan,0,lysine,3,18,15,3,16.919,16.12,0.881,81.0,122.4,1.5554,0.0,2.891,1.808,271 321 180 180 183 182 180 180
tryptophan,0,lysine,3,18,15,4,16.919,16.12,0.881,81.0,122.4,0.0,0.0,2.891,2.221,205 138 142 210 201 144 154 178 166 172
tryptophan,0,aspartic,4,16,3,1,8.151,8.644,-0.094,32.8,118.3,3.6857,0.0,0.687,4.684,32 0 176 6
tryptophan,0,aspartic,4,16,3,2,8.151,8.644,-0.094,32.8,118.3,0.0472,0.0,0.353,3.344,38 359 201 325 167 172
tryptophan,0,aspartic,4,16,3,3,8.151,8.644,-0.094,32.8,118.3,0.0,0.0,0.786,3.424,353 329 277 50 104 254 223 169
tryptophan,0,aspartic,4,16,3,4,8.151,8.644,-0.094,32.8,118.3,0.0,0.0,1.739,3.688,15 339 301 41 72 261 233 122 143 198
tryptophan,0,aspartic,4,16,4,1,8.151,8.868,-0.094,20.8,108.5,4.9925,0.0,1.386,3.976,59 360 182 358
tryptophan,0,aspartic,4,16,4,2,8.151,8.868,-0.094,20.8,108.5,1.1231,0.0,1.354,1.857,58 360 180 360 169 154
tryptophan,0,aspartic,4,16,4,3,8.151,8.868,-0.094,20.8,108.5,0.0,0.0,1.254,1.153,60 305 260 68 109 239 216 167
tryptophan,0,aspartic,4,16,4,4,8.151,8.868,-0.094,20.8,108.5,0.0,0.0,1.374,0.571,68 315 284 70 95 236 215 118 135 197
tryptophan,0,aspartic,4,16,5,1,8.151,10.811,-0.094,26.2,26.5,6.0999,0.0,0.239,4.504,38 0 178 3
tryptophan,0,aspartic,4,16,5,2,8.151,10.811,-0.094,26.2,26.5,2.4873,0.0,0.416,3.152,39 360 200 327 174 176
tryptophan,0,aspartic,4,16,5,3,8.151,10.811,-0.094,26.2,26.5,0.4114,0.0,1.359,4.489,355 3 212 294 204 193 79 144
tryptophan,0,aspartic,4,16,5,4,8.151,10.811,-0.094,26.2,26.5,0.0,0.0,2.506,5.085,310 32 134 346 295 234 192 125 129 172
tryptophan,0,aspartic,4,17,3,1,8.151,7.193,-0.094,92.0,103.8,0.0,0.0,2.576,1.71,342 69 192 216
tryptophan,0,aspartic,4,17,3,2,8.151,7.193,-0.094,92.0,103.8,0.0,0.0,1.188,2.777,308 5 264 73 110 221
tryptophan,0,aspartic,4,17,3,3,8.151,7.193,-0.094,92.0,103.8,0.0,0.0,1.847,3.424,292 351 320 39 69 335 283 136
tryptophan,0,aspartic,4,17,3,4,8.151,7.193,-0.094,92.0,103.8,0.0,0.0,2.95,2.117,66 315 259 13 39 294 273 40 105 237
tryptophan,0,aspartic,4,17,4,1,8.151,6.916,-0.094,104.9,115.7,0.0949,0.0,2.233,0.669,354 132 97 130
tryptophan,0,aspartic,4,17,4,2,8.151,6.916,-0.094,104.9,115.7,0.0,0.0,2.3,0.645,337 181 128 337 113 343
tryptophan,0,aspartic,4,17,4,3,8.151,6.916,-0.094,104.9,115.7,0.0,0.0,3.181,2.943,63 77 84 41 18 301 253 80
tryptophan,0,aspartic,4,17,4,4,8.151,6.916,-0.094,104.9,115.7,0.0,0.0,1.999,0.552,99 21 337 308 315 285 253 308 7 259
tryptophan,0,aspartic,4,17,5,1,8.151,9.101,-0.094,99.0,22.0,1.8259,0.0,1.983,1.263,348 78 182 181
tryptophan,0,aspartic,4,17,5,2,8.151,9.101,-0.094,99.0,22.0,0.4401,0.0,3.134,2.56,81 322 138 156 336 196
tryptophan,0,aspartic,4,17,5,3,8.151,9.101,-0.094,99.0,22.0,0.0,0.0,3.181,3.334,65 25 116 115 334 234 307 170
tryptophan,0,aspartic,4,17,5,4,8.151,9.101,-0.094,99.0,22.0,0.0,0.0,2.585,1.999,44 353 312 6 34 261 233 75 113 215
tryptophan,0,aspartic,4,18,3,1,8.151,8.008,-0.094,61.6,110.8,1.2147,0.0,2.034,2.427,318 360 205 255
tryptophan,0,aspartic,4,18,3,2,8.151,8.008,-0.094,61.6,110.8,0.0,0.0,1.112,3.39,13 357 119 313 265 161
tryptophan,0,aspartic,4,18,3,3,8.151,8.008,-0.094,61.6,110.8,0.0,0.0,1.327,4.2,28 318 94 16 245 48 81 112
tryptophan,0,aspartic,4,18,3,4,8.151,8.008,-0.094,61.6,110.8,0.0,0.0,2.502,3.953,36 36 2 325 280 356 254 229 201 311
tryptophan,0,aspartic,4,18,4,1,8.151,7.794,-0.094,71.7,120.5,0.7441,0.0,2.364,1.994,312 353 149 143
tryptophan,0,aspartic,4,18,4,2,8.151,7.794,-0.094,71.7,120.5,0.0,0.0,0.992,2.725,1 1 103 304 272 158
tryptophan,0,aspartic,4,18,4,3,8.151,7.794,-0.094,71.7,120.5,0.0,0.0,1.055,3.059,12 350 62 326 285 72 82 179
tryptophan,0,aspartic,4,18,4,4,8.151,7.794,-0.094,71.7,120.5,0.0,0.0,2.891,3.098,296 306 8 16 348 108 111 282 244 130
tryptophan,0,aspartic,4,18,5,1,8.151,9.862,-0.094,70.5,36.0,2.761,0.0,2.322,2.684,306 7 200 202
tryptophan,0,aspartic,4,18,5,2,8.151,9.862,-0.094,70.5,36.0,0.3476,0.0,2.491,3.743,290 71 157 168 296 212
tryptophan,0,aspartic,4,18,5,3,8.151,9.862,-0.094,70.5,36.0,0.0,0.0,1.233,4.519,11 323 100 30 257 100 28 248
tryptophan,0,aspartic,4,18,5,4,8.151,9.862,-0.094,70.5,36.0,0.0,0.0,1.477,3.667,335 359 40 334 306 105 129 246 225 158
tryptophan,0,glutamic,4,16,5,1,6.346,5.755,0.007,49.6,169.5,0.9873,0.0,0.603,5.519,8 348 215 338
tryptophan,0,glutamic,4,16,5,2,6.346,5.755,0.007,49.6,169.5,0.0,0.0,1.394,6.159,339 130 81 262 294 286
tryptophan,0,glutamic,4,16,5,3,6.346,5.755,0.007,49.6,169.5,0.0,0.0,0.867,6.132,300 332 316 51 80 299 232 117
tryptophan,0,glutamic,4,16,5,4,6.346,5.755,0.007,49.6,169.5,0.0,0.0,0.331,5.482,324 360 329 38 58 299 263 43 104 228
tryptophan,0,glutamic,4,16,6,1,6.346,7.968,0.007,57.7,57.6,1.3758,0.0,0.97,6.473,4 359 157 91
tryptophan,0,glutamic,4,16,6,2,6.346,7.968,0.007,57.7,57.6,0.0,0.0,1.364,6.657,326 335 266 43 80 216
tryptophan,0,glutamic,4,16,6,3,6.346,7.968,0.007,57.7,57.6,0.0,0.0,2.171,6.657,317 342 309 41 73 279 232 141
tryptophan,0,glutamic,4,16,6,4,6.346,7.968,0.007,57.7,57.6,0.0,0.0,2.032,6.657,350 357 313 25 62 270 239 91 116 204
tryptophan,0,glutamic,4,16,7,1,6.346,7.958,0.007,46.9,58.1,1.9994,0.0,0.579,5.352,21 360 196 315
tryptophan,0,glutamic,4,16,7,2,6.346,7.958,0.007,46.9,58.1,0.0,0.0,0.69,4.647,68 284 226 52 107 172
tryptophan,0,glutamic,4,16,7,3,6.346,7.958,0.007,46.9,58.1,0.0,0.0,1.461,5.317,49 71 109 151 301 38 226 110
tryptophan,0,glutamic,4,16,7,4,6.346,7.958,0.007,46.9,58.1,0.0,0.0,1.773,5.593,5 350 310 26 58 273 242 104 131 204
tryptophan,0,glutamic,4,17,5,1,6.346,5.407,0.007,62.9,151.3,0.1481,0.0,1.634,1.3,2 66 85 20
tryptophan,0,glutamic,4,17,5,2,6.346,5.407,0.007,62.9,151.3,0.0,0.0,0.723,1.271,45 174 6 351 114 49
tryptophan,0,glutamic,4,17,5,3,6.346,5.407,0.007,62.9,151.3,0.0,0.0,0.599,3.477,89 324 217 349 153 10 135 40
tryptophan,0,glutamic,4,17,5,4,6.346,5.407,0.007,62.9,151.3,0.0,0.0,0.69,2.999,97 283 255 82 105 252 240 81 103 202
tryptophan,0,glutamic,4,17,6,1,6.346,7.881,0.007,61.1,40.4,1.1839,0.0,1.076,3.17,352 0 214 260
tryptophan,0,glutamic,4,17,6,2,6.346,7.881,0.007,61.1,40.4,0.1443,0.0,0.477,4.216,314 346 244 264 326 219
tryptophan,0,glutamic,4,17,6,3,6.346,7.881,0.007,61.1,40.4,0.0,0.0,1.78,4.512,270 111 136 261 247 116 130 197
tryptophan,0,glutamic,4,17,6,4,6.346,7.881,0.007,61.1,40.4,0.0,0.0,1.748,2.755,7 337 97 213 111 212 309 304 232 135
tryptophan,0,glutamic,4,17,7,1,6.346,7.135,0.007,78.9,70.9,0.0642,0.0,2.117,2.493,16 299 245 198
tryptophan,0,glutamic,4,17,7,2,6.346,7.135,0.007,78.9,70.9,0.0,0.0,1.488,3.621,294 2 274 23 136 237
tryptophan,0,glutamic,4,17,7,3,6.346,7.135,0.007,78.9,70.9,0.0,0.0,2.295,2.553,281 236 44 317 214 95 337 132
tryptophan,0,glutamic,4,17,7,4,6.346,7.135,0.007,78.9,70.9,0.0,0.0,1.423,3.776,303 353 341 17 18 317 260 61 177 245
tryptophan,0,glutamic,4,18,5,1,6.346,5.728,0.007,50.7,145.0,0.5245,0.0,0.813,4.739,350 355 190 355
tryptophan,0,glutamic,4,18,5,2,6.346,5.728,0.007,50.7,145.0,0.0,0.0,1.011,5.845,24 101 70 282 214 78
tryptophan,0,glutamic,4,18,5,3,6.346,5.728,0.007,50.7,145.0,0.0,0.0,1.403,5.851,96 38 56 332 251 8 128 216
tryptophan,0,glutamic,4,18,5,4,6.346,5.728,0.007,50.7,145.0,0.0,0.0,1.264,5.851,75 253 320 86 38 53 96 340 296 130
tryptophan,0,glutamic,4,18,6,1,6.346,7.995,0.007,56.7,46.8,1.4727,0.0,0.993,5.342,359 360 198 276
tryptophan,0,glutamic,4,18,6,2,6.346,7.995,0.007,56.7,46.8,0.0,0.0,1.9,5.851,24 26 135 188 304 121
tryptophan,0,glutamic,4,18,6,3,6.346,7.995,0.007,56.7,46.8,0.0,0.0,1.266,4.761,346 352 273 52 33 276 250 89
tryptophan,0,glutamic,4,18,6,4,6.346,7.995,0.007,56.7,46.8,0.0,0.0,1.636,5.851,32 357 52 3 324 57 90 276 242 144
tryptophan,0,glutamic,4,18,7,1,6.346,7.83,0.007,52.4,53.8,1.5517,0.0,1.372,3.759,336 360 163 64
tryptophan,0,glutamic,4,18,7,2,6.346,7.83,0.007,52.4,53.8,0.0,0.0,1.024,1.196,276 9 212 343 241 217
tryptophan,0,glutamic,4,18,7,3,6.346,7.83,0.007,52.4,53.8,0.0,0.0,1.94,0.938,312 71 63 294 307 98 126 259
tryptophan,0,glutamic,4,18,7,4,6.346,7.83,0.007,52.4,53.8,0.0,0.0,1.085,2.902,346 9 49 330 300 92 120 265 237 153
tryptophan,0,isoleucine,2,16,4,1,9.5,9.521,0.802,9.8,165.5,6.5711,0.0,2.986,3.861,102 360 180 360
tryptophan,0,isoleucine,2,16,4,2,9.5,9.521,0.802,9.8,165.5,2.9408,0.0,2.889,1.275,99 360 181 359 207 247
tryptophan,0,isoleucine,2,16,4,3,9.5,9.521,0.802,9.8,165.5,0.0,0.0,2.532,0.311,97 345 166 45 204 239 238 212
tryptophan,0,isoleucine,2,16,4,4,9.5,9.521,0.802,9.8,165.5,0.0,0.0,1.385,0.662,56 315 283 67 97 240 218 143 158 191
tryptophan,0,isoleucine,2,16,5,1,9.5,11.859,0.802,12.5,53.1,8.2406,0.0,3.182,3.985,120 360 180 360
tryptophan,0,isoleucine,2,16,5,2,9.5,11.859,0.802,12.5,53.1,4.5821,0.0,3.182,1.055,116 1 177 4 200 206
tryptophan,0,isoleucine,2,16,5,3,9.5,11.859,0.802,12.5,53.1,0.9446,0.0,3.182,1.213,120 360 180 360 216 225 179 179
tryptophan,0,isoleucine,2,16,5,4,9.5,11.859,0.802,12.5,53.1,0.0,0.0,2.512,1.196,109 299 260 82 112 212 198 153 154 181
tryptophan,0,isoleucine,2,16,6,1,9.5,11.414,0.802,1.8,70.9,8.9481,0.0,0.761,4.202,49 0 180 0
tryptophan,0,isoleucine,2,16,6,2,9.5,11.414,0.802,1.8,70.9,5.2153,0.0,0.564,1.855,46 0 180 0 155 115
tryptophan,0,isoleucine,2,16,6,3,9.5,11.414,0.802,1.8,70.9,1.682,0.0,1.771,0.452,71 360 181 359 221 252 173 176
tryptophan,0,isoleucine,2,16,6,4,9.5,11.414,0.802,1.8,70.9,0.0,0.0,1.762,4.276,340 294 252 76 125 239 212 173 178 182
tryptophan,0,isoleucine,2,17,4,1,9.5,7.418,0.802,107.7,171.9,0.5608,0.0,2.957,1.131,18 76 211 191
tryptophan,0,isoleucine,2,17,4,2,9.5,7.418,0.802,107.7,171.9,0.0011,0.0,3.181,2.697,102 136 318 192 360 187
tryptophan,0,isoleucine,2,17,4,3,9.5,7.418,0.802,107.7,171.9,0.0,0.0,3.181,2.526,160 188 222 110 118 258 211 141
tryptophan,0,isoleucine,2,17,4,4,9.5,7.418,0.802,107.7,171.9,0.0,0.0,3.181,3.31,138 206 340 42 85 331 150 64 183 180
tryptophan,0,isoleucine,2,17,5,1,9.5,9.656,0.802,113.9,57.8,2.3711,0.0,2.96,0.963,18 102 182 182
tryptophan,0,isoleucine,2,17,5,2,9.5,9.656,0.802,113.9,57.8,0.0,0.0,3.181,2.131,115 216 191 132 120 165
tryptophan,0,isoleucine,2,17,5,3,9.5,9.656,0.802,113.9,57.8,0.0,0.0,3.181,2.939,150 194 206 124 127 233 212 157
tryptophan,0,isoleucine,2,17,5,4,9.5,9.656,0.802,113.9,57.8,0.0,0.0,2.351,1.508,167 177 188 130 127 239 228 139 158 198
tryptophan,0,isoleucine,2,17,6,1,9.5,9.524,0.802,99.2,63.0,2.2359,0.0,2.983,1.183,19 78 179 180
tryptophan,0,isoleucine,2,17,6,2,9.5,9.524,0.802,99.2,63.0,0.0,0.0,3.181,3.411,105 293 175 122 312 155
tryptophan,0,isoleucine,2,17,6,3,9.5,9.524,0.802,99.2,63.0,0.0,0.0,3.181,4.512,147 230 226 92 94 226 217 160
tryptophan,0,isoleucine,2,17,6,4,9.5,9.524,0.802,99.2,63.0,0.0,0.0,3.181,4.512,162 212 213 126 124 215 207 114 127 197
tryptophan,0,isoleucine,2,18,4,1,9.5,7.916,0.802,88.3,161.4,0.7954,0.0,2.534,2.598,322 307 177 179
tryptophan,0,isoleucine,2,18,4,2,9.5,7.916,0.802,88.3,161.4,0.0,0.0,2.891,3.389,261 192 67 191 268 130
tryptophan,0,isoleucine,2,18,4,3,9.5,7.916,0.802,88.3,161.4,0.0,0.0,2.891,2.395,203 157 137 241 242 113 135 208
tryptophan,0,isoleucine,2,18,4,4,9.5,7.916,0.802,88.3,161.4,0.0,0.0,2.891,1.643,170 146 116 261 257 115 153 235 194 156
tryptophan,0,isoleucine,2,18,5,1,9.5,10.198,0.802,92.2,53.9,2.921,0.0,2.533,2.87,322 297 177 178
tryptophan,0,isoleucine,2,18,5,2,9.5,10.198,0.802,92.2,53.9,0.2303,0.0,2.751,2.617,309 247 249 212 88 127
tryptophan,0,isoleucine,2,18,5,3,9.5,10.198,0.802,92.2,53.9,0.0,0.0,2.891,2.772,209 149 143 238 231 136 155 201
tryptophan,0,isoleucine,2,18,5,4,9.5,10.198,0.802,92.2,53.9,0.0,0.0,2.891,4.12,196 165 157 225 226 135 143 225 211 164
tryptophan,0,isoleucine,2,18,6,1,9.5,9.582,0.802,97.0,77.8,2.316,0.0,2.891,3.361,268 71 187 184
tryptophan,0,isoleucine,2,18,6,2,9.5,9.582,0.802,97.0,77.8,0.0,0.0,2.891,3.607,287 293 328 129 286 213
tryptophan,0,isoleucine,2,18,6,3,9.5,9.582,0.802,97.0,77.8,0.0,0.0,2.891,5.52,238 166 158 220 217 105 118 199
tryptophan,0,isoleucine,2,18,6,4,9.5,9.582,0.802,97.0,77.8,0.0,0.0,2.891,4.899,198 163 159 228 232 137 144 229 215 163
tryptophan,0,leucine,2,16,1,1,17.299,18.4,0.439,63.6,73.9,11.3759,0.0,3.182,4.485,125 1 195 205
tryptophan,0,leucine,2,16,1,2,17.299,18.4,0.439,63.6,73.9,7.8327,0.0,3.182,2.716,125 0 145 133 182 181
tryptophan,0,leucine,2,16,1,3,17.299,18.4,0.439,63.6,73.9,4.1863,0.0,3.182,3.0,124 2 211 222 192 186 190 189
tryptophan,0,leucine,2,16,1,4,17.299,18.4,0.439,63.6,73.9,0.5136,0.0,1.638,2.983,125 1 215 226 183 182 197 194 183 182
tryptophan,0,leucine,2,16,2,1,17.299,18.62,0.439,56.4,65.3,11.8505,0.0,3.182,4.294,129 360 201 232
tryptophan,0,leucine,2,16,2,2,17.299,18.62,0.439,56.4,65.3,8.3398,0.0,3.182,2.282,129 360 141 119 178 179
tryptophan,0,leucine,2,16,2,3,17.299,18.62,0.439,56.4,65.3,4.6465,0.0,3.053,1.852,129 360 214 241 178 179 178 179
tryptophan,0,leucine,2,16,2,4,17.299,18.62,0.439,56.4,65.3,1.0265,0.0,0.689,1.877,127 1 219 241 184 182 199 196 184 183
tryptophan,0,leucine,2,16,13,1,17.299,18.865,0.439,58.2,55.2,12.0143,0.0,3.182,4.227,120 360 160 135
tryptophan,0,leucine,2,16,13,2,17.299,18.865,0.439,58.2,55.2,8.499,0.0,3.182,2.427,120 0 218 237 181 180
tryptophan,0,leucine,2,16,13,3,17.299,18.865,0.439,58.2,55.2,4.81,0.0,3.182,2.043,120 360 147 124 179 179 179 179
tryptophan,0,leucine,2,16,13,4,17.299,18.865,0.439,58.2,55.2,1.2011,0.0,0.983,1.92,119 1 144 122 187 184 204 200 186 184
tryptophan,0,leucine,2,17,1,1,17.299,16.252,0.439,173.6,69.9,9.958,0.0,3.181,2.657,97 180 155 95
tryptophan,0,leucine,2,17,1,2,17.299,16.252,0.439,173.6,69.9,6.4351,0.0,3.181,0.505,97 180 219 262 181 181
tryptophan,0,leucine,2,17,1,3,17.299,16.252,0.439,173.6,69.9,2.7208,0.0,1.397,1.224,98 180 146 97 183 182 183 182
tryptophan,0,leucine,2,17,1,4,17.299,16.252,0.439,173.6,69.9,0.0,0.0,1.388,3.876,133 164 163 148 146 192 188 159 165 187
tryptophan,0,leucine,2,17,2,1,17.299,16.334,0.439,165.1,66.7,9.6376,0.0,3.181,2.319,81 179 156 123
tryptophan,0,leucine,2,17,2,2,17.299,16.334,0.439,165.1,66.7,6.1069,0.0,3.181,0.983,81 180 218 246 177 178
tryptophan,0,leucine,2,17,2,3,17.299,16.334,0.439,165.1,66.7,2.3988,0.0,1.952,1.072,79 179 145 117 172 176 174 174
tryptophan,0,leucine,2,17,2,4,17.299,16.334,0.439,165.1,66.7,0.0,0.0,2.17,3.562,118 169 173 161 151 179 180 142 142 185
tryptophan,0,leucine,2,17,13,1,17.299,16.604,0.439,168.5,55.6,10.0488,0.0,3.181,0.71,48 180 204 248
tryptophan,0,leucine,2,17,13,2,17.299,16.604,0.439,168.5,55.6,6.5259,0.0,3.181,0.585,48 180 141 108 181 181
tryptophan,0,leucine,2,17,13,3,17.299,16.604,0.439,168.5,55.6,2.8108,0.0,2.259,0.494,49 180 215 251 183 181 182 182
tryptophan,0,leucine,2,17,13,4,17.299,16.604,0.439,168.5,55.6,0.0,0.0,1.824,0.624,5 167 157 101 204 180 157 150 117 161
tryptophan,0,leucine,2,18,1,1,17.299,18.169,0.439,72.6,68.8,10.9209,0.0,2.891,3.719,243 356 178 178
tryptophan,0,leucine,2,18,1,2,17.299,18.169,0.439,72.6,68.8,7.3313,0.0,2.891,1.187,240 1 203 202 183 182
tryptophan,0,leucine,2,18,1,3,17.299,18.169,0.439,72.6,68.8,3.6408,0.0,2.06,1.465,243 358 169 170 173 175 175 176
tryptophan,0,leucine,2,18,1,4,17.299,18.169,0.439,72.6,68.8,0.1276,0.0,1.192,2.119,237 358 167 167 173 176 175 176 149 161
tryptophan,0,leucine,2,18,2,1,17.299,18.072,0.439,78.0,72.5,10.8377,0.0,2.891,3.632,230 27 182 181
tryptophan,0,leucine,2,18,2,2,17.299,18.072,0.439,78.0,72.5,7.1267,0.0,2.891,0.911,248 357 179 180 179 180
tryptophan,0,leucine,2,18,2,3,17.299,18.072,0.439,78.0,72.5,3.5812,0.0,2.246,1.244,231 24 192 188 202 197 191 188
tryptophan,0,leucine,2,18,2,4,17.299,18.072,0.439,78.0,72.5,0.0498,0.0,1.463,1.711,226 36 196 190 204 199 195 191 215 203
tryptophan,0,leucine,2,18,13,1,17.299,18.557,0.439,70.6,52.8,11.3213,0.0,2.891,3.165,248 1 181 181
tryptophan,0,leucine,2,18,13,2,17.299,18.557,0.439,70.6,52.8,7.7811,0.0,2.891,0.956,249 359 153 152 177 178
tryptophan,0,leucine,2,18,13,3,17.299,18.557,0.439,70.6,52.8,4.0688,0.0,2.389,0.801,248 0 197 200 182 181 181 181
tryptophan,0,leucine,2,18,13,4,17.299,18.557,0.439,70.6,52.8,0.5468,0.0,1.6,0.669,253 360 201 210 177 179 178 178 193 188
tryptophan,0,serine,0,16,3,1,9.86,10.803,-0.756,34.2,92.0,5.5669,0.0,2.727,3.948,95 359 194 329
tryptophan,0,serine,0,16,3,2,9.86,10.803,-0.756,34.2,92.0,1.9345,0.0,2.662,1.952,93 0 149 58 181 181
tryptophan,0,serine,0,16,3,3,9.86,10.803,-0.756,34.2,92.0,0.0,0.0,2.121,0.593,98 306 257 57 100 217 202 175
tryptophan,0,serine,0,16,3,4,9.86,10.803,-0.756,34.2,92.0,0.0,0.0,1.88,0.897,90 313 283 70 95 222 204 117 130 192
tryptophan,0,serine,0,16,4,1,9.86,12.262,-0.756,40.4,30.0,6.5016,0.0,2.131,4.153,80 0 159 62
tryptophan,0,serine,0,16,4,2,9.86,12.262,-0.756,40.4,30.0,2.9445,0.0,2.149,2.648,81 360 215 285 177 178
tryptophan,0,serine,0,16,4,3,9.86,12.262,-0.756,40.4,30.0,0.4731,0.0,1.218,4.228,48 6 225 257 213 200 93 142
tryptophan,0,serine,0,16,4,4,9.86,12.262,-0.756,40.4,30.0,0.0,0.0,0.913,5.407,22 328 215 128 137 202 205 154 115 153
tryptophan,0,serine,0,16,5,1,9.86,9.828,-0.756,42.9,135.1,4.0877,0.0,2.082,4.079,79 0 158 57
tryptophan,0,serine,0,16,5,2,9.86,9.828,-0.756,42.9,135.1,0.4899,0.0,2.165,2.556,81 360 213 290 176 177
tryptophan,0,serine,0,16,5,3,9.86,9.828,-0.756,42.9,135.1,0.0,0.0,1.156,2.482,43 323 280 57 94 234 210 166
tryptophan,0,serine,0,16,5,4,9.86,9.828,-0.756,42.9,135.1,0.0,0.0,1.41,3.244,36 340 303 55 80 241 221 130 146 196
tryptophan,0,serine,0,17,3,1,9.86,8.469,-0.756,132.9,95.0,1.1879,0.0,2.701,1.329,354 133 184 183
tryptophan,0,serine,0,17,3,2,9.86,8.469,-0.756,132.9,95.0,0.0,0.0,3.181,0.619,100 177 205 111 150 247
tryptophan,0,serine,0,17,3,3,9.86,8.469,-0.756,132.9,95.0,0.0,0.0,3.181,0.671,137 180 177 118 132 261 248 168
tryptophan,0,serine,0,17,3,4,9.86,8.469,-0.756,132.9,95.0,0.0,0.0,2.15,1.984,25 323 278 351 21 257 229 78 112 214
tryptophan,0,serine,0,17,4,1,9.86,10.099,-0.756,129.9,25.0,2.8754,0.0,3.181,0.99,50 228 190 186
tryptophan,0,serine,0,17,4,2,9.86,10.099,-0.756,129.9,25.0,0.5947,0.0,2.486,1.915,328 84 205 194 67 148
tryptophan,0,serine,0,17,4,3,9.86,10.099,-0.756,129.9,25.0,0.0,0.0,3.181,0.921,59 269 186 87 346 224 329 210
tryptophan,0,serine,0,17,4,4,9.86,10.099,-0.756,129.9,25.0,0.0,0.0,2.482,2.774,327 82 356 199 226 283 245 260 358 239
tryptophan,0,serine,0,17,5,1,9.86,7.739,-0.756,128.3,126.5,0.4698,0.0,3.181,0.977,46 228 191 187
tryptophan,0,serine,0,17,5,2,9.86,7.739,-0.756,128.3,126.5,0.0,0.0,1.775,0.835,4 351 319 29 315 313
tryptophan,0,serine,0,17,5,3,9.86,7.739,-0.756,128.3,126.5,0.0,0.0,3.181,1.698,82 260 217 46 41 297 246 103
tryptophan,0,serine,0,17,5,4,9.86,7.739,-0.756,128.3,126.5,0.0,0.0,2.858,2.628,250 12 314 231 278 351 287 338 28 215
tryptophan,0,serine,0,18,3,1,9.86,10.073,-0.756,66.9,104.7,3.1891,0.0,2.891,1.076,286 354 152 142
tryptophan,0,serine,0,18,3,2,9.86,10.073,-0.756,66.9,104.7,0.0,0.0,2.891,0.695,287 302 202 135 162 199
tryptophan,0,serine,0,18,3,3,9.86,10.073,-0.756,66.9,104.7,0.0,0.0,2.891,0.473,228 155 96 214 245 135 182 230
tryptophan,0,serine,0,18,3,4,9.86,10.073,-0.756,66.9,104.7,0.0,0.0,2.891,0.82,244 70 53 312 317 106 130 242 199 145
tryptophan,0,serine,0,18,4,1,9.86,11.854,-0.756,58.9,30.6,5.1123,0.0,2.891,0.969,285 0 205 240
tryptophan,0,serine,0,18,4,2,9.86,11.854,-0.756,58.9,30.6,1.5797,0.0,2.891,1.006,286 358 220 248 169 173
tryptophan,0,serine,0,18,4,3,9.86,11.854,-0.756,58.9,30.6,0.0717,0.0,2.511,2.2,303 3 216 225 195 189 30 164
tryptophan,0,serine,0,18,4,4,9.86,11.854,-0.756,58.9,30.6,0.0,0.0,1.081,4.31,6 7 131 232 257 155 148 171 258 243
tryptophan,0,serine,0,18,5,1,9.86,9.599,-0.756,53.2,125.7,3.2618,0.0,2.891,0.963,286 359 206 275
tryptophan,0,serine,0,18,5,2,9.86,9.599,-0.756,53.2,125.7,0.0,0.0,2.891,1.302,274 356 161 52 251 209
tryptophan,0,serine,0,18,5,3,9.86,9.599,-0.756,53.2,125.7,0.0,0.0,1.674,0.462,334 67 58 284 248 131 199 236
tryptophan,0,serine,0,18,5,4,9.86,9.599,-0.756,53.2,125.7,0.0,0.0,1.069,1.904,359 16 44 309 281 100 132 217 188 160
tryptophan,0,aspartic,12,16,3,1,15.906,18.139,-0.971,29.8,48.7,12.8471,0.0,3.182,4.072,125 360 195 319
tryptophan,0,aspartic,12,16,3,2,15.906,18.139,-0.971,29.8,48.7,9.3226,0.0,3.182,0.991,125 360 148 65 180 180
tryptophan,0,aspartic,12,16,3,3,15.906,18.139,-0.971,29.8,48.7,5.6652,0.0,3.182,0.962,126 360 208 300 174 177 174 175
tryptophan,0,aspartic,12,16,3,4,15.906,18.139,-0.971,29.8,48.7,2.0058,0.0,2.465,0.636,124 0 147 65 182 181 196 193 182 181
tryptophan,0,aspartic,12,16,4,1,15.906,17.939,-0.971,35.3,57.5,12.3,0.0,3.182,3.919,114 360 160 61
tryptophan,0,aspartic,12,16,4,2,15.906,17.939,-0.971,35.3,57.5,8.7945,0.0,3.182,1.141,115 360 215 284 178 179
tryptophan,0,aspartic,12,16,4,3,15.906,17.939,-0.971,35.3,57.5,5.099,0.0,3.182,0.711,114 360 149 73 179 179 179 179
tryptophan,0,aspartic,12,16,4,4,15.906,17.939,-0.971,35.3,57.5,1.4697,0.0,2.632,0.468,114 0 216 283 180 180 190 189 180 180
tryptophan,0,aspartic,12,16,5,1,15.906,15.934,-0.971,30.4,142.1,10.6724,0.0,3.182,3.968,117 0 165 38
tryptophan,0,aspartic,12,16,5,2,15.906,15.934,-0.971,30.4,142.1,7.1364,0.0,3.182,1.254,117 0 211 297 181 181
tryptophan,0,aspartic,12,16,5,3,15.906,15.934,-0.971,30.4,142.1,3.5166,0.0,3.182,0.718,116 1 152 57 191 186 191 190
tryptophan,0,aspartic,12,16,5,4,15.906,15.934,-0.971,30.4,142.1,0.0,0.0,3.024,0.705,125 353 152 95 142 173 196 183 170 184
tryptophan,0,aspartic,12,17,3,1,15.906,15.693,-0.971,136.1,47.7,8.4539,0.0,3.134,0.841,29 143 177 178
tryptophan,0,aspartic,12,17,3,2,15.906,15.693,-0.971,136.1,47.7,4.7478,0.0,3.181,0.596,85 213 179 179 179 179
tryptophan,0,aspartic,12,17,3,3,15.906,15.693,-0.971,136.1,47.7,1.1179,0.0,2.577,0.817,29 142 182 181 195 193 182 181
tryptophan,0,aspartic,12,17,3,4,15.906,15.693,-0.971,136.1,47.7,0.0,0.0,2.589,3.309,127 201 197 144 141 170 170 123 114 174
tryptophan,0,aspartic,12,17,4,1,15.906,15.484,-0.971,141.8,57.0,8.2254,0.0,3.181,1.056,73 204 181 181
tryptophan,0,aspartic,12,17,4,2,15.906,15.484,-0.971,141.8,57.0,4.5667,0.0,3.181,0.701,36 166 170 174 173 174
tryptophan,0,aspartic,12,17,4,3,15.906,15.484,-0.971,141.8,57.0,0.9058,0.0,3.064,0.472,25 154 180 180 171 172 180 180
tryptophan,0,aspartic,12,17,4,4,15.906,15.484,-0.971,141.8,57.0,0.0,0.0,3.121,0.426,28 200 159 100 340 201 249 258 76 159
tryptophan,0,aspartic,12,17,5,1,15.906,13.487,-0.971,136.5,141.0,6.2663,0.0,3.181,1.269,85 216 184 182
tryptophan,0,aspartic,12,17,5,2,15.906,13.487,-0.971,136.5,141.0,2.5894,0.0,3.146,0.656,30 148 182 181 182 182
tryptophan,0,aspartic,12,17,5,3,15.906,13.487,-0.971,136.5,141.0,0.0,0.0,2.235,2.299,106 192 180 156 164 206 204 179
tryptophan,0,aspartic,12,17,5,4,15.906,13.487,-0.971,136.5,141.0,0.0,0.0,2.115,1.415,154 175 178 136 138 230 219 164 180 194
tryptophan,0,aspartic,12,18,3,1,15.906,16.807,-0.971,88.2,55.5,9.5657,0.0,2.891,2.881,244 55 183 182
tryptophan,0,aspartic,12,18,3,2,15.906,16.807,-0.971,88.2,55.5,5.8633,0.0,2.891,1.608,297 310 181 181 181 181
tryptophan,0,aspartic,12,18,3,3,15.906,16.807,-0.971,88.2,55.5,2.243,0.0,2.023,1.792,244 54 185 183 198 195 184 183
tryptophan,0,aspartic,12,18,3,4,15.906,16.807,-0.971,88.2,55.5,0.0,0.0,2.534,4.074,240 116 142 186 181 178 174 212 222 186
tryptophan,0,aspartic,12,18,4,1,15.906,16.913,-0.971,79.9,50.8,9.6541,0.0,2.891,2.305,251 34 179 180
tryptophan,0,aspartic,12,18,4,2,15.906,16.913,-0.971,79.9,50.8,6.0522,0.0,2.891,0.515,285 337 168 173 170 172
tryptophan,0,aspartic,12,18,4,3,15.906,16.913,-0.971,79.9,50.8,2.3352,0.0,2.364,0.888,250 37 180 180 182 182 180 180
tryptophan,0,aspartic,12,18,4,4,15.906,16.913,-0.971,79.9,50.8,0.0191,0.0,2.891,0.806,278 354 152 149 156 167 164 165 292 207
tryptophan,0,aspartic,12,18,5,1,15.906,14.729,-0.971,83.5,143.8,7.484,0.0,2.891,2.492,249 44 181 181
tryptophan,0,aspartic,12,18,5,2,15.906,14.729,-0.971,83.5,143.8,3.8442,0.0,2.891,1.034,293 324 174 177 174 174
tryptophan,0,aspartic,12,18,5,3,15.906,14.729,-0.971,83.5,143.8,0.1882,0.0,2.406,1.317,249 42 185 183 189 188 187 184
tryptophan,0,aspartic,12,18,5,4,15.906,14.729,-0.971,83.5,143.8,0.0,0.0,2.222,4.034,212 144 150 217 210 156 163 204 197 173
aspartic,12,tyrosine,3,3,8,1,12.784,13.804,-0.313,44.4,87.5,7.7368,0.0,2.349,4.052,289 360 204 280
aspartic,12,tyrosine,3,3,8,2,12.784,13.804,-0.313,44.4,87.5,4.2012,0.0,2.357,2.315,289 0 142 88 181 181
aspartic,12,tyrosine,3,3,8,3,12.784,13.804,-0.313,44.4,87.5,0.5444,0.0,2.326,2.24,291 358 146 90 158 169 165 166
aspartic,12,tyrosine,3,3,8,4,12.784,13.804,-0.313,44.4,87.5,0.0,0.0,2.051,3.295,332 41 74 300 277 141 167 191 174 169
aspartic,12,tyrosine,3,3,9,1,12.784,15.066,-0.313,48.2,33.9,8.7719,0.0,2.646,4.121,279 360 155 97
aspartic,12,tyrosine,3,3,9,2,12.784,15.066,-0.313,48.2,33.9,5.2567,0.0,2.639,2.584,280 359 218 263 175 177
aspartic,12,tyrosine,3,3,9,3,12.784,15.066,-0.313,48.2,33.9,1.5016,0.0,2.655,1.953,279 0 214 263 181 181 181 181
aspartic,12,tyrosine,3,3,9,4,12.784,15.066,-0.313,48.2,33.9,0.0,0.0,2.557,3.285,282 1 197 251 127 149 168 116 86 129
aspartic,12,tyrosine,3,3,10,1,12.784,12.602,-0.313,48.3,140.9,6.3939,0.0,2.677,4.008,278 360 154 89
aspartic,12,tyrosine,3,3,10,2,12.784,12.602,-0.313,48.3,140.9,2.8884,0.0,2.654,2.327,279 360 217 269 175 177
aspartic,12,tyrosine,3,3,10,3,12.784,12.602,-0.313,48.3,140.9,0.0067,0.0,2.796,0.416,271 7 145 42 232 221 78 140
aspartic,12,tyrosine,3,3,10,4,12.784,12.602,-0.313,48.3,140.9,0.0,0.0,1.83,3.576,354 325 150 264 286 157 118 152 247 250
aspartic,12,tyrosine,3,4,8,1,12.784,13.583,-0.313,54.5,86.4,6.9824,0.0,2.7,0.45,71 0 155 111
aspartic,12,tyrosine,3,4,8,2,12.784,13.583,-0.313,54.5,86.4,3.4384,0.0,2.7,0.421,71 0 219 252 181 180
aspartic,12,tyrosine,3,4,8,3,12.784,13.583,-0.313,54.5,86.4,0.0,0.0,2.7,0.28,59 356 230 291 116 163 191 178
aspartic,12,tyrosine,3,4,8,4,12.784,13.583,-0.313,54.5,86.4,0.0,0.0,1.19,1.049,19 328 296 57 81 227 198 170 190 192
aspartic,12,tyrosine,3,4,9,1,12.784,14.93,-0.313,54.3,26.1,8.3291,0.0,2.7,0.75,81 360 205 247
aspartic,12,tyrosine,3,4,9,2,12.784,14.93,-0.313,54.3,26.1,4.8024,0.0,2.7,0.513,81 360 141 110 179 179
aspartic,12,tyrosine,3,4,9,3,12.784,14.93,-0.313,54.3,26.1,1.1889,0.0,2.655,0.824,89 0 138 107 181 181 172 173
aspartic,12,tyrosine,3,4,9,4,12.784,14.93,-0.313,54.3,26.1,0.1439,0.0,2.7,0.79,112 359 134 109 173 175 197 193 355 183
aspartic,12,tyrosine,3,4,10,1,12.784,12.5,-0.313,52.9,132.1,6.0394,0.0,2.7,0.758,83 360 206 259
aspartic,12,tyrosine,3,4,10,2,12.784,12.5,-0.313,52.9,132.1,2.4961,0.0,2.7,0.748,83 359 141 104 175 177
aspartic,12,tyrosine,3,4,10,3,12.784,12.5,-0.313,52.9,132.1,0.0,0.0,2.7,0.657,76 312 260 17 56 195 174 189
aspartic,12,tyrosine,3,4,10,4,12.784,12.5,-0.313,52.9,132.1,0.0,0.0,2.41,1.058,60 330 292 54 76 220 204 134 145 193
aspartic,12,tyrosine,3,5,8,1,12.784,11.78,-0.313,126.8,82.2,4.5564,0.0,2.774,0.805,312 127 172 175
aspartic,12,tyrosine,3,5,8,2,12.784,11.78,-0.313,126.8,82.2,0.7948,0.0,2.774,1.079,318 128 176 178 177 177
aspartic,12,tyrosine,3,5,8,3,12.784,11.78,-0.313,126.8,82.2,0.0,0.0,2.774,0.452,285 120 149 309 300 136 148 187
aspartic,12,tyrosine,3,5,8,4,12.784,11.78,-0.313,126.8,82.2,0.0,0.0,1.47,0.941,345 23 54 6 341 91 131 351 310 152
aspartic,12,tyrosine,3,5,9,1,12.784,12.936,-0.313,137.0,32.4,5.6841,0.0,2.774,0.43,321 145 180 180
aspartic,12,tyrosine,3,5,9,2,12.784,12.936,-0.313,137.0,32.4,1.9596,0.0,2.193,0.768,13 208 186 184 184 184
aspartic,12,tyrosine,3,5,9,3,12.784,12.936,-0.313,137.0,32.4,0.2082,0.0,2.191,2.01,14 179 162 163 179 179 314 202
aspartic,12,tyrosine,3,5,9,4,12.784,12.936,-0.313,137.0,32.4,0.0,0.0,2.02,3.273,71 295 69 318 2 221 182 196 53 154
aspartic,12,tyrosine,3,5,10,1,12.784,10.468,-0.313,137.4,139.4,3.2319,0.0,2.774,0.446,323 146 180 180
aspartic,12,tyrosine,3,5,10,2,12.784,10.468,-0.313,137.4,139.4,0.0,0.0,2.257,0.999,0 144 274 175 236 226
aspartic,12,tyrosine,3,5,10,3,12.784,10.468,-0.313,137.4,139.4,0.0,0.0,2.774,1.134,307 122 140 331 310 96 123 192
aspartic,12,tyrosine,3,5,10,4,12.784,10.468,-0.313,137.4,139.4,0.0,0.0,1.291,0.728,14 30 68 10 343 100 138 318 287 149
aspartic,12,phenylalanine,2,3,12,1,4.976,7.001,0.623,57.1,20.0,1.2233,0.0,0.67,5.047,223 29 112 57
aspartic,12,phenylalanine,2,3,12,2,4.976,7.001,0.623,57.1,20.0,0.3464,0.0,0.996,4.802,251 37 88 127 24 100
aspartic,12,phenylalanine,2,3,12,3,4.976,7.001,0.623,57.1,20.0,0.0,0.0,1.456,2.886,283 62 106 251 228 102 106 187
aspartic,12,phenylalanine,2,3,12,4,4.976,7.001,0.623,57.1,20.0,0.0,0.0,2.086,3.316,323 53 85 256 228 124 149 236 219 163
aspartic,12,phenylalanine,2,3,13,1,4.976,5.87,0.623,71.8,71.9,0.0,0.0,2.243,5.087,205 271 299 288
aspartic,12,phenylalanine,2,3,13,2,4.976,5.87,0.623,71.8,71.9,0.0,0.0,1.983,5.087,235 139 351 269 286 104
aspartic,12,phenylalanine,2,3,13,3,4.976,5.87,0.623,71.8,71.9,0.0,0.0,1.504,5.087,293 25 52 289 253 91 132 208
aspartic,12,phenylalanine,2,3,13,4,4.976,5.87,0.623,71.8,71.9,0.0,0.0,2.18,5.087,302 349 31 309 268 95 121 242 227 169
aspartic,12,phenylalanine,2,3,14,1,4.976,5.484,0.623,47.2,85.9,1.1316,0.0,2.733,5.087,188 319 242 353
aspartic,12,phenylalanine,2,3,14,2,4.976,5.484,0.623,47.2,85.9,0.0,0.0,3.06,4.704,142 309 259 69 134 312
aspartic,12,phenylalanine,2,3,14,3,4.976,5.484,0.623,47.2,85.9,0.0,0.0,1.713,1.371,292 66 90 3 170 18 81 125
aspartic,12,phenylalanine,2,3,14,4,4.976,5.484,0.623,47.2,85.9,0.0,0.0,1.633,1.403,339 42 78 297 265 80 107 235 214 163
aspartic,12,phenylalanine,2,4,12,1,4.976,6.33,0.623,82.0,22.6,0.8869,0.0,2.586,2.323,115 279 330 267
aspartic,12,phenylalanine,2,4,12,2,4.976,6.33,0.623,82.0,22.6,0.1578,0.0,2.7,1.51,84 304 320 197 356 267
aspartic,12,phenylalanine,2,4,12,3,4.976,6.33,0.623,82.0,22.6,0.0,0.0,2.037,1.822,88 227 298 164 92 281 252 85
aspartic,12,phenylalanine,2,4,12,4,4.976,6.33,0.623,82.0,22.6,0.0,0.0,2.7,3.047,95 135 197 248 191 259 286 51 131 273
aspartic,12,phenylalanine,2,4,13,1,4.976,5.41,0.623,88.5,64.7,0.0688,0.0,2.7,3.627,166 118 357 73
aspartic,12,phenylalanine,2,4,13,2,4.976,5.41,0.623,88.5,64.7,0.0,0.0,2.446,3.627,204 162 352 23 87 351
aspartic,12,phenylalanine,2,4,13,3,4.976,5.41,0.623,88.5,64.7,0.0,0.0,2.7,3.627,231 137 304 110 29 21 264 337
aspartic,12,phenylalanine,2,4,13,4,4.976,5.41,0.623,88.5,64.7,0.0,0.0,2.7,3.627,192 198 185 176 125 260 268 51 133 270
aspartic,12,phenylalanine,2,4,14,1,4.976,4.186,0.623,95.2,111.4,0.5566,0.0,2.7,2.078,96 275 345 355
aspartic,12,phenylalanine,2,4,14,2,4.976,4.186,0.623,95.2,111.4,0.0,0.0,2.7,3.627,204 120 322 335 239 342
aspartic,12,phenylalanine,2,4,14,3,4.976,4.186,0.623,95.2,111.4,0.0,0.0,2.7,3.627,179 111 295 226 46 295 217 345
aspartic,12,phenylalanine,2,4,14,4,4.976,4.186,0.623,95.2,111.4,0.0,0.0,2.7,2.515,54 180 331 213 67 316 235 338 164 274
aspartic,12,phenylalanine,2,5,12,1,4.976,4.992,0.623,144.7,32.3,1.1518,0.0,2.322,1.35,257 90 322 338
aspartic,12,phenylalanine,2,5,12,2,4.976,4.992,0.623,144.7,32.3,0.0133,0.0,2.419,0.635,290 113 301 243 321 333
aspartic,12,phenylalanine,2,5,12,3,4.976,4.992,0.623,144.7,32.3,0.0,0.0,0.789,3.484,95 238 122 225 274 84 128 262
aspartic,12,phenylalanine,2,5,12,4,4.976,4.992,0.623,144.7,32.3,0.0,0.0,0.658,3.484,173 238 182 211 274 70 89 319 209 92
aspartic,12,phenylalanine,2,5,13,1,4.976,4.628,0.623,121.6,48.3,0.715,0.0,1.508,3.484,159 317 351 348
aspartic,12,phenylalanine,2,5,13,2,4.976,4.628,0.623,121.6,48.3,0.0,0.0,1.377,3.484,122 301 12 276 278 309
aspartic,12,phenylalanine,2,5,13,3,4.976,4.628,0.623,121.6,48.3,0.0,0.0,0.605,3.484,78 196 114 240 286 87 118 263
aspartic,12,phenylalanine,2,5,13,4,4.976,4.628,0.623,121.6,48.3,0.0,0.0,2.493,1.034,322 255 165 99 83 207 276 148 59 75
aspartic,12,phenylalanine,2,5,14,1,4.976,3.669,0.623,117.6,82.6,1.209,0.0,2.392,1.142,268 55 6 5
aspartic,12,phenylalanine,2,5,14,2,4.976,3.669,0.623,117.6,82.6,0.2333,0.0,2.08,0.495,322 62 2 28 141 1
aspartic,12,phenylalanine,2,5,14,3,4.976,3.669,0.623,117.6,82.6,0.0,0.0,1.249,3.484,149 291 307 314 279 302 281 297
aspartic,12,phenylalanine,2,5,14,4,4.976,3.669,0.623,117.6,82.6,0.0,0.0,0.944,3.484,136 108 91 289 303 81 99 295 230 118
aspartic,12,arginine,3,3,16,1,8.109,10.087,0.553,11.4,68.7,6.8388,0.0,3.06,4.9,184 0 180 0
aspartic,12,arginine,3,3,16,2,8.109,10.087,0.553,11.4,68.7,3.2331,0.0,3.06,3.675,191 359 184 356 153 133
aspartic,12,arginine,3,3,16,3,8.109,10.087,0.553,11.4,68.7,0.0,0.0,3.06,3.739,180 35 156 320 170 125 162 176
aspartic,12,arginine,3,3,16,4,8.109,10.087,0.553,11.4,68.7,0.0,0.0,2.891,3.726,258 54 87 281 252 132 150 213 205 176
aspartic,12,arginine,3,3,17,1,8.109,8.133,0.553,2.4,168.4,6.3312,0.0,3.06,5.087,147 0 180 0
aspartic,12,arginine,3,3,17,2,8.109,8.133,0.553,2.4,168.4,2.7485,0.0,3.06,3.349,150 1 177 2 154 72
aspartic,12,arginine,3,3,17,3,8.109,8.133,0.553,2.4,168.4,0.0,0.0,3.06,2.933,105 314 208 51 178 260 222 185
aspartic,12,arginine,3,3,17,4,8.109,8.133,0.553,2.4,168.4,0.0,0.0,2.404,3.254,47 316 280 69 99 245 224 134 148 192
aspartic,12,arginine,3,3,18,1,8.109,10.429,0.553,6.6,55.2,7.621,0.0,3.06,4.975,89 360 180 360
aspartic,12,arginine,3,3,18,2,8.109,10.429,0.553,6.6,55.2,3.9427,0.0,3.06,4.137,95 359 182 358 154 122
aspartic,12,arginine,3,3,18,3,8.109,10.429,0.553,6.6,55.2,0.3355,0.0,3.06,3.675,91 360 181 359 139 116 174 176
aspartic,12,arginine,3,3,18,4,8.109,10.429,0.553,6.6,55.2,0.0,0.0,2.596,4.633,70 309 278 62 99 246 219 155 175 193
aspartic,12,arginine,3,4,16,1,8.109,8.092,0.553,104.0,70.8,0.941,0.0,2.7,2.295,112 278 163 168
aspartic,12,arginine,3,4,16,2,8.109,8.092,0.553,104.0,70.8,0.0,0.0,2.7,3.627,136 190 228 107 149 245
aspartic,12,arginine,3,4,16,3,8.109,8.092,0.553,104.0,70.8,0.0,0.0,2.7,3.627,150 176 207 119 122 294 267 147
aspartic,12,arginine,3,4,16,4,8.109,8.092,0.553,104.0,70.8,0.0,0.0,2.7,3.627,168 178 188 136 132 239 239 125 134 199
aspartic,12,arginine,3,4,17,1,8.109,6.222,0.553,97.7,167.9,0.1878,0.0,2.7,2.481,67 128 357 138
aspartic,12,arginine,3,4,17,2,8.109,6.222,0.553,97.7,167.9,0.0,0.0,2.7,2.026,142 196 282 14 142 292
aspartic,12,arginine,3,4,17,3,8.109,6.222,0.553,97.7,167.9,0.0,0.0,2.7,2.092,171 194 267 78 109 287 188 130
aspartic,12,arginine,3,4,17,4,8.109,6.222,0.553,97.7,167.9,0.0,0.0,2.7,0.752,140 274 260 75 71 265 251 65 101 220
aspartic,12,arginine,3,4,18,1,8.109,8.385,0.553,105.2,59.6,1.176,0.0,2.195,1.91,17 84 195 190
aspartic,12,arginine,3,4,18,2,8.109,8.385,0.553,105.2,59.6,0.0,0.0,2.116,2.989,8 215 82 245 220 171
aspartic,12,arginine,3,4,18,3,8.109,8.385,0.553,105.2,59.6,0.0,0.0,2.7,3.627,132 183 199 127 127 279 261 155
aspartic,12,arginine,3,4,18,4,8.109,8.385,0.553,105.2,59.6,0.0,0.0,2.7,3.627,170 187 192 129 124 232 225 128 144 199
aspartic,12,arginine,3,5,16,1,8.109,8.08,0.553,104.5,71.7,0.9077,0.0,2.774,1.644,247 82 199 192
aspartic,12,arginine,3,5,16,2,8.109,8.08,0.553,104.5,71.7,0.0,0.0,2.774,3.418,225 174 130 254 202 108
aspartic,12,arginine,3,5,16,3,8.109,8.08,0.553,104.5,71.7,0.0,0.0,2.774,3.405,208 186 149 244 242 58 89 217
aspartic,12,arginine,3,5,16,4,8.109,8.08,0.553,104.5,71.7,0.0,0.0,2.774,3.484,194 184 174 225 228 117 118 234 227 161
aspartic,12,arginine,3,5,17,1,8.109,6.324,0.553,93.8,155.0,0.0123,0.0,2.774,0.743,293 137 44 220
aspartic,12,arginine,3,5,17,2,8.109,6.324,0.553,93.8,155.0,0.0,0.0,2.774,2.741,227 163 75 304 266 77
aspartic,12,arginine,3,5,17,3,8.109,6.324,0.553,93.8,155.0,0.0,0.0,2.774,3.136,192 156 106 260 267 94 143 229
aspartic,12,arginine,3,5,17,4,8.109,6.324,0.553,93.8,155.0,0.0,0.0,2.774,2.747,217 85 102 283 288 109 114 272 245 140
aspartic,12,arginine,3,5,18,1,8.109,8.759,0.553,90.7,44.3,1.5005,0.0,2.774,1.355,261 59 191 187
aspartic,12,arginine,3,5,18,2,8.109,8.759,0.553,90.7,44.3,0.2476,0.0,2.774,2.813,250 1 252 263 2 178
aspartic,12,arginine,3,5,18,3,8.109,8.759,0.553,90.7,44.3,0.0,0.0,2.774,2.802,217 94 128 290 295 121 95 193
aspartic,12,arginine,3,5,18,4,8.109,8.759,0.553,90.7,44.3,0.0,0.0,2.774,3.484,195 144 141 227 233 142 145 264 253 161
aspartic,12,lysine,3,3,13,1,5.85,7.684,-0.964,61.0,39.7,0.9469,0.0,2.092,4.989,25 1 156 97
aspartic,12,lysine,3,3,13,2,5.85,7.684,-0.964,61.0,39.7,0.0,0.0,3.06,5.087,60 253 248 141 32 132
aspartic,12,lysine,3,3,13,3,5.85,7.684,-0.964,61.0,39.7,0.0,0.0,1.768,5.048,354 334 308 60 35 259 270 105
aspartic,12,lysine,3,3,13,4,5.85,7.684,-0.964,61.0,39.7,0.0,0.0,1.74,5.005,353 340 337 60 77 272 214 63 133 208
aspartic,12,lysine,3,3,14,1,5.85,6.704,-0.964,62.8,78.8,0.0154,0.0,1.896,4.515,1 348 223 271
aspartic,12,lysine,3,3,14,2,5.85,6.704,-0.964,62.8,78.8,0.0,0.0,2.703,5.087,344 264 343 15 100 273
aspartic,12,lysine,3,3,14,3,5.85,6.704,-0.964,62.8,78.8,0.0,0.0,3.06,5.087,71 54 26 315 234 120 101 77
aspartic,12,lysine,3,3,14,4,5.85,6.704,-0.964,62.8,78.8,0.0,0.0,1.662,4.948,338 7 327 15 31 297 271 47 117 237
aspartic,12,lysine,3,3,15,1,5.85,7.244,-0.964,44.4,58.6,1.5497,0.0,2.094,3.748,13 0 176 7
aspartic,12,lysine,3,3,15,2,5.85,7.244,-0.964,44.4,58.6,0.3215,0.0,1.758,2.456,324 345 220 329 274 259
aspartic,12,lysine,3,3,15,3,5.85,7.244,-0.964,44.4,58.6,0.0,0.0,2.337,1.633,299 309 249 82 105 319 307 179
aspartic,12,lysine,3,3,15,4,5.85,7.244,-0.964,44.4,58.6,0.0,0.0,1.064,2.809,49 321 284 59 85 257 235 85 110 208
aspartic,12,lysine,3,4,13,1,5.85,7.238,-0.964,77.6,42.2,0.5526,0.0,0.551,3.289,354 295 274 217
aspartic,12,lysine,3,4,13,2,5.85,7.238,-0.964,77.6,42.2,0.0,0.0,0.709,3.252,356 171 337 241 354 106
aspartic,12,lysine,3,4,13,3,5.85,7.238,-0.964,77.6,42.2,0.0,0.0,1.885,1.05,40 8 45 297 320 116 78 262
aspartic,12,lysine,3,4,13,4,5.85,7.238,-0.964,77.6,42.2,0.0,0.0,1.124,2.536,17 336 17 5 342 62 104 300 226 127
aspartic,12,lysine,3,4,14,1,5.85,6.829,-0.964,58.0,59.3,0.9868,0.0,1.247,3.627,330 352 236 314
aspartic,12,lysine,3,4,14,2,5.85,6.829,-0.964,58.0,59.3,0.2047,0.0,2.561,3.627,300 339 242 313 295 266
aspartic,12,lysine,3,4,14,3,5.85,6.829,-0.964,58.0,59.3,0.0,0.0,2.075,3.627,291 42 153 159 40 259 349 289
aspartic,12,lysine,3,4,14,4,5.85,6.829,-0.964,58.0,59.3,0.0,0.0,0.829,3.143,340 23 61 313 301 97 101 299 243 118
aspartic,12,lysine,3,4,15,1,5.85,6.499,-0.964,73.6,71.7,0.0,0.0,1.843,1.419,23 33 83 103
aspartic,12,lysine,3,4,15,2,5.85,6.499,-0.964,73.6,71.7,0.0,0.0,0.501,1.314,17 225 355 31 57 324
aspartic,12,lysine,3,4,15,3,5.85,6.499,-0.964,73.6,71.7,0.0,0.0,0.546,3.031,338 312 357 43 59 280 233 59
aspartic,12,lysine,3,4,15,4,5.85,6.499,-0.964,73.6,71.7,0.0,0.0,1.145,3.627,322 21 339 17 48 293 258 65 111 222
aspartic,12,lysine,3,5,13,1,5.85,8.137,-0.964,41.7,25.3,2.5695,0.0,1.769,1.084,343 0 166 36
aspartic,12,lysine,3,5,13,2,5.85,8.137,-0.964,41.7,25.3,0.759,0.0,1.692,0.666,303 350 219 302 286 225
aspartic,12,lysine,3,5,13,3,5.85,8.137,-0.964,41.7,25.3,0.0,0.0,1.397,1.82,270 15 180 326 257 193 359 189
aspartic,12,lysine,3,5,13,4,5.85,8.137,-0.964,41.7,25.3,0.0,0.0,1.559,0.888,271 63 106 279 253 129 139 255 247 162
aspartic,12,lysine,3,5,14,1,5.85,6.963,-0.964,52.7,77.0,0.7688,0.0,1.216,2.706,3 0 193 313
aspartic,12,lysine,3,5,14,2,5.85,6.963,-0.964,52.7,77.0,0.0,0.0,2.194,2.631,23 265 283 216 336 261
aspartic,12,lysine,3,5,14,3,5.85,6.963,-0.964,52.7,77.0,0.0,0.0,2.774,0.733,301 346 306 37 80 295 241 132
aspartic,12,lysine,3,5,14,4,5.85,6.963,-0.964,52.7,77.0,0.0,0.0,2.489,0.819,320 3 323 19 56 287 245 92 134 215
aspartic,12,lysine,3,5,15,1,5.85,6.934,-0.964,57.3,78.1,0.468,0.0,2.0,0.565,336 0 163 69
aspartic,12,lysine,3,5,15,2,5.85,6.934,-0.964,57.3,78.1,0.0,0.0,1.858,1.27,13 62 62 304 270 123
aspartic,12,lysine,3,5,15,3,5.85,6.934,-0.964,57.3,78.1,0.0,0.0,1.923,2.877,51 11 56 328 278 53 102 216
aspartic,12,lysine,3,5,15,4,5.85,6.934,-0.964,57.3,78.1,0.0,0.0,1.707,0.632,44 12 28 296 284 72 103 358 267 112
aspartic,12,aspartic,4,3,3,1,11.05,13.347,0.159,55.6,10.2,6.7419,0.0,3.06,5.087,240 0 206 246
aspartic,12,aspartic,4,3,3,2,11.05,13.347,0.159,55.6,10.2,3.188,0.0,3.06,3.896,240 0 141 110 183 182
aspartic,12,aspartic,4,3,3,3,11.05,13.347,0.159,55.6,10.2,0.7933,0.0,3.06,2.988,253 360 216 227 178 179 84 147
aspartic,12,aspartic,4,3,3,4,11.05,13.347,0.159,55.6,10.2,0.0228,0.0,3.06,3.143,265 359 208 210 179 179 102 146 360 180
aspartic,12,aspartic,4,3,4,1,11.05,11.175,0.159,56.5,112.5,4.5631,0.0,3.06,4.74,246 0 206 251
aspartic,12,aspartic,4,3,4,2,11.05,11.175,0.159,56.5,112.5,0.9867,0.0,3.06,3.325,247 360 139 107 180 180
aspartic,12,aspartic,4,3,4,3,11.05,11.175,0.159,56.5,112.5,0.0,0.0,2.251,2.251,285 51 73 297 282 158 183 200
aspartic,12,aspartic,4,3,4,4,11.05,11.175,0.159,56.5,112.5,0.0,0.0,2.253,3.083,288 11 51 324 283 109 145 222 207 170
aspartic,12,aspartic,4,3,5,1,11.05,11.617,0.159,61.6,94.8,4.788,0.0,3.06,5.087,235 359 155 130
aspartic,12,aspartic,4,3,5,2,11.05,11.617,0.159,61.6,94.8,1.1782,0.0,3.06,4.079,234 360 219 241 179 180
aspartic,12,aspartic,4,3,5,3,11.05,11.617,0.159,61.6,94.8,0.0,0.0,3.06,3.898,249 83 118 219 196 139 148 185
aspartic,12,aspartic,4,3,5,4,11.05,11.617,0.159,61.6,94.8,0.0,0.0,2.11,5.064,256 71 51 284 262 170 145 266 258 129
aspartic,12,aspartic,4,4,3,1,11.05,13.012,0.159,69.0,9.9,5.8963,0.0,2.7,2.783,113 359 168 162
aspartic,12,aspartic,4,4,3,2,11.05,13.012,0.159,69.0,9.9,2.2787,0.0,2.202,2.766,112 360 213 219 180 180
aspartic,12,aspartic,4,4,3,3,11.05,13.012,0.159,69.0,9.9,0.6308,0.0,0.374,1.516,101 351 153 159 166 170 312 202
aspartic,12,aspartic,4,4,3,4,11.05,13.012,0.159,69.0,9.9,0.0,0.0,1.983,0.716,71 358 179 155 167 181 257 216 15 159
aspartic,12,aspartic,4,4,4,1,11.05,11.04,0.159,62.0,104.1,4.1719,0.0,2.7,2.636,111 1 158 125
aspartic,12,aspartic,4,4,4,2,11.05,11.04,0.159,62.0,104.1,0.6054,0.0,2.7,2.753,113 359 219 245 173 176
aspartic,12,aspartic,4,4,4,3,11.05,11.04,0.159,62.0,104.1,0.0,0.0,2.7,2.306,176 246 246 72 117 214 162 143
aspartic,12,aspartic,4,4,4,4,11.05,11.04,0.159,62.0,104.1,0.0,0.0,1.267,1.263,118 218 228 152 149 247 240 136 154 199
aspartic,12,aspartic,4,4,5,1,11.05,11.406,0.159,69.8,90.0,4.2538,0.0,2.7,3.115,120 3 195 199
aspartic,12,aspartic,4,4,5,2,11.05,11.406,0.159,69.8,90.0,0.7703,0.0,2.7,3.243,127 355 212 232 153 168
aspartic,12,aspartic,4,4,5,3,11.05,11.406,0.159,69.8,90.0,0.0,0.0,1.345,3.627,153 228 231 151 157 228 215 164
aspartic,12,aspartic,4,4,5,4,11.05,11.406,0.159,69.8,90.0,0.0,0.0,2.221,3.627,175 208 227 159 154 215 207 119 132 195
aspartic,12,aspartic,4,5,3,1,11.05,11.048,0.159,167.2,11.0,4.6083,0.0,2.774,1.776,296 179 153 102
aspartic,12,aspartic,4,5,3,2,11.05,11.048,0.159,167.2,11.0,1.1564,0.0,1.756,1.44,304 177 145 118 146 164
aspartic,12,aspartic,4,5,3,3,11.05,11.048,0.159,167.2,11.0,0.2636,0.0,2.605,0.367,320 155 159 164 115 149 353 187
aspartic,12,aspartic,4,5,3,4,11.05,11.048,0.159,167.2,11.0,0.0,0.0,2.774,3.484,119 179 236 227 204 177 92 184 316 184
aspartic,12,aspartic,4,5,4,1,11.05,8.909,0.159,167.6,110.4,2.5631,0.0,2.706,1.195,326 180 153 85
aspartic,12,aspartic,4,5,4,2,11.05,8.909,0.159,167.6,110.4,0.0,0.0,2.244,2.644,33 193 155 351 295 209
aspartic,12,aspartic,4,5,4,3,11.05,8.909,0.159,167.6,110.4,0.0,0.0,2.774,2.967,221 175 206 81 52 45 58 233
aspartic,12,aspartic,4,5,4,4,11.05,8.909,0.159,167.6,110.4,0.0,0.0,2.408,2.435,346 137 158 300 282 114 133 272 256 161
aspartic,12,aspartic,4,5,5,1,11.05,9.459,0.159,170.9,88.8,3.2454,0.0,2.774,3.036,241 180 205 283
aspartic,12,aspartic,4,5,5,2,11.05,9.459,0.159,170.9,88.8,0.0,0.0,1.762,2.614,258 197 199 239 225 153
aspartic,12,aspartic,4,5,5,3,11.05,9.459,0.159,170.9,88.8,0.0,0.0,2.774,3.484,96 197 199 193 261 125 130 221
aspartic,12,aspartic,4,5,5,4,11.05,9.459,0.159,170.9,88.8,0.0,0.0,1.198,3.41,226 214 171 141 247 170 91 306 260 41
aspartic,12,glutamic,4,3,5,1,15.74,16.683,-0.202,53.2,82.1,10.0864,0.0,3.06,4.669,250 360 204 246
aspartic,12,glutamic,4,3,5,2,15.74,16.683,-0.202,53.2,82.1,6.5683,0.0,3.06,3.1,250 360 141 110 178 179
aspartic,12,glutamic,4,3,5,3,15.74,16.683,-0.202,53.2,82.1,2.8569,0.0,1.756,1.961,250 360 215 250 178 179 178 178
aspartic,12,glutamic,4,3,5,4,15.74,16.683,-0.202,53.2,82.1,0.0,0.0,0.997,1.173,246 55 166 245 217 185 191 167 165 184
aspartic,12,glutamic,4,3,6,1,15.74,17.951,-0.202,56.4,22.1,11.2021,0.0,3.06,4.931,242 360 158 127
aspartic,12,glutamic,4,3,6,2,15.74,17.951,-0.202,56.4,22.1,7.6842,0.0,3.06,3.298,242 360 218 242 180 180
aspartic,12,glutamic,4,3,6,3,15.74,17.951,-0.202,56.4,22.1,4.0058,0.0,2.083,3.065,242 360 146 120 177 178 177 177
aspartic,12,glutamic,4,3,6,4,15.74,17.951,-0.202,56.4,22.1,0.8487,0.0,2.403,4.674,233 0 150 129 184 182 182 182 128 155
aspartic,12,glutamic,4,3,7,1,15.74,15.671,-0.202,53.5,122.4,9.0846,0.0,3.06,4.851,240 0 156 112
aspartic,12,glutamic,4,3,7,2,15.74,15.671,-0.202,53.5,122.4,5.5669,0.0,3.06,3.204,240 0 219 250 182 181
aspartic,12,glutamic,4,3,7,3,15.74,15.671,-0.202,53.5,122.4,1.8653,0.0,2.276,2.9,240 0 145 109 184 182 184 184
aspartic,12,glutamic,4,3,7,4,15.74,15.671,-0.202,53.5,122.4,0.0,0.0,2.231,3.913,252 39 104 356 329 150 202 156 141 186
aspartic,12,glutamic,4,4,5,1,15.74,16.386,-0.202,65.5,82.7,9.2872,0.0,2.7,2.44,105 360 169 162
aspartic,12,glutamic,4,4,5,2,15.74,16.386,-0.202,65.5,82.7,5.7632,0.0,2.7,2.436,104 1 215 223 183 182
aspartic,12,glutamic,4,4,5,3,15.74,16.386,-0.202,65.5,82.7,2.0334,0.0,2.112,1.93,105 360 153 141 179 180 179 179
aspartic,12,glutamic,4,4,5,4,15.74,16.386,-0.202,65.5,82.7,0.0,0.0,2.152,2.048,120 253 231 147 164 205 195 177 182 183
aspartic,12,glutamic,4,4,6,1,15.74,17.625,-0.202,69.5,26.0,10.4369,0.0,2.7,2.707,111 0 182 182
aspartic,12,glutamic,4,4,6,2,15.74,17.625,-0.202,69.5,26.0,6.8748,0.0,2.7,2.525,111 0 152 148 181 181
aspartic,12,glutamic,4,4,6,3,15.74,17.625,-0.202,69.5,26.0,3.2328,0.0,2.7,2.678,109 3 204 205 193 188 190 189
aspartic,12,glutamic,4,4,6,4,15.74,17.625,-0.202,69.5,26.0,0.5597,0.0,2.7,2.718,97 32 181 181 193 191 181 181 269 213
aspartic,12,glutamic,4,4,7,1,15.74,15.226,-0.202,71.5,130.6,8.04,0.0,2.7,2.67,110 0 180 180
aspartic,12,glutamic,4,4,7,2,15.74,15.226,-0.202,71.5,130.6,4.4474,0.0,2.7,2.488,109 1 155 151 183 182
aspartic,12,glutamic,4,4,7,3,15.74,15.226,-0.202,71.5,130.6,0.9072,0.0,2.621,2.515,103 8 210 208 204 195 202 198
aspartic,12,glutamic,4,4,7,4,15.74,15.226,-0.202,71.5,130.6,0.0,0.0,2.34,2.123,108 250 237 156 173 223 210 162 170 186
aspartic,12,glutamic,4,5,5,1,15.74,14.359,-0.202,161.1,82.8,7.5294,0.0,2.762,1.27,323 179 157 132
aspartic,12,glutamic,4,5,5,2,15.74,14.359,-0.202,161.1,82.8,3.9726,0.0,2.746,1.258,324 179 218 240 176 178
aspartic,12,glutamic,4,5,5,3,15.74,14.359,-0.202,161.1,82.8,0.2471,0.0,1.422,0.79,328 181 213 236 187 183 184 184
aspartic,12,glutamic,4,5,5,4,15.74,14.359,-0.202,161.1,82.8,0.0,0.0,0.858,2.593,103 209 214 237 205 127 166 201 176 166
aspartic,12,glutamic,4,5,6,1,15.74,15.657,-0.202,166.8,21.9,9.047,0.0,2.774,1.529,305 180 204 245
aspartic,12,glutamic,4,5,6,2,15.74,15.657,-0.202,166.8,21.9,5.5229,0.0,2.774,1.538,305 180 141 111 181 180
aspartic,12,glutamic,4,5,6,3,15.74,15.657,-0.202,166.8,21.9,1.7886,0.0,1.638,1.534,305 180 213 249 177 178 178 178
aspartic,12,glutamic,4,5,6,4,15.74,15.657,-0.202,166.8,21.9,0.234,0.0,2.774,2.548,261 180 149 128 177 178 178 178 38 164
aspartic,12,glutamic,4,5,7,1,15.74,13.335,-0.202,164.0,124.1,6.6498,0.0,2.774,1.701,299 180 205 241
aspartic,12,glutamic,4,5,7,2,15.74,13.335,-0.202,164.0,124.1,3.1104,0.0,2.774,1.698,299 180 142 112 182 181
aspartic,12,glutamic,4,5,7,3,15.74,13.335,-0.202,164.0,124.1,0.0,0.0,2.17,2.142,283 209 170 215 247 166 235 231
aspartic,12,glutamic,4,5,7,4,15.74,13.335,-0.202,164.0,124.1,0.0,0.0,2.774,3.484,199 197 182 197 218 163 161 238 228 162
aspartic,12,isoleucine,2,3,4,1,8.684,9.876,-0.731,64.2,55.1,2.8982,0.0,2.985,4.594,257 360 202 231
aspartic,12,isoleucine,2,3,4,2,8.684,9.876,-0.731,64.2,55.1,0.2815,0.0,2.948,2.282,268 1 172 94 332 182
aspartic,12,isoleucine,2,3,4,3,8.684,9.876,-0.731,64.2,55.1,0.0,0.0,3.06,3.119,272 98 125 220 203 105 102 172
aspartic,12,isoleucine,2,3,4,4,8.684,9.876,-0.731,64.2,55.1,0.0,0.0,2.342,3.241,308 328 230 342 29 129 111 297 260 103
aspartic,12,isoleucine,2,3,5,1,8.684,7.688,-0.731,71.6,153.8,0.7656,0.0,2.972,4.8,249 2 215 221
aspartic,12,isoleucine,2,3,5,2,8.684,7.688,-0.731,71.6,153.8,0.0,0.0,3.06,5.073,227 263 5 252 241 244
aspartic,12,isoleucine,2,3,5,3,8.684,7.688,-0.731,71.6,153.8,0.0,0.0,3.06,5.087,200 172 125 232 239 71 100 214
aspartic,12,isoleucine,2,3,5,4,8.684,7.688,-0.731,71.6,153.8,0.0,0.0,2.107,5.087,294 10 360 335 335 34 97 356 249 124
aspartic,12,isoleucine,2,3,6,1,8.684,9.919,-0.731,77.7,53.2,2.7873,0.0,3.06,5.087,233 28 200 195
aspartic,12,isoleucine,2,3,6,2,8.684,9.919,-0.731,77.7,53.2,0.0723,0.0,3.06,5.087,218 74 178 179 282 212
aspartic,12,isoleucine,2,3,6,3,8.684,9.919,-0.731,77.7,53.2,0.0,0.0,3.06,5.087,193 151 138 220 218 122 137 200
aspartic,12,isoleucine,2,3,6,4,8.684,9.919,-0.731,77.7,53.2,0.0,0.0,3.06,5.087,184 171 152 220 225 113 122 223 203 159
aspartic,12,isoleucine,2,4,4,1,8.684,10.24,-0.731,49.1,61.3,4.0335,0.0,1.788,2.75,113 0 155 80
aspartic,12,isoleucine,2,4,4,2,8.684,10.24,-0.731,49.1,61.3,0.4871,0.0,1.314,1.755,115 360 140 88 179 179
aspartic,12,isoleucine,2,4,4,3,8.684,10.24,-0.731,49.1,61.3,0.0,0.0,2.45,0.986,65 315 233 115 146 224 219 192
aspartic,12,isoleucine,2,4,4,4,8.684,10.24,-0.731,49.1,61.3,0.0,0.0,2.266,0.768,22 114 73 122 119 219 234 147 168 200
aspartic,12,isoleucine,2,4,5,1,8.684,8.384,-0.731,43.6,139.6,2.8711,0.0,2.14,3.357,128 358 200 319
aspartic,12,isoleucine,2,4,5,2,8.684,8.384,-0.731,43.6,139.6,0.0,0.0,1.254,1.436,93 344 193 58 191 228
aspartic,12,isoleucine,2,4,5,3,8.684,8.384,-0.731,43.6,139.6,0.0,0.0,0.624,1.464,78 307 304 60 106 254 185 125
aspartic,12,isoleucine,2,4,5,4,8.684,8.384,-0.731,43.6,139.6,0.0,0.0,1.34,1.186,23 343 302 54 89 267 243 147 163 191
aspartic,12,isoleucine,2,4,6,1,8.684,10.7,-0.731,46.5,41.1,4.6451,0.0,1.917,3.557,132 360 204 286
aspartic,12,isoleucine,2,4,6,2,8.684,10.7,-0.731,46.5,41.1,1.0715,0.0,1.558,3.545,131 360 218 276 179 180
aspartic,12,isoleucine,2,4,6,3,8.684,10.7,-0.731,46.5,41.1,0.0,0.0,2.7,3.627,157 2 217 319 151 229 282 201
aspartic,12,isoleucine,2,4,6,4,8.684,10.7,-0.731,46.5,41.1,0.0,0.0,2.7,3.627,190 257 212 149 141 211 205 110 120 193
aspartic,12,isoleucine,2,5,4,1,8.684,7.849,-0.731,161.3,59.6,1.154,0.0,2.197,2.202,24 180 200 265
aspartic,12,isoleucine,2,5,4,2,8.684,7.849,-0.731,161.3,59.6,0.0,0.0,2.207,1.136,27 116 278 98 25 257
aspartic,12,isoleucine,2,5,4,3,8.684,7.849,-0.731,161.3,59.6,0.0,0.0,2.401,0.978,325 234 151 67 21 304 271 151
aspartic,12,isoleucine,2,5,4,4,8.684,7.849,-0.731,161.3,59.6,0.0,0.0,2.392,1.853,198 139 159 158 119 227 242 112 133 218
aspartic,12,isoleucine,2,5,5,1,8.684,5.914,-0.731,157.6,143.2,0.3703,0.0,2.204,2.851,26 199 114 45
aspartic,12,isoleucine,2,5,5,2,8.684,5.914,-0.731,157.6,143.2,0.0,0.0,2.774,3.484,137 138 266 112 51 316
aspartic,12,isoleucine,2,5,5,3,8.684,5.914,-0.731,157.6,143.2,0.0,0.0,1.789,0.698,332 55 306 120 345 2 280 357
aspartic,12,isoleucine,2,5,5,4,8.684,5.914,-0.731,157.6,143.2,0.0,0.0,2.686,2.947,244 220 209 69 63 273 289 37 69 236
aspartic,12,isoleucine,2,5,6,1,8.684,8.269,-0.731,158.7,41.6,1.4076,0.0,2.774,3.484,78 180 158 112
aspartic,12,isoleucine,2,5,6,2,8.684,8.269,-0.731,158.7,41.6,0.0,0.0,2.774,3.484,90 109 254 209 11 142
aspartic,12,isoleucine,2,5,6,3,8.684,8.269,-0.731,158.7,41.6,0.0,0.0,2.774,3.484,111 92 256 236 64 210 240 63
aspartic,12,isoleucine,2,5,6,4,8.684,8.269,-0.731,158.7,41.6,0.0,0.0,2.774,3.484,164 141 168 167 144 239 244 90 101 207
aspartic,12,leucine,2,3,1,1,8.015,10.626,-0.303,40.3,13.5,4.9589,0.0,2.086,4.567,32 360 160 55
aspartic,12,leucine,2,3,1,2,8.015,10.626,-0.303,40.3,13.5,1.3807,0.0,2.087,4.379,32 0 145 69 184 182
aspartic,12,leucine,2,3,1,3,8.015,10.626,-0.303,40.3,13.5,0.1922,0.0,2.171,4.969,20 352 145 133 130 157 343 193
aspartic,12,leucine,2,3,1,4,8.015,10.626,-0.303,40.3,13.5,0.0,0.0,1.777,5.069,308 20 199 101 110 182 248 198 60 126
aspartic,12,leucine,2,3,2,1,8.015,8.484,-0.303,47.8,111.1,2.5639,0.0,2.089,4.726,34 359 156 65
aspartic,12,leucine,2,3,2,2,8.015,8.484,-0.303,47.8,111.1,0.0,0.0,1.779,3.9,348 5 182 46 205 223
aspartic,12,leucine,2,3,2,3,8.015,8.484,-0.303,47.8,111.1,0.0,0.0,2.271,5.087,22 318 301 43 69 273 225 132
aspartic,12,leucine,2,3,2,4,8.015,8.484,-0.303,47.8,111.1,0.0,0.0,2.208,5.013,25 342 304 39 68 258 232 105 129 203
aspartic,12,leucine,2,3,13,1,8.015,9.178,-0.303,38.6,84.0,3.7096,0.0,2.241,4.7,51 359 194 328
aspartic,12,leucine,2,3,13,2,8.015,9.178,-0.303,38.6,84.0,0.1526,0.0,2.184,4.596,46 1 213 296 190 186
aspartic,12,leucine,2,3,13,3,8.015,9.178,-0.303,38.6,84.0,0.0,0.0,2.012,5.087,8 320 282 60 101 241 207 161
aspartic,12,leucine,2,3,13,4,8.015,9.178,-0.303,38.6,84.0,0.0,0.0,2.695,5.087,342 155 70 288 328 225 209 67 87 216
aspartic,12,leucine,2,4,1,1,8.015,9.287,-0.303,93.8,1.9,2.021,0.0,1.694,2.673,340 66 179 180
aspartic,12,leucine,2,4,1,2,8.015,9.287,-0.303,93.8,1.9,0.8385,0.0,0.892,1.534,74 299 166 172 341 191
aspartic,12,leucine,2,4,1,3,8.015,9.287,-0.303,93.8,1.9,0.226,0.0,1.231,1.199,78 325 170 174 299 207 358 188
aspartic,12,leucine,2,4,1,4,8.015,9.287,-0.303,93.8,1.9,0.0,0.0,1.758,0.238,33 351 241 336 49 254 275 138 64 198
aspartic,12,leucine,2,4,2,1,8.015,7.419,-0.303,88.7,97.1,0.1308,0.0,1.471,3.04,332 59 176 178
aspartic,12,leucine,2,4,2,2,8.015,7.419,-0.303,88.7,97.1,0.0,0.0,2.484,2.574,37 202 261 337 338 286
aspartic,12,leucine,2,4,2,3,8.015,7.419,-0.303,88.7,97.1,0.0,0.0,2.363,0.703,29 126 56 15 80 54 34 63
aspartic,12,leucine,2,4,2,4,8.015,7.419,-0.303,88.7,97.1,0.0,0.0,2.295,0.351,63 297 261 49 72 265 244 76 102 203
aspartic,12,leucine,2,4,13,1,8.015,7.495,-0.303,105.5,94.2,0.2067,0.0,2.084,3.025,333 90 177 178
aspartic,12,leucine,2,4,13,2,8.015,7.495,-0.303,105.5,94.2,0.0,0.0,1.256,3.527,344 339 345 357 33 33
aspartic,12,leucine,2,4,13,3,8.015,7.495,-0.303,105.5,94.2,0.0,0.0,2.7,3.627,272 241 52 355 136 179 61 111
aspartic,12,leucine,2,4,13,4,8.015,7.495,-0.303,105.5,94.2,0.0,0.0,1.778,1.037,42 3 306 341 17 266 244 76 113 220
aspartic,12,leucine,2,5,1,1,8.015,10.218,-0.303,58.6,15.6,3.5617,0.0,2.512,0.433,320 1 207 244
aspartic,12,leucine,2,5,1,2,8.015,10.218,-0.303,58.6,15.6,0.7733,0.0,0.718,0.843,322 21 185 183 289 209
aspartic,12,leucine,2,5,1,3,8.015,10.218,-0.303,58.6,15.6,0.0606,0.0,1.18,1.036,314 67 166 172 275 215 357 186
aspartic,12,leucine,2,5,1,4,8.015,10.218,-0.303,58.6,15.6,0.0,0.0,1.612,0.546,4 322 97 5 287 102 84 180 303 243
aspartic,12,leucine,2,5,2,1,8.015,8.453,-0.303,49.1,96.3,2.3801,0.0,2.285,0.726,328 359 202 299
aspartic,12,leucine,2,5,2,2,8.015,8.453,-0.303,49.1,96.3,0.0,0.0,1.163,2.289,19 341 179 315 198 187
aspartic,12,leucine,2,5,2,3,8.015,8.453,-0.303,49.1,96.3,0.0,0.0,2.383,3.484,49 40 116 302 172 90 168 157
aspartic,12,leucine,2,5,2,4,8.015,8.453,-0.303,49.1,96.3,0.0,0.0,2.774,0.581,295 43 81 301 271 102 127 294 267 153
aspartic,12,leucine,2,5,13,1,8.015,8.847,-0.303,53.9,81.5,2.4269,0.0,2.774,0.716,307 0 155 84
aspartic,12,leucine,2,5,13,2,8.015,8.847,-0.303,53.9,81.5,0.0,0.0,2.207,0.884,324 13 125 330 324 209
aspartic,12,leucine,2,5,13,3,8.015,8.847,-0.303,53.9,81.5,0.0,0.0,1.598,0.54,339 24 60 320 285 95 129 212
aspartic,12,leucine,2,5,13,4,8.015,8.847,-0.303,53.9,81.5,0.0,0.0,1.971,0.57,332 11 48 318 291 107 130 251 228 157
aspartic,12,serine,0,3,3,1,8.103,8.428,0.781,39.1,122.1,3.0558,0.0,3.06,4.441,244 360 193 332
aspartic,12,serine,0,3,3,2,8.103,8.428,0.781,39.1,122.1,0.0,0.0,3.06,3.255,236 25 142 325 269 164
aspartic,12,serine,0,3,3,3,8.103,8.428,0.781,39.1,122.1,0.0,0.0,2.425,3.136,276 36 69 309 273 102 132 206
aspartic,12,serine,0,3,3,4,8.103,8.428,0.781,39.1,122.1,0.0,0.0,1.977,1.209,3 240 292 290 254 75 88 213 202 166
aspartic,12,serine,0,3,4,1,8.103,9.122,0.781,36.7,93.2,3.7908,0.0,3.06,4.571,218 0 170 22
aspartic,12,serine,0,3,4,2,8.103,9.122,0.781,36.7,93.2,0.2525,0.0,3.06,4.291,211 2 212 297 199 191
aspartic,12,serine,0,3,4,3,8.103,9.122,0.781,36.7,93.2,0.0,0.0,2.575,3.836,271 56 91 272 243 135 151 190
aspartic,12,serine,0,3,4,4,8.103,9.122,0.781,36.7,93.2,0.0,0.0,2.314,4.994,281 27 60 294 263 123 148 235 216 166
aspartic,12,serine,0,3,5,1,8.103,10.759,0.781,36.4,19.7,5.3224,0.0,3.06,4.592,237 0 194 322
aspartic,12,serine,0,3,5,2,8.103,10.759,0.781,36.4,19.7,1.7643,0.0,3.06,3.389,236 1 148 60 187 184
aspartic,12,serine,0,3,5,3,8.103,10.759,0.781,36.4,19.7,0.122,0.0,3.06,2.151,242 6 220 240 217 200 32 160
aspartic,12,serine,0,3,5,4,8.103,10.759,0.781,36.4,19.7,0.0,0.0,3.06,2.069,243 313 318 225 193 97 83 138 99 151
aspartic,12,serine,0,4,3,1,8.103,7.697,0.781,69.6,105.4,0.5821,0.0,2.7,2.033,105 355 159 142
aspartic,12,serine,0,4,3,2,8.103,7.697,0.781,69.6,105.4,0.0,0.0,2.7,2.046,109 299 277 31 16 28
aspartic,12,serine,0,4,3,3,8.103,7.697,0.781,69.6,105.4,0.0,0.0,2.7,3.204,185 218 245 112 109 244 216 145
aspartic,12,serine,0,4,3,4,8.103,7.697,0.781,69.6,105.4,0.0,0.0,2.7,2.344,116 327 317 31 49 273 247 67 114 227
aspartic,12,serine,0,4,4,1,8.103,7.874,0.781,87.2,98.4,0.5853,0.0,2.7,1.99,74 54 181 181
aspartic,12,serine,0,4,4,2,8.103,7.874,0.781,87.2,98.4,0.0,0.0,2.7,3.546,120 151 293 95 209 338
aspartic,12,serine,0,4,4,3,8.103,7.874,0.781,87.2,98.4,0.0,0.0,2.7,3.627,195 210 256 101 96 245 210 143
aspartic,12,serine,0,4,4,4,8.103,7.874,0.781,87.2,98.4,0.0,0.0,2.7,3.627,172 179 197 140 130 252 250 118 135 206
aspartic,12,serine,0,4,5,1,8.103,9.752,0.781,78.7,7.3,2.4961,0.0,2.7,1.746,82 26 181 180
aspartic,12,serine,0,4,5,2,8.103,9.752,0.781,78.7,7.3,0.8491,0.0,2.7,3.53,141 338 160 165 317 201
aspartic,12,serine,0,4,5,3,8.103,9.752,0.781,78.7,7.3,0.1841,0.0,2.7,3.627,149 350 170 172 289 207 358 185
aspartic,12,serine,0,4,5,4,8.103,9.752,0.781,78.7,7.3,0.0,0.0,2.7,3.627,156 212 201 161 155 218 238 110 90 186
aspartic,12,serine,0,5,3,1,8.103,5.968,0.781,147.6,120.7,0.0,0.0,2.653,0.642,330 270 110 288
aspartic,12,serine,0,5,3,2,8.103,5.968,0.781,147.6,120.7,0.0,0.0,2.774,3.247,203 220 135 317 177 11
aspartic,12,serine,0,5,3,3,8.103,5.968,0.781,147.6,120.7,0.0,0.0,2.774,2.875,76 163 188 276 284 83 139 257
aspartic,12,serine,0,5,3,4,8.103,5.968,0.781,147.6,120.7,0.0,0.0,2.774,0.556,319 120 155 331 339 80 88 298 243 118
aspartic,12,serine,0,5,4,1,8.103,6.742,0.781,138.2,88.6,0.0,0.0,2.774,2.777,223 126 218 268
aspartic,12,serine,0,5,4,2,8.103,6.742,0.781,138.2,88.6,0.0,0.0,2.774,3.484,187 212 128 277 207 73
aspartic,12,serine,0,5,4,3,8.103,6.742,0.781,138.2,88.6,0.0,0.0,2.774,3.484,170 218 147 222 256 87 121 238
aspartic,12,serine,0,5,4,4,8.103,6.742,0.781,138.2,88.6,0.0,0.0,2.774,3.484,179 212 178 200 226 114 115 276 253 148
aspartic,12,serine,0,5,5,1,8.103,8.295,0.781,143.7,19.9,1.3024,0.0,2.7,1.532,327 187 226 219
aspartic,12,serine,0,5,5,2,8.103,8.295,0.781,143.7,19.9,0.4184,0.0,2.231,0.53,4 161 249 230 342 203
aspartic,12,serine,0,5,5,3,8.103,8.295,0.781,143.7,19.9,0.0,0.0,2.774,3.484,173 176 186 238 261 146 41 179
aspartic,12,serine,0,5,5,4,8.103,8.295,0.781,143.7,19.9,0.0,0.0,2.774,2.992,165 219 166 203 244 124 146 253 198 144
aspartic,12,tryptophan,0,3,16,1,15.906,18.139,-0.971,48.7,29.8,11.7536,0.0,2.816,4.124,273 360 204 258
aspartic,12,tryptophan,0,3,16,2,15.906,18.139,-0.971,48.7,29.8,8.2408,0.0,2.814,1.798,273 360 141 103 179 179
aspartic,12,tryptophan,0,3,16,3,15.906,18.139,-0.971,48.7,29.8,4.5691,0.0,2.802,2.002,274 360 215 258 177 178 177 177
aspartic,12,tryptophan,0,3,16,4,15.906,18.139,-0.971,48.7,29.8,1.0701,0.0,2.637,2.05,279 360 215 265 175 177 175 176 161 168
aspartic,12,tryptophan,0,3,17,1,15.906,15.693,-0.971,47.7,136.1,9.4126,0.0,2.801,4.017,274 360 205 266
aspartic,12,tryptophan,0,3,17,2,15.906,15.693,-0.971,47.7,136.1,5.8933,0.0,2.8,1.551,274 360 141 98 177 178
aspartic,12,tryptophan,0,3,17,3,15.906,15.693,-0.971,47.7,136.1,2.2325,0.0,2.794,1.913,274 359 215 264 171 175 170 171
aspartic,12,tryptophan,0,3,17,4,15.906,15.693,-0.971,47.7,136.1,0.0,0.0,2.106,1.276,290 39 99 326 304 180 184 188 195 183
aspartic,12,tryptophan,0,3,18,1,15.906,16.807,-0.971,55.5,88.2,10.119,0.0,2.802,4.408,273 0 204 238
aspartic,12,tryptophan,0,3,18,2,15.906,16.807,-0.971,55.5,88.2,6.5926,0.0,2.801,2.464,274 0 141 114 183 182
aspartic,12,tryptophan,0,3,18,3,15.906,16.807,-0.971,55.5,88.2,2.9096,0.0,2.817,2.493,273 1 215 243 188 185 188 187
aspartic,12,tryptophan,0,3,18,4,15.906,16.807,-0.971,55.5,88.2,0.0,0.0,2.721,2.729,295 321 171 58 269 180 168 150 151 164
aspartic,12,tryptophan,0,4,16,1,15.906,17.939,-0.971,57.5,35.3,11.1401,0.0,2.7,0.938,86 360 158 131
aspartic,12,tryptophan,0,4,16,2,15.906,17.939,-0.971,57.5,35.3,7.6169,0.0,2.7,1.121,85 360 218 240 179 179
aspartic,12,tryptophan,0,4,16,3,15.906,17.939,-0.971,57.5,35.3,3.9338,0.0,2.7,0.771,86 359 146 123 175 177 175 176
aspartic,12,tryptophan,0,4,16,4,15.906,17.939,-0.971,57.5,35.3,0.6128,0.0,2.7,0.63,80 359 149 134 175 177 176 177 135 157
aspartic,12,tryptophan,0,4,17,1,15.906,15.484,-0.971,57.0,141.8,8.7476,0.0,2.7,0.899,85 360 157 124
aspartic,12,tryptophan,0,4,17,2,15.906,15.484,-0.971,57.0,141.8,5.2276,0.0,2.7,1.067,85 0 218 244 180 180
aspartic,12,tryptophan,0,4,17,3,15.906,15.484,-0.971,57.0,141.8,1.5836,0.0,2.7,0.657,86 360 144 117 178 179 176 177
aspartic,12,tryptophan,0,4,17,4,15.906,15.484,-0.971,57.0,141.8,0.0,0.0,2.7,1.028,133 254 221 118 135 180 173 158 157 179
aspartic,12,tryptophan,0,4,18,1,15.906,16.913,-0.971,50.8,79.9,10.4445,0.0,2.7,1.31,90 360 204 254
aspartic,12,tryptophan,0,4,18,2,15.906,16.913,-0.971,50.8,79.9,6.9329,0.0,2.7,0.959,90 359 141 106 176 178
aspartic,12,tryptophan,0,4,18,3,15.906,16.913,-0.971,50.8,79.9,3.2373,0.0,2.7,0.687,90 359 215 256 171 175 172 172
aspartic,12,tryptophan,0,4,18,4,15.906,16.913,-0.971,50.8,79.9,0.0,0.0,2.7,0.38,92 1 208 287 154 171 175 147 155 175
aspartic,12,tryptophan,0,5,16,1,15.906,15.934,-0.971,142.1,30.4,8.6978,0.0,2.204,0.805,9 203 182 181
aspartic,12,tryptophan,0,5,16,2,15.906,15.934,-0.971,142.1,30.4,5.0017,0.0,2.556,0.619,336 168 179 179 179 179
aspartic,12,tryptophan,0,5,16,3,15.906,15.934,-0.971,142.1,30.4,1.3565,0.0,2.198,0.853,11 205 179 180 168 170 179 180
aspartic,12,tryptophan,0,5,16,4,15.906,15.934,-0.971,142.1,30.4,0.042,0.0,2.774,0.644,300 131 180 180 188 187 180 180 28 166
aspartic,12,tryptophan,0,5,17,1,15.906,13.487,-0.971,141.0,136.5,6.2726,0.0,2.198,0.788,11 206 184 183
aspartic,12,tryptophan,0,5,17,2,15.906,13.487,-0.971,141.0,136.5,2.5782,0.0,2.623,0.537,331 162 180 180 180 180
aspartic,12,tryptophan,0,5,17,3,15.906,13.487,-0.971,141.0,136.5,0.0,0.0,2.405,0.628,346 172 189 197 114 190 80 95
aspartic,12,tryptophan,0,5,17,4,15.906,13.487,-0.971,141.0,136.5,0.0,0.0,2.774,0.911,299 129 148 311 290 141 165 241 228 168
aspartic,12,tryptophan,0,5,18,1,15.906,14.729,-0.971,143.8,83.5,7.4812,0.0,2.484,0.995,340 161 177 178
aspartic,12,tryptophan,0,5,18,2,15.906,14.729,-0.971,143.8,83.5,3.8018,0.0,2.224,1.005,5 185 191 188 185 184
aspartic,12,tryptophan,0,5,18,3,15.906,14.729,-0.971,143.8,83.5,0.1508,0.0,2.19,1.267,22 201 180 180 179 179 180 180
aspartic,12,tryptophan,0,5,18,4,15.906,14.729,-0.971,143.8,83.5,0.0,0.0,2.774,0.644,245 150 185 301 211 125 188 162 111 144
