W1005 10:33:48.726000 57044 torch/distributed/elastic/multiprocessing/redirects.py:35] NOTE: Redirects are currently not supported in MacOs.
Ligand: oxybenzone (29 atoms, charge 0, spin 1)
Fragments: arginine, lysine, aspartic, glutamic, isoleucine, leucine, serine, tryptophan, tyrosine, phenylalanine
Loading uma-s-1p2p1 on cpu
Binding site dimensions after augmentation:
  x - Max:      5.964, Min:     -5.615
  y - Max:      2.825, Min:     -2.304
  z - Max:      1.392, Min:     -1.615
  Volume is 178.6 A^3
Fragment: arginine
WARNING:root:Model is being compiled this might take a while for the first time
W1005 10:33:55.270000 57044 torch/_logging/_internal.py:1345] [0/0] Profiler record function <class 'torch.autograd.profiler.record_function'> will be ignored
/Users/cafierom/python_mac/peptidebuilder/.venv/lib/python3.12/site-packages/torch/_inductor/lowering.py:2352: FutureWarning: `torch._prims_common.check` is deprecated and will be removed in the future. Please use `torch._check*` functions instead.
  check(
WARNING:root:The UMA fast path (merge_mole + compile) is only available for fixed composition, task, charge, and spin. This is optimized for MD applications. Falling back to a less optimized version for subsequent evaluations. Reason: 'Compositions differ from merged model'.
Use inference_settings='batch' for heterogeneous batched evaluations.
      Step     Time          Energy          fmax
BFGS:    0 10:34:48   -29653.123310       20.609402
BFGS:    1 10:34:48   -29656.466528        6.496834
BFGS:    2 10:34:48   -29658.354692        3.702175
BFGS:    3 10:34:48   -29659.424591        2.430889
BFGS:    4 10:34:49   -29659.979921        2.333194
BFGS:    5 10:34:49   -29660.419719        1.933494
BFGS:    6 10:34:49   -29660.887541        2.137345
BFGS:    7 10:34:49   -29661.298347        1.612179
BFGS:    8 10:34:49   -29661.660678        1.506997
BFGS:    9 10:34:50   -29661.887547        1.195936
BFGS:   10 10:34:50   -29662.045003        1.131168
BFGS:   11 10:34:50   -29662.149687        0.818763
BFGS:   12 10:34:50   -29662.259612        0.606665
BFGS:   13 10:34:51   -29662.359013        0.777158
BFGS:   14 10:34:51   -29662.437268        0.863425
BFGS:   15 10:34:51   -29662.504356        0.599963
BFGS:   16 10:34:51   -29662.567274        0.515998
BFGS:   17 10:34:52   -29662.620403        0.564675
BFGS:   18 10:34:52   -29662.656454        0.496910
BFGS:   19 10:34:52   -29662.680174        0.394166
BFGS:   20 10:34:52   -29662.698839        0.277182
BFGS:   21 10:34:52   -29662.716565        0.321484
BFGS:   22 10:34:53   -29662.732026        0.353069
BFGS:   23 10:34:53   -29662.743816        0.299503
BFGS:   24 10:34:53   -29662.757714        0.278629
BFGS:   25 10:34:53   -29662.775906        0.261882
BFGS:   26 10:34:54   -29662.793655        0.300558
BFGS:   27 10:34:54   -29662.802322        0.191958
BFGS:   28 10:34:54   -29662.807244        0.221420
BFGS:   29 10:34:54   -29662.811958        0.225676
BFGS:   30 10:34:54   -29662.817156        0.229836
BFGS:   31 10:34:55   -29662.822734        0.247705
BFGS:   32 10:34:55   -29662.827973        0.179306
BFGS:   33 10:34:55   -29662.833382        0.192242
BFGS:   34 10:34:55   -29662.839305        0.196289
BFGS:   35 10:34:56   -29662.845687        0.213834
BFGS:   36 10:34:56   -29662.851199        0.279074
BFGS:   37 10:34:56   -29662.855947        0.176561
BFGS:   38 10:34:56   -29662.859294        0.135792
BFGS:   39 10:34:57   -29662.862813        0.163016
BFGS:   40 10:34:57   -29662.866044        0.206208
BFGS:   41 10:34:57   -29662.870245        0.191604
BFGS:   42 10:34:57   -29662.874208        0.160930
BFGS:   43 10:34:57   -29662.877816        0.187657
BFGS:   44 10:34:58   -29662.880535        0.135717
BFGS:   45 10:34:58   -29662.882685        0.096202
BFGS:   46 10:34:58   -29662.884578        0.100275
BFGS:   47 10:34:58   -29662.886391        0.086730
BFGS:   48 10:34:59   -29662.888214        0.115693
BFGS:   49 10:34:59   -29662.890044        0.088489
BFGS:   50 10:34:59   -29662.891877        0.099872
BFGS:   51 10:34:59   -29662.893689        0.111839
BFGS:   52 10:34:59   -29662.895590        0.102838
BFGS:   53 10:35:00   -29662.897707        0.108287
BFGS:   54 10:35:00   -29662.899982        0.102376
BFGS:   55 10:35:00   -29662.902397        0.143309
BFGS:   56 10:35:00   -29662.905209        0.170424
BFGS:   57 10:35:01   -29662.908218        0.148231
BFGS:   58 10:35:01   -29662.911420        0.108088
BFGS:   59 10:35:01   -29662.913656        0.130038
BFGS:   60 10:35:01   -29662.915863        0.141552
BFGS:   61 10:35:01   -29662.917693        0.097393
BFGS:   62 10:35:02   -29662.919303        0.078349
BFGS:   63 10:35:02   -29662.920395        0.102000
BFGS:   64 10:35:02   -29662.921710        0.103956
BFGS:   65 10:35:02   -29662.922677        0.166203
BFGS:   66 10:35:03   -29662.923974        0.090893
BFGS:   67 10:35:03   -29662.925327        0.082872
BFGS:   68 10:35:03   -29662.926417        0.074962
BFGS:   69 10:35:03   -29662.927310        0.054223
BFGS:   70 10:35:03   -29662.927881        0.057613
BFGS:   71 10:35:04   -29662.928509        0.076425
BFGS:   72 10:35:04   -29662.929169        0.074977
BFGS:   73 10:35:04   -29662.929943        0.064990
BFGS:   74 10:35:04   -29662.930555        0.053309
BFGS:   75 10:35:05   -29662.931044        0.054907
BFGS:   76 10:35:05   -29662.931749        0.057962
BFGS:   77 10:35:05   -29662.932561        0.063056
BFGS:   78 10:35:05   -29662.933413        0.078032
BFGS:   79 10:35:05   -29662.934347        0.072844
BFGS:   80 10:35:06   -29662.935590        0.116488
BFGS:   81 10:35:06   -29662.936966        0.094205
BFGS:   82 10:35:06   -29662.938320        0.095438
BFGS:   83 10:35:06   -29662.939351        0.065343
BFGS:   84 10:35:07   -29662.940220        0.154382
BFGS:   85 10:35:07   -29662.940937        0.087833
BFGS:   86 10:35:07   -29662.941924        0.062143
BFGS:   87 10:35:07   -29662.942305        0.050617
BFGS:   88 10:35:07   -29662.942666        0.046656
  adding arginine pose 0: IE = -6.32 kcal/mol
      Step     Time          Energy          fmax
BFGS:    0 10:35:11   -29660.604584        3.337901
BFGS:    1 10:35:11   -29660.791814        2.553473
BFGS:    2 10:35:12   -29661.157261        0.997777
BFGS:    3 10:35:12   -29661.256765        1.038256
BFGS:    4 10:35:12   -29661.353438        1.039492
BFGS:    5 10:35:12   -29661.440754        0.936043
BFGS:    6 10:35:12   -29661.545980        1.102398
BFGS:    7 10:35:13   -29661.645700        1.117163
BFGS:    8 10:35:13   -29661.737834        1.138431
BFGS:    9 10:35:13   -29661.828007        1.171574
BFGS:   10 10:35:13   -29661.927009        0.958527
BFGS:   11 10:35:13   -29662.025867        0.777226
BFGS:   12 10:35:14   -29662.095268        0.724078
BFGS:   13 10:35:14   -29662.142859        0.559753
BFGS:   14 10:35:14   -29662.183709        0.486789
BFGS:   15 10:35:14   -29662.229106        0.553774
BFGS:   16 10:35:15   -29662.280541        0.534069
BFGS:   17 10:35:15   -29662.324830        0.478415
BFGS:   18 10:35:15   -29662.355371        0.354843
BFGS:   19 10:35:15   -29662.379313        0.307853
BFGS:   20 10:35:15   -29662.403735        0.324600
BFGS:   21 10:35:16   -29662.427588        0.307345
BFGS:   22 10:35:16   -29662.445987        0.304866
BFGS:   23 10:35:16   -29662.460782        0.271281
BFGS:   24 10:35:16   -29662.477529        0.265202
BFGS:   25 10:35:16   -29662.494197        0.242128
BFGS:   26 10:35:17   -29662.505698        0.239293
BFGS:   27 10:35:17   -29662.512691        0.252765
BFGS:   28 10:35:17   -29662.518087        0.224583
BFGS:   29 10:35:17   -29662.523676        0.219133
BFGS:   30 10:35:17   -29662.529762        0.166681
BFGS:   31 10:35:18   -29662.535261        0.164391
BFGS:   32 10:35:18   -29662.539582        0.156420
BFGS:   33 10:35:18   -29662.543548        0.155177
BFGS:   34 10:35:18   -29662.547120        0.141038
BFGS:   35 10:35:19   -29662.550307        0.135009
BFGS:   36 10:35:19   -29662.553503        0.126390
BFGS:   37 10:35:19   -29662.556884        0.128688
BFGS:   38 10:35:19   -29662.560336        0.149647
BFGS:   39 10:35:19   -29662.563577        0.155586
BFGS:   40 10:35:20   -29662.566629        0.136966
BFGS:   41 10:35:20   -29662.569898        0.150412
BFGS:   42 10:35:20   -29662.574112        0.163493
BFGS:   43 10:35:20   -29662.579025        0.180620
BFGS:   44 10:35:20   -29662.583751        0.179434
BFGS:   45 10:35:21   -29662.587640        0.170672
BFGS:   46 10:35:21   -29662.591162        0.126930
BFGS:   47 10:35:21   -29662.594063        0.176764
BFGS:   48 10:35:21   -29662.596344        0.102401
BFGS:   49 10:35:21   -29662.597583        0.083362
BFGS:   50 10:35:22   -29662.598388        0.064925
BFGS:   51 10:35:22   -29662.599131        0.072180
BFGS:   52 10:35:22   -29662.600169        0.076896
BFGS:   53 10:35:22   -29662.600974        0.070183
BFGS:   54 10:35:22   -29662.601849        0.069568
BFGS:   55 10:35:23   -29662.603010        0.076610
BFGS:   56 10:35:23   -29662.604598        0.077778
BFGS:   57 10:35:23   -29662.606283        0.084574
BFGS:   58 10:35:23   -29662.607860        0.084588
BFGS:   59 10:35:23   -29662.609315        0.082925
BFGS:   60 10:35:24   -29662.610723        0.087156
BFGS:   61 10:35:24   -29662.612267        0.085638
BFGS:   62 10:35:24   -29662.613891        0.107920
BFGS:   63 10:35:24   -29662.615380        0.087449
BFGS:   64 10:35:24   -29662.616723        0.096336
BFGS:   65 10:35:25   -29662.617758        0.086167
BFGS:   66 10:35:25   -29662.618656        0.079187
BFGS:   67 10:35:25   -29662.619697        0.082265
BFGS:   68 10:35:25   -29662.620615        0.075062
BFGS:   69 10:35:25   -29662.621597        0.065964
BFGS:   70 10:35:26   -29662.622473        0.078729
BFGS:   71 10:35:26   -29662.623085        0.072538
BFGS:   72 10:35:26   -29662.623565        0.057926
BFGS:   73 10:35:26   -29662.624004        0.051256
BFGS:   74 10:35:26   -29662.624453        0.060439
BFGS:   75 10:35:27   -29662.625051        0.070492
BFGS:   76 10:35:27   -29662.625781        0.067820
BFGS:   77 10:35:27   -29662.626565        0.070062
BFGS:   78 10:35:27   -29662.627296        0.076615
BFGS:   79 10:35:28   -29662.628004        0.108836
BFGS:   80 10:35:28   -29662.628722        0.103679
BFGS:   81 10:35:28   -29662.629458        0.095019
BFGS:   82 10:35:28   -29662.630121        0.067126
BFGS:   83 10:35:28   -29662.630749        0.068360
BFGS:   84 10:35:29   -29662.631436        0.084819
BFGS:   85 10:35:29   -29662.632214        0.071076
BFGS:   86 10:35:29   -29662.633080        0.058837
BFGS:   87 10:35:29   -29662.633954        0.065675
BFGS:   88 10:35:29   -29662.634774        0.076903
BFGS:   89 10:35:30   -29662.635692        0.080906
BFGS:   90 10:35:30   -29662.636861        0.073225
BFGS:   91 10:35:30   -29662.638230        0.112596
BFGS:   92 10:35:30   -29662.639541        0.091379
BFGS:   93 10:35:30   -29662.640911        0.093698
BFGS:   94 10:35:31   -29662.641942        0.063601
BFGS:   95 10:35:31   -29662.642704        0.077911
BFGS:   96 10:35:31   -29662.643297        0.063109
BFGS:   97 10:35:31   -29662.643813        0.055882
BFGS:   98 10:35:31   -29662.644338        0.060645
BFGS:   99 10:35:32   -29662.644927        0.061356
BFGS:  100 10:35:32   -29662.645537        0.060957
BFGS:  101 10:35:32   -29662.646162        0.053742
BFGS:  102 10:35:32   -29662.646689        0.040870
  adding arginine pose 1: IE = 1.83 kcal/mol
      Step     Time          Energy          fmax
BFGS:    0 10:35:49   -29642.014331       15.435577
BFGS:    1 10:35:49   -29645.548452       11.294587
BFGS:    2 10:35:50   -29649.309271        6.409008
BFGS:    3 10:35:50   -29651.621397        4.901289
BFGS:    4 10:35:50   -29653.055175        2.907264
BFGS:    5 10:35:50   -29654.045616        3.107767
BFGS:    6 10:35:51   -29655.040063        2.648342
BFGS:    7 10:35:51   -29655.865730        2.504912
BFGS:    8 10:35:51   -29656.591938        2.533766
BFGS:    9 10:35:51   -29657.225833        2.897799
BFGS:   10 10:35:52   -29657.716478        2.738316
BFGS:   11 10:35:52   -29658.129140        1.611645
BFGS:   12 10:35:52   -29658.375417        1.437478
BFGS:   13 10:35:53   -29658.670530        1.495560
BFGS:   14 10:35:53   -29658.923673        1.681168
BFGS:   15 10:35:53   -29659.246805        1.598263
BFGS:   16 10:35:53   -29659.559096        1.327322
BFGS:   17 10:35:54   -29659.962714        1.778081
BFGS:   18 10:35:54   -29660.394700        2.127864
BFGS:   19 10:35:54   -29660.806879        2.129806
BFGS:   20 10:35:54   -29661.182801        1.634546
BFGS:   21 10:35:54   -29661.500623        1.434569
BFGS:   22 10:35:55   -29661.839720        1.858523
BFGS:   23 10:35:55   -29662.091230        1.819404
BFGS:   24 10:35:55   -29662.359664        1.505268
BFGS:   25 10:35:55   -29662.515668        1.098197
BFGS:   26 10:35:56   -29662.673813        1.086037
BFGS:   27 10:35:56   -29662.865862        1.277074
BFGS:   28 10:35:56   -29663.024587        1.209768
BFGS:   29 10:35:56   -29663.107860        0.669298
BFGS:   30 10:35:57   -29663.158894        0.724146
BFGS:   31 10:35:57   -29663.213262        0.660394
BFGS:   32 10:35:57   -29663.265564        0.569190
BFGS:   33 10:35:57   -29663.305217        0.557255
BFGS:   34 10:35:58   -29663.338853        0.499680
BFGS:   35 10:35:58   -29663.378011        0.566159
BFGS:   36 10:35:58   -29663.416426        0.566192
BFGS:   37 10:35:58   -29663.444034        0.402572
BFGS:   38 10:35:59   -29663.462079        0.384079
BFGS:   39 10:35:59   -29663.478331        0.352331
BFGS:   40 10:35:59   -29663.497942        0.315305
BFGS:   41 10:35:59   -29663.513287        0.299769
BFGS:   42 10:36:00   -29663.527890        0.343399
BFGS:   43 10:36:00   -29663.543360        0.304570
BFGS:   44 10:36:00   -29663.563906        0.339527
BFGS:   45 10:36:00   -29663.586967        0.454394
BFGS:   46 10:36:01   -29663.605999        0.463827
BFGS:   47 10:36:01   -29663.613163        0.959008
BFGS:   48 10:36:01   -29663.622785        0.564144
BFGS:   49 10:36:01   -29663.632554        0.183625
BFGS:   50 10:36:02   -29663.638807        0.252717
BFGS:   51 10:36:02   -29663.645862        0.376666
BFGS:   52 10:36:02   -29663.650583        0.243272
BFGS:   53 10:36:02   -29663.655380        0.133987
BFGS:   54 10:36:03   -29663.658430        0.163709
BFGS:   55 10:36:03   -29663.660907        0.167436
BFGS:   56 10:36:03   -29663.663898        0.179448
BFGS:   57 10:36:03   -29663.666802        0.111046
BFGS:   58 10:36:04   -29663.669613        0.104001
BFGS:   59 10:36:04   -29663.671323        0.108322
BFGS:   60 10:36:04   -29663.673754        0.103771
BFGS:   61 10:36:04   -29663.675995        0.112186
BFGS:   62 10:36:05   -29663.678259        0.121004
BFGS:   63 10:36:05   -29663.680429        0.115905
BFGS:   64 10:36:05   -29663.683065        0.113428
BFGS:   65 10:36:05   -29663.685478        0.132050
BFGS:   66 10:36:06   -29663.687588        0.166056
BFGS:   67 10:36:06   -29663.689449        0.134095
BFGS:   68 10:36:06   -29663.691054        0.100087
BFGS:   69 10:36:06   -29663.692278        0.087354
BFGS:   70 10:36:07   -29663.693455        0.104503
BFGS:   71 10:36:07   -29663.694452        0.074537
BFGS:   72 10:36:07   -29663.695422        0.084897
BFGS:   73 10:36:07   -29663.696395        0.079808
BFGS:   74 10:36:07   -29663.697318        0.105414
BFGS:   75 10:36:08   -29663.698312        0.082406
BFGS:   76 10:36:08   -29663.699670        0.107527
BFGS:   77 10:36:08   -29663.701077        0.097992
BFGS:   78 10:36:08   -29663.702343        0.095089
BFGS:   79 10:36:09   -29663.703533        0.111754
BFGS:   80 10:36:09   -29663.705050        0.118381
BFGS:   81 10:36:09   -29663.706927        0.129266
BFGS:   82 10:36:09   -29663.709014        0.109927
BFGS:   83 10:36:10   -29663.710997        0.113671
BFGS:   84 10:36:10   -29663.713078        0.201779
BFGS:   85 10:36:10   -29663.715216        0.147902
BFGS:   86 10:36:10   -29663.718147        0.186353
BFGS:   87 10:36:11   -29663.720972        0.154699
BFGS:   88 10:36:11   -29663.722829        0.081804
BFGS:   89 10:36:11   -29663.723762        0.081722
BFGS:   90 10:36:11   -29663.724987        0.099799
BFGS:   91 10:36:12   -29663.725812        0.069284
BFGS:   92 10:36:12   -29663.726494        0.072664
BFGS:   93 10:36:12   -29663.727070        0.075937
BFGS:   94 10:36:12   -29663.727704        0.069402
BFGS:   95 10:36:13   -29663.728358        0.064755
BFGS:   96 10:36:13   -29663.729011        0.077652
BFGS:   97 10:36:13   -29663.729610        0.081686
BFGS:   98 10:36:13   -29663.730497        0.074610
BFGS:   99 10:36:14   -29663.731447        0.075968
BFGS:  100 10:36:14   -29663.732217        0.068583
BFGS:  101 10:36:14   -29663.732775        0.082052
BFGS:  102 10:36:14   -29663.733347        0.075009
BFGS:  103 10:36:15   -29663.734453        0.098917
BFGS:  104 10:36:15   -29663.735514        0.116647
BFGS:  105 10:36:15   -29663.737090        0.122649
BFGS:  106 10:36:15   -29663.738654        0.115893
BFGS:  107 10:36:16   -29663.740437        0.093041
BFGS:  108 10:36:16   -29663.742062        0.128665
BFGS:  109 10:36:16   -29663.743215        0.097905
BFGS:  110 10:36:16   -29663.744178        0.081834
BFGS:  111 10:36:17   -29663.744916        0.059808
BFGS:  112 10:36:17   -29663.745943        0.073325
BFGS:  113 10:36:17   -29663.746456        0.066872
BFGS:  114 10:36:17   -29663.747284        0.055567
BFGS:  115 10:36:18   -29663.747649        0.045640
  adding arginine pose 2: IE = -24.24 kcal/mol
      Step     Time          Energy          fmax
BFGS:    0 10:36:31   -29652.343079       11.824165
BFGS:    1 10:36:31   -29654.739877       10.335919
BFGS:    2 10:36:31   -29656.971977        7.817239
BFGS:    3 10:36:31   -29658.533100        5.489368
BFGS:    4 10:36:32   -29659.740678        3.277703
BFGS:    5 10:36:32   -29660.527230        3.041362
BFGS:    6 10:36:32   -29661.106671        2.893089
BFGS:    7 10:36:32   -29661.644894        4.104783
BFGS:    8 10:36:33   -29662.197600        1.614242
BFGS:    9 10:36:33   -29662.366318        1.045689
BFGS:   10 10:36:33   -29662.548979        1.312146
BFGS:   11 10:36:34   -29662.696358        1.154726
BFGS:   12 10:36:34   -29662.802011        0.842231
BFGS:   13 10:36:34   -29662.927986        1.038527
BFGS:   14 10:36:34   -29663.027449        1.044745
BFGS:   15 10:36:35   -29663.114177        0.679819
BFGS:   16 10:36:35   -29663.183518        0.829784
BFGS:   17 10:36:35   -29663.251297        0.587998
BFGS:   18 10:36:35   -29663.313086        0.645326
BFGS:   19 10:36:36   -29663.369649        0.520606
BFGS:   20 10:36:36   -29663.411350        0.494437
BFGS:   21 10:36:36   -29663.453220        0.484503
BFGS:   22 10:36:37   -29663.492717        0.619754
BFGS:   23 10:36:37   -29663.531103        0.605362
BFGS:   24 10:36:37   -29663.567534        0.456650
BFGS:   25 10:36:37   -29663.600012        0.354954
BFGS:   26 10:36:38   -29663.620275        0.290761
BFGS:   27 10:36:38   -29663.631204        0.238111
BFGS:   28 10:36:38   -29663.637429        0.178991
BFGS:   29 10:36:39   -29663.642431        0.162096
BFGS:   30 10:36:39   -29663.647168        0.163997
BFGS:   31 10:36:39   -29663.651277        0.169339
BFGS:   32 10:36:39   -29663.655163        0.144341
BFGS:   33 10:36:40   -29663.659700        0.163003
BFGS:   34 10:36:40   -29663.664850        0.188009
BFGS:   35 10:36:40   -29663.670220        0.238509
BFGS:   36 10:36:40   -29663.675437        0.222756
BFGS:   37 10:36:41   -29663.680606        0.169921
BFGS:   38 10:36:41   -29663.685298        0.147777
BFGS:   39 10:36:41   -29663.688835        0.121951
BFGS:   40 10:36:42   -29663.691416        0.142165
BFGS:   41 10:36:42   -29663.694130        0.157839
BFGS:   42 10:36:42   -29663.697426        0.159686
BFGS:   43 10:36:42   -29663.700892        0.152876
BFGS:   44 10:36:43   -29663.703730        0.138561
BFGS:   45 10:36:43   -29663.705721        0.113936
BFGS:   46 10:36:43   -29663.707177        0.112866
BFGS:   47 10:36:43   -29663.708760        0.099644
BFGS:   48 10:36:44   -29663.710806        0.126026
BFGS:   49 10:36:44   -29663.713627        0.138149
BFGS:   50 10:36:44   -29663.717654        0.148942
BFGS:   51 10:36:44   -29663.722613        0.203436
BFGS:   52 10:36:45   -29663.727633        0.178933
BFGS:   53 10:36:45   -29663.732612        0.163881
BFGS:   54 10:36:45   -29663.736357        0.253019
BFGS:   55 10:36:45   -29663.739495        0.178079
BFGS:   56 10:36:46   -29663.743210        0.145698
BFGS:   57 10:36:46   -29663.748336        0.108221
BFGS:   58 10:36:46   -29663.752166        0.110011
BFGS:   59 10:36:47   -29663.756911        0.132945
BFGS:   60 10:36:47   -29663.760200        0.174869
BFGS:   61 10:36:47   -29663.763682        0.137844
BFGS:   62 10:36:47   -29663.768019        0.170911
BFGS:   63 10:36:48   -29663.773433        0.205506
BFGS:   64 10:36:48   -29663.780323        0.181793
BFGS:   65 10:36:48   -29663.787028        0.180192
BFGS:   66 10:36:48   -29663.788925        0.396074
BFGS:   67 10:36:49   -29663.794316        0.202761
BFGS:   68 10:36:49   -29663.797199        0.137678
BFGS:   69 10:36:49   -29663.801920        0.096250
BFGS:   70 10:36:49   -29663.805984        0.125101
BFGS:   71 10:36:50   -29663.810994        0.155814
BFGS:   72 10:36:50   -29663.814642        0.149788
BFGS:   73 10:36:50   -29663.817370        0.145635
BFGS:   74 10:36:51   -29663.820065        0.104151
BFGS:   75 10:36:51   -29663.823809        0.124456
BFGS:   76 10:36:51   -29663.826930        0.117178
BFGS:   77 10:36:51   -29663.828826        0.096452
BFGS:   78 10:36:52   -29663.830023        0.094605
BFGS:   79 10:36:52   -29663.831041        0.097201
BFGS:   80 10:36:52   -29663.832099        0.071377
BFGS:   81 10:36:52   -29663.833091        0.113034
BFGS:   82 10:36:53   -29663.834171        0.107386
BFGS:   83 10:36:53   -29663.835814        0.094552
BFGS:   84 10:36:53   -29663.837506        0.117549
BFGS:   85 10:36:53   -29663.839541        0.091167
BFGS:   86 10:36:54   -29663.840988        0.103606
BFGS:   87 10:36:54   -29663.842243        0.114676
BFGS:   88 10:36:54   -29663.843580        0.106197
BFGS:   89 10:36:54   -29663.845216        0.102713
BFGS:   90 10:36:55   -29663.846861        0.123281
BFGS:   91 10:36:55   -29663.848451        0.093441
BFGS:   92 10:36:55   -29663.849831        0.093596
BFGS:   93 10:36:55   -29663.851537        0.107326
BFGS:   94 10:36:56   -29663.853211        0.113848
BFGS:   95 10:36:56   -29663.854345        0.113443
BFGS:   96 10:36:56   -29663.855098        0.085846
BFGS:   97 10:36:56   -29663.855705        0.073918
BFGS:   98 10:36:57   -29663.856439        0.056198
BFGS:   99 10:36:57   -29663.857297        0.072569
BFGS:  100 10:36:57   -29663.858299        0.116783
BFGS:  101 10:36:58   -29663.859275        0.080097
BFGS:  102 10:36:58   -29663.860227        0.083619
BFGS:  103 10:36:58   -29663.861071        0.067729
BFGS:  104 10:36:58   -29663.861953        0.065043
BFGS:  105 10:36:59   -29663.862963        0.074922
BFGS:  106 10:36:59   -29663.863755        0.079662
BFGS:  107 10:36:59   -29663.864326        0.061511
BFGS:  108 10:36:59   -29663.864768        0.053995
BFGS:  109 10:37:00   -29663.865226        0.046707
  adding arginine pose 3: IE = -29.11 kcal/mol
      Step     Time          Energy          fmax
BFGS:    0 10:37:06   -29657.093428        3.641653
BFGS:    1 10:37:06   -29657.662873        2.693021
BFGS:    2 10:37:06   -29658.863404        2.405937
BFGS:    3 10:37:06   -29659.269881        2.263070
BFGS:    4 10:37:07   -29659.850409        2.063104
BFGS:    5 10:37:07   -29660.623727        1.739971
BFGS:    6 10:37:07   -29661.159992        1.935018
BFGS:    7 10:37:07   -29661.593939        1.704019
BFGS:    8 10:37:08   -29662.028742        1.684980
BFGS:    9 10:37:08   -29662.350570        1.400943
BFGS:   10 10:37:08   -29662.520004        0.783064
BFGS:   11 10:37:09   -29662.643165        0.726154
BFGS:   12 10:37:09   -29662.741554        0.600556
BFGS:   13 10:37:09   -29662.811869        0.597738
BFGS:   14 10:37:09   -29662.878419        0.562952
BFGS:   15 10:37:10   -29662.961955        0.634625
BFGS:   16 10:37:10   -29663.039558        0.650113
BFGS:   17 10:37:10   -29663.096922        0.508343
BFGS:   18 10:37:10   -29663.141193        0.397409
BFGS:   19 10:37:11   -29663.175373        0.362880
BFGS:   20 10:37:11   -29663.209065        0.378267
BFGS:   21 10:37:11   -29663.236260        0.324527
BFGS:   22 10:37:11   -29663.255349        0.361806
BFGS:   23 10:37:12   -29663.270352        0.333087
BFGS:   24 10:37:12   -29663.285678        0.286493
BFGS:   25 10:37:12   -29663.300115        0.249535
BFGS:   26 10:37:12   -29663.312965        0.240399
BFGS:   27 10:37:12   -29663.324191        0.221612
BFGS:   28 10:37:13   -29663.334011        0.200517
BFGS:   29 10:37:13   -29663.341586        0.229415
BFGS:   30 10:37:13   -29663.346947        0.228525
BFGS:   31 10:37:13   -29663.350971        0.161267
BFGS:   32 10:37:14   -29663.354445        0.128405
BFGS:   33 10:37:14   -29663.357390        0.113402
BFGS:   34 10:37:14   -29663.359874        0.140568
BFGS:   35 10:37:14   -29663.362335        0.148422
BFGS:   36 10:37:15   -29663.365117        0.138701
BFGS:   37 10:37:15   -29663.368116        0.140773
BFGS:   38 10:37:15   -29663.371111        0.139135
BFGS:   39 10:37:15   -29663.373967        0.128172
BFGS:   40 10:37:16   -29663.376604        0.104741
BFGS:   41 10:37:16   -29663.378835        0.129953
BFGS:   42 10:37:16   -29663.380550        0.105318
BFGS:   43 10:37:16   -29663.381941        0.102071
BFGS:   44 10:37:17   -29663.383260        0.078556
BFGS:   45 10:37:17   -29663.384537        0.096564
BFGS:   46 10:37:17   -29663.385764        0.090986
BFGS:   47 10:37:17   -29663.387030        0.078974
BFGS:   48 10:37:18   -29663.388421        0.097072
BFGS:   49 10:37:18   -29663.389909        0.088606
BFGS:   50 10:37:18   -29663.391286        0.091839
BFGS:   51 10:37:18   -29663.392418        0.077375
BFGS:   52 10:37:19   -29663.393447        0.073955
BFGS:   53 10:37:19   -29663.394605        0.122843
BFGS:   54 10:37:19   -29663.395903        0.131062
BFGS:   55 10:37:19   -29663.397322        0.102503
BFGS:   56 10:37:20   -29663.398902        0.084804
BFGS:   57 10:37:20   -29663.400622        0.097728
BFGS:   58 10:37:20   -29663.402284        0.085356
BFGS:   59 10:37:20   -29663.403632        0.077390
BFGS:   60 10:37:21   -29663.404601        0.075971
BFGS:   61 10:37:21   -29663.405379        0.070149
BFGS:   62 10:37:21   -29663.406114        0.062816
BFGS:   63 10:37:21   -29663.406869        0.075312
BFGS:   64 10:37:22   -29663.407656        0.071155
BFGS:   65 10:37:22   -29663.408484        0.058674
BFGS:   66 10:37:22   -29663.409255        0.049970
  adding arginine pose 4: IE = -15.86 kcal/mol
Added 5 arginine fragments
Fragment: lysine
      Step     Time          Energy          fmax
BFGS:    0 10:37:32   -26674.971228        3.652642
BFGS:    1 10:37:32   -26675.686226        2.861583
BFGS:    2 10:37:32   -26676.955850        2.539955
BFGS:    3 10:37:33   -26677.770155        1.756341
BFGS:    4 10:37:33   -26678.296207        1.680765
BFGS:    5 10:37:33   -26678.724301        1.579941
BFGS:    6 10:37:33   -26679.206133        1.376272
BFGS:    7 10:37:34   -26679.673766        1.384755
BFGS:    8 10:37:34   -26679.998723        1.230206
BFGS:    9 10:37:34   -26680.211473        1.289681
BFGS:   10 10:37:34   -26680.340015        0.974461
BFGS:   11 10:37:34   -26680.413939        0.576261
BFGS:   12 10:37:35   -26680.471648        0.536980
BFGS:   13 10:37:35   -26680.524619        0.490671
BFGS:   14 10:37:35   -26680.575324        0.513502
BFGS:   15 10:37:35   -26680.619677        0.586915
BFGS:   16 10:37:35   -26680.665585        0.502826
BFGS:   17 10:37:36   -26680.707791        0.443012
BFGS:   18 10:37:36   -26680.736509        0.349670
BFGS:   19 10:37:36   -26680.754949        0.338320
BFGS:   20 10:37:36   -26680.772048        0.359259
BFGS:   21 10:37:37   -26680.790718        0.339443
BFGS:   22 10:37:37   -26680.808938        0.327522
BFGS:   23 10:37:37   -26680.823374        0.273589
BFGS:   24 10:37:37   -26680.834582        0.261165
BFGS:   25 10:37:37   -26680.843027        0.183380
BFGS:   26 10:37:38   -26680.848307        0.169738
BFGS:   27 10:37:38   -26680.851470        0.133388
BFGS:   28 10:37:38   -26680.854055        0.129175
BFGS:   29 10:37:38   -26680.857092        0.155688
BFGS:   30 10:37:38   -26680.860861        0.166210
BFGS:   31 10:37:39   -26680.865062        0.160344
BFGS:   32 10:37:39   -26680.869690        0.160362
BFGS:   33 10:37:39   -26680.875466        0.214991
BFGS:   34 10:37:39   -26680.883252        0.283711
BFGS:   35 10:37:39   -26680.892899        0.249751
BFGS:   36 10:37:40   -26680.903077        0.238886
BFGS:   37 10:37:40   -26680.912663        0.252121
BFGS:   38 10:37:40   -26680.922576        0.259088
BFGS:   39 10:37:40   -26680.934940        0.328896
BFGS:   40 10:37:41   -26680.949267        0.277230
BFGS:   41 10:37:41   -26680.962177        0.260521
BFGS:   42 10:37:41   -26680.972272        0.254255
BFGS:   43 10:37:41   -26680.980326        0.246097
BFGS:   44 10:37:41   -26680.987670        0.222605
BFGS:   45 10:37:42   -26680.993832        0.173109
BFGS:   46 10:37:42   -26680.997980        0.143031
BFGS:   47 10:37:42   -26681.000999        0.117938
BFGS:   48 10:37:42   -26681.004257        0.138862
BFGS:   49 10:37:42   -26681.007976        0.144037
BFGS:   50 10:37:43   -26681.010785        0.152711
BFGS:   51 10:37:43   -26681.012364        0.100587
BFGS:   52 10:37:43   -26681.013282        0.078446
BFGS:   53 10:37:43   -26681.014187        0.070045
BFGS:   54 10:37:43   -26681.015019        0.066351
BFGS:   55 10:37:44   -26681.015892        0.061404
BFGS:   56 10:37:44   -26681.016551        0.061069
BFGS:   57 10:37:44   -26681.017285        0.068509
BFGS:   58 10:37:44   -26681.018303        0.084490
BFGS:   59 10:37:44   -26681.019673        0.090706
BFGS:   60 10:37:45   -26681.021195        0.091662
BFGS:   61 10:37:45   -26681.022679        0.084660
BFGS:   62 10:37:45   -26681.024175        0.090330
BFGS:   63 10:37:45   -26681.025847        0.095289
BFGS:   64 10:37:46   -26681.027551        0.100469
BFGS:   65 10:37:46   -26681.029054        0.087717
BFGS:   66 10:37:46   -26681.030326        0.084756
BFGS:   67 10:37:46   -26681.031505        0.100450
BFGS:   68 10:37:46   -26681.032615        0.076601
BFGS:   69 10:37:47   -26681.033342        0.054000
BFGS:   70 10:37:47   -26681.033742        0.049001
  adding lysine pose 0: IE = 1.92 kcal/mol
      Step     Time          Energy          fmax
BFGS:    0 10:37:54   -26677.405280        2.898569
BFGS:    1 10:37:55   -26677.749513        2.385336
BFGS:    2 10:37:55   -26678.151169        1.869809
BFGS:    3 10:37:55   -26678.620282        1.918197
BFGS:    4 10:37:55   -26678.952390        1.602720
BFGS:    5 10:37:56   -26679.275772        1.772231
BFGS:    6 10:37:56   -26679.583432        1.826017
BFGS:    7 10:37:56   -26679.905839        1.633832
BFGS:    8 10:37:56   -26680.195614        1.741766
BFGS:    9 10:37:56   -26680.440684        0.953061
BFGS:   10 10:37:57   -26680.558682        0.776621
BFGS:   11 10:37:57   -26680.623813        0.638402
BFGS:   12 10:37:57   -26680.676482        0.552118
BFGS:   13 10:37:57   -26680.719453        0.460383
BFGS:   14 10:37:58   -26680.754205        0.387360
BFGS:   15 10:37:58   -26680.777618        0.397544
BFGS:   16 10:37:58   -26680.792614        0.331796
BFGS:   17 10:37:58   -26680.805423        0.232473
BFGS:   18 10:37:58   -26680.815511        0.255886
BFGS:   19 10:37:59   -26680.824307        0.276864
BFGS:   20 10:37:59   -26680.833298        0.233470
BFGS:   21 10:37:59   -26680.842487        0.206877
BFGS:   22 10:37:59   -26680.850793        0.214771
BFGS:   23 10:37:59   -26680.857796        0.210853
BFGS:   24 10:38:00   -26680.864749        0.183325
BFGS:   25 10:38:00   -26680.872751        0.205876
BFGS:   26 10:38:00   -26680.881048        0.236966
BFGS:   27 10:38:00   -26680.887754        0.174926
BFGS:   28 10:38:00   -26680.892374        0.170803
BFGS:   29 10:38:01   -26680.896282        0.181404
BFGS:   30 10:38:01   -26680.900991        0.196377
BFGS:   31 10:38:01   -26680.906795        0.207173
BFGS:   32 10:38:01   -26680.913010        0.219386
BFGS:   33 10:38:02   -26680.919279        0.214896
BFGS:   34 10:38:02   -26680.925914        0.206754
BFGS:   35 10:38:02   -26680.933624        0.281281
BFGS:   36 10:38:02   -26680.942038        0.251584
BFGS:   37 10:38:02   -26680.948749        0.184079
BFGS:   38 10:38:03   -26680.953222        0.267790
BFGS:   39 10:38:03   -26680.958713        0.316049
BFGS:   40 10:38:03   -26680.966074        0.299157
BFGS:   41 10:38:03   -26680.973344        0.200983
BFGS:   42 10:38:03   -26680.978899        0.155308
BFGS:   43 10:38:04   -26680.982669        0.119878
BFGS:   44 10:38:04   -26680.985175        0.116446
BFGS:   45 10:38:04   -26680.987333        0.104642
BFGS:   46 10:38:04   -26680.989152        0.080562
BFGS:   47 10:38:04   -26680.990633        0.128930
BFGS:   48 10:38:05   -26680.992106        0.096548
BFGS:   49 10:38:05   -26680.993926        0.090903
BFGS:   50 10:38:05   -26680.996166        0.080363
BFGS:   51 10:38:05   -26680.997285        0.079424
BFGS:   52 10:38:06   -26680.998716        0.086690
BFGS:   53 10:38:06   -26681.000300        0.088053
BFGS:   54 10:38:06   -26681.001841        0.080387
BFGS:   55 10:38:06   -26681.003164        0.073285
BFGS:   56 10:38:06   -26681.004604        0.096897
BFGS:   57 10:38:07   -26681.006393        0.098042
BFGS:   58 10:38:07   -26681.008858        0.162924
BFGS:   59 10:38:07   -26681.011500        0.121204
BFGS:   60 10:38:07   -26681.014212        0.132291
BFGS:   61 10:38:07   -26681.016243        0.116926
BFGS:   62 10:38:08   -26681.018735        0.117935
BFGS:   63 10:38:08   -26681.021352        0.130161
BFGS:   64 10:38:08   -26681.024032        0.117451
BFGS:   65 10:38:08   -26681.026113        0.110380
BFGS:   66 10:38:08   -26681.028040        0.103314
BFGS:   67 10:38:09   -26681.029841        0.113541
BFGS:   68 10:38:09   -26681.032371        0.125398
BFGS:   69 10:38:09   -26681.035214        0.081175
BFGS:   70 10:38:09   -26681.036141        0.067540
BFGS:   71 10:38:09   -26681.036980        0.065195
BFGS:   72 10:38:10   -26681.038027        0.077598
BFGS:   73 10:38:10   -26681.038904        0.062895
BFGS:   74 10:38:10   -26681.039517        0.061150
BFGS:   75 10:38:10   -26681.040001        0.055786
BFGS:   76 10:38:10   -26681.040590        0.065751
BFGS:   77 10:38:11   -26681.041202        0.068763
BFGS:   78 10:38:11   -26681.041626        0.038148
  adding lysine pose 1: IE = 1.82 kcal/mol
      Step     Time          Energy          fmax
BFGS:    0 10:38:32   -26677.649107        4.877455
BFGS:    1 10:38:32   -26678.092810        2.080373
BFGS:    2 10:38:32   -26678.372835        1.928375
BFGS:    3 10:38:33   -26678.718611        1.684556
BFGS:    4 10:38:33   -26678.917074        1.521989
BFGS:    5 10:38:33   -26679.120103        1.279409
BFGS:    6 10:38:33   -26679.298312        1.140800
BFGS:    7 10:38:34   -26679.463317        0.975794
BFGS:    8 10:38:34   -26679.649520        1.211145
BFGS:    9 10:38:34   -26679.832945        1.377034
BFGS:   10 10:38:34   -26680.026652        1.295067
BFGS:   11 10:38:34   -26680.223413        1.165058
BFGS:   12 10:38:35   -26680.394297        1.119615
BFGS:   13 10:38:35   -26680.534724        0.907431
BFGS:   14 10:38:35   -26680.648543        0.820283
BFGS:   15 10:38:35   -26680.752276        0.858670
BFGS:   16 10:38:36   -26680.856921        0.820398
BFGS:   17 10:38:36   -26680.950419        0.722478
BFGS:   18 10:38:36   -26681.009865        0.630385
BFGS:   19 10:38:36   -26681.051290        0.504416
BFGS:   20 10:38:37   -26681.086926        0.364739
BFGS:   21 10:38:37   -26681.118944        0.371587
BFGS:   22 10:38:37   -26681.143376        0.286130
BFGS:   23 10:38:37   -26681.157821        0.241865
BFGS:   24 10:38:37   -26681.166710        0.225540
BFGS:   25 10:38:38   -26681.173947        0.201877
BFGS:   26 10:38:38   -26681.179389        0.141639
BFGS:   27 10:38:38   -26681.183538        0.135059
BFGS:   28 10:38:38   -26681.187068        0.139586
BFGS:   29 10:38:39   -26681.190631        0.152418
BFGS:   30 10:38:39   -26681.195059        0.215169
BFGS:   31 10:38:39   -26681.200671        0.227846
BFGS:   32 10:38:39   -26681.207080        0.173129
BFGS:   33 10:38:40   -26681.213950        0.200640
BFGS:   34 10:38:40   -26681.221853        0.243262
BFGS:   35 10:38:40   -26681.231155        0.250995
BFGS:   36 10:38:40   -26681.240087        0.229698
BFGS:   37 10:38:40   -26681.246413        0.165472
BFGS:   38 10:38:41   -26681.250388        0.142691
BFGS:   39 10:38:41   -26681.253711        0.154872
BFGS:   40 10:38:41   -26681.257166        0.146575
BFGS:   41 10:38:41   -26681.259696        0.088008
BFGS:   42 10:38:42   -26681.261112        0.087839
BFGS:   43 10:38:42   -26681.262201        0.079914
BFGS:   44 10:38:42   -26681.263449        0.083359
BFGS:   45 10:38:42   -26681.264737        0.087068
BFGS:   46 10:38:42   -26681.265871        0.070137
BFGS:   47 10:38:43   -26681.266813        0.069447
BFGS:   48 10:38:43   -26681.267718        0.064193
BFGS:   49 10:38:43   -26681.268656        0.059465
BFGS:   50 10:38:43   -26681.269464        0.060618
BFGS:   51 10:38:43   -26681.270004        0.054620
BFGS:   52 10:38:44   -26681.270430        0.050133
BFGS:   53 10:38:44   -26681.270924        0.056969
BFGS:   54 10:38:44   -26681.271482        0.052547
BFGS:   55 10:38:44   -26681.272057        0.063973
BFGS:   56 10:38:45   -26681.272654        0.069974
BFGS:   57 10:38:45   -26681.273412        0.064539
BFGS:   58 10:38:45   -26681.274482        0.079752
BFGS:   59 10:38:45   -26681.275938        0.093043
BFGS:   60 10:38:45   -26681.277732        0.126833
BFGS:   61 10:38:46   -26681.279771        0.140028
BFGS:   62 10:38:46   -26681.281877        0.116016
BFGS:   63 10:38:46   -26681.283663        0.091059
BFGS:   64 10:38:46   -26681.284871        0.075105
BFGS:   65 10:38:47   -26681.285701        0.061942
BFGS:   66 10:38:47   -26681.286344        0.065715
BFGS:   67 10:38:47   -26681.286954        0.051027
BFGS:   68 10:38:47   -26681.287437        0.035562
  adding lysine pose 2: IE = -3.86 kcal/mol
      Step     Time          Energy          fmax
BFGS:    0 10:38:50   -26670.351388       39.517540
BFGS:    1 10:38:50   -26675.259866       11.975802
BFGS:    2 10:38:50   -26676.806103        8.159761
BFGS:    3 10:38:51   -26678.044019        4.242125
BFGS:    4 10:38:51   -26678.861128        1.981264
BFGS:    5 10:38:51   -26679.319848        2.018163
BFGS:    6 10:38:51   -26679.708134        2.019549
BFGS:    7 10:38:52   -26680.036187        1.856229
BFGS:    8 10:38:52   -26680.284113        1.448135
BFGS:    9 10:38:52   -26680.447384        1.164192
BFGS:   10 10:38:52   -26680.558201        1.023461
BFGS:   11 10:38:52   -26680.615829        0.883036
BFGS:   12 10:38:53   -26680.671420        0.881655
BFGS:   13 10:38:53   -26680.729017        0.681012
BFGS:   14 10:38:53   -26680.791162        0.615926
BFGS:   15 10:38:53   -26680.834253        0.581678
BFGS:   16 10:38:53   -26680.869399        0.544353
BFGS:   17 10:38:54   -26680.908062        0.559749
BFGS:   18 10:38:54   -26680.950443        0.729673
BFGS:   19 10:38:54   -26680.991697        0.603858
BFGS:   20 10:38:54   -26681.025260        0.473638
BFGS:   21 10:38:54   -26681.049498        0.475951
BFGS:   22 10:38:55   -26681.066803        0.419613
BFGS:   23 10:38:55   -26681.079501        0.277970
BFGS:   24 10:38:55   -26681.090822        0.259752
BFGS:   25 10:38:55   -26681.102757        0.291506
BFGS:   26 10:38:55   -26681.115199        0.282903
BFGS:   27 10:38:56   -26681.126633        0.263144
BFGS:   28 10:38:56   -26681.135325        0.267172
BFGS:   29 10:38:56   -26681.142408        0.247719
BFGS:   30 10:38:56   -26681.149713        0.185672
BFGS:   31 10:38:56   -26681.156312        0.166935
BFGS:   32 10:38:57   -26681.161521        0.167362
BFGS:   33 10:38:57   -26681.166659        0.168711
BFGS:   34 10:38:57   -26681.173445        0.213322
BFGS:   35 10:38:57   -26681.181788        0.232789
BFGS:   36 10:38:57   -26681.190284        0.227755
BFGS:   37 10:38:58   -26681.198360        0.181009
BFGS:   38 10:38:58   -26681.206091        0.198866
BFGS:   39 10:38:58   -26681.213553        0.164469
BFGS:   40 10:38:58   -26681.219749        0.166076
BFGS:   41 10:38:58   -26681.224297        0.158641
BFGS:   42 10:38:59   -26681.228293        0.132347
BFGS:   43 10:38:59   -26681.231690        0.124765
BFGS:   44 10:38:59   -26681.234256        0.097170
BFGS:   45 10:38:59   -26681.236586        0.119533
BFGS:   46 10:38:59   -26681.238998        0.129853
BFGS:   47 10:39:00   -26681.241658        0.131810
BFGS:   48 10:39:00   -26681.244337        0.135987
BFGS:   49 10:39:00   -26681.246199        0.086054
BFGS:   50 10:39:00   -26681.247041        0.068139
BFGS:   51 10:39:00   -26681.247484        0.066968
BFGS:   52 10:39:01   -26681.247876        0.059795
BFGS:   53 10:39:01   -26681.248331        0.043236
  adding lysine pose 3: IE = -3.26 kcal/mol
      Step     Time          Energy          fmax
BFGS:    0 10:39:12   -26679.429588        6.195501
BFGS:    1 10:39:12   -26679.903311        2.573849
BFGS:    2 10:39:12   -26680.186164        2.395549
BFGS:    3 10:39:12   -26680.623843        1.587896
BFGS:    4 10:39:13   -26680.865054        1.350085
BFGS:    5 10:39:13   -26681.060431        1.514051
BFGS:    6 10:39:13   -26681.301562        1.382668
BFGS:    7 10:39:13   -26681.512694        1.001115
BFGS:    8 10:39:13   -26681.661926        1.057247
BFGS:    9 10:39:14   -26681.748020        0.859119
BFGS:   10 10:39:14   -26681.808662        0.850830
BFGS:   11 10:39:14   -26681.866679        0.751173
BFGS:   12 10:39:14   -26681.921617        0.558629
BFGS:   13 10:39:15   -26681.961548        0.412080
BFGS:   14 10:39:15   -26681.990048        0.419473
BFGS:   15 10:39:15   -26682.012506        0.353543
BFGS:   16 10:39:15   -26682.026896        0.245937
BFGS:   17 10:39:16   -26682.035303        0.173813
BFGS:   18 10:39:16   -26682.040538        0.154500
BFGS:   19 10:39:16   -26682.044669        0.168519
BFGS:   20 10:39:16   -26682.048141        0.146188
BFGS:   21 10:39:16   -26682.050751        0.142020
BFGS:   22 10:39:17   -26682.052960        0.126801
BFGS:   23 10:39:17   -26682.055458        0.117781
BFGS:   24 10:39:17   -26682.058676        0.118300
BFGS:   25 10:39:17   -26682.062716        0.158712
BFGS:   26 10:39:18   -26682.067378        0.183806
BFGS:   27 10:39:18   -26682.072584        0.183419
BFGS:   28 10:39:18   -26682.078446        0.210088
BFGS:   29 10:39:18   -26682.085052        0.232502
BFGS:   30 10:39:19   -26682.092029        0.207105
BFGS:   31 10:39:19   -26682.098800        0.211817
BFGS:   32 10:39:19   -26682.105859        0.203956
BFGS:   33 10:39:19   -26682.113651        0.229324
BFGS:   34 10:39:19   -26682.121646        0.226452
BFGS:   35 10:39:20   -26682.128567        0.166194
BFGS:   36 10:39:20   -26682.133249        0.160941
BFGS:   37 10:39:21   -26682.136159        0.176522
BFGS:   38 10:39:21   -26682.138199        0.118808
BFGS:   39 10:39:21   -26682.139388        0.177742
BFGS:   40 10:39:21   -26682.141110        0.094035
BFGS:   41 10:39:22   -26682.142526        0.123866
BFGS:   42 10:39:22   -26682.143762        0.086871
BFGS:   43 10:39:22   -26682.144447        0.055816
BFGS:   44 10:39:22   -26682.145277        0.059971
BFGS:   45 10:39:23   -26682.146021        0.079978
BFGS:   46 10:39:23   -26682.146633        0.066610
BFGS:   47 10:39:23   -26682.147012        0.048430
  adding lysine pose 4: IE = -23.81 kcal/mol
Added 5 lysine fragments
Fragment: aspartic
      Step     Time          Energy          fmax
BFGS:    0 10:39:29   -27071.951061        5.881458
BFGS:    1 10:39:29   -27072.724002        1.821101
BFGS:    2 10:39:29   -27072.815802        3.040562
BFGS:    3 10:39:30   -27072.934906        1.174818
BFGS:    4 10:39:30   -27073.094062        1.091081
BFGS:    5 10:39:30   -27073.190670        1.179036
BFGS:    6 10:39:30   -27073.290379        1.264233
BFGS:    7 10:39:30   -27073.391061        1.042587
BFGS:    8 10:39:30   -27073.454299        0.919512
BFGS:    9 10:39:30   -27073.504879        0.867724
BFGS:   10 10:39:31   -27073.568853        0.804923
BFGS:   11 10:39:31   -27073.638424        0.985356
BFGS:   12 10:39:31   -27073.703656        1.023685
BFGS:   13 10:39:31   -27073.756213        0.799938
BFGS:   14 10:39:31   -27073.794147        0.604835
BFGS:   15 10:39:31   -27073.827035        0.541877
BFGS:   16 10:39:32   -27073.857948        0.500387
BFGS:   17 10:39:32   -27073.878493        0.438078
BFGS:   18 10:39:32   -27073.894161        0.407467
BFGS:   19 10:39:32   -27073.907219        0.282655
BFGS:   20 10:39:32   -27073.916217        0.324457
BFGS:   21 10:39:32   -27073.922369        0.227576
BFGS:   22 10:39:33   -27073.926084        0.179690
BFGS:   23 10:39:33   -27073.929040        0.220831
BFGS:   24 10:39:33   -27073.932195        0.214809
BFGS:   25 10:39:33   -27073.935343        0.168967
BFGS:   26 10:39:33   -27073.937881        0.150111
BFGS:   27 10:39:33   -27073.939906        0.162991
BFGS:   28 10:39:34   -27073.942179        0.214765
BFGS:   29 10:39:34   -27073.945335        0.248353
BFGS:   30 10:39:34   -27073.949131        0.196978
BFGS:   31 10:39:34   -27073.951553        0.242617
BFGS:   32 10:39:34   -27073.954034        0.226484
BFGS:   33 10:39:34   -27073.955706        0.151550
BFGS:   34 10:39:34   -27073.958158        0.137906
BFGS:   35 10:39:35   -27073.959973        0.192602
BFGS:   36 10:39:35   -27073.964668        0.422963
BFGS:   37 10:39:35   -27073.970451        0.551743
BFGS:   38 10:39:35   -27073.977555        0.709771
BFGS:   39 10:39:35   -27073.987587        0.594200
BFGS:   40 10:39:35   -27073.986908        1.219813
BFGS:   41 10:39:36   -27073.973068        1.284710
BFGS:   42 10:39:36   -27074.006718        0.357770
BFGS:   43 10:39:36   -27074.014766        0.405987
BFGS:   44 10:39:36   -27074.020992        0.890180
BFGS:   45 10:39:36   -27074.035745        0.627124
BFGS:   46 10:39:36   -27074.059995        0.897148
BFGS:   47 10:39:36   -27074.091814        0.531186
BFGS:   48 10:39:37   -27074.110594        0.816482
BFGS:   49 10:39:37   -27074.148078        0.933876
BFGS:   50 10:39:37   -27074.180627        1.015984
BFGS:   51 10:39:37   -27074.225875        0.897750
BFGS:   52 10:39:37   -27074.284831        0.901154
BFGS:   53 10:39:37   -27074.340870        1.066243
BFGS:   54 10:39:38   -27074.418206        0.937085
BFGS:   55 10:39:38   -27074.468767        1.150439
BFGS:   56 10:39:38   -27074.538339        1.192487
BFGS:   57 10:39:38   -27074.614688        1.022523
BFGS:   58 10:39:38   -27074.714188        1.004791
BFGS:   59 10:39:38   -27074.761404        0.808542
BFGS:   60 10:39:39   -27074.819276        0.652929
BFGS:   61 10:39:39   -27074.829816        1.153820
BFGS:   62 10:39:39   -27074.855177        0.419210
BFGS:   63 10:39:39   -27074.862650        0.289006
BFGS:   64 10:39:39   -27074.870370        0.460725
BFGS:   65 10:39:39   -27074.877674        0.253142
BFGS:   66 10:39:39   -27074.884270        0.276509
BFGS:   67 10:39:40   -27074.893398        0.382728
BFGS:   68 10:39:40   -27074.903630        0.444225
BFGS:   69 10:39:40   -27074.912259        0.393024
BFGS:   70 10:39:40   -27074.917821        0.323698
BFGS:   71 10:39:40   -27074.921792        0.248788
BFGS:   72 10:39:40   -27074.925230        0.338742
BFGS:   73 10:39:41   -27074.930604        0.443493
BFGS:   74 10:39:41   -27074.938950        0.543118
BFGS:   75 10:39:41   -27074.952046        0.557472
BFGS:   76 10:39:41   -27074.968504        0.558479
BFGS:   77 10:39:41   -27074.986126        0.372546
BFGS:   78 10:39:41   -27074.990301        0.480304
BFGS:   79 10:39:42   -27074.997190        0.312932
BFGS:   80 10:39:42   -27075.000507        0.279841
BFGS:   81 10:39:42   -27075.008020        0.318357
BFGS:   82 10:39:42   -27075.017269        0.458413
BFGS:   83 10:39:42   -27075.030750        0.630845
BFGS:   84 10:39:42   -27075.048862        0.425351
BFGS:   85 10:39:43   -27075.052736        0.464539
BFGS:   86 10:39:43   -27075.056662        0.536833
BFGS:   87 10:39:43   -27075.059312        0.214452
BFGS:   88 10:39:43   -27075.060672        0.136425
BFGS:   89 10:39:43   -27075.061516        0.142072
BFGS:   90 10:39:43   -27075.064662        0.176509
BFGS:   91 10:39:44   -27075.068027        0.183780
BFGS:   92 10:39:44   -27075.073763        0.230630
BFGS:   93 10:39:44   -27075.083349        0.310724
BFGS:   94 10:39:44   -27075.099805        0.424025
BFGS:   95 10:39:44   -27075.119305        0.599615
BFGS:   96 10:39:44   -27075.141558        0.554345
BFGS:   97 10:39:45   -27075.164059        0.604169
BFGS:   98 10:39:45   -27075.172793        0.502079
BFGS:   99 10:39:45   -27075.182089        0.503685
BFGS:  100 10:39:45   -27075.186486        0.320486
BFGS:  101 10:39:45   -27075.189493        0.132181
BFGS:  102 10:39:45   -27075.192198        0.157865
BFGS:  103 10:39:45   -27075.194395        0.194346
BFGS:  104 10:39:46   -27075.197051        0.149042
BFGS:  105 10:39:46   -27075.198142        0.080167
BFGS:  106 10:39:46   -27075.198625        0.081421
BFGS:  107 10:39:46   -27075.198904        0.067687
BFGS:  108 10:39:46   -27075.199199        0.071110
BFGS:  109 10:39:46   -27075.199730        0.089193
BFGS:  110 10:39:47   -27075.200849        0.106356
BFGS:  111 10:39:47   -27075.202769        0.140668
BFGS:  112 10:39:47   -27075.205504        0.198216
BFGS:  113 10:39:47   -27075.208758        0.223714
BFGS:  114 10:39:47   -27075.211141        0.184240
BFGS:  115 10:39:47   -27075.212342        0.248686
BFGS:  116 10:39:48   -27075.213216        0.214984
BFGS:  117 10:39:48   -27075.214473        0.130032
BFGS:  118 10:39:48   -27075.214981        0.147508
BFGS:  119 10:39:48   -27075.215647        0.088373
BFGS:  120 10:39:48   -27075.216111        0.138315
BFGS:  121 10:39:48   -27075.216930        0.089048
BFGS:  122 10:39:49   -27075.218420        0.102443
BFGS:  123 10:39:49   -27075.220508        0.136573
BFGS:  124 10:39:49   -27075.222739        0.142764
BFGS:  125 10:39:49   -27075.227017        0.118004
BFGS:  126 10:39:49   -27075.227812        0.359423
BFGS:  127 10:39:49   -27075.230656        0.431413
BFGS:  128 10:39:50   -27075.232882        0.205017
BFGS:  129 10:39:50   -27075.234780        0.105109
BFGS:  130 10:39:50   -27075.231839        0.431780
BFGS:  131 10:39:50   -27075.236890        0.166198
BFGS:  132 10:39:50   -27075.237639        0.050509
BFGS:  133 10:39:50   -27075.238630        0.080227
BFGS:  134 10:39:51   -27075.239575        0.106832
BFGS:  135 10:39:51   -27075.240266        0.118570
BFGS:  136 10:39:51   -27075.240537        0.042485
  adding aspartic pose 0: IE = -32.88 kcal/mol
      Step     Time          Energy          fmax
BFGS:    0 10:39:53   -27059.340153       13.257866
BFGS:    1 10:39:54   -27062.669319        7.816302
BFGS:    2 10:39:54   -27064.880215       15.579398
BFGS:    3 10:39:54   -27067.544604        6.251470
BFGS:    4 10:39:54   -27069.216626        4.314839
BFGS:    5 10:39:54   -27070.582380        2.942128
BFGS:    6 10:39:54   -27071.512154        2.650598
BFGS:    7 10:39:55   -27072.186836        2.924546
BFGS:    8 10:39:55   -27072.722956        1.984114
BFGS:    9 10:39:55   -27073.118802        1.906662
BFGS:   10 10:39:55   -27073.404066        1.827540
BFGS:   11 10:39:55   -27073.600348        1.827403
BFGS:   12 10:39:55   -27073.717154        1.324858
BFGS:   13 10:39:56   -27073.811702        0.828200
BFGS:   14 10:39:56   -27073.856077        0.662278
BFGS:   15 10:39:56   -27073.891943        0.910872
BFGS:   16 10:39:56   -27073.918360        0.835494
BFGS:   17 10:39:56   -27073.933064        0.441686
BFGS:   18 10:39:56   -27073.940643        0.211232
BFGS:   19 10:39:57   -27073.945309        0.262256
BFGS:   20 10:39:57   -27073.949420        0.327393
BFGS:   21 10:39:57   -27073.952856        0.249284
BFGS:   22 10:39:57   -27073.954981        0.137639
BFGS:   23 10:39:57   -27073.956055        0.089856
BFGS:   24 10:39:57   -27073.956613        0.075519
BFGS:   25 10:39:57   -27073.956963        0.065164
BFGS:   26 10:39:58   -27073.957291        0.076292
BFGS:   27 10:39:58   -27073.957662        0.069435
BFGS:   28 10:39:58   -27073.958093        0.074919
BFGS:   29 10:39:58   -27073.958546        0.071622
BFGS:   30 10:39:58   -27073.958927        0.068150
BFGS:   31 10:39:58   -27073.959188        0.061668
BFGS:   32 10:39:59   -27073.959366        0.046335
  adding aspartic pose 1: IE = -2.96 kcal/mol
      Step     Time          Energy          fmax
BFGS:    0 10:40:01   -27064.171992       19.114994
BFGS:    1 10:40:01   -27068.020255        7.936589
BFGS:    2 10:40:01   -27069.334002        8.399817
BFGS:    3 10:40:01   -27070.555328        4.487222
BFGS:    4 10:40:01   -27071.538696        3.808229
BFGS:    5 10:40:02   -27071.922148        3.281397
BFGS:    6 10:40:02   -27072.227046        2.055361
BFGS:    7 10:40:02   -27072.515210        2.095706
BFGS:    8 10:40:02   -27072.773854        3.154332
BFGS:    9 10:40:02   -27073.094174        3.420185
BFGS:   10 10:40:03   -27073.373585        2.228204
BFGS:   11 10:40:03   -27073.536108        1.514391
BFGS:   12 10:40:03   -27073.641422        1.282541
BFGS:   13 10:40:03   -27073.789434        2.055722
BFGS:   14 10:40:03   -27073.891991        1.619237
BFGS:   15 10:40:03   -27073.972312        0.892931
BFGS:   16 10:40:04   -27074.017840        1.098201
BFGS:   17 10:40:04   -27074.055815        0.836909
BFGS:   18 10:40:04   -27074.085844        0.499134
BFGS:   19 10:40:04   -27074.107527        0.350389
BFGS:   20 10:40:05   -27074.115691        0.227129
BFGS:   21 10:40:05   -27074.118103        0.125823
BFGS:   22 10:40:05   -27074.119603        0.087721
BFGS:   23 10:40:05   -27074.120918        0.117015
BFGS:   24 10:40:05   -27074.122035        0.117828
BFGS:   25 10:40:05   -27074.122941        0.125399
BFGS:   26 10:40:06   -27074.123709        0.103924
BFGS:   27 10:40:06   -27074.124356        0.077046
BFGS:   28 10:40:06   -27074.124934        0.077858
BFGS:   29 10:40:06   -27074.125592        0.074718
BFGS:   30 10:40:06   -27074.126533        0.116030
BFGS:   31 10:40:06   -27074.127888        0.142121
BFGS:   32 10:40:07   -27074.129622        0.132278
BFGS:   33 10:40:07   -27074.131640        0.150392
BFGS:   34 10:40:07   -27074.134134        0.189285
BFGS:   35 10:40:07   -27074.137366        0.203071
BFGS:   36 10:40:07   -27074.141083        0.271879
BFGS:   37 10:40:08   -27074.144371        0.233723
BFGS:   38 10:40:08   -27074.146014        0.103098
BFGS:   39 10:40:08   -27074.146577        0.039990
  adding aspartic pose 2: IE = -7.24 kcal/mol
      Step     Time          Energy          fmax
BFGS:    0 10:40:10   -27063.356434       12.044174
BFGS:    1 10:40:11   -27066.721386        5.643828
BFGS:    2 10:40:11   -27068.351413        6.473159
BFGS:    3 10:40:11   -27070.156195        3.686439
BFGS:    4 10:40:11   -27071.461709        2.692023
BFGS:    5 10:40:11   -27072.234869        2.925375
BFGS:    6 10:40:11   -27072.746682        2.615514
BFGS:    7 10:40:12   -27073.224834        2.259231
BFGS:    8 10:40:12   -27073.603441        2.087796
BFGS:    9 10:40:12   -27073.861057        1.854168
BFGS:   10 10:40:12   -27073.955462        1.200864
BFGS:   11 10:40:12   -27074.030706        1.036242
BFGS:   12 10:40:13   -27074.086795        0.959332
BFGS:   13 10:40:13   -27074.144999        0.714404
BFGS:   14 10:40:13   -27074.177379        0.408805
BFGS:   15 10:40:13   -27074.197517        0.487099
BFGS:   16 10:40:13   -27074.207794        0.454355
BFGS:   17 10:40:13   -27074.221523        0.352558
BFGS:   18 10:40:14   -27074.233587        0.254383
BFGS:   19 10:40:14   -27074.240521        0.215943
BFGS:   20 10:40:14   -27074.243135        0.164430
BFGS:   21 10:40:14   -27074.244920        0.120460
BFGS:   22 10:40:14   -27074.246627        0.109673
BFGS:   23 10:40:15   -27074.247968        0.122669
BFGS:   24 10:40:15   -27074.249149        0.112511
BFGS:   25 10:40:15   -27074.250568        0.127458
BFGS:   26 10:40:15   -27074.252503        0.142872
BFGS:   27 10:40:15   -27074.255067        0.145997
BFGS:   28 10:40:15   -27074.258726        0.190561
BFGS:   29 10:40:16   -27074.265054        0.310993
BFGS:   30 10:40:16   -27074.277150        0.443301
BFGS:   31 10:40:16   -27074.291635        0.677210
BFGS:   32 10:40:16   -27074.309015        0.335894
BFGS:   33 10:40:16   -27074.318455        0.478705
BFGS:   34 10:40:17   -27074.320055        0.206196
BFGS:   35 10:40:17   -27074.322907        0.087175
BFGS:   36 10:40:17   -27074.323871        0.138785
BFGS:   37 10:40:17   -27074.324865        0.117654
BFGS:   38 10:40:17   -27074.325318        0.049247
  adding aspartic pose 3: IE = -11.40 kcal/mol
      Step     Time          Energy          fmax
BFGS:    0 10:40:19   -27051.650818       21.560110
BFGS:    1 10:40:19   -27057.298371       10.490139
BFGS:    2 10:40:19   -27061.813479        7.623567
BFGS:    3 10:40:19   -27064.841906        5.947695
BFGS:    4 10:40:19   -27067.108334        4.025434
BFGS:    5 10:40:19   -27068.864684        3.503978
BFGS:    6 10:40:20   -27070.219205        3.296406
BFGS:    7 10:40:20   -27071.220692        2.726003
BFGS:    8 10:40:20   -27071.940210        2.314082
BFGS:    9 10:40:20   -27072.470634        1.963902
BFGS:   10 10:40:20   -27072.854104        1.571838
BFGS:   11 10:40:20   -27073.131196        1.444380
BFGS:   12 10:40:21   -27073.346913        1.669347
BFGS:   13 10:40:21   -27073.558187        1.832626
BFGS:   14 10:40:21   -27073.794415        1.787360
BFGS:   15 10:40:21   -27073.923932        1.482271
BFGS:   16 10:40:21   -27074.072190        0.855887
BFGS:   17 10:40:21   -27074.098182        0.645919
BFGS:   18 10:40:22   -27074.129932        0.506025
BFGS:   19 10:40:22   -27074.161436        0.586657
BFGS:   20 10:40:22   -27074.193540        0.755717
BFGS:   21 10:40:22   -27074.221179        0.633276
BFGS:   22 10:40:22   -27074.241825        0.406372
BFGS:   23 10:40:22   -27074.252684        0.399672
BFGS:   24 10:40:23   -27074.258417        0.223059
BFGS:   25 10:40:23   -27074.260729        0.100980
BFGS:   26 10:40:23   -27074.261688        0.099925
BFGS:   27 10:40:23   -27074.262552        0.125779
BFGS:   28 10:40:23   -27074.263648        0.143916
BFGS:   29 10:40:23   -27074.264905        0.133462
BFGS:   30 10:40:23   -27074.266198        0.114737
BFGS:   31 10:40:24   -27074.267389        0.100360
BFGS:   32 10:40:24   -27074.268513        0.096103
BFGS:   33 10:40:24   -27074.269728        0.124147
BFGS:   34 10:40:24   -27074.271138        0.133992
BFGS:   35 10:40:24   -27074.272829        0.145769
BFGS:   36 10:40:24   -27074.275056        0.174005
BFGS:   37 10:40:25   -27074.278412        0.228360
BFGS:   38 10:40:25   -27074.283528        0.355291
BFGS:   39 10:40:25   -27074.290448        0.396359
BFGS:   40 10:40:25   -27074.297119        0.202830
BFGS:   41 10:40:25   -27074.299967        0.299860
BFGS:   42 10:40:25   -27074.300571        0.292446
BFGS:   43 10:40:26   -27074.302719        0.098739
BFGS:   44 10:40:26   -27074.303571        0.096583
BFGS:   45 10:40:26   -27074.304272        0.069962
BFGS:   46 10:40:26   -27074.304539        0.047441
  adding aspartic pose 4: IE = -10.93 kcal/mol
      Step     Time          Energy          fmax
BFGS:    0 10:40:29   -27059.917247       13.236535
BFGS:    1 10:40:29   -27062.964428        6.665789
BFGS:    2 10:40:29   -27065.649637        5.866900
BFGS:    3 10:40:29   -27067.915943        4.731830
BFGS:    4 10:40:30   -27069.451481        4.725916
BFGS:    5 10:40:30   -27070.727812        3.830830
BFGS:    6 10:40:30   -27071.691135        3.081460
BFGS:    7 10:40:30   -27072.410408        2.241229
BFGS:    8 10:40:30   -27072.903734        1.758182
BFGS:    9 10:40:30   -27073.240191        1.835184
BFGS:   10 10:40:31   -27073.492185        1.714069
BFGS:   11 10:40:31   -27073.699820        1.456944
BFGS:   12 10:40:31   -27073.861188        1.205666
BFGS:   13 10:40:31   -27073.949383        1.018841
BFGS:   14 10:40:31   -27074.017061        0.754353
BFGS:   15 10:40:31   -27074.071444        0.812147
BFGS:   16 10:40:32   -27074.112346        0.584922
BFGS:   17 10:40:32   -27074.139469        0.516220
BFGS:   18 10:40:32   -27074.161172        0.404942
BFGS:   19 10:40:32   -27074.179743        0.419691
BFGS:   20 10:40:32   -27074.191291        0.380007
BFGS:   21 10:40:32   -27074.197869        0.323040
BFGS:   22 10:40:32   -27074.203982        0.339182
BFGS:   23 10:40:33   -27074.211995        0.368979
BFGS:   24 10:40:33   -27074.226049        0.417619
BFGS:   25 10:40:33   -27074.237507        0.422948
BFGS:   26 10:40:33   -27074.250520        0.427652
BFGS:   27 10:40:33   -27074.263363        0.361737
BFGS:   28 10:40:33   -27074.277689        0.375618
BFGS:   29 10:40:34   -27074.288421        0.356321
BFGS:   30 10:40:34   -27074.295632        0.468467
BFGS:   31 10:40:34   -27074.302232        0.195894
BFGS:   32 10:40:34   -27074.304848        0.140633
BFGS:   33 10:40:34   -27074.306088        0.133504
BFGS:   34 10:40:34   -27074.308392        0.197064
BFGS:   35 10:40:35   -27074.311580        0.230082
BFGS:   36 10:40:35   -27074.317337        0.348287
BFGS:   37 10:40:35   -27074.326881        0.531923
BFGS:   38 10:40:35   -27074.343741        0.716829
BFGS:   39 10:40:35   -27074.369759        0.773808
BFGS:   40 10:40:35   -27074.405073        0.625457
BFGS:   41 10:40:35   -27074.427662        1.433265
BFGS:   42 10:40:36   -27074.481377        0.785769
BFGS:   43 10:40:36   -27074.524882        0.660498
BFGS:   44 10:40:36   -27074.575652        0.897849
BFGS:   45 10:40:36   -27074.618415        0.765876
BFGS:   46 10:40:36   -27074.640015        0.564786
BFGS:   47 10:40:36   -27074.657862        0.772944
BFGS:   48 10:40:37   -27074.657736        0.738945
BFGS:   49 10:40:37   -27074.671113        0.342083
BFGS:   50 10:40:37   -27074.675709        0.287101
BFGS:   51 10:40:37   -27074.698614        0.348575
BFGS:   52 10:40:37   -27074.703096        0.317984
BFGS:   53 10:40:37   -27074.712747        0.317815
BFGS:   54 10:40:37   -27074.729370        0.426326
BFGS:   55 10:40:38   -27074.762317        0.588102
BFGS:   56 10:40:38   -27074.804704        0.571877
BFGS:   57 10:40:38   -27074.856759        0.544735
BFGS:   58 10:40:38   -27074.880724        0.665805
BFGS:   59 10:40:38   -27074.899922        0.737359
BFGS:   60 10:40:38   -27074.929453        0.582674
BFGS:   61 10:40:39   -27074.948189        0.795089
BFGS:   62 10:40:39   -27074.959765        0.630208
BFGS:   63 10:40:39   -27074.968522        0.372830
BFGS:   64 10:40:39   -27074.979177        0.583639
BFGS:   65 10:40:39   -27074.998717        0.758031
BFGS:   66 10:40:39   -27075.016382        0.679907
BFGS:   67 10:40:40   -27075.028854        0.546169
BFGS:   68 10:40:40   -27075.029422        0.428851
BFGS:   69 10:40:40   -27075.037125        0.426709
BFGS:   70 10:40:40   -27075.040005        0.413551
BFGS:   71 10:40:40   -27075.046461        0.395476
BFGS:   72 10:40:40   -27075.051212        0.398572
BFGS:   73 10:40:40   -27075.058780        0.398736
BFGS:   74 10:40:41   -27075.068372        0.303122
BFGS:   75 10:40:41   -27075.072913        0.508706
BFGS:   76 10:40:41   -27075.082585        0.229095
BFGS:   77 10:40:41   -27075.092653        0.650936
BFGS:   78 10:40:41   -27075.105068        0.195795
BFGS:   79 10:40:41   -27075.110557        0.549189
BFGS:   80 10:40:42   -27075.106120        0.605173
BFGS:   81 10:40:42   -27075.115159        0.466456
BFGS:   82 10:40:42   -27075.115548        0.267210
BFGS:   83 10:40:42   -27075.118949        0.126687
BFGS:   84 10:40:42   -27075.119400        0.073326
BFGS:   85 10:40:42   -27075.119929        0.118786
BFGS:   86 10:40:42   -27075.120296        0.085035
BFGS:   87 10:40:43   -27075.120504        0.062328
BFGS:   88 10:40:43   -27075.120755        0.065384
BFGS:   89 10:40:43   -27075.121494        0.068298
BFGS:   90 10:40:43   -27075.122149        0.116843
BFGS:   91 10:40:43   -27075.123860        0.200956
BFGS:   92 10:40:43   -27075.125889        0.197562
BFGS:   93 10:40:44   -27075.127790        0.387155
BFGS:   94 10:40:44   -27075.125631        0.428548
BFGS:   95 10:40:44   -27075.130224        0.170768
BFGS:   96 10:40:44   -27075.130978        0.131003
BFGS:   97 10:40:44   -27075.132474        0.147085
BFGS:   98 10:40:44   -27075.133652        0.192818
BFGS:   99 10:40:44   -27075.134599        0.098212
BFGS:  100 10:40:45   -27075.135340        0.308956
BFGS:  101 10:40:45   -27075.136794        0.126358
BFGS:  102 10:40:45   -27075.138708        0.088378
BFGS:  103 10:40:45   -27075.137936        0.647776
BFGS:  104 10:40:45   -27075.141045        0.169521
BFGS:  105 10:40:45   -27075.142204        0.057563
BFGS:  106 10:40:46   -27075.141225        0.611432
BFGS:  107 10:40:46   -27075.143495        0.065821
BFGS:  108 10:40:46   -27075.144193        0.081511
BFGS:  109 10:40:46   -27075.143025        0.724799
BFGS:  110 10:40:46   -27075.145795        0.039392
  adding aspartic pose 5: IE = -30.77 kcal/mol
      Step     Time          Energy          fmax
BFGS:    0 10:40:54   -27065.042801       11.283245
BFGS:    1 10:40:54   -27068.097511        6.227262
BFGS:    2 10:40:54   -27069.225206        4.805755
BFGS:    3 10:40:55   -27070.154134        3.057575
BFGS:    4 10:40:55   -27070.806253        1.998662
BFGS:    5 10:40:55   -27071.152915        2.094992
BFGS:    6 10:40:55   -27071.416554        1.727501
BFGS:    7 10:40:55   -27071.796449        2.135007
BFGS:    8 10:40:55   -27072.143982        2.096499
BFGS:    9 10:40:56   -27072.537899        1.695876
BFGS:   10 10:40:56   -27072.903888        1.513753
BFGS:   11 10:40:56   -27073.180055        1.672191
BFGS:   12 10:40:56   -27073.348965        1.426306
BFGS:   13 10:40:56   -27073.485755        1.042688
BFGS:   14 10:40:56   -27073.561587        0.800531
BFGS:   15 10:40:57   -27073.612782        0.661929
BFGS:   16 10:40:57   -27073.648202        0.588632
BFGS:   17 10:40:57   -27073.674467        0.387267
BFGS:   18 10:40:57   -27073.689045        0.323520
BFGS:   19 10:40:57   -27073.695001        0.160960
BFGS:   20 10:40:57   -27073.697565        0.136326
BFGS:   21 10:40:57   -27073.699412        0.127858
BFGS:   22 10:40:58   -27073.700748        0.132410
BFGS:   23 10:40:58   -27073.701545        0.078081
BFGS:   24 10:40:58   -27073.701959        0.057265
BFGS:   25 10:40:58   -27073.702293        0.056171
BFGS:   26 10:40:58   -27073.702612        0.058404
BFGS:   27 10:40:58   -27073.702848        0.042826
  adding aspartic pose 6: IE = 3.01 kcal/mol
      Step     Time          Energy          fmax
BFGS:    0 10:41:00   -27059.437341       42.084290
BFGS:    1 10:41:00   -27064.709540       14.236164
BFGS:    2 10:41:00   -27066.442801        8.165668
BFGS:    3 10:41:01   -27068.158910        5.064834
BFGS:    4 10:41:01   -27069.466402        3.918552
BFGS:    5 10:41:01   -27070.396842        3.840014
BFGS:    6 10:41:01   -27071.185009        3.851763
BFGS:    7 10:41:01   -27071.962059        3.771018
BFGS:    8 10:41:01   -27072.591276        3.703419
BFGS:    9 10:41:02   -27072.972942        2.296776
BFGS:   10 10:41:02   -27073.225570        1.495862
BFGS:   11 10:41:02   -27073.365106        1.400947
BFGS:   12 10:41:02   -27073.651922        1.325416
BFGS:   13 10:41:02   -27073.785986        0.949755
BFGS:   14 10:41:02   -27073.837786        0.788075
BFGS:   15 10:41:03   -27073.868210        0.586394
BFGS:   16 10:41:03   -27073.902060        0.643945
BFGS:   17 10:41:03   -27073.927501        0.676290
BFGS:   18 10:41:03   -27073.945225        0.447583
BFGS:   19 10:41:03   -27073.953613        0.248185
BFGS:   20 10:41:03   -27073.957171        0.203794
BFGS:   21 10:41:04   -27073.959303        0.147836
BFGS:   22 10:41:04   -27073.960683        0.084222
BFGS:   23 10:41:04   -27073.961289        0.070536
BFGS:   24 10:41:04   -27073.961863        0.111914
BFGS:   25 10:41:04   -27073.962280        0.090356
BFGS:   26 10:41:04   -27073.962583        0.067262
BFGS:   27 10:41:05   -27073.962862        0.058305
BFGS:   28 10:41:05   -27073.963348        0.123869
BFGS:   29 10:41:05   -27073.964331        0.216184
BFGS:   30 10:41:05   -27073.966367        0.328745
BFGS:   31 10:41:05   -27073.970120        0.438079
BFGS:   32 10:41:05   -27073.975657        0.485854
BFGS:   33 10:41:06   -27073.982243        0.384315
BFGS:   34 10:41:06   -27073.989511        0.231443
BFGS:   35 10:41:06   -27073.994347        0.244291
BFGS:   36 10:41:06   -27073.999969        0.288052
BFGS:   37 10:41:06   -27074.004143        0.308601
BFGS:   38 10:41:06   -27074.010235        0.249058
BFGS:   39 10:41:06   -27074.014361        0.175244
BFGS:   40 10:41:07   -27074.016804        0.168159
BFGS:   41 10:41:07   -27074.019214        0.124728
BFGS:   42 10:41:07   -27074.020734        0.146239
BFGS:   43 10:41:07   -27074.021909        0.135368
BFGS:   44 10:41:07   -27074.022573        0.115117
BFGS:   45 10:41:07   -27074.023013        0.083899
BFGS:   46 10:41:08   -27074.023404        0.089936
BFGS:   47 10:41:08   -27074.023813        0.120158
BFGS:   48 10:41:08   -27074.024393        0.149261
BFGS:   49 10:41:08   -27074.025493        0.200091
BFGS:   50 10:41:08   -27074.027916        0.295245
BFGS:   51 10:41:08   -27074.033127        0.431115
BFGS:   52 10:41:09   -27074.041154        0.428592
BFGS:   53 10:41:09   -27074.052714        0.354116
BFGS:   54 10:41:09   -27074.048843        1.341061
BFGS:   55 10:41:09   -27074.065593        0.365535
BFGS:   56 10:41:09   -27074.070160        0.286507
BFGS:   57 10:41:09   -27074.077036        0.463193
BFGS:   58 10:41:10   -27074.082710        0.518200
BFGS:   59 10:41:10   -27074.085308        0.235183
BFGS:   60 10:41:10   -27074.088442        0.162029
BFGS:   61 10:41:10   -27074.092661        0.281368
BFGS:   62 10:41:10   -27074.096947        0.181054
BFGS:   63 10:41:10   -27074.101178        0.244815
BFGS:   64 10:41:11   -27074.103901        0.456008
BFGS:   65 10:41:11   -27074.105964        0.386345
BFGS:   66 10:41:11   -27074.110321        0.157929
BFGS:   67 10:41:11   -27074.112810        0.082569
BFGS:   68 10:41:11   -27074.116556        0.454983
BFGS:   69 10:41:11   -27074.120048        0.179776
BFGS:   70 10:41:11   -27074.123765        0.159218
BFGS:   71 10:41:12   -27074.128014        0.318880
BFGS:   72 10:41:12   -27074.129670        0.159274
BFGS:   73 10:41:12   -27074.130733        0.148059
BFGS:   74 10:41:12   -27074.132404        0.370636
BFGS:   75 10:41:12   -27074.134458        0.161513
BFGS:   76 10:41:12   -27074.136874        0.090905
BFGS:   77 10:41:13   -27074.142812        0.315590
BFGS:   78 10:41:13   -27074.147827        0.331480
BFGS:   79 10:41:13   -27074.152312        0.396355
BFGS:   80 10:41:13   -27074.150540        0.714658
BFGS:   81 10:41:13   -27074.157007        0.215872
BFGS:   82 10:41:13   -27074.158890        0.098626
BFGS:   83 10:41:14   -27074.160018        0.417171
BFGS:   84 10:41:14   -27074.161765        0.099497
BFGS:   85 10:41:14   -27074.162856        0.070435
BFGS:   86 10:41:14   -27074.165847        0.167060
BFGS:   87 10:41:14   -27074.167897        0.307894
BFGS:   88 10:41:14   -27074.172223        0.363552
BFGS:   89 10:41:15   -27074.179768        0.404674
BFGS:   90 10:41:15   -27074.188773        0.480049
BFGS:   91 10:41:15   -27074.140434        1.204034
BFGS:   92 10:41:15   -27074.187440        0.772735
BFGS:   93 10:41:15   -27074.194322        0.407150
BFGS:   94 10:41:15   -27074.199865        0.141934
BFGS:   95 10:41:15   -27074.201549        0.113516
BFGS:   96 10:41:16   -27074.202711        0.298917
BFGS:   97 10:41:16   -27074.204234        0.217315
BFGS:   98 10:41:16   -27074.207281        0.135680
BFGS:   99 10:41:16   -27074.209128        0.144239
BFGS:  100 10:41:16   -27074.211818        0.088026
BFGS:  101 10:41:16   -27074.212945        0.191731
BFGS:  102 10:41:17   -27074.208434        0.377803
BFGS:  103 10:41:17   -27074.214042        0.131851
BFGS:  104 10:41:17   -27074.214272        0.072930
BFGS:  105 10:41:17   -27074.214536        0.036419
  adding aspartic pose 7: IE = -8.86 kcal/mol
      Step     Time          Energy          fmax
BFGS:    0 10:41:18   -27056.137221       31.552334
BFGS:    1 10:41:19   -27061.327421       17.336908
BFGS:    2 10:41:19   -27063.944868        9.946242
BFGS:    3 10:41:19   -27065.926960        7.419341
BFGS:    4 10:41:19   -27068.051266        7.347845
BFGS:    5 10:41:19   -27069.577943        6.003169
BFGS:    6 10:41:19   -27070.766187        4.729204
BFGS:    7 10:41:20   -27071.701127        3.890244
BFGS:    8 10:41:20   -27072.416746        3.426177
BFGS:    9 10:41:20   -27072.940111        3.165260
BFGS:   10 10:41:20   -27073.306818        2.719418
BFGS:   11 10:41:20   -27073.518784        1.509286
BFGS:   12 10:41:20   -27073.655677        1.828216
BFGS:   13 10:41:21   -27073.730890        1.382356
BFGS:   14 10:41:21   -27073.781427        0.643084
BFGS:   15 10:41:21   -27073.809928        0.428699
BFGS:   16 10:41:21   -27073.830364        0.664177
BFGS:   17 10:41:21   -27073.842679        0.508989
BFGS:   18 10:41:21   -27073.851173        0.289480
BFGS:   19 10:41:22   -27073.857317        0.273633
BFGS:   20 10:41:22   -27073.862538        0.325914
BFGS:   21 10:41:22   -27073.866776        0.297665
BFGS:   22 10:41:22   -27073.869722        0.192009
BFGS:   23 10:41:22   -27073.871702        0.131114
BFGS:   24 10:41:22   -27073.873455        0.181991
BFGS:   25 10:41:23   -27073.875366        0.219833
BFGS:   26 10:41:23   -27073.877657        0.227338
BFGS:   27 10:41:23   -27073.880464        0.278102
BFGS:   28 10:41:23   -27073.883864        0.288055
BFGS:   29 10:41:23   -27073.888223        0.267608
BFGS:   30 10:41:23   -27073.894212        0.326152
BFGS:   31 10:41:24   -27073.902268        0.300940
BFGS:   32 10:41:24   -27073.912415        0.301616
BFGS:   33 10:41:24   -27073.923433        0.436587
BFGS:   34 10:41:24   -27073.936533        0.616956
BFGS:   35 10:41:24   -27073.951370        0.606345
BFGS:   36 10:41:24   -27073.961616        0.258305
BFGS:   37 10:41:24   -27073.920648        1.416729
BFGS:   38 10:41:25   -27073.965105        0.102937
BFGS:   39 10:41:25   -27073.966225        0.112026
BFGS:   40 10:41:25   -27073.969588        0.467914
BFGS:   41 10:41:25   -27073.971879        0.288979
BFGS:   42 10:41:25   -27073.977372        0.137613
BFGS:   43 10:41:25   -27073.983056        0.222103
BFGS:   44 10:41:26   -27073.985272        0.256053
BFGS:   45 10:41:26   -27073.987967        0.128198
BFGS:   46 10:41:26   -27073.989498        0.282886
BFGS:   47 10:41:26   -27073.991384        0.093301
BFGS:   48 10:41:26   -27073.992970        0.063838
BFGS:   49 10:41:26   -27073.994015        0.174963
BFGS:   50 10:41:27   -27073.994781        0.087911
BFGS:   51 10:41:27   -27073.995748        0.091410
BFGS:   52 10:41:27   -27073.997209        0.106745
BFGS:   53 10:41:27   -27073.998451        0.112662
BFGS:   54 10:41:27   -27073.999009        0.184595
BFGS:   55 10:41:27   -27073.999747        0.103882
BFGS:   56 10:41:27   -27074.000341        0.076545
BFGS:   57 10:41:28   -27074.000863        0.095816
BFGS:   58 10:41:28   -27074.001460        0.092688
BFGS:   59 10:41:28   -27074.002293        0.093112
BFGS:   60 10:41:28   -27074.003212        0.097960
BFGS:   61 10:41:28   -27074.004818        0.110993
BFGS:   62 10:41:28   -27074.007360        0.186342
BFGS:   63 10:41:29   -27074.000717        0.829207
BFGS:   64 10:41:29   -27074.009033        0.171202
BFGS:   65 10:41:29   -27074.010204        0.101919
BFGS:   66 10:41:29   -27074.010570        0.552599
BFGS:   67 10:41:29   -27074.012771        0.052358
BFGS:   68 10:41:29   -27074.014153        0.092145
BFGS:   69 10:41:30   -27074.013835        0.636462
BFGS:   70 10:41:30   -27074.016679        0.140370
BFGS:   71 10:41:30   -27074.018074        0.167667
BFGS:   72 10:41:30   -27074.021147        0.512371
BFGS:   73 10:41:30   -27074.024250        0.270223
BFGS:   74 10:41:30   -27074.030822        0.213096
BFGS:   75 10:41:30   -27074.033634        0.588307
BFGS:   76 10:41:31   -27074.039334        0.144288
BFGS:   77 10:41:31   -27074.043067        0.286260
BFGS:   78 10:41:31   -27074.046564        0.231950
BFGS:   79 10:41:31   -27074.052179        0.234088
BFGS:   80 10:41:31   -27074.055644        0.516012
BFGS:   81 10:41:31   -27074.048213        0.794959
BFGS:   82 10:41:32   -27074.059923        0.544067
BFGS:   83 10:41:32   -27074.062589        0.285714
BFGS:   84 10:41:32   -27074.065498        0.154795
BFGS:   85 10:41:32   -27074.067921        0.258205
BFGS:   86 10:41:32   -27074.069225        0.068974
BFGS:   87 10:41:32   -27074.069620        0.057885
BFGS:   88 10:41:33   -27074.069860        0.057431
BFGS:   89 10:41:33   -27074.069994        0.054113
BFGS:   90 10:41:33   -27074.070137        0.061722
BFGS:   91 10:41:33   -27074.070313        0.064651
BFGS:   92 10:41:33   -27074.070720        0.059794
BFGS:   93 10:41:33   -27074.071344        0.056296
BFGS:   94 10:41:33   -27074.072289        0.102703
BFGS:   95 10:41:34   -27074.073755        0.186088
BFGS:   96 10:41:34   -27074.075991        0.255700
BFGS:   97 10:41:34   -27074.079643        0.307091
BFGS:   98 10:41:34   -27074.085990        0.320319
BFGS:   99 10:41:34   -27074.095697        0.375530
BFGS:  100 10:41:34   -27074.109761        0.176915
BFGS:  101 10:41:35   -27074.113908        0.403933
BFGS:  102 10:41:35   -27074.123758        0.199147
BFGS:  103 10:41:35   -27074.127148        0.291878
BFGS:  104 10:41:35   -27074.125645        0.465343
BFGS:  105 10:41:35   -27074.134987        0.377028
BFGS:  106 10:41:35   -27074.137685        0.391757
BFGS:  107 10:41:36   -27074.140855        0.160568
BFGS:  108 10:41:36   -27074.144869        0.210078
BFGS:  109 10:41:36   -27074.146164        0.268768
BFGS:  110 10:41:36   -27074.143726        0.466224
BFGS:  111 10:41:36   -27074.149995        0.141547
BFGS:  112 10:41:36   -27074.151004        0.154491
BFGS:  113 10:41:36   -27074.152343        0.149706
BFGS:  114 10:41:37   -27074.153991        0.146765
BFGS:  115 10:41:37   -27074.154167        0.242497
BFGS:  116 10:41:37   -27074.155900        0.071566
BFGS:  117 10:41:37   -27074.156888        0.073941
BFGS:  118 10:41:37   -27074.158208        0.197504
BFGS:  119 10:41:37   -27074.159361        0.082946
BFGS:  120 10:41:38   -27074.160570        0.073702
BFGS:  121 10:41:38   -27074.161202        0.166512
BFGS:  122 10:41:38   -27074.162248        0.111605
BFGS:  123 10:41:38   -27074.163307        0.100047
BFGS:  124 10:41:38   -27074.163819        0.215285
BFGS:  125 10:41:38   -27074.165434        0.091492
BFGS:  126 10:41:39   -27074.166719        0.089162
BFGS:  127 10:41:39   -27074.167470        0.217037
BFGS:  128 10:41:39   -27074.169143        0.117837
BFGS:  129 10:41:39   -27074.170988        0.081586
BFGS:  130 10:41:39   -27074.172609        0.215290
BFGS:  131 10:41:39   -27074.175592        0.198149
BFGS:  132 10:41:39   -27074.178047        0.246484
BFGS:  133 10:41:40   -27074.180625        0.172895
BFGS:  134 10:41:40   -27074.181759        0.353930
BFGS:  135 10:41:40   -27074.184760        0.234907
BFGS:  136 10:41:40   -27074.186146        0.125875
BFGS:  137 10:41:40   -27074.187121        0.220659
BFGS:  138 10:41:40   -27074.187021        0.383141
BFGS:  139 10:41:41   -27074.189406        0.083298
BFGS:  140 10:41:41   -27074.190248        0.150900
BFGS:  141 10:41:41   -27074.191236        0.086503
BFGS:  142 10:41:41   -27074.192913        0.080625
BFGS:  143 10:41:41   -27074.193708        0.101536
BFGS:  144 10:41:41   -27074.194752        0.163822
BFGS:  145 10:41:41   -27074.196024        0.166714
BFGS:  146 10:41:42   -27074.197457        0.145280
BFGS:  147 10:41:42   -27074.198307        0.122392
BFGS:  148 10:41:42   -27074.198624        0.095346
BFGS:  149 10:41:42   -27074.198981        0.063769
BFGS:  150 10:41:42   -27074.199278        0.056203
BFGS:  151 10:41:42   -27074.199649        0.064454
BFGS:  152 10:41:42   -27074.200189        0.101149
BFGS:  153 10:41:43   -27074.198706        0.258436
BFGS:  154 10:41:43   -27074.200910        0.084026
BFGS:  155 10:41:43   -27074.201313        0.071719
BFGS:  156 10:41:43   -27074.201902        0.208424
BFGS:  157 10:41:43   -27074.202627        0.053830
BFGS:  158 10:41:43   -27074.203169        0.063094
BFGS:  159 10:41:44   -27074.204012        0.256279
BFGS:  160 10:41:44   -27074.205221        0.073281
BFGS:  161 10:41:44   -27074.206482        0.089344
BFGS:  162 10:41:44   -27074.208527        0.334968
BFGS:  163 10:41:44   -27074.211163        0.096282
BFGS:  164 10:41:44   -27074.213517        0.439235
BFGS:  165 10:41:44   -27074.216376        0.161999
BFGS:  166 10:41:45   -27074.220050        0.291310
BFGS:  167 10:41:45   -27074.219813        0.623994
BFGS:  168 10:41:45   -27074.222027        0.338602
BFGS:  169 10:41:45   -27074.224433        0.247129
BFGS:  170 10:41:45   -27074.225490        0.108716
BFGS:  171 10:41:45   -27074.226260        0.171894
BFGS:  172 10:41:45   -27074.226869        0.073260
BFGS:  173 10:41:46   -27074.227483        0.055375
BFGS:  174 10:41:46   -27074.227983        0.117886
BFGS:  175 10:41:46   -27074.228680        0.117316
BFGS:  176 10:41:46   -27074.229368        0.105213
BFGS:  177 10:41:46   -27074.229676        0.050361
BFGS:  178 10:41:46   -27074.229778        0.026934
  adding aspartic pose 8: IE = -9.21 kcal/mol
      Step     Time          Energy          fmax
BFGS:    0 10:41:53   -27054.930746       27.610538
BFGS:    1 10:41:53   -27061.019965        9.354751
BFGS:    2 10:41:53   -27064.060259        6.593247
BFGS:    3 10:41:53   -27066.147226        5.643727
BFGS:    4 10:41:54   -27067.613779        4.328343
BFGS:    5 10:41:54   -27068.821701        4.656775
BFGS:    6 10:41:54   -27069.700358        4.374534
BFGS:    7 10:41:54   -27070.505428        3.846175
BFGS:    8 10:41:54   -27071.215626        2.594415
BFGS:    9 10:41:54   -27071.597570        3.359247
BFGS:   10 10:41:55   -27071.855371        2.258041
BFGS:   11 10:41:55   -27072.504112        2.113994
BFGS:   12 10:41:55   -27072.734343        1.839422
BFGS:   13 10:41:55   -27072.891401        1.582384
BFGS:   14 10:41:55   -27073.151700        1.547230
BFGS:   15 10:41:56   -27073.392775        2.028238
BFGS:   16 10:41:56   -27073.670278        2.146033
BFGS:   17 10:41:56   -27073.931172        2.023003
BFGS:   18 10:41:56   -27074.130665        1.295965
BFGS:   19 10:41:56   -27074.212096        0.709419
BFGS:   20 10:41:57   -27074.242535        0.547944
BFGS:   21 10:41:57   -27074.263496        0.474095
BFGS:   22 10:41:57   -27074.278714        0.490555
BFGS:   23 10:41:57   -27074.287981        0.526366
BFGS:   24 10:41:57   -27074.294678        0.211799
BFGS:   25 10:41:57   -27074.297029        0.170393
BFGS:   26 10:41:58   -27074.299885        0.186488
BFGS:   27 10:41:58   -27074.302839        0.253847
BFGS:   28 10:41:58   -27074.307791        0.258841
BFGS:   29 10:41:58   -27074.310827        0.190688
BFGS:   30 10:41:58   -27074.312124        0.114205
BFGS:   31 10:41:58   -27074.312794        0.081005
BFGS:   32 10:41:59   -27074.313488        0.096356
BFGS:   33 10:41:59   -27074.314659        0.156084
BFGS:   34 10:41:59   -27074.317089        0.294523
BFGS:   35 10:41:59   -27074.322397        0.470124
BFGS:   36 10:41:59   -27074.334071        0.686959
BFGS:   37 10:42:00   -27074.346544        0.779104
BFGS:   38 10:42:00   -27074.357272        0.375030
BFGS:   39 10:42:00   -27074.367616        0.243919
BFGS:   40 10:42:00   -27074.373694        0.341365
BFGS:   41 10:42:00   -27074.377700        0.384972
BFGS:   42 10:42:00   -27074.383994        0.365545
BFGS:   43 10:42:01   -27074.395731        0.318015
BFGS:   44 10:42:01   -27074.400112        0.345047
BFGS:   45 10:42:01   -27074.405209        0.161593
BFGS:   46 10:42:01   -27074.406833        0.123308
BFGS:   47 10:42:01   -27074.409501        0.163815
BFGS:   48 10:42:02   -27074.413256        0.177322
BFGS:   49 10:42:02   -27074.418293        0.239381
BFGS:   50 10:42:02   -27074.423154        0.359216
BFGS:   51 10:42:02   -27074.422494        0.506538
BFGS:   52 10:42:02   -27074.429783        0.191948
BFGS:   53 10:42:02   -27074.432734        0.129885
BFGS:   54 10:42:03   -27074.437606        0.246850
BFGS:   55 10:42:03   -27074.438840        0.066885
BFGS:   56 10:42:03   -27074.439514        0.058487
BFGS:   57 10:42:03   -27074.440419        0.116180
BFGS:   58 10:42:03   -27074.440845        0.059060
BFGS:   59 10:42:04   -27074.441189        0.046149
  adding aspartic pose 9: IE = -14.10 kcal/mol
      Step     Time          Energy          fmax
BFGS:    0 10:42:05   -27065.463712       12.399899
BFGS:    1 10:42:05   -27067.773229        7.281276
BFGS:    2 10:42:06   -27069.370105        5.990338
BFGS:    3 10:42:06   -27070.639266        4.297710
BFGS:    4 10:42:06   -27071.579922        2.969691
BFGS:    5 10:42:06   -27072.256015        1.922878
BFGS:    6 10:42:06   -27072.743519        1.807992
BFGS:    7 10:42:06   -27073.111151        1.560683
BFGS:    8 10:42:07   -27073.396102        1.455019
BFGS:    9 10:42:07   -27073.618632        1.244014
BFGS:   10 10:42:07   -27073.790756        0.998235
BFGS:   11 10:42:07   -27073.918449        0.800437
BFGS:   12 10:42:07   -27074.001456        0.756023
BFGS:   13 10:42:07   -27074.035848        0.686398
BFGS:   14 10:42:08   -27074.061109        0.510793
BFGS:   15 10:42:08   -27074.074199        0.407211
BFGS:   16 10:42:08   -27074.086001        0.333739
BFGS:   17 10:42:08   -27074.095116        0.322366
BFGS:   18 10:42:08   -27074.100973        0.212093
BFGS:   19 10:42:08   -27074.104526        0.141821
BFGS:   20 10:42:09   -27074.107005        0.135669
BFGS:   21 10:42:09   -27074.108678        0.108989
BFGS:   22 10:42:09   -27074.109814        0.104198
BFGS:   23 10:42:09   -27074.110854        0.109584
BFGS:   24 10:42:09   -27074.112226        0.129809
BFGS:   25 10:42:09   -27074.114135        0.166504
BFGS:   26 10:42:10   -27074.116488        0.171473
BFGS:   27 10:42:10   -27074.119079        0.146231
BFGS:   28 10:42:10   -27074.121668        0.173300
BFGS:   29 10:42:10   -27074.124367        0.168128
BFGS:   30 10:42:10   -27074.128183        0.212677
BFGS:   31 10:42:10   -27074.135114        0.347654
BFGS:   32 10:42:11   -27074.141601        0.670025
BFGS:   33 10:42:11   -27074.151409        0.340339
BFGS:   34 10:42:11   -27074.162367        0.302485
BFGS:   35 10:42:11   -27074.171961        0.363016
BFGS:   36 10:42:11   -27074.177681        0.349698
BFGS:   37 10:42:11   -27074.186257        0.271467
BFGS:   38 10:42:12   -27074.189724        0.177485
BFGS:   39 10:42:12   -27074.190592        0.097478
BFGS:   40 10:42:12   -27074.191477        0.099559
BFGS:   41 10:42:12   -27074.192431        0.092226
BFGS:   42 10:42:12   -27074.193606        0.122968
BFGS:   43 10:42:12   -27074.194545        0.109536
BFGS:   44 10:42:13   -27074.195054        0.056659
BFGS:   45 10:42:13   -27074.195289        0.053498
BFGS:   46 10:42:13   -27074.195468        0.051063
BFGS:   47 10:42:13   -27074.195720        0.066513
BFGS:   48 10:42:13   -27074.196094        0.080697
BFGS:   49 10:42:14   -27074.196563        0.086911
BFGS:   50 10:42:14   -27074.197022        0.081255
BFGS:   51 10:42:14   -27074.197443        0.090875
BFGS:   52 10:42:14   -27074.197955        0.083804
BFGS:   53 10:42:14   -27074.198889        0.154442
BFGS:   54 10:42:14   -27074.200515        0.186032
BFGS:   55 10:42:15   -27074.202964        0.191662
BFGS:   56 10:42:15   -27074.205722        0.157013
BFGS:   57 10:42:15   -27074.208885        0.137834
BFGS:   58 10:42:15   -27074.211766        0.171081
BFGS:   59 10:42:15   -27074.215609        0.247369
BFGS:   60 10:42:15   -27074.219022        0.148546
BFGS:   61 10:42:16   -27074.220858        0.083362
BFGS:   62 10:42:16   -27074.219745        0.493778
BFGS:   63 10:42:16   -27074.222063        0.058226
BFGS:   64 10:42:16   -27074.222455        0.049912
  adding aspartic pose 10: IE = -9.01 kcal/mol
      Step     Time          Energy          fmax
BFGS:    0 10:42:17   -27071.281051        6.715922
BFGS:    1 10:42:17   -27071.949525        2.939901
BFGS:    2 10:42:17   -27071.964703        6.850469
BFGS:    3 10:42:17   -27072.214729        1.768927
BFGS:    4 10:42:17   -27072.381311        1.522255
BFGS:    5 10:42:18   -27072.848554        2.564929
BFGS:    6 10:42:18   -27073.105158        2.428977
BFGS:    7 10:42:18   -27073.281098        1.120481
BFGS:    8 10:42:18   -27073.368054        1.081681
BFGS:    9 10:42:18   -27073.461412        1.661623
BFGS:   10 10:42:18   -27073.589207        1.747214
BFGS:   11 10:42:19   -27073.667879        1.263615
BFGS:   12 10:42:19   -27073.726070        0.846041
BFGS:   13 10:42:19   -27073.794403        0.804285
BFGS:   14 10:42:19   -27073.846657        0.902858
BFGS:   15 10:42:19   -27073.887279        0.790402
BFGS:   16 10:42:19   -27073.920710        0.590110
BFGS:   17 10:42:20   -27073.947532        0.444796
BFGS:   18 10:42:20   -27073.966489        0.386999
BFGS:   19 10:42:20   -27073.978340        0.380840
BFGS:   20 10:42:20   -27073.985068        0.309514
BFGS:   21 10:42:20   -27073.989242        0.178826
BFGS:   22 10:42:20   -27073.991541        0.148489
BFGS:   23 10:42:20   -27073.992829        0.152962
BFGS:   24 10:42:21   -27073.993928        0.179129
BFGS:   25 10:42:21   -27073.995040        0.151780
BFGS:   26 10:42:21   -27073.995955        0.089701
BFGS:   27 10:42:21   -27073.996635        0.094680
BFGS:   28 10:42:21   -27073.997355        0.119854
BFGS:   29 10:42:21   -27073.998581        0.138545
BFGS:   30 10:42:22   -27074.000831        0.187693
BFGS:   31 10:42:22   -27074.004329        0.262552
BFGS:   32 10:42:22   -27074.007963        0.244019
BFGS:   33 10:42:22   -27074.011246        0.225150
BFGS:   34 10:42:22   -27074.014158        0.178059
BFGS:   35 10:42:22   -27074.016483        0.156046
BFGS:   36 10:42:23   -27074.019717        0.189433
BFGS:   37 10:42:23   -27074.022877        0.216975
BFGS:   38 10:42:23   -27074.026880        0.291723
BFGS:   39 10:42:23   -27074.030761        0.200335
BFGS:   40 10:42:23   -27074.034660        0.144787
BFGS:   41 10:42:23   -27074.036571        0.156628
BFGS:   42 10:42:24   -27074.038812        0.159300
BFGS:   43 10:42:24   -27074.040626        0.164119
BFGS:   44 10:42:24   -27074.043047        0.131300
BFGS:   45 10:42:24   -27074.044883        0.225186
BFGS:   46 10:42:24   -27074.047191        0.150549
BFGS:   47 10:42:24   -27074.049252        0.317872
BFGS:   48 10:42:24   -27074.052677        0.471634
BFGS:   49 10:42:25   -27074.056517        0.241337
BFGS:   50 10:42:25   -27074.060812        0.382521
BFGS:   51 10:42:25   -27074.062991        0.942425
BFGS:   52 10:42:25   -27074.075112        0.423015
BFGS:   53 10:42:25   -27074.082955        0.293475
BFGS:   54 10:42:25   -27074.086581        0.832245
BFGS:   55 10:42:26   -27074.093288        0.268409
BFGS:   56 10:42:26   -27074.100547        0.150515
BFGS:   57 10:42:26   -27074.107541        0.559250
BFGS:   58 10:42:26   -27074.115872        0.412688
BFGS:   59 10:42:26   -27074.123185        0.619730
BFGS:   60 10:42:26   -27074.132049        0.246547
BFGS:   61 10:42:26   -27074.132265        0.949443
BFGS:   62 10:42:27   -27074.140706        0.171366
BFGS:   63 10:42:27   -27074.145800        0.168302
BFGS:   64 10:42:27   -27074.151062        0.664452
BFGS:   65 10:42:27   -27074.155568        0.245939
BFGS:   66 10:42:27   -27074.159150        0.208571
BFGS:   67 10:42:27   -27074.159771        0.563736
BFGS:   68 10:42:28   -27074.163170        0.292133
BFGS:   69 10:42:28   -27074.165063        0.178075
BFGS:   70 10:42:28   -27074.169437        0.226984
BFGS:   71 10:42:28   -27074.173022        0.382544
BFGS:   72 10:42:28   -27074.176590        0.308897
BFGS:   73 10:42:28   -27074.180719        0.508347
BFGS:   74 10:42:28   -27074.186677        0.260717
BFGS:   75 10:42:29   -27074.191750        0.432839
BFGS:   76 10:42:29   -27074.196760        0.216274
BFGS:   77 10:42:29   -27074.201442        0.587875
BFGS:   78 10:42:29   -27074.212588        0.329377
BFGS:   79 10:42:29   -27074.218856        0.292485
BFGS:   80 10:42:29   -27074.220201        0.225176
BFGS:   81 10:42:30   -27074.222613        0.337189
BFGS:   82 10:42:30   -27074.223972        0.157428
BFGS:   83 10:42:30   -27074.225041        0.140521
BFGS:   84 10:42:30   -27074.226734        0.179784
BFGS:   85 10:42:30   -27074.227582        0.113385
BFGS:   86 10:42:30   -27074.228222        0.111673
BFGS:   87 10:42:30   -27074.228663        0.071304
BFGS:   88 10:42:31   -27074.228873        0.084939
BFGS:   89 10:42:31   -27074.228985        0.056876
BFGS:   90 10:42:31   -27074.229134        0.049096
  adding aspartic pose 11: IE = -9.24 kcal/mol
      Step     Time          Energy          fmax
BFGS:    0 10:42:34   -27070.207149        6.370615
BFGS:    1 10:42:34   -27071.287936        3.130905
BFGS:    2 10:42:34   -27071.589584        3.895966
BFGS:    3 10:42:34   -27072.116338        2.505848
BFGS:    4 10:42:34   -27072.592425        1.636500
BFGS:    5 10:42:34   -27072.856763        1.690050
BFGS:    6 10:42:35   -27073.222735        1.995176
BFGS:    7 10:42:35   -27073.518133        1.832497
BFGS:    8 10:42:35   -27073.727187        1.134786
BFGS:    9 10:42:35   -27073.825609        1.071724
BFGS:   10 10:42:35   -27073.881419        0.882898
BFGS:   11 10:42:35   -27073.953264        0.910771
BFGS:   12 10:42:36   -27073.991856        0.663207
BFGS:   13 10:42:36   -27074.024532        0.474404
BFGS:   14 10:42:36   -27074.055152        0.375871
BFGS:   15 10:42:36   -27074.078362        0.436633
BFGS:   16 10:42:36   -27074.091700        0.436180
BFGS:   17 10:42:36   -27074.100721        0.316822
BFGS:   18 10:42:37   -27074.107189        0.210357
BFGS:   19 10:42:37   -27074.110426        0.133224
BFGS:   20 10:42:37   -27074.111828        0.116531
BFGS:   21 10:42:37   -27074.112700        0.134098
BFGS:   22 10:42:37   -27074.113642        0.155383
BFGS:   23 10:42:37   -27074.114889        0.221838
BFGS:   24 10:42:37   -27074.116941        0.247732
BFGS:   25 10:42:38   -27074.118926        0.233060
BFGS:   26 10:42:38   -27074.121650        0.200813
BFGS:   27 10:42:38   -27074.124809        0.164837
BFGS:   28 10:42:38   -27074.128155        0.125329
BFGS:   29 10:42:38   -27074.128864        0.386754
BFGS:   30 10:42:38   -27074.131080        0.294179
BFGS:   31 10:42:39   -27074.132992        0.182563
BFGS:   32 10:42:39   -27074.134001        0.066678
BFGS:   33 10:42:39   -27074.134585        0.059581
BFGS:   34 10:42:39   -27074.134888        0.082725
BFGS:   35 10:42:39   -27074.135113        0.079078
BFGS:   36 10:42:39   -27074.135426        0.081306
BFGS:   37 10:42:40   -27074.135855        0.091884
BFGS:   38 10:42:40   -27074.136305        0.074417
BFGS:   39 10:42:40   -27074.136702        0.081009
BFGS:   40 10:42:40   -27074.137165        0.094722
BFGS:   41 10:42:40   -27074.137994        0.099288
BFGS:   42 10:42:40   -27074.139339        0.130967
BFGS:   43 10:42:41   -27074.140724        0.098427
BFGS:   44 10:42:41   -27074.141312        0.078153
BFGS:   45 10:42:41   -27074.141667        0.074510
BFGS:   46 10:42:41   -27074.142186        0.115208
BFGS:   47 10:42:41   -27074.142936        0.144313
BFGS:   48 10:42:41   -27074.143756        0.115567
BFGS:   49 10:42:42   -27074.144263        0.048403
  adding aspartic pose 12: IE = -7.22 kcal/mol
      Step     Time          Energy          fmax
BFGS:    0 10:42:42   -27053.265773       43.716839
BFGS:    1 10:42:42   -27063.584794       19.027674
BFGS:    2 10:42:43   -27068.697328       10.522417
BFGS:    3 10:42:43   -27071.394286        8.355025
BFGS:    4 10:42:43   -27072.974859        4.491641
BFGS:    5 10:42:43   -27073.756103        2.161663
BFGS:    6 10:42:43   -27074.138372        2.045843
BFGS:    7 10:42:43   -27074.429084        1.413003
BFGS:    8 10:42:44   -27074.569553        1.134001
BFGS:    9 10:42:44   -27074.678090        0.964059
BFGS:   10 10:42:44   -27074.762730        0.817231
BFGS:   11 10:42:44   -27074.822624        0.622257
BFGS:   12 10:42:44   -27074.866219        0.519584
BFGS:   13 10:42:44   -27074.901513        0.505906
BFGS:   14 10:42:45   -27074.930356        0.567868
BFGS:   15 10:42:45   -27074.949549        0.479659
BFGS:   16 10:42:45   -27074.957575        0.265948
BFGS:   17 10:42:45   -27074.960706        0.162964
BFGS:   18 10:42:45   -27074.964452        0.213591
BFGS:   19 10:42:45   -27074.970737        0.393613
BFGS:   20 10:42:46   -27074.981308        0.539295
BFGS:   21 10:42:46   -27074.994494        0.513857
BFGS:   22 10:42:46   -27075.007995        0.444584
BFGS:   23 10:42:46   -27075.022471        0.413207
BFGS:   24 10:42:46   -27075.038968        0.576653
BFGS:   25 10:42:46   -27075.057702        0.716011
BFGS:   26 10:42:47   -27075.073732        0.611473
BFGS:   27 10:42:47   -27075.081732        0.456817
BFGS:   28 10:42:47   -27075.082985        0.485864
BFGS:   29 10:42:47   -27075.089599        0.192142
BFGS:   30 10:42:47   -27075.091738        0.227777
BFGS:   31 10:42:47   -27075.096965        0.364532
BFGS:   32 10:42:48   -27075.101696        0.378079
BFGS:   33 10:42:48   -27075.107428        0.204870
BFGS:   34 10:42:48   -27075.111168        0.268941
BFGS:   35 10:42:48   -27075.113355        0.144606
BFGS:   36 10:42:48   -27075.114763        0.142141
BFGS:   37 10:42:48   -27075.115809        0.104023
BFGS:   38 10:42:49   -27075.116595        0.120103
BFGS:   39 10:42:49   -27075.117454        0.135065
BFGS:   40 10:42:49   -27075.119042        0.214312
BFGS:   41 10:42:49   -27075.122215        0.361322
BFGS:   42 10:42:49   -27075.127201        0.384959
BFGS:   43 10:42:49   -27075.132533        0.270853
BFGS:   44 10:42:50   -27075.139369        0.307278
BFGS:   45 10:42:50   -27075.142951        0.239775
BFGS:   46 10:42:50   -27075.144986        0.395429
BFGS:   47 10:42:50   -27075.147801        0.126899
BFGS:   48 10:42:50   -27075.149531        0.091761
BFGS:   49 10:42:50   -27075.150821        0.164281
BFGS:   50 10:42:51   -27075.151445        0.151497
BFGS:   51 10:42:51   -27075.152803        0.184803
BFGS:   52 10:42:51   -27075.153980        0.193929
BFGS:   53 10:42:51   -27075.154559        0.132563
BFGS:   54 10:42:51   -27075.154988        0.080154
BFGS:   55 10:42:51   -27075.155377        0.083241
BFGS:   56 10:42:52   -27075.155663        0.092838
BFGS:   57 10:42:52   -27075.155962        0.104502
BFGS:   58 10:42:52   -27075.156502        0.164072
BFGS:   59 10:42:52   -27075.157724        0.245415
BFGS:   60 10:42:52   -27075.160593        0.333057
BFGS:   61 10:42:52   -27075.167217        0.483022
BFGS:   62 10:42:53   -27075.175848        0.451512
BFGS:   63 10:42:53   -27075.184929        0.774813
BFGS:   64 10:42:53   -27075.196477        0.333829
BFGS:   65 10:42:53   -27075.211003        0.401972
BFGS:   66 10:42:53   -27075.208629        0.539798
BFGS:   67 10:42:53   -27075.220847        0.276021
BFGS:   68 10:42:54   -27075.225442        0.216974
BFGS:   69 10:42:54   -27075.235189        0.206974
BFGS:   70 10:42:54   -27075.241533        0.263448
BFGS:   71 10:42:54   -27075.244290        0.217973
BFGS:   72 10:42:54   -27075.246859        0.161663
BFGS:   73 10:42:54   -27075.249288        0.141973
BFGS:   74 10:42:55   -27075.251858        0.208851
BFGS:   75 10:42:55   -27075.254188        0.161800
BFGS:   76 10:42:55   -27075.255400        0.228248
BFGS:   77 10:42:55   -27075.256891        0.135148
BFGS:   78 10:42:55   -27075.257620        0.093567
BFGS:   79 10:42:55   -27075.258063        0.092660
BFGS:   80 10:42:55   -27075.258267        0.046697
  adding aspartic pose 13: IE = -33.07 kcal/mol
Added 14 aspartic fragments
Fragment: glutamic
      Step     Time          Energy          fmax
BFGS:    0 10:43:09   -28142.029646        2.659515
BFGS:    1 10:43:09   -28142.258044        2.113441
BFGS:    2 10:43:09   -28142.789584        2.235754
BFGS:    3 10:43:09   -28143.030813        2.280045
BFGS:    4 10:43:09   -28143.378737        1.312726
BFGS:    5 10:43:09   -28143.574873        0.936206
BFGS:    6 10:43:10   -28143.651099        0.711429
BFGS:    7 10:43:10   -28143.724622        1.042420
BFGS:    8 10:43:10   -28143.827115        1.371260
BFGS:    9 10:43:10   -28143.912764        1.080729
BFGS:   10 10:43:10   -28143.962073        0.526375
BFGS:   11 10:43:11   -28143.988243        0.501120
BFGS:   12 10:43:11   -28144.009594        0.426689
BFGS:   13 10:43:11   -28144.028203        0.433821
BFGS:   14 10:43:11   -28144.042076        0.288874
BFGS:   15 10:43:11   -28144.054083        0.347971
BFGS:   16 10:43:11   -28144.068259        0.348878
BFGS:   17 10:43:12   -28144.085631        0.440330
BFGS:   18 10:43:12   -28144.103505        0.398616
BFGS:   19 10:43:12   -28144.119984        0.379815
BFGS:   20 10:43:12   -28144.137268        0.448497
BFGS:   21 10:43:12   -28144.158180        0.597843
BFGS:   22 10:43:13   -28144.178794        0.531316
BFGS:   23 10:43:13   -28144.193289        0.288316
BFGS:   24 10:43:13   -28144.202986        0.257000
BFGS:   25 10:43:13   -28144.212769        0.360449
BFGS:   26 10:43:13   -28144.225156        0.462715
BFGS:   27 10:43:13   -28144.240407        0.405519
BFGS:   28 10:43:14   -28144.256048        0.401785
BFGS:   29 10:43:14   -28144.269675        0.375746
BFGS:   30 10:43:14   -28144.283175        0.402825
BFGS:   31 10:43:14   -28144.298288        0.460431
BFGS:   32 10:43:14   -28144.313550        0.369062
BFGS:   33 10:43:15   -28144.328502        0.406723
BFGS:   34 10:43:15   -28144.342861        0.471470
BFGS:   35 10:43:15   -28144.362381        0.620256
BFGS:   36 10:43:15   -28144.392738        0.759511
BFGS:   37 10:43:15   -28144.424219        0.762632
BFGS:   38 10:43:16   -28144.458066        0.607838
BFGS:   39 10:43:16   -28144.476399        0.325039
BFGS:   40 10:43:16   -28144.485840        0.372384
BFGS:   41 10:43:16   -28144.483465        0.809162
BFGS:   42 10:43:16   -28144.505257        0.620449
BFGS:   43 10:43:16   -28144.517594        0.352889
BFGS:   44 10:43:17   -28144.534251        0.260023
BFGS:   45 10:43:17   -28144.555751        0.633491
BFGS:   46 10:43:17   -28144.572833        0.332029
BFGS:   47 10:43:17   -28144.587162        0.520176
BFGS:   48 10:43:17   -28144.602886        0.302424
BFGS:   49 10:43:17   -28144.606259        0.343955
BFGS:   50 10:43:18   -28144.622266        0.404079
BFGS:   51 10:43:18   -28144.631749        0.297443
BFGS:   52 10:43:18   -28144.646885        0.308289
BFGS:   53 10:43:18   -28144.657718        0.296629
BFGS:   54 10:43:18   -28144.668950        0.342013
BFGS:   55 10:43:18   -28144.681899        0.345012
BFGS:   56 10:43:19   -28144.696944        0.332904
BFGS:   57 10:43:19   -28144.708558        0.324191
BFGS:   58 10:43:19   -28144.715834        0.249112
BFGS:   59 10:43:19   -28144.717012        0.213091
BFGS:   60 10:43:19   -28144.722448        0.255309
BFGS:   61 10:43:20   -28144.726334        0.193463
BFGS:   62 10:43:20   -28144.734626        0.184512
BFGS:   63 10:43:20   -28144.741836        0.230348
BFGS:   64 10:43:20   -28144.748719        0.298393
BFGS:   65 10:43:20   -28144.756551        0.244769
BFGS:   66 10:43:20   -28144.763196        0.217775
BFGS:   67 10:43:21   -28144.767905        0.190463
BFGS:   68 10:43:21   -28144.771414        0.195756
BFGS:   69 10:43:21   -28144.775126        0.156666
BFGS:   70 10:43:21   -28144.779776        0.107384
BFGS:   71 10:43:21   -28144.781331        0.118984
BFGS:   72 10:43:22   -28144.782167        0.084186
BFGS:   73 10:43:22   -28144.782778        0.066673
BFGS:   74 10:43:22   -28144.783480        0.048890
  adding glutamic pose 0: IE = -33.01 kcal/mol
      Step     Time          Energy          fmax
BFGS:    0 10:43:23   -28123.381764       10.166135
BFGS:    1 10:43:23   -28126.519530        8.465852
BFGS:    2 10:43:23   -28129.617786        6.287069
BFGS:    3 10:43:23   -28132.155999        5.461015
BFGS:    4 10:43:24   -28134.300680        4.859868
BFGS:    5 10:43:24   -28136.155888        3.679944
BFGS:    6 10:43:24   -28137.725669        3.208753
BFGS:    7 10:43:24   -28139.033343        2.712420
BFGS:    8 10:43:24   -28140.076718        2.442830
BFGS:    9 10:43:25   -28140.872553        2.410771
BFGS:   10 10:43:25   -28141.461833        2.544848
BFGS:   11 10:43:25   -28141.916996        2.667436
BFGS:   12 10:43:25   -28142.335030        2.527996
BFGS:   13 10:43:25   -28142.732213        1.821439
BFGS:   14 10:43:26   -28143.000244        1.333951
BFGS:   15 10:43:26   -28143.114603        1.269232
BFGS:   16 10:43:26   -28143.243137        1.266601
BFGS:   17 10:43:26   -28143.335413        0.722180
BFGS:   18 10:43:26   -28143.393632        0.729731
BFGS:   19 10:43:27   -28143.440025        0.675361
BFGS:   20 10:43:27   -28143.488602        0.556168
BFGS:   21 10:43:27   -28143.526786        0.551871
BFGS:   22 10:43:27   -28143.557224        0.431172
BFGS:   23 10:43:27   -28143.577549        0.464032
BFGS:   24 10:43:28   -28143.590632        0.333868
BFGS:   25 10:43:28   -28143.599352        0.299620
BFGS:   26 10:43:28   -28143.604815        0.210374
BFGS:   27 10:43:28   -28143.608660        0.179674
BFGS:   28 10:43:28   -28143.611755        0.142226
BFGS:   29 10:43:29   -28143.614307        0.133885
BFGS:   30 10:43:29   -28143.616664        0.130087
BFGS:   31 10:43:29   -28143.619297        0.160569
BFGS:   32 10:43:29   -28143.622624        0.203484
BFGS:   33 10:43:29   -28143.626665        0.180721
BFGS:   34 10:43:30   -28143.630901        0.181969
BFGS:   35 10:43:30   -28143.635107        0.224273
BFGS:   36 10:43:30   -28143.640373        0.254706
BFGS:   37 10:43:30   -28143.648881        0.316491
BFGS:   38 10:43:30   -28143.659974        0.372029
BFGS:   39 10:43:31   -28143.671184        0.356789
BFGS:   40 10:43:31   -28143.688462        0.357329
BFGS:   41 10:43:31   -28143.697996        0.333689
BFGS:   42 10:43:31   -28143.710024        0.431207
BFGS:   43 10:43:31   -28143.711324        0.437832
BFGS:   44 10:43:32   -28143.722074        0.247376
BFGS:   45 10:43:32   -28143.726655        0.219812
BFGS:   46 10:43:32   -28143.733264        0.241580
BFGS:   47 10:43:32   -28143.739645        0.207908
BFGS:   48 10:43:32   -28143.747707        0.258607
BFGS:   49 10:43:33   -28143.758909        0.275442
BFGS:   50 10:43:33   -28143.761528        0.446708
BFGS:   51 10:43:33   -28143.773707        0.250630
BFGS:   52 10:43:33   -28143.780184        0.320217
BFGS:   53 10:43:33   -28143.790760        0.324016
BFGS:   54 10:43:34   -28143.796350        0.243237
BFGS:   55 10:43:34   -28143.802244        0.151333
BFGS:   56 10:43:34   -28143.805198        0.160219
BFGS:   57 10:43:34   -28143.807505        0.161233
BFGS:   58 10:43:34   -28143.810518        0.204353
BFGS:   59 10:43:35   -28143.814239        0.220124
BFGS:   60 10:43:35   -28143.817876        0.156386
BFGS:   61 10:43:35   -28143.820021        0.112508
BFGS:   62 10:43:35   -28143.821136        0.144319
BFGS:   63 10:43:35   -28143.822399        0.125154
BFGS:   64 10:43:36   -28143.824315        0.130794
BFGS:   65 10:43:36   -28143.830047        0.228191
BFGS:   66 10:43:36   -28143.835319        0.257078
BFGS:   67 10:43:36   -28143.840452        0.242549
BFGS:   68 10:43:36   -28143.845037        0.235597
BFGS:   69 10:43:36   -28143.850609        0.356068
BFGS:   70 10:43:37   -28143.856543        0.229070
BFGS:   71 10:43:37   -28143.860702        0.591327
BFGS:   72 10:43:37   -28143.866950        0.290591
BFGS:   73 10:43:37   -28143.870240        0.111037
BFGS:   74 10:43:37   -28143.872196        0.173918
BFGS:   75 10:43:38   -28143.873583        0.083230
BFGS:   76 10:43:38   -28143.874630        0.081604
BFGS:   77 10:43:38   -28143.875556        0.069547
BFGS:   78 10:43:38   -28143.876034        0.077474
BFGS:   79 10:43:38   -28143.876510        0.048583
  adding glutamic pose 1: IE = -11.48 kcal/mol
      Step     Time          Energy          fmax
BFGS:    0 10:43:45   -28129.672123       10.748872
BFGS:    1 10:43:45   -28132.082937        8.784558
BFGS:    2 10:43:46   -28134.344632        6.083413
BFGS:    3 10:43:46   -28135.643084        5.778228
BFGS:    4 10:43:46   -28137.047259        4.113161
BFGS:    5 10:43:46   -28138.352104        2.986910
BFGS:    6 10:43:47   -28139.368351        2.860044
BFGS:    7 10:43:47   -28140.203765        2.728064
BFGS:    8 10:43:47   -28140.913244        2.653700
BFGS:    9 10:43:47   -28141.517945        2.511946
BFGS:   10 10:43:47   -28141.959842        1.595968
BFGS:   11 10:43:48   -28142.266679        1.339114
BFGS:   12 10:43:48   -28142.475889        1.400190
BFGS:   13 10:43:48   -28142.629986        1.121989
BFGS:   14 10:43:48   -28142.758884        1.245847
BFGS:   15 10:43:48   -28142.918106        1.041357
BFGS:   16 10:43:49   -28142.977771        0.879442
BFGS:   17 10:43:49   -28143.045427        0.545075
BFGS:   18 10:43:49   -28143.086398        0.706512
BFGS:   19 10:43:49   -28143.130188        1.050421
BFGS:   20 10:43:49   -28143.177398        1.076341
BFGS:   21 10:43:50   -28143.242060        0.924825
BFGS:   22 10:43:50   -28143.321891        0.855362
BFGS:   23 10:43:50   -28143.399219        1.153743
BFGS:   24 10:43:50   -28143.469583        1.291200
BFGS:   25 10:43:50   -28143.551934        0.826459
BFGS:   26 10:43:51   -28143.609915        0.668453
BFGS:   27 10:43:51   -28143.661489        0.889749
BFGS:   28 10:43:51   -28143.706672        0.745698
BFGS:   29 10:43:51   -28143.732514        0.438275
BFGS:   30 10:43:51   -28143.744083        0.291929
BFGS:   31 10:43:52   -28143.751773        0.428913
BFGS:   32 10:43:52   -28143.761207        0.421061
BFGS:   33 10:43:52   -28143.768071        0.259990
BFGS:   34 10:43:52   -28143.771509        0.136154
BFGS:   35 10:43:52   -28143.773279        0.174955
BFGS:   36 10:43:53   -28143.775525        0.236293
BFGS:   37 10:43:53   -28143.777332        0.174316
BFGS:   38 10:43:53   -28143.778797        0.109196
BFGS:   39 10:43:53   -28143.780142        0.119531
BFGS:   40 10:43:53   -28143.781722        0.169880
BFGS:   41 10:43:54   -28143.783306        0.166111
BFGS:   42 10:43:54   -28143.784559        0.093874
BFGS:   43 10:43:54   -28143.785613        0.096054
BFGS:   44 10:43:54   -28143.787053        0.145471
BFGS:   45 10:43:54   -28143.789220        0.221706
BFGS:   46 10:43:55   -28143.792022        0.215190
BFGS:   47 10:43:55   -28143.795206        0.158839
BFGS:   48 10:43:55   -28143.798889        0.152944
BFGS:   49 10:43:55   -28143.803549        0.231143
BFGS:   50 10:43:55   -28143.809082        0.301518
BFGS:   51 10:43:56   -28143.813830        0.209754
BFGS:   52 10:43:56   -28143.816654        0.137419
BFGS:   53 10:43:56   -28143.818257        0.137823
BFGS:   54 10:43:56   -28143.819740        0.167110
BFGS:   55 10:43:56   -28143.820909        0.162895
BFGS:   56 10:43:57   -28143.822601        0.114354
BFGS:   57 10:43:57   -28143.823708        0.098455
BFGS:   58 10:43:57   -28143.824511        0.045516
  adding glutamic pose 2: IE = -10.66 kcal/mol
      Step     Time          Energy          fmax
BFGS:    0 10:44:01   -28142.707564        1.276393
BFGS:    1 10:44:01   -28142.748072        0.948785
BFGS:    2 10:44:01   -28142.778881        0.720341
BFGS:    3 10:44:01   -28142.843600        0.677267
BFGS:    4 10:44:02   -28142.871034        0.672073
BFGS:    5 10:44:02   -28142.904621        0.565726
BFGS:    6 10:44:02   -28142.932052        0.454810
BFGS:    7 10:44:02   -28142.960503        0.426068
BFGS:    8 10:44:02   -28142.984294        0.443125
BFGS:    9 10:44:03   -28143.007569        0.389032
BFGS:   10 10:44:03   -28143.026351        0.371702
BFGS:   11 10:44:03   -28143.042069        0.357918
BFGS:   12 10:44:03   -28143.058739        0.437776
BFGS:   13 10:44:03   -28143.080006        0.520882
BFGS:   14 10:44:03   -28143.103962        0.487362
BFGS:   15 10:44:04   -28143.127442        0.494200
BFGS:   16 10:44:04   -28143.149281        0.494758
BFGS:   17 10:44:04   -28143.169369        0.467902
BFGS:   18 10:44:04   -28143.187741        0.416853
BFGS:   19 10:44:04   -28143.204869        0.410769
BFGS:   20 10:44:04   -28143.220241        0.395556
BFGS:   21 10:44:05   -28143.234215        0.380404
BFGS:   22 10:44:05   -28143.246066        0.428822
BFGS:   23 10:44:05   -28143.256677        0.384537
BFGS:   24 10:44:05   -28143.269220        0.289922
BFGS:   25 10:44:05   -28143.284319        0.360388
BFGS:   26 10:44:06   -28143.296517        0.277775
BFGS:   27 10:44:06   -28143.303131        0.206564
BFGS:   28 10:44:06   -28143.306042        0.142786
BFGS:   29 10:44:06   -28143.308268        0.131412
BFGS:   30 10:44:06   -28143.310315        0.127181
BFGS:   31 10:44:06   -28143.311315        0.072541
BFGS:   32 10:44:07   -28143.311744        0.056987
BFGS:   33 10:44:07   -28143.312063        0.052698
BFGS:   34 10:44:07   -28143.312432        0.069175
BFGS:   35 10:44:07   -28143.312750        0.051262
BFGS:   36 10:44:07   -28143.312958        0.027702
  adding glutamic pose 3: IE = 1.64 kcal/mol
      Step     Time          Energy          fmax
BFGS:    0 10:44:14   -28140.968777        4.213934
BFGS:    1 10:44:14   -28141.288271        2.837679
BFGS:    2 10:44:14   -28141.632200        2.464156
BFGS:    3 10:44:14   -28142.161739        1.768447
BFGS:    4 10:44:14   -28142.392068        2.155461
BFGS:    5 10:44:14   -28142.517320        1.254195
BFGS:    6 10:44:15   -28142.643645        1.260825
BFGS:    7 10:44:15   -28142.851244        1.415318
BFGS:    8 10:44:15   -28143.009147        1.738454
BFGS:    9 10:44:15   -28143.156851        1.132668
BFGS:   10 10:44:15   -28143.232847        0.657728
BFGS:   11 10:44:16   -28143.285737        0.684716
BFGS:   12 10:44:16   -28143.348300        0.866612
BFGS:   13 10:44:16   -28143.408127        0.887729
BFGS:   14 10:44:16   -28143.456862        0.702230
BFGS:   15 10:44:16   -28143.491144        0.677857
BFGS:   16 10:44:16   -28143.515690        0.529850
BFGS:   17 10:44:17   -28143.538466        0.521486
BFGS:   18 10:44:17   -28143.561956        0.512688
BFGS:   19 10:44:17   -28143.588493        0.349782
BFGS:   20 10:44:17   -28143.613183        0.344897
BFGS:   21 10:44:17   -28143.626205        0.290454
BFGS:   22 10:44:17   -28143.631908        0.236404
BFGS:   23 10:44:18   -28143.636350        0.185926
BFGS:   24 10:44:18   -28143.640534        0.145794
BFGS:   25 10:44:18   -28143.643921        0.149375
BFGS:   26 10:44:18   -28143.645822        0.115210
BFGS:   27 10:44:18   -28143.647067        0.113232
BFGS:   28 10:44:18   -28143.648324        0.110134
BFGS:   29 10:44:19   -28143.649975        0.119554
BFGS:   30 10:44:19   -28143.651279        0.113795
BFGS:   31 10:44:19   -28143.652423        0.106307
BFGS:   32 10:44:19   -28143.653504        0.122482
BFGS:   33 10:44:19   -28143.655037        0.138131
BFGS:   34 10:44:19   -28143.657531        0.152462
BFGS:   35 10:44:20   -28143.661983        0.222204
BFGS:   36 10:44:20   -28143.668425        0.451817
BFGS:   37 10:44:20   -28143.676835        0.344445
BFGS:   38 10:44:20   -28143.689341        0.803676
BFGS:   39 10:44:20   -28143.693459        0.688943
BFGS:   40 10:44:21   -28143.709276        0.698839
BFGS:   41 10:44:21   -28143.715417        0.273638
BFGS:   42 10:44:21   -28143.721430        0.261995
BFGS:   43 10:44:21   -28143.728618        0.748716
BFGS:   44 10:44:21   -28143.733976        0.190489
BFGS:   45 10:44:21   -28143.737619        0.185281
BFGS:   46 10:44:22   -28143.741563        0.341658
BFGS:   47 10:44:22   -28143.744068        0.149613
BFGS:   48 10:44:22   -28143.746718        0.162423
BFGS:   49 10:44:22   -28143.753339        0.162706
BFGS:   50 10:44:22   -28143.756233        0.435902
BFGS:   51 10:44:22   -28143.760163        0.249270
BFGS:   52 10:44:23   -28143.763330        0.186024
BFGS:   53 10:44:23   -28143.768187        0.226022
BFGS:   54 10:44:23   -28143.770021        0.204937
BFGS:   55 10:44:23   -28143.772957        0.119841
BFGS:   56 10:44:23   -28143.775698        0.101950
BFGS:   57 10:44:23   -28143.776597        0.105537
BFGS:   58 10:44:24   -28143.777521        0.097237
BFGS:   59 10:44:24   -28143.778040        0.082541
BFGS:   60 10:44:24   -28143.778463        0.058800
BFGS:   61 10:44:24   -28143.778784        0.055896
BFGS:   62 10:44:24   -28143.779527        0.069530
BFGS:   63 10:44:24   -28143.780358        0.095621
BFGS:   64 10:44:25   -28143.781935        0.128520
BFGS:   65 10:44:25   -28143.784197        0.162750
BFGS:   66 10:44:25   -28143.788263        0.203250
BFGS:   67 10:44:25   -28143.794150        0.280163
BFGS:   68 10:44:25   -28143.800223        0.292658
BFGS:   69 10:44:25   -28143.795755        0.774694
BFGS:   70 10:44:26   -28143.806918        0.258754
BFGS:   71 10:44:26   -28143.809807        0.182599
BFGS:   72 10:44:26   -28143.814545        0.147263
BFGS:   73 10:44:26   -28143.825581        0.449029
BFGS:   74 10:44:26   -28143.833471        0.427285
BFGS:   75 10:44:26   -28143.839902        0.276548
BFGS:   76 10:44:27   -28143.843584        0.477914
BFGS:   77 10:44:27   -28143.850552        0.200532
BFGS:   78 10:44:27   -28143.852662        0.243029
BFGS:   79 10:44:27   -28143.854816        0.141627
BFGS:   80 10:44:27   -28143.856640        0.131617
BFGS:   81 10:44:27   -28143.858750        0.094461
BFGS:   82 10:44:27   -28143.859189        0.087276
BFGS:   83 10:44:28   -28143.859490        0.056255
BFGS:   84 10:44:28   -28143.859746        0.066570
BFGS:   85 10:44:28   -28143.859857        0.070800
BFGS:   86 10:44:28   -28143.859955        0.063659
BFGS:   87 10:44:28   -28143.860072        0.062844
BFGS:   88 10:44:28   -28143.860224        0.059511
BFGS:   89 10:44:29   -28143.860551        0.054607
BFGS:   90 10:44:29   -28143.861038        0.057195
BFGS:   91 10:44:29   -28143.861612        0.061487
BFGS:   92 10:44:29   -28143.862140        0.067214
BFGS:   93 10:44:29   -28143.862677        0.070669
BFGS:   94 10:44:29   -28143.863488        0.091899
BFGS:   95 10:44:30   -28143.864789        0.130048
BFGS:   96 10:44:30   -28143.866166        0.134694
BFGS:   97 10:44:30   -28143.867349        0.160696
BFGS:   98 10:44:30   -28143.867111        0.208425
BFGS:   99 10:44:30   -28143.868484        0.156471
BFGS:  100 10:44:30   -28143.869022        0.103747
BFGS:  101 10:44:31   -28143.869873        0.077911
BFGS:  102 10:44:31   -28143.870851        0.104535
BFGS:  103 10:44:31   -28143.871089        0.065160
BFGS:  104 10:44:31   -28143.871151        0.030237
  adding glutamic pose 4: IE = -11.29 kcal/mol
      Step     Time          Energy          fmax
BFGS:    0 10:44:33   -28139.729183        3.706344
BFGS:    1 10:44:33   -28140.115291        2.597420
BFGS:    2 10:44:33   -28140.693048        2.561924
BFGS:    3 10:44:34   -28140.950130        1.802449
BFGS:    4 10:44:34   -28141.298532        1.911248
BFGS:    5 10:44:34   -28141.634368        1.666768
BFGS:    6 10:44:34   -28141.910979        1.309801
BFGS:    7 10:44:35   -28142.123322        1.410605
BFGS:    8 10:44:35   -28142.296523        1.207280
BFGS:    9 10:44:35   -28142.453059        1.459927
BFGS:   10 10:44:35   -28142.629670        1.573484
BFGS:   11 10:44:35   -28142.806351        1.136151
BFGS:   12 10:44:36   -28142.983959        1.108306
BFGS:   13 10:44:36   -28143.119174        0.968536
BFGS:   14 10:44:36   -28143.221636        0.992566
BFGS:   15 10:44:36   -28143.317382        0.858290
BFGS:   16 10:44:36   -28143.399635        0.700577
BFGS:   17 10:44:37   -28143.462045        0.651302
BFGS:   18 10:44:37   -28143.510785        0.723933
BFGS:   19 10:44:37   -28143.543221        0.484488
BFGS:   20 10:44:37   -28143.561606        0.312842
BFGS:   21 10:44:37   -28143.572789        0.250419
BFGS:   22 10:44:38   -28143.580240        0.243313
BFGS:   23 10:44:38   -28143.586911        0.280529
BFGS:   24 10:44:38   -28143.592879        0.213809
BFGS:   25 10:44:38   -28143.596751        0.150672
BFGS:   26 10:44:38   -28143.599022        0.101879
BFGS:   27 10:44:39   -28143.600609        0.107380
BFGS:   28 10:44:39   -28143.601920        0.096054
BFGS:   29 10:44:39   -28143.602997        0.109780
BFGS:   30 10:44:39   -28143.603930        0.099894
BFGS:   31 10:44:39   -28143.604859        0.073985
BFGS:   32 10:44:40   -28143.605742        0.079033
BFGS:   33 10:44:40   -28143.606418        0.054816
BFGS:   34 10:44:40   -28143.606846        0.051462
BFGS:   35 10:44:40   -28143.607173        0.058925
BFGS:   36 10:44:40   -28143.607635        0.072836
BFGS:   37 10:44:41   -28143.608408        0.075108
BFGS:   38 10:44:41   -28143.609662        0.093966
BFGS:   39 10:44:41   -28143.611441        0.125509
BFGS:   40 10:44:41   -28143.613612        0.145461
BFGS:   41 10:44:41   -28143.616292        0.151041
BFGS:   42 10:44:42   -28143.620373        0.205780
BFGS:   43 10:44:42   -28143.626968        0.268784
BFGS:   44 10:44:42   -28143.635663        0.248379
BFGS:   45 10:44:42   -28143.643161        0.162583
BFGS:   46 10:44:42   -28143.646919        0.142942
BFGS:   47 10:44:43   -28143.648200        0.122328
BFGS:   48 10:44:43   -28143.649241        0.119528
BFGS:   49 10:44:43   -28143.650314        0.102598
BFGS:   50 10:44:43   -28143.652869        0.068734
BFGS:   51 10:44:43   -28143.653629        0.060462
BFGS:   52 10:44:44   -28143.654166        0.053878
BFGS:   53 10:44:44   -28143.654357        0.048385
  adding glutamic pose 5: IE = -6.22 kcal/mol
      Step     Time          Energy          fmax
BFGS:    0 10:44:44   -28139.890372        4.339750
BFGS:    1 10:44:45   -28140.431084        3.542400
BFGS:    2 10:44:45   -28141.498643        2.354617
BFGS:    3 10:44:45   -28142.085315        1.679616
BFGS:    4 10:44:45   -28142.460039        1.377043
BFGS:    5 10:44:45   -28142.721350        1.182210
BFGS:    6 10:44:46   -28142.906312        1.110651
BFGS:    7 10:44:46   -28143.056948        1.084536
BFGS:    8 10:44:46   -28143.227598        1.235800
BFGS:    9 10:44:46   -28143.387852        1.274135
BFGS:   10 10:44:46   -28143.493279        0.866655
BFGS:   11 10:44:46   -28143.532236        0.496450
BFGS:   12 10:44:47   -28143.559082        0.472425
BFGS:   13 10:44:47   -28143.577172        0.785196
BFGS:   14 10:44:47   -28143.593871        0.680538
BFGS:   15 10:44:47   -28143.612965        0.299933
BFGS:   16 10:44:47   -28143.622196        0.300734
BFGS:   17 10:44:48   -28143.631625        0.261159
BFGS:   18 10:44:48   -28143.637472        0.303175
BFGS:   19 10:44:48   -28143.643951        0.224739
BFGS:   20 10:44:48   -28143.649436        0.165441
BFGS:   21 10:44:48   -28143.653458        0.172666
BFGS:   22 10:44:48   -28143.656642        0.178988
BFGS:   23 10:44:49   -28143.660442        0.210133
BFGS:   24 10:44:49   -28143.664944        0.190511
BFGS:   25 10:44:49   -28143.669160        0.189626
BFGS:   26 10:44:49   -28143.672585        0.201071
BFGS:   27 10:44:49   -28143.675775        0.261294
BFGS:   28 10:44:49   -28143.679183        0.178830
BFGS:   29 10:44:50   -28143.682307        0.149360
BFGS:   30 10:44:50   -28143.684675        0.109282
BFGS:   31 10:44:50   -28143.686016        0.114383
BFGS:   32 10:44:50   -28143.687291        0.125647
BFGS:   33 10:44:50   -28143.689004        0.099938
BFGS:   34 10:44:50   -28143.690475        0.114177
BFGS:   35 10:44:51   -28143.691643        0.111107
BFGS:   36 10:44:51   -28143.692830        0.109315
BFGS:   37 10:44:51   -28143.694590        0.140376
BFGS:   38 10:44:51   -28143.697032        0.142948
BFGS:   39 10:44:51   -28143.699204        0.128290
BFGS:   40 10:44:52   -28143.700361        0.096130
BFGS:   41 10:44:52   -28143.701038        0.090154
BFGS:   42 10:44:52   -28143.701844        0.087178
BFGS:   43 10:44:52   -28143.703068        0.104510
BFGS:   44 10:44:52   -28143.704715        0.128264
BFGS:   45 10:44:52   -28143.706731        0.132625
BFGS:   46 10:44:53   -28143.709099        0.119294
BFGS:   47 10:44:53   -28143.711596        0.111849
BFGS:   48 10:44:53   -28143.713589        0.084517
BFGS:   49 10:44:53   -28143.714635        0.082722
BFGS:   50 10:44:53   -28143.715274        0.083554
BFGS:   51 10:44:53   -28143.716155        0.083564
BFGS:   52 10:44:54   -28143.717260        0.091487
BFGS:   53 10:44:54   -28143.718190        0.082609
BFGS:   54 10:44:54   -28143.718912        0.097053
BFGS:   55 10:44:54   -28143.719456        0.075223
BFGS:   56 10:44:54   -28143.720482        0.096805
BFGS:   57 10:44:55   -28143.721384        0.116933
BFGS:   58 10:44:55   -28143.722947        0.096015
BFGS:   59 10:44:55   -28143.724224        0.096921
BFGS:   60 10:44:55   -28143.725582        0.123408
BFGS:   61 10:44:55   -28143.727635        0.186820
BFGS:   62 10:44:55   -28143.729034        0.150719
BFGS:   63 10:44:56   -28143.731345        0.408845
BFGS:   64 10:44:56   -28143.732923        0.163219
BFGS:   65 10:44:56   -28143.735010        0.106457
BFGS:   66 10:44:56   -28143.735972        0.242460
BFGS:   67 10:44:56   -28143.736988        0.221110
BFGS:   68 10:44:56   -28143.739812        0.146416
BFGS:   69 10:44:57   -28143.742136        0.124437
BFGS:   70 10:44:57   -28143.744384        0.102009
BFGS:   71 10:44:57   -28143.730979        1.065845
BFGS:   72 10:44:57   -28143.745499        0.080160
BFGS:   73 10:44:57   -28143.746233        0.083177
BFGS:   74 10:44:58   -28143.745247        0.652226
BFGS:   75 10:44:58   -28143.748709        0.070633
BFGS:   76 10:44:58   -28143.749929        0.088901
BFGS:   77 10:44:58   -28143.749605        0.706483
BFGS:   78 10:44:58   -28143.753558        0.096520
BFGS:   79 10:44:58   -28143.755285        0.097284
BFGS:   80 10:44:59   -28143.757614        0.541873
BFGS:   81 10:44:59   -28143.760663        0.107896
BFGS:   82 10:44:59   -28143.762655        0.100557
BFGS:   83 10:44:59   -28143.765189        0.408765
BFGS:   84 10:44:59   -28143.767839        0.055472
BFGS:   85 10:44:59   -28143.768888        0.056507
BFGS:   86 10:45:00   -28143.769314        0.084668
BFGS:   87 10:45:00   -28143.769531        0.056548
BFGS:   88 10:45:00   -28143.769694        0.028914
  adding glutamic pose 6: IE = -8.94 kcal/mol
      Step     Time          Energy          fmax
BFGS:    0 10:45:07   -28125.741495       57.587666
BFGS:    1 10:45:07   -28132.732019       14.425026
BFGS:    2 10:45:08   -28135.078711       10.535919
BFGS:    3 10:45:08   -28137.453573        7.162962
BFGS:    4 10:45:08   -28138.957996        5.189024
BFGS:    5 10:45:08   -28140.022233        3.468535
BFGS:    6 10:45:08   -28140.742145        2.289985
BFGS:    7 10:45:08   -28141.138979        2.146692
BFGS:    8 10:45:09   -28141.396445        2.063816
BFGS:    9 10:45:09   -28141.800869        2.134007
BFGS:   10 10:45:09   -28142.148760        2.634699
BFGS:   11 10:45:09   -28142.488825        2.274836
BFGS:   12 10:45:09   -28142.768619        2.020635
BFGS:   13 10:45:10   -28142.917375        2.135797
BFGS:   14 10:45:10   -28143.055765        1.882048
BFGS:   15 10:45:10   -28143.213412        1.295829
BFGS:   16 10:45:10   -28143.320831        1.312001
BFGS:   17 10:45:10   -28143.415181        0.836537
BFGS:   18 10:45:10   -28143.470424        0.780396
BFGS:   19 10:45:11   -28143.501485        0.595308
BFGS:   20 10:45:11   -28143.532627        0.650572
BFGS:   21 10:45:11   -28143.564915        0.712671
BFGS:   22 10:45:11   -28143.596488        0.555710
BFGS:   23 10:45:11   -28143.623752        0.603535
BFGS:   24 10:45:12   -28143.646350        0.416449
BFGS:   25 10:45:12   -28143.669188        0.577846
BFGS:   26 10:45:12   -28143.692823        0.442781
BFGS:   27 10:45:12   -28143.712094        0.318358
BFGS:   28 10:45:12   -28143.722813        0.242080
BFGS:   29 10:45:12   -28143.729587        0.259887
BFGS:   30 10:45:13   -28143.734664        0.187253
BFGS:   31 10:45:13   -28143.738293        0.172449
BFGS:   32 10:45:13   -28143.741519        0.171337
BFGS:   33 10:45:13   -28143.744909        0.237851
BFGS:   34 10:45:13   -28143.748609        0.214285
BFGS:   35 10:45:14   -28143.752312        0.170619
BFGS:   36 10:45:14   -28143.755981        0.187875
BFGS:   37 10:45:14   -28143.760627        0.188222
BFGS:   38 10:45:14   -28143.768412        0.295410
BFGS:   39 10:45:14   -28143.779950        0.381590
BFGS:   40 10:45:14   -28143.791978        0.473008
BFGS:   41 10:45:15   -28143.802701        0.286310
BFGS:   42 10:45:15   -28143.805343        0.843472
BFGS:   43 10:45:15   -28143.811814        0.344993
BFGS:   44 10:45:15   -28143.816317        0.154881
BFGS:   45 10:45:15   -28143.819862        0.282816
BFGS:   46 10:45:16   -28143.822083        0.216863
BFGS:   47 10:45:16   -28143.823646        0.063916
BFGS:   48 10:45:16   -28143.824221        0.089857
BFGS:   49 10:45:16   -28143.824575        0.077294
BFGS:   50 10:45:16   -28143.824897        0.077767
BFGS:   51 10:45:16   -28143.825252        0.124055
BFGS:   52 10:45:17   -28143.825662        0.076533
BFGS:   53 10:45:17   -28143.826225        0.081966
BFGS:   54 10:45:17   -28143.827198        0.084172
BFGS:   55 10:45:17   -28143.828281        0.099714
BFGS:   56 10:45:17   -28143.829751        0.132071
BFGS:   57 10:45:18   -28143.831786        0.148188
BFGS:   58 10:45:18   -28143.834435        0.168141
BFGS:   59 10:45:18   -28143.838013        0.156654
BFGS:   60 10:45:18   -28143.841573        0.133824
BFGS:   61 10:45:18   -28143.843419        0.114079
BFGS:   62 10:45:19   -28143.843503        0.090344
BFGS:   63 10:45:19   -28143.844268        0.055621
BFGS:   64 10:45:19   -28143.844499        0.051140
BFGS:   65 10:45:19   -28143.844881        0.040768
  adding glutamic pose 7: IE = -12.19 kcal/mol
      Step     Time          Energy          fmax
BFGS:    0 10:45:21   -28126.031096       16.953047
BFGS:    1 10:45:22   -28130.248369       10.687735
BFGS:    2 10:45:22   -28133.117276        5.320046
BFGS:    3 10:45:22   -28135.287308        3.659609
BFGS:    4 10:45:22   -28136.949166        3.352782
BFGS:    5 10:45:22   -28138.110535        3.013165
BFGS:    6 10:45:22   -28138.895715        2.368312
BFGS:    7 10:45:23   -28139.478146        2.158466
BFGS:    8 10:45:23   -28139.935856        1.465485
BFGS:    9 10:45:23   -28140.292984        1.329633
BFGS:   10 10:45:23   -28140.559337        1.129738
BFGS:   11 10:45:23   -28140.757441        1.585743
BFGS:   12 10:45:24   -28140.893944        1.786876
BFGS:   13 10:45:24   -28140.974699        0.821649
BFGS:   14 10:45:24   -28141.034500        0.830631
BFGS:   15 10:45:24   -28141.090805        0.708787
BFGS:   16 10:45:24   -28141.142728        0.781275
BFGS:   17 10:45:24   -28141.184984        0.638908
BFGS:   18 10:45:25   -28141.230568        0.499650
BFGS:   19 10:45:25   -28141.262391        0.585156
BFGS:   20 10:45:25   -28141.352845        0.846463
BFGS:   21 10:45:25   -28141.441944        1.819009
BFGS:   22 10:45:25   -28141.626435        2.797261
BFGS:   23 10:45:26   -28141.861164        2.561816
BFGS:   24 10:45:26   -28141.773772        4.853679
BFGS:   25 10:45:26   -28142.326739        1.736788
BFGS:   26 10:45:26   -28142.510870        1.882424
BFGS:   27 10:45:26   -28142.651461        1.217669
BFGS:   28 10:45:26   -28142.782752        1.163301
BFGS:   29 10:45:27   -28142.915029        0.934817
BFGS:   30 10:45:27   -28143.005457        0.837779
BFGS:   31 10:45:27   -28143.081063        0.831053
BFGS:   32 10:45:27   -28143.141194        0.802126
BFGS:   33 10:45:27   -28143.207871        0.877192
BFGS:   34 10:45:28   -28143.271951        1.019225
BFGS:   35 10:45:28   -28143.335805        0.902214
BFGS:   36 10:45:28   -28143.393469        0.957200
BFGS:   37 10:45:28   -28143.439438        0.571964
BFGS:   38 10:45:28   -28143.471451        0.437868
BFGS:   39 10:45:28   -28143.493235        0.371744
BFGS:   40 10:45:29   -28143.510051        0.404603
BFGS:   41 10:45:29   -28143.522030        0.340183
BFGS:   42 10:45:29   -28143.528550        0.231628
BFGS:   43 10:45:29   -28143.531754        0.153058
BFGS:   44 10:45:29   -28143.533830        0.164248
BFGS:   45 10:45:29   -28143.536341        0.266067
BFGS:   46 10:45:30   -28143.539544        0.341644
BFGS:   47 10:45:30   -28143.542822        0.313018
BFGS:   48 10:45:30   -28143.545644        0.167845
BFGS:   49 10:45:30   -28143.547862        0.146000
BFGS:   50 10:45:30   -28143.550079        0.165121
BFGS:   51 10:45:30   -28143.552660        0.269385
BFGS:   52 10:45:31   -28143.555797        0.304495
BFGS:   53 10:45:31   -28143.559875        0.258024
BFGS:   54 10:45:31   -28143.565695        0.306035
BFGS:   55 10:45:31   -28143.574261        0.420272
BFGS:   56 10:45:31   -28143.586294        0.491799
BFGS:   57 10:45:32   -28143.600841        0.547992
BFGS:   58 10:45:32   -28143.615142        0.492353
BFGS:   59 10:45:32   -28143.624334        0.242102
BFGS:   60 10:45:32   -28143.624873        0.658657
BFGS:   61 10:45:32   -28143.630178        0.389997
BFGS:   62 10:45:32   -28143.633750        0.156391
BFGS:   63 10:45:33   -28143.636573        0.132327
BFGS:   64 10:45:33   -28143.640772        0.173616
BFGS:   65 10:45:33   -28143.643572        0.168439
BFGS:   66 10:45:33   -28143.646362        0.116707
BFGS:   67 10:45:33   -28143.648061        0.093364
BFGS:   68 10:45:33   -28143.649187        0.111153
BFGS:   69 10:45:34   -28143.650027        0.111846
BFGS:   70 10:45:34   -28143.650666        0.077466
BFGS:   71 10:45:34   -28143.651185        0.072072
BFGS:   72 10:45:34   -28143.651669        0.082942
BFGS:   73 10:45:34   -28143.652217        0.125413
BFGS:   74 10:45:35   -28143.653491        0.165042
BFGS:   75 10:45:35   -28143.655681        0.182393
BFGS:   76 10:45:35   -28143.659512        0.200024
BFGS:   77 10:45:35   -28143.665155        0.236528
BFGS:   78 10:45:35   -28143.671363        0.264143
BFGS:   79 10:45:35   -28143.678952        0.266613
BFGS:   80 10:45:36   -28143.683732        0.285128
BFGS:   81 10:45:36   -28143.688837        0.324088
BFGS:   82 10:45:36   -28143.692486        0.393167
BFGS:   83 10:45:36   -28143.699366        0.442992
BFGS:   84 10:45:36   -28143.698005        0.436030
BFGS:   85 10:45:36   -28143.710420        0.171945
BFGS:   86 10:45:37   -28143.712989        0.382994
BFGS:   87 10:45:37   -28143.716506        0.276195
BFGS:   88 10:45:37   -28143.722271        0.200590
BFGS:   89 10:45:37   -28143.729096        0.251490
BFGS:   90 10:45:37   -28143.734164        0.242973
BFGS:   91 10:45:37   -28143.736047        0.282110
BFGS:   92 10:45:38   -28143.736407        0.400545
BFGS:   93 10:45:38   -28143.738496        0.257642
BFGS:   94 10:45:38   -28143.742212        0.105562
BFGS:   95 10:45:38   -28143.744590        0.372831
BFGS:   96 10:45:38   -28143.747276        0.296672
BFGS:   97 10:45:38   -28143.750370        0.128714
BFGS:   98 10:45:39   -28143.751554        0.225068
BFGS:   99 10:45:39   -28143.753190        0.109151
BFGS:  100 10:45:39   -28143.755227        0.171931
BFGS:  101 10:45:39   -28143.756945        0.181880
BFGS:  102 10:45:39   -28143.759559        0.231702
BFGS:  103 10:45:39   -28143.761508        0.289828
BFGS:  104 10:45:40   -28143.762871        0.402149
BFGS:  105 10:45:40   -28143.766744        0.089815
BFGS:  106 10:45:40   -28143.769895        0.178515
BFGS:  107 10:45:40   -28143.772193        0.657478
BFGS:  108 10:45:40   -28143.776536        0.299624
BFGS:  109 10:45:40   -28143.783160        0.201537
BFGS:  110 10:45:41   -28143.788269        0.589288
BFGS:  111 10:45:41   -28143.795577        0.504521
BFGS:  112 10:45:41   -28143.799115        0.342580
BFGS:  113 10:45:41   -28143.800020        0.281165
BFGS:  114 10:45:41   -28143.802131        0.170807
BFGS:  115 10:45:41   -28143.802708        0.085633
BFGS:  116 10:45:42   -28143.803329        0.069102
BFGS:  117 10:45:42   -28143.803983        0.094732
BFGS:  118 10:45:42   -28143.804597        0.095191
BFGS:  119 10:45:42   -28143.804993        0.059350
BFGS:  120 10:45:42   -28143.805201        0.051393
BFGS:  121 10:45:42   -28143.805424        0.051157
BFGS:  122 10:45:43   -28143.805733        0.059305
BFGS:  123 10:45:43   -28143.805905        0.046870
  adding glutamic pose 8: IE = -9.76 kcal/mol
      Step     Time          Energy          fmax
BFGS:    0 10:45:45   -28129.433404       59.995876
BFGS:    1 10:45:45   -28136.017429       17.050978
BFGS:    2 10:45:45   -28138.634084       12.849031
BFGS:    3 10:45:45   -28140.070365       10.449023
BFGS:    4 10:45:46   -28141.570126        7.081863
BFGS:    5 10:45:46   -28142.751097        4.439647
BFGS:    6 10:45:46   -28143.168938        2.898884
BFGS:    7 10:45:46   -28143.359350        2.050890
BFGS:    8 10:45:46   -28143.506347        1.443839
BFGS:    9 10:45:47   -28143.606377        1.064636
BFGS:   10 10:45:47   -28143.666991        0.855141
BFGS:   11 10:45:47   -28143.709917        0.786010
BFGS:   12 10:45:47   -28143.752294        0.702691
BFGS:   13 10:45:47   -28143.783919        0.521348
BFGS:   14 10:45:47   -28143.805803        0.414454
BFGS:   15 10:45:48   -28143.825860        0.402080
BFGS:   16 10:45:48   -28143.847414        0.471243
BFGS:   17 10:45:48   -28143.872800        0.503521
BFGS:   18 10:45:48   -28143.903282        0.612415
BFGS:   19 10:45:48   -28143.941145        0.771251
BFGS:   20 10:45:49   -28143.988036        0.778776
BFGS:   21 10:45:49   -28144.031367        0.531334
BFGS:   22 10:45:49   -28144.052857        0.339896
BFGS:   23 10:45:49   -28144.061645        0.251811
BFGS:   24 10:45:49   -28144.067113        0.293101
BFGS:   25 10:45:49   -28144.071444        0.252378
BFGS:   26 10:45:50   -28144.076325        0.257048
BFGS:   27 10:45:50   -28144.082888        0.280370
BFGS:   28 10:45:50   -28144.087615        0.277419
BFGS:   29 10:45:50   -28144.090994        0.237569
BFGS:   30 10:45:50   -28144.094126        0.242374
BFGS:   31 10:45:51   -28144.097783        0.209053
BFGS:   32 10:45:51   -28144.102316        0.286399
BFGS:   33 10:45:51   -28144.107066        0.285917
BFGS:   34 10:45:51   -28144.112127        0.256169
BFGS:   35 10:45:51   -28144.118807        0.279266
BFGS:   36 10:45:51   -28144.128720        0.399446
BFGS:   37 10:45:52   -28144.142972        0.533292
BFGS:   38 10:45:52   -28144.160723        0.520112
BFGS:   39 10:45:52   -28144.179308        0.408764
BFGS:   40 10:45:52   -28144.197806        0.365470
BFGS:   41 10:45:52   -28144.215274        0.632041
BFGS:   42 10:45:53   -28144.211508        1.277059
BFGS:   43 10:45:53   -28144.238347        0.534582
BFGS:   44 10:45:53   -28144.251336        0.583339
BFGS:   45 10:45:53   -28144.276729        0.495404
BFGS:   46 10:45:53   -28144.306710        0.792184
BFGS:   47 10:45:53   -28144.324250        0.664049
BFGS:   48 10:45:54   -28144.342986        0.472313
BFGS:   49 10:45:54   -28144.354175        0.310594
BFGS:   50 10:45:54   -28144.363223        0.317775
BFGS:   51 10:45:54   -28144.372806        0.280162
BFGS:   52 10:45:54   -28144.379797        0.375598
BFGS:   53 10:45:55   -28144.386000        0.381897
BFGS:   54 10:45:55   -28144.393014        0.343663
BFGS:   55 10:45:55   -28144.399471        0.212352
BFGS:   56 10:45:55   -28144.401769        0.145958
BFGS:   57 10:45:55   -28144.403706        0.135385
BFGS:   58 10:45:55   -28144.405310        0.157786
BFGS:   59 10:45:56   -28144.407060        0.103897
BFGS:   60 10:45:56   -28144.408277        0.082414
BFGS:   61 10:45:56   -28144.409159        0.094402
BFGS:   62 10:45:56   -28144.409997        0.121944
BFGS:   63 10:45:56   -28144.410839        0.090521
BFGS:   64 10:45:56   -28144.411418        0.069607
BFGS:   65 10:45:57   -28144.411809        0.051454
BFGS:   66 10:45:57   -28144.412139        0.053913
BFGS:   67 10:45:57   -28144.412554        0.054614
BFGS:   68 10:45:57   -28144.413186        0.073587
BFGS:   69 10:45:57   -28144.414205        0.097972
BFGS:   70 10:45:58   -28144.415718        0.113429
BFGS:   71 10:45:58   -28144.417658        0.148534
BFGS:   72 10:45:58   -28144.419978        0.162366
BFGS:   73 10:45:58   -28144.422733        0.180925
BFGS:   74 10:45:58   -28144.426289        0.206194
BFGS:   75 10:45:58   -28144.430208        0.225416
BFGS:   76 10:45:59   -28144.434944        0.360455
BFGS:   77 10:45:59   -28144.439349        0.289832
BFGS:   78 10:45:59   -28144.443485        0.271966
BFGS:   79 10:45:59   -28144.446830        0.248478
BFGS:   80 10:45:59   -28144.450989        0.242234
BFGS:   81 10:45:59   -28144.454404        0.200636
BFGS:   82 10:46:00   -28144.456570        0.176294
BFGS:   83 10:46:00   -28144.458884        0.106916
BFGS:   84 10:46:00   -28144.461669        0.096047
BFGS:   85 10:46:00   -28144.465448        0.185635
BFGS:   86 10:46:00   -28144.469715        0.255627
BFGS:   87 10:46:00   -28144.474908        0.414651
BFGS:   88 10:46:01   -28144.482551        0.440156
BFGS:   89 10:46:01   -28144.490826        0.615409
BFGS:   90 10:46:01   -28144.504603        0.409171
BFGS:   91 10:46:01   -28144.520267        0.758160
BFGS:   92 10:46:01   -28144.548027        0.582336
BFGS:   93 10:46:02   -28144.586964        0.446834
BFGS:   94 10:46:02   -28144.589614        0.464670
BFGS:   95 10:46:02   -28144.605233        0.370820
BFGS:   96 10:46:02   -28144.609202        0.261277
BFGS:   97 10:46:02   -28144.611790        0.130595
BFGS:   98 10:46:02   -28144.613212        0.413430
BFGS:   99 10:46:03   -28144.616027        0.161130
BFGS:  100 10:46:03   -28144.618269        0.139806
BFGS:  101 10:46:03   -28144.619923        0.106901
BFGS:  102 10:46:03   -28144.620726        0.092287
BFGS:  103 10:46:03   -28144.621837        0.104505
BFGS:  104 10:46:04   -28144.623465        0.143831
BFGS:  105 10:46:04   -28144.624286        0.121383
BFGS:  106 10:46:04   -28144.625021        0.103261
BFGS:  107 10:46:04   -28144.626165        0.084698
BFGS:  108 10:46:04   -28144.627989        0.114500
BFGS:  109 10:46:04   -28144.630270        0.141873
BFGS:  110 10:46:05   -28144.632997        0.156877
BFGS:  111 10:46:05   -28144.635455        0.170433
BFGS:  112 10:46:05   -28144.637947        0.150406
BFGS:  113 10:46:05   -28144.640126        0.121796
BFGS:  114 10:46:05   -28144.642187        0.113276
BFGS:  115 10:46:06   -28144.644616        0.100845
BFGS:  116 10:46:06   -28144.646499        0.135887
BFGS:  117 10:46:06   -28144.648107        0.115803
BFGS:  118 10:46:06   -28144.649255        0.049871
  adding glutamic pose 9: IE = -29.70 kcal/mol
Added 10 glutamic fragments
Fragment: isoleucine
      Step     Time          Energy          fmax
BFGS:    0 10:46:12   -25161.216430        7.149302
BFGS:    1 10:46:13   -25161.963264        3.822234
BFGS:    2 10:46:13   -25162.673797        1.584864
BFGS:    3 10:46:13   -25162.891063        1.795944
BFGS:    4 10:46:13   -25163.166246        1.796681
BFGS:    5 10:46:13   -25163.412515        1.440429
BFGS:    6 10:46:14   -25163.648177        1.158064
BFGS:    7 10:46:14   -25163.837684        1.130046
BFGS:    8 10:46:14   -25163.997609        1.059616
BFGS:    9 10:46:14   -25164.137814        1.011860
BFGS:   10 10:46:15   -25164.264449        0.979137
BFGS:   11 10:46:15   -25164.395717        0.822014
BFGS:   12 10:46:15   -25164.534451        0.850397
BFGS:   13 10:46:15   -25164.661217        0.734795
BFGS:   14 10:46:16   -25164.763119        0.650953
BFGS:   15 10:46:16   -25164.834504        0.677782
BFGS:   16 10:46:16   -25164.892798        0.704638
BFGS:   17 10:46:16   -25164.949065        0.601921
BFGS:   18 10:46:17   -25164.992889        0.463366
BFGS:   19 10:46:17   -25165.022716        0.418904
BFGS:   20 10:46:17   -25165.046313        0.424693
BFGS:   21 10:46:17   -25165.069347        0.391197
BFGS:   22 10:46:18   -25165.088312        0.373061
BFGS:   23 10:46:18   -25165.103033        0.384116
BFGS:   24 10:46:18   -25165.115428        0.376484
BFGS:   25 10:46:18   -25165.127885        0.314101
BFGS:   26 10:46:19   -25165.139994        0.227882
BFGS:   27 10:46:19   -25165.148749        0.205014
BFGS:   28 10:46:19   -25165.153462        0.160060
BFGS:   29 10:46:19   -25165.156655        0.173693
BFGS:   30 10:46:19   -25165.159775        0.146409
BFGS:   31 10:46:20   -25165.162320        0.143940
BFGS:   32 10:46:20   -25165.163868        0.085731
BFGS:   33 10:46:20   -25165.164728        0.078183
BFGS:   34 10:46:20   -25165.165440        0.066459
BFGS:   35 10:46:21   -25165.166223        0.077744
BFGS:   36 10:46:21   -25165.167027        0.064145
BFGS:   37 10:46:21   -25165.167867        0.074406
BFGS:   38 10:46:21   -25165.168886        0.102812
BFGS:   39 10:46:22   -25165.170271        0.112378
BFGS:   40 10:46:22   -25165.171934        0.131882
BFGS:   41 10:46:22   -25165.173564        0.103090
BFGS:   42 10:46:22   -25165.175009        0.099949
BFGS:   43 10:46:22   -25165.176363        0.127279
BFGS:   44 10:46:23   -25165.177729        0.127988
BFGS:   45 10:46:23   -25165.179177        0.104736
BFGS:   46 10:46:23   -25165.180554        0.087175
BFGS:   47 10:46:23   -25165.181927        0.092718
BFGS:   48 10:46:24   -25165.183355        0.088285
BFGS:   49 10:46:24   -25165.184648        0.076556
BFGS:   50 10:46:24   -25165.185528        0.047469
  adding isoleucine pose 0: IE = -2.68 kcal/mol
      Step     Time          Energy          fmax
BFGS:    0 10:46:26   -25156.574074        7.646458
BFGS:    1 10:46:26   -25158.125518        4.864478
BFGS:    2 10:46:26   -25159.937391        1.998948
BFGS:    3 10:46:27   -25161.036902        2.237578
BFGS:    4 10:46:27   -25161.699026        2.057382
BFGS:    5 10:46:27   -25162.190532        1.767023
BFGS:    6 10:46:27   -25162.631775        1.614458
BFGS:    7 10:46:28   -25163.020337        1.439297
BFGS:    8 10:46:28   -25163.346164        1.279886
BFGS:    9 10:46:28   -25163.593057        1.108506
BFGS:   10 10:46:28   -25163.750403        0.922013
BFGS:   11 10:46:29   -25163.884064        0.860322
BFGS:   12 10:46:29   -25164.027818        0.885916
BFGS:   13 10:46:29   -25164.189823        0.922782
BFGS:   14 10:46:29   -25164.365823        0.892714
BFGS:   15 10:46:30   -25164.484221        0.694403
BFGS:   16 10:46:30   -25164.564775        0.600368
BFGS:   17 10:46:30   -25164.632654        0.647460
BFGS:   18 10:46:30   -25164.702831        0.711687
BFGS:   19 10:46:30   -25164.785339        0.667002
BFGS:   20 10:46:31   -25164.861437        0.586249
BFGS:   21 10:46:31   -25164.916410        0.672466
BFGS:   22 10:46:31   -25164.961433        0.614947
BFGS:   23 10:46:31   -25165.000323        0.456245
BFGS:   24 10:46:32   -25165.022998        0.309030
BFGS:   25 10:46:32   -25165.034393        0.243165
BFGS:   26 10:46:32   -25165.043215        0.238655
BFGS:   27 10:46:32   -25165.052428        0.256248
BFGS:   28 10:46:32   -25165.060430        0.238387
BFGS:   29 10:46:33   -25165.065893        0.209136
BFGS:   30 10:46:33   -25165.070400        0.188396
BFGS:   31 10:46:33   -25165.076556        0.196073
BFGS:   32 10:46:33   -25165.084843        0.221989
BFGS:   33 10:46:34   -25165.093000        0.179750
BFGS:   34 10:46:34   -25165.099043        0.205072
BFGS:   35 10:46:34   -25165.104100        0.189336
BFGS:   36 10:46:34   -25165.110193        0.197315
BFGS:   37 10:46:34   -25165.117688        0.200676
BFGS:   38 10:46:35   -25165.124961        0.222868
BFGS:   39 10:46:35   -25165.130857        0.204910
BFGS:   40 10:46:35   -25165.136258        0.223892
BFGS:   41 10:46:35   -25165.141510        0.192360
BFGS:   42 10:46:36   -25165.145463        0.119560
BFGS:   43 10:46:36   -25165.147773        0.127978
BFGS:   44 10:46:36   -25165.149264        0.108537
BFGS:   45 10:46:36   -25165.150748        0.103019
BFGS:   46 10:46:36   -25165.152482        0.128492
BFGS:   47 10:46:37   -25165.154436        0.136979
BFGS:   48 10:46:37   -25165.156813        0.158299
BFGS:   49 10:46:37   -25165.160052        0.144854
BFGS:   50 10:46:37   -25165.164381        0.174137
BFGS:   51 10:46:38   -25165.168252        0.149640
BFGS:   52 10:46:38   -25165.171164        0.125859
BFGS:   53 10:46:38   -25165.173825        0.120211
BFGS:   54 10:46:38   -25165.176634        0.120968
BFGS:   55 10:46:38   -25165.178605        0.093429
BFGS:   56 10:46:39   -25165.179416        0.057161
BFGS:   57 10:46:39   -25165.179742        0.047856
  adding isoleucine pose 1: IE = -2.58 kcal/mol
      Step     Time          Energy          fmax
BFGS:    0 10:46:50   -25157.167957       10.518562
BFGS:    1 10:46:50   -25159.015347        6.100764
BFGS:    2 10:46:50   -25160.354714        2.357634
BFGS:    3 10:46:51   -25161.123891        2.670839
BFGS:    4 10:46:51   -25161.599706        2.669980
BFGS:    5 10:46:51   -25162.140663        2.667939
BFGS:    6 10:46:51   -25162.560592        2.540021
BFGS:    7 10:46:52   -25162.911710        2.366892
BFGS:    8 10:46:52   -25163.218622        2.129771
BFGS:    9 10:46:52   -25163.473075        1.487194
BFGS:   10 10:46:52   -25163.662966        1.537962
BFGS:   11 10:46:53   -25163.798133        1.364126
BFGS:   12 10:46:53   -25164.018366        0.817855
BFGS:   13 10:46:53   -25164.172448        0.813592
BFGS:   14 10:46:53   -25164.301315        0.787804
BFGS:   15 10:46:53   -25164.372754        0.661412
BFGS:   16 10:46:54   -25164.435981        0.455911
BFGS:   17 10:46:54   -25164.493496        0.493365
BFGS:   18 10:46:54   -25164.535215        0.508059
BFGS:   19 10:46:54   -25164.567333        0.596088
BFGS:   20 10:46:55   -25164.600225        0.530675
BFGS:   21 10:46:55   -25164.638710        0.593462
BFGS:   22 10:46:55   -25164.675343        0.541303
BFGS:   23 10:46:55   -25164.707052        0.417044
BFGS:   24 10:46:56   -25164.729064        0.384857
BFGS:   25 10:46:56   -25164.749359        0.307376
BFGS:   26 10:46:56   -25164.773074        0.445527
BFGS:   27 10:46:56   -25164.801712        0.491346
BFGS:   28 10:46:56   -25164.828743        0.406984
BFGS:   29 10:46:57   -25164.851715        0.469673
BFGS:   30 10:46:57   -25164.873067        0.477452
BFGS:   31 10:46:57   -25164.898270        0.480811
BFGS:   32 10:46:57   -25164.926199        0.481923
BFGS:   33 10:46:58   -25164.951953        0.403953
BFGS:   34 10:46:58   -25164.975034        0.407110
BFGS:   35 10:46:58   -25164.998289        0.370035
BFGS:   36 10:46:58   -25165.024181        0.407023
BFGS:   37 10:46:58   -25165.050984        0.346014
BFGS:   38 10:46:59   -25165.072924        0.310481
BFGS:   39 10:46:59   -25165.090461        0.334531
BFGS:   40 10:46:59   -25165.108259        0.403345
BFGS:   41 10:46:59   -25165.125057        0.403953
BFGS:   42 10:46:59   -25165.136736        0.259187
BFGS:   43 10:47:00   -25165.142337        0.147614
BFGS:   44 10:47:00   -25165.146348        0.208034
BFGS:   45 10:47:00   -25165.149928        0.173333
BFGS:   46 10:47:00   -25165.155759        0.104466
BFGS:   47 10:47:00   -25165.158109        0.114316
BFGS:   48 10:47:01   -25165.161489        0.102016
BFGS:   49 10:47:01   -25165.164660        0.139943
BFGS:   50 10:47:01   -25165.168135        0.123319
BFGS:   51 10:47:01   -25165.171337        0.123827
BFGS:   52 10:47:02   -25165.174704        0.180373
BFGS:   53 10:47:02   -25165.178241        0.177082
BFGS:   54 10:47:02   -25165.180981        0.106224
BFGS:   55 10:47:02   -25165.182879        0.116687
BFGS:   56 10:47:02   -25165.184249        0.125330
BFGS:   57 10:47:03   -25165.185681        0.122429
BFGS:   58 10:47:03   -25165.187441        0.132582
BFGS:   59 10:47:03   -25165.189106        0.097600
BFGS:   60 10:47:03   -25165.190211        0.057988
BFGS:   61 10:47:03   -25165.190868        0.054368
BFGS:   62 10:47:04   -25165.191373        0.046612
  adding isoleucine pose 2: IE = -2.81 kcal/mol
      Step     Time          Energy          fmax
BFGS:    0 10:47:04   -25150.645501       11.412379
BFGS:    1 10:47:05   -25153.169507        6.304096
BFGS:    2 10:47:05   -25155.841070        4.901618
BFGS:    3 10:47:05   -25157.613581        4.274038
BFGS:    4 10:47:05   -25158.967329        3.178136
BFGS:    5 10:47:05   -25159.954347        3.169026
BFGS:    6 10:47:06   -25160.710431        2.858595
BFGS:    7 10:47:06   -25161.650327        2.229378
BFGS:    8 10:47:06   -25162.431614        1.904029
BFGS:    9 10:47:06   -25163.057349        1.813765
BFGS:   10 10:47:07   -25163.497590        2.134758
BFGS:   11 10:47:07   -25163.805593        1.922763
BFGS:   12 10:47:07   -25163.994752        1.019955
BFGS:   13 10:47:07   -25164.097837        0.811418
BFGS:   14 10:47:07   -25164.176548        1.056891
BFGS:   15 10:47:08   -25164.274721        1.205394
BFGS:   16 10:47:08   -25164.360878        0.830006
BFGS:   17 10:47:08   -25164.442933        0.785063
BFGS:   18 10:47:08   -25164.535575        0.803800
BFGS:   19 10:47:08   -25164.622218        0.932102
BFGS:   20 10:47:09   -25164.694998        0.886822
BFGS:   21 10:47:09   -25164.753114        0.783368
BFGS:   22 10:47:09   -25164.798530        0.719448
BFGS:   23 10:47:09   -25164.850056        0.623284
BFGS:   24 10:47:09   -25164.912872        0.647435
BFGS:   25 10:47:10   -25164.958298        0.475302
BFGS:   26 10:47:10   -25164.980272        0.327664
BFGS:   27 10:47:10   -25164.994786        0.331365
BFGS:   28 10:47:10   -25165.005953        0.271221
BFGS:   29 10:47:11   -25165.015216        0.251623
BFGS:   30 10:47:11   -25165.023084        0.265834
BFGS:   31 10:47:11   -25165.031751        0.243705
BFGS:   32 10:47:11   -25165.038856        0.248493
BFGS:   33 10:47:11   -25165.047184        0.208973
BFGS:   34 10:47:12   -25165.052933        0.179934
BFGS:   35 10:47:12   -25165.057679        0.188238
BFGS:   36 10:47:12   -25165.062042        0.179648
BFGS:   37 10:47:12   -25165.066823        0.173691
BFGS:   38 10:47:12   -25165.072223        0.194131
BFGS:   39 10:47:13   -25165.077937        0.184789
BFGS:   40 10:47:13   -25165.083364        0.186062
BFGS:   41 10:47:13   -25165.088508        0.178806
BFGS:   42 10:47:13   -25165.093550        0.153957
BFGS:   43 10:47:13   -25165.098651        0.182035
BFGS:   44 10:47:14   -25165.103683        0.195446
BFGS:   45 10:47:14   -25165.107997        0.169355
BFGS:   46 10:47:14   -25165.111518        0.136942
BFGS:   47 10:47:14   -25165.115015        0.162021
BFGS:   48 10:47:14   -25165.119144        0.198076
BFGS:   49 10:47:15   -25165.123782        0.179745
BFGS:   50 10:47:15   -25165.128498        0.174086
BFGS:   51 10:47:15   -25165.133218        0.172041
BFGS:   52 10:47:15   -25165.138174        0.192785
BFGS:   53 10:47:15   -25165.143036        0.212706
BFGS:   54 10:47:16   -25165.147386        0.178971
BFGS:   55 10:47:16   -25165.151635        0.216224
BFGS:   56 10:47:16   -25165.155745        0.242968
BFGS:   57 10:47:16   -25165.159809        0.310492
BFGS:   58 10:47:16   -25165.163257        0.180891
BFGS:   59 10:47:17   -25165.165124        0.075361
BFGS:   60 10:47:17   -25165.165694        0.079914
BFGS:   61 10:47:17   -25165.166995        0.081067
BFGS:   62 10:47:17   -25165.167763        0.068848
BFGS:   63 10:47:18   -25165.168471        0.065407
BFGS:   64 10:47:18   -25165.168891        0.061239
BFGS:   65 10:47:18   -25165.169237        0.053958
BFGS:   66 10:47:18   -25165.169563        0.048191
  adding isoleucine pose 3: IE = -2.68 kcal/mol
      Step     Time          Energy          fmax
BFGS:    0 10:47:20   -25151.228384       26.395460
BFGS:    1 10:47:20   -25155.255764        7.763300
BFGS:    2 10:47:21   -25156.909131        6.797085
BFGS:    3 10:47:21   -25158.555262        5.780472
BFGS:    4 10:47:21   -25159.730191        4.256382
BFGS:    5 10:47:21   -25160.581427        2.995368
BFGS:    6 10:47:21   -25161.200309        2.271180
BFGS:    7 10:47:22   -25161.557521        2.332141
BFGS:    8 10:47:22   -25161.997331        2.759976
BFGS:    9 10:47:22   -25162.531134        3.142062
BFGS:   10 10:47:22   -25163.068260        2.308721
BFGS:   11 10:47:22   -25163.348501        1.257501
BFGS:   12 10:47:22   -25163.609945        1.380958
BFGS:   13 10:47:23   -25163.927816        1.634053
BFGS:   14 10:47:23   -25164.214536        1.861876
BFGS:   15 10:47:23   -25164.445399        1.494546
BFGS:   16 10:47:23   -25164.599180        0.833685
BFGS:   17 10:47:23   -25164.688039        0.795501
BFGS:   18 10:47:24   -25164.772091        0.764881
BFGS:   19 10:47:24   -25164.851866        0.824725
BFGS:   20 10:47:24   -25164.905568        0.521879
BFGS:   21 10:47:24   -25164.941980        0.450553
BFGS:   22 10:47:24   -25164.969776        0.467401
BFGS:   23 10:47:25   -25164.992643        0.411575
BFGS:   24 10:47:25   -25165.012061        0.303359
BFGS:   25 10:47:25   -25165.025237        0.272901
BFGS:   26 10:47:25   -25165.035579        0.245168
BFGS:   27 10:47:25   -25165.046243        0.266896
BFGS:   28 10:47:25   -25165.055034        0.230127
BFGS:   29 10:47:26   -25165.060272        0.222073
BFGS:   30 10:47:26   -25165.063505        0.146835
BFGS:   31 10:47:26   -25165.066535        0.131110
BFGS:   32 10:47:26   -25165.069306        0.138475
BFGS:   33 10:47:26   -25165.071052        0.088638
BFGS:   34 10:47:27   -25165.072014        0.066319
BFGS:   35 10:47:27   -25165.072719        0.073655
BFGS:   36 10:47:27   -25165.073463        0.077391
BFGS:   37 10:47:27   -25165.074121        0.066572
BFGS:   38 10:47:27   -25165.074723        0.076325
BFGS:   39 10:47:27   -25165.075474        0.092078
BFGS:   40 10:47:28   -25165.076636        0.122127
BFGS:   41 10:47:28   -25165.078233        0.136248
BFGS:   42 10:47:28   -25165.079986        0.123253
BFGS:   43 10:47:28   -25165.081673        0.132684
BFGS:   44 10:47:28   -25165.083470        0.130790
BFGS:   45 10:47:29   -25165.085889        0.131518
BFGS:   46 10:47:29   -25165.088968        0.151891
BFGS:   47 10:47:29   -25165.091864        0.130620
BFGS:   48 10:47:29   -25165.094249        0.105929
BFGS:   49 10:47:29   -25165.096388        0.136005
BFGS:   50 10:47:30   -25165.098210        0.136368
BFGS:   51 10:47:30   -25165.099336        0.123672
BFGS:   52 10:47:30   -25165.100629        0.103960
BFGS:   53 10:47:30   -25165.101422        0.070764
BFGS:   54 10:47:30   -25165.102472        0.066252
BFGS:   55 10:47:30   -25165.103519        0.079772
BFGS:   56 10:47:31   -25165.104776        0.060923
BFGS:   57 10:47:31   -25165.105460        0.071722
BFGS:   58 10:47:31   -25165.105925        0.070318
BFGS:   59 10:47:31   -25165.106480        0.069055
BFGS:   60 10:47:31   -25165.107129        0.086873
BFGS:   61 10:47:32   -25165.107765        0.089249
BFGS:   62 10:47:32   -25165.108282        0.073245
BFGS:   63 10:47:32   -25165.108726        0.054309
BFGS:   64 10:47:32   -25165.109185        0.054369
BFGS:   65 10:47:32   -25165.109570        0.082367
BFGS:   66 10:47:32   -25165.109912        0.059258
BFGS:   67 10:47:33   -25165.110112        0.035777
  adding isoleucine pose 4: IE = -1.02 kcal/mol
      Step     Time          Energy          fmax
BFGS:    0 10:47:39   -25145.106781       40.216778
BFGS:    1 10:47:39   -25150.448997       12.207819
BFGS:    2 10:47:39   -25153.991202        7.217222
BFGS:    3 10:47:39   -25156.533570        3.866544
BFGS:    4 10:47:39   -25158.097987        2.571913
BFGS:    5 10:47:40   -25159.155343        2.660527
BFGS:    6 10:47:40   -25159.893483        2.820151
BFGS:    7 10:47:40   -25160.791881        2.855975
BFGS:    8 10:47:40   -25161.576892        2.674916
BFGS:    9 10:47:41   -25162.262019        2.311446
BFGS:   10 10:47:41   -25162.834155        1.890310
BFGS:   11 10:47:41   -25163.298416        1.781256
BFGS:   12 10:47:41   -25163.628276        1.336468
BFGS:   13 10:47:42   -25163.844168        1.101596
BFGS:   14 10:47:42   -25164.056312        1.378200
BFGS:   15 10:47:42   -25164.284007        1.338644
BFGS:   16 10:47:42   -25164.498820        0.873629
BFGS:   17 10:47:42   -25164.639834        1.266851
BFGS:   18 10:47:43   -25164.748839        1.091039
BFGS:   19 10:47:43   -25164.832588        0.704044
BFGS:   20 10:47:43   -25164.893702        0.600846
BFGS:   21 10:47:43   -25164.940086        0.692775
BFGS:   22 10:47:44   -25164.971668        0.723925
BFGS:   23 10:47:44   -25164.997999        0.538489
BFGS:   24 10:47:44   -25165.020825        0.374771
BFGS:   25 10:47:44   -25165.039378        0.361597
BFGS:   26 10:47:44   -25165.057698        0.541508
BFGS:   27 10:47:45   -25165.073945        0.416317
BFGS:   28 10:47:45   -25165.086272        0.270159
BFGS:   29 10:47:45   -25165.097745        0.239603
BFGS:   30 10:47:45   -25165.108131        0.413469
BFGS:   31 10:47:45   -25165.116217        0.370971
BFGS:   32 10:47:46   -25165.121302        0.178361
BFGS:   33 10:47:46   -25165.123777        0.095808
BFGS:   34 10:47:46   -25165.125221        0.100541
BFGS:   35 10:47:46   -25165.126610        0.118792
BFGS:   36 10:47:46   -25165.127905        0.080458
BFGS:   37 10:47:47   -25165.128978        0.084577
BFGS:   38 10:47:47   -25165.130078        0.096199
BFGS:   39 10:47:47   -25165.131760        0.126298
BFGS:   40 10:47:47   -25165.134497        0.160068
BFGS:   41 10:47:48   -25165.138313        0.167366
BFGS:   42 10:47:48   -25165.142737        0.242064
BFGS:   43 10:47:48   -25165.147532        0.280225
BFGS:   44 10:47:48   -25165.152900        0.259649
BFGS:   45 10:47:48   -25165.159092        0.206946
BFGS:   46 10:47:49   -25165.165016        0.177972
BFGS:   47 10:47:49   -25165.168723        0.115597
BFGS:   48 10:47:49   -25165.169782        0.146960
BFGS:   49 10:47:49   -25165.170994        0.091914
BFGS:   50 10:47:49   -25165.171779        0.055662
BFGS:   51 10:47:50   -25165.173011        0.056625
BFGS:   52 10:47:50   -25165.173235        0.042252
  adding isoleucine pose 5: IE = -2.26 kcal/mol
      Step     Time          Energy          fmax
BFGS:    0 10:47:55   -25147.987867       15.594542
BFGS:    1 10:47:55   -25151.975887        9.827920
BFGS:    2 10:47:55   -25154.929187        5.546168
BFGS:    3 10:47:56   -25157.098084        3.670275
BFGS:    4 10:47:56   -25158.779390        3.553030
BFGS:    5 10:47:56   -25160.074610        3.532353
BFGS:    6 10:47:56   -25161.050579        3.313609
BFGS:    7 10:47:56   -25161.864616        2.867604
BFGS:    8 10:47:57   -25162.531868        2.389473
BFGS:    9 10:47:57   -25163.056516        1.963208
BFGS:   10 10:47:57   -25163.452174        1.682614
BFGS:   11 10:47:57   -25163.754582        1.515601
BFGS:   12 10:47:58   -25163.997845        1.301466
BFGS:   13 10:47:58   -25164.195823        1.269902
BFGS:   14 10:47:58   -25164.333408        0.857570
BFGS:   15 10:47:58   -25164.415860        0.665753
BFGS:   16 10:47:59   -25164.486635        0.631009
BFGS:   17 10:47:59   -25164.547169        0.594849
BFGS:   18 10:47:59   -25164.599110        0.570923
BFGS:   19 10:47:59   -25164.644104        0.642269
BFGS:   20 10:47:59   -25164.688830        0.695009
BFGS:   21 10:48:00   -25164.732000        0.589314
BFGS:   22 10:48:00   -25164.764127        0.380511
BFGS:   23 10:48:00   -25164.784136        0.390378
BFGS:   24 10:48:00   -25164.800045        0.336525
BFGS:   25 10:48:01   -25164.814073        0.267937
BFGS:   26 10:48:01   -25164.826010        0.256528
BFGS:   27 10:48:01   -25164.836188        0.209311
BFGS:   28 10:48:01   -25164.845266        0.220216
BFGS:   29 10:48:01   -25164.854113        0.212259
BFGS:   30 10:48:02   -25164.863012        0.215438
BFGS:   31 10:48:02   -25164.871345        0.226315
BFGS:   32 10:48:02   -25164.878901        0.185224
BFGS:   33 10:48:02   -25164.886553        0.204571
BFGS:   34 10:48:03   -25164.894313        0.206429
BFGS:   35 10:48:03   -25164.900351        0.173959
BFGS:   36 10:48:03   -25164.904153        0.157377
BFGS:   37 10:48:03   -25164.906894        0.156164
BFGS:   38 10:48:03   -25164.909954        0.146600
BFGS:   39 10:48:04   -25164.914274        0.183798
BFGS:   40 10:48:04   -25164.920345        0.191216
BFGS:   41 10:48:04   -25164.927805        0.198546
BFGS:   42 10:48:04   -25164.935668        0.233814
BFGS:   43 10:48:04   -25164.944304        0.270869
BFGS:   44 10:48:05   -25164.956530        0.280313
BFGS:   45 10:48:05   -25164.970215        0.271704
BFGS:   46 10:48:05   -25164.982289        0.254331
BFGS:   47 10:48:05   -25164.992329        0.263986
BFGS:   48 10:48:06   -25165.005153        0.292848
BFGS:   49 10:48:06   -25165.020228        0.406230
BFGS:   50 10:48:06   -25165.023600        0.651891
BFGS:   51 10:48:06   -25165.044718        0.435822
BFGS:   52 10:48:06   -25165.057740        0.294496
BFGS:   53 10:48:07   -25165.072246        0.205904
BFGS:   54 10:48:07   -25165.107149        0.345459
BFGS:   55 10:48:07   -25165.119240        0.270896
BFGS:   56 10:48:07   -25165.127349        0.193646
BFGS:   57 10:48:08   -25165.132816        0.180930
BFGS:   58 10:48:08   -25165.139505        0.195284
BFGS:   59 10:48:08   -25165.146826        0.191489
BFGS:   60 10:48:08   -25165.151025        0.192600
BFGS:   61 10:48:08   -25165.153602        0.164727
BFGS:   62 10:48:09   -25165.156043        0.119995
BFGS:   63 10:48:09   -25165.159394        0.114940
BFGS:   64 10:48:09   -25165.162333        0.139646
BFGS:   65 10:48:09   -25165.164088        0.125121
BFGS:   66 10:48:09   -25165.165312        0.108388
BFGS:   67 10:48:10   -25165.166552        0.084274
BFGS:   68 10:48:10   -25165.168511        0.089078
BFGS:   69 10:48:10   -25165.169628        0.093352
BFGS:   70 10:48:10   -25165.170505        0.074198
BFGS:   71 10:48:11   -25165.171250        0.078635
BFGS:   72 10:48:11   -25165.172205        0.082542
BFGS:   73 10:48:11   -25165.173198        0.081867
BFGS:   74 10:48:11   -25165.174057        0.072586
BFGS:   75 10:48:11   -25165.174752        0.059191
BFGS:   76 10:48:12   -25165.175459        0.078709
BFGS:   77 10:48:12   -25165.176358        0.092949
BFGS:   78 10:48:12   -25165.177593        0.100565
BFGS:   79 10:48:12   -25165.179113        0.092650
BFGS:   80 10:48:12   -25165.180725        0.104616
BFGS:   81 10:48:13   -25165.182245        0.083362
BFGS:   82 10:48:13   -25165.183631        0.074791
BFGS:   83 10:48:13   -25165.185075        0.080878
BFGS:   84 10:48:13   -25165.186769        0.107650
BFGS:   85 10:48:14   -25165.188458        0.130922
BFGS:   86 10:48:14   -25165.189658        0.131083
BFGS:   87 10:48:14   -25165.190736        0.059291
BFGS:   88 10:48:14   -25165.191466        0.056370
BFGS:   89 10:48:14   -25165.192233        0.054225
BFGS:   90 10:48:15   -25165.193223        0.065045
BFGS:   91 10:48:15   -25165.193889        0.063237
BFGS:   92 10:48:15   -25165.194253        0.051458
BFGS:   93 10:48:15   -25165.194487        0.040361
  adding isoleucine pose 6: IE = -2.79 kcal/mol
      Step     Time          Energy          fmax
BFGS:    0 10:48:22   -25149.166402       69.183990
BFGS:    1 10:48:22   -25156.730961       14.484268
BFGS:    2 10:48:22   -25159.096156       12.873129
BFGS:    3 10:48:22   -25160.322772        8.154054
BFGS:    4 10:48:22   -25161.450682        3.934942
BFGS:    5 10:48:23   -25162.234746        1.980437
BFGS:    6 10:48:23   -25162.862255        1.931736
BFGS:    7 10:48:23   -25163.308288        2.111423
BFGS:    8 10:48:23   -25163.661075        1.593130
BFGS:    9 10:48:23   -25163.945086        1.104348
BFGS:   10 10:48:24   -25164.115025        0.971969
BFGS:   11 10:48:24   -25164.233713        0.880540
BFGS:   12 10:48:24   -25164.336817        1.058125
BFGS:   13 10:48:24   -25164.447258        0.835098
BFGS:   14 10:48:24   -25164.539462        0.929149
BFGS:   15 10:48:25   -25164.633240        0.834044
BFGS:   16 10:48:25   -25164.706417        0.605938
BFGS:   17 10:48:25   -25164.771563        0.673904
BFGS:   18 10:48:25   -25164.837115        0.620714
BFGS:   19 10:48:25   -25164.906496        0.918927
BFGS:   20 10:48:26   -25164.978182        0.866473
BFGS:   21 10:48:26   -25165.039187        0.446144
BFGS:   22 10:48:26   -25165.070739        0.318151
BFGS:   23 10:48:26   -25165.084401        0.318836
BFGS:   24 10:48:26   -25165.095580        0.268421
BFGS:   25 10:48:26   -25165.104596        0.191486
BFGS:   26 10:48:27   -25165.110383        0.182812
BFGS:   27 10:48:27   -25165.114175        0.140104
BFGS:   28 10:48:27   -25165.117032        0.112333
BFGS:   29 10:48:27   -25165.119143        0.085190
BFGS:   30 10:48:27   -25165.120485        0.087846
BFGS:   31 10:48:28   -25165.121418        0.088204
BFGS:   32 10:48:28   -25165.122403        0.075939
BFGS:   33 10:48:28   -25165.123650        0.103853
BFGS:   34 10:48:28   -25165.124905        0.111145
BFGS:   35 10:48:28   -25165.125920        0.096039
BFGS:   36 10:48:28   -25165.126835        0.092484
BFGS:   37 10:48:29   -25165.127968        0.093273
BFGS:   38 10:48:29   -25165.129373        0.101832
BFGS:   39 10:48:29   -25165.130616        0.085420
BFGS:   40 10:48:29   -25165.131358        0.072153
BFGS:   41 10:48:29   -25165.131792        0.053737
BFGS:   42 10:48:30   -25165.132211        0.052344
BFGS:   43 10:48:30   -25165.132668        0.057296
BFGS:   44 10:48:30   -25165.133016        0.048318
  adding isoleucine pose 7: IE = -1.37 kcal/mol
Added 8 isoleucine fragments
Fragment: leucine
      Step     Time          Energy          fmax
BFGS:    0 10:48:48   -25153.663459       21.409977
BFGS:    1 10:48:48   -25157.475413        6.595555
BFGS:    2 10:48:49   -25158.765596        4.539050
BFGS:    3 10:48:49   -25160.219348        3.447569
BFGS:    4 10:48:49   -25161.180341        2.474559
BFGS:    5 10:48:49   -25161.806708        2.598846
BFGS:    6 10:48:50   -25162.304980        2.553070
BFGS:    7 10:48:50   -25162.930733        2.370834
BFGS:    8 10:48:50   -25163.483021        2.119885
BFGS:    9 10:48:50   -25163.946193        1.868982
BFGS:   10 10:48:50   -25164.315065        1.563568
BFGS:   11 10:48:51   -25164.546968        1.188623
BFGS:   12 10:48:51   -25164.652595        1.197472
BFGS:   13 10:48:51   -25164.735916        0.928857
BFGS:   14 10:48:51   -25164.823920        0.937211
BFGS:   15 10:48:51   -25164.890333        0.635354
BFGS:   16 10:48:52   -25164.956486        0.661218
BFGS:   17 10:48:52   -25165.009113        0.499364
BFGS:   18 10:48:52   -25165.051633        0.561429
BFGS:   19 10:48:52   -25165.094916        0.573649
BFGS:   20 10:48:53   -25165.143508        0.617517
BFGS:   21 10:48:53   -25165.186347        0.556533
BFGS:   22 10:48:53   -25165.212894        0.309133
BFGS:   23 10:48:53   -25165.227086        0.272871
BFGS:   24 10:48:53   -25165.238152        0.286893
BFGS:   25 10:48:54   -25165.247830        0.234209
BFGS:   26 10:48:54   -25165.254122        0.158835
BFGS:   27 10:48:54   -25165.258043        0.146493
BFGS:   28 10:48:54   -25165.261139        0.143588
BFGS:   29 10:48:54   -25165.264648        0.160628
BFGS:   30 10:48:55   -25165.268308        0.148339
BFGS:   31 10:48:55   -25165.271129        0.117004
BFGS:   32 10:48:55   -25165.273123        0.114166
BFGS:   33 10:48:55   -25165.274871        0.095852
BFGS:   34 10:48:55   -25165.276620        0.111201
BFGS:   35 10:48:56   -25165.278156        0.103668
BFGS:   36 10:48:56   -25165.279339        0.087836
BFGS:   37 10:48:56   -25165.280363        0.087861
BFGS:   38 10:48:56   -25165.281335        0.063286
BFGS:   39 10:48:56   -25165.282039        0.067900
BFGS:   40 10:48:57   -25165.282452        0.040148
  adding leucine pose 0: IE = -2.88 kcal/mol
      Step     Time          Energy          fmax
BFGS:    0 10:49:03   -25163.679443        1.931938
BFGS:    1 10:49:03   -25163.774526        1.304885
BFGS:    2 10:49:03   -25164.002990        1.215881
BFGS:    3 10:49:04   -25164.092654        1.036578
BFGS:    4 10:49:04   -25164.226185        0.865690
BFGS:    5 10:49:04   -25164.339126        0.822464
BFGS:    6 10:49:04   -25164.449259        0.987682
BFGS:    7 10:49:04   -25164.540563        1.097941
BFGS:    8 10:49:05   -25164.634923        1.087094
BFGS:    9 10:49:05   -25164.736372        0.996783
BFGS:   10 10:49:05   -25164.847883        0.993043
BFGS:   11 10:49:05   -25164.938051        0.572899
BFGS:   12 10:49:06   -25164.988125        0.526480
BFGS:   13 10:49:06   -25165.021149        0.448086
BFGS:   14 10:49:06   -25165.048534        0.428366
BFGS:   15 10:49:06   -25165.072537        0.366384
BFGS:   16 10:49:06   -25165.095840        0.314146
BFGS:   17 10:49:07   -25165.115803        0.393111
BFGS:   18 10:49:07   -25165.131779        0.358367
BFGS:   19 10:49:07   -25165.144874        0.276337
BFGS:   20 10:49:07   -25165.158216        0.256611
BFGS:   21 10:49:07   -25165.174131        0.329019
BFGS:   22 10:49:08   -25165.191426        0.375051
BFGS:   23 10:49:08   -25165.206797        0.364043
BFGS:   24 10:49:08   -25165.219140        0.336377
BFGS:   25 10:49:08   -25165.231077        0.265274
BFGS:   26 10:49:08   -25165.243011        0.275086
BFGS:   27 10:49:09   -25165.252212        0.255421
BFGS:   28 10:49:09   -25165.257076        0.131009
BFGS:   29 10:49:09   -25165.259022        0.077929
BFGS:   30 10:49:09   -25165.260284        0.087982
BFGS:   31 10:49:10   -25165.261747        0.099407
BFGS:   32 10:49:10   -25165.263385        0.105697
BFGS:   33 10:49:10   -25165.264915        0.097268
BFGS:   34 10:49:10   -25165.266195        0.097346
BFGS:   35 10:49:10   -25165.267626        0.089283
BFGS:   36 10:49:11   -25165.269856        0.132377
BFGS:   37 10:49:11   -25165.273407        0.163825
BFGS:   38 10:49:11   -25165.278059        0.148242
BFGS:   39 10:49:11   -25165.282007        0.129640
BFGS:   40 10:49:11   -25165.284496        0.114084
BFGS:   41 10:49:12   -25165.286974        0.122534
BFGS:   42 10:49:12   -25165.289168        0.104140
BFGS:   43 10:49:12   -25165.290379        0.061374
BFGS:   44 10:49:12   -25165.290882        0.047709
  adding leucine pose 1: IE = -3.09 kcal/mol
      Step     Time          Energy          fmax
BFGS:    0 10:49:16   -25165.232054        0.058890
BFGS:    1 10:49:16   -25165.232160        0.042498
  adding leucine pose 2: IE = -1.61 kcal/mol
      Step     Time          Energy          fmax
BFGS:    0 10:49:27   -25161.492870        5.683961
BFGS:    1 10:49:27   -25161.941554        3.330958
BFGS:    2 10:49:27   -25162.558109        3.182967
BFGS:    3 10:49:27   -25163.262733        1.879504
BFGS:    4 10:49:27   -25163.646328        1.500118
BFGS:    5 10:49:28   -25163.858937        1.573389
BFGS:    6 10:49:28   -25164.124662        1.766444
BFGS:    7 10:49:28   -25164.358825        1.893296
BFGS:    8 10:49:28   -25164.533862        1.736413
BFGS:    9 10:49:28   -25164.695241        1.080464
BFGS:   10 10:49:29   -25164.786667        0.660700
BFGS:   11 10:49:29   -25164.822583        0.611864
BFGS:   12 10:49:29   -25164.871450        0.519889
BFGS:   13 10:49:29   -25164.896482        0.339721
BFGS:   14 10:49:29   -25164.912188        0.322826
BFGS:   15 10:49:30   -25164.924504        0.294084
BFGS:   16 10:49:30   -25164.938609        0.330036
BFGS:   17 10:49:30   -25164.951849        0.223475
BFGS:   18 10:49:30   -25164.963097        0.223126
BFGS:   19 10:49:30   -25164.973188        0.357381
BFGS:   20 10:49:31   -25164.985049        0.473131
BFGS:   21 10:49:31   -25165.000104        0.460739
BFGS:   22 10:49:31   -25165.015809        0.310827
BFGS:   23 10:49:31   -25165.028885        0.278660
BFGS:   24 10:49:31   -25165.041226        0.328641
BFGS:   25 10:49:32   -25165.055021        0.402740
BFGS:   26 10:49:32   -25165.067763        0.320933
BFGS:   27 10:49:32   -25165.077919        0.285598
BFGS:   28 10:49:32   -25165.086265        0.270171
BFGS:   29 10:49:32   -25165.095163        0.296313
BFGS:   30 10:49:33   -25165.105657        0.364753
BFGS:   31 10:49:33   -25165.116953        0.362276
BFGS:   32 10:49:33   -25165.128107        0.333629
BFGS:   33 10:49:33   -25165.139379        0.257877
BFGS:   34 10:49:33   -25165.148622        0.235276
BFGS:   35 10:49:34   -25165.155039        0.207657
BFGS:   36 10:49:34   -25165.161256        0.242188
BFGS:   37 10:49:34   -25165.168968        0.238035
BFGS:   38 10:49:34   -25165.176870        0.177480
BFGS:   39 10:49:34   -25165.182859        0.160906
BFGS:   40 10:49:35   -25165.186694        0.167091
BFGS:   41 10:49:35   -25165.189626        0.211229
BFGS:   42 10:49:35   -25165.192682        0.146105
BFGS:   43 10:49:35   -25165.196449        0.140890
BFGS:   44 10:49:35   -25165.197974        0.128205
BFGS:   45 10:49:36   -25165.200298        0.115484
BFGS:   46 10:49:36   -25165.202542        0.109503
BFGS:   47 10:49:36   -25165.204692        0.095353
BFGS:   48 10:49:36   -25165.206100        0.075798
BFGS:   49 10:49:36   -25165.207222        0.092834
BFGS:   50 10:49:37   -25165.208234        0.080628
BFGS:   51 10:49:37   -25165.208992        0.048988
  adding leucine pose 3: IE = -1.18 kcal/mol
      Step     Time          Energy          fmax
BFGS:    0 10:49:45   -25165.137481        0.267990
BFGS:    1 10:49:45   -25165.138356        0.168319
BFGS:    2 10:49:45   -25165.139855        0.183446
BFGS:    3 10:49:45   -25165.141035        0.132884
BFGS:    4 10:49:46   -25165.141905        0.103856
BFGS:    5 10:49:46   -25165.142664        0.103982
BFGS:    6 10:49:46   -25165.143593        0.120189
BFGS:    7 10:49:46   -25165.144611        0.111207
BFGS:    8 10:49:46   -25165.145599        0.132635
BFGS:    9 10:49:46   -25165.146538        0.111362
BFGS:   10 10:49:47   -25165.147537        0.150187
BFGS:   11 10:49:47   -25165.148613        0.162965
BFGS:   12 10:49:47   -25165.149616        0.107077
BFGS:   13 10:49:47   -25165.150435        0.089329
BFGS:   14 10:49:47   -25165.151188        0.083024
BFGS:   15 10:49:48   -25165.152030        0.113826
BFGS:   16 10:49:48   -25165.152946        0.090900
BFGS:   17 10:49:48   -25165.153865        0.096164
BFGS:   18 10:49:48   -25165.154873        0.088715
BFGS:   19 10:49:48   -25165.156224        0.159797
BFGS:   20 10:49:49   -25165.158164        0.197379
BFGS:   21 10:49:49   -25165.160629        0.156146
BFGS:   22 10:49:49   -25165.163187        0.127022
BFGS:   23 10:49:49   -25165.165657        0.163309
BFGS:   24 10:49:49   -25165.168400        0.185142
BFGS:   25 10:49:49   -25165.171628        0.181098
BFGS:   26 10:49:50   -25165.175128        0.151673
BFGS:   27 10:49:50   -25165.178360        0.116797
BFGS:   28 10:49:50   -25165.180810        0.094190
BFGS:   29 10:49:50   -25165.182291        0.092597
BFGS:   30 10:49:50   -25165.183039        0.052880
BFGS:   31 10:49:50   -25165.183420        0.043695
  adding leucine pose 4: IE = -0.62 kcal/mol
Added 5 leucine fragments
Fragment: serine
      Step     Time          Energy          fmax
BFGS:    0 10:50:03   -23997.635523        6.631762
BFGS:    1 10:50:03   -23998.514803        4.927687
BFGS:    2 10:50:03   -24000.148629        4.336665
BFGS:    3 10:50:03   -24001.163462        2.398547
BFGS:    4 10:50:03   -24001.838697        2.291786
BFGS:    5 10:50:04   -24002.220974        2.054203
BFGS:    6 10:50:04   -24002.600472        2.071993
BFGS:    7 10:50:04   -24002.965547        1.978594
BFGS:    8 10:50:04   -24003.265529        1.916294
BFGS:    9 10:50:04   -24003.456222        1.563208
BFGS:   10 10:50:04   -24003.545929        0.873506
BFGS:   11 10:50:05   -24003.589412        0.585128
BFGS:   12 10:50:05   -24003.624199        0.644380
BFGS:   13 10:50:05   -24003.665666        0.589295
BFGS:   14 10:50:05   -24003.680407        0.309467
BFGS:   15 10:50:05   -24003.688200        0.275364
BFGS:   16 10:50:06   -24003.692841        0.257980
BFGS:   17 10:50:06   -24003.695895        0.175528
BFGS:   18 10:50:06   -24003.697205        0.105004
BFGS:   19 10:50:06   -24003.697657        0.078990
BFGS:   20 10:50:06   -24003.698032        0.098110
BFGS:   21 10:50:06   -24003.698738        0.114591
BFGS:   22 10:50:07   -24003.699831        0.122142
BFGS:   23 10:50:07   -24003.701152        0.123485
BFGS:   24 10:50:07   -24003.702566        0.111541
BFGS:   25 10:50:07   -24003.704158        0.152836
BFGS:   26 10:50:07   -24003.706196        0.155437
BFGS:   27 10:50:08   -24003.708939        0.166873
BFGS:   28 10:50:08   -24003.712776        0.209013
BFGS:   29 10:50:08   -24003.717913        0.519827
BFGS:   30 10:50:08   -24003.726185        0.580481
BFGS:   31 10:50:08   -24003.740490        0.349680
BFGS:   32 10:50:08   -24003.707807        2.036567
BFGS:   33 10:50:09   -24003.749026        0.137444
BFGS:   34 10:50:09   -24003.750948        0.116658
BFGS:   35 10:50:09   -24003.753120        0.360482
BFGS:   36 10:50:09   -24003.754270        0.219176
BFGS:   37 10:50:09   -24003.757080        0.115444
BFGS:   38 10:50:10   -24003.760173        0.215480
BFGS:   39 10:50:10   -24003.760971        0.159868
BFGS:   40 10:50:10   -24003.761869        0.058459
BFGS:   41 10:50:10   -24003.762172        0.096579
BFGS:   42 10:50:10   -24003.762106        0.156890
BFGS:   43 10:50:10   -24003.762349        0.023987
  adding serine pose 0: IE = -3.43 kcal/mol
      Step     Time          Energy          fmax
BFGS:    0 10:50:15   -23995.601250        9.140955
BFGS:    1 10:50:15   -23996.967470        5.166141
BFGS:    2 10:50:15   -23999.016425        6.189974
BFGS:    3 10:50:15   -24000.683443        3.241014
BFGS:    4 10:50:15   -24001.717414        2.643186
BFGS:    5 10:50:15   -24002.354353        1.817186
BFGS:    6 10:50:16   -24002.755740        1.817844
BFGS:    7 10:50:16   -24003.072615        1.842073
BFGS:    8 10:50:16   -24003.330716        1.696590
BFGS:    9 10:50:16   -24003.519921        1.341393
BFGS:   10 10:50:16   -24003.616424        0.747135
BFGS:   11 10:50:16   -24003.639699        0.391820
BFGS:   12 10:50:17   -24003.650300        0.317736
BFGS:   13 10:50:17   -24003.660185        0.419897
BFGS:   14 10:50:17   -24003.672857        0.451929
BFGS:   15 10:50:17   -24003.680673        0.239264
BFGS:   16 10:50:17   -24003.683586        0.120182
BFGS:   17 10:50:17   -24003.684647        0.116896
BFGS:   18 10:50:18   -24003.685544        0.116578
BFGS:   19 10:50:18   -24003.686804        0.134281
BFGS:   20 10:50:18   -24003.688436        0.173587
BFGS:   21 10:50:18   -24003.690708        0.171314
BFGS:   22 10:50:18   -24003.694038        0.212566
BFGS:   23 10:50:18   -24003.698333        0.271175
BFGS:   24 10:50:18   -24003.702035        0.231712
BFGS:   25 10:50:19   -24003.704424        0.131793
BFGS:   26 10:50:19   -24003.705321        0.112868
BFGS:   27 10:50:19   -24003.706622        0.115275
BFGS:   28 10:50:19   -24003.709342        0.143805
BFGS:   29 10:50:19   -24003.710467        0.123548
BFGS:   30 10:50:19   -24003.711038        0.124393
BFGS:   31 10:50:20   -24003.711654        0.100588
BFGS:   32 10:50:20   -24003.712084        0.086695
BFGS:   33 10:50:20   -24003.712323        0.054789
BFGS:   34 10:50:20   -24003.712382        0.025947
  adding serine pose 1: IE = -2.27 kcal/mol
      Step     Time          Energy          fmax
BFGS:    0 10:50:22   -24003.490827        0.674765
BFGS:    1 10:50:23   -24003.497283        0.337919
BFGS:    2 10:50:23   -24003.502425        0.394240
BFGS:    3 10:50:23   -24003.509617        0.331494
BFGS:    4 10:50:23   -24003.514936        0.266566
BFGS:    5 10:50:23   -24003.521987        0.330051
BFGS:    6 10:50:23   -24003.533379        0.455091
BFGS:    7 10:50:24   -24003.550060        0.564997
BFGS:    8 10:50:24   -24003.566171        0.398259
BFGS:    9 10:50:24   -24003.578639        0.434001
BFGS:   10 10:50:24   -24003.591041        0.515382
BFGS:   11 10:50:24   -24003.606476        0.695862
BFGS:   12 10:50:24   -24003.624630        0.694719
BFGS:   13 10:50:24   -24003.642179        0.393373
BFGS:   14 10:50:25   -24003.654845        0.307383
BFGS:   15 10:50:25   -24003.662751        0.324319
BFGS:   16 10:50:25   -24003.670020        0.352921
BFGS:   17 10:50:25   -24003.674144        0.180300
BFGS:   18 10:50:25   -24003.675032        0.066098
BFGS:   19 10:50:25   -24003.675216        0.048510
  adding serine pose 2: IE = -1.54 kcal/mol
      Step     Time          Energy          fmax
BFGS:    0 10:50:26   -23986.884351       22.840628
BFGS:    1 10:50:26   -23991.088311        6.845839
BFGS:    2 10:50:26   -23993.108386        4.566103
BFGS:    3 10:50:27   -23995.205964        3.567479
BFGS:    4 10:50:27   -23996.598070        3.656927
BFGS:    5 10:50:27   -23997.746996        3.858157
BFGS:    6 10:50:27   -23998.798363        3.750997
BFGS:    7 10:50:27   -23999.775742        3.872380
BFGS:    8 10:50:27   -24000.638460        4.052401
BFGS:    9 10:50:28   -24001.225286        3.836413
BFGS:   10 10:50:28   -24001.775124        4.207179
BFGS:   11 10:50:28   -24002.340068        3.702761
BFGS:   12 10:50:28   -24002.821153        2.795375
BFGS:   13 10:50:28   -24003.175478        1.723985
BFGS:   14 10:50:28   -24003.385797        1.400332
BFGS:   15 10:50:29   -24003.469377        1.119175
BFGS:   16 10:50:29   -24003.550849        1.138382
BFGS:   17 10:50:29   -24003.597760        0.838640
BFGS:   18 10:50:29   -24003.630221        0.549007
BFGS:   19 10:50:29   -24003.654142        0.434425
BFGS:   20 10:50:29   -24003.674193        0.508566
BFGS:   21 10:50:29   -24003.687564        0.401639
BFGS:   22 10:50:30   -24003.692870        0.219199
BFGS:   23 10:50:30   -24003.695557        0.174984
BFGS:   24 10:50:30   -24003.698076        0.180704
BFGS:   25 10:50:30   -24003.700382        0.204649
BFGS:   26 10:50:30   -24003.702250        0.172253
BFGS:   27 10:50:30   -24003.703847        0.126329
BFGS:   28 10:50:31   -24003.705506        0.171925
BFGS:   29 10:50:31   -24003.707389        0.158236
BFGS:   30 10:50:31   -24003.708920        0.098968
BFGS:   31 10:50:31   -24003.709527        0.059906
BFGS:   32 10:50:31   -24003.709754        0.043015
  adding serine pose 3: IE = -2.25 kcal/mol
      Step     Time          Energy          fmax
BFGS:    0 10:50:34   -24003.670370        0.362442
BFGS:    1 10:50:34   -24003.672826        0.161192
BFGS:    2 10:50:34   -24003.673573        0.139303
BFGS:    3 10:50:34   -24003.675155        0.188956
BFGS:    4 10:50:35   -24003.678530        0.361729
BFGS:    5 10:50:35   -24003.682204        0.374658
BFGS:    6 10:50:35   -24003.687643        0.293566
BFGS:    7 10:50:35   -24003.695040        0.346779
BFGS:    8 10:50:35   -24003.705134        0.455298
BFGS:    9 10:50:35   -24003.716980        0.575966
BFGS:   10 10:50:36   -24003.727250        0.405829
BFGS:   11 10:50:36   -24003.732007        0.208016
BFGS:   12 10:50:36   -24003.734239        0.115344
BFGS:   13 10:50:36   -24003.735265        0.112640
BFGS:   14 10:50:36   -24003.735844        0.094984
BFGS:   15 10:50:36   -24003.736254        0.077775
BFGS:   16 10:50:36   -24003.736644        0.094675
BFGS:   17 10:50:37   -24003.737121        0.111492
BFGS:   18 10:50:37   -24003.737741        0.107502
BFGS:   19 10:50:37   -24003.738274        0.097635
BFGS:   20 10:50:37   -24003.738862        0.112101
BFGS:   21 10:50:37   -24003.739598        0.142148
BFGS:   22 10:50:37   -24003.740735        0.167350
BFGS:   23 10:50:38   -24003.742260        0.156656
BFGS:   24 10:50:38   -24003.744014        0.167446
BFGS:   25 10:50:38   -24003.745545        0.132409
BFGS:   26 10:50:38   -24003.746745        0.110133
BFGS:   27 10:50:38   -24003.747741        0.108213
BFGS:   28 10:50:38   -24003.748211        0.159340
BFGS:   29 10:50:39   -24003.748669        0.112861
BFGS:   30 10:50:39   -24003.748990        0.067047
BFGS:   31 10:50:39   -24003.749209        0.036329
  adding serine pose 4: IE = -3.10 kcal/mol
      Step     Time          Energy          fmax
BFGS:    0 10:50:40   -23998.844669       13.073278
BFGS:    1 10:50:40   -24000.351378        8.227938
BFGS:    2 10:50:40   -24001.613439        3.361290
BFGS:    3 10:50:40   -24001.997205        2.575356
BFGS:    4 10:50:40   -24002.363867        2.166208
BFGS:    5 10:50:41   -24002.685657        1.538153
BFGS:    6 10:50:41   -24002.945580        1.699994
BFGS:    7 10:50:41   -24003.123947        1.478837
BFGS:    8 10:50:41   -24003.262090        0.883481
BFGS:    9 10:50:41   -24003.314930        0.876970
BFGS:   10 10:50:41   -24003.360285        0.818567
BFGS:   11 10:50:42   -24003.404096        0.605533
BFGS:   12 10:50:42   -24003.426360        0.450718
BFGS:   13 10:50:42   -24003.442471        0.474209
BFGS:   14 10:50:42   -24003.460589        0.492992
BFGS:   15 10:50:42   -24003.486223        0.521440
BFGS:   16 10:50:42   -24003.519223        0.633155
BFGS:   17 10:50:42   -24003.552205        0.472624
BFGS:   18 10:50:43   -24003.575041        0.565480
BFGS:   19 10:50:43   -24003.591077        0.320898
BFGS:   20 10:50:43   -24003.593892        0.930796
BFGS:   21 10:50:43   -24003.603687        0.180506
BFGS:   22 10:50:43   -24003.607903        0.133630
BFGS:   23 10:50:43   -24003.611302        0.323323
BFGS:   24 10:50:43   -24003.612900        0.154165
BFGS:   25 10:50:44   -24003.615711        0.111317
BFGS:   26 10:50:44   -24003.618213        0.190460
BFGS:   27 10:50:44   -24003.618885        0.087661
BFGS:   28 10:50:44   -24003.619320        0.092280
BFGS:   29 10:50:44   -24003.619721        0.132875
BFGS:   30 10:50:44   -24003.620181        0.124570
BFGS:   31 10:50:44   -24003.620445        0.093944
BFGS:   32 10:50:45   -24003.620851        0.069499
BFGS:   33 10:50:45   -24003.621164        0.041081
  adding serine pose 5: IE = -0.16 kcal/mol
      Step     Time          Energy          fmax
BFGS:    0 10:50:50   -23982.256690       35.428852
BFGS:    1 10:50:50   -23989.947401       16.118870
BFGS:    2 10:50:50   -23994.237855        9.833175
BFGS:    3 10:50:50   -23996.861530        5.026714
BFGS:    4 10:50:51   -23998.292945        2.308105
BFGS:    5 10:50:51   -23998.979661        2.158914
BFGS:    6 10:50:51   -23999.514561        2.789001
BFGS:    7 10:50:51   -24000.305847        4.226337
BFGS:    8 10:50:51   -24001.085503        4.840069
BFGS:    9 10:50:51   -24001.703720        3.677906
BFGS:   10 10:50:52   -24002.200172        3.511641
BFGS:   11 10:50:52   -24002.884397        2.031561
BFGS:   12 10:50:52   -24003.156393        2.022666
BFGS:   13 10:50:52   -24003.396126        2.393657
BFGS:   14 10:50:52   -24003.580608        1.924503
BFGS:   15 10:50:52   -24003.750724        1.158885
BFGS:   16 10:50:53   -24003.805035        0.721896
BFGS:   17 10:50:53   -24003.828472        0.337999
BFGS:   18 10:50:53   -24003.834528        0.203384
BFGS:   19 10:50:53   -24003.843701        0.286831
BFGS:   20 10:50:53   -24003.849512        0.306886
BFGS:   21 10:50:53   -24003.855023        0.384977
BFGS:   22 10:50:54   -24003.860590        0.359762
BFGS:   23 10:50:54   -24003.866497        0.337536
BFGS:   24 10:50:54   -24003.870394        0.190818
BFGS:   25 10:50:54   -24003.872206        0.166928
BFGS:   26 10:50:54   -24003.873104        0.109185
BFGS:   27 10:50:54   -24003.873621        0.073920
BFGS:   28 10:50:54   -24003.873966        0.066858
BFGS:   29 10:50:55   -24003.874404        0.088118
BFGS:   30 10:50:55   -24003.875096        0.098053
BFGS:   31 10:50:55   -24003.876058        0.129246
BFGS:   32 10:50:55   -24003.877130        0.160641
BFGS:   33 10:50:55   -24003.878285        0.155459
BFGS:   34 10:50:55   -24003.879760        0.147435
BFGS:   35 10:50:56   -24003.881286        0.132965
BFGS:   36 10:50:56   -24003.882346        0.092006
BFGS:   37 10:50:56   -24003.882887        0.068528
BFGS:   38 10:50:56   -24003.883155        0.054038
BFGS:   39 10:50:56   -24003.883409        0.063799
BFGS:   40 10:50:56   -24003.883759        0.075538
BFGS:   41 10:50:57   -24003.884245        0.096431
BFGS:   42 10:50:57   -24003.884869        0.097772
BFGS:   43 10:50:57   -24003.885663        0.100481
BFGS:   44 10:50:57   -24003.886723        0.115131
BFGS:   45 10:50:57   -24003.888544        0.183057
BFGS:   46 10:50:57   -24003.891694        0.219512
BFGS:   47 10:50:58   -24003.894686        0.153133
BFGS:   48 10:50:58   -24003.895569        0.054521
BFGS:   49 10:50:58   -24003.895673        0.042122
  adding serine pose 6: IE = -6.62 kcal/mol
      Step     Time          Energy          fmax
BFGS:    0 10:51:01   -24003.701711        0.333824
BFGS:    1 10:51:01   -24003.703825        0.144871
BFGS:    2 10:51:02   -24003.704094        0.059677
BFGS:    3 10:51:02   -24003.704250        0.058631
BFGS:    4 10:51:02   -24003.704637        0.054373
BFGS:    5 10:51:02   -24003.704818        0.051657
BFGS:    6 10:51:02   -24003.705221        0.086986
BFGS:    7 10:51:02   -24003.705605        0.108429
BFGS:    8 10:51:03   -24003.706302        0.124940
BFGS:    9 10:51:03   -24003.707306        0.131971
BFGS:   10 10:51:03   -24003.708581        0.122245
BFGS:   11 10:51:03   -24003.709635        0.107097
BFGS:   12 10:51:03   -24003.710241        0.076923
BFGS:   13 10:51:03   -24003.710719        0.087654
BFGS:   14 10:51:03   -24003.711158        0.079565
BFGS:   15 10:51:04   -24003.711459        0.060221
BFGS:   16 10:51:04   -24003.711584        0.120362
BFGS:   17 10:51:04   -24003.711817        0.055634
BFGS:   18 10:51:04   -24003.712043        0.054001
BFGS:   19 10:51:04   -24003.712383        0.075951
BFGS:   20 10:51:04   -24003.712822        0.082259
BFGS:   21 10:51:05   -24003.713381        0.085163
BFGS:   22 10:51:05   -24003.714098        0.108796
BFGS:   23 10:51:05   -24003.715086        0.138869
BFGS:   24 10:51:05   -24003.716369        0.132287
BFGS:   25 10:51:05   -24003.717732        0.118239
BFGS:   26 10:51:05   -24003.718995        0.130778
BFGS:   27 10:51:05   -24003.720522        0.191705
BFGS:   28 10:51:06   -24003.722408        0.241499
BFGS:   29 10:51:06   -24003.724193        0.178729
BFGS:   30 10:51:06   -24003.725078        0.067900
BFGS:   31 10:51:06   -24003.725239        0.037145
  adding serine pose 7: IE = -2.61 kcal/mol
      Step     Time          Energy          fmax
BFGS:    0 10:51:11   -23987.503899       23.582209
BFGS:    1 10:51:11   -23991.282875        9.579277
BFGS:    2 10:51:11   -23994.481013        8.878366
BFGS:    3 10:51:12   -23996.663996        6.357206
BFGS:    4 10:51:12   -23998.227886        3.263860
BFGS:    5 10:51:12   -23999.370138        2.725524
BFGS:    6 10:51:12   -24000.211926        2.808982
BFGS:    7 10:51:12   -24000.965579        2.903173
BFGS:    8 10:51:12   -24001.595205        2.674442
BFGS:    9 10:51:13   -24002.149338        2.377768
BFGS:   10 10:51:13   -24002.634305        2.151777
BFGS:   11 10:51:13   -24003.037776        1.675984
BFGS:   12 10:51:13   -24003.331278        1.090436
BFGS:   13 10:51:13   -24003.499367        1.126624
BFGS:   14 10:51:13   -24003.554581        1.009025
BFGS:   15 10:51:14   -24003.593415        0.867506
BFGS:   16 10:51:14   -24003.612688        0.902812
BFGS:   17 10:51:14   -24003.637060        0.441666
BFGS:   18 10:51:14   -24003.652773        0.403803
BFGS:   19 10:51:14   -24003.659685        0.319342
BFGS:   20 10:51:14   -24003.663800        0.210990
BFGS:   21 10:51:14   -24003.669052        0.180075
BFGS:   22 10:51:15   -24003.673555        0.175427
BFGS:   23 10:51:15   -24003.676168        0.121939
BFGS:   24 10:51:15   -24003.677242        0.107900
BFGS:   25 10:51:15   -24003.678141        0.135044
BFGS:   26 10:51:15   -24003.678940        0.131811
BFGS:   27 10:51:15   -24003.679439        0.089085
BFGS:   28 10:51:16   -24003.679704        0.046390
  adding serine pose 8: IE = -1.50 kcal/mol
      Step     Time          Energy          fmax
BFGS:    0 10:51:17   -23999.619814        5.570144
BFGS:    1 10:51:17   -24000.302595        4.107978
BFGS:    2 10:51:17   -24001.349004        2.867924
BFGS:    3 10:51:17   -24002.025911        2.315678
BFGS:    4 10:51:18   -24002.407761        2.136187
BFGS:    5 10:51:18   -24002.713513        2.026971
BFGS:    6 10:51:18   -24003.038172        1.942109
BFGS:    7 10:51:18   -24003.317193        1.918767
BFGS:    8 10:51:18   -24003.553634        1.787163
BFGS:    9 10:51:18   -24003.681168        1.104110
BFGS:   10 10:51:19   -24003.739773        0.657210
BFGS:   11 10:51:19   -24003.767345        0.499013
BFGS:   12 10:51:19   -24003.816341        0.408580
BFGS:   13 10:51:19   -24003.834775        0.372371
BFGS:   14 10:51:19   -24003.841885        0.372577
BFGS:   15 10:51:19   -24003.847737        0.310533
BFGS:   16 10:51:20   -24003.852507        0.194492
BFGS:   17 10:51:20   -24003.854830        0.134088
BFGS:   18 10:51:20   -24003.856209        0.141549
BFGS:   19 10:51:20   -24003.857488        0.130822
BFGS:   20 10:51:20   -24003.858854        0.136203
BFGS:   21 10:51:20   -24003.860232        0.159392
BFGS:   22 10:51:20   -24003.861821        0.146236
BFGS:   23 10:51:21   -24003.863812        0.148818
BFGS:   24 10:51:21   -24003.866081        0.162315
BFGS:   25 10:51:21   -24003.868039        0.133838
BFGS:   26 10:51:21   -24003.869413        0.084504
BFGS:   27 10:51:21   -24003.870268        0.080792
BFGS:   28 10:51:22   -24003.870925        0.088634
BFGS:   29 10:51:22   -24003.871627        0.114321
BFGS:   30 10:51:22   -24003.872429        0.094866
BFGS:   31 10:51:22   -24003.873294        0.092993
BFGS:   32 10:51:22   -24003.874353        0.112250
BFGS:   33 10:51:22   -24003.875057        0.116966
BFGS:   34 10:51:23   -24003.876752        0.110658
BFGS:   35 10:51:23   -24003.878442        0.118295
BFGS:   36 10:51:23   -24003.880448        0.156529
BFGS:   37 10:51:23   -24003.882587        0.190935
BFGS:   38 10:51:23   -24003.886126        0.210958
BFGS:   39 10:51:23   -24003.891987        0.222365
BFGS:   40 10:51:23   -24003.900462        0.226170
BFGS:   41 10:51:24   -24003.906514        0.178016
BFGS:   42 10:51:24   -24003.903649        0.496392
BFGS:   43 10:51:24   -24003.909042        0.145964
BFGS:   44 10:51:24   -24003.910320        0.075034
BFGS:   45 10:51:24   -24003.910738        0.070406
BFGS:   46 10:51:24   -24003.911078        0.052755
BFGS:   47 10:51:25   -24003.911366        0.052492
BFGS:   48 10:51:25   -24003.911674        0.040914
  adding serine pose 9: IE = -6.92 kcal/mol
      Step     Time          Energy          fmax
BFGS:    0 10:51:31   -23996.615139       11.930611
BFGS:    1 10:51:31   -23998.058801        7.666847
BFGS:    2 10:51:31   -23999.482643        4.095360
BFGS:    3 10:51:31   -24000.788597        2.536364
BFGS:    4 10:51:31   -24001.669930        1.944568
BFGS:    5 10:51:31   -24002.278848        1.730825
BFGS:    6 10:51:31   -24002.708386        1.882497
BFGS:    7 10:51:32   -24003.020206        1.894669
BFGS:    8 10:51:32   -24003.239585        1.705672
BFGS:    9 10:51:32   -24003.398285        1.254157
BFGS:   10 10:51:32   -24003.515419        1.109345
BFGS:   11 10:51:32   -24003.573305        0.614632
BFGS:   12 10:51:32   -24003.591195        0.544506
BFGS:   13 10:51:32   -24003.611920        0.390952
BFGS:   14 10:51:33   -24003.629439        0.436814
BFGS:   15 10:51:33   -24003.642154        0.299899
BFGS:   16 10:51:33   -24003.650282        0.353232
BFGS:   17 10:51:33   -24003.657120        0.348966
BFGS:   18 10:51:33   -24003.661555        0.204945
BFGS:   19 10:51:33   -24003.664351        0.157748
BFGS:   20 10:51:34   -24003.665966        0.129813
BFGS:   21 10:51:34   -24003.668098        0.157671
BFGS:   22 10:51:34   -24003.670719        0.159599
BFGS:   23 10:51:34   -24003.673081        0.150580
BFGS:   24 10:51:34   -24003.675239        0.203514
BFGS:   25 10:51:34   -24003.677908        0.196802
BFGS:   26 10:51:34   -24003.680468        0.183594
BFGS:   27 10:51:35   -24003.682432        0.142482
BFGS:   28 10:51:35   -24003.684055        0.091225
BFGS:   29 10:51:35   -24003.685503        0.108475
BFGS:   30 10:51:35   -24003.686338        0.091521
BFGS:   31 10:51:35   -24003.686686        0.054017
BFGS:   32 10:51:35   -24003.686999        0.056700
BFGS:   33 10:51:35   -24003.687437        0.056632
BFGS:   34 10:51:36   -24003.688029        0.108701
BFGS:   35 10:51:36   -24003.688655        0.110265
BFGS:   36 10:51:36   -24003.689188        0.106789
BFGS:   37 10:51:36   -24003.689581        0.056696
BFGS:   38 10:51:36   -24003.689806        0.050542
BFGS:   39 10:51:36   -24003.690013        0.033221
  adding serine pose 10: IE = -1.75 kcal/mol
      Step     Time          Energy          fmax
BFGS:    0 10:51:37   -24003.582294        0.304718
BFGS:    1 10:51:37   -24003.584285        0.175105
BFGS:    2 10:51:38   -24003.585144        0.142269
BFGS:    3 10:51:38   -24003.587347        0.180635
BFGS:    4 10:51:38   -24003.590317        0.243692
BFGS:    5 10:51:38   -24003.593170        0.227242
BFGS:    6 10:51:38   -24003.596863        0.292219
BFGS:    7 10:51:38   -24003.601859        0.325569
BFGS:    8 10:51:38   -24003.608384        0.380621
BFGS:    9 10:51:39   -24003.615539        0.383007
BFGS:   10 10:51:39   -24003.622826        0.365938
BFGS:   11 10:51:39   -24003.630347        0.315698
BFGS:   12 10:51:39   -24003.638252        0.363370
BFGS:   13 10:51:39   -24003.645328        0.336033
BFGS:   14 10:51:39   -24003.650500        0.239556
BFGS:   15 10:51:40   -24003.654338        0.207985
BFGS:   16 10:51:40   -24003.657233        0.208632
BFGS:   17 10:51:40   -24003.659041        0.141096
BFGS:   18 10:51:40   -24003.659814        0.076789
BFGS:   19 10:51:40   -24003.660148        0.068612
BFGS:   20 10:51:40   -24003.660409        0.053932
BFGS:   21 10:51:40   -24003.660644        0.053273
BFGS:   22 10:51:41   -24003.660829        0.056073
BFGS:   23 10:51:41   -24003.661000        0.056800
BFGS:   24 10:51:41   -24003.661228        0.064171
BFGS:   25 10:51:41   -24003.661791        0.104051
BFGS:   26 10:51:41   -24003.662494        0.128998
BFGS:   27 10:51:41   -24003.663382        0.157091
BFGS:   28 10:51:42   -24003.664203        0.093747
BFGS:   29 10:51:42   -24003.664679        0.045672
  adding serine pose 11: IE = -1.16 kcal/mol
      Step     Time          Energy          fmax
BFGS:    0 10:51:45   -23984.186912       20.675940
BFGS:    1 10:51:45   -23988.882281       14.598188
BFGS:    2 10:51:45   -23992.390028        8.871843
BFGS:    3 10:51:45   -23995.204995        5.129539
BFGS:    4 10:51:45   -23997.431575        4.147483
BFGS:    5 10:51:46   -23999.172695        3.149322
BFGS:    6 10:51:46   -24000.509105        2.428595
BFGS:    7 10:51:46   -24001.507172        2.464552
BFGS:    8 10:51:46   -24002.218788        2.271537
BFGS:    9 10:51:46   -24002.687316        1.801433
BFGS:   10 10:51:46   -24002.957351        1.224679
BFGS:   11 10:51:47   -24003.127460        1.246807
BFGS:   12 10:51:47   -24003.247975        1.024254
BFGS:   13 10:51:47   -24003.336368        0.908778
BFGS:   14 10:51:47   -24003.406437        0.787898
BFGS:   15 10:51:47   -24003.462179        0.720183
BFGS:   16 10:51:47   -24003.518332        0.770294
BFGS:   17 10:51:48   -24003.585599        0.646516
BFGS:   18 10:51:48   -24003.643454        0.513768
BFGS:   19 10:51:48   -24003.680115        0.314621
BFGS:   20 10:51:48   -24003.695526        0.408682
BFGS:   21 10:51:48   -24003.702829        0.387624
BFGS:   22 10:51:48   -24003.708308        0.239217
BFGS:   23 10:51:49   -24003.712799        0.150561
BFGS:   24 10:51:49   -24003.715095        0.113046
BFGS:   25 10:51:49   -24003.715981        0.109579
BFGS:   26 10:51:49   -24003.716977        0.128241
BFGS:   27 10:51:49   -24003.718138        0.176849
BFGS:   28 10:51:49   -24003.720392        0.240819
BFGS:   29 10:51:50   -24003.723351        0.242612
BFGS:   30 10:51:50   -24003.726704        0.203945
BFGS:   31 10:51:50   -24003.729712        0.214567
BFGS:   32 10:51:50   -24003.733260        0.181964
BFGS:   33 10:51:50   -24003.735909        0.137892
BFGS:   34 10:51:50   -24003.737462        0.091627
BFGS:   35 10:51:51   -24003.738068        0.205780
BFGS:   36 10:51:51   -24003.738324        0.146800
BFGS:   37 10:51:51   -24003.739108        0.090437
BFGS:   38 10:51:51   -24003.739573        0.087304
BFGS:   39 10:51:51   -24003.739989        0.086745
BFGS:   40 10:51:51   -24003.740250        0.062366
BFGS:   41 10:51:52   -24003.740632        0.065950
BFGS:   42 10:51:52   -24003.741321        0.097748
BFGS:   43 10:51:52   -24003.742828        0.114148
BFGS:   44 10:51:52   -24003.745653        0.122700
BFGS:   45 10:51:52   -24003.748358        0.289020
BFGS:   46 10:51:52   -24003.745233        0.499520
BFGS:   47 10:51:52   -24003.752515        0.240997
BFGS:   48 10:51:53   -24003.755371        0.301704
BFGS:   49 10:51:53   -24003.770877        0.278940
BFGS:   50 10:51:53   -24003.777635        0.261056
BFGS:   51 10:51:53   -24003.783533        0.504307
BFGS:   52 10:51:53   -24003.792738        0.292255
BFGS:   53 10:51:53   -24003.795063        0.104510
BFGS:   54 10:51:54   -24003.796800        0.190699
BFGS:   55 10:51:54   -24003.797170        0.047352
  adding serine pose 12: IE = -4.22 kcal/mol
      Step     Time          Energy          fmax
BFGS:    0 10:51:55   -24001.700853        4.374768
BFGS:    1 10:51:55   -24001.957069        3.366813
BFGS:    2 10:51:55   -24002.459273        1.579598
BFGS:    3 10:51:55   -24002.656387        1.506624
BFGS:    4 10:51:55   -24002.809951        1.415928
BFGS:    5 10:51:56   -24002.965111        1.111691
BFGS:    6 10:51:56   -24003.147087        1.216054
BFGS:    7 10:51:56   -24003.289027        1.015880
BFGS:    8 10:51:56   -24003.370955        0.849402
BFGS:    9 10:51:56   -24003.414091        0.737941
BFGS:   10 10:51:56   -24003.445515        1.146795
BFGS:   11 10:51:57   -24003.479550        0.765595
BFGS:   12 10:51:57   -24003.510827        0.665456
BFGS:   13 10:51:57   -24003.531722        0.454861
BFGS:   14 10:51:57   -24003.546467        0.505153
BFGS:   15 10:51:57   -24003.583993        0.744510
BFGS:   16 10:51:57   -24003.618600        0.574800
BFGS:   17 10:51:57   -24003.642064        0.962997
BFGS:   18 10:51:58   -24003.639369        1.067818
BFGS:   19 10:51:58   -24003.664158        0.517209
BFGS:   20 10:51:58   -24003.670743        0.259136
BFGS:   21 10:51:58   -24003.678800        0.208907
BFGS:   22 10:51:58   -24003.684612        0.186798
BFGS:   23 10:51:58   -24003.686874        0.116420
BFGS:   24 10:51:59   -24003.687764        0.155756
BFGS:   25 10:51:59   -24003.688472        0.096472
BFGS:   26 10:51:59   -24003.689157        0.082142
BFGS:   27 10:51:59   -24003.690020        0.057921
BFGS:   28 10:51:59   -24003.690187        0.068806
BFGS:   29 10:51:59   -24003.690592        0.081812
BFGS:   30 10:51:59   -24003.691109        0.102673
BFGS:   31 10:52:00   -24003.692019        0.126856
BFGS:   32 10:52:00   -24003.693291        0.151873
BFGS:   33 10:52:00   -24003.695336        0.182722
BFGS:   34 10:52:00   -24003.698648        0.214911
BFGS:   35 10:52:00   -24003.703756        0.202263
BFGS:   36 10:52:00   -24003.708664        0.187977
BFGS:   37 10:52:00   -24003.711235        0.125859
BFGS:   38 10:52:01   -24003.711831        0.177377
BFGS:   39 10:52:01   -24003.713015        0.087243
BFGS:   40 10:52:01   -24003.713341        0.063180
BFGS:   41 10:52:01   -24003.713623        0.033255
  adding serine pose 13: IE = -2.38 kcal/mol
Added 14 serine fragments
Fragment: tryptophan
      Step     Time          Energy          fmax
BFGS:    0 10:52:07   -31824.326121        0.147601
BFGS:    1 10:52:08   -31824.326863        0.098144
BFGS:    2 10:52:08   -31824.327133        0.057936
BFGS:    3 10:52:08   -31824.327367        0.026274
  adding tryptophan pose 0: IE = -1.48 kcal/mol
      Step     Time          Energy          fmax
BFGS:    0 10:52:14   -31817.016429        7.054259
BFGS:    1 10:52:15   -31818.154673        4.618394
BFGS:    2 10:52:15   -31819.659928        2.952114
BFGS:    3 10:52:15   -31820.570777        2.729514
BFGS:    4 10:52:15   -31821.128594        2.313887
BFGS:    5 10:52:16   -31821.600080        1.765428
BFGS:    6 10:52:16   -31821.944013        1.917750
BFGS:    7 10:52:16   -31822.276746        2.134029
BFGS:    8 10:52:16   -31822.729327        1.858865
BFGS:    9 10:52:17   -31823.040868        1.673951
BFGS:   10 10:52:17   -31823.237570        1.175055
BFGS:   11 10:52:17   -31823.461068        1.068766
BFGS:   12 10:52:17   -31823.593994        1.102868
BFGS:   13 10:52:17   -31823.728276        0.910775
BFGS:   14 10:52:18   -31823.797818        0.710399
BFGS:   15 10:52:18   -31823.837797        0.451362
BFGS:   16 10:52:18   -31823.878975        0.478846
BFGS:   17 10:52:18   -31823.921839        0.541688
BFGS:   18 10:52:19   -31823.960126        0.520003
BFGS:   19 10:52:19   -31823.994985        0.409340
BFGS:   20 10:52:19   -31824.031047        0.517000
BFGS:   21 10:52:19   -31824.075768        0.516986
BFGS:   22 10:52:19   -31824.118583        0.546098
BFGS:   23 10:52:20   -31824.158880        0.438805
BFGS:   24 10:52:20   -31824.182968        0.627865
BFGS:   25 10:52:20   -31824.203939        0.356609
BFGS:   26 10:52:20   -31824.217987        0.315563
BFGS:   27 10:52:21   -31824.231840        0.339936
BFGS:   28 10:52:21   -31824.243607        0.342842
BFGS:   29 10:52:21   -31824.258152        0.343764
BFGS:   30 10:52:21   -31824.273652        0.332312
BFGS:   31 10:52:22   -31824.291176        0.321424
BFGS:   32 10:52:22   -31824.308895        0.522570
BFGS:   33 10:52:22   -31824.305888        1.091789
BFGS:   34 10:52:22   -31824.337433        0.310396
BFGS:   35 10:52:22   -31824.349503        0.403679
BFGS:   36 10:52:23   -31824.368499        0.241381
BFGS:   37 10:52:23   -31824.374959        0.266847
BFGS:   38 10:52:23   -31824.385253        0.253178
BFGS:   39 10:52:23   -31824.392437        0.186887
BFGS:   40 10:52:24   -31824.397465        0.180482
BFGS:   41 10:52:24   -31824.402090        0.151920
BFGS:   42 10:52:24   -31824.406861        0.159621
BFGS:   43 10:52:24   -31824.411664        0.162427
BFGS:   44 10:52:25   -31824.416658        0.159620
BFGS:   45 10:52:25   -31824.422316        0.172780
BFGS:   46 10:52:25   -31824.428315        0.189005
BFGS:   47 10:52:25   -31824.433747        0.192224
BFGS:   48 10:52:25   -31824.438040        0.153766
BFGS:   49 10:52:26   -31824.441445        0.124355
BFGS:   50 10:52:26   -31824.444211        0.111186
BFGS:   51 10:52:26   -31824.446860        0.112603
BFGS:   52 10:52:26   -31824.449059        0.108209
BFGS:   53 10:52:27   -31824.450687        0.081637
BFGS:   54 10:52:27   -31824.451987        0.082681
BFGS:   55 10:52:27   -31824.453167        0.102286
BFGS:   56 10:52:27   -31824.454285        0.100685
BFGS:   57 10:52:28   -31824.455219        0.086086
BFGS:   58 10:52:28   -31824.455851        0.077087
BFGS:   59 10:52:28   -31824.456269        0.052729
BFGS:   60 10:52:28   -31824.456610        0.045405
  adding tryptophan pose 1: IE = -4.95 kcal/mol
      Step     Time          Energy          fmax
BFGS:    0 10:52:42   -31822.292896        2.565031
BFGS:    1 10:52:43   -31822.460476        2.078578
BFGS:    2 10:52:43   -31822.856723        1.712848
BFGS:    3 10:52:43   -31822.985428        1.464852
BFGS:    4 10:52:43   -31823.151641        1.247739
BFGS:    5 10:52:44   -31823.286929        1.211895
BFGS:    6 10:52:44   -31823.436757        1.351081
BFGS:    7 10:52:44   -31823.542917        1.321921
BFGS:    8 10:52:44   -31823.639017        0.970454
BFGS:    9 10:52:45   -31823.723170        0.628708
BFGS:   10 10:52:45   -31823.794348        0.698454
BFGS:   11 10:52:45   -31823.865484        0.469875
BFGS:   12 10:52:45   -31823.910428        0.462521
BFGS:   13 10:52:46   -31823.931958        0.397369
BFGS:   14 10:52:46   -31823.950589        0.363164
BFGS:   15 10:52:46   -31823.965255        0.275521
BFGS:   16 10:52:46   -31823.975893        0.258742
BFGS:   17 10:52:47   -31823.985032        0.278345
BFGS:   18 10:52:47   -31823.996307        0.276186
BFGS:   19 10:52:47   -31824.013590        0.304149
BFGS:   20 10:52:47   -31824.036470        0.341989
BFGS:   21 10:52:48   -31824.061989        0.340413
BFGS:   22 10:52:48   -31824.086486        0.336786
BFGS:   23 10:52:48   -31824.111074        0.376013
BFGS:   24 10:52:48   -31824.140379        0.422137
BFGS:   25 10:52:49   -31824.180347        0.421947
BFGS:   26 10:52:49   -31824.228716        0.460093
BFGS:   27 10:52:49   -31824.270715        0.411638
BFGS:   28 10:52:49   -31824.300310        0.334056
BFGS:   29 10:52:50   -31824.322887        0.274933
BFGS:   30 10:52:50   -31824.339653        0.278335
BFGS:   31 10:52:50   -31824.357720        0.313466
BFGS:   32 10:52:50   -31824.374421        0.295666
BFGS:   33 10:52:50   -31824.387353        0.230952
BFGS:   34 10:52:51   -31824.396953        0.208390
BFGS:   35 10:52:51   -31824.404695        0.211456
BFGS:   36 10:52:51   -31824.410333        0.172280
BFGS:   37 10:52:51   -31824.414096        0.154996
BFGS:   38 10:52:52   -31824.416612        0.146559
BFGS:   39 10:52:52   -31824.418692        0.101845
BFGS:   40 10:52:52   -31824.420627        0.115025
BFGS:   41 10:52:52   -31824.422508        0.093657
BFGS:   42 10:52:53   -31824.424192        0.094455
BFGS:   43 10:52:53   -31824.425630        0.097385
BFGS:   44 10:52:53   -31824.426917        0.102300
BFGS:   45 10:52:53   -31824.428246        0.087239
BFGS:   46 10:52:53   -31824.429835        0.112244
BFGS:   47 10:52:54   -31824.431734        0.122689
BFGS:   48 10:52:54   -31824.433772        0.112044
BFGS:   49 10:52:54   -31824.435939        0.112256
BFGS:   50 10:52:54   -31824.438563        0.141282
BFGS:   51 10:52:55   -31824.441784        0.136780
BFGS:   52 10:52:55   -31824.444863        0.111725
BFGS:   53 10:52:55   -31824.446869        0.101644
BFGS:   54 10:52:55   -31824.447966        0.077509
BFGS:   55 10:52:56   -31824.448760        0.055158
BFGS:   56 10:52:56   -31824.449533        0.060194
BFGS:   57 10:52:56   -31824.450262        0.064408
BFGS:   58 10:52:56   -31824.450950        0.058995
BFGS:   59 10:52:56   -31824.451719        0.070145
BFGS:   60 10:52:57   -31824.452733        0.084153
BFGS:   61 10:52:57   -31824.454011        0.075658
BFGS:   62 10:52:57   -31824.455301        0.071612
BFGS:   63 10:52:57   -31824.456427        0.066989
BFGS:   64 10:52:58   -31824.457541        0.072178
BFGS:   65 10:52:58   -31824.458719        0.062404
BFGS:   66 10:52:58   -31824.459774        0.074390
BFGS:   67 10:52:58   -31824.460628        0.064625
BFGS:   68 10:52:59   -31824.461423        0.065641
BFGS:   69 10:52:59   -31824.462217        0.057726
BFGS:   70 10:52:59   -31824.462910        0.055606
BFGS:   71 10:52:59   -31824.463596        0.054799
BFGS:   72 10:52:59   -31824.464537        0.070859
BFGS:   73 10:53:00   -31824.465695        0.079880
BFGS:   74 10:53:00   -31824.466876        0.072734
BFGS:   75 10:53:00   -31824.467815        0.092320
BFGS:   76 10:53:00   -31824.468274        0.104932
BFGS:   77 10:53:01   -31824.469398        0.096166
BFGS:   78 10:53:01   -31824.470544        0.066656
BFGS:   79 10:53:01   -31824.472377        0.063494
BFGS:   80 10:53:01   -31824.473723        0.066449
BFGS:   81 10:53:02   -31824.474721        0.084603
BFGS:   82 10:53:02   -31824.475410        0.078888
BFGS:   83 10:53:02   -31824.477294        0.068985
BFGS:   84 10:53:02   -31824.478708        0.075588
BFGS:   85 10:53:02   -31824.480838        0.090925
BFGS:   86 10:53:03   -31824.482343        0.103355
BFGS:   87 10:53:03   -31824.482960        0.128302
BFGS:   88 10:53:03   -31824.483815        0.121646
BFGS:   89 10:53:03   -31824.484987        0.080920
BFGS:   90 10:53:04   -31824.485672        0.062292
BFGS:   91 10:53:04   -31824.487064        0.050722
BFGS:   92 10:53:04   -31824.487749        0.053200
BFGS:   93 10:53:04   -31824.488417        0.051196
BFGS:   94 10:53:05   -31824.488876        0.049284
  adding tryptophan pose 2: IE = -5.37 kcal/mol
      Step     Time          Energy          fmax
BFGS:    0 10:53:07   -31813.496997       11.287561
BFGS:    1 10:53:07   -31816.077530        6.614924
BFGS:    2 10:53:08   -31818.074419        2.381705
BFGS:    3 10:53:08   -31819.083855        1.983080
BFGS:    4 10:53:08   -31819.630427        1.871086
BFGS:    5 10:53:08   -31820.388816        1.875573
BFGS:    6 10:53:09   -31820.911391        2.282701
BFGS:    7 10:53:09   -31821.409745        1.910626
BFGS:    8 10:53:09   -31821.867856        1.500183
BFGS:    9 10:53:10   -31822.203941        1.533321
BFGS:   10 10:53:10   -31822.463846        1.196570
BFGS:   11 10:53:10   -31822.698792        1.140255
BFGS:   12 10:53:10   -31822.887983        0.975812
BFGS:   13 10:53:11   -31823.075856        1.124937
BFGS:   14 10:53:11   -31823.247752        0.845604
BFGS:   15 10:53:11   -31823.384676        0.805894
BFGS:   16 10:53:11   -31823.515656        0.762097
BFGS:   17 10:53:12   -31823.642416        0.842032
BFGS:   18 10:53:12   -31823.743154        0.680415
BFGS:   19 10:53:12   -31823.825389        0.776530
BFGS:   20 10:53:12   -31823.892852        0.581955
BFGS:   21 10:53:13   -31823.942256        0.556884
BFGS:   22 10:53:13   -31823.993520        0.682590
BFGS:   23 10:53:13   -31824.058287        0.590071
BFGS:   24 10:53:13   -31824.117984        0.605566
BFGS:   25 10:53:14   -31824.166823        0.489180
BFGS:   26 10:53:14   -31824.196359        0.395717
BFGS:   27 10:53:14   -31824.216994        0.322165
BFGS:   28 10:53:15   -31824.238395        0.315927
BFGS:   29 10:53:15   -31824.259635        0.370420
BFGS:   30 10:53:15   -31824.276219        0.314219
BFGS:   31 10:53:15   -31824.291730        0.317051
BFGS:   32 10:53:15   -31824.310286        0.291036
BFGS:   33 10:53:16   -31824.329561        0.263740
BFGS:   34 10:53:16   -31824.345195        0.223339
BFGS:   35 10:53:16   -31824.357771        0.246561
BFGS:   36 10:53:16   -31824.372662        0.323068
BFGS:   37 10:53:17   -31824.391611        0.362039
BFGS:   38 10:53:17   -31824.411271        0.296784
BFGS:   39 10:53:17   -31824.427030        0.316384
BFGS:   40 10:53:17   -31824.437888        0.256388
BFGS:   41 10:53:18   -31824.446597        0.180329
BFGS:   42 10:53:18   -31824.454367        0.170269
BFGS:   43 10:53:18   -31824.460943        0.208588
BFGS:   44 10:53:18   -31824.465984        0.207453
BFGS:   45 10:53:19   -31824.470762        0.166074
BFGS:   46 10:53:19   -31824.475218        0.151388
BFGS:   47 10:53:19   -31824.479581        0.146245
BFGS:   48 10:53:19   -31824.484101        0.159477
BFGS:   49 10:53:20   -31824.489501        0.175818
BFGS:   50 10:53:20   -31824.495491        0.170122
BFGS:   51 10:53:20   -31824.500826        0.143808
BFGS:   52 10:53:20   -31824.504470        0.123000
BFGS:   53 10:53:21   -31824.506878        0.098348
BFGS:   54 10:53:21   -31824.508709        0.101109
BFGS:   55 10:53:21   -31824.510318        0.072110
BFGS:   56 10:53:21   -31824.511454        0.059028
BFGS:   57 10:53:22   -31824.512138        0.050354
BFGS:   58 10:53:22   -31824.512555        0.045948
  adding tryptophan pose 3: IE = -5.85 kcal/mol
      Step     Time          Energy          fmax
BFGS:    0 10:53:31   -31821.872255        3.378999
BFGS:    1 10:53:32   -31822.128412        2.932512
BFGS:    2 10:53:32   -31822.654515        2.615594
BFGS:    3 10:53:32   -31822.944708        1.845467
BFGS:    4 10:53:32   -31823.091655        1.597628
BFGS:    5 10:53:32   -31823.219096        1.624792
BFGS:    6 10:53:33   -31823.344543        1.721576
BFGS:    7 10:53:33   -31823.455000        1.623945
BFGS:    8 10:53:33   -31823.546448        1.050555
BFGS:    9 10:53:33   -31823.591142        0.606944
BFGS:   10 10:53:34   -31823.615893        0.684353
BFGS:   11 10:53:34   -31823.670386        0.736841
BFGS:   12 10:53:34   -31823.710124        0.512469
BFGS:   13 10:53:34   -31823.734561        0.382571
BFGS:   14 10:53:34   -31823.753924        0.331520
BFGS:   15 10:53:35   -31823.772511        0.370654
BFGS:   16 10:53:35   -31823.790580        0.344869
BFGS:   17 10:53:35   -31823.810448        0.409260
BFGS:   18 10:53:35   -31823.834534        0.496752
BFGS:   19 10:53:35   -31823.867168        0.590469
BFGS:   20 10:53:36   -31823.908318        0.506537
BFGS:   21 10:53:36   -31823.949349        0.477880
BFGS:   22 10:53:36   -31823.984882        0.425777
BFGS:   23 10:53:36   -31824.022515        0.618510
BFGS:   24 10:53:36   -31824.068412        0.666412
BFGS:   25 10:53:37   -31824.115211        0.462001
BFGS:   26 10:53:37   -31824.153071        0.380116
BFGS:   27 10:53:37   -31824.179311        0.346054
BFGS:   28 10:53:37   -31824.196052        0.435757
BFGS:   29 10:53:38   -31824.209515        0.296670
BFGS:   30 10:53:38   -31824.222299        0.263553
BFGS:   31 10:53:38   -31824.232164        0.290098
BFGS:   32 10:53:38   -31824.241455        0.359005
BFGS:   33 10:53:38   -31824.250822        0.374935
BFGS:   34 10:53:39   -31824.259953        0.181523
BFGS:   35 10:53:39   -31824.265404        0.166872
BFGS:   36 10:53:39   -31824.269344        0.208641
BFGS:   37 10:53:39   -31824.272571        0.191562
BFGS:   38 10:53:39   -31824.275940        0.117144
BFGS:   39 10:53:40   -31824.279092        0.137025
BFGS:   40 10:53:40   -31824.281863        0.138886
BFGS:   41 10:53:40   -31824.284372        0.192481
BFGS:   42 10:53:40   -31824.286923        0.125207
BFGS:   43 10:53:40   -31824.289539        0.110524
BFGS:   44 10:53:41   -31824.292061        0.125288
BFGS:   45 10:53:41   -31824.294573        0.113665
BFGS:   46 10:53:41   -31824.297397        0.144379
BFGS:   47 10:53:41   -31824.300451        0.122862
BFGS:   48 10:53:42   -31824.303237        0.117489
BFGS:   49 10:53:42   -31824.305433        0.112626
BFGS:   50 10:53:42   -31824.307271        0.115055
BFGS:   51 10:53:42   -31824.308885        0.099076
BFGS:   52 10:53:42   -31824.310108        0.066128
BFGS:   53 10:53:43   -31824.310809        0.049610
  adding tryptophan pose 4: IE = -2.33 kcal/mol
      Step     Time          Energy          fmax
BFGS:    0 10:53:45   -31822.101693        3.910822
BFGS:    1 10:53:46   -31822.391651        3.101322
BFGS:    2 10:53:46   -31822.958430        2.231999
BFGS:    3 10:53:46   -31823.198839        2.142961
BFGS:    4 10:53:46   -31823.370198        1.135909
BFGS:    5 10:53:47   -31823.542034        0.831425
BFGS:    6 10:53:47   -31823.643966        0.714221
BFGS:    7 10:53:47   -31823.717191        0.703781
BFGS:    8 10:53:47   -31823.779035        0.676196
BFGS:    9 10:53:47   -31823.816681        0.635029
BFGS:   10 10:53:48   -31823.853632        0.378026
BFGS:   11 10:53:48   -31823.889248        0.494911
BFGS:   12 10:53:48   -31823.921265        0.586185
BFGS:   13 10:53:48   -31823.946945        0.505042
BFGS:   14 10:53:48   -31823.971332        0.369548
BFGS:   15 10:53:49   -31823.998544        0.389400
BFGS:   16 10:53:49   -31824.025738        0.395822
BFGS:   17 10:53:49   -31824.050491        0.434746
BFGS:   18 10:53:49   -31824.073875        0.375233
BFGS:   19 10:53:50   -31824.099539        0.359614
BFGS:   20 10:53:50   -31824.127518        0.364132
BFGS:   21 10:53:50   -31824.155499        0.381348
BFGS:   22 10:53:50   -31824.177885        0.305245
BFGS:   23 10:53:50   -31824.197463        0.358120
BFGS:   24 10:53:51   -31824.214843        0.339503
BFGS:   25 10:53:51   -31824.230285        0.305096
BFGS:   26 10:53:51   -31824.242420        0.322994
BFGS:   27 10:53:51   -31824.253996        0.281073
BFGS:   28 10:53:51   -31824.265614        0.285880
BFGS:   29 10:53:52   -31824.276366        0.263414
BFGS:   30 10:53:52   -31824.283522        0.216697
BFGS:   31 10:53:52   -31824.289489        0.151641
BFGS:   32 10:53:52   -31824.295032        0.157461
BFGS:   33 10:53:53   -31824.298929        0.141878
BFGS:   34 10:53:53   -31824.301654        0.128714
BFGS:   35 10:53:53   -31824.303941        0.117688
BFGS:   36 10:53:53   -31824.306763        0.112713
BFGS:   37 10:53:53   -31824.310361        0.137264
BFGS:   38 10:53:54   -31824.314139        0.122822
BFGS:   39 10:53:54   -31824.317222        0.099174
BFGS:   40 10:53:54   -31824.319668        0.103046
BFGS:   41 10:53:54   -31824.321906        0.099373
BFGS:   42 10:53:54   -31824.324025        0.099730
BFGS:   43 10:53:55   -31824.326007        0.109611
BFGS:   44 10:53:55   -31824.328048        0.119241
BFGS:   45 10:53:55   -31824.330343        0.118478
BFGS:   46 10:53:55   -31824.332803        0.140436
BFGS:   47 10:53:55   -31824.335065        0.116171
BFGS:   48 10:53:56   -31824.337106        0.118994
BFGS:   49 10:53:56   -31824.339228        0.116796
BFGS:   50 10:53:56   -31824.341314        0.108712
BFGS:   51 10:53:56   -31824.342934        0.121685
BFGS:   52 10:53:57   -31824.343985        0.088537
BFGS:   53 10:53:57   -31824.344772        0.080968
BFGS:   54 10:53:57   -31824.345465        0.064278
BFGS:   55 10:53:57   -31824.346063        0.063057
BFGS:   56 10:53:57   -31824.346476        0.047589
  adding tryptophan pose 5: IE = -2.12 kcal/mol
Added 6 tryptophan fragments
Fragment: tyrosine
      Step     Time          Energy          fmax
BFGS:    0 10:54:23   -30274.026720       17.823830
BFGS:    1 10:54:24   -30277.509171       13.233222
BFGS:    2 10:54:24   -30280.648340        7.865203
BFGS:    3 10:54:24   -30282.917259        4.892035
BFGS:    4 10:54:24   -30284.540982        4.383720
BFGS:    5 10:54:24   -30285.821219        3.304404
BFGS:    6 10:54:25   -30286.555654        2.782058
BFGS:    7 10:54:25   -30287.302488        3.464315
BFGS:    8 10:54:25   -30288.048317        3.078999
BFGS:    9 10:54:25   -30288.637566        2.343437
BFGS:   10 10:54:25   -30289.089164        2.218615
BFGS:   11 10:54:26   -30289.467038        1.835899
BFGS:   12 10:54:26   -30289.747757        1.697377
BFGS:   13 10:54:26   -30289.965228        1.046868
BFGS:   14 10:54:26   -30290.134640        1.159332
BFGS:   15 10:54:27   -30290.272685        1.113113
BFGS:   16 10:54:27   -30290.433245        1.114430
BFGS:   17 10:54:27   -30290.571508        0.917724
BFGS:   18 10:54:27   -30290.682637        0.836384
BFGS:   19 10:54:27   -30290.756208        0.838932
BFGS:   20 10:54:28   -30290.815486        0.705323
BFGS:   21 10:54:28   -30290.887293        0.646393
BFGS:   22 10:54:28   -30290.937187        0.541575
BFGS:   23 10:54:28   -30290.967223        0.408974
BFGS:   24 10:54:28   -30290.986367        0.333545
BFGS:   25 10:54:29   -30291.001402        0.298830
BFGS:   26 10:54:29   -30291.014104        0.295374
BFGS:   27 10:54:29   -30291.027851        0.264387
BFGS:   28 10:54:29   -30291.039264        0.258648
BFGS:   29 10:54:30   -30291.048932        0.275150
BFGS:   30 10:54:30   -30291.057250        0.229539
BFGS:   31 10:54:30   -30291.065774        0.235312
BFGS:   32 10:54:30   -30291.076180        0.284519
BFGS:   33 10:54:30   -30291.088753        0.289286
BFGS:   34 10:54:31   -30291.101194        0.296399
BFGS:   35 10:54:31   -30291.111326        0.227388
BFGS:   36 10:54:31   -30291.120357        0.229604
BFGS:   37 10:54:31   -30291.130075        0.291392
BFGS:   38 10:54:31   -30291.142486        0.313307
BFGS:   39 10:54:32   -30291.154021        0.311029
BFGS:   40 10:54:32   -30291.163159        0.314557
BFGS:   41 10:54:32   -30291.170439        0.448052
BFGS:   42 10:54:32   -30291.180795        0.346093
BFGS:   43 10:54:32   -30291.201508        0.362024
BFGS:   44 10:54:33   -30291.218181        0.331046
BFGS:   45 10:54:33   -30291.231538        0.359660
BFGS:   46 10:54:33   -30291.238642        0.636909
BFGS:   47 10:54:33   -30291.248094        0.347209
BFGS:   48 10:54:33   -30291.256058        0.303557
BFGS:   49 10:54:34   -30291.267849        0.436918
BFGS:   50 10:54:34   -30291.272861        0.288106
BFGS:   51 10:54:34   -30291.280135        0.378905
BFGS:   52 10:54:34   -30291.281187        0.391673
BFGS:   53 10:54:35   -30291.284268        0.114566
BFGS:   54 10:54:35   -30291.285771        0.211816
BFGS:   55 10:54:35   -30291.288637        0.258835
BFGS:   56 10:54:35   -30291.290578        0.191654
BFGS:   57 10:54:35   -30291.292908        0.122246
BFGS:   58 10:54:36   -30291.294868        0.087724
BFGS:   59 10:54:36   -30291.296171        0.143393
BFGS:   60 10:54:36   -30291.296784        0.171527
BFGS:   61 10:54:36   -30291.297552        0.100040
BFGS:   62 10:54:36   -30291.298193        0.068110
BFGS:   63 10:54:37   -30291.298627        0.040838
  adding tyrosine pose 0: IE = -4.80 kcal/mol
      Step     Time          Energy          fmax
BFGS:    0 10:54:40   -30289.127775        4.207114
BFGS:    1 10:54:40   -30289.429108        3.073554
BFGS:    2 10:54:41   -30289.826946        1.962976
BFGS:    3 10:54:41   -30289.935439        1.147588
BFGS:    4 10:54:41   -30290.043073        1.034915
BFGS:    5 10:54:41   -30290.199437        1.107148
BFGS:    6 10:54:41   -30290.314881        1.076144
BFGS:    7 10:54:42   -30290.410439        0.730467
BFGS:    8 10:54:42   -30290.492972        0.911059
BFGS:    9 10:54:42   -30290.559430        0.844471
BFGS:   10 10:54:42   -30290.615347        0.576956
BFGS:   11 10:54:42   -30290.656976        0.546762
BFGS:   12 10:54:42   -30290.689422        0.589769
BFGS:   13 10:54:43   -30290.731041        0.661201
BFGS:   14 10:54:43   -30290.778162        0.588834
BFGS:   15 10:54:43   -30290.818930        0.464359
BFGS:   16 10:54:43   -30290.850401        0.385809
BFGS:   17 10:54:43   -30290.880689        0.495989
BFGS:   18 10:54:44   -30290.906843        0.463682
BFGS:   19 10:54:44   -30290.930479        0.439190
BFGS:   20 10:54:44   -30290.952233        0.354654
BFGS:   21 10:54:44   -30290.970640        0.362462
BFGS:   22 10:54:44   -30290.985517        0.324575
BFGS:   23 10:54:45   -30290.999496        0.367535
BFGS:   24 10:54:45   -30291.015247        0.321116
BFGS:   25 10:54:45   -30291.031569        0.273019
BFGS:   26 10:54:45   -30291.044915        0.305253
BFGS:   27 10:54:45   -30291.055480        0.234967
BFGS:   28 10:54:46   -30291.065697        0.215752
BFGS:   29 10:54:46   -30291.075953        0.241679
BFGS:   30 10:54:46   -30291.084639        0.206784
BFGS:   31 10:54:46   -30291.090428        0.152801
BFGS:   32 10:54:46   -30291.094157        0.154018
BFGS:   33 10:54:46   -30291.097547        0.200317
BFGS:   34 10:54:47   -30291.102028        0.240506
BFGS:   35 10:54:47   -30291.108456        0.240577
BFGS:   36 10:54:47   -30291.116838        0.254215
BFGS:   37 10:54:47   -30291.125667        0.241687
BFGS:   38 10:54:47   -30291.133003        0.172081
BFGS:   39 10:54:48   -30291.138337        0.178286
BFGS:   40 10:54:48   -30291.142540        0.174720
BFGS:   41 10:54:48   -30291.146960        0.139610
BFGS:   42 10:54:48   -30291.151423        0.168589
BFGS:   43 10:54:48   -30291.155438        0.142141
BFGS:   44 10:54:49   -30291.158296        0.117172
BFGS:   45 10:54:49   -30291.160439        0.127381
BFGS:   46 10:54:49   -30291.162326        0.118819
BFGS:   47 10:54:49   -30291.164391        0.133642
BFGS:   48 10:54:49   -30291.166691        0.157245
BFGS:   49 10:54:49   -30291.169356        0.147258
BFGS:   50 10:54:50   -30291.172149        0.143709
BFGS:   51 10:54:50   -30291.174723        0.118426
BFGS:   52 10:54:50   -30291.176804        0.102880
BFGS:   53 10:54:50   -30291.178578        0.114244
BFGS:   54 10:54:50   -30291.179852        0.128104
BFGS:   55 10:54:51   -30291.180864        0.156511
BFGS:   56 10:54:51   -30291.181590        0.096927
BFGS:   57 10:54:51   -30291.182132        0.057540
BFGS:   58 10:54:51   -30291.182574        0.052663
BFGS:   59 10:54:51   -30291.183233        0.055193
BFGS:   60 10:54:52   -30291.183726        0.057168
BFGS:   61 10:54:52   -30291.184029        0.043696
  adding tyrosine pose 1: IE = -2.13 kcal/mol
      Step     Time          Energy          fmax
BFGS:    0 10:55:14   -30291.098873        0.728471
BFGS:    1 10:55:14   -30291.114328        0.410759
BFGS:    2 10:55:14   -30291.122741        0.280424
BFGS:    3 10:55:15   -30291.133133        0.217605
BFGS:    4 10:55:15   -30291.135385        0.160033
BFGS:    5 10:55:15   -30291.138202        0.141320
BFGS:    6 10:55:15   -30291.141697        0.189717
BFGS:    7 10:55:15   -30291.144836        0.170583
BFGS:    8 10:55:16   -30291.147406        0.142033
BFGS:    9 10:55:16   -30291.149637        0.130794
BFGS:   10 10:55:16   -30291.151790        0.134613
BFGS:   11 10:55:16   -30291.153732        0.137068
BFGS:   12 10:55:16   -30291.155389        0.104065
BFGS:   13 10:55:17   -30291.156941        0.089996
BFGS:   14 10:55:17   -30291.158824        0.149928
BFGS:   15 10:55:17   -30291.161461        0.149841
BFGS:   16 10:55:17   -30291.164563        0.142513
BFGS:   17 10:55:17   -30291.167294        0.129075
BFGS:   18 10:55:18   -30291.169498        0.133756
BFGS:   19 10:55:18   -30291.171740        0.161836
BFGS:   20 10:55:18   -30291.174495        0.161279
BFGS:   21 10:55:18   -30291.177580        0.162188
BFGS:   22 10:55:18   -30291.180112        0.126739
BFGS:   23 10:55:19   -30291.181804        0.104777
BFGS:   24 10:55:19   -30291.183223        0.092671
BFGS:   25 10:55:19   -30291.185051        0.136162
BFGS:   26 10:55:19   -30291.187240        0.153612
BFGS:   27 10:55:19   -30291.189158        0.110727
BFGS:   28 10:55:20   -30291.190517        0.080973
BFGS:   29 10:55:20   -30291.191671        0.070390
BFGS:   30 10:55:20   -30291.192978        0.121214
BFGS:   31 10:55:20   -30291.194506        0.144596
BFGS:   32 10:55:20   -30291.195957        0.111480
BFGS:   33 10:55:21   -30291.197084        0.081978
BFGS:   34 10:55:21   -30291.197974        0.068886
BFGS:   35 10:55:21   -30291.198883        0.083656
BFGS:   36 10:55:21   -30291.200026        0.106033
BFGS:   37 10:55:21   -30291.201547        0.095847
BFGS:   38 10:55:21   -30291.203426        0.114620
BFGS:   39 10:55:22   -30291.205348        0.119981
BFGS:   40 10:55:22   -30291.206884        0.089811
BFGS:   41 10:55:22   -30291.207940        0.074450
BFGS:   42 10:55:22   -30291.208725        0.076437
BFGS:   43 10:55:22   -30291.209491        0.073302
BFGS:   44 10:55:23   -30291.210308        0.100302
BFGS:   45 10:55:23   -30291.211069        0.091172
BFGS:   46 10:55:23   -30291.211673        0.055676
BFGS:   47 10:55:23   -30291.212161        0.051522
BFGS:   48 10:55:23   -30291.212652        0.050685
BFGS:   49 10:55:24   -30291.213243        0.055850
BFGS:   50 10:55:24   -30291.213928        0.071536
BFGS:   51 10:55:24   -30291.214550        0.094052
BFGS:   52 10:55:24   -30291.215323        0.087521
BFGS:   53 10:55:24   -30291.216218        0.071834
BFGS:   54 10:55:25   -30291.217112        0.066250
BFGS:   55 10:55:25   -30291.217821        0.058336
BFGS:   56 10:55:25   -30291.218365        0.063680
BFGS:   57 10:55:25   -30291.218817        0.052880
BFGS:   58 10:55:25   -30291.219158        0.049571
  adding tyrosine pose 2: IE = -2.98 kcal/mol
      Step     Time          Energy          fmax
BFGS:    0 10:55:28   -30276.529537       25.003891
BFGS:    1 10:55:28   -30280.077173        8.776459
BFGS:    2 10:55:28   -30282.666473        5.960812
BFGS:    3 10:55:28   -30284.581618        5.465283
BFGS:    4 10:55:29   -30285.987294        3.933980
BFGS:    5 10:55:29   -30286.999896        2.103096
BFGS:    6 10:55:29   -30287.723967        2.641563
BFGS:    7 10:55:29   -30288.295725        2.413973
BFGS:    8 10:55:29   -30288.785271        2.021489
BFGS:    9 10:55:30   -30289.243707        1.688499
BFGS:   10 10:55:30   -30289.647278        1.573611
BFGS:   11 10:55:30   -30289.871302        1.435420
BFGS:   12 10:55:30   -30290.094987        1.228825
BFGS:   13 10:55:31   -30290.256870        1.000387
BFGS:   14 10:55:31   -30290.408991        1.198556
BFGS:   15 10:55:31   -30290.521592        1.116652
BFGS:   16 10:55:31   -30290.639462        0.793464
BFGS:   17 10:55:31   -30290.755414        0.753189
BFGS:   18 10:55:32   -30290.836284        0.736627
BFGS:   19 10:55:32   -30290.898758        0.681896
BFGS:   20 10:55:32   -30290.965778        0.713416
BFGS:   21 10:55:32   -30291.034111        0.601560
BFGS:   22 10:55:33   -30291.090335        0.510466
BFGS:   23 10:55:33   -30291.132712        0.551008
BFGS:   24 10:55:33   -30291.166770        0.443380
BFGS:   25 10:55:33   -30291.197431        0.441503
BFGS:   26 10:55:33   -30291.224344        0.438314
BFGS:   27 10:55:34   -30291.252195        0.373543
BFGS:   28 10:55:34   -30291.272068        0.369151
BFGS:   29 10:55:34   -30291.286983        0.381181
BFGS:   30 10:55:34   -30291.298509        0.422487
BFGS:   31 10:55:35   -30291.311125        0.263508
BFGS:   32 10:55:35   -30291.328273        0.315693
BFGS:   33 10:55:35   -30291.336994        0.449151
BFGS:   34 10:55:35   -30291.346025        0.208332
BFGS:   35 10:55:35   -30291.352030        0.182277
BFGS:   36 10:55:36   -30291.357602        0.204456
BFGS:   37 10:55:36   -30291.363021        0.266972
BFGS:   38 10:55:36   -30291.368633        0.225660
BFGS:   39 10:55:36   -30291.372310        0.150617
BFGS:   40 10:55:36   -30291.374711        0.124412
BFGS:   41 10:55:37   -30291.376773        0.128892
BFGS:   42 10:55:37   -30291.378891        0.115548
BFGS:   43 10:55:37   -30291.380955        0.103674
BFGS:   44 10:55:37   -30291.382861        0.103104
BFGS:   45 10:55:38   -30291.384525        0.096080
BFGS:   46 10:55:38   -30291.385986        0.094737
BFGS:   47 10:55:38   -30291.387414        0.083311
BFGS:   48 10:55:38   -30291.388942        0.079871
BFGS:   49 10:55:38   -30291.390509        0.091636
BFGS:   50 10:55:39   -30291.392018        0.092222
BFGS:   51 10:55:39   -30291.393491        0.089370
BFGS:   52 10:55:39   -30291.395060        0.097507
BFGS:   53 10:55:39   -30291.396763        0.115124
BFGS:   54 10:55:40   -30291.398325        0.087703
BFGS:   55 10:55:40   -30291.399397        0.073062
BFGS:   56 10:55:40   -30291.400077        0.069115
BFGS:   57 10:55:40   -30291.400692        0.073375
BFGS:   58 10:55:40   -30291.401373        0.060595
BFGS:   59 10:55:41   -30291.402004        0.058562
BFGS:   60 10:55:41   -30291.402509        0.056512
BFGS:   61 10:55:41   -30291.402982        0.067044
BFGS:   62 10:55:41   -30291.403536        0.065873
BFGS:   63 10:55:41   -30291.404160        0.080290
BFGS:   64 10:55:42   -30291.404732        0.085401
BFGS:   65 10:55:42   -30291.405228        0.056105
BFGS:   66 10:55:42   -30291.405574        0.036152
  adding tyrosine pose 3: IE = -7.36 kcal/mol
Added 4 tyrosine fragments
Fragment: phenylalanine
      Step     Time          Energy          fmax
BFGS:    0 10:56:01   -28237.445231       16.570175
BFGS:    1 10:56:02   -28239.730015        7.244715
BFGS:    2 10:56:02   -28240.688030        3.672843
BFGS:    3 10:56:02   -28241.122710        2.078135
BFGS:    4 10:56:02   -28241.457156        1.956693
BFGS:    5 10:56:02   -28241.732785        1.956743
BFGS:    6 10:56:03   -28242.130874        2.058387
BFGS:    7 10:56:03   -28242.462089        1.864330
BFGS:    8 10:56:03   -28242.733620        1.788391
BFGS:    9 10:56:03   -28242.938767        1.351445
BFGS:   10 10:56:03   -28243.062697        0.814206
BFGS:   11 10:56:03   -28243.109837        0.726526
BFGS:   12 10:56:04   -28243.151964        0.504123
BFGS:   13 10:56:04   -28243.194416        0.496458
BFGS:   14 10:56:04   -28243.240893        0.780155
BFGS:   15 10:56:04   -28243.297466        0.814263
BFGS:   16 10:56:04   -28243.350981        0.554714
BFGS:   17 10:56:05   -28243.386162        0.467014
BFGS:   18 10:56:05   -28243.407811        0.392860
BFGS:   19 10:56:05   -28243.432218        0.405741
BFGS:   20 10:56:05   -28243.465644        0.574123
BFGS:   21 10:56:05   -28243.501876        0.522343
BFGS:   22 10:56:05   -28243.533153        0.449814
BFGS:   23 10:56:06   -28243.557137        0.383899
BFGS:   24 10:56:06   -28243.580822        0.362497
BFGS:   25 10:56:06   -28243.602377        0.335710
BFGS:   26 10:56:06   -28243.616826        0.289307
BFGS:   27 10:56:06   -28243.626913        0.208335
BFGS:   28 10:56:07   -28243.635723        0.241330
BFGS:   29 10:56:07   -28243.642591        0.227335
BFGS:   30 10:56:07   -28243.648059        0.171943
BFGS:   31 10:56:07   -28243.652960        0.162875
BFGS:   32 10:56:07   -28243.657155        0.143957
BFGS:   33 10:56:07   -28243.660346        0.143709
BFGS:   34 10:56:08   -28243.663127        0.123315
BFGS:   35 10:56:08   -28243.666239        0.135677
BFGS:   36 10:56:08   -28243.669614        0.137726
BFGS:   37 10:56:08   -28243.672961        0.194675
BFGS:   38 10:56:08   -28243.676126        0.192040
BFGS:   39 10:56:09   -28243.679402        0.153754
BFGS:   40 10:56:09   -28243.682642        0.136976
BFGS:   41 10:56:09   -28243.685472        0.127859
BFGS:   42 10:56:09   -28243.687333        0.083890
BFGS:   43 10:56:09   -28243.688452        0.072710
BFGS:   44 10:56:09   -28243.689171        0.057315
BFGS:   45 10:56:10   -28243.689846        0.069731
BFGS:   46 10:56:10   -28243.690566        0.072798
BFGS:   47 10:56:10   -28243.691280        0.057831
BFGS:   48 10:56:10   -28243.691777        0.037519
  adding phenylalanine pose 0: IE = -1.38 kcal/mol
      Step     Time          Energy          fmax
BFGS:    0 10:56:12   -28222.142562       33.895134
BFGS:    1 10:56:13   -28228.140749       14.380349
BFGS:    2 10:56:13   -28231.827316       10.140557
BFGS:    3 10:56:13   -28234.172514        6.628551
BFGS:    4 10:56:13   -28235.475836        3.003053
BFGS:    5 10:56:14   -28236.267418        2.207528
BFGS:    6 10:56:14   -28236.786376        2.038769
BFGS:    7 10:56:14   -28237.342954        2.272482
BFGS:    8 10:56:14   -28237.937309        2.569229
BFGS:    9 10:56:14   -28238.551383        2.474034
BFGS:   10 10:56:15   -28239.195722        2.008486
BFGS:   11 10:56:15   -28239.815896        3.135094
BFGS:   12 10:56:15   -28240.434059        3.594095
BFGS:   13 10:56:15   -28241.025311        2.977871
BFGS:   14 10:56:15   -28241.505801        1.789392
BFGS:   15 10:56:16   -28241.849224        1.866328
BFGS:   16 10:56:16   -28242.491187        1.392165
BFGS:   17 10:56:16   -28242.896172        1.165245
BFGS:   18 10:56:16   -28243.126940        0.810620
BFGS:   19 10:56:16   -28243.266266        0.873612
BFGS:   20 10:56:17   -28243.363080        0.915597
BFGS:   21 10:56:17   -28243.454551        0.861487
BFGS:   22 10:56:17   -28243.547641        0.637044
BFGS:   23 10:56:17   -28243.604437        0.560938
BFGS:   24 10:56:17   -28243.626268        0.342625
BFGS:   25 10:56:18   -28243.638245        0.235058
BFGS:   26 10:56:18   -28243.649009        0.247632
BFGS:   27 10:56:18   -28243.659303        0.313812
BFGS:   28 10:56:18   -28243.669064        0.272567
BFGS:   29 10:56:18   -28243.675891        0.231942
BFGS:   30 10:56:19   -28243.680504        0.198808
BFGS:   31 10:56:19   -28243.684493        0.163330
BFGS:   32 10:56:19   -28243.688415        0.169715
BFGS:   33 10:56:19   -28243.691621        0.150352
BFGS:   34 10:56:19   -28243.693892        0.089842
BFGS:   35 10:56:20   -28243.695602        0.100584
BFGS:   36 10:56:20   -28243.697155        0.096895
BFGS:   37 10:56:20   -28243.698656        0.091456
BFGS:   38 10:56:20   -28243.700146        0.103978
BFGS:   39 10:56:20   -28243.701538        0.121363
BFGS:   40 10:56:21   -28243.702652        0.095133
BFGS:   41 10:56:21   -28243.703340        0.052001
BFGS:   42 10:56:21   -28243.703684        0.035691
  adding phenylalanine pose 1: IE = -1.66 kcal/mol
      Step     Time          Energy          fmax
BFGS:    0 10:56:40   -28229.199875       10.645103
BFGS:    1 10:56:40   -28231.999828        7.194194
BFGS:    2 10:56:40   -28234.591326        5.249165
BFGS:    3 10:56:41   -28236.209694        3.019119
BFGS:    4 10:56:41   -28237.276027        2.270292
BFGS:    5 10:56:41   -28238.048615        2.399609
BFGS:    6 10:56:41   -28238.764071        2.703237
BFGS:    7 10:56:42   -28239.478111        2.496812
BFGS:    8 10:56:42   -28240.138079        1.969908
BFGS:    9 10:56:42   -28240.673057        1.834668
BFGS:   10 10:56:42   -28240.988518        1.904688
BFGS:   11 10:56:42   -28241.302166        1.924212
BFGS:   12 10:56:43   -28241.552070        1.371146
BFGS:   13 10:56:43   -28241.738350        0.949679
BFGS:   14 10:56:43   -28241.873742        0.887780
BFGS:   15 10:56:43   -28242.014765        0.968392
BFGS:   16 10:56:44   -28242.128700        0.848745
BFGS:   17 10:56:44   -28242.228877        0.790428
BFGS:   18 10:56:44   -28242.348582        1.000389
BFGS:   19 10:56:44   -28242.494461        1.202708
BFGS:   20 10:56:45   -28242.651622        1.042041
BFGS:   21 10:56:45   -28242.802761        1.161842
BFGS:   22 10:56:45   -28242.918672        0.948327
BFGS:   23 10:56:45   -28243.009905        0.819624
BFGS:   24 10:56:45   -28243.122882        1.009928
BFGS:   25 10:56:46   -28243.239295        0.957025
BFGS:   26 10:56:46   -28243.329244        0.822744
BFGS:   27 10:56:46   -28243.396489        0.635878
BFGS:   28 10:56:46   -28243.448025        0.636792
BFGS:   29 10:56:46   -28243.489689        0.575851
BFGS:   30 10:56:47   -28243.532864        0.822612
BFGS:   31 10:56:47   -28243.572718        0.745035
BFGS:   32 10:56:47   -28243.603452        0.446272
BFGS:   33 10:56:47   -28243.623826        0.312884
BFGS:   34 10:56:47   -28243.637582        0.370619
BFGS:   35 10:56:48   -28243.648455        0.328055
BFGS:   36 10:56:48   -28243.657765        0.217341
BFGS:   37 10:56:48   -28243.666566        0.274386
BFGS:   38 10:56:48   -28243.675266        0.238383
BFGS:   39 10:56:48   -28243.683046        0.259692
BFGS:   40 10:56:49   -28243.689636        0.214587
BFGS:   41 10:56:49   -28243.695681        0.195885
BFGS:   42 10:56:49   -28243.702488        0.304588
BFGS:   43 10:56:49   -28243.710050        0.297238
BFGS:   44 10:56:49   -28243.715830        0.179793
BFGS:   45 10:56:50   -28243.718484        0.111710
BFGS:   46 10:56:50   -28243.720131        0.101348
BFGS:   47 10:56:50   -28243.721823        0.122807
BFGS:   48 10:56:50   -28243.723870        0.139394
BFGS:   49 10:56:50   -28243.725826        0.110106
BFGS:   50 10:56:51   -28243.727182        0.069545
BFGS:   51 10:56:51   -28243.727898        0.054952
BFGS:   52 10:56:51   -28243.728327        0.061502
BFGS:   53 10:56:51   -28243.728662        0.049244
  adding phenylalanine pose 2: IE = -2.22 kcal/mol
      Step     Time          Energy          fmax
BFGS:    0 10:57:01   -28232.856341        6.956515
BFGS:    1 10:57:02   -28234.668654        4.768888
BFGS:    2 10:57:02   -28237.072900        3.283460
BFGS:    3 10:57:02   -28238.662097        3.493963
BFGS:    4 10:57:02   -28239.623309        1.987716
BFGS:    5 10:57:03   -28240.241216        1.843704
BFGS:    6 10:57:03   -28240.738427        1.787140
BFGS:    7 10:57:03   -28241.308052        1.596685
BFGS:    8 10:57:03   -28241.778432        1.532266
BFGS:    9 10:57:03   -28242.046371        1.600265
BFGS:   10 10:57:04   -28242.324627        1.254150
BFGS:   11 10:57:04   -28242.514618        1.017474
BFGS:   12 10:57:04   -28242.680540        0.945284
BFGS:   13 10:57:04   -28242.847015        1.238339
BFGS:   14 10:57:04   -28243.043437        1.152796
BFGS:   15 10:57:05   -28243.207492        0.926183
BFGS:   16 10:57:05   -28243.315989        0.808835
BFGS:   17 10:57:05   -28243.384225        0.609564
BFGS:   18 10:57:05   -28243.424232        0.448155
BFGS:   19 10:57:05   -28243.456689        0.482490
BFGS:   20 10:57:06   -28243.493410        0.402353
BFGS:   21 10:57:06   -28243.525565        0.453830
BFGS:   22 10:57:06   -28243.549465        0.375497
BFGS:   23 10:57:06   -28243.570348        0.311951
BFGS:   24 10:57:06   -28243.592609        0.379085
BFGS:   25 10:57:07   -28243.612542        0.308123
BFGS:   26 10:57:07   -28243.623928        0.249113
BFGS:   27 10:57:07   -28243.629653        0.179795
BFGS:   28 10:57:07   -28243.634328        0.196905
BFGS:   29 10:57:07   -28243.640648        0.183286
BFGS:   30 10:57:08   -28243.647140        0.198759
BFGS:   31 10:57:08   -28243.653064        0.208441
BFGS:   32 10:57:08   -28243.658572        0.176914
BFGS:   33 10:57:08   -28243.663849        0.183031
BFGS:   34 10:57:09   -28243.668906        0.169349
BFGS:   35 10:57:09   -28243.673821        0.214078
BFGS:   36 10:57:09   -28243.679053        0.202598
BFGS:   37 10:57:09   -28243.684357        0.192026
BFGS:   38 10:57:09   -28243.688278        0.143381
BFGS:   39 10:57:10   -28243.690124        0.091478
BFGS:   40 10:57:10   -28243.691047        0.076315
BFGS:   41 10:57:10   -28243.691973        0.081520
BFGS:   42 10:57:10   -28243.693325        0.094144
BFGS:   43 10:57:10   -28243.694773        0.080458
BFGS:   44 10:57:11   -28243.695900        0.106239
BFGS:   45 10:57:11   -28243.696801        0.114703
BFGS:   46 10:57:11   -28243.697860        0.106875
BFGS:   47 10:57:11   -28243.699210        0.088206
BFGS:   48 10:57:11   -28243.700496        0.077969
BFGS:   49 10:57:11   -28243.701326        0.070014
BFGS:   50 10:57:12   -28243.701784        0.052430
BFGS:   51 10:57:12   -28243.702107        0.035829
  adding phenylalanine pose 3: IE = -1.68 kcal/mol
Added 4 phenylalanine fragments
Sampling took 1399 s
start arginine       -> RLSWGKGIGEYD                9 fragments, total IE   -89.31

1 sequences from this pass; 1 unique in total, saved to runs/oxybenzone/sequences/

Best sequence: RLSWGKGIGEYD  (start arginine, total IE -89.31 kcal/mol)
Results in runs/oxybenzone/
