frag_a,pose_a,frag_b,pose_b,h_a,h_b,k,d_cb,d_ca,cos_att,theta_a,theta_b,closure,penalty,clash_frag,clash_lig,dihedrals
phenylalanine,2,arginine,3,12,16,1,7.378,6.75,-0.647,123.4,65.3,0.0963,0.0,2.228,1.334,2 315 72 198
phenylalanine,2,arginine,3,12,16,2,7.378,6.75,-0.647,123.4,65.3,0.0,0.0,3.13,0.645,50 114 344 279 212 125
phenylalanine,2,arginine,3,12,16,3,7.378,6.75,-0.647,123.4,65.3,0.0,0.0,2.576,0.587,61 16 5 306 319 23 78 251
phenylalanine,2,arginine,3,12,16,4,7.378,6.75,-0.647,123.4,65.3,0.0,0.0,2.946,0.848,325 206 324 213 149 197 295 10 196 347
phenylalanine,2,arginine,3,12,17,1,7.378,7.545,-0.647,131.8,30.0,0.8126,0.0,2.376,0.347,294 205 86 170
phenylalanine,2,arginine,3,12,17,2,7.378,7.545,-0.647,131.8,30.0,0.0796,0.0,2.627,1.443,268 250 50 178 358 183
phenylalanine,2,arginine,3,12,17,3,7.378,7.545,-0.647,131.8,30.0,0.0,0.0,1.588,2.05,199 183 166 241 247 102 125 209
phenylalanine,2,arginine,3,12,17,4,7.378,7.545,-0.647,131.8,30.0,0.0,0.0,1.509,1.111,320 67 93 9 351 86 122 278 246 150
phenylalanine,2,arginine,3,12,18,1,7.378,5.191,-0.647,124.7,128.9,0.0,0.0,2.049,1.274,352 359 56 309
phenylalanine,2,arginine,3,12,18,2,7.378,5.191,-0.647,124.7,128.9,0.0,0.0,2.533,1.222,256 270 7 124 42 63
phenylalanine,2,arginine,3,12,18,3,7.378,5.191,-0.647,124.7,128.9,0.0,0.0,2.021,0.668,25 0 96 29 84 164 359 14
phenylalanine,2,arginine,3,12,18,4,7.378,5.191,-0.647,124.7,128.9,0.0,0.0,1.664,1.585,230 332 49 53 12 80 105 354 250 86
phenylalanine,2,arginine,3,13,16,1,7.378,8.908,-0.647,34.6,74.1,3.7354,0.0,2.819,1.235,283 360 186 350
phenylalanine,2,arginine,3,13,16,2,7.378,8.908,-0.647,34.6,74.1,0.1672,0.0,2.842,0.607,277 1 208 309 189 186
phenylalanine,2,arginine,3,13,16,3,7.378,8.908,-0.647,34.6,74.1,0.0,0.0,1.362,0.254,347 37 107 282 232 128 138 170
phenylalanine,2,arginine,3,13,16,4,7.378,8.908,-0.647,34.6,74.1,0.0,0.0,1.07,1.684,331 20 57 305 279 112 133 230 213 164
phenylalanine,2,arginine,3,13,17,1,7.378,9.938,-0.647,29.6,28.0,5.0562,0.0,2.842,1.706,257 0 177 6
phenylalanine,2,arginine,3,13,17,2,7.378,9.938,-0.647,29.6,28.0,1.424,0.0,1.068,1.651,258 360 156 41 179 180
phenylalanine,2,arginine,3,13,17,3,7.378,9.938,-0.647,29.6,28.0,0.1777,0.0,1.745,1.173,226 358 146 60 168 172 29 166
phenylalanine,2,arginine,3,13,17,4,7.378,9.938,-0.647,29.6,28.0,0.0,0.0,2.842,1.047,214 44 108 286 258 144 139 234 252 180
phenylalanine,2,arginine,3,13,18,1,7.378,7.536,-0.647,25.6,131.0,3.6226,0.0,2.842,1.713,258 1 177 2
phenylalanine,2,arginine,3,13,18,2,7.378,7.536,-0.647,25.6,131.0,0.0861,0.0,1.953,1.482,240 4 168 8 223 256
phenylalanine,2,arginine,3,13,18,3,7.378,7.536,-0.647,25.6,131.0,0.0,0.0,1.552,1.727,270 67 64 296 259 96 163 237
phenylalanine,2,arginine,3,13,18,4,7.378,7.536,-0.647,25.6,131.0,0.0,0.0,1.402,1.066,12 191 328 236 294 59 145 214 117 115
phenylalanine,2,arginine,3,14,16,1,7.378,8.362,-0.647,59.4,66.6,1.6388,0.0,2.542,1.209,72 360 159 101
phenylalanine,2,arginine,3,14,16,2,7.378,8.362,-0.647,59.4,66.6,0.0,0.0,1.386,1.979,38 314 237 97 144 201
phenylalanine,2,arginine,3,14,16,3,7.378,8.362,-0.647,59.4,66.6,0.0,0.0,1.649,3.027,343 61 169 38 188 180 303 292
phenylalanine,2,arginine,3,14,16,4,7.378,8.362,-0.647,59.4,66.6,0.0,0.0,1.343,2.903,357 359 319 35 61 279 252 128 153 203
phenylalanine,2,arginine,3,14,17,1,7.378,8.968,-0.647,72.8,41.2,1.8227,0.0,2.76,1.031,70 15 196 195
phenylalanine,2,arginine,3,14,17,2,7.378,8.968,-0.647,72.8,41.2,0.0562,0.0,2.894,0.576,119 267 217 197 30 160
phenylalanine,2,arginine,3,14,17,3,7.378,8.968,-0.647,72.8,41.2,0.0,0.0,2.894,0.597,81 59 46 310 356 102 26 112
phenylalanine,2,arginine,3,14,17,4,7.378,8.968,-0.647,72.8,41.2,0.0,0.0,1.917,0.584,90 329 324 348 16 314 277 46 86 224
phenylalanine,2,arginine,3,14,18,1,7.378,6.527,-0.647,70.6,149.3,0.322,0.0,2.894,1.028,98 9 105 93
phenylalanine,2,arginine,3,14,18,2,7.378,6.527,-0.647,70.6,149.3,0.0,0.0,1.509,0.817,134 262 243 102 53 306
phenylalanine,2,arginine,3,14,18,3,7.378,6.527,-0.647,70.6,149.3,0.0,0.0,2.144,2.796,0 310 315 78 58 305 311 135
phenylalanine,2,arginine,3,14,18,4,7.378,6.527,-0.647,70.6,149.3,0.0,0.0,1.237,2.7,336 135 49 128 75 314 292 338 94 267
phenylalanine,2,lysine,10,12,13,1,11.224,10.511,-0.836,89.7,103.5,3.2425,0.0,2.675,0.765,346 59 179 179
phenylalanine,2,lysine,10,12,13,2,11.224,10.511,-0.836,89.7,103.5,0.0,0.0,2.2,0.853,7 333 278 198 192 241
phenylalanine,2,lysine,10,12,13,3,11.224,10.511,-0.836,89.7,103.5,0.0,0.0,2.269,0.509,4 2 293 348 48 279 244 167
phenylalanine,2,lysine,10,12,13,4,11.224,10.511,-0.836,89.7,103.5,0.0,0.0,2.101,0.945,20 353 312 16 46 251 221 100 122 203
phenylalanine,2,lysine,10,12,14,1,11.224,12.456,-0.836,96.5,12.9,5.2293,0.0,2.293,0.506,339 71 182 181
phenylalanine,2,lysine,10,12,14,2,11.224,12.456,-0.836,96.5,12.9,1.4751,0.0,1.297,0.708,344 67 185 183 184 183
phenylalanine,2,lysine,10,12,14,3,11.224,12.456,-0.836,96.5,12.9,0.4355,0.0,3.003,0.462,357 99 173 175 212 203 356 183
phenylalanine,2,lysine,10,12,14,4,11.224,12.456,-0.836,96.5,12.9,0.0,0.0,2.207,0.741,339 90 254 244 193 213 269 190 36 222
phenylalanine,2,lysine,10,12,15,1,11.224,10.994,-0.836,92.8,85.1,3.7214,0.0,2.604,0.723,36 295 179 180
phenylalanine,2,lysine,10,12,15,2,11.224,10.994,-0.836,92.8,85.1,0.0063,0.0,1.723,0.636,30 301 180 180 180 180
phenylalanine,2,lysine,10,12,15,3,11.224,10.994,-0.836,92.8,85.1,0.0,0.0,2.29,0.774,3 40 62 309 61 302 179 172
phenylalanine,2,lysine,10,12,15,4,11.224,10.994,-0.836,92.8,85.1,0.0,0.0,1.811,0.992,41 289 259 45 68 240 216 94 113 199
phenylalanine,2,lysine,10,13,13,1,11.224,11.163,-0.836,65.3,116.1,4.226,0.0,1.409,2.391,323 2 204 220
phenylalanine,2,lysine,10,13,13,2,11.224,11.163,-0.836,65.3,116.1,0.5819,0.0,1.368,1.458,325 0 142 126 181 181
phenylalanine,2,lysine,10,13,13,3,11.224,11.163,-0.836,65.3,116.1,0.0,0.0,2.046,2.242,21 19 83 313 262 147 172 171
phenylalanine,2,lysine,10,13,13,4,11.224,11.163,-0.836,65.3,116.1,0.0,0.0,1.012,0.865,339 18 52 324 299 116 142 239 217 160
phenylalanine,2,lysine,10,13,14,1,11.224,13.369,-0.836,61.9,17.1,6.505,0.0,1.491,2.252,322 359 157 135
phenylalanine,2,lysine,10,13,14,2,11.224,13.369,-0.836,61.9,17.1,2.9156,0.0,1.492,2.12,322 359 217 237 175 177
phenylalanine,2,lysine,10,13,14,3,11.224,13.369,-0.836,61.9,17.1,0.6017,0.0,1.562,1.619,334 335 147 158 157 161 290 209
phenylalanine,2,lysine,10,13,14,4,11.224,13.369,-0.836,61.9,17.1,0.0,0.0,1.955,1.556,296 68 103 158 163 126 262 178 14 109
phenylalanine,2,lysine,10,13,15,1,11.224,12.009,-0.836,53.8,82.8,5.5006,0.0,1.322,1.94,327 360 205 259
phenylalanine,2,lysine,10,13,15,2,11.224,12.009,-0.836,53.8,82.8,1.9297,0.0,1.336,1.009,326 360 140 103 180 180
phenylalanine,2,lysine,10,13,15,3,11.224,12.009,-0.836,53.8,82.8,0.0,0.0,1.384,1.028,288 1 175 44 201 191 87 165
phenylalanine,2,lysine,10,13,15,4,11.224,12.009,-0.836,53.8,82.8,0.0,0.0,0.871,0.427,267 83 121 272 237 155 167 259 258 171
phenylalanine,2,lysine,10,14,13,1,11.224,11.801,-0.836,36.8,107.6,6.2986,0.0,1.101,2.306,23 0 162 46
phenylalanine,2,lysine,10,14,13,2,11.224,11.801,-0.836,36.8,107.6,2.7193,0.0,1.112,2.281,24 360 213 293 180 180
phenylalanine,2,lysine,10,14,13,3,11.224,11.801,-0.836,36.8,107.6,0.0,0.0,1.895,1.648,63 296 215 57 124 183 180 198
phenylalanine,2,lysine,10,14,13,4,11.224,11.801,-0.836,36.8,107.6,0.0,0.0,1.74,0.361,58 303 247 54 147 230 182 80 86 176
phenylalanine,2,lysine,10,14,14,1,11.224,13.866,-0.836,39.4,6.9,8.1189,0.0,1.278,2.098,32 360 158 66
phenylalanine,2,lysine,10,14,14,2,11.224,13.866,-0.836,39.4,6.9,4.6122,0.0,1.272,2.101,32 360 215 284 178 179
phenylalanine,2,lysine,10,14,14,3,11.224,13.866,-0.836,39.4,6.9,1.2789,0.0,1.132,2.249,25 360 219 265 177 178 130 149
phenylalanine,2,lysine,10,14,14,4,11.224,13.866,-0.836,39.4,6.9,0.3918,0.0,1.122,2.694,6 1 222 245 187 185 135 151 3 178
phenylalanine,2,lysine,10,14,15,1,11.224,12.155,-0.836,47.3,93.7,6.012,0.0,1.278,2.093,33 359 155 86
phenylalanine,2,lysine,10,14,15,2,11.224,12.155,-0.836,47.3,93.7,2.5035,0.0,1.305,2.064,34 359 217 274 167 172
phenylalanine,2,lysine,10,14,15,3,11.224,12.155,-0.836,47.3,93.7,0.0,0.0,2.078,1.616,70 295 235 31 79 189 171 188
phenylalanine,2,lysine,10,14,15,4,11.224,12.155,-0.836,47.3,93.7,0.0,0.0,1.301,2.072,34 321 286 48 75 232 207 134 151 194
phenylalanine,2,aspartic,21,12,3,1,11.146,11.365,0.127,134.3,22.7,4.1563,0.0,2.166,0.838,56 219 187 184
phenylalanine,2,aspartic,21,12,3,2,11.146,11.365,0.127,134.3,22.7,0.956,0.0,1.824,0.725,58 245 180 180 242 213
phenylalanine,2,aspartic,21,12,3,3,11.146,11.365,0.127,134.3,22.7,0.0829,0.0,2.179,0.674,336 89 171 174 119 146 357 183
phenylalanine,2,aspartic,21,12,3,4,11.146,11.365,0.127,134.3,22.7,0.0,0.0,1.975,0.636,351 342 284 352 14 223 207 130 90 194
phenylalanine,2,aspartic,21,12,4,1,11.146,10.245,0.127,144.8,75.5,2.9613,0.0,2.278,0.697,17 164 180 180
phenylalanine,2,aspartic,21,12,4,2,11.146,10.245,0.127,144.8,75.5,0.0,0.0,1.698,2.313,81 200 157 133 162 206
phenylalanine,2,aspartic,21,12,4,3,11.146,10.245,0.127,144.8,75.5,0.0,0.0,2.647,0.732,310 190 159 66 81 238 190 137
phenylalanine,2,aspartic,21,12,4,4,11.146,10.245,0.127,144.8,75.5,0.0,0.0,2.109,2.619,167 202 199 115 105 209 207 111 125 204
phenylalanine,2,aspartic,21,12,5,1,11.146,9.351,0.127,138.4,109.7,2.0785,0.0,2.526,0.624,44 212 183 182
phenylalanine,2,aspartic,21,12,5,2,11.146,9.351,0.127,138.4,109.7,0.0,0.0,2.39,1.773,57 181 177 84 244 290
phenylalanine,2,aspartic,21,12,5,3,11.146,9.351,0.127,138.4,109.7,0.0,0.0,2.636,1.691,69 213 119 334 316 334 252 212
phenylalanine,2,aspartic,21,12,5,4,11.146,9.351,0.127,138.4,109.7,0.0,0.0,2.517,0.525,256 32 320 237 245 22 263 305 23 201
phenylalanine,2,aspartic,21,13,3,1,11.146,13.027,0.127,66.0,26.7,5.9872,0.0,2.842,1.812,281 1 198 210
phenylalanine,2,aspartic,21,13,3,2,11.146,13.027,0.127,66.0,26.7,2.3901,0.0,0.754,1.735,281 360 143 132 180 180
phenylalanine,2,aspartic,21,13,3,3,11.146,13.027,0.127,66.0,26.7,0.3733,0.0,0.731,0.664,298 360 212 215 180 180 66 151
phenylalanine,2,aspartic,21,13,3,4,11.146,13.027,0.127,66.0,26.7,0.0,0.0,0.956,2.425,283 101 138 199 182 146 145 228 242 188
phenylalanine,2,aspartic,21,13,4,1,11.146,11.988,0.127,69.0,74.8,4.8676,0.0,2.842,2.317,273 357 164 159
phenylalanine,2,aspartic,21,13,4,2,11.146,11.988,0.127,69.0,74.8,1.3182,0.0,1.916,2.166,267 3 148 132 196 189
phenylalanine,2,aspartic,21,13,4,3,11.146,11.988,0.127,69.0,74.8,0.0,0.0,2.311,4.463,221 124 132 235 218 156 175 195
phenylalanine,2,aspartic,21,13,4,4,11.146,11.988,0.127,69.0,74.8,0.0,0.0,2.604,4.884,201 146 145 220 217 141 150 216 205 168
phenylalanine,2,aspartic,21,13,5,1,11.146,11.258,0.127,58.7,102.3,4.5467,0.0,2.842,1.386,275 1 156 113
phenylalanine,2,aspartic,21,13,5,2,11.146,11.258,0.127,58.7,102.3,0.9597,0.0,1.743,0.434,276 1 220 247 183 182
phenylalanine,2,aspartic,21,13,5,3,11.146,11.258,0.127,58.7,102.3,0.0,0.0,1.68,2.091,303 33 77 323 280 134 158 194
phenylalanine,2,aspartic,21,13,5,4,11.146,11.258,0.127,58.7,102.3,0.0,0.0,2.326,3.248,283 35 68 304 280 131 152 258 242 164
phenylalanine,2,aspartic,21,14,3,1,11.146,13.67,0.127,37.0,26.3,8.0586,0.0,2.894,0.594,89 0 160 56
phenylalanine,2,aspartic,21,14,3,2,11.146,13.67,0.127,37.0,26.3,4.5327,0.0,2.894,0.596,89 360 214 289 177 178
phenylalanine,2,aspartic,21,14,3,3,11.146,13.67,0.127,37.0,26.3,1.0043,0.0,2.574,0.817,79 360 216 283 177 178 151 158
phenylalanine,2,aspartic,21,14,3,4,11.146,13.67,0.127,37.0,26.3,0.0,0.0,2.022,1.651,62 348 237 264 169 178 150 186 336 197
phenylalanine,2,aspartic,21,14,4,1,11.146,12.658,0.127,40.0,73.7,6.8866,0.0,2.894,0.397,104 360 201 298
phenylalanine,2,aspartic,21,14,4,2,11.146,12.658,0.127,40.0,73.7,3.3519,0.0,2.894,1.051,104 0 145 75 184 182
phenylalanine,2,aspartic,21,14,4,3,11.146,12.658,0.127,40.0,73.7,0.0,0.0,2.616,0.757,111 7 140 118 128 183 202 179
phenylalanine,2,aspartic,21,14,4,4,11.146,12.658,0.127,40.0,73.7,0.0,0.0,2.054,0.706,70 327 284 57 87 220 203 151 155 184
phenylalanine,2,aspartic,21,14,5,1,11.146,11.603,0.127,43.4,114.5,5.7019,0.0,2.894,0.603,90 360 157 70
phenylalanine,2,aspartic,21,14,5,2,11.146,11.603,0.127,43.4,114.5,2.1973,0.0,2.894,0.632,92 359 215 284 169 174
phenylalanine,2,aspartic,21,14,5,3,11.146,11.603,0.127,43.4,114.5,0.0,0.0,1.706,1.263,59 317 259 50 83 192 172 182
phenylalanine,2,aspartic,21,14,5,4,11.146,11.603,0.127,43.4,114.5,0.0,0.0,1.991,0.614,68 328 288 59 85 223 206 129 139 191
phenylalanine,2,glutamic,15,12,5,1,8.731,9.354,-0.249,85.0,68.8,2.0959,0.0,1.574,1.444,325 46 190 186
phenylalanine,2,glutamic,15,12,5,2,8.731,9.354,-0.249,85.0,68.8,0.0,0.0,2.503,0.789,45 267 162 74 184 109
phenylalanine,2,glutamic,15,12,5,3,8.731,9.354,-0.249,85.0,68.8,0.0,0.0,3.158,0.776,54 223 194 73 146 165 65 45
phenylalanine,2,glutamic,15,12,5,4,8.731,9.354,-0.249,85.0,68.8,0.0,0.0,1.94,1.272,348 346 32 360 326 97 128 264 242 156
phenylalanine,2,glutamic,15,12,6,1,8.731,8.142,-0.249,82.5,115.8,0.8873,0.0,1.471,1.337,2 322 167 172
phenylalanine,2,glutamic,15,12,6,2,8.731,8.142,-0.249,82.5,115.8,0.0,0.0,2.06,1.094,299 316 273 350 298 177
phenylalanine,2,glutamic,15,12,6,3,8.731,8.142,-0.249,82.5,115.8,0.0,0.0,3.016,0.093,36 135 308 138 41 189 54 100
phenylalanine,2,glutamic,15,12,6,4,8.731,8.142,-0.249,82.5,115.8,0.0,0.0,2.177,0.869,300 40 89 336 306 98 116 267 238 141
phenylalanine,2,glutamic,15,12,7,1,8.731,10.263,-0.249,75.6,26.2,2.9959,0.0,0.915,1.273,351 346 177 178
phenylalanine,2,glutamic,15,12,7,2,8.731,10.263,-0.249,75.6,26.2,0.6444,0.0,1.952,1.659,314 6 198 201 66 157
phenylalanine,2,glutamic,15,12,7,3,8.731,10.263,-0.249,75.6,26.2,0.0,0.0,2.631,1.351,292 348 196 94 182 184 337 160
phenylalanine,2,glutamic,15,12,7,4,8.731,10.263,-0.249,75.6,26.2,0.0,0.0,2.058,1.4,331 27 68 330 299 111 137 261 240 158
phenylalanine,2,glutamic,15,13,5,1,8.731,10.379,-0.249,44.3,64.9,4.4526,0.0,1.061,2.912,338 360 158 65
phenylalanine,2,glutamic,15,13,5,2,8.731,10.379,-0.249,44.3,64.9,0.9506,0.0,0.525,2.866,332 2 220 274 197 191
phenylalanine,2,glutamic,15,13,5,3,8.731,10.379,-0.249,44.3,64.9,0.0,0.0,1.347,1.372,358 21 95 324 267 119 134 174
phenylalanine,2,glutamic,15,13,5,4,8.731,10.379,-0.249,44.3,64.9,0.0,0.0,2.379,1.321,280 68 95 289 264 133 154 240 224 164
phenylalanine,2,glutamic,15,13,6,1,8.731,9.337,-0.249,32.4,104.3,4.451,0.0,0.922,2.853,343 1 168 20
phenylalanine,2,glutamic,15,13,6,2,8.731,9.337,-0.249,32.4,104.3,0.7737,0.0,0.694,2.02,340 2 154 38 203 197
phenylalanine,2,glutamic,15,13,6,3,8.731,9.337,-0.249,32.4,104.3,0.0,0.0,1.351,0.704,329 49 96 307 265 113 140 194
phenylalanine,2,glutamic,15,13,6,4,8.731,9.337,-0.249,32.4,104.3,0.0,0.0,1.671,0.732,303 51 83 296 270 121 144 238 221 164
phenylalanine,2,glutamic,15,13,7,1,8.731,11.104,-0.249,40.6,31.2,5.3844,0.0,0.933,3.747,356 360 200 302
phenylalanine,2,glutamic,15,13,7,2,8.731,11.104,-0.249,40.6,31.2,1.8176,0.0,0.951,3.365,356 360 144 75 176 178
phenylalanine,2,glutamic,15,13,7,3,8.731,11.104,-0.249,40.6,31.2,0.0951,0.0,1.572,4.884,18 358 221 270 168 172 51 157
phenylalanine,2,glutamic,15,13,7,4,8.731,11.104,-0.249,40.6,31.2,0.0,0.0,2.842,4.884,89 10 127 280 235 156 129 170 259 234
phenylalanine,2,glutamic,15,14,5,1,8.731,10.072,-0.249,57.8,55.0,3.4175,0.0,1.208,2.158,30 359 205 256
phenylalanine,2,glutamic,15,14,5,2,8.731,10.072,-0.249,57.8,55.0,0.479,0.0,1.416,1.812,48 1 189 309 109 171
phenylalanine,2,glutamic,15,14,5,3,8.731,10.072,-0.249,57.8,55.0,0.0,0.0,2.185,1.599,76 313 236 30 92 245 236 167
phenylalanine,2,glutamic,15,14,5,4,8.731,10.072,-0.249,57.8,55.0,0.0,0.0,1.268,1.279,39 328 292 42 70 245 221 108 129 201
phenylalanine,2,glutamic,15,14,6,1,8.731,8.501,-0.249,69.3,116.2,1.4634,0.0,1.19,2.221,27 3 207 219
phenylalanine,2,glutamic,15,14,6,2,8.731,8.501,-0.249,69.3,116.2,0.0,0.0,1.811,3.103,327 43 221 359 129 195
phenylalanine,2,glutamic,15,14,6,3,8.731,8.501,-0.249,69.3,116.2,0.0,0.0,1.909,3.103,336 4 303 19 68 302 269 163
phenylalanine,2,glutamic,15,14,6,4,8.731,8.501,-0.249,69.3,116.2,0.0,0.0,1.085,2.283,6 12 324 5 41 277 248 101 124 207
phenylalanine,2,glutamic,15,14,7,1,8.731,10.411,-0.249,70.0,39.4,3.3435,0.0,1.117,2.21,27 353 159 156
phenylalanine,2,glutamic,15,14,7,2,8.731,10.411,-0.249,70.0,39.4,0.426,0.0,1.461,1.897,43 310 172 175 91 147
phenylalanine,2,glutamic,15,14,7,3,8.731,10.411,-0.249,70.0,39.4,0.0,0.0,1.478,3.103,341 29 272 266 150 266 313 91
phenylalanine,2,glutamic,15,14,7,4,8.731,10.411,-0.249,70.0,39.4,0.0,0.0,1.107,2.08,8 358 314 16 51 262 227 118 138 197
phenylalanine,2,isoleucine,8,12,4,1,3.618,3.167,0.039,61.6,83.1,2.4668,0.0,3.257,2.619,101 110 29 8
phenylalanine,2,isoleucine,8,12,4,2,3.618,3.167,0.039,61.6,83.1,0.9776,0.0,3.295,2.619,147 113 11 38 123 6
phenylalanine,2,isoleucine,8,12,4,3,3.618,3.167,0.039,61.6,83.1,0.0,0.0,0.871,1.278,345 251 287 52 147 4 206 330
phenylalanine,2,isoleucine,8,12,4,4,3.618,3.167,0.039,61.6,83.1,0.0,0.0,1.535,0.312,342 339 274 72 58 249 317 98 118 285
phenylalanine,2,isoleucine,8,12,5,1,3.618,3.532,0.039,90.0,70.5,1.4276,0.0,3.103,0.39,16 249 355 357
phenylalanine,2,isoleucine,8,12,5,2,3.618,3.532,0.039,90.0,70.5,0.3854,0.0,2.95,0.536,323 265 4 16 155 3
phenylalanine,2,isoleucine,8,12,5,3,3.618,3.532,0.039,90.0,70.5,0.0,0.0,2.856,0.786,299 324 346 82 92 296 205 95
phenylalanine,2,isoleucine,8,12,5,4,3.618,3.532,0.039,90.0,70.5,0.0,0.0,1.985,1.218,336 16 359 52 38 286 284 51 123 261
phenylalanine,2,isoleucine,8,12,6,1,3.618,2.742,0.039,110.0,99.2,2.1363,0.0,3.295,2.619,122 98 355 357
phenylalanine,2,isoleucine,8,12,6,2,3.618,2.742,0.039,110.0,99.2,1.1516,0.0,3.295,2.619,175 71 360 357 184 360
phenylalanine,2,isoleucine,8,12,6,3,3.618,2.742,0.039,110.0,99.2,0.0,0.0,2.73,1.08,328 297 4 103 84 292 217 82
phenylalanine,2,isoleucine,8,12,6,4,3.618,2.742,0.039,110.0,99.2,0.0,0.0,3.122,0.632,258 65 30 240 300 304 260 23 88 246
phenylalanine,2,isoleucine,8,13,4,1,3.618,2.064,0.039,100.6,130.4,2.7563,0.0,1.898,4.884,347 102 359 360
phenylalanine,2,isoleucine,8,13,4,2,3.618,2.064,0.039,100.6,130.4,1.8308,0.0,2.158,4.884,37 81 0 4 175 0
phenylalanine,2,isoleucine,8,13,4,3,3.618,2.064,0.039,100.6,130.4,0.0,0.0,2.842,4.884,166 294 55 312 223 1 170 2
phenylalanine,2,isoleucine,8,13,4,4,3.618,2.064,0.039,100.6,130.4,0.0,0.0,2.777,4.884,65 329 357 299 307 63 78 312 240 112
phenylalanine,2,isoleucine,8,13,5,1,3.618,4.039,0.039,71.9,49.9,1.736,0.0,1.775,3.613,328 95 32 14
phenylalanine,2,isoleucine,8,13,5,2,3.618,4.039,0.039,71.9,49.9,0.3293,0.0,1.717,3.035,5 90 25 61 92 12
phenylalanine,2,isoleucine,8,13,5,3,3.618,4.039,0.039,71.9,49.9,0.0,0.0,0.863,2.77,47 56 57 272 265 63 115 242
phenylalanine,2,isoleucine,8,13,5,4,3.618,4.039,0.039,71.9,49.9,0.0,0.0,0.168,1.593,351 273 331 209 286 96 89 316 194 67
phenylalanine,2,isoleucine,8,13,6,1,3.618,3.371,0.039,84.6,73.0,1.6536,0.0,2.842,4.274,239 249 351 355
phenylalanine,2,isoleucine,8,13,6,2,3.618,3.371,0.039,84.6,73.0,0.5226,0.0,2.842,3.965,186 262 360 352 190 360
phenylalanine,2,isoleucine,8,13,6,3,3.618,3.371,0.039,84.6,73.0,0.0,0.0,2.842,4.431,176 42 269 111 57 310 213 30
phenylalanine,2,isoleucine,8,13,6,4,3.618,3.371,0.039,84.6,73.0,0.0,0.0,1.208,1.409,358 324 127 75 112 221 291 147 31 13
phenylalanine,2,isoleucine,8,14,4,1,3.618,4.214,0.039,17.0,118.5,3.7221,0.0,2.894,3.103,250 6 171 0
phenylalanine,2,isoleucine,8,14,4,2,3.618,4.214,0.039,17.0,118.5,0.7131,0.0,2.894,3.103,233 265 292 357 192 351
phenylalanine,2,isoleucine,8,14,4,3,3.618,4.214,0.039,17.0,118.5,0.0,0.0,0.789,2.461,350 79 77 280 271 54 117 251
phenylalanine,2,isoleucine,8,14,4,4,3.618,4.214,0.039,17.0,118.5,0.0,0.0,1.145,2.591,10 21 60 314 288 72 100 267 234 148
phenylalanine,2,isoleucine,8,14,5,1,3.618,5.347,0.039,9.9,73.4,4.3272,0.0,2.073,1.683,58 359 181 360
phenylalanine,2,isoleucine,8,14,5,2,3.618,5.347,0.039,9.9,73.4,0.7454,0.0,2.745,0.819,65 31 142 1 177 2
phenylalanine,2,isoleucine,8,14,5,3,3.618,5.347,0.039,9.9,73.4,0.0,0.0,1.824,0.367,54 291 288 79 86 281 227 120
phenylalanine,2,isoleucine,8,14,5,4,3.618,5.347,0.039,9.9,73.4,0.0,0.0,1.206,0.495,35 333 300 63 89 263 237 100 126 205
phenylalanine,2,isoleucine,8,14,6,1,3.618,4.909,0.039,24.2,89.3,3.049,0.0,2.894,3.092,157 359 182 360
phenylalanine,2,isoleucine,8,14,6,2,3.618,4.909,0.039,24.2,89.3,0.0355,0.0,2.894,3.103,186 73 89 5 161 16
phenylalanine,2,isoleucine,8,14,6,3,3.618,4.909,0.039,24.2,89.3,0.0,0.0,1.731,1.147,54 298 277 75 105 290 241 136
phenylalanine,2,isoleucine,8,14,6,4,3.618,4.909,0.039,24.2,89.3,0.0,0.0,1.125,0.875,27 339 302 60 91 269 242 111 135 200
phenylalanine,2,leucine,12,12,1,1,5.619,5.313,0.667,69.8,91.8,0.2379,0.0,1.812,1.039,341 54 68 20
phenylalanine,2,leucine,12,12,1,2,5.619,5.313,0.667,69.8,91.8,0.0,0.0,1.589,0.511,11 102 57 290 198 47
phenylalanine,2,leucine,12,12,1,3,5.619,5.313,0.667,69.8,91.8,0.0,0.0,1.482,0.818,60 31 54 301 270 49 93 222
phenylalanine,2,leucine,12,12,1,4,5.619,5.313,0.667,69.8,91.8,0.0,0.0,1.97,0.665,30 37 29 304 339 96 63 292 176 37
phenylalanine,2,leucine,12,12,2,1,5.619,4.417,0.667,94.2,133.1,0.281,0.0,2.226,0.833,334 99 9 4
phenylalanine,2,leucine,12,12,2,2,5.619,4.417,0.667,94.2,133.1,0.0,0.0,2.385,0.679,16 85 355 317 239 46
phenylalanine,2,leucine,12,12,2,3,5.619,4.417,0.667,94.2,133.1,0.0,0.0,3.295,0.855,224 80 234 157 12 285 254 346
phenylalanine,2,leucine,12,12,2,4,5.619,4.417,0.667,94.2,133.1,0.0,0.0,2.232,0.68,7 343 353 297 323 94 94 286 226 115
phenylalanine,2,leucine,12,12,13,1,5.619,6.438,0.667,80.3,49.9,0.3887,0.0,3.295,0.364,281 315 304 262
phenylalanine,2,leucine,12,12,13,2,5.619,6.438,0.667,80.3,49.9,0.0,0.0,3.295,0.913,253 281 299 347 246 100
phenylalanine,2,leucine,12,12,13,3,5.619,6.438,0.667,80.3,49.9,0.0,0.0,3.054,0.629,305 128 329 316 311 127 73 334
phenylalanine,2,leucine,12,12,13,4,5.619,6.438,0.667,80.3,49.9,0.0,0.0,2.031,0.708,352 2 49 294 270 177 63 254 279 60
phenylalanine,2,leucine,12,13,1,1,5.619,6.396,0.667,20.9,112.4,3.4534,0.0,1.457,4.884,18 0 180 0
phenylalanine,2,leucine,12,13,1,2,5.619,6.396,0.667,20.9,112.4,0.2665,0.0,0.724,3.101,347 354 192 355 218 301
phenylalanine,2,leucine,12,13,1,3,5.619,6.396,0.667,20.9,112.4,0.0,0.0,2.136,3.641,49 299 281 67 81 279 235 131
phenylalanine,2,leucine,12,13,1,4,5.619,6.396,0.667,20.9,112.4,0.0,0.0,1.572,3.456,28 332 296 54 83 263 236 103 128 204
phenylalanine,2,leucine,12,13,2,1,5.619,6.301,0.667,5.1,116.7,5.0246,0.0,2.842,1.302,278 360 181 360
phenylalanine,2,leucine,12,13,2,2,5.619,6.301,0.667,5.1,116.7,1.349,0.0,2.424,0.844,293 2 176 1 163 32
phenylalanine,2,leucine,12,13,2,3,5.619,6.301,0.667,5.1,116.7,0.0,0.0,1.652,0.387,315 67 99 279 250 97 124 205
phenylalanine,2,leucine,12,13,2,4,5.619,6.301,0.667,5.1,116.7,0.0,0.0,1.16,0.785,326 31 66 300 271 100 125 244 222 160
phenylalanine,2,leucine,12,13,13,1,5.619,7.856,0.667,11.1,56.3,5.2478,0.0,2.842,4.773,68 0 180 0
phenylalanine,2,leucine,12,13,13,2,5.619,7.856,0.667,11.1,56.3,1.4511,0.0,2.842,3.698,65 0 179 0 204 268
phenylalanine,2,leucine,12,13,13,3,5.619,7.856,0.667,11.1,56.3,0.0,0.0,2.099,2.87,48 303 261 63 127 255 206 154
phenylalanine,2,leucine,12,13,13,4,5.619,7.856,0.667,11.1,56.3,0.0,0.0,1.651,3.347,32 327 292 58 86 255 231 129 148 197
phenylalanine,2,leucine,12,14,1,1,5.619,4.98,0.667,81.8,101.3,0.0,0.0,2.119,2.495,14 258 316 38
phenylalanine,2,leucine,12,14,1,2,5.619,4.98,0.667,81.8,101.3,0.0,0.0,2.508,3.103,341 273 8 31 95 333
phenylalanine,2,leucine,12,14,1,3,5.619,4.98,0.667,81.8,101.3,0.0,0.0,2.467,1.143,78 132 286 320 279 322 281 303
phenylalanine,2,leucine,12,14,1,4,5.619,4.98,0.667,81.8,101.3,0.0,0.0,2.564,1.472,101 35 331 331 229 340 265 9 151 229
phenylalanine,2,leucine,12,14,2,1,5.619,4.709,0.667,83.3,112.9,0.0,0.0,2.894,0.898,79 170 345 353
phenylalanine,2,leucine,12,14,2,2,5.619,4.709,0.667,83.3,112.9,0.0,0.0,2.894,0.75,132 149 301 350 238 320
phenylalanine,2,leucine,12,14,2,3,5.619,4.709,0.667,83.3,112.9,0.0,0.0,2.258,0.75,7 255 60 5 115 55 76 23
phenylalanine,2,leucine,12,14,2,4,5.619,4.709,0.667,83.3,112.9,0.0,0.0,1.253,0.542,356 9 353 81 66 267 260 51 115 243
phenylalanine,2,leucine,12,14,13,1,5.619,5.865,0.667,102.0,68.3,0.0,0.0,2.262,2.259,25 213 360 105
phenylalanine,2,leucine,12,14,13,2,5.619,5.865,0.667,102.0,68.3,0.0,0.0,2.314,2.696,358 295 15 23 86 313
phenylalanine,2,leucine,12,14,13,3,5.619,5.865,0.667,102.0,68.3,0.0,0.0,1.955,3.103,327 68 178 221 28 47 60 45
phenylalanine,2,leucine,12,14,13,4,5.619,5.865,0.667,102.0,68.3,0.0,0.0,2.323,0.963,73 343 296 350 6 280 262 47 134 276
phenylalanine,2,serine,32,12,3,1,8.963,8.693,-0.105,89.7,96.5,1.4164,0.0,2.589,1.606,20 57 186 184
phenylalanine,2,serine,32,12,3,2,8.963,8.693,-0.105,89.7,96.5,0.0,0.0,2.364,0.702,354 37 251 18 76 216
phenylalanine,2,serine,32,12,3,3,8.963,8.693,-0.105,89.7,96.5,0.0,0.0,2.722,0.903,344 287 339 127 76 208 212 150
phenylalanine,2,serine,32,12,3,4,8.963,8.693,-0.105,89.7,96.5,0.0,0.0,2.777,2.159,54 36 326 353 14 234 261 108 135 250
phenylalanine,2,serine,32,12,4,1,8.963,10.174,-0.105,87.9,36.7,2.9267,0.0,2.521,2.013,67 307 172 175
phenylalanine,2,serine,32,12,4,2,8.963,10.174,-0.105,87.9,36.7,0.4433,0.0,2.852,0.41,351 74 211 200 272 214
phenylalanine,2,serine,32,12,4,3,8.963,10.174,-0.105,87.9,36.7,0.0,0.0,2.827,0.706,330 70 243 317 113 230 2 98
phenylalanine,2,serine,32,12,4,4,8.963,10.174,-0.105,87.9,36.7,0.0,0.0,2.177,1.284,37 19 338 5 31 255 229 107 129 205
phenylalanine,2,serine,32,12,5,1,8.963,9.653,-0.105,76.1,60.3,2.3644,0.0,2.175,1.847,32 24 180 180
phenylalanine,2,serine,32,12,5,2,8.963,9.653,-0.105,76.1,60.3,0.0799,0.0,2.635,2.619,74 357 143 101 328 194
phenylalanine,2,serine,32,12,5,3,8.963,9.653,-0.105,76.1,60.3,0.0,0.0,3.027,2.597,86 286 271 20 75 253 227 107
phenylalanine,2,serine,32,12,5,4,8.963,9.653,-0.105,76.1,60.3,0.0,0.0,2.097,2.216,48 344 306 32 59 252 230 87 113 210
phenylalanine,2,serine,32,13,3,1,8.963,8.549,-0.105,95.1,95.7,1.2609,0.0,2.068,3.934,348 290 179 179
phenylalanine,2,serine,32,13,3,2,8.963,8.549,-0.105,95.1,95.7,0.0,0.0,1.073,3.966,3 351 76 340 305 162
phenylalanine,2,serine,32,13,3,3,8.963,8.549,-0.105,95.1,95.7,0.0,0.0,2.739,4.729,295 235 61 113 300 122 87 252
phenylalanine,2,serine,32,13,3,4,8.963,8.549,-0.105,95.1,95.7,0.0,0.0,2.842,3.646,282 325 35 29 1 129 106 242 218 118
phenylalanine,2,serine,32,13,4,1,8.963,10.219,-0.105,86.3,23.2,2.9497,0.0,1.695,3.274,347 309 182 181
phenylalanine,2,serine,32,13,4,2,8.963,10.219,-0.105,86.3,23.2,0.7268,0.0,2.506,1.027,286 13 215 218 57 155
phenylalanine,2,serine,32,13,4,3,8.963,10.219,-0.105,86.3,23.2,0.0213,0.0,2.842,0.881,281 1 200 222 60 164 1 177
phenylalanine,2,serine,32,13,4,4,8.963,10.219,-0.105,86.3,23.2,0.0,0.0,2.035,0.39,290 47 97 328 294 117 132 262 249 154
phenylalanine,2,serine,32,13,5,1,8.963,9.112,-0.105,96.3,74.7,1.8266,0.0,2.044,4.313,294 71 183 182
phenylalanine,2,serine,32,13,5,2,8.963,9.112,-0.105,96.3,74.7,0.0,0.0,2.418,4.884,33 256 168 26 237 144
phenylalanine,2,serine,32,13,5,3,8.963,9.112,-0.105,96.3,74.7,0.0,0.0,2.587,4.884,32 99 312 38 242 333 77 220
phenylalanine,2,serine,32,13,5,4,8.963,9.112,-0.105,96.3,74.7,0.0,0.0,2.634,3.493,300 338 29 14 345 114 130 259 233 145
phenylalanine,2,serine,32,14,3,1,8.963,10.327,-0.105,8.9,89.0,7.3169,0.0,1.506,3.103,342 0 180 0
phenylalanine,2,serine,32,14,3,2,8.963,10.327,-0.105,8.9,89.0,3.5616,0.0,1.645,3.103,339 0 179 1 158 122
phenylalanine,2,serine,32,14,3,3,8.963,10.327,-0.105,8.9,89.0,0.2152,0.0,2.819,3.103,308 1 178 1 148 105 196 188
phenylalanine,2,serine,32,14,3,4,8.963,10.327,-0.105,8.9,89.0,0.0,0.0,2.894,3.103,236 73 121 276 221 133 160 217 212 182
phenylalanine,2,serine,32,14,4,1,8.963,11.67,-0.105,18.9,32.5,7.4782,0.0,0.743,2.757,3 360 180 359
phenylalanine,2,serine,32,14,4,2,8.963,11.67,-0.105,18.9,32.5,3.8695,0.0,0.731,2.82,0 1 171 13 194 192
phenylalanine,2,serine,32,14,4,3,8.963,11.67,-0.105,18.9,32.5,0.5337,0.0,0.665,2.339,12 2 158 34 204 197 231 210
phenylalanine,2,serine,32,14,4,4,8.963,11.67,-0.105,18.9,32.5,0.0,0.0,1.557,2.68,358 325 229 91 123 195 205 136 96 155
phenylalanine,2,serine,32,14,5,1,8.963,10.807,-0.105,21.8,71.1,6.4488,0.0,2.078,3.103,329 0 179 1
phenylalanine,2,serine,32,14,5,2,8.963,10.807,-0.105,21.8,71.1,2.8534,0.0,1.93,3.103,333 359 192 342 164 168
phenylalanine,2,serine,32,14,5,3,8.963,10.807,-0.105,21.8,71.1,0.0,0.0,1.88,3.103,325 42 143 296 212 146 160 172
phenylalanine,2,serine,32,14,5,4,8.963,10.807,-0.105,21.8,71.1,0.0,0.0,2.894,3.103,241 72 119 290 216 133 174 228 219 183
phenylalanine,2,tryptophan,5,12,16,1,9.57,8.462,0.054,90.1,117.1,1.1752,0.0,2.763,2.619,97 299 181 181
phenylalanine,2,tryptophan,5,12,16,2,9.57,8.462,0.054,90.1,117.1,0.0,0.0,2.355,1.868,80 182 272 106 214 316
phenylalanine,2,tryptophan,5,12,16,3,9.57,8.462,0.054,90.1,117.1,0.0,0.0,3.295,2.619,155 217 255 90 98 247 194 132
phenylalanine,2,tryptophan,5,12,16,4,9.57,8.462,0.054,90.1,117.1,0.0,0.0,1.614,1.854,157 183 221 86 81 331 265 89 162 232
phenylalanine,2,tryptophan,5,12,17,1,9.57,8.894,0.054,97.7,99.1,1.6052,0.0,2.15,2.106,44 75 180 180
phenylalanine,2,tryptophan,5,12,17,2,9.57,8.894,0.054,97.7,99.1,0.0,0.0,2.128,2.619,135 209 221 120 138 210
phenylalanine,2,tryptophan,5,12,17,3,9.57,8.894,0.054,97.7,99.1,0.0,0.0,1.547,2.619,145 185 207 135 139 270 247 155
phenylalanine,2,tryptophan,5,12,17,4,9.57,8.894,0.054,97.7,99.1,0.0,0.0,2.684,2.593,180 188 200 136 131 229 222 126 141 199
phenylalanine,2,tryptophan,5,12,18,1,9.57,10.697,0.054,94.0,18.7,3.4571,0.0,2.58,1.991,39 67 176 178
phenylalanine,2,tryptophan,5,12,18,2,9.57,10.697,0.054,94.0,18.7,0.9015,0.0,3.241,2.619,104 338 145 147 284 211
phenylalanine,2,tryptophan,5,12,18,3,9.57,10.697,0.054,94.0,18.7,0.17,0.0,3.295,2.619,103 357 154 128 295 199 358 187
phenylalanine,2,tryptophan,5,12,18,4,9.57,10.697,0.054,94.0,18.7,0.0,0.0,3.295,2.619,162 284 164 110 109 166 254 162 66 212
phenylalanine,2,tryptophan,5,13,16,1,9.57,8.006,0.054,108.0,122.9,0.7179,0.0,2.842,4.649,267 93 180 180
phenylalanine,2,tryptophan,5,13,16,2,9.57,8.006,0.054,108.0,122.9,0.0,0.0,2.842,4.703,275 201 110 292 120 353
phenylalanine,2,tryptophan,5,13,16,3,9.57,8.006,0.054,108.0,122.9,0.0,0.0,1.881,3.503,208 212 81 317 175 49 284 271
phenylalanine,2,tryptophan,5,13,16,4,9.57,8.006,0.054,108.0,122.9,0.0,0.0,2.842,4.884,178 180 176 249 249 102 120 224 195 155
phenylalanine,2,tryptophan,5,13,17,1,9.57,8.417,0.054,117.5,104.7,1.1282,0.0,2.228,4.884,331 251 180 180
phenylalanine,2,tryptophan,5,13,17,2,9.57,8.417,0.054,117.5,104.7,0.0,0.0,2.842,4.703,276 221 84 295 87 329
phenylalanine,2,tryptophan,5,13,17,3,9.57,8.417,0.054,117.5,104.7,0.0,0.0,2.116,4.884,187 155 129 261 269 120 144 215
phenylalanine,2,tryptophan,5,13,17,4,9.57,8.417,0.054,117.5,104.7,0.0,0.0,2.842,4.884,191 195 181 237 237 99 109 231 216 161
phenylalanine,2,tryptophan,5,13,18,1,9.57,10.203,0.054,113.9,31.2,2.9314,0.0,2.842,4.723,263 102 183 182
phenylalanine,2,tryptophan,5,13,18,2,9.57,10.203,0.054,113.9,31.2,0.5095,0.0,2.174,4.884,356 239 167 173 80 147
phenylalanine,2,tryptophan,5,13,18,3,9.57,10.203,0.054,113.9,31.2,0.0,0.0,2.842,4.703,277 187 115 101 293 203 355 117
phenylalanine,2,tryptophan,5,13,18,4,9.57,10.203,0.054,113.9,31.2,0.0,0.0,2.842,4.874,221 178 181 213 207 131 132 236 239 174
phenylalanine,2,tryptophan,5,14,16,1,9.57,10.111,0.054,8.8,125.6,7.1425,0.0,2.894,3.103,257 360 180 360
phenylalanine,2,tryptophan,5,14,16,2,9.57,10.111,0.054,8.8,125.6,3.4338,0.0,2.894,3.103,254 360 180 360 206 239
phenylalanine,2,tryptophan,5,14,16,3,9.57,10.111,0.054,8.8,125.6,0.0,0.0,2.894,3.103,289 358 178 4 132 106 192 184
phenylalanine,2,tryptophan,5,14,16,4,9.57,10.111,0.054,8.8,125.6,0.0,0.0,2.894,3.103,287 51 86 286 257 130 149 216 207 173
phenylalanine,2,tryptophan,5,14,17,1,9.57,10.669,0.054,17.8,101.4,6.7002,0.0,2.894,3.103,210 0 180 0
phenylalanine,2,tryptophan,5,14,17,2,9.57,10.669,0.054,17.8,101.4,3.1545,0.0,2.894,3.103,216 359 186 353 156 154
phenylalanine,2,tryptophan,5,14,17,3,9.57,10.669,0.054,17.8,101.4,0.0,0.0,2.213,3.103,197 25 150 322 204 137 161 173
phenylalanine,2,tryptophan,5,14,17,4,9.57,10.669,0.054,17.8,101.4,0.0,0.0,2.894,3.103,281 46 82 289 258 126 144 201 196 176
phenylalanine,2,tryptophan,5,14,18,1,9.57,12.406,0.054,11.6,27.6,8.8136,0.0,2.894,3.103,236 360 180 360
phenylalanine,2,tryptophan,5,14,18,2,9.57,12.406,0.054,11.6,27.6,5.154,0.0,2.894,3.103,233 1 177 3 199 205
phenylalanine,2,tryptophan,5,14,18,3,9.57,12.406,0.054,11.6,27.6,1.5152,0.0,2.894,3.103,236 360 180 360 215 224 179 179
phenylalanine,2,tryptophan,5,14,18,4,9.57,12.406,0.054,11.6,27.6,0.0,0.0,2.894,3.103,267 345 233 305 143 145 159 201 260 225
phenylalanine,2,glutamic,10,12,5,1,6.372,5.764,-0.237,131.3,57.3,0.1929,0.0,2.618,2.619,80 337 344 94
phenylalanine,2,glutamic,10,12,5,2,6.372,5.764,-0.237,131.3,57.3,0.0,0.0,3.067,0.44,19 257 24 307 263 86
phenylalanine,2,glutamic,10,12,5,3,6.372,5.764,-0.237,131.3,57.3,0.0,0.0,2.716,0.669,327 68 252 84 51 355 255 55
phenylalanine,2,glutamic,10,12,5,4,6.372,5.764,-0.237,131.3,57.3,0.0,0.0,1.339,0.809,248 169 149 67 113 278 302 106 56 199
phenylalanine,2,glutamic,10,12,6,1,6.372,3.615,-0.237,145.1,164.1,1.0879,0.0,3.295,2.619,98 19 350 359
phenylalanine,2,glutamic,10,12,6,2,6.372,3.615,-0.237,145.1,164.1,0.2797,0.0,3.295,2.544,204 33 0 13 163 0
phenylalanine,2,glutamic,10,12,6,3,6.372,3.615,-0.237,145.1,164.1,0.0,0.0,1.5,1.102,336 78 292 202 6 329 163 9
phenylalanine,2,glutamic,10,12,6,4,6.372,3.615,-0.237,145.1,164.1,0.0,0.0,2.946,0.693,325 249 162 101 66 309 239 352 138 252
phenylalanine,2,glutamic,10,12,7,1,6.372,5.536,-0.237,131.7,65.8,0.045,0.0,3.295,2.619,132 26 18 276
phenylalanine,2,glutamic,10,12,7,2,6.372,5.536,-0.237,131.7,65.8,0.0,0.0,3.295,1.546,201 136 301 59 98 300
phenylalanine,2,glutamic,10,12,7,3,6.372,5.536,-0.237,131.7,65.8,0.0,0.0,3.295,0.426,256 157 242 108 89 276 219 120
phenylalanine,2,glutamic,10,12,7,4,6.372,5.536,-0.237,131.7,65.8,0.0,0.0,3.295,0.567,244 143 198 145 125 257 243 69 81 191
phenylalanine,2,glutamic,10,13,5,1,6.372,6.641,-0.237,92.2,69.3,0.0,0.0,2.541,3.147,275 47 72 203
phenylalanine,2,glutamic,10,13,5,2,6.372,6.641,-0.237,92.2,69.3,0.014,0.0,2.842,4.627,239 180 70 78 359 358
phenylalanine,2,glutamic,10,13,5,3,6.372,6.641,-0.237,92.2,69.3,0.0,0.0,2.842,4.884,200 200 119 233 254 70 87 285
phenylalanine,2,glutamic,10,13,5,4,6.372,6.641,-0.237,92.2,69.3,0.0,0.0,2.842,4.884,171 180 159 217 231 119 123 253 232 154
phenylalanine,2,glutamic,10,13,6,1,6.372,5.046,-0.237,77.6,138.0,0.0,0.0,2.842,3.517,266 86 57 329
phenylalanine,2,glutamic,10,13,6,2,6.372,5.046,-0.237,77.6,138.0,0.0,0.0,1.605,2.318,313 62 73 291 212 35
phenylalanine,2,glutamic,10,13,6,3,6.372,5.046,-0.237,77.6,138.0,0.0,0.0,1.884,0.79,354 292 185 82 92 298 206 96
phenylalanine,2,glutamic,10,13,6,4,6.372,5.046,-0.237,77.6,138.0,0.0,0.0,1.394,3.543,345 40 358 273 281 57 104 29 268 19
phenylalanine,2,glutamic,10,13,7,1,6.372,6.274,-0.237,97.7,82.7,0.0,0.0,2.842,4.884,198 135 125 274
phenylalanine,2,glutamic,10,13,7,2,6.372,6.274,-0.237,97.7,82.7,0.0,0.0,2.842,3.765,188 188 22 345 272 36
phenylalanine,2,glutamic,10,13,7,3,6.372,6.274,-0.237,97.7,82.7,0.0,0.0,2.842,4.572,149 348 352 297 241 337 113 49
phenylalanine,2,glutamic,10,13,7,4,6.372,6.274,-0.237,97.7,82.7,0.0,0.0,2.842,4.884,170 198 162 223 240 97 100 260 236 148
phenylalanine,2,glutamic,10,14,5,1,6.372,8.097,-0.237,33.4,57.8,3.2856,0.0,2.894,3.038,154 359 188 347
phenylalanine,2,glutamic,10,14,5,2,6.372,8.097,-0.237,33.4,57.8,0.6715,0.0,2.894,3.103,190 3 172 7 111 117
phenylalanine,2,glutamic,10,14,5,3,6.372,8.097,-0.237,33.4,57.8,0.0,0.0,1.958,0.772,77 9 150 51 190 266 291 218
phenylalanine,2,glutamic,10,14,5,4,6.372,8.097,-0.237,33.4,57.8,0.0,0.0,1.495,1.009,7 311 256 65 121 266 244 158 151 171
phenylalanine,2,glutamic,10,14,6,1,6.372,5.973,-0.237,42.2,156.0,1.3639,0.0,2.894,1.934,139 5 165 11
phenylalanine,2,glutamic,10,14,6,2,6.372,5.973,-0.237,42.2,156.0,0.0,0.0,2.894,1.363,134 275 295 61 98 283
phenylalanine,2,glutamic,10,14,6,3,6.372,5.973,-0.237,42.2,156.0,0.0,0.0,1.528,0.906,52 322 288 73 104 268 240 156
phenylalanine,2,glutamic,10,14,6,4,6.372,5.973,-0.237,42.2,156.0,0.0,0.0,1.108,0.817,26 342 304 72 102 252 229 122 140 197
phenylalanine,2,glutamic,10,14,7,1,6.372,7.547,-0.237,49.4,78.5,1.4921,0.0,2.894,3.103,161 360 198 310
phenylalanine,2,glutamic,10,14,7,2,6.372,7.547,-0.237,49.4,78.5,0.0,0.0,2.894,1.861,142 321 274 26 97 264
phenylalanine,2,glutamic,10,14,7,3,6.372,7.547,-0.237,49.4,78.5,0.0,0.0,2.775,0.938,92 325 296 70 100 250 223 157
phenylalanine,2,glutamic,10,14,7,4,6.372,7.547,-0.237,49.4,78.5,0.0,0.0,2.894,3.103,239 97 31 27 77 342 297 81 126 217
phenylalanine,2,leucine,13,12,1,1,10.489,9.197,0.835,91.4,141.5,2.0196,0.0,3.295,0.443,279 303 167 173
phenylalanine,2,leucine,13,12,1,2,10.489,9.197,0.835,91.4,141.5,0.0,0.0,2.458,0.647,263 130 48 203 207 131
phenylalanine,2,leucine,13,12,1,3,10.489,9.197,0.835,91.4,141.5,0.0,0.0,2.397,1.182,212 191 112 181 260 111 34 142
phenylalanine,2,leucine,13,12,1,4,10.489,9.197,0.835,91.4,141.5,0.0,0.0,2.738,2.413,182 181 157 206 215 123 128 242 226 161
phenylalanine,2,leucine,13,12,2,1,10.489,11.667,0.835,91.2,34.3,4.4373,0.0,3.295,0.435,279 300 174 176
phenylalanine,2,leucine,13,12,2,2,10.489,11.667,0.835,91.2,34.3,0.9052,0.0,3.248,0.668,277 292 168 173 145 154
phenylalanine,2,leucine,13,12,2,3,10.489,11.667,0.835,91.2,34.3,0.0,0.0,3.295,1.591,193 114 188 202 222 177 64 156
phenylalanine,2,leucine,13,12,2,4,10.489,11.667,0.835,91.2,34.3,0.0,0.0,3.013,2.327,176 168 151 209 213 142 149 228 215 166
phenylalanine,2,leucine,13,12,13,1,10.489,10.607,0.835,79.7,79.5,3.3303,0.0,3.295,0.664,269 326 181 181
phenylalanine,2,leucine,13,12,13,2,10.489,10.607,0.835,79.7,79.5,0.0,0.0,3.295,1.439,235 352 204 183 133 177
phenylalanine,2,leucine,13,12,13,3,10.489,10.607,0.835,79.7,79.5,0.0,0.0,3.236,2.373,173 113 125 282 264 145 157 194
phenylalanine,2,leucine,13,12,13,4,10.489,10.607,0.835,79.7,79.5,0.0,0.0,3.295,2.446,164 141 133 229 223 153 157 250 253 184
phenylalanine,2,leucine,13,13,1,1,10.489,10.365,0.835,45.7,136.9,4.4164,0.0,2.842,2.86,149 360 204 290
phenylalanine,2,leucine,13,13,1,2,10.489,10.365,0.835,45.7,136.9,0.8369,0.0,2.842,2.55,147 0 145 79 183 182
phenylalanine,2,leucine,13,13,1,3,10.489,10.365,0.835,45.7,136.9,0.0,0.0,2.842,3.337,110 297 247 113 142 216 212 181
phenylalanine,2,leucine,13,13,1,4,10.489,10.365,0.835,45.7,136.9,0.0,0.0,2.338,1.813,51 332 289 67 107 256 237 182 185 178
phenylalanine,2,leucine,13,13,2,1,10.489,12.787,0.835,47.0,32.8,6.6187,0.0,2.842,3.066,146 0 205 273
phenylalanine,2,leucine,13,13,2,2,10.489,12.787,0.835,47.0,32.8,3.0729,0.0,2.842,2.881,145 1 142 90 185 183
phenylalanine,2,leucine,13,13,2,3,10.489,12.787,0.835,47.0,32.8,0.3187,0.0,2.842,3.918,157 358 219 249 170 174 95 146
phenylalanine,2,leucine,13,13,2,4,10.489,12.787,0.835,47.0,32.8,0.0,0.0,2.842,4.884,194 264 207 145 145 203 198 131 137 189
phenylalanine,2,leucine,13,13,13,1,10.489,11.391,0.835,48.6,91.4,5.1811,0.0,2.842,2.985,134 360 155 85
phenylalanine,2,leucine,13,13,13,2,10.489,11.391,0.835,48.6,91.4,1.617,0.0,2.842,2.814,134 360 218 270 177 178
phenylalanine,2,leucine,13,13,13,3,10.489,11.391,0.835,48.6,91.4,0.0,0.0,2.842,3.777,98 306 244 109 132 199 198 189
phenylalanine,2,leucine,13,13,13,4,10.489,11.391,0.835,48.6,91.4,0.0,0.0,1.997,3.518,44 318 283 81 114 234 214 176 186 187
phenylalanine,2,leucine,13,14,1,1,10.489,8.075,0.835,144.3,131.4,0.9158,0.0,2.894,0.948,81 167 157 161
phenylalanine,2,leucine,13,14,1,2,10.489,8.075,0.835,144.3,131.4,0.0,0.0,2.894,3.103,186 168 200 71 186 254
phenylalanine,2,leucine,13,14,1,3,10.489,8.075,0.835,144.3,131.4,0.0,0.0,2.894,3.103,196 139 217 152 112 254 219 128
phenylalanine,2,leucine,13,14,1,4,10.489,8.075,0.835,144.3,131.4,0.0,0.0,2.894,3.103,195 143 194 170 136 244 244 62 88 215
phenylalanine,2,leucine,13,14,2,1,10.489,10.476,0.835,147.6,28.4,3.2638,0.0,2.894,1.055,92 174 169 169
phenylalanine,2,leucine,13,14,2,2,10.489,10.476,0.835,147.6,28.4,0.6356,0.0,2.894,1.99,107 140 209 191 87 138
phenylalanine,2,leucine,13,14,2,3,10.489,10.476,0.835,147.6,28.4,0.0,0.0,2.894,2.284,121 127 207 210 98 207 283 140
phenylalanine,2,leucine,13,14,2,4,10.489,10.476,0.835,147.6,28.4,0.0,0.0,2.894,3.103,179 153 173 163 150 224 229 117 124 200
phenylalanine,2,leucine,13,14,13,1,10.489,9.015,0.835,157.2,90.6,2.075,0.0,2.894,0.875,83 179 202 238
phenylalanine,2,leucine,13,14,13,2,10.489,9.015,0.835,157.2,90.6,0.0,0.0,2.894,2.57,160 181 168 90 177 237
phenylalanine,2,leucine,13,14,13,3,10.489,9.015,0.835,157.2,90.6,0.0,0.0,2.894,3.103,273 185 176 107 92 234 214 149
phenylalanine,2,leucine,13,14,13,4,10.489,9.015,0.835,157.2,90.6,0.0,0.0,2.894,3.103,168 142 172 169 145 233 234 98 115 207
phenylalanine,2,serine,2,12,3,1,3.763,2.963,0.93,153.8,63.2,2.4249,0.0,3.295,2.397,201 56 339 353
phenylalanine,2,serine,2,12,3,2,3.763,2.963,0.93,153.8,63.2,0.9661,0.0,2.471,1.123,282 26 359 332 217 360
phenylalanine,2,serine,2,12,3,3,3.763,2.963,0.93,153.8,63.2,0.0,0.0,3.129,2.239,49 75 266 151 53 28 116 345
phenylalanine,2,serine,2,12,3,4,3.763,2.963,0.93,153.8,63.2,0.0,0.0,3.081,0.628,39 222 167 67 12 308 277 33 163 263
phenylalanine,2,serine,2,12,4,1,3.763,3.991,0.93,123.5,23.1,1.5427,0.0,2.941,2.619,91 301 359 359
phenylalanine,2,serine,2,12,4,2,3.763,3.991,0.93,123.5,23.1,0.3502,0.0,2.487,2.041,59 305 359 269 285 359
phenylalanine,2,serine,2,12,4,3,3.763,3.991,0.93,123.5,23.1,0.0,0.0,3.295,1.619,220 186 239 187 13 257 292 344
phenylalanine,2,serine,2,12,4,4,3.763,3.991,0.93,123.5,23.1,0.0,0.0,3.295,2.018,234 242 253 68 51 266 280 87 107 238
phenylalanine,2,serine,2,12,5,1,3.763,3.208,0.93,106.7,55.2,1.9535,0.0,3.295,2.23,206 70 9 7
phenylalanine,2,serine,2,12,5,2,3.763,3.208,0.93,106.7,55.2,0.8409,0.0,3.295,0.136,248 71 5 53 110 3
phenylalanine,2,serine,2,12,5,3,3.763,3.208,0.93,106.7,55.2,0.0,0.0,3.288,2.619,107 305 300 262 330 270 280 14
phenylalanine,2,serine,2,12,5,4,3.763,3.208,0.93,106.7,55.2,0.0,0.0,3.295,2.408,87 261 276 120 96 287 277 51 112 234
phenylalanine,2,serine,2,13,3,1,3.763,4.78,0.93,66.1,37.8,1.7467,0.0,2.842,3.164,251 78 51 20
phenylalanine,2,serine,2,13,3,2,3.763,4.78,0.93,66.1,37.8,0.5562,0.0,2.206,1.638,285 59 60 73 70 29
phenylalanine,2,serine,2,13,3,3,3.763,4.78,0.93,66.1,37.8,0.0,0.0,2.04,0.334,293 68 97 240 275 67 96 285
phenylalanine,2,serine,2,13,3,4,3.763,4.78,0.93,66.1,37.8,0.0,0.0,0.973,2.36,353 352 78 346 213 134 58 189 282 103
phenylalanine,2,serine,2,13,4,1,3.763,4.601,0.93,96.1,45.4,0.7793,0.0,2.842,4.717,265 128 352 349
phenylalanine,2,serine,2,13,4,2,3.763,4.601,0.93,96.1,45.4,0.0,0.0,2.407,4.884,315 156 313 311 238 338
phenylalanine,2,serine,2,13,4,3,3.763,4.601,0.93,96.1,45.4,0.0,0.0,2.842,4.884,153 224 92 211 272 77 138 273
phenylalanine,2,serine,2,13,4,4,3.763,4.601,0.93,96.1,45.4,0.0,0.0,2.842,1.519,273 120 93 190 247 93 77 321 242 82
phenylalanine,2,serine,2,13,5,1,3.763,3.732,0.93,85.9,76.6,1.1575,0.0,2.842,4.884,177 239 354 357
phenylalanine,2,serine,2,13,5,2,3.763,3.732,0.93,85.9,76.6,0.3584,0.0,2.842,4.884,128 252 17 25 126 13
phenylalanine,2,serine,2,13,5,3,3.763,3.732,0.93,85.9,76.6,0.0,0.0,2.842,4.742,255 133 272 315 281 345 219 6
phenylalanine,2,serine,2,13,5,4,3.763,3.732,0.93,85.9,76.6,0.0,0.0,2.485,3.751,310 324 18 317 278 71 97 282 267 165
phenylalanine,2,serine,2,14,3,1,3.763,4.917,0.93,61.1,62.9,0.7679,0.0,2.894,1.427,136 274 292 354
phenylalanine,2,serine,2,14,3,2,3.763,4.917,0.93,61.1,62.9,0.0,0.0,2.558,0.565,86 286 343 7 125 353
phenylalanine,2,serine,2,14,3,3,3.763,4.917,0.93,61.1,62.9,0.0,0.0,1.608,0.671,55 328 335 51 93 308 207 108
phenylalanine,2,serine,2,14,3,4,3.763,4.917,0.93,61.1,62.9,0.0,0.0,1.147,1.393,7 23 243 15 139 135 38 284 354 253
phenylalanine,2,serine,2,14,4,1,3.763,5.818,0.93,51.1,21.9,1.5181,0.0,2.894,3.103,174 55 99 16
phenylalanine,2,serine,2,14,4,2,3.763,5.818,0.93,51.1,21.9,0.3351,0.0,2.894,3.103,205 48 83 108 43 53
phenylalanine,2,serine,2,14,4,3,3.763,5.818,0.93,51.1,21.9,0.0,0.0,2.894,3.103,255 278 242 86 74 285 238 127
phenylalanine,2,serine,2,14,4,4,3.763,5.818,0.93,51.1,21.9,0.0,0.0,2.041,1.6,71 315 213 73 181 242 249 140 55 129
phenylalanine,2,serine,2,14,5,1,3.763,4.115,0.93,72.4,91.8,0.7218,0.0,2.894,3.103,169 143 24 1
phenylalanine,2,serine,2,14,5,2,3.763,4.115,0.93,72.4,91.8,0.0,0.0,2.894,0.942,97 215 25 33 129 22
phenylalanine,2,serine,2,14,5,3,3.763,4.115,0.93,72.4,91.8,0.0,0.0,1.89,1.102,65 327 327 68 88 307 228 118
phenylalanine,2,serine,2,14,5,4,3.763,4.115,0.93,72.4,91.8,0.0,0.0,2.394,3.103,345 198 328 54 103 332 195 51 229 217
arginine,3,phenylalanine,2,16,12,1,7.378,6.75,-0.647,65.3,123.4,0.0,0.0,2.608,0.999,271 31 131 96
arginine,3,phenylalanine,2,16,12,2,7.378,6.75,-0.647,65.3,123.4,0.0,0.0,3.116,0.636,313 143 39 298 202 255
arginine,3,phenylalanine,2,16,12,3,7.378,6.75,-0.647,65.3,123.4,0.0,0.0,3.278,1.611,22 24 91 294 212 87 142 161
arginine,3,phenylalanine,2,16,12,4,7.378,6.75,-0.647,65.3,123.4,0.0,0.0,3.533,1.834,2 273 291 223 237 93 82 316 282 121
arginine,3,phenylalanine,2,16,13,1,7.378,8.908,-0.647,74.1,34.6,1.6194,0.0,1.933,0.97,272 12 181 181
arginine,3,phenylalanine,2,16,13,2,7.378,8.908,-0.647,74.1,34.6,0.1348,0.0,2.713,0.765,330 317 170 174 348 187
arginine,3,phenylalanine,2,16,13,3,7.378,8.908,-0.647,74.1,34.6,0.0,0.0,2.316,1.064,257 161 118 201 236 97 92 232
arginine,3,phenylalanine,2,16,13,4,7.378,8.908,-0.647,74.1,34.6,0.0,0.0,1.361,0.234,295 21 22 20 345 50 88 277 243 135
arginine,3,phenylalanine,2,16,14,1,7.378,8.362,-0.647,66.6,59.4,1.2959,0.0,1.256,1.33,265 360 197 226
arginine,3,phenylalanine,2,16,14,2,7.378,8.362,-0.647,66.6,59.4,0.0,0.0,1.731,1.891,208 79 144 300 294 189
arginine,3,phenylalanine,2,16,14,3,7.378,8.362,-0.647,66.6,59.4,0.0,0.0,1.253,2.576,191 144 126 234 239 120 137 207
arginine,3,phenylalanine,2,16,14,4,7.378,8.362,-0.647,66.6,59.4,0.0,0.0,1.37,0.917,280 8 27 334 300 75 119 303 270 150
arginine,3,phenylalanine,2,17,12,1,7.378,7.545,-0.647,30.0,131.8,3.1422,0.0,2.947,1.106,95 1 176 4
arginine,3,phenylalanine,2,17,12,2,7.378,7.545,-0.647,30.0,131.8,0.0,0.0,2.656,0.544,100 313 227 43 147 226
arginine,3,phenylalanine,2,17,12,3,7.378,7.545,-0.647,30.0,131.8,0.0,0.0,1.917,1.279,31 316 277 71 112 252 221 162
arginine,3,phenylalanine,2,17,12,4,7.378,7.545,-0.647,30.0,131.8,0.0,0.0,2.189,0.563,350 95 52 62 122 294 264 124 127 184
arginine,3,phenylalanine,2,17,13,1,7.378,9.938,-0.647,28.0,29.6,5.1776,0.0,3.059,0.6,103 0 178 4
arginine,3,phenylalanine,2,17,13,2,7.378,9.938,-0.647,28.0,29.6,1.5312,0.0,3.059,0.826,105 360 159 36 177 178
arginine,3,phenylalanine,2,17,13,3,7.378,9.938,-0.647,28.0,29.6,0.1797,0.0,1.533,1.447,70 358 149 55 166 171 38 161
arginine,3,phenylalanine,2,17,13,4,7.378,9.938,-0.647,28.0,29.6,0.0,0.0,0.849,3.765,11 315 235 100 133 217 219 155 123 159
arginine,3,phenylalanine,2,17,14,1,7.378,8.968,-0.647,41.2,72.8,3.3463,0.0,3.059,0.92,110 0 195 320
arginine,3,phenylalanine,2,17,14,2,7.378,8.968,-0.647,41.2,72.8,0.0,0.0,2.792,0.873,94 352 172 73 157 177
arginine,3,phenylalanine,2,17,14,3,7.378,8.968,-0.647,41.2,72.8,0.0,0.0,1.771,0.739,64 319 287 62 100 240 210 157
arginine,3,phenylalanine,2,17,14,4,7.378,8.968,-0.647,41.2,72.8,0.0,0.0,2.008,0.642,7 162 89 53 86 316 287 176 205 214
arginine,3,phenylalanine,2,18,12,1,7.378,5.191,-0.647,128.9,124.7,0.0,0.0,2.917,0.158,64 355 52 307
arginine,3,phenylalanine,2,18,12,2,7.378,5.191,-0.647,128.9,124.7,0.0,0.0,2.294,1.081,330 286 54 2 103 14
arginine,3,phenylalanine,2,18,12,3,7.378,5.191,-0.647,128.9,124.7,0.0,0.0,2.07,0.538,119 193 292 69 70 14 126 2
arginine,3,phenylalanine,2,18,12,4,7.378,5.191,-0.647,128.9,124.7,0.0,0.0,2.444,1.357,243 25 27 147 5 351 220 266 143 152
arginine,3,phenylalanine,2,18,13,1,7.378,7.536,-0.647,131.0,25.6,0.8827,0.0,2.684,0.803,16 74 276 195
arginine,3,phenylalanine,2,18,13,2,7.378,7.536,-0.647,131.0,25.6,0.2223,0.0,1.541,1.605,358 359 305 214 360 133
arginine,3,phenylalanine,2,18,13,3,7.378,7.536,-0.647,131.0,25.6,0.0,0.0,2.491,0.745,109 276 190 160 275 116 74 44
arginine,3,phenylalanine,2,18,13,4,7.378,7.536,-0.647,131.0,25.6,0.0,0.0,1.383,1.352,9 297 270 341 2 283 238 43 89 213
arginine,3,phenylalanine,2,18,14,1,7.378,6.527,-0.647,149.3,70.6,0.3199,0.0,2.425,0.815,357 194 105 73
arginine,3,phenylalanine,2,18,14,2,7.378,6.527,-0.647,149.3,70.6,0.0,0.0,2.43,1.925,145 158 205 31 208 315
arginine,3,phenylalanine,2,18,14,3,7.378,6.527,-0.647,149.3,70.6,0.0,0.0,2.396,2.698,148 138 217 161 83 258 231 106
arginine,3,phenylalanine,2,18,14,4,7.378,6.527,-0.647,149.3,70.6,0.0,0.0,1.86,0.804,42 262 210 25 42 292 251 47 116 228
arginine,3,lysine,10,16,13,1,8.739,7.796,0.694,156.1,63.6,0.8397,0.0,0.835,1.489,302 180 201 242
arginine,3,lysine,10,16,13,2,8.739,7.796,0.694,156.1,63.6,0.0,0.0,2.553,3.316,241 223 100 232 318 141
arginine,3,lysine,10,16,13,3,8.739,7.796,0.694,156.1,63.6,0.0,0.0,2.31,2.95,260 269 108 148 270 114 150 312
arginine,3,lysine,10,16,13,4,8.739,7.796,0.694,156.1,63.6,0.0,0.0,0.846,1.136,16 230 253 10 19 81 128 301 253 149
arginine,3,lysine,10,16,14,1,8.739,8.527,0.694,167.9,30.3,2.1473,0.0,0.333,2.57,343 180 158 79
arginine,3,lysine,10,16,14,2,8.739,8.527,0.694,167.9,30.3,0.1838,0.0,2.201,3.963,43 157 227 220 337 202
arginine,3,lysine,10,16,14,3,8.739,8.527,0.694,167.9,30.3,0.0,0.0,2.479,3.963,56 146 176 319 312 69 80 192
arginine,3,lysine,10,16,14,4,8.739,8.527,0.694,167.9,30.3,0.0,0.0,0.816,2.025,316 129 151 298 284 107 133 279 255 163
arginine,3,lysine,10,16,15,1,8.739,7.002,0.694,170.8,93.1,0.9535,0.0,1.665,2.462,260 180 194 321
arginine,3,lysine,10,16,15,2,8.739,7.002,0.694,170.8,93.1,0.0,0.0,1.98,1.99,282 236 146 195 291 60
arginine,3,lysine,10,16,15,3,8.739,7.002,0.694,170.8,93.1,0.0,0.0,2.354,3.963,48 152 173 246 340 93 102 237
arginine,3,lysine,10,16,15,4,8.739,7.002,0.694,170.8,93.1,0.0,0.0,1.344,3.352,350 139 165 305 286 115 60 322 283 87
arginine,3,lysine,10,17,13,1,8.739,10.227,0.694,45.3,60.9,4.3069,0.0,2.474,5.098,236 1 157 64
arginine,3,lysine,10,17,13,2,8.739,10.227,0.694,45.3,60.9,0.8369,0.0,1.532,4.28,228 2 148 64 212 198
arginine,3,lysine,10,17,13,3,8.739,10.227,0.694,45.3,60.9,0.0,0.0,2.386,2.91,167 46 158 317 225 140 129 160
arginine,3,lysine,10,17,13,4,8.739,10.227,0.694,45.3,60.9,0.0,0.0,2.476,1.509,313 302 271 274 187 139 91 213 248 205
arginine,3,lysine,10,17,14,1,8.739,10.777,0.694,57.1,35.8,4.1593,0.0,3.059,5.098,244 1 206 248
arginine,3,lysine,10,17,14,2,8.739,10.777,0.694,57.1,35.8,0.6907,0.0,2.168,5.098,243 5 217 236 215 198
arginine,3,lysine,10,17,14,3,8.739,10.777,0.694,57.1,35.8,0.0,0.0,3.059,5.098,295 342 193 228 215 178 67 107
arginine,3,lysine,10,17,14,4,8.739,10.777,0.694,57.1,35.8,0.0,0.0,3.059,5.098,308 344 74 321 286 111 116 196 238 205
arginine,3,lysine,10,17,15,1,8.739,9.226,0.694,58.1,98.7,2.6129,0.0,3.059,5.098,234 359 152 105
arginine,3,lysine,10,17,15,2,8.739,9.226,0.694,58.1,98.7,0.0,0.0,2.875,5.098,209 77 153 245 228 186
arginine,3,lysine,10,17,15,3,8.739,9.226,0.694,58.1,98.7,0.0,0.0,2.695,5.098,295 64 76 261 229 131 179 214
arginine,3,lysine,10,17,15,4,8.739,9.226,0.694,58.1,98.7,0.0,0.0,3.059,5.098,290 2 43 321 283 104 130 231 217 167
arginine,3,lysine,10,18,13,1,8.739,9.541,0.694,73.2,74.4,2.3844,0.0,2.014,2.035,113 348 161 162
arginine,3,lysine,10,18,13,2,8.739,9.541,0.694,73.2,74.4,0.0,0.0,2.649,0.45,111 259 246 138 155 199
arginine,3,lysine,10,18,13,3,8.739,9.541,0.694,73.2,74.4,0.0,0.0,2.917,2.991,158 210 222 139 142 245 232 160
arginine,3,lysine,10,18,13,4,8.739,9.541,0.694,73.2,74.4,0.0,0.0,2.917,2.991,192 203 222 136 132 224 210 126 147 199
arginine,3,lysine,10,18,14,1,8.739,10.642,0.694,62.5,22.6,3.8025,0.0,1.762,2.474,112 360 205 237
arginine,3,lysine,10,18,14,2,8.739,10.642,0.694,62.5,22.6,1.0718,0.0,2.106,2.991,140 360 183 237 216 182
arginine,3,lysine,10,18,14,3,8.739,10.642,0.694,62.5,22.6,0.2426,0.0,2.917,2.991,157 360 193 254 201 184 359 181
arginine,3,lysine,10,18,14,4,8.739,10.642,0.694,62.5,22.6,0.0,0.0,2.917,2.991,196 294 208 79 112 197 232 165 75 176
arginine,3,lysine,10,18,15,1,8.739,8.921,0.694,69.8,97.6,1.7988,0.0,2.352,2.575,114 3 201 210
arginine,3,lysine,10,18,15,2,8.739,8.921,0.694,69.8,97.6,0.0,0.0,2.917,2.964,154 244 230 119 131 187
arginine,3,lysine,10,18,15,3,8.739,8.921,0.694,69.8,97.6,0.0,0.0,2.917,2.991,155 197 238 146 138 262 244 151
arginine,3,lysine,10,18,15,4,8.739,8.921,0.694,69.8,97.6,0.0,0.0,2.917,2.991,163 194 225 166 150 233 228 104 124 203
arginine,3,aspartic,21,16,3,1,6.688,7.13,0.02,109.8,47.7,0.4191,0.0,3.178,3.963,52 196 286 192
arginine,3,aspartic,21,16,3,2,6.688,7.13,0.02,109.8,47.7,0.0,0.0,3.113,3.963,108 241 193 284 303 271
arginine,3,aspartic,21,16,3,3,6.688,7.13,0.02,109.8,47.7,0.0,0.0,3.021,3.963,101 330 48 149 53 303 290 80
arginine,3,aspartic,21,16,3,4,6.688,7.13,0.02,109.8,47.7,0.0,0.0,3.71,3.963,50 345 271 336 25 292 260 32 119 245
arginine,3,aspartic,21,16,4,1,6.688,7.007,0.02,90.5,52.9,0.6767,0.0,3.519,3.963,51 356 78 111
arginine,3,aspartic,21,16,4,2,6.688,7.007,0.02,90.5,52.9,0.1062,0.0,3.8,3.963,73 10 92 87 18 107
arginine,3,aspartic,21,16,4,3,6.688,7.007,0.02,90.5,52.9,0.0,0.0,1.786,0.671,300 311 268 106 115 285 311 195
arginine,3,aspartic,21,16,4,4,6.688,7.007,0.02,90.5,52.9,0.0,0.0,3.861,3.963,65 308 268 6 23 296 266 62 124 232
arginine,3,aspartic,21,16,5,1,6.688,4.843,0.02,100.0,148.9,0.0175,0.0,1.772,1.489,354 268 339 35
arginine,3,aspartic,21,16,5,2,6.688,4.843,0.02,100.0,148.9,0.0,0.0,3.649,3.963,85 133 320 271 315 312
arginine,3,aspartic,21,16,5,3,6.688,4.843,0.02,100.0,148.9,0.0,0.0,2.444,0.337,282 322 350 73 117 296 164 93
arginine,3,aspartic,21,16,5,4,6.688,4.843,0.02,100.0,148.9,0.0,0.0,2.878,3.624,62 23 326 280 298 306 277 42 154 269
arginine,3,aspartic,21,17,3,1,6.688,8.343,0.02,63.5,47.0,1.4169,0.0,3.059,5.098,301 360 159 119
arginine,3,aspartic,21,17,3,2,6.688,8.343,0.02,63.5,47.0,0.0,0.0,3.059,5.098,283 102 68 181 43 185
arginine,3,aspartic,21,17,3,3,6.688,8.343,0.02,63.5,47.0,0.0,0.0,2.141,5.098,349 7 57 325 296 82 96 203
arginine,3,aspartic,21,17,3,4,6.688,8.343,0.02,63.5,47.0,0.0,0.0,1.883,4.397,20 52 35 262 241 115 186 280 214 163
arginine,3,aspartic,21,17,4,1,6.688,7.807,0.02,60.8,68.5,1.0644,0.0,3.059,5.098,322 360 199 261
arginine,3,aspartic,21,17,4,2,6.688,7.807,0.02,60.8,68.5,0.0,0.0,1.596,4.882,6 20 95 312 273 150
arginine,3,aspartic,21,17,4,3,6.688,7.807,0.02,60.8,68.5,0.0,0.0,1.448,4.645,20 6 56 328 284 71 103 201
arginine,3,aspartic,21,17,4,4,6.688,7.807,0.02,60.8,68.5,0.0,0.0,2.25,5.098,351 355 36 340 310 85 114 263 233 152
arginine,3,aspartic,21,17,5,1,6.688,5.919,0.02,60.2,161.5,0.511,0.0,3.014,5.098,315 25 111 48
arginine,3,aspartic,21,17,5,2,6.688,5.919,0.02,60.2,161.5,0.0,0.0,2.957,5.098,344 110 55 275 215 89
arginine,3,aspartic,21,17,5,3,6.688,5.919,0.02,60.2,161.5,0.0,0.0,1.48,4.287,26 21 47 304 273 74 120 222
arginine,3,aspartic,21,17,5,4,6.688,5.919,0.02,60.2,161.5,0.0,0.0,2.256,5.098,351 355 26 315 297 84 107 288 250 143
arginine,3,aspartic,21,18,3,1,6.688,9.084,0.02,29.1,37.2,4.3394,0.0,2.9,0.179,60 360 182 357
arginine,3,aspartic,21,18,3,2,6.688,9.084,0.02,29.1,37.2,0.8468,0.0,1.754,0.809,75 359 192 340 154 165
arginine,3,aspartic,21,18,3,3,6.688,9.084,0.02,29.1,37.2,0.0,0.0,2.572,2.365,128 318 182 80 141 214 269 222
arginine,3,aspartic,21,18,3,4,6.688,9.084,0.02,29.1,37.2,0.0,0.0,2.579,0.607,66 320 285 67 90 235 219 115 129 197
arginine,3,aspartic,21,18,4,1,6.688,8.401,0.02,34.1,66.6,3.3336,0.0,2.602,1.459,30 0 177 5
arginine,3,aspartic,21,18,4,2,6.688,8.401,0.02,34.1,66.6,0.0,0.0,1.943,1.556,3 13 164 46 149 164
arginine,3,aspartic,21,18,4,3,6.688,8.401,0.02,34.1,66.6,0.0,0.0,1.447,1.834,342 23 245 346 128 284 291 222
arginine,3,aspartic,21,18,4,4,6.688,8.401,0.02,34.1,66.6,0.0,0.0,1.347,0.931,357 346 304 31 66 273 243 121 144 199
arginine,3,aspartic,21,18,5,1,6.688,6.652,0.02,26.4,142.4,3.0459,0.0,2.721,0.453,53 359 182 359
arginine,3,aspartic,21,18,5,2,6.688,6.652,0.02,26.4,142.4,0.0,0.0,2.469,0.794,74 3 198 335 153 34
arginine,3,aspartic,21,18,5,3,6.688,6.652,0.02,26.4,142.4,0.0,0.0,2.314,0.764,44 275 306 91 91 268 183 94
arginine,3,aspartic,21,18,5,4,6.688,6.652,0.02,26.4,142.4,0.0,0.0,2.917,0.594,54 325 297 70 91 255 229 87 115 204
arginine,3,glutamic,15,16,5,1,7.53,6.029,0.325,147.9,96.4,0.0315,0.0,1.797,1.735,273 165 256 311
arginine,3,glutamic,15,16,5,2,7.53,6.029,0.325,147.9,96.4,0.0,0.0,3.861,3.963,153 241 94 241 266 69
arginine,3,glutamic,15,16,5,3,7.53,6.029,0.325,147.9,96.4,0.0,0.0,3.861,3.963,159 274 107 191 263 84 139 278
arginine,3,glutamic,15,16,5,4,7.53,6.029,0.325,147.9,96.4,0.0,0.0,2.5,0.568,343 85 338 29 64 308 349 80 16 43
arginine,3,glutamic,15,16,6,1,7.53,5.364,0.325,124.3,126.0,0.0,0.0,3.486,3.963,178 219 44 50
arginine,3,glutamic,15,16,6,2,7.53,5.364,0.325,124.3,126.0,0.0,0.0,3.861,3.963,124 205 76 326 227 45
arginine,3,glutamic,15,16,6,3,7.53,5.364,0.325,124.3,126.0,0.0,0.0,1.657,0.728,303 13 106 257 272 307 191 353
arginine,3,glutamic,15,16,6,4,7.53,5.364,0.325,124.3,126.0,0.0,0.0,3.774,3.742,26 214 133 245 266 90 112 325 288 144
arginine,3,glutamic,15,16,7,1,7.53,7.609,0.325,133.5,33.2,0.7778,0.0,3.603,3.963,188 196 99 171
arginine,3,glutamic,15,16,7,2,7.53,7.609,0.325,133.5,33.2,0.0318,0.0,3.861,3.963,163 243 56 180 359 181
arginine,3,glutamic,15,16,7,3,7.53,7.609,0.325,133.5,33.2,0.0,0.0,3.861,3.963,106 202 152 232 247 105 119 211
arginine,3,glutamic,15,16,7,4,7.53,7.609,0.325,133.5,33.2,0.0,0.0,3.861,3.963,63 160 158 324 285 49 31 276 315 114
arginine,3,glutamic,15,17,5,1,7.53,8.069,0.325,57.8,90.1,1.4616,0.0,3.059,5.098,211 360 204 269
arginine,3,glutamic,15,17,5,2,7.53,8.069,0.325,57.8,90.1,0.0,0.0,3.059,5.098,195 117 100 249 231 157
arginine,3,glutamic,15,17,5,3,7.53,8.069,0.325,57.8,90.1,0.0,0.0,3.059,5.098,289 38 78 274 243 125 141 191
arginine,3,glutamic,15,17,5,4,7.53,8.069,0.325,57.8,90.1,0.0,0.0,2.594,3.193,328 25 69 317 270 52 95 227 207 172
arginine,3,glutamic,15,17,6,1,7.53,6.941,0.325,61.5,143.1,0.4954,0.0,3.059,5.098,197 2 143 88
arginine,3,glutamic,15,17,6,2,7.53,6.941,0.325,61.5,143.1,0.0,0.0,3.059,5.098,235 54 60 313 260 128
arginine,3,glutamic,15,17,6,3,7.53,6.941,0.325,61.5,143.1,0.0,0.0,3.059,5.098,277 46 61 275 246 111 144 205
arginine,3,glutamic,15,17,6,4,7.53,6.941,0.325,61.5,143.1,0.0,0.0,2.135,2.667,321 50 81 287 256 76 106 220 198 165
arginine,3,glutamic,15,17,7,1,7.53,9.246,0.325,65.9,44.0,2.2936,0.0,3.059,5.098,201 356 158 142
arginine,3,glutamic,15,17,7,2,7.53,9.246,0.325,65.9,44.0,0.0539,0.0,3.059,4.917,163 61 174 177 317 202
arginine,3,glutamic,15,17,7,3,7.53,9.246,0.325,65.9,44.0,0.0,0.0,3.059,5.098,237 107 33 177 321 204 74 134
arginine,3,glutamic,15,17,7,4,7.53,9.246,0.325,65.9,44.0,0.0,0.0,3.059,5.098,279 7 44 302 268 122 138 221 216 175
arginine,3,glutamic,15,18,5,1,7.53,7.325,0.325,85.7,78.7,0.3621,0.0,1.954,1.966,95 26 240 225
arginine,3,glutamic,15,18,5,2,7.53,7.325,0.325,85.7,78.7,0.0,0.0,2.917,2.991,188 349 131 30 56 99
arginine,3,glutamic,15,18,5,3,7.53,7.325,0.325,85.7,78.7,0.0,0.0,2.917,2.991,180 279 268 55 48 300 208 59
arginine,3,glutamic,15,18,5,4,7.53,7.325,0.325,85.7,78.7,0.0,0.0,1.607,2.485,129 210 222 164 131 243 306 89 98 257
arginine,3,glutamic,15,18,6,1,7.53,5.907,0.325,100.0,142.6,0.0,0.0,1.553,1.614,117 290 311 106
arginine,3,glutamic,15,18,6,2,7.53,5.907,0.325,100.0,142.6,0.0,0.0,1.912,1.758,84 190 91 59 59 322
arginine,3,glutamic,15,18,6,3,7.53,5.907,0.325,100.0,142.6,0.0,0.0,2.917,1.924,222 159 241 135 94 272 254 118
arginine,3,glutamic,15,18,6,4,7.53,5.907,0.325,100.0,142.6,0.0,0.0,2.917,1.81,232 169 215 151 127 252 249 58 88 220
arginine,3,glutamic,15,18,7,1,7.53,8.382,0.325,98.2,35.1,1.093,0.0,2.688,2.991,173 284 180 180
arginine,3,glutamic,15,18,7,2,7.53,8.382,0.325,98.2,35.1,0.0614,0.0,2.917,2.991,196 329 114 173 1 178
arginine,3,glutamic,15,18,7,3,7.53,8.382,0.325,98.2,35.1,0.0,0.0,2.917,2.396,208 175 221 138 129 259 241 151
arginine,3,glutamic,15,18,7,4,7.53,8.382,0.325,98.2,35.1,0.0,0.0,2.917,2.386,205 168 205 159 143 238 234 108 129 204
arginine,3,isoleucine,8,16,4,1,7.623,8.433,0.691,84.1,52.5,1.1505,0.0,3.861,0.928,263 49 175 177
arginine,3,isoleucine,8,16,4,2,7.623,8.433,0.691,84.1,52.5,0.0,0.0,3.708,2.2,222 108 161 264 270 195
arginine,3,isoleucine,8,16,4,3,7.623,8.433,0.691,84.1,52.5,0.0,0.0,2.919,3.388,217 163 144 229 226 102 124 206
arginine,3,isoleucine,8,16,4,4,7.623,8.433,0.691,84.1,52.5,0.0,0.0,2.834,3.963,192 161 154 223 230 132 138 238 222 160
arginine,3,isoleucine,8,16,5,1,7.623,6.39,0.691,92.5,138.1,0.0,0.0,3.634,0.824,339 328 103 80
arginine,3,isoleucine,8,16,5,2,7.623,6.39,0.691,92.5,138.1,0.0,0.0,3.861,2.167,262 278 311 245 346 67
arginine,3,isoleucine,8,16,5,3,7.623,6.39,0.691,92.5,138.1,0.0,0.0,3.457,2.32,194 162 128 245 261 100 123 219
arginine,3,isoleucine,8,16,5,4,7.623,6.39,0.691,92.5,138.1,0.0,0.0,3.861,1.007,186 113 92 275 307 54 98 8 286 147
arginine,3,isoleucine,8,16,6,1,7.623,7.308,0.691,74.2,95.1,0.3267,0.0,3.59,0.635,324 344 136 127
arginine,3,isoleucine,8,16,6,2,7.623,7.308,0.691,74.2,95.1,0.0,0.0,3.733,1.752,354 46 91 270 224 138
arginine,3,isoleucine,8,16,6,3,7.623,7.308,0.691,74.2,95.1,0.0,0.0,3.731,2.377,26 29 121 289 164 50 186 92
arginine,3,isoleucine,8,16,6,4,7.623,7.308,0.691,74.2,95.1,0.0,0.0,3.861,1.087,340 291 319 13 17 96 102 286 248 134
arginine,3,isoleucine,8,17,4,1,7.623,9.874,0.691,16.1,56.8,6.1947,0.0,3.059,0.498,105 360 180 360
arginine,3,isoleucine,8,17,4,2,7.623,9.874,0.691,16.1,56.8,2.5353,0.0,3.059,0.747,100 1 176 4 204 215
arginine,3,isoleucine,8,17,4,3,7.623,9.874,0.691,16.1,56.8,0.0,0.0,3.028,0.376,113 308 219 67 159 229 206 180
arginine,3,isoleucine,8,17,4,4,7.623,9.874,0.691,16.1,56.8,0.0,0.0,1.694,0.837,56 318 283 70 97 234 215 142 154 190
arginine,3,isoleucine,8,17,5,1,7.623,8.157,0.691,5.6,125.2,6.0115,0.0,3.059,2.263,132 360 180 360
arginine,3,isoleucine,8,17,5,2,7.623,8.157,0.691,5.6,125.2,2.2987,0.0,3.059,1.681,128 359 181 359 206 278
arginine,3,isoleucine,8,17,5,3,7.623,8.157,0.691,5.6,125.2,0.0,0.0,2.579,0.79,95 331 237 39 147 259 220 178
arginine,3,isoleucine,8,17,5,4,7.623,8.157,0.691,5.6,125.2,0.0,0.0,3.059,1.788,140 297 309 62 82 271 216 125 191 223
arginine,3,isoleucine,8,17,6,1,7.623,8.489,0.691,17.8,110.0,4.9574,0.0,1.648,1.532,60 0 180 0
arginine,3,isoleucine,8,17,6,2,7.623,8.489,0.691,17.8,110.0,1.388,0.0,2.113,0.63,70 359 183 358 147 122
arginine,3,isoleucine,8,17,6,3,7.623,8.489,0.691,17.8,110.0,0.0,0.0,1.947,0.928,61 301 261 74 111 241 217 165
arginine,3,isoleucine,8,17,6,4,7.623,8.489,0.691,17.8,110.0,0.0,0.0,1.643,1.035,54 322 288 66 92 241 220 122 139 196
arginine,3,isoleucine,8,18,4,1,7.623,7.61,0.691,116.9,63.5,0.4734,0.0,2.917,1.083,91 230 224 205
arginine,3,isoleucine,8,18,4,2,7.623,7.61,0.691,116.9,63.5,0.0,0.0,2.917,2.597,130 194 229 93 106 231
arginine,3,isoleucine,8,18,4,3,7.623,7.61,0.691,116.9,63.5,0.0,0.0,2.917,2.991,160 189 211 116 109 250 228 149
arginine,3,isoleucine,8,18,4,4,7.623,7.61,0.691,116.9,63.5,0.0,0.0,2.802,0.798,23 208 194 313 33 327 252 47 124 238
arginine,3,isoleucine,8,18,5,1,7.623,6.146,0.691,102.0,121.2,0.0,0.0,2.917,1.272,102 213 283 281
arginine,3,isoleucine,8,18,5,2,7.623,6.146,0.691,102.0,121.2,0.0,0.0,2.917,2.178,129 151 266 61 184 292
arginine,3,isoleucine,8,18,5,3,7.623,6.146,0.691,102.0,121.2,0.0,0.0,2.917,2.591,162 182 222 117 103 273 238 135
arginine,3,isoleucine,8,18,5,4,7.623,6.146,0.691,102.0,121.2,0.0,0.0,2.79,0.725,132 292 237 59 71 262 266 67 94 235
arginine,3,isoleucine,8,18,6,1,7.623,6.494,0.691,105.1,105.6,0.0,0.0,2.423,0.85,356 146 79 106
arginine,3,isoleucine,8,18,6,2,7.623,6.494,0.691,105.1,105.6,0.0,0.0,2.294,1.156,330 188 126 322 139 10
arginine,3,isoleucine,8,18,6,3,7.623,6.494,0.691,105.1,105.6,0.0,0.0,1.465,0.831,317 53 276 171 306 136 42 74
arginine,3,isoleucine,8,18,6,4,7.623,6.494,0.691,105.1,105.6,0.0,0.0,2.917,0.648,101 32 340 293 296 302 272 296 359 262
arginine,3,leucine,12,16,1,1,5.101,5.905,-0.26,89.2,53.3,0.2531,0.0,1.513,2.355,241 139 354 99
arginine,3,leucine,12,16,1,2,5.101,5.905,-0.26,89.2,53.3,0.0,0.0,2.903,0.793,314 226 249 56 104 319
arginine,3,leucine,12,16,1,3,5.101,5.905,-0.26,89.2,53.3,0.0,0.0,2.097,3.633,169 224 87 224 286 46 99 264
arginine,3,leucine,12,16,1,4,5.101,5.905,-0.26,89.2,53.3,0.0,0.0,1.562,3.963,183 224 130 189 243 73 104 326 259 141
arginine,3,leucine,12,16,2,1,5.101,4.623,-0.26,65.9,101.1,0.7001,0.0,1.916,1.367,246 93 50 7
arginine,3,leucine,12,16,2,2,5.101,4.623,-0.26,65.9,101.1,0.0,0.0,2.804,0.439,294 105 37 297 217 47
arginine,3,leucine,12,16,2,3,5.101,4.623,-0.26,65.9,101.1,0.0,0.0,3.226,0.748,334 49 50 277 278 69 96 225
arginine,3,leucine,12,16,2,4,5.101,4.623,-0.26,65.9,101.1,0.0,0.0,2.32,0.426,357 5 11 297 292 51 146 274 175 148
arginine,3,leucine,12,16,13,1,5.101,6.38,-0.26,74.6,31.6,0.8587,0.0,1.51,3.963,195 315 298 287
arginine,3,leucine,12,16,13,2,5.101,6.38,-0.26,74.6,31.6,0.1069,0.0,2.387,3.963,166 333 283 232 342 275
arginine,3,leucine,12,16,13,3,5.101,6.38,-0.26,74.6,31.6,0.0,0.0,3.12,3.327,148 287 266 111 113 309 254 137
arginine,3,leucine,12,16,13,4,5.101,6.38,-0.26,74.6,31.6,0.0,0.0,2.423,0.558,271 65 138 221 215 124 81 255 281 145
arginine,3,leucine,12,17,1,1,5.101,6.89,-0.26,52.4,33.7,1.3585,0.0,1.267,4.541,171 25 121 30
arginine,3,leucine,12,17,1,2,5.101,6.89,-0.26,52.4,33.7,0.4315,0.0,1.134,4.119,206 24 110 73 58 96
arginine,3,leucine,12,17,1,3,5.101,6.89,-0.26,52.4,33.7,0.0,0.0,1.877,4.11,230 283 243 91 61 254 264 136
arginine,3,leucine,12,17,1,4,5.101,6.89,-0.26,52.4,33.7,0.0,0.0,1.577,3.956,213 129 73 0 64 335 294 40 69 208
arginine,3,leucine,12,17,2,1,5.101,4.975,-0.26,53.0,109.9,0.8675,0.0,3.059,2.036,135 303 257 358
arginine,3,leucine,12,17,2,2,5.101,4.975,-0.26,53.0,109.9,0.0,0.0,2.341,1.902,85 295 324 14 123 356
arginine,3,leucine,12,17,2,3,5.101,4.975,-0.26,53.0,109.9,0.0,0.0,1.654,0.696,40 323 305 70 95 286 239 135
arginine,3,leucine,12,17,2,4,5.101,4.975,-0.26,53.0,109.9,0.0,0.0,1.447,1.049,22 1 318 59 93 266 241 114 132 197
arginine,3,leucine,12,17,13,1,5.101,6.465,-0.26,71.5,53.2,0.3654,0.0,3.059,2.903,158 278 285 273
arginine,3,leucine,12,17,13,2,5.101,6.465,-0.26,71.5,53.2,0.0,0.0,2.467,1.888,92 298 302 74 111 230
arginine,3,leucine,12,17,13,3,5.101,6.465,-0.26,71.5,53.2,0.0,0.0,1.891,3.088,71 330 330 65 87 269 220 132
arginine,3,leucine,12,17,13,4,5.101,6.465,-0.26,71.5,53.2,0.0,0.0,2.707,0.819,82 266 261 148 143 238 236 100 119 206
arginine,3,leucine,12,18,1,1,5.101,4.842,-0.26,138.9,41.0,0.7162,0.0,2.161,0.867,101 308 10 12
arginine,3,leucine,12,18,1,2,5.101,4.842,-0.26,138.9,41.0,0.0,0.0,2.869,0.627,66 284 9 285 288 41
arginine,3,leucine,12,18,1,3,5.101,4.842,-0.26,138.9,41.0,0.0,0.0,2.298,0.634,328 99 237 85 78 329 242 87
arginine,3,leucine,12,18,1,4,5.101,4.842,-0.26,138.9,41.0,0.0,0.0,2.917,0.935,247 126 188 136 112 263 244 94 129 208
arginine,3,leucine,12,18,2,1,5.101,2.768,-0.26,159.5,122.9,2.4284,0.0,2.022,1.4,108 321 15 4
arginine,3,leucine,12,18,2,2,5.101,2.768,-0.26,159.5,122.9,1.1312,0.0,2.452,0.559,273 15 359 351 192 359
arginine,3,leucine,12,18,2,3,5.101,2.768,-0.26,159.5,122.9,0.0,0.0,2.407,0.716,310 209 147 176 352 356 200 353
arginine,3,leucine,12,18,2,4,5.101,2.768,-0.26,159.5,122.9,0.0,0.0,1.394,0.721,9 213 251 92 70 332 208 8 177 257
arginine,3,leucine,12,18,13,1,5.101,4.827,-0.26,145.8,41.6,0.8578,0.0,2.831,2.991,200 70 331 346
arginine,3,leucine,12,18,13,2,5.101,4.827,-0.26,145.8,41.6,0.0,0.0,2.917,2.991,217 34 1 182 342 36
arginine,3,leucine,12,18,13,3,5.101,4.827,-0.26,145.8,41.6,0.0,0.0,2.512,0.722,282 98 262 137 56 308 257 92
arginine,3,leucine,12,18,13,4,5.101,4.827,-0.26,145.8,41.6,0.0,0.0,2.245,1.615,97 210 202 51 40 281 266 69 115 219
arginine,3,serine,32,16,3,1,10.344,9.471,-0.669,117.8,82.3,2.1903,0.0,3.861,0.327,275 110 176 178
arginine,3,serine,32,16,3,2,10.344,9.471,-0.669,117.8,82.3,0.0,0.0,3.861,0.742,277 177 95 282 39 162
arginine,3,serine,32,16,3,3,10.344,9.471,-0.669,117.8,82.3,0.0,0.0,3.861,1.565,235 129 118 292 288 111 149 227
arginine,3,serine,32,16,3,4,10.344,9.471,-0.669,117.8,82.3,0.0,0.0,3.861,3.159,208 144 143 240 248 137 141 285 275 167
arginine,3,serine,32,16,4,1,10.344,9.631,-0.669,132.7,76.4,2.3434,0.0,3.861,1.139,279 135 181 180
arginine,3,serine,32,16,4,2,10.344,9.631,-0.669,132.7,76.4,0.0,0.0,3.861,1.451,270 153 156 69 315 146
arginine,3,serine,32,16,4,3,10.344,9.631,-0.669,132.7,76.4,0.0,0.0,3.861,3.485,234 185 183 227 217 99 110 191
arginine,3,serine,32,16,4,4,10.344,9.631,-0.669,132.7,76.4,0.0,0.0,3.861,3.963,178 176 173 230 241 145 147 235 221 159
arginine,3,serine,32,16,5,1,10.344,10.678,-0.669,124.2,30.3,3.4121,0.0,3.861,0.737,340 239 182 181
arginine,3,serine,32,16,5,2,10.344,10.678,-0.669,124.2,30.3,0.7121,0.0,3.861,0.776,248 116 143 157 105 144
arginine,3,serine,32,16,5,3,10.344,10.678,-0.669,124.2,30.3,0.0,0.0,3.861,2.644,223 119 210 191 275 214 43 122
arginine,3,serine,32,16,5,4,10.344,10.678,-0.669,124.2,30.3,0.0,0.0,3.861,3.963,191 173 164 223 229 149 153 237 226 164
arginine,3,serine,32,17,3,1,10.344,11.717,-0.669,18.0,87.6,7.6202,0.0,3.059,4.932,269 360 181 359
arginine,3,serine,32,17,3,2,10.344,11.717,-0.669,18.0,87.6,3.9014,0.0,3.059,1.874,266 0 176 6 187 185
arginine,3,serine,32,17,3,3,10.344,11.717,-0.669,18.0,87.6,0.324,0.0,3.059,0.948,267 359 184 356 210 218 165 172
arginine,3,serine,32,17,3,4,10.344,11.717,-0.669,18.0,87.6,0.0,0.0,2.856,1.005,315 51 86 287 260 132 150 196 187 173
arginine,3,serine,32,17,4,1,10.344,12.048,-0.669,28.5,75.3,7.0425,0.0,3.059,4.891,253 360 181 358
arginine,3,serine,32,17,4,2,10.344,12.048,-0.669,28.5,75.3,3.5933,0.0,3.059,2.849,250 1 155 44 195 190
arginine,3,serine,32,17,4,3,10.344,12.048,-0.669,28.5,75.3,0.0,0.0,3.059,2.157,262 351 211 323 139 168 144 156
arginine,3,serine,32,17,4,4,10.344,12.048,-0.669,28.5,75.3,0.0,0.0,2.981,2.374,312 45 80 289 264 133 147 190 183 173
arginine,3,serine,32,17,5,1,10.344,13.033,-0.669,20.0,31.3,8.6372,0.0,3.059,4.721,238 0 179 1
arginine,3,serine,32,17,5,2,10.344,13.033,-0.669,20.0,31.3,5.0363,0.0,3.059,2.551,239 360 194 337 175 177
arginine,3,serine,32,17,5,3,10.344,13.033,-0.669,20.0,31.3,1.3245,0.0,3.059,1.618,239 359 184 354 160 165 173 174
arginine,3,serine,32,17,5,4,10.344,13.033,-0.669,20.0,31.3,0.0,0.0,3.059,3.779,202 358 206 303 175 176 154 182 301 203
arginine,3,serine,32,18,3,1,10.344,10.362,-0.669,82.4,86.5,3.0896,0.0,2.917,0.698,92 319 177 178
arginine,3,serine,32,18,3,2,10.344,10.362,-0.669,82.4,86.5,0.0,0.0,2.917,0.78,94 264 210 145 162 182
arginine,3,serine,32,18,3,3,10.344,10.362,-0.669,82.4,86.5,0.0,0.0,2.917,0.906,78 61 17 90 206 296 349 296
arginine,3,serine,32,18,3,4,10.344,10.362,-0.669,82.4,86.5,0.0,0.0,2.917,2.784,128 188 200 128 132 271 257 134 154 201
arginine,3,serine,32,18,4,1,10.344,10.942,-0.669,78.0,64.7,3.6659,0.0,2.917,0.574,65 28 180 180
arginine,3,serine,32,18,4,2,10.344,10.942,-0.669,78.0,64.7,0.2485,0.0,2.917,1.149,90 360 172 163 237 195
arginine,3,serine,32,18,4,3,10.344,10.942,-0.669,78.0,64.7,0.0,0.0,2.917,2.674,161 270 197 86 109 203 224 199
arginine,3,serine,32,18,4,4,10.344,10.942,-0.669,78.0,64.7,0.0,0.0,2.917,2.991,168 222 224 129 133 208 198 118 127 191
arginine,3,serine,32,18,5,1,10.344,11.512,-0.669,89.8,39.7,4.3227,0.0,2.917,0.414,48 56 191 187
arginine,3,serine,32,18,5,2,10.344,11.512,-0.669,89.8,39.7,0.8154,0.0,2.917,0.58,47 63 207 196 218 209
arginine,3,serine,32,18,5,3,10.344,11.512,-0.669,89.8,39.7,0.0,0.0,2.917,2.149,119 213 207 156 162 239 236 174
arginine,3,serine,32,18,5,4,10.344,11.512,-0.669,89.8,39.7,0.0,0.0,2.917,2.991,159 197 203 140 141 224 215 141 154 193
arginine,3,tryptophan,5,16,16,1,11.56,10.458,0.071,106.8,111.0,3.1994,0.0,3.413,0.685,353 270 177 178
arginine,3,tryptophan,5,16,16,2,11.56,10.458,0.071,106.8,111.0,0.0,0.0,2.957,0.368,350 238 220 123 264 202
arginine,3,tryptophan,5,16,16,3,11.56,10.458,0.071,106.8,111.0,0.0,0.0,2.988,1.864,229 137 128 279 266 136 169 214
arginine,3,tryptophan,5,16,16,4,11.56,10.458,0.071,106.8,111.0,0.0,0.0,3.258,3.293,219 175 175 229 227 119 127 215 202 165
arginine,3,tryptophan,5,16,17,1,11.56,11.509,0.071,96.4,70.8,4.2508,0.0,2.516,0.42,355 287 184 182
arginine,3,tryptophan,5,16,17,2,11.56,11.509,0.071,96.4,70.8,0.5229,0.0,1.358,0.678,350 292 183 182 182 182
arginine,3,tryptophan,5,16,17,3,11.56,11.509,0.071,96.4,70.8,0.0,0.0,1.936,0.416,272 335 325 219 261 250 78 108
arginine,3,tryptophan,5,16,17,4,11.56,11.509,0.071,96.4,70.8,0.0,0.0,3.365,0.659,322 20 56 334 310 122 148 265 240 154
arginine,3,tryptophan,5,16,18,1,11.56,12.454,0.071,107.2,26.0,5.2338,0.0,3.616,0.604,286 90 185 183
arginine,3,tryptophan,5,16,18,2,11.56,12.454,0.071,107.2,26.0,1.4763,0.0,1.592,0.75,290 89 187 184 185 185
arginine,3,tryptophan,5,16,18,3,11.56,12.454,0.071,107.2,26.0,0.1973,0.0,2.233,0.515,294 129 188 184 205 201 8 176
arginine,3,tryptophan,5,16,18,4,11.56,12.454,0.071,107.2,26.0,0.0,0.0,3.643,0.584,305 84 269 181 147 281 333 136 15 141
arginine,3,tryptophan,5,17,16,1,11.56,12.489,0.071,12.1,106.9,8.8677,0.0,3.059,4.757,297 0 179 1
arginine,3,tryptophan,5,17,16,2,11.56,12.489,0.071,12.1,106.9,5.1115,0.0,3.05,2.323,299 360 181 359 170 165
arginine,3,tryptophan,5,17,16,3,11.56,12.489,0.071,12.1,106.9,1.5522,0.0,1.857,1.415,297 0 179 1 215 221 184 183
arginine,3,tryptophan,5,17,16,4,11.56,12.489,0.071,12.1,106.9,0.0,0.0,3.059,1.256,239 61 127 290 221 143 169 203 200 184
arginine,3,tryptophan,5,17,17,1,11.56,13.241,0.071,16.2,78.2,9.1558,0.0,2.572,4.794,339 360 181 359
arginine,3,tryptophan,5,17,17,2,11.56,13.241,0.071,16.2,78.2,5.4902,0.0,1.543,3.289,336 0 174 9 187 185
arginine,3,tryptophan,5,17,17,3,11.56,13.241,0.071,16.2,78.2,1.8374,0.0,0.507,2.336,338 0 180 0 153 153 180 180
arginine,3,tryptophan,5,17,17,4,11.56,13.241,0.071,16.2,78.2,0.0,0.0,0.616,3.889,335 75 118 271 227 142 163 183 177 178
arginine,3,tryptophan,5,17,18,1,11.56,14.436,0.071,18.0,20.6,10.1078,0.0,3.059,4.787,308 0 180 0
arginine,3,tryptophan,5,17,18,2,11.56,14.436,0.071,18.0,20.6,6.5337,0.0,2.322,2.922,309 360 193 339 176 177
arginine,3,tryptophan,5,17,18,3,11.56,14.436,0.071,18.0,20.6,2.7923,0.0,1.163,2.089,308 0 180 0 189 188 181 180
arginine,3,tryptophan,5,17,18,4,11.56,14.436,0.071,18.0,20.6,0.401,0.0,1.122,1.63,291 359 204 311 165 172 170 171 278 208
arginine,3,tryptophan,5,18,16,1,11.56,10.982,0.071,86.6,113.2,3.7626,0.0,2.917,0.978,31 49 188 185
arginine,3,tryptophan,5,18,16,2,11.56,10.982,0.071,86.6,113.2,0.0,0.0,2.858,0.774,38 36 189 178 182 181
arginine,3,tryptophan,5,18,16,3,11.56,10.982,0.071,86.6,113.2,0.0,0.0,2.497,0.868,18 259 318 168 112 193 200 140
arginine,3,tryptophan,5,18,16,4,11.56,10.982,0.071,86.6,113.2,0.0,0.0,2.917,2.688,123 190 195 138 141 253 242 142 157 195
arginine,3,tryptophan,5,18,17,1,11.56,11.791,0.071,85.9,81.8,4.5498,0.0,2.917,0.354,73 311 174 176
arginine,3,tryptophan,5,18,17,2,11.56,11.791,0.071,85.9,81.8,0.8034,0.0,1.199,0.571,67 319 181 181 181 181
arginine,3,tryptophan,5,18,17,3,11.56,11.791,0.071,85.9,81.8,0.0,0.0,1.646,1.755,339 35 242 61 26 175 154 189
arginine,3,tryptophan,5,18,17,4,11.56,11.791,0.071,85.9,81.8,0.0,0.0,2.67,1.139,32 359 329 25 37 253 216 124 150 199
arginine,3,tryptophan,5,18,18,1,11.56,13.124,0.071,81.6,17.1,5.8879,0.0,2.917,0.491,34 37 181 181
arginine,3,tryptophan,5,18,18,2,11.56,13.124,0.071,81.6,17.1,2.1584,0.0,1.556,0.045,70 332 174 177 176 176
arginine,3,tryptophan,5,18,18,3,11.56,13.124,0.071,81.6,17.1,0.5043,0.0,2.802,0.452,64 15 193 188 188 187 43 161
arginine,3,tryptophan,5,18,18,4,11.56,13.124,0.071,81.6,17.1,0.0,0.0,2.551,0.19,54 16 251 275 153 222 246 188 37 189
arginine,3,glutamic,10,16,5,1,7.254,8.045,0.18,73.6,76.2,0.859,0.0,1.899,0.717,316 13 199 199
arginine,3,glutamic,10,16,5,2,7.254,8.045,0.18,73.6,76.2,0.0,0.0,2.145,0.887,354 88 13 26 252 160
arginine,3,glutamic,10,16,5,3,7.254,8.045,0.18,73.6,76.2,0.0,0.0,3.077,1.526,23 32 33 292 282 105 159 247
arginine,3,glutamic,10,16,5,4,7.254,8.045,0.18,73.6,76.2,0.0,0.0,2.832,0.889,337 351 35 343 315 84 104 303 255 131
arginine,3,glutamic,10,16,6,1,7.254,6.88,0.18,61.8,123.1,0.1556,0.0,1.852,0.548,313 360 160 90
arginine,3,glutamic,10,16,6,2,7.254,6.88,0.18,61.8,123.1,0.0,0.0,2.684,1.027,330 100 23 333 271 101
arginine,3,glutamic,10,16,6,3,7.254,6.88,0.18,61.8,123.1,0.0,0.0,2.673,1.182,19 35 39 293 273 95 150 240
arginine,3,glutamic,10,16,6,4,7.254,6.88,0.18,61.8,123.1,0.0,0.0,2.837,0.954,343 357 30 329 307 86 107 283 248 143
arginine,3,glutamic,10,16,7,1,7.254,9.215,0.18,60.2,22.4,2.4509,0.0,1.894,0.706,321 360 155 111
arginine,3,glutamic,10,16,7,2,7.254,9.215,0.18,60.2,22.4,0.5865,0.0,3.473,0.451,290 0 207 233 3 179
arginine,3,glutamic,10,16,7,3,7.254,9.215,0.18,60.2,22.4,0.0,0.0,3.861,1.444,250 11 177 49 193 156 5 168
arginine,3,glutamic,10,16,7,4,7.254,9.215,0.18,60.2,22.4,0.0,0.0,3.423,0.589,301 31 77 319 290 113 128 258 244 156
arginine,3,glutamic,10,17,5,1,7.254,9.063,0.18,28.5,62.8,4.3895,0.0,0.987,4.552,8 1 176 5
arginine,3,glutamic,10,17,5,2,7.254,9.063,0.18,28.5,62.8,0.7414,0.0,0.236,3.873,2 1 163 26 197 192
arginine,3,glutamic,10,17,5,3,7.254,9.063,0.18,28.5,62.8,0.0,0.0,1.512,2.607,334 54 73 69 151 5 229 157
arginine,3,glutamic,10,17,5,4,7.254,9.063,0.18,28.5,62.8,0.0,0.0,2.66,0.447,95 339 208 30 180 255 185 102 66 138
arginine,3,glutamic,10,17,6,1,7.254,7.599,0.18,28.9,120.2,3.2845,0.0,1.129,2.727,40 359 184 356
arginine,3,glutamic,10,17,6,2,7.254,7.599,0.18,28.9,120.2,0.0132,0.0,2.045,0.828,67 0 179 1 170 248
arginine,3,glutamic,10,17,6,3,7.254,7.599,0.18,28.9,120.2,0.0,0.0,0.642,2.461,14 323 285 49 87 273 236 151
arginine,3,glutamic,10,17,6,4,7.254,7.599,0.18,28.9,120.2,0.0,0.0,1.595,0.874,31 335 299 52 80 256 231 110 132 201
arginine,3,glutamic,10,17,7,1,7.254,9.737,0.18,36.7,31.7,4.3317,0.0,0.662,3.378,32 360 191 332
arginine,3,glutamic,10,17,7,2,7.254,9.737,0.18,36.7,31.7,0.7766,0.0,0.6,3.003,33 0 210 301 182 181
arginine,3,glutamic,10,17,7,3,7.254,9.737,0.18,36.7,31.7,0.0,0.0,1.506,2.133,15 41 197 350 119 193 330 183
arginine,3,glutamic,10,17,7,4,7.254,9.737,0.18,36.7,31.7,0.0,0.0,1.665,1.515,47 319 288 56 82 241 217 119 139 198
arginine,3,glutamic,10,18,5,1,7.254,7.819,0.18,81.9,60.3,0.6075,0.0,1.771,1.363,52 328 153 161
arginine,3,glutamic,10,18,5,2,7.254,7.819,0.18,81.9,60.3,0.0,0.0,2.687,0.389,37 47 122 96 334 340
arginine,3,glutamic,10,18,5,3,7.254,7.819,0.18,81.9,60.3,0.0,0.0,2.917,0.425,73 96 61 200 249 354 274 89
arginine,3,glutamic,10,18,5,4,7.254,7.819,0.18,81.9,60.3,0.0,0.0,2.765,1.2,36 15 324 353 23 274 257 63 107 228
arginine,3,glutamic,10,18,6,1,7.254,6.002,0.18,94.3,136.3,0.0,0.0,1.426,1.743,330 34 254 313
arginine,3,glutamic,10,18,6,2,7.254,6.002,0.18,94.3,136.3,0.0,0.0,2.848,0.763,77 83 2 94 56 116
arginine,3,glutamic,10,18,6,3,7.254,6.002,0.18,94.3,136.3,0.0,0.0,2.917,1.467,82 203 230 273 316 199 356 34
arginine,3,glutamic,10,18,6,4,7.254,6.002,0.18,94.3,136.3,0.0,0.0,2.917,0.464,46 25 311 339 19 266 249 54 136 273
arginine,3,glutamic,10,18,7,1,7.254,8.343,0.18,93.0,37.3,1.0559,0.0,2.07,1.131,339 67 177 178
arginine,3,glutamic,10,18,7,2,7.254,8.343,0.18,93.0,37.3,0.0177,0.0,2.333,0.658,320 144 111 157 354 186
arginine,3,glutamic,10,18,7,3,7.254,8.343,0.18,93.0,37.3,0.0,0.0,2.917,1.342,64 206 214 301 290 91 131 72
arginine,3,glutamic,10,18,7,4,7.254,8.343,0.18,93.0,37.3,0.0,0.0,2.69,1.201,34 17 321 348 23 260 240 85 114 217
arginine,3,leucine,13,16,1,1,11.337,11.492,-0.624,38.8,123.9,5.8965,0.0,3.861,2.61,220 359 200 309
arginine,3,leucine,13,16,1,2,11.337,11.492,-0.624,38.8,123.9,2.3034,0.0,2.539,1.682,219 360 146 70 178 179
arginine,3,leucine,13,16,1,3,11.337,11.492,-0.624,38.8,123.9,0.0,0.0,2.514,1.221,241 59 117 276 237 171 179 181
arginine,3,leucine,13,16,1,4,11.337,11.492,-0.624,38.8,123.9,0.0,0.0,2.187,0.83,276 22 69 309 273 118 132 196 196 182
arginine,3,leucine,13,16,2,1,11.337,13.539,-0.624,39.0,40.2,7.8242,0.0,3.861,2.919,208 0 159 62
arginine,3,leucine,13,16,2,2,11.337,13.539,-0.624,39.0,40.2,4.2741,0.0,2.387,2.076,208 0 215 284 181 181
arginine,3,leucine,13,16,2,3,11.337,13.539,-0.624,39.0,40.2,0.9266,0.0,0.893,2.632,186 2 221 286 193 189 154 160
arginine,3,leucine,13,16,2,4,11.337,13.539,-0.624,39.0,40.2,0.0,0.0,1.542,3.76,158 31 186 311 144 136 179 124 63 159
arginine,3,leucine,13,16,13,1,11.337,13.147,-0.624,47.4,58.2,6.9388,0.0,3.861,3.152,218 0 205 271
arginine,3,leucine,13,16,13,2,11.337,13.147,-0.624,47.4,58.2,3.4038,0.0,2.133,2.731,217 1 142 91 185 183
arginine,3,leucine,13,16,13,3,11.337,13.147,-0.624,47.4,58.2,0.0472,0.0,1.773,2.505,228 358 138 113 171 174 238 212
arginine,3,leucine,13,16,13,4,11.337,13.147,-0.624,47.4,58.2,0.0,0.0,2.011,0.51,283 19 86 298 266 146 143 177 204 199
arginine,3,leucine,13,17,1,1,11.337,10.235,-0.624,89.8,122.2,2.9786,0.0,3.059,1.095,133 301 180 180
arginine,3,leucine,13,17,1,2,11.337,10.235,-0.624,89.8,122.2,0.0,0.0,2.339,2.219,137 244 210 144 155 182
arginine,3,leucine,13,17,1,3,11.337,10.235,-0.624,89.8,122.2,0.0,0.0,1.381,2.302,185 218 239 95 108 221 187 149
arginine,3,leucine,13,17,1,4,11.337,10.235,-0.624,89.8,122.2,0.0,0.0,1.594,2.661,165 171 209 142 130 264 244 133 165 208
arginine,3,leucine,13,17,2,1,11.337,12.075,-0.624,98.3,48.8,4.8323,0.0,3.059,1.887,138 286 175 177
arginine,3,leucine,13,17,2,2,11.337,12.075,-0.624,98.3,48.8,1.0936,0.0,1.781,1.705,134 289 174 177 176 176
arginine,3,leucine,13,17,2,3,11.337,12.075,-0.624,98.3,48.8,0.0,0.0,1.929,4.325,129 208 212 169 173 245 243 175
arginine,3,leucine,13,17,2,4,11.337,12.075,-0.624,98.3,48.8,0.0,0.0,1.776,5.051,169 188 199 154 152 223 219 136 145 192
arginine,3,leucine,13,17,13,1,11.337,12.091,-0.624,89.1,48.1,4.8288,0.0,3.001,1.002,82 57 179 179
arginine,3,leucine,13,17,13,2,11.337,12.091,-0.624,89.1,48.1,1.1132,0.0,1.848,1.069,135 309 188 184 186 186
arginine,3,leucine,13,17,13,3,11.337,12.091,-0.624,89.1,48.1,0.0,0.0,2.751,0.254,79 34 156 78 233 195 30 182
arginine,3,leucine,13,17,13,4,11.337,12.091,-0.624,89.1,48.1,0.0,0.0,1.639,5.098,185 208 232 147 141 201 191 103 114 191
arginine,3,leucine,13,18,1,1,11.337,9.096,-0.624,142.0,127.0,1.8606,0.0,2.917,0.272,252 159 172 174
arginine,3,leucine,13,18,1,2,11.337,9.096,-0.624,142.0,127.0,0.0,0.0,1.776,1.499,256 204 178 271 117 20
arginine,3,leucine,13,18,1,3,11.337,9.096,-0.624,142.0,127.0,0.0,0.0,2.521,1.49,180 194 190 259 216 51 87 179
arginine,3,leucine,13,18,1,4,11.337,9.096,-0.624,142.0,127.0,0.0,0.0,2.78,2.731,165 212 184 217 234 117 122 231 211 155
arginine,3,leucine,13,18,2,1,11.337,11.225,-0.624,137.0,39.5,4.017,0.0,2.917,0.548,237 146 170 173
arginine,3,leucine,13,18,2,2,11.337,11.225,-0.624,137.0,39.5,0.6716,0.0,1.992,1.311,235 128 168 173 127 149
arginine,3,leucine,13,18,2,3,11.337,11.225,-0.624,137.0,39.5,0.0,0.0,2.127,1.75,228 145 116 222 71 179 20 201
arginine,3,leucine,13,18,2,4,11.337,11.225,-0.624,137.0,39.5,0.0,0.0,1.793,2.862,177 149 132 253 280 165 131 241 276 156
arginine,3,leucine,13,18,13,1,11.337,10.821,-0.624,149.4,57.9,3.5737,0.0,2.917,0.759,262 180 181 181
arginine,3,leucine,13,18,13,2,11.337,10.821,-0.624,149.4,57.9,0.4537,0.0,1.798,0.451,263 181 159 97 267 195
arginine,3,leucine,13,18,13,3,11.337,10.821,-0.624,149.4,57.9,0.0,0.0,2.118,2.991,196 199 184 210 213 114 123 192
arginine,3,leucine,13,18,13,4,11.337,10.821,-0.624,149.4,57.9,0.0,0.0,2.917,2.991,180 219 187 208 230 112 117 225 199 152
arginine,3,serine,2,16,3,1,7.288,7.012,-0.648,48.1,126.7,1.3064,0.0,3.657,0.576,304 358 193 336
arginine,3,serine,2,16,3,2,7.288,7.012,-0.648,48.1,126.7,0.0,0.0,3.157,1.51,329 78 103 288 190 108
arginine,3,serine,2,16,3,3,7.288,7.012,-0.648,48.1,126.7,0.0,0.0,3.521,0.683,326 108 12 298 257 35 268 298
arginine,3,serine,2,16,3,4,7.288,7.012,-0.648,48.1,126.7,0.0,0.0,3.524,0.168,354 48 7 283 290 69 119 2 268 144
arginine,3,serine,2,16,4,1,7.288,8.807,-0.648,59.5,54.7,2.0696,0.0,3.638,0.699,308 0 204 254
arginine,3,serine,2,16,4,2,7.288,8.807,-0.648,59.5,54.7,0.0,0.0,3.486,0.842,325 356 203 185 300 277
arginine,3,serine,2,16,4,3,7.288,8.807,-0.648,59.5,54.7,0.0,0.0,3.567,0.629,356 325 103 359 275 77 56 123
arginine,3,serine,2,16,4,4,7.288,8.807,-0.648,59.5,54.7,0.0,0.0,3.363,0.828,340 1 40 334 307 93 119 247 222 156
arginine,3,serine,2,16,5,1,7.288,9.122,-0.648,52.6,40.5,2.7643,0.0,3.861,0.402,291 0 156 83
arginine,3,serine,2,16,5,2,7.288,9.122,-0.648,52.6,40.5,0.3748,0.0,3.861,1.146,270 0 192 274 339 183
arginine,3,serine,2,16,5,3,7.288,9.122,-0.648,52.6,40.5,0.0,0.0,3.861,1.19,257 46 100 329 290 96 100 206
arginine,3,serine,2,16,5,4,7.288,9.122,-0.648,52.6,40.5,0.0,0.0,3.62,0.502,306 21 59 305 281 117 133 264 246 157
arginine,3,serine,2,17,3,1,7.288,7.193,-0.648,39.8,145.3,2.0921,0.0,1.55,1.599,59 1 170 16
arginine,3,serine,2,17,3,2,7.288,7.193,-0.648,39.8,145.3,0.0,0.0,2.943,0.842,109 319 216 7 108 82
arginine,3,serine,2,17,3,3,7.288,7.193,-0.648,39.8,145.3,0.0,0.0,1.806,1.05,52 309 295 70 34 278 277 118
arginine,3,serine,2,17,3,4,7.288,7.193,-0.648,39.8,145.3,0.0,0.0,1.584,1.069,21 347 314 49 74 261 235 106 132 205
arginine,3,serine,2,17,4,1,7.288,9.368,-0.648,33.6,51.3,4.2243,0.0,1.107,2.202,48 0 174 12
arginine,3,serine,2,17,4,2,7.288,9.368,-0.648,33.6,51.3,0.6419,0.0,0.751,2.531,47 0 154 47 184 182
arginine,3,serine,2,17,4,3,7.288,9.368,-0.648,33.6,51.3,0.0,0.0,0.684,3.951,344 341 216 72 165 224 243 242
arginine,3,serine,2,17,4,4,7.288,9.368,-0.648,33.6,51.3,0.0,0.0,0.734,4.317,333 350 292 35 80 278 250 148 150 181
arginine,3,serine,2,17,5,1,7.288,9.373,-0.648,41.1,51.1,3.7018,0.0,2.177,1.199,71 0 196 315
arginine,3,serine,2,17,5,2,7.288,9.373,-0.648,41.1,51.1,0.1867,0.0,2.227,1.41,72 1 211 284 200 190
arginine,3,serine,2,17,5,3,7.288,9.373,-0.648,41.1,51.1,0.0,0.0,1.439,1.423,42 344 268 44 89 248 244 187
arginine,3,serine,2,17,5,4,7.288,9.373,-0.648,41.1,51.1,0.0,0.0,1.733,1.152,20 339 310 52 81 250 221 130 155 199
arginine,3,serine,2,18,3,1,7.288,5.441,-0.648,108.3,130.9,0.0,0.0,2.917,1.048,43 8 39 59
arginine,3,serine,2,18,3,2,7.288,5.441,-0.648,108.3,130.9,0.0,0.0,2.743,1.281,286 241 61 338 147 76
arginine,3,serine,2,18,3,3,7.288,5.441,-0.648,108.3,130.9,0.0,0.0,1.602,2.144,321 289 293 185 64 111 35 16
arginine,3,serine,2,18,3,4,7.288,5.441,-0.648,108.3,130.9,0.0,0.0,2.917,0.477,60 64 319 251 291 321 294 42 146 241
arginine,3,serine,2,18,4,1,7.288,7.618,-0.648,104.5,41.3,0.8057,0.0,2.848,1.305,51 322 96 148
arginine,3,serine,2,18,4,2,7.288,7.618,-0.648,104.5,41.3,0.1647,0.0,2.917,0.662,70 2 80 113 3 142
arginine,3,serine,2,18,4,3,7.288,7.618,-0.648,104.5,41.3,0.0,0.0,1.603,1.725,326 238 340 220 51 192 339 242
arginine,3,serine,2,18,4,4,7.288,7.618,-0.648,104.5,41.3,0.0,0.0,2.753,0.755,41 346 290 347 25 275 251 66 109 224
arginine,3,serine,2,18,5,1,7.288,7.365,-0.648,122.2,52.5,0.4396,0.0,2.294,0.692,331 160 104 151
arginine,3,serine,2,18,5,2,7.288,7.365,-0.648,122.2,52.5,0.0,0.0,2.307,1.439,325 280 29 54 48 220
arginine,3,serine,2,18,5,3,7.288,7.365,-0.648,122.2,52.5,0.0,0.0,2.917,2.165,98 43 350 318 239 163 69 153
arginine,3,serine,2,18,5,4,7.288,7.365,-0.648,122.2,52.5,0.0,0.0,2.917,0.307,61 14 309 307 340 263 249 125 126 201
lysine,10,phenylalanine,2,13,12,1,11.224,10.511,-0.836,103.5,89.7,3.24,0.0,2.517,0.805,280 86 178 179
lysine,10,phenylalanine,2,13,12,2,11.224,10.511,-0.836,103.5,89.7,0.0,0.0,2.613,0.645,352 261 203 130 269 210
lysine,10,phenylalanine,2,13,12,3,11.224,10.511,-0.836,103.5,89.7,0.0,0.0,2.067,0.865,12 325 55 23 292 26 52 167
lysine,10,phenylalanine,2,13,12,4,11.224,10.511,-0.836,103.5,89.7,0.0,0.0,1.776,1.295,307 41 82 339 317 115 136 271 243 148
lysine,10,phenylalanine,2,13,13,1,11.224,11.163,-0.836,116.1,65.3,3.9041,0.0,1.705,1.667,277 105 184 183
lysine,10,phenylalanine,2,13,13,2,11.224,11.163,-0.836,116.1,65.3,0.3011,0.0,1.03,1.995,281 117 181 181 211 203
lysine,10,phenylalanine,2,13,13,3,11.224,11.163,-0.836,116.1,65.3,0.0,0.0,1.77,4.402,262 170 178 211 198 108 112 182
lysine,10,phenylalanine,2,13,13,4,11.224,11.163,-0.836,116.1,65.3,0.0,0.0,2.1,4.417,206 168 169 230 230 143 151 221 210 166
lysine,10,phenylalanine,2,13,14,1,11.224,11.801,-0.836,107.6,36.8,4.5416,0.0,2.336,1.387,345 268 181 181
lysine,10,phenylalanine,2,13,14,2,11.224,11.801,-0.836,107.6,36.8,0.9247,0.0,0.743,1.411,339 275 176 178 193 191
lysine,10,phenylalanine,2,13,14,3,11.224,11.801,-0.836,107.6,36.8,0.0,0.0,1.826,1.811,272 59 149 186 124 115 35 166
lysine,10,phenylalanine,2,13,14,4,11.224,11.801,-0.836,107.6,36.8,0.0,0.0,1.804,3.377,209 154 155 229 228 156 162 234 226 169
lysine,10,phenylalanine,2,14,12,1,11.224,12.456,-0.836,12.9,96.5,8.7393,0.0,3.69,2.052,312 360 180 360
lysine,10,phenylalanine,2,14,12,2,11.224,12.456,-0.836,12.9,96.5,5.0545,0.0,3.204,0.679,308 0 178 3 195 199
lysine,10,phenylalanine,2,14,12,3,11.224,12.456,-0.836,12.9,96.5,1.4344,0.0,2.583,0.643,311 360 180 360 146 140 180 180
lysine,10,phenylalanine,2,14,12,4,11.224,12.456,-0.836,12.9,96.5,0.0,0.0,2.476,2.506,282 74 108 274 245 143 159 192 188 178
lysine,10,phenylalanine,2,14,13,1,11.224,13.369,-0.836,17.1,61.9,9.1778,0.0,3.869,3.213,275 0 180 0
lysine,10,phenylalanine,2,14,13,2,11.224,13.369,-0.836,17.1,61.9,5.6257,0.0,3.869,2.046,278 359 190 345 168 171
lysine,10,phenylalanine,2,14,13,3,11.224,13.369,-0.836,17.1,61.9,1.8692,0.0,1.917,1.496,275 0 180 0 204 203 180 180
lysine,10,phenylalanine,2,14,13,4,11.224,13.369,-0.836,17.1,61.9,0.0,0.0,1.727,3.287,279 63 107 285 247 151 167 189 185 178
lysine,10,phenylalanine,2,14,14,1,11.224,13.866,-0.836,6.9,39.4,10.602,0.0,3.869,3.38,271 0 180 0
lysine,10,phenylalanine,2,14,14,2,11.224,13.866,-0.836,6.9,39.4,6.881,0.0,3.869,2.575,270 360 180 360 165 152
lysine,10,phenylalanine,2,14,14,3,11.224,13.866,-0.836,6.9,39.4,3.3449,0.0,1.595,1.829,265 0 179 1 215 226 184 183
lysine,10,phenylalanine,2,14,14,4,11.224,13.866,-0.836,6.9,39.4,0.5051,0.0,0.492,3.283,181 1 177 3 222 228 189 186 148 157
lysine,10,phenylalanine,2,15,12,1,11.224,10.994,-0.836,85.1,92.8,3.7262,0.0,2.066,1.368,82 312 178 179
lysine,10,phenylalanine,2,15,12,2,11.224,10.994,-0.836,85.1,92.8,0.0099,0.0,1.865,0.633,75 320 188 185 182 183
lysine,10,phenylalanine,2,15,12,3,11.224,10.994,-0.836,85.1,92.8,0.0,0.0,2.373,0.998,94 240 302 3 96 262 171 122
lysine,10,phenylalanine,2,15,12,4,11.224,10.994,-0.836,85.1,92.8,0.0,0.0,1.082,1.279,90 113 26 174 252 30 300 275 340 248
lysine,10,phenylalanine,2,15,13,1,11.224,12.009,-0.836,82.8,53.8,4.743,0.0,2.076,1.39,44 42 180 180
lysine,10,phenylalanine,2,15,13,2,11.224,12.009,-0.836,82.8,53.8,1.0228,0.0,1.233,1.426,82 330 183 182 182 182
lysine,10,phenylalanine,2,15,13,3,11.224,12.009,-0.836,82.8,53.8,0.0,0.0,1.455,0.847,39 17 173 54 258 207 41 184
lysine,10,phenylalanine,2,15,13,4,11.224,12.009,-0.836,82.8,53.8,0.0,0.0,1.831,5.491,151 225 220 130 134 201 194 121 125 188
lysine,10,phenylalanine,2,15,14,1,11.224,12.155,-0.836,93.7,47.3,4.9517,0.0,2.148,2.401,95 295 171 175
lysine,10,phenylalanine,2,15,14,2,11.224,12.155,-0.836,93.7,47.3,1.2077,0.0,1.287,1.857,91 299 163 171 168 169
lysine,10,phenylalanine,2,15,14,3,11.224,12.155,-0.836,93.7,47.3,0.0,0.0,1.511,2.448,101 216 204 160 168 234 232 177
lysine,10,phenylalanine,2,15,14,4,11.224,12.155,-0.836,93.7,47.3,0.0,0.0,1.866,2.541,149 200 203 136 139 220 209 146 160 192
lysine,10,arginine,3,13,16,1,8.739,7.796,0.694,63.6,156.1,1.1346,0.0,0.967,1.577,315 3 152 103
lysine,10,arginine,3,13,16,2,8.739,7.796,0.694,63.6,156.1,0.0,0.0,1.159,0.636,350 53 51 359 252 135
lysine,10,arginine,3,13,16,3,8.739,7.796,0.694,63.6,156.1,0.0,0.0,2.229,2.401,243 289 287 90 144 328 97 191
lysine,10,arginine,3,13,16,4,8.739,7.796,0.694,63.6,156.1,0.0,0.0,1.664,1.091,343 3 35 316 293 88 113 304 260 141
lysine,10,arginine,3,13,17,1,8.739,10.227,0.694,60.9,45.3,3.4241,0.0,1.262,1.642,314 1 156 116
lysine,10,arginine,3,13,17,2,8.739,10.227,0.694,60.9,45.3,0.6579,0.0,1.97,2.622,296 359 175 45 267 185
lysine,10,arginine,3,13,17,3,8.739,10.227,0.694,60.9,45.3,0.0,0.0,2.594,3.846,276 1 166 0 255 121 99 182
lysine,10,arginine,3,13,17,4,8.739,10.227,0.694,60.9,45.3,0.0,0.0,1.679,1.427,308 32 71 313 285 119 140 263 244 158
lysine,10,arginine,3,13,18,1,8.739,9.541,0.694,74.4,73.2,2.3665,0.0,1.61,1.487,324 344 162 165
lysine,10,arginine,3,13,18,2,8.739,9.541,0.694,74.4,73.2,0.0,0.0,2.584,0.833,350 272 194 46 250 159
lysine,10,arginine,3,13,18,3,8.739,9.541,0.694,74.4,73.2,0.0,0.0,2.432,0.112,4 17 50 312 278 114 151 209
lysine,10,arginine,3,13,18,4,8.739,9.541,0.694,74.4,73.2,0.0,0.0,1.562,1.468,314 17 51 324 297 105 127 285 253 147
lysine,10,arginine,3,14,16,1,8.739,8.527,0.694,30.3,167.9,3.8794,0.0,2.714,5.97,34 360 182 357
lysine,10,arginine,3,14,16,2,8.739,8.527,0.694,30.3,167.9,0.2205,0.0,1.759,4.697,27 0 168 27 180 180
lysine,10,arginine,3,14,16,3,8.739,8.527,0.694,30.3,167.9,0.0,0.0,3.005,5.362,22 347 256 32 91 265 271 193
lysine,10,arginine,3,14,16,4,8.739,8.527,0.694,30.3,167.9,0.0,0.0,2.543,5.054,322 144 79 288 322 231 206 73 98 214
lysine,10,arginine,3,14,17,1,8.739,10.777,0.694,35.8,57.1,5.3633,0.0,2.949,6.09,38 360 193 327
lysine,10,arginine,3,14,17,2,8.739,10.777,0.694,35.8,57.1,1.8303,0.0,2.966,5.741,36 1 149 58 189 186
lysine,10,arginine,3,14,17,3,8.739,10.777,0.694,35.8,57.1,0.0,0.0,3.342,5.529,3 10 176 90 147 178 262 283
lysine,10,arginine,3,14,17,4,8.739,10.777,0.694,35.8,57.1,0.0,0.0,3.869,5.504,64 308 278 64 88 228 208 125 141 196
lysine,10,arginine,3,14,18,1,8.739,10.642,0.694,22.6,62.5,6.2894,0.0,2.766,6.03,35 360 182 358
lysine,10,arginine,3,14,18,2,8.739,10.642,0.694,22.6,62.5,2.5385,0.0,1.785,4.739,34 0 166 22 180 180
lysine,10,arginine,3,14,18,3,8.739,10.642,0.694,22.6,62.5,0.1775,0.0,3.482,3.47,80 360 180 360 179 178 267 196
lysine,10,arginine,3,14,18,4,8.739,10.642,0.694,22.6,62.5,0.0,0.0,2.959,0.712,250 61 137 329 244 258 197 159 164 166
lysine,10,arginine,3,15,16,1,8.739,7.002,0.694,93.1,170.8,0.3813,0.0,1.252,2.887,44 355 95 167
lysine,10,arginine,3,15,16,2,8.739,7.002,0.694,93.1,170.8,0.0,0.0,2.726,5.334,336 298 327 163 22 222
lysine,10,arginine,3,15,16,3,8.739,7.002,0.694,93.1,170.8,0.0,0.0,2.888,4.46,312 173 136 238 264 105 6 67
lysine,10,arginine,3,15,16,4,8.739,7.002,0.694,93.1,170.8,0.0,0.0,2.205,2.885,102 50 340 278 304 321 295 337 65 252
lysine,10,arginine,3,15,17,1,8.739,9.226,0.694,98.7,58.1,1.9369,0.0,1.899,4.026,52 283 180 180
lysine,10,arginine,3,15,17,2,8.739,9.226,0.694,98.7,58.1,0.0,0.0,2.865,5.844,307 87 216 259 225 172
lysine,10,arginine,3,15,17,3,8.739,9.226,0.694,98.7,58.1,0.0,0.0,2.209,5.518,329 21 325 9 58 291 251 151
lysine,10,arginine,3,15,17,4,8.739,9.226,0.694,98.7,58.1,0.0,0.0,1.766,2.672,48 20 326 335 6 250 234 116 135 211
lysine,10,arginine,3,15,18,1,8.739,8.921,0.694,97.6,69.8,1.6365,0.0,1.889,3.578,355 76 177 178
lysine,10,arginine,3,15,18,2,8.739,8.921,0.694,97.6,69.8,0.0,0.0,2.282,3.144,10 207 34 113 310 185
lysine,10,arginine,3,15,18,3,8.739,8.921,0.694,97.6,69.8,0.0,0.0,2.487,1.883,73 112 12 13 39 9 327 43
lysine,10,arginine,3,15,18,4,8.739,8.921,0.694,97.6,69.8,0.0,0.0,1.301,0.937,52 330 286 13 44 264 240 72 109 217
lysine,10,aspartic,21,13,3,1,7.893,8.453,-0.581,58.0,84.4,1.809,0.0,1.404,1.672,16 360 204 265
lysine,10,aspartic,21,13,3,2,7.893,8.453,-0.581,58.0,84.4,0.0,0.0,1.743,1.544,34 280 272 33 59 205
lysine,10,aspartic,21,13,3,3,7.893,8.453,-0.581,58.0,84.4,0.0,0.0,2.018,0.643,10 304 313 66 56 261 209 85
lysine,10,aspartic,21,13,3,4,7.893,8.453,-0.581,58.0,84.4,0.0,0.0,2.338,1.53,16 348 307 24 56 267 237 98 125 205
lysine,10,aspartic,21,13,4,1,7.893,9.892,-0.581,67.0,17.1,2.925,0.0,1.437,1.461,9 356 157 146
lysine,10,aspartic,21,13,4,2,7.893,9.892,-0.581,67.0,17.1,0.6714,0.0,0.54,0.698,331 58 187 185 300 206
lysine,10,aspartic,21,13,4,3,7.893,9.892,-0.581,67.0,17.1,0.0,0.0,1.429,1.123,327 107 157 179 275 212 6 168
lysine,10,aspartic,21,13,4,4,7.893,9.892,-0.581,67.0,17.1,0.0,0.0,1.428,1.017,309 26 300 356 82 273 252 166 73 128
lysine,10,aspartic,21,13,5,1,7.893,8.261,-0.581,59.0,91.5,1.5722,0.0,1.75,1.046,357 0 156 98
lysine,10,aspartic,21,13,5,2,7.893,8.261,-0.581,59.0,91.5,0.0,0.0,1.673,0.6,304 83 150 273 262 174
lysine,10,aspartic,21,13,5,3,7.893,8.261,-0.581,59.0,91.5,0.0,0.0,1.681,2.052,271 344 279 291 270 204 278 186
lysine,10,aspartic,21,13,5,4,7.893,8.261,-0.581,59.0,91.5,0.0,0.0,2.348,0.29,9 4 47 335 297 93 126 267 235 150
lysine,10,aspartic,21,14,3,1,7.893,8.077,-0.581,72.4,100.3,1.0539,0.0,2.582,4.956,341 13 210 213
lysine,10,aspartic,21,14,3,2,7.893,8.077,-0.581,72.4,100.3,0.0,0.0,2.029,4.202,353 113 32 341 306 131
lysine,10,aspartic,21,14,3,3,7.893,8.077,-0.581,72.4,100.3,0.0,0.0,1.513,3.97,28 116 344 309 257 64 243 332
lysine,10,aspartic,21,14,3,4,7.893,8.077,-0.581,72.4,100.3,0.0,0.0,2.852,4.956,267 92 196 275 188 279 2 82 18 90
lysine,10,aspartic,21,14,4,1,7.893,10.006,-0.581,62.6,5.9,3.1928,0.0,2.376,4.164,351 359 154 127
lysine,10,aspartic,21,14,4,2,7.893,10.006,-0.581,62.6,5.9,0.8929,0.0,0.679,3.381,322 6 181 181 58 154
lysine,10,aspartic,21,14,4,3,7.893,10.006,-0.581,62.6,5.9,0.2179,0.0,2.121,3.033,310 354 181 181 81 146 0 179
lysine,10,aspartic,21,14,4,4,7.893,10.006,-0.581,62.6,5.9,0.0,0.0,2.866,3.508,347 332 127 10 302 112 76 192 309 216
lysine,10,aspartic,21,14,5,1,7.893,8.328,-0.581,56.3,90.7,1.7907,0.0,2.8,4.616,1 360 204 273
lysine,10,aspartic,21,14,5,2,7.893,8.328,-0.581,56.3,90.7,0.0,0.0,3.497,6.074,28 19 130 180 337 150
lysine,10,aspartic,21,14,5,3,7.893,8.328,-0.581,56.3,90.7,0.0,0.0,3.581,4.95,344 316 312 54 66 266 210 96
lysine,10,aspartic,21,14,5,4,7.893,8.328,-0.581,56.3,90.7,0.0,0.0,3.221,4.2,281 16 239 36 178 32 42 74 48 108
lysine,10,aspartic,21,15,3,1,7.893,8.675,-0.581,48.7,87.5,2.5849,0.0,1.838,5.099,349 0 158 64
lysine,10,aspartic,21,15,3,2,7.893,8.675,-0.581,48.7,87.5,0.0,0.0,1.455,4.759,351 33 116 342 278 146
lysine,10,aspartic,21,15,3,3,7.893,8.675,-0.581,48.7,87.5,0.0,0.0,1.087,3.815,17 17 68 335 284 76 118 208
lysine,10,aspartic,21,15,3,4,7.893,8.675,-0.581,48.7,87.5,0.0,0.0,1.405,4.816,357 13 55 333 298 93 125 251 226 159
lysine,10,aspartic,21,15,4,1,7.893,10.24,-0.581,53.1,10.9,3.863,0.0,1.094,4.126,3 1 207 263
lysine,10,aspartic,21,15,4,2,7.893,10.24,-0.581,53.1,10.9,0.8819,0.0,0.491,3.394,11 5 200 207 273 203
lysine,10,aspartic,21,15,4,3,7.893,10.24,-0.581,53.1,10.9,0.1498,0.0,1.015,1.722,13 40 179 179 273 213 360 181
lysine,10,aspartic,21,15,4,4,7.893,10.24,-0.581,53.1,10.9,0.0,0.0,1.294,0.581,359 18 247 14 78 229 259 166 60 137
lysine,10,aspartic,21,15,5,1,7.893,8.193,-0.581,61.7,106.1,1.5909,0.0,1.439,4.461,357 4 211 247
lysine,10,aspartic,21,15,5,2,7.893,8.193,-0.581,61.7,106.1,0.0,0.0,2.888,5.7,295 32 194 35 160 187
lysine,10,aspartic,21,15,5,3,7.893,8.193,-0.581,61.7,106.1,0.0,0.0,1.916,1.898,65 281 194 252 353 59 358 89
lysine,10,aspartic,21,15,5,4,7.893,8.193,-0.581,61.7,106.1,0.0,0.0,1.453,1.764,3 357 301 14 57 270 247 93 102 201
lysine,10,glutamic,15,13,5,1,5.603,4.375,-0.23,71.4,138.5,0.5262,0.0,2.451,4.417,261 231 327 360
lysine,10,glutamic,15,13,5,2,5.603,4.375,-0.23,71.4,138.5,0.0,0.0,1.597,0.757,327 68 56 32 113 3
lysine,10,glutamic,15,13,5,3,5.603,4.375,-0.23,71.4,138.5,0.0,0.0,0.935,0.806,347 179 360 6 89 65 147 356
lysine,10,glutamic,15,13,5,4,5.603,4.375,-0.23,71.4,138.5,0.0,0.0,2.234,1.123,11 12 17 259 272 71 124 348 259 150
lysine,10,glutamic,15,13,6,1,5.603,6.585,-0.23,77.2,45.2,0.5291,0.0,1.248,1.932,294 37 67 95
lysine,10,glutamic,15,13,6,2,5.603,6.585,-0.23,77.2,45.2,0.0,0.0,1.383,0.86,315 54 86 206 279 83
lysine,10,glutamic,15,13,6,3,5.603,6.585,-0.23,77.2,45.2,0.0,0.0,1.758,0.545,332 42 53 161 72 357 65 12
lysine,10,glutamic,15,13,6,4,5.603,6.585,-0.23,77.2,45.2,0.0,0.0,3.124,4.417,214 11 170 333 261 152 75 229 270 93
lysine,10,glutamic,15,13,7,1,5.603,6.498,-0.23,79.7,49.0,0.3958,0.0,3.124,4.417,235 312 303 258
lysine,10,glutamic,15,13,7,2,5.603,6.498,-0.23,79.7,49.0,0.0,0.0,3.124,4.417,213 196 15 282 299 109
lysine,10,glutamic,15,13,7,3,5.603,6.498,-0.23,79.7,49.0,0.0,0.0,3.124,4.417,170 171 130 236 251 87 111 225
lysine,10,glutamic,15,13,7,4,5.603,6.498,-0.23,79.7,49.0,0.0,0.0,3.124,4.417,193 79 78 277 307 115 97 280 253 120
lysine,10,glutamic,15,14,5,1,5.603,5.385,-0.23,31.0,161.9,2.2789,0.0,3.869,6.09,129 0 179 0
lysine,10,glutamic,15,14,5,2,5.603,5.385,-0.23,31.0,161.9,0.0,0.0,3.869,6.09,160 264 279 33 141 311
lysine,10,glutamic,15,14,5,3,5.603,5.385,-0.23,31.0,161.9,0.0,0.0,3.578,6.076,36 311 287 70 103 282 239 146
lysine,10,glutamic,15,14,5,4,5.603,5.385,-0.23,31.0,161.9,0.0,0.0,3.393,5.512,11 342 306 54 85 275 245 115 141 201
lysine,10,glutamic,15,14,6,1,5.603,7.75,-0.23,26.8,49.5,3.5183,0.0,3.869,6.09,119 0 180 0
lysine,10,glutamic,15,14,6,2,5.603,7.75,-0.23,26.8,49.5,0.2904,0.0,3.869,5.758,90 355 194 346 233 240
lysine,10,glutamic,15,14,6,3,5.603,7.75,-0.23,26.8,49.5,0.0,0.0,3.869,5.873,58 301 242 94 136 245 239 182
lysine,10,glutamic,15,14,6,4,5.603,7.75,-0.23,26.8,49.5,0.0,0.0,3.421,5.893,30 337 298 58 90 256 233 134 149 193
lysine,10,glutamic,15,14,7,1,5.603,7.445,-0.23,42.6,61.8,1.8462,0.0,3.869,6.09,137 360 180 360
lysine,10,glutamic,15,14,7,2,5.603,7.445,-0.23,42.6,61.8,0.0,0.0,3.869,6.09,154 69 75 338 262 203
lysine,10,glutamic,15,14,7,3,5.603,7.445,-0.23,42.6,61.8,0.0,0.0,3.869,6.09,66 291 264 94 146 256 204 149
lysine,10,glutamic,15,14,7,4,5.603,7.445,-0.23,42.6,61.8,0.0,0.0,3.429,6.09,39 346 305 59 93 256 233 133 146 190
lysine,10,glutamic,15,15,5,1,5.603,2.949,-0.23,133.2,165.4,1.7432,0.0,1.393,3.946,38 315 1 0
lysine,10,glutamic,15,15,5,2,5.603,2.949,-0.23,133.2,165.4,0.9637,0.0,2.888,5.844,174 45 360 354 189 360
lysine,10,glutamic,15,15,5,3,5.603,2.949,-0.23,133.2,165.4,0.0,0.0,2.416,5.118,193 102 360 58 99 4 134 50
lysine,10,glutamic,15,15,5,4,5.603,2.949,-0.23,133.2,165.4,0.0,0.0,2.888,5.844,256 344 291 277 326 302 256 6 102 248
lysine,10,glutamic,15,15,6,1,5.603,5.33,-0.23,130.0,47.7,0.4421,0.0,1.602,3.951,32 308 350 56
lysine,10,glutamic,15,15,6,2,5.603,5.33,-0.23,130.0,47.7,0.0,0.0,2.649,4.479,341 252 33 306 252 74
lysine,10,glutamic,15,15,6,3,5.603,5.33,-0.23,130.0,47.7,0.0,0.0,2.888,5.83,258 100 225 18 132 58 170 24
lysine,10,glutamic,15,15,6,4,5.603,5.33,-0.23,130.0,47.7,0.0,0.0,0.745,0.431,36 294 251 324 339 295 261 47 121 244
lysine,10,glutamic,15,15,7,1,5.603,5.056,-0.23,147.8,58.3,0.7239,0.0,2.888,5.65,123 99 311 342
lysine,10,glutamic,15,15,7,2,5.603,5.056,-0.23,147.8,58.3,0.0,0.0,2.888,5.844,178 127 283 81 83 337
lysine,10,glutamic,15,15,7,3,5.603,5.056,-0.23,147.8,58.3,0.0,0.0,2.888,5.844,210 20 4 118 10 39 247 273
lysine,10,glutamic,15,15,7,4,5.603,5.056,-0.23,147.8,58.3,0.0,0.0,1.23,4.109,64 86 157 315 318 290 261 52 146 256
lysine,10,isoleucine,8,13,4,1,9.696,9.626,-0.018,120.0,59.4,2.3374,0.0,1.774,1.475,3 247 180 180
lysine,10,isoleucine,8,13,4,2,9.696,9.626,-0.018,120.0,59.4,0.0,0.0,2.96,3.543,262 146 176 231 239 192
lysine,10,isoleucine,8,13,4,3,9.696,9.626,-0.018,120.0,59.4,0.0,0.0,3.124,4.058,222 161 156 246 241 130 152 203
lysine,10,isoleucine,8,13,4,4,9.696,9.626,-0.018,120.0,59.4,0.0,0.0,3.124,2.151,242 102 118 302 305 115 123 232 211 152
lysine,10,isoleucine,8,13,5,1,9.696,7.586,-0.018,111.5,150.0,0.4194,0.0,2.161,1.048,6 253 198 189
lysine,10,isoleucine,8,13,5,2,9.696,7.586,-0.018,111.5,150.0,0.0,0.0,1.691,0.838,358 41 1 341 307 87
lysine,10,isoleucine,8,13,5,3,9.696,7.586,-0.018,111.5,150.0,0.0,0.0,0.579,2.628,45 351 24 311 265 91 160 231
lysine,10,isoleucine,8,13,5,4,9.696,7.586,-0.018,111.5,150.0,0.0,0.0,0.994,2.513,285 357 33 34 26 82 110 70 3 103
lysine,10,isoleucine,8,13,6,1,9.696,9.908,-0.018,108.1,47.4,2.6384,0.0,2.703,0.877,294 94 174 177
lysine,10,isoleucine,8,13,6,2,9.696,9.908,-0.018,108.1,47.4,0.2169,0.0,2.063,0.62,11 321 133 147 296 214
lysine,10,isoleucine,8,13,6,3,9.696,9.908,-0.018,108.1,47.4,0.0,0.0,1.948,1.155,292 46 171 202 89 243 347 263
lysine,10,isoleucine,8,13,6,4,9.696,9.908,-0.018,108.1,47.4,0.0,0.0,1.612,1.195,320 25 65 349 321 107 135 278 246 149
lysine,10,isoleucine,8,14,4,1,9.696,11.861,-0.018,23.5,54.5,7.2737,0.0,3.869,3.165,276 0 178 3
lysine,10,isoleucine,8,14,4,2,9.696,11.861,-0.018,23.5,54.5,3.6552,0.0,1.326,1.989,278 360 198 329 176 177
lysine,10,isoleucine,8,14,4,3,9.696,11.861,-0.018,23.5,54.5,0.3414,0.0,1.813,3.422,256 360 201 324 175 177 132 150
lysine,10,isoleucine,8,14,4,4,9.696,11.861,-0.018,23.5,54.5,0.0,0.0,2.616,4.242,260 59 94 284 258 149 163 222 217 174
lysine,10,isoleucine,8,14,5,1,9.696,9.662,-0.018,22.7,152.7,5.4595,0.0,3.869,2.466,293 360 180 360
lysine,10,isoleucine,8,14,5,2,9.696,9.662,-0.018,22.7,152.7,1.6553,0.0,2.002,0.85,292 0 180 1 181 181
lysine,10,isoleucine,8,14,5,3,9.696,9.662,-0.018,22.7,152.7,0.0,0.0,1.364,2.264,285 65 112 276 241 137 148 180
lysine,10,isoleucine,8,14,5,4,9.696,9.662,-0.018,22.7,152.7,0.0,0.0,1.35,2.408,250 110 26 308 262 83 183 243 123 112
lysine,10,isoleucine,8,14,6,1,9.696,11.845,-0.018,25.4,55.2,7.098,0.0,3.869,2.065,307 360 183 356
lysine,10,isoleucine,8,14,6,2,9.696,11.845,-0.018,25.4,55.2,3.5172,0.0,2.557,0.716,305 0 159 37 186 184
lysine,10,isoleucine,8,14,6,3,9.696,11.845,-0.018,25.4,55.2,0.2112,0.0,3.277,0.996,325 0 153 48 184 183 232 211
lysine,10,isoleucine,8,14,6,4,9.696,11.845,-0.018,25.4,55.2,0.0,0.0,3.74,2.42,343 252 296 48 36 152 176 226 218 171
lysine,10,isoleucine,8,15,4,1,9.696,10.772,-0.018,74.8,61.5,3.5925,0.0,2.023,1.548,58 16 195 192
lysine,10,isoleucine,8,15,4,2,9.696,10.772,-0.018,74.8,61.5,0.2099,0.0,2.26,2.169,52 37 199 193 234 211
lysine,10,isoleucine,8,15,4,3,9.696,10.772,-0.018,74.8,61.5,0.0,0.0,2.888,4.088,133 223 225 130 135 219 203 162
lysine,10,isoleucine,8,15,4,4,9.696,10.772,-0.018,74.8,61.5,0.0,0.0,2.888,3.945,147 203 207 135 139 233 222 142 158 194
lysine,10,isoleucine,8,15,5,1,9.696,8.641,-0.018,71.0,165.9,1.7299,0.0,1.984,0.99,66 359 152 143
lysine,10,isoleucine,8,15,5,2,9.696,8.641,-0.018,71.0,165.9,0.0,0.0,2.341,2.323,74 54 116 128 342 243
lysine,10,isoleucine,8,15,5,3,9.696,8.641,-0.018,71.0,165.9,0.0,0.0,1.493,0.662,352 21 261 64 47 254 357 187
lysine,10,isoleucine,8,15,5,4,9.696,8.641,-0.018,71.0,165.9,0.0,0.0,2.335,1.144,47 62 16 353 4 273 256 38 100 226
lysine,10,isoleucine,8,15,6,1,9.696,10.889,-0.018,70.7,56.8,3.7172,0.0,1.725,0.65,60 356 165 163
lysine,10,isoleucine,8,15,6,2,9.696,10.889,-0.018,70.7,56.8,0.3174,0.0,1.509,0.796,56 348 162 164 131 154
lysine,10,isoleucine,8,15,6,3,9.696,10.889,-0.018,70.7,56.8,0.0,0.0,1.38,0.234,350 8 218 107 147 214 219 263
lysine,10,isoleucine,8,15,6,4,9.696,10.889,-0.018,70.7,56.8,0.0,0.0,1.413,0.638,1 3 319 38 59 262 233 146 163 198
lysine,10,leucine,12,13,1,1,9.59,9.027,-0.15,93.1,107.7,1.8266,0.0,2.471,2.04,321 299 163 170
lysine,10,leucine,12,13,1,2,9.59,9.027,-0.15,93.1,107.7,0.0,0.0,2.617,1.989,275 174 86 231 161 70
lysine,10,leucine,12,13,1,3,9.59,9.027,-0.15,93.1,107.7,0.0,0.0,2.353,4.417,197 149 137 246 244 128 147 204
lysine,10,leucine,12,13,1,4,9.59,9.027,-0.15,93.1,107.7,0.0,0.0,2.552,4.417,185 150 143 230 232 143 149 250 239 162
lysine,10,leucine,12,13,2,1,9.59,9.91,-0.15,85.5,74.1,2.6306,0.0,2.222,2.392,273 49 183 182
lysine,10,leucine,12,13,2,2,9.59,9.91,-0.15,85.5,74.1,0.0,0.0,2.041,0.687,309 86 90 211 207 198
lysine,10,leucine,12,13,2,3,9.59,9.91,-0.15,85.5,74.1,0.0,0.0,2.251,1.039,271 46 217 351 359 297 327 40
lysine,10,leucine,12,13,2,4,9.59,9.91,-0.15,85.5,74.1,0.0,0.0,3.124,1.193,233 99 152 148 97 154 278 119 24 26
lysine,10,leucine,12,13,13,1,9.59,11.008,-0.15,84.6,21.9,3.7621,0.0,2.129,2.368,312 315 177 178
lysine,10,leucine,12,13,13,2,9.59,11.008,-0.15,84.6,21.9,0.8815,0.0,1.006,4.144,253 40 164 172 105 143
lysine,10,leucine,12,13,13,3,9.59,11.008,-0.15,84.6,21.9,0.0548,0.0,1.498,4.417,240 30 166 173 109 142 356 185
lysine,10,leucine,12,13,13,4,9.59,11.008,-0.15,84.6,21.9,0.0,0.0,2.638,4.286,204 148 147 220 218 150 156 240 233 169
lysine,10,leucine,12,14,1,1,9.59,10.727,-0.15,12.2,98.6,7.305,0.0,3.869,6.09,128 360 181 360
lysine,10,leucine,12,14,1,2,9.59,10.727,-0.15,12.2,98.6,3.5638,0.0,3.13,6.085,125 0 179 1 201 219
lysine,10,leucine,12,14,1,3,9.59,10.727,-0.15,12.2,98.6,0.1203,0.0,1.813,4.706,109 1 175 5 226 230 195 192
lysine,10,leucine,12,14,1,4,9.59,10.727,-0.15,12.2,98.6,0.0,0.0,2.395,5.135,123 304 276 70 104 228 204 144 155 188
lysine,10,leucine,12,14,2,1,9.59,11.401,-0.15,11.9,73.3,7.9133,0.0,3.627,6.09,65 0 180 0
lysine,10,leucine,12,14,2,2,9.59,11.401,-0.15,11.9,73.3,4.1762,0.0,2.839,5.428,67 360 181 359 161 148
lysine,10,leucine,12,14,2,3,9.59,11.401,-0.15,11.9,73.3,0.6634,0.0,1.028,2.861,68 1 177 3 142 125 194 188
lysine,10,leucine,12,14,2,4,9.59,11.401,-0.15,11.9,73.3,0.0,0.0,1.512,2.634,19 306 272 74 100 237 218 170 180 188
lysine,10,leucine,12,14,13,1,9.59,12.414,-0.15,18.2,26.0,8.2111,0.0,3.869,6.09,101 360 180 360
lysine,10,leucine,12,14,13,2,9.59,12.414,-0.15,18.2,26.0,4.6544,0.0,2.894,6.09,99 1 170 14 194 191
lysine,10,leucine,12,14,13,3,9.59,12.414,-0.15,18.2,26.0,1.0288,0.0,0.701,5.556,99 2 167 18 214 205 203 198
lysine,10,leucine,12,14,13,4,9.59,12.414,-0.15,18.2,26.0,0.0,0.0,1.446,4.989,107 320 199 115 129 182 220 162 103 151
lysine,10,leucine,12,15,1,1,9.59,8.533,-0.15,112.9,96.9,1.2578,0.0,1.216,3.694,20 101 181 181
lysine,10,leucine,12,15,1,2,9.59,8.533,-0.15,112.9,96.9,0.0,0.0,2.351,5.069,127 195 217 114 131 219
lysine,10,leucine,12,15,1,3,9.59,8.533,-0.15,112.9,96.9,0.0,0.0,2.036,5.087,144 180 198 130 132 263 244 155
lysine,10,leucine,12,15,1,4,9.59,8.533,-0.15,112.9,96.9,0.0,0.0,2.888,4.817,172 184 196 137 130 226 218 116 132 200
lysine,10,leucine,12,15,2,1,9.59,9.368,-0.15,106.4,65.7,2.08,0.0,1.421,3.116,85 269 182 181
lysine,10,leucine,12,15,2,2,9.59,9.368,-0.15,106.4,65.7,0.0,0.0,1.102,2.292,13 329 275 140 145 177
lysine,10,leucine,12,15,2,3,9.59,9.368,-0.15,106.4,65.7,0.0,0.0,2.802,1.747,119 247 245 62 64 250 231 144
lysine,10,leucine,12,15,2,4,9.59,9.368,-0.15,106.4,65.7,0.0,0.0,2.888,1.918,150 222 220 118 116 218 213 93 102 194
lysine,10,leucine,12,15,13,1,9.59,10.129,-0.15,119.8,30.7,2.8808,0.0,1.047,4.4,12 112 187 184
lysine,10,leucine,12,15,13,2,9.59,10.129,-0.15,119.8,30.7,0.5412,0.0,0.771,5.098,95 202 214 210 63 152
lysine,10,leucine,12,15,13,3,9.59,10.129,-0.15,119.8,30.7,0.0,0.0,1.681,4.916,117 188 177 141 143 255 276 182
lysine,10,leucine,12,15,13,4,9.59,10.129,-0.15,119.8,30.7,0.0,0.0,2.791,4.713,172 187 197 127 121 219 209 132 150 199
lysine,10,serine,32,13,3,1,6.164,6.012,0.012,131.3,37.2,0.5771,0.0,2.046,0.867,358 5 360 266
lysine,10,serine,32,13,3,2,6.164,6.012,0.012,131.3,37.2,0.066,0.0,3.124,1.892,53 359 66 130 359 325
lysine,10,serine,32,13,3,3,6.164,6.012,0.012,131.3,37.2,0.0,0.0,3.124,2.438,94 301 144 189 325 84 30 57
lysine,10,serine,32,13,3,4,6.164,6.012,0.012,131.3,37.2,0.0,0.0,3.124,3.061,45 351 291 329 9 270 253 58 112 248
lysine,10,serine,32,13,4,1,6.164,4.115,0.012,137.2,111.3,0.5973,0.0,3.124,3.705,56 10 6 5
lysine,10,serine,32,13,4,2,6.164,4.115,0.012,137.2,111.3,0.0639,0.0,3.124,4.417,133 78 324 333 235 340
lysine,10,serine,32,13,4,3,6.164,4.115,0.012,137.2,111.3,0.0,0.0,3.124,4.417,181 192 207 100 67 302 231 68
lysine,10,serine,32,13,4,4,6.164,4.115,0.012,137.2,111.3,0.0,0.0,3.124,4.417,145 275 64 246 21 99 21 58 104 142
lysine,10,serine,32,13,5,1,6.164,5.792,0.012,155.4,47.2,0.9829,0.0,3.124,3.988,58 126 281 335
lysine,10,serine,32,13,5,2,6.164,5.792,0.012,155.4,47.2,0.0,0.0,3.124,4.417,145 115 274 349 216 284
lysine,10,serine,32,13,5,3,6.164,5.792,0.012,155.4,47.2,0.0,0.0,3.124,4.417,108 79 323 130 357 177 35 75
lysine,10,serine,32,13,5,4,6.164,5.792,0.012,155.4,47.2,0.0,0.0,2.656,3.53,262 55 9 217 282 278 237 288 3 284
lysine,10,serine,32,14,3,1,6.164,7.899,0.012,54.3,47.0,1.5025,0.0,3.869,3.661,280 360 198 287
lysine,10,serine,32,14,3,2,6.164,7.899,0.012,54.3,47.0,0.0001,0.0,3.64,2.602,320 12 141 247 267 131
lysine,10,serine,32,14,3,3,6.164,7.899,0.012,54.3,47.0,0.0,0.0,3.544,3.579,348 341 94 328 269 92 65 154
lysine,10,serine,32,14,3,4,6.164,7.899,0.012,54.3,47.0,0.0,0.0,3.427,3.598,344 2 41 312 289 102 121 238 218 159
lysine,10,serine,32,14,4,1,6.164,5.853,0.012,63.1,130.6,0.2922,0.0,3.869,4.299,248 343 252 316
lysine,10,serine,32,14,4,2,6.164,5.853,0.012,63.1,130.6,0.0,0.0,3.638,2.109,331 39 113 317 168 42
lysine,10,serine,32,14,4,3,6.164,5.853,0.012,63.1,130.6,0.0,0.0,3.355,2.913,8 13 75 298 264 78 80 191
lysine,10,serine,32,14,4,4,6.164,5.853,0.012,63.1,130.6,0.0,0.0,1.012,1.892,29 215 307 268 278 73 111 259 170 106
lysine,10,serine,32,14,5,1,6.164,7.911,0.012,57.7,46.5,1.3281,0.0,3.869,4.486,257 0 161 87
lysine,10,serine,32,14,5,2,6.164,7.911,0.012,57.7,46.5,0.0,0.0,3.869,5.576,218 107 115 258 280 190
lysine,10,serine,32,14,5,3,6.164,7.911,0.012,57.7,46.5,0.0,0.0,3.869,4.633,292 29 51 306 318 92 88 230
lysine,10,serine,32,14,5,4,6.164,7.911,0.012,57.7,46.5,0.0,0.0,3.73,4.473,314 7 37 304 284 112 129 247 225 156
lysine,10,serine,32,15,3,1,6.164,8.216,0.012,40.2,43.4,2.7043,0.0,2.657,2.393,85 0 170 22
lysine,10,serine,32,15,3,2,6.164,8.216,0.012,40.2,43.4,0.2159,0.0,1.495,0.414,53 356 207 303 282 208
lysine,10,serine,32,15,3,3,6.164,8.216,0.012,40.2,43.4,0.0,0.0,0.333,0.906,9 16 196 68 156 201 286 284
lysine,10,serine,32,15,3,4,6.164,8.216,0.012,40.2,43.4,0.0,0.0,1.723,0.25,349 352 290 37 77 283 266 140 137 183
lysine,10,serine,32,15,4,1,6.164,6.542,0.012,33.8,108.7,2.2205,0.0,2.888,4.156,110 358 186 355
lysine,10,serine,32,15,4,2,6.164,6.542,0.012,33.8,108.7,0.0,0.0,2.888,4.484,157 311 237 325 171 43
lysine,10,serine,32,15,4,3,6.164,6.542,0.012,33.8,108.7,0.0,0.0,2.888,4.218,111 258 325 81 95 287 158 69
lysine,10,serine,32,15,4,4,6.164,6.542,0.012,33.8,108.7,0.0,0.0,1.016,1.279,335 323 297 53 84 289 248 125 162 206
lysine,10,serine,32,15,5,1,6.164,8.127,0.012,48.8,47.4,2.0375,0.0,2.888,4.008,107 0 199 303
lysine,10,serine,32,15,5,2,6.164,8.127,0.012,48.8,47.4,0.0,0.0,2.888,4.522,130 297 210 130 55 126
lysine,10,serine,32,15,5,3,6.164,8.127,0.012,48.8,47.4,0.0,0.0,1.596,2.647,61 344 292 44 77 268 255 164
lysine,10,serine,32,15,5,4,6.164,8.127,0.012,48.8,47.4,0.0,0.0,2.888,5.651,152 177 58 31 59 45 104 162 128 194
lysine,10,tryptophan,5,13,16,1,10.032,8.112,0.488,130.1,126.1,0.8273,0.0,3.124,2.662,45 231 178 179
lysine,10,tryptophan,5,13,16,2,10.032,8.112,0.488,130.1,126.1,0.0,0.0,1.71,0.694,347 359 318 339 6 242
lysine,10,tryptophan,5,13,16,3,10.032,8.112,0.488,130.1,126.1,0.0,0.0,3.124,4.417,113 148 203 39 231 314 168 154
lysine,10,tryptophan,5,13,16,4,10.032,8.112,0.488,130.1,126.1,0.0,0.0,2.509,2.049,267 33 329 212 246 341 273 291 360 218
lysine,10,tryptophan,5,13,17,1,10.032,10.335,0.488,123.4,33.4,3.0584,0.0,2.993,2.218,47 241 181 181
lysine,10,tryptophan,5,13,17,2,10.032,10.335,0.488,123.4,33.4,0.56,0.0,1.863,0.977,311 116 144 157 94 145
lysine,10,tryptophan,5,13,17,3,10.032,10.335,0.488,123.4,33.4,0.0,0.0,2.796,1.864,356 234 167 156 247 315 251 245
lysine,10,tryptophan,5,13,17,4,10.032,10.335,0.488,123.4,33.4,0.0,0.0,0.754,1.199,340 321 279 352 28 248 216 68 89 206
lysine,10,tryptophan,5,13,18,1,10.032,9.673,0.488,127.9,63.6,2.3841,0.0,2.704,1.802,346 126 180 180
lysine,10,tryptophan,5,13,18,2,10.032,9.673,0.488,127.9,63.6,0.0,0.0,2.919,3.447,35 84 294 190 101 136
lysine,10,tryptophan,5,13,18,3,10.032,9.673,0.488,127.9,63.6,0.0,0.0,2.476,4.417,132 201 202 108 109 227 210 160
lysine,10,tryptophan,5,13,18,4,10.032,9.673,0.488,127.9,63.6,0.0,0.0,2.659,1.664,316 115 304 291 170 8 146 34 82 167
lysine,10,tryptophan,5,14,16,1,10.032,9.998,0.488,53.5,115.9,3.5949,0.0,3.869,3.199,282 1 154 90
lysine,10,tryptophan,5,14,16,2,10.032,9.998,0.488,53.5,115.9,0.0528,0.0,3.35,3.327,289 357 137 105 160 167
lysine,10,tryptophan,5,14,16,3,10.032,9.998,0.488,53.5,115.9,0.0,0.0,2.729,3.687,333 20 81 305 265 128 145 181
lysine,10,tryptophan,5,14,16,4,10.032,9.998,0.488,53.5,115.9,0.0,0.0,3.763,4.544,310 21 57 303 280 125 143 250 233 161
lysine,10,tryptophan,5,14,17,1,10.032,12.07,0.488,54.4,28.9,5.56,0.0,3.869,3.119,292 360 206 256
lysine,10,tryptophan,5,14,17,2,10.032,12.07,0.488,54.4,28.9,1.9564,0.0,2.357,3.01,292 360 140 105 179 180
lysine,10,tryptophan,5,14,17,3,10.032,12.07,0.488,54.4,28.9,0.4724,0.0,0.815,1.358,312 0 218 276 182 181 315 202
lysine,10,tryptophan,5,14,17,4,10.032,12.07,0.488,54.4,28.9,0.0146,0.0,3.204,3.36,255 359 161 29 197 192 77 149 3 172
lysine,10,tryptophan,5,14,18,1,10.032,11.243,0.488,64.8,67.7,4.3053,0.0,3.869,3.81,288 357 156 141
lysine,10,tryptophan,5,14,18,2,10.032,11.243,0.488,64.8,67.7,0.6802,0.0,2.673,3.889,286 359 141 127 176 178
lysine,10,tryptophan,5,14,18,3,10.032,11.243,0.488,64.8,67.7,0.0,0.0,2.897,4.285,345 324 145 304 257 177 108 94
lysine,10,tryptophan,5,14,18,4,10.032,11.243,0.488,64.8,67.7,0.0,0.0,3.861,4.585,303 28 58 306 282 131 151 259 238 158
lysine,10,tryptophan,5,15,16,1,10.032,10.228,0.488,43.1,125.8,4.4359,0.0,2.472,1.959,80 0 202 298
lysine,10,tryptophan,5,15,16,2,10.032,10.228,0.488,43.1,125.8,0.9151,0.0,2.365,1.483,76 1 148 68 194 188
lysine,10,tryptophan,5,15,16,3,10.032,10.228,0.488,43.1,125.8,0.0,0.0,2.888,3.915,149 287 242 18 155 238 194 170
lysine,10,tryptophan,5,15,16,4,10.032,10.228,0.488,43.1,125.8,0.0,0.0,1.432,1.491,13 341 300 59 80 245 229 151 163 192
lysine,10,tryptophan,5,15,17,1,10.032,12.33,0.488,42.5,39.5,6.4347,0.0,2.164,1.28,71 360 158 71
lysine,10,tryptophan,5,15,17,2,10.032,12.33,0.488,42.5,39.5,2.9087,0.0,2.186,1.593,72 359 216 282 171 175
lysine,10,tryptophan,5,15,17,3,10.032,12.33,0.488,42.5,39.5,0.1139,0.0,1.932,0.331,64 0 140 107 183 182 270 213
lysine,10,tryptophan,5,15,17,4,10.032,12.33,0.488,42.5,39.5,0.0,0.0,1.3,0.581,0 347 248 93 100 199 203 162 123 153
lysine,10,tryptophan,5,15,18,1,10.032,11.916,0.488,34.0,58.4,6.5881,0.0,2.626,2.446,84 360 195 324
lysine,10,tryptophan,5,15,18,2,10.032,11.916,0.488,34.0,58.4,3.0036,0.0,2.591,1.878,83 0 149 61 181 180
lysine,10,tryptophan,5,15,18,3,10.032,11.916,0.488,34.0,58.4,0.1913,0.0,2.888,3.85,97 3 209 302 204 192 258 218
lysine,10,tryptophan,5,15,18,4,10.032,11.916,0.488,34.0,58.4,0.0,0.0,2.341,3.298,91 308 274 70 91 214 201 130 138 190
lysine,10,glutamic,10,13,5,1,11.809,10.681,0.7,100.4,119.4,3.4362,0.0,2.472,0.523,314 78 184 182
lysine,10,glutamic,10,13,5,2,11.809,10.681,0.7,100.4,119.4,0.0,0.0,2.709,0.934,24 277 152 131 189 131
lysine,10,glutamic,10,13,5,3,11.809,10.681,0.7,100.4,119.4,0.0,0.0,3.037,0.617,280 137 84 93 182 52 340 102
lysine,10,glutamic,10,13,5,4,11.809,10.681,0.7,100.4,119.4,0.0,0.0,0.641,1.031,322 63 105 332 296 102 129 305 268 150
lysine,10,glutamic,10,13,6,1,11.809,10.823,0.7,98.1,113.1,3.5665,0.0,2.396,0.471,11 286 178 179
lysine,10,glutamic,10,13,6,2,11.809,10.823,0.7,98.1,113.1,0.0,0.0,1.777,0.399,304 59 177 175 143 155
lysine,10,glutamic,10,13,6,3,11.809,10.823,0.7,98.1,113.1,0.0,0.0,2.061,0.658,271 85 158 139 80 295 50 305
lysine,10,glutamic,10,13,6,4,11.809,10.823,0.7,98.1,113.1,0.0,0.0,1.326,1.17,325 42 78 336 309 112 141 275 250 154
lysine,10,glutamic,10,13,7,1,11.809,12.784,0.7,101.5,31.7,5.5681,0.0,2.58,0.639,19 280 175 177
lysine,10,glutamic,10,13,7,2,11.809,12.784,0.7,101.5,31.7,1.7961,0.0,2.499,0.442,14 282 181 180 180 180
lysine,10,glutamic,10,13,7,3,11.809,12.784,0.7,101.5,31.7,0.1738,0.0,3.04,1.258,15 249 165 172 164 165 326 195
lysine,10,glutamic,10,13,7,4,11.809,12.784,0.7,101.5,31.7,0.0,0.0,2.01,0.714,7 313 63 308 351 113 138 166 294 232
lysine,10,glutamic,10,14,5,1,11.809,12.194,0.7,39.8,119.9,6.479,0.0,3.679,2.264,320 360 159 60
lysine,10,glutamic,10,14,5,2,11.809,12.194,0.7,39.8,119.9,2.9734,0.0,3.684,1.317,321 359 214 288 173 176
lysine,10,glutamic,10,14,5,3,11.809,12.194,0.7,39.8,119.9,0.0,0.0,2.707,0.202,295 43 135 330 268 168 177 168
lysine,10,glutamic,10,14,5,4,11.809,12.194,0.7,39.8,119.9,0.0,0.0,3.869,3.103,257 78 120 275 239 156 170 231 233 179
lysine,10,glutamic,10,14,6,1,11.809,12.456,0.7,28.9,108.6,7.4872,0.0,3.12,2.389,327 360 190 339
lysine,10,glutamic,10,14,6,2,11.809,12.456,0.7,28.9,108.6,3.8646,0.0,3.222,1.227,327 360 153 51 177 178
lysine,10,glutamic,10,14,6,3,11.809,12.456,0.7,28.9,108.6,0.1418,0.0,2.404,0.801,327 360 200 320 174 177 176 176
lysine,10,glutamic,10,14,6,4,11.809,12.456,0.7,28.9,108.6,0.0,0.0,3.746,2.53,270 65 123 290 224 151 178 229 230 186
lysine,10,glutamic,10,14,7,1,11.809,14.399,0.7,35.0,24.6,8.8861,0.0,3.529,2.266,320 0 162 51
lysine,10,glutamic,10,14,7,2,11.809,14.399,0.7,35.0,24.6,5.3695,0.0,3.685,1.226,321 360 213 292 177 178
lysine,10,glutamic,10,14,7,3,11.809,14.399,0.7,35.0,24.6,1.6291,0.0,2.943,0.914,320 0 209 294 186 183 184 184
lysine,10,glutamic,10,14,7,4,11.809,14.399,0.7,35.0,24.6,0.1517,0.0,3.869,1.572,300 359 213 278 170 175 171 171 331 193
lysine,10,glutamic,10,15,5,1,11.809,11.792,0.7,58.1,109.4,5.0899,0.0,1.342,1.27,46 359 204 246
lysine,10,glutamic,10,15,5,2,11.809,11.792,0.7,58.1,109.4,1.5265,0.0,0.959,0.739,46 359 140 115 172 175
lysine,10,glutamic,10,15,5,3,11.809,11.792,0.7,58.1,109.4,0.0,0.0,1.345,0.873,17 304 288 37 64 199 167 163
lysine,10,glutamic,10,15,5,4,11.809,11.792,0.7,58.1,109.4,0.0,0.0,1.287,2.217,48 322 288 48 73 230 208 118 135 197
lysine,10,glutamic,10,15,6,1,11.809,11.566,0.7,70.2,119.2,4.4924,0.0,1.294,1.282,41 4 199 202
lysine,10,glutamic,10,15,6,2,11.809,11.566,0.7,70.2,119.2,0.8087,0.0,1.02,0.641,44 1 148 139 183 182
lysine,10,glutamic,10,15,6,3,11.809,11.566,0.7,70.2,119.2,0.0,0.0,1.298,0.657,26 331 284 27 64 233 209 165
lysine,10,glutamic,10,15,6,4,11.809,11.566,0.7,70.2,119.2,0.0,0.0,1.215,2.4,45 329 293 42 67 234 211 108 127 201
lysine,10,glutamic,10,15,7,1,11.809,13.752,0.7,64.8,25.2,6.7398,0.0,1.355,1.265,45 1 198 212
lysine,10,glutamic,10,15,7,2,11.809,13.752,0.7,64.8,25.2,3.1639,0.0,1.066,0.401,46 0 144 131 180 180
lysine,10,glutamic,10,15,7,3,11.809,13.752,0.7,64.8,25.2,0.5892,0.0,1.78,0.847,61 358 209 216 172 175 93 145
lysine,10,glutamic,10,15,7,4,11.809,13.752,0.7,64.8,25.2,0.0,0.0,1.511,1.639,53 356 261 203 264 251 212 245 4 170
lysine,10,leucine,13,13,1,1,18.484,17.735,-0.445,86.9,119.2,10.4793,0.0,2.387,2.384,272 52 181 181
lysine,10,leucine,13,13,1,2,18.484,17.735,-0.445,86.9,119.2,6.8009,0.0,2.133,1.802,322 315 178 179 178 178
lysine,10,leucine,13,13,1,3,18.484,17.735,-0.445,86.9,119.2,3.1987,0.0,2.37,1.547,272 51 183 182 193 191 183 182
lysine,10,leucine,13,13,1,4,18.484,17.735,-0.445,86.9,119.2,0.0,0.0,2.725,0.984,269 96 163 219 201 208 208 196 203 186
lysine,10,leucine,13,13,2,1,18.484,19.912,-0.445,84.5,24.5,12.6523,0.0,2.379,2.666,271 47 180 180
lysine,10,leucine,13,13,2,2,18.484,19.912,-0.445,84.5,24.5,8.9893,0.0,2.121,2.016,317 322 177 179 178 178
lysine,10,leucine,13,13,2,3,18.484,19.912,-0.445,84.5,24.5,5.3771,0.0,2.378,1.842,271 47 180 180 180 180 180 180
lysine,10,leucine,13,13,2,4,18.484,19.912,-0.445,84.5,24.5,1.657,0.0,1.46,1.697,319 318 179 180 179 179 179 179 180 180
lysine,10,leucine,13,13,13,1,18.484,18.798,-0.445,89.9,77.6,11.5472,0.0,2.37,1.848,324 301 178 179
lysine,10,leucine,13,13,13,2,18.484,18.798,-0.445,89.9,77.6,7.8517,0.0,2.478,2.64,268 54 179 179 179 179
lysine,10,leucine,13,13,13,3,18.484,18.798,-0.445,89.9,77.6,4.2667,0.0,2.358,1.744,323 303 175 177 162 165 175 176
lysine,10,leucine,13,13,13,4,18.484,18.798,-0.445,89.9,77.6,0.5524,0.0,1.681,1.907,321 305 175 177 173 174 171 174 176 177
lysine,10,leucine,13,14,1,1,18.484,19.191,-0.445,15.0,117.4,14.9151,0.0,3.639,6.09,65 0 179 1
lysine,10,leucine,13,14,1,2,18.484,19.191,-0.445,15.0,117.4,11.3142,0.0,3.471,5.871,66 360 197 332 179 180
lysine,10,leucine,13,14,1,3,18.484,19.191,-0.445,15.0,117.4,7.6661,0.0,3.338,3.985,64 0 174 10 187 184 185 184
lysine,10,leucine,13,14,1,4,18.484,19.191,-0.445,15.0,117.4,4.0307,0.0,3.479,2.005,67 360 196 333 179 179 172 173 179 179
lysine,10,leucine,13,14,2,1,18.484,21.271,-0.445,18.3,28.7,16.6737,0.0,3.807,6.09,72 0 180 1
lysine,10,leucine,13,14,2,2,18.484,21.271,-0.445,18.3,28.7,13.1476,0.0,3.848,6.09,73 360 203 318 179 179
lysine,10,leucine,13,14,2,3,18.484,21.271,-0.445,18.3,28.7,9.4593,0.0,3.842,4.38,72 0 164 31 180 180 180 180
lysine,10,leucine,13,14,2,4,18.484,21.271,-0.445,18.3,28.7,5.883,0.0,3.856,2.895,73 360 202 320 176 178 165 168 176 177
lysine,10,leucine,13,14,13,1,18.484,20.334,-0.445,14.6,73.0,16.0513,0.0,3.869,6.09,91 360 181 359
lysine,10,leucine,13,14,13,2,18.484,20.334,-0.445,14.6,73.0,12.4577,0.0,3.869,6.09,91 0 163 29 181 180
lysine,10,leucine,13,14,13,3,18.484,20.334,-0.445,14.6,73.0,8.7987,0.0,3.869,4.692,92 360 186 349 174 177 176 177
lysine,10,leucine,13,14,13,4,18.484,20.334,-0.445,14.6,73.0,5.1697,0.0,3.698,3.057,90 0 163 29 181 181 189 188 181 181
lysine,10,leucine,13,15,1,1,18.484,17.097,-0.445,111.6,113.4,9.8477,0.0,2.573,3.583,83 261 182 181
lysine,10,leucine,13,15,1,2,18.484,17.097,-0.445,111.6,113.4,6.1856,0.0,2.29,2.954,9 97 186 183 186 186
lysine,10,leucine,13,15,1,3,18.484,17.097,-0.445,111.6,113.4,2.5615,0.0,2.575,1.625,82 260 185 183 197 194 185 184
lysine,10,leucine,13,15,1,4,18.484,17.097,-0.445,111.6,113.4,0.0,0.0,2.561,1.038,104 220 187 132 160 202 188 197 205 182
lysine,10,leucine,13,15,2,1,18.484,19.111,-0.445,115.7,26.8,11.8524,0.0,2.663,3.979,81 254 180 180
lysine,10,leucine,13,15,2,2,18.484,19.111,-0.445,115.7,26.8,8.1762,0.0,2.307,3.238,7 106 180 180 180 180
lysine,10,leucine,13,15,2,3,18.484,19.111,-0.445,115.7,26.8,4.5713,0.0,2.586,2.14,81 254 180 180 183 183 180 180
lysine,10,leucine,13,15,2,4,18.484,19.111,-0.445,115.7,26.8,1.0303,0.0,1.248,1.27,76 256 179 179 167 169 179 179 203 198
lysine,10,leucine,13,15,13,1,18.484,18.118,-0.445,116.8,74.1,10.8542,0.0,2.281,4.064,10 108 180 180
lysine,10,leucine,13,15,13,2,18.484,18.118,-0.445,116.8,74.1,7.1716,0.0,2.752,3.431,84 252 181 180 181 181
lysine,10,leucine,13,15,13,3,18.484,18.118,-0.445,116.8,74.1,3.5521,0.0,2.284,2.501,10 108 180 180 182 182 180 180
lysine,10,leucine,13,15,13,4,18.484,18.118,-0.445,116.8,74.1,0.0314,0.0,1.704,2.831,17 110 175 177 158 163 176 177 214 203
lysine,10,serine,2,13,3,1,12.518,11.994,-0.974,95.6,89.9,4.744,0.0,2.266,0.563,1 289 184 182
lysine,10,serine,2,13,3,2,12.518,11.994,-0.974,95.6,89.9,1.0368,0.0,2.144,0.567,298 65 194 187 190 189
lysine,10,serine,2,13,3,3,12.518,11.994,-0.974,95.6,89.9,0.0,0.0,2.324,0.41,338 60 78 171 270 180 259 350
lysine,10,serine,2,13,3,4,12.518,11.994,-0.974,95.6,89.9,0.0,0.0,1.703,0.539,331 23 59 333 309 125 153 259 237 157
lysine,10,serine,2,13,4,1,12.518,12.435,-0.974,104.5,73.4,5.1726,0.0,2.542,0.89,298 86 182 181
lysine,10,serine,2,13,4,2,12.518,12.435,-0.974,104.5,73.4,1.4702,0.0,2.537,0.658,7 276 184 182 182 182
lysine,10,serine,2,13,4,3,12.518,12.435,-0.974,104.5,73.4,0.0,0.0,2.807,0.51,25 255 206 45 341 250 56 145
lysine,10,serine,2,13,4,4,12.518,12.435,-0.974,104.5,73.4,0.0,0.0,2.717,1.945,34 331 21 142 110 89 139 25 332 119
lysine,10,serine,2,13,5,1,12.518,13.345,-0.974,104.5,32.8,6.0975,0.0,2.544,0.491,2 274 178 179
lysine,10,serine,2,13,5,2,12.518,13.345,-0.974,104.5,32.8,2.3604,0.0,2.518,0.476,292 85 180 180 180 180
lysine,10,serine,2,13,5,3,12.518,13.345,-0.974,104.5,32.8,0.2903,0.0,2.687,1.509,344 263 192 186 188 187 302 202
lysine,10,serine,2,13,5,4,12.518,13.345,-0.974,104.5,32.8,0.0,0.0,2.092,1.008,350 298 121 313 341 136 153 168 308 261
lysine,10,serine,2,14,3,1,12.518,13.636,-0.974,22.6,97.5,8.987,0.0,2.69,2.855,336 360 182 357
lysine,10,serine,2,14,3,2,12.518,13.636,-0.974,22.6,97.5,5.4237,0.0,2.529,1.33,334 0 159 36 184 183
lysine,10,serine,2,14,3,3,12.518,13.636,-0.974,22.6,97.5,1.7017,0.0,2.435,0.604,336 360 193 336 173 176 175 175
lysine,10,serine,2,14,3,4,12.518,13.636,-0.974,22.6,97.5,0.0,0.0,3.869,1.04,312 82 103 277 252 148 166 178 170 174
lysine,10,serine,2,14,4,1,12.518,14.23,-0.974,28.3,75.3,9.1338,0.0,3.496,2.103,316 0 177 8
lysine,10,serine,2,14,4,2,12.518,14.23,-0.974,28.3,75.3,5.6709,0.0,3.628,0.708,318 359 208 308 172 175
lysine,10,serine,2,14,4,3,12.518,14.23,-0.974,28.3,75.3,1.8898,0.0,3.465,0.812,317 360 158 47 178 179 178 178
lysine,10,serine,2,14,4,4,12.518,14.23,-0.974,28.3,75.3,0.0,0.0,3.869,1.909,282 72 114 288 256 166 182 196 194 180
lysine,10,serine,2,14,5,1,12.518,15.241,-0.974,19.4,28.8,10.7679,0.0,3.501,2.101,316 0 180 0
lysine,10,serine,2,14,5,2,12.518,15.241,-0.974,19.4,28.8,7.1879,0.0,3.254,0.923,316 360 198 329 180 180
lysine,10,serine,2,14,5,3,12.518,15.241,-0.974,19.4,28.8,3.5627,0.0,3.195,0.515,313 1 168 21 190 186 188 187
lysine,10,serine,2,14,5,4,12.518,15.241,-0.974,19.4,28.8,0.8184,0.0,3.869,1.551,282 0 180 0 178 178 181 180 250 216
lysine,10,serine,2,15,3,1,12.518,12.432,-0.974,79.2,99.6,5.1988,0.0,1.555,1.081,63 329 174 176
lysine,10,serine,2,15,3,2,12.518,12.432,-0.974,79.2,99.6,1.4558,0.0,1.329,0.695,38 13 186 183 184 183
lysine,10,serine,2,15,3,3,12.518,12.432,-0.974,79.2,99.6,0.0,0.0,1.292,0.544,11 330 284 17 41 202 181 177
lysine,10,serine,2,15,3,4,12.518,12.432,-0.974,79.2,99.6,0.0,0.0,1.263,0.677,14 350 322 38 56 241 209 134 162 201
lysine,10,serine,2,15,4,1,12.518,13.328,-0.974,70.7,65.7,6.1032,0.0,1.501,0.71,51 360 180 180
lysine,10,serine,2,15,4,2,12.518,13.328,-0.974,70.7,65.7,2.6151,0.0,1.432,0.715,46 5 214 213 194 190
lysine,10,serine,2,15,4,3,12.518,13.328,-0.974,70.7,65.7,0.0001,0.0,1.756,0.341,59 360 207 268 153 180 273 204
lysine,10,serine,2,15,4,4,12.518,13.328,-0.974,70.7,65.7,0.0,0.0,1.541,1.891,60 309 274 45 67 219 196 116 131 195
lysine,10,serine,2,15,5,1,12.518,13.977,-0.974,80.5,36.3,6.7606,0.0,1.603,0.972,33 34 185 183
lysine,10,serine,2,15,5,2,12.518,13.977,-0.974,80.5,36.3,3.0087,0.0,1.67,0.646,65 337 180 180 180 180
lysine,10,serine,2,15,5,3,12.518,13.977,-0.974,80.5,36.3,0.4018,0.0,2.062,1.697,33 57 189 185 186 185 89 152
lysine,10,serine,2,15,5,4,12.518,13.977,-0.974,80.5,36.3,0.0,0.0,1.781,2.531,12 66 225 110 358 213 231 210 74 162
aspartic,21,phenylalanine,2,3,12,1,11.146,11.365,0.127,22.7,134.3,6.9341,0.0,2.261,2.698,305 0 179 2
aspartic,21,phenylalanine,2,3,12,2,11.146,11.365,0.127,22.7,134.3,3.2407,0.0,2.239,0.965,306 0 195 335 180 180
aspartic,21,phenylalanine,2,3,12,3,11.146,11.365,0.127,22.7,134.3,0.0,0.0,1.693,0.713,312 24 167 302 190 150 161 167
aspartic,21,phenylalanine,2,3,12,4,11.146,11.365,0.127,22.7,134.3,0.0,0.0,2.661,0.65,270 63 93 286 258 141 160 222 211 171
aspartic,21,phenylalanine,2,3,13,1,11.146,13.027,0.127,26.7,66.0,8.1135,0.0,1.584,1.686,325 360 184 351
aspartic,21,phenylalanine,2,3,13,2,11.146,13.027,0.127,26.7,66.0,4.5645,0.0,1.633,0.222,323 0 155 45 184 182
aspartic,21,phenylalanine,2,3,13,3,11.146,13.027,0.127,26.7,66.0,0.8327,0.0,1.608,0.609,324 0 162 35 181 180 181 180
aspartic,21,phenylalanine,2,3,13,4,11.146,13.027,0.127,26.7,66.0,0.0,0.0,1.929,1.083,2 76 92 261 251 144 182 195 164 153
aspartic,21,phenylalanine,2,3,14,1,11.146,13.67,0.127,26.3,37.0,8.7494,0.0,2.425,2.925,300 0 176 8
aspartic,21,phenylalanine,2,3,14,2,11.146,13.67,0.127,26.3,37.0,5.2151,0.0,2.393,0.45,301 360 205 314 177 178
aspartic,21,phenylalanine,2,3,14,3,11.146,13.67,0.127,26.3,37.0,1.4722,0.0,2.41,0.649,301 0 198 322 182 181 181 181
aspartic,21,phenylalanine,2,3,14,4,11.146,13.67,0.127,26.3,37.0,0.0141,0.0,2.661,1.109,276 354 154 68 127 163 138 139 310 205
aspartic,21,phenylalanine,2,4,12,1,11.146,10.245,0.127,75.5,144.8,3.1248,0.0,1.785,2.106,46 13 195 191
aspartic,21,phenylalanine,2,4,12,2,11.146,10.245,0.127,75.5,144.8,0.0,0.0,1.698,0.884,38 21 188 253 75 187
aspartic,21,phenylalanine,2,4,12,3,11.146,10.245,0.127,75.5,144.8,0.0,0.0,1.983,0.851,72 318 267 8 54 263 243 138
aspartic,21,phenylalanine,2,4,12,4,11.146,10.245,0.127,75.5,144.8,0.0,0.0,2.615,3.069,59 63 13 2 19 238 226 86 112 217
aspartic,21,phenylalanine,2,4,13,1,11.146,11.988,0.127,74.8,69.0,4.7747,0.0,1.695,2.116,56 346 171 173
aspartic,21,phenylalanine,2,4,13,2,11.146,11.988,0.127,74.8,69.0,1.0924,0.0,1.591,1.865,46 1 156 154 184 182
aspartic,21,phenylalanine,2,4,13,3,11.146,11.988,0.127,74.8,69.0,0.0,0.0,1.647,3.407,348 20 249 33 35 172 146 170
aspartic,21,phenylalanine,2,4,13,4,11.146,11.988,0.127,74.8,69.0,0.0,0.0,1.507,3.85,4 355 319 40 63 245 214 140 160 193
aspartic,21,phenylalanine,2,4,14,1,11.146,12.658,0.127,73.7,40.0,5.4508,0.0,1.882,2.116,53 8 188 186
aspartic,21,phenylalanine,2,4,14,2,11.146,12.658,0.127,73.7,40.0,1.7904,0.0,1.94,1.107,60 358 205 208 175 177
aspartic,21,phenylalanine,2,4,14,3,11.146,12.658,0.127,73.7,40.0,0.0092,0.0,2.447,1.008,57 31 200 192 197 194 39 162
aspartic,21,phenylalanine,2,4,14,4,11.146,12.658,0.127,73.7,40.0,0.0,0.0,1.475,0.715,47 346 291 38 53 229 214 132 134 187
aspartic,21,phenylalanine,2,5,12,1,11.146,9.351,0.127,109.7,138.4,2.1122,0.0,2.593,0.891,6 265 179 179
aspartic,21,phenylalanine,2,5,12,2,11.146,9.351,0.127,109.7,138.4,0.0,0.0,1.982,0.5,12 302 143 93 344 231
aspartic,21,phenylalanine,2,5,12,3,11.146,9.351,0.127,109.7,138.4,0.0,0.0,1.96,1.037,19 326 34 348 291 84 120 206
aspartic,21,phenylalanine,2,5,12,4,11.146,9.351,0.127,109.7,138.4,0.0,0.0,1.588,1.953,313 34 72 349 324 101 127 285 251 146
aspartic,21,phenylalanine,2,5,13,1,11.146,11.258,0.127,102.3,58.7,4.0046,0.0,2.378,0.59,10 276 185 183
aspartic,21,phenylalanine,2,5,13,2,11.146,11.258,0.127,102.3,58.7,0.4234,0.0,2.126,0.784,6 289 184 183 213 204
aspartic,21,phenylalanine,2,5,13,3,11.146,11.258,0.127,102.3,58.7,0.0,0.0,2.162,1.25,331 306 250 78 305 350 130 221
aspartic,21,phenylalanine,2,5,13,4,11.146,11.258,0.127,102.3,58.7,0.0,0.0,1.455,1.4,331 19 56 340 313 118 147 270 244 154
aspartic,21,phenylalanine,2,5,14,1,11.146,11.603,0.127,114.5,43.4,4.3567,0.0,2.711,0.735,10 257 175 177
aspartic,21,phenylalanine,2,5,14,2,11.146,11.603,0.127,114.5,43.4,0.762,0.0,2.665,0.604,6 248 173 176 152 158
aspartic,21,phenylalanine,2,5,14,3,11.146,11.603,0.127,114.5,43.4,0.0,0.0,2.659,0.862,5 234 151 85 216 149 61 96
aspartic,21,phenylalanine,2,5,14,4,11.146,11.603,0.127,114.5,43.4,0.0,0.0,2.54,0.751,353 210 172 40 8 298 117 46 200 54
aspartic,21,arginine,3,3,16,1,6.688,7.13,0.02,47.7,109.8,1.3364,0.0,2.661,5.18,261 360 198 320
aspartic,21,arginine,3,3,16,2,6.688,7.13,0.02,47.7,109.8,0.0,0.0,2.661,5.338,259 290 259 264 294 113
aspartic,21,arginine,3,3,16,3,6.688,7.13,0.02,47.7,109.8,0.0,0.0,2.109,4.133,294 46 40 307 288 80 140 247
aspartic,21,arginine,3,3,16,4,6.688,7.13,0.02,47.7,109.8,0.0,0.0,2.056,1.048,13 206 283 284 294 78 82 234 187 131
aspartic,21,arginine,3,3,17,1,6.688,8.343,0.02,47.0,63.5,2.3659,0.0,2.661,5.658,241 360 161 55
aspartic,21,arginine,3,3,17,2,6.688,8.343,0.02,47.0,63.5,0.0,0.0,2.661,5.658,225 74 134 258 255 189
aspartic,21,arginine,3,3,17,3,6.688,8.343,0.02,47.0,63.5,0.0,0.0,1.963,3.974,302 29 73 296 261 115 135 194
aspartic,21,arginine,3,3,17,4,6.688,8.343,0.02,47.0,63.5,0.0,0.0,1.798,3.683,314 10 52 303 269 114 136 233 220 168
aspartic,21,arginine,3,3,18,1,6.688,9.084,0.02,37.2,29.1,3.7282,0.0,2.661,5.148,260 360 192 333
aspartic,21,arginine,3,3,18,2,6.688,9.084,0.02,37.2,29.1,0.7374,0.0,2.661,2.715,288 0 182 348 134 173
aspartic,21,arginine,3,3,18,3,6.688,9.084,0.02,37.2,29.1,0.0,0.0,1.797,1.473,308 24 173 261 197 130 81 132
aspartic,21,arginine,3,3,18,4,6.688,9.084,0.02,37.2,29.1,0.0,0.0,0.977,1.508,8 1 116 293 243 137 119 186 259 228
aspartic,21,arginine,3,4,16,1,6.688,7.007,0.02,52.9,90.5,0.8131,0.0,2.116,4.03,97 359 162 53
aspartic,21,arginine,3,4,16,2,6.688,7.007,0.02,52.9,90.5,0.0,0.0,2.875,4.983,142 7 156 19 77 71
aspartic,21,arginine,3,4,16,3,6.688,7.007,0.02,52.9,90.5,0.0,0.0,2.005,0.622,44 289 222 40 216 336 194 126
aspartic,21,arginine,3,4,16,4,6.688,7.007,0.02,52.9,90.5,0.0,0.0,1.647,1.608,338 146 67 68 81 304 263 113 173 231
aspartic,21,arginine,3,4,17,1,6.688,7.807,0.02,68.5,60.8,0.6844,0.0,2.388,4.697,106 360 163 138
aspartic,21,arginine,3,4,17,2,6.688,7.807,0.02,68.5,60.8,0.0,0.0,2.875,5.836,129 223 313 60 39 193
aspartic,21,arginine,3,4,17,3,6.688,7.807,0.02,68.5,60.8,0.0,0.0,1.735,4.882,158 194 234 136 125 271 250 147
aspartic,21,arginine,3,4,17,4,6.688,7.807,0.02,68.5,60.8,0.0,0.0,1.907,3.642,69 346 354 37 45 297 265 20 90 234
aspartic,21,arginine,3,4,18,1,6.688,8.401,0.02,66.6,34.1,1.3369,0.0,1.335,3.035,87 360 196 225
aspartic,21,arginine,3,4,18,2,6.688,8.401,0.02,66.6,34.1,0.0801,0.0,1.499,1.412,48 346 244 203 358 183
aspartic,21,arginine,3,4,18,3,6.688,8.401,0.02,66.6,34.1,0.0,0.0,0.533,1.221,110 215 234 156 112 279 265 124
aspartic,21,arginine,3,4,18,4,6.688,8.401,0.02,66.6,34.1,0.0,0.0,2.595,1.599,84 55 200 196 198 160 29 128 56 33
aspartic,21,arginine,3,5,16,1,6.688,4.843,0.02,148.9,100.0,0.1059,0.0,2.427,1.754,345 60 309 5
aspartic,21,arginine,3,5,16,2,6.688,4.843,0.02,148.9,100.0,0.0,0.0,2.946,4.939,95 65 322 347 234 292
aspartic,21,arginine,3,5,16,3,6.688,4.843,0.02,148.9,100.0,0.0,0.0,2.946,4.939,157 354 12 294 280 44 84 249
aspartic,21,arginine,3,5,16,4,6.688,4.843,0.02,148.9,100.0,0.0,0.0,1.935,0.541,259 82 168 274 294 94 101 318 245 148
aspartic,21,arginine,3,5,17,1,6.688,5.919,0.02,161.5,60.2,0.6393,0.0,1.889,4.856,271 224 99 23
aspartic,21,arginine,3,5,17,2,6.688,5.919,0.02,161.5,60.2,0.0,0.0,2.644,4.939,208 204 117 269 297 24
aspartic,21,arginine,3,5,17,3,6.688,5.919,0.02,161.5,60.2,0.0,0.0,2.946,4.256,40 160 181 255 353 69 93 292
aspartic,21,arginine,3,5,17,4,6.688,5.919,0.02,161.5,60.2,0.0,0.0,2.483,2.643,342 138 152 284 319 102 89 292 258 121
aspartic,21,arginine,3,5,18,1,6.688,6.652,0.02,142.4,26.4,0.8178,0.0,2.215,1.597,312 75 311 257
aspartic,21,arginine,3,5,18,2,6.688,6.652,0.02,142.4,26.4,0.1323,0.0,1.727,0.677,1 358 47 152 359 270
aspartic,21,arginine,3,5,18,3,6.688,6.652,0.02,142.4,26.4,0.0003,0.0,2.946,2.229,57 128 282 152 47 152 349 276
aspartic,21,arginine,3,5,18,4,6.688,6.652,0.02,142.4,26.4,0.0,0.0,2.506,0.526,24 32 87 40 355 91 120 314 270 133
aspartic,21,lysine,10,3,13,1,7.893,8.453,-0.581,84.4,58.0,1.1646,0.0,1.928,3.415,342 312 179 179
aspartic,21,lysine,10,3,13,2,7.893,8.453,-0.581,84.4,58.0,0.0,0.0,1.148,2.945,23 321 160 275 231 162
aspartic,21,lysine,10,3,13,3,7.893,8.453,-0.581,84.4,58.0,0.0,0.0,1.402,3.994,29 349 60 330 298 32 51 169
aspartic,21,lysine,10,3,13,4,7.893,8.453,-0.581,84.4,58.0,0.0,0.0,1.757,1.253,262 59 108 310 278 111 117 284 259 138
aspartic,21,lysine,10,3,14,1,7.893,8.077,-0.581,100.3,72.4,0.7916,0.0,2.661,4.864,272 82 175 177
aspartic,21,lysine,10,3,14,2,7.893,8.077,-0.581,100.3,72.4,0.0,0.0,0.959,3.559,1 12 43 1 271 156
aspartic,21,lysine,10,3,14,3,7.893,8.077,-0.581,100.3,72.4,0.0,0.0,1.417,4.292,34 338 53 339 282 42 62 205
aspartic,21,lysine,10,3,14,4,7.893,8.077,-0.581,100.3,72.4,0.0,0.0,2.661,5.658,229 258 355 153 99 353 49 337 287 127
aspartic,21,lysine,10,3,15,1,7.893,8.675,-0.581,87.5,48.7,1.4032,0.0,1.936,4.486,270 57 172 175
aspartic,21,lysine,10,3,15,2,7.893,8.675,-0.581,87.5,48.7,0.0,0.0,2.566,5.658,236 55 224 231 301 193
aspartic,21,lysine,10,3,15,3,7.893,8.675,-0.581,87.5,48.7,0.0,0.0,2.661,5.658,235 177 117 194 257 128 129 219
aspartic,21,lysine,10,3,15,4,7.893,8.675,-0.581,87.5,48.7,0.0,0.0,2.661,5.658,197 160 152 228 229 133 143 237 223 164
aspartic,21,lysine,10,4,13,1,7.893,9.892,-0.581,17.1,67.0,6.1112,0.0,1.271,2.133,15 0 180 0
aspartic,21,lysine,10,4,13,2,7.893,9.892,-0.581,17.1,67.0,2.5178,0.0,1.24,0.623,22 359 186 353 154 147
aspartic,21,lysine,10,4,13,3,7.893,9.892,-0.581,17.1,67.0,0.0,0.0,2.549,0.889,349 321 225 61 154 229 205 183
aspartic,21,lysine,10,4,13,4,7.893,9.892,-0.581,17.1,67.0,0.0,0.0,1.587,0.789,34 316 281 59 89 244 221 141 155 192
aspartic,21,lysine,10,4,14,1,7.893,10.006,-0.581,5.9,62.6,7.3493,0.0,2.252,3.717,322 0 180 0
aspartic,21,lysine,10,4,14,2,7.893,10.006,-0.581,5.9,62.6,3.6164,0.0,2.22,2.876,326 360 181 359 154 114
aspartic,21,lysine,10,4,14,3,7.893,10.006,-0.581,5.9,62.6,0.0667,0.0,2.327,3.794,317 360 181 359 141 112 173 176
aspartic,21,lysine,10,4,14,4,7.893,10.006,-0.581,5.9,62.6,0.0,0.0,2.641,5.183,309 54 85 289 262 122 143 211 198 170
aspartic,21,lysine,10,4,15,1,7.893,10.24,-0.581,10.9,53.1,7.0169,0.0,2.321,2.284,71 360 180 360
aspartic,21,lysine,10,4,15,2,7.893,10.24,-0.581,10.9,53.1,3.3119,0.0,0.65,1.751,67 1 178 2 205 227
aspartic,21,lysine,10,4,15,3,7.893,10.24,-0.581,10.9,53.1,0.0,0.0,0.89,2.203,87 355 162 19 226 238 209 207
aspartic,21,lysine,10,4,15,4,7.893,10.24,-0.581,10.9,53.1,0.0,0.0,1.736,2.912,57 309 277 72 97 231 213 145 157 191
aspartic,21,lysine,10,5,13,1,7.893,8.261,-0.581,91.5,59.0,0.9723,0.0,0.806,2.752,8 64 178 179
aspartic,21,lysine,10,5,13,2,7.893,8.261,-0.581,91.5,59.0,0.0,0.0,1.638,0.93,327 70 186 89 105 212
aspartic,21,lysine,10,5,13,3,7.893,8.261,-0.581,91.5,59.0,0.0,0.0,1.403,1.185,328 13 311 29 60 320 293 176
aspartic,21,lysine,10,5,13,4,7.893,8.261,-0.581,91.5,59.0,0.0,0.0,2.91,2.808,101 309 231 35 92 256 256 66 81 232
aspartic,21,lysine,10,5,14,1,7.893,8.328,-0.581,90.7,56.3,1.0396,0.0,2.239,4.493,90 299 179 179
aspartic,21,lysine,10,5,14,2,7.893,8.328,-0.581,90.7,56.3,0.0,0.0,2.946,4.939,128 252 206 85 73 188
aspartic,21,lysine,10,5,14,3,7.893,8.328,-0.581,90.7,56.3,0.0,0.0,2.946,4.939,136 176 275 136 89 218 215 126
aspartic,21,lysine,10,5,14,4,7.893,8.328,-0.581,90.7,56.3,0.0,0.0,2.946,4.939,141 84 21 212 277 11 304 359 57 231
aspartic,21,lysine,10,5,15,1,7.893,8.193,-0.581,106.1,61.7,0.9093,0.0,1.339,4.386,89 268 186 184
aspartic,21,lysine,10,5,15,2,7.893,8.193,-0.581,106.1,61.7,0.0,0.0,2.902,4.939,121 206 220 103 115 212
aspartic,21,lysine,10,5,15,3,7.893,8.193,-0.581,106.1,61.7,0.0,0.0,2.946,4.939,147 195 207 121 121 248 230 156
aspartic,21,lysine,10,5,15,4,7.893,8.193,-0.581,106.1,61.7,0.0,0.0,2.946,4.939,177 221 215 107 95 225 225 130 151 209
aspartic,21,glutamic,15,3,5,1,10.815,10.112,0.925,73.2,137.8,3.0657,0.0,2.661,3.973,285 8 201 200
aspartic,21,glutamic,15,3,5,2,10.815,10.112,0.925,73.2,137.8,0.0,0.0,2.332,3.116,319 319 217 290 85 150
aspartic,21,glutamic,15,3,5,3,10.815,10.112,0.925,73.2,137.8,0.0,0.0,2.621,5.028,302 213 263 162 100 239 24 222
aspartic,21,glutamic,15,3,5,4,10.815,10.112,0.925,73.2,137.8,0.0,0.0,2.661,5.658,206 145 146 225 223 143 150 234 224 167
aspartic,21,glutamic,15,3,6,1,10.815,11.075,0.925,63.2,94.3,4.1376,0.0,2.661,4.617,284 0 158 131
aspartic,21,glutamic,15,3,6,2,10.815,11.075,0.925,63.2,94.3,0.6861,0.0,2.395,3.112,289 355 219 254 149 163
aspartic,21,glutamic,15,3,6,3,10.815,11.075,0.925,63.2,94.3,0.0,0.0,1.302,3.319,325 22 76 316 278 135 157 188
aspartic,21,glutamic,15,3,6,4,10.815,11.075,0.925,63.2,94.3,0.0,0.0,1.899,3.857,307 18 57 309 287 128 147 246 230 162
aspartic,21,glutamic,15,3,7,1,10.815,12.498,0.925,72.2,35.8,5.3549,0.0,2.661,4.554,293 354 167 168
aspartic,21,glutamic,15,3,7,2,10.815,12.498,0.925,72.2,35.8,1.6653,0.0,2.661,4.697,289 359 149 148 178 178
aspartic,21,glutamic,15,3,7,3,10.815,12.498,0.925,72.2,35.8,0.0567,0.0,2.518,5.084,308 308 154 165 154 158 325 197
aspartic,21,glutamic,15,3,7,4,10.815,12.498,0.925,72.2,35.8,0.0,0.0,2.661,5.658,217 140 146 223 215 150 158 220 212 172
aspartic,21,glutamic,15,4,5,1,10.815,11.133,0.925,25.9,125.5,6.4852,0.0,2.546,2.727,78 360 182 357
aspartic,21,glutamic,15,4,5,2,10.815,11.133,0.925,25.9,125.5,2.7997,0.0,2.544,2.007,78 360 160 36 178 179
aspartic,21,glutamic,15,4,5,3,10.815,11.133,0.925,25.9,125.5,0.0,0.0,2.363,2.835,86 310 220 69 145 206 197 185
aspartic,21,glutamic,15,4,5,4,10.815,11.133,0.925,25.9,125.5,0.0,0.0,2.875,5.428,125 287 267 76 114 219 192 127 144 193
aspartic,21,glutamic,15,4,6,1,10.815,11.64,0.925,37.9,103.4,6.0631,0.0,2.686,2.796,82 0 198 310
aspartic,21,glutamic,15,4,6,2,10.815,11.64,0.925,37.9,103.4,2.5698,0.0,2.627,1.855,80 1 148 64 191 187
aspartic,21,glutamic,15,4,6,3,10.815,11.64,0.925,37.9,103.4,0.0,0.0,1.962,2.75,68 339 229 65 86 207 203 199
aspartic,21,glutamic,15,4,6,4,10.815,11.64,0.925,37.9,103.4,0.0,0.0,1.497,0.972,24 329 291 63 87 235 216 161 173 190
aspartic,21,glutamic,15,4,7,1,10.815,13.42,0.925,29.9,27.6,8.2753,0.0,2.682,2.904,82 360 190 335
aspartic,21,glutamic,15,4,7,2,10.815,13.42,0.925,29.9,27.6,4.7432,0.0,2.667,2.041,82 0 152 54 182 181
aspartic,21,glutamic,15,4,7,3,10.815,13.42,0.925,29.9,27.6,1.1358,0.0,2.875,2.822,90 1 152 53 188 185 201 197
aspartic,21,glutamic,15,4,7,4,10.815,13.42,0.925,29.9,27.6,0.047,0.0,2.875,5.279,116 1 149 63 192 187 205 200 11 174
aspartic,21,glutamic,15,5,5,1,10.815,8.916,0.925,120.4,125.2,1.6592,0.0,2.577,3.062,357 116 175 177
aspartic,21,glutamic,15,5,5,2,10.815,8.916,0.925,120.4,125.2,0.0,0.0,2.543,2.828,35 28 25 269 119 303
aspartic,21,glutamic,15,5,5,3,10.815,8.916,0.925,120.4,125.2,0.0,0.0,2.946,4.939,131 188 191 128 129 248 232 159
aspartic,21,glutamic,15,5,5,4,10.815,8.916,0.925,120.4,125.2,0.0,0.0,2.501,2.862,48 299 269 9 32 265 232 77 111 210
aspartic,21,glutamic,15,5,6,1,10.815,9.389,0.925,132.0,104.3,2.1118,0.0,2.946,3.768,59 227 177 178
aspartic,21,glutamic,15,5,6,2,10.815,9.389,0.925,132.0,104.3,0.0,0.0,2.474,1.809,338 78 264 332 46 169
aspartic,21,glutamic,15,5,6,3,10.815,9.389,0.925,132.0,104.3,0.0,0.0,2.946,4.939,114 177 179 127 143 257 238 166
aspartic,21,glutamic,15,5,6,4,10.815,9.389,0.925,132.0,104.3,0.0,0.0,1.716,0.512,346 316 273 324 9 285 234 4 62 209
aspartic,21,glutamic,15,5,7,1,10.815,11.149,0.925,126.3,31.5,3.887,0.0,2.575,3.175,357 124 180 180
aspartic,21,glutamic,15,5,7,2,10.815,11.149,0.925,126.3,31.5,0.8085,0.0,2.946,4.598,78 231 151 167 117 140
aspartic,21,glutamic,15,5,7,3,10.815,11.149,0.925,126.3,31.5,0.0005,0.0,2.946,4.939,105 214 168 168 119 177 294 249
aspartic,21,glutamic,15,5,7,4,10.815,11.149,0.925,126.3,31.5,0.0,0.0,2.365,3.289,42 2 316 13 27 221 224 94 102 225
aspartic,21,isoleucine,8,3,4,1,8.931,11.656,0.465,31.9,17.6,6.4586,0.0,1.292,1.074,334 0 171 22
aspartic,21,isoleucine,8,3,4,2,8.931,11.656,0.465,31.9,17.6,2.9424,0.0,1.27,0.683,335 359 208 308 170 174
aspartic,21,isoleucine,8,3,4,3,8.931,11.656,0.465,31.9,17.6,0.4967,0.0,1.757,1.118,319 2 142 81 198 191 276 213
aspartic,21,isoleucine,8,3,4,4,8.931,11.656,0.465,31.9,17.6,0.0,0.0,2.208,1.673,327 302 249 220 293 220 96 111 347 240
aspartic,21,isoleucine,8,3,5,1,8.931,9.353,0.465,35.2,120.2,4.1346,0.0,1.497,1.482,327 0 171 20
aspartic,21,isoleucine,8,3,5,2,8.931,9.353,0.465,35.2,120.2,0.5606,0.0,1.36,0.567,332 359 206 314 167 172
aspartic,21,isoleucine,8,3,5,3,8.931,9.353,0.465,35.2,120.2,0.0,0.0,2.661,0.121,255 37 142 346 200 107 168 220
aspartic,21,isoleucine,8,3,5,4,8.931,9.353,0.465,35.2,120.2,0.0,0.0,2.541,0.513,280 54 92 289 264 129 145 245 236 166
aspartic,21,isoleucine,8,3,6,1,8.931,10.031,0.465,22.3,92.3,5.8128,0.0,1.114,0.946,340 360 180 359
aspartic,21,isoleucine,8,3,6,2,8.931,10.031,0.465,22.3,92.3,1.9913,0.0,1.112,0.679,340 360 191 343 179 179
aspartic,21,isoleucine,8,3,6,3,8.931,10.031,0.465,22.3,92.3,0.0,0.0,2.661,1.114,266 26 173 349 158 123 170 196
aspartic,21,isoleucine,8,3,6,4,8.931,10.031,0.465,22.3,92.3,0.0,0.0,2.661,0.265,254 74 119 275 224 137 165 235 231 182
aspartic,21,isoleucine,8,4,4,1,8.931,10.793,0.465,70.7,12.7,3.6622,0.0,1.419,2.103,38 2 196 201
aspartic,21,isoleucine,8,4,4,2,8.931,10.793,0.465,70.7,12.7,0.9664,0.0,1.972,1.339,61 359 179 179 271 209
aspartic,21,isoleucine,8,4,4,3,8.931,10.793,0.465,70.7,12.7,0.1931,0.0,2.497,0.467,74 5 183 182 259 211 1 179
aspartic,21,isoleucine,8,4,4,4,8.931,10.793,0.465,70.7,12.7,0.0,0.0,1.937,1.129,54 9 231 8 56 229 270 167 71 160
aspartic,21,isoleucine,8,4,5,1,8.931,8.738,0.465,62.7,107.2,1.8779,0.0,1.455,1.838,41 359 203 246
aspartic,21,isoleucine,8,4,5,2,8.931,8.738,0.465,62.7,107.2,0.0,0.0,1.927,1.137,35 297 281 19 36 178
aspartic,21,isoleucine,8,4,5,3,8.931,8.738,0.465,62.7,107.2,0.0,0.0,2.371,0.608,32 256 348 52 86 278 148 62
aspartic,21,isoleucine,8,4,5,4,8.931,8.738,0.465,62.7,107.2,0.0,0.0,1.352,0.575,41 342 305 39 65 257 234 86 114 209
aspartic,21,isoleucine,8,4,6,1,8.931,8.801,0.465,78.8,104.7,1.6317,0.0,1.471,2.556,22 27 201 196
aspartic,21,isoleucine,8,4,6,2,8.931,8.801,0.465,78.8,104.7,0.0,0.0,2.004,2.091,21 303 303 351 29 170
aspartic,21,isoleucine,8,4,6,3,8.931,8.801,0.465,78.8,104.7,0.0,0.0,2.85,3.231,315 337 270 70 163 260 181 214
aspartic,21,isoleucine,8,4,6,4,8.931,8.801,0.465,78.8,104.7,0.0,0.0,1.547,0.2,50 349 306 20 51 266 249 60 102 225
aspartic,21,isoleucine,8,5,4,1,8.931,10.15,0.465,94.7,24.2,2.9315,0.0,2.045,0.57,306 66 190 186
aspartic,21,isoleucine,8,5,4,2,8.931,10.15,0.465,94.7,24.2,0.6086,0.0,2.926,0.881,26 253 185 183 71 150
aspartic,21,isoleucine,8,5,4,3,8.931,10.15,0.465,94.7,24.2,0.0,0.0,2.51,1.892,321 162 120 137 282 277 297 193
aspartic,21,isoleucine,8,5,4,4,8.931,10.15,0.465,94.7,24.2,0.0,0.0,2.036,0.684,320 325 29 11 342 121 126 240 247 160
aspartic,21,isoleucine,8,5,5,1,8.931,7.866,0.465,95.3,122.2,0.5852,0.0,2.075,0.708,310 68 186 184
aspartic,21,isoleucine,8,5,5,2,8.931,7.866,0.465,95.3,122.2,0.0,0.0,2.922,0.427,25 162 297 333 329 206
aspartic,21,isoleucine,8,5,5,3,8.931,7.866,0.465,95.3,122.2,0.0,0.0,2.501,0.833,2 41 358 340 304 121 87 358
aspartic,21,isoleucine,8,5,5,4,8.931,7.866,0.465,95.3,122.2,0.0,0.0,2.946,1.043,261 272 3 98 100 55 37 40 3 111
aspartic,21,isoleucine,8,5,6,1,8.931,8.419,0.465,93.0,98.6,1.1323,0.0,2.067,0.967,2 292 183 182
aspartic,21,isoleucine,8,5,6,2,8.931,8.419,0.465,93.0,98.6,0.0,0.0,2.355,1.135,7 26 51 344 316 163
aspartic,21,isoleucine,8,5,6,3,8.931,8.419,0.465,93.0,98.6,0.0,0.0,2.643,1.442,4 71 350 247 332 36 234 55
aspartic,21,isoleucine,8,5,6,4,8.931,8.419,0.465,93.0,98.6,0.0,0.0,1.855,2.963,295 34 89 358 316 70 99 320 267 131
aspartic,21,leucine,12,3,1,1,10.999,12.378,-0.583,45.7,73.3,6.2853,0.0,2.661,4.146,285 360 204 281
aspartic,21,leucine,12,3,1,2,10.999,12.378,-0.583,45.7,73.3,2.7321,0.0,1.262,3.105,285 0 142 87 181 181
aspartic,21,leucine,12,3,1,3,10.999,12.378,-0.583,45.7,73.3,0.0,0.0,1.448,2.317,328 317 164 27 256 200 200 190
aspartic,21,leucine,12,3,1,4,10.999,12.378,-0.583,45.7,73.3,0.0,0.0,1.018,3.28,337 28 66 302 277 128 149 199 186 169
aspartic,21,leucine,12,3,2,1,10.999,11.377,-0.583,38.4,111.7,5.8409,0.0,2.661,4.57,271 1 160 49
aspartic,21,leucine,12,3,2,2,10.999,11.377,-0.583,38.4,111.7,2.2137,0.0,1.612,2.925,272 0 214 290 183 182
aspartic,21,leucine,12,3,2,3,10.999,11.377,-0.583,38.4,111.7,0.0,0.0,1.413,1.806,305 39 117 291 289 179 197 163
aspartic,21,leucine,12,3,2,4,10.999,11.377,-0.583,38.4,111.7,0.0,0.0,2.661,2.383,267 52 79 296 263 138 162 245 226 164
aspartic,21,leucine,12,3,13,1,10.999,13.404,-0.583,45.0,24.4,7.334,0.0,2.661,4.83,271 360 156 82
aspartic,21,leucine,12,3,13,2,10.999,13.404,-0.583,45.0,24.4,3.7966,0.0,1.213,3.713,271 360 217 273 177 178
aspartic,21,leucine,12,3,13,3,10.999,13.404,-0.583,45.0,24.4,0.7728,0.0,1.811,4.117,250 4 225 251 201 194 117 146
aspartic,21,leucine,12,3,13,4,10.999,13.404,-0.583,45.0,24.4,0.0,0.0,2.661,3.807,249 358 206 167 283 194 128 130 34 209
aspartic,21,leucine,12,4,1,1,10.999,12.179,-0.583,54.6,69.9,5.6129,0.0,2.372,2.39,72 0 155 106
aspartic,21,leucine,12,4,1,2,10.999,12.179,-0.583,54.6,69.9,2.057,0.0,2.129,1.448,73 360 221 255 179 179
aspartic,21,leucine,12,4,1,3,10.999,12.179,-0.583,54.6,69.9,0.0,0.0,1.339,0.659,14 24 233 318 134 168 148 170
aspartic,21,leucine,12,4,1,4,10.999,12.179,-0.583,54.6,69.9,0.0,0.0,2.186,0.656,354 333 288 73 100 232 198 169 185 191
aspartic,21,leucine,12,4,2,1,10.999,10.812,-0.583,63.6,124.3,3.9823,0.0,2.625,2.785,81 358 153 132
aspartic,21,leucine,12,4,2,2,10.999,10.812,-0.583,63.6,124.3,0.3473,0.0,2.607,2.054,82 358 216 244 167 173
aspartic,21,leucine,12,4,2,3,10.999,10.812,-0.583,63.6,124.3,0.0,0.0,1.56,2.453,54 334 289 33 74 239 216 162
aspartic,21,leucine,12,4,2,4,10.999,10.812,-0.583,63.6,124.3,0.0,0.0,2.095,2.079,74 332 311 34 63 251 215 119 134 195
aspartic,21,leucine,12,4,13,1,10.999,13.052,-0.583,60.4,29.4,6.2362,0.0,2.699,2.857,82 1 204 230
aspartic,21,leucine,12,4,13,2,10.999,13.052,-0.583,60.4,29.4,2.6426,0.0,2.706,1.72,83 0 141 119 183 182
aspartic,21,leucine,12,4,13,3,10.999,13.052,-0.583,60.4,29.4,0.3145,0.0,2.875,2.091,85 11 213 206 198 194 67 152
aspartic,21,leucine,12,4,13,4,10.999,13.052,-0.583,60.4,29.4,0.0,0.0,2.875,3.178,139 245 226 141 148 193 190 120 117 182
aspartic,21,leucine,12,5,1,1,10.999,10.306,-0.583,130.6,67.0,3.0704,0.0,2.519,1.916,319 134 170 173
aspartic,21,leucine,12,5,1,2,10.999,10.306,-0.583,130.6,67.0,0.0,0.0,1.647,0.907,325 100 203 199 96 127
aspartic,21,leucine,12,5,1,3,10.999,10.306,-0.583,130.6,67.0,0.0,0.0,2.492,0.498,11 128 14 128 294 13 135 195
aspartic,21,leucine,12,5,1,4,10.999,10.306,-0.583,130.6,67.0,0.0,0.0,2.297,0.497,317 107 125 317 296 103 132 287 275 159
aspartic,21,leucine,12,5,2,1,10.999,9.068,-0.583,136.0,114.9,1.808,0.0,2.445,2.169,11 216 187 184
aspartic,21,leucine,12,5,2,2,10.999,9.068,-0.583,136.0,114.9,0.0,0.0,2.561,2.574,300 208 151 251 154 68
aspartic,21,leucine,12,5,2,3,10.999,9.068,-0.583,136.0,114.9,0.0,0.0,2.897,1.29,277 127 122 313 304 85 149 251
aspartic,21,leucine,12,5,2,4,10.999,9.068,-0.583,136.0,114.9,0.0,0.0,1.77,1.214,344 27 73 10 336 103 132 296 262 146
aspartic,21,leucine,12,5,13,1,10.999,11.129,-0.583,141.9,28.4,3.8691,0.0,2.023,2.823,9 203 180 180
aspartic,21,leucine,12,5,13,2,10.999,11.129,-0.583,141.9,28.4,0.8204,0.0,2.483,2.629,319 178 175 174 251 204
aspartic,21,leucine,12,5,13,3,10.999,11.129,-0.583,141.9,28.4,0.0,0.0,2.943,2.133,283 176 195 209 220 173 40 155
aspartic,21,leucine,12,5,13,4,10.999,11.129,-0.583,141.9,28.4,0.0,0.0,2.946,1.533,201 167 173 249 244 149 161 232 219 170
aspartic,21,serine,32,3,3,1,8.861,8.865,-0.371,63.1,103.3,1.9698,0.0,0.888,1.625,351 360 204 241
aspartic,21,serine,32,3,3,2,8.861,8.865,-0.371,63.1,103.3,0.0,0.0,1.713,2.501,46 301 163 91 119 165
aspartic,21,serine,32,3,3,3,8.861,8.865,-0.371,63.1,103.3,0.0,0.0,2.503,0.797,289 310 255 31 178 10 289 116
aspartic,21,serine,32,3,3,4,8.861,8.865,-0.371,63.1,103.3,0.0,0.0,2.224,0.422,291 69 100 288 264 117 138 280 255 154
aspartic,21,serine,32,3,4,1,8.861,8.838,-0.371,76.6,104.3,1.7965,0.0,0.997,2.357,0 337 151 156
aspartic,21,serine,32,3,4,2,8.861,8.838,-0.371,76.6,104.3,0.0,0.0,1.605,1.837,1 48 73 352 329 147
aspartic,21,serine,32,3,4,3,8.861,8.838,-0.371,76.6,104.3,0.0,0.0,2.367,3.757,317 235 267 157 125 34 117 196
aspartic,21,serine,32,3,4,4,8.861,8.838,-0.371,76.6,104.3,0.0,0.0,1.195,3.199,332 11 53 345 315 95 123 270 241 151
aspartic,21,serine,32,3,5,1,8.861,10.846,-0.371,68.2,8.4,3.8196,0.0,1.016,1.945,343 2 201 212
aspartic,21,serine,32,3,5,2,8.861,10.846,-0.371,68.2,8.4,1.0424,0.0,1.163,2.666,336 44 172 175 271 215
aspartic,21,serine,32,3,5,3,8.861,10.846,-0.371,68.2,8.4,0.2827,0.0,1.728,3.964,338 75 161 169 262 217 355 188
aspartic,21,serine,32,3,5,4,8.861,10.846,-0.371,68.2,8.4,0.0,0.0,1.84,4.075,8 285 139 73 230 148 46 160 340 213
aspartic,21,serine,32,4,3,1,8.861,9.116,-0.371,53.0,115.6,2.8584,0.0,1.461,2.638,4 359 152 89
aspartic,21,serine,32,4,3,2,8.861,9.116,-0.371,53.0,115.6,0.0,0.0,1.833,1.589,2 335 232 10 64 195
aspartic,21,serine,32,4,3,3,8.861,9.116,-0.371,53.0,115.6,0.0,0.0,2.315,0.971,8 197 346 62 90 120 261 67
aspartic,21,serine,32,4,3,4,8.861,9.116,-0.371,53.0,115.6,0.0,0.0,2.875,0.509,116 359 165 331 153 37 135 109 225 336
aspartic,21,serine,32,4,4,1,8.861,9.739,-0.371,39.4,90.5,4.2098,0.0,1.73,2.317,353 1 163 40
aspartic,21,serine,32,4,4,2,8.861,9.739,-0.371,39.4,90.5,0.6046,0.0,1.698,1.733,354 360 147 64 180 180
aspartic,21,serine,32,4,4,3,8.861,9.739,-0.371,39.4,90.5,0.0,0.0,1.494,2.797,16 35 83 316 264 113 147 193
aspartic,21,serine,32,4,4,4,8.861,9.739,-0.371,39.4,90.5,0.0,0.0,1.654,3.936,346 30 69 320 283 107 137 237 218 164
aspartic,21,serine,32,4,5,1,8.861,11.355,-0.371,47.2,13.4,5.2576,0.0,1.454,2.552,4 359 155 84
aspartic,21,serine,32,4,5,2,8.861,11.355,-0.371,47.2,13.4,1.6569,0.0,1.456,2.258,4 360 219 273 178 179
aspartic,21,serine,32,4,5,3,8.861,11.355,-0.371,47.2,13.4,0.2918,0.0,1.52,4.114,14 339 142 148 130 151 334 198
aspartic,21,serine,32,4,5,4,8.861,11.355,-0.371,47.2,13.4,0.0,0.0,2.619,5.064,310 42 238 233 279 195 273 233 23 182
aspartic,21,serine,32,5,3,1,8.861,8.771,-0.371,66.7,100.8,1.7041,0.0,1.92,0.55,7 0 160 135
aspartic,21,serine,32,5,3,2,8.861,8.771,-0.371,66.7,100.8,0.0,0.0,2.57,0.664,0 267 261 136 117 179
aspartic,21,serine,32,5,3,3,8.861,8.771,-0.371,66.7,100.8,0.0,0.0,2.883,2.598,62 20 158 240 247 72 25 126
aspartic,21,serine,32,5,3,4,8.861,8.771,-0.371,66.7,100.8,0.0,0.0,2.722,2.572,49 309 273 53 80 253 229 82 107 206
aspartic,21,serine,32,5,4,1,8.861,9.011,-0.371,70.1,91.6,1.8132,0.0,2.314,1.114,22 1 195 204
aspartic,21,serine,32,5,4,2,8.861,9.011,-0.371,70.1,91.6,0.0,0.0,1.552,1.16,358 338 265 10 45 202
aspartic,21,serine,32,5,4,3,8.861,9.011,-0.371,70.1,91.6,0.0,0.0,2.946,1.847,68 281 181 264 25 78 350 75
aspartic,21,serine,32,5,4,4,8.861,9.011,-0.371,70.1,91.6,0.0,0.0,2.192,2.122,17 358 317 17 48 264 236 99 125 206
aspartic,21,serine,32,5,5,1,8.861,10.702,-0.371,73.7,6.0,3.5364,0.0,2.097,0.325,15 357 170 169
aspartic,21,serine,32,5,5,2,8.861,10.702,-0.371,73.7,6.0,1.0593,0.0,1.59,1.094,341 20 173 176 84 145
aspartic,21,serine,32,5,5,3,8.861,10.702,-0.371,73.7,6.0,0.3197,0.0,2.494,0.699,17 272 214 199 92 140 9 163
aspartic,21,serine,32,5,5,4,8.861,10.702,-0.371,73.7,6.0,0.0,0.0,2.575,2.358,357 72 222 281 112 232 314 182 21 161
aspartic,21,tryptophan,5,3,16,1,8.842,9.789,-0.947,56.0,77.4,3.2183,0.0,0.882,2.138,3 0 154 100
aspartic,21,tryptophan,5,3,16,2,8.842,9.789,-0.947,56.0,77.4,0.0,0.0,1.14,2.067,7 322 182 118 149 183
aspartic,21,tryptophan,5,3,16,3,8.842,9.789,-0.947,56.0,77.4,0.0,0.0,2.026,2.408,346 257 255 95 215 207 227 75
aspartic,21,tryptophan,5,3,16,4,8.842,9.789,-0.947,56.0,77.4,0.0,0.0,0.898,2.664,81 332 215 343 196 282 174 110 42 143
aspartic,21,tryptophan,5,3,17,1,8.842,10.325,-0.947,51.0,56.8,4.0362,0.0,1.1,3.035,20 359 205 276
aspartic,21,tryptophan,5,3,17,2,8.842,10.325,-0.947,51.0,56.8,0.6438,0.0,1.048,3.86,30 358 209 287 146 165
aspartic,21,tryptophan,5,3,17,3,8.842,10.325,-0.947,51.0,56.8,0.0,0.0,1.758,5.484,75 314 222 34 111 229 238 194
aspartic,21,tryptophan,5,3,17,4,8.842,10.325,-0.947,51.0,56.8,0.0,0.0,1.425,4.278,37 322 287 45 73 245 219 118 138 198
aspartic,21,tryptophan,5,3,18,1,8.842,10.481,-0.947,64.2,50.2,3.599,0.0,1.079,3.348,12 3 205 222
aspartic,21,tryptophan,5,3,18,2,8.842,10.481,-0.947,64.2,50.2,0.323,0.0,0.438,3.681,359 22 215 210 243 211
aspartic,21,tryptophan,5,3,18,3,8.842,10.481,-0.947,64.2,50.2,0.0,0.0,1.269,4.894,12 117 107 189 233 36 256 143
aspartic,21,tryptophan,5,3,18,4,8.842,10.481,-0.947,64.2,50.2,0.0,0.0,1.084,3.938,22 336 297 29 59 252 223 116 136 199
aspartic,21,tryptophan,5,4,16,1,8.842,9.539,-0.947,65.9,71.5,2.4833,0.0,0.679,3.362,3 360 199 224
aspartic,21,tryptophan,5,4,16,2,8.842,9.539,-0.947,65.9,71.5,0.0,0.0,0.848,2.529,18 7 165 128 303 151
aspartic,21,tryptophan,5,4,16,3,8.842,9.539,-0.947,65.9,71.5,0.0,0.0,1.033,1.603,28 345 218 166 304 82 8 66
aspartic,21,tryptophan,5,4,16,4,8.842,9.539,-0.947,65.9,71.5,0.0,0.0,1.13,4.634,341 36 293 214 235 301 198 107 59 95
aspartic,21,tryptophan,5,4,17,1,8.842,9.564,-0.947,80.7,70.6,2.353,0.0,0.918,4.005,340 34 195 191
aspartic,21,tryptophan,5,4,17,2,8.842,9.564,-0.947,80.7,70.6,0.0,0.0,1.294,4.876,331 53 218 173 283 275
aspartic,21,tryptophan,5,4,17,3,8.842,9.564,-0.947,80.7,70.6,0.0,0.0,1.025,4.561,345 29 253 137 285 110 19 62
aspartic,21,tryptophan,5,4,17,4,8.842,9.564,-0.947,80.7,70.6,0.0,0.0,2.875,5.883,302 220 360 107 172 2 30 319 279 193
aspartic,21,tryptophan,5,4,18,1,8.842,10.263,-0.947,72.6,41.3,3.0347,0.0,0.702,3.635,354 355 169 169
aspartic,21,tryptophan,5,4,18,2,8.842,10.263,-0.947,72.6,41.3,0.354,0.0,0.431,4.294,326 8 182 181 84 149
aspartic,21,tryptophan,5,4,18,3,8.842,10.263,-0.947,72.6,41.3,0.0,0.0,1.013,4.599,9 330 118 204 102 195 354 267
aspartic,21,tryptophan,5,4,18,4,8.842,10.263,-0.947,72.6,41.3,0.0,0.0,0.905,4.475,351 6 53 352 310 98 130 243 233 167
aspartic,21,tryptophan,5,5,16,1,8.842,9.616,-0.947,63.0,86.2,2.7937,0.0,1.551,1.161,351 2 207 233
aspartic,21,tryptophan,5,5,16,2,8.842,9.616,-0.947,63.0,86.2,0.0,0.0,2.385,0.929,30 291 178 77 199 186
aspartic,21,tryptophan,5,5,16,3,8.842,9.616,-0.947,63.0,86.2,0.0,0.0,1.961,0.511,16 342 109 205 93 215 322 269
aspartic,21,tryptophan,5,5,16,4,8.842,9.616,-0.947,63.0,86.2,0.0,0.0,1.821,1.045,358 10 53 341 303 98 129 249 231 162
aspartic,21,tryptophan,5,5,17,1,8.842,10.187,-0.947,56.8,64.8,3.5653,0.0,1.392,1.308,340 360 154 106
aspartic,21,tryptophan,5,5,17,2,8.842,10.187,-0.947,56.8,64.8,0.0945,0.0,0.914,1.631,334 358 150 118 152 168
aspartic,21,tryptophan,5,5,17,3,8.842,10.187,-0.947,56.8,64.8,0.0,0.0,1.63,0.518,1 23 73 331 280 104 142 198
aspartic,21,tryptophan,5,5,17,4,8.842,10.187,-0.947,56.8,64.8,0.0,0.0,1.774,0.973,355 13 50 336 304 97 129 237 213 160
aspartic,21,tryptophan,5,5,18,1,8.842,10.809,-0.947,50.8,37.2,4.5187,0.0,1.608,1.234,355 360 206 272
aspartic,21,tryptophan,5,5,18,2,8.842,10.809,-0.947,50.8,37.2,1.0216,0.0,1.759,0.81,2 359 213 273 168 174
aspartic,21,tryptophan,5,5,18,3,8.842,10.809,-0.947,50.8,37.2,0.0011,0.0,2.29,1.369,27 356 217 274 176 183 358 175
aspartic,21,tryptophan,5,5,18,4,8.842,10.809,-0.947,50.8,37.2,0.0,0.0,1.745,3.653,297 358 180 9 192 197 67 163 2 172
aspartic,21,glutamic,10,3,5,1,7.492,8.302,-0.98,21.2,111.6,4.472,0.0,1.583,3.653,30 0 180 0
aspartic,21,glutamic,10,3,5,2,7.492,8.302,-0.98,21.2,111.6,1.0283,0.0,1.994,4.186,42 359 184 356 143 126
aspartic,21,glutamic,10,3,5,3,7.492,8.302,-0.98,21.2,111.6,0.0,0.0,1.445,4.248,36 308 267 63 102 251 223 162
aspartic,21,glutamic,10,3,5,4,7.492,8.302,-0.98,21.2,111.6,0.0,0.0,1.539,4.402,41 324 289 58 86 249 225 121 140 197
aspartic,21,glutamic,10,3,6,1,7.492,9.22,-0.98,10.7,76.2,6.2381,0.0,0.941,0.985,348 0 180 0
aspartic,21,glutamic,10,3,6,2,7.492,9.22,-0.98,10.7,76.2,2.4869,0.0,0.892,0.981,351 360 181 359 154 116
aspartic,21,glutamic,10,3,6,3,7.492,9.22,-0.98,10.7,76.2,0.0,0.0,1.655,0.828,22 18 129 339 195 102 172 199
aspartic,21,glutamic,10,3,6,4,7.492,9.22,-0.98,10.7,76.2,0.0,0.0,1.098,0.645,343 38 75 311 275 98 128 218 199 166
aspartic,21,glutamic,10,3,7,1,7.492,10.402,-0.98,14.8,20.0,6.7605,0.0,2.137,4.733,46 360 180 360
aspartic,21,glutamic,10,3,7,2,7.492,10.402,-0.98,14.8,20.0,3.1149,0.0,2.075,4.555,44 1 175 5 202 211
aspartic,21,glutamic,10,3,7,3,7.492,10.402,-0.98,14.8,20.0,0.3416,0.0,2.578,5.48,58 1 152 48 189 186 278 211
aspartic,21,glutamic,10,3,7,4,7.492,10.402,-0.98,14.8,20.0,0.0,0.0,0.943,2.241,4 338 204 120 112 183 239 157 84 152
aspartic,21,glutamic,10,4,5,1,7.492,6.612,-0.98,94.3,102.5,0.0,0.0,1.47,4.706,4 131 103 230
aspartic,21,glutamic,10,4,5,2,7.492,6.612,-0.98,94.3,102.5,0.0,0.0,2.06,5.13,342 294 356 30 91 255
aspartic,21,glutamic,10,4,5,3,7.492,6.612,-0.98,94.3,102.5,0.0,0.0,2.85,5.411,313 321 33 296 164 25 189 244
aspartic,21,glutamic,10,4,5,4,7.492,6.612,-0.98,94.3,102.5,0.0,0.0,2.0,0.802,97 308 234 50 66 284 273 16 108 277
aspartic,21,glutamic,10,4,6,1,7.492,7.582,-0.98,89.5,66.1,0.4798,0.0,0.644,3.055,81 322 132 150
aspartic,21,glutamic,10,4,6,2,7.492,7.582,-0.98,89.5,66.1,0.0,0.0,1.657,2.347,117 328 145 253 247 109
aspartic,21,glutamic,10,4,6,3,7.492,7.582,-0.98,89.5,66.1,0.0,0.0,1.626,2.227,47 201 71 339 64 81 64 60
aspartic,21,glutamic,10,4,6,4,7.492,7.582,-0.98,89.5,66.1,0.0,0.0,1.499,1.456,70 351 305 357 20 275 258 68 110 229
aspartic,21,glutamic,10,4,7,1,7.492,8.445,-0.98,103.7,26.1,1.1925,0.0,1.49,4.425,0 92 166 172
aspartic,21,glutamic,10,4,7,2,7.492,8.445,-0.98,103.7,26.1,0.2518,0.0,2.669,5.75,342 160 109 153 355 186
aspartic,21,glutamic,10,4,7,3,7.492,8.445,-0.98,103.7,26.1,0.0,0.0,1.855,4.589,339 25 310 69 27 241 327 210
aspartic,21,glutamic,10,4,7,4,7.492,8.445,-0.98,103.7,26.1,0.0,0.0,1.64,3.76,68 6 324 351 8 249 247 116 95 231
aspartic,21,glutamic,10,5,5,1,7.492,7.149,-0.98,74.4,97.0,0.1364,0.0,1.432,1.795,335 346 134 127
aspartic,21,glutamic,10,5,5,2,7.492,7.149,-0.98,74.4,97.0,0.0,0.0,2.535,0.566,10 38 85 278 246 150
aspartic,21,glutamic,10,5,5,3,7.492,7.149,-0.98,74.4,97.0,0.0,0.0,1.83,4.328,215 330 262 36 130 52 235 239
aspartic,21,glutamic,10,5,5,4,7.492,7.149,-0.98,74.4,97.0,0.0,0.0,1.517,3.916,276 46 78 312 302 98 101 300 247 118
aspartic,21,glutamic,10,5,6,1,7.492,7.47,-0.98,93.7,85.0,0.2399,0.0,1.094,1.626,348 300 160 165
aspartic,21,glutamic,10,5,6,2,7.492,7.47,-0.98,93.7,85.0,0.0,0.0,2.472,0.928,11 32 83 263 235 156
aspartic,21,glutamic,10,5,6,3,7.492,7.47,-0.98,93.7,85.0,0.0,0.0,1.691,0.668,24 3 64 184 336 19 297 290
aspartic,21,glutamic,10,5,6,4,7.492,7.47,-0.98,93.7,85.0,0.0,0.0,1.203,2.742,294 354 46 10 346 106 102 275 236 118
aspartic,21,glutamic,10,5,7,1,7.492,8.991,-0.98,82.9,10.6,1.7045,0.0,0.86,3.343,281 44 179 179
aspartic,21,glutamic,10,5,7,2,7.492,8.991,-0.98,82.9,10.6,0.6358,0.0,1.375,4.939,253 22 222 204 12 172
aspartic,21,glutamic,10,5,7,3,7.492,8.991,-0.98,82.9,10.6,0.018,0.0,2.486,4.939,242 24 193 191 52 157 2 180
aspartic,21,glutamic,10,5,7,4,7.492,8.991,-0.98,82.9,10.6,0.0,0.0,2.946,4.939,205 36 224 80 33 166 125 32 91 239
aspartic,21,leucine,13,3,1,1,17.728,17.872,-0.438,29.7,135.6,12.6043,0.0,2.661,5.658,245 0 165 40
aspartic,21,leucine,13,3,1,2,17.728,17.872,-0.438,29.7,135.6,9.074,0.0,2.661,4.558,245 0 212 296 181 181
aspartic,21,leucine,13,3,1,3,17.728,17.872,-0.438,29.7,135.6,5.4449,0.0,2.661,1.62,244 1 152 59 189 185 188 188
aspartic,21,leucine,13,3,1,4,17.728,17.872,-0.438,29.7,135.6,1.7777,0.0,2.661,0.474,245 0 212 295 183 182 193 191 183 182
aspartic,21,leucine,13,3,2,1,17.728,19.973,-0.438,32.6,48.5,14.4584,0.0,2.661,5.658,240 0 162 55
aspartic,21,leucine,13,3,2,2,17.728,19.973,-0.438,32.6,48.5,10.9487,0.0,2.661,5.201,240 360 215 287 179 180
aspartic,21,leucine,13,3,2,3,17.728,19.973,-0.438,32.6,48.5,7.2673,0.0,2.661,2.261,240 0 150 69 181 181 181 181
aspartic,21,leucine,13,3,2,4,17.728,19.973,-0.438,32.6,48.5,3.6471,0.0,2.661,1.598,240 360 215 287 179 179 171 172 179 179
aspartic,21,leucine,13,3,13,1,17.728,19.808,-0.438,31.8,56.0,14.3445,0.0,2.661,5.658,254 360 198 308
aspartic,21,leucine,13,3,13,2,17.728,19.808,-0.438,31.8,56.0,10.8321,0.0,2.661,4.935,253 0 146 71 180 180
aspartic,21,leucine,13,3,13,3,17.728,19.808,-0.438,31.8,56.0,7.153,0.0,2.661,1.817,254 360 210 293 178 179 178 178
aspartic,21,leucine,13,3,13,4,17.728,19.808,-0.438,31.8,56.0,3.5279,0.0,2.661,1.125,253 0 145 71 181 180 187 186 181 180
aspartic,21,leucine,13,4,1,1,17.728,16.607,-0.438,85.6,142.1,9.365,0.0,2.875,3.857,111 311 178 179
aspartic,21,leucine,13,4,1,2,17.728,16.607,-0.438,85.6,142.1,5.6877,0.0,2.678,1.868,63 42 180 180 180 180
aspartic,21,leucine,13,4,1,3,17.728,16.607,-0.438,85.6,142.1,2.1292,0.0,2.875,0.612,110 314 172 175 163 166 171 174
aspartic,21,leucine,13,4,1,4,17.728,16.607,-0.438,85.6,142.1,0.0,0.0,2.506,1.628,134 244 209 137 150 167 164 145 137 174
aspartic,21,leucine,13,4,2,1,17.728,18.724,-0.438,86.8,52.7,11.4758,0.0,2.637,3.543,60 52 182 181
aspartic,21,leucine,13,4,2,2,17.728,18.724,-0.438,86.8,52.7,7.7807,0.0,2.875,2.236,111 315 181 180 181 181
aspartic,21,leucine,13,4,2,3,17.728,18.724,-0.438,86.8,52.7,4.198,0.0,2.652,0.478,61 50 186 184 198 195 186 184
aspartic,21,leucine,13,4,2,4,17.728,18.724,-0.438,86.8,52.7,0.5815,0.0,2.292,1.103,62 53 192 187 200 196 193 189 198 194
aspartic,21,leucine,13,4,13,1,17.728,18.691,-0.438,81.5,54.2,11.4295,0.0,2.875,3.509,105 321 179 180
aspartic,21,leucine,13,4,13,2,17.728,18.691,-0.438,81.5,54.2,7.769,0.0,2.717,1.75,68 28 185 183 184 184
aspartic,21,leucine,13,4,13,3,17.728,18.691,-0.438,81.5,54.2,4.1332,0.0,2.875,0.75,105 321 179 180 173 174 179 179
aspartic,21,leucine,13,4,13,4,17.728,18.691,-0.438,81.5,54.2,0.5249,0.0,2.372,1.143,100 324 180 180 179 180 180 180 161 165
aspartic,21,leucine,13,5,1,1,17.728,15.39,-0.438,138.0,134.8,8.1597,0.0,2.472,2.298,335 213 183 182
aspartic,21,leucine,13,5,1,2,17.728,15.39,-0.438,138.0,134.8,4.4733,0.0,2.923,0.962,284 153 182 181 182 182
aspartic,21,leucine,13,5,1,3,17.728,15.39,-0.438,138.0,134.8,0.9064,0.0,2.472,0.58,333 208 194 189 201 197 194 190
aspartic,21,leucine,13,5,1,4,17.728,15.39,-0.438,138.0,134.8,0.0,0.0,2.503,1.36,212 170 168 236 240 175 187 207 190 163
aspartic,21,leucine,13,5,2,1,17.728,17.477,-0.438,141.7,48.5,10.2207,0.0,2.489,2.735,325 205 181 181
aspartic,21,leucine,13,5,2,2,17.728,17.477,-0.438,141.7,48.5,6.5492,0.0,2.861,1.635,288 166 175 177 176 177
aspartic,21,leucine,13,5,2,3,17.728,17.477,-0.438,141.7,48.5,2.907,0.0,2.489,0.619,325 205 182 181 191 190 182 181
aspartic,21,leucine,13,5,2,4,17.728,17.477,-0.438,141.7,48.5,0.1634,0.0,2.295,1.229,311 208 177 178 161 164 177 178 263 213
aspartic,21,leucine,13,5,13,1,17.728,17.339,-0.438,139.3,54.8,10.0875,0.0,2.901,2.603,286 149 178 179
aspartic,21,leucine,13,5,13,2,17.728,17.339,-0.438,139.3,54.8,6.3966,0.0,2.473,0.86,332 203 182 181 181 181
aspartic,21,leucine,13,5,13,3,17.728,17.339,-0.438,139.3,54.8,2.7739,0.0,2.892,0.602,286 150 177 178 165 168 177 178
aspartic,21,leucine,13,5,13,4,17.728,17.339,-0.438,139.3,54.8,0.0272,0.0,2.375,0.729,291 137 182 181 195 193 182 181 95 147
aspartic,21,serine,2,3,3,1,9.863,10.622,0.465,8.0,115.2,7.6435,0.0,2.661,3.353,292 0 180 0
aspartic,21,serine,2,3,3,2,9.863,10.622,0.465,8.0,115.2,3.9148,0.0,2.613,1.15,295 360 180 360 156 125
aspartic,21,serine,2,3,3,3,9.863,10.622,0.465,8.0,115.2,0.4582,0.0,2.661,1.04,271 360 181 359 226 246 175 176
aspartic,21,serine,2,3,3,4,9.863,10.622,0.465,8.0,115.2,0.0,0.0,2.239,0.987,289 58 90 283 256 134 152 212 202 172
aspartic,21,serine,2,3,4,1,9.863,11.137,0.465,12.1,94.5,7.6618,0.0,1.004,2.287,10 360 180 360
aspartic,21,serine,2,3,4,2,9.863,11.137,0.465,12.1,94.5,3.9594,0.0,0.933,2.013,6 0 178 1 201 215
aspartic,21,serine,2,3,4,3,9.863,11.137,0.465,12.1,94.5,0.4725,0.0,1.42,2.976,25 359 185 355 135 132 167 170
aspartic,21,serine,2,3,4,4,9.863,11.137,0.465,12.1,94.5,0.0,0.0,1.703,4.395,35 286 283 79 89 243 220 168 190 196
aspartic,21,serine,2,3,5,1,9.863,12.847,0.465,10.1,12.6,9.3631,0.0,1.599,1.713,324 0 180 0
aspartic,21,serine,2,3,5,2,9.863,12.847,0.465,10.1,12.6,5.6956,0.0,1.606,0.708,324 360 181 359 162 152
aspartic,21,serine,2,3,5,3,9.863,12.847,0.465,10.1,12.6,2.0612,0.0,1.599,0.784,324 360 180 360 216 225 180 180
aspartic,21,serine,2,3,5,4,9.863,12.847,0.465,10.1,12.6,0.3977,0.0,2.661,0.958,271 358 195 337 150 160 159 163 303 205
aspartic,21,serine,2,4,3,1,9.863,8.949,0.465,91.2,117.6,1.6826,0.0,2.204,3.291,28 60 185 183
aspartic,21,serine,2,4,3,2,9.863,8.949,0.465,91.2,117.6,0.0,0.0,2.875,3.282,102 204 238 131 150 227
aspartic,21,serine,2,4,3,3,9.863,8.949,0.465,91.2,117.6,0.0,0.0,2.875,3.027,124 197 203 136 134 266 258 162
aspartic,21,serine,2,4,3,4,9.863,8.949,0.465,91.2,117.6,0.0,0.0,2.875,2.913,156 192 199 133 132 233 224 129 144 196
aspartic,21,serine,2,4,4,1,9.863,9.385,0.465,95.2,99.3,2.1235,0.0,2.265,3.629,78 292 173 176
aspartic,21,serine,2,4,4,2,9.863,9.385,0.465,95.2,99.3,0.0,0.0,2.44,4.253,349 94 194 342 88 208
aspartic,21,serine,2,4,4,3,9.863,9.385,0.465,95.2,99.3,0.0,0.0,2.189,0.607,73 345 167 10 55 31 54 86
aspartic,21,serine,2,4,4,4,9.863,9.385,0.465,95.2,99.3,0.0,0.0,2.498,3.886,63 25 334 358 21 237 236 99 129 234
aspartic,21,serine,2,4,5,1,9.863,11.195,0.465,91.7,18.0,3.9752,0.0,2.109,3.251,23 61 185 183
aspartic,21,serine,2,4,5,2,9.863,11.195,0.465,91.7,18.0,0.9899,0.0,2.351,3.187,24 97 160 167 255 216
aspartic,21,serine,2,4,5,3,9.863,11.195,0.465,91.7,18.0,0.1681,0.0,2.875,3.468,110 258 152 165 115 143 348 191
aspartic,21,serine,2,4,5,4,9.863,11.195,0.465,91.7,18.0,0.0,0.0,2.875,2.124,138 215 208 142 143 206 205 113 113 188
aspartic,21,serine,2,5,3,1,9.863,8.577,0.465,105.6,122.3,1.3236,0.0,2.505,1.789,347 274 171 175
aspartic,21,serine,2,5,3,2,9.863,8.577,0.465,105.6,122.3,0.0,0.0,2.915,1.698,285 258 3 51 323 153
aspartic,21,serine,2,5,3,3,9.863,8.577,0.465,105.6,122.3,0.0,0.0,2.946,3.28,212 133 132 268 271 122 134 205
aspartic,21,serine,2,5,3,4,9.863,8.577,0.465,105.6,122.3,0.0,0.0,2.946,3.055,195 137 139 247 256 141 145 246 229 156
aspartic,21,serine,2,5,4,1,9.863,9.494,0.465,91.1,85.0,2.2084,0.0,2.097,1.795,344 297 182 181
aspartic,21,serine,2,5,4,2,9.863,9.494,0.465,91.1,85.0,0.0,0.0,1.694,1.414,353 316 139 16 352 214
aspartic,21,serine,2,5,4,3,9.863,9.494,0.465,91.1,85.0,0.0,0.0,2.946,4.496,234 72 213 210 283 22 319 255
aspartic,21,serine,2,5,4,4,9.863,9.494,0.465,91.1,85.0,0.0,0.0,2.946,3.694,236 322 0 32 19 101 141 336 301 138
aspartic,21,serine,2,5,5,1,9.863,10.911,0.465,102.6,19.6,3.6861,0.0,2.419,1.762,349 278 175 177
aspartic,21,serine,2,5,5,2,9.863,10.911,0.465,102.6,19.6,0.8857,0.0,2.946,1.383,267 105 194 188 260 215
aspartic,21,serine,2,5,5,3,9.863,10.911,0.465,102.6,19.6,0.0767,0.0,2.946,1.214,259 133 188 185 254 215 2 177
aspartic,21,serine,2,5,5,4,9.863,10.911,0.465,102.6,19.6,0.0,0.0,2.946,3.507,221 151 160 219 219 154 151 246 248 171
glutamic,15,phenylalanine,2,5,12,1,8.731,9.354,-0.249,68.8,85.0,2.2938,0.0,1.793,0.917,58 4 203 213
glutamic,15,phenylalanine,2,5,12,2,8.731,9.354,-0.249,68.8,85.0,0.0,0.0,1.595,0.816,30 34 205 17 22 158
glutamic,15,phenylalanine,2,5,12,3,8.731,9.354,-0.249,68.8,85.0,0.0,0.0,1.784,0.477,1 326 306 66 98 234 189 144
glutamic,15,phenylalanine,2,5,12,4,8.731,9.354,-0.249,68.8,85.0,0.0,0.0,2.074,1.253,57 68 17 356 13 244 237 78 107 220
glutamic,15,phenylalanine,2,5,13,1,8.731,10.379,-0.249,64.9,44.3,3.407,0.0,1.523,1.266,51 358 157 138
glutamic,15,phenylalanine,2,5,13,2,8.731,10.379,-0.249,64.9,44.3,0.3396,0.0,0.585,1.727,44 347 171 172 95 150
glutamic,15,phenylalanine,2,5,13,3,8.731,10.379,-0.249,64.9,44.3,0.0,0.0,1.458,3.29,327 49 181 61 162 176 278 216
glutamic,15,phenylalanine,2,5,13,4,8.731,10.379,-0.249,64.9,44.3,0.0,0.0,1.344,0.655,359 7 314 20 56 277 245 138 146 187
glutamic,15,phenylalanine,2,5,14,1,8.731,10.072,-0.249,55.0,57.8,3.5689,0.0,1.825,1.375,62 359 205 265
glutamic,15,phenylalanine,2,5,14,2,8.731,10.072,-0.249,55.0,57.8,0.4787,0.0,1.42,2.242,77 0 196 306 115 165
glutamic,15,phenylalanine,2,5,14,3,8.731,10.072,-0.249,55.0,57.8,0.0,0.0,2.352,1.56,110 305 242 38 92 238 236 170
glutamic,15,phenylalanine,2,5,14,4,8.731,10.072,-0.249,55.0,57.8,0.0,0.0,1.53,0.874,58 331 294 52 77 239 220 102 120 201
glutamic,15,phenylalanine,2,6,12,1,8.731,8.142,-0.249,115.8,82.5,0.971,0.0,1.393,2.456,14 244 203 197
glutamic,15,phenylalanine,2,6,12,2,8.731,8.142,-0.249,115.8,82.5,0.0,0.0,2.042,1.621,17 133 290 1 303 187
glutamic,15,phenylalanine,2,6,12,3,8.731,8.142,-0.249,115.8,82.5,0.0,0.0,2.713,0.935,64 315 54 347 229 121 117 228
glutamic,15,phenylalanine,2,6,12,4,8.731,8.142,-0.249,115.8,82.5,0.0,0.0,0.512,1.083,310 32 75 2 334 91 118 291 250 141
glutamic,15,phenylalanine,2,6,13,1,8.731,9.337,-0.249,104.3,32.4,2.0496,0.0,0.465,3.009,19 273 181 181
glutamic,15,phenylalanine,2,6,13,2,8.731,9.337,-0.249,104.3,32.4,0.3995,0.0,0.83,1.325,297 21 244 228 33 153
glutamic,15,phenylalanine,2,6,13,3,8.731,9.337,-0.249,104.3,32.4,0.0,0.0,1.653,1.061,294 8 189 80 193 80 99 84
glutamic,15,phenylalanine,2,6,13,4,8.731,9.337,-0.249,104.3,32.4,0.0,0.0,1.163,4.014,20 317 359 206 134 48 89 120 28 118
glutamic,15,phenylalanine,2,6,14,1,8.731,8.501,-0.249,116.2,69.3,1.2822,0.0,1.241,2.487,308 113 164 169
glutamic,15,phenylalanine,2,6,14,2,8.731,8.501,-0.249,116.2,69.3,0.0,0.0,2.138,1.813,49 304 103 263 9 217
glutamic,15,phenylalanine,2,6,14,3,8.731,8.501,-0.249,116.2,69.3,0.0,0.0,2.537,1.001,265 192 160 325 173 314 149 123
glutamic,15,phenylalanine,2,6,14,4,8.731,8.501,-0.249,116.2,69.3,0.0,0.0,0.965,3.864,340 54 148 5 304 110 102 285 257 135
glutamic,15,phenylalanine,2,7,12,1,8.731,10.263,-0.249,26.2,75.6,5.6405,0.0,2.995,5.359,289 1 176 6
glutamic,15,phenylalanine,2,7,12,2,8.731,10.263,-0.249,26.2,75.6,1.9548,0.0,0.782,3.111,290 0 201 325 182 181
glutamic,15,phenylalanine,2,7,12,3,8.731,10.263,-0.249,26.2,75.6,0.0,0.0,2.387,1.461,262 55 121 300 237 139 153 181
glutamic,15,phenylalanine,2,7,12,4,8.731,10.263,-0.249,26.2,75.6,0.0,0.0,3.197,0.874,291 45 78 292 266 132 151 234 221 167
glutamic,15,phenylalanine,2,7,13,1,8.731,11.104,-0.249,31.2,40.6,5.9874,0.0,2.606,5.898,316 360 188 343
glutamic,15,phenylalanine,2,7,13,2,8.731,11.104,-0.249,31.2,40.6,2.4125,0.0,1.046,4.104,314 0 152 50 183 182
glutamic,15,phenylalanine,2,7,13,3,8.731,11.104,-0.249,31.2,40.6,0.1139,0.0,1.394,5.137,351 356 142 82 150 164 278 217
glutamic,15,phenylalanine,2,7,13,4,8.731,11.104,-0.249,31.2,40.6,0.0,0.0,1.618,5.367,45 25 111 281 239 141 151 197 222 195
glutamic,15,phenylalanine,2,7,14,1,8.731,10.411,-0.249,39.4,70.0,4.796,0.0,2.808,5.613,298 360 163 47
glutamic,15,phenylalanine,2,7,14,2,8.731,10.411,-0.249,39.4,70.0,1.2589,0.0,1.618,3.585,300 359 213 297 169 173
glutamic,15,phenylalanine,2,7,14,3,8.731,10.411,-0.249,39.4,70.0,0.0,0.0,1.665,2.15,341 22 108 298 254 141 140 158
glutamic,15,phenylalanine,2,7,14,4,8.731,10.411,-0.249,39.4,70.0,0.0,0.0,2.639,0.938,292 44 74 297 273 130 150 245 228 162
glutamic,15,arginine,3,5,16,1,7.53,6.029,0.325,96.4,147.9,0.0735,0.0,1.859,1.809,70 342 315 264
glutamic,15,arginine,3,5,16,2,7.53,6.029,0.325,96.4,147.9,0.0,0.0,3.015,5.136,129 113 32 96 8 340
glutamic,15,arginine,3,5,16,3,7.53,6.029,0.325,96.4,147.9,0.0,0.0,3.015,5.157,196 177 228 118 101 280 250 133
glutamic,15,arginine,3,5,16,4,7.53,6.029,0.325,96.4,147.9,0.0,0.0,3.015,4.135,187 173 193 137 120 251 250 107 128 210
glutamic,15,arginine,3,5,17,1,7.53,8.069,0.325,90.1,57.8,0.7831,0.0,3.015,4.683,142 298 184 182
glutamic,15,arginine,3,5,17,2,7.53,8.069,0.325,90.1,57.8,0.0,0.0,3.015,5.253,174 213 236 102 102 193
glutamic,15,arginine,3,5,17,3,7.53,8.069,0.325,90.1,57.8,0.0,0.0,3.015,5.253,181 183 220 132 129 267 244 151
glutamic,15,arginine,3,5,17,4,7.53,8.069,0.325,90.1,57.8,0.0,0.0,3.015,5.253,185 180 207 154 140 236 230 108 127 202
glutamic,15,arginine,3,5,18,1,7.53,7.325,0.325,78.7,85.7,0.3743,0.0,2.275,2.244,69 20 232 232
glutamic,15,arginine,3,5,18,2,7.53,7.325,0.325,78.7,85.7,0.0,0.0,1.383,0.332,48 344 250 163 66 255
glutamic,15,arginine,3,5,18,3,7.53,7.325,0.325,78.7,85.7,0.0,0.0,3.015,3.625,180 244 266 70 85 267 219 127
glutamic,15,arginine,3,5,18,4,7.53,7.325,0.325,78.7,85.7,0.0,0.0,3.015,3.095,153 288 288 54 55 258 244 94 129 218
glutamic,15,arginine,3,6,16,1,7.53,5.364,0.325,126.0,124.3,0.0,0.0,2.713,4.723,221 206 63 34
glutamic,15,arginine,3,6,16,2,7.53,5.364,0.325,126.0,124.3,0.0,0.0,2.713,5.216,181 214 72 299 250 55
glutamic,15,arginine,3,6,16,3,7.53,5.364,0.325,126.0,124.3,0.0,0.0,2.713,5.216,148 207 102 239 273 90 150 259
glutamic,15,arginine,3,6,16,4,7.53,5.364,0.325,126.0,124.3,0.0,0.0,2.713,0.874,66 261 153 288 310 344 138 349 144 114
glutamic,15,arginine,3,6,17,1,7.53,6.941,0.325,143.1,61.5,0.2572,0.0,2.713,5.07,230 197 96 117
glutamic,15,arginine,3,6,17,2,7.53,6.941,0.325,143.1,61.5,0.0,0.0,2.713,5.216,184 206 86 296 281 91
glutamic,15,arginine,3,6,17,3,7.53,6.941,0.325,143.1,61.5,0.0,0.0,2.713,3.587,155 230 135 238 277 49 89 242
glutamic,15,arginine,3,6,17,4,7.53,6.941,0.325,143.1,61.5,0.0,0.0,2.713,4.165,172 224 185 214 235 103 109 258 234 152
glutamic,15,arginine,3,6,18,1,7.53,5.907,0.325,142.6,100.0,0.0,0.0,1.227,1.552,284 77 319 272
glutamic,15,arginine,3,6,18,2,7.53,5.907,0.325,142.6,100.0,0.0,0.0,0.73,0.722,339 22 50 225 255 49
glutamic,15,arginine,3,6,18,3,7.53,5.907,0.325,142.6,100.0,0.0,0.0,2.713,3.099,154 227 120 261 301 21 105 263
glutamic,15,arginine,3,6,18,4,7.53,5.907,0.325,142.6,100.0,0.0,0.0,2.713,0.816,69 217 193 190 269 137 91 300 260 104
glutamic,15,arginine,3,7,16,1,7.53,7.609,0.325,33.2,133.5,2.9082,0.0,3.897,6.263,200 1 174 7
glutamic,15,arginine,3,7,16,2,7.53,7.609,0.325,33.2,133.5,0.0,0.0,3.897,5.22,198 49 118 325 233 135
glutamic,15,arginine,3,7,16,3,7.53,7.609,0.325,33.2,133.5,0.0,0.0,3.897,5.188,259 45 72 293 255 107 142 207
glutamic,15,arginine,3,7,16,4,7.53,7.609,0.325,33.2,133.5,0.0,0.0,2.087,2.224,338 45 77 298 263 81 111 214 194 166
glutamic,15,arginine,3,7,17,1,7.53,9.246,0.325,44.0,65.9,3.4228,0.0,3.897,6.547,213 360 161 57
glutamic,15,arginine,3,7,17,2,7.53,9.246,0.325,44.0,65.9,0.0001,0.0,3.897,5.273,193 11 218 289 186 180
glutamic,15,arginine,3,7,17,3,7.53,9.246,0.325,44.0,65.9,0.0,0.0,3.897,4.459,272 54 92 271 232 134 162 196
glutamic,15,arginine,3,7,17,4,7.53,9.246,0.325,44.0,65.9,0.0,0.0,3.81,4.49,296 17 60 300 264 116 137 216 207 174
glutamic,15,arginine,3,7,18,1,7.53,8.382,0.325,35.1,98.2,3.2775,0.0,3.897,6.032,233 359 187 349
glutamic,15,arginine,3,7,18,2,7.53,8.382,0.325,35.1,98.2,0.0,0.0,3.897,3.424,233 31 164 292 232 189
glutamic,15,arginine,3,7,18,3,7.53,8.382,0.325,35.1,98.2,0.0,0.0,3.897,3.147,293 51 90 275 244 125 144 192
glutamic,15,arginine,3,7,18,4,7.53,8.382,0.325,35.1,98.2,0.0,0.0,3.816,3.119,296 20 57 301 268 115 138 234 218 166
glutamic,15,lysine,10,5,13,1,5.603,4.375,-0.23,138.5,71.4,0.4736,0.0,2.559,4.814,337 349 356 354
glutamic,15,lysine,10,5,13,2,5.603,4.375,-0.23,138.5,71.4,0.0,0.0,2.102,1.245,52 31 11 113 50 349
glutamic,15,lysine,10,5,13,3,5.603,4.375,-0.23,138.5,71.4,0.0,0.0,1.707,1.174,55 26 339 173 62 77 43 8
glutamic,15,lysine,10,5,13,4,5.603,4.375,-0.23,138.5,71.4,0.0,0.0,0.672,0.902,145 304 80 356 222 173 316 115 28 56
glutamic,15,lysine,10,5,14,1,5.603,5.385,-0.23,161.9,31.0,1.1425,0.0,3.015,5.253,309 258 73 14
glutamic,15,lysine,10,5,14,2,5.603,5.385,-0.23,161.9,31.0,0.0,0.0,3.015,5.253,279 251 86 182 343 14
glutamic,15,lysine,10,5,14,3,5.603,5.385,-0.23,161.9,31.0,0.0,0.0,3.015,4.865,118 131 197 288 293 67 135 269
glutamic,15,lysine,10,5,14,4,5.603,5.385,-0.23,161.9,31.0,0.0,0.0,0.949,2.263,15 148 158 312 327 104 50 275 278 90
glutamic,15,lysine,10,5,15,1,5.603,2.949,-0.23,165.4,133.2,2.2844,0.0,3.015,5.253,306 313 30 1
glutamic,15,lysine,10,5,15,2,5.603,2.949,-0.23,165.4,133.2,0.945,0.0,2.829,5.253,149 355 360 354 188 360
glutamic,15,lysine,10,5,15,3,5.603,2.949,-0.23,165.4,133.2,0.0,0.0,3.015,5.253,142 343 336 197 2 329 212 99
glutamic,15,lysine,10,5,15,4,5.603,2.949,-0.23,165.4,133.2,0.0,0.0,2.297,3.592,109 328 314 298 325 51 63 336 255 83
glutamic,15,lysine,10,6,13,1,5.603,6.585,-0.23,45.2,77.2,1.0031,0.0,0.778,3.03,270 1 175 5
glutamic,15,lysine,10,6,13,2,5.603,6.585,-0.23,45.2,77.2,0.0,0.0,0.658,1.144,304 69 87 292 229 116
glutamic,15,lysine,10,6,13,3,5.603,6.585,-0.23,45.2,77.2,0.0,0.0,1.13,0.621,354 12 78 315 262 74 91 189
glutamic,15,lysine,10,6,13,4,5.603,6.585,-0.23,45.2,77.2,0.0,0.0,1.359,2.116,347 269 318 261 251 87 86 257 237 153
glutamic,15,lysine,10,6,14,1,5.603,7.75,-0.23,49.5,26.8,1.6501,0.0,1.186,4.474,246 0 196 307
glutamic,15,lysine,10,6,14,2,5.603,7.75,-0.23,49.5,26.8,0.3196,0.0,2.713,5.216,210 337 246 257 318 234
glutamic,15,lysine,10,6,14,3,5.603,7.75,-0.23,49.5,26.8,0.0,0.0,2.713,5.114,201 104 56 121 143 191 312 306
glutamic,15,lysine,10,6,14,4,5.603,7.75,-0.23,49.5,26.8,0.0,0.0,1.689,3.161,270 357 68 316 286 114 104 260 268 165
glutamic,15,lysine,10,6,15,1,5.603,5.33,-0.23,47.7,130.0,0.8924,0.0,2.161,4.805,241 347 197 0
glutamic,15,lysine,10,6,15,2,5.603,5.33,-0.23,47.7,130.0,0.0,0.0,2.498,5.216,199 207 16 326 181 96
glutamic,15,lysine,10,6,15,3,5.603,5.33,-0.23,47.7,130.0,0.0,0.0,1.447,1.903,291 104 7 269 261 54 221 312
glutamic,15,lysine,10,6,15,4,5.603,5.33,-0.23,47.7,130.0,0.0,0.0,0.303,1.347,324 27 26 287 243 75 170 297 222 152
glutamic,15,lysine,10,7,13,1,5.603,6.498,-0.23,49.0,79.7,0.6423,0.0,3.838,5.801,88 358 191 346
glutamic,15,lysine,10,7,13,2,5.603,6.498,-0.23,49.0,79.7,0.0,0.0,3.897,5.641,54 295 290 56 113 248
glutamic,15,lysine,10,7,13,3,5.603,6.498,-0.23,49.0,79.7,0.0,0.0,3.456,5.711,8 345 290 52 96 278 257 165
glutamic,15,lysine,10,7,13,4,5.603,6.498,-0.23,49.0,79.7,0.0,0.0,1.751,2.574,19 88 40 108 113 269 271 99 121 210
glutamic,15,lysine,10,7,14,1,5.603,7.445,-0.23,61.8,42.6,0.7923,0.0,3.897,6.882,102 6 159 95
glutamic,15,lysine,10,7,14,2,5.603,7.445,-0.23,61.8,42.6,0.0,0.0,3.897,7.136,85 279 295 129 41 199
glutamic,15,lysine,10,7,14,3,5.603,7.445,-0.23,61.8,42.6,0.0,0.0,3.823,7.049,57 336 321 45 67 282 241 137
glutamic,15,lysine,10,7,14,4,5.603,7.445,-0.23,61.8,42.6,0.0,0.0,3.897,6.928,72 358 326 44 78 266 231 81 118 219
glutamic,15,lysine,10,7,15,1,5.603,5.056,-0.23,58.3,147.8,0.6332,0.0,3.888,6.477,107 307 264 351
glutamic,15,lysine,10,7,15,2,5.603,5.056,-0.23,58.3,147.8,0.0,0.0,3.897,6.561,60 285 316 53 120 297
glutamic,15,lysine,10,7,15,3,5.603,5.056,-0.23,58.3,147.8,0.0,0.0,3.63,6.936,17 324 310 72 99 282 228 133
glutamic,15,lysine,10,7,15,4,5.603,5.056,-0.23,58.3,147.8,0.0,0.0,3.491,7.025,17 4 328 61 93 265 234 102 130 202
glutamic,15,aspartic,21,5,3,1,10.815,10.112,0.925,137.8,73.2,2.8318,0.0,2.551,2.965,53 145 182 181
glutamic,15,aspartic,21,5,3,2,10.815,10.112,0.925,137.8,73.2,0.0,0.0,2.999,5.17,130 187 186 140 153 202
glutamic,15,aspartic,21,5,3,3,10.815,10.112,0.925,137.8,73.2,0.0,0.0,3.015,5.253,173 169 198 141 130 235 213 151
glutamic,15,aspartic,21,5,3,4,10.815,10.112,0.925,137.8,73.2,0.0,0.0,2.31,5.005,196 148 186 139 118 249 235 140 175 211
glutamic,15,aspartic,21,5,4,1,10.815,11.133,0.925,125.5,25.9,3.9213,0.0,2.484,2.562,45 124 172 175
glutamic,15,aspartic,21,5,4,2,10.815,11.133,0.925,125.5,25.9,0.8398,0.0,2.055,2.85,122 262 183 182 249 214
glutamic,15,aspartic,21,5,4,3,10.815,11.133,0.925,125.5,25.9,0.0,0.0,2.287,2.48,119 297 173 173 252 215 349 209
glutamic,15,aspartic,21,5,4,4,10.815,11.133,0.925,125.5,25.9,0.0,0.0,3.015,4.951,178 238 198 109 83 176 243 155 82 208
glutamic,15,aspartic,21,5,5,1,10.815,8.916,0.925,125.2,120.4,1.656,0.0,2.531,2.77,51 124 174 176
glutamic,15,aspartic,21,5,5,2,10.815,8.916,0.925,125.2,120.4,0.0,0.0,3.015,5.253,155 189 207 119 128 206
glutamic,15,aspartic,21,5,5,3,10.815,8.916,0.925,125.2,120.4,0.0,0.0,3.015,5.253,181 172 201 132 130 249 229 155
glutamic,15,aspartic,21,5,5,4,10.815,8.916,0.925,125.2,120.4,0.0,0.0,3.015,5.253,202 175 209 145 128 223 208 98 123 203
glutamic,15,aspartic,21,6,3,1,10.815,11.075,0.925,94.3,63.2,3.8002,0.0,2.014,2.888,295 292 180 180
glutamic,15,aspartic,21,6,3,2,10.815,11.075,0.925,94.3,63.2,0.3312,0.0,2.498,4.168,229 64 155 168 140 148
glutamic,15,aspartic,21,6,3,3,10.815,11.075,0.925,94.3,63.2,0.0,0.0,2.713,5.216,180 129 155 247 244 156 146 177
glutamic,15,aspartic,21,6,3,4,10.815,11.075,0.925,94.3,63.2,0.0,0.0,2.713,5.216,178 160 146 213 216 150 157 246 236 168
glutamic,15,aspartic,21,6,4,1,10.815,11.64,0.925,103.4,37.9,4.406,0.0,2.713,3.341,233 83 186 184
glutamic,15,aspartic,21,6,4,2,10.815,11.64,0.925,103.4,37.9,0.8492,0.0,2.117,2.967,236 92 191 186 213 205
glutamic,15,aspartic,21,6,4,3,10.815,11.64,0.925,103.4,37.9,0.0,0.0,2.713,3.891,243 159 163 195 191 101 91 176
glutamic,15,aspartic,21,6,4,4,10.815,11.64,0.925,103.4,37.9,0.0,0.0,2.713,5.216,193 172 164 210 211 140 144 227 220 169
glutamic,15,aspartic,21,6,5,1,10.815,9.389,0.925,104.3,132.0,2.1861,0.0,1.883,2.672,301 277 169 174
glutamic,15,aspartic,21,6,5,2,10.815,9.389,0.925,104.3,132.0,0.0,0.0,2.124,2.079,247 110 128 237 118 3
glutamic,15,aspartic,21,6,5,3,10.815,9.389,0.925,104.3,132.0,0.0,0.0,2.713,5.216,171 144 128 259 268 136 141 199
glutamic,15,aspartic,21,6,5,4,10.815,9.389,0.925,104.3,132.0,0.0,0.0,2.713,5.216,177 169 159 208 212 140 136 261 261 167
glutamic,15,aspartic,21,7,3,1,10.815,12.498,0.925,35.8,72.2,6.9967,0.0,3.897,6.469,146 360 164 45
glutamic,15,aspartic,21,7,3,2,10.815,12.498,0.925,35.8,72.2,3.5084,0.0,3.897,5.854,148 359 212 296 169 174
glutamic,15,aspartic,21,7,3,3,10.815,12.498,0.925,35.8,72.2,0.0,0.0,3.21,5.21,133 4 152 74 199 200 211 205
glutamic,15,aspartic,21,7,3,4,10.815,12.498,0.925,35.8,72.2,0.0,0.0,2.34,5.023,83 327 278 62 100 228 216 178 171 173
glutamic,15,aspartic,21,7,4,1,10.815,13.42,0.925,27.6,29.9,8.4271,0.0,3.897,6.318,159 360 186 347
glutamic,15,aspartic,21,7,4,2,10.815,13.42,0.925,27.6,29.9,4.8902,0.0,3.897,5.366,158 0 154 49 182 181
glutamic,15,aspartic,21,7,4,3,10.815,13.42,0.925,27.6,29.9,1.2015,0.0,2.833,4.671,162 1 157 43 190 186 193 191
glutamic,15,aspartic,21,7,4,4,10.815,13.42,0.925,27.6,29.9,0.0399,0.0,3.408,5.192,193 1 152 54 195 189 200 197 20 170
glutamic,15,aspartic,21,7,5,1,10.815,11.149,0.925,31.5,126.3,6.0284,0.0,3.897,6.384,163 360 189 341
glutamic,15,aspartic,21,7,5,2,10.815,11.149,0.925,31.5,126.3,2.4853,0.0,3.897,5.488,160 0 154 49 186 184
glutamic,15,aspartic,21,7,5,3,10.815,11.149,0.925,31.5,126.3,0.0,0.0,3.85,5.368,140 331 187 91 176 221 220 197
glutamic,15,aspartic,21,7,5,4,10.815,11.149,0.925,31.5,126.3,0.0,0.0,2.984,4.02,74 311 273 80 119 246 230 192 194 177
glutamic,15,isoleucine,8,5,4,1,9.168,9.56,0.513,74.3,73.2,2.2707,0.0,1.453,1.545,52 346 180 180
glutamic,15,isoleucine,8,5,4,2,9.168,9.56,0.513,74.3,73.2,0.0154,0.0,1.161,2.898,4 11 194 50 245 168
glutamic,15,isoleucine,8,5,4,3,9.168,9.56,0.513,74.3,73.2,0.0,0.0,2.113,3.205,343 314 292 66 74 226 69 81
glutamic,15,isoleucine,8,5,4,4,9.168,9.56,0.513,74.3,73.2,0.0,0.0,1.551,0.686,59 328 289 35 66 259 237 68 96 212
glutamic,15,isoleucine,8,5,5,1,9.168,7.732,0.513,84.5,167.9,0.8284,0.0,1.409,1.024,25 30 214 198
glutamic,15,isoleucine,8,5,5,2,9.168,7.732,0.513,84.5,167.9,0.0,0.0,1.761,1.694,346 8 250 95 81 205
glutamic,15,isoleucine,8,5,5,3,9.168,7.732,0.513,84.5,167.9,0.0,0.0,1.89,1.488,340 8 316 37 69 284 265 161
glutamic,15,isoleucine,8,5,5,4,9.168,7.732,0.513,84.5,167.9,0.0,0.0,3.015,0.34,121 32 353 342 342 269 229 2 134 238
glutamic,15,isoleucine,8,5,6,1,9.168,9.933,0.513,83.0,58.8,2.6524,0.0,1.784,0.766,31 43 183 182
glutamic,15,isoleucine,8,5,6,2,9.168,9.933,0.513,83.0,58.8,0.003,0.0,2.46,0.439,96 310 202 191 274 216
glutamic,15,isoleucine,8,5,6,3,9.168,9.933,0.513,83.0,58.8,0.0,0.0,1.097,0.969,35 347 311 11 46 259 259 143
glutamic,15,isoleucine,8,5,6,4,9.168,9.933,0.513,83.0,58.8,0.0,0.0,2.862,1.322,77 43 358 3 16 243 229 76 104 219
glutamic,15,isoleucine,8,6,4,1,9.168,8.998,0.513,95.3,80.9,1.7137,0.0,0.838,1.606,296 72 178 179
glutamic,15,isoleucine,8,6,4,2,9.168,8.998,0.513,95.3,80.9,0.0,0.0,1.846,3.333,42 292 124 50 189 158
glutamic,15,isoleucine,8,6,4,3,9.168,8.998,0.513,95.3,80.9,0.0,0.0,1.946,1.412,298 322 347 41 50 29 73 263
glutamic,15,isoleucine,8,6,4,4,9.168,8.998,0.513,95.3,80.9,0.0,0.0,1.927,1.582,269 53 140 320 262 102 119 300 277 137
glutamic,15,isoleucine,8,6,5,1,9.168,7.484,0.513,93.8,154.1,0.3374,0.0,0.782,1.003,350 294 179 179
glutamic,15,isoleucine,8,6,5,2,9.168,7.484,0.513,93.8,154.1,0.0,0.0,1.795,1.227,5 49 17 356 262 133
glutamic,15,isoleucine,8,6,5,3,9.168,7.484,0.513,93.8,154.1,0.0,0.0,2.394,1.445,32 5 32 301 276 100 138 219
glutamic,15,isoleucine,8,6,5,4,9.168,7.484,0.513,93.8,154.1,0.0,0.0,2.713,0.962,258 333 21 24 10 94 115 315 274 126
glutamic,15,isoleucine,8,6,6,1,9.168,9.366,0.513,104.6,67.2,2.1012,0.0,1.01,1.353,357 275 172 175
glutamic,15,isoleucine,8,6,6,2,9.168,9.366,0.513,104.6,67.2,0.0,0.0,1.698,1.171,359 171 256 119 160 165
glutamic,15,isoleucine,8,6,6,3,9.168,9.366,0.513,104.6,67.2,0.0,0.0,1.138,1.233,15 328 40 2 296 54 86 191
glutamic,15,isoleucine,8,6,6,4,9.168,9.366,0.513,104.6,67.2,0.0,0.0,1.647,1.437,299 357 37 353 334 104 123 290 259 133
glutamic,15,isoleucine,8,7,4,1,9.168,10.639,0.513,24.2,85.5,6.0903,0.0,3.13,5.942,332 0 180 0
glutamic,15,isoleucine,8,7,4,2,9.168,10.639,0.513,24.2,85.5,2.6344,0.0,3.147,4.532,338 358 197 335 157 163
glutamic,15,isoleucine,8,7,4,3,9.168,10.639,0.513,24.2,85.5,0.0,0.0,3.571,3.953,332 54 128 288 223 146 160 173
glutamic,15,isoleucine,8,7,4,4,9.168,10.639,0.513,24.2,85.5,0.0,0.0,3.897,1.783,301 53 86 293 267 130 151 224 210 168
glutamic,15,isoleucine,8,7,5,1,9.168,9.222,0.513,12.6,155.1,6.0596,0.0,3.047,5.985,340 360 180 360
glutamic,15,isoleucine,8,7,5,2,9.168,9.222,0.513,12.6,155.1,2.3575,0.0,2.837,3.558,340 359 182 359 204 244
glutamic,15,isoleucine,8,7,5,3,9.168,9.222,0.513,12.6,155.1,0.0,0.0,3.071,2.125,325 47 124 306 216 120 155 189
glutamic,15,isoleucine,8,7,5,4,9.168,9.222,0.513,12.6,155.1,0.0,0.0,3.897,0.192,219 82 92 277 245 121 155 220 194 165
glutamic,15,isoleucine,8,7,6,1,9.168,11.34,0.513,14.1,58.8,7.6361,0.0,3.069,5.845,308 0 180 1
glutamic,15,isoleucine,8,7,6,2,9.168,11.34,0.513,14.1,58.8,3.916,0.0,2.559,3.885,311 360 182 358 163 156
glutamic,15,isoleucine,8,7,6,3,9.168,11.34,0.513,14.1,58.8,0.3721,0.0,2.858,2.027,303 359 184 356 147 143 163 169
glutamic,15,isoleucine,8,7,6,4,9.168,11.34,0.513,14.1,58.8,0.0,0.0,3.897,1.156,283 59 94 286 258 138 154 209 203 174
glutamic,15,leucine,12,5,1,1,5.361,5.891,-0.788,40.0,97.7,1.3632,0.0,1.543,2.134,79 358 185 358
glutamic,15,leucine,12,5,1,2,5.361,5.891,-0.788,40.0,97.7,0.0,0.0,1.947,0.868,63 259 282 70 143 272
glutamic,15,leucine,12,5,1,3,5.361,5.891,-0.788,40.0,97.7,0.0,0.0,1.781,0.997,356 330 295 53 89 296 255 146
glutamic,15,leucine,12,5,1,4,5.361,5.891,-0.788,40.0,97.7,0.0,0.0,2.083,3.666,343 103 49 75 96 292 278 96 124 213
glutamic,15,leucine,12,5,2,1,5.361,7.088,-0.788,57.3,52.7,0.6433,0.0,1.037,2.806,91 357 202 289
glutamic,15,leucine,12,5,2,2,5.361,7.088,-0.788,57.3,52.7,0.0,0.0,2.24,2.151,60 65 169 187 295 36
glutamic,15,leucine,12,5,2,3,5.361,7.088,-0.788,57.3,52.7,0.0,0.0,1.234,1.18,18 335 306 61 95 264 223 146
glutamic,15,leucine,12,5,2,4,5.361,7.088,-0.788,57.3,52.7,0.0,0.0,2.929,0.592,81 85 2 206 80 203 287 93 162 257
glutamic,15,leucine,12,5,13,1,5.361,7.436,-0.788,41.2,36.9,1.9349,0.0,0.671,3.994,105 360 181 358
glutamic,15,leucine,12,5,13,2,5.361,7.436,-0.788,41.2,36.9,0.352,0.0,2.026,4.903,148 17 130 59 76 113
glutamic,15,leucine,12,5,13,3,5.361,7.436,-0.788,41.2,36.9,0.0,0.0,2.681,4.673,146 294 271 76 50 253 277 134
glutamic,15,leucine,12,5,13,4,5.361,7.436,-0.788,41.2,36.9,0.0,0.0,1.485,1.713,23 48 113 24 164 291 308 131 19 122
glutamic,15,leucine,12,6,1,1,5.361,3.798,-0.788,123.8,87.2,1.1388,0.0,1.712,4.73,43 36 10 8
glutamic,15,leucine,12,6,1,2,5.361,3.798,-0.788,123.8,87.2,0.2956,0.0,1.58,4.921,87 48 14 59 94 7
glutamic,15,leucine,12,6,1,3,5.361,3.798,-0.788,123.8,87.2,0.0,0.0,1.611,0.593,299 346 293 178 8 126 67 349
glutamic,15,leucine,12,6,1,4,5.361,3.798,-0.788,123.8,87.2,0.0,0.0,1.67,0.967,281 314 356 83 7 289 305 55 162 323
glutamic,15,leucine,12,6,2,1,5.361,5.095,-0.788,143.8,39.0,0.6968,0.0,1.514,1.463,321 301 20 23
glutamic,15,leucine,12,6,2,2,5.361,5.095,-0.788,143.8,39.0,0.0,0.0,1.728,1.523,274 274 50 246 279 57
glutamic,15,leucine,12,6,2,3,5.361,5.095,-0.788,143.8,39.0,0.0,0.0,1.605,0.842,230 111 180 257 291 20 221 332
glutamic,15,leucine,12,6,2,4,5.361,5.095,-0.788,143.8,39.0,0.0,0.0,2.295,1.28,174 262 44 16 234 160 305 140 47 63
glutamic,15,leucine,12,6,13,1,5.361,5.024,-0.788,147.2,42.2,0.7218,0.0,1.653,5.07,51 70 328 343
glutamic,15,leucine,12,6,13,2,5.361,5.024,-0.788,147.2,42.2,0.0,0.0,1.793,4.986,119 102 285 84 88 42
glutamic,15,leucine,12,6,13,3,5.361,5.024,-0.788,147.2,42.2,0.0,0.0,2.284,2.886,232 208 164 65 89 275 253 81
glutamic,15,leucine,12,6,13,4,5.361,5.024,-0.788,147.2,42.2,0.0,0.0,1.401,1.851,334 262 127 4 114 126 28 257 321 270
glutamic,15,leucine,12,7,1,1,5.361,5.744,-0.788,46.5,101.7,0.7742,0.0,2.264,5.287,283 11 163 3
glutamic,15,leucine,12,7,1,2,5.361,5.744,-0.788,46.5,101.7,0.0,0.0,2.397,4.834,301 101 50 290 258 89
glutamic,15,leucine,12,7,1,3,5.361,5.744,-0.788,46.5,101.7,0.0,0.0,3.12,4.648,1 33 54 296 272 79 121 223
glutamic,15,leucine,12,7,1,4,5.361,5.744,-0.788,46.5,101.7,0.0,0.0,1.042,2.493,0 261 317 266 270 76 69 277 246 139
glutamic,15,leucine,12,7,2,1,5.361,7.456,-0.788,41.6,33.4,1.9328,0.0,0.857,5.428,259 0 176 9
glutamic,15,leucine,12,7,2,2,5.361,7.456,-0.788,41.6,33.4,0.6294,0.0,1.724,3.749,212 344 227 311 279 251
glutamic,15,leucine,12,7,2,3,5.361,7.456,-0.788,41.6,33.4,0.0,0.0,2.256,2.702,177 356 193 85 143 248 286 220
glutamic,15,leucine,12,7,2,4,5.361,7.456,-0.788,41.6,33.4,0.0,0.0,3.201,1.797,315 304 308 257 202 93 101 258 277 192
glutamic,15,leucine,12,7,13,1,5.361,6.972,-0.788,60.7,55.6,0.5089,0.0,1.42,5.152,256 20 147 79
glutamic,15,leucine,12,7,13,2,5.361,6.972,-0.788,60.7,55.6,0.0,0.0,3.019,4.477,274 141 51 238 248 125
glutamic,15,leucine,12,7,13,3,5.361,6.972,-0.788,60.7,55.6,0.0,0.0,2.593,4.889,343 31 52 293 256 99 152 221
glutamic,15,leucine,12,7,13,4,5.361,6.972,-0.788,60.7,55.6,0.0,0.0,2.052,1.776,256 331 163 252 45 161 307 122 100 12
glutamic,15,serine,32,5,3,1,8.534,8.923,-0.4,110.2,44.2,1.7032,0.0,2.069,2.683,341 99 175 176
glutamic,15,serine,32,5,3,2,8.534,8.923,-0.4,110.2,44.2,0.0,0.0,2.681,0.578,87 256 205 185 326 221
glutamic,15,serine,32,5,3,3,8.534,8.923,-0.4,110.2,44.2,0.0,0.0,2.314,0.922,24 239 80 297 60 101 56 60
glutamic,15,serine,32,5,3,4,8.534,8.923,-0.4,110.2,44.2,0.0,0.0,3.015,2.779,303 120 269 254 187 59 130 197 311 135
glutamic,15,serine,32,5,4,1,8.534,7.814,-0.4,119.8,87.5,0.5284,0.0,2.431,3.333,330 111 185 183
glutamic,15,serine,32,5,4,2,8.534,7.814,-0.4,119.8,87.5,0.0,0.0,3.015,4.433,302 155 76 119 121 25
glutamic,15,serine,32,5,4,3,8.534,7.814,-0.4,119.8,87.5,0.0,0.0,3.015,1.335,139 222 202 43 76 83 175 218
glutamic,15,serine,32,5,4,4,8.534,7.814,-0.4,119.8,87.5,0.0,0.0,1.123,0.827,37 347 291 316 360 275 248 99 139 219
glutamic,15,serine,32,5,5,1,8.534,8.695,-0.4,103.8,54.2,1.4311,0.0,2.055,3.808,330 89 170 174
glutamic,15,serine,32,5,5,2,8.534,8.695,-0.4,103.8,54.2,0.0,0.0,2.63,4.876,328 4 265 259 8 140
glutamic,15,serine,32,5,5,3,8.534,8.695,-0.4,103.8,54.2,0.0,0.0,2.016,1.324,44 46 85 80 360 135 359 145
glutamic,15,serine,32,5,5,4,8.534,8.695,-0.4,103.8,54.2,0.0,0.0,1.145,1.765,32 323 263 8 49 261 246 74 106 214
glutamic,15,serine,32,6,3,1,8.534,10.05,-0.4,67.1,52.9,3.0929,0.0,1.32,0.863,309 354 156 147
glutamic,15,serine,32,6,3,2,8.534,10.05,-0.4,67.1,52.9,0.1233,0.0,1.192,0.769,328 319 159 165 91 148
glutamic,15,serine,32,6,3,3,8.534,10.05,-0.4,67.1,52.9,0.0,0.0,0.418,0.72,335 349 88 338 292 102 97 154
glutamic,15,serine,32,6,3,4,8.534,10.05,-0.4,67.1,52.9,0.0,0.0,0.481,0.911,320 14 49 317 292 117 138 258 235 156
glutamic,15,serine,32,6,4,1,8.534,9.462,-0.4,55.1,75.8,2.9511,0.0,1.791,1.549,294 0 155 93
glutamic,15,serine,32,6,4,2,8.534,9.462,-0.4,55.1,75.8,0.0,0.0,1.959,1.897,287 7 155 14 287 170
glutamic,15,serine,32,6,4,3,8.534,9.462,-0.4,55.1,75.8,0.0,0.0,0.431,0.916,314 29 66 325 289 100 129 210
glutamic,15,serine,32,6,4,4,8.534,9.462,-0.4,55.1,75.8,0.0,0.0,0.473,0.873,319 16 52 310 285 117 137 252 232 159
glutamic,15,serine,32,6,5,1,8.534,9.971,-0.4,55.1,56.2,3.4437,0.0,1.045,1.554,313 360 205 263
glutamic,15,serine,32,6,5,2,8.534,9.971,-0.4,55.1,56.2,0.3495,0.0,0.347,2.653,336 0 191 277 171 179
glutamic,15,serine,32,6,5,3,8.534,9.971,-0.4,55.1,56.2,0.0,0.0,1.913,4.692,11 31 141 261 185 119 135 136
glutamic,15,serine,32,6,5,4,8.534,9.971,-0.4,55.1,56.2,0.0,0.0,2.713,4.624,236 22 165 335 206 134 137 225 303 177
glutamic,15,serine,32,7,3,1,8.534,10.874,-0.4,28.6,40.1,6.0209,0.0,3.178,5.75,58 360 183 355
glutamic,15,serine,32,7,3,2,8.534,10.874,-0.4,28.6,40.1,2.3686,0.0,3.038,4.106,58 360 156 43 179 179
glutamic,15,serine,32,7,3,3,8.534,10.874,-0.4,28.6,40.1,0.5045,0.0,3.897,1.423,103 359 187 350 172 174 283 208
glutamic,15,serine,32,7,3,4,8.534,10.874,-0.4,28.6,40.1,0.0,0.0,3.326,3.386,343 0 148 25 245 237 232 187 82 145
glutamic,15,serine,32,7,4,1,8.534,9.806,-0.4,39.4,83.6,4.2318,0.0,3.638,5.945,69 360 196 318
glutamic,15,serine,32,7,4,2,8.534,9.806,-0.4,39.4,83.6,0.6701,0.0,3.897,4.601,70 360 146 67 176 177
glutamic,15,serine,32,7,4,3,8.534,9.806,-0.4,39.4,83.6,0.0,0.0,3.897,3.445,49 305 286 58 95 236 194 147
glutamic,15,serine,32,7,4,4,8.534,9.806,-0.4,39.4,83.6,0.0,0.0,3.512,4.917,20 339 304 51 80 248 224 137 154 195
glutamic,15,serine,32,7,5,1,8.534,10.295,-0.4,40.3,65.2,4.6226,0.0,3.359,6.068,47 360 162 50
glutamic,15,serine,32,7,5,2,8.534,10.295,-0.4,40.3,65.2,1.0646,0.0,3.682,5.074,47 360 214 291 180 180
glutamic,15,serine,32,7,5,3,8.534,10.295,-0.4,40.3,65.2,0.0,0.0,3.617,5.473,351 330 238 79 139 215 215 207
glutamic,15,serine,32,7,5,4,8.534,10.295,-0.4,40.3,65.2,0.0,0.0,3.556,5.451,25 335 299 48 73 246 224 133 150 196
glutamic,15,tryptophan,5,5,16,1,12.394,10.67,-0.918,104.4,136.4,3.4375,0.0,1.903,1.445,65 273 183 182
glutamic,15,tryptophan,5,5,16,2,12.394,10.67,-0.918,104.4,136.4,0.0,0.0,2.305,1.35,349 113 180 228 155 158
glutamic,15,tryptophan,5,5,16,3,12.394,10.67,-0.918,104.4,136.4,0.0,0.0,1.341,0.935,49 84 42 1 4 6 298 157
glutamic,15,tryptophan,5,5,16,4,12.394,10.67,-0.918,104.4,136.4,0.0,0.0,1.112,1.031,35 323 287 19 46 249 220 80 109 209
glutamic,15,tryptophan,5,5,17,1,12.394,12.711,-0.918,103.7,51.8,5.4541,0.0,1.799,1.536,358 86 178 179
glutamic,15,tryptophan,5,5,17,2,12.394,12.711,-0.918,103.7,51.8,1.7231,0.0,1.879,1.449,67 277 179 180 180 180
glutamic,15,tryptophan,5,5,17,3,12.394,12.711,-0.918,103.7,51.8,0.0,0.0,1.972,0.665,78 315 187 192 193 129 129 184
glutamic,15,tryptophan,5,5,17,4,12.394,12.711,-0.918,103.7,51.8,0.0,0.0,0.994,0.547,22 347 308 27 55 228 198 100 120 200
glutamic,15,tryptophan,5,5,18,1,12.394,12.757,-0.918,110.6,49.7,5.4992,0.0,2.064,1.182,64 263 178 179
glutamic,15,tryptophan,5,5,18,2,12.394,12.757,-0.918,110.6,49.7,1.7844,0.0,1.961,1.512,353 95 186 183 183 183
glutamic,15,tryptophan,5,5,18,3,12.394,12.757,-0.918,110.6,49.7,0.0,0.0,1.796,3.654,333 73 252 178 223 175 95 131
glutamic,15,tryptophan,5,5,18,4,12.394,12.757,-0.918,110.6,49.7,0.0,0.0,2.439,4.436,360 208 333 215 105 124 70 249 176 290
glutamic,15,tryptophan,5,6,16,1,12.394,11.478,-0.918,73.9,138.0,4.2527,0.0,1.24,0.963,305 5 184 183
glutamic,15,tryptophan,5,6,16,2,12.394,11.478,-0.918,73.9,138.0,0.7049,0.0,1.144,0.848,315 350 152 157 161 167
glutamic,15,tryptophan,5,6,16,3,12.394,11.478,-0.918,73.9,138.0,0.0,0.0,0.494,0.56,336 15 76 334 294 124 145 185
glutamic,15,tryptophan,5,6,16,4,12.394,11.478,-0.918,73.9,138.0,0.0,0.0,0.774,1.21,297 51 75 311 288 125 149 277 249 152
glutamic,15,tryptophan,5,6,17,1,12.394,13.292,-0.918,81.6,62.5,6.0738,0.0,1.381,0.69,287 38 187 184
glutamic,15,tryptophan,5,6,17,2,12.394,13.292,-0.918,81.6,62.5,2.3053,0.0,1.153,0.983,322 335 180 180 180 180
glutamic,15,tryptophan,5,6,17,3,12.394,13.292,-0.918,81.6,62.5,0.0,0.0,0.626,0.882,357 294 139 84 243 180 250 200
glutamic,15,tryptophan,5,6,17,4,12.394,13.292,-0.918,81.6,62.5,0.0,0.0,0.83,0.471,348 9 44 315 302 129 156 215 195 165
glutamic,15,tryptophan,5,6,18,1,12.394,13.763,-0.918,72.1,41.4,6.523,0.0,1.362,0.756,305 360 180 180
glutamic,15,tryptophan,5,6,18,2,12.394,13.763,-0.918,72.1,41.4,3.0277,0.0,1.475,0.819,299 6 211 209 194 190
glutamic,15,tryptophan,5,6,18,3,12.394,13.763,-0.918,72.1,41.4,0.446,0.0,1.482,1.248,302 1 140 111 187 184 78 148
glutamic,15,tryptophan,5,6,18,4,12.394,13.763,-0.918,72.1,41.4,0.0,0.0,0.988,0.996,299 30 126 335 285 157 153 240 265 173
glutamic,15,tryptophan,5,7,16,1,12.394,12.524,-0.918,24.5,144.2,7.8092,0.0,2.937,5.784,45 0 179 2
glutamic,15,tryptophan,5,7,16,2,12.394,12.524,-0.918,24.5,144.2,4.2687,0.0,2.695,4.08,47 360 200 324 176 178
glutamic,15,tryptophan,5,7,16,3,12.394,12.524,-0.918,24.5,144.2,0.6763,0.0,2.75,2.884,49 1 162 31 188 185 197 194
glutamic,15,tryptophan,5,7,16,4,12.394,12.524,-0.918,24.5,144.2,0.0,0.0,3.561,3.711,43 100 80 306 305 201 170 128 132 185
glutamic,15,tryptophan,5,7,17,1,12.394,14.594,-0.918,19.0,55.9,10.1863,0.0,2.884,5.801,41 0 179 2
glutamic,15,tryptophan,5,7,17,2,12.394,14.594,-0.918,19.0,55.9,6.5762,0.0,2.416,4.083,42 360 197 332 178 179
glutamic,15,tryptophan,5,7,17,3,12.394,14.594,-0.918,19.0,55.9,2.902,0.0,2.304,2.857,39 1 172 13 193 188 188 187
glutamic,15,tryptophan,5,7,17,4,12.394,14.594,-0.918,19.0,55.9,0.1012,0.0,2.265,3.381,9 0 180 360 173 174 180 180 253 214
glutamic,15,tryptophan,5,7,18,1,12.394,14.713,-0.918,27.3,50.7,9.6647,0.0,3.098,5.755,54 360 181 358
glutamic,15,tryptophan,5,7,18,2,12.394,14.713,-0.918,27.3,50.7,6.2016,0.0,3.363,4.567,53 1 152 51 188 185
glutamic,15,tryptophan,5,7,18,3,12.394,14.713,-0.918,27.3,50.7,2.4227,0.0,2.989,3.433,54 0 202 315 183 181 182 182
glutamic,15,tryptophan,5,7,18,4,12.394,14.713,-0.918,27.3,50.7,0.0,0.0,3.271,4.622,68 21 131 347 295 196 166 145 130 158
glutamic,15,glutamic,10,5,5,1,12.039,11.566,-0.85,98.2,97.3,4.3234,0.0,2.548,0.95,94 286 175 177
glutamic,15,glutamic,10,5,5,2,12.039,11.566,-0.85,98.2,97.3,0.5907,0.0,2.431,0.781,90 287 190 185 187 187
glutamic,15,glutamic,10,5,5,3,12.039,11.566,-0.85,98.2,97.3,0.0,0.0,2.385,2.634,106 203 203 155 163 241 230 169
glutamic,15,glutamic,10,5,5,4,12.039,11.566,-0.85,98.2,97.3,0.0,0.0,1.305,3.588,152 199 201 135 136 217 208 140 152 193
glutamic,15,glutamic,10,5,6,1,12.039,10.749,-0.85,87.8,133.7,3.5158,0.0,2.169,0.852,37 55 176 178
glutamic,15,glutamic,10,5,6,2,12.039,10.749,-0.85,87.8,133.7,0.0,0.0,2.594,0.859,93 280 187 155 162 165
glutamic,15,glutamic,10,5,6,3,12.039,10.749,-0.85,87.8,133.7,0.0,0.0,0.823,2.261,138 215 216 128 136 221 205 163
glutamic,15,glutamic,10,5,6,4,12.039,10.749,-0.85,87.8,133.7,0.0,0.0,1.511,1.354,160 237 267 66 86 255 194 134 200 229
glutamic,15,glutamic,10,5,7,1,12.039,13.127,-0.85,89.9,32.1,5.8763,0.0,2.385,0.851,92 301 181 181
glutamic,15,glutamic,10,5,7,2,12.039,13.127,-0.85,89.9,32.1,2.1655,0.0,2.102,0.622,37 52 189 185 187 186
glutamic,15,glutamic,10,5,7,3,12.039,13.127,-0.85,89.9,32.1,0.2548,0.0,1.527,1.158,50 0 178 178 181 181 312 205
glutamic,15,glutamic,10,5,7,4,12.039,13.127,-0.85,89.9,32.1,0.0,0.0,2.058,1.909,58 261 210 172 183 217 253 167 83 168
glutamic,15,glutamic,10,6,5,1,12.039,11.415,-0.85,104.1,85.4,4.1615,0.0,1.455,0.427,341 273 184 183
glutamic,15,glutamic,10,6,5,2,12.039,11.415,-0.85,104.1,85.4,0.429,0.0,1.488,0.202,336 277 176 178 178 178
glutamic,15,glutamic,10,6,5,3,12.039,11.415,-0.85,104.1,85.4,0.0,0.0,1.75,1.998,223 146 151 244 235 152 167 194
glutamic,15,glutamic,10,6,5,4,12.039,11.415,-0.85,104.1,85.4,0.0,0.0,2.399,3.013,206 147 146 236 236 155 164 242 230 166
glutamic,15,glutamic,10,6,6,1,12.039,10.102,-0.85,113.3,145.4,2.88,0.0,1.825,0.691,272 101 183 182
glutamic,15,glutamic,10,6,6,2,12.039,10.102,-0.85,113.3,145.4,0.0,0.0,0.611,0.46,345 313 101 110 279 195
glutamic,15,glutamic,10,6,6,3,12.039,10.102,-0.85,113.3,145.4,0.0,0.0,0.917,1.582,221 178 127 256 222 120 204 238
glutamic,15,glutamic,10,6,6,4,12.039,10.102,-0.85,113.3,145.4,0.0,0.0,1.267,2.531,197 175 169 232 233 132 142 221 205 163
glutamic,15,glutamic,10,6,7,1,12.039,12.566,-0.85,111.8,37.7,5.31,0.0,1.788,0.553,273 99 180 180
glutamic,15,glutamic,10,6,7,2,12.039,12.566,-0.85,111.8,37.7,1.6455,0.0,1.525,0.722,345 259 198 189 189 189
glutamic,15,glutamic,10,6,7,3,12.039,12.566,-0.85,111.8,37.7,0.0083,0.0,1.26,1.593,296 98 183 183 176 177 2 177
glutamic,15,glutamic,10,6,7,4,12.039,12.566,-0.85,111.8,37.7,0.0,0.0,1.575,1.45,320 187 208 206 176 69 68 239 257 187
glutamic,15,glutamic,10,7,5,1,12.039,13.41,-0.85,2.7,91.9,10.6144,0.0,3.614,5.319,265 360 180 360
glutamic,15,glutamic,10,7,5,2,12.039,13.41,-0.85,2.7,91.9,6.8747,0.0,2.938,2.349,269 360 180 360 200 227
glutamic,15,glutamic,10,7,5,3,12.039,13.41,-0.85,2.7,91.9,3.3577,0.0,3.087,0.653,277 360 182 359 141 124 172 175
glutamic,15,glutamic,10,7,5,4,12.039,13.41,-0.85,2.7,91.9,0.0,0.0,2.424,1.305,317 6 177 346 157 99 194 184 133 145
glutamic,15,glutamic,10,7,6,1,12.039,12.288,-0.85,12.6,143.4,8.6279,0.0,3.54,5.263,268 360 180 360
glutamic,15,glutamic,10,7,6,2,12.039,12.288,-0.85,12.6,143.4,4.968,0.0,3.004,2.044,266 0 179 1 195 201
glutamic,15,glutamic,10,7,6,3,12.039,12.288,-0.85,12.6,143.4,1.4554,0.0,2.866,0.841,263 360 180 360 151 141 177 179
glutamic,15,glutamic,10,7,6,4,12.039,12.288,-0.85,12.6,143.4,0.0,0.0,1.818,1.469,233 55 128 284 223 152 170 214 219 186
glutamic,15,glutamic,10,7,7,1,12.039,14.709,-0.85,11.2,38.6,10.9592,0.0,3.355,5.218,278 360 180 360
glutamic,15,glutamic,10,7,7,2,12.039,14.709,-0.85,11.2,38.6,7.2925,0.0,2.825,2.174,276 0 178 3 189 190
glutamic,15,glutamic,10,7,7,3,12.039,14.709,-0.85,11.2,38.6,3.669,0.0,3.197,1.047,278 0 180 0 151 147 181 180
glutamic,15,glutamic,10,7,7,4,12.039,14.709,-0.85,11.2,38.6,0.3311,0.0,2.643,2.787,295 0 175 9 196 190 186 185 127 152
glutamic,15,leucine,13,5,1,1,14.135,14.627,-0.741,48.5,108.5,8.3177,0.0,2.847,3.209,101 360 155 96
glutamic,15,leucine,13,5,1,2,14.135,14.627,-0.741,48.5,108.5,4.7976,0.0,2.855,1.708,101 360 218 263 177 178
glutamic,15,leucine,13,5,1,3,14.135,14.627,-0.741,48.5,108.5,1.0678,0.0,2.309,0.963,102 360 145 97 176 178 176 177
glutamic,15,leucine,13,5,1,4,14.135,14.627,-0.741,48.5,108.5,0.0,0.0,1.84,1.346,73 324 276 47 79 202 187 160 160 181
glutamic,15,leucine,13,5,2,1,14.135,16.578,-0.741,46.6,23.0,10.3304,0.0,3.015,3.947,107 0 205 265
glutamic,15,leucine,13,5,2,2,14.135,16.578,-0.741,46.6,23.0,6.8192,0.0,3.015,1.474,107 0 142 96 183 182
glutamic,15,leucine,13,5,2,3,14.135,16.578,-0.741,46.6,23.0,3.1109,0.0,2.183,1.487,107 0 215 263 186 183 185 185
glutamic,15,leucine,13,5,2,4,14.135,16.578,-0.741,46.6,23.0,0.478,0.0,1.251,1.987,114 359 213 241 174 177 176 176 269 208
glutamic,15,leucine,13,5,13,1,14.135,15.446,-0.741,39.7,77.2,9.6209,0.0,2.872,3.348,101 0 158 69
glutamic,15,leucine,13,5,13,2,14.135,15.446,-0.741,39.7,77.2,6.084,0.0,2.877,2.379,102 0 217 278 182 181
glutamic,15,leucine,13,5,13,3,14.135,15.446,-0.741,39.7,77.2,2.3801,0.0,1.434,2.023,101 1 148 78 188 184 187 186
glutamic,15,leucine,13,5,13,4,14.135,15.446,-0.741,39.7,77.2,0.0,0.0,1.944,2.383,79 6 193 45 101 187 221 238 225 206
glutamic,15,leucine,13,6,1,1,14.135,12.296,-0.741,151.7,104.9,5.1464,0.0,2.211,2.497,24 182 193 197
glutamic,15,leucine,13,6,1,2,14.135,12.296,-0.741,151.7,104.9,1.5521,0.0,1.784,2.345,20 180 146 140 179 179
glutamic,15,leucine,13,6,1,3,14.135,12.296,-0.741,151.7,104.9,0.0,0.0,1.435,2.152,118 189 185 98 92 178 155 150
glutamic,15,leucine,13,6,1,4,14.135,12.296,-0.741,151.7,104.9,0.0,0.0,1.382,2.472,150 163 167 136 136 225 216 150 162 192
glutamic,15,leucine,13,6,2,1,14.135,14.18,-0.741,153.8,22.1,7.0726,0.0,2.476,3.195,35 180 172 165
glutamic,15,leucine,13,6,2,2,14.135,14.18,-0.741,153.8,22.1,3.5729,0.0,1.655,2.525,40 182 213 220 186 184
glutamic,15,leucine,13,6,2,3,14.135,14.18,-0.741,153.8,22.1,0.9238,0.0,0.817,3.099,43 179 139 109 171 175 93 147
glutamic,15,leucine,13,6,2,4,14.135,14.18,-0.741,153.8,22.1,0.074,0.0,1.223,5.196,121 183 226 245 195 191 139 153 8 174
glutamic,15,leucine,13,6,13,1,14.135,13.029,-0.741,144.5,77.1,5.857,0.0,2.058,3.03,17 164 170 173
glutamic,15,leucine,13,6,13,2,14.135,13.029,-0.741,144.5,77.1,2.0837,0.0,1.645,2.765,36 180 197 196 180 180
glutamic,15,leucine,13,6,13,3,14.135,13.029,-0.741,144.5,77.1,0.0,0.0,1.298,4.813,106 229 139 151 115 175 223 197
glutamic,15,leucine,13,6,13,4,14.135,13.029,-0.741,144.5,77.1,0.0,0.0,2.4,5.216,136 192 195 139 129 192 190 110 116 193
glutamic,15,leucine,13,7,1,1,14.135,14.3,-0.741,62.5,99.3,7.3408,0.0,3.897,5.53,265 0 163 142
glutamic,15,leucine,13,7,1,2,14.135,14.3,-0.741,62.5,99.3,3.8602,0.0,3.195,3.233,263 2 218 231 191 187
glutamic,15,leucine,13,7,1,3,14.135,14.3,-0.741,62.5,99.3,0.132,0.0,1.68,2.091,262 3 214 230 200 191 195 193
glutamic,15,leucine,13,7,1,4,14.135,14.3,-0.741,62.5,99.3,0.0,0.0,2.266,2.241,281 104 118 221 183 124 164 205 182 165
glutamic,15,leucine,13,7,2,1,14.135,16.054,-0.741,68.9,20.0,8.8858,0.0,3.897,5.853,264 359 176 174
glutamic,15,leucine,13,7,2,2,14.135,16.054,-0.741,68.9,20.0,5.3363,0.0,2.734,3.832,263 0 210 215 180 180
glutamic,15,leucine,13,7,2,3,14.135,16.054,-0.741,68.9,20.0,1.5974,0.0,0.41,3.76,263 1 160 152 184 182 183 183
glutamic,15,leucine,13,7,2,4,14.135,16.054,-0.741,68.9,20.0,0.2553,0.0,0.746,4.349,245 6 188 186 192 188 186 185 25 168
glutamic,15,leucine,13,7,13,1,14.135,14.745,-0.741,70.3,82.5,7.5577,0.0,3.897,5.707,270 3 188 188
glutamic,15,leucine,13,7,13,2,14.135,14.745,-0.741,70.3,82.5,3.9682,0.0,2.781,3.986,272 360 150 147 179 179
glutamic,15,leucine,13,7,13,3,14.135,14.745,-0.741,70.3,82.5,0.2531,0.0,1.395,4.123,271 1 162 155 185 182 183 183
glutamic,15,leucine,13,7,13,4,14.135,14.745,-0.741,70.3,82.5,0.0,0.0,1.582,5.648,220 134 144 218 208 152 161 200 193 174
glutamic,15,serine,2,5,3,1,11.28,11.176,0.096,79.1,99.2,3.9411,0.0,2.106,0.705,53 30 187 185
glutamic,15,serine,2,5,3,2,11.28,11.176,0.096,79.1,99.2,0.1959,0.0,2.055,0.552,67 9 189 185 184 184
glutamic,15,serine,2,5,3,3,11.28,11.176,0.096,79.1,99.2,0.0,0.0,2.89,0.592,79 185 287 160 178 254 167 100
glutamic,15,serine,2,5,3,4,11.28,11.176,0.096,79.1,99.2,0.0,0.0,3.015,2.623,149 204 206 139 141 226 217 140 153 193
glutamic,15,serine,2,5,4,1,11.28,12.365,0.096,82.7,53.5,5.1624,0.0,2.143,0.622,84 320 171 174
glutamic,15,serine,2,5,4,2,11.28,12.365,0.096,82.7,53.5,1.3953,0.0,1.964,0.621,77 331 168 174 173 174
glutamic,15,serine,2,5,4,3,11.28,12.365,0.096,82.7,53.5,0.0,0.0,3.015,1.077,91 232 214 159 171 228 225 177
glutamic,15,serine,2,5,4,4,11.28,12.365,0.096,82.7,53.5,0.0,0.0,3.015,3.443,140 210 207 137 142 216 207 145 155 190
glutamic,15,serine,2,5,5,1,11.28,12.507,0.096,71.6,47.1,5.2722,0.0,1.912,0.935,64 0 180 180
glutamic,15,serine,2,5,5,2,11.28,12.507,0.096,71.6,47.1,1.7138,0.0,1.966,0.932,68 357 147 148 172 174
glutamic,15,serine,2,5,5,3,11.28,12.507,0.096,71.6,47.1,0.0973,0.0,2.16,1.255,78 357 215 273 146 163 325 202
glutamic,15,serine,2,5,5,4,11.28,12.507,0.096,71.6,47.1,0.0,0.0,1.1,2.283,22 17 147 356 333 215 242 153 128 186
glutamic,15,serine,2,6,3,1,11.28,10.073,0.096,123.4,102.3,2.8074,0.0,1.652,1.107,356 242 177 178
glutamic,15,serine,2,6,3,2,11.28,10.073,0.096,123.4,102.3,0.0,0.0,2.179,0.924,287 181 146 220 157 101
glutamic,15,serine,2,6,3,3,11.28,10.073,0.096,123.4,102.3,0.0,0.0,2.713,1.853,216 155 156 253 249 137 156 201
glutamic,15,serine,2,6,3,4,11.28,10.073,0.096,123.4,102.3,0.0,0.0,2.713,2.449,209 159 160 225 232 150 148 263 258 166
glutamic,15,serine,2,6,4,1,11.28,11.587,0.096,112.9,42.3,4.3295,0.0,1.347,1.295,358 258 183 182
glutamic,15,serine,2,6,4,2,11.28,11.587,0.096,112.9,42.3,0.7661,0.0,1.191,1.162,353 271 176 177 210 202
glutamic,15,serine,2,6,4,3,11.28,11.587,0.096,112.9,42.3,0.0,0.0,0.335,1.602,326 26 100 171 205 116 85 209
glutamic,15,serine,2,6,4,4,11.28,11.587,0.096,112.9,42.3,0.0,0.0,2.713,2.368,211 142 150 250 249 154 162 229 217 164
glutamic,15,serine,2,6,5,1,11.28,11.282,0.096,119.6,56.1,4.0107,0.0,1.588,0.952,292 112 181 181
glutamic,15,serine,2,6,5,2,11.28,11.282,0.096,119.6,56.1,0.4962,0.0,1.818,1.577,298 127 157 158 218 204
glutamic,15,serine,2,6,5,3,11.28,11.282,0.096,119.6,56.1,0.0,0.0,1.72,0.94,310 170 196 210 181 79 40 112
glutamic,15,serine,2,6,5,4,11.28,11.282,0.096,119.6,56.1,0.0,0.0,1.889,3.705,9 41 76 15 334 109 152 310 295 168
glutamic,15,serine,2,7,3,1,11.28,12.391,0.096,22.2,97.9,7.8581,0.0,3.582,5.292,266 0 178 2
glutamic,15,serine,2,7,3,2,11.28,12.391,0.096,22.2,97.9,4.2694,0.0,3.402,1.921,269 359 197 331 174 176
glutamic,15,serine,2,7,3,3,11.28,12.391,0.096,22.2,97.9,0.5216,0.0,3.061,0.945,267 0 180 0 178 178 180 180
glutamic,15,serine,2,7,3,4,11.28,12.391,0.096,22.2,97.9,0.0,0.0,3.897,0.327,289 51 87 290 263 144 160 204 198 175
glutamic,15,serine,2,7,4,1,11.28,13.723,0.096,16.6,45.2,9.5821,0.0,3.187,5.376,290 360 180 360
glutamic,15,serine,2,7,4,2,11.28,13.723,0.096,16.6,45.2,5.9042,0.0,2.644,2.783,289 0 175 7 181 181
glutamic,15,serine,2,7,4,3,11.28,13.723,0.096,16.6,45.2,2.2935,0.0,2.865,1.795,294 359 184 355 155 159 171 174
glutamic,15,serine,2,7,4,4,11.28,13.723,0.096,16.6,45.2,0.2803,0.0,2.789,3.172,341 359 184 356 207 219 162 171 92 143
glutamic,15,serine,2,7,5,1,11.28,13.454,0.096,27.0,57.3,8.4738,0.0,3.208,5.34,288 360 181 359
glutamic,15,serine,2,7,5,2,11.28,13.454,0.096,27.0,57.3,5.0195,0.0,3.579,2.085,286 1 154 46 191 187
glutamic,15,serine,2,7,5,3,11.28,13.454,0.096,27.0,57.3,1.2312,0.0,3.26,2.22,287 0 161 38 190 185 186 185
glutamic,15,serine,2,7,5,4,11.28,13.454,0.096,27.0,57.3,0.0,0.0,3.882,1.523,314 52 93 287 266 153 167 194 190 176
isoleucine,8,phenylalanine,2,4,12,1,3.618,3.167,0.039,83.1,61.6,2.2613,0.0,2.296,3.303,232 90 20 11
isoleucine,8,phenylalanine,2,4,12,2,3.618,3.167,0.039,83.1,61.6,1.0325,0.0,2.296,3.315,272 91 10 53 106 6
isoleucine,8,phenylalanine,2,4,12,3,3.618,3.167,0.039,83.1,61.6,0.0,0.0,2.296,3.17,301 71 54 259 269 52 130 275
isoleucine,8,phenylalanine,2,4,12,4,3.618,3.167,0.039,83.1,61.6,0.0,0.0,0.798,2.083,5 224 13 37 90 53 161 318 213 149
isoleucine,8,phenylalanine,2,4,13,1,3.618,2.064,0.039,130.4,100.6,2.8442,0.0,2.296,4.532,258 63 355 357
isoleucine,8,phenylalanine,2,4,13,2,3.618,2.064,0.039,130.4,100.6,1.8369,0.0,2.296,4.532,318 50 360 345 200 360
isoleucine,8,phenylalanine,2,4,13,3,3.618,2.064,0.039,130.4,100.6,0.0,0.0,2.296,4.532,295 77 350 161 19 60 85 20
isoleucine,8,phenylalanine,2,4,13,4,3.618,2.064,0.039,130.4,100.6,0.0,0.0,1.73,4.532,17 335 344 299 315 56 62 315 249 100
isoleucine,8,phenylalanine,2,4,14,1,3.618,4.214,0.039,118.5,17.0,1.5894,0.0,2.296,4.355,236 89 350 348
isoleucine,8,phenylalanine,2,4,14,2,3.618,4.214,0.039,118.5,17.0,0.3909,0.0,2.296,4.312,259 85 351 251 304 357
isoleucine,8,phenylalanine,2,4,14,3,3.618,4.214,0.039,118.5,17.0,0.0,0.0,0.773,2.93,123 346 358 189 289 117 89 350
isoleucine,8,phenylalanine,2,4,14,4,3.618,4.214,0.039,118.5,17.0,0.0,0.0,0.571,2.883,101 113 139 302 344 91 61 324 173 55
isoleucine,8,phenylalanine,2,5,12,1,3.618,3.532,0.039,70.5,90.0,1.4689,0.0,2.737,0.305,163 223 343 356
isoleucine,8,phenylalanine,2,5,12,2,3.618,3.532,0.039,70.5,90.0,0.4777,0.0,2.75,0.533,108 234 11 39 118 7
isoleucine,8,phenylalanine,2,5,12,3,3.618,3.532,0.039,70.5,90.0,0.0,0.0,2.75,0.975,59 327 332 47 138 334 150 63
isoleucine,8,phenylalanine,2,5,12,4,3.618,3.532,0.039,70.5,90.0,0.0,0.0,1.049,1.951,18 320 288 68 95 286 253 103 139 211
isoleucine,8,phenylalanine,2,5,13,1,3.618,4.039,0.039,49.9,71.9,2.19,0.0,0.691,2.328,221 89 61 7
isoleucine,8,phenylalanine,2,5,13,2,3.618,4.039,0.039,49.9,71.9,0.2799,0.0,1.791,2.469,266 108 31 32 124 16
isoleucine,8,phenylalanine,2,5,13,3,3.618,4.039,0.039,49.9,71.9,0.0,0.0,0.615,2.469,315 60 60 284 264 53 124 243
isoleucine,8,phenylalanine,2,5,13,4,3.618,4.039,0.039,49.9,71.9,0.0,0.0,0.815,2.403,348 7 47 303 267 82 113 253 227 159
isoleucine,8,phenylalanine,2,5,14,1,3.618,5.347,0.039,73.4,9.9,1.2415,0.0,1.141,1.185,195 202 356 323
isoleucine,8,phenylalanine,2,5,14,2,3.618,5.347,0.039,73.4,9.9,0.3555,0.0,2.363,0.723,162 197 9 176 1 54
isoleucine,8,phenylalanine,2,5,14,3,3.618,5.347,0.039,73.4,9.9,0.0,0.0,1.386,2.469,264 23 56 221 351 114 61 262
isoleucine,8,phenylalanine,2,5,14,4,3.618,5.347,0.039,73.4,9.9,0.0,0.0,1.691,2.469,311 325 60 333 268 82 89 243 269 198
isoleucine,8,phenylalanine,2,6,12,1,3.618,2.742,0.039,99.2,110.0,2.0679,0.0,3.259,0.589,202 113 357 358
isoleucine,8,phenylalanine,2,6,12,2,3.618,2.742,0.039,99.2,110.0,1.1543,0.0,3.294,1.175,254 82 1 14 160 1
isoleucine,8,phenylalanine,2,6,12,3,3.618,2.742,0.039,99.2,110.0,0.0,0.0,3.9,1.866,96 285 27 222 318 55 85 3
isoleucine,8,phenylalanine,2,6,12,4,3.618,2.742,0.039,99.2,110.0,0.0,0.0,3.517,2.657,325 16 338 63 76 314 283 53 113 230
isoleucine,8,phenylalanine,2,6,13,1,3.618,3.371,0.039,73.0,84.6,1.6909,0.0,3.9,3.465,113 234 345 354
isoleucine,8,phenylalanine,2,6,13,2,3.618,3.371,0.039,73.0,84.6,0.5266,0.0,3.9,3.465,56 247 1 18 154 1
isoleucine,8,phenylalanine,2,6,13,3,3.618,3.371,0.039,73.0,84.6,0.0,0.0,3.832,3.465,31 307 340 90 85 293 215 94
isoleucine,8,phenylalanine,2,6,13,4,3.618,3.371,0.039,73.0,84.6,0.0,0.0,3.488,3.465,2 21 337 50 84 286 256 94 119 202
isoleucine,8,phenylalanine,2,6,14,1,3.618,4.909,0.039,89.3,24.2,1.0713,0.0,3.9,3.465,122 218 7 23
isoleucine,8,phenylalanine,2,6,14,2,3.618,4.909,0.039,89.3,24.2,0.0929,0.0,3.9,3.465,105 201 41 156 5 24
isoleucine,8,phenylalanine,2,6,14,3,3.618,4.909,0.039,89.3,24.2,0.0,0.0,3.9,3.465,68 293 308 134 87 250 252 117
isoleucine,8,phenylalanine,2,6,14,4,3.618,4.909,0.039,89.3,24.2,0.0,0.0,3.896,2.373,102 357 26 45 50 281 266 56 116 246
isoleucine,8,arginine,3,4,16,1,7.623,8.433,0.691,52.5,84.1,2.1168,0.0,3.027,1.223,158 0 157 75
isoleucine,8,arginine,3,4,16,2,7.623,8.433,0.691,52.5,84.1,0.0,0.0,3.027,2.557,158 279 240 107 120 173
isoleucine,8,arginine,3,4,16,3,7.623,8.433,0.691,52.5,84.1,0.0,0.0,2.303,2.729,88 305 274 99 126 231 215 168
isoleucine,8,arginine,3,4,16,4,7.623,8.433,0.691,52.5,84.1,0.0,0.0,1.527,1.079,35 327 284 71 107 266 250 163 171 183
isoleucine,8,arginine,3,4,17,1,7.623,9.874,0.691,56.8,16.1,3.3139,0.0,3.027,1.301,171 1 207 252
isoleucine,8,arginine,3,4,17,2,7.623,9.874,0.691,56.8,16.1,0.6834,0.0,2.841,0.632,166 31 177 178 304 207
isoleucine,8,arginine,3,4,17,3,7.623,9.874,0.691,56.8,16.1,0.0161,0.0,3.027,0.817,220 298 157 165 86 148 352 191
isoleucine,8,arginine,3,4,17,4,7.623,9.874,0.691,56.8,16.1,0.0,0.0,3.027,1.53,217 233 203 162 144 226 224 116 132 202
isoleucine,8,arginine,3,4,18,1,7.623,7.61,0.691,63.5,116.9,1.001,0.0,3.027,1.426,165 4 215 250
isoleucine,8,arginine,3,4,18,2,7.623,7.61,0.691,63.5,116.9,0.0,0.0,3.027,2.075,131 304 266 93 116 189
isoleucine,8,arginine,3,4,18,3,7.623,7.61,0.691,63.5,116.9,0.0,0.0,2.761,2.712,102 290 277 115 131 244 225 161
isoleucine,8,arginine,3,4,18,4,7.623,7.61,0.691,63.5,116.9,0.0,0.0,1.994,0.32,52 291 300 90 90 302 243 144 200 220
isoleucine,8,arginine,3,5,16,1,7.623,6.39,0.691,138.1,92.5,0.0,0.0,2.919,0.85,67 147 147 59
isoleucine,8,arginine,3,5,16,2,7.623,6.39,0.691,138.1,92.5,0.0,0.0,2.919,2.072,203 137 251 103 122 285
isoleucine,8,arginine,3,5,16,3,7.623,6.39,0.691,138.1,92.5,0.0,0.0,2.919,2.445,239 139 230 138 95 260 229 122
isoleucine,8,arginine,3,5,16,4,7.623,6.39,0.691,138.1,92.5,0.0,0.0,2.06,1.86,304 151 135 88 135 255 265 132 83 169
isoleucine,8,arginine,3,5,17,1,7.623,8.157,0.691,125.2,5.6,1.326,0.0,2.919,0.95,167 189 252 191
isoleucine,8,arginine,3,5,17,2,7.623,8.157,0.691,125.2,5.6,0.6043,0.0,2.919,0.934,192 326 84 167 1 178
isoleucine,8,arginine,3,5,17,3,7.623,8.157,0.691,125.2,5.6,0.0,0.0,2.919,2.093,224 259 184 177 330 208 351 198
isoleucine,8,arginine,3,5,17,4,7.623,8.157,0.691,125.2,5.6,0.0,0.0,2.919,2.149,256 169 203 135 128 226 216 110 125 197
isoleucine,8,arginine,3,5,18,1,7.623,6.146,0.691,121.2,102.0,0.0,0.0,2.919,1.313,201 212 241 310
isoleucine,8,arginine,3,5,18,2,7.623,6.146,0.691,121.2,102.0,0.0,0.0,2.919,2.275,214 133 257 78 167 320
isoleucine,8,arginine,3,5,18,3,7.623,6.146,0.691,121.2,102.0,0.0,0.0,2.919,2.167,265 166 222 106 104 273 244 146
isoleucine,8,arginine,3,5,18,4,7.623,6.146,0.691,121.2,102.0,0.0,0.0,2.8,2.113,272 164 208 137 124 237 227 94 116 206
isoleucine,8,arginine,3,6,16,1,7.623,7.308,0.691,95.1,74.2,0.2985,0.0,3.284,0.674,271 322 116 144
isoleucine,8,arginine,3,6,16,2,7.623,7.308,0.691,95.1,74.2,0.0,0.0,3.9,1.664,180 16 230 323 326 279
isoleucine,8,arginine,3,6,16,3,7.623,7.308,0.691,95.1,74.2,0.0,0.0,3.516,3.247,348 266 163 85 119 263 226 157
isoleucine,8,arginine,3,6,16,4,7.623,7.308,0.691,95.1,74.2,0.0,0.0,3.9,0.462,137 156 115 219 265 153 94 271 296 133
isoleucine,8,arginine,3,6,17,1,7.623,8.489,0.691,110.0,17.8,1.2902,0.0,2.071,0.267,189 109 155 167
isoleucine,8,arginine,3,6,17,2,7.623,8.489,0.691,110.0,17.8,0.4258,0.0,1.993,0.552,171 169 108 151 357 184
isoleucine,8,arginine,3,6,17,3,7.623,8.489,0.691,110.0,17.8,0.0,0.0,1.814,1.61,153 176 156 213 258 122 66 200
isoleucine,8,arginine,3,6,17,4,7.623,8.489,0.691,110.0,17.8,0.0,0.0,2.614,1.149,126 191 156 221 231 127 139 238 217 159
isoleucine,8,arginine,3,6,18,1,7.623,6.494,0.691,105.6,105.1,0.0,0.0,2.366,0.781,194 172 44 137
isoleucine,8,arginine,3,6,18,2,7.623,6.494,0.691,105.6,105.1,0.0,0.0,2.14,0.596,159 212 104 304 150 35
isoleucine,8,arginine,3,6,18,3,7.623,6.494,0.691,105.6,105.1,0.0,0.0,2.114,1.675,129 201 129 237 252 81 110 220
isoleucine,8,arginine,3,6,18,4,7.623,6.494,0.691,105.6,105.1,0.0,0.0,3.161,0.754,129 194 152 206 227 120 126 271 246 152
isoleucine,8,lysine,10,4,13,1,9.696,9.626,-0.018,59.4,120.0,2.9619,0.0,2.956,2.69,97 359 152 111
isoleucine,8,lysine,10,4,13,2,9.696,9.626,-0.018,59.4,120.0,0.0,0.0,2.871,3.346,76 39 194 213 236 142
isoleucine,8,lysine,10,4,13,3,9.696,9.626,-0.018,59.4,120.0,0.0,0.0,3.027,4.036,134 224 232 140 144 243 227 159
isoleucine,8,lysine,10,4,13,4,9.696,9.626,-0.018,59.4,120.0,0.0,0.0,2.648,4.369,93 277 353 166 271 174 318 130 153 347
isoleucine,8,lysine,10,4,14,1,9.696,11.861,-0.018,54.5,23.5,5.3368,0.0,3.016,2.467,99 360 154 106
isoleucine,8,lysine,10,4,14,2,9.696,11.861,-0.018,54.5,23.5,1.7715,0.0,1.962,2.378,100 0 222 255 182 182
isoleucine,8,lysine,10,4,14,3,9.696,11.861,-0.018,54.5,23.5,0.2889,0.0,2.393,3.938,78 1 140 116 183 182 320 199
isoleucine,8,lysine,10,4,14,4,9.696,11.861,-0.018,54.5,23.5,0.0,0.0,1.337,4.532,33 10 191 162 93 203 213 206 68 85
isoleucine,8,lysine,10,4,15,1,9.696,10.772,-0.018,61.5,74.8,3.9481,0.0,3.027,2.294,108 1 206 233
isoleucine,8,lysine,10,4,15,2,9.696,10.772,-0.018,61.5,74.8,0.3597,0.0,2.127,2.219,111 359 220 245 175 177
isoleucine,8,lysine,10,4,15,3,9.696,10.772,-0.018,61.5,74.8,0.0,0.0,3.027,4.116,115 239 249 150 156 234 215 158
isoleucine,8,lysine,10,4,15,4,9.696,10.772,-0.018,61.5,74.8,0.0,0.0,2.49,3.491,87 67 53 354 7 269 212 51 81 200
isoleucine,8,lysine,10,5,13,1,9.696,7.586,-0.018,150.0,111.5,0.4826,0.0,1.759,1.357,357 184 207 220
isoleucine,8,lysine,10,5,13,2,9.696,7.586,-0.018,150.0,111.5,0.0,0.0,2.791,0.602,77 208 223 349 100 62
isoleucine,8,lysine,10,5,13,3,9.696,7.586,-0.018,150.0,111.5,0.0,0.0,2.919,1.408,214 196 151 210 280 118 146 255
isoleucine,8,lysine,10,5,13,4,9.696,7.586,-0.018,150.0,111.5,0.0,0.0,2.201,1.834,207 346 14 108 78 357 87 31 327 135
isoleucine,8,lysine,10,5,14,1,9.696,9.662,-0.018,152.7,22.7,2.6441,0.0,1.73,1.237,354 175 159 150
isoleucine,8,lysine,10,5,14,2,9.696,9.662,-0.018,152.7,22.7,0.5235,0.0,2.272,0.998,46 241 161 170 310 207
isoleucine,8,lysine,10,5,14,3,9.696,9.662,-0.018,152.7,22.7,0.0,0.0,1.644,1.134,338 106 167 175 98 79 81 106
isoleucine,8,lysine,10,5,14,4,9.696,9.662,-0.018,152.7,22.7,0.0,0.0,2.791,2.148,272 189 77 105 197 98 352 264 341 255
isoleucine,8,lysine,10,5,15,1,9.696,8.641,-0.018,165.9,71.0,2.1562,0.0,1.653,1.478,344 180 203 275
isoleucine,8,lysine,10,5,15,2,9.696,8.641,-0.018,165.9,71.0,0.0,0.0,2.311,2.098,292 193 175 209 270 127
isoleucine,8,lysine,10,5,15,3,9.696,8.641,-0.018,165.9,71.0,0.0,0.0,1.268,0.831,88 214 116 164 27 165 92 291
isoleucine,8,lysine,10,5,15,4,9.696,8.641,-0.018,165.9,71.0,0.0,0.0,1.983,0.871,21 137 155 314 280 105 139 262 243 165
isoleucine,8,lysine,10,6,13,1,9.696,9.908,-0.018,47.4,108.1,3.9162,0.0,2.476,0.48,259 359 203 294
isoleucine,8,lysine,10,6,13,2,9.696,9.908,-0.018,47.4,108.1,0.3334,0.0,1.85,0.547,262 357 216 289 154 164
isoleucine,8,lysine,10,6,13,3,9.696,9.908,-0.018,47.4,108.1,0.0,0.0,2.301,0.59,248 117 43 306 252 117 222 267
isoleucine,8,lysine,10,6,13,4,9.696,9.908,-0.018,47.4,108.1,0.0,0.0,1.731,1.633,353 244 299 271 250 75 82 209 195 162
isoleucine,8,lysine,10,6,14,1,9.696,11.845,-0.018,55.2,25.4,5.2837,0.0,1.826,0.514,260 0 206 252
isoleucine,8,lysine,10,6,14,2,9.696,11.845,-0.018,55.2,25.4,1.7346,0.0,0.847,0.52,261 359 138 108 174 176
isoleucine,8,lysine,10,6,14,3,9.696,11.845,-0.018,55.2,25.4,0.1927,0.0,3.236,1.262,279 2 218 234 189 185 36 162
isoleucine,8,lysine,10,6,14,4,9.696,11.845,-0.018,55.2,25.4,0.0,0.0,3.606,2.511,325 350 159 175 301 155 153 130 301 296
isoleucine,8,lysine,10,6,15,1,9.696,10.889,-0.018,56.8,70.7,4.2506,0.0,1.529,0.775,247 360 154 109
isoleucine,8,lysine,10,6,15,2,9.696,10.889,-0.018,56.8,70.7,0.8108,0.0,1.274,0.855,244 3 138 100 200 193
isoleucine,8,lysine,10,6,15,3,9.696,10.889,-0.018,56.8,70.7,0.0,0.0,1.914,0.92,263 27 84 324 287 122 136 183
isoleucine,8,lysine,10,6,15,4,9.696,10.889,-0.018,56.8,70.7,0.0,0.0,2.257,1.575,281 12 52 321 282 113 147 231 215 168
isoleucine,8,aspartic,21,4,3,1,8.931,11.656,0.465,17.6,31.9,7.5797,0.0,3.027,0.507,130 0 180 0
isoleucine,8,aspartic,21,4,3,2,8.931,11.656,0.465,17.6,31.9,3.9518,0.0,3.027,0.417,133 359 187 351 165 166
isoleucine,8,aspartic,21,4,3,3,8.931,11.656,0.465,17.6,31.9,0.5819,0.0,1.666,0.969,121 358 199 332 154 161 133 151
isoleucine,8,aspartic,21,4,3,4,8.931,11.656,0.465,17.6,31.9,0.0,0.0,2.276,2.778,88 312 222 101 147 203 202 144 119 163
isoleucine,8,aspartic,21,4,4,1,8.931,10.793,0.465,12.7,70.7,7.3126,0.0,3.027,0.289,175 360 181 360
isoleucine,8,aspartic,21,4,4,2,8.931,10.793,0.465,12.7,70.7,3.5648,0.0,3.027,0.149,172 0 179 1 200 215
isoleucine,8,aspartic,21,4,4,3,8.931,10.793,0.465,12.7,70.7,0.079,0.0,2.263,0.333,188 1 177 3 212 223 199 191
isoleucine,8,aspartic,21,4,4,4,8.931,10.793,0.465,12.7,70.7,0.0,0.0,2.589,4.532,326 316 177 43 193 259 211 160 169 189
isoleucine,8,aspartic,21,4,5,1,8.931,10.15,0.465,24.2,94.7,5.6604,0.0,3.027,1.076,154 360 180 360
isoleucine,8,aspartic,21,4,5,2,8.931,10.15,0.465,24.2,94.7,2.1718,0.0,3.027,0.907,147 2 165 21 204 199
isoleucine,8,aspartic,21,4,5,3,8.931,10.15,0.465,24.2,94.7,0.0,0.0,2.904,0.726,206 307 203 68 159 229 206 184
isoleucine,8,aspartic,21,4,5,4,8.931,10.15,0.465,24.2,94.7,0.0,0.0,2.148,2.512,83 324 287 65 96 239 220 152 162 187
isoleucine,8,aspartic,21,5,3,1,8.931,9.353,0.465,120.2,35.2,2.0666,0.0,1.404,0.685,103 246 181 181
isoleucine,8,aspartic,21,5,3,2,8.931,9.353,0.465,120.2,35.2,0.2287,0.0,1.228,0.682,1 136 174 176 317 201
isoleucine,8,aspartic,21,5,3,3,8.931,9.353,0.465,120.2,35.2,0.0,0.0,2.643,0.986,107 201 172 46 276 185 4 290
isoleucine,8,aspartic,21,5,3,4,8.931,9.353,0.465,120.2,35.2,0.0,0.0,2.919,0.971,162 175 181 139 140 232 227 126 133 192
isoleucine,8,aspartic,21,5,4,1,8.931,8.738,0.465,107.2,62.7,1.4568,0.0,1.502,0.771,111 266 186 184
isoleucine,8,aspartic,21,5,4,2,8.931,8.738,0.465,107.2,62.7,0.0,0.0,2.424,0.683,138 270 185 57 25 146
isoleucine,8,aspartic,21,5,4,3,8.931,8.738,0.465,107.2,62.7,0.0,0.0,2.644,0.375,164 220 239 95 82 237 213 134
isoleucine,8,aspartic,21,5,4,4,8.931,8.738,0.465,107.2,62.7,0.0,0.0,2.919,0.945,166 190 203 151 142 227 225 84 95 198
isoleucine,8,aspartic,21,5,5,1,8.931,7.866,0.465,122.2,95.3,0.707,0.0,2.413,0.485,117 255 151 165
isoleucine,8,aspartic,21,5,5,2,8.931,7.866,0.465,122.2,95.3,0.0,0.0,2.689,0.273,98 123 270 39 287 17
isoleucine,8,aspartic,21,5,5,3,8.931,7.866,0.465,122.2,95.3,0.0,0.0,2.919,1.636,191 151 245 65 105 355 287 152
isoleucine,8,aspartic,21,5,5,4,8.931,7.866,0.465,122.2,95.3,0.0,0.0,2.919,1.491,196 163 184 132 123 242 233 125 143 200
isoleucine,8,aspartic,21,6,3,1,8.931,10.031,0.465,92.3,22.3,2.7667,0.0,1.246,1.301,250 64 176 178
isoleucine,8,aspartic,21,6,3,2,8.931,10.031,0.465,92.3,22.3,0.7376,0.0,0.815,2.238,319 345 133 132 313 206
isoleucine,8,aspartic,21,6,3,3,8.931,10.031,0.465,92.3,22.3,0.0563,0.0,0.975,2.643,321 358 150 118 318 194 358 194
isoleucine,8,aspartic,21,6,3,4,8.931,10.031,0.465,92.3,22.3,0.0,0.0,2.118,0.466,191 86 162 263 262 173 115 215 278 155
isoleucine,8,aspartic,21,6,4,1,8.931,8.801,0.465,104.7,78.8,1.5133,0.0,1.778,1.697,249 86 182 181
isoleucine,8,aspartic,21,6,4,2,8.931,8.801,0.465,104.7,78.8,0.0,0.0,2.886,1.595,228 161 138 239 223 143
isoleucine,8,aspartic,21,6,4,3,8.931,8.801,0.465,104.7,78.8,0.0,0.0,3.655,1.092,210 176 156 226 226 102 119 203
isoleucine,8,aspartic,21,6,4,4,8.931,8.801,0.465,104.7,78.8,0.0,0.0,3.809,0.679,179 174 152 222 235 135 148 242 216 155
isoleucine,8,aspartic,21,6,5,1,8.931,8.419,0.465,98.6,93.0,1.1447,0.0,1.462,1.764,309 281 186 184
isoleucine,8,aspartic,21,6,5,2,8.931,8.419,0.465,98.6,93.0,0.0,0.0,2.988,1.157,217 169 124 241 213 124
isoleucine,8,aspartic,21,6,5,3,8.931,8.419,0.465,98.6,93.0,0.0,0.0,3.436,1.077,204 181 150 229 230 80 103 211
isoleucine,8,aspartic,21,6,5,4,8.931,8.419,0.465,98.6,93.0,0.0,0.0,3.668,0.903,173 179 161 223 230 125 133 235 217 160
isoleucine,8,glutamic,15,4,5,1,9.168,9.56,0.513,73.2,74.3,2.271,0.0,0.775,2.012,121 359 180 180
isoleucine,8,glutamic,15,4,5,2,9.168,9.56,0.513,73.2,74.3,0.0011,0.0,1.261,1.912,82 10 193 49 246 168
isoleucine,8,glutamic,15,4,5,3,9.168,9.56,0.513,73.2,74.3,0.0,0.0,2.92,0.825,153 342 229 344 102 300 181 94
isoleucine,8,glutamic,15,4,5,4,9.168,9.56,0.513,73.2,74.3,0.0,0.0,2.955,4.095,118 213 230 163 147 248 252 117 137 209
isoleucine,8,glutamic,15,4,6,1,9.168,8.998,0.513,80.9,95.3,1.7128,0.0,0.484,2.297,111 38 183 182
isoleucine,8,glutamic,15,4,6,2,9.168,8.998,0.513,80.9,95.3,0.0,0.0,1.637,3.623,187 243 207 111 123 173
isoleucine,8,glutamic,15,4,6,3,9.168,8.998,0.513,80.9,95.3,0.0,0.0,2.681,3.638,185 187 234 151 133 251 234 145
isoleucine,8,glutamic,15,4,6,4,9.168,8.998,0.513,80.9,95.3,0.0,0.0,3.027,3.873,167 182 230 181 159 244 238 73 101 211
isoleucine,8,glutamic,15,4,7,1,9.168,10.639,0.513,85.5,24.2,3.4658,0.0,0.87,2.862,149 314 168 172
isoleucine,8,glutamic,15,4,7,2,9.168,10.639,0.513,85.5,24.2,0.7325,0.0,1.861,3.728,160 273 182 181 89 146
isoleucine,8,glutamic,15,4,7,3,9.168,10.639,0.513,85.5,24.2,0.0,0.0,3.027,3.87,170 232 194 170 119 183 330 211
isoleucine,8,glutamic,15,4,7,4,9.168,10.639,0.513,85.5,24.2,0.0,0.0,3.027,3.829,189 188 213 155 147 225 219 125 142 199
isoleucine,8,glutamic,15,5,5,1,9.168,7.732,0.513,167.9,84.5,1.4176,0.0,0.57,1.957,249 180 160 66
isoleucine,8,glutamic,15,5,5,2,9.168,7.732,0.513,167.9,84.5,0.0,0.0,2.919,0.348,113 139 240 287 213 114
isoleucine,8,glutamic,15,5,5,3,9.168,7.732,0.513,167.9,84.5,0.0,0.0,2.874,0.9,50 155 172 146 43 150 88 273
isoleucine,8,glutamic,15,5,5,4,9.168,7.732,0.513,167.9,84.5,0.0,0.0,1.752,2.419,322 228 190 166 240 151 88 292 262 57
isoleucine,8,glutamic,15,5,6,1,9.168,7.484,0.513,154.1,93.8,0.453,0.0,1.019,1.391,205 180 199 236
isoleucine,8,glutamic,15,5,6,2,9.168,7.484,0.513,154.1,93.8,0.0,0.0,1.947,2.469,250 274 142 210 251 49
isoleucine,8,glutamic,15,5,6,3,9.168,7.484,0.513,154.1,93.8,0.0,0.0,2.919,0.704,59 199 125 76 63 176 73 4
isoleucine,8,glutamic,15,5,6,4,9.168,7.484,0.513,154.1,93.8,0.0,0.0,2.918,2.469,267 259 216 179 237 118 97 270 244 130
isoleucine,8,glutamic,15,5,7,1,9.168,9.222,0.513,155.1,12.6,2.2439,0.0,0.856,1.774,232 178 159 141
isoleucine,8,glutamic,15,5,7,2,9.168,9.222,0.513,155.1,12.6,0.6155,0.0,2.046,2.469,286 248 145 165 331 200
isoleucine,8,glutamic,15,5,7,3,9.168,9.222,0.513,155.1,12.6,0.0052,0.0,2.268,2.469,294 277 145 164 295 210 358 155
isoleucine,8,glutamic,15,5,7,4,9.168,9.222,0.513,155.1,12.6,0.0,0.0,2.919,1.5,205 239 193 173 213 116 119 268 247 156
isoleucine,8,glutamic,15,6,5,1,9.168,9.933,0.513,58.8,83.0,3.2204,0.0,2.456,0.786,228 0 206 249
isoleucine,8,glutamic,15,6,5,2,9.168,9.933,0.513,58.8,83.0,0.0,0.0,2.362,0.663,212 45 186 246 206 188
isoleucine,8,glutamic,15,6,5,3,9.168,9.933,0.513,58.8,83.0,0.0,0.0,3.365,1.713,265 95 80 225 225 140 159 207
isoleucine,8,glutamic,15,6,5,4,9.168,9.933,0.513,58.8,83.0,0.0,0.0,3.308,1.763,287 7 45 315 282 111 135 224 210 168
isoleucine,8,glutamic,15,6,6,1,9.168,9.366,0.513,67.2,104.6,2.4567,0.0,2.436,0.324,221 355 152 139
isoleucine,8,glutamic,15,6,6,2,9.168,9.366,0.513,67.2,104.6,0.0,0.0,2.435,1.04,209 92 121 231 213 171
isoleucine,8,glutamic,15,6,6,3,9.168,9.366,0.513,67.2,104.6,0.0,0.0,1.582,1.13,246 106 8 296 267 112 215 296
isoleucine,8,glutamic,15,6,6,4,9.168,9.366,0.513,67.2,104.6,0.0,0.0,3.782,1.779,253 108 83 188 205 134 142 279 254 155
isoleucine,8,glutamic,15,6,7,1,9.168,11.34,0.513,58.8,14.1,4.6436,0.0,2.122,0.268,215 359 154 118
isoleucine,8,glutamic,15,6,7,2,9.168,11.34,0.513,58.8,14.1,1.1822,0.0,1.237,0.492,211 357 148 127 151 166
isoleucine,8,glutamic,15,6,7,3,9.168,11.34,0.513,58.8,14.1,0.2642,0.0,2.954,1.712,193 352 155 153 131 157 351 187
isoleucine,8,glutamic,15,6,7,4,9.168,11.34,0.513,58.8,14.1,0.0002,0.0,3.839,1.077,210 331 160 306 313 155 95 132 337 234
isoleucine,8,leucine,12,4,1,1,7.738,6.792,-0.003,96.0,116.6,0.0,0.0,3.027,3.246,179 234 250 143
isoleucine,8,leucine,12,4,1,2,7.738,6.792,-0.003,96.0,116.6,0.0,0.0,3.027,1.911,212 168 265 105 132 264
isoleucine,8,leucine,12,4,1,3,7.738,6.792,-0.003,96.0,116.6,0.0,0.0,3.027,3.393,204 148 247 162 100 279 246 93
isoleucine,8,leucine,12,4,1,4,7.738,6.792,-0.003,96.0,116.6,0.0,0.0,3.027,3.643,207 160 208 165 135 249 249 91 124 219
isoleucine,8,leucine,12,4,2,1,7.738,6.844,-0.003,84.3,114.2,0.0,0.0,3.027,1.723,191 267 233 135
isoleucine,8,leucine,12,4,2,2,7.738,6.844,-0.003,84.3,114.2,0.0,0.0,3.027,0.688,237 214 241 92 118 263
isoleucine,8,leucine,12,4,2,3,7.738,6.844,-0.003,84.3,114.2,0.0,0.0,1.809,1.032,69 315 297 38 128 7 296 220
isoleucine,8,leucine,12,4,2,4,7.738,6.844,-0.003,84.3,114.2,0.0,0.0,1.27,1.425,107 263 257 127 124 263 260 112 138 214
isoleucine,8,leucine,12,4,13,1,7.738,8.642,-0.003,96.0,43.3,1.3702,0.0,3.027,2.931,127 76 170 174
isoleucine,8,leucine,12,4,13,2,7.738,8.642,-0.003,96.0,43.3,0.0,0.0,3.027,1.616,219 221 221 156 55 146
isoleucine,8,leucine,12,4,13,3,7.738,8.642,-0.003,96.0,43.3,0.0,0.0,3.027,3.346,208 156 240 150 119 286 265 126
isoleucine,8,leucine,12,4,13,4,7.738,8.642,-0.003,96.0,43.3,0.0,0.0,2.759,3.971,149 207 238 192 163 254 262 76 108 223
isoleucine,8,leucine,12,5,1,1,7.738,6.148,-0.003,124.0,107.4,0.0,0.0,2.919,2.273,214 355 6 124
isoleucine,8,leucine,12,5,1,2,7.738,6.148,-0.003,124.0,107.4,0.0119,0.0,2.919,2.469,238 15 67 51 24 29
isoleucine,8,leucine,12,5,1,3,7.738,6.148,-0.003,124.0,107.4,0.0,0.0,1.922,0.727,65 341 5 360 190 326 130 168
isoleucine,8,leucine,12,5,1,4,7.738,6.148,-0.003,124.0,107.4,0.0,0.0,1.616,0.926,95 211 173 229 248 107 106 248 223 142
isoleucine,8,leucine,12,5,2,1,7.738,6.032,-0.003,116.9,112.4,0.0,0.0,2.919,1.828,222 312 81 68
isoleucine,8,leucine,12,5,2,2,7.738,6.032,-0.003,116.9,112.4,0.0,0.0,2.919,1.588,221 67 49 354 84 26
isoleucine,8,leucine,12,5,2,3,7.738,6.032,-0.003,116.9,112.4,0.0,0.0,2.493,0.608,52 95 229 62 68 344 248 86
isoleucine,8,leucine,12,5,2,4,7.738,6.032,-0.003,116.9,112.4,0.0,0.0,2.919,1.535,251 251 280 57 34 296 272 41 100 242
isoleucine,8,leucine,12,5,13,1,7.738,8.092,-0.003,118.9,27.0,1.0577,0.0,2.919,2.34,226 280 124 160
isoleucine,8,leucine,12,5,13,2,7.738,8.092,-0.003,118.9,27.0,0.2935,0.0,2.919,2.456,236 355 73 136 356 196
isoleucine,8,leucine,12,5,13,3,7.738,8.092,-0.003,118.9,27.0,0.0,0.0,2.919,0.763,110 93 164 227 22 185 8 251
isoleucine,8,leucine,12,5,13,4,7.738,8.092,-0.003,118.9,27.0,0.0,0.0,1.992,0.471,150 196 165 174 244 157 16 234 329 61
isoleucine,8,leucine,12,6,1,1,7.738,7.355,-0.003,75.1,97.5,0.2881,0.0,3.763,2.161,172 17 220 225
isoleucine,8,leucine,12,6,1,2,7.738,7.355,-0.003,75.1,97.5,0.0,0.0,1.8,0.475,252 330 172 22 61 68
isoleucine,8,leucine,12,6,1,3,7.738,7.355,-0.003,75.1,97.5,0.0,0.0,2.346,1.03,257 70 103 256 223 67 89 196
isoleucine,8,leucine,12,6,1,4,7.738,7.355,-0.003,75.1,97.5,0.0,0.0,2.513,0.601,315 47 52 291 274 58 99 230 181 146
isoleucine,8,leucine,12,6,2,1,7.738,6.586,-0.003,93.9,132.7,0.0,0.0,3.724,1.042,156 35 256 265
isoleucine,8,leucine,12,6,2,2,7.738,6.586,-0.003,93.9,132.7,0.0,0.0,3.9,1.536,146 265 1 256 284 147
isoleucine,8,leucine,12,6,2,3,7.738,6.586,-0.003,93.9,132.7,0.0,0.0,3.9,1.6,116 124 180 178 281 99 145 316
isoleucine,8,leucine,12,6,2,4,7.738,6.586,-0.003,93.9,132.7,0.0,0.0,3.483,0.821,155 201 156 204 231 90 90 285 253 139
isoleucine,8,leucine,12,6,13,1,7.738,8.822,-0.003,89.2,39.6,1.5523,0.0,3.062,0.866,224 297 189 186
isoleucine,8,leucine,12,6,13,2,7.738,8.822,-0.003,89.2,39.6,0.0269,0.0,3.9,0.713,132 83 178 179 353 184
isoleucine,8,leucine,12,6,13,3,7.738,8.822,-0.003,89.2,39.6,0.0,0.0,3.9,0.552,229 160 285 305 315 204 16 130
isoleucine,8,leucine,12,6,13,4,7.738,8.822,-0.003,89.2,39.6,0.0,0.0,3.9,0.475,136 169 72 207 58 71 339 104 82 285
isoleucine,8,serine,32,4,3,1,6.192,6.5,-0.992,49.6,97.2,0.5638,0.0,1.055,4.03,50 360 185 350
isoleucine,8,serine,32,4,3,2,6.192,6.5,-0.992,49.6,97.2,0.0,0.0,2.344,4.532,12 290 279 71 127 244
isoleucine,8,serine,32,4,3,3,6.192,6.5,-0.992,49.6,97.2,0.0,0.0,2.543,4.532,327 339 296 41 87 309 269 154
isoleucine,8,serine,32,4,3,4,6.192,6.5,-0.992,49.6,97.2,0.0,0.0,1.199,3.68,312 303 340 98 63 288 251 306 73 234
isoleucine,8,serine,32,4,4,1,6.192,8.27,-0.992,55.0,21.0,1.7908,0.0,2.016,4.005,66 0 201 278
isoleucine,8,serine,32,4,4,2,6.192,8.27,-0.992,55.0,21.0,0.5168,0.0,3.027,2.413,106 14 122 107 33 149
isoleucine,8,serine,32,4,4,3,6.192,8.27,-0.992,55.0,21.0,0.0,0.0,3.027,3.095,114 307 227 131 336 221 350 98
isoleucine,8,serine,32,4,4,4,6.192,8.27,-0.992,55.0,21.0,0.0,0.0,2.299,1.813,86 334 279 52 67 239 254 99 98 211
isoleucine,8,serine,32,4,5,1,6.192,7.186,-0.992,69.1,71.8,0.1256,0.0,1.627,4.532,59 347 213 231
isoleucine,8,serine,32,4,5,2,6.192,7.186,-0.992,69.1,71.8,0.0,0.0,2.49,4.532,1 321 267 74 133 215
isoleucine,8,serine,32,4,5,3,6.192,7.186,-0.992,69.1,71.8,0.0,0.0,2.859,4.532,344 310 324 82 103 255 183 110
isoleucine,8,serine,32,4,5,4,6.192,7.186,-0.992,69.1,71.8,0.0,0.0,2.45,4.532,33 74 10 326 354 257 256 91 129 232
isoleucine,8,serine,32,5,3,1,6.192,5.202,-0.992,98.4,93.0,0.0,0.0,2.114,0.909,17 120 337 64
isoleucine,8,serine,32,5,3,2,6.192,5.202,-0.992,98.4,93.0,0.0,0.0,2.906,0.944,72 192 256 83 92 356
isoleucine,8,serine,32,5,3,3,6.192,5.202,-0.992,98.4,93.0,0.0,0.0,2.919,0.974,77 194 231 164 68 26 106 300
isoleucine,8,serine,32,5,3,4,6.192,5.202,-0.992,98.4,93.0,0.0,0.0,1.531,2.469,283 59 111 315 306 78 97 303 236 125
isoleucine,8,serine,32,5,4,1,6.192,6.671,-0.992,117.4,35.5,0.5924,0.0,2.013,0.736,12 139 332 230
isoleucine,8,serine,32,5,4,2,6.192,6.671,-0.992,117.4,35.5,0.0,0.0,2.531,0.621,35 125 300 240 336 94
isoleucine,8,serine,32,5,4,3,6.192,6.671,-0.992,117.4,35.5,0.0,0.0,2.093,2.449,302 229 123 326 99 99 69 359
isoleucine,8,serine,32,5,4,4,6.192,6.671,-0.992,117.4,35.5,0.0,0.0,2.099,2.469,294 357 36 52 46 80 88 232 290 179
isoleucine,8,serine,32,5,5,1,6.192,6.287,-0.992,102.8,52.7,0.2514,0.0,1.985,2.469,307 319 340 243
isoleucine,8,serine,32,5,5,2,6.192,6.287,-0.992,102.8,52.7,0.0,0.0,2.52,2.469,283 233 4 297 297 86
isoleucine,8,serine,32,5,5,3,6.192,6.287,-0.992,102.8,52.7,0.0,0.0,1.991,1.882,32 338 142 52 47 183 346 38
isoleucine,8,serine,32,5,5,4,6.192,6.287,-0.992,102.8,52.7,0.0,0.0,2.074,2.469,293 359 51 29 2 78 102 306 246 122
isoleucine,8,serine,32,6,3,1,6.192,6.771,-0.992,37.4,111.1,1.8956,0.0,2.885,2.605,311 359 182 358
isoleucine,8,serine,32,6,3,2,6.192,6.771,-0.992,37.4,111.1,0.0,0.0,2.685,0.977,273 83 101 327 221 101
isoleucine,8,serine,32,6,3,3,6.192,6.771,-0.992,37.4,111.1,0.0,0.0,2.768,1.717,344 51 51 291 285 89 140 242
isoleucine,8,serine,32,6,3,4,6.192,6.771,-0.992,37.4,111.1,0.0,0.0,3.41,1.15,345 11 47 318 290 92 118 258 231 155
isoleucine,8,serine,32,6,4,1,6.192,8.665,-0.992,36.9,34.8,3.3151,0.0,3.004,1.617,290 0 178 4
isoleucine,8,serine,32,6,4,2,6.192,8.665,-0.992,36.9,34.8,0.2117,0.0,3.562,0.47,286 359 202 267 272 196
isoleucine,8,serine,32,6,4,3,6.192,8.665,-0.992,36.9,34.8,0.0,0.0,3.574,1.335,319 6 100 320 275 101 91 162
isoleucine,8,serine,32,6,4,4,6.192,8.665,-0.992,36.9,34.8,0.0,0.0,3.538,1.355,338 30 44 303 275 107 146 242 203 155
isoleucine,8,serine,32,6,5,1,6.192,8.188,-0.992,21.9,56.7,4.3389,0.0,2.884,2.306,306 360 181 359
isoleucine,8,serine,32,6,5,2,6.192,8.188,-0.992,21.9,56.7,0.847,0.0,2.531,3.262,328 360 180 360 141 121
isoleucine,8,serine,32,6,5,3,6.192,8.188,-0.992,21.9,56.7,0.0,0.0,3.39,3.465,350 6 172 95 90 247 218 149
isoleucine,8,serine,32,6,5,4,6.192,8.188,-0.992,21.9,56.7,0.0,0.0,3.161,3.465,45 24 77 321 284 70 98 224 211 163
isoleucine,8,tryptophan,5,4,16,1,5.987,5.971,-0.204,50.6,125.0,0.4236,0.0,1.357,4.532,22 354 199 345
isoleucine,8,tryptophan,5,4,16,2,5.987,5.971,-0.204,50.6,125.0,0.0,0.0,2.384,4.532,4 250 320 72 100 253
isoleucine,8,tryptophan,5,4,16,3,5.987,5.971,-0.204,50.6,125.0,0.0,0.0,2.893,4.532,310 335 310 51 85 292 239 131
isoleucine,8,tryptophan,5,4,16,4,5.987,5.971,-0.204,50.6,125.0,0.0,0.0,2.347,4.532,341 2 324 24 53 290 259 77 116 216
isoleucine,8,tryptophan,5,4,17,1,5.987,6.603,-0.204,48.6,97.2,0.7424,0.0,1.86,4.532,357 1 171 18
isoleucine,8,tryptophan,5,4,17,2,5.987,6.603,-0.204,48.6,97.2,0.0,0.0,2.534,4.532,9 268 237 121 79 58
isoleucine,8,tryptophan,5,4,17,3,5.987,6.603,-0.204,48.6,97.2,0.0,0.0,3.027,4.532,299 60 186 161 21 7 114 296
isoleucine,8,tryptophan,5,4,17,4,5.987,6.603,-0.204,48.6,97.2,0.0,0.0,1.297,4.532,36 358 40 339 300 74 113 272 233 147
isoleucine,8,tryptophan,5,4,18,1,5.987,8.232,-0.204,51.7,30.8,1.9625,0.0,1.424,4.532,14 0 201 288
isoleucine,8,tryptophan,5,4,18,2,5.987,8.232,-0.204,51.7,30.8,0.127,0.0,1.941,4.532,6 66 106 158 11 155
isoleucine,8,tryptophan,5,4,18,3,5.987,8.232,-0.204,51.7,30.8,0.0,0.0,2.669,4.532,357 137 106 207 237 12 239 122
isoleucine,8,tryptophan,5,4,18,4,5.987,8.232,-0.204,51.7,30.8,0.0,0.0,1.551,4.532,21 341 302 32 63 265 235 99 126 204
isoleucine,8,tryptophan,5,5,16,1,5.987,5.316,-0.204,75.0,124.3,0.0,0.0,1.895,1.536,10 78 74 313
isoleucine,8,tryptophan,5,5,16,2,5.987,5.316,-0.204,75.0,124.3,0.0,0.0,2.133,0.567,57 125 338 342 255 268
isoleucine,8,tryptophan,5,5,16,3,5.987,5.316,-0.204,75.0,124.3,0.0,0.0,1.679,0.806,62 0 71 205 338 323 298 317
isoleucine,8,tryptophan,5,5,16,4,5.987,5.316,-0.204,75.0,124.3,0.0,0.0,1.697,0.813,63 337 17 331 295 64 104 298 250 138
isoleucine,8,tryptophan,5,5,17,1,5.987,6.379,-0.204,57.6,80.4,0.6291,0.0,1.226,1.883,32 12 123 35
isoleucine,8,tryptophan,5,5,17,2,5.987,6.379,-0.204,57.6,80.4,0.0,0.0,0.449,1.366,49 59 86 65 46 96
isoleucine,8,tryptophan,5,5,17,3,5.987,6.379,-0.204,57.6,80.4,0.0,0.0,0.713,0.746,29 221 18 336 121 101 35 48
isoleucine,8,tryptophan,5,5,17,4,5.987,6.379,-0.204,57.6,80.4,0.0,0.0,0.767,0.863,13 335 306 67 60 255 267 43 127 271
isoleucine,8,tryptophan,5,5,18,1,5.987,7.688,-0.204,72.8,22.9,0.9896,0.0,0.503,2.324,353 330 256 223
isoleucine,8,tryptophan,5,5,18,2,5.987,7.688,-0.204,72.8,22.9,0.221,0.0,1.687,2.469,328 294 301 197 357 189
isoleucine,8,tryptophan,5,5,18,3,5.987,7.688,-0.204,72.8,22.9,0.0,0.0,1.638,1.515,33 260 195 307 344 234 292 77
isoleucine,8,tryptophan,5,5,18,4,5.987,7.688,-0.204,72.8,22.9,0.0,0.0,1.51,2.469,279 60 266 353 111 162 55 206 303 258
isoleucine,8,tryptophan,5,6,16,1,5.987,6.16,-0.204,42.6,105.4,1.1772,0.0,0.794,3.465,335 1 175 4
isoleucine,8,tryptophan,5,6,16,2,5.987,6.16,-0.204,42.6,105.4,0.0,0.0,1.996,0.913,278 359 202 352 236 323
isoleucine,8,tryptophan,5,6,16,3,5.987,6.16,-0.204,42.6,105.4,0.0,0.0,1.569,3.465,85 46 76 331 241 2 117 205
isoleucine,8,tryptophan,5,6,16,4,5.987,6.16,-0.204,42.6,105.4,0.0,0.0,0.554,0.913,331 23 52 309 295 83 104 301 253 135
isoleucine,8,tryptophan,5,6,17,1,5.987,6.257,-0.204,62.2,101.4,0.0,0.0,2.167,3.465,15 312 228 307
isoleucine,8,tryptophan,5,6,17,2,5.987,6.257,-0.204,62.2,101.4,0.0,0.0,0.916,3.465,357 130 350 13 244 37
isoleucine,8,tryptophan,5,6,17,3,5.987,6.257,-0.204,62.2,101.4,0.0,0.0,1.95,2.996,311 95 167 81 6 302 304 309
isoleucine,8,tryptophan,5,6,17,4,5.987,6.257,-0.204,62.2,101.4,0.0,0.0,2.272,3.465,35 349 30 339 315 65 94 305 248 132
isoleucine,8,tryptophan,5,6,18,1,5.987,8.201,-0.204,53.0,14.4,1.8458,0.0,1.688,3.465,344 0 201 286
isoleucine,8,tryptophan,5,6,18,2,5.987,8.201,-0.204,53.0,14.4,0.6024,0.0,3.602,3.465,20 20 117 116 31 144
isoleucine,8,tryptophan,5,6,18,3,5.987,8.201,-0.204,53.0,14.4,0.0,0.0,3.8,3.465,55 357 167 250 258 164 19 206
isoleucine,8,tryptophan,5,6,18,4,5.987,8.201,-0.204,53.0,14.4,0.0,0.0,3.781,3.465,57 341 83 356 294 67 59 235 290 163
isoleucine,8,glutamic,10,4,5,1,4.526,5.557,-0.307,25.6,85.7,2.8453,0.0,3.027,4.532,274 3 174 2
isoleucine,8,glutamic,10,4,5,2,4.526,5.557,-0.307,25.6,85.7,0.0,0.0,2.817,4.532,314 40 115 20 141 33
isoleucine,8,glutamic,10,4,5,3,4.526,5.557,-0.307,25.6,85.7,0.0,0.0,1.665,4.532,359 46 74 299 270 64 104 216
isoleucine,8,glutamic,10,4,5,4,4.526,5.557,-0.307,25.6,85.7,0.0,0.0,1.54,4.532,3 15 53 316 286 80 109 252 225 156
isoleucine,8,glutamic,10,4,6,1,4.526,4.597,-0.307,41.0,127.0,1.8439,0.0,3.027,2.903,234 322 230 359
isoleucine,8,glutamic,10,4,6,2,4.526,4.597,-0.307,41.0,127.0,0.0,0.0,3.027,3.392,267 98 31 334 237 15
isoleucine,8,glutamic,10,4,6,3,4.526,4.597,-0.307,41.0,127.0,0.0,0.0,2.901,3.593,311 66 38 271 268 75 163 265
isoleucine,8,glutamic,10,4,6,4,4.526,4.597,-0.307,41.0,127.0,0.0,0.0,2.772,3.336,328 4 40 296 262 92 126 266 238 160
isoleucine,8,glutamic,10,4,7,1,4.526,5.907,-0.307,49.7,73.0,0.6039,0.0,3.027,4.532,265 21 150 4
isoleucine,8,glutamic,10,4,7,2,4.526,5.907,-0.307,49.7,73.0,0.0,0.0,3.027,4.532,285 110 87 315 151 46
isoleucine,8,glutamic,10,4,7,3,4.526,5.907,-0.307,49.7,73.0,0.0,0.0,2.859,4.532,329 100 18 272 244 66 224 289
isoleucine,8,glutamic,10,4,7,4,4.526,5.907,-0.307,49.7,73.0,0.0,0.0,3.027,4.532,328 151 311 206 9 83 115 317 64 9
isoleucine,8,glutamic,10,5,5,1,4.526,4.811,-0.307,58.9,94.2,0.7001,0.0,2.919,1.397,73 284 279 357
isoleucine,8,glutamic,10,5,5,2,4.526,4.811,-0.307,58.9,94.2,0.0,0.0,2.14,0.884,32 231 27 352 128 19
isoleucine,8,glutamic,10,5,5,3,4.526,4.811,-0.307,58.9,94.2,0.0,0.0,0.808,0.856,5 286 343 99 88 282 182 70
isoleucine,8,glutamic,10,5,5,4,4.526,4.811,-0.307,58.9,94.2,0.0,0.0,1.72,1.56,353 93 39 109 107 284 278 57 104 234
isoleucine,8,glutamic,10,5,6,1,4.526,4.088,-0.307,60.3,127.0,1.193,0.0,1.817,0.878,111 94 66 359
isoleucine,8,glutamic,10,5,6,2,4.526,4.088,-0.307,60.3,127.0,0.1573,0.0,0.193,0.757,67 211 20 58 82 12
isoleucine,8,glutamic,10,5,6,3,4.526,4.088,-0.307,60.3,127.0,0.0,0.0,0.792,0.746,27 303 347 74 97 306 179 83
isoleucine,8,glutamic,10,5,6,4,4.526,4.088,-0.307,60.3,127.0,0.0,0.0,1.483,0.786,14 13 333 61 93 273 241 89 116 202
isoleucine,8,glutamic,10,5,7,1,4.526,6.02,-0.307,44.9,49.3,1.746,0.0,1.408,1.203,111 41 115 11
isoleucine,8,glutamic,10,5,7,2,4.526,6.02,-0.307,44.9,49.3,0.4156,0.0,2.919,1.057,154 35 109 41 91 63
isoleucine,8,glutamic,10,5,7,3,4.526,6.02,-0.307,44.9,49.3,0.0,0.0,0.519,2.209,1 318 229 53 163 305 258 210
isoleucine,8,glutamic,10,5,7,4,4.526,6.02,-0.307,44.9,49.3,0.0,0.0,1.728,1.25,354 109 62 63 96 296 288 96 107 200
isoleucine,8,glutamic,10,6,5,1,4.526,3.362,-0.307,114.3,71.9,1.8459,0.0,3.884,3.465,8 48 13 11
isoleucine,8,glutamic,10,6,5,2,4.526,3.362,-0.307,114.3,71.9,0.8747,0.0,3.9,3.465,47 57 13 63 92 7
isoleucine,8,glutamic,10,6,5,3,4.526,3.362,-0.307,114.3,71.9,0.0,0.0,3.9,3.465,62 58 50 241 285 60 106 296
isoleucine,8,glutamic,10,6,5,4,4.526,3.362,-0.307,114.3,71.9,0.0,0.0,3.9,3.465,32 37 358 284 12 73 52 321 198 24
isoleucine,8,glutamic,10,6,6,1,4.526,2.147,-0.307,154.1,122.2,2.8209,0.0,0.7,0.606,265 329 7 3
isoleucine,8,glutamic,10,6,6,2,4.526,2.147,-0.307,154.1,122.2,1.7466,0.0,2.5,0.667,170 337 0 3 176 0
isoleucine,8,glutamic,10,6,6,3,4.526,2.147,-0.307,154.1,122.2,0.0,0.0,3.531,2.34,146 27 351 229 333 7 143 332
isoleucine,8,glutamic,10,6,6,4,4.526,2.147,-0.307,154.1,122.2,0.0,0.0,3.144,1.722,85 311 337 301 315 66 59 316 251 93
isoleucine,8,glutamic,10,6,7,1,4.526,3.75,-0.307,142.8,58.7,1.3514,0.0,3.9,3.465,30 41 351 356
isoleucine,8,glutamic,10,6,7,2,4.526,3.75,-0.307,142.8,58.7,0.1461,0.0,3.9,3.465,110 36 1 20 153 0
isoleucine,8,glutamic,10,6,7,3,4.526,3.75,-0.307,142.8,58.7,0.0,0.0,3.854,3.141,149 260 111 227 318 311 227 83
isoleucine,8,glutamic,10,6,7,4,4.526,3.75,-0.307,142.8,58.7,0.0,0.0,1.383,2.759,301 78 290 150 296 185 41 33 148 321
isoleucine,8,leucine,13,4,1,1,13.774,12.073,-0.253,104.4,137.9,4.8333,0.0,3.027,1.224,163 87 179 179
isoleucine,8,leucine,13,4,1,2,13.774,12.073,-0.253,104.4,137.9,1.1794,0.0,3.027,0.76,233 275 172 176 170 171
isoleucine,8,leucine,13,4,1,3,13.774,12.073,-0.253,104.4,137.9,0.0,0.0,3.027,3.519,192 154 123 184 171 103 139 227
isoleucine,8,leucine,13,4,1,4,13.774,12.073,-0.253,104.4,137.9,0.0,0.0,3.027,3.749,161 193 164 195 209 113 111 224 205 154
isoleucine,8,leucine,13,4,2,1,13.774,14.525,-0.253,105.7,31.7,7.273,0.0,3.027,1.227,162 89 180 180
isoleucine,8,leucine,13,4,2,2,13.774,14.525,-0.253,105.7,31.7,3.5809,0.0,3.027,0.77,233 273 177 178 177 177
isoleucine,8,leucine,13,4,2,3,13.774,14.525,-0.253,105.7,31.7,0.6363,0.0,3.027,1.632,241 282 193 187 189 188 111 152
isoleucine,8,leucine,13,4,2,4,13.774,14.525,-0.253,105.7,31.7,0.0,0.0,2.828,0.571,217 30 95 184 139 165 145 228 295 214
isoleucine,8,leucine,13,4,13,1,13.774,13.205,-0.253,113.7,88.3,5.9743,0.0,3.027,1.967,234 259 174 177
isoleucine,8,leucine,13,4,13,2,13.774,13.205,-0.253,113.7,88.3,2.263,0.0,3.027,1.103,161 103 170 174 171 172
isoleucine,8,leucine,13,4,13,3,13.774,13.205,-0.253,113.7,88.3,0.0,0.0,2.444,3.014,150 164 149 195 196 150 157 193
isoleucine,8,leucine,13,4,13,4,13.774,13.205,-0.253,113.7,88.3,0.0,0.0,3.027,3.531,120 194 150 211 224 122 139 202 163 150
isoleucine,8,leucine,13,5,1,1,13.774,12.513,-0.253,87.6,136.9,5.2693,0.0,2.919,1.044,201 306 180 180
isoleucine,8,leucine,13,5,1,2,13.774,12.513,-0.253,87.6,136.9,1.6606,0.0,2.919,0.862,148 48 194 188 195 193
isoleucine,8,leucine,13,5,1,3,13.774,12.513,-0.253,87.6,136.9,0.0,0.0,2.466,0.7,176 228 265 176 172 228 210 153
isoleucine,8,leucine,13,5,1,4,13.774,12.513,-0.253,87.6,136.9,0.0,0.0,2.512,0.42,167 237 243 185 179 222 222 115 125 195
isoleucine,8,leucine,13,5,2,1,13.774,14.96,-0.253,89.0,30.9,7.7074,0.0,2.919,1.003,203 303 180 180
isoleucine,8,leucine,13,5,2,2,13.774,14.96,-0.253,89.0,30.9,4.0413,0.0,2.919,0.827,148 51 187 184 186 186
isoleucine,8,leucine,13,5,2,3,13.774,14.96,-0.253,89.0,30.9,0.7827,0.0,2.919,1.116,146 38 188 184 185 185 231 205
isoleucine,8,leucine,13,5,2,4,13.774,14.96,-0.253,89.0,30.9,0.0,0.0,2.919,0.315,160 312 261 197 212 190 204 118 74 153
isoleucine,8,leucine,13,5,13,1,13.774,13.844,-0.253,88.6,80.3,6.5832,0.0,2.919,1.041,152 56 181 181
isoleucine,8,leucine,13,5,13,2,13.774,13.844,-0.253,88.6,80.3,2.8925,0.0,2.919,0.441,206 311 173 176 174 175
isoleucine,8,leucine,13,5,13,3,13.774,13.844,-0.253,88.6,80.3,0.0,0.0,2.514,1.594,178 93 95 177 170 152 155 183
isoleucine,8,leucine,13,5,13,4,13.774,13.844,-0.253,88.6,80.3,0.0,0.0,2.919,2.253,212 98 100 201 195 127 134 205 191 167
isoleucine,8,leucine,13,6,1,1,13.774,11.709,-0.253,119.9,147.5,4.4934,0.0,3.9,1.089,205 248 176 178
isoleucine,8,leucine,13,6,1,2,13.774,11.709,-0.253,119.9,147.5,0.9001,0.0,3.357,1.469,131 113 167 172 160 163
isoleucine,8,leucine,13,6,1,3,13.774,11.709,-0.253,119.9,147.5,0.0,0.0,2.544,0.651,242 190 214 140 117 193 219 183
isoleucine,8,leucine,13,6,1,4,13.774,11.709,-0.253,119.9,147.5,0.0,0.0,2.74,1.054,212 157 198 181 163 226 225 114 132 200
isoleucine,8,leucine,13,6,2,1,13.774,14.175,-0.253,120.6,39.2,6.9335,0.0,3.9,1.097,205 246 177 178
isoleucine,8,leucine,13,6,2,2,13.774,14.175,-0.253,120.6,39.2,3.2477,0.0,3.549,1.565,132 117 170 175 172 172
isoleucine,8,leucine,13,6,2,3,13.774,14.175,-0.253,120.6,39.2,0.4123,0.0,3.396,1.609,136 140 173 176 175 176 97 152
isoleucine,8,leucine,13,6,2,4,13.774,14.175,-0.253,120.6,39.2,0.0,0.0,2.325,1.086,210 174 197 180 172 210 211 129 135 190
isoleucine,8,leucine,13,6,13,1,13.774,13.25,-0.253,111.8,78.2,5.9929,0.0,3.9,1.219,201 260 182 181
isoleucine,8,leucine,13,6,13,2,13.774,13.25,-0.253,111.8,78.2,2.2755,0.0,3.104,1.168,128 98 184 182 184 183
isoleucine,8,leucine,13,6,13,3,13.774,13.25,-0.253,111.8,78.2,0.0,0.0,3.33,0.981,201 198 217 101 194 174 106 156
isoleucine,8,leucine,13,6,13,4,13.774,13.25,-0.253,111.8,78.2,0.0,0.0,3.637,1.959,163 172 202 168 156 284 279 122 153 217
isoleucine,8,serine,2,4,3,1,3.889,5.184,0.103,63.2,40.7,1.0901,0.0,3.027,2.157,210 280 300 342
isoleucine,8,serine,2,4,3,2,3.889,5.184,0.103,63.2,40.7,0.0,0.0,3.027,0.426,193 285 290 249 338 331
isoleucine,8,serine,2,4,3,3,3.889,5.184,0.103,63.2,40.7,0.0,0.0,3.027,1.635,162 93 173 130 23 263 289 312
isoleucine,8,serine,2,4,3,4,3.889,5.184,0.103,63.2,40.7,0.0,0.0,3.027,1.199,293 336 72 4 257 112 32 256 300 51
isoleucine,8,serine,2,4,4,1,3.889,4.595,0.103,61.0,63.5,1.1941,0.0,3.027,4.532,266 90 56 9
isoleucine,8,serine,2,4,4,2,3.889,4.595,0.103,61.0,63.5,0.0,0.0,3.027,4.532,313 91 39 301 232 50
isoleucine,8,serine,2,4,4,3,3.889,4.595,0.103,61.0,63.5,0.0,0.0,1.63,4.532,358 39 52 285 263 73 126 230
isoleucine,8,serine,2,4,4,4,3.889,4.595,0.103,61.0,63.5,0.0,0.0,1.976,4.532,359 350 33 313 283 82 107 258 233 155
isoleucine,8,serine,2,4,5,1,3.889,4.826,0.103,87.1,55.1,0.4146,0.0,3.027,4.532,263 155 352 342
isoleucine,8,serine,2,4,5,2,3.889,4.826,0.103,87.1,55.1,0.0,0.0,3.027,2.31,192 213 47 217 304 18
isoleucine,8,serine,2,4,5,3,3.889,4.826,0.103,87.1,55.1,0.0,0.0,3.027,1.273,166 211 79 191 281 92 150 292
isoleucine,8,serine,2,4,5,4,3.889,4.826,0.103,87.1,55.1,0.0,0.0,3.027,4.532,288 114 92 190 236 101 94 309 246 106
isoleucine,8,serine,2,5,3,1,3.889,5.139,0.103,64.9,66.1,0.3768,0.0,2.919,0.66,139 265 292 358
isoleucine,8,serine,2,5,3,2,3.889,5.139,0.103,64.9,66.1,0.0,0.0,2.919,1.356,76 285 315 54 134 285
isoleucine,8,serine,2,5,3,3,3.889,5.139,0.103,64.9,66.1,0.0,0.0,1.615,1.934,30 324 294 71 107 289 264 175
isoleucine,8,serine,2,5,3,4,3.889,5.139,0.103,64.9,66.1,0.0,0.0,2.088,1.286,24 359 321 33 71 301 262 97 131 206
isoleucine,8,serine,2,5,4,1,3.889,5.147,0.103,39.2,65.8,1.9948,0.0,2.919,1.199,117 323 234 354
isoleucine,8,serine,2,5,4,2,3.889,5.147,0.103,39.2,65.8,0.0,0.0,2.919,1.178,80 276 276 43 171 314
isoleucine,8,serine,2,5,4,3,3.889,5.147,0.103,39.2,65.8,0.0,0.0,1.407,1.949,28 315 295 71 97 285 240 139
isoleucine,8,serine,2,5,4,4,3.889,5.147,0.103,39.2,65.8,0.0,0.0,1.586,0.795,15 352 313 59 90 266 240 111 134 201
isoleucine,8,serine,2,5,5,1,3.889,5.911,0.103,46.8,34.5,1.4352,0.0,2.919,1.502,162 37 123 11
isoleucine,8,serine,2,5,5,2,3.889,5.911,0.103,46.8,34.5,0.0553,0.0,2.919,2.07,191 46 90 101 49 59
isoleucine,8,serine,2,5,5,3,3.889,5.911,0.103,46.8,34.5,0.0,0.0,2.919,0.582,149 291 311 135 347 250 299 70
isoleucine,8,serine,2,5,5,4,3.889,5.911,0.103,46.8,34.5,0.0,0.0,2.809,2.347,250 105 40 21 72 340 297 61 105 217
isoleucine,8,serine,2,6,3,1,3.889,3.252,0.103,156.9,47.7,2.121,0.0,3.9,0.534,195 40 340 356
isoleucine,8,serine,2,6,3,2,3.889,3.252,0.103,156.9,47.7,0.744,0.0,3.9,1.782,281 21 1 52 114 1
isoleucine,8,serine,2,6,3,3,3.889,3.252,0.103,156.9,47.7,0.0,0.0,3.9,0.548,151 338 297 226 5 347 190 34
isoleucine,8,serine,2,6,3,4,3.889,3.252,0.103,156.9,47.7,0.0,0.0,3.9,2.032,232 137 146 145 65 63 121 6 140 63
isoleucine,8,serine,2,6,4,1,3.889,2.687,0.103,149.3,66.1,2.3471,0.0,3.592,3.465,37 335 6 2
isoleucine,8,serine,2,6,4,2,3.889,2.687,0.103,149.3,66.1,1.2837,0.0,3.9,2.521,317 331 358 313 242 359
isoleucine,8,serine,2,6,4,3,3.889,2.687,0.103,149.3,66.1,0.0,0.0,3.9,1.637,299 324 27 92 42 312 257 46
isoleucine,8,serine,2,6,4,4,3.889,2.687,0.103,149.3,66.1,0.0,0.0,3.835,1.671,297 31 21 47 37 294 287 64 129 260
isoleucine,8,serine,2,6,5,1,3.889,3.797,0.103,134.4,25.0,1.7191,0.0,3.9,3.465,86 333 354 351
isoleucine,8,serine,2,6,5,2,3.889,3.797,0.103,134.4,25.0,0.679,0.0,3.752,3.465,48 323 352 265 295 356
isoleucine,8,serine,2,6,5,3,3.889,3.797,0.103,134.4,25.0,0.0,0.0,3.9,0.69,217 164 249 155 37 263 270 34
isoleucine,8,serine,2,6,5,4,3.889,3.797,0.103,134.4,25.0,0.0,0.0,3.9,1.038,201 237 241 128 51 247 282 41 127 291
leucine,12,phenylalanine,2,1,12,1,5.619,5.313,0.667,91.8,69.8,0.2353,0.0,1.412,0.976,271 41 39 43
leucine,12,phenylalanine,2,1,12,2,5.619,5.313,0.667,91.8,69.8,0.0,0.0,1.68,0.482,300 124 0 28 82 77
leucine,12,phenylalanine,2,1,12,3,5.619,5.313,0.667,91.8,69.8,0.0,0.0,1.72,1.039,349 309 143 58 81 325 242 102
leucine,12,phenylalanine,2,1,12,4,5.619,5.313,0.667,91.8,69.8,0.0,0.0,0.872,2.524,209 165 144 215 265 109 41 300 250 29
leucine,12,phenylalanine,2,1,13,1,5.619,6.396,0.667,112.4,20.9,0.9465,0.0,0.81,2.567,261 145 335 259
leucine,12,phenylalanine,2,1,13,2,5.619,6.396,0.667,112.4,20.9,0.2941,0.0,1.137,2.473,293 157 295 218 351 272
leucine,12,phenylalanine,2,1,13,3,5.619,6.396,0.667,112.4,20.9,0.0,0.0,2.276,4.077,121 193 137 249 252 86 109 208
leucine,12,phenylalanine,2,1,13,4,5.619,6.396,0.667,112.4,20.9,0.0,0.0,2.276,4.077,106 187 136 225 239 122 143 270 240 156
leucine,12,phenylalanine,2,1,14,1,5.619,4.98,0.667,101.3,81.8,0.0,0.0,1.977,2.68,180 225 35 317
leucine,12,phenylalanine,2,1,14,2,5.619,4.98,0.667,101.3,81.8,0.0,0.0,2.276,3.332,135 227 70 295 209 38
leucine,12,phenylalanine,2,1,14,3,5.619,4.98,0.667,101.3,81.8,0.0,0.0,2.276,3.309,132 323 345 215 1 333 118 10
leucine,12,phenylalanine,2,1,14,4,5.619,4.98,0.667,101.3,81.8,0.0,0.0,2.276,3.856,105 16 9 238 248 69 88 331 278 126
leucine,12,phenylalanine,2,2,12,1,5.619,4.417,0.667,133.1,94.2,0.4774,0.0,2.471,0.975,90 278 21 8
leucine,12,phenylalanine,2,2,12,2,5.619,4.417,0.667,133.1,94.2,0.0,0.0,2.903,0.727,220 92 303 12 199 341
leucine,12,phenylalanine,2,2,12,3,5.619,4.417,0.667,133.1,94.2,0.0,0.0,2.903,0.59,274 138 256 95 80 302 227 110
leucine,12,phenylalanine,2,2,12,4,5.619,4.417,0.667,133.1,94.2,0.0,0.0,2.903,0.677,245 137 195 141 114 263 263 61 89 221
leucine,12,phenylalanine,2,2,13,1,5.619,6.301,0.667,116.7,5.1,1.2072,0.0,1.869,1.127,102 259 1 102
leucine,12,phenylalanine,2,2,13,2,5.619,6.301,0.667,116.7,5.1,0.5012,0.0,1.799,0.783,76 254 15 174 1 95
leucine,12,phenylalanine,2,2,13,3,5.619,6.301,0.667,116.7,5.1,0.0,0.0,2.903,0.4,227 206 221 147 19 225 325 94
leucine,12,phenylalanine,2,2,13,4,5.619,6.301,0.667,116.7,5.1,0.0,0.0,2.903,0.619,261 167 216 133 120 237 219 98 126 204
leucine,12,phenylalanine,2,2,14,1,5.619,4.709,0.667,112.9,83.3,0.0395,0.0,2.903,0.882,189 115 339 353
leucine,12,phenylalanine,2,2,14,2,5.619,4.709,0.667,112.9,83.3,0.0,0.0,2.903,0.523,225 140 291 297 280 8
leucine,12,phenylalanine,2,2,14,3,5.619,4.709,0.667,112.9,83.3,0.0,0.0,2.903,0.754,269 148 255 98 80 310 248 109
leucine,12,phenylalanine,2,2,14,4,5.619,4.709,0.667,112.9,83.3,0.0,0.0,2.903,0.453,261 161 204 145 119 245 246 86 112 216
leucine,12,phenylalanine,2,13,12,1,5.619,6.438,0.667,49.9,80.3,0.5722,0.0,2.849,0.415,156 356 197 342
leucine,12,phenylalanine,2,13,12,2,5.619,6.438,0.667,49.9,80.3,0.0,0.0,3.036,0.665,108 329 279 22 136 280
leucine,12,phenylalanine,2,13,12,3,5.619,6.438,0.667,49.9,80.3,0.0,0.0,3.036,0.995,71 319 285 80 115 257 228 157
leucine,12,phenylalanine,2,13,12,4,5.619,6.438,0.667,49.9,80.3,0.0,0.0,2.13,0.561,22 314 280 69 99 277 252 137 156 195
leucine,12,phenylalanine,2,13,13,1,5.619,7.856,0.667,56.3,11.1,1.398,0.0,2.126,1.716,179 3 156 77
leucine,12,phenylalanine,2,13,13,2,5.619,7.856,0.667,56.3,11.1,0.4755,0.0,3.036,2.776,195 72 76 156 8 150
leucine,12,phenylalanine,2,13,13,3,5.619,7.856,0.667,56.3,11.1,0.0,0.0,3.036,1.256,207 252 217 179 58 139 18 112
leucine,12,phenylalanine,2,13,13,4,5.619,7.856,0.667,56.3,11.1,0.0,0.0,3.036,0.769,130 277 240 147 156 229 237 101 93 186
leucine,12,phenylalanine,2,13,14,1,5.619,5.865,0.667,68.3,102.0,0.0,0.0,2.824,0.908,139 6 229 355
leucine,12,phenylalanine,2,13,14,2,5.619,5.865,0.667,68.3,102.0,0.0,0.0,3.036,0.764,124 273 308 81 132 260
leucine,12,phenylalanine,2,13,14,3,5.619,5.865,0.667,68.3,102.0,0.0,0.0,3.036,1.209,81 311 281 94 123 263 238 159
leucine,12,phenylalanine,2,13,14,4,5.619,5.865,0.667,68.3,102.0,0.0,0.0,3.036,0.812,53 355 325 65 88 270 235 122 161 203
leucine,12,arginine,3,1,16,1,5.101,5.905,-0.26,53.3,89.2,0.1174,0.0,1.479,2.128,306 24 145 3
leucine,12,arginine,3,1,16,2,5.101,5.905,-0.26,53.3,89.2,0.0,0.0,2.507,1.11,314 171 323 92 149 287
leucine,12,arginine,3,1,16,3,5.101,5.905,-0.26,53.3,89.2,0.0,0.0,2.213,0.67,350 86 11 272 273 74 194 305
leucine,12,arginine,3,1,16,4,5.101,5.905,-0.26,53.3,89.2,0.0,0.0,1.575,0.685,350 358 32 319 298 85 107 277 244 146
leucine,12,arginine,3,1,17,1,5.101,6.89,-0.26,33.7,52.4,2.3056,0.0,1.896,1.163,296 0 179 1
leucine,12,arginine,3,1,17,2,5.101,6.89,-0.26,33.7,52.4,0.4241,0.0,1.725,4.077,345 17 142 25 108 84
leucine,12,arginine,3,1,17,3,5.101,6.89,-0.26,33.7,52.4,0.0,0.0,1.629,4.077,15 52 94 292 269 40 58 197
leucine,12,arginine,3,1,17,4,5.101,6.89,-0.26,33.7,52.4,0.0,0.0,1.222,4.077,26 16 70 327 298 64 86 249 229 152
leucine,12,arginine,3,1,18,1,5.101,4.842,-0.26,41.0,138.9,1.6635,0.0,2.85,0.768,276 341 206 359
leucine,12,arginine,3,1,18,2,5.101,4.842,-0.26,41.0,138.9,0.0,0.0,2.943,0.681,273 121 28 325 250 30
leucine,12,arginine,3,1,18,3,5.101,4.842,-0.26,41.0,138.9,0.0,0.0,2.081,0.786,351 79 21 294 242 50 210 282
leucine,12,arginine,3,1,18,4,5.101,4.842,-0.26,41.0,138.9,0.0,0.0,2.043,3.241,21 251 308 291 274 61 66 286 256 140
leucine,12,arginine,3,2,16,1,5.101,4.623,-0.26,101.1,65.9,0.5632,0.0,2.391,0.848,50 62 18 15
leucine,12,arginine,3,2,16,2,5.101,4.623,-0.26,101.1,65.9,0.0,0.0,2.535,0.892,62 79 15 183 350 9
leucine,12,arginine,3,2,16,3,5.101,4.623,-0.26,101.1,65.9,0.0,0.0,2.903,2.254,321 328 271 255 327 125 60 2
leucine,12,arginine,3,2,16,4,5.101,4.623,-0.26,101.1,65.9,0.0,0.0,2.903,2.003,315 291 337 146 319 258 352 62 106 42
leucine,12,arginine,3,2,17,1,5.101,4.975,-0.26,109.9,53.0,0.3919,0.0,2.903,2.074,310 301 352 334
leucine,12,arginine,3,2,17,2,5.101,4.975,-0.26,109.9,53.0,0.0,0.0,2.903,1.429,264 317 331 41 150 282
leucine,12,arginine,3,2,17,3,5.101,4.975,-0.26,109.9,53.0,0.0,0.0,2.383,0.718,248 237 64 289 286 198 294 359
leucine,12,arginine,3,2,17,4,5.101,4.975,-0.26,109.9,53.0,0.0,0.0,0.727,1.573,60 303 71 307 299 171 354 193 2 13
leucine,12,arginine,3,2,18,1,5.101,2.768,-0.26,122.9,159.5,2.0116,0.0,2.844,2.008,316 289 3 2
leucine,12,arginine,3,2,18,2,5.101,2.768,-0.26,122.9,159.5,1.1279,0.0,2.675,0.664,94 58 360 350 194 360
leucine,12,arginine,3,2,18,3,5.101,2.768,-0.26,122.9,159.5,0.0,0.0,2.327,1.225,118 21 356 271 279 62 144 280
leucine,12,arginine,3,2,18,4,5.101,2.768,-0.26,122.9,159.5,0.0,0.0,2.339,0.391,95 316 338 312 293 69 95 301 238 114
leucine,12,arginine,3,13,16,1,5.101,6.38,-0.26,31.6,74.6,2.3226,0.0,3.036,3.323,55 359 182 359
leucine,12,arginine,3,13,16,2,5.101,6.38,-0.26,31.6,74.6,0.0,0.0,2.302,3.569,28 309 228 16 221 292
leucine,12,arginine,3,13,16,3,5.101,6.38,-0.26,31.6,74.6,0.0,0.0,1.566,3.569,337 326 286 44 86 311 267 145
leucine,12,arginine,3,13,16,4,5.101,6.38,-0.26,31.6,74.6,0.0,0.0,1.402,3.569,344 345 308 34 60 288 259 105 137 208
leucine,12,arginine,3,13,17,1,5.101,6.465,-0.26,53.2,71.5,0.3375,0.0,3.036,3.026,63 358 194 327
leucine,12,arginine,3,13,17,2,5.101,6.465,-0.26,53.2,71.5,0.0,0.0,3.036,3.569,37 256 279 78 168 271
leucine,12,arginine,3,13,17,3,5.101,6.465,-0.26,53.2,71.5,0.0,0.0,2.435,3.569,2 271 334 95 108 275 154 73
leucine,12,arginine,3,13,17,4,5.101,6.465,-0.26,53.2,71.5,0.0,0.0,2.486,2.9,22 358 323 51 74 265 243 84 113 211
leucine,12,arginine,3,13,18,1,5.101,4.827,-0.26,41.6,145.8,1.6272,0.0,3.036,1.623,84 17 156 0
leucine,12,arginine,3,13,18,2,5.101,4.827,-0.26,41.6,145.8,0.0,0.0,3.036,2.056,67 248 330 41 115 317
leucine,12,arginine,3,13,18,3,5.101,4.827,-0.26,41.6,145.8,0.0,0.0,2.034,2.868,9 296 323 83 97 285 193 94
leucine,12,arginine,3,13,18,4,5.101,4.827,-0.26,41.6,145.8,0.0,0.0,1.215,2.38,344 102 46 75 93 294 281 82 115 220
leucine,12,lysine,10,1,13,1,9.59,9.027,-0.15,107.7,93.1,1.7656,0.0,2.435,3.11,6 271 171 175
leucine,12,lysine,10,1,13,2,9.59,9.027,-0.15,107.7,93.1,0.0,0.0,1.733,2.572,12 335 84 358 343 190
leucine,12,lysine,10,1,13,3,9.59,9.027,-0.15,107.7,93.1,0.0,0.0,1.637,4.075,36 32 20 275 276 119 196 242
leucine,12,lysine,10,1,13,4,9.59,9.027,-0.15,107.7,93.1,0.0,0.0,1.512,0.673,307 10 50 358 333 102 127 280 247 145
leucine,12,lysine,10,1,14,1,9.59,10.727,-0.15,98.6,12.2,3.4876,0.0,2.137,2.481,299 75 181 181
leucine,12,lysine,10,1,14,2,9.59,10.727,-0.15,98.6,12.2,0.9665,0.0,2.294,4.077,22 293 197 190 270 215
leucine,12,lysine,10,1,14,3,9.59,10.727,-0.15,98.6,12.2,0.2012,0.0,1.828,4.077,34 303 198 190 258 216 5 173
leucine,12,lysine,10,1,14,4,9.59,10.727,-0.15,98.6,12.2,0.0,0.0,1.458,2.24,319 350 201 31 272 171 50 180 356 149
leucine,12,lysine,10,1,15,1,9.59,8.533,-0.15,96.9,112.9,1.2443,0.0,2.117,2.783,304 74 180 180
leucine,12,lysine,10,1,15,2,9.59,8.533,-0.15,96.9,112.9,0.0,0.0,1.289,4.077,33 335 85 346 286 135
leucine,12,lysine,10,1,15,3,9.59,8.533,-0.15,96.9,112.9,0.0,0.0,2.363,3.826,41 166 297 97 30 21 340 323
leucine,12,lysine,10,1,15,4,9.59,8.533,-0.15,96.9,112.9,0.0,0.0,1.755,1.546,295 54 103 331 296 87 110 307 266 141
leucine,12,lysine,10,2,13,1,9.59,9.91,-0.15,74.1,85.5,2.6695,0.0,1.582,1.637,49 11 190 188
leucine,12,lysine,10,2,13,2,9.59,9.91,-0.15,74.1,85.5,0.0,0.0,1.512,1.724,29 35 203 310 68 197
leucine,12,lysine,10,2,13,3,9.59,9.91,-0.15,74.1,85.5,0.0,0.0,1.702,1.353,4 348 301 49 82 240 213 164
leucine,12,lysine,10,2,13,4,9.59,9.91,-0.15,74.1,85.5,0.0,0.0,2.754,0.663,76 55 5 358 14 242 229 73 100 218
leucine,12,lysine,10,2,14,1,9.59,11.401,-0.15,73.3,11.9,4.207,0.0,1.354,1.993,47 357 173 173
leucine,12,lysine,10,2,14,2,9.59,11.401,-0.15,73.3,11.9,1.1263,0.0,1.121,2.254,34 354 177 178 113 149
leucine,12,lysine,10,2,14,3,9.59,11.401,-0.15,73.3,11.9,0.2909,0.0,1.286,2.254,19 348 176 177 117 149 359 181
leucine,12,lysine,10,2,14,4,9.59,11.401,-0.15,73.3,11.9,0.0,0.0,1.372,1.079,20 36 278 197 195 248 325 195 5 169
leucine,12,lysine,10,2,15,1,9.59,9.368,-0.15,65.7,106.4,2.3599,0.0,1.305,2.147,43 1 160 131
leucine,12,lysine,10,2,15,2,9.59,9.368,-0.15,65.7,106.4,0.0,0.0,1.354,2.254,24 31 189 5 13 137
leucine,12,lysine,10,2,15,3,9.59,9.368,-0.15,65.7,106.4,0.0,0.0,0.915,2.254,4 237 335 84 130 261 81 61
leucine,12,lysine,10,2,15,4,9.59,9.368,-0.15,65.7,106.4,0.0,0.0,1.336,0.754,53 332 295 42 72 257 234 71 100 211
leucine,12,lysine,10,13,13,1,9.59,11.008,-0.15,21.9,84.6,6.6395,0.0,1.751,3.569,303 0 178 2
leucine,12,lysine,10,13,13,2,9.59,11.008,-0.15,21.9,84.6,2.963,0.0,1.679,3.569,306 359 192 341 173 175
leucine,12,lysine,10,13,13,3,9.59,11.008,-0.15,21.9,84.6,0.0,0.0,1.561,3.569,308 36 153 297 197 145 162 172
leucine,12,lysine,10,13,13,4,9.59,11.008,-0.15,21.9,84.6,0.0,0.0,1.657,3.569,310 45 79 296 269 129 150 216 204 169
leucine,12,lysine,10,13,14,1,9.59,12.414,-0.15,26.0,18.2,7.5704,0.0,1.339,3.569,326 360 180 359
leucine,12,lysine,10,13,14,2,9.59,12.414,-0.15,26.0,18.2,4.1002,0.0,1.345,3.569,325 1 157 39 192 188
leucine,12,lysine,10,13,14,3,9.59,12.414,-0.15,26.0,18.2,0.7699,0.0,1.335,3.569,327 2 149 58 204 195 232 212
leucine,12,lysine,10,13,14,4,9.59,12.414,-0.15,26.0,18.2,0.0,0.0,1.49,3.569,329 23 190 214 233 172 137 200 269 217
leucine,12,lysine,10,13,15,1,9.59,10.129,-0.15,30.7,119.8,5.1357,0.0,1.352,3.569,324 360 180 360
leucine,12,lysine,10,13,15,2,9.59,10.129,-0.15,30.7,119.8,1.7751,0.0,1.42,3.569,317 2 159 35 206 197
leucine,12,lysine,10,13,15,3,9.59,10.129,-0.15,30.7,119.8,0.0,0.0,1.877,3.569,310 58 102 296 258 133 154 188
leucine,12,lysine,10,13,15,4,9.59,10.129,-0.15,30.7,119.8,0.0,0.0,1.64,3.569,307 44 77 301 274 123 145 232 217 165
leucine,12,aspartic,21,1,3,1,10.999,12.378,-0.583,73.3,45.7,5.1627,0.0,1.781,1.29,297 7 188 187
leucine,12,aspartic,21,1,3,2,10.999,12.378,-0.583,73.3,45.7,1.5315,0.0,1.717,1.463,303 358 206 211 172 176
leucine,12,aspartic,21,1,3,3,10.999,12.378,-0.583,73.3,45.7,0.0,0.0,1.956,2.441,300 65 149 195 183 181 73 100
leucine,12,aspartic,21,1,3,4,10.999,12.378,-0.583,73.3,45.7,0.0,0.0,1.154,4.011,26 4 100 243 280 141 170 164 240 246
leucine,12,aspartic,21,1,4,1,10.999,12.179,-0.583,69.9,54.6,4.9971,0.0,2.065,1.037,291 359 170 167
leucine,12,aspartic,21,1,4,2,10.999,12.179,-0.583,69.9,54.6,1.4678,0.0,2.034,1.056,293 356 214 228 164 171
leucine,12,aspartic,21,1,4,3,10.999,12.179,-0.583,69.9,54.6,0.0,0.0,1.473,0.936,305 304 157 159 114 147 72 170
leucine,12,aspartic,21,1,4,4,10.999,12.179,-0.583,69.9,54.6,0.0,0.0,2.276,3.224,210 131 139 232 224 156 165 226 220 172
leucine,12,aspartic,21,1,5,1,10.999,10.306,-0.583,67.0,130.6,3.2672,0.0,1.83,1.257,298 359 198 217
leucine,12,aspartic,21,1,5,2,10.999,10.306,-0.583,67.0,130.6,0.0,0.0,1.784,1.26,295 11 136 172 132 215
leucine,12,aspartic,21,1,5,3,10.999,10.306,-0.583,67.0,130.6,0.0,0.0,1.815,0.804,339 30 57 313 279 124 162 213
leucine,12,aspartic,21,1,5,4,10.999,10.306,-0.583,67.0,130.6,0.0,0.0,2.008,2.959,348 260 303 13 4 133 142 261 233 144
leucine,12,aspartic,21,2,3,1,10.999,11.377,-0.583,111.7,38.4,4.1353,0.0,2.451,1.53,67 260 185 183
leucine,12,aspartic,21,2,3,2,10.999,11.377,-0.583,111.7,38.4,0.7359,0.0,2.025,1.839,64 281 175 176 229 211
leucine,12,aspartic,21,2,3,3,10.999,11.377,-0.583,111.7,38.4,0.0,0.0,1.499,2.254,359 47 169 216 121 278 240 184
leucine,12,aspartic,21,2,3,4,10.999,11.377,-0.583,111.7,38.4,0.0,0.0,1.912,2.254,359 74 21 177 234 274 228 258 343 241
leucine,12,aspartic,21,2,4,1,10.999,10.812,-0.583,124.3,63.6,3.5529,0.0,2.6,1.466,66 241 175 177
leucine,12,aspartic,21,2,4,2,10.999,10.812,-0.583,124.3,63.6,0.1846,0.0,2.432,2.196,351 139 183 182 236 213
leucine,12,aspartic,21,2,4,3,10.999,10.812,-0.583,124.3,63.6,0.0,0.0,2.271,1.181,98 187 179 142 153 245 239 175
leucine,12,aspartic,21,2,4,4,10.999,10.812,-0.583,124.3,63.6,0.0,0.0,2.345,1.716,136 254 185 217 228 152 153 248 239 162
leucine,12,aspartic,21,2,5,1,10.999,9.068,-0.583,114.9,136.0,1.8243,0.0,2.537,1.744,63 255 183 182
leucine,12,aspartic,21,2,5,2,10.999,9.068,-0.583,114.9,136.0,0.0,0.0,1.74,2.254,345 31 275 329 32 209
leucine,12,aspartic,21,2,5,3,10.999,9.068,-0.583,114.9,136.0,0.0,0.0,2.07,2.254,333 37 333 7 63 291 252 152
leucine,12,aspartic,21,2,5,4,10.999,9.068,-0.583,114.9,136.0,0.0,0.0,1.969,2.254,10 290 282 341 40 242 192 58 193 355
leucine,12,aspartic,21,13,3,1,10.999,13.404,-0.583,24.4,45.0,8.6315,0.0,3.036,3.134,59 0 178 4
leucine,12,aspartic,21,13,3,2,10.999,13.404,-0.583,24.4,45.0,5.0857,0.0,3.036,3.081,61 360 203 320 176 177
leucine,12,aspartic,21,13,3,3,10.999,13.404,-0.583,24.4,45.0,1.3416,0.0,3.036,3.107,60 360 194 332 178 179 179 179
leucine,12,aspartic,21,13,3,4,10.999,13.404,-0.583,24.4,45.0,0.0,0.0,1.519,3.569,351 352 190 358 259 214 178 160 130 137
leucine,12,aspartic,21,13,4,1,10.999,13.052,-0.583,29.4,60.4,7.9337,0.0,3.036,2.162,81 360 186 346
leucine,12,aspartic,21,13,4,2,10.999,13.052,-0.583,29.4,60.4,4.4444,0.0,3.036,2.272,79 1 152 51 189 185
leucine,12,aspartic,21,13,4,3,10.999,13.052,-0.583,29.4,60.4,0.7001,0.0,2.389,2.227,80 1 158 45 193 187 189 188
leucine,12,aspartic,21,13,4,4,10.999,13.052,-0.583,29.4,60.4,0.0,0.0,3.036,2.45,64 311 276 64 89 217 199 159 167 186
leucine,12,aspartic,21,13,5,1,10.999,11.129,-0.583,28.4,141.9,6.232,0.0,3.036,2.862,66 0 178 4
leucine,12,aspartic,21,13,5,2,10.999,11.129,-0.583,28.4,141.9,2.7339,0.0,3.036,2.748,69 359 201 321 172 175
leucine,12,aspartic,21,13,5,3,10.999,11.129,-0.583,28.4,141.9,0.0,0.0,2.491,1.808,101 322 210 53 132 205 211 195
leucine,12,aspartic,21,13,5,4,10.999,11.129,-0.583,28.4,141.9,0.0,0.0,3.036,2.121,61 316 282 64 89 226 208 136 148 192
leucine,12,glutamic,15,1,5,1,5.361,5.891,-0.788,97.7,40.0,0.5426,0.0,1.201,1.586,324 300 346 277
leucine,12,glutamic,15,1,5,2,5.361,5.891,-0.788,97.7,40.0,0.0,0.0,1.425,1.211,316 261 321 203 26 28
leucine,12,glutamic,15,1,5,3,5.361,5.891,-0.788,97.7,40.0,0.0,0.0,1.465,0.873,277 151 55 322 304 245 308 319
leucine,12,glutamic,15,1,5,4,5.361,5.891,-0.788,97.7,40.0,0.0,0.0,1.566,4.077,59 312 71 320 281 190 23 168 337 38
leucine,12,glutamic,15,1,6,1,5.361,3.798,-0.788,87.2,123.8,1.1008,0.0,2.337,4.077,34 98 12 5
leucine,12,glutamic,15,1,6,2,5.361,3.798,-0.788,87.2,123.8,0.1779,0.0,1.791,4.077,80 90 11 30 131 7
leucine,12,glutamic,15,1,6,3,5.361,3.798,-0.788,87.2,123.8,0.0,0.0,1.711,1.356,275 211 16 231 315 63 158 258
leucine,12,glutamic,15,1,6,4,5.361,3.798,-0.788,87.2,123.8,0.0,0.0,1.216,4.077,116 133 39 97 49 25 93 59 245 265
leucine,12,glutamic,15,1,7,1,5.361,5.744,-0.788,101.7,46.5,0.4124,0.0,2.355,4.077,39 86 352 84
leucine,12,glutamic,15,1,7,2,5.361,5.744,-0.788,101.7,46.5,0.0,0.0,2.834,4.077,79 103 348 70 62 110
leucine,12,glutamic,15,1,7,3,5.361,5.744,-0.788,101.7,46.5,0.0091,0.0,0.852,3.533,328 188 109 77 19 146 22 7
leucine,12,glutamic,15,1,7,4,5.361,5.744,-0.788,101.7,46.5,0.0,0.0,1.526,4.077,50 4 305 319 341 290 268 52 119 249
leucine,12,glutamic,15,2,5,1,5.361,7.088,-0.788,52.7,57.3,0.8663,0.0,1.379,1.951,47 360 196 308
leucine,12,glutamic,15,2,5,2,5.361,7.088,-0.788,52.7,57.3,0.0,0.0,2.294,2.254,358 317 262 58 135 223
leucine,12,glutamic,15,2,5,3,5.361,7.088,-0.788,52.7,57.3,0.0,0.0,2.588,2.254,346 331 311 56 87 272 222 136
leucine,12,glutamic,15,2,5,4,5.361,7.088,-0.788,52.7,57.3,0.0,0.0,1.174,0.522,21 355 320 40 65 267 243 88 118 211
leucine,12,glutamic,15,2,6,1,5.361,5.095,-0.788,39.0,143.8,1.6527,0.0,1.287,2.166,42 1 178 0
leucine,12,glutamic,15,2,6,2,5.361,5.095,-0.788,39.0,143.8,0.0,0.0,1.886,2.254,31 242 308 66 124 292
leucine,12,glutamic,15,2,6,3,5.361,5.095,-0.788,39.0,143.8,0.0,0.0,2.321,2.254,315 317 305 59 87 302 243 127
leucine,12,glutamic,15,2,6,4,5.361,5.095,-0.788,39.0,143.8,0.0,0.0,0.404,2.062,298 342 333 51 74 323 260 8 85 214
leucine,12,glutamic,15,2,7,1,5.361,7.456,-0.788,33.4,41.6,2.6739,0.0,1.445,1.805,49 0 179 1
leucine,12,glutamic,15,2,7,2,5.361,7.456,-0.788,33.4,41.6,0.6571,0.0,1.719,2.254,3 348 212 334 255 258
leucine,12,glutamic,15,2,7,3,5.361,7.456,-0.788,33.4,41.6,0.0,0.0,2.692,2.254,343 318 214 79 134 280 306 185
leucine,12,glutamic,15,2,7,4,5.361,7.456,-0.788,33.4,41.6,0.0,0.0,2.883,1.933,116 298 261 90 104 230 231 95 103 205
leucine,12,glutamic,15,13,5,1,5.361,7.436,-0.788,36.9,41.2,2.3132,0.0,1.462,3.569,316 360 181 359
leucine,12,glutamic,15,13,5,2,5.361,7.436,-0.788,36.9,41.2,0.3456,0.0,2.032,3.569,358 14 139 44 90 111
leucine,12,glutamic,15,13,5,3,5.361,7.436,-0.788,36.9,41.2,0.0,0.0,2.767,3.333,47 16 115 323 243 51 47 188
leucine,12,glutamic,15,13,5,4,5.361,7.436,-0.788,36.9,41.2,0.0,0.0,2.988,3.569,29 13 67 335 306 60 84 252 233 153
leucine,12,glutamic,15,13,6,1,5.361,5.024,-0.788,42.2,147.2,1.4631,0.0,1.486,3.569,317 356 186 360
leucine,12,glutamic,15,13,6,2,5.361,5.024,-0.788,42.2,147.2,0.0,0.0,1.752,3.569,317 134 48 280 246 65
leucine,12,glutamic,15,13,6,3,5.361,5.024,-0.788,42.2,147.2,0.0,0.0,1.996,3.169,39 43 54 287 275 77 121 237
leucine,12,glutamic,15,13,6,4,5.361,5.024,-0.788,42.2,147.2,0.0,0.0,0.702,3.274,49 14 24 309 290 42 97 345 271 143
leucine,12,glutamic,15,13,7,1,5.361,6.972,-0.788,55.6,60.7,0.6103,0.0,1.643,3.569,307 1 162 61
leucine,12,glutamic,15,13,7,2,5.361,6.972,-0.788,55.6,60.7,0.0,0.0,2.593,3.569,352 53 84 290 248 137
leucine,12,glutamic,15,13,7,3,5.361,6.972,-0.788,55.6,60.7,0.0,0.0,2.887,3.569,15 43 44 289 264 97 158 233
leucine,12,glutamic,15,13,7,4,5.361,6.972,-0.788,55.6,60.7,0.0,0.0,1.397,3.569,337 5 37 314 290 92 117 283 249 146
leucine,12,isoleucine,8,1,4,1,7.738,6.792,-0.003,116.6,96.0,0.0,0.0,2.943,3.155,197 122 182 262
leucine,12,isoleucine,8,1,4,2,7.738,6.792,-0.003,116.6,96.0,0.0,0.0,2.943,2.481,197 199 30 352 281 29
leucine,12,isoleucine,8,1,4,3,7.738,6.792,-0.003,116.6,96.0,0.0,0.0,2.943,4.077,124 242 80 329 232 327 106 141
leucine,12,isoleucine,8,1,4,4,7.738,6.792,-0.003,116.6,96.0,0.0,0.0,2.943,4.077,124 168 134 237 243 126 128 280 268 149
leucine,12,isoleucine,8,1,5,1,7.738,6.148,-0.003,107.4,124.0,0.1328,0.0,2.943,2.504,209 120 140 30
leucine,12,isoleucine,8,1,5,2,7.738,6.148,-0.003,107.4,124.0,0.0,0.0,2.465,2.626,338 188 232 330 289 331
leucine,12,isoleucine,8,1,5,3,7.738,6.148,-0.003,107.4,124.0,0.0,0.0,2.943,2.451,150 25 327 4 161 329 154 146
leucine,12,isoleucine,8,1,5,4,7.738,6.148,-0.003,107.4,124.0,0.0,0.0,2.353,2.763,160 193 172 237 249 104 110 244 219 149
leucine,12,isoleucine,8,1,6,1,7.738,7.355,-0.003,97.5,75.1,0.2668,0.0,2.943,2.272,217 47 235 210
leucine,12,isoleucine,8,1,6,2,7.738,7.355,-0.003,97.5,75.1,0.0,0.0,2.943,2.051,216 215 8 311 311 113
leucine,12,isoleucine,8,1,6,3,7.738,7.355,-0.003,97.5,75.1,0.0,0.0,2.943,3.472,156 169 116 240 260 114 146 230
leucine,12,isoleucine,8,1,6,4,7.738,7.355,-0.003,97.5,75.1,0.0,0.0,2.755,1.371,290 152 82 205 216 98 95 273 240 136
leucine,12,isoleucine,8,2,4,1,7.738,6.844,-0.003,114.2,84.3,0.0,0.0,2.903,1.349,154 217 216 122
leucine,12,isoleucine,8,2,4,2,7.738,6.844,-0.003,114.2,84.3,0.0,0.0,2.903,0.7,190 176 250 88 115 254
leucine,12,isoleucine,8,2,4,3,7.738,6.844,-0.003,114.2,84.3,0.0,0.0,2.903,0.533,224 180 213 107 112 263 249 159
leucine,12,isoleucine,8,2,4,4,7.738,6.844,-0.003,114.2,84.3,0.0,0.0,2.903,0.702,229 177 202 136 127 229 230 106 116 208
leucine,12,isoleucine,8,2,5,1,7.738,6.032,-0.003,112.4,116.9,0.0,0.0,2.903,1.768,139 313 89 62
leucine,12,isoleucine,8,2,5,2,7.738,6.032,-0.003,112.4,116.9,0.0,0.0,2.903,1.012,146 84 21 26 61 91
leucine,12,isoleucine,8,2,5,3,7.738,6.032,-0.003,112.4,116.9,0.0,0.0,2.903,1.745,143 37 110 227 254 49 98 343
leucine,12,isoleucine,8,2,5,4,7.738,6.032,-0.003,112.4,116.9,0.0,0.0,2.903,0.73,234 164 205 67 82 317 248 92 170 241
leucine,12,isoleucine,8,2,6,1,7.738,6.586,-0.003,132.7,93.9,0.0,0.0,2.903,1.003,130 159 288 239
leucine,12,isoleucine,8,2,6,2,7.738,6.586,-0.003,132.7,93.9,0.0,0.0,2.903,0.597,184 162 259 79 100 266
leucine,12,isoleucine,8,2,6,3,7.738,6.586,-0.003,132.7,93.9,0.0,0.0,2.903,0.832,209 140 245 138 100 264 197 108
leucine,12,isoleucine,8,2,6,4,7.738,6.586,-0.003,132.7,93.9,0.0,0.0,2.903,0.667,193 129 208 165 122 267 251 41 81 212
leucine,12,isoleucine,8,13,4,1,7.738,8.642,-0.003,43.3,96.0,2.9302,0.0,3.036,1.809,182 0 198 313
leucine,12,isoleucine,8,13,4,2,7.738,8.642,-0.003,43.3,96.0,0.0,0.0,3.036,1.058,180 317 203 95 135 200
leucine,12,isoleucine,8,13,4,3,7.738,8.642,-0.003,43.3,96.0,0.0,0.0,3.036,3.371,240 60 58 310 226 110 193 237
leucine,12,isoleucine,8,13,4,4,7.738,8.642,-0.003,43.3,96.0,0.0,0.0,1.773,3.569,293 41 73 277 252 120 137 210 198 172
leucine,12,isoleucine,8,13,5,1,7.738,8.092,-0.003,27.0,118.9,3.8846,0.0,3.036,1.635,179 359 184 355
leucine,12,isoleucine,8,13,5,2,7.738,8.092,-0.003,27.0,118.9,0.3119,0.0,3.036,2.233,194 356 195 348 138 124
leucine,12,isoleucine,8,13,5,3,7.738,8.092,-0.003,27.0,118.9,0.0,0.0,3.036,0.989,133 341 157 20 233 305 252 202
leucine,12,isoleucine,8,13,5,4,7.738,8.092,-0.003,27.0,118.9,0.0,0.0,3.036,1.042,54 319 283 72 103 251 231 147 157 186
leucine,12,isoleucine,8,13,6,1,7.738,8.822,-0.003,39.6,89.2,3.3167,0.0,3.036,0.496,158 0 167 31
leucine,12,isoleucine,8,13,6,2,7.738,8.822,-0.003,39.6,89.2,0.0,0.0,3.036,1.091,133 16 209 318 172 193
leucine,12,isoleucine,8,13,6,3,7.738,8.822,-0.003,39.6,89.2,0.0,0.0,3.036,0.932,102 303 279 86 114 231 202 160
leucine,12,isoleucine,8,13,6,4,7.738,8.822,-0.003,39.6,89.2,0.0,0.0,2.781,1.014,43 323 284 73 106 252 236 159 168 186
leucine,12,serine,32,1,3,1,10.693,10.321,-0.124,116.8,66.8,3.0418,0.0,2.461,1.603,330 252 182 181
leucine,12,serine,32,1,3,2,10.693,10.321,-0.124,116.8,66.8,0.0149,0.0,2.943,1.201,242 104 148 161 112 144
leucine,12,serine,32,1,3,3,10.693,10.321,-0.124,116.8,66.8,0.0,0.0,2.943,3.221,209 172 160 224 222 127 142 199
leucine,12,serine,32,1,3,4,10.693,10.321,-0.124,116.8,66.8,0.0,0.0,2.943,3.16,187 173 160 220 224 145 153 243 231 165
leucine,12,serine,32,1,4,1,10.693,10.607,-0.124,117.5,55.4,3.3314,0.0,2.943,1.665,267 109 178 179
leucine,12,serine,32,1,4,2,10.693,10.607,-0.124,117.5,55.4,0.2818,0.0,2.58,2.253,354 254 214 200 244 216
leucine,12,serine,32,1,4,3,10.693,10.607,-0.124,117.5,55.4,0.0,0.0,2.829,2.422,285 135 115 350 334 102 128 225
leucine,12,serine,32,1,4,4,10.693,10.607,-0.124,117.5,55.4,0.0,0.0,2.943,3.472,236 173 156 353 147 40 31 258 298 156
leucine,12,serine,32,1,5,1,10.693,10.425,-0.124,129.2,62.8,3.1618,0.0,2.466,2.756,334 232 175 177
leucine,12,serine,32,1,5,2,10.693,10.425,-0.124,129.2,62.8,0.101,0.0,2.943,2.863,263 163 154 154 268 210
leucine,12,serine,32,1,5,3,10.693,10.425,-0.124,129.2,62.8,0.0,0.0,2.943,3.296,217 180 171 220 219 122 135 197
leucine,12,serine,32,1,5,4,10.693,10.425,-0.124,129.2,62.8,0.0,0.0,2.943,3.269,171 194 172 230 243 120 138 214 181 154
leucine,12,serine,32,2,3,1,10.693,10.708,-0.124,100.8,78.7,3.5066,0.0,2.324,0.726,41 77 193 188
leucine,12,serine,32,2,3,2,10.693,10.708,-0.124,100.8,78.7,0.0,0.0,2.903,0.853,114 259 176 157 150 154
leucine,12,serine,32,2,3,3,10.693,10.708,-0.124,100.8,78.7,0.0,0.0,2.903,1.128,149 201 206 138 143 229 217 166
leucine,12,serine,32,2,3,4,10.693,10.708,-0.124,100.8,78.7,0.0,0.0,2.903,0.947,181 206 215 125 124 211 201 126 141 197
leucine,12,serine,32,2,4,1,10.693,11.292,-0.124,90.0,56.1,4.0204,0.0,2.606,0.762,101 301 179 179
leucine,12,serine,32,2,4,2,10.693,11.292,-0.124,90.0,56.1,0.4885,0.0,2.398,0.234,93 295 200 193 145 153
leucine,12,serine,32,2,4,3,10.693,11.292,-0.124,90.0,56.1,0.0,0.0,2.903,0.688,87 230 202 161 165 272 276 195
leucine,12,serine,32,2,4,4,10.693,11.292,-0.124,90.0,56.1,0.0,0.0,2.903,0.769,92 196 193 148 159 271 259 124 134 195
leucine,12,serine,32,2,5,1,10.693,11.356,-0.124,89.8,53.4,4.0852,0.0,2.426,0.844,53 59 181 180
leucine,12,serine,32,2,5,2,10.693,11.356,-0.124,89.8,53.4,0.5481,0.0,2.521,1.103,61 64 161 167 212 206
leucine,12,serine,32,2,5,3,10.693,11.356,-0.124,89.8,53.4,0.0,0.0,2.903,1.685,161 251 185 118 119 196 233 206
leucine,12,serine,32,2,5,4,10.693,11.356,-0.124,89.8,53.4,0.0,0.0,2.903,1.023,169 207 211 139 139 209 202 125 135 193
leucine,12,serine,32,13,3,1,10.693,12.551,-0.124,16.9,70.9,8.4581,0.0,3.036,2.89,208 0 179 1
leucine,12,serine,32,13,3,2,10.693,12.551,-0.124,16.9,70.9,4.7823,0.0,3.036,3.001,211 359 186 352 172 174
leucine,12,serine,32,13,3,3,10.693,12.551,-0.124,16.9,70.9,1.1794,0.0,3.036,2.491,207 1 177 4 155 147 194 187
leucine,12,serine,32,13,3,4,10.693,12.551,-0.124,16.9,70.9,0.0,0.0,3.036,2.619,187 49 145 276 194 131 134 120 133 185
leucine,12,serine,32,13,4,1,10.693,12.865,-0.124,15.0,58.5,8.9256,0.0,3.036,3.569,250 360 181 359
leucine,12,serine,32,13,4,2,10.693,12.865,-0.124,15.0,58.5,5.2178,0.0,3.036,3.569,248 0 177 3 187 187
leucine,12,serine,32,13,4,3,10.693,12.865,-0.124,15.0,58.5,1.6326,0.0,3.036,2.772,247 1 178 3 149 142 189 185
leucine,12,serine,32,13,4,4,10.693,12.865,-0.124,15.0,58.5,0.0,0.0,1.576,3.569,312 39 142 288 204 143 165 195 195 177
leucine,12,serine,32,13,5,1,10.693,12.828,-0.124,24.5,60.0,8.0649,0.0,3.036,3.569,232 360 180 360
leucine,12,serine,32,13,5,2,10.693,12.828,-0.124,24.5,60.0,4.6119,0.0,3.036,3.569,229 1 158 37 194 189
leucine,12,serine,32,13,5,3,10.693,12.828,-0.124,24.5,60.0,0.8474,0.0,3.036,3.569,229 1 164 29 203 193 193 191
leucine,12,serine,32,13,5,4,10.693,12.828,-0.124,24.5,60.0,0.0,0.0,3.036,2.816,196 65 162 277 197 342 9 215 194 169
leucine,12,tryptophan,5,1,16,1,12.946,11.11,0.769,116.8,138.0,3.8968,0.0,2.943,1.961,240 106 186 183
leucine,12,tryptophan,5,1,16,2,12.946,11.11,0.769,116.8,138.0,0.2071,0.0,2.506,1.638,314 254 194 188 199 197
leucine,12,tryptophan,5,1,16,3,12.946,11.11,0.769,116.8,138.0,0.0,0.0,2.943,3.186,205 170 160 218 217 134 146 196
leucine,12,tryptophan,5,1,16,4,12.946,11.11,0.769,116.8,138.0,0.0,0.0,2.943,3.165,185 176 163 214 217 145 152 237 227 167
leucine,12,tryptophan,5,1,17,1,12.946,12.5,0.769,111.1,78.6,5.2346,0.0,2.546,1.493,309 262 180 180
leucine,12,tryptophan,5,1,17,2,12.946,12.5,0.769,111.1,78.6,1.5186,0.0,2.451,1.646,236 98 177 178 178 178
leucine,12,tryptophan,5,1,17,3,12.946,12.5,0.769,111.1,78.6,0.0,0.0,2.943,3.463,231 178 142 196 184 124 163 218
leucine,12,tryptophan,5,1,17,4,12.946,12.5,0.769,111.1,78.6,0.0,0.0,2.943,3.18,182 169 159 217 218 151 158 225 215 169
leucine,12,tryptophan,5,1,18,1,12.946,13.558,0.769,115.5,32.1,6.3163,0.0,2.943,1.819,241 105 182 181
leucine,12,tryptophan,5,1,18,2,12.946,13.558,0.769,115.5,32.1,2.5935,0.0,2.504,1.686,314 254 185 183 184 184
leucine,12,tryptophan,5,1,18,3,12.946,13.558,0.769,115.5,32.1,0.3589,0.0,2.943,2.332,258 131 166 173 172 172 67 156
leucine,12,tryptophan,5,1,18,4,12.946,13.558,0.769,115.5,32.1,0.0,0.0,2.943,3.454,247 173 178 182 176 158 117 215 269 185
leucine,12,tryptophan,5,2,16,1,12.946,11.285,0.769,109.3,125.4,4.0504,0.0,2.359,0.738,46 96 176 177
leucine,12,tryptophan,5,2,16,2,12.946,11.285,0.769,109.3,125.4,0.3158,0.0,2.884,1.185,118 267 170 175 171 172
leucine,12,tryptophan,5,2,16,3,12.946,11.285,0.769,109.3,125.4,0.0,0.0,2.903,0.991,154 196 204 141 145 224 211 165
leucine,12,tryptophan,5,2,16,4,12.946,11.285,0.769,109.3,125.4,0.0,0.0,2.903,0.897,190 202 226 119 111 211 191 125 154 204
leucine,12,tryptophan,5,2,17,1,12.946,12.294,0.769,120.1,84.2,5.0369,0.0,2.374,0.644,48 113 183 182
leucine,12,tryptophan,5,2,17,2,12.946,12.294,0.769,120.1,84.2,1.3067,0.0,1.636,1.205,120 245 181 180 180 180
leucine,12,tryptophan,5,2,17,3,12.946,12.294,0.769,120.1,84.2,0.0,0.0,2.903,0.958,156 195 201 140 144 209 195 164
leucine,12,tryptophan,5,2,17,4,12.946,12.294,0.769,120.1,84.2,0.0,0.0,2.13,0.831,174 171 189 140 140 240 225 153 171 192
leucine,12,tryptophan,5,2,18,1,12.946,13.641,0.769,111.9,21.9,6.4093,0.0,2.339,0.692,43 100 178 179
leucine,12,tryptophan,5,2,18,2,12.946,13.641,0.769,111.9,21.9,2.7088,0.0,2.562,1.06,117 263 172 176 173 173
leucine,12,tryptophan,5,2,18,3,12.946,13.641,0.769,111.9,21.9,0.5466,0.0,2.448,0.926,55 68 183 181 182 182 294 204
leucine,12,tryptophan,5,2,18,4,12.946,13.641,0.769,111.9,21.9,0.0,0.0,2.903,1.928,117 316 185 170 179 152 134 238 261 185
leucine,12,tryptophan,5,13,16,1,12.946,13.268,0.769,23.4,132.4,8.5932,0.0,3.036,2.166,191 360 182 357
leucine,12,tryptophan,5,13,16,2,12.946,13.268,0.769,23.4,132.4,5.0324,0.0,3.036,2.105,189 0 159 37 183 182
leucine,12,tryptophan,5,13,16,3,12.946,13.268,0.769,23.4,132.4,1.3733,0.0,3.036,2.126,190 359 196 332 170 174 169 171
leucine,12,tryptophan,5,13,16,4,12.946,13.268,0.769,23.4,132.4,0.0,0.0,2.474,1.991,165 63 131 278 203 127 150 131 137 192
leucine,12,tryptophan,5,13,17,1,12.946,14.457,0.769,28.2,82.7,9.3581,0.0,3.036,1.252,172 0 175 12
leucine,12,tryptophan,5,13,17,2,12.946,14.457,0.769,28.2,82.7,5.8807,0.0,3.036,1.344,174 359 208 307 173 176
leucine,12,tryptophan,5,13,17,3,12.946,14.457,0.769,28.2,82.7,2.1215,0.0,3.036,1.284,173 360 157 47 178 179 178 178
leucine,12,tryptophan,5,13,17,4,12.946,14.457,0.769,28.2,82.7,0.0,0.0,2.324,0.902,185 286 220 103 149 210 208 188 176 171
leucine,12,tryptophan,5,13,18,1,12.946,15.687,0.769,22.3,27.2,10.9644,0.0,3.036,1.99,186 360 181 358
leucine,12,tryptophan,5,13,18,2,12.946,15.687,0.769,22.3,27.2,7.4335,0.0,3.036,1.965,185 0 157 41 182 181
leucine,12,tryptophan,5,13,18,3,12.946,15.687,0.769,22.3,27.2,3.7358,0.0,3.036,2.02,187 360 197 327 177 178 177 177
leucine,12,tryptophan,5,13,18,4,12.946,15.687,0.769,22.3,27.2,0.6804,0.0,3.036,2.824,207 359 158 47 171 176 172 173 122 154
leucine,12,glutamic,10,1,5,1,9.639,10.092,0.539,88.4,71.4,2.8395,0.0,2.943,1.141,233 54 188 185
leucine,12,glutamic,10,1,5,2,9.639,10.092,0.539,88.4,71.4,0.0,0.0,2.943,2.281,230 121 139 214 209 177
leucine,12,glutamic,10,1,5,3,9.639,10.092,0.539,88.4,71.4,0.0,0.0,2.943,3.228,210 160 150 214 211 108 117 196
leucine,12,glutamic,10,1,5,4,9.639,10.092,0.539,88.4,71.4,0.0,0.0,2.943,3.221,176 168 151 218 223 136 144 231 215 163
leucine,12,glutamic,10,1,6,1,9.639,8.219,0.539,83.0,166.3,1.1429,0.0,2.943,1.157,275 325 167 173
leucine,12,glutamic,10,1,6,2,9.639,8.219,0.539,83.0,166.3,0.0,0.0,2.943,2.65,222 150 83 126 353 218
leucine,12,glutamic,10,1,6,3,9.639,8.219,0.539,83.0,166.3,0.0,0.0,2.943,3.268,171 157 137 235 235 114 133 208
leucine,12,glutamic,10,1,6,4,9.639,8.219,0.539,83.0,166.3,0.0,0.0,2.943,2.832,178 184 154 226 236 102 115 236 210 156
leucine,12,glutamic,10,1,7,1,9.639,10.559,0.539,85.4,52.9,3.2997,0.0,2.943,1.523,275 312 174 176
leucine,12,glutamic,10,1,7,2,9.639,10.559,0.539,85.4,52.9,0.2848,0.0,2.943,2.474,268 277 217 200 100 138
leucine,12,glutamic,10,1,7,3,9.639,10.559,0.539,85.4,52.9,0.0,0.0,2.943,3.181,204 158 142 209 205 113 132 204
leucine,12,glutamic,10,1,7,4,9.639,10.559,0.539,85.4,52.9,0.0,0.0,2.943,3.19,180 171 148 207 215 135 142 234 218 163
leucine,12,glutamic,10,2,5,1,9.639,8.931,0.539,140.9,60.4,1.7039,0.0,2.853,1.051,103 205 195 191
leucine,12,glutamic,10,2,5,2,9.639,8.931,0.539,140.9,60.4,0.0,0.0,2.903,1.76,141 235 176 105 356 159
leucine,12,glutamic,10,2,5,3,9.639,8.931,0.539,140.9,60.4,0.0,0.0,2.903,1.09,131 182 286 133 357 237 237 62
leucine,12,glutamic,10,2,5,4,9.639,8.931,0.539,140.9,60.4,0.0,0.0,2.903,0.672,190 174 235 151 87 201 240 92 93 227
leucine,12,glutamic,10,2,6,1,9.639,6.829,0.539,148.7,160.1,0.2861,0.0,2.051,0.784,67 196 111 115
leucine,12,glutamic,10,2,6,2,9.639,6.829,0.539,148.7,160.1,0.0105,0.0,2.903,0.654,178 155 249 280 303 262
leucine,12,glutamic,10,2,6,3,9.639,6.829,0.539,148.7,160.1,0.0,0.0,2.903,0.516,231 138 229 130 93 260 207 121
leucine,12,glutamic,10,2,6,4,9.639,6.829,0.539,148.7,160.1,0.0,0.0,2.012,0.841,164 122 199 129 71 300 275 70 152 244
leucine,12,glutamic,10,2,7,1,9.639,9.166,0.539,152.7,50.8,2.0091,0.0,2.903,1.128,93 179 165 150
leucine,12,glutamic,10,2,7,2,9.639,9.166,0.539,152.7,50.8,0.0,0.0,2.903,0.873,150 161 205 142 95 179
leucine,12,glutamic,10,2,7,3,9.639,9.166,0.539,152.7,50.8,0.0,0.0,2.903,1.18,153 132 194 152 110 289 270 141
leucine,12,glutamic,10,2,7,4,9.639,9.166,0.539,152.7,50.8,0.0,0.0,2.903,0.473,183 142 170 159 137 235 239 117 132 206
leucine,12,glutamic,10,13,5,1,9.639,11.369,0.539,35.6,61.1,6.0011,0.0,3.036,0.783,141 359 197 320
leucine,12,glutamic,10,13,5,2,9.639,11.369,0.539,35.6,61.1,2.3722,0.0,2.481,0.577,139 360 147 63 180 180
leucine,12,glutamic,10,13,5,3,9.639,11.369,0.539,35.6,61.1,0.1206,0.0,3.036,1.043,169 359 199 330 170 173 282 211
leucine,12,glutamic,10,13,5,4,9.639,11.369,0.539,35.6,61.1,0.0,0.0,1.87,1.538,45 12 153 11 247 255 211 174 125 146
leucine,12,glutamic,10,13,6,1,9.639,9.236,0.539,42.6,163.7,3.6318,0.0,3.036,0.909,139 359 202 308
leucine,12,glutamic,10,13,6,2,9.639,9.236,0.539,42.6,163.7,0.1414,0.0,2.63,0.367,128 360 156 81 152 171
leucine,12,glutamic,10,13,6,3,9.639,9.236,0.539,42.6,163.7,0.0,0.0,2.489,1.386,84 302 257 105 130 223 219 179
leucine,12,glutamic,10,13,6,4,9.639,9.236,0.539,42.6,163.7,0.0,0.0,1.623,1.665,39 339 296 58 96 259 237 157 167 186
leucine,12,glutamic,10,13,7,1,9.639,11.511,0.539,48.0,55.3,5.3319,0.0,3.036,0.986,140 0 205 275
leucine,12,glutamic,10,13,7,2,9.639,11.511,0.539,48.0,55.3,1.7655,0.0,3.036,0.692,140 0 141 89 183 182
leucine,12,glutamic,10,13,7,3,9.639,11.511,0.539,48.0,55.3,0.0,0.0,3.036,1.045,144 284 223 137 145 200 239 213
leucine,12,glutamic,10,13,7,4,9.639,11.511,0.539,48.0,55.3,0.0,0.0,3.036,0.619,91 343 295 49 85 231 218 148 151 183
leucine,12,leucine,13,1,1,1,8.987,9.164,0.915,54.3,109.5,2.7452,0.0,2.943,0.855,168 360 206 271
leucine,12,leucine,13,1,1,2,8.987,9.164,0.915,54.3,109.5,0.0,0.0,2.943,0.444,210 310 165 83 151 173
leucine,12,leucine,13,1,1,3,8.987,9.164,0.915,54.3,109.5,0.0,0.0,2.626,2.33,112 291 302 89 110 224 183 142
leucine,12,leucine,13,1,1,4,8.987,9.164,0.915,54.3,109.5,0.0,0.0,1.916,2.043,63 3 295 43 114 280 269 204 203 168
leucine,12,leucine,13,1,2,1,8.987,11.254,0.915,52.8,14.7,4.8712,0.0,2.943,1.375,160 0 207 262
leucine,12,leucine,13,1,2,2,8.987,11.254,0.915,52.8,14.7,1.3551,0.0,2.298,0.857,167 0 213 258 187 183
leucine,12,leucine,13,1,2,3,8.987,11.254,0.915,52.8,14.7,0.4442,0.0,2.943,0.851,189 1 215 251 192 186 8 175
leucine,12,leucine,13,1,2,4,8.987,11.254,0.915,52.8,14.7,0.0,0.0,2.943,1.492,221 328 237 272 133 91 166 139 353 144
leucine,12,leucine,13,1,13,1,8.987,9.864,0.915,63.4,82.5,3.0383,0.0,2.943,2.381,159 357 153 131
leucine,12,leucine,13,1,13,2,8.987,9.864,0.915,63.4,82.5,0.0,0.0,2.369,3.322,165 297 203 123 161 190
leucine,12,leucine,13,1,13,3,8.987,9.864,0.915,63.4,82.5,0.0,0.0,1.929,4.077,119 290 233 124 169 251 235 176
leucine,12,leucine,13,1,13,4,8.987,9.864,0.915,63.4,82.5,0.0,0.0,2.581,4.077,93 277 276 144 144 212 207 120 133 196
leucine,12,leucine,13,2,1,1,8.987,7.832,0.915,105.2,119.3,0.6004,0.0,2.66,0.746,271 280 161 169
leucine,12,leucine,13,2,1,2,8.987,7.832,0.915,105.2,119.3,0.0,0.0,2.903,0.31,163 158 101 298 282 149
leucine,12,leucine,13,2,1,3,8.987,7.832,0.915,105.2,119.3,0.0,0.0,2.903,0.984,134 173 127 243 253 117 136 209
leucine,12,leucine,13,2,1,4,8.987,7.832,0.915,105.2,119.3,0.0,0.0,2.903,1.08,131 181 146 217 225 132 141 260 242 158
leucine,12,leucine,13,2,2,1,8.987,10.033,0.915,99.7,26.0,2.773,0.0,2.356,1.453,203 77 185 183
leucine,12,leucine,13,2,2,2,8.987,10.033,0.915,99.7,26.0,0.5555,0.0,2.225,0.766,292 259 166 171 71 150
leucine,12,leucine,13,2,2,3,8.987,10.033,0.915,99.7,26.0,0.0,0.0,2.903,0.727,212 150 151 139 293 243 315 242
leucine,12,leucine,13,2,2,4,8.987,10.033,0.915,99.7,26.0,0.0,0.0,2.903,0.78,167 180 157 202 210 134 136 243 233 164
leucine,12,leucine,13,2,13,1,8.987,9.091,0.915,92.4,69.8,1.8159,0.0,1.818,1.146,261 294 181 180
leucine,12,leucine,13,2,13,2,8.987,9.091,0.915,92.4,69.8,0.0,0.0,2.492,1.446,190 337 245 148 143 232
leucine,12,leucine,13,2,13,3,8.987,9.091,0.915,92.4,69.8,0.0,0.0,2.903,0.808,155 174 133 220 229 118 135 207
leucine,12,leucine,13,2,13,4,8.987,9.091,0.915,92.4,69.8,0.0,0.0,2.903,0.818,156 180 141 197 212 133 139 262 243 158
leucine,12,leucine,13,13,1,1,8.987,7.335,0.915,128.0,101.1,0.0469,0.0,2.214,1.809,166 231 184 183
leucine,12,leucine,13,13,1,2,8.987,7.335,0.915,128.0,101.1,0.0,0.0,2.997,0.495,146 24 320 195 84 342
leucine,12,leucine,13,13,1,3,8.987,7.335,0.915,128.0,101.1,0.0,0.0,3.036,3.245,249 181 242 86 103 261 208 139
leucine,12,leucine,13,13,1,4,8.987,7.335,0.915,128.0,101.1,0.0,0.0,3.036,2.501,224 290 122 152 63 32 27 285 345 284
leucine,12,leucine,13,13,2,1,8.987,9.21,0.915,138.1,18.5,1.9216,0.0,1.36,2.293,152 214 180 180
leucine,12,leucine,13,13,2,2,8.987,9.21,0.915,138.1,18.5,0.4877,0.0,0.734,2.567,51 122 182 181 24 167
leucine,12,leucine,13,13,2,3,8.987,9.21,0.915,138.1,18.5,0.0,0.0,1.726,1.423,116 273 121 138 287 184 22 264
leucine,12,leucine,13,13,2,4,8.987,9.21,0.915,138.1,18.5,0.0,0.0,3.036,2.768,194 177 144 126 147 211 332 149 21 179
leucine,12,leucine,13,13,13,1,8.987,8.022,0.915,142.4,75.3,0.7377,0.0,1.657,2.081,167 207 174 177
leucine,12,leucine,13,13,13,2,8.987,8.022,0.915,142.4,75.3,0.0,0.0,2.369,2.803,196 141 216 109 171 306
leucine,12,leucine,13,13,13,3,8.987,8.022,0.915,142.4,75.3,0.0,0.0,2.389,3.569,301 127 235 351 259 261 172 104
leucine,12,leucine,13,13,13,4,8.987,8.022,0.915,142.4,75.3,0.0,0.0,3.036,3.127,210 134 175 155 136 252 252 107 121 207
leucine,12,serine,2,1,3,1,7.94,7.625,0.351,75.5,94.3,0.5164,0.0,2.943,1.419,261 340 147 144
leucine,12,serine,2,1,3,2,7.94,7.625,0.351,75.5,94.3,0.0,0.0,1.823,0.385,290 47 95 270 212 144
leucine,12,serine,2,1,3,3,7.94,7.625,0.351,75.5,94.3,0.0,0.0,2.943,0.813,166 72 122 328 324 281 233 289
leucine,12,serine,2,1,3,4,7.94,7.625,0.351,75.5,94.3,0.0,0.0,2.943,1.255,243 155 130 199 232 102 90 264 234 135
leucine,12,serine,2,1,4,1,7.94,9.219,0.351,88.5,27.2,1.9297,0.0,2.943,2.164,212 57 180 180
leucine,12,serine,2,1,4,2,7.94,9.219,0.351,88.5,27.2,0.3471,0.0,2.613,1.255,302 282 164 168 37 163
leucine,12,serine,2,1,4,3,7.94,9.219,0.351,88.5,27.2,0.0,0.0,2.943,3.309,218 166 111 166 285 160 10 265
leucine,12,serine,2,1,4,4,7.94,9.219,0.351,88.5,27.2,0.0,0.0,2.943,3.178,182 180 151 199 212 126 130 247 232 160
leucine,12,serine,2,1,5,1,7.94,8.281,0.351,86.9,69.9,1.0579,0.0,2.943,2.203,199 59 163 170
leucine,12,serine,2,1,5,2,7.94,8.281,0.351,86.9,69.9,0.0,0.0,2.943,3.288,169 146 125 250 248 166
leucine,12,serine,2,1,5,3,7.94,8.281,0.351,86.9,69.9,0.0,0.0,2.943,3.314,167 182 130 218 232 96 115 214
leucine,12,serine,2,1,5,4,7.94,8.281,0.351,86.9,69.9,0.0,0.0,2.943,3.204,178 185 145 190 210 120 123 266 242 152
leucine,12,serine,2,2,3,1,7.94,5.926,0.351,161.5,109.0,0.0031,0.0,2.796,0.525,78 201 128 20
leucine,12,serine,2,2,3,2,7.94,5.926,0.351,161.5,109.0,0.0,0.0,2.903,0.579,219 138 232 97 102 317
leucine,12,serine,2,2,3,3,7.94,5.926,0.351,161.5,109.0,0.0,0.0,2.803,2.254,336 120 184 151 66 288 254 87
leucine,12,serine,2,2,3,4,7.94,5.926,0.351,161.5,109.0,0.0,0.0,2.766,1.262,339 213 205 67 39 286 297 39 73 245
leucine,12,serine,2,2,4,1,7.94,7.956,0.351,149.4,23.8,1.0511,0.0,2.903,0.924,94 191 129 139
leucine,12,serine,2,2,4,2,7.94,7.956,0.351,149.4,23.8,0.2249,0.0,2.555,1.002,63 244 78 167 358 183
leucine,12,serine,2,2,4,3,7.94,7.956,0.351,149.4,23.8,0.0,0.0,2.903,2.068,326 198 114 90 119 154 5 225
leucine,12,serine,2,2,4,4,7.94,7.956,0.351,149.4,23.8,0.0,0.0,2.903,0.447,202 154 154 140 149 240 266 113 77 194
leucine,12,serine,2,2,5,1,7.94,7.015,0.351,147.0,67.6,0.1121,0.0,2.903,0.993,156 150 255 227
leucine,12,serine,2,2,5,2,7.94,7.015,0.351,147.0,67.6,0.0,0.0,2.903,0.646,178 85 334 72 47 258
leucine,12,serine,2,2,5,3,7.94,7.015,0.351,147.0,67.6,0.0,0.0,2.903,0.555,218 119 221 157 100 270 253 100
leucine,12,serine,2,2,5,4,7.94,7.015,0.351,147.0,67.6,0.0,0.0,2.903,0.916,188 113 176 157 121 276 275 69 104 220
leucine,12,serine,2,13,3,1,7.94,8.18,0.351,54.3,106.4,1.8036,0.0,3.036,0.777,137 0 155 80
leucine,12,serine,2,13,3,2,7.94,8.18,0.351,54.3,106.4,0.0,0.0,3.036,0.907,146 267 245 121 89 147
leucine,12,serine,2,13,3,3,7.94,8.18,0.351,54.3,106.4,0.0,0.0,3.036,0.803,62 329 285 75 109 238 220 168
leucine,12,serine,2,13,3,4,7.94,8.18,0.351,54.3,106.4,0.0,0.0,3.036,1.208,49 277 257 108 117 266 253 146 163 197
leucine,12,serine,2,13,4,1,7.94,10.184,0.351,51.3,17.4,3.9388,0.0,3.036,0.651,146 360 153 88
leucine,12,serine,2,13,4,2,7.94,10.184,0.351,51.3,17.4,1.1518,0.0,3.036,0.499,117 1 172 103 141 176
leucine,12,serine,2,13,4,3,7.94,10.184,0.351,51.3,17.4,0.3233,0.0,3.036,1.077,99 0 163 102 149 173 1 179
leucine,12,serine,2,13,4,4,7.94,10.184,0.351,51.3,17.4,0.0,0.0,3.036,1.705,82 21 156 125 127 136 314 233 28 71
leucine,12,serine,2,13,5,1,7.94,8.902,0.351,63.8,78.8,2.067,0.0,3.036,0.535,147 3 207 233
leucine,12,serine,2,13,5,2,7.94,8.902,0.351,63.8,78.8,0.0,0.0,3.036,1.59,163 256 246 124 134 187
leucine,12,serine,2,13,5,3,7.94,8.902,0.351,63.8,78.8,0.0,0.0,3.036,0.909,92 289 276 122 133 228 214 162
leucine,12,serine,2,13,5,4,7.94,8.902,0.351,63.8,78.8,0.0,0.0,3.036,1.905,94 273 280 155 145 215 215 98 111 200
serine,32,phenylalanine,2,3,12,1,8.963,8.693,-0.105,96.5,89.7,1.4052,0.0,2.552,3.045,314 72 182 181
serine,32,phenylalanine,2,3,12,2,8.963,8.693,-0.105,96.5,89.7,0.0,0.0,2.714,0.76,36 343 82 345 304 138
serine,32,phenylalanine,2,3,12,3,8.963,8.693,-0.105,96.5,89.7,0.0,0.0,4.275,3.262,285 103 222 213 226 174 26 42
serine,32,phenylalanine,2,3,12,4,8.963,8.693,-0.105,96.5,89.7,0.0,0.0,4.283,3.263,308 333 26 22 354 118 130 255 235 147
serine,32,phenylalanine,2,3,13,1,8.963,8.549,-0.105,95.7,95.1,1.2607,0.0,2.423,2.706,8 289 179 179
serine,32,phenylalanine,2,3,13,2,8.963,8.549,-0.105,95.7,95.1,0.0003,0.0,2.424,0.979,19 357 71 342 307 149
serine,32,phenylalanine,2,3,13,3,8.963,8.549,-0.105,95.7,95.1,0.0,0.0,2.195,3.389,283 278 1 66 27 333 25 282
serine,32,phenylalanine,2,3,13,4,8.963,8.549,-0.105,95.7,95.1,0.0,0.0,2.482,3.389,311 23 72 353 317 89 114 297 256 140
serine,32,phenylalanine,2,3,14,1,8.963,10.327,-0.105,89.0,8.9,3.0908,0.0,1.895,2.685,9 305 182 181
serine,32,phenylalanine,2,3,14,2,8.963,10.327,-0.105,89.0,8.9,0.9671,0.0,1.266,3.389,301 22 206 201 63 153
serine,32,phenylalanine,2,3,14,3,8.963,10.327,-0.105,89.0,8.9,0.2615,0.0,2.803,3.389,296 7 197 198 78 154 3 174
serine,32,phenylalanine,2,3,14,4,8.963,10.327,-0.105,89.0,8.9,0.0,0.0,2.401,3.389,295 359 186 358 275 158 67 157 317 188
serine,32,phenylalanine,2,4,12,1,8.963,10.174,-0.105,36.7,87.9,4.7485,0.0,4.648,0.679,322 0 167 33
serine,32,phenylalanine,2,4,12,2,8.963,10.174,-0.105,36.7,87.9,1.1951,0.0,2.857,0.533,324 359 210 303 172 175
serine,32,phenylalanine,2,4,12,3,8.963,10.174,-0.105,36.7,87.9,0.0,0.0,3.323,0.869,314 48 96 310 266 124 147 190
serine,32,phenylalanine,2,4,12,4,8.963,10.174,-0.105,36.7,87.9,0.0,0.0,3.646,0.938,282 58 89 289 263 133 152 245 230 164
serine,32,phenylalanine,2,4,13,1,8.963,10.219,-0.105,23.2,86.3,5.8927,0.0,4.459,0.77,326 0 177 3
serine,32,phenylalanine,2,4,13,2,8.963,10.219,-0.105,23.2,86.3,2.1091,0.0,2.22,0.726,328 360 167 21 180 180
serine,32,phenylalanine,2,4,13,3,8.963,10.219,-0.105,23.2,86.3,0.0,0.0,2.86,1.117,288 44 136 312 221 135 152 179
serine,32,phenylalanine,2,4,13,4,8.963,10.219,-0.105,23.2,86.3,0.0,0.0,3.391,1.44,314 226 285 74 75 135 177 248 245 180
serine,32,phenylalanine,2,4,14,1,8.963,11.67,-0.105,32.5,18.9,6.4331,0.0,4.069,0.813,339 360 190 334
serine,32,phenylalanine,2,4,14,2,8.963,11.67,-0.105,32.5,18.9,2.9155,0.0,2.451,0.543,338 1 151 54 189 186
serine,32,phenylalanine,2,4,14,3,8.963,11.67,-0.105,32.5,18.9,0.4642,0.0,0.651,2.267,354 358 219 278 163 169 84 147
serine,32,phenylalanine,2,4,14,4,8.963,11.67,-0.105,32.5,18.9,0.0,0.0,1.506,2.328,41 10 164 247 224 173 138 192 280 234
serine,32,phenylalanine,2,5,12,1,8.963,9.653,-0.105,60.3,76.1,2.8721,0.0,1.66,3.94,43 359 204 249
serine,32,phenylalanine,2,5,12,2,8.963,9.653,-0.105,60.3,76.1,0.0548,0.0,2.235,2.426,57 1 184 333 67 174
serine,32,phenylalanine,2,5,12,3,8.963,9.653,-0.105,60.3,76.1,0.0,0.0,3.353,2.766,56 301 292 33 70 260 213 120
serine,32,phenylalanine,2,5,12,4,8.963,9.653,-0.105,60.3,76.1,0.0,0.0,3.306,3.204,44 335 298 43 70 247 224 99 121 204
serine,32,phenylalanine,2,5,13,1,8.963,9.112,-0.105,74.7,96.3,1.9282,0.0,2.04,4.689,34 15 199 196
serine,32,phenylalanine,2,5,13,2,8.963,9.112,-0.105,74.7,96.3,0.0,0.0,1.617,4.036,26 325 272 349 38 207
serine,32,phenylalanine,2,5,13,3,8.963,9.112,-0.105,74.7,96.3,0.0,0.0,1.571,5.012,332 313 295 88 128 237 168 150
serine,32,phenylalanine,2,5,13,4,8.963,9.112,-0.105,74.7,96.3,0.0,0.0,3.461,4.744,55 339 303 28 58 267 244 60 97 217
serine,32,phenylalanine,2,5,14,1,8.963,10.807,-0.105,71.1,21.8,3.6908,0.0,1.489,4.063,39 355 162 160
serine,32,phenylalanine,2,5,14,2,8.963,10.807,-0.105,71.1,21.8,0.8156,0.0,1.033,4.43,49 310 185 183 94 145
serine,32,phenylalanine,2,5,14,3,8.963,10.807,-0.105,71.1,21.8,0.0246,0.0,2.185,3.5,47 276 200 192 98 143 5 172
serine,32,phenylalanine,2,5,14,4,8.963,10.807,-0.105,71.1,21.8,0.0,0.0,2.59,3.716,347 41 279 348 72 270 269 186 57 122
serine,32,arginine,3,3,16,1,10.344,9.471,-0.669,82.3,117.8,2.2006,0.0,5.163,0.54,7 41 180 180
serine,32,arginine,3,3,16,2,10.344,9.471,-0.669,82.3,117.8,0.0,0.0,4.093,0.384,348 33 239 339 70 205
serine,32,arginine,3,3,16,3,10.344,9.471,-0.669,82.3,117.8,0.0,0.0,4.185,1.49,69 99 59 222 265 46 333 96
serine,32,arginine,3,3,16,4,10.344,9.471,-0.669,82.3,117.8,0.0,0.0,4.352,0.783,35 351 311 20 48 257 232 88 117 210
serine,32,arginine,3,3,17,1,10.344,11.717,-0.669,87.6,18.0,4.4772,0.0,4.952,0.591,1 52 181 181
serine,32,arginine,3,3,17,2,10.344,11.717,-0.669,87.6,18.0,1.1489,0.0,3.972,1.009,57 318 197 188 229 214
serine,32,arginine,3,3,17,3,10.344,11.717,-0.669,87.6,18.0,0.2248,0.0,4.191,0.522,63 347 185 183 234 215 2 178
serine,32,arginine,3,3,17,4,10.344,11.717,-0.669,87.6,18.0,0.0,0.0,4.408,0.599,47 16 180 357 61 216 268 205 45 128
serine,32,arginine,3,3,18,1,10.344,10.362,-0.669,86.5,82.4,3.0853,0.0,4.959,0.927,45 309 178 179
serine,32,arginine,3,3,18,2,10.344,10.362,-0.669,86.5,82.4,0.0,0.0,3.981,0.969,345 49 171 211 94 185
serine,32,arginine,3,3,18,3,10.344,10.362,-0.669,86.5,82.4,0.0,0.0,3.673,0.78,46 325 102 335 302 45 238 273
serine,32,arginine,3,3,18,4,10.344,10.362,-0.669,86.5,82.4,0.0,0.0,4.269,1.168,51 306 261 36 72 257 234 60 87 212
serine,32,arginine,3,4,16,1,10.344,9.631,-0.669,76.4,132.7,2.5181,0.0,6.415,1.537,312 18 200 195
serine,32,arginine,3,4,16,2,10.344,9.631,-0.669,76.4,132.7,0.0,0.0,4.113,1.361,357 339 133 27 310 163
serine,32,arginine,3,4,16,3,10.344,9.631,-0.669,76.4,132.7,0.0,0.0,4.137,2.632,346 15 51 340 310 91 120 226
serine,32,arginine,3,4,16,4,10.344,9.631,-0.669,76.4,132.7,0.0,0.0,4.385,2.112,342 355 35 338 307 101 133 259 232 157
serine,32,arginine,3,4,17,1,10.344,12.048,-0.669,75.3,28.5,4.8881,0.0,6.312,1.529,315 11 189 187
serine,32,arginine,3,4,17,2,10.344,12.048,-0.669,75.3,28.5,1.2689,0.0,4.193,1.528,311 19 213 204 203 198
serine,32,arginine,3,4,17,3,10.344,12.048,-0.669,75.3,28.5,0.0936,0.0,4.321,2.178,296 70 203 193 219 209 17 170
serine,32,arginine,3,4,17,4,10.344,12.048,-0.669,75.3,28.5,0.0,0.0,4.08,2.532,8 309 107 308 317 126 115 157 291 236
serine,32,arginine,3,4,18,1,10.344,10.942,-0.669,64.7,78.0,3.9396,0.0,6.308,1.72,327 360 200 223
serine,32,arginine,3,4,18,2,10.344,10.942,-0.669,64.7,78.0,0.3931,0.0,4.187,1.651,328 359 217 238 175 177
serine,32,arginine,3,4,18,3,10.344,10.942,-0.669,64.7,78.0,0.0,0.0,2.97,0.883,273 27 160 358 239 133 129 194
serine,32,arginine,3,4,18,4,10.344,10.942,-0.669,64.7,78.0,0.0,0.0,2.626,0.84,291 59 91 302 278 129 148 260 241 158
serine,32,arginine,3,5,16,1,10.344,10.678,-0.669,30.3,124.2,5.7015,0.0,9.025,2.544,5 1 172 15
serine,32,arginine,3,5,16,2,10.344,10.678,-0.669,30.3,124.2,2.0861,0.0,5.576,1.056,8 360 205 315 178 179
serine,32,arginine,3,5,16,3,10.344,10.678,-0.669,30.3,124.2,0.0,0.0,4.542,2.145,351 309 229 315 310 232 169 171
serine,32,arginine,3,5,16,4,10.344,10.678,-0.669,30.3,124.2,0.0,0.0,3.963,0.744,106 249 271 72 122 265 197 158 228 225
serine,32,arginine,3,5,17,1,10.344,13.033,-0.669,31.3,20.0,7.8157,0.0,8.785,2.532,13 0 168 30
serine,32,arginine,3,5,17,2,10.344,13.033,-0.669,31.3,20.0,4.2951,0.0,5.342,0.805,14 360 209 304 176 178
serine,32,arginine,3,5,17,3,10.344,13.033,-0.669,31.3,20.0,0.9919,0.0,4.319,2.096,357 360 215 291 180 180 133 150
serine,32,arginine,3,5,17,4,10.344,13.033,-0.669,31.3,20.0,0.0316,0.0,4.489,3.645,337 360 218 275 179 179 136 151 359 180
serine,32,arginine,3,5,18,1,10.344,11.512,-0.669,39.7,89.8,5.8296,0.0,8.746,2.746,19 0 199 303
serine,32,arginine,3,5,18,2,10.344,11.512,-0.669,39.7,89.8,2.3594,0.0,5.718,1.276,16 1 147 67 196 190
serine,32,arginine,3,5,18,3,10.344,11.512,-0.669,39.7,89.8,0.0,0.0,3.434,1.406,2 313 235 115 88 200 195 204
serine,32,arginine,3,5,18,4,10.344,11.512,-0.669,39.7,89.8,0.0,0.0,2.575,1.012,43 312 278 53 81 234 210 136 150 192
serine,32,lysine,10,3,13,1,6.164,6.012,0.012,37.2,131.3,1.9201,0.0,2.91,1.137,76 356 192 351
serine,32,lysine,10,3,13,2,6.164,6.012,0.012,37.2,131.3,0.0052,0.0,1.879,0.541,21 329 226 356 235 311
serine,32,lysine,10,3,13,3,6.164,6.012,0.012,37.2,131.3,0.0,0.0,3.045,3.389,308 324 242 10 201 311 200 173
serine,32,lysine,10,3,13,4,6.164,6.012,0.012,37.2,131.3,0.0,0.0,2.985,0.41,358 331 336 68 78 301 245 9 82 211
serine,32,lysine,10,3,14,1,6.164,7.899,0.012,47.0,54.3,1.9362,0.0,3.077,1.629,83 360 195 316
serine,32,lysine,10,3,14,2,6.164,7.899,0.012,47.0,54.3,0.0,0.0,4.38,2.438,130 298 220 46 114 221
serine,32,lysine,10,3,14,3,6.164,7.899,0.012,47.0,54.3,0.0,0.0,3.496,0.609,63 323 303 41 53 285 260 130
serine,32,lysine,10,3,14,4,6.164,7.899,0.012,47.0,54.3,0.0,0.0,3.594,0.743,34 350 311 57 82 248 229 110 129 201
serine,32,lysine,10,3,15,1,6.164,8.216,0.012,43.4,40.2,2.4792,0.0,1.956,0.539,58 0 166 36
serine,32,lysine,10,3,15,2,6.164,8.216,0.012,43.4,40.2,0.2212,0.0,1.221,0.772,25 354 214 289 294 209
serine,32,lysine,10,3,15,3,6.164,8.216,0.012,43.4,40.2,0.0,0.0,1.795,1.057,339 3 254 17 110 301 322 176
serine,32,lysine,10,3,15,4,6.164,8.216,0.012,43.4,40.2,0.0,0.0,2.297,0.884,328 350 290 28 68 301 272 125 133 193
serine,32,lysine,10,4,13,1,6.164,4.115,0.012,111.3,137.2,0.6923,0.0,2.04,1.901,326 289 355 358
serine,32,lysine,10,4,13,2,6.164,4.115,0.012,111.3,137.2,0.1018,0.0,4.452,3.797,78 105 332 297 273 346
serine,32,lysine,10,4,13,3,6.164,4.115,0.012,111.3,137.2,0.0,0.0,4.161,2.899,264 314 37 28 131 349 126 73
serine,32,lysine,10,4,13,4,6.164,4.115,0.012,111.3,137.2,0.0,0.0,4.088,1.164,273 38 7 54 82 294 255 42 105 238
serine,32,lysine,10,4,14,1,6.164,5.853,0.012,130.6,63.1,0.3246,0.0,4.535,3.797,38 147 304 297
serine,32,lysine,10,4,14,2,6.164,5.853,0.012,130.6,63.1,0.0,0.0,4.392,2.945,263 222 106 330 156 61
serine,32,lysine,10,4,14,3,6.164,5.853,0.012,130.6,63.1,0.0,0.0,4.872,3.797,36 25 313 261 324 54 180 333
serine,32,lysine,10,4,14,4,6.164,5.853,0.012,130.6,63.1,0.0,0.0,2.912,1.386,308 358 59 29 3 101 109 293 247 130
serine,32,lysine,10,4,15,1,6.164,6.542,0.012,108.7,33.8,0.6292,0.0,3.268,3.797,24 29 19 123
serine,32,lysine,10,4,15,2,6.164,6.542,0.012,108.7,33.8,0.0473,0.0,3.742,3.797,59 6 61 142 3 102
serine,32,lysine,10,4,15,3,6.164,6.542,0.012,108.7,33.8,0.0,0.0,0.905,1.923,328 290 295 240 26 173 21 321
serine,32,lysine,10,4,15,4,6.164,6.542,0.012,108.7,33.8,0.0,0.0,1.634,0.706,263 97 125 281 271 114 120 269 258 160
serine,32,lysine,10,5,13,1,6.164,5.792,0.012,47.2,155.4,1.0529,0.0,4.513,4.928,290 353 206 341
serine,32,lysine,10,5,13,2,6.164,5.792,0.012,47.2,155.4,0.0,0.0,4.395,5.012,254 303 299 273 276 300
serine,32,lysine,10,5,13,3,6.164,5.792,0.012,47.2,155.4,0.0,0.0,3.624,4.117,19 30 61 303 278 61 96 218
serine,32,lysine,10,5,13,4,6.164,5.792,0.012,47.2,155.4,0.0,0.0,4.498,4.677,352 5 34 304 283 93 122 268 234 151
serine,32,lysine,10,5,14,1,6.164,7.911,0.012,46.5,57.7,1.9899,0.0,4.911,5.012,280 0 165 43
serine,32,lysine,10,5,14,2,6.164,7.911,0.012,46.5,57.7,0.0,0.0,4.864,5.012,269 67 100 302 285 147
serine,32,lysine,10,5,14,3,6.164,7.911,0.012,46.5,57.7,0.0,0.0,4.936,4.883,328 23 64 311 277 93 121 205
serine,32,lysine,10,5,14,4,6.164,7.911,0.012,46.5,57.7,0.0,0.0,4.978,4.807,336 9 46 307 282 107 128 242 222 160
serine,32,lysine,10,5,15,1,6.164,8.127,0.012,47.4,48.8,2.1248,0.0,4.484,5.012,304 0 197 308
serine,32,lysine,10,5,15,2,6.164,8.127,0.012,47.4,48.8,0.0,0.0,3.629,4.703,344 8 143 283 268 168
serine,32,lysine,10,5,15,3,6.164,8.127,0.012,47.4,48.8,0.0,0.0,4.09,4.631,358 1 80 329 274 83 92 178
serine,32,lysine,10,5,15,4,6.164,8.127,0.012,47.4,48.8,0.0,0.0,4.249,4.775,341 8 46 320 291 100 125 248 225 158
serine,32,aspartic,21,3,3,1,8.861,8.865,-0.371,103.3,63.1,1.6237,0.0,1.004,0.909,31 84 183 182
serine,32,aspartic,21,3,3,2,8.861,8.865,-0.371,103.3,63.1,0.0,0.0,1.604,2.527,136 281 128 140 72 121
serine,32,aspartic,21,3,3,3,8.861,8.865,-0.371,103.3,63.1,0.0,0.0,2.556,3.389,154 190 208 131 132 248 229 155
serine,32,aspartic,21,3,3,4,8.861,8.865,-0.371,103.3,63.1,0.0,0.0,3.237,3.389,173 191 200 140 134 222 219 116 127 199
serine,32,aspartic,21,3,4,1,8.861,9.116,-0.371,115.6,53.0,1.8288,0.0,1.15,1.457,100 255 178 179
serine,32,aspartic,21,3,4,2,8.861,9.116,-0.371,115.6,53.0,0.0,0.0,1.774,2.549,9 154 150 167 313 233
serine,32,aspartic,21,3,4,3,8.861,9.116,-0.371,115.6,53.0,0.0,0.0,3.189,3.389,145 184 196 133 134 251 236 160
serine,32,aspartic,21,3,4,4,8.861,9.116,-0.371,115.6,53.0,0.0,0.0,2.741,3.389,198 181 215 116 98 242 211 136 186 215
serine,32,aspartic,21,3,5,1,8.861,8.771,-0.371,100.8,66.7,1.5236,0.0,1.303,1.177,18 84 167 172
serine,32,aspartic,21,3,5,2,8.861,8.771,-0.371,100.8,66.7,0.0,0.0,1.917,0.784,350 86 193 199 341 181
serine,32,aspartic,21,3,5,3,8.861,8.771,-0.371,100.8,66.7,0.0,0.0,2.54,1.251,100 298 224 12 64 268 237 79
serine,32,aspartic,21,3,5,4,8.861,8.771,-0.371,100.8,66.7,0.0,0.0,2.519,3.033,148 248 232 98 100 231 230 77 83 197
serine,32,aspartic,21,4,3,1,8.861,8.838,-0.371,104.3,76.6,1.5779,0.0,1.546,2.08,327 277 169 173
serine,32,aspartic,21,4,3,2,8.861,8.838,-0.371,104.3,76.6,0.0,0.0,1.233,2.914,220 53 265 315 135 153
serine,32,aspartic,21,4,3,3,8.861,8.838,-0.371,104.3,76.6,0.0,0.0,2.607,3.797,200 168 147 234 234 118 139 205
serine,32,aspartic,21,4,3,4,8.861,8.838,-0.371,104.3,76.6,0.0,0.0,2.267,3.797,183 188 165 242 249 94 111 222 192 154
serine,32,aspartic,21,4,4,1,8.861,9.739,-0.371,90.5,39.4,2.4503,0.0,0.859,1.483,317 299 180 180
serine,32,aspartic,21,4,4,2,8.861,9.739,-0.371,90.5,39.4,0.2682,0.0,1.574,2.186,242 31 204 197 57 153
serine,32,aspartic,21,4,4,3,8.861,9.739,-0.371,90.5,39.4,0.0,0.0,2.124,3.621,200 89 166 263 278 159 91 149
serine,32,aspartic,21,4,4,4,8.861,9.739,-0.371,90.5,39.4,0.0,0.0,3.52,3.797,189 155 148 224 225 144 151 243 232 164
serine,32,aspartic,21,4,5,1,8.861,9.011,-0.371,91.6,70.1,1.7389,0.0,0.967,1.615,266 65 178 178
serine,32,aspartic,21,4,5,2,8.861,9.011,-0.371,91.6,70.1,0.0,0.0,2.623,1.778,341 358 138 197 236 113
serine,32,aspartic,21,4,5,3,8.861,9.011,-0.371,91.6,70.1,0.0,0.0,3.53,3.578,8 39 68 197 282 133 146 166
serine,32,aspartic,21,4,5,4,8.861,9.011,-0.371,91.6,70.1,0.0,0.0,3.416,3.364,240 177 166 243 236 72 92 252 229 155
serine,32,aspartic,21,5,3,1,8.861,10.846,-0.371,8.4,68.2,7.7796,0.0,6.316,4.954,184 360 180 360
serine,32,aspartic,21,5,3,2,8.861,10.846,-0.371,8.4,68.2,4.0776,0.0,3.309,3.851,180 0 179 1 205 229
serine,32,aspartic,21,5,3,3,8.861,10.846,-0.371,8.4,68.2,0.5234,0.0,1.596,3.658,186 359 183 358 219 247 164 171
serine,32,aspartic,21,5,3,4,8.861,10.846,-0.371,8.4,68.2,0.0,0.0,2.455,4.796,253 75 106 265 236 132 152 202 190 173
serine,32,aspartic,21,5,4,1,8.861,11.355,-0.371,13.4,47.2,7.7071,0.0,6.245,4.441,117 0 180 0
serine,32,aspartic,21,5,4,2,8.861,11.355,-0.371,13.4,47.2,4.1047,0.0,3.297,3.39,122 359 185 354 157 152
serine,32,aspartic,21,5,4,3,8.861,11.355,-0.371,13.4,47.2,0.5018,0.0,1.356,3.559,122 358 188 351 140 142 156 163
serine,32,aspartic,21,5,4,4,8.861,11.355,-0.371,13.4,47.2,0.0,0.0,1.892,4.546,77 306 269 77 106 221 206 155 159 183
serine,32,aspartic,21,5,5,1,8.861,10.702,-0.371,6.0,73.7,7.9088,0.0,6.647,3.378,49 0 180 0
serine,32,aspartic,21,5,5,2,8.861,10.702,-0.371,6.0,73.7,4.1951,0.0,3.526,0.902,54 360 181 359 154 122
serine,32,aspartic,21,5,5,3,8.861,10.702,-0.371,6.0,73.7,0.6853,0.0,1.674,0.887,31 1 177 3 224 242 193 189
serine,32,aspartic,21,5,5,4,8.861,10.702,-0.371,6.0,73.7,0.0,0.0,1.495,1.663,44 300 271 78 100 231 215 157 167 188
serine,32,glutamic,15,3,5,1,8.534,8.923,-0.4,44.2,110.2,3.1401,0.0,2.879,0.738,31 359 201 308
serine,32,glutamic,15,3,5,2,8.534,8.923,-0.4,44.2,110.2,0.0,0.0,3.02,0.857,49 357 143 109 101 175
serine,32,glutamic,15,3,5,3,8.534,8.923,-0.4,44.2,110.2,0.0,0.0,2.553,0.906,331 357 264 42 112 248 242 203
serine,32,glutamic,15,3,5,4,8.534,8.923,-0.4,44.2,110.2,0.0,0.0,3.528,0.664,14 346 305 31 62 265 237 118 139 199
serine,32,glutamic,15,3,6,1,8.534,10.05,-0.4,52.9,67.1,3.6908,0.0,2.961,0.679,19 359 154 96
serine,32,glutamic,15,3,6,2,8.534,10.05,-0.4,52.9,67.1,0.1386,0.0,1.355,0.691,21 357 139 106 156 166
serine,32,glutamic,15,3,6,3,8.534,10.05,-0.4,52.9,67.1,0.0,0.0,1.768,0.959,324 4 265 26 117 242 233 213
serine,32,glutamic,15,3,6,4,8.534,10.05,-0.4,52.9,67.1,0.0,0.0,3.395,0.87,22 335 296 34 65 253 225 119 139 198
serine,32,glutamic,15,3,7,1,8.534,10.874,-0.4,40.1,28.6,5.2626,0.0,2.464,0.788,21 360 201 304
serine,32,glutamic,15,3,7,2,8.534,10.874,-0.4,40.1,28.6,1.6258,0.0,1.572,0.67,19 360 215 289 179 180
serine,32,glutamic,15,3,7,3,8.534,10.874,-0.4,40.1,28.6,0.4976,0.0,3.743,0.561,56 360 208 309 175 177 319 200
serine,32,glutamic,15,3,7,4,8.534,10.874,-0.4,40.1,28.6,0.0,0.0,4.728,1.906,99 340 141 81 179 201 224 135 46 168
serine,32,glutamic,15,4,5,1,8.534,7.814,-0.4,87.5,119.8,0.6267,0.0,2.697,3.455,32 315 155 164
serine,32,glutamic,15,4,5,2,8.534,7.814,-0.4,87.5,119.8,0.0,0.0,3.058,3.797,73 227 228 84 109 215
serine,32,glutamic,15,4,5,3,8.534,7.814,-0.4,87.5,119.8,0.0,0.0,3.957,3.797,81 305 80 117 156 265 227 60
serine,32,glutamic,15,4,5,4,8.534,7.814,-0.4,87.5,119.8,0.0,0.0,3.634,3.797,20 31 321 344 22 260 251 76 110 225
serine,32,glutamic,15,4,6,1,8.534,9.462,-0.4,75.8,55.1,2.1736,0.0,1.78,2.971,13 338 180 180
serine,32,glutamic,15,4,6,2,8.534,9.462,-0.4,75.8,55.1,0.0,0.0,2.39,1.669,322 8 204 172 79 177
serine,32,glutamic,15,4,6,3,8.534,9.462,-0.4,75.8,55.1,0.0,0.0,1.829,1.265,343 45 87 331 317 101 125 264
serine,32,glutamic,15,4,6,4,8.534,9.462,-0.4,75.8,55.1,0.0,0.0,2.082,2.671,7 123 8 202 318 234 63 349 187 45
serine,32,glutamic,15,4,7,1,8.534,9.806,-0.4,83.6,39.4,2.5485,0.0,2.277,3.178,347 43 188 185
serine,32,glutamic,15,4,7,2,8.534,9.806,-0.4,83.6,39.4,0.3069,0.0,3.707,3.797,61 293 149 159 77 149
serine,32,glutamic,15,4,7,3,8.534,9.806,-0.4,83.6,39.4,0.0,0.0,3.983,3.334,356 77 193 161 292 234 271 355
serine,32,glutamic,15,4,7,4,8.534,9.806,-0.4,83.6,39.4,0.0,0.0,3.051,3.268,17 345 306 23 56 257 227 80 112 209
serine,32,glutamic,15,5,5,1,8.534,8.695,-0.4,54.2,103.8,2.2978,0.0,1.706,4.376,327 1 155 82
serine,32,glutamic,15,5,5,2,8.534,8.695,-0.4,54.2,103.8,0.0,0.0,1.994,4.414,335 45 100 333 306 172
serine,32,glutamic,15,5,5,3,8.534,8.695,-0.4,54.2,103.8,0.0,0.0,3.203,4.806,354 39 51 313 287 97 146 234
serine,32,glutamic,15,5,5,4,8.534,8.695,-0.4,54.2,103.8,0.0,0.0,3.399,4.823,334 16 54 322 293 103 129 259 234 156
serine,32,glutamic,15,5,6,1,8.534,9.971,-0.4,56.2,55.1,3.3856,0.0,1.214,4.193,344 360 205 260
serine,32,glutamic,15,5,6,2,8.534,9.971,-0.4,56.2,55.1,0.3519,0.0,0.322,2.871,10 0 189 273 177 180
serine,32,glutamic,15,5,6,3,8.534,9.971,-0.4,56.2,55.1,0.0,0.0,0.938,3.438,315 34 225 12 66 121 10 155
serine,32,glutamic,15,5,6,4,8.534,9.971,-0.4,56.2,55.1,0.0,0.0,3.063,3.961,277 360 168 11 188 111 147 219 306 172
serine,32,glutamic,15,5,7,1,8.534,10.295,-0.4,65.2,40.3,3.3366,0.0,2.202,4.846,334 358 157 140
serine,32,glutamic,15,5,7,2,8.534,10.295,-0.4,65.2,40.3,0.3786,0.0,3.051,5.012,341 326 175 177 87 148
serine,32,glutamic,15,5,7,3,8.534,10.295,-0.4,65.2,40.3,0.0,0.0,3.499,4.874,336 349 116 17 289 90 59 148
serine,32,glutamic,15,5,7,4,8.534,10.295,-0.4,65.2,40.3,0.0,0.0,3.574,4.93,325 28 64 323 295 113 139 254 232 158
serine,32,isoleucine,8,3,4,1,6.192,6.5,-0.992,97.2,49.6,0.3387,0.0,0.674,3.389,308 327 324 239
serine,32,isoleucine,8,3,4,2,6.192,6.5,-0.992,97.2,49.6,0.0,0.0,1.702,3.389,296 255 334 285 319 79
serine,32,isoleucine,8,3,4,3,6.192,6.5,-0.992,97.2,49.6,0.0,0.0,1.991,3.389,239 308 1 354 127 322 297 110
serine,32,isoleucine,8,3,4,4,6.192,6.5,-0.992,97.2,49.6,0.0,0.0,1.745,3.389,294 346 46 30 355 80 104 313 249 119
serine,32,isoleucine,8,3,5,1,6.192,5.202,-0.992,93.0,98.4,0.0,0.0,2.112,0.807,25 45 64 316
serine,32,isoleucine,8,3,5,2,6.192,5.202,-0.992,93.0,98.4,0.0,0.0,2.586,0.794,68 164 334 315 195 345
serine,32,isoleucine,8,3,5,3,6.192,5.202,-0.992,93.0,98.4,0.0,0.0,2.586,0.672,113 86 4 38 99 50 170 164
serine,32,isoleucine,8,3,5,4,6.192,5.202,-0.992,93.0,98.4,0.0,0.0,1.268,2.509,277 63 106 310 297 82 103 293 241 137
serine,32,isoleucine,8,3,6,1,6.192,6.771,-0.992,111.1,37.4,0.5286,0.0,1.684,2.231,6 136 343 205
serine,32,isoleucine,8,3,6,2,6.192,6.771,-0.992,111.1,37.4,0.0,0.0,2.436,0.633,38 72 2 240 318 138
serine,32,isoleucine,8,3,6,3,6.192,6.771,-0.992,111.1,37.4,0.0,0.0,1.718,3.389,296 255 52 105 44 170 327 304
serine,32,isoleucine,8,3,6,4,6.192,6.771,-0.992,111.1,37.4,0.0,0.0,1.74,3.389,295 343 42 38 20 112 105 237 252 142
serine,32,isoleucine,8,4,4,1,6.192,8.27,-0.992,21.0,55.0,4.4824,0.0,3.425,0.45,319 360 181 359
serine,32,isoleucine,8,4,4,2,6.192,8.27,-0.992,21.0,55.0,0.8242,0.0,3.085,0.725,334 360 181 359 148 127
serine,32,isoleucine,8,4,4,3,6.192,8.27,-0.992,21.0,55.0,0.0,0.0,3.02,3.449,43 294 210 58 166 308 140 183
serine,32,isoleucine,8,4,4,4,6.192,8.27,-0.992,21.0,55.0,0.0,0.0,3.31,3.017,48 18 75 321 283 75 107 223 210 167
serine,32,isoleucine,8,4,5,1,6.192,6.671,-0.992,35.5,117.4,2.0343,0.0,3.404,0.371,317 360 181 359
serine,32,isoleucine,8,4,5,2,6.192,6.671,-0.992,35.5,117.4,0.0,0.0,2.708,0.902,272 66 113 347 208 75
serine,32,isoleucine,8,4,5,3,6.192,6.671,-0.992,35.5,117.4,0.0,0.0,2.947,0.723,340 57 50 288 289 88 141 248
serine,32,isoleucine,8,4,5,4,6.192,6.671,-0.992,35.5,117.4,0.0,0.0,3.851,0.846,348 11 50 321 291 90 116 259 233 155
serine,32,isoleucine,8,4,6,1,6.192,8.665,-0.992,34.8,36.9,3.4781,0.0,3.241,0.991,298 0 179 1
serine,32,isoleucine,8,4,6,2,6.192,8.665,-0.992,34.8,36.9,0.2157,0.0,3.528,0.86,292 1 202 281 252 196
serine,32,isoleucine,8,4,6,3,6.192,8.665,-0.992,34.8,36.9,0.0,0.0,4.109,1.211,329 9 100 317 270 106 96 162
serine,32,isoleucine,8,4,6,4,6.192,8.665,-0.992,34.8,36.9,0.0,0.0,3.58,1.764,314 38 56 297 271 115 147 255 222 154
serine,32,isoleucine,8,5,4,1,6.192,7.186,-0.992,71.8,69.1,0.1368,0.0,1.373,4.816,56 329 231 223
serine,32,isoleucine,8,5,4,2,6.192,7.186,-0.992,71.8,69.1,0.0,0.0,3.148,4.193,354 321 271 77 127 211
serine,32,isoleucine,8,5,4,3,6.192,7.186,-0.992,71.8,69.1,0.0,0.0,2.457,4.988,339 335 323 57 98 267 201 123
serine,32,isoleucine,8,5,4,4,6.192,7.186,-0.992,71.8,69.1,0.0,0.0,2.179,4.609,23 5 340 34 48 272 263 58 105 233
serine,32,isoleucine,8,5,5,1,6.192,6.287,-0.992,52.7,102.8,0.2363,0.0,1.808,3.099,39 358 199 333
serine,32,isoleucine,8,5,5,2,6.192,6.287,-0.992,52.7,102.8,0.0,0.0,2.81,2.625,5 283 292 74 118 246
serine,32,isoleucine,8,5,5,3,6.192,6.287,-0.992,52.7,102.8,0.0,0.0,3.338,2.49,319 338 300 43 87 309 266 149
serine,32,isoleucine,8,5,5,4,6.192,6.287,-0.992,52.7,102.8,0.0,0.0,1.511,2.411,298 288 323 106 69 288 275 292 85 289
serine,32,isoleucine,8,5,6,1,6.192,8.188,-0.992,56.7,21.9,1.6266,0.0,0.594,4.3,58 360 201 273
serine,32,isoleucine,8,5,6,2,6.192,8.188,-0.992,56.7,21.9,0.5704,0.0,2.171,4.169,102 14 121 100 35 145
serine,32,isoleucine,8,5,6,3,6.192,8.188,-0.992,56.7,21.9,0.0,0.0,3.043,3.807,131 311 198 96 67 208 309 218
serine,32,isoleucine,8,5,6,4,6.192,8.188,-0.992,56.7,21.9,0.0,0.0,1.911,3.395,86 331 277 45 72 248 247 95 102 207
serine,32,leucine,12,3,1,1,10.693,10.321,-0.124,66.8,116.8,3.2698,0.0,4.47,1.102,359 360 160 143
serine,32,leucine,12,3,1,2,10.693,10.321,-0.124,66.8,116.8,0.0,0.0,2.926,0.763,23 342 125 121 167 181
serine,32,leucine,12,3,1,3,10.693,10.321,-0.124,66.8,116.8,0.0,0.0,3.629,2.284,294 76 220 337 84 47 221 193
serine,32,leucine,12,3,1,4,10.693,10.321,-0.124,66.8,116.8,0.0,0.0,4.144,1.168,10 11 53 329 293 112 141 254 223 153
serine,32,leucine,12,3,2,1,10.693,10.708,-0.124,78.7,100.8,3.6038,0.0,4.68,1.205,346 28 200 194
serine,32,leucine,12,3,2,2,10.693,10.708,-0.124,78.7,100.8,0.0,0.0,2.382,0.862,340 53 196 230 172 190
serine,32,leucine,12,3,2,3,10.693,10.708,-0.124,78.7,100.8,0.0,0.0,2.294,0.971,80 269 181 312 327 194 214 113
serine,32,leucine,12,3,2,4,10.693,10.708,-0.124,78.7,100.8,0.0,0.0,3.91,1.157,314 9 321 350 45 308 261 121 136 192
serine,32,leucine,12,3,13,1,10.693,12.551,-0.124,70.9,16.9,5.3879,0.0,4.397,0.921,3 358 170 168
serine,32,leucine,12,3,13,2,10.693,12.551,-0.124,70.9,16.9,1.7707,0.0,1.54,0.54,3 360 214 218 179 180
serine,32,leucine,12,3,13,3,10.693,12.551,-0.124,70.9,16.9,0.4001,0.0,4.142,2.682,349 349 154 159 161 166 331 195
serine,32,leucine,12,3,13,4,10.693,12.551,-0.124,70.9,16.9,0.0,0.0,4.378,1.356,293 60 229 310 98 205 86 168 358 198
serine,32,leucine,12,4,1,1,10.693,10.607,-0.124,55.4,117.5,4.0736,0.0,4.211,2.184,355 360 206 259
serine,32,leucine,12,4,1,2,10.693,10.607,-0.124,55.4,117.5,0.5493,0.0,2.042,1.645,353 3 137 95 198 192
serine,32,leucine,12,4,1,3,10.693,10.607,-0.124,55.4,117.5,0.0,0.0,2.695,0.383,305 55 122 325 260 116 148 180
serine,32,leucine,12,4,1,4,10.693,10.607,-0.124,55.4,117.5,0.0,0.0,2.075,2.815,306 98 188 268 172 280 341 27 356 81
serine,32,leucine,12,4,2,1,10.693,11.292,-0.124,56.1,90.0,4.6783,0.0,4.046,1.646,339 0 154 107
serine,32,leucine,12,4,2,2,10.693,11.292,-0.124,56.1,90.0,1.1781,0.0,1.693,1.67,340 358 223 258 170 173
serine,32,leucine,12,4,2,3,10.693,11.292,-0.124,56.1,90.0,0.0,0.0,2.579,0.723,342 52 79 324 284 123 170 205
serine,32,leucine,12,4,2,4,10.693,11.292,-0.124,56.1,90.0,0.0,0.0,2.466,1.99,344 25 61 325 296 113 141 231 212 164
serine,32,leucine,12,4,13,1,10.693,12.865,-0.124,58.5,15.0,6.1361,0.0,3.982,2.229,350 0 205 239
serine,32,leucine,12,4,13,2,10.693,12.865,-0.124,58.5,15.0,2.554,0.0,1.15,1.886,350 0 141 115 181 180
serine,32,leucine,12,4,13,3,10.693,12.865,-0.124,58.5,15.0,0.635,0.0,1.624,3.179,9 358 217 232 172 175 67 150
serine,32,leucine,12,4,13,4,10.693,12.865,-0.124,58.5,15.0,0.0,0.0,1.617,3.206,349 39 204 212 166 173 89 130 9 178
serine,32,leucine,12,5,1,1,10.693,10.425,-0.124,62.8,129.2,3.6662,0.0,5.857,3.885,10 358 151 128
serine,32,leucine,12,5,1,2,10.693,10.425,-0.124,62.8,129.2,0.0926,0.0,3.142,2.62,14 357 212 260 145 165
serine,32,leucine,12,5,1,3,10.693,10.425,-0.124,62.8,129.2,0.0,0.0,4.072,3.222,4 8 237 154 258 156 34 106
serine,32,leucine,12,5,1,4,10.693,10.425,-0.124,62.8,129.2,0.0,0.0,4.155,3.189,9 341 298 26 64 253 223 117 131 194
serine,32,leucine,12,5,2,1,10.693,11.356,-0.124,53.4,89.8,4.8799,0.0,5.747,3.332,17 360 206 262
serine,32,leucine,12,5,2,2,10.693,11.356,-0.124,53.4,89.8,1.3493,0.0,2.611,2.546,16 1 138 99 185 183
serine,32,leucine,12,5,2,3,10.693,11.356,-0.124,53.4,89.8,0.0,0.0,2.601,1.211,32 303 267 35 81 234 197 162
serine,32,leucine,12,5,2,4,10.693,11.356,-0.124,53.4,89.8,0.0,0.0,4.006,1.635,16 331 296 35 66 248 218 131 151 197
serine,32,leucine,12,5,13,1,10.693,12.828,-0.124,60.0,24.5,6.0583,0.0,5.811,3.913,7 1 205 232
serine,32,leucine,12,5,13,2,10.693,12.828,-0.124,60.0,24.5,2.4514,0.0,3.024,3.602,7 1 142 117 185 183
serine,32,leucine,12,5,13,3,10.693,12.828,-0.124,60.0,24.5,0.3591,0.0,3.71,3.466,352 28 217 205 209 203 58 153
serine,32,leucine,12,5,13,4,10.693,12.828,-0.124,60.0,24.5,0.0,0.0,3.579,3.857,310 80 155 141 66 170 234 282 346 174
serine,32,tryptophan,5,3,16,1,4.719,2.147,0.09,144.8,122.1,2.6722,0.0,3.781,3.389,287 14 360 360
serine,32,tryptophan,5,3,16,2,4.719,2.147,0.09,144.8,122.1,1.8306,0.0,2.959,1.002,9 32 4 48 115 2
serine,32,tryptophan,5,3,16,3,4.719,2.147,0.09,144.8,122.1,0.0,0.0,2.523,1.302,15 93 7 213 297 35 148 6
serine,32,tryptophan,5,3,16,4,4.719,2.147,0.09,144.8,122.1,0.0,0.0,0.693,1.986,67 185 199 115 115 305 215 36 98 26
serine,32,tryptophan,5,3,17,1,4.719,4.49,0.09,159.1,28.7,1.4491,0.0,3.654,3.389,282 68 313 355
serine,32,tryptophan,5,3,17,2,4.719,4.49,0.09,159.1,28.7,0.0,0.0,3.355,3.389,300 23 347 235 322 13
serine,32,tryptophan,5,3,17,3,4.719,4.49,0.09,159.1,28.7,0.0,0.0,3.781,3.389,247 296 87 165 317 278 306 338
serine,32,tryptophan,5,3,17,4,4.719,4.49,0.09,159.1,28.7,0.0,0.0,1.14,2.429,4 148 152 302 327 79 81 292 250 121
serine,32,tryptophan,5,3,18,1,4.719,3.863,0.09,144.1,54.8,1.2164,0.0,3.296,3.389,198 348 0 0
serine,32,tryptophan,5,3,18,2,4.719,3.863,0.09,144.1,54.8,0.2357,0.0,2.459,3.052,132 330 352 287 276 356
serine,32,tryptophan,5,3,18,3,4.719,3.863,0.09,144.1,54.8,0.0,0.0,0.539,2.268,88 200 88 248 313 68 122 306
serine,32,tryptophan,5,3,18,4,4.719,3.863,0.09,144.1,54.8,0.0,0.0,3.029,3.389,176 133 127 237 11 115 36 342 215 34
serine,32,tryptophan,5,4,16,1,4.719,4.578,0.09,38.4,119.6,2.0899,0.0,2.04,3.797,221 309 247 359
serine,32,tryptophan,5,4,16,2,4.719,4.578,0.09,38.4,119.6,0.1797,0.0,3.862,3.797,171 272 295 351 218 331
serine,32,tryptophan,5,4,16,3,4.719,4.578,0.09,38.4,119.6,0.0,0.0,2.96,0.645,304 113 74 278 249 25 137 252
serine,32,tryptophan,5,4,16,4,4.719,4.578,0.09,38.4,119.6,0.0,0.0,2.231,0.663,5 24 59 303 274 80 110 249 220 155
serine,32,tryptophan,5,4,17,1,4.719,6.887,0.09,46.7,21.8,1.6501,0.0,0.51,2.585,236 28 132 15
serine,32,tryptophan,5,4,17,2,4.719,6.887,0.09,46.7,21.8,0.6352,0.0,0.42,1.083,274 28 108 81 58 91
serine,32,tryptophan,5,4,17,3,4.719,6.887,0.09,46.7,21.8,0.0,0.0,1.006,1.243,302 21 147 261 233 127 46 119
serine,32,tryptophan,5,4,17,4,4.719,6.887,0.09,46.7,21.8,0.0,0.0,1.125,1.282,347 33 109 264 246 136 108 210 244 185
serine,32,tryptophan,5,4,18,1,4.719,5.757,0.09,60.6,72.6,0.1196,0.0,2.97,3.797,207 304 266 330
serine,32,tryptophan,5,4,18,2,4.719,5.757,0.09,60.6,72.6,0.0,0.0,2.828,3.775,222 155 324 12 260 323
serine,32,tryptophan,5,4,18,3,4.719,5.757,0.09,60.6,72.6,0.0,0.0,1.479,1.083,274 28 30 310 286 62 131 253
serine,32,tryptophan,5,4,18,4,4.719,5.757,0.09,60.6,72.6,0.0,0.0,4.279,3.797,201 222 252 283 319 283 309 234 290 159
serine,32,tryptophan,5,5,16,1,4.719,3.837,0.09,66.2,142.6,1.1708,0.0,4.264,5.012,110 128 37 359
serine,32,tryptophan,5,5,16,2,4.719,3.837,0.09,66.2,142.6,0.3057,0.0,4.413,5.012,63 217 10 70 86 5
serine,32,tryptophan,5,5,16,3,4.719,3.837,0.09,66.2,142.6,0.0,0.0,3.095,4.479,28 300 288 127 77 269 250 90
serine,32,tryptophan,5,5,16,4,4.719,3.837,0.09,66.2,142.6,0.0,0.0,4.201,4.644,354 12 328 45 76 287 262 94 121 207
serine,32,tryptophan,5,5,17,1,4.719,6.27,0.09,70.8,37.3,0.6449,0.0,3.991,5.012,111 280 303 284
serine,32,tryptophan,5,5,17,2,4.719,6.27,0.09,70.8,37.3,0.0,0.0,4.226,5.012,81 265 331 120 46 259
serine,32,tryptophan,5,5,17,3,4.719,6.27,0.09,70.8,37.3,0.0,0.0,4.411,4.819,48 330 359 257 214 318 228 70
serine,32,tryptophan,5,5,17,4,4.719,6.27,0.09,70.8,37.3,0.0,0.0,4.487,4.917,76 1 352 28 43 280 262 69 116 230
serine,32,tryptophan,5,5,18,1,4.719,5.297,0.09,77.3,75.7,0.0147,0.0,3.676,5.012,149 84 67 310
serine,32,tryptophan,5,5,18,2,4.719,5.297,0.09,77.3,75.7,0.0,0.0,4.264,5.012,99 226 30 52 72 317
serine,32,tryptophan,5,5,18,3,4.719,5.297,0.09,77.3,75.7,0.0,0.0,4.308,5.012,60 310 337 102 75 245 234 93
serine,32,tryptophan,5,5,18,4,4.719,5.297,0.09,77.3,75.7,0.0,0.0,4.348,5.012,40 303 306 148 106 238 248 49 92 235
serine,32,glutamic,10,3,5,1,9.24,6.94,0.216,134.6,142.7,0.0,0.0,3.774,2.459,338 96 232 144
serine,32,glutamic,10,3,5,2,9.24,6.94,0.216,134.6,142.7,0.0,0.0,4.357,3.389,308 9 326 58 75 226
serine,32,glutamic,10,3,5,3,9.24,6.94,0.216,134.6,142.7,0.0,0.0,2.392,3.389,140 197 210 98 88 261 228 140
serine,32,glutamic,10,3,5,4,9.24,6.94,0.216,134.6,142.7,0.0,0.0,1.464,0.881,27 336 278 319 3 270 243 89 138 218
serine,32,glutamic,10,3,6,1,9.24,8.002,0.216,118.1,92.4,0.7147,0.0,2.771,1.82,42 252 176 177
serine,32,glutamic,10,3,6,2,9.24,8.002,0.216,118.1,92.4,0.0,0.0,2.703,1.613,36 166 322 347 68 301
serine,32,glutamic,10,3,6,3,9.24,8.002,0.216,118.1,92.4,0.0,0.0,3.979,1.521,2 93 3 41 354 122 33 340
serine,32,glutamic,10,3,6,4,9.24,8.002,0.216,118.1,92.4,0.0,0.0,1.487,1.576,120 232 217 96 102 229 218 108 123 193
serine,32,glutamic,10,3,7,1,9.24,9.039,0.216,132.4,53.0,1.7874,0.0,3.299,2.176,33 227 181 180
serine,32,glutamic,10,3,7,2,9.24,9.039,0.216,132.4,53.0,0.0,0.0,4.973,3.389,281 124 161 133 76 168
serine,32,glutamic,10,3,7,3,9.24,9.039,0.216,132.4,53.0,0.0,0.0,4.971,3.389,242 163 155 246 265 128 140 198
serine,32,glutamic,10,3,7,4,9.24,9.039,0.216,132.4,53.0,0.0,0.0,4.972,3.389,261 236 358 143 77 292 345 248 168 136
serine,32,glutamic,10,4,5,1,9.24,8.976,0.216,50.5,138.5,2.8592,0.0,4.847,1.283,276 0 153 75
serine,32,glutamic,10,4,5,2,9.24,8.976,0.216,50.5,138.5,0.0,0.0,2.391,0.919,282 355 218 221 277 254
serine,32,glutamic,10,4,5,3,9.24,8.976,0.216,50.5,138.5,0.0,0.0,2.378,2.032,346 1 110 289 248 135 110 134
serine,32,glutamic,10,4,5,4,9.24,8.976,0.216,50.5,138.5,0.0,0.0,2.455,1.889,327 11 49 305 280 116 136 238 221 162
serine,32,glutamic,10,4,6,1,9.24,9.831,0.216,45.5,98.6,3.889,0.0,4.758,0.876,294 359 203 297
serine,32,glutamic,10,4,6,2,9.24,9.831,0.216,45.5,98.6,0.3505,0.0,1.892,0.745,288 2 219 276 196 190
serine,32,glutamic,10,4,6,3,9.24,9.831,0.216,45.5,98.6,0.0,0.0,1.613,1.023,331 66 127 253 190 114 168 214
serine,32,glutamic,10,4,6,4,9.24,9.831,0.216,45.5,98.6,0.0,0.0,1.215,2.066,350 13 52 316 287 101 127 219 199 164
serine,32,glutamic,10,4,7,1,9.24,11.177,0.216,44.1,46.0,5.2583,0.0,4.922,1.282,276 0 157 68
serine,32,glutamic,10,4,7,2,9.24,11.177,0.216,44.1,46.0,1.6926,0.0,3.282,1.133,279 359 142 82 172 175
serine,32,glutamic,10,4,7,3,9.24,11.177,0.216,44.1,46.0,0.0591,0.0,4.737,2.486,252 359 145 70 174 176 47 158
serine,32,glutamic,10,4,7,4,9.24,11.177,0.216,44.1,46.0,0.0,0.0,4.816,1.177,275 42 83 295 267 141 151 252 249 172
serine,32,glutamic,10,5,5,1,9.24,9.071,0.216,46.2,135.0,3.1927,0.0,6.804,4.666,84 359 204 299
serine,32,glutamic,10,5,5,2,9.24,9.071,0.216,46.2,135.0,0.0,0.0,4.328,4.353,60 13 226 287 201 235
serine,32,glutamic,10,5,5,3,9.24,9.071,0.216,46.2,135.0,0.0,0.0,4.374,4.326,20 345 265 66 106 234 234 197
serine,32,glutamic,10,5,5,4,9.24,9.071,0.216,46.2,135.0,0.0,0.0,4.365,4.727,43 342 306 59 83 240 220 115 133 199
serine,32,glutamic,10,5,6,1,9.24,9.771,0.216,48.3,102.4,3.6609,0.0,6.605,4.473,64 0 156 74
serine,32,glutamic,10,5,6,2,9.24,9.771,0.216,48.3,102.4,0.2905,0.0,4.142,3.436,48 6 226 265 211 200
serine,32,glutamic,10,5,6,3,9.24,9.771,0.216,48.3,102.4,0.0,0.0,3.873,3.091,359 326 261 74 130 224 201 186
serine,32,glutamic,10,5,6,4,9.24,9.771,0.216,48.3,102.4,0.0,0.0,4.07,3.736,20 347 310 44 73 252 226 130 151 197
serine,32,glutamic,10,5,7,1,9.24,10.951,0.216,54.3,57.5,4.4761,0.0,6.996,4.92,76 1 206 255
serine,32,glutamic,10,5,7,2,9.24,10.951,0.216,54.3,57.5,0.8811,0.0,4.708,4.884,78 360 220 259 178 179
serine,32,glutamic,10,5,7,3,9.24,10.951,0.216,54.3,57.5,0.0,0.0,4.962,4.875,15 37 196 68 118 183 255 253
serine,32,glutamic,10,5,7,4,9.24,10.951,0.216,54.3,57.5,0.0,0.0,4.734,4.867,57 328 302 58 82 228 208 111 133 202
serine,32,leucine,13,3,1,1,18.788,17.694,0.144,89.8,135.6,10.4544,0.0,11.661,2.357,324 59 181 181
serine,32,leucine,13,3,1,2,18.788,17.694,0.144,89.8,135.6,6.7704,0.0,7.977,1.651,20 306 183 181 182 182
serine,32,leucine,13,3,1,3,18.788,17.694,0.144,89.8,135.6,3.2287,0.0,4.94,0.712,326 55 189 186 200 196 190 187
serine,32,leucine,13,3,1,4,18.788,17.694,0.144,89.8,135.6,0.0,0.0,2.437,0.555,39 271 242 232 160 154 209 200 188 198
serine,32,leucine,13,3,2,1,18.788,20.129,0.144,88.7,29.9,12.8765,0.0,11.618,2.27,326 57 181 181
serine,32,leucine,13,3,2,2,18.788,20.129,0.144,88.7,29.9,9.1907,0.0,7.914,1.55,20 309 181 180 181 181
serine,32,leucine,13,3,2,3,18.788,20.129,0.144,88.7,29.9,5.617,0.0,4.837,0.574,327 55 184 183 195 193 184 183
serine,32,leucine,13,3,2,4,18.788,20.129,0.144,88.7,29.9,1.874,0.0,2.093,0.655,329 53 180 180 180 180 179 180 180 180
serine,32,leucine,13,3,13,1,18.788,18.97,0.144,84.8,82.0,11.7068,0.0,11.468,1.878,17 312 179 180
serine,32,leucine,13,3,13,2,18.788,18.97,0.144,84.8,82.0,8.0381,0.0,7.83,2.078,330 39 184 182 184 183
serine,32,leucine,13,3,13,3,18.788,18.97,0.144,84.8,82.0,4.4146,0.0,4.535,0.506,17 312 179 180 173 174 179 179
serine,32,leucine,13,3,13,4,18.788,18.97,0.144,84.8,82.0,0.7203,0.0,1.958,0.46,328 43 177 178 175 175 174 176 177 178
serine,32,leucine,13,4,1,1,18.788,18.755,0.144,47.4,129.4,12.4197,0.0,12.914,1.344,335 0 156 99
serine,32,leucine,13,4,1,2,18.788,18.755,0.144,47.4,129.4,8.9072,0.0,9.276,1.367,335 0 219 259 181 180
serine,32,leucine,13,4,1,3,18.788,18.755,0.144,47.4,129.4,5.2371,0.0,5.886,1.209,335 0 145 100 182 181 182 182
serine,32,leucine,13,4,1,4,18.788,18.755,0.144,47.4,129.4,1.6061,0.0,2.757,1.268,335 0 219 259 181 181 188 187 181 181
serine,32,leucine,13,4,2,1,18.788,21.124,0.144,49.0,26.1,14.6757,0.0,12.884,1.564,337 360 156 108
serine,32,leucine,13,4,2,2,18.788,21.124,0.144,49.0,26.1,11.1662,0.0,9.223,1.525,337 360 219 254 180 180
serine,32,leucine,13,4,2,3,18.788,21.124,0.144,49.0,26.1,7.4912,0.0,5.724,1.364,337 360 145 106 179 179 179 179
serine,32,leucine,13,4,2,4,18.788,21.124,0.144,49.0,26.1,3.8767,0.0,2.44,1.091,337 360 219 254 179 180 173 174 179 179
serine,32,leucine,13,4,13,1,18.788,19.929,0.144,45.7,81.5,13.659,0.0,12.902,1.392,344 360 204 264
serine,32,leucine,13,4,13,2,18.788,19.929,0.144,45.7,81.5,10.147,0.0,9.322,1.272,344 360 141 99 179 179
serine,32,leucine,13,4,13,3,18.788,19.929,0.144,45.7,81.5,6.4682,0.0,5.832,1.588,344 360 215 263 177 178 177 177
serine,32,leucine,13,4,13,4,18.788,19.929,0.144,45.7,81.5,2.836,0.0,2.598,1.274,344 360 141 99 179 179 171 172 179 179
serine,32,leucine,13,5,1,1,18.788,18.417,0.144,62.2,129.1,11.4165,0.0,12.274,4.047,28 0 195 209
serine,32,leucine,13,5,1,2,18.788,18.417,0.144,62.2,129.1,7.9063,0.0,8.63,3.388,29 360 144 131 178 179
serine,32,leucine,13,5,1,3,18.788,18.417,0.144,62.2,129.1,4.2297,0.0,5.304,0.807,28 360 211 227 180 180 180 180
serine,32,leucine,13,5,1,4,18.788,18.417,0.144,62.2,129.1,0.5788,0.0,2.389,0.623,29 360 143 130 179 179 169 171 179 179
serine,32,leucine,13,5,2,1,18.788,20.812,0.144,62.6,23.5,13.7816,0.0,12.253,3.97,26 0 192 202
serine,32,leucine,13,5,2,2,18.788,20.812,0.144,62.6,23.5,10.2724,0.0,8.572,3.431,27 360 144 133 179 180
serine,32,leucine,13,5,2,3,18.788,20.812,0.144,62.6,23.5,6.5991,0.0,5.173,1.084,27 0 210 224 180 180 180 180
serine,32,leucine,13,5,2,4,18.788,20.812,0.144,62.6,23.5,2.9723,0.0,2.125,0.818,27 360 144 133 178 179 169 171 178 179
serine,32,leucine,13,5,13,1,18.788,19.41,0.144,68.1,88.0,12.2457,0.0,12.262,3.849,25 360 179 179
serine,32,leucine,13,5,13,2,18.788,19.41,0.144,68.1,88.0,8.6882,0.0,8.772,3.569,25 360 210 215 178 179
serine,32,leucine,13,5,13,3,18.788,19.41,0.144,68.1,88.0,5.0733,0.0,5.569,1.335,27 357 154 151 167 172 169 171
serine,32,leucine,13,5,13,4,18.788,19.41,0.144,68.1,88.0,1.3662,0.0,2.972,0.546,25 360 212 216 180 180 180 180 180 180
serine,32,serine,2,3,3,1,9.949,9.749,-0.124,111.3,66.6,2.4603,0.0,inf,2.627,318 99 180 180
serine,32,serine,2,3,3,2,9.949,9.749,-0.124,111.3,66.6,0.0,0.0,inf,0.567,53 287 194 242 216 253
serine,32,serine,2,3,3,3,9.949,9.749,-0.124,111.3,66.6,0.0,0.0,inf,0.382,1 272 315 22 339 56 103 231
serine,32,serine,2,3,3,4,9.949,9.749,-0.124,111.3,66.6,0.0,0.0,inf,0.725,31 66 100 26 354 86 113 340 315 157
serine,32,serine,2,3,4,1,9.949,8.965,-0.124,122.5,95.9,1.6965,0.0,inf,2.294,26 245 173 176
serine,32,serine,2,3,4,2,9.949,8.965,-0.124,122.5,95.9,0.0,0.0,inf,3.389,317 244 65 307 70 174
serine,32,serine,2,3,4,3,9.949,8.965,-0.124,122.5,95.9,0.0,0.0,inf,0.739,33 342 4 352 323 33 96 226
serine,32,serine,2,3,4,4,9.949,8.965,-0.124,122.5,95.9,0.0,0.0,inf,3.389,313 11 40 7 348 105 139 270 245 153
serine,32,serine,2,3,5,1,9.949,10.518,-0.124,111.5,31.6,3.2456,0.0,inf,2.371,23 261 181 181
serine,32,serine,2,3,5,2,9.949,10.518,-0.124,111.5,31.6,0.6024,0.0,inf,3.389,292 92 155 165 95 145
serine,32,serine,2,3,5,3,9.949,10.518,-0.124,111.5,31.6,0.0,0.0,inf,3.389,282 28 306 193 261 241 24 155
serine,32,serine,2,3,5,4,9.949,10.518,-0.124,111.5,31.6,0.0,0.0,inf,2.861,360 223 123 68 247 106 106 234 320 118
serine,32,serine,2,4,3,1,9.949,11.452,-0.124,43.9,74.3,5.5137,0.0,inf,0.987,302 0 203 288
serine,32,serine,2,4,3,2,9.949,11.452,-0.124,43.9,74.3,1.9904,0.0,inf,0.792,300 1 144 77 192 187
serine,32,serine,2,4,3,3,9.949,11.452,-0.124,43.9,74.3,0.0,0.0,inf,0.951,338 40 128 258 230 158 159 156
serine,32,serine,2,4,3,4,9.949,11.452,-0.124,43.9,74.3,0.0,0.0,inf,1.636,315 33 68 307 282 129 149 228 213 165
serine,32,serine,2,4,4,1,9.949,11.045,-0.124,37.3,89.4,5.5295,0.0,inf,0.895,286 0 163 43
serine,32,serine,2,4,4,2,9.949,11.045,-0.124,37.3,89.4,1.9624,0.0,inf,0.846,287 360 213 295 178 179
serine,32,serine,2,4,4,3,9.949,11.045,-0.124,37.3,89.4,0.0,0.0,inf,0.914,291 49 101 303 266 144 161 182
serine,32,serine,2,4,4,4,9.949,11.045,-0.124,37.3,89.4,0.0,0.0,inf,1.798,319 31 66 303 277 126 147 221 207 167
serine,32,serine,2,4,5,1,9.949,12.422,-0.124,33.0,30.8,7.1457,0.0,inf,0.954,303 360 195 324
serine,32,serine,2,4,5,2,9.949,12.422,-0.124,33.0,30.8,3.5831,0.0,inf,0.965,303 360 150 59 180 180
serine,32,serine,2,4,5,3,9.949,12.422,-0.124,33.0,30.8,0.8478,0.0,inf,0.529,322 2 204 314 194 188 256 216
serine,32,serine,2,4,5,4,9.949,12.422,-0.124,33.0,30.8,0.0,0.0,inf,1.857,358 5 141 65 173 186 208 157 50 156
serine,32,serine,2,5,3,1,9.949,11.28,-0.124,51.8,62.4,4.9184,0.0,inf,4.495,53 1 155 91
serine,32,serine,2,5,3,2,9.949,11.28,-0.124,51.8,62.4,1.329,0.0,inf,2.645,55 360 140 97 179 179
serine,32,serine,2,5,3,3,9.949,11.28,-0.124,51.8,62.4,0.0,0.0,inf,0.986,40 347 147 92 176 188 14 157
serine,32,serine,2,5,3,4,9.949,11.28,-0.124,51.8,62.4,0.0,0.0,inf,2.795,98 291 259 75 100 218 203 100 111 198
serine,32,serine,2,5,4,1,9.949,10.581,-0.124,58.7,88.8,3.8627,0.0,inf,4.845,67 0 206 246
serine,32,serine,2,5,4,2,9.949,10.581,-0.124,58.7,88.8,0.5475,0.0,inf,4.57,56 6 229 245 204 197
serine,32,serine,2,5,4,3,9.949,10.581,-0.124,58.7,88.8,0.0,0.0,inf,4.733,25 328 289 52 87 227 197 162
serine,32,serine,2,5,4,4,9.949,10.581,-0.124,58.7,88.8,0.0,0.0,inf,4.633,32 346 310 50 72 238 219 125 143 198
serine,32,serine,2,5,5,1,9.949,11.759,-0.124,63.9,41.4,4.8598,0.0,inf,4.663,59 358 156 139
serine,32,serine,2,5,5,2,9.949,11.759,-0.124,63.9,41.4,1.2312,0.0,inf,3.93,58 359 140 127 173 176
serine,32,serine,2,5,5,3,9.949,11.759,-0.124,63.9,41.4,0.0,0.0,inf,4.463,16 70 103 154 121 131 312 184
serine,32,serine,2,5,5,4,9.949,11.759,-0.124,63.9,41.4,0.0,0.0,inf,4.572,9 1 299 50 64 239 223 152 138 171
tryptophan,5,phenylalanine,2,16,12,1,9.57,8.462,0.054,117.1,90.1,1.1754,0.0,2.872,3.612,112 253 177 178
tryptophan,5,phenylalanine,2,16,12,2,9.57,8.462,0.054,117.1,90.1,0.0,0.0,3.101,1.45,75 103 332 89 295 349
tryptophan,5,phenylalanine,2,16,12,3,9.57,8.462,0.054,117.1,90.1,0.0,0.0,3.324,2.707,122 186 317 68 58 302 153 27
tryptophan,5,phenylalanine,2,16,12,4,9.57,8.462,0.054,117.1,90.1,0.0,0.0,2.249,0.958,221 158 196 0 171 349 227 144 120 188
tryptophan,5,phenylalanine,2,16,13,1,9.57,8.006,0.054,122.9,108.0,0.7448,0.0,2.473,3.657,50 114 188 185
tryptophan,5,phenylalanine,2,16,13,2,9.57,8.006,0.054,122.9,108.0,0.0,0.0,2.216,4.668,156 165 231 110 148 250
tryptophan,5,phenylalanine,2,16,13,3,9.57,8.006,0.054,122.9,108.0,0.0,0.0,2.153,4.668,184 168 203 129 124 262 240 151
tryptophan,5,phenylalanine,2,16,13,4,9.57,8.006,0.054,122.9,108.0,0.0,0.0,3.231,4.668,200 168 204 149 131 229 218 98 123 204
tryptophan,5,phenylalanine,2,16,14,1,9.57,10.111,0.054,125.6,8.8,2.8648,0.0,2.056,3.368,45 124 180 180
tryptophan,5,phenylalanine,2,16,14,2,9.57,10.111,0.054,125.6,8.8,0.8826,0.0,2.062,4.668,143 226 166 172 66 150
tryptophan,5,phenylalanine,2,16,14,3,9.57,10.111,0.054,125.6,8.8,0.1968,0.0,3.324,4.424,160 257 206 196 269 214 8 168
tryptophan,5,phenylalanine,2,16,14,4,9.57,10.111,0.054,125.6,8.8,0.0,0.0,3.324,4.171,184 184 198 147 139 212 213 104 109 197
tryptophan,5,phenylalanine,2,17,12,1,9.57,8.894,0.054,99.1,97.7,1.6051,0.0,2.849,4.044,243 78 180 180
tryptophan,5,phenylalanine,2,17,12,2,9.57,8.894,0.054,99.1,97.7,0.0,0.0,3.078,3.104,253 189 100 226 177 76
tryptophan,5,phenylalanine,2,17,12,3,9.57,8.894,0.054,99.1,97.7,0.0,0.0,3.078,3.268,212 180 151 242 231 56 83 200
tryptophan,5,phenylalanine,2,17,12,4,9.57,8.894,0.054,99.1,97.7,0.0,0.0,3.078,3.265,184 181 167 231 234 112 120 225 206 158
tryptophan,5,phenylalanine,2,17,13,1,9.57,8.417,0.054,104.7,117.5,1.1501,0.0,2.266,4.685,302 276 172 175
tryptophan,5,phenylalanine,2,17,13,2,9.57,8.417,0.054,104.7,117.5,0.0,0.0,3.049,3.837,258 242 32 284 88 348
tryptophan,5,phenylalanine,2,17,13,3,9.57,8.417,0.054,104.7,117.5,0.0,0.0,2.205,5.412,168 143 121 263 275 124 132 207
tryptophan,5,phenylalanine,2,17,13,4,9.57,8.417,0.054,104.7,117.5,0.0,0.0,3.078,5.506,216 181 187 205 210 112 82 258 277 166
tryptophan,5,phenylalanine,2,17,14,1,9.57,10.669,0.054,101.4,17.8,3.4605,0.0,2.231,4.284,304 281 173 176
tryptophan,5,phenylalanine,2,17,14,2,9.57,10.669,0.054,101.4,17.8,0.8459,0.0,3.078,4.854,224 116 175 177 273 213
tryptophan,5,phenylalanine,2,17,14,3,9.57,10.669,0.054,101.4,17.8,0.08,0.0,3.078,4.12,221 146 168 172 265 213 357 184
tryptophan,5,phenylalanine,2,17,14,4,9.57,10.669,0.054,101.4,17.8,0.0,0.0,3.078,4.18,182 163 154 213 216 148 151 246 240 167
tryptophan,5,phenylalanine,2,18,12,1,9.57,10.697,0.054,18.7,94.0,6.6948,0.0,2.917,6.144,154 360 180 360
tryptophan,5,phenylalanine,2,18,12,2,9.57,10.697,0.054,18.7,94.0,2.8662,0.0,2.504,4.93,153 0 180 0 180 180
tryptophan,5,phenylalanine,2,18,12,3,9.57,10.697,0.054,18.7,94.0,0.0118,0.0,2.917,3.05,198 359 181 359 196 240 174 177
tryptophan,5,phenylalanine,2,18,12,4,9.57,10.697,0.054,18.7,94.0,0.0,0.0,1.971,1.332,60 302 266 83 114 236 219 169 174 183
tryptophan,5,phenylalanine,2,18,13,1,9.57,10.203,0.054,31.2,113.9,5.1702,0.0,2.917,6.144,165 360 185 351
tryptophan,5,phenylalanine,2,18,13,2,9.57,10.203,0.054,31.2,113.9,1.6411,0.0,2.851,5.754,161 1 157 41 193 188
tryptophan,5,phenylalanine,2,18,13,3,9.57,10.203,0.054,31.2,113.9,0.0,0.0,1.853,5.111,129 316 212 91 166 229 220 191
tryptophan,5,phenylalanine,2,18,13,4,9.57,10.203,0.054,31.2,113.9,0.0,0.0,2.054,4.807,71 315 291 70 109 265 237 189 209 189
tryptophan,5,phenylalanine,2,18,14,1,9.57,12.406,0.054,27.6,11.6,7.4582,0.0,2.917,6.144,156 360 181 357
tryptophan,5,phenylalanine,2,18,14,2,9.57,12.406,0.054,27.6,11.6,3.9733,0.0,2.433,5.359,155 1 156 43 189 186
tryptophan,5,phenylalanine,2,18,14,3,9.57,12.406,0.054,27.6,11.6,0.8462,0.0,2.511,5.251,164 1 145 71 189 186 245 214
tryptophan,5,phenylalanine,2,18,14,4,9.57,12.406,0.054,27.6,11.6,0.0,0.0,2.917,4.184,176 3 142 112 153 170 242 225 1 145
tryptophan,5,arginine,3,16,16,1,11.56,10.458,0.071,111.0,106.8,3.1942,0.0,2.879,0.945,67 263 178 179
tryptophan,5,arginine,3,16,16,2,11.56,10.458,0.071,111.0,106.8,0.0,0.0,3.037,0.646,358 138 88 172 135 115
tryptophan,5,arginine,3,16,16,3,11.56,10.458,0.071,111.0,106.8,0.0,0.0,2.094,1.106,4 46 317 352 50 269 243 160
tryptophan,5,arginine,3,16,16,4,11.56,10.458,0.071,111.0,106.8,0.0,0.0,0.486,1.42,36 288 264 18 44 258 222 69 100 206
tryptophan,5,arginine,3,16,17,1,11.56,12.489,0.071,106.9,12.1,5.2572,0.0,2.703,0.495,71 269 181 181
tryptophan,5,arginine,3,16,17,2,11.56,12.489,0.071,106.9,12.1,1.502,0.0,2.696,0.694,67 271 179 179 179 179
tryptophan,5,arginine,3,16,17,3,11.56,12.489,0.071,106.9,12.1,0.4712,0.0,2.133,1.467,47 311 156 156 221 205 347 193
tryptophan,5,arginine,3,16,17,4,11.56,12.489,0.071,106.9,12.1,0.0,0.0,3.054,0.706,340 111 110 251 89 193 253 219 6 160
tryptophan,5,arginine,3,16,18,1,11.56,10.982,0.071,113.2,86.6,3.7185,0.0,2.956,1.063,3 101 183 182
tryptophan,5,arginine,3,16,18,2,11.56,10.982,0.071,113.2,86.6,0.0007,0.0,2.921,0.584,8 101 187 183 187 186
tryptophan,5,arginine,3,16,18,3,11.56,10.982,0.071,113.2,86.6,0.0,0.0,2.694,1.09,129 206 205 118 124 215 197 162
tryptophan,5,arginine,3,16,18,4,11.56,10.982,0.071,113.2,86.6,0.0,0.0,2.221,1.208,147 226 217 103 105 210 200 121 134 197
tryptophan,5,arginine,3,17,16,1,11.56,11.509,0.071,70.8,96.4,4.2897,0.0,1.429,1.36,302 360 178 178
tryptophan,5,arginine,3,17,16,2,11.56,11.509,0.071,70.8,96.4,0.7413,0.0,1.482,1.242,299 3 215 216 189 186
tryptophan,5,arginine,3,17,16,3,11.56,11.509,0.071,70.8,96.4,0.0,0.0,0.987,0.614,328 20 76 334 289 126 152 190
tryptophan,5,arginine,3,17,16,4,11.56,11.509,0.071,70.8,96.4,0.0,0.0,0.848,4.171,352 268 292 15 8 131 150 244 212 150
tryptophan,5,arginine,3,17,17,1,11.56,13.241,0.071,78.2,16.2,6.0117,0.0,1.421,1.534,290 26 182 181
tryptophan,5,arginine,3,17,17,2,11.56,13.241,0.071,78.2,16.2,2.2852,0.0,1.256,0.665,311 350 174 176 176 177
tryptophan,5,arginine,3,17,17,3,11.56,13.241,0.071,78.2,16.2,0.5499,0.0,0.52,2.958,309 23 194 188 189 188 49 159
tryptophan,5,arginine,3,17,17,4,11.56,13.241,0.071,78.2,16.2,0.0,0.0,0.756,2.95,340 309 209 131 248 274 30 154 5 174
tryptophan,5,arginine,3,17,18,1,11.56,11.791,0.071,81.8,85.9,4.5585,0.0,1.5,1.707,319 322 173 175
tryptophan,5,arginine,3,17,18,2,11.56,11.791,0.071,81.8,85.9,0.8034,0.0,1.618,0.589,309 335 179 179 179 179
tryptophan,5,arginine,3,17,18,3,11.56,11.791,0.071,81.8,85.9,0.0,0.0,3.078,0.984,240 148 121 228 228 155 186 214
tryptophan,5,arginine,3,17,18,4,11.56,11.791,0.071,81.8,85.9,0.0,0.0,2.374,0.734,219 157 156 223 219 132 142 212 199 167
tryptophan,5,arginine,3,18,16,1,11.56,12.454,0.071,26.0,107.2,7.6127,0.0,2.404,2.268,59 360 180 359
tryptophan,5,arginine,3,18,16,2,11.56,12.454,0.071,26.0,107.2,4.1546,0.0,2.307,0.837,56 1 158 39 192 187
tryptophan,5,arginine,3,18,16,3,11.56,12.454,0.071,26.0,107.2,0.3291,0.0,2.408,0.635,59 360 165 30 178 179 179 179
tryptophan,5,arginine,3,18,16,4,11.56,12.454,0.071,26.0,107.2,0.0,0.0,1.994,2.697,28 94 65 319 320 213 187 146 158 190
tryptophan,5,arginine,3,18,17,1,11.56,14.436,0.071,20.6,18.0,9.892,0.0,2.094,2.182,50 0 180 1
tryptophan,5,arginine,3,18,17,2,11.56,14.436,0.071,20.6,18.0,6.3555,0.0,2.122,0.352,51 360 198 329 176 177
tryptophan,5,arginine,3,18,17,3,11.56,14.436,0.071,20.6,18.0,2.5956,0.0,2.087,0.281,50 0 170 18 181 181 181 181
tryptophan,5,arginine,3,18,17,4,11.56,14.436,0.071,20.6,18.0,0.3977,0.0,1.565,1.928,35 359 207 302 165 172 170 171 287 206
tryptophan,5,arginine,3,18,18,1,11.56,13.124,0.071,17.1,81.6,8.9722,0.0,2.917,2.852,76 360 181 359
tryptophan,5,arginine,3,18,18,2,11.56,13.124,0.071,17.1,81.6,5.2989,0.0,2.917,0.764,74 0 172 12 185 183
tryptophan,5,arginine,3,18,18,3,11.56,13.124,0.071,17.1,81.6,1.6448,0.0,2.917,0.577,76 0 180 0 155 155 180 180
tryptophan,5,arginine,3,18,18,4,11.56,13.124,0.071,17.1,81.6,0.0,0.0,2.917,1.14,115 295 237 77 128 206 189 160 158 176
tryptophan,5,lysine,10,16,13,1,10.032,8.112,0.488,126.1,130.1,0.8379,0.0,2.919,1.507,14 238 176 177
tryptophan,5,lysine,10,16,13,2,10.032,8.112,0.488,126.1,130.1,0.0,0.0,3.147,3.606,282 73 184 156 108 357
tryptophan,5,lysine,10,16,13,3,10.032,8.112,0.488,126.1,130.1,0.0,0.0,3.324,4.668,228 141 145 264 281 116 127 210
tryptophan,5,lysine,10,16,13,4,10.032,8.112,0.488,126.1,130.1,0.0,0.0,1.432,0.778,74 344 32 144 100 25 77 55 349 104
tryptophan,5,lysine,10,16,14,1,10.032,9.998,0.488,115.9,53.5,2.7132,0.0,2.919,1.498,14 253 182 181
tryptophan,5,lysine,10,16,14,2,10.032,9.998,0.488,115.9,53.5,0.0922,0.0,3.324,3.494,282 90 168 172 85 147
tryptophan,5,lysine,10,16,14,3,10.032,9.998,0.488,115.9,53.5,0.0,0.0,3.117,1.689,351 195 338 262 118 133 29 301
tryptophan,5,lysine,10,16,14,4,10.032,9.998,0.488,115.9,53.5,0.0,0.0,1.094,0.465,350 337 319 202 169 33 75 119 18 76
tryptophan,5,lysine,10,16,15,1,10.032,10.228,0.488,125.8,43.1,2.9494,0.0,3.324,1.876,308 123 182 181
tryptophan,5,lysine,10,16,15,2,10.032,10.228,0.488,125.8,43.1,0.3161,0.0,2.251,1.304,34 210 186 184 83 148
tryptophan,5,lysine,10,16,15,3,10.032,10.228,0.488,125.8,43.1,0.0,0.0,2.311,1.933,336 150 174 358 340 88 123 225
tryptophan,5,lysine,10,16,15,4,10.032,10.228,0.488,125.8,43.1,0.0,0.0,2.39,1.125,56 295 31 164 137 30 66 353 285 112
tryptophan,5,lysine,10,17,13,1,10.032,10.335,0.488,33.4,123.4,5.1689,0.0,2.441,2.496,277 1 169 24
tryptophan,5,lysine,10,17,13,2,10.032,10.335,0.488,33.4,123.4,1.5539,0.0,2.377,0.852,278 360 208 308 178 179
tryptophan,5,lysine,10,17,13,3,10.032,10.335,0.488,33.4,123.4,0.0,0.0,1.153,1.023,302 65 87 354 181 106 267 262
tryptophan,5,lysine,10,17,13,4,10.032,10.335,0.488,33.4,123.4,0.0,0.0,0.866,2.878,307 32 67 299 273 127 146 229 214 166
tryptophan,5,lysine,10,17,14,1,10.032,12.07,0.488,28.9,54.4,7.1043,0.0,1.73,2.016,294 360 188 342
tryptophan,5,lysine,10,17,14,2,10.032,12.07,0.488,28.9,54.4,3.49,0.0,1.762,0.299,293 360 154 48 179 179
tryptophan,5,lysine,10,17,14,3,10.032,12.07,0.488,28.9,54.4,0.5124,0.0,0.938,0.679,316 360 193 339 179 179 247 213
tryptophan,5,lysine,10,17,14,4,10.032,12.07,0.488,28.9,54.4,0.0,0.0,0.674,2.923,325 331 227 66 118 217 188 121 124 180
tryptophan,5,lysine,10,17,15,1,10.032,12.33,0.488,39.5,42.5,6.6107,0.0,2.108,1.906,285 360 160 60
tryptophan,5,lysine,10,17,15,2,10.032,12.33,0.488,39.5,42.5,3.0993,0.0,1.996,0.493,286 359 215 289 170 174
tryptophan,5,lysine,10,17,15,3,10.032,12.33,0.488,39.5,42.5,0.1175,0.0,1.852,0.45,276 2 222 254 192 188 97 145
tryptophan,5,lysine,10,17,15,4,10.032,12.33,0.488,39.5,42.5,0.0,0.0,0.811,1.743,317 16 91 296 282 143 146 208 222 186
tryptophan,5,lysine,10,18,13,1,10.032,9.673,0.488,63.6,127.9,2.8228,0.0,2.851,3.861,72 1 207 234
tryptophan,5,lysine,10,18,13,2,10.032,9.673,0.488,63.6,127.9,0.0,0.0,2.917,4.237,98 288 196 125 145 192
tryptophan,5,lysine,10,18,13,3,10.032,9.673,0.488,63.6,127.9,0.0,0.0,1.067,4.355,359 12 239 78 122 215 242 251
tryptophan,5,lysine,10,18,13,4,10.032,9.673,0.488,63.6,127.9,0.0,0.0,1.261,4.764,25 358 318 46 68 247 228 126 144 199
tryptophan,5,lysine,10,18,14,1,10.032,11.243,0.488,67.7,64.8,4.217,0.0,2.601,3.602,67 356 158 151
tryptophan,5,lysine,10,18,14,2,10.032,11.243,0.488,67.7,64.8,0.5947,0.0,2.583,3.69,66 356 142 138 166 170
tryptophan,5,lysine,10,18,14,3,10.032,11.243,0.488,67.7,64.8,0.0,0.0,1.209,4.735,359 30 207 90 124 192 228 283
tryptophan,5,lysine,10,18,14,4,10.032,11.243,0.488,67.7,64.8,0.0,0.0,1.747,4.206,31 92 49 355 3 222 216 104 131 215
tryptophan,5,lysine,10,18,15,1,10.032,11.916,0.488,58.4,34.0,5.1926,0.0,2.828,3.642,71 0 205 243
tryptophan,5,lysine,10,18,15,2,10.032,11.916,0.488,58.4,34.0,1.6761,0.0,2.612,3.087,68 1 139 110 187 185
tryptophan,5,lysine,10,18,15,3,10.032,11.916,0.488,58.4,34.0,0.1707,0.0,2.917,3.882,86 3 226 251 193 189 329 194
tryptophan,5,lysine,10,18,15,4,10.032,11.916,0.488,58.4,34.0,0.0,0.0,2.598,2.778,97 325 257 44 75 222 221 133 123 191
tryptophan,5,aspartic,21,16,3,1,8.842,9.789,-0.947,77.4,56.0,2.5085,0.0,1.345,1.22,20 334 176 178
tryptophan,5,aspartic,21,16,3,2,8.842,9.789,-0.947,77.4,56.0,0.0,0.0,0.955,2.115,331 14 193 180 78 156
tryptophan,5,aspartic,21,16,3,3,8.842,9.789,-0.947,77.4,56.0,0.0,0.0,1.553,2.671,275 57 231 28 64 105 175 192
tryptophan,5,aspartic,21,16,3,4,8.842,9.789,-0.947,77.4,56.0,0.0,0.0,0.428,2.291,35 58 97 35 106 191 260 203 339 326
tryptophan,5,aspartic,21,16,4,1,8.842,9.539,-0.947,71.5,65.9,2.2751,0.0,0.853,1.587,17 1 184 185
tryptophan,5,aspartic,21,16,4,2,8.842,9.539,-0.947,71.5,65.9,0.0,0.0,0.659,2.182,28 24 133 77 338 217
tryptophan,5,aspartic,21,16,4,3,8.842,9.539,-0.947,71.5,65.9,0.0,0.0,1.463,1.072,24 314 296 31 46 266 225 110
tryptophan,5,aspartic,21,16,4,4,8.842,9.539,-0.947,71.5,65.9,0.0,0.0,1.849,1.525,25 343 304 23 53 258 229 101 126 204
tryptophan,5,aspartic,21,16,5,1,8.842,9.616,-0.947,86.2,63.0,2.3862,0.0,1.792,0.891,348 48 193 188
tryptophan,5,aspartic,21,16,5,2,8.842,9.616,-0.947,86.2,63.0,0.0,0.0,1.883,0.86,351 117 143 213 231 265
tryptophan,5,aspartic,21,16,5,3,8.842,9.616,-0.947,86.2,63.0,0.0,0.0,2.513,0.679,358 205 83 195 239 108 22 128
tryptophan,5,aspartic,21,16,5,4,8.842,9.616,-0.947,86.2,63.0,0.0,0.0,1.819,1.56,26 346 303 17 49 257 229 87 115 208
tryptophan,5,aspartic,21,17,3,1,8.842,10.325,-0.947,56.8,51.0,3.7151,0.0,0.614,3.754,342 360 205 257
tryptophan,5,aspartic,21,17,3,2,8.842,10.325,-0.947,56.8,51.0,0.5875,0.0,0.582,4.131,359 1 196 290 134 170
tryptophan,5,aspartic,21,17,3,3,8.842,10.325,-0.947,56.8,51.0,0.0,0.0,1.906,5.429,9 11 222 273 170 348 168 162
tryptophan,5,aspartic,21,17,3,4,8.842,10.325,-0.947,56.8,51.0,0.0,0.0,1.005,0.661,304 21 126 331 246 121 134 260 285 168
tryptophan,5,aspartic,21,17,4,1,8.842,9.564,-0.947,70.6,80.7,2.481,0.0,0.63,4.206,334 8 203 206
tryptophan,5,aspartic,21,17,4,2,8.842,9.564,-0.947,70.6,80.7,0.0,0.0,1.336,4.604,23 274 187 73 198 164
tryptophan,5,aspartic,21,17,4,3,8.842,9.564,-0.947,70.6,80.7,0.0,0.0,1.935,4.683,16 0 60 344 292 82 115 193
tryptophan,5,aspartic,21,17,4,4,8.842,9.564,-0.947,70.6,80.7,0.0,0.0,1.289,3.398,346 5 46 343 311 99 129 254 231 157
tryptophan,5,aspartic,21,17,5,1,8.842,10.187,-0.947,64.8,56.8,3.2057,0.0,0.808,2.785,329 359 157 136
tryptophan,5,aspartic,21,17,5,2,8.842,10.187,-0.947,64.8,56.8,0.0995,0.0,0.985,1.538,317 356 168 167 99 155
tryptophan,5,aspartic,21,17,5,3,8.842,10.187,-0.947,64.8,56.8,0.0,0.0,0.914,1.87,349 15 71 337 291 99 127 195
tryptophan,5,aspartic,21,17,5,4,8.842,10.187,-0.947,64.8,56.8,0.0,0.0,0.946,0.692,308 46 72 310 285 116 144 270 239 153
tryptophan,5,aspartic,21,18,3,1,8.842,10.481,-0.947,50.2,64.2,4.24,0.0,1.09,4.06,14 1 205 272
tryptophan,5,aspartic,21,18,3,2,8.842,10.481,-0.947,50.2,64.2,0.659,0.0,1.109,3.25,17 359 219 271 175 177
tryptophan,5,aspartic,21,18,3,3,8.842,10.481,-0.947,50.2,64.2,0.0,0.0,1.286,4.142,316 6 246 33 132 223 229 232
tryptophan,5,aspartic,21,18,3,4,8.842,10.481,-0.947,50.2,64.2,0.0,0.0,1.239,3.191,28 326 290 41 71 246 220 122 140 197
tryptophan,5,aspartic,21,18,4,1,8.842,10.263,-0.947,41.3,72.6,4.5353,0.0,0.895,4.204,0 0 160 53
tryptophan,5,aspartic,21,18,4,2,8.842,10.263,-0.947,41.3,72.6,1.081,0.0,1.041,4.31,8 357 143 77 161 168
tryptophan,5,aspartic,21,18,4,3,8.842,10.263,-0.947,41.3,72.6,0.0,0.0,2.106,5.333,323 2 160 103 110 213 62 238
tryptophan,5,aspartic,21,18,4,4,8.842,10.263,-0.947,41.3,72.6,0.006,0.0,0.991,0.653,71 348 193 3 172 5 76 147 354 169
tryptophan,5,aspartic,21,18,5,1,8.842,10.809,-0.947,37.2,50.8,5.3458,0.0,1.214,3.145,22 359 197 318
tryptophan,5,aspartic,21,18,5,2,8.842,10.809,-0.947,37.2,50.8,1.766,0.0,0.497,2.607,18 1 213 294 188 185
tryptophan,5,aspartic,21,18,5,3,8.842,10.809,-0.947,37.2,50.8,0.0,0.0,2.062,0.811,52 356 214 303 195 192 297 223
tryptophan,5,aspartic,21,18,5,4,8.842,10.809,-0.947,37.2,50.8,0.0,0.0,1.82,1.669,55 308 275 59 86 233 211 131 146 193
tryptophan,5,glutamic,15,16,5,1,12.394,10.67,-0.918,136.4,104.4,3.4494,0.0,2.511,1.43,33 215 190 186
tryptophan,5,glutamic,15,16,5,2,12.394,10.67,-0.918,136.4,104.4,0.0,0.0,2.317,1.423,327 165 114 154 165 193
tryptophan,5,glutamic,15,16,5,3,12.394,10.67,-0.918,136.4,104.4,0.0,0.0,2.558,1.078,23 278 151 166 274 86 356 96
tryptophan,5,glutamic,15,16,5,4,12.394,10.67,-0.918,136.4,104.4,0.0,0.0,3.324,0.961,109 225 211 92 99 218 202 108 123 192
tryptophan,5,glutamic,15,16,6,1,12.394,11.478,-0.918,138.0,73.9,4.2362,0.0,2.412,1.186,350 148 173 176
tryptophan,5,glutamic,15,16,6,2,12.394,11.478,-0.918,138.0,73.9,0.5149,0.0,0.875,1.004,359 154 166 172 171 172
tryptophan,5,glutamic,15,16,6,3,12.394,11.478,-0.918,138.0,73.9,0.0,0.0,1.294,2.982,57 135 207 97 253 291 137 100
tryptophan,5,glutamic,15,16,6,4,12.394,11.478,-0.918,138.0,73.9,0.0,0.0,2.428,0.818,1 331 310 9 20 241 197 68 96 199
tryptophan,5,glutamic,15,16,7,1,12.394,12.524,-0.918,144.2,24.5,5.2795,0.0,2.044,1.755,21 195 181 181
tryptophan,5,glutamic,15,16,7,2,12.394,12.524,-0.918,144.2,24.5,1.5781,0.0,0.631,1.774,7 181 163 163 183 182
tryptophan,5,glutamic,15,16,7,3,12.394,12.524,-0.918,144.2,24.5,0.27,0.0,3.025,2.596,337 183 209 208 189 186 30 164
tryptophan,5,glutamic,15,16,7,4,12.394,12.524,-0.918,144.2,24.5,0.0,0.0,3.315,3.186,291 88 284 354 16 142 155 185 327 136
tryptophan,5,glutamic,15,17,5,1,12.394,12.711,-0.918,51.8,103.7,6.2866,0.0,2.409,2.515,278 360 205 262
tryptophan,5,glutamic,15,17,5,2,12.394,12.711,-0.918,51.8,103.7,2.7321,0.0,1.304,0.852,278 359 141 102 176 177
tryptophan,5,glutamic,15,17,5,3,12.394,12.711,-0.918,51.8,103.7,0.0,0.0,1.558,1.248,275 44 114 348 304 166 183 168
tryptophan,5,glutamic,15,17,5,4,12.394,12.711,-0.918,51.8,103.7,0.0,0.0,0.72,0.787,340 33 62 298 271 128 152 188 167 164
tryptophan,5,glutamic,15,17,6,1,12.394,13.292,-0.918,62.5,81.6,6.3829,0.0,2.459,2.645,276 1 202 222
tryptophan,5,glutamic,15,17,6,2,12.394,13.292,-0.918,62.5,81.6,2.7991,0.0,1.596,1.001,277 0 143 124 183 182
tryptophan,5,glutamic,15,17,6,3,12.394,13.292,-0.918,62.5,81.6,0.0,0.0,1.141,0.637,279 29 147 87 328 208 136 138
tryptophan,5,glutamic,15,17,6,4,12.394,13.292,-0.918,62.5,81.6,0.0,0.0,0.944,3.979,205 129 137 236 226 153 166 206 195 171
tryptophan,5,glutamic,15,17,7,1,12.394,14.594,-0.918,55.9,19.0,7.9304,0.0,2.706,2.727,270 360 156 118
tryptophan,5,glutamic,15,17,7,2,12.394,14.594,-0.918,55.9,19.0,4.4009,0.0,1.641,1.303,270 0 218 247 180 180
tryptophan,5,glutamic,15,17,7,3,12.394,14.594,-0.918,55.9,19.0,1.1447,0.0,0.661,2.541,249 5 230 240 197 194 144 156
tryptophan,5,glutamic,15,17,7,4,12.394,14.594,-0.918,55.9,19.0,0.1819,0.0,2.955,4.182,233 5 229 238 197 193 143 155 9 173
tryptophan,5,glutamic,15,18,5,1,12.394,12.757,-0.918,49.7,110.6,6.4368,0.0,2.917,3.733,84 360 154 94
tryptophan,5,glutamic,15,18,5,2,12.394,12.757,-0.918,49.7,110.6,2.895,0.0,2.261,3.082,84 360 218 264 178 179
tryptophan,5,glutamic,15,18,5,3,12.394,12.757,-0.918,49.7,110.6,0.0,0.0,1.909,2.206,78 352 218 11 80 198 202 202
tryptophan,5,glutamic,15,18,5,4,12.394,12.757,-0.918,49.7,110.6,0.0,0.0,1.633,4.589,47 333 292 55 78 223 205 149 159 190
tryptophan,5,glutamic,15,18,6,1,12.394,13.763,-0.918,41.4,72.1,7.9112,0.0,2.917,3.664,89 1 157 69
tryptophan,5,glutamic,15,18,6,2,12.394,13.763,-0.918,41.4,72.1,4.3523,0.0,1.695,2.817,90 1 217 278 185 183
tryptophan,5,glutamic,15,18,6,3,12.394,13.763,-0.918,41.4,72.1,0.6489,0.0,1.26,1.931,88 1 213 281 192 186 192 191
tryptophan,5,glutamic,15,18,6,4,12.394,13.763,-0.918,41.4,72.1,0.0,0.0,0.343,1.857,128 283 240 54 165 206 151 112 109 164
tryptophan,5,glutamic,15,18,7,1,12.394,14.713,-0.918,50.7,27.3,8.3088,0.0,2.917,3.985,91 0 206 256
tryptophan,5,glutamic,15,18,7,2,12.394,14.713,-0.918,50.7,27.3,4.789,0.0,2.538,3.311,91 1 142 101 186 184
tryptophan,5,glutamic,15,18,7,3,12.394,14.713,-0.918,50.7,27.3,1.081,0.0,1.862,3.35,90 1 145 102 195 188 195 194
tryptophan,5,glutamic,15,18,7,4,12.394,14.713,-0.918,50.7,27.3,0.0,0.0,2.917,3.951,82 351 188 214 93 178 199 199 18 158
tryptophan,5,isoleucine,8,16,4,1,5.987,5.971,-0.204,125.0,50.6,0.3206,0.0,1.808,4.668,115 116 340 268
tryptophan,5,isoleucine,8,16,4,2,5.987,5.971,-0.204,125.0,50.6,0.0,0.0,2.6,4.668,171 166 276 60 99 297
tryptophan,5,isoleucine,8,16,4,3,5.987,5.971,-0.204,125.0,50.6,0.0,0.0,2.151,4.353,204 111 292 64 74 17 240 77
tryptophan,5,isoleucine,8,16,4,4,5.987,5.971,-0.204,125.0,50.6,0.0,0.0,2.148,3.02,265 130 197 108 75 305 291 4 61 238
tryptophan,5,isoleucine,8,16,5,1,5.987,5.316,-0.204,124.3,75.0,0.0,0.0,1.7,1.349,14 212 53 39
tryptophan,5,isoleucine,8,16,5,2,5.987,5.316,-0.204,124.3,75.0,0.0,0.0,2.252,0.911,354 260 350 1 248 3
tryptophan,5,isoleucine,8,16,5,3,5.987,5.316,-0.204,124.3,75.0,0.0,0.0,2.682,2.375,200 156 200 44 158 313 228 97
tryptophan,5,isoleucine,8,16,5,4,5.987,5.316,-0.204,124.3,75.0,0.0,0.0,0.215,0.882,29 304 246 336 357 289 258 22 128 281
tryptophan,5,isoleucine,8,16,6,1,5.987,6.16,-0.204,105.4,42.6,0.619,0.0,1.758,2.053,40 341 328 271
tryptophan,5,isoleucine,8,16,6,2,5.987,6.16,-0.204,105.4,42.6,0.0969,0.0,1.879,1.291,14 355 286 242 354 281
tryptophan,5,isoleucine,8,16,6,3,5.987,6.16,-0.204,105.4,42.6,0.0,0.0,1.138,4.668,147 239 254 119 14 245 283 50
tryptophan,5,isoleucine,8,16,6,4,5.987,6.16,-0.204,105.4,42.6,0.0,0.0,2.467,4.387,189 215 204 130 111 219 247 109 96 235
tryptophan,5,isoleucine,8,17,4,1,5.987,6.603,-0.204,97.2,48.6,0.3038,0.0,1.933,5.795,254 260 347 208
tryptophan,5,isoleucine,8,17,4,2,5.987,6.603,-0.204,97.2,48.6,0.0,0.0,1.729,5.798,196 172 71 301 268 96
tryptophan,5,isoleucine,8,17,4,3,5.987,6.603,-0.204,97.2,48.6,0.0,0.0,3.078,5.63,172 186 134 250 257 61 96 222
tryptophan,5,isoleucine,8,17,4,4,5.987,6.603,-0.204,97.2,48.6,0.0,0.0,2.77,5.894,129 195 151 280 256 31 92 3 311 153
tryptophan,5,isoleucine,8,17,5,1,5.987,6.379,-0.204,80.4,57.6,0.5999,0.0,0.908,2.377,310 16 74 73
tryptophan,5,isoleucine,8,17,5,2,5.987,6.379,-0.204,80.4,57.6,0.0,0.0,0.456,1.38,333 31 77 81 38 100
tryptophan,5,isoleucine,8,17,5,3,5.987,6.379,-0.204,80.4,57.6,0.0,0.0,2.298,2.749,188 63 161 302 273 106 96 263
tryptophan,5,isoleucine,8,17,5,4,5.987,6.379,-0.204,80.4,57.6,0.0,0.0,1.604,2.704,225 62 71 320 318 88 103 284 231 127
tryptophan,5,isoleucine,8,17,6,1,5.987,6.257,-0.204,101.4,62.2,0.0667,0.0,2.338,3.833,297 139 336 135
tryptophan,5,isoleucine,8,17,6,2,5.987,6.257,-0.204,101.4,62.2,0.0,0.0,2.207,4.426,347 90 343 334 277 228
tryptophan,5,isoleucine,8,17,6,3,5.987,6.257,-0.204,101.4,62.2,0.0,0.0,3.078,4.675,204 212 119 249 256 44 109 259
tryptophan,5,isoleucine,8,17,6,4,5.987,6.257,-0.204,101.4,62.2,0.0,0.0,3.078,4.242,167 177 161 230 239 125 127 247 231 153
tryptophan,5,isoleucine,8,18,4,1,5.987,8.232,-0.204,30.8,51.7,3.4689,0.0,2.304,6.144,157 360 180 360
tryptophan,5,isoleucine,8,18,4,2,5.987,8.232,-0.204,30.8,51.7,0.0,0.0,1.435,5.605,143 5 189 23 132 186
tryptophan,5,isoleucine,8,18,4,3,5.987,8.232,-0.204,30.8,51.7,0.0,0.0,2.035,4.813,99 306 266 88 116 234 223 172
tryptophan,5,isoleucine,8,18,4,4,5.987,8.232,-0.204,30.8,51.7,0.0,0.0,2.283,4.653,70 334 294 67 100 241 223 134 143 188
tryptophan,5,isoleucine,8,18,5,1,5.987,7.688,-0.204,22.9,72.8,3.8885,0.0,2.018,4.87,122 360 180 360
tryptophan,5,isoleucine,8,18,5,2,5.987,7.688,-0.204,22.9,72.8,0.0855,0.0,1.285,2.734,123 0 180 0 199 238
tryptophan,5,isoleucine,8,18,5,3,5.987,7.688,-0.204,22.9,72.8,0.0,0.0,1.862,2.145,65 304 266 83 116 245 221 164
tryptophan,5,isoleucine,8,18,5,4,5.987,7.688,-0.204,22.9,72.8,0.0,0.0,1.727,2.767,59 330 296 69 98 243 220 119 136 195
tryptophan,5,isoleucine,8,18,6,1,5.987,8.201,-0.204,14.4,53.0,5.1153,0.0,2.735,6.144,173 360 180 360
tryptophan,5,isoleucine,8,18,6,2,5.987,8.201,-0.204,14.4,53.0,1.3113,0.0,1.534,5.534,172 0 180 0 159 108
tryptophan,5,isoleucine,8,18,6,3,5.987,8.201,-0.204,14.4,53.0,0.0,0.0,2.917,4.367,213 329 228 62 116 256 219 164
tryptophan,5,isoleucine,8,18,6,4,5.987,8.201,-0.204,14.4,53.0,0.0,0.0,0.55,2.648,339 303 269 70 93 260 246 153 157 185
tryptophan,5,leucine,12,16,1,1,12.946,11.11,0.769,138.0,116.8,3.8594,0.0,2.897,1.389,20 146 183 182
tryptophan,5,leucine,12,16,1,2,12.946,11.11,0.769,138.0,116.8,0.1685,0.0,2.557,1.47,71 207 199 191 193 191
tryptophan,5,leucine,12,16,1,3,12.946,11.11,0.769,138.0,116.8,0.0,0.0,3.324,3.393,143 185 195 130 122 215 201 159
tryptophan,5,leucine,12,16,1,4,12.946,11.11,0.769,138.0,116.8,0.0,0.0,3.324,3.147,165 188 194 137 128 204 204 111 118 195
tryptophan,5,leucine,12,16,2,1,12.946,11.285,0.769,125.4,109.3,4.0573,0.0,2.923,1.155,13 124 173 176
tryptophan,5,leucine,12,16,2,2,12.946,11.285,0.769,125.4,109.3,0.3038,0.0,2.902,1.283,18 124 187 184 185 185
tryptophan,5,leucine,12,16,2,3,12.946,11.285,0.769,125.4,109.3,0.0,0.0,3.324,1.712,130 191 191 137 143 224 212 167
tryptophan,5,leucine,12,16,2,4,12.946,11.285,0.769,125.4,109.3,0.0,0.0,3.324,1.338,162 198 205 127 122 205 198 119 131 196
tryptophan,5,leucine,12,16,13,1,12.946,13.268,0.769,132.4,23.4,6.0229,0.0,2.909,1.175,16 136 179 180
tryptophan,5,leucine,12,16,13,2,12.946,13.268,0.769,132.4,23.4,2.2922,0.0,2.465,1.307,78 220 183 182 183 182
tryptophan,5,leucine,12,16,13,3,12.946,13.268,0.769,132.4,23.4,0.4266,0.0,2.937,2.379,47 144 181 181 181 181 311 199
tryptophan,5,leucine,12,16,13,4,12.946,13.268,0.769,132.4,23.4,0.0,0.0,3.324,1.722,136 197 189 153 147 191 198 116 107 182
tryptophan,5,leucine,12,17,1,1,12.946,12.5,0.769,78.6,111.1,5.2532,0.0,2.448,2.799,291 331 177 178
tryptophan,5,leucine,12,17,1,2,12.946,12.5,0.769,78.6,111.1,1.5714,0.0,2.643,1.534,265 15 194 189 190 188
tryptophan,5,leucine,12,17,1,3,12.946,12.5,0.769,78.6,111.1,0.0,0.0,3.078,2.697,240 127 137 204 196 143 149 188
tryptophan,5,leucine,12,17,1,4,12.946,12.5,0.769,78.6,111.1,0.0,0.0,3.078,3.181,196 147 146 224 219 150 159 218 208 169
tryptophan,5,leucine,12,17,2,1,12.946,12.294,0.769,84.2,120.1,5.0817,0.0,2.424,2.821,259 44 187 184
tryptophan,5,leucine,12,17,2,2,12.946,12.294,0.769,84.2,120.1,1.329,0.0,2.141,0.942,302 323 179 180 179 179
tryptophan,5,leucine,12,17,2,3,12.946,12.294,0.769,84.2,120.1,0.0,0.0,3.078,1.205,237 137 144 211 200 143 153 190
tryptophan,5,leucine,12,17,2,4,12.946,12.294,0.769,84.2,120.1,0.0,0.0,3.078,1.681,201 148 149 225 221 151 159 221 211 169
tryptophan,5,leucine,12,17,13,1,12.946,14.457,0.769,82.7,28.2,7.2347,0.0,2.251,2.572,301 319 177 178
tryptophan,5,leucine,12,17,13,2,12.946,14.457,0.769,82.7,28.2,3.51,0.0,2.471,1.541,261 34 179 180 179 179
tryptophan,5,leucine,12,17,13,3,12.946,14.457,0.769,82.7,28.2,0.6651,0.0,2.273,1.935,301 299 176 178 178 178 256 208
tryptophan,5,leucine,12,17,13,4,12.946,14.457,0.769,82.7,28.2,0.0,0.0,3.078,1.992,233 121 141 188 184 175 168 250 268 191
tryptophan,5,leucine,12,18,1,1,12.946,13.558,0.769,32.1,115.5,8.2533,0.0,2.917,4.334,112 360 193 326
tryptophan,5,leucine,12,18,1,2,12.946,13.558,0.769,32.1,115.5,4.7621,0.0,2.917,2.672,111 0 150 59 186 184
tryptophan,5,leucine,12,18,1,3,12.946,13.558,0.769,32.1,115.5,1.0225,0.0,2.917,2.008,111 0 207 304 182 181 182 182
tryptophan,5,leucine,12,18,1,4,12.946,13.558,0.769,32.1,115.5,0.0,0.0,2.091,2.557,65 310 269 73 100 208 197 178 180 181
tryptophan,5,leucine,12,18,2,1,12.946,13.641,0.769,21.9,111.9,9.0878,0.0,2.917,4.153,108 360 181 359
tryptophan,5,leucine,12,18,2,2,12.946,13.641,0.769,21.9,111.9,5.4628,0.0,2.917,1.912,109 360 160 35 179 179
tryptophan,5,leucine,12,18,2,3,12.946,13.641,0.769,21.9,111.9,1.872,0.0,2.917,1.181,112 359 196 334 156 165 163 166
tryptophan,5,leucine,12,18,2,4,12.946,13.641,0.769,21.9,111.9,0.0001,0.0,2.457,0.715,85 291 250 81 135 221 202 191 205 191
tryptophan,5,leucine,12,18,13,1,12.946,15.687,0.769,27.2,22.3,10.6223,0.0,2.917,4.275,112 360 187 342
tryptophan,5,leucine,12,18,13,2,12.946,15.687,0.769,27.2,22.3,7.1115,0.0,2.917,2.44,111 0 152 54 182 181
tryptophan,5,leucine,12,18,13,3,12.946,15.687,0.769,27.2,22.3,3.4072,0.0,2.917,1.785,112 360 204 311 178 179 178 179
tryptophan,5,leucine,12,18,13,4,12.946,15.687,0.769,27.2,22.3,0.6531,0.0,2.917,3.127,131 360 152 63 172 176 174 175 104 152
tryptophan,5,serine,32,16,3,1,4.719,2.147,0.09,122.1,144.8,2.7251,0.0,2.206,0.796,7 54 4 2
tryptophan,5,serine,32,16,3,2,4.719,2.147,0.09,122.1,144.8,1.7889,0.0,2.65,0.763,60 55 2 33 135 1
tryptophan,5,serine,32,16,3,3,4.719,2.147,0.09,122.1,144.8,0.0,0.0,3.324,4.481,206 274 340 297 263 1 211 327
tryptophan,5,serine,32,16,3,4,4.719,2.147,0.09,122.1,144.8,0.0,0.0,3.089,4.629,151 304 318 275 293 57 82 357 249 87
tryptophan,5,serine,32,16,4,1,4.719,4.578,0.09,119.6,38.4,1.1438,0.0,3.324,4.499,274 325 346 336
tryptophan,5,serine,32,16,4,2,4.719,4.578,0.09,119.6,38.4,0.1941,0.0,3.324,4.668,254 329 327 244 326 347
tryptophan,5,serine,32,16,4,3,4.719,4.578,0.09,119.6,38.4,0.0,0.0,1.868,0.68,33 42 66 213 279 103 96 278
tryptophan,5,serine,32,16,4,4,4.719,4.578,0.09,119.6,38.4,0.0,0.0,1.726,0.861,31 16 7 286 359 83 45 261 247 69
tryptophan,5,serine,32,16,5,1,4.719,3.837,0.09,142.6,66.2,1.2396,0.0,3.324,4.668,256 310 13 6
tryptophan,5,serine,32,16,5,2,4.719,3.837,0.09,142.6,66.2,0.1474,0.0,3.324,4.668,178 313 15 10 153 11
tryptophan,5,serine,32,16,5,3,4.719,3.837,0.09,142.6,66.2,0.0,0.0,3.324,4.585,98 174 208 247 269 36 182 318
tryptophan,5,serine,32,16,5,4,4.719,3.837,0.09,142.6,66.2,0.0,0.0,2.376,2.203,313 74 79 49 36 81 101 289 233 104
tryptophan,5,serine,32,17,3,1,4.719,4.49,0.09,28.7,159.1,2.7128,0.0,3.078,3.679,256 4 174 0
tryptophan,5,serine,32,17,3,2,4.719,4.49,0.09,28.7,159.1,0.0,0.0,2.42,3.233,268 115 54 327 208 31
tryptophan,5,serine,32,17,3,3,4.719,4.49,0.09,28.7,159.1,0.0,0.0,0.606,1.857,5 70 66 296 262 44 123 236
tryptophan,5,serine,32,17,3,4,4.719,4.49,0.09,28.7,159.1,0.0,0.0,0.772,1.62,30 25 44 301 274 77 124 258 212 152
tryptophan,5,serine,32,17,4,1,4.719,6.887,0.09,21.8,46.7,3.5698,0.0,3.078,3.755,255 0 180 0
tryptophan,5,serine,32,17,4,2,4.719,6.887,0.09,21.8,46.7,0.7579,0.0,1.254,1.003,300 12 157 12 133 70
tryptophan,5,serine,32,17,4,3,4.719,6.887,0.09,21.8,46.7,0.0,0.0,0.716,1.399,351 20 118 323 245 59 62 177
tryptophan,5,serine,32,17,4,4,4.719,6.887,0.09,21.8,46.7,0.0,0.0,0.728,1.414,14 28 71 315 281 76 104 234 214 162
tryptophan,5,serine,32,17,5,1,4.719,6.27,0.09,37.3,70.8,1.7286,0.0,3.078,5.545,225 359 183 358
tryptophan,5,serine,32,17,5,2,4.719,6.27,0.09,37.3,70.8,0.0,0.0,3.078,5.456,217 88 79 306 245 92
tryptophan,5,serine,32,17,5,3,4.719,6.27,0.09,37.3,70.8,0.0,0.0,1.559,3.707,282 37 55 306 280 72 119 229
tryptophan,5,serine,32,17,5,4,4.719,6.27,0.09,37.3,70.8,0.0,0.0,0.977,3.633,308 13 53 294 262 109 131 250 233 164
tryptophan,5,serine,32,18,3,1,4.719,3.863,0.09,54.8,144.1,1.6065,0.0,2.905,4.103,87 274 286 0
tryptophan,5,serine,32,18,3,2,4.719,3.863,0.09,54.8,144.1,0.0326,0.0,2.298,3.32,22 229 359 347 198 359
tryptophan,5,serine,32,18,3,3,4.719,3.863,0.09,54.8,144.1,0.0,0.0,0.888,2.416,337 288 309 65 96 330 232 100
tryptophan,5,serine,32,18,3,4,4.719,3.863,0.09,54.8,144.1,0.0,0.0,2.399,3.088,296 342 344 62 87 302 222 91 155 193
tryptophan,5,serine,32,18,4,1,4.719,5.757,0.09,72.6,60.6,0.1877,0.0,2.722,4.035,78 269 311 295
tryptophan,5,serine,32,18,4,2,4.719,5.757,0.09,72.6,60.6,0.0,0.0,1.68,4.395,32 295 345 12 110 316
tryptophan,5,serine,32,18,4,3,4.719,5.757,0.09,72.6,60.6,0.0,0.0,1.5,4.964,10 318 348 67 72 277 229 118
tryptophan,5,serine,32,18,4,4,4.719,5.757,0.09,72.6,60.6,0.0,0.0,2.795,4.636,316 161 104 97 74 293 283 343 62 271
tryptophan,5,serine,32,18,5,1,4.719,5.297,0.09,75.7,77.3,0.0,0.0,2.917,5.83,115 88 69 310
tryptophan,5,serine,32,18,5,2,4.719,5.297,0.09,75.7,77.3,0.0,0.0,2.917,5.829,70 230 21 66 66 310
tryptophan,5,serine,32,18,5,3,4.719,5.297,0.09,75.7,77.3,0.0,0.0,1.736,4.901,53 317 357 58 28 326 241 59
tryptophan,5,serine,32,18,5,4,4.719,5.297,0.09,75.7,77.3,0.0,0.0,2.258,4.574,62 346 4 23 24 289 279 60 133 255
tryptophan,5,glutamic,10,16,5,1,7.297,6.051,0.952,75.0,147.4,0.0,0.0,2.58,3.663,68 73 55 89
tryptophan,5,glutamic,10,16,5,2,7.297,6.051,0.952,75.0,147.4,0.0,0.0,1.469,0.629,5 305 309 62 116 250
tryptophan,5,glutamic,10,16,5,3,7.297,6.051,0.952,75.0,147.4,0.0,0.0,2.1,0.868,353 285 349 96 100 289 143 65
tryptophan,5,glutamic,10,16,5,4,7.297,6.051,0.952,75.0,147.4,0.0,0.0,1.963,1.119,351 348 348 84 78 274 248 27 97 227
tryptophan,5,glutamic,10,16,6,1,7.297,7.408,0.952,92.6,83.2,0.1285,0.0,2.372,2.366,32 71 168 173
tryptophan,5,glutamic,10,16,6,2,7.297,7.408,0.952,92.6,83.2,0.0,0.0,3.324,3.739,136 209 249 83 101 226
tryptophan,5,glutamic,10,16,6,3,7.297,7.408,0.952,92.6,83.2,0.0,0.0,3.324,3.662,160 196 222 119 116 255 230 150
tryptophan,5,glutamic,10,16,6,4,7.297,7.408,0.952,92.6,83.2,0.0,0.0,3.324,3.596,179 208 212 130 118 224 221 111 130 205
tryptophan,5,glutamic,10,16,7,1,7.297,7.907,0.952,78.1,64.8,0.6449,0.0,2.434,4.605,97 333 165 169
tryptophan,5,glutamic,10,16,7,2,7.297,7.907,0.952,78.1,64.8,0.0,0.0,3.324,4.58,115 232 292 47 55 248
tryptophan,5,glutamic,10,16,7,3,7.297,7.907,0.952,78.1,64.8,0.0,0.0,3.324,4.558,151 201 220 128 128 260 239 151
tryptophan,5,glutamic,10,16,7,4,7.297,7.907,0.952,78.1,64.8,0.0,0.0,2.206,4.381,90 331 326 351 358 304 275 57 113 236
tryptophan,5,glutamic,10,17,5,1,7.297,5.256,0.952,105.1,150.5,0.0,0.0,2.608,4.843,283 203 27 53
tryptophan,5,glutamic,10,17,5,2,7.297,5.256,0.952,105.1,150.5,0.0,0.0,2.506,5.608,5 83 335 302 301 27
tryptophan,5,glutamic,10,17,5,3,7.297,5.256,0.952,105.1,150.5,0.0,0.0,1.135,4.599,43 44 62 229 297 88 67 243
tryptophan,5,glutamic,10,17,5,4,7.297,5.256,0.952,105.1,150.5,0.0,0.0,2.639,4.32,281 333 15 89 79 28 65 3 187 23
tryptophan,5,glutamic,10,17,6,1,7.297,7.097,0.952,104.7,66.2,0.1204,0.0,2.091,3.113,269 37 259 197
tryptophan,5,glutamic,10,17,6,2,7.297,7.097,0.952,104.7,66.2,0.0,0.0,3.078,3.729,226 164 109 282 256 117
tryptophan,5,glutamic,10,17,6,3,7.297,7.097,0.952,104.7,66.2,0.0,0.0,3.078,3.666,202 174 149 242 246 96 119 211
tryptophan,5,glutamic,10,17,6,4,7.297,7.097,0.952,104.7,66.2,0.0,0.0,3.078,3.6,173 162 158 238 247 130 135 242 223 156
tryptophan,5,glutamic,10,17,7,1,7.297,6.799,0.952,123.0,77.2,0.0672,0.0,2.791,5.252,274 170 87 126
tryptophan,5,glutamic,10,17,7,2,7.297,6.799,0.952,123.0,77.2,0.0,0.0,3.078,4.905,228 178 116 278 257 97
tryptophan,5,glutamic,10,17,7,3,7.297,6.799,0.952,123.0,77.2,0.0,0.0,3.078,5.421,192 173 149 247 261 101 133 224
tryptophan,5,glutamic,10,17,7,4,7.297,6.799,0.952,123.0,77.2,0.0,0.0,2.077,5.764,329 106 164 20 319 61 107 322 238 127
tryptophan,5,glutamic,10,18,5,1,7.297,7.31,0.952,14.9,161.1,4.5119,0.0,2.917,6.144,285 360 180 360
tryptophan,5,glutamic,10,18,5,2,7.297,7.31,0.952,14.9,161.1,0.9063,0.0,2.579,5.892,280 358 184 357 208 279
tryptophan,5,glutamic,10,18,5,3,7.297,7.31,0.952,14.9,161.1,0.0,0.0,2.011,5.581,312 54 88 291 254 102 135 203
tryptophan,5,glutamic,10,18,5,4,7.297,7.31,0.952,14.9,161.1,0.0,0.0,1.263,5.263,343 27 61 309 278 95 123 236 213 161
tryptophan,5,glutamic,10,18,6,1,7.297,9.148,0.952,6.9,71.0,6.5873,0.0,2.917,6.144,235 0 180 0
tryptophan,5,glutamic,10,18,6,2,7.297,9.148,0.952,6.9,71.0,2.818,0.0,2.917,6.144,236 0 180 0 155 103
tryptophan,5,glutamic,10,18,6,3,7.297,9.148,0.952,6.9,71.0,0.0,0.0,2.917,3.731,188 34 169 320 165 106 154 176
tryptophan,5,glutamic,10,18,6,4,7.297,9.148,0.952,6.9,71.0,0.0,0.0,2.917,3.724,207 342 248 21 68 315 273 115 140 197
tryptophan,5,glutamic,10,18,7,1,7.297,9.136,0.952,22.0,71.5,5.0177,0.0,2.917,6.144,254 0 180 0
tryptophan,5,glutamic,10,18,7,2,7.297,9.136,0.952,22.0,71.5,1.3833,0.0,2.917,6.144,261 359 188 351 156 152
tryptophan,5,glutamic,10,18,7,3,7.297,9.136,0.952,22.0,71.5,0.0,0.0,2.917,6.141,280 50 97 301 236 119 165 206
tryptophan,5,glutamic,10,18,7,4,7.297,9.136,0.952,22.0,71.5,0.0,0.0,1.832,6.067,320 33 69 295 268 117 138 220 206 167
tryptophan,5,leucine,13,16,1,1,19.68,17.654,0.563,117.3,141.1,10.4045,0.0,2.895,2.298,31 109 179 179
tryptophan,5,leucine,13,16,1,2,19.68,17.654,0.563,117.3,141.1,6.7393,0.0,3.253,1.493,105 252 176 178 177 177
tryptophan,5,leucine,13,16,1,3,19.68,17.654,0.563,117.3,141.1,3.1549,0.0,2.896,1.004,32 110 175 177 165 167 175 177
tryptophan,5,leucine,13,16,1,4,19.68,17.654,0.563,117.3,141.1,0.0,0.0,2.492,0.984,118 210 193 151 161 186 181 181 183 180
tryptophan,5,leucine,13,16,2,1,19.68,20.12,0.563,117.6,33.8,12.865,0.0,2.894,2.253,30 109 179 179
tryptophan,5,leucine,13,16,2,2,19.68,20.12,0.563,117.6,33.8,9.1898,0.0,3.256,1.439,104 251 177 179 178 178
tryptophan,5,leucine,13,16,2,3,19.68,20.12,0.563,117.6,33.8,5.595,0.0,2.895,0.899,31 109 177 178 166 168 177 178
tryptophan,5,leucine,13,16,2,4,19.68,20.12,0.563,117.6,33.8,1.8661,0.0,2.499,0.668,106 251 179 179 178 179 178 179 179 179
tryptophan,5,leucine,13,16,13,1,19.68,18.982,0.563,123.2,83.4,11.7187,0.0,2.905,2.582,35 118 181 180
tryptophan,5,leucine,13,16,13,2,19.68,18.982,0.563,123.2,83.4,8.0426,0.0,3.324,2.11,107 239 183 182 183 183
tryptophan,5,leucine,13,16,13,3,19.68,18.982,0.563,123.2,83.4,4.4272,0.0,2.905,0.603,35 118 181 181 188 187 181 181
tryptophan,5,leucine,13,16,13,4,19.68,18.982,0.563,123.2,83.4,0.7391,0.0,2.121,0.186,109 241 175 177 172 173 171 174 176 177
tryptophan,5,leucine,13,17,1,1,19.68,17.943,0.563,105.3,148.6,10.6916,0.0,2.752,4.182,246 88 181 181
tryptophan,5,leucine,13,17,1,2,19.68,17.943,0.563,105.3,148.6,7.0212,0.0,2.102,2.571,317 274 181 181 181 181
tryptophan,5,leucine,13,17,1,3,19.68,17.943,0.563,105.3,148.6,3.4435,0.0,2.731,1.608,246 87 183 182 192 190 183 182
tryptophan,5,leucine,13,17,1,4,19.68,17.943,0.563,105.3,148.6,0.0,0.0,2.511,0.961,243 91 156 173 167 172 177 170 143 151
tryptophan,5,leucine,13,17,2,1,19.68,20.407,0.563,105.7,40.4,13.1474,0.0,2.75,4.203,246 89 181 180
tryptophan,5,leucine,13,17,2,2,19.68,20.407,0.563,105.7,40.4,9.4651,0.0,2.1,2.585,318 273 181 181 181 181
tryptophan,5,leucine,13,17,2,3,19.68,20.407,0.563,105.7,40.4,5.8697,0.0,2.733,1.717,246 88 182 181 192 190 182 181
tryptophan,5,leucine,13,17,2,4,19.68,20.407,0.563,105.7,40.4,2.1518,0.0,2.092,1.605,319 272 180 180 180 180 180 180 180 180
tryptophan,5,leucine,13,17,13,1,19.68,19.425,0.563,104.4,81.8,12.1614,0.0,2.116,3.941,315 274 179 180
tryptophan,5,leucine,13,17,13,2,19.68,19.425,0.563,104.4,81.8,8.4777,0.0,2.797,2.538,244 84 180 180 180 180
tryptophan,5,leucine,13,17,13,3,19.68,19.425,0.563,104.4,81.8,4.8722,0.0,2.116,1.395,315 274 179 180 173 174 179 179
tryptophan,5,leucine,13,17,13,4,19.68,19.425,0.563,104.4,81.8,1.1967,0.0,2.343,0.913,243 86 173 176 170 171 166 171 175 176
tryptophan,5,leucine,13,18,1,1,19.68,19.868,0.563,16.3,144.4,15.4648,0.0,2.917,6.144,158 360 180 359
tryptophan,5,leucine,13,18,1,2,19.68,19.868,0.563,16.3,144.4,11.8908,0.0,2.917,5.218,158 0 160 34 180 180
tryptophan,5,leucine,13,18,1,3,19.68,19.868,0.563,16.3,144.4,8.2402,0.0,2.917,3.447,159 360 191 341 176 178 176 177
tryptophan,5,leucine,13,18,1,4,19.68,19.868,0.563,16.3,144.4,4.6217,0.0,2.917,1.392,157 0 160 34 180 180 183 183 180 180
tryptophan,5,leucine,13,18,2,1,19.68,22.338,0.563,16.1,36.7,17.8869,0.0,2.917,6.144,158 360 180 359
tryptophan,5,leucine,13,18,2,2,19.68,22.338,0.563,16.1,36.7,14.3317,0.0,2.917,5.243,157 0 159 37 180 180
tryptophan,5,leucine,13,18,2,3,19.68,22.338,0.563,16.1,36.7,10.6618,0.0,2.917,3.531,158 360 193 336 178 179 178 178
tryptophan,5,leucine,13,18,2,4,19.68,22.338,0.563,16.1,36.7,7.0556,0.0,2.917,1.354,157 0 159 37 181 180 185 185 181 180
tryptophan,5,leucine,13,18,13,1,19.68,21.272,0.563,21.9,82.7,16.4124,0.0,2.917,6.144,154 360 180 359
tryptophan,5,leucine,13,18,13,2,19.68,21.272,0.563,21.9,82.7,12.9179,0.0,2.917,5.285,153 0 153 51 182 181
tryptophan,5,leucine,13,18,13,3,19.68,21.272,0.563,21.9,82.7,9.2199,0.0,2.917,3.991,154 0 201 317 181 181 181 181
tryptophan,5,leucine,13,18,13,4,19.68,21.272,0.563,21.9,82.7,5.6568,0.0,2.917,1.617,152 0 154 49 186 184 198 195 186 184
tryptophan,5,serine,2,16,3,1,8.899,9.237,-0.316,98.7,57.1,1.9603,0.0,2.79,3.449,106 282 182 181
tryptophan,5,serine,2,16,3,2,8.899,9.237,-0.316,98.7,57.1,0.0,0.0,1.417,1.694,25 1 238 145 109 161
tryptophan,5,serine,2,16,3,3,8.899,9.237,-0.316,98.7,57.1,0.0,0.0,3.317,0.499,90 116 301 31 278 197 27 250
tryptophan,5,serine,2,16,3,4,8.899,9.237,-0.316,98.7,57.1,0.0,0.0,3.324,1.027,118 178 182 131 142 278 261 109 122 197
tryptophan,5,serine,2,16,4,1,8.899,7.947,-0.316,90.6,106.3,0.6589,0.0,2.832,4.52,113 298 182 181
tryptophan,5,serine,2,16,4,2,8.899,7.947,-0.316,90.6,106.3,0.0,0.0,3.324,4.668,149 227 245 60 86 205
tryptophan,5,serine,2,16,4,3,8.899,7.947,-0.316,90.6,106.3,0.0,0.0,3.324,4.668,175 205 229 115 112 245 215 145
tryptophan,5,serine,2,16,4,4,8.899,7.947,-0.316,90.6,106.3,0.0,0.0,3.324,4.668,187 210 224 128 124 224 214 100 117 200
tryptophan,5,serine,2,16,5,1,8.899,9.684,-0.316,101.9,36.6,2.3961,0.0,2.843,3.385,46 82 181 180
tryptophan,5,serine,2,16,5,2,8.899,9.684,-0.316,101.9,36.6,0.3352,0.0,3.324,4.668,143 271 147 160 70 149
tryptophan,5,serine,2,16,5,3,8.899,9.684,-0.316,101.9,36.6,0.0,0.0,3.324,4.668,161 192 211 135 137 240 220 157
tryptophan,5,serine,2,16,5,4,8.899,9.684,-0.316,101.9,36.6,0.0,0.0,3.324,4.462,181 186 201 138 134 226 217 128 143 197
tryptophan,5,serine,2,17,3,1,8.899,9.006,-0.316,108.0,53.2,1.7442,0.0,2.428,4.082,256 91 186 184
tryptophan,5,serine,2,17,3,2,8.899,9.006,-0.316,108.0,53.2,0.0,0.0,0.864,2.898,0 305 157 232 254 170
tryptophan,5,serine,2,17,3,3,8.899,9.006,-0.316,108.0,53.2,0.0,0.0,2.533,2.979,286 209 73 331 55 134 357 79
tryptophan,5,serine,2,17,3,4,8.899,9.006,-0.316,108.0,53.2,0.0,0.0,3.078,3.203,238 173 167 351 118 109 21 218 318 159
tryptophan,5,serine,2,17,4,1,8.899,7.226,-0.316,120.3,124.0,0.0241,0.0,2.982,4.963,255 128 146 153
tryptophan,5,serine,2,17,4,2,8.899,7.226,-0.316,120.3,124.0,0.0,0.0,3.078,5.783,217 186 126 268 228 106
tryptophan,5,serine,2,17,4,3,8.899,7.226,-0.316,120.3,124.0,0.0,0.0,3.078,5.956,194 188 161 244 244 82 108 211
tryptophan,5,serine,2,17,4,4,8.899,7.226,-0.316,120.3,124.0,0.0,0.0,3.078,5.787,178 191 174 223 233 123 131 247 229 158
tryptophan,5,serine,2,17,5,1,8.899,9.287,-0.316,118.7,40.4,1.9997,0.0,2.076,4.834,325 249 182 181
tryptophan,5,serine,2,17,5,2,8.899,9.287,-0.316,118.7,40.4,0.1316,0.0,3.078,5.508,225 143 163 169 319 201
tryptophan,5,serine,2,17,5,3,8.899,9.287,-0.316,118.7,40.4,0.0,0.0,3.078,5.28,193 178 155 230 231 119 142 206
tryptophan,5,serine,2,17,5,4,8.899,9.287,-0.316,118.7,40.4,0.0,0.0,3.078,5.325,178 190 172 224 230 124 135 229 211 162
tryptophan,5,serine,2,18,3,1,8.899,11.098,-0.316,9.0,57.7,7.9511,0.0,2.917,6.144,210 360 180 360
tryptophan,5,serine,2,18,3,2,8.899,11.098,-0.316,9.0,57.7,4.2247,0.0,2.917,6.144,212 360 180 360 202 229
tryptophan,5,serine,2,18,3,3,8.899,11.098,-0.316,9.0,57.7,0.807,0.0,2.917,4.074,238 360 180 360 213 241 178 179
tryptophan,5,serine,2,18,3,4,8.899,11.098,-0.316,9.0,57.7,0.0,0.0,1.249,2.187,339 51 141 290 205 120 148 194 198 186
tryptophan,5,serine,2,18,4,1,8.899,9.537,-0.316,19.2,118.8,5.6274,0.0,2.917,6.144,225 360 181 359
tryptophan,5,serine,2,18,4,2,8.899,9.537,-0.316,19.2,118.8,1.9625,0.0,2.917,6.144,219 1 178 3 203 212
tryptophan,5,serine,2,18,4,3,8.899,9.537,-0.316,19.2,118.8,0.0,0.0,2.917,5.656,232 60 124 278 222 132 152 187
tryptophan,5,serine,2,18,4,4,8.899,9.537,-0.316,19.2,118.8,0.0,0.0,1.448,4.44,346 51 89 285 254 107 126 193 185 175
tryptophan,5,serine,2,18,5,1,8.899,11.522,-0.316,21.2,38.0,7.1335,0.0,2.917,6.144,201 0 180 0
tryptophan,5,serine,2,18,5,2,8.899,11.522,-0.316,21.2,38.0,3.6415,0.0,2.917,6.144,205 359 196 337 160 165
tryptophan,5,serine,2,18,5,3,8.899,11.522,-0.316,21.2,38.0,0.3019,0.0,2.917,5.513,206 357 207 318 147 158 126 148
tryptophan,5,serine,2,18,5,4,8.899,11.522,-0.316,21.2,38.0,0.0,0.0,2.917,5.365,234 54 97 271 244 155 164 224 228 182
glutamic,10,phenylalanine,2,5,12,1,6.372,5.764,-0.237,57.3,131.3,0.0564,0.0,2.472,2.827,123 54 125 349
glutamic,10,phenylalanine,2,5,12,2,6.372,5.764,-0.237,57.3,131.3,0.0,0.0,2.009,0.86,79 301 304 41 126 277
glutamic,10,phenylalanine,2,5,12,3,6.372,5.764,-0.237,57.3,131.3,0.0,0.0,1.229,0.662,31 318 276 78 126 271 241 167
glutamic,10,phenylalanine,2,5,12,4,6.372,5.764,-0.237,57.3,131.3,0.0,0.0,0.944,0.832,19 1 316 49 84 274 250 120 139 196
glutamic,10,phenylalanine,2,5,13,1,6.372,6.641,-0.237,69.3,92.2,0.0,0.0,2.513,3.156,161 306 214 102
glutamic,10,phenylalanine,2,5,13,2,6.372,6.641,-0.237,69.3,92.2,0.0,0.0,2.368,1.793,130 247 352 50 71 258
glutamic,10,phenylalanine,2,5,13,3,6.372,6.641,-0.237,69.3,92.2,0.0,0.0,1.396,0.253,81 336 328 54 87 279 219 134
glutamic,10,phenylalanine,2,5,13,4,6.372,6.641,-0.237,69.3,92.2,0.0,0.0,0.412,2.68,46 186 4 0 172 10 225 294 326 193
glutamic,10,phenylalanine,2,5,14,1,6.372,8.097,-0.237,57.8,33.4,1.5052,0.0,2.476,3.176,144 359 153 94
glutamic,10,phenylalanine,2,5,14,2,6.372,8.097,-0.237,57.8,33.4,0.5885,0.0,2.966,4.203,187 11 128 69 46 138
glutamic,10,phenylalanine,2,5,14,3,6.372,8.097,-0.237,57.8,33.4,0.0,0.0,2.966,4.016,198 356 172 197 287 152 18 133
glutamic,10,phenylalanine,2,5,14,4,6.372,8.097,-0.237,57.8,33.4,0.0,0.0,1.297,0.555,45 337 271 22 89 335 303 93 78 174
glutamic,10,phenylalanine,2,6,12,1,6.372,3.615,-0.237,164.1,145.1,1.6998,0.0,2.646,3.235,146 281 58 360
glutamic,10,phenylalanine,2,6,12,2,6.372,3.615,-0.237,164.1,145.1,0.2817,0.0,1.84,0.696,283 11 0 21 152 0
glutamic,10,phenylalanine,2,6,12,3,6.372,3.615,-0.237,164.1,145.1,0.0,0.0,1.649,1.339,355 138 275 146 5 17 141 33
glutamic,10,phenylalanine,2,6,12,4,6.372,3.615,-0.237,164.1,145.1,0.0,0.0,2.646,0.779,62 231 191 106 56 276 255 32 138 258
glutamic,10,phenylalanine,2,6,13,1,6.372,5.046,-0.237,138.0,77.6,0.0,0.0,2.646,3.235,171 19 11 308
glutamic,10,phenylalanine,2,6,13,2,6.372,5.046,-0.237,138.0,77.6,0.0,0.0,2.202,1.222,236 85 343 56 64 62
glutamic,10,phenylalanine,2,6,13,3,6.372,5.046,-0.237,138.0,77.6,0.0,0.0,2.319,0.58,272 180 269 105 59 281 223 62
glutamic,10,phenylalanine,2,6,13,4,6.372,5.046,-0.237,138.0,77.6,0.0,0.0,2.216,0.96,279 212 251 64 27 286 311 59 92 250
glutamic,10,phenylalanine,2,6,14,1,6.372,5.973,-0.237,156.0,42.2,0.6376,0.0,2.646,2.967,120 248 71 46
glutamic,10,phenylalanine,2,6,14,2,6.372,5.973,-0.237,156.0,42.2,0.0,0.0,2.646,2.352,41 91 224 107 89 18
glutamic,10,phenylalanine,2,6,14,3,6.372,5.973,-0.237,156.0,42.2,0.0,0.0,1.558,0.815,313 143 186 136 73 271 260 107
glutamic,10,phenylalanine,2,6,14,4,6.372,5.973,-0.237,156.0,42.2,0.0,0.0,2.373,1.59,29 108 140 125 92 291 287 55 110 241
glutamic,10,phenylalanine,2,7,12,1,6.372,5.536,-0.237,65.8,131.7,0.0,0.0,3.896,3.265,222 87 100 326
glutamic,10,phenylalanine,2,7,12,2,6.372,5.536,-0.237,65.8,131.7,0.0,0.0,3.896,2.876,285 58 32 338 244 49
glutamic,10,phenylalanine,2,7,12,3,6.372,5.536,-0.237,65.8,131.7,0.0,0.0,3.896,1.062,313 78 70 238 256 102 117 225
glutamic,10,phenylalanine,2,7,12,4,6.372,5.536,-0.237,65.8,131.7,0.0,0.0,3.551,2.014,328 7 27 328 301 62 96 263 225 147
glutamic,10,phenylalanine,2,7,13,1,6.372,6.274,-0.237,82.7,97.7,0.0,0.0,3.896,4.1,224 77 85 245
glutamic,10,phenylalanine,2,7,13,2,6.372,6.274,-0.237,82.7,97.7,0.0,0.0,3.896,5.173,192 161 83 51 32 357
glutamic,10,phenylalanine,2,7,13,3,6.372,6.274,-0.237,82.7,97.7,0.0,0.0,3.896,4.731,290 162 261 340 313 315 158 318
glutamic,10,phenylalanine,2,7,13,4,6.372,6.274,-0.237,82.7,97.7,0.0,0.0,3.896,3.988,298 100 25 168 275 108 123 356 236 92
glutamic,10,phenylalanine,2,7,14,1,6.372,7.547,-0.237,78.5,49.4,0.5054,0.0,3.896,3.392,249 10 123 167
glutamic,10,phenylalanine,2,7,14,2,6.372,7.547,-0.237,78.5,49.4,0.0,0.0,3.896,2.4,300 244 241 69 89 239
glutamic,10,phenylalanine,2,7,14,3,6.372,7.547,-0.237,78.5,49.4,0.0,0.0,3.896,3.852,179 195 106 230 257 56 87 230
glutamic,10,phenylalanine,2,7,14,4,6.372,7.547,-0.237,78.5,49.4,0.0,0.0,3.709,4.149,194 182 134 182 214 107 117 296 256 144
glutamic,10,arginine,3,5,16,1,7.254,8.045,0.18,76.2,73.6,0.8113,0.0,1.841,1.508,58 21 196 193
glutamic,10,arginine,3,5,16,2,7.254,8.045,0.18,76.2,73.6,0.0,0.0,2.966,0.564,137 251 226 82 85 200
glutamic,10,arginine,3,5,16,3,7.254,8.045,0.18,76.2,73.6,0.0,0.0,2.966,0.912,157 211 232 125 113 241 224 149
glutamic,10,arginine,3,5,16,4,7.254,8.045,0.18,76.2,73.6,0.0,0.0,2.966,2.22,140 261 299 77 21 255 252 108 173 233
glutamic,10,arginine,3,5,17,1,7.254,9.063,0.18,62.8,28.5,2.1533,0.0,1.742,1.716,66 360 157 121
glutamic,10,arginine,3,5,17,2,7.254,9.063,0.18,62.8,28.5,0.4104,0.0,1.201,3.556,32 0 213 231 3 179
glutamic,10,arginine,3,5,17,3,7.254,9.063,0.18,62.8,28.5,0.0,0.0,1.618,4.203,336 48 195 319 206 186 51 135
glutamic,10,arginine,3,5,17,4,7.254,9.063,0.18,62.8,28.5,0.0001,0.0,1.808,4.185,349 1 291 22 47 313 291 120 99 181
glutamic,10,arginine,3,5,18,1,7.254,7.819,0.18,60.3,81.9,1.1093,0.0,2.139,0.607,84 0 198 261
glutamic,10,arginine,3,5,18,2,7.254,7.819,0.18,60.3,81.9,0.0,0.0,2.966,0.543,104 244 306 25 78 211
glutamic,10,arginine,3,5,18,3,7.254,7.819,0.18,60.3,81.9,0.0,0.0,1.849,0.3,71 303 332 43 65 283 204 86
glutamic,10,arginine,3,5,18,4,7.254,7.819,0.18,60.3,81.9,0.0,0.0,1.217,0.368,37 355 318 59 83 249 231 90 111 204
glutamic,10,arginine,3,6,16,1,7.254,6.88,0.18,123.1,61.8,0.1637,0.0,1.877,0.561,295 206 70 183
glutamic,10,arginine,3,6,16,2,7.254,6.88,0.18,123.1,61.8,0.0,0.0,2.646,0.789,229 93 247 268 228 48
glutamic,10,arginine,3,6,16,3,7.254,6.88,0.18,123.1,61.8,0.0,0.0,2.646,2.444,204 185 164 249 250 82 106 210
glutamic,10,arginine,3,6,16,4,7.254,6.88,0.18,123.1,61.8,0.0,0.0,0.317,2.223,308 45 112 11 336 88 102 301 243 116
glutamic,10,arginine,3,6,17,1,7.254,7.599,0.18,120.2,28.9,0.8606,0.0,0.683,2.432,13 302 97 174
glutamic,10,arginine,3,6,17,2,7.254,7.599,0.18,120.2,28.9,0.0962,0.0,0.731,2.618,31 5 54 163 0 179
glutamic,10,arginine,3,6,17,3,7.254,7.599,0.18,120.2,28.9,0.0,0.0,1.629,1.878,47 22 9 246 1 90 3 171
glutamic,10,arginine,3,6,17,4,7.254,7.599,0.18,120.2,28.9,0.0,0.0,1.762,0.749,61 322 15 152 127 41 102 86 359 105
glutamic,10,arginine,3,6,18,1,7.254,6.002,0.18,136.3,94.3,0.0,0.0,1.312,1.568,357 110 323 262
glutamic,10,arginine,3,6,18,2,7.254,6.002,0.18,136.3,94.3,0.0,0.0,1.406,1.219,37 12 337 88 148 13
glutamic,10,arginine,3,6,18,3,7.254,6.002,0.18,136.3,94.3,0.0,0.0,0.825,1.365,350 45 260 277 346 38 144 38
glutamic,10,arginine,3,6,18,4,7.254,6.002,0.18,136.3,94.3,0.0,0.0,2.646,1.361,145 321 40 289 249 224 305 187 68 59
glutamic,10,arginine,3,7,16,1,7.254,9.215,0.18,22.4,60.2,5.0732,0.0,3.452,1.474,260 0 178 2
glutamic,10,arginine,3,7,16,2,7.254,9.215,0.18,22.4,60.2,1.27,0.0,2.701,0.538,258 1 175 6 189 189
glutamic,10,arginine,3,7,16,3,7.254,9.215,0.18,22.4,60.2,0.0,0.0,3.896,0.64,219 54 120 301 238 127 136 182
glutamic,10,arginine,3,7,16,4,7.254,9.215,0.18,22.4,60.2,0.0,0.0,3.666,1.317,268 43 79 285 258 131 149 246 235 168
glutamic,10,arginine,3,7,17,1,7.254,9.737,0.18,31.7,36.7,4.6792,0.0,1.557,1.603,288 360 183 355
glutamic,10,arginine,3,7,17,2,7.254,9.737,0.18,31.7,36.7,1.1104,0.0,1.374,0.9,289 359 154 49 172 176
glutamic,10,arginine,3,7,17,3,7.254,9.737,0.18,31.7,36.7,0.0,0.0,1.717,3.893,334 26 151 265 211 146 108 120
glutamic,10,arginine,3,7,17,4,7.254,9.737,0.18,31.7,36.7,0.0,0.0,1.987,2.662,357 14 78 299 271 122 131 209 222 186
glutamic,10,arginine,3,7,18,1,7.254,8.343,0.18,37.3,93.0,3.0487,0.0,3.039,1.248,266 0 175 10
glutamic,10,arginine,3,7,18,2,7.254,8.343,0.18,37.3,93.0,0.0,0.0,2.136,0.788,279 32 156 292 211 162
glutamic,10,arginine,3,7,18,3,7.254,8.343,0.18,37.3,93.0,0.0,0.0,1.344,2.411,309 83 112 265 187 100 175 234
glutamic,10,arginine,3,7,18,4,7.254,8.343,0.18,37.3,93.0,0.0,0.0,2.588,1.686,339 16 55 306 278 105 127 226 209 164
glutamic,10,lysine,10,5,13,1,11.809,10.681,0.7,119.4,100.4,3.4132,0.0,2.486,0.698,53 112 182 181
glutamic,10,lysine,10,5,13,2,11.809,10.681,0.7,119.4,100.4,0.0,0.0,2.92,1.098,132 221 184 155 155 168
glutamic,10,lysine,10,5,13,3,11.809,10.681,0.7,119.4,100.4,0.0,0.0,2.643,2.326,182 190 230 105 110 219 174 137
glutamic,10,lysine,10,5,13,4,11.809,10.681,0.7,119.4,100.4,0.0,0.0,2.966,3.961,185 169 188 139 137 239 227 140 155 194
glutamic,10,lysine,10,5,14,1,11.809,12.194,0.7,119.9,39.8,4.9427,0.0,2.966,0.493,119 248 177 178
glutamic,10,lysine,10,5,14,2,11.809,12.194,0.7,119.9,39.8,1.206,0.0,1.967,0.879,114 246 180 180 180 180
glutamic,10,lysine,10,5,14,3,11.809,12.194,0.7,119.9,39.8,0.0,0.0,2.881,0.997,81 186 178 177 190 259 305 191
glutamic,10,lysine,10,5,14,4,11.809,12.194,0.7,119.9,39.8,0.0,0.0,2.966,3.383,134 180 172 163 174 223 231 127 111 177
glutamic,10,lysine,10,5,15,1,11.809,11.792,0.7,109.4,58.1,4.5435,0.0,2.218,0.554,48 96 175 177
glutamic,10,lysine,10,5,15,2,11.809,11.792,0.7,109.4,58.1,0.8141,0.0,0.94,0.539,53 94 172 176 174 174
glutamic,10,lysine,10,5,15,3,11.809,11.792,0.7,109.4,58.1,0.0,0.0,2.468,1.446,139 319 174 198 205 124 132 195
glutamic,10,lysine,10,5,15,4,11.809,11.792,0.7,109.4,58.1,0.0,0.0,2.966,4.098,176 203 216 139 136 203 194 105 114 191
glutamic,10,lysine,10,6,13,1,11.809,10.823,0.7,113.1,98.1,3.5539,0.0,1.684,0.358,305 259 179 180
glutamic,10,lysine,10,6,13,2,11.809,10.823,0.7,113.1,98.1,0.0,0.0,1.702,0.307,304 254 212 224 163 201
glutamic,10,lysine,10,6,13,3,11.809,10.823,0.7,113.1,98.1,0.0,0.0,2.646,2.609,220 182 165 208 200 97 109 195
glutamic,10,lysine,10,6,13,4,11.809,10.823,0.7,113.1,98.1,0.0,0.0,2.646,3.235,174 182 164 216 219 136 145 228 216 167
glutamic,10,lysine,10,6,14,1,11.809,12.456,0.7,108.6,28.9,5.2266,0.0,2.646,0.55,237 94 176 177
glutamic,10,lysine,10,6,14,2,11.809,12.456,0.7,108.6,28.9,1.4705,0.0,1.249,0.683,241 93 176 178 177 177
glutamic,10,lysine,10,6,14,3,11.809,12.456,0.7,108.6,28.9,0.1433,0.0,2.539,0.972,249 49 176 178 157 161 356 182
glutamic,10,lysine,10,6,14,4,11.809,12.456,0.7,108.6,28.9,0.0,0.0,2.646,2.073,224 60 169 321 293 160 121 194 276 166
glutamic,10,lysine,10,6,15,1,11.809,11.566,0.7,119.2,70.2,4.3128,0.0,2.594,0.727,239 111 185 183
glutamic,10,lysine,10,6,15,2,11.809,11.566,0.7,119.2,70.2,0.5807,0.0,1.08,0.955,244 112 184 182 183 183
glutamic,10,lysine,10,6,15,3,11.809,11.566,0.7,119.2,70.2,0.0,0.0,2.646,2.139,227 176 172 203 198 116 119 187
glutamic,10,lysine,10,6,15,4,11.809,11.566,0.7,119.2,70.2,0.0,0.0,2.646,3.235,173 176 157 226 228 146 161 228 213 167
glutamic,10,lysine,10,7,13,1,11.809,12.784,0.7,31.7,101.5,7.5366,0.0,3.896,3.85,174 360 171 25
glutamic,10,lysine,10,7,13,2,11.809,12.784,0.7,31.7,101.5,4.0875,0.0,3.896,2.084,177 359 209 305 168 173
glutamic,10,lysine,10,7,13,3,11.809,12.784,0.7,31.7,101.5,0.2728,0.0,2.716,0.913,175 360 204 310 178 179 179 179
glutamic,10,lysine,10,7,13,4,11.809,12.784,0.7,31.7,101.5,0.0,0.0,3.3,2.225,128 279 276 106 107 205 207 177 176 176
glutamic,10,lysine,10,7,14,1,11.809,14.399,0.7,24.6,35.0,9.5626,0.0,3.896,3.847,166 0 178 5
glutamic,10,lysine,10,7,14,2,11.809,14.399,0.7,24.6,35.0,6.0327,0.0,3.896,1.669,167 360 204 316 177 178
glutamic,10,lysine,10,7,14,3,11.809,14.399,0.7,24.6,35.0,2.2895,0.0,1.833,0.533,166 0 162 35 182 181 182 181
glutamic,10,lysine,10,7,14,4,11.809,14.399,0.7,24.6,35.0,0.1476,0.0,3.778,1.615,141 360 205 308 173 176 175 176 290 205
glutamic,10,lysine,10,7,15,1,11.809,13.752,0.7,25.2,64.8,8.9041,0.0,3.896,3.514,191 360 183 354
glutamic,10,lysine,10,7,15,2,11.809,13.752,0.7,25.2,64.8,5.364,0.0,3.896,1.433,189 0 156 44 184 182
glutamic,10,lysine,10,7,15,3,11.809,13.752,0.7,25.2,64.8,1.627,0.0,1.178,0.877,190 0 196 327 182 181 181 181
glutamic,10,lysine,10,7,15,4,11.809,13.752,0.7,25.2,64.8,0.0,0.0,1.985,1.426,225 64 112 274 230 154 168 180 185 186
glutamic,10,aspartic,21,5,3,1,7.492,8.302,-0.98,111.6,21.2,1.2083,0.0,1.136,3.769,354 123 136 159
glutamic,10,aspartic,21,5,3,2,7.492,8.302,-0.98,111.6,21.2,0.3841,0.0,2.396,4.203,337 181 96 140 1 179
glutamic,10,aspartic,21,5,3,3,7.492,8.302,-0.98,111.6,21.2,0.0,0.0,1.686,4.203,314 108 222 77 23 142 60 226
glutamic,10,aspartic,21,5,3,4,7.492,8.302,-0.98,111.6,21.2,0.0,0.0,1.762,0.568,42 31 273 303 356 283 305 120 51 250
glutamic,10,aspartic,21,5,4,1,7.492,6.612,-0.98,102.5,94.3,0.0,0.0,1.659,4.203,335 63 193 87
glutamic,10,aspartic,21,5,4,2,7.492,6.612,-0.98,102.5,94.3,0.0,0.0,2.793,4.203,312 11 279 74 55 108
glutamic,10,aspartic,21,5,4,3,7.492,6.612,-0.98,102.5,94.3,0.0,0.0,1.514,0.72,61 71 85 14 49 111 44 64
glutamic,10,aspartic,21,5,4,4,7.492,6.612,-0.98,102.5,94.3,0.0,0.0,1.53,2.271,61 324 233 29 57 269 262 47 123 269
glutamic,10,aspartic,21,5,5,1,7.492,7.149,-0.98,97.0,74.4,0.1311,0.0,1.302,1.763,78 324 112 148
glutamic,10,aspartic,21,5,5,2,7.492,7.149,-0.98,97.0,74.4,0.0,0.0,2.281,0.823,119 318 133 270 252 104
glutamic,10,aspartic,21,5,5,3,7.492,7.149,-0.98,97.0,74.4,0.0,0.0,2.472,0.379,140 237 236 70 53 304 283 127
glutamic,10,aspartic,21,5,5,4,7.492,7.149,-0.98,97.0,74.4,0.0,0.0,1.762,0.478,70 353 300 344 12 286 258 55 110 238
glutamic,10,aspartic,21,6,3,1,7.492,9.22,-0.98,76.2,10.7,1.9461,0.0,1.244,2.103,310 342 176 178
glutamic,10,aspartic,21,6,3,2,7.492,9.22,-0.98,76.2,10.7,0.632,0.0,0.818,0.879,245 50 183 182 19 170
glutamic,10,aspartic,21,6,3,3,7.492,9.22,-0.98,76.2,10.7,0.034,0.0,0.85,1.657,232 44 168 173 66 150 357 189
glutamic,10,aspartic,21,6,3,4,7.492,9.22,-0.98,76.2,10.7,0.0,0.0,0.938,1.191,206 327 313 39 49 155 127 166 343 167
glutamic,10,aspartic,21,6,4,1,7.492,7.582,-0.98,66.1,89.5,0.6196,0.0,0.861,2.321,314 357 153 121
glutamic,10,aspartic,21,6,4,2,7.492,7.582,-0.98,66.1,89.5,0.0,0.0,1.697,2.336,358 38 104 274 233 153
glutamic,10,aspartic,21,6,4,3,7.492,7.582,-0.98,66.1,89.5,0.0,0.0,2.449,2.629,32 357 68 339 269 31 71 172
glutamic,10,aspartic,21,6,4,4,7.492,7.582,-0.98,66.1,89.5,0.0,0.0,1.555,1.186,313 291 7 40 4 100 112 259 226 132
glutamic,10,aspartic,21,6,5,1,7.492,7.47,-0.98,85.0,93.7,0.1921,0.0,1.239,1.506,280 56 167 173
glutamic,10,aspartic,21,6,5,2,7.492,7.47,-0.98,85.0,93.7,0.0,0.0,1.75,2.351,1 44 87 263 218 138
glutamic,10,aspartic,21,6,5,3,7.492,7.47,-0.98,85.0,93.7,0.0,0.0,1.649,1.567,355 55 358 317 258 63 212 328
glutamic,10,aspartic,21,6,5,4,7.492,7.47,-0.98,85.0,93.7,0.0,0.0,0.48,1.56,351 339 29 323 305 101 66 326 268 89
glutamic,10,aspartic,21,7,3,1,7.492,10.402,-0.98,20.0,14.8,6.2586,0.0,3.423,5.624,69 360 180 360
glutamic,10,aspartic,21,7,3,2,7.492,10.402,-0.98,20.0,14.8,2.6605,0.0,2.881,5.501,67 1 170 13 199 198
glutamic,10,aspartic,21,7,3,3,7.492,10.402,-0.98,20.0,14.8,0.3364,0.0,2.565,5.323,81 359 214 295 173 175 66 152
glutamic,10,aspartic,21,7,3,4,7.492,10.402,-0.98,20.0,14.8,0.0,0.0,2.258,5.014,61 24 194 89 67 187 272 206 63 139
glutamic,10,aspartic,21,7,4,1,7.492,8.445,-0.98,26.1,103.7,4.0974,0.0,2.952,5.624,50 0 180 0
glutamic,10,aspartic,21,7,4,2,7.492,8.445,-0.98,26.1,103.7,0.5285,0.0,2.58,5.624,61 358 188 351 148 146
glutamic,10,aspartic,21,7,4,3,7.492,8.445,-0.98,26.1,103.7,0.0,0.0,2.685,5.624,28 317 274 59 99 251 224 164
glutamic,10,aspartic,21,7,4,4,7.492,8.445,-0.98,26.1,103.7,0.0,0.0,3.508,4.946,338 104 52 314 332 227 210 114 134 206
glutamic,10,aspartic,21,7,5,1,7.492,8.991,-0.98,10.6,82.9,6.0807,0.0,2.774,5.624,37 0 180 0
glutamic,10,aspartic,21,7,5,2,7.492,8.991,-0.98,10.6,82.9,2.2871,0.0,2.043,5.624,38 0 180 0 156 111
glutamic,10,aspartic,21,7,5,3,7.492,8.991,-0.98,10.6,82.9,0.0,0.0,3.134,5.484,10 7 192 276 221 112 157 202
glutamic,10,aspartic,21,7,5,4,7.492,8.991,-0.98,10.6,82.9,0.0,0.0,3.143,4.859,340 326 289 42 79 280 247 142 165 197
glutamic,10,glutamic,15,5,5,1,12.039,11.566,-0.85,97.3,98.2,4.3247,0.0,2.966,0.421,129 288 174 177
glutamic,10,glutamic,15,5,5,2,12.039,11.566,-0.85,97.3,98.2,0.5907,0.0,2.386,0.748,124 289 190 185 187 187
glutamic,10,glutamic,15,5,5,3,12.039,11.566,-0.85,97.3,98.2,0.0,0.0,2.52,1.95,140 201 207 156 162 239 229 168
glutamic,10,glutamic,15,5,5,4,12.039,11.566,-0.85,97.3,98.2,0.0,0.0,1.783,4.203,178 193 206 144 142 216 208 133 146 194
glutamic,10,glutamic,15,5,6,1,12.039,11.415,-0.85,85.4,104.1,4.156,0.0,2.945,0.215,124 311 182 181
glutamic,10,glutamic,15,5,6,2,12.039,11.415,-0.85,85.4,104.1,0.4619,0.0,1.159,0.625,77 40 196 189 191 190
glutamic,10,glutamic,15,5,6,3,12.039,11.415,-0.85,85.4,104.1,0.0,0.0,0.3,2.172,171 224 226 106 118 203 182 161
glutamic,10,glutamic,15,5,6,4,12.039,11.415,-0.85,85.4,104.1,0.0,0.0,2.318,0.627,150 183 214 115 129 308 263 126 153 201
glutamic,10,glutamic,15,5,7,1,12.039,13.41,-0.85,91.9,2.7,6.1844,0.0,2.685,0.696,69 62 180 180
glutamic,10,glutamic,15,5,7,2,12.039,13.41,-0.85,91.9,2.7,2.506,0.0,1.41,0.492,129 300 178 179 178 178
glutamic,10,glutamic,15,5,7,3,12.039,13.41,-0.85,91.9,2.7,0.8298,0.0,1.676,1.32,112 0 181 180 180 180 46 160
glutamic,10,glutamic,15,5,7,4,12.039,13.41,-0.85,91.9,2.7,0.1487,0.0,2.966,2.266,127 358 176 177 178 179 86 150 360 180
glutamic,10,glutamic,15,6,5,1,12.039,10.749,-0.85,133.7,87.8,3.5568,0.0,2.646,0.829,246 140 166 171
glutamic,10,glutamic,15,6,5,2,12.039,10.749,-0.85,133.7,87.8,0.0,0.0,2.273,0.814,249 154 143 195 125 167
glutamic,10,glutamic,15,6,5,3,12.039,10.749,-0.85,133.7,87.8,0.0,0.0,2.117,1.405,192 157 129 274 283 137 172 229
glutamic,10,glutamic,15,6,5,4,12.039,10.749,-0.85,133.7,87.8,0.0,0.0,0.692,2.3,344 302 21 261 1 41 196 271 84 100
glutamic,10,glutamic,15,6,6,1,12.039,10.102,-0.85,145.4,113.3,2.8476,0.0,2.32,0.43,275 168 175 177
glutamic,10,glutamic,15,6,6,2,12.039,10.102,-0.85,145.4,113.3,0.0,0.0,0.295,1.176,259 190 182 231 164 109
glutamic,10,glutamic,15,6,6,3,12.039,10.102,-0.85,145.4,113.3,0.0,0.0,1.706,2.029,218 137 258 305 106 123 57 104
glutamic,10,glutamic,15,6,6,4,12.039,10.102,-0.85,145.4,113.3,0.0,0.0,2.35,3.235,178 204 185 212 222 130 138 235 219 162
glutamic,10,glutamic,15,6,7,1,12.039,12.288,-0.85,143.4,12.6,5.0544,0.0,2.333,0.699,262 163 180 180
glutamic,10,glutamic,15,6,7,2,12.039,12.288,-0.85,143.4,12.6,1.3878,0.0,1.337,0.416,282 178 166 165 173 176
glutamic,10,glutamic,15,6,7,3,12.039,12.288,-0.85,143.4,12.6,0.4659,0.0,1.556,1.198,313 176 152 149 163 170 347 188
glutamic,10,glutamic,15,6,7,4,12.039,12.288,-0.85,143.4,12.6,0.0023,0.0,2.646,2.643,214 169 223 226 170 172 83 147 352 212
glutamic,10,glutamic,15,7,5,1,12.039,13.127,-0.85,32.1,89.9,7.8766,0.0,3.896,3.129,210 0 166 35
glutamic,10,glutamic,15,7,5,2,12.039,13.127,-0.85,32.1,89.9,4.2968,0.0,2.307,1.539,211 0 211 300 181 181
glutamic,10,glutamic,15,7,5,3,12.039,13.127,-0.85,32.1,89.9,0.5852,0.0,1.428,1.087,212 360 155 54 173 176 174 175
glutamic,10,glutamic,15,7,5,4,12.039,13.127,-0.85,32.1,89.9,0.0,0.0,1.052,1.866,225 66 110 267 204 132 159 122 119 186
glutamic,10,glutamic,15,7,6,1,12.039,12.566,-0.85,37.7,111.8,6.9542,0.0,3.896,2.724,228 360 199 307
glutamic,10,glutamic,15,7,6,2,12.039,12.566,-0.85,37.7,111.8,3.4113,0.0,2.285,1.772,227 0 146 70 182 181
glutamic,10,glutamic,15,7,6,3,12.039,12.566,-0.85,37.7,111.8,0.0,0.0,1.289,1.605,201 15 211 292 215 199 180 165
glutamic,10,glutamic,15,7,6,4,12.039,12.566,-0.85,37.7,111.8,0.0,0.0,1.538,0.66,297 262 292 260 191 104 134 150 159 192
glutamic,10,glutamic,15,7,7,1,12.039,14.709,-0.85,38.6,11.2,8.9714,0.0,3.896,3.136,219 0 201 295
glutamic,10,glutamic,15,7,7,2,12.039,14.709,-0.85,38.6,11.2,5.4688,0.0,2.299,2.285,219 0 145 76 184 182
glutamic,10,glutamic,15,7,7,3,12.039,14.709,-0.85,38.6,11.2,1.7031,0.0,0.292,2.117,219 360 149 74 179 179 179 179
glutamic,10,glutamic,15,7,7,4,12.039,14.709,-0.85,38.6,11.2,0.3007,0.0,2.844,3.162,228 1 145 106 193 187 196 195 23 169
glutamic,10,isoleucine,8,5,4,1,4.526,5.557,-0.307,85.7,25.6,0.9861,0.0,2.745,4.203,178 68 29 49
glutamic,10,isoleucine,8,5,4,2,4.526,5.557,-0.307,85.7,25.6,0.1539,0.0,2.966,4.203,202 31 62 141 12 53
glutamic,10,isoleucine,8,5,4,3,4.526,5.557,-0.307,85.7,25.6,0.0,0.0,2.459,0.509,91 7 226 228 3 177 357 11
glutamic,10,isoleucine,8,5,4,4,4.526,5.557,-0.307,85.7,25.6,0.0,0.0,2.887,0.516,127 257 226 163 115 254 293 64 119 268
glutamic,10,isoleucine,8,5,5,1,4.526,4.811,-0.307,94.2,58.9,0.2985,0.0,2.814,0.628,95 263 352 348
glutamic,10,isoleucine,8,5,5,2,4.526,4.811,-0.307,94.2,58.9,0.0,0.0,2.42,0.721,45 224 59 317 191 49
glutamic,10,isoleucine,8,5,5,3,4.526,4.811,-0.307,94.2,58.9,0.0,0.0,1.552,2.004,182 192 228 205 30 276 291 333
glutamic,10,isoleucine,8,5,5,4,4.526,4.811,-0.307,94.2,58.9,0.0,0.0,2.966,0.919,97 226 261 163 101 256 275 63 151 286
glutamic,10,isoleucine,8,5,6,1,4.526,3.362,-0.307,71.9,114.3,1.9545,0.0,2.485,4.203,172 111 18 7
glutamic,10,isoleucine,8,5,6,2,4.526,3.362,-0.307,71.9,114.3,0.7036,0.0,2.966,4.203,218 104 10 32 131 6
glutamic,10,isoleucine,8,5,6,3,4.526,3.362,-0.307,71.9,114.3,0.0,0.0,1.464,1.57,53 241 313 97 88 354 205 54
glutamic,10,isoleucine,8,5,6,4,4.526,3.362,-0.307,71.9,114.3,0.0,0.0,1.173,1.119,349 276 359 347 145 344 299 310 173 323
glutamic,10,isoleucine,8,6,4,1,4.526,4.597,-0.307,127.0,41.0,0.8966,0.0,2.646,3.235,156 281 12 11
glutamic,10,isoleucine,8,6,4,2,4.526,4.597,-0.307,127.0,41.0,0.0,0.0,2.646,3.235,122 283 41 266 251 25
glutamic,10,isoleucine,8,6,4,3,4.526,4.597,-0.307,127.0,41.0,0.0,0.0,2.646,2.677,93 277 36 258 332 345 115 337
glutamic,10,isoleucine,8,6,4,4,4.526,4.597,-0.307,127.0,41.0,0.0,0.0,2.635,0.521,40 43 315 54 76 291 327 86 359 97
glutamic,10,isoleucine,8,6,5,1,4.526,4.088,-0.307,127.0,60.3,0.9668,0.0,1.593,0.752,270 69 353 355
glutamic,10,isoleucine,8,6,5,2,4.526,4.088,-0.307,127.0,60.3,0.0725,0.0,0.926,0.689,325 58 341 353 220 337
glutamic,10,isoleucine,8,6,5,3,4.526,4.088,-0.307,127.0,60.3,0.0,0.0,1.327,1.163,23 275 102 273 261 56 153 265
glutamic,10,isoleucine,8,6,5,4,4.526,4.088,-0.307,127.0,60.3,0.0,0.0,1.693,1.631,159 94 157 268 312 145 54 259 265 69
glutamic,10,isoleucine,8,6,6,1,4.526,2.147,-0.307,122.2,154.1,2.6854,0.0,2.646,3.235,156 293 1 1
glutamic,10,isoleucine,8,6,6,2,4.526,2.147,-0.307,122.2,154.1,1.7556,0.0,2.646,3.235,107 300 0 5 173 0
glutamic,10,isoleucine,8,6,6,3,4.526,2.147,-0.307,122.2,154.1,0.0,0.0,1.169,0.698,349 17 341 288 272 26 169 292
glutamic,10,isoleucine,8,6,6,4,4.526,2.147,-0.307,122.2,154.1,0.0,0.0,1.448,2.345,359 58 65 267 269 75 111 287 200 122
glutamic,10,isoleucine,8,7,4,1,4.526,5.907,-0.307,73.0,49.7,0.4112,0.0,3.896,4.827,190 105 51 65
glutamic,10,isoleucine,8,7,4,2,4.526,5.907,-0.307,73.0,49.7,0.0,0.0,3.896,3.949,253 89 35 284 246 114
glutamic,10,isoleucine,8,7,4,3,4.526,5.907,-0.307,73.0,49.7,0.0,0.0,3.896,3.857,292 30 40 292 252 87 153 226
glutamic,10,isoleucine,8,7,4,4,4.526,5.907,-0.307,73.0,49.7,0.0,0.0,3.679,4.204,318 357 35 316 277 78 107 238 220 166
glutamic,10,isoleucine,8,7,5,1,4.526,6.02,-0.307,49.3,44.9,1.5937,0.0,3.896,3.552,211 46 104 14
glutamic,10,isoleucine,8,7,5,2,4.526,6.02,-0.307,49.3,44.9,0.418,0.0,3.896,1.815,252 34 104 51 80 65
glutamic,10,isoleucine,8,7,5,3,4.526,6.02,-0.307,49.3,44.9,0.0,0.0,3.842,0.417,275 69 102 264 233 81 106 200
glutamic,10,isoleucine,8,7,5,4,4.526,6.02,-0.307,49.3,44.9,0.0,0.0,3.013,1.641,49 319 263 341 230 31 91 300 348 167
glutamic,10,isoleucine,8,7,6,1,4.526,3.75,-0.307,58.7,142.8,1.5265,0.0,3.896,4.293,205 99 61 359
glutamic,10,isoleucine,8,7,6,2,4.526,3.75,-0.307,58.7,142.8,0.2488,0.0,3.896,4.02,255 143 354 305 255 357
glutamic,10,isoleucine,8,7,6,3,4.526,3.75,-0.307,58.7,142.8,0.0,0.0,3.896,3.807,292 54 37 260 278 80 141 274
glutamic,10,isoleucine,8,7,6,4,4.526,3.75,-0.307,58.7,142.8,0.0,0.0,3.543,3.315,338 351 46 309 269 81 101 256 244 163
glutamic,10,leucine,12,5,1,1,9.639,10.092,0.539,71.4,88.4,2.961,0.0,2.901,1.261,105 7 199 201
glutamic,10,leucine,12,5,1,2,9.639,10.092,0.539,71.4,88.4,0.0,0.0,2.617,1.207,146 297 163 122 146 160
glutamic,10,leucine,12,5,1,3,9.639,10.092,0.539,71.4,88.4,0.0,0.0,1.873,1.223,133 215 233 150 155 257 238 155
glutamic,10,leucine,12,5,1,4,9.639,10.092,0.539,71.4,88.4,0.0,0.0,2.491,3.388,166 196 214 151 144 235 229 129 146 199
glutamic,10,leucine,12,5,2,1,9.639,8.931,0.539,60.4,140.9,2.2942,0.0,2.698,0.471,101 2 154 103
glutamic,10,leucine,12,5,2,2,9.639,8.931,0.539,60.4,140.9,0.0,0.0,2.294,0.811,99 281 238 117 149 201
glutamic,10,leucine,12,5,2,3,9.639,8.931,0.539,60.4,140.9,0.0,0.0,2.966,1.785,172 219 253 117 120 234 195 141
glutamic,10,leucine,12,5,2,4,9.639,8.931,0.539,60.4,140.9,0.0,0.0,1.892,0.562,81 342 314 50 85 264 225 62 101 220
glutamic,10,leucine,12,5,13,1,9.639,11.369,0.539,61.1,35.6,4.5508,0.0,2.846,0.782,107 360 204 238
glutamic,10,leucine,12,5,13,2,9.639,11.369,0.539,61.1,35.6,1.0947,0.0,2.966,1.046,114 358 212 257 157 170
glutamic,10,leucine,12,5,13,3,9.639,11.369,0.539,61.1,35.6,0.1454,0.0,2.966,1.101,136 359 210 279 159 170 353 185
glutamic,10,leucine,12,5,13,4,9.639,11.369,0.539,61.1,35.6,0.0,0.0,2.966,0.757,182 273 235 87 111 207 202 126 108 174
glutamic,10,leucine,12,6,1,1,9.639,8.219,0.539,166.3,83.0,1.7759,0.0,1.958,0.654,291 180 203 279
glutamic,10,leucine,12,6,1,2,9.639,8.219,0.539,166.3,83.0,0.0,0.0,2.646,2.042,238 176 224 314 117 30
glutamic,10,leucine,12,6,1,3,9.639,8.219,0.539,166.3,83.0,0.0,0.0,1.495,1.005,319 228 189 130 316 118 84 258
glutamic,10,leucine,12,6,1,4,9.639,8.219,0.539,166.3,83.0,0.0,0.0,1.634,1.194,354 224 228 38 47 81 101 51 8 107
glutamic,10,leucine,12,6,2,1,9.639,6.829,0.539,160.1,148.7,0.4667,0.0,1.441,1.045,331 183 143 82
glutamic,10,leucine,12,6,2,2,9.639,6.829,0.539,160.1,148.7,0.0,0.0,2.646,1.72,175 205 155 336 176 85
glutamic,10,leucine,12,6,2,3,9.639,6.829,0.539,160.1,148.7,0.0,0.0,2.646,0.584,91 120 233 311 329 3 100 304
glutamic,10,leucine,12,6,2,4,9.639,6.829,0.539,160.1,148.7,0.0,0.0,1.467,0.855,323 111 140 324 306 82 114 287 255 161
glutamic,10,leucine,12,6,13,1,9.639,9.236,0.539,163.7,42.6,2.6019,0.0,1.564,0.993,349 180 155 101
glutamic,10,leucine,12,6,13,2,9.639,9.236,0.539,163.7,42.6,0.113,0.0,2.631,0.458,40 181 174 160 59 171
glutamic,10,leucine,12,6,13,3,9.639,9.236,0.539,163.7,42.6,0.0,0.0,1.444,1.091,334 123 165 13 280 51 123 218
glutamic,10,leucine,12,6,13,4,9.639,9.236,0.539,163.7,42.6,0.0,0.0,1.894,1.275,290 129 149 292 281 116 137 275 258 168
glutamic,10,leucine,12,7,1,1,9.639,10.559,0.539,52.9,85.4,4.1409,0.0,3.896,2.644,236 360 154 95
glutamic,10,leucine,12,7,1,2,9.639,10.559,0.539,52.9,85.4,0.6936,0.0,3.896,1.988,226 4 226 255 202 195
glutamic,10,leucine,12,7,1,3,9.639,10.559,0.539,52.9,85.4,0.0,0.0,3.586,2.501,285 28 85 300 263 144 155 181
glutamic,10,leucine,12,7,1,4,9.639,10.559,0.539,52.9,85.4,0.0,0.0,3.871,3.005,298 30 59 279 268 146 153 231 221 166
glutamic,10,leucine,12,7,2,1,9.639,9.166,0.539,50.8,152.7,3.0438,0.0,3.896,1.811,250 359 207 282
glutamic,10,leucine,12,7,2,2,9.639,9.166,0.539,50.8,152.7,0.0,0.0,3.789,1.092,252 317 193 118 137 210
glutamic,10,leucine,12,7,2,3,9.639,9.166,0.539,50.8,152.7,0.0,0.0,3.89,1.078,294 17 75 313 274 111 124 188
glutamic,10,leucine,12,7,2,4,9.639,9.166,0.539,50.8,152.7,0.0,0.0,2.988,2.065,286 303 320 254 193 86 103 250 263 191
glutamic,10,leucine,12,7,13,1,9.639,11.511,0.539,55.3,48.0,4.9572,0.0,3.896,2.25,249 1 206 251
glutamic,10,leucine,12,7,13,2,9.639,11.511,0.539,55.3,48.0,1.386,0.0,3.896,1.159,251 359 138 108 173 175
glutamic,10,leucine,12,7,13,3,9.639,11.511,0.539,55.3,48.0,0.0,0.0,3.896,1.282,268 10 95 163 135 190 297 221
glutamic,10,leucine,12,7,13,4,9.639,11.511,0.539,55.3,48.0,0.0,0.0,3.836,1.186,308 40 58 270 277 158 155 223 212 159
glutamic,10,serine,32,5,3,1,9.24,6.94,0.216,142.7,134.6,0.0,0.0,2.966,3.337,132 145 237 148
glutamic,10,serine,32,5,3,2,9.24,6.94,0.216,142.7,134.6,0.0,0.0,2.966,3.914,188 142 287 72 68 264
glutamic,10,serine,32,5,3,3,9.24,6.94,0.216,142.7,134.6,0.0,0.0,2.966,4.203,226 158 251 165 46 212 250 79
glutamic,10,serine,32,5,3,4,9.24,6.94,0.216,142.7,134.6,0.0,0.0,2.966,4.15,208 138 176 151 134 253 246 98 118 206
glutamic,10,serine,32,5,4,1,9.24,8.976,0.216,138.5,50.5,1.7268,0.0,2.825,1.478,78 144 192 186
glutamic,10,serine,32,5,4,2,9.24,8.976,0.216,138.5,50.5,0.0,0.0,2.392,1.32,40 134 193 148 337 162
glutamic,10,serine,32,5,4,3,9.24,8.976,0.216,138.5,50.5,0.0086,0.0,2.966,3.554,215 180 181 359 235 222 360 181
glutamic,10,serine,32,5,4,4,9.24,8.976,0.216,138.5,50.5,0.0,0.0,2.966,4.135,199 153 168 139 139 246 245 125 126 191
glutamic,10,serine,32,5,5,1,9.24,9.071,0.216,135.0,46.2,1.8026,0.0,2.966,2.097,93 136 186 184
glutamic,10,serine,32,5,5,2,9.24,9.071,0.216,135.0,46.2,0.0183,0.0,2.966,4.203,197 236 150 165 46 157
glutamic,10,serine,32,5,5,3,9.24,9.071,0.216,135.0,46.2,0.0,0.0,2.966,4.203,213 158 196 137 135 258 240 156
glutamic,10,serine,32,5,5,4,9.24,9.071,0.216,135.0,46.2,0.0,0.0,2.966,4.203,215 151 187 158 143 233 229 111 128 202
glutamic,10,serine,32,6,3,1,9.24,8.002,0.216,92.4,118.1,0.7127,0.0,2.381,1.483,272 295 181 180
glutamic,10,serine,32,6,3,2,9.24,8.002,0.216,92.4,118.1,0.0,0.0,2.415,1.105,266 17 38 30 304 334
glutamic,10,serine,32,6,3,3,9.24,8.002,0.216,92.4,118.1,0.0,0.0,2.646,3.235,147 166 121 243 248 118 146 215
glutamic,10,serine,32,6,3,4,9.24,8.002,0.216,92.4,118.1,0.0,0.0,2.646,2.791,121 209 111 239 278 64 129 232 131 123
glutamic,10,serine,32,6,4,1,9.24,9.831,0.216,98.6,45.5,2.5425,0.0,2.646,2.102,212 77 180 180
glutamic,10,serine,32,6,4,2,9.24,9.831,0.216,98.6,45.5,0.1742,0.0,1.788,0.58,299 296 186 184 288 210
glutamic,10,serine,32,6,4,3,9.24,9.831,0.216,98.6,45.5,0.0,0.0,2.646,0.827,255 184 73 201 214 245 273 71
glutamic,10,serine,32,6,4,4,9.24,9.831,0.216,98.6,45.5,0.0,0.0,2.646,2.218,231 178 180 200 193 98 84 252 263 167
glutamic,10,serine,32,6,5,1,9.24,9.771,0.216,102.4,48.3,2.4822,0.0,2.398,1.668,272 277 180 180
glutamic,10,serine,32,6,5,2,9.24,9.771,0.216,102.4,48.3,0.172,0.0,2.646,3.235,177 94 142 158 81 146
glutamic,10,serine,32,6,5,3,9.24,9.771,0.216,102.4,48.3,0.0,0.0,2.646,3.235,182 195 137 215 203 93 141 218
glutamic,10,serine,32,6,5,4,9.24,9.771,0.216,102.4,48.3,0.0,0.0,2.646,3.235,144 182 154 215 223 134 142 235 217 161
glutamic,10,serine,32,7,3,1,9.24,9.039,0.216,53.0,132.4,2.7575,0.0,3.896,4.746,154 0 152 85
glutamic,10,serine,32,7,3,2,9.24,9.039,0.216,53.0,132.4,0.0,0.0,3.896,4.309,195 323 152 88 131 158
glutamic,10,serine,32,7,3,3,9.24,9.039,0.216,53.0,132.4,0.0,0.0,3.896,4.045,123 271 326 112 50 202 244 169
glutamic,10,serine,32,7,3,4,9.24,9.039,0.216,53.0,132.4,0.0,0.0,3.896,4.639,77 328 279 102 130 218 208 95 97 190
glutamic,10,serine,32,7,4,1,9.24,11.177,0.216,46.0,44.1,5.1454,0.0,3.896,4.542,155 0 156 74
glutamic,10,serine,32,7,4,2,9.24,11.177,0.216,46.0,44.1,1.5732,0.0,3.896,3.23,158 359 141 86 173 176
glutamic,10,serine,32,7,4,3,9.24,11.177,0.216,46.0,44.1,0.0594,0.0,3.896,2.476,131 359 143 74 175 177 41 160
glutamic,10,serine,32,7,4,4,9.24,11.177,0.216,46.0,44.1,0.0,0.0,3.896,3.148,82 305 245 111 145 215 210 155 139 168
glutamic,10,serine,32,7,5,1,9.24,10.951,0.216,57.5,54.3,4.3263,0.0,3.896,5.233,161 1 206 244
glutamic,10,serine,32,7,5,2,9.24,10.951,0.216,57.5,54.3,0.7321,0.0,3.896,4.49,161 2 221 248 190 186
glutamic,10,serine,32,7,5,3,9.24,10.951,0.216,57.5,54.3,0.0,0.0,3.896,5.313,154 254 261 147 144 215 218 175
glutamic,10,serine,32,7,5,4,9.24,10.951,0.216,57.5,54.3,0.0,0.0,3.896,5.585,85 335 297 73 104 217 204 145 146 180
glutamic,10,tryptophan,5,5,16,1,7.297,6.051,0.952,147.4,75.0,0.0,0.0,2.072,2.662,151 258 58 87
glutamic,10,tryptophan,5,5,16,2,7.297,6.051,0.952,147.4,75.0,0.0,0.0,1.412,0.804,65 101 248 229 299 29
glutamic,10,tryptophan,5,5,16,3,7.297,6.051,0.952,147.4,75.0,0.0,0.0,0.661,1.519,27 153 196 186 319 321 307 274
glutamic,10,tryptophan,5,5,16,4,7.297,6.051,0.952,147.4,75.0,0.0,0.0,2.059,3.143,121 88 141 171 102 305 277 359 157 306
glutamic,10,tryptophan,5,5,17,1,7.297,5.256,0.952,150.5,105.1,0.0,0.0,2.072,4.203,206 282 51 36
glutamic,10,tryptophan,5,5,17,2,7.297,5.256,0.952,150.5,105.1,0.0,0.0,1.803,4.203,304 139 260 67 104 340
glutamic,10,tryptophan,5,5,17,3,7.297,5.256,0.952,150.5,105.1,0.0,0.0,1.902,4.203,299 135 237 229 25 1 92 46
glutamic,10,tryptophan,5,5,17,4,7.297,5.256,0.952,150.5,105.1,0.0,0.0,2.072,4.203,265 259 204 215 306 80 50 319 229 61
glutamic,10,tryptophan,5,5,18,1,7.297,7.31,0.952,161.1,14.9,1.2493,0.0,2.072,4.203,202 153 245 286
glutamic,10,tryptophan,5,5,18,2,7.297,7.31,0.952,161.1,14.9,0.3866,0.0,2.072,4.203,239 119 281 213 346 247
glutamic,10,tryptophan,5,5,18,3,7.297,7.31,0.952,161.1,14.9,0.0,0.0,0.89,3.83,25 209 160 205 313 153 6 138
glutamic,10,tryptophan,5,5,18,4,7.297,7.31,0.952,161.1,14.9,0.0,0.0,1.905,2.946,108 120 122 157 127 258 282 64 99 216
glutamic,10,tryptophan,5,6,16,1,7.297,7.408,0.952,83.2,92.6,0.1429,0.0,2.313,2.259,253 321 164 168
glutamic,10,tryptophan,5,6,16,2,7.297,7.408,0.952,83.2,92.6,0.0,0.0,2.646,3.235,165 152 88 291 271 153
glutamic,10,tryptophan,5,6,16,3,7.297,7.408,0.952,83.2,92.6,0.0,0.0,2.646,3.235,164 283 338 253 342 331 50 67
glutamic,10,tryptophan,5,6,16,4,7.297,7.408,0.952,83.2,92.6,0.0,0.0,2.646,2.012,218 179 136 188 226 99 91 277 236 128
glutamic,10,tryptophan,5,6,17,1,7.297,7.097,0.952,66.2,104.7,0.1267,0.0,1.96,3.056,215 1 204 246
glutamic,10,tryptophan,5,6,17,2,7.297,7.097,0.952,66.2,104.7,0.0,0.0,2.646,2.838,225 215 268 91 186 324
glutamic,10,tryptophan,5,6,17,3,7.297,7.097,0.952,66.2,104.7,0.0,0.0,2.646,1.043,241 92 354 304 274 53 215 326
glutamic,10,tryptophan,5,6,17,4,7.297,7.097,0.952,66.2,104.7,0.0,0.0,0.893,2.165,304 82 101 250 247 95 102 228 208 155
glutamic,10,tryptophan,5,6,18,1,7.297,9.148,0.952,71.0,6.9,1.9446,0.0,1.972,2.801,226 358 167 161
glutamic,10,tryptophan,5,6,18,2,7.297,9.148,0.952,71.0,6.9,0.7265,0.0,2.646,3.235,179 20 208 198 14 172
glutamic,10,tryptophan,5,6,18,3,7.297,9.148,0.952,71.0,6.9,0.1048,0.0,2.646,3.235,169 12 188 186 58 155 1 174
glutamic,10,tryptophan,5,6,18,4,7.297,9.148,0.952,71.0,6.9,0.0,0.0,2.646,0.86,229 126 131 183 200 130 103 261 278 148
glutamic,10,tryptophan,5,7,16,1,7.297,7.907,0.952,64.8,78.1,0.9807,0.0,2.39,5.45,147 1 164 118
glutamic,10,tryptophan,5,7,16,2,7.297,7.907,0.952,64.8,78.1,0.0,0.0,3.662,5.62,201 240 238 87 105 159
glutamic,10,tryptophan,5,7,16,3,7.297,7.907,0.952,64.8,78.1,0.0,0.0,3.896,5.464,213 220 218 140 117 256 236 142
glutamic,10,tryptophan,5,7,16,4,7.297,7.907,0.952,64.8,78.1,0.0,0.0,1.465,1.677,65 315 240 32 144 338 267 108 98 189
glutamic,10,tryptophan,5,7,17,1,7.297,6.799,0.952,77.2,123.0,0.0836,0.0,2.897,5.304,163 350 114 110
glutamic,10,tryptophan,5,7,17,2,7.297,6.799,0.952,77.2,123.0,0.0,0.0,3.72,5.111,198 333 130 124 61 285
glutamic,10,tryptophan,5,7,17,3,7.297,6.799,0.952,77.2,123.0,0.0,0.0,2.695,5.624,77 247 304 146 118 260 219 121
glutamic,10,tryptophan,5,7,17,4,7.297,6.799,0.952,77.2,123.0,0.0,0.0,3.686,5.624,88 239 271 167 134 264 261 41 85 227
glutamic,10,tryptophan,5,7,18,1,7.297,9.136,0.952,71.5,22.0,1.9564,0.0,2.201,5.622,140 353 166 164
glutamic,10,tryptophan,5,7,18,2,7.297,9.136,0.952,71.5,22.0,0.4108,0.0,3.72,5.624,88 74 167 173 339 192
glutamic,10,tryptophan,5,7,18,3,7.297,9.136,0.952,71.5,22.0,0.0,0.0,3.896,5.624,168 210 236 171 110 230 278 151
glutamic,10,tryptophan,5,7,18,4,7.297,9.136,0.952,71.5,22.0,0.0,0.0,2.629,5.624,113 235 246 166 158 238 234 108 127 204
glutamic,10,leucine,13,5,1,1,13.981,13.835,0.322,30.2,156.2,8.6792,0.0,2.966,1.547,118 360 192 330
glutamic,10,leucine,13,5,1,2,13.981,13.835,0.322,30.2,156.2,5.1302,0.0,2.966,0.58,118 360 151 57 178 179
glutamic,10,leucine,13,5,1,3,13.981,13.835,0.322,30.2,156.2,1.5777,0.0,2.966,0.665,120 359 207 307 161 169 159 162
glutamic,10,leucine,13,5,1,4,13.981,13.835,0.322,30.2,156.2,0.0,0.0,1.955,0.154,77 303 265 75 103 202 189 179 180 180
glutamic,10,leucine,13,5,2,1,13.981,16.227,0.322,28.2,48.1,11.1008,0.0,2.966,1.254,115 0 169 29
glutamic,10,leucine,13,5,2,2,13.981,16.227,0.322,28.2,48.1,7.5621,0.0,2.966,0.903,115 0 210 302 181 181
glutamic,10,leucine,13,5,2,3,13.981,16.227,0.322,28.2,48.1,3.9299,0.0,2.966,0.577,113 1 155 51 192 187 191 190
glutamic,10,leucine,13,5,2,4,13.981,16.227,0.322,28.2,48.1,0.6893,0.0,2.685,0.58,104 1 163 30 200 192 194 192 234 207
glutamic,10,leucine,13,5,13,1,13.981,15.699,0.322,35.3,70.1,10.1105,0.0,2.966,1.847,125 360 199 304
glutamic,10,leucine,13,5,13,2,13.981,15.699,0.322,35.3,70.1,6.6035,0.0,2.966,1.082,124 0 146 72 183 182
glutamic,10,leucine,13,5,13,3,13.981,15.699,0.322,35.3,70.1,2.8804,0.0,2.966,0.511,125 0 210 291 181 180 181 181
glutamic,10,leucine,13,5,13,4,13.981,15.699,0.322,35.3,70.1,0.0167,0.0,2.966,0.821,120 5 146 64 236 206 228 220 234 213
glutamic,10,leucine,13,6,1,1,13.981,11.382,0.322,136.6,155.0,4.1979,0.0,2.365,0.745,29 145 175 177
glutamic,10,leucine,13,6,1,2,13.981,11.382,0.322,136.6,155.0,0.6146,0.0,2.646,1.36,83 209 179 179 167 169
glutamic,10,leucine,13,6,1,3,13.981,11.382,0.322,136.6,155.0,0.0,0.0,2.646,1.637,134 181 182 144 147 229 221 170
glutamic,10,leucine,13,6,1,4,13.981,11.382,0.322,136.6,155.0,0.0,0.0,2.463,1.087,193 163 194 131 110 232 213 150 193 216
glutamic,10,leucine,13,6,2,1,13.981,13.788,0.322,134.3,46.6,6.5737,0.0,2.646,1.426,89 220 186 184
glutamic,10,leucine,13,6,2,2,13.981,13.788,0.322,134.3,46.6,2.8192,0.0,2.404,0.85,30 143 184 182 184 184
glutamic,10,leucine,13,6,2,3,13.981,13.788,0.322,134.3,46.6,0.1857,0.0,2.646,1.044,89 242 189 185 186 186 87 152
glutamic,10,leucine,13,6,2,4,13.981,13.788,0.322,134.3,46.6,0.0,0.0,2.646,3.204,137 202 202 141 134 186 187 98 94 182
glutamic,10,leucine,13,6,13,1,13.981,13.234,0.322,142.6,69.8,5.9732,0.0,2.646,1.066,44 158 179 179
glutamic,10,leucine,13,6,13,2,13.981,13.234,0.322,142.6,69.8,2.2917,0.0,2.646,1.594,76 191 194 189 188 186
glutamic,10,leucine,13,6,13,3,13.981,13.234,0.322,142.6,69.8,0.0,0.0,2.646,2.029,120 185 178 154 160 209 206 177
glutamic,10,leucine,13,6,13,4,13.981,13.234,0.322,142.6,69.8,0.0,0.0,2.463,3.235,161 170 178 146 143 217 210 147 158 192
glutamic,10,leucine,13,7,1,1,13.981,12.63,0.322,83.0,164.6,5.4189,0.0,3.896,2.334,250 41 182 181
glutamic,10,leucine,13,7,1,2,13.981,12.63,0.322,83.0,164.6,1.8319,0.0,3.896,1.458,292 324 178 179 177 177
glutamic,10,leucine,13,7,1,3,13.981,12.63,0.322,83.0,164.6,0.0,0.0,2.987,1.12,215 54 229 225 228 207 95 120
glutamic,10,leucine,13,7,1,4,13.981,12.63,0.322,83.0,164.6,0.0,0.0,3.896,3.582,199 151 149 218 216 150 156 219 211 169
glutamic,10,leucine,13,7,2,1,13.981,14.964,0.322,84.5,53.6,7.7203,0.0,3.896,2.512,250 46 183 182
glutamic,10,leucine,13,7,2,2,13.981,14.964,0.322,84.5,53.6,4.0104,0.0,3.896,1.405,296 321 178 179 178 178
glutamic,10,leucine,13,7,2,3,13.981,14.964,0.322,84.5,53.6,0.476,0.0,3.351,1.774,303 314 182 181 182 181 163 170
glutamic,10,leucine,13,7,2,4,13.981,14.964,0.322,84.5,53.6,0.0,0.0,3.486,4.939,255 134 148 192 183 140 143 209 209 178
glutamic,10,leucine,13,7,13,1,13.981,14.534,0.322,84.9,71.0,7.2897,0.0,3.896,2.602,292 313 177 178
glutamic,10,leucine,13,7,13,2,13.981,14.534,0.322,84.9,71.0,3.5743,0.0,3.896,1.944,246 39 182 181 182 182
glutamic,10,leucine,13,7,13,3,13.981,14.534,0.322,84.9,71.0,0.0814,0.0,3.268,1.64,237 49 169 175 174 174 212 198
glutamic,10,leucine,13,7,13,4,13.981,14.534,0.322,84.9,71.0,0.0,0.0,3.896,4.161,203 145 150 216 210 157 165 208 202 173
glutamic,10,serine,2,5,3,1,3.26,4.481,-0.573,27.2,74.0,3.0457,0.0,2.95,1.556,122 327 226 357
glutamic,10,serine,2,5,3,2,3.26,4.481,-0.573,27.2,74.0,0.0543,0.0,2.322,0.398,94 262 298 351 204 344
glutamic,10,serine,2,5,3,3,3.26,4.481,-0.573,27.2,74.0,0.0,0.0,1.484,1.362,36 297 302 80 91 290 225 117
glutamic,10,serine,2,5,3,4,3.26,4.481,-0.573,27.2,74.0,0.0,0.0,1.0,0.307,19 349 311 59 89 271 243 102 128 204
glutamic,10,serine,2,5,4,1,3.26,3.356,-0.573,38.8,119.4,2.7601,0.0,2.966,4.203,184 84 75 1
glutamic,10,serine,2,5,4,2,3.26,3.356,-0.573,38.8,119.4,0.57,0.0,2.966,4.203,212 165 358 319 235 359
glutamic,10,serine,2,5,4,3,3.26,3.356,-0.573,38.8,119.4,0.0,0.0,2.966,4.203,289 24 145 20 147 11 144 2
glutamic,10,serine,2,5,4,4,3.26,3.356,-0.573,38.8,119.4,0.0,0.0,1.45,4.203,347 27 70 307 273 72 103 266 228 143
glutamic,10,serine,2,5,5,1,3.26,5.712,-0.573,37.4,21.0,2.1473,0.0,2.966,4.203,170 18 153 5
glutamic,10,serine,2,5,5,2,3.26,5.712,-0.573,37.4,21.0,0.372,0.0,2.966,4.203,196 55 90 87 68 44
glutamic,10,serine,2,5,5,3,3.26,5.712,-0.573,37.4,21.0,0.0,0.0,2.966,4.203,198 266 245 261 330 177 323 76
glutamic,10,serine,2,5,5,4,3.26,5.712,-0.573,37.4,21.0,0.0,0.0,2.354,3.954,358 313 217 46 156 262 238 148 86 144
glutamic,10,serine,2,6,3,1,3.26,2.082,-0.573,123.9,73.8,2.8504,0.0,1.538,1.343,30 299 1 0
glutamic,10,serine,2,6,3,2,3.26,2.082,-0.573,123.9,73.8,1.8647,0.0,0.999,0.957,334 304 359 326 225 360
glutamic,10,serine,2,6,3,3,3.26,2.082,-0.573,123.9,73.8,0.0,0.0,2.128,0.928,283 335 350 90 85 310 222 62
glutamic,10,serine,2,6,3,4,3.26,2.082,-0.573,123.9,73.8,0.0,0.0,1.338,0.465,288 26 2 56 48 298 294 57 118 257
glutamic,10,serine,2,6,4,1,3.26,2.077,-0.573,80.4,74.0,3.1754,0.0,2.646,3.235,162 98 14 8
glutamic,10,serine,2,6,4,2,3.26,2.077,-0.573,80.4,74.0,2.0451,0.0,2.646,2.352,204 97 6 46 117 3
glutamic,10,serine,2,6,4,3,3.26,2.077,-0.573,80.4,74.0,0.0,0.0,2.646,2.349,67 292 300 225 341 311 253 335
glutamic,10,serine,2,6,4,4,3.26,2.077,-0.573,80.4,74.0,0.0,0.0,0.407,2.305,336 334 296 71 77 285 277 81 127 233
glutamic,10,serine,2,6,5,1,3.26,3.714,-0.573,115.8,8.7,1.9415,0.0,2.646,2.417,69 293 357 356
glutamic,10,serine,2,6,5,2,3.26,3.714,-0.573,115.8,8.7,0.8128,0.0,1.886,1.804,39 298 357 268 288 359
glutamic,10,serine,2,6,5,3,3.26,3.714,-0.573,115.8,8.7,0.0,0.0,2.646,3.041,198 173 278 123 29 281 300 345
glutamic,10,serine,2,6,5,4,3.26,3.714,-0.573,115.8,8.7,0.0,0.0,2.646,3.235,198 248 278 76 49 276 266 67 124 252
glutamic,10,serine,2,7,3,1,3.26,3.541,-0.573,64.6,63.6,1.9576,0.0,3.896,3.042,280 115 29 8
glutamic,10,serine,2,7,3,2,3.26,3.541,-0.573,64.6,63.6,0.4159,0.0,3.779,2.753,331 117 5 38 127 3
glutamic,10,serine,2,7,3,3,3.26,3.541,-0.573,64.6,63.6,0.0,0.0,3.896,2.713,13 53 43 276 267 61 136 254
glutamic,10,serine,2,7,3,4,3.26,3.541,-0.573,64.6,63.6,0.0,0.0,3.487,2.404,20 350 30 314 289 71 95 273 239 146
glutamic,10,serine,2,7,4,1,3.26,1.783,-0.573,90.8,146.2,3.0686,0.0,3.896,5.436,198 242 1 0
glutamic,10,serine,2,7,4,2,3.26,1.783,-0.573,90.8,146.2,2.1165,0.0,3.896,5.388,149 268 0 16 158 0
glutamic,10,serine,2,7,4,3,3.26,1.783,-0.573,90.8,146.2,0.0,0.0,3.828,5.233,351 48 355 275 282 21 175 305
glutamic,10,serine,2,7,4,4,3.26,1.783,-0.573,90.8,146.2,0.0,0.0,3.682,5.624,35 325 5 300 292 65 76 297 248 123
glutamic,10,serine,2,7,5,1,3.26,4.132,-0.573,97.6,42.3,1.2398,0.0,3.896,4.329,284 125 351 350
glutamic,10,serine,2,7,5,2,3.26,4.132,-0.573,97.6,42.3,0.0,0.0,3.896,4.642,317 115 338 289 277 352
glutamic,10,serine,2,7,5,3,3.26,4.132,-0.573,97.6,42.3,0.0,0.0,3.896,5.296,146 178 109 242 294 71 113 270
glutamic,10,serine,2,7,5,4,3.26,4.132,-0.573,97.6,42.3,0.0,0.0,3.896,2.758,243 155 131 164 280 112 72 324 206 40
leucine,13,phenylalanine,2,1,12,1,10.489,9.197,0.835,141.5,91.4,1.9083,0.0,2.947,0.969,83 207 180 180
leucine,13,phenylalanine,2,1,12,2,10.489,9.197,0.835,141.5,91.4,0.0,0.0,2.961,1.817,84 159 193 77 264 298
leucine,13,phenylalanine,2,1,12,3,10.489,9.197,0.835,141.5,91.4,0.0,0.0,2.972,2.954,142 164 177 133 134 268 258 164
leucine,13,phenylalanine,2,1,12,4,10.489,9.197,0.835,141.5,91.4,0.0,0.0,2.972,3.263,185 164 182 146 131 221 218 114 129 202
leucine,13,phenylalanine,2,1,13,1,10.489,10.365,0.835,136.9,45.7,3.0837,0.0,2.463,1.006,44 144 179 179
leucine,13,phenylalanine,2,1,13,2,10.489,10.365,0.835,136.9,45.7,0.3296,0.0,2.972,2.599,121 210 162 172 93 141
leucine,13,phenylalanine,2,1,13,3,10.489,10.365,0.835,136.9,45.7,0.0,0.0,2.972,3.38,165 170 194 128 148 245 197 150
leucine,13,phenylalanine,2,1,13,4,10.489,10.365,0.835,136.9,45.7,0.0,0.0,2.972,3.38,184 164 183 146 135 222 218 128 141 198
leucine,13,phenylalanine,2,1,14,1,10.489,8.075,0.835,131.4,144.3,0.8896,0.0,2.433,0.676,38 139 164 171
leucine,13,phenylalanine,2,1,14,2,10.489,8.075,0.835,131.4,144.3,0.0,0.0,2.972,2.946,161 195 196 10 246 232
leucine,13,phenylalanine,2,1,14,3,10.489,8.075,0.835,131.4,144.3,0.0,0.0,2.972,3.38,185 172 202 121 119 253 221 149
leucine,13,phenylalanine,2,1,14,4,10.489,8.075,0.835,131.4,144.3,0.0,0.0,2.972,3.38,189 158 244 163 100 237 189 67 153 226
leucine,13,phenylalanine,2,2,12,1,10.489,11.667,0.835,34.3,91.2,6.3058,0.0,2.977,2.251,120 0 167 34
leucine,13,phenylalanine,2,2,12,2,10.489,11.667,0.835,34.3,91.2,2.7974,0.0,2.977,2.35,122 359 210 303 171 174
leucine,13,phenylalanine,2,2,12,3,10.489,11.667,0.835,34.3,91.2,0.0,0.0,2.788,0.765,92 358 168 31 259 236 148 115
leucine,13,phenylalanine,2,2,12,4,10.489,11.667,0.835,34.3,91.2,0.0,0.0,2.488,0.726,50 91 54 107 146 269 259 184 187 180
leucine,13,phenylalanine,2,2,13,1,10.489,12.787,0.835,32.8,47.0,7.4645,0.0,2.977,3.168,139 360 193 327
leucine,13,phenylalanine,2,2,13,2,10.489,12.787,0.835,32.8,47.0,3.9622,0.0,2.977,2.896,137 1 150 58 188 185
leucine,13,phenylalanine,2,2,13,3,10.489,12.787,0.835,32.8,47.0,0.3997,0.0,2.977,3.279,141 1 148 64 198 191 214 206
leucine,13,phenylalanine,2,2,13,4,10.489,12.787,0.835,32.8,47.0,0.0,0.0,2.977,2.308,148 343 131 61 271 287 183 240 242 148
leucine,13,phenylalanine,2,2,14,1,10.489,10.476,0.835,28.4,147.6,5.673,0.0,2.977,3.248,139 360 184 352
leucine,13,phenylalanine,2,2,14,2,10.489,10.476,0.835,28.4,147.6,2.0569,0.0,2.977,2.348,137 0 159 37 182 181
leucine,13,phenylalanine,2,2,14,3,10.489,10.476,0.835,28.4,147.6,0.0,0.0,2.919,1.634,109 318 218 90 150 216 219 195
leucine,13,phenylalanine,2,2,14,4,10.489,10.476,0.835,28.4,147.6,0.0,0.0,1.481,0.603,47 321 282 69 102 250 231 173 180 184
leucine,13,phenylalanine,2,13,12,1,10.489,10.607,0.835,79.5,79.7,3.3303,0.0,2.746,0.546,288 326 181 181
leucine,13,phenylalanine,2,13,12,2,10.489,10.607,0.835,79.5,79.7,0.0,0.0,2.958,1.733,249 12 186 187 130 189
leucine,13,phenylalanine,2,13,12,3,10.489,10.607,0.835,79.5,79.7,0.0,0.0,2.958,2.019,190 113 132 278 256 145 160 194
leucine,13,phenylalanine,2,13,12,4,10.489,10.607,0.835,79.5,79.7,0.0,0.0,2.958,3.068,179 134 136 233 229 152 160 248 240 167
leucine,13,phenylalanine,2,13,13,1,10.489,11.391,0.835,91.4,48.6,4.1466,0.0,2.616,1.317,297 299 174 176
leucine,13,phenylalanine,2,13,13,2,10.489,11.391,0.835,91.4,48.6,0.608,0.0,2.66,1.867,294 291 172 175 144 154
leucine,13,phenylalanine,2,13,13,3,10.489,11.391,0.835,91.4,48.6,0.0,0.0,2.958,5.05,206 150 148 217 211 137 148 193
leucine,13,phenylalanine,2,13,13,4,10.489,11.391,0.835,91.4,48.6,0.0,0.0,2.958,5.61,188 167 156 215 217 137 144 223 210 167
leucine,13,phenylalanine,2,13,14,1,10.489,9.015,0.835,90.6,157.2,1.9145,0.0,2.588,1.132,299 306 164 171
leucine,13,phenylalanine,2,13,14,2,10.489,9.015,0.835,90.6,157.2,0.0,0.0,2.958,2.221,229 2 241 218 34 160
leucine,13,phenylalanine,2,13,14,3,10.489,9.015,0.835,90.6,157.2,0.0,0.0,2.958,3.96,194 133 176 214 251 135 63 159
leucine,13,phenylalanine,2,13,14,4,10.489,9.015,0.835,90.6,157.2,0.0,0.0,2.958,4.146,179 170 156 219 225 130 137 236 219 161
leucine,13,arginine,3,1,16,1,11.337,11.492,-0.624,123.9,38.8,4.2406,0.0,2.391,0.844,335 121 176 178
leucine,13,arginine,3,1,16,2,11.337,11.492,-0.624,123.9,38.8,0.7733,0.0,2.409,0.926,341 105 187 184 138 152
leucine,13,arginine,3,1,16,3,11.337,11.492,-0.624,123.9,38.8,0.0,0.0,2.406,1.601,76 273 208 204 209 116 123 191
leucine,13,arginine,3,1,16,4,11.337,11.492,-0.624,123.9,38.8,0.0,0.0,1.552,2.597,316 345 309 258 277 214 110 71 75 224
leucine,13,arginine,3,1,17,1,11.337,10.235,-0.624,122.2,89.8,2.9674,0.0,2.434,0.608,38 242 184 182
leucine,13,arginine,3,1,17,2,11.337,10.235,-0.624,122.2,89.8,0.0,0.0,2.428,0.636,36 194 276 256 107 142
leucine,13,arginine,3,1,17,3,11.337,10.235,-0.624,122.2,89.8,0.0,0.0,1.8,2.899,295 58 224 199 66 334 69 271
leucine,13,arginine,3,1,17,4,11.337,10.235,-0.624,122.2,89.8,0.0,0.0,2.385,2.855,251 126 141 142 139 217 212 110 113 186
leucine,13,arginine,3,1,18,1,11.337,9.096,-0.624,127.0,142.0,1.8678,0.0,2.399,0.708,338 127 177 178
leucine,13,arginine,3,1,18,2,11.337,9.096,-0.624,127.0,142.0,0.0,0.0,2.387,1.332,333 212 26 92 184 104
leucine,13,arginine,3,1,18,3,11.337,9.096,-0.624,127.0,142.0,0.0,0.0,2.573,1.633,57 258 224 7 19 327 242 89
leucine,13,arginine,3,1,18,4,11.337,9.096,-0.624,127.0,142.0,0.0,0.0,1.894,1.8,284 42 332 199 264 311 306 349 48 260
leucine,13,arginine,3,2,16,1,11.337,13.539,-0.624,40.2,39.0,7.7548,0.0,2.095,2.561,70 0 158 66
leucine,13,arginine,3,2,16,2,11.337,13.539,-0.624,40.2,39.0,4.2056,0.0,2.099,1.8,70 0 216 282 181 181
leucine,13,arginine,3,2,16,3,11.337,13.539,-0.624,40.2,39.0,0.9228,0.0,1.453,2.751,46 3 222 282 196 191 150 157
leucine,13,arginine,3,2,16,4,11.337,13.539,-0.624,40.2,39.0,0.0,0.0,1.291,3.128,33 9 198 336 131 174 149 132 43 121
leucine,13,arginine,3,2,17,1,11.337,12.075,-0.624,48.8,98.3,5.8343,0.0,2.015,2.945,67 360 155 89
leucine,13,arginine,3,2,17,2,11.337,12.075,-0.624,48.8,98.3,2.2892,0.0,2.033,2.119,68 359 218 269 175 177
leucine,13,arginine,3,2,17,3,11.337,12.075,-0.624,48.8,98.3,0.0,0.0,1.752,2.413,59 303 268 32 68 200 170 174
leucine,13,arginine,3,2,17,4,11.337,12.075,-0.624,48.8,98.3,0.0,0.0,1.359,2.55,38 333 295 51 80 229 206 138 152 192
leucine,13,arginine,3,2,18,1,11.337,11.225,-0.624,39.5,137.0,5.6347,0.0,2.346,2.232,78 359 201 308
leucine,13,arginine,3,2,18,2,11.337,11.225,-0.624,39.5,137.0,2.026,0.0,2.33,1.81,77 360 146 72 175 177
leucine,13,arginine,3,2,18,3,11.337,11.225,-0.624,39.5,137.0,0.0,0.0,2.747,1.556,97 275 263 67 59 184 156 190
leucine,13,arginine,3,2,18,4,11.337,11.225,-0.624,39.5,137.0,0.0,0.0,1.914,0.266,76 314 285 63 91 224 203 119 135 197
leucine,13,arginine,3,13,16,1,11.337,13.147,-0.624,58.2,47.4,6.4112,0.0,2.036,1.56,292 1 205 237
leucine,13,arginine,3,13,16,2,11.337,13.147,-0.624,58.2,47.4,2.8347,0.0,2.029,1.046,292 0 141 114 183 182
leucine,13,arginine,3,13,16,3,11.337,13.147,-0.624,58.2,47.4,0.061,0.0,1.773,2.752,299 2 215 218 186 184 88 147
leucine,13,arginine,3,13,16,4,11.337,13.147,-0.624,58.2,47.4,0.0,0.0,2.129,3.954,9 10 110 259 264 160 169 188 225 212
leucine,13,arginine,3,13,17,1,11.337,12.091,-0.624,48.1,89.1,5.8974,0.0,1.976,1.974,294 359 205 277
leucine,13,arginine,3,13,17,2,11.337,12.091,-0.624,48.1,89.1,2.3189,0.0,1.991,1.016,294 360 141 92 178 179
leucine,13,arginine,3,13,17,3,11.337,12.091,-0.624,48.1,89.1,0.0,0.0,2.116,1.233,292 78 65 48 213 204 120 153
leucine,13,arginine,3,13,17,4,11.337,12.091,-0.624,48.1,89.1,0.0,0.0,2.604,0.803,247 81 109 275 240 151 172 264 253 165
leucine,13,arginine,3,13,18,1,11.337,10.821,-0.624,57.9,149.4,4.2488,0.0,2.137,1.132,289 359 151 112
leucine,13,arginine,3,13,18,2,11.337,10.821,-0.624,57.9,149.4,0.8297,0.0,2.026,1.461,293 359 212 260 160 171
leucine,13,arginine,3,13,18,3,11.337,10.821,-0.624,57.9,149.4,0.0,0.0,2.549,0.964,262 50 103 331 281 120 133 194
leucine,13,arginine,3,13,18,4,11.337,10.821,-0.624,57.9,149.4,0.0,0.0,1.547,0.406,300 24 66 308 287 129 142 248 237 163
leucine,13,lysine,10,1,13,1,18.484,17.735,-0.445,119.2,86.9,10.4717,0.0,2.521,0.692,355 112 180 180
leucine,13,lysine,10,1,13,2,18.484,17.735,-0.445,119.2,86.9,6.7906,0.0,2.722,1.356,69 247 181 181 181 181
leucine,13,lysine,10,1,13,3,18.484,17.735,-0.445,119.2,86.9,3.1684,0.0,2.517,0.682,355 112 180 180 183 183 180 180
leucine,13,lysine,10,1,13,4,18.484,17.735,-0.445,119.2,86.9,0.0,0.0,2.149,0.461,82 218 178 139 155 163 160 176 174 177
leucine,13,lysine,10,1,14,1,18.484,19.191,-0.445,117.4,15.0,11.9355,0.0,2.694,1.385,67 251 180 180
leucine,13,lysine,10,1,14,2,18.484,19.191,-0.445,117.4,15.0,8.2632,0.0,2.497,0.698,353 109 181 180 180 180
leucine,13,lysine,10,1,14,3,18.484,19.191,-0.445,117.4,15.0,4.6677,0.0,2.602,1.383,66 251 181 180 186 185 181 181
leucine,13,lysine,10,1,14,4,18.484,19.191,-0.445,117.4,15.0,1.2004,0.0,1.395,1.402,61 256 179 180 168 170 179 180 212 204
leucine,13,lysine,10,1,15,1,18.484,17.097,-0.445,113.4,111.6,9.8482,0.0,2.635,1.722,68 258 182 181
leucine,13,lysine,10,1,15,2,18.484,17.097,-0.445,113.4,111.6,6.1834,0.0,2.505,0.899,354 101 186 183 186 186
leucine,13,lysine,10,1,15,3,18.484,17.097,-0.445,113.4,111.6,2.5611,0.0,2.649,1.733,67 257 185 183 197 195 185 184
leucine,13,lysine,10,1,15,4,18.484,17.097,-0.445,113.4,111.6,0.0,0.0,2.096,1.909,60 284 156 166 177 80 285 265 105 169
leucine,13,lysine,10,2,13,1,18.484,19.912,-0.445,24.5,84.5,14.9218,0.0,2.185,2.328,72 360 187 342
leucine,13,lysine,10,2,13,2,18.484,19.912,-0.445,24.5,84.5,11.3949,0.0,2.173,1.463,72 360 151 56 180 180
leucine,13,lysine,10,2,13,3,18.484,19.912,-0.445,24.5,84.5,7.7343,0.0,2.202,1.363,73 360 204 312 175 177 175 176
leucine,13,lysine,10,2,13,4,18.484,19.912,-0.445,24.5,84.5,4.0991,0.0,2.007,1.485,72 360 150 56 180 180 178 178 180 180
leucine,13,lysine,10,2,14,1,18.484,21.271,-0.445,28.7,18.3,15.9772,0.0,1.887,2.753,63 360 166 41
leucine,13,lysine,10,2,14,2,18.484,21.271,-0.445,28.7,18.3,12.475,0.0,1.892,2.166,63 360 213 294 179 180
leucine,13,lysine,10,2,14,3,18.484,21.271,-0.445,28.7,18.3,8.7933,0.0,1.888,1.936,63 360 152 62 179 180 179 179
leucine,13,lysine,10,2,14,4,18.484,21.271,-0.445,28.7,18.3,5.21,0.0,1.558,2.212,64 360 212 295 177 178 166 168 177 178
leucine,13,lysine,10,2,15,1,18.484,19.111,-0.445,26.8,115.7,13.9784,0.0,1.696,2.989,57 0 169 28
leucine,13,lysine,10,2,15,2,18.484,19.111,-0.445,26.8,115.7,10.4604,0.0,1.708,2.311,57 360 211 300 180 180
leucine,13,lysine,10,2,15,3,18.484,19.111,-0.445,26.8,115.7,6.7907,0.0,1.692,2.111,57 0 154 54 184 182 183 183
leucine,13,lysine,10,2,15,4,18.484,19.111,-0.445,26.8,115.7,3.1706,0.0,1.718,2.3,58 360 211 300 179 180 174 175 179 179
leucine,13,lysine,10,13,13,1,18.484,18.798,-0.445,77.6,89.9,11.5551,0.0,1.887,2.189,312 333 178 179
leucine,13,lysine,10,13,13,2,18.484,18.798,-0.445,77.6,89.9,7.8553,0.0,1.914,1.997,295 2 182 181 181 181
leucine,13,lysine,10,13,13,3,18.484,18.798,-0.445,77.6,89.9,4.296,0.0,1.868,1.777,310 337 171 174 161 165 172 174
leucine,13,lysine,10,13,13,4,18.484,18.798,-0.445,77.6,89.9,0.5614,0.0,1.882,1.75,305 344 173 175 172 174 167 171 175 176
leucine,13,lysine,10,13,14,1,18.484,20.334,-0.445,73.0,14.6,13.08,0.0,1.803,2.332,299 1 180 180
leucine,13,lysine,10,13,14,2,18.484,20.334,-0.445,73.0,14.6,9.4873,0.0,1.792,1.966,300 360 161 161 179 180
leucine,13,lysine,10,13,14,3,18.484,20.334,-0.445,73.0,14.6,5.8282,0.0,1.803,2.364,299 1 186 185 183 182 182 182
leucine,13,lysine,10,13,14,4,18.484,20.334,-0.445,73.0,14.6,2.1664,0.0,1.157,1.971,301 359 160 161 178 179 168 170 178 179
leucine,13,lysine,10,13,15,1,18.484,18.118,-0.445,74.1,116.8,10.8685,0.0,1.751,2.572,297 9 182 181
leucine,13,lysine,10,13,15,2,18.484,18.118,-0.445,74.1,116.8,7.2495,0.0,1.691,2.333,304 359 162 163 178 179
leucine,13,lysine,10,13,15,3,18.484,18.118,-0.445,74.1,116.8,3.6046,0.0,1.749,2.618,298 6 188 186 192 188 186 185
leucine,13,lysine,10,13,15,4,18.484,18.118,-0.445,74.1,116.8,0.0,0.0,1.844,2.035,306 346 168 145 208 199 179 186 187 194
leucine,13,aspartic,21,1,3,1,17.728,17.872,-0.438,135.6,29.7,10.6272,0.0,2.434,0.675,38 219 181 181
leucine,13,aspartic,21,1,3,2,17.728,17.872,-0.438,135.6,29.7,6.942,0.0,2.411,0.914,341 146 182 181 182 182
leucine,13,aspartic,21,1,3,3,17.728,17.872,-0.438,135.6,29.7,3.3527,0.0,2.43,0.629,37 217 187 184 199 195 187 185
leucine,13,aspartic,21,1,3,4,17.728,17.872,-0.438,135.6,29.7,0.5714,0.0,2.453,0.761,42 237 180 180 181 181 180 180 259 214
leucine,13,aspartic,21,1,4,1,17.728,16.607,-0.438,142.1,85.6,9.3452,0.0,2.428,0.39,25 204 180 180
leucine,13,aspartic,21,1,4,2,17.728,16.607,-0.438,142.1,85.6,5.7131,0.0,2.454,1.002,348 166 169 173 172 173
leucine,13,aspartic,21,1,4,3,17.728,16.607,-0.438,142.1,85.6,2.0296,0.0,2.424,0.414,27 206 180 180 175 176 180 180
leucine,13,aspartic,21,1,4,4,17.728,16.607,-0.438,142.1,85.6,0.0,0.0,2.427,0.515,36 241 150 142 272 201 181 310 24 145
leucine,13,aspartic,21,1,5,1,17.728,15.39,-0.438,134.8,138.0,8.1571,0.0,2.433,0.637,38 220 182 181
leucine,13,aspartic,21,1,5,2,17.728,15.39,-0.438,134.8,138.0,4.4786,0.0,2.403,0.985,339 144 182 181 183 182
leucine,13,aspartic,21,1,5,3,17.728,15.39,-0.438,134.8,138.0,0.9079,0.0,2.428,0.624,36 215 193 188 200 196 194 190
leucine,13,aspartic,21,1,5,4,17.728,15.39,-0.438,134.8,138.0,0.0,0.0,2.464,0.83,44 234 130 123 209 55 322 315 38 236
leucine,13,aspartic,21,2,3,1,17.728,19.973,-0.438,48.5,32.6,13.5603,0.0,2.436,2.117,80 360 156 105
leucine,13,aspartic,21,2,3,2,17.728,19.973,-0.438,48.5,32.6,10.0493,0.0,2.436,1.222,80 360 219 256 180 180
leucine,13,aspartic,21,2,3,3,17.728,19.973,-0.438,48.5,32.6,6.3722,0.0,2.434,2.114,80 360 145 104 179 180 179 179
leucine,13,aspartic,21,2,3,4,17.728,19.973,-0.438,48.5,32.6,2.7328,0.0,2.434,1.213,80 360 220 256 180 180 175 176 180 180
leucine,13,aspartic,21,2,4,1,17.728,18.724,-0.438,52.7,86.8,12.1284,0.0,2.638,2.228,86 0 204 243
leucine,13,aspartic,21,2,4,2,17.728,18.724,-0.438,52.7,86.8,8.6112,0.0,2.639,2.039,86 0 141 111 182 181
leucine,13,aspartic,21,2,4,3,17.728,18.724,-0.438,52.7,86.8,4.9381,0.0,2.627,1.168,85 1 215 247 186 183 186 185
leucine,13,aspartic,21,2,4,4,17.728,18.724,-0.438,52.7,86.8,1.287,0.0,2.648,2.056,86 0 140 111 180 180 182 182 180 180
leucine,13,aspartic,21,2,5,1,17.728,17.477,-0.438,48.5,141.7,11.1058,0.0,2.421,2.113,79 0 155 101
leucine,13,aspartic,21,2,5,2,17.728,17.477,-0.438,48.5,141.7,7.592,0.0,2.421,1.213,80 0 219 258 180 180
leucine,13,aspartic,21,2,5,3,17.728,17.477,-0.438,48.5,141.7,3.9331,0.0,2.425,2.113,80 0 144 101 181 181 181 181
leucine,13,aspartic,21,2,5,4,17.728,17.477,-0.438,48.5,141.7,0.2742,0.0,2.453,1.157,80 0 219 258 181 180 183 183 181 180
leucine,13,aspartic,21,13,3,1,17.728,19.808,-0.438,56.0,31.8,13.0493,0.0,2.367,0.995,282 0 201 232
leucine,13,aspartic,21,13,3,2,17.728,19.808,-0.438,56.0,31.8,9.5369,0.0,2.363,0.517,282 360 141 119 180 180
leucine,13,aspartic,21,13,3,3,17.728,19.808,-0.438,56.0,31.8,5.8605,0.0,2.364,0.927,282 0 214 240 181 180 181 181
leucine,13,aspartic,21,13,3,4,17.728,19.808,-0.438,56.0,31.8,2.2145,0.0,2.289,0.554,282 0 140 118 180 180 188 187 180 180
leucine,13,aspartic,21,13,4,1,17.728,18.691,-0.438,54.2,81.5,12.0166,0.0,2.632,0.995,274 0 157 121
leucine,13,aspartic,21,13,4,2,17.728,18.691,-0.438,54.2,81.5,8.5045,0.0,2.636,0.677,274 0 219 246 181 181
leucine,13,aspartic,21,13,4,3,17.728,18.691,-0.438,54.2,81.5,4.8149,0.0,2.635,0.68,274 0 146 115 181 181 181 181
leucine,13,aspartic,21,13,4,4,17.728,18.691,-0.438,54.2,81.5,1.194,0.0,2.619,0.675,275 359 219 247 176 178 160 163 177 178
leucine,13,aspartic,21,13,5,1,17.728,17.339,-0.438,54.8,139.3,10.6648,0.0,2.36,1.106,282 360 203 240
leucine,13,aspartic,21,13,5,2,17.728,17.339,-0.438,54.8,139.3,7.1541,0.0,2.356,0.521,283 360 141 114 178 179
leucine,13,aspartic,21,13,5,3,17.728,17.339,-0.438,54.8,139.3,3.489,0.0,2.36,0.963,283 360 215 246 177 178 177 177
leucine,13,aspartic,21,13,5,4,17.728,17.339,-0.438,54.8,139.3,0.0,0.0,2.473,0.849,280 358 149 92 202 193 121 150 175 176
leucine,13,glutamic,15,1,5,1,14.135,14.627,-0.741,108.5,48.5,7.3766,0.0,2.467,1.754,70 267 178 179
leucine,13,glutamic,15,1,5,2,14.135,14.627,-0.741,108.5,48.5,3.6729,0.0,2.441,1.15,358 93 177 178 177 177
leucine,13,glutamic,15,1,5,3,14.135,14.627,-0.741,108.5,48.5,0.4167,0.0,2.331,0.795,351 104 188 184 185 185 128 155
leucine,13,glutamic,15,1,5,4,14.135,14.627,-0.741,108.5,48.5,0.0,0.0,1.558,0.941,9 43 325 200 243 238 203 285 358 218
leucine,13,glutamic,15,1,6,1,14.135,12.296,-0.741,104.9,151.7,5.0641,0.0,2.347,1.865,69 273 179 180
leucine,13,glutamic,15,1,6,2,14.135,12.296,-0.741,104.9,151.7,1.4488,0.0,2.302,1.302,358 86 182 181 184 184
leucine,13,glutamic,15,1,6,3,14.135,12.296,-0.741,104.9,151.7,0.0,0.0,1.926,0.7,104 217 198 127 139 203 194 174
leucine,13,glutamic,15,1,6,4,14.135,12.296,-0.741,104.9,151.7,0.0,0.0,1.954,2.12,19 321 288 20 48 236 204 72 99 206
leucine,13,glutamic,15,1,7,1,14.135,14.3,-0.741,99.3,62.5,7.0521,0.0,2.19,1.928,71 282 183 182
leucine,13,glutamic,15,1,7,2,14.135,14.3,-0.741,99.3,62.5,3.3975,0.0,2.039,1.675,3 72 194 187 192 191
leucine,13,glutamic,15,1,7,3,14.135,14.3,-0.741,99.3,62.5,0.1248,0.0,1.724,2.019,7 54 201 191 196 194 239 207
leucine,13,glutamic,15,1,7,4,14.135,14.3,-0.741,99.3,62.5,0.0,0.0,1.389,1.667,352 333 297 37 54 197 161 111 121 187
leucine,13,glutamic,15,2,5,1,14.135,16.578,-0.741,23.0,46.6,11.76,0.0,1.518,3.28,50 360 181 358
leucine,13,glutamic,15,2,5,2,14.135,16.578,-0.741,23.0,46.6,8.2619,0.0,1.496,2.564,49 0 155 45 184 182
leucine,13,glutamic,15,2,5,3,14.135,16.578,-0.741,23.0,46.6,4.5419,0.0,1.513,2.473,50 0 199 322 181 180 181 181
leucine,13,glutamic,15,2,5,4,14.135,16.578,-0.741,23.0,46.6,0.9154,0.0,1.516,2.613,50 360 154 48 180 180 172 173 180 180
leucine,13,glutamic,15,2,6,1,14.135,14.18,-0.741,22.1,153.8,9.5478,0.0,1.391,3.539,44 360 180 360
leucine,13,glutamic,15,2,6,2,14.135,14.18,-0.741,22.1,153.8,6.0165,0.0,1.38,2.744,44 0 160 36 181 181
leucine,13,glutamic,15,2,6,3,14.135,14.18,-0.741,22.1,153.8,2.4153,0.0,1.37,2.713,43 0 196 331 181 180 181 181
leucine,13,glutamic,15,2,6,4,14.135,14.18,-0.741,22.1,153.8,0.0,0.0,1.531,0.209,81 357 181 4 189 189 180 176 88 143
leucine,13,glutamic,15,2,7,1,14.135,16.054,-0.741,20.0,68.9,11.4833,0.0,1.23,4.376,28 0 179 2
leucine,13,glutamic,15,2,7,2,14.135,16.054,-0.741,20.0,68.9,7.93,0.0,1.229,3.755,29 360 201 324 177 178
leucine,13,glutamic,15,2,7,3,14.135,16.054,-0.741,20.0,68.9,4.234,0.0,1.231,3.541,27 0 167 24 185 183 184 184
leucine,13,glutamic,15,2,7,4,14.135,16.054,-0.741,20.0,68.9,0.6007,0.0,1.229,3.854,28 360 158 38 179 180 169 170 179 180
leucine,13,glutamic,15,13,5,1,14.135,15.446,-0.741,77.2,39.7,8.19,0.0,1.617,3.008,320 336 180 180
leucine,13,glutamic,15,13,5,2,14.135,15.446,-0.741,77.2,39.7,4.5932,0.0,1.695,2.929,298 12 196 191 190 188
leucine,13,glutamic,15,13,5,3,14.135,15.446,-0.741,77.2,39.7,0.984,0.0,1.803,2.718,292 17 203 197 205 198 201 196
leucine,13,glutamic,15,13,5,4,14.135,15.446,-0.741,77.2,39.7,0.0,0.0,1.833,1.066,299 358 154 181 79 157 143 140 340 166
leucine,13,glutamic,15,13,6,1,14.135,13.029,-0.741,77.1,144.5,5.7886,0.0,1.679,2.99,295 23 179 180
leucine,13,glutamic,15,13,6,2,14.135,13.029,-0.741,77.1,144.5,2.3073,0.0,1.529,2.723,320 341 157 164 159 164
leucine,13,glutamic,15,13,6,3,14.135,13.029,-0.741,77.1,144.5,0.0,0.0,1.533,4.855,354 314 182 137 293 160 161 134
leucine,13,glutamic,15,13,6,4,14.135,13.029,-0.741,77.1,144.5,0.0,0.0,1.35,0.535,318 31 67 320 297 137 161 244 227 163
leucine,13,glutamic,15,13,7,1,14.135,14.745,-0.741,82.5,70.3,7.4978,0.0,1.756,3.095,290 41 183 182
leucine,13,glutamic,15,13,7,2,14.135,14.745,-0.741,82.5,70.3,3.7931,0.0,1.526,3.404,330 329 176 178 177 177
leucine,13,glutamic,15,13,7,3,14.135,14.745,-0.741,82.5,70.3,0.1842,0.0,1.533,3.704,337 321 175 177 172 173 172 175
leucine,13,glutamic,15,13,7,4,14.135,14.745,-0.741,82.5,70.3,0.0,0.0,1.874,4.153,301 96 107 337 325 146 184 240 224 177
leucine,13,isoleucine,8,1,4,1,13.774,12.073,-0.253,137.9,104.4,4.8392,0.0,2.431,1.127,37 147 174 176
leucine,13,isoleucine,8,1,4,2,13.774,12.073,-0.253,137.9,104.4,1.0857,0.0,2.972,1.05,85 205 180 180 180 180
leucine,13,isoleucine,8,1,4,3,13.774,12.073,-0.253,137.9,104.4,0.0,0.0,2.972,2.824,109 172 168 151 176 248 243 184
leucine,13,isoleucine,8,1,4,4,13.774,12.073,-0.253,137.9,104.4,0.0,0.0,2.972,3.38,172 179 193 145 135 203 199 122 132 195
leucine,13,isoleucine,8,1,5,1,13.774,12.513,-0.253,136.9,87.6,5.278,0.0,2.899,0.894,80 215 186 184
leucine,13,isoleucine,8,1,5,2,13.774,12.513,-0.253,136.9,87.6,1.5263,0.0,2.421,0.836,29 152 180 180 180 180
leucine,13,isoleucine,8,1,5,3,13.774,12.513,-0.253,136.9,87.6,0.0,0.0,2.906,0.739,109 288 81 27 250 175 133 154
leucine,13,isoleucine,8,1,5,4,13.774,12.513,-0.253,136.9,87.6,0.0,0.0,2.972,0.321,113 215 116 8 255 350 225 156 104 141
leucine,13,isoleucine,8,1,6,1,13.774,11.709,-0.253,147.5,119.9,4.4598,0.0,2.571,1.205,57 181 181 181
leucine,13,isoleucine,8,1,6,2,13.774,11.709,-0.253,147.5,119.9,0.9384,0.0,2.455,1.38,43 171 148 153 162 167
leucine,13,isoleucine,8,1,6,3,13.774,11.709,-0.253,147.5,119.9,0.0,0.0,2.972,3.086,115 172 162 138 173 248 232 182
leucine,13,isoleucine,8,1,6,4,13.774,11.709,-0.253,147.5,119.9,0.0,0.0,2.972,3.38,161 170 183 154 142 207 206 117 126 196
leucine,13,isoleucine,8,2,4,1,13.774,14.525,-0.253,31.7,105.7,9.2163,0.0,2.977,2.691,131 360 195 322
leucine,13,isoleucine,8,2,4,2,13.774,14.525,-0.253,31.7,105.7,5.6754,0.0,2.977,2.319,130 0 148 63 180 180
leucine,13,isoleucine,8,2,4,3,13.774,14.525,-0.253,31.7,105.7,1.9796,0.0,2.977,2.32,131 360 207 303 172 176 173 174
leucine,13,isoleucine,8,2,4,4,13.774,14.525,-0.253,31.7,105.7,0.0,0.0,2.977,0.901,101 41 96 84 214 261 212 207 202 165
leucine,13,isoleucine,8,2,5,1,13.774,14.96,-0.253,30.9,89.0,9.6862,0.0,2.977,1.819,111 0 166 36
leucine,13,isoleucine,8,2,5,2,13.774,14.96,-0.253,30.9,89.0,6.1444,0.0,2.977,1.86,112 360 211 298 180 180
leucine,13,isoleucine,8,2,5,3,13.774,14.96,-0.253,30.9,89.0,2.4491,0.0,2.977,0.786,111 0 154 56 187 184 186 186
leucine,13,isoleucine,8,2,5,4,13.774,14.96,-0.253,30.9,89.0,0.0,0.0,2.784,0.63,105 316 220 72 83 183 195 228 200 167
leucine,13,isoleucine,8,2,6,1,13.774,14.175,-0.253,39.2,120.6,8.4173,0.0,2.977,2.505,119 360 159 66
leucine,13,isoleucine,8,2,6,2,13.774,14.175,-0.253,39.2,120.6,4.9279,0.0,2.977,2.459,120 359 215 284 174 176
leucine,13,isoleucine,8,2,6,3,13.774,14.175,-0.253,39.2,120.6,1.2267,0.0,2.977,1.561,121 359 147 75 173 176 171 171
leucine,13,isoleucine,8,2,6,4,13.774,14.175,-0.253,39.2,120.6,0.0,0.0,2.977,3.368,156 27 68 107 189 252 228 208 203 170
leucine,13,isoleucine,8,13,4,1,13.774,13.205,-0.253,88.3,113.7,6.0072,0.0,2.602,1.03,298 306 173 176
leucine,13,isoleucine,8,13,4,2,13.774,13.205,-0.253,88.3,113.7,2.2631,0.0,2.958,0.836,245 50 175 177 175 175
leucine,13,isoleucine,8,13,4,3,13.774,13.205,-0.253,88.3,113.7,0.0,0.0,2.958,3.438,220 130 146 222 208 167 177 187
leucine,13,isoleucine,8,13,4,4,13.774,13.205,-0.253,88.3,113.7,0.0,0.0,2.958,5.114,190 140 141 228 224 165 174 233 226 172
leucine,13,isoleucine,8,13,5,1,13.774,13.844,-0.253,80.3,88.6,6.5871,0.0,2.828,0.57,255 35 182 181
leucine,13,isoleucine,8,13,5,2,13.774,13.844,-0.253,80.3,88.6,2.918,0.0,2.577,0.519,289 337 169 173 171 173
leucine,13,isoleucine,8,13,5,3,13.774,13.844,-0.253,80.3,88.6,0.0,0.0,2.958,1.171,247 62 209 219 228 224 198 164
leucine,13,isoleucine,8,13,5,4,13.774,13.844,-0.253,80.3,88.6,0.0,0.0,2.958,2.154,248 155 146 205 198 109 124 203 185 165
leucine,13,isoleucine,8,13,6,1,13.774,13.25,-0.253,78.2,111.8,5.9945,0.0,2.844,0.753,282 332 179 179
leucine,13,isoleucine,8,13,6,2,13.774,13.25,-0.253,78.2,111.8,2.3888,0.0,2.958,0.91,254 18 199 193 194 191
leucine,13,isoleucine,8,13,6,3,13.774,13.25,-0.253,78.2,111.8,0.0,0.0,2.958,2.563,229 116 140 213 198 161 168 184
leucine,13,isoleucine,8,13,6,4,13.774,13.25,-0.253,78.2,111.8,0.0,0.0,2.958,4.193,186 137 137 236 229 161 174 221 210 171
leucine,13,leucine,12,1,1,1,8.987,9.164,0.915,109.5,54.3,1.8955,0.0,2.512,1.248,3 96 179 179
leucine,13,leucine,12,1,1,2,8.987,9.164,0.915,109.5,54.3,0.0,0.0,2.972,0.514,109 254 151 135 84 134
leucine,13,leucine,12,1,1,3,8.987,9.164,0.915,109.5,54.3,0.0,0.0,2.972,2.195,113 172 202 122 162 279 216 143
leucine,13,leucine,12,1,1,4,8.987,9.164,0.915,109.5,54.3,0.0,0.0,2.345,1.666,85 286 260 36 47 254 234 96 125 210
leucine,13,leucine,12,1,2,1,8.987,7.832,0.915,119.3,105.2,0.5428,0.0,2.775,1.268,72 248 181 180
leucine,13,leucine,12,1,2,2,8.987,7.832,0.915,119.3,105.2,0.0,0.0,1.452,1.184,348 2 3 244 215 321
leucine,13,leucine,12,1,2,3,8.987,7.832,0.915,119.3,105.2,0.0,0.0,1.393,1.0,316 358 340 38 51 335 297 129
leucine,13,leucine,12,1,2,4,8.987,7.832,0.915,119.3,105.2,0.0,0.0,2.515,0.603,75 15 320 304 323 301 259 303 357 257
leucine,13,leucine,12,1,13,1,8.987,7.335,0.915,101.1,128.0,0.0466,0.0,2.239,1.358,358 83 176 178
leucine,13,leucine,12,1,13,2,8.987,7.335,0.915,101.1,128.0,0.0,0.0,1.359,2.58,318 29 267 295 266 224
leucine,13,leucine,12,1,13,3,8.987,7.335,0.915,101.1,128.0,0.0,0.0,2.822,2.553,75 68 108 235 182 334 251 12
leucine,13,leucine,12,1,13,4,8.987,7.335,0.915,101.1,128.0,0.0,0.0,1.818,2.29,72 317 268 357 20 298 274 35 116 246
leucine,13,leucine,12,2,1,1,8.987,11.254,0.915,14.7,52.8,7.5217,0.0,2.156,2.307,72 360 180 360
leucine,13,leucine,12,2,1,2,8.987,11.254,0.915,14.7,52.8,3.7713,0.0,2.155,0.41,71 0 180 0 193 202
leucine,13,leucine,12,2,1,3,8.987,11.254,0.915,14.7,52.8,0.5957,0.0,2.977,0.385,104 0 178 2 203 216 209 193
leucine,13,leucine,12,2,1,4,8.987,11.254,0.915,14.7,52.8,0.0,0.0,2.977,2.075,169 303 210 69 163 222 193 147 127 151
leucine,13,leucine,12,2,2,1,8.987,10.033,0.915,26.0,99.7,5.4123,0.0,2.4,1.915,79 360 181 358
leucine,13,leucine,12,2,2,2,8.987,10.033,0.915,26.0,99.7,1.8468,0.0,2.242,0.601,74 1 164 25 197 192
leucine,13,leucine,12,2,2,3,8.987,10.033,0.915,26.0,99.7,0.0,0.0,2.977,0.369,116 303 242 48 134 230 192 151
leucine,13,leucine,12,2,2,4,8.987,10.033,0.915,26.0,99.7,0.0,0.0,1.505,1.294,29 330 292 58 84 245 226 146 160 192
leucine,13,leucine,12,2,13,1,8.987,9.21,0.915,18.5,138.1,5.4632,0.0,1.423,3.475,46 0 179 1
leucine,13,leucine,12,2,13,2,8.987,9.21,0.915,18.5,138.1,1.6926,0.0,1.486,2.449,49 0 180 0 160 141
leucine,13,leucine,12,2,13,3,8.987,9.21,0.915,18.5,138.1,0.0,0.0,1.807,1.034,29 314 263 28 153 258 166 126
leucine,13,leucine,12,2,13,4,8.987,9.21,0.915,18.5,138.1,0.0,0.0,2.053,2.851,10 327 296 50 81 261 231 139 163 198
leucine,13,leucine,12,13,1,1,8.987,9.864,0.915,82.5,63.4,2.6853,0.0,1.835,2.3,323 321 163 168
leucine,13,leucine,12,13,1,2,8.987,9.864,0.915,82.5,63.4,0.0,0.0,2.36,3.158,333 251 212 152 126 182
leucine,13,leucine,12,13,1,3,8.987,9.864,0.915,82.5,63.4,0.0,0.0,2.958,3.222,232 156 131 218 233 132 147 207
leucine,13,leucine,12,13,1,4,8.987,9.864,0.915,82.5,63.4,0.0,0.0,2.767,3.315,16 193 250 175 65 344 64 29 310 95
leucine,13,leucine,12,13,2,1,8.987,9.091,0.915,69.8,92.4,1.8984,0.0,2.016,1.651,293 359 166 156
leucine,13,leucine,12,13,2,2,8.987,9.091,0.915,69.8,92.4,0.0,0.0,1.64,0.954,332 320 150 342 329 218
leucine,13,leucine,12,13,2,3,8.987,9.091,0.915,69.8,92.4,0.0,0.0,1.345,1.553,322 29 40 327 290 98 143 241
leucine,13,leucine,12,13,2,4,8.987,9.091,0.915,69.8,92.4,0.0,0.0,2.958,1.181,262 329 356 6 3 79 131 322 270 156
leucine,13,leucine,12,13,13,1,8.987,8.022,0.915,75.3,142.4,0.8863,0.0,1.762,2.779,296 11 203 199
leucine,13,leucine,12,13,13,2,8.987,8.022,0.915,75.3,142.4,0.0,0.0,2.569,1.421,300 120 36 278 27 239
leucine,13,leucine,12,13,13,3,8.987,8.022,0.915,75.3,142.4,0.0,0.0,2.958,0.815,253 213 317 104 104 69 199 266
leucine,13,leucine,12,13,13,4,8.987,8.022,0.915,75.3,142.4,0.0,0.0,2.398,2.614,309 313 9 15 350 99 113 272 235 136
leucine,13,serine,32,1,3,1,18.788,17.694,0.144,135.6,89.8,10.4367,0.0,2.466,0.508,16 141 181 181
leucine,13,serine,32,1,3,2,18.788,17.694,0.144,135.6,89.8,6.8045,0.0,2.796,0.473,74 213 189 185 188 187
leucine,13,serine,32,1,3,3,18.788,17.694,0.144,135.6,89.8,3.136,0.0,2.464,0.513,16 141 182 181 194 192 182 182
leucine,13,serine,32,1,3,4,18.788,17.694,0.144,135.6,89.8,0.0,0.0,2.972,1.586,96 199 175 140 152 166 161 172 170 178
leucine,13,serine,32,1,4,1,18.788,18.755,0.144,129.4,47.4,11.4958,0.0,2.891,0.452,80 230 181 180
leucine,13,serine,32,1,4,2,18.788,18.755,0.144,129.4,47.4,7.8127,0.0,2.489,0.814,13 133 180 180 180 180
leucine,13,serine,32,1,4,3,18.788,18.755,0.144,129.4,47.4,4.2027,0.0,2.886,0.459,79 230 182 181 190 189 182 181
leucine,13,serine,32,1,4,4,18.788,18.755,0.144,129.4,47.4,0.6334,0.0,2.834,0.418,76 234 180 180 184 183 180 180 204 199
leucine,13,serine,32,1,5,1,18.788,18.417,0.144,129.1,62.2,11.1563,0.0,2.463,0.7,17 129 179 179
leucine,13,serine,32,1,5,2,18.788,18.417,0.144,129.1,62.2,7.4711,0.0,2.96,0.584,84 228 180 180 180 180
leucine,13,serine,32,1,5,3,18.788,18.417,0.144,129.1,62.2,3.8575,0.0,2.462,0.69,17 129 178 179 169 171 178 179
leucine,13,serine,32,1,5,4,18.788,18.417,0.144,129.1,62.2,0.3033,0.0,2.444,0.425,20 125 180 180 181 181 180 180 150 157
leucine,13,serine,32,2,3,1,18.788,20.129,0.144,29.9,88.7,14.7734,0.0,2.977,1.599,108 0 195 316
leucine,13,serine,32,2,3,2,18.788,20.129,0.144,29.9,88.7,11.2784,0.0,2.977,0.272,108 0 147 67 182 181
leucine,13,serine,32,2,3,3,18.788,20.129,0.144,29.9,88.7,7.5858,0.0,2.977,0.898,108 0 209 297 182 181 182 182
leucine,13,serine,32,2,3,4,18.788,20.129,0.144,29.9,88.7,4.0038,0.0,2.977,0.168,107 0 148 66 186 183 198 195 186 184
leucine,13,serine,32,2,4,1,18.788,21.124,0.144,26.1,49.0,15.9921,0.0,2.977,1.417,97 0 169 28
leucine,13,serine,32,2,4,2,18.788,21.124,0.144,26.1,49.0,12.4849,0.0,2.977,0.968,98 360 211 299 179 179
leucine,13,serine,32,2,4,3,18.788,21.124,0.144,26.1,49.0,8.8013,0.0,2.977,0.616,97 0 154 55 181 181 181 181
leucine,13,serine,32,2,4,4,18.788,21.124,0.144,26.1,49.0,5.2002,0.0,2.977,0.459,98 360 211 300 178 179 169 170 178 179
leucine,13,serine,32,2,5,1,18.788,20.812,0.144,23.5,62.6,15.8662,0.0,2.977,1.739,113 360 185 347
leucine,13,serine,32,2,5,2,18.788,20.812,0.144,23.5,62.6,12.3455,0.0,2.977,0.72,112 0 151 54 180 180
leucine,13,serine,32,2,5,3,18.788,20.812,0.144,23.5,62.6,8.6763,0.0,2.977,0.826,113 360 203 313 176 178 177 177
leucine,13,serine,32,2,5,4,18.788,20.812,0.144,23.5,62.6,5.0563,0.0,2.977,0.703,112 0 151 55 180 180 183 183 180 180
leucine,13,serine,32,13,3,1,18.788,18.97,0.144,82.0,84.8,11.7073,0.0,2.513,0.875,301 319 179 180
leucine,13,serine,32,13,3,2,18.788,18.97,0.144,82.0,84.8,8.0419,0.0,2.641,0.473,262 30 185 183 184 184
leucine,13,serine,32,13,3,3,18.788,18.97,0.144,82.0,84.8,4.416,0.0,2.511,0.69,301 319 179 179 172 173 179 179
leucine,13,serine,32,13,3,4,18.788,18.97,0.144,82.0,84.8,0.717,0.0,2.681,0.452,260 34 178 179 177 177 177 178 179 179
leucine,13,serine,32,13,4,1,18.788,19.929,0.144,81.5,45.7,12.6661,0.0,2.56,0.949,262 39 180 180
leucine,13,serine,32,13,4,2,18.788,19.929,0.144,81.5,45.7,9.0067,0.0,2.295,0.507,300 332 176 178 176 177
leucine,13,serine,32,13,4,3,18.788,19.929,0.144,81.5,45.7,5.3809,0.0,2.563,0.903,262 40 180 180 183 183 180 180
leucine,13,serine,32,13,4,4,18.788,19.929,0.144,81.5,45.7,1.6766,0.0,2.301,0.582,303 328 178 179 177 177 176 177 178 179
leucine,13,serine,32,13,5,1,18.788,19.41,0.144,88.0,68.1,12.1654,0.0,2.452,1.227,311 305 178 179
leucine,13,serine,32,13,5,2,18.788,19.41,0.144,88.0,68.1,8.4672,0.0,2.645,1.052,259 49 178 179 178 178
leucine,13,serine,32,13,5,3,18.788,19.41,0.144,88.0,68.1,4.9041,0.0,2.463,1.163,310 307 172 175 160 164 173 175
leucine,13,serine,32,13,5,4,18.788,19.41,0.144,88.0,68.1,1.1662,0.0,2.483,1.051,308 309 175 177 173 174 171 174 176 177
leucine,13,tryptophan,5,1,16,1,19.68,17.654,0.563,141.1,117.3,10.4152,0.0,2.421,0.837,29 154 178 179
leucine,13,tryptophan,5,1,16,2,19.68,17.654,0.563,141.1,117.3,6.716,0.0,2.706,1.061,68 196 179 180 179 179
leucine,13,tryptophan,5,1,16,3,19.68,17.654,0.563,141.1,117.3,3.1707,0.0,2.421,0.928,31 157 169 173 160 165 170 173
leucine,13,tryptophan,5,1,16,4,19.68,17.654,0.563,141.1,117.3,0.0,0.0,2.972,1.955,102 193 172 139 148 162 158 170 167 177
leucine,13,tryptophan,5,1,17,1,19.68,17.943,0.563,148.6,105.3,10.69,0.0,2.563,1.183,56 178 179 179
leucine,13,tryptophan,5,1,17,2,19.68,17.943,0.563,148.6,105.3,7.1335,0.0,2.62,1.101,61 182 204 203 184 183
leucine,13,tryptophan,5,1,17,3,19.68,17.943,0.563,148.6,105.3,3.4175,0.0,2.573,1.17,57 179 170 169 178 179 178 178
leucine,13,tryptophan,5,1,17,4,19.68,17.943,0.563,148.6,105.3,0.0,0.0,2.111,1.017,74 191 160 152 170 186 183 200 203 181
leucine,13,tryptophan,5,1,18,1,19.68,19.868,0.563,144.4,16.3,12.6153,0.0,2.431,0.993,37 163 179 180
leucine,13,tryptophan,5,1,18,2,19.68,19.868,0.563,144.4,16.3,8.9483,0.0,2.557,1.235,55 181 182 182 181 181
leucine,13,tryptophan,5,1,18,3,19.68,19.868,0.563,144.4,16.3,5.3609,0.0,2.438,1.065,39 165 177 178 169 171 177 178
leucine,13,tryptophan,5,1,18,4,19.68,19.868,0.563,144.4,16.3,1.6221,0.0,2.519,1.312,51 177 175 176 177 178 171 173 178 178
leucine,13,tryptophan,5,2,16,1,19.68,20.12,0.563,33.8,117.6,14.5442,0.0,2.977,2.073,118 360 200 301
leucine,13,tryptophan,5,2,16,2,19.68,20.12,0.563,33.8,117.6,11.0234,0.0,2.977,1.164,118 360 144 76 179 179
leucine,13,tryptophan,5,2,16,3,19.68,20.12,0.563,33.8,117.6,7.3711,0.0,2.977,1.186,118 360 211 289 174 177 174 175
leucine,13,tryptophan,5,2,16,4,19.68,20.12,0.563,33.8,117.6,3.7388,0.0,2.977,1.204,118 360 145 76 177 178 167 168 177 178
leucine,13,tryptophan,5,2,17,1,19.68,20.407,0.563,40.4,105.7,14.4253,0.0,2.977,2.436,121 0 203 279
leucine,13,tryptophan,5,2,17,2,19.68,20.407,0.563,40.4,105.7,10.9198,0.0,2.977,1.577,121 0 142 88 181 181
leucine,13,tryptophan,5,2,17,3,19.68,20.407,0.563,40.4,105.7,7.2382,0.0,2.977,1.739,121 0 214 273 182 181 182 182
leucine,13,tryptophan,5,2,17,4,19.68,20.407,0.563,40.4,105.7,3.6374,0.0,2.977,1.565,120 0 143 88 183 182 193 191 183 182
leucine,13,tryptophan,5,2,18,1,19.68,22.338,0.563,36.7,16.1,16.5451,0.0,2.977,2.216,118 360 202 288
leucine,13,tryptophan,5,2,18,2,19.68,22.338,0.563,36.7,16.1,13.0379,0.0,2.977,1.256,118 0 143 83 180 180
leucine,13,tryptophan,5,2,18,3,19.68,22.338,0.563,36.7,16.1,9.3642,0.0,2.977,1.267,118 360 213 279 179 180 180 180
leucine,13,tryptophan,5,2,18,4,19.68,22.338,0.563,36.7,16.1,5.773,0.0,2.977,1.272,118 0 143 83 180 180 181 181 180 180
leucine,13,tryptophan,5,13,16,1,19.68,18.982,0.563,83.4,123.2,11.7298,0.0,2.958,0.795,247 44 181 181
leucine,13,tryptophan,5,13,16,2,19.68,18.982,0.563,83.4,123.2,8.0428,0.0,2.722,0.54,290 325 179 180 179 179
leucine,13,tryptophan,5,13,16,3,19.68,18.982,0.563,83.4,123.2,4.4662,0.0,2.958,0.774,248 42 185 183 195 193 185 183
leucine,13,tryptophan,5,13,16,4,19.68,18.982,0.563,83.4,123.2,0.7286,0.0,2.68,0.592,292 321 179 180 179 179 179 179 179 180
leucine,13,tryptophan,5,13,17,1,19.68,19.425,0.563,81.8,104.4,12.1665,0.0,2.754,0.814,287 320 179 179
leucine,13,tryptophan,5,13,17,2,19.68,19.425,0.563,81.8,104.4,8.4866,0.0,2.958,1.054,250 28 183 181 182 182
leucine,13,tryptophan,5,13,17,3,19.68,19.425,0.563,81.8,104.4,4.887,0.0,2.765,0.826,287 321 177 178 167 169 177 178
leucine,13,tryptophan,5,13,17,4,19.68,19.425,0.563,81.8,104.4,1.1719,0.0,2.136,1.074,246 33 181 181 182 182 183 182 181 181
leucine,13,tryptophan,5,13,18,1,19.68,21.272,0.563,82.7,21.9,14.0179,0.0,2.958,0.889,245 42 180 180
leucine,13,tryptophan,5,13,18,2,19.68,21.272,0.563,82.7,21.9,10.3326,0.0,2.783,0.614,286 328 180 180 180 180
leucine,13,tryptophan,5,13,18,3,19.68,21.272,0.563,82.7,21.9,6.7641,0.0,2.958,0.853,246 41 183 182 192 191 183 182
leucine,13,tryptophan,5,13,18,4,19.68,21.272,0.563,82.7,21.9,3.05,0.0,2.508,0.609,290 322 181 181 182 182 182 181 181 181
leucine,13,glutamic,10,1,5,1,13.981,13.835,0.322,156.2,30.2,6.8509,0.0,2.426,0.823,35 179 160 147
leucine,13,glutamic,10,1,5,2,13.981,13.835,0.322,156.2,30.2,3.2529,0.0,2.429,0.439,37 179 215 229 176 178
leucine,13,glutamic,10,1,5,3,13.981,13.835,0.322,156.2,30.2,0.4836,0.0,2.422,0.665,28 164 152 161 166 168 270 211
leucine,13,glutamic,10,1,5,4,13.981,13.835,0.322,156.2,30.2,0.0,0.0,2.972,2.118,117 220 154 150 129 164 209 113 94 214
leucine,13,glutamic,10,1,6,1,13.981,11.382,0.322,155.0,136.6,4.4386,0.0,2.425,0.879,35 178 156 142
leucine,13,glutamic,10,1,6,2,13.981,11.382,0.322,155.0,136.6,0.8514,0.0,2.423,0.466,34 179 213 234 172 176
leucine,13,glutamic,10,1,6,3,13.981,11.382,0.322,155.0,136.6,0.0,0.0,2.972,3.323,124 172 172 141 144 228 220 172
leucine,13,glutamic,10,1,6,4,13.981,11.382,0.322,155.0,136.6,0.0,0.0,2.64,1.445,63 113 178 191 117 250 231 113 198 246
leucine,13,glutamic,10,1,7,1,13.981,12.63,0.322,164.6,83.0,5.9652,0.0,2.519,1.365,52 180 155 113
leucine,13,glutamic,10,1,7,2,13.981,12.63,0.322,164.6,83.0,2.4074,0.0,2.518,0.851,51 180 220 249 182 181
leucine,13,glutamic,10,1,7,3,13.981,12.63,0.322,164.6,83.0,0.0,0.0,2.443,1.314,40 160 217 24 54 180 244 228
leucine,13,glutamic,10,1,7,4,13.981,12.63,0.322,164.6,83.0,0.0,0.0,2.972,3.38,174 153 162 150 139 222 216 143 156 195
leucine,13,glutamic,10,2,5,1,13.981,16.227,0.322,48.1,28.2,9.9187,0.0,2.977,2.294,112 0 155 97
leucine,13,glutamic,10,2,5,2,13.981,16.227,0.322,48.1,28.2,6.4037,0.0,2.977,2.014,111 0 219 261 182 181
leucine,13,glutamic,10,2,5,3,13.981,16.227,0.322,48.1,28.2,2.7052,0.0,2.977,0.991,110 1 145 97 187 184 186 186
leucine,13,glutamic,10,2,5,4,13.981,16.227,0.322,48.1,28.2,0.6133,0.0,2.3,0.181,106 360 209 292 171 175 174 175 64 157
leucine,13,glutamic,10,2,6,1,13.981,13.788,0.322,46.6,134.3,7.6368,0.0,2.977,2.226,112 0 155 85
leucine,13,glutamic,10,2,6,2,13.981,13.788,0.322,46.6,134.3,4.1056,0.0,2.977,1.936,111 1 218 266 186 184
leucine,13,glutamic,10,2,6,3,13.981,13.788,0.322,46.6,134.3,0.38,0.0,2.977,0.937,111 1 146 90 194 187 193 192
leucine,13,glutamic,10,2,6,4,13.981,13.788,0.322,46.6,134.3,0.0,0.0,2.761,2.374,169 287 163 113 149 13 49 186 180 195
leucine,13,glutamic,10,2,7,1,13.981,14.964,0.322,53.6,84.5,8.3827,0.0,2.977,2.558,119 0 205 247
leucine,13,glutamic,10,2,7,2,13.981,14.964,0.322,53.6,84.5,4.851,0.0,2.977,1.687,119 0 141 108 182 181
leucine,13,glutamic,10,2,7,3,13.981,14.964,0.322,53.6,84.5,1.129,0.0,2.977,2.707,120 360 213 251 175 178 177 177
leucine,13,glutamic,10,2,7,4,13.981,14.964,0.322,53.6,84.5,0.0,0.0,2.977,3.116,124 303 268 41 76 205 175 143 149 185
leucine,13,glutamic,10,13,5,1,13.981,15.699,0.322,70.1,35.3,8.5159,0.0,2.958,1.44,260 2 186 186
leucine,13,glutamic,10,13,5,2,13.981,15.699,0.322,70.1,35.3,4.9318,0.0,2.958,1.612,261 0 151 148 180 180
leucine,13,glutamic,10,13,5,3,13.981,15.699,0.322,70.1,35.3,1.2088,0.0,2.958,1.483,260 1 162 156 184 182 183 183
leucine,13,glutamic,10,13,5,4,13.981,15.699,0.322,70.1,35.3,0.0,0.0,2.465,0.454,266 34 136 166 156 179 174 210 308 216
leucine,13,glutamic,10,13,6,1,13.981,13.234,0.322,69.8,142.6,6.0895,0.0,2.958,1.364,260 1 190 192
leucine,13,glutamic,10,13,6,2,13.981,13.234,0.322,69.8,142.6,2.5315,0.0,2.958,1.597,261 359 150 144 178 179
leucine,13,glutamic,10,13,6,3,13.981,13.234,0.322,69.8,142.6,0.0,0.0,2.958,2.679,217 86 171 234 206 169 168 175
leucine,13,glutamic,10,13,6,4,13.981,13.234,0.322,69.8,142.6,0.0,0.0,2.958,3.725,196 138 141 220 215 155 163 217 209 171
leucine,13,glutamic,10,13,7,1,13.981,14.534,0.322,71.0,84.9,7.3439,0.0,2.958,2.183,255 357 172 172
leucine,13,glutamic,10,13,7,2,13.981,14.534,0.322,71.0,84.9,3.7356,0.0,2.958,1.522,252 0 209 211 181 180
leucine,13,glutamic,10,13,7,3,13.981,14.534,0.322,71.0,84.9,0.02,0.0,2.958,1.773,253 360 197 201 180 181 178 179
leucine,13,glutamic,10,13,7,4,13.981,14.534,0.322,71.0,84.9,0.0,0.0,2.958,4.704,199 135 141 216 209 157 165 208 201 174
leucine,13,serine,2,1,3,1,11.397,9.373,0.589,158.0,109.0,2.5006,0.0,2.455,1.269,43 180 206 238
leucine,13,serine,2,1,3,2,11.397,9.373,0.589,158.0,109.0,0.0,0.0,2.442,1.103,21 158 214 2 16 139
leucine,13,serine,2,1,3,3,11.397,9.373,0.589,158.0,109.0,0.0,0.0,2.972,2.487,245 153 165 125 123 246 218 166
leucine,13,serine,2,1,3,4,11.397,9.373,0.589,158.0,109.0,0.0,0.0,2.972,3.021,185 146 165 152 130 228 228 121 138 204
leucine,13,serine,2,1,4,1,11.397,11.336,0.589,160.2,25.5,4.5534,0.0,2.692,1.03,67 180 155 121
leucine,13,serine,2,1,4,2,11.397,11.336,0.589,160.2,25.5,1.1814,0.0,2.972,1.723,91 180 151 106 188 183
leucine,13,serine,2,1,4,3,11.397,11.336,0.589,160.2,25.5,0.1971,0.0,2.972,3.333,132 180 140 106 180 180 338 192
leucine,13,serine,2,1,4,4,11.397,11.336,0.589,160.2,25.5,0.0,0.0,2.972,3.38,203 169 188 155 122 199 206 104 119 210
leucine,13,serine,2,1,5,1,11.397,9.171,0.589,157.5,117.8,2.2984,0.0,2.877,1.247,79 180 154 122
leucine,13,serine,2,1,5,2,11.397,9.171,0.589,157.5,117.8,0.0,0.0,2.972,1.886,130 249 158 230 228 145
leucine,13,serine,2,1,5,3,11.397,9.171,0.589,157.5,117.8,0.0,0.0,2.743,1.668,288 178 162 132 86 226 223 150
leucine,13,serine,2,1,5,4,11.397,9.171,0.589,157.5,117.8,0.0,0.0,2.972,3.38,175 144 175 168 143 229 230 99 117 207
leucine,13,serine,2,2,3,1,11.397,11.764,0.589,48.3,111.2,5.5596,0.0,2.977,2.383,114 360 155 85
leucine,13,serine,2,2,3,2,11.397,11.764,0.589,48.3,111.2,2.0026,0.0,2.977,2.178,115 360 218 270 178 179
leucine,13,serine,2,2,3,3,11.397,11.764,0.589,48.3,111.2,0.0,0.0,2.024,1.221,79 327 260 41 85 193 184 187
leucine,13,serine,2,2,3,4,11.397,11.764,0.589,48.3,111.2,0.0,0.0,2.459,0.151,46 91 56 105 143 269 262 159 163 184
leucine,13,serine,2,2,4,1,11.397,13.723,0.589,49.7,28.5,7.3987,0.0,2.977,2.725,123 0 206 262
leucine,13,serine,2,2,4,2,11.397,13.723,0.589,49.7,28.5,3.8742,0.0,2.977,1.871,122 1 142 97 188 185
leucine,13,serine,2,2,4,3,11.397,13.723,0.589,49.7,28.5,0.6,0.0,2.977,2.29,124 360 140 120 180 180 240 213
leucine,13,serine,2,2,4,4,11.397,13.723,0.589,49.7,28.5,0.0,0.0,2.977,3.705,136 271 240 154 153 183 191 121 104 174
leucine,13,serine,2,2,5,1,11.397,11.55,0.589,48.6,120.6,5.3481,0.0,2.977,3.09,130 0 206 274
leucine,13,serine,2,2,5,2,11.397,11.55,0.589,48.6,120.6,1.7925,0.0,2.977,2.44,129 0 143 90 183 182
leucine,13,serine,2,2,5,3,11.397,11.55,0.589,48.6,120.6,0.0,0.0,2.612,1.163,100 297 242 88 118 162 165 192
leucine,13,serine,2,2,5,4,11.397,11.55,0.589,48.6,120.6,0.0,0.0,1.803,3.978,70 334 296 62 94 223 204 145 154 188
leucine,13,serine,2,13,3,1,11.397,11.281,0.589,68.2,101.6,4.1481,0.0,2.958,1.503,258 360 191 201
leucine,13,serine,2,13,3,2,11.397,11.281,0.589,68.2,101.6,0.5902,0.0,2.958,1.955,259 359 143 136 175 177
leucine,13,serine,2,13,3,3,11.397,11.281,0.589,68.2,101.6,0.0,0.0,2.958,1.518,192 119 121 273 252 158 185 203
leucine,13,serine,2,13,3,4,11.397,11.281,0.589,68.2,101.6,0.0,0.0,2.958,0.671,236 161 131 226 229 74 98 231 199 154
leucine,13,serine,2,13,4,1,11.397,13.093,0.589,75.1,21.6,5.8638,0.0,2.958,1.987,261 349 177 178
leucine,13,serine,2,13,4,2,11.397,13.093,0.589,75.1,21.6,2.1816,0.0,2.958,1.581,253 1 202 200 181 181
leucine,13,serine,2,13,4,3,11.397,13.093,0.589,75.1,21.6,0.432,0.0,2.958,3.414,240 354 159 163 172 174 308 203
leucine,13,serine,2,13,4,4,11.397,13.093,0.589,75.1,21.6,0.0,0.0,2.958,4.21,198 99 178 203 195 174 134 227 312 199
leucine,13,serine,2,13,5,1,11.397,10.788,0.589,78.9,122.7,3.5898,0.0,2.958,2.054,269 332 170 173
leucine,13,serine,2,13,5,2,11.397,10.788,0.589,78.9,122.7,0.0193,0.0,2.958,2.013,230 26 227 208 201 200
leucine,13,serine,2,13,5,3,11.397,10.788,0.589,78.9,122.7,0.0,0.0,2.958,3.9,224 143 139 205 201 108 115 192
leucine,13,serine,2,13,5,4,11.397,10.788,0.589,78.9,122.7,0.0,0.0,2.958,4.823,195 166 153 208 211 126 131 227 215 165
serine,2,phenylalanine,2,3,12,1,3.763,2.963,0.93,63.2,153.8,1.985,0.0,2.846,1.187,335 161 12 0
serine,2,phenylalanine,2,3,12,2,3.763,2.963,0.93,63.2,153.8,0.9359,0.0,3.116,1.193,264 237 1 17 156 1
serine,2,phenylalanine,2,3,12,3,3.763,2.963,0.93,63.2,153.8,0.0,0.0,3.251,0.672,239 270 42 17 109 27 177 311
serine,2,phenylalanine,2,3,12,4,3.763,2.963,0.93,63.2,153.8,0.0,0.0,3.068,0.367,54 351 12 300 306 67 83 316 238 110
serine,2,phenylalanine,2,3,13,1,3.763,4.78,0.93,37.8,66.1,2.5748,0.0,2.051,0.113,342 62 96 5
serine,2,phenylalanine,2,3,13,2,3.763,4.78,0.93,37.8,66.1,0.6006,0.0,1.621,0.451,27 77 71 22 127 30
serine,2,phenylalanine,2,3,13,3,3.763,4.78,0.93,37.8,66.1,0.0,0.0,2.633,1.534,62 77 77 285 266 37 109 250
serine,2,phenylalanine,2,3,13,4,3.763,4.78,0.93,37.8,66.1,0.0,0.0,3.554,1.018,296 45 64 273 290 98 90 315 248 101
serine,2,phenylalanine,2,3,14,1,3.763,4.917,0.93,62.9,61.1,0.7103,0.0,3.583,1.237,306 269 297 353
serine,2,phenylalanine,2,3,14,2,3.763,4.917,0.93,62.9,61.1,0.0,0.0,3.34,0.67,328 181 314 308 296 0
serine,2,phenylalanine,2,3,14,3,3.763,4.917,0.93,62.9,61.1,0.0,0.0,3.076,0.08,344 60 2 285 311 64 137 316
serine,2,phenylalanine,2,3,14,4,3.763,4.917,0.93,62.9,61.1,0.0,0.0,2.38,0.873,14 355 22 325 313 69 90 291 244 135
serine,2,phenylalanine,2,4,12,1,3.763,3.991,0.93,23.1,123.5,3.3561,0.0,2.499,2.841,351 324 229 359
serine,2,phenylalanine,2,4,12,2,3.763,3.991,0.93,23.1,123.5,0.2106,0.0,2.26,2.655,348 220 328 359 182 359
serine,2,phenylalanine,2,4,12,3,3.763,3.991,0.93,23.1,123.5,0.0,0.0,2.152,1.18,349 79 43 280 307 51 125 294
serine,2,phenylalanine,2,4,12,4,3.763,3.991,0.93,23.1,123.5,0.0,0.0,3.067,1.044,35 10 42 312 287 65 103 301 245 129
serine,2,phenylalanine,2,4,13,1,3.763,4.601,0.93,45.4,96.1,1.6591,0.0,3.747,4.699,35 54 111 1
serine,2,phenylalanine,2,4,13,2,3.763,4.601,0.93,45.4,96.1,0.0,0.0,2.645,4.207,358 251 321 58 126 310
serine,2,phenylalanine,2,4,13,3,3.763,4.601,0.93,45.4,96.1,0.0,0.0,1.78,2.484,305 317 311 66 86 298 237 116
serine,2,phenylalanine,2,4,13,4,3.763,4.601,0.93,45.4,96.1,0.0,0.0,3.394,2.089,253 282 338 110 66 327 236 323 94 240
serine,2,phenylalanine,2,4,14,1,3.763,5.818,0.93,21.9,51.1,3.3081,0.0,3.672,4.699,46 3 175 2
serine,2,phenylalanine,2,4,14,2,3.763,5.818,0.93,21.9,51.1,0.2879,0.0,4.417,4.352,84 34 129 15 142 35
serine,2,phenylalanine,2,4,14,3,3.763,5.818,0.93,21.9,51.1,0.0,0.0,4.323,3.909,73 280 289 94 76 264 227 109
serine,2,phenylalanine,2,4,14,4,3.763,5.818,0.93,21.9,51.1,0.0,0.0,4.037,4.171,25 339 304 55 80 265 241 98 124 206
serine,2,phenylalanine,2,5,12,1,3.763,3.208,0.93,55.2,106.7,2.2751,0.0,3.189,1.967,39 124 30 4
serine,2,phenylalanine,2,5,12,2,3.763,3.208,0.93,55.2,106.7,0.7069,0.0,3.511,0.501,95 128 3 23 147 2
serine,2,phenylalanine,2,5,12,3,3.763,3.208,0.93,55.2,106.7,0.0,0.0,3.315,3.075,270 243 337 332 195 12 231 303
serine,2,phenylalanine,2,5,12,4,3.763,3.208,0.93,55.2,106.7,0.0,0.0,3.475,1.96,16 331 357 75 78 291 236 38 148 311
serine,2,phenylalanine,2,5,13,1,3.763,3.732,0.93,76.6,85.9,1.1549,0.0,3.882,4.034,338 224 349 356
serine,2,phenylalanine,2,5,13,2,3.763,3.732,0.93,76.6,85.9,0.4104,0.0,3.955,4.034,287 235 19 39 108 13
serine,2,phenylalanine,2,5,13,3,3.763,3.732,0.93,76.6,85.9,0.0,0.0,2.864,4.034,303 179 79 128 24 248 294 5
serine,2,phenylalanine,2,5,13,4,3.763,3.732,0.93,76.6,85.9,0.0,0.0,4.011,1.546,74 338 9 315 291 64 97 308 244 121
serine,2,phenylalanine,2,5,14,1,3.763,4.115,0.93,91.8,72.4,0.7509,0.0,3.797,1.903,52 132 355 356
serine,2,phenylalanine,2,5,14,2,3.763,4.115,0.93,91.8,72.4,0.0,0.0,3.705,1.305,109 49 28 18 163 2
serine,2,phenylalanine,2,5,14,3,3.763,4.115,0.93,91.8,72.4,0.0,0.0,3.279,4.034,296 166 104 258 282 121 36 34
serine,2,phenylalanine,2,5,14,4,3.763,4.115,0.93,91.8,72.4,0.0,0.0,1.49,0.881,77 283 274 46 11 277 285 34 162 311
serine,2,arginine,3,3,16,1,7.288,7.012,-0.648,126.7,48.1,0.3894,0.0,3.057,0.948,34 304 64 167
serine,2,arginine,3,3,16,2,7.288,7.012,-0.648,126.7,48.1,0.0,0.0,3.307,0.654,48 42 52 188 300 297
serine,2,arginine,3,3,16,3,7.288,7.012,-0.648,126.7,48.1,0.0,0.0,3.3,0.857,285 80 164 31 215 281 309 315
serine,2,arginine,3,3,16,4,7.288,7.012,-0.648,126.7,48.1,0.0,0.0,3.13,1.787,54 2 306 338 7 263 246 61 103 231
serine,2,arginine,3,3,17,1,7.288,7.193,-0.648,145.3,39.8,0.8066,0.0,2.245,0.482,324 194 100 100
serine,2,arginine,3,3,17,2,7.288,7.193,-0.648,145.3,39.8,0.0,0.0,2.761,1.076,293 229 80 107 31 131
serine,2,arginine,3,3,17,3,7.288,7.193,-0.648,145.3,39.8,0.0,0.0,2.21,0.806,259 179 120 208 326 151 56 77
serine,2,arginine,3,3,17,4,7.288,7.193,-0.648,145.3,39.8,0.0,0.0,3.307,0.795,11 264 209 20 42 274 258 71 100 203
serine,2,arginine,3,3,18,1,7.288,5.441,-0.648,130.9,108.3,0.0,0.0,3.234,0.908,5 40 332 79
serine,2,arginine,3,3,18,2,7.288,5.441,-0.648,130.9,108.3,0.0,0.0,2.272,1.356,261 224 95 21 133 310
serine,2,arginine,3,3,18,3,7.288,5.441,-0.648,130.9,108.3,0.0,0.0,3.307,0.741,36 22 75 81 51 243 282 333
serine,2,arginine,3,3,18,4,7.288,5.441,-0.648,130.9,108.3,0.0,0.0,3.307,1.288,314 346 258 105 221 121 9 27 152 335
serine,2,arginine,3,4,16,1,7.288,8.807,-0.648,54.7,59.5,2.3315,0.0,2.821,1.427,289 0 204 271
serine,2,arginine,3,4,16,2,7.288,8.807,-0.648,54.7,59.5,0.0,0.0,3.465,0.78,334 329 136 87 127 124
serine,2,arginine,3,4,16,3,7.288,8.807,-0.648,54.7,59.5,0.0,0.0,3.475,1.358,3 308 166 306 222 166 80 63
serine,2,arginine,3,4,16,4,7.288,8.807,-0.648,54.7,59.5,0.0,0.0,3.492,3.162,338 5 44 316 290 106 128 239 219 160
serine,2,arginine,3,4,17,1,7.288,9.368,-0.648,51.3,33.6,3.0749,0.0,1.513,2.793,271 360 156 82
serine,2,arginine,3,4,17,2,7.288,9.368,-0.648,51.3,33.6,0.4455,0.0,0.736,3.668,244 0 180 128 95 180
serine,2,arginine,3,4,17,3,7.288,9.368,-0.648,51.3,33.6,0.0,0.0,1.164,3.192,246 31 107 336 300 86 74 186
serine,2,arginine,3,4,17,4,7.288,9.368,-0.648,51.3,33.6,0.0,0.0,1.029,2.627,288 18 66 303 277 123 132 262 256 162
serine,2,arginine,3,4,18,1,7.288,7.618,-0.648,41.3,104.5,2.3542,0.0,2.793,1.774,285 358 192 341
serine,2,arginine,3,4,18,2,7.288,7.618,-0.648,41.3,104.5,0.0,0.0,3.486,0.47,312 359 185 6 87 86
serine,2,arginine,3,4,18,3,7.288,7.618,-0.648,41.3,104.5,0.0,0.0,1.08,0.94,281 123 1 30 192 311 347 276
serine,2,arginine,3,4,18,4,7.288,7.618,-0.648,41.3,104.5,0.0,0.0,3.647,0.587,27 31 42 307 272 76 133 230 179 157
serine,2,arginine,3,5,16,1,7.288,9.122,-0.648,40.5,52.6,3.5393,0.0,3.653,0.607,72 1 164 39
serine,2,arginine,3,5,16,2,7.288,9.122,-0.648,40.5,52.6,0.3989,0.0,3.695,1.279,50 0 170 27 227 194
serine,2,arginine,3,5,16,3,7.288,9.122,-0.648,40.5,52.6,0.0,0.0,4.702,2.516,16 320 220 95 162 237 242 215
serine,2,arginine,3,5,16,4,7.288,9.122,-0.648,40.5,52.6,0.0,0.0,4.425,1.326,332 358 278 37 91 280 265 160 134 162
serine,2,arginine,3,5,17,1,7.288,9.373,-0.648,51.1,41.1,3.1022,0.0,3.029,1.209,89 1 204 277
serine,2,arginine,3,5,17,2,7.288,9.373,-0.648,51.1,41.1,0.1498,0.0,2.222,1.307,96 3 196 207 292 198
serine,2,arginine,3,5,17,3,7.288,9.373,-0.648,51.1,41.1,0.0,0.0,2.418,1.354,66 351 277 24 75 270 259 187
serine,2,arginine,3,5,17,4,7.288,9.373,-0.648,51.1,41.1,0.0,0.0,3.134,0.29,33 348 310 56 80 242 223 128 145 197
serine,2,arginine,3,5,18,1,7.288,7.365,-0.648,52.5,122.2,1.2989,0.0,3.433,0.775,79 360 153 66
serine,2,arginine,3,5,18,2,7.288,7.365,-0.648,52.5,122.2,0.0,0.0,2.046,1.519,112 268 262 69 83 241
serine,2,arginine,3,5,18,3,7.288,7.365,-0.648,52.5,122.2,0.0,0.0,2.482,1.254,59 309 322 57 58 276 223 99
serine,2,arginine,3,5,18,4,7.288,7.365,-0.648,52.5,122.2,0.0,0.0,3.067,0.526,31 355 317 55 78 253 234 100 121 205
serine,2,lysine,10,3,13,1,12.518,11.994,-0.974,89.9,95.6,4.7409,0.0,2.759,0.746,53 301 183 182
serine,2,lysine,10,3,13,2,12.518,11.994,-0.974,89.9,95.6,1.0656,0.0,2.152,0.584,357 52 198 190 193 192
serine,2,lysine,10,3,13,3,12.518,11.994,-0.974,89.9,95.6,0.0,0.0,2.008,0.526,11 139 101 192 229 70 330 127
serine,2,lysine,10,3,13,4,12.518,11.994,-0.974,89.9,95.6,0.0,0.0,3.529,0.417,28 325 292 28 51 237 208 107 129 201
serine,2,lysine,10,3,14,1,12.518,13.636,-0.974,97.5,22.6,6.3939,0.0,2.196,0.691,352 73 181 181
serine,2,lysine,10,3,14,2,12.518,13.636,-0.974,97.5,22.6,2.6714,0.0,1.005,0.658,57 289 179 179 179 179
serine,2,lysine,10,3,14,3,12.518,13.636,-0.974,97.5,22.6,0.5365,0.0,2.078,0.838,10 78 168 174 172 172 66 156
serine,2,lysine,10,3,14,4,12.518,13.636,-0.974,97.5,22.6,0.0,0.0,2.976,1.175,10 80 198 136 302 206 250 229 23 212
serine,2,lysine,10,3,15,1,12.518,12.432,-0.974,99.6,79.2,5.1737,0.0,2.049,0.529,53 283 177 178
serine,2,lysine,10,3,15,2,12.518,12.432,-0.974,99.6,79.2,1.4568,0.0,0.97,0.458,347 74 178 179 179 179
serine,2,lysine,10,3,15,3,12.518,12.432,-0.974,99.6,79.2,0.0,0.0,0.664,0.759,357 49 265 235 118 318 325 207
serine,2,lysine,10,3,15,4,12.518,12.432,-0.974,99.6,79.2,0.0,0.0,2.814,0.783,6 308 277 16 48 244 205 63 82 196
serine,2,lysine,10,4,13,1,12.518,12.435,-0.974,73.4,104.5,5.2221,0.0,4.463,1.327,322 8 188 186
serine,2,lysine,10,4,13,2,12.518,12.435,-0.974,73.4,104.5,1.5701,0.0,2.111,0.374,328 359 153 152 178 179
serine,2,lysine,10,4,13,3,12.518,12.435,-0.974,73.4,104.5,0.0,0.0,2.175,0.618,342 46 83 349 310 143 166 182
serine,2,lysine,10,4,13,4,12.518,12.435,-0.974,73.4,104.5,0.0,0.0,2.624,0.993,287 107 87 286 265 133 171 305 249 136
serine,2,lysine,10,4,14,1,12.518,14.23,-0.974,75.3,28.3,7.0247,0.0,4.105,0.783,326 350 178 179
serine,2,lysine,10,4,14,2,12.518,14.23,-0.974,75.3,28.3,3.3231,0.0,1.916,0.395,320 360 196 196 179 179
serine,2,lysine,10,4,14,3,12.518,14.23,-0.974,75.3,28.3,0.6068,0.0,2.552,0.627,341 313 163 171 170 171 263 209
serine,2,lysine,10,4,14,4,12.518,14.23,-0.974,75.3,28.3,0.0,0.0,3.851,2.226,349 315 99 161 108 126 126 137 318 221
serine,2,lysine,10,4,15,1,12.518,13.328,-0.974,65.7,70.7,6.2587,0.0,4.051,0.801,320 0 168 154
serine,2,lysine,10,4,15,2,12.518,13.328,-0.974,65.7,70.7,2.7622,0.0,2.09,0.877,317 3 218 225 192 188
serine,2,lysine,10,4,15,3,12.518,13.328,-0.974,65.7,70.7,0.0,0.0,1.367,0.247,321 337 163 90 200 183 94 161
serine,2,lysine,10,4,15,4,12.518,13.328,-0.974,65.7,70.7,0.0,0.0,1.81,1.726,311 50 84 314 290 141 164 239 225 165
serine,2,lysine,10,5,13,1,12.518,13.345,-0.974,32.8,104.5,8.0019,0.0,6.897,3.051,15 0 166 37
serine,2,lysine,10,5,13,2,12.518,13.345,-0.974,32.8,104.5,4.4814,0.0,4.46,1.79,16 360 211 299 176 178
serine,2,lysine,10,5,13,3,12.518,13.345,-0.974,32.8,104.5,0.7426,0.0,2.1,1.032,15 360 155 56 177 178 178 178
serine,2,lysine,10,5,13,4,12.518,13.345,-0.974,32.8,104.5,0.0,0.0,2.36,2.006,12 313 278 48 87 231 208 168 178 189
serine,2,lysine,10,5,14,1,12.518,15.241,-0.974,28.8,19.4,10.1002,0.0,6.593,2.542,25 0 170 27
serine,2,lysine,10,5,14,2,12.518,15.241,-0.974,28.8,19.4,6.5817,0.0,3.785,1.389,25 360 209 303 180 180
serine,2,lysine,10,5,14,3,12.518,15.241,-0.974,28.8,19.4,2.9117,0.0,1.436,1.259,23 0 154 53 184 182 184 184
serine,2,lysine,10,5,14,4,12.518,15.241,-0.974,28.8,19.4,0.7721,0.0,3.131,1.992,356 0 201 316 187 184 185 185 280 206
serine,2,lysine,10,5,15,1,12.518,13.977,-0.974,36.3,80.5,8.3873,0.0,6.601,2.324,32 0 198 306
serine,2,lysine,10,5,15,2,12.518,13.977,-0.974,36.3,80.5,4.8946,0.0,4.384,1.958,31 1 146 69 187 184
serine,2,lysine,10,5,15,3,12.518,13.977,-0.974,36.3,80.5,1.1357,0.0,2.169,1.764,33 360 209 294 177 178 178 178
serine,2,lysine,10,5,15,4,12.518,13.977,-0.974,36.3,80.5,0.0,0.0,1.436,0.729,79 283 249 74 100 198 181 155 160 184
serine,2,aspartic,21,3,3,1,9.863,10.622,0.465,115.2,8.0,3.3902,0.0,1.926,2.41,97 255 180 180
serine,2,aspartic,21,3,3,2,9.863,10.622,0.465,115.2,8.0,1.0135,0.0,1.504,0.766,4 91 162 169 85 147
serine,2,aspartic,21,3,3,3,9.863,10.622,0.465,115.2,8.0,0.2687,0.0,2.04,0.62,352 79 161 169 100 145 354 187
serine,2,aspartic,21,3,3,4,9.863,10.622,0.465,115.2,8.0,0.0,0.0,4.047,2.41,80 175 138 178 173 231 300 134 55 192
serine,2,aspartic,21,3,4,1,9.863,8.949,0.465,117.6,91.2,1.6623,0.0,2.057,1.641,31 109 180 180
serine,2,aspartic,21,3,4,2,9.863,8.949,0.465,117.6,91.2,0.0,0.0,3.287,2.41,129 184 217 123 155 236
serine,2,aspartic,21,3,4,3,9.863,8.949,0.465,117.6,91.2,0.0,0.0,3.886,2.41,144 172 194 130 135 282 260 155
serine,2,aspartic,21,3,4,4,9.863,8.949,0.465,117.6,91.2,0.0,0.0,4.034,2.41,177 173 189 140 134 232 223 123 140 198
serine,2,aspartic,21,3,5,1,9.863,8.577,0.465,122.3,105.6,1.2885,0.0,2.406,2.41,94 243 179 180
serine,2,aspartic,21,3,5,2,9.863,8.577,0.465,122.3,105.6,0.0,0.0,3.162,2.41,123 187 210 111 143 230
serine,2,aspartic,21,3,5,3,9.863,8.577,0.465,122.3,105.6,0.0,0.0,3.958,2.41,142 177 188 126 133 269 251 160
serine,2,aspartic,21,3,5,4,9.863,8.577,0.465,122.3,105.6,0.0,0.0,4.105,2.41,177 177 189 134 126 226 220 121 137 200
serine,2,aspartic,21,4,3,1,9.863,11.137,0.465,94.5,12.1,3.9111,0.0,1.957,2.812,259 67 183 182
serine,2,aspartic,21,4,3,2,9.863,11.137,0.465,94.5,12.1,1.0943,0.0,0.673,3.378,263 109 142 156 263 220
serine,2,aspartic,21,4,3,3,9.863,11.137,0.465,94.5,12.1,0.2911,0.0,1.382,3.793,353 260 146 163 112 142 346 194
serine,2,aspartic,21,4,3,4,9.863,11.137,0.465,94.5,12.1,0.0,0.0,3.231,4.607,256 157 174 184 187 136 113 242 266 176
serine,2,aspartic,21,4,4,1,9.863,9.385,0.465,99.3,95.2,2.1143,0.0,1.967,3.319,318 284 175 177
serine,2,aspartic,21,4,4,2,9.863,9.385,0.465,99.3,95.2,0.0,0.0,2.409,4.699,240 159 130 226 198 133
serine,2,aspartic,21,4,4,3,9.863,9.385,0.465,99.3,95.2,0.0,0.0,3.141,4.699,190 146 129 260 254 131 157 211
serine,2,aspartic,21,4,4,4,9.863,9.385,0.465,99.3,95.2,0.0,0.0,2.681,4.699,195 180 170 227 229 112 120 225 208 160
serine,2,aspartic,21,4,5,1,9.863,9.494,0.465,85.0,91.1,2.2084,0.0,1.822,2.456,313 311 181 181
serine,2,aspartic,21,4,5,2,9.863,9.494,0.465,85.0,91.1,0.0,0.0,2.82,2.367,311 277 216 61 281 108
serine,2,aspartic,21,4,5,3,9.863,9.494,0.465,85.0,91.1,0.0,0.0,3.387,4.699,202 143 135 246 240 132 152 203
serine,2,aspartic,21,4,5,4,9.863,9.494,0.465,85.0,91.1,0.0,0.0,3.969,4.699,190 145 134 231 231 143 157 254 237 164
serine,2,aspartic,21,5,3,1,9.863,12.847,0.465,12.6,10.1,9.1205,0.0,7.669,1.82,119 0 180 0
serine,2,aspartic,21,5,3,2,9.863,12.847,0.465,12.6,10.1,5.4675,0.0,4.817,1.835,119 360 181 358 166 162
serine,2,aspartic,21,5,3,3,9.863,12.847,0.465,12.6,10.1,1.8149,0.0,2.324,1.826,119 0 180 0 147 141 181 181
serine,2,aspartic,21,5,3,4,9.863,12.847,0.465,12.6,10.1,0.3969,0.0,3.057,0.638,76 358 201 324 152 163 156 160 316 201
serine,2,aspartic,21,5,4,1,9.863,11.195,0.465,18.0,91.7,7.1418,0.0,7.688,3.205,147 360 180 359
serine,2,aspartic,21,5,4,2,9.863,11.195,0.465,18.0,91.7,3.5151,0.0,4.881,3.04,143 1 174 8 197 196
serine,2,aspartic,21,5,4,3,9.863,11.195,0.465,18.0,91.7,0.0,0.0,2.37,3.745,157 9 178 2 190 220 186 184
serine,2,aspartic,21,5,4,4,9.863,11.195,0.465,18.0,91.7,0.0,0.0,3.482,2.05,109 314 280 65 96 232 214 157 164 185
serine,2,aspartic,21,5,5,1,9.863,10.911,0.465,19.6,102.6,6.7435,0.0,7.697,1.174,107 0 180 0
serine,2,aspartic,21,5,5,2,9.863,10.911,0.465,19.6,102.6,3.1666,0.0,4.919,1.5,112 359 188 350 161 163
serine,2,aspartic,21,5,5,3,9.863,10.911,0.465,19.6,102.6,0.0,0.0,3.073,0.922,96 332 206 53 166 218 193 181
serine,2,aspartic,21,5,5,4,9.863,10.911,0.465,19.6,102.6,0.0,0.0,3.432,1.933,108 310 279 63 100 228 205 139 151 190
serine,2,glutamic,15,3,5,1,11.28,11.176,0.096,99.2,79.1,3.9098,0.0,2.612,0.604,328 77 183 182
serine,2,glutamic,15,3,5,2,11.28,11.176,0.096,99.2,79.1,0.1932,0.0,1.893,0.567,333 73 185 183 185 184
serine,2,glutamic,15,3,5,3,11.28,11.176,0.096,99.2,79.1,0.0,0.0,2.906,0.346,325 202 25 69 232 224 86 49
serine,2,glutamic,15,3,5,4,11.28,11.176,0.096,99.2,79.1,0.0,0.0,3.615,1.012,324 142 169 53 29 101 325 102 210 275
serine,2,glutamic,15,3,6,1,11.28,10.073,0.096,102.3,123.4,2.8501,0.0,2.786,0.54,29 280 172 175
serine,2,glutamic,15,3,6,2,11.28,10.073,0.096,102.3,123.4,0.0,0.0,0.427,0.601,30 292 212 238 139 76
serine,2,glutamic,15,3,6,3,11.28,10.073,0.096,102.3,123.4,0.0,0.0,2.421,1.043,343 186 345 250 109 191 303 306
serine,2,glutamic,15,3,6,4,11.28,10.073,0.096,102.3,123.4,0.0,0.0,2.734,0.434,342 10 55 350 317 107 134 277 251 152
serine,2,glutamic,15,3,7,1,11.28,12.391,0.096,97.9,22.2,5.1514,0.0,2.536,0.478,28 286 178 179
serine,2,glutamic,15,3,7,2,11.28,12.391,0.096,97.9,22.2,1.4042,0.0,1.227,0.234,23 290 178 179 179 179
serine,2,glutamic,15,3,7,3,11.28,12.391,0.096,97.9,22.2,0.2558,0.0,3.414,0.703,7 266 193 189 146 155 8 174
serine,2,glutamic,15,3,7,4,11.28,12.391,0.096,97.9,22.2,0.0,0.0,4.18,0.448,298 299 342 74 327 179 151 160 346 182
serine,2,glutamic,15,4,5,1,11.28,12.365,0.096,53.5,82.7,5.8756,0.0,4.905,1.101,324 359 154 106
serine,2,glutamic,15,4,5,2,11.28,12.365,0.096,53.5,82.7,2.3167,0.0,1.712,0.64,324 359 219 259 174 176
serine,2,glutamic,15,4,5,3,11.28,12.365,0.096,53.5,82.7,0.0,0.0,2.149,0.742,353 315 209 224 295 171 160 77
serine,2,glutamic,15,4,5,4,11.28,12.365,0.096,53.5,82.7,0.0,0.0,3.239,1.817,311 45 79 310 285 133 156 233 217 166
serine,2,glutamic,15,4,6,1,11.28,11.587,0.096,42.3,112.9,5.7617,0.0,4.912,0.968,320 1 158 63
serine,2,glutamic,15,4,6,2,11.28,11.587,0.096,42.3,112.9,2.1719,0.0,1.471,0.648,321 0 216 282 182 181
serine,2,glutamic,15,4,6,3,11.28,11.587,0.096,42.3,112.9,0.0,0.0,1.555,0.729,285 79 111 307 264 163 182 179
serine,2,glutamic,15,4,6,4,11.28,11.587,0.096,42.3,112.9,0.0,0.0,3.17,2.014,320 38 74 308 282 128 150 227 212 166
serine,2,glutamic,15,4,7,1,11.28,13.723,0.096,45.2,16.6,7.6482,0.0,4.882,1.465,328 360 205 277
serine,2,glutamic,15,4,7,2,11.28,13.723,0.096,45.2,16.6,4.1245,0.0,1.9,0.871,329 360 143 89 180 180
serine,2,glutamic,15,4,7,3,11.28,13.723,0.096,45.2,16.6,1.2009,0.0,0.473,1.813,357 355 133 101 155 163 236 214
serine,2,glutamic,15,4,7,4,11.28,13.723,0.096,45.2,16.6,0.2942,0.0,2.808,3.589,11 357 137 93 164 169 225 210 352 186
serine,2,glutamic,15,5,5,1,11.28,12.507,0.096,47.1,71.6,6.3735,0.0,4.103,1.863,37 359 204 279
serine,2,glutamic,15,5,5,2,11.28,12.507,0.096,47.1,71.6,2.7913,0.0,0.421,2.518,37 359 141 92 174 176
serine,2,glutamic,15,5,5,3,11.28,12.507,0.096,47.1,71.6,0.0779,0.0,1.998,1.004,49 358 210 310 156 163 277 214
serine,2,glutamic,15,5,5,4,11.28,12.507,0.096,47.1,71.6,0.0,0.0,3.193,0.891,73 296 262 66 92 213 195 125 135 191
serine,2,glutamic,15,5,6,1,11.28,11.282,0.096,56.1,119.6,4.6946,0.0,4.231,1.46,41 0 207 252
serine,2,glutamic,15,5,6,2,11.28,11.282,0.096,56.1,119.6,1.112,0.0,1.236,2.278,41 0 141 106 181 181
serine,2,glutamic,15,5,6,3,11.28,11.282,0.096,56.1,119.6,0.0,0.0,1.634,0.839,78 238 286 57 77 197 155 124
serine,2,glutamic,15,5,6,4,11.28,11.282,0.096,56.1,119.6,0.0,0.0,2.703,0.674,82 298 263 65 90 223 207 107 119 197
serine,2,glutamic,15,5,7,1,11.28,13.454,0.096,57.3,27.0,6.7767,0.0,4.2,1.949,35 1 205 239
serine,2,glutamic,15,5,7,2,11.28,13.454,0.096,57.3,27.0,3.21,0.0,1.304,2.601,35 1 142 112 186 184
serine,2,glutamic,15,5,7,3,11.28,13.454,0.096,57.3,27.0,0.472,0.0,2.865,1.654,31 10 217 211 199 194 86 148
serine,2,glutamic,15,5,7,4,11.28,13.454,0.096,57.3,27.0,0.0,0.0,3.92,3.744,344 85 133 155 67 165 226 234 25 186
serine,2,isoleucine,8,3,4,1,3.889,5.184,0.103,40.7,63.2,1.9013,0.0,4.194,0.881,2 320 238 354
serine,2,isoleucine,8,3,4,2,3.889,5.184,0.103,40.7,63.2,0.0,0.0,4.374,1.117,313 296 281 29 166 306
serine,2,isoleucine,8,3,4,3,3.889,5.184,0.103,40.7,63.2,0.0,0.0,4.037,0.814,269 4 241 80 95 290 223 114
serine,2,isoleucine,8,3,4,4,3.889,5.184,0.103,40.7,63.2,0.0,0.0,3.571,0.803,312 345 312 33 36 295 281 70 133 240
serine,2,isoleucine,8,3,5,1,3.889,5.139,0.103,66.1,64.9,0.3463,0.0,4.441,0.399,25 261 295 358
serine,2,isoleucine,8,3,5,2,3.889,5.139,0.103,66.1,64.9,0.0,0.0,4.226,0.849,328 270 317 75 124 286
serine,2,isoleucine,8,3,5,3,3.889,5.139,0.103,66.1,64.9,0.0,0.0,4.026,0.659,274 329 306 47 101 324 249 136
serine,2,isoleucine,8,3,5,4,3.889,5.139,0.103,66.1,64.9,0.0,0.0,3.645,1.195,331 2 344 64 60 282 266 33 118 258
serine,2,isoleucine,8,3,6,1,3.889,3.252,0.103,47.7,156.9,2.357,0.0,4.291,1.181,37 100 60 0
serine,2,isoleucine,8,3,6,2,3.889,3.252,0.103,47.7,156.9,0.6719,0.0,3.832,2.254,85 148 358 326 226 359
serine,2,isoleucine,8,3,6,3,3.889,3.252,0.103,47.7,156.9,0.0,0.0,4.582,0.59,325 284 355 74 98 329 160 40
serine,2,isoleucine,8,3,6,4,3.889,3.252,0.103,47.7,156.9,0.0,0.0,4.552,0.782,322 359 341 68 64 291 271 42 113 246
serine,2,isoleucine,8,4,4,1,3.889,4.595,0.103,63.5,61.0,1.1311,0.0,3.131,4.699,24 93 50 10
serine,2,isoleucine,8,4,4,2,3.889,4.595,0.103,63.5,61.0,0.0,0.0,3.116,4.699,34 129 21 131 25 21
serine,2,isoleucine,8,4,4,3,3.889,4.595,0.103,63.5,61.0,0.0,0.0,1.741,4.699,91 299 140 191 348 56 133 44
serine,2,isoleucine,8,4,4,4,3.889,4.595,0.103,63.5,61.0,0.0,0.0,2.396,3.868,351 359 335 57 41 278 275 34 138 292
serine,2,isoleucine,8,4,5,1,3.889,5.147,0.103,65.8,39.2,1.0623,0.0,3.58,2.108,326 277 307 341
serine,2,isoleucine,8,4,5,2,3.889,5.147,0.103,65.8,39.2,0.0,0.0,3.479,0.857,307 298 286 228 342 355
serine,2,isoleucine,8,4,5,3,3.889,5.147,0.103,65.8,39.2,0.0,0.0,2.359,0.64,348 118 358 231 9 158 18 350
serine,2,isoleucine,8,4,5,4,3.889,5.147,0.103,65.8,39.2,0.0,0.0,2.294,0.889,9 354 37 318 320 97 77 293 242 83
serine,2,isoleucine,8,4,6,1,3.889,2.687,0.103,66.1,149.3,2.2486,0.0,3.061,3.313,334 207 354 358
serine,2,isoleucine,8,4,6,2,3.889,2.687,0.103,66.1,149.3,1.2101,0.0,3.812,1.798,274 239 1 16 158 0
serine,2,isoleucine,8,4,6,3,3.889,2.687,0.103,66.1,149.3,0.0,0.0,4.784,3.87,95 172 4 17 146 356 161 20
serine,2,isoleucine,8,4,6,4,3.889,2.687,0.103,66.1,149.3,0.0,0.0,4.139,3.854,71 350 9 282 293 71 84 330 245 97
serine,2,isoleucine,8,5,4,1,3.889,4.826,0.103,55.1,87.1,0.9612,0.0,4.389,4.034,338 73 91 360
serine,2,isoleucine,8,5,4,2,3.889,4.826,0.103,55.1,87.1,0.0,0.0,4.406,2.237,25 125 51 317 176 19
serine,2,isoleucine,8,5,4,3,3.889,4.826,0.103,55.1,87.1,0.0,0.0,4.111,1.141,81 41 58 300 270 47 107 238
serine,2,isoleucine,8,5,4,4,3.889,4.826,0.103,55.1,87.1,0.0,0.0,3.684,2.872,15 48 14 260 279 96 123 321 224 73
serine,2,isoleucine,8,5,5,1,3.889,5.911,0.103,34.5,46.8,2.1561,0.0,4.172,3.812,360 7 167 4
serine,2,isoleucine,8,5,5,2,3.889,5.911,0.103,34.5,46.8,0.0,0.0,4.314,1.542,47 38 105 32 121 63
serine,2,isoleucine,8,5,5,3,3.889,5.911,0.103,34.5,46.8,0.0,0.0,4.334,1.172,354 104 97 68 83 82 10 81
serine,2,isoleucine,8,5,5,4,3.889,5.911,0.103,34.5,46.8,0.0,0.0,3.301,1.508,247 347 159 4 185 84 139 218 312 227
serine,2,isoleucine,8,5,6,1,3.889,3.797,0.103,25.0,134.4,3.3088,0.0,3.581,4.034,332 308 247 360
serine,2,isoleucine,8,5,6,2,3.889,3.797,0.103,25.0,134.4,0.4464,0.0,3.371,4.034,301 205 348 355 193 353
serine,2,isoleucine,8,5,6,3,3.889,3.797,0.103,25.0,134.4,0.0,0.0,4.384,4.034,315 123 12 283 264 22 222 317
serine,2,isoleucine,8,5,6,4,3.889,3.797,0.103,25.0,134.4,0.0,0.0,4.363,4.034,353 35 38 261 290 84 97 330 238 103
serine,2,leucine,12,3,1,1,7.94,7.625,0.351,94.3,75.5,0.4886,0.0,2.689,0.503,10 310 138 153
serine,2,leucine,12,3,1,2,7.94,7.625,0.351,94.3,75.5,0.0,0.0,1.949,0.692,30 19 97 243 240 132
serine,2,leucine,12,3,1,3,7.94,7.625,0.351,94.3,75.5,0.0,0.0,3.66,1.306,280 263 289 24 226 342 281 237
serine,2,leucine,12,3,1,4,7.94,7.625,0.351,94.3,75.5,0.0,0.0,3.892,1.109,305 27 83 359 324 79 102 302 252 133
serine,2,leucine,12,3,2,1,7.94,5.926,0.351,109.0,161.5,0.1237,0.0,3.138,0.573,355 28 16 106
serine,2,leucine,12,3,2,2,7.94,5.926,0.351,109.0,161.5,0.0,0.0,2.092,0.593,35 81 30 273 214 90
serine,2,leucine,12,3,2,3,7.94,5.926,0.351,109.0,161.5,0.0,0.0,3.56,1.634,33 186 211 311 319 251 312 321
serine,2,leucine,12,3,2,4,7.94,5.926,0.351,109.0,161.5,0.0,0.0,2.679,2.322,213 314 4 88 121 346 79 153 57 117
serine,2,leucine,12,3,13,1,7.94,8.18,0.351,106.4,54.3,0.9279,0.0,4.282,0.737,283 92 175 177
serine,2,leucine,12,3,13,2,7.94,8.18,0.351,106.4,54.3,0.0,0.0,4.466,0.762,248 136 127 306 278 149
serine,2,leucine,12,3,13,3,7.94,8.18,0.351,106.4,54.3,0.0,0.0,3.933,1.08,337 176 227 233 91 276 276 326
serine,2,leucine,12,3,13,4,7.94,8.18,0.351,106.4,54.3,0.0,0.0,4.433,1.015,260 337 30 41 22 73 103 350 305 116
serine,2,leucine,12,4,1,1,7.94,9.219,0.351,27.2,88.5,4.6158,0.0,5.717,1.793,333 360 182 358
serine,2,leucine,12,4,1,2,7.94,9.219,0.351,27.2,88.5,0.9328,0.0,2.6,0.806,330 1 164 24 187 185
serine,2,leucine,12,4,1,3,7.94,9.219,0.351,27.2,88.5,0.0,0.0,2.727,2.02,29 40 108 297 222 125 149 172
serine,2,leucine,12,4,1,4,7.94,9.219,0.351,27.2,88.5,0.0,0.0,1.785,0.674,354 26 63 317 286 99 126 227 207 163
serine,2,leucine,12,4,2,1,7.94,7.956,0.351,23.8,149.4,4.0146,0.0,5.318,1.17,299 0 179 1
serine,2,leucine,12,4,2,2,7.94,7.956,0.351,23.8,149.4,0.1627,0.0,2.427,1.009,302 0 180 0 160 136
serine,2,leucine,12,4,2,3,7.94,7.956,0.351,23.8,149.4,0.0,0.0,2.295,0.732,345 25 97 307 254 105 114 178
serine,2,leucine,12,4,2,4,7.94,7.956,0.351,23.8,149.4,0.0,0.0,2.58,2.293,317 31 63 299 274 112 135 244 223 160
serine,2,leucine,12,4,13,1,7.94,10.184,0.351,17.4,51.3,6.3518,0.0,5.269,0.825,307 0 180 0
serine,2,leucine,12,4,13,2,7.94,10.184,0.351,17.4,51.3,2.5594,0.0,2.149,0.81,306 360 180 360 167 155
serine,2,leucine,12,4,13,3,7.94,10.184,0.351,17.4,51.3,0.32,0.0,3.901,0.825,249 0 180 0 167 150 114 165
serine,2,leucine,12,4,13,4,7.94,10.184,0.351,17.4,51.3,0.0,0.0,3.928,1.035,207 67 137 277 214 139 158 220 237 202
serine,2,leucine,12,5,1,1,7.94,8.281,0.351,69.9,86.9,1.0862,0.0,4.605,1.926,42 359 166 152
serine,2,leucine,12,5,1,2,7.94,8.281,0.351,69.9,86.9,0.0,0.0,4.285,2.601,342 22 238 32 94 196
serine,2,leucine,12,5,1,3,7.94,8.281,0.351,69.9,86.9,0.0,0.0,4.04,2.554,341 6 303 24 72 296 267 171
serine,2,leucine,12,5,1,4,7.94,8.281,0.351,69.9,86.9,0.0,0.0,3.814,2.427,28 6 336 350 24 302 236 79 137 211
serine,2,leucine,12,5,2,1,7.94,7.015,0.351,67.6,147.0,0.1382,0.0,4.133,0.805,54 355 218 245
serine,2,leucine,12,5,2,2,7.94,7.015,0.351,67.6,147.0,0.0,0.0,4.295,0.531,30 279 345 352 117 275
serine,2,leucine,12,5,2,3,7.94,7.015,0.351,67.6,147.0,0.0,0.0,4.339,1.069,346 334 319 63 92 265 212 131
serine,2,leucine,12,5,2,4,7.94,7.015,0.351,67.6,147.0,0.0,0.0,4.02,1.175,90 43 341 290 338 293 232 76 187 228
serine,2,leucine,12,5,13,1,7.94,8.902,0.351,78.8,63.8,1.6983,0.0,5.015,0.988,34 30 197 193
serine,2,leucine,12,5,13,2,7.94,8.902,0.351,78.8,63.8,0.0,0.0,4.453,0.843,1 51 212 43 51 192
serine,2,leucine,12,5,13,3,7.94,8.902,0.351,78.8,63.8,0.0,0.0,4.191,0.726,125 54 31 312 314 204 250 224
serine,2,leucine,12,5,13,4,7.94,8.902,0.351,78.8,63.8,0.0,0.0,3.675,1.978,42 59 8 354 13 253 241 94 124 219
serine,2,serine,32,3,3,1,9.949,9.749,-0.124,66.6,111.3,2.7142,0.0,inf,1.127,42 0 202 221
serine,2,serine,32,3,3,2,9.949,9.749,-0.124,66.6,111.3,0.0,0.0,inf,0.884,20 40 218 259 186 272
serine,2,serine,32,3,3,3,9.949,9.749,-0.124,66.6,111.3,0.0,0.0,inf,0.729,342 360 281 50 94 240 227 197
serine,2,serine,32,3,3,4,9.949,9.749,-0.124,66.6,111.3,0.0,0.0,inf,0.778,23 356 316 32 61 253 227 110 132 202
serine,2,serine,32,3,4,1,9.949,11.452,-0.124,74.3,43.9,4.3224,0.0,inf,0.969,26 14 196 193
serine,2,serine,32,3,4,2,9.949,11.452,-0.124,74.3,43.9,0.7972,0.0,inf,0.776,20 25 216 205 214 205
serine,2,serine,32,3,4,3,9.949,11.452,-0.124,74.3,43.9,0.0,0.0,inf,1.036,356 85 208 272 170 214 305 172
serine,2,serine,32,3,4,4,9.949,11.452,-0.124,74.3,43.9,0.0,0.0,inf,0.629,27 344 307 32 57 241 216 118 137 200
serine,2,serine,32,3,5,1,9.949,11.28,-0.124,62.4,51.8,4.3832,0.0,inf,0.984,31 0 158 127
serine,2,serine,32,3,5,2,9.949,11.28,-0.124,62.4,51.8,0.8727,0.0,inf,1.075,27 2 145 111 198 189
serine,2,serine,32,3,5,3,9.949,11.28,-0.124,62.4,51.8,0.0,0.0,inf,0.853,353 1 161 118 118 139 82 123
serine,2,serine,32,3,5,4,9.949,11.28,-0.124,62.4,51.8,0.0,0.0,inf,1.59,70 298 261 62 90 227 208 96 110 200
serine,2,serine,32,4,3,1,9.949,8.965,-0.124,95.9,122.5,1.8159,0.0,inf,3.559,16 296 159 168
serine,2,serine,32,4,3,2,9.949,8.965,-0.124,95.9,122.5,0.0,0.0,inf,2.16,18 351 105 22 337 127
serine,2,serine,32,4,3,3,9.949,8.965,-0.124,95.9,122.5,0.0,0.0,inf,4.54,51 350 44 345 298 27 61 194
serine,2,serine,32,4,3,4,9.949,8.965,-0.124,95.9,122.5,0.0,0.0,inf,1.467,325 357 43 0 329 99 126 279 248 147
serine,2,serine,32,4,4,1,9.949,11.045,-0.124,89.4,37.3,3.787,0.0,inf,2.882,7 303 177 178
serine,2,serine,32,4,4,2,9.949,11.045,-0.124,89.4,37.3,0.6749,0.0,inf,1.436,359 275 217 201 111 139
serine,2,serine,32,4,4,3,9.949,11.045,-0.124,89.4,37.3,0.0,0.0,inf,1.618,347 233 231 169 149 200 354 230
serine,2,serine,32,4,4,4,9.949,11.045,-0.124,89.4,37.3,0.0,0.0,inf,1.462,323 40 75 333 308 116 143 257 235 157
serine,2,serine,32,4,5,1,9.949,10.581,-0.124,88.8,58.7,3.3065,0.0,inf,3.562,321 56 183 182
serine,2,serine,32,4,5,2,9.949,10.581,-0.124,88.8,58.7,0.2349,0.0,inf,4.452,333 87 129 156 254 228
serine,2,serine,32,4,5,3,9.949,10.581,-0.124,88.8,58.7,0.0,0.0,inf,4.699,49 341 60 28 274 10 53 183
serine,2,serine,32,4,5,4,9.949,10.581,-0.124,88.8,58.7,0.0,0.0,inf,0.791,313 5 181 15 230 129 113 259 296 113
serine,2,serine,32,5,3,1,9.949,10.518,-0.124,31.6,111.5,5.4607,0.0,inf,4.034,324 1 171 18
serine,2,serine,32,5,3,2,9.949,10.518,-0.124,31.6,111.5,1.835,0.0,inf,4.034,326 360 207 311 179 179
serine,2,serine,32,5,3,3,9.949,10.518,-0.124,31.6,111.5,0.0,0.0,inf,3.057,325 88 87 312 213 131 231 228
serine,2,serine,32,5,3,4,9.949,10.518,-0.124,31.6,111.5,0.0,0.0,inf,4.034,330 35 71 308 280 117 141 224 207 166
serine,2,serine,32,5,4,1,9.949,12.422,-0.124,30.8,33.0,7.2908,0.0,inf,4.034,342 360 191 334
serine,2,serine,32,5,4,2,9.949,12.422,-0.124,30.8,33.0,3.7244,0.0,inf,3.935,342 0 152 53 180 180
serine,2,serine,32,5,4,3,9.949,12.422,-0.124,30.8,33.0,0.8566,0.0,inf,1.14,1 1 201 321 192 187 250 217
serine,2,serine,32,5,4,4,9.949,12.422,-0.124,30.8,33.0,0.0,0.0,inf,1.165,46 354 153 47 199 199 194 141 68 161
serine,2,serine,32,5,5,1,9.949,11.759,-0.124,41.4,63.9,5.9535,0.0,inf,4.034,335 360 159 64
serine,2,serine,32,5,5,2,9.949,11.759,-0.124,41.4,63.9,2.4426,0.0,inf,4.034,336 359 215 287 168 173
serine,2,serine,32,5,5,3,9.949,11.759,-0.124,41.4,63.9,0.0,0.0,inf,3.735,14 5 163 273 216 171 135 121
serine,2,serine,32,5,5,4,9.949,11.759,-0.124,41.4,63.9,0.0,0.0,inf,4.034,318 45 80 308 282 127 150 223 208 167
serine,2,tryptophan,5,3,16,1,8.899,9.237,-0.316,57.1,98.7,2.641,0.0,1.979,1.671,52 0 154 99
serine,2,tryptophan,5,3,16,2,8.899,9.237,-0.316,57.1,98.7,0.0184,0.0,2.628,0.68,14 22 231 251 245 210
serine,2,tryptophan,5,3,16,3,8.899,9.237,-0.316,57.1,98.7,0.0,0.0,2.917,0.876,340 323 264 86 137 235 200 188
serine,2,tryptophan,5,3,16,4,8.899,9.237,-0.316,57.1,98.7,0.0,0.0,2.181,0.67,4 355 322 31 62 273 230 122 156 202
serine,2,tryptophan,5,3,17,1,8.899,9.006,-0.316,53.2,108.0,2.6617,0.0,1.468,2.41,71 359 205 279
serine,2,tryptophan,5,3,17,2,8.899,9.006,-0.316,53.2,108.0,0.0,0.0,1.703,1.5,54 348 236 10 71 197
serine,2,tryptophan,5,3,17,3,8.899,9.006,-0.316,53.2,108.0,0.0,0.0,0.635,0.996,39 328 302 45 79 258 219 142
serine,2,tryptophan,5,3,17,4,8.899,9.006,-0.316,53.2,108.0,0.0,0.0,2.421,0.992,44 343 308 55 80 243 224 101 121 203
serine,2,tryptophan,5,3,18,1,8.899,11.098,-0.316,57.7,9.0,4.4906,0.0,1.39,2.378,64 0 207 248
serine,2,tryptophan,5,3,18,2,8.899,11.098,-0.316,57.7,9.0,1.2864,0.0,0.58,2.41,77 1 202 223 233 197
serine,2,tryptophan,5,3,18,3,8.899,11.098,-0.316,57.7,9.0,0.4696,0.0,2.43,2.41,95 2 205 221 224 197 5 176
serine,2,tryptophan,5,3,18,4,8.899,11.098,-0.316,57.7,9.0,0.0,0.0,2.898,2.41,90 1 231 305 158 204 287 210 3 160
serine,2,tryptophan,5,4,16,1,8.899,7.947,-0.316,106.3,90.6,0.6588,0.0,2.645,4.595,29 269 183 182
serine,2,tryptophan,5,4,16,2,8.899,7.947,-0.316,106.3,90.6,0.0,0.0,2.999,3.916,21 64 40 22 3 122
serine,2,tryptophan,5,4,16,3,8.899,7.947,-0.316,106.3,90.6,0.0,0.0,1.253,0.922,338 205 332 269 59 194 322 11
serine,2,tryptophan,5,4,16,4,8.899,7.947,-0.316,106.3,90.6,0.0,0.0,2.436,0.487,325 26 84 4 325 87 111 295 251 142
serine,2,tryptophan,5,4,17,1,8.899,7.226,-0.316,124.0,120.3,0.0813,0.0,1.985,4.392,312 136 140 145
serine,2,tryptophan,5,4,17,2,8.899,7.226,-0.316,124.0,120.3,0.0,0.0,1.466,4.519,269 179 139 273 222 98
serine,2,tryptophan,5,4,17,3,8.899,7.226,-0.316,124.0,120.3,0.0,0.0,1.827,3.006,280 12 11 241 229 70 107 261
serine,2,tryptophan,5,4,17,4,8.899,7.226,-0.316,124.0,120.3,0.0,0.0,4.407,4.699,359 87 164 9 324 87 94 299 253 141
serine,2,tryptophan,5,4,18,1,8.899,9.537,-0.316,118.8,19.2,2.2518,0.0,1.658,4.238,310 111 181 181
serine,2,tryptophan,5,4,18,2,8.899,9.537,-0.316,118.8,19.2,0.5497,0.0,4.084,4.699,53 229 181 181 43 159
serine,2,tryptophan,5,4,18,3,8.899,9.537,-0.316,118.8,19.2,0.0,0.0,4.315,4.699,77 238 215 217 262 210 27 109
serine,2,tryptophan,5,4,18,4,8.899,9.537,-0.316,118.8,19.2,0.0,0.0,4.162,4.699,357 120 161 23 320 91 118 228 257 158
serine,2,tryptophan,5,5,16,1,8.899,9.684,-0.316,36.6,101.9,4.3233,0.0,5.574,4.034,308 360 193 331
serine,2,tryptophan,5,5,16,2,8.899,9.684,-0.316,36.6,101.9,0.7369,0.0,3.907,4.034,309 360 149 59 176 178
serine,2,tryptophan,5,5,16,3,8.899,9.684,-0.316,36.6,101.9,0.0,0.0,4.012,3.749,358 54 100 277 227 134 166 188
serine,2,tryptophan,5,5,16,4,8.899,9.684,-0.316,36.6,101.9,0.0,0.0,4.509,4.034,342 23 58 312 286 109 132 227 207 163
serine,2,tryptophan,5,5,17,1,8.899,9.287,-0.316,40.4,118.7,3.7329,0.0,5.336,4.034,285 0 163 43
serine,2,tryptophan,5,5,17,2,8.899,9.287,-0.316,40.4,118.7,0.1544,0.0,3.669,4.034,290 359 210 303 166 171
serine,2,tryptophan,5,5,17,3,8.899,9.287,-0.316,40.4,118.7,0.0,0.0,2.164,4.034,226 67 112 305 252 118 145 196
serine,2,tryptophan,5,5,17,4,8.899,9.287,-0.316,40.4,118.7,0.0,0.0,4.212,4.034,346 16 55 309 282 106 128 221 205 165
serine,2,tryptophan,5,5,18,1,8.899,11.522,-0.316,38.0,21.2,5.9459,0.0,5.516,4.034,293 360 162 51
serine,2,tryptophan,5,5,18,2,8.899,11.522,-0.316,38.0,21.2,2.4371,0.0,4.19,4.034,294 359 213 295 167 172
serine,2,tryptophan,5,5,18,3,8.899,11.522,-0.316,38.0,21.2,0.2496,0.0,4.398,4.034,297 355 138 119 153 163 304 208
serine,2,tryptophan,5,5,18,4,8.899,11.522,-0.316,38.0,21.2,0.0,0.0,4.364,4.034,358 331 173 239 280 201 109 160 299 252
serine,2,glutamic,10,3,5,1,3.26,4.481,-0.573,74.0,27.2,1.3991,0.0,1.464,1.428,64 251 336 345
serine,2,glutamic,10,3,5,2,3.26,4.481,-0.573,74.0,27.2,0.1365,0.0,2.313,0.603,39 273 333 247 313 350
serine,2,glutamic,10,3,5,3,3.26,4.481,-0.573,74.0,27.2,0.0,0.0,2.441,0.345,354 155 96 252 293 93 43 89
serine,2,glutamic,10,3,5,4,3.26,4.481,-0.573,74.0,27.2,0.0,0.0,1.33,0.724,350 17 335 42 65 283 263 93 122 212
serine,2,glutamic,10,3,6,1,3.26,2.082,-0.573,73.8,123.9,2.8385,0.0,1.525,1.235,51 227 354 357
serine,2,glutamic,10,3,6,2,3.26,2.082,-0.573,73.8,123.9,1.813,0.0,2.474,0.332,357 250 360 348 196 360
serine,2,glutamic,10,3,6,3,3.26,2.082,-0.573,73.8,123.9,0.0,0.0,0.892,0.499,342 293 1 104 74 324 180 45
serine,2,glutamic,10,3,6,4,3.26,2.082,-0.573,73.8,123.9,0.0,0.0,0.944,0.498,300 11 343 57 64 296 275 65 123 234
serine,2,glutamic,10,3,7,1,3.26,3.541,-0.573,63.6,64.6,1.9748,0.0,3.061,2.41,133 114 30 8
serine,2,glutamic,10,3,7,2,3.26,3.541,-0.573,63.6,64.6,0.4121,0.0,3.556,2.41,184 118 5 37 128 3
serine,2,glutamic,10,3,7,3,3.26,3.541,-0.573,63.6,64.6,0.0,0.0,3.556,2.054,234 322 113 331 211 51 135 355
serine,2,glutamic,10,3,7,4,3.26,3.541,-0.573,63.6,64.6,0.0,0.0,3.063,0.978,2 313 257 71 89 283 287 94 111 224
serine,2,glutamic,10,4,5,1,3.26,3.356,-0.573,119.4,38.8,1.8598,0.0,3.912,4.146,341 74 357 358
serine,2,glutamic,10,4,5,2,3.26,3.356,-0.573,119.4,38.8,0.7039,0.0,4.253,4.305,28 62 359 51 117 359
serine,2,glutamic,10,4,5,3,3.26,3.356,-0.573,119.4,38.8,0.0,0.0,4.326,4.699,82 25 1 293 270 44 129 256
serine,2,glutamic,10,4,5,4,3.26,3.356,-0.573,119.4,38.8,0.0,0.0,4.111,4.699,81 334 21 284 312 61 41 338 268 87
serine,2,glutamic,10,4,6,1,3.26,2.077,-0.573,74.0,80.4,3.2139,0.0,2.89,2.621,322 106 15 8
serine,2,glutamic,10,4,6,2,3.26,2.077,-0.573,74.0,80.4,2.0382,0.0,3.092,1.98,5 103 6 44 120 3
serine,2,glutamic,10,4,6,3,3.26,2.077,-0.573,74.0,80.4,0.0,0.0,3.461,2.552,33 93 46 256 271 31 157 310
serine,2,glutamic,10,4,6,4,3.26,2.077,-0.573,74.0,80.4,0.0,0.0,3.36,2.835,70 12 37 302 295 65 80 291 230 114
serine,2,glutamic,10,4,7,1,3.26,1.783,-0.573,146.2,90.8,3.2668,0.0,3.981,4.699,210 308 9 4
serine,2,glutamic,10,4,7,2,3.26,1.783,-0.573,146.2,90.8,2.1425,0.0,4.591,4.699,141 327 0 24 148 0
serine,2,glutamic,10,4,7,3,3.26,1.783,-0.573,146.2,90.8,0.0,0.0,4.591,4.699,6 44 322 259 308 44 135 320
serine,2,glutamic,10,4,7,4,3.26,1.783,-0.573,146.2,90.8,0.0,0.0,4.591,4.699,98 334 10 286 313 90 40 289 247 80
serine,2,glutamic,10,5,5,1,3.26,5.712,-0.573,21.0,37.4,3.4119,0.0,5.532,4.034,235 3 175 1
serine,2,glutamic,10,5,5,2,3.26,5.712,-0.573,21.0,37.4,0.334,0.0,4.491,4.034,267 42 120 22 138 31
serine,2,glutamic,10,5,5,3,3.26,5.712,-0.573,21.0,37.4,0.0,0.0,4.402,4.034,320 51 82 289 258 83 118 211
serine,2,glutamic,10,5,5,4,3.26,5.712,-0.573,21.0,37.4,0.0,0.0,4.364,4.034,326 23 53 298 269 96 128 250 220 158
serine,2,glutamic,10,5,6,1,3.26,3.714,-0.573,8.7,115.8,4.3701,0.0,4.081,3.646,174 321 231 359
serine,2,glutamic,10,5,6,2,3.26,3.714,-0.573,8.7,115.8,1.2101,0.0,3.458,4.034,175 140 32 360 180 360
serine,2,glutamic,10,5,6,3,3.26,3.714,-0.573,8.7,115.8,0.0,0.0,3.767,3.427,301 248 277 84 107 33 94 94
serine,2,glutamic,10,5,6,4,3.26,3.714,-0.573,8.7,115.8,0.0,0.0,4.07,1.584,48 78 22 88 83 290 255 79 160 251
serine,2,glutamic,10,5,7,1,3.26,4.132,-0.573,42.3,97.6,2.1697,0.0,5.724,4.034,218 64 100 0
serine,2,glutamic,10,5,7,2,3.26,4.132,-0.573,42.3,97.6,0.0,0.0,4.306,3.77,168 251 322 30 152 346
serine,2,glutamic,10,5,7,3,3.26,4.132,-0.573,42.3,97.6,0.0,0.0,4.944,4.034,324 65 65 284 263 55 121 243
serine,2,glutamic,10,5,7,4,3.26,4.132,-0.573,42.3,97.6,0.0,0.0,4.944,4.034,358 13 52 298 268 87 113 251 225 156
serine,2,leucine,13,3,1,1,11.397,9.373,0.589,109.0,158.0,2.1814,0.0,4.564,1.219,308 266 179 179
serine,2,leucine,13,3,1,2,11.397,9.373,0.589,109.0,158.0,0.0,0.0,2.527,0.391,307 176 319 179 274 207
serine,2,leucine,13,3,1,3,11.397,9.373,0.589,109.0,158.0,0.0,0.0,2.977,2.362,195 176 158 222 223 110 121 199
serine,2,leucine,13,3,1,4,11.397,9.373,0.589,109.0,158.0,0.0,0.0,2.763,2.41,150 177 147 236 244 131 151 229 199 156
serine,2,leucine,13,3,2,1,11.397,11.764,0.589,111.2,48.3,4.5005,0.0,4.646,0.993,306 262 178 179
serine,2,leucine,13,3,2,2,11.397,11.764,0.589,111.2,48.3,0.7973,0.0,3.234,1.046,301 262 175 178 174 174
serine,2,leucine,13,3,2,3,11.397,11.764,0.589,111.2,48.3,0.0,0.0,2.9,2.143,206 165 159 210 208 136 143 191
serine,2,leucine,13,3,2,4,11.397,11.764,0.589,111.2,48.3,0.0,0.0,2.655,2.41,176 175 161 219 221 144 152 223 210 167
serine,2,leucine,13,3,13,1,11.397,11.281,0.589,101.6,68.2,4.0242,0.0,5.025,1.645,239 82 175 177
serine,2,leucine,13,3,13,2,11.397,11.281,0.589,101.6,68.2,0.342,0.0,2.9,1.67,243 77 169 174 163 165
serine,2,leucine,13,3,13,3,11.397,11.281,0.589,101.6,68.2,0.0,0.0,3.091,1.915,221 91 132 332 290 124 138 201
serine,2,leucine,13,3,13,4,11.397,11.281,0.589,101.6,68.2,0.0,0.0,3.941,2.41,193 336 318 284 227 336 35 240 205 172
serine,2,leucine,13,4,1,1,11.397,11.336,0.589,25.5,160.2,6.6467,0.0,9.878,4.2,174 360 180 360
serine,2,leucine,13,4,1,2,11.397,11.336,0.589,25.5,160.2,3.1191,0.0,6.592,3.037,173 0 163 32 181 181
serine,2,leucine,13,4,1,3,11.397,11.336,0.589,25.5,160.2,0.2484,0.0,3.88,2.809,143 1 205 315 189 185 111 144
serine,2,leucine,13,4,1,4,11.397,11.336,0.589,25.5,160.2,0.0,0.0,3.624,3.664,101 292 256 98 132 221 205 160 162 180
serine,2,leucine,13,4,2,1,11.397,13.723,0.589,28.5,49.7,8.6345,0.0,9.88,4.208,174 360 181 357
serine,2,leucine,13,4,2,2,11.397,13.723,0.589,28.5,49.7,5.1817,0.0,6.883,3.328,172 1 152 51 190 186
serine,2,leucine,13,4,2,3,11.397,13.723,0.589,28.5,49.7,1.394,0.0,3.207,2.023,173 0 159 44 189 185 185 185
serine,2,leucine,13,4,2,4,11.397,13.723,0.589,28.5,49.7,0.0,0.0,3.795,3.817,189 274 235 109 144 198 187 155 155 179
serine,2,leucine,13,4,13,1,11.397,13.093,0.589,21.6,75.1,8.5624,0.0,10.051,4.699,155 0 178 3
serine,2,leucine,13,4,13,2,11.397,13.093,0.589,21.6,75.1,4.9634,0.0,6.785,3.628,157 360 198 329 176 177
serine,2,leucine,13,4,13,3,11.397,13.093,0.589,21.6,75.1,1.2286,0.0,3.336,2.808,156 0 177 6 182 181 181 181
serine,2,leucine,13,4,13,4,11.397,13.093,0.589,21.6,75.1,0.0,0.0,3.347,3.46,117 292 248 93 132 220 208 184 183 178
serine,2,leucine,13,5,1,1,11.397,9.171,0.589,117.8,157.5,1.9812,0.0,4.695,2.29,46 110 179 180
serine,2,leucine,13,5,1,2,11.397,9.171,0.589,117.8,157.5,0.0,0.0,2.972,0.769,65 354 359 157 282 262
serine,2,leucine,13,5,1,3,11.397,9.171,0.589,117.8,157.5,0.0,0.0,3.996,3.904,166 179 197 135 134 251 238 161
serine,2,leucine,13,5,1,4,11.397,9.171,0.589,117.8,157.5,0.0,0.0,4.032,3.64,215 185 216 118 108 228 206 127 159 205
serine,2,leucine,13,5,2,1,11.397,11.55,0.589,120.6,48.6,4.2837,0.0,4.845,2.471,48 114 181 181
serine,2,leucine,13,5,2,2,11.397,11.55,0.589,120.6,48.6,0.6808,0.0,3.59,2.593,54 122 172 174 197 193
serine,2,leucine,13,5,2,3,11.397,11.55,0.589,120.6,48.6,0.0,0.0,3.655,3.917,156 188 198 146 148 225 213 165
serine,2,leucine,13,5,2,4,11.397,11.55,0.589,120.6,48.6,0.0,0.0,4.326,4.034,180 177 192 144 140 220 212 136 148 193
serine,2,leucine,13,5,13,1,11.397,10.788,0.589,122.7,78.9,3.5135,0.0,4.938,2.36,111 243 178 179
serine,2,leucine,13,5,13,2,11.397,10.788,0.589,122.7,78.9,0.0202,0.0,3.404,2.295,104 223 211 212 125 150
serine,2,leucine,13,5,13,3,11.397,10.788,0.589,122.7,78.9,0.0,0.0,4.28,3.308,120 174 181 147 157 276 266 171
serine,2,leucine,13,5,13,4,11.397,10.788,0.589,122.7,78.9,0.0,0.0,4.318,4.034,174 175 188 140 137 225 217 135 149 195
