frag_a,pose_a,frag_b,pose_b,h_a,h_b,k,d_cb,d_ca,cos_att,theta_a,theta_b,closure,penalty,clash_frag,clash_lig,dihedrals
arginine,3,lysine,5,16,13,1,10.249,8.745,-0.634,114.2,121.7,1.4764,0.0,2.851,0.335,273 102 184 183
arginine,3,lysine,5,16,13,2,10.249,8.745,-0.634,114.2,121.7,0.0,0.0,2.885,1.67,246 161 150 245 226 144
arginine,3,lysine,5,16,13,3,10.249,8.745,-0.634,114.2,121.7,0.0,0.0,3.861,2.064,234 181 169 236 222 82 106 199
arginine,3,lysine,5,16,13,4,10.249,8.745,-0.634,114.2,121.7,0.0,0.0,3.861,2.88,185 173 171 237 240 130 138 228 212 162
arginine,3,lysine,5,16,14,1,10.249,10.802,-0.634,114.7,37.7,3.5537,0.0,3.07,0.598,342 257 174 177
arginine,3,lysine,5,16,14,2,10.249,10.802,-0.634,114.7,37.7,0.5625,0.0,3.084,0.974,260 127 185 183 255 215
arginine,3,lysine,5,16,14,3,10.249,10.802,-0.634,114.7,37.7,0.0,0.0,3.861,3.191,237 168 171 214 210 119 124 190
arginine,3,lysine,5,16,14,4,10.249,10.802,-0.634,114.7,37.7,0.0,0.0,3.861,3.963,198 176 168 227 228 135 145 220 205 165
arginine,3,lysine,5,16,15,1,10.249,10.365,-0.634,103.1,57.8,3.0873,0.0,2.195,0.724,273 85 178 179
arginine,3,lysine,5,16,15,2,10.249,10.365,-0.634,103.1,57.8,0.1265,0.0,1.948,0.831,351 303 173 175 263 214
arginine,3,lysine,5,16,15,3,10.249,10.365,-0.634,103.1,57.8,0.0,0.0,1.222,0.575,266 91 113 337 307 98 127 216
arginine,3,lysine,5,16,15,4,10.249,10.365,-0.634,103.1,57.8,0.0,0.0,1.293,2.549,219 124 133 253 253 146 151 265 257 163
arginine,3,lysine,5,17,13,1,10.249,10.946,-0.634,14.9,118.7,7.2193,0.0,3.059,4.936,268 360 180 360
arginine,3,lysine,5,17,13,2,10.249,10.946,-0.634,14.9,118.7,3.6195,0.0,3.059,1.793,262 1 177 3 203 210
arginine,3,lysine,5,17,13,3,10.249,10.946,-0.634,14.9,118.7,0.0,0.0,2.88,0.698,254 355 191 346 159 132 180 179
arginine,3,lysine,5,17,13,4,10.249,10.946,-0.634,14.9,118.7,0.0,0.0,3.059,1.873,255 57 98 278 249 145 160 225 223 177
arginine,3,lysine,5,17,14,1,10.249,13.016,-0.634,12.2,32.7,9.3105,0.0,3.059,4.752,242 0 180 0
arginine,3,lysine,5,17,14,2,10.249,13.016,-0.634,12.2,32.7,5.6752,0.0,3.059,2.229,245 359 183 356 163 160
arginine,3,lysine,5,17,14,3,10.249,13.016,-0.634,12.2,32.7,2.0123,0.0,3.059,0.692,242 0 180 0 214 219 181 181
arginine,3,lysine,5,17,14,4,10.249,13.016,-0.634,12.2,32.7,0.0,0.0,3.059,3.623,209 2 215 300 168 161 157 187 258 241
arginine,3,lysine,5,17,15,1,10.249,12.331,-0.634,6.9,64.7,9.2166,0.0,3.059,4.771,304 360 180 360
arginine,3,lysine,5,17,15,2,10.249,12.331,-0.634,6.9,64.7,5.4968,0.0,3.059,2.348,301 0 179 1 201 220
arginine,3,lysine,5,17,15,3,10.249,12.331,-0.634,6.9,64.7,1.927,0.0,2.941,1.304,305 360 180 360 140 125 179 180
arginine,3,lysine,5,17,15,4,10.249,12.331,-0.634,6.9,64.7,0.0,0.0,2.662,2.69,324 65 124 280 219 134 157 188 187 182
arginine,3,lysine,5,18,13,1,10.249,9.496,-0.634,84.6,107.5,2.2214,0.0,2.372,0.44,41 48 178 179
arginine,3,lysine,5,18,13,2,10.249,9.496,-0.634,84.6,107.5,0.0,0.0,1.604,0.36,97 345 96 60 297 260
arginine,3,lysine,5,18,13,3,10.249,9.496,-0.634,84.6,107.5,0.0,0.0,2.917,2.327,150 215 224 118 122 229 210 157
arginine,3,lysine,5,18,13,4,10.249,9.496,-0.634,84.6,107.5,0.0,0.0,2.917,2.048,167 222 227 121 123 216 204 112 127 197
arginine,3,lysine,5,18,14,1,10.249,11.332,-0.634,93.4,31.8,4.0788,0.0,2.0,0.676,37 65 183 182
arginine,3,lysine,5,18,14,2,10.249,11.332,-0.634,93.4,31.8,0.8418,0.0,2.111,0.44,45 89 150 161 240 217
arginine,3,lysine,5,18,14,3,10.249,11.332,-0.634,93.4,31.8,0.0175,0.0,2.917,2.253,134 283 129 158 113 138 326 208
arginine,3,lysine,5,18,14,4,10.249,11.332,-0.634,93.4,31.8,0.0,0.0,2.917,2.991,160 205 207 136 137 211 205 131 140 192
arginine,3,lysine,5,18,15,1,10.249,10.645,-0.634,92.3,63.8,3.3686,0.0,2.029,0.81,89 296 178 179
arginine,3,lysine,5,18,15,2,10.249,10.645,-0.634,92.3,63.8,0.193,0.0,1.262,0.624,78 268 232 207 112 132
arginine,3,lysine,5,18,15,3,10.249,10.645,-0.634,92.3,63.8,0.0,0.0,1.496,1.653,90 201 205 147 154 283 277 178
arginine,3,lysine,5,18,15,4,10.249,10.645,-0.634,92.3,63.8,0.0,0.0,2.237,2.25,102 184 191 135 143 276 258 122 141 196
arginine,3,aspartic,21,16,3,1,6.688,7.13,0.02,109.8,47.7,0.4191,0.0,3.178,3.963,52 196 286 192
arginine,3,aspartic,21,16,3,2,6.688,7.13,0.02,109.8,47.7,0.0,0.0,3.113,3.963,108 241 193 284 303 271
arginine,3,aspartic,21,16,3,3,6.688,7.13,0.02,109.8,47.7,0.0,0.0,3.021,3.963,101 330 48 149 53 303 290 80
arginine,3,aspartic,21,16,3,4,6.688,7.13,0.02,109.8,47.7,0.0,0.0,3.71,3.963,50 345 271 336 25 292 260 32 119 245
arginine,3,aspartic,21,16,4,1,6.688,7.007,0.02,90.5,52.9,0.6767,0.0,3.519,3.963,51 356 78 111
arginine,3,aspartic,21,16,4,2,6.688,7.007,0.02,90.5,52.9,0.1062,0.0,3.8,3.963,73 10 92 87 18 107
arginine,3,aspartic,21,16,4,3,6.688,7.007,0.02,90.5,52.9,0.0,0.0,1.786,0.671,300 311 268 106 115 285 311 195
arginine,3,aspartic,21,16,4,4,6.688,7.007,0.02,90.5,52.9,0.0,0.0,3.861,3.963,65 308 268 6 23 296 266 62 124 232
arginine,3,aspartic,21,16,5,1,6.688,4.843,0.02,100.0,148.9,0.0175,0.0,1.772,1.489,354 268 339 35
arginine,3,aspartic,21,16,5,2,6.688,4.843,0.02,100.0,148.9,0.0,0.0,3.649,3.963,85 133 320 271 315 312
arginine,3,aspartic,21,16,5,3,6.688,4.843,0.02,100.0,148.9,0.0,0.0,2.444,0.337,282 322 350 73 117 296 164 93
arginine,3,aspartic,21,16,5,4,6.688,4.843,0.02,100.0,148.9,0.0,0.0,2.878,3.624,62 23 326 280 298 306 277 42 154 269
arginine,3,aspartic,21,17,3,1,6.688,8.343,0.02,63.5,47.0,1.4169,0.0,3.059,5.098,301 360 159 119
arginine,3,aspartic,21,17,3,2,6.688,8.343,0.02,63.5,47.0,0.0,0.0,3.059,5.098,283 102 68 181 43 185
arginine,3,aspartic,21,17,3,3,6.688,8.343,0.02,63.5,47.0,0.0,0.0,2.141,5.098,349 7 57 325 296 82 96 203
arginine,3,aspartic,21,17,3,4,6.688,8.343,0.02,63.5,47.0,0.0,0.0,1.883,4.397,20 52 35 262 241 115 186 280 214 163
arginine,3,aspartic,21,17,4,1,6.688,7.807,0.02,60.8,68.5,1.0644,0.0,3.059,5.098,322 360 199 261
arginine,3,aspartic,21,17,4,2,6.688,7.807,0.02,60.8,68.5,0.0,0.0,1.596,4.882,6 20 95 312 273 150
arginine,3,aspartic,21,17,4,3,6.688,7.807,0.02,60.8,68.5,0.0,0.0,1.448,4.645,20 6 56 328 284 71 103 201
arginine,3,aspartic,21,17,4,4,6.688,7.807,0.02,60.8,68.5,0.0,0.0,2.25,5.098,351 355 36 340 310 85 114 263 233 152
arginine,3,aspartic,21,17,5,1,6.688,5.919,0.02,60.2,161.5,0.511,0.0,3.014,5.098,315 25 111 48
arginine,3,aspartic,21,17,5,2,6.688,5.919,0.02,60.2,161.5,0.0,0.0,2.957,5.098,344 110 55 275 215 89
arginine,3,aspartic,21,17,5,3,6.688,5.919,0.02,60.2,161.5,0.0,0.0,1.48,4.287,26 21 47 304 273 74 120 222
arginine,3,aspartic,21,17,5,4,6.688,5.919,0.02,60.2,161.5,0.0,0.0,2.256,5.098,351 355 26 315 297 84 107 288 250 143
arginine,3,aspartic,21,18,3,1,6.688,9.084,0.02,29.1,37.2,4.3394,0.0,2.9,0.179,60 360 182 357
arginine,3,aspartic,21,18,3,2,6.688,9.084,0.02,29.1,37.2,0.8468,0.0,1.754,0.809,75 359 192 340 154 165
arginine,3,aspartic,21,18,3,3,6.688,9.084,0.02,29.1,37.2,0.0,0.0,2.572,2.365,128 318 182 80 141 214 269 222
arginine,3,aspartic,21,18,3,4,6.688,9.084,0.02,29.1,37.2,0.0,0.0,2.579,0.607,66 320 285 67 90 235 219 115 129 197
arginine,3,aspartic,21,18,4,1,6.688,8.401,0.02,34.1,66.6,3.3336,0.0,2.602,1.459,30 0 177 5
arginine,3,aspartic,21,18,4,2,6.688,8.401,0.02,34.1,66.6,0.0,0.0,1.943,1.556,3 13 164 46 149 164
arginine,3,aspartic,21,18,4,3,6.688,8.401,0.02,34.1,66.6,0.0,0.0,1.447,1.834,342 23 245 346 128 284 291 222
arginine,3,aspartic,21,18,4,4,6.688,8.401,0.02,34.1,66.6,0.0,0.0,1.347,0.931,357 346 304 31 66 273 243 121 144 199
arginine,3,aspartic,21,18,5,1,6.688,6.652,0.02,26.4,142.4,3.0459,0.0,2.721,0.453,53 359 182 359
arginine,3,aspartic,21,18,5,2,6.688,6.652,0.02,26.4,142.4,0.0,0.0,2.469,0.794,74 3 198 335 153 34
arginine,3,aspartic,21,18,5,3,6.688,6.652,0.02,26.4,142.4,0.0,0.0,2.314,0.764,44 275 306 91 91 268 183 94
arginine,3,aspartic,21,18,5,4,6.688,6.652,0.02,26.4,142.4,0.0,0.0,2.917,0.594,54 325 297 70 91 255 229 87 115 204
arginine,3,glutamic,9,16,5,1,7.308,6.536,-0.889,77.3,110.8,0.0,0.0,2.497,0.57,311 288 189 77
arginine,3,glutamic,9,16,5,2,7.308,6.536,-0.889,77.3,110.8,0.0,0.0,3.52,0.627,333 46 68 283 246 126
arginine,3,glutamic,9,16,5,3,7.308,6.536,-0.889,77.3,110.8,0.0,0.0,2.09,1.527,178 133 91 303 233 76 184 270
arginine,3,glutamic,9,16,5,4,7.308,6.536,-0.889,77.3,110.8,0.0,0.0,1.96,0.72,218 65 79 303 295 101 112 283 232 129
arginine,3,glutamic,9,16,6,1,7.308,6.667,-0.889,98.6,105.3,0.0,0.0,1.688,1.492,236 129 126 242
arginine,3,glutamic,9,16,6,2,7.308,6.667,-0.889,98.6,105.3,0.0,0.0,0.97,2.986,200 175 92 275 256 109
arginine,3,glutamic,9,16,6,3,7.308,6.667,-0.889,98.6,105.3,0.0,0.0,2.594,3.372,173 175 138 242 250 94 120 214
arginine,3,glutamic,9,16,6,4,7.308,6.667,-0.889,98.6,105.3,0.0,0.0,2.703,3.756,161 171 156 224 236 128 132 253 234 154
arginine,3,glutamic,9,16,7,1,7.308,8.638,-0.889,87.2,20.3,1.3522,0.0,2.083,0.647,303 306 177 178
arginine,3,glutamic,9,16,7,2,7.308,8.638,-0.889,87.2,20.3,0.365,0.0,3.628,0.754,329 336 125 164 359 181
arginine,3,glutamic,9,16,7,3,7.308,8.638,-0.889,87.2,20.3,0.0,0.0,3.602,0.322,264 139 110 123 311 235 335 267
arginine,3,glutamic,9,16,7,4,7.308,8.638,-0.889,87.2,20.3,0.0,0.0,3.587,3.437,223 163 170 196 204 123 106 263 270 165
arginine,3,glutamic,9,17,5,1,7.308,7.713,-0.889,26.2,122.0,3.5966,0.0,3.059,1.137,118 1 178 2
arginine,3,glutamic,9,17,5,2,7.308,7.713,-0.889,26.2,122.0,0.0,0.0,2.15,0.733,115 338 209 20 165 228
arginine,3,glutamic,9,17,5,3,7.308,7.713,-0.889,26.2,122.0,0.0,0.0,1.832,0.922,58 308 269 80 116 245 221 165
arginine,3,glutamic,9,17,5,4,7.308,7.713,-0.889,26.2,122.0,0.0,0.0,1.486,0.359,46 337 298 63 93 248 227 126 141 194
arginine,3,glutamic,9,17,6,1,7.308,8.43,-0.889,23.9,92.1,4.3123,0.0,2.727,4.0,160 360 182 358
arginine,3,glutamic,9,17,6,2,7.308,8.43,-0.889,23.9,92.1,0.4868,0.0,0.337,3.048,162 360 181 359 166 157
arginine,3,glutamic,9,17,6,3,7.308,8.43,-0.889,23.9,92.1,0.0,0.0,0.82,2.483,133 307 275 66 107 244 215 159
arginine,3,glutamic,9,17,6,4,7.308,8.43,-0.889,23.9,92.1,0.0,0.0,1.828,0.327,355 290 261 63 110 290 250 158 177 193
arginine,3,glutamic,9,17,7,1,7.308,10.044,-0.889,26.2,19.9,5.4098,0.0,3.059,2.166,131 0 179 1
arginine,3,glutamic,9,17,7,2,7.308,10.044,-0.889,26.2,19.9,1.7481,0.0,1.211,2.242,132 360 198 330 178 179
arginine,3,glutamic,9,17,7,3,7.308,10.044,-0.889,26.2,19.9,0.3133,0.0,3.059,1.174,99 2 144 62 196 191 315 200
arginine,3,glutamic,9,17,7,4,7.308,10.044,-0.889,26.2,19.9,0.0,0.0,1.729,2.31,64 310 213 114 141 212 233 157 109 150
arginine,3,glutamic,9,18,5,1,7.308,5.286,-0.889,129.9,120.8,0.0122,0.0,2.155,0.777,81 359 10 64
arginine,3,glutamic,9,18,5,2,7.308,5.286,-0.889,129.9,120.8,0.0438,0.0,2.294,0.777,330 226 85 39 85 50
arginine,3,glutamic,9,18,5,3,7.308,5.286,-0.889,129.9,120.8,0.0,0.0,2.804,1.265,265 98 268 302 186 68 153 35
arginine,3,glutamic,9,18,5,4,7.308,5.286,-0.889,129.9,120.8,0.0,0.0,1.257,1.48,18 294 256 328 350 288 249 47 116 233
arginine,3,glutamic,9,18,6,1,7.308,6.191,-0.889,118.9,83.6,0.0,0.0,0.382,2.21,99 115 309 126
arginine,3,glutamic,9,18,6,2,7.308,6.191,-0.889,118.9,83.6,0.0,0.0,1.737,2.035,152 166 301 38 94 303
arginine,3,glutamic,9,18,6,3,7.308,6.191,-0.889,118.9,83.6,0.0,0.0,1.733,2.667,203 185 234 96 96 272 225 139
arginine,3,glutamic,9,18,6,4,7.308,6.191,-0.889,118.9,83.6,0.0,0.0,2.279,2.524,207 182 205 136 120 236 230 85 106 209
arginine,3,glutamic,9,18,7,1,7.308,7.623,-0.889,130.6,20.2,0.9926,0.0,2.794,1.039,42 213 77 172
arginine,3,glutamic,9,18,7,2,7.308,7.623,-0.889,130.6,20.2,0.2814,0.0,2.116,1.417,13 6 312 182 360 180
arginine,3,glutamic,9,18,7,3,7.308,7.623,-0.889,130.6,20.2,0.0,0.0,2.917,0.661,82 327 105 123 294 154 49 327
arginine,3,glutamic,9,18,7,4,7.308,7.623,-0.889,130.6,20.2,0.0,0.0,2.481,2.991,171 181 155 131 149 232 258 113 76 185
arginine,3,isoleucine,4,16,4,1,4.302,3.922,0.334,144.4,39.3,1.3933,0.0,1.658,3.963,175 329 6 4
arginine,3,isoleucine,4,16,4,2,4.302,3.922,0.334,144.4,39.3,0.1369,0.0,2.61,3.963,114 328 357 290 268 358
arginine,3,isoleucine,4,16,4,3,4.302,3.922,0.334,144.4,39.3,0.0,0.0,2.61,3.963,45 218 102 249 293 70 133 286
arginine,3,isoleucine,4,16,4,4,4.302,3.922,0.334,144.4,39.3,0.0,0.0,1.637,1.639,244 164 160 275 4 98 66 306 219 85
arginine,3,isoleucine,4,16,5,1,4.302,3.932,0.334,136.5,38.9,1.3717,0.0,2.546,0.449,282 29 3 3
arginine,3,isoleucine,4,16,5,2,4.302,3.932,0.334,136.5,38.9,0.2453,0.0,2.61,0.866,327 37 7 80 79 3
arginine,3,isoleucine,4,16,5,3,4.302,3.932,0.334,136.5,38.9,0.0,0.0,1.312,3.778,193 273 351 221 7 90 73 321
arginine,3,isoleucine,4,16,5,4,4.302,3.932,0.334,136.5,38.9,0.0,0.0,2.61,2.281,330 166 171 295 345 73 67 311 239 98
arginine,3,isoleucine,4,16,6,1,4.302,3.211,0.334,171.8,64.6,2.5652,0.0,2.61,1.434,317 70 313 357
arginine,3,isoleucine,4,16,6,2,4.302,3.211,0.334,171.8,64.6,0.7249,0.0,2.61,3.963,70 6 1 47 119 0
arginine,3,isoleucine,4,16,6,3,4.302,3.211,0.334,171.8,64.6,0.0,0.0,2.61,3.963,74 119 214 229 353 19 146 14
arginine,3,isoleucine,4,16,6,4,4.302,3.211,0.334,171.8,64.6,0.0,0.0,2.61,3.963,108 289 351 156 115 39 77 329 218 96
arginine,3,isoleucine,4,17,4,1,4.302,5.678,0.334,65.8,60.0,0.3307,0.0,2.076,5.098,226 269 285 329
arginine,3,isoleucine,4,17,4,2,4.302,5.678,0.334,65.8,60.0,0.0,0.0,2.963,5.098,239 107 358 335 269 42
arginine,3,isoleucine,4,17,4,3,4.302,5.678,0.334,65.8,60.0,0.0,0.0,3.048,5.098,313 28 62 288 251 89 117 196
arginine,3,isoleucine,4,17,4,4,4.302,5.678,0.334,65.8,60.0,0.0,0.0,3.059,5.098,318 348 37 317 277 84 112 245 229 168
arginine,3,isoleucine,4,17,5,1,4.302,6.173,0.334,42.5,39.7,1.7382,0.0,1.378,4.567,200 333 224 349
arginine,3,isoleucine,4,17,5,2,4.302,6.173,0.334,42.5,39.7,0.2838,0.0,1.249,3.137,160 327 252 302 280 291
arginine,3,isoleucine,4,17,5,3,4.302,6.173,0.334,42.5,39.7,0.0,0.0,1.157,2.841,171 264 251 124 87 320 251 107
arginine,3,isoleucine,4,17,5,4,4.302,6.173,0.334,42.5,39.7,0.0,0.0,3.059,1.139,296 65 145 266 203 106 121 237 252 180
arginine,3,isoleucine,4,17,6,1,4.302,5.52,0.334,51.9,65.9,0.863,0.0,3.059,5.098,242 49 110 8
arginine,3,isoleucine,4,17,6,2,4.302,5.52,0.334,51.9,65.9,0.0,0.0,3.059,5.098,284 63 45 339 233 52
arginine,3,isoleucine,4,17,6,3,4.302,5.52,0.334,51.9,65.9,0.0,0.0,2.667,5.098,323 34 49 294 265 78 132 226
arginine,3,isoleucine,4,17,6,4,4.302,5.52,0.334,51.9,65.9,0.0,0.0,2.825,5.098,330 2 38 298 265 99 128 254 229 160
arginine,3,isoleucine,4,18,4,1,4.302,5.422,0.334,75.1,47.2,0.4897,0.0,1.427,2.991,151 94 34 43
arginine,3,isoleucine,4,18,4,2,4.302,5.422,0.334,75.1,47.2,0.0,0.0,1.431,2.991,152 175 15 111 6 0
arginine,3,isoleucine,4,18,4,3,4.302,5.422,0.334,75.1,47.2,0.0,0.0,1.569,1.449,113 256 25 105 26 243 269 36
arginine,3,isoleucine,4,18,4,4,4.302,5.422,0.334,75.1,47.2,0.0,0.0,2.255,0.742,96 317 237 188 90 181 331 92 65 307
arginine,3,isoleucine,4,18,5,1,4.302,5.026,0.334,86.0,62.3,0.1904,0.0,2.187,1.629,97 209 17 318
arginine,3,isoleucine,4,18,5,2,4.302,5.026,0.334,86.0,62.3,0.0,0.0,1.066,2.991,154 146 326 213 7 325
arginine,3,isoleucine,4,18,5,3,4.302,5.026,0.334,86.0,62.3,0.0,0.0,2.077,2.644,193 168 253 150 75 274 245 103
arginine,3,isoleucine,4,18,5,4,4.302,5.026,0.334,86.0,62.3,0.0,0.0,1.412,2.991,200 255 226 98 359 257 310 85 143 306
arginine,3,isoleucine,4,18,6,1,4.302,5.339,0.334,58.8,50.5,1.2689,0.0,2.185,0.859,99 294 287 343
arginine,3,isoleucine,4,18,6,2,4.302,5.339,0.334,58.8,50.5,0.0941,0.0,2.771,0.801,61 316 276 295 290 312
arginine,3,isoleucine,4,18,6,3,4.302,5.339,0.334,58.8,50.5,0.0,0.0,1.671,0.189,13 327 280 73 106 282 266 159
arginine,3,isoleucine,4,18,6,4,4.302,5.339,0.334,58.8,50.5,0.0,0.0,1.507,0.559,358 357 313 45 77 285 260 113 136 202
arginine,3,leucine,13,16,1,1,11.337,11.492,-0.624,38.8,123.9,5.8965,0.0,3.861,2.61,220 359 200 309
arginine,3,leucine,13,16,1,2,11.337,11.492,-0.624,38.8,123.9,2.3034,0.0,2.539,1.682,219 360 146 70 178 179
arginine,3,leucine,13,16,1,3,11.337,11.492,-0.624,38.8,123.9,0.0,0.0,2.514,1.221,241 59 117 276 237 171 179 181
arginine,3,leucine,13,16,1,4,11.337,11.492,-0.624,38.8,123.9,0.0,0.0,2.187,0.83,276 22 69 309 273 118 132 196 196 182
arginine,3,leucine,13,16,2,1,11.337,13.539,-0.624,39.0,40.2,7.8242,0.0,3.861,2.919,208 0 159 62
arginine,3,leucine,13,16,2,2,11.337,13.539,-0.624,39.0,40.2,4.2741,0.0,2.387,2.076,208 0 215 284 181 181
arginine,3,leucine,13,16,2,3,11.337,13.539,-0.624,39.0,40.2,0.9266,0.0,0.893,2.632,186 2 221 286 193 189 154 160
arginine,3,leucine,13,16,2,4,11.337,13.539,-0.624,39.0,40.2,0.0,0.0,1.542,3.76,158 31 186 311 144 136 179 124 63 159
arginine,3,leucine,13,16,13,1,11.337,13.147,-0.624,47.4,58.2,6.9388,0.0,3.861,3.152,218 0 205 271
arginine,3,leucine,13,16,13,2,11.337,13.147,-0.624,47.4,58.2,3.4038,0.0,2.133,2.731,217 1 142 91 185 183
arginine,3,leucine,13,16,13,3,11.337,13.147,-0.624,47.4,58.2,0.0472,0.0,1.773,2.505,228 358 138 113 171 174 238 212
arginine,3,leucine,13,16,13,4,11.337,13.147,-0.624,47.4,58.2,0.0,0.0,2.011,0.51,283 19 86 298 266 146 143 177 204 199
arginine,3,leucine,13,17,1,1,11.337,10.235,-0.624,89.8,122.2,2.9786,0.0,3.059,1.095,133 301 180 180
arginine,3,leucine,13,17,1,2,11.337,10.235,-0.624,89.8,122.2,0.0,0.0,2.339,2.219,137 244 210 144 155 182
arginine,3,leucine,13,17,1,3,11.337,10.235,-0.624,89.8,122.2,0.0,0.0,1.381,2.302,185 218 239 95 108 221 187 149
arginine,3,leucine,13,17,1,4,11.337,10.235,-0.624,89.8,122.2,0.0,0.0,1.594,2.661,165 171 209 142 130 264 244 133 165 208
arginine,3,leucine,13,17,2,1,11.337,12.075,-0.624,98.3,48.8,4.8323,0.0,3.059,1.887,138 286 175 177
arginine,3,leucine,13,17,2,2,11.337,12.075,-0.624,98.3,48.8,1.0936,0.0,1.781,1.705,134 289 174 177 176 176
arginine,3,leucine,13,17,2,3,11.337,12.075,-0.624,98.3,48.8,0.0,0.0,1.929,4.325,129 208 212 169 173 245 243 175
arginine,3,leucine,13,17,2,4,11.337,12.075,-0.624,98.3,48.8,0.0,0.0,1.776,5.051,169 188 199 154 152 223 219 136 145 192
arginine,3,leucine,13,17,13,1,11.337,12.091,-0.624,89.1,48.1,4.8288,0.0,3.001,1.002,82 57 179 179
arginine,3,leucine,13,17,13,2,11.337,12.091,-0.624,89.1,48.1,1.1132,0.0,1.848,1.069,135 309 188 184 186 186
arginine,3,leucine,13,17,13,3,11.337,12.091,-0.624,89.1,48.1,0.0,0.0,2.751,0.254,79 34 156 78 233 195 30 182
arginine,3,leucine,13,17,13,4,11.337,12.091,-0.624,89.1,48.1,0.0,0.0,1.639,5.098,185 208 232 147 141 201 191 103 114 191
arginine,3,leucine,13,18,1,1,11.337,9.096,-0.624,142.0,127.0,1.8606,0.0,2.917,0.272,252 159 172 174
arginine,3,leucine,13,18,1,2,11.337,9.096,-0.624,142.0,127.0,0.0,0.0,1.776,1.499,256 204 178 271 117 20
arginine,3,leucine,13,18,1,3,11.337,9.096,-0.624,142.0,127.0,0.0,0.0,2.521,1.49,180 194 190 259 216 51 87 179
arginine,3,leucine,13,18,1,4,11.337,9.096,-0.624,142.0,127.0,0.0,0.0,2.78,2.731,165 212 184 217 234 117 122 231 211 155
arginine,3,leucine,13,18,2,1,11.337,11.225,-0.624,137.0,39.5,4.017,0.0,2.917,0.548,237 146 170 173
arginine,3,leucine,13,18,2,2,11.337,11.225,-0.624,137.0,39.5,0.6716,0.0,1.992,1.311,235 128 168 173 127 149
arginine,3,leucine,13,18,2,3,11.337,11.225,-0.624,137.0,39.5,0.0,0.0,2.127,1.75,228 145 116 222 71 179 20 201
arginine,3,leucine,13,18,2,4,11.337,11.225,-0.624,137.0,39.5,0.0,0.0,1.793,2.862,177 149 132 253 280 165 131 241 276 156
arginine,3,leucine,13,18,13,1,11.337,10.821,-0.624,149.4,57.9,3.5737,0.0,2.917,0.759,262 180 181 181
arginine,3,leucine,13,18,13,2,11.337,10.821,-0.624,149.4,57.9,0.4537,0.0,1.798,0.451,263 181 159 97 267 195
arginine,3,leucine,13,18,13,3,11.337,10.821,-0.624,149.4,57.9,0.0,0.0,2.118,2.991,196 199 184 210 213 114 123 192
arginine,3,leucine,13,18,13,4,11.337,10.821,-0.624,149.4,57.9,0.0,0.0,2.917,2.991,180 219 187 208 230 112 117 225 199 152
arginine,3,serine,31,16,3,1,6.799,5.722,-0.13,170.0,69.4,1.0072,0.0,3.861,3.963,27 139 245 349
arginine,3,serine,31,16,3,2,6.799,5.722,-0.13,170.0,69.4,0.0,0.0,3.861,3.963,98 295 26 59 149 39
arginine,3,serine,31,16,3,3,6.799,5.722,-0.13,170.0,69.4,0.0,0.0,3.861,3.963,170 115 208 273 334 44 119 258
arginine,3,serine,31,16,3,4,6.799,5.722,-0.13,170.0,69.4,0.0,0.0,3.861,3.062,338 105 159 318 314 80 92 299 266 170
arginine,3,serine,31,16,4,1,6.799,6.134,-0.13,146.2,54.0,0.2942,0.0,3.861,3.179,348 87 308 276
arginine,3,serine,31,16,4,2,6.799,6.134,-0.13,146.2,54.0,0.0,0.0,3.383,2.523,345 16 305 317 305 39
arginine,3,serine,31,16,4,3,6.799,6.134,-0.13,146.2,54.0,0.0,0.0,3.556,1.541,23 325 119 15 31 353 233 357
arginine,3,serine,31,16,4,4,6.799,6.134,-0.13,146.2,54.0,0.0,0.0,3.861,0.778,267 101 129 322 310 78 109 274 240 164
arginine,3,serine,31,16,5,1,6.799,3.908,-0.13,150.3,161.2,1.0622,0.0,3.861,2.689,343 71 322 355
arginine,3,serine,31,16,5,2,6.799,3.908,-0.13,150.3,161.2,0.0,0.0,3.861,3.017,228 336 356 31 138 3
arginine,3,serine,31,16,5,3,6.799,3.908,-0.13,150.3,161.2,0.0,0.0,3.861,3.963,108 88 342 227 330 343 128 57
arginine,3,serine,31,16,5,4,6.799,3.908,-0.13,150.3,161.2,0.0,0.0,3.861,1.048,272 26 60 228 270 87 92 300 201 97
arginine,3,serine,31,17,3,1,6.799,7.947,-0.13,57.2,76.9,1.4158,0.0,3.059,5.098,247 359 155 91
arginine,3,serine,31,17,3,2,6.799,7.947,-0.13,57.2,76.9,0.0,0.0,3.059,5.098,295 10 102 341 243 151
arginine,3,serine,31,17,3,3,6.799,7.947,-0.13,57.2,76.9,0.0,0.0,3.059,5.098,198 49 124 189 76 205 320 292
arginine,3,serine,31,17,3,4,6.799,7.947,-0.13,57.2,76.9,0.0,0.0,2.276,5.098,337 33 54 257 269 141 138 232 215 155
arginine,3,serine,31,17,4,1,6.799,8.361,-0.13,49.3,61.4,2.2271,0.0,3.059,5.098,264 360 201 297
arginine,3,serine,31,17,4,2,6.799,8.361,-0.13,49.3,61.4,0.0,0.0,3.059,4.618,310 324 188 284 269 171
arginine,3,serine,31,17,4,3,6.799,8.361,-0.13,49.3,61.4,0.0,0.0,2.239,4.687,341 20 98 283 243 126 122 161
arginine,3,serine,31,17,4,4,6.799,8.361,-0.13,49.3,61.4,0.0,0.0,2.771,4.905,329 9 49 304 276 112 133 236 219 163
arginine,3,serine,31,17,5,1,6.799,6.308,-0.13,42.9,157.8,1.5971,0.0,3.059,4.972,255 355 200 342
arginine,3,serine,31,17,5,2,6.799,6.308,-0.13,42.9,157.8,0.0,0.0,3.059,3.8,292 66 94 306 200 99
arginine,3,serine,31,17,5,3,6.799,6.308,-0.13,42.9,157.8,0.0,0.0,2.575,4.361,329 72 48 283 236 84 190 246
arginine,3,serine,31,17,5,4,6.799,6.308,-0.13,42.9,157.8,0.0,0.0,1.612,3.179,6 18 51 309 279 81 112 237 207 157
arginine,3,serine,31,18,3,1,6.799,7.911,-0.13,58.7,66.8,1.2754,0.0,2.917,2.577,114 360 199 268
arginine,3,serine,31,18,3,2,6.799,7.911,-0.13,58.7,66.8,0.0,0.0,2.917,2.233,134 260 287 55 58 213
arginine,3,serine,31,18,3,3,6.799,7.911,-0.13,58.7,66.8,0.0,0.0,2.917,2.991,143 166 327 204 67 218 206 74
arginine,3,serine,31,18,3,4,6.799,7.911,-0.13,58.7,66.8,0.0,0.0,2.917,0.597,58 346 316 68 101 266 221 49 100 222
arginine,3,serine,31,18,4,1,6.799,8.288,-0.13,52.4,51.9,1.9646,0.0,2.917,1.255,93 0 159 72
arginine,3,serine,31,18,4,2,6.799,8.288,-0.13,52.4,51.9,0.1469,0.0,2.917,0.602,55 355 215 299 308 207
arginine,3,serine,31,18,4,3,6.799,8.288,-0.13,52.4,51.9,0.0,0.0,2.153,0.444,20 353 212 95 154 218 273 272
arginine,3,serine,31,18,4,4,6.799,8.288,-0.13,52.4,51.9,0.0,0.0,1.317,1.072,352 352 292 36 75 292 275 136 137 185
arginine,3,serine,31,18,5,1,6.799,5.945,-0.13,57.8,166.8,0.484,0.0,2.917,1.874,98 25 129 38
arginine,3,serine,31,18,5,2,6.799,5.945,-0.13,57.8,166.8,0.0,0.0,2.917,0.669,60 277 310 78 98 260
arginine,3,serine,31,18,5,3,6.799,5.945,-0.13,57.8,166.8,0.0,0.0,1.57,0.765,8 318 306 76 110 269 209 138
arginine,3,serine,31,18,5,4,6.799,5.945,-0.13,57.8,166.8,0.0,0.0,1.237,0.798,348 354 322 48 78 282 248 117 151 204
arginine,3,tryptophan,5,16,16,1,11.56,10.458,0.071,106.8,111.0,3.1994,0.0,3.413,0.685,353 270 177 178
arginine,3,tryptophan,5,16,16,2,11.56,10.458,0.071,106.8,111.0,0.0,0.0,2.957,0.368,350 238 220 123 264 202
arginine,3,tryptophan,5,16,16,3,11.56,10.458,0.071,106.8,111.0,0.0,0.0,2.988,1.864,229 137 128 279 266 136 169 214
arginine,3,tryptophan,5,16,16,4,11.56,10.458,0.071,106.8,111.0,0.0,0.0,3.258,3.293,219 175 175 229 227 119 127 215 202 165
arginine,3,tryptophan,5,16,17,1,11.56,11.509,0.071,96.4,70.8,4.2508,0.0,2.516,0.42,355 287 184 182
arginine,3,tryptophan,5,16,17,2,11.56,11.509,0.071,96.4,70.8,0.5229,0.0,1.358,0.678,350 292 183 182 182 182
arginine,3,tryptophan,5,16,17,3,11.56,11.509,0.071,96.4,70.8,0.0,0.0,1.936,0.416,272 335 325 219 261 250 78 108
arginine,3,tryptophan,5,16,17,4,11.56,11.509,0.071,96.4,70.8,0.0,0.0,3.365,0.659,322 20 56 334 310 122 148 265 240 154
arginine,3,tryptophan,5,16,18,1,11.56,12.454,0.071,107.2,26.0,5.2338,0.0,3.616,0.604,286 90 185 183
arginine,3,tryptophan,5,16,18,2,11.56,12.454,0.071,107.2,26.0,1.4763,0.0,1.592,0.75,290 89 187 184 185 185
arginine,3,tryptophan,5,16,18,3,11.56,12.454,0.071,107.2,26.0,0.1973,0.0,2.233,0.515,294 129 188 184 205 201 8 176
arginine,3,tryptophan,5,16,18,4,11.56,12.454,0.071,107.2,26.0,0.0,0.0,3.643,0.584,305 84 269 181 147 281 333 136 15 141
arginine,3,tryptophan,5,17,16,1,11.56,12.489,0.071,12.1,106.9,8.8677,0.0,3.059,4.757,297 0 179 1
arginine,3,tryptophan,5,17,16,2,11.56,12.489,0.071,12.1,106.9,5.1115,0.0,3.05,2.323,299 360 181 359 170 165
arginine,3,tryptophan,5,17,16,3,11.56,12.489,0.071,12.1,106.9,1.5522,0.0,1.857,1.415,297 0 179 1 215 221 184 183
arginine,3,tryptophan,5,17,16,4,11.56,12.489,0.071,12.1,106.9,0.0,0.0,3.059,1.256,239 61 127 290 221 143 169 203 200 184
arginine,3,tryptophan,5,17,17,1,11.56,13.241,0.071,16.2,78.2,9.1558,0.0,2.572,4.794,339 360 181 359
arginine,3,tryptophan,5,17,17,2,11.56,13.241,0.071,16.2,78.2,5.4902,0.0,1.543,3.289,336 0 174 9 187 185
arginine,3,tryptophan,5,17,17,3,11.56,13.241,0.071,16.2,78.2,1.8374,0.0,0.507,2.336,338 0 180 0 153 153 180 180
arginine,3,tryptophan,5,17,17,4,11.56,13.241,0.071,16.2,78.2,0.0,0.0,0.616,3.889,335 75 118 271 227 142 163 183 177 178
arginine,3,tryptophan,5,17,18,1,11.56,14.436,0.071,18.0,20.6,10.1078,0.0,3.059,4.787,308 0 180 0
arginine,3,tryptophan,5,17,18,2,11.56,14.436,0.071,18.0,20.6,6.5337,0.0,2.322,2.922,309 360 193 339 176 177
arginine,3,tryptophan,5,17,18,3,11.56,14.436,0.071,18.0,20.6,2.7923,0.0,1.163,2.089,308 0 180 0 189 188 181 180
arginine,3,tryptophan,5,17,18,4,11.56,14.436,0.071,18.0,20.6,0.401,0.0,1.122,1.63,291 359 204 311 165 172 170 171 278 208
arginine,3,tryptophan,5,18,16,1,11.56,10.982,0.071,86.6,113.2,3.7626,0.0,2.917,0.978,31 49 188 185
arginine,3,tryptophan,5,18,16,2,11.56,10.982,0.071,86.6,113.2,0.0,0.0,2.858,0.774,38 36 189 178 182 181
arginine,3,tryptophan,5,18,16,3,11.56,10.982,0.071,86.6,113.2,0.0,0.0,2.497,0.868,18 259 318 168 112 193 200 140
arginine,3,tryptophan,5,18,16,4,11.56,10.982,0.071,86.6,113.2,0.0,0.0,2.917,2.688,123 190 195 138 141 253 242 142 157 195
arginine,3,tryptophan,5,18,17,1,11.56,11.791,0.071,85.9,81.8,4.5498,0.0,2.917,0.354,73 311 174 176
arginine,3,tryptophan,5,18,17,2,11.56,11.791,0.071,85.9,81.8,0.8034,0.0,1.199,0.571,67 319 181 181 181 181
arginine,3,tryptophan,5,18,17,3,11.56,11.791,0.071,85.9,81.8,0.0,0.0,1.646,1.755,339 35 242 61 26 175 154 189
arginine,3,tryptophan,5,18,17,4,11.56,11.791,0.071,85.9,81.8,0.0,0.0,2.67,1.139,32 359 329 25 37 253 216 124 150 199
arginine,3,tryptophan,5,18,18,1,11.56,13.124,0.071,81.6,17.1,5.8879,0.0,2.917,0.491,34 37 181 181
arginine,3,tryptophan,5,18,18,2,11.56,13.124,0.071,81.6,17.1,2.1584,0.0,1.556,0.045,70 332 174 177 176 176
arginine,3,tryptophan,5,18,18,3,11.56,13.124,0.071,81.6,17.1,0.5043,0.0,2.802,0.452,64 15 193 188 188 187 43 161
arginine,3,tryptophan,5,18,18,4,11.56,13.124,0.071,81.6,17.1,0.0,0.0,2.551,0.19,54 16 251 275 153 222 246 188 37 189
arginine,3,lysine,8,16,13,1,9.332,9.261,0.907,150.3,34.0,2.0121,0.0,3.547,3.157,356 180 185 189
arginine,3,lysine,8,16,13,2,9.332,9.261,0.907,150.3,34.0,0.3311,0.0,3.861,1.453,299 179 158 136 345 185
arginine,3,lysine,8,16,13,3,9.332,9.261,0.907,150.3,34.0,0.0,0.0,3.861,3.62,228 186 183 234 238 121 133 198
arginine,3,lysine,8,16,13,4,9.332,9.261,0.907,150.3,34.0,0.0,0.0,3.861,3.963,117 96 315 355 82 251 21 78 122 184
arginine,3,lysine,8,16,14,1,9.332,7.355,0.907,150.4,111.3,0.1691,0.0,3.861,3.922,16 180 194 216
arginine,3,lysine,8,16,14,2,9.332,7.355,0.907,150.4,111.3,0.0,0.0,3.861,3.963,83 279 151 248 216 39
arginine,3,lysine,8,16,14,3,9.332,7.355,0.907,150.4,111.3,0.0,0.0,3.861,3.963,167 161 173 121 106 270 252 153
arginine,3,lysine,8,16,14,4,9.332,7.355,0.907,150.4,111.3,0.0,0.0,3.861,1.022,221 23 321 242 282 351 288 341 37 232
arginine,3,lysine,8,16,15,1,9.332,7.235,0.907,141.9,116.6,0.0,0.0,3.467,2.475,9 223 154 188
arginine,3,lysine,8,16,15,2,9.332,7.235,0.907,141.9,116.6,0.0,0.0,3.028,2.19,43 188 254 63 16 26
arginine,3,lysine,8,16,15,3,9.332,7.235,0.907,141.9,116.6,0.0,0.0,3.861,3.272,221 199 161 228 255 101 135 231
arginine,3,lysine,8,16,15,4,9.332,7.235,0.907,141.9,116.6,0.0,0.0,2.288,1.442,38 43 10 178 39 102 334 235 333 316
arginine,3,lysine,8,17,13,1,9.332,11.496,0.907,51.7,30.2,5.1178,0.0,3.059,5.098,262 360 154 96
arginine,3,lysine,8,17,13,2,9.332,11.496,0.907,51.7,30.2,1.6123,0.0,3.059,4.899,259 2 223 257 194 189
arginine,3,lysine,8,17,13,3,9.332,11.496,0.907,51.7,30.2,0.06,0.0,3.059,5.098,242 359 141 119 171 174 329 197
arginine,3,lysine,8,17,13,4,9.332,11.496,0.907,51.7,30.2,0.0,0.0,3.059,4.709,246 20 102 320 287 135 129 220 239 175
arginine,3,lysine,8,17,14,1,9.332,9.411,0.907,58.8,117.2,2.8324,0.0,3.059,5.098,267 359 150 110
arginine,3,lysine,8,17,14,2,9.332,9.411,0.907,58.8,117.2,0.0,0.0,3.059,5.098,267 59 145 244 208 170
arginine,3,lysine,8,17,14,3,9.332,9.411,0.907,58.8,117.2,0.0,0.0,3.059,5.098,241 116 147 216 228 107 67 168
arginine,3,lysine,8,17,14,4,9.332,9.411,0.907,58.8,117.2,0.0,0.0,3.059,4.965,270 30 54 304 287 119 132 270 248 151
arginine,3,lysine,8,17,15,1,9.332,9.528,0.907,43.9,112.1,3.797,0.0,3.059,5.098,263 1 159 51
arginine,3,lysine,8,17,15,2,9.332,9.528,0.907,43.9,112.1,0.2265,0.0,3.059,3.347,258 3 147 58 213 201
arginine,3,lysine,8,17,15,3,9.332,9.528,0.907,43.9,112.1,0.0,0.0,3.059,2.984,277 58 64 308 272 114 161 225
arginine,3,lysine,8,17,15,4,9.332,9.528,0.907,43.9,112.1,0.0,0.0,1.741,2.451,358 34 46 307 265 82 134 207 157 151
arginine,3,lysine,8,18,13,1,9.332,11.392,0.907,56.2,36.3,4.8054,0.0,2.917,1.379,94 1 206 248
arginine,3,lysine,8,18,13,2,9.332,11.392,0.907,56.2,36.3,1.212,0.0,2.917,1.422,95 360 220 254 179 180
arginine,3,lysine,8,18,13,3,9.332,11.392,0.907,56.2,36.3,0.0,0.0,2.917,1.71,109 27 77 150 134 114 354 204
arginine,3,lysine,8,18,13,4,9.332,11.392,0.907,56.2,36.3,0.0,0.0,2.917,0.273,71 343 296 54 64 228 222 133 137 193
arginine,3,lysine,8,18,14,1,9.332,9.673,0.907,47.7,105.9,3.6138,0.0,2.917,1.824,102 359 204 291
arginine,3,lysine,8,18,14,2,9.332,9.673,0.907,47.7,105.9,0.0416,0.0,2.917,1.63,98 1 219 273 190 186
arginine,3,lysine,8,18,14,3,9.332,9.673,0.907,47.7,105.9,0.0,0.0,2.917,0.273,56 330 282 58 95 234 213 168
arginine,3,lysine,8,18,14,4,9.332,9.673,0.907,47.7,105.9,0.0,0.0,2.917,0.403,62 337 302 62 92 234 211 109 127 197
arginine,3,lysine,8,18,15,1,9.332,9.206,0.907,57.9,126.9,2.6921,0.0,2.917,1.056,90 359 150 104
arginine,3,lysine,8,18,15,2,9.332,9.206,0.907,57.9,126.9,0.0,0.0,2.917,2.364,119 332 201 210 284 174
arginine,3,lysine,8,18,15,3,9.332,9.206,0.907,57.9,126.9,0.0,0.0,2.917,0.142,68 330 302 31 68 265 233 141
arginine,3,lysine,8,18,15,4,9.332,9.206,0.907,57.9,126.9,0.0,0.0,2.917,0.825,48 351 309 56 81 239 223 107 121 198
arginine,3,aspartic,8,16,3,1,9.681,9.292,0.864,122.8,58.9,2.0163,0.0,2.137,2.471,222 120 174 176
arginine,3,aspartic,8,16,3,2,9.681,9.292,0.864,122.8,58.9,0.0,0.0,2.164,2.256,243 344 309 195 84 129
arginine,3,aspartic,8,16,3,3,9.681,9.292,0.864,122.8,58.9,0.0,0.0,3.095,3.835,197 144 91 293 316 109 126 236
arginine,3,aspartic,8,16,3,4,9.681,9.292,0.864,122.8,58.9,0.0,0.0,3.711,3.963,150 159 140 230 252 150 132 266 283 177
arginine,3,aspartic,8,16,4,1,9.681,9.811,0.864,136.8,35.0,2.5247,0.0,1.09,1.844,286 217 179 179
arginine,3,aspartic,8,16,4,2,9.681,9.811,0.864,136.8,35.0,0.4079,0.0,3.071,3.963,207 174 153 146 313 198
arginine,3,aspartic,8,16,4,3,9.681,9.811,0.864,136.8,35.0,0.0,0.0,3.514,3.963,180 201 165 213 222 108 129 207
arginine,3,aspartic,8,16,4,4,9.681,9.811,0.864,136.8,35.0,0.0,0.0,2.525,3.963,168 209 182 211 222 118 125 233 216 161
arginine,3,aspartic,8,16,5,1,9.681,7.799,0.864,129.2,117.0,0.5226,0.0,1.764,1.868,284 235 173 175
arginine,3,aspartic,8,16,5,2,9.681,7.799,0.864,129.2,117.0,0.0,0.0,2.681,3.963,173 194 146 289 160 83
arginine,3,aspartic,8,16,5,3,9.681,7.799,0.864,129.2,117.0,0.0,0.0,3.552,3.963,152 205 151 228 238 95 124 216
arginine,3,aspartic,8,16,5,4,9.681,7.799,0.864,129.2,117.0,0.0,0.0,3.861,3.963,140 203 154 203 226 127 139 272 245 154
arginine,3,aspartic,8,17,3,1,9.681,11.379,0.864,37.2,63.3,5.8684,0.0,3.059,4.64,188 0 162 45
arginine,3,aspartic,8,17,3,2,9.681,11.379,0.864,37.2,63.3,2.286,0.0,2.582,4.073,189 0 214 293 180 180
arginine,3,aspartic,8,17,3,3,9.681,11.379,0.864,37.2,63.3,0.0,0.0,2.524,3.173,143 347 232 309 196 173 132 124
arginine,3,aspartic,8,17,3,4,9.681,11.379,0.864,37.2,63.3,0.0,0.0,2.331,1.03,223 328 228 20 130 22 59 176 330 231
arginine,3,aspartic,8,17,4,1,9.681,12.006,0.864,44.9,34.4,5.9854,0.0,3.059,5.098,202 0 204 282
arginine,3,aspartic,8,17,4,2,9.681,12.006,0.864,44.9,34.4,2.4329,0.0,3.059,4.933,201 1 143 83 186 184
arginine,3,aspartic,8,17,4,3,9.681,12.006,0.864,44.9,34.4,0.0839,0.0,3.059,5.098,210 2 221 240 191 187 66 151
arginine,3,aspartic,8,17,4,4,9.681,12.006,0.864,44.9,34.4,0.0,0.0,2.6,5.098,244 291 182 46 276 339 103 253 266 236
arginine,3,aspartic,8,17,5,1,9.681,9.818,0.864,47.0,125.5,3.8334,0.0,3.059,5.016,195 360 155 73
arginine,3,aspartic,8,17,5,2,9.681,9.818,0.864,47.0,125.5,0.3075,0.0,2.757,4.744,200 358 212 289 158 168
arginine,3,aspartic,8,17,5,3,9.681,9.818,0.864,47.0,125.5,0.0,0.0,3.059,4.944,231 67 123 242 207 130 131 175
arginine,3,aspartic,8,17,5,4,9.681,9.818,0.864,47.0,125.5,0.0,0.0,2.196,3.777,201 40 190 75 5 252 334 37 336 120
arginine,3,aspartic,8,18,3,1,9.681,9.555,0.864,110.9,72.5,2.2749,0.0,2.632,2.444,141 263 176 178
arginine,3,aspartic,8,18,3,2,9.681,9.555,0.864,110.9,72.5,0.0,0.0,2.917,2.976,142 182 245 173 109 188
arginine,3,aspartic,8,18,3,3,9.681,9.555,0.864,110.9,72.5,0.0,0.0,2.917,2.991,171 179 200 141 141 256 244 160
arginine,3,aspartic,8,18,3,4,9.681,9.555,0.864,110.9,72.5,0.0,0.0,2.917,2.632,203 182 201 143 135 220 215 119 134 200
arginine,3,aspartic,8,18,4,1,9.681,10.582,0.864,100.9,24.5,3.3189,0.0,1.822,1.646,75 80 179 179
arginine,3,aspartic,8,18,4,2,9.681,10.582,0.864,100.9,24.5,0.7118,0.0,2.482,2.991,157 302 180 180 272 213
arginine,3,aspartic,8,18,4,3,9.681,10.582,0.864,100.9,24.5,0.0,0.0,2.917,2.991,169 326 173 192 243 159 53 175
arginine,3,aspartic,8,18,4,4,9.681,10.582,0.864,100.9,24.5,0.0,0.0,2.917,2.991,184 188 211 162 154 218 214 99 107 194
arginine,3,aspartic,8,18,5,1,9.681,8.311,0.864,105.6,121.9,1.0264,0.0,2.258,1.738,77 88 182 181
arginine,3,aspartic,8,18,5,2,9.681,8.311,0.864,105.6,121.9,0.0,0.0,2.53,2.991,149 178 238 70 255 323
arginine,3,aspartic,8,18,5,3,9.681,8.311,0.864,105.6,121.9,0.0,0.0,2.917,2.788,185 168 214 130 124 285 265 147
arginine,3,aspartic,8,18,5,4,9.681,8.311,0.864,105.6,121.9,0.0,0.0,2.917,2.306,212 175 201 142 135 231 225 118 133 200
arginine,3,glutamic,10,16,5,1,7.254,8.045,0.18,73.6,76.2,0.859,0.0,1.899,0.717,316 13 199 199
arginine,3,glutamic,10,16,5,2,7.254,8.045,0.18,73.6,76.2,0.0,0.0,2.145,0.887,354 88 13 26 252 160
arginine,3,glutamic,10,16,5,3,7.254,8.045,0.18,73.6,76.2,0.0,0.0,3.077,1.526,23 32 33 292 282 105 159 247
arginine,3,glutamic,10,16,5,4,7.254,8.045,0.18,73.6,76.2,0.0,0.0,2.832,0.889,337 351 35 343 315 84 104 303 255 131
arginine,3,glutamic,10,16,6,1,7.254,6.88,0.18,61.8,123.1,0.1556,0.0,1.852,0.548,313 360 160 90
arginine,3,glutamic,10,16,6,2,7.254,6.88,0.18,61.8,123.1,0.0,0.0,2.684,1.027,330 100 23 333 271 101
arginine,3,glutamic,10,16,6,3,7.254,6.88,0.18,61.8,123.1,0.0,0.0,2.673,1.182,19 35 39 293 273 95 150 240
arginine,3,glutamic,10,16,6,4,7.254,6.88,0.18,61.8,123.1,0.0,0.0,2.837,0.954,343 357 30 329 307 86 107 283 248 143
arginine,3,glutamic,10,16,7,1,7.254,9.215,0.18,60.2,22.4,2.4509,0.0,1.894,0.706,321 360 155 111
arginine,3,glutamic,10,16,7,2,7.254,9.215,0.18,60.2,22.4,0.5865,0.0,3.473,0.451,290 0 207 233 3 179
arginine,3,glutamic,10,16,7,3,7.254,9.215,0.18,60.2,22.4,0.0,0.0,3.861,1.444,250 11 177 49 193 156 5 168
arginine,3,glutamic,10,16,7,4,7.254,9.215,0.18,60.2,22.4,0.0,0.0,3.423,0.589,301 31 77 319 290 113 128 258 244 156
arginine,3,glutamic,10,17,5,1,7.254,9.063,0.18,28.5,62.8,4.3895,0.0,0.987,4.552,8 1 176 5
arginine,3,glutamic,10,17,5,2,7.254,9.063,0.18,28.5,62.8,0.7414,0.0,0.236,3.873,2 1 163 26 197 192
arginine,3,glutamic,10,17,5,3,7.254,9.063,0.18,28.5,62.8,0.0,0.0,1.512,2.607,334 54 73 69 151 5 229 157
arginine,3,glutamic,10,17,5,4,7.254,9.063,0.18,28.5,62.8,0.0,0.0,2.66,0.447,95 339 208 30 180 255 185 102 66 138
arginine,3,glutamic,10,17,6,1,7.254,7.599,0.18,28.9,120.2,3.2845,0.0,1.129,2.727,40 359 184 356
arginine,3,glutamic,10,17,6,2,7.254,7.599,0.18,28.9,120.2,0.0132,0.0,2.045,0.828,67 0 179 1 170 248
arginine,3,glutamic,10,17,6,3,7.254,7.599,0.18,28.9,120.2,0.0,0.0,0.642,2.461,14 323 285 49 87 273 236 151
arginine,3,glutamic,10,17,6,4,7.254,7.599,0.18,28.9,120.2,0.0,0.0,1.595,0.874,31 335 299 52 80 256 231 110 132 201
arginine,3,glutamic,10,17,7,1,7.254,9.737,0.18,36.7,31.7,4.3317,0.0,0.662,3.378,32 360 191 332
arginine,3,glutamic,10,17,7,2,7.254,9.737,0.18,36.7,31.7,0.7766,0.0,0.6,3.003,33 0 210 301 182 181
arginine,3,glutamic,10,17,7,3,7.254,9.737,0.18,36.7,31.7,0.0,0.0,1.506,2.133,15 41 197 350 119 193 330 183
arginine,3,glutamic,10,17,7,4,7.254,9.737,0.18,36.7,31.7,0.0,0.0,1.665,1.515,47 319 288 56 82 241 217 119 139 198
arginine,3,glutamic,10,18,5,1,7.254,7.819,0.18,81.9,60.3,0.6075,0.0,1.771,1.363,52 328 153 161
arginine,3,glutamic,10,18,5,2,7.254,7.819,0.18,81.9,60.3,0.0,0.0,2.687,0.389,37 47 122 96 334 340
arginine,3,glutamic,10,18,5,3,7.254,7.819,0.18,81.9,60.3,0.0,0.0,2.917,0.425,73 96 61 200 249 354 274 89
arginine,3,glutamic,10,18,5,4,7.254,7.819,0.18,81.9,60.3,0.0,0.0,2.765,1.2,36 15 324 353 23 274 257 63 107 228
arginine,3,glutamic,10,18,6,1,7.254,6.002,0.18,94.3,136.3,0.0,0.0,1.426,1.743,330 34 254 313
arginine,3,glutamic,10,18,6,2,7.254,6.002,0.18,94.3,136.3,0.0,0.0,2.848,0.763,77 83 2 94 56 116
arginine,3,glutamic,10,18,6,3,7.254,6.002,0.18,94.3,136.3,0.0,0.0,2.917,1.467,82 203 230 273 316 199 356 34
arginine,3,glutamic,10,18,6,4,7.254,6.002,0.18,94.3,136.3,0.0,0.0,2.917,0.464,46 25 311 339 19 266 249 54 136 273
arginine,3,glutamic,10,18,7,1,7.254,8.343,0.18,93.0,37.3,1.0559,0.0,2.07,1.131,339 67 177 178
arginine,3,glutamic,10,18,7,2,7.254,8.343,0.18,93.0,37.3,0.0177,0.0,2.333,0.658,320 144 111 157 354 186
arginine,3,glutamic,10,18,7,3,7.254,8.343,0.18,93.0,37.3,0.0,0.0,2.917,1.342,64 206 214 301 290 91 131 72
arginine,3,glutamic,10,18,7,4,7.254,8.343,0.18,93.0,37.3,0.0,0.0,2.69,1.201,34 17 321 348 23 260 240 85 114 217
arginine,3,serine,20,16,3,1,7.901,8.37,0.145,69.3,88.9,1.2563,0.0,3.861,1.662,269 357 158 145
arginine,3,serine,20,16,3,2,7.901,8.37,0.145,69.3,88.9,0.0,0.0,3.861,1.78,232 133 110 241 223 144
arginine,3,serine,20,16,3,3,7.901,8.37,0.145,69.3,88.9,0.0,0.0,3.861,1.721,183 130 106 260 262 123 148 211
arginine,3,serine,20,16,3,4,7.901,8.37,0.145,69.3,88.9,0.0,0.0,3.861,0.626,273 325 340 26 360 61 102 319 273 127
arginine,3,serine,20,16,4,1,7.901,9.323,0.145,68.2,52.5,2.2286,0.0,3.861,0.96,278 3 200 212
arginine,3,serine,20,16,4,2,7.901,9.323,0.145,68.2,52.5,0.0,0.0,3.861,0.945,289 51 131 170 297 210
arginine,3,serine,20,16,4,3,7.901,9.323,0.145,68.2,52.5,0.0,0.0,3.861,2.181,231 140 143 216 226 112 110 186
arginine,3,serine,20,16,4,4,7.901,9.323,0.145,68.2,52.5,0.0,0.0,3.861,0.509,257 311 334 16 117 342 118 232 330 268
arginine,3,serine,20,16,5,1,7.901,7.168,0.145,59.6,146.0,0.6888,0.0,3.861,0.967,279 358 209 277
arginine,3,serine,20,16,5,2,7.901,7.168,0.145,59.6,146.0,0.0,0.0,3.794,0.294,317 53 65 309 272 128
arginine,3,serine,20,16,5,3,7.901,7.168,0.145,59.6,146.0,0.0,0.0,3.685,0.636,3 39 62 283 245 105 157 212
arginine,3,serine,20,16,5,4,7.901,7.168,0.145,59.6,146.0,0.0,0.0,3.365,0.433,5 3 33 311 288 90 121 238 206 157
arginine,3,serine,20,17,3,1,7.901,9.084,0.145,39.3,84.0,3.5749,0.0,3.059,1.127,114 360 194 327
arginine,3,serine,20,17,3,2,7.901,9.084,0.145,39.3,84.0,0.0577,0.0,3.059,0.784,105 2 215 293 197 191
arginine,3,serine,20,17,3,3,7.901,9.084,0.145,39.3,84.0,0.0,0.0,1.746,0.504,63 321 278 68 103 234 214 168
arginine,3,serine,20,17,3,4,7.901,9.084,0.145,39.3,84.0,0.0,0.0,0.847,0.39,32 133 37 354 189 6 253 242 20 175
arginine,3,serine,20,17,4,1,7.901,10.133,0.145,31.8,42.0,5.117,0.0,2.85,1.481,92 1 171 19
arginine,3,serine,20,17,4,2,7.901,10.133,0.145,31.8,42.0,1.4789,0.0,2.819,1.128,91 1 153 47 187 185
arginine,3,serine,20,17,4,3,7.901,10.133,0.145,31.8,42.0,0.1622,0.0,0.959,2.362,48 0 162 29 186 184 49 157
arginine,3,serine,20,17,4,4,7.901,10.133,0.145,31.8,42.0,0.0,0.0,0.838,3.795,348 325 230 79 147 227 220 163 131 156
arginine,3,serine,20,17,5,1,7.901,7.721,0.145,35.1,147.8,2.8946,0.0,2.763,1.479,89 2 170 14
arginine,3,serine,20,17,5,2,7.901,7.721,0.145,35.1,147.8,0.0,0.0,2.124,1.164,81 311 231 61 134 210
arginine,3,serine,20,17,5,3,7.901,7.721,0.145,35.1,147.8,0.0,0.0,1.645,1.227,22 310 280 75 119 249 206 153
arginine,3,serine,20,17,5,4,7.901,7.721,0.145,35.1,147.8,0.0,0.0,1.795,1.623,13 345 308 50 80 264 238 129 150 198
arginine,3,serine,20,18,3,1,7.901,6.624,0.145,147.6,85.5,0.0,0.0,2.917,1.492,56 139 273 248
arginine,3,serine,20,18,3,2,7.901,6.624,0.145,147.6,85.5,0.0,0.0,2.917,2.297,127 177 261 26 88 343
arginine,3,serine,20,18,3,3,7.901,6.624,0.145,147.6,85.5,0.0,0.0,2.766,0.409,284 201 169 59 58 299 261 125
arginine,3,serine,20,18,3,4,7.901,6.624,0.145,147.6,85.5,0.0,0.0,2.412,0.575,355 249 169 31 59 292 272 21 96 250
arginine,3,serine,20,18,4,1,7.901,7.778,0.145,131.6,40.1,0.7186,0.0,2.917,0.77,66 256 128 165
arginine,3,serine,20,18,4,2,7.901,7.778,0.145,131.6,40.1,0.0,0.0,2.917,0.753,97 307 96 119 16 149
arginine,3,serine,20,18,4,3,7.901,7.778,0.145,131.6,40.1,0.0,0.0,2.917,2.421,134 217 224 106 55 242 247 134
arginine,3,serine,20,18,4,4,7.901,7.778,0.145,131.6,40.1,0.0,0.0,1.733,1.494,16 316 261 336 15 280 250 36 95 229
arginine,3,serine,20,18,5,1,7.901,5.418,0.145,131.3,141.3,0.0,0.0,2.917,1.603,69 150 294 325
arginine,3,serine,20,18,5,2,7.901,5.418,0.145,131.3,141.3,0.0,0.0,1.874,1.504,310 337 345 53 112 271
arginine,3,serine,20,18,5,3,7.901,5.418,0.145,131.3,141.3,0.0,0.0,2.463,0.851,305 286 43 85 2 11 272 341
arginine,3,serine,20,18,5,4,7.901,5.418,0.145,131.3,141.3,0.0,0.0,0.378,0.846,279 337 279 261 318 316 281 16 49 239
lysine,5,arginine,3,13,16,1,10.249,8.745,-0.634,121.7,114.2,1.4623,0.0,2.584,0.497,306 115 182 181
lysine,5,arginine,3,13,16,2,10.249,8.745,-0.634,121.7,114.2,0.0,0.0,2.227,0.357,20 343 55 12 330 150
lysine,5,arginine,3,13,16,3,10.249,8.745,-0.634,121.7,114.2,0.0,0.0,1.303,1.19,305 4 231 39 217 44 216 325
lysine,5,arginine,3,13,16,4,10.249,8.745,-0.634,121.7,114.2,0.0,0.0,3.025,2.504,59 326 7 166 140 4 119 91 21 149
lysine,5,arginine,3,13,17,1,10.249,10.946,-0.634,118.7,14.9,3.7201,0.0,2.637,0.522,301 111 184 182
lysine,5,arginine,3,13,17,2,10.249,10.946,-0.634,118.7,14.9,0.9638,0.0,3.001,0.779,23 218 187 184 95 147
lysine,5,arginine,3,13,17,3,10.249,10.946,-0.634,118.7,14.9,0.1761,0.0,3.025,0.852,27 191 189 187 101 149 2 177
lysine,5,arginine,3,13,17,4,10.249,10.946,-0.634,118.7,14.9,0.0,0.0,2.707,1.696,41 294 33 142 92 107 122 112 21 146
lysine,5,arginine,3,13,18,1,10.249,9.496,-0.634,107.5,84.6,2.2229,0.0,2.508,0.798,302 94 175 177
lysine,5,arginine,3,13,18,2,10.249,9.496,-0.634,107.5,84.6,0.0,0.0,2.155,0.586,23 315 123 80 314 157
lysine,5,arginine,3,13,18,3,10.249,9.496,-0.634,107.5,84.6,0.0,0.0,1.677,0.659,301 72 110 125 207 58 86 356
lysine,5,arginine,3,13,18,4,10.249,9.496,-0.634,107.5,84.6,0.0,0.0,3.025,2.441,55 326 17 152 113 60 117 45 346 119
lysine,5,arginine,3,14,16,1,10.249,10.802,-0.634,37.7,114.7,5.2971,0.0,3.878,2.199,290 360 163 44
lysine,5,arginine,3,14,16,2,10.249,10.802,-0.634,37.7,114.7,1.8257,0.0,3.878,1.5,293 359 210 301 164 170
lysine,5,arginine,3,14,16,3,10.249,10.802,-0.634,37.7,114.7,0.0,0.0,3.878,0.989,276 58 99 306 264 139 159 189
lysine,5,arginine,3,14,16,4,10.249,10.802,-0.634,37.7,114.7,0.0,0.0,3.878,2.058,278 45 84 295 268 136 152 243 234 168
lysine,5,arginine,3,14,17,1,10.249,13.016,-0.634,32.7,12.2,7.7008,0.0,3.878,2.145,293 360 167 36
lysine,5,arginine,3,14,17,2,10.249,13.016,-0.634,32.7,12.2,4.2202,0.0,3.878,1.302,294 359 210 302 171 175
lysine,5,arginine,3,14,17,3,10.249,13.016,-0.634,32.7,12.2,0.909,0.0,3.878,2.206,291 359 216 283 165 171 127 148
lysine,5,arginine,3,14,17,4,10.249,13.016,-0.634,32.7,12.2,0.0,0.0,3.878,3.237,277 6 222 243 183 178 124 153 349 192
lysine,5,arginine,3,14,18,1,10.249,11.332,-0.634,31.8,93.4,6.1665,0.0,3.729,2.319,310 360 189 339
lysine,5,arginine,3,14,18,2,10.249,11.332,-0.634,31.8,93.4,2.6042,0.0,3.794,1.059,308 0 152 52 184 183
lysine,5,arginine,3,14,18,3,10.249,11.332,-0.634,31.8,93.4,0.0,0.0,3.162,1.105,302 76 119 315 211 175 217 200
lysine,5,arginine,3,14,18,4,10.249,11.332,-0.634,31.8,93.4,0.0,0.0,3.878,3.193,356 233 288 57 37 159 176 246 235 160
lysine,5,arginine,3,15,16,1,10.249,10.365,-0.634,57.8,103.1,3.7131,0.0,2.04,0.74,68 359 205 254
lysine,5,arginine,3,15,16,2,10.249,10.365,-0.634,57.8,103.1,0.14,0.0,2.026,0.839,67 360 220 253 180 180
lysine,5,arginine,3,15,16,3,10.249,10.365,-0.634,57.8,103.1,0.0,0.0,1.292,1.804,39 332 289 40 79 242 215 161
lysine,5,arginine,3,15,16,4,10.249,10.365,-0.634,57.8,103.1,0.0,0.0,1.367,3.13,52 335 301 53 78 236 216 104 123 201
lysine,5,arginine,3,15,17,1,10.249,12.331,-0.634,64.7,6.9,5.3817,0.0,1.908,1.032,63 1 202 220
lysine,5,arginine,3,15,17,2,10.249,12.331,-0.634,64.7,6.9,1.7539,0.0,1.899,0.948,64 360 142 128 179 179
lysine,5,arginine,3,15,17,3,10.249,12.331,-0.634,64.7,6.9,0.5476,0.0,2.532,2.03,74 16 208 202 209 200 24 166
lysine,5,arginine,3,15,17,4,10.249,12.331,-0.634,64.7,6.9,0.0113,0.0,2.493,2.598,66 28 239 222 221 215 278 211 18 149
lysine,5,arginine,3,15,18,1,10.249,10.645,-0.634,63.8,92.3,3.6972,0.0,1.613,1.229,54 360 157 133
lysine,5,arginine,3,15,18,2,10.249,10.645,-0.634,63.8,92.3,0.3755,0.0,1.881,0.92,67 352 130 126 156 161
lysine,5,arginine,3,15,18,3,10.249,10.645,-0.634,63.8,92.3,0.0,0.0,2.135,1.116,8 294 260 120 158 239 166 152
lysine,5,arginine,3,15,18,4,10.249,10.645,-0.634,63.8,92.3,0.0,0.0,1.566,1.583,6 354 319 39 65 256 225 136 160 198
lysine,5,aspartic,21,13,3,1,9.323,8.698,-0.06,158.4,57.2,1.7968,0.0,0.915,1.343,290 180 201 243
lysine,5,aspartic,21,13,3,2,9.323,8.698,-0.06,158.4,57.2,0.0,0.0,1.352,2.172,224 179 161 102 18 168
lysine,5,aspartic,21,13,3,3,9.323,8.698,-0.06,158.4,57.2,0.0,0.0,2.754,2.166,90 212 204 243 227 98 115 184
lysine,5,aspartic,21,13,3,4,9.323,8.698,-0.06,158.4,57.2,0.0,0.0,2.304,3.026,185 224 169 183 234 117 112 312 279 137
lysine,5,aspartic,21,13,4,1,9.323,8.771,-0.06,142.0,54.2,1.4917,0.0,0.262,1.436,311 204 187 185
lysine,5,aspartic,21,13,4,2,9.323,8.771,-0.06,142.0,54.2,0.0,0.0,1.575,2.207,216 152 153 277 324 159
lysine,5,aspartic,21,13,4,3,9.323,8.771,-0.06,142.0,54.2,0.0,0.0,2.356,2.282,216 180 87 226 355 155 92 264
lysine,5,aspartic,21,13,4,4,9.323,8.771,-0.06,142.0,54.2,0.0,0.0,3.025,2.811,170 196 167 203 226 135 134 276 261 152
lysine,5,aspartic,21,13,5,1,9.323,8.341,-0.06,145.5,70.9,1.0526,0.0,1.105,1.287,296 164 181 181
lysine,5,aspartic,21,13,5,2,9.323,8.341,-0.06,145.5,70.9,0.0,0.0,2.469,0.874,331 230 90 229 56 11
lysine,5,aspartic,21,13,5,3,9.323,8.341,-0.06,145.5,70.9,0.0,0.0,2.539,2.146,87 205 160 296 299 29 45 171
lysine,5,aspartic,21,13,5,4,9.323,8.341,-0.06,145.5,70.9,0.0,0.0,3.025,2.635,110 216 198 212 243 139 134 246 228 152
lysine,5,aspartic,21,14,3,1,9.323,11.1,-0.06,47.8,60.6,4.9661,0.0,3.826,2.089,235 359 155 84
lysine,5,aspartic,21,14,3,2,9.323,11.1,-0.06,47.8,60.6,1.4011,0.0,1.339,2.091,236 359 218 275 170 174
lysine,5,aspartic,21,14,3,3,9.323,11.1,-0.06,47.8,60.6,0.0,0.0,1.575,3.207,275 41 125 245 233 159 143 156
lysine,5,aspartic,21,14,3,4,9.323,11.1,-0.06,47.8,60.6,0.0,0.0,2.524,3.49,302 265 309 236 199 90 104 140 136 179
lysine,5,aspartic,21,14,4,1,9.323,11.216,-0.06,36.2,55.9,5.784,0.0,3.847,1.924,224 0 164 40
lysine,5,aspartic,21,14,4,2,9.323,11.216,-0.06,36.2,55.9,2.1965,0.0,0.279,1.771,225 0 213 295 181 180
lysine,5,aspartic,21,14,4,3,9.323,11.216,-0.06,36.2,55.9,0.0,0.0,1.966,3.468,211 357 143 61 164 158 80 144
lysine,5,aspartic,21,14,4,4,9.323,11.216,-0.06,36.2,55.9,0.0187,0.0,1.34,0.639,274 2 177 1 170 23 30 171 0 186
lysine,5,aspartic,21,14,5,1,9.323,10.801,-0.06,37.9,72.1,5.2643,0.0,3.878,1.561,247 360 197 316
lysine,5,aspartic,21,14,5,2,9.323,10.801,-0.06,37.9,72.1,1.7055,0.0,1.005,1.67,248 360 145 68 176 178
lysine,5,aspartic,21,14,5,3,9.323,10.801,-0.06,37.9,72.1,0.0,0.0,3.318,2.769,275 32 179 267 168 112 148 180
lysine,5,aspartic,21,14,5,4,9.323,10.801,-0.06,37.9,72.1,0.0,0.0,2.591,2.343,339 245 276 256 247 139 124 195 181 167
lysine,5,aspartic,21,15,3,1,9.323,10.417,-0.06,75.2,51.1,3.1485,0.0,1.684,1.652,97 15 185 183
lysine,5,aspartic,21,15,3,2,9.323,10.417,-0.06,75.2,51.1,0.2494,0.0,0.46,1.971,128 355 174 175 266 209
lysine,5,aspartic,21,15,3,3,9.323,10.417,-0.06,75.2,51.1,0.0,0.0,1.768,4.629,184 245 208 114 119 210 226 184
lysine,5,aspartic,21,15,3,4,9.323,10.417,-0.06,75.2,51.1,0.0,0.0,2.942,5.195,181 207 219 148 145 215 209 117 127 195
lysine,5,aspartic,21,15,4,1,9.323,10.014,-0.06,85.9,67.4,2.8223,0.0,1.879,2.827,125 313 164 170
lysine,5,aspartic,21,15,4,2,9.323,10.014,-0.06,85.9,67.4,0.0,0.0,1.808,4.409,134 246 210 140 146 178
lysine,5,aspartic,21,15,4,3,9.323,10.014,-0.06,85.9,67.4,0.0,0.0,2.949,4.97,162 205 215 139 142 238 226 162
lysine,5,aspartic,21,15,4,4,9.323,10.014,-0.06,85.9,67.4,0.0,0.0,2.949,5.195,192 203 221 135 131 216 205 122 138 197
lysine,5,aspartic,21,15,5,1,9.323,9.987,-0.06,72.6,68.4,2.72,0.0,1.213,1.912,95 357 175 175
lysine,5,aspartic,21,15,5,2,9.323,9.987,-0.06,72.6,68.4,0.0,0.0,1.464,1.467,60 5 186 122 149 163
lysine,5,aspartic,21,15,5,3,9.323,9.987,-0.06,72.6,68.4,0.0,0.0,1.652,2.386,110 220 232 146 127 303 286 159
lysine,5,aspartic,21,15,5,4,9.323,9.987,-0.06,72.6,68.4,0.0,0.0,2.557,3.251,121 202 208 135 138 277 259 118 141 202
lysine,5,glutamic,9,13,5,1,6.529,7.014,0.909,74.3,80.3,0.0,0.0,1.074,1.705,318 42 190 241
lysine,5,glutamic,9,13,5,2,6.529,7.014,0.909,74.3,80.3,0.0,0.0,1.434,0.233,359 105 10 321 298 91
lysine,5,glutamic,9,13,5,3,6.529,7.014,0.909,74.3,80.3,0.0,0.0,1.909,1.227,47 16 35 305 279 90 137 237
lysine,5,glutamic,9,13,5,4,6.529,7.014,0.909,74.3,80.3,0.0,0.0,1.799,0.114,7 340 20 354 331 75 104 296 231 125
lysine,5,glutamic,9,13,6,1,6.529,5.821,0.909,74.5,131.1,0.0,0.0,1.34,1.781,320 11 237 350
lysine,5,glutamic,9,13,6,2,6.529,5.821,0.909,74.5,131.1,0.0,0.0,2.202,0.346,15 200 299 286 329 20
lysine,5,glutamic,9,13,6,3,6.529,5.821,0.909,74.5,131.1,0.0,0.0,2.455,0.652,11 94 334 260 348 49 152 353
lysine,5,glutamic,9,13,6,4,6.529,5.821,0.909,74.5,131.1,0.0,0.0,2.962,2.533,61 341 218 148 290 116 42 66 184 261
lysine,5,glutamic,9,13,7,1,6.529,6.918,0.909,56.2,83.8,0.7326,0.0,0.85,2.009,337 4 213 301
lysine,5,glutamic,9,13,7,2,6.529,6.918,0.909,56.2,83.8,0.0,0.0,1.839,2.458,301 355 204 346 278 297
lysine,5,glutamic,9,13,7,3,6.529,6.918,0.909,56.2,83.8,0.0,0.0,1.21,0.628,337 219 302 349 240 268 13 319
lysine,5,glutamic,9,13,7,4,6.529,6.918,0.909,56.2,83.8,0.0,0.0,1.593,1.317,336 23 58 321 307 83 99 304 254 130
lysine,5,glutamic,9,14,5,1,6.529,7.931,0.909,36.5,67.0,2.9332,0.0,2.207,4.708,359 358 191 343
lysine,5,glutamic,9,14,5,2,6.529,7.931,0.909,36.5,67.0,0.5241,0.0,1.618,4.128,34 4 169 8 104 111
lysine,5,glutamic,9,14,5,3,6.529,7.931,0.909,36.5,67.0,0.0,0.0,2.18,0.589,258 48 153 318 215 101 128 181
lysine,5,glutamic,9,14,5,4,6.529,7.931,0.909,36.5,67.0,0.0,0.0,2.326,0.698,307 47 80 297 272 113 135 253 233 160
lysine,5,glutamic,9,14,6,1,6.529,6.483,0.909,49.4,125.0,0.7312,0.0,2.579,3.804,341 2 162 29
lysine,5,glutamic,9,14,6,2,6.529,6.483,0.909,49.4,125.0,0.0,0.0,3.056,3.91,357 85 53 307 264 103
lysine,5,glutamic,9,14,6,3,6.529,6.483,0.909,49.4,125.0,0.0,0.0,3.295,3.898,41 25 49 312 280 70 124 231
lysine,5,glutamic,9,14,6,4,6.529,6.483,0.909,49.4,125.0,0.0,0.0,2.716,3.562,10 360 40 336 305 75 107 279 243 148
lysine,5,glutamic,9,14,7,1,6.529,7.025,0.909,51.9,100.9,0.8875,0.0,2.501,5.082,4 360 200 309
lysine,5,glutamic,9,14,7,2,6.529,7.025,0.909,51.9,100.9,0.0,0.0,3.101,4.868,341 305 290 44 91 261
lysine,5,glutamic,9,14,7,3,6.529,7.025,0.909,51.9,100.9,0.0,0.0,3.388,3.776,291 348 295 46 100 276 236 155
lysine,5,glutamic,9,14,7,4,6.529,7.025,0.909,51.9,100.9,0.0,0.0,3.545,4.799,328 3 319 16 55 287 249 90 126 210
lysine,5,glutamic,9,15,5,1,6.529,7.229,0.909,66.4,83.4,0.2716,0.0,0.537,3.137,29 359 193 245
lysine,5,glutamic,9,15,5,2,6.529,7.229,0.909,66.4,83.4,0.0,0.0,0.767,3.468,350 300 310 46 78 238
lysine,5,glutamic,9,15,5,3,6.529,7.229,0.909,66.4,83.4,0.0,0.0,2.141,3.64,314 356 310 31 79 299 257 150
lysine,5,glutamic,9,15,5,4,6.529,7.229,0.909,66.4,83.4,0.0,0.0,0.763,2.846,315 343 336 74 75 280 260 347 103 269
lysine,5,glutamic,9,15,6,1,6.529,6.539,0.909,47.1,110.3,0.8584,0.0,0.409,3.328,20 359 186 352
lysine,5,glutamic,9,15,6,2,6.529,6.539,0.909,47.1,110.3,0.0,0.0,1.73,1.012,57 295 255 35 70 34
lysine,5,glutamic,9,15,6,3,6.529,6.539,0.909,47.1,110.3,0.0,0.0,1.632,1.204,20 270 344 47 89 325 142 65
lysine,5,glutamic,9,15,6,4,6.529,6.539,0.909,47.1,110.3,0.0,0.0,1.48,0.73,14 346 310 45 65 276 256 57 107 226
lysine,5,glutamic,9,15,7,1,6.529,6.731,0.909,63.4,102.3,0.0155,0.0,1.785,4.894,353 0 174 89
lysine,5,glutamic,9,15,7,2,6.529,6.731,0.909,63.4,102.3,0.0,0.0,1.501,4.025,47 208 272 95 130 250
lysine,5,glutamic,9,15,7,3,6.529,6.731,0.909,63.4,102.3,0.0,0.0,2.356,4.856,313 14 270 161 340 76 37 51
lysine,5,glutamic,9,15,7,4,6.529,6.731,0.909,63.4,102.3,0.0,0.0,2.949,5.195,250 320 251 110 125 243 225 129 146 195
lysine,5,isoleucine,4,13,4,1,8.87,9.264,0.45,120.2,30.9,1.9854,0.0,2.472,0.691,333 113 181 181
lysine,5,isoleucine,4,13,4,2,8.87,9.264,0.45,120.2,30.9,0.2832,0.0,3.025,2.2,81 254 190 187 320 199
lysine,5,isoleucine,4,13,4,3,8.87,9.264,0.45,120.2,30.9,0.0,0.0,3.025,2.844,80 316 150 231 191 186 63 18
lysine,5,isoleucine,4,13,4,4,8.87,9.264,0.45,120.2,30.9,0.0,0.0,2.243,1.119,25 303 256 359 24 260 231 101 136 213
lysine,5,isoleucine,4,13,5,1,8.87,7.039,0.45,112.7,123.7,0.0,0.0,2.469,0.462,328 115 180 236
lysine,5,isoleucine,4,13,5,2,8.87,7.039,0.45,112.7,123.7,0.0,0.0,3.025,2.373,99 218 255 285 232 311
lysine,5,isoleucine,4,13,5,3,8.87,7.039,0.45,112.7,123.7,0.0,0.0,3.025,3.026,100 331 73 234 30 292 172 302
lysine,5,isoleucine,4,13,5,4,8.87,7.039,0.45,112.7,123.7,0.0,0.0,2.919,2.222,40 346 282 338 18 281 255 55 113 229
lysine,5,isoleucine,4,13,6,1,8.87,7.538,0.45,131.5,101.7,0.2864,0.0,3.025,1.063,46 220 200 195
lysine,5,isoleucine,4,13,6,2,8.87,7.538,0.45,131.5,101.7,0.0,0.0,2.762,0.663,291 154 123 144 41 84
lysine,5,isoleucine,4,13,6,3,8.87,7.538,0.45,131.5,101.7,0.0,0.0,3.025,2.846,141 196 197 95 109 254 230 158
lysine,5,isoleucine,4,13,6,4,8.87,7.538,0.45,131.5,101.7,0.0,0.0,2.165,1.587,21 331 275 305 358 281 247 96 144 225
lysine,5,isoleucine,4,14,4,1,8.87,10.844,0.45,58.2,39.7,4.1931,0.0,3.878,3.253,293 2 206 242
lysine,5,isoleucine,4,14,4,2,8.87,10.844,0.45,58.2,39.7,0.7031,0.0,3.482,3.208,289 7 221 235 214 200
lysine,5,isoleucine,4,14,4,3,8.87,10.844,0.45,58.2,39.7,0.0,0.0,3.878,4.574,357 290 223 257 235 214 62 119
lysine,5,isoleucine,4,14,4,4,8.87,10.844,0.45,58.2,39.7,0.0,0.0,3.5,4.98,332 12 52 314 289 119 141 229 213 164
lysine,5,isoleucine,4,14,5,1,8.87,8.523,0.45,55.5,138.1,2.1712,0.0,3.878,2.694,298 360 209 271
lysine,5,isoleucine,4,14,5,2,8.87,8.523,0.45,55.5,138.1,0.0,0.0,3.878,1.883,297 51 103 312 310 138
lysine,5,isoleucine,4,14,5,3,8.87,8.523,0.45,55.5,138.1,0.0,0.0,3.465,3.246,340 19 59 320 286 91 121 209
lysine,5,isoleucine,4,14,5,4,8.87,8.523,0.45,55.5,138.1,0.0,0.0,3.436,3.897,342 3 42 321 292 101 127 246 222 159
lysine,5,isoleucine,4,14,6,1,8.87,9.454,0.45,53.4,95.3,3.0573,0.0,3.878,2.692,282 0 154 89
lysine,5,isoleucine,4,14,6,2,8.87,9.454,0.45,53.4,95.3,0.0,0.0,3.878,2.743,309 313 168 77 173 150
lysine,5,isoleucine,4,14,6,3,8.87,9.454,0.45,53.4,95.3,0.0,0.0,3.523,3.283,342 29 77 294 256 128 156 192
lysine,5,isoleucine,4,14,6,4,8.87,9.454,0.45,53.4,95.3,0.0,0.0,3.537,4.082,327 11 49 307 283 118 137 238 221 162
lysine,5,isoleucine,4,15,4,1,8.87,11.293,0.45,37.5,27.2,5.8117,0.0,2.012,0.861,67 0 161 50
lysine,5,isoleucine,4,15,4,2,8.87,11.293,0.45,37.5,27.2,2.1997,0.0,2.006,0.647,67 0 213 294 182 181
lysine,5,isoleucine,4,15,4,3,8.87,11.293,0.45,37.5,27.2,0.6512,0.0,0.58,1.815,34 360 154 46 180 180 61 153
lysine,5,isoleucine,4,15,4,4,8.87,11.293,0.45,37.5,27.2,0.0,0.0,2.949,2.06,124 17 162 26 154 194 236 200 21 177
lysine,5,isoleucine,4,15,5,1,8.87,8.939,0.45,36.3,128.1,3.7723,0.0,1.776,1.596,59 1 166 26
lysine,5,isoleucine,4,15,5,2,8.87,8.939,0.45,36.3,128.1,0.0755,0.0,1.759,0.708,59 1 152 48 189 186
lysine,5,isoleucine,4,15,5,3,8.87,8.939,0.45,36.3,128.1,0.0001,0.0,2.087,0.631,47 268 299 82 114 253 143 89
lysine,5,isoleucine,4,15,5,4,8.87,8.939,0.45,36.3,128.1,0.0,0.0,2.222,0.696,354 340 310 45 79 270 231 135 167 201
lysine,5,isoleucine,4,15,6,1,8.87,9.68,0.45,43.2,96.0,3.8814,0.0,2.488,0.642,81 360 201 304
lysine,5,isoleucine,4,15,6,2,8.87,9.68,0.45,43.2,96.0,0.4151,0.0,2.78,0.867,92 356 140 83 156 165
lysine,5,isoleucine,4,15,6,3,8.87,9.68,0.45,43.2,96.0,0.0,0.0,1.368,0.291,30 303 278 81 117 225 183 155
lysine,5,isoleucine,4,15,6,4,8.87,9.68,0.45,43.2,96.0,0.0,0.0,1.227,2.891,36 341 304 56 80 240 222 129 145 196
lysine,5,leucine,13,13,1,1,17.716,16.719,-0.09,82.4,136.1,9.4671,0.0,1.406,1.445,1 319 179 179
lysine,5,leucine,13,13,1,2,17.716,16.719,-0.09,82.4,136.1,5.8056,0.0,1.303,1.329,321 31 184 182 184 183
lysine,5,leucine,13,13,1,3,17.716,16.719,-0.09,82.4,136.1,2.1986,0.0,1.38,0.804,0 320 177 178 168 170 176 178
lysine,5,leucine,13,13,1,4,17.716,16.719,-0.09,82.4,136.1,0.0,0.0,0.786,0.852,9 328 141 41 346 207 229 200 212 200
lysine,5,leucine,13,13,2,1,17.716,19.156,-0.09,83.1,30.3,11.9011,0.0,1.513,1.366,3 316 179 179
lysine,5,leucine,13,13,2,2,17.716,19.156,-0.09,83.1,30.3,8.2232,0.0,1.37,1.253,321 34 182 181 182 181
lysine,5,leucine,13,13,2,3,17.716,19.156,-0.09,83.1,30.3,4.6244,0.0,1.475,0.886,2 318 177 178 167 169 177 178
lysine,5,leucine,13,13,2,4,17.716,19.156,-0.09,83.1,30.3,1.0144,0.0,1.401,0.41,359 317 175 177 165 167 175 176 164 168
lysine,5,leucine,13,13,13,1,17.716,18.011,-0.09,78.1,81.6,10.7473,0.0,1.409,1.699,326 28 180 180
lysine,5,leucine,13,13,13,2,17.716,18.011,-0.09,78.1,81.6,7.1279,0.0,1.17,1.704,351 347 170 173 173 174
lysine,5,leucine,13,13,13,3,17.716,18.011,-0.09,78.1,81.6,3.4457,0.0,1.411,0.506,325 30 180 180 179 179 180 180
lysine,5,leucine,13,13,13,4,17.716,18.011,-0.09,78.1,81.6,0.0,0.0,1.56,0.322,357 356 169 203 173 170 183 143 225 203
lysine,5,leucine,13,14,1,1,17.716,17.777,-0.09,37.2,133.1,12.0419,0.0,2.777,4.702,355 360 201 294
lysine,5,leucine,13,14,1,2,17.716,17.777,-0.09,37.2,133.1,8.519,0.0,3.022,4.161,355 360 144 80 179 179
lysine,5,leucine,13,14,1,3,17.716,17.777,-0.09,37.2,133.1,4.8732,0.0,2.898,0.767,356 359 212 284 172 176 172 173
lysine,5,leucine,13,14,1,4,17.716,17.777,-0.09,37.2,133.1,1.2057,0.0,2.692,1.063,355 360 144 80 178 179 167 169 178 178
lysine,5,leucine,13,14,2,1,17.716,20.21,-0.09,38.4,26.7,14.3552,0.0,2.936,4.727,354 360 202 286
lysine,5,leucine,13,14,2,2,17.716,20.21,-0.09,38.4,26.7,10.8436,0.0,3.126,4.233,354 360 143 85 180 180
lysine,5,leucine,13,14,2,3,17.716,20.21,-0.09,38.4,26.7,7.1802,0.0,3.018,1.057,355 360 213 278 177 179 178 178
lysine,5,leucine,13,14,2,4,17.716,20.21,-0.09,38.4,26.7,3.5603,0.0,2.437,1.161,355 360 143 84 179 179 171 172 179 179
lysine,5,leucine,13,14,13,1,17.716,18.824,-0.09,44.2,88.9,12.6574,0.0,3.223,5.063,356 0 204 269
lysine,5,leucine,13,14,13,2,17.716,18.824,-0.09,44.2,88.9,9.1499,0.0,3.289,4.456,356 0 141 94 182 181
lysine,5,leucine,13,14,13,3,17.716,18.824,-0.09,44.2,88.9,5.467,0.0,3.246,1.993,356 0 215 266 184 182 184 183
lysine,5,leucine,13,14,13,4,17.716,18.824,-0.09,44.2,88.9,1.8309,0.0,2.501,1.56,356 0 142 94 182 181 195 193 182 182
lysine,5,leucine,13,15,1,1,17.716,16.864,-0.09,76.9,140.7,9.6297,0.0,0.625,3.622,13 23 181 181
lysine,5,leucine,13,15,1,2,17.716,16.864,-0.09,76.9,140.7,5.9507,0.0,0.505,1.882,27 359 177 178 179 179
lysine,5,leucine,13,15,1,3,17.716,16.864,-0.09,76.9,140.7,2.4326,0.0,0.631,1.603,14 18 194 189 199 195 193 190
lysine,5,leucine,13,15,1,4,17.716,16.864,-0.09,76.9,140.7,0.0004,0.0,0.953,1.098,62 308 180 349 8 198 178 184 196 182
lysine,5,leucine,13,15,2,1,17.716,19.332,-0.09,76.5,33.4,12.0861,0.0,0.617,3.628,13 22 181 181
lysine,5,leucine,13,15,2,2,17.716,19.332,-0.09,76.5,33.4,8.4055,0.0,0.506,1.902,26 359 178 179 179 180
lysine,5,leucine,13,15,2,3,17.716,19.332,-0.09,76.5,33.4,4.8429,0.0,0.586,1.615,15 19 188 185 197 193 188 185
lysine,5,leucine,13,15,2,4,17.716,19.332,-0.09,76.5,33.4,1.1667,0.0,0.653,1.131,15 18 196 191 196 192 200 194 192 189
lysine,5,leucine,13,15,13,1,17.716,18.129,-0.09,73.6,85.5,10.8767,0.0,0.879,3.821,25 353 178 179
lysine,5,leucine,13,15,13,2,17.716,18.129,-0.09,73.6,85.5,7.2689,0.0,0.563,2.155,19 1 200 199 183 182
lysine,5,leucine,13,15,13,3,17.716,18.129,-0.09,73.6,85.5,3.5917,0.0,0.984,0.69,23 356 173 174 170 173 175 176
lysine,5,leucine,13,15,13,4,17.716,18.129,-0.09,73.6,85.5,0.0,0.0,1.202,0.975,26 351 155 164 164 162 208 192 170 166
lysine,5,serine,31,13,3,1,7.447,7.563,0.011,141.3,20.1,0.9775,0.0,3.025,2.153,35 115 281 202
lysine,5,serine,31,13,3,2,7.447,7.563,0.011,141.3,20.1,0.2635,0.0,3.025,2.839,80 346 44 169 360 180
lysine,5,serine,31,13,3,3,7.447,7.563,0.011,141.3,20.1,0.0,0.0,3.025,3.026,142 268 176 231 259 88 90 221
lysine,5,serine,31,13,3,4,7.447,7.563,0.011,141.3,20.1,0.0,0.0,3.025,1.83,56 264 235 16 39 280 240 77 121 210
lysine,5,serine,31,13,4,1,7.447,6.23,0.011,158.6,79.9,0.462,0.0,3.025,2.51,74 162 241 325
lysine,5,serine,31,13,4,2,7.447,6.23,0.011,158.6,79.9,0.0,0.0,3.025,2.955,87 143 228 265 326 23
lysine,5,serine,31,13,4,3,7.447,6.23,0.011,158.6,79.9,0.0,0.0,2.715,2.479,295 261 97 97 339 58 215 338
lysine,5,serine,31,13,4,4,7.447,6.23,0.011,158.6,79.9,0.0,0.0,2.118,0.478,19 268 188 29 57 301 250 30 111 225
lysine,5,serine,31,13,5,1,7.447,6.217,0.011,138.4,80.4,0.0,0.0,2.477,0.945,3 268 82 247
lysine,5,serine,31,13,5,2,7.447,6.217,0.011,138.4,80.4,0.0,0.0,3.025,1.524,46 24 39 50 25 75
lysine,5,serine,31,13,5,3,7.447,6.217,0.011,138.4,80.4,0.0,0.0,2.561,2.073,269 17 352 41 64 317 272 129
lysine,5,serine,31,13,5,4,7.447,6.217,0.011,138.4,80.4,0.0,0.0,0.722,1.726,350 307 264 311 339 300 265 52 91 209
lysine,5,serine,31,14,3,1,7.447,9.299,0.011,66.8,32.1,2.2683,0.0,3.878,2.94,270 3 201 216
lysine,5,serine,31,14,3,2,7.447,9.299,0.011,66.8,32.1,0.271,0.0,3.878,4.188,314 307 169 172 43 160
lysine,5,serine,31,14,3,3,7.447,9.299,0.011,66.8,32.1,0.0,0.0,3.878,5.045,226 140 143 221 219 106 112 193
lysine,5,serine,31,14,3,4,7.447,9.299,0.011,66.8,32.1,0.0,0.0,3.878,3.769,270 24 77 319 23 81 36 253 307 140
lysine,5,serine,31,14,4,1,7.447,8.273,0.011,62.0,76.1,1.4234,0.0,3.878,2.604,257 360 158 111
lysine,5,serine,31,14,4,2,7.447,8.273,0.011,62.0,76.1,0.0,0.0,3.878,1.945,255 72 75 322 308 125
lysine,5,serine,31,14,4,3,7.447,8.273,0.011,62.0,76.1,0.0,0.0,3.878,3.944,274 214 259 357 305 30 85 240
lysine,5,serine,31,14,4,4,7.447,8.273,0.011,62.0,76.1,0.0,0.0,3.878,3.68,280 358 34 347 303 81 125 262 239 160
lysine,5,serine,31,14,5,1,7.447,8.274,0.011,52.0,76.1,2.0048,0.0,3.878,1.871,275 359 201 292
lysine,5,serine,31,14,5,2,7.447,8.274,0.011,52.0,76.1,0.0,0.0,3.734,1.593,322 346 178 356 100 130
lysine,5,serine,31,14,5,3,7.447,8.274,0.011,52.0,76.1,0.0,0.0,3.878,1.638,329 62 130 262 191 87 133 185
lysine,5,serine,31,14,5,4,7.447,8.274,0.011,52.0,76.1,0.0,0.0,3.564,1.279,22 22 60 312 281 66 97 221 192 154
lysine,5,serine,31,15,3,1,7.447,9.978,0.011,37.2,18.7,4.5963,0.0,2.949,0.629,103 0 196 318
lysine,5,serine,31,15,3,2,7.447,9.978,0.011,37.2,18.7,1.3176,0.0,2.949,1.141,125 360 197 311 165 175
lysine,5,serine,31,15,3,3,7.447,9.978,0.011,37.2,18.7,0.4431,0.0,2.949,3.135,147 360 208 295 179 180 359 180
lysine,5,serine,31,15,3,4,7.447,9.978,0.011,37.2,18.7,0.0,0.0,2.949,3.628,154 18 127 118 91 133 282 234 5 88
lysine,5,serine,31,15,4,1,7.447,8.604,0.011,48.4,82.6,2.5522,0.0,2.949,0.581,111 0 202 294
lysine,5,serine,31,15,4,2,7.447,8.604,0.011,48.4,82.6,0.0,0.0,2.949,1.656,124 288 220 99 134 191
lysine,5,serine,31,15,4,3,7.447,8.604,0.011,48.4,82.6,0.0,0.0,1.635,1.256,43 307 277 88 127 235 195 154
lysine,5,serine,31,15,4,4,7.447,8.604,0.011,48.4,82.6,0.0,0.0,2.727,1.422,71 233 271 153 106 350 192 137 287 325
lysine,5,serine,31,15,5,1,7.447,8.423,0.011,45.5,89.3,2.5666,0.0,2.776,1.401,90 0 161 51
lysine,5,serine,31,15,5,2,7.447,8.423,0.011,45.5,89.3,0.0,0.0,1.657,1.24,58 356 228 28 94 193
lysine,5,serine,31,15,5,3,7.447,8.423,0.011,45.5,89.3,0.0,0.0,1.39,1.563,27 334 282 63 101 246 226 172
lysine,5,serine,31,15,5,4,7.447,8.423,0.011,45.5,89.3,0.0,0.0,1.203,2.563,38 347 309 58 84 245 225 117 134 199
lysine,5,tryptophan,5,13,16,1,3.388,2.162,-0.239,57.9,130.9,3.1142,0.0,1.697,3.026,191 220 351 357
lysine,5,tryptophan,5,13,16,2,3.388,2.162,-0.239,57.9,130.9,1.8525,0.0,3.025,3.026,140 240 356 330 222 358
lysine,5,tryptophan,5,13,16,3,3.388,2.162,-0.239,57.9,130.9,0.0,0.0,1.547,0.235,331 139 20 285 270 330 183 21
lysine,5,tryptophan,5,13,16,4,3.388,2.162,-0.239,57.9,130.9,0.0,0.0,0.67,0.558,27 30 60 293 278 71 98 280 230 138
lysine,5,tryptophan,5,13,17,1,3.388,4.387,-0.239,68.1,40.3,1.4623,0.0,0.663,2.471,251 102 36 13
lysine,5,tryptophan,5,13,17,2,3.388,4.387,-0.239,68.1,40.3,0.041,0.0,1.316,1.579,285 82 37 85 69 16
lysine,5,tryptophan,5,13,17,3,3.388,4.387,-0.239,68.1,40.3,0.0,0.0,1.264,0.646,333 49 41 277 279 71 105 229
lysine,5,tryptophan,5,13,17,4,3.388,4.387,-0.239,68.1,40.3,0.0,0.0,1.207,0.566,333 357 29 306 291 103 90 253 219 121
lysine,5,tryptophan,5,13,18,1,3.388,4.316,-0.239,76.7,43.2,1.1535,0.0,2.383,3.026,181 244 342 350
lysine,5,tryptophan,5,13,18,2,3.388,4.316,-0.239,76.7,43.2,0.0,0.0,2.807,3.026,145 275 325 91 89 341
lysine,5,tryptophan,5,13,18,3,3.388,4.316,-0.239,76.7,43.2,0.0,0.0,0.446,2.159,230 135 309 222 5 99 67 24
lysine,5,tryptophan,5,13,18,4,3.388,4.316,-0.239,76.7,43.2,0.0,0.0,2.411,2.522,60 295 345 333 265 20 90 300 268 158
lysine,5,tryptophan,5,14,16,1,3.388,2.548,-0.239,46.9,153.9,2.8762,0.0,3.811,5.269,159 199 347 0
lysine,5,tryptophan,5,14,16,2,3.388,2.548,-0.239,46.9,153.9,1.3894,0.0,3.878,5.269,93 225 358 343 204 359
lysine,5,tryptophan,5,14,16,3,3.388,2.548,-0.239,46.9,153.9,0.0,0.0,2.142,5.269,55 233 325 81 78 10 200 30
lysine,5,tryptophan,5,14,16,4,3.388,2.548,-0.239,46.9,153.9,0.0,0.0,2.798,4.825,339 329 306 63 85 293 251 82 133 215
lysine,5,tryptophan,5,14,17,1,3.388,4.832,-0.239,52.0,48.2,1.5468,0.0,3.878,5.269,134 288 278 352
lysine,5,tryptophan,5,14,17,2,3.388,4.832,-0.239,52.0,48.2,0.0,0.0,3.878,5.269,76 297 290 349 221 318
lysine,5,tryptophan,5,14,17,3,3.388,4.832,-0.239,52.0,48.2,0.0,0.0,3.674,5.269,41 321 306 68 98 290 234 133
lysine,5,tryptophan,5,14,17,4,3.388,4.832,-0.239,52.0,48.2,0.0,0.0,3.456,5.269,18 338 334 73 102 273 211 102 163 215
lysine,5,tryptophan,5,14,18,1,3.388,4.294,-0.239,77.5,67.9,0.5733,0.0,3.738,5.269,159 181 360 360
lysine,5,tryptophan,5,14,18,2,3.388,4.294,-0.239,77.5,67.9,0.0,0.0,3.878,5.269,95 274 350 44 117 328
lysine,5,tryptophan,5,14,18,3,3.388,4.294,-0.239,77.5,67.9,0.0,0.0,3.688,5.269,48 324 313 71 97 302 245 130
lysine,5,tryptophan,5,14,18,4,3.388,4.294,-0.239,77.5,67.9,0.0,0.0,2.501,3.653,298 78 27 24 89 341 273 51 90 206
lysine,5,tryptophan,5,15,16,1,3.388,1.148,-0.239,87.5,122.3,3.9097,0.0,2.949,5.195,205 91 7 4
lysine,5,tryptophan,5,15,16,2,3.388,1.148,-0.239,87.5,122.3,2.9031,0.0,2.949,5.195,247 89 4 40 125 2
lysine,5,tryptophan,5,15,16,3,3.388,1.148,-0.239,87.5,122.3,0.0,0.0,2.949,5.195,266 115 2 108 54 1 168 30
lysine,5,tryptophan,5,15,16,4,3.388,1.148,-0.239,87.5,122.3,0.0,0.0,0.822,2.189,337 326 286 85 82 289 275 57 118 238
lysine,5,tryptophan,5,15,17,1,3.388,2.649,-0.239,153.0,61.9,2.7255,0.0,0.66,3.292,98 305 19 7
lysine,5,tryptophan,5,15,17,2,3.388,2.649,-0.239,153.0,61.9,1.3159,0.0,1.549,5.195,21 333 1 30 140 1
lysine,5,tryptophan,5,15,17,3,3.388,2.649,-0.239,153.0,61.9,0.0,0.0,2.949,5.195,272 119 282 135 38 307 232 43
lysine,5,tryptophan,5,15,17,4,3.388,2.649,-0.239,153.0,61.9,0.0,0.0,2.06,3.439,25 278 302 154 116 311 224 360 161 275
lysine,5,tryptophan,5,15,18,1,3.388,3.33,-0.239,116.3,39.2,1.8745,0.0,2.949,5.195,218 69 2 2
lysine,5,tryptophan,5,15,18,2,3.388,3.33,-0.239,116.3,39.2,0.7325,0.0,2.949,5.195,262 63 2 55 110 1
lysine,5,tryptophan,5,15,18,3,3.388,3.33,-0.239,116.3,39.2,0.0,0.0,2.949,5.195,306 124 330 43 101 311 278 300
lysine,5,tryptophan,5,15,18,4,3.388,3.33,-0.239,116.3,39.2,0.0,0.0,1.856,5.195,28 309 35 91 67 146 49 199 303 169
lysine,5,lysine,8,13,13,1,8.201,7.126,-0.731,153.1,68.6,0.1799,0.0,3.025,2.777,88 161 221 242
lysine,5,lysine,8,13,13,2,8.201,7.126,-0.731,153.1,68.6,0.0,0.0,2.61,3.026,154 124 279 135 42 246
lysine,5,lysine,8,13,13,3,8.201,7.126,-0.731,153.1,68.6,0.0,0.0,2.592,3.026,168 16 360 223 42 222 236 321
lysine,5,lysine,8,13,13,4,8.201,7.126,-0.731,153.1,68.6,0.0,0.0,1.778,3.026,159 114 189 178 130 265 257 47 98 217
lysine,5,lysine,8,13,14,1,8.201,7.753,-0.731,161.0,43.2,1.0457,0.0,3.025,1.614,51 180 158 96
lysine,5,lysine,8,13,14,2,8.201,7.753,-0.731,161.0,43.2,0.0,0.0,2.66,1.532,360 113 254 126 27 253
lysine,5,lysine,8,13,14,3,8.201,7.753,-0.731,161.0,43.2,0.0,0.0,3.025,1.883,254 133 180 131 75 300 284 140
lysine,5,lysine,8,13,14,4,8.201,7.753,-0.731,161.0,43.2,0.0,0.0,2.586,0.861,282 348 333 306 360 215 201 92 132 260
lysine,5,lysine,8,13,15,1,8.201,5.309,-0.731,162.3,154.2,0.4669,0.0,3.025,2.736,73 132 257 348
lysine,5,lysine,8,13,15,2,8.201,5.309,-0.731,162.3,154.2,0.0,0.0,2.58,2.034,307 233 105 64 96 340
lysine,5,lysine,8,13,15,3,8.201,5.309,-0.731,162.3,154.2,0.0,0.0,2.965,0.836,31 257 144 116 21 304 206 22
lysine,5,lysine,8,13,15,4,8.201,5.309,-0.731,162.3,154.2,0.0,0.0,1.927,0.75,4 299 133 132 24 309 225 320 191 237
lysine,5,lysine,8,14,13,1,8.201,8.594,-0.731,82.1,83.2,1.4261,0.0,3.293,3.647,223 37 202 196
lysine,5,lysine,8,14,13,2,8.201,8.594,-0.731,82.1,83.2,0.0,0.0,3.737,4.959,219 149 117 255 159 83
lysine,5,lysine,8,14,13,3,8.201,8.594,-0.731,82.1,83.2,0.0,0.0,2.592,5.269,171 159 133 231 234 117 139 210
lysine,5,lysine,8,14,13,4,8.201,8.594,-0.731,82.1,83.2,0.0,0.0,2.482,5.269,170 163 139 205 218 135 139 269 253 156
lysine,5,lysine,8,14,14,1,8.201,9.647,-0.731,69.1,40.8,2.4744,0.0,3.593,2.7,253 1 195 206
lysine,5,lysine,8,14,14,2,8.201,9.647,-0.731,69.1,40.8,0.2678,0.0,3.878,2.845,281 358 160 148 317 194
lysine,5,lysine,8,14,14,3,8.201,9.647,-0.731,69.1,40.8,0.0,0.0,3.878,4.469,257 129 114 210 216 94 94 190
lysine,5,lysine,8,14,14,4,8.201,9.647,-0.731,69.1,40.8,0.0,0.0,3.878,4.976,232 154 146 202 205 117 117 241 233 164
lysine,5,lysine,8,14,15,1,8.201,7.228,-0.731,67.2,146.7,0.2971,0.0,3.156,2.748,251 357 207 243
lysine,5,lysine,8,14,15,2,8.201,7.228,-0.731,67.2,146.7,0.0,0.0,3.878,3.17,299 50 81 273 263 161
lysine,5,lysine,8,14,15,3,8.201,7.228,-0.731,67.2,146.7,0.0,0.0,3.295,2.685,202 258 20 252 281 5 80 309
lysine,5,lysine,8,14,15,4,8.201,7.228,-0.731,67.2,146.7,0.0,0.0,2.627,2.687,306 13 15 301 281 78 116 330 272 140
lysine,5,lysine,8,15,13,1,8.201,9.48,-0.731,47.4,69.9,3.4226,0.0,2.949,2.25,139 360 203 293
lysine,5,lysine,8,15,13,2,8.201,9.48,-0.731,47.4,69.9,0.1027,0.0,2.22,3.408,156 360 199 300 152 171
lysine,5,lysine,8,15,13,3,8.201,9.48,-0.731,47.4,69.9,0.0,0.0,1.98,3.129,126 318 292 38 82 251 227 152
lysine,5,lysine,8,15,13,4,8.201,9.48,-0.731,47.4,69.9,0.0,0.0,2.042,2.875,89 339 296 63 110 238 203 99 111 187
lysine,5,lysine,8,15,14,1,8.201,10.148,-0.731,48.8,42.1,3.9738,0.0,2.949,1.297,119 0 155 78
lysine,5,lysine,8,15,14,2,8.201,10.148,-0.731,48.8,42.1,0.6398,0.0,2.949,0.894,103 0 157 83 180 180
lysine,5,lysine,8,15,14,3,8.201,10.148,-0.731,48.8,42.1,0.0,0.0,2.087,1.386,83 314 209 122 161 236 246 210
lysine,5,lysine,8,15,14,4,8.201,10.148,-0.731,48.8,42.1,0.0,0.0,2.353,2.537,20 129 91 91 124 214 224 157 144 175
lysine,5,lysine,8,15,15,1,8.201,7.703,-0.731,48.3,150.8,1.9381,0.0,2.949,1.123,121 2 156 50
lysine,5,lysine,8,15,15,2,8.201,7.703,-0.731,48.3,150.8,0.0,0.0,2.859,1.218,107 287 256 96 109 196
lysine,5,lysine,8,15,15,3,8.201,7.703,-0.731,48.3,150.8,0.0,0.0,1.504,1.586,46 314 285 82 118 244 209 156
lysine,5,lysine,8,15,15,4,8.201,7.703,-0.731,48.3,150.8,0.0,0.0,1.222,1.806,26 349 308 60 92 254 231 135 150 194
lysine,5,aspartic,8,13,3,1,7.198,7.065,-0.805,75.7,84.6,0.3975,0.0,1.028,1.914,13 13 242 255
lysine,5,aspartic,8,13,3,2,7.198,7.065,-0.805,75.7,84.6,0.0,0.0,1.617,1.891,351 316 249 70 196 284
lysine,5,aspartic,8,13,3,3,7.198,7.065,-0.805,75.7,84.6,0.0,0.0,1.897,0.68,308 341 299 42 90 349 287 167
lysine,5,aspartic,8,13,3,4,7.198,7.065,-0.805,75.7,84.6,0.0,0.0,1.763,2.716,72 328 285 28 50 265 261 67 120 241
lysine,5,aspartic,8,13,4,1,7.198,8.003,-0.805,89.4,48.7,0.7284,0.0,0.76,2.917,85 304 173 176
lysine,5,aspartic,8,13,4,2,7.198,8.003,-0.805,89.4,48.7,0.0,0.0,1.685,2.497,69 156 23 150 321 262
lysine,5,aspartic,8,13,4,3,7.198,8.003,-0.805,89.4,48.7,0.0,0.0,2.1,0.819,28 221 58 57 30 190 306 108
lysine,5,aspartic,8,13,4,4,7.198,8.003,-0.805,89.4,48.7,0.0,0.0,1.537,1.377,24 31 340 23 50 252 262 79 106 234
lysine,5,aspartic,8,13,5,1,7.198,7.956,-0.805,92.0,50.7,0.6723,0.0,0.574,1.654,2 64 181 181
lysine,5,aspartic,8,13,5,2,7.198,7.956,-0.805,92.0,50.7,0.0,0.0,1.132,0.718,329 36 244 71 75 216
lysine,5,aspartic,8,13,5,3,7.198,7.956,-0.805,92.0,50.7,0.0,0.0,1.368,0.276,331 12 323 32 65 289 260 154
lysine,5,aspartic,8,13,5,4,7.198,7.956,-0.805,92.0,50.7,0.0,0.0,2.043,2.548,62 26 323 327 358 251 258 111 126 226
lysine,5,aspartic,8,14,3,1,7.198,6.751,-0.805,87.2,98.8,0.0,0.0,2.634,5.133,308 106 74 143
lysine,5,aspartic,8,14,3,2,7.198,6.751,-0.805,87.2,98.8,0.0,0.0,2.442,5.269,5 134 309 6 249 84
lysine,5,aspartic,8,14,3,3,7.198,6.751,-0.805,87.2,98.8,0.0,0.0,3.443,5.269,41 3 31 309 286 81 119 223
lysine,5,aspartic,8,14,3,4,7.198,6.751,-0.805,87.2,98.8,0.0,0.0,2.047,4.308,313 354 38 16 16 89 104 295 188 76
lysine,5,aspartic,8,14,4,1,7.198,7.835,-0.805,95.8,58.1,0.5697,0.0,1.308,4.853,276 78 166 172
lysine,5,aspartic,8,14,4,2,7.198,7.835,-0.805,95.8,58.1,0.0,0.0,2.822,5.269,344 102 352 232 29 201
lysine,5,aspartic,8,14,4,3,7.198,7.835,-0.805,95.8,58.1,0.0,0.0,2.688,5.269,26 44 16 281 273 139 121 194
lysine,5,aspartic,8,14,4,4,7.198,7.835,-0.805,95.8,58.1,0.0,0.0,1.915,2.203,284 34 92 6 329 110 94 268 218 107
lysine,5,aspartic,8,14,5,1,7.198,8.32,-0.805,78.5,36.4,1.3216,0.0,2.178,4.677,343 336 136 142
lysine,5,aspartic,8,14,5,2,7.198,8.32,-0.805,78.5,36.4,0.4472,0.0,2.624,4.668,5 7 111 88 17 155
lysine,5,aspartic,8,14,5,3,7.198,8.32,-0.805,78.5,36.4,0.0,0.0,2.94,3.931,20 317 210 301 184 185 333 330
lysine,5,aspartic,8,14,5,4,7.198,8.32,-0.805,78.5,36.4,0.0,0.0,1.916,2.659,285 32 84 338 306 103 114 267 238 139
lysine,5,aspartic,8,15,3,1,7.198,8.256,-0.805,21.0,101.0,4.4594,0.0,2.247,5.195,342 0 180 0
lysine,5,aspartic,8,15,3,2,7.198,8.256,-0.805,21.0,101.0,0.8398,0.0,1.89,4.966,351 359 183 357 148 128
lysine,5,aspartic,8,15,3,3,7.198,8.256,-0.805,21.0,101.0,0.0,0.0,2.949,5.195,292 64 108 293 245 112 143 199
lysine,5,aspartic,8,15,3,4,7.198,8.256,-0.805,21.0,101.0,0.0,0.0,2.949,5.195,297 49 80 291 266 119 140 241 223 163
lysine,5,aspartic,8,15,4,1,7.198,9.645,-0.805,7.9,47.2,6.8579,0.0,2.521,5.195,334 0 180 0
lysine,5,aspartic,8,15,4,2,7.198,9.645,-0.805,7.9,47.2,3.1065,0.0,2.541,5.195,333 360 180 360 155 114
lysine,5,aspartic,8,15,4,3,7.198,9.645,-0.805,7.9,47.2,0.0829,0.0,2.713,5.195,280 359 184 356 152 133 126 160
lysine,5,aspartic,8,15,4,4,7.198,9.645,-0.805,7.9,47.2,0.0,0.0,2.762,5.195,287 57 90 284 256 129 149 221 211 171
lysine,5,aspartic,8,15,5,1,7.198,9.584,-0.805,19.3,50.0,5.6404,0.0,0.429,3.264,21 360 180 360
lysine,5,aspartic,8,15,5,2,7.198,9.584,-0.805,19.3,50.0,1.9756,0.0,0.437,2.566,17 1 174 7 202 207
lysine,5,aspartic,8,15,5,3,7.198,9.584,-0.805,19.3,50.0,0.0,0.0,0.592,2.145,30 297 230 85 142 227 217 187
lysine,5,aspartic,8,15,5,4,7.198,9.584,-0.805,19.3,50.0,0.0,0.0,1.523,1.597,62 307 276 69 95 235 214 132 147 193
lysine,5,glutamic,10,13,5,1,7.586,6.206,-0.085,93.2,137.0,0.0,0.0,2.443,0.945,296 91 53 234
lysine,5,glutamic,10,13,5,2,7.586,6.206,-0.085,93.2,137.0,0.0,0.0,2.034,0.76,331 53 357 3 262 25
lysine,5,glutamic,10,13,5,3,7.586,6.206,-0.085,93.2,137.0,0.0,0.0,2.433,2.52,197 184 130 245 264 66 98 234
lysine,5,glutamic,10,13,5,4,7.586,6.206,-0.085,93.2,137.0,0.0,0.0,1.107,1.25,316 81 101 70 77 26 83 333 200 103
lysine,5,glutamic,10,13,6,1,7.586,7.097,-0.085,88.6,95.4,0.0,0.0,1.674,1.769,340 316 173 226
lysine,5,glutamic,10,13,6,2,7.586,7.097,-0.085,88.6,95.4,0.0,0.0,1.928,0.752,355 53 26 328 272 138
lysine,5,glutamic,10,13,6,3,7.586,7.097,-0.085,88.6,95.4,0.0,0.0,1.684,1.056,22 75 25 226 278 135 138 220
lysine,5,glutamic,10,13,6,4,7.586,7.097,-0.085,88.6,95.4,0.0,0.0,0.562,0.4,340 334 2 346 341 82 92 285 241 130
lysine,5,glutamic,10,13,7,1,7.586,8.247,-0.085,82.7,51.8,1.0722,0.0,2.607,2.676,262 36 209 201
lysine,5,glutamic,10,13,7,2,7.586,8.247,-0.085,82.7,51.8,0.0038,0.0,3.025,2.834,242 355 252 262 349 194
lysine,5,glutamic,10,13,7,3,7.586,8.247,-0.085,82.7,51.8,0.0,0.0,3.025,2.752,205 117 113 273 279 119 129 211
lysine,5,glutamic,10,13,7,4,7.586,8.247,-0.085,82.7,51.8,0.0,0.0,3.025,2.598,187 147 140 230 233 138 146 251 237 160
lysine,5,glutamic,10,14,5,1,7.586,7.961,-0.085,12.3,134.5,5.1767,0.0,3.878,5.269,147 360 180 360
lysine,5,glutamic,10,14,5,2,7.586,7.961,-0.085,12.3,134.5,1.5976,0.0,3.878,5.269,138 360 181 359 211 265
lysine,5,glutamic,10,14,5,3,7.586,7.961,-0.085,12.3,134.5,0.0,0.0,3.878,5.269,119 295 221 78 160 257 230 178
lysine,5,glutamic,10,14,5,4,7.586,7.961,-0.085,12.3,134.5,0.0,0.0,3.878,5.269,73 319 289 72 99 243 219 127 147 196
lysine,5,glutamic,10,14,6,1,7.586,8.742,-0.085,6.4,98.7,6.3319,0.0,2.838,5.269,32 360 180 360
lysine,5,glutamic,10,14,6,2,7.586,8.742,-0.085,6.4,98.7,2.6268,0.0,2.118,5.098,39 360 180 360 152 97
lysine,5,glutamic,10,14,6,3,7.586,8.742,-0.085,6.4,98.7,0.0,0.0,1.547,3.647,352 352 222 14 168 261 215 186
lysine,5,glutamic,10,14,6,4,7.586,8.742,-0.085,6.4,98.7,0.0,0.0,3.043,3.726,30 320 284 59 90 253 229 139 154 192
lysine,5,glutamic,10,14,7,1,7.586,9.657,-0.085,15.7,64.3,6.0573,0.0,3.878,5.269,99 0 180 0
lysine,5,glutamic,10,14,7,2,7.586,9.657,-0.085,15.7,64.3,2.4325,0.0,3.878,5.269,105 359 185 355 154 141
lysine,5,glutamic,10,14,7,3,7.586,9.657,-0.085,15.7,64.3,0.0,0.0,3.878,5.269,88 312 222 71 154 231 209 179
lysine,5,glutamic,10,14,7,4,7.586,9.657,-0.085,15.7,64.3,0.0,0.0,3.878,5.269,65 310 306 48 85 270 225 142 187 208
lysine,5,glutamic,10,15,5,1,7.586,5.828,-0.085,108.4,137.1,0.0,0.0,1.435,3.726,14 40 240 45
lysine,5,glutamic,10,15,5,2,7.586,5.828,-0.085,108.4,137.1,0.0,0.0,1.886,4.832,349 7 317 9 99 56
lysine,5,glutamic,10,15,5,3,7.586,5.828,-0.085,108.4,137.1,0.0,0.0,2.949,4.929,160 164 224 119 97 290 252 108
lysine,5,glutamic,10,15,5,4,7.586,5.828,-0.085,108.4,137.1,0.0,0.0,1.462,3.94,300 316 284 295 276 343 246 305 77 186
lysine,5,glutamic,10,15,6,1,7.586,6.917,-0.085,95.4,87.8,0.0,0.0,1.166,3.328,25 3 266 179
lysine,5,glutamic,10,15,6,2,7.586,6.917,-0.085,95.4,87.8,0.0,0.0,2.56,3.736,344 339 288 76 109 211
lysine,5,glutamic,10,15,6,3,7.586,6.917,-0.085,95.4,87.8,0.0,0.0,2.463,3.51,342 259 322 161 96 242 235 134
lysine,5,glutamic,10,15,6,4,7.586,6.917,-0.085,95.4,87.8,0.0,0.0,1.471,1.486,41 14 246 353 44 180 327 92 80 339
lysine,5,glutamic,10,15,7,1,7.586,7.432,-0.085,114.9,68.9,0.2267,0.0,2.417,4.886,9 122 145 163
lysine,5,glutamic,10,15,7,2,7.586,7.432,-0.085,114.9,68.9,0.0,0.0,2.949,4.454,120 182 235 339 297 253
lysine,5,glutamic,10,15,7,3,7.586,7.432,-0.085,114.9,68.9,0.0,0.0,2.949,4.74,148 180 198 119 117 270 253 154
lysine,5,glutamic,10,15,7,4,7.586,7.432,-0.085,114.9,68.9,0.0,0.0,2.02,3.944,350 303 262 301 351 304 249 355 73 252
lysine,5,serine,20,13,3,1,8.516,9.092,0.671,65.9,82.2,2.0577,0.0,1.219,1.965,340 1 202 226
lysine,5,serine,20,13,3,2,8.516,9.092,0.671,65.9,82.2,0.0,0.0,2.465,1.431,33 323 134 103 126 189
lysine,5,serine,20,13,3,3,8.516,9.092,0.671,65.9,82.2,0.0,0.0,2.803,0.363,33 353 65 357 286 46 84 185
lysine,5,serine,20,13,3,4,8.516,9.092,0.671,65.9,82.2,0.0,0.0,1.278,0.832,292 117 49 81 113 5 275 257 322 353
lysine,5,serine,20,13,4,1,8.516,8.367,0.671,58.4,110.3,1.7532,0.0,0.32,2.072,325 1 155 93
lysine,5,serine,20,13,4,2,8.516,8.367,0.671,58.4,110.3,0.0,0.0,1.171,1.109,319 85 68 344 298 172
lysine,5,serine,20,13,4,3,8.516,8.367,0.671,58.4,110.3,0.0,0.0,2.301,0.617,331 94 25 282 291 91 191 305
lysine,5,serine,20,13,4,4,8.516,8.367,0.671,58.4,110.3,0.0,0.0,1.4,1.192,331 14 53 319 291 102 125 275 245 150
lysine,5,serine,20,13,5,1,8.516,8.409,0.671,75.3,108.5,1.3482,0.0,1.083,1.957,344 342 151 154
lysine,5,serine,20,13,5,2,8.516,8.409,0.671,75.3,108.5,0.0,0.0,0.98,0.598,318 137 23 14 294 159
lysine,5,serine,20,13,5,3,8.516,8.409,0.671,75.3,108.5,0.0,0.0,2.41,0.689,36 354 58 339 291 42 68 187
lysine,5,serine,20,13,5,4,8.516,8.409,0.671,75.3,108.5,0.0,0.0,1.334,1.833,321 7 52 340 311 94 116 287 248 141
lysine,5,serine,20,14,3,1,8.516,9.626,0.671,43.5,88.2,3.8138,0.0,2.633,5.269,7 360 160 57
lysine,5,serine,20,14,3,2,8.516,9.626,0.671,43.5,88.2,0.2501,0.0,2.912,4.964,4 1 217 284 188 185
lysine,5,serine,20,14,3,3,8.516,9.626,0.671,43.5,88.2,0.0,0.0,3.415,4.246,312 351 263 41 116 246 220 198
lysine,5,serine,20,14,3,4,8.516,9.626,0.671,43.5,88.2,0.0,0.0,3.577,4.532,323 17 241 16 127 89 347 277 359 254
lysine,5,serine,20,14,4,1,8.516,8.811,0.671,38.7,121.5,3.4189,0.0,2.777,5.269,28 359 194 329
lysine,5,serine,20,14,4,2,8.516,8.811,0.671,38.7,121.5,0.0,0.0,2.93,5.269,34 333 179 76 144 174
lysine,5,serine,20,14,4,3,8.516,8.811,0.671,38.7,121.5,0.0,0.0,3.768,5.269,337 50 213 335 149 232 322 232
lysine,5,serine,20,14,4,4,8.516,8.811,0.671,38.7,121.5,0.0,0.0,3.406,5.269,1 348 301 30 63 268 244 124 139 197
lysine,5,serine,20,14,5,1,8.516,9.468,0.671,28.5,94.1,4.8036,0.0,2.192,4.972,4 1 173 10
lysine,5,serine,20,14,5,2,8.516,9.468,0.671,28.5,94.1,1.0744,0.0,1.757,3.457,4 1 159 33 188 185
lysine,5,serine,20,14,5,3,8.516,9.468,0.671,28.5,94.1,0.0003,0.0,1.754,2.875,76 7 167 5 174 307 111 178
lysine,5,serine,20,14,5,4,8.516,9.468,0.671,28.5,94.1,0.0,0.0,2.724,3.146,92 293 241 76 141 232 193 110 112 174
lysine,5,serine,20,15,3,1,8.516,8.901,0.671,73.0,73.5,1.6234,0.0,1.366,4.429,6 10 183 183
lysine,5,serine,20,15,3,2,8.516,8.901,0.671,73.0,73.5,0.0,0.0,2.272,4.685,328 62 156 247 13 211
lysine,5,serine,20,15,3,3,8.516,8.901,0.671,73.0,73.5,0.0,0.0,2.949,4.554,303 358 287 301 167 357 342 300
lysine,5,serine,20,15,3,4,8.516,8.901,0.671,73.0,73.5,0.0,0.0,1.481,0.307,48 315 279 40 67 256 231 90 116 206
lysine,5,serine,20,15,4,1,8.516,7.587,0.671,87.6,126.9,0.3478,0.0,1.551,4.605,41 313 160 168
lysine,5,serine,20,15,4,2,8.516,7.587,0.671,87.6,126.9,0.0,0.0,1.9,3.745,350 147 86 38 35 293
lysine,5,serine,20,15,4,3,8.516,7.587,0.671,87.6,126.9,0.0,0.0,2.692,4.605,347 252 53 337 120 237 260 32
lysine,5,serine,20,15,4,4,8.516,7.587,0.671,87.6,126.9,0.0,0.0,1.572,3.56,37 26 325 338 6 257 251 92 118 221
lysine,5,serine,20,15,5,1,8.516,8.25,0.671,81.2,97.8,0.9693,0.0,0.989,3.898,4 43 174 177
lysine,5,serine,20,15,5,2,8.516,8.25,0.671,81.2,97.8,0.0,0.0,1.432,3.004,0 295 321 26 37 197
lysine,5,serine,20,15,5,3,8.516,8.25,0.671,81.2,97.8,0.0,0.0,2.949,3.131,113 288 121 90 81 108 139 359
lysine,5,serine,20,15,5,4,8.516,8.25,0.671,81.2,97.8,0.0,0.0,1.367,2.756,28 24 334 359 29 268 249 72 109 222
aspartic,21,arginine,3,3,16,1,6.688,7.13,0.02,47.7,109.8,1.3364,0.0,2.661,5.18,261 360 198 320
aspartic,21,arginine,3,3,16,2,6.688,7.13,0.02,47.7,109.8,0.0,0.0,2.661,5.338,259 290 259 264 294 113
aspartic,21,arginine,3,3,16,3,6.688,7.13,0.02,47.7,109.8,0.0,0.0,2.109,4.133,294 46 40 307 288 80 140 247
aspartic,21,arginine,3,3,16,4,6.688,7.13,0.02,47.7,109.8,0.0,0.0,2.056,1.048,13 206 283 284 294 78 82 234 187 131
aspartic,21,arginine,3,3,17,1,6.688,8.343,0.02,47.0,63.5,2.3659,0.0,2.661,5.658,241 360 161 55
aspartic,21,arginine,3,3,17,2,6.688,8.343,0.02,47.0,63.5,0.0,0.0,2.661,5.658,225 74 134 258 255 189
aspartic,21,arginine,3,3,17,3,6.688,8.343,0.02,47.0,63.5,0.0,0.0,1.963,3.974,302 29 73 296 261 115 135 194
aspartic,21,arginine,3,3,17,4,6.688,8.343,0.02,47.0,63.5,0.0,0.0,1.798,3.683,314 10 52 303 269 114 136 233 220 168
aspartic,21,arginine,3,3,18,1,6.688,9.084,0.02,37.2,29.1,3.7282,0.0,2.661,5.148,260 360 192 333
aspartic,21,arginine,3,3,18,2,6.688,9.084,0.02,37.2,29.1,0.7374,0.0,2.661,2.715,288 0 182 348 134 173
aspartic,21,arginine,3,3,18,3,6.688,9.084,0.02,37.2,29.1,0.0,0.0,1.797,1.473,308 24 173 261 197 130 81 132
aspartic,21,arginine,3,3,18,4,6.688,9.084,0.02,37.2,29.1,0.0,0.0,0.977,1.508,8 1 116 293 243 137 119 186 259 228
aspartic,21,arginine,3,4,16,1,6.688,7.007,0.02,52.9,90.5,0.8131,0.0,2.116,4.03,97 359 162 53
aspartic,21,arginine,3,4,16,2,6.688,7.007,0.02,52.9,90.5,0.0,0.0,2.875,4.983,142 7 156 19 77 71
aspartic,21,arginine,3,4,16,3,6.688,7.007,0.02,52.9,90.5,0.0,0.0,2.005,0.622,44 289 222 40 216 336 194 126
aspartic,21,arginine,3,4,16,4,6.688,7.007,0.02,52.9,90.5,0.0,0.0,1.647,1.608,338 146 67 68 81 304 263 113 173 231
aspartic,21,arginine,3,4,17,1,6.688,7.807,0.02,68.5,60.8,0.6844,0.0,2.388,4.697,106 360 163 138
aspartic,21,arginine,3,4,17,2,6.688,7.807,0.02,68.5,60.8,0.0,0.0,2.875,5.836,129 223 313 60 39 193
aspartic,21,arginine,3,4,17,3,6.688,7.807,0.02,68.5,60.8,0.0,0.0,1.735,4.882,158 194 234 136 125 271 250 147
aspartic,21,arginine,3,4,17,4,6.688,7.807,0.02,68.5,60.8,0.0,0.0,1.907,3.642,69 346 354 37 45 297 265 20 90 234
aspartic,21,arginine,3,4,18,1,6.688,8.401,0.02,66.6,34.1,1.3369,0.0,1.335,3.035,87 360 196 225
aspartic,21,arginine,3,4,18,2,6.688,8.401,0.02,66.6,34.1,0.0801,0.0,1.499,1.412,48 346 244 203 358 183
aspartic,21,arginine,3,4,18,3,6.688,8.401,0.02,66.6,34.1,0.0,0.0,0.533,1.221,110 215 234 156 112 279 265 124
aspartic,21,arginine,3,4,18,4,6.688,8.401,0.02,66.6,34.1,0.0,0.0,2.595,1.599,84 55 200 196 198 160 29 128 56 33
aspartic,21,arginine,3,5,16,1,6.688,4.843,0.02,148.9,100.0,0.1059,0.0,2.427,1.754,345 60 309 5
aspartic,21,arginine,3,5,16,2,6.688,4.843,0.02,148.9,100.0,0.0,0.0,2.946,4.939,95 65 322 347 234 292
aspartic,21,arginine,3,5,16,3,6.688,4.843,0.02,148.9,100.0,0.0,0.0,2.946,4.939,157 354 12 294 280 44 84 249
aspartic,21,arginine,3,5,16,4,6.688,4.843,0.02,148.9,100.0,0.0,0.0,1.935,0.541,259 82 168 274 294 94 101 318 245 148
aspartic,21,arginine,3,5,17,1,6.688,5.919,0.02,161.5,60.2,0.6393,0.0,1.889,4.856,271 224 99 23
aspartic,21,arginine,3,5,17,2,6.688,5.919,0.02,161.5,60.2,0.0,0.0,2.644,4.939,208 204 117 269 297 24
aspartic,21,arginine,3,5,17,3,6.688,5.919,0.02,161.5,60.2,0.0,0.0,2.946,4.256,40 160 181 255 353 69 93 292
aspartic,21,arginine,3,5,17,4,6.688,5.919,0.02,161.5,60.2,0.0,0.0,2.483,2.643,342 138 152 284 319 102 89 292 258 121
aspartic,21,arginine,3,5,18,1,6.688,6.652,0.02,142.4,26.4,0.8178,0.0,2.215,1.597,312 75 311 257
aspartic,21,arginine,3,5,18,2,6.688,6.652,0.02,142.4,26.4,0.1323,0.0,1.727,0.677,1 358 47 152 359 270
aspartic,21,arginine,3,5,18,3,6.688,6.652,0.02,142.4,26.4,0.0003,0.0,2.946,2.229,57 128 282 152 47 152 349 276
aspartic,21,arginine,3,5,18,4,6.688,6.652,0.02,142.4,26.4,0.0,0.0,2.506,0.526,24 32 87 40 355 91 120 314 270 133
aspartic,21,lysine,5,3,13,1,9.323,8.698,-0.06,57.2,158.4,2.3494,0.0,0.891,1.287,351 0 148 96
aspartic,21,lysine,5,3,13,2,9.323,8.698,-0.06,57.2,158.4,0.0,0.0,1.218,2.341,21 355 156 115 13 171
aspartic,21,lysine,5,3,13,3,9.323,8.698,-0.06,57.2,158.4,0.0,0.0,2.404,2.503,46 15 80 305 314 55 35 217
aspartic,21,lysine,5,3,13,4,9.323,8.698,-0.06,57.2,158.4,0.0,0.0,1.043,2.892,10 3 43 342 306 86 123 254 225 158
aspartic,21,lysine,5,3,14,1,9.323,11.1,-0.06,60.6,47.8,4.3547,0.0,0.891,1.879,352 358 154 127
aspartic,21,lysine,5,3,14,2,9.323,11.1,-0.06,60.6,47.8,0.7875,0.0,0.88,1.777,355 355 138 125 157 165
aspartic,21,lysine,5,3,14,3,9.323,11.1,-0.06,60.6,47.8,0.0,0.0,0.905,2.218,8 351 96 55 258 55 62 190
aspartic,21,lysine,5,3,14,4,9.323,11.1,-0.06,60.6,47.8,0.0,0.0,0.965,3.452,355 20 61 331 296 112 139 235 219 165
aspartic,21,lysine,5,3,15,1,9.323,10.417,-0.06,51.1,75.2,4.097,0.0,0.858,1.564,0 360 205 274
aspartic,21,lysine,5,3,15,2,9.323,10.417,-0.06,51.1,75.2,0.5641,0.0,0.851,1.98,356 1 222 264 189 186
aspartic,21,lysine,5,3,15,3,9.323,10.417,-0.06,51.1,75.2,0.0,0.0,0.88,3.071,2 1 211 62 320 114 152 46
aspartic,21,lysine,5,3,15,4,9.323,10.417,-0.06,51.1,75.2,0.0,0.0,2.365,0.611,285 56 135 317 205 80 205 276 287 167
aspartic,21,lysine,5,4,13,1,9.323,8.771,-0.06,54.2,142.0,2.4771,0.0,1.365,2.524,8 1 153 81
aspartic,21,lysine,5,4,13,2,9.323,8.771,-0.06,54.2,142.0,0.0,0.0,1.677,1.801,9 306 269 2 74 189
aspartic,21,lysine,5,4,13,3,9.323,8.771,-0.06,54.2,142.0,0.0,0.0,2.374,1.835,33 108 58 197 297 39 281 113
aspartic,21,lysine,5,4,13,4,9.323,8.771,-0.06,54.2,142.0,0.0,0.0,1.979,0.833,65 297 269 69 91 241 218 98 122 203
aspartic,21,lysine,5,4,14,1,9.323,11.216,-0.06,55.9,36.2,4.6336,0.0,1.397,2.955,7 0 154 106
aspartic,21,lysine,5,4,14,2,9.323,11.216,-0.06,55.9,36.2,1.073,0.0,1.437,2.901,5 0 142 104 183 182
aspartic,21,lysine,5,4,14,3,9.323,11.216,-0.06,55.9,36.2,0.0002,0.0,2.109,3.617,339 2 141 96 192 199 332 179
aspartic,21,lysine,5,4,14,4,9.323,11.216,-0.06,55.9,36.2,0.0,0.0,1.294,1.29,13 1 196 332 118 20 26 196 351 303
aspartic,21,lysine,5,4,15,1,9.323,10.014,-0.06,67.4,85.9,3.059,0.0,1.305,3.484,15 355 155 145
aspartic,21,lysine,5,4,15,2,9.323,10.014,-0.06,67.4,85.9,0.0,0.0,2.022,4.056,343 70 174 242 195 175
aspartic,21,lysine,5,4,15,3,9.323,10.014,-0.06,67.4,85.9,0.0,0.0,2.694,2.948,302 34 197 331 278 317 67 288
aspartic,21,lysine,5,4,15,4,9.323,10.014,-0.06,67.4,85.9,0.0,0.0,1.467,3.418,13 344 304 20 54 260 227 112 131 198
aspartic,21,lysine,5,5,13,1,9.323,8.341,-0.06,70.9,145.5,1.2453,0.0,1.749,1.049,1 0 201 213
aspartic,21,lysine,5,5,13,2,9.323,8.341,-0.06,70.9,145.5,0.0,0.0,1.6,0.211,319 353 270 26 76 218
aspartic,21,lysine,5,5,13,3,9.323,8.341,-0.06,70.9,145.5,0.0,0.0,1.624,0.506,328 35 256 148 296 121 29 63
aspartic,21,lysine,5,5,13,4,9.323,8.341,-0.06,70.9,145.5,0.0,0.0,1.393,1.298,341 359 322 50 67 262 221 60 150 238
aspartic,21,lysine,5,5,14,1,9.323,10.801,-0.06,72.1,37.9,3.5847,0.0,1.794,0.93,1 3 190 191
aspartic,21,lysine,5,5,14,2,9.323,10.801,-0.06,72.1,37.9,0.5676,0.0,2.279,0.86,19 1 182 182 255 206
aspartic,21,lysine,5,5,14,3,9.323,10.801,-0.06,72.1,37.9,0.0,0.0,1.969,1.416,359 18 232 148 253 147 31 112
aspartic,21,lysine,5,5,14,4,9.323,10.801,-0.06,72.1,37.9,0.0,0.0,1.43,1.179,345 358 304 26 73 241 222 113 113 186
aspartic,21,lysine,5,5,15,1,9.323,9.987,-0.06,68.4,72.6,2.8388,0.0,1.528,1.15,351 360 164 152
aspartic,21,lysine,5,5,15,2,9.323,9.987,-0.06,68.4,72.6,0.0,0.0,1.579,1.874,328 341 198 102 187 168
aspartic,21,lysine,5,5,15,3,9.323,9.987,-0.06,68.4,72.6,0.0,0.0,1.401,1.727,327 12 150 196 56 254 18 297
aspartic,21,lysine,5,5,15,4,9.323,9.987,-0.06,68.4,72.6,0.0,0.0,1.649,0.938,350 12 56 341 303 102 133 250 233 163
aspartic,21,glutamic,9,3,5,1,10.878,11.339,-0.143,30.4,114.9,6.3504,0.0,2.224,2.599,306 1 169 22
aspartic,21,glutamic,9,3,5,2,10.878,11.339,-0.143,30.4,114.9,2.6944,0.0,2.189,0.78,307 0 207 310 182 181
aspartic,21,glutamic,9,3,5,3,10.878,11.339,-0.143,30.4,114.9,0.0,0.0,1.243,0.631,329 47 125 303 218 163 176 182
aspartic,21,glutamic,9,3,5,4,10.878,11.339,-0.143,30.4,114.9,0.0,0.0,2.257,0.656,287 238 287 70 71 150 181 250 231 164
aspartic,21,glutamic,9,3,6,1,10.878,11.107,-0.143,42.6,125.7,5.2973,0.0,2.037,2.35,311 0 202 294
aspartic,21,glutamic,9,3,6,2,10.878,11.107,-0.143,42.6,125.7,1.8327,0.0,2.122,0.86,308 1 147 71 196 189
aspartic,21,glutamic,9,3,6,3,10.878,11.107,-0.143,42.6,125.7,0.0,0.0,1.357,1.092,321 44 94 315 269 137 159 185
aspartic,21,glutamic,9,3,6,4,10.878,11.107,-0.143,42.6,125.7,0.0,0.0,1.569,1.726,312 37 72 306 281 127 148 233 217 164
aspartic,21,glutamic,9,3,7,1,10.878,12.98,-0.143,36.3,50.4,7.4337,0.0,1.751,1.882,320 360 198 310
aspartic,21,glutamic,9,3,7,2,10.878,12.98,-0.143,36.3,50.4,3.8929,0.0,1.775,0.573,319 0 147 68 183 182
aspartic,21,glutamic,9,3,7,3,10.878,12.98,-0.143,36.3,50.4,0.4457,0.0,1.31,0.914,333 360 143 76 176 178 219 207
aspartic,21,glutamic,9,3,7,4,10.878,12.98,-0.143,36.3,50.4,0.0,0.0,1.081,2.404,345 352 233 18 108 249 199 154 152 162
aspartic,21,glutamic,9,4,5,1,10.878,10.54,-0.143,67.3,126.8,3.5899,0.0,1.746,1.705,51 3 205 216
aspartic,21,glutamic,9,4,5,2,10.878,10.54,-0.143,67.3,126.8,0.0,0.0,1.675,1.13,57 343 161 113 196 161
aspartic,21,glutamic,9,4,5,3,10.878,10.54,-0.143,67.3,126.8,0.0,0.0,1.723,0.904,57 310 292 27 63 250 215 135
aspartic,21,glutamic,9,4,5,4,10.878,10.54,-0.143,67.3,126.8,0.0,0.0,1.514,1.05,51 335 299 44 68 239 220 99 120 204
aspartic,21,glutamic,9,4,6,1,10.878,10.832,-0.143,55.1,113.2,4.3223,0.0,1.641,1.09,48 1 155 99
aspartic,21,glutamic,9,4,6,2,10.878,10.832,-0.143,55.1,113.2,0.7294,0.0,1.67,0.892,50 359 220 259 175 177
aspartic,21,glutamic,9,4,6,3,10.878,10.832,-0.143,55.1,113.2,0.0,0.0,1.607,0.977,41 312 286 39 77 238 203 153
aspartic,21,glutamic,9,4,6,4,10.878,10.832,-0.143,55.1,113.2,0.0,0.0,1.685,1.343,70 310 279 59 84 231 210 101 120 201
aspartic,21,glutamic,9,4,7,1,10.878,12.363,-0.143,64.4,53.6,5.3844,0.0,1.591,1.719,47 359 159 142
aspartic,21,glutamic,9,4,7,2,10.878,12.363,-0.143,64.4,53.6,1.8152,0.0,1.557,1.295,45 1 220 232 183 182
aspartic,21,glutamic,9,4,7,3,10.878,12.363,-0.143,64.4,53.6,0.0,0.0,2.005,3.096,359 71 198 268 159 202 78 173
aspartic,21,glutamic,9,4,7,4,10.878,12.363,-0.143,64.4,53.6,0.0,0.0,2.524,3.848,334 348 292 76 79 226 203 169 154 166
aspartic,21,glutamic,9,5,5,1,10.878,9.414,-0.143,110.4,119.9,2.1457,0.0,2.656,0.221,17 263 179 179
aspartic,21,glutamic,9,5,5,2,10.878,9.414,-0.143,110.4,119.9,0.0,0.0,2.303,0.717,41 273 130 30 253 156
aspartic,21,glutamic,9,5,5,3,10.878,9.414,-0.143,110.4,119.9,0.0,0.0,2.413,0.954,276 342 5 262 225 12 77 242
aspartic,21,glutamic,9,5,5,4,10.878,9.414,-0.143,110.4,119.9,0.0,0.0,2.307,1.149,60 327 15 147 120 32 99 2 312 117
aspartic,21,glutamic,9,5,6,1,10.878,9.47,-0.143,107.4,117.3,2.1997,0.0,2.546,0.46,315 92 179 179
aspartic,21,glutamic,9,5,6,2,10.878,9.47,-0.143,107.4,117.3,0.0,0.0,1.992,1.613,52 267 124 125 168 269
aspartic,21,glutamic,9,5,6,3,10.878,9.47,-0.143,107.4,117.3,0.0,0.0,2.85,0.912,25 205 309 354 75 192 308 314
aspartic,21,glutamic,9,5,6,4,10.878,9.47,-0.143,107.4,117.3,0.0,0.0,1.812,1.222,328 58 97 339 310 101 126 283 256 157
aspartic,21,glutamic,9,5,7,1,10.878,11.314,-0.143,104.1,43.7,4.0635,0.0,2.518,0.798,22 273 185 183
aspartic,21,glutamic,9,5,7,2,10.878,11.314,-0.143,104.1,43.7,0.6422,0.0,2.121,0.736,309 71 173 176 134 150
aspartic,21,glutamic,9,5,7,3,10.878,11.314,-0.143,104.1,43.7,0.0,0.0,2.207,1.117,338 297 295 231 132 178 322 264
aspartic,21,glutamic,9,5,7,4,10.878,11.314,-0.143,104.1,43.7,0.0,0.0,1.615,1.104,344 18 57 341 312 117 147 273 249 156
aspartic,21,isoleucine,4,3,4,1,7.422,9.007,-0.442,68.8,46.2,1.9082,0.0,2.661,5.024,282 356 161 151
aspartic,21,isoleucine,4,3,4,2,7.422,9.007,-0.442,68.8,46.2,0.0,0.0,2.661,5.658,236 65 188 201 303 231
aspartic,21,isoleucine,4,3,4,3,7.422,9.007,-0.442,68.8,46.2,0.0,0.0,2.661,5.658,242 144 39 267 10 17 49 239
aspartic,21,isoleucine,4,3,4,4,7.422,9.007,-0.442,68.8,46.2,0.0,0.0,2.661,4.666,286 8 22 5 321 46 106 330 277 141
aspartic,21,isoleucine,4,3,5,1,7.422,8.73,-0.442,59.2,58.0,2.0009,0.0,2.661,3.718,292 0 203 257
aspartic,21,isoleucine,4,3,5,2,7.422,8.73,-0.442,59.2,58.0,0.0,0.0,1.24,1.937,344 344 174 285 202 160
aspartic,21,isoleucine,4,3,5,3,7.422,8.73,-0.442,59.2,58.0,0.0,0.0,1.641,2.54,29 287 191 349 176 202 30 167
aspartic,21,isoleucine,4,3,5,4,7.422,8.73,-0.442,59.2,58.0,0.0,0.0,0.86,2.994,354 360 41 327 300 88 113 233 211 159
aspartic,21,isoleucine,4,3,6,1,7.422,6.687,-0.442,67.0,147.9,0.4243,0.0,2.661,4.766,269 357 240 266
aspartic,21,isoleucine,4,3,6,2,7.422,6.687,-0.442,67.0,147.9,0.0,0.0,0.895,1.465,347 14 104 51 75 104
aspartic,21,isoleucine,4,3,6,3,7.422,6.687,-0.442,67.0,147.9,0.0,0.0,1.153,2.964,6 17 67 284 300 78 46 188
aspartic,21,isoleucine,4,3,6,4,7.422,6.687,-0.442,67.0,147.9,0.0,0.0,1.393,3.248,337 348 31 314 294 99 112 266 244 149
aspartic,21,isoleucine,4,4,4,1,7.422,9.802,-0.442,33.8,35.9,4.6126,0.0,2.875,4.044,97 360 189 342
aspartic,21,isoleucine,4,4,4,2,7.422,9.802,-0.442,33.8,35.9,1.0279,0.0,2.354,4.355,98 360 207 309 177 178
aspartic,21,isoleucine,4,4,4,3,7.422,9.802,-0.442,33.8,35.9,0.0,0.0,2.875,5.883,154 331 168 81 143 185 282 250
aspartic,21,isoleucine,4,4,4,4,7.422,9.802,-0.442,33.8,35.9,0.0,0.0,2.499,4.216,89 323 279 71 97 224 217 108 110 191
aspartic,21,isoleucine,4,4,5,1,7.422,9.238,-0.442,36.1,61.3,3.9188,0.0,2.313,2.262,70 0 171 20
aspartic,21,isoleucine,4,4,5,2,7.422,9.238,-0.442,36.1,61.3,0.3512,0.0,2.313,1.144,71 0 151 53 181 181
aspartic,21,isoleucine,4,4,5,3,7.422,9.238,-0.442,36.1,61.3,0.0,0.0,1.976,0.873,13 316 240 92 141 230 224 197
aspartic,21,isoleucine,4,4,5,4,7.422,9.238,-0.442,36.1,61.3,0.0,0.0,1.447,0.826,16 341 303 51 78 253 232 137 154 196
aspartic,21,isoleucine,4,4,6,1,7.422,7.559,-0.442,28.0,129.2,3.4397,0.0,2.875,3.647,91 359 184 356
aspartic,21,isoleucine,4,4,6,2,7.422,7.559,-0.442,28.0,129.2,0.0846,0.0,2.875,4.747,113 355 195 351 129 99
aspartic,21,isoleucine,4,4,6,3,7.422,7.559,-0.442,28.0,129.2,0.0,0.0,2.593,4.225,86 277 303 75 100 263 181 108
aspartic,21,isoleucine,4,4,6,4,7.422,7.559,-0.442,28.0,129.2,0.0,0.0,2.624,0.35,345 324 310 53 82 280 237 130 175 208
aspartic,21,isoleucine,4,5,4,1,7.422,7.418,-0.442,135.2,40.0,0.6331,0.0,2.946,4.864,66 166 266 211
aspartic,21,isoleucine,4,5,4,2,7.422,7.418,-0.442,135.2,40.0,0.0,0.0,2.946,4.939,108 172 236 159 54 254
aspartic,21,isoleucine,4,5,4,3,7.422,7.418,-0.442,135.2,40.0,0.0,0.0,2.649,4.939,149 166 186 116 114 285 256 150
aspartic,21,isoleucine,4,5,4,4,7.422,7.418,-0.442,135.2,40.0,0.0,0.0,2.342,2.378,38 304 275 334 356 274 240 103 125 224
aspartic,21,isoleucine,4,5,5,1,7.422,7.141,-0.442,121.8,52.3,0.3467,0.0,2.482,1.76,350 57 278 196
aspartic,21,isoleucine,4,5,5,2,7.422,7.141,-0.442,121.8,52.3,0.0,0.0,2.523,0.765,295 93 220 256 314 272
aspartic,21,isoleucine,4,5,5,3,7.422,7.141,-0.442,121.8,52.3,0.0,0.0,2.641,0.225,305 277 8 217 330 298 336 139
aspartic,21,isoleucine,4,5,5,4,7.422,7.141,-0.442,121.8,52.3,0.0,0.0,2.946,3.542,32 193 78 208 194 128 17 355 192 350
aspartic,21,isoleucine,4,5,6,1,7.422,5.26,-0.442,124.2,128.2,0.0,0.0,1.874,1.592,359 12 294 48
aspartic,21,isoleucine,4,5,6,2,7.422,5.26,-0.442,124.2,128.2,0.0,0.0,1.489,0.639,330 346 284 354 257 349
aspartic,21,isoleucine,4,5,6,3,7.422,5.26,-0.442,124.2,128.2,0.0,0.0,2.946,4.642,280 306 42 8 165 10 73 102
aspartic,21,isoleucine,4,5,6,4,7.422,5.26,-0.442,124.2,128.2,0.0,0.0,2.946,3.298,99 12 345 289 282 306 275 294 327 307
aspartic,21,leucine,13,3,1,1,17.728,17.872,-0.438,29.7,135.6,12.6043,0.0,2.661,5.658,245 0 165 40
aspartic,21,leucine,13,3,1,2,17.728,17.872,-0.438,29.7,135.6,9.074,0.0,2.661,4.558,245 0 212 296 181 181
aspartic,21,leucine,13,3,1,3,17.728,17.872,-0.438,29.7,135.6,5.4449,0.0,2.661,1.62,244 1 152 59 189 185 188 188
aspartic,21,leucine,13,3,1,4,17.728,17.872,-0.438,29.7,135.6,1.7777,0.0,2.661,0.474,245 0 212 295 183 182 193 191 183 182
aspartic,21,leucine,13,3,2,1,17.728,19.973,-0.438,32.6,48.5,14.4584,0.0,2.661,5.658,240 0 162 55
aspartic,21,leucine,13,3,2,2,17.728,19.973,-0.438,32.6,48.5,10.9487,0.0,2.661,5.201,240 360 215 287 179 180
aspartic,21,leucine,13,3,2,3,17.728,19.973,-0.438,32.6,48.5,7.2673,0.0,2.661,2.261,240 0 150 69 181 181 181 181
aspartic,21,leucine,13,3,2,4,17.728,19.973,-0.438,32.6,48.5,3.6471,0.0,2.661,1.598,240 360 215 287 179 179 171 172 179 179
aspartic,21,leucine,13,3,13,1,17.728,19.808,-0.438,31.8,56.0,14.3445,0.0,2.661,5.658,254 360 198 308
aspartic,21,leucine,13,3,13,2,17.728,19.808,-0.438,31.8,56.0,10.8321,0.0,2.661,4.935,253 0 146 71 180 180
aspartic,21,leucine,13,3,13,3,17.728,19.808,-0.438,31.8,56.0,7.153,0.0,2.661,1.817,254 360 210 293 178 179 178 178
aspartic,21,leucine,13,3,13,4,17.728,19.808,-0.438,31.8,56.0,3.5279,0.0,2.661,1.125,253 0 145 71 181 180 187 186 181 180
aspartic,21,leucine,13,4,1,1,17.728,16.607,-0.438,85.6,142.1,9.365,0.0,2.875,3.857,111 311 178 179
aspartic,21,leucine,13,4,1,2,17.728,16.607,-0.438,85.6,142.1,5.6877,0.0,2.678,1.868,63 42 180 180 180 180
aspartic,21,leucine,13,4,1,3,17.728,16.607,-0.438,85.6,142.1,2.1292,0.0,2.875,0.612,110 314 172 175 163 166 171 174
aspartic,21,leucine,13,4,1,4,17.728,16.607,-0.438,85.6,142.1,0.0,0.0,2.506,1.628,134 244 209 137 150 167 164 145 137 174
aspartic,21,leucine,13,4,2,1,17.728,18.724,-0.438,86.8,52.7,11.4758,0.0,2.637,3.543,60 52 182 181
aspartic,21,leucine,13,4,2,2,17.728,18.724,-0.438,86.8,52.7,7.7807,0.0,2.875,2.236,111 315 181 180 181 181
aspartic,21,leucine,13,4,2,3,17.728,18.724,-0.438,86.8,52.7,4.198,0.0,2.652,0.478,61 50 186 184 198 195 186 184
aspartic,21,leucine,13,4,2,4,17.728,18.724,-0.438,86.8,52.7,0.5815,0.0,2.292,1.103,62 53 192 187 200 196 193 189 198 194
aspartic,21,leucine,13,4,13,1,17.728,18.691,-0.438,81.5,54.2,11.4295,0.0,2.875,3.509,105 321 179 180
aspartic,21,leucine,13,4,13,2,17.728,18.691,-0.438,81.5,54.2,7.769,0.0,2.717,1.75,68 28 185 183 184 184
aspartic,21,leucine,13,4,13,3,17.728,18.691,-0.438,81.5,54.2,4.1332,0.0,2.875,0.75,105 321 179 180 173 174 179 179
aspartic,21,leucine,13,4,13,4,17.728,18.691,-0.438,81.5,54.2,0.5249,0.0,2.372,1.143,100 324 180 180 179 180 180 180 161 165
aspartic,21,leucine,13,5,1,1,17.728,15.39,-0.438,138.0,134.8,8.1597,0.0,2.472,2.298,335 213 183 182
aspartic,21,leucine,13,5,1,2,17.728,15.39,-0.438,138.0,134.8,4.4733,0.0,2.923,0.962,284 153 182 181 182 182
aspartic,21,leucine,13,5,1,3,17.728,15.39,-0.438,138.0,134.8,0.9064,0.0,2.472,0.58,333 208 194 189 201 197 194 190
aspartic,21,leucine,13,5,1,4,17.728,15.39,-0.438,138.0,134.8,0.0,0.0,2.503,1.36,212 170 168 236 240 175 187 207 190 163
aspartic,21,leucine,13,5,2,1,17.728,17.477,-0.438,141.7,48.5,10.2207,0.0,2.489,2.735,325 205 181 181
aspartic,21,leucine,13,5,2,2,17.728,17.477,-0.438,141.7,48.5,6.5492,0.0,2.861,1.635,288 166 175 177 176 177
aspartic,21,leucine,13,5,2,3,17.728,17.477,-0.438,141.7,48.5,2.907,0.0,2.489,0.619,325 205 182 181 191 190 182 181
aspartic,21,leucine,13,5,2,4,17.728,17.477,-0.438,141.7,48.5,0.1634,0.0,2.295,1.229,311 208 177 178 161 164 177 178 263 213
aspartic,21,leucine,13,5,13,1,17.728,17.339,-0.438,139.3,54.8,10.0875,0.0,2.901,2.603,286 149 178 179
aspartic,21,leucine,13,5,13,2,17.728,17.339,-0.438,139.3,54.8,6.3966,0.0,2.473,0.86,332 203 182 181 181 181
aspartic,21,leucine,13,5,13,3,17.728,17.339,-0.438,139.3,54.8,2.7739,0.0,2.892,0.602,286 150 177 178 165 168 177 178
aspartic,21,leucine,13,5,13,4,17.728,17.339,-0.438,139.3,54.8,0.0272,0.0,2.375,0.729,291 137 182 181 195 193 182 181 95 147
aspartic,21,serine,31,3,3,1,5.832,6.68,0.988,86.2,56.1,0.1956,0.0,2.661,5.251,299 265 313 217
aspartic,21,serine,31,3,3,2,5.832,6.68,0.988,86.2,56.1,0.0,0.0,2.661,5.497,235 158 67 306 269 95
aspartic,21,serine,31,3,3,3,5.832,6.68,0.988,86.2,56.1,0.0,0.0,1.328,3.861,350 47 358 297 302 111 105 248
aspartic,21,serine,31,3,3,4,5.832,6.68,0.988,86.2,56.1,0.0,0.0,2.661,4.463,240 214 331 142 63 266 358 88 6 71
aspartic,21,serine,31,3,4,1,5.832,4.792,0.988,85.3,134.4,0.0359,0.0,2.661,4.429,288 274 332 346
aspartic,21,serine,31,3,4,2,5.832,4.792,0.988,85.3,134.4,0.0,0.0,2.661,4.748,234 332 319 9 132 30
aspartic,21,serine,31,3,4,3,5.832,4.792,0.988,85.3,134.4,0.0,0.0,2.321,1.771,47 41 65 259 283 73 82 242
aspartic,21,serine,31,3,4,4,5.832,4.792,0.988,85.3,134.4,0.0,0.0,1.037,3.831,16 350 7 323 327 76 79 289 239 116
aspartic,21,serine,31,3,5,1,5.832,5.748,0.988,64.8,90.6,0.2201,0.0,2.661,4.207,274 327 268 330
aspartic,21,serine,31,3,5,2,5.832,5.748,0.988,64.8,90.6,0.0,0.0,2.661,4.378,250 336 272 221 335 321
aspartic,21,serine,31,3,5,3,5.832,5.748,0.988,64.8,90.6,0.0,0.0,2.622,4.388,302 162 305 9 262 237 325 352
aspartic,21,serine,31,3,5,4,5.832,5.748,0.988,64.8,90.6,0.0,0.0,2.067,4.249,340 135 259 43 192 302 266 319 262 181
aspartic,21,serine,31,4,3,1,5.832,8.256,0.988,9.9,47.2,5.6275,0.0,2.803,3.259,86 0 180 0
aspartic,21,serine,31,4,3,2,5.832,8.256,0.988,9.9,47.2,1.8226,0.0,2.791,3.184,86 0 180 0 203 263
aspartic,21,serine,31,4,3,3,5.832,8.256,0.988,9.9,47.2,0.0,0.0,2.875,5.294,122 309 238 62 134 246 223 173
aspartic,21,serine,31,4,3,4,5.832,8.256,0.988,9.9,47.2,0.0,0.0,2.085,3.845,76 317 282 72 99 237 220 124 136 193
aspartic,21,serine,31,4,4,1,5.832,6.414,0.988,9.2,120.1,4.66,0.0,1.542,2.104,0 360 180 360
aspartic,21,serine,31,4,4,2,5.832,6.414,0.988,9.2,120.1,0.8849,0.0,1.398,0.626,6 1 178 1 164 39
aspartic,21,serine,31,4,4,3,5.832,6.414,0.988,9.2,120.1,0.0,0.0,2.875,4.905,256 299 240 333 220 301 294 186
aspartic,21,serine,31,4,4,4,5.832,6.414,0.988,9.2,120.1,0.0,0.0,2.875,4.84,121 96 95 81 36 125 111 30 23 181
aspartic,21,serine,31,4,5,1,5.832,6.647,0.988,23.7,109.6,3.2487,0.0,2.202,2.074,67 0 180 0
aspartic,21,serine,31,4,5,2,5.832,6.647,0.988,23.7,109.6,0.0,0.0,1.393,0.303,41 331 217 16 194 278
aspartic,21,serine,31,4,5,3,5.832,6.647,0.988,23.7,109.6,0.0,0.0,2.875,4.145,129 247 287 83 121 275 171 114
aspartic,21,serine,31,4,5,4,5.832,6.647,0.988,23.7,109.6,0.0,0.0,1.739,0.689,2 344 303 37 70 280 251 113 138 202
aspartic,21,serine,31,5,3,1,5.832,6.197,0.988,104.9,53.9,0.2323,0.0,2.946,4.939,70 105 21 238
aspartic,21,serine,31,5,3,2,5.832,6.197,0.988,104.9,53.9,0.0,0.0,2.946,4.939,124 184 289 58 89 291
aspartic,21,serine,31,5,3,3,5.832,6.197,0.988,104.9,53.9,0.0,0.0,2.466,1.639,336 72 269 52 41 106 59 46
aspartic,21,serine,31,5,3,4,5.832,6.197,0.988,104.9,53.9,0.0,0.0,1.793,1.081,8 348 226 25 248 233 340 174 357 355
aspartic,21,serine,31,5,4,1,5.832,4.845,0.988,83.4,104.6,0.0541,0.0,2.946,4.425,75 78 35 12
aspartic,21,serine,31,5,4,2,5.832,4.845,0.988,83.4,104.6,0.0,0.0,2.946,4.853,119 35 82 279 247 6
aspartic,21,serine,31,5,4,3,5.832,4.845,0.988,83.4,104.6,0.0,0.0,1.13,0.993,327 161 43 319 239 344 260 351
aspartic,21,serine,31,5,4,4,5.832,4.845,0.988,83.4,104.6,0.0,0.0,2.946,4.201,265 353 5 58 116 331 217 346 82 209
aspartic,21,serine,31,5,5,1,5.832,4.603,0.988,108.1,115.4,0.2581,0.0,2.946,4.237,70 124 340 350
aspartic,21,serine,31,5,5,2,5.832,4.603,0.988,108.1,115.4,0.0,0.0,1.909,0.585,326 323 314 289 299 331
aspartic,21,serine,31,5,5,3,5.832,4.603,0.988,108.1,115.4,0.0,0.0,2.511,1.891,321 182 98 160 355 169 14 2
aspartic,21,serine,31,5,5,4,5.832,4.603,0.988,108.1,115.4,0.0,0.0,2.701,4.125,69 352 314 323 317 288 281 43 123 290
aspartic,21,tryptophan,5,3,16,1,8.842,9.789,-0.947,56.0,77.4,3.2183,0.0,0.882,2.138,3 0 154 100
aspartic,21,tryptophan,5,3,16,2,8.842,9.789,-0.947,56.0,77.4,0.0,0.0,1.14,2.067,7 322 182 118 149 183
aspartic,21,tryptophan,5,3,16,3,8.842,9.789,-0.947,56.0,77.4,0.0,0.0,2.026,2.408,346 257 255 95 215 207 227 75
aspartic,21,tryptophan,5,3,16,4,8.842,9.789,-0.947,56.0,77.4,0.0,0.0,0.898,2.664,81 332 215 343 196 282 174 110 42 143
aspartic,21,tryptophan,5,3,17,1,8.842,10.325,-0.947,51.0,56.8,4.0362,0.0,1.1,3.035,20 359 205 276
aspartic,21,tryptophan,5,3,17,2,8.842,10.325,-0.947,51.0,56.8,0.6438,0.0,1.048,3.86,30 358 209 287 146 165
aspartic,21,tryptophan,5,3,17,3,8.842,10.325,-0.947,51.0,56.8,0.0,0.0,1.758,5.484,75 314 222 34 111 229 238 194
aspartic,21,tryptophan,5,3,17,4,8.842,10.325,-0.947,51.0,56.8,0.0,0.0,1.425,4.278,37 322 287 45 73 245 219 118 138 198
aspartic,21,tryptophan,5,3,18,1,8.842,10.481,-0.947,64.2,50.2,3.599,0.0,1.079,3.348,12 3 205 222
aspartic,21,tryptophan,5,3,18,2,8.842,10.481,-0.947,64.2,50.2,0.323,0.0,0.438,3.681,359 22 215 210 243 211
aspartic,21,tryptophan,5,3,18,3,8.842,10.481,-0.947,64.2,50.2,0.0,0.0,1.269,4.894,12 117 107 189 233 36 256 143
aspartic,21,tryptophan,5,3,18,4,8.842,10.481,-0.947,64.2,50.2,0.0,0.0,1.084,3.938,22 336 297 29 59 252 223 116 136 199
aspartic,21,tryptophan,5,4,16,1,8.842,9.539,-0.947,65.9,71.5,2.4833,0.0,0.679,3.362,3 360 199 224
aspartic,21,tryptophan,5,4,16,2,8.842,9.539,-0.947,65.9,71.5,0.0,0.0,0.848,2.529,18 7 165 128 303 151
aspartic,21,tryptophan,5,4,16,3,8.842,9.539,-0.947,65.9,71.5,0.0,0.0,1.033,1.603,28 345 218 166 304 82 8 66
aspartic,21,tryptophan,5,4,16,4,8.842,9.539,-0.947,65.9,71.5,0.0,0.0,1.13,4.634,341 36 293 214 235 301 198 107 59 95
aspartic,21,tryptophan,5,4,17,1,8.842,9.564,-0.947,80.7,70.6,2.353,0.0,0.918,4.005,340 34 195 191
aspartic,21,tryptophan,5,4,17,2,8.842,9.564,-0.947,80.7,70.6,0.0,0.0,1.294,4.876,331 53 218 173 283 275
aspartic,21,tryptophan,5,4,17,3,8.842,9.564,-0.947,80.7,70.6,0.0,0.0,1.025,4.561,345 29 253 137 285 110 19 62
aspartic,21,tryptophan,5,4,17,4,8.842,9.564,-0.947,80.7,70.6,0.0,0.0,2.875,5.883,302 220 360 107 172 2 30 319 279 193
aspartic,21,tryptophan,5,4,18,1,8.842,10.263,-0.947,72.6,41.3,3.0347,0.0,0.702,3.635,354 355 169 169
aspartic,21,tryptophan,5,4,18,2,8.842,10.263,-0.947,72.6,41.3,0.354,0.0,0.431,4.294,326 8 182 181 84 149
aspartic,21,tryptophan,5,4,18,3,8.842,10.263,-0.947,72.6,41.3,0.0,0.0,1.013,4.599,9 330 118 204 102 195 354 267
aspartic,21,tryptophan,5,4,18,4,8.842,10.263,-0.947,72.6,41.3,0.0,0.0,0.905,4.475,351 6 53 352 310 98 130 243 233 167
aspartic,21,tryptophan,5,5,16,1,8.842,9.616,-0.947,63.0,86.2,2.7937,0.0,1.551,1.161,351 2 207 233
aspartic,21,tryptophan,5,5,16,2,8.842,9.616,-0.947,63.0,86.2,0.0,0.0,2.385,0.929,30 291 178 77 199 186
aspartic,21,tryptophan,5,5,16,3,8.842,9.616,-0.947,63.0,86.2,0.0,0.0,1.961,0.511,16 342 109 205 93 215 322 269
aspartic,21,tryptophan,5,5,16,4,8.842,9.616,-0.947,63.0,86.2,0.0,0.0,1.821,1.045,358 10 53 341 303 98 129 249 231 162
aspartic,21,tryptophan,5,5,17,1,8.842,10.187,-0.947,56.8,64.8,3.5653,0.0,1.392,1.308,340 360 154 106
aspartic,21,tryptophan,5,5,17,2,8.842,10.187,-0.947,56.8,64.8,0.0945,0.0,0.914,1.631,334 358 150 118 152 168
aspartic,21,tryptophan,5,5,17,3,8.842,10.187,-0.947,56.8,64.8,0.0,0.0,1.63,0.518,1 23 73 331 280 104 142 198
aspartic,21,tryptophan,5,5,17,4,8.842,10.187,-0.947,56.8,64.8,0.0,0.0,1.774,0.973,355 13 50 336 304 97 129 237 213 160
aspartic,21,tryptophan,5,5,18,1,8.842,10.809,-0.947,50.8,37.2,4.5187,0.0,1.608,1.234,355 360 206 272
aspartic,21,tryptophan,5,5,18,2,8.842,10.809,-0.947,50.8,37.2,1.0216,0.0,1.759,0.81,2 359 213 273 168 174
aspartic,21,tryptophan,5,5,18,3,8.842,10.809,-0.947,50.8,37.2,0.0011,0.0,2.29,1.369,27 356 217 274 176 183 358 175
aspartic,21,tryptophan,5,5,18,4,8.842,10.809,-0.947,50.8,37.2,0.0,0.0,1.745,3.653,297 358 180 9 192 197 67 163 2 172
aspartic,21,lysine,8,3,13,1,5.696,6.608,-0.338,106.9,16.6,0.9563,0.0,1.139,4.683,351 138 351 235
aspartic,21,lysine,8,3,13,2,5.696,6.608,-0.338,106.9,16.6,0.3087,0.0,1.158,5.237,26 150 313 202 356 258
aspartic,21,lysine,8,3,13,3,5.696,6.608,-0.338,106.9,16.6,0.0,0.0,2.55,5.148,306 218 94 78 4 251 294 351
aspartic,21,lysine,8,3,13,4,5.696,6.608,-0.338,106.9,16.6,0.0,0.0,2.661,5.658,216 272 18 92 113 40 26 206 34 116
aspartic,21,lysine,8,3,14,1,5.696,5.06,-0.338,105.9,85.2,0.0,0.0,2.661,5.658,266 192 54 13
aspartic,21,lysine,8,3,14,2,5.696,5.06,-0.338,105.9,85.2,0.0041,0.0,2.661,5.658,243 235 61 30 80 43
aspartic,21,lysine,8,3,14,3,5.696,5.06,-0.338,105.9,85.2,0.0,0.0,2.661,5.658,64 74 310 360 195 346 267 231
aspartic,21,lysine,8,3,14,4,5.696,5.06,-0.338,105.9,85.2,0.0,0.0,1.031,4.041,23 344 354 288 294 90 90 313 269 115
aspartic,21,lysine,8,3,15,1,5.696,5.368,-0.338,86.2,74.0,0.4748,0.0,0.783,2.754,3 39 49 34
aspartic,21,lysine,8,3,15,2,5.696,5.368,-0.338,86.2,74.0,0.0,0.0,1.824,2.017,37 35 81 13 104 55
aspartic,21,lysine,8,3,15,3,5.696,5.368,-0.338,86.2,74.0,0.0,0.0,2.661,2.722,242 272 311 79 114 295 329 264
aspartic,21,lysine,8,3,15,4,5.696,5.368,-0.338,86.2,74.0,0.0,0.0,1.152,2.02,129 28 67 345 160 354 237 10 43 178
aspartic,21,lysine,8,4,13,1,5.696,8.609,-0.338,21.1,13.1,4.6984,0.0,1.753,4.798,303 360 180 360
aspartic,21,lysine,8,4,13,2,5.696,8.609,-0.338,21.1,13.1,0.9128,0.0,0.38,3.961,303 360 181 359 194 215
aspartic,21,lysine,8,4,13,3,5.696,8.609,-0.338,21.1,13.1,0.0003,0.0,1.155,5.495,297 17 186 244 254 181 37 123
aspartic,21,lysine,8,4,13,4,5.696,8.609,-0.338,21.1,13.1,0.0,0.0,1.642,4.454,9 334 134 304 283 143 71 179 284 219
aspartic,21,lysine,8,4,14,1,5.696,7.174,-0.338,9.7,82.1,4.9753,0.0,2.875,5.883,265 360 180 360
aspartic,21,lysine,8,4,14,2,5.696,7.174,-0.338,9.7,82.1,1.1854,0.0,2.609,5.482,260 360 180 360 163 67
aspartic,21,lysine,8,4,14,3,5.696,7.174,-0.338,9.7,82.1,0.0,0.0,2.875,5.883,258 67 97 281 248 106 136 204
aspartic,21,lysine,8,4,14,4,5.696,7.174,-0.338,9.7,82.1,0.0,0.0,2.875,5.625,288 41 74 284 258 118 140 250 232 163
aspartic,21,lysine,8,4,15,1,5.696,6.894,-0.338,20.1,92.5,3.7379,0.0,2.086,2.753,341 0 180 0
aspartic,21,lysine,8,4,15,2,5.696,6.894,-0.338,20.1,92.5,0.0,0.0,1.822,0.862,350 0 185 346 205 279
aspartic,21,lysine,8,4,15,3,5.696,6.894,-0.338,20.1,92.5,0.0,0.0,1.535,1.28,6 42 75 320 281 54 100 217
aspartic,21,lysine,8,4,15,4,5.696,6.894,-0.338,20.1,92.5,0.0,0.0,1.353,2.495,4 21 60 324 291 83 114 249 224 159
aspartic,21,lysine,8,5,13,1,5.696,7.569,-0.338,70.5,2.9,1.3246,0.0,2.946,4.472,54 66 85 119
aspartic,21,lysine,8,5,13,2,5.696,7.569,-0.338,70.5,2.9,0.6081,0.0,2.946,4.939,85 188 323 191 0 179
aspartic,21,lysine,8,5,13,3,5.696,7.569,-0.338,70.5,2.9,0.0003,0.0,2.582,3.102,358 117 144 155 325 200 0 104
aspartic,21,lysine,8,5,13,4,5.696,7.569,-0.338,70.5,2.9,0.0,0.0,2.946,1.639,48 61 24 335 10 239 275 96 85 257
aspartic,21,lysine,8,5,14,1,5.696,5.69,-0.338,81.6,95.9,0.0,0.0,2.897,3.896,23 111 112 6
aspartic,21,lysine,8,5,14,2,5.696,5.69,-0.338,81.6,95.9,0.0,0.0,2.487,2.463,343 145 106 25 128 53
aspartic,21,lysine,8,5,14,3,5.696,5.69,-0.338,81.6,95.9,0.0,0.0,1.586,1.122,339 329 321 92 76 252 264 157
aspartic,21,lysine,8,5,14,4,5.696,5.69,-0.338,81.6,95.9,0.0,0.0,2.201,2.011,9 14 348 43 32 274 266 83 132 228
aspartic,21,lysine,8,5,15,1,5.696,5.741,-0.338,72.7,93.9,0.0,0.0,2.649,1.801,38 283 268 69
aspartic,21,lysine,8,5,15,2,5.696,5.741,-0.338,72.7,93.9,0.0,0.0,2.675,1.928,7 254 25 341 116 10
aspartic,21,lysine,8,5,15,3,5.696,5.741,-0.338,72.7,93.9,0.0,0.0,2.946,2.982,109 71 356 280 305 313 267 152
aspartic,21,lysine,8,5,15,4,5.696,5.741,-0.338,72.7,93.9,0.0,0.0,2.311,2.238,20 1 344 20 16 279 277 55 138 269
aspartic,21,aspartic,8,3,3,1,11.657,13.047,-0.338,61.7,52.7,6.141,0.0,1.942,2.605,314 360 201 227
aspartic,21,aspartic,8,3,3,2,11.657,13.047,-0.338,61.7,52.7,2.5858,0.0,0.954,2.684,315 359 141 124 176 177
aspartic,21,aspartic,8,3,3,3,11.657,13.047,-0.338,61.7,52.7,0.1834,0.0,1.399,1.317,322 2 222 257 193 188 282 211
aspartic,21,aspartic,8,3,3,4,11.657,13.047,-0.338,61.7,52.7,0.0,0.0,1.75,0.873,298 47 112 320 261 145 156 268 276 160
aspartic,21,aspartic,8,3,4,1,11.657,13.004,-0.338,72.4,54.5,5.8718,0.0,2.103,2.879,307 6 192 191
aspartic,21,aspartic,8,3,4,2,11.657,13.004,-0.338,72.4,54.5,2.1595,0.0,1.88,3.187,311 0 151 149 180 180
aspartic,21,aspartic,8,3,4,3,11.657,13.004,-0.338,72.4,54.5,0.0,0.0,1.54,3.415,325 280 288 188 220 224 73 161
aspartic,21,aspartic,8,3,4,4,11.657,13.004,-0.338,72.4,54.5,0.0,0.0,0.942,3.177,343 13 53 319 297 128 154 220 203 166
aspartic,21,aspartic,8,3,5,1,11.657,12.156,-0.338,65.0,87.3,5.131,0.0,2.322,3.427,304 359 161 144
aspartic,21,aspartic,8,3,5,2,11.657,12.156,-0.338,65.0,87.3,1.5697,0.0,1.189,2.534,303 360 219 233 178 179
aspartic,21,aspartic,8,3,5,3,11.657,12.156,-0.338,65.0,87.3,0.0,0.0,1.432,2.99,322 17 100 342 288 135 151 171
aspartic,21,aspartic,8,3,5,4,11.657,12.156,-0.338,65.0,87.3,0.0,0.0,1.187,3.238,330 19 55 315 291 129 153 231 212 163
aspartic,21,aspartic,8,4,3,1,11.657,13.544,-0.338,39.2,62.3,7.7956,0.0,1.478,1.221,42 360 159 64
aspartic,21,aspartic,8,4,3,2,11.657,13.544,-0.338,39.2,62.3,4.3065,0.0,1.499,0.287,43 359 215 286 171 174
aspartic,21,aspartic,8,4,3,3,11.657,13.544,-0.338,39.2,62.3,0.5629,0.0,1.447,0.401,43 359 211 288 165 172 169 170
aspartic,21,aspartic,8,4,3,4,11.657,13.544,-0.338,39.2,62.3,0.0,0.0,1.742,0.048,21 319 282 57 77 224 202 163 177 190
aspartic,21,aspartic,8,4,4,1,11.657,13.943,-0.338,29.0,44.9,8.8523,0.0,1.429,1.179,39 0 170 25
aspartic,21,aspartic,8,4,4,2,11.657,13.943,-0.338,29.0,44.9,5.2959,0.0,1.437,0.208,40 0 208 306 181 180
aspartic,21,aspartic,8,4,4,3,11.657,13.943,-0.338,29.0,44.9,1.5604,0.0,0.535,0.546,40 0 158 47 180 180 180 180
aspartic,21,aspartic,8,4,4,4,11.657,13.943,-0.338,29.0,44.9,0.0573,0.0,0.953,0.424,9 360 189 345 169 174 173 174 320 198
aspartic,21,aspartic,8,4,5,1,11.657,12.832,-0.338,33.9,89.3,7.4398,0.0,1.875,1.423,57 360 195 321
aspartic,21,aspartic,8,4,5,2,11.657,12.832,-0.338,33.9,89.3,3.9036,0.0,1.845,0.592,55 0 148 62 183 182
aspartic,21,aspartic,8,4,5,3,11.657,12.832,-0.338,33.9,89.3,0.1792,0.0,1.517,0.523,57 360 154 58 175 178 177 177
aspartic,21,aspartic,8,4,5,4,11.657,12.832,-0.338,33.9,89.3,0.0,0.0,2.448,0.45,44 106 70 317 326 193 170 118 127 192
aspartic,21,aspartic,8,5,3,1,11.657,11.925,-0.338,104.5,56.1,4.658,0.0,2.862,1.868,52 273 180 180
aspartic,21,aspartic,8,5,3,2,11.657,11.925,-0.338,104.5,56.1,0.9629,0.0,0.571,1.083,47 274 190 185 185 185
aspartic,21,aspartic,8,5,3,3,11.657,11.925,-0.338,104.5,56.1,0.0,0.0,2.381,0.235,359 59 79 178 136 79 127 93
aspartic,21,aspartic,8,5,3,4,11.657,11.925,-0.338,104.5,56.1,0.0,0.0,1.76,1.193,5 315 278 15 47 243 207 74 93 199
aspartic,21,aspartic,8,5,4,1,11.657,12.165,-0.338,104.2,45.5,4.9026,0.0,2.517,1.858,349 86 180 180
aspartic,21,aspartic,8,5,4,2,11.657,12.165,-0.338,104.2,45.5,1.2051,0.0,1.382,2.314,354 82 190 185 185 185
aspartic,21,aspartic,8,5,4,3,11.657,12.165,-0.338,104.2,45.5,0.0,0.0,2.015,2.812,8 69 200 258 70 139 73 173
aspartic,21,aspartic,8,5,4,4,11.657,12.165,-0.338,104.2,45.5,0.0,0.0,2.241,1.463,338 58 257 311 171 285 98 116 93 312
aspartic,21,aspartic,8,5,5,1,11.657,10.892,-0.338,113.7,95.6,3.6717,0.0,2.486,1.847,343 100 189 186
aspartic,21,aspartic,8,5,5,2,11.657,10.892,-0.338,113.7,95.6,0.0,0.0,1.773,2.502,57 276 132 156 186 182
aspartic,21,aspartic,8,5,5,3,11.657,10.892,-0.338,113.7,95.6,0.0,0.0,2.946,4.939,102 202 191 131 145 229 216 170
aspartic,21,aspartic,8,5,5,4,11.657,10.892,-0.338,113.7,95.6,0.0,0.0,1.609,1.492,312 47 342 218 243 296 253 358 59 249
aspartic,21,glutamic,10,3,5,1,7.492,8.302,-0.98,21.2,111.6,4.472,0.0,1.583,3.653,30 0 180 0
aspartic,21,glutamic,10,3,5,2,7.492,8.302,-0.98,21.2,111.6,1.0283,0.0,1.994,4.186,42 359 184 356 143 126
aspartic,21,glutamic,10,3,5,3,7.492,8.302,-0.98,21.2,111.6,0.0,0.0,1.445,4.248,36 308 267 63 102 251 223 162
aspartic,21,glutamic,10,3,5,4,7.492,8.302,-0.98,21.2,111.6,0.0,0.0,1.539,4.402,41 324 289 58 86 249 225 121 140 197
aspartic,21,glutamic,10,3,6,1,7.492,9.22,-0.98,10.7,76.2,6.2381,0.0,0.941,0.985,348 0 180 0
aspartic,21,glutamic,10,3,6,2,7.492,9.22,-0.98,10.7,76.2,2.4869,0.0,0.892,0.981,351 360 181 359 154 116
aspartic,21,glutamic,10,3,6,3,7.492,9.22,-0.98,10.7,76.2,0.0,0.0,1.655,0.828,22 18 129 339 195 102 172 199
aspartic,21,glutamic,10,3,6,4,7.492,9.22,-0.98,10.7,76.2,0.0,0.0,1.098,0.645,343 38 75 311 275 98 128 218 199 166
aspartic,21,glutamic,10,3,7,1,7.492,10.402,-0.98,14.8,20.0,6.7605,0.0,2.137,4.733,46 360 180 360
aspartic,21,glutamic,10,3,7,2,7.492,10.402,-0.98,14.8,20.0,3.1149,0.0,2.075,4.555,44 1 175 5 202 211
aspartic,21,glutamic,10,3,7,3,7.492,10.402,-0.98,14.8,20.0,0.3416,0.0,2.578,5.48,58 1 152 48 189 186 278 211
aspartic,21,glutamic,10,3,7,4,7.492,10.402,-0.98,14.8,20.0,0.0,0.0,0.943,2.241,4 338 204 120 112 183 239 157 84 152
aspartic,21,glutamic,10,4,5,1,7.492,6.612,-0.98,94.3,102.5,0.0,0.0,1.47,4.706,4 131 103 230
aspartic,21,glutamic,10,4,5,2,7.492,6.612,-0.98,94.3,102.5,0.0,0.0,2.06,5.13,342 294 356 30 91 255
aspartic,21,glutamic,10,4,5,3,7.492,6.612,-0.98,94.3,102.5,0.0,0.0,2.85,5.411,313 321 33 296 164 25 189 244
aspartic,21,glutamic,10,4,5,4,7.492,6.612,-0.98,94.3,102.5,0.0,0.0,2.0,0.802,97 308 234 50 66 284 273 16 108 277
aspartic,21,glutamic,10,4,6,1,7.492,7.582,-0.98,89.5,66.1,0.4798,0.0,0.644,3.055,81 322 132 150
aspartic,21,glutamic,10,4,6,2,7.492,7.582,-0.98,89.5,66.1,0.0,0.0,1.657,2.347,117 328 145 253 247 109
aspartic,21,glutamic,10,4,6,3,7.492,7.582,-0.98,89.5,66.1,0.0,0.0,1.626,2.227,47 201 71 339 64 81 64 60
aspartic,21,glutamic,10,4,6,4,7.492,7.582,-0.98,89.5,66.1,0.0,0.0,1.499,1.456,70 351 305 357 20 275 258 68 110 229
aspartic,21,glutamic,10,4,7,1,7.492,8.445,-0.98,103.7,26.1,1.1925,0.0,1.49,4.425,0 92 166 172
aspartic,21,glutamic,10,4,7,2,7.492,8.445,-0.98,103.7,26.1,0.2518,0.0,2.669,5.75,342 160 109 153 355 186
aspartic,21,glutamic,10,4,7,3,7.492,8.445,-0.98,103.7,26.1,0.0,0.0,1.855,4.589,339 25 310 69 27 241 327 210
aspartic,21,glutamic,10,4,7,4,7.492,8.445,-0.98,103.7,26.1,0.0,0.0,1.64,3.76,68 6 324 351 8 249 247 116 95 231
aspartic,21,glutamic,10,5,5,1,7.492,7.149,-0.98,74.4,97.0,0.1364,0.0,1.432,1.795,335 346 134 127
aspartic,21,glutamic,10,5,5,2,7.492,7.149,-0.98,74.4,97.0,0.0,0.0,2.535,0.566,10 38 85 278 246 150
aspartic,21,glutamic,10,5,5,3,7.492,7.149,-0.98,74.4,97.0,0.0,0.0,1.83,4.328,215 330 262 36 130 52 235 239
aspartic,21,glutamic,10,5,5,4,7.492,7.149,-0.98,74.4,97.0,0.0,0.0,1.517,3.916,276 46 78 312 302 98 101 300 247 118
aspartic,21,glutamic,10,5,6,1,7.492,7.47,-0.98,93.7,85.0,0.2399,0.0,1.094,1.626,348 300 160 165
aspartic,21,glutamic,10,5,6,2,7.492,7.47,-0.98,93.7,85.0,0.0,0.0,2.472,0.928,11 32 83 263 235 156
aspartic,21,glutamic,10,5,6,3,7.492,7.47,-0.98,93.7,85.0,0.0,0.0,1.691,0.668,24 3 64 184 336 19 297 290
aspartic,21,glutamic,10,5,6,4,7.492,7.47,-0.98,93.7,85.0,0.0,0.0,1.203,2.742,294 354 46 10 346 106 102 275 236 118
aspartic,21,glutamic,10,5,7,1,7.492,8.991,-0.98,82.9,10.6,1.7045,0.0,0.86,3.343,281 44 179 179
aspartic,21,glutamic,10,5,7,2,7.492,8.991,-0.98,82.9,10.6,0.6358,0.0,1.375,4.939,253 22 222 204 12 172
aspartic,21,glutamic,10,5,7,3,7.492,8.991,-0.98,82.9,10.6,0.018,0.0,2.486,4.939,242 24 193 191 52 157 2 180
aspartic,21,glutamic,10,5,7,4,7.492,8.991,-0.98,82.9,10.6,0.0,0.0,2.946,4.939,205 36 224 80 33 166 125 32 91 239
aspartic,21,serine,20,3,3,1,11.816,13.604,-0.144,27.5,72.6,8.587,0.0,2.318,2.784,303 0 179 3
aspartic,21,serine,20,3,3,2,11.816,13.604,-0.144,27.5,72.6,5.1243,0.0,2.252,0.545,306 359 206 312 170 174
aspartic,21,serine,20,3,3,3,11.816,13.604,-0.144,27.5,72.6,1.333,0.0,2.318,0.568,303 0 200 319 181 180 181 181
aspartic,21,serine,20,3,3,4,11.816,13.604,-0.144,27.5,72.6,0.0,0.0,2.501,1.178,309 273 288 42 51 157 186 206 199 177
aspartic,21,serine,20,3,4,1,11.816,13.395,-0.144,22.4,80.4,8.7764,0.0,1.539,1.59,326 360 182 357
aspartic,21,serine,20,3,4,2,11.816,13.395,-0.144,22.4,80.4,5.2141,0.0,1.602,0.535,324 0 160 34 185 183
aspartic,21,serine,20,3,4,3,11.816,13.395,-0.144,22.4,80.4,1.4679,0.0,1.552,0.531,326 360 189 342 178 179 179 179
aspartic,21,serine,20,3,4,4,11.816,13.395,-0.144,22.4,80.4,0.0,0.0,1.857,0.725,318 82 94 271 260 145 163 179 164 167
aspartic,21,serine,20,3,5,1,11.816,11.818,-0.144,19.6,155.7,7.5813,0.0,2.372,2.869,302 0 179 1
aspartic,21,serine,20,3,5,2,11.816,11.818,-0.144,19.6,155.7,3.8987,0.0,2.338,0.805,303 360 186 350 178 179
aspartic,21,serine,20,3,5,3,11.816,11.818,-0.144,19.6,155.7,0.4007,0.0,2.343,0.911,302 2 166 20 209 201 207 200
aspartic,21,serine,20,3,5,4,11.816,11.818,-0.144,19.6,155.7,0.0,0.0,1.897,1.147,300 53 88 290 264 138 156 210 201 173
aspartic,21,serine,20,4,3,1,11.816,12.641,-0.144,72.5,62.8,5.389,0.0,1.877,2.005,56 1 181 181
aspartic,21,serine,20,4,3,2,11.816,12.641,-0.144,72.5,62.8,1.8333,0.0,1.94,1.375,61 355 148 151 170 173
aspartic,21,serine,20,4,3,3,11.816,12.641,-0.144,72.5,62.8,0.0,0.0,1.877,0.403,52 8 203 304 110 200 261 249
aspartic,21,serine,20,4,3,4,11.816,12.641,-0.144,72.5,62.8,0.0,0.0,1.572,1.815,53 323 287 44 68 223 202 109 125 199
aspartic,21,serine,20,4,4,1,11.816,12.176,-0.144,79.6,80.5,4.929,0.0,1.867,2.348,67 328 175 177
aspartic,21,serine,20,4,4,2,11.816,12.176,-0.144,79.6,80.5,1.188,0.0,1.636,1.712,42 11 180 180 180 180
aspartic,21,serine,20,4,4,3,11.816,12.176,-0.144,79.6,80.5,0.0,0.0,1.809,2.662,4 336 288 22 40 191 162 171
aspartic,21,serine,20,4,4,4,11.816,12.176,-0.144,79.6,80.5,0.0,0.0,1.481,4.315,5 355 325 41 58 248 211 139 172 202
aspartic,21,serine,20,4,5,1,11.816,10.566,-0.144,79.3,160.5,3.3815,0.0,1.905,2.321,41 28 185 183
aspartic,21,serine,20,4,5,2,11.816,10.566,-0.144,79.3,160.5,0.1858,0.0,1.601,1.702,37 17 175 177 116 144
aspartic,21,serine,20,4,5,3,11.816,10.566,-0.144,79.3,160.5,0.0,0.0,1.473,2.709,12 35 274 332 78 305 310 197
aspartic,21,serine,20,4,5,4,11.816,10.566,-0.144,79.3,160.5,0.0,0.0,2.875,1.419,85 50 6 3 13 237 224 68 100 218
aspartic,21,serine,20,5,3,1,11.816,11.577,-0.144,113.5,72.6,4.3112,0.0,2.74,1.195,294 102 182 181
aspartic,21,serine,20,5,3,2,11.816,11.577,-0.144,113.5,72.6,0.5955,0.0,2.713,0.938,299 103 173 176 176 176
aspartic,21,serine,20,5,3,3,11.816,11.577,-0.144,113.5,72.6,0.0,0.0,2.57,0.99,357 249 101 160 140 109 100 62
aspartic,21,serine,20,5,3,4,11.816,11.577,-0.144,113.5,72.6,0.0,0.0,1.805,0.672,331 324 111 239 172 15 134 170 318 318
aspartic,21,serine,20,5,4,1,11.816,11.576,-0.144,102.2,72.7,4.323,0.0,2.425,1.1,291 84 175 177
aspartic,21,serine,20,5,4,2,11.816,11.576,-0.144,102.2,72.7,0.5895,0.0,2.324,0.764,296 80 178 179 178 178
aspartic,21,serine,20,5,4,3,11.816,11.576,-0.144,102.2,72.7,0.0,0.0,2.001,2.215,296 59 152 197 99 243 22 251
aspartic,21,serine,20,5,4,4,11.816,11.576,-0.144,102.2,72.7,0.0,0.0,1.5,1.441,328 25 62 338 312 121 149 270 245 155
aspartic,21,serine,20,5,5,1,11.816,9.756,-0.144,110.5,161.3,2.5689,0.0,2.614,1.309,1 264 178 179
aspartic,21,serine,20,5,5,2,11.816,9.756,-0.144,110.5,161.3,0.0,0.0,2.575,0.6,25 272 199 233 237 192
aspartic,21,serine,20,5,5,3,11.816,9.756,-0.144,110.5,161.3,0.0,0.0,1.902,1.223,14 311 49 359 295 81 88 182
aspartic,21,serine,20,5,5,4,11.816,9.756,-0.144,110.5,161.3,0.0001,0.0,1.697,2.555,306 10 45 351 331 100 127 301 260 142
glutamic,9,arginine,3,5,16,1,7.308,6.536,-0.889,110.8,77.3,0.0,0.0,2.605,0.845,128 297 109 88
glutamic,9,arginine,3,5,16,2,7.308,6.536,-0.889,110.8,77.3,0.0,0.0,3.021,0.345,133 173 317 40 61 322
glutamic,9,arginine,3,5,16,3,7.308,6.536,-0.889,110.8,77.3,0.0,0.0,3.021,1.93,191 185 232 111 100 261 223 135
glutamic,9,arginine,3,5,16,4,7.308,6.536,-0.889,110.8,77.3,0.0,0.0,3.021,2.667,199 188 206 137 122 232 227 93 113 208
glutamic,9,arginine,3,5,17,1,7.308,7.713,-0.889,122.0,26.2,0.9436,0.0,2.329,0.926,31 175 100 180
glutamic,9,arginine,3,5,17,2,7.308,7.713,-0.889,122.0,26.2,0.1698,0.0,1.483,1.698,10 7 300 184 360 180
glutamic,9,arginine,3,5,17,3,7.308,7.713,-0.889,122.0,26.2,0.0,0.0,1.068,1.335,72 341 103 83 346 271 282 307
glutamic,9,arginine,3,5,17,4,7.308,7.713,-0.889,122.0,26.2,0.0001,0.0,1.038,2.054,154 177 162 132 148 240 259 116 87 179
glutamic,9,arginine,3,5,18,1,7.308,5.286,-0.889,120.8,129.9,0.0589,0.0,2.042,0.826,102 345 48 40
glutamic,9,arginine,3,5,18,2,7.308,5.286,-0.889,120.8,129.9,0.0559,0.0,2.401,0.806,343 218 80 58 64 50
glutamic,9,arginine,3,5,18,3,7.308,5.286,-0.889,120.8,129.9,0.0,0.0,2.729,1.073,293 126 181 106 70 295 244 111
glutamic,9,arginine,3,5,18,4,7.308,5.286,-0.889,120.8,129.9,0.0,0.0,2.04,1.531,43 280 218 342 4 317 247 0 160 288
glutamic,9,arginine,3,6,16,1,7.308,6.667,-0.889,105.3,98.6,0.0,0.0,2.687,0.942,249 157 92 216
glutamic,9,arginine,3,6,16,2,7.308,6.667,-0.889,105.3,98.6,0.0,0.0,2.694,0.327,200 173 107 279 245 101
glutamic,9,arginine,3,6,16,3,7.308,6.667,-0.889,105.3,98.6,0.0,0.0,2.694,0.35,174 177 141 244 251 94 120 213
glutamic,9,arginine,3,6,16,4,7.308,6.667,-0.889,105.3,98.6,0.0,0.0,2.694,1.114,165 175 158 222 235 128 132 257 237 154
glutamic,9,arginine,3,6,17,1,7.308,8.43,-0.889,92.1,23.9,1.1962,0.0,1.397,1.822,314 302 163 171
glutamic,9,arginine,3,6,17,2,7.308,8.43,-0.889,92.1,23.9,0.2777,0.0,0.617,2.689,334 346 110 157 358 182
glutamic,9,arginine,3,6,17,3,7.308,8.43,-0.889,92.1,23.9,0.0,0.0,2.053,1.504,279 158 79 109 321 238 331 270
glutamic,9,arginine,3,6,17,4,7.308,8.43,-0.889,92.1,23.9,0.0,0.0,2.694,0.791,224 165 178 202 212 130 93 248 269 164
glutamic,9,arginine,3,6,18,1,7.308,6.191,-0.889,83.6,118.9,0.0,0.0,0.333,2.161,311 10 119 276
glutamic,9,arginine,3,6,18,2,7.308,6.191,-0.889,83.6,118.9,0.0,0.0,2.694,0.877,230 234 343 345 286 258
glutamic,9,arginine,3,6,18,3,7.308,6.191,-0.889,83.6,118.9,0.0,0.0,1.926,1.41,185 144 80 282 268 78 160 244
glutamic,9,arginine,3,6,18,4,7.308,6.191,-0.889,83.6,118.9,0.0,0.0,2.185,0.152,223 63 79 311 310 84 103 295 245 130
glutamic,9,arginine,3,7,16,1,7.308,8.638,-0.889,20.3,87.2,4.8193,0.0,3.938,1.723,173 360 181 359
glutamic,9,arginine,3,7,16,2,7.308,8.638,-0.889,20.3,87.2,1.0032,0.0,3.515,0.511,173 0 180 0 196 217
glutamic,9,arginine,3,7,16,3,7.308,8.638,-0.889,20.3,87.2,0.0,0.0,3.524,0.986,160 284 261 92 120 232 214 168
glutamic,9,arginine,3,7,16,4,7.308,8.638,-0.889,20.3,87.2,0.0,0.0,1.955,2.986,354 283 251 75 113 275 248 164 174 186
glutamic,9,arginine,3,7,17,1,7.308,10.044,-0.889,19.9,26.2,5.9714,0.0,3.938,2.025,135 0 180 0
glutamic,9,arginine,3,7,17,2,7.308,10.044,-0.889,19.9,26.2,2.2349,0.0,1.627,0.581,136 359 184 356 167 165
glutamic,9,arginine,3,7,17,3,7.308,10.044,-0.889,19.9,26.2,0.3096,0.0,2.837,0.93,83 1 203 316 194 187 70 147
glutamic,9,arginine,3,7,17,4,7.308,10.044,-0.889,19.9,26.2,0.0,0.0,3.539,1.163,25 331 210 81 143 221 228 166 115 135
glutamic,9,arginine,3,7,18,1,7.308,7.623,-0.889,20.2,130.6,4.1513,0.0,3.938,2.04,125 0 179 1
glutamic,9,arginine,3,7,18,2,7.308,7.623,-0.889,20.2,130.6,0.3371,0.0,2.379,0.54,122 360 180 360 161 111
glutamic,9,arginine,3,7,18,3,7.308,7.623,-0.889,20.2,130.6,0.0,0.0,2.347,0.366,70 298 262 86 121 246 221 164
glutamic,9,arginine,3,7,18,4,7.308,7.623,-0.889,20.2,130.6,0.0,0.0,2.231,0.573,48 332 294 65 95 247 226 127 141 193
glutamic,9,lysine,5,5,13,1,6.529,7.014,0.909,80.3,74.3,0.0,0.0,1.153,1.617,147 327 253 180
glutamic,9,lysine,5,5,13,2,6.529,7.014,0.909,80.3,74.3,0.0,0.0,0.779,1.674,166 171 299 162 106 335
glutamic,9,lysine,5,5,13,3,6.529,7.014,0.909,80.3,74.3,0.0,0.0,1.964,1.293,93 274 275 118 121 290 268 146
glutamic,9,lysine,5,5,13,4,6.529,7.014,0.909,80.3,74.3,0.0,0.0,2.166,0.721,48 150 106 38 71 337 300 62 114 229
glutamic,9,lysine,5,5,14,1,6.529,7.931,0.909,67.0,36.5,1.3115,0.0,0.522,2.667,190 355 128 104
glutamic,9,lysine,5,5,14,2,6.529,7.931,0.909,67.0,36.5,0.4924,0.0,1.376,2.667,218 12 117 76 35 135
glutamic,9,lysine,5,5,14,3,6.529,7.931,0.909,67.0,36.5,0.0,0.0,2.136,0.755,99 358 194 69 186 196 350 269
glutamic,9,lysine,5,5,14,4,6.529,7.931,0.909,67.0,36.5,0.0,0.0,2.119,1.068,106 276 255 145 145 225 234 118 116 188
glutamic,9,lysine,5,5,15,1,6.529,7.229,0.909,83.4,66.4,0.1923,0.0,0.848,2.667,194 6 120 185
glutamic,9,lysine,5,5,15,2,6.529,7.229,0.909,83.4,66.4,0.0,0.0,1.462,1.135,135 184 53 105 38 215
glutamic,9,lysine,5,5,15,3,6.529,7.229,0.909,83.4,66.4,0.0,0.0,1.66,0.471,127 296 6 78 61 246 223 100
glutamic,9,lysine,5,5,15,4,6.529,7.229,0.909,83.4,66.4,0.0,0.0,1.439,1.275,87 305 312 141 112 225 242 56 75 220
glutamic,9,lysine,5,6,13,1,6.529,5.821,0.909,131.1,74.5,0.0,0.0,1.433,1.439,194 91 345 264
glutamic,9,lysine,5,6,13,2,6.529,5.821,0.909,131.1,74.5,0.0,0.0,2.171,0.849,246 142 314 39 87 322
glutamic,9,lysine,5,6,13,3,6.529,5.821,0.909,131.1,74.5,0.0,0.0,0.962,1.483,277 54 318 345 190 53 203 36
glutamic,9,lysine,5,6,13,4,6.529,5.821,0.909,131.1,74.5,0.0,0.0,1.929,0.719,286 218 270 47 37 306 285 50 88 220
glutamic,9,lysine,5,6,14,1,6.529,6.483,0.909,125.0,49.4,0.3043,0.0,1.916,2.808,130 249 23 131
glutamic,9,lysine,5,6,14,2,6.529,6.483,0.909,125.0,49.4,0.0,0.0,2.524,2.808,67 59 269 55 97 285
glutamic,9,lysine,5,6,14,3,6.529,6.483,0.909,125.0,49.4,0.0,0.0,1.656,2.344,319 133 236 345 177 26 217 198
glutamic,9,lysine,5,6,14,4,6.529,6.483,0.909,125.0,49.4,0.0,0.0,1.912,0.392,287 250 151 233 244 120 120 289 280 152
glutamic,9,lysine,5,6,15,1,6.529,6.539,0.909,110.3,47.1,0.3931,0.0,0.777,2.412,191 14 27 128
glutamic,9,lysine,5,6,15,2,6.529,6.539,0.909,110.3,47.1,0.0,0.0,1.077,2.035,208 17 80 81 26 311
glutamic,9,lysine,5,6,15,3,6.529,6.539,0.909,110.3,47.1,0.0,0.0,2.478,0.502,251 157 315 103 60 228 257 120
glutamic,9,lysine,5,6,15,4,6.529,6.539,0.909,110.3,47.1,0.0,0.0,2.524,0.948,250 153 228 171 126 241 245 61 103 236
glutamic,9,lysine,5,7,13,1,6.529,6.918,0.909,83.8,56.2,0.6643,0.0,0.638,3.158,174 0 275 261
glutamic,9,lysine,5,7,13,2,6.529,6.918,0.909,83.8,56.2,0.0573,0.0,1.188,2.265,151 347 263 280 334 256
glutamic,9,lysine,5,7,13,3,6.529,6.918,0.909,83.8,56.2,0.0,0.0,2.732,2.282,280 55 92 252 255 66 69 223
glutamic,9,lysine,5,7,13,4,6.529,6.918,0.909,83.8,56.2,0.0,0.0,2.334,3.186,266 265 316 208 201 89 105 316 229 91
glutamic,9,lysine,5,7,14,1,6.529,7.025,0.909,100.9,51.9,0.4157,0.0,2.389,4.952,243 211 277 158
glutamic,9,lysine,5,7,14,2,6.529,7.025,0.909,100.9,51.9,0.0,0.0,2.732,4.952,293 219 249 58 94 271
glutamic,9,lysine,5,7,14,3,6.529,7.025,0.909,100.9,51.9,0.0,0.0,2.053,4.952,153 137 178 192 300 162 9 332
glutamic,9,lysine,5,7,14,4,6.529,7.025,0.909,100.9,51.9,0.0,0.0,2.132,4.952,149 198 151 196 221 114 122 272 243 151
glutamic,9,lysine,5,7,15,1,6.529,6.731,0.909,102.3,63.4,0.1554,0.0,1.697,4.876,176 162 68 202
glutamic,9,lysine,5,7,15,2,6.529,6.731,0.909,102.3,63.4,0.0,0.0,1.304,4.191,137 202 31 343 250 99
glutamic,9,lysine,5,7,15,3,6.529,6.731,0.909,102.3,63.4,0.0,0.0,2.395,4.952,134 225 99 218 286 46 88 277
glutamic,9,lysine,5,7,15,4,6.529,6.731,0.909,102.3,63.4,0.0,0.0,1.833,4.949,165 218 151 191 244 85 76 302 244 117
glutamic,9,aspartic,21,5,3,1,10.878,11.339,-0.143,114.9,30.4,4.1063,0.0,2.249,0.776,156 255 186 183
glutamic,9,aspartic,21,5,3,2,10.878,11.339,-0.143,114.9,30.4,0.8378,0.0,1.754,0.801,78 87 172 175 124 147
glutamic,9,aspartic,21,5,3,3,10.878,11.339,-0.143,114.9,30.4,0.0,0.0,2.42,0.967,144 289 190 140 264 208 352 230
glutamic,9,aspartic,21,5,3,4,10.878,11.339,-0.143,114.9,30.4,0.0,0.0,2.114,1.494,195 259 218 69 82 200 232 143 99 210
glutamic,9,aspartic,21,5,4,1,10.878,10.54,-0.143,126.8,67.3,3.2713,0.0,2.461,0.831,85 124 184 182
glutamic,9,aspartic,21,5,4,2,10.878,10.54,-0.143,126.8,67.3,0.04,0.0,1.786,1.588,160 212 184 182 112 147
glutamic,9,aspartic,21,5,4,3,10.878,10.54,-0.143,126.8,67.3,0.0,0.0,2.436,2.667,204 176 205 140 136 229 214 160
glutamic,9,aspartic,21,5,4,4,10.878,10.54,-0.143,126.8,67.3,0.0,0.0,3.021,2.667,215 156 189 140 131 247 235 141 163 200
glutamic,9,aspartic,21,5,5,1,10.878,9.414,-0.143,119.9,110.4,2.1353,0.0,2.5,0.552,149 247 180 180
glutamic,9,aspartic,21,5,5,2,10.878,9.414,-0.143,119.9,110.4,0.0,0.0,2.107,1.956,146 164 230 135 185 266
glutamic,9,aspartic,21,5,5,3,10.878,9.414,-0.143,119.9,110.4,0.0,0.0,2.794,2.667,178 163 200 114 142 311 271 157
glutamic,9,aspartic,21,5,5,4,10.878,9.414,-0.143,119.9,110.4,0.0,0.0,2.992,2.667,207 159 191 138 130 245 232 133 154 199
glutamic,9,aspartic,21,6,3,1,10.878,11.107,-0.143,125.7,42.6,3.8548,0.0,2.407,0.943,205 122 185 183
glutamic,9,aspartic,21,6,3,2,10.878,11.107,-0.143,125.7,42.6,0.583,0.0,1.858,0.751,278 214 183 182 121 148
glutamic,9,aspartic,21,6,3,3,10.878,11.107,-0.143,125.7,42.6,0.0,0.0,1.354,1.397,198 191 176 204 202 99 98 187
glutamic,9,aspartic,21,6,3,4,10.878,11.107,-0.143,125.7,42.6,0.0,0.0,1.757,2.808,156 200 168 210 221 127 137 224 203 161
glutamic,9,aspartic,21,6,4,1,10.878,10.832,-0.143,113.2,55.1,3.575,0.0,2.105,0.667,276 257 185 183
glutamic,9,aspartic,21,6,4,2,10.878,10.832,-0.143,113.2,55.1,0.3148,0.0,1.29,0.479,196 86 169 173 120 146
glutamic,9,aspartic,21,6,4,3,10.878,10.832,-0.143,113.2,55.1,0.0,0.0,1.355,2.706,150 110 175 261 275 175 102 136
glutamic,9,aspartic,21,6,4,4,10.878,10.832,-0.143,113.2,55.1,0.0,0.0,2.182,2.808,142 168 143 219 225 152 159 257 246 165
glutamic,9,aspartic,21,6,5,1,10.878,9.47,-0.143,117.3,107.4,2.1925,0.0,2.531,0.72,210 109 178 179
glutamic,9,aspartic,21,6,5,2,10.878,9.47,-0.143,117.3,107.4,0.0,0.0,2.694,0.748,232 209 110 226 147 55
glutamic,9,aspartic,21,6,5,3,10.878,9.47,-0.143,117.3,107.4,0.0,0.0,2.185,1.465,167 169 82 310 252 89 214 257
glutamic,9,aspartic,21,6,5,4,10.878,9.47,-0.143,117.3,107.4,0.0,0.0,2.694,2.679,144 203 165 243 242 86 113 221 189 158
glutamic,9,aspartic,21,7,3,1,10.878,12.98,-0.143,50.4,36.3,6.6167,0.0,3.938,2.006,186 0 206 263
glutamic,9,aspartic,21,7,3,2,10.878,12.98,-0.143,50.4,36.3,3.0568,0.0,0.873,1.346,186 0 141 98 181 181
glutamic,9,aspartic,21,7,3,3,10.878,12.98,-0.143,50.4,36.3,0.4331,0.0,0.426,0.485,204 355 218 261 145 162 102 142
glutamic,9,aspartic,21,7,3,4,10.878,12.98,-0.143,50.4,36.3,0.0,0.0,0.932,2.587,219 76 111 219 206 166 161 222 231 182
glutamic,9,aspartic,21,7,4,1,10.878,12.363,-0.143,53.6,64.4,5.8448,0.0,3.938,2.283,173 360 154 105
glutamic,9,aspartic,21,7,4,2,10.878,12.363,-0.143,53.6,64.4,2.2802,0.0,0.804,1.469,173 360 220 256 179 180
glutamic,9,aspartic,21,7,4,3,10.878,12.363,-0.143,53.6,64.4,0.0,0.0,1.919,3.865,170 302 202 131 175 217 218 192
glutamic,9,aspartic,21,7,4,4,10.878,12.363,-0.143,53.6,64.4,0.0,0.0,2.481,4.291,138 285 246 140 179 227 233 248 232 160
glutamic,9,aspartic,21,7,5,1,10.878,11.314,-0.143,43.7,104.1,5.4485,0.0,3.938,1.883,177 1 157 64
glutamic,9,aspartic,21,7,5,2,10.878,11.314,-0.143,43.7,104.1,1.8283,0.0,1.61,0.866,178 0 217 279 183 182
glutamic,9,aspartic,21,7,5,3,10.878,11.314,-0.143,43.7,104.1,0.0,0.0,1.766,1.32,126 337 241 42 141 210 150 157
glutamic,9,aspartic,21,7,5,4,10.878,11.314,-0.143,43.7,104.1,0.0,0.0,2.337,3.558,108 284 276 116 124 212 203 154 163 187
glutamic,9,isoleucine,4,5,4,1,6.799,7.873,0.124,81.1,38.1,0.8893,0.0,0.988,1.646,51 16 235 215
glutamic,9,isoleucine,4,5,4,2,6.799,7.873,0.124,81.1,38.1,0.0479,0.0,1.337,1.995,28 347 267 233 349 205
glutamic,9,isoleucine,4,5,4,3,6.799,7.873,0.124,81.1,38.1,0.0,0.0,1.763,0.873,71 186 303 203 73 198 326 79
glutamic,9,isoleucine,4,5,4,4,6.799,7.873,0.124,81.1,38.1,0.0,0.0,3.021,1.403,152 313 213 50 106 227 246 121 94 232
glutamic,9,isoleucine,4,5,5,1,6.799,5.854,0.124,75.3,119.2,0.0,0.0,3.021,0.607,122 9 122 314
glutamic,9,isoleucine,4,5,5,2,6.799,5.854,0.124,75.3,119.2,0.0,0.0,1.434,1.952,19 354 236 351 252 322
glutamic,9,isoleucine,4,5,5,3,6.799,5.854,0.124,75.3,119.2,0.0,0.0,2.247,0.688,66 169 100 39 57 56 70 54
glutamic,9,isoleucine,4,5,5,4,6.799,5.854,0.124,75.3,119.2,0.0,0.0,1.307,1.285,334 320 353 88 85 296 240 329 78 230
glutamic,9,isoleucine,4,5,6,1,6.799,7.556,0.124,89.8,52.5,0.4685,0.0,2.625,0.489,123 331 135 176
glutamic,9,isoleucine,4,5,6,2,6.799,7.556,0.124,89.8,52.5,0.0,0.0,3.021,0.321,159 204 244 97 120 227
glutamic,9,isoleucine,4,5,6,3,6.799,7.556,0.124,89.8,52.5,0.0,0.0,3.021,2.07,165 180 220 125 120 287 256 142
glutamic,9,isoleucine,4,5,6,4,6.799,7.556,0.124,89.8,52.5,0.0,0.0,3.021,2.667,185 183 201 140 127 239 235 119 139 204
glutamic,9,isoleucine,4,6,4,1,6.799,6.832,0.124,123.6,43.2,0.4219,0.0,1.662,2.385,321 98 331 192
glutamic,9,isoleucine,4,6,4,2,6.799,6.832,0.124,123.6,43.2,0.0,0.0,2.29,2.808,4 47 12 101 39 162
glutamic,9,isoleucine,4,6,4,3,6.799,6.832,0.124,123.6,43.2,0.0,0.0,2.694,2.808,67 133 233 60 172 22 96 174
glutamic,9,isoleucine,4,6,4,4,6.799,6.832,0.124,123.6,43.2,0.0,0.0,0.951,2.13,310 55 125 19 360 80 90 293 256 129
glutamic,9,isoleucine,4,6,5,1,6.799,4.526,0.124,131.8,142.3,0.1887,0.0,2.144,0.663,274 308 5 2
glutamic,9,isoleucine,4,6,5,2,6.799,4.526,0.124,131.8,142.3,0.0,0.0,2.694,0.653,202 253 45 359 177 34
glutamic,9,isoleucine,4,6,5,3,6.799,4.526,0.124,131.8,142.3,0.0,0.0,2.694,2.253,171 221 135 265 277 21 136 287
glutamic,9,isoleucine,4,6,5,4,6.799,4.526,0.124,131.8,142.3,0.0,0.0,1.222,0.789,206 179 47 242 299 0 190 12 216 51
glutamic,9,isoleucine,4,6,6,1,6.799,6.584,0.124,132.6,53.8,0.2919,0.0,2.506,0.909,257 218 55 116
glutamic,9,isoleucine,4,6,6,2,6.799,6.584,0.124,132.6,53.8,0.0,0.0,2.694,0.553,199 189 98 300 262 81
glutamic,9,isoleucine,4,6,6,3,6.799,6.584,0.124,132.6,53.8,0.0,0.0,2.694,2.235,163 212 138 265 273 32 98 240
glutamic,9,isoleucine,4,6,6,4,6.799,6.584,0.124,132.6,53.8,0.0,0.0,2.694,2.808,162 207 183 223 240 115 120 248 226 154
glutamic,9,isoleucine,4,7,4,1,6.799,9.193,0.124,21.0,45.3,5.1634,0.0,3.938,3.186,249 360 181 359
glutamic,9,isoleucine,4,7,4,2,6.799,9.193,0.124,21.0,45.3,1.3553,0.0,3.809,2.976,248 0 179 1 187 193
glutamic,9,isoleucine,4,7,4,3,6.799,9.193,0.124,21.0,45.3,0.0,0.0,3.579,4.939,275 45 163 276 189 117 118 159
glutamic,9,isoleucine,4,7,4,4,6.799,9.193,0.124,21.0,45.3,0.0,0.0,2.701,4.952,342 300 240 242 267 173 84 181 227 126
glutamic,9,isoleucine,4,7,5,1,6.799,6.972,0.124,27.7,139.1,2.9969,0.0,3.938,2.619,239 360 181 360
glutamic,9,isoleucine,4,7,5,2,6.799,6.972,0.124,27.7,139.1,0.0,0.0,3.803,1.217,197 355 204 14 185 268
glutamic,9,isoleucine,4,7,5,3,6.799,6.972,0.124,27.7,139.1,0.0,0.0,3.938,2.385,245 58 80 251 330 100 57 189
glutamic,9,isoleucine,4,7,5,4,6.799,6.972,0.124,27.7,139.1,0.0,0.0,2.406,3.81,358 20 74 306 273 93 105 223 221 173
glutamic,9,isoleucine,4,7,6,1,6.799,8.994,0.124,29.8,54.1,4.1748,0.0,3.938,1.65,218 0 179 1
glutamic,9,isoleucine,4,7,6,2,6.799,8.994,0.124,29.8,54.1,0.5479,0.0,3.938,1.222,220 360 200 327 175 177
glutamic,9,isoleucine,4,7,6,3,6.799,8.994,0.124,29.8,54.1,0.0,0.0,3.938,2.824,248 76 107 252 231 132 142 188
glutamic,9,isoleucine,4,7,6,4,6.799,8.994,0.124,29.8,54.1,0.0,0.0,3.904,2.295,291 27 67 294 262 122 141 224 217 173
glutamic,9,leucine,13,5,1,1,11.485,9.851,0.32,112.0,133.1,2.6439,0.0,2.438,0.933,23 263 171 175
glutamic,9,leucine,13,5,1,2,11.485,9.851,0.32,112.0,133.1,0.0,0.0,2.329,0.72,31 277 157 73 317 174
glutamic,9,leucine,13,5,1,3,11.485,9.851,0.32,112.0,133.1,0.0,0.0,2.548,0.766,337 311 20 312 77 171 304 84
glutamic,9,leucine,13,5,1,4,11.485,9.851,0.32,112.0,133.1,0.0,0.0,1.142,1.143,69 321 20 140 99 66 122 26 326 126
glutamic,9,leucine,13,5,2,1,11.485,12.287,0.32,110.1,27.6,5.0594,0.0,2.427,0.942,24 265 176 177
glutamic,9,leucine,13,5,2,2,11.485,12.287,0.32,110.1,27.6,1.3232,0.0,2.488,0.788,19 265 169 174 171 171
glutamic,9,leucine,13,5,2,3,11.485,12.287,0.32,110.1,27.6,0.1378,0.0,2.574,0.775,10 218 186 184 146 156 3 178
glutamic,9,leucine,13,5,2,4,11.485,12.287,0.32,110.1,27.6,0.0,0.0,3.021,2.176,303 266 36 18 326 181 135 228 297 169
glutamic,9,leucine,13,5,13,1,11.485,11.025,0.32,100.3,83.4,3.756,0.0,2.511,0.592,18 280 182 181
glutamic,9,leucine,13,5,13,2,11.485,11.025,0.32,100.3,83.4,0.0421,0.0,2.555,0.499,13 284 185 183 185 185
glutamic,9,leucine,13,5,13,3,11.485,11.025,0.32,100.3,83.4,0.0,0.0,2.647,0.906,2 194 226 164 142 264 346 237
glutamic,9,leucine,13,5,13,4,11.485,11.025,0.32,100.3,83.4,0.0,0.0,2.441,1.395,340 360 43 345 314 116 144 264 243 155
glutamic,9,leucine,13,6,1,1,11.485,11.701,0.32,37.1,124.7,6.1929,0.0,0.656,1.961,302 0 162 47
glutamic,9,leucine,13,6,1,2,11.485,11.701,0.32,37.1,124.7,2.6228,0.0,0.621,1.585,303 360 212 294 180 180
glutamic,9,leucine,13,6,1,3,11.485,11.701,0.32,37.1,124.7,0.0,0.0,1.479,0.653,262 61 140 307 262 180 191 172
glutamic,9,leucine,13,6,1,4,11.485,11.701,0.32,37.1,124.7,0.0,0.0,1.727,1.252,332 229 290 56 36 164 179 262 248 155
glutamic,9,leucine,13,6,2,1,11.485,14.056,0.32,38.5,20.6,8.3438,0.0,0.474,2.082,308 0 159 63
glutamic,9,leucine,13,6,2,2,11.485,14.056,0.32,38.5,20.6,4.8244,0.0,0.468,1.927,308 360 215 285 177 178
glutamic,9,leucine,13,6,2,3,11.485,14.056,0.32,38.5,20.6,1.1813,0.0,0.638,1.285,303 359 214 283 171 175 161 164
glutamic,9,leucine,13,6,2,4,11.485,14.056,0.32,38.5,20.6,0.1081,0.0,1.497,1.135,282 360 219 263 177 178 152 158 358 181
glutamic,9,leucine,13,6,13,1,11.485,12.623,0.32,34.7,87.0,7.2059,0.0,0.423,2.413,322 360 197 318
glutamic,9,leucine,13,6,13,2,11.485,12.623,0.32,34.7,87.0,3.6365,0.0,0.4,2.176,321 0 148 65 180 180
glutamic,9,leucine,13,6,13,3,11.485,12.623,0.32,34.7,87.0,0.0196,0.0,0.872,2.594,334 359 146 62 175 177 198 195
glutamic,9,leucine,13,6,13,4,11.485,12.623,0.32,34.7,87.0,0.0004,0.0,1.609,0.864,280 358 182 16 136 129 217 231 301 258
glutamic,9,leucine,13,7,1,1,11.485,11.219,0.32,59.3,127.0,4.4842,0.0,3.858,1.832,57 0 206 242
glutamic,9,leucine,13,7,1,2,11.485,11.219,0.32,59.3,127.0,0.8967,0.0,3.125,1.38,57 360 141 113 179 180
glutamic,9,leucine,13,7,1,3,11.485,11.219,0.32,59.3,127.0,0.0,0.0,2.548,1.467,3 328 273 43 84 187 168 198
glutamic,9,leucine,13,7,1,4,11.485,11.219,0.32,59.3,127.0,0.0,0.0,3.445,3.521,21 349 307 44 68 242 220 136 151 196
glutamic,9,leucine,13,7,2,1,11.485,13.587,0.32,60.1,23.6,6.7653,0.0,3.812,2.023,54 1 203 230
glutamic,9,leucine,13,7,2,2,11.485,13.587,0.32,60.1,23.6,3.1938,0.0,3.18,1.645,54 0 142 120 182 181
glutamic,9,leucine,13,7,2,3,11.485,13.587,0.32,60.1,23.6,0.5703,0.0,3.938,2.566,65 360 213 219 179 179 91 146
glutamic,9,leucine,13,7,2,4,11.485,13.587,0.32,60.1,23.6,0.0,0.0,3.789,3.817,42 41 224 198 277 228 228 226 22 150
glutamic,9,leucine,13,7,13,1,11.485,11.978,0.32,64.3,94.8,5.0314,0.0,3.722,2.284,48 358 157 141
glutamic,9,leucine,13,7,13,2,11.485,11.978,0.32,64.3,94.8,1.4175,0.0,3.446,1.475,46 360 218 234 180 180
glutamic,9,leucine,13,7,13,3,11.485,11.978,0.32,64.3,94.8,0.0,0.0,2.512,2.614,1 339 272 28 56 193 152 174
glutamic,9,leucine,13,7,13,4,11.485,11.978,0.32,64.3,94.8,0.0,0.0,3.479,4.044,24 341 306 40 64 238 213 131 150 196
glutamic,9,serine,31,5,3,1,8.514,9.466,-0.022,82.2,47.6,2.1784,0.0,2.648,0.628,127 316 181 181
glutamic,9,serine,31,5,3,2,8.514,9.466,-0.022,82.2,47.6,0.0614,0.0,1.319,1.47,61 23 201 196 51 156
glutamic,9,serine,31,5,3,3,8.514,9.466,-0.022,82.2,47.6,0.0,0.0,2.558,0.789,92 123 352 215 79 247 293 121
glutamic,9,serine,31,5,3,4,8.514,9.466,-0.022,82.2,47.6,0.0,0.0,3.021,0.99,133 193 197 150 152 257 258 116 121 197
glutamic,9,serine,31,5,4,1,8.514,9.449,-0.022,90.5,48.4,2.1714,0.0,2.436,0.86,84 59 185 183
glutamic,9,serine,31,5,4,2,8.514,9.449,-0.022,90.5,48.4,0.0392,0.0,3.021,0.437,168 276 163 169 62 153
glutamic,9,serine,31,5,4,3,8.514,9.449,-0.022,90.5,48.4,0.0,0.0,3.021,1.542,191 193 228 129 136 239 203 147
glutamic,9,serine,31,5,4,4,8.514,9.449,-0.022,90.5,48.4,0.0,0.0,3.021,2.667,184 177 206 151 140 239 232 125 144 200
glutamic,9,serine,31,5,5,1,8.514,7.421,-0.022,91.4,131.3,0.2241,0.0,2.965,1.06,138 310 151 162
glutamic,9,serine,31,5,5,2,8.514,7.421,-0.022,91.4,131.3,0.0,0.0,3.021,0.905,173 201 251 92 109 223
glutamic,9,serine,31,5,5,3,8.514,7.421,-0.022,91.4,131.3,0.0,0.0,3.021,2.52,184 181 221 127 121 271 248 148
glutamic,9,serine,31,5,5,4,8.514,7.421,-0.022,91.4,131.3,0.0,0.0,3.021,2.667,186 178 203 148 135 240 234 109 129 203
glutamic,9,serine,31,6,3,1,8.514,8.03,-0.022,149.6,50.4,0.8179,0.0,1.817,1.547,293 182 197 204
glutamic,9,serine,31,6,3,2,8.514,8.03,-0.022,149.6,50.4,0.0,0.0,2.104,2.808,12 248 139 275 278 146
glutamic,9,serine,31,6,3,3,8.514,8.03,-0.022,149.6,50.4,0.0,0.0,2.694,2.808,73 227 148 276 295 38 55 223
glutamic,9,serine,31,6,3,4,8.514,8.03,-0.022,149.6,50.4,0.0,0.0,2.694,2.808,133 218 202 238 244 105 105 230 224 161
glutamic,9,serine,31,6,4,1,8.514,8.253,-0.022,148.0,40.2,0.9944,0.0,2.694,0.632,241 175 169 170
glutamic,9,serine,31,6,4,2,8.514,8.253,-0.022,148.0,40.2,0.0,0.0,2.694,0.699,177 137 194 191 8 233
glutamic,9,serine,31,6,4,3,8.514,8.253,-0.022,148.0,40.2,0.0001,0.0,2.694,2.749,160 220 142 197 258 126 130 246
glutamic,9,serine,31,6,4,4,8.514,8.253,-0.022,148.0,40.2,0.0,0.0,2.694,2.503,188 222 195 200 216 112 108 258 247 155
glutamic,9,serine,31,6,5,1,8.514,6.396,-0.022,138.9,113.9,0.0,0.0,1.667,1.413,322 240 175 298
glutamic,9,serine,31,6,5,2,8.514,6.396,-0.022,138.9,113.9,0.0001,0.0,2.694,0.592,196 209 72 295 288 64
glutamic,9,serine,31,6,5,3,8.514,6.396,-0.022,138.9,113.9,0.0,0.0,2.371,2.571,8 79 332 286 314 329 79 39
glutamic,9,serine,31,6,5,4,8.514,6.396,-0.022,138.9,113.9,0.0,0.0,2.694,0.959,125 198 119 229 261 130 113 292 266 129
glutamic,9,serine,31,7,3,1,8.514,10.481,-0.022,41.1,47.9,4.7765,0.0,3.938,2.141,229 360 200 306
glutamic,9,serine,31,7,3,2,8.514,10.481,-0.022,41.1,47.9,1.1936,0.0,3.938,2.343,227 0 215 288 182 181
glutamic,9,serine,31,7,3,3,8.514,10.481,-0.022,41.1,47.9,0.0,0.0,3.938,4.277,246 1 231 266 161 119 81 126
glutamic,9,serine,31,7,3,4,8.514,10.481,-0.022,41.1,47.9,0.0,0.0,3.64,4.423,325 37 97 274 240 136 141 193 213 194
glutamic,9,serine,31,7,4,1,8.514,10.51,-0.022,49.4,46.6,4.2841,0.0,3.938,2.159,213 360 155 85
glutamic,9,serine,31,7,4,2,8.514,10.51,-0.022,49.4,46.6,0.7242,0.0,3.938,0.658,212 0 141 89 182 182
glutamic,9,serine,31,7,4,3,8.514,10.51,-0.022,49.4,46.6,0.0,0.0,3.938,0.352,185 113 101 214 267 183 102 140
glutamic,9,serine,31,7,4,4,8.514,10.51,-0.022,49.4,46.6,0.0,0.0,3.938,1.536,278 35 72 276 239 142 171 248 237 171
glutamic,9,serine,31,7,5,1,8.514,8.742,-0.022,39.0,116.5,3.3844,0.0,3.938,1.557,209 1 164 31
glutamic,9,serine,31,7,5,2,8.514,8.742,-0.022,39.0,116.5,0.0,0.0,3.938,0.751,207 11 147 2 244 169
glutamic,9,serine,31,7,5,3,8.514,8.742,-0.022,39.0,116.5,0.0,0.0,3.938,0.81,247 48 64 307 259 108 159 218
glutamic,9,serine,31,7,5,4,8.514,8.742,-0.022,39.0,116.5,0.0,0.0,3.605,2.489,331 36 74 293 257 92 115 197 186 174
glutamic,9,tryptophan,5,5,16,1,9.229,8.017,-0.08,85.3,127.1,0.7351,0.0,3.021,2.667,196 309 184 182
glutamic,9,tryptophan,5,5,16,2,9.229,8.017,-0.08,85.3,127.1,0.0,0.0,1.962,1.085,130 174 19 143 117 233
glutamic,9,tryptophan,5,5,16,3,9.229,8.017,-0.08,85.3,127.1,0.0,0.0,2.153,1.0,111 283 269 128 143 262 245 158
glutamic,9,tryptophan,5,5,16,4,9.229,8.017,-0.08,85.3,127.1,0.0,0.0,2.831,0.653,131 246 253 161 151 246 245 103 125 210
glutamic,9,tryptophan,5,5,17,1,9.229,8.859,-0.08,97.9,91.2,1.5709,0.0,2.152,2.099,143 75 182 181
glutamic,9,tryptophan,5,5,17,2,9.229,8.859,-0.08,97.9,91.2,0.0,0.0,2.155,2.667,223 188 243 129 154 231
glutamic,9,tryptophan,5,5,17,3,9.229,8.859,-0.08,97.9,91.2,0.0,0.0,3.021,2.667,254 247 249 195 349 290 147 33
glutamic,9,tryptophan,5,5,17,4,9.229,8.859,-0.08,97.9,91.2,0.0,0.0,2.365,2.633,168 170 211 203 154 275 285 50 100 231
glutamic,9,tryptophan,5,5,18,1,9.229,10.389,-0.08,89.0,24.7,3.1263,0.0,2.699,2.089,142 57 178 179
glutamic,9,tryptophan,5,5,18,2,9.229,10.389,-0.08,89.0,24.7,0.74,0.0,3.021,2.667,204 345 144 141 296 207
glutamic,9,tryptophan,5,5,18,3,9.229,10.389,-0.08,89.0,24.7,0.026,0.0,3.021,2.667,207 359 157 127 303 195 359 183
glutamic,9,tryptophan,5,5,18,4,9.229,10.389,-0.08,89.0,24.7,0.0,0.0,2.284,0.489,113 333 215 142 157 204 267 165 87 192
glutamic,9,tryptophan,5,6,16,1,9.229,7.222,-0.08,117.2,142.9,0.0,0.0,2.694,1.943,212 262 153 153
glutamic,9,tryptophan,5,6,16,2,9.229,7.222,-0.08,117.2,142.9,0.0,0.0,2.153,0.518,237 151 254 105 141 259
glutamic,9,tryptophan,5,6,16,3,9.229,7.222,-0.08,117.2,142.9,0.0,0.0,2.694,2.808,144 248 293 207 102 310 226 345
glutamic,9,tryptophan,5,6,16,4,9.229,7.222,-0.08,117.2,142.9,0.0,0.0,2.694,2.196,172 95 92 340 78 64 80 57 108 277
glutamic,9,tryptophan,5,6,17,1,9.229,8.7,-0.08,104.2,77.2,1.4108,0.0,2.694,2.808,139 87 179 180
glutamic,9,tryptophan,5,6,17,2,9.229,8.7,-0.08,104.2,77.2,0.0,0.0,2.492,1.871,196 55 71 153 250 77
glutamic,9,tryptophan,5,6,17,3,9.229,8.7,-0.08,104.2,77.2,0.0,0.0,2.694,2.808,104 335 271 104 107 321 329 138
glutamic,9,tryptophan,5,6,17,4,9.229,8.7,-0.08,104.2,77.2,0.0,0.0,1.095,0.45,297 71 40 19 108 2 246 167 235 256
glutamic,9,tryptophan,5,6,18,1,9.229,9.691,-0.08,117.1,35.6,2.4021,0.0,2.694,1.97,211 252 180 180
glutamic,9,tryptophan,5,6,18,2,9.229,9.691,-0.08,117.1,35.6,0.3146,0.0,2.694,2.808,110 118 198 190 296 209
glutamic,9,tryptophan,5,6,18,3,9.229,9.691,-0.08,117.1,35.6,0.0,0.0,2.694,2.668,180 218 191 116 223 123 81 348
glutamic,9,tryptophan,5,6,18,4,9.229,9.691,-0.08,117.1,35.6,0.0,0.0,2.524,0.778,234 287 30 103 173 270 281 119 70 166
glutamic,9,tryptophan,5,7,16,1,9.229,7.69,-0.08,97.6,139.0,0.4203,0.0,3.585,4.505,164 73 185 183
glutamic,9,tryptophan,5,7,16,2,9.229,7.69,-0.08,97.6,139.0,0.0,0.0,3.938,4.952,153 209 84 239 213 108
glutamic,9,tryptophan,5,7,16,3,9.229,7.69,-0.08,97.6,139.0,0.0,0.0,3.938,4.182,121 345 356 261 234 52 82 220
glutamic,9,tryptophan,5,7,16,4,9.229,7.69,-0.08,97.6,139.0,0.0,0.0,3.938,4.813,204 226 155 144 241 86 97 319 166 73
glutamic,9,tryptophan,5,7,17,1,9.229,8.733,-0.08,102.9,91.4,1.4444,0.0,3.877,4.735,222 276 180 180
glutamic,9,tryptophan,5,7,17,2,9.229,8.733,-0.08,102.9,91.4,0.0,0.0,3.938,4.952,144 194 102 226 201 114
glutamic,9,tryptophan,5,7,17,3,9.229,8.733,-0.08,102.9,91.4,0.0,0.0,3.414,4.952,266 46 42 328 212 287 42 123
glutamic,9,tryptophan,5,7,17,4,9.229,8.733,-0.08,102.9,91.4,0.0,0.0,3.938,4.952,155 205 161 178 216 114 97 261 233 138
glutamic,9,tryptophan,5,7,18,1,9.229,10.059,-0.08,101.7,37.9,2.788,0.0,3.77,4.665,161 81 184 183
glutamic,9,tryptophan,5,7,18,2,9.229,10.059,-0.08,101.7,37.9,0.3711,0.0,3.938,4.952,251 261 158 167 81 147
glutamic,9,tryptophan,5,7,18,3,9.229,10.059,-0.08,101.7,37.9,0.0,0.0,3.938,4.843,183 187 123 177 230 80 93 259
glutamic,9,tryptophan,5,7,18,4,9.229,10.059,-0.08,101.7,37.9,0.0,0.0,3.938,4.818,191 212 156 153 181 112 113 275 247 148
glutamic,9,lysine,8,5,13,1,11.131,11.916,-0.86,82.2,53.2,4.6523,0.0,2.696,0.3,99 41 179 179
glutamic,9,lysine,8,5,13,2,11.131,11.916,-0.86,82.2,53.2,0.9286,0.0,3.021,0.416,136 333 180 180 180 180
glutamic,9,lysine,8,5,13,3,11.131,11.916,-0.86,82.2,53.2,0.0,0.0,3.021,1.831,132 22 209 199 188 99 70 163
glutamic,9,lysine,8,5,13,4,11.131,11.916,-0.86,82.2,53.2,0.0,0.0,2.923,2.56,194 217 240 141 136 200 193 95 104 192
glutamic,9,lysine,8,5,14,1,11.131,11.197,-0.86,89.5,81.2,3.9347,0.0,3.021,0.805,143 303 177 178
glutamic,9,lysine,8,5,14,2,11.131,11.197,-0.86,89.5,81.2,0.2139,0.0,2.933,0.928,137 309 174 177 176 176
glutamic,9,lysine,8,5,14,3,11.131,11.197,-0.86,89.5,81.2,0.0,0.0,3.021,0.925,139 205 220 161 164 254 246 168
glutamic,9,lysine,8,5,14,4,11.131,11.197,-0.86,89.5,81.2,0.0,0.0,3.021,2.565,174 183 204 150 145 238 231 138 155 198
glutamic,9,lysine,8,5,15,1,11.131,9.624,-0.86,87.1,159.3,2.432,0.0,2.64,0.556,96 51 182 181
glutamic,9,lysine,8,5,15,2,11.131,9.624,-0.86,87.1,159.3,0.0,0.0,3.021,0.666,149 232 240 171 99 134
glutamic,9,lysine,8,5,15,3,11.131,9.624,-0.86,87.1,159.3,0.0,0.0,2.392,1.715,187 194 225 141 138 241 222 154
glutamic,9,lysine,8,5,15,4,11.131,9.624,-0.86,87.1,159.3,0.0,0.0,3.021,2.195,202 171 218 142 126 247 228 134 172 209
glutamic,9,lysine,8,6,13,1,11.131,10.349,-0.86,161.1,62.7,3.5871,0.0,2.694,0.642,231 179 204 247
glutamic,9,lysine,8,6,13,2,11.131,10.349,-0.86,161.1,62.7,0.3917,0.0,2.694,1.261,197 180 203 277 148 170
glutamic,9,lysine,8,6,13,3,11.131,10.349,-0.86,161.1,62.7,0.0,0.0,2.241,2.808,2 208 197 217 247 134 147 206
glutamic,9,lysine,8,6,13,4,11.131,10.349,-0.86,161.1,62.7,0.0,0.0,1.635,1.89,214 234 197 172 220 134 119 249 231 149
glutamic,9,lysine,8,6,14,1,11.131,9.927,-0.86,150.8,78.7,2.7782,0.0,2.645,0.758,251 177 162 156
glutamic,9,lysine,8,6,14,2,11.131,9.927,-0.86,150.8,78.7,0.0,0.0,2.694,0.651,236 172 166 270 53 193
glutamic,9,lysine,8,6,14,3,11.131,9.927,-0.86,150.8,78.7,0.0,0.0,2.694,0.789,226 183 86 3 328 31 98 245
glutamic,9,lysine,8,6,14,4,11.131,9.927,-0.86,150.8,78.7,0.0,0.0,2.694,2.808,60 216 212 270 250 73 77 227 227 167
glutamic,9,lysine,8,6,15,1,11.131,8.284,-0.86,152.7,161.0,1.4196,0.0,2.694,0.663,238 180 210 230
glutamic,9,lysine,8,6,15,2,11.131,8.284,-0.86,152.7,161.0,0.0,0.0,2.121,0.816,275 209 146 287 336 75
glutamic,9,lysine,8,6,15,3,11.131,8.284,-0.86,152.7,161.0,0.0,0.0,1.852,0.74,291 275 169 189 286 60 91 265
glutamic,9,lysine,8,6,15,4,11.131,8.284,-0.86,152.7,161.0,0.0,0.0,2.694,1.958,211 256 190 199 248 84 96 275 216 137
glutamic,9,lysine,8,7,13,1,11.131,12.506,-0.86,59.6,64.0,5.7108,0.0,3.938,2.648,220 1 204 234
glutamic,9,lysine,8,7,13,2,11.131,12.506,-0.86,59.6,64.0,2.1326,0.0,3.659,1.312,221 360 140 117 180 180
glutamic,9,lysine,8,7,13,3,11.131,12.506,-0.86,59.6,64.0,0.0,0.0,3.339,4.266,222 73 142 218 191 147 147 174
glutamic,9,lysine,8,7,13,4,11.131,12.506,-0.86,59.6,64.0,0.0,0.0,3.938,4.952,272 82 93 220 221 155 154 207 202 169
glutamic,9,lysine,8,7,14,1,11.131,12.232,-0.86,49.0,74.5,5.9972,0.0,3.938,2.166,217 359 205 274
glutamic,9,lysine,8,7,14,2,11.131,12.232,-0.86,49.0,74.5,2.4105,0.0,3.938,0.866,217 359 141 95 176 177
glutamic,9,lysine,8,7,14,3,11.131,12.232,-0.86,49.0,74.5,0.0,0.0,3.938,2.616,250 354 201 284 210 199 252 222
glutamic,9,lysine,8,7,14,4,11.131,12.232,-0.86,49.0,74.5,0.0,0.0,3.938,4.53,287 54 118 260 200 134 162 200 196 175
glutamic,9,lysine,8,7,15,1,11.131,10.409,-0.86,57.3,168.9,3.8883,0.0,3.938,2.338,214 0 151 106
glutamic,9,lysine,8,7,15,2,11.131,10.409,-0.86,57.3,168.9,0.6046,0.0,3.938,1.149,220 1 208 243 206 190
glutamic,9,lysine,8,7,15,3,11.131,10.409,-0.86,57.3,168.9,0.0,0.0,3.488,2.61,262 30 126 222 241 165 104 114
glutamic,9,lysine,8,7,15,4,11.131,10.409,-0.86,57.3,168.9,0.0,0.0,2.284,1.776,272 350 86 296 270 150 130 219 270 205
glutamic,9,aspartic,8,5,3,1,6.219,6.851,-0.88,26.9,103.5,3.0569,0.0,1.38,0.521,115 359 183 357
glutamic,9,aspartic,8,5,3,2,6.219,6.851,-0.88,26.9,103.5,0.0761,0.0,2.12,2.275,151 4 172 3 129 76
glutamic,9,aspartic,8,5,3,3,6.219,6.851,-0.88,26.9,103.5,0.0,0.0,2.703,0.55,141 245 308 87 111 278 152 86
glutamic,9,aspartic,8,5,3,4,6.219,6.851,-0.88,26.9,103.5,0.0,0.0,2.167,0.965,349 326 293 49 79 286 256 126 154 202
glutamic,9,aspartic,8,5,4,1,6.219,8.88,-0.88,36.7,5.6,3.5727,0.0,1.456,0.36,105 0 187 342
glutamic,9,aspartic,8,5,4,2,6.219,8.88,-0.88,36.7,5.6,0.9213,0.0,0.818,0.719,118 6 153 103 65 160
glutamic,9,aspartic,8,5,4,3,6.219,8.88,-0.88,36.7,5.6,0.2138,0.0,0.637,1.658,142 2 193 202 292 198 1 177
glutamic,9,aspartic,8,5,4,4,6.219,8.88,-0.88,36.7,5.6,0.0,0.0,2.147,1.362,61 64 60 125 167 215 257 117 78 150
glutamic,9,aspartic,8,5,5,1,6.219,7.067,-0.88,41.2,94.9,1.7038,0.0,1.739,1.274,86 1 175 7
glutamic,9,aspartic,8,5,5,2,6.219,7.067,-0.88,41.2,94.9,0.0,0.0,1.402,1.284,80 292 278 44 106 246
glutamic,9,aspartic,8,5,5,3,6.219,7.067,-0.88,41.2,94.9,0.0,0.0,1.644,1.831,26 329 297 58 90 269 234 149
glutamic,9,aspartic,8,5,5,4,6.219,7.067,-0.88,41.2,94.9,0.0,0.0,1.359,1.792,27 350 312 56 82 255 233 111 132 201
glutamic,9,aspartic,8,6,3,1,6.219,4.456,-0.88,127.9,100.0,0.2712,0.0,2.694,2.808,85 80 344 355
glutamic,9,aspartic,8,6,3,2,6.219,4.456,-0.88,127.9,100.0,0.0,0.0,2.694,2.808,142 119 298 59 117 352
glutamic,9,aspartic,8,6,3,3,6.219,4.456,-0.88,127.9,100.0,0.0,0.0,2.466,2.153,176 171 242 118 70 281 228 86
glutamic,9,aspartic,8,6,3,4,6.219,4.456,-0.88,127.9,100.0,0.0,0.0,2.694,2.808,80 350 281 335 345 279 267 35 132 290
glutamic,9,aspartic,8,6,4,1,6.219,6.466,-0.88,140.4,8.0,1.1553,0.0,2.694,2.808,49 74 336 261
glutamic,9,aspartic,8,6,4,2,6.219,6.466,-0.88,140.4,8.0,0.4479,0.0,2.694,2.808,86 54 1 180 0 257
glutamic,9,aspartic,8,6,4,3,6.219,6.466,-0.88,140.4,8.0,0.0,0.0,1.223,2.808,165 193 194 131 46 252 294 126
glutamic,9,aspartic,8,6,4,4,6.219,6.466,-0.88,140.4,8.0,0.0,0.0,1.847,2.808,19 304 271 337 2 276 237 70 111 215
glutamic,9,aspartic,8,6,5,1,6.219,4.873,-0.88,131.8,84.1,0.0,0.0,1.783,1.93,336 253 43 356
glutamic,9,aspartic,8,6,5,2,6.219,4.873,-0.88,131.8,84.1,0.0,0.0,1.82,0.552,293 263 59 278 237 45
glutamic,9,aspartic,8,6,5,3,6.219,4.873,-0.88,131.8,84.1,0.0,0.0,2.694,2.808,81 316 136 173 317 85 70 18
glutamic,9,aspartic,8,6,5,4,6.219,4.873,-0.88,131.8,84.1,0.0,0.0,0.961,2.808,354 320 244 311 352 283 268 47 123 249
glutamic,9,aspartic,8,7,3,1,6.219,5.805,-0.88,72.1,123.6,0.0,0.0,2.687,4.107,237 3 244 342
glutamic,9,aspartic,8,7,3,2,6.219,5.805,-0.88,72.1,123.6,0.0,0.0,2.478,4.452,224 169 54 271 274 87
glutamic,9,aspartic,8,7,3,3,6.219,5.805,-0.88,72.1,123.6,0.0,0.0,3.175,4.814,193 163 121 227 280 81 99 228
glutamic,9,aspartic,8,7,3,4,6.219,5.805,-0.88,72.1,123.6,0.0,0.0,3.231,4.952,302 0 19 317 328 101 78 288 247 98
glutamic,9,aspartic,8,7,4,1,6.219,8.173,-0.88,67.1,21.6,1.1605,0.0,2.819,4.829,270 3 160 133
glutamic,9,aspartic,8,7,4,2,6.219,8.173,-0.88,67.1,21.6,0.29,0.0,3.414,4.952,306 242 268 195 359 182
glutamic,9,aspartic,8,7,4,3,6.219,8.173,-0.88,67.1,21.6,0.0,0.0,3.093,4.841,215 145 141 220 243 103 92 206
glutamic,9,aspartic,8,7,4,4,6.219,8.173,-0.88,67.1,21.6,0.0,0.0,2.69,4.952,286 357 24 15 323 48 111 300 267 156
glutamic,9,aspartic,8,7,5,1,6.219,6.828,-0.88,51.7,81.5,0.7471,0.0,2.96,4.952,282 0 160 42
glutamic,9,aspartic,8,7,5,2,6.219,6.828,-0.88,51.7,81.5,0.0,0.0,3.499,4.952,309 67 117 307 152 71
glutamic,9,aspartic,8,7,5,3,6.219,6.828,-0.88,51.7,81.5,0.0,0.0,3.404,4.803,8 5 82 326 260 53 72 178
glutamic,9,aspartic,8,7,5,4,6.219,6.828,-0.88,51.7,81.5,0.0,0.0,3.414,4.754,10 6 45 320 293 76 105 241 213 155
glutamic,9,glutamic,10,5,5,1,7.419,6.45,-0.047,133.2,69.9,0.019,0.0,3.021,2.453,159 68 284 134
glutamic,9,glutamic,10,5,5,2,7.419,6.45,-0.047,133.2,69.9,0.0,0.0,3.021,2.667,200 58 32 177 300 343
glutamic,9,glutamic,10,5,5,3,7.419,6.45,-0.047,133.2,69.9,0.0,0.0,2.207,0.903,49 89 204 110 75 307 270 116
glutamic,9,glutamic,10,5,5,4,7.419,6.45,-0.047,133.2,69.9,0.0,0.0,1.742,1.179,38 288 4 59 78 352 303 36 99 241
glutamic,9,glutamic,10,5,6,1,7.419,4.626,-0.047,150.7,161.6,0.4342,0.0,3.021,2.667,171 76 305 357
glutamic,9,glutamic,10,5,6,2,7.419,4.626,-0.047,150.7,161.6,0.0,0.0,1.683,0.852,105 336 323 96 104 0
glutamic,9,glutamic,10,5,6,3,7.419,4.626,-0.047,150.7,161.6,0.0,0.0,2.286,1.209,36 169 200 115 71 327 164 10
glutamic,9,glutamic,10,5,6,4,7.419,4.626,-0.047,150.7,161.6,0.0,0.0,2.475,0.709,86 201 191 130 53 261 253 34 138 276
glutamic,9,glutamic,10,5,7,1,7.419,6.673,-0.047,144.8,61.6,0.1552,0.0,3.021,2.667,207 126 287 242
glutamic,9,glutamic,10,5,7,2,7.419,6.673,-0.047,144.8,61.6,0.0,0.0,3.021,2.667,276 246 167 82 26 39
glutamic,9,glutamic,10,5,7,3,7.419,6.673,-0.047,144.8,61.6,0.0,0.0,3.021,2.028,172 297 313 148 122 254 299 1
glutamic,9,glutamic,10,5,7,4,7.419,6.673,-0.047,144.8,61.6,0.0,0.0,2.205,1.056,50 211 158 283 291 43 27 317 270 74
glutamic,9,glutamic,10,6,5,1,7.419,7.494,-0.047,87.4,87.8,0.2416,0.0,2.694,1.38,240 294 203 192
glutamic,9,glutamic,10,6,5,2,7.419,7.494,-0.047,87.4,87.8,0.0,0.0,2.694,0.62,192 247 39 302 119 351
glutamic,9,glutamic,10,6,5,3,7.419,7.494,-0.047,87.4,87.8,0.0,0.0,1.789,1.049,295 209 200 129 112 265 248 147
glutamic,9,glutamic,10,6,5,4,7.419,7.494,-0.047,87.4,87.8,0.0,0.0,2.441,0.731,215 172 123 164 229 91 74 325 252 98
glutamic,9,glutamic,10,6,6,1,7.419,6.272,-0.047,73.1,146.2,0.0,0.0,2.694,2.04,208 319 285 269
glutamic,9,glutamic,10,6,6,2,7.419,6.272,-0.047,73.1,146.2,0.0,0.0,1.198,0.714,271 67 37 302 262 114
glutamic,9,glutamic,10,6,6,3,7.419,6.272,-0.047,73.1,146.2,0.0,0.0,1.169,1.324,318 46 55 281 228 78 193 227
glutamic,9,glutamic,10,6,6,4,7.419,6.272,-0.047,73.1,146.2,0.0,0.0,1.7,1.475,277 104 105 213 224 114 115 257 233 150
glutamic,9,glutamic,10,6,7,1,7.419,8.351,-0.047,70.5,55.6,1.1916,0.0,2.694,2.172,202 7 201 207
glutamic,9,glutamic,10,6,7,2,7.419,8.351,-0.047,70.5,55.6,0.0,0.0,2.694,2.808,163 359 225 321 292 155
glutamic,9,glutamic,10,6,7,3,7.419,8.351,-0.047,70.5,55.6,0.0,0.0,2.694,2.105,205 209 279 203 79 258 290 207
glutamic,9,glutamic,10,6,7,4,7.419,8.351,-0.047,70.5,55.6,0.0,0.0,0.602,0.672,291 33 148 283 216 91 79 217 258 193
glutamic,9,glutamic,10,7,5,1,7.419,7.751,-0.047,77.9,81.4,0.4871,0.0,3.938,3.367,175 325 194 187
glutamic,9,glutamic,10,7,5,2,7.419,7.751,-0.047,77.9,81.4,0.0,0.0,3.938,4.443,204 200 261 114 127 223
glutamic,9,glutamic,10,7,5,3,7.419,7.751,-0.047,77.9,81.4,0.0,0.0,3.938,4.91,228 212 203 127 113 284 263 141
glutamic,9,glutamic,10,7,5,4,7.419,7.751,-0.047,77.9,81.4,0.0,0.0,3.888,3.599,106 352 347 87 65 302 192 28 102 157
glutamic,9,glutamic,10,7,6,1,7.419,6.386,-0.047,68.9,143.8,0.0,0.0,3.918,3.694,119 67 110 75
glutamic,9,glutamic,10,7,6,2,7.419,6.386,-0.047,68.9,143.8,0.0,0.0,3.885,3.542,88 304 299 65 115 238
glutamic,9,glutamic,10,7,6,3,7.419,6.386,-0.047,68.9,143.8,0.0,0.0,3.882,3.74,44 307 313 53 155 308 126 127
glutamic,9,glutamic,10,7,6,4,7.419,6.386,-0.047,68.9,143.8,0.0,0.0,2.563,2.056,71 271 262 143 132 234 240 113 129 207
glutamic,9,glutamic,10,7,7,1,7.419,7.985,-0.047,84.0,72.8,0.6996,0.0,3.938,4.221,167 310 186 184
glutamic,9,glutamic,10,7,7,2,7.419,7.985,-0.047,84.0,72.8,0.0,0.0,3.938,4.818,191 195 260 110 121 200
glutamic,9,glutamic,10,7,7,3,7.419,7.985,-0.047,84.0,72.8,0.0,0.0,3.938,4.068,138 155 305 188 64 330 272 12
glutamic,9,glutamic,10,7,7,4,7.419,7.985,-0.047,84.0,72.8,0.0,0.0,3.938,4.952,123 213 241 170 144 253 262 95 124 221
glutamic,9,serine,20,5,3,1,3.594,2.39,0.32,84.6,83.7,2.758,0.0,2.689,0.913,338 97 12 7
glutamic,9,serine,20,5,3,2,3.594,2.39,0.32,84.6,83.7,1.6395,0.0,2.079,1.119,22 94 5 42 122 3
glutamic,9,serine,20,5,3,3,3.594,2.39,0.32,84.6,83.7,0.0,0.0,2.062,1.254,54 71 43 257 271 46 147 292
glutamic,9,serine,20,5,3,4,3.594,2.39,0.32,84.6,83.7,0.0,0.0,0.921,0.25,54 2 30 299 315 75 72 288 223 99
glutamic,9,serine,20,5,4,1,3.594,3.175,0.32,103.8,57.8,1.9053,0.0,3.021,2.667,221 278 354 356
glutamic,9,serine,20,5,4,2,3.594,3.175,0.32,103.8,57.8,0.7872,0.0,3.021,1.964,176 284 358 318 236 359
glutamic,9,serine,20,5,4,3,3.594,3.175,0.32,103.8,57.8,0.0,0.0,3.021,1.135,154 218 80 245 314 19 131 307
glutamic,9,serine,20,5,4,4,3.594,3.175,0.32,103.8,57.8,0.0,0.0,3.021,1.807,303 88 107 212 256 92 85 311 228 85
glutamic,9,serine,20,5,5,1,3.594,2.268,0.32,148.2,88.1,2.9868,0.0,2.191,0.578,337 60 345 354
glutamic,9,serine,20,5,5,2,3.594,2.268,0.32,148.2,88.1,1.6766,0.0,1.111,0.411,45 32 358 336 214 359
glutamic,9,serine,20,5,5,3,3.594,2.268,0.32,148.2,88.1,0.0,0.0,3.021,1.307,131 359 292 94 109 347 201 343
glutamic,9,serine,20,5,5,4,3.594,2.268,0.32,148.2,88.1,0.0,0.0,1.957,0.541,109 307 328 293 312 62 62 332 255 93
glutamic,9,serine,20,6,3,1,3.594,4.221,0.32,7.9,109.9,4.3708,0.0,2.402,0.489,254 10 165 1
glutamic,9,serine,20,6,3,2,3.594,4.221,0.32,7.9,109.9,1.1791,0.0,2.071,0.4,251 98 71 360 182 359
glutamic,9,serine,20,6,3,3,3.594,4.221,0.32,7.9,109.9,0.0,0.0,1.457,1.647,319 96 83 259 273 69 120 246
glutamic,9,serine,20,6,3,4,3.594,4.221,0.32,7.9,109.9,0.0,0.0,2.363,0.911,9 22 57 312 284 75 106 269 234 151
glutamic,9,serine,20,6,4,1,3.594,5.066,0.32,31.2,77.1,2.4723,0.0,2.694,2.569,185 353 191 358
glutamic,9,serine,20,6,4,2,3.594,5.066,0.32,31.2,77.1,0.0,0.0,2.694,1.453,190 107 49 334 214 56
glutamic,9,serine,20,6,4,3,3.594,5.066,0.32,31.2,77.1,0.0,0.0,1.849,0.39,252 60 47 282 285 73 125 234
glutamic,9,serine,20,6,4,4,3.594,5.066,0.32,31.2,77.1,0.0,0.0,1.066,2.808,352 329 231 57 158 282 221 73 53 163
glutamic,9,serine,20,6,5,1,3.594,4.716,0.32,39.1,89.9,2.0185,0.0,2.694,0.487,234 33 136 1
glutamic,9,serine,20,6,5,2,3.594,4.716,0.32,39.1,89.9,0.0,0.0,2.694,2.214,200 268 282 59 137 353
glutamic,9,serine,20,6,5,3,3.594,4.716,0.32,39.1,89.9,0.0,0.0,1.819,1.236,338 60 76 284 256 65 115 223
glutamic,9,serine,20,6,5,4,3.594,4.716,0.32,39.1,89.9,0.0,0.0,2.018,0.929,3 15 52 303 275 85 111 248 222 155
glutamic,9,serine,20,7,3,1,3.594,2.871,0.32,68.5,105.9,2.1664,0.0,3.938,4.097,52 226 347 356
glutamic,9,serine,20,7,3,2,3.594,2.871,0.32,68.5,105.9,1.0234,0.0,3.938,3.578,354 244 0 8 169 0
glutamic,9,serine,20,7,3,3,3.594,2.871,0.32,68.5,105.9,0.0,0.0,3.938,4.133,326 297 339 96 90 303 195 75
glutamic,9,serine,20,7,3,4,3.594,2.871,0.32,68.5,105.9,0.0,0.0,3.626,3.796,315 6 337 51 60 294 273 71 125 229
glutamic,9,serine,20,7,4,1,3.594,3.289,0.32,99.1,89.0,1.5624,0.0,3.938,4.952,136 116 355 357
glutamic,9,serine,20,7,4,2,3.594,3.289,0.32,99.1,89.0,0.6071,0.0,3.938,4.766,189 82 1 14 160 1
glutamic,9,serine,20,7,4,3,3.594,3.289,0.32,99.1,89.0,0.0,0.0,3.938,4.606,184 192 302 156 18 288 241 24
glutamic,9,serine,20,7,4,4,3.594,3.289,0.32,99.1,89.0,0.0,0.0,3.63,3.363,44 342 285 209 69 188 288 18 159 38
glutamic,9,serine,20,7,5,1,3.594,4.115,0.32,62.1,60.0,1.6725,0.0,3.938,3.892,122 99 43 10
glutamic,9,serine,20,7,5,2,3.594,4.115,0.32,62.1,60.0,0.0005,0.0,3.938,2.828,164 98 29 50 104 14
glutamic,9,serine,20,7,5,3,3.594,4.115,0.32,62.1,60.0,0.0,0.0,3.938,2.684,186 49 85 212 284 79 154 283
glutamic,9,serine,20,7,5,4,3.594,4.115,0.32,62.1,60.0,0.0,0.0,2.853,0.556,8 330 251 86 68 253 323 109 97 244
isoleucine,4,arginine,3,4,16,1,4.302,3.922,0.334,39.3,144.4,2.3554,0.0,2.759,5.215,336 298 260 360
isoleucine,4,arginine,3,4,16,2,4.302,3.922,0.334,39.3,144.4,0.0,0.0,2.785,5.215,294 209 3 22 142 6
isoleucine,4,arginine,3,4,16,3,4.302,3.922,0.334,39.3,144.4,0.0,0.0,2.195,5.164,52 81 357 333 223 10 228 309
isoleucine,4,arginine,3,4,16,4,4.302,3.922,0.334,39.3,144.4,0.0,0.0,1.162,5.215,9 18 27 290 307 75 86 318 244 102
isoleucine,4,arginine,3,4,17,1,4.302,5.678,0.334,60.0,65.8,0.3183,0.0,2.557,5.215,348 290 263 354
isoleucine,4,arginine,3,4,17,2,4.302,5.678,0.334,60.0,65.8,0.0,0.0,2.274,4.82,20 94 36 284 265 93
isoleucine,4,arginine,3,4,17,3,4.302,5.678,0.334,60.0,65.8,0.0,0.0,1.932,3.62,73 21 52 314 273 51 106 227
isoleucine,4,arginine,3,4,17,4,4.302,5.678,0.334,60.0,65.8,0.0,0.0,1.428,4.197,62 5 35 341 314 41 89 298 230 137
isoleucine,4,arginine,3,4,18,1,4.302,5.422,0.334,47.2,75.1,1.1188,0.0,1.314,3.891,12 37 127 5
isoleucine,4,arginine,3,4,18,2,4.302,5.422,0.334,47.2,75.1,0.0,0.0,2.067,3.259,19 246 318 58 89 308
isoleucine,4,arginine,3,4,18,3,4.302,5.422,0.334,47.2,75.1,0.0,0.0,2.05,2.86,332 304 331 81 66 282 214 71
isoleucine,4,arginine,3,4,18,4,4.302,5.422,0.334,47.2,75.1,0.0,0.0,2.801,2.899,321 358 325 25 49 302 266 61 116 228
isoleucine,4,arginine,3,5,16,1,4.302,3.932,0.334,38.9,136.5,2.3888,0.0,2.791,0.587,25 65 97 1
isoleucine,4,arginine,3,5,16,2,4.302,3.932,0.334,38.9,136.5,0.0,0.0,2.919,0.439,69 145 14 11 157 359
isoleucine,4,arginine,3,5,16,3,4.302,3.932,0.334,38.9,136.5,0.0,0.0,1.891,2.984,268 231 310 4 182 8 183 95
isoleucine,4,arginine,3,5,16,4,4.302,3.932,0.334,38.9,136.5,0.0,0.0,1.341,0.727,359 337 332 80 59 278 270 41 120 260
isoleucine,4,arginine,3,5,17,1,4.302,6.173,0.334,39.7,42.5,1.8849,0.0,1.35,2.068,358 340 214 351
isoleucine,4,arginine,3,5,17,2,4.302,6.173,0.334,39.7,42.5,0.2758,0.0,1.071,2.984,316 327 248 310 271 293
isoleucine,4,arginine,3,5,17,3,4.302,6.173,0.334,39.7,42.5,0.0,0.0,2.281,2.984,267 354 252 53 98 305 266 149
isoleucine,4,arginine,3,5,17,4,4.302,6.173,0.334,39.7,42.5,0.0,0.0,1.292,1.944,305 340 286 39 31 285 303 87 137 271
isoleucine,4,arginine,3,5,18,1,4.302,5.026,0.334,62.3,86.0,0.3359,0.0,1.277,1.973,2 280 281 359
isoleucine,4,arginine,3,5,18,2,4.302,5.026,0.334,62.3,86.0,0.0,0.0,2.906,0.584,51 164 310 79 136 304
isoleucine,4,arginine,3,5,18,3,4.302,5.026,0.334,62.3,86.0,0.0,0.0,1.083,2.724,291 76 116 155 67 264 285 326
isoleucine,4,arginine,3,5,18,4,4.302,5.026,0.334,62.3,86.0,0.0,0.0,0.692,0.961,306 9 337 59 62 282 268 39 115 239
isoleucine,4,arginine,3,6,16,1,4.302,3.211,0.334,64.6,171.8,1.7386,0.0,3.512,3.774,0 221 333 360
isoleucine,4,arginine,3,6,16,2,4.302,3.211,0.334,64.6,171.8,0.6839,0.0,2.954,1.146,288 240 0 2 177 0
isoleucine,4,arginine,3,6,16,3,4.302,3.211,0.334,64.6,171.8,0.0,0.0,2.389,3.955,108 210 312 259 279 345 171 72
isoleucine,4,arginine,3,6,16,4,4.302,3.211,0.334,64.6,171.8,0.0,0.0,1.331,3.955,82 290 303 86 60 298 278 313 205 276
isoleucine,4,arginine,3,6,17,1,4.302,5.52,0.334,65.9,51.9,0.5176,0.0,3.543,3.955,23 74 64 27
isoleucine,4,arginine,3,6,17,2,4.302,5.52,0.334,65.9,51.9,0.0,0.0,3.699,3.955,28 138 41 73 25 57
isoleucine,4,arginine,3,6,17,3,4.302,5.52,0.334,65.9,51.9,0.0,0.0,3.702,3.328,2 286 357 71 30 287 252 18
isoleucine,4,arginine,3,6,17,4,4.302,5.52,0.334,65.9,51.9,0.0,0.0,3.327,2.479,327 9 339 33 43 294 271 47 116 248
isoleucine,4,arginine,3,6,18,1,4.302,5.339,0.334,50.5,58.8,1.4995,0.0,2.859,2.054,336 302 268 349
isoleucine,4,arginine,3,6,18,2,4.302,5.339,0.334,50.5,58.8,0.0686,0.0,2.937,0.51,294 313 270 314 270 312
isoleucine,4,arginine,3,6,18,3,4.302,5.339,0.334,50.5,58.8,0.0,0.0,2.047,3.056,62 27 136 16 120 112 26 61
isoleucine,4,arginine,3,6,18,4,4.302,5.339,0.334,50.5,58.8,0.0,0.0,3.071,0.829,349 23 46 292 302 100 100 297 230 98
isoleucine,4,lysine,5,4,13,1,8.87,9.264,0.45,30.9,120.2,4.3953,0.0,2.932,3.512,164 359 186 350
isoleucine,4,lysine,5,4,13,2,8.87,9.264,0.45,30.9,120.2,0.72,0.0,2.932,2.355,164 360 156 42 177 178
isoleucine,4,lysine,5,4,13,3,8.87,9.264,0.45,30.9,120.2,0.0,0.0,2.737,2.647,123 295 265 91 120 224 206 169
isoleucine,4,lysine,5,4,13,4,8.87,9.264,0.45,30.9,120.2,0.0,0.0,1.707,1.265,44 296 268 85 118 261 236 170 186 189
isoleucine,4,lysine,5,4,14,1,8.87,10.844,0.45,39.7,58.2,5.185,0.0,2.932,3.675,151 0 198 308
isoleucine,4,lysine,5,4,14,2,8.87,10.844,0.45,39.7,58.2,1.664,0.0,2.932,3.76,149 1 146 66 193 188
isoleucine,4,lysine,5,4,14,3,8.87,10.844,0.45,39.7,58.2,0.0,0.0,2.932,4.875,134 289 240 113 142 210 208 182
isoleucine,4,lysine,5,4,14,4,8.87,10.844,0.45,39.7,58.2,0.0,0.0,2.195,4.58,99 343 296 44 84 248 228 151 158 183
isoleucine,4,lysine,5,4,15,1,8.87,11.293,0.45,27.2,37.5,6.4936,0.0,2.932,3.316,148 0 179 2
isoleucine,4,lysine,5,4,15,2,8.87,11.293,0.45,27.2,37.5,2.8695,0.0,2.932,2.514,147 0 202 321 182 181
isoleucine,4,lysine,5,4,15,3,8.87,11.293,0.45,27.2,37.5,0.6657,0.0,0.51,2.1,105 0 175 7 185 184 90 150
isoleucine,4,lysine,5,4,15,4,8.87,11.293,0.45,27.2,37.5,0.0016,0.0,0.666,2.64,67 360 158 40 226 226 231 205 68 152
isoleucine,4,lysine,5,5,13,1,8.87,7.039,0.45,123.7,112.7,0.0,0.0,2.919,1.725,123 195 253 195
isoleucine,4,lysine,5,5,13,2,8.87,7.039,0.45,123.7,112.7,0.0,0.0,2.919,2.205,171 179 252 74 99 250
isoleucine,4,lysine,5,5,13,3,8.87,7.039,0.45,123.7,112.7,0.0,0.0,2.919,2.984,205 171 229 116 102 256 216 134
isoleucine,4,lysine,5,5,13,4,8.87,7.039,0.45,123.7,112.7,0.0,0.0,0.635,1.554,315 73 199 140 94 278 232 308 21 210
isoleucine,4,lysine,5,5,14,1,8.87,8.523,0.45,138.1,55.5,1.2371,0.0,2.919,1.547,124 216 177 178
isoleucine,4,lysine,5,5,14,2,8.87,8.523,0.45,138.1,55.5,0.0,0.0,2.919,2.984,167 176 207 110 131 222
isoleucine,4,lysine,5,5,14,3,8.87,8.523,0.45,138.1,55.5,0.0,0.0,2.919,2.984,175 150 196 127 118 297 267 142
isoleucine,4,lysine,5,5,14,4,8.87,8.523,0.45,138.1,55.5,0.0,0.0,2.919,2.984,191 149 179 149 131 240 237 119 138 204
isoleucine,4,lysine,5,5,15,1,8.87,8.939,0.45,128.1,36.3,1.6631,0.0,2.436,0.964,115 236 173 176
isoleucine,4,lysine,5,5,15,2,8.87,8.939,0.45,128.1,36.3,0.1358,0.0,1.54,0.539,16 77 219 199 26 162
isoleucine,4,lysine,5,5,15,3,8.87,8.939,0.45,128.1,36.3,0.0,0.0,2.309,0.545,128 303 146 106 355 114 31 249
isoleucine,4,lysine,5,5,15,4,8.87,8.939,0.45,128.1,36.3,0.0,0.0,2.647,2.09,116 179 185 48 226 244 348 164 10 42
isoleucine,4,lysine,5,6,13,1,8.87,7.538,0.45,101.7,131.5,0.4143,0.0,3.571,0.681,226 66 216 200
isoleucine,4,lysine,5,6,13,2,8.87,7.538,0.45,101.7,131.5,0.0,0.0,3.889,2.274,193 159 99 290 275 137
isoleucine,4,lysine,5,6,13,3,8.87,7.538,0.45,101.7,131.5,0.0,0.0,3.889,2.842,167 174 141 239 243 106 126 207
isoleucine,4,lysine,5,6,13,4,8.87,7.538,0.45,101.7,131.5,0.0,0.0,3.889,3.376,162 179 158 219 228 129 134 249 233 158
isoleucine,4,lysine,5,6,14,1,8.87,9.454,0.45,95.3,53.4,2.1652,0.0,3.051,0.946,290 289 181 180
isoleucine,4,lysine,5,6,14,2,8.87,9.454,0.45,95.3,53.4,0.0,0.0,3.889,2.946,200 66 163 153 82 131
isoleucine,4,lysine,5,6,14,3,8.87,9.454,0.45,95.3,53.4,0.0001,0.0,3.889,3.651,199 183 140 220 208 94 134 213
isoleucine,4,lysine,5,6,14,4,8.87,9.454,0.45,95.3,53.4,0.0,0.0,3.889,3.955,175 178 156 210 218 130 137 240 225 162
isoleucine,4,lysine,5,6,15,1,8.87,9.68,0.45,96.0,43.2,2.392,0.0,2.976,1.003,234 72 181 181
isoleucine,4,lysine,5,6,15,2,8.87,9.68,0.45,96.0,43.2,0.2197,0.0,1.944,0.131,325 275 214 199 287 212
isoleucine,4,lysine,5,6,15,3,8.87,9.68,0.45,96.0,43.2,0.0,0.0,3.722,1.438,261 231 61 157 284 222 316 274
isoleucine,4,lysine,5,6,15,4,8.87,9.68,0.45,96.0,43.2,0.0,0.0,3.706,3.531,216 181 173 213 213 106 109 238 230 165
isoleucine,4,aspartic,21,4,3,1,7.422,9.007,-0.442,46.2,68.8,3.0562,0.0,2.932,5.215,261 360 159 62
isoleucine,4,aspartic,21,4,3,2,7.422,9.007,-0.442,46.2,68.8,0.0,0.0,2.672,4.91,270 334 174 13 250 157
isoleucine,4,aspartic,21,4,3,3,7.422,9.007,-0.442,46.2,68.8,0.0,0.0,2.54,5.215,314 37 73 294 258 122 152 200
isoleucine,4,aspartic,21,4,3,4,7.422,9.007,-0.442,46.2,68.8,0.0,0.0,2.23,5.215,332 13 53 304 275 111 133 224 208 166
isoleucine,4,aspartic,21,4,4,1,7.422,9.802,-0.442,35.9,33.8,4.47,0.0,2.932,5.215,276 360 192 332
isoleucine,4,aspartic,21,4,4,2,7.422,9.802,-0.442,35.9,33.8,0.9277,0.0,2.932,5.215,281 360 207 306 174 177
isoleucine,4,aspartic,21,4,4,3,7.422,9.802,-0.442,35.9,33.8,0.0,0.0,2.932,5.215,298 12 210 264 173 137 69 105
isoleucine,4,aspartic,21,4,4,4,7.422,9.802,-0.442,35.9,33.8,0.0,0.0,1.159,4.727,15 23 104 275 250 139 133 195 235 204
isoleucine,4,aspartic,21,4,5,1,7.422,7.418,-0.442,40.0,135.2,2.205,0.0,2.932,5.215,278 359 192 341
isoleucine,4,aspartic,21,4,5,2,7.422,7.418,-0.442,40.0,135.2,0.0,0.0,2.932,5.215,262 72 103 303 257 133
isoleucine,4,aspartic,21,4,5,3,7.422,7.418,-0.442,40.0,135.2,0.0,0.0,2.198,5.215,327 28 65 308 275 89 121 209
isoleucine,4,aspartic,21,4,5,4,7.422,7.418,-0.442,40.0,135.2,0.0,0.0,2.094,5.215,336 11 49 307 280 104 126 243 223 160
isoleucine,4,aspartic,21,5,3,1,7.422,8.73,-0.442,58.0,59.2,2.0635,0.0,2.059,1.423,94 360 204 261
isoleucine,4,aspartic,21,5,3,2,7.422,8.73,-0.442,58.0,59.2,0.0,0.0,1.78,2.5,130 341 162 155 11 176
isoleucine,4,aspartic,21,5,3,3,7.422,8.73,-0.442,58.0,59.2,0.0,0.0,1.07,0.724,88 321 304 22 50 284 258 123
isoleucine,4,aspartic,21,5,3,4,7.422,8.73,-0.442,58.0,59.2,0.0,0.0,1.76,0.365,60 352 315 48 76 247 228 105 122 201
isoleucine,4,aspartic,21,5,4,1,7.422,9.238,-0.442,61.3,36.1,2.4023,0.0,1.501,0.975,77 360 156 117
isoleucine,4,aspartic,21,5,4,2,7.422,9.238,-0.442,61.3,36.1,0.208,0.0,1.727,1.062,48 4 195 197 31 168
isoleucine,4,aspartic,21,5,4,3,7.422,9.238,-0.442,61.3,36.1,0.0,0.0,1.804,0.859,1 70 204 6 101 223 1 144
isoleucine,4,aspartic,21,5,4,4,7.422,9.238,-0.442,61.3,36.1,0.0,0.0,1.568,0.988,9 10 304 38 53 270 262 144 127 177
isoleucine,4,aspartic,21,5,5,1,7.422,7.141,-0.442,52.3,121.8,1.0182,0.0,2.416,0.979,78 1 161 50
isoleucine,4,aspartic,21,5,5,2,7.422,7.141,-0.442,52.3,121.8,0.0,0.0,1.937,0.791,41 298 262 78 140 229
isoleucine,4,aspartic,21,5,5,3,7.422,7.141,-0.442,52.3,121.8,0.0,0.0,2.698,0.713,44 303 199 27 269 341 139 68
isoleucine,4,aspartic,21,5,5,4,7.422,7.141,-0.442,52.3,121.8,0.0,0.0,1.054,1.798,346 350 321 45 73 280 244 123 158 204
isoleucine,4,aspartic,21,6,3,1,7.422,6.687,-0.442,147.9,67.0,0.3717,0.0,3.314,3.955,24 169 254 279
isoleucine,4,aspartic,21,6,3,2,7.422,6.687,-0.442,147.9,67.0,0.0,0.0,2.132,2.853,240 202 148 350 122 64
isoleucine,4,aspartic,21,6,3,3,7.422,6.687,-0.442,147.9,67.0,0.0,0.0,2.015,3.955,192 194 162 227 278 104 132 238
isoleucine,4,aspartic,21,6,3,4,7.422,6.687,-0.442,147.9,67.0,0.0,0.0,3.63,3.542,329 59 202 8 232 25 162 33 191 19
isoleucine,4,aspartic,21,6,4,1,7.422,7.559,-0.442,129.2,28.0,0.8459,0.0,2.519,3.507,6 289 84 164
isoleucine,4,aspartic,21,6,4,2,7.422,7.559,-0.442,129.2,28.0,0.2247,0.0,3.105,3.955,20 359 62 137 359 242
isoleucine,4,aspartic,21,6,4,3,7.422,7.559,-0.442,129.2,28.0,0.0,0.0,2.272,0.52,269 98 154 289 340 87 90 270
isoleucine,4,aspartic,21,6,4,4,7.422,7.559,-0.442,129.2,28.0,0.0,0.0,3.716,3.955,59 318 20 154 134 30 88 106 4 102
isoleucine,4,aspartic,21,6,5,1,7.422,5.26,-0.442,128.2,124.2,0.0,0.0,1.781,1.414,324 282 40 295
isoleucine,4,aspartic,21,6,5,2,7.422,5.26,-0.442,128.2,124.2,0.0,0.0,1.604,0.544,280 299 332 348 269 302
isoleucine,4,aspartic,21,6,5,3,7.422,5.26,-0.442,128.2,124.2,0.0,0.0,3.441,3.955,41 357 338 233 344 40 183 346
isoleucine,4,aspartic,21,6,5,4,7.422,5.26,-0.442,128.2,124.2,0.0,0.0,3.223,3.639,14 50 120 53 6 72 96 313 241 127
isoleucine,4,glutamic,9,4,5,1,6.799,7.873,0.124,38.1,81.1,2.6261,0.0,0.851,3.59,71 1 171 14
isoleucine,4,glutamic,9,4,5,2,6.799,7.873,0.124,38.1,81.1,0.0,0.0,1.18,2.049,39 335 210 49 177 225
isoleucine,4,glutamic,9,4,5,3,6.799,7.873,0.124,38.1,81.1,0.0,0.0,1.699,1.233,341 9 218 35 179 233 260 266
isoleucine,4,glutamic,9,4,5,4,6.799,7.873,0.124,38.1,81.1,0.0,0.0,1.664,1.216,359 348 308 40 70 275 249 127 150 200
isoleucine,4,glutamic,9,4,6,1,6.799,6.832,0.124,43.2,123.6,1.4772,0.0,2.141,3.348,99 358 192 343
isoleucine,4,glutamic,9,4,6,2,6.799,6.832,0.124,43.2,123.6,0.0,0.0,2.392,3.391,102 277 289 41 104 258
isoleucine,4,glutamic,9,4,6,3,6.799,6.832,0.124,43.2,123.6,0.0,0.0,1.341,3.428,45 319 310 61 88 272 217 127
isoleucine,4,glutamic,9,4,6,4,6.799,6.832,0.124,43.2,123.6,0.0,0.0,2.296,0.533,14 98 52 97 93 266 292 109 124 204
isoleucine,4,glutamic,9,4,7,1,6.799,9.193,0.124,45.3,21.0,3.2802,0.0,1.65,3.837,91 0 201 299
isoleucine,4,glutamic,9,4,7,2,6.799,9.193,0.124,45.3,21.0,0.6401,0.0,2.581,4.177,102 359 174 114 26 178
isoleucine,4,glutamic,9,4,7,3,6.799,9.193,0.124,45.3,21.0,0.0,0.0,2.932,3.991,112 28 171 46 42 198 5 167
isoleucine,4,glutamic,9,4,7,4,6.799,9.193,0.124,45.3,21.0,0.0,0.0,1.871,4.597,88 346 282 47 74 237 239 119 114 197
isoleucine,4,glutamic,9,5,5,1,6.799,5.854,0.124,119.2,75.3,0.0,0.0,2.657,0.62,60 313 79 58
isoleucine,4,glutamic,9,5,5,2,6.799,5.854,0.124,119.2,75.3,0.0,0.0,0.536,1.252,320 352 292 225 19 307
isoleucine,4,glutamic,9,5,5,3,6.799,5.854,0.124,119.2,75.3,0.0,0.0,2.919,0.56,130 266 172 251 280 58 109 243
isoleucine,4,glutamic,9,5,5,4,6.799,5.854,0.124,119.2,75.3,0.0,0.0,1.624,0.545,344 72 58 21 7 258 268 60 151 288
isoleucine,4,glutamic,9,5,6,1,6.799,4.526,0.124,142.3,131.8,0.1664,0.0,2.307,0.54,23 26 351 358
isoleucine,4,glutamic,9,5,6,2,6.799,4.526,0.124,142.3,131.8,0.0,0.0,2.467,2.984,271 267 67 328 189 15
isoleucine,4,glutamic,9,5,6,3,6.799,4.526,0.124,142.3,131.8,0.0,0.0,1.925,2.984,256 74 286 208 7 324 148 20
isoleucine,4,glutamic,9,5,6,4,6.799,4.526,0.124,142.3,131.8,0.0,0.0,1.076,0.365,1 304 293 74 187 146 20 338 244 321
isoleucine,4,glutamic,9,5,7,1,6.799,6.972,0.124,139.1,27.7,0.8921,0.0,2.919,1.079,42 147 289 256
isoleucine,4,glutamic,9,5,7,2,6.799,6.972,0.124,139.1,27.7,0.1511,0.0,2.919,1.523,78 143 280 224 343 254
isoleucine,4,glutamic,9,5,7,3,6.799,6.972,0.124,139.1,27.7,0.0,0.0,2.919,2.842,145 174 200 124 94 263 217 134
isoleucine,4,glutamic,9,5,7,4,6.799,6.972,0.124,139.1,27.7,0.0,0.0,2.469,2.984,243 62 335 9 72 323 298 60 57 219
isoleucine,4,glutamic,9,6,5,1,6.799,7.556,0.124,52.5,89.8,1.3074,0.0,3.194,0.812,290 360 201 296
isoleucine,4,glutamic,9,6,5,2,6.799,7.556,0.124,52.5,89.8,0.0,0.0,3.267,1.111,315 53 75 320 271 129
isoleucine,4,glutamic,9,6,5,3,6.799,7.556,0.124,52.5,89.8,0.0,0.0,3.352,0.973,355 14 64 310 270 92 117 196
isoleucine,4,glutamic,9,6,5,4,6.799,7.556,0.124,52.5,89.8,0.0,0.0,3.443,1.647,341 2 40 315 289 100 123 250 227 157
isoleucine,4,glutamic,9,6,6,1,6.799,6.584,0.124,53.8,132.6,0.6127,0.0,3.124,0.777,271 2 152 52
isoleucine,4,glutamic,9,6,6,2,6.799,6.584,0.124,53.8,132.6,0.0,0.0,3.364,0.825,307 59 62 316 250 108
isoleucine,4,glutamic,9,6,6,3,6.799,6.584,0.124,53.8,132.6,0.0,0.0,3.396,0.731,347 17 63 303 266 88 113 201
isoleucine,4,glutamic,9,6,6,4,6.799,6.584,0.124,53.8,132.6,0.0,0.0,0.838,1.925,34 209 290 305 269 49 110 247 188 130
isoleucine,4,glutamic,9,6,7,1,6.799,8.994,0.124,54.1,29.8,2.5654,0.0,3.662,0.77,274 359 155 91
isoleucine,4,glutamic,9,6,7,2,6.799,8.994,0.124,54.1,29.8,0.2378,0.0,3.889,1.157,244 28 186 184 343 188
isoleucine,4,glutamic,9,6,7,3,6.799,8.994,0.124,54.1,29.8,0.0,0.0,3.889,0.486,304 347 102 324 304 98 57 142
isoleucine,4,glutamic,9,6,7,4,6.799,8.994,0.124,54.1,29.8,0.0,0.0,3.579,0.346,326 8 48 305 280 117 136 239 223 162
isoleucine,4,leucine,13,4,1,1,13.606,13.207,-0.561,73.6,109.9,5.9524,0.0,1.126,3.219,33 359 180 180
isoleucine,4,leucine,13,4,1,2,13.606,13.207,-0.561,73.6,109.9,2.4667,0.0,1.11,1.669,24 10 210 205 198 193
isoleucine,4,leucine,13,4,1,3,13.606,13.207,-0.561,73.6,109.9,0.0,0.0,1.422,1.54,354 22 223 327 46 194 177 223
isoleucine,4,leucine,13,4,1,4,13.606,13.207,-0.561,73.6,109.9,0.0,0.0,1.414,0.245,37 316 282 38 63 226 198 121 137 194
isoleucine,4,leucine,13,4,2,1,13.606,15.097,-0.561,79.7,30.6,7.8523,0.0,1.304,3.633,48 327 178 179
isoleucine,4,leucine,13,4,2,2,13.606,15.097,-0.561,79.7,30.6,4.176,0.0,1.155,1.804,17 21 186 184 185 185
isoleucine,4,leucine,13,4,2,3,13.606,15.097,-0.561,79.7,30.6,0.832,0.0,1.134,1.711,10 20 184 182 183 182 223 203
isoleucine,4,leucine,13,4,2,4,13.606,15.097,-0.561,79.7,30.6,0.0,0.0,1.636,3.626,23 276 255 157 220 196 205 230 2 163
isoleucine,4,leucine,13,4,13,1,13.606,14.295,-0.561,79.9,68.3,7.0447,0.0,1.34,3.734,19 34 183 182
isoleucine,4,leucine,13,4,13,2,13.606,14.295,-0.561,79.9,68.3,3.3482,0.0,1.339,2.377,50 340 173 176 174 175
isoleucine,4,leucine,13,4,13,3,13.606,14.295,-0.561,79.9,68.3,0.0217,0.0,1.397,2.41,58 341 180 180 180 180 127 155
isoleucine,4,leucine,13,4,13,4,13.606,14.295,-0.561,79.9,68.3,0.0,0.0,1.503,0.776,31 316 281 35 55 215 186 122 137 192
isoleucine,4,leucine,13,5,1,1,13.606,12.894,-0.561,85.3,117.0,5.648,0.0,0.85,2.291,311 48 183 182
isoleucine,4,leucine,13,5,1,2,13.606,12.894,-0.561,85.3,117.0,1.9536,0.0,1.039,1.439,358 319 174 177 174 175
isoleucine,4,leucine,13,5,1,3,13.606,12.894,-0.561,85.3,117.0,0.0,0.0,2.097,1.172,357 228 296 141 290 231 119 96
isoleucine,4,leucine,13,5,1,4,13.606,12.894,-0.561,85.3,117.0,0.0,0.0,1.395,1.536,313 73 102 318 292 134 162 263 246 162
isoleucine,4,leucine,13,5,2,1,13.606,15.021,-0.561,82.5,25.5,7.7712,0.0,0.705,2.695,310 41 180 180
isoleucine,4,leucine,13,5,2,2,13.606,15.021,-0.561,82.5,25.5,4.1468,0.0,0.885,1.459,351 327 169 174 170 172
isoleucine,4,leucine,13,5,2,3,13.606,15.021,-0.561,82.5,25.5,0.9147,0.0,1.05,0.826,346 350 154 161 167 170 122 150
isoleucine,4,leucine,13,5,2,4,13.606,15.021,-0.561,82.5,25.5,0.0234,0.0,1.423,1.279,349 2 143 129 189 186 119 145 3 177
isoleucine,4,leucine,13,5,13,1,13.606,14.002,-0.561,90.8,73.9,6.7781,0.0,1.043,2.014,0 300 174 177
isoleucine,4,leucine,13,5,13,2,13.606,14.002,-0.561,90.8,73.9,3.0356,0.0,0.816,2.022,304 56 177 178 177 177
isoleucine,4,leucine,13,5,13,3,13.606,14.002,-0.561,90.8,73.9,0.0,0.0,0.733,2.337,296 27 244 212 155 204 110 131
isoleucine,4,leucine,13,5,13,4,13.606,14.002,-0.561,90.8,73.9,0.0,0.0,1.383,1.875,350 20 53 323 310 135 172 231 218 172
isoleucine,4,leucine,13,6,1,1,13.606,14.096,-0.561,34.2,119.5,8.6398,0.0,3.279,3.148,348 360 163 46
isoleucine,4,leucine,13,6,1,2,13.606,14.096,-0.561,34.2,119.5,5.142,0.0,3.387,1.567,349 360 212 294 175 177
isoleucine,4,leucine,13,6,1,3,13.606,14.096,-0.561,34.2,119.5,1.4332,0.0,3.172,0.657,349 360 151 63 178 179 178 178
isoleucine,4,leucine,13,6,1,4,13.606,14.096,-0.561,34.2,119.5,0.0,0.0,2.937,0.497,333 28 132 321 236 160 182 224 241 203
isoleucine,4,leucine,13,6,2,1,13.606,16.16,-0.561,32.9,33.5,10.7149,0.0,3.252,3.459,356 0 197 312
isoleucine,4,leucine,13,6,2,2,13.606,16.16,-0.561,32.9,33.5,7.2209,0.0,3.341,1.538,356 0 147 67 184 182
isoleucine,4,leucine,13,6,2,3,13.606,16.16,-0.561,32.9,33.5,3.4968,0.0,3.183,0.914,356 0 209 295 183 182 183 183
isoleucine,4,leucine,13,6,2,4,13.606,16.16,-0.561,32.9,33.5,0.405,0.0,1.879,2.231,3 360 147 84 174 177 176 176 116 153
isoleucine,4,leucine,13,6,13,1,13.606,15.462,-0.561,26.2,66.1,10.4828,0.0,3.057,2.864,344 0 173 17
isoleucine,4,leucine,13,6,13,2,13.606,15.462,-0.561,26.2,66.1,6.9352,0.0,3.389,1.127,345 360 208 308 180 180
isoleucine,4,leucine,13,6,13,3,13.606,15.462,-0.561,26.2,66.1,3.259,0.0,2.634,0.902,344 1 158 44 189 185 188 187
isoleucine,4,leucine,13,6,13,4,13.606,15.462,-0.561,26.2,66.1,0.1116,0.0,2.297,0.803,326 0 165 29 183 181 182 182 239 207
isoleucine,4,serine,31,4,3,1,3.817,4.06,-0.514,69.1,101.1,0.8769,0.0,2.932,5.215,214 129 36 360
isoleucine,4,serine,31,4,3,2,3.817,4.06,-0.514,69.1,101.1,0.0,0.0,2.932,5.215,285 87 34 18 145 355
isoleucine,4,serine,31,4,3,3,3.817,4.06,-0.514,69.1,101.1,0.0,0.0,2.932,5.215,278 23 94 162 21 237 309 326
isoleucine,4,serine,31,4,3,4,3.817,4.06,-0.514,69.1,101.1,0.0,0.0,1.839,5.215,337 32 52 245 271 137 113 257 195 120
isoleucine,4,serine,31,4,4,1,3.817,5.943,-0.514,51.1,25.2,1.3202,0.0,2.932,5.048,226 50 107 15
isoleucine,4,serine,31,4,4,2,3.817,5.943,-0.514,51.1,25.2,0.1575,0.0,2.932,4.878,250 55 79 128 29 58
isoleucine,4,serine,31,4,4,3,3.817,5.943,-0.514,51.1,25.2,0.0,0.0,2.487,4.799,316 39 84 277 247 98 112 196
isoleucine,4,serine,31,4,4,4,3.817,5.943,-0.514,51.1,25.2,0.0,0.0,2.313,4.886,333 5 52 296 263 105 122 235 226 168
isoleucine,4,serine,31,4,5,1,3.817,3.956,-0.514,33.5,105.4,2.8148,0.0,2.932,5.215,226 67 93 2
isoleucine,4,serine,31,4,5,2,3.817,3.956,-0.514,33.5,105.4,0.2818,0.0,2.932,4.684,268 130 27 11 153 13
isoleucine,4,serine,31,4,5,3,3.817,3.956,-0.514,33.5,105.4,0.0,0.0,2.353,4.114,323 76 68 271 266 63 128 246
isoleucine,4,serine,31,4,5,4,3.817,3.956,-0.514,33.5,105.4,0.0,0.0,1.307,4.1,0 16 52 298 270 87 114 256 227 154
isoleucine,4,serine,31,5,3,1,3.817,4.147,-0.514,66.0,70.0,1.3001,0.0,2.919,2.984,160 107 37 8
isoleucine,4,serine,31,5,3,2,3.817,4.147,-0.514,66.0,70.0,0.0,0.0,2.919,2.984,215 80 41 315 233 352
isoleucine,4,serine,31,5,3,3,3.817,4.147,-0.514,66.0,70.0,0.0,0.0,2.919,2.726,150 192 65 66 18 1 204 352
isoleucine,4,serine,31,5,3,4,3.817,4.147,-0.514,66.0,70.0,0.0,0.0,1.332,2.984,276 80 21 37 82 327 289 57 99 220
isoleucine,4,serine,31,5,4,1,3.817,5.335,-0.514,73.7,17.2,1.2023,0.0,2.919,0.645,102 263 329 326
isoleucine,4,serine,31,5,4,2,3.817,5.335,-0.514,73.7,17.2,0.2585,0.0,2.919,0.745,76 304 307 209 349 319
isoleucine,4,serine,31,5,4,3,3.817,5.335,-0.514,73.7,17.2,0.0,0.0,2.746,0.801,47 286 324 113 40 283 307 103
isoleucine,4,serine,31,5,4,4,3.817,5.335,-0.514,73.7,17.2,0.0,0.0,2.919,0.757,65 2 349 40 40 271 272 87 122 236
isoleucine,4,serine,31,5,5,1,3.817,3.108,-0.514,64.4,109.7,2.0205,0.0,2.919,0.494,97 226 342 356
isoleucine,4,serine,31,5,5,2,3.817,3.108,-0.514,64.4,109.7,0.7859,0.0,2.741,0.276,37 239 0 10 167 0
isoleucine,4,serine,31,5,5,3,3.817,3.108,-0.514,64.4,109.7,0.0,0.0,1.121,0.065,2 309 327 84 88 304 217 90
isoleucine,4,serine,31,5,5,4,3.817,3.108,-0.514,64.4,109.7,0.0,0.0,1.203,0.772,340 9 328 49 74 292 266 84 120 214
isoleucine,4,serine,31,6,3,1,3.817,2.582,-0.514,132.9,71.1,2.3635,0.0,3.889,3.955,144 316 1 0
isoleucine,4,serine,31,6,3,2,3.817,2.582,-0.514,132.9,71.1,1.3678,0.0,3.889,3.955,83 314 358 320 233 359
isoleucine,4,serine,31,6,3,3,3.817,2.582,-0.514,132.9,71.1,0.0,0.0,3.889,3.955,48 280 54 139 18 5 205 258
isoleucine,4,serine,31,6,3,4,3.817,2.582,-0.514,132.9,71.1,0.0,0.0,3.889,3.955,122 138 75 221 309 112 68 26 175 310
isoleucine,4,serine,31,6,4,1,3.817,3.696,-0.514,154.9,32.4,2.0886,0.0,3.889,0.899,270 63 330 351
isoleucine,4,serine,31,6,4,2,3.817,3.696,-0.514,154.9,32.4,0.4777,0.0,3.529,3.621,340 34 355 304 251 358
isoleucine,4,serine,31,6,4,3,3.817,3.696,-0.514,154.9,32.4,0.0,0.0,3.889,3.955,140 284 52 216 348 45 88 315
isoleucine,4,serine,31,6,4,4,3.817,3.696,-0.514,154.9,32.4,0.0,0.0,3.889,3.474,326 162 155 241 323 92 76 328 244 70
isoleucine,4,serine,31,6,5,1,3.817,1.571,-0.514,129.9,110.0,3.2895,0.0,3.889,1.581,307 47 0 0
isoleucine,4,serine,31,6,5,2,3.817,1.571,-0.514,129.9,110.0,2.3657,0.0,3.72,2.745,7 48 1 34 134 1
isoleucine,4,serine,31,6,5,3,3.817,1.571,-0.514,129.9,110.0,0.0,0.0,3.758,2.747,31 38 21 244 290 51 134 329
isoleucine,4,serine,31,6,5,4,3.817,1.571,-0.514,129.9,110.0,0.0,0.0,3.646,3.46,62 350 3 285 318 87 71 283 215 87
isoleucine,4,tryptophan,5,4,16,1,10.938,11.344,0.192,27.8,126.5,6.4675,0.0,2.932,3.443,160 0 177 5
isoleucine,4,tryptophan,5,4,16,2,10.938,11.344,0.192,27.8,126.5,2.9483,0.0,2.932,2.45,163 359 202 321 171 175
isoleucine,4,tryptophan,5,4,16,3,10.938,11.344,0.192,27.8,126.5,0.0,0.0,2.932,2.415,168 310 214 76 150 207 192 182
isoleucine,4,tryptophan,5,4,16,4,10.938,11.344,0.192,27.8,126.5,0.0,0.0,1.787,2.797,77 302 227 77 170 246 209 167 169 182
isoleucine,4,tryptophan,5,4,17,1,10.938,13.051,0.192,19.4,58.3,8.7218,0.0,2.932,3.441,160 0 179 2
isoleucine,4,tryptophan,5,4,17,2,10.938,13.051,0.192,19.4,58.3,5.0654,0.0,2.932,2.042,161 360 193 339 178 179
isoleucine,4,tryptophan,5,4,17,3,10.938,13.051,0.192,19.4,58.3,1.3784,0.0,2.154,1.726,162 360 181 359 197 198 177 178
isoleucine,4,tryptophan,5,4,17,4,10.938,13.051,0.192,19.4,58.3,0.0,0.0,1.949,3.576,93 340 184 64 191 226 193 161 155 175
isoleucine,4,tryptophan,5,4,18,1,10.938,13.436,0.192,28.8,40.6,8.3426,0.0,2.932,3.673,173 360 182 354
isoleucine,4,tryptophan,5,4,18,2,10.938,13.436,0.192,28.8,40.6,4.8839,0.0,2.932,2.459,171 1 152 50 190 187
isoleucine,4,tryptophan,5,4,18,3,10.938,13.436,0.192,28.8,40.6,1.1339,0.0,2.14,2.356,171 1 157 44 199 190 192 191
isoleucine,4,tryptophan,5,4,18,4,10.938,13.436,0.192,28.8,40.6,0.0,0.0,2.684,4.27,187 280 236 111 142 192 187 145 138 176
isoleucine,4,tryptophan,5,5,16,1,10.938,9.084,0.192,123.7,130.9,1.8748,0.0,2.919,0.708,46 116 191 186
isoleucine,4,tryptophan,5,5,16,2,10.938,9.084,0.192,123.7,130.9,0.0,0.0,2.919,1.219,102 1 346 174 100 95
isoleucine,4,tryptophan,5,5,16,3,10.938,9.084,0.192,123.7,130.9,0.0,0.0,2.919,2.984,185 184 214 124 111 233 212 151
isoleucine,4,tryptophan,5,5,16,4,10.938,9.084,0.192,123.7,130.9,0.0,0.0,2.919,2.984,200 179 199 137 130 220 213 112 126 198
isoleucine,4,tryptophan,5,5,17,1,10.938,10.834,0.192,117.5,59.9,3.556,0.0,2.919,0.787,113 251 180 180
isoleucine,4,tryptophan,5,5,17,2,10.938,10.834,0.192,117.5,59.9,0.3644,0.0,2.052,0.484,103 283 122 143 244 233
isoleucine,4,tryptophan,5,5,17,3,10.938,10.834,0.192,117.5,59.9,0.0,0.0,2.919,2.046,112 176 200 84 229 230 353 226
isoleucine,4,tryptophan,5,5,17,4,10.938,10.834,0.192,117.5,59.9,0.0,0.0,2.919,2.551,132 176 169 115 148 281 274 125 115 181
isoleucine,4,tryptophan,5,5,18,1,10.938,11.296,0.192,119.2,39.0,4.0304,0.0,2.919,0.767,49 112 181 181
isoleucine,4,tryptophan,5,5,18,2,10.938,11.296,0.192,119.2,39.0,0.7765,0.0,2.919,0.915,56 134 143 140 244 214
isoleucine,4,tryptophan,5,5,18,3,10.938,11.296,0.192,119.2,39.0,0.0,0.0,2.919,2.712,150 193 186 158 143 224 255 185
isoleucine,4,tryptophan,5,5,18,4,10.938,11.296,0.192,119.2,39.0,0.0,0.0,2.919,2.984,185 179 195 143 139 218 209 132 145 193
isoleucine,4,tryptophan,5,6,16,1,10.938,9.567,0.192,102.7,117.4,2.3042,0.0,3.392,0.564,305 276 183 182
isoleucine,4,tryptophan,5,6,16,2,10.938,9.567,0.192,102.7,117.4,0.0,0.0,3.273,1.937,209 74 248 250 223 243
isoleucine,4,tryptophan,5,6,16,3,10.938,9.567,0.192,102.7,117.4,0.0,0.0,2.935,3.636,188 168 148 227 226 122 140 203
isoleucine,4,tryptophan,5,6,16,4,10.938,9.567,0.192,102.7,117.4,0.0,0.0,3.853,3.955,162 162 141 231 235 143 156 245 228 162
isoleucine,4,tryptophan,5,6,17,1,10.938,11.161,0.192,103.7,55.1,3.8908,0.0,3.441,0.834,242 86 178 179
isoleucine,4,tryptophan,5,6,17,2,10.938,11.161,0.192,103.7,55.1,0.4675,0.0,1.78,0.628,248 62 209 204 129 148
isoleucine,4,tryptophan,5,6,17,3,10.938,11.161,0.192,103.7,55.1,0.0,0.0,1.93,0.505,264 109 101 42 295 90 150 202
isoleucine,4,tryptophan,5,6,17,4,10.938,11.161,0.192,103.7,55.1,0.0,0.0,1.823,1.94,278 174 172 203 195 69 91 256 242 168
isoleucine,4,tryptophan,5,6,18,1,10.938,11.478,0.192,111.3,40.4,4.2192,0.0,3.149,0.362,307 262 177 178
isoleucine,4,tryptophan,5,6,18,2,10.938,11.478,0.192,111.3,40.4,0.7589,0.0,2.113,0.725,301 245 197 193 138 152
isoleucine,4,tryptophan,5,6,18,3,10.938,11.478,0.192,111.3,40.4,0.0,0.0,1.799,3.357,213 165 167 202 208 129 113 176
isoleucine,4,tryptophan,5,6,18,4,10.938,11.478,0.192,111.3,40.4,0.0,0.0,2.331,3.955,175 176 161 219 222 142 150 224 210 166
isoleucine,4,lysine,8,4,13,1,6.963,8.342,0.277,65.1,58.0,1.3472,0.0,2.932,5.215,211 359 159 126
isoleucine,4,lysine,8,4,13,2,6.963,8.342,0.277,65.1,58.0,0.0,0.0,2.932,5.215,186 119 109 223 277 215
isoleucine,4,lysine,8,4,13,3,6.963,8.342,0.277,65.1,58.0,0.0,0.0,2.932,5.215,209 94 17 213 360 113 136 347
isoleucine,4,lysine,8,4,13,4,6.963,8.342,0.277,65.1,58.0,0.0,0.0,2.932,5.215,281 70 67 218 225 141 141 281 272 160
isoleucine,4,lysine,8,4,14,1,6.963,6.73,0.277,65.3,121.6,0.0057,0.0,2.932,5.095,212 0 225 267
isoleucine,4,lysine,8,4,14,2,6.963,6.73,0.277,65.3,121.6,0.0,0.0,2.932,5.215,226 212 318 172 57 246
isoleucine,4,lysine,8,4,14,3,6.963,6.73,0.277,65.3,121.6,0.0,0.0,2.932,5.215,287 85 93 240 239 85 98 206
isoleucine,4,lysine,8,4,14,4,6.963,6.73,0.277,65.3,121.6,0.0,0.0,2.932,5.215,290 358 37 294 274 114 121 263 251 158
isoleucine,4,lysine,8,4,15,1,6.963,7.007,0.277,49.5,109.0,1.041,0.0,2.932,4.111,209 1 166 34
isoleucine,4,lysine,8,4,15,2,6.963,7.007,0.277,49.5,109.0,0.0,0.0,2.932,3.224,205 275 231 69 196 316
isoleucine,4,lysine,8,4,15,3,6.963,7.007,0.277,49.5,109.0,0.0,0.0,2.932,3.161,229 72 17 335 248 39 220 304
isoleucine,4,lysine,8,4,15,4,6.963,7.007,0.277,49.5,109.0,0.0,0.0,1.667,2.555,343 48 77 279 250 100 129 218 194 162
isoleucine,4,lysine,8,5,13,1,6.963,7.781,0.277,85.9,57.7,0.4981,0.0,2.919,2.984,163 309 179 180
isoleucine,4,lysine,8,5,13,2,6.963,7.781,0.277,85.9,57.7,0.0,0.0,2.919,2.984,187 193 257 112 129 225
isoleucine,4,lysine,8,5,13,3,6.963,7.781,0.277,85.9,57.7,0.0,0.0,2.919,2.984,185 162 246 144 109 290 263 126
isoleucine,4,lysine,8,5,13,4,6.963,7.781,0.277,85.9,57.7,0.0,0.0,2.868,2.984,170 167 216 172 139 249 251 96 130 218
isoleucine,4,lysine,8,5,14,1,6.963,6.644,0.277,68.5,100.4,0.0642,0.0,2.919,2.984,155 355 124 86
isoleucine,4,lysine,8,5,14,2,6.963,6.644,0.277,68.5,100.4,0.0,0.0,2.919,2.984,176 52 88 235 268 100
isoleucine,4,lysine,8,5,14,3,6.963,6.644,0.277,68.5,100.4,0.0,0.0,2.919,1.419,131 245 29 6 96 0 122 38
isoleucine,4,lysine,8,5,14,4,6.963,6.644,0.277,68.5,100.4,0.0,0.0,2.572,0.935,40 304 1 50 143 320 162 29 59 150
isoleucine,4,lysine,8,5,15,1,6.963,6.02,0.277,86.6,128.9,0.0,0.0,2.919,2.984,171 312 142 20
isoleucine,4,lysine,8,5,15,2,6.963,6.02,0.277,86.6,128.9,0.0,0.0,2.919,2.984,178 155 299 100 113 263
isoleucine,4,lysine,8,5,15,3,6.963,6.02,0.277,86.6,128.9,0.0,0.0,2.919,2.65,194 162 248 136 94 286 252 120
isoleucine,4,lysine,8,5,15,4,6.963,6.02,0.277,86.6,128.9,0.0,0.0,2.562,2.624,163 164 210 159 124 268 266 73 110 222
isoleucine,4,lysine,8,6,13,1,6.963,6.505,0.277,146.2,45.7,0.4594,0.0,3.889,3.42,221 266 61 97
isoleucine,4,lysine,8,6,13,2,6.963,6.505,0.277,146.2,45.7,0.0,0.0,3.889,3.955,163 271 40 196 339 105
isoleucine,4,lysine,8,6,13,3,6.963,6.505,0.277,146.2,45.7,0.0,0.0,3.889,3.955,119 231 69 186 322 145 111 332
isoleucine,4,lysine,8,6,13,4,6.963,6.505,0.277,146.2,45.7,0.0,0.0,3.672,3.955,162 246 178 194 230 94 89 299 253 126
isoleucine,4,lysine,8,6,14,1,6.963,4.775,0.277,162.0,112.6,0.6927,0.0,3.889,3.955,188 255 85 360
isoleucine,4,lysine,8,6,14,2,6.963,4.775,0.277,162.0,112.6,0.0,0.0,3.889,3.629,204 5 27 53 62 12
isoleucine,4,lysine,8,6,14,3,6.963,4.775,0.277,162.0,112.6,0.0,0.0,3.889,2.708,327 218 110 258 344 268 276 329
isoleucine,4,lysine,8,6,14,4,6.963,4.775,0.277,162.0,112.6,0.0,0.0,3.889,3.955,115 201 194 125 41 56 89 45 71 67
isoleucine,4,lysine,8,6,15,1,6.963,4.836,0.277,142.7,109.9,0.0,0.0,3.889,3.127,222 287 40 349
isoleucine,4,lysine,8,6,15,2,6.963,4.836,0.277,142.7,109.9,0.0,0.0,3.889,3.23,184 281 9 293 308 341
isoleucine,4,lysine,8,6,15,3,6.963,4.836,0.277,142.7,109.9,0.0,0.0,2.681,1.639,351 296 74 256 349 8 91 10
isoleucine,4,lysine,8,6,15,4,6.963,4.836,0.277,142.7,109.9,0.0,0.0,2.539,2.184,81 237 157 271 299 50 80 294 225 120
isoleucine,4,aspartic,8,4,3,1,6.111,7.404,0.154,71.6,39.4,0.7998,0.0,2.583,4.537,107 351 252 248
isoleucine,4,aspartic,8,4,3,2,6.111,7.404,0.154,71.6,39.4,0.0,0.0,1.535,4.672,76 347 264 234 341 237
isoleucine,4,aspartic,8,4,3,3,6.111,7.404,0.154,71.6,39.4,0.0,0.0,2.932,5.215,115 213 272 178 108 264 246 85
isoleucine,4,aspartic,8,4,3,4,6.111,7.404,0.154,71.6,39.4,0.0,0.0,2.853,3.18,85 237 255 150 124 254 255 111 140 213
isoleucine,4,aspartic,8,4,4,1,6.111,7.116,0.154,85.0,52.3,0.3478,0.0,2.932,5.215,133 86 76 170
isoleucine,4,aspartic,8,4,4,2,6.111,7.116,0.154,85.0,52.3,0.0,0.0,2.448,5.215,203 201 277 70 94 225
isoleucine,4,aspartic,8,4,4,3,6.111,7.116,0.154,85.0,52.3,0.0,0.0,2.932,5.215,158 140 277 185 95 295 244 54
isoleucine,4,aspartic,8,4,4,4,6.111,7.116,0.154,85.0,52.3,0.0,0.0,2.932,5.215,130 198 249 197 121 267 288 32 107 267
isoleucine,4,aspartic,8,4,5,1,6.111,5.238,0.154,82.5,128.0,0.0,0.0,2.923,5.215,151 57 70 319
isoleucine,4,aspartic,8,4,5,2,6.111,5.238,0.154,82.5,128.0,0.0,0.0,2.932,5.215,184 129 305 69 164 323
isoleucine,4,aspartic,8,4,5,3,6.111,5.238,0.154,82.5,128.0,0.0,0.0,1.733,4.328,59 296 271 145 90 260 260 89
isoleucine,4,aspartic,8,4,5,4,6.111,5.238,0.154,82.5,128.0,0.0,0.0,2.622,2.826,64 234 276 153 112 284 273 30 94 237
isoleucine,4,aspartic,8,5,3,1,6.111,5.582,0.154,165.3,48.6,1.1503,0.0,2.521,2.984,255 124 267 346
isoleucine,4,aspartic,8,5,3,2,6.111,5.582,0.154,165.3,48.6,0.0,0.0,2.493,1.069,12 140 236 297 258 15
isoleucine,4,aspartic,8,5,3,3,6.111,5.582,0.154,165.3,48.6,0.0,0.0,2.599,0.763,91 247 126 169 300 95 145 290
isoleucine,4,aspartic,8,5,3,4,6.111,5.582,0.154,165.3,48.6,0.0,0.0,1.858,2.174,336 156 161 247 301 135 96 277 242 108
isoleucine,4,aspartic,8,5,4,1,6.111,5.88,0.154,141.9,35.2,0.6672,0.0,2.543,2.984,218 313 28 70
isoleucine,4,aspartic,8,5,4,2,6.111,5.88,0.154,141.9,35.2,0.0,0.0,2.458,2.984,173 10 299 201 28 21
isoleucine,4,aspartic,8,5,4,3,6.111,5.88,0.154,141.9,35.2,0.0,0.0,1.212,2.096,112 159 101 260 323 82 120 307
isoleucine,4,aspartic,8,5,4,4,6.111,5.88,0.154,141.9,35.2,0.0,0.0,1.775,1.306,99 201 187 217 240 138 57 267 289 113
isoleucine,4,aspartic,8,5,5,1,6.111,3.961,0.154,142.8,110.2,0.7093,0.0,2.919,2.984,235 2 360 360
isoleucine,4,aspartic,8,5,5,2,6.111,3.961,0.154,142.8,110.2,0.0,0.0,1.892,1.94,339 53 338 6 182 359
isoleucine,4,aspartic,8,5,5,3,6.111,3.961,0.154,142.8,110.2,0.0,0.0,0.992,2.146,355 291 86 250 333 23 105 333
isoleucine,4,aspartic,8,5,5,4,6.111,3.961,0.154,142.8,110.2,0.0,0.0,2.488,0.736,99 236 169 256 281 70 88 287 233 129
isoleucine,4,aspartic,8,6,3,1,6.111,7.711,0.154,60.0,41.5,1.0609,0.0,0.689,2.612,230 1 149 94
isoleucine,4,aspartic,8,6,3,2,6.111,7.711,0.154,60.0,41.5,0.0007,0.0,1.893,0.688,270 15 109 108 37 135
isoleucine,4,aspartic,8,6,3,3,6.111,7.711,0.154,60.0,41.5,0.0,0.0,2.566,0.766,289 74 87 237 234 120 128 198
isoleucine,4,aspartic,8,6,3,4,6.111,7.711,0.154,60.0,41.5,0.0,0.0,2.441,0.816,312 359 42 328 290 78 105 233 218 166
isoleucine,4,aspartic,8,6,4,1,6.111,7.557,0.154,68.8,48.6,0.582,0.0,1.906,3.84,203 351 221 231
isoleucine,4,aspartic,8,6,4,2,6.111,7.557,0.154,68.8,48.6,0.0,0.0,1.766,3.155,207 143 20 237 358 181
isoleucine,4,aspartic,8,6,4,3,6.111,7.557,0.154,68.8,48.6,0.0,0.0,1.499,1.428,244 36 29 306 322 92 91 243
isoleucine,4,aspartic,8,6,4,4,6.111,7.557,0.154,68.8,48.6,0.0,0.0,1.593,0.637,273 104 22 191 268 163 124 254 268 129
isoleucine,4,aspartic,8,6,5,1,6.111,6.072,0.154,51.7,105.4,0.3622,0.0,2.175,3.852,202 345 214 350
isoleucine,4,aspartic,8,6,5,2,6.111,6.072,0.154,51.7,105.4,0.0,0.0,3.331,3.955,164 305 252 79 145 295
isoleucine,4,aspartic,8,6,5,3,6.111,6.072,0.154,51.7,105.4,0.0,0.0,2.295,0.767,298 65 105 298 214 44 104 192
isoleucine,4,aspartic,8,6,5,4,6.111,6.072,0.154,51.7,105.4,0.0,0.0,1.889,0.706,350 35 70 288 256 93 121 226 205 162
isoleucine,4,glutamic,10,4,5,1,9.454,10.88,0.482,4.4,88.3,8.2356,0.0,1.142,3.693,15 360 180 360
isoleucine,4,glutamic,10,4,5,2,9.454,10.88,0.482,4.4,88.3,4.5177,0.0,1.076,0.996,22 360 181 359 204 246
isoleucine,4,glutamic,10,4,5,3,9.454,10.88,0.482,4.4,88.3,0.9484,0.0,1.074,0.61,26 360 181 359 219 251 173 176
isoleucine,4,glutamic,10,4,5,4,9.454,10.88,0.482,4.4,88.3,0.0,0.0,1.768,2.141,273 352 195 356 211 71 25 308 70 190
isoleucine,4,glutamic,10,4,6,1,9.454,9.852,0.482,16.6,132.4,6.1365,0.0,1.125,3.184,32 360 180 360
isoleucine,4,glutamic,10,4,6,2,9.454,9.852,0.482,16.6,132.4,2.5162,0.0,1.079,0.625,27 0 179 1 205 219
isoleucine,4,glutamic,10,4,6,3,9.454,9.852,0.482,16.6,132.4,0.0,0.0,1.079,1.308,20 5 194 266 228 128 152 193
isoleucine,4,glutamic,10,4,6,4,9.454,9.852,0.482,16.6,132.4,0.0,0.0,2.253,2.671,104 291 250 91 122 219 203 128 130 183
isoleucine,4,glutamic,10,4,7,1,9.454,12.291,0.482,14.4,26.5,8.4499,0.0,1.086,3.255,28 360 180 360
isoleucine,4,glutamic,10,4,7,2,9.454,12.291,0.482,14.4,26.5,4.8174,0.0,1.075,0.826,26 1 176 5 197 198
isoleucine,4,glutamic,10,4,7,3,9.454,12.291,0.482,14.4,26.5,1.1752,0.0,1.081,0.677,27 1 176 4 215 215 192 188
isoleucine,4,glutamic,10,4,7,4,9.454,12.291,0.482,14.4,26.5,0.0,0.0,1.141,0.729,26 344 183 84 164 194 202 142 92 154
isoleucine,4,glutamic,10,5,5,1,9.454,9.052,0.482,96.7,92.2,1.765,0.0,2.611,0.466,17 73 182 181
isoleucine,4,glutamic,10,5,5,2,9.454,9.052,0.482,96.7,92.2,0.0,0.0,2.29,0.815,3 30 263 1 55 195
isoleucine,4,glutamic,10,5,5,3,9.454,9.052,0.482,96.7,92.2,0.0,0.0,2.064,1.591,351 31 307 22 80 265 250 159
isoleucine,4,glutamic,10,5,5,4,9.454,9.052,0.482,96.7,92.2,0.0,0.0,2.919,2.933,156 189 194 129 127 237 229 136 151 197
isoleucine,4,glutamic,10,5,6,1,9.454,8.102,0.482,95.9,134.4,0.8524,0.0,2.768,0.821,71 292 171 175
isoleucine,4,glutamic,10,5,6,2,9.454,8.102,0.482,95.9,134.4,0.0,0.0,2.357,1.385,6 210 43 37 7 159
isoleucine,4,glutamic,10,5,6,3,9.454,8.102,0.482,95.9,134.4,0.0,0.0,1.525,1.598,357 352 336 20 70 205 287 65
isoleucine,4,glutamic,10,5,6,4,9.454,8.102,0.482,95.9,134.4,0.0,0.0,2.229,0.824,133 59 347 307 322 243 251 355 61 252
isoleucine,4,glutamic,10,5,7,1,9.454,10.508,0.482,97.5,31.5,3.2674,0.0,2.919,0.837,75 288 173 176
isoleucine,4,glutamic,10,5,7,2,9.454,10.508,0.482,97.5,31.5,0.593,0.0,2.094,0.946,353 94 200 192 266 215
isoleucine,4,glutamic,10,5,7,3,9.454,10.508,0.482,97.5,31.5,0.0,0.0,2.919,1.22,80 187 223 166 125 215 327 178
isoleucine,4,glutamic,10,5,7,4,9.454,10.508,0.482,97.5,31.5,0.0,0.0,2.919,0.655,66 48 334 349 16 214 240 124 115 212
isoleucine,4,glutamic,10,6,5,1,9.454,9.11,0.482,94.5,95.9,1.8482,0.0,2.201,0.958,339 294 172 175
isoleucine,4,glutamic,10,6,5,2,9.454,9.11,0.482,94.5,95.9,0.0,0.0,2.397,0.702,344 357 87 10 341 182
isoleucine,4,glutamic,10,6,5,3,9.454,9.11,0.482,94.5,95.9,0.0,0.0,1.572,3.594,6 328 57 351 293 72 77 200
isoleucine,4,glutamic,10,6,5,4,9.454,9.11,0.482,94.5,95.9,0.0,0.0,2.392,3.066,221 177 172 232 232 103 114 227 211 162
isoleucine,4,glutamic,10,6,6,1,9.454,8.535,0.482,79.7,119.9,1.2523,0.0,1.673,0.75,331 325 182 181
isoleucine,4,glutamic,10,6,6,2,9.454,8.535,0.482,79.7,119.9,0.0,0.0,1.704,0.873,327 119 348 57 262 211
isoleucine,4,glutamic,10,6,6,3,9.454,8.535,0.482,79.7,119.9,0.0,0.0,2.005,0.746,9 101 15 287 219 82 273 314
isoleucine,4,glutamic,10,6,6,4,9.454,8.535,0.482,79.7,119.9,0.0,0.0,3.614,1.158,232 302 358 30 19 124 136 308 273 130
isoleucine,4,glutamic,10,6,7,1,9.454,10.832,0.482,85.3,18.3,3.5814,0.0,1.683,0.655,335 313 180 180
isoleucine,4,glutamic,10,6,7,2,9.454,10.832,0.482,85.3,18.3,0.8985,0.0,3.086,0.761,279 17 197 195 88 150
isoleucine,4,glutamic,10,6,7,3,9.454,10.832,0.482,85.3,18.3,0.1273,0.0,3.889,0.776,272 2 190 193 94 157 1 178
isoleucine,4,glutamic,10,6,7,4,9.454,10.832,0.482,85.3,18.3,0.0,0.0,3.889,0.636,273 33 129 342 291 135 111 217 258 161
isoleucine,4,serine,20,4,3,1,9.183,9.606,0.925,48.4,111.7,3.5391,0.0,1.451,3.889,66 0 205 284
isoleucine,4,serine,20,4,3,2,9.183,9.606,0.925,48.4,111.7,0.0,0.0,1.367,2.089,59 4 146 96 163 191
isoleucine,4,serine,20,4,3,3,9.183,9.606,0.925,48.4,111.7,0.0,0.0,1.98,3.764,84 291 289 51 80 249 202 129
isoleucine,4,serine,20,4,3,4,9.183,9.606,0.925,48.4,111.7,0.0,0.0,2.839,4.473,84 55 161 4 46 247 20 151 315 123
isoleucine,4,serine,20,4,4,1,9.183,11.039,0.925,37.3,56.4,5.5423,0.0,1.571,3.823,72 360 197 316
isoleucine,4,serine,20,4,4,2,9.183,11.039,0.925,37.3,56.4,1.9698,0.0,1.557,2.705,71 360 145 67 178 179
isoleucine,4,serine,20,4,4,3,9.183,11.039,0.925,37.3,56.4,0.0,0.0,2.932,3.357,125 336 163 66 156 187 249 241
isoleucine,4,serine,20,4,4,4,9.183,11.039,0.925,37.3,56.4,0.0,0.0,1.582,4.434,68 318 284 62 91 227 204 121 135 193
isoleucine,4,serine,20,4,5,1,9.183,9.343,0.925,36.5,123.8,4.0975,0.0,1.325,3.314,52 1 165 29
isoleucine,4,serine,20,4,5,2,9.183,9.343,0.925,36.5,123.8,0.4295,0.0,1.324,1.196,55 359 150 58 174 176
isoleucine,4,serine,20,4,5,3,9.183,9.343,0.925,36.5,123.8,0.0,0.0,2.47,2.142,66 251 295 83 113 244 146 103
isoleucine,4,serine,20,4,5,4,9.183,9.343,0.925,36.5,123.8,0.0,0.0,2.141,0.702,353 336 312 44 78 270 228 136 172 202
isoleucine,4,serine,20,5,3,1,9.183,7.81,0.925,119.5,109.5,0.5852,0.0,2.756,1.462,39 242 195 192
isoleucine,4,serine,20,5,3,2,9.183,7.81,0.925,119.5,109.5,0.0,0.0,1.773,2.978,320 231 68 39 360 111
isoleucine,4,serine,20,5,3,3,9.183,7.81,0.925,119.5,109.5,0.0,0.0,2.476,1.184,40 282 75 257 26 237 327 6
isoleucine,4,serine,20,5,3,4,9.183,7.81,0.925,119.5,109.5,0.0,0.0,2.919,2.984,166 139 204 308 262 69 127 241 145 116
isoleucine,4,serine,20,5,4,1,9.183,8.995,0.925,120.8,64.3,1.7191,0.0,1.832,1.665,334 116 176 177
isoleucine,4,serine,20,5,4,2,9.183,8.995,0.925,120.8,64.3,0.0,0.0,2.919,0.568,75 258 110 132 119 59
isoleucine,4,serine,20,5,4,3,9.183,8.995,0.925,120.8,64.3,0.0,0.0,1.618,2.984,275 96 252 353 160 203 304 253
isoleucine,4,serine,20,5,4,4,9.183,8.995,0.925,120.8,64.3,0.0,0.0,1.775,2.212,318 105 323 222 198 305 253 43 102 258
isoleucine,4,serine,20,5,5,1,9.183,7.591,0.925,106.7,119.3,0.3174,0.0,1.822,1.392,333 86 191 187
isoleucine,4,serine,20,5,5,2,9.183,7.591,0.925,106.7,119.3,0.0,0.0,0.854,2.003,349 331 345 10 10 43
isoleucine,4,serine,20,5,5,3,9.183,7.591,0.925,106.7,119.3,0.0,0.0,2.919,0.827,124 249 202 53 64 107 126 216
isoleucine,4,serine,20,5,5,4,9.183,7.591,0.925,106.7,119.3,0.0,0.0,2.919,0.559,39 353 296 345 22 275 248 63 108 221
isoleucine,4,serine,20,6,3,1,9.183,9.674,0.925,45.3,99.4,3.7868,0.0,3.889,0.735,291 1 158 59
isoleucine,4,serine,20,6,3,2,9.183,9.674,0.925,45.3,99.4,0.2142,0.0,3.889,0.925,288 2 146 68 198 191
isoleucine,4,serine,20,6,3,3,9.183,9.674,0.925,45.3,99.4,0.0,0.0,3.814,0.686,310 38 75 313 277 113 142 203
isoleucine,4,serine,20,6,3,4,9.183,9.674,0.925,45.3,99.4,0.0,0.0,3.845,0.521,305 30 63 302 277 123 143 253 234 160
isoleucine,4,serine,20,6,4,1,9.183,10.582,0.925,58.4,65.2,3.9012,0.0,3.889,1.14,294 359 154 115
isoleucine,4,serine,20,6,4,2,9.183,10.582,0.925,58.4,65.2,0.3247,0.0,3.889,1.138,293 359 140 112 174 176
isoleucine,4,serine,20,6,4,3,9.183,10.582,0.925,58.4,65.2,0.0,0.0,3.685,0.539,317 9 90 328 285 116 121 169
isoleucine,4,serine,20,6,4,4,9.183,10.582,0.925,58.4,65.2,0.0,0.0,3.844,0.92,311 43 51 297 270 125 158 275 236 149
isoleucine,4,serine,20,6,5,1,9.183,8.92,0.925,56.0,133.7,2.501,0.0,3.889,0.759,304 0 209 266
isoleucine,4,serine,20,6,5,2,9.183,8.92,0.925,56.0,133.7,0.0,0.0,3.677,0.74,331 346 148 327 329 214
isoleucine,4,serine,20,6,5,3,9.183,8.92,0.925,56.0,133.7,0.0,0.0,3.431,0.663,342 20 61 321 284 96 127 206
isoleucine,4,serine,20,6,5,4,9.183,8.92,0.925,56.0,133.7,0.0,0.0,3.431,1.646,340 8 42 319 292 104 132 247 220 157
leucine,13,arginine,3,1,16,1,11.337,11.492,-0.624,123.9,38.8,4.2406,0.0,2.391,0.844,335 121 176 178
leucine,13,arginine,3,1,16,2,11.337,11.492,-0.624,123.9,38.8,0.7733,0.0,2.409,0.926,341 105 187 184 138 152
leucine,13,arginine,3,1,16,3,11.337,11.492,-0.624,123.9,38.8,0.0,0.0,2.406,1.601,76 273 208 204 209 116 123 191
leucine,13,arginine,3,1,16,4,11.337,11.492,-0.624,123.9,38.8,0.0,0.0,1.552,2.597,316 345 309 258 277 214 110 71 75 224
leucine,13,arginine,3,1,17,1,11.337,10.235,-0.624,122.2,89.8,2.9674,0.0,2.434,0.608,38 242 184 182
leucine,13,arginine,3,1,17,2,11.337,10.235,-0.624,122.2,89.8,0.0,0.0,2.428,0.636,36 194 276 256 107 142
leucine,13,arginine,3,1,17,3,11.337,10.235,-0.624,122.2,89.8,0.0,0.0,1.8,2.899,295 58 224 199 66 334 69 271
leucine,13,arginine,3,1,17,4,11.337,10.235,-0.624,122.2,89.8,0.0,0.0,2.385,2.855,251 126 141 142 139 217 212 110 113 186
leucine,13,arginine,3,1,18,1,11.337,9.096,-0.624,127.0,142.0,1.8678,0.0,2.399,0.708,338 127 177 178
leucine,13,arginine,3,1,18,2,11.337,9.096,-0.624,127.0,142.0,0.0,0.0,2.387,1.332,333 212 26 92 184 104
leucine,13,arginine,3,1,18,3,11.337,9.096,-0.624,127.0,142.0,0.0,0.0,2.573,1.633,57 258 224 7 19 327 242 89
leucine,13,arginine,3,1,18,4,11.337,9.096,-0.624,127.0,142.0,0.0,0.0,1.894,1.8,284 42 332 199 264 311 306 349 48 260
leucine,13,arginine,3,2,16,1,11.337,13.539,-0.624,40.2,39.0,7.7548,0.0,2.095,2.561,70 0 158 66
leucine,13,arginine,3,2,16,2,11.337,13.539,-0.624,40.2,39.0,4.2056,0.0,2.099,1.8,70 0 216 282 181 181
leucine,13,arginine,3,2,16,3,11.337,13.539,-0.624,40.2,39.0,0.9228,0.0,1.453,2.751,46 3 222 282 196 191 150 157
leucine,13,arginine,3,2,16,4,11.337,13.539,-0.624,40.2,39.0,0.0,0.0,1.291,3.128,33 9 198 336 131 174 149 132 43 121
leucine,13,arginine,3,2,17,1,11.337,12.075,-0.624,48.8,98.3,5.8343,0.0,2.015,2.945,67 360 155 89
leucine,13,arginine,3,2,17,2,11.337,12.075,-0.624,48.8,98.3,2.2892,0.0,2.033,2.119,68 359 218 269 175 177
leucine,13,arginine,3,2,17,3,11.337,12.075,-0.624,48.8,98.3,0.0,0.0,1.752,2.413,59 303 268 32 68 200 170 174
leucine,13,arginine,3,2,17,4,11.337,12.075,-0.624,48.8,98.3,0.0,0.0,1.359,2.55,38 333 295 51 80 229 206 138 152 192
leucine,13,arginine,3,2,18,1,11.337,11.225,-0.624,39.5,137.0,5.6347,0.0,2.346,2.232,78 359 201 308
leucine,13,arginine,3,2,18,2,11.337,11.225,-0.624,39.5,137.0,2.026,0.0,2.33,1.81,77 360 146 72 175 177
leucine,13,arginine,3,2,18,3,11.337,11.225,-0.624,39.5,137.0,0.0,0.0,2.747,1.556,97 275 263 67 59 184 156 190
leucine,13,arginine,3,2,18,4,11.337,11.225,-0.624,39.5,137.0,0.0,0.0,1.914,0.266,76 314 285 63 91 224 203 119 135 197
leucine,13,arginine,3,13,16,1,11.337,13.147,-0.624,58.2,47.4,6.4112,0.0,2.036,1.56,292 1 205 237
leucine,13,arginine,3,13,16,2,11.337,13.147,-0.624,58.2,47.4,2.8347,0.0,2.029,1.046,292 0 141 114 183 182
leucine,13,arginine,3,13,16,3,11.337,13.147,-0.624,58.2,47.4,0.061,0.0,1.773,2.752,299 2 215 218 186 184 88 147
leucine,13,arginine,3,13,16,4,11.337,13.147,-0.624,58.2,47.4,0.0,0.0,2.129,3.954,9 10 110 259 264 160 169 188 225 212
leucine,13,arginine,3,13,17,1,11.337,12.091,-0.624,48.1,89.1,5.8974,0.0,1.976,1.974,294 359 205 277
leucine,13,arginine,3,13,17,2,11.337,12.091,-0.624,48.1,89.1,2.3189,0.0,1.991,1.016,294 360 141 92 178 179
leucine,13,arginine,3,13,17,3,11.337,12.091,-0.624,48.1,89.1,0.0,0.0,2.116,1.233,292 78 65 48 213 204 120 153
leucine,13,arginine,3,13,17,4,11.337,12.091,-0.624,48.1,89.1,0.0,0.0,2.604,0.803,247 81 109 275 240 151 172 264 253 165
leucine,13,arginine,3,13,18,1,11.337,10.821,-0.624,57.9,149.4,4.2488,0.0,2.137,1.132,289 359 151 112
leucine,13,arginine,3,13,18,2,11.337,10.821,-0.624,57.9,149.4,0.8297,0.0,2.026,1.461,293 359 212 260 160 171
leucine,13,arginine,3,13,18,3,11.337,10.821,-0.624,57.9,149.4,0.0,0.0,2.549,0.964,262 50 103 331 281 120 133 194
leucine,13,arginine,3,13,18,4,11.337,10.821,-0.624,57.9,149.4,0.0,0.0,1.547,0.406,300 24 66 308 287 129 142 248 237 163
leucine,13,lysine,5,1,13,1,17.716,16.719,-0.09,136.1,82.4,9.4587,0.0,2.893,0.885,80 218 181 181
leucine,13,lysine,5,1,13,2,17.716,16.719,-0.09,136.1,82.4,5.7785,0.0,2.078,0.686,24 148 177 178 177 177
leucine,13,lysine,5,1,13,3,17.716,16.719,-0.09,136.1,82.4,2.1411,0.0,1.137,0.88,81 218 180 180 187 186 180 180
leucine,13,lysine,5,1,13,4,17.716,16.719,-0.09,136.1,82.4,0.0,0.0,1.691,1.217,110 199 186 129 157 210 179 210 231 187
leucine,13,lysine,5,1,14,1,17.716,17.777,-0.09,133.1,37.2,10.5295,0.0,2.43,0.659,24 137 178 179
leucine,13,lysine,5,1,14,2,17.716,17.777,-0.09,133.1,37.2,6.8426,0.0,2.158,0.884,85 220 178 179 178 179
leucine,13,lysine,5,1,14,3,17.716,17.777,-0.09,133.1,37.2,3.2357,0.0,0.771,0.649,25 138 175 177 163 166 175 177
leucine,13,lysine,5,1,14,4,17.716,17.777,-0.09,133.1,37.2,0.4261,0.0,2.43,0.484,24 121 180 180 188 187 180 180 102 146
leucine,13,lysine,5,1,15,1,17.716,16.864,-0.09,140.7,76.9,9.6024,0.0,2.423,1.128,33 152 181 180
leucine,13,lysine,5,1,15,2,17.716,16.864,-0.09,140.7,76.9,5.9768,0.0,2.039,0.979,76 199 191 187 189 187
leucine,13,lysine,5,1,15,3,17.716,16.864,-0.09,140.7,76.9,2.2866,0.0,0.566,1.062,32 151 180 180 185 184 180 180
leucine,13,lysine,5,1,15,4,17.716,16.864,-0.09,140.7,76.9,0.0,0.0,1.787,3.164,124 187 179 144 151 195 188 175 181 185
leucine,13,lysine,5,2,13,1,17.716,19.156,-0.09,30.3,83.1,13.7962,0.0,2.977,1.8,109 0 164 44
leucine,13,lysine,5,2,13,2,17.716,19.156,-0.09,30.3,83.1,10.2878,0.0,2.977,1.69,109 360 213 293 179 179
leucine,13,lysine,5,2,13,3,17.716,19.156,-0.09,30.3,83.1,6.602,0.0,2.933,0.543,109 0 152 63 181 181 181 181
leucine,13,lysine,5,2,13,4,17.716,19.156,-0.09,30.3,83.1,2.9827,0.0,1.256,1.084,110 360 213 293 178 179 168 170 178 179
leucine,13,lysine,5,2,14,1,17.716,20.21,-0.09,26.7,38.4,15.0706,0.0,2.977,2.107,121 360 191 330
leucine,13,lysine,5,2,14,2,17.716,20.21,-0.09,26.7,38.4,11.5525,0.0,2.977,1.449,121 360 149 61 180 180
leucine,13,lysine,5,2,14,3,17.716,20.21,-0.09,26.7,38.4,7.8939,0.0,2.876,1.616,121 360 206 305 176 178 177 177
leucine,13,lysine,5,2,14,4,17.716,20.21,-0.09,26.7,38.4,4.2672,0.0,0.508,1.471,121 360 149 61 179 180 174 175 179 180
leucine,13,lysine,5,2,15,1,17.716,19.332,-0.09,33.4,76.5,13.7789,0.0,2.977,2.243,122 0 199 304
leucine,13,lysine,5,2,15,2,17.716,19.332,-0.09,33.4,76.5,10.2819,0.0,2.977,1.522,121 0 145 73 182 181
leucine,13,lysine,5,2,15,3,17.716,19.332,-0.09,33.4,76.5,6.589,0.0,2.907,1.774,121 0 211 289 183 181 182 182
leucine,13,lysine,5,2,15,4,17.716,19.332,-0.09,33.4,76.5,2.9856,0.0,1.29,1.51,121 0 146 72 185 183 198 195 185 184
leucine,13,lysine,5,13,13,1,17.716,18.011,-0.09,81.6,78.1,10.7475,0.0,2.799,0.602,255 40 180 180
leucine,13,lysine,5,13,13,2,17.716,18.011,-0.09,81.6,78.1,7.114,0.0,2.529,0.675,293 331 171 175 173 174
leucine,13,lysine,5,13,13,3,17.716,18.011,-0.09,81.6,78.1,3.445,0.0,0.818,0.617,254 40 180 180 176 176 180 180
leucine,13,lysine,5,13,13,4,17.716,18.011,-0.09,81.6,78.1,0.0,0.0,1.365,0.449,269 41 158 204 184 196 187 169 170 176
leucine,13,lysine,5,13,14,1,17.716,18.824,-0.09,88.9,44.2,11.5733,0.0,2.958,0.987,247 57 182 181
leucine,13,lysine,5,13,14,2,17.716,18.824,-0.09,88.9,44.2,7.8826,0.0,2.553,0.825,302 309 181 180 181 181
leucine,13,lysine,5,13,14,3,17.716,18.824,-0.09,88.9,44.2,4.2958,0.0,0.904,1.025,248 55 185 183 197 194 185 183
leucine,13,lysine,5,13,14,4,17.716,18.824,-0.09,88.9,44.2,0.7137,0.0,1.495,1.286,249 60 189 185 200 196 189 186 202 196
leucine,13,lysine,5,13,15,1,17.716,18.129,-0.09,85.5,73.6,10.8678,0.0,2.605,0.833,298 311 179 179
leucine,13,lysine,5,13,15,2,17.716,18.129,-0.09,85.5,73.6,7.1918,0.0,2.958,0.754,250 41 184 182 183 183
leucine,13,lysine,5,13,15,3,17.716,18.129,-0.09,85.5,73.6,3.5665,0.0,0.65,0.836,297 311 179 179 170 171 179 179
leucine,13,lysine,5,13,15,4,17.716,18.129,-0.09,85.5,73.6,0.038,0.0,1.194,0.905,293 310 180 180 187 186 180 180 144 154
leucine,13,aspartic,21,1,3,1,17.728,17.872,-0.438,135.6,29.7,10.6272,0.0,2.434,0.675,38 219 181 181
leucine,13,aspartic,21,1,3,2,17.728,17.872,-0.438,135.6,29.7,6.942,0.0,2.411,0.914,341 146 182 181 182 182
leucine,13,aspartic,21,1,3,3,17.728,17.872,-0.438,135.6,29.7,3.3527,0.0,2.43,0.629,37 217 187 184 199 195 187 185
leucine,13,aspartic,21,1,3,4,17.728,17.872,-0.438,135.6,29.7,0.5714,0.0,2.453,0.761,42 237 180 180 181 181 180 180 259 214
leucine,13,aspartic,21,1,4,1,17.728,16.607,-0.438,142.1,85.6,9.3452,0.0,2.428,0.39,25 204 180 180
leucine,13,aspartic,21,1,4,2,17.728,16.607,-0.438,142.1,85.6,5.7131,0.0,2.454,1.002,348 166 169 173 172 173
leucine,13,aspartic,21,1,4,3,17.728,16.607,-0.438,142.1,85.6,2.0296,0.0,2.424,0.414,27 206 180 180 175 176 180 180
leucine,13,aspartic,21,1,4,4,17.728,16.607,-0.438,142.1,85.6,0.0,0.0,2.427,0.515,36 241 150 142 272 201 181 310 24 145
leucine,13,aspartic,21,1,5,1,17.728,15.39,-0.438,134.8,138.0,8.1571,0.0,2.433,0.637,38 220 182 181
leucine,13,aspartic,21,1,5,2,17.728,15.39,-0.438,134.8,138.0,4.4786,0.0,2.403,0.985,339 144 182 181 183 182
leucine,13,aspartic,21,1,5,3,17.728,15.39,-0.438,134.8,138.0,0.9079,0.0,2.428,0.624,36 215 193 188 200 196 194 190
leucine,13,aspartic,21,1,5,4,17.728,15.39,-0.438,134.8,138.0,0.0,0.0,2.464,0.83,44 234 130 123 209 55 322 315 38 236
leucine,13,aspartic,21,2,3,1,17.728,19.973,-0.438,48.5,32.6,13.5603,0.0,2.436,2.117,80 360 156 105
leucine,13,aspartic,21,2,3,2,17.728,19.973,-0.438,48.5,32.6,10.0493,0.0,2.436,1.222,80 360 219 256 180 180
leucine,13,aspartic,21,2,3,3,17.728,19.973,-0.438,48.5,32.6,6.3722,0.0,2.434,2.114,80 360 145 104 179 180 179 179
leucine,13,aspartic,21,2,3,4,17.728,19.973,-0.438,48.5,32.6,2.7328,0.0,2.434,1.213,80 360 220 256 180 180 175 176 180 180
leucine,13,aspartic,21,2,4,1,17.728,18.724,-0.438,52.7,86.8,12.1284,0.0,2.638,2.228,86 0 204 243
leucine,13,aspartic,21,2,4,2,17.728,18.724,-0.438,52.7,86.8,8.6112,0.0,2.639,2.039,86 0 141 111 182 181
leucine,13,aspartic,21,2,4,3,17.728,18.724,-0.438,52.7,86.8,4.9381,0.0,2.627,1.168,85 1 215 247 186 183 186 185
leucine,13,aspartic,21,2,4,4,17.728,18.724,-0.438,52.7,86.8,1.287,0.0,2.648,2.056,86 0 140 111 180 180 182 182 180 180
leucine,13,aspartic,21,2,5,1,17.728,17.477,-0.438,48.5,141.7,11.1058,0.0,2.421,2.113,79 0 155 101
leucine,13,aspartic,21,2,5,2,17.728,17.477,-0.438,48.5,141.7,7.592,0.0,2.421,1.213,80 0 219 258 180 180
leucine,13,aspartic,21,2,5,3,17.728,17.477,-0.438,48.5,141.7,3.9331,0.0,2.425,2.113,80 0 144 101 181 181 181 181
leucine,13,aspartic,21,2,5,4,17.728,17.477,-0.438,48.5,141.7,0.2742,0.0,2.453,1.157,80 0 219 258 181 180 183 183 181 180
leucine,13,aspartic,21,13,3,1,17.728,19.808,-0.438,56.0,31.8,13.0493,0.0,2.367,0.995,282 0 201 232
leucine,13,aspartic,21,13,3,2,17.728,19.808,-0.438,56.0,31.8,9.5369,0.0,2.363,0.517,282 360 141 119 180 180
leucine,13,aspartic,21,13,3,3,17.728,19.808,-0.438,56.0,31.8,5.8605,0.0,2.364,0.927,282 0 214 240 181 180 181 181
leucine,13,aspartic,21,13,3,4,17.728,19.808,-0.438,56.0,31.8,2.2145,0.0,2.289,0.554,282 0 140 118 180 180 188 187 180 180
leucine,13,aspartic,21,13,4,1,17.728,18.691,-0.438,54.2,81.5,12.0166,0.0,2.632,0.995,274 0 157 121
leucine,13,aspartic,21,13,4,2,17.728,18.691,-0.438,54.2,81.5,8.5045,0.0,2.636,0.677,274 0 219 246 181 181
leucine,13,aspartic,21,13,4,3,17.728,18.691,-0.438,54.2,81.5,4.8149,0.0,2.635,0.68,274 0 146 115 181 181 181 181
leucine,13,aspartic,21,13,4,4,17.728,18.691,-0.438,54.2,81.5,1.194,0.0,2.619,0.675,275 359 219 247 176 178 160 163 177 178
leucine,13,aspartic,21,13,5,1,17.728,17.339,-0.438,54.8,139.3,10.6648,0.0,2.36,1.106,282 360 203 240
leucine,13,aspartic,21,13,5,2,17.728,17.339,-0.438,54.8,139.3,7.1541,0.0,2.356,0.521,283 360 141 114 178 179
leucine,13,aspartic,21,13,5,3,17.728,17.339,-0.438,54.8,139.3,3.489,0.0,2.36,0.963,283 360 215 246 177 178 177 177
leucine,13,aspartic,21,13,5,4,17.728,17.339,-0.438,54.8,139.3,0.0,0.0,2.473,0.849,280 358 149 92 202 193 121 150 175 176
leucine,13,glutamic,9,1,5,1,11.485,9.851,0.32,133.1,112.0,2.59,0.0,2.972,0.918,90 225 176 178
leucine,13,glutamic,9,1,5,2,11.485,9.851,0.32,133.1,112.0,0.0,0.0,2.972,2.107,114 214 161 139 112 139
leucine,13,glutamic,9,1,5,3,11.485,9.851,0.32,133.1,112.0,0.0,0.0,2.972,3.367,140 175 184 138 140 248 234 162
leucine,13,glutamic,9,1,5,4,11.485,9.851,0.32,133.1,112.0,0.0,0.0,2.972,3.38,178 178 189 140 130 216 211 117 130 199
leucine,13,glutamic,9,1,6,1,11.485,11.701,0.32,124.7,37.1,4.4438,0.0,2.972,0.818,91 238 182 181
leucine,13,glutamic,9,1,6,2,11.485,11.701,0.32,124.7,37.1,0.8795,0.0,1.002,0.635,85 247 174 176 207 201
leucine,13,glutamic,9,1,6,3,11.485,11.701,0.32,124.7,37.1,0.0,0.0,1.789,0.626,51 241 159 182 208 269 308 208
leucine,13,glutamic,9,1,6,4,11.485,11.701,0.32,124.7,37.1,0.0,0.0,2.766,0.48,77 201 137 100 201 278 314 145 35 132
leucine,13,glutamic,9,1,7,1,11.485,11.219,0.32,127.0,59.3,3.9459,0.0,2.421,0.355,31 125 179 180
leucine,13,glutamic,9,1,7,2,11.485,11.219,0.32,127.0,59.3,0.424,0.0,2.44,0.625,39 113 204 196 143 151
leucine,13,glutamic,9,1,7,3,11.485,11.219,0.32,127.0,59.3,0.0,0.0,2.972,3.38,153 186 202 131 137 221 194 155
leucine,13,glutamic,9,1,7,4,11.485,11.219,0.32,127.0,59.3,0.0,0.0,2.972,3.38,172 177 188 141 138 219 210 132 144 193
leucine,13,glutamic,9,2,5,1,11.485,12.287,0.32,27.6,110.1,7.341,0.0,2.977,2.037,118 0 179 2
leucine,13,glutamic,9,2,5,2,11.485,12.287,0.32,27.6,110.1,3.8783,0.0,2.977,2.02,121 359 204 317 169 173
leucine,13,glutamic,9,2,5,3,11.485,12.287,0.32,27.6,110.1,0.0636,0.0,2.657,0.95,118 0 198 325 181 180 180 180
leucine,13,glutamic,9,2,5,4,11.485,12.287,0.32,27.6,110.1,0.0,0.0,1.776,0.623,52 301 267 86 117 224 205 176 186 188
leucine,13,glutamic,9,2,6,1,11.485,14.056,0.32,20.6,38.5,9.5421,0.0,2.977,1.721,112 0 179 2
leucine,13,glutamic,9,2,6,2,11.485,14.056,0.32,20.6,38.5,5.9685,0.0,2.977,1.504,113 360 198 329 176 178
leucine,13,glutamic,9,2,6,3,11.485,14.056,0.32,20.6,38.5,2.2277,0.0,2.06,0.703,111 0 173 13 185 183 183 183
leucine,13,glutamic,9,2,6,4,11.485,14.056,0.32,20.6,38.5,0.0783,0.0,1.222,0.745,82 359 200 322 169 174 172 173 288 206
leucine,13,glutamic,9,2,7,1,11.485,13.587,0.32,23.6,60.1,8.8561,0.0,2.977,3.208,139 360 182 357
leucine,13,glutamic,9,2,7,2,11.485,13.587,0.32,23.6,60.1,5.3238,0.0,2.977,2.412,137 1 158 38 186 184
leucine,13,glutamic,9,2,7,3,11.485,13.587,0.32,23.6,60.1,1.5726,0.0,2.977,1.61,139 360 167 27 176 178 177 177
leucine,13,glutamic,9,2,7,4,11.485,13.587,0.32,23.6,60.1,0.0,0.0,2.977,3.179,144 309 257 59 103 207 195 165 159 174
leucine,13,glutamic,9,13,5,1,11.485,11.025,0.32,83.4,100.3,3.7578,0.0,2.575,0.784,300 316 180 180
leucine,13,glutamic,9,13,5,2,11.485,11.025,0.32,83.4,100.3,0.0371,0.0,2.575,0.466,259 32 180 180 180 180
leucine,13,glutamic,9,13,5,3,11.485,11.025,0.32,83.4,100.3,0.0,0.0,2.958,3.45,211 142 144 227 218 139 153 195
leucine,13,glutamic,9,13,5,4,11.485,11.025,0.32,83.4,100.3,0.0,0.0,2.958,3.584,184 143 139 231 231 152 161 237 224 166
leucine,13,glutamic,9,13,6,1,11.485,12.623,0.32,87.0,34.7,5.3689,0.0,2.708,1.096,256 52 180 180
leucine,13,glutamic,9,13,6,2,11.485,12.623,0.32,87.0,34.7,1.6359,0.0,1.721,0.724,305 316 181 181 181 181
leucine,13,glutamic,9,13,6,3,11.485,12.623,0.32,87.0,34.7,0.0783,0.0,0.409,2.438,293 11 192 188 189 187 22 169
leucine,13,glutamic,9,13,6,4,11.485,12.623,0.32,87.0,34.7,0.0,0.0,2.454,3.692,287 98 153 189 159 129 139 233 276 215
leucine,13,glutamic,9,13,7,1,11.485,11.978,0.32,94.8,64.3,4.7402,0.0,2.472,1.401,309 293 174 176
leucine,13,glutamic,9,13,7,2,11.485,11.978,0.32,94.8,64.3,0.9926,0.0,2.526,1.209,304 297 176 178 177 177
leucine,13,glutamic,9,13,7,3,11.485,11.978,0.32,94.8,64.3,0.0,0.0,2.958,4.495,215 148 149 218 211 146 158 193
leucine,13,glutamic,9,13,7,4,11.485,11.978,0.32,94.8,64.3,0.0,0.0,2.958,5.496,199 169 160 217 217 131 140 214 200 166
leucine,13,isoleucine,4,1,4,1,13.606,13.207,-0.561,109.9,73.6,5.9639,0.0,2.515,1.697,61 263 184 183
leucine,13,isoleucine,4,1,4,2,13.606,13.207,-0.561,109.9,73.6,2.2531,0.0,0.869,1.023,348 94 190 185 188 188
leucine,13,isoleucine,4,1,4,3,13.606,13.207,-0.561,109.9,73.6,0.0,0.0,1.216,2.136,52 296 176 261 68 83 195 149
leucine,13,isoleucine,4,1,4,4,13.606,13.207,-0.561,109.9,73.6,0.0,0.0,1.401,2.23,315 357 333 237 285 247 178 8 48 235
leucine,13,isoleucine,4,1,5,1,13.606,12.894,-0.561,117.0,85.3,5.6306,0.0,2.493,0.716,352 108 180 180
leucine,13,isoleucine,4,1,5,2,13.606,12.894,-0.561,117.0,85.3,1.9074,0.0,1.056,1.347,65 251 180 180 180 180
leucine,13,isoleucine,4,1,5,3,13.606,12.894,-0.561,117.0,85.3,0.0,0.0,1.816,1.076,102 212 192 127 139 193 185 175
leucine,13,isoleucine,4,1,5,4,13.606,12.894,-0.561,117.0,85.3,0.0,0.0,2.856,1.481,136 198 191 123 130 214 203 155 166 191
leucine,13,isoleucine,4,1,6,1,13.606,14.096,-0.561,119.5,34.2,6.8492,0.0,2.606,1.019,60 248 178 179
leucine,13,isoleucine,4,1,6,2,13.606,14.096,-0.561,119.5,34.2,3.1509,0.0,1.304,0.593,347 114 174 177 174 175
leucine,13,isoleucine,4,1,6,3,13.606,14.096,-0.561,119.5,34.2,0.4679,0.0,2.411,0.622,343 134 187 183 185 185 92 152
leucine,13,isoleucine,4,1,6,4,13.606,14.096,-0.561,119.5,34.2,0.0,0.0,2.446,0.943,41 162 284 287 96 146 273 191 65 133
leucine,13,isoleucine,4,2,4,1,13.606,15.097,-0.561,30.6,79.7,9.8259,0.0,1.54,3.244,51 0 167 35
leucine,13,isoleucine,4,2,4,2,13.606,15.097,-0.561,30.6,79.7,6.3027,0.0,1.56,2.735,52 360 211 299 178 179
leucine,13,isoleucine,4,2,4,3,13.606,15.097,-0.561,30.6,79.7,2.5877,0.0,1.279,2.487,51 0 154 56 183 182 183 182
leucine,13,isoleucine,4,2,4,4,13.606,15.097,-0.561,30.6,79.7,0.0,0.0,1.225,2.847,66 301 218 98 109 199 188 192 206 185
leucine,13,isoleucine,4,2,5,1,13.606,15.021,-0.561,25.5,82.5,10.1189,0.0,2.075,2.479,69 360 186 347
leucine,13,isoleucine,4,2,5,2,13.606,15.021,-0.561,25.5,82.5,6.5518,0.0,2.056,1.446,68 360 153 49 179 180
leucine,13,isoleucine,4,2,5,3,13.606,15.021,-0.561,25.5,82.5,2.8991,0.0,1.479,1.48,71 359 201 319 166 172 169 170
leucine,13,isoleucine,4,2,5,4,13.606,15.021,-0.561,25.5,82.5,0.0,0.0,1.368,0.594,117 334 187 35 118 162 156 165 151 164
leucine,13,isoleucine,4,2,6,1,13.606,16.16,-0.561,33.5,32.9,10.6758,0.0,1.97,2.942,66 0 197 310
leucine,13,isoleucine,4,2,6,2,13.606,16.16,-0.561,33.5,32.9,7.181,0.0,1.957,2.249,65 0 147 69 184 182
leucine,13,isoleucine,4,2,6,3,13.606,16.16,-0.561,33.5,32.9,3.4571,0.0,1.473,2.116,65 0 209 294 183 182 183 183
leucine,13,isoleucine,4,2,6,4,13.606,16.16,-0.561,33.5,32.9,0.4022,0.0,2.161,2.44,72 360 147 86 174 177 176 176 113 153
leucine,13,isoleucine,4,13,4,1,13.606,14.295,-0.561,68.3,79.9,7.1466,0.0,1.623,2.938,305 1 191 194
leucine,13,isoleucine,4,13,4,2,13.606,14.295,-0.561,68.3,79.9,3.5788,0.0,1.599,2.253,307 360 147 141 178 179
leucine,13,isoleucine,4,13,4,3,13.606,14.295,-0.561,68.3,79.9,0.0,0.0,1.337,2.556,307 5 149 123 203 187 151 176
leucine,13,isoleucine,4,13,4,4,13.606,14.295,-0.561,68.3,79.9,0.0,0.0,2.069,4.271,344 56 80 314 336 177 209 259 226 179
leucine,13,isoleucine,4,13,5,1,13.606,14.002,-0.561,73.9,90.8,6.8202,0.0,1.817,2.232,304 351 173 175
leucine,13,isoleucine,4,13,5,2,13.606,14.002,-0.561,73.9,90.8,3.1282,0.0,1.569,2.284,298 360 202 203 179 179
leucine,13,isoleucine,4,13,5,3,13.606,14.002,-0.561,73.9,90.8,0.0,0.0,0.906,1.719,309 304 222 125 245 198 139 158
leucine,13,isoleucine,4,13,5,4,13.606,14.002,-0.561,73.9,90.8,0.0,0.0,0.728,2.353,319 246 321 237 160 274 8 13 288 111
leucine,13,isoleucine,4,13,6,1,13.606,15.462,-0.561,66.1,26.2,8.367,0.0,1.865,2.087,298 360 169 162
leucine,13,isoleucine,4,13,6,2,13.606,15.462,-0.561,66.1,26.2,4.8469,0.0,1.784,2.296,296 1 214 222 183 182
leucine,13,isoleucine,4,13,6,3,13.606,15.462,-0.561,66.1,26.2,1.2031,0.0,1.151,1.898,292 2 214 224 188 185 198 195
leucine,13,isoleucine,4,13,6,4,13.606,15.462,-0.561,66.1,26.2,0.1489,0.0,2.623,0.691,276 357 223 244 167 172 210 203 352 185
leucine,13,serine,31,1,3,1,17.122,16.615,-0.32,118.4,73.1,9.3635,0.0,2.638,1.208,62 249 182 181
leucine,13,serine,31,1,3,2,17.122,16.615,-0.32,118.4,73.1,5.682,0.0,2.462,0.648,349 110 185 183 185 184
leucine,13,serine,31,1,3,3,17.122,16.615,-0.32,118.4,73.1,2.0393,0.0,2.641,1.202,63 249 182 181 193 191 181 181
leucine,13,serine,31,1,3,4,17.122,16.615,-0.32,118.4,73.1,0.0,0.0,2.161,1.201,330 65 262 201 275 222 203 246 181 158
leucine,13,serine,31,1,4,1,17.122,17.248,-0.32,126.5,46.7,9.9903,0.0,2.612,0.719,60 236 179 179
leucine,13,serine,31,1,4,2,17.122,17.248,-0.32,126.5,46.7,6.3249,0.0,2.475,0.333,350 127 175 177 175 176
leucine,13,serine,31,1,4,3,17.122,17.248,-0.32,126.5,46.7,2.6723,0.0,2.618,0.74,61 236 179 180 170 171 179 180
leucine,13,serine,31,1,4,4,17.122,17.248,-0.32,126.5,46.7,0.1239,0.0,2.409,0.817,341 139 180 180 178 179 180 180 272 213
leucine,13,serine,31,1,5,1,17.122,14.823,-0.32,124.7,156.4,7.5818,0.0,2.624,0.8,61 239 179 180
leucine,13,serine,31,1,5,2,17.122,14.823,-0.32,124.7,156.4,3.9484,0.0,2.472,0.392,350 123 176 178 175 176
leucine,13,serine,31,1,5,3,17.122,14.823,-0.32,124.7,156.4,0.4245,0.0,2.625,0.84,61 242 176 178 176 176 170 174
leucine,13,serine,31,1,5,4,17.122,14.823,-0.32,124.7,156.4,0.0,0.0,1.674,0.991,357 44 282 299 70 16 340 134 164 170
leucine,13,serine,31,2,3,1,17.122,18.674,-0.32,31.9,77.4,13.2244,0.0,1.901,2.769,64 0 163 50
leucine,13,serine,31,2,3,2,17.122,18.674,-0.32,31.9,77.4,9.7122,0.0,1.912,2.274,64 360 214 290 179 179
leucine,13,serine,31,2,3,3,17.122,18.674,-0.32,31.9,77.4,6.0281,0.0,1.9,2.081,63 0 151 66 182 181 182 182
leucine,13,serine,31,2,3,4,17.122,18.674,-0.32,31.9,77.4,2.3963,0.0,1.912,2.265,64 360 214 290 179 180 171 173 179 180
leucine,13,serine,31,2,4,1,17.122,19.431,-0.32,35.0,46.0,13.7796,0.0,2.28,2.527,75 0 200 297
leucine,13,serine,31,2,4,2,17.122,19.431,-0.32,35.0,46.0,10.2803,0.0,2.273,2.201,75 0 144 77 182 181
leucine,13,serine,31,2,4,3,17.122,19.431,-0.32,35.0,46.0,6.5902,0.0,2.274,1.456,75 0 212 285 183 182 183 182
leucine,13,serine,31,2,4,4,17.122,19.431,-0.32,35.0,46.0,2.9744,0.0,2.262,2.209,75 0 145 76 185 183 198 195 184 183
leucine,13,serine,31,2,5,1,17.122,16.994,-0.32,33.7,155.9,11.4879,0.0,2.24,2.485,74 0 198 307
leucine,13,serine,31,2,5,2,17.122,16.994,-0.32,33.7,155.9,7.9812,0.0,2.233,1.963,74 0 146 71 181 180
leucine,13,serine,31,2,5,3,17.122,16.994,-0.32,33.7,155.9,4.3384,0.0,2.226,1.55,74 0 211 292 181 180 181 181
leucine,13,serine,31,2,5,4,17.122,16.994,-0.32,33.7,155.9,0.8813,0.0,2.094,1.956,69 1 149 66 188 184 190 189 194 189
leucine,13,serine,31,13,3,1,17.122,17.888,-0.32,68.8,76.6,10.6925,0.0,1.832,2.241,298 1 184 185
leucine,13,serine,31,13,3,2,17.122,17.888,-0.32,68.8,76.6,7.1507,0.0,1.811,1.637,299 359 150 146 178 179
leucine,13,serine,31,13,3,3,17.122,17.888,-0.32,68.8,76.6,3.4514,0.0,1.833,2.315,298 1 203 207 184 182 184 183
leucine,13,serine,31,13,3,4,17.122,17.888,-0.32,68.8,76.6,0.0107,0.0,1.778,2.103,299 3 160 145 202 188 208 207 212 198
leucine,13,serine,31,13,4,1,17.122,18.731,-0.32,67.4,40.5,11.56,0.0,2.061,1.532,292 360 177 177
leucine,13,serine,31,13,4,2,17.122,18.731,-0.32,67.4,40.5,8.0444,0.0,2.078,1.711,291 1 212 217 182 181
leucine,13,serine,31,13,4,3,17.122,18.731,-0.32,67.4,40.5,4.3459,0.0,2.068,1.11,291 360 155 148 179 180 179 179
leucine,13,serine,31,13,4,4,17.122,18.731,-0.32,67.4,40.5,0.8135,0.0,2.219,0.896,287 360 153 141 180 180 180 180 178 178
leucine,13,serine,31,13,5,1,17.122,16.267,-0.32,67.4,149.0,9.1172,0.0,2.028,1.634,292 360 177 176
leucine,13,serine,31,13,5,2,17.122,16.267,-0.32,67.4,149.0,5.6217,0.0,2.043,1.813,291 1 212 218 184 182
leucine,13,serine,31,13,5,3,17.122,16.267,-0.32,67.4,149.0,1.951,0.0,2.027,1.191,292 1 153 145 183 181 184 183
leucine,13,serine,31,13,5,4,17.122,16.267,-0.32,67.4,149.0,0.0,0.0,2.958,1.811,252 116 142 226 209 166 175 184 181 179
leucine,13,tryptophan,5,1,16,1,19.68,17.654,0.563,141.1,117.3,10.4152,0.0,2.421,0.837,29 154 178 179
leucine,13,tryptophan,5,1,16,2,19.68,17.654,0.563,141.1,117.3,6.716,0.0,2.706,1.061,68 196 179 180 179 179
leucine,13,tryptophan,5,1,16,3,19.68,17.654,0.563,141.1,117.3,3.1707,0.0,2.421,0.928,31 157 169 173 160 165 170 173
leucine,13,tryptophan,5,1,16,4,19.68,17.654,0.563,141.1,117.3,0.0,0.0,2.972,1.955,102 193 172 139 148 162 158 170 167 177
leucine,13,tryptophan,5,1,17,1,19.68,17.943,0.563,148.6,105.3,10.69,0.0,2.563,1.183,56 178 179 179
leucine,13,tryptophan,5,1,17,2,19.68,17.943,0.563,148.6,105.3,7.1335,0.0,2.62,1.101,61 182 204 203 184 183
leucine,13,tryptophan,5,1,17,3,19.68,17.943,0.563,148.6,105.3,3.4175,0.0,2.573,1.17,57 179 170 169 178 179 178 178
leucine,13,tryptophan,5,1,17,4,19.68,17.943,0.563,148.6,105.3,0.0,0.0,2.111,1.017,74 191 160 152 170 186 183 200 203 181
leucine,13,tryptophan,5,1,18,1,19.68,19.868,0.563,144.4,16.3,12.6153,0.0,2.431,0.993,37 163 179 180
leucine,13,tryptophan,5,1,18,2,19.68,19.868,0.563,144.4,16.3,8.9483,0.0,2.557,1.235,55 181 182 182 181 181
leucine,13,tryptophan,5,1,18,3,19.68,19.868,0.563,144.4,16.3,5.3609,0.0,2.438,1.065,39 165 177 178 169 171 177 178
leucine,13,tryptophan,5,1,18,4,19.68,19.868,0.563,144.4,16.3,1.6221,0.0,2.519,1.312,51 177 175 176 177 178 171 173 178 178
leucine,13,tryptophan,5,2,16,1,19.68,20.12,0.563,33.8,117.6,14.5442,0.0,2.977,2.073,118 360 200 301
leucine,13,tryptophan,5,2,16,2,19.68,20.12,0.563,33.8,117.6,11.0234,0.0,2.977,1.164,118 360 144 76 179 179
leucine,13,tryptophan,5,2,16,3,19.68,20.12,0.563,33.8,117.6,7.3711,0.0,2.977,1.186,118 360 211 289 174 177 174 175
leucine,13,tryptophan,5,2,16,4,19.68,20.12,0.563,33.8,117.6,3.7388,0.0,2.977,1.204,118 360 145 76 177 178 167 168 177 178
leucine,13,tryptophan,5,2,17,1,19.68,20.407,0.563,40.4,105.7,14.4253,0.0,2.977,2.436,121 0 203 279
leucine,13,tryptophan,5,2,17,2,19.68,20.407,0.563,40.4,105.7,10.9198,0.0,2.977,1.577,121 0 142 88 181 181
leucine,13,tryptophan,5,2,17,3,19.68,20.407,0.563,40.4,105.7,7.2382,0.0,2.977,1.739,121 0 214 273 182 181 182 182
leucine,13,tryptophan,5,2,17,4,19.68,20.407,0.563,40.4,105.7,3.6374,0.0,2.977,1.565,120 0 143 88 183 182 193 191 183 182
leucine,13,tryptophan,5,2,18,1,19.68,22.338,0.563,36.7,16.1,16.5451,0.0,2.977,2.216,118 360 202 288
leucine,13,tryptophan,5,2,18,2,19.68,22.338,0.563,36.7,16.1,13.0379,0.0,2.977,1.256,118 0 143 83 180 180
leucine,13,tryptophan,5,2,18,3,19.68,22.338,0.563,36.7,16.1,9.3642,0.0,2.977,1.267,118 360 213 279 179 180 180 180
leucine,13,tryptophan,5,2,18,4,19.68,22.338,0.563,36.7,16.1,5.773,0.0,2.977,1.272,118 0 143 83 180 180 181 181 180 180
leucine,13,tryptophan,5,13,16,1,19.68,18.982,0.563,83.4,123.2,11.7298,0.0,2.958,0.795,247 44 181 181
leucine,13,tryptophan,5,13,16,2,19.68,18.982,0.563,83.4,123.2,8.0428,0.0,2.722,0.54,290 325 179 180 179 179
leucine,13,tryptophan,5,13,16,3,19.68,18.982,0.563,83.4,123.2,4.4662,0.0,2.958,0.774,248 42 185 183 195 193 185 183
leucine,13,tryptophan,5,13,16,4,19.68,18.982,0.563,83.4,123.2,0.7286,0.0,2.68,0.592,292 321 179 180 179 179 179 179 179 180
leucine,13,tryptophan,5,13,17,1,19.68,19.425,0.563,81.8,104.4,12.1665,0.0,2.754,0.814,287 320 179 179
leucine,13,tryptophan,5,13,17,2,19.68,19.425,0.563,81.8,104.4,8.4866,0.0,2.958,1.054,250 28 183 181 182 182
leucine,13,tryptophan,5,13,17,3,19.68,19.425,0.563,81.8,104.4,4.887,0.0,2.765,0.826,287 321 177 178 167 169 177 178
leucine,13,tryptophan,5,13,17,4,19.68,19.425,0.563,81.8,104.4,1.1719,0.0,2.136,1.074,246 33 181 181 182 182 183 182 181 181
leucine,13,tryptophan,5,13,18,1,19.68,21.272,0.563,82.7,21.9,14.0179,0.0,2.958,0.889,245 42 180 180
leucine,13,tryptophan,5,13,18,2,19.68,21.272,0.563,82.7,21.9,10.3326,0.0,2.783,0.614,286 328 180 180 180 180
leucine,13,tryptophan,5,13,18,3,19.68,21.272,0.563,82.7,21.9,6.7641,0.0,2.958,0.853,246 41 183 182 192 191 183 182
leucine,13,tryptophan,5,13,18,4,19.68,21.272,0.563,82.7,21.9,3.05,0.0,2.508,0.609,290 322 181 181 182 182 182 181 181 181
leucine,13,lysine,8,1,13,1,20.114,20.235,-0.268,125.2,43.4,12.9753,0.0,2.461,0.425,349 122 179 180
leucine,13,lysine,8,1,13,2,20.114,20.235,-0.268,125.2,43.4,9.2922,0.0,2.601,0.689,59 236 179 180 179 179
leucine,13,lysine,8,1,13,3,20.114,20.235,-0.268,125.2,43.4,5.6951,0.0,2.464,0.413,349 122 178 179 169 171 178 179
leucine,13,lysine,8,1,13,4,20.114,20.235,-0.268,125.2,43.4,1.9843,0.0,2.622,0.774,61 236 182 181 183 183 184 183 182 181
leucine,13,lysine,8,1,14,1,20.114,18.689,-0.268,124.0,105.4,11.4308,0.0,2.589,0.767,58 240 181 181
leucine,13,lysine,8,1,14,2,20.114,18.689,-0.268,124.0,105.4,7.7477,0.0,2.447,0.477,347 121 182 181 182 182
leucine,13,lysine,8,1,14,3,20.114,18.689,-0.268,124.0,105.4,4.1481,0.0,2.583,0.768,58 239 183 182 193 191 183 182
leucine,13,lysine,8,1,14,4,20.114,18.689,-0.268,124.0,105.4,0.4448,0.0,2.554,0.653,55 240 175 177 172 173 171 174 176 177
leucine,13,lysine,8,1,15,1,20.114,18.01,-0.268,128.5,136.7,10.752,0.0,2.477,0.324,351 128 180 180
leucine,13,lysine,8,1,15,2,20.114,18.01,-0.268,128.5,136.7,7.0844,0.0,2.592,0.666,59 229 182 181 182 182
leucine,13,lysine,8,1,15,3,20.114,18.01,-0.268,128.5,136.7,3.4831,0.0,2.476,0.327,350 128 180 180 181 181 180 180
leucine,13,lysine,8,1,15,4,20.114,18.01,-0.268,128.5,136.7,0.0,0.0,2.597,0.914,59 223 175 160 164 171 176 194 202 186
leucine,13,lysine,8,2,13,1,20.114,22.434,-0.268,32.2,43.5,16.9133,0.0,2.266,2.168,75 0 161 57
leucine,13,lysine,8,2,13,2,20.114,22.434,-0.268,32.2,43.5,13.4004,0.0,2.268,1.264,75 0 215 285 181 180
leucine,13,lysine,8,2,13,3,20.114,22.434,-0.268,32.2,43.5,9.7334,0.0,2.256,1.906,74 0 149 70 183 182 183 182
leucine,13,lysine,8,2,13,4,20.114,22.434,-0.268,32.2,43.5,6.1236,0.0,2.26,1.293,75 0 215 286 181 181 190 188 181 181
leucine,13,lysine,8,2,14,1,20.114,20.799,-0.268,36.2,109.2,15.0529,0.0,2.104,2.531,70 0 159 68
leucine,13,lysine,8,2,14,2,20.114,20.799,-0.268,36.2,109.2,11.5459,0.0,2.11,1.761,70 360 217 279 179 180
leucine,13,lysine,8,2,14,3,20.114,20.799,-0.268,36.2,109.2,7.8643,0.0,2.106,2.283,70 0 148 78 180 180 180 180
leucine,13,lysine,8,2,14,4,20.114,20.799,-0.268,36.2,109.2,4.2638,0.0,2.118,1.748,70 360 216 280 179 179 171 172 178 179
leucine,13,lysine,8,2,15,1,20.114,20.26,-0.268,33.2,133.9,14.7072,0.0,2.464,2.166,81 360 199 303
leucine,13,lysine,8,2,15,2,20.114,20.26,-0.268,33.2,133.9,11.1921,0.0,2.458,1.975,81 360 145 75 180 180
leucine,13,lysine,8,2,15,3,20.114,20.26,-0.268,33.2,133.9,7.5264,0.0,2.468,0.89,81 360 211 289 177 178 177 177
leucine,13,lysine,8,2,15,4,20.114,20.26,-0.268,33.2,133.9,3.9168,0.0,2.454,1.978,81 360 145 75 179 180 176 176 179 180
leucine,13,lysine,8,13,13,1,20.114,21.601,-0.268,71.1,49.0,14.3673,0.0,2.032,1.621,292 1 181 181
leucine,13,lysine,8,13,13,2,20.114,21.601,-0.268,71.1,49.0,10.7829,0.0,2.026,1.107,292 0 156 155 180 180
leucine,13,lysine,8,13,13,3,20.114,21.601,-0.268,71.1,49.0,7.1471,0.0,2.049,1.41,291 2 196 196 188 185 186 185
leucine,13,lysine,8,13,13,4,20.114,21.601,-0.268,71.1,49.0,3.478,0.0,2.026,1.083,292 0 155 154 180 180 185 184 180 180
leucine,13,lysine,8,13,14,1,20.114,20.16,-0.268,65.9,105.8,13.0175,0.0,1.969,1.781,294 0 184 186
leucine,13,lysine,8,13,14,2,20.114,20.16,-0.268,65.9,105.8,9.5079,0.0,1.956,1.154,295 359 147 140 178 179
leucine,13,lysine,8,13,14,3,20.114,20.16,-0.268,65.9,105.8,5.8184,0.0,1.966,1.891,294 0 206 215 180 180 180 180
leucine,13,lysine,8,13,14,4,20.114,20.16,-0.268,65.9,105.8,2.2012,0.0,1.953,1.165,295 359 147 141 176 178 165 168 176 178
leucine,13,lysine,8,13,15,1,20.114,19.456,-0.268,70.5,138.7,12.2361,0.0,2.136,1.317,289 359 179 179
leucine,13,lysine,8,13,15,2,20.114,19.456,-0.268,70.5,138.7,8.6696,0.0,2.142,1.473,289 360 206 208 180 180
leucine,13,lysine,8,13,15,3,20.114,19.456,-0.268,70.5,138.7,5.0419,0.0,2.114,0.955,291 358 160 159 173 176 173 174
leucine,13,lysine,8,13,15,4,20.114,19.456,-0.268,70.5,138.7,1.3991,0.0,2.13,1.302,289 360 206 209 180 180 179 180 180 180
leucine,13,aspartic,8,1,3,1,15.943,14.975,-0.155,111.6,100.6,7.7153,0.0,2.47,1.39,15 99 180 180
leucine,13,aspartic,8,1,3,2,15.943,14.975,-0.155,111.6,100.6,4.0287,0.0,2.778,1.177,89 262 180 180 180 180
leucine,13,aspartic,8,1,3,3,15.943,14.975,-0.155,111.6,100.6,0.4394,0.0,2.46,1.457,17 101 168 173 151 157 170 173
leucine,13,aspartic,8,1,3,4,15.943,14.975,-0.155,111.6,100.6,0.0,0.0,2.705,2.8,131 200 193 140 146 205 197 160 168 187
leucine,13,aspartic,8,1,4,1,15.943,16.667,-0.155,108.3,27.8,9.4215,0.0,2.656,1.274,86 266 181 181
leucine,13,aspartic,8,1,4,2,15.943,16.667,-0.155,108.3,27.8,5.7671,0.0,2.475,1.677,13 91 186 183 186 185
leucine,13,aspartic,8,1,4,3,15.943,16.667,-0.155,108.3,27.8,2.0916,0.0,2.664,1.27,87 266 181 181 193 191 181 181
leucine,13,aspartic,8,1,4,4,15.943,16.667,-0.155,108.3,27.8,0.2808,0.0,1.994,2.127,15 67 191 186 205 200 190 187 57 155
leucine,13,aspartic,8,1,5,1,15.943,14.267,-0.155,107.8,131.8,7.0203,0.0,2.596,1.327,83 267 181 181
leucine,13,aspartic,8,1,5,2,15.943,14.267,-0.155,107.8,131.8,3.3677,0.0,2.439,1.686,11 91 186 183 187 186
leucine,13,aspartic,8,1,5,3,15.943,14.267,-0.155,107.8,131.8,0.0,0.0,2.972,0.873,89 233 198 156 169 182 184 185
leucine,13,aspartic,8,1,5,4,15.943,14.267,-0.155,107.8,131.8,0.0,0.0,2.431,2.801,132 200 196 129 139 223 207 172 190 195
leucine,13,aspartic,8,2,3,1,15.943,17.113,-0.155,8.9,99.9,13.4454,0.0,2.977,1.411,101 360 180 360
leucine,13,aspartic,8,2,3,2,15.943,17.113,-0.155,8.9,99.9,9.7227,0.0,2.977,0.717,99 0 179 1 183 183
leucine,13,aspartic,8,2,3,3,15.943,17.113,-0.155,8.9,99.9,6.1738,0.0,2.977,0.77,102 360 181 359 152 150 177 178
leucine,13,aspartic,8,2,3,4,15.943,17.113,-0.155,8.9,99.9,2.4576,0.0,2.977,0.637,98 0 179 1 199 202 184 182 183 183
leucine,13,aspartic,8,2,4,1,15.943,18.715,-0.155,9.9,32.2,14.8828,0.0,1.88,2.782,63 0 180 0
leucine,13,aspartic,8,2,4,2,15.943,18.715,-0.155,9.9,32.2,11.199,0.0,1.907,1.252,64 360 181 358 179 179
leucine,13,aspartic,8,2,4,3,15.943,18.715,-0.155,9.9,32.2,7.6141,0.0,1.856,0.862,62 0 180 1 202 202 182 181
leucine,13,aspartic,8,2,4,4,15.943,18.715,-0.155,9.9,32.2,3.9413,0.0,1.915,1.514,64 360 182 358 167 168 173 176 175 176
leucine,13,aspartic,8,2,5,1,15.943,16.3,-0.155,12.1,136.4,12.3847,0.0,1.746,2.937,58 0 180 0
leucine,13,aspartic,8,2,5,2,15.943,16.3,-0.155,12.1,136.4,8.7091,0.0,1.786,1.535,60 360 182 357 178 178
leucine,13,aspartic,8,2,5,3,15.943,16.3,-0.155,12.1,136.4,5.1262,0.0,1.744,1.106,58 0 179 1 203 203 183 182
leucine,13,aspartic,8,2,5,4,15.943,16.3,-0.155,12.1,136.4,1.4779,0.0,1.927,1.577,65 360 182 357 164 165 171 174 171 173
leucine,13,aspartic,8,13,3,1,15.943,15.394,-0.155,95.0,104.8,8.1523,0.0,2.275,2.464,329 291 177 178
leucine,13,aspartic,8,13,3,2,15.943,15.394,-0.155,95.0,104.8,4.455,0.0,2.446,2.447,267 66 178 179 178 178
leucine,13,aspartic,8,13,3,3,15.943,15.394,-0.155,95.0,104.8,0.8173,0.0,2.278,2.501,330 291 179 179 168 169 179 179
leucine,13,aspartic,8,13,3,4,15.943,15.394,-0.155,95.0,104.8,0.0,0.0,2.958,4.379,236 154 157 213 205 137 148 185 173 172
leucine,13,aspartic,8,13,4,1,15.943,17.087,-0.155,92.1,34.8,9.8358,0.0,2.349,2.544,270 63 181 181
leucine,13,aspartic,8,13,4,2,15.943,17.087,-0.155,92.1,34.8,6.1525,0.0,2.086,2.515,329 301 179 180 180 180
leucine,13,aspartic,8,13,4,3,15.943,17.087,-0.155,92.1,34.8,2.515,0.0,2.352,2.541,270 63 182 181 193 191 182 181
leucine,13,aspartic,8,13,4,4,15.943,17.087,-0.155,92.1,34.8,0.2748,0.0,2.278,3.135,278 75 171 175 155 160 172 174 284 210
leucine,13,aspartic,8,13,5,1,15.943,14.764,-0.155,88.7,133.4,7.5126,0.0,2.227,2.534,273 56 180 180
leucine,13,aspartic,8,13,5,2,15.943,14.764,-0.155,88.7,133.4,3.87,0.0,1.951,2.482,327 310 173 176 173 174
leucine,13,aspartic,8,13,5,3,15.943,14.764,-0.155,88.7,133.4,0.1869,0.0,2.245,2.527,272 57 179 179 167 169 179 179
leucine,13,aspartic,8,13,5,4,15.943,14.764,-0.155,88.7,133.4,0.0,0.0,2.958,3.939,236 148 156 221 212 147 157 195 185 172
leucine,13,glutamic,10,1,5,1,13.981,13.835,0.322,156.2,30.2,6.8509,0.0,2.426,0.823,35 179 160 147
leucine,13,glutamic,10,1,5,2,13.981,13.835,0.322,156.2,30.2,3.2529,0.0,2.429,0.439,37 179 215 229 176 178
leucine,13,glutamic,10,1,5,3,13.981,13.835,0.322,156.2,30.2,0.4836,0.0,2.422,0.665,28 164 152 161 166 168 270 211
leucine,13,glutamic,10,1,5,4,13.981,13.835,0.322,156.2,30.2,0.0,0.0,2.972,2.118,117 220 154 150 129 164 209 113 94 214
leucine,13,glutamic,10,1,6,1,13.981,11.382,0.322,155.0,136.6,4.4386,0.0,2.425,0.879,35 178 156 142
leucine,13,glutamic,10,1,6,2,13.981,11.382,0.322,155.0,136.6,0.8514,0.0,2.423,0.466,34 179 213 234 172 176
leucine,13,glutamic,10,1,6,3,13.981,11.382,0.322,155.0,136.6,0.0,0.0,2.972,3.323,124 172 172 141 144 228 220 172
leucine,13,glutamic,10,1,6,4,13.981,11.382,0.322,155.0,136.6,0.0,0.0,2.64,1.445,63 113 178 191 117 250 231 113 198 246
leucine,13,glutamic,10,1,7,1,13.981,12.63,0.322,164.6,83.0,5.9652,0.0,2.519,1.365,52 180 155 113
leucine,13,glutamic,10,1,7,2,13.981,12.63,0.322,164.6,83.0,2.4074,0.0,2.518,0.851,51 180 220 249 182 181
leucine,13,glutamic,10,1,7,3,13.981,12.63,0.322,164.6,83.0,0.0,0.0,2.443,1.314,40 160 217 24 54 180 244 228
leucine,13,glutamic,10,1,7,4,13.981,12.63,0.322,164.6,83.0,0.0,0.0,2.972,3.38,174 153 162 150 139 222 216 143 156 195
leucine,13,glutamic,10,2,5,1,13.981,16.227,0.322,48.1,28.2,9.9187,0.0,2.977,2.294,112 0 155 97
leucine,13,glutamic,10,2,5,2,13.981,16.227,0.322,48.1,28.2,6.4037,0.0,2.977,2.014,111 0 219 261 182 181
leucine,13,glutamic,10,2,5,3,13.981,16.227,0.322,48.1,28.2,2.7052,0.0,2.977,0.991,110 1 145 97 187 184 186 186
leucine,13,glutamic,10,2,5,4,13.981,16.227,0.322,48.1,28.2,0.6133,0.0,2.3,0.181,106 360 209 292 171 175 174 175 64 157
leucine,13,glutamic,10,2,6,1,13.981,13.788,0.322,46.6,134.3,7.6368,0.0,2.977,2.226,112 0 155 85
leucine,13,glutamic,10,2,6,2,13.981,13.788,0.322,46.6,134.3,4.1056,0.0,2.977,1.936,111 1 218 266 186 184
leucine,13,glutamic,10,2,6,3,13.981,13.788,0.322,46.6,134.3,0.38,0.0,2.977,0.937,111 1 146 90 194 187 193 192
leucine,13,glutamic,10,2,6,4,13.981,13.788,0.322,46.6,134.3,0.0,0.0,2.761,2.374,169 287 163 113 149 13 49 186 180 195
leucine,13,glutamic,10,2,7,1,13.981,14.964,0.322,53.6,84.5,8.3827,0.0,2.977,2.558,119 0 205 247
leucine,13,glutamic,10,2,7,2,13.981,14.964,0.322,53.6,84.5,4.851,0.0,2.977,1.687,119 0 141 108 182 181
leucine,13,glutamic,10,2,7,3,13.981,14.964,0.322,53.6,84.5,1.129,0.0,2.977,2.707,120 360 213 251 175 178 177 177
leucine,13,glutamic,10,2,7,4,13.981,14.964,0.322,53.6,84.5,0.0,0.0,2.977,3.116,124 303 268 41 76 205 175 143 149 185
leucine,13,glutamic,10,13,5,1,13.981,15.699,0.322,70.1,35.3,8.5159,0.0,2.958,1.44,260 2 186 186
leucine,13,glutamic,10,13,5,2,13.981,15.699,0.322,70.1,35.3,4.9318,0.0,2.958,1.612,261 0 151 148 180 180
leucine,13,glutamic,10,13,5,3,13.981,15.699,0.322,70.1,35.3,1.2088,0.0,2.958,1.483,260 1 162 156 184 182 183 183
leucine,13,glutamic,10,13,5,4,13.981,15.699,0.322,70.1,35.3,0.0,0.0,2.465,0.454,266 34 136 166 156 179 174 210 308 216
leucine,13,glutamic,10,13,6,1,13.981,13.234,0.322,69.8,142.6,6.0895,0.0,2.958,1.364,260 1 190 192
leucine,13,glutamic,10,13,6,2,13.981,13.234,0.322,69.8,142.6,2.5315,0.0,2.958,1.597,261 359 150 144 178 179
leucine,13,glutamic,10,13,6,3,13.981,13.234,0.322,69.8,142.6,0.0,0.0,2.958,2.679,217 86 171 234 206 169 168 175
leucine,13,glutamic,10,13,6,4,13.981,13.234,0.322,69.8,142.6,0.0,0.0,2.958,3.725,196 138 141 220 215 155 163 217 209 171
leucine,13,glutamic,10,13,7,1,13.981,14.534,0.322,71.0,84.9,7.3439,0.0,2.958,2.183,255 357 172 172
leucine,13,glutamic,10,13,7,2,13.981,14.534,0.322,71.0,84.9,3.7356,0.0,2.958,1.522,252 0 209 211 181 180
leucine,13,glutamic,10,13,7,3,13.981,14.534,0.322,71.0,84.9,0.02,0.0,2.958,1.773,253 360 197 201 180 181 178 179
leucine,13,glutamic,10,13,7,4,13.981,14.534,0.322,71.0,84.9,0.0,0.0,2.958,4.704,199 135 141 216 209 157 165 208 201 174
leucine,13,serine,20,1,3,1,9.768,8.44,-0.669,130.3,88.6,1.1778,0.0,2.972,0.662,108 225 192 188
leucine,13,serine,20,1,3,2,9.768,8.44,-0.669,130.3,88.6,0.0,0.0,2.972,2.032,142 189 248 51 58 194
leucine,13,serine,20,1,3,3,9.768,8.44,-0.669,130.3,88.6,0.0,0.0,2.972,2.959,169 193 250 100 78 254 186 103
leucine,13,serine,20,1,3,4,9.768,8.44,-0.669,130.3,88.6,0.0,0.0,2.76,2.763,78 22 216 138 196 91 80 283 260 143
leucine,13,serine,20,1,4,1,9.768,9.946,-0.669,141.0,21.5,2.6751,0.0,2.569,0.943,57 154 177 178
leucine,13,serine,20,1,4,2,9.768,9.946,-0.669,141.0,21.5,0.6172,0.0,2.972,3.307,139 207 167 174 64 149
leucine,13,serine,20,1,4,3,9.768,9.946,-0.669,141.0,21.5,0.0,0.0,2.972,3.38,139 164 200 214 63 166 327 165
leucine,13,serine,20,1,4,4,9.768,9.946,-0.669,141.0,21.5,0.0,0.0,2.972,3.38,187 160 184 154 138 221 219 117 131 201
leucine,13,serine,20,1,5,1,9.768,8.663,-0.669,144.9,80.4,1.3903,0.0,2.9,0.985,80 202 173 176
leucine,13,serine,20,1,5,2,9.768,8.663,-0.669,144.9,80.4,0.0,0.0,2.423,0.724,33 204 170 302 111 325
leucine,13,serine,20,1,5,3,9.768,8.663,-0.669,144.9,80.4,0.0,0.0,2.972,2.467,160 163 175 117 123 290 278 171
leucine,13,serine,20,1,5,4,9.768,8.663,-0.669,144.9,80.4,0.0,0.0,2.972,2.972,186 155 175 148 130 229 227 116 133 204
leucine,13,serine,20,2,3,1,9.768,10.832,-0.669,27.4,91.4,6.1041,0.0,2.977,3.354,141 359 186 349
leucine,13,serine,20,2,3,2,9.768,10.832,-0.669,27.4,91.4,2.4001,0.0,2.977,2.405,139 360 157 40 180 180
leucine,13,serine,20,2,3,3,9.768,10.832,-0.669,27.4,91.4,0.0,0.0,2.977,2.29,170 319 225 45 131 218 200 178
leucine,13,serine,20,2,3,4,9.768,10.832,-0.669,27.4,91.4,0.0,0.0,1.843,0.505,40 302 257 82 134 246 219 175 186 188
leucine,13,serine,20,2,4,1,9.768,12.358,-0.669,37.1,24.0,6.7919,0.0,2.977,3.338,140 0 198 309
leucine,13,serine,20,2,4,2,9.768,12.358,-0.669,37.1,24.0,3.2732,0.0,2.977,3.129,139 1 147 67 188 185
leucine,13,serine,20,2,4,3,9.768,12.358,-0.669,37.1,24.0,0.49,0.0,2.977,4.553,156 357 138 103 162 168 267 215
leucine,13,serine,20,2,4,4,9.768,12.358,-0.669,37.1,24.0,0.0,0.0,2.977,4.658,127 48 146 160 39 136 267 211 32 183
leucine,13,serine,20,2,5,1,9.768,11.133,-0.669,36.9,80.2,5.6308,0.0,2.977,2.431,122 0 164 42
leucine,13,serine,20,2,5,2,9.768,11.133,-0.669,36.9,80.2,2.0718,0.0,2.977,2.608,123 360 212 296 177 178
leucine,13,serine,20,2,5,3,9.768,11.133,-0.669,36.9,80.2,0.0,0.0,2.734,1.248,104 314 204 108 163 223 210 179
leucine,13,serine,20,2,5,4,9.768,11.133,-0.669,36.9,80.2,0.0,0.0,2.438,0.861,43 100 60 114 148 259 253 208 210 179
leucine,13,serine,20,13,3,1,9.768,9.334,-0.669,91.6,100.3,2.07,0.0,2.958,1.201,239 61 187 184
leucine,13,serine,20,13,3,2,9.768,9.334,-0.669,91.6,100.3,0.0,0.0,2.958,2.748,219 133 149 237 225 172
leucine,13,serine,20,13,3,3,9.768,9.334,-0.669,91.6,100.3,0.0,0.0,2.958,3.794,215 172 147 218 218 95 111 201
leucine,13,serine,20,13,3,4,9.768,9.334,-0.669,91.6,100.3,0.0,0.0,2.958,4.285,182 171 158 219 225 130 137 232 216 161
leucine,13,serine,20,13,4,1,9.768,11.056,-0.669,90.6,27.5,3.837,0.0,2.708,1.51,290 302 172 175
leucine,13,serine,20,13,4,2,9.768,11.056,-0.669,90.6,27.5,0.7968,0.0,2.693,2.617,291 268 193 188 106 145
leucine,13,serine,20,13,4,3,9.768,11.056,-0.669,90.6,27.5,0.0,0.0,2.958,4.628,202 116 187 199 235 179 52 151
leucine,13,serine,20,13,4,4,9.768,11.056,-0.669,90.6,27.5,0.0,0.0,2.958,5.61,183 167 152 213 216 140 147 229 217 166
leucine,13,serine,20,13,5,1,9.768,10.135,-0.669,78.8,70.2,2.8504,0.0,2.958,1.175,246 32 179 180
leucine,13,serine,20,13,5,2,9.768,10.135,-0.669,78.8,70.2,0.0099,0.0,2.368,0.492,285 354 146 112 297 202
leucine,13,serine,20,13,5,3,9.768,10.135,-0.669,78.8,70.2,0.0,0.0,2.958,1.848,213 85 100 326 283 107 141 215
leucine,13,serine,20,13,5,4,9.768,10.135,-0.669,78.8,70.2,0.0,0.0,2.742,1.879,288 171 80 199 200 118 120 240 222 154
serine,31,arginine,3,3,16,1,6.799,5.722,-0.13,69.4,170.0,0.4724,0.0,4.763,4.566,225 313 287 299
serine,31,arginine,3,3,16,2,6.799,5.722,-0.13,69.4,170.0,0.0,0.0,4.862,3.93,266 93 54 185 317 68
serine,31,arginine,3,3,16,3,6.799,5.722,-0.13,69.4,170.0,0.0,0.0,4.959,4.305,301 35 17 311 302 54 116 256
serine,31,arginine,3,3,16,4,6.799,5.722,-0.13,69.4,170.0,0.0,0.0,4.749,3.937,298 357 14 301 282 88 121 288 248 152
serine,31,arginine,3,3,17,1,6.799,7.947,-0.13,76.9,57.2,0.6642,0.0,4.527,4.863,215 27 180 180
serine,31,arginine,3,3,17,2,6.799,7.947,-0.13,76.9,57.2,0.0,0.0,4.469,4.866,195 167 86 236 232 140
serine,31,arginine,3,3,17,3,6.799,7.947,-0.13,76.9,57.2,0.0,0.0,4.453,4.866,193 197 99 216 256 58 93 241
serine,31,arginine,3,3,17,4,6.799,7.947,-0.13,76.9,57.2,0.0,0.0,3.896,4.464,231 161 129 185 209 108 107 271 243 144
serine,31,arginine,3,3,18,1,6.799,7.911,-0.13,66.8,58.7,0.858,0.0,4.664,3.927,248 360 160 129
serine,31,arginine,3,3,18,2,6.799,7.911,-0.13,66.8,58.7,0.0,0.0,4.271,2.829,268 101 80 248 212 137
serine,31,arginine,3,3,18,3,6.799,7.911,-0.13,66.8,58.7,0.0,0.0,4.323,3.651,219 179 99 214 254 66 92 233
serine,31,arginine,3,3,18,4,6.799,7.911,-0.13,66.8,58.7,0.0,0.0,4.131,3.465,279 360 24 348 325 74 110 264 229 146
serine,31,arginine,3,4,16,1,6.799,6.134,-0.13,54.0,146.2,0.2786,0.0,4.416,3.591,137 354 200 333
serine,31,arginine,3,4,16,2,6.799,6.134,-0.13,54.0,146.2,0.0,0.0,3.627,1.506,100 300 326 343 119 34
serine,31,arginine,3,4,16,3,6.799,6.134,-0.13,54.0,146.2,0.0,0.0,3.52,0.858,64 300 331 63 118 288 160 96
serine,31,arginine,3,4,16,4,6.799,6.134,-0.13,54.0,146.2,0.0,0.0,4.131,0.886,4 335 301 60 92 279 249 130 156 201
serine,31,arginine,3,4,17,1,6.799,8.361,-0.13,61.4,49.3,1.5387,0.0,3.656,3.591,143 360 201 251
serine,31,arginine,3,4,17,2,6.799,8.361,-0.13,61.4,49.3,0.0,0.0,3.66,3.591,182 273 230 139 40 185
serine,31,arginine,3,4,17,3,6.799,8.361,-0.13,61.4,49.3,0.0,0.0,3.447,2.26,120 300 333 46 51 247 276 148
serine,31,arginine,3,4,17,4,6.799,8.361,-0.13,61.4,49.3,0.0,0.0,3.374,0.91,75 347 310 77 98 229 220 106 114 195
serine,31,arginine,3,4,18,1,6.799,8.288,-0.13,51.9,52.4,1.995,0.0,3.729,2.88,125 0 159 70
serine,31,arginine,3,4,18,2,6.799,8.288,-0.13,51.9,52.4,0.1456,0.0,3.376,0.434,87 355 214 301 307 207
serine,31,arginine,3,4,18,3,6.799,8.288,-0.13,51.9,52.4,0.0,0.0,2.852,0.685,67 301 240 111 146 247 245 183
serine,31,arginine,3,4,18,4,6.799,8.288,-0.13,51.9,52.4,0.0,0.0,3.434,0.535,8 331 281 81 108 245 233 154 158 187
serine,31,arginine,3,5,16,1,6.799,3.908,-0.13,161.2,150.3,1.359,0.0,4.844,3.146,126 83 299 360
serine,31,arginine,3,5,16,2,6.799,3.908,-0.13,161.2,150.3,0.0,0.0,4.544,1.351,4 345 357 332 222 356
serine,31,arginine,3,5,16,3,6.799,3.908,-0.13,161.2,150.3,0.0,0.0,4.814,1.13,342 68 254 235 316 23 215 279
serine,31,arginine,3,5,16,4,6.799,3.908,-0.13,161.2,150.3,0.0,0.0,3.892,2.34,164 71 215 181 40 316 213 6 256 298
serine,31,arginine,3,5,17,1,6.799,6.308,-0.13,157.8,42.9,0.6638,0.0,4.145,3.146,119 112 268 310
serine,31,arginine,3,5,17,2,6.799,6.308,-0.13,157.8,42.9,0.0,0.0,4.424,3.146,107 73 245 158 71 0
serine,31,arginine,3,5,17,3,6.799,6.308,-0.13,157.8,42.9,0.0,0.0,4.233,2.51,40 103 189 169 73 264 254 82
serine,31,arginine,3,5,17,4,6.799,6.308,-0.13,157.8,42.9,0.0,0.0,4.415,0.976,353 126 148 112 80 300 291 64 101 222
serine,31,arginine,3,5,18,1,6.799,5.945,-0.13,166.8,57.8,0.5778,0.0,4.161,2.193,61 224 118 11
serine,31,arginine,3,5,18,2,6.799,5.945,-0.13,166.8,57.8,0.0,0.0,3.231,0.361,339 129 229 129 32 359
serine,31,arginine,3,5,18,3,6.799,5.945,-0.13,166.8,57.8,0.0,0.0,4.247,3.146,133 260 156 70 16 317 255 57
serine,31,arginine,3,5,18,4,6.799,5.945,-0.13,166.8,57.8,0.0,0.0,1.352,1.064,344 226 203 44 39 269 265 96 128 223
serine,31,lysine,5,3,13,1,7.447,7.563,0.011,20.1,141.3,4.1448,0.0,6.404,4.174,1 360 181 359
serine,31,lysine,5,3,13,2,7.447,7.563,0.011,20.1,141.3,0.3032,0.0,4.058,3.131,359 0 180 0 159 108
serine,31,lysine,5,3,13,3,7.447,7.563,0.011,20.1,141.3,0.0,0.0,2.0,1.192,317 246 310 20 103 95 215 286
serine,31,lysine,5,3,13,4,7.447,7.563,0.011,20.1,141.3,0.0,0.0,4.452,3.372,75 51 37 118 153 264 257 241 240 153
serine,31,lysine,5,3,14,1,7.447,9.299,0.011,32.1,66.8,4.2526,0.0,6.397,4.173,1 360 182 357
serine,31,lysine,5,3,14,2,7.447,9.299,0.011,32.1,66.8,0.6794,0.0,4.102,3.974,358 1 156 41 188 186
serine,31,lysine,5,3,14,3,7.447,9.299,0.011,32.1,66.8,0.0,0.0,4.58,4.303,321 312 274 64 111 233 211 173
serine,31,lysine,5,3,14,4,7.447,9.299,0.011,32.1,66.8,0.0,0.0,3.958,4.445,357 332 124 124 127 348 244 12 23 54
serine,31,lysine,5,3,15,1,7.447,9.978,0.011,18.7,37.2,6.0494,0.0,6.055,4.092,350 360 180 360
serine,31,lysine,5,3,15,2,7.447,9.978,0.011,18.7,37.2,2.2953,0.0,3.384,3.257,353 0 180 0 195 207
serine,31,lysine,5,3,15,3,7.447,9.978,0.011,18.7,37.2,0.4822,0.0,4.093,3.506,52 0 180 0 186 191 277 197
serine,31,lysine,5,3,15,4,7.447,9.978,0.011,18.7,37.2,0.0,0.0,1.359,0.597,252 55 152 287 191 135 166 232 260 212
serine,31,lysine,5,4,13,1,7.447,6.23,0.011,79.9,158.6,0.3595,0.0,4.0,2.126,16 340 287 266
serine,31,lysine,5,4,13,2,7.447,6.23,0.011,79.9,158.6,0.0,0.0,4.329,3.337,340 334 275 100 98 268
serine,31,lysine,5,4,13,3,7.447,6.23,0.011,79.9,158.6,0.0,0.0,4.445,3.363,315 354 318 48 77 296 266 146
serine,31,lysine,5,4,13,4,7.447,6.23,0.011,79.9,158.6,0.0,0.0,4.441,0.4,46 16 343 334 337 283 272 51 151 273
serine,31,lysine,5,4,14,1,7.447,8.273,0.011,76.1,62.0,0.9844,0.0,4.319,1.956,16 24 178 179
serine,31,lysine,5,4,14,2,7.447,8.273,0.011,76.1,62.0,0.0,0.0,4.915,3.55,319 76 171 54 105 180
serine,31,lysine,5,4,14,3,7.447,8.273,0.011,76.1,62.0,0.0,0.0,4.887,2.548,93 211 206 13 240 320 278 196
serine,31,lysine,5,4,14,4,7.447,8.273,0.011,76.1,62.0,0.0,0.0,4.971,1.476,16 54 1 336 12 285 262 52 87 224
serine,31,lysine,5,4,15,1,7.447,8.604,0.011,82.6,48.4,1.3154,0.0,3.697,1.454,20 44 179 179
serine,31,lysine,5,4,15,2,7.447,8.604,0.011,82.6,48.4,0.0,0.0,3.44,1.572,37 165 49 162 302 211
serine,31,lysine,5,4,15,3,7.447,8.604,0.011,82.6,48.4,0.0,0.0,3.89,3.138,353 5 311 42 57 258 264 148
serine,31,lysine,5,4,15,4,7.447,8.604,0.011,82.6,48.4,0.0,0.0,2.242,0.325,55 354 316 8 35 278 265 36 102 243
serine,31,lysine,5,5,13,1,7.447,6.217,0.011,80.4,138.4,0.0,0.0,2.488,0.759,317 93 88 251
serine,31,lysine,5,5,13,2,7.447,6.217,0.011,80.4,138.4,0.0,0.0,3.231,0.85,351 128 44 1 69 50
serine,31,lysine,5,5,13,3,7.447,6.217,0.011,80.4,138.4,0.0,0.0,1.958,1.097,31 64 8 283 250 69 218 302
serine,31,lysine,5,5,13,4,7.447,6.217,0.011,80.4,138.4,0.0,0.0,3.754,0.814,306 11 48 335 309 76 130 344 176 55
serine,31,lysine,5,5,14,1,7.447,8.274,0.011,76.1,52.0,1.1455,0.0,2.616,1.258,352 338 149 152
serine,31,lysine,5,5,14,2,7.447,8.274,0.011,76.1,52.0,0.0589,0.0,3.744,1.99,17 6 116 88 17 160
serine,31,lysine,5,5,14,3,7.447,8.274,0.011,76.1,52.0,0.0,0.0,4.054,1.461,350 52 185 265 138 8 175 29
serine,31,lysine,5,5,14,4,7.447,8.274,0.011,76.1,52.0,0.0,0.0,4.821,1.343,269 43 115 344 292 73 70 324 296 116
serine,31,lysine,5,5,15,1,7.447,8.423,0.011,89.3,45.5,1.1878,0.0,2.459,0.971,288 60 178 178
serine,31,lysine,5,5,15,2,7.447,8.423,0.011,89.3,45.5,0.0,0.0,2.697,1.387,269 149 68 147 68 168
serine,31,lysine,5,5,15,3,7.447,8.423,0.011,89.3,45.5,0.0,0.0,1.93,1.169,359 353 55 318 347 177 7 278
serine,31,lysine,5,5,15,4,7.447,8.423,0.011,89.3,45.5,0.0,0.0,3.902,0.83,301 18 63 349 318 89 106 309 253 126
serine,31,aspartic,21,3,3,1,5.832,6.68,0.988,56.1,86.2,0.3313,0.0,3.136,4.866,155 0 168 57
serine,31,aspartic,21,3,3,2,5.832,6.68,0.988,56.1,86.2,0.0,0.0,2.118,4.866,127 296 239 29 243 312
serine,31,aspartic,21,3,3,3,5.832,6.68,0.988,56.1,86.2,0.0,0.0,3.711,4.866,120 326 336 20 76 317 210 86
serine,31,aspartic,21,3,3,4,5.832,6.68,0.988,56.1,86.2,0.0,0.0,2.014,4.866,26 327 292 76 113 257 227 138 154 191
serine,31,aspartic,21,3,4,1,5.832,8.256,0.988,47.2,9.9,2.264,0.0,3.338,4.866,174 0 198 304
serine,31,aspartic,21,3,4,2,5.832,8.256,0.988,47.2,9.9,0.6151,0.0,3.472,4.866,199 28 118 126 31 141
serine,31,aspartic,21,3,4,3,5.832,8.256,0.988,47.2,9.9,0.0,0.0,3.506,4.866,245 321 160 129 74 176 336 206
serine,31,aspartic,21,3,4,4,5.832,8.256,0.988,47.2,9.9,0.0,0.0,3.871,4.866,105 332 201 107 169 195 259 145 53 110
serine,31,aspartic,21,3,5,1,5.832,6.197,0.988,53.9,104.9,0.0424,0.0,3.538,4.866,184 360 192 330
serine,31,aspartic,21,3,5,2,5.832,6.197,0.988,53.9,104.9,0.0,0.0,3.991,4.866,202 222 272 104 137 300
serine,31,aspartic,21,3,5,3,5.832,6.197,0.988,53.9,104.9,0.0,0.0,3.949,4.54,232 40 23 322 274 57 160 271
serine,31,aspartic,21,3,5,4,5.832,6.197,0.988,53.9,104.9,0.0,0.0,2.501,2.523,322 27 65 296 263 86 112 227 207 166
serine,31,aspartic,21,4,3,1,5.832,4.792,0.988,134.4,85.3,0.0742,0.0,2.944,3.591,171 90 331 348
serine,31,aspartic,21,4,3,2,5.832,4.792,0.988,134.4,85.3,0.0,0.0,3.244,3.591,220 100 347 15 112 10
serine,31,aspartic,21,4,3,3,5.832,4.792,0.988,134.4,85.3,0.0,0.0,3.622,3.591,238 41 52 196 327 350 168 215
serine,31,aspartic,21,4,3,4,5.832,4.792,0.988,134.4,85.3,0.0,0.0,2.97,3.591,300 130 190 133 113 250 236 98 125 206
serine,31,aspartic,21,4,4,1,5.832,6.414,0.988,120.1,9.2,1.1206,0.0,0.713,1.438,98 283 352 115
serine,31,aspartic,21,4,4,2,5.832,6.414,0.988,120.1,9.2,0.4221,0.0,1.766,0.544,71 302 6 178 0 259
serine,31,aspartic,21,4,4,3,5.832,6.414,0.988,120.1,9.2,0.0,0.0,2.465,1.944,9 110 206 109 55 261 286 133
serine,31,aspartic,21,4,4,4,5.832,6.414,0.988,120.1,9.2,0.0,0.0,3.622,3.591,249 164 202 135 123 235 228 106 124 204
serine,31,aspartic,21,4,5,1,5.832,4.845,0.988,104.6,83.4,0.0303,0.0,3.337,3.591,170 48 24 21
serine,31,aspartic,21,4,5,2,5.832,4.845,0.988,104.6,83.4,0.0,0.0,3.622,3.591,203 132 350 27 104 345
serine,31,aspartic,21,4,5,3,5.832,4.845,0.988,104.6,83.4,0.0,0.0,3.622,3.591,226 149 285 160 69 269 199 67
serine,31,aspartic,21,4,5,4,5.832,4.845,0.988,104.6,83.4,0.0,0.0,3.054,3.591,283 174 291 116 61 328 226 332 104 227
serine,31,aspartic,21,5,3,1,5.832,5.748,0.988,90.6,64.8,0.2425,0.0,3.035,3.146,194 329 315 294
serine,31,aspartic,21,5,3,2,5.832,5.748,0.988,90.6,64.8,0.0,0.0,3.109,3.146,188 282 296 329 303 350
serine,31,aspartic,21,5,3,3,5.832,5.748,0.988,90.6,64.8,0.0,0.0,3.493,3.146,152 246 15 200 293 96 183 294
serine,31,aspartic,21,5,3,4,5.832,5.748,0.988,90.6,64.8,0.0,0.0,4.067,3.146,187 224 72 156 263 315 280 113 64 45
serine,31,aspartic,21,5,4,1,5.832,6.647,0.988,109.6,23.7,0.8242,0.0,0.809,1.637,262 145 342 234
serine,31,aspartic,21,5,4,2,5.832,6.647,0.988,109.6,23.7,0.1914,0.0,1.492,0.592,298 156 302 210 354 258
serine,31,aspartic,21,5,4,3,5.832,6.647,0.988,109.6,23.7,0.0,0.0,3.547,3.146,138 185 141 244 263 90 84 216
serine,31,aspartic,21,5,4,4,5.832,6.647,0.988,109.6,23.7,0.0,0.0,4.183,3.146,119 179 146 226 237 130 135 261 241 152
serine,31,aspartic,21,5,5,1,5.832,4.603,0.988,115.4,108.1,0.1497,0.0,3.646,3.146,188 318 343 350
serine,31,aspartic,21,5,5,2,5.832,4.603,0.988,115.4,108.1,0.0,0.0,3.904,3.146,148 350 303 295 284 333
serine,31,aspartic,21,5,5,3,5.832,4.603,0.988,115.4,108.1,0.0,0.0,4.331,3.146,137 165 86 220 332 104 96 318
serine,31,aspartic,21,5,5,4,5.832,4.603,0.988,115.4,108.1,0.0,0.0,3.585,3.146,72 170 100 259 282 73 101 339 286 143
serine,31,glutamic,9,3,5,1,8.514,9.466,-0.022,47.6,82.2,3.4005,0.0,2.606,2.276,280 0 157 68
serine,31,glutamic,9,3,5,2,8.514,9.466,-0.022,47.6,82.2,0.0,0.0,1.556,1.367,283 342 163 55 223 192
serine,31,glutamic,9,3,5,3,8.514,9.466,-0.022,47.6,82.2,0.0,0.0,1.028,1.48,309 32 72 313 277 111 137 201
serine,31,glutamic,9,3,5,4,8.514,9.466,-0.022,47.6,82.2,0.0,0.0,2.098,1.412,313 20 57 302 278 122 141 247 231 162
serine,31,glutamic,9,3,6,1,8.514,8.03,-0.022,50.4,149.6,2.056,0.0,3.045,2.618,298 359 206 296
serine,31,glutamic,9,3,6,2,8.514,8.03,-0.022,50.4,149.6,0.0,0.0,1.889,2.376,318 42 99 300 293 152
serine,31,glutamic,9,3,6,3,8.514,8.03,-0.022,50.4,149.6,0.0,0.0,1.812,2.716,359 28 62 302 263 103 143 206
serine,31,glutamic,9,3,6,4,8.514,8.03,-0.022,50.4,149.6,0.0,0.0,2.416,3.638,6 8 38 315 285 92 131 239 206 160
serine,31,glutamic,9,3,7,1,8.514,10.481,-0.022,47.9,41.1,4.3596,0.0,2.933,2.781,300 360 205 283
serine,31,glutamic,9,3,7,2,8.514,10.481,-0.022,47.9,41.1,0.8738,0.0,2.66,3.014,307 359 211 280 169 174
serine,31,glutamic,9,3,7,3,8.514,10.481,-0.022,47.9,41.1,0.0102,0.0,4.583,4.395,357 344 138 105 112 154 295 226
serine,31,glutamic,9,3,7,4,8.514,10.481,-0.022,47.9,41.1,0.0,0.0,4.59,4.723,41 322 150 295 244 137 115 152 272 251
serine,31,glutamic,9,4,5,1,8.514,9.449,-0.022,48.4,90.5,3.3531,0.0,5.305,0.564,81 0 204 287
serine,31,glutamic,9,4,5,2,8.514,9.449,-0.022,48.4,90.5,0.0,0.0,3.88,0.629,97 334 161 101 143 178
serine,31,glutamic,9,4,5,3,8.514,9.449,-0.022,48.4,90.5,0.0,0.0,3.135,1.116,33 293 297 78 112 229 171 131
serine,31,glutamic,9,4,5,4,8.514,9.449,-0.022,48.4,90.5,0.0,0.0,4.228,1.777,22 347 310 53 77 248 228 135 153 197
serine,31,glutamic,9,4,6,1,8.514,8.253,-0.022,40.2,148.0,2.9266,0.0,5.419,0.559,64 1 163 33
serine,31,glutamic,9,4,6,2,8.514,8.253,-0.022,40.2,148.0,0.0,0.0,3.923,1.035,53 324 214 88 103 181
serine,31,glutamic,9,4,6,3,8.514,8.253,-0.022,40.2,148.0,0.0,0.0,3.411,1.824,9 317 290 66 105 249 205 151
serine,31,glutamic,9,4,6,4,8.514,8.253,-0.022,40.2,148.0,0.0,0.0,4.099,2.326,1 345 314 45 75 267 233 127 156 201
serine,31,glutamic,9,4,7,1,8.514,10.51,-0.022,46.6,49.4,4.4474,0.0,5.601,0.553,64 360 156 75
serine,31,glutamic,9,4,7,2,8.514,10.51,-0.022,46.6,49.4,0.9248,0.0,4.514,0.501,63 1 141 79 192 188
serine,31,glutamic,9,4,7,3,8.514,10.51,-0.022,46.6,49.4,0.0,0.0,4.839,2.934,7 344 220 94 145 209 234 233
serine,31,glutamic,9,4,7,4,8.514,10.51,-0.022,46.6,49.4,0.0,0.0,4.994,1.734,19 343 305 50 74 246 224 140 156 196
serine,31,glutamic,9,5,5,1,8.514,7.421,-0.022,131.3,91.4,0.1536,0.0,2.851,0.965,320 140 163 168
serine,31,glutamic,9,5,5,2,8.514,7.421,-0.022,131.3,91.4,0.0,0.0,3.069,0.88,353 359 23 32 356 64
serine,31,glutamic,9,5,5,3,8.514,7.421,-0.022,131.3,91.4,0.0,0.0,4.276,1.338,259 113 155 304 317 49 91 251
serine,31,glutamic,9,5,5,4,8.514,7.421,-0.022,131.3,91.4,0.0,0.0,4.331,2.448,231 101 198 113 28 290 4 272 208 135
serine,31,glutamic,9,5,6,1,8.514,6.396,-0.022,113.9,138.9,0.0,0.0,3.257,0.873,350 254 4 153
serine,31,glutamic,9,5,6,2,8.514,6.396,-0.022,113.9,138.9,0.0,0.0,3.942,0.749,297 358 319 251 300 260
serine,31,glutamic,9,5,6,3,8.514,6.396,-0.022,113.9,138.9,0.0,0.0,3.568,1.449,285 272 13 112 356 68 222 5
serine,31,glutamic,9,5,6,4,8.514,6.396,-0.022,113.9,138.9,0.0,0.0,2.652,2.219,36 333 184 313 26 307 274 349 220 311
serine,31,glutamic,9,5,7,1,8.514,8.742,-0.022,116.5,39.0,1.4769,0.0,3.164,0.817,318 109 171 174
serine,31,glutamic,9,5,7,2,8.514,8.742,-0.022,116.5,39.0,0.065,0.0,4.685,0.867,301 50 234 205 21 163
serine,31,glutamic,9,5,7,3,8.514,8.742,-0.022,116.5,39.0,0.0,0.0,3.633,1.494,11 51 58 349 31 161 47 276
serine,31,glutamic,9,5,7,4,8.514,8.742,-0.022,116.5,39.0,0.0,0.0,4.967,0.681,301 237 10 234 100 169 290 303 203 100
serine,31,isoleucine,4,3,4,1,3.817,4.06,-0.514,101.1,69.1,0.986,0.0,3.948,4.866,302 124 349 351
serine,31,isoleucine,4,3,4,2,3.817,4.06,-0.514,101.1,69.1,0.0,0.0,3.886,4.866,195 259 20 53 98 4
serine,31,isoleucine,4,3,4,3,3.817,4.06,-0.514,101.1,69.1,0.0,0.0,3.127,4.866,159 178 111 247 291 66 119 271
serine,31,isoleucine,4,3,4,4,3.817,4.06,-0.514,101.1,69.1,0.0,0.0,2.887,4.866,160 103 135 285 320 102 83 274 196 75
serine,31,isoleucine,4,3,5,1,3.817,4.147,-0.514,70.0,66.0,1.2368,0.0,3.742,4.153,299 109 30 9
serine,31,isoleucine,4,3,5,2,3.817,4.147,-0.514,70.0,66.0,0.0,0.0,3.958,3.792,350 101 16 317 223 33
serine,31,isoleucine,4,3,5,3,3.817,4.147,-0.514,70.0,66.0,0.0,0.0,3.531,4.07,29 40 44 280 264 71 131 240
serine,31,isoleucine,4,3,5,4,3.817,4.147,-0.514,70.0,66.0,0.0001,0.0,4.008,1.511,23 250 308 273 270 67 77 299 247 121
serine,31,isoleucine,4,3,6,1,3.817,2.582,-0.514,71.1,132.9,2.3575,0.0,3.486,4.866,228 225 352 357
serine,31,isoleucine,4,3,6,2,3.817,2.582,-0.514,71.1,132.9,1.3122,0.0,3.795,4.866,173 246 0 9 168 0
serine,31,isoleucine,4,3,6,3,3.817,2.582,-0.514,71.1,132.9,0.0,0.0,4.106,4.393,154 332 272 118 66 319 221 52
serine,31,isoleucine,4,3,6,4,3.817,2.582,-0.514,71.1,132.9,0.0,0.0,4.372,4.866,102 321 353 273 289 54 63 342 262 92
serine,31,isoleucine,4,4,4,1,3.817,5.943,-0.514,25.2,51.1,2.986,0.0,4.687,3.591,180 2 176 2
serine,31,isoleucine,4,4,4,2,3.817,5.943,-0.514,25.2,51.1,0.0,0.0,4.203,3.591,221 4 152 36 127 28
serine,31,isoleucine,4,4,4,3,3.817,5.943,-0.514,25.2,51.1,0.0,0.0,3.145,3.591,174 270 324 216 297 277 267 136
serine,31,isoleucine,4,4,4,4,3.817,5.943,-0.514,25.2,51.1,0.0,0.0,3.983,3.591,259 166 304 20 182 244 30 321 96 1
serine,31,isoleucine,4,4,5,1,3.817,5.335,-0.514,17.2,73.7,3.658,0.0,4.28,2.133,110 357 186 359
serine,31,isoleucine,4,4,5,2,3.817,5.335,-0.514,17.2,73.7,0.2579,0.0,3.601,0.677,90 308 245 356 194 348
serine,31,isoleucine,4,4,5,3,3.817,5.335,-0.514,17.2,73.7,0.0,0.0,3.199,0.959,34 302 287 74 93 283 239 136
serine,31,isoleucine,4,4,5,4,3.817,5.335,-0.514,17.2,73.7,0.0,0.0,2.924,0.346,22 341 304 57 86 267 241 108 132 202
serine,31,isoleucine,4,4,6,1,3.817,3.696,-0.514,32.4,154.9,2.8906,0.0,4.767,3.591,157 59 105 360
serine,31,isoleucine,4,4,6,2,3.817,3.696,-0.514,32.4,154.9,0.3175,0.0,3.903,3.334,131 211 346 346 204 353
serine,31,isoleucine,4,4,6,3,3.817,3.696,-0.514,32.4,154.9,0.0,0.0,4.11,0.879,55 288 327 67 100 313 199 102
serine,31,isoleucine,4,4,6,4,3.817,3.696,-0.514,32.4,154.9,0.0,0.0,4.114,1.427,34 343 326 73 102 278 223 87 134 203
serine,31,isoleucine,4,5,4,1,3.817,3.956,-0.514,105.4,33.5,1.6006,0.0,3.488,3.146,128 66 13 13
serine,31,isoleucine,4,5,4,2,3.817,3.956,-0.514,105.4,33.5,0.4234,0.0,3.773,3.146,158 65 13 84 74 6
serine,31,isoleucine,4,5,4,3,3.817,3.956,-0.514,105.4,33.5,0.0,0.0,3.146,3.146,202 189 253 105 71 295 230 83
serine,31,isoleucine,4,5,4,4,3.817,3.956,-0.514,105.4,33.5,0.0,0.0,4.222,3.146,165 272 262 92 61 278 262 38 130 275
serine,31,isoleucine,4,5,5,1,3.817,3.108,-0.514,109.7,64.4,1.9106,0.0,3.037,0.736,12 287 355 357
serine,31,isoleucine,4,5,5,2,3.817,3.108,-0.514,109.7,64.4,0.8334,0.0,3.297,0.856,324 290 358 321 232 359
serine,31,isoleucine,4,5,5,3,3.817,3.108,-0.514,109.7,64.4,0.0,0.0,3.002,0.405,302 291 39 48 63 358 245 329
serine,31,isoleucine,4,5,5,4,3.817,3.108,-0.514,109.7,64.4,0.0,0.0,1.627,0.454,312 19 340 64 29 293 315 43 111 275
serine,31,isoleucine,4,5,6,1,3.817,1.571,-0.514,110.0,129.9,3.3021,0.0,3.71,3.146,145 75 3 2
serine,31,isoleucine,4,5,6,2,3.817,1.571,-0.514,110.0,129.9,2.3542,0.0,3.824,3.146,193 69 1 29 141 1
serine,31,isoleucine,4,5,6,3,3.817,1.571,-0.514,110.0,129.9,0.0,0.0,3.471,1.595,272 3 23 62 107 357 170 25
serine,31,isoleucine,4,5,6,4,3.817,1.571,-0.514,110.0,129.9,0.0,0.0,4.879,0.745,345 292 278 103 91 265 265 78 145 251
serine,31,leucine,13,3,1,1,17.122,16.615,-0.32,73.1,118.4,9.3592,0.0,9.36,3.507,261 359 179 180
serine,31,leucine,13,3,1,2,17.122,16.615,-0.32,73.1,118.4,5.8223,0.0,6.074,2.14,257 3 204 202 187 185
serine,31,leucine,13,3,1,3,17.122,16.615,-0.32,73.1,118.4,2.0659,0.0,2.677,1.045,260 360 174 174 179 179 179 179
serine,31,leucine,13,3,1,4,17.122,16.615,-0.32,73.1,118.4,0.0,0.0,2.347,1.6,226 120 136 215 200 154 165 173 166 177
serine,31,leucine,13,3,2,1,17.122,18.674,-0.32,77.4,31.9,11.4199,0.0,9.345,3.785,274 334 179 179
serine,31,leucine,13,3,2,2,17.122,18.674,-0.32,77.4,31.9,7.7541,0.0,5.987,2.073,255 5 184 183 183 182
serine,31,leucine,13,3,2,3,17.122,18.674,-0.32,77.4,31.9,4.1386,0.0,2.393,1.402,273 336 177 178 167 169 177 178
serine,31,leucine,13,3,2,4,17.122,18.674,-0.32,77.4,31.9,0.7978,0.0,1.564,1.654,270 330 180 180 177 177 180 180 134 150
serine,31,leucine,13,3,13,1,17.122,17.888,-0.32,76.6,68.8,10.6311,0.0,9.33,3.553,252 22 181 181
serine,31,leucine,13,3,13,2,17.122,17.888,-0.32,76.6,68.8,6.9791,0.0,5.912,2.505,269 356 170 173 176 177
serine,31,leucine,13,3,13,3,17.122,17.888,-0.32,76.6,68.8,3.3279,0.0,2.236,2.439,253 21 183 182 193 191 183 182
serine,31,leucine,13,3,13,4,17.122,17.888,-0.32,76.6,68.8,0.0054,0.0,1.889,2.39,282 345 181 180 198 195 180 180 234 212
serine,31,leucine,13,4,1,1,17.122,17.248,-0.32,46.7,126.5,10.9796,0.0,12.059,2.338,119 360 155 96
serine,31,leucine,13,4,1,2,17.122,17.248,-0.32,46.7,126.5,7.4688,0.0,8.54,2.24,119 360 219 263 178 179
serine,31,leucine,13,4,1,3,17.122,17.248,-0.32,46.7,126.5,3.8056,0.0,5.178,0.704,120 360 144 98 176 178 176 176
serine,31,leucine,13,4,1,4,17.122,17.248,-0.32,46.7,126.5,0.1356,0.0,2.533,0.482,119 360 219 263 179 179 168 170 179 179
serine,31,leucine,13,4,2,1,17.122,19.431,-0.32,46.0,35.0,13.16,0.0,12.078,2.734,123 0 204 263
serine,31,leucine,13,4,2,2,17.122,19.431,-0.32,46.0,35.0,9.6516,0.0,8.629,2.011,123 0 141 98 182 181
serine,31,leucine,13,4,2,3,17.122,19.431,-0.32,46.0,35.0,5.9745,0.0,5.246,0.757,123 0 215 261 185 182 184 184
serine,31,leucine,13,4,2,4,17.122,19.431,-0.32,46.0,35.0,2.3267,0.0,2.845,0.741,123 0 141 98 182 181 194 192 182 181
serine,31,leucine,13,4,13,1,17.122,18.731,-0.32,40.5,67.4,12.7739,0.0,12.029,2.207,117 0 157 78
serine,31,leucine,13,4,13,2,17.122,18.731,-0.32,40.5,67.4,9.2569,0.0,8.416,2.129,117 0 218 273 181 180
serine,31,leucine,13,4,13,3,17.122,18.731,-0.32,40.5,67.4,5.5808,0.0,4.894,0.567,116 0 146 85 184 182 184 184
serine,31,leucine,13,4,13,4,17.122,18.731,-0.32,40.5,67.4,1.9412,0.0,1.657,0.566,117 360 218 273 179 179 166 168 179 179
serine,31,leucine,13,5,1,1,17.122,14.823,-0.32,156.4,124.7,7.7766,0.0,8.049,2.378,45 180 194 207
serine,31,leucine,13,5,1,2,17.122,14.823,-0.32,156.4,124.7,4.2699,0.0,4.743,1.234,42 179 144 134 175 177
serine,31,leucine,13,5,1,3,17.122,14.823,-0.32,156.4,124.7,0.5165,0.0,2.08,1.189,45 180 208 223 183 181 182 182
serine,31,leucine,13,5,1,4,17.122,14.823,-0.32,156.4,124.7,0.0,0.0,2.145,2.414,156 177 176 135 130 193 189 152 161 192
serine,31,leucine,13,5,2,1,17.122,16.994,-0.32,155.9,33.7,9.9091,0.0,7.974,2.721,55 180 171 164
serine,31,leucine,13,5,2,2,17.122,16.994,-0.32,155.9,33.7,6.4077,0.0,4.73,1.292,57 181 214 223 183 182
serine,31,leucine,13,5,2,3,17.122,16.994,-0.32,155.9,33.7,2.6682,0.0,1.768,1.608,56 180 152 139 182 181 182 182
serine,31,leucine,13,5,2,4,17.122,16.994,-0.32,155.9,33.7,0.4249,0.0,1.394,2.029,76 179 212 241 172 176 174 175 75 155
serine,31,leucine,13,5,13,1,17.122,16.267,-0.32,149.0,67.4,9.0596,0.0,8.03,2.532,50 183 185 184
serine,31,leucine,13,5,13,2,17.122,16.267,-0.32,149.0,67.4,5.4381,0.0,4.451,1.974,46 180 155 154 180 180
serine,31,leucine,13,5,13,3,17.122,16.267,-0.32,149.0,67.4,1.7571,0.0,1.315,1.899,52 184 197 197 194 188 188 187
serine,31,leucine,13,5,13,4,17.122,16.267,-0.32,149.0,67.4,0.0,0.0,1.581,3.146,96 206 168 149 191 217 182 225 262 209
serine,31,tryptophan,5,3,16,1,8.911,9.631,-0.939,17.3,116.1,5.8906,0.0,7.816,4.255,10 0 180 0
serine,31,tryptophan,5,3,16,2,8.911,9.631,-0.939,17.3,116.1,2.2452,0.0,5.011,3.486,16 359 182 358 155 142
serine,31,tryptophan,5,3,16,3,8.911,9.631,-0.939,17.3,116.1,0.0,0.0,3.389,3.979,349 323 238 54 138 234 206 177
serine,31,tryptophan,5,3,16,4,8.911,9.631,-0.939,17.3,116.1,0.0,0.0,3.123,4.162,21 321 285 52 84 254 227 141 157 192
serine,31,tryptophan,5,3,17,1,8.911,11.48,-0.939,8.4,42.1,8.324,0.0,7.665,4.315,16 0 180 0
serine,31,tryptophan,5,3,17,2,8.911,11.48,-0.939,8.4,42.1,4.6081,0.0,4.925,3.43,15 360 181 360 158 135
serine,31,tryptophan,5,3,17,3,8.911,11.48,-0.939,8.4,42.1,1.0442,0.0,3.151,3.397,8 360 181 359 143 125 176 178
serine,31,tryptophan,5,3,17,4,8.911,11.48,-0.939,8.4,42.1,0.0,0.0,1.169,0.57,248 12 176 15 185 229 213 210 103 59
serine,31,tryptophan,5,3,18,1,8.911,11.237,-0.939,19.4,53.3,7.0382,0.0,7.03,4.644,43 360 180 360
serine,31,tryptophan,5,3,18,2,8.911,11.237,-0.939,19.4,53.3,3.494,0.0,4.341,3.889,38 1 168 16 200 197
serine,31,tryptophan,5,3,18,3,8.911,11.237,-0.939,19.4,53.3,0.0479,0.0,2.675,4.597,39 3 158 32 215 204 227 210
serine,31,tryptophan,5,3,18,4,8.911,11.237,-0.939,19.4,53.3,0.0,0.0,1.283,4.527,65 303 271 71 97 224 205 143 154 190
serine,31,tryptophan,5,4,16,1,8.911,8.067,-0.939,88.9,103.7,0.7792,0.0,2.831,1.575,11 59 178 179
serine,31,tryptophan,5,4,16,2,8.911,8.067,-0.939,88.9,103.7,0.0,0.0,2.965,3.44,319 86 176 360 203 206
serine,31,tryptophan,5,4,16,3,8.911,8.067,-0.939,88.9,103.7,0.0,0.0,2.852,1.206,348 293 336 57 92 342 28 12
serine,31,tryptophan,5,4,16,4,8.911,8.067,-0.939,88.9,103.7,0.0,0.0,2.483,0.277,71 325 289 16 41 275 257 57 103 227
serine,31,tryptophan,5,4,17,1,8.911,9.683,-0.939,96.4,39.6,2.3941,0.0,2.067,1.391,16 73 180 180
serine,31,tryptophan,5,4,17,2,8.911,9.683,-0.939,96.4,39.6,0.234,0.0,1.044,1.642,104 301 179 180 299 207
serine,31,tryptophan,5,4,17,3,8.911,9.683,-0.939,96.4,39.6,0.0,0.0,0.785,1.276,23 85 195 17 17 184 324 96
serine,31,tryptophan,5,4,17,4,8.911,9.683,-0.939,96.4,39.6,0.0,0.0,1.828,3.591,158 204 206 128 128 219 210 127 140 195
serine,31,tryptophan,5,4,18,1,8.911,9.371,-0.939,102.1,53.9,2.0829,0.0,1.634,0.991,76 277 181 180
serine,31,tryptophan,5,4,18,2,8.911,9.371,-0.939,102.1,53.9,0.0,0.0,1.666,2.712,339 86 227 219 270 239
serine,31,tryptophan,5,4,18,3,8.911,9.371,-0.939,102.1,53.9,0.0,0.0,2.087,3.591,331 330 315 159 46 196 249 231
serine,31,tryptophan,5,4,18,4,8.911,9.371,-0.939,102.1,53.9,0.0,0.0,1.553,2.267,81 42 319 336 334 230 267 160 102 191
serine,31,tryptophan,5,5,16,1,8.911,8.205,-0.939,83.8,113.2,0.9156,0.0,2.483,0.918,288 47 180 180
serine,31,tryptophan,5,5,16,2,8.911,8.205,-0.939,83.8,113.2,0.0,0.0,2.965,1.131,2 11 72 329 298 159
serine,31,tryptophan,5,5,16,3,8.911,8.205,-0.939,83.8,113.2,0.0,0.0,2.321,0.852,13 317 72 341 290 59 94 112
serine,31,tryptophan,5,5,16,4,8.911,8.205,-0.939,83.8,113.2,0.0,0.0,2.446,1.987,252 70 107 291 274 91 116 0 216 91
serine,31,tryptophan,5,5,17,1,8.911,9.785,-0.939,92.5,51.8,2.5769,0.0,1.697,1.259,273 61 195 189
serine,31,tryptophan,5,5,17,2,8.911,9.785,-0.939,92.5,51.8,0.0658,0.0,1.533,0.908,348 253 196 190 69 149
serine,31,tryptophan,5,5,17,3,8.911,9.785,-0.939,92.5,51.8,0.0,0.0,2.668,0.922,1 330 61 6 297 52 70 208
serine,31,tryptophan,5,5,17,4,8.911,9.785,-0.939,92.5,51.8,0.0,0.0,3.033,0.708,305 346 325 58 350 35 53 337 293 35
serine,31,tryptophan,5,5,18,1,8.911,10.005,-0.939,78.2,41.7,2.7194,0.0,2.548,0.864,322 330 181 181
serine,31,tryptophan,5,5,18,2,8.911,10.005,-0.939,78.2,41.7,0.5226,0.0,1.431,0.893,277 5 220 270 32 164
serine,31,tryptophan,5,5,18,3,8.911,10.005,-0.939,78.2,41.7,0.0,0.0,1.92,2.51,258 357 187 108 140 179 23 88
serine,31,tryptophan,5,5,18,4,8.911,10.005,-0.939,78.2,41.7,0.0,0.0,1.71,3.146,220 293 310 49 68 141 172 242 284 160
serine,31,lysine,8,3,13,1,3.203,4.326,-0.464,69.8,57.8,0.9351,0.0,4.523,4.866,76 230 331 355
serine,31,lysine,8,3,13,2,3.203,4.326,-0.464,69.8,57.8,0.0,0.0,4.259,4.866,8 269 325 26 178 323
serine,31,lysine,8,3,13,3,3.203,4.326,-0.464,69.8,57.8,0.0,0.0,4.509,4.446,333 308 340 61 121 310 172 109
serine,31,lysine,8,3,13,4,3.203,4.326,-0.464,69.8,57.8,0.0,0.0,3.308,3.656,330 111 59 106 99 283 289 39 86 243
serine,31,lysine,8,3,14,1,3.203,2.839,-0.464,74.5,114.4,1.9474,0.0,4.557,4.866,121 161 3 1
serine,31,lysine,8,3,14,2,3.203,2.839,-0.464,74.5,114.4,1.0848,0.0,4.391,4.866,187 106 4 20 149 2
serine,31,lysine,8,3,14,3,3.203,2.839,-0.464,74.5,114.4,0.0,0.0,3.441,4.866,201 271 215 209 331 11 168 352
serine,31,lysine,8,3,14,4,3.203,2.839,-0.464,74.5,114.4,0.0,0.0,4.733,4.803,342 22 339 48 79 294 266 80 112 211
serine,31,lysine,8,3,15,1,3.203,3.485,-0.464,35.3,87.4,3.0727,0.0,3.834,4.866,78 270 293 357
serine,31,lysine,8,3,15,2,3.203,3.485,-0.464,35.3,87.4,0.767,0.0,3.867,4.059,31 222 346 340 215 352
serine,31,lysine,8,3,15,3,3.203,3.485,-0.464,35.3,87.4,0.0,0.0,3.631,2.642,347 279 297 91 89 303 232 98
serine,31,lysine,8,3,15,4,3.203,3.485,-0.464,35.3,87.4,0.0,0.0,3.44,3.278,323 343 311 48 69 293 266 84 126 219
serine,31,lysine,8,4,13,1,3.203,3.175,-0.464,114.8,26.4,2.292,0.0,2.845,2.41,351 55 9 10
serine,31,lysine,8,4,13,2,3.203,3.175,-0.464,114.8,26.4,1.2302,0.0,2.863,0.909,27 60 7 76 84 3
serine,31,lysine,8,4,13,3,3.203,3.175,-0.464,114.8,26.4,0.0,0.0,2.987,0.251,43 39 46 232 310 67 93 299
serine,31,lysine,8,4,13,4,3.203,3.175,-0.464,114.8,26.4,0.0,0.0,0.991,0.407,57 344 27 294 330 69 39 310 252 86
serine,31,lysine,8,4,14,1,3.203,1.806,-0.464,116.7,70.0,3.1565,0.0,3.83,3.591,219 298 357 358
serine,31,lysine,8,4,14,2,3.203,1.806,-0.464,116.7,70.0,2.1941,0.0,3.83,3.591,169 298 358 318 236 359
serine,31,lysine,8,4,14,3,3.203,1.806,-0.464,116.7,70.0,0.0,0.0,3.83,2.331,113 323 355 271 275 38 156 304
serine,31,lysine,8,4,14,4,3.203,1.806,-0.464,116.7,70.0,0.0,0.0,3.364,0.679,76 292 335 305 294 61 77 307 251 118
serine,31,lysine,8,4,15,1,3.203,1.449,-0.464,107.6,80.6,3.5094,0.0,2.505,0.773,41 71 4 3
serine,31,lysine,8,4,15,2,3.203,1.449,-0.464,107.6,80.6,2.5515,0.0,2.708,1.157,88 71 2 41 126 1
serine,31,lysine,8,4,15,3,3.203,1.449,-0.464,107.6,80.6,0.0,0.0,1.676,1.811,96 355 64 209 328 354 187 11
serine,31,lysine,8,4,15,4,3.203,1.449,-0.464,107.6,80.6,0.0,0.0,2.918,2.128,187 31 355 156 71 273 238 48 118 237
serine,31,lysine,8,5,13,1,3.203,5.467,-0.464,19.8,39.4,3.5562,0.0,1.704,2.753,249 3 176 1
serine,31,lysine,8,5,13,2,3.203,5.467,-0.464,19.8,39.4,0.8634,0.0,2.173,0.948,295 55 106 15 145 26
serine,31,lysine,8,5,13,3,3.203,5.467,-0.464,19.8,39.4,0.0,0.0,3.426,1.214,344 64 91 291 262 56 95 216
serine,31,lysine,8,5,13,4,3.203,5.467,-0.464,19.8,39.4,0.0,0.0,2.846,1.004,6 23 64 314 284 78 104 249 225 157
serine,31,lysine,8,5,14,1,3.203,3.97,-0.464,34.4,95.7,2.7153,0.0,4.914,3.146,203 303 254 358
serine,31,lysine,8,5,14,2,3.203,3.97,-0.464,34.4,95.7,0.0,0.0,4.211,3.146,213 163 17 311 236 355
serine,31,lysine,8,5,14,3,3.203,3.97,-0.464,34.4,95.7,0.0,0.0,3.917,1.694,260 63 27 282 288 53 152 281
serine,31,lysine,8,5,14,4,3.203,3.97,-0.464,34.4,95.7,0.0,0.0,4.144,0.595,306 14 29 291 264 83 131 273 241 171
serine,31,lysine,8,5,15,1,3.203,3.468,-0.464,36.0,117.7,2.8459,0.0,3.076,1.214,271 76 84 1
serine,31,lysine,8,5,15,2,3.203,3.468,-0.464,36.0,117.7,0.4488,0.0,2.21,2.157,249 192 1 39 127 1
serine,31,lysine,8,5,15,3,3.203,3.468,-0.464,36.0,117.7,0.0,0.0,4.176,2.307,32 101 59 356 209 313 182 0
serine,31,lysine,8,5,15,4,3.203,3.468,-0.464,36.0,117.7,0.0,0.0,2.586,0.295,2 359 36 300 277 81 105 281 246 145
serine,31,aspartic,8,3,3,1,6.478,7.975,-0.454,70.4,28.2,1.276,0.0,1.72,3.998,305 2 238 245
serine,31,aspartic,8,3,3,2,6.478,7.975,-0.454,70.4,28.2,0.4667,0.0,2.378,3.084,278 347 252 259 335 217
serine,31,aspartic,8,3,3,3,6.478,7.975,-0.454,70.4,28.2,0.0,0.0,2.169,2.541,253 13 191 122 100 256 302 142
serine,31,aspartic,8,3,3,4,6.478,7.975,-0.454,70.4,28.2,0.0,0.0,2.577,3.586,311 21 66 333 306 98 107 283 251 136
serine,31,aspartic,8,3,4,1,6.478,7.13,-0.454,84.5,66.4,0.1631,0.0,1.854,4.81,356 16 106 183
serine,31,aspartic,8,3,4,2,6.478,7.13,-0.454,84.5,66.4,0.0,0.0,2.973,4.866,12 111 320 51 208 68
serine,31,aspartic,8,3,4,3,6.478,7.13,-0.454,84.5,66.4,0.0,0.0,3.586,3.943,286 11 303 157 349 222 279 24
serine,31,aspartic,8,3,4,4,6.478,7.13,-0.454,84.5,66.4,0.0,0.0,2.852,4.097,320 347 42 22 353 81 98 294 248 129
serine,31,aspartic,8,3,5,1,6.478,6.478,-0.454,83.1,90.4,0.0,0.0,3.083,4.866,308 99 93 234
serine,31,aspartic,8,3,5,2,6.478,6.478,-0.454,83.1,90.4,0.0,0.0,3.377,4.866,347 118 335 340 280 67
serine,31,aspartic,8,3,5,3,6.478,6.478,-0.454,83.1,90.4,0.0,0.0,3.635,4.866,37 9 33 304 276 86 128 224
serine,31,aspartic,8,3,5,4,6.478,6.478,-0.454,83.1,90.4,0.0,0.0,3.075,3.995,309 347 29 17 9 92 80 294 233 96
serine,31,aspartic,8,4,3,1,6.478,8.868,-0.454,31.2,42.1,3.9468,0.0,2.582,2.357,15 360 181 358
serine,31,aspartic,8,4,3,2,6.478,8.868,-0.454,31.2,42.1,0.3648,0.0,1.581,2.159,20 0 199 322 180 180
serine,31,aspartic,8,4,3,3,6.478,8.868,-0.454,31.2,42.1,0.0,0.0,2.277,3.316,334 1 244 37 113 242 263 220
serine,31,aspartic,8,4,3,4,6.478,8.868,-0.454,31.2,42.1,0.0,0.0,2.343,0.606,70 296 287 67 88 247 211 118 160 210
serine,31,aspartic,8,4,4,1,6.478,8.404,-0.454,31.8,61.9,3.5228,0.0,2.459,3.503,343 0 179 2
serine,31,aspartic,8,4,4,2,6.478,8.404,-0.454,31.8,61.9,0.0001,0.0,1.292,3.333,350 351 170 1 219 176
serine,31,aspartic,8,4,4,3,6.478,8.404,-0.454,31.8,61.9,0.0,0.0,2.839,3.426,328 52 83 306 272 99 139 212
serine,31,aspartic,8,4,4,4,6.478,8.404,-0.454,31.8,61.9,0.0,0.0,2.32,2.281,8 19 57 330 295 84 118 241 213 158
serine,31,aspartic,8,4,5,1,6.478,7.931,-0.454,16.2,79.5,4.7692,0.0,2.29,2.795,4 360 180 360
serine,31,aspartic,8,4,5,2,6.478,7.931,-0.454,16.2,79.5,1.1282,0.0,0.778,2.059,24 359 183 358 148 103
serine,31,aspartic,8,4,5,3,6.478,7.931,-0.454,16.2,79.5,0.0,0.0,1.566,0.57,63 316 245 40 131 264 219 161
serine,31,aspartic,8,4,5,4,6.478,7.931,-0.454,16.2,79.5,0.0,0.0,2.54,3.156,357 297 183 37 157 329 269 271 344 221
serine,31,aspartic,8,5,3,1,6.478,7.658,-0.454,82.1,45.8,0.6061,0.0,0.188,1.587,360 8 227 181
serine,31,aspartic,8,5,3,2,6.478,7.658,-0.454,82.1,45.8,0.0,0.0,1.75,0.858,321 359 262 85 74 203
serine,31,aspartic,8,5,3,3,6.478,7.658,-0.454,82.1,45.8,0.0,0.0,3.454,3.146,101 244 172 70 128 171 38 37
serine,31,aspartic,8,5,3,4,6.478,7.658,-0.454,82.1,45.8,0.0,0.0,1.855,2.388,35 8 320 343 11 280 259 76 108 220
serine,31,aspartic,8,5,4,1,6.478,7.611,-0.454,66.8,47.8,1.0151,0.0,1.659,2.818,53 357 127 101
serine,31,aspartic,8,5,4,2,6.478,7.611,-0.454,66.8,47.8,0.1522,0.0,3.149,3.146,82 13 113 79 36 129
serine,31,aspartic,8,5,4,3,6.478,7.611,-0.454,66.8,47.8,0.0,0.0,3.232,3.146,98 281 216 116 66 157 302 48
serine,31,aspartic,8,5,4,4,6.478,7.611,-0.454,66.8,47.8,0.0,0.0,1.761,2.533,41 346 305 28 49 271 260 59 107 233
serine,31,aspartic,8,5,5,1,6.478,6.453,-0.454,84.1,91.9,0.0,0.0,1.171,1.362,43 264 276 130
serine,31,aspartic,8,5,5,2,6.478,6.453,-0.454,84.1,91.9,0.0,0.0,2.364,0.681,5 257 15 27 80 284
serine,31,aspartic,8,5,5,3,6.478,6.453,-0.454,84.1,91.9,0.0,0.0,2.19,0.777,319 357 325 49 79 284 246 142
serine,31,aspartic,8,5,5,4,6.478,6.453,-0.454,84.1,91.9,0.0,0.0,3.009,2.346,49 20 333 325 339 285 291 45 124 269
serine,31,glutamic,10,3,5,1,9.714,10.46,-0.997,19.9,108.8,6.3889,0.0,4.937,3.712,230 0 179 1
serine,31,glutamic,10,3,5,2,9.714,10.46,-0.997,19.9,108.8,2.5609,0.0,1.627,1.622,231 360 181 359 179 179
serine,31,glutamic,10,3,5,3,9.714,10.46,-0.997,19.9,108.8,0.0,0.0,1.681,2.917,200 40 148 306 209 140 154 175
serine,31,glutamic,10,3,5,4,9.714,10.46,-0.997,19.9,108.8,0.0,0.0,3.025,0.777,325 44 84 291 254 109 131 188 178 173
serine,31,glutamic,10,3,6,1,9.714,10.37,-0.997,31.7,112.6,5.2876,0.0,5.217,2.959,247 360 186 349
serine,31,glutamic,10,3,6,2,9.714,10.37,-0.997,31.7,112.6,1.7625,0.0,1.855,1.527,243 1 155 44 192 188
serine,31,glutamic,10,3,6,3,9.714,10.37,-0.997,31.7,112.6,0.0,0.0,1.533,1.257,275 54 105 282 243 148 161 184
serine,31,glutamic,10,3,6,4,9.714,10.37,-0.997,31.7,112.6,0.0,0.0,2.412,1.397,334 264 306 264 228 95 98 196 195 177
serine,31,glutamic,10,3,7,1,9.714,12.49,-0.997,26.0,18.4,7.6558,0.0,5.061,3.265,240 360 182 357
serine,31,glutamic,10,3,7,2,9.714,12.49,-0.997,26.0,18.4,4.1259,0.0,1.56,1.562,240 0 158 40 185 183
serine,31,glutamic,10,3,7,3,9.714,12.49,-0.997,26.0,18.4,0.9587,0.0,2.52,0.891,260 0 149 57 183 182 236 212
serine,31,glutamic,10,3,7,4,9.714,12.49,-0.997,26.0,18.4,0.0278,0.0,4.639,1.702,281 0 145 73 186 183 228 210 2 178
serine,31,glutamic,10,4,5,1,9.714,8.925,-0.997,89.3,118.0,1.6896,0.0,2.871,1.629,113 306 169 173
serine,31,glutamic,10,4,5,2,9.714,8.925,-0.997,89.3,118.0,0.0,0.0,1.95,3.294,141 230 210 114 121 184
serine,31,glutamic,10,4,5,3,9.714,8.925,-0.997,89.3,118.0,0.0,0.0,2.895,3.591,147 193 210 134 140 266 248 158
serine,31,glutamic,10,4,5,4,9.714,8.925,-0.997,89.3,118.0,0.0,0.0,1.982,3.591,174 191 202 140 134 231 224 125 141 199
serine,31,glutamic,10,4,6,1,9.714,9.359,-0.997,75.7,99.8,2.0734,0.0,2.787,0.705,79 20 179 180
serine,31,glutamic,10,4,6,2,9.714,9.359,-0.997,75.7,99.8,0.0,0.0,2.952,0.779,76 287 248 118 191 226
serine,31,glutamic,10,4,6,3,9.714,9.359,-0.997,75.7,99.8,0.0,0.0,0.285,2.332,174 227 232 105 118 229 204 155
serine,31,glutamic,10,4,6,4,9.714,9.359,-0.997,75.7,99.8,0.0,0.0,1.576,1.841,185 225 237 121 123 218 202 106 124 197
serine,31,glutamic,10,4,7,1,9.714,11.175,-0.997,84.6,18.6,3.9375,0.0,2.775,1.155,111 315 177 178
serine,31,glutamic,10,4,7,2,9.714,11.175,-0.997,84.6,18.6,0.9838,0.0,3.311,0.67,53 40 162 171 109 142
serine,31,glutamic,10,4,7,3,9.714,11.175,-0.997,84.6,18.6,0.144,0.0,4.814,0.474,39 31 164 172 112 141 354 186
serine,31,glutamic,10,4,7,4,9.714,11.175,-0.997,84.6,18.6,0.0,0.0,4.242,2.826,109 210 198 171 173 231 244 125 102 170
serine,31,glutamic,10,5,5,1,9.714,8.104,-0.997,123.4,103.9,0.8461,0.0,3.145,0.471,334 236 193 189
serine,31,glutamic,10,5,5,2,9.714,8.104,-0.997,123.4,103.9,0.0,0.0,2.395,2.953,217 158 126 299 279 151
serine,31,glutamic,10,5,5,3,9.714,8.104,-0.997,123.4,103.9,0.0,0.0,1.164,3.146,184 168 135 250 265 118 145 218
serine,31,glutamic,10,5,5,4,9.714,8.104,-0.997,123.4,103.9,0.0,0.0,1.764,3.146,176 174 146 220 239 132 140 281 260 158
serine,31,glutamic,10,5,6,1,9.714,7.904,-0.997,138.2,112.3,0.6614,0.0,2.034,0.705,275 143 184 183
serine,31,glutamic,10,5,6,2,9.714,7.904,-0.997,138.2,112.3,0.0,0.0,1.268,2.368,261 210 148 308 110 23
serine,31,glutamic,10,5,6,3,9.714,7.904,-0.997,138.2,112.3,0.0,0.0,1.594,1.913,198 196 178 248 234 75 103 196
serine,31,glutamic,10,5,6,4,9.714,7.904,-0.997,138.2,112.3,0.0,0.0,2.071,2.162,148 197 184 224 243 135 136 243 226 156
serine,31,glutamic,10,5,7,1,9.714,10.049,-0.997,132.2,17.3,2.7911,0.0,2.158,0.996,267 136 177 178
serine,31,glutamic,10,5,7,2,9.714,10.049,-0.997,132.2,17.3,0.713,0.0,3.743,0.879,2 244 197 192 290 209
serine,31,glutamic,10,5,7,3,9.714,10.049,-0.997,132.2,17.3,0.0074,0.0,4.967,0.706,15 264 193 192 269 214 3 173
serine,31,glutamic,10,5,7,4,9.714,10.049,-0.997,132.2,17.3,0.0071,0.0,1.846,2.488,260 181 210 206 190 187 37 162 1 280
serine,31,serine,20,3,3,1,11.088,11.667,-0.195,52.6,101.8,5.2451,0.0,inf,2.756,281 0 206 260
serine,31,serine,20,3,3,2,11.088,11.667,-0.195,52.6,101.8,1.6821,0.0,inf,2.435,281 1 142 98 186 184
serine,31,serine,20,3,3,3,11.088,11.667,-0.195,52.6,101.8,0.0,0.0,inf,2.696,325 28 98 315 295 171 204 182
serine,31,serine,20,3,3,4,11.088,11.667,-0.195,52.6,101.8,0.0,0.0,inf,1.657,311 25 62 305 283 134 151 229 216 165
serine,31,serine,20,3,4,1,11.088,12.408,-0.195,41.3,73.9,6.5977,0.0,inf,2.211,283 360 202 296
serine,31,serine,20,3,4,2,11.088,12.408,-0.195,41.3,73.9,3.0181,0.0,inf,1.763,282 360 144 79 179 179
serine,31,serine,20,3,4,3,11.088,12.408,-0.195,41.3,73.9,0.0304,0.0,inf,1.821,293 1 212 296 192 187 254 215
serine,31,serine,20,3,4,4,11.088,12.408,-0.195,41.3,73.9,0.0,0.0,inf,3.731,352 61 93 260 236 137 174 196 167 153
serine,31,serine,20,3,5,1,11.088,11.039,-0.195,45.8,129.7,5.0307,0.0,inf,2.389,268 0 156 73
serine,31,serine,20,3,5,2,11.088,11.039,-0.195,45.8,129.7,1.4483,0.0,inf,1.283,269 0 217 276 181 180
serine,31,serine,20,3,5,3,11.088,11.039,-0.195,45.8,129.7,0.0,0.0,inf,1.72,311 53 88 306 274 177 200 183
serine,31,serine,20,3,5,4,11.088,11.039,-0.195,45.8,129.7,0.0,0.0,inf,0.928,306 24 63 303 275 130 150 229 216 167
serine,31,serine,20,4,3,1,11.088,11.806,-0.195,46.3,90.9,5.745,0.0,inf,0.624,81 1 156 75
serine,31,serine,20,4,3,2,11.088,11.806,-0.195,46.3,90.9,2.1453,0.0,inf,0.603,82 0 218 272 183 182
serine,31,serine,20,4,3,3,11.088,11.806,-0.195,46.3,90.9,0.0,0.0,inf,1.005,50 315 281 302 165 149 227 235
serine,31,serine,20,4,3,4,11.088,11.806,-0.195,46.3,90.9,0.0,0.0,inf,0.287,46 255 322 20 83 213 146 199 301 248
serine,31,serine,20,4,4,1,11.088,12.054,-0.195,57.4,81.7,5.3673,0.0,inf,0.881,78 359 154 117
serine,31,serine,20,4,4,2,11.088,12.054,-0.195,57.4,81.7,1.7928,0.0,inf,0.747,77 360 220 249 180 180
serine,31,serine,20,4,4,3,11.088,12.054,-0.195,57.4,81.7,0.0,0.0,inf,1.04,43 327 271 26 55 191 153 167
serine,31,serine,20,4,4,4,11.088,12.054,-0.195,57.4,81.7,0.0,0.0,inf,1.046,36 340 302 54 74 228 210 141 155 194
serine,31,serine,20,4,5,1,11.088,10.798,-0.195,56.4,135.0,4.2426,0.0,inf,0.757,89 0 208 253
serine,31,serine,20,4,5,2,11.088,10.798,-0.195,56.4,135.0,0.6647,0.0,inf,0.691,88 0 143 104 183 182
serine,31,serine,20,4,5,3,11.088,10.798,-0.195,56.4,135.0,0.0,0.0,inf,0.343,68 257 318 51 76 203 139 102
serine,31,serine,20,4,5,4,11.088,10.798,-0.195,56.4,135.0,0.0,0.0,inf,1.399,28 349 305 56 79 238 221 146 158 192
serine,31,serine,20,5,3,1,11.088,9.706,-0.195,132.9,93.7,2.438,0.0,inf,0.619,328 137 175 177
serine,31,serine,20,5,3,2,11.088,9.706,-0.195,132.9,93.7,0.0,0.0,inf,1.795,4 38 300 125 200 191
serine,31,serine,20,5,3,3,11.088,9.706,-0.195,132.9,93.7,0.0,0.0,inf,2.088,62 245 228 32 56 275 236 153
serine,31,serine,20,5,3,4,11.088,9.706,-0.195,132.9,93.7,0.0,0.0,inf,1.025,356 307 244 172 186 277 267 259 270 175
serine,31,serine,20,5,4,1,11.088,10.259,-0.195,130.0,73.1,3.0074,0.0,inf,0.442,20 227 188 185
serine,31,serine,20,5,4,2,11.088,10.259,-0.195,130.0,73.1,0.0,0.0,inf,0.741,20 249 154 114 290 211
serine,31,serine,20,5,4,3,11.088,10.259,-0.195,130.0,73.1,0.0,0.0,inf,2.657,240 167 156 256 235 132 170 209
serine,31,serine,20,5,4,4,11.088,10.259,-0.195,130.0,73.1,0.0,0.0,inf,1.521,31 307 18 183 160 7 80 117 27 109
serine,31,serine,20,5,5,1,11.088,8.782,-0.195,142.0,135.0,1.5285,0.0,inf,0.202,8 203 180 180
serine,31,serine,20,5,5,2,11.088,8.782,-0.195,142.0,135.0,0.0,0.0,inf,0.988,34 267 102 276 347 135
serine,31,serine,20,5,5,3,11.088,8.782,-0.195,142.0,135.0,0.0,0.0,inf,0.532,8 232 79 343 331 254 296 74
serine,31,serine,20,5,5,4,11.088,8.782,-0.195,142.0,135.0,0.0,0.0,inf,1.91,53 25 82 45 5 89 126 350 312 143
tryptophan,5,arginine,3,16,16,1,11.56,10.458,0.071,111.0,106.8,3.1942,0.0,2.879,0.945,67 263 178 179
tryptophan,5,arginine,3,16,16,2,11.56,10.458,0.071,111.0,106.8,0.0,0.0,3.037,0.646,358 138 88 172 135 115
tryptophan,5,arginine,3,16,16,3,11.56,10.458,0.071,111.0,106.8,0.0,0.0,2.094,1.106,4 46 317 352 50 269 243 160
tryptophan,5,arginine,3,16,16,4,11.56,10.458,0.071,111.0,106.8,0.0,0.0,0.486,1.42,36 288 264 18 44 258 222 69 100 206
tryptophan,5,arginine,3,16,17,1,11.56,12.489,0.071,106.9,12.1,5.2572,0.0,2.703,0.495,71 269 181 181
tryptophan,5,arginine,3,16,17,2,11.56,12.489,0.071,106.9,12.1,1.502,0.0,2.696,0.694,67 271 179 179 179 179
tryptophan,5,arginine,3,16,17,3,11.56,12.489,0.071,106.9,12.1,0.4712,0.0,2.133,1.467,47 311 156 156 221 205 347 193
tryptophan,5,arginine,3,16,17,4,11.56,12.489,0.071,106.9,12.1,0.0,0.0,3.054,0.706,340 111 110 251 89 193 253 219 6 160
tryptophan,5,arginine,3,16,18,1,11.56,10.982,0.071,113.2,86.6,3.7185,0.0,2.956,1.063,3 101 183 182
tryptophan,5,arginine,3,16,18,2,11.56,10.982,0.071,113.2,86.6,0.0007,0.0,2.921,0.584,8 101 187 183 187 186
tryptophan,5,arginine,3,16,18,3,11.56,10.982,0.071,113.2,86.6,0.0,0.0,2.694,1.09,129 206 205 118 124 215 197 162
tryptophan,5,arginine,3,16,18,4,11.56,10.982,0.071,113.2,86.6,0.0,0.0,2.221,1.208,147 226 217 103 105 210 200 121 134 197
tryptophan,5,arginine,3,17,16,1,11.56,11.509,0.071,70.8,96.4,4.2897,0.0,1.429,1.36,302 360 178 178
tryptophan,5,arginine,3,17,16,2,11.56,11.509,0.071,70.8,96.4,0.7413,0.0,1.482,1.242,299 3 215 216 189 186
tryptophan,5,arginine,3,17,16,3,11.56,11.509,0.071,70.8,96.4,0.0,0.0,0.987,0.614,328 20 76 334 289 126 152 190
tryptophan,5,arginine,3,17,16,4,11.56,11.509,0.071,70.8,96.4,0.0,0.0,0.848,4.171,352 268 292 15 8 131 150 244 212 150
tryptophan,5,arginine,3,17,17,1,11.56,13.241,0.071,78.2,16.2,6.0117,0.0,1.421,1.534,290 26 182 181
tryptophan,5,arginine,3,17,17,2,11.56,13.241,0.071,78.2,16.2,2.2852,0.0,1.256,0.665,311 350 174 176 176 177
tryptophan,5,arginine,3,17,17,3,11.56,13.241,0.071,78.2,16.2,0.5499,0.0,0.52,2.958,309 23 194 188 189 188 49 159
tryptophan,5,arginine,3,17,17,4,11.56,13.241,0.071,78.2,16.2,0.0,0.0,0.756,2.95,340 309 209 131 248 274 30 154 5 174
tryptophan,5,arginine,3,17,18,1,11.56,11.791,0.071,81.8,85.9,4.5585,0.0,1.5,1.707,319 322 173 175
tryptophan,5,arginine,3,17,18,2,11.56,11.791,0.071,81.8,85.9,0.8034,0.0,1.618,0.589,309 335 179 179 179 179
tryptophan,5,arginine,3,17,18,3,11.56,11.791,0.071,81.8,85.9,0.0,0.0,3.078,0.984,240 148 121 228 228 155 186 214
tryptophan,5,arginine,3,17,18,4,11.56,11.791,0.071,81.8,85.9,0.0,0.0,2.374,0.734,219 157 156 223 219 132 142 212 199 167
tryptophan,5,arginine,3,18,16,1,11.56,12.454,0.071,26.0,107.2,7.6127,0.0,2.404,2.268,59 360 180 359
tryptophan,5,arginine,3,18,16,2,11.56,12.454,0.071,26.0,107.2,4.1546,0.0,2.307,0.837,56 1 158 39 192 187
tryptophan,5,arginine,3,18,16,3,11.56,12.454,0.071,26.0,107.2,0.3291,0.0,2.408,0.635,59 360 165 30 178 179 179 179
tryptophan,5,arginine,3,18,16,4,11.56,12.454,0.071,26.0,107.2,0.0,0.0,1.994,2.697,28 94 65 319 320 213 187 146 158 190
tryptophan,5,arginine,3,18,17,1,11.56,14.436,0.071,20.6,18.0,9.892,0.0,2.094,2.182,50 0 180 1
tryptophan,5,arginine,3,18,17,2,11.56,14.436,0.071,20.6,18.0,6.3555,0.0,2.122,0.352,51 360 198 329 176 177
tryptophan,5,arginine,3,18,17,3,11.56,14.436,0.071,20.6,18.0,2.5956,0.0,2.087,0.281,50 0 170 18 181 181 181 181
tryptophan,5,arginine,3,18,17,4,11.56,14.436,0.071,20.6,18.0,0.3977,0.0,1.565,1.928,35 359 207 302 165 172 170 171 287 206
tryptophan,5,arginine,3,18,18,1,11.56,13.124,0.071,17.1,81.6,8.9722,0.0,2.917,2.852,76 360 181 359
tryptophan,5,arginine,3,18,18,2,11.56,13.124,0.071,17.1,81.6,5.2989,0.0,2.917,0.764,74 0 172 12 185 183
tryptophan,5,arginine,3,18,18,3,11.56,13.124,0.071,17.1,81.6,1.6448,0.0,2.917,0.577,76 0 180 0 155 155 180 180
tryptophan,5,arginine,3,18,18,4,11.56,13.124,0.071,17.1,81.6,0.0,0.0,2.917,1.14,115 295 237 77 128 206 189 160 158 176
tryptophan,5,lysine,5,16,13,1,3.388,2.162,-0.239,130.9,57.9,2.8775,0.0,2.491,2.144,328 330 356 357
tryptophan,5,lysine,5,16,13,2,3.388,2.162,-0.239,130.9,57.9,1.9783,0.0,3.324,2.83,272 314 355 301 257 357
tryptophan,5,lysine,5,16,13,3,3.388,2.162,-0.239,130.9,57.9,0.0,0.0,1.31,0.602,80 50 35 219 307 65 105 341
tryptophan,5,lysine,5,16,13,4,3.388,2.162,-0.239,130.9,57.9,0.0,0.0,0.276,0.416,99 19 11 295 319 89 52 284 233 50
tryptophan,5,lysine,5,16,14,1,3.388,2.548,-0.239,153.9,46.9,2.5859,0.0,3.324,4.668,242 359 0 0
tryptophan,5,lysine,5,16,14,2,3.388,2.548,-0.239,153.9,46.9,1.6509,0.0,3.324,4.668,168 339 356 288 272 358
tryptophan,5,lysine,5,16,14,3,3.388,2.548,-0.239,153.9,46.9,0.0,0.0,2.179,4.668,142 243 56 166 7 69 104 359
tryptophan,5,lysine,5,16,14,4,3.388,2.548,-0.239,153.9,46.9,0.0,0.0,2.401,0.291,58 280 105 102 32 93 48 160 56 29
tryptophan,5,lysine,5,16,15,1,3.388,1.148,-0.239,122.3,87.5,3.8074,0.0,3.271,4.668,153 39 4 3
tryptophan,5,lysine,5,16,15,2,3.388,1.148,-0.239,122.3,87.5,2.9292,0.0,3.324,4.668,207 55 4 49 114 2
tryptophan,5,lysine,5,16,15,3,3.388,1.148,-0.239,122.3,87.5,0.0,0.0,3.324,4.668,219 73 356 136 49 4 151 12
tryptophan,5,lysine,5,16,15,4,3.388,1.148,-0.239,122.3,87.5,0.0,0.0,1.862,0.775,7 349 312 91 55 251 304 85 127 281
tryptophan,5,lysine,5,17,13,1,3.388,4.387,-0.239,40.3,68.1,2.3361,0.0,1.294,3.159,270 62 95 5
tryptophan,5,lysine,5,17,13,2,3.388,4.387,-0.239,40.3,68.1,0.0,0.0,0.812,1.921,315 97 59 357 158 16
tryptophan,5,lysine,5,17,13,3,3.388,4.387,-0.239,40.3,68.1,0.0,0.0,1.04,1.494,3 52 58 284 267 67 127 241
tryptophan,5,lysine,5,17,13,4,3.388,4.387,-0.239,40.3,68.1,0.0,0.0,1.624,1.669,7 3 42 312 284 79 105 262 232 152
tryptophan,5,lysine,5,17,14,1,3.388,4.832,-0.239,48.2,52.0,1.7004,0.0,3.078,6.112,217 296 268 353
tryptophan,5,lysine,5,17,14,2,3.388,4.832,-0.239,48.2,52.0,0.0,0.0,3.078,6.112,211 235 320 278 305 308
tryptophan,5,lysine,5,17,14,3,3.388,4.832,-0.239,48.2,52.0,0.0,0.0,2.729,5.746,224 73 30 249 345 69 116 318
tryptophan,5,lysine,5,17,14,4,3.388,4.832,-0.239,48.2,52.0,0.0,0.0,1.752,4.305,283 329 111 230 307 190 37 319 210 157
tryptophan,5,lysine,5,17,15,1,3.388,2.649,-0.239,61.9,153.0,2.2953,0.0,2.636,6.112,238 186 357 360
tryptophan,5,lysine,5,17,15,2,3.388,2.649,-0.239,61.9,153.0,1.2513,0.0,0.655,3.787,308 125 359 341 206 359
tryptophan,5,lysine,5,17,15,3,3.388,2.649,-0.239,61.9,153.0,0.0,0.0,1.569,3.842,353 68 24 280 256 42 172 284
tryptophan,5,lysine,5,17,15,4,3.388,2.649,-0.239,61.9,153.0,0.0,0.0,1.71,5.463,17 341 21 309 274 64 101 283 249 151
tryptophan,5,lysine,5,18,13,1,3.388,4.316,-0.239,43.2,76.7,2.0873,0.0,2.898,3.905,91 295 266 356
tryptophan,5,lysine,5,18,13,2,3.388,4.316,-0.239,43.2,76.7,0.0,0.0,2.307,3.378,46 263 330 23 131 4
tryptophan,5,lysine,5,18,13,3,3.388,4.316,-0.239,43.2,76.7,0.0,0.0,2.05,2.949,8 293 319 92 95 286 200 96
tryptophan,5,lysine,5,18,13,4,3.388,4.316,-0.239,43.2,76.7,0.0,0.0,1.061,3.231,1 2 323 52 80 276 250 94 124 208
tryptophan,5,lysine,5,18,14,1,3.388,4.294,-0.239,67.9,77.5,0.8405,0.0,2.917,6.052,123 232 321 1
tryptophan,5,lysine,5,18,14,2,3.388,4.294,-0.239,67.9,77.5,0.0,0.0,2.822,5.155,61 236 345 63 132 327
tryptophan,5,lysine,5,18,14,3,3.388,4.294,-0.239,67.9,77.5,0.0,0.0,1.513,3.963,22 308 322 77 77 305 256 119
tryptophan,5,lysine,5,18,14,4,3.388,4.294,-0.239,67.9,77.5,0.0,0.0,1.05,4.846,3 2 322 53 70 277 272 109 119 205
tryptophan,5,lysine,5,18,15,1,3.388,3.33,-0.239,39.2,116.3,2.7624,0.0,2.917,6.144,147 88 70 1
tryptophan,5,lysine,5,18,15,2,3.388,3.33,-0.239,39.2,116.3,0.5658,0.0,2.917,6.144,193 153 360 344 202 360
tryptophan,5,lysine,5,18,15,3,3.388,3.33,-0.239,39.2,116.3,0.0,0.0,2.917,5.851,113 270 12 51 77 16 142 29
tryptophan,5,lysine,5,18,15,4,3.388,3.33,-0.239,39.2,116.3,0.0,0.0,0.557,3.402,317 304 289 66 81 287 248 92 147 217
tryptophan,5,aspartic,21,16,3,1,8.842,9.789,-0.947,77.4,56.0,2.5085,0.0,1.345,1.22,20 334 176 178
tryptophan,5,aspartic,21,16,3,2,8.842,9.789,-0.947,77.4,56.0,0.0,0.0,0.955,2.115,331 14 193 180 78 156
tryptophan,5,aspartic,21,16,3,3,8.842,9.789,-0.947,77.4,56.0,0.0,0.0,1.553,2.671,275 57 231 28 64 105 175 192
tryptophan,5,aspartic,21,16,3,4,8.842,9.789,-0.947,77.4,56.0,0.0,0.0,0.428,2.291,35 58 97 35 106 191 260 203 339 326
tryptophan,5,aspartic,21,16,4,1,8.842,9.539,-0.947,71.5,65.9,2.2751,0.0,0.853,1.587,17 1 184 185
tryptophan,5,aspartic,21,16,4,2,8.842,9.539,-0.947,71.5,65.9,0.0,0.0,0.659,2.182,28 24 133 77 338 217
tryptophan,5,aspartic,21,16,4,3,8.842,9.539,-0.947,71.5,65.9,0.0,0.0,1.463,1.072,24 314 296 31 46 266 225 110
tryptophan,5,aspartic,21,16,4,4,8.842,9.539,-0.947,71.5,65.9,0.0,0.0,1.849,1.525,25 343 304 23 53 258 229 101 126 204
tryptophan,5,aspartic,21,16,5,1,8.842,9.616,-0.947,86.2,63.0,2.3862,0.0,1.792,0.891,348 48 193 188
tryptophan,5,aspartic,21,16,5,2,8.842,9.616,-0.947,86.2,63.0,0.0,0.0,1.883,0.86,351 117 143 213 231 265
tryptophan,5,aspartic,21,16,5,3,8.842,9.616,-0.947,86.2,63.0,0.0,0.0,2.513,0.679,358 205 83 195 239 108 22 128
tryptophan,5,aspartic,21,16,5,4,8.842,9.616,-0.947,86.2,63.0,0.0,0.0,1.819,1.56,26 346 303 17 49 257 229 87 115 208
tryptophan,5,aspartic,21,17,3,1,8.842,10.325,-0.947,56.8,51.0,3.7151,0.0,0.614,3.754,342 360 205 257
tryptophan,5,aspartic,21,17,3,2,8.842,10.325,-0.947,56.8,51.0,0.5875,0.0,0.582,4.131,359 1 196 290 134 170
tryptophan,5,aspartic,21,17,3,3,8.842,10.325,-0.947,56.8,51.0,0.0,0.0,1.906,5.429,9 11 222 273 170 348 168 162
tryptophan,5,aspartic,21,17,3,4,8.842,10.325,-0.947,56.8,51.0,0.0,0.0,1.005,0.661,304 21 126 331 246 121 134 260 285 168
tryptophan,5,aspartic,21,17,4,1,8.842,9.564,-0.947,70.6,80.7,2.481,0.0,0.63,4.206,334 8 203 206
tryptophan,5,aspartic,21,17,4,2,8.842,9.564,-0.947,70.6,80.7,0.0,0.0,1.336,4.604,23 274 187 73 198 164
tryptophan,5,aspartic,21,17,4,3,8.842,9.564,-0.947,70.6,80.7,0.0,0.0,1.935,4.683,16 0 60 344 292 82 115 193
tryptophan,5,aspartic,21,17,4,4,8.842,9.564,-0.947,70.6,80.7,0.0,0.0,1.289,3.398,346 5 46 343 311 99 129 254 231 157
tryptophan,5,aspartic,21,17,5,1,8.842,10.187,-0.947,64.8,56.8,3.2057,0.0,0.808,2.785,329 359 157 136
tryptophan,5,aspartic,21,17,5,2,8.842,10.187,-0.947,64.8,56.8,0.0995,0.0,0.985,1.538,317 356 168 167 99 155
tryptophan,5,aspartic,21,17,5,3,8.842,10.187,-0.947,64.8,56.8,0.0,0.0,0.914,1.87,349 15 71 337 291 99 127 195
tryptophan,5,aspartic,21,17,5,4,8.842,10.187,-0.947,64.8,56.8,0.0,0.0,0.946,0.692,308 46 72 310 285 116 144 270 239 153
tryptophan,5,aspartic,21,18,3,1,8.842,10.481,-0.947,50.2,64.2,4.24,0.0,1.09,4.06,14 1 205 272
tryptophan,5,aspartic,21,18,3,2,8.842,10.481,-0.947,50.2,64.2,0.659,0.0,1.109,3.25,17 359 219 271 175 177
tryptophan,5,aspartic,21,18,3,3,8.842,10.481,-0.947,50.2,64.2,0.0,0.0,1.286,4.142,316 6 246 33 132 223 229 232
tryptophan,5,aspartic,21,18,3,4,8.842,10.481,-0.947,50.2,64.2,0.0,0.0,1.239,3.191,28 326 290 41 71 246 220 122 140 197
tryptophan,5,aspartic,21,18,4,1,8.842,10.263,-0.947,41.3,72.6,4.5353,0.0,0.895,4.204,0 0 160 53
tryptophan,5,aspartic,21,18,4,2,8.842,10.263,-0.947,41.3,72.6,1.081,0.0,1.041,4.31,8 357 143 77 161 168
tryptophan,5,aspartic,21,18,4,3,8.842,10.263,-0.947,41.3,72.6,0.0,0.0,2.106,5.333,323 2 160 103 110 213 62 238
tryptophan,5,aspartic,21,18,4,4,8.842,10.263,-0.947,41.3,72.6,0.006,0.0,0.991,0.653,71 348 193 3 172 5 76 147 354 169
tryptophan,5,aspartic,21,18,5,1,8.842,10.809,-0.947,37.2,50.8,5.3458,0.0,1.214,3.145,22 359 197 318
tryptophan,5,aspartic,21,18,5,2,8.842,10.809,-0.947,37.2,50.8,1.766,0.0,0.497,2.607,18 1 213 294 188 185
tryptophan,5,aspartic,21,18,5,3,8.842,10.809,-0.947,37.2,50.8,0.0,0.0,2.062,0.811,52 356 214 303 195 192 297 223
tryptophan,5,aspartic,21,18,5,4,8.842,10.809,-0.947,37.2,50.8,0.0,0.0,1.82,1.669,55 308 275 59 86 233 211 131 146 193
tryptophan,5,glutamic,9,16,5,1,9.229,8.017,-0.08,127.1,85.3,0.7281,0.0,3.324,3.509,107 234 182 181
tryptophan,5,glutamic,9,16,5,2,9.229,8.017,-0.08,127.1,85.3,0.0,0.0,3.324,3.176,123 166 289 44 55 245
tryptophan,5,glutamic,9,16,5,3,9.229,8.017,-0.08,127.1,85.3,0.0,0.0,3.324,3.199,159 193 263 100 72 268 177 80
tryptophan,5,glutamic,9,16,5,4,9.229,8.017,-0.08,127.1,85.3,0.0,0.0,3.324,3.48,187 184 226 152 95 217 245 62 72 167
tryptophan,5,glutamic,9,16,6,1,9.229,7.222,-0.08,142.9,117.2,0.0,0.0,2.895,2.112,31 147 203 209
tryptophan,5,glutamic,9,16,6,2,9.229,7.222,-0.08,142.9,117.2,0.0,0.0,3.324,3.611,125 150 212 34 244 329
tryptophan,5,glutamic,9,16,6,3,9.229,7.222,-0.08,142.9,117.2,0.0,0.0,3.324,3.91,175 153 194 121 101 289 263 146
tryptophan,5,glutamic,9,16,6,4,9.229,7.222,-0.08,142.9,117.2,0.0,0.0,3.083,3.755,216 153 172 143 119 230 230 110 130 208
tryptophan,5,glutamic,9,16,7,1,9.229,7.69,-0.08,139.0,97.6,0.5238,0.0,3.324,4.597,115 227 147 168
tryptophan,5,glutamic,9,16,7,2,9.229,7.69,-0.08,139.0,97.6,0.0,0.0,3.324,4.668,125 133 228 38 270 339
tryptophan,5,glutamic,9,16,7,3,9.229,7.69,-0.08,139.0,97.6,0.0,0.0,3.324,4.668,184 149 198 130 116 279 250 143
tryptophan,5,glutamic,9,16,7,4,9.229,7.69,-0.08,139.0,97.6,0.0,0.0,3.324,4.668,190 153 184 157 135 234 234 99 118 208
tryptophan,5,glutamic,9,17,5,1,9.229,8.859,-0.08,91.2,97.9,1.5804,0.0,2.957,3.98,241 61 185 183
tryptophan,5,glutamic,9,17,5,2,9.229,8.859,-0.08,91.2,97.9,0.0,0.0,3.078,3.533,222 147 133 238 223 152
tryptophan,5,glutamic,9,17,5,3,9.229,8.859,-0.08,91.2,97.9,0.0,0.0,3.078,3.67,212 171 150 223 225 91 107 205
tryptophan,5,glutamic,9,17,5,4,9.229,8.859,-0.08,91.2,97.9,0.0,0.0,3.078,3.611,183 172 159 220 226 128 135 235 219 161
tryptophan,5,glutamic,9,17,6,1,9.229,8.7,-0.08,77.2,104.2,1.4107,0.0,3.061,3.828,249 28 180 180
tryptophan,5,glutamic,9,17,6,2,9.229,8.7,-0.08,77.2,104.2,0.0,0.0,1.864,1.786,284 100 82 248 178 133
tryptophan,5,glutamic,9,17,6,3,9.229,8.7,-0.08,77.2,104.2,0.0,0.0,3.078,3.723,178 135 122 259 248 125 151 207
tryptophan,5,glutamic,9,17,6,4,9.229,8.7,-0.08,77.2,104.2,0.0,0.0,2.426,0.611,239 186 109 256 252 12 96 308 210 97
tryptophan,5,glutamic,9,17,7,1,9.229,8.733,-0.08,91.4,102.9,1.4581,0.0,2.481,4.447,289 300 174 176
tryptophan,5,glutamic,9,17,7,2,9.229,8.733,-0.08,91.4,102.9,0.0,0.0,3.078,4.954,222 176 100 229 200 119
tryptophan,5,glutamic,9,17,7,3,9.229,8.733,-0.08,91.4,102.9,0.0,0.0,3.078,4.912,171 148 97 273 265 116 164 221
tryptophan,5,glutamic,9,17,7,4,9.229,8.733,-0.08,91.4,102.9,0.0,0.0,3.078,5.2,183 182 160 215 224 117 123 237 219 160
tryptophan,5,glutamic,9,18,5,1,9.229,10.389,-0.08,24.7,89.0,5.9219,0.0,2.917,5.804,140 360 183 356
tryptophan,5,glutamic,9,18,5,2,9.229,10.389,-0.08,24.7,89.0,2.166,0.0,2.917,4.435,138 0 197 331 181 180
tryptophan,5,glutamic,9,18,5,3,9.229,10.389,-0.08,24.7,89.0,0.0,0.0,2.917,3.237,182 316 221 47 141 225 201 178
tryptophan,5,glutamic,9,18,5,4,9.229,10.389,-0.08,24.7,89.0,0.0,0.0,1.575,0.781,31 301 258 81 129 251 225 175 185 187
tryptophan,5,glutamic,9,18,6,1,9.229,9.691,-0.08,35.6,117.1,4.4126,0.0,2.917,4.921,122 0 168 25
tryptophan,5,glutamic,9,18,6,2,9.229,9.691,-0.08,35.6,117.1,0.8201,0.0,2.917,3.919,124 359 208 308 174 176
tryptophan,5,glutamic,9,18,6,3,9.229,9.691,-0.08,35.6,117.1,0.0,0.0,2.543,3.441,79 313 268 75 109 223 207 172
tryptophan,5,glutamic,9,18,6,4,9.229,9.691,-0.08,35.6,117.1,0.0,0.0,2.309,0.866,24 100 56 87 133 269 256 157 159 184
tryptophan,5,glutamic,9,18,7,1,9.229,10.059,-0.08,37.9,101.7,4.5738,0.0,2.917,6.144,146 360 195 321
tryptophan,5,glutamic,9,18,7,2,9.229,10.059,-0.08,37.9,101.7,1.0155,0.0,2.917,4.957,143 1 149 59 189 185
tryptophan,5,glutamic,9,18,7,3,9.229,10.059,-0.08,37.9,101.7,0.0,0.0,2.917,4.37,96 315 231 92 155 226 204 174
tryptophan,5,glutamic,9,18,7,4,9.229,10.059,-0.08,37.9,101.7,0.0,0.0,2.321,4.002,73 307 320 54 60 320 270 151 215 222
tryptophan,5,isoleucine,4,16,4,1,10.938,11.344,0.192,126.5,27.8,4.0902,0.0,2.937,0.45,50 236 178 179
tryptophan,5,isoleucine,4,16,4,2,10.938,11.344,0.192,126.5,27.8,0.8938,0.0,3.252,1.772,333 137 198 189 238 216
tryptophan,5,isoleucine,4,16,4,3,10.938,11.344,0.192,126.5,27.8,0.0009,0.0,3.256,2.426,328 158 193 160 261 224 355 176
tryptophan,5,isoleucine,4,16,4,4,10.938,11.344,0.192,126.5,27.8,0.0,0.0,2.729,1.539,326 58 299 169 208 335 346 45 97 256
tryptophan,5,isoleucine,4,16,5,1,10.938,9.084,0.192,130.9,123.7,1.8452,0.0,3.213,1.139,343 130 188 185
tryptophan,5,isoleucine,4,16,5,2,10.938,9.084,0.192,130.9,123.7,0.0,0.0,2.486,0.502,347 67 256 268 62 241
tryptophan,5,isoleucine,4,16,5,3,10.938,9.084,0.192,130.9,123.7,0.0,0.0,2.33,1.968,133 194 193 110 118 237 217 160
tryptophan,5,isoleucine,4,16,5,4,10.938,9.084,0.192,130.9,123.7,0.0,0.0,2.874,1.99,281 49 333 210 246 325 268 316 23 232
tryptophan,5,isoleucine,4,16,6,1,10.938,9.567,0.192,117.4,102.7,2.2996,0.0,2.937,0.538,49 250 185 183
tryptophan,5,isoleucine,4,16,6,2,10.938,9.567,0.192,117.4,102.7,0.0,0.0,2.826,0.943,41 277 97 97 269 306
tryptophan,5,isoleucine,4,16,6,3,10.938,9.567,0.192,117.4,102.7,0.0,0.0,1.169,1.856,77 270 225 6 48 78 131 210
tryptophan,5,isoleucine,4,16,6,4,10.938,9.567,0.192,117.4,102.7,0.0,0.0,1.263,1.027,20 323 285 6 33 257 227 80 105 205
tryptophan,5,isoleucine,4,17,4,1,10.938,13.051,0.192,58.3,19.4,6.3253,0.0,1.962,1.548,288 360 155 120
tryptophan,5,isoleucine,4,17,4,2,10.938,13.051,0.192,58.3,19.4,2.7588,0.0,1.981,0.566,288 0 219 244 181 181
tryptophan,5,isoleucine,4,17,4,3,10.938,13.051,0.192,58.3,19.4,0.7405,0.0,2.397,2.017,267 5 142 114 207 194 280 214
tryptophan,5,isoleucine,4,17,4,4,10.938,13.051,0.192,58.3,19.4,0.0153,0.0,2.906,3.402,269 353 134 107 141 155 101 144 343 201
tryptophan,5,isoleucine,4,17,5,1,10.938,10.834,0.192,59.9,117.5,4.0738,0.0,2.17,1.949,283 360 154 118
tryptophan,5,isoleucine,4,17,5,2,10.938,10.834,0.192,59.9,117.5,0.5373,0.0,2.279,0.598,281 359 225 249 175 176
tryptophan,5,isoleucine,4,17,5,3,10.938,10.834,0.192,59.9,117.5,0.0,0.0,0.595,0.647,335 55 71 298 263 163 201 202
tryptophan,5,isoleucine,4,17,5,4,10.938,10.834,0.192,59.9,117.5,0.0,0.0,0.806,1.606,321 12 52 311 288 123 142 232 216 164
tryptophan,5,isoleucine,4,17,6,1,10.938,11.161,0.192,55.1,103.7,4.6168,0.0,1.6,1.25,297 360 206 258
tryptophan,5,isoleucine,4,17,6,2,10.938,11.161,0.192,55.1,103.7,1.0603,0.0,1.628,1.101,296 1 139 101 187 185
tryptophan,5,isoleucine,4,17,6,3,10.938,11.161,0.192,55.1,103.7,0.0,0.0,1.315,0.948,299 75 64 318 280 133 185 226
tryptophan,5,isoleucine,4,17,6,4,10.938,11.161,0.192,55.1,103.7,0.0,0.0,1.763,0.896,308 94 35 284 260 109 170 338 250 124
tryptophan,5,isoleucine,4,18,4,1,10.938,13.436,0.192,40.6,28.8,7.6157,0.0,2.917,2.965,74 0 202 291
tryptophan,5,isoleucine,4,18,4,2,10.938,13.436,0.192,40.6,28.8,4.1197,0.0,2.915,2.023,74 1 145 77 189 186
tryptophan,5,isoleucine,4,18,4,3,10.938,13.436,0.192,40.6,28.8,0.6657,0.0,2.917,2.716,74 2 143 89 197 190 224 210
tryptophan,5,isoleucine,4,18,4,4,10.938,13.436,0.192,40.6,28.8,0.0,0.0,2.659,4.147,51 61 126 159 68 166 225 251 29 198
tryptophan,5,isoleucine,4,18,5,1,10.938,11.296,0.192,39.0,119.2,5.6736,0.0,2.917,3.145,84 360 199 308
tryptophan,5,isoleucine,4,18,5,2,10.938,11.296,0.192,39.0,119.2,2.1241,0.0,2.917,1.931,82 0 147 68 184 183
tryptophan,5,isoleucine,4,18,5,3,10.938,11.296,0.192,39.0,119.2,0.0,0.0,2.305,1.414,71 292 270 57 90 194 174 176
tryptophan,5,isoleucine,4,18,5,4,10.938,11.296,0.192,39.0,119.2,0.0,0.0,1.394,2.825,38 332 294 59 84 233 214 147 159 191
tryptophan,5,isoleucine,4,18,6,1,10.938,11.478,0.192,40.4,111.3,5.7516,0.0,2.579,2.65,64 0 159 58
tryptophan,5,isoleucine,4,18,6,2,10.938,11.478,0.192,40.4,111.3,2.213,0.0,2.621,1.565,66 360 214 289 174 177
tryptophan,5,isoleucine,4,18,6,3,10.938,11.478,0.192,40.4,111.3,0.0,0.0,2.593,0.961,80 287 261 57 88 203 178 172
tryptophan,5,isoleucine,4,18,6,4,10.938,11.478,0.192,40.4,111.3,0.0,0.0,1.359,3.168,37 330 294 53 81 234 211 140 155 193
tryptophan,5,leucine,13,16,1,1,19.68,17.654,0.563,117.3,141.1,10.4045,0.0,2.895,2.298,31 109 179 179
tryptophan,5,leucine,13,16,1,2,19.68,17.654,0.563,117.3,141.1,6.7393,0.0,3.253,1.493,105 252 176 178 177 177
tryptophan,5,leucine,13,16,1,3,19.68,17.654,0.563,117.3,141.1,3.1549,0.0,2.896,1.004,32 110 175 177 165 167 175 177
tryptophan,5,leucine,13,16,1,4,19.68,17.654,0.563,117.3,141.1,0.0,0.0,2.492,0.984,118 210 193 151 161 186 181 181 183 180
tryptophan,5,leucine,13,16,2,1,19.68,20.12,0.563,117.6,33.8,12.865,0.0,2.894,2.253,30 109 179 179
tryptophan,5,leucine,13,16,2,2,19.68,20.12,0.563,117.6,33.8,9.1898,0.0,3.256,1.439,104 251 177 179 178 178
tryptophan,5,leucine,13,16,2,3,19.68,20.12,0.563,117.6,33.8,5.595,0.0,2.895,0.899,31 109 177 178 166 168 177 178
tryptophan,5,leucine,13,16,2,4,19.68,20.12,0.563,117.6,33.8,1.8661,0.0,2.499,0.668,106 251 179 179 178 179 178 179 179 179
tryptophan,5,leucine,13,16,13,1,19.68,18.982,0.563,123.2,83.4,11.7187,0.0,2.905,2.582,35 118 181 180
tryptophan,5,leucine,13,16,13,2,19.68,18.982,0.563,123.2,83.4,8.0426,0.0,3.324,2.11,107 239 183 182 183 183
tryptophan,5,leucine,13,16,13,3,19.68,18.982,0.563,123.2,83.4,4.4272,0.0,2.905,0.603,35 118 181 181 188 187 181 181
tryptophan,5,leucine,13,16,13,4,19.68,18.982,0.563,123.2,83.4,0.7391,0.0,2.121,0.186,109 241 175 177 172 173 171 174 176 177
tryptophan,5,leucine,13,17,1,1,19.68,17.943,0.563,105.3,148.6,10.6916,0.0,2.752,4.182,246 88 181 181
tryptophan,5,leucine,13,17,1,2,19.68,17.943,0.563,105.3,148.6,7.0212,0.0,2.102,2.571,317 274 181 181 181 181
tryptophan,5,leucine,13,17,1,3,19.68,17.943,0.563,105.3,148.6,3.4435,0.0,2.731,1.608,246 87 183 182 192 190 183 182
tryptophan,5,leucine,13,17,1,4,19.68,17.943,0.563,105.3,148.6,0.0,0.0,2.511,0.961,243 91 156 173 167 172 177 170 143 151
tryptophan,5,leucine,13,17,2,1,19.68,20.407,0.563,105.7,40.4,13.1474,0.0,2.75,4.203,246 89 181 180
tryptophan,5,leucine,13,17,2,2,19.68,20.407,0.563,105.7,40.4,9.4651,0.0,2.1,2.585,318 273 181 181 181 181
tryptophan,5,leucine,13,17,2,3,19.68,20.407,0.563,105.7,40.4,5.8697,0.0,2.733,1.717,246 88 182 181 192 190 182 181
tryptophan,5,leucine,13,17,2,4,19.68,20.407,0.563,105.7,40.4,2.1518,0.0,2.092,1.605,319 272 180 180 180 180 180 180 180 180
tryptophan,5,leucine,13,17,13,1,19.68,19.425,0.563,104.4,81.8,12.1614,0.0,2.116,3.941,315 274 179 180
tryptophan,5,leucine,13,17,13,2,19.68,19.425,0.563,104.4,81.8,8.4777,0.0,2.797,2.538,244 84 180 180 180 180
tryptophan,5,leucine,13,17,13,3,19.68,19.425,0.563,104.4,81.8,4.8722,0.0,2.116,1.395,315 274 179 180 173 174 179 179
tryptophan,5,leucine,13,17,13,4,19.68,19.425,0.563,104.4,81.8,1.1967,0.0,2.343,0.913,243 86 173 176 170 171 166 171 175 176
tryptophan,5,leucine,13,18,1,1,19.68,19.868,0.563,16.3,144.4,15.4648,0.0,2.917,6.144,158 360 180 359
tryptophan,5,leucine,13,18,1,2,19.68,19.868,0.563,16.3,144.4,11.8908,0.0,2.917,5.218,158 0 160 34 180 180
tryptophan,5,leucine,13,18,1,3,19.68,19.868,0.563,16.3,144.4,8.2402,0.0,2.917,3.447,159 360 191 341 176 178 176 177
tryptophan,5,leucine,13,18,1,4,19.68,19.868,0.563,16.3,144.4,4.6217,0.0,2.917,1.392,157 0 160 34 180 180 183 183 180 180
tryptophan,5,leucine,13,18,2,1,19.68,22.338,0.563,16.1,36.7,17.8869,0.0,2.917,6.144,158 360 180 359
tryptophan,5,leucine,13,18,2,2,19.68,22.338,0.563,16.1,36.7,14.3317,0.0,2.917,5.243,157 0 159 37 180 180
tryptophan,5,leucine,13,18,2,3,19.68,22.338,0.563,16.1,36.7,10.6618,0.0,2.917,3.531,158 360 193 336 178 179 178 178
tryptophan,5,leucine,13,18,2,4,19.68,22.338,0.563,16.1,36.7,7.0556,0.0,2.917,1.354,157 0 159 37 181 180 185 185 181 180
tryptophan,5,leucine,13,18,13,1,19.68,21.272,0.563,21.9,82.7,16.4124,0.0,2.917,6.144,154 360 180 359
tryptophan,5,leucine,13,18,13,2,19.68,21.272,0.563,21.9,82.7,12.9179,0.0,2.917,5.285,153 0 153 51 182 181
tryptophan,5,leucine,13,18,13,3,19.68,21.272,0.563,21.9,82.7,9.2199,0.0,2.917,3.991,154 0 201 317 181 181 181 181
tryptophan,5,leucine,13,18,13,4,19.68,21.272,0.563,21.9,82.7,5.6568,0.0,2.917,1.617,152 0 154 49 186 184 198 195 186 184
tryptophan,5,serine,31,16,3,1,8.911,9.631,-0.939,116.1,17.3,2.354,0.0,2.896,0.968,32 254 178 179
tryptophan,5,serine,31,16,3,2,8.911,9.631,-0.939,116.1,17.3,0.6072,0.0,3.324,3.114,291 133 174 176 314 202
tryptophan,5,serine,31,16,3,3,8.911,9.631,-0.939,116.1,17.3,0.0,0.0,3.324,4.424,288 183 152 201 256 247 336 159
tryptophan,5,serine,31,16,3,4,8.911,9.631,-0.939,116.1,17.3,0.0,0.0,2.287,2.951,326 350 44 8 336 118 135 264 248 147
tryptophan,5,serine,31,16,4,1,8.911,8.067,-0.939,103.7,88.9,0.7797,0.0,3.299,1.106,313 87 177 178
tryptophan,5,serine,31,16,4,2,8.911,8.067,-0.939,103.7,88.9,0.0,0.0,2.349,1.657,319 352 243 43 289 318
tryptophan,5,serine,31,16,4,3,8.911,8.067,-0.939,103.7,88.9,0.0,0.0,2.85,3.355,309 310 286 295 31 333 86 43
tryptophan,5,serine,31,16,4,4,8.911,8.067,-0.939,103.7,88.9,0.0,0.0,2.225,2.614,327 2 59 12 333 90 114 295 256 140
tryptophan,5,serine,31,16,5,1,8.911,8.205,-0.939,113.2,83.8,1.0719,0.0,3.265,0.303,324 101 182 182
tryptophan,5,serine,31,16,5,2,8.911,8.205,-0.939,113.2,83.8,0.0,0.0,2.355,0.393,340 24 273 13 322 58
tryptophan,5,serine,31,16,5,3,8.911,8.205,-0.939,113.2,83.8,0.0,0.0,2.466,0.806,93 286 179 217 301 78 5 104
tryptophan,5,serine,31,16,5,4,8.911,8.205,-0.939,113.2,83.8,0.0,0.0,2.523,0.973,349 132 18 2 307 154 58 246 333 279
tryptophan,5,serine,31,17,3,1,8.911,11.48,-0.939,42.1,8.4,5.6819,0.0,1.592,1.445,297 360 157 67
tryptophan,5,serine,31,17,3,2,8.911,11.48,-0.939,42.1,8.4,2.0999,0.0,1.598,0.92,297 360 216 284 176 177
tryptophan,5,serine,31,17,3,3,8.911,11.48,-0.939,42.1,8.4,0.5875,0.0,2.399,0.904,278 359 140 109 172 175 318 201
tryptophan,5,serine,31,17,3,4,8.911,11.48,-0.939,42.1,8.4,0.0,0.0,3.078,2.566,240 14 236 242 208 196 99 156 347 224
tryptophan,5,serine,31,17,4,1,8.911,9.683,-0.939,39.6,96.4,4.1344,0.0,1.052,1.996,312 359 197 319
tryptophan,5,serine,31,17,4,2,8.911,9.683,-0.939,39.6,96.4,0.5758,0.0,1.045,1.165,307 2 214 290 194 188
tryptophan,5,serine,31,17,4,3,8.911,9.683,-0.939,39.6,96.4,0.0,0.0,1.487,3.0,350 66 130 268 178 111 169 209
tryptophan,5,serine,31,17,4,4,8.911,9.683,-0.939,39.6,96.4,0.0,0.0,1.789,2.101,2 18 52 319 290 93 124 222 196 160
tryptophan,5,serine,31,17,5,1,8.911,9.785,-0.939,51.8,92.5,3.5232,0.0,1.541,1.214,298 1 206 270
tryptophan,5,serine,31,17,5,2,8.911,9.785,-0.939,51.8,92.5,0.0,0.0,1.073,1.275,308 4 206 259 189 163
tryptophan,5,serine,31,17,5,3,8.911,9.785,-0.939,51.8,92.5,0.0,0.0,0.72,0.994,332 27 72 315 277 113 141 197
tryptophan,5,serine,31,17,5,4,8.911,9.785,-0.939,51.8,92.5,0.0,0.0,0.825,1.098,313 24 59 309 284 119 140 252 232 159
tryptophan,5,serine,31,18,3,1,8.911,11.237,-0.939,53.3,19.4,4.8171,0.0,2.469,3.087,61 1 207 257
tryptophan,5,serine,31,18,3,2,8.911,11.237,-0.939,53.3,19.4,1.2336,0.0,2.463,2.737,60 2 220 255 192 188
tryptophan,5,serine,31,18,3,3,8.911,11.237,-0.939,53.3,19.4,0.1413,0.0,2.579,4.779,46 37 210 201 238 212 14 168
tryptophan,5,serine,31,18,3,4,8.911,11.237,-0.939,53.3,19.4,0.0,0.0,2.415,4.907,34 50 214 39 60 211 268 210 53 106
tryptophan,5,serine,31,18,4,1,8.911,9.371,-0.939,53.9,102.1,2.9681,0.0,2.112,2.796,51 360 153 91
tryptophan,5,serine,31,18,4,2,8.911,9.371,-0.939,53.9,102.1,0.0,0.0,1.728,2.331,15 40 205 300 166 200
tryptophan,5,serine,31,18,4,3,8.911,9.371,-0.939,53.9,102.1,0.0,0.0,1.758,3.016,344 342 275 59 112 236 214 190
tryptophan,5,serine,31,18,4,4,8.911,9.371,-0.939,53.9,102.1,0.0,0.0,1.093,4.105,18 352 314 36 64 258 231 120 142 200
tryptophan,5,serine,31,18,5,1,8.911,10.005,-0.939,41.7,78.2,4.3851,0.0,2.345,2.364,57 1 160 47
tryptophan,5,serine,31,18,5,2,8.911,10.005,-0.939,41.7,78.2,0.8717,0.0,2.165,1.688,51 3 148 55 215 202
tryptophan,5,serine,31,18,5,3,8.911,10.005,-0.939,41.7,78.2,0.0,0.0,2.917,0.978,136 315 196 43 150 225 226 202
tryptophan,5,serine,31,18,5,4,8.911,10.005,-0.939,41.7,78.2,0.0,0.0,2.567,0.897,80 311 279 68 92 230 213 103 118 199
tryptophan,5,lysine,8,16,13,1,8.667,8.705,0.472,100.7,71.0,1.4446,0.0,2.952,1.512,8 276 188 185
tryptophan,5,lysine,8,16,13,2,8.667,8.705,0.472,100.7,71.0,0.0,0.0,2.954,1.73,8 186 281 303 4 176
tryptophan,5,lysine,8,16,13,3,8.667,8.705,0.472,100.7,71.0,0.0,0.0,2.62,3.955,307 268 302 354 355 29 73 300
tryptophan,5,lysine,8,16,13,4,8.667,8.705,0.472,100.7,71.0,0.0,0.0,2.191,3.271,307 29 76 353 318 89 114 300 258 140
tryptophan,5,lysine,8,16,14,1,8.667,9.511,0.472,100.8,36.7,2.2228,0.0,2.912,1.523,308 80 181 181
tryptophan,5,lysine,8,16,14,2,8.667,9.511,0.472,100.8,36.7,0.2523,0.0,2.942,0.239,44 264 161 168 58 154
tryptophan,5,lysine,8,16,14,3,8.667,9.511,0.472,100.8,36.7,0.0,0.0,3.324,3.162,291 135 174 96 344 127 34 176
tryptophan,5,lysine,8,16,14,4,8.667,9.511,0.472,100.8,36.7,0.0,0.0,3.324,4.19,298 277 52 20 11 176 86 192 302 173
tryptophan,5,lysine,8,16,15,1,8.667,7.055,0.472,102.3,143.4,0.0,0.0,2.446,1.76,311 37 248 185
tryptophan,5,lysine,8,16,15,2,8.667,7.055,0.472,102.3,143.4,0.0,0.0,1.774,1.185,22 9 104 135 311 41
tryptophan,5,lysine,8,16,15,3,8.667,7.055,0.472,102.3,143.4,0.0,0.0,3.324,2.635,271 272 16 270 299 108 347 296
tryptophan,5,lysine,8,16,15,4,8.667,7.055,0.472,102.3,143.4,0.0,0.0,2.55,3.283,310 347 47 60 26 48 80 324 257 123
tryptophan,5,lysine,8,17,13,1,8.667,10.51,0.472,22.3,64.9,6.201,0.0,0.926,2.124,317 0 179 2
tryptophan,5,lysine,8,17,13,2,8.667,10.51,0.472,22.3,64.9,2.4342,0.0,0.906,0.781,318 0 193 339 180 180
tryptophan,5,lysine,8,17,13,3,8.667,10.51,0.472,22.3,64.9,0.1361,0.0,2.677,2.002,271 360 180 360 181 184 90 167
tryptophan,5,lysine,8,17,13,4,8.667,10.51,0.472,22.3,64.9,0.0,0.0,2.665,3.922,247 74 113 270 236 145 161 231 229 178
tryptophan,5,lysine,8,17,14,1,8.667,11.127,0.472,35.0,37.5,5.7441,0.0,0.896,2.229,318 360 168 33
tryptophan,5,lysine,8,17,14,2,8.667,11.127,0.472,35.0,37.5,2.2342,0.0,0.649,1.395,320 359 211 303 168 172
tryptophan,5,lysine,8,17,14,3,8.667,11.127,0.472,35.0,37.5,0.0,0.0,1.185,1.31,296 25 197 243 219 175 91 122
tryptophan,5,lysine,8,17,14,4,8.667,11.127,0.472,35.0,37.5,0.0,0.0,0.778,0.698,348 21 79 302 278 130 142 216 219 178
tryptophan,5,lysine,8,17,15,1,8.667,8.776,0.472,32.5,137.5,3.8553,0.0,1.087,2.06,311 1 175 9
tryptophan,5,lysine,8,17,15,2,8.667,8.776,0.472,32.5,137.5,0.218,0.0,0.856,0.622,318 359 199 327 166 172
tryptophan,5,lysine,8,17,15,3,8.667,8.776,0.472,32.5,137.5,0.0,0.0,0.719,0.243,349 318 154 7 242 130 12 140
tryptophan,5,lysine,8,17,15,4,8.667,8.776,0.472,32.5,137.5,0.0,0.0,1.422,1.684,25 220 285 64 35 139 155 278 254 145
tryptophan,5,lysine,8,18,13,1,8.667,9.435,0.472,73.3,76.4,2.2987,0.0,1.979,3.698,40 14 201 199
tryptophan,5,lysine,8,18,13,2,8.667,9.435,0.472,73.3,76.4,0.0,0.0,2.028,3.91,11 60 190 349 69 202
tryptophan,5,lysine,8,18,13,3,8.667,9.435,0.472,73.3,76.4,0.0,0.0,2.917,3.778,100 41 139 261 190 257 318 157
tryptophan,5,lysine,8,18,13,4,8.667,9.435,0.472,73.3,76.4,0.0,0.0,1.71,4.416,45 346 312 37 63 254 234 76 106 213
tryptophan,5,lysine,8,18,14,1,8.667,10.559,0.472,61.2,25.2,3.7818,0.0,2.019,3.321,48 360 205 242
tryptophan,5,lysine,8,18,14,2,8.667,10.559,0.472,61.2,25.2,1.0644,0.0,2.741,1.865,68 1 185 311 100 175
tryptophan,5,lysine,8,18,14,3,8.667,10.559,0.472,61.2,25.2,0.2433,0.0,2.917,2.377,94 0 192 290 160 176 1 179
tryptophan,5,lysine,8,18,14,4,8.667,10.559,0.472,61.2,25.2,0.0,0.0,2.917,1.491,134 307 196 66 131 203 221 142 93 191
tryptophan,5,lysine,8,18,15,1,8.667,8.196,0.472,59.3,126.9,1.5794,0.0,2.132,2.874,52 359 206 265
tryptophan,5,lysine,8,18,15,2,8.667,8.196,0.472,59.3,126.9,0.0,0.0,1.551,2.746,29 303 294 14 66 171
tryptophan,5,lysine,8,18,15,3,8.667,8.196,0.472,59.3,126.9,0.0,0.0,1.84,2.815,4 308 322 68 89 255 186 104
tryptophan,5,lysine,8,18,15,4,8.667,8.196,0.472,59.3,126.9,0.0,0.0,1.466,3.133,37 349 314 44 68 258 236 84 113 210
tryptophan,5,aspartic,8,16,3,1,10.377,8.689,0.509,167.1,94.6,2.3047,0.0,2.055,1.782,9 181 156 80
tryptophan,5,aspartic,8,16,3,2,10.377,8.689,0.509,167.1,94.6,0.0,0.0,2.799,2.2,39 192 160 277 325 130
tryptophan,5,aspartic,8,16,3,3,10.377,8.689,0.509,167.1,94.6,0.0,0.0,2.937,3.488,47 127 192 188 100 254 226 105
tryptophan,5,aspartic,8,16,3,4,10.377,8.689,0.509,167.1,94.6,0.0,0.0,3.324,4.668,232 207 196 174 241 146 114 281 250 169
tryptophan,5,aspartic,8,16,4,1,10.377,9.819,0.509,157.2,51.4,2.8729,0.0,1.576,2.643,335 181 203 230
tryptophan,5,aspartic,8,16,4,2,10.377,9.819,0.509,157.2,51.4,0.0757,0.0,1.361,3.907,309 192 181 181 287 210
tryptophan,5,aspartic,8,16,4,3,10.377,9.819,0.509,157.2,51.4,0.0,0.0,3.151,4.668,227 199 183 218 232 118 131 201
tryptophan,5,aspartic,8,16,4,4,10.377,9.819,0.509,157.2,51.4,0.0,0.0,3.324,4.668,176 198 181 203 236 151 142 258 242 150
tryptophan,5,aspartic,8,16,5,1,10.377,9.888,0.509,153.7,48.3,2.837,0.0,1.394,1.779,2 177 159 145
tryptophan,5,aspartic,8,16,5,2,10.377,9.888,0.509,153.7,48.3,0.1488,0.0,1.055,0.611,359 135 200 190 73 145
tryptophan,5,aspartic,8,16,5,3,10.377,9.888,0.509,153.7,48.3,0.0,0.0,2.764,4.04,66 146 219 233 48 154 285 120
tryptophan,5,aspartic,8,16,5,4,10.377,9.888,0.509,153.7,48.3,0.0,0.0,3.324,4.668,93 154 172 167 154 242 228 286 277 157
tryptophan,5,aspartic,8,17,3,1,10.377,10.858,0.509,60.2,98.9,4.1048,0.0,3.078,4.301,250 359 153 122
tryptophan,5,aspartic,8,17,3,2,10.377,10.858,0.509,60.2,98.9,0.5187,0.0,2.221,3.315,245 2 223 242 190 186
tryptophan,5,aspartic,8,17,3,3,10.377,10.858,0.509,60.2,98.9,0.0,0.0,2.294,2.224,256 104 114 214 202 128 140 193
tryptophan,5,aspartic,8,17,3,4,10.377,10.858,0.509,60.2,98.9,0.0,0.0,1.859,0.59,305 270 283 21 5 107 142 319 282 143
tryptophan,5,aspartic,8,17,4,1,10.377,12.172,0.509,49.8,47.6,5.8785,0.0,3.078,4.085,249 0 155 90
tryptophan,5,aspartic,8,17,4,2,10.377,12.172,0.509,49.8,47.6,2.2982,0.0,1.463,2.911,250 360 220 265 180 180
tryptophan,5,aspartic,8,17,4,3,10.377,12.172,0.509,49.8,47.6,0.196,0.0,1.945,5.887,234 358 141 83 167 172 69 151
tryptophan,5,aspartic,8,17,4,4,10.377,12.172,0.509,49.8,47.6,0.0,0.0,1.937,4.976,247 50 88 288 272 156 150 253 261 177
tryptophan,5,aspartic,8,17,5,1,10.377,12.025,0.509,57.6,54.1,5.3324,0.0,3.078,3.602,260 1 206 242
tryptophan,5,aspartic,8,17,5,2,10.377,12.025,0.509,57.6,54.1,1.7673,0.0,1.936,3.015,262 359 138 113 176 177
tryptophan,5,aspartic,8,17,5,3,10.377,12.025,0.509,57.6,54.1,0.0,0.0,1.164,0.682,295 31 146 226 210 156 137 152
tryptophan,5,aspartic,8,17,5,4,10.377,12.025,0.509,57.6,54.1,0.0,0.0,3.078,3.522,228 144 69 312 350 189 166 296 269 103
tryptophan,5,aspartic,8,18,3,1,10.377,10.897,0.509,58.7,93.5,4.174,0.0,2.917,5.211,112 0 206 245
tryptophan,5,aspartic,8,18,3,2,10.377,10.897,0.509,58.7,93.5,0.7813,0.0,1.866,5.075,123 355 129 115 163 166
tryptophan,5,aspartic,8,18,3,3,10.377,10.897,0.509,58.7,93.5,0.0,0.0,2.506,6.144,137 234 244 146 147 223 212 162
tryptophan,5,aspartic,8,18,3,4,10.377,10.897,0.509,58.7,93.5,0.0,0.0,2.917,4.764,83 344 313 38 71 249 215 128 147 195
tryptophan,5,aspartic,8,18,4,1,10.377,11.805,0.509,65.0,59.1,4.8684,0.0,2.917,4.752,104 357 157 143
tryptophan,5,aspartic,8,18,4,2,10.377,11.805,0.509,65.0,59.1,1.2221,0.0,0.554,4.344,102 360 142 128 179 179
tryptophan,5,aspartic,8,18,4,3,10.377,11.805,0.509,65.0,59.1,0.0,0.0,2.116,6.144,131 243 227 145 158 220 211 172
tryptophan,5,aspartic,8,18,4,4,10.377,11.805,0.509,65.0,59.1,0.0,0.0,2.26,6.144,171 208 221 136 136 229 216 152 172 198
tryptophan,5,aspartic,8,18,5,1,10.377,12.133,0.509,53.0,44.6,5.6858,0.0,2.917,4.586,100 1 154 99
tryptophan,5,aspartic,8,18,5,2,10.377,12.133,0.509,53.0,44.6,2.09,0.0,1.864,4.267,101 0 220 258 182 181
tryptophan,5,aspartic,8,18,5,3,10.377,12.133,0.509,53.0,44.6,0.2888,0.0,0.581,1.944,81 1 146 67 192 188 54 154
tryptophan,5,aspartic,8,18,5,4,10.377,12.133,0.509,53.0,44.6,0.0,0.0,2.499,3.534,178 311 180 65 167 195 208 137 57 173
tryptophan,5,glutamic,10,16,5,1,7.297,6.051,0.952,75.0,147.4,0.0,0.0,2.58,3.663,68 73 55 89
tryptophan,5,glutamic,10,16,5,2,7.297,6.051,0.952,75.0,147.4,0.0,0.0,1.469,0.629,5 305 309 62 116 250
tryptophan,5,glutamic,10,16,5,3,7.297,6.051,0.952,75.0,147.4,0.0,0.0,2.1,0.868,353 285 349 96 100 289 143 65
tryptophan,5,glutamic,10,16,5,4,7.297,6.051,0.952,75.0,147.4,0.0,0.0,1.963,1.119,351 348 348 84 78 274 248 27 97 227
tryptophan,5,glutamic,10,16,6,1,7.297,7.408,0.952,92.6,83.2,0.1285,0.0,2.372,2.366,32 71 168 173
tryptophan,5,glutamic,10,16,6,2,7.297,7.408,0.952,92.6,83.2,0.0,0.0,3.324,3.739,136 209 249 83 101 226
tryptophan,5,glutamic,10,16,6,3,7.297,7.408,0.952,92.6,83.2,0.0,0.0,3.324,3.662,160 196 222 119 116 255 230 150
tryptophan,5,glutamic,10,16,6,4,7.297,7.408,0.952,92.6,83.2,0.0,0.0,3.324,3.596,179 208 212 130 118 224 221 111 130 205
tryptophan,5,glutamic,10,16,7,1,7.297,7.907,0.952,78.1,64.8,0.6449,0.0,2.434,4.605,97 333 165 169
tryptophan,5,glutamic,10,16,7,2,7.297,7.907,0.952,78.1,64.8,0.0,0.0,3.324,4.58,115 232 292 47 55 248
tryptophan,5,glutamic,10,16,7,3,7.297,7.907,0.952,78.1,64.8,0.0,0.0,3.324,4.558,151 201 220 128 128 260 239 151
tryptophan,5,glutamic,10,16,7,4,7.297,7.907,0.952,78.1,64.8,0.0,0.0,2.206,4.381,90 331 326 351 358 304 275 57 113 236
tryptophan,5,glutamic,10,17,5,1,7.297,5.256,0.952,105.1,150.5,0.0,0.0,2.608,4.843,283 203 27 53
tryptophan,5,glutamic,10,17,5,2,7.297,5.256,0.952,105.1,150.5,0.0,0.0,2.506,5.608,5 83 335 302 301 27
tryptophan,5,glutamic,10,17,5,3,7.297,5.256,0.952,105.1,150.5,0.0,0.0,1.135,4.599,43 44 62 229 297 88 67 243
tryptophan,5,glutamic,10,17,5,4,7.297,5.256,0.952,105.1,150.5,0.0,0.0,2.639,4.32,281 333 15 89 79 28 65 3 187 23
tryptophan,5,glutamic,10,17,6,1,7.297,7.097,0.952,104.7,66.2,0.1204,0.0,2.091,3.113,269 37 259 197
tryptophan,5,glutamic,10,17,6,2,7.297,7.097,0.952,104.7,66.2,0.0,0.0,3.078,3.729,226 164 109 282 256 117
tryptophan,5,glutamic,10,17,6,3,7.297,7.097,0.952,104.7,66.2,0.0,0.0,3.078,3.666,202 174 149 242 246 96 119 211
tryptophan,5,glutamic,10,17,6,4,7.297,7.097,0.952,104.7,66.2,0.0,0.0,3.078,3.6,173 162 158 238 247 130 135 242 223 156
tryptophan,5,glutamic,10,17,7,1,7.297,6.799,0.952,123.0,77.2,0.0672,0.0,2.791,5.252,274 170 87 126
tryptophan,5,glutamic,10,17,7,2,7.297,6.799,0.952,123.0,77.2,0.0,0.0,3.078,4.905,228 178 116 278 257 97
tryptophan,5,glutamic,10,17,7,3,7.297,6.799,0.952,123.0,77.2,0.0,0.0,3.078,5.421,192 173 149 247 261 101 133 224
tryptophan,5,glutamic,10,17,7,4,7.297,6.799,0.952,123.0,77.2,0.0,0.0,2.077,5.764,329 106 164 20 319 61 107 322 238 127
tryptophan,5,glutamic,10,18,5,1,7.297,7.31,0.952,14.9,161.1,4.5119,0.0,2.917,6.144,285 360 180 360
tryptophan,5,glutamic,10,18,5,2,7.297,7.31,0.952,14.9,161.1,0.9063,0.0,2.579,5.892,280 358 184 357 208 279
tryptophan,5,glutamic,10,18,5,3,7.297,7.31,0.952,14.9,161.1,0.0,0.0,2.011,5.581,312 54 88 291 254 102 135 203
tryptophan,5,glutamic,10,18,5,4,7.297,7.31,0.952,14.9,161.1,0.0,0.0,1.263,5.263,343 27 61 309 278 95 123 236 213 161
tryptophan,5,glutamic,10,18,6,1,7.297,9.148,0.952,6.9,71.0,6.5873,0.0,2.917,6.144,235 0 180 0
tryptophan,5,glutamic,10,18,6,2,7.297,9.148,0.952,6.9,71.0,2.818,0.0,2.917,6.144,236 0 180 0 155 103
tryptophan,5,glutamic,10,18,6,3,7.297,9.148,0.952,6.9,71.0,0.0,0.0,2.917,3.731,188 34 169 320 165 106 154 176
tryptophan,5,glutamic,10,18,6,4,7.297,9.148,0.952,6.9,71.0,0.0,0.0,2.917,3.724,207 342 248 21 68 315 273 115 140 197
tryptophan,5,glutamic,10,18,7,1,7.297,9.136,0.952,22.0,71.5,5.0177,0.0,2.917,6.144,254 0 180 0
tryptophan,5,glutamic,10,18,7,2,7.297,9.136,0.952,22.0,71.5,1.3833,0.0,2.917,6.144,261 359 188 351 156 152
tryptophan,5,glutamic,10,18,7,3,7.297,9.136,0.952,22.0,71.5,0.0,0.0,2.917,6.141,280 50 97 301 236 119 165 206
tryptophan,5,glutamic,10,18,7,4,7.297,9.136,0.952,22.0,71.5,0.0,0.0,1.832,6.067,320 33 69 295 268 117 138 220 206 167
tryptophan,5,serine,20,16,3,1,10.338,9.835,-0.154,127.2,73.8,2.5625,0.0,3.324,4.265,119 236 175 177
tryptophan,5,serine,20,16,3,2,10.338,9.835,-0.154,127.2,73.8,0.0001,0.0,3.324,4.597,135 192 198 136 143 196
tryptophan,5,serine,20,16,3,3,10.338,9.835,-0.154,127.2,73.8,0.0,0.0,3.324,4.638,163 174 195 140 138 245 228 158
tryptophan,5,serine,20,16,3,4,10.338,9.835,-0.154,127.2,73.8,0.0,0.0,3.324,4.062,216 158 194 125 109 254 228 148 186 205
tryptophan,5,serine,20,16,4,1,10.338,8.59,-0.154,116.8,123.6,1.3112,0.0,2.94,3.8,52 108 179 179
tryptophan,5,serine,20,16,4,2,10.338,8.59,-0.154,116.8,123.6,0.0,0.0,3.324,4.668,133 152 240 96 218 288
tryptophan,5,serine,20,16,4,3,10.338,8.59,-0.154,116.8,123.6,0.0,0.0,3.324,4.668,178 175 200 128 134 261 241 160
tryptophan,5,serine,20,16,4,4,10.338,8.59,-0.154,116.8,123.6,0.0,0.0,3.324,4.668,203 177 207 141 129 224 212 107 129 201
tryptophan,5,serine,20,16,5,1,10.338,9.055,-0.154,114.2,103.2,1.7695,0.0,3.324,3.693,114 256 181 181
tryptophan,5,serine,20,16,5,2,10.338,9.055,-0.154,114.2,103.2,0.0,0.0,3.297,1.888,89 157 260 108 243 336
tryptophan,5,serine,20,16,5,3,10.338,9.055,-0.154,114.2,103.2,0.0,0.0,3.324,2.923,154 199 283 42 107 287 142 97
tryptophan,5,serine,20,16,5,4,10.338,9.055,-0.154,114.2,103.2,0.0,0.0,3.324,2.263,179 167 191 103 107 291 263 127 156 204
tryptophan,5,serine,20,17,3,1,10.338,10.449,-0.154,100.3,60.7,3.1711,0.0,2.233,4.197,304 280 182 181
tryptophan,5,serine,20,17,3,2,10.338,10.449,-0.154,100.3,60.7,0.1071,0.0,3.078,4.117,229 55 184 183 103 146
tryptophan,5,serine,20,17,3,3,10.338,10.449,-0.154,100.3,60.7,0.0,0.0,3.078,4.53,179 121 153 260 265 155 131 176
tryptophan,5,serine,20,17,3,4,10.338,10.449,-0.154,100.3,60.7,0.0,0.0,3.078,4.529,169 158 141 228 231 149 159 245 230 165
tryptophan,5,serine,20,17,4,1,10.338,8.722,-0.154,111.0,130.9,1.4754,0.0,2.218,4.889,305 264 174 176
tryptophan,5,serine,20,17,4,2,10.338,8.722,-0.154,111.0,130.9,0.0,0.0,3.078,3.431,246 164 88 287 46 51
tryptophan,5,serine,20,17,4,3,10.338,8.722,-0.154,111.0,130.9,0.0,0.0,3.078,5.048,252 218 108 163 257 126 22 15
tryptophan,5,serine,20,17,4,4,10.338,8.722,-0.154,111.0,130.9,0.0,0.0,3.078,5.877,188 188 177 214 217 119 120 241 235 165
tryptophan,5,serine,20,17,5,1,10.338,9.319,-0.154,103.3,103.6,2.0341,0.0,2.848,4.196,243 85 180 180
tryptophan,5,serine,20,17,5,2,10.338,9.319,-0.154,103.3,103.6,0.0,0.0,3.078,3.044,258 184 104 225 162 74
tryptophan,5,serine,20,17,5,3,10.338,9.319,-0.154,103.3,103.6,0.0,0.0,3.078,2.494,219 129 80 314 288 90 166 251
tryptophan,5,serine,20,17,5,4,10.338,9.319,-0.154,103.3,103.6,0.0,0.0,3.078,3.084,191 187 166 247 246 78 99 232 202 152
tryptophan,5,serine,20,18,3,1,10.338,12.144,-0.154,28.8,69.8,7.1139,0.0,2.917,6.144,154 0 176 9
tryptophan,5,serine,20,18,3,2,10.338,12.144,-0.154,28.8,69.8,3.6014,0.0,2.917,5.862,156 359 206 313 171 175
tryptophan,5,serine,20,18,3,3,10.338,12.144,-0.154,28.8,69.8,0.0,0.0,2.917,4.439,158 358 205 300 172 161 158 160
tryptophan,5,serine,20,18,3,4,10.338,12.144,-0.154,28.8,69.8,0.0,0.0,2.685,3.422,84 310 269 80 110 222 213 178 172 173
tryptophan,5,serine,20,18,4,1,10.338,10.675,-0.154,29.9,129.2,5.703,0.0,2.917,6.144,175 360 183 355
tryptophan,5,serine,20,18,4,2,10.338,10.675,-0.154,29.9,129.2,2.2231,0.0,2.917,6.144,171 1 158 39 193 188
tryptophan,5,serine,20,18,4,3,10.338,10.675,-0.154,29.9,129.2,0.0,0.0,2.917,5.647,163 356 138 78 207 231 256 232
tryptophan,5,serine,20,18,4,4,10.338,10.675,-0.154,29.9,129.2,0.0,0.0,2.566,3.878,80 298 270 88 123 249 228 184 193 182
tryptophan,5,serine,20,18,5,1,10.338,11.227,-0.154,18.0,104.4,7.218,0.0,2.917,6.144,163 0 179 1
tryptophan,5,serine,20,18,5,2,10.338,11.227,-0.154,18.0,104.4,3.4198,0.0,2.917,5.454,164 360 181 359 179 179
tryptophan,5,serine,20,18,5,3,10.338,11.227,-0.154,18.0,104.4,0.0,0.0,2.917,2.606,153 353 176 20 147 132 186 180
tryptophan,5,serine,20,18,5,4,10.338,11.227,-0.154,18.0,104.4,0.0,0.0,2.745,2.195,86 300 264 85 117 224 209 164 168 183
lysine,8,arginine,3,13,16,1,9.332,9.261,0.907,34.0,150.3,4.1811,0.0,3.096,4.085,183 0 173 15
lysine,8,arginine,3,13,16,2,9.332,9.261,0.907,34.0,150.3,0.7364,0.0,3.096,2.636,191 359 199 323 163 171
lysine,8,arginine,3,13,16,3,9.332,9.261,0.907,34.0,150.3,0.0,0.0,3.096,1.278,205 75 131 248 208 121 127 175
lysine,8,arginine,3,13,16,4,9.332,9.261,0.907,34.0,150.3,0.0,0.0,1.957,0.95,299 57 89 276 244 108 127 194 184 176
lysine,8,arginine,3,13,17,1,9.332,11.496,0.907,30.2,51.7,6.4251,0.0,3.096,4.626,174 0 173 14
lysine,8,arginine,3,13,17,2,9.332,11.496,0.907,30.2,51.7,2.8603,0.0,3.096,3.707,176 360 207 311 176 177
lysine,8,arginine,3,13,17,3,9.332,11.496,0.907,30.2,51.7,0.0506,0.0,3.096,5.296,146 2 216 288 197 190 101 143
lysine,8,arginine,3,13,17,4,9.332,11.496,0.907,30.2,51.7,0.0,0.0,3.096,5.296,104 291 260 103 129 218 205 161 165 183
lysine,8,arginine,3,13,18,1,9.332,11.392,0.907,36.3,56.2,5.9112,0.0,3.096,3.521,195 0 195 319
lysine,8,arginine,3,13,18,2,9.332,11.392,0.907,36.3,56.2,2.3977,0.0,3.096,2.658,193 1 148 61 191 187
lysine,8,arginine,3,13,18,3,9.332,11.392,0.907,36.3,56.2,0.0,0.0,3.096,0.993,216 39 159 261 190 144 148 169
lysine,8,arginine,3,13,18,4,9.332,11.392,0.907,36.3,56.2,0.0,0.0,3.096,0.414,224 272 255 356 275 307 69 305 267 188
lysine,8,arginine,3,14,16,1,9.332,7.355,0.907,111.3,150.4,0.2002,0.0,3.874,4.213,61 87 202 190
lysine,8,arginine,3,14,16,2,9.332,7.355,0.907,111.3,150.4,0.0,0.0,3.874,5.15,22 121 189 34 99 285
lysine,8,arginine,3,14,16,3,9.332,7.355,0.907,111.3,150.4,0.0,0.0,3.874,5.074,194 176 207 122 116 268 254 150
lysine,8,arginine,3,14,16,4,9.332,7.355,0.907,111.3,150.4,0.0,0.0,3.874,5.209,207 162 194 132 112 252 241 122 157 212
lysine,8,arginine,3,14,17,1,9.332,9.411,0.907,117.2,58.8,2.1262,0.0,3.874,4.446,131 252 177 178
lysine,8,arginine,3,14,17,2,9.332,9.411,0.907,117.2,58.8,0.0,0.0,3.874,4.989,57 215 92 199 247 201
lysine,8,arginine,3,14,17,3,9.332,9.411,0.907,117.2,58.8,0.0,0.0,3.874,5.1,168 176 199 138 139 254 239 162
lysine,8,arginine,3,14,17,4,9.332,9.411,0.907,117.2,58.8,0.0,0.0,3.874,5.209,216 182 211 123 120 226 204 125 145 194
lysine,8,arginine,3,14,18,1,9.332,9.673,0.907,105.9,47.7,2.3844,0.0,3.874,3.838,63 90 180 180
lysine,8,arginine,3,14,18,2,9.332,9.673,0.907,105.9,47.7,0.0971,0.0,3.874,1.769,156 288 181 181 295 209
lysine,8,arginine,3,14,18,3,9.332,9.673,0.907,105.9,47.7,0.0,0.0,3.874,3.145,190 202 208 129 119 224 229 169
lysine,8,arginine,3,14,18,4,9.332,9.673,0.907,105.9,47.7,0.0,0.0,3.874,3.632,202 189 205 140 135 217 213 119 131 198
lysine,8,arginine,3,15,16,1,9.332,7.235,0.907,116.6,141.9,0.0,0.0,2.91,2.338,301 234 204 170
lysine,8,arginine,3,15,16,2,9.332,7.235,0.907,116.6,141.9,0.0011,0.0,2.91,0.625,225 188 111 68 5 344
lysine,8,arginine,3,15,16,3,9.332,7.235,0.907,116.6,141.9,0.0,0.0,2.91,1.045,164 216 90 271 299 353 93 261
lysine,8,arginine,3,15,16,4,9.332,7.235,0.907,116.6,141.9,0.0,0.0,2.91,1.007,153 212 138 253 294 54 94 266 188 123
lysine,8,arginine,3,15,17,1,9.332,9.528,0.907,112.1,43.9,2.2474,0.0,2.91,2.341,306 259 184 183
lysine,8,arginine,3,15,17,2,9.332,9.528,0.907,112.1,43.9,0.1898,0.0,2.91,2.991,224 39 234 215 50 148
lysine,8,arginine,3,15,17,3,9.332,9.528,0.907,112.1,43.9,0.0,0.0,2.91,2.991,189 109 135 284 305 130 98 187
lysine,8,arginine,3,15,17,4,9.332,9.528,0.907,112.1,43.9,0.0,0.0,2.91,2.479,166 165 145 218 228 141 142 277 270 161
lysine,8,arginine,3,15,18,1,9.332,9.206,0.907,126.9,57.9,1.9191,0.0,2.91,2.345,302 235 182 181
lysine,8,arginine,3,15,18,2,9.332,9.206,0.907,126.9,57.9,0.0,0.0,2.91,1.724,200 170 157 236 232 163
lysine,8,arginine,3,15,18,3,9.332,9.206,0.907,126.9,57.9,0.0,0.0,2.91,2.392,168 191 146 228 236 119 153 214
lysine,8,arginine,3,15,18,4,9.332,9.206,0.907,126.9,57.9,0.0,0.0,2.91,1.009,173 207 178 223 228 104 121 232 214 166
lysine,8,lysine,5,13,13,1,8.201,7.126,-0.731,68.6,153.1,0.2534,0.0,3.096,2.713,258 354 208 239
lysine,8,lysine,5,13,13,2,8.201,7.126,-0.731,68.6,153.1,0.0,0.0,1.536,3.384,313 22 70 342 235 115
lysine,8,lysine,5,13,13,3,8.201,7.126,-0.731,68.6,153.1,0.0,0.0,3.039,2.084,170 155 93 252 252 104 164 230
lysine,8,lysine,5,13,13,4,8.201,7.126,-0.731,68.6,153.1,0.0,0.0,1.651,2.695,303 18 9 302 289 82 108 328 263 127
lysine,8,lysine,5,13,14,1,8.201,8.594,-0.731,83.2,82.1,1.4145,0.0,3.096,3.621,230 40 201 195
lysine,8,lysine,5,13,14,2,8.201,8.594,-0.731,83.2,82.1,0.0,0.0,3.096,5.013,227 157 109 252 163 90
lysine,8,lysine,5,13,14,3,8.201,8.594,-0.731,83.2,82.1,0.0,0.0,3.096,5.296,176 157 136 232 233 117 137 208
lysine,8,lysine,5,13,14,4,8.201,8.594,-0.731,83.2,82.1,0.0,0.0,3.096,5.186,190 183 148 240 250 78 93 245 214 148
lysine,8,lysine,5,13,15,1,8.201,9.48,-0.731,69.9,47.4,2.2711,0.0,3.052,2.773,261 1 192 200
lysine,8,lysine,5,13,15,2,8.201,9.48,-0.731,69.9,47.4,0.1171,0.0,2.169,3.338,291 357 157 146 321 194
lysine,8,lysine,5,13,15,3,8.201,9.48,-0.731,69.9,47.4,0.0,0.0,3.096,4.687,257 144 112 210 224 81 87 193
lysine,8,lysine,5,13,15,4,8.201,9.48,-0.731,69.9,47.4,0.0,0.0,3.096,4.945,236 156 151 208 211 110 111 239 229 162
lysine,8,lysine,5,14,13,1,8.201,7.753,-0.731,43.2,161.0,2.3677,0.0,3.874,0.628,120 2 159 38
lysine,8,lysine,5,14,13,2,8.201,7.753,-0.731,43.2,161.0,0.0,0.0,2.49,0.372,116 288 247 88 113 199
lysine,8,lysine,5,14,13,3,8.201,7.753,-0.731,43.2,161.0,0.0,0.0,2.635,0.443,53 325 286 70 105 249 223 162
lysine,8,lysine,5,14,13,4,8.201,7.753,-0.731,43.2,161.0,0.0,0.0,2.647,0.716,30 349 307 54 88 259 236 134 149 192
lysine,8,lysine,5,14,14,1,8.201,9.647,-0.731,40.8,69.1,4.0024,0.0,3.874,1.723,138 359 198 315
lysine,8,lysine,5,14,14,2,8.201,9.647,-0.731,40.8,69.1,0.448,0.0,3.767,2.324,141 359 212 297 170 174
lysine,8,lysine,5,14,14,3,8.201,9.647,-0.731,40.8,69.1,0.0,0.0,3.874,2.977,140 305 282 50 85 240 221 156
lysine,8,lysine,5,14,14,4,8.201,9.647,-0.731,40.8,69.1,0.0,0.0,2.009,2.855,68 357 184 324 235 315 280 168 66 113
lysine,8,lysine,5,14,15,1,8.201,10.148,-0.731,42.1,48.8,4.3883,0.0,3.874,0.503,114 0 160 55
lysine,8,lysine,5,14,15,2,8.201,10.148,-0.731,42.1,48.8,0.8263,0.0,2.226,0.714,113 0 146 71 184 182
lysine,8,lysine,5,14,15,3,8.201,10.148,-0.731,42.1,48.8,0.0,0.0,2.017,1.133,122 313 158 108 178 254 277 217
lysine,8,lysine,5,14,15,4,8.201,10.148,-0.731,42.1,48.8,0.0,0.0,3.812,4.197,42 89 58 121 144 235 235 137 148 188
lysine,8,lysine,5,15,13,1,8.201,5.309,-0.731,154.2,162.3,0.3524,0.0,2.728,2.653,73 119 285 330
lysine,8,lysine,5,15,13,2,8.201,5.309,-0.731,154.2,162.3,0.0,0.0,2.91,2.559,179 122 288 11 131 31
lysine,8,lysine,5,15,13,3,8.201,5.309,-0.731,154.2,162.3,0.0,0.0,2.493,0.286,278 63 310 78 18 46 211 13
lysine,8,lysine,5,15,13,4,8.201,5.309,-0.731,154.2,162.3,0.0,0.0,2.406,0.628,1 273 138 90 55 281 255 12 123 264
lysine,8,lysine,5,15,14,1,8.201,7.228,-0.731,146.7,67.2,0.1503,0.0,2.85,2.734,80 148 238 208
lysine,8,lysine,5,15,14,2,8.201,7.228,-0.731,146.7,67.2,0.0,0.0,2.91,2.492,164 165 253 67 84 260
lysine,8,lysine,5,15,14,3,8.201,7.228,-0.731,146.7,67.2,0.0,0.0,2.91,2.747,180 130 277 170 56 230 213 57
lysine,8,lysine,5,15,14,4,8.201,7.228,-0.731,146.7,67.2,0.0,0.0,2.91,2.265,185 134 201 174 120 248 250 54 85 216
lysine,8,lysine,5,15,15,1,8.201,7.703,-0.731,150.8,48.3,0.6132,0.0,2.305,1.303,39 184 150 141
lysine,8,lysine,5,15,15,2,8.201,7.703,-0.731,150.8,48.3,0.0,0.0,1.125,2.18,29 346 30 220 260 157
lysine,8,lysine,5,15,15,3,8.201,7.703,-0.731,150.8,48.3,0.0,0.0,2.61,0.72,305 108 255 105 359 327 286 97
lysine,8,lysine,5,15,15,4,8.201,7.703,-0.731,150.8,48.3,0.0,0.0,1.372,0.966,19 223 206 41 56 248 249 96 121 224
lysine,8,aspartic,21,13,3,1,5.696,6.608,-0.338,16.6,106.9,3.9835,0.0,2.608,5.296,21 0 180 0
lysine,8,aspartic,21,13,3,2,5.696,6.608,-0.338,16.6,106.9,0.3736,0.0,1.702,5.296,4 359 183 359 209 295
lysine,8,aspartic,21,13,3,3,5.696,6.608,-0.338,16.6,106.9,0.0,0.0,3.096,5.296,87 284 261 79 107 263 224 144
lysine,8,aspartic,21,13,3,4,5.696,6.608,-0.338,16.6,106.9,0.0,0.0,1.517,4.947,334 340 294 21 65 298 259 100 130 204
lysine,8,aspartic,21,13,4,1,5.696,8.609,-0.338,13.1,21.1,5.5398,0.0,0.362,5.157,337 360 180 360
lysine,8,aspartic,21,13,4,2,5.696,8.609,-0.338,13.1,21.1,1.7843,0.0,0.323,4.743,338 359 182 358 156 118
lysine,8,aspartic,21,13,4,3,5.696,8.609,-0.338,13.1,21.1,0.0,0.0,0.67,5.296,322 33 180 272 211 131 87 146
lysine,8,aspartic,21,13,4,4,5.696,8.609,-0.338,13.1,21.1,0.0,0.0,1.751,5.296,24 14 93 306 266 121 119 214 242 192
lysine,8,aspartic,21,13,5,1,5.696,7.569,-0.338,2.9,70.5,5.9442,0.0,3.096,5.296,157 0 180 0
lysine,8,aspartic,21,13,5,2,5.696,7.569,-0.338,2.9,70.5,2.2416,0.0,3.096,5.296,138 1 179 1 204 291
lysine,8,aspartic,21,13,5,3,5.696,7.569,-0.338,2.9,70.5,0.0,0.0,3.096,5.296,72 309 233 57 153 262 218 170
lysine,8,aspartic,21,13,5,4,5.696,7.569,-0.338,2.9,70.5,0.0,0.0,3.096,5.296,57 317 284 70 99 246 223 127 145 195
lysine,8,aspartic,21,14,3,1,5.696,5.06,-0.338,85.2,105.9,0.0,0.0,3.246,5.209,25 203 345 54
lysine,8,aspartic,21,14,3,2,5.696,5.06,-0.338,85.2,105.9,0.0,0.0,3.723,5.209,349 197 57 82 36 33
lysine,8,aspartic,21,14,3,3,5.696,5.06,-0.338,85.2,105.9,0.0,0.0,3.592,5.209,330 325 1 63 79 291 206 74
lysine,8,aspartic,21,14,3,4,5.696,5.06,-0.338,85.2,105.9,0.0,0.0,3.103,3.544,78 24 325 306 321 291 272 61 109 244
lysine,8,aspartic,21,14,4,1,5.696,7.174,-0.338,82.1,9.7,1.1533,0.0,3.006,5.209,33 305 305 235
lysine,8,aspartic,21,14,4,2,5.696,7.174,-0.338,82.1,9.7,0.4793,0.0,3.755,5.209,1 316 305 204 354 236
lysine,8,aspartic,21,14,4,3,5.696,7.174,-0.338,82.1,9.7,0.0,0.0,3.669,5.209,327 38 239 150 11 156 29 217
lysine,8,aspartic,21,14,4,4,5.696,7.174,-0.338,82.1,9.7,0.0,0.0,3.512,3.963,64 65 339 339 340 220 328 101 49 272
lysine,8,aspartic,21,14,5,1,5.696,5.69,-0.338,95.9,81.6,0.0,0.0,3.36,4.584,102 209 259 55
lysine,8,aspartic,21,14,5,2,5.696,5.69,-0.338,95.9,81.6,0.0,0.0,2.678,2.34,130 16 90 267 237 60
lysine,8,aspartic,21,14,5,3,5.696,5.69,-0.338,95.9,81.6,0.0,0.0,3.587,5.209,326 6 324 50 84 290 256 132
lysine,8,aspartic,21,14,5,4,5.696,5.69,-0.338,95.9,81.6,0.0,0.0,3.179,5.209,291 55 289 251 314 296 237 9 86 268
lysine,8,aspartic,21,15,3,1,5.696,5.368,-0.338,74.0,86.2,0.4727,0.0,1.012,1.995,345 47 63 23
lysine,8,aspartic,21,15,3,2,5.696,5.368,-0.338,74.0,86.2,0.0,0.0,0.856,2.108,22 27 105 6 119 20
lysine,8,aspartic,21,15,3,3,5.696,5.368,-0.338,74.0,86.2,0.0,0.0,0.953,2.574,59 40 65 290 259 52 84 200
lysine,8,aspartic,21,15,3,4,5.696,5.368,-0.338,74.0,86.2,0.0,0.0,0.903,2.451,50 60 35 282 317 69 86 299 141 36
lysine,8,aspartic,21,15,4,1,5.696,6.894,-0.338,92.5,20.1,0.8722,0.0,1.003,1.617,326 103 19 148
lysine,8,aspartic,21,15,4,2,5.696,6.894,-0.338,92.5,20.1,0.2227,0.0,1.496,1.985,0 105 352 183 359 128
lysine,8,aspartic,21,15,4,3,5.696,6.894,-0.338,92.5,20.1,0.0,0.0,1.286,2.375,45 354 61 286 304 91 41 201
lysine,8,aspartic,21,15,4,4,5.696,6.894,-0.338,92.5,20.1,0.0,0.0,2.486,0.245,286 324 37 25 9 122 91 243 261 113
lysine,8,aspartic,21,15,5,1,5.696,5.741,-0.338,93.9,72.7,0.0,0.0,2.181,1.813,285 199 35 262
lysine,8,aspartic,21,15,5,2,5.696,5.741,-0.338,93.9,72.7,0.0,0.0,2.88,2.57,239 327 350 349 118 2
lysine,8,aspartic,21,15,5,3,5.696,5.741,-0.338,93.9,72.7,0.0,0.0,2.388,0.954,3 161 222 70 185 313 251 336
lysine,8,aspartic,21,15,5,4,5.696,5.741,-0.338,93.9,72.7,0.0,0.0,2.487,0.76,216 295 19 121 65 10 64 334 277 117
lysine,8,glutamic,9,13,5,1,11.131,11.916,-0.86,53.2,82.2,5.4563,0.0,3.096,2.433,225 359 205 262
lysine,8,glutamic,9,13,5,2,11.131,11.916,-0.86,53.2,82.2,1.8715,0.0,2.77,1.264,224 360 140 103 177 178
lysine,8,glutamic,9,13,5,3,11.131,11.916,-0.86,53.2,82.2,0.0,0.0,3.096,1.852,238 59 152 263 223 221 218 172
lysine,8,glutamic,9,13,5,4,11.131,11.916,-0.86,53.2,82.2,0.0,0.0,2.274,2.723,286 359 81 26 274 20 86 239 228 188
lysine,8,glutamic,9,13,6,1,11.131,10.349,-0.86,62.7,161.1,3.5906,0.0,3.096,2.84,222 360 152 124
lysine,8,glutamic,9,13,6,2,11.131,10.349,-0.86,62.7,161.1,0.4376,0.0,3.096,2.084,235 360 196 239 195 184
lysine,8,glutamic,9,13,6,3,11.131,10.349,-0.86,62.7,161.1,0.0,0.0,3.096,3.033,244 90 112 218 204 124 131 189
lysine,8,glutamic,9,13,6,4,11.131,10.349,-0.86,62.7,161.1,0.0,0.0,2.89,2.055,275 99 98 218 223 124 129 215 196 160
lysine,8,glutamic,9,13,7,1,11.131,12.506,-0.86,64.0,59.6,5.5422,0.0,3.096,2.535,226 1 202 219
lysine,8,glutamic,9,13,7,2,11.131,12.506,-0.86,64.0,59.6,1.9553,0.0,3.096,2.26,228 360 141 127 178 179
lysine,8,glutamic,9,13,7,3,11.131,12.506,-0.86,64.0,59.6,0.0,0.0,3.096,3.782,234 76 130 214 190 147 147 174
lysine,8,glutamic,9,13,7,4,11.131,12.506,-0.86,64.0,59.6,0.0,0.0,3.096,4.863,249 109 111 203 203 139 143 219 208 167
lysine,8,glutamic,9,14,5,1,11.131,11.197,-0.86,81.2,89.5,3.9471,0.0,3.874,1.219,137 323 175 177
lysine,8,glutamic,9,14,5,2,11.131,11.197,-0.86,81.2,89.5,0.2151,0.0,2.876,0.897,128 337 173 176 175 176
lysine,8,glutamic,9,14,5,3,11.131,11.197,-0.86,81.2,89.5,0.0,0.0,2.258,0.747,141 215 227 159 163 246 237 168
lysine,8,glutamic,9,14,5,4,11.131,11.197,-0.86,81.2,89.5,0.0,0.0,1.113,1.902,173 192 211 155 148 229 224 133 149 197
lysine,8,glutamic,9,14,6,1,11.131,9.927,-0.86,78.7,150.8,2.721,0.0,3.874,1.091,111 27 184 182
lysine,8,glutamic,9,14,6,2,11.131,9.927,-0.86,78.7,150.8,0.0,0.0,2.293,1.31,148 253 231 142 154 188
lysine,8,glutamic,9,14,6,3,11.131,9.927,-0.86,78.7,150.8,0.0,0.0,1.544,2.615,181 200 230 145 142 239 221 154
lysine,8,glutamic,9,14,6,4,11.131,9.927,-0.86,78.7,150.8,0.0,0.0,1.684,2.321,220 186 230 133 121 238 210 136 182 207
lysine,8,glutamic,9,14,7,1,11.131,12.232,-0.86,74.5,49.0,4.9692,0.0,3.874,0.852,122 5 180 180
lysine,8,glutamic,9,14,7,2,11.131,12.232,-0.86,74.5,49.0,1.3432,0.0,3.254,0.722,127 358 153 155 176 177
lysine,8,glutamic,9,14,7,3,11.131,12.232,-0.86,74.5,49.0,0.0,0.0,3.874,2.398,148 334 238 258 159 175 331 171
lysine,8,glutamic,9,14,7,4,11.131,12.232,-0.86,74.5,49.0,0.0,0.0,3.874,2.496,90 313 194 133 179 227 255 163 101 156
lysine,8,glutamic,9,15,5,1,11.131,9.624,-0.86,159.3,87.1,2.801,0.0,2.91,0.66,255 179 154 120
lysine,8,glutamic,9,15,5,2,11.131,9.624,-0.86,159.3,87.1,0.0,0.0,2.421,0.89,305 211 200 218 237 149
lysine,8,glutamic,9,15,5,3,11.131,9.624,-0.86,159.3,87.1,0.0,0.0,2.267,0.881,26 212 205 218 243 121 136 209
lysine,8,glutamic,9,15,5,4,11.131,9.624,-0.86,159.3,87.1,0.0,0.0,2.91,2.75,115 222 198 217 243 115 114 225 205 152
lysine,8,glutamic,9,15,6,1,11.131,8.284,-0.86,161.0,152.7,1.7509,0.0,2.91,1.196,223 179 211 260
lysine,8,glutamic,9,15,6,2,11.131,8.284,-0.86,161.0,152.7,0.0,0.0,2.124,1.049,301 216 198 242 230 95
lysine,8,glutamic,9,15,6,3,11.131,8.284,-0.86,161.0,152.7,0.0,0.0,2.91,2.156,125 225 158 220 294 24 89 265
lysine,8,glutamic,9,15,6,4,11.131,8.284,-0.86,161.0,152.7,0.0,0.0,2.665,2.935,242 283 173 182 295 50 62 351 255 146
lysine,8,glutamic,9,15,7,1,11.131,10.409,-0.86,168.9,57.3,4.0631,0.0,2.91,1.072,216 179 205 273
lysine,8,glutamic,9,15,7,2,11.131,10.409,-0.86,168.9,57.3,0.6265,0.0,2.91,2.069,191 179 213 277 163 171
lysine,8,glutamic,9,15,7,3,11.131,10.409,-0.86,168.9,57.3,0.0,0.0,2.295,0.741,15 202 204 223 231 127 137 198
lysine,8,glutamic,9,15,7,4,11.131,10.409,-0.86,168.9,57.3,0.0,0.0,2.694,1.392,341 217 199 179 228 140 122 290 276 145
lysine,8,isoleucine,4,13,4,1,6.963,8.342,0.277,58.0,65.1,1.7123,0.0,3.096,4.854,174 360 155 97
lysine,8,isoleucine,4,13,4,2,6.963,8.342,0.277,58.0,65.1,0.0,0.0,3.096,5.296,144 308 238 94 154 206
lysine,8,isoleucine,4,13,4,3,6.963,8.342,0.277,58.0,65.1,0.0,0.0,3.096,5.296,96 313 281 80 139 242 187 147
lysine,8,isoleucine,4,13,4,4,6.963,8.342,0.277,58.0,65.1,0.0,0.0,3.096,5.296,67 349 305 62 93 257 240 149 163 187
lysine,8,isoleucine,4,13,5,1,6.963,7.781,0.277,57.7,85.9,1.2139,0.0,3.096,3.848,193 0 205 272
lysine,8,isoleucine,4,13,5,2,6.963,7.781,0.277,57.7,85.9,0.0,0.0,3.096,1.701,225 50 133 295 148 89
lysine,8,isoleucine,4,13,5,3,6.963,7.781,0.277,57.7,85.9,0.0,0.0,2.598,3.336,264 31 55 302 252 103 158 220
lysine,8,isoleucine,4,13,5,4,6.963,7.781,0.277,57.7,85.9,0.0,0.0,3.096,3.946,122 257 323 347 294 12 59 286 241 144
lysine,8,isoleucine,4,13,6,1,6.963,6.505,0.277,45.7,146.2,1.2856,0.0,3.096,4.623,176 4 163 19
lysine,8,isoleucine,4,13,6,2,6.963,6.505,0.277,45.7,146.2,0.0,0.0,3.096,5.124,138 297 274 59 135 247
lysine,8,isoleucine,4,13,6,3,6.963,6.505,0.277,45.7,146.2,0.0,0.0,3.096,5.092,85 296 280 65 159 274 185 134
lysine,8,isoleucine,4,13,6,4,6.963,6.505,0.277,45.7,146.2,0.0,0.0,3.096,5.296,54 342 295 67 106 253 235 134 139 184
lysine,8,isoleucine,4,14,4,1,6.963,6.73,0.277,121.6,65.3,0.0609,0.0,3.874,4.989,162 167 297 213
lysine,8,isoleucine,4,14,4,2,6.963,6.73,0.277,121.6,65.3,0.0,0.0,3.874,4.908,211 175 276 53 95 272
lysine,8,isoleucine,4,14,4,3,6.963,6.73,0.277,121.6,65.3,0.0,0.0,3.874,5.209,252 187 245 90 93 265 221 140
lysine,8,isoleucine,4,14,4,4,6.963,6.73,0.277,121.6,65.3,0.0,0.0,3.874,5.209,276 201 228 91 120 249 209 100 111 183
lysine,8,isoleucine,4,14,5,1,6.963,6.644,0.277,100.4,68.5,0.0736,0.0,3.874,3.053,160 359 60 134
lysine,8,isoleucine,4,14,5,2,6.963,6.644,0.277,100.4,68.5,0.0,0.0,3.874,2.78,163 121 18 51 45 298
lysine,8,isoleucine,4,14,5,3,6.963,6.644,0.277,100.4,68.5,0.0,0.0,3.874,3.259,208 135 331 137 69 249 188 74
lysine,8,isoleucine,4,14,5,4,6.963,6.644,0.277,100.4,68.5,0.0,0.0,3.1,4.12,228 177 216 149 133 237 232 82 103 211
lysine,8,isoleucine,4,14,6,1,6.963,4.775,0.277,112.6,162.0,0.2081,0.0,3.874,4.088,150 69 355 35
lysine,8,isoleucine,4,14,6,2,6.963,4.775,0.277,112.6,162.0,0.0,0.0,3.874,4.203,201 125 336 19 110 38
lysine,8,isoleucine,4,14,6,3,6.963,4.775,0.277,112.6,162.0,0.0,0.0,3.874,5.209,235 42 335 351 181 55 166 62
lysine,8,isoleucine,4,14,6,4,6.963,4.775,0.277,112.6,162.0,0.0,0.0,3.874,2.716,234 230 270 89 76 277 261 46 86 226
lysine,8,isoleucine,4,15,4,1,6.963,7.007,0.277,109.0,49.5,0.3686,0.0,2.91,2.991,201 14 297 201
lysine,8,isoleucine,4,15,4,2,6.963,7.007,0.277,109.0,49.5,0.0,0.0,2.91,2.991,191 263 347 270 333 101
lysine,8,isoleucine,4,15,4,3,6.963,7.007,0.277,109.0,49.5,0.0,0.0,2.91,2.546,120 176 112 255 263 107 135 213
lysine,8,isoleucine,4,15,4,4,6.963,7.007,0.277,109.0,49.5,0.0,0.0,2.91,2.537,118 186 148 219 230 128 137 262 243 156
lysine,8,isoleucine,4,15,5,1,6.963,6.02,0.277,128.9,86.6,0.0,0.0,2.91,2.991,211 278 10 112
lysine,8,isoleucine,4,15,5,2,6.963,6.02,0.277,128.9,86.6,0.0,0.0,2.91,2.786,152 212 44 346 253 33
lysine,8,isoleucine,4,15,5,3,6.963,6.02,0.277,128.9,86.6,0.0,0.0,2.392,0.396,3 231 138 294 282 44 112 230
lysine,8,isoleucine,4,15,5,4,6.963,6.02,0.277,128.9,86.6,0.0,0.0,2.45,0.454,358 267 180 214 247 98 106 315 284 138
lysine,8,isoleucine,4,15,6,1,6.963,4.836,0.277,109.9,142.7,0.0,0.0,2.91,2.841,202 223 40 350
lysine,8,isoleucine,4,15,6,2,6.963,4.836,0.277,109.9,142.7,0.0,0.0,2.91,2.991,166 229 21 333 264 330
lysine,8,isoleucine,4,15,6,3,6.963,4.836,0.277,109.9,142.7,0.0,0.0,2.91,2.536,144 177 68 259 277 56 187 317
lysine,8,isoleucine,4,15,6,4,6.963,4.836,0.277,109.9,142.7,0.0,0.0,2.91,2.991,126 129 89 290 306 65 75 320 281 124
lysine,8,leucine,13,13,1,1,20.114,20.235,-0.268,43.4,125.2,14.0915,0.0,3.096,3.352,201 360 204 271
lysine,8,leucine,13,13,1,2,20.114,20.235,-0.268,43.4,125.2,10.5798,0.0,3.096,2.439,201 360 141 94 179 180
lysine,8,leucine,13,13,1,3,20.114,20.235,-0.268,43.4,125.2,6.9088,0.0,3.096,1.966,201 360 214 267 177 178 177 177
lysine,8,leucine,13,13,1,4,20.114,20.235,-0.268,43.4,125.2,3.2964,0.0,3.096,1.564,201 360 141 95 178 179 171 172 178 179
lysine,8,leucine,13,13,2,1,20.114,22.434,-0.268,43.5,32.2,16.2604,0.0,3.096,3.253,196 0 156 92
lysine,8,leucine,13,13,2,2,20.114,22.434,-0.268,43.5,32.2,12.7523,0.0,3.096,2.196,196 0 219 264 181 180
lysine,8,leucine,13,13,2,3,20.114,22.434,-0.268,43.5,32.2,9.0811,0.0,3.096,2.604,196 0 145 95 182 181 182 182
lysine,8,leucine,13,13,2,4,20.114,22.434,-0.268,43.5,32.2,5.4822,0.0,3.096,1.884,196 0 219 264 182 181 191 190 182 181
lysine,8,leucine,13,13,13,1,20.114,21.601,-0.268,49.0,71.1,15.1469,0.0,3.096,3.539,200 0 204 251
lysine,8,leucine,13,13,13,2,20.114,21.601,-0.268,49.0,71.1,11.6374,0.0,3.096,2.881,200 0 141 106 181 181
lysine,8,leucine,13,13,13,3,20.114,21.601,-0.268,49.0,71.1,7.9595,0.0,3.096,2.305,199 0 215 253 184 182 183 183
lysine,8,leucine,13,13,13,4,20.114,21.601,-0.268,49.0,71.1,4.3474,0.0,3.096,1.954,199 0 141 106 183 182 194 192 183 182
lysine,8,leucine,13,14,1,1,20.114,18.689,-0.268,105.4,124.0,11.4292,0.0,3.874,3.249,145 272 181 180
lysine,8,leucine,13,14,1,2,20.114,18.689,-0.268,105.4,124.0,7.7595,0.0,3.874,2.816,74 86 183 182 183 183
lysine,8,leucine,13,14,1,3,20.114,18.689,-0.268,105.4,124.0,4.1529,0.0,3.874,1.074,145 271 181 181 189 188 181 181
lysine,8,leucine,13,14,1,4,20.114,18.689,-0.268,105.4,124.0,0.4386,0.0,2.292,0.525,72 87 183 182 185 184 185 183 183 182
lysine,8,leucine,13,14,2,1,20.114,20.799,-0.268,109.2,36.2,13.5369,0.0,3.874,3.575,146 265 180 180
lysine,8,leucine,13,14,2,2,20.114,20.799,-0.268,109.2,36.2,9.8558,0.0,3.874,3.332,73 94 180 180 180 180
lysine,8,leucine,13,14,2,3,20.114,20.799,-0.268,109.2,36.2,6.2584,0.0,3.874,1.488,146 265 179 180 173 174 179 179
lysine,8,leucine,13,14,2,4,20.114,20.799,-0.268,109.2,36.2,2.5478,0.0,1.827,1.213,71 94 180 180 179 179 179 179 180 180
lysine,8,leucine,13,14,13,1,20.114,20.16,-0.268,105.8,65.9,12.8953,0.0,3.874,3.467,75 89 180 180
lysine,8,leucine,13,14,13,2,20.114,20.16,-0.268,105.8,65.9,9.2169,0.0,3.874,2.865,147 273 178 179 178 178
lysine,8,leucine,13,14,13,3,20.114,20.16,-0.268,105.8,65.9,5.6086,0.0,3.874,1.309,75 89 179 180 174 174 179 180
lysine,8,leucine,13,14,13,4,20.114,20.16,-0.268,105.8,65.9,1.9049,0.0,2.148,1.152,149 272 180 180 180 180 179 180 180 180
lysine,8,leucine,13,15,1,1,20.114,18.01,-0.268,136.7,128.5,10.7507,0.0,2.91,1.91,229 143 180 180
lysine,8,leucine,13,15,1,2,20.114,18.01,-0.268,136.7,128.5,7.0874,0.0,2.91,1.61,283 210 184 182 183 183
lysine,8,leucine,13,15,1,3,20.114,18.01,-0.268,136.7,128.5,3.4745,0.0,2.91,0.761,228 143 179 180 176 177 179 180
lysine,8,leucine,13,15,1,4,20.114,18.01,-0.268,136.7,128.5,0.0,0.0,2.612,1.208,224 164 178 203 199 194 194 190 194 183
lysine,8,leucine,13,15,2,1,20.114,20.26,-0.268,133.9,33.2,13.0021,0.0,2.91,2.118,224 138 179 180
lysine,8,leucine,13,15,2,2,20.114,20.26,-0.268,133.9,33.2,9.3195,0.0,2.91,1.895,285 217 180 180 180 180
lysine,8,leucine,13,15,2,3,20.114,20.26,-0.268,133.9,33.2,5.7276,0.0,2.91,0.724,225 138 178 179 169 170 178 179
lysine,8,leucine,13,15,2,4,20.114,20.26,-0.268,133.9,33.2,2.0106,0.0,1.817,0.985,287 219 180 180 179 179 179 179 180 180
lysine,8,leucine,13,15,13,1,20.114,19.456,-0.268,138.7,70.5,12.1912,0.0,2.91,1.684,280 212 180 180
lysine,8,leucine,13,15,13,2,20.114,19.456,-0.268,138.7,70.5,8.5344,0.0,2.91,1.439,230 155 174 177 175 176
lysine,8,leucine,13,15,13,3,20.114,19.456,-0.268,138.7,70.5,4.9007,0.0,2.91,1.499,280 213 180 180 176 177 180 180
lysine,8,leucine,13,15,13,4,20.114,19.456,-0.268,138.7,70.5,1.2018,0.0,2.358,1.162,228 152 178 179 178 178 177 178 179 179
lysine,8,serine,31,13,3,1,3.203,4.326,-0.464,57.8,69.8,1.3161,0.0,3.096,5.296,166 266 296 357
lysine,8,serine,31,13,3,2,3.203,4.326,-0.464,57.8,69.8,0.0,0.0,3.096,5.235,201 144 357 286 294 327
lysine,8,serine,31,13,3,3,3.203,4.326,-0.464,57.8,69.8,0.0,0.0,3.096,5.296,65 279 289 70 114 331 228 109
lysine,8,serine,31,13,3,4,3.203,4.326,-0.464,57.8,69.8,0.0,0.0,2.369,5.296,20 343 304 57 91 283 253 111 137 201
lysine,8,serine,31,13,4,1,3.203,3.175,-0.464,26.4,114.8,3.5425,0.0,3.096,3.814,192 92 69 0
lysine,8,serine,31,13,4,2,3.203,3.175,-0.464,26.4,114.8,1.1009,0.0,3.096,1.639,245 150 8 14 157 5
lysine,8,serine,31,13,4,3,3.203,3.175,-0.464,26.4,114.8,0.0,0.0,2.179,2.134,294 109 60 276 272 29 139 278
lysine,8,serine,31,13,4,4,3.203,3.175,-0.464,26.4,114.8,0.0,0.0,2.204,1.161,354 24 62 307 279 70 102 274 239 150
lysine,8,serine,31,13,5,1,3.203,5.467,-0.464,39.4,19.8,2.3033,0.0,3.096,3.065,197 42 123 6
lysine,8,serine,31,13,5,2,3.203,5.467,-0.464,39.4,19.8,0.7077,0.0,3.096,1.427,237 55 86 69 80 41
lysine,8,serine,31,13,5,3,3.203,5.467,-0.464,39.4,19.8,0.0,0.0,2.618,0.729,265 26 145 244 270 91 97 262
lysine,8,serine,31,13,5,4,3.203,5.467,-0.464,39.4,19.8,0.0,0.0,1.758,1.276,339 21 90 309 258 92 97 229 246 188
lysine,8,serine,31,14,3,1,3.203,2.839,-0.464,114.4,74.5,2.1551,0.0,3.874,5.209,188 92 354 356
lysine,8,serine,31,14,3,2,3.203,2.839,-0.464,114.4,74.5,1.0735,0.0,3.874,5.209,238 69 359 333 217 359
lysine,8,serine,31,14,3,3,3.203,2.839,-0.464,114.4,74.5,0.0,0.0,3.874,5.209,217 71 48 97 18 328 241 22
lysine,8,serine,31,14,3,4,3.203,2.839,-0.464,114.4,74.5,0.0,0.0,3.436,5.132,33 341 14 66 34 309 308 37 104 266
lysine,8,serine,31,14,4,1,3.203,1.806,-0.464,70.0,116.7,3.2382,0.0,3.874,3.601,82 235 351 356
lysine,8,serine,31,14,4,2,3.203,1.806,-0.464,70.0,116.7,2.1355,0.0,3.874,3.018,33 249 358 330 221 359
lysine,8,serine,31,14,4,3,3.203,1.806,-0.464,70.0,116.7,0.0,0.0,3.874,3.434,1 276 333 107 84 320 195 51
lysine,8,serine,31,14,4,4,3.203,1.806,-0.464,70.0,116.7,0.0,0.0,3.805,4.04,309 4 330 63 71 294 276 68 121 234
lysine,8,serine,31,14,5,1,3.203,3.97,-0.464,95.7,34.4,1.3947,0.0,3.874,3.894,80 253 359 359
lysine,8,serine,31,14,5,2,3.203,3.97,-0.464,95.7,34.4,0.1603,0.0,3.874,4.121,46 266 357 76 91 358
lysine,8,serine,31,14,5,3,3.203,3.97,-0.464,95.7,34.4,0.0,0.0,3.874,3.826,179 159 253 171 61 283 249 34
lysine,8,serine,31,14,5,4,3.203,3.97,-0.464,95.7,34.4,0.0,0.0,3.874,0.711,76 241 259 163 101 270 275 49 131 267
lysine,8,serine,31,15,3,1,3.203,3.485,-0.464,87.4,35.3,2.0783,0.0,2.91,2.991,185 270 344 348
lysine,8,serine,31,15,3,2,3.203,3.485,-0.464,87.4,35.3,0.8548,0.0,2.91,2.991,149 273 350 292 268 355
lysine,8,serine,31,15,3,3,3.203,3.485,-0.464,87.4,35.3,0.0,0.0,2.91,2.29,266 111 38 158 332 108 72 354
lysine,8,serine,31,15,3,4,3.203,3.485,-0.464,87.4,35.3,0.0,0.0,1.858,2.028,337 39 69 287 292 66 58 285 254 131
lysine,8,serine,31,15,4,1,3.203,1.449,-0.464,80.6,107.6,3.5598,0.0,2.91,1.893,288 107 7 4
lysine,8,serine,31,15,4,2,3.203,1.449,-0.464,80.6,107.6,2.525,0.0,2.525,1.746,334 99 2 35 133 1
lysine,8,serine,31,15,4,3,3.203,1.449,-0.464,80.6,107.6,0.0,0.0,2.076,1.994,3 82 24 251 283 33 160 323
lysine,8,serine,31,15,4,4,3.203,1.449,-0.464,80.6,107.6,0.0,0.0,1.564,2.085,54 356 29 293 295 70 79 293 232 112
lysine,8,serine,31,15,5,1,3.203,3.468,-0.464,117.7,36.0,1.805,0.0,2.91,2.437,287 80 356 357
lysine,8,serine,31,15,5,2,3.203,3.468,-0.464,117.7,36.0,0.6147,0.0,2.137,1.59,331 68 1 303 251 0
lysine,8,serine,31,15,5,3,3.203,3.468,-0.464,117.7,36.0,0.0,0.0,2.91,1.919,156 178 136 212 310 69 101 354
lysine,8,serine,31,15,5,4,3.203,3.468,-0.464,117.7,36.0,0.0,0.0,2.91,1.359,187 291 66 189 330 131 343 8 260 289
lysine,8,tryptophan,5,13,16,1,8.667,8.705,0.472,71.0,100.7,1.5347,0.0,2.778,2.829,272 356 161 155
lysine,8,tryptophan,5,13,16,2,8.667,8.705,0.472,71.0,100.7,0.0,0.0,3.096,4.252,226 120 131 245 227 159
lysine,8,tryptophan,5,13,16,3,8.667,8.705,0.472,71.0,100.7,0.0,0.0,3.096,5.06,219 156 137 224 220 93 116 209
lysine,8,tryptophan,5,13,16,4,8.667,8.705,0.472,71.0,100.7,0.0,0.0,3.096,3.751,263 333 350 28 2 58 98 326 279 127
lysine,8,tryptophan,5,13,17,1,8.667,10.51,0.472,64.9,22.3,3.5698,0.0,2.619,2.889,275 0 157 131
lysine,8,tryptophan,5,13,17,2,8.667,10.51,0.472,64.9,22.3,1.0141,0.0,2.724,2.652,262 359 187 247 38 177
lysine,8,tryptophan,5,13,17,3,8.667,10.51,0.472,64.9,22.3,0.2257,0.0,2.857,2.461,228 1 171 121 141 175 1 178
lysine,8,tryptophan,5,13,17,4,8.667,10.51,0.472,64.9,22.3,0.0,0.0,1.525,0.722,220 19 156 311 282 160 99 199 263 168
lysine,8,tryptophan,5,13,18,1,8.667,9.435,0.472,76.4,73.3,2.2571,0.0,2.613,3.641,266 22 198 194
lysine,8,tryptophan,5,13,18,2,8.667,9.435,0.472,76.4,73.3,0.0,0.0,2.589,5.29,332 263 186 94 176 203
lysine,8,tryptophan,5,13,18,3,8.667,9.435,0.472,76.4,73.3,0.0,0.0,3.096,5.046,221 151 142 224 219 114 130 200
lysine,8,tryptophan,5,13,18,4,8.667,9.435,0.472,76.4,73.3,0.0,0.0,1.825,4.259,301 2 13 5 338 39 96 331 286 145
lysine,8,tryptophan,5,14,16,1,8.667,9.511,0.472,36.7,100.8,4.1529,0.0,3.874,0.54,113 360 192 333
lysine,8,tryptophan,5,14,16,2,8.667,9.511,0.472,36.7,100.8,0.5659,0.0,2.572,0.621,113 0 150 57 180 180
lysine,8,tryptophan,5,14,16,3,8.667,9.511,0.472,36.7,100.8,0.0,0.0,1.826,1.586,68 292 254 93 151 231 189 152
lysine,8,tryptophan,5,14,16,4,8.667,9.511,0.472,36.7,100.8,0.0,0.0,2.169,0.886,8 175 61 39 99 353 271 180 168 183
lysine,8,tryptophan,5,14,17,1,8.667,11.127,0.472,37.5,35.0,5.5906,0.0,3.874,1.219,96 360 164 45
lysine,8,tryptophan,5,14,17,2,8.667,11.127,0.472,37.5,35.0,2.0612,0.0,2.053,1.239,97 359 213 297 170 173
lysine,8,tryptophan,5,14,17,3,8.667,11.127,0.472,37.5,35.0,0.0,0.0,1.416,1.294,102 341 155 127 152 196 273 243
lysine,8,tryptophan,5,14,17,4,8.667,11.127,0.472,37.5,35.0,0.0,0.0,1.101,1.482,30 347 266 78 91 212 219 156 127 165
lysine,8,tryptophan,5,14,18,1,8.667,10.559,0.472,25.2,61.2,6.0146,0.0,3.874,1.049,103 360 182 357
lysine,8,tryptophan,5,14,18,2,8.667,10.559,0.472,25.2,61.2,2.293,0.0,2.418,0.958,102 0 199 328 181 180
lysine,8,tryptophan,5,14,18,3,8.667,10.559,0.472,25.2,61.2,0.1782,0.0,3.13,2.57,148 360 181 359 170 162 285 197
lysine,8,tryptophan,5,14,18,4,8.667,10.559,0.472,25.2,61.2,0.0,0.0,3.561,5.209,208 319 208 65 134 222 215 150 140 169
lysine,8,tryptophan,5,15,16,1,8.667,7.055,0.472,143.4,102.3,0.0,0.0,2.543,2.272,61 159 248 208
lysine,8,tryptophan,5,15,16,2,8.667,7.055,0.472,143.4,102.3,0.0,0.0,2.835,2.541,122 180 259 34 85 306
lysine,8,tryptophan,5,15,16,3,8.667,7.055,0.472,143.4,102.3,0.0,0.0,2.91,1.556,207 147 200 84 92 333 263 142
lysine,8,tryptophan,5,15,16,4,8.667,7.055,0.472,143.4,102.3,0.0,0.0,1.288,1.264,22 240 192 42 45 277 261 45 102 236
lysine,8,tryptophan,5,15,17,1,8.667,8.776,0.472,137.5,32.5,1.488,0.0,0.992,1.155,356 144 182 181
lysine,8,tryptophan,5,15,17,2,8.667,8.776,0.472,137.5,32.5,0.1582,0.0,0.846,0.965,320 167 146 162 355 183
lysine,8,tryptophan,5,15,17,3,8.667,8.776,0.472,137.5,32.5,0.0,0.0,1.281,0.938,11 219 159 29 0 302 267 90
lysine,8,tryptophan,5,15,17,4,8.667,8.776,0.472,137.5,32.5,0.0,0.0,0.621,2.318,308 326 301 328 1 252 202 65 82 216
lysine,8,tryptophan,5,15,18,1,8.667,8.196,0.472,126.9,59.3,0.9292,0.0,2.149,2.121,83 232 189 186
lysine,8,tryptophan,5,15,18,2,8.667,8.196,0.472,126.9,59.3,0.0,0.0,2.818,2.639,122 203 228 70 72 210
lysine,8,tryptophan,5,15,18,3,8.667,8.196,0.472,126.9,59.3,0.0,0.0,2.91,2.564,159 192 206 117 102 241 222 147
lysine,8,tryptophan,5,15,18,4,8.667,8.196,0.472,126.9,59.3,0.0,0.0,0.871,2.115,43 277 258 5 21 274 233 75 110 207
lysine,8,aspartic,8,13,3,1,8.798,9.841,0.99,87.0,39.8,2.5544,0.0,0.961,4.07,184 53 181 181
lysine,8,aspartic,8,13,3,2,8.798,9.841,0.99,87.0,39.8,0.2697,0.0,1.583,3.206,260 311 186 183 291 210
lysine,8,aspartic,8,13,3,3,8.798,9.841,0.99,87.0,39.8,0.0,0.0,2.272,4.285,223 146 92 196 226 75 96 232
lysine,8,aspartic,8,13,3,4,8.798,9.841,0.99,87.0,39.8,0.0,0.0,3.096,5.296,190 177 146 181 200 121 117 252 234 152
lysine,8,aspartic,8,13,4,1,8.798,8.832,0.99,97.4,80.9,1.5712,0.0,1.181,4.627,239 289 169 173
lysine,8,aspartic,8,13,4,2,8.798,8.832,0.99,97.4,80.9,0.0,0.0,2.095,5.296,169 186 102 233 183 104
lysine,8,aspartic,8,13,4,3,8.798,8.832,0.99,97.4,80.9,0.0,0.0,1.528,5.296,145 210 92 229 278 18 60 261
lysine,8,aspartic,8,13,4,4,8.798,8.832,0.99,97.4,80.9,0.0,0.0,2.519,5.296,177 203 150 201 234 89 87 265 228 136
lysine,8,aspartic,8,13,5,1,8.798,9.24,0.99,82.2,65.6,1.9592,0.0,1.351,4.297,225 316 181 181
lysine,8,aspartic,8,13,5,2,8.798,9.24,0.99,82.2,65.6,0.0,0.0,2.655,4.367,194 319 226 233 55 78
lysine,8,aspartic,8,13,5,3,8.798,9.24,0.99,82.2,65.6,0.0,0.0,1.578,1.685,229 300 251 343 72 133 349 58
lysine,8,aspartic,8,13,5,4,8.798,9.24,0.99,82.2,65.6,0.0,0.0,1.535,0.395,237 76 137 249 210 87 78 238 258 169
lysine,8,aspartic,8,14,3,1,8.798,10.078,0.99,78.2,35.0,2.7944,0.0,1.852,3.688,171 331 179 180
lysine,8,aspartic,8,14,3,2,8.798,10.078,0.99,78.2,35.0,0.4809,0.0,0.523,1.121,124 6 207 216 56 159
lysine,8,aspartic,8,14,3,3,8.798,10.078,0.99,78.2,35.0,0.0,0.0,1.698,0.732,127 286 232 145 151 256 282 176
lysine,8,aspartic,8,14,3,4,8.798,10.078,0.99,78.2,35.0,0.0,0.0,2.689,0.446,122 242 250 158 154 243 235 123 144 202
lysine,8,aspartic,8,14,4,1,8.798,9.224,0.99,82.7,71.9,1.935,0.0,2.33,4.358,142 44 181 180
lysine,8,aspartic,8,14,4,2,8.798,9.224,0.99,82.7,71.9,0.0,0.0,1.723,5.209,214 270 267 274 181 284
lysine,8,aspartic,8,14,4,3,8.798,9.224,0.99,82.7,71.9,0.0,0.0,3.713,5.209,231 221 190 139 134 258 246 156
lysine,8,aspartic,8,14,4,4,8.798,9.224,0.99,82.7,71.9,0.0,0.0,1.633,0.71,108 349 201 24 203 317 297 128 53 213
lysine,8,aspartic,8,14,5,1,8.798,8.989,0.99,91.6,80.6,1.7429,0.0,2.73,4.111,186 301 167 172
lysine,8,aspartic,8,14,5,2,8.798,8.989,0.99,91.6,80.6,0.0,0.0,2.699,4.985,216 314 104 34 251 213
lysine,8,aspartic,8,14,5,3,8.798,8.989,0.99,91.6,80.6,0.0,0.0,1.414,1.771,147 199 269 173 123 295 257 74
lysine,8,aspartic,8,14,5,4,8.798,8.989,0.99,91.6,80.6,0.0,0.0,3.874,5.209,207 176 221 177 154 237 235 76 100 211
lysine,8,aspartic,8,15,3,1,8.798,8.655,0.99,140.2,46.9,1.3869,0.0,0.581,2.696,139 152 171 173
lysine,8,aspartic,8,15,3,2,8.798,8.655,0.99,140.2,46.9,0.0001,0.0,2.124,2.513,106 178 138 121 5 176
lysine,8,aspartic,8,15,3,3,8.798,8.655,0.99,140.2,46.9,0.0,0.0,2.39,0.426,261 153 195 133 131 264 245 158
lysine,8,aspartic,8,15,3,4,8.798,8.655,0.99,140.2,46.9,0.0,0.0,2.692,0.932,233 141 176 165 109 244 266 109 158 241
lysine,8,aspartic,8,15,4,1,8.798,8.219,0.99,123.6,64.7,0.9427,0.0,0.887,2.991,129 122 172 174
lysine,8,aspartic,8,15,4,2,8.798,8.219,0.99,123.6,64.7,0.0,0.0,2.57,2.991,177 37 44 156 284 319
lysine,8,aspartic,8,15,4,3,8.798,8.219,0.99,123.6,64.7,0.0,0.0,2.752,2.425,221 206 296 65 28 275 231 88
lysine,8,aspartic,8,15,4,4,8.798,8.219,0.99,123.6,64.7,0.0,0.0,2.91,1.896,256 151 292 152 73 197 243 119 75 258
lysine,8,aspartic,8,15,5,1,8.798,8.098,0.99,130.1,69.3,0.9631,0.0,1.649,2.867,227 232 173 175
lysine,8,aspartic,8,15,5,2,8.798,8.098,0.99,130.1,69.3,0.0,0.0,2.663,2.991,177 51 261 209 87 346
lysine,8,aspartic,8,15,5,3,8.798,8.098,0.99,130.1,69.3,0.0,0.0,2.453,2.622,166 147 59 7 316 28 176 330
lysine,8,aspartic,8,15,5,4,8.798,8.098,0.99,130.1,69.3,0.0,0.0,2.508,1.403,207 186 116 355 3 219 283 342 249 92
lysine,8,glutamic,10,13,5,1,10.985,11.143,0.519,38.4,131.0,5.5775,0.0,2.964,1.622,264 360 199 310
lysine,8,glutamic,10,13,5,2,10.985,11.143,0.519,38.4,131.0,2.0602,0.0,3.024,1.782,262 1 149 65 188 184
lysine,8,glutamic,10,13,5,3,10.985,11.143,0.519,38.4,131.0,0.0001,0.0,2.173,1.346,278 41 103 307 265 147 156 176
lysine,8,glutamic,10,13,5,4,10.985,11.143,0.519,38.4,131.0,0.0,0.0,1.78,2.832,295 29 71 301 272 133 151 226 218 171
lysine,8,glutamic,10,13,6,1,10.985,11.962,0.519,37.0,95.5,6.4175,0.0,3.096,1.406,245 0 162 47
lysine,8,glutamic,10,13,6,2,10.985,11.962,0.519,37.0,95.5,2.8773,0.0,3.096,1.458,247 360 213 294 176 177
lysine,8,glutamic,10,13,6,3,10.985,11.962,0.519,37.0,95.5,0.0,0.0,2.371,1.107,254 49 139 270 241 178 173 169
lysine,8,glutamic,10,13,6,4,10.985,11.962,0.519,37.0,95.5,0.0,0.0,3.07,2.521,272 252 351 226 215 80 115 165 161 176
lysine,8,glutamic,10,13,7,1,10.985,13.537,0.519,38.1,27.7,7.8633,0.0,3.096,1.714,260 0 200 300
lysine,8,glutamic,10,13,7,2,10.985,13.537,0.519,38.1,27.7,4.3684,0.0,3.096,1.736,259 1 146 72 188 185
lysine,8,glutamic,10,13,7,3,10.985,13.537,0.519,38.1,27.7,0.8014,0.0,3.095,1.914,259 2 145 78 200 191 213 206
lysine,8,glutamic,10,13,7,4,10.985,13.537,0.519,38.1,27.7,0.0,0.0,2.902,3.438,287 319 235 206 260 196 133 145 299 265
lysine,8,glutamic,10,14,5,1,10.985,10.563,0.519,64.1,119.4,3.6327,0.0,3.816,1.686,84 1 159 130
lysine,8,glutamic,10,14,5,2,10.985,10.563,0.519,64.1,119.4,0.044,0.0,2.785,0.697,85 359 219 240 176 178
lysine,8,glutamic,10,14,5,3,10.985,10.563,0.519,64.1,119.4,0.0,0.0,2.083,0.907,73 89 70 290 348 23 313 116
lysine,8,glutamic,10,14,5,4,10.985,10.563,0.519,64.1,119.4,0.0,0.0,3.874,2.332,133 286 279 66 66 228 221 121 145 212
lysine,8,glutamic,10,14,6,1,10.985,11.082,0.519,74.7,97.9,3.8883,0.0,3.624,1.657,82 14 192 190
lysine,8,glutamic,10,14,6,2,10.985,11.082,0.519,74.7,97.9,0.1931,0.0,2.16,0.458,93 359 207 209 177 178
lysine,8,glutamic,10,14,6,3,10.985,11.082,0.519,74.7,97.9,0.0,0.0,2.675,0.862,160 225 238 106 122 210 175 150
lysine,8,glutamic,10,14,6,4,10.985,11.082,0.519,74.7,97.9,0.0,0.0,1.621,1.032,160 202 208 142 143 232 224 141 155 195
lysine,8,glutamic,10,14,7,1,10.985,12.845,0.519,68.6,17.3,5.7245,0.0,3.548,1.913,86 0 190 197
lysine,8,glutamic,10,14,7,2,10.985,12.845,0.519,68.6,17.3,2.1465,0.0,1.863,1.891,88 359 146 140 176 177
lysine,8,glutamic,10,14,7,3,10.985,12.845,0.519,68.6,17.3,0.6531,0.0,3.874,0.774,100 1 222 246 187 185 316 201
lysine,8,glutamic,10,14,7,4,10.985,12.845,0.519,68.6,17.3,0.0107,0.0,3.874,0.749,122 357 209 232 154 168 90 140 351 194
lysine,8,glutamic,10,15,5,1,10.985,8.793,0.519,138.5,126.8,1.5416,0.0,2.91,1.139,306 150 173 176
lysine,8,glutamic,10,15,5,2,10.985,8.793,0.519,138.5,126.8,0.0,0.0,2.91,0.306,286 191 171 275 136 53
lysine,8,glutamic,10,15,5,3,10.985,8.793,0.519,138.5,126.8,0.0,0.0,2.269,1.388,23 161 185 321 324 60 120 208
lysine,8,glutamic,10,15,5,4,10.985,8.793,0.519,138.5,126.8,0.0,0.0,1.622,1.99,346 37 75 10 344 94 130 305 269 147
lysine,8,glutamic,10,15,6,1,10.985,9.496,0.519,144.5,96.5,2.2126,0.0,2.87,0.697,331 197 181 181
lysine,8,glutamic,10,15,6,2,10.985,9.496,0.519,144.5,96.5,0.0,0.0,2.91,0.669,304 174 219 280 79 59
lysine,8,glutamic,10,15,6,3,10.985,9.496,0.519,144.5,96.5,0.0,0.0,1.581,1.168,201 180 132 251 276 128 164 227
lysine,8,glutamic,10,15,6,4,10.985,9.496,0.519,144.5,96.5,0.0,0.0,2.91,2.621,172 201 189 220 234 133 136 231 215 160
lysine,8,glutamic,10,15,7,1,10.985,11.142,0.519,141.0,25.8,3.8867,0.0,2.91,1.169,305 155 179 179
lysine,8,glutamic,10,15,7,2,10.985,11.142,0.519,141.0,25.8,0.8447,0.0,2.444,0.654,358 185 179 180 111 145
lysine,8,glutamic,10,15,7,3,10.985,11.142,0.519,141.0,25.8,0.0,0.0,2.303,0.877,14 178 163 174 114 141 8 160
lysine,8,glutamic,10,15,7,4,10.985,11.142,0.519,141.0,25.8,0.0,0.0,2.91,0.884,243 177 221 259 165 131 107 184 301 235
lysine,8,serine,20,13,3,1,13.534,14.252,-0.036,55.3,94.2,7.6167,0.0,3.096,2.593,223 360 155 116
lysine,8,serine,20,13,3,2,13.534,14.252,-0.036,55.3,94.2,4.0782,0.0,3.096,1.773,223 360 219 250 177 178
lysine,8,serine,20,13,3,3,13.534,14.252,-0.036,55.3,94.2,0.3645,0.0,3.096,1.873,221 1 147 110 192 186 188 188
lysine,8,serine,20,13,3,4,13.534,14.252,-0.036,55.3,94.2,0.0,0.0,2.53,2.484,267 28 71 314 279 141 163 187 185 180
lysine,8,serine,20,13,4,1,13.534,14.362,-0.036,54.0,90.0,7.7791,0.0,3.096,2.311,234 0 205 248
lysine,8,serine,20,13,4,2,13.534,14.362,-0.036,54.0,90.0,4.2432,0.0,3.096,1.861,234 0 141 108 182 181
lysine,8,serine,20,13,4,3,13.534,14.362,-0.036,54.0,90.0,0.5546,0.0,3.096,2.109,237 359 213 254 163 172 169 169
lysine,8,serine,20,13,4,4,13.534,14.362,-0.036,54.0,90.0,0.0,0.0,2.385,2.226,271 32 72 316 281 142 170 195 188 177
lysine,8,serine,20,13,5,1,13.534,13.455,-0.036,46.2,127.8,7.336,0.0,3.096,1.841,226 1 155 83
lysine,8,serine,20,13,5,2,13.534,13.455,-0.036,46.2,127.8,3.7963,0.0,3.096,0.957,226 1 218 268 187 184
lysine,8,serine,20,13,5,3,13.534,13.455,-0.036,46.2,127.8,0.0412,0.0,3.096,1.22,227 0 147 89 185 183 184 183
lysine,8,serine,20,13,5,4,13.534,13.455,-0.036,46.2,127.8,0.0,0.0,2.795,2.253,295 256 285 262 190 108 150 153 155 185
lysine,8,serine,20,14,3,1,13.534,13.536,-0.036,83.1,92.8,6.2932,0.0,3.874,1.563,93 42 184 183
lysine,8,serine,20,14,3,2,13.534,13.536,-0.036,83.1,92.8,2.5723,0.0,3.874,0.737,134 327 176 178 177 177
lysine,8,serine,20,14,3,3,13.534,13.536,-0.036,83.1,92.8,0.0,0.0,3.874,1.105,139 246 232 166 178 207 201 175
lysine,8,serine,20,14,3,4,13.534,13.536,-0.036,83.1,92.8,0.0,0.0,3.874,2.134,176 206 213 152 153 212 206 144 154 191
lysine,8,serine,20,14,4,1,13.534,13.851,-0.036,74.4,81.1,6.5892,0.0,3.874,1.177,110 3 180 180
lysine,8,serine,20,14,4,2,13.534,13.851,-0.036,74.4,81.1,3.0819,0.0,3.874,0.997,120 350 151 157 164 168
lysine,8,serine,20,14,4,3,13.534,13.851,-0.036,74.4,81.1,0.0,0.0,3.874,0.679,121 305 189 126 162 153 140 171
lysine,8,serine,20,14,4,4,13.534,13.851,-0.036,74.4,81.1,0.0,0.0,3.874,3.138,84 272 240 140 182 231 212 157 147 172
lysine,8,serine,20,14,5,1,13.534,12.555,-0.036,82.4,136.0,5.3306,0.0,3.874,1.648,130 320 176 178
lysine,8,serine,20,14,5,2,13.534,12.555,-0.036,82.4,136.0,1.651,0.0,3.874,0.393,90 32 185 183 186 185
lysine,8,serine,20,14,5,3,13.534,12.555,-0.036,82.4,136.0,0.0,0.0,3.874,1.147,143 225 225 155 164 217 205 168
lysine,8,serine,20,14,5,4,13.534,12.555,-0.036,82.4,136.0,0.0,0.0,3.874,1.369,171 205 211 150 151 214 207 137 146 191
lysine,8,serine,20,15,3,1,13.534,11.993,-0.036,159.8,90.0,5.1298,0.0,2.91,0.84,256 180 204 231
lysine,8,serine,20,15,3,2,13.534,11.993,-0.036,159.8,90.0,1.566,0.0,2.91,0.347,253 180 139 119 180 180
lysine,8,serine,20,15,3,3,13.534,11.993,-0.036,159.8,90.0,0.0,0.0,2.91,2.201,248 226 163 167 227 130 182 261
lysine,8,serine,20,15,3,4,13.534,11.993,-0.036,159.8,90.0,0.0,0.0,2.91,2.728,160 208 186 197 216 145 146 234 222 162
lysine,8,serine,20,15,4,1,13.534,12.034,-0.036,165.3,88.5,5.4222,0.0,2.91,0.438,291 180 155 108
lysine,8,serine,20,15,4,2,13.534,12.034,-0.036,165.3,88.5,1.8572,0.0,2.91,0.592,290 180 220 253 180 180
lysine,8,serine,20,15,4,3,13.534,12.034,-0.036,165.3,88.5,0.0,0.0,2.286,1.028,35 201 188 224 270 161 176 203
lysine,8,serine,20,15,4,4,13.534,12.034,-0.036,165.3,88.5,0.0,0.0,2.91,2.663,181 207 190 198 218 148 149 236 223 160
lysine,8,serine,20,15,5,1,13.534,11.048,-0.036,154.4,130.1,4.0958,0.0,2.91,0.866,274 178 156 143
lysine,8,serine,20,15,5,2,13.534,11.048,-0.036,154.4,130.1,0.4575,0.0,2.91,0.71,275 179 214 234 172 176
lysine,8,serine,20,15,5,3,13.534,11.048,-0.036,154.4,130.1,0.0,0.0,2.91,2.085,184 198 159 219 241 141 172 223
lysine,8,serine,20,15,5,4,13.534,11.048,-0.036,154.4,130.1,0.0,0.0,2.91,2.722,166 217 191 224 240 97 109 213 190 158
aspartic,8,arginine,3,3,16,1,9.681,9.292,0.864,58.9,122.8,2.6643,0.0,2.084,1.331,300 359 205 259
aspartic,8,arginine,3,3,16,2,9.681,9.292,0.864,58.9,122.8,0.0,0.0,1.864,1.652,319 344 152 354 322 207
aspartic,8,arginine,3,3,16,3,9.681,9.292,0.864,58.9,122.8,0.0,0.0,2.718,1.187,344 75 40 285 257 121 205 260
aspartic,8,arginine,3,3,16,4,9.681,9.292,0.864,58.9,122.8,0.0,0.0,1.773,2.672,310 26 52 306 281 106 128 296 264 149
aspartic,8,arginine,3,3,17,1,9.681,11.379,0.864,63.3,37.2,4.4476,0.0,2.288,2.036,291 360 158 133
aspartic,8,arginine,3,3,17,2,9.681,11.379,0.864,63.3,37.2,0.9334,0.0,2.415,2.715,287 360 147 123 177 178
aspartic,8,arginine,3,3,17,3,9.681,11.379,0.864,63.3,37.2,0.0,0.0,3.065,4.532,278 325 174 88 198 182 14 156
aspartic,8,arginine,3,3,17,4,9.681,11.379,0.864,63.3,37.2,0.0,0.0,2.088,2.849,290 35 74 308 286 133 146 257 245 161
aspartic,8,arginine,3,3,18,1,9.681,9.555,0.864,72.5,110.9,2.4684,0.0,2.186,2.097,300 350 157 157
aspartic,8,arginine,3,3,18,2,9.681,9.555,0.864,72.5,110.9,0.0,0.0,2.919,1.355,295 289 284 150 292 189
aspartic,8,arginine,3,3,18,3,9.681,9.555,0.864,72.5,110.9,0.0,0.0,2.985,2.691,289 206 292 167 80 285 17 256
aspartic,8,arginine,3,3,18,4,9.681,9.555,0.864,72.5,110.9,0.0,0.0,2.494,0.981,301 304 334 350 355 111 122 283 252 144
aspartic,8,arginine,3,4,16,1,9.681,9.811,0.864,35.0,136.8,4.5811,0.0,2.715,4.834,65 0 170 23
aspartic,8,arginine,3,4,16,2,9.681,9.811,0.864,35.0,136.8,1.1568,0.0,2.715,4.125,71 359 204 316 159 168
aspartic,8,arginine,3,4,16,3,9.681,9.811,0.864,35.0,136.8,0.0,0.0,2.616,4.041,68 314 267 53 93 239 218 168
aspartic,8,arginine,3,4,16,4,9.681,9.811,0.864,35.0,136.8,0.0,0.0,2.131,4.941,51 328 293 59 84 237 217 122 138 196
aspartic,8,arginine,3,4,17,1,9.681,12.006,0.864,34.4,44.9,6.6128,0.0,2.715,5.203,75 0 194 323
aspartic,8,arginine,3,4,17,2,9.681,12.006,0.864,34.4,44.9,3.1109,0.0,2.715,4.696,73 1 149 59 190 187
aspartic,8,arginine,3,4,17,3,9.681,12.006,0.864,34.4,44.9,0.0746,0.0,2.715,5.492,86 359 140 91 173 175 260 215
aspartic,8,arginine,3,4,17,4,9.681,12.006,0.864,34.4,44.9,0.0,0.0,2.315,5.506,58 320 283 61 86 223 204 142 152 190
aspartic,8,arginine,3,4,18,1,9.681,10.582,0.864,24.5,100.9,6.0702,0.0,2.715,5.422,83 359 183 355
aspartic,8,arginine,3,4,18,2,9.681,10.582,0.864,24.5,100.9,2.36,0.0,2.715,3.881,81 0 163 29 181 181
aspartic,8,arginine,3,4,18,3,9.681,10.582,0.864,24.5,100.9,0.0,0.0,2.715,3.299,78 307 236 71 132 213 199 179
aspartic,8,arginine,3,4,18,4,9.681,10.582,0.864,24.5,100.9,0.0,0.0,2.715,3.579,79 312 280 71 96 224 206 128 141 193
aspartic,8,arginine,3,5,16,1,9.681,7.799,0.864,117.0,129.2,0.5099,0.0,2.433,2.558,53 252 180 180
aspartic,8,arginine,3,5,16,2,9.681,7.799,0.864,117.0,129.2,0.0,0.0,2.317,4.222,350 215 83 103 306 36
aspartic,8,arginine,3,5,16,3,9.681,7.799,0.864,117.0,129.2,0.0,0.0,1.526,1.139,355 350 224 229 53 17 195 338
aspartic,8,arginine,3,5,16,4,9.681,7.799,0.864,117.0,129.2,0.0,0.0,2.752,4.546,272 37 335 212 250 338 281 8 60 240
aspartic,8,arginine,3,5,17,1,9.681,9.818,0.864,125.5,47.0,2.5334,0.0,2.471,2.841,56 238 178 179
aspartic,8,arginine,3,5,17,2,9.681,9.818,0.864,125.5,47.0,0.1619,0.0,2.625,4.856,329 158 159 163 296 207
aspartic,8,arginine,3,5,17,3,9.681,9.818,0.864,125.5,47.0,0.0,0.0,2.155,3.929,14 196 170 359 25 289 228 128
aspartic,8,arginine,3,5,17,4,9.681,9.818,0.864,125.5,47.0,0.0,0.0,2.622,4.711,300 55 334 200 230 336 292 3 72 248
aspartic,8,arginine,3,5,18,1,9.681,8.311,0.864,121.9,105.6,1.0347,0.0,2.302,2.767,352 117 179 179
aspartic,8,arginine,3,5,18,2,9.681,8.311,0.864,121.9,105.6,0.0,0.0,2.678,3.341,326 142 199 316 107 49
aspartic,8,arginine,3,5,18,3,9.681,8.311,0.864,121.9,105.6,0.0,0.0,2.752,1.061,120 222 248 76 72 266 204 117
aspartic,8,arginine,3,5,18,4,9.681,8.311,0.864,121.9,105.6,0.0,0.0,2.752,3.662,293 59 315 30 55 308 310 10 57 232
aspartic,8,lysine,5,3,13,1,7.198,7.065,-0.805,84.6,75.7,0.3852,0.0,1.668,2.552,327 15 257 244
aspartic,8,lysine,5,3,13,2,7.198,7.065,-0.805,84.6,75.7,0.0,0.0,2.568,3.051,57 21 88 56 50 128
aspartic,8,lysine,5,3,13,3,7.198,7.065,-0.805,84.6,75.7,0.0,0.0,1.489,1.514,261 158 95 275 249 104 146 215
aspartic,8,lysine,5,3,13,4,7.198,7.065,-0.805,84.6,75.7,0.0,0.0,2.768,3.323,352 135 105 32 81 91 340 42 189 11
aspartic,8,lysine,5,3,14,1,7.198,6.751,-0.805,98.8,87.2,0.0,0.0,3.029,5.36,39 221 274 159
aspartic,8,lysine,5,3,14,2,7.198,6.751,-0.805,98.8,87.2,0.0,0.0,3.065,5.021,66 99 37 329 107 94
aspartic,8,lysine,5,3,14,3,7.198,6.751,-0.805,98.8,87.2,0.0,0.0,3.065,5.747,101 7 16 333 282 274 262 175
aspartic,8,lysine,5,3,14,4,7.198,6.751,-0.805,98.8,87.2,0.0,0.0,2.221,5.747,46 13 309 325 357 266 257 88 127 232
aspartic,8,lysine,5,3,15,1,7.198,8.256,-0.805,101.0,21.0,1.143,0.0,1.513,4.204,321 102 143 166
aspartic,8,lysine,5,3,15,2,7.198,8.256,-0.805,101.0,21.0,0.32,0.0,1.599,4.773,304 167 95 156 358 183
aspartic,8,lysine,5,3,15,3,7.198,8.256,-0.805,101.0,21.0,0.0,0.0,3.065,5.504,53 254 149 222 63 184 349 314
aspartic,8,lysine,5,3,15,4,7.198,8.256,-0.805,101.0,21.0,0.0,0.0,0.861,2.178,346 343 114 235 110 222 316 324 239 110
aspartic,8,lysine,5,4,13,1,7.198,8.003,-0.805,48.7,89.4,1.961,0.0,1.189,4.2,333 360 200 304
aspartic,8,lysine,5,4,13,2,7.198,8.003,-0.805,48.7,89.4,0.0,0.0,1.572,3.232,12 17 116 314 265 157
aspartic,8,lysine,5,4,13,3,7.198,8.003,-0.805,48.7,89.4,0.0,0.0,1.945,3.389,29 7 69 338 275 63 96 190
aspartic,8,lysine,5,4,13,4,7.198,8.003,-0.805,48.7,89.4,0.0,0.0,1.215,3.39,7 4 46 342 306 78 112 254 227 157
aspartic,8,lysine,5,4,14,1,7.198,7.835,-0.805,58.1,95.8,1.3305,0.0,1.67,5.288,318 359 152 94
aspartic,8,lysine,5,4,14,2,7.198,7.835,-0.805,58.1,95.8,0.0,0.0,1.362,4.667,6 16 121 286 258 173
aspartic,8,lysine,5,4,14,3,7.198,7.835,-0.805,58.1,95.8,0.0,0.0,2.09,5.175,357 115 20 278 239 58 282 316
aspartic,8,lysine,5,4,14,4,7.198,7.835,-0.805,58.1,95.8,0.0,0.0,1.335,6.021,322 13 48 317 294 94 113 292 257 143
aspartic,8,lysine,5,4,15,1,7.198,9.645,-0.805,47.2,7.9,3.6329,0.0,1.679,5.031,317 360 156 75
aspartic,8,lysine,5,4,15,2,7.198,9.645,-0.805,47.2,7.9,0.9287,0.0,2.177,5.667,302 1 169 147 67 168
aspartic,8,lysine,5,4,15,3,7.198,9.645,-0.805,47.2,7.9,0.1936,0.0,2.715,6.587,281 357 166 160 86 158 358 183
aspartic,8,lysine,5,4,15,4,7.198,9.645,-0.805,47.2,7.9,0.0,0.0,2.715,6.37,220 54 179 267 235 167 114 192 284 200
aspartic,8,lysine,5,5,13,1,7.198,7.956,-0.805,50.7,92.0,1.7996,0.0,1.107,0.721,27 0 158 64
aspartic,8,lysine,5,5,13,2,7.198,7.956,-0.805,50.7,92.0,0.0,0.0,1.905,0.59,0 322 265 43 82 213
aspartic,8,lysine,5,5,13,3,7.198,7.956,-0.805,50.7,92.0,0.0,0.0,2.138,0.7,337 348 298 28 78 291 252 154
aspartic,8,lysine,5,5,13,4,7.198,7.956,-0.805,50.7,92.0,0.0,0.0,1.321,0.656,359 356 315 22 55 276 245 104 131 204
aspartic,8,lysine,5,5,14,1,7.198,8.32,-0.805,36.4,78.5,3.303,0.0,1.542,1.992,46 358 193 340
aspartic,8,lysine,5,5,14,2,7.198,8.32,-0.805,36.4,78.5,0.4877,0.0,2.314,3.619,74 359 184 356 108 120
aspartic,8,lysine,5,5,14,3,7.198,8.32,-0.805,36.4,78.5,0.0,0.0,2.752,4.698,120 283 236 67 127 248 208 150
aspartic,8,lysine,5,5,14,4,7.198,8.32,-0.805,36.4,78.5,0.0,0.0,2.075,2.907,346 87 45 317 335 243 222 118 143 208
aspartic,8,lysine,5,5,15,1,7.198,9.584,-0.805,50.0,19.3,3.3856,0.0,1.454,1.875,42 1 205 277
aspartic,8,lysine,5,5,15,2,7.198,9.584,-0.805,50.0,19.3,0.5695,0.0,0.277,2.13,48 4 194 199 302 198
aspartic,8,lysine,5,5,15,3,7.198,9.584,-0.805,50.0,19.3,0.0,0.0,1.545,2.675,74 312 256 173 296 233 341 174
aspartic,8,lysine,5,5,15,4,7.198,9.584,-0.805,50.0,19.3,0.0,0.0,1.268,1.742,37 356 284 26 54 255 252 132 116 185
aspartic,8,aspartic,21,3,3,1,11.657,13.047,-0.338,52.7,61.7,6.5666,0.0,1.64,0.853,337 360 205 258
aspartic,8,aspartic,21,3,3,2,11.657,13.047,-0.338,52.7,61.7,3.0079,0.0,1.64,0.747,337 360 140 104 177 178
aspartic,8,aspartic,21,3,3,3,11.657,13.047,-0.338,52.7,61.7,0.1895,0.0,1.48,1.196,343 2 219 272 195 189 262 215
aspartic,8,aspartic,21,3,3,4,11.657,13.047,-0.338,52.7,61.7,0.0,0.0,2.398,1.202,292 70 128 288 230 154 172 273 282 181
aspartic,8,aspartic,21,3,4,1,11.657,13.544,-0.338,62.3,39.2,6.656,0.0,1.624,1.159,332 359 157 138
aspartic,8,aspartic,21,3,4,2,11.657,13.544,-0.338,62.3,39.2,3.0606,0.0,1.597,0.741,332 359 217 236 175 177
aspartic,8,aspartic,21,3,4,3,11.657,13.544,-0.338,62.3,39.2,0.2725,0.0,1.048,0.724,338 344 147 157 162 166 273 211
aspartic,8,aspartic,21,3,4,4,11.657,13.544,-0.338,62.3,39.2,0.0001,0.0,1.766,1.097,6 292 172 276 335 150 122 134 284 259
aspartic,8,aspartic,21,3,5,1,11.657,11.925,-0.338,56.1,104.5,5.297,0.0,1.646,0.432,324 0 155 110
aspartic,8,aspartic,21,3,5,2,11.657,11.925,-0.338,56.1,104.5,1.7309,0.0,1.646,0.242,324 0 220 252 180 180
aspartic,8,aspartic,21,3,5,3,11.657,11.925,-0.338,56.1,104.5,0.0,0.0,2.146,1.302,319 54 93 326 289 137 166 189
aspartic,8,aspartic,21,3,5,4,11.657,11.925,-0.338,56.1,104.5,0.0,0.0,1.849,1.067,337 23 62 323 296 115 143 223 205 165
aspartic,8,aspartic,21,4,3,1,11.657,13.004,-0.338,54.5,72.4,6.4582,0.0,1.7,4.102,25 1 206 248
aspartic,8,aspartic,21,4,3,2,11.657,13.004,-0.338,54.5,72.4,2.9062,0.0,1.693,3.058,25 1 142 105 189 185
aspartic,8,aspartic,21,4,3,3,11.657,13.004,-0.338,54.5,72.4,0.0,0.0,1.451,3.973,11 13 216 330 55 161 149 176
aspartic,8,aspartic,21,4,3,4,11.657,13.004,-0.338,54.5,72.4,0.0,0.0,1.389,5.398,26 322 286 43 69 231 204 139 155 193
aspartic,8,aspartic,21,4,4,1,11.657,13.943,-0.338,44.9,29.0,7.872,0.0,1.609,3.812,22 0 155 82
aspartic,8,aspartic,21,4,4,2,11.657,13.943,-0.338,44.9,29.0,4.3371,0.0,1.603,2.527,22 0 217 271 182 181
aspartic,8,aspartic,21,4,4,3,11.657,13.943,-0.338,44.9,29.0,1.0986,0.0,0.714,1.166,20 358 145 78 160 169 127 146
aspartic,8,aspartic,21,4,4,4,11.657,13.943,-0.338,44.9,29.0,0.1212,0.0,0.994,1.063,342 2 220 282 192 188 146 155 7 175
aspartic,8,aspartic,21,4,5,1,11.657,12.165,-0.338,45.5,104.2,6.1053,0.0,1.989,4.051,34 360 204 283
aspartic,8,aspartic,21,4,5,2,11.657,12.165,-0.338,45.5,104.2,2.5426,0.0,1.976,3.116,34 360 142 86 180 180
aspartic,8,aspartic,21,4,5,3,11.657,12.165,-0.338,45.5,104.2,0.0,0.0,1.72,3.008,38 324 241 27 89 211 195 189
aspartic,8,aspartic,21,4,5,4,11.657,12.165,-0.338,45.5,104.2,0.0,0.0,1.306,5.243,22 328 291 46 75 236 210 141 158 193
aspartic,8,aspartic,21,5,3,1,11.657,12.156,-0.338,87.3,65.0,4.8927,0.0,1.607,2.386,25 307 178 179
aspartic,8,aspartic,21,5,3,2,11.657,12.156,-0.338,87.3,65.0,1.1828,0.0,1.496,2.236,335 46 170 175 173 173
aspartic,8,aspartic,21,5,3,3,11.657,12.156,-0.338,87.3,65.0,0.0,0.0,2.13,2.003,340 343 205 94 267 20 55 221
aspartic,8,aspartic,21,5,3,4,11.657,12.156,-0.338,87.3,65.0,0.0,0.0,1.391,2.945,348 17 72 7 314 102 135 228 207 165
aspartic,8,aspartic,21,5,4,1,11.657,12.832,-0.338,89.3,33.9,5.5857,0.0,1.653,1.756,338 57 182 182
aspartic,8,aspartic,21,5,4,2,11.657,12.832,-0.338,89.3,33.9,1.8494,0.0,1.477,1.783,31 310 184 182 183 182
aspartic,8,aspartic,21,5,4,3,11.657,12.832,-0.338,89.3,33.9,0.1393,0.0,1.556,0.601,358 57 187 184 185 185 32 166
aspartic,8,aspartic,21,5,4,4,11.657,12.832,-0.338,89.3,33.9,0.0,0.0,2.233,3.102,359 165 140 200 167 107 142 227 231 195
aspartic,8,aspartic,21,5,5,1,11.657,10.892,-0.338,95.6,113.7,3.7184,0.0,1.896,2.375,330 67 193 188
aspartic,8,aspartic,21,5,5,2,11.657,10.892,-0.338,95.6,113.7,0.0,0.0,1.5,2.182,30 309 155 170 173 143
aspartic,8,aspartic,21,5,5,3,11.657,10.892,-0.338,95.6,113.7,0.0,0.0,2.186,2.634,5 110 332 93 214 156 45 96
aspartic,8,aspartic,21,5,5,4,11.657,10.892,-0.338,95.6,113.7,0.0,0.0,2.713,4.041,324 292 46 128 306 353 165 109 263 311
aspartic,8,glutamic,9,3,5,1,6.219,6.851,-0.88,103.5,26.9,0.8175,0.0,1.723,2.234,329 20 37 129
aspartic,8,glutamic,9,3,5,2,6.219,6.851,-0.88,103.5,26.9,0.2462,0.0,2.126,2.311,1 8 67 137 5 111
aspartic,8,glutamic,9,3,5,3,6.219,6.851,-0.88,103.5,26.9,0.0,0.0,1.151,0.709,232 77 161 208 36 182 1 316
aspartic,8,glutamic,9,3,5,4,6.219,6.851,-0.88,103.5,26.9,0.0,0.0,1.206,1.542,202 104 134 262 269 133 117 262 254 142
aspartic,8,glutamic,9,3,6,1,6.219,4.456,-0.88,100.0,127.9,0.2453,0.0,2.694,3.541,337 123 351 355
aspartic,8,glutamic,9,3,6,2,6.219,4.456,-0.88,100.0,127.9,0.0,0.0,2.655,3.609,16 63 5 316 249 37
aspartic,8,glutamic,9,3,6,3,6.219,4.456,-0.88,100.0,127.9,0.0,0.0,2.724,3.03,55 33 42 271 280 63 94 230
aspartic,8,glutamic,9,3,6,4,6.219,4.456,-0.88,100.0,127.9,0.0,0.0,2.371,3.913,48 20 15 187 340 4 192 355 291 29
aspartic,8,glutamic,9,3,7,1,6.219,5.805,-0.88,123.6,72.1,0.0,0.0,2.69,4.378,335 129 333 270
aspartic,8,glutamic,9,3,7,2,6.219,5.805,-0.88,123.6,72.1,0.0,0.0,3.065,5.747,219 215 105 351 127 56
aspartic,8,glutamic,9,3,7,3,6.219,5.805,-0.88,123.6,72.1,0.0,0.0,3.065,5.714,177 180 149 256 270 80 112 225
aspartic,8,glutamic,9,3,7,4,6.219,5.805,-0.88,123.6,72.1,0.0,0.0,2.692,4.044,326 120 118 21 349 34 121 354 215 69
aspartic,8,glutamic,9,4,5,1,6.219,8.88,-0.88,5.6,36.7,6.5254,0.0,2.715,6.686,246 0 180 0
aspartic,8,glutamic,9,4,5,2,6.219,8.88,-0.88,5.6,36.7,2.7903,0.0,2.715,5.407,253 0 180 0 206 262
aspartic,8,glutamic,9,4,5,3,6.219,8.88,-0.88,5.6,36.7,0.1089,0.0,0.971,1.505,345 1 176 3 209 240 238 199
aspartic,8,glutamic,9,4,5,4,6.219,8.88,-0.88,5.6,36.7,0.0,0.0,2.715,0.681,52 42 96 291 257 118 129 209 213 178
aspartic,8,glutamic,9,4,6,1,6.219,6.466,-0.88,8.0,140.4,4.7967,0.0,2.715,6.686,267 0 180 0
aspartic,8,glutamic,9,4,6,2,6.219,6.466,-0.88,8.0,140.4,1.0991,0.0,2.715,4.852,261 358 184 358 198 321
aspartic,8,glutamic,9,4,6,3,6.219,6.466,-0.88,8.0,140.4,0.0,0.0,1.525,3.101,337 58 93 293 243 91 131 202
aspartic,8,glutamic,9,4,6,4,6.219,6.466,-0.88,8.0,140.4,0.0,0.0,1.102,3.192,343 28 64 308 277 92 120 241 218 161
aspartic,8,glutamic,9,4,7,1,6.219,8.173,-0.88,21.6,67.1,4.3434,0.0,2.715,6.686,248 0 180 0
aspartic,8,glutamic,9,4,7,2,6.219,8.173,-0.88,21.6,67.1,0.6339,0.0,2.715,6.024,242 1 175 4 207 229
aspartic,8,glutamic,9,4,7,3,6.219,8.173,-0.88,21.6,67.1,0.0,0.0,2.288,5.751,283 56 89 286 250 116 145 201
aspartic,8,glutamic,9,4,7,4,6.219,8.173,-0.88,21.6,67.1,0.0,0.0,2.086,3.617,356 223 324 233 276 74 105 180 126 118
aspartic,8,glutamic,9,5,5,1,6.219,7.067,-0.88,94.9,41.2,0.5217,0.0,1.625,1.838,50 299 312 182
aspartic,8,glutamic,9,5,5,2,6.219,7.067,-0.88,94.9,41.2,0.0,0.0,2.161,0.577,23 229 5 245 335 128
aspartic,8,glutamic,9,5,5,3,6.219,7.067,-0.88,94.9,41.2,0.0,0.0,0.914,1.148,87 116 299 203 62 231 319 43
aspartic,8,glutamic,9,5,5,4,6.219,7.067,-0.88,94.9,41.2,0.0,0.0,2.543,0.646,159 266 114 130 105 174 317 160 94 256
aspartic,8,glutamic,9,5,6,1,6.219,4.873,-0.88,84.1,131.8,0.0,0.0,1.486,2.049,49 215 344 38
aspartic,8,glutamic,9,5,6,2,6.219,4.873,-0.88,84.1,131.8,0.0,0.0,0.419,2.056,8 267 16 25 107 326
aspartic,8,glutamic,9,5,6,3,6.219,4.873,-0.88,84.1,131.8,0.0,0.0,2.752,3.865,136 26 132 354 142 25 114 2
aspartic,8,glutamic,9,5,6,4,6.219,4.873,-0.88,84.1,131.8,0.0,0.0,0.947,1.578,326 356 0 97 46 278 216 81 206 239
aspartic,8,glutamic,9,5,7,1,6.219,6.828,-0.88,81.5,51.7,0.5399,0.0,2.664,4.966,106 12 80 102
aspartic,8,glutamic,9,5,7,2,6.219,6.828,-0.88,81.5,51.7,0.0,0.0,2.752,5.398,123 19 106 164 314 76
aspartic,8,glutamic,9,5,7,3,6.219,6.828,-0.88,81.5,51.7,0.0001,0.0,2.752,5.398,172 211 242 116 97 251 223 132
aspartic,8,glutamic,9,5,7,4,6.219,6.828,-0.88,81.5,51.7,0.0,0.0,2.752,4.76,116 305 300 20 14 283 259 70 144 246
aspartic,8,isoleucine,4,3,4,1,6.111,7.404,0.154,39.4,71.6,2.095,0.0,2.121,3.376,279 1 175 8
aspartic,8,isoleucine,4,3,4,2,6.111,7.404,0.154,39.4,71.6,0.0,0.0,1.632,4.815,241 333 217 63 157 248
aspartic,8,isoleucine,4,3,4,3,6.111,7.404,0.154,39.4,71.6,0.0,0.0,1.648,3.117,282 51 58 309 293 80 129 241
aspartic,8,isoleucine,4,3,4,4,6.111,7.404,0.154,39.4,71.6,0.0,0.0,1.708,2.676,315 19 54 296 273 112 130 263 242 157
aspartic,8,isoleucine,4,3,5,1,6.111,5.582,0.154,48.6,165.3,1.0166,0.0,2.425,1.951,294 346 215 344
aspartic,8,isoleucine,4,3,5,2,6.111,5.582,0.154,48.6,165.3,0.0,0.0,1.831,2.122,277 283 277 118 73 304
aspartic,8,isoleucine,4,3,5,3,6.111,5.582,0.154,48.6,165.3,0.0,0.0,2.165,0.707,21 30 56 303 274 66 109 223
aspartic,8,isoleucine,4,3,5,4,6.111,5.582,0.154,48.6,165.3,0.0,0.0,1.906,2.551,5 14 27 291 267 89 143 281 231 161
aspartic,8,isoleucine,4,3,6,1,6.111,7.711,0.154,41.5,60.0,2.1581,0.0,1.866,1.157,309 359 187 345
aspartic,8,isoleucine,4,3,6,2,6.111,7.711,0.154,41.5,60.0,0.0,0.0,1.972,1.233,357 4 165 326 159 114
aspartic,8,isoleucine,4,3,6,3,6.111,7.711,0.154,41.5,60.0,0.0,0.0,2.044,0.578,17 6 83 337 268 52 75 183
aspartic,8,isoleucine,4,3,6,4,6.111,7.711,0.154,41.5,60.0,0.0,0.0,2.147,0.69,6 13 48 326 306 80 103 244 214 152
aspartic,8,isoleucine,4,4,4,1,6.111,7.116,0.154,52.3,85.0,0.9345,0.0,2.715,5.443,77 0 199 305
aspartic,8,isoleucine,4,4,4,2,6.111,7.116,0.154,52.3,85.0,0.0,0.0,1.81,5.714,42 309 283 51 101 231
aspartic,8,isoleucine,4,4,4,3,6.111,7.116,0.154,52.3,85.0,0.0,0.0,1.178,5.172,351 334 281 69 118 257 227 173
aspartic,8,isoleucine,4,4,4,4,6.111,7.116,0.154,52.3,85.0,0.0,0.0,1.178,5.593,8 359 320 43 69 267 244 117 140 202
aspartic,8,isoleucine,4,4,5,1,6.111,5.88,0.154,35.2,141.9,2.0394,0.0,2.715,4.641,62 3 170 6
aspartic,8,isoleucine,4,4,5,2,6.111,5.88,0.154,35.2,141.9,0.0,0.0,1.282,2.527,14 314 258 3 203 289
aspartic,8,isoleucine,4,4,5,3,6.111,5.88,0.154,35.2,141.9,0.0,0.0,2.028,1.668,302 358 256 332 186 352 223 215
aspartic,8,isoleucine,4,4,5,4,6.111,5.88,0.154,35.2,141.9,0.0,0.0,1.111,4.141,10 330 326 75 96 286 224 38 101 205
aspartic,8,isoleucine,4,4,6,1,6.111,7.557,0.154,48.6,68.8,1.5407,0.0,2.686,4.688,54 0 164 45
aspartic,8,isoleucine,4,4,6,2,6.111,7.557,0.154,48.6,68.8,0.0,0.0,1.528,4.587,29 306 276 48 92 213
aspartic,8,isoleucine,4,4,6,3,6.111,7.557,0.154,48.6,68.8,0.0,0.0,0.991,4.929,357 343 297 43 85 277 246 158
aspartic,8,isoleucine,4,4,6,4,6.111,7.557,0.154,48.6,68.8,0.0,0.0,1.37,5.269,18 354 317 40 67 263 239 105 131 205
aspartic,8,isoleucine,4,5,4,1,6.111,5.238,0.154,128.0,82.5,0.0,0.0,2.752,5.398,301 221 74 326
aspartic,8,isoleucine,4,5,4,2,6.111,5.238,0.154,128.0,82.5,0.0,0.0,2.752,5.398,286 346 333 217 345 301
aspartic,8,isoleucine,4,5,4,3,6.111,5.238,0.154,128.0,82.5,0.0,0.0,1.733,4.142,78 9 353 291 274 87 142 246
aspartic,8,isoleucine,4,5,4,4,6.111,5.238,0.154,128.0,82.5,0.0,0.0,1.709,2.129,63 315 349 328 312 56 84 319 260 117
aspartic,8,isoleucine,4,5,5,1,6.111,3.961,0.154,110.2,142.8,0.7689,0.0,2.007,2.284,40 107 350 355
aspartic,8,isoleucine,4,5,5,2,6.111,3.961,0.154,110.2,142.8,0.0399,0.0,0.972,3.024,85 88 347 307 255 353
aspartic,8,isoleucine,4,5,5,3,6.111,3.961,0.154,110.2,142.8,0.0,0.0,2.135,1.904,120 121 334 268 275 64 102 267
aspartic,8,isoleucine,4,5,5,4,6.111,3.961,0.154,110.2,142.8,0.0,0.0,2.013,1.134,301 2 203 328 250 335 281 342 146 346
aspartic,8,isoleucine,4,5,6,1,6.111,6.072,0.154,105.4,51.7,0.3485,0.0,2.75,3.964,322 337 333 266
aspartic,8,isoleucine,4,5,6,2,6.111,6.072,0.154,105.4,51.7,0.0,0.0,2.752,4.648,296 275 3 254 325 244
aspartic,8,isoleucine,4,5,6,3,6.111,6.072,0.154,105.4,51.7,0.0,0.0,2.752,4.705,285 246 331 334 321 254 225 61
aspartic,8,isoleucine,4,5,6,4,6.111,6.072,0.154,105.4,51.7,0.0,0.0,1.449,0.575,6 337 299 299 69 63 75 303 246 35
aspartic,8,leucine,13,3,1,1,15.943,14.975,-0.155,100.6,111.6,7.7186,0.0,3.065,3.893,233 80 181 181
aspartic,8,leucine,13,3,1,2,15.943,14.975,-0.155,100.6,111.6,4.0376,0.0,2.845,1.42,301 283 178 179 178 179
aspartic,8,leucine,13,3,1,3,15.943,14.975,-0.155,100.6,111.6,0.4063,0.0,2.686,1.409,234 80 176 177 159 163 176 177
aspartic,8,leucine,13,3,1,4,15.943,14.975,-0.155,100.6,111.6,0.0,0.0,2.935,2.847,206 159 159 210 206 150 158 202 194 172
aspartic,8,leucine,13,3,2,1,15.943,17.113,-0.155,99.9,8.9,9.8646,0.0,3.065,4.176,229 78 180 180
aspartic,8,leucine,13,3,2,2,15.943,17.113,-0.155,99.9,8.9,6.2041,0.0,2.891,1.921,297 284 179 179 179 179
aspartic,8,leucine,13,3,2,3,15.943,17.113,-0.155,99.9,8.9,2.5657,0.0,1.457,2.194,229 78 180 180 181 181 180 180
aspartic,8,leucine,13,3,2,4,15.943,17.113,-0.155,99.9,8.9,0.7095,0.0,2.708,0.577,312 288 180 180 189 188 180 180 292 209
aspartic,8,leucine,13,3,13,1,15.943,15.394,-0.155,104.8,95.0,8.1461,0.0,2.877,3.759,298 273 177 178
aspartic,8,leucine,13,3,13,2,15.943,15.394,-0.155,104.8,95.0,4.4548,0.0,3.065,2.052,227 86 176 178 176 177
aspartic,8,leucine,13,3,13,3,15.943,15.394,-0.155,104.8,95.0,0.8163,0.0,2.709,1.485,299 272 180 180 184 183 180 180
aspartic,8,leucine,13,3,13,4,15.943,15.394,-0.155,104.8,95.0,0.0,0.0,3.065,3.538,204 165 160 205 202 140 148 194 182 170
aspartic,8,leucine,13,4,1,1,15.943,16.667,-0.155,27.8,108.3,11.563,0.0,2.715,6.686,151 0 169 28
aspartic,8,leucine,13,4,1,2,15.943,16.667,-0.155,27.8,108.3,8.0155,0.0,2.715,5.32,151 0 210 302 182 181
aspartic,8,leucine,13,4,1,3,15.943,16.667,-0.155,27.8,108.3,4.4037,0.0,2.715,2.792,149 1 154 51 194 188 193 191
aspartic,8,leucine,13,4,1,4,15.943,16.667,-0.155,27.8,108.3,0.6937,0.0,1.747,2.666,151 0 150 58 182 181 194 192 181 181
aspartic,8,leucine,13,4,2,1,15.943,18.715,-0.155,32.2,9.9,13.2552,0.0,2.715,6.686,150 0 162 52
aspartic,8,leucine,13,4,2,2,15.943,18.715,-0.155,32.2,9.9,9.7477,0.0,2.715,5.73,150 360 214 290 179 180
aspartic,8,leucine,13,4,2,3,15.943,18.715,-0.155,32.2,9.9,6.0814,0.0,2.715,3.649,150 360 150 67 180 180 180 180
aspartic,8,leucine,13,4,2,4,15.943,18.715,-0.155,32.2,9.9,2.4439,0.0,1.108,3.571,150 360 214 290 178 179 167 169 178 179
aspartic,8,leucine,13,4,13,1,15.943,17.087,-0.155,34.8,92.1,11.4959,0.0,2.715,6.686,160 360 199 303
aspartic,8,leucine,13,4,13,2,15.943,17.087,-0.155,34.8,92.1,7.9874,0.0,2.715,5.854,160 0 145 73 182 181
aspartic,8,leucine,13,4,13,3,15.943,17.087,-0.155,34.8,92.1,4.2944,0.0,2.715,3.764,160 360 211 290 180 180 180 180
aspartic,8,leucine,13,4,13,4,15.943,17.087,-0.155,34.8,92.1,0.6647,0.0,1.732,3.955,160 360 145 74 179 179 166 168 179 179
aspartic,8,leucine,13,5,1,1,15.943,14.267,-0.155,131.8,107.8,7.0257,0.0,2.752,3.343,112 225 183 182
aspartic,8,leucine,13,5,1,2,15.943,14.267,-0.155,131.8,107.8,3.3231,0.0,2.365,1.628,48 138 182 181 182 182
aspartic,8,leucine,13,5,1,3,15.943,14.267,-0.155,131.8,107.8,0.0,0.0,2.19,1.63,121 202 189 155 162 182 177 178
aspartic,8,leucine,13,5,1,4,15.943,14.267,-0.155,131.8,107.8,0.0,0.0,1.746,2.229,158 171 179 111 190 314 152 183 222 189
aspartic,8,leucine,13,5,2,1,15.943,16.3,-0.155,136.4,12.1,9.053,0.0,2.752,3.636,111 217 180 180
aspartic,8,leucine,13,5,2,2,15.943,16.3,-0.155,136.4,12.1,5.398,0.0,2.466,2.318,55 148 177 179 177 178
aspartic,8,leucine,13,5,2,3,15.943,16.3,-0.155,136.4,12.1,1.7259,0.0,1.425,2.297,113 218 179 179 167 169 179 179
aspartic,8,leucine,13,5,2,4,15.943,16.3,-0.155,136.4,12.1,0.4509,0.0,1.275,1.451,31 149 180 180 173 174 180 180 322 199
aspartic,8,leucine,13,5,13,1,15.943,14.764,-0.155,133.4,88.7,7.5115,0.0,2.476,3.335,56 137 178 179
aspartic,8,leucine,13,5,13,2,15.943,14.764,-0.155,133.4,88.7,3.81,0.0,2.752,2.727,117 218 181 180 181 181
aspartic,8,leucine,13,5,13,3,15.943,14.764,-0.155,133.4,88.7,0.2047,0.0,2.054,2.379,121 223 173 176 155 159 174 176
aspartic,8,leucine,13,5,13,4,15.943,14.764,-0.155,133.4,88.7,0.0,0.0,2.653,5.398,168 185 192 152 148 193 189 138 143 188
aspartic,8,serine,31,3,3,1,6.478,7.975,-0.454,28.2,70.4,3.6232,0.0,1.624,1.14,329 1 176 5
aspartic,8,serine,31,3,3,2,6.478,7.975,-0.454,28.2,70.4,0.5621,0.0,2.092,1.717,299 360 181 359 236 246
aspartic,8,serine,31,3,3,3,6.478,7.975,-0.454,28.2,70.4,0.0,0.0,2.678,2.77,274 73 103 286 256 111 139 206
aspartic,8,serine,31,3,3,4,6.478,7.975,-0.454,28.2,70.4,0.0,0.0,1.873,2.191,309 38 73 299 271 113 136 251 232 161
aspartic,8,serine,31,3,4,1,6.478,8.868,-0.454,42.1,31.2,3.1642,0.0,1.727,1.806,345 0 196 318
aspartic,8,serine,31,3,4,2,6.478,8.868,-0.454,42.1,31.2,0.3198,0.0,1.993,1.39,2 354 157 114 68 166
aspartic,8,serine,31,3,4,3,6.478,8.868,-0.454,42.1,31.2,0.0,0.0,2.1,2.027,49 344 109 8 245 74 50 204
aspartic,8,serine,31,3,4,4,6.478,8.868,-0.454,42.1,31.2,0.0,0.0,2.048,1.354,37 5 59 345 300 69 102 237 227 168
aspartic,8,serine,31,3,5,1,6.478,7.658,-0.454,45.8,82.1,1.8431,0.0,1.643,1.04,325 0 165 38
aspartic,8,serine,31,3,5,2,6.478,7.658,-0.454,45.8,82.1,0.0,0.0,2.432,0.685,351 43 100 303 267 150
aspartic,8,serine,31,3,5,3,6.478,7.658,-0.454,45.8,82.1,0.0,0.0,2.406,1.005,43 29 76 302 239 99 151 195
aspartic,8,serine,31,3,5,4,6.478,7.658,-0.454,45.8,82.1,0.0,0.0,1.832,2.476,321 34 54 300 278 96 128 295 252 145
aspartic,8,serine,31,4,3,1,6.478,7.13,-0.454,66.4,84.5,0.2199,0.0,2.174,5.023,40 359 168 117
aspartic,8,serine,31,4,3,2,6.478,7.13,-0.454,66.4,84.5,0.0,0.0,1.718,5.445,11 289 319 44 80 237
aspartic,8,serine,31,4,3,3,6.478,7.13,-0.454,66.4,84.5,0.0,0.0,1.306,5.224,331 355 309 38 81 291 256 157
aspartic,8,serine,31,4,3,4,6.478,7.13,-0.454,66.4,84.5,0.0,0.0,1.648,4.819,332 335 351 62 55 298 276 340 84 251
aspartic,8,serine,31,4,4,1,6.478,8.404,-0.454,61.9,31.8,1.5561,0.0,1.732,4.44,26 0 159 111
aspartic,8,serine,31,4,4,2,6.478,8.404,-0.454,61.9,31.8,0.1201,0.0,1.094,3.434,355 336 246 192 1 179
aspartic,8,serine,31,4,4,3,6.478,8.404,-0.454,61.9,31.8,0.0,0.0,1.52,3.442,313 21 268 21 86 285 320 192
aspartic,8,serine,31,4,4,4,6.478,8.404,-0.454,61.9,31.8,0.0,0.0,1.136,4.731,5 3 319 12 45 276 246 102 127 205
aspartic,8,serine,31,4,5,1,6.478,7.611,-0.454,47.8,66.8,1.637,0.0,2.15,4.051,39 360 194 321
aspartic,8,serine,31,4,5,2,6.478,7.611,-0.454,47.8,66.8,0.0826,0.0,2.715,3.349,83 11 145 32 77 118
aspartic,8,serine,31,4,5,3,6.478,7.611,-0.454,47.8,66.8,0.0,0.0,2.715,3.329,79 283 289 65 65 270 225 119
aspartic,8,serine,31,4,5,4,6.478,7.611,-0.454,47.8,66.8,0.0,0.0,1.939,4.007,42 337 302 48 71 259 238 88 116 209
aspartic,8,serine,31,5,3,1,6.478,6.478,-0.454,90.4,83.1,0.0,0.0,2.752,3.994,320 126 75 222
aspartic,8,serine,31,5,3,2,6.478,6.478,-0.454,90.4,83.1,0.0,0.0,2.161,3.584,11 162 290 329 288 62
aspartic,8,serine,31,5,3,3,6.478,6.478,-0.454,90.4,83.1,0.0,0.0,2.052,2.517,36 277 130 241 31 246 276 16
aspartic,8,serine,31,5,3,4,6.478,6.478,-0.454,90.4,83.1,0.0,0.0,2.752,5.267,311 339 44 47 17 80 84 289 240 119
aspartic,8,serine,31,5,4,1,6.478,7.931,-0.454,79.5,16.2,1.3328,0.0,1.033,1.904,13 3 99 126
aspartic,8,serine,31,5,4,2,6.478,7.931,-0.454,79.5,16.2,0.6366,0.0,1.566,0.259,38 15 93 123 14 146
aspartic,8,serine,31,5,4,3,6.478,7.931,-0.454,79.5,16.2,0.0,0.0,1.131,0.696,33 350 176 170 300 187 8 294
aspartic,8,serine,31,5,4,4,6.478,7.931,-0.454,79.5,16.2,0.0,0.0,2.414,4.196,310 32 94 336 296 100 113 274 248 134
aspartic,8,serine,31,5,5,1,6.478,6.453,-0.454,91.9,84.1,0.0,0.0,2.219,2.306,34 241 271 265
aspartic,8,serine,31,5,5,2,6.478,6.453,-0.454,91.9,84.1,0.0,0.0,2.752,3.425,292 190 101 328 129 70
aspartic,8,serine,31,5,5,3,6.478,6.453,-0.454,91.9,84.1,0.0,0.0,2.403,3.35,51 157 261 162 42 335 298 312
aspartic,8,serine,31,5,5,4,6.478,6.453,-0.454,91.9,84.1,0.0,0.0,2.613,4.336,330 334 53 34 357 93 94 288 245 128
aspartic,8,tryptophan,5,3,16,1,10.377,8.689,0.509,94.6,167.1,1.6065,0.0,2.477,3.747,331 63 192 187
aspartic,8,tryptophan,5,3,16,2,10.377,8.689,0.509,94.6,167.1,0.0,0.0,2.879,3.663,297 97 190 228 300 218
aspartic,8,tryptophan,5,3,16,3,10.377,8.689,0.509,94.6,167.1,0.0,0.0,2.689,4.754,335 206 98 162 249 121 65 89
aspartic,8,tryptophan,5,3,16,4,10.377,8.689,0.509,94.6,167.1,0.0,0.0,2.693,3.522,337 74 4 13 23 286 248 25 118 256
aspartic,8,tryptophan,5,3,17,1,10.377,10.858,0.509,98.9,60.2,3.6092,0.0,2.779,4.142,32 285 173 176
aspartic,8,tryptophan,5,3,17,2,10.377,10.858,0.509,98.9,60.2,0.2499,0.0,3.016,4.411,30 262 190 187 121 147
aspartic,8,tryptophan,5,3,17,3,10.377,10.858,0.509,98.9,60.2,0.0,0.0,2.687,4.74,331 193 89 156 214 85 221 309
aspartic,8,tryptophan,5,3,17,4,10.377,10.858,0.509,98.9,60.2,0.0,0.0,2.425,1.638,319 311 263 133 208 122 10 331 126 356
aspartic,8,tryptophan,5,3,18,1,10.377,10.897,0.509,93.5,58.7,3.6253,0.0,2.631,4.021,336 66 182 181
aspartic,8,tryptophan,5,3,18,2,10.377,10.897,0.509,93.5,58.7,0.3229,0.0,2.722,4.824,345 89 143 157 241 220
aspartic,8,tryptophan,5,3,18,3,10.377,10.897,0.509,93.5,58.7,0.0,0.0,2.129,3.909,13 317 316 83 331 322 182 222
aspartic,8,tryptophan,5,3,18,4,10.377,10.897,0.509,93.5,58.7,0.0,0.0,2.308,4.219,355 33 303 337 5 302 307 34 46 191
aspartic,8,tryptophan,5,4,16,1,10.377,9.819,0.509,51.4,157.2,3.6152,0.0,1.431,4.685,324 1 153 83
aspartic,8,tryptophan,5,4,16,2,10.377,9.819,0.509,51.4,157.2,0.0591,0.0,1.269,3.937,329 2 211 255 209 193
aspartic,8,tryptophan,5,4,16,3,10.377,9.819,0.509,51.4,157.2,0.0,0.0,1.792,5.846,344 311 156 20 252 137 31 134
aspartic,8,tryptophan,5,4,16,4,10.377,9.819,0.509,51.4,157.2,0.0,0.0,1.12,5.902,329 22 61 319 292 111 135 244 225 161
aspartic,8,tryptophan,5,4,17,1,10.377,12.172,0.509,47.6,49.8,6.0017,0.0,1.497,4.753,322 0 155 83
aspartic,8,tryptophan,5,4,17,2,10.377,12.172,0.509,47.6,49.8,2.4205,0.0,1.477,3.942,323 0 219 269 180 180
aspartic,8,tryptophan,5,4,17,3,10.377,12.172,0.509,47.6,49.8,0.1972,0.0,2.023,5.684,308 358 142 79 166 171 74 149
aspartic,8,tryptophan,5,4,17,4,10.377,12.172,0.509,47.6,49.8,0.0,0.0,1.89,6.16,297 55 88 301 276 139 159 233 220 167
aspartic,8,tryptophan,5,4,18,1,10.377,11.805,0.509,59.1,65.0,5.0886,0.0,1.356,5.086,328 358 154 123
aspartic,8,tryptophan,5,4,18,2,10.377,11.805,0.509,59.1,65.0,1.4757,0.0,1.384,4.161,326 360 220 246 179 179
aspartic,8,tryptophan,5,4,18,3,10.377,11.805,0.509,59.1,65.0,0.0,0.0,1.987,4.894,4 280 252 280 174 215 111 42
aspartic,8,tryptophan,5,4,18,4,10.377,11.805,0.509,59.1,65.0,0.0,0.0,1.182,5.983,326 31 68 320 292 122 149 235 218 165
aspartic,8,tryptophan,5,5,16,1,10.377,9.888,0.509,48.3,153.7,3.8578,0.0,1.244,1.614,35 359 206 287
aspartic,8,tryptophan,5,5,16,2,10.377,9.888,0.509,48.3,153.7,0.2184,0.0,1.225,0.624,34 359 143 89 170 174
aspartic,8,tryptophan,5,5,16,3,10.377,9.888,0.509,48.3,153.7,0.0,0.0,1.193,1.036,356 25 232 23 107 227 272 243
aspartic,8,tryptophan,5,5,16,4,10.377,9.888,0.509,48.3,153.7,0.0,0.0,1.218,1.664,39 329 294 47 74 245 220 114 134 199
aspartic,8,tryptophan,5,5,17,1,10.377,12.025,0.509,54.1,57.6,5.4984,0.0,1.322,1.438,37 0 206 254
aspartic,8,tryptophan,5,5,17,2,10.377,12.025,0.509,54.1,57.6,1.9307,0.0,1.337,0.673,38 360 139 104 179 179
aspartic,8,tryptophan,5,5,17,3,10.377,12.025,0.509,54.1,57.6,0.0,0.0,1.251,0.771,7 35 228 285 192 209 270 224
aspartic,8,tryptophan,5,5,17,4,10.377,12.025,0.509,54.1,57.6,0.0,0.0,1.576,1.853,56 310 278 54 78 226 204 121 137 196
aspartic,8,tryptophan,5,5,18,1,10.377,12.133,0.509,44.6,53.0,6.1584,0.0,1.11,0.724,27 1 156 73
aspartic,8,tryptophan,5,5,18,2,10.377,12.133,0.509,44.6,53.0,2.5599,0.0,1.119,1.412,28 0 218 275 183 182
aspartic,8,tryptophan,5,5,18,3,10.377,12.133,0.509,44.6,53.0,0.2901,0.0,1.097,1.891,7 1 151 51 191 187 75 149
aspartic,8,tryptophan,5,5,18,4,10.377,12.133,0.509,44.6,53.0,0.0,0.0,1.533,1.999,55 334 230 37 129 224 201 102 71 177
aspartic,8,lysine,8,3,13,1,8.798,9.841,0.99,39.8,87.0,4.2476,0.0,2.096,3.281,14 360 197 317
aspartic,8,lysine,8,3,13,2,8.798,9.841,0.99,39.8,87.0,0.7412,0.0,2.175,3.179,7 2 215 288 198 191
aspartic,8,lysine,8,3,13,3,8.798,9.841,0.99,39.8,87.0,0.0,0.0,2.203,3.551,3 300 288 55 96 245 181 136
aspartic,8,lysine,8,3,13,4,8.798,9.841,0.99,39.8,87.0,0.0,0.0,2.036,3.88,9 336 297 34 69 260 230 128 148 196
aspartic,8,lysine,8,3,14,1,8.798,10.078,0.99,35.0,78.2,4.8329,0.0,1.799,2.13,350 1 167 28
aspartic,8,lysine,8,3,14,2,8.798,10.078,0.99,35.0,78.2,1.2022,0.0,1.832,1.002,352 360 150 56 179 180
aspartic,8,lysine,8,3,14,3,8.798,10.078,0.99,35.0,78.2,0.0,0.0,2.317,0.62,341 47 97 313 261 121 148 188
aspartic,8,lysine,8,3,14,4,8.798,10.078,0.99,35.0,78.2,0.0,0.0,2.0,1.92,328 41 77 311 278 114 141 231 214 166
aspartic,8,lysine,8,3,15,1,8.798,8.655,0.99,46.9,140.2,2.8213,0.0,1.966,2.255,358 360 155 64
aspartic,8,lysine,8,3,15,2,8.798,8.655,0.99,46.9,140.2,0.0,0.0,2.163,2.826,19 345 186 66 53 185
aspartic,8,lysine,8,3,15,3,8.798,8.655,0.99,46.9,140.2,0.0,0.0,2.245,1.374,312 63 95 303 283 103 130 216
aspartic,8,lysine,8,3,15,4,8.798,8.655,0.99,46.9,140.2,0.0,0.0,2.053,0.804,347 24 67 322 286 103 130 254 236 161
aspartic,8,lysine,8,4,13,1,8.798,8.832,0.99,80.9,97.4,1.6771,0.0,1.775,5.106,40 327 158 164
aspartic,8,lysine,8,4,13,2,8.798,8.832,0.99,80.9,97.4,0.0,0.0,1.165,4.665,347 339 281 8 44 223
aspartic,8,lysine,8,4,13,3,8.798,8.832,0.99,80.9,97.4,0.0,0.0,2.715,4.593,73 80 350 99 117 340 326 116
aspartic,8,lysine,8,4,13,4,8.798,8.832,0.99,80.9,97.4,0.0,0.0,1.619,5.632,19 7 320 8 41 266 238 84 114 211
aspartic,8,lysine,8,4,14,1,8.798,9.224,0.99,71.9,82.7,1.9933,0.0,1.794,4.899,26 4 193 195
aspartic,8,lysine,8,4,14,2,8.798,9.224,0.99,71.9,82.7,0.0,0.0,1.005,4.374,2 352 252 3 41 201
aspartic,8,lysine,8,4,14,3,8.798,9.224,0.99,71.9,82.7,0.0,0.0,0.961,5.745,347 358 306 27 70 272 239 161
aspartic,8,lysine,8,4,14,4,8.798,9.224,0.99,71.9,82.7,0.0,0.0,1.412,5.614,14 4 324 18 48 264 234 103 130 205
aspartic,8,lysine,8,4,15,1,8.798,8.219,0.99,64.7,123.6,1.2938,0.0,1.399,4.038,15 1 157 118
aspartic,8,lysine,8,4,15,2,8.798,8.219,0.99,64.7,123.6,0.0,0.0,1.385,3.027,316 43 215 261 280 233
aspartic,8,lysine,8,4,15,3,8.798,8.219,0.99,64.7,123.6,0.0,0.0,2.175,3.258,296 309 311 36 157 298 96 135
aspartic,8,lysine,8,4,15,4,8.798,8.219,0.99,64.7,123.6,0.0,0.0,1.904,2.849,45 324 287 42 70 265 238 73 105 211
aspartic,8,lysine,8,5,13,1,8.798,9.24,0.99,65.6,82.2,2.2017,0.0,2.111,4.097,332 0 160 133
aspartic,8,lysine,8,5,13,2,8.798,9.24,0.99,65.6,82.2,0.0,0.0,1.864,3.681,327 55 110 342 347 173
aspartic,8,lysine,8,5,13,3,8.798,9.24,0.99,65.6,82.2,0.0,0.0,1.39,2.861,345 31 54 326 304 93 135 242
aspartic,8,lysine,8,5,13,4,8.798,9.24,0.99,65.6,82.2,0.0,0.0,1.832,3.861,335 12 51 332 303 102 129 260 234 155
aspartic,8,lysine,8,5,14,1,8.798,8.989,0.99,80.6,91.6,1.8148,0.0,1.874,3.39,358 327 160 165
aspartic,8,lysine,8,5,14,2,8.798,8.989,0.99,80.6,91.6,0.0,0.0,1.106,2.113,3 18 86 6 313 133
aspartic,8,lysine,8,5,14,3,8.798,8.989,0.99,80.6,91.6,0.0,0.0,2.752,5.398,285 193 1 14 314 231 217 334
aspartic,8,lysine,8,5,14,4,8.798,8.989,0.99,80.6,91.6,0.0,0.0,2.145,4.336,324 15 56 341 312 98 124 276 245 149
aspartic,8,lysine,8,5,15,1,8.798,8.098,0.99,69.3,130.1,1.0026,0.0,1.675,2.834,345 0 203 221
aspartic,8,lysine,8,5,15,2,8.798,8.098,0.99,69.3,130.1,0.0,0.0,2.752,3.022,286 23 256 337 112 108
aspartic,8,lysine,8,5,15,3,8.798,8.098,0.99,69.3,130.1,0.0,0.0,1.669,1.491,44 10 46 339 302 39 94 231
aspartic,8,lysine,8,5,15,4,8.798,8.098,0.99,69.3,130.1,0.0,0.0,2.605,3.305,301 49 83 314 290 83 110 317 268 139
aspartic,8,glutamic,10,3,5,1,11.871,11.259,0.513,91.4,102.6,3.9971,0.0,2.225,2.403,299 62 181 181
aspartic,8,glutamic,10,3,5,2,11.871,11.259,0.513,91.4,102.6,0.2963,0.0,2.157,1.786,357 302 195 187 190 190
aspartic,8,glutamic,10,3,5,3,11.871,11.259,0.513,91.4,102.6,0.0,0.0,3.017,3.686,15 211 283 124 307 238 102 273
aspartic,8,glutamic,10,3,5,4,11.871,11.259,0.513,91.4,102.6,0.0,0.0,2.128,1.315,313 56 91 327 298 118 141 281 255 151
aspartic,8,glutamic,10,3,6,1,11.871,10.519,0.513,94.0,137.2,3.2897,0.0,2.299,2.259,351 294 176 178
aspartic,8,glutamic,10,3,6,2,11.871,10.519,0.513,94.0,137.2,0.0,0.0,1.735,1.227,347 335 163 211 203 233
aspartic,8,glutamic,10,3,6,3,11.871,10.519,0.513,94.0,137.2,0.0,0.0,1.26,0.602,317 360 146 233 97 249 352 281
aspartic,8,glutamic,10,3,6,4,11.871,10.519,0.513,94.0,137.2,0.0,0.0,1.528,1.721,306 36 77 335 307 114 135 275 249 149
aspartic,8,glutamic,10,3,7,1,11.871,12.501,0.513,99.2,54.9,5.29,0.0,2.517,2.881,289 75 188 185
aspartic,8,glutamic,10,3,7,2,11.871,12.501,0.513,99.2,54.9,1.515,0.0,2.444,2.834,293 73 183 182 182 182
aspartic,8,glutamic,10,3,7,3,11.871,12.501,0.513,99.2,54.9,0.0,0.0,3.065,4.913,279 143 164 201 192 134 132 177
aspartic,8,glutamic,10,3,7,4,11.871,12.501,0.513,99.2,54.9,0.0,0.0,1.663,2.87,340 359 34 327 311 128 156 246 226 161
aspartic,8,glutamic,10,4,5,1,11.871,12.746,0.513,26.8,107.7,7.831,0.0,0.977,3.557,344 0 179 1
aspartic,8,glutamic,10,4,5,2,11.871,12.746,0.513,26.8,107.7,4.3741,0.0,0.955,1.391,347 359 204 318 170 173
aspartic,8,glutamic,10,4,5,3,11.871,12.746,0.513,26.8,107.7,0.5602,0.0,0.971,1.656,345 360 162 35 178 179 178 179
aspartic,8,glutamic,10,4,5,4,11.871,12.746,0.513,26.8,107.7,0.0,0.0,1.879,3.83,299 62 110 293 248 149 171 213 211 180
aspartic,8,glutamic,10,4,6,1,11.871,12.198,0.513,15.8,133.1,8.2753,0.0,0.945,3.421,349 360 180 360
aspartic,8,glutamic,10,4,6,2,11.871,12.198,0.513,15.8,133.1,4.5161,0.0,0.946,1.531,349 0 180 0 180 180
aspartic,8,glutamic,10,4,6,3,11.871,12.198,0.513,15.8,133.1,1.0336,0.0,0.945,1.485,353 359 187 351 145 150 160 166
aspartic,8,glutamic,10,4,6,4,11.871,12.198,0.513,15.8,133.1,0.0,0.0,2.715,3.02,258 9 138 15 183 86 163 193 178 192
aspartic,8,glutamic,10,4,7,1,11.871,14.266,0.513,19.6,48.0,9.8171,0.0,1.196,4.038,333 0 179 2
aspartic,8,glutamic,10,4,7,2,11.871,14.266,0.513,19.6,48.0,6.2312,0.0,1.162,2.402,335 360 197 331 176 178
aspartic,8,glutamic,10,4,7,3,11.871,14.266,0.513,19.6,48.0,2.506,0.0,1.208,2.373,332 0 174 10 187 184 184 184
aspartic,8,glutamic,10,4,7,4,11.871,14.266,0.513,19.6,48.0,0.0001,0.0,2.113,4.924,304 1 197 326 167 171 182 189 264 208
aspartic,8,glutamic,10,5,5,1,11.871,11.573,0.513,79.7,97.6,4.3087,0.0,1.546,1.141,56 327 180 180
aspartic,8,glutamic,10,5,5,2,11.871,11.573,0.513,79.7,97.6,0.6279,0.0,1.321,1.14,25 20 198 191 190 189
aspartic,8,glutamic,10,5,5,3,11.871,11.573,0.513,79.7,97.6,0.0,0.0,1.353,1.111,24 322 292 16 56 236 206 148
aspartic,8,glutamic,10,5,5,4,11.871,11.573,0.513,79.7,97.6,0.0,0.0,1.444,1.76,50 315 282 39 64 236 212 98 120 203
aspartic,8,glutamic,10,5,6,1,11.871,10.637,0.513,89.5,141.5,3.4426,0.0,1.742,0.857,14 55 188 185
aspartic,8,glutamic,10,5,6,2,11.871,10.637,0.513,89.5,141.5,0.0,0.0,2.156,0.527,13 83 114 168 134 152
aspartic,8,glutamic,10,5,6,3,11.871,10.637,0.513,89.5,141.5,0.0,0.0,2.156,1.435,51 269 303 10 56 238 206 80
aspartic,8,glutamic,10,5,6,4,11.871,10.637,0.513,89.5,141.5,0.0,0.0,1.391,1.83,48 338 300 27 53 245 222 90 116 209
aspartic,8,glutamic,10,5,7,1,11.871,12.886,0.513,84.7,45.9,5.6303,0.0,1.692,1.054,20 47 182 181
aspartic,8,glutamic,10,5,7,2,11.871,12.886,0.513,84.7,45.9,1.9003,0.0,1.753,1.414,64 323 177 179 178 178
aspartic,8,glutamic,10,5,7,3,11.871,12.886,0.513,84.7,45.9,0.0088,0.0,1.882,2.126,38 31 223 206 203 205 302 201
aspartic,8,glutamic,10,5,7,4,11.871,12.886,0.513,84.7,45.9,0.0,0.0,1.119,1.492,32 338 302 35 61 227 199 114 133 198
aspartic,8,serine,20,3,3,1,9.809,8.023,-0.171,115.7,130.4,0.7389,0.0,2.687,3.949,330 255 179 179
aspartic,8,serine,20,3,3,2,9.809,8.023,-0.171,115.7,130.4,0.0,0.0,3.065,4.599,247 178 118 28 5 84
aspartic,8,serine,20,3,3,3,9.809,8.023,-0.171,115.7,130.4,0.0,0.0,3.065,4.455,205 187 161 238 240 76 94 207
aspartic,8,serine,20,3,3,4,9.809,8.023,-0.171,115.7,130.4,0.0,0.0,3.065,3.979,174 184 162 222 233 130 142 247 224 158
aspartic,8,serine,20,3,4,1,9.809,9.046,-0.171,119.4,86.8,1.7572,0.0,3.065,4.313,267 112 179 180
aspartic,8,serine,20,3,4,2,9.809,9.046,-0.171,119.4,86.8,0.0,0.0,3.065,5.22,274 199 124 275 106 77
aspartic,8,serine,20,3,4,3,9.809,9.046,-0.171,119.4,86.8,0.0,0.0,3.065,5.747,233 184 173 230 225 80 100 204
aspartic,8,serine,20,3,4,4,9.809,9.046,-0.171,119.4,86.8,0.0,0.0,3.065,5.437,189 182 172 227 233 132 139 232 216 162
aspartic,8,serine,20,3,5,1,9.809,9.112,-0.171,104.7,84.4,1.827,0.0,3.065,3.269,263 88 177 178
aspartic,8,serine,20,3,5,2,9.809,9.112,-0.171,104.7,84.4,0.0,0.0,2.892,1.765,297 244 356 257 65 77
aspartic,8,serine,20,3,5,3,9.809,9.112,-0.171,104.7,84.4,0.0,0.0,3.065,1.411,214 135 115 278 274 120 156 229
aspartic,8,serine,20,3,5,4,9.809,9.112,-0.171,104.7,84.4,0.0,0.0,2.768,0.74,270 74 51 345 318 97 126 270 240 150
aspartic,8,serine,20,4,3,1,9.809,10.256,-0.171,16.0,130.0,6.5286,0.0,2.715,6.686,213 0 180 0
aspartic,8,serine,20,4,3,2,9.809,10.256,-0.171,16.0,130.0,2.8977,0.0,2.715,6.225,217 360 182 358 157 146
aspartic,8,serine,20,4,3,3,9.809,10.256,-0.171,16.0,130.0,0.0,0.0,2.715,4.064,224 342 204 355 172 77 315 186
aspartic,8,serine,20,4,3,4,9.809,10.256,-0.171,16.0,130.0,0.0,0.0,2.715,4.693,270 42 74 299 265 114 138 206 192 170
aspartic,8,serine,20,4,4,1,9.809,11.341,-0.171,16.9,84.6,7.3655,0.0,2.715,6.686,256 360 180 360
aspartic,8,serine,20,4,4,2,9.809,11.341,-0.171,16.9,84.6,3.7399,0.0,2.715,6.091,251 1 174 7 198 198
aspartic,8,serine,20,4,4,3,9.809,11.341,-0.171,16.9,84.6,0.0617,0.0,2.715,4.819,256 0 180 0 213 218 180 180
aspartic,8,serine,20,4,4,4,9.809,11.341,-0.171,16.9,84.6,0.0,0.0,2.715,5.541,261 55 85 290 259 137 158 215 203 171
aspartic,8,serine,20,4,5,1,9.809,11.139,-0.171,4.4,92.2,8.4572,0.0,2.715,6.686,245 360 180 360
aspartic,8,serine,20,4,5,2,9.809,11.139,-0.171,4.4,92.2,4.7218,0.0,2.715,5.757,249 360 181 359 204 242
aspartic,8,serine,20,4,5,3,9.809,11.139,-0.171,4.4,92.2,1.1596,0.0,2.715,3.784,239 0 179 1 221 245 184 183
aspartic,8,serine,20,4,5,4,9.809,11.139,-0.171,4.4,92.2,0.0,0.0,1.609,2.692,315 63 100 282 244 126 145 192 184 174
aspartic,8,serine,20,5,3,1,9.809,8.409,-0.171,99.6,132.3,1.1594,0.0,2.279,2.963,41 75 187 184
aspartic,8,serine,20,5,3,2,9.809,8.409,-0.171,99.6,132.3,0.0,0.0,2.752,2.5,101 180 273 45 306 280
aspartic,8,serine,20,5,3,3,9.809,8.409,-0.171,99.6,132.3,0.0,0.0,2.752,1.908,146 169 224 126 120 282 298 186
aspartic,8,serine,20,5,3,4,9.809,8.409,-0.171,99.6,132.3,0.0,0.0,2.752,1.797,175 188 193 138 132 229 231 124 134 200
aspartic,8,serine,20,5,4,1,9.809,9.821,-0.171,88.0,73.8,2.5386,0.0,2.286,2.702,41 56 177 178
aspartic,8,serine,20,5,4,2,9.809,9.821,-0.171,88.0,73.8,0.0,0.0,2.696,3.439,97 309 185 102 310 258
aspartic,8,serine,20,5,4,3,9.809,9.821,-0.171,88.0,73.8,0.0,0.0,2.752,5.346,151 244 242 74 90 233 207 153
aspartic,8,serine,20,5,4,4,9.809,9.821,-0.171,88.0,73.8,0.0,0.0,2.752,5.398,166 220 224 128 128 213 205 102 115 198
aspartic,8,serine,20,5,5,1,9.809,9.258,-0.171,98.9,94.7,1.972,0.0,2.752,2.796,97 283 178 179
aspartic,8,serine,20,5,5,2,9.809,9.258,-0.171,98.9,94.7,0.0,0.0,2.752,1.702,100 194 239 137 162 236
aspartic,8,serine,20,5,5,3,9.809,9.258,-0.171,98.9,94.7,0.0,0.0,2.752,1.106,120 184 204 131 138 288 266 157
aspartic,8,serine,20,5,5,4,9.809,9.258,-0.171,98.9,94.7,0.0,0.0,2.752,0.992,158 183 192 131 128 243 232 136 155 199
glutamic,10,arginine,3,5,16,1,7.254,8.045,0.18,76.2,73.6,0.8113,0.0,1.841,1.508,58 21 196 193
glutamic,10,arginine,3,5,16,2,7.254,8.045,0.18,76.2,73.6,0.0,0.0,2.966,0.564,137 251 226 82 85 200
glutamic,10,arginine,3,5,16,3,7.254,8.045,0.18,76.2,73.6,0.0,0.0,2.966,0.912,157 211 232 125 113 241 224 149
glutamic,10,arginine,3,5,16,4,7.254,8.045,0.18,76.2,73.6,0.0,0.0,2.966,2.22,140 261 299 77 21 255 252 108 173 233
glutamic,10,arginine,3,5,17,1,7.254,9.063,0.18,62.8,28.5,2.1533,0.0,1.742,1.716,66 360 157 121
glutamic,10,arginine,3,5,17,2,7.254,9.063,0.18,62.8,28.5,0.4104,0.0,1.201,3.556,32 0 213 231 3 179
glutamic,10,arginine,3,5,17,3,7.254,9.063,0.18,62.8,28.5,0.0,0.0,1.618,4.203,336 48 195 319 206 186 51 135
glutamic,10,arginine,3,5,17,4,7.254,9.063,0.18,62.8,28.5,0.0001,0.0,1.808,4.185,349 1 291 22 47 313 291 120 99 181
glutamic,10,arginine,3,5,18,1,7.254,7.819,0.18,60.3,81.9,1.1093,0.0,2.139,0.607,84 0 198 261
glutamic,10,arginine,3,5,18,2,7.254,7.819,0.18,60.3,81.9,0.0,0.0,2.966,0.543,104 244 306 25 78 211
glutamic,10,arginine,3,5,18,3,7.254,7.819,0.18,60.3,81.9,0.0,0.0,1.849,0.3,71 303 332 43 65 283 204 86
glutamic,10,arginine,3,5,18,4,7.254,7.819,0.18,60.3,81.9,0.0,0.0,1.217,0.368,37 355 318 59 83 249 231 90 111 204
glutamic,10,arginine,3,6,16,1,7.254,6.88,0.18,123.1,61.8,0.1637,0.0,1.877,0.561,295 206 70 183
glutamic,10,arginine,3,6,16,2,7.254,6.88,0.18,123.1,61.8,0.0,0.0,2.646,0.789,229 93 247 268 228 48
glutamic,10,arginine,3,6,16,3,7.254,6.88,0.18,123.1,61.8,0.0,0.0,2.646,2.444,204 185 164 249 250 82 106 210
glutamic,10,arginine,3,6,16,4,7.254,6.88,0.18,123.1,61.8,0.0,0.0,0.317,2.223,308 45 112 11 336 88 102 301 243 116
glutamic,10,arginine,3,6,17,1,7.254,7.599,0.18,120.2,28.9,0.8606,0.0,0.683,2.432,13 302 97 174
glutamic,10,arginine,3,6,17,2,7.254,7.599,0.18,120.2,28.9,0.0962,0.0,0.731,2.618,31 5 54 163 0 179
glutamic,10,arginine,3,6,17,3,7.254,7.599,0.18,120.2,28.9,0.0,0.0,1.629,1.878,47 22 9 246 1 90 3 171
glutamic,10,arginine,3,6,17,4,7.254,7.599,0.18,120.2,28.9,0.0,0.0,1.762,0.749,61 322 15 152 127 41 102 86 359 105
glutamic,10,arginine,3,6,18,1,7.254,6.002,0.18,136.3,94.3,0.0,0.0,1.312,1.568,357 110 323 262
glutamic,10,arginine,3,6,18,2,7.254,6.002,0.18,136.3,94.3,0.0,0.0,1.406,1.219,37 12 337 88 148 13
glutamic,10,arginine,3,6,18,3,7.254,6.002,0.18,136.3,94.3,0.0,0.0,0.825,1.365,350 45 260 277 346 38 144 38
glutamic,10,arginine,3,6,18,4,7.254,6.002,0.18,136.3,94.3,0.0,0.0,2.646,1.361,145 321 40 289 249 224 305 187 68 59
glutamic,10,arginine,3,7,16,1,7.254,9.215,0.18,22.4,60.2,5.0732,0.0,3.452,1.474,260 0 178 2
glutamic,10,arginine,3,7,16,2,7.254,9.215,0.18,22.4,60.2,1.27,0.0,2.701,0.538,258 1 175 6 189 189
glutamic,10,arginine,3,7,16,3,7.254,9.215,0.18,22.4,60.2,0.0,0.0,3.896,0.64,219 54 120 301 238 127 136 182
glutamic,10,arginine,3,7,16,4,7.254,9.215,0.18,22.4,60.2,0.0,0.0,3.666,1.317,268 43 79 285 258 131 149 246 235 168
glutamic,10,arginine,3,7,17,1,7.254,9.737,0.18,31.7,36.7,4.6792,0.0,1.557,1.603,288 360 183 355
glutamic,10,arginine,3,7,17,2,7.254,9.737,0.18,31.7,36.7,1.1104,0.0,1.374,0.9,289 359 154 49 172 176
glutamic,10,arginine,3,7,17,3,7.254,9.737,0.18,31.7,36.7,0.0,0.0,1.717,3.893,334 26 151 265 211 146 108 120
glutamic,10,arginine,3,7,17,4,7.254,9.737,0.18,31.7,36.7,0.0,0.0,1.987,2.662,357 14 78 299 271 122 131 209 222 186
glutamic,10,arginine,3,7,18,1,7.254,8.343,0.18,37.3,93.0,3.0487,0.0,3.039,1.248,266 0 175 10
glutamic,10,arginine,3,7,18,2,7.254,8.343,0.18,37.3,93.0,0.0,0.0,2.136,0.788,279 32 156 292 211 162
glutamic,10,arginine,3,7,18,3,7.254,8.343,0.18,37.3,93.0,0.0,0.0,1.344,2.411,309 83 112 265 187 100 175 234
glutamic,10,arginine,3,7,18,4,7.254,8.343,0.18,37.3,93.0,0.0,0.0,2.588,1.686,339 16 55 306 278 105 127 226 209 164
glutamic,10,lysine,5,5,13,1,7.586,6.206,-0.085,137.0,93.2,0.0,0.0,1.592,1.673,129 288 36 114
glutamic,10,lysine,5,5,13,2,7.586,6.206,-0.085,137.0,93.2,0.0,0.0,1.809,0.682,73 315 308 45 216 12
glutamic,10,lysine,5,5,13,3,7.586,6.206,-0.085,137.0,93.2,0.0,0.0,2.966,3.12,264 130 241 84 86 329 262 134
glutamic,10,lysine,5,5,13,4,7.586,6.206,-0.085,137.0,93.2,0.0,0.0,2.966,3.312,228 138 186 144 125 252 240 100 127 207
glutamic,10,lysine,5,5,14,1,7.586,7.961,-0.085,134.5,12.3,1.2289,0.0,2.252,4.203,176 174 259 213
glutamic,10,lysine,5,5,14,2,7.586,7.961,-0.085,134.5,12.3,0.4864,0.0,2.966,4.203,205 145 278 212 351 204
glutamic,10,lysine,5,5,14,3,7.586,7.961,-0.085,134.5,12.3,0.0,0.0,2.966,4.203,248 178 191 135 91 230 300 166
glutamic,10,lysine,5,5,14,4,7.586,7.961,-0.085,134.5,12.3,0.0,0.0,2.966,4.203,282 163 219 132 120 229 208 93 124 202
glutamic,10,lysine,5,5,15,1,7.586,5.828,-0.085,137.1,108.4,0.0,0.0,2.349,4.175,167 82 293 93
glutamic,10,lysine,5,5,15,2,7.586,5.828,-0.085,137.1,108.4,0.0,0.0,2.361,4.203,216 35 50 344 105 53
glutamic,10,lysine,5,5,15,3,7.586,5.828,-0.085,137.1,108.4,0.0,0.0,2.966,4.203,302 145 224 98 84 297 263 138
glutamic,10,lysine,5,5,15,4,7.586,5.828,-0.085,137.1,108.4,0.0,0.0,2.966,4.203,302 180 215 89 33 288 341 57 73 263
glutamic,10,lysine,5,6,13,1,7.586,7.097,-0.085,95.4,88.6,0.0,0.0,1.464,1.714,273 260 211 148
glutamic,10,lysine,5,6,13,2,7.586,7.097,-0.085,95.4,88.6,0.0,0.0,0.762,0.303,223 174 65 65 353 2
glutamic,10,lysine,5,6,13,3,7.586,7.097,-0.085,95.4,88.6,0.0001,0.0,1.606,1.209,162 212 95 28 104 42 45 151
glutamic,10,lysine,5,6,13,4,7.586,7.097,-0.085,95.4,88.6,0.0,0.0,1.976,2.095,179 200 157 219 238 94 101 258 231 149
glutamic,10,lysine,5,6,14,1,7.586,8.742,-0.085,98.7,6.4,1.4601,0.0,0.977,3.169,188 78 179 179
glutamic,10,lysine,5,6,14,2,7.586,8.742,-0.085,98.7,6.4,0.6428,0.0,1.472,3.235,163 136 127 167 0 180
glutamic,10,lysine,5,6,14,3,7.586,8.742,-0.085,98.7,6.4,0.0516,0.0,1.928,3.235,145 122 184 183 309 204 1 175
glutamic,10,lysine,5,6,14,4,7.586,8.742,-0.085,98.7,6.4,0.0,0.0,2.486,3.235,152 189 152 202 217 127 133 251 231 158
glutamic,10,lysine,5,6,15,1,7.586,6.917,-0.085,87.8,95.4,0.0,0.0,1.249,3.235,180 64 202 253
glutamic,10,lysine,5,6,15,2,7.586,6.917,-0.085,87.8,95.4,0.0,0.0,2.646,3.235,157 345 295 267 259 127
glutamic,10,lysine,5,6,15,3,7.586,6.917,-0.085,87.8,95.4,0.0,0.0,2.646,3.235,154 277 35 207 242 75 195 256
glutamic,10,lysine,5,6,15,4,7.586,6.917,-0.085,87.8,95.4,0.0,0.0,2.531,3.235,148 191 116 177 240 110 120 331 244 101
glutamic,10,lysine,5,7,13,1,7.586,8.247,-0.085,51.8,82.7,2.0044,0.0,2.194,4.379,157 1 159 66
glutamic,10,lysine,5,7,13,2,7.586,8.247,-0.085,51.8,82.7,0.0,0.0,3.299,2.711,107 44 145 16 247 243
glutamic,10,lysine,5,7,13,3,7.586,8.247,-0.085,51.8,82.7,0.0,0.0,3.896,3.114,110 288 238 113 152 259 246 174
glutamic,10,lysine,5,7,13,4,7.586,8.247,-0.085,51.8,82.7,0.0,0.0,3.272,2.699,190 96 342 52 142 349 259 79 138 249
glutamic,10,lysine,5,7,14,1,7.586,9.657,-0.085,64.3,15.7,2.7717,0.0,2.516,5.225,164 357 156 136
glutamic,10,lysine,5,7,14,2,7.586,9.657,-0.085,64.3,15.7,0.6402,0.0,3.219,5.624,126 55 184 183 311 203
glutamic,10,lysine,5,7,14,3,7.586,9.657,-0.085,64.3,15.7,0.0,0.0,3.896,5.609,201 257 201 182 80 154 358 198
glutamic,10,lysine,5,7,14,4,7.586,9.657,-0.085,64.3,15.7,0.0,0.0,3.896,5.624,77 355 249 116 116 181 242 148 79 169
glutamic,10,lysine,5,7,15,1,7.586,7.432,-0.085,68.9,114.9,0.4442,0.0,2.614,5.235,164 356 148 128
glutamic,10,lysine,5,7,15,2,7.586,7.432,-0.085,68.9,114.9,0.0,0.0,3.05,3.934,119 350 199 7 285 332
glutamic,10,lysine,5,7,15,3,7.586,7.432,-0.085,68.9,114.9,0.0,0.0,2.596,5.624,137 319 354 344 97 336 172 36
glutamic,10,lysine,5,7,15,4,7.586,7.432,-0.085,68.9,114.9,0.0,0.0,3.896,5.002,78 276 278 141 137 227 219 112 134 203
glutamic,10,aspartic,21,5,3,1,7.492,8.302,-0.98,111.6,21.2,1.2083,0.0,1.136,3.769,354 123 136 159
glutamic,10,aspartic,21,5,3,2,7.492,8.302,-0.98,111.6,21.2,0.3841,0.0,2.396,4.203,337 181 96 140 1 179
glutamic,10,aspartic,21,5,3,3,7.492,8.302,-0.98,111.6,21.2,0.0,0.0,1.686,4.203,314 108 222 77 23 142 60 226
glutamic,10,aspartic,21,5,3,4,7.492,8.302,-0.98,111.6,21.2,0.0,0.0,1.762,0.568,42 31 273 303 356 283 305 120 51 250
glutamic,10,aspartic,21,5,4,1,7.492,6.612,-0.98,102.5,94.3,0.0,0.0,1.659,4.203,335 63 193 87
glutamic,10,aspartic,21,5,4,2,7.492,6.612,-0.98,102.5,94.3,0.0,0.0,2.793,4.203,312 11 279 74 55 108
glutamic,10,aspartic,21,5,4,3,7.492,6.612,-0.98,102.5,94.3,0.0,0.0,1.514,0.72,61 71 85 14 49 111 44 64
glutamic,10,aspartic,21,5,4,4,7.492,6.612,-0.98,102.5,94.3,0.0,0.0,1.53,2.271,61 324 233 29 57 269 262 47 123 269
glutamic,10,aspartic,21,5,5,1,7.492,7.149,-0.98,97.0,74.4,0.1311,0.0,1.302,1.763,78 324 112 148
glutamic,10,aspartic,21,5,5,2,7.492,7.149,-0.98,97.0,74.4,0.0,0.0,2.281,0.823,119 318 133 270 252 104
glutamic,10,aspartic,21,5,5,3,7.492,7.149,-0.98,97.0,74.4,0.0,0.0,2.472,0.379,140 237 236 70 53 304 283 127
glutamic,10,aspartic,21,5,5,4,7.492,7.149,-0.98,97.0,74.4,0.0,0.0,1.762,0.478,70 353 300 344 12 286 258 55 110 238
glutamic,10,aspartic,21,6,3,1,7.492,9.22,-0.98,76.2,10.7,1.9461,0.0,1.244,2.103,310 342 176 178
glutamic,10,aspartic,21,6,3,2,7.492,9.22,-0.98,76.2,10.7,0.632,0.0,0.818,0.879,245 50 183 182 19 170
glutamic,10,aspartic,21,6,3,3,7.492,9.22,-0.98,76.2,10.7,0.034,0.0,0.85,1.657,232 44 168 173 66 150 357 189
glutamic,10,aspartic,21,6,3,4,7.492,9.22,-0.98,76.2,10.7,0.0,0.0,0.938,1.191,206 327 313 39 49 155 127 166 343 167
glutamic,10,aspartic,21,6,4,1,7.492,7.582,-0.98,66.1,89.5,0.6196,0.0,0.861,2.321,314 357 153 121
glutamic,10,aspartic,21,6,4,2,7.492,7.582,-0.98,66.1,89.5,0.0,0.0,1.697,2.336,358 38 104 274 233 153
glutamic,10,aspartic,21,6,4,3,7.492,7.582,-0.98,66.1,89.5,0.0,0.0,2.449,2.629,32 357 68 339 269 31 71 172
glutamic,10,aspartic,21,6,4,4,7.492,7.582,-0.98,66.1,89.5,0.0,0.0,1.555,1.186,313 291 7 40 4 100 112 259 226 132
glutamic,10,aspartic,21,6,5,1,7.492,7.47,-0.98,85.0,93.7,0.1921,0.0,1.239,1.506,280 56 167 173
glutamic,10,aspartic,21,6,5,2,7.492,7.47,-0.98,85.0,93.7,0.0,0.0,1.75,2.351,1 44 87 263 218 138
glutamic,10,aspartic,21,6,5,3,7.492,7.47,-0.98,85.0,93.7,0.0,0.0,1.649,1.567,355 55 358 317 258 63 212 328
glutamic,10,aspartic,21,6,5,4,7.492,7.47,-0.98,85.0,93.7,0.0,0.0,0.48,1.56,351 339 29 323 305 101 66 326 268 89
glutamic,10,aspartic,21,7,3,1,7.492,10.402,-0.98,20.0,14.8,6.2586,0.0,3.423,5.624,69 360 180 360
glutamic,10,aspartic,21,7,3,2,7.492,10.402,-0.98,20.0,14.8,2.6605,0.0,2.881,5.501,67 1 170 13 199 198
glutamic,10,aspartic,21,7,3,3,7.492,10.402,-0.98,20.0,14.8,0.3364,0.0,2.565,5.323,81 359 214 295 173 175 66 152
glutamic,10,aspartic,21,7,3,4,7.492,10.402,-0.98,20.0,14.8,0.0,0.0,2.258,5.014,61 24 194 89 67 187 272 206 63 139
glutamic,10,aspartic,21,7,4,1,7.492,8.445,-0.98,26.1,103.7,4.0974,0.0,2.952,5.624,50 0 180 0
glutamic,10,aspartic,21,7,4,2,7.492,8.445,-0.98,26.1,103.7,0.5285,0.0,2.58,5.624,61 358 188 351 148 146
glutamic,10,aspartic,21,7,4,3,7.492,8.445,-0.98,26.1,103.7,0.0,0.0,2.685,5.624,28 317 274 59 99 251 224 164
glutamic,10,aspartic,21,7,4,4,7.492,8.445,-0.98,26.1,103.7,0.0,0.0,3.508,4.946,338 104 52 314 332 227 210 114 134 206
glutamic,10,aspartic,21,7,5,1,7.492,8.991,-0.98,10.6,82.9,6.0807,0.0,2.774,5.624,37 0 180 0
glutamic,10,aspartic,21,7,5,2,7.492,8.991,-0.98,10.6,82.9,2.2871,0.0,2.043,5.624,38 0 180 0 156 111
glutamic,10,aspartic,21,7,5,3,7.492,8.991,-0.98,10.6,82.9,0.0,0.0,3.134,5.484,10 7 192 276 221 112 157 202
glutamic,10,aspartic,21,7,5,4,7.492,8.991,-0.98,10.6,82.9,0.0,0.0,3.143,4.859,340 326 289 42 79 280 247 142 165 197
glutamic,10,glutamic,9,5,5,1,7.419,6.45,-0.047,69.9,133.2,0.0,0.0,2.733,0.992,102 2 203 77
glutamic,10,glutamic,9,5,5,2,7.419,6.45,-0.047,69.9,133.2,0.0,0.0,2.689,0.735,86 259 306 98 133 250
glutamic,10,glutamic,9,5,5,3,7.419,6.45,-0.047,69.9,133.2,0.0,0.0,1.21,0.745,44 319 316 10 181 12 42 63
glutamic,10,glutamic,9,5,5,4,7.419,6.45,-0.047,69.9,133.2,0.0,0.0,1.244,0.734,41 340 333 100 68 260 265 24 57 227
glutamic,10,glutamic,9,5,6,1,7.419,7.494,-0.047,87.8,87.4,0.2455,0.0,2.966,2.502,154 292 205 193
glutamic,10,glutamic,9,5,6,2,7.419,7.494,-0.047,87.8,87.4,0.0,0.0,2.966,3.277,181 188 264 109 113 220
glutamic,10,glutamic,9,5,6,3,7.419,7.494,-0.047,87.8,87.4,0.0,0.0,2.966,3.343,193 170 240 142 118 262 236 140
glutamic,10,glutamic,9,5,6,4,7.419,7.494,-0.047,87.8,87.4,0.0,0.0,2.966,3.896,176 167 222 174 145 248 239 77 108 211
glutamic,10,glutamic,9,5,7,1,7.419,7.751,-0.047,81.4,77.9,0.4958,0.0,2.966,3.385,164 314 195 188
glutamic,10,glutamic,9,5,7,2,7.419,7.751,-0.047,81.4,77.9,0.0,0.0,2.966,4.203,187 189 271 119 121 218
glutamic,10,glutamic,9,5,7,3,7.419,7.751,-0.047,81.4,77.9,0.0,0.0,2.966,2.173,107 188 87 112 34 289 157 63
glutamic,10,glutamic,9,5,7,4,7.419,7.751,-0.047,81.4,77.9,0.0,0.0,2.966,3.367,152 183 234 200 133 260 269 45 102 239
glutamic,10,glutamic,9,6,5,1,7.419,4.626,-0.047,161.6,150.7,0.8092,0.0,2.646,2.454,200 105 275 359
glutamic,10,glutamic,9,6,5,2,7.419,4.626,-0.047,161.6,150.7,0.0,0.0,1.148,0.745,325 316 74 349 161 1
glutamic,10,glutamic,9,6,5,3,7.419,4.626,-0.047,161.6,150.7,0.0,0.0,2.646,1.282,131 273 122 185 321 13 154 303
glutamic,10,glutamic,9,6,5,4,7.419,4.626,-0.047,161.6,150.7,0.0,0.0,1.737,0.577,302 153 148 278 315 96 74 303 264 114
glutamic,10,glutamic,9,6,6,1,7.419,6.272,-0.047,146.2,73.1,0.0,0.0,2.646,1.235,238 115 297 261
glutamic,10,glutamic,9,6,6,2,7.419,6.272,-0.047,146.2,73.1,0.0,0.0,1.372,0.839,302 286 77 285 296 55
glutamic,10,glutamic,9,6,6,3,7.419,6.272,-0.047,146.2,73.1,0.0,0.0,2.646,2.236,245 359 78 143 275 85 131 359
glutamic,10,glutamic,9,6,6,4,7.419,6.272,-0.047,146.2,73.1,0.0,0.0,0.698,0.355,83 222 196 252 253 93 92 244 242 153
glutamic,10,glutamic,9,6,7,1,7.419,6.386,-0.047,143.8,68.9,0.0066,0.0,2.646,3.235,205 263 64 108
glutamic,10,glutamic,9,6,7,2,7.419,6.386,-0.047,143.8,68.9,0.0,0.0,2.646,3.235,144 281 31 165 351 108
glutamic,10,glutamic,9,6,7,3,7.419,6.386,-0.047,143.8,68.9,0.0,0.0,2.646,1.751,70 182 106 281 313 67 92 244
glutamic,10,glutamic,9,6,7,4,7.419,6.386,-0.047,143.8,68.9,0.0,0.0,2.646,3.235,157 300 140 187 229 80 111 299 245 145
glutamic,10,glutamic,9,7,5,1,7.419,6.673,-0.047,61.6,144.8,0.146,0.0,3.896,3.238,220 354 217 277
glutamic,10,glutamic,9,7,5,2,7.419,6.673,-0.047,61.6,144.8,0.0,0.0,3.896,3.666,246 89 31 317 278 96
glutamic,10,glutamic,9,7,5,3,7.419,6.673,-0.047,61.6,144.8,0.0,0.0,3.627,2.29,289 62 64 212 292 147 109 237
glutamic,10,glutamic,9,7,5,4,7.419,6.673,-0.047,61.6,144.8,0.0,0.0,3.268,2.692,313 352 38 325 285 82 110 243 227 166
glutamic,10,glutamic,9,7,6,1,7.419,8.351,-0.047,55.6,70.5,1.8416,0.0,3.896,3.516,209 0 157 85
glutamic,10,glutamic,9,7,6,2,7.419,8.351,-0.047,55.6,70.5,0.0,0.0,3.851,2.591,161 359 194 59 197 236
glutamic,10,glutamic,9,7,6,3,7.419,8.351,-0.047,55.6,70.5,0.0,0.0,3.608,2.208,176 80 55 341 260 67 178 269
glutamic,10,glutamic,9,7,6,4,7.419,8.351,-0.047,55.6,70.5,0.0,0.0,2.257,0.686,290 70 131 283 196 84 121 218 227 189
glutamic,10,glutamic,9,7,7,1,7.419,7.985,-0.047,72.8,84.0,0.7784,0.0,3.896,4.42,220 351 161 159
glutamic,10,glutamic,9,7,7,2,7.419,7.985,-0.047,72.8,84.0,0.0,0.0,3.896,5.267,206 187 32 209 256 150
glutamic,10,glutamic,9,7,7,3,7.419,7.985,-0.047,72.8,84.0,0.0,0.0,3.896,3.439,280 75 48 238 253 132 160 228
glutamic,10,glutamic,9,7,7,4,7.419,7.985,-0.047,72.8,84.0,0.0,0.0,3.896,1.758,273 97 75 200 220 114 123 316 284 153
glutamic,10,isoleucine,4,5,4,1,9.454,10.88,0.482,88.3,4.4,3.6652,0.0,2.43,0.741,58 53 179 179
glutamic,10,isoleucine,4,5,4,2,9.454,10.88,0.482,88.3,4.4,1.1477,0.0,1.507,0.593,122 335 165 168 276 211
glutamic,10,isoleucine,4,5,4,3,9.454,10.88,0.482,88.3,4.4,0.4071,0.0,1.201,1.901,127 352 171 172 263 209 358 183
glutamic,10,isoleucine,4,5,4,4,9.454,10.88,0.482,88.3,4.4,0.0,0.0,2.966,0.64,115 237 164 178 165 207 286 137 53 194
glutamic,10,isoleucine,4,5,5,1,9.454,9.052,0.482,92.2,96.7,1.77,0.0,2.583,0.818,62 63 183 182
glutamic,10,isoleucine,4,5,5,2,9.454,9.052,0.482,92.2,96.7,0.0,0.0,2.966,0.993,142 211 228 127 144 212
glutamic,10,isoleucine,4,5,5,3,9.454,9.052,0.482,92.2,96.7,0.0,0.0,2.658,1.695,178 204 269 88 98 242 182 132
glutamic,10,isoleucine,4,5,5,4,9.454,9.052,0.482,92.2,96.7,0.0,0.0,2.966,2.643,178 184 200 143 136 235 229 126 142 199
glutamic,10,isoleucine,4,5,6,1,9.454,9.11,0.482,95.9,94.5,1.8443,0.0,2.747,0.809,113 291 172 175
glutamic,10,isoleucine,4,5,6,2,9.454,9.11,0.482,95.9,94.5,0.0,0.0,2.966,0.801,137 224 207 117 129 189
glutamic,10,isoleucine,4,5,6,3,9.454,9.11,0.482,95.9,94.5,0.0,0.0,2.966,1.587,147 191 206 136 139 259 244 160
glutamic,10,isoleucine,4,5,6,4,9.454,9.11,0.482,95.9,94.5,0.0,0.0,2.966,2.824,181 193 203 133 130 225 220 128 142 199
glutamic,10,isoleucine,4,6,4,1,9.454,9.852,0.482,132.4,16.6,2.5798,0.0,2.472,0.596,264 135 181 181
glutamic,10,isoleucine,4,6,4,2,9.454,9.852,0.482,132.4,16.6,0.6806,0.0,0.679,1.037,355 199 194 190 53 156
glutamic,10,isoleucine,4,6,4,3,9.454,9.852,0.482,132.4,16.6,0.0,0.0,1.163,1.205,360 167 202 185 82 152 2 188
glutamic,10,isoleucine,4,6,4,4,9.454,9.852,0.482,132.4,16.6,0.0,0.0,2.646,3.169,196 184 185 214 212 139 135 242 249 172
glutamic,10,isoleucine,4,6,5,1,9.454,8.102,0.482,134.4,95.9,0.9117,0.0,1.489,0.908,320 226 174 176
glutamic,10,isoleucine,4,6,5,2,9.454,8.102,0.482,134.4,95.9,0.0,0.0,1.625,1.217,265 224 125 324 65 351
glutamic,10,isoleucine,4,6,5,3,9.454,8.102,0.482,134.4,95.9,0.0,0.0,1.812,2.203,188 204 164 246 243 56 93 214
glutamic,10,isoleucine,4,6,5,4,9.454,8.102,0.482,134.4,95.9,0.0,0.0,2.051,3.235,162 202 178 218 231 126 133 243 226 159
glutamic,10,isoleucine,4,6,6,1,9.454,8.535,0.482,119.9,79.7,1.249,0.0,1.442,1.435,333 246 184 182
glutamic,10,isoleucine,4,6,6,2,9.454,8.535,0.482,119.9,79.7,0.0,0.0,2.646,0.584,218 124 163 276 305 164
glutamic,10,isoleucine,4,6,6,3,9.454,8.535,0.482,119.9,79.7,0.0,0.0,2.646,1.535,189 162 129 253 267 122 154 226
glutamic,10,isoleucine,4,6,6,4,9.454,8.535,0.482,119.9,79.7,0.0,0.0,2.646,1.516,180 179 150 215 238 123 126 309 288 154
glutamic,10,isoleucine,4,7,4,1,9.454,12.291,0.482,26.5,14.4,7.4285,0.0,3.896,2.264,231 360 181 358
glutamic,10,isoleucine,4,7,4,2,9.454,12.291,0.482,26.5,14.4,3.9404,0.0,2.871,0.675,230 1 157 40 190 187
glutamic,10,isoleucine,4,7,4,3,9.454,12.291,0.482,26.5,14.4,0.7871,0.0,1.184,1.565,239 1 146 67 191 187 244 213
glutamic,10,isoleucine,4,7,4,4,9.454,12.291,0.482,26.5,14.4,0.0,0.0,1.455,0.8,263 344 217 284 134 152 139 105 48 150
glutamic,10,isoleucine,4,7,5,1,9.454,10.508,0.482,31.5,97.5,5.4128,0.0,3.896,2.883,216 0 176 8
glutamic,10,isoleucine,4,7,5,2,9.454,10.508,0.482,31.5,97.5,1.917,0.0,3.082,1.373,220 359 205 316 165 170
glutamic,10,isoleucine,4,7,5,3,9.454,10.508,0.482,31.5,97.5,0.0,0.0,3.236,0.988,233 71 95 293 231 143 192 210
glutamic,10,isoleucine,4,7,5,4,9.454,10.508,0.482,31.5,97.5,0.0,0.0,1.913,1.871,269 28 64 309 275 110 134 209 195 172
glutamic,10,isoleucine,4,7,6,1,9.454,10.832,0.482,18.3,85.3,6.8314,0.0,3.896,2.949,215 0 179 2
glutamic,10,isoleucine,4,7,6,2,9.454,10.832,0.482,18.3,85.3,3.0318,0.0,3.693,0.511,217 360 181 359 176 175
glutamic,10,isoleucine,4,7,6,3,9.454,10.832,0.482,18.3,85.3,0.0,0.0,3.896,0.515,187 17 166 329 192 137 167 176
glutamic,10,isoleucine,4,7,6,4,9.454,10.832,0.482,18.3,85.3,0.0,0.0,3.415,4.055,317 56 142 295 183 112 157 203 191 168
glutamic,10,leucine,13,5,1,1,13.981,13.835,0.322,30.2,156.2,8.6792,0.0,2.966,1.547,118 360 192 330
glutamic,10,leucine,13,5,1,2,13.981,13.835,0.322,30.2,156.2,5.1302,0.0,2.966,0.58,118 360 151 57 178 179
glutamic,10,leucine,13,5,1,3,13.981,13.835,0.322,30.2,156.2,1.5777,0.0,2.966,0.665,120 359 207 307 161 169 159 162
glutamic,10,leucine,13,5,1,4,13.981,13.835,0.322,30.2,156.2,0.0,0.0,1.955,0.154,77 303 265 75 103 202 189 179 180 180
glutamic,10,leucine,13,5,2,1,13.981,16.227,0.322,28.2,48.1,11.1008,0.0,2.966,1.254,115 0 169 29
glutamic,10,leucine,13,5,2,2,13.981,16.227,0.322,28.2,48.1,7.5621,0.0,2.966,0.903,115 0 210 302 181 181
glutamic,10,leucine,13,5,2,3,13.981,16.227,0.322,28.2,48.1,3.9299,0.0,2.966,0.577,113 1 155 51 192 187 191 190
glutamic,10,leucine,13,5,2,4,13.981,16.227,0.322,28.2,48.1,0.6893,0.0,2.685,0.58,104 1 163 30 200 192 194 192 234 207
glutamic,10,leucine,13,5,13,1,13.981,15.699,0.322,35.3,70.1,10.1105,0.0,2.966,1.847,125 360 199 304
glutamic,10,leucine,13,5,13,2,13.981,15.699,0.322,35.3,70.1,6.6035,0.0,2.966,1.082,124 0 146 72 183 182
glutamic,10,leucine,13,5,13,3,13.981,15.699,0.322,35.3,70.1,2.8804,0.0,2.966,0.511,125 0 210 291 181 180 181 181
glutamic,10,leucine,13,5,13,4,13.981,15.699,0.322,35.3,70.1,0.0167,0.0,2.966,0.821,120 5 146 64 236 206 228 220 234 213
glutamic,10,leucine,13,6,1,1,13.981,11.382,0.322,136.6,155.0,4.1979,0.0,2.365,0.745,29 145 175 177
glutamic,10,leucine,13,6,1,2,13.981,11.382,0.322,136.6,155.0,0.6146,0.0,2.646,1.36,83 209 179 179 167 169
glutamic,10,leucine,13,6,1,3,13.981,11.382,0.322,136.6,155.0,0.0,0.0,2.646,1.637,134 181 182 144 147 229 221 170
glutamic,10,leucine,13,6,1,4,13.981,11.382,0.322,136.6,155.0,0.0,0.0,2.463,1.087,193 163 194 131 110 232 213 150 193 216
glutamic,10,leucine,13,6,2,1,13.981,13.788,0.322,134.3,46.6,6.5737,0.0,2.646,1.426,89 220 186 184
glutamic,10,leucine,13,6,2,2,13.981,13.788,0.322,134.3,46.6,2.8192,0.0,2.404,0.85,30 143 184 182 184 184
glutamic,10,leucine,13,6,2,3,13.981,13.788,0.322,134.3,46.6,0.1857,0.0,2.646,1.044,89 242 189 185 186 186 87 152
glutamic,10,leucine,13,6,2,4,13.981,13.788,0.322,134.3,46.6,0.0,0.0,2.646,3.204,137 202 202 141 134 186 187 98 94 182
glutamic,10,leucine,13,6,13,1,13.981,13.234,0.322,142.6,69.8,5.9732,0.0,2.646,1.066,44 158 179 179
glutamic,10,leucine,13,6,13,2,13.981,13.234,0.322,142.6,69.8,2.2917,0.0,2.646,1.594,76 191 194 189 188 186
glutamic,10,leucine,13,6,13,3,13.981,13.234,0.322,142.6,69.8,0.0,0.0,2.646,2.029,120 185 178 154 160 209 206 177
glutamic,10,leucine,13,6,13,4,13.981,13.234,0.322,142.6,69.8,0.0,0.0,2.463,3.235,161 170 178 146 143 217 210 147 158 192
glutamic,10,leucine,13,7,1,1,13.981,12.63,0.322,83.0,164.6,5.4189,0.0,3.896,2.334,250 41 182 181
glutamic,10,leucine,13,7,1,2,13.981,12.63,0.322,83.0,164.6,1.8319,0.0,3.896,1.458,292 324 178 179 177 177
glutamic,10,leucine,13,7,1,3,13.981,12.63,0.322,83.0,164.6,0.0,0.0,2.987,1.12,215 54 229 225 228 207 95 120
glutamic,10,leucine,13,7,1,4,13.981,12.63,0.322,83.0,164.6,0.0,0.0,3.896,3.582,199 151 149 218 216 150 156 219 211 169
glutamic,10,leucine,13,7,2,1,13.981,14.964,0.322,84.5,53.6,7.7203,0.0,3.896,2.512,250 46 183 182
glutamic,10,leucine,13,7,2,2,13.981,14.964,0.322,84.5,53.6,4.0104,0.0,3.896,1.405,296 321 178 179 178 178
glutamic,10,leucine,13,7,2,3,13.981,14.964,0.322,84.5,53.6,0.476,0.0,3.351,1.774,303 314 182 181 182 181 163 170
glutamic,10,leucine,13,7,2,4,13.981,14.964,0.322,84.5,53.6,0.0,0.0,3.486,4.939,255 134 148 192 183 140 143 209 209 178
glutamic,10,leucine,13,7,13,1,13.981,14.534,0.322,84.9,71.0,7.2897,0.0,3.896,2.602,292 313 177 178
glutamic,10,leucine,13,7,13,2,13.981,14.534,0.322,84.9,71.0,3.5743,0.0,3.896,1.944,246 39 182 181 182 182
glutamic,10,leucine,13,7,13,3,13.981,14.534,0.322,84.9,71.0,0.0814,0.0,3.268,1.64,237 49 169 175 174 174 212 198
glutamic,10,leucine,13,7,13,4,13.981,14.534,0.322,84.9,71.0,0.0,0.0,3.896,4.161,203 145 150 216 210 157 165 208 202 173
glutamic,10,serine,31,5,3,1,9.714,10.46,-0.997,108.8,19.9,3.2196,0.0,2.966,0.837,115 265 185 183
glutamic,10,serine,31,5,3,2,9.714,10.46,-0.997,108.8,19.9,0.7808,0.0,1.981,1.94,35 51 208 199 76 147
glutamic,10,serine,31,5,3,3,9.714,10.46,-0.997,108.8,19.9,0.043,0.0,1.454,2.692,37 20 211 210 78 150 6 162
glutamic,10,serine,31,5,3,4,9.714,10.46,-0.997,108.8,19.9,0.0,0.0,2.966,1.947,164 273 147 143 99 83 347 241 322 200
glutamic,10,serine,31,5,4,1,9.714,8.925,-0.997,118.0,89.3,1.6361,0.0,2.966,0.983,110 250 181 180
glutamic,10,serine,31,5,4,2,9.714,8.925,-0.997,118.0,89.3,0.0,0.0,2.966,0.827,107 156 237 98 226 285
glutamic,10,serine,31,5,4,3,9.714,8.925,-0.997,118.0,89.3,0.0,0.0,2.966,1.984,145 173 193 131 136 276 256 157
glutamic,10,serine,31,5,4,4,9.714,8.925,-0.997,118.0,89.3,0.0,0.0,2.966,3.015,176 174 190 141 134 230 221 121 138 199
glutamic,10,serine,31,5,5,1,9.714,8.104,-0.997,103.9,123.4,0.8497,0.0,2.966,0.735,115 270 191 187
glutamic,10,serine,31,5,5,2,9.714,8.104,-0.997,103.9,123.4,0.0,0.0,2.966,0.6,163 266 174 33 114 155
glutamic,10,serine,31,5,5,3,9.714,8.104,-0.997,103.9,123.4,0.0,0.0,2.966,1.257,180 204 231 104 105 243 212 145
glutamic,10,serine,31,5,5,4,9.714,8.104,-0.997,103.9,123.4,0.0,0.0,2.966,1.411,188 210 221 123 123 223 221 93 98 202
glutamic,10,serine,31,6,3,1,9.714,10.37,-0.997,112.6,31.7,3.1027,0.0,2.535,0.895,245 100 183 182
glutamic,10,serine,31,6,3,2,9.714,10.37,-0.997,112.6,31.7,0.5495,0.0,1.454,1.563,337 243 163 170 87 146
glutamic,10,serine,31,6,3,3,9.714,10.37,-0.997,112.6,31.7,0.0,0.0,2.508,0.61,267 193 100 104 288 216 337 122
glutamic,10,serine,31,6,3,4,9.714,10.37,-0.997,112.6,31.7,0.0,0.0,2.646,2.676,218 177 182 202 194 133 125 246 259 178
glutamic,10,serine,31,6,4,1,9.714,9.359,-0.997,99.8,75.7,2.0774,0.0,2.524,0.724,244 80 176 178
glutamic,10,serine,31,6,4,2,9.714,9.359,-0.997,99.8,75.7,0.0,0.0,2.615,0.797,262 285 328 248 72 178
glutamic,10,serine,31,6,4,3,9.714,9.359,-0.997,99.8,75.7,0.0,0.0,2.646,0.946,197 131 111 283 275 121 154 222
glutamic,10,serine,31,6,4,4,9.714,9.359,-0.997,99.8,75.7,0.0,0.0,2.646,1.847,180 150 138 230 233 143 150 266 255 163
glutamic,10,serine,31,6,5,1,9.714,7.904,-0.997,112.3,138.2,0.647,0.0,2.468,0.83,247 97 186 184
glutamic,10,serine,31,6,5,2,9.714,7.904,-0.997,112.3,138.2,0.0,0.0,2.646,1.011,218 178 129 252 225 121
glutamic,10,serine,31,6,5,3,9.714,7.904,-0.997,112.3,138.2,0.0,0.0,2.646,1.811,202 192 156 247 230 62 106 211
glutamic,10,serine,31,6,5,4,9.714,7.904,-0.997,112.3,138.2,0.0,0.0,2.646,2.636,191 190 177 225 226 113 122 239 230 167
glutamic,10,serine,31,7,3,1,9.714,12.49,-0.997,18.4,26.0,8.2684,0.0,3.896,3.594,185 360 181 359
glutamic,10,serine,31,7,3,2,9.714,12.49,-0.997,18.4,26.0,4.6359,0.0,3.896,1.038,184 0 173 10 186 185
glutamic,10,serine,31,7,3,3,9.714,12.49,-0.997,18.4,26.0,1.0984,0.0,3.896,0.764,193 1 169 16 204 198 207 199
glutamic,10,serine,31,7,3,4,9.714,12.49,-0.997,18.4,26.0,0.0,0.0,3.896,0.796,229 2 156 45 192 178 223 188 44 164
glutamic,10,serine,31,7,4,1,9.714,11.175,-0.997,18.6,84.6,7.0746,0.0,3.896,4.065,151 0 179 1
glutamic,10,serine,31,7,4,2,9.714,11.175,-0.997,18.6,84.6,3.3683,0.0,3.896,1.224,155 359 185 354 170 171
glutamic,10,serine,31,7,4,3,9.714,11.175,-0.997,18.6,84.6,0.0,0.0,3.896,0.801,163 357 178 327 191 138 184 185
glutamic,10,serine,31,7,4,4,9.714,11.175,-0.997,18.6,84.6,0.0,0.0,3.896,1.746,68 311 270 72 112 247 227 181 189 184
glutamic,10,serine,31,7,5,1,9.714,10.049,-0.997,17.3,132.2,6.2508,0.0,3.896,3.485,192 360 181 359
glutamic,10,serine,31,7,5,2,9.714,10.049,-0.997,17.3,132.2,2.4909,0.0,3.896,0.919,190 0 180 0 196 208
glutamic,10,serine,31,7,5,3,9.714,10.049,-0.997,17.3,132.2,0.0,0.0,3.896,0.468,258 340 171 17 137 109 177 175
glutamic,10,serine,31,7,5,4,9.714,10.049,-0.997,17.3,132.2,0.0,0.0,3.896,1.388,280 31 110 290 226 140 155 220 239 196
glutamic,10,tryptophan,5,5,16,1,7.297,6.051,0.952,147.4,75.0,0.0,0.0,2.072,2.662,151 258 58 87
glutamic,10,tryptophan,5,5,16,2,7.297,6.051,0.952,147.4,75.0,0.0,0.0,1.412,0.804,65 101 248 229 299 29
glutamic,10,tryptophan,5,5,16,3,7.297,6.051,0.952,147.4,75.0,0.0,0.0,0.661,1.519,27 153 196 186 319 321 307 274
glutamic,10,tryptophan,5,5,16,4,7.297,6.051,0.952,147.4,75.0,0.0,0.0,2.059,3.143,121 88 141 171 102 305 277 359 157 306
glutamic,10,tryptophan,5,5,17,1,7.297,5.256,0.952,150.5,105.1,0.0,0.0,2.072,4.203,206 282 51 36
glutamic,10,tryptophan,5,5,17,2,7.297,5.256,0.952,150.5,105.1,0.0,0.0,1.803,4.203,304 139 260 67 104 340
glutamic,10,tryptophan,5,5,17,3,7.297,5.256,0.952,150.5,105.1,0.0,0.0,1.902,4.203,299 135 237 229 25 1 92 46
glutamic,10,tryptophan,5,5,17,4,7.297,5.256,0.952,150.5,105.1,0.0,0.0,2.072,4.203,265 259 204 215 306 80 50 319 229 61
glutamic,10,tryptophan,5,5,18,1,7.297,7.31,0.952,161.1,14.9,1.2493,0.0,2.072,4.203,202 153 245 286
glutamic,10,tryptophan,5,5,18,2,7.297,7.31,0.952,161.1,14.9,0.3866,0.0,2.072,4.203,239 119 281 213 346 247
glutamic,10,tryptophan,5,5,18,3,7.297,7.31,0.952,161.1,14.9,0.0,0.0,0.89,3.83,25 209 160 205 313 153 6 138
glutamic,10,tryptophan,5,5,18,4,7.297,7.31,0.952,161.1,14.9,0.0,0.0,1.905,2.946,108 120 122 157 127 258 282 64 99 216
glutamic,10,tryptophan,5,6,16,1,7.297,7.408,0.952,83.2,92.6,0.1429,0.0,2.313,2.259,253 321 164 168
glutamic,10,tryptophan,5,6,16,2,7.297,7.408,0.952,83.2,92.6,0.0,0.0,2.646,3.235,165 152 88 291 271 153
glutamic,10,tryptophan,5,6,16,3,7.297,7.408,0.952,83.2,92.6,0.0,0.0,2.646,3.235,164 283 338 253 342 331 50 67
glutamic,10,tryptophan,5,6,16,4,7.297,7.408,0.952,83.2,92.6,0.0,0.0,2.646,2.012,218 179 136 188 226 99 91 277 236 128
glutamic,10,tryptophan,5,6,17,1,7.297,7.097,0.952,66.2,104.7,0.1267,0.0,1.96,3.056,215 1 204 246
glutamic,10,tryptophan,5,6,17,2,7.297,7.097,0.952,66.2,104.7,0.0,0.0,2.646,2.838,225 215 268 91 186 324
glutamic,10,tryptophan,5,6,17,3,7.297,7.097,0.952,66.2,104.7,0.0,0.0,2.646,1.043,241 92 354 304 274 53 215 326
glutamic,10,tryptophan,5,6,17,4,7.297,7.097,0.952,66.2,104.7,0.0,0.0,0.893,2.165,304 82 101 250 247 95 102 228 208 155
glutamic,10,tryptophan,5,6,18,1,7.297,9.148,0.952,71.0,6.9,1.9446,0.0,1.972,2.801,226 358 167 161
glutamic,10,tryptophan,5,6,18,2,7.297,9.148,0.952,71.0,6.9,0.7265,0.0,2.646,3.235,179 20 208 198 14 172
glutamic,10,tryptophan,5,6,18,3,7.297,9.148,0.952,71.0,6.9,0.1048,0.0,2.646,3.235,169 12 188 186 58 155 1 174
glutamic,10,tryptophan,5,6,18,4,7.297,9.148,0.952,71.0,6.9,0.0,0.0,2.646,0.86,229 126 131 183 200 130 103 261 278 148
glutamic,10,tryptophan,5,7,16,1,7.297,7.907,0.952,64.8,78.1,0.9807,0.0,2.39,5.45,147 1 164 118
glutamic,10,tryptophan,5,7,16,2,7.297,7.907,0.952,64.8,78.1,0.0,0.0,3.662,5.62,201 240 238 87 105 159
glutamic,10,tryptophan,5,7,16,3,7.297,7.907,0.952,64.8,78.1,0.0,0.0,3.896,5.464,213 220 218 140 117 256 236 142
glutamic,10,tryptophan,5,7,16,4,7.297,7.907,0.952,64.8,78.1,0.0,0.0,1.465,1.677,65 315 240 32 144 338 267 108 98 189
glutamic,10,tryptophan,5,7,17,1,7.297,6.799,0.952,77.2,123.0,0.0836,0.0,2.897,5.304,163 350 114 110
glutamic,10,tryptophan,5,7,17,2,7.297,6.799,0.952,77.2,123.0,0.0,0.0,3.72,5.111,198 333 130 124 61 285
glutamic,10,tryptophan,5,7,17,3,7.297,6.799,0.952,77.2,123.0,0.0,0.0,2.695,5.624,77 247 304 146 118 260 219 121
glutamic,10,tryptophan,5,7,17,4,7.297,6.799,0.952,77.2,123.0,0.0,0.0,3.686,5.624,88 239 271 167 134 264 261 41 85 227
glutamic,10,tryptophan,5,7,18,1,7.297,9.136,0.952,71.5,22.0,1.9564,0.0,2.201,5.622,140 353 166 164
glutamic,10,tryptophan,5,7,18,2,7.297,9.136,0.952,71.5,22.0,0.4108,0.0,3.72,5.624,88 74 167 173 339 192
glutamic,10,tryptophan,5,7,18,3,7.297,9.136,0.952,71.5,22.0,0.0,0.0,3.896,5.624,168 210 236 171 110 230 278 151
glutamic,10,tryptophan,5,7,18,4,7.297,9.136,0.952,71.5,22.0,0.0,0.0,2.629,5.624,113 235 246 166 158 238 234 108 127 204
glutamic,10,lysine,8,5,13,1,10.985,11.143,0.519,131.0,38.4,3.877,0.0,2.379,1.302,37 133 181 181
glutamic,10,lysine,8,5,13,2,10.985,11.143,0.519,131.0,38.4,0.6679,0.0,2.357,0.737,109 214 165 173 121 143
glutamic,10,lysine,8,5,13,3,10.985,11.143,0.519,131.0,38.4,0.0,0.0,2.857,3.495,139 178 184 149 151 238 231 168
glutamic,10,lysine,8,5,13,4,10.985,11.143,0.519,131.0,38.4,0.0,0.0,2.718,4.203,178 171 185 141 137 222 214 135 148 194
glutamic,10,lysine,8,5,14,1,10.985,10.563,0.519,119.4,64.1,3.3254,0.0,2.966,1.083,104 246 189 186
glutamic,10,lysine,8,5,14,2,10.985,10.563,0.519,119.4,64.1,0.0928,0.0,2.364,1.979,25 90 180 180 112 146
glutamic,10,lysine,8,5,14,3,10.985,10.563,0.519,119.4,64.1,0.0,0.0,2.966,0.742,129 240 235 58 55 238 226 149
glutamic,10,lysine,8,5,14,4,10.985,10.563,0.519,119.4,64.1,0.0,0.0,2.966,2.381,166 199 215 137 125 215 218 72 75 190
glutamic,10,lysine,8,5,15,1,10.985,8.793,0.519,126.8,138.5,1.5533,0.0,2.379,1.31,37 126 176 178
glutamic,10,lysine,8,5,15,2,10.985,8.793,0.519,126.8,138.5,0.0,0.0,2.571,1.479,115 177 241 340 8 245
glutamic,10,lysine,8,5,15,3,10.985,8.793,0.519,126.8,138.5,0.0,0.0,2.895,2.339,159 169 191 131 136 266 241 154
glutamic,10,lysine,8,5,15,4,10.985,8.793,0.519,126.8,138.5,0.0,0.0,2.966,2.623,195 176 206 142 122 221 209 103 132 207
glutamic,10,lysine,8,6,13,1,10.985,11.962,0.519,95.5,37.0,4.7123,0.0,1.682,0.728,305 291 177 178
glutamic,10,lysine,8,6,13,2,10.985,11.962,0.519,95.5,37.0,1.0187,0.0,1.766,0.734,300 293 170 175 168 169
glutamic,10,lysine,8,6,13,3,10.985,11.962,0.519,95.5,37.0,0.0106,0.0,2.646,1.793,213 81 229 199 235 220 41 154
glutamic,10,lysine,8,6,13,4,10.985,11.962,0.519,95.5,37.0,0.0,0.0,2.646,3.085,191 161 154 215 215 148 155 228 218 168
glutamic,10,lysine,8,6,14,1,10.985,11.082,0.519,97.9,74.7,3.8223,0.0,2.4,0.7,248 74 184 183
glutamic,10,lysine,8,6,14,2,10.985,11.082,0.519,97.9,74.7,0.1603,0.0,2.24,0.635,252 76 189 186 202 198
glutamic,10,lysine,8,6,14,3,10.985,11.082,0.519,97.9,74.7,0.0,0.0,2.646,0.625,241 162 159 206 198 106 112 188
glutamic,10,lysine,8,6,14,4,10.985,11.082,0.519,97.9,74.7,0.0,0.0,2.646,3.044,196 170 163 222 221 132 139 218 205 165
glutamic,10,lysine,8,6,15,1,10.985,9.496,0.519,96.5,144.5,2.2989,0.0,1.668,0.644,306 291 172 175
glutamic,10,lysine,8,6,15,2,10.985,9.496,0.519,96.5,144.5,0.0,0.0,0.785,2.073,296 38 91 172 235 133
glutamic,10,lysine,8,6,15,3,10.985,9.496,0.519,96.5,144.5,0.0,0.0,2.646,1.704,220 167 154 204 240 105 46 146
glutamic,10,lysine,8,6,15,4,10.985,9.496,0.519,96.5,144.5,0.0,0.0,2.646,2.847,190 174 163 214 217 130 135 237 227 166
glutamic,10,lysine,8,7,13,1,10.985,13.537,0.519,27.7,38.1,8.5136,0.0,3.896,4.282,142 360 182 356
glutamic,10,lysine,8,7,13,2,10.985,13.537,0.519,27.7,38.1,5.0424,0.0,3.896,1.889,140 1 153 48 189 186
glutamic,10,lysine,8,7,13,3,10.985,13.537,0.519,27.7,38.1,1.2826,0.0,2.774,0.796,140 1 159 41 194 188 189 188
glutamic,10,lysine,8,7,13,4,10.985,13.537,0.519,27.7,38.1,0.0,0.0,3.08,3.32,118 355 197 121 88 173 211 166 106 165
glutamic,10,lysine,8,7,14,1,10.985,12.845,0.519,17.3,68.6,8.7151,0.0,3.896,4.252,143 360 181 359
glutamic,10,lysine,8,7,14,2,10.985,12.845,0.519,17.3,68.6,4.9977,0.0,3.896,1.119,142 0 176 6 181 181
glutamic,10,lysine,8,7,14,3,10.985,12.845,0.519,17.3,68.6,1.3703,0.0,2.928,1.174,143 360 181 359 154 155 177 178
glutamic,10,lysine,8,7,14,4,10.985,12.845,0.519,17.3,68.6,0.0,0.0,3.896,0.589,196 5 196 11 163 233 175 153 133 140
glutamic,10,lysine,8,7,15,1,10.985,11.142,0.519,25.8,141.0,6.4465,0.0,3.896,4.15,147 360 182 357
glutamic,10,lysine,8,7,15,2,10.985,11.142,0.519,25.8,141.0,2.8875,0.0,3.896,1.301,144 0 162 32 186 184
glutamic,10,lysine,8,7,15,3,10.985,11.142,0.519,25.8,141.0,0.0,0.0,2.795,0.775,132 333 205 37 153 234 80 138
glutamic,10,lysine,8,7,15,4,10.985,11.142,0.519,25.8,141.0,0.0,0.0,2.743,1.32,66 315 280 71 105 247 228 180 188 182
glutamic,10,aspartic,8,5,3,1,11.871,11.259,0.513,102.6,91.4,3.9906,0.0,2.946,1.475,85 83 180 180
glutamic,10,aspartic,8,5,3,2,11.871,11.259,0.513,102.6,91.4,0.3506,0.0,2.116,1.705,88 86 153 168 163 164
glutamic,10,aspartic,8,5,3,3,11.871,11.259,0.513,102.6,91.4,0.0,0.0,2.425,4.203,172 190 210 155 157 240 227 163
glutamic,10,aspartic,8,5,3,4,11.871,11.259,0.513,102.6,91.4,0.0,0.0,2.966,4.203,208 187 210 146 141 214 206 127 140 195
glutamic,10,aspartic,8,5,4,1,11.871,12.746,0.513,107.7,26.8,5.5232,0.0,2.966,1.884,151 269 176 177
glutamic,10,aspartic,8,5,4,2,11.871,12.746,0.513,107.7,26.8,1.7583,0.0,0.981,1.25,80 90 181 181 181 181
glutamic,10,aspartic,8,5,4,3,11.871,12.746,0.513,107.7,26.8,0.2453,0.0,0.46,1.882,142 236 169 174 167 167 336 191
glutamic,10,aspartic,8,5,4,4,11.871,12.746,0.513,107.7,26.8,0.0,0.0,2.571,4.183,173 195 197 170 168 206 213 116 108 184
glutamic,10,aspartic,8,5,5,1,11.871,11.573,0.513,97.6,79.7,4.31,0.0,2.966,1.746,145 285 183 182
glutamic,10,aspartic,8,5,5,2,11.871,11.573,0.513,97.6,79.7,0.5939,0.0,1.353,1.073,81 71 172 176 174 175
glutamic,10,aspartic,8,5,5,3,11.871,11.573,0.513,97.6,79.7,0.0,0.0,2.288,2.328,176 263 223 42 80 217 214 168
glutamic,10,aspartic,8,5,5,4,11.871,11.573,0.513,97.6,79.7,0.0,0.0,1.82,0.319,153 180 224 119 115 318 292 98 133 216
glutamic,10,aspartic,8,6,3,1,11.871,10.519,0.513,137.2,94.0,3.2486,0.0,2.507,1.571,267 215 182 181
glutamic,10,aspartic,8,6,3,2,11.871,10.519,0.513,137.2,94.0,0.0,0.0,2.646,3.011,201 174 171 207 202 169
glutamic,10,aspartic,8,6,3,3,11.871,10.519,0.513,137.2,94.0,0.0,0.0,2.646,3.235,188 208 175 217 216 74 80 191
glutamic,10,aspartic,8,6,3,4,11.871,10.519,0.513,137.2,94.0,0.0,0.0,2.646,3.235,160 208 180 202 214 126 130 235 222 163
glutamic,10,aspartic,8,6,4,1,11.871,12.198,0.513,133.1,15.8,4.9944,0.0,2.646,1.398,216 138 176 178
glutamic,10,aspartic,8,6,4,2,11.871,12.198,0.513,133.1,15.8,1.3625,0.0,0.642,1.404,218 136 157 166 155 160
glutamic,10,aspartic,8,6,4,3,11.871,12.198,0.513,133.1,15.8,0.3415,0.0,0.18,1.366,214 94 168 173 142 153 353 185
glutamic,10,aspartic,8,6,4,4,11.871,12.198,0.513,133.1,15.8,0.0,0.0,2.646,2.427,244 207 220 161 188 191 33 146 37 185
glutamic,10,aspartic,8,6,5,1,11.871,10.637,0.513,141.5,89.5,3.3624,0.0,2.646,1.105,232 155 180 180
glutamic,10,aspartic,8,6,5,2,11.871,10.637,0.513,141.5,89.5,0.0,0.0,2.14,1.529,255 193 187 222 131 118
glutamic,10,aspartic,8,6,5,3,11.871,10.637,0.513,141.5,89.5,0.0,0.0,2.646,3.235,205 200 190 217 209 85 89 186
glutamic,10,aspartic,8,6,5,4,11.871,10.637,0.513,141.5,89.5,0.0,0.0,2.646,3.235,180 207 181 196 211 132 135 242 227 160
glutamic,10,aspartic,8,7,3,1,11.871,12.501,0.513,54.9,99.2,5.9622,0.0,3.896,4.545,197 1 207 248
glutamic,10,aspartic,8,7,3,2,11.871,12.501,0.513,54.9,99.2,2.4192,0.0,3.461,3.951,196 1 142 103 191 186
glutamic,10,aspartic,8,7,3,3,11.871,12.501,0.513,54.9,99.2,0.0,0.0,2.746,4.462,185 95 121 241 212 169 182 184
glutamic,10,aspartic,8,7,3,4,11.871,12.501,0.513,54.9,99.2,0.0,0.0,3.253,2.822,276 42 75 280 250 150 161 189 191 183
glutamic,10,aspartic,8,7,4,1,11.871,14.266,0.513,48.0,19.6,8.006,0.0,3.896,4.193,195 360 155 93
glutamic,10,aspartic,8,7,4,2,11.871,14.266,0.513,48.0,19.6,4.4778,0.0,3.116,3.397,195 360 218 265 178 179
glutamic,10,aspartic,8,7,4,3,11.871,14.266,0.513,48.0,19.6,1.057,0.0,1.868,4.005,183 1 223 252 188 185 143 154
glutamic,10,aspartic,8,7,4,4,11.871,14.266,0.513,48.0,19.6,0.0783,0.0,1.862,5.017,164 3 225 237 192 189 139 153 6 175
glutamic,10,aspartic,8,7,5,1,11.871,12.886,0.513,45.9,84.7,6.7639,0.0,3.896,3.822,207 360 204 279
glutamic,10,aspartic,8,7,5,2,11.871,12.886,0.513,45.9,84.7,3.2119,0.0,2.981,2.806,207 360 142 89 180 180
glutamic,10,aspartic,8,7,5,3,11.871,12.886,0.513,45.9,84.7,0.0,0.0,2.307,2.797,233 316 178 105 145 189 183 186
glutamic,10,aspartic,8,7,5,4,11.871,12.886,0.513,45.9,84.7,0.0,0.0,2.241,1.962,278 50 93 269 235 138 146 165 173 189
glutamic,10,serine,20,5,3,1,6.244,8.054,0.148,60.6,43.1,1.2931,0.0,2.966,2.951,139 0 159 101
glutamic,10,serine,20,5,3,2,6.244,8.054,0.148,60.6,43.1,0.0,0.0,2.928,0.93,119 286 260 125 88 155
glutamic,10,serine,20,5,3,3,6.244,8.054,0.148,60.6,43.1,0.0,0.0,1.724,0.535,67 354 281 69 92 240 258 202
glutamic,10,serine,20,5,3,4,6.244,8.054,0.148,60.6,43.1,0.0,0.0,1.454,0.775,50 358 319 45 79 268 243 136 152 194
glutamic,10,serine,20,5,4,1,6.244,6.589,0.148,62.1,99.9,0.0,0.0,2.966,4.115,172 338 209 284
glutamic,10,serine,20,5,4,2,6.244,6.589,0.148,62.1,99.9,0.0,0.0,2.966,1.473,124 298 341 322 142 345
glutamic,10,serine,20,5,4,3,6.244,6.589,0.148,62.1,99.9,0.0,0.0,1.761,0.463,70 335 299 69 106 259 232 159
glutamic,10,serine,20,5,4,4,6.244,6.589,0.148,62.1,99.9,0.0,0.0,1.597,0.694,57 356 317 64 109 253 217 116 134 191
glutamic,10,serine,20,5,5,1,6.244,5.951,0.148,50.3,129.0,0.357,0.0,2.966,2.778,136 5 168 7
glutamic,10,serine,20,5,5,2,6.244,5.951,0.148,50.3,129.0,0.0,0.0,2.66,0.629,108 289 323 5 118 326
glutamic,10,serine,20,5,5,3,6.244,5.951,0.148,50.3,129.0,0.0,0.0,1.239,0.633,45 327 293 72 104 268 239 155
glutamic,10,serine,20,5,5,4,6.244,5.951,0.148,50.3,129.0,0.0,0.0,1.092,0.403,29 355 312 62 96 257 235 120 136 195
glutamic,10,serine,20,6,3,1,6.244,6.0,0.148,156.0,39.3,0.9025,0.0,2.646,3.229,179 128 279 326
glutamic,10,serine,20,6,3,2,6.244,6.0,0.148,156.0,39.3,0.0,0.0,2.646,1.571,249 179 215 262 298 339
glutamic,10,serine,20,6,3,3,6.244,6.0,0.148,156.0,39.3,0.0,0.0,1.489,0.571,342 120 200 141 85 270 236 107
glutamic,10,serine,20,6,3,4,6.244,6.0,0.148,156.0,39.3,0.0,0.0,2.038,0.369,15 119 154 157 111 241 286 65 82 242
glutamic,10,serine,20,6,4,1,6.244,4.883,0.148,132.6,82.1,0.0,0.0,2.646,3.235,179 89 319 26
glutamic,10,serine,20,6,4,2,6.244,4.883,0.148,132.6,82.1,0.0,0.0,2.646,1.398,232 118 319 45 109 323
glutamic,10,serine,20,6,4,3,6.244,4.883,0.148,132.6,82.1,0.0,0.0,2.121,0.483,284 175 250 87 71 300 230 103
glutamic,10,serine,20,6,4,4,6.244,4.883,0.148,132.6,82.1,0.0,0.0,1.479,0.497,321 178 253 82 46 307 285 19 82 230
glutamic,10,serine,20,6,5,1,6.244,3.672,0.148,156.3,137.7,1.3564,0.0,2.646,3.235,115 305 38 0
glutamic,10,serine,20,6,5,2,6.244,3.672,0.148,156.3,137.7,0.2229,0.0,2.646,2.16,239 20 359 352 192 360
glutamic,10,serine,20,6,5,3,6.244,3.672,0.148,156.3,137.7,0.0,0.0,2.245,0.643,252 92 270 125 39 331 250 39
glutamic,10,serine,20,6,5,4,6.244,3.672,0.148,156.3,137.7,0.0,0.0,2.646,0.742,48 221 196 97 50 272 257 48 135 259
glutamic,10,serine,20,7,3,1,6.244,7.594,0.148,77.9,25.2,1.0953,0.0,3.896,4.342,206 352 264 242
glutamic,10,serine,20,7,3,2,6.244,7.594,0.148,77.9,25.2,0.3696,0.0,3.896,4.422,180 343 270 240 343 228
glutamic,10,serine,20,7,3,3,6.244,7.594,0.148,77.9,25.2,0.0,0.0,3.896,4.338,136 96 149 293 247 142 57 129
glutamic,10,serine,20,7,3,4,6.244,7.594,0.148,77.9,25.2,0.0,0.0,3.896,4.008,193 150 147 178 222 148 90 260 263 95
glutamic,10,serine,20,7,4,1,6.244,5.828,0.148,90.0,98.7,0.0,0.0,3.896,4.758,229 131 41 257
glutamic,10,serine,20,7,4,2,6.244,5.828,0.148,90.0,98.7,0.0,0.0,3.896,5.043,283 117 328 336 277 256
glutamic,10,serine,20,7,4,3,6.244,5.828,0.148,90.0,98.7,0.0,0.0,3.896,5.624,192 238 73 157 326 36 90 26
glutamic,10,serine,20,7,4,4,6.244,5.828,0.148,90.0,98.7,0.0,0.0,3.896,5.624,194 186 136 173 243 107 58 334 250 47
glutamic,10,serine,20,7,5,1,6.244,5.385,0.148,71.5,117.6,0.0,0.0,3.896,2.614,265 44 90 337
glutamic,10,serine,20,7,5,2,6.244,5.385,0.148,71.5,117.6,0.0,0.0,3.896,2.221,297 83 48 285 229 83
glutamic,10,serine,20,7,5,3,6.244,5.385,0.148,71.5,117.6,0.0,0.0,3.896,1.28,325 64 26 300 297 18 93 273
glutamic,10,serine,20,7,5,4,6.244,5.385,0.148,71.5,117.6,0.0,0.0,3.896,2.809,12 48 16 268 273 55 122 37 292 140
serine,20,arginine,3,3,16,1,7.901,8.37,0.145,88.9,69.3,1.0932,0.0,4.045,1.41,267 298 189 185
serine,20,arginine,3,3,16,2,7.901,8.37,0.145,88.9,69.3,0.0,0.0,4.783,2.234,186 161 116 242 220 137
serine,20,arginine,3,3,16,3,7.901,8.37,0.145,88.9,69.3,0.0,0.0,4.275,1.146,151 183 103 247 227 104 189 236
serine,20,arginine,3,3,16,4,7.901,8.37,0.145,88.9,69.3,0.0,0.0,4.962,3.376,183 193 150 200 221 112 118 250 225 154
serine,20,arginine,3,3,17,1,7.901,9.084,0.145,84.0,39.3,1.7988,0.0,3.535,1.648,223 49 177 178
serine,20,arginine,3,3,17,2,7.901,9.084,0.145,84.0,39.3,0.096,0.0,3.399,0.671,305 298 188 185 325 197
serine,20,arginine,3,3,17,3,7.901,9.084,0.145,84.0,39.3,0.0,0.0,4.101,2.973,227 184 102 189 254 109 61 243
serine,20,arginine,3,3,17,4,7.901,9.084,0.145,84.0,39.3,0.0,0.0,4.408,3.376,193 176 155 204 215 122 123 242 228 160
serine,20,arginine,3,3,18,1,7.901,6.624,0.145,85.5,147.6,0.0,0.0,3.365,1.32,218 6 269 252
serine,20,arginine,3,3,18,2,7.901,6.624,0.145,85.5,147.6,0.0,0.0,4.226,1.971,189 182 85 260 238 108
serine,20,arginine,3,3,18,3,7.901,6.624,0.145,85.5,147.6,0.0,0.0,4.36,3.125,168 184 123 246 262 58 91 230
serine,20,arginine,3,3,18,4,7.901,6.624,0.145,85.5,147.6,0.0,0.0,4.224,3.376,183 187 156 212 236 107 109 256 229 149
serine,20,arginine,3,4,16,1,7.901,9.323,0.145,52.5,68.2,2.972,0.0,4.542,0.731,149 0 205 273
serine,20,arginine,3,4,16,2,7.901,9.323,0.145,52.5,68.2,0.0,0.0,4.034,1.014,182 326 150 92 140 149
serine,20,arginine,3,4,16,3,7.901,9.323,0.145,52.5,68.2,0.0,0.0,4.296,0.841,113 298 310 84 68 216 232 168
serine,20,arginine,3,4,16,4,7.901,9.323,0.145,52.5,68.2,0.0,0.0,4.041,0.891,85 297 357 47 42 3 268 173 261 244
serine,20,arginine,3,4,17,1,7.901,10.133,0.145,42.0,31.8,4.4364,0.0,4.008,1.262,136 0 158 57
serine,20,arginine,3,4,17,2,7.901,10.133,0.145,42.0,31.8,1.1248,0.0,0.845,1.432,119 1 158 50 214 194
serine,20,arginine,3,4,17,3,7.901,10.133,0.145,42.0,31.8,0.1746,0.0,0.934,2.035,95 1 154 56 192 187 9 175
serine,20,arginine,3,4,17,4,7.901,10.133,0.145,42.0,31.8,0.0,0.0,1.923,2.692,53 319 215 91 161 229 230 168 109 132
serine,20,arginine,3,4,18,1,7.901,7.778,0.145,40.1,131.6,2.5869,0.0,4.55,0.699,148 358 196 335
serine,20,arginine,3,4,18,2,7.901,7.778,0.145,40.1,131.6,0.0,0.0,3.973,0.885,171 29 155 279 208 112
serine,20,arginine,3,4,18,3,7.901,7.778,0.145,40.1,131.6,0.0,0.0,3.636,0.653,109 310 311 42 107 277 184 112
serine,20,arginine,3,4,18,4,7.901,7.778,0.145,40.1,131.6,0.0,0.0,1.459,1.303,27 336 295 55 93 273 246 145 160 190
serine,20,arginine,3,5,16,1,7.901,7.168,0.145,146.0,59.6,0.2569,0.0,3.811,0.972,129 144 256 218
serine,20,arginine,3,5,16,2,7.901,7.168,0.145,146.0,59.6,0.0,0.0,4.132,0.767,200 140 258 109 85 239
serine,20,arginine,3,5,16,3,7.901,7.168,0.145,146.0,59.6,0.0,0.0,3.822,2.315,229 134 227 150 101 246 225 107
serine,20,arginine,3,5,16,4,7.901,7.168,0.145,146.0,59.6,0.0,0.0,4.219,1.945,187 129 173 161 138 261 255 82 103 207
serine,20,arginine,3,5,17,1,7.901,7.721,0.145,147.8,35.1,0.7873,0.0,2.517,0.321,79 202 122 148
serine,20,arginine,3,5,17,2,7.901,7.721,0.145,147.8,35.1,0.0101,0.0,2.741,0.851,32 69 279 192 353 222
serine,20,arginine,3,5,17,3,7.901,7.721,0.145,147.8,35.1,0.0,0.0,0.277,2.34,300 160 155 107 92 246 315 168
serine,20,arginine,3,5,17,4,7.901,7.721,0.145,147.8,35.1,0.0,0.0,2.45,2.53,247 164 145 121 142 222 260 136 80 189
serine,20,arginine,3,5,18,1,7.901,5.418,0.145,141.3,131.3,0.0,0.0,3.268,0.905,146 148 273 352
serine,20,arginine,3,5,18,2,7.901,5.418,0.145,141.3,131.3,0.0,0.0,3.84,0.748,173 133 308 53 76 344
serine,20,arginine,3,5,18,3,7.901,5.418,0.145,141.3,131.3,0.0,0.0,4.254,2.388,183 6 92 29 60 67 151 262
serine,20,arginine,3,5,18,4,7.901,5.418,0.145,141.3,131.3,0.0,0.0,4.256,1.858,121 58 88 33 14 295 263 68 120 220
serine,20,lysine,5,3,13,1,8.516,9.092,0.671,82.2,65.9,1.8044,0.0,0.332,3.303,151 44 178 179
serine,20,lysine,5,3,13,2,8.516,9.092,0.671,82.2,65.9,0.0,0.0,1.135,1.601,184 30 132 105 319 286
serine,20,lysine,5,3,13,3,8.516,9.092,0.671,82.2,65.9,0.0,0.0,0.851,1.475,183 14 153 8 335 286 333 357
serine,20,lysine,5,3,13,4,8.516,9.092,0.671,82.2,65.9,0.0,0.0,2.824,2.526,114 341 212 36 185 302 306 138 61 218
serine,20,lysine,5,3,14,1,8.516,9.626,0.671,88.2,43.5,2.3674,0.0,0.991,3.37,191 307 171 175
serine,20,lysine,5,3,14,2,8.516,9.626,0.671,88.2,43.5,0.1593,0.0,2.788,3.376,112 85 193 189 295 208
serine,20,lysine,5,3,14,3,8.516,9.626,0.671,88.2,43.5,0.0,0.0,4.066,3.376,114 242 330 173 106 207 226 149
serine,20,lysine,5,3,14,4,8.516,9.626,0.671,88.2,43.5,0.0,0.0,3.172,3.376,193 161 220 169 135 259 246 109 157 215
serine,20,lysine,5,3,15,1,8.516,8.901,0.671,73.5,73.0,1.622,0.0,0.885,3.376,154 13 183 182
serine,20,lysine,5,3,15,2,8.516,8.901,0.671,73.5,73.0,0.0,0.0,2.5,3.376,112 1 206 75 196 217
serine,20,lysine,5,3,15,3,8.516,8.901,0.671,73.5,73.0,0.0,0.0,3.351,3.376,114 283 258 132 149 250 241 169
serine,20,lysine,5,3,15,4,8.516,8.901,0.671,73.5,73.0,0.0,0.0,1.893,1.191,256 254 215 127 113 225 233 68 70 199
serine,20,lysine,5,4,13,1,8.516,8.367,0.671,110.3,58.4,1.0786,0.0,0.616,3.515,123 97 179 179
serine,20,lysine,5,4,13,2,8.516,8.367,0.671,110.3,58.4,0.0,0.0,2.36,2.5,96 40 225 117 114 211
serine,20,lysine,5,4,13,3,8.516,8.367,0.671,110.3,58.4,0.0,0.0,1.947,1.375,174 205 255 340 341 300 274 52
serine,20,lysine,5,4,13,4,8.516,8.367,0.671,110.3,58.4,0.0,0.0,1.441,3.009,151 126 270 205 122 190 21 243 305 333
serine,20,lysine,5,4,14,1,8.516,8.811,0.671,121.5,38.7,1.5842,0.0,1.629,5.068,215 247 167 172
serine,20,lysine,5,4,14,2,8.516,8.811,0.671,121.5,38.7,0.0423,0.0,3.062,5.104,244 230 193 187 6 176
serine,20,lysine,5,4,14,3,8.516,8.811,0.671,121.5,38.7,0.0,0.0,3.177,5.104,224 143 217 166 116 277 255 115
serine,20,lysine,5,4,14,4,8.516,8.811,0.671,121.5,38.7,0.0,0.0,3.422,5.104,248 150 195 161 137 238 238 113 137 206
serine,20,lysine,5,4,15,1,8.516,7.587,0.671,126.9,87.6,0.3002,0.0,1.659,4.589,120 122 185 183
serine,20,lysine,5,4,15,2,8.516,7.587,0.671,126.9,87.6,0.0,0.0,2.824,5.104,225 162 221 43 243 292
serine,20,lysine,5,4,15,3,8.516,7.587,0.671,126.9,87.6,0.0,0.0,3.422,5.104,254 154 210 125 119 273 256 158
serine,20,lysine,5,4,15,4,8.516,7.587,0.671,126.9,87.6,0.0,0.0,2.745,5.104,290 189 246 39 72 292 297 302 359 254
serine,20,lysine,5,5,13,1,8.516,8.409,0.671,108.5,75.3,1.1205,0.0,0.967,2.622,241 266 181 181
serine,20,lysine,5,5,13,2,8.516,8.409,0.671,108.5,75.3,0.0,0.0,2.528,0.465,139 162 154 297 132 92
serine,20,lysine,5,5,13,3,8.516,8.409,0.671,108.5,75.3,0.0,0.0,3.13,0.85,112 190 122 228 244 120 149 218
serine,20,lysine,5,5,13,4,8.516,8.409,0.671,108.5,75.3,0.0,0.0,3.182,1.151,118 194 140 197 219 121 126 297 273 151
serine,20,lysine,5,5,14,1,8.516,9.468,0.671,94.1,28.5,2.1788,0.0,0.651,2.622,236 291 180 180
serine,20,lysine,5,5,14,2,8.516,9.468,0.671,94.1,28.5,0.4419,0.0,1.369,2.127,157 22 225 215 37 158
serine,20,lysine,5,5,14,3,8.516,9.468,0.671,94.1,28.5,0.0,0.0,2.068,2.098,142 45 181 286 334 168 32 189
serine,20,lysine,5,5,14,4,8.516,9.468,0.671,94.1,28.5,0.0,0.0,3.182,1.073,120 176 131 211 211 132 147 266 277 164
serine,20,lysine,5,5,15,1,8.516,8.25,0.671,97.8,81.2,1.0867,0.0,0.742,2.304,177 85 161 167
serine,20,lysine,5,5,15,2,8.516,8.25,0.671,97.8,81.2,0.0,0.0,0.999,2.391,184 100 156 35 344 25
serine,20,lysine,5,5,15,3,8.516,8.25,0.671,97.8,81.2,0.0,0.0,1.867,0.588,180 215 99 253 205 155 342 8
serine,20,lysine,5,5,15,4,8.516,8.25,0.671,97.8,81.2,0.0,0.0,2.208,0.871,163 202 156 206 229 104 107 251 222 148
serine,20,aspartic,21,3,3,1,11.816,13.604,-0.144,72.6,27.5,6.4292,0.0,4.838,0.545,216 358 175 176
serine,20,aspartic,21,3,3,2,11.816,13.604,-0.144,72.6,27.5,2.7577,0.0,2.053,0.368,215 359 206 208 179 179
serine,20,aspartic,21,3,3,3,11.816,13.604,-0.144,72.6,27.5,0.4593,0.0,2.087,0.415,234 314 157 168 164 166 286 207
serine,20,aspartic,21,3,3,4,11.816,13.604,-0.144,72.6,27.5,0.0,0.0,2.998,2.428,194 129 120 184 183 155 163 248 244 178
serine,20,aspartic,21,3,4,1,11.816,12.641,-0.144,62.8,72.5,5.6965,0.0,4.785,0.323,218 360 199 224
serine,20,aspartic,21,3,4,2,11.816,12.641,-0.144,62.8,72.5,2.152,0.0,1.342,0.527,219 359 141 126 172 175
serine,20,aspartic,21,3,4,3,11.816,12.641,-0.144,62.8,72.5,0.0,0.0,2.811,1.006,214 354 166 69 239 226 61 96
serine,20,aspartic,21,3,4,4,11.816,12.641,-0.144,62.8,72.5,0.0,0.0,3.235,1.258,251 97 110 215 203 134 144 210 200 171
serine,20,aspartic,21,3,5,1,11.816,11.577,-0.144,72.6,113.5,4.4054,0.0,5.041,0.312,216 7 192 191
serine,20,aspartic,21,3,5,2,11.816,11.577,-0.144,72.6,113.5,0.7453,0.0,1.978,0.742,222 1 148 146 181 181
serine,20,aspartic,21,3,5,3,11.816,11.577,-0.144,72.6,113.5,0.0,0.0,3.083,2.366,195 144 110 202 206 137 157 208
serine,20,aspartic,21,3,5,4,11.816,11.577,-0.144,72.6,113.5,0.0,0.0,2.857,0.477,275 85 106 224 211 121 124 202 198 171
serine,20,aspartic,21,4,3,1,11.816,13.395,-0.144,80.4,22.4,6.1633,0.0,3.808,1.542,117 34 183 182
serine,20,aspartic,21,4,3,2,11.816,13.395,-0.144,80.4,22.4,2.4281,0.0,1.325,1.084,149 337 176 178 177 177
serine,20,aspartic,21,4,3,3,11.816,13.395,-0.144,80.4,22.4,0.4777,0.0,1.321,0.624,132 39 188 185 186 185 57 158
serine,20,aspartic,21,4,3,4,11.816,13.395,-0.144,80.4,22.4,0.0,0.0,0.962,2.393,184 234 212 170 171 196 210 117 75 185
serine,20,aspartic,21,4,4,1,11.816,12.176,-0.144,80.5,79.6,4.9272,0.0,3.851,1.859,147 325 175 177
serine,20,aspartic,21,4,4,2,11.816,12.176,-0.144,80.5,79.6,1.1885,0.0,1.901,2.0,117 18 178 179 179 179
serine,20,aspartic,21,4,4,3,11.816,12.176,-0.144,80.5,79.6,0.0,0.0,2.509,4.613,143 233 232 164 171 232 226 171
serine,20,aspartic,21,4,4,4,11.816,12.176,-0.144,80.5,79.6,0.0,0.0,2.19,4.36,173 197 215 162 156 223 219 133 147 196
serine,20,aspartic,21,4,5,1,11.816,11.576,-0.144,72.7,102.2,4.3246,0.0,3.869,1.099,135 1 181 181
serine,20,aspartic,21,4,5,2,11.816,11.576,-0.144,72.7,102.2,0.7769,0.0,2.267,1.232,141 353 147 151 166 170
serine,20,aspartic,21,4,5,3,11.816,11.576,-0.144,72.7,102.2,0.0,0.0,2.937,2.642,106 15 134 98 244 247 264 257
serine,20,aspartic,21,4,5,4,11.816,11.576,-0.144,72.7,102.2,0.0,0.0,3.06,4.667,114 240 244 156 156 241 235 138 153 197
serine,20,aspartic,21,5,3,1,11.816,11.818,-0.144,155.7,19.6,4.8496,0.0,2.815,0.184,198 181 202 217
serine,20,aspartic,21,5,3,2,11.816,11.818,-0.144,155.7,19.6,1.2625,0.0,1.439,0.536,199 183 218 226 195 190
serine,20,aspartic,21,5,3,3,11.816,11.818,-0.144,155.7,19.6,0.2113,0.0,2.233,0.71,199 219 198 192 227 209 9 173
serine,20,aspartic,21,5,3,4,11.816,11.818,-0.144,155.7,19.6,0.0,0.0,1.149,1.887,237 238 216 178 203 143 125 242 245 160
serine,20,aspartic,21,5,4,1,11.816,10.566,-0.144,160.5,79.3,3.7533,0.0,2.783,1.86,222 180 155 120
serine,20,aspartic,21,5,4,2,11.816,10.566,-0.144,160.5,79.3,0.2201,0.0,1.405,2.031,216 179 137 115 175 177
serine,20,aspartic,21,5,4,3,11.816,10.566,-0.144,160.5,79.3,0.0,0.0,3.427,1.755,354 204 198 228 242 135 156 207
serine,20,aspartic,21,5,4,4,11.816,10.566,-0.144,160.5,79.3,0.0,0.0,3.072,2.622,291 238 210 175 219 138 129 255 239 154
serine,20,aspartic,21,5,5,1,11.816,9.756,-0.144,161.3,110.5,3.0253,0.0,3.202,0.817,183 180 206 249
serine,20,aspartic,21,5,5,2,11.816,9.756,-0.144,161.3,110.5,0.0,0.0,2.098,0.62,203 220 176 213 241 168
serine,20,aspartic,21,5,5,3,11.816,9.756,-0.144,161.3,110.5,0.0,0.0,3.11,0.521,202 262 157 166 258 109 96 146
serine,20,aspartic,21,5,5,4,11.816,9.756,-0.144,161.3,110.5,0.0,0.0,2.202,2.593,257 342 335 325 343 246 237 2 13 176
serine,20,glutamic,9,3,5,1,3.594,2.39,0.32,83.7,84.6,2.7616,0.0,1.158,1.747,235 98 13 7
serine,20,glutamic,9,3,5,2,3.594,2.39,0.32,83.7,84.6,1.6378,0.0,2.199,0.867,279 94 5 42 122 3
serine,20,glutamic,9,3,5,3,3.594,2.39,0.32,83.7,84.6,0.0,0.0,2.376,0.438,321 60 35 281 277 22 144 304
serine,20,glutamic,9,3,5,4,3.594,2.39,0.32,83.7,84.6,0.0,0.0,1.457,1.685,14 357 40 300 277 65 90 280 239 140
serine,20,glutamic,9,3,6,1,3.594,4.221,0.32,109.9,7.9,1.6754,0.0,0.755,1.785,229 73 5 8
serine,20,glutamic,9,3,6,2,3.594,4.221,0.32,109.9,7.9,0.5385,0.0,1.446,1.401,247 68 4 123 45 2
serine,20,glutamic,9,3,6,3,3.594,4.221,0.32,109.9,7.9,0.0,0.0,3.63,3.148,125 311 300 228 342 120 78 304
serine,20,glutamic,9,3,6,4,3.594,4.221,0.32,109.9,7.9,0.0,0.0,2.752,2.356,180 44 81 116 313 141 36 12 172 346
serine,20,glutamic,9,3,7,1,3.594,2.871,0.32,105.9,68.5,2.1129,0.0,3.63,3.376,114 278 356 357
serine,20,glutamic,9,3,7,2,3.594,2.871,0.32,105.9,68.5,1.0593,0.0,3.63,3.376,66 285 359 326 226 359
serine,20,glutamic,9,3,7,3,3.594,2.871,0.32,105.9,68.5,0.0,0.0,3.63,3.376,74 282 32 118 35 284 248 64
serine,20,glutamic,9,3,7,4,3.594,2.871,0.32,105.9,68.5,0.0,0.0,3.625,3.376,28 6 4 47 52 307 286 58 111 238
serine,20,glutamic,9,4,5,1,3.594,3.175,0.32,57.8,103.8,2.1579,0.0,4.08,3.013,171 233 331 356
serine,20,glutamic,9,4,5,2,3.594,3.175,0.32,57.8,103.8,0.7191,0.0,3.733,1.7,110 232 0 5 173 0
serine,20,glutamic,9,4,5,3,3.594,3.175,0.32,57.8,103.8,0.0,0.0,3.896,2.309,74 260 340 96 73 53 92 109
serine,20,glutamic,9,4,5,4,3.594,3.175,0.32,57.8,103.8,0.0,0.0,4.001,2.673,32 11 333 57 96 288 241 95 130 207
serine,20,glutamic,9,4,6,1,3.594,5.066,0.32,77.1,31.2,0.8526,0.0,4.071,3.401,178 225 351 339
serine,20,glutamic,9,4,6,2,3.594,5.066,0.32,77.1,31.2,0.0,0.0,3.581,2.17,155 251 332 163 41 312
serine,20,glutamic,9,4,6,3,3.594,5.066,0.32,77.1,31.2,0.0,0.0,4.055,3.627,222 55 355 240 20 59 94 4
serine,20,glutamic,9,4,6,4,3.594,5.066,0.32,77.1,31.2,0.0,0.0,3.929,3.871,307 315 57 337 261 76 99 248 273 197
serine,20,glutamic,9,4,7,1,3.594,3.289,0.32,89.0,99.1,1.4784,0.0,4.648,5.104,237 133 358 359
serine,20,glutamic,9,4,7,2,3.594,3.289,0.32,89.0,99.1,0.6244,0.0,4.523,5.104,291 91 4 24 145 2
serine,20,glutamic,9,4,7,3,3.594,3.289,0.32,89.0,99.1,0.0,0.0,3.782,4.721,309 88 42 252 277 49 124 278
serine,20,glutamic,9,4,7,4,3.594,3.289,0.32,89.0,99.1,0.0,0.0,4.15,5.104,348 7 40 308 290 66 74 273 243 131
serine,20,glutamic,9,5,5,1,3.594,2.268,0.32,88.1,148.2,2.565,0.0,3.305,2.244,192 130 357 358
serine,20,glutamic,9,5,5,2,3.594,2.268,0.32,88.1,148.2,1.6282,0.0,3.564,2.622,243 95 360 346 200 360
serine,20,glutamic,9,5,5,3,3.594,2.268,0.32,88.1,148.2,0.0,0.0,1.866,1.083,29 296 343 80 90 339 195 72
serine,20,glutamic,9,5,5,4,3.594,2.268,0.32,88.1,148.2,0.0,0.0,2.251,0.841,336 12 330 60 78 307 277 61 114 228
serine,20,glutamic,9,5,6,1,3.594,4.716,0.32,89.9,39.1,0.8323,0.0,3.173,2.027,192 140 353 347
serine,20,glutamic,9,5,6,2,3.594,4.716,0.32,89.9,39.1,0.0,0.0,3.745,1.963,214 145 313 139 45 10
serine,20,glutamic,9,5,6,3,3.594,4.716,0.32,89.9,39.1,0.0,0.0,0.684,0.588,83 320 358 73 53 299 253 112
serine,20,glutamic,9,5,6,4,3.594,4.716,0.32,89.9,39.1,0.0,0.0,2.711,0.31,79 16 356 52 59 292 278 46 85 227
serine,20,glutamic,9,5,7,1,3.594,4.115,0.32,60.0,62.1,1.7187,0.0,4.072,2.456,188 97 47 9
serine,20,glutamic,9,5,7,2,3.594,4.115,0.32,60.0,62.1,0.0,0.0,4.687,2.622,231 101 32 41 109 13
serine,20,glutamic,9,5,7,3,3.594,4.115,0.32,60.0,62.1,0.0,0.0,4.687,2.622,274 241 208 100 94 314 217 73
serine,20,glutamic,9,5,7,4,3.594,4.115,0.32,60.0,62.1,0.0,0.0,3.719,1.063,25 307 273 72 102 277 252 114 135 199
serine,20,isoleucine,4,3,4,1,9.183,9.606,0.925,111.7,48.4,2.3246,0.0,1.793,2.477,189 98 184 182
serine,20,isoleucine,4,3,4,2,9.183,9.606,0.925,111.7,48.4,0.0748,0.0,1.314,1.979,281 226 194 189 60 153
serine,20,isoleucine,4,3,4,3,9.183,9.606,0.925,111.7,48.4,0.0,0.0,2.947,3.376,169 193 150 211 220 100 113 203
serine,20,isoleucine,4,3,4,4,9.183,9.606,0.925,111.7,48.4,0.0,0.0,3.975,3.376,127 186 147 217 228 138 152 242 222 162
serine,20,isoleucine,4,3,5,1,9.183,7.81,0.925,109.5,119.5,0.5258,0.0,1.537,2.14,256 263 184 183
serine,20,isoleucine,4,3,5,2,9.183,7.81,0.925,109.5,119.5,0.0,0.0,1.488,2.758,185 192 105 330 58 37
serine,20,isoleucine,4,3,5,3,9.183,7.81,0.925,109.5,119.5,0.0,0.0,2.019,3.376,122 217 110 305 202 73 29 177
serine,20,isoleucine,4,3,5,4,9.183,7.81,0.925,109.5,119.5,0.0,0.0,3.299,3.376,141 201 160 203 222 118 124 255 231 155
serine,20,isoleucine,4,3,6,1,9.183,9.674,0.925,99.4,45.3,2.3855,0.0,1.898,1.794,257 282 180 180
serine,20,isoleucine,4,3,6,2,9.183,9.674,0.925,99.4,45.3,0.1666,0.0,3.989,0.906,176 36 213 204 57 152
serine,20,isoleucine,4,3,6,3,9.183,9.674,0.925,99.4,45.3,0.0,0.0,4.604,0.857,132 121 143 258 281 158 98 163
serine,20,isoleucine,4,3,6,4,9.183,9.674,0.925,99.4,45.3,0.0,0.0,4.901,2.778,152 184 140 191 209 126 131 291 278 159
serine,20,isoleucine,4,4,4,1,9.183,11.039,0.925,56.4,37.3,4.4322,0.0,4.04,0.986,174 360 206 253
serine,20,isoleucine,4,4,4,2,9.183,11.039,0.925,56.4,37.3,0.9343,0.0,2.155,1.711,180 360 213 256 177 179
serine,20,isoleucine,4,4,4,3,9.183,11.039,0.925,56.4,37.3,0.0,0.0,2.878,4.366,215 350 208 238 191 151 67 141
serine,20,isoleucine,4,4,4,4,9.183,11.039,0.925,56.4,37.3,0.0,0.0,1.114,0.846,150 19 159 5 241 266 34 173 348 66
serine,20,isoleucine,4,4,5,1,9.183,8.995,0.925,64.3,120.8,2.154,0.0,4.247,1.021,172 2 209 235
serine,20,isoleucine,4,4,5,2,9.183,8.995,0.925,64.3,120.8,0.0,0.0,3.779,0.914,189 256 243 121 136 177
serine,20,isoleucine,4,4,5,3,9.183,8.995,0.925,64.3,120.8,0.0,0.0,3.875,0.548,123 265 296 131 130 231 194 142
serine,20,isoleucine,4,4,5,4,9.183,8.995,0.925,64.3,120.8,0.0,0.0,2.665,0.609,69 298 268 93 125 277 258 173 183 184
serine,20,isoleucine,4,4,6,1,9.183,10.582,0.925,65.2,58.4,3.6206,0.0,4.684,0.788,166 358 156 140
serine,20,isoleucine,4,4,6,2,9.183,10.582,0.925,65.2,58.4,0.2189,0.0,3.868,1.252,170 345 149 150 128 153
serine,20,isoleucine,4,4,6,3,9.183,10.582,0.925,65.2,58.4,0.0,0.0,4.385,1.253,115 294 267 120 147 215 199 169
serine,20,isoleucine,4,4,6,4,9.183,10.582,0.925,65.2,58.4,0.0,0.0,4.109,2.595,89 290 279 131 131 208 209 143 146 189
serine,20,isoleucine,4,5,4,1,9.183,9.343,0.925,123.8,36.5,2.0539,0.0,2.132,1.243,172 241 180 180
serine,20,isoleucine,4,5,4,2,9.183,9.343,0.925,123.8,36.5,0.2102,0.0,0.931,1.22,74 84 199 191 42 157
serine,20,isoleucine,4,5,4,3,9.183,9.343,0.925,123.8,36.5,0.0,0.0,2.333,1.012,134 239 180 132 279 269 276 320
serine,20,isoleucine,4,5,4,4,9.183,9.343,0.925,123.8,36.5,0.0,0.0,3.075,0.853,153 201 147 69 245 182 43 205 351 289
serine,20,isoleucine,4,5,5,1,9.183,7.591,0.925,119.3,106.7,0.3326,0.0,1.661,1.536,105 103 199 191
serine,20,isoleucine,4,5,5,2,9.183,7.591,0.925,119.3,106.7,0.0,0.0,3.897,0.804,224 185 244 80 97 219
serine,20,isoleucine,4,5,5,3,9.183,7.591,0.925,119.3,106.7,0.0,0.0,4.08,1.075,248 166 232 129 107 246 218 133
serine,20,isoleucine,4,5,5,4,9.183,7.591,0.925,119.3,106.7,0.0,0.0,4.328,0.604,263 177 216 137 128 228 220 90 110 207
serine,20,isoleucine,4,5,6,1,9.183,8.92,0.925,133.7,56.0,1.6601,0.0,3.406,1.01,181 226 170 174
serine,20,isoleucine,4,5,6,2,9.183,8.92,0.925,133.7,56.0,0.0,0.0,4.321,0.596,216 180 206 115 131 205
serine,20,isoleucine,4,5,6,3,9.183,8.92,0.925,133.7,56.0,0.0,0.0,4.626,1.415,254 160 228 123 115 240 199 144
serine,20,isoleucine,4,5,6,4,9.183,8.92,0.925,133.7,56.0,0.0,0.0,4.084,2.622,273 152 193 138 123 232 223 127 153 205
serine,20,leucine,13,3,1,1,9.768,8.44,-0.669,88.6,130.3,1.182,0.0,3.471,1.011,351 302 186 183
serine,20,leucine,13,3,1,2,9.768,8.44,-0.669,88.6,130.3,0.0,0.0,2.514,0.949,348 90 0 32 280 170
serine,20,leucine,13,3,1,3,9.768,8.44,-0.669,88.6,130.3,0.0,0.0,1.874,1.949,24 80 20 267 238 91 248 317
serine,20,leucine,13,3,1,4,9.768,8.44,-0.669,88.6,130.3,0.0,0.0,2.45,0.764,301 24 66 345 317 94 114 289 248 139
serine,20,leucine,13,3,2,1,9.768,10.832,-0.669,91.4,27.4,3.5768,0.0,3.05,0.468,294 62 177 178
serine,20,leucine,13,3,2,2,9.768,10.832,-0.669,91.4,27.4,0.7713,0.0,3.704,1.923,355 338 151 153 272 211
serine,20,leucine,13,3,2,3,9.768,10.832,-0.669,91.4,27.4,0.0101,0.0,4.152,2.359,354 358 158 126 292 196 0 178
serine,20,leucine,13,3,2,4,9.768,10.832,-0.669,91.4,27.4,0.0,0.0,3.587,0.501,295 54 108 330 291 123 135 262 252 152
serine,20,leucine,13,3,13,1,9.768,9.334,-0.669,100.3,91.6,2.0536,0.0,2.902,0.537,295 78 183 182
serine,20,leucine,13,3,13,2,9.768,9.334,-0.669,100.3,91.6,0.0,0.0,3.325,1.398,287 115 151 354 5 134
serine,20,leucine,13,3,13,3,9.768,9.334,-0.669,100.3,91.6,0.0,0.0,3.819,0.636,324 314 322 7 31 38 79 292
serine,20,leucine,13,3,13,4,9.768,9.334,-0.669,100.3,91.6,0.0,0.0,3.869,0.792,259 6 204 10 193 41 224 266 304 202
serine,20,leucine,13,4,1,1,9.768,9.946,-0.669,21.5,141.0,5.7688,0.0,8.503,4.596,349 360 181 359
serine,20,leucine,13,4,1,2,9.768,9.946,-0.669,21.5,141.0,2.0655,0.0,5.367,3.275,345 0 177 4 192 192
serine,20,leucine,13,4,1,3,9.768,9.946,-0.669,21.5,141.0,0.0,0.0,3.132,2.89,347 57 107 306 226 127 174 197
serine,20,leucine,13,4,1,4,9.768,9.946,-0.669,21.5,141.0,0.0,0.0,4.035,3.924,348 37 68 317 283 95 128 218 194 164
serine,20,leucine,13,4,2,1,9.768,12.358,-0.669,24.0,37.1,7.6718,0.0,8.443,4.529,345 360 181 358
serine,20,leucine,13,4,2,2,9.768,12.358,-0.669,24.0,37.1,4.1483,0.0,5.599,3.684,343 1 160 34 190 187
serine,20,leucine,13,4,2,3,9.768,12.358,-0.669,24.0,37.1,0.6103,0.0,3.971,4.133,347 2 156 40 205 196 214 205
serine,20,leucine,13,4,2,4,9.768,12.358,-0.669,24.0,37.1,0.0,0.0,4.263,5.104,19 48 131 241 238 163 162 209 240 200
serine,20,leucine,13,4,13,1,9.768,11.056,-0.669,27.5,90.6,6.1984,0.0,8.141,4.184,322 0 178 3
serine,20,leucine,13,4,13,2,9.768,11.056,-0.669,27.5,90.6,2.7011,0.0,5.368,3.375,326 359 202 323 165 170
serine,20,leucine,13,4,13,3,9.768,11.056,-0.669,27.5,90.6,0.0,0.0,2.798,3.217,305 58 132 290 225 153 166 177
serine,20,leucine,13,4,13,4,9.768,11.056,-0.669,27.5,90.6,0.0,0.0,2.232,3.659,252 76 114 274 235 145 167 230 225 177
serine,20,leucine,13,5,1,1,9.768,8.663,-0.669,80.4,144.9,1.5017,0.0,3.771,0.906,63 331 164 170
serine,20,leucine,13,5,1,2,9.768,8.663,-0.669,80.4,144.9,0.0,0.0,2.445,0.974,9 125 110 17 22 150
serine,20,leucine,13,5,1,3,9.768,8.663,-0.669,80.4,144.9,0.0,0.0,2.4,1.136,8 352 319 30 39 266 275 120
serine,20,leucine,13,5,1,4,9.768,8.663,-0.669,80.4,144.9,0.0,0.0,2.527,1.372,28 47 10 353 23 280 248 52 97 220
serine,20,leucine,13,5,2,1,9.768,11.133,-0.669,80.2,36.9,3.8949,0.0,3.819,0.952,63 327 174 176
serine,20,leucine,13,5,2,2,9.768,11.133,-0.669,80.2,36.9,0.6777,0.0,3.29,1.059,59 305 192 187 116 144
serine,20,leucine,13,5,2,3,9.768,11.133,-0.669,80.2,36.9,0.0,0.0,2.521,0.802,355 66 236 195 244 234 360 192
serine,20,leucine,13,5,2,4,9.768,11.133,-0.669,80.2,36.9,0.0,0.0,3.618,0.951,348 15 307 1 48 314 257 174 78 98
serine,20,leucine,13,5,13,1,9.768,10.135,-0.669,70.2,78.8,2.9196,0.0,3.558,1.034,51 0 186 191
serine,20,leucine,13,5,13,2,9.768,10.135,-0.669,70.2,78.8,0.0163,0.0,3.001,1.212,40 9 206 287 64 161
serine,20,leucine,13,5,13,3,9.768,10.135,-0.669,70.2,78.8,0.0,0.0,2.336,1.062,76 135 74 247 241 247 239 233
serine,20,leucine,13,5,13,4,9.768,10.135,-0.669,70.2,78.8,0.0,0.0,2.349,0.938,51 337 300 41 66 245 224 92 116 206
serine,20,serine,31,3,3,1,11.088,11.667,-0.195,101.8,52.6,4.4229,0.0,inf,1.217,175 80 186 183
serine,20,serine,31,3,3,2,11.088,11.667,-0.195,101.8,52.6,0.7343,0.0,inf,1.341,179 80 194 188 196 194
serine,20,serine,31,3,3,3,11.088,11.667,-0.195,101.8,52.6,0.0,0.0,inf,3.376,178 167 148 193 196 115 117 191
serine,20,serine,31,3,3,4,11.088,11.667,-0.195,101.8,52.6,0.0,0.0,inf,3.376,139 181 146 203 213 143 153 235 216 162
serine,20,serine,31,3,4,1,11.088,11.806,-0.195,90.9,46.3,4.5486,0.0,inf,0.467,237 299 183 182
serine,20,serine,31,3,4,2,11.088,11.806,-0.195,90.9,46.3,0.8446,0.0,inf,0.295,231 306 186 183 188 188
serine,20,serine,31,3,4,3,11.088,11.806,-0.195,90.9,46.3,0.0,0.0,inf,0.951,215 281 270 289 91 197 298 216
serine,20,serine,31,3,4,4,11.088,11.806,-0.195,90.9,46.3,0.0,0.0,inf,1.714,126 143 135 226 215 156 164 260 268 176
serine,20,serine,31,3,5,1,11.088,9.706,-0.195,93.7,132.9,2.4594,0.0,inf,0.5,180 66 180 180
serine,20,serine,31,3,5,2,11.088,9.706,-0.195,93.7,132.9,0.0,0.0,inf,1.671,172 142 134 222 211 165
serine,20,serine,31,3,5,3,11.088,9.706,-0.195,93.7,132.9,0.0,0.0,inf,2.672,178 193 120 208 238 62 81 226
serine,20,serine,31,3,5,4,11.088,9.706,-0.195,93.7,132.9,0.0,0.0,inf,3.31,163 195 152 205 226 106 110 238 208 148
serine,20,serine,31,4,3,1,11.088,12.408,-0.195,73.9,41.3,5.1553,0.0,inf,1.081,163 4 182 182
serine,20,serine,31,4,3,2,11.088,12.408,-0.195,73.9,41.3,1.5287,0.0,inf,0.929,166 1 153 152 182 181
serine,20,serine,31,4,3,3,11.088,12.408,-0.195,73.9,41.3,0.0485,0.0,inf,2.029,180 0 220 236 182 181 334 193
serine,20,serine,31,4,3,4,11.088,12.408,-0.195,73.9,41.3,0.0,0.0,inf,0.948,158 31 89 68 228 260 324 203 26 99
serine,20,serine,31,4,4,1,11.088,12.054,-0.195,81.7,57.4,4.8236,0.0,inf,1.577,180 322 173 176
serine,20,serine,31,4,4,2,11.088,12.054,-0.195,81.7,57.4,1.0812,0.0,inf,0.901,171 335 169 174 173 174
serine,20,serine,31,4,4,3,11.088,12.054,-0.195,81.7,57.4,0.0,0.0,inf,1.632,129 282 268 148 171 219 198 162
serine,20,serine,31,4,4,4,11.088,12.054,-0.195,81.7,57.4,0.0,0.0,inf,2.461,155 213 235 170 161 243 238 132 153 203
serine,20,serine,31,4,5,1,11.088,10.259,-0.195,73.1,130.0,3.0307,0.0,inf,1.208,161 358 176 176
serine,20,serine,31,4,5,2,11.088,10.259,-0.195,73.1,130.0,0.0,0.0,inf,0.826,185 287 189 135 153 170
serine,20,serine,31,4,5,3,11.088,10.259,-0.195,73.1,130.0,0.0,0.0,inf,2.055,118 284 262 136 157 232 218 167
serine,20,serine,31,4,5,4,11.088,10.259,-0.195,73.1,130.0,0.0,0.0,inf,0.94,132 339 326 48 79 265 223 45 85 214
serine,20,serine,31,5,3,1,11.088,11.039,-0.195,129.7,45.8,3.7705,0.0,inf,0.722,194 229 182 181
serine,20,serine,31,5,3,2,11.088,11.039,-0.195,129.7,45.8,0.5552,0.0,inf,1.189,182 257 140 159 242 223
serine,20,serine,31,5,3,3,11.088,11.039,-0.195,129.7,45.8,0.0,0.0,inf,2.178,164 295 143 176 231 66 88 206
serine,20,serine,31,5,3,4,11.088,11.039,-0.195,129.7,45.8,0.0,0.0,inf,0.568,234 258 111 37 183 304 346 150 10 99
serine,20,serine,31,5,4,1,11.088,10.798,-0.195,135.0,56.4,3.5202,0.0,inf,0.625,141 140 180 180
serine,20,serine,31,5,4,2,11.088,10.798,-0.195,135.0,56.4,0.2942,0.0,inf,0.094,210 208 165 173 119 142
serine,20,serine,31,5,4,3,11.088,10.798,-0.195,135.0,56.4,0.0,0.0,inf,2.255,209 145 193 164 128 283 288 154
serine,20,serine,31,5,4,4,11.088,10.798,-0.195,135.0,56.4,0.0,0.0,inf,2.622,268 154 189 149 137 230 223 133 152 197
serine,20,serine,31,5,5,1,11.088,8.782,-0.195,135.0,142.0,1.5511,0.0,inf,0.622,193 220 177 178
serine,20,serine,31,5,5,2,11.088,8.782,-0.195,135.0,142.0,0.0,0.0,inf,0.845,231 177 212 120 107 185
serine,20,serine,31,5,5,3,11.088,8.782,-0.195,135.0,142.0,0.0,0.0,inf,2.622,237 151 200 143 123 268 261 152
serine,20,serine,31,5,5,4,11.088,8.782,-0.195,135.0,142.0,0.0,0.0,inf,2.622,255 152 184 152 136 230 238 120 133 209
serine,20,tryptophan,5,3,16,1,10.338,9.835,-0.154,73.8,127.2,2.8056,0.0,4.837,3.376,178 347 155 158
serine,20,tryptophan,5,3,16,2,10.338,9.835,-0.154,73.8,127.2,0.0,0.0,3.909,3.376,150 314 227 132 167 198
serine,20,tryptophan,5,3,16,3,10.338,9.835,-0.154,73.8,127.2,0.0,0.0,4.585,3.376,124 288 252 133 160 243 233 173
serine,20,tryptophan,5,3,16,4,10.338,9.835,-0.154,73.8,127.2,0.0,0.0,4.501,3.376,93 232 347 155 110 220 181 111 190 236
serine,20,tryptophan,5,3,17,1,10.338,10.449,-0.154,60.7,100.3,3.645,0.0,4.616,3.376,162 1 156 118
serine,20,tryptophan,5,3,17,2,10.338,10.449,-0.154,60.7,100.3,0.0813,0.0,3.353,3.376,163 0 140 114 180 180
serine,20,tryptophan,5,3,17,3,10.338,10.449,-0.154,60.7,100.3,0.0,0.0,4.414,3.376,134 293 222 127 172 246 238 184
serine,20,tryptophan,5,3,17,4,10.338,10.449,-0.154,60.7,100.3,0.0,0.0,4.082,3.376,74 343 306 60 97 243 226 163 169 183
serine,20,tryptophan,5,3,18,1,10.338,12.144,-0.154,69.8,28.8,5.0292,0.0,4.925,3.376,167 357 164 160
serine,20,tryptophan,5,3,18,2,10.338,12.144,-0.154,69.8,28.8,1.3897,0.0,3.77,3.376,165 359 145 141 176 177
serine,20,tryptophan,5,3,18,3,10.338,12.144,-0.154,69.8,28.8,0.1001,0.0,4.266,3.376,170 318 159 167 146 155 344 190
serine,20,tryptophan,5,3,18,4,10.338,12.144,-0.154,69.8,28.8,0.0,0.0,4.166,3.376,80 49 201 132 68 171 239 198 89 100
serine,20,tryptophan,5,4,16,1,10.338,8.59,-0.154,123.6,116.8,1.3051,0.0,3.014,4.549,117 120 178 179
serine,20,tryptophan,5,4,16,2,10.338,8.59,-0.154,123.6,116.8,0.0,0.0,3.987,5.014,197 145 237 102 207 290
serine,20,tryptophan,5,4,16,3,10.338,8.59,-0.154,123.6,116.8,0.0,0.0,4.69,5.104,231 154 212 143 127 262 244 149
serine,20,tryptophan,5,4,16,4,10.338,8.59,-0.154,123.6,116.8,0.0,0.0,4.405,5.104,255 164 205 154 139 225 220 99 118 204
serine,20,tryptophan,5,4,17,1,10.338,8.722,-0.154,130.9,111.0,1.4345,0.0,3.266,4.711,174 228 180 180
serine,20,tryptophan,5,4,17,2,10.338,8.722,-0.154,130.9,111.0,0.0,0.0,4.0,5.027,198 168 215 116 157 243
serine,20,tryptophan,5,4,17,3,10.338,8.722,-0.154,130.9,111.0,0.0,0.0,4.5,5.104,224 163 191 124 136 274 259 171
serine,20,tryptophan,5,4,17,4,10.338,8.722,-0.154,130.9,111.0,0.0,0.0,4.094,5.104,1 131 187 125 120 246 229 48 61 211
serine,20,tryptophan,5,4,18,1,10.338,10.675,-0.154,129.2,29.9,3.413,0.0,3.055,4.669,113 129 182 181
serine,20,tryptophan,5,4,18,2,10.338,10.675,-0.154,129.2,29.9,0.6519,0.0,4.344,4.932,192 203 187 185 93 148
serine,20,tryptophan,5,4,18,3,10.338,10.675,-0.154,129.2,29.9,0.0,0.0,4.351,5.094,202 164 194 162 139 239 276 182
serine,20,tryptophan,5,4,18,4,10.338,10.675,-0.154,129.2,29.9,0.0,0.0,4.361,5.104,251 160 200 145 135 223 211 129 151 200
serine,20,tryptophan,5,5,16,1,10.338,9.055,-0.154,103.2,114.2,1.7753,0.0,2.826,2.622,252 275 181 181
serine,20,tryptophan,5,5,16,2,10.338,9.055,-0.154,103.2,114.2,0.0,0.0,2.937,0.904,151 140 159 246 241 186
serine,20,tryptophan,5,5,16,3,10.338,9.055,-0.154,103.2,114.2,0.0,0.0,2.558,0.801,140 180 144 221 228 114 129 207
serine,20,tryptophan,5,5,16,4,10.338,9.055,-0.154,103.2,114.2,0.0,0.0,3.305,1.047,126 180 141 206 220 138 146 262 241 156
serine,20,tryptophan,5,5,17,1,10.338,9.319,-0.154,103.6,103.3,2.034,0.0,2.713,2.523,193 85 180 180
serine,20,tryptophan,5,5,17,2,10.338,9.319,-0.154,103.6,103.3,0.0,0.0,1.014,1.694,210 192 95 225 159 75
serine,20,tryptophan,5,5,17,3,10.338,9.319,-0.154,103.6,103.3,0.0,0.0,2.32,0.455,155 210 100 277 225 356 38 203
serine,20,tryptophan,5,5,17,4,10.338,9.319,-0.154,103.6,103.3,0.0,0.0,0.4,0.855,153 201 153 238 247 78 100 237 199 147
serine,20,tryptophan,5,5,18,1,10.338,11.227,-0.154,104.4,18.0,3.9964,0.0,2.64,2.622,258 273 184 182
serine,20,tryptophan,5,5,18,2,10.338,11.227,-0.154,104.4,18.0,0.9915,0.0,3.596,2.394,184 55 191 187 107 146
serine,20,tryptophan,5,5,18,3,10.338,11.227,-0.154,104.4,18.0,0.172,0.0,4.232,2.45,188 16 204 204 99 150 6 171
serine,20,tryptophan,5,5,18,4,10.338,11.227,-0.154,104.4,18.0,0.0,0.0,3.844,0.675,125 111 170 264 243 189 107 125 2 203
serine,20,lysine,8,3,13,1,13.534,14.252,-0.036,94.2,55.3,7.0089,0.0,8.465,0.732,231 293 177 178
serine,20,lysine,8,3,13,2,13.534,14.252,-0.036,94.2,55.3,3.2841,0.0,4.989,0.372,169 64 179 179 179 179
serine,20,lysine,8,3,13,3,13.534,14.252,-0.036,94.2,55.3,0.1989,0.0,3.903,1.536,223 280 193 187 191 190 247 207
serine,20,lysine,8,3,13,4,13.534,14.252,-0.036,94.2,55.3,0.0,0.0,4.475,3.376,161 158 143 183 186 151 156 232 224 170
serine,20,lysine,8,3,14,1,13.534,13.536,-0.036,92.8,83.1,6.2837,0.0,8.398,0.714,175 64 183 182
serine,20,lysine,8,3,14,2,13.534,13.536,-0.036,92.8,83.1,2.5606,0.0,5.117,0.337,235 300 179 179 179 179
serine,20,lysine,8,3,14,3,13.534,13.536,-0.036,92.8,83.1,0.0,0.0,4.919,2.077,186 126 127 184 178 145 149 186
serine,20,lysine,8,3,14,4,13.534,13.536,-0.036,92.8,83.1,0.0,0.0,4.978,3.376,156 166 145 195 200 148 153 225 212 166
serine,20,lysine,8,3,15,1,13.534,11.993,-0.036,90.0,159.8,4.7725,0.0,8.321,0.472,229 302 179 179
serine,20,lysine,8,3,15,2,13.534,11.993,-0.036,90.0,159.8,1.2199,0.0,4.81,0.647,172 56 186 183 193 191
serine,20,lysine,8,3,15,3,13.534,11.993,-0.036,90.0,159.8,0.0,0.0,4.275,2.914,171 150 135 193 194 125 132 195
serine,20,lysine,8,3,15,4,13.534,11.993,-0.036,90.0,159.8,0.0,0.0,3.494,2.496,218 129 112 192 203 113 116 228 202 154
serine,20,lysine,8,4,13,1,13.534,14.362,-0.036,90.0,54.0,7.1159,0.0,7.711,1.966,132 59 183 182
serine,20,lysine,8,4,13,2,13.534,14.362,-0.036,90.0,54.0,3.3967,0.0,4.655,0.564,188 306 179 180 179 179
serine,20,lysine,8,4,13,3,13.534,14.362,-0.036,90.0,54.0,0.2582,0.0,3.587,1.483,141 67 164 172 167 167 118 153
serine,20,lysine,8,4,13,4,13.534,14.362,-0.036,90.0,54.0,0.0,0.0,2.841,4.556,204 209 223 173 176 203 193 121 131 190
serine,20,lysine,8,4,14,1,13.534,13.851,-0.036,81.1,74.4,6.5921,0.0,7.811,1.559,137 38 179 179
serine,20,lysine,8,4,14,2,13.534,13.851,-0.036,81.1,74.4,3.0069,0.0,5.173,0.829,175 332 158 167 164 167
serine,20,lysine,8,4,14,3,13.534,13.851,-0.036,81.1,74.4,0.0,0.0,4.544,0.845,180 321 224 203 236 208 241 218
serine,20,lysine,8,4,14,4,13.534,13.851,-0.036,81.1,74.4,0.0,0.0,3.87,3.445,125 277 248 149 173 225 217 155 153 179
serine,20,lysine,8,4,15,1,13.534,12.034,-0.036,88.5,165.3,4.829,0.0,7.682,1.819,130 54 182 181
serine,20,lysine,8,4,15,2,13.534,12.034,-0.036,88.5,165.3,1.2833,0.0,4.565,0.402,184 308 180 180 181 181
serine,20,lysine,8,4,15,3,13.534,12.034,-0.036,88.5,165.3,0.0,0.0,2.693,1.148,157 28 36 153 190 295 267 163
serine,20,lysine,8,4,15,4,13.534,12.034,-0.036,88.5,165.3,0.0,0.0,2.321,2.321,200 185 215 169 157 228 223 129 150 201
serine,20,lysine,8,5,13,1,13.534,13.455,-0.036,127.8,46.2,6.2325,0.0,6.973,0.742,216 232 186 183
serine,20,lysine,8,5,13,2,13.534,13.455,-0.036,127.8,46.2,2.4812,0.0,3.737,0.645,148 129 185 183 184 184
serine,20,lysine,8,5,13,3,13.534,13.455,-0.036,127.8,46.2,0.0993,0.0,3.832,1.182,212 257 188 184 186 185 72 154
serine,20,lysine,8,5,13,4,13.534,13.455,-0.036,127.8,46.2,0.0,0.0,2.866,1.781,172 124 180 216 191 219 222 88 104 201
serine,20,lysine,8,5,14,1,13.534,12.555,-0.036,136.0,82.4,5.2915,0.0,7.061,0.613,203 218 181 180
serine,20,lysine,8,5,14,2,13.534,12.555,-0.036,136.0,82.4,1.5736,0.0,4.286,0.725,148 149 175 177 177 177
serine,20,lysine,8,5,14,3,13.534,12.555,-0.036,136.0,82.4,0.0,0.0,4.065,1.294,217 168 186 117 148 141 108 169
serine,20,lysine,8,5,14,4,13.534,12.555,-0.036,136.0,82.4,0.0,0.0,4.116,2.57,271 174 163 121 151 247 245 167 155 175
serine,20,lysine,8,5,15,1,13.534,11.048,-0.036,130.1,154.4,3.8608,0.0,7.234,0.778,147 133 174 177
serine,20,lysine,8,5,15,2,13.534,11.048,-0.036,130.1,154.4,0.3431,0.0,3.873,0.671,212 218 182 181 152 159
serine,20,lysine,8,5,15,3,13.534,11.048,-0.036,130.1,154.4,0.0,0.0,3.286,0.757,110 219 126 272 226 199 255 201
serine,20,lysine,8,5,15,4,13.534,11.048,-0.036,130.1,154.4,0.0,0.0,3.302,1.072,125 218 173 202 230 105 106 231 196 144
serine,20,aspartic,8,3,3,1,9.809,8.023,-0.171,130.4,115.7,0.7461,0.0,2.566,3.267,213 230 179 179
serine,20,aspartic,8,3,3,2,9.809,8.023,-0.171,130.4,115.7,0.0,0.0,2.752,2.24,184 38 12 104 345 269
serine,20,aspartic,8,3,3,3,9.809,8.023,-0.171,130.4,115.7,0.0,0.0,4.074,2.152,322 147 234 23 125 93 150 158
serine,20,aspartic,8,3,3,4,9.809,8.023,-0.171,130.4,115.7,0.0,0.0,4.257,1.865,263 141 192 150 128 246 238 115 146 212
serine,20,aspartic,8,3,4,1,9.809,10.256,-0.171,130.0,16.0,2.9994,0.0,2.478,3.146,218 229 178 179
serine,20,aspartic,8,3,4,2,9.809,10.256,-0.171,130.0,16.0,0.7778,0.0,3.748,3.376,131 157 172 175 290 209
serine,20,aspartic,8,3,4,3,9.809,10.256,-0.171,130.0,16.0,0.0557,0.0,3.916,3.376,120 174 178 179 272 211 360 181
serine,20,aspartic,8,3,4,4,9.809,10.256,-0.171,130.0,16.0,0.0,0.0,4.097,3.376,117 210 167 190 214 132 131 245 224 155
serine,20,aspartic,8,3,5,1,9.809,8.409,-0.171,132.3,99.6,1.1388,0.0,2.58,3.376,160 134 180 180
serine,20,aspartic,8,3,5,2,9.809,8.409,-0.171,132.3,99.6,0.0,0.0,3.278,3.376,161 183 165 313 82 7
serine,20,aspartic,8,3,5,3,9.809,8.409,-0.171,132.3,99.6,0.0,0.0,4.032,3.376,83 183 193 304 156 68 126 152
serine,20,aspartic,8,3,5,4,9.809,8.409,-0.171,132.3,99.6,0.0,0.0,4.143,3.376,109 207 176 206 229 130 115 241 224 142
serine,20,aspartic,8,4,3,1,9.809,9.046,-0.171,86.8,119.4,1.8174,0.0,3.367,4.063,177 49 191 187
serine,20,aspartic,8,4,3,2,9.809,9.046,-0.171,86.8,119.4,0.0,0.0,2.947,4.078,150 127 150 244 240 190
serine,20,aspartic,8,4,3,3,9.809,9.046,-0.171,86.8,119.4,0.0,0.0,3.771,5.104,241 102 89 223 229 67 81 218
serine,20,aspartic,8,4,3,4,9.809,9.046,-0.171,86.8,119.4,0.0,0.0,2.786,2.169,105 293 334 299 285 38 79 239 156 113
serine,20,aspartic,8,4,4,1,9.809,11.341,-0.171,84.6,16.9,4.1342,0.0,3.076,3.811,176 44 186 184
serine,20,aspartic,8,4,4,2,9.809,11.341,-0.171,84.6,16.9,1.0352,0.0,2.875,4.492,173 75 176 177 247 214
serine,20,aspartic,8,4,4,3,9.809,11.341,-0.171,84.6,16.9,0.1935,0.0,3.259,4.766,179 109 158 165 251 216 353 189
serine,20,aspartic,8,4,4,4,9.809,11.341,-0.171,84.6,16.9,0.0,0.0,2.219,4.64,164 166 144 187 194 136 136 244 235 162
serine,20,aspartic,8,4,5,1,9.809,9.821,-0.171,73.8,88.0,2.5354,0.0,3.081,3.472,197 2 180 180
serine,20,aspartic,8,4,5,2,9.809,9.821,-0.171,73.8,88.0,0.0,0.0,3.274,5.054,230 11 156 246 182 159
serine,20,aspartic,8,4,5,3,9.809,9.821,-0.171,73.8,88.0,0.0,0.0,3.922,5.104,231 75 128 229 194 96 103 180
serine,20,aspartic,8,4,5,4,9.809,9.821,-0.171,73.8,88.0,0.0,0.0,3.82,3.79,241 305 268 33 57 58 50 356 283 133
serine,20,aspartic,8,5,3,1,9.809,9.112,-0.171,84.4,104.7,1.8279,0.0,2.83,2.121,134 48 179 179
serine,20,aspartic,8,5,3,2,9.809,9.112,-0.171,84.4,104.7,0.0,0.0,3.013,1.509,134 293 267 126 168 212
serine,20,aspartic,8,5,3,3,9.809,9.112,-0.171,84.4,104.7,0.0,0.0,3.948,0.762,125 265 260 140 141 279 268 153
serine,20,aspartic,8,5,3,4,9.809,9.112,-0.171,84.4,104.7,0.0,0.0,4.019,1.252,136 226 246 158 148 255 255 112 134 211
serine,20,aspartic,8,5,4,1,9.809,11.139,-0.171,92.2,4.4,3.9226,0.0,2.547,2.006,128 62 179 180
serine,20,aspartic,8,5,4,2,9.809,11.139,-0.171,92.2,4.4,1.1817,0.0,2.362,2.556,195 326 171 173 264 213
serine,20,aspartic,8,5,4,3,9.809,11.139,-0.171,92.2,4.4,0.4134,0.0,2.702,2.619,199 348 172 174 255 211 358 183
serine,20,aspartic,8,5,4,4,9.809,11.139,-0.171,92.2,4.4,0.0,0.0,2.904,0.738,182 203 197 167 176 215 281 176 25 164
serine,20,aspartic,8,5,5,1,9.809,9.258,-0.171,94.7,98.9,1.9761,0.0,2.372,2.082,183 292 177 178
serine,20,aspartic,8,5,5,2,9.809,9.258,-0.171,94.7,98.9,0.0,0.0,1.205,0.636,190 201 240 136 147 211
serine,20,aspartic,8,5,5,3,9.809,9.258,-0.171,94.7,98.9,0.0,0.0,2.454,0.7,183 157 243 162 129 280 254 133
serine,20,aspartic,8,5,5,4,9.809,9.258,-0.171,94.7,98.9,0.0,0.0,2.193,0.295,197 166 209 168 147 242 238 111 136 207
serine,20,glutamic,10,3,5,1,6.244,8.054,0.148,43.1,60.6,2.3519,0.0,3.947,2.213,194 0 168 31
serine,20,glutamic,10,3,5,2,6.244,8.054,0.148,43.1,60.6,0.0,0.0,2.748,0.674,228 357 151 298 295 219
serine,20,glutamic,10,3,5,3,6.244,8.054,0.148,43.1,60.6,0.0,0.0,2.599,0.671,254 39 71 287 263 118 132 195
serine,20,glutamic,10,3,5,4,6.244,8.054,0.148,43.1,60.6,0.0,0.0,1.619,0.647,214 343 263 28 21 286 278 101 132 226
serine,20,glutamic,10,3,6,1,6.244,6.0,0.148,39.3,156.0,1.5587,0.0,3.268,0.863,210 358 185 356
serine,20,glutamic,10,3,6,2,6.244,6.0,0.148,39.3,156.0,0.0,0.0,3.714,3.074,142 17 194 24 170 330
serine,20,glutamic,10,3,6,3,6.244,6.0,0.148,39.3,156.0,0.0,0.0,1.727,0.235,299 51 93 272 246 98 111 196
serine,20,glutamic,10,3,6,4,6.244,6.0,0.148,39.3,156.0,0.0,0.0,2.488,0.691,337 21 59 302 269 89 115 233 213 164
serine,20,glutamic,10,3,7,1,6.244,7.594,0.148,25.2,77.9,3.6238,0.0,4.149,2.061,192 1 178 2
serine,20,glutamic,10,3,7,2,6.244,7.594,0.148,25.2,77.9,0.3913,0.0,4.528,3.376,163 359 182 358 229 256
serine,20,glutamic,10,3,7,3,6.244,7.594,0.148,25.2,77.9,0.0,0.0,4.146,0.828,271 20 175 336 179 32 70 149
serine,20,glutamic,10,3,7,4,6.244,7.594,0.148,25.2,77.9,0.0,0.0,4.091,0.679,337 43 81 297 263 92 115 214 201 171
serine,20,glutamic,10,4,5,1,6.244,6.589,0.148,99.9,62.1,0.0833,0.0,3.967,3.677,123 96 23 181
serine,20,glutamic,10,4,5,2,6.244,6.589,0.148,99.9,62.1,0.0,0.0,3.139,2.041,179 187 297 49 88 278
serine,20,glutamic,10,4,5,3,6.244,6.589,0.148,99.9,62.1,0.0,0.0,4.257,4.325,203 89 333 70 78 29 247 77
serine,20,glutamic,10,4,5,4,6.244,6.589,0.148,99.9,62.1,0.0,0.0,4.292,4.921,191 165 194 139 124 256 252 106 128 208
serine,20,glutamic,10,4,6,1,6.244,4.883,0.148,82.1,132.6,0.0,0.0,3.902,3.687,119 157 351 39
serine,20,glutamic,10,4,6,2,6.244,4.883,0.148,82.1,132.6,0.0,0.0,3.084,1.387,162 124 359 87 80 299
serine,20,glutamic,10,4,6,3,6.244,4.883,0.148,82.1,132.6,0.0,0.0,2.083,0.534,153 212 358 96 10 309 247 351
serine,20,glutamic,10,4,6,4,6.244,4.883,0.148,82.1,132.6,0.0,0.0,1.636,0.824,165 292 290 54 30 276 275 55 132 264
serine,20,glutamic,10,4,7,1,6.244,5.828,0.148,98.7,90.0,0.0,0.0,4.793,4.899,37 47 229 8
serine,20,glutamic,10,4,7,2,6.244,5.828,0.148,98.7,90.0,0.0,0.0,4.973,4.604,154 152 277 347 279 303
serine,20,glutamic,10,4,7,3,6.244,5.828,0.148,98.7,90.0,0.0,0.0,4.901,4.77,179 144 250 97 108 322 248 98
serine,20,glutamic,10,4,7,4,6.244,5.828,0.148,98.7,90.0,0.0,0.0,4.734,5.104,203 183 196 134 116 237 241 111 133 214
serine,20,glutamic,10,5,5,1,6.244,5.951,0.148,129.0,50.3,0.3122,0.0,3.658,2.622,238 304 354 100
serine,20,glutamic,10,5,5,2,6.244,5.951,0.148,129.0,50.3,0.0,0.0,3.473,0.823,176 212 63 298 273 65
serine,20,glutamic,10,5,5,3,6.244,5.951,0.148,129.0,50.3,0.0,0.0,1.508,1.342,141 219 129 232 261 86 123 233
serine,20,glutamic,10,5,5,4,6.244,5.951,0.148,129.0,50.3,0.0,0.0,2.395,0.983,158 215 170 210 228 106 118 274 246 153
serine,20,glutamic,10,5,6,1,6.244,3.672,0.148,137.7,156.3,0.9961,0.0,3.378,2.622,242 334 0 0
serine,20,glutamic,10,5,6,2,6.244,3.672,0.148,137.7,156.3,0.2221,0.0,2.753,1.76,5 42 360 353 189 360
serine,20,glutamic,10,5,6,3,6.244,3.672,0.148,137.7,156.3,0.0,0.0,0.302,1.074,37 229 132 243 310 337 240 298
serine,20,glutamic,10,5,6,4,6.244,3.672,0.148,137.7,156.3,0.0,0.0,1.481,1.075,319 137 186 268 311 81 98 330 224 88
serine,20,glutamic,10,5,7,1,6.244,5.385,0.148,117.6,71.5,0.0,0.0,4.672,2.622,304 48 352 75
serine,20,glutamic,10,5,7,2,6.244,5.385,0.148,117.6,71.5,0.0,0.0,4.043,2.026,3 32 34 355 153 98
serine,20,glutamic,10,5,7,3,6.244,5.385,0.148,117.6,71.5,0.0,0.0,4.589,2.588,197 90 149 295 301 73 106 354
serine,20,glutamic,10,5,7,4,6.244,5.385,0.148,117.6,71.5,0.0,0.0,4.1,0.922,156 140 135 239 270 120 101 296 270 123
