frag_a,pose_a,frag_b,pose_b,h_a,h_b,k,d_cb,d_ca,cos_att,theta_a,theta_b,closure,clash_frag,clash_lig,dihedrals
arginine,3,lysine,5,16,13,0,10.249,8.745,-0.634,114.2,121.7,4.8952,1.73,2.202,279 100
arginine,3,lysine,5,16,13,1,10.249,8.745,-0.634,114.2,121.7,1.2244,1.73,0.762,343 259 180 180
arginine,3,lysine,5,16,13,2,10.249,8.745,-0.634,114.2,121.7,0.0,1.218,0.498,284 135 122 166 172 179
arginine,3,lysine,5,16,13,3,10.249,8.745,-0.634,114.2,121.7,0.0,1.663,2.052,231 164 160 239 232 134 155 201
arginine,3,lysine,5,16,13,4,10.249,8.745,-0.634,114.2,121.7,0.0,0.377,2.268,209 167 163 236 239 130 141 221 203 162
arginine,3,lysine,5,16,14,0,10.249,10.802,-0.634,114.7,37.7,8.0395,1.73,2.18,331 241
arginine,3,lysine,5,16,14,1,10.249,10.802,-0.634,114.7,37.7,4.3686,1.73,0.859,269 118 180 180
arginine,3,lysine,5,16,14,2,10.249,10.802,-0.634,114.7,37.7,0.7669,1.502,0.47,338 244 180 180 180 180
arginine,3,lysine,5,16,14,3,10.249,10.802,-0.634,114.7,37.7,0.0,0.78,1.125,246 149 161 219 209 161 171 188
arginine,3,lysine,5,16,14,4,10.249,10.802,-0.634,114.7,37.7,0.0,1.084,3.532,218 170 167 225 223 138 148 210 196 167
arginine,3,lysine,5,16,15,0,10.249,10.365,-0.634,103.1,57.8,7.1274,1.73,1.908,341 293
arginine,3,lysine,5,16,15,1,10.249,10.365,-0.634,103.1,57.8,3.4566,1.627,0.615,286 68 180 180
arginine,3,lysine,5,16,15,2,10.249,10.365,-0.634,103.1,57.8,0.0,0.86,0.622,346 312 132 168 196 216
arginine,3,lysine,5,16,15,3,10.249,10.365,-0.634,103.1,57.8,0.0,0.895,0.476,312 112 3 67 282 338 266 182
arginine,3,lysine,5,16,15,4,10.249,10.365,-0.634,103.1,57.8,0.0,0.445,2.854,220 159 161 232 229 140 150 210 196 167
arginine,3,lysine,5,17,13,0,10.249,10.946,-0.634,14.9,118.7,8.8527,1.729,5.895,262 360
arginine,3,lysine,5,17,13,1,10.249,10.946,-0.634,14.9,118.7,7.0349,1.729,4.93,257 0 180 0
arginine,3,lysine,5,17,13,2,10.249,10.946,-0.634,14.9,118.7,3.6329,1.729,1.909,253 0 180 360 152 131
arginine,3,lysine,5,17,13,3,10.249,10.946,-0.634,14.9,118.7,0.0,1.663,0.676,245 0 186 350 158 132 169 167
arginine,3,lysine,5,17,13,4,10.249,10.946,-0.634,14.9,118.7,0.0,1.663,0.58,299 50 85 288 258 123 144 209 195 169
arginine,3,lysine,5,17,14,0,10.249,13.016,-0.634,12.2,32.7,11.8809,1.729,5.778,234 0
arginine,3,lysine,5,17,14,1,10.249,13.016,-0.634,12.2,32.7,9.7405,1.729,4.703,235 0 180 360
arginine,3,lysine,5,17,14,2,10.249,13.016,-0.634,12.2,32.7,6.1054,1.729,1.791,235 360 180 360 180 180
arginine,3,lysine,5,17,14,3,10.249,13.016,-0.634,12.2,32.7,2.4527,1.729,0.918,235 360 181 358 180 180 180 180
arginine,3,lysine,5,17,14,4,10.249,13.016,-0.634,12.2,32.7,0.0,1.664,1.657,234 52 129 290 227 149 164 180 180 182
arginine,3,lysine,5,17,15,0,10.249,12.331,-0.634,6.9,64.7,10.8326,1.346,5.302,333 360
arginine,3,lysine,5,17,15,1,10.249,12.331,-0.634,6.9,64.7,9.0239,1.369,4.286,330 360 180 0
arginine,3,lysine,5,17,15,2,10.249,12.331,-0.634,6.9,64.7,5.5903,1.39,1.828,327 360 180 0 154 137
arginine,3,lysine,5,17,15,3,10.249,12.331,-0.634,6.9,64.7,1.9195,1.39,1.527,327 360 180 0 207 224 180 180
arginine,3,lysine,5,17,15,4,10.249,12.331,-0.634,6.9,64.7,0.0,1.663,0.742,300 60 120 288 229 134 157 188 183 180
arginine,3,lysine,5,18,13,0,10.249,9.496,-0.634,84.6,107.5,5.6154,1.728,1.487,54 28
arginine,3,lysine,5,18,13,1,10.249,9.496,-0.634,84.6,107.5,1.9446,1.728,0.083,53 30 180 180
arginine,3,lysine,5,18,13,2,10.249,9.496,-0.634,84.6,107.5,0.0,1.663,0.764,106 246 227 138 158 198
arginine,3,lysine,5,18,13,3,10.249,9.496,-0.634,84.6,107.5,0.0,0.364,1.214,122 227 218 129 142 212 197 166
arginine,3,lysine,5,18,13,4,10.249,9.496,-0.634,84.6,107.5,0.0,0.873,2.167,146 209 211 132 133 228 217 145 161 195
arginine,3,lysine,5,18,14,0,10.249,11.332,-0.634,93.4,31.8,8.7137,1.728,1.485,102 299
arginine,3,lysine,5,18,14,1,10.249,11.332,-0.634,93.4,31.8,5.0429,1.728,0.472,51 62 180 180
arginine,3,lysine,5,18,14,2,10.249,11.332,-0.634,93.4,31.8,1.4412,0.616,0.391,44 68 180 180 180 180
arginine,3,lysine,5,18,14,3,10.249,11.332,-0.634,93.4,31.8,0.0,1.282,1.285,121 218 206 141 153 200 190 172
arginine,3,lysine,5,18,14,4,10.249,11.332,-0.634,93.4,31.8,0.0,1.269,2.098,143 209 208 136 142 219 208 154 166 191
arginine,3,lysine,5,18,15,0,10.249,10.645,-0.634,92.3,63.8,7.2785,1.728,1.037,74 306
arginine,3,lysine,5,18,15,1,10.249,10.645,-0.634,92.3,63.8,3.6077,1.326,0.879,27 55 180 180
arginine,3,lysine,5,18,15,2,10.249,10.645,-0.634,92.3,63.8,0.0059,1.035,0.946,20 62 180 180 180 180
arginine,3,lysine,5,18,15,3,10.249,10.645,-0.634,92.3,63.8,0.0,0.274,1.447,344 350 290 66 62 179 174 177
arginine,3,lysine,5,18,15,4,10.249,10.645,-0.634,92.3,63.8,0.0,1.104,2.043,140 206 204 133 137 218 208 153 166 191
arginine,3,aspartic,21,16,3,0,6.688,7.13,0.02,109.8,47.7,4.1685,1.73,4.561,64 249
arginine,3,aspartic,21,16,3,1,6.688,7.13,0.02,109.8,47.7,0.4977,1.73,3.555,0 111 180 180
arginine,3,aspartic,21,16,3,2,6.688,7.13,0.02,109.8,47.7,0.0,0.837,1.752,345 340 292 97 133 213
arginine,3,aspartic,21,16,3,3,6.688,7.13,0.02,109.8,47.7,0.0,0.81,2.466,61 226 166 295 352 320 240 84
arginine,3,aspartic,21,16,3,4,6.688,7.13,0.02,109.8,47.7,0.0,1.44,0.42,314 27 348 18 37 318 284 63 104 225
arginine,3,aspartic,21,16,4,0,6.688,7.007,0.02,90.5,52.9,3.9237,1.47,3.767,17 0
arginine,3,aspartic,21,16,4,1,6.688,7.007,0.02,90.5,52.9,0.2773,1.469,3.772,17 0 191 195
arginine,3,aspartic,21,16,4,2,6.688,7.007,0.02,90.5,52.9,0.0,1.078,1.09,338 326 274 85 126 218
arginine,3,aspartic,21,16,4,3,6.688,7.007,0.02,90.5,52.9,0.0,0.538,1.017,325 5 315 33 77 262 221 146
arginine,3,aspartic,21,16,4,4,6.688,7.007,0.02,90.5,52.9,0.0,1.663,1.177,353 303 238 341 358 155 328 336 211 61
arginine,3,aspartic,21,16,5,0,6.688,4.843,0.02,100.0,148.9,1.3847,1.73,3.178,340 81
arginine,3,aspartic,21,16,5,1,6.688,4.843,0.02,100.0,148.9,0.0,1.461,3.838,16 6 269 106
arginine,3,aspartic,21,16,5,2,6.688,4.843,0.02,100.0,148.9,0.0,1.377,1.367,341 333 309 60 129 266
arginine,3,aspartic,21,16,5,3,6.688,4.843,0.02,100.0,148.9,0.0,1.663,5.433,112 326 124 234 321 239 320 329
arginine,3,aspartic,21,16,5,4,6.688,4.843,0.02,100.0,148.9,0.0,1.261,1.308,327 18 347 28 49 304 264 68 127 233
arginine,3,aspartic,21,17,3,0,6.688,8.343,0.02,63.5,47.0,5.4313,1.729,5.769,294 0
arginine,3,aspartic,21,17,3,1,6.688,8.343,0.02,63.5,47.0,1.9463,1.729,5.756,295 360 154 138
arginine,3,aspartic,21,17,3,2,6.688,8.343,0.02,63.5,47.0,0.0,1.664,4.92,315 48 116 250 221 166
arginine,3,aspartic,21,17,3,3,6.688,8.343,0.02,63.5,47.0,0.0,1.368,4.564,351 23 66 301 266 119 149 204
arginine,3,aspartic,21,17,3,4,6.688,8.343,0.02,63.5,47.0,0.0,1.318,4.978,347 10 47 318 291 108 131 229 207 160
arginine,3,aspartic,21,17,4,0,6.688,7.807,0.02,60.8,68.5,4.5198,1.382,5.4,328 360
arginine,3,aspartic,21,17,4,1,6.688,7.807,0.02,60.8,68.5,1.2489,1.395,5.425,327 360 212 249
arginine,3,aspartic,21,17,4,2,6.688,7.807,0.02,60.8,68.5,0.0,1.116,4.622,351 58 108 269 233 145
arginine,3,aspartic,21,17,4,3,6.688,7.807,0.02,60.8,68.5,0.0,0.726,4.564,11 16 61 315 277 112 146 208
arginine,3,aspartic,21,17,4,4,6.688,7.807,0.02,60.8,68.5,0.0,1.663,2.364,67 9 54 86 61 101 152 291 243 139
arginine,3,aspartic,21,17,5,0,6.688,5.919,0.02,60.2,161.5,3.0788,1.494,5.509,320 0
arginine,3,aspartic,21,17,5,1,6.688,5.919,0.02,60.2,161.5,0.0,1.614,5.552,307 23 195 264
arginine,3,aspartic,21,17,5,2,6.688,5.919,0.02,60.2,161.5,0.0,1.663,4.972,337 45 81 293 232 115
arginine,3,aspartic,21,17,5,3,6.688,5.919,0.02,60.2,161.5,0.0,0.577,4.385,13 25 57 293 260 95 135 217
arginine,3,aspartic,21,17,5,4,6.688,5.919,0.02,60.2,161.5,0.0,1.301,4.511,4 0 34 317 293 81 110 254 219 148
arginine,3,aspartic,21,18,3,0,6.688,9.084,0.02,29.1,37.2,7.5936,1.728,1.652,78 0
arginine,3,aspartic,21,18,3,1,6.688,9.084,0.02,29.1,37.2,5.2787,1.728,0.772,77 0 180 0
arginine,3,aspartic,21,18,3,2,6.688,9.084,0.02,29.1,37.2,1.6079,1.728,0.772,77 360 175 9 180 180
arginine,3,aspartic,21,18,3,3,6.688,9.084,0.02,29.1,37.2,0.0,1.657,0.447,61 298 255 80 114 220 198 167
arginine,3,aspartic,21,18,3,4,6.688,9.084,0.02,29.1,37.2,0.0,1.61,0.355,38 329 292 55 87 254 228 140 159 195
arginine,3,aspartic,21,18,4,0,6.688,8.401,0.02,34.1,66.6,5.8924,1.474,1.333,19 360
arginine,3,aspartic,21,18,4,1,6.688,8.401,0.02,34.1,66.6,3.422,1.464,0.479,21 0 195 328
arginine,3,aspartic,21,18,4,2,6.688,8.401,0.02,34.1,66.6,0.0,1.529,0.653,33 339 194 32 138 200
arginine,3,aspartic,21,18,4,3,6.688,8.401,0.02,34.1,66.6,0.0,0.525,1.122,3 313 270 56 97 254 216 151
arginine,3,aspartic,21,18,4,4,6.688,8.401,0.02,34.1,66.6,0.0,0.646,0.562,21 325 290 46 79 263 232 124 150 202
arginine,3,aspartic,21,18,5,0,6.688,6.652,0.02,26.4,142.4,4.1905,1.728,1.478,51 360
arginine,3,aspartic,21,18,5,1,6.688,6.652,0.02,26.4,142.4,2.3074,1.728,0.467,54 360 180 0
arginine,3,aspartic,21,18,5,2,6.688,6.652,0.02,26.4,142.4,0.0,1.663,0.262,64 309 235 29 162 300
arginine,3,aspartic,21,18,5,3,6.688,6.652,0.02,26.4,142.4,0.0,0.975,0.502,40 301 266 76 114 253 217 151
arginine,3,aspartic,21,18,5,4,6.688,6.652,0.02,26.4,142.4,0.0,1.19,0.283,27 326 291 55 85 264 236 127 152 201
arginine,3,glutamic,22,16,4,0,5.58,5.077,0.823,117.1,82.2,1.4312,1.73,3.252,200 130
arginine,3,glutamic,22,16,4,1,5.58,5.077,0.823,117.1,82.2,0.0,1.484,2.57,207 131 152 199
arginine,3,glutamic,22,16,4,2,5.58,5.077,0.823,117.1,82.2,0.0,1.664,5.1,150 197 100 273 236 105
arginine,3,glutamic,22,16,4,3,5.58,5.077,0.823,117.1,82.2,0.0,1.664,5.089,110 190 129 258 252 90 134 225
arginine,3,glutamic,22,16,4,4,5.58,5.077,0.823,117.1,82.2,0.0,1.664,3.485,55 223 151 245 262 99 118 262 228 146
arginine,3,glutamic,22,16,5,0,5.58,4.652,0.823,95.6,98.1,0.8182,1.73,3.606,223 301
arginine,3,glutamic,22,16,5,1,5.58,4.652,0.823,95.6,98.1,0.0,0.488,4.117,171 98 132 202
arginine,3,glutamic,22,16,5,2,5.58,4.652,0.823,95.6,98.1,0.0,1.663,4.297,145 163 75 293 256 99
arginine,3,glutamic,22,16,5,3,5.58,4.652,0.823,95.6,98.1,0.0,0.453,4.239,125 196 79 262 286 24 85 272
arginine,3,glutamic,22,16,5,4,5.58,4.652,0.823,95.6,98.1,0.0,1.663,5.412,127 342 43 231 237 85 98 289 229 112
arginine,3,glutamic,22,16,6,0,5.58,6.61,0.823,98.4,7.9,4.6464,1.73,3.596,192 45
arginine,3,glutamic,22,16,6,1,5.58,6.61,0.823,98.4,7.9,0.9756,1.012,3.39,233 314 180 180
arginine,3,glutamic,22,16,6,2,5.58,6.61,0.823,98.4,7.9,0.0,0.727,4.061,177 155 114 250 227 133
arginine,3,glutamic,22,16,6,3,5.58,6.61,0.823,98.4,7.9,0.0,0.783,3.599,146 169 123 239 244 106 132 218
arginine,3,glutamic,22,16,6,4,5.58,6.61,0.823,98.4,7.9,0.0,1.663,5.326,142 203 152 213 233 104 111 252 223 146
arginine,3,glutamic,22,17,4,0,5.58,6.626,0.823,57.0,65.1,3.6433,1.729,4.981,198 360
arginine,3,glutamic,22,17,4,1,5.58,6.626,0.823,57.0,65.1,0.7183,1.711,4.534,198 360 151 77
arginine,3,glutamic,22,17,4,2,5.58,6.626,0.823,57.0,65.1,0.0,1.664,4.826,239 35 97 293 227 133
arginine,3,glutamic,22,17,4,3,5.58,6.626,0.823,57.0,65.1,0.0,1.664,4.269,277 48 87 275 227 96 137 211
arginine,3,glutamic,22,17,4,4,5.58,6.626,0.823,57.0,65.1,0.0,1.523,2.827,317 32 67 287 256 97 123 224 202 163
arginine,3,glutamic,22,17,5,0,5.58,5.237,0.823,74.1,119.7,1.4859,1.729,3.92,172 0
arginine,3,glutamic,22,17,5,1,5.58,5.237,0.823,74.1,119.7,0.0,1.663,3.678,186 287 258 258
arginine,3,glutamic,22,17,5,2,5.58,5.237,0.823,74.1,119.7,0.0,1.663,1.751,130 303 294 88 129 228
arginine,3,glutamic,22,17,5,3,5.58,5.237,0.823,74.1,119.7,0.0,1.417,4.232,218 104 63 120 39 286 206 26
arginine,3,glutamic,22,17,5,4,5.58,5.237,0.823,74.1,119.7,0.0,0.596,0.987,26 353 314 62 97 280 250 127 154 201
arginine,3,glutamic,22,17,6,0,5.58,7.465,0.823,66.6,27.0,5.0356,1.729,3.444,160 0
arginine,3,glutamic,22,17,6,1,5.58,7.465,0.823,66.6,27.0,1.4378,1.56,3.125,161 0 166 160
arginine,3,glutamic,22,17,6,2,5.58,7.465,0.823,66.6,27.0,0.0,1.663,1.371,136 299 269 114 147 208
arginine,3,glutamic,22,17,6,3,5.58,7.465,0.823,66.6,27.0,0.0,1.545,1.311,101 312 285 99 125 228 205 161
arginine,3,glutamic,22,17,6,4,5.58,7.465,0.823,66.6,27.0,0.0,0.745,1.535,49 354 307 56 98 269 246 158 171 188
arginine,3,glutamic,22,18,4,0,5.58,5.322,0.823,106.1,57.5,2.1704,1.728,1.935,100 60
arginine,3,glutamic,22,18,4,1,5.58,5.322,0.823,106.1,57.5,0.0,1.049,2.787,165 265 227 148
arginine,3,glutamic,22,18,4,2,5.58,5.322,0.823,106.1,57.5,0.0,1.056,1.786,197 184 250 96 129 239
arginine,3,glutamic,22,18,4,3,5.58,5.322,0.823,106.1,57.5,0.0,1.348,1.105,230 177 231 108 119 266 226 141
arginine,3,glutamic,22,18,4,4,5.58,5.322,0.823,106.1,57.5,0.0,1.509,1.008,243 173 217 124 112 257 242 111 141 211
arginine,3,glutamic,22,18,5,0,5.58,4.312,0.823,109.7,94.2,0.5157,1.728,2.739,139 85
arginine,3,glutamic,22,18,5,1,5.58,4.312,0.823,109.7,94.2,0.0,1.663,2.771,190 47 327 76
arginine,3,glutamic,22,18,5,2,5.58,4.312,0.823,109.7,94.2,0.0,1.663,1.426,231 124 310 88 110 275
arginine,3,glutamic,22,18,5,3,5.58,4.312,0.823,109.7,94.2,0.0,1.663,2.246,226 75 60 33 73 304 244 120
arginine,3,glutamic,22,18,5,4,5.58,4.312,0.823,109.7,94.2,0.0,1.663,2.081,247 61 57 32 38 339 304 33 108 264
arginine,3,glutamic,22,18,6,0,5.58,5.98,0.823,126.5,27.7,3.5486,1.35,2.498,171 196
arginine,3,glutamic,22,18,6,1,5.58,5.98,0.823,126.5,27.7,0.0,0.779,2.65,143 173 178 175
arginine,3,glutamic,22,18,6,2,5.58,5.98,0.823,126.5,27.7,0.0,1.663,1.151,232 151 256 89 134 264
arginine,3,glutamic,22,18,6,3,5.58,5.98,0.823,126.5,27.7,0.0,1.663,0.377,279 163 229 98 112 273 225 137
arginine,3,glutamic,22,18,6,4,5.58,5.98,0.823,126.5,27.7,0.0,1.663,0.73,284 146 201 133 115 251 239 112 141 211
arginine,3,isoleucine,3,16,4,0,8.933,9.043,-0.55,77.5,94.6,5.2277,1.73,1.627,288 0
arginine,3,isoleucine,3,16,4,1,8.933,9.043,-0.55,77.5,94.6,1.5602,1.73,0.577,288 360 180 180
arginine,3,isoleucine,3,16,4,2,8.933,9.043,-0.55,77.5,94.6,0.0,1.128,0.769,248 119 135 226 205 160
arginine,3,isoleucine,3,16,4,3,8.933,9.043,-0.55,77.5,94.6,0.0,1.663,1.401,232 135 140 232 219 144 161 196
arginine,3,isoleucine,3,16,4,4,8.933,9.043,-0.55,77.5,94.6,0.0,1.663,3.295,208 156 150 225 223 129 141 217 200 164
arginine,3,isoleucine,3,16,5,0,8.933,10.289,-0.55,76.5,46.0,7.3259,1.73,1.904,274 345
arginine,3,isoleucine,3,16,5,1,8.933,10.289,-0.55,76.5,46.0,3.6551,0.91,0.686,276 342 180 180
arginine,3,isoleucine,3,16,5,2,8.933,10.289,-0.55,76.5,46.0,0.0534,0.369,0.897,246 38 180 180 180 180
arginine,3,isoleucine,3,16,5,3,8.933,10.289,-0.55,76.5,46.0,0.0,1.317,1.276,229 130 141 226 215 155 167 191
arginine,3,isoleucine,3,16,5,4,8.933,10.289,-0.55,76.5,46.0,0.0,1.094,2.975,206 146 144 221 218 137 147 209 196 167
arginine,3,isoleucine,3,16,6,0,8.933,10.179,-0.55,65.1,50.9,7.3462,1.73,1.669,285 0
arginine,3,isoleucine,3,16,6,1,8.933,10.179,-0.55,65.1,50.9,4.155,1.73,0.662,286 0 212 252
arginine,3,isoleucine,3,16,6,2,8.933,10.179,-0.55,65.1,50.9,0.4842,0.741,0.662,286 360 148 107 180 180
arginine,3,isoleucine,3,16,6,3,8.933,10.179,-0.55,65.1,50.9,0.0,0.777,0.601,331 25 80 311 272 137 161 194
arginine,3,isoleucine,3,16,6,4,8.933,10.179,-0.55,65.1,50.9,0.0,0.731,0.61,339 11 50 313 285 110 132 223 203 163
arginine,3,isoleucine,3,17,4,0,8.933,10.231,-0.55,22.8,84.8,8.0934,1.729,2.198,94 360
arginine,3,isoleucine,3,17,4,1,8.933,10.231,-0.55,22.8,84.8,6.1515,1.729,0.503,91 0 180 360
arginine,3,isoleucine,3,17,4,2,8.933,10.231,-0.55,22.8,84.8,2.7112,1.201,0.686,89 0 180 0 207 227
arginine,3,isoleucine,3,17,4,3,8.933,10.231,-0.55,22.8,84.8,0.0,1.117,0.338,113 314 217 56 150 233 200 174
arginine,3,isoleucine,3,17,4,4,8.933,10.231,-0.55,22.8,84.8,0.0,0.553,0.185,49 321 284 63 95 247 223 146 163 193
arginine,3,isoleucine,3,17,5,0,8.933,11.297,-0.55,32.7,41.8,9.2865,1.729,2.517,124 360
arginine,3,isoleucine,3,17,5,1,8.933,11.297,-0.55,32.7,41.8,6.672,1.729,0.969,122 360 204 304
arginine,3,isoleucine,3,17,5,2,8.933,11.297,-0.55,32.7,41.8,3.0012,1.523,0.383,122 360 155 57 180 180
arginine,3,isoleucine,3,17,5,3,8.933,11.297,-0.55,32.7,41.8,0.0,0.882,0.562,132 310 200 90 148 195 186 182
arginine,3,isoleucine,3,17,5,4,8.933,11.297,-0.55,32.7,41.8,0.0,0.759,0.669,64 324 281 67 101 232 214 168 174 184
arginine,3,isoleucine,3,17,6,0,8.933,10.844,-0.55,35.3,61.7,8.277,1.729,2.289,85 360
arginine,3,isoleucine,3,17,6,1,8.933,10.844,-0.55,35.3,61.7,5.6116,1.729,1.285,86 0 155 60
arginine,3,isoleucine,3,17,6,2,8.933,10.844,-0.55,35.3,61.7,1.9408,1.729,0.466,86 0 206 300 180 180
arginine,3,isoleucine,3,17,6,3,8.933,10.844,-0.55,35.3,61.7,0.0,0.684,0.76,55 316 253 65 94 198 183 177
arginine,3,isoleucine,3,17,6,4,8.933,10.844,-0.55,35.3,61.7,0.0,0.489,0.501,40 337 295 51 85 247 223 148 163 192
arginine,3,isoleucine,3,18,4,0,8.933,7.894,-0.55,123.9,80.7,4.2435,1.728,0.728,77 249
arginine,3,isoleucine,3,18,4,1,8.933,7.894,-0.55,123.9,80.7,0.5727,1.728,0.72,78 249 180 180
arginine,3,isoleucine,3,18,4,2,8.933,7.894,-0.55,123.9,80.7,0.0,0.251,0.738,91 209 198 149 161 193
arginine,3,isoleucine,3,18,4,3,8.933,7.894,-0.55,123.9,80.7,0.0,0.593,1.866,127 194 203 119 123 236 212 153
arginine,3,isoleucine,3,18,4,4,8.933,7.894,-0.55,123.9,80.7,0.0,0.854,2.599,160 191 193 122 117 229 219 136 156 200
arginine,3,isoleucine,3,18,5,0,8.933,8.833,-0.55,139.3,43.4,5.9559,1.728,0.886,61 180
arginine,3,isoleucine,3,18,5,1,8.933,8.833,-0.55,139.3,43.4,2.3036,0.216,0.859,62 180 180 180
arginine,3,isoleucine,3,18,5,2,8.933,8.833,-0.55,139.3,43.4,0.0,0.385,0.886,93 201 191 156 165 189
arginine,3,isoleucine,3,18,5,3,8.933,8.833,-0.55,139.3,43.4,0.0,0.56,2.138,130 185 191 126 128 220 203 161
arginine,3,isoleucine,3,18,5,4,8.933,8.833,-0.55,139.3,43.4,0.0,1.663,2.349,158 170 182 137 130 234 225 140 158 199
arginine,3,isoleucine,3,18,6,0,8.933,8.517,-0.55,133.6,57.1,5.3107,1.728,0.899,39 219
arginine,3,isoleucine,3,18,6,1,8.933,8.517,-0.55,133.6,57.1,1.6399,1.236,0.908,40 220 180 180
arginine,3,isoleucine,3,18,6,2,8.933,8.517,-0.55,133.6,57.1,0.0,0.871,0.803,76 201 202 133 140 204
arginine,3,isoleucine,3,18,6,3,8.933,8.517,-0.55,133.6,57.1,0.0,0.259,1.757,121 191 189 119 124 221 202 160
arginine,3,isoleucine,3,18,6,4,8.933,8.517,-0.55,133.6,57.1,0.0,1.664,0.387,85 260 247 31 43 278 248 104 139 213
arginine,3,leucine,13,16,1,0,11.337,11.492,-0.624,38.8,123.9,8.3852,1.73,3.261,218 360
arginine,3,leucine,13,16,1,1,11.337,11.492,-0.624,38.8,123.9,5.6933,1.73,1.652,219 0 154 62
arginine,3,leucine,13,16,1,2,11.337,11.492,-0.624,38.8,123.9,2.0225,1.73,0.336,219 360 207 297 180 180
arginine,3,leucine,13,16,1,3,11.337,11.492,-0.624,38.8,123.9,0.0,1.599,0.866,228 69 131 255 209 147 162 185
arginine,3,leucine,13,16,1,4,11.337,11.492,-0.624,38.8,123.9,0.0,1.24,0.447,298 34 76 288 254 126 143 194 186 176
arginine,3,leucine,13,16,2,0,11.337,13.539,-0.624,39.0,40.2,11.5886,1.73,3.916,202 360
arginine,3,leucine,13,16,2,1,11.337,13.539,-0.624,39.0,40.2,8.9605,1.73,2.233,201 360 205 300
arginine,3,leucine,13,16,2,2,11.337,13.539,-0.624,39.0,40.2,5.2897,1.73,1.555,201 360 154 61 180 180
arginine,3,leucine,13,16,2,3,11.337,13.539,-0.624,39.0,40.2,1.6879,0.907,1.471,201 0 212 293 180 180 180 180
arginine,3,leucine,13,16,2,4,11.337,13.539,-0.624,39.0,40.2,0.0,1.086,0.954,236 64 109 272 235 159 169 174 176 184
arginine,3,leucine,13,16,13,0,11.337,13.147,-0.624,47.4,58.2,10.2632,1.73,3.092,222 360
arginine,3,leucine,13,16,13,1,11.337,13.147,-0.624,47.4,58.2,7.1822,1.73,2.19,222 360 148 100
arginine,3,leucine,13,16,13,2,11.337,13.147,-0.624,47.4,58.2,3.5114,1.73,1.319,222 360 148 100 180 180
arginine,3,leucine,13,16,13,3,11.337,13.147,-0.624,47.4,58.2,0.0,1.208,1.21,208 17 213 263 186 183 182 170
arginine,3,leucine,13,16,13,4,11.337,13.147,-0.624,47.4,58.2,0.0,1.663,0.623,288 40 86 283 251 150 157 173 176 183
arginine,3,leucine,13,17,1,0,11.337,10.235,-0.624,89.8,122.2,6.3875,1.729,2.428,81 51
arginine,3,leucine,13,17,1,1,11.337,10.235,-0.624,89.8,122.2,2.7167,1.729,0.335,81 52 180 180
arginine,3,leucine,13,17,1,2,11.337,10.235,-0.624,89.8,122.2,0.0,1.34,0.97,137 246 226 144 162 194
arginine,3,leucine,13,17,1,3,11.337,10.235,-0.624,89.8,122.2,0.0,0.563,2.159,148 219 218 139 148 211 197 166
arginine,3,leucine,13,17,1,4,11.337,10.235,-0.624,89.8,122.2,0.0,0.41,2.931,172 201 212 143 142 228 219 144 160 196
arginine,3,leucine,13,17,2,0,11.337,12.075,-0.624,98.3,48.8,9.0318,1.729,2.747,129 280
arginine,3,leucine,13,17,2,1,11.337,12.075,-0.624,98.3,48.8,5.361,1.729,1.194,69 80 180 180
arginine,3,leucine,13,17,2,2,11.337,12.075,-0.624,98.3,48.8,1.7593,0.523,1.162,135 277 180 180 180 180
arginine,3,leucine,13,17,2,3,11.337,12.075,-0.624,98.3,48.8,0.0,0.945,3.072,150 219 209 153 162 195 188 174
arginine,3,leucine,13,17,2,4,11.337,12.075,-0.624,98.3,48.8,0.0,0.434,4.304,165 199 207 147 149 221 212 152 165 192
arginine,3,leucine,13,17,13,0,11.337,12.091,-0.624,89.1,48.1,9.0643,1.729,2.466,127 334
arginine,3,leucine,13,17,13,1,11.337,12.091,-0.624,89.1,48.1,5.3935,1.729,0.686,128 332 180 180
arginine,3,leucine,13,17,13,2,11.337,12.091,-0.624,89.1,48.1,1.7917,0.574,0.352,138 317 180 180 180 180
arginine,3,leucine,13,17,13,3,11.337,12.091,-0.624,89.1,48.1,0.0,0.309,2.681,158 225 223 143 153 207 195 168
arginine,3,leucine,13,17,13,4,11.337,12.091,-0.624,89.1,48.1,0.0,0.734,4.41,170 204 210 151 153 216 208 156 167 190
arginine,3,leucine,13,18,1,0,11.337,9.096,-0.624,142.0,127.0,5.2865,1.728,1.125,270 180
arginine,3,leucine,13,18,1,1,11.337,9.096,-0.624,142.0,127.0,1.621,1.728,0.554,270 180 180 180
arginine,3,leucine,13,18,1,2,11.337,9.096,-0.624,142.0,127.0,0.0,1.662,0.269,247 160 169 200 192 172
arginine,3,leucine,13,18,1,3,11.337,9.096,-0.624,142.0,127.0,0.0,0.71,1.623,207 187 166 223 226 128 148 205
arginine,3,leucine,13,18,1,4,11.337,9.096,-0.624,142.0,127.0,0.0,0.569,2.362,180 197 173 216 230 125 132 228 208 157
arginine,3,leucine,13,18,2,0,11.337,11.225,-0.624,137.0,39.5,8.4138,1.728,1.08,245 138
arginine,3,leucine,13,18,2,1,11.337,11.225,-0.624,137.0,39.5,4.7429,1.728,0.692,244 137 180 180
arginine,3,leucine,13,18,2,2,11.337,11.225,-0.624,137.0,39.5,1.1412,0.823,0.573,236 132 180 180 180 180
arginine,3,leucine,13,18,2,3,11.337,11.225,-0.624,137.0,39.5,0.0,0.669,1.214,220 175 176 210 206 161 170 188
arginine,3,leucine,13,18,2,4,11.337,11.225,-0.624,137.0,39.5,0.0,0.468,2.087,192 195 175 211 219 123 132 220 202 161
arginine,3,leucine,13,18,13,0,11.337,10.821,-0.624,149.4,57.9,7.7031,1.728,1.046,260 180
arginine,3,leucine,13,18,13,1,11.337,10.821,-0.624,149.4,57.9,4.3261,1.728,0.26,259 180 151 127
arginine,3,leucine,13,18,13,2,11.337,10.821,-0.624,149.4,57.9,0.6553,0.944,0.26,259 180 210 233 180 180
arginine,3,leucine,13,18,13,3,11.337,10.821,-0.624,149.4,57.9,0.0,0.542,1.361,221 187 177 210 211 152 164 194
arginine,3,leucine,13,18,13,4,11.337,10.821,-0.624,149.4,57.9,0.0,1.663,2.64,180 212 182 208 224 126 134 225 206 159
arginine,3,serine,31,16,3,0,6.799,5.722,-0.13,170.0,69.4,2.9474,1.73,5.107,69 180
arginine,3,serine,31,16,3,1,6.799,5.722,-0.13,170.0,69.4,0.4429,1.73,4.943,60 180 190 340
arginine,3,serine,31,16,3,2,6.799,5.722,-0.13,170.0,69.4,0.0,1.665,4.672,51 184 200 280 231 108
arginine,3,serine,31,16,3,3,6.799,5.722,-0.13,170.0,69.4,0.0,1.665,4.86,89 156 177 271 307 84 130 244
arginine,3,serine,31,16,3,4,6.799,5.722,-0.13,170.0,69.4,0.0,1.665,4.502,101 138 152 303 324 80 87 274 235 131
arginine,3,serine,31,16,4,0,6.799,6.134,-0.13,146.2,54.0,3.0412,1.73,3.334,350 153
arginine,3,serine,31,16,4,1,6.799,6.134,-0.13,146.2,54.0,0.0,1.661,2.274,9 141 249 135
arginine,3,serine,31,16,4,2,6.799,6.134,-0.13,146.2,54.0,0.0,1.661,3.141,42 161 217 136 118 249
arginine,3,serine,31,16,4,3,6.799,6.134,-0.13,146.2,54.0,0.0,1.661,3.745,82 170 277 84 355 87 138 275
arginine,3,serine,31,16,4,4,6.799,6.134,-0.13,146.2,54.0,0.0,1.661,2.066,101 17 27 58 31 143 121 79 110 245
arginine,3,serine,31,16,5,0,6.799,3.908,-0.13,150.3,161.2,1.0647,1.73,3.927,16 180
arginine,3,serine,31,16,5,1,6.799,3.908,-0.13,150.3,161.2,0.0,1.661,2.116,16 305 69 9
arginine,3,serine,31,16,5,2,6.799,3.908,-0.13,150.3,161.2,0.0,1.524,0.054,259 242 63 293 253 356
arginine,3,serine,31,16,5,3,6.799,3.908,-0.13,150.3,161.2,0.0,0.57,2.994,78 354 7 293 266 55 123 264
arginine,3,serine,31,16,5,4,6.799,3.908,-0.13,150.3,161.2,0.0,1.508,1.033,316 38 252 197 15 15 180 122 3 58
arginine,3,serine,31,17,3,0,6.799,7.947,-0.13,57.2,76.9,4.5251,1.729,5.825,243 0
arginine,3,serine,31,17,3,1,6.799,7.947,-0.13,57.2,76.9,1.336,1.729,5.745,244 0 212 261
arginine,3,serine,31,17,3,2,6.799,7.947,-0.13,57.2,76.9,0.0,1.665,5.645,250 84 116 242 212 155
arginine,3,serine,31,17,3,3,6.799,7.947,-0.13,57.2,76.9,0.0,0.628,4.786,280 72 92 246 227 139 158 197
arginine,3,serine,31,17,3,4,6.799,7.947,-0.13,57.2,76.9,0.0,1.498,4.969,346 13 49 291 267 111 128 217 199 164
arginine,3,serine,31,17,4,0,6.799,8.361,-0.13,49.3,61.4,5.4651,1.729,5.931,273 360
arginine,3,serine,31,17,4,1,6.799,8.361,-0.13,49.3,61.4,2.5126,1.729,5.093,272 360 150 83
arginine,3,serine,31,17,4,2,6.799,8.361,-0.13,49.3,61.4,0.0,1.661,3.049,280 57 128 269 229 155
arginine,3,serine,31,17,4,3,6.799,8.361,-0.13,49.3,61.4,0.0,1.601,3.652,336 32 74 293 257 119 149 204
arginine,3,serine,31,17,4,4,6.799,8.361,-0.13,49.3,61.4,0.0,1.269,1.812,336 17 55 308 278 102 127 227 205 161
arginine,3,serine,31,17,5,0,6.799,6.308,-0.13,42.9,157.8,3.4373,1.729,5.855,251 0
arginine,3,serine,31,17,5,1,6.799,6.308,-0.13,42.9,157.8,0.7961,1.729,4.959,251 0 195 328
arginine,3,serine,31,17,5,2,6.799,6.308,-0.13,42.9,157.8,0.0,1.416,2.853,272 61 108 309 224 96
arginine,3,serine,31,17,5,3,6.799,6.308,-0.13,42.9,157.8,0.0,1.661,4.06,328 46 82 283 241 86 129 218
arginine,3,serine,31,17,5,4,6.799,6.308,-0.13,42.9,157.8,0.0,0.964,1.971,332 26 60 297 268 97 122 231 206 160
arginine,3,serine,31,18,3,0,6.799,7.911,-0.13,58.7,66.8,4.7532,1.728,2.39,123 360
arginine,3,serine,31,18,3,1,6.799,7.911,-0.13,58.7,66.8,1.6128,1.728,2.378,122 360 148 99
arginine,3,serine,31,18,3,2,6.799,7.911,-0.13,58.7,66.8,0.0,1.665,0.845,116 278 249 123 151 203
arginine,3,serine,31,18,3,3,6.799,7.911,-0.13,58.7,66.8,0.0,1.665,0.341,73 340 304 37 77 262 220 146
arginine,3,serine,31,18,3,4,6.799,7.911,-0.13,58.7,66.8,0.0,1.469,0.738,76 250 271 163 131 220 231 128 148 209
arginine,3,serine,31,18,4,0,6.799,8.288,-0.13,52.4,51.9,5.7974,1.728,1.694,83 360
arginine,3,serine,31,18,4,1,6.799,8.288,-0.13,52.4,51.9,3.023,1.728,0.794,81 0 152 69
arginine,3,serine,31,18,4,2,6.799,8.288,-0.13,52.4,51.9,0.0,1.342,0.75,94 305 209 89 138 199
arginine,3,serine,31,18,4,3,6.799,8.288,-0.13,52.4,51.9,0.0,1.43,0.437,23 325 284 66 101 240 210 156
arginine,3,serine,31,18,4,4,6.799,8.288,-0.13,52.4,51.9,0.0,1.463,0.456,16 351 312 47 78 261 236 132 155 199
arginine,3,serine,31,18,5,0,6.799,5.945,-0.13,57.8,166.8,2.954,1.728,2.031,105 360
arginine,3,serine,31,18,5,1,6.799,5.945,-0.13,57.8,166.8,0.0,1.661,1.044,105 321 195 89
arginine,3,serine,31,18,5,2,6.799,5.945,-0.13,57.8,166.8,0.0,1.661,0.474,91 281 290 62 128 268
arginine,3,serine,31,18,5,3,6.799,5.945,-0.13,57.8,166.8,0.0,1.075,0.842,101 308 300 49 62 310 216 71
arginine,3,serine,31,18,5,4,6.799,5.945,-0.13,57.8,166.8,0.0,1.513,0.686,351 140 81 281 325 63 19 89 140 214
arginine,3,tryptophan,5,16,16,0,11.56,10.458,0.071,106.8,111.0,6.5744,1.73,2.139,285 88
arginine,3,tryptophan,5,16,16,1,11.56,10.458,0.071,106.8,111.0,2.9036,1.73,0.38,284 88 180 180
arginine,3,tryptophan,5,16,16,2,11.56,10.458,0.071,106.8,111.0,0.0,1.448,0.548,334 28 43 173 181 178
arginine,3,tryptophan,5,16,16,3,11.56,10.458,0.071,106.8,111.0,0.0,1.627,0.896,247 158 133 348 74 177 172 213
arginine,3,tryptophan,5,16,16,4,11.56,10.458,0.071,106.8,111.0,0.0,1.663,3.152,215 159 160 232 229 141 152 209 196 168
arginine,3,tryptophan,5,16,17,0,11.56,11.509,0.071,96.4,70.8,8.0046,1.73,1.932,343 307
arginine,3,tryptophan,5,16,17,1,11.56,11.509,0.071,96.4,70.8,4.3338,1.73,0.574,344 307 180 180
arginine,3,tryptophan,5,16,17,2,11.56,11.509,0.071,96.4,70.8,0.7321,0.768,0.8,350 299 180 180 180 180
arginine,3,tryptophan,5,16,17,3,11.56,11.509,0.071,96.4,70.8,0.0,0.923,0.209,279 325 325 359 27 150 170 205
arginine,3,tryptophan,5,16,17,4,11.56,11.509,0.071,96.4,70.8,0.0,0.901,1.099,39 26 58 40 50 150 176 289 247 140
arginine,3,tryptophan,5,16,18,0,11.56,12.454,0.071,107.2,26.0,9.9747,1.73,2.465,293 102
arginine,3,tryptophan,5,16,18,1,11.56,12.454,0.071,107.2,26.0,6.3039,1.73,1.115,292 102 180 180
arginine,3,tryptophan,5,16,18,2,11.56,12.454,0.071,107.2,26.0,2.7022,1.73,0.425,286 103 180 180 180 180
arginine,3,tryptophan,5,16,18,3,11.56,12.454,0.071,107.2,26.0,0.0,1.664,1.269,271 143 170 222 209 173 179 182
arginine,3,tryptophan,5,16,18,4,11.56,12.454,0.071,107.2,26.0,0.0,1.664,2.239,228 153 162 234 227 152 161 201 191 172
arginine,3,tryptophan,5,17,16,0,11.56,12.489,0.071,12.1,106.9,10.4062,1.729,5.79,292 360
arginine,3,tryptophan,5,17,16,1,11.56,12.489,0.071,12.1,106.9,8.5217,1.729,4.636,290 360 180 0
arginine,3,tryptophan,5,17,16,2,11.56,12.489,0.071,12.1,106.9,5.0467,1.729,1.118,288 0 180 360 156 142
arginine,3,tryptophan,5,17,16,3,11.56,12.489,0.071,12.1,106.9,1.3759,1.729,0.232,288 0 180 0 155 142 180 180
arginine,3,tryptophan,5,17,16,4,11.56,12.489,0.071,12.1,106.9,0.0,1.663,0.823,283 64 104 281 245 140 158 194 187 176
arginine,3,tryptophan,5,17,17,0,11.56,13.241,0.071,16.2,78.2,11.1686,1.435,4.99,350 360
arginine,3,tryptophan,5,17,17,1,11.56,13.241,0.071,16.2,78.2,9.0527,1.236,4.077,349 0 180 0
arginine,3,tryptophan,5,17,17,2,11.56,13.241,0.071,16.2,78.2,5.4263,1.266,2.413,349 0 180 0 180 180
arginine,3,tryptophan,5,17,17,3,11.56,13.241,0.071,16.2,78.2,1.764,0.687,2.345,349 360 180 360 180 180 180 180
arginine,3,tryptophan,5,17,17,4,11.56,13.241,0.071,16.2,78.2,0.0,0.645,2.01,316 65 117 288 238 142 164 187 183 181
arginine,3,tryptophan,5,17,18,0,11.56,14.436,0.071,18.0,20.6,13.4209,1.729,5.737,297 360
arginine,3,tryptophan,5,17,18,1,11.56,14.436,0.071,18.0,20.6,11.1072,1.729,4.651,299 360 172 15
arginine,3,tryptophan,5,17,18,2,11.56,14.436,0.071,18.0,20.6,7.4364,1.729,1.324,299 0 189 341 180 180
arginine,3,tryptophan,5,17,18,3,11.56,14.436,0.071,18.0,20.6,3.8347,1.689,1.058,299 360 159 38 180 180 180 180
arginine,3,tryptophan,5,17,18,4,11.56,14.436,0.071,18.0,20.6,0.1737,1.11,1.138,299 360 161 35 180 180 180 180 180 180
arginine,3,tryptophan,5,18,16,0,11.56,10.982,0.071,86.6,113.2,7.1006,1.728,1.298,41 37
arginine,3,tryptophan,5,18,16,1,11.56,10.982,0.071,86.6,113.2,3.4297,1.728,0.608,40 38 180 180
arginine,3,tryptophan,5,18,16,2,11.56,10.982,0.071,86.6,113.2,0.0,1.663,0.583,35 54 152 177 129 134
arginine,3,tryptophan,5,18,16,3,11.56,10.982,0.071,86.6,113.2,0.0,0.758,0.942,358 345 300 55 78 213 193 166
arginine,3,tryptophan,5,18,16,4,11.56,10.982,0.071,86.6,113.2,0.0,1.545,0.617,8 4 327 47 64 244 229 126 148 205
arginine,3,tryptophan,5,18,17,0,11.56,11.791,0.071,85.9,81.8,8.1105,1.728,1.252,62 318
arginine,3,tryptophan,5,18,17,1,11.56,11.791,0.071,85.9,81.8,4.4397,1.728,0.664,23 43 180 180
arginine,3,tryptophan,5,18,17,2,11.56,11.791,0.071,85.9,81.8,0.8379,0.881,1.02,16 53 180 180 180 180
arginine,3,tryptophan,5,18,17,3,11.56,11.791,0.071,85.9,81.8,0.0,1.007,0.905,1 353 295 28 60 217 193 167
arginine,3,tryptophan,5,18,17,4,11.56,11.791,0.071,85.9,81.8,0.0,0.084,1.836,324 336 302 313 304 210 181 82 119 214
arginine,3,tryptophan,5,18,18,0,11.56,13.124,0.071,81.6,17.1,10.8651,1.728,1.527,61 0
arginine,3,tryptophan,5,18,18,1,11.56,13.124,0.071,81.6,17.1,7.1941,1.728,0.158,61 360 180 180
arginine,3,tryptophan,5,18,18,2,11.56,13.124,0.071,81.6,17.1,3.5923,1.728,0.496,80 327 180 180 180 180
arginine,3,tryptophan,5,18,18,3,11.56,13.124,0.071,81.6,17.1,0.0,0.807,0.297,45 39 168 190 167 184 194 207
arginine,3,tryptophan,5,18,18,4,11.56,13.124,0.071,81.6,17.1,0.0,1.049,1.1,118 226 214 136 144 207 199 163 171 187
arginine,3,tyrosine,1,16,11,0,5.644,7.201,0.752,59.4,51.3,4.3011,1.73,5.42,125 0
arginine,3,tyrosine,1,16,11,1,5.644,7.201,0.752,59.4,51.3,1.0334,1.73,5.415,127 0 148 110
arginine,3,tyrosine,1,16,11,2,5.644,7.201,0.752,59.4,51.3,0.0,1.663,5.422,124 286 257 119 148 205
arginine,3,tyrosine,1,16,11,3,5.644,7.201,0.752,59.4,51.3,0.0,1.503,5.425,108 260 275 134 136 235 213 152
arginine,3,tyrosine,1,16,11,4,5.644,7.201,0.752,59.4,51.3,0.0,1.11,5.101,78 278 300 336 319 210 222 53 103 279
arginine,3,tyrosine,1,16,12,0,5.644,7.324,0.752,60.5,45.9,4.5113,1.73,4.75,167 0
arginine,3,tyrosine,1,16,12,1,5.644,7.324,0.752,60.5,45.9,1.1643,1.725,4.803,165 0 149 118
arginine,3,tyrosine,1,16,12,2,5.644,7.324,0.752,60.5,45.9,0.0,1.664,5.4,130 302 260 107 145 208
arginine,3,tyrosine,1,16,12,3,5.644,7.324,0.752,60.5,45.9,0.0,1.392,5.407,102 297 268 106 132 222 201 164
arginine,3,tyrosine,1,16,12,4,5.644,7.324,0.752,60.5,45.9,0.0,0.516,4.001,68 303 280 102 120 240 225 146 162 194
arginine,3,tyrosine,1,16,13,0,5.644,5.081,0.752,64.5,142.0,2.0964,1.73,5.313,143 0
arginine,3,tyrosine,1,16,13,1,5.644,5.081,0.752,64.5,142.0,0.0,1.665,5.228,150 321 210 123
arginine,3,tyrosine,1,16,13,2,5.644,5.081,0.752,64.5,142.0,0.0,1.665,5.36,94 324 290 56 130 255
arginine,3,tyrosine,1,16,13,3,5.644,5.081,0.752,64.5,142.0,0.0,1.665,5.05,65 326 300 78 113 263 223 145
arginine,3,tyrosine,1,16,13,4,5.644,5.081,0.752,64.5,142.0,0.0,0.454,0.761,297 96 50 52 126 308 238 348 73 236
arginine,3,tyrosine,1,17,11,0,5.644,5.07,0.752,164.4,51.4,2.8039,1.729,5.458,217 180
arginine,3,tyrosine,1,17,11,1,5.644,5.07,0.752,164.4,51.4,0.3138,1.72,5.17,204 180 191 337
arginine,3,tyrosine,1,17,11,2,5.644,5.07,0.752,164.4,51.4,0.0,0.871,4.114,44 168 170 59 117 276
arginine,3,tyrosine,1,17,11,3,5.644,5.07,0.752,164.4,51.4,0.0,1.559,5.767,323 164 177 119 86 279 245 112
arginine,3,tyrosine,1,17,11,4,5.644,5.07,0.752,164.4,51.4,0.0,1.663,6.048,259 126 156 315 311 293 249 49 112 238
arginine,3,tyrosine,1,17,12,0,5.644,5.492,0.752,137.8,32.7,2.9518,1.644,4.101,178 239
arginine,3,tyrosine,1,17,12,1,5.644,5.492,0.752,137.8,32.7,0.0,1.28,4.079,153 213 195 175
arginine,3,tyrosine,1,17,12,2,5.644,5.492,0.752,137.8,32.7,0.0,1.664,3.827,150 45 279 165 97 327
arginine,3,tyrosine,1,17,12,3,5.644,5.492,0.752,137.8,32.7,0.0,1.664,5.92,242 85 340 190 303 65 229 209
arginine,3,tyrosine,1,17,12,4,5.644,5.492,0.752,137.8,32.7,0.0,1.592,1.118,137 39 99 48 6 304 259 36 121 256
arginine,3,tyrosine,1,17,13,0,5.644,3.327,0.752,142.3,119.1,0.0,1.665,4.154,183 242
arginine,3,tyrosine,1,17,13,1,5.644,3.327,0.752,142.3,119.1,0.0,1.152,3.912,141 193 103 323
arginine,3,tyrosine,1,17,13,2,5.644,3.327,0.752,142.3,119.1,0.0,0.558,3.501,104 213 80 319 228 19
arginine,3,tyrosine,1,17,13,3,5.644,3.327,0.752,142.3,119.1,0.0,1.665,4.362,242 314 107 158 28 347 173 325
arginine,3,tyrosine,1,17,13,4,5.644,3.327,0.752,142.3,119.1,0.0,1.193,2.096,105 144 89 300 318 60 103 311 216 96
arginine,3,tyrosine,1,18,11,0,5.644,6.909,0.752,70.4,35.3,4.5396,1.677,2.346,238 0
arginine,3,tyrosine,1,18,11,1,5.644,6.909,0.752,70.4,35.3,1.4793,0.959,2.332,244 0 148 96
arginine,3,tyrosine,1,18,11,2,5.644,6.909,0.752,70.4,35.3,0.0,0.613,2.005,240 71 101 241 212 155
arginine,3,tyrosine,1,18,11,3,5.644,6.909,0.752,70.4,35.3,0.0,0.565,1.423,274 95 72 224 228 119 143 212
arginine,3,tyrosine,1,18,11,4,5.644,6.909,0.752,70.4,35.3,0.0,0.544,1.203,240 138 86 170 238 141 108 263 231 123
arginine,3,tyrosine,1,18,12,0,5.644,6.528,0.752,90.0,52.6,3.4581,1.728,2.283,249 285
arginine,3,tyrosine,1,18,12,1,5.644,6.528,0.752,90.0,52.6,0.0,1.664,2.029,193 107 138 210
arginine,3,tyrosine,1,18,12,2,5.644,6.528,0.752,90.0,52.6,0.0,1.353,1.595,190 146 112 235 213 146
arginine,3,tyrosine,1,18,12,3,5.644,6.528,0.752,90.0,52.6,0.0,1.616,2.721,163 201 95 218 239 100 134 228
arginine,3,tyrosine,1,18,12,4,5.644,6.528,0.752,90.0,52.6,0.0,1.664,0.555,228 165 121 184 217 93 100 284 232 126
arginine,3,tyrosine,1,18,13,0,5.644,4.857,0.752,72.5,117.7,1.0301,1.728,2.444,221 360
arginine,3,tyrosine,1,18,13,1,5.644,4.857,0.752,72.5,117.7,0.0,1.216,2.695,196 73 128 256
arginine,3,tyrosine,1,18,13,2,5.644,4.857,0.752,72.5,117.7,0.0,0.816,2.236,252 301 205 232 327 339
arginine,3,tyrosine,1,18,13,3,5.644,4.857,0.752,72.5,117.7,0.0,1.343,1.357,250 51 2 305 321 39 129 294
arginine,3,tyrosine,1,18,13,4,5.644,4.857,0.752,72.5,117.7,0.0,0.656,1.177,267 105 98 229 235 98 110 252 220 146
arginine,3,phenylalanine,4,16,12,0,3.566,2.554,0.772,104.5,63.6,0.0,0.941,2.082,243 66
arginine,3,phenylalanine,4,16,12,1,3.566,2.554,0.772,104.5,63.6,0.0,0.273,3.417,213 188 20 340
arginine,3,phenylalanine,4,16,12,2,3.566,2.554,0.772,104.5,63.6,0.0,1.139,2.87,163 208 48 344 225 340
arginine,3,phenylalanine,4,16,12,3,3.566,2.554,0.772,104.5,63.6,0.0,1.119,1.744,157 170 89 277 281 47 151 310
arginine,3,phenylalanine,4,16,12,4,3.566,2.554,0.772,104.5,63.6,0.0,0.539,0.609,181 108 64 267 292 78 111 305 202 79
arginine,3,phenylalanine,4,16,13,0,3.566,3.612,0.772,147.2,25.2,1.4701,1.248,2.765,271 180
arginine,3,phenylalanine,4,16,13,1,3.566,3.612,0.772,147.2,25.2,0.0,0.746,3.2,244 255 136 315
arginine,3,phenylalanine,4,16,13,2,3.566,3.612,0.772,147.2,25.2,0.0,1.354,0.7,305 313 51 353 198 323
arginine,3,phenylalanine,4,16,13,3,3.566,3.612,0.772,147.2,25.2,0.0,0.549,1.212,27 271 107 272 287 35 144 294
arginine,3,phenylalanine,4,16,13,4,3.566,3.612,0.772,147.2,25.2,0.0,0.79,2.523,140 226 161 238 260 84 106 276 230 136
arginine,3,phenylalanine,4,16,14,0,3.566,3.14,0.772,118.8,44.8,0.4404,1.25,4.365,192 289
arginine,3,phenylalanine,4,16,14,1,3.566,3.14,0.772,118.8,44.8,0.0,1.042,4.937,162 167 78 337
arginine,3,phenylalanine,4,16,14,2,3.566,3.14,0.772,118.8,44.8,0.0,0.737,5.21,137 218 49 301 262 32
arginine,3,phenylalanine,4,16,14,3,3.566,3.14,0.772,118.8,44.8,0.0,0.45,2.917,206 120 278 251 347 15 135 27
arginine,3,phenylalanine,4,16,14,4,3.566,3.14,0.772,118.8,44.8,0.0,0.899,1.088,239 89 41 210 284 75 61 345 261 57
arginine,3,phenylalanine,4,17,12,0,3.566,4.254,0.772,42.4,79.4,1.7704,1.729,3.635,165 0
arginine,3,phenylalanine,4,17,12,1,3.566,4.254,0.772,42.4,79.4,0.2729,1.729,3.655,171 360 180 360
arginine,3,phenylalanine,4,17,12,2,3.566,4.254,0.772,42.4,79.4,0.0,0.717,3.418,216 63 56 7 218 288
arginine,3,phenylalanine,4,17,12,3,3.566,4.254,0.772,42.4,79.4,0.0,1.632,0.669,95 295 274 67 126 317 247 123
arginine,3,phenylalanine,4,17,12,4,3.566,4.254,0.772,42.4,79.4,0.0,0.562,0.889,48 325 292 74 105 267 239 131 156 199
arginine,3,phenylalanine,4,17,13,0,3.566,5.74,0.772,52.8,10.7,4.0583,0.512,5.631,226 360
arginine,3,phenylalanine,4,17,13,1,3.566,5.74,0.772,52.8,10.7,0.944,0.661,5.318,220 0 149 93
arginine,3,phenylalanine,4,17,13,2,3.566,5.74,0.772,52.8,10.7,0.0,0.695,4.792,263 45 89 296 231 125
arginine,3,phenylalanine,4,17,13,3,3.566,5.74,0.772,52.8,10.7,0.0,1.534,4.773,301 49 74 273 241 107 142 210
arginine,3,phenylalanine,4,17,13,4,3.566,5.74,0.772,52.8,10.7,0.0,1.505,3.876,316 29 65 283 253 104 126 216 198 166
arginine,3,phenylalanine,4,17,14,0,3.566,4.265,0.772,73.5,79.0,0.6914,1.504,4.611,180 39
arginine,3,phenylalanine,4,17,14,1,3.566,4.265,0.772,73.5,79.0,0.0,0.548,5.532,221 41 122 259
arginine,3,phenylalanine,4,17,14,2,3.566,4.265,0.772,73.5,79.0,0.0,0.853,5.591,251 45 69 298 232 107
arginine,3,phenylalanine,4,17,14,3,3.566,4.265,0.772,73.5,79.0,0.0,1.287,5.551,287 33 58 284 250 97 136 215
arginine,3,phenylalanine,4,17,14,4,3.566,4.265,0.772,73.5,79.0,0.0,1.474,4.779,316 12 46 295 263 81 112 240 210 156
arginine,3,phenylalanine,4,18,12,0,3.566,2.821,0.772,93.4,112.9,0.0,1.663,2.872,182 264
arginine,3,phenylalanine,4,18,12,1,3.566,2.821,0.772,93.4,112.9,0.0,1.663,1.406,125 176 338 342
arginine,3,phenylalanine,4,18,12,2,3.566,2.821,0.772,93.4,112.9,0.0,1.663,1.998,173 134 326 55 103 341
arginine,3,phenylalanine,4,18,12,3,3.566,2.821,0.772,93.4,112.9,0.0,0.755,1.623,177 192 306 100 57 321 199 1
arginine,3,phenylalanine,4,18,12,4,3.566,2.821,0.772,93.4,112.9,0.0,0.741,0.686,28 294 295 100 73 311 295 49 118 264
arginine,3,phenylalanine,4,18,13,0,3.566,5.061,0.772,77.8,22.7,2.7874,0.943,1.83,93 38
arginine,3,phenylalanine,4,18,13,1,3.566,5.061,0.772,77.8,22.7,0.0,1.173,2.385,150 272 229 136
arginine,3,phenylalanine,4,18,13,2,3.566,5.061,0.772,77.8,22.7,0.0,1.115,2.015,140 208 298 99 113 261
arginine,3,phenylalanine,4,18,13,3,3.566,5.061,0.772,77.8,22.7,0.0,1.184,2.141,184 190 257 128 107 280 238 122
arginine,3,phenylalanine,4,18,13,4,3.566,5.061,0.772,77.8,22.7,0.0,1.664,2.402,164 190 222 142 119 266 254 90 133 225
arginine,3,phenylalanine,4,18,14,0,3.566,4.171,0.772,76.8,61.6,0.9705,1.728,3.054,168 12
arginine,3,phenylalanine,4,18,14,1,3.566,4.171,0.772,76.8,61.6,0.0,1.665,1.99,170 150 18 338
arginine,3,phenylalanine,4,18,14,2,3.566,4.171,0.772,76.8,61.6,0.0,1.665,1.878,143 238 321 82 117 274
arginine,3,phenylalanine,4,18,14,3,3.566,4.171,0.772,76.8,61.6,0.0,0.605,0.833,109 262 341 86 55 322 264 83
arginine,3,phenylalanine,4,18,14,4,3.566,4.171,0.772,76.8,61.6,0.0,1.364,0.306,76 352 331 50 68 279 255 104 138 213
lysine,5,arginine,3,13,16,0,10.249,8.745,-0.634,121.7,114.2,4.8658,1.659,1.206,314 118
lysine,5,arginine,3,13,16,1,10.249,8.745,-0.634,121.7,114.2,1.195,1.728,0.656,16 243 180 180
lysine,5,arginine,3,13,16,2,10.249,8.745,-0.634,121.7,114.2,0.0,1.665,0.901,22 51 44 234 213 148
lysine,5,arginine,3,13,16,3,10.249,8.745,-0.634,121.7,114.2,0.0,1.524,1.623,49 336 34 334 285 94 135 214
lysine,5,arginine,3,13,16,4,10.249,8.745,-0.634,121.7,114.2,0.0,1.507,1.824,45 328 13 9 330 42 88 278 232 140
lysine,5,arginine,3,13,17,0,10.249,10.946,-0.634,118.7,14.9,8.7577,1.728,1.15,10 232
lysine,5,arginine,3,13,17,1,10.249,10.946,-0.634,118.7,14.9,5.0869,1.728,0.396,11 233 180 180
lysine,5,arginine,3,13,17,2,10.249,10.946,-0.634,118.7,14.9,1.4852,0.883,0.724,17 236 180 180 180 180
lysine,5,arginine,3,13,17,3,10.249,10.946,-0.634,118.7,14.9,0.0,1.562,0.556,317 86 184 205 116 276 28 230
lysine,5,arginine,3,13,17,4,10.249,10.946,-0.634,118.7,14.9,0.0,0.641,0.504,300 47 296 137 325 166 335 287 156 27
lysine,5,arginine,3,13,18,0,10.249,9.496,-0.634,107.5,84.6,5.7844,1.326,1.608,11 279
lysine,5,arginine,3,13,18,1,10.249,9.496,-0.634,107.5,84.6,2.1136,1.341,0.511,12 279 180 180
lysine,5,arginine,3,13,18,2,10.249,9.496,-0.634,107.5,84.6,0.0,1.393,0.712,18 19 89 226 220 182
lysine,5,arginine,3,13,18,3,10.249,9.496,-0.634,107.5,84.6,0.0,0.969,0.557,283 68 171 74 267 276 138 304
lysine,5,arginine,3,13,18,4,10.249,9.496,-0.634,107.5,84.6,0.0,1.247,0.464,22 264 287 291 76 108 87 324 349 226
lysine,5,arginine,3,14,16,0,10.249,10.802,-0.634,37.7,114.7,7.7826,1.729,3.863,291 360
lysine,5,arginine,3,14,16,1,10.249,10.802,-0.634,37.7,114.7,5.2353,1.729,1.276,292 360 159 46
lysine,5,arginine,3,14,16,2,10.249,10.802,-0.634,37.7,114.7,1.5645,1.729,0.748,292 0 159 47 180 180
lysine,5,arginine,3,14,16,3,10.249,10.802,-0.634,37.7,114.7,0.0,1.665,1.167,317 49 97 295 262 144 165 192
lysine,5,arginine,3,14,16,4,10.249,10.802,-0.634,37.7,114.7,0.0,1.533,2.605,328 24 64 312 279 106 133 221 201 165
lysine,5,arginine,3,14,17,0,10.249,13.016,-0.634,32.7,12.2,11.6349,1.729,3.839,290 360
lysine,5,arginine,3,14,17,1,10.249,13.016,-0.634,32.7,12.2,8.9033,1.729,1.447,290 360 208 291
lysine,5,arginine,3,14,17,2,10.249,13.016,-0.634,32.7,12.2,5.2325,1.729,1.386,290 0 152 69 180 180
lysine,5,arginine,3,14,17,3,10.249,13.016,-0.634,32.7,12.2,1.6308,1.266,1.226,290 0 214 286 180 180 180 180
lysine,5,arginine,3,14,17,4,10.249,13.016,-0.634,32.7,12.2,0.0,1.528,1.222,283 49 98 309 272 140 163 183 179 182
lysine,5,arginine,3,14,18,0,10.249,11.332,-0.634,31.8,93.4,8.5203,1.659,3.979,313 360
lysine,5,arginine,3,14,18,1,10.249,11.332,-0.634,31.8,93.4,6.0365,1.667,1.75,313 360 161 40
lysine,5,arginine,3,14,18,2,10.249,11.332,-0.634,31.8,93.4,2.3657,1.667,0.715,313 0 199 318 180 180
lysine,5,arginine,3,14,18,3,10.249,11.332,-0.634,31.8,93.4,0.0,1.663,0.575,314 51 112 302 262 156 172 185
lysine,5,arginine,3,14,18,4,10.249,11.332,-0.634,31.8,93.4,0.0,1.602,1.845,325 32 71 315 280 108 135 217 199 167
lysine,5,arginine,3,15,16,0,10.249,10.365,-0.634,57.8,103.1,6.7805,1.625,2.928,69 360
lysine,5,arginine,3,15,16,1,10.249,10.365,-0.634,57.8,103.1,3.6599,1.643,0.773,70 0 148 99
lysine,5,arginine,3,15,16,2,10.249,10.365,-0.634,57.8,103.1,0.0,1.664,0.631,71 359 147 107 161 174
lysine,5,arginine,3,15,16,3,10.249,10.365,-0.634,57.8,103.1,0.0,0.759,0.157,20 332 284 54 90 232 204 160
lysine,5,arginine,3,15,16,4,10.249,10.365,-0.634,57.8,103.1,0.0,0.585,1.373,20 346 308 44 73 254 229 132 154 199
lysine,5,arginine,3,15,17,0,10.249,12.331,-0.634,64.7,6.9,10.4161,1.643,2.899,70 360
lysine,5,arginine,3,15,17,1,10.249,12.331,-0.634,64.7,6.9,6.8992,1.606,0.886,68 0 198 206
lysine,5,arginine,3,15,17,2,10.249,12.331,-0.634,64.7,6.9,3.2284,0.585,0.758,68 360 160 152 180 180
lysine,5,arginine,3,15,17,3,10.249,12.331,-0.634,64.7,6.9,0.0,0.286,0.629,59 21 183 261 100 180 184 184
lysine,5,arginine,3,15,17,4,10.249,12.331,-0.634,64.7,6.9,0.0,0.389,0.658,29 338 282 356 44 357 316 128 160 198
lysine,5,arginine,3,15,18,0,10.249,10.645,-0.634,63.8,92.3,6.9888,1.07,3.618,50 360
lysine,5,arginine,3,15,18,1,10.249,10.645,-0.634,63.8,92.3,3.6314,0.828,1.569,50 360 151 126
lysine,5,arginine,3,15,18,2,10.249,10.645,-0.634,63.8,92.3,0.0,0.876,0.944,52 360 147 132 150 161
lysine,5,arginine,3,15,18,3,10.249,10.645,-0.634,63.8,92.3,0.0,1.228,0.553,6 338 289 45 82 236 206 159
lysine,5,arginine,3,15,18,4,10.249,10.645,-0.634,63.8,92.3,0.0,1.663,0.683,319 339 293 290 302 227 191 105 134 207
lysine,5,aspartic,21,13,3,0,9.323,8.698,-0.06,158.4,57.2,5.8343,1.728,0.415,276 180
lysine,5,aspartic,21,13,3,1,9.323,8.698,-0.06,158.4,57.2,2.8164,0.973,0.508,269 180 149 90
lysine,5,aspartic,21,13,3,2,9.323,8.698,-0.06,158.4,57.2,0.0,1.421,0.648,270 190 198 220 206 166
lysine,5,aspartic,21,13,3,3,9.323,8.698,-0.06,158.4,57.2,0.0,1.664,2.181,186 204 170 212 240 116 139 216
lysine,5,aspartic,21,13,3,4,9.323,8.698,-0.06,158.4,57.2,0.0,1.664,2.209,170 208 184 208 230 130 136 231 210 156
lysine,5,aspartic,21,13,4,0,9.323,8.771,-0.06,142.0,54.2,5.628,1.728,0.606,300 211
lysine,5,aspartic,21,13,4,1,9.323,8.771,-0.06,142.0,54.2,1.9572,1.036,0.619,301 212 180 180
lysine,5,aspartic,21,13,4,2,9.323,8.771,-0.06,142.0,54.2,0.0,1.663,0.859,248 174 179 203 195 170
lysine,5,aspartic,21,13,4,3,9.323,8.771,-0.06,142.0,54.2,0.0,0.363,1.943,206 184 159 229 236 125 147 209
lysine,5,aspartic,21,13,4,4,9.323,8.771,-0.06,142.0,54.2,0.0,1.035,2.113,183 198 171 219 234 125 134 232 210 156
lysine,5,aspartic,21,13,5,0,9.323,8.341,-0.06,145.5,70.9,4.8527,1.607,1.117,323 180
lysine,5,aspartic,21,13,5,1,9.323,8.341,-0.06,145.5,70.9,1.1842,1.608,0.904,323 180 180 180
lysine,5,aspartic,21,13,5,2,9.323,8.341,-0.06,145.5,70.9,0.0,0.198,0.429,273 166 175 210 199 168
lysine,5,aspartic,21,13,5,3,9.323,8.341,-0.06,145.5,70.9,0.0,0.171,1.753,221 190 171 233 242 121 144 211
lysine,5,aspartic,21,13,5,4,9.323,8.341,-0.06,145.5,70.9,0.0,0.686,2.097,190 194 178 223 236 124 133 230 208 156
lysine,5,aspartic,21,14,3,0,9.323,11.1,-0.06,47.8,60.6,8.136,1.729,3.304,234 360
lysine,5,aspartic,21,14,3,1,9.323,11.1,-0.06,47.8,60.6,5.0581,1.729,1.311,234 360 212 263
lysine,5,aspartic,21,14,3,2,9.323,11.1,-0.06,47.8,60.6,1.3873,1.389,1.307,234 360 212 263 180 180
lysine,5,aspartic,21,14,3,3,9.323,11.1,-0.06,47.8,60.6,0.0,1.664,2.735,258 76 110 240 217 154 167 189
lysine,5,aspartic,21,14,3,4,9.323,11.1,-0.06,47.8,60.6,0.0,1.576,3.022,314 28 68 287 260 131 144 196 188 173
lysine,5,aspartic,21,14,4,0,9.323,11.216,-0.06,36.2,55.9,8.9807,1.729,3.573,215 360
lysine,5,aspartic,21,14,4,1,9.323,11.216,-0.06,36.2,55.9,6.4513,1.729,2.024,214 360 201 313
lysine,5,aspartic,21,14,4,2,9.323,11.216,-0.06,36.2,55.9,2.7805,1.729,1.904,214 0 158 48 180 180
lysine,5,aspartic,21,14,4,3,9.323,11.216,-0.06,36.2,55.9,0.0,1.401,1.99,214 53 149 271 209 157 170 178
lysine,5,aspartic,21,14,4,4,9.323,11.216,-0.06,36.2,55.9,0.0,0.701,1.403,285 50 88 282 250 137 153 192 186 176
lysine,5,aspartic,21,14,5,0,9.323,10.801,-0.06,37.9,72.1,8.1069,1.729,3.418,255 0
lysine,5,aspartic,21,14,5,1,9.323,10.801,-0.06,37.9,72.1,5.4906,1.729,1.419,255 360 156 55
lysine,5,aspartic,21,14,5,2,9.323,10.801,-0.06,37.9,72.1,1.8198,1.729,1.396,255 0 155 56 180 180
lysine,5,aspartic,21,14,5,3,9.323,10.801,-0.06,37.9,72.1,0.0,1.663,2.01,280 62 113 267 237 161 174 184
lysine,5,aspartic,21,14,5,4,9.323,10.801,-0.06,37.9,72.1,0.0,1.573,2.519,314 26 67 302 269 115 137 208 194 170
lysine,5,aspartic,21,15,3,0,9.323,10.417,-0.06,75.2,51.1,7.3614,1.728,2.135,114 0
lysine,5,aspartic,21,15,3,1,9.323,10.417,-0.06,75.2,51.1,3.7705,1.728,0.956,115 360 173 171
lysine,5,aspartic,21,15,3,2,9.323,10.417,-0.06,75.2,51.1,0.0996,0.635,0.937,115 0 170 167 180 180
lysine,5,aspartic,21,15,3,3,9.323,10.417,-0.06,75.2,51.1,0.0,0.609,3.315,139 242 229 136 149 206 194 169
lysine,5,aspartic,21,15,3,4,9.323,10.417,-0.06,75.2,51.1,0.0,0.92,4.112,164 211 219 143 144 230 220 145 161 196
lysine,5,aspartic,21,15,4,0,9.323,10.014,-0.06,85.9,67.4,6.5803,1.728,2.474,73 54
lysine,5,aspartic,21,15,4,1,9.323,10.014,-0.06,85.9,67.4,2.9095,1.728,1.902,72 55 180 180
lysine,5,aspartic,21,15,4,2,9.323,10.014,-0.06,85.9,67.4,0.0,1.663,3.581,132 240 222 145 162 194
lysine,5,aspartic,21,15,4,3,9.323,10.014,-0.06,85.9,67.4,0.0,1.5,3.729,143 225 218 139 150 207 194 169
lysine,5,aspartic,21,15,4,4,9.323,10.014,-0.06,85.9,67.4,0.0,1.497,4.068,162 200 209 143 144 231 221 146 162 195
lysine,5,aspartic,21,15,5,0,9.323,9.987,-0.06,72.6,68.4,6.6025,1.728,2.36,87 0
lysine,5,aspartic,21,15,5,1,9.323,9.987,-0.06,72.6,68.4,3.1194,1.663,0.696,86 360 156 142
lysine,5,aspartic,21,15,5,2,9.323,9.987,-0.06,72.6,68.4,0.0,1.272,1.303,103 295 201 137 166 179
lysine,5,aspartic,21,15,5,3,9.323,9.987,-0.06,72.6,68.4,0.0,0.44,2.973,138 239 228 128 142 212 197 167
lysine,5,aspartic,21,15,5,4,9.323,9.987,-0.06,72.6,68.4,0.0,0.902,4.044,161 212 215 139 141 224 214 149 163 194
lysine,5,glutamic,22,13,4,0,10.297,9.106,-0.141,102.0,119.9,5.2463,1.728,1.922,42 284
lysine,5,glutamic,22,13,4,1,10.297,9.106,-0.141,102.0,119.9,1.5755,1.689,0.672,343 77 180 180
lysine,5,glutamic,22,13,4,2,10.297,9.106,-0.141,102.0,119.9,0.0,1.664,1.199,31 176 283 194 67 79
lysine,5,glutamic,22,13,4,3,10.297,9.106,-0.141,102.0,119.9,0.0,1.664,2.379,51 72 348 193 72 81 261 107
lysine,5,glutamic,22,13,4,4,10.297,9.106,-0.141,102.0,119.9,0.0,1.664,1.465,62 230 314 93 303 100 96 321 21 210
lysine,5,glutamic,22,13,5,0,10.297,10.911,-0.141,104.4,48.2,7.8882,1.604,1.536,329 96
lysine,5,glutamic,22,13,5,1,10.297,10.911,-0.141,104.4,48.2,4.2174,1.728,0.578,32 264 180 180
lysine,5,glutamic,22,13,5,2,10.297,10.911,-0.141,104.4,48.2,0.6157,1.728,0.523,38 263 180 180 180 180
lysine,5,glutamic,22,13,5,3,10.297,10.911,-0.141,104.4,48.2,0.0,1.302,0.51,344 169 144 210 198 19 113 274
lysine,5,glutamic,22,13,5,4,10.297,10.911,-0.141,104.4,48.2,0.0,0.654,1.044,359 36 262 118 237 146 45 6 91 248
lysine,5,glutamic,22,13,6,0,10.297,10.955,-0.141,93.1,46.2,7.9804,1.613,1.911,356 39
lysine,5,glutamic,22,13,6,1,10.297,10.955,-0.141,93.1,46.2,4.3096,1.632,1.221,355 40 180 180
lysine,5,glutamic,22,13,6,2,10.297,10.955,-0.141,93.1,46.2,0.7079,1.728,1.217,41 309 180 180 180 180
lysine,5,glutamic,22,13,6,3,10.297,10.955,-0.141,93.1,46.2,0.0,0.66,0.566,8 122 340 138 168 88 89 221
lysine,5,glutamic,22,13,6,4,10.297,10.955,-0.141,93.1,46.2,0.0,0.568,0.922,296 330 288 327 325 230 176 42 99 220
lysine,5,glutamic,22,14,4,0,10.297,10.225,-0.141,59.7,121.4,6.6178,1.622,4.006,315 0
lysine,5,glutamic,22,14,4,1,10.297,10.225,-0.141,59.7,121.4,3.4322,1.602,2.569,316 360 212 253
lysine,5,glutamic,22,14,4,2,10.297,10.225,-0.141,59.7,121.4,0.0,1.664,2.498,307 37 178 242 216 189
lysine,5,glutamic,22,14,4,3,10.297,10.225,-0.141,59.7,121.4,0.0,1.488,2.603,359 24 71 313 275 117 150 205
lysine,5,glutamic,22,14,4,4,10.297,10.225,-0.141,59.7,121.4,0.0,1.644,3.472,48 1 63 84 73 120 166 254 226 160
lysine,5,glutamic,22,14,5,0,10.297,12.262,-0.141,52.1,38.1,9.9278,1.729,3.899,305 360
lysine,5,glutamic,22,14,5,1,10.297,12.262,-0.141,52.1,38.1,6.9013,1.729,1.892,305 0 212 264
lysine,5,glutamic,22,14,5,2,10.297,12.262,-0.141,52.1,38.1,3.2305,1.729,1.659,305 360 148 96 180 180
lysine,5,glutamic,22,14,5,3,10.297,12.262,-0.141,52.1,38.1,0.0,1.663,0.918,313 342 162 39 263 189 175 183
lysine,5,glutamic,22,14,5,4,10.297,12.262,-0.141,52.1,38.1,0.0,1.612,2.894,314 33 75 320 286 119 144 208 194 171
lysine,5,glutamic,22,14,6,0,10.297,11.837,-0.141,59.7,57.8,8.7189,1.442,4.272,328 360
lysine,5,glutamic,22,14,6,1,10.297,11.837,-0.141,59.7,57.8,5.3292,1.445,3.669,328 360 208 230
lysine,5,glutamic,22,14,6,2,10.297,11.837,-0.141,59.7,57.8,1.6584,1.445,3.123,328 360 151 130 180 180
lysine,5,glutamic,22,14,6,3,10.297,11.837,-0.141,59.7,57.8,0.0,1.663,2.637,346 29 92 341 298 140 168 190
lysine,5,glutamic,22,14,6,4,10.297,11.837,-0.141,59.7,57.8,0.0,1.658,4.506,35 22 75 63 53 139 196 279 236 155
lysine,5,glutamic,22,15,4,0,10.297,10.738,-0.141,36.1,110.7,7.7497,0.808,3.862,44 360
lysine,5,glutamic,22,15,4,1,10.297,10.738,-0.141,36.1,110.7,5.2367,0.729,2.029,45 0 161 41
lysine,5,glutamic,22,15,4,2,10.297,10.738,-0.141,36.1,110.7,1.5659,0.736,0.753,45 360 160 42 180 180
lysine,5,glutamic,22,15,4,3,10.297,10.738,-0.141,36.1,110.7,0.0,0.473,0.7,32 311 263 58 94 226 200 164
lysine,5,glutamic,22,15,4,4,10.297,10.738,-0.141,36.1,110.7,0.0,0.53,0.579,27 333 294 43 76 258 230 134 156 198
lysine,5,glutamic,22,15,5,0,10.297,12.412,-0.141,45.3,44.4,9.9198,1.131,3.562,52 360
lysine,5,glutamic,22,15,5,1,10.297,12.412,-0.141,45.3,44.4,6.9108,0.853,1.432,51 0 149 93
lysine,5,glutamic,22,15,5,2,10.297,12.412,-0.141,45.3,44.4,3.2399,1.017,0.439,51 360 212 267 180 180
lysine,5,glutamic,22,15,5,3,10.297,12.412,-0.141,45.3,44.4,0.0,1.132,0.651,47 10 204 325 92 170 178 184
lysine,5,glutamic,22,15,5,4,10.297,12.412,-0.141,45.3,44.4,0.0,0.253,0.638,40 330 286 40 76 242 216 155 167 188
lysine,5,glutamic,22,15,6,0,10.297,12.247,-0.141,41.3,52.0,9.8098,0.282,4.699,20 0
lysine,5,glutamic,22,15,6,1,10.297,12.247,-0.141,41.3,52.0,7.0202,0.274,3.439,20 0 209 286
lysine,5,glutamic,22,15,6,2,10.297,12.247,-0.141,41.3,52.0,3.3494,0.274,2.05,20 0 151 75 180 180
lysine,5,glutamic,22,15,6,3,10.297,12.247,-0.141,41.3,52.0,0.0,0.267,2.013,12 20 196 324 120 171 185 188
lysine,5,glutamic,22,15,6,4,10.297,12.247,-0.141,41.3,52.0,0.0,0.327,0.43,32 318 276 40 79 241 214 151 165 189
lysine,5,isoleucine,3,13,4,0,7.506,6.832,0.362,54.0,154.3,3.6778,0.412,2.037,334 360
lysine,5,isoleucine,3,13,4,1,7.506,6.832,0.362,54.0,154.3,0.6088,0.318,2.049,330 360 211 275
lysine,5,isoleucine,3,13,4,2,7.506,6.832,0.362,54.0,154.3,0.0,0.907,0.9,359 57 98 303 229 108
lysine,5,isoleucine,3,13,4,3,7.506,6.832,0.362,54.0,154.3,0.0,0.729,0.55,8 34 69 300 267 101 139 214
lysine,5,isoleucine,3,13,4,4,7.506,6.832,0.362,54.0,154.3,0.0,0.535,0.639,76 3 52 87 59 94 153 286 237 145
lysine,5,isoleucine,3,13,5,0,7.506,8.783,0.362,49.9,64.4,6.0239,1.035,1.926,350 360
lysine,5,isoleucine,3,13,5,1,7.506,8.783,0.362,49.9,64.4,3.2674,0.808,1.596,351 0 207 293
lysine,5,isoleucine,3,13,5,2,7.506,8.783,0.362,49.9,64.4,0.0,0.859,1.215,344 40 162 275 224 170
lysine,5,isoleucine,3,13,5,3,7.506,8.783,0.362,49.9,64.4,0.0,0.587,0.533,28 25 73 321 273 93 138 214
lysine,5,isoleucine,3,13,5,4,7.506,8.783,0.362,49.9,64.4,0.0,0.561,0.63,358 21 60 324 288 92 127 241 212 157
lysine,5,isoleucine,3,13,6,0,7.506,9.236,0.362,56.2,45.6,6.5727,0.677,1.841,312 0
lysine,5,isoleucine,3,13,6,1,7.506,9.236,0.362,56.2,45.6,3.408,0.649,1.848,313 360 148 105
lysine,5,isoleucine,3,13,6,2,7.506,9.236,0.362,56.2,45.6,0.0,0.392,1.763,303 39 178 243 206 183
lysine,5,isoleucine,3,13,6,3,7.506,9.236,0.362,56.2,45.6,0.0,1.531,0.966,358 25 71 312 274 117 150 205
lysine,5,isoleucine,3,13,6,4,7.506,9.236,0.362,56.2,45.6,0.0,1.664,1.876,248 289 341 243 197 110 165 314 270 132
lysine,5,isoleucine,3,14,4,0,7.506,7.165,0.362,39.5,153.2,4.3702,1.311,5.929,22 360
lysine,5,isoleucine,3,14,4,1,7.506,7.165,0.362,39.5,153.2,1.7744,1.313,6.019,25 0 198 321
lysine,5,isoleucine,3,14,4,2,7.506,7.165,0.362,39.5,153.2,0.0,1.663,5.558,25 300 251 72 128 232
lysine,5,isoleucine,3,14,4,3,7.506,7.165,0.362,39.5,153.2,0.0,1.033,5.049,9 314 277 62 98 253 217 150
lysine,5,isoleucine,3,14,4,4,7.506,7.165,0.362,39.5,153.2,0.0,1.637,5.176,12 338 301 40 73 273 240 117 147 205
lysine,5,isoleucine,3,14,5,0,7.506,8.715,0.362,52.8,79.1,5.3496,1.312,5.905,21 0
lysine,5,isoleucine,3,14,5,1,7.506,8.715,0.362,52.8,79.1,2.2768,1.312,5.91,21 0 211 269
lysine,5,isoleucine,3,14,5,2,7.506,8.715,0.362,52.8,79.1,0.0,1.663,5.646,25 283 243 107 137 211
lysine,5,isoleucine,3,14,5,3,7.506,8.715,0.362,52.8,79.1,0.0,1.663,5.721,18 158 59 199 268 8 273 124
lysine,5,isoleucine,3,14,5,4,7.506,8.715,0.362,52.8,79.1,0.0,1.22,1.908,290 111 66 337 322 287 181 47 84 178
lysine,5,isoleucine,3,14,6,0,7.506,9.579,0.362,40.8,44.7,7.3883,1.584,6.44,46 360
lysine,5,isoleucine,3,14,6,1,7.506,9.579,0.362,40.8,44.7,4.6864,1.566,6.439,45 360 206 296
lysine,5,isoleucine,3,14,6,2,7.506,9.579,0.362,40.8,44.7,1.0155,1.566,6.439,45 0 207 296 180 180
lysine,5,isoleucine,3,14,6,3,7.506,9.579,0.362,40.8,44.7,0.0,1.664,5.52,23 318 271 54 91 232 204 161
lysine,5,isoleucine,3,14,6,4,7.506,9.579,0.362,40.8,44.7,0.0,1.474,5.568,19 340 301 37 71 262 233 130 153 199
lysine,5,isoleucine,3,15,4,0,7.506,6.034,0.362,83.8,172.5,3.1135,1.199,5.195,358 360
lysine,5,isoleucine,3,15,4,1,7.506,6.034,0.362,83.8,172.5,0.0,1.489,5.42,344 352 256 154
lysine,5,isoleucine,3,15,4,2,7.506,6.034,0.362,83.8,172.5,0.0,0.854,3.931,60 230 262 316 241 74
lysine,5,isoleucine,3,15,4,3,7.506,6.034,0.362,83.8,172.5,0.0,1.364,5.877,293 157 54 286 341 294 199 89
lysine,5,isoleucine,3,15,4,4,7.506,6.034,0.362,83.8,172.5,0.0,1.663,5.573,301 23 345 20 55 300 258 78 129 225
lysine,5,isoleucine,3,15,5,0,7.506,8.043,0.362,78.6,66.1,4.6633,1.527,5.334,350 0
lysine,5,isoleucine,3,15,5,1,7.506,8.043,0.362,78.6,66.1,1.0472,1.546,5.341,349 0 174 172
lysine,5,isoleucine,3,15,5,2,7.506,8.043,0.362,78.6,66.1,0.0,0.416,3.596,37 17 103 278 255 163
lysine,5,isoleucine,3,15,5,3,7.506,8.043,0.362,78.6,66.1,0.0,1.069,4.826,354 119 351 66 229 201 358 307
lysine,5,isoleucine,3,15,5,4,7.506,8.043,0.362,78.6,66.1,0.0,0.171,4.084,29 356 39 350 310 78 117 253 219 151
lysine,5,isoleucine,3,15,6,0,7.506,8.284,0.362,92.1,56.7,5.09,1.153,4.36,39 284
lysine,5,isoleucine,3,15,6,1,7.506,8.284,0.362,92.1,56.7,1.4192,1.147,4.349,39 284 180 180
lysine,5,isoleucine,3,15,6,2,7.506,8.284,0.362,92.1,56.7,0.0,1.482,4.595,28 175 290 193 61 77
lysine,5,isoleucine,3,15,6,3,7.506,8.284,0.362,92.1,56.7,0.0,1.046,5.269,354 205 327 263 34 310 271 222
lysine,5,isoleucine,3,15,6,4,7.506,8.284,0.362,92.1,56.7,0.0,0.587,3.215,324 323 224 92 177 144 33 285 39 284
lysine,5,leucine,13,13,1,0,17.716,16.719,-0.09,82.4,136.1,12.9912,0.644,1.931,349 342
lysine,5,leucine,13,13,1,1,17.716,16.719,-0.09,82.4,136.1,9.3204,0.646,1.823,329 21 180 180
lysine,5,leucine,13,13,1,2,17.716,16.719,-0.09,82.4,136.1,5.7186,0.865,1.128,1 321 180 180 180 180
lysine,5,leucine,13,13,1,3,17.716,16.719,-0.09,82.4,136.1,2.0577,0.807,0.776,359 324 180 180 180 180 180 180
lysine,5,leucine,13,13,1,4,17.716,16.719,-0.09,82.4,136.1,0.0,0.509,0.553,17 342 132 3 12 189 203 190 196 194
lysine,5,leucine,13,13,2,0,17.716,19.156,-0.09,83.1,30.3,16.5374,0.505,1.925,320 29
lysine,5,leucine,13,13,2,1,17.716,19.156,-0.09,83.1,30.3,12.8666,0.393,1.637,349 329 180 180
lysine,5,leucine,13,13,2,2,17.716,19.156,-0.09,83.1,30.3,9.2649,0.597,0.861,358 315 180 180 180 180
lysine,5,leucine,13,13,2,3,17.716,19.156,-0.09,83.1,30.3,5.6039,0.502,0.329,356 318 180 180 180 180 180 180
lysine,5,leucine,13,13,2,4,17.716,19.156,-0.09,83.1,30.3,1.9783,0.659,0.288,359 314 180 180 180 180 180 180 180 180
lysine,5,leucine,13,13,13,0,17.716,18.011,-0.09,78.1,81.6,14.3351,0.795,1.956,344 360
lysine,5,leucine,13,13,13,1,17.716,18.011,-0.09,78.1,81.6,10.6841,0.797,1.818,344 360 180 180
lysine,5,leucine,13,13,13,2,17.716,18.011,-0.09,78.1,81.6,7.0512,0.755,0.671,337 12 180 180 180 180
lysine,5,leucine,13,13,13,3,17.716,18.011,-0.09,78.1,81.6,3.3951,0.797,0.442,344 0 180 180 180 180 180 180
lysine,5,leucine,13,13,13,4,17.716,18.011,-0.09,78.1,81.6,0.0,0.342,0.519,336 351 225 209 172 216 140 183 171 195
lysine,5,leucine,13,14,1,0,17.716,17.777,-0.09,37.2,133.1,14.7292,1.61,5.012,354 360
lysine,5,leucine,13,14,1,1,17.716,17.777,-0.09,37.2,133.1,11.9258,1.615,4.548,354 360 151 77
lysine,5,leucine,13,14,1,2,17.716,17.777,-0.09,37.2,133.1,8.255,1.615,3.13,354 360 150 78 180 180
lysine,5,leucine,13,14,1,3,17.716,17.777,-0.09,37.2,133.1,4.6532,1.615,0.946,354 0 144 81 180 180 180 180
lysine,5,leucine,13,14,1,4,17.716,17.777,-0.09,37.2,133.1,0.9923,1.615,0.58,354 360 146 80 180 180 180 180 180 180
lysine,5,leucine,13,14,2,0,17.716,20.21,-0.09,38.4,26.7,18.5131,1.641,5.133,358 0
lysine,5,leucine,13,14,2,1,17.716,20.21,-0.09,38.4,26.7,15.7751,1.624,4.758,359 0 151 73
lysine,5,leucine,13,14,2,2,17.716,20.21,-0.09,38.4,26.7,12.1042,1.624,3.165,359 0 151 73 180 180
lysine,5,leucine,13,14,2,3,17.716,20.21,-0.09,38.4,26.7,8.5025,1.624,0.933,359 360 145 78 180 180 180 180
lysine,5,leucine,13,14,2,4,17.716,20.21,-0.09,38.4,26.7,4.8416,1.624,0.185,359 360 147 77 180 180 180 180 180 180
lysine,5,leucine,13,14,13,0,17.716,18.824,-0.09,44.2,88.9,15.5612,1.645,5.128,358 0
lysine,5,leucine,13,14,13,1,17.716,18.824,-0.09,44.2,88.9,12.5625,1.65,4.794,357 360 148 95
lysine,5,leucine,13,14,13,2,17.716,18.824,-0.09,44.2,88.9,8.8917,1.65,3.55,357 360 148 95 180 180
lysine,5,leucine,13,14,13,3,17.716,18.824,-0.09,44.2,88.9,5.29,1.65,1.342,357 360 142 96 180 180 180 180
lysine,5,leucine,13,14,13,4,17.716,18.824,-0.09,44.2,88.9,1.629,1.65,0.874,357 360 216 264 180 180 180 180 180 180
lysine,5,leucine,13,15,1,0,17.716,16.864,-0.09,76.9,140.7,13.2149,0.161,4.518,25 360
lysine,5,leucine,13,15,1,1,17.716,16.864,-0.09,76.9,140.7,9.5807,0.162,3.471,25 0 180 180
lysine,5,leucine,13,15,1,2,17.716,16.864,-0.09,76.9,140.7,5.9259,0.161,1.522,25 360 180 180 180 180
lysine,5,leucine,13,15,1,3,17.716,16.864,-0.09,76.9,140.7,2.3005,0.162,0.684,25 0 166 166 180 180 180 180
lysine,5,leucine,13,15,1,4,17.716,16.864,-0.09,76.9,140.7,0.0,0.649,0.694,6 68 89 103 244 285 85 202 139 173
lysine,5,leucine,13,15,2,0,17.716,19.332,-0.09,76.5,33.4,16.6354,0.187,4.418,28 0
lysine,5,leucine,13,15,2,1,17.716,19.332,-0.09,76.5,33.4,12.9644,0.187,3.251,28 0 180 180
lysine,5,leucine,13,15,2,2,17.716,19.332,-0.09,76.5,33.4,9.3627,0.279,1.979,9 33 180 180 180 180
lysine,5,leucine,13,15,2,3,17.716,19.332,-0.09,76.5,33.4,5.7017,0.305,0.783,44 331 180 180 180 180 180 180
lysine,5,leucine,13,15,2,4,17.716,19.332,-0.09,76.5,33.4,2.0761,0.305,0.87,48 325 180 180 180 180 180 180 180 180
lysine,5,leucine,13,15,13,0,17.716,18.129,-0.09,73.6,85.5,14.4179,0.372,4.789,18 360
lysine,5,leucine,13,15,13,1,17.716,18.129,-0.09,73.6,85.5,10.7929,0.373,4.068,18 360 180 180
lysine,5,leucine,13,15,13,2,17.716,18.129,-0.09,73.6,85.5,7.1313,0.373,1.663,18 0 180 180 180 180
lysine,5,leucine,13,15,13,3,17.716,18.129,-0.09,73.6,85.5,3.5149,0.373,0.8,18 360 164 163 180 180 180 180
lysine,5,leucine,13,15,13,4,17.716,18.129,-0.09,73.6,85.5,0.0,0.595,0.882,19 347 172 140 226 203 184 181 183 184
lysine,5,serine,31,13,3,0,7.447,7.563,0.011,141.3,20.1,5.2881,1.728,1.581,67 214
lysine,5,serine,31,13,3,1,7.447,7.563,0.011,141.3,20.1,1.6173,0.73,1.576,21 145 180 180
lysine,5,serine,31,13,3,2,7.447,7.563,0.011,141.3,20.1,0.0,0.676,1.995,75 186 190 126 141 208
lysine,5,serine,31,13,3,3,7.447,7.563,0.011,141.3,20.1,0.0,1.665,2.003,135 181 189 115 117 239 213 151
lysine,5,serine,31,13,3,4,7.447,7.563,0.011,141.3,20.1,0.0,1.665,2.084,168 196 195 125 97 224 224 122 145 211
lysine,5,serine,31,13,4,0,7.447,6.23,0.011,158.6,79.9,3.0758,1.728,1.23,36 180
lysine,5,serine,31,13,4,1,7.447,6.23,0.011,158.6,79.9,0.4885,0.993,1.789,58 180 196 325
lysine,5,serine,31,13,4,2,7.447,6.23,0.011,158.6,79.9,0.0,0.583,2.031,62 167 204 110 107 267
lysine,5,serine,31,13,4,3,7.447,6.23,0.011,158.6,79.9,0.0,1.661,2.28,112 146 196 128 93 287 249 115
lysine,5,serine,31,13,4,4,7.447,6.23,0.011,158.6,79.9,0.0,1.661,2.403,111 138 166 138 116 259 259 106 135 220
lysine,5,serine,31,13,5,0,7.447,6.217,0.011,138.4,80.4,2.5842,1.625,0.737,335 146
lysine,5,serine,31,13,5,1,7.447,6.217,0.011,138.4,80.4,0.0,1.266,0.864,11 283 88 253
lysine,5,serine,31,13,5,2,7.447,6.217,0.011,138.4,80.4,0.0,1.661,0.644,299 169 154 254 235 128
lysine,5,serine,31,13,5,3,7.447,6.217,0.011,138.4,80.4,0.0,0.29,2.967,111 311 75 85 63 135 146 238
lysine,5,serine,31,13,5,4,7.447,6.217,0.011,138.4,80.4,0.0,0.447,0.703,306 100 109 317 308 75 120 291 232 131
lysine,5,serine,31,14,3,0,7.447,9.299,0.011,66.8,32.1,6.7132,1.729,3.651,277 0
lysine,5,serine,31,14,3,1,7.447,9.299,0.011,66.8,32.1,3.111,1.708,2.761,276 0 189 191
lysine,5,serine,31,14,3,2,7.447,9.299,0.011,66.8,32.1,0.0,1.665,3.564,262 72 147 221 196 177
lysine,5,serine,31,14,3,3,7.447,9.299,0.011,66.8,32.1,0.0,1.238,4.092,224 120 132 234 218 147 163 193
lysine,5,serine,31,14,3,4,7.447,9.299,0.011,66.8,32.1,0.0,1.438,4.891,202 141 139 228 223 132 144 214 198 165
lysine,5,serine,31,14,4,0,7.447,8.273,0.011,62.0,76.1,4.8624,1.729,3.342,249 360
lysine,5,serine,31,14,4,1,7.447,8.273,0.011,62.0,76.1,1.6019,1.729,1.79,250 0 212 249
lysine,5,serine,31,14,4,2,7.447,8.273,0.011,62.0,76.1,0.0,1.661,3.336,239 95 120 231 206 159
lysine,5,serine,31,14,4,3,7.447,8.273,0.011,62.0,76.1,0.0,1.125,2.027,276 35 62 323 286 87 135 221
lysine,5,serine,31,14,4,4,7.447,8.273,0.011,62.0,76.1,0.0,1.661,4.182,215 151 135 210 216 121 130 229 207 157
lysine,5,serine,31,14,5,0,7.447,8.274,0.011,52.0,76.1,5.311,1.729,3.673,279 360
lysine,5,serine,31,14,5,1,7.447,8.274,0.011,52.0,76.1,2.6494,1.356,1.757,281 360 157 53
lysine,5,serine,31,14,5,2,7.447,8.274,0.011,52.0,76.1,0.0,1.064,1.692,285 57 128 281 228 148
lysine,5,serine,31,14,5,3,7.447,8.274,0.011,52.0,76.1,0.0,1.661,1.855,343 32 74 298 261 116 148 205
lysine,5,serine,31,14,5,4,7.447,8.274,0.011,52.0,76.1,0.0,1.566,2.6,346 10 48 315 284 98 124 229 206 160
lysine,5,serine,31,15,3,0,7.447,9.978,0.011,37.2,18.7,8.846,1.728,2.098,107 0
lysine,5,serine,31,15,3,1,7.447,9.978,0.011,37.2,18.7,6.3482,1.728,0.625,113 0 155 60
lysine,5,serine,31,15,3,2,7.447,9.978,0.011,37.2,18.7,2.6774,0.542,0.642,113 360 206 299 180 180
lysine,5,serine,31,15,3,3,7.447,9.978,0.011,37.2,18.7,0.0,0.892,0.853,98 301 223 76 118 180 174 187
lysine,5,serine,31,15,3,4,7.447,9.978,0.011,37.2,18.7,0.0,0.465,1.216,49 330 287 54 91 244 220 154 167 189
lysine,5,serine,31,15,4,0,7.447,8.604,0.011,48.4,82.6,5.3275,1.728,2.134,114 360
lysine,5,serine,31,15,4,1,7.447,8.604,0.011,48.4,82.6,2.4245,1.728,0.825,113 360 151 76
lysine,5,serine,31,15,4,2,7.447,8.604,0.011,48.4,82.6,0.0,1.661,0.707,103 304 237 90 134 210
lysine,5,serine,31,15,4,3,7.447,8.604,0.011,48.4,82.6,0.0,0.329,0.853,43 322 281 77 112 239 210 158
lysine,5,serine,31,15,4,4,7.447,8.604,0.011,48.4,82.6,0.0,0.465,0.97,23 346 309 62 91 255 234 139 159 197
lysine,5,serine,31,15,5,0,7.447,8.423,0.011,45.5,89.3,5.1987,1.728,2.395,86 360
lysine,5,serine,31,15,5,1,7.447,8.423,0.011,45.5,89.3,2.4335,1.728,0.92,87 0 154 64
lysine,5,serine,31,15,5,2,7.447,8.423,0.011,45.5,89.3,0.0,1.27,0.782,76 305 239 82 129 216
lysine,5,serine,31,15,5,3,7.447,8.423,0.011,45.5,89.3,0.0,0.68,0.296,28 321 278 64 102 244 212 155
lysine,5,serine,31,15,5,4,7.447,8.423,0.011,45.5,89.3,0.0,0.525,1.266,24 340 304 52 81 257 231 132 155 199
lysine,5,tryptophan,5,13,16,0,3.388,2.162,-0.239,57.9,130.9,0.575,1.728,2.885,172 360
lysine,5,tryptophan,5,13,16,1,3.388,2.162,-0.239,57.9,130.9,1.7784,0.966,2.873,173 82 65 360
lysine,5,tryptophan,5,13,16,2,3.388,2.162,-0.239,57.9,130.9,0.4937,1.23,2.046,183 180 0 360 180 360
lysine,5,tryptophan,5,13,16,3,3.388,2.162,-0.239,57.9,130.9,0.0,1.015,0.841,295 98 60 290 242 44 154 286
lysine,5,tryptophan,5,13,16,4,3.388,2.162,-0.239,57.9,130.9,0.0,0.477,1.367,328 31 61 288 261 81 117 265 223 145
lysine,5,tryptophan,5,13,17,0,3.388,4.387,-0.239,68.1,40.3,1.9503,1.666,1.807,255 0
lysine,5,tryptophan,5,13,17,1,3.388,4.387,-0.239,68.1,40.3,0.0,0.75,2.043,234 58 131 252
lysine,5,tryptophan,5,13,17,2,3.388,4.387,-0.239,68.1,40.3,0.0,0.553,1.728,266 61 54 305 250 104
lysine,5,tryptophan,5,13,17,3,3.388,4.387,-0.239,68.1,40.3,0.0,0.856,1.228,271 116 60 240 270 59 96 252
lysine,5,tryptophan,5,13,17,4,3.388,4.387,-0.239,68.1,40.3,0.0,0.335,1.895,246 32 19 314 333 71 84 306 237 104
lysine,5,tryptophan,5,13,18,0,3.388,4.316,-0.239,76.7,43.2,1.5684,1.582,2.775,181 0
lysine,5,tryptophan,5,13,18,1,3.388,4.316,-0.239,76.7,43.2,0.0,0.754,2.594,194 80 118 238
lysine,5,tryptophan,5,13,18,2,3.388,4.316,-0.239,76.7,43.2,0.0,0.505,1.93,243 80 51 285 242 110
lysine,5,tryptophan,5,13,18,3,3.388,4.316,-0.239,76.7,43.2,0.0,0.343,1.716,268 62 44 280 268 75 122 233
lysine,5,tryptophan,5,13,18,4,3.388,4.316,-0.239,76.7,43.2,0.0,0.391,0.596,320 354 27 306 274 74 105 243 213 154
lysine,5,tryptophan,5,14,16,0,3.388,2.548,-0.239,46.9,153.9,0.5223,1.729,5.529,133 360
lysine,5,tryptophan,5,14,16,1,3.388,2.548,-0.239,46.9,153.9,1.8332,1.729,5.865,127 112 38 0
lysine,5,tryptophan,5,14,16,2,3.388,2.548,-0.239,46.9,153.9,0.7567,1.582,5.194,113 180 360 360 180 360
lysine,5,tryptophan,5,14,16,3,3.388,2.548,-0.239,46.9,153.9,0.0,0.796,4.261,43 268 298 62 112 336 203 64
lysine,5,tryptophan,5,14,16,4,3.388,2.548,-0.239,46.9,153.9,0.0,0.838,2.565,32 311 288 74 96 281 244 92 134 217
lysine,5,tryptophan,5,14,17,0,3.388,4.832,-0.239,52.0,48.2,2.4075,1.729,5.822,120 360
lysine,5,tryptophan,5,14,17,1,3.388,4.832,-0.239,52.0,48.2,0.0,1.663,5.844,109 37 139 34
lysine,5,tryptophan,5,14,17,2,3.388,4.832,-0.239,52.0,48.2,0.0,1.663,5.979,111 305 273 66 128 244
lysine,5,tryptophan,5,14,17,3,3.388,4.832,-0.239,52.0,48.2,0.0,1.663,5.512,77 316 296 72 102 260 222 145
lysine,5,tryptophan,5,14,17,4,3.388,4.832,-0.239,52.0,48.2,0.0,1.414,4.63,47 278 289 128 99 229 237 117 141 214
lysine,5,tryptophan,5,14,18,0,3.388,4.294,-0.239,77.5,67.9,0.9441,1.729,5.101,184 299
lysine,5,tryptophan,5,14,18,1,3.388,4.294,-0.239,77.5,67.9,0.0,1.664,5.686,140 315 235 100
lysine,5,tryptophan,5,14,18,2,3.388,4.294,-0.239,77.5,67.9,0.0,1.664,5.955,106 333 276 56 145 258
lysine,5,tryptophan,5,14,18,3,3.388,4.294,-0.239,77.5,67.9,0.0,1.664,6.258,69 318 282 85 129 267 224 144
lysine,5,tryptophan,5,14,18,4,3.388,4.294,-0.239,77.5,67.9,0.0,1.313,5.905,22 359 317 55 91 284 253 126 154 201
lysine,5,tryptophan,5,15,16,0,3.388,1.148,-0.239,87.5,122.3,0.4944,1.142,4.951,204 0
lysine,5,tryptophan,5,15,16,1,3.388,1.148,-0.239,87.5,122.3,1.7914,0.958,4.783,196 108 41 0
lysine,5,tryptophan,5,15,16,2,3.388,1.148,-0.239,87.5,122.3,1.06,0.64,3.136,133 213 0 0 180 0
lysine,5,tryptophan,5,15,16,3,3.388,1.148,-0.239,87.5,122.3,0.0,0.651,3.459,133 234 351 121 41 36 159 306
lysine,5,tryptophan,5,15,16,4,3.388,1.148,-0.239,87.5,122.3,0.0,1.559,4.211,335 18 46 284 260 77 117 273 226 140
lysine,5,tryptophan,5,15,17,0,3.388,2.649,-0.239,153.0,61.9,0.1604,1.524,3.707,73 180
lysine,5,tryptophan,5,15,17,1,3.388,2.649,-0.239,153.0,61.9,0.04,0.837,3.39,124 253 75 360
lysine,5,tryptophan,5,15,17,2,3.388,2.649,-0.239,153.0,61.9,0.0,0.473,2.386,72 25 301 334 250 1
lysine,5,tryptophan,5,15,17,3,3.388,2.649,-0.239,153.0,61.9,0.0,1.527,4.872,14 154 196 82 68 333 216 27
lysine,5,tryptophan,5,15,17,4,3.388,2.649,-0.239,153.0,61.9,0.0,0.505,3.439,114 164 208 121 51 283 273 40 140 288
lysine,5,tryptophan,5,15,18,0,3.388,3.33,-0.239,116.3,39.2,0.752,1.556,5.499,237 271
lysine,5,tryptophan,5,15,18,1,3.388,3.33,-0.239,116.3,39.2,0.0,1.54,5.297,223 146 294 345
lysine,5,tryptophan,5,15,18,2,3.388,3.33,-0.239,116.3,39.2,0.0,1.647,5.384,228 45 27 50 128 285
lysine,5,tryptophan,5,15,18,3,3.388,3.33,-0.239,116.3,39.2,0.0,0.456,3.391,141 250 40 82 20 343 244 4
lysine,5,tryptophan,5,15,18,4,3.388,3.33,-0.239,116.3,39.2,0.0,0.313,2.959,149 261 292 145 96 277 268 48 129 271
lysine,5,tyrosine,1,13,11,0,15.66,15.919,-0.013,119.1,48.8,12.8567,1.728,1.209,11 237
lysine,5,tyrosine,1,13,11,1,15.66,15.919,-0.013,119.1,48.8,9.1858,1.728,0.467,12 237 180 180
lysine,5,tyrosine,1,13,11,2,15.66,15.919,-0.013,119.1,48.8,5.5841,1.728,0.782,19 240 180 180 180 180
lysine,5,tyrosine,1,13,11,3,15.66,15.919,-0.013,119.1,48.8,1.9232,1.728,0.469,306 120 180 180 180 180 180 180
lysine,5,tyrosine,1,13,11,4,15.66,15.919,-0.013,119.1,48.8,0.0,1.663,0.583,265 151 179 250 229 184 193 178 178 184
lysine,5,tyrosine,1,13,12,0,15.66,15.748,-0.013,111.6,56.4,12.5154,1.728,1.468,23 269
lysine,5,tyrosine,1,13,12,1,15.66,15.748,-0.013,111.6,56.4,8.8446,1.617,0.662,320 92 180 180
lysine,5,tyrosine,1,13,12,2,15.66,15.748,-0.013,111.6,56.4,5.2429,1.728,0.683,29 267 180 180 180 180
lysine,5,tyrosine,1,13,12,3,15.66,15.748,-0.013,111.6,56.4,1.5819,1.728,0.639,28 267 180 180 180 180 180 180
lysine,5,tyrosine,1,13,12,4,15.66,15.748,-0.013,111.6,56.4,0.0,1.664,0.517,36 293 125 183 134 268 58 60 289 168
lysine,5,tyrosine,1,13,13,0,15.66,13.735,-0.013,117.2,141.0,10.0752,1.665,1.28,313 105
lysine,5,tyrosine,1,13,13,1,15.66,13.735,-0.013,117.2,141.0,6.4044,1.728,0.593,17 255 180 180
lysine,5,tyrosine,1,13,13,2,15.66,13.735,-0.013,117.2,141.0,2.8027,1.728,0.65,307 105 180 180 180 180
lysine,5,tyrosine,1,13,13,3,15.66,13.735,-0.013,117.2,141.0,0.0,1.581,0.616,26 281 145 123 279 175 188 117
lysine,5,tyrosine,1,13,13,4,15.66,13.735,-0.013,117.2,141.0,0.0,1.131,0.848,293 78 176 166 75 280 12 338 265 129
lysine,5,tyrosine,1,14,11,0,15.66,17.912,-0.013,37.1,44.2,15.7082,1.729,3.844,290 0
lysine,5,tyrosine,1,14,11,1,15.66,17.912,-0.013,37.1,44.2,12.9193,1.729,1.539,290 0 151 77
lysine,5,tyrosine,1,14,11,2,15.66,17.912,-0.013,37.1,44.2,9.2485,1.729,1.551,290 360 150 77 180 180
lysine,5,tyrosine,1,14,11,3,15.66,17.912,-0.013,37.1,44.2,5.6467,1.729,1.687,290 360 144 81 180 180 180 180
lysine,5,tyrosine,1,14,11,4,15.66,17.912,-0.013,37.1,44.2,1.9858,1.729,1.649,290 360 146 80 180 180 180 180 180 180
lysine,5,tyrosine,1,14,12,0,15.66,17.507,-0.013,40.4,62.2,14.732,1.675,3.968,312 360
lysine,5,tyrosine,1,14,12,1,15.66,17.507,-0.013,40.4,62.2,11.8091,1.682,2.064,312 360 149 88
lysine,5,tyrosine,1,14,12,2,15.66,17.507,-0.013,40.4,62.2,8.1382,1.682,1.896,312 360 212 272 180 180
lysine,5,tyrosine,1,14,12,3,15.66,17.507,-0.013,40.4,62.2,4.5365,1.682,1.663,312 0 143 90 180 180 180 180
lysine,5,tyrosine,1,14,12,4,15.66,17.507,-0.013,40.4,62.2,0.8756,1.682,1.665,312 360 144 90 180 180 180 180 180 180
lysine,5,tyrosine,1,14,13,0,15.66,15.639,-0.013,39.9,140.6,12.7377,1.729,3.886,304 360
lysine,5,tyrosine,1,14,13,1,15.66,15.639,-0.013,39.9,140.6,9.9904,1.729,1.54,304 0 208 288
lysine,5,tyrosine,1,14,13,2,15.66,15.639,-0.013,39.9,140.6,6.3196,1.729,1.138,304 0 151 72 180 180
lysine,5,tyrosine,1,14,13,3,15.66,15.639,-0.013,39.9,140.6,2.7178,1.729,1.629,304 360 215 283 180 180 180 180
lysine,5,tyrosine,1,14,13,4,15.66,15.639,-0.013,39.9,140.6,0.0,1.564,0.842,273 29 158 325 270 169 164 137 162 186
lysine,5,tyrosine,1,15,11,0,15.66,17.355,-0.013,63.0,45.3,14.4886,1.572,3.024,66 360
lysine,5,tyrosine,1,15,11,1,15.66,17.355,-0.013,63.0,45.3,11.0345,1.569,0.813,66 360 156 143
lysine,5,tyrosine,1,15,11,2,15.66,17.355,-0.013,63.0,45.3,7.3637,1.569,0.822,66 0 205 218 180 180
lysine,5,tyrosine,1,15,11,3,15.66,17.355,-0.013,63.0,45.3,3.762,1.569,0.949,66 0 213 224 180 180 180 180
lysine,5,tyrosine,1,15,11,4,15.66,17.355,-0.013,63.0,45.3,0.101,1.106,0.807,66 360 149 137 180 180 180 180 180 180
lysine,5,tyrosine,1,15,12,0,15.66,17.094,-0.013,59.5,57.2,14.0762,0.995,3.688,49 360
lysine,5,tyrosine,1,15,12,1,15.66,17.094,-0.013,59.5,57.2,10.7846,0.967,1.723,48 360 210 237
lysine,5,tyrosine,1,15,12,2,15.66,17.094,-0.013,59.5,57.2,7.1138,0.978,0.453,48 360 211 238 180 180
lysine,5,tyrosine,1,15,12,3,15.66,17.094,-0.013,59.5,57.2,3.5121,0.985,0.445,48 0 217 240 180 180 180 180
lysine,5,tyrosine,1,15,12,4,15.66,17.094,-0.013,59.5,57.2,0.0,0.626,0.433,47 357 150 108 191 174 178 198 119 155
lysine,5,tyrosine,1,15,13,0,15.66,15.23,-0.013,58.9,133.2,11.6504,1.399,3.313,58 0
lysine,5,tyrosine,1,15,13,1,15.66,15.23,-0.013,58.9,133.2,8.3059,1.412,0.986,59 360 209 233
lysine,5,tyrosine,1,15,13,2,15.66,15.23,-0.013,58.9,133.2,4.6351,1.412,0.742,59 360 210 233 180 180
lysine,5,tyrosine,1,15,13,3,15.66,15.23,-0.013,58.9,133.2,1.0333,1.412,0.792,59 360 217 237 180 180 180 180
lysine,5,tyrosine,1,15,13,4,15.66,15.23,-0.013,58.9,133.2,0.0,0.335,0.663,45 328 277 30 67 230 203 172 177 179
lysine,5,phenylalanine,4,13,12,0,9.455,8.307,-0.683,108.8,97.6,4.4683,1.603,1.581,326 87
lysine,5,phenylalanine,4,13,12,1,9.455,8.307,-0.683,108.8,97.6,0.7975,1.604,0.758,325 87 180 180
lysine,5,phenylalanine,4,13,12,2,9.455,8.307,-0.683,108.8,97.6,0.0,1.125,0.918,325 173 83 173 333 196
lysine,5,phenylalanine,4,13,12,3,9.455,8.307,-0.683,108.8,97.6,0.0,0.512,0.783,38 341 37 337 289 96 138 213
lysine,5,phenylalanine,4,13,12,4,9.455,8.307,-0.683,108.8,97.6,0.0,1.611,1.34,23 33 128 262 154 227 338 74 352 81
lysine,5,phenylalanine,4,13,13,0,9.455,8.003,-0.683,118.4,109.8,4.12,1.728,1.367,45 248
lysine,5,phenylalanine,4,13,13,1,9.455,8.003,-0.683,118.4,109.8,0.4492,1.728,0.932,45 248 180 180
lysine,5,phenylalanine,4,13,13,2,9.455,8.003,-0.683,118.4,109.8,0.0,1.033,0.477,45 306 115 240 64 55
lysine,5,phenylalanine,4,13,13,3,9.455,8.003,-0.683,118.4,109.8,0.0,0.451,0.974,296 48 231 46 204 76 319 75
lysine,5,phenylalanine,4,13,13,4,9.455,8.003,-0.683,118.4,109.8,0.0,0.619,0.635,316 42 349 360 48 303 262 108 143 208
lysine,5,phenylalanine,4,13,14,0,9.455,10.142,-0.683,117.2,10.5,8.0683,1.728,1.537,44 258
lysine,5,phenylalanine,4,13,14,1,9.455,10.142,-0.683,117.2,10.5,4.3975,1.728,0.766,44 258 180 180
lysine,5,phenylalanine,4,13,14,2,9.455,10.142,-0.683,117.2,10.5,0.7958,0.828,0.545,334 103 180 180 180 180
lysine,5,phenylalanine,4,13,14,3,9.455,10.142,-0.683,117.2,10.5,0.0,0.514,1.516,60 295 170 164 278 51 313 102
lysine,5,phenylalanine,4,13,14,4,9.455,10.142,-0.683,117.2,10.5,0.0,1.138,2.405,94 245 184 117 8 274 30 140 322 208
lysine,5,phenylalanine,4,14,12,0,9.455,9.935,-0.683,45.0,103.0,6.6819,1.729,3.931,309 0
lysine,5,phenylalanine,4,14,12,1,9.455,9.935,-0.683,45.0,103.0,3.9193,1.722,1.737,310 360 207 293
lysine,5,phenylalanine,4,14,12,2,9.455,9.935,-0.683,45.0,103.0,0.2484,1.722,0.904,310 0 152 68 180 180
lysine,5,phenylalanine,4,14,12,3,9.455,9.935,-0.683,45.0,103.0,0.0,1.663,1.444,348 34 78 306 269 119 150 204
lysine,5,phenylalanine,4,14,12,4,9.455,9.935,-0.683,45.0,103.0,0.0,1.594,2.093,344 14 54 325 292 97 126 233 208 159
lysine,5,phenylalanine,4,14,13,0,9.455,9.587,-0.683,56.5,117.7,6.0531,1.729,3.864,296 360
lysine,5,phenylalanine,4,14,13,1,9.455,9.587,-0.683,56.5,117.7,3.041,1.729,1.597,296 360 149 87
lysine,5,phenylalanine,4,14,13,2,9.455,9.587,-0.683,56.5,117.7,0.0,1.664,1.598,294 52 149 258 216 167
lysine,5,phenylalanine,4,14,13,3,9.455,9.587,-0.683,56.5,117.7,0.0,1.664,2.329,348 29 72 301 265 119 150 204
lysine,5,phenylalanine,4,14,13,4,9.455,9.587,-0.683,56.5,117.7,0.0,1.593,3.181,349 8 46 321 292 101 127 232 208 159
lysine,5,phenylalanine,4,14,14,0,9.455,11.816,-0.683,51.3,19.6,9.7565,1.729,3.881,303 0
lysine,5,phenylalanine,4,14,14,1,9.455,11.816,-0.683,51.3,19.6,6.5282,1.729,2.129,302 360 149 113
lysine,5,phenylalanine,4,14,14,2,9.455,11.816,-0.683,51.3,19.6,2.8573,1.667,2.015,302 360 148 113 180 180
lysine,5,phenylalanine,4,14,14,3,9.455,11.816,-0.683,51.3,19.6,0.0,1.193,0.54,305 17 135 19 306 171 187 168
lysine,5,phenylalanine,4,14,14,4,9.455,11.816,-0.683,51.3,19.6,0.0,1.486,3.914,326 20 66 324 287 118 144 208 194 171
lysine,5,phenylalanine,4,15,12,0,9.455,9.856,-0.683,48.6,109.6,6.4618,1.235,3.465,54 0
lysine,5,phenylalanine,4,15,12,1,9.455,9.856,-0.683,48.6,109.6,3.57,0.979,1.242,55 0 150 79
lysine,5,phenylalanine,4,15,12,2,9.455,9.856,-0.683,48.6,109.6,0.0,1.183,0.342,64 341 164 88 148 171
lysine,5,phenylalanine,4,15,12,3,9.455,9.856,-0.683,48.6,109.6,0.0,1.104,0.578,10 327 284 55 92 242 210 155
lysine,5,phenylalanine,4,15,12,4,9.455,9.856,-0.683,48.6,109.6,0.0,0.725,0.869,20 339 302 41 72 260 232 128 153 200
lysine,5,phenylalanine,4,15,13,0,9.455,10.0,-0.683,37.5,103.7,7.0368,1.616,2.944,68 360
lysine,5,phenylalanine,4,15,13,1,9.455,10.0,-0.683,37.5,103.7,4.5692,1.634,0.989,69 360 165 32
lysine,5,phenylalanine,4,15,13,2,9.455,10.0,-0.683,37.5,103.7,0.8983,1.608,0.492,69 0 196 326 180 180
lysine,5,phenylalanine,4,15,13,3,9.455,10.0,-0.683,37.5,103.7,0.0,0.666,0.794,33 314 269 64 101 232 205 161
lysine,5,phenylalanine,4,15,13,4,9.455,10.0,-0.683,37.5,103.7,0.0,0.561,1.218,25 336 299 48 79 258 231 132 155 199
lysine,5,phenylalanine,4,15,14,0,9.455,11.962,-0.683,44.6,11.6,10.4293,1.155,3.54,52 360
lysine,5,phenylalanine,4,15,14,1,9.455,11.962,-0.683,44.6,11.6,7.4664,1.245,1.177,55 360 211 268
lysine,5,phenylalanine,4,15,14,2,9.455,11.962,-0.683,44.6,11.6,3.7956,0.951,0.569,55 360 148 92 180 180
lysine,5,phenylalanine,4,15,14,3,9.455,11.962,-0.683,44.6,11.6,0.1938,0.979,0.633,55 360 218 267 180 180 180 180
lysine,5,phenylalanine,4,15,14,4,9.455,11.962,-0.683,44.6,11.6,0.0,0.42,0.525,49 319 278 46 80 232 209 156 168 187
aspartic,21,arginine,3,3,16,0,6.688,7.13,0.02,47.7,109.8,3.8459,1.729,4.726,260 0
aspartic,21,arginine,3,3,16,1,6.688,7.13,0.02,47.7,109.8,1.2391,1.729,4.823,257 0 199 317
aspartic,21,arginine,3,3,16,2,6.688,7.13,0.02,47.7,109.8,0.0,1.665,3.419,286 47 103 285 233 135
aspartic,21,arginine,3,3,16,3,6.688,7.13,0.02,47.7,109.8,0.0,1.141,2.787,330 35 79 296 258 119 150 203
aspartic,21,arginine,3,3,16,4,6.688,7.13,0.02,47.7,109.8,0.0,0.962,2.643,341 16 51 305 278 104 127 230 207 160
aspartic,21,arginine,3,3,17,0,6.688,8.343,0.02,47.0,63.5,5.3887,1.729,5.412,235 0
aspartic,21,arginine,3,3,17,1,6.688,8.343,0.02,47.0,63.5,2.4565,1.729,5.388,236 360 210 281
aspartic,21,arginine,3,3,17,2,6.688,8.343,0.02,47.0,63.5,0.0,1.664,4.616,247 58 123 267 220 152
aspartic,21,arginine,3,3,17,3,6.688,8.343,0.02,47.0,63.5,0.0,1.664,2.984,305 42 83 279 242 123 151 201
aspartic,21,arginine,3,3,17,4,6.688,8.343,0.02,47.0,63.5,0.0,1.215,2.679,328 23 59 290 262 109 129 216 199 165
aspartic,21,arginine,3,3,18,0,6.688,9.084,0.02,37.2,29.1,7.4922,1.729,4.244,274 0
aspartic,21,arginine,3,3,18,1,6.688,9.084,0.02,37.2,29.1,4.9222,1.729,4.294,273 360 203 308
aspartic,21,arginine,3,3,18,2,6.688,9.084,0.02,37.2,29.1,1.2514,0.956,2.9,273 0 203 307 180 180
aspartic,21,arginine,3,3,18,3,6.688,9.084,0.02,37.2,29.1,0.0,1.241,1.675,306 51 99 287 252 142 163 192
aspartic,21,arginine,3,3,18,4,6.688,9.084,0.02,37.2,29.1,0.0,1.276,1.868,325 22 62 309 275 107 132 219 200 165
aspartic,21,arginine,3,4,16,0,6.688,7.007,0.02,52.9,90.5,3.8661,1.728,4.422,95 0
aspartic,21,arginine,3,4,16,1,6.688,7.007,0.02,52.9,90.5,1.3958,0.463,3.798,95 0 180 0
aspartic,21,arginine,3,4,16,2,6.688,7.007,0.02,52.9,90.5,0.0,0.606,1.596,65 306 247 70 129 224
aspartic,21,arginine,3,4,16,3,6.688,7.007,0.02,52.9,90.5,0.0,1.053,1.418,25 324 283 67 102 241 211 156
aspartic,21,arginine,3,4,16,4,6.688,7.007,0.02,52.9,90.5,0.0,0.989,0.876,14 346 310 54 82 258 234 132 154 200
aspartic,21,arginine,3,4,17,0,6.688,7.807,0.02,68.5,60.8,4.5714,1.728,5.146,114 0
aspartic,21,arginine,3,4,17,1,6.688,7.807,0.02,68.5,60.8,1.0577,0.849,4.7,113 360 156 142
aspartic,21,arginine,3,4,17,2,6.688,7.807,0.02,68.5,60.8,0.0,0.533,3.686,128 255 234 133 156 199
aspartic,21,arginine,3,4,17,3,6.688,7.807,0.02,68.5,60.8,0.0,1.126,4.715,161 224 239 124 132 234 211 154
aspartic,21,arginine,3,4,17,4,6.688,7.807,0.02,68.5,60.8,0.0,1.664,3.961,169 202 222 143 136 236 225 131 153 202
aspartic,21,arginine,3,4,18,0,6.688,8.401,0.02,66.6,34.1,5.822,1.728,3.875,77 360
aspartic,21,arginine,3,4,18,1,6.688,8.401,0.02,66.6,34.1,2.3248,0.835,1.992,78 0 157 144
aspartic,21,arginine,3,4,18,2,6.688,8.401,0.02,66.6,34.1,0.0,0.554,1.812,109 256 227 123 150 202
aspartic,21,arginine,3,4,18,3,6.688,8.401,0.02,66.6,34.1,0.0,0.95,2.275,102 306 283 17 52 269 225 139
aspartic,21,arginine,3,4,18,4,6.688,8.401,0.02,66.6,34.1,0.0,0.624,1.538,124 296 286 29 51 275 245 106 139 212
aspartic,21,arginine,3,5,16,0,6.688,4.843,0.02,148.9,100.0,1.0389,1.728,3.44,2 180
aspartic,21,arginine,3,5,16,1,6.688,4.843,0.02,148.9,100.0,0.0,1.352,3.052,20 169 217 128
aspartic,21,arginine,3,5,16,2,6.688,4.843,0.02,148.9,100.0,0.0,1.665,4.018,84 168 224 89 114 283
aspartic,21,arginine,3,5,16,3,6.688,4.843,0.02,148.9,100.0,0.0,1.397,3.847,136 173 194 105 96 284 238 122
aspartic,21,arginine,3,5,16,4,6.688,4.843,0.02,148.9,100.0,0.0,0.918,0.693,22 256 200 27 38 304 246 44 132 249
aspartic,21,arginine,3,5,17,0,6.688,5.919,0.02,161.5,60.2,3.0906,1.654,4.741,261 180
aspartic,21,arginine,3,5,17,1,6.688,5.919,0.02,161.5,60.2,0.2389,1.304,4.455,264 180 153 68
aspartic,21,arginine,3,5,17,2,6.688,5.919,0.02,161.5,60.2,0.0,1.262,3.088,26 223 163 244 250 88
aspartic,21,arginine,3,5,17,3,6.688,5.919,0.02,161.5,60.2,0.0,1.664,4.291,229 221 165 226 268 63 103 253
aspartic,21,arginine,3,5,17,4,6.688,5.919,0.02,161.5,60.2,0.0,1.664,3.75,182 205 182 185 250 121 113 286 244 124
aspartic,21,arginine,3,5,18,0,6.688,6.652,0.02,142.4,26.4,4.2356,1.728,3.366,306 138
aspartic,21,arginine,3,5,18,1,6.688,6.652,0.02,142.4,26.4,0.5647,0.679,1.705,306 137 180 180
aspartic,21,arginine,3,5,18,2,6.688,6.652,0.02,142.4,26.4,0.0,0.891,2.699,276 185 153 252 236 125
aspartic,21,arginine,3,5,18,3,6.688,6.652,0.02,142.4,26.4,0.0,1.663,2.563,205 185 171 245 252 110 140 218
aspartic,21,arginine,3,5,18,4,6.688,6.652,0.02,142.4,26.4,0.0,0.937,1.929,169 158 159 243 274 133 134 249 221 143
aspartic,21,lysine,5,3,13,0,9.323,8.698,-0.06,57.2,158.4,5.8491,0.854,2.713,355 360
aspartic,21,lysine,5,3,13,1,9.323,8.698,-0.06,57.2,158.4,2.8717,0.856,1.404,360 360 212 263
aspartic,21,lysine,5,3,13,2,9.323,8.698,-0.06,57.2,158.4,0.0,1.226,0.953,336 48 154 245 213 178
aspartic,21,lysine,5,3,13,3,9.323,8.698,-0.06,57.2,158.4,0.0,1.663,1.223,349 111 9 71 227 193 351 282
aspartic,21,lysine,5,3,13,4,9.323,8.698,-0.06,57.2,158.4,0.0,1.23,1.461,14 10 53 341 301 75 114 256 220 150
aspartic,21,lysine,5,3,14,0,9.323,11.1,-0.06,60.6,47.8,8.1716,0.913,2.643,349 0
aspartic,21,lysine,5,3,14,1,9.323,11.1,-0.06,60.6,47.8,4.7158,0.912,0.944,349 360 206 222
aspartic,21,lysine,5,3,14,2,9.323,11.1,-0.06,60.6,47.8,1.045,0.912,0.926,349 360 153 137 180 180
aspartic,21,lysine,5,3,14,3,9.323,11.1,-0.06,60.6,47.8,0.0,1.104,1.543,7 12 89 1 277 111 152 191
aspartic,21,lysine,5,3,14,4,9.323,11.1,-0.06,60.6,47.8,0.0,0.969,2.89,358 17 60 336 293 106 144 245 217 157
aspartic,21,lysine,5,3,15,0,9.323,10.417,-0.06,51.1,75.2,7.289,0.936,2.926,7 360
aspartic,21,lysine,5,3,15,1,9.323,10.417,-0.06,51.1,75.2,4.3254,0.941,2.043,7 360 211 273
aspartic,21,lysine,5,3,15,2,9.323,10.417,-0.06,51.1,75.2,0.6546,0.941,1.774,7 360 211 273 180 180
aspartic,21,lysine,5,3,15,3,9.323,10.417,-0.06,51.1,75.2,0.0,1.565,2.265,339 336 277 32 87 247 209 159
aspartic,21,lysine,5,3,15,4,9.323,10.417,-0.06,51.1,75.2,0.0,1.663,3.697,50 299 270 59 87 241 213 128 152 200
aspartic,21,lysine,5,4,13,0,9.323,8.771,-0.06,54.2,142.0,5.3853,1.318,3.214,11 0
aspartic,21,lysine,5,4,13,1,9.323,8.771,-0.06,54.2,142.0,2.2636,1.337,1.828,10 0 148 96
aspartic,21,lysine,5,4,13,2,9.323,8.771,-0.06,54.2,142.0,0.0,1.663,1.712,360 296 244 106 134 206
aspartic,21,lysine,5,4,13,3,9.323,8.771,-0.06,54.2,142.0,0.0,1.632,1.886,331 339 291 41 89 266 221 146
aspartic,21,lysine,5,4,13,4,9.323,8.771,-0.06,54.2,142.0,0.0,0.693,1.895,348 348 307 30 69 272 236 116 146 205
aspartic,21,lysine,5,4,14,0,9.323,11.216,-0.06,55.9,36.2,8.8576,1.575,3.516,359 0
aspartic,21,lysine,5,4,14,1,9.323,11.216,-0.06,55.9,36.2,5.755,1.587,2.041,358 0 212 257
aspartic,21,lysine,5,4,14,2,9.323,11.216,-0.06,55.9,36.2,2.0842,1.587,2.048,358 360 148 103 180 180
aspartic,21,lysine,5,4,14,3,9.323,11.216,-0.06,55.9,36.2,0.0,1.275,2.814,360 6 118 125 210 274 182 267
aspartic,21,lysine,5,4,14,4,9.323,11.216,-0.06,55.9,36.2,0.0,1.664,3.236,319 61 92 313 284 121 149 225 205 164
aspartic,21,lysine,5,4,15,0,9.323,10.014,-0.06,67.4,85.9,6.3334,1.359,3.267,9 360
aspartic,21,lysine,5,4,15,1,9.323,10.014,-0.06,67.4,85.9,2.8254,1.354,2.032,9 360 204 217
aspartic,21,lysine,5,4,15,2,9.323,10.014,-0.06,67.4,85.9,0.0,1.663,2.686,352 327 222 132 131 162
aspartic,21,lysine,5,4,15,3,9.323,10.014,-0.06,67.4,85.9,0.0,1.663,2.241,18 213 332 52 348 227 96 343
aspartic,21,lysine,5,4,15,4,9.323,10.014,-0.06,67.4,85.9,0.0,0.625,2.521,5 345 302 25 66 252 215 111 141 205
aspartic,21,lysine,5,5,13,0,9.323,8.341,-0.06,70.9,145.5,4.7929,1.654,2.236,357 0
aspartic,21,lysine,5,5,13,1,9.323,8.341,-0.06,70.9,145.5,1.2104,1.687,1.171,358 0 196 203
aspartic,21,lysine,5,5,13,2,9.323,8.341,-0.06,70.9,145.5,0.0,1.663,0.853,16 273 285 278 25 133
aspartic,21,lysine,5,5,13,3,9.323,8.341,-0.06,70.9,145.5,0.0,1.05,0.732,43 17 64 325 279 92 138 217
aspartic,21,lysine,5,5,13,4,9.323,8.341,-0.06,70.9,145.5,0.0,1.663,0.591,291 293 259 314 339 284 217 356 74 254
aspartic,21,lysine,5,5,14,0,9.323,10.801,-0.06,72.1,37.9,8.0822,1.728,2.162,11 360
aspartic,21,lysine,5,5,14,1,9.323,10.801,-0.06,72.1,37.9,4.5302,1.728,0.316,12 360 165 159
aspartic,21,lysine,5,5,14,2,9.323,10.801,-0.06,72.1,37.9,0.8594,1.728,0.322,12 360 163 157 180 180
aspartic,21,lysine,5,5,14,3,9.323,10.801,-0.06,72.1,37.9,0.0,1.438,1.037,349 346 277 5 76 249 205 163
aspartic,21,lysine,5,5,14,4,9.323,10.801,-0.06,72.1,37.9,0.0,1.466,1.144,347 1 313 8 54 273 236 131 153 197
aspartic,21,lysine,5,5,15,0,9.323,9.987,-0.06,68.4,72.6,6.5779,1.437,2.12,345 0
aspartic,21,lysine,5,5,15,1,9.323,9.987,-0.06,68.4,72.6,3.1973,1.429,0.751,344 0 151 128
aspartic,21,lysine,5,5,15,2,9.323,9.987,-0.06,68.4,72.6,0.0,1.341,0.785,333 55 155 225 208 182
aspartic,21,lysine,5,5,15,3,9.323,9.987,-0.06,68.4,72.6,0.0,1.421,0.547,24 14 67 330 281 100 142 210
aspartic,21,lysine,5,5,15,4,9.323,9.987,-0.06,68.4,72.6,0.0,0.379,0.316,325 55 172 53 335 287 31 75 337 79
aspartic,21,glutamic,22,3,4,0,10.863,11.05,0.27,58.6,111.8,7.4079,1.729,3.891,284 0
aspartic,21,glutamic,22,3,4,1,10.863,11.05,0.27,58.6,111.8,4.2034,1.729,3.92,283 0 148 109
aspartic,21,glutamic,22,3,4,2,10.863,11.05,0.27,58.6,111.8,0.5326,1.729,3.414,283 360 212 251 180 180
aspartic,21,glutamic,22,3,4,3,10.863,11.05,0.27,58.6,111.8,0.0,1.183,2.683,329 24 80 312 274 138 162 194
aspartic,21,glutamic,22,3,4,4,10.863,11.05,0.27,58.6,111.8,0.0,1.068,2.606,336 13 52 312 284 111 133 223 203 163
aspartic,21,glutamic,22,3,5,0,10.863,11.508,0.27,55.5,93.6,7.9758,1.729,4.453,268 360
aspartic,21,glutamic,22,3,5,1,10.863,11.508,0.27,55.5,93.6,4.8013,1.729,4.439,268 0 148 107
aspartic,21,glutamic,22,3,5,2,10.863,11.508,0.27,55.5,93.6,1.1305,1.729,4.439,268 0 148 107 180 180
aspartic,21,glutamic,22,3,5,3,10.863,11.508,0.27,55.5,93.6,0.0,1.663,2.858,311 23 90 317 273 150 170 186
aspartic,21,glutamic,22,3,5,4,10.863,11.508,0.27,55.5,93.6,0.0,1.302,2.664,327 15 55 306 278 119 138 212 197 167
aspartic,21,glutamic,22,3,6,0,10.863,13.214,0.27,54.1,8.8,11.3818,1.729,3.883,284 0
aspartic,21,glutamic,22,3,6,1,10.863,13.214,0.27,54.1,8.8,8.0815,1.729,3.923,283 0 210 238
aspartic,21,glutamic,22,3,6,2,10.863,13.214,0.27,54.1,8.8,4.4107,1.729,3.837,283 0 149 122 180 180
aspartic,21,glutamic,22,3,6,3,10.863,13.214,0.27,54.1,8.8,0.809,1.064,3.365,283 360 217 241 180 180 180 180
aspartic,21,glutamic,22,3,6,4,10.863,13.214,0.27,54.1,8.8,0.0,1.336,2.951,307 23 80 328 284 132 156 184 181 182
aspartic,21,glutamic,22,4,4,0,10.863,11.43,0.27,41.6,100.9,8.3106,1.728,3.895,78 360
aspartic,21,glutamic,22,4,4,1,10.863,11.43,0.27,41.6,100.9,5.6459,1.728,1.905,77 0 155 59
aspartic,21,glutamic,22,4,4,2,10.863,11.43,0.27,41.6,100.9,1.9751,1.728,1.875,77 360 154 60 180 180
aspartic,21,glutamic,22,4,4,3,10.863,11.43,0.27,41.6,100.9,0.0,1.641,1.637,55 316 256 61 90 197 182 176
aspartic,21,glutamic,22,4,4,4,10.863,11.43,0.27,41.6,100.9,0.0,1.35,2.263,38 336 295 50 84 248 224 146 162 192
aspartic,21,glutamic,22,4,5,0,10.863,11.626,0.27,50.4,93.3,8.2174,1.728,4.386,94 360
aspartic,21,glutamic,22,4,5,1,10.863,11.626,0.27,50.4,93.3,5.1836,1.728,3.735,94 360 212 266
aspartic,21,glutamic,22,4,5,2,10.863,11.626,0.27,50.4,93.3,1.5128,1.728,3.336,94 0 212 266 180 180
aspartic,21,glutamic,22,4,5,3,10.863,11.626,0.27,50.4,93.3,0.0,1.578,1.904,54 333 263 45 87 202 186 178
aspartic,21,glutamic,22,4,5,4,10.863,11.626,0.27,50.4,93.3,0.0,1.321,2.74,38 342 301 53 84 242 222 150 164 192
aspartic,21,glutamic,22,4,6,0,10.863,13.331,0.27,48.9,7.0,11.6677,1.728,3.855,76 360
aspartic,21,glutamic,22,4,6,1,10.863,13.331,0.27,48.9,7.0,8.5048,1.728,1.845,78 360 148 109
aspartic,21,glutamic,22,4,6,2,10.863,13.331,0.27,48.9,7.0,4.834,1.728,1.359,78 0 212 251 180 180
aspartic,21,glutamic,22,4,6,3,10.863,13.331,0.27,48.9,7.0,1.2322,0.67,1.116,78 0 142 108 180 180 180 180
aspartic,21,glutamic,22,4,6,4,10.863,13.331,0.27,48.9,7.0,0.0,1.099,2.429,65 328 271 35 78 221 198 182 182 176
aspartic,21,glutamic,22,5,4,0,10.863,9.255,0.27,131.7,101.9,5.3907,1.728,3.375,353 139
aspartic,21,glutamic,22,5,4,1,10.863,9.255,0.27,131.7,101.9,1.7199,1.728,3.097,352 138 180 180
aspartic,21,glutamic,22,5,4,2,10.863,9.255,0.27,131.7,101.9,0.0,1.509,2.043,45 184 274 209 178 191
aspartic,21,glutamic,22,5,4,3,10.863,9.255,0.27,131.7,101.9,0.0,1.602,2.662,109 211 208 94 100 226 203 158
aspartic,21,glutamic,22,5,4,4,10.863,9.255,0.27,131.7,101.9,0.0,1.664,0.87,35 267 240 8 32 268 234 110 142 208
aspartic,21,glutamic,22,5,5,0,10.863,9.408,0.27,146.3,96.0,5.6224,1.728,3.492,10 180
aspartic,21,glutamic,22,5,5,1,10.863,9.408,0.27,146.3,96.0,2.1132,1.728,3.491,10 180 205 219
aspartic,21,glutamic,22,5,5,2,10.863,9.408,0.27,146.3,96.0,0.0,1.663,3.982,61 184 180 143 153 196
aspartic,21,glutamic,22,5,5,3,10.863,9.408,0.27,146.3,96.0,0.0,1.663,4.319,99 188 179 117 123 208 193 167
aspartic,21,glutamic,22,5,5,4,10.863,9.408,0.27,146.3,96.0,0.0,1.663,0.988,222 142 159 275 259 116 155 261 223 148
aspartic,21,glutamic,22,5,6,0,10.863,11.216,0.27,137.1,2.1,9.3321,1.728,3.599,34 222
aspartic,21,glutamic,22,5,6,1,10.863,11.216,0.27,137.1,2.1,5.6613,1.728,2.605,343 138 180 180
aspartic,21,glutamic,22,5,6,2,10.863,11.216,0.27,137.1,2.1,2.0596,0.863,2.353,43 228 180 180 180 180
aspartic,21,glutamic,22,5,6,3,10.863,11.216,0.27,137.1,2.1,0.0,0.47,3.784,49 208 180 353 17 220 179 186
aspartic,21,glutamic,22,5,6,4,10.863,11.216,0.27,137.1,2.1,0.0,0.807,3.858,121 186 183 122 123 214 204 151 164 192
aspartic,21,isoleucine,3,3,4,0,12.2,12.61,-0.846,28.0,125.8,9.9582,1.482,2.706,328 0
aspartic,21,isoleucine,3,3,4,1,12.2,12.61,-0.846,28.0,125.8,7.5717,1.505,1.098,327 0 166 28
aspartic,21,isoleucine,3,3,4,2,12.2,12.61,-0.846,28.0,125.8,3.9009,1.505,0.716,327 0 165 30 180 180
aspartic,21,isoleucine,3,3,4,3,12.2,12.61,-0.846,28.0,125.8,0.2992,1.505,0.419,327 0 204 316 180 180 180 180
aspartic,21,isoleucine,3,3,4,4,12.2,12.61,-0.846,28.0,125.8,0.0,1.595,0.759,311 51 89 304 269 126 150 205 193 172
aspartic,21,isoleucine,3,3,5,0,12.2,14.727,-0.846,29.6,38.5,12.7769,1.684,2.806,322 0
aspartic,21,isoleucine,3,3,5,1,12.2,14.727,-0.846,29.6,38.5,10.1231,1.683,1.66,322 360 154 62
aspartic,21,isoleucine,3,3,5,2,12.2,14.727,-0.846,29.6,38.5,6.4523,1.683,0.483,322 0 154 63 180 180
aspartic,21,isoleucine,3,3,5,3,12.2,14.727,-0.846,29.6,38.5,2.8506,1.495,0.352,322 0 213 291 180 180 180 180
aspartic,21,isoleucine,3,3,5,4,12.2,14.727,-0.846,29.6,38.5,0.0,1.536,0.54,299 33 145 318 269 161 169 156 168 186
aspartic,21,isoleucine,3,3,6,0,12.2,14.241,-0.846,20.3,60.9,12.5049,1.196,2.62,337 0
aspartic,21,isoleucine,3,3,6,1,12.2,14.241,-0.846,20.3,60.9,10.3951,1.145,0.373,339 360 180 0
aspartic,21,isoleucine,3,3,6,2,12.2,14.241,-0.846,20.3,60.9,6.7652,1.121,0.348,340 0 180 0 180 180
aspartic,21,isoleucine,3,3,6,3,12.2,14.241,-0.846,20.3,60.9,3.1063,1.142,0.37,339 360 180 0 180 180 180 180
aspartic,21,isoleucine,3,3,6,4,12.2,14.241,-0.846,20.3,60.9,0.0,0.968,0.481,346 26 150 319 202 143 169 167 172 190
aspartic,21,isoleucine,3,4,4,0,12.2,11.584,-0.846,74.9,122.7,7.754,1.523,3.084,44 0
aspartic,21,isoleucine,3,4,4,1,12.2,11.584,-0.846,74.9,122.7,4.1221,1.52,1.392,44 0 180 180
aspartic,21,isoleucine,3,4,4,2,12.2,11.584,-0.846,74.9,122.7,0.4657,1.524,1.378,44 0 180 180 180 180
aspartic,21,isoleucine,3,4,4,3,12.2,11.584,-0.846,74.9,122.7,0.0,1.646,1.78,4 346 289 32 71 229 201 163
aspartic,21,isoleucine,3,4,4,4,12.2,11.584,-0.846,74.9,122.7,0.0,1.663,3.266,320 337 294 299 303 217 183 97 128 209
aspartic,21,isoleucine,3,4,5,0,12.2,13.789,-0.846,72.8,29.3,11.3023,1.537,3.091,44 360
aspartic,21,isoleucine,3,4,5,1,12.2,13.789,-0.846,72.8,29.3,7.8137,1.524,1.198,44 360 158 147
aspartic,21,isoleucine,3,4,5,2,12.2,13.789,-0.846,72.8,29.3,4.1429,1.524,1.202,44 0 157 146 180 180
aspartic,21,isoleucine,3,4,5,3,12.2,13.789,-0.846,72.8,29.3,0.5412,1.45,1.311,44 0 148 139 180 180 180 180
aspartic,21,isoleucine,3,4,5,4,12.2,13.789,-0.846,72.8,29.3,0.0,0.916,0.373,28 334 285 28 65 231 203 165 172 182
aspartic,21,isoleucine,3,4,6,0,12.2,12.922,-0.846,82.7,69.8,9.4289,1.728,3.329,30 40
aspartic,21,isoleucine,3,4,6,1,12.2,12.922,-0.846,82.7,69.8,5.7581,1.728,1.729,67 319 180 180
aspartic,21,isoleucine,3,4,6,2,12.2,12.922,-0.846,82.7,69.8,2.1564,1.728,1.898,75 308 180 180 180 180
aspartic,21,isoleucine,3,4,6,3,12.2,12.922,-0.846,82.7,69.8,0.0,1.297,0.574,10 16 240 317 30 192 171 191
aspartic,21,isoleucine,3,4,6,4,12.2,12.922,-0.846,82.7,69.8,0.0,1.335,2.36,22 344 310 39 52 225 211 125 146 205
aspartic,21,isoleucine,3,5,4,0,12.2,10.985,-0.846,97.3,116.6,7.1113,1.728,2.488,306 69
aspartic,21,isoleucine,3,5,4,1,12.2,10.985,-0.846,97.3,116.6,3.4405,1.728,0.606,306 70 180 180
aspartic,21,isoleucine,3,5,4,2,12.2,10.985,-0.846,97.3,116.6,0.0,1.663,0.577,12 301 134 143 204 193
aspartic,21,isoleucine,3,5,4,3,12.2,10.985,-0.846,97.3,116.6,0.0,1.663,0.803,33 324 90 8 287 303 64 277
aspartic,21,isoleucine,3,5,4,4,12.2,10.985,-0.846,97.3,116.6,0.0,1.606,0.39,66 19 58 42 51 134 171 321 261 136
aspartic,21,isoleucine,3,5,5,0,12.2,12.961,-0.846,104.1,35.5,10.2372,1.728,2.619,312 84
aspartic,21,isoleucine,3,5,5,1,12.2,12.961,-0.846,104.1,35.5,6.5664,1.728,0.511,14 276 180 180
aspartic,21,isoleucine,3,5,5,2,12.2,12.961,-0.846,104.1,35.5,2.9646,0.6,0.676,19 273 180 180 180 180
aspartic,21,isoleucine,3,5,5,3,12.2,12.961,-0.846,104.1,35.5,0.0,0.743,0.583,18 280 175 137 271 190 197 123
aspartic,21,isoleucine,3,5,5,4,12.2,12.961,-0.846,104.1,35.5,0.0,0.458,0.667,47 83 330 22 257 212 191 227 189 245
aspartic,21,isoleucine,3,5,6,0,12.2,12.411,-0.846,102.0,61.1,9.0894,1.728,2.802,349 285
aspartic,21,isoleucine,3,5,6,1,12.2,12.411,-0.846,102.0,61.1,5.4186,1.728,0.379,290 75 180 180
aspartic,21,isoleucine,3,5,6,2,12.2,12.411,-0.846,102.0,61.1,1.8168,1.728,0.678,355 281 180 180 180 180
aspartic,21,isoleucine,3,5,6,3,12.2,12.411,-0.846,102.0,61.1,0.0,1.622,0.776,2 342 91 15 312 153 176 176
aspartic,21,isoleucine,3,5,6,4,12.2,12.411,-0.846,102.0,61.1,0.0,1.367,0.688,28 346 53 354 304 25 60 226 197 163
aspartic,21,leucine,13,3,1,0,17.728,17.872,-0.438,29.7,135.6,15.0926,1.729,5.179,246 0
aspartic,21,leucine,13,3,1,1,17.728,17.872,-0.438,29.7,135.6,12.4887,1.729,5.185,246 0 155 58
aspartic,21,leucine,13,3,1,2,17.728,17.872,-0.438,29.7,135.6,8.8179,1.729,4.452,246 360 155 59 180 180
aspartic,21,leucine,13,3,1,3,17.728,17.872,-0.438,29.7,135.6,5.2162,1.729,1.463,246 360 148 66 180 180 180 180
aspartic,21,leucine,13,3,1,4,17.728,17.872,-0.438,29.7,135.6,1.5552,1.729,0.24,246 0 150 64 180 180 180 180 180 180
aspartic,21,leucine,13,3,2,0,17.728,19.973,-0.438,32.6,48.5,17.8023,1.729,5.44,233 0
aspartic,21,leucine,13,3,2,1,17.728,19.973,-0.438,32.6,48.5,15.1164,1.729,5.437,233 0 153 68
aspartic,21,leucine,13,3,2,2,17.728,19.973,-0.438,32.6,48.5,11.4456,1.729,4.842,233 360 152 68 180 180
aspartic,21,leucine,13,3,2,3,17.728,19.973,-0.438,32.6,48.5,7.8439,1.729,2.663,233 0 146 73 180 180 180 180
aspartic,21,leucine,13,3,2,4,17.728,19.973,-0.438,32.6,48.5,4.1829,1.729,1.031,233 360 148 72 180 180 180 180 180 180
aspartic,21,leucine,13,3,13,0,17.728,19.808,-0.438,31.8,56.0,17.5241,1.729,4.717,260 0
aspartic,21,leucine,13,3,13,1,17.728,19.808,-0.438,31.8,56.0,14.8818,1.729,4.717,260 0 206 296
aspartic,21,leucine,13,3,13,2,17.728,19.808,-0.438,31.8,56.0,11.211,1.729,3.904,260 360 153 64 180 180
aspartic,21,leucine,13,3,13,3,17.728,19.808,-0.438,31.8,56.0,7.6092,1.729,1.004,260 0 213 290 180 180 180 180
aspartic,21,leucine,13,3,13,4,17.728,19.808,-0.438,31.8,56.0,3.9483,1.729,0.921,260 0 211 291 180 180 180 180 180 180
aspartic,21,leucine,13,4,1,0,17.728,16.607,-0.438,85.6,142.1,12.9594,1.728,4.163,74 25
aspartic,21,leucine,13,4,1,1,17.728,16.607,-0.438,85.6,142.1,9.2886,1.728,2.827,99 333 180 180
aspartic,21,leucine,13,4,1,2,17.728,16.607,-0.438,85.6,142.1,5.6869,1.728,1.177,109 318 180 180 180 180
aspartic,21,leucine,13,4,1,3,17.728,16.607,-0.438,85.6,142.1,2.0259,1.728,0.834,65 39 180 180 180 180 180 180
aspartic,21,leucine,13,4,1,4,17.728,16.607,-0.438,85.6,142.1,0.0,1.662,0.43,132 231 213 150 162 196 189 173 177 182
aspartic,21,leucine,13,4,2,0,17.728,18.724,-0.438,86.8,52.7,15.5637,1.728,4.394,68 49
aspartic,21,leucine,13,4,2,1,17.728,18.724,-0.438,86.8,52.7,11.8929,1.728,3.418,68 50 180 180
aspartic,21,leucine,13,4,2,2,17.728,18.724,-0.438,86.8,52.7,8.2911,1.728,2.184,120 301 180 180 180 180
aspartic,21,leucine,13,4,2,3,17.728,18.724,-0.438,86.8,52.7,4.6302,1.728,0.794,118 303 180 180 180 180 180 180
aspartic,21,leucine,13,4,2,4,17.728,18.724,-0.438,86.8,52.7,1.0045,1.728,0.37,121 300 180 180 180 180 180 180 180 180
aspartic,21,leucine,13,4,13,0,17.728,18.691,-0.438,81.5,54.2,15.499,1.728,3.935,79 360
aspartic,21,leucine,13,4,13,1,17.728,18.691,-0.438,81.5,54.2,11.8285,1.728,2.129,79 0 180 180
aspartic,21,leucine,13,4,13,2,17.728,18.691,-0.438,81.5,54.2,8.2257,1.728,1.359,97 330 180 180 180 180
aspartic,21,leucine,13,4,13,3,17.728,18.691,-0.438,81.5,54.2,4.5647,1.728,0.845,65 26 180 180 180 180 180 180
aspartic,21,leucine,13,4,13,4,17.728,18.691,-0.438,81.5,54.2,0.9391,1.728,0.876,60 33 180 180 180 180 180 180 180 180
aspartic,21,leucine,13,5,1,0,17.728,15.39,-0.438,138.0,134.8,11.6491,1.728,3.72,307 180
aspartic,21,leucine,13,5,1,1,17.728,15.39,-0.438,138.0,134.8,7.9782,1.728,3.041,311 184 180 180
aspartic,21,leucine,13,5,1,2,17.728,15.39,-0.438,138.0,134.8,4.3765,1.728,0.522,331 207 180 180 180 180
aspartic,21,leucine,13,5,1,3,17.728,15.39,-0.438,138.0,134.8,0.7155,1.728,0.644,327 203 180 180 180 180 180 180
aspartic,21,leucine,13,5,1,4,17.728,15.39,-0.438,138.0,134.8,0.0,1.662,1.227,233 170 177 213 208 164 170 191 186 176
aspartic,21,leucine,13,5,2,0,17.728,17.477,-0.438,141.7,48.5,14.4163,1.728,3.971,294 180
aspartic,21,leucine,13,5,2,1,17.728,17.477,-0.438,141.7,48.5,10.7459,1.728,3.49,294 180 180 180
aspartic,21,leucine,13,5,2,2,17.728,17.477,-0.438,141.7,48.5,7.1429,1.728,1.647,273 157 180 180 180 180
aspartic,21,leucine,13,5,2,3,17.728,17.477,-0.438,141.7,48.5,3.4819,1.728,1.009,312 200 180 180 180 180 180 180
aspartic,21,leucine,13,5,2,4,17.728,17.477,-0.438,141.7,48.5,0.0,1.414,0.7,264 163 186 205 194 185 187 176 178 183
aspartic,21,leucine,13,5,13,0,17.728,17.339,-0.438,139.3,54.8,14.1363,1.728,3.614,303 157
aspartic,21,leucine,13,5,13,1,17.728,17.339,-0.438,139.3,54.8,10.4655,1.728,2.435,336 204 180 180
aspartic,21,leucine,13,5,13,2,17.728,17.339,-0.438,139.3,54.8,6.8638,1.728,0.637,348 215 180 180 180 180
aspartic,21,leucine,13,5,13,3,17.728,17.339,-0.438,139.3,54.8,3.2028,1.728,0.495,345 213 180 180 180 180 180 180
aspartic,21,leucine,13,5,13,4,17.728,17.339,-0.438,139.3,54.8,0.0,1.349,0.237,272 159 184 215 202 182 186 177 178 182
aspartic,21,serine,31,3,3,0,5.832,6.68,0.988,86.2,56.1,3.525,1.729,4.073,313 300
aspartic,21,serine,31,3,3,1,5.832,6.68,0.988,86.2,56.1,0.0,1.665,4.269,264 85 147 205
aspartic,21,serine,31,3,3,2,5.832,6.68,0.988,86.2,56.1,0.0,1.431,4.537,255 125 130 240 215 150
aspartic,21,serine,31,3,3,3,5.832,6.68,0.988,86.2,56.1,0.0,1.665,4.92,217 147 135 251 243 120 146 209
aspartic,21,serine,31,3,3,4,5.832,6.68,0.988,86.2,56.1,0.0,1.665,4.858,194 151 145 237 246 129 137 230 208 157
aspartic,21,serine,31,3,4,0,5.832,4.792,0.988,85.3,134.4,1.0904,1.729,3.226,305 0
aspartic,21,serine,31,3,4,1,5.832,4.792,0.988,85.3,134.4,0.0,0.818,2.636,331 4 97 262
aspartic,21,serine,31,3,4,2,5.832,4.792,0.988,85.3,134.4,0.0,0.735,2.868,282 236 352 342 251 91
aspartic,21,serine,31,3,4,3,5.832,4.792,0.988,85.3,134.4,0.0,1.661,1.258,21 151 306 161 55 35 118 265
aspartic,21,serine,31,3,4,4,5.832,4.792,0.988,85.3,134.4,0.0,1.181,2.573,19 356 6 302 312 84 99 300 242 116
aspartic,21,serine,31,3,5,0,5.832,5.748,0.988,64.8,90.6,2.3047,1.729,3.686,290 0
aspartic,21,serine,31,3,5,1,5.832,5.748,0.988,64.8,90.6,0.0,1.464,3.69,278 35 163 293
aspartic,21,serine,31,3,5,2,5.832,5.748,0.988,64.8,90.6,0.0,0.626,2.545,325 41 95 283 237 136
aspartic,21,serine,31,3,5,3,5.832,5.748,0.988,64.8,90.6,0.0,0.327,2.648,0 32 64 289 260 113 145 209
aspartic,21,serine,31,3,5,4,5.832,5.748,0.988,64.8,90.6,0.0,0.829,2.275,354 7 37 311 292 96 120 249 218 150
aspartic,21,serine,31,4,3,0,5.832,8.256,0.988,9.9,47.2,7.1253,1.728,5.616,127 360
aspartic,21,serine,31,4,3,1,5.832,8.256,0.988,9.9,47.2,5.4493,1.728,5.374,120 360 180 0
aspartic,21,serine,31,4,3,2,5.832,8.256,0.988,9.9,47.2,2.2083,1.728,4.868,115 360 180 0 148 110
aspartic,21,serine,31,4,3,3,5.832,8.256,0.988,9.9,47.2,0.0,1.665,3.543,102 306 239 66 136 241 207 165
aspartic,21,serine,31,4,3,4,5.832,8.256,0.988,9.9,47.2,0.0,1.665,1.975,54 311 279 73 102 249 225 142 161 194
aspartic,21,serine,31,4,4,0,5.832,6.414,0.988,9.2,120.1,4.6611,1.403,3.321,6 360
aspartic,21,serine,31,4,4,1,5.832,6.414,0.988,9.2,120.1,3.5241,1.594,1.683,358 360 180 0
aspartic,21,serine,31,4,4,2,5.832,6.414,0.988,9.2,120.1,0.7832,1.728,0.83,353 0 180 360 156 57
aspartic,21,serine,31,4,4,3,5.832,6.414,0.988,9.2,120.1,0.0,1.661,0.729,21 291 256 69 109 263 222 147
aspartic,21,serine,31,4,4,4,5.832,6.414,0.988,9.2,120.1,0.0,0.873,1.965,51 308 277 69 98 260 233 133 156 198
aspartic,21,serine,31,4,5,0,5.832,6.647,0.988,23.7,109.6,4.3417,1.728,3.394,60 0
aspartic,21,serine,31,4,5,1,5.832,6.647,0.988,23.7,109.6,2.7599,1.697,1.172,50 0 180 0
aspartic,21,serine,31,4,5,2,5.832,6.647,0.988,23.7,109.6,0.0,1.574,0.912,54 330 215 19 177 268
aspartic,21,serine,31,4,5,3,5.832,6.647,0.988,23.7,109.6,0.0,1.661,0.791,30 311 271 69 105 243 211 155
aspartic,21,serine,31,4,5,4,5.832,6.647,0.988,23.7,109.6,0.0,1.363,1.664,29 335 298 53 84 264 236 130 154 200
aspartic,21,serine,31,5,3,0,5.832,6.197,0.988,104.9,53.9,3.1049,1.728,3.588,33 98
aspartic,21,serine,31,5,3,1,5.832,6.197,0.988,104.9,53.9,0.0,1.665,4.468,86 228 202 159
aspartic,21,serine,31,5,3,2,5.832,6.197,0.988,104.9,53.9,0.0,1.422,4.627,107 200 228 110 136 229
aspartic,21,serine,31,5,3,3,5.832,6.197,0.988,104.9,53.9,0.0,1.665,4.626,141 194 216 113 117 253 221 145
aspartic,21,serine,31,5,3,4,5.832,6.197,0.988,104.9,53.9,0.0,1.506,0.259,319 1 326 22 50 338 297 73 129 229
aspartic,21,serine,31,5,4,0,5.832,4.845,0.988,83.4,104.6,0.9731,1.728,2.958,54 355
aspartic,21,serine,31,5,4,1,5.832,4.845,0.988,83.4,104.6,0.0,0.815,2.593,51 332 243 98
aspartic,21,serine,31,5,4,2,5.832,4.845,0.988,83.4,104.6,0.0,0.495,1.203,3 326 282 61 122 243
aspartic,21,serine,31,5,4,3,5.832,4.845,0.988,83.4,104.6,0.0,0.595,0.844,337 330 307 77 101 257 221 144
aspartic,21,serine,31,5,4,4,5.832,4.845,0.988,83.4,104.6,0.0,1.423,1.29,318 357 343 63 55 299 274 49 101 239
aspartic,21,serine,31,5,5,0,5.832,4.603,0.988,108.1,115.4,0.7277,1.728,3.237,3 87
aspartic,21,serine,31,5,5,1,5.832,4.603,0.988,108.1,115.4,0.0,1.562,1.186,354 356 268 107
aspartic,21,serine,31,5,5,2,5.832,4.603,0.988,108.1,115.4,0.0,1.59,0.935,327 342 308 69 132 241
aspartic,21,serine,31,5,5,3,5.832,4.603,0.988,108.1,115.4,0.0,1.301,1.649,296 352 312 82 106 282 243 125
aspartic,21,serine,31,5,5,4,5.832,4.603,0.988,108.1,115.4,0.0,1.661,1.372,290 20 347 26 56 313 274 84 133 223
aspartic,21,tryptophan,5,3,16,0,8.842,9.789,-0.947,56.0,77.4,6.4824,0.852,2.725,356 0
aspartic,21,tryptophan,5,3,16,1,8.842,9.789,-0.947,56.0,77.4,3.3651,0.852,1.111,356 0 212 260
aspartic,21,tryptophan,5,3,16,2,8.842,9.789,-0.947,56.0,77.4,0.0,1.198,1.476,348 41 171 248 212 182
aspartic,21,tryptophan,5,3,16,3,8.842,9.789,-0.947,56.0,77.4,0.0,1.663,1.06,360 55 37 92 151 51 183 24
aspartic,21,tryptophan,5,3,16,4,8.842,9.789,-0.947,56.0,77.4,0.0,1.233,2.894,15 7 50 347 306 83 121 248 216 154
aspartic,21,tryptophan,5,3,17,0,8.842,10.325,-0.947,51.0,56.8,7.6832,1.446,3.467,26 0
aspartic,21,tryptophan,5,3,17,1,8.842,10.325,-0.947,51.0,56.8,4.8504,1.11,3.23,27 0 151 76
aspartic,21,tryptophan,5,3,17,2,8.842,10.325,-0.947,51.0,56.8,1.1795,0.811,2.777,27 360 150 76 180 180
aspartic,21,tryptophan,5,3,17,3,8.842,10.325,-0.947,51.0,56.8,0.0,1.122,2.91,13 320 271 44 83 236 205 160
aspartic,21,tryptophan,5,3,17,4,8.842,10.325,-0.947,51.0,56.8,0.0,0.962,2.898,13 337 298 33 68 263 231 129 153 199
aspartic,21,tryptophan,5,3,18,0,8.842,10.481,-0.947,64.2,50.2,7.4611,1.161,3.181,16 0
aspartic,21,tryptophan,5,3,18,1,8.842,10.481,-0.947,64.2,50.2,3.924,1.034,2.56,16 360 160 151
aspartic,21,tryptophan,5,3,18,2,8.842,10.481,-0.947,64.2,50.2,0.2532,0.299,2.541,16 0 159 150 180 180
aspartic,21,tryptophan,5,3,18,3,8.842,10.481,-0.947,64.2,50.2,0.0,0.948,2.595,346 349 287 18 76 250 211 158
aspartic,21,tryptophan,5,3,18,4,8.842,10.481,-0.947,64.2,50.2,0.0,0.953,4.254,100 260 150 105 171 291 194 321 55 256
aspartic,21,tryptophan,5,4,16,0,8.842,9.539,-0.947,65.9,71.5,6.2232,1.238,3.274,9 360
aspartic,21,tryptophan,5,4,16,1,8.842,9.539,-0.947,65.9,71.5,2.9752,0.479,2.082,10 0 149 112
aspartic,21,tryptophan,5,4,16,2,8.842,9.539,-0.947,65.9,71.5,0.0,0.608,2.349,17 299 216 125 141 182
aspartic,21,tryptophan,5,4,16,3,8.842,9.539,-0.947,65.9,71.5,0.0,0.234,2.666,331 343 288 25 81 269 220 146
aspartic,21,tryptophan,5,4,16,4,8.842,9.539,-0.947,65.9,71.5,0.0,0.767,2.695,339 354 310 15 57 279 240 112 143 206
aspartic,21,tryptophan,5,4,17,0,8.842,9.564,-0.947,80.7,70.6,6.0717,1.232,3.495,22 324
aspartic,21,tryptophan,5,4,17,1,8.842,9.564,-0.947,80.7,70.6,2.4009,0.686,3.06,23 322 180 180
aspartic,21,tryptophan,5,4,17,2,8.842,9.564,-0.947,80.7,70.6,0.0,1.286,4.308,25 228 268 165 105 168
aspartic,21,tryptophan,5,4,17,3,8.842,9.564,-0.947,80.7,70.6,0.0,0.64,0.697,12 324 248 4 3 74 119 279
aspartic,21,tryptophan,5,4,17,4,8.842,9.564,-0.947,80.7,70.6,0.0,0.898,1.226,16 117 130 20 20 80 69 124 133 203
aspartic,21,tryptophan,5,4,18,0,8.842,10.263,-0.947,72.6,41.3,7.4483,1.105,3.82,342 360
aspartic,21,tryptophan,5,4,18,1,8.842,10.263,-0.947,72.6,41.3,3.8632,0.792,3.099,342 0 188 191
aspartic,21,tryptophan,5,4,18,2,8.842,10.263,-0.947,72.6,41.3,0.1924,0.519,3.073,342 0 191 194 180 180
aspartic,21,tryptophan,5,4,18,3,8.842,10.263,-0.947,72.6,41.3,0.0,0.448,2.892,16 10 70 340 288 111 149 203
aspartic,21,tryptophan,5,4,18,4,8.842,10.263,-0.947,72.6,41.3,0.0,0.871,2.319,327 218 291 53 206 350 251 58 279 243
aspartic,21,tryptophan,5,5,16,0,8.842,9.616,-0.947,63.0,86.2,5.9886,1.625,2.214,356 360
aspartic,21,tryptophan,5,5,16,1,8.842,9.616,-0.947,63.0,86.2,2.6102,1.61,0.331,355 0 150 124
aspartic,21,tryptophan,5,5,16,2,8.842,9.616,-0.947,63.0,86.2,0.0,1.663,0.388,347 80 124 228 225 168
aspartic,21,tryptophan,5,5,16,3,8.842,9.616,-0.947,63.0,86.2,0.0,1.663,0.742,332 313 336 355 90 352 116 142
aspartic,21,tryptophan,5,5,16,4,8.842,9.616,-0.947,63.0,86.2,0.0,1.663,0.318,22 2 46 352 312 75 116 258 222 149
aspartic,21,tryptophan,5,5,17,0,8.842,10.187,-0.947,56.8,64.8,7.0322,1.377,2.221,333 0
aspartic,21,tryptophan,5,5,17,1,8.842,10.187,-0.947,56.8,64.8,3.8061,1.376,1.392,333 0 148 111
aspartic,21,tryptophan,5,5,17,2,8.842,10.187,-0.947,56.8,64.8,0.1353,0.338,0.317,333 360 212 249 180 180
aspartic,21,tryptophan,5,5,17,3,8.842,10.187,-0.947,56.8,64.8,0.0,0.712,1.138,333 247 265 155 103 297 71 228
aspartic,21,tryptophan,5,5,17,4,8.842,10.187,-0.947,56.8,64.8,0.0,1.434,1.362,283 304 343 294 109 22 303 293 231 266
aspartic,21,tryptophan,5,5,18,0,8.842,10.809,-0.947,50.8,37.2,8.6055,1.728,2.229,3 360
aspartic,21,tryptophan,5,5,18,1,8.842,10.809,-0.947,50.8,37.2,5.6973,1.728,0.629,4 360 149 85
aspartic,21,tryptophan,5,5,18,2,8.842,10.809,-0.947,50.8,37.2,2.0265,1.679,0.638,4 0 211 275 180 180
aspartic,21,tryptophan,5,5,18,3,8.842,10.809,-0.947,50.8,37.2,0.0,0.952,0.316,346 323 258 32 89 214 184 173
aspartic,21,tryptophan,5,5,18,4,8.842,10.809,-0.947,50.8,37.2,0.0,0.965,2.164,32 311 277 45 77 247 218 134 155 197
aspartic,21,tyrosine,1,3,11,0,11.385,12.276,0.253,62.3,81.4,8.7167,1.729,5.554,226 0
aspartic,21,tyrosine,1,3,11,1,11.385,12.276,0.253,62.3,81.4,5.3054,1.729,5.547,226 0 153 133
aspartic,21,tyrosine,1,3,11,2,11.385,12.276,0.253,62.3,81.4,1.6346,1.729,5.547,226 0 152 133 180 180
aspartic,21,tyrosine,1,3,11,3,11.385,12.276,0.253,62.3,81.4,0.0,1.663,4.939,241 87 104 223 210 157 168 189
aspartic,21,tyrosine,1,3,11,4,11.385,12.276,0.253,62.3,81.4,0.0,1.264,5.464,229 107 117 208 197 142 151 199 189 172
aspartic,21,tyrosine,1,3,12,0,11.385,13.464,0.253,57.6,28.6,11.1195,1.729,5.203,245 360
aspartic,21,tyrosine,1,3,12,1,11.385,13.464,0.253,57.6,28.6,7.8022,1.729,5.219,244 0 150 125
aspartic,21,tyrosine,1,3,12,2,11.385,13.464,0.253,57.6,28.6,4.1314,1.729,5.219,244 360 150 124 180 180
aspartic,21,tyrosine,1,3,12,3,11.385,13.464,0.253,57.6,28.6,0.5297,1.581,5.219,244 0 217 239 180 180 180 180
aspartic,21,tyrosine,1,3,12,4,11.385,13.464,0.253,57.6,28.6,0.0,1.241,4.612,219 117 129 218 206 147 157 197 189 173
aspartic,21,tyrosine,1,3,13,0,11.385,11.016,0.253,58.9,134.8,7.5302,1.729,5.4,235 360
aspartic,21,tyrosine,1,3,13,1,11.385,11.016,0.253,58.9,134.8,4.31,1.729,5.405,235 0 211 248
aspartic,21,tyrosine,1,3,13,2,11.385,11.016,0.253,58.9,134.8,0.6392,1.729,5.405,235 0 148 112 180 180
aspartic,21,tyrosine,1,3,13,3,11.385,11.016,0.253,58.9,134.8,0.0,1.665,4.0,269 30 75 318 283 131 159 198
aspartic,21,tyrosine,1,3,13,4,11.385,11.016,0.253,58.9,134.8,0.0,1.665,5.207,229 134 126 206 207 130 138 215 199 164
aspartic,21,tyrosine,1,4,11,0,11.385,11.935,0.253,75.5,78.8,8.3044,1.728,5.598,126 0
aspartic,21,tyrosine,1,4,11,1,11.385,11.935,0.253,75.5,78.8,4.6515,1.728,5.594,126 0 180 180
aspartic,21,tyrosine,1,4,11,2,11.385,11.935,0.253,75.5,78.8,1.0237,1.728,5.457,116 18 180 180 180 180
aspartic,21,tyrosine,1,4,11,3,11.385,11.935,0.253,75.5,78.8,0.0,1.396,5.975,150 247 234 143 156 203 192 171
aspartic,21,tyrosine,1,4,11,4,11.385,11.935,0.253,75.5,78.8,0.0,1.663,6.279,164 217 223 155 157 218 210 155 166 191
aspartic,21,tyrosine,1,4,12,0,11.385,13.129,0.253,70.9,22.9,10.8233,1.728,4.916,108 0
aspartic,21,tyrosine,1,4,12,1,11.385,13.129,0.253,70.9,22.9,7.3474,1.728,4.881,107 360 202 214
aspartic,21,tyrosine,1,4,12,2,11.385,13.129,0.253,70.9,22.9,3.6766,0.911,4.209,107 360 157 145 180 180
aspartic,21,tyrosine,1,4,12,3,11.385,13.129,0.253,70.9,22.9,0.0749,1.154,3.894,107 360 212 222 180 180 180 180
aspartic,21,tyrosine,1,4,12,4,11.385,13.129,0.253,70.9,22.9,0.0,1.531,5.388,157 227 222 150 158 211 203 162 171 187
aspartic,21,tyrosine,1,4,13,0,11.385,10.813,0.253,66.9,123.9,7.047,1.728,5.179,115 0
aspartic,21,tyrosine,1,4,13,1,11.385,10.813,0.253,66.9,123.9,3.5815,1.728,4.807,115 360 154 138
aspartic,21,tyrosine,1,4,13,2,11.385,10.813,0.253,66.9,123.9,0.0,1.54,4.788,123 333 173 137 166 173
aspartic,21,tyrosine,1,4,13,3,11.385,10.813,0.253,66.9,123.9,0.0,0.597,3.651,134 248 232 134 149 207 194 170
aspartic,21,tyrosine,1,4,13,4,11.385,10.813,0.253,66.9,123.9,0.0,0.765,4.744,149 219 231 153 151 228 219 144 160 196
aspartic,21,tyrosine,1,5,11,0,11.385,10.146,0.253,167.6,75.5,6.8387,1.728,5.758,208 180
aspartic,21,tyrosine,1,5,11,1,11.385,10.146,0.253,167.6,75.5,3.6966,1.728,5.723,210 180 212 258
aspartic,21,tyrosine,1,5,11,2,11.385,10.146,0.253,167.6,75.5,0.0258,1.683,5.723,210 180 212 258 180 180
aspartic,21,tyrosine,1,5,11,3,11.385,10.146,0.253,167.6,75.5,0.0,0.982,4.564,268 203 203 225 223 148 163 195
aspartic,21,tyrosine,1,5,11,4,11.385,10.146,0.253,167.6,75.5,0.0,0.689,1.473,329 228 209 193 232 135 136 237 214 152
aspartic,21,tyrosine,1,5,12,0,11.385,11.194,0.253,171.8,28.4,9.0615,1.728,3.394,333 180
aspartic,21,tyrosine,1,5,12,1,11.385,11.194,0.253,171.8,28.4,6.0013,1.728,2.798,328 180 212 262
aspartic,21,tyrosine,1,5,12,2,11.385,11.194,0.253,171.8,28.4,2.3305,1.728,2.798,328 180 212 262 180 180
aspartic,21,tyrosine,1,5,12,3,11.385,11.194,0.253,171.8,28.4,0.0,0.591,2.9,318 189 201 234 226 159 170 189
aspartic,21,tyrosine,1,5,12,4,11.385,11.194,0.253,171.8,28.4,0.0,1.611,4.644,264 216 199 182 226 144 142 231 212 153
aspartic,21,tyrosine,1,5,13,0,11.385,8.784,0.253,174.9,132.1,5.5317,1.728,4.235,282 180
aspartic,21,tyrosine,1,5,13,1,11.385,8.784,0.253,174.9,132.1,2.723,1.728,3.56,292 180 152 69
aspartic,21,tyrosine,1,5,13,2,11.385,8.784,0.253,174.9,132.1,0.0,1.665,5.686,156 179 155 82 141 201
aspartic,21,tyrosine,1,5,13,3,11.385,8.784,0.253,174.9,132.1,0.0,0.629,4.331,233 194 160 178 18 207 219 118
aspartic,21,tyrosine,1,5,13,4,11.385,8.784,0.253,174.9,132.1,0.0,0.598,4.356,214 140 163 172 119 223 228 110 137 217
aspartic,21,phenylalanine,4,3,12,0,7.682,9.069,-0.551,49.3,58.9,6.5458,1.729,3.944,283 360
aspartic,21,phenylalanine,4,3,12,1,7.682,9.069,-0.551,49.3,58.9,3.931,1.399,3.852,285 0 158 51
aspartic,21,phenylalanine,4,3,12,2,7.682,9.069,-0.551,49.3,58.9,0.2601,0.512,2.046,285 360 203 308 180 180
aspartic,21,phenylalanine,4,3,12,3,7.682,9.069,-0.551,49.3,58.9,0.0,1.145,1.974,330 40 84 295 259 124 153 201
aspartic,21,phenylalanine,4,3,12,4,7.682,9.069,-0.551,49.3,58.9,0.0,0.971,1.726,340 16 54 313 282 100 126 228 205 161
aspartic,21,phenylalanine,4,3,13,0,7.682,8.54,-0.551,64.0,79.0,5.0043,1.729,3.712,289 0
aspartic,21,phenylalanine,4,3,13,1,7.682,8.54,-0.551,64.0,79.0,1.6136,1.729,3.75,288 360 150 125
aspartic,21,phenylalanine,4,3,13,2,7.682,8.54,-0.551,64.0,79.0,0.0,1.317,2.266,322 43 113 264 228 159
aspartic,21,phenylalanine,4,3,13,3,7.682,8.54,-0.551,64.0,79.0,0.0,1.146,2.341,356 30 68 294 264 121 150 204
aspartic,21,phenylalanine,4,3,13,4,7.682,8.54,-0.551,64.0,79.0,0.0,0.905,2.547,346 9 46 313 288 106 128 232 208 158
aspartic,21,phenylalanine,4,3,14,0,7.682,9.389,-0.551,62.2,45.3,6.5405,1.729,4.679,261 0
aspartic,21,phenylalanine,4,3,14,1,7.682,9.389,-0.551,62.2,45.3,3.1003,1.729,4.647,262 0 153 135
aspartic,21,phenylalanine,4,3,14,2,7.682,9.389,-0.551,62.2,45.3,0.0,1.528,4.36,255 60 145 231 199 173
aspartic,21,phenylalanine,4,3,14,3,7.682,9.389,-0.551,62.2,45.3,0.0,1.257,5.089,235 111 132 235 217 153 167 190
aspartic,21,phenylalanine,4,3,14,4,7.682,9.389,-0.551,62.2,45.3,0.0,1.665,4.728,201 138 136 226 223 134 144 214 199 165
aspartic,21,phenylalanine,4,4,12,0,7.682,9.073,-0.551,49.1,73.0,5.8976,1.728,3.888,77 360
aspartic,21,phenylalanine,4,4,12,1,7.682,9.073,-0.551,49.1,73.0,2.9039,1.728,2.403,79 0 211 274
aspartic,21,phenylalanine,4,4,12,2,7.682,9.073,-0.551,49.1,73.0,0.0,1.663,1.628,78 306 220 102 137 192
aspartic,21,phenylalanine,4,4,12,3,7.682,9.073,-0.551,49.1,73.0,0.0,1.615,1.147,18 328 286 63 98 240 210 156
aspartic,21,phenylalanine,4,4,12,4,7.682,9.073,-0.551,49.1,73.0,0.0,1.347,0.599,22 342 306 49 77 254 229 133 155 199
aspartic,21,phenylalanine,4,4,13,0,7.682,9.216,-0.551,33.7,67.7,7.0046,1.728,3.783,73 0
aspartic,21,phenylalanine,4,4,13,1,7.682,9.216,-0.551,33.7,67.7,4.7628,1.728,1.929,71 360 180 0
aspartic,21,phenylalanine,4,4,13,2,7.682,9.216,-0.551,33.7,67.7,1.1168,0.524,1.841,70 0 180 360 180 180
aspartic,21,phenylalanine,4,4,13,3,7.682,9.216,-0.551,33.7,67.7,0.0,1.087,0.801,48 301 262 78 111 231 205 161
aspartic,21,phenylalanine,4,4,13,4,7.682,9.216,-0.551,33.7,67.7,0.0,1.254,1.321,28 335 297 50 82 260 232 133 156 198
aspartic,21,phenylalanine,4,4,14,0,7.682,9.816,-0.551,44.1,42.6,7.4421,1.728,4.967,109 360
aspartic,21,phenylalanine,4,4,14,1,7.682,9.816,-0.551,44.1,42.6,4.5342,1.728,4.919,108 0 210 278
aspartic,21,phenylalanine,4,4,14,2,7.682,9.816,-0.551,44.1,42.6,0.8634,0.774,4.919,108 360 211 278 180 180
aspartic,21,phenylalanine,4,4,14,3,7.682,9.816,-0.551,44.1,42.6,0.0,1.26,2.735,67 338 268 43 99 231 202 167
aspartic,21,phenylalanine,4,4,14,4,7.682,9.816,-0.551,44.1,42.6,0.0,0.934,2.689,41 341 300 59 90 245 224 149 164 192
aspartic,21,phenylalanine,4,5,12,0,7.682,6.986,-0.551,135.9,63.7,3.6555,0.947,3.455,326 140
aspartic,21,phenylalanine,4,5,12,1,7.682,6.986,-0.551,135.9,63.7,0.0,0.734,2.3,15 225 160 168
aspartic,21,phenylalanine,4,5,12,2,7.682,6.986,-0.551,135.9,63.7,0.0,1.663,1.133,299 162 152 251 239 140
aspartic,21,phenylalanine,4,5,12,3,7.682,6.986,-0.551,135.9,63.7,0.0,1.243,1.433,57 26 41 103 57 0 92 266
aspartic,21,phenylalanine,4,5,12,4,7.682,6.986,-0.551,135.9,63.7,0.0,0.191,2.531,153 327 74 318 218 207 296 40 279 117
aspartic,21,phenylalanine,4,5,13,0,7.682,6.948,-0.551,128.4,65.2,3.5875,0.785,3.445,2 114
aspartic,21,phenylalanine,4,5,13,1,7.682,6.948,-0.551,128.4,65.2,0.0,0.787,3.011,2 101 224 207
aspartic,21,phenylalanine,4,5,13,2,7.682,6.948,-0.551,128.4,65.2,0.0,0.985,1.126,350 260 357 143 150 223
aspartic,21,phenylalanine,4,5,13,3,7.682,6.948,-0.551,128.4,65.2,0.0,1.664,3.057,99 334 119 112 21 278 240 111
aspartic,21,phenylalanine,4,5,13,4,7.682,6.948,-0.551,128.4,65.2,0.0,1.511,3.719,149 219 214 96 90 232 221 126 149 205
aspartic,21,phenylalanine,4,5,14,0,7.682,7.448,-0.551,147.8,45.0,4.6895,0.93,3.725,45 180
aspartic,21,phenylalanine,4,5,14,1,7.682,7.448,-0.551,147.8,45.0,1.3716,0.637,3.778,48 180 211 240
aspartic,21,phenylalanine,4,5,14,2,7.682,7.448,-0.551,147.8,45.0,0.0,1.288,2.52,314 155 146 122 131 214
aspartic,21,phenylalanine,4,5,14,3,7.682,7.448,-0.551,147.8,45.0,0.0,1.665,3.048,312 188 164 58 67 249 216 144
aspartic,21,phenylalanine,4,5,14,4,7.682,7.448,-0.551,147.8,45.0,0.0,1.416,5.293,162 161 179 136 122 235 226 129 151 204
glutamic,22,arginine,3,4,16,0,5.58,5.077,0.823,82.2,117.1,1.2095,1.729,3.211,63 360
glutamic,22,arginine,3,4,16,1,5.58,5.077,0.823,82.2,117.1,0.0,0.677,2.711,66 329 242 100
glutamic,22,arginine,3,4,16,2,5.58,5.077,0.823,82.2,117.1,0.0,1.051,0.181,14 331 287 74 128 232
glutamic,22,arginine,3,4,16,3,5.58,5.077,0.823,82.2,117.1,0.0,1.096,0.657,347 348 312 65 100 263 224 144
glutamic,22,arginine,3,4,16,4,5.58,5.077,0.823,82.2,117.1,0.0,1.587,1.841,326 356 340 86 78 258 247 90 126 222
glutamic,22,arginine,3,4,17,0,5.58,6.626,0.823,65.1,57.0,3.6398,1.729,3.778,86 0
glutamic,22,arginine,3,4,17,1,5.58,6.626,0.823,65.1,57.0,0.4321,1.729,3.771,86 360 212 256
glutamic,22,arginine,3,4,17,2,5.58,6.626,0.823,65.1,57.0,0.0,1.664,3.264,65 138 76 237 317 265
glutamic,22,arginine,3,4,17,3,5.58,6.626,0.823,65.1,57.0,0.0,1.664,2.188,66 297 317 45 43 275 231 121
glutamic,22,arginine,3,4,17,4,5.58,6.626,0.823,65.1,57.0,0.0,0.97,0.244,7 354 319 50 74 257 236 126 150 203
glutamic,22,arginine,3,4,18,0,5.58,5.322,0.823,57.5,106.1,1.9067,1.729,2.506,46 0
glutamic,22,arginine,3,4,18,1,5.58,5.322,0.823,57.5,106.1,0.0,1.482,0.999,34 334 203 43
glutamic,22,arginine,3,4,18,2,5.58,5.322,0.823,57.5,106.1,0.0,0.771,0.365,21 305 259 70 127 234
glutamic,22,arginine,3,4,18,3,5.58,5.322,0.823,57.5,106.1,0.0,1.263,0.568,348 328 292 59 96 269 226 142
glutamic,22,arginine,3,4,18,4,5.58,5.322,0.823,57.5,106.1,0.0,0.347,1.911,131 35 346 104 123 315 245 15 104 250
glutamic,22,arginine,3,5,16,0,5.58,4.652,0.823,98.1,95.6,0.8399,1.728,4.103,272 65
glutamic,22,arginine,3,5,16,1,5.58,4.652,0.823,98.1,95.6,0.0,0.832,4.727,268 110 144 214
glutamic,22,arginine,3,5,16,2,5.58,4.652,0.823,98.1,95.6,0.0,0.557,2.515,337 119 18 241 235 101
glutamic,22,arginine,3,5,16,3,5.58,4.652,0.823,98.1,95.6,0.0,1.665,4.411,208 176 108 244 270 98 134 232
glutamic,22,arginine,3,5,16,4,5.58,4.652,0.823,98.1,95.6,0.0,1.045,0.71,348 52 86 222 301 94 54 304 236 60
glutamic,22,arginine,3,5,17,0,5.58,5.237,0.823,119.7,74.1,1.7301,1.728,3.343,350 219
glutamic,22,arginine,3,5,17,1,5.58,5.237,0.823,119.7,74.1,0.0,1.393,4.107,315 291 63 296
glutamic,22,arginine,3,5,17,2,5.58,5.237,0.823,119.7,74.1,0.0,1.386,0.433,34 10 62 281 229 138
glutamic,22,arginine,3,5,17,3,5.58,5.237,0.823,119.7,74.1,0.0,1.664,2.691,62 344 28 312 277 78 118 228
glutamic,22,arginine,3,5,17,4,5.58,5.237,0.823,119.7,74.1,0.0,1.664,1.822,58 359 26 317 307 15 54 326 255 110
glutamic,22,arginine,3,5,18,0,5.58,4.312,0.823,94.2,109.7,0.4289,1.728,3.183,2 301
glutamic,22,arginine,3,5,18,1,5.58,4.312,0.823,94.2,109.7,0.0,1.21,0.83,9 14 97 247
glutamic,22,arginine,3,5,18,2,5.58,4.312,0.823,94.2,109.7,0.0,1.663,1.083,19 62 15 235 358 357
glutamic,22,arginine,3,5,18,3,5.58,4.312,0.823,94.2,109.7,0.0,1.462,0.988,66 70 27 17 102 17 274 30
glutamic,22,arginine,3,5,18,4,5.58,4.312,0.823,94.2,109.7,0.0,1.663,0.466,83 357 100 328 237 187 319 123 354 56
glutamic,22,arginine,3,6,16,0,5.58,6.61,0.823,7.9,98.4,5.0527,1.728,5.089,241 360
glutamic,22,arginine,3,6,16,1,5.58,6.61,0.823,7.9,98.4,4.0657,1.728,5.316,235 0 180 360
glutamic,22,arginine,3,6,16,2,5.58,6.61,0.823,7.9,98.4,1.3669,1.728,5.357,233 360 180 0 156 55
glutamic,22,arginine,3,6,16,3,5.58,6.61,0.823,7.9,98.4,0.0,1.665,2.707,283 61 102 293 235 87 134 213
glutamic,22,arginine,3,6,16,4,5.58,6.61,0.823,7.9,98.4,0.0,0.751,1.961,304 55 85 287 260 110 134 222 202 164
glutamic,22,arginine,3,6,17,0,5.58,7.465,0.823,27.0,66.6,5.1277,1.728,4.029,270 360
glutamic,22,arginine,3,6,17,1,5.58,7.465,0.823,27.0,66.6,2.9091,1.728,3.036,274 360 180 0
glutamic,22,arginine,3,6,17,2,5.58,7.465,0.823,27.0,66.6,0.0,1.664,2.988,273 34 145 324 207 117
glutamic,22,arginine,3,6,17,3,5.58,7.465,0.823,27.0,66.6,0.0,1.664,0.672,332 45 85 292 256 117 149 205
glutamic,22,arginine,3,6,17,4,5.58,7.465,0.823,27.0,66.6,0.0,1.58,1.369,327 28 64 301 270 99 126 226 204 162
glutamic,22,arginine,3,6,18,0,5.58,5.98,0.823,27.7,126.5,3.7681,1.728,3.144,298 0
glutamic,22,arginine,3,6,18,1,5.58,5.98,0.823,27.7,126.5,2.0936,1.728,1.396,297 360 180 360
glutamic,22,arginine,3,6,18,2,5.58,5.98,0.823,27.7,126.5,0.0,1.663,0.971,308 45 126 320 216 110
glutamic,22,arginine,3,6,18,3,5.58,5.98,0.823,27.7,126.5,0.0,1.433,0.538,2 47 72 297 272 96 136 220
glutamic,22,arginine,3,6,18,4,5.58,5.98,0.823,27.7,126.5,0.0,1.526,0.473,359 16 52 324 293 80 114 253 218 150
glutamic,22,lysine,5,4,13,0,10.297,9.106,-0.141,119.9,102.0,5.2418,1.729,1.952,36 244
glutamic,22,lysine,5,4,13,1,10.297,9.106,-0.141,119.9,102.0,1.571,1.729,0.148,334 116 180 180
glutamic,22,lysine,5,4,13,2,10.297,9.106,-0.141,119.9,102.0,0.0,1.223,1.811,328 351 283 126 129 180
glutamic,22,lysine,5,4,13,3,10.297,9.106,-0.141,119.9,102.0,0.0,1.663,1.601,90 268 144 212 319 3 273 108
glutamic,22,lysine,5,4,13,4,10.297,9.106,-0.141,119.9,102.0,0.0,1.556,2.172,312 48 355 352 41 303 261 107 142 209
glutamic,22,lysine,5,4,14,0,10.297,10.225,-0.141,121.4,59.7,6.9473,1.729,2.352,11 232
glutamic,22,lysine,5,4,14,1,10.297,10.225,-0.141,121.4,59.7,3.2765,1.729,1.546,11 232 180 180
glutamic,22,lysine,5,4,14,2,10.297,10.225,-0.141,121.4,59.7,0.0,1.664,1.377,14 270 105 163 198 224
glutamic,22,lysine,5,4,14,3,10.297,10.225,-0.141,121.4,59.7,0.0,1.531,3.539,271 107 218 125 8 324 70 250
glutamic,22,lysine,5,4,14,4,10.297,10.225,-0.141,121.4,59.7,0.0,0.526,0.287,24 306 183 110 303 121 61 19 324 148
glutamic,22,lysine,5,4,15,0,10.297,10.738,-0.141,110.7,36.1,8.0165,1.729,1.479,330 82
glutamic,22,lysine,5,4,15,1,10.297,10.738,-0.141,110.7,36.1,4.3457,1.448,0.876,31 278 180 180
glutamic,22,lysine,5,4,15,2,10.297,10.738,-0.141,110.7,36.1,0.7439,0.762,1.069,37 275 180 180 180 180
glutamic,22,lysine,5,4,15,3,10.297,10.738,-0.141,110.7,36.1,0.0,1.076,0.707,48 306 170 156 271 27 291 103
glutamic,22,lysine,5,4,15,4,10.297,10.738,-0.141,110.7,36.1,0.0,1.528,0.703,6 33 259 120 238 143 42 4 90 248
glutamic,22,lysine,5,5,13,0,10.297,10.911,-0.141,48.2,104.4,7.5118,1.728,3.569,294 0
glutamic,22,lysine,5,5,13,1,10.297,10.911,-0.141,48.2,104.4,4.5993,1.728,1.826,295 0 210 279
glutamic,22,lysine,5,5,13,2,10.297,10.911,-0.141,48.2,104.4,0.9285,1.728,0.841,295 0 211 278 180 180
glutamic,22,lysine,5,5,13,3,10.297,10.911,-0.141,48.2,104.4,0.0,1.663,0.696,332 30 86 313 271 133 159 196
glutamic,22,lysine,5,5,13,4,10.297,10.911,-0.141,48.2,104.4,0.0,1.663,0.78,336 16 56 316 285 105 131 224 204 163
glutamic,22,lysine,5,5,14,0,10.297,12.262,-0.141,38.1,52.1,10.016,1.728,3.741,282 360
glutamic,22,lysine,5,5,14,1,10.297,12.262,-0.141,38.1,52.1,7.393,1.728,2.227,282 0 155 58
glutamic,22,lysine,5,5,14,2,10.297,12.262,-0.141,38.1,52.1,3.7222,1.728,0.648,282 360 205 301 180 180
glutamic,22,lysine,5,5,14,3,10.297,12.262,-0.141,38.1,52.1,0.1205,1.68,0.461,282 0 148 66 180 180 180 180
glutamic,22,lysine,5,5,14,4,10.297,12.262,-0.141,38.1,52.1,0.0,1.664,2.104,302 38 81 307 273 125 147 199 189 174
glutamic,22,lysine,5,5,15,0,10.297,12.412,-0.141,44.4,45.3,9.9227,1.728,3.255,313 360
glutamic,22,lysine,5,5,15,1,10.297,12.412,-0.141,44.4,45.3,6.9395,1.728,1.181,313 0 211 269
glutamic,22,lysine,5,5,15,2,10.297,12.412,-0.141,44.4,45.3,3.2687,1.22,1.192,313 360 148 91 180 180
glutamic,22,lysine,5,5,15,3,10.297,12.412,-0.141,44.4,45.3,0.0,0.61,0.655,311 349 163 38 250 181 172 185
glutamic,22,lysine,5,5,15,4,10.297,12.412,-0.141,44.4,45.3,0.0,1.575,1.157,320 31 75 324 287 115 141 205 193 172
glutamic,22,lysine,5,6,13,0,10.297,10.955,-0.141,46.2,93.1,7.7695,1.728,4.014,68 360
glutamic,22,lysine,5,6,13,1,10.297,10.955,-0.141,46.2,93.1,4.9998,1.728,2.892,69 0 152 69
glutamic,22,lysine,5,6,13,2,10.297,10.955,-0.141,46.2,93.1,1.329,1.728,1.727,69 360 208 291 180 180
glutamic,22,lysine,5,6,13,3,10.297,10.955,-0.141,46.2,93.1,0.0,1.229,1.683,37 321 268 54 91 220 197 166
glutamic,22,lysine,5,6,13,4,10.297,10.955,-0.141,46.2,93.1,0.0,1.397,2.044,29 340 301 46 78 253 227 138 158 196
glutamic,22,lysine,5,6,14,0,10.297,11.837,-0.141,57.8,59.7,8.7105,1.728,4.038,70 0
glutamic,22,lysine,5,6,14,1,10.297,11.837,-0.141,57.8,59.7,5.3718,1.728,3.613,69 0 150 124
glutamic,22,lysine,5,6,14,2,10.297,11.837,-0.141,57.8,59.7,1.701,1.708,3.519,69 360 210 236 180 180
glutamic,22,lysine,5,6,14,3,10.297,11.837,-0.141,57.8,59.7,0.0,1.583,3.383,38 340 265 24 67 203 184 178
glutamic,22,lysine,5,6,14,4,10.297,11.837,-0.141,57.8,59.7,0.0,1.664,3.573,30 347 305 42 73 243 221 145 161 194
glutamic,22,lysine,5,6,15,0,10.297,12.247,-0.141,52.0,41.3,9.7636,1.728,3.915,45 360
glutamic,22,lysine,5,6,15,1,10.297,12.247,-0.141,52.0,41.3,6.667,1.728,3.203,45 0 148 102
glutamic,22,lysine,5,6,15,2,10.297,12.247,-0.141,52.0,41.3,2.9961,0.952,3.205,45 360 148 102 180 180
glutamic,22,lysine,5,6,15,3,10.297,12.247,-0.141,52.0,41.3,0.0,0.709,2.223,42 354 218 338 61 168 171 187
glutamic,22,lysine,5,6,15,4,10.297,12.247,-0.141,52.0,41.3,0.0,0.296,3.487,33 333 289 34 70 244 218 151 165 189
glutamic,22,aspartic,21,4,3,0,10.863,11.05,0.27,111.8,58.6,7.7901,1.729,3.254,95 252
glutamic,22,aspartic,21,4,3,1,10.863,11.05,0.27,111.8,58.6,4.1193,1.729,2.545,31 108 180 180
glutamic,22,aspartic,21,4,3,2,10.863,11.05,0.27,111.8,58.6,0.5175,1.729,3.487,101 253 180 180 180 180
glutamic,22,aspartic,21,4,3,3,10.863,11.05,0.27,111.8,58.6,0.0,1.155,4.359,117 213 201 142 152 199 189 172
glutamic,22,aspartic,21,4,3,4,10.863,11.05,0.27,111.8,58.6,0.0,1.491,4.788,143 192 194 137 139 219 210 152 165 192
glutamic,22,aspartic,21,4,4,0,10.863,11.43,0.27,100.9,41.6,8.5651,1.729,2.588,75 301
glutamic,22,aspartic,21,4,4,1,10.863,11.43,0.27,100.9,41.6,4.8943,1.729,2.362,76 300 180 180
glutamic,22,aspartic,21,4,4,2,10.863,11.43,0.27,100.9,41.6,1.2926,1.588,2.758,82 293 180 180 180 180
glutamic,22,aspartic,21,4,4,3,10.863,11.43,0.27,100.9,41.6,0.0,1.067,4.151,113 220 208 135 146 204 192 170
glutamic,22,aspartic,21,4,4,4,10.863,11.43,0.27,100.9,41.6,0.0,0.675,4.253,133 203 199 133 138 216 206 155 167 190
glutamic,22,aspartic,21,4,5,0,10.863,9.255,0.27,101.9,131.7,5.4872,1.729,2.463,25 83
glutamic,22,aspartic,21,4,5,1,10.863,9.255,0.27,101.9,131.7,1.8163,1.729,2.457,25 84 180 180
glutamic,22,aspartic,21,4,5,2,10.863,9.255,0.27,101.9,131.7,0.0,1.663,3.133,92 239 216 142 160 195
glutamic,22,aspartic,21,4,5,3,10.863,9.255,0.27,101.9,131.7,0.0,1.663,4.853,140 203 212 126 134 226 205 159
glutamic,22,aspartic,21,4,5,4,10.863,9.255,0.27,101.9,131.7,0.0,1.663,5.063,158 189 201 134 133 235 223 141 159 197
glutamic,22,aspartic,21,5,3,0,10.863,11.508,0.27,93.6,55.5,8.313,1.728,4.235,310 297
glutamic,22,aspartic,21,5,3,1,10.863,11.508,0.27,93.6,55.5,4.6422,1.728,4.221,310 296 180 180
glutamic,22,aspartic,21,5,3,2,10.863,11.508,0.27,93.6,55.5,1.0405,1.728,4.069,317 290 180 180 180 180
glutamic,22,aspartic,21,5,3,3,10.863,11.508,0.27,93.6,55.5,0.0,1.664,5.383,238 142 154 218 207 160 170 188
glutamic,22,aspartic,21,5,3,4,10.863,11.508,0.27,93.6,55.5,0.0,1.664,4.644,216 151 153 222 216 143 153 204 193 170
glutamic,22,aspartic,21,5,4,0,10.863,11.626,0.27,93.3,50.4,8.547,1.728,3.804,283 62
glutamic,22,aspartic,21,5,4,1,10.863,11.626,0.27,93.3,50.4,4.8762,1.728,3.519,335 297 180 180
glutamic,22,aspartic,21,5,4,2,10.863,11.626,0.27,93.3,50.4,1.2745,1.728,3.314,276 69 180 180 180 180
glutamic,22,aspartic,21,5,4,3,10.863,11.626,0.27,93.3,50.4,0.0,0.8,4.144,258 133 147 221 213 161 170 188
glutamic,22,aspartic,21,5,4,4,10.863,11.626,0.27,93.3,50.4,0.0,1.28,5.298,225 151 155 224 218 147 157 202 192 171
glutamic,22,aspartic,21,5,5,0,10.863,9.408,0.27,96.0,146.3,5.8451,1.728,3.902,318 311
glutamic,22,aspartic,21,5,5,1,10.863,9.408,0.27,96.0,146.3,2.1743,1.728,3.251,274 50 180 180
glutamic,22,aspartic,21,5,5,2,10.863,9.408,0.27,96.0,146.3,0.0,1.663,5.012,252 123 148 208 193 171
glutamic,22,aspartic,21,5,5,3,10.863,9.408,0.27,96.0,146.3,0.0,1.663,5.555,227 157 150 234 226 134 154 201
glutamic,22,aspartic,21,5,5,4,10.863,9.408,0.27,96.0,146.3,0.0,1.663,5.722,199 171 160 228 229 127 140 220 202 163
glutamic,22,aspartic,21,6,3,0,10.863,13.214,0.27,8.8,54.1,11.7698,1.728,5.327,131 360
glutamic,22,aspartic,21,6,3,1,10.863,13.214,0.27,8.8,54.1,9.799,1.728,4.801,129 0 180 0
glutamic,22,aspartic,21,6,3,2,10.863,13.214,0.27,8.8,54.1,6.2593,1.728,3.294,128 360 180 0 162 155
glutamic,22,aspartic,21,6,3,3,10.863,13.214,0.27,8.8,54.1,2.5885,1.728,3.687,128 360 180 0 199 206 180 180
glutamic,22,aspartic,21,6,3,4,10.863,13.214,0.27,8.8,54.1,0.0,1.664,3.296,121 315 221 67 146 218 196 178 180 179
glutamic,22,aspartic,21,6,4,0,10.863,13.331,0.27,7.0,48.9,12.0955,1.728,2.772,1 0
glutamic,22,aspartic,21,6,4,1,10.863,13.331,0.27,7.0,48.9,10.1885,1.728,1.421,3 360 180 0
glutamic,22,aspartic,21,6,4,2,10.863,13.331,0.27,7.0,48.9,6.6815,1.728,0.852,5 360 180 0 159 149
glutamic,22,aspartic,21,6,4,3,10.863,13.331,0.27,7.0,48.9,3.0107,1.728,0.798,5 0 180 360 158 148 180 180
glutamic,22,aspartic,21,6,4,4,10.863,13.331,0.27,7.0,48.9,0.0,1.663,0.415,17 16 146 332 201 129 168 176 175 187
glutamic,22,aspartic,21,6,5,0,10.863,11.216,0.27,2.1,137.1,9.6037,1.728,4.112,76 0
glutamic,22,aspartic,21,6,5,1,10.863,11.216,0.27,2.1,137.1,8.0793,1.728,2.79,80 0 180 360
glutamic,22,aspartic,21,6,5,2,10.863,11.216,0.27,2.1,137.1,4.8689,1.728,0.68,85 360 180 360 148 110
glutamic,22,aspartic,21,6,5,3,10.863,11.216,0.27,2.1,137.1,1.198,1.728,0.682,85 360 180 360 148 110 180 180
glutamic,22,aspartic,21,6,5,4,10.863,11.216,0.27,2.1,137.1,0.0,1.663,1.192,75 295 258 81 117 232 211 158 169 187
glutamic,22,isoleucine,3,4,4,0,8.368,8.814,-0.682,77.9,84.5,5.1061,0.992,1.727,340 19
glutamic,22,isoleucine,3,4,4,1,8.368,8.814,-0.682,77.9,84.5,1.4353,0.855,0.967,360 338 180 180
glutamic,22,isoleucine,3,4,4,2,8.368,8.814,-0.682,77.9,84.5,0.0,1.615,0.629,31 29 106 251 237 172
glutamic,22,isoleucine,3,4,4,3,8.368,8.814,-0.682,77.9,84.5,0.0,1.663,1.339,360 109 357 127 165 93 273 81
glutamic,22,isoleucine,3,4,4,4,8.368,8.814,-0.682,77.9,84.5,0.0,1.48,4.026,267 9 293 59 5 178 80 312 235 150
glutamic,22,isoleucine,3,4,5,0,8.368,9.057,-0.682,70.1,75.5,5.5295,1.491,2.539,327 360
glutamic,22,isoleucine,3,4,5,1,8.368,9.057,-0.682,70.1,75.5,2.0098,0.859,2.523,327 0 158 146
glutamic,22,isoleucine,3,4,5,2,8.368,9.057,-0.682,70.1,75.5,0.0,0.271,0.87,337 57 123 241 222 173
glutamic,22,isoleucine,3,4,5,3,8.368,9.057,-0.682,70.1,75.5,0.0,1.055,0.79,13 20 64 315 277 109 145 209
glutamic,22,isoleucine,3,4,5,4,8.368,9.057,-0.682,70.1,75.5,0.0,1.563,0.748,63 348 55 82 72 98 168 295 247 158
glutamic,22,isoleucine,3,4,6,0,8.368,10.135,-0.682,65.3,27.1,7.865,0.897,1.638,353 360
glutamic,22,isoleucine,3,4,6,1,8.368,10.135,-0.682,65.3,27.1,4.5824,0.894,0.815,355 0 150 121
glutamic,22,isoleucine,3,4,6,2,8.368,10.135,-0.682,65.3,27.1,0.9116,0.894,0.815,355 0 211 240 180 180
glutamic,22,isoleucine,3,4,6,3,8.368,10.135,-0.682,65.3,27.1,0.0,0.449,2.514,344 303 231 211 64 258 65 207
glutamic,22,isoleucine,3,4,6,4,8.368,10.135,-0.682,65.3,27.1,0.0,0.433,0.359,356 16 63 358 311 74 115 236 210 161
glutamic,22,isoleucine,3,5,4,0,8.368,9.696,-0.682,42.3,74.6,6.8126,1.728,2.927,340 0
glutamic,22,isoleucine,3,5,4,1,8.368,9.696,-0.682,42.3,74.6,4.097,1.728,0.66,340 360 154 64
glutamic,22,isoleucine,3,5,4,2,8.368,9.696,-0.682,42.3,74.6,0.4261,1.728,0.673,340 360 207 296 180 180
glutamic,22,isoleucine,3,5,4,3,8.368,9.696,-0.682,42.3,74.6,0.0,1.363,0.698,7 35 81 314 272 111 147 207
glutamic,22,isoleucine,3,5,4,4,8.368,9.696,-0.682,42.3,74.6,0.0,1.314,0.866,360 18 57 330 293 90 124 241 212 157
glutamic,22,isoleucine,3,5,5,0,8.368,9.834,-0.682,36.8,69.4,7.3958,1.159,2.17,19 0
glutamic,22,isoleucine,3,5,5,1,8.368,9.834,-0.682,36.8,69.4,4.9806,1.157,0.715,21 360 167 28
glutamic,22,isoleucine,3,5,5,2,8.368,9.834,-0.682,36.8,69.4,1.3098,0.931,0.587,21 360 166 30 180 180
glutamic,22,isoleucine,3,5,5,3,8.368,9.834,-0.682,36.8,69.4,0.0,1.16,0.911,14 313 265 54 95 237 206 160
glutamic,22,isoleucine,3,5,5,4,8.368,9.834,-0.682,36.8,69.4,0.0,0.823,0.342,16 328 291 43 78 261 230 128 152 200
glutamic,22,isoleucine,3,5,6,0,8.368,10.516,-0.682,49.6,40.5,7.9543,1.306,2.308,6 360
glutamic,22,isoleucine,3,5,6,1,8.368,10.516,-0.682,49.6,40.5,4.7889,1.314,0.327,6 360 148 105
glutamic,22,isoleucine,3,5,6,2,8.368,10.516,-0.682,49.6,40.5,1.1181,1.229,0.347,6 360 212 255 180 180
glutamic,22,isoleucine,3,5,6,3,8.368,10.516,-0.682,49.6,40.5,0.0,1.179,0.715,25 349 156 8 307 105 285 347
glutamic,22,isoleucine,3,5,6,4,8.368,10.516,-0.682,49.6,40.5,0.0,1.664,0.589,0 343 298 15 59 272 236 129 152 198
glutamic,22,isoleucine,3,6,4,0,8.368,9.147,-0.682,65.5,69.0,5.8828,1.728,3.908,31 360
glutamic,22,isoleucine,3,6,4,1,8.368,9.147,-0.682,65.5,69.0,2.6411,0.977,2.95,32 360 148 111
glutamic,22,isoleucine,3,6,4,2,8.368,9.147,-0.682,65.5,69.0,0.0,0.425,2.112,29 295 231 115 136 191
glutamic,22,isoleucine,3,6,4,3,8.368,9.147,-0.682,65.5,69.0,0.0,0.814,1.343,345 344 297 42 82 251 215 151
glutamic,22,isoleucine,3,6,4,4,8.368,9.147,-0.682,65.5,69.0,0.0,0.382,0.548,308 344 297 286 305 237 183 72 119 214
glutamic,22,isoleucine,3,6,5,0,8.368,8.766,-0.682,80.9,83.1,5.0761,1.728,3.637,39 326
glutamic,22,isoleucine,3,6,5,1,8.368,8.766,-0.682,80.9,83.1,1.4053,0.446,3.263,6 35 180 180
glutamic,22,isoleucine,3,6,5,2,8.368,8.766,-0.682,80.9,83.1,0.0,0.505,1.318,352 324 259 113 136 193
glutamic,22,isoleucine,3,6,5,3,8.368,8.766,-0.682,80.9,83.1,0.0,1.335,1.269,339 355 305 36 79 256 217 150
glutamic,22,isoleucine,3,6,5,4,8.368,8.766,-0.682,80.9,83.1,0.0,0.437,3.099,105 71 29 259 245 17 281 325 42 239
glutamic,22,isoleucine,3,6,6,0,8.368,9.951,-0.682,72.2,33.5,7.3318,1.728,2.819,2 360
glutamic,22,isoleucine,3,6,6,1,8.368,9.951,-0.682,72.2,33.5,3.7318,1.487,1.353,3 0 180 180
glutamic,22,isoleucine,3,6,6,2,8.368,9.951,-0.682,72.2,33.5,0.0609,0.296,1.371,3 0 184 185 180 180
glutamic,22,isoleucine,3,6,6,3,8.368,9.951,-0.682,72.2,33.5,0.0,0.598,4.034,60 287 245 250 177 230 26 99
glutamic,22,isoleucine,3,6,6,4,8.368,9.951,-0.682,72.2,33.5,0.0,1.448,1.287,337 5 318 8 52 273 238 119 146 204
glutamic,22,leucine,13,4,1,0,10.61,11.593,-0.955,12.8,107.0,9.4867,0.924,1.513,1 0
glutamic,22,leucine,13,4,1,1,10.61,11.593,-0.955,12.8,107.0,7.6451,0.897,0.64,358 0 180 0
glutamic,22,leucine,13,4,1,2,10.61,11.593,-0.955,12.8,107.0,4.225,0.894,0.304,354 360 180 360 153 133
glutamic,22,leucine,13,4,1,3,10.61,11.593,-0.955,12.8,107.0,0.5542,0.894,0.464,354 0 180 360 208 227 180 180
glutamic,22,leucine,13,4,1,4,10.61,11.593,-0.955,12.8,107.0,0.0,1.621,0.845,71 288 253 84 116 228 207 157 169 187
glutamic,22,leucine,13,4,2,0,10.61,13.547,-0.955,5.9,20.8,13.0872,1.729,2.521,46 360
glutamic,22,leucine,13,4,2,1,10.61,13.547,-0.955,5.9,20.8,11.2012,1.729,1.959,41 360 180 0
glutamic,22,leucine,13,4,2,2,10.61,13.547,-0.955,5.9,20.8,7.6908,1.729,0.287,38 0 180 360 160 151
glutamic,22,leucine,13,4,2,3,10.61,13.547,-0.955,5.9,20.8,4.0199,1.729,0.281,38 360 180 360 201 210 180 180
glutamic,22,leucine,13,4,2,4,10.61,13.547,-0.955,5.9,20.8,0.4182,1.516,0.253,38 360 180 360 211 219 180 180 180 180
glutamic,22,leucine,13,4,13,0,10.61,12.363,-0.955,11.3,77.7,10.4197,1.729,3.443,301 360
glutamic,22,leucine,13,4,13,1,10.61,12.363,-0.955,11.3,77.7,8.453,1.729,3.393,303 360 180 360
glutamic,22,leucine,13,4,13,2,10.61,12.363,-0.955,11.3,77.7,4.9375,1.729,1.905,304 360 180 0 159 149
glutamic,22,leucine,13,4,13,3,10.61,12.363,-0.955,11.3,77.7,1.2667,1.729,1.917,304 360 180 0 158 148 180 180
glutamic,22,leucine,13,4,13,4,10.61,12.363,-0.955,11.3,77.7,0.0,1.494,2.979,289 61 103 287 249 136 155 196 188 176
glutamic,22,leucine,13,5,1,0,10.61,9.878,-0.955,94.2,102.9,6.0101,1.728,2.426,17 59
glutamic,22,leucine,13,5,1,1,10.61,9.878,-0.955,94.2,102.9,2.3393,1.728,0.613,68 300 180 180
glutamic,22,leucine,13,5,1,2,10.61,9.878,-0.955,94.2,102.9,0.0,1.511,0.842,19 326 256 142 153 172
glutamic,22,leucine,13,5,1,3,10.61,9.878,-0.955,94.2,102.9,0.0,1.599,0.728,341 356 312 48 82 243 212 154
glutamic,22,leucine,13,5,1,4,10.61,9.878,-0.955,94.2,102.9,0.0,0.726,2.692,98 53 69 287 167 198 165 159 299 355
glutamic,22,leucine,13,5,2,0,10.61,11.658,-0.955,100.3,27.7,9.1415,1.728,2.733,79 271
glutamic,22,leucine,13,5,2,1,10.61,11.658,-0.955,100.3,27.7,5.4707,1.728,1.94,80 271 180 180
glutamic,22,leucine,13,5,2,2,10.61,11.658,-0.955,100.3,27.7,1.8689,0.294,1.499,11 91 180 180 180 180
glutamic,22,leucine,13,5,2,3,10.61,11.658,-0.955,100.3,27.7,0.0,0.793,4.338,110 217 202 141 151 196 188 174
glutamic,22,leucine,13,5,2,4,10.61,11.658,-0.955,100.3,27.7,0.0,0.642,4.626,128 209 203 131 138 214 204 157 167 190
glutamic,22,leucine,13,5,13,0,10.61,10.768,-0.955,89.6,69.3,7.294,1.728,3.022,73 330
glutamic,22,leucine,13,5,13,1,10.61,10.768,-0.955,89.6,69.3,3.6232,1.728,2.476,43 32 180 180
glutamic,22,leucine,13,5,13,2,10.61,10.768,-0.955,89.6,69.3,0.0215,0.464,2.44,83 314 180 180 180 180
glutamic,22,leucine,13,5,13,3,10.61,10.768,-0.955,89.6,69.3,0.0,0.329,3.41,104 228 214 132 143 205 193 169
glutamic,22,leucine,13,5,13,4,10.61,10.768,-0.955,89.6,69.3,0.0,1.396,5.163,135 211 207 133 138 216 207 155 166 191
glutamic,22,leucine,13,6,1,0,10.61,9.94,-0.955,91.9,98.0,6.0972,1.728,2.672,337 311
glutamic,22,leucine,13,6,1,1,10.61,9.94,-0.955,91.9,98.0,2.4264,1.728,1.271,338 310 180 180
glutamic,22,leucine,13,6,1,2,10.61,9.94,-0.955,91.9,98.0,0.0,1.257,0.476,346 24 109 226 220 194
glutamic,22,leucine,13,6,1,3,10.61,9.94,-0.955,91.9,98.0,0.0,1.608,1.802,18 7 49 309 277 121 150 205
glutamic,22,leucine,13,6,1,4,10.61,9.94,-0.955,91.9,98.0,0.0,0.781,0.985,244 262 305 78 104 106 144 325 279 133
glutamic,22,leucine,13,6,2,0,10.61,11.723,-0.955,97.8,16.5,9.4895,1.728,3.17,326 300
glutamic,22,leucine,13,6,2,1,10.61,11.723,-0.955,97.8,16.5,5.8187,1.707,2.122,327 299 180 180
glutamic,22,leucine,13,6,2,2,10.61,11.723,-0.955,97.8,16.5,2.2169,0.785,2.102,333 293 180 180 180 180
glutamic,22,leucine,13,6,2,3,10.61,11.723,-0.955,97.8,16.5,0.0,1.112,4.531,250 136 152 220 208 161 171 187
glutamic,22,leucine,13,6,2,4,10.61,11.723,-0.955,97.8,16.5,0.0,0.856,5.166,230 154 159 227 221 146 156 203 192 170
glutamic,22,leucine,13,6,13,0,10.61,10.352,-0.955,105.7,82.5,6.6659,1.728,3.083,286 93
glutamic,22,leucine,13,6,13,1,10.61,10.352,-0.955,105.7,82.5,2.9951,1.728,2.53,349 267 180 180
glutamic,22,leucine,13,6,13,2,10.61,10.352,-0.955,105.7,82.5,0.0,1.458,1.333,344 350 86 207 175 195
glutamic,22,leucine,13,6,13,3,10.61,10.352,-0.955,105.7,82.5,0.0,1.514,5.052,246 150 161 229 220 159 170 190
glutamic,22,leucine,13,6,13,4,10.61,10.352,-0.955,105.7,82.5,0.0,1.402,5.613,220 158 161 233 229 143 153 208 195 168
glutamic,22,serine,31,4,3,0,7.491,6.191,0.128,141.6,87.3,2.4636,1.729,3.75,85 180
glutamic,22,serine,31,4,3,1,7.491,6.191,0.128,141.6,87.3,0.0,1.641,4.209,111 211 194 167
glutamic,22,serine,31,4,3,2,7.491,6.191,0.128,141.6,87.3,0.0,1.665,4.881,142 149 233 104 109 267
glutamic,22,serine,31,4,3,3,7.491,6.191,0.128,141.6,87.3,0.0,1.122,5.172,186 163 220 118 97 278 241 124
glutamic,22,serine,31,4,3,4,7.491,6.191,0.128,141.6,87.3,0.0,1.665,5.188,182 141 178 140 120 260 246 113 143 211
glutamic,22,serine,31,4,4,0,7.491,7.785,0.128,133.3,13.5,5.6684,1.729,2.46,25 121
glutamic,22,serine,31,4,4,1,7.491,7.785,0.128,133.3,13.5,1.9976,0.603,2.453,24 121 180 180
glutamic,22,serine,31,4,4,2,7.491,7.785,0.128,133.3,13.5,0.0,1.255,4.075,108 183 195 131 146 208
glutamic,22,serine,31,4,4,3,7.491,7.785,0.128,133.3,13.5,0.0,1.661,4.51,156 172 196 130 126 251 223 145
glutamic,22,serine,31,4,4,4,7.491,7.785,0.128,133.3,13.5,0.0,1.661,3.631,182 161 180 136 123 237 227 129 152 203
glutamic,22,serine,31,4,5,0,7.491,5.572,0.128,123.5,112.0,1.6898,1.729,2.442,23 124
glutamic,22,serine,31,4,5,1,7.491,5.572,0.128,123.5,112.0,0.0,1.661,2.257,48 28 328 71
glutamic,22,serine,31,4,5,2,7.491,5.572,0.128,123.5,112.0,0.0,1.661,2.522,115 191 241 87 115 248
glutamic,22,serine,31,4,5,3,7.491,5.572,0.128,123.5,112.0,0.0,0.754,2.602,149 187 213 108 110 269 231 137
glutamic,22,serine,31,4,5,4,7.491,5.572,0.128,123.5,112.0,0.0,1.661,0.919,15 277 274 134 106 315 278 29 119 267
glutamic,22,serine,31,5,3,0,7.491,7.577,0.128,79.5,91.7,3.7893,1.728,4.391,249 13
glutamic,22,serine,31,5,3,1,7.491,7.577,0.128,79.5,91.7,0.1185,1.728,4.265,264 343 180 180
glutamic,22,serine,31,5,3,2,7.491,7.577,0.128,79.5,91.7,0.0,1.493,5.214,233 103 120 226 205 160
glutamic,22,serine,31,5,3,3,7.491,7.577,0.128,79.5,91.7,0.0,1.665,5.676,195 160 130 225 231 121 143 212
glutamic,22,serine,31,5,3,4,7.491,7.577,0.128,79.5,91.7,0.0,1.665,5.646,181 176 151 222 229 114 125 231 208 157
glutamic,22,serine,31,5,4,0,7.491,9.108,0.128,77.5,27.0,6.6351,1.728,3.929,293 331
glutamic,22,serine,31,5,4,1,7.491,9.108,0.128,77.5,27.0,2.9643,1.448,3.46,264 31 180 180
glutamic,22,serine,31,5,4,2,7.491,9.108,0.128,77.5,27.0,0.0,1.661,3.48,248 105 137 214 196 169
glutamic,22,serine,31,5,4,3,7.491,9.108,0.128,77.5,27.0,0.0,0.97,3.086,217 132 135 232 221 143 160 196
glutamic,22,serine,31,5,4,4,7.491,9.108,0.128,77.5,27.0,0.0,1.661,3.152,192 151 144 225 225 131 142 217 200 164
glutamic,22,serine,31,5,5,0,7.491,6.74,0.128,76.1,127.9,2.9639,1.728,3.923,273 0
glutamic,22,serine,31,5,5,1,7.491,6.74,0.128,76.1,127.9,0.0,1.661,3.359,273 48 127 236
glutamic,22,serine,31,5,5,2,7.491,6.74,0.128,76.1,127.9,0.0,1.661,1.762,313 72 82 267 232 137
glutamic,22,serine,31,5,5,3,7.491,6.74,0.128,76.1,127.9,0.0,1.268,2.055,211 142 128 249 241 111 140 213
glutamic,22,serine,31,5,5,4,7.491,6.74,0.128,76.1,127.9,0.0,1.305,2.476,200 162 148 228 235 117 129 235 210 155
glutamic,22,serine,31,6,3,0,7.491,8.66,0.128,34.6,89.3,5.7963,1.728,5.451,136 360
glutamic,22,serine,31,6,3,1,7.491,8.66,0.128,34.6,89.3,3.3471,1.728,5.148,134 360 167 27
glutamic,22,serine,31,6,3,2,7.491,8.66,0.128,34.6,89.3,0.0,1.665,4.499,142 333 203 40 137 205
glutamic,22,serine,31,6,3,3,7.491,8.66,0.128,34.6,89.3,0.0,1.665,3.101,98 291 248 95 141 251 218 155
glutamic,22,serine,31,6,3,4,7.491,8.66,0.128,34.6,89.3,0.0,1.665,3.475,41 334 296 65 98 257 232 142 161 195
glutamic,22,serine,31,6,4,0,7.491,10.235,0.128,27.3,16.2,9.4836,1.728,4.536,98 0
glutamic,22,serine,31,6,4,1,7.491,10.235,0.128,27.3,16.2,7.1421,1.728,3.592,103 0 196 326
glutamic,22,serine,31,6,4,2,7.491,10.235,0.128,27.3,16.2,3.4712,0.951,2.316,103 360 163 35 180 180
glutamic,22,serine,31,6,4,3,7.491,10.235,0.128,27.3,16.2,0.0,0.675,3.184,126 348 157 61 158 173 178 191
glutamic,22,serine,31,6,4,4,7.491,10.235,0.128,27.3,16.2,0.0,1.014,2.144,59 322 281 62 96 233 212 159 170 187
glutamic,22,serine,31,6,5,0,7.491,7.942,0.128,21.6,118.5,5.5902,1.728,4.778,109 360
glutamic,22,serine,31,6,5,1,7.491,7.942,0.128,21.6,118.5,3.8382,1.728,3.623,105 0 180 0
glutamic,22,serine,31,6,5,2,7.491,7.942,0.128,21.6,118.5,0.7206,1.728,1.162,99 360 180 0 149 90
glutamic,22,serine,31,6,5,3,7.491,7.942,0.128,21.6,118.5,0.0,1.661,0.501,54 297 260 81 118 243 211 156
glutamic,22,serine,31,6,5,4,7.491,7.942,0.128,21.6,118.5,0.0,1.661,1.97,40 325 291 64 95 260 234 134 157 198
glutamic,22,tryptophan,5,4,16,0,12.941,11.067,-0.34,115.1,138.1,7.3722,1.729,1.72,37 257
glutamic,22,tryptophan,5,4,16,1,12.941,11.067,-0.34,115.1,138.1,3.7013,1.729,1.083,37 257 180 180
glutamic,22,tryptophan,5,4,16,2,12.941,11.067,-0.34,115.1,138.1,0.0996,1.729,0.836,327 103 180 180 180 180
glutamic,22,tryptophan,5,4,16,3,12.941,11.067,-0.34,115.1,138.1,0.0,1.663,0.706,65 294 164 172 286 30 295 102
glutamic,22,tryptophan,5,4,16,4,12.941,11.067,-0.34,115.1,138.1,0.0,1.663,0.952,30 5 340 359 345 4 70 42 290 20
glutamic,22,tryptophan,5,4,17,0,12.941,12.797,-0.34,107.4,65.7,9.3817,1.729,1.426,33 281
glutamic,22,tryptophan,5,4,17,1,12.941,12.797,-0.34,107.4,65.7,5.7109,1.729,0.896,34 281 180 180
glutamic,22,tryptophan,5,4,17,2,12.941,12.797,-0.34,107.4,65.7,2.1092,1.729,1.01,328 83 180 180 180 180
glutamic,22,tryptophan,5,4,17,3,12.941,12.797,-0.34,107.4,65.7,0.0,1.377,1.766,318 35 238 276 51 207 171 212
glutamic,22,tryptophan,5,4,17,4,12.941,12.797,-0.34,107.4,65.7,0.0,0.925,0.414,2 359 237 141 247 120 23 5 88 243
glutamic,22,tryptophan,5,4,18,0,12.941,13.402,-0.34,117.8,38.8,10.5931,1.729,2.071,31 238
glutamic,22,tryptophan,5,4,18,1,12.941,13.402,-0.34,117.8,38.8,6.9222,1.729,1.076,31 238 180 180
glutamic,22,tryptophan,5,4,18,2,12.941,13.402,-0.34,117.8,38.8,3.3205,1.729,0.653,324 119 180 180 180 180
glutamic,22,tryptophan,5,4,18,3,12.941,13.402,-0.34,117.8,38.8,0.0,1.664,0.845,35 214 204 171 171 134 264 214
glutamic,22,tryptophan,5,4,18,4,12.941,13.402,-0.34,117.8,38.8,0.0,0.74,0.441,345 119 152 206 140 217 334 113 306 333
glutamic,22,tryptophan,5,5,16,0,12.941,12.774,-0.34,47.6,130.7,9.4207,1.728,3.51,302 0
glutamic,22,tryptophan,5,5,16,1,12.941,12.774,-0.34,47.6,130.7,6.4161,1.728,1.743,302 360 211 268
glutamic,22,tryptophan,5,5,16,2,12.941,12.774,-0.34,47.6,130.7,2.7453,1.728,1.084,302 360 148 92 180 180
glutamic,22,tryptophan,5,5,16,3,12.941,12.774,-0.34,47.6,130.7,0.0,1.663,0.654,305 29 122 350 295 169 184 175
glutamic,22,tryptophan,5,5,16,4,12.941,12.774,-0.34,47.6,130.7,0.0,1.663,0.55,324 24 68 320 285 116 141 209 195 170
glutamic,22,tryptophan,5,5,17,0,12.941,14.218,-0.34,52.2,72.0,11.0352,1.728,3.199,316 360
glutamic,22,tryptophan,5,5,17,1,12.941,14.218,-0.34,52.2,72.0,7.902,1.728,1.219,316 0 212 254
glutamic,22,tryptophan,5,5,17,2,12.941,14.218,-0.34,52.2,72.0,4.2312,1.728,0.833,316 360 212 254 180 180
glutamic,22,tryptophan,5,5,17,3,12.941,14.218,-0.34,52.2,72.0,0.6294,1.012,0.78,316 360 142 105 180 180 180 180
glutamic,22,tryptophan,5,5,17,4,12.941,14.218,-0.34,52.2,72.0,0.0,1.264,0.55,360 29 99 57 66 152 220 266 230 168
glutamic,22,tryptophan,5,5,18,0,12.941,15.101,-0.34,50.7,31.6,12.9036,1.728,3.59,293 0
glutamic,22,tryptophan,5,5,18,1,12.941,15.101,-0.34,50.7,31.6,9.8331,1.728,2.169,292 0 212 259
glutamic,22,tryptophan,5,5,18,2,12.941,15.101,-0.34,50.7,31.6,6.1623,1.728,0.602,292 0 212 259 180 180
glutamic,22,tryptophan,5,5,18,3,12.941,15.101,-0.34,50.7,31.6,2.5606,1.728,0.526,292 0 218 258 180 180 180 180
glutamic,22,tryptophan,5,5,18,4,12.941,15.101,-0.34,50.7,31.6,0.0,1.391,0.714,266 42 141 346 290 160 165 141 163 190
glutamic,22,tryptophan,5,6,16,0,12.941,12.751,-0.34,48.7,141.1,9.6468,1.728,3.92,55 360
glutamic,22,tryptophan,5,6,16,1,12.941,12.751,-0.34,48.7,141.1,6.7545,1.728,2.828,53 0 210 277
glutamic,22,tryptophan,5,6,16,2,12.941,12.751,-0.34,48.7,141.1,3.0837,1.728,2.835,53 0 211 277 180 180
glutamic,22,tryptophan,5,6,16,3,12.941,12.751,-0.34,48.7,141.1,0.0,1.663,2.141,53 356 210 350 71 174 172 185
glutamic,22,tryptophan,5,6,16,4,12.941,12.751,-0.34,48.7,141.1,0.0,1.663,2.535,41 330 287 43 79 242 216 153 167 188
glutamic,22,tryptophan,5,6,17,0,12.941,14.336,-0.34,46.7,73.3,11.2427,1.728,3.922,43 0
glutamic,22,tryptophan,5,6,17,1,12.941,14.336,-0.34,46.7,73.3,8.2297,1.728,3.07,43 0 148 95
glutamic,22,tryptophan,5,6,17,2,12.941,14.336,-0.34,46.7,73.3,4.5589,1.728,3.07,43 360 212 265 180 180
glutamic,22,tryptophan,5,6,17,3,12.941,14.336,-0.34,46.7,73.3,0.9572,1.728,3.089,43 0 218 264 180 180 180 180
glutamic,22,tryptophan,5,6,17,4,12.941,14.336,-0.34,46.7,73.3,0.0,1.663,2.063,54 312 269 40 76 230 207 167 173 182
glutamic,22,tryptophan,5,6,18,0,12.941,15.174,-0.34,47.3,36.5,12.7991,1.728,3.984,65 360
glutamic,22,tryptophan,5,6,18,1,12.941,15.174,-0.34,47.3,36.5,9.69,1.728,3.417,64 360 148 104
glutamic,22,tryptophan,5,6,18,2,12.941,15.174,-0.34,47.3,36.5,6.0191,1.728,3.125,64 0 148 104 180 180
glutamic,22,tryptophan,5,6,18,3,12.941,15.174,-0.34,47.3,36.5,2.4174,1.728,3.171,64 0 218 256 180 180 180 180
glutamic,22,tryptophan,5,6,18,4,12.941,15.174,-0.34,47.3,36.5,0.0,1.382,2.194,85 304 242 23 64 205 187 200 191 169
glutamic,22,tyrosine,1,4,11,0,7.575,9.702,0.992,54.4,35.4,7.1711,1.729,4.252,107 360
glutamic,22,tyrosine,1,4,11,1,7.575,9.702,0.992,54.4,35.4,3.869,1.729,4.245,106 0 211 242
glutamic,22,tyrosine,1,4,11,2,7.575,9.702,0.992,54.4,35.4,0.1981,1.701,4.245,106 0 211 243 180 180
glutamic,22,tyrosine,1,4,11,3,7.575,9.702,0.992,54.4,35.4,0.0,1.663,4.15,120 255 237 126 141 207 194 169
glutamic,22,tyrosine,1,4,11,4,7.575,9.702,0.992,54.4,35.4,0.0,1.663,4.733,136 227 237 150 143 226 220 141 158 199
glutamic,22,tyrosine,1,4,12,0,7.575,8.577,0.992,42.9,82.0,5.67,1.729,4.597,124 360
glutamic,22,tyrosine,1,4,12,1,7.575,8.577,0.992,42.9,82.0,3.086,1.729,4.613,125 360 201 313
glutamic,22,tyrosine,1,4,12,2,7.575,8.577,0.992,42.9,82.0,0.0,1.664,4.751,133 315 212 67 136 207
glutamic,22,tyrosine,1,4,12,3,7.575,8.577,0.992,42.9,82.0,0.0,0.972,2.144,61 311 264 82 124 243 214 158
glutamic,22,tyrosine,1,4,12,4,7.575,8.577,0.992,42.9,82.0,0.0,0.542,1.194,34 335 299 63 93 256 232 138 159 196
glutamic,22,tyrosine,1,4,13,0,7.575,7.25,0.992,54.9,141.5,4.2322,1.729,4.199,104 360
glutamic,22,tyrosine,1,4,13,1,7.575,7.25,0.992,54.9,141.5,1.6548,1.729,4.397,114 360 158 49
glutamic,22,tyrosine,1,4,13,2,7.575,7.25,0.992,54.9,141.5,0.0,1.366,2.223,64 308 253 82 128 221
glutamic,22,tyrosine,1,4,13,3,7.575,7.25,0.992,54.9,141.5,0.0,1.076,1.733,55 287 281 110 125 242 215 151
glutamic,22,tyrosine,1,4,13,4,7.575,7.25,0.992,54.9,141.5,0.0,0.938,0.419,6 346 313 60 84 264 240 124 150 204
glutamic,22,tyrosine,1,5,11,0,7.575,7.453,0.992,158.9,29.7,5.1951,1.728,3.96,321 180
glutamic,22,tyrosine,1,5,11,1,7.575,7.453,0.992,158.9,29.7,1.9927,1.319,3.875,325 180 148 109
glutamic,22,tyrosine,1,5,11,2,7.575,7.453,0.992,158.9,29.7,0.0,1.332,3.254,44 159 189 126 144 220
glutamic,22,tyrosine,1,5,11,3,7.575,7.453,0.992,158.9,29.7,0.0,1.43,5.081,259 194 177 230 240 113 139 214
glutamic,22,tyrosine,1,5,11,4,7.575,7.453,0.992,158.9,29.7,0.0,1.663,3.769,71 136 159 327 301 84 119 248 215 154
glutamic,22,tyrosine,1,5,12,0,7.575,6.109,0.992,155.6,85.2,2.5183,1.728,3.421,54 180
glutamic,22,tyrosine,1,5,12,1,7.575,6.109,0.992,155.6,85.2,0.0,1.664,3.16,39 171 166 151
glutamic,22,tyrosine,1,5,12,2,7.575,6.109,0.992,155.6,85.2,0.0,1.664,4.66,107 161 201 119 117 255
glutamic,22,tyrosine,1,5,12,3,7.575,6.109,0.992,155.6,85.2,0.0,1.664,0.561,350 179 70 299 331 27 146 345
glutamic,22,tyrosine,1,5,12,4,7.575,6.109,0.992,155.6,85.2,0.0,1.571,4.503,203 152 174 135 111 242 235 115 143 212
glutamic,22,tyrosine,1,5,13,0,7.575,5.066,0.992,155.9,130.6,1.449,1.728,3.267,355 180
glutamic,22,tyrosine,1,5,13,1,7.575,5.066,0.992,155.9,130.6,0.0,1.665,3.48,343 206 201 252
glutamic,22,tyrosine,1,5,13,2,7.575,5.066,0.992,155.9,130.6,0.0,1.665,4.882,276 230 97 298 306 342
glutamic,22,tyrosine,1,5,13,3,7.575,5.066,0.992,155.9,130.6,0.0,0.511,5.871,196 202 162 256 268 44 121 266
glutamic,22,tyrosine,1,5,13,4,7.575,5.066,0.992,155.9,130.6,0.0,1.665,2.376,16 124 167 318 291 66 124 297 231 134
glutamic,22,tyrosine,1,6,11,0,7.575,9.677,0.992,55.4,24.9,7.5597,1.728,4.854,247 0
glutamic,22,tyrosine,1,6,11,1,7.575,9.677,0.992,55.4,24.9,4.3849,1.728,4.813,248 360 148 109
glutamic,22,tyrosine,1,6,11,2,7.575,9.677,0.992,55.4,24.9,0.7141,1.476,4.662,248 0 212 251 180 180
glutamic,22,tyrosine,1,6,11,3,7.575,9.677,0.992,55.4,24.9,0.0,0.356,4.246,248 96 115 239 222 149 164 193
glutamic,22,tyrosine,1,6,11,4,7.575,9.677,0.992,55.4,24.9,0.0,1.663,5.745,213 155 123 201 223 135 134 226 208 155
glutamic,22,tyrosine,1,6,12,0,7.575,7.998,0.992,66.8,96.6,4.2395,1.728,4.362,261 0
glutamic,22,tyrosine,1,6,12,1,7.575,7.998,0.992,66.8,96.6,0.8662,1.728,3.792,261 0 211 243
glutamic,22,tyrosine,1,6,12,2,7.575,7.998,0.992,66.8,96.6,0.0,1.664,4.655,236 95 120 235 208 158
glutamic,22,tyrosine,1,6,12,3,7.575,7.998,0.992,66.8,96.6,0.0,1.111,3.252,288 6 102 207 41 313 38 312
glutamic,22,tyrosine,1,6,12,4,7.575,7.998,0.992,66.8,96.6,0.0,1.664,1.84,349 14 46 286 267 113 128 221 202 162
glutamic,22,tyrosine,1,6,13,0,7.575,7.384,0.992,49.4,122.8,4.0134,1.728,4.524,256 0
glutamic,22,tyrosine,1,6,13,1,7.575,7.384,0.992,49.4,122.8,1.2857,1.728,4.419,254 360 203 307
glutamic,22,tyrosine,1,6,13,2,7.575,7.384,0.992,49.4,122.8,0.0,1.665,3.186,276 53 97 290 233 127
glutamic,22,tyrosine,1,6,13,3,7.575,7.384,0.992,49.4,122.8,0.0,0.606,2.588,288 75 89 255 241 137 157 199
glutamic,22,tyrosine,1,6,13,4,7.575,7.384,0.992,49.4,122.8,0.0,0.504,1.437,333 26 60 294 269 112 132 219 201 164
glutamic,22,phenylalanine,4,4,12,0,3.459,2.73,0.346,74.2,84.7,0.0,1.52,1.57,43 313
glutamic,22,phenylalanine,4,4,12,1,3.459,2.73,0.346,74.2,84.7,0.0,1.342,0.41,27 312 280 7
glutamic,22,phenylalanine,4,4,12,2,3.459,2.73,0.346,74.2,84.7,0.0,1.663,0.667,4 292 307 39 144 324
glutamic,22,phenylalanine,4,4,12,3,3.459,2.73,0.346,74.2,84.7,0.0,1.663,0.624,312 316 299 69 108 306 234 111
glutamic,22,phenylalanine,4,4,12,4,3.459,2.73,0.346,74.2,84.7,0.0,0.685,0.682,326 4 330 44 74 295 252 77 129 224
glutamic,22,phenylalanine,4,4,13,0,3.459,2.672,0.346,124.4,86.7,0.0,1.664,4.8,136 215
glutamic,22,phenylalanine,4,4,13,1,3.459,2.672,0.346,124.4,86.7,0.0,1.487,4.144,102 90 341 327
glutamic,22,phenylalanine,4,4,13,2,3.459,2.672,0.346,124.4,86.7,0.0,1.664,3.685,139 129 299 47 114 3
glutamic,22,phenylalanine,4,4,13,3,3.459,2.672,0.346,124.4,86.7,0.0,1.506,0.422,331 174 135 288 263 315 234 31
glutamic,22,phenylalanine,4,4,13,4,3.459,2.672,0.346,124.4,86.7,0.0,0.292,0.548,91 229 224 138 52 305 237 354 192 318
glutamic,22,phenylalanine,4,4,14,0,3.459,3.129,0.346,82.1,71.0,0.0,1.665,4.952,147 314
glutamic,22,phenylalanine,4,4,14,1,3.459,3.129,0.346,82.1,71.0,0.0,0.658,3.332,92 302 258 61
glutamic,22,phenylalanine,4,4,14,2,3.459,3.129,0.346,82.1,71.0,0.0,0.964,1.821,53 310 316 55 114 304
glutamic,22,phenylalanine,4,4,14,3,3.459,3.129,0.346,82.1,71.0,0.0,0.456,0.39,26 301 344 56 71 338 257 78
glutamic,22,phenylalanine,4,4,14,4,3.459,3.129,0.346,82.1,71.0,0.0,0.79,0.483,19 303 290 94 77 286 283 72 117 239
glutamic,22,phenylalanine,4,5,12,0,3.459,2.893,0.346,68.9,88.3,0.0,1.663,3.144,312 37
glutamic,22,phenylalanine,4,5,12,1,3.459,2.893,0.346,68.9,88.3,0.0,1.663,2.19,322 45 92 3
glutamic,22,phenylalanine,4,5,12,2,3.459,2.893,0.346,68.9,88.3,0.0,1.663,1.512,345 74 55 321 220 39
glutamic,22,phenylalanine,4,5,12,3,3.459,2.893,0.346,68.9,88.3,0.0,1.663,0.959,41 43 56 289 259 61 125 244
glutamic,22,phenylalanine,4,5,12,4,3.459,2.893,0.346,68.9,88.3,0.0,1.138,0.815,23 8 33 314 296 63 101 284 232 133
glutamic,22,phenylalanine,4,5,13,0,3.459,3.954,0.346,71.3,51.6,1.294,1.535,4.791,240 360
glutamic,22,phenylalanine,4,5,13,1,3.459,3.954,0.346,71.3,51.6,0.0,0.688,3.936,260 59 123 261
glutamic,22,phenylalanine,4,5,13,2,3.459,3.954,0.346,71.3,51.6,0.0,0.785,3.289,307 50 51 312 257 75
glutamic,22,phenylalanine,4,5,13,3,3.459,3.954,0.346,71.3,51.6,0.0,0.775,3.194,314 47 29 296 285 43 127 286
glutamic,22,phenylalanine,4,5,13,4,3.459,3.954,0.346,71.3,51.6,0.0,0.646,2.203,16 192 269 87 61 298 314 256 205 161
glutamic,22,phenylalanine,4,5,14,0,3.459,2.469,0.346,108.3,105.5,0.0,1.151,4.883,272 143
glutamic,22,phenylalanine,4,5,14,1,3.459,2.469,0.346,108.3,105.5,0.0,1.665,5.5,231 228 32 8
glutamic,22,phenylalanine,4,5,14,2,3.459,2.469,0.346,108.3,105.5,0.0,1.665,5.927,200 317 340 54 101 360
glutamic,22,phenylalanine,4,5,14,3,3.459,2.469,0.346,108.3,105.5,0.0,1.665,5.326,188 209 8 215 350 346 216 350
glutamic,22,phenylalanine,4,5,14,4,3.459,2.469,0.346,108.3,105.5,0.0,1.665,5.837,176 151 67 292 308 88 100 290 204 67
glutamic,22,phenylalanine,4,6,12,0,3.459,4.26,0.346,6.0,107.7,2.9515,1.728,3.959,62 0
glutamic,22,phenylalanine,4,6,12,1,3.459,4.26,0.346,6.0,107.7,2.7532,1.728,2.178,61 360 180 0
glutamic,22,phenylalanine,4,6,12,2,3.459,4.26,0.346,6.0,107.7,0.7994,1.728,0.662,51 347 197 0 180 0
glutamic,22,phenylalanine,4,6,12,3,3.459,4.26,0.346,6.0,107.7,0.0,1.663,0.637,19 285 269 71 102 282 230 129
glutamic,22,phenylalanine,4,6,12,4,3.459,4.26,0.346,6.0,107.7,0.0,1.608,0.819,355 329 296 46 80 282 242 98 138 213
glutamic,22,phenylalanine,4,6,13,0,3.459,5.069,0.346,26.0,76.6,2.7415,1.728,5.34,132 360
glutamic,22,phenylalanine,4,6,13,1,3.459,5.069,0.346,26.0,76.6,1.5522,1.728,5.724,148 0 180 360
glutamic,22,phenylalanine,4,6,13,2,3.459,5.069,0.346,26.0,76.6,0.0,1.664,2.047,98 336 214 356 190 348
glutamic,22,phenylalanine,4,6,13,3,3.459,5.069,0.346,26.0,76.6,0.0,1.664,1.108,50 300 266 77 120 266 223 146
glutamic,22,phenylalanine,4,6,13,4,3.459,5.069,0.346,26.0,76.6,0.0,1.664,2.97,38 328 294 68 97 262 236 133 156 199
glutamic,22,phenylalanine,4,6,14,0,3.459,4.591,0.346,26.2,94.2,2.3485,1.728,5.983,197 0
glutamic,22,phenylalanine,4,6,14,1,3.459,4.591,0.346,26.2,94.2,1.5134,1.728,6.135,183 0 180 360
glutamic,22,phenylalanine,4,6,14,2,3.459,4.591,0.346,26.2,94.2,0.0,1.665,5.997,196 48 122 332 195 74
glutamic,22,phenylalanine,4,6,14,3,3.459,4.591,0.346,26.2,94.2,0.0,1.154,3.742,260 68 104 281 230 71 114 216
glutamic,22,phenylalanine,4,6,14,4,3.459,4.591,0.346,26.2,94.2,0.0,1.593,1.415,321 32 67 293 263 94 122 229 205 161
isoleucine,3,arginine,3,4,16,0,8.933,9.043,-0.55,94.6,77.5,5.4349,1.572,2.727,334 69
isoleucine,3,arginine,3,4,16,1,8.933,9.043,-0.55,94.6,77.5,1.7641,1.563,0.641,30 290 180 180
isoleucine,3,arginine,3,4,16,2,8.933,9.043,-0.55,94.6,77.5,0.0,0.883,0.803,43 18 103 229 252 198
isoleucine,3,arginine,3,4,16,3,8.933,9.043,-0.55,94.6,77.5,0.0,0.526,0.897,45 355 50 344 294 90 137 216
isoleucine,3,arginine,3,4,16,4,8.933,9.043,-0.55,94.6,77.5,0.0,0.429,0.568,358 330 101 234 116 214 312 349 265 114
isoleucine,3,arginine,3,4,17,0,8.933,10.231,-0.55,84.8,22.8,7.86,1.432,2.714,347 0
isoleucine,3,arginine,3,4,17,1,8.933,10.231,-0.55,84.8,22.8,4.21,1.427,1.052,346 0 180 180
isoleucine,3,arginine,3,4,17,2,8.933,10.231,-0.55,84.8,22.8,0.5793,0.686,0.975,358 341 180 180 180 180
isoleucine,3,arginine,3,4,17,3,8.933,10.231,-0.55,84.8,22.8,0.0,0.544,0.617,15 12 74 347 293 113 152 201
isoleucine,3,arginine,3,4,17,4,8.933,10.231,-0.55,84.8,22.8,0.0,0.56,0.892,5 146 320 18 295 232 65 295 51 358
isoleucine,3,arginine,3,4,18,0,8.933,7.894,-0.55,80.7,123.9,4.0594,1.593,2.66,339 25
isoleucine,3,arginine,3,4,18,1,8.933,7.894,-0.55,80.7,123.9,0.3886,1.607,0.878,338 27 180 180
isoleucine,3,arginine,3,4,18,2,8.933,7.894,-0.55,80.7,123.9,0.0,0.699,0.659,37 20 79 301 261 132
isoleucine,3,arginine,3,4,18,3,8.933,7.894,-0.55,80.7,123.9,0.0,1.438,1.613,74 343 148 320 159 285 38 288
isoleucine,3,arginine,3,4,18,4,8.933,7.894,-0.55,80.7,123.9,0.0,0.954,2.289,58 30 147 280 165 222 328 3 273 97
isoleucine,3,arginine,3,5,16,0,8.933,10.289,-0.55,46.0,76.5,7.1504,0.715,3.809,320 360
isoleucine,3,arginine,3,5,16,1,8.933,10.289,-0.55,46.0,76.5,4.2248,0.466,1.832,321 0 150 82
isoleucine,3,arginine,3,5,16,2,8.933,10.289,-0.55,46.0,76.5,0.554,0.466,1.279,321 360 211 277 180 180
isoleucine,3,arginine,3,5,16,3,8.933,10.289,-0.55,46.0,76.5,0.0,0.423,0.945,353 31 80 315 275 120 152 202
isoleucine,3,arginine,3,5,16,4,8.933,10.289,-0.55,46.0,76.5,0.0,1.507,0.507,39 43 102 18 80 100 222 252 222 192
isoleucine,3,arginine,3,5,17,0,8.933,11.297,-0.55,41.8,32.7,9.218,0.772,2.907,349 360
isoleucine,3,arginine,3,5,17,1,8.933,11.297,-0.55,41.8,32.7,6.3274,0.672,1.757,348 360 210 278
isoleucine,3,arginine,3,5,17,2,8.933,11.297,-0.55,41.8,32.7,2.6566,0.672,1.683,348 0 149 83 180 180
isoleucine,3,arginine,3,5,17,3,8.933,11.297,-0.55,41.8,32.7,0.0,0.59,1.061,325 43 129 343 273 160 176 169
isoleucine,3,arginine,3,5,17,4,8.933,11.297,-0.55,41.8,32.7,0.0,0.555,1.16,342 38 77 322 283 112 142 218 200 168
isoleucine,3,arginine,3,5,18,0,8.933,8.833,-0.55,43.4,139.3,5.901,0.576,3.387,332 360
isoleucine,3,arginine,3,5,18,1,8.933,8.833,-0.55,43.4,139.3,3.2361,0.299,1.884,332 360 205 301
isoleucine,3,arginine,3,5,18,2,8.933,8.833,-0.55,43.4,139.3,0.0,0.473,0.687,321 41 160 284 226 165
isoleucine,3,arginine,3,5,18,3,8.933,8.833,-0.55,43.4,139.3,0.0,1.116,2.318,12 27 73 316 275 106 144 210
isoleucine,3,arginine,3,5,18,4,8.933,8.833,-0.55,43.4,139.3,0.0,0.875,2.368,3 11 52 336 299 85 120 244 214 155
isoleucine,3,arginine,3,6,16,0,8.933,10.179,-0.55,50.9,65.1,7.3838,1.533,3.532,42 360
isoleucine,3,arginine,3,6,16,1,8.933,10.179,-0.55,50.9,65.1,4.5994,1.556,0.855,43 360 208 290
isoleucine,3,arginine,3,6,16,2,8.933,10.179,-0.55,50.9,65.1,0.9286,1.556,0.863,43 0 208 290 180 180
isoleucine,3,arginine,3,6,16,3,8.933,10.179,-0.55,50.9,65.1,0.0,1.516,0.676,15 322 275 50 87 234 205 160
isoleucine,3,arginine,3,6,16,4,8.933,10.179,-0.55,50.9,65.1,0.0,0.784,0.619,320 344 286 288 289 255 174 79 131 200
isoleucine,3,arginine,3,6,17,0,8.933,10.844,-0.55,61.7,35.3,8.2384,1.377,3.372,22 0
isoleucine,3,arginine,3,6,17,1,8.933,10.844,-0.55,61.7,35.3,4.7899,1.375,0.367,23 360 154 138
isoleucine,3,arginine,3,6,17,2,8.933,10.844,-0.55,61.7,35.3,1.1191,1.007,0.384,23 360 153 138 180 180
isoleucine,3,arginine,3,6,17,3,8.933,10.844,-0.55,61.7,35.3,0.0,0.752,1.557,2 115 132 256 187 131 341 211
isoleucine,3,arginine,3,6,17,4,8.933,10.844,-0.55,61.7,35.3,0.0,1.014,0.687,318 330 285 311 316 230 155 70 119 202
isoleucine,3,arginine,3,6,18,0,8.933,8.517,-0.55,57.1,133.6,5.032,1.391,3.385,30 360
isoleucine,3,arginine,3,6,18,1,8.933,8.517,-0.55,57.1,133.6,1.8922,1.384,0.436,29 0 148 100
isoleucine,3,arginine,3,6,18,2,8.933,8.517,-0.55,57.1,133.6,0.0,1.663,0.909,10 306 248 91 128 210
isoleucine,3,arginine,3,6,18,3,8.933,8.517,-0.55,57.1,133.6,0.0,1.101,0.977,353 327 284 47 84 252 216 150
isoleucine,3,arginine,3,6,18,4,8.933,8.517,-0.55,57.1,133.6,0.0,1.663,0.178,290 321 279 306 318 253 186 79 126 205
isoleucine,3,lysine,5,4,13,0,7.506,6.832,0.362,154.3,54.0,3.7494,0.766,3.692,17 180
isoleucine,3,lysine,5,4,13,1,7.506,6.832,0.362,154.3,54.0,0.227,0.457,2.1,20 180 206 222
isoleucine,3,lysine,5,4,13,2,7.506,6.832,0.362,154.3,54.0,0.0,0.453,1.733,61 156 215 124 108 278
isoleucine,3,lysine,5,4,13,3,7.506,6.832,0.362,154.3,54.0,0.0,1.209,2.958,125 156 199 154 102 259 230 125
isoleucine,3,lysine,5,4,13,4,7.506,6.832,0.362,154.3,54.0,0.0,1.663,2.978,164 147 171 150 125 240 234 114 142 212
isoleucine,3,lysine,5,4,14,0,7.506,7.165,0.362,153.2,39.5,4.4172,0.881,5.336,94 180
isoleucine,3,lysine,5,4,14,1,7.506,7.165,0.362,153.2,39.5,0.8082,0.347,5.15,92 180 195 200
isoleucine,3,lysine,5,4,14,2,7.506,7.165,0.362,153.2,39.5,0.0,0.382,2.886,24 155 158 119 136 214
isoleucine,3,lysine,5,4,14,3,7.506,7.165,0.362,153.2,39.5,0.0,0.389,1.019,309 149 157 127 114 248 219 142
isoleucine,3,lysine,5,4,14,4,7.506,7.165,0.362,153.2,39.5,0.0,1.664,5.315,184 135 178 159 125 244 237 111 141 213
isoleucine,3,lysine,5,4,15,0,7.506,6.034,0.362,172.5,83.8,3.0743,1.728,6.405,149 180
isoleucine,3,lysine,5,4,15,1,7.506,6.034,0.362,172.5,83.8,0.627,1.728,6.017,144 180 180 360
isoleucine,3,lysine,5,4,15,2,7.506,6.034,0.362,172.5,83.8,0.0,0.444,3.332,53 170 171 96 117 238
isoleucine,3,lysine,5,4,15,3,7.506,6.034,0.362,172.5,83.8,0.0,0.414,3.166,284 161 180 132 75 282 254 100
isoleucine,3,lysine,5,4,15,4,7.506,6.034,0.362,172.5,83.8,0.0,0.443,0.587,340 132 170 167 90 257 270 47 99 254
isoleucine,3,lysine,5,5,13,0,7.506,8.783,0.362,64.4,49.9,5.9824,1.582,5.162,269 360
isoleucine,3,lysine,5,5,13,1,7.506,8.783,0.362,64.4,49.9,2.7889,1.101,3.553,270 360 212 252
isoleucine,3,lysine,5,5,13,2,7.506,8.783,0.362,64.4,49.9,0.0,1.118,1.95,262 70 135 244 223 173
isoleucine,3,lysine,5,5,13,3,7.506,8.783,0.362,64.4,49.9,0.0,1.008,2.974,227 134 118 217 219 138 154 202
isoleucine,3,lysine,5,5,13,4,7.506,8.783,0.362,64.4,49.9,0.0,1.621,2.971,199 153 140 215 220 128 137 223 204 160
isoleucine,3,lysine,5,5,14,0,7.506,8.715,0.362,79.1,52.8,5.6068,1.728,5.451,272 318
isoleucine,3,lysine,5,5,14,1,7.506,8.715,0.362,79.1,52.8,1.936,0.962,5.422,233 43 180 180
isoleucine,3,lysine,5,5,14,2,7.506,8.715,0.362,79.1,52.8,0.0,1.664,5.234,230 117 130 223 203 161
isoleucine,3,lysine,5,5,14,3,7.506,8.715,0.362,79.1,52.8,0.0,1.461,5.061,198 140 132 228 221 139 157 199
isoleucine,3,lysine,5,5,14,4,7.506,8.715,0.362,79.1,52.8,0.0,1.664,5.085,182 160 144 216 222 128 136 222 204 160
isoleucine,3,lysine,5,5,15,0,7.506,8.043,0.362,66.1,78.6,4.5716,1.728,6.03,236 0
isoleucine,3,lysine,5,5,15,1,7.506,8.043,0.362,66.1,78.6,1.2846,1.422,5.914,235 0 211 246
isoleucine,3,lysine,5,5,15,2,7.506,8.043,0.362,66.1,78.6,0.0,0.859,5.54,240 84 104 226 204 160
isoleucine,3,lysine,5,5,15,3,7.506,8.043,0.362,66.1,78.6,0.0,0.944,4.104,234 138 93 203 224 127 145 214
isoleucine,3,lysine,5,5,15,4,7.506,8.043,0.362,66.1,78.6,0.0,1.663,3.48,260 25 47 313 299 108 129 252 221 149
isoleucine,3,lysine,5,6,13,0,7.506,9.236,0.362,45.6,56.2,6.6022,1.729,5.123,100 0
isoleucine,3,lysine,5,6,13,1,7.506,9.236,0.362,45.6,56.2,3.7665,1.729,4.081,101 360 209 285
isoleucine,3,lysine,5,6,13,2,7.506,9.236,0.362,45.6,56.2,0.0956,1.218,1.807,101 0 151 75 180 180
isoleucine,3,lysine,5,6,13,3,7.506,9.236,0.362,45.6,56.2,0.0,1.45,1.637,89 278 253 108 130 219 200 165
isoleucine,3,lysine,5,6,13,4,7.506,9.236,0.362,45.6,56.2,0.0,1.422,1.932,31 343 304 55 86 254 231 140 159 196
isoleucine,3,lysine,5,6,14,0,7.506,9.579,0.362,44.7,40.8,7.3604,1.729,6.375,144 360
isoleucine,3,lysine,5,6,14,1,7.506,9.579,0.362,44.7,40.8,4.5379,1.729,6.371,143 360 209 285
isoleucine,3,lysine,5,6,14,2,7.506,9.579,0.362,44.7,40.8,0.8671,1.524,5.95,143 0 210 284 180 180
isoleucine,3,lysine,5,6,14,3,7.506,9.579,0.362,44.7,40.8,0.0,1.112,4.046,97 309 247 97 140 214 198 173
isoleucine,3,lysine,5,6,14,4,7.506,9.579,0.362,44.7,40.8,0.0,0.673,2.908,56 327 288 75 106 237 220 158 169 188
isoleucine,3,lysine,5,6,15,0,7.506,8.284,0.362,56.7,92.1,4.7216,1.729,6.049,124 0
isoleucine,3,lysine,5,6,15,1,7.506,8.284,0.362,56.7,92.1,1.6358,1.729,5.586,124 360 149 89
isoleucine,3,lysine,5,6,15,2,7.506,8.284,0.362,56.7,92.1,0.0,1.663,3.879,103 291 248 105 143 208
isoleucine,3,lysine,5,6,15,3,7.506,8.284,0.362,56.7,92.1,0.0,1.605,2.462,44 323 283 80 115 239 210 157
isoleucine,3,lysine,5,6,15,4,7.506,8.284,0.362,56.7,92.1,0.0,1.463,2.321,21 347 309 66 95 257 236 141 160 196
isoleucine,3,aspartic,21,4,3,0,12.2,12.61,-0.846,125.8,28.0,10.0784,1.728,3.255,325 135
isoleucine,3,aspartic,21,4,3,1,12.2,12.61,-0.846,125.8,28.0,6.4076,1.626,0.528,18 225 180 180
isoleucine,3,aspartic,21,4,3,2,12.2,12.61,-0.846,125.8,28.0,2.8058,1.291,0.427,26 230 180 180 180 180
isoleucine,3,aspartic,21,4,3,3,12.2,12.61,-0.846,125.8,28.0,0.0,1.355,0.951,41 240 194 153 274 172 174 130
isoleucine,3,aspartic,21,4,3,4,12.2,12.61,-0.846,125.8,28.0,0.0,1.15,0.801,332 149 174 351 325 121 136 206 195 169
isoleucine,3,aspartic,21,4,4,0,12.2,11.584,-0.846,122.7,74.9,8.0075,1.728,3.549,295 119
isoleucine,3,aspartic,21,4,4,1,12.2,11.584,-0.846,122.7,74.9,4.3367,1.728,1.459,295 118 180 180
isoleucine,3,aspartic,21,4,4,2,12.2,11.584,-0.846,122.7,74.9,0.735,1.575,1.028,3 244 180 180 180 180
isoleucine,3,aspartic,21,4,4,3,12.2,11.584,-0.846,122.7,74.9,0.0,1.663,4.067,250 160 172 235 226 157 170 190
isoleucine,3,aspartic,21,4,4,4,12.2,11.584,-0.846,122.7,74.9,0.0,1.663,4.875,227 148 161 252 244 152 164 204 194 171
isoleucine,3,aspartic,21,4,5,0,12.2,10.985,-0.846,116.6,97.3,7.1462,1.652,3.041,16 256
isoleucine,3,aspartic,21,4,5,1,12.2,10.985,-0.846,116.6,97.3,3.4753,1.728,0.559,312 104 180 180
isoleucine,3,aspartic,21,4,5,2,12.2,10.985,-0.846,116.6,97.3,0.0,1.663,0.781,309 135 133 170 197 187
isoleucine,3,aspartic,21,4,5,3,12.2,10.985,-0.846,116.6,97.3,0.0,0.76,0.581,27 337 39 343 293 107 145 206
isoleucine,3,aspartic,21,4,5,4,12.2,10.985,-0.846,116.6,97.3,0.0,1.655,1.073,48 209 291 30 360 169 65 306 303 171
isoleucine,3,aspartic,21,5,3,0,12.2,14.727,-0.846,38.5,29.6,12.7128,1.445,4.739,286 0
isoleucine,3,aspartic,21,5,3,1,12.2,14.727,-0.846,38.5,29.6,9.8025,1.444,2.619,286 0 149 86
isoleucine,3,aspartic,21,5,3,2,12.2,14.727,-0.846,38.5,29.6,6.1317,1.444,0.292,286 360 149 86 180 180
isoleucine,3,aspartic,21,5,3,3,12.2,14.727,-0.846,38.5,29.6,2.53,1.444,0.578,286 0 143 88 180 180 180 180
isoleucine,3,aspartic,21,5,3,4,12.2,14.727,-0.846,38.5,29.6,0.0,1.622,0.897,271 44 125 335 274 151 166 146 163 195
isoleucine,3,aspartic,21,5,4,0,12.2,13.789,-0.846,29.3,72.8,11.4645,1.629,4.907,278 360
isoleucine,3,aspartic,21,5,4,1,12.2,13.789,-0.846,29.3,72.8,9.1109,1.649,3.077,278 360 169 22
isoleucine,3,aspartic,21,5,4,2,12.2,13.789,-0.846,29.3,72.8,5.4401,1.649,1.145,278 360 168 24 180 180
isoleucine,3,aspartic,21,5,4,3,12.2,13.789,-0.846,29.3,72.8,1.8384,1.355,1.112,278 0 158 41 180 180 180 180
isoleucine,3,aspartic,21,5,4,4,12.2,13.789,-0.846,29.3,72.8,0.0,0.822,0.883,280 57 100 293 258 147 163 182 181 181
isoleucine,3,aspartic,21,5,5,0,12.2,12.961,-0.846,35.5,104.1,9.9444,1.137,4.549,298 0
isoleucine,3,aspartic,21,5,5,1,12.2,12.961,-0.846,35.5,104.1,7.312,1.139,1.846,298 360 205 301
isoleucine,3,aspartic,21,5,5,2,12.2,12.961,-0.846,35.5,104.1,3.6412,1.139,0.67,298 360 154 60 180 180
isoleucine,3,aspartic,21,5,5,3,12.2,12.961,-0.846,35.5,104.1,0.0394,1.139,0.307,298 360 212 294 180 180 180 180
isoleucine,3,aspartic,21,5,5,4,12.2,12.961,-0.846,35.5,104.1,0.0,0.525,0.476,308 38 80 311 276 121 144 202 191 173
isoleucine,3,aspartic,21,6,3,0,12.2,14.241,-0.846,60.9,20.3,12.1723,1.729,4.239,73 360
isoleucine,3,aspartic,21,6,3,1,12.2,14.241,-0.846,60.9,20.3,8.937,1.729,2.311,74 0 211 243
isoleucine,3,aspartic,21,6,3,2,12.2,14.241,-0.846,60.9,20.3,5.2662,1.489,1.262,74 0 212 243 180 180
isoleucine,3,aspartic,21,6,3,3,12.2,14.241,-0.846,60.9,20.3,1.6645,0.496,0.966,74 360 142 115 180 180 180 180
isoleucine,3,aspartic,21,6,3,4,12.2,14.241,-0.846,60.9,20.3,0.0,0.328,0.633,57 327 268 31 70 218 197 181 181 176
isoleucine,3,aspartic,21,6,4,0,12.2,12.922,-0.846,69.8,82.7,9.256,1.729,4.127,68 360
isoleucine,3,aspartic,21,6,4,1,12.2,12.922,-0.846,69.8,82.7,5.6612,1.729,2.371,68 0 175 173
isoleucine,3,aspartic,21,6,4,2,12.2,12.922,-0.846,69.8,82.7,1.9903,1.729,1.624,68 360 171 169 180 180
isoleucine,3,aspartic,21,6,4,3,12.2,12.922,-0.846,69.8,82.7,0.0,1.663,3.77,107 246 217 131 151 197 187 175
isoleucine,3,aspartic,21,6,4,4,12.2,12.922,-0.846,69.8,82.7,0.0,1.656,4.915,128 224 214 133 144 215 204 159 169 188
isoleucine,3,aspartic,21,6,5,0,12.2,12.411,-0.846,61.1,102.0,8.7298,1.729,3.935,59 360
isoleucine,3,aspartic,21,6,5,1,12.2,12.411,-0.846,61.1,102.0,5.413,1.729,1.473,59 360 150 123
isoleucine,3,aspartic,21,6,5,2,12.2,12.411,-0.846,61.1,102.0,1.7422,1.729,0.978,59 360 211 238 180 180
isoleucine,3,aspartic,21,6,5,3,12.2,12.411,-0.846,61.1,102.0,0.0,1.468,0.925,34 337 264 23 69 211 189 176
isoleucine,3,aspartic,21,6,5,4,12.2,12.411,-0.846,61.1,102.0,0.0,1.42,2.293,27 346 305 37 68 246 222 140 158 195
isoleucine,3,glutamic,22,4,4,0,8.368,8.814,-0.682,84.5,77.9,5.2006,0.57,3.235,9 48
isoleucine,3,glutamic,22,4,4,1,8.368,8.814,-0.682,84.5,77.9,1.5298,0.584,1.463,53 311 180 180
isoleucine,3,glutamic,22,4,4,2,8.368,8.814,-0.682,84.5,77.9,0.0,0.86,0.539,360 325 262 118 141 191
isoleucine,3,glutamic,22,4,4,3,8.368,8.814,-0.682,84.5,77.9,0.0,1.373,0.72,329 2 313 33 76 257 218 149
isoleucine,3,glutamic,22,4,4,4,8.368,8.814,-0.682,84.5,77.9,0.0,1.664,0.404,285 346 308 301 305 239 200 50 106 224
isoleucine,3,glutamic,22,4,5,0,8.368,9.696,-0.682,74.6,42.3,6.8516,1.008,2.725,9 360
isoleucine,3,glutamic,22,4,5,1,8.368,9.696,-0.682,74.6,42.3,3.2396,1.004,0.795,9 0 180 180
isoleucine,3,glutamic,22,4,5,2,8.368,9.696,-0.682,74.6,42.3,0.0,1.525,0.688,3 346 192 168 121 122
isoleucine,3,glutamic,22,4,5,3,8.368,9.696,-0.682,74.6,42.3,0.0,1.374,0.244,332 356 296 16 75 265 217 149
isoleucine,3,glutamic,22,4,5,4,8.368,9.696,-0.682,74.6,42.3,0.0,1.322,0.473,337 6 321 10 51 278 242 115 145 205
isoleucine,3,glutamic,22,4,6,0,8.368,9.147,-0.682,69.0,65.5,5.8936,0.374,3.447,39 360
isoleucine,3,glutamic,22,4,6,1,8.368,9.147,-0.682,69.0,65.5,2.5561,0.408,2.271,40 0 150 121
isoleucine,3,glutamic,22,4,6,2,8.368,9.147,-0.682,69.0,65.5,0.0,0.802,1.06,28 305 237 124 136 185
isoleucine,3,glutamic,22,4,6,3,8.368,9.147,-0.682,69.0,65.5,0.0,0.982,0.712,347 336 294 48 83 249 214 151
isoleucine,3,glutamic,22,4,6,4,8.368,9.147,-0.682,69.0,65.5,0.0,0.858,3.6,38 119 108 265 152 215 11 37 351 337
isoleucine,3,glutamic,22,5,4,0,8.368,9.057,-0.682,75.5,70.1,5.5864,0.735,3.864,318 360
isoleucine,3,glutamic,22,5,4,1,8.368,9.057,-0.682,75.5,70.1,1.9441,0.612,2.524,319 360 180 180
isoleucine,3,glutamic,22,5,4,2,8.368,9.057,-0.682,75.5,70.1,0.0,0.6,2.372,342 44 115 241 224 176
isoleucine,3,glutamic,22,5,4,3,8.368,9.057,-0.682,75.5,70.1,0.0,1.393,2.298,17 7 53 317 280 112 146 208
isoleucine,3,glutamic,22,5,4,4,8.368,9.057,-0.682,75.5,70.1,0.0,1.664,1.251,57 5 61 80 48 121 162 281 234 145
isoleucine,3,glutamic,22,5,5,0,8.368,9.834,-0.682,69.4,36.8,7.2544,0.679,2.98,346 360
isoleucine,3,glutamic,22,5,5,1,8.368,9.834,-0.682,69.4,36.8,3.9013,0.7,2.351,347 0 151 126
isoleucine,3,glutamic,22,5,5,2,8.368,9.834,-0.682,69.4,36.8,0.2305,0.656,2.366,347 0 150 126 180 180
isoleucine,3,glutamic,22,5,5,3,8.368,9.834,-0.682,69.4,36.8,0.0,0.721,2.271,17 13 76 343 280 102 147 205
isoleucine,3,glutamic,22,5,5,4,8.368,9.834,-0.682,69.4,36.8,0.0,0.777,2.346,6 7 51 341 298 92 130 243 215 157
isoleucine,3,glutamic,22,5,6,0,8.368,8.766,-0.682,83.1,80.9,5.1075,0.532,3.271,322 43
isoleucine,3,glutamic,22,5,6,1,8.368,8.766,-0.682,83.1,80.9,1.4367,0.528,2.78,322 44 180 180
isoleucine,3,glutamic,22,5,6,2,8.368,8.766,-0.682,83.1,80.9,0.0,0.653,3.596,330 255 328 83 307 150
isoleucine,3,glutamic,22,5,6,3,8.368,8.766,-0.682,83.1,80.9,0.0,1.457,2.166,28 358 48 325 283 103 142 211
isoleucine,3,glutamic,22,5,6,4,8.368,8.766,-0.682,83.1,80.9,0.0,1.663,0.79,71 11 87 52 39 196 41 76 182 299
isoleucine,3,glutamic,22,6,4,0,8.368,10.135,-0.682,27.1,65.3,8.1388,1.375,3.369,23 360
isoleucine,3,glutamic,22,6,4,1,8.368,10.135,-0.682,27.1,65.3,5.9773,1.374,1.059,25 0 180 0
isoleucine,3,glutamic,22,6,4,2,8.368,10.135,-0.682,27.1,65.3,2.3543,1.272,0.489,26 360 180 0 180 180
isoleucine,3,glutamic,22,6,4,3,8.368,10.135,-0.682,27.1,65.3,0.0,1.664,0.268,42 302 230 69 125 207 190 178
isoleucine,3,glutamic,22,6,4,4,8.368,10.135,-0.682,27.1,65.3,0.0,1.664,0.706,34 318 282 53 87 250 222 137 157 196
isoleucine,3,glutamic,22,6,5,0,8.368,10.516,-0.682,40.5,49.6,7.9761,1.559,3.157,6 0
isoleucine,3,glutamic,22,6,5,1,8.368,10.516,-0.682,40.5,49.6,5.098,1.567,0.827,5 360 210 281
isoleucine,3,glutamic,22,6,5,2,8.368,10.516,-0.682,40.5,49.6,1.4272,1.481,0.842,5 360 150 79 180 180
isoleucine,3,glutamic,22,6,5,3,8.368,10.516,-0.682,40.5,49.6,0.0,1.498,0.712,347 329 267 30 91 235 203 166
isoleucine,3,glutamic,22,6,5,4,8.368,10.516,-0.682,40.5,49.6,0.0,1.502,1.506,359 335 295 34 73 258 224 128 152 199
isoleucine,3,glutamic,22,6,6,0,8.368,9.951,-0.682,33.5,72.2,7.3687,1.334,2.81,335 0
isoleucine,3,glutamic,22,6,6,1,8.368,9.951,-0.682,33.5,72.2,4.8699,1.333,0.774,335 0 199 320
isoleucine,3,glutamic,22,6,6,2,8.368,9.951,-0.682,33.5,72.2,1.199,1.333,0.621,335 360 199 318 180 180
isoleucine,3,glutamic,22,6,6,3,8.368,9.951,-0.682,33.5,72.2,0.0,1.663,0.755,346 45 93 307 267 122 153 201
isoleucine,3,glutamic,22,6,6,4,8.368,9.951,-0.682,33.5,72.2,0.0,1.662,1.142,342 28 66 320 286 97 129 233 208 160
isoleucine,3,leucine,13,4,1,0,11.172,11.314,0.721,29.8,138.8,8.7778,1.378,2.788,341 360
isoleucine,3,leucine,13,4,1,1,11.172,11.314,0.721,29.8,138.8,6.3819,1.38,0.975,341 360 194 331
isoleucine,3,leucine,13,4,1,2,11.172,11.314,0.721,29.8,138.8,2.7111,1.38,0.833,341 360 165 31 180 180
isoleucine,3,leucine,13,4,1,3,11.172,11.314,0.721,29.8,138.8,0.0,1.625,0.405,334 51 127 299 254 165 179 181
isoleucine,3,leucine,13,4,1,4,11.172,11.314,0.721,29.8,138.8,0.0,1.625,1.025,323 46 82 308 274 115 143 219 201 166
isoleucine,3,leucine,13,4,2,0,11.172,13.748,0.721,27.8,33.8,12.118,1.464,3.063,321 0
isoleucine,3,leucine,13,4,2,1,11.172,13.748,0.721,27.8,33.8,9.6041,1.45,1.192,322 360 201 312
isoleucine,3,leucine,13,4,2,2,11.172,13.748,0.721,27.8,33.8,5.9333,1.45,0.695,322 0 158 49 180 180
isoleucine,3,leucine,13,4,2,3,11.172,13.748,0.721,27.8,33.8,2.3316,1.45,0.63,322 0 151 58 180 180 180 180
isoleucine,3,leucine,13,4,2,4,11.172,13.748,0.721,27.8,33.8,0.0,1.563,1.577,291 71 119 293 251 162 177 174 178 186
isoleucine,3,leucine,13,4,13,0,11.172,12.399,0.721,21.1,90.5,10.133,1.529,2.681,353 360
isoleucine,3,leucine,13,4,13,1,11.172,12.399,0.721,21.1,90.5,8.034,1.562,0.905,355 360 180 0
isoleucine,3,leucine,13,4,13,2,11.172,12.399,0.721,21.1,90.5,4.4366,1.543,0.463,356 0 180 0 174 172
isoleucine,3,leucine,13,4,13,3,11.172,12.399,0.721,21.1,90.5,0.7658,1.543,0.522,356 360 180 360 171 168 180 180
isoleucine,3,leucine,13,4,13,4,11.172,12.399,0.721,21.1,90.5,0.0,1.663,1.624,306 64 105 289 248 134 155 198 189 175
isoleucine,3,leucine,13,5,1,0,11.172,10.446,0.721,69.5,128.8,6.6876,1.572,3.092,41 0
isoleucine,3,leucine,13,5,1,1,11.172,10.446,0.721,69.5,128.8,3.1447,1.579,1.116,41 360 160 151
isoleucine,3,leucine,13,5,1,2,11.172,10.446,0.721,69.5,128.8,0.0,1.489,0.495,36 324 215 151 135 163
isoleucine,3,leucine,13,5,1,3,11.172,10.446,0.721,69.5,128.8,0.0,0.57,1.776,351 343 297 45 79 239 208 156
isoleucine,3,leucine,13,5,1,4,11.172,10.446,0.721,69.5,128.8,0.0,0.881,1.327,308 336 296 299 304 226 191 87 122 214
isoleucine,3,leucine,13,5,2,0,11.172,12.759,0.721,73.6,30.5,10.2034,1.728,3.365,50 0
isoleucine,3,leucine,13,5,2,1,11.172,12.759,0.721,73.6,30.5,6.6192,1.728,1.572,50 0 180 180
isoleucine,3,leucine,13,5,2,2,11.172,12.759,0.721,73.6,30.5,2.9484,1.728,1.683,50 360 187 189 180 180
isoleucine,3,leucine,13,5,2,3,11.172,12.759,0.721,73.6,30.5,0.0,1.459,1.15,43 32 152 248 68 158 177 190
isoleucine,3,leucine,13,5,2,4,11.172,12.759,0.721,73.6,30.5,0.0,0.483,0.649,345 330 281 305 302 193 165 120 140 199
isoleucine,3,leucine,13,5,13,0,11.172,11.085,0.721,82.3,100.7,7.2264,1.697,3.193,55 334
isoleucine,3,leucine,13,5,13,1,11.172,11.085,0.721,82.3,100.7,3.5556,1.711,1.423,28 28 180 180
isoleucine,3,leucine,13,5,13,2,11.172,11.085,0.721,82.3,100.7,0.0,1.546,1.22,18 40 201 202 165 171
isoleucine,3,leucine,13,5,13,3,11.172,11.085,0.721,82.3,100.7,0.0,0.601,2.563,353 350 300 40 74 230 203 161
isoleucine,3,leucine,13,5,13,4,11.172,11.085,0.721,82.3,100.7,0.0,0.665,2.396,69 265 174 247 14 324 289 155 338 101
isoleucine,3,leucine,13,6,1,0,11.172,9.803,0.721,93.6,141.6,6.1619,1.729,2.853,355 309
isoleucine,3,leucine,13,6,1,1,11.172,9.803,0.721,93.6,141.6,2.4911,1.729,0.539,309 52 180 180
isoleucine,3,leucine,13,6,1,2,11.172,9.803,0.721,93.6,141.6,0.0,1.662,1.051,357 44 99 217 210 190
isoleucine,3,leucine,13,6,1,3,11.172,9.803,0.721,93.6,141.6,0.0,1.384,2.013,28 2 48 322 283 107 144 210
isoleucine,3,leucine,13,6,1,4,11.172,9.803,0.721,93.6,141.6,0.0,1.662,1.332,60 26 50 50 45 140 169 322 261 117
isoleucine,3,leucine,13,6,2,0,11.172,12.163,0.721,95.9,40.4,9.3225,1.729,3.052,305 79
isoleucine,3,leucine,13,6,2,1,11.172,12.163,0.721,95.9,40.4,5.6517,1.729,1.651,305 79 180 180
isoleucine,3,leucine,13,6,2,2,11.172,12.163,0.721,95.9,40.4,2.05,1.729,1.739,299 83 180 180 180 180
isoleucine,3,leucine,13,6,2,3,11.172,12.163,0.721,95.9,40.4,0.0,1.099,1.316,11 299 124 88 281 295 92 229
isoleucine,3,leucine,13,6,2,4,11.172,12.163,0.721,95.9,40.4,0.0,1.663,1.114,332 137 73 134 233 284 313 190 37 63
isoleucine,3,leucine,13,6,13,0,11.172,10.859,0.721,90.7,92.9,7.0544,1.729,2.958,344 310
isoleucine,3,leucine,13,6,13,1,11.172,10.859,0.721,90.7,92.9,3.3836,1.729,1.56,344 309 180 180
isoleucine,3,leucine,13,6,13,2,11.172,10.859,0.721,90.7,92.9,0.0,1.663,1.521,295 84 121 166 197 225
isoleucine,3,leucine,13,6,13,3,11.172,10.859,0.721,90.7,92.9,0.0,1.433,2.221,13 3 53 322 287 125 154 202
isoleucine,3,leucine,13,6,13,4,11.172,10.859,0.721,90.7,92.9,0.0,1.663,2.877,294 279 295 126 209 156 208 176 45 14
isoleucine,3,serine,31,4,3,0,11.103,11.422,-0.754,115.6,37.6,8.6568,1.43,3.196,54 267
isoleucine,3,serine,31,4,3,1,11.103,11.422,-0.754,115.6,37.6,4.986,1.439,1.016,350 93 180 180
isoleucine,3,serine,31,4,3,2,11.103,11.422,-0.754,115.6,37.6,1.3842,1.412,1.081,60 266 180 180 180 180
isoleucine,3,serine,31,4,3,3,11.103,11.422,-0.754,115.6,37.6,0.0,1.492,1.041,346 8 294 359 42 216 189 174
isoleucine,3,serine,31,4,3,4,11.103,11.422,-0.754,115.6,37.6,0.0,1.258,0.575,332 32 331 346 41 306 269 133 157 196
isoleucine,3,serine,31,4,4,0,11.103,10.965,-0.754,126.1,58.6,7.7059,1.728,3.304,341 140
isoleucine,3,serine,31,4,4,1,11.103,10.965,-0.754,126.1,58.6,4.0351,1.728,0.75,340 139 180 180
isoleucine,3,serine,31,4,4,2,11.103,10.965,-0.754,126.1,58.6,0.4333,1.728,0.678,332 133 180 180 180 180
isoleucine,3,serine,31,4,4,3,11.103,10.965,-0.754,126.1,58.6,0.0,0.626,0.404,8 235 48 201 104 169 5 79
isoleucine,3,serine,31,4,4,4,11.103,10.965,-0.754,126.1,58.6,0.0,0.72,1.172,60 250 225 36 53 242 218 129 152 200
isoleucine,3,serine,31,4,5,0,11.103,9.355,-0.754,115.4,122.1,5.5077,1.728,3.061,341 109
isoleucine,3,serine,31,4,5,1,11.103,9.355,-0.754,115.4,122.1,1.8369,1.617,0.558,44 251 180 180
isoleucine,3,serine,31,4,5,2,11.103,9.355,-0.754,115.4,122.1,0.0,1.646,0.439,48 154 295 241 26 162
isoleucine,3,serine,31,4,5,3,11.103,9.355,-0.754,115.4,122.1,0.0,1.425,0.678,322 19 324 26 73 265 222 146
isoleucine,3,serine,31,4,5,4,11.103,9.355,-0.754,115.4,122.1,0.0,1.661,1.007,112 262 139 292 343 72 12 40 94 164
isoleucine,3,serine,31,5,3,0,11.103,12.772,-0.754,63.3,47.1,9.8541,0.983,4.356,305 360
isoleucine,3,serine,31,5,3,1,11.103,12.772,-0.754,63.3,47.1,6.3778,0.993,2.119,305 0 203 216
isoleucine,3,serine,31,5,3,2,11.103,12.772,-0.754,63.3,47.1,2.707,0.993,1.458,305 360 204 217 180 180
isoleucine,3,serine,31,5,3,3,11.103,12.772,-0.754,63.3,47.1,0.0,0.603,0.512,317 5 149 56 318 172 191 163
isoleucine,3,serine,31,5,3,4,11.103,12.772,-0.754,63.3,47.1,0.0,0.47,2.502,329 17 61 326 295 123 147 212 198 169
isoleucine,3,serine,31,5,4,0,11.103,12.705,-0.754,56.6,50.1,9.9698,1.51,4.795,283 360
isoleucine,3,serine,31,5,4,1,11.103,12.705,-0.754,56.6,50.1,6.8388,1.524,2.808,283 0 148 105
isoleucine,3,serine,31,5,4,2,11.103,12.705,-0.754,56.6,50.1,3.1679,1.524,0.757,283 0 148 105 180 180
isoleucine,3,serine,31,5,4,3,11.103,12.705,-0.754,56.6,50.1,0.0,1.631,0.62,278 360 157 37 270 184 171 183
isoleucine,3,serine,31,5,4,4,11.103,12.705,-0.754,56.6,50.1,0.0,0.259,0.955,316 24 68 315 283 128 149 205 193 172
isoleucine,3,serine,31,5,5,0,11.103,10.897,-0.754,55.4,122.2,7.3267,1.128,4.545,299 0
isoleucine,3,serine,31,5,5,1,11.103,10.897,-0.754,55.4,122.2,4.1785,1.109,1.793,300 0 148 103
isoleucine,3,serine,31,5,5,2,11.103,10.897,-0.754,55.4,122.2,0.5077,1.109,0.664,300 360 212 257 180 180
isoleucine,3,serine,31,5,5,3,11.103,10.897,-0.754,55.4,122.2,0.0,0.681,0.633,339 25 80 315 274 130 158 197
isoleucine,3,serine,31,5,5,4,11.103,10.897,-0.754,55.4,122.2,0.0,0.701,0.788,342 10 50 321 290 104 129 228 206 161
isoleucine,3,serine,31,6,3,0,11.103,13.404,-0.754,33.7,41.5,11.521,1.702,3.717,50 360
isoleucine,3,serine,31,6,3,1,11.103,13.404,-0.754,33.7,41.5,8.9601,1.697,1.254,50 360 157 53
isoleucine,3,serine,31,6,3,2,11.103,13.404,-0.754,33.7,41.5,5.2892,1.697,0.275,50 360 156 54 180 180
isoleucine,3,serine,31,6,3,3,11.103,13.404,-0.754,33.7,41.5,1.6875,1.64,0.643,50 0 149 62 180 180 180 180
isoleucine,3,serine,31,6,3,4,11.103,13.404,-0.754,33.7,41.5,0.0,0.836,1.106,74 299 257 59 95 216 198 175 178 179
isoleucine,3,serine,31,6,4,0,11.103,13.033,-0.754,41.5,58.4,10.2914,1.729,4.324,76 0
isoleucine,3,serine,31,6,4,1,11.103,13.033,-0.754,41.5,58.4,7.3675,1.729,2.28,76 0 149 85
isoleucine,3,serine,31,6,4,2,11.103,13.033,-0.754,41.5,58.4,3.6967,1.729,0.513,76 360 211 274 180 180
isoleucine,3,serine,31,6,4,3,11.103,13.033,-0.754,41.5,58.4,0.0949,1.713,0.708,76 360 143 88 180 180 180 180
isoleucine,3,serine,31,6,4,4,11.103,13.033,-0.754,41.5,58.4,0.0,1.618,0.687,52 329 284 46 82 233 211 161 170 185
isoleucine,3,serine,31,6,5,0,11.103,11.241,-0.754,39.4,131.0,8.2727,1.729,4.081,66 0
isoleucine,3,serine,31,6,5,1,11.103,11.241,-0.754,39.4,131.0,5.629,1.729,2.131,67 360 205 301
isoleucine,3,serine,31,6,5,2,11.103,11.241,-0.754,39.4,131.0,1.9581,1.729,0.872,67 0 154 60 180 180
isoleucine,3,serine,31,6,5,3,11.103,11.241,-0.754,39.4,131.0,0.0,1.661,0.433,49 313 256 58 93 209 190 173
isoleucine,3,serine,31,6,5,4,11.103,11.241,-0.754,39.4,131.0,0.0,1.49,0.579,35 334 294 47 80 251 225 142 160 194
isoleucine,3,tryptophan,5,4,16,0,9.479,7.057,0.763,171.8,121.1,3.8044,1.65,3.682,16 180
isoleucine,3,tryptophan,5,4,16,1,9.479,7.057,0.763,171.8,121.1,1.142,1.687,2.422,13 180 203 308
isoleucine,3,tryptophan,5,4,16,2,9.479,7.057,0.763,171.8,121.1,0.0,1.168,2.513,7 165 157 103 129 216
isoleucine,3,tryptophan,5,4,16,3,9.479,7.057,0.763,171.8,121.1,0.0,0.639,3.516,223 177 165 126 95 243 222 136
isoleucine,3,tryptophan,5,4,16,4,9.479,7.057,0.763,171.8,121.1,0.0,1.663,4.871,134 143 136 317 313 297 257 60 113 230
isoleucine,3,tryptophan,5,4,17,0,9.479,7.416,0.763,168.1,105.2,3.9497,1.728,5.33,258 180
isoleucine,3,tryptophan,5,4,17,1,9.479,7.416,0.763,168.1,105.2,1.1411,1.706,4.817,268 180 154 64
isoleucine,3,tryptophan,5,4,17,2,9.479,7.416,0.763,168.1,105.2,0.0,1.401,4.008,300 199 204 243 218 151
isoleucine,3,tryptophan,5,4,17,3,9.479,7.416,0.763,168.1,105.2,0.0,0.432,1.719,35 193 198 237 249 115 139 215
isoleucine,3,tryptophan,5,4,17,4,9.479,7.416,0.763,168.1,105.2,0.0,1.663,5.578,118 200 197 187 247 136 126 256 227 140
isoleucine,3,tryptophan,5,4,18,0,9.479,9.211,0.763,179.4,32.0,7.0505,1.728,6.37,145 180
isoleucine,3,tryptophan,5,4,18,1,9.479,9.211,0.763,179.4,32.0,4.1296,1.728,6.378,146 180 210 279
isoleucine,3,tryptophan,5,4,18,2,9.479,9.211,0.763,179.4,32.0,0.4588,1.728,6.162,146 180 211 279 180 180
isoleucine,3,tryptophan,5,4,18,3,9.479,9.211,0.763,179.4,32.0,0.0,1.266,5.132,253 161 187 148 73 333 47 254
isoleucine,3,tryptophan,5,4,18,4,9.479,9.211,0.763,179.4,32.0,0.0,1.64,2.104,357 155 181 250 288 152 137 258 231 133
isoleucine,3,tryptophan,5,5,16,0,9.479,9.116,0.763,64.7,129.1,5.5002,1.728,5.951,242 0
isoleucine,3,tryptophan,5,5,16,1,9.479,9.116,0.763,64.7,129.1,2.2357,1.728,5.877,240 0 149 113
isoleucine,3,tryptophan,5,5,16,2,9.479,9.116,0.763,64.7,129.1,0.0,1.663,4.665,245 77 110 242 214 155
isoleucine,3,tryptophan,5,5,16,3,9.479,9.116,0.763,64.7,129.1,0.0,1.069,2.507,288 44 58 303 291 124 152 209
isoleucine,3,tryptophan,5,5,16,4,9.479,9.116,0.763,64.7,129.1,0.0,1.663,4.636,193 162 139 209 218 124 132 230 208 157
isoleucine,3,tryptophan,5,5,17,0,9.479,9.644,0.763,57.6,105.1,6.0379,1.728,6.104,229 0
isoleucine,3,tryptophan,5,5,17,1,9.479,9.644,0.763,57.6,105.1,2.8917,1.728,6.11,228 360 212 258
isoleucine,3,tryptophan,5,5,17,2,9.479,9.644,0.763,57.6,105.1,0.0,1.663,5.353,215 68 145 250 213 165
isoleucine,3,tryptophan,5,5,17,3,9.479,9.644,0.763,57.6,105.1,0.0,1.375,3.851,246 87 103 239 224 146 162 194
isoleucine,3,tryptophan,5,5,17,4,9.479,9.644,0.763,57.6,105.1,0.0,1.571,4.394,281 9 39 318 288 98 126 238 211 157
isoleucine,3,tryptophan,5,5,18,0,9.479,11.291,0.763,65.2,39.2,8.5243,1.728,6.025,236 0
isoleucine,3,tryptophan,5,5,18,1,9.479,11.291,0.763,65.2,39.2,4.9557,1.728,6.021,236 0 194 200
isoleucine,3,tryptophan,5,5,18,2,9.479,11.291,0.763,65.2,39.2,1.2849,1.728,5.875,236 0 164 159 180 180
isoleucine,3,tryptophan,5,5,18,3,9.479,11.291,0.763,65.2,39.2,0.0,1.664,4.865,224 110 124 217 206 160 169 188
isoleucine,3,tryptophan,5,5,18,4,9.479,11.291,0.763,65.2,39.2,0.0,1.513,5.888,206 135 130 208 205 136 145 210 196 167
isoleucine,3,tryptophan,5,6,16,0,9.479,9.312,0.763,56.9,114.2,5.7128,1.729,5.901,120 360
isoleucine,3,tryptophan,5,6,16,1,9.479,9.312,0.763,56.9,114.2,2.6372,1.729,5.745,121 360 211 268
isoleucine,3,tryptophan,5,6,16,2,9.479,9.312,0.763,56.9,114.2,0.0,1.663,4.121,119 295 231 104 144 202
isoleucine,3,tryptophan,5,6,16,3,9.479,9.312,0.763,56.9,114.2,0.0,1.088,3.38,82 292 272 111 127 216 199 164
isoleucine,3,tryptophan,5,6,16,4,9.479,9.312,0.763,56.9,114.2,0.0,0.349,2.186,74 274 268 140 130 216 218 147 160 197
isoleucine,3,tryptophan,5,6,17,0,9.479,9.267,0.763,72.2,116.2,5.4444,1.729,5.828,118 0
isoleucine,3,tryptophan,5,6,17,1,9.479,9.267,0.763,72.2,116.2,1.9656,1.729,5.218,118 0 153 136
isoleucine,3,tryptophan,5,6,17,2,9.479,9.267,0.763,72.2,116.2,0.0,1.501,4.669,123 262 245 137 158 199
isoleucine,3,tryptophan,5,6,17,3,9.479,9.267,0.763,72.2,116.2,0.0,1.426,3.029,58 329 312 61 76 238 210 151
isoleucine,3,tryptophan,5,6,17,4,9.479,9.267,0.763,72.2,116.2,0.0,1.663,6.253,171 192 222 156 146 235 226 131 152 202
isoleucine,3,tryptophan,5,6,18,0,9.479,11.299,0.763,64.9,32.1,8.7729,1.729,6.253,130 360
isoleucine,3,tryptophan,5,6,18,1,9.479,11.299,0.763,64.9,32.1,5.3123,1.729,6.235,129 360 204 218
isoleucine,3,tryptophan,5,6,18,2,9.479,11.299,0.763,64.9,32.1,1.6415,1.729,5.643,129 360 155 141 180 180
isoleucine,3,tryptophan,5,6,18,3,9.479,11.299,0.763,64.9,32.1,0.0,0.92,5.153,129 265 247 138 151 203 192 171
isoleucine,3,tryptophan,5,6,18,4,9.479,11.299,0.763,64.9,32.1,0.0,1.664,5.575,152 219 229 155 154 222 214 148 162 194
isoleucine,3,tyrosine,1,4,11,0,12.901,14.646,-0.633,73.2,29.1,12.0799,1.43,2.716,347 360
isoleucine,3,tyrosine,1,4,11,1,12.901,14.646,-0.633,73.2,29.1,8.4152,1.431,1.067,347 0 180 180
isoleucine,3,tyrosine,1,4,11,2,12.901,14.646,-0.633,73.2,29.1,4.8032,1.549,0.896,0 336 180 180 180 180
isoleucine,3,tyrosine,1,4,11,3,12.901,14.646,-0.633,73.2,29.1,1.1423,0.76,0.99,337 17 180 180 180 180 180 180
isoleucine,3,tyrosine,1,4,11,4,12.901,14.646,-0.633,73.2,29.1,0.0,0.893,0.53,333 57 115 9 290 117 152 143 163 200
isoleucine,3,tyrosine,1,4,12,0,12.901,13.797,-0.633,65.7,69.1,10.4687,1.42,2.699,359 0
isoleucine,3,tyrosine,1,4,12,1,12.901,13.797,-0.633,65.7,69.1,7.097,1.404,1.022,359 0 152 130
isoleucine,3,tyrosine,1,4,12,2,12.901,13.797,-0.633,65.7,69.1,3.4261,1.404,1.029,359 360 151 129 180 180
isoleucine,3,tyrosine,1,4,12,3,12.901,13.797,-0.633,65.7,69.1,0.0,1.585,0.912,2 343 162 94 223 187 155 170
isoleucine,3,tyrosine,1,4,12,4,12.901,13.797,-0.633,65.7,69.1,0.0,1.042,0.654,6 4 117 192 146 180 280 52 345 114
isoleucine,3,tyrosine,1,4,13,0,12.901,12.62,-0.633,75.2,114.6,8.7595,1.567,2.681,355 0
isoleucine,3,tyrosine,1,4,13,1,12.901,12.62,-0.633,75.2,114.6,5.1344,1.561,0.907,355 360 180 180
isoleucine,3,tyrosine,1,4,13,2,12.901,12.62,-0.633,75.2,114.6,1.4708,1.566,0.891,355 0 180 180 180 180
isoleucine,3,tyrosine,1,4,13,3,12.901,12.62,-0.633,75.2,114.6,0.0,1.665,0.92,346 289 290 11 343 148 178 180
isoleucine,3,tyrosine,1,4,13,4,12.901,12.62,-0.633,75.2,114.6,0.0,1.124,1.22,3 6 55 8 318 75 117 224 203 168
isoleucine,3,tyrosine,1,5,11,0,12.901,15.215,-0.633,50.0,19.9,13.409,0.885,2.837,352 360
isoleucine,3,tyrosine,1,5,11,1,12.901,15.215,-0.633,50.0,19.9,10.4362,0.572,1.63,351 360 211 267
isoleucine,3,tyrosine,1,5,11,2,12.901,15.215,-0.633,50.0,19.9,6.7653,0.572,1.404,351 360 212 267 180 180
isoleucine,3,tyrosine,1,5,11,3,12.901,15.215,-0.633,50.0,19.9,3.1636,0.572,1.08,351 0 218 265 180 180 180 180
isoleucine,3,tyrosine,1,5,11,4,12.901,15.215,-0.633,50.0,19.9,0.0,0.64,1.011,348 1 153 18 288 189 175 163 180 166
isoleucine,3,tyrosine,1,5,12,0,12.901,13.993,-0.633,57.9,79.1,10.5236,1.033,2.693,1 360
isoleucine,3,tyrosine,1,5,12,1,12.901,13.993,-0.633,57.9,79.1,7.1916,0.606,1.202,1 0 150 125
isoleucine,3,tyrosine,1,5,12,2,12.901,13.993,-0.633,57.9,79.1,3.5207,0.606,0.703,1 0 210 236 180 180
isoleucine,3,tyrosine,1,5,12,3,12.901,13.993,-0.633,57.9,79.1,0.0,0.818,0.599,0 17 198 248 163 165 199 181
isoleucine,3,tyrosine,1,5,12,4,12.901,13.993,-0.633,57.9,79.1,0.0,1.032,0.834,357 74 164 259 183 188 313 124 288 317
isoleucine,3,tyrosine,1,5,13,0,12.901,13.188,-0.633,52.6,110.0,9.657,0.801,2.887,350 0
isoleucine,3,tyrosine,1,5,13,1,12.901,13.188,-0.633,52.6,110.0,6.5409,0.592,1.655,350 0 212 257
isoleucine,3,tyrosine,1,5,13,2,12.901,13.188,-0.633,52.6,110.0,2.87,0.592,1.465,350 0 212 257 180 180
isoleucine,3,tyrosine,1,5,13,3,12.901,13.188,-0.633,52.6,110.0,0.0,0.611,0.985,330 33 137 17 286 175 188 163
isoleucine,3,tyrosine,1,5,13,4,12.901,13.188,-0.633,52.6,110.0,0.0,0.545,1.36,343 37 78 330 290 112 142 213 198 170
isoleucine,3,tyrosine,1,6,11,0,12.901,14.79,-0.633,67.7,26.6,12.328,1.393,3.342,19 360
isoleucine,3,tyrosine,1,6,11,1,12.901,14.79,-0.633,67.7,26.6,8.7544,1.396,0.681,18 360 172 170
isoleucine,3,tyrosine,1,6,11,2,12.901,14.79,-0.633,67.7,26.6,5.0836,1.316,0.684,18 360 170 167 180 180
isoleucine,3,tyrosine,1,6,11,3,12.901,14.79,-0.633,67.7,26.6,1.4819,0.541,0.724,18 0 154 151 180 180 180 180
isoleucine,3,tyrosine,1,6,11,4,12.901,14.79,-0.633,67.7,26.6,0.0,0.689,0.564,0 2 221 264 72 101 285 313 101 217
isoleucine,3,tyrosine,1,6,12,0,12.901,13.812,-0.633,65.1,72.8,10.3848,1.618,3.047,360 360
isoleucine,3,tyrosine,1,6,12,1,12.901,13.812,-0.633,65.1,72.8,6.9541,1.617,0.491,360 360 206 222
isoleucine,3,tyrosine,1,6,12,2,12.901,13.812,-0.633,65.1,72.8,3.2833,1.617,0.489,360 360 207 223 180 180
isoleucine,3,tyrosine,1,6,12,3,12.901,13.812,-0.633,65.1,72.8,0.0,1.664,0.631,14 323 167 95 236 206 164 174
isoleucine,3,tyrosine,1,6,12,4,12.901,13.812,-0.633,65.1,72.8,0.0,1.199,0.92,3 3 110 176 165 182 290 68 333 107
isoleucine,3,tyrosine,1,6,13,0,12.901,12.995,-0.633,60.7,103.7,9.3261,1.425,3.271,15 0
isoleucine,3,tyrosine,1,6,13,1,12.901,12.995,-0.633,60.7,103.7,6.0407,1.421,1.047,15 360 211 241
isoleucine,3,tyrosine,1,6,13,2,12.901,12.995,-0.633,60.7,103.7,2.3699,1.421,0.909,15 0 149 119 180 180
isoleucine,3,tyrosine,1,6,13,3,12.901,12.995,-0.633,60.7,103.7,0.0,1.665,0.862,13 330 245 352 78 219 190 185
isoleucine,3,tyrosine,1,6,13,4,12.901,12.995,-0.633,60.7,103.7,0.0,1.071,1.551,12 333 292 26 65 250 220 142 159 193
isoleucine,3,phenylalanine,4,4,12,0,9.424,7.891,0.059,88.0,147.3,4.3546,1.17,2.877,346 63
isoleucine,3,phenylalanine,4,4,12,1,9.424,7.891,0.059,88.0,147.3,0.6838,1.165,1.027,39 297 180 180
isoleucine,3,phenylalanine,4,4,12,2,9.424,7.891,0.059,88.0,147.3,0.0,1.663,0.822,316 347 274 86 110 205
isoleucine,3,phenylalanine,4,4,12,3,9.424,7.891,0.059,88.0,147.3,0.0,1.663,1.367,15 285 341 6 51 9 166 245
isoleucine,3,phenylalanine,4,4,12,4,9.424,7.891,0.059,88.0,147.3,0.0,0.572,0.978,51 346 21 23 263 89 95 27 69 171
isoleucine,3,phenylalanine,4,4,13,0,9.424,9.35,0.059,98.4,80.3,5.6987,1.096,3.219,53 284
isoleucine,3,phenylalanine,4,4,13,1,9.424,9.35,0.059,98.4,80.3,2.0279,1.109,0.65,355 76 180 180
isoleucine,3,phenylalanine,4,4,13,2,9.424,9.35,0.059,98.4,80.3,0.0,1.664,0.665,336 138 121 330 30 196
isoleucine,3,phenylalanine,4,4,13,3,9.424,9.35,0.059,98.4,80.3,0.0,1.371,0.492,342 47 195 76 241 215 13 1
isoleucine,3,phenylalanine,4,4,13,4,9.424,9.35,0.059,98.4,80.3,0.0,1.664,0.488,100 72 47 239 235 3 291 303 43 279
isoleucine,3,phenylalanine,4,4,14,0,9.424,10.357,0.059,87.2,38.8,7.5716,0.822,2.776,14 360
isoleucine,3,phenylalanine,4,4,14,1,9.424,10.357,0.059,87.2,38.8,3.903,0.821,1.089,14 360 180 180
isoleucine,3,phenylalanine,4,4,14,2,9.424,10.357,0.059,87.2,38.8,0.2976,0.761,0.975,30 331 180 180 180 180
isoleucine,3,phenylalanine,4,4,14,3,9.424,10.357,0.059,87.2,38.8,0.0,0.908,0.577,360 178 10 192 38 149 192 35
isoleucine,3,phenylalanine,4,4,14,4,9.424,10.357,0.059,87.2,38.8,0.0,0.332,0.642,288 338 297 301 310 236 177 45 103 222
isoleucine,3,phenylalanine,4,5,12,0,9.424,8.691,0.059,58.0,157.6,5.543,0.736,3.866,318 0
isoleucine,3,phenylalanine,4,5,12,1,9.424,8.691,0.059,58.0,157.6,2.2764,0.489,1.999,321 360 149 114
isoleucine,3,phenylalanine,4,5,12,2,9.424,8.691,0.059,58.0,157.6,0.0,0.688,0.92,323 63 123 253 226 160
isoleucine,3,phenylalanine,4,5,12,3,9.424,8.691,0.059,58.0,157.6,0.0,0.981,1.134,3 32 74 308 272 111 146 208
isoleucine,3,phenylalanine,4,5,12,4,9.424,8.691,0.059,58.0,157.6,0.0,1.663,1.208,58 3 62 93 64 110 163 284 233 146
isoleucine,3,phenylalanine,4,5,13,0,9.424,10.242,0.059,64.9,81.3,6.6534,0.842,4.101,312 0
isoleucine,3,phenylalanine,4,5,13,1,9.424,10.242,0.059,64.9,81.3,3.2036,0.829,1.988,313 0 207 224
isoleucine,3,phenylalanine,4,5,13,2,9.424,10.242,0.059,64.9,81.3,0.0,0.447,1.937,308 54 150 221 215 189
isoleucine,3,phenylalanine,4,5,13,3,9.424,10.242,0.059,64.9,81.3,0.0,0.879,2.404,1 18 66 315 278 120 151 203
isoleucine,3,phenylalanine,4,5,13,4,9.424,10.242,0.059,64.9,81.3,0.0,1.664,1.079,48 21 64 65 58 136 169 256 227 152
isoleucine,3,phenylalanine,4,5,14,0,9.424,11.027,0.059,62.0,50.5,8.0622,0.539,3.286,335 360
isoleucine,3,phenylalanine,4,5,14,1,9.424,11.027,0.059,62.0,50.5,4.6413,0.475,2.972,335 0 153 134
isoleucine,3,phenylalanine,4,5,14,2,9.424,11.027,0.059,62.0,50.5,0.9704,0.475,2.608,335 360 152 134 180 180
isoleucine,3,phenylalanine,4,5,14,3,9.424,11.027,0.059,62.0,50.5,0.0,0.831,2.861,4 240 227 121 148 258 37 180
isoleucine,3,phenylalanine,4,5,14,4,9.424,11.027,0.059,62.0,50.5,0.0,0.867,0.203,352 42 169 43 340 70 191 74 320 98
isoleucine,3,phenylalanine,4,6,12,0,9.424,9.113,0.059,39.2,160.1,6.5535,1.455,3.45,37 0
isoleucine,3,phenylalanine,4,6,12,1,9.424,9.113,0.059,39.2,160.1,3.8456,1.421,0.878,34 0 206 297
isoleucine,3,phenylalanine,4,6,12,2,9.424,9.113,0.059,39.2,160.1,0.1747,1.421,0.884,34 360 153 64 180 180
isoleucine,3,phenylalanine,4,6,12,3,9.424,9.113,0.059,39.2,160.1,0.0,1.663,0.736,7 321 278 55 92 247 213 153
isoleucine,3,phenylalanine,4,6,12,4,9.424,9.113,0.059,39.2,160.1,0.0,1.66,1.057,16 337 299 39 73 268 236 124 150 202
isoleucine,3,phenylalanine,4,6,13,0,9.424,10.96,0.059,31.7,71.1,8.6712,1.562,3.563,43 360
isoleucine,3,phenylalanine,4,6,13,1,9.424,10.96,0.059,31.7,71.1,6.3747,1.594,1.281,45 360 180 0
isoleucine,3,phenylalanine,4,6,13,2,9.424,10.96,0.059,31.7,71.1,2.7044,1.597,0.605,45 0 180 0 180 180
isoleucine,3,phenylalanine,4,6,13,3,9.424,10.96,0.059,31.7,71.1,0.0,1.318,0.527,58 309 226 65 122 201 186 178
isoleucine,3,phenylalanine,4,6,13,4,9.424,10.96,0.059,31.7,71.1,0.0,1.203,0.698,43 321 283 52 85 247 221 144 161 193
isoleucine,3,phenylalanine,4,6,14,0,9.424,11.511,0.059,40.5,48.7,9.0935,1.446,3.24,13 360
isoleucine,3,phenylalanine,4,6,14,1,9.424,11.511,0.059,40.5,48.7,6.2675,1.436,0.619,14 0 151 76
isoleucine,3,phenylalanine,4,6,14,2,9.424,11.511,0.059,40.5,48.7,2.5967,1.436,0.628,14 0 210 283 180 180
isoleucine,3,phenylalanine,4,6,14,3,9.424,11.511,0.059,40.5,48.7,0.0,1.665,0.326,31 314 238 27 85 200 183 184
isoleucine,3,phenylalanine,4,6,14,4,9.424,11.511,0.059,40.5,48.7,0.0,1.129,0.893,27 315 279 46 81 244 215 143 160 192
leucine,13,arginine,3,1,16,0,11.337,11.492,-0.624,123.9,38.8,8.6944,1.686,1.241,50 247
leucine,13,arginine,3,1,16,1,11.337,11.492,-0.624,123.9,38.8,5.0236,1.693,0.163,51 247 180 180
leucine,13,arginine,3,1,16,2,11.337,11.492,-0.624,123.9,38.8,1.4219,1.603,0.63,341 112 180 180 180 180
leucine,13,arginine,3,1,16,3,11.337,11.492,-0.624,123.9,38.8,0.0,1.665,0.652,96 208 190 121 132 200 189 171
leucine,13,arginine,3,1,16,4,11.337,11.492,-0.624,123.9,38.8,0.0,0.645,0.887,335 25 331 342 26 334 289 106 142 207
leucine,13,arginine,3,1,17,0,11.337,10.235,-0.624,122.2,89.8,6.4609,1.572,1.006,28 245
leucine,13,arginine,3,1,17,1,11.337,10.235,-0.624,122.2,89.8,2.7901,1.57,0.59,28 245 180 180
leucine,13,arginine,3,1,17,2,11.337,10.235,-0.624,122.2,89.8,0.0,1.614,0.306,43 221 211 224 54 171
leucine,13,arginine,3,1,17,3,11.337,10.235,-0.624,122.2,89.8,0.0,1.57,0.822,35 146 349 287 106 249 30 308
leucine,13,arginine,3,1,17,4,11.337,10.235,-0.624,122.2,89.8,0.0,0.248,1.049,7 335 82 272 148 168 303 92 349 60
leucine,13,arginine,3,1,18,0,11.337,9.096,-0.624,127.0,142.0,5.4643,1.593,1.004,340 131
leucine,13,arginine,3,1,18,1,11.337,9.096,-0.624,127.0,142.0,1.7935,1.59,0.667,339 130 180 180
leucine,13,arginine,3,1,18,2,11.337,9.096,-0.624,127.0,142.0,0.0,0.286,1.397,336 359 288 140 111 162
leucine,13,arginine,3,1,18,3,11.337,9.096,-0.624,127.0,142.0,0.0,0.375,0.796,350 326 304 97 207 127 14 289
leucine,13,arginine,3,1,18,4,11.337,9.096,-0.624,127.0,142.0,0.0,0.777,1.572,64 323 108 133 273 211 78 195 313 353
leucine,13,arginine,3,2,16,0,11.337,13.539,-0.624,40.2,39.0,11.578,1.394,3.185,63 0
leucine,13,arginine,3,2,16,1,11.337,13.539,-0.624,40.2,39.0,8.9173,1.346,2.278,62 360 206 297
leucine,13,arginine,3,2,16,2,11.337,13.539,-0.624,40.2,39.0,5.2464,1.346,1.067,62 0 153 64 180 180
leucine,13,arginine,3,2,16,3,11.337,13.539,-0.624,40.2,39.0,1.6447,1.346,1.39,62 360 213 290 180 180 180 180
leucine,13,arginine,3,2,16,4,11.337,13.539,-0.624,40.2,39.0,0.0,0.706,0.628,82 303 259 56 90 218 201 181 181 177
leucine,13,arginine,3,2,17,0,11.337,12.075,-0.624,48.8,98.3,8.6628,1.496,3.126,66 360
leucine,13,arginine,3,2,17,1,11.337,12.075,-0.624,48.8,98.3,5.6669,1.524,2.454,67 360 211 269
leucine,13,arginine,3,2,17,2,11.337,12.075,-0.624,48.8,98.3,1.9961,1.524,1.557,67 0 212 269 180 180
leucine,13,arginine,3,2,17,3,11.337,12.075,-0.624,48.8,98.3,0.0,0.329,1.715,45 328 260 35 76 208 187 174
leucine,13,arginine,3,2,17,4,11.337,12.075,-0.624,48.8,98.3,0.0,0.364,2.361,34 341 299 42 76 246 221 145 161 193
leucine,13,arginine,3,2,18,0,11.337,11.225,-0.624,39.5,137.0,8.1675,1.728,2.938,75 0
leucine,13,arginine,3,2,18,1,11.337,11.225,-0.624,39.5,137.0,5.4217,1.728,1.888,76 360 207 293
leucine,13,arginine,3,2,18,2,11.337,11.225,-0.624,39.5,137.0,1.7509,1.728,0.762,76 360 208 293 180 180
leucine,13,arginine,3,2,18,3,11.337,11.225,-0.624,39.5,137.0,0.0,0.405,1.036,50 321 263 52 89 211 191 171
leucine,13,arginine,3,2,18,4,11.337,11.225,-0.624,39.5,137.0,0.0,0.364,1.219,35 338 297 48 81 249 224 144 161 194
leucine,13,arginine,3,13,16,0,11.337,13.147,-0.624,58.2,47.4,10.2774,1.545,2.586,297 360
leucine,13,arginine,3,13,16,1,11.337,13.147,-0.624,58.2,47.4,6.8978,1.563,0.988,296 360 152 130
leucine,13,arginine,3,13,16,2,11.337,13.147,-0.624,58.2,47.4,3.227,1.563,0.973,296 0 151 130 180 180
leucine,13,arginine,3,13,16,3,11.337,13.147,-0.624,58.2,47.4,0.0,1.309,0.341,291 341 178 82 253 198 172 172
leucine,13,arginine,3,13,16,4,11.337,13.147,-0.624,58.2,47.4,0.0,0.245,0.538,321 21 66 323 291 127 150 206 194 172
leucine,13,arginine,3,13,17,0,11.337,12.091,-0.624,48.1,89.1,8.8751,1.565,2.574,296 0
leucine,13,arginine,3,13,17,1,11.337,12.091,-0.624,48.1,89.1,6.0066,1.536,1.009,297 0 150 79
leucine,13,arginine,3,13,17,2,11.337,12.091,-0.624,48.1,89.1,2.3358,1.536,0.69,297 360 210 280 180 180
leucine,13,arginine,3,13,17,3,11.337,12.091,-0.624,48.1,89.1,0.0,0.699,0.712,301 40 108 325 285 161 179 183
leucine,13,arginine,3,13,17,4,11.337,12.091,-0.624,48.1,89.1,0.0,0.289,0.534,323 25 66 315 281 114 140 214 198 168
leucine,13,arginine,3,13,18,0,11.337,10.821,-0.624,57.9,149.4,7.6878,1.728,2.418,289 360
leucine,13,arginine,3,13,18,1,11.337,10.821,-0.624,57.9,149.4,4.6718,1.719,0.465,290 360 149 91
leucine,13,arginine,3,13,18,2,11.337,10.821,-0.624,57.9,149.4,1.001,1.719,0.392,290 360 148 91 180 180
leucine,13,arginine,3,13,18,3,11.337,10.821,-0.624,57.9,149.4,0.0,0.483,0.459,330 24 87 320 274 135 161 194
leucine,13,arginine,3,13,18,4,11.337,10.821,-0.624,57.9,149.4,0.0,0.511,1.176,335 16 54 314 285 110 134 223 203 163
leucine,13,lysine,5,1,13,0,17.716,16.719,-0.09,136.1,82.4,13.0231,1.727,1.365,63 206
leucine,13,lysine,5,1,13,1,17.716,16.719,-0.09,136.1,82.4,9.3523,1.58,0.582,25 153 180 180
leucine,13,lysine,5,1,13,2,17.716,16.719,-0.09,136.1,82.4,5.7506,1.663,0.404,15 143 180 180 180 180
leucine,13,lysine,5,1,13,3,17.716,16.719,-0.09,136.1,82.4,2.0897,1.134,0.487,72 215 180 180 180 180 180 180
leucine,13,lysine,5,1,13,4,17.716,16.719,-0.09,136.1,82.4,0.0,0.594,1.509,114 194 181 139 146 192 186 171 175 183
leucine,13,lysine,5,1,14,0,17.716,17.777,-0.09,133.1,37.2,14.9892,1.727,1.318,87 225
leucine,13,lysine,5,1,14,1,17.716,17.777,-0.09,133.1,37.2,11.3184,1.567,0.666,33 134 180 180
leucine,13,lysine,5,1,14,2,17.716,17.777,-0.09,133.1,37.2,7.7167,1.727,0.68,95 231 180 180 180 180
leucine,13,lysine,5,1,14,3,17.716,17.777,-0.09,133.1,37.2,4.0557,1.042,0.547,27 130 180 180 180 180 180 180
leucine,13,lysine,5,1,14,4,17.716,17.777,-0.09,133.1,37.2,0.4301,0.934,0.433,24 129 180 180 180 180 180 180 180 180
leucine,13,lysine,5,1,15,0,17.716,16.864,-0.09,140.7,76.9,13.2507,1.727,1.407,61 180
leucine,13,lysine,5,1,15,1,17.716,16.864,-0.09,140.7,76.9,9.5874,1.727,0.751,61 180 180 180
leucine,13,lysine,5,1,15,2,17.716,16.864,-0.09,140.7,76.9,5.9731,1.472,0.814,78 197 180 180 180 180
leucine,13,lysine,5,1,15,3,17.716,16.864,-0.09,140.7,76.9,2.3122,0.581,0.785,50 168 180 180 180 180 180 180
leucine,13,lysine,5,1,15,4,17.716,16.864,-0.09,140.7,76.9,0.0,1.061,2.319,124 187 179 147 153 194 189 170 175 184
leucine,13,lysine,5,2,13,0,17.716,19.156,-0.09,30.3,83.1,16.4161,1.728,2.817,105 360
leucine,13,lysine,5,2,13,1,17.716,19.156,-0.09,30.3,83.1,13.7993,1.728,1.318,106 0 155 61
leucine,13,lysine,5,2,13,2,17.716,19.156,-0.09,30.3,83.1,10.1285,1.728,0.366,106 0 154 61 180 180
leucine,13,lysine,5,2,13,3,17.716,19.156,-0.09,30.3,83.1,6.5268,1.728,0.174,106 0 148 68 180 180 180 180
leucine,13,lysine,5,2,13,4,17.716,19.156,-0.09,30.3,83.1,2.8658,1.253,0.636,106 360 211 294 180 180 180 180 180 180
leucine,13,lysine,5,2,14,0,17.716,20.21,-0.09,26.7,38.4,18.6349,1.728,3.169,126 360
leucine,13,lysine,5,2,14,1,17.716,20.21,-0.09,26.7,38.4,16.2137,1.728,2.07,126 360 162 39
leucine,13,lysine,5,2,14,2,17.716,20.21,-0.09,26.7,38.4,12.5429,1.728,1.171,126 0 199 319 180 180
leucine,13,lysine,5,2,14,3,17.716,20.21,-0.09,26.7,38.4,8.9412,1.728,1.226,126 360 153 51 180 180 180 180
leucine,13,lysine,5,2,14,4,17.716,20.21,-0.09,26.7,38.4,5.2802,0.713,1.405,126 0 205 311 180 180 180 180 180 180
leucine,13,lysine,5,2,15,0,17.716,19.332,-0.09,33.4,76.5,16.5247,1.728,3.118,123 360
leucine,13,lysine,5,2,15,1,17.716,19.332,-0.09,33.4,76.5,13.7874,1.728,2.155,123 360 208 288
leucine,13,lysine,5,2,15,2,17.716,19.332,-0.09,33.4,76.5,10.1166,1.728,1.563,123 0 151 72 180 180
leucine,13,lysine,5,2,15,3,17.716,19.332,-0.09,33.4,76.5,6.5149,1.728,2.084,123 0 215 283 180 180 180 180
leucine,13,lysine,5,2,15,4,17.716,19.332,-0.09,33.4,76.5,2.8539,0.8,1.313,123 0 147 76 180 180 180 180 180 180
leucine,13,lysine,5,13,13,0,17.716,18.011,-0.09,81.6,78.1,14.3745,1.728,2.3,279 0
leucine,13,lysine,5,13,13,1,17.716,18.011,-0.09,81.6,78.1,10.7048,1.728,0.304,279 360 180 180
leucine,13,lysine,5,13,13,2,17.716,18.011,-0.09,81.6,78.1,7.1006,1.728,0.347,295 331 180 180 180 180
leucine,13,lysine,5,13,13,3,17.716,18.011,-0.09,81.6,78.1,3.4396,1.332,0.264,292 336 180 180 180 180 180 180
leucine,13,lysine,5,13,13,4,17.716,18.011,-0.09,81.6,78.1,0.0,0.418,0.378,275 18 163 201 179 202 192 173 179 179
leucine,13,lysine,5,13,14,0,17.716,18.824,-0.09,88.9,44.2,15.8621,1.728,2.467,256 55
leucine,13,lysine,5,13,14,1,17.716,18.824,-0.09,88.9,44.2,12.1913,1.728,0.559,255 56 180 180
leucine,13,lysine,5,13,14,2,17.716,18.824,-0.09,88.9,44.2,8.5895,1.728,0.593,248 63 180 180 180 180
leucine,13,lysine,5,13,14,3,17.716,18.824,-0.09,88.9,44.2,4.9286,1.554,0.535,250 62 180 180 180 180 180 180
leucine,13,lysine,5,13,14,4,17.716,18.824,-0.09,88.9,44.2,1.3029,1.527,0.767,311 296 180 180 180 180 180 180 180 180
leucine,13,lysine,5,13,15,0,17.716,18.129,-0.09,85.5,73.6,14.56,1.728,2.383,283 327
leucine,13,lysine,5,13,15,1,17.716,18.129,-0.09,85.5,73.6,10.8892,1.728,0.538,284 326 180 180
leucine,13,lysine,5,13,15,2,17.716,18.129,-0.09,85.5,73.6,7.2875,1.728,0.81,293 313 180 180 180 180
leucine,13,lysine,5,13,15,3,17.716,18.129,-0.09,85.5,73.6,3.6265,0.724,0.789,291 316 180 180 180 180 180 180
leucine,13,lysine,5,13,15,4,17.716,18.129,-0.09,85.5,73.6,0.0026,0.932,0.652,242 50 177 178 186 187 177 181 179 181
leucine,13,aspartic,21,1,3,0,17.728,17.872,-0.438,135.6,29.7,15.2729,1.595,0.842,340 140
leucine,13,aspartic,21,1,3,1,17.728,17.872,-0.438,135.6,29.7,11.6021,1.566,0.294,31 221 180 180
leucine,13,aspartic,21,1,3,2,17.728,17.872,-0.438,135.6,29.7,8.0004,1.585,0.555,39 227 180 180 180 180
leucine,13,aspartic,21,1,3,3,17.728,17.872,-0.438,135.6,29.7,4.3394,1.572,0.775,333 134 180 180 180 180 180 180
leucine,13,aspartic,21,1,3,4,17.728,17.872,-0.438,135.6,29.7,0.7138,1.592,0.613,40 227 180 180 180 180 180 180 180 180
leucine,13,aspartic,21,1,4,0,17.728,16.607,-0.438,142.1,85.6,12.8789,1.727,0.529,359 180
leucine,13,aspartic,21,1,4,1,17.728,16.607,-0.438,142.1,85.6,9.2182,1.727,0.527,359 180 180 180
leucine,13,aspartic,21,1,4,2,17.728,16.607,-0.438,142.1,85.6,5.6001,1.669,0.47,14 196 180 180 180 180
leucine,13,aspartic,21,1,4,3,17.728,16.607,-0.438,142.1,85.6,1.9391,1.691,0.488,350 171 180 180 180 180 180 180
leucine,13,aspartic,21,1,4,4,17.728,16.607,-0.438,142.1,85.6,0.0,1.663,0.473,12 180 187 135 187 86 280 294 52 125
leucine,13,aspartic,21,1,5,0,17.728,15.39,-0.438,134.8,138.0,11.6883,1.707,0.764,352 159
leucine,13,aspartic,21,1,5,1,17.728,15.39,-0.438,134.8,138.0,8.0174,1.592,0.38,23 202 180 180
leucine,13,aspartic,21,1,5,2,17.728,15.39,-0.438,134.8,138.0,4.4157,1.57,0.266,35 214 180 180 180 180
leucine,13,aspartic,21,1,5,3,17.728,15.39,-0.438,134.8,138.0,0.7548,1.602,0.49,341 148 180 180 180 180 180 180
leucine,13,aspartic,21,1,5,4,17.728,15.39,-0.438,134.8,138.0,0.0,1.663,0.886,107 201 182 110 128 196 185 171 176 182
leucine,13,aspartic,21,2,3,0,17.728,19.973,-0.438,48.5,32.6,17.7145,1.728,2.95,75 0
leucine,13,aspartic,21,2,3,1,17.728,19.973,-0.438,48.5,32.6,14.6024,1.728,1.92,75 0 148 106
leucine,13,aspartic,21,2,3,2,17.728,19.973,-0.438,48.5,32.6,10.9316,1.728,0.85,75 0 212 254 180 180
leucine,13,aspartic,21,2,3,3,17.728,19.973,-0.438,48.5,32.6,7.3298,1.728,1.819,75 0 142 106 180 180 180 180
leucine,13,aspartic,21,2,3,4,17.728,19.973,-0.438,48.5,32.6,3.6689,1.728,0.676,75 0 217 254 180 180 180 180 180 180
leucine,13,aspartic,21,2,4,0,17.728,18.724,-0.438,52.7,86.8,15.2687,1.728,2.791,87 360
leucine,13,aspartic,21,2,4,1,17.728,18.724,-0.438,52.7,86.8,12.0462,1.728,1.531,87 360 149 116
leucine,13,aspartic,21,2,4,2,17.728,18.724,-0.438,52.7,86.8,8.3754,1.728,0.852,87 0 212 245 180 180
leucine,13,aspartic,21,2,4,3,17.728,18.724,-0.438,52.7,86.8,4.7737,1.728,1.155,87 360 142 114 180 180 180 180
leucine,13,aspartic,21,2,4,4,17.728,18.724,-0.438,52.7,86.8,1.1127,1.728,1.054,87 0 216 246 180 180 180 180 180 180
leucine,13,aspartic,21,2,5,0,17.728,17.477,-0.438,48.5,141.7,14.2508,1.728,2.83,83 0
leucine,13,aspartic,21,2,5,1,17.728,17.477,-0.438,48.5,141.7,11.1672,1.728,1.506,83 360 148 103
leucine,13,aspartic,21,2,5,2,17.728,17.477,-0.438,48.5,141.7,7.4964,1.728,0.363,83 0 212 257 180 180
leucine,13,aspartic,21,2,5,3,17.728,17.477,-0.438,48.5,141.7,3.8947,1.728,0.629,83 0 218 257 180 180 180 180
leucine,13,aspartic,21,2,5,4,17.728,17.477,-0.438,48.5,141.7,0.2337,1.728,1.148,83 0 143 103 180 180 180 180 180 180
leucine,13,aspartic,21,13,3,0,17.728,19.808,-0.438,56.0,31.8,17.4201,1.728,2.387,287 360
leucine,13,aspartic,21,13,3,1,17.728,19.808,-0.438,56.0,31.8,14.1483,1.728,0.252,287 0 150 122
leucine,13,aspartic,21,13,3,2,17.728,19.808,-0.438,56.0,31.8,10.4775,1.728,1.125,287 0 211 239 180 180
leucine,13,aspartic,21,13,3,3,17.728,19.808,-0.438,56.0,31.8,6.8758,1.728,1.148,287 360 217 241 180 180 180 180
leucine,13,aspartic,21,13,3,4,17.728,19.808,-0.438,56.0,31.8,3.2148,1.728,1.139,287 360 216 241 180 180 180 180 180 180
leucine,13,aspartic,21,13,4,0,17.728,18.691,-0.438,54.2,81.5,15.3273,1.728,2.308,272 360
leucine,13,aspartic,21,13,4,1,17.728,18.691,-0.438,54.2,81.5,12.1299,1.728,1.089,271 0 149 113
leucine,13,aspartic,21,13,4,2,17.728,18.691,-0.438,54.2,81.5,8.459,1.728,0.41,271 360 212 247 180 180
leucine,13,aspartic,21,13,4,3,17.728,18.691,-0.438,54.2,81.5,4.8573,1.728,0.556,271 360 142 112 180 180 180 180
leucine,13,aspartic,21,13,4,4,17.728,18.691,-0.438,54.2,81.5,1.1964,1.728,0.49,271 360 144 112 180 180 180 180 180 180
leucine,13,aspartic,21,13,5,0,17.728,17.339,-0.438,54.8,139.3,13.9105,1.728,2.308,280 0
leucine,13,aspartic,21,13,5,1,17.728,17.339,-0.438,54.8,139.3,10.648,1.728,1.095,280 0 211 241
leucine,13,aspartic,21,13,5,2,17.728,17.339,-0.438,54.8,139.3,6.9772,1.728,0.736,280 360 211 241 180 180
leucine,13,aspartic,21,13,5,3,17.728,17.339,-0.438,54.8,139.3,3.3755,1.728,0.52,280 360 142 117 180 180 180 180
leucine,13,aspartic,21,13,5,4,17.728,17.339,-0.438,54.8,139.3,0.0,1.663,0.516,298 339 150 83 231 195 155 159 174 185
leucine,13,glutamic,22,1,4,0,10.61,11.593,-0.955,107.0,12.8,9.4521,1.564,1.355,68 258
leucine,13,glutamic,22,1,4,1,10.61,11.593,-0.955,107.0,12.8,5.7812,1.561,0.26,4 102 180 180
leucine,13,glutamic,22,1,4,2,10.61,11.593,-0.955,107.0,12.8,2.1795,0.472,0.244,359 102 180 180 180 180
leucine,13,glutamic,22,1,4,3,10.61,11.593,-0.955,107.0,12.8,0.0,0.752,0.519,99 213 192 132 144 195 186 174
leucine,13,glutamic,22,1,4,4,10.61,11.593,-0.955,107.0,12.8,0.0,0.397,0.802,326 24 313 359 52 338 301 137 164 195
leucine,13,glutamic,22,1,5,0,10.61,9.878,-0.955,102.9,94.2,6.0632,1.141,1.349,353 78
leucine,13,glutamic,22,1,5,1,10.61,9.878,-0.955,102.9,94.2,2.3924,1.14,0.775,52 282 180 180
leucine,13,glutamic,22,1,5,2,10.61,9.878,-0.955,102.9,94.2,0.0,0.51,1.444,354 332 272 141 154 176
leucine,13,glutamic,22,1,5,3,10.61,9.878,-0.955,102.9,94.2,0.0,0.258,0.533,326 12 320 31 75 260 220 148
leucine,13,glutamic,22,1,5,4,10.61,9.878,-0.955,102.9,94.2,0.0,0.369,1.427,73 304 169 40 342 253 22 277 18 249
leucine,13,glutamic,22,1,6,0,10.61,9.94,-0.955,98.0,91.9,6.1455,0.871,1.655,14 63
leucine,13,glutamic,22,1,6,1,10.61,9.94,-0.955,98.0,91.9,2.4747,0.874,1.05,14 63 180 180
leucine,13,glutamic,22,1,6,2,10.61,9.94,-0.955,98.0,91.9,0.0,1.22,1.56,7 345 251 138 136 161
leucine,13,glutamic,22,1,6,3,10.61,9.94,-0.955,98.0,91.9,0.0,1.435,0.43,84 25 26 3 342 225 201 143
leucine,13,glutamic,22,1,6,4,10.61,9.94,-0.955,98.0,91.9,0.0,0.829,1.424,60 295 287 41 36 254 231 96 134 217
leucine,13,glutamic,22,2,4,0,10.61,13.547,-0.955,20.8,5.9,12.8376,1.234,3.284,59 0
leucine,13,glutamic,22,2,4,1,10.61,13.547,-0.955,20.8,5.9,10.4516,1.118,2.271,57 0 165 31
leucine,13,glutamic,22,2,4,2,10.61,13.547,-0.955,20.8,5.9,6.7807,1.118,0.86,57 0 164 33 180 180
leucine,13,glutamic,22,2,4,3,10.61,13.547,-0.955,20.8,5.9,3.179,1.118,1.144,57 360 155 46 180 180 180 180
leucine,13,glutamic,22,2,4,4,10.61,13.547,-0.955,20.8,5.9,0.0,0.859,1.135,68 315 205 61 136 182 173 189 183 175
leucine,13,glutamic,22,2,5,0,10.61,11.658,-0.955,27.7,100.3,8.9371,0.556,3.761,43 360
leucine,13,glutamic,22,2,5,1,10.61,11.658,-0.955,27.7,100.3,6.5821,0.587,2.789,44 0 173 15
leucine,13,glutamic,22,2,5,2,10.61,11.658,-0.955,27.7,100.3,2.9112,0.587,2.079,44 360 189 341 180 180
leucine,13,glutamic,22,2,5,3,10.61,11.658,-0.955,27.7,100.3,0.0,0.733,1.865,64 308 212 61 118 171 168 191
leucine,13,glutamic,22,2,5,4,10.61,11.658,-0.955,27.7,100.3,0.0,0.447,1.002,45 320 282 52 86 244 219 147 163 192
leucine,13,glutamic,22,2,6,0,10.61,11.723,-0.955,16.5,97.8,9.524,0.399,4.411,23 360
leucine,13,glutamic,22,2,6,1,10.61,11.723,-0.955,16.5,97.8,7.5252,0.456,4.02,21 360 180 360
leucine,13,glutamic,22,2,6,2,10.61,11.723,-0.955,16.5,97.8,3.9892,0.489,3.074,20 360 180 360 199 207
leucine,13,glutamic,22,2,6,3,10.61,11.723,-0.955,16.5,97.8,0.3183,0.489,3.053,20 360 180 0 200 209 180 180
leucine,13,glutamic,22,2,6,4,10.61,11.723,-0.955,16.5,97.8,0.0,0.685,1.041,55 301 264 68 102 233 211 155 167 188
leucine,13,glutamic,22,13,4,0,10.61,12.363,-0.955,77.7,11.3,10.2524,1.344,2.749,291 23
leucine,13,glutamic,22,13,4,1,10.61,12.363,-0.955,77.7,11.3,6.5816,1.356,1.737,289 25 180 180
leucine,13,glutamic,22,13,4,2,10.61,12.363,-0.955,77.7,11.3,2.9799,1.241,1.534,324 319 180 180 180 180
leucine,13,glutamic,22,13,4,3,10.61,12.363,-0.955,77.7,11.3,0.0,1.42,2.987,280 104 141 207 200 181 181 180
leucine,13,glutamic,22,13,4,4,10.61,12.363,-0.955,77.7,11.3,0.0,0.595,1.661,241 132 142 228 224 155 161 199 191 172
leucine,13,glutamic,22,13,5,0,10.61,10.768,-0.955,69.3,89.6,7.0973,0.892,3.095,312 360
leucine,13,glutamic,22,13,5,1,10.61,10.768,-0.955,69.3,89.6,3.6857,0.867,2.27,313 360 152 131
leucine,13,glutamic,22,13,5,2,10.61,10.768,-0.955,69.3,89.6,0.0149,0.867,2.778,313 0 209 230 180 180
leucine,13,glutamic,22,13,5,3,10.61,10.768,-0.955,69.3,89.6,0.0,1.476,2.437,357 20 70 318 280 125 155 201
leucine,13,glutamic,22,13,5,4,10.61,10.768,-0.955,69.3,89.6,0.0,1.585,3.806,51 336 68 97 137 45 77 166 176 195
leucine,13,glutamic,22,13,6,0,10.61,10.352,-0.955,82.5,105.7,6.4751,0.937,3.082,323 337
leucine,13,glutamic,22,13,6,1,10.61,10.352,-0.955,82.5,105.7,2.8043,0.949,2.691,299 25 180 180
leucine,13,glutamic,22,13,6,2,10.61,10.352,-0.955,82.5,105.7,0.0,0.643,3.087,335 22 127 216 225 206
leucine,13,glutamic,22,13,6,3,10.61,10.352,-0.955,82.5,105.7,0.0,1.472,3.441,9 12 56 310 278 125 154 203
leucine,13,glutamic,22,13,6,4,10.61,10.352,-0.955,82.5,105.7,0.0,0.706,3.418,346 4 40 324 306 114 134 242 216 152
leucine,13,isoleucine,3,1,4,0,11.172,11.314,0.721,138.8,29.8,8.7499,1.727,1.44,63 180
leucine,13,isoleucine,3,1,4,1,11.172,11.314,0.721,138.8,29.8,5.0822,1.727,0.758,63 180 180 180
leucine,13,isoleucine,3,1,4,2,11.172,11.314,0.721,138.8,29.8,1.4749,0.645,0.782,44 159 180 180 180 180
leucine,13,isoleucine,3,1,4,3,11.172,11.314,0.721,138.8,29.8,0.0,0.866,2.353,130 189 185 149 155 197 188 173
leucine,13,isoleucine,3,1,4,4,11.172,11.314,0.721,138.8,29.8,0.0,1.663,3.105,179 168 184 143 138 220 211 147 162 195
leucine,13,isoleucine,3,1,5,0,11.172,10.446,0.721,128.8,69.5,6.969,1.727,1.652,56 122
leucine,13,isoleucine,3,1,5,1,11.172,10.446,0.721,128.8,69.5,3.2982,1.727,0.826,56 122 180 180
leucine,13,isoleucine,3,1,5,2,11.172,10.446,0.721,128.8,69.5,0.0,1.663,1.158,128 211 199 160 169 188
leucine,13,isoleucine,3,1,5,3,11.172,10.446,0.721,128.8,69.5,0.0,0.459,2.555,141 192 195 142 147 207 195 167
leucine,13,isoleucine,3,1,5,4,11.172,10.446,0.721,128.8,69.5,0.0,0.766,3.081,174 176 194 138 134 227 217 143 159 196
leucine,13,isoleucine,3,1,6,0,11.172,9.803,0.721,141.6,93.6,5.9981,1.727,1.948,94 180
leucine,13,isoleucine,3,1,6,1,11.172,9.803,0.721,141.6,93.6,2.3405,1.727,1.329,94 180 180 180
leucine,13,isoleucine,3,1,6,2,11.172,9.803,0.721,141.6,93.6,0.0,1.664,1.858,131 199 191 165 172 186
leucine,13,isoleucine,3,1,6,3,11.172,9.803,0.721,141.6,93.6,0.0,1.664,3.073,167 172 189 136 133 221 204 159
leucine,13,isoleucine,3,1,6,4,11.172,9.803,0.721,141.6,93.6,0.0,1.664,3.102,186 144 180 144 127 253 242 123 148 206
leucine,13,isoleucine,3,2,4,0,11.172,13.748,0.721,33.8,27.8,12.0569,1.728,3.199,127 360
leucine,13,isoleucine,3,2,4,1,11.172,13.748,0.721,33.8,27.8,9.3683,1.728,2.343,128 360 207 294
leucine,13,isoleucine,3,2,4,2,11.172,13.748,0.721,33.8,27.8,5.6975,1.728,1.784,128 0 208 293 180 180
leucine,13,isoleucine,3,2,4,3,11.172,13.748,0.721,33.8,27.8,2.0957,1.186,1.683,128 360 146 72 180 180 180 180
leucine,13,isoleucine,3,2,4,4,11.172,13.748,0.721,33.8,27.8,0.0,1.054,0.461,106 296 242 80 112 184 180 205 194 169
leucine,13,isoleucine,3,2,5,0,11.172,12.759,0.721,30.5,73.6,10.2844,1.728,4.268,163 0
leucine,13,isoleucine,3,2,5,1,11.172,12.759,0.721,30.5,73.6,7.8274,1.728,3.997,163 360 198 321
leucine,13,isoleucine,3,2,5,2,11.172,12.759,0.721,30.5,73.6,4.1566,1.728,2.082,163 0 199 319 180 180
leucine,13,isoleucine,3,2,5,3,11.172,12.759,0.721,30.5,73.6,0.5549,1.728,2.347,163 360 153 51 180 180 180 180
leucine,13,isoleucine,3,2,5,4,11.172,12.759,0.721,30.5,73.6,0.0,1.663,2.092,118 292 255 102 134 213 199 173 177 181
leucine,13,isoleucine,3,2,6,0,11.172,12.163,0.721,40.4,95.9,8.9955,1.728,3.725,145 360
leucine,13,isoleucine,3,2,6,1,11.172,12.163,0.721,40.4,95.9,6.2398,1.728,3.222,145 360 208 291
leucine,13,isoleucine,3,2,6,2,11.172,12.163,0.721,40.4,95.9,2.569,1.728,2.396,145 360 208 291 180 180
leucine,13,isoleucine,3,2,6,3,11.172,12.163,0.721,40.4,95.9,0.0,1.664,3.368,160 295 207 100 162 211 195 180
leucine,13,isoleucine,3,2,6,4,11.172,12.163,0.721,40.4,95.9,0.0,0.933,1.44,68 322 279 75 109 226 212 173 177 182
leucine,13,isoleucine,3,13,4,0,11.172,12.399,0.721,90.5,21.1,10.0439,1.728,2.366,254 29
leucine,13,isoleucine,3,13,4,1,11.172,12.399,0.721,90.5,21.1,6.3731,1.728,0.506,253 31 180 180
leucine,13,isoleucine,3,13,4,2,11.172,12.399,0.721,90.5,21.1,2.7714,0.62,0.552,244 45 180 180 180 180
leucine,13,isoleucine,3,13,4,3,11.172,12.399,0.721,90.5,21.1,0.0,0.556,1.661,237 117 144 211 197 170 176 183
leucine,13,isoleucine,3,13,4,4,11.172,12.399,0.721,90.5,21.1,0.0,1.663,4.754,199 156 153 213 210 146 154 203 192 170
leucine,13,isoleucine,3,13,5,0,11.172,11.085,0.721,100.7,82.3,7.3993,1.728,2.837,298 277
leucine,13,isoleucine,3,13,5,1,11.172,11.085,0.721,100.7,82.3,3.7284,1.728,1.192,237 84 180 180
leucine,13,isoleucine,3,13,5,2,11.172,11.085,0.721,100.7,82.3,0.1267,1.728,1.512,231 86 180 180 180 180
leucine,13,isoleucine,3,13,5,3,11.172,11.085,0.721,100.7,82.3,0.0,1.627,3.7,218 142 152 210 201 163 172 187
leucine,13,isoleucine,3,13,5,4,11.172,11.085,0.721,100.7,82.3,0.0,1.663,4.943,191 168 157 214 214 137 147 210 196 167
leucine,13,isoleucine,3,13,6,0,11.172,10.859,0.721,92.9,90.7,7.0748,1.728,2.795,229 56
leucine,13,isoleucine,3,13,6,1,11.172,10.859,0.721,92.9,90.7,3.404,1.728,1.416,278 303 180 180
leucine,13,isoleucine,3,13,6,2,11.172,10.859,0.721,92.9,90.7,0.0,1.664,1.889,224 96 143 196 184 180
leucine,13,isoleucine,3,13,6,3,11.172,10.859,0.721,92.9,90.7,0.0,0.961,3.552,212 134 145 211 201 162 171 187
leucine,13,isoleucine,3,13,6,4,11.172,10.859,0.721,92.9,90.7,0.0,1.664,5.204,179 165 152 217 217 138 148 211 197 167
leucine,13,serine,31,1,3,0,17.122,16.615,-0.32,118.4,73.1,13.0564,1.666,1.202,54 255
leucine,13,serine,31,1,3,1,17.122,16.615,-0.32,118.4,73.1,9.3856,1.661,0.492,54 255 180 180
leucine,13,serine,31,1,3,2,17.122,16.615,-0.32,118.4,73.1,5.7839,1.626,0.609,344 105 180 180 180 180
leucine,13,serine,31,1,3,3,17.122,16.615,-0.32,118.4,73.1,2.123,1.639,0.531,346 105 180 180 180 180 180 180
leucine,13,serine,31,1,3,4,17.122,16.615,-0.32,118.4,73.1,0.0,1.439,1.073,330 70 216 283 53 181 186 184 127 158
leucine,13,serine,31,1,4,0,17.122,17.248,-0.32,126.5,46.7,14.2303,1.727,1.252,354 138
leucine,13,serine,31,1,4,1,17.122,17.248,-0.32,126.5,46.7,10.5594,1.641,0.673,46 223 180 180
leucine,13,serine,31,1,4,2,17.122,17.248,-0.32,126.5,46.7,6.9577,1.727,0.589,54 228 180 180 180 180
leucine,13,serine,31,1,4,3,17.122,17.248,-0.32,126.5,46.7,3.2968,1.655,0.42,347 133 180 180 180 180 180 180
leucine,13,serine,31,1,4,4,17.122,17.248,-0.32,126.5,46.7,0.0,1.661,0.761,49 219 157 146 160 149 154 178 179 177
leucine,13,serine,31,1,5,0,17.122,14.823,-0.32,124.7,156.4,11.4221,1.727,1.279,357 119
leucine,13,serine,31,1,5,1,17.122,14.823,-0.32,124.7,156.4,7.7513,1.727,0.685,59 242 180 180
leucine,13,serine,31,1,5,2,17.122,14.823,-0.32,124.7,156.4,4.1496,1.687,0.163,350 116 180 180 180 180
leucine,13,serine,31,1,5,3,17.122,14.823,-0.32,124.7,156.4,0.4886,1.727,0.983,63 243 180 180 180 180 180 180
leucine,13,serine,31,1,5,4,17.122,14.823,-0.32,124.7,156.4,0.0,1.661,0.311,122 205 190 115 126 197 187 166 172 185
leucine,13,serine,31,2,3,0,17.122,18.674,-0.32,31.9,77.4,15.9716,1.216,3.295,59 360
leucine,13,serine,31,2,3,1,17.122,18.674,-0.32,31.9,77.4,13.3249,1.221,2.353,59 360 154 63
leucine,13,serine,31,2,3,2,17.122,18.674,-0.32,31.9,77.4,9.6541,1.221,1.599,59 0 207 296 180 180
leucine,13,serine,31,2,3,3,17.122,18.674,-0.32,31.9,77.4,6.0524,1.221,1.533,59 0 213 290 180 180 180 180
leucine,13,serine,31,2,3,4,17.122,18.674,-0.32,31.9,77.4,2.3914,1.221,1.444,59 360 149 69 180 180 180 180 180 180
leucine,13,serine,31,2,4,0,17.122,19.431,-0.32,35.0,46.0,17.1349,1.728,2.895,78 0
leucine,13,serine,31,2,4,1,17.122,19.431,-0.32,35.0,46.0,14.3099,1.728,1.722,78 0 150 80
leucine,13,serine,31,2,4,2,17.122,19.431,-0.32,35.0,46.0,10.6391,1.728,1.312,78 0 150 80 180 180
leucine,13,serine,31,2,4,3,17.122,19.431,-0.32,35.0,46.0,7.0374,1.728,0.142,78 360 216 277 180 180 180 180
leucine,13,serine,31,2,4,4,17.122,19.431,-0.32,35.0,46.0,3.3764,1.728,1.46,78 0 145 83 180 180 180 180 180 180
leucine,13,serine,31,2,5,0,17.122,16.994,-0.32,33.7,155.9,14.581,1.644,3.046,69 360
leucine,13,serine,31,2,5,1,17.122,16.994,-0.32,33.7,155.9,12.0004,1.58,2.156,68 360 156 57
leucine,13,serine,31,2,5,2,17.122,16.994,-0.32,33.7,155.9,8.3296,1.58,0.944,68 360 205 302 180 180
leucine,13,serine,31,2,5,3,17.122,16.994,-0.32,33.7,155.9,4.7279,1.58,1.062,68 0 148 65 180 180 180 180
leucine,13,serine,31,2,5,4,17.122,16.994,-0.32,33.7,155.9,1.0669,1.58,1.022,68 0 210 297 180 180 180 180 180 180
leucine,13,serine,31,13,3,0,17.122,17.888,-0.32,68.8,76.6,14.3404,1.327,2.738,302 0
leucine,13,serine,31,13,3,1,17.122,17.888,-0.32,68.8,76.6,10.8018,1.326,1.658,302 360 195 201
leucine,13,serine,31,13,3,2,17.122,17.888,-0.32,68.8,76.6,7.131,1.326,1.398,302 0 163 157 180 180
leucine,13,serine,31,13,3,3,17.122,17.888,-0.32,68.8,76.6,3.5293,1.326,1.836,302 360 209 214 180 180 180 180
leucine,13,serine,31,13,3,4,17.122,17.888,-0.32,68.8,76.6,0.0,1.464,1.39,303 352 172 153 197 190 201 210 188 177
leucine,13,serine,31,13,4,0,17.122,18.731,-0.32,67.4,40.5,15.9722,1.728,2.391,287 360
leucine,13,serine,31,13,4,1,17.122,18.731,-0.32,67.4,40.5,12.5048,1.728,0.407,287 0 157 146
leucine,13,serine,31,13,4,2,17.122,18.731,-0.32,67.4,40.5,8.834,1.728,0.387,287 0 156 145 180 180
leucine,13,serine,31,13,4,3,17.122,18.731,-0.32,67.4,40.5,5.2323,1.728,0.855,287 0 213 222 180 180 180 180
leucine,13,serine,31,13,4,4,17.122,18.731,-0.32,67.4,40.5,1.5713,1.627,0.681,287 360 210 221 180 180 180 180 180 180
leucine,13,serine,31,13,5,0,17.122,16.267,-0.32,67.4,149.0,12.7773,1.646,2.524,294 360
leucine,13,serine,31,13,5,1,17.122,16.267,-0.32,67.4,149.0,9.2127,1.652,1.007,294 360 169 165
leucine,13,serine,31,13,5,2,17.122,16.267,-0.32,67.4,149.0,5.5419,1.652,0.756,294 360 167 163 180 180
leucine,13,serine,31,13,5,3,17.122,16.267,-0.32,67.4,149.0,1.9402,1.652,1.126,294 360 207 211 180 180 180 180
leucine,13,serine,31,13,5,4,17.122,16.267,-0.32,67.4,149.0,0.0,1.661,1.028,253 115 142 224 206 164 173 185 182 179
leucine,13,tryptophan,5,1,16,0,19.68,17.654,0.563,141.1,117.3,13.7827,1.727,1.323,54 180
leucine,13,tryptophan,5,1,16,1,19.68,17.654,0.563,141.1,117.3,10.1128,1.727,0.84,54 180 180 180
leucine,13,tryptophan,5,1,16,2,19.68,17.654,0.563,141.1,117.3,6.5089,1.567,0.937,33 157 180 180 180 180
leucine,13,tryptophan,5,1,16,3,19.68,17.654,0.563,141.1,117.3,2.848,1.578,1.037,37 161 180 180 180 180 180 180
leucine,13,tryptophan,5,1,16,4,19.68,17.654,0.563,141.1,117.3,0.0,1.663,1.486,109 192 178 146 155 186 181 176 178 181
leucine,13,tryptophan,5,1,17,0,19.68,17.943,0.563,148.6,105.3,14.1016,1.727,1.381,59 180
leucine,13,tryptophan,5,1,17,1,19.68,17.943,0.563,148.6,105.3,10.5004,1.727,0.76,59 180 180 180
leucine,13,tryptophan,5,1,17,2,19.68,17.943,0.563,148.6,105.3,6.83,1.727,0.76,59 180 180 180 180 180
leucine,13,tryptophan,5,1,17,3,19.68,17.943,0.563,148.6,105.3,3.2269,1.727,0.759,59 180 158 156 180 180 180 180
leucine,13,tryptophan,5,1,17,4,19.68,17.943,0.563,148.6,105.3,0.0,1.663,1.383,100 189 170 149 160 183 179 180 180 179
leucine,13,tryptophan,5,1,18,0,19.68,19.868,0.563,144.4,16.3,17.6038,1.727,1.395,60 180
leucine,13,tryptophan,5,1,18,1,19.68,19.868,0.563,144.4,16.3,13.9339,1.727,0.755,60 180 180 180
leucine,13,tryptophan,5,1,18,2,19.68,19.868,0.563,144.4,16.3,10.3298,1.727,0.816,81 202 180 180 180 180
leucine,13,tryptophan,5,1,18,3,19.68,19.868,0.563,144.4,16.3,6.6688,1.727,0.768,77 198 180 180 180 180 180 180
leucine,13,tryptophan,5,1,18,4,19.68,19.868,0.563,144.4,16.3,3.0432,1.442,0.952,37 156 180 180 180 180 180 180 180 180
leucine,13,tryptophan,5,2,16,0,19.68,20.12,0.563,33.8,117.6,17.1029,1.728,2.994,117 0
leucine,13,tryptophan,5,2,16,1,19.68,20.12,0.563,33.8,117.6,14.3993,1.728,1.763,118 360 152 69
leucine,13,tryptophan,5,2,16,2,19.68,20.12,0.563,33.8,117.6,10.7285,1.728,1.556,118 0 208 291 180 180
leucine,13,tryptophan,5,2,16,3,19.68,20.12,0.563,33.8,117.6,7.1268,1.728,1.539,118 360 214 286 180 180 180 180
leucine,13,tryptophan,5,2,16,4,19.68,20.12,0.563,33.8,117.6,3.4658,1.728,0.881,118 360 147 73 180 180 180 180 180 180
leucine,13,tryptophan,5,2,17,0,19.68,20.407,0.563,40.4,105.7,17.1777,1.728,3.072,121 360
leucine,13,tryptophan,5,2,17,1,19.68,20.407,0.563,40.4,105.7,14.2941,1.728,1.948,121 360 149 85
leucine,13,tryptophan,5,2,17,2,19.68,20.407,0.563,40.4,105.7,10.6233,1.728,1.3,121 360 149 85 180 180
leucine,13,tryptophan,5,2,17,3,19.68,20.407,0.563,40.4,105.7,7.0215,1.728,0.97,121 0 143 88 180 180 180 180
leucine,13,tryptophan,5,2,17,4,19.68,20.407,0.563,40.4,105.7,3.3606,1.728,1.934,121 0 215 273 180 180 180 180 180 180
leucine,13,tryptophan,5,2,18,0,19.68,22.338,0.563,36.7,16.1,20.8954,1.728,3.129,124 0
leucine,13,tryptophan,5,2,18,1,19.68,22.338,0.563,36.7,16.1,18.1179,1.728,2.222,124 360 151 78
leucine,13,tryptophan,5,2,18,2,19.68,22.338,0.563,36.7,16.1,14.4471,1.728,2.043,124 0 210 282 180 180
leucine,13,tryptophan,5,2,18,3,19.68,22.338,0.563,36.7,16.1,10.8454,1.728,1.295,124 0 144 82 180 180 180 180
leucine,13,tryptophan,5,2,18,4,19.68,22.338,0.563,36.7,16.1,7.1845,1.728,2.178,124 360 214 279 180 180 180 180 180 180
leucine,13,tryptophan,5,13,16,0,19.68,18.982,0.563,83.4,123.2,15.1371,1.728,2.325,261 21
leucine,13,tryptophan,5,13,16,1,19.68,18.982,0.563,83.4,123.2,11.4663,1.728,0.303,259 23 180 180
leucine,13,tryptophan,5,13,16,2,19.68,18.982,0.563,83.4,123.2,7.8646,1.728,0.611,249 40 180 180 180 180
leucine,13,tryptophan,5,13,16,3,19.68,18.982,0.563,83.4,123.2,4.2036,1.728,0.563,291 323 180 180 180 180 180 180
leucine,13,tryptophan,5,13,16,4,19.68,18.982,0.563,83.4,123.2,0.578,1.728,0.596,247 42 180 180 180 180 180 180 180 180
leucine,13,tryptophan,5,13,17,0,19.68,19.425,0.563,81.8,104.4,15.5512,1.728,2.399,271 346
leucine,13,tryptophan,5,13,17,1,19.68,19.425,0.563,81.8,104.4,11.8804,1.728,0.321,273 342 180 180
leucine,13,tryptophan,5,13,17,2,19.68,19.425,0.563,81.8,104.4,8.2787,1.728,0.53,285 322 180 180 180 180
leucine,13,tryptophan,5,13,17,3,19.68,19.425,0.563,81.8,104.4,4.6177,1.728,0.409,282 326 180 180 180 180 180 180
leucine,13,tryptophan,5,13,17,4,19.68,19.425,0.563,81.8,104.4,0.9921,1.683,0.61,286 320 180 180 180 180 180 180 180 180
leucine,13,tryptophan,5,13,18,0,19.68,21.272,0.563,82.7,21.9,18.862,1.728,2.376,287 323
leucine,13,tryptophan,5,13,18,1,19.68,21.272,0.563,82.7,21.9,15.1912,1.728,0.706,288 321 180 180
leucine,13,tryptophan,5,13,18,2,19.68,21.272,0.563,82.7,21.9,11.5895,1.728,0.761,244 50 180 180 180 180
leucine,13,tryptophan,5,13,18,3,19.68,21.272,0.563,82.7,21.9,7.9285,1.728,0.796,294 312 180 180 180 180 180 180
leucine,13,tryptophan,5,13,18,4,19.68,21.272,0.563,82.7,21.9,4.3029,1.728,0.678,297 309 180 180 180 180 180 180 180 180
leucine,13,tyrosine,1,1,11,0,9.623,10.436,-0.973,99.6,34.9,7.7477,0.866,1.654,306 69
leucine,13,tyrosine,1,1,11,1,9.623,10.436,-0.973,99.6,34.9,4.0769,0.877,1.503,1 291 180 180
leucine,13,tyrosine,1,1,11,2,9.623,10.436,-0.973,99.6,34.9,0.4752,0.406,1.272,7 286 180 180 180 180
leucine,13,tyrosine,1,1,11,3,9.623,10.436,-0.973,99.6,34.9,0.0,0.839,1.488,320 252 335 325 352 77 244 142
leucine,13,tyrosine,1,1,11,4,9.623,10.436,-0.973,99.6,34.9,0.0,0.909,1.251,59 15 57 48 53 133 171 324 268 133
leucine,13,tyrosine,1,1,12,0,9.623,8.782,-0.973,91.5,102.0,4.918,0.915,1.605,10 312
leucine,13,tyrosine,1,1,12,1,9.623,8.782,-0.973,91.5,102.0,1.2472,0.911,1.435,327 49 180 180
leucine,13,tyrosine,1,1,12,2,9.623,8.782,-0.973,91.5,102.0,0.0,0.821,0.925,343 87 35 212 66 36
leucine,13,tyrosine,1,1,12,3,9.623,8.782,-0.973,91.5,102.0,0.0,1.301,1.803,73 334 144 320 159 284 40 288
leucine,13,tyrosine,1,1,12,4,9.623,8.782,-0.973,91.5,102.0,0.0,0.435,0.418,33 341 27 353 311 68 108 256 220 150
leucine,13,tyrosine,1,1,13,0,9.623,9.892,-0.973,103.9,60.0,6.6097,1.566,1.585,32 272
leucine,13,tyrosine,1,1,13,1,9.623,9.892,-0.973,103.9,60.0,2.9388,1.573,0.895,330 88 180 180
leucine,13,tyrosine,1,1,13,2,9.623,9.892,-0.973,103.9,60.0,0.0,1.094,1.349,310 78 174 86 233 177
leucine,13,tyrosine,1,1,13,3,9.623,9.892,-0.973,103.9,60.0,0.0,0.463,1.793,296 60 194 182 67 340 75 258
leucine,13,tyrosine,1,1,13,4,9.623,9.892,-0.973,103.9,60.0,0.0,0.338,1.423,351 334 106 239 121 222 321 352 267 113
leucine,13,tyrosine,1,2,11,0,9.623,11.344,-0.973,65.4,44.5,8.4423,0.592,3.734,44 360
leucine,13,tyrosine,1,2,11,1,9.623,11.344,-0.973,65.4,44.5,4.8711,0.597,3.674,44 0 194 199
leucine,13,tyrosine,1,2,11,2,9.623,11.344,-0.973,65.4,44.5,1.2003,0.597,3.73,44 0 164 159 180 180
leucine,13,tyrosine,1,2,11,3,9.623,11.344,-0.973,65.4,44.5,0.0,0.796,3.859,13 344 276 22 64 218 193 171
leucine,13,tyrosine,1,2,11,4,9.623,11.344,-0.973,65.4,44.5,0.0,1.663,5.58,337 322 282 318 315 207 174 114 138 200
leucine,13,tyrosine,1,2,12,0,9.623,9.647,-0.973,58.9,111.6,5.9983,0.311,3.965,36 0
leucine,13,tyrosine,1,2,12,1,9.623,9.647,-0.973,58.9,111.6,2.8,0.304,3.919,36 0 212 253
leucine,13,tyrosine,1,2,12,2,9.623,9.647,-0.973,58.9,111.6,0.0,1.047,3.946,43 293 224 117 139 194
leucine,13,tyrosine,1,2,12,3,9.623,9.647,-0.973,58.9,111.6,0.0,1.439,4.955,349 341 296 43 81 251 215 151
leucine,13,tyrosine,1,2,12,4,9.623,9.647,-0.973,58.9,111.6,0.0,1.529,4.693,304 326 283 301 321 235 188 90 128 209
leucine,13,tyrosine,1,2,13,0,9.623,11.215,-0.973,53.0,50.5,8.6799,0.812,3.571,49 360
leucine,13,tyrosine,1,2,13,1,9.623,11.215,-0.973,53.0,50.5,5.8122,0.844,2.851,50 0 150 79
leucine,13,tyrosine,1,2,13,2,9.623,11.215,-0.973,53.0,50.5,2.1414,0.844,2.136,50 360 150 79 180 180
leucine,13,tyrosine,1,2,13,3,9.623,11.215,-0.973,53.0,50.5,0.0,0.589,1.644,39 320 258 39 78 209 188 172
leucine,13,tyrosine,1,2,13,4,9.623,11.215,-0.973,53.0,50.5,0.0,0.488,2.348,31 335 295 40 74 250 223 142 160 194
leucine,13,tyrosine,1,13,11,0,9.623,12.051,-0.973,32.9,33.4,10.5423,0.211,3.938,334 0
leucine,13,tyrosine,1,13,11,1,9.623,12.051,-0.973,32.9,33.4,8.1188,0.239,3.397,335 0 197 323
leucine,13,tyrosine,1,13,11,2,9.623,12.051,-0.973,32.9,33.4,4.448,0.239,3.12,335 0 198 322 180 180
leucine,13,tyrosine,1,13,11,3,9.623,12.051,-0.973,32.9,33.4,0.8462,0.239,3.527,335 360 206 310 180 180 180 180
leucine,13,tyrosine,1,13,11,4,9.623,12.051,-0.973,32.9,33.4,0.0,0.368,0.758,297 62 99 293 260 140 160 197 189 176
leucine,13,tyrosine,1,13,12,0,9.623,10.085,-0.973,39.3,114.3,6.9899,0.27,3.726,328 360
leucine,13,tyrosine,1,13,12,1,9.623,10.085,-0.973,39.3,114.3,4.3662,0.29,2.984,328 0 204 305
leucine,13,tyrosine,1,13,12,2,9.623,10.085,-0.973,39.3,114.3,0.6953,0.29,2.813,328 360 204 304 180 180
leucine,13,tyrosine,1,13,12,3,9.623,10.085,-0.973,39.3,114.3,0.0,1.664,2.611,353 39 84 309 270 117 150 204
leucine,13,tyrosine,1,13,12,4,9.623,10.085,-0.973,39.3,114.3,0.0,1.146,2.362,349 20 59 326 291 92 124 236 210 158
leucine,13,tyrosine,1,13,13,0,9.623,11.427,-0.973,43.3,62.5,8.5505,0.9,3.088,312 360
leucine,13,tyrosine,1,13,13,1,9.623,11.427,-0.973,43.3,62.5,5.6081,0.881,2.22,313 360 211 275
leucine,13,tyrosine,1,13,13,2,9.623,11.427,-0.973,43.3,62.5,1.9373,0.881,1.99,313 0 211 275 180 180
leucine,13,tyrosine,1,13,13,3,9.623,11.427,-0.973,43.3,62.5,0.0,0.577,1.427,326 37 99 324 281 145 169 190
leucine,13,tyrosine,1,13,13,4,9.623,11.427,-0.973,43.3,62.5,0.0,0.546,0.76,332 24 64 321 288 109 136 222 202 164
leucine,13,phenylalanine,4,1,12,0,12.692,10.769,-0.053,118.1,138.4,7.0798,1.694,1.204,54 253
leucine,13,phenylalanine,4,1,12,1,12.692,10.769,-0.053,118.1,138.4,3.409,1.688,0.424,54 253 180 180
leucine,13,phenylalanine,4,1,12,2,12.692,10.769,-0.053,118.1,138.4,0.0,1.447,0.847,341 84 235 208 175 162
leucine,13,phenylalanine,4,1,12,3,12.692,10.769,-0.053,118.1,138.4,0.0,0.63,0.732,334 22 323 24 69 245 212 157
leucine,13,phenylalanine,4,1,12,4,12.692,10.769,-0.053,118.1,138.4,0.0,1.467,0.267,107 259 171 202 239 150 170 313 237 64
leucine,13,phenylalanine,4,1,13,0,12.692,13.102,-0.053,114.3,39.2,10.2839,1.502,1.287,1 99
leucine,13,phenylalanine,4,1,13,1,12.692,13.102,-0.053,114.3,39.2,6.6131,1.504,1.171,65 260 180 180
leucine,13,phenylalanine,4,1,13,2,12.692,13.102,-0.053,114.3,39.2,3.0114,1.527,0.424,355 100 180 180 180 180
leucine,13,phenylalanine,4,1,13,3,12.692,13.102,-0.053,114.3,39.2,0.0,1.529,0.418,82 222 189 141 155 180 177 181
leucine,13,phenylalanine,4,1,13,4,12.692,13.102,-0.053,114.3,39.2,0.0,1.664,0.672,128 206 195 118 126 205 195 160 169 188
leucine,13,phenylalanine,4,1,14,0,12.692,11.685,-0.053,109.0,96.6,7.8504,1.423,1.284,48 271
leucine,13,phenylalanine,4,1,14,1,12.692,11.685,-0.053,109.0,96.6,4.1795,1.435,0.979,346 89 180 180
leucine,13,phenylalanine,4,1,14,2,12.692,11.685,-0.053,109.0,96.6,0.5778,1.582,0.773,340 91 180 180 180 180
leucine,13,phenylalanine,4,1,14,3,12.692,11.685,-0.053,109.0,96.6,0.0,0.71,1.224,51 303 156 138 266 29 291 95
leucine,13,phenylalanine,4,1,14,4,12.692,11.685,-0.053,109.0,96.6,0.0,0.87,0.319,313 146 84 137 151 54 329 250 26 316
leucine,13,phenylalanine,4,2,12,0,12.692,12.877,-0.053,29.5,132.7,10.1337,1.481,3.135,65 360
leucine,13,phenylalanine,4,2,12,1,12.692,12.877,-0.053,29.5,132.7,7.6393,1.521,2.094,66 360 160 43
leucine,13,phenylalanine,4,2,12,2,12.692,12.877,-0.053,29.5,132.7,3.9685,1.521,0.469,66 360 160 44 180 180
leucine,13,phenylalanine,4,2,12,3,12.692,12.877,-0.053,29.5,132.7,0.3668,1.521,0.748,66 360 152 54 180 180 180 180
leucine,13,phenylalanine,4,2,12,4,12.692,12.877,-0.053,29.5,132.7,0.0,0.562,0.115,58 317 276 53 88 237 214 162 171 185
leucine,13,phenylalanine,4,2,13,0,12.692,15.129,-0.053,28.4,38.2,13.6197,1.165,3.328,58 360
leucine,13,phenylalanine,4,2,13,1,12.692,15.129,-0.053,28.4,38.2,11.2852,1.13,2.25,57 0 170 21
leucine,13,phenylalanine,4,2,13,2,12.692,15.129,-0.053,28.4,38.2,7.6143,1.13,1.204,57 0 191 337 180 180
leucine,13,phenylalanine,4,2,13,3,12.692,15.129,-0.053,28.4,38.2,4.0126,1.13,1.074,57 0 158 40 180 180 180 180
leucine,13,phenylalanine,4,2,13,4,12.692,15.129,-0.053,28.4,38.2,0.3517,1.13,1.11,57 360 200 323 180 180 180 180 180 180
leucine,13,phenylalanine,4,2,14,0,12.692,13.506,-0.053,34.0,104.1,10.5293,0.84,3.551,50 360
leucine,13,phenylalanine,4,2,14,1,12.692,13.506,-0.053,34.0,104.1,7.9226,0.858,2.619,50 360 156 57
leucine,13,phenylalanine,4,2,14,2,12.692,13.506,-0.053,34.0,104.1,4.2517,0.858,1.497,50 0 155 57 180 180
leucine,13,phenylalanine,4,2,14,3,12.692,13.506,-0.053,34.0,104.1,0.65,0.858,1.927,50 360 149 64 180 180 180 180
leucine,13,phenylalanine,4,2,14,4,12.692,13.506,-0.053,34.0,104.1,0.0,0.489,1.005,54 315 273 49 85 232 209 163 171 184
leucine,13,phenylalanine,4,13,12,0,12.692,12.051,-0.053,68.2,139.0,8.4693,1.404,2.682,300 0
leucine,13,phenylalanine,4,13,12,1,12.692,12.051,-0.053,68.2,139.0,5.0218,1.38,1.558,301 0 205 221
leucine,13,phenylalanine,4,13,12,2,12.692,12.051,-0.053,68.2,139.0,1.3509,1.38,1.575,301 0 206 221 180 180
leucine,13,phenylalanine,4,13,12,3,12.692,12.051,-0.053,68.2,139.0,0.0,0.323,0.969,330 17 92 335 290 141 167 187
leucine,13,phenylalanine,4,13,12,4,12.692,12.051,-0.053,68.2,139.0,0.0,0.48,1.9,337 10 50 321 293 116 138 223 204 163
leucine,13,phenylalanine,4,13,13,0,12.692,14.238,-0.053,70.5,47.1,11.233,1.325,2.74,302 360
leucine,13,phenylalanine,4,13,13,1,12.692,14.238,-0.053,70.5,47.1,7.5864,1.327,1.666,302 0 180 180
leucine,13,phenylalanine,4,13,13,2,12.692,14.238,-0.053,70.5,47.1,3.9487,1.279,1.613,309 348 180 180 180 180
leucine,13,phenylalanine,4,13,13,3,12.692,14.238,-0.053,70.5,47.1,0.3018,1.328,1.427,302 0 170 170 180 180 180 180
leucine,13,phenylalanine,4,13,13,4,12.692,14.238,-0.053,70.5,47.1,0.0,0.309,0.552,327 1 80 20 317 23 37 181 170 178
leucine,13,phenylalanine,4,13,14,0,12.692,12.869,-0.053,63.7,100.9,9.1495,1.05,2.958,309 360
leucine,13,phenylalanine,4,13,14,1,12.692,12.869,-0.053,63.7,100.9,5.7635,1.04,2.351,309 360 208 229
leucine,13,phenylalanine,4,13,14,2,12.692,12.869,-0.053,63.7,100.9,2.0927,1.04,1.984,309 360 151 130 180 180
leucine,13,phenylalanine,4,13,14,3,12.692,12.869,-0.053,63.7,100.9,0.0,0.304,1.384,325 24 107 352 300 151 174 179
leucine,13,phenylalanine,4,13,14,4,12.692,12.869,-0.053,63.7,100.9,0.0,1.398,1.471,345 40 113 72 64 348 73 256 202 163
serine,31,arginine,3,3,16,0,6.799,5.722,-0.13,69.4,170.0,2.9114,1.73,4.907,222 360
serine,31,arginine,3,3,16,1,6.799,5.722,-0.13,69.4,170.0,0.0,1.665,4.638,226 68 128 234
serine,31,arginine,3,3,16,2,6.799,5.722,-0.13,69.4,170.0,0.0,1.644,4.177,261 72 67 294 219 86
serine,31,arginine,3,3,16,3,6.799,5.722,-0.13,69.4,170.0,0.0,1.525,2.663,278 111 57 240 260 71 113 243
serine,31,arginine,3,3,16,4,6.799,5.722,-0.13,69.4,170.0,0.0,1.665,3.699,267 17 26 314 322 76 85 291 235 114
serine,31,arginine,3,3,17,0,6.799,7.947,-0.13,76.9,57.2,4.7459,1.73,4.929,212 34
serine,31,arginine,3,3,17,1,6.799,7.947,-0.13,76.9,57.2,1.0751,1.73,4.949,211 35 180 180
serine,31,arginine,3,3,17,2,6.799,7.947,-0.13,76.9,57.2,0.0,1.402,5.179,216 90 112 222 200 163
serine,31,arginine,3,3,17,3,6.799,7.947,-0.13,76.9,57.2,0.0,0.426,4.013,227 155 80 202 222 99 126 228
serine,31,arginine,3,3,17,4,6.799,7.947,-0.13,76.9,57.2,0.0,1.664,4.52,319 212 186 56 136 142 101 252 223 133
serine,31,arginine,3,3,18,0,6.799,7.911,-0.13,66.8,58.7,4.7792,1.73,4.042,257 0
serine,31,arginine,3,3,18,1,6.799,7.911,-0.13,66.8,58.7,1.3856,1.73,3.187,257 360 209 233
serine,31,arginine,3,3,18,2,6.799,7.911,-0.13,66.8,58.7,0.0,1.663,2.493,228 102 126 227 204 161
serine,31,arginine,3,3,18,3,6.799,7.911,-0.13,66.8,58.7,0.0,1.04,1.892,204 137 113 226 233 133 151 206
serine,31,arginine,3,3,18,4,6.799,7.911,-0.13,66.8,58.7,0.0,0.982,1.535,201 155 137 219 225 111 122 233 210 155
serine,31,arginine,3,4,16,0,6.799,6.134,-0.13,54.0,146.2,2.8276,1.726,2.782,134 0
serine,31,arginine,3,4,16,1,6.799,6.134,-0.13,54.0,146.2,0.0,1.665,2.934,140 15 130 63
serine,31,arginine,3,4,16,2,6.799,6.134,-0.13,54.0,146.2,0.0,1.282,0.877,100 303 267 45 144 271
serine,31,arginine,3,4,16,3,6.799,6.134,-0.13,54.0,146.2,0.0,1.469,0.56,68 305 276 81 117 256 220 149
serine,31,arginine,3,4,16,4,6.799,6.134,-0.13,54.0,146.2,0.0,1.186,0.841,38 333 298 75 104 258 236 140 160 196
serine,31,arginine,3,4,17,0,6.799,8.361,-0.13,61.4,49.3,5.4728,1.726,3.247,153 0
serine,31,arginine,3,4,17,1,6.799,8.361,-0.13,61.4,49.3,2.1299,1.726,3.22,151 360 210 239
serine,31,arginine,3,4,17,2,6.799,8.361,-0.13,61.4,49.3,0.0,0.781,1.888,134 295 250 117 151 202
serine,31,arginine,3,4,17,3,6.799,8.361,-0.13,61.4,49.3,0.0,0.439,0.836,106 287 266 112 134 224 203 162
serine,31,arginine,3,4,17,4,6.799,8.361,-0.13,61.4,49.3,0.0,1.296,0.593,68 353 316 55 87 259 235 141 160 196
serine,31,arginine,3,4,18,0,6.799,8.288,-0.13,51.9,52.4,5.8006,1.726,2.335,115 0
serine,31,arginine,3,4,18,1,6.799,8.288,-0.13,51.9,52.4,3.0414,1.726,2.113,114 360 207 293
serine,31,arginine,3,4,18,2,6.799,8.288,-0.13,51.9,52.4,0.0,0.863,1.584,108 14 184 230 323 214
serine,31,arginine,3,4,18,3,6.799,8.288,-0.13,51.9,52.4,0.0,1.11,0.62,89 291 263 101 127 226 204 162
serine,31,arginine,3,4,18,4,6.799,8.288,-0.13,51.9,52.4,0.0,0.293,0.42,63 323 301 81 91 226 216 143 158 197
serine,31,arginine,3,5,16,0,6.799,3.908,-0.13,161.2,150.3,1.0989,1.726,4.202,180 180
serine,31,arginine,3,5,16,1,6.799,3.908,-0.13,161.2,150.3,0.0,1.665,3.147,70 97 256 2
serine,31,arginine,3,5,16,2,6.799,3.908,-0.13,161.2,150.3,0.0,1.665,1.252,6 42 294 29 148 352
serine,31,arginine,3,5,16,3,6.799,3.908,-0.13,161.2,150.3,0.0,0.519,2.445,161 131 242 131 72 316 217 28
serine,31,arginine,3,5,16,4,6.799,3.908,-0.13,161.2,150.3,0.0,1.665,4.292,141 1 93 52 13 307 284 48 120 270
serine,31,arginine,3,5,17,0,6.799,6.308,-0.13,157.8,42.9,3.4954,1.726,4.412,144 180
serine,31,arginine,3,5,17,1,6.799,6.308,-0.13,157.8,42.9,0.0,1.664,4.337,135 169 164 133
serine,31,arginine,3,5,17,2,6.799,6.308,-0.13,157.8,42.9,0.0,1.664,2.499,43 144 174 106 106 261
serine,31,arginine,3,5,17,3,6.799,6.308,-0.13,157.8,42.9,0.0,1.664,3.18,212 16 58 61 70 271 232 138
serine,31,arginine,3,5,17,4,6.799,6.308,-0.13,157.8,42.9,0.0,1.247,1.791,89 354 43 86 66 235 222 122 146 205
serine,31,arginine,3,5,18,0,6.799,5.945,-0.13,166.8,57.8,2.9366,1.726,2.42,44 180
serine,31,arginine,3,5,18,1,6.799,5.945,-0.13,166.8,57.8,0.0,1.663,2.386,46 167 158 81
serine,31,arginine,3,5,18,2,6.799,5.945,-0.13,166.8,57.8,0.0,1.425,1.309,49 157 195 118 106 267
serine,31,arginine,3,5,18,3,6.799,5.945,-0.13,166.8,57.8,0.0,0.66,0.63,328 198 174 85 60 263 228 127
serine,31,arginine,3,5,18,4,6.799,5.945,-0.13,166.8,57.8,0.0,0.563,2.042,276 212 197 49 60 284 259 107 142 213
serine,31,lysine,5,3,13,0,7.447,7.563,0.011,20.1,141.3,5.3459,1.73,3.994,354 0
serine,31,lysine,5,3,13,1,7.447,7.563,0.011,20.1,141.3,3.4697,1.73,3.55,360 360 180 360
serine,31,lysine,5,3,13,2,7.447,7.563,0.011,20.1,141.3,0.2694,1.73,2.841,5 0 180 0 148 96
serine,31,lysine,5,3,13,3,7.447,7.563,0.011,20.1,141.3,0.0,1.663,2.439,341 66 104 296 257 103 141 211
serine,31,lysine,5,3,13,4,7.447,7.563,0.011,20.1,141.3,0.0,0.823,1.169,309 62 92 291 262 110 136 225 203 163
serine,31,lysine,5,3,14,0,7.447,9.299,0.011,32.1,66.8,6.7249,1.73,4.256,5 360
serine,31,lysine,5,3,14,1,7.447,9.299,0.011,32.1,66.8,4.2098,1.73,3.915,4 360 162 38
serine,31,lysine,5,3,14,2,7.447,9.299,0.011,32.1,66.8,0.5389,1.73,3.828,4 360 199 320 180 180
serine,31,lysine,5,3,14,3,7.447,9.299,0.011,32.1,66.8,0.0,1.664,3.85,353 317 273 45 86 254 216 151
serine,31,lysine,5,3,14,4,7.447,9.299,0.011,32.1,66.8,0.0,1.587,4.085,7 323 287 42 78 258 224 122 149 202
serine,31,lysine,5,3,15,0,7.447,9.978,0.011,18.7,37.2,9.1463,1.73,4.044,356 360
serine,31,lysine,5,3,15,1,7.447,9.978,0.011,18.7,37.2,7.4042,1.73,4.279,15 360 180 0
serine,31,lysine,5,3,15,2,7.447,9.978,0.011,18.7,37.2,3.9636,1.73,3.461,16 0 180 0 155 141
serine,31,lysine,5,3,15,3,7.447,9.978,0.011,18.7,37.2,0.2927,0.848,3.376,16 0 180 0 154 140 180 180
serine,31,lysine,5,3,15,4,7.447,9.978,0.011,18.7,37.2,0.0,0.847,0.592,289 66 97 281 253 126 146 205 193 171
serine,31,lysine,5,4,13,0,7.447,6.23,0.011,79.9,158.6,3.05,1.613,1.365,39 0
serine,31,lysine,5,4,13,1,7.447,6.23,0.011,79.9,158.6,0.0,1.663,1.529,29 324 217 148
serine,31,lysine,5,4,13,2,7.447,6.23,0.011,79.9,158.6,0.0,1.663,2.195,346 337 282 78 124 222
serine,31,lysine,5,4,13,3,7.447,6.23,0.011,79.9,158.6,0.0,1.663,1.923,329 347 316 64 93 261 223 143
serine,31,lysine,5,4,13,4,7.447,6.23,0.011,79.9,158.6,0.0,1.663,2.741,334 13 345 27 41 290 263 78 128 230
serine,31,lysine,5,4,14,0,7.447,8.273,0.011,76.1,62.0,4.9708,1.562,1.673,21 360
serine,31,lysine,5,4,14,1,7.447,8.273,0.011,76.1,62.0,1.3306,1.561,1.38,21 0 180 180
serine,31,lysine,5,4,14,2,7.447,8.273,0.011,76.1,62.0,0.0,1.664,2.746,349 312 257 107 136 203
serine,31,lysine,5,4,14,3,7.447,8.273,0.011,76.1,62.0,0.0,1.664,2.463,1 189 78 170 260 357 267 107
serine,31,lysine,5,4,14,4,7.447,8.273,0.011,76.1,62.0,0.0,1.651,3.768,297 341 293 308 317 240 181 60 113 212
serine,31,lysine,5,4,15,0,7.447,8.604,0.011,82.6,48.4,5.5999,1.726,1.226,72 311
serine,31,lysine,5,4,15,1,7.447,8.604,0.011,82.6,48.4,1.9291,1.726,0.369,73 310 180 180
serine,31,lysine,5,4,15,2,7.447,8.604,0.011,82.6,48.4,0.0,1.407,2.24,12 333 259 130 146 180
serine,31,lysine,5,4,15,3,7.447,8.604,0.011,82.6,48.4,0.0,1.663,2.127,348 349 308 56 88 240 210 155
serine,31,lysine,5,4,15,4,7.447,8.604,0.011,82.6,48.4,0.0,1.486,1.633,9 358 322 42 59 246 228 121 145 206
serine,31,lysine,5,5,13,0,7.447,6.217,0.011,80.4,138.4,2.5506,1.576,1.006,312 30
serine,31,lysine,5,5,13,1,7.447,6.217,0.011,80.4,138.4,0.0,1.485,1.069,336 21 109 251
serine,31,lysine,5,5,13,2,7.447,6.217,0.011,80.4,138.4,0.0,1.171,0.779,357 32 84 279 233 139
serine,31,lysine,5,5,13,3,7.447,6.217,0.011,80.4,138.4,0.0,0.216,0.863,21 14 51 301 266 100 138 215
serine,31,lysine,5,5,13,4,7.447,6.217,0.011,80.4,138.4,0.0,1.663,0.414,87 11 45 71 55 94 139 309 255 128
serine,31,lysine,5,5,14,0,7.447,8.274,0.011,76.1,52.0,5.285,1.376,1.272,335 0
serine,31,lysine,5,5,14,1,7.447,8.274,0.011,76.1,52.0,1.9033,1.374,1.331,336 360 210 236
serine,31,lysine,5,5,14,2,7.447,8.274,0.011,76.1,52.0,0.0,1.546,0.877,356 44 117 254 235 175
serine,31,lysine,5,5,14,3,7.447,8.274,0.011,76.1,52.0,0.0,0.893,0.545,326 215 293 173 98 9 95 253
serine,31,lysine,5,5,14,4,7.447,8.274,0.011,76.1,52.0,0.0,0.765,2.653,78 43 73 18 68 93 190 309 265 174
serine,31,lysine,5,5,15,0,7.447,8.423,0.011,89.3,45.5,5.4928,1.726,0.995,286 61
serine,31,lysine,5,5,15,1,7.447,8.423,0.011,89.3,45.5,1.822,1.726,0.745,338 299 180 180
serine,31,lysine,5,5,15,2,7.447,8.423,0.011,89.3,45.5,0.0,0.606,1.215,331 6 134 183 206 226
serine,31,lysine,5,5,15,3,7.447,8.423,0.011,89.3,45.5,0.0,0.674,0.76,13 11 52 305 274 121 151 205
serine,31,lysine,5,5,15,4,7.447,8.423,0.011,89.3,45.5,0.0,0.888,0.513,5 344 24 323 305 97 116 246 219 150
serine,31,aspartic,21,3,3,0,5.832,6.68,0.988,56.1,86.2,3.2057,1.73,4.907,155 0
serine,31,aspartic,21,3,3,1,5.832,6.68,0.988,56.1,86.2,0.2302,1.73,4.723,158 360 209 286
serine,31,aspartic,21,3,3,2,5.832,6.68,0.988,56.1,86.2,0.0,1.664,4.201,113 323 248 59 132 230
serine,31,aspartic,21,3,3,3,5.832,6.68,0.988,56.1,86.2,0.0,1.098,5.363,183 166 294 100 180 326 133 232
serine,31,aspartic,21,3,3,4,5.832,6.68,0.988,56.1,86.2,0.0,1.664,4.807,35 336 301 75 104 264 240 136 158 198
serine,31,aspartic,21,3,4,0,5.832,8.256,0.988,47.2,9.9,6.6669,1.73,5.005,183 360
serine,31,aspartic,21,3,4,1,5.832,8.256,0.988,47.2,9.9,3.6439,1.73,4.986,180 360 149 92
serine,31,aspartic,21,3,4,2,5.832,8.256,0.988,47.2,9.9,0.0,1.328,5.012,186 355 149 92 167 170
serine,31,aspartic,21,3,4,3,5.832,8.256,0.988,47.2,9.9,0.0,1.346,5.643,131 295 258 107 144 227 204 164
serine,31,aspartic,21,3,4,4,5.832,8.256,0.988,47.2,9.9,0.0,1.322,4.017,74 310 274 87 120 239 220 161 172 186
serine,31,aspartic,21,3,5,0,5.832,6.197,0.988,53.9,104.9,2.7319,1.73,5.011,184 360
serine,31,aspartic,21,3,5,1,5.832,6.197,0.988,53.9,104.9,0.0,1.663,4.472,180 2 201 313
serine,31,aspartic,21,3,5,2,5.832,6.197,0.988,53.9,104.9,0.0,1.442,3.989,224 40 116 301 229 136
serine,31,aspartic,21,3,5,3,5.832,6.197,0.988,53.9,104.9,0.0,1.663,3.244,268 52 87 275 235 111 145 206
serine,31,aspartic,21,3,5,4,5.832,6.197,0.988,53.9,104.9,0.0,1.663,2.861,320 29 64 290 259 94 121 226 203 162
serine,31,aspartic,21,4,3,0,5.832,4.792,0.988,134.4,85.3,1.1036,1.726,3.207,151 180
serine,31,aspartic,21,4,3,1,5.832,4.792,0.988,134.4,85.3,0.0,1.185,2.494,126 200 170 239
serine,31,aspartic,21,4,3,2,5.832,4.792,0.988,134.4,85.3,0.0,1.664,4.432,220 169 247 68 121 264
serine,31,aspartic,21,4,3,3,5.832,4.792,0.988,134.4,85.3,0.0,1.664,4.489,269 169 249 81 81 302 253 121
serine,31,aspartic,21,4,3,4,5.832,4.792,0.988,134.4,85.3,0.0,1.664,4.528,265 141 213 94 79 307 283 85 129 223
serine,31,aspartic,21,4,4,0,5.832,6.414,0.988,120.1,9.2,4.4268,1.471,1.732,77 113
serine,31,aspartic,21,4,4,1,5.832,6.414,0.988,120.1,9.2,0.7559,0.609,2.021,140 247 180 180
serine,31,aspartic,21,4,4,2,5.832,6.414,0.988,120.1,9.2,0.0,0.893,3.745,175 185 244 88 112 234
serine,31,aspartic,21,4,4,3,5.832,6.414,0.988,120.1,9.2,0.0,1.09,4.342,212 197 238 85 92 260 226 142
serine,31,aspartic,21,4,4,4,5.832,6.414,0.988,120.1,9.2,0.0,1.202,4.377,238 178 201 119 106 240 242 132 151 206
serine,31,aspartic,21,4,5,0,5.832,4.845,0.988,104.6,83.4,1.1844,1.726,2.307,114 62
serine,31,aspartic,21,4,5,1,5.832,4.845,0.988,104.6,83.4,0.0,0.515,3.242,174 247 219 159
serine,31,aspartic,21,4,5,2,5.832,4.845,0.988,104.6,83.4,0.0,1.663,4.077,193 179 269 94 122 249
serine,31,aspartic,21,4,5,3,5.832,4.845,0.988,104.6,83.4,0.0,1.522,4.511,230 146 259 120 103 282 237 123
serine,31,aspartic,21,4,5,4,5.832,4.845,0.988,104.6,83.4,0.0,1.362,3.602,168 144 231 159 110 284 263 55 126 245
serine,31,aspartic,21,5,3,0,5.832,5.748,0.988,90.6,64.8,2.4182,1.726,3.161,220 360
serine,31,aspartic,21,5,3,1,5.832,5.748,0.988,90.6,64.8,0.0,1.075,3.24,192 89 133 215
serine,31,aspartic,21,5,3,2,5.832,5.748,0.988,90.6,64.8,0.0,1.642,4.086,185 174 91 240 221 131
serine,31,aspartic,21,5,3,3,5.832,5.748,0.988,90.6,64.8,0.0,1.228,4.342,171 205 101 218 241 93 129 232
serine,31,aspartic,21,5,3,4,5.832,5.748,0.988,90.6,64.8,0.0,1.664,0.711,263 112 92 223 236 79 93 273 230 135
serine,31,aspartic,21,5,4,0,5.832,6.647,0.988,109.6,23.7,4.2996,1.726,2.311,275 243
serine,31,aspartic,21,5,4,1,5.832,6.647,0.988,109.6,23.7,0.6288,1.147,2.807,213 117 180 180
serine,31,aspartic,21,5,4,2,5.832,6.647,0.988,109.6,23.7,0.0,1.663,4.345,170 184 116 249 228 127
serine,31,aspartic,21,5,4,3,5.832,6.647,0.988,109.6,23.7,0.0,1.663,4.392,141 192 131 237 242 103 137 220
serine,31,aspartic,21,5,4,4,5.832,6.647,0.988,109.6,23.7,0.0,1.663,4.436,156 215 157 212 237 102 116 257 221 145
serine,31,aspartic,21,5,5,0,5.832,4.603,0.988,115.4,108.1,0.722,1.726,2.57,254 253
serine,31,aspartic,21,5,5,1,5.832,4.603,0.988,115.4,108.1,0.0,1.635,4.084,181 149 140 229
serine,31,aspartic,21,5,5,2,5.832,4.603,0.988,115.4,108.1,0.0,1.663,4.409,144 181 98 297 246 82
serine,31,aspartic,21,5,5,3,5.832,4.603,0.988,115.4,108.1,0.0,1.663,3.751,104 192 124 270 247 79 140 228
serine,31,aspartic,21,5,5,4,5.832,4.603,0.988,115.4,108.1,0.0,1.663,1.355,55 224 157 241 260 105 122 261 227 145
serine,31,glutamic,22,3,4,0,7.491,6.191,0.128,87.3,141.6,2.5747,1.73,3.789,261 33
serine,31,glutamic,22,3,4,1,7.491,6.191,0.128,87.3,141.6,0.0,1.664,3.371,284 58 103 267
serine,31,glutamic,22,3,4,2,7.491,6.191,0.128,87.3,141.6,0.0,0.659,3.32,243 141 110 269 242 120
serine,31,glutamic,22,3,4,3,7.491,6.191,0.128,87.3,141.6,0.0,0.835,3.9,208 145 126 259 255 102 137 220
serine,31,glutamic,22,3,4,4,7.491,6.191,0.128,87.3,141.6,0.0,0.783,2.644,187 156 145 239 248 114 122 239 214 151
serine,31,glutamic,22,3,5,0,7.491,7.577,0.128,91.7,79.5,3.9471,1.73,4.435,288 298
serine,31,glutamic,22,3,5,1,7.491,7.577,0.128,91.7,79.5,0.2763,1.73,4.285,236 63 180 180
serine,31,glutamic,22,3,5,2,7.491,7.577,0.128,91.7,79.5,0.0,1.526,4.125,232 122 138 215 198 165
serine,31,glutamic,22,3,5,3,7.491,7.577,0.128,91.7,79.5,0.0,1.663,5.705,176 161 133 255 250 111 141 214
serine,31,glutamic,22,3,5,4,7.491,7.577,0.128,91.7,79.5,0.0,1.663,3.663,170 172 152 230 236 111 122 233 210 155
serine,31,glutamic,22,3,6,0,7.491,8.66,0.128,89.3,34.6,6.0003,1.73,3.971,317 299
serine,31,glutamic,22,3,6,1,7.491,8.66,0.128,89.3,34.6,2.3295,1.377,3.986,266 62 180 180
serine,31,glutamic,22,3,6,2,7.491,8.66,0.128,89.3,34.6,0.0,1.663,5.006,243 126 144 215 198 166
serine,31,glutamic,22,3,6,3,7.491,8.66,0.128,89.3,34.6,0.0,0.759,4.188,219 142 139 240 229 134 155 201
serine,31,glutamic,22,3,6,4,7.491,8.66,0.128,89.3,34.6,0.0,1.53,3.658,204 162 151 224 224 123 136 220 201 162
serine,31,glutamic,22,4,4,0,7.491,7.785,0.128,13.5,133.3,5.7649,1.726,2.699,130 0
serine,31,glutamic,22,4,4,1,7.491,7.785,0.128,13.5,133.3,4.2449,1.726,2.726,131 360 180 360
serine,31,glutamic,22,4,4,2,7.491,7.785,0.128,13.5,133.3,1.2945,1.726,2.767,133 360 180 360 209 286
serine,31,glutamic,22,4,4,3,7.491,7.785,0.128,13.5,133.3,0.0,1.664,0.466,70 298 254 73 126 258 218 154
serine,31,glutamic,22,4,4,4,7.491,7.785,0.128,13.5,133.3,0.0,1.664,0.578,46 319 286 69 99 258 232 135 157 197
serine,31,glutamic,22,4,5,0,7.491,9.108,0.128,27.0,77.5,6.5984,1.726,3.251,153 360
serine,31,glutamic,22,4,5,1,7.491,9.108,0.128,27.0,77.5,4.2942,1.726,3.206,151 360 180 0
serine,31,glutamic,22,4,5,2,7.491,9.108,0.128,27.0,77.5,0.6384,1.726,3.176,150 0 180 0 180 180
serine,31,glutamic,22,4,5,3,7.491,9.108,0.128,27.0,77.5,0.0,1.663,0.916,107 297 258 89 127 230 204 162
serine,31,glutamic,22,4,5,4,7.491,9.108,0.128,27.0,77.5,0.0,1.663,0.481,59 316 282 79 108 245 224 149 164 192
serine,31,glutamic,22,4,6,0,7.491,10.235,0.128,16.2,27.3,9.6941,1.726,1.826,100 360
serine,31,glutamic,22,4,6,1,7.491,10.235,0.128,16.2,27.3,7.8568,1.726,1.209,98 360 180 360
serine,31,glutamic,22,4,6,2,7.491,10.235,0.128,16.2,27.3,4.3492,1.196,0.9,102 0 180 0 160 152
serine,31,glutamic,22,4,6,3,7.491,10.235,0.128,16.2,27.3,0.6784,0.533,0.884,102 360 180 360 159 151 180 180
serine,31,glutamic,22,4,6,4,7.491,10.235,0.128,16.2,27.3,0.0,0.685,0.462,69 303 269 77 107 227 208 160 170 187
serine,31,glutamic,22,5,4,0,7.491,5.572,0.128,112.0,123.5,1.7397,1.726,3.014,90 252
serine,31,glutamic,22,5,4,1,7.491,5.572,0.128,112.0,123.5,0.0,1.664,2.212,75 246 212 147
serine,31,glutamic,22,5,4,2,7.491,5.572,0.128,112.0,123.5,0.0,1.456,3.987,108 179 263 105 123 250
serine,31,glutamic,22,5,4,3,7.491,5.572,0.128,112.0,123.5,0.0,1.118,4.433,157 202 224 105 104 264 227 136
serine,31,glutamic,22,5,4,4,7.491,5.572,0.128,112.0,123.5,0.0,1.664,0.829,6 298 269 111 97 296 287 64 124 251
serine,31,glutamic,22,5,5,0,7.491,6.74,0.128,127.9,76.1,3.1734,1.726,2.868,58 137
serine,31,glutamic,22,5,5,1,7.491,6.74,0.128,127.9,76.1,0.0,1.663,3.814,115 224 202 161
serine,31,glutamic,22,5,5,2,7.491,6.74,0.128,127.9,76.1,0.0,1.663,3.551,132 179 213 120 136 224
serine,31,glutamic,22,5,5,3,7.491,6.74,0.128,127.9,76.1,0.0,1.663,2.44,173 165 205 123 118 259 227 141
serine,31,glutamic,22,5,5,4,7.491,6.74,0.128,127.9,76.1,0.0,1.663,2.779,176 163 191 139 125 248 237 122 148 207
serine,31,glutamic,22,5,6,0,7.491,7.942,0.128,118.5,21.6,5.6228,1.726,2.084,22 92
serine,31,glutamic,22,5,6,1,7.491,7.942,0.128,118.5,21.6,1.952,0.899,2.805,85 268 180 180
serine,31,glutamic,22,5,6,2,7.491,7.942,0.128,118.5,21.6,0.0,0.796,3.766,109 202 201 140 155 200
serine,31,glutamic,22,5,6,3,7.491,7.942,0.128,118.5,21.6,0.0,1.548,2.93,139 188 200 123 126 241 214 150
serine,31,glutamic,22,5,6,4,7.491,7.942,0.128,118.5,21.6,0.0,1.108,2.339,165 182 192 127 120 235 224 133 154 201
serine,31,isoleucine,3,3,4,0,11.103,11.422,-0.754,37.6,115.6,8.3511,1.73,3.436,290 360
serine,31,isoleucine,3,3,4,1,11.103,11.422,-0.754,37.6,115.6,5.7414,1.73,1.698,291 360 157 53
serine,31,isoleucine,3,3,4,2,11.103,11.422,-0.754,37.6,115.6,2.0706,1.6,0.929,291 0 204 306 180 180
serine,31,isoleucine,3,3,4,3,11.103,11.422,-0.754,37.6,115.6,0.0,0.719,0.621,306 46 106 301 267 160 174 183
serine,31,isoleucine,3,3,4,4,11.103,11.422,-0.754,37.6,115.6,0.0,0.937,1.258,323 26 67 311 277 111 137 216 199 167
serine,31,isoleucine,3,3,5,0,11.103,12.772,-0.754,47.1,63.3,9.8209,1.73,3.369,299 360
serine,31,isoleucine,3,3,5,1,11.103,12.772,-0.754,47.1,63.3,6.7823,1.73,2.301,298 0 212 264
serine,31,isoleucine,3,3,5,2,11.103,12.772,-0.754,47.1,63.3,3.1115,1.463,2.01,298 360 212 264 180 180
serine,31,isoleucine,3,3,5,3,11.103,12.772,-0.754,47.1,63.3,0.0,0.908,0.369,291 352 168 26 278 186 179 176
serine,31,isoleucine,3,3,5,4,11.103,12.772,-0.754,47.1,63.3,0.0,0.705,2.717,320 25 70 320 285 120 144 206 193 172
serine,31,isoleucine,3,3,6,0,11.103,13.404,-0.754,41.5,33.7,11.4515,1.73,3.72,272 360
serine,31,isoleucine,3,3,6,1,11.103,13.404,-0.754,41.5,33.7,8.6666,1.73,1.953,272 0 151 75
serine,31,isoleucine,3,3,6,2,11.103,13.404,-0.754,41.5,33.7,4.9958,1.73,0.74,272 360 210 284 180 180
serine,31,isoleucine,3,3,6,3,11.103,13.404,-0.754,41.5,33.7,1.3941,0.897,0.734,272 0 145 80 180 180 180 180
serine,31,isoleucine,3,3,6,4,11.103,13.404,-0.754,41.5,33.7,0.0,0.743,0.433,282 46 93 308 273 140 159 184 181 181
serine,31,isoleucine,3,4,4,0,11.103,10.965,-0.754,58.6,126.1,7.4185,1.726,1.224,72 0
serine,31,isoleucine,3,4,4,1,11.103,10.965,-0.754,58.6,126.1,4.2545,1.726,0.886,73 0 148 105
serine,31,isoleucine,3,4,4,2,11.103,10.965,-0.754,58.6,126.1,0.5836,1.726,0.539,73 360 212 255 180 180
serine,31,isoleucine,3,4,4,3,11.103,10.965,-0.754,58.6,126.1,0.0,1.663,0.496,30 335 279 47 87 225 199 165
serine,31,isoleucine,3,4,4,4,11.103,10.965,-0.754,58.6,126.1,0.0,1.594,0.964,23 346 307 46 74 250 227 136 156 198
serine,31,isoleucine,3,4,5,0,11.103,12.705,-0.754,50.1,56.6,9.9856,1.726,1.308,62 0
serine,31,isoleucine,3,4,5,1,11.103,12.705,-0.754,50.1,56.6,7.0302,1.726,0.382,61 360 149 89
serine,31,isoleucine,3,4,5,2,11.103,12.705,-0.754,50.1,56.6,3.3593,1.726,0.382,61 360 148 89 180 180
serine,31,isoleucine,3,4,5,3,11.103,12.705,-0.754,50.1,56.6,0.0,1.663,0.327,58 5 210 311 108 168 178 181
serine,31,isoleucine,3,4,5,4,11.103,12.705,-0.754,50.1,56.6,0.0,0.795,0.485,50 325 283 47 79 234 211 155 167 188
serine,31,isoleucine,3,4,6,0,11.103,13.033,-0.754,58.4,41.5,10.2925,1.726,1.297,81 360
serine,31,isoleucine,3,4,6,1,11.103,13.033,-0.754,58.4,41.5,6.8923,1.726,1.022,80 0 152 133
serine,31,isoleucine,3,4,6,2,11.103,13.033,-0.754,58.4,41.5,3.2215,1.726,0.622,80 360 208 228 180 180
serine,31,isoleucine,3,4,6,3,11.103,13.033,-0.754,58.4,41.5,0.0,1.664,0.5,80 359 203 283 91 175 192 199
serine,31,isoleucine,3,4,6,4,11.103,13.033,-0.754,58.4,41.5,0.0,1.623,0.636,76 72 96 282 352 56 309 11 81 211
serine,31,isoleucine,3,5,4,0,11.103,9.355,-0.754,122.1,115.4,5.4785,1.726,1.034,13 239
serine,31,isoleucine,3,5,4,1,11.103,9.355,-0.754,122.1,115.4,1.8077,1.726,1.035,312 121 180 180
serine,31,isoleucine,3,5,4,2,11.103,9.355,-0.754,122.1,115.4,0.0,1.297,0.732,299 95 203 39 301 88
serine,31,isoleucine,3,5,4,3,11.103,9.355,-0.754,122.1,115.4,0.0,1.601,1.147,256 153 165 243 231 148 164 194
serine,31,isoleucine,3,5,4,4,11.103,9.355,-0.754,122.1,115.4,0.0,0.701,1.32,40 337 18 8 336 31 78 287 236 136
serine,31,isoleucine,3,5,5,0,11.103,10.897,-0.754,122.2,55.4,7.7088,1.726,1.045,329 109
serine,31,isoleucine,3,5,5,1,11.103,10.897,-0.754,122.2,55.4,4.038,1.726,0.905,32 251 180 180
serine,31,isoleucine,3,5,5,2,11.103,10.897,-0.754,122.2,55.4,0.4362,1.083,0.721,322 108 180 180 180 180
serine,31,isoleucine,3,5,5,3,11.103,10.897,-0.754,122.2,55.4,0.0,1.337,1.572,53 289 173 172 286 60 318 102
serine,31,isoleucine,3,5,5,4,11.103,10.897,-0.754,122.2,55.4,0.0,1.148,0.77,336 109 147 206 133 215 333 122 325 343
serine,31,isoleucine,3,5,6,0,11.103,11.241,-0.754,131.0,39.4,8.4314,1.726,1.542,316 152
serine,31,isoleucine,3,5,6,1,11.103,11.241,-0.754,131.0,39.4,4.7606,1.726,0.388,315 151 180 180
serine,31,isoleucine,3,5,6,2,11.103,11.241,-0.754,131.0,39.4,1.1589,1.331,0.316,6 218 180 180 180 180
serine,31,isoleucine,3,5,6,3,11.103,11.241,-0.754,131.0,39.4,0.0,1.664,1.333,256 159 173 238 231 160 171 189
serine,31,isoleucine,3,5,6,4,11.103,11.241,-0.754,131.0,39.4,0.0,1.664,2.788,222 154 162 255 249 148 159 208 196 168
serine,31,leucine,13,3,1,0,17.122,16.615,-0.32,73.1,118.4,12.7695,1.73,3.979,260 360
serine,31,leucine,13,3,1,1,17.122,16.615,-0.32,73.1,118.4,9.1455,1.73,3.286,260 0 180 180
serine,31,leucine,13,3,1,2,17.122,16.615,-0.32,73.1,118.4,5.4825,1.73,1.045,260 0 180 180 180 180
serine,31,leucine,13,3,1,3,17.122,16.615,-0.32,73.1,118.4,1.8688,1.73,0.323,260 360 162 161 180 180 180 180
serine,31,leucine,13,3,1,4,17.122,16.615,-0.32,73.1,118.4,0.0,1.616,1.032,222 121 140 215 201 161 169 188 184 177
serine,31,leucine,13,3,2,0,17.122,18.674,-0.32,77.4,31.9,16.0201,1.73,4.121,254 360
serine,31,leucine,13,3,2,1,17.122,18.674,-0.32,77.4,31.9,12.355,1.73,3.592,254 0 180 180
serine,31,leucine,13,3,2,2,17.122,18.674,-0.32,77.4,31.9,8.743,1.73,1.407,267 337 180 180 180 180
serine,31,leucine,13,3,2,3,17.122,18.674,-0.32,77.4,31.9,5.082,1.73,0.61,263 345 180 180 180 180 180 180
serine,31,leucine,13,3,2,4,17.122,18.674,-0.32,77.4,31.9,1.4563,0.316,0.738,269 334 180 180 180 180 180 180 180 180
serine,31,leucine,13,3,13,0,17.122,17.888,-0.32,76.6,68.8,14.4122,1.73,3.769,269 0
serine,31,leucine,13,3,13,1,17.122,17.888,-0.32,76.6,68.8,10.7585,1.73,2.874,269 0 180 180
serine,31,leucine,13,3,13,2,17.122,17.888,-0.32,76.6,68.8,7.1293,1.73,1.935,262 13 180 180 180 180
serine,31,leucine,13,3,13,3,17.122,17.888,-0.32,76.6,68.8,3.4704,1.73,1.229,269 360 180 180 180 180 180 180
serine,31,leucine,13,3,13,4,17.122,17.888,-0.32,76.6,68.8,0.0,1.078,1.18,264 29 168 208 183 194 187 171 177 180
serine,31,leucine,13,4,1,0,17.122,17.248,-0.32,46.7,126.5,13.9461,1.726,2.454,120 0
serine,31,leucine,13,4,1,1,17.122,17.248,-0.32,46.7,126.5,10.9681,1.726,2.348,121 0 149 93
serine,31,leucine,13,4,1,2,17.122,17.248,-0.32,46.7,126.5,7.2973,1.726,1.978,121 360 212 267 180 180
serine,31,leucine,13,4,1,3,17.122,17.248,-0.32,46.7,126.5,3.6955,1.726,0.522,121 0 142 94 180 180 180 180
serine,31,leucine,13,4,1,4,17.122,17.248,-0.32,46.7,126.5,0.0346,1.692,0.311,121 360 216 266 180 180 180 180 180 180
serine,31,leucine,13,4,2,0,17.122,19.431,-0.32,46.0,35.0,17.0884,1.726,2.589,126 0
serine,31,leucine,13,4,2,1,17.122,19.431,-0.32,46.0,35.0,13.9652,1.726,2.584,126 360 148 106
serine,31,leucine,13,4,2,2,17.122,19.431,-0.32,46.0,35.0,10.2944,1.726,2.584,126 360 148 106 180 180
serine,31,leucine,13,4,2,3,17.122,19.431,-0.32,46.0,35.0,6.6927,1.726,1.354,126 360 218 254 180 180 180 180
serine,31,leucine,13,4,2,4,17.122,19.431,-0.32,46.0,35.0,3.0317,1.623,0.599,126 360 143 106 180 180 180 180 180 180
serine,31,leucine,13,4,13,0,17.122,18.731,-0.32,40.5,67.4,15.9907,1.726,2.28,113 360
serine,31,leucine,13,4,13,1,17.122,18.731,-0.32,40.5,67.4,13.1771,1.726,2.003,113 360 210 281
serine,31,leucine,13,4,13,2,17.122,18.731,-0.32,40.5,67.4,9.5063,1.726,1.561,113 0 150 79 180 180
serine,31,leucine,13,4,13,3,17.122,18.731,-0.32,40.5,67.4,5.9046,1.726,0.75,113 0 144 83 180 180 180 180
serine,31,leucine,13,4,13,4,17.122,18.731,-0.32,40.5,67.4,2.2436,1.726,0.831,113 0 146 82 180 180 180 180 180 180
serine,31,leucine,13,5,1,0,17.122,14.823,-0.32,156.4,124.7,11.0931,1.726,2.503,47 180
serine,31,leucine,13,5,1,1,17.122,14.823,-0.32,156.4,124.7,7.6362,1.726,1.73,46 180 204 218
serine,31,leucine,13,5,1,2,17.122,14.823,-0.32,156.4,124.7,3.9654,1.726,1.086,46 180 155 141 180 180
serine,31,leucine,13,5,1,3,17.122,14.823,-0.32,156.4,124.7,0.3636,1.519,0.647,46 180 146 135 180 180 180 180
serine,31,leucine,13,5,1,4,17.122,14.823,-0.32,156.4,124.7,0.0,1.385,1.128,128 176 170 138 142 197 190 166 173 185
serine,31,leucine,13,5,2,0,17.122,16.994,-0.32,155.9,33.7,14.4698,1.726,2.905,62 180
serine,31,leucine,13,5,2,1,17.122,16.994,-0.32,155.9,33.7,11.0964,1.726,2.429,63 180 208 228
serine,31,leucine,13,5,2,2,17.122,16.994,-0.32,155.9,33.7,7.4255,1.726,0.897,63 180 152 132 180 180
serine,31,leucine,13,5,2,3,17.122,16.994,-0.32,155.9,33.7,3.8238,1.236,1.014,63 180 144 127 180 180 180 180
serine,31,leucine,13,5,2,4,17.122,16.994,-0.32,155.9,33.7,0.1629,0.567,0.911,63 180 146 128 180 180 180 180 180 180
serine,31,leucine,13,5,13,0,17.122,16.267,-0.32,149.0,67.4,12.824,1.726,2.38,42 180
serine,31,leucine,13,5,13,1,17.122,16.267,-0.32,149.0,67.4,9.1817,1.726,1.873,42 180 180 180
serine,31,leucine,13,5,13,2,17.122,16.267,-0.32,149.0,67.4,5.5366,1.726,0.707,42 180 180 180 180 180
serine,31,leucine,13,5,13,3,17.122,16.267,-0.32,149.0,67.4,1.898,1.673,0.906,42 180 170 170 180 180 180 180
serine,31,leucine,13,5,13,4,17.122,16.267,-0.32,149.0,67.4,0.0,0.814,1.19,109 186 177 142 146 194 188 169 174 184
serine,31,tryptophan,5,3,16,0,8.911,9.631,-0.939,17.3,116.1,7.4285,1.73,4.57,17 0
serine,31,tryptophan,5,3,16,1,8.911,9.631,-0.939,17.3,116.1,5.5499,1.73,4.316,20 0 180 360
serine,31,tryptophan,5,3,16,2,8.911,9.631,-0.939,17.3,116.1,2.1308,1.73,3.065,22 360 180 360 208 228
serine,31,tryptophan,5,3,16,3,8.911,9.631,-0.939,17.3,116.1,0.0,1.663,3.07,25 307 243 64 124 235 205 166
serine,31,tryptophan,5,3,16,4,8.911,9.631,-0.939,17.3,116.1,0.0,1.663,2.269,40 315 282 57 88 256 228 133 155 198
serine,31,tryptophan,5,3,17,0,8.911,11.48,-0.939,8.4,42.1,10.6089,1.73,3.459,325 0
serine,31,tryptophan,5,3,17,1,8.911,11.48,-0.939,8.4,42.1,8.8719,1.73,2.161,330 360 180 360
serine,31,tryptophan,5,3,17,2,8.911,11.48,-0.939,8.4,42.1,5.4709,1.73,1.841,333 360 180 360 152 133
serine,31,tryptophan,5,3,17,3,8.911,11.48,-0.939,8.4,42.1,1.8001,1.73,2.278,333 0 180 0 208 228 180 180
serine,31,tryptophan,5,3,17,4,8.911,11.48,-0.939,8.4,42.1,0.0,1.459,0.53,296 62 119 286 229 129 151 185 181 180
serine,31,tryptophan,5,3,18,0,8.911,11.237,-0.939,19.4,53.3,9.346,1.73,4.952,46 0
serine,31,tryptophan,5,3,18,1,8.911,11.237,-0.939,19.4,53.3,7.0681,1.73,3.907,45 360 180 360
serine,31,tryptophan,5,3,18,2,8.911,11.237,-0.939,19.4,53.3,3.4003,1.73,2.573,45 360 180 360 180 180
serine,31,tryptophan,5,3,18,3,8.911,11.237,-0.939,19.4,53.3,0.0,1.664,2.869,58 341 187 47 138 189 178 186
serine,31,tryptophan,5,3,18,4,8.911,11.237,-0.939,19.4,53.3,0.0,0.943,3.867,51 315 277 58 91 239 215 151 165 190
serine,31,tryptophan,5,4,16,0,8.911,8.067,-0.939,88.9,103.7,4.1967,1.726,1.177,60 319
serine,31,tryptophan,5,4,16,1,8.911,8.067,-0.939,88.9,103.7,0.5259,1.726,0.525,22 42 180 180
serine,31,tryptophan,5,4,16,2,8.911,8.067,-0.939,88.9,103.7,0.0,1.663,2.11,352 333 275 83 125 216
serine,31,tryptophan,5,4,16,3,8.911,8.067,-0.939,88.9,103.7,0.0,0.662,2.061,346 346 307 57 88 243 212 153
serine,31,tryptophan,5,4,16,4,8.911,8.067,-0.939,88.9,103.7,0.0,0.68,2.25,347 14 338 31 52 281 253 100 137 215
serine,31,tryptophan,5,4,17,0,8.911,9.683,-0.939,96.4,39.6,6.8844,1.726,1.016,85 302
serine,31,tryptophan,5,4,17,1,8.911,9.683,-0.939,96.4,39.6,3.2136,1.669,0.401,85 301 180 180
serine,31,tryptophan,5,4,17,2,8.911,9.683,-0.939,96.4,39.6,0.0,0.527,1.203,93 245 220 159 171 186
serine,31,tryptophan,5,4,17,3,8.911,9.683,-0.939,96.4,39.6,0.0,0.606,1.854,112 216 207 130 141 209 195 168
serine,31,tryptophan,5,4,17,4,8.911,9.683,-0.939,96.4,39.6,0.0,1.602,2.828,141 201 202 130 133 225 213 148 163 194
serine,31,tryptophan,5,4,18,0,8.911,9.371,-0.939,102.1,53.9,6.2304,1.726,1.187,360 85
serine,31,tryptophan,5,4,18,1,8.911,9.371,-0.939,102.1,53.9,2.5596,1.726,0.658,62 274 180 180
serine,31,tryptophan,5,4,18,2,8.911,9.371,-0.939,102.1,53.9,0.0,1.664,2.28,3 338 275 146 156 169
serine,31,tryptophan,5,4,18,3,8.911,9.371,-0.939,102.1,53.9,0.0,1.084,3.2,331 6 319 41 77 246 213 153
serine,31,tryptophan,5,4,18,4,8.911,9.371,-0.939,102.1,53.9,0.0,0.66,0.736,45 317 326 338 330 325 277 46 103 241
serine,31,tryptophan,5,5,16,0,8.911,8.205,-0.939,83.8,113.2,4.3234,1.726,0.806,326 333
serine,31,tryptophan,5,5,16,1,8.911,8.205,-0.939,83.8,113.2,0.6525,1.726,0.809,300 29 180 180
serine,31,tryptophan,5,5,16,2,8.911,8.205,-0.939,83.8,113.2,0.0,1.663,0.964,1 32 89 273 233 146
serine,31,tryptophan,5,5,16,3,8.911,8.205,-0.939,83.8,113.2,0.0,1.661,0.93,14 15 58 310 276 114 147 208
serine,31,tryptophan,5,5,16,4,8.911,8.205,-0.939,83.8,113.2,0.0,0.436,1.778,228 191 91 246 230 86 181 225 81 198
serine,31,tryptophan,5,5,17,0,8.911,9.785,-0.939,92.5,51.8,6.689,1.726,1.031,277 74
serine,31,tryptophan,5,5,17,1,8.911,9.785,-0.939,92.5,51.8,3.0182,1.726,0.958,277 75 180 180
serine,31,tryptophan,5,5,17,2,8.911,9.785,-0.939,92.5,51.8,0.0,0.781,0.533,276 122 140 204 192 171
serine,31,tryptophan,5,5,17,3,8.911,9.785,-0.939,92.5,51.8,0.0,0.452,1.101,249 138 148 227 218 155 167 191
serine,31,tryptophan,5,5,17,4,8.911,9.785,-0.939,92.5,51.8,0.0,0.722,3.063,219 151 152 233 230 138 149 211 197 167
serine,31,tryptophan,5,5,18,0,8.911,10.005,-0.939,78.2,41.7,7.2098,1.726,0.928,305 360
serine,31,tryptophan,5,5,18,1,8.911,10.005,-0.939,78.2,41.7,3.7136,1.726,0.93,304 360 204 217
serine,31,tryptophan,5,5,18,2,8.911,10.005,-0.939,78.2,41.7,0.0428,1.63,0.819,304 360 155 142 180 180
serine,31,tryptophan,5,5,18,3,8.911,10.005,-0.939,78.2,41.7,0.0,0.999,0.544,352 19 69 315 281 132 159 198
serine,31,tryptophan,5,5,18,4,8.911,10.005,-0.939,78.2,41.7,0.0,0.412,0.82,347 4 42 325 300 112 134 233 210 158
serine,31,tyrosine,1,3,11,0,11.288,11.632,0.118,97.7,64.8,8.2395,1.73,5.454,196 74
serine,31,tyrosine,1,3,11,1,11.288,11.632,0.118,97.7,64.8,4.5686,1.73,4.866,254 286 180 180
serine,31,tyrosine,1,3,11,2,11.288,11.632,0.118,97.7,64.8,0.9669,1.73,4.796,260 282 180 180 180 180
serine,31,tyrosine,1,3,11,3,11.288,11.632,0.118,97.7,64.8,0.0,1.66,5.698,193 138 146 202 194 166 173 185
serine,31,tyrosine,1,3,11,4,11.288,11.632,0.118,97.7,64.8,0.0,1.663,5.697,173 172 153 203 206 136 144 212 197 166
serine,31,tyrosine,1,3,12,0,11.288,11.796,0.118,97.9,58.3,8.5374,1.73,4.63,276 284
serine,31,tyrosine,1,3,12,1,11.288,11.796,0.118,97.9,58.3,4.8666,1.73,4.98,218 76 180 180
serine,31,tyrosine,1,3,12,2,11.288,11.796,0.118,97.9,58.3,1.2649,1.73,5.149,212 80 180 180 180 180
serine,31,tyrosine,1,3,12,3,11.288,11.796,0.118,97.9,58.3,0.0,1.664,5.621,199 140 148 204 195 165 172 186
serine,31,tyrosine,1,3,12,4,11.288,11.796,0.118,97.9,58.3,0.0,0.445,4.0,184 165 152 210 211 134 143 212 197 166
serine,31,tyrosine,1,3,13,0,11.288,9.555,0.118,95.5,170.9,6.4997,1.73,4.884,214 43
serine,31,tyrosine,1,3,13,1,11.288,9.555,0.118,95.5,170.9,2.8289,1.73,4.872,253 316 180 180
serine,31,tyrosine,1,3,13,2,11.288,9.555,0.118,95.5,170.9,0.0,1.665,5.545,205 126 143 202 190 172
serine,31,tyrosine,1,3,13,3,11.288,9.555,0.118,95.5,170.9,0.0,1.665,4.124,179 162 134 227 225 123 144 207
serine,31,tyrosine,1,3,13,4,11.288,9.555,0.118,95.5,170.9,0.0,1.466,5.48,172 183 153 220 228 96 108 233 209 155
serine,31,tyrosine,1,4,11,0,11.288,12.582,0.118,61.8,66.8,9.2509,1.726,3.511,164 360
serine,31,tyrosine,1,4,11,1,11.288,12.582,0.118,61.8,66.8,5.815,1.726,3.502,164 0 154 137
serine,31,tyrosine,1,4,11,2,11.288,12.582,0.118,61.8,66.8,2.1442,1.726,3.502,164 0 207 224 180 180
serine,31,tyrosine,1,4,11,3,11.288,12.582,0.118,61.8,66.8,0.0,1.663,2.295,144 296 241 129 159 191 184 181
serine,31,tyrosine,1,4,11,4,11.288,12.582,0.118,61.8,66.8,0.0,1.01,0.826,105 289 262 130 152 223 211 165 174 185
serine,31,tyrosine,1,4,12,0,11.288,13.003,0.118,51.1,49.4,10.487,1.726,3.446,161 0
serine,31,tyrosine,1,4,12,1,11.288,13.003,0.118,51.1,49.4,7.5827,1.726,3.461,162 360 150 84
serine,31,tyrosine,1,4,12,2,11.288,13.003,0.118,51.1,49.4,3.9119,1.726,3.461,162 360 149 84 180 180
serine,31,tyrosine,1,4,12,3,11.288,13.003,0.118,51.1,49.4,0.3101,1.234,3.461,162 0 143 87 180 180 180 180
serine,31,tyrosine,1,4,12,4,11.288,13.003,0.118,51.1,49.4,0.0,1.136,1.049,105 309 259 81 124 203 197 210 198 166
serine,31,tyrosine,1,4,13,0,11.288,10.628,0.118,54.6,158.2,7.5045,1.726,3.291,154 360
serine,31,tyrosine,1,4,13,1,11.288,10.628,0.118,54.6,158.2,4.2653,1.726,3.321,156 360 211 248
serine,31,tyrosine,1,4,13,2,11.288,10.628,0.118,54.6,158.2,0.5945,1.726,3.321,156 360 212 248 180 180
serine,31,tyrosine,1,4,13,3,11.288,10.628,0.118,54.6,158.2,0.0,1.457,1.173,115 297 249 114 154 223 201 168
serine,31,tyrosine,1,4,13,4,11.288,10.628,0.118,54.6,158.2,0.0,1.462,0.443,64 321 281 84 115 231 218 172 177 183
serine,31,tyrosine,1,5,11,0,11.288,10.712,0.118,140.7,58.8,7.4495,1.726,4.423,159 204
serine,31,tyrosine,1,5,11,1,11.288,10.712,0.118,140.7,58.8,3.7787,1.726,4.211,123 154 180 180
serine,31,tyrosine,1,5,11,2,11.288,10.712,0.118,140.7,58.8,0.177,1.724,4.061,112 144 180 180 180 180
serine,31,tyrosine,1,5,11,3,11.288,10.712,0.118,140.7,58.8,0.0,1.496,4.201,180 170 191 157 154 211 199 165
serine,31,tyrosine,1,5,11,4,11.288,10.712,0.118,140.7,58.8,0.0,1.663,3.422,205 147 184 161 147 235 227 137 156 200
serine,31,tyrosine,1,5,12,0,11.288,10.864,0.118,141.7,52.4,7.7427,1.726,3.984,118 199
serine,31,tyrosine,1,5,12,1,11.288,10.864,0.118,141.7,52.4,4.0719,1.726,3.603,89 159 180 180
serine,31,tyrosine,1,5,12,2,11.288,10.864,0.118,141.7,52.4,0.4702,1.726,4.21,132 213 180 180 180 180
serine,31,tyrosine,1,5,12,3,11.288,10.864,0.118,141.7,52.4,0.0,0.298,3.841,164 172 187 148 147 212 199 164
serine,31,tyrosine,1,5,12,4,11.288,10.864,0.118,141.7,52.4,0.0,0.209,3.987,187 156 184 150 139 243 234 134 155 201
serine,31,tyrosine,1,5,13,0,11.288,8.578,0.118,141.4,157.0,5.2674,1.726,4.252,127 180
serine,31,tyrosine,1,5,13,1,11.288,8.578,0.118,141.4,157.0,1.7513,1.726,4.316,133 180 202 212
serine,31,tyrosine,1,5,13,2,11.288,8.578,0.118,141.4,157.0,0.0,1.665,4.417,160 176 207 126 142 212
serine,31,tyrosine,1,5,13,3,11.288,8.578,0.118,141.4,157.0,0.0,0.931,3.647,204 171 208 128 115 236 219 148
serine,31,tyrosine,1,5,13,4,11.288,8.578,0.118,141.4,157.0,0.0,0.512,3.247,198 152 182 140 122 265 266 117 144 214
serine,31,phenylalanine,4,3,12,0,4.75,5.87,-0.654,72.0,36.6,3.4526,1.614,3.64,276 360
serine,31,phenylalanine,4,3,12,1,4.75,5.87,-0.654,72.0,36.6,0.2718,0.878,2.158,279 0 212 251
serine,31,phenylalanine,4,3,12,2,4.75,5.87,-0.654,72.0,36.6,0.0,0.89,2.581,281 70 84 265 230 136
serine,31,phenylalanine,4,3,12,3,4.75,5.87,-0.654,72.0,36.6,0.0,0.596,2.348,196 104 77 296 298 71 126 249
serine,31,phenylalanine,4,3,12,4,4.75,5.87,-0.654,72.0,36.6,0.0,0.406,2.483,205 73 78 315 307 90 113 268 227 138
serine,31,phenylalanine,4,3,13,0,4.75,3.725,-0.654,83.7,122.7,0.0,1.664,4.306,241 58
serine,31,phenylalanine,4,3,13,1,4.75,3.725,-0.654,83.7,122.7,0.0,1.664,3.134,282 87 101 288
serine,31,phenylalanine,4,3,13,2,4.75,3.725,-0.654,83.7,122.7,0.0,1.244,2.593,298 140 356 325 283 3
serine,31,phenylalanine,4,3,13,3,4.75,3.725,-0.654,83.7,122.7,0.0,1.664,2.031,29 312 161 305 228 43 142 292
serine,31,phenylalanine,4,3,13,4,4.75,3.725,-0.654,83.7,122.7,0.0,1.664,3.387,25 3 28 289 280 78 97 281 248 139
serine,31,phenylalanine,4,3,14,0,4.75,5.567,-0.654,95.7,50.0,2.5866,1.73,4.559,286 265
serine,31,phenylalanine,4,3,14,1,4.75,5.567,-0.654,95.7,50.0,0.0,1.665,5.044,240 111 142 215
serine,31,phenylalanine,4,3,14,2,4.75,5.567,-0.654,95.7,50.0,0.0,1.193,4.691,199 155 112 259 231 124
serine,31,phenylalanine,4,3,14,3,4.75,5.567,-0.654,95.7,50.0,0.0,1.665,5.018,188 182 125 239 242 86 126 227
serine,31,phenylalanine,4,3,14,4,4.75,5.567,-0.654,95.7,50.0,0.0,1.665,5.067,184 189 153 225 240 99 114 248 217 149
serine,31,phenylalanine,4,4,12,0,4.75,6.801,-0.654,33.6,51.2,4.6582,1.418,2.194,110 360
serine,31,phenylalanine,4,4,12,1,4.75,6.801,-0.654,33.6,51.2,2.2611,0.927,2.288,113 360 180 360
serine,31,phenylalanine,4,4,12,2,4.75,6.801,-0.654,33.6,51.2,0.0,1.348,1.17,109 310 242 61 132 234
serine,31,phenylalanine,4,4,12,3,4.75,6.801,-0.654,33.6,51.2,0.0,1.663,0.36,49 308 267 73 116 258 221 150
serine,31,phenylalanine,4,4,12,4,4.75,6.801,-0.654,33.6,51.2,0.0,1.129,0.47,38 328 293 63 93 256 231 137 158 197
serine,31,phenylalanine,4,4,13,0,4.75,5.282,-0.654,19.0,109.2,3.4284,1.726,3.58,167 0
serine,31,phenylalanine,4,4,13,1,4.75,5.282,-0.654,19.0,109.2,2.7919,1.726,4.022,190 360 180 360
serine,31,phenylalanine,4,4,13,2,4.75,5.282,-0.654,19.0,109.2,0.5049,1.726,4.125,196 0 180 360 180 360
serine,31,phenylalanine,4,4,13,3,4.75,5.282,-0.654,19.0,109.2,0.0,1.664,0.748,49 293 260 71 120 284 229 139
serine,31,phenylalanine,4,4,13,4,4.75,5.282,-0.654,19.0,109.2,0.0,0.784,0.438,50 315 283 69 99 261 234 132 156 199
serine,31,phenylalanine,4,4,14,0,4.75,7.121,-0.654,34.1,36.6,5.2616,1.726,3.795,177 360
serine,31,phenylalanine,4,4,14,1,4.75,7.121,-0.654,34.1,36.6,2.7579,1.726,3.738,174 360 196 327
serine,31,phenylalanine,4,4,14,2,4.75,7.121,-0.654,34.1,36.6,0.0,0.953,3.554,171 309 231 62 138 219
serine,31,phenylalanine,4,4,14,3,4.75,7.121,-0.654,34.1,36.6,0.0,0.463,1.674,127 300 258 82 132 251 216 155
serine,31,phenylalanine,4,4,14,4,4.75,7.121,-0.654,34.1,36.6,0.0,0.601,0.567,68 304 275 87 115 250 227 143 162 194
serine,31,phenylalanine,4,5,12,0,4.75,4.323,-0.654,140.6,52.0,1.3492,1.123,2.028,27 180
serine,31,phenylalanine,4,5,12,1,4.75,4.323,-0.654,140.6,52.0,0.0,0.599,2.907,60 143 200 116
serine,31,phenylalanine,4,5,12,2,4.75,4.323,-0.654,140.6,52.0,0.0,0.462,2.87,129 140 263 77 92 316
serine,31,phenylalanine,4,5,12,3,4.75,4.323,-0.654,140.6,52.0,0.0,0.369,2.606,181 154 216 112 93 293 237 111
serine,31,phenylalanine,4,5,12,4,4.75,4.323,-0.654,140.6,52.0,0.0,1.403,1.783,73 245 200 30 19 308 258 32 149 277
serine,31,phenylalanine,4,5,13,0,4.75,3.097,-0.654,108.6,95.8,0.0,1.562,2.386,75 275
serine,31,phenylalanine,4,5,13,1,4.75,3.097,-0.654,108.6,95.8,0.0,1.364,2.101,42 348 274 63
serine,31,phenylalanine,4,5,13,2,4.75,3.097,-0.654,108.6,95.8,0.0,1.302,0.568,12 331 323 31 133 308
serine,31,phenylalanine,4,5,13,3,4.75,3.097,-0.654,108.6,95.8,0.0,1.382,0.765,318 177 108 53 119 309 205 100
serine,31,phenylalanine,4,5,13,4,4.75,3.097,-0.654,108.6,95.8,0.0,1.196,0.505,333 18 339 47 72 289 259 97 135 216
serine,31,phenylalanine,4,5,14,0,4.75,4.906,-0.654,125.0,25.8,2.5627,1.585,4.373,139 260
serine,31,phenylalanine,4,5,14,1,4.75,4.906,-0.654,125.0,25.8,0.0,0.793,3.87,111 196 196 157
serine,31,phenylalanine,4,5,14,2,4.75,4.906,-0.654,125.0,25.8,0.0,0.529,4.448,151 183 259 54 97 288
serine,31,phenylalanine,4,5,14,3,4.75,4.906,-0.654,125.0,25.8,0.0,0.541,3.554,202 150 224 114 101 287 236 119
serine,31,phenylalanine,4,5,14,4,4.75,4.906,-0.654,125.0,25.8,0.0,0.326,2.194,181 158 196 114 99 283 265 98 136 218
tryptophan,5,arginine,3,16,16,0,11.56,10.458,0.071,111.0,106.8,6.5779,1.728,2.041,356 97
tryptophan,5,arginine,3,16,16,1,11.56,10.458,0.071,111.0,106.8,2.9071,1.728,0.71,60 263 180 180
tryptophan,5,arginine,3,16,16,2,11.56,10.458,0.071,111.0,106.8,0.0,1.665,0.325,346 101 198 262 124 237
tryptophan,5,arginine,3,16,16,3,11.56,10.458,0.071,111.0,106.8,0.0,1.04,0.723,55 281 122 121 231 17 294 103
tryptophan,5,arginine,3,16,16,4,11.56,10.458,0.071,111.0,106.8,0.0,1.018,0.287,41 268 168 165 247 84 17 44 112 246
tryptophan,5,arginine,3,16,17,0,11.56,12.489,0.071,106.9,12.1,10.3589,1.728,1.899,359 79
tryptophan,5,arginine,3,16,17,1,11.56,12.489,0.071,106.9,12.1,6.6881,1.728,0.489,359 80 180 180
tryptophan,5,arginine,3,16,17,2,11.56,12.489,0.071,106.9,12.1,3.0864,1.188,0.566,65 277 180 180 180 180
tryptophan,5,arginine,3,16,17,3,11.56,12.489,0.071,106.9,12.1,0.0,1.08,0.531,350 112 161 253 87 152 184 175
tryptophan,5,arginine,3,16,17,4,11.56,12.489,0.071,106.9,12.1,0.0,1.664,0.929,337 21 304 345 48 342 299 139 165 192
tryptophan,5,arginine,3,16,18,0,11.56,10.982,0.071,113.2,86.6,7.2419,1.728,2.657,76 254
tryptophan,5,arginine,3,16,18,1,11.56,10.982,0.071,113.2,86.6,3.5711,1.728,1.113,77 254 180 180
tryptophan,5,arginine,3,16,18,2,11.56,10.982,0.071,113.2,86.6,0.0,1.663,0.583,8 100 192 189 154 154
tryptophan,5,arginine,3,16,18,3,11.56,10.982,0.071,113.2,86.6,0.0,1.663,0.786,109 211 198 135 145 200 190 172
tryptophan,5,arginine,3,16,18,4,11.56,10.982,0.071,113.2,86.6,0.0,1.663,1.337,319 22 317 17 57 327 291 120 153 201
tryptophan,5,arginine,3,17,16,0,11.56,11.509,0.071,70.8,96.4,7.7481,0.7,3.423,301 0
tryptophan,5,arginine,3,17,16,1,11.56,11.509,0.071,70.8,96.4,4.2718,0.706,1.286,301 360 205 219
tryptophan,5,arginine,3,17,16,2,11.56,11.509,0.071,70.8,96.4,0.601,0.706,0.807,301 360 154 140 180 180
tryptophan,5,arginine,3,17,16,3,11.56,11.509,0.071,70.8,96.4,0.0,0.56,0.663,343 18 76 321 284 140 164 193
tryptophan,5,arginine,3,17,16,4,11.56,11.509,0.071,70.8,96.4,0.0,0.917,0.576,342 9 48 321 294 113 135 228 207 160
tryptophan,5,arginine,3,17,17,0,11.56,13.241,0.071,78.2,16.2,11.0066,0.511,3.382,311 360
tryptophan,5,arginine,3,17,17,1,11.56,13.241,0.071,78.2,16.2,7.3376,0.511,1.481,311 0 180 180
tryptophan,5,arginine,3,17,17,2,11.56,13.241,0.071,78.2,16.2,3.732,0.414,1.153,327 333 180 180 180 180
tryptophan,5,arginine,3,17,17,3,11.56,13.241,0.071,78.2,16.2,0.0711,0.442,1.248,323 338 180 180 180 180 180 180
tryptophan,5,arginine,3,17,17,4,11.56,13.241,0.071,78.2,16.2,0.0,0.783,0.405,247 130 146 228 216 153 162 196 188 174
tryptophan,5,arginine,3,17,18,0,11.56,11.791,0.071,81.8,85.9,8.0581,0.916,3.591,305 335
tryptophan,5,arginine,3,17,18,1,11.56,11.791,0.071,81.8,85.9,4.3873,0.918,1.567,280 27 180 180
tryptophan,5,arginine,3,17,18,2,11.56,11.791,0.071,81.8,85.9,0.7856,1.02,0.739,270 42 180 180 180 180
tryptophan,5,arginine,3,17,18,3,11.56,11.791,0.071,81.8,85.9,0.0,1.663,0.449,245 127 140 225 212 154 167 191
tryptophan,5,arginine,3,17,18,4,11.56,11.791,0.071,81.8,85.9,0.0,1.663,0.437,229 143 150 221 214 147 156 201 191 171
tryptophan,5,arginine,3,18,16,0,11.56,12.454,0.071,26.0,107.2,9.7958,1.729,4.021,59 0
tryptophan,5,arginine,3,18,16,1,11.56,12.454,0.071,26.0,107.2,7.4825,1.729,1.48,58 360 180 360
tryptophan,5,arginine,3,18,16,2,11.56,12.454,0.071,26.0,107.2,3.8116,1.729,0.587,58 0 183 354 180 180
tryptophan,5,arginine,3,18,16,3,11.56,12.454,0.071,26.0,107.2,0.2099,1.729,0.418,58 360 161 34 180 180 180 180
tryptophan,5,arginine,3,18,16,4,11.56,12.454,0.071,26.0,107.2,0.0,1.158,0.487,57 315 275 59 93 234 212 158 169 187
tryptophan,5,arginine,3,18,17,0,11.56,14.436,0.071,20.6,18.0,13.3849,1.283,4.028,41 360
tryptophan,5,arginine,3,18,17,1,11.56,14.436,0.071,20.6,18.0,10.9973,1.343,1.518,43 360 195 329
tryptophan,5,arginine,3,18,17,2,11.56,14.436,0.071,20.6,18.0,7.3264,1.343,0.431,43 0 196 327 180 180
tryptophan,5,arginine,3,18,17,3,11.56,14.436,0.071,20.6,18.0,3.7247,1.343,0.484,43 360 155 46 180 180 180 180
tryptophan,5,arginine,3,18,17,4,11.56,14.436,0.071,20.6,18.0,0.0638,1.343,0.485,43 0 157 43 180 180 180 180 180 180
tryptophan,5,arginine,3,18,18,0,11.56,13.124,0.071,17.1,81.6,11.0127,1.729,4.433,87 0
tryptophan,5,arginine,3,18,18,1,11.56,13.124,0.071,17.1,81.6,8.9044,1.729,3.02,87 360 180 0
tryptophan,5,arginine,3,18,18,2,11.56,13.124,0.071,17.1,81.6,5.2818,1.729,0.994,87 360 180 360 180 180
tryptophan,5,arginine,3,18,18,3,11.56,13.124,0.071,17.1,81.6,1.6168,1.729,0.595,87 360 180 0 180 180 180 180
tryptophan,5,arginine,3,18,18,4,11.56,13.124,0.071,17.1,81.6,0.0,1.663,0.512,82 299 255 75 111 213 198 171 175 182
tryptophan,5,lysine,5,16,13,0,3.388,2.162,-0.239,130.9,57.9,0.0,1.05,2.559,349 260
tryptophan,5,lysine,5,16,13,1,3.388,2.162,-0.239,130.9,57.9,0.1235,1.031,0.898,5 56 331 360
tryptophan,5,lysine,5,16,13,2,3.388,2.162,-0.239,130.9,57.9,0.0,0.253,1.798,58 17 18 335 222 7
tryptophan,5,lysine,5,16,13,3,3.388,2.162,-0.239,130.9,57.9,0.0,1.663,2.883,219 34 265 89 91 355 237 296
tryptophan,5,lysine,5,16,13,4,3.388,2.162,-0.239,130.9,57.9,0.0,0.646,2.043,204 134 221 122 52 272 292 37 24 129
tryptophan,5,lysine,5,16,14,0,3.388,2.548,-0.239,153.9,46.9,0.0,1.664,5.031,228 118
tryptophan,5,lysine,5,16,14,1,3.388,2.548,-0.239,153.9,46.9,0.4631,1.728,4.018,282 261 67 360
tryptophan,5,lysine,5,16,14,2,3.388,2.548,-0.239,153.9,46.9,0.0,1.36,2.884,320 331 38 43 104 20
tryptophan,5,lysine,5,16,14,3,3.388,2.548,-0.239,153.9,46.9,0.0,0.846,4.438,127 254 57 322 253 283 284 1
tryptophan,5,lysine,5,16,14,4,3.388,2.548,-0.239,153.9,46.9,0.0,0.759,0.608,26 298 342 321 288 66 102 271 226 140
tryptophan,5,lysine,5,16,15,0,3.388,1.148,-0.239,122.3,87.5,0.0,0.884,4.708,134 275
tryptophan,5,lysine,5,16,15,1,3.388,1.148,-0.239,122.3,87.5,1.0404,0.96,4.975,143 80 0 360
tryptophan,5,lysine,5,16,15,2,3.388,1.148,-0.239,122.3,87.5,0.8241,1.508,5.278,191 75 360 0 180 360
tryptophan,5,lysine,5,16,15,3,3.388,1.148,-0.239,122.3,87.5,0.0,0.865,0.289,23 317 334 76 99 319 209 67
tryptophan,5,lysine,5,16,15,4,3.388,1.148,-0.239,122.3,87.5,0.0,0.438,0.969,336 30 351 51 79 299 262 78 129 226
tryptophan,5,lysine,5,17,13,0,3.388,4.387,-0.239,40.3,68.1,2.2108,1.05,3.538,291 360
tryptophan,5,lysine,5,17,13,1,3.388,4.387,-0.239,40.3,68.1,0.5392,0.76,2.227,283 0 180 0
tryptophan,5,lysine,5,17,13,2,3.388,4.387,-0.239,40.3,68.1,0.0,0.396,2.126,282 65 98 304 222 90
tryptophan,5,lysine,5,17,13,3,3.388,4.387,-0.239,40.3,68.1,0.0,0.566,1.004,337 48 81 287 249 92 134 217
tryptophan,5,lysine,5,17,13,4,3.388,4.387,-0.239,40.3,68.1,0.0,1.195,1.182,349 15 51 309 278 85 116 244 213 154
tryptophan,5,lysine,5,17,14,0,3.388,4.832,-0.239,48.2,52.0,2.4377,1.728,5.88,202 0
tryptophan,5,lysine,5,17,14,1,3.388,4.832,-0.239,48.2,52.0,0.0,1.664,5.592,206 18 170 332
tryptophan,5,lysine,5,17,14,2,3.388,4.832,-0.239,48.2,52.0,0.0,0.49,3.998,260 41 103 306 223 109
tryptophan,5,lysine,5,17,14,3,3.388,4.832,-0.239,48.2,52.0,0.0,0.568,2.607,304 43 83 284 241 101 139 211
tryptophan,5,lysine,5,17,14,4,3.388,4.832,-0.239,48.2,52.0,0.0,0.695,2.495,332 23 59 299 268 91 119 233 207 159
tryptophan,5,lysine,5,17,15,0,3.388,2.649,-0.239,61.9,153.0,0.061,1.692,4.051,267 360
tryptophan,5,lysine,5,17,15,1,3.388,2.649,-0.239,61.9,153.0,0.517,1.728,5.477,231 218 342 360
tryptophan,5,lysine,5,17,15,2,3.388,2.649,-0.239,61.9,153.0,0.2343,1.142,4.555,283 106 360 360 180 0
tryptophan,5,lysine,5,17,15,3,3.388,2.649,-0.239,61.9,153.0,0.0,1.091,3.724,314 51 26 291 270 46 136 278
tryptophan,5,lysine,5,17,15,4,3.388,2.649,-0.239,61.9,153.0,0.0,0.425,1.501,354 261 292 280 273 48 92 345 246 78
tryptophan,5,lysine,5,18,13,0,3.388,4.316,-0.239,43.2,76.7,1.6159,1.729,4.256,77 360
tryptophan,5,lysine,5,18,13,1,3.388,4.316,-0.239,43.2,76.7,0.0,1.663,2.96,90 342 198 7
tryptophan,5,lysine,5,18,13,2,3.388,4.316,-0.239,43.2,76.7,0.0,1.663,2.178,74 297 264 58 136 270
tryptophan,5,lysine,5,18,13,3,3.388,4.316,-0.239,43.2,76.7,0.0,0.987,0.878,17 309 277 70 110 277 232 139
tryptophan,5,lysine,5,18,13,4,3.388,4.316,-0.239,43.2,76.7,0.0,0.724,2.236,4 350 314 47 78 280 248 113 145 208
tryptophan,5,lysine,5,18,14,0,3.388,4.294,-0.239,67.9,77.5,0.7472,1.729,5.204,129 342
tryptophan,5,lysine,5,18,14,1,3.388,4.294,-0.239,67.9,77.5,0.0,1.323,4.994,121 340 221 67
tryptophan,5,lysine,5,18,14,2,3.388,4.294,-0.239,67.9,77.5,0.0,1.664,4.203,79 320 285 56 129 262
tryptophan,5,lysine,5,18,14,3,3.388,4.294,-0.239,67.9,77.5,0.0,0.636,3.79,42 323 293 78 114 265 224 144
tryptophan,5,lysine,5,18,14,4,3.388,4.294,-0.239,67.9,77.5,0.0,0.352,4.354,14 355 316 62 94 275 247 125 152 202
tryptophan,5,lysine,5,18,15,0,3.388,3.33,-0.239,39.2,116.3,0.8015,1.729,5.944,155 0
tryptophan,5,lysine,5,18,15,1,3.388,3.33,-0.239,39.2,116.3,0.8215,1.729,6.267,165 25 142 0
tryptophan,5,lysine,5,18,15,2,3.388,3.33,-0.239,39.2,116.3,0.0,1.456,5.371,137 304 266 6 185 353
tryptophan,5,lysine,5,18,15,3,3.388,3.33,-0.239,39.2,116.3,0.0,0.638,2.847,78 282 287 53 129 316 198 108
tryptophan,5,lysine,5,18,15,4,3.388,3.33,-0.239,39.2,116.3,0.0,0.612,3.911,42 328 297 68 97 273 238 107 142 209
tryptophan,5,aspartic,21,16,3,0,8.842,9.789,-0.947,77.4,56.0,6.6045,1.728,1.615,356 0
tryptophan,5,aspartic,21,16,3,1,8.842,9.789,-0.947,77.4,56.0,2.955,1.232,0.761,356 0 180 180
tryptophan,5,aspartic,21,16,3,2,8.842,9.789,-0.947,77.4,56.0,0.0,0.508,0.886,329 39 171 92 295 187
tryptophan,5,aspartic,21,16,3,3,8.842,9.789,-0.947,77.4,56.0,0.0,0.887,1.529,298 100 129 242 344 296 3 97
tryptophan,5,aspartic,21,16,3,4,8.842,9.789,-0.947,77.4,56.0,0.0,1.664,1.223,33 346 33 356 311 77 116 249 217 153
tryptophan,5,aspartic,21,16,4,0,8.842,9.539,-0.947,71.5,65.9,6.2438,1.728,1.715,24 360
tryptophan,5,aspartic,21,16,4,1,8.842,9.539,-0.947,71.5,65.9,2.8482,1.184,1.117,25 360 151 128
tryptophan,5,aspartic,21,16,4,2,8.842,9.539,-0.947,71.5,65.9,0.0,0.846,0.634,23 299 227 128 140 181
tryptophan,5,aspartic,21,16,4,3,8.842,9.539,-0.947,71.5,65.9,0.0,0.773,0.292,22 146 75 188 255 14 279 114
tryptophan,5,aspartic,21,16,4,4,8.842,9.539,-0.947,71.5,65.9,0.0,0.328,0.474,79 308 137 233 313 148 118 211 344 184
tryptophan,5,aspartic,21,16,5,0,8.842,9.616,-0.947,86.2,63.0,6.2732,1.728,1.534,43 304
tryptophan,5,aspartic,21,16,5,1,8.842,9.616,-0.947,86.2,63.0,2.6024,1.705,1.131,44 304 180 180
tryptophan,5,aspartic,21,16,5,2,8.842,9.616,-0.947,86.2,63.0,0.0,1.663,0.594,345 119 105 226 51 157
tryptophan,5,aspartic,21,16,5,3,8.842,9.616,-0.947,86.2,63.0,0.0,1.663,0.633,327 9 312 21 72 264 221 148
tryptophan,5,aspartic,21,16,5,4,8.842,9.616,-0.947,86.2,63.0,0.0,1.198,1.135,60 129 58 193 227 354 269 344 78 256
tryptophan,5,aspartic,21,17,3,0,8.842,10.325,-0.947,56.8,51.0,7.6588,1.276,3.845,347 360
tryptophan,5,aspartic,21,17,3,1,8.842,10.325,-0.947,56.8,51.0,4.6572,0.343,3.111,349 0 149 91
tryptophan,5,aspartic,21,17,3,2,8.842,10.325,-0.947,56.8,51.0,0.9864,0.338,2.963,349 360 148 91 180 180
tryptophan,5,aspartic,21,17,3,3,8.842,10.325,-0.947,56.8,51.0,0.0,0.467,2.031,5 31 86 330 280 116 152 201
tryptophan,5,aspartic,21,17,3,4,8.842,10.325,-0.947,56.8,51.0,0.0,0.92,1.521,353 24 63 326 290 102 135 236 210 159
tryptophan,5,aspartic,21,17,4,0,8.842,9.564,-0.947,70.6,80.7,5.9244,1.154,3.761,344 0
tryptophan,5,aspartic,21,17,4,1,8.842,9.564,-0.947,70.6,80.7,2.3301,0.838,3.543,343 0 193 198
tryptophan,5,aspartic,21,17,4,2,8.842,9.564,-0.947,70.6,80.7,0.0,1.663,4.544,353 64 123 225 212 179
tryptophan,5,aspartic,21,17,4,3,8.842,9.564,-0.947,70.6,80.7,0.0,1.534,3.987,24 5 58 330 282 102 143 210
tryptophan,5,aspartic,21,17,4,4,8.842,9.564,-0.947,70.6,80.7,0.0,0.667,3.577,304 249 41 284 193 298 108 231 48 24
tryptophan,5,aspartic,21,17,5,0,8.842,10.187,-0.947,64.8,56.8,7.0643,0.636,3.414,320 360
tryptophan,5,aspartic,21,17,5,1,8.842,10.187,-0.947,64.8,56.8,3.618,0.651,1.489,321 360 154 137
tryptophan,5,aspartic,21,17,5,2,8.842,10.187,-0.947,64.8,56.8,0.0,0.565,1.668,314 11 205 213 213 192
tryptophan,5,aspartic,21,17,5,3,8.842,10.187,-0.947,64.8,56.8,0.0,0.743,1.626,1 20 69 320 282 121 152 202
tryptophan,5,aspartic,21,17,5,4,8.842,10.187,-0.947,64.8,56.8,0.0,1.553,2.029,44 360 66 84 68 113 174 280 232 155
tryptophan,5,aspartic,21,18,3,0,8.842,10.481,-0.947,50.2,64.2,7.3968,0.379,4.253,17 0
tryptophan,5,aspartic,21,18,3,1,8.842,10.481,-0.947,50.2,64.2,4.2759,0.373,3.515,17 0 148 100
tryptophan,5,aspartic,21,18,3,2,8.842,10.481,-0.947,50.2,64.2,0.6051,0.373,3.252,17 360 148 100 180 180
tryptophan,5,aspartic,21,18,3,3,8.842,10.481,-0.947,50.2,64.2,0.0,1.489,2.888,352 334 280 31 79 247 210 157
tryptophan,5,aspartic,21,18,3,4,8.842,10.481,-0.947,50.2,64.2,0.0,1.177,4.3,19 42 37 354 349 281 190 92 121 184
tryptophan,5,aspartic,21,18,4,0,8.842,10.263,-0.947,41.3,72.6,7.4246,0.977,4.714,353 360
tryptophan,5,aspartic,21,18,4,1,8.842,10.263,-0.947,41.3,72.6,4.7031,0.962,4.355,353 360 153 65
tryptophan,5,aspartic,21,18,4,2,8.842,10.263,-0.947,41.3,72.6,1.0323,0.454,3.812,353 0 153 66 180 180
tryptophan,5,aspartic,21,18,4,3,8.842,10.263,-0.947,41.3,72.6,0.0,0.768,4.341,10 38 87 317 272 119 154 201
tryptophan,5,aspartic,21,18,4,4,8.842,10.263,-0.947,41.3,72.6,0.0,0.379,4.485,357 27 65 324 288 98 132 237 211 159
tryptophan,5,aspartic,21,18,5,0,8.842,10.809,-0.947,37.2,50.8,8.7146,0.884,4.083,32 360
tryptophan,5,aspartic,21,18,5,1,8.842,10.809,-0.947,37.2,50.8,6.2085,0.927,2.007,33 360 160 44
tryptophan,5,aspartic,21,18,5,2,8.842,10.809,-0.947,37.2,50.8,2.5377,0.927,0.548,33 0 159 46 180 180
tryptophan,5,aspartic,21,18,5,3,8.842,10.809,-0.947,37.2,50.8,0.0,0.532,0.784,38 309 242 54 98 199 184 178
tryptophan,5,aspartic,21,18,5,4,8.842,10.809,-0.947,37.2,50.8,0.0,0.388,2.07,32 324 285 45 81 251 223 143 160 193
tryptophan,5,glutamic,22,16,4,0,12.941,11.067,-0.34,138.1,115.1,7.1887,1.728,2.459,13 162
tryptophan,5,glutamic,22,16,4,1,12.941,11.067,-0.34,138.1,115.1,3.5179,1.728,1.003,42 200 180 180
tryptophan,5,glutamic,22,16,4,2,12.941,11.067,-0.34,138.1,115.1,0.0,1.664,1.223,55 202 179 166 169 178
tryptophan,5,glutamic,22,16,4,3,12.941,11.067,-0.34,138.1,115.1,0.0,1.384,0.994,108 200 188 116 124 207 193 168
tryptophan,5,glutamic,22,16,4,4,12.941,11.067,-0.34,138.1,115.1,0.0,1.664,0.677,113 221 207 93 85 201 201 127 146 209
tryptophan,5,glutamic,22,16,5,0,12.941,12.774,-0.34,130.7,47.6,9.7537,1.728,2.522,60 235
tryptophan,5,glutamic,22,16,5,1,12.941,12.774,-0.34,130.7,47.6,6.0829,1.728,0.596,1 125 180 180
tryptophan,5,glutamic,22,16,5,2,12.941,12.774,-0.34,130.7,47.6,2.4812,1.728,0.849,67 238 180 180 180 180
tryptophan,5,glutamic,22,16,5,3,12.941,12.774,-0.34,130.7,47.6,0.0,0.983,1.219,94 209 183 134 147 185 180 179
tryptophan,5,glutamic,22,16,5,4,12.941,12.774,-0.34,130.7,47.6,0.0,0.313,2.182,138 199 191 121 127 203 194 160 169 188
tryptophan,5,glutamic,22,16,6,0,12.941,12.751,-0.34,141.1,48.7,9.7237,1.728,2.841,44 180
tryptophan,5,glutamic,22,16,6,1,12.941,12.751,-0.34,141.1,48.7,6.0982,1.728,1.97,44 180 180 180
tryptophan,5,glutamic,22,16,6,2,12.941,12.751,-0.34,141.1,48.7,2.4352,1.586,1.658,44 180 180 180 180 180
tryptophan,5,glutamic,22,16,6,3,12.941,12.751,-0.34,141.1,48.7,0.0,1.663,3.3,104 187 177 139 147 196 187 173
tryptophan,5,glutamic,22,16,6,4,12.941,12.751,-0.34,141.1,48.7,0.0,0.773,3.486,123 186 181 136 141 205 197 162 170 187
tryptophan,5,glutamic,22,17,4,0,12.941,12.797,-0.34,65.7,107.4,9.0309,1.615,3.81,277 0
tryptophan,5,glutamic,22,17,4,1,12.941,12.797,-0.34,65.7,107.4,5.6172,1.621,2.587,276 360 207 227
tryptophan,5,glutamic,22,17,4,2,12.941,12.797,-0.34,65.7,107.4,1.9464,1.621,0.702,276 0 208 227 180 180
tryptophan,5,glutamic,22,17,4,3,12.941,12.797,-0.34,65.7,107.4,0.0,1.208,1.387,241 107 137 231 214 164 174 185
tryptophan,5,glutamic,22,17,4,4,12.941,12.797,-0.34,65.7,107.4,0.0,0.767,1.671,216 130 138 232 223 147 157 203 192 171
tryptophan,5,glutamic,22,17,5,0,12.941,14.218,-0.34,72.0,52.2,11.1188,1.124,3.568,289 360
tryptophan,5,glutamic,22,17,5,1,12.941,14.218,-0.34,72.0,52.2,7.5205,1.126,1.696,289 0 180 180
tryptophan,5,glutamic,22,17,5,2,12.941,14.218,-0.34,72.0,52.2,3.8497,1.126,0.51,289 360 180 180 180 180
tryptophan,5,glutamic,22,17,5,3,12.941,14.218,-0.34,72.0,52.2,0.2476,1.126,0.348,289 0 203 205 180 180 180 180
tryptophan,5,glutamic,22,17,5,4,12.941,14.218,-0.34,72.0,52.2,0.0,1.486,0.996,232 133 145 222 211 149 159 197 189 173
tryptophan,5,glutamic,22,17,6,0,12.941,14.336,-0.34,73.3,46.7,11.3455,1.728,4.023,268 0
tryptophan,5,glutamic,22,17,6,1,12.941,14.336,-0.34,73.3,46.7,7.7056,1.728,3.22,268 360 180 180
tryptophan,5,glutamic,22,17,6,2,12.941,14.336,-0.34,73.3,46.7,4.0573,1.728,1.908,268 360 180 180 180 180
tryptophan,5,glutamic,22,17,6,3,12.941,14.336,-0.34,73.3,46.7,0.4232,1.606,2.006,268 360 168 168 180 180 180 180
tryptophan,5,glutamic,22,17,6,4,12.941,14.336,-0.34,73.3,46.7,0.0,1.663,3.265,215 134 143 218 208 149 159 197 189 173
tryptophan,5,glutamic,22,18,4,0,12.941,13.402,-0.34,38.8,117.8,10.3149,1.729,4.595,96 360
tryptophan,5,glutamic,22,18,4,1,12.941,13.402,-0.34,38.8,117.8,7.6311,1.729,3.786,96 0 206 296
tryptophan,5,glutamic,22,18,4,2,12.941,13.402,-0.34,38.8,117.8,3.9603,1.729,1.27,96 360 153 64 180 180
tryptophan,5,glutamic,22,18,4,3,12.941,13.402,-0.34,38.8,117.8,0.3586,1.729,1.267,96 360 147 70 180 180 180 180
tryptophan,5,glutamic,22,18,4,4,12.941,13.402,-0.34,38.8,117.8,0.0,1.532,2.004,62 328 280 52 91 233 211 169 175 182
tryptophan,5,glutamic,22,18,5,0,12.941,15.101,-0.34,31.6,50.7,13.0335,1.729,4.325,81 0
tryptophan,5,glutamic,22,18,5,1,12.941,15.101,-0.34,31.6,50.7,10.4942,1.729,2.704,81 0 203 308
tryptophan,5,glutamic,22,18,5,2,12.941,15.101,-0.34,31.6,50.7,6.8233,1.729,0.985,81 360 203 308 180 180
tryptophan,5,glutamic,22,18,5,3,12.941,15.101,-0.34,31.6,50.7,3.2216,1.729,0.917,81 360 210 300 180 180 180 180
tryptophan,5,glutamic,22,18,5,4,12.941,15.101,-0.34,31.6,50.7,0.0,1.663,0.673,90 348 203 28 96 186 194 203 185 182
tryptophan,5,glutamic,22,18,6,0,12.941,15.174,-0.34,36.5,47.3,12.8457,1.729,4.935,111 360
tryptophan,5,glutamic,22,18,6,1,12.941,15.174,-0.34,36.5,47.3,10.0407,1.729,4.65,110 360 151 77
tryptophan,5,glutamic,22,18,6,2,12.941,15.174,-0.34,36.5,47.3,6.3699,1.729,2.761,110 360 150 77 180 180
tryptophan,5,glutamic,22,18,6,3,12.941,15.174,-0.34,36.5,47.3,2.7682,1.729,2.534,110 360 144 81 180 180 180 180
tryptophan,5,glutamic,22,18,6,4,12.941,15.174,-0.34,36.5,47.3,0.0,1.663,1.697,111 332 223 32 68 194 197 223 200 173
tryptophan,5,isoleucine,3,16,4,0,9.479,7.057,0.763,121.1,171.8,4.0598,1.728,3.174,59 138
tryptophan,5,isoleucine,3,16,4,1,9.479,7.057,0.763,121.1,171.8,0.389,1.728,3.156,58 137 180 180
tryptophan,5,isoleucine,3,16,4,2,9.479,7.057,0.763,121.1,171.8,0.0,1.309,4.303,154 173 242 90 113 256
tryptophan,5,isoleucine,3,16,4,3,9.479,7.057,0.763,121.1,171.8,0.0,1.663,5.103,154 223 284 56 41 292 220 46
tryptophan,5,isoleucine,3,16,4,4,9.479,7.057,0.763,121.1,171.8,0.0,0.529,3.911,191 182 229 75 55 325 307 62 118 244
tryptophan,5,isoleucine,3,16,5,0,9.479,9.116,0.763,129.1,64.7,5.7426,1.728,3.831,86 148
tryptophan,5,isoleucine,3,16,5,1,9.479,9.116,0.763,129.1,64.7,2.0717,1.728,4.758,129 213 180 180
tryptophan,5,isoleucine,3,16,5,2,9.479,9.116,0.763,129.1,64.7,0.0,1.663,5.018,147 211 201 163 171 187
tryptophan,5,isoleucine,3,16,5,3,9.479,9.116,0.763,129.1,64.7,0.0,1.663,5.27,196 163 209 128 122 250 223 145
tryptophan,5,isoleucine,3,16,5,4,9.479,9.116,0.763,129.1,64.7,0.0,0.882,4.642,187 150 185 143 131 250 239 128 151 204
tryptophan,5,isoleucine,3,16,6,0,9.479,9.312,0.763,114.2,56.9,6.1016,1.728,4.544,129 272
tryptophan,5,isoleucine,3,16,6,1,9.479,9.312,0.763,114.2,56.9,2.4308,1.728,4.561,130 272 180 180
tryptophan,5,isoleucine,3,16,6,2,9.479,9.312,0.763,114.2,56.9,0.0,1.419,4.986,144 222 209 158 169 189
tryptophan,5,isoleucine,3,16,6,3,9.479,9.312,0.763,114.2,56.9,0.0,0.655,4.111,161 195 209 131 136 223 204 160
tryptophan,5,isoleucine,3,16,6,4,9.479,9.312,0.763,114.2,56.9,0.0,0.372,4.128,174 174 198 138 134 247 235 134 155 201
tryptophan,5,isoleucine,3,17,4,0,9.479,7.416,0.763,105.2,168.1,4.3221,1.429,4.645,299 256
tryptophan,5,isoleucine,3,17,4,1,9.479,7.416,0.763,105.2,168.1,0.6513,1.728,5.103,235 104 180 180
tryptophan,5,isoleucine,3,17,4,2,9.479,7.416,0.763,105.2,168.1,0.0,1.569,3.977,211 157 122 265 237 123
tryptophan,5,isoleucine,3,17,4,3,9.479,7.416,0.763,105.2,168.1,0.0,1.067,3.81,178 158 131 257 253 107 138 217
tryptophan,5,isoleucine,3,17,4,4,9.479,7.416,0.763,105.2,168.1,0.0,0.866,3.758,162 172 153 234 244 118 127 233 210 155
tryptophan,5,isoleucine,3,17,5,0,9.479,9.644,0.763,105.1,57.6,6.4165,1.728,4.81,277 280
tryptophan,5,isoleucine,3,17,5,1,9.479,9.644,0.763,105.1,57.6,2.7457,1.728,5.298,217 81 180 180
tryptophan,5,isoleucine,3,17,5,2,9.479,9.644,0.763,105.1,57.6,0.0,1.663,5.821,209 135 149 202 191 171
tryptophan,5,isoleucine,3,17,5,3,9.479,9.644,0.763,105.1,57.6,0.0,0.628,4.004,195 155 147 224 217 145 160 196
tryptophan,5,isoleucine,3,17,5,4,9.479,9.644,0.763,105.1,57.6,0.0,0.831,4.584,173 174 156 220 223 123 133 220 202 162
tryptophan,5,isoleucine,3,17,6,0,9.479,9.267,0.763,116.2,72.2,5.7482,1.451,4.653,297 240
tryptophan,5,isoleucine,3,17,6,1,9.479,9.267,0.763,116.2,72.2,2.0774,1.728,5.393,236 120 180 180
tryptophan,5,isoleucine,3,17,6,2,9.479,9.267,0.763,116.2,72.2,0.0,1.664,5.687,218 145 157 200 190 172
tryptophan,5,isoleucine,3,17,6,3,9.479,9.267,0.763,116.2,72.2,0.0,1.548,4.109,201 169 154 226 222 136 154 201
tryptophan,5,isoleucine,3,17,6,4,9.479,9.267,0.763,116.2,72.2,0.0,1.535,4.527,185 189 166 221 225 117 130 223 203 161
tryptophan,5,isoleucine,3,18,4,0,9.479,9.211,0.763,32.0,179.4,7.1137,1.729,6.185,168 360
tryptophan,5,isoleucine,3,18,4,1,9.479,9.211,0.763,32.0,179.4,4.5017,1.729,6.181,168 360 202 309
tryptophan,5,isoleucine,3,18,4,2,9.479,9.211,0.763,32.0,179.4,0.8309,1.729,6.181,168 0 157 52 180 180
tryptophan,5,isoleucine,3,18,4,3,9.479,9.211,0.763,32.0,179.4,0.0,1.663,5.255,127 295 252 97 138 225 201 166
tryptophan,5,isoleucine,3,18,4,4,9.479,9.211,0.763,32.0,179.4,0.0,1.423,2.962,65 311 276 80 111 239 220 155 168 189
tryptophan,5,isoleucine,3,18,5,0,9.479,11.291,0.763,39.2,65.2,8.4853,1.729,6.071,162 0
tryptophan,5,isoleucine,3,18,5,1,9.479,11.291,0.763,39.2,65.2,5.6758,1.729,6.079,162 360 151 73
tryptophan,5,isoleucine,3,18,5,2,9.479,11.291,0.763,39.2,65.2,2.005,1.729,6.079,162 0 151 73 180 180
tryptophan,5,isoleucine,3,18,5,3,9.479,11.291,0.763,39.2,65.2,0.0,1.663,5.773,150 292 234 106 149 208 192 175
tryptophan,5,isoleucine,3,18,5,4,9.479,11.291,0.763,39.2,65.2,0.0,1.396,3.963,77 316 274 81 118 228 214 180 182 179
tryptophan,5,isoleucine,3,18,6,0,9.479,11.299,0.763,32.1,64.9,8.8615,1.729,6.494,191 0
tryptophan,5,isoleucine,3,18,6,1,9.479,11.299,0.763,32.1,64.9,6.3338,1.729,6.489,191 0 201 314
tryptophan,5,isoleucine,3,18,6,2,9.479,11.299,0.763,32.1,64.9,2.6629,1.729,6.489,191 360 202 313 180 180
tryptophan,5,isoleucine,3,18,6,3,9.479,11.299,0.763,32.1,64.9,0.0,1.664,6.309,200 52 138 275 223 166 172 177
tryptophan,5,isoleucine,3,18,6,4,9.479,11.299,0.763,32.1,64.9,0.0,1.664,6.221,258 69 99 255 228 134 150 198 188 174
tryptophan,5,leucine,13,16,1,0,19.68,17.654,0.563,117.3,141.1,13.9895,1.728,2.741,38 115
tryptophan,5,leucine,13,16,1,1,19.68,17.654,0.563,117.3,141.1,10.3187,1.728,2.731,38 114 180 180
tryptophan,5,leucine,13,16,1,2,19.68,17.654,0.563,117.3,141.1,6.717,1.728,1.798,32 113 180 180 180 180
tryptophan,5,leucine,13,16,1,3,19.68,17.654,0.563,117.3,141.1,3.056,1.728,1.132,33 113 180 180 180 180 180 180
tryptophan,5,leucine,13,16,1,4,19.68,17.654,0.563,117.3,141.1,0.0,1.662,0.265,119 211 194 156 165 186 182 178 179 180
tryptophan,5,leucine,13,16,2,0,19.68,20.12,0.563,117.6,33.8,17.411,1.728,3.544,102 258
tryptophan,5,leucine,13,16,2,1,19.68,20.12,0.563,117.6,33.8,13.7402,1.728,2.846,102 258 180 180
tryptophan,5,leucine,13,16,2,2,19.68,20.12,0.563,117.6,33.8,10.1385,1.728,1.872,108 258 180 180 180 180
tryptophan,5,leucine,13,16,2,3,19.68,20.12,0.563,117.6,33.8,6.4775,1.728,1.138,34 102 180 180 180 180 180 180
tryptophan,5,leucine,13,16,2,4,19.68,20.12,0.563,117.6,33.8,2.8519,1.728,0.661,31 102 180 180 180 180 180 180 180 180
tryptophan,5,leucine,13,16,13,0,19.68,18.982,0.563,123.2,83.4,15.2709,1.728,3.813,105 235
tryptophan,5,leucine,13,16,13,1,19.68,18.982,0.563,123.2,83.4,11.6001,1.728,3.39,105 236 180 180
tryptophan,5,leucine,13,16,13,2,19.68,18.982,0.563,123.2,83.4,7.9984,1.728,1.885,112 239 180 180 180 180
tryptophan,5,leucine,13,16,13,3,19.68,18.982,0.563,123.2,83.4,4.3374,1.728,0.555,40 122 180 180 180 180 180 180
tryptophan,5,leucine,13,16,13,4,19.68,18.982,0.563,123.2,83.4,0.7118,1.728,0.918,113 239 180 180 180 180 180 180 180 180
tryptophan,5,leucine,13,17,1,0,19.68,17.943,0.563,105.3,148.6,14.3955,1.452,4.522,252 80
tryptophan,5,leucine,13,17,1,1,19.68,17.943,0.563,105.3,148.6,10.7247,1.362,3.686,312 280 180 180
tryptophan,5,leucine,13,17,1,2,19.68,17.943,0.563,105.3,148.6,7.123,1.694,2.352,245 84 180 180 180 180
tryptophan,5,leucine,13,17,1,3,19.68,17.943,0.563,105.3,148.6,3.462,1.309,1.237,316 277 180 180 180 180 180 180
tryptophan,5,leucine,13,17,1,4,19.68,17.943,0.563,105.3,148.6,0.0,1.662,0.949,245 114 156 199 188 186 185 178 179 181
tryptophan,5,leucine,13,17,2,0,19.68,20.407,0.563,105.7,40.4,17.5337,1.36,4.661,256 92
tryptophan,5,leucine,13,17,2,1,19.68,20.407,0.563,105.7,40.4,13.8629,1.379,3.749,255 92 180 180
tryptophan,5,leucine,13,17,2,2,19.68,20.407,0.563,105.7,40.4,10.2611,1.585,2.441,249 93 180 180 180 180
tryptophan,5,leucine,13,17,2,3,19.68,20.407,0.563,105.7,40.4,6.6002,1.229,1.441,323 267 180 180 180 180 180 180
tryptophan,5,leucine,13,17,2,4,19.68,20.407,0.563,105.7,40.4,2.9745,1.17,0.923,325 266 180 180 180 180 180 180 180 180
tryptophan,5,leucine,13,17,13,0,19.68,19.425,0.563,104.4,81.8,15.7351,1.378,4.625,305 276
tryptophan,5,leucine,13,17,13,1,19.68,19.425,0.563,104.4,81.8,12.0643,1.376,4.315,306 276 180 180
tryptophan,5,leucine,13,17,13,2,19.68,19.425,0.563,104.4,81.8,8.4625,1.728,2.861,239 87 180 180 180 180
tryptophan,5,leucine,13,17,13,3,19.68,19.425,0.563,104.4,81.8,4.8016,1.728,0.393,240 86 180 180 180 180 180 180
tryptophan,5,leucine,13,17,13,4,19.68,19.425,0.563,104.4,81.8,1.1759,1.362,0.266,313 273 180 180 180 180 180 180 180 180
tryptophan,5,leucine,13,18,1,0,19.68,19.868,0.563,16.3,144.4,17.7048,1.729,5.888,152 360
tryptophan,5,leucine,13,18,1,1,19.68,19.868,0.563,16.3,144.4,15.4301,1.729,5.904,153 360 177 5
tryptophan,5,leucine,13,18,1,2,19.68,19.868,0.563,16.3,144.4,11.7593,1.729,4.95,153 360 174 12 180 180
tryptophan,5,leucine,13,18,1,3,19.68,19.868,0.563,16.3,144.4,8.1576,1.729,3.166,153 0 200 324 180 180 180 180
tryptophan,5,leucine,13,18,1,4,19.68,19.868,0.563,16.3,144.4,4.4966,1.729,1.078,153 360 197 328 180 180 180 180 180 180
tryptophan,5,leucine,13,18,2,0,19.68,22.338,0.563,16.1,36.7,21.1407,1.729,6.22,170 360
tryptophan,5,leucine,13,18,2,1,19.68,22.338,0.563,16.1,36.7,18.9282,1.729,6.23,170 0 180 360
tryptophan,5,leucine,13,18,2,2,19.68,22.338,0.563,16.1,36.7,15.2583,1.729,5.736,170 0 180 360 180 180
tryptophan,5,leucine,13,18,2,3,19.68,22.338,0.563,16.1,36.7,11.6543,1.729,3.91,170 360 163 29 180 180 180 180
tryptophan,5,leucine,13,18,2,4,19.68,22.338,0.563,16.1,36.7,7.9934,1.729,1.619,170 0 193 336 180 180 180 180 180 180
tryptophan,5,leucine,13,18,13,0,19.68,21.272,0.563,21.9,82.7,18.7937,1.729,5.935,155 360
tryptophan,5,leucine,13,18,13,1,19.68,21.272,0.563,21.9,82.7,16.3595,1.729,5.932,155 360 199 319
tryptophan,5,leucine,13,18,13,2,19.68,21.272,0.563,21.9,82.7,12.6887,1.729,5.432,155 0 200 318 180 180
tryptophan,5,leucine,13,18,13,3,19.68,21.272,0.563,21.9,82.7,9.087,1.729,3.433,155 0 207 308 180 180 180 180
tryptophan,5,leucine,13,18,13,4,19.68,21.272,0.563,21.9,82.7,5.426,1.729,1.426,155 360 155 50 180 180 180 180 180 180
tryptophan,5,serine,31,16,3,0,8.911,9.631,-0.939,116.1,17.3,7.3965,1.728,2.41,315 119
tryptophan,5,serine,31,16,3,1,8.911,9.631,-0.939,116.1,17.3,3.7257,0.753,1.408,17 241 180 180
tryptophan,5,serine,31,16,3,2,8.911,9.631,-0.939,116.1,17.3,0.124,0.385,1.257,23 243 180 180 180 180
tryptophan,5,serine,31,16,3,3,8.911,9.631,-0.939,116.1,17.3,0.0,0.817,2.228,286 78 185 185 65 285 48 267
tryptophan,5,serine,31,16,3,4,8.911,9.631,-0.939,116.1,17.3,0.0,1.665,2.301,300 99 257 68 300 45 200 181 12 35
tryptophan,5,serine,31,16,4,0,8.911,8.067,-0.939,103.7,88.9,4.3078,1.728,1.752,18 288
tryptophan,5,serine,31,16,4,1,8.911,8.067,-0.939,103.7,88.9,0.637,1.728,0.577,321 72 180 180
tryptophan,5,serine,31,16,4,2,8.911,8.067,-0.939,103.7,88.9,0.0,1.661,0.621,320 126 78 226 44 5
tryptophan,5,serine,31,16,4,3,8.911,8.067,-0.939,103.7,88.9,0.0,1.332,0.279,52 163 282 249 340 112 27 251
tryptophan,5,serine,31,16,4,4,8.911,8.067,-0.939,103.7,88.9,0.0,1.014,0.616,49 339 19 1 328 48 93 286 237 137
tryptophan,5,serine,31,16,5,0,8.911,8.205,-0.939,113.2,83.8,4.5076,1.728,1.834,44 260
tryptophan,5,serine,31,16,5,1,8.911,8.205,-0.939,113.2,83.8,0.8368,1.728,0.197,45 260 180 180
tryptophan,5,serine,31,16,5,2,8.911,8.205,-0.939,113.2,83.8,0.0,1.661,0.837,35 327 133 248 84 64
tryptophan,5,serine,31,16,5,3,8.911,8.205,-0.939,113.2,83.8,0.0,1.661,1.511,320 29 331 23 72 265 223 147
tryptophan,5,serine,31,16,5,4,8.911,8.205,-0.939,113.2,83.8,0.0,0.584,2.038,309 26 346 5 39 313 268 75 124 223
tryptophan,5,serine,31,17,3,0,8.911,11.48,-0.939,42.1,8.4,10.134,1.135,3.573,289 0
tryptophan,5,serine,31,17,3,1,8.911,11.48,-0.939,42.1,8.4,7.2235,0.994,1.447,292 0 149 87
tryptophan,5,serine,31,17,3,2,8.911,11.48,-0.939,42.1,8.4,3.5527,0.994,0.775,292 360 149 87 180 180
tryptophan,5,serine,31,17,3,3,8.911,11.48,-0.939,42.1,8.4,0.0,0.838,0.669,296 347 154 88 178 186 162 182
tryptophan,5,serine,31,17,3,4,8.911,11.48,-0.939,42.1,8.4,0.0,0.842,0.892,316 27 75 319 279 121 147 201 190 174
tryptophan,5,serine,31,17,4,0,8.911,9.683,-0.939,39.6,96.4,6.65,0.544,3.391,316 0
tryptophan,5,serine,31,17,4,1,8.911,9.683,-0.939,39.6,96.4,4.0551,0.554,1.318,317 360 158 51
tryptophan,5,serine,31,17,4,2,8.911,9.683,-0.939,39.6,96.4,0.3843,0.554,0.499,317 360 203 309 180 180
tryptophan,5,serine,31,17,4,3,8.911,9.683,-0.939,39.6,96.4,0.0,0.562,0.602,349 39 82 305 267 115 148 205
tryptophan,5,serine,31,17,4,4,8.911,9.683,-0.939,39.6,96.4,0.0,1.087,0.354,345 17 57 325 291 94 124 234 209 159
tryptophan,5,serine,31,17,5,0,8.911,9.785,-0.939,51.8,92.5,6.3265,0.721,3.429,300 0
tryptophan,5,serine,31,17,5,1,8.911,9.785,-0.939,51.8,92.5,3.3106,0.726,1.161,300 360 149 88
tryptophan,5,serine,31,17,5,2,8.911,9.785,-0.939,51.8,92.5,0.0,0.307,0.565,292 41 171 259 214 174
tryptophan,5,serine,31,17,5,3,8.911,9.785,-0.939,51.8,92.5,0.0,0.755,0.556,350 28 73 305 268 119 150 204
tryptophan,5,serine,31,17,5,4,8.911,9.785,-0.939,51.8,92.5,0.0,1.299,0.606,347 13 51 321 291 102 128 232 208 159
tryptophan,5,serine,31,18,3,0,8.911,11.237,-0.939,53.3,19.4,9.1285,1.729,4.057,63 360
tryptophan,5,serine,31,18,3,1,8.911,11.237,-0.939,53.3,19.4,5.8378,1.729,2.455,63 360 149 119
tryptophan,5,serine,31,18,3,2,8.911,11.237,-0.939,53.3,19.4,2.167,1.729,2.458,63 360 211 241 180 180
tryptophan,5,serine,31,18,3,3,8.911,11.237,-0.939,53.3,19.4,0.0,0.963,1.988,38 350 247 10 62 193 179 186
tryptophan,5,serine,31,18,3,4,8.911,11.237,-0.939,53.3,19.4,0.0,0.577,4.205,32 344 301 39 72 243 219 146 162 192
tryptophan,5,serine,31,18,4,0,8.911,9.371,-0.939,53.9,102.1,5.8463,1.617,4.001,49 0
tryptophan,5,serine,31,18,4,1,8.911,9.371,-0.939,53.9,102.1,2.8034,1.653,1.75,50 0 211 268
tryptophan,5,serine,31,18,4,2,8.911,9.371,-0.939,53.9,102.1,0.0,1.294,1.655,64 291 219 106 137 193
tryptophan,5,serine,31,18,4,3,8.911,9.371,-0.939,53.9,102.1,0.0,1.256,1.795,1 328 286 54 90 246 213 153
tryptophan,5,serine,31,18,4,4,8.911,9.371,-0.939,53.9,102.1,0.0,1.661,0.754,120 75 22 113 150 257 200 36 85 236
tryptophan,5,serine,31,18,5,0,8.911,10.005,-0.939,41.7,78.2,7.277,1.729,4.028,60 0
tryptophan,5,serine,31,18,5,1,8.911,10.005,-0.939,41.7,78.2,4.7925,1.729,1.492,60 360 196 325
tryptophan,5,serine,31,18,5,2,8.911,10.005,-0.939,41.7,78.2,1.1217,1.729,0.529,60 360 163 37 180 180
tryptophan,5,serine,31,18,5,3,8.911,10.005,-0.939,41.7,78.2,0.0,0.471,1.174,31 315 269 61 98 230 204 162
tryptophan,5,serine,31,18,5,4,8.911,10.005,-0.939,41.7,78.2,0.0,0.339,1.523,24 336 298 45 77 258 231 132 155 199
tryptophan,5,tyrosine,1,16,11,0,17.193,17.535,-0.363,108.6,48.8,14.4665,1.728,1.993,61 275
tryptophan,5,tyrosine,1,16,11,1,17.193,17.535,-0.363,108.6,48.8,10.7957,1.728,0.442,360 85 180 180
tryptophan,5,tyrosine,1,16,11,2,17.193,17.535,-0.363,108.6,48.8,7.194,1.728,0.675,67 272 180 180 180 180
tryptophan,5,tyrosine,1,16,11,3,17.193,17.535,-0.363,108.6,48.8,3.533,1.728,0.608,355 87 180 180 180 180 180 180
tryptophan,5,tyrosine,1,16,11,4,17.193,17.535,-0.363,108.6,48.8,0.0,1.652,0.789,354 73 195 177 174 172 192 203 166 198
tryptophan,5,tyrosine,1,16,12,0,17.193,17.407,-0.363,115.9,54.7,14.2067,1.728,2.449,8 115
tryptophan,5,tyrosine,1,16,12,1,17.193,17.407,-0.363,115.9,54.7,10.5359,1.728,1.161,70 245 180 180
tryptophan,5,tyrosine,1,16,12,2,17.193,17.407,-0.363,115.9,54.7,6.9342,1.728,0.526,1 113 180 180 180 180
tryptophan,5,tyrosine,1,16,12,3,17.193,17.407,-0.363,115.9,54.7,3.2732,1.728,0.787,75 247 180 180 180 180 180 180
tryptophan,5,tyrosine,1,16,12,4,17.193,17.407,-0.363,115.9,54.7,0.0,1.664,0.737,82 219 185 145 161 174 170 187 184 176
tryptophan,5,tyrosine,1,16,13,0,17.193,15.434,-0.363,113.1,136.0,11.7067,1.728,2.274,67 261
tryptophan,5,tyrosine,1,16,13,1,17.193,15.434,-0.363,113.1,136.0,8.0359,1.728,0.965,67 261 180 180
tryptophan,5,tyrosine,1,16,13,2,17.193,15.434,-0.363,113.1,136.0,4.4342,1.728,0.805,73 260 180 180 180 180
tryptophan,5,tyrosine,1,16,13,3,17.193,15.434,-0.363,113.1,136.0,0.7732,1.728,0.796,359 99 180 180 180 180 180 180
tryptophan,5,tyrosine,1,16,13,4,17.193,15.434,-0.363,113.1,136.0,0.0,1.493,0.925,117 211 195 124 134 199 190 166 173 185
tryptophan,5,tyrosine,1,17,11,0,17.193,18.298,-0.363,79.5,50.9,15.1842,0.523,3.384,309 0
tryptophan,5,tyrosine,1,17,11,1,17.193,18.298,-0.363,79.5,50.9,11.5171,0.522,1.487,309 0 180 180
tryptophan,5,tyrosine,1,17,11,2,17.193,18.298,-0.363,79.5,50.9,7.9085,0.418,1.044,324 335 180 180 180 180
tryptophan,5,tyrosine,1,17,11,3,17.193,18.298,-0.363,79.5,50.9,4.2476,0.459,1.176,320 341 180 180 180 180 180 180
tryptophan,5,tyrosine,1,17,11,4,17.193,18.298,-0.363,79.5,50.9,0.6219,0.469,1.071,293 28 180 180 180 180 180 180 180 180
tryptophan,5,tyrosine,1,17,12,0,17.193,18.307,-0.363,80.8,50.5,15.1993,0.962,3.505,293 360
tryptophan,5,tyrosine,1,17,12,1,17.193,18.307,-0.363,80.8,50.5,11.5285,0.95,1.451,298 350 180 180
tryptophan,5,tyrosine,1,17,12,2,17.193,18.307,-0.363,80.8,50.5,7.9267,0.764,0.836,313 325 180 180 180 180
tryptophan,5,tyrosine,1,17,12,3,17.193,18.307,-0.363,80.8,50.5,4.2658,0.816,0.856,310 329 180 180 180 180 180 180
tryptophan,5,tyrosine,1,17,12,4,17.193,18.307,-0.363,80.8,50.5,0.6401,1.04,0.643,272 37 180 180 180 180 180 180 180 180
tryptophan,5,tyrosine,1,17,13,0,17.193,16.375,-0.363,76.8,128.7,12.5751,0.697,3.423,301 0
tryptophan,5,tyrosine,1,17,13,1,17.193,16.375,-0.363,76.8,128.7,8.9079,0.698,1.345,301 360 180 180
tryptophan,5,tyrosine,1,17,13,2,17.193,16.375,-0.363,76.8,128.7,5.2998,0.552,0.23,316 334 180 180 180 180
tryptophan,5,tyrosine,1,17,13,3,17.193,16.375,-0.363,76.8,128.7,1.6388,0.703,0.5,290 20 180 180 180 180 180 180
tryptophan,5,tyrosine,1,17,13,4,17.193,16.375,-0.363,76.8,128.7,0.0,1.385,0.617,252 125 147 222 208 163 171 188 184 178
tryptophan,5,tyrosine,1,18,11,0,17.193,19.494,-0.363,21.8,53.3,17.5435,1.348,4.024,43 360
tryptophan,5,tyrosine,1,18,11,1,17.193,19.494,-0.363,21.8,53.3,15.1114,1.367,1.495,43 360 161 40
tryptophan,5,tyrosine,1,18,11,2,17.193,19.494,-0.363,21.8,53.3,11.4406,1.367,0.401,43 0 199 318 180 180
tryptophan,5,tyrosine,1,18,11,3,17.193,19.494,-0.363,21.8,53.3,7.8389,1.367,0.628,43 360 153 52 180 180 180 180
tryptophan,5,tyrosine,1,18,11,4,17.193,19.494,-0.363,21.8,53.3,4.1779,1.367,0.547,43 360 205 310 180 180 180 180 180 180
tryptophan,5,tyrosine,1,18,12,0,17.193,19.548,-0.363,20.8,50.9,17.7144,1.729,4.292,79 360
tryptophan,5,tyrosine,1,18,12,1,17.193,19.548,-0.363,20.8,50.9,15.3225,1.729,2.505,79 0 164 35
tryptophan,5,tyrosine,1,18,12,2,17.193,19.548,-0.363,20.8,50.9,11.6517,1.729,0.795,79 360 197 324 180 180
tryptophan,5,tyrosine,1,18,12,3,17.193,19.548,-0.363,20.8,50.9,8.05,1.729,0.636,79 360 154 48 180 180 180 180
tryptophan,5,tyrosine,1,18,12,4,17.193,19.548,-0.363,20.8,50.9,4.389,1.729,0.475,79 0 156 46 180 180 180 180 180 180
tryptophan,5,tyrosine,1,18,13,0,17.193,17.488,-0.363,23.4,136.1,15.1125,1.729,4.027,60 0
tryptophan,5,tyrosine,1,18,13,1,17.193,17.488,-0.363,23.4,136.1,12.8011,1.729,1.499,59 0 188 344
tryptophan,5,tyrosine,1,18,13,2,17.193,17.488,-0.363,23.4,136.1,9.1303,1.729,0.522,59 0 170 19 180 180
tryptophan,5,tyrosine,1,18,13,3,17.193,17.488,-0.363,23.4,136.1,5.5285,1.729,0.728,59 0 201 321 180 180 180 180
tryptophan,5,tyrosine,1,18,13,4,17.193,17.488,-0.363,23.4,136.1,1.8676,1.729,0.464,59 360 161 35 180 180 180 180 180 180
tryptophan,5,phenylalanine,4,16,12,0,11.491,10.136,0.681,124.8,103.4,6.2663,1.728,2.454,4 126
tryptophan,5,phenylalanine,4,16,12,1,11.491,10.136,0.681,124.8,103.4,2.5955,1.728,0.78,3 126 180 180
tryptophan,5,phenylalanine,4,16,12,2,11.491,10.136,0.681,124.8,103.4,0.0,1.663,0.473,6 27 271 130 179 164
tryptophan,5,phenylalanine,4,16,12,3,11.491,10.136,0.681,124.8,103.4,0.0,1.663,1.176,110 201 188 126 135 201 190 171
tryptophan,5,phenylalanine,4,16,12,4,11.491,10.136,0.681,124.8,103.4,0.0,1.555,1.565,313 34 338 6 54 313 272 112 146 206
tryptophan,5,phenylalanine,4,16,13,0,11.491,10.072,0.681,127.4,105.9,6.1943,1.728,2.406,41 228
tryptophan,5,phenylalanine,4,16,13,1,11.491,10.072,0.681,127.4,105.9,2.5235,1.728,0.7,345 131 180 180
tryptophan,5,phenylalanine,4,16,13,2,11.491,10.072,0.681,127.4,105.9,0.0,1.621,0.629,341 42 252 137 142 140
tryptophan,5,phenylalanine,4,16,13,3,11.491,10.072,0.681,127.4,105.9,0.0,1.46,1.044,67 239 215 47 53 228 202 154
tryptophan,5,phenylalanine,4,16,13,4,11.491,10.072,0.681,127.4,105.9,0.0,0.62,0.814,54 267 253 15 43 279 233 100 139 209
tryptophan,5,phenylalanine,4,16,14,0,11.491,12.109,0.681,123.7,7.7,10.0883,1.728,2.581,48 222
tryptophan,5,phenylalanine,4,16,14,1,11.491,12.109,0.681,123.7,7.7,6.4175,1.728,0.413,49 223 180 180
tryptophan,5,phenylalanine,4,16,14,2,11.491,12.109,0.681,123.7,7.7,2.8158,1.176,0.414,57 228 180 180 180 180
tryptophan,5,phenylalanine,4,16,14,3,11.491,12.109,0.681,123.7,7.7,0.0,0.962,0.69,342 114 179 222 71 172 193 219
tryptophan,5,phenylalanine,4,16,14,4,11.491,12.109,0.681,123.7,7.7,0.0,1.105,0.719,119 208 195 112 123 206 195 160 169 188
tryptophan,5,phenylalanine,4,17,12,0,11.491,11.497,0.681,70.6,108.3,7.6646,1.167,3.586,288 360
tryptophan,5,phenylalanine,4,17,12,1,11.491,11.497,0.681,70.6,108.3,4.1356,1.149,1.735,288 0 200 210
tryptophan,5,phenylalanine,4,17,12,2,11.491,11.497,0.681,70.6,108.3,0.4647,1.149,0.379,288 0 159 149 180 180
tryptophan,5,phenylalanine,4,17,12,3,11.491,11.497,0.681,70.6,108.3,0.0,0.445,0.697,340 22 78 307 286 162 176 186
tryptophan,5,phenylalanine,4,17,12,4,11.491,11.497,0.681,70.6,108.3,0.0,1.219,0.179,343 6 44 311 288 117 135 222 204 162
tryptophan,5,phenylalanine,4,17,13,0,11.491,11.79,0.681,58.5,96.7,8.223,1.268,3.632,285 0
tryptophan,5,phenylalanine,4,17,13,1,11.491,11.79,0.681,58.5,96.7,5.0441,1.292,1.95,285 0 148 107
tryptophan,5,phenylalanine,4,17,13,2,11.491,11.79,0.681,58.5,96.7,1.3733,1.292,0.407,285 360 212 253 180 180
tryptophan,5,phenylalanine,4,17,13,3,11.491,11.79,0.681,58.5,96.7,0.0,0.834,0.477,319 22 91 325 280 145 168 189
tryptophan,5,phenylalanine,4,17,13,4,11.491,11.79,0.681,58.5,96.7,0.0,0.916,0.649,329 14 55 314 284 116 138 218 200 165
tryptophan,5,phenylalanine,4,17,14,0,11.491,13.584,0.681,65.3,6.5,11.6304,1.094,3.556,290 360
tryptophan,5,phenylalanine,4,17,14,1,11.491,13.584,0.681,65.3,6.5,8.0621,1.075,1.599,290 360 169 165
tryptophan,5,phenylalanine,4,17,14,2,11.491,13.584,0.681,65.3,6.5,4.3913,1.075,0.42,290 360 167 163 180 180
tryptophan,5,phenylalanine,4,17,14,3,11.491,13.584,0.681,65.3,6.5,0.7896,0.513,0.38,290 0 153 149 180 180 180 180
tryptophan,5,phenylalanine,4,17,14,4,11.491,13.584,0.681,65.3,6.5,0.0,1.665,0.612,237 128 144 223 209 152 162 194 187 175
tryptophan,5,phenylalanine,4,18,12,0,11.491,12.396,0.681,29.0,99.5,9.6851,1.729,4.442,88 360
tryptophan,5,phenylalanine,4,18,12,1,11.491,12.396,0.681,29.0,99.5,7.2946,1.729,3.14,89 0 193 333
tryptophan,5,phenylalanine,4,18,12,2,11.491,12.396,0.681,29.0,99.5,3.6238,1.729,0.903,89 360 166 29 180 180
tryptophan,5,phenylalanine,4,18,12,3,11.491,12.396,0.681,29.0,99.5,0.0221,1.68,0.497,89 0 156 44 180 180 180 180
tryptophan,5,phenylalanine,4,18,12,4,11.491,12.396,0.681,29.0,99.5,0.0,1.236,0.552,57 323 280 57 93 237 215 162 171 185
tryptophan,5,phenylalanine,4,18,13,0,11.491,12.2,0.681,39.8,107.2,9.0488,1.729,4.257,77 360
tryptophan,5,phenylalanine,4,18,13,1,11.491,12.2,0.681,39.8,107.2,6.3526,1.729,2.462,76 0 154 63
tryptophan,5,phenylalanine,4,18,13,2,11.491,12.2,0.681,39.8,107.2,2.6818,1.729,1.224,76 360 207 296 180 180
tryptophan,5,phenylalanine,4,18,13,3,11.491,12.2,0.681,39.8,107.2,0.0,1.655,1.685,64 331 240 33 64 177 169 188
tryptophan,5,phenylalanine,4,18,13,4,11.491,12.2,0.681,39.8,107.2,0.0,0.923,1.378,46 332 290 50 85 242 219 153 166 189
tryptophan,5,phenylalanine,4,18,14,0,11.491,14.26,0.681,34.0,4.8,13.0138,1.729,4.247,76 360
tryptophan,5,phenylalanine,4,18,14,1,11.491,14.26,0.681,34.0,4.8,10.2326,1.729,2.505,76 0 209 286
tryptophan,5,phenylalanine,4,18,14,2,11.491,14.26,0.681,34.0,4.8,6.5618,1.729,1.911,76 0 151 75 180 180
tryptophan,5,phenylalanine,4,18,14,3,11.491,14.26,0.681,34.0,4.8,2.9601,1.126,1.818,76 0 215 281 180 180 180 180
tryptophan,5,phenylalanine,4,18,14,4,11.491,14.26,0.681,34.0,4.8,0.0,1.169,1.476,85 333 222 20 84 195 189 198 188 177
tyrosine,1,arginine,3,11,16,0,5.644,7.201,0.752,51.3,59.4,4.2948,1.728,6.996,258 0
tyrosine,1,arginine,3,11,16,1,5.644,7.201,0.752,51.3,59.4,1.3216,1.728,6.52,260 360 150 81
tyrosine,1,arginine,3,11,16,2,5.644,7.201,0.752,51.3,59.4,0.0,1.665,4.457,267 82 115 249 216 152
tyrosine,1,arginine,3,11,16,3,5.644,7.201,0.752,51.3,59.4,0.0,1.582,4.582,337 29 71 292 257 119 149 204
tyrosine,1,arginine,3,11,16,4,5.644,7.201,0.752,51.3,59.4,0.0,1.665,3.389,340 11 49 305 278 107 129 223 203 162
tyrosine,1,arginine,3,11,17,0,5.644,5.07,0.752,51.4,164.4,2.7389,1.728,6.857,266 0
tyrosine,1,arginine,3,11,17,1,5.644,5.07,0.752,51.4,164.4,0.0,1.664,5.294,304 332 177 59
tyrosine,1,arginine,3,11,17,2,5.644,5.07,0.752,51.4,164.4,0.0,1.664,5.723,332 49 67 312 228 78
tyrosine,1,arginine,3,11,17,3,5.644,5.07,0.752,51.4,164.4,0.0,1.664,5.484,4 34 58 291 256 81 131 227
tyrosine,1,arginine,3,11,17,4,5.644,5.07,0.752,51.4,164.4,0.0,1.553,5.057,6 14 46 306 280 78 107 253 218 149
tyrosine,1,arginine,3,11,18,0,5.644,6.909,0.752,35.3,70.4,4.8757,1.728,6.374,295 360
tyrosine,1,arginine,3,11,18,1,5.644,6.909,0.752,35.3,70.4,3.0749,1.496,4.518,305 360 180 360
tyrosine,1,arginine,3,11,18,2,5.644,6.909,0.752,35.3,70.4,0.0,0.922,1.972,301 21 159 341 182 114
tyrosine,1,arginine,3,11,18,3,5.644,6.909,0.752,35.3,70.4,0.0,0.493,1.73,338 43 85 298 260 115 148 205
tyrosine,1,arginine,3,11,18,4,5.644,6.909,0.752,35.3,70.4,0.0,0.236,1.539,338 21 58 314 282 97 125 231 207 160
tyrosine,1,arginine,3,12,16,0,5.644,7.324,0.752,45.9,60.5,4.509,1.729,4.722,104 0
tyrosine,1,arginine,3,12,16,1,5.644,7.324,0.752,45.9,60.5,1.6862,1.729,3.878,102 360 153 67
tyrosine,1,arginine,3,12,16,2,5.644,7.324,0.752,45.9,60.5,0.0,1.665,1.751,72 308 254 82 128 221
tyrosine,1,arginine,3,12,16,3,5.644,7.324,0.752,45.9,60.5,0.0,1.665,1.177,27 329 286 68 105 242 211 156
tyrosine,1,arginine,3,12,16,4,5.644,7.324,0.752,45.9,60.5,0.0,1.665,1.652,24 348 308 52 83 256 232 137 158 197
tyrosine,1,arginine,3,12,17,0,5.644,5.492,0.752,32.7,137.8,2.8286,1.729,3.957,83 360
tyrosine,1,arginine,3,12,17,1,5.644,5.492,0.752,32.7,137.8,1.404,1.729,3.787,93 0 180 360
tyrosine,1,arginine,3,12,17,2,5.644,5.492,0.752,32.7,137.8,0.0,1.138,1.522,57 292 258 11 180 344
tyrosine,1,arginine,3,12,17,3,5.644,5.492,0.752,32.7,137.8,0.0,0.846,0.135,33 302 269 74 119 286 237 137
tyrosine,1,arginine,3,12,17,4,5.644,5.492,0.752,32.7,137.8,0.0,0.677,1.358,22 333 300 58 86 269 240 121 149 204
tyrosine,1,arginine,3,12,18,0,5.644,6.528,0.752,52.6,90.0,3.103,1.729,3.598,69 360
tyrosine,1,arginine,3,12,18,1,5.644,6.528,0.752,52.6,90.0,0.3373,1.729,1.643,72 360 158 49
tyrosine,1,arginine,3,12,18,2,5.644,6.528,0.752,52.6,90.0,0.0,1.501,0.612,32 310 253 70 124 225
tyrosine,1,arginine,3,12,18,3,5.644,6.528,0.752,52.6,90.0,0.0,1.165,0.85,11 329 289 64 97 241 211 155
tyrosine,1,arginine,3,12,18,4,5.644,6.528,0.752,52.6,90.0,0.0,1.47,1.148,12 349 316 50 72 259 235 120 147 205
tyrosine,1,arginine,3,13,16,0,5.644,5.081,0.752,142.0,64.5,1.9983,1.376,4.639,7 180
tyrosine,1,arginine,3,13,16,1,5.644,5.081,0.752,142.0,64.5,0.0,0.694,4.323,1 172 182 265
tyrosine,1,arginine,3,13,16,2,5.644,5.081,0.752,142.0,64.5,0.0,1.456,3.25,88 184 222 76 110 266
tyrosine,1,arginine,3,13,16,3,5.644,5.081,0.752,142.0,64.5,0.0,1.665,2.435,309 202 158 30 49 328 231 72
tyrosine,1,arginine,3,13,16,4,5.644,5.081,0.752,142.0,64.5,0.0,0.88,0.813,54 262 226 31 42 290 251 69 131 234
tyrosine,1,arginine,3,13,17,0,5.644,3.327,0.752,119.1,142.3,0.0,1.32,3.853,25 268
tyrosine,1,arginine,3,13,17,1,5.644,3.327,0.752,119.1,142.3,0.0,0.333,3.498,9 8 296 25
tyrosine,1,arginine,3,13,17,2,5.644,3.327,0.752,119.1,142.3,0.0,0.451,1.725,338 317 334 44 139 316
tyrosine,1,arginine,3,13,17,3,5.644,3.327,0.752,119.1,142.3,0.0,0.609,1.434,320 322 314 81 115 233 318 336
tyrosine,1,arginine,3,13,17,4,5.644,3.327,0.752,119.1,142.3,0.0,1.664,5.482,156 249 157 237 314 95 86 33 82 239
tyrosine,1,arginine,3,13,18,0,5.644,4.857,0.752,117.7,72.5,1.3897,1.411,3.369,4 264
tyrosine,1,arginine,3,13,18,1,5.644,4.857,0.752,117.7,72.5,0.0,0.348,1.979,8 7 94 251
tyrosine,1,arginine,3,13,18,2,5.644,4.857,0.752,117.7,72.5,0.0,0.803,1.683,39 360 60 291 238 137
tyrosine,1,arginine,3,13,18,3,5.644,4.857,0.752,117.7,72.5,0.0,0.738,1.663,40 60 342 305 331 349 83 312
tyrosine,1,arginine,3,13,18,4,5.644,4.857,0.752,117.7,72.5,0.0,0.219,1.574,39 332 353 344 329 47 90 309 243 117
tyrosine,1,lysine,5,11,13,0,15.66,15.919,-0.013,48.8,119.1,12.5166,1.728,6.734,272 0
tyrosine,1,lysine,5,11,13,1,15.66,15.919,-0.013,48.8,119.1,9.5011,1.728,6.304,273 0 148 95
tyrosine,1,lysine,5,11,13,2,15.66,15.919,-0.013,48.8,119.1,5.8303,1.728,3.053,273 0 148 95 180 180
tyrosine,1,lysine,5,11,13,3,15.66,15.919,-0.013,48.8,119.1,2.2285,1.728,0.33,273 360 142 96 180 180 180 180
tyrosine,1,lysine,5,11,13,4,15.66,15.919,-0.013,48.8,119.1,0.0,1.616,0.341,276 44 102 326 289 150 169 169 173 187
tyrosine,1,lysine,5,11,14,0,15.66,17.912,-0.013,44.2,37.1,15.6672,1.728,6.911,263 360
tyrosine,1,lysine,5,11,14,1,15.66,17.912,-0.013,44.2,37.1,12.6828,1.728,6.531,263 0 212 266
tyrosine,1,lysine,5,11,14,2,15.66,17.912,-0.013,44.2,37.1,9.012,1.728,3.611,263 360 148 94 180 180
tyrosine,1,lysine,5,11,14,3,15.66,17.912,-0.013,44.2,37.1,5.4102,1.728,1.228,263 0 218 264 180 180 180 180
tyrosine,1,lysine,5,11,14,4,15.66,17.912,-0.013,44.2,37.1,1.7493,1.728,1.056,263 360 144 95 180 180 180 180 180 180
tyrosine,1,lysine,5,11,15,0,15.66,17.355,-0.013,45.3,63.0,14.4705,1.728,6.519,285 360
tyrosine,1,lysine,5,11,15,1,15.66,17.355,-0.013,45.3,63.0,11.4533,1.728,5.849,285 0 148 96
tyrosine,1,lysine,5,11,15,2,15.66,17.355,-0.013,45.3,63.0,7.7825,1.728,2.515,285 360 148 96 180 180
tyrosine,1,lysine,5,11,15,3,15.66,17.355,-0.013,45.3,63.0,4.1808,1.728,0.805,285 360 218 262 180 180 180 180
tyrosine,1,lysine,5,11,15,4,15.66,17.355,-0.013,45.3,63.0,0.5198,1.728,0.878,285 0 144 97 180 180 180 180 180 180
tyrosine,1,lysine,5,12,13,0,15.66,15.748,-0.013,56.4,111.6,12.1251,1.729,4.051,86 360
tyrosine,1,lysine,5,12,13,1,15.66,15.748,-0.013,56.4,111.6,8.8807,1.729,3.382,86 360 211 243
tyrosine,1,lysine,5,12,13,2,15.66,15.748,-0.013,56.4,111.6,5.2099,1.729,1.258,86 360 212 244 180 180
tyrosine,1,lysine,5,12,13,3,15.66,15.748,-0.013,56.4,111.6,1.6082,1.729,0.791,86 0 142 115 180 180 180 180
tyrosine,1,lysine,5,12,13,4,15.66,15.748,-0.013,56.4,111.6,0.0,1.663,0.921,125 252 222 131 151 202 192 173 177 182
tyrosine,1,lysine,5,12,14,0,15.66,17.507,-0.013,62.2,40.4,14.7429,1.729,4.117,88 360
tyrosine,1,lysine,5,12,14,1,15.66,17.507,-0.013,62.2,40.4,11.264,1.729,2.822,87 360 158 147
tyrosine,1,lysine,5,12,14,2,15.66,17.507,-0.013,62.2,40.4,7.5932,1.729,1.235,87 360 157 146 180 180
tyrosine,1,lysine,5,12,14,3,15.66,17.507,-0.013,62.2,40.4,3.9915,1.729,0.896,87 0 148 139 180 180 180 180
tyrosine,1,lysine,5,12,14,4,15.66,17.507,-0.013,62.2,40.4,0.3306,1.139,1.063,87 0 210 220 180 180 180 180 180 180
tyrosine,1,lysine,5,12,15,0,15.66,17.094,-0.013,57.2,59.5,14.0731,1.729,3.676,73 0
tyrosine,1,lysine,5,12,15,1,15.66,17.094,-0.013,57.2,59.5,10.8378,1.729,2.1,72 0 211 243
tyrosine,1,lysine,5,12,15,2,15.66,17.094,-0.013,57.2,59.5,7.167,1.729,0.554,72 360 148 117 180 180
tyrosine,1,lysine,5,12,15,3,15.66,17.094,-0.013,57.2,59.5,3.5653,0.966,1.023,72 360 218 245 180 180 180 180
tyrosine,1,lysine,5,12,15,4,15.66,17.094,-0.013,57.2,59.5,0.0,0.578,0.776,61 19 209 254 161 161 197 189 178 180
tyrosine,1,lysine,5,13,13,0,15.66,13.735,-0.013,141.0,117.2,9.8632,1.614,4.323,351 180
tyrosine,1,lysine,5,13,13,1,15.66,13.735,-0.013,141.0,117.2,6.1923,1.614,2.763,351 180 180 180
tyrosine,1,lysine,5,13,13,2,15.66,13.735,-0.013,141.0,117.2,2.5906,1.73,0.717,327 154 180 180 180 180
tyrosine,1,lysine,5,13,13,3,15.66,13.735,-0.013,141.0,117.2,0.0,1.663,0.647,290 165 187 227 214 173 179 182
tyrosine,1,lysine,5,13,13,4,15.66,13.735,-0.013,141.0,117.2,0.0,0.908,1.371,237 163 173 250 243 152 164 203 193 171
tyrosine,1,lysine,5,13,14,0,15.66,15.639,-0.013,140.6,39.9,12.8017,1.73,4.13,336 180
tyrosine,1,lysine,5,13,14,1,15.66,15.639,-0.013,140.6,39.9,9.1475,1.73,2.606,336 180 180 180
tyrosine,1,lysine,5,13,14,2,15.66,15.639,-0.013,140.6,39.9,5.5197,1.73,0.537,325 168 180 180 180 180
tyrosine,1,lysine,5,13,14,3,15.66,15.639,-0.013,140.6,39.9,1.8595,1.524,0.414,336 180 180 180 180 180 180 180
tyrosine,1,lysine,5,13,14,4,15.66,15.639,-0.013,140.6,39.9,0.0,1.607,2.24,263 173 182 221 214 164 171 191 186 176
tyrosine,1,lysine,5,13,15,0,15.66,15.23,-0.013,133.2,58.9,11.9455,1.73,4.058,327 136
tyrosine,1,lysine,5,13,15,1,15.66,15.23,-0.013,133.2,58.9,8.2747,1.73,2.292,326 135 180 180
tyrosine,1,lysine,5,13,15,2,15.66,15.23,-0.013,133.2,58.9,4.673,1.332,0.549,28 230 180 180 180 180
tyrosine,1,lysine,5,13,15,3,15.66,15.23,-0.013,133.2,58.9,1.012,0.668,0.526,26 229 180 180 180 180 180 180
tyrosine,1,lysine,5,13,15,4,15.66,15.23,-0.013,133.2,58.9,0.0,1.663,0.497,284 129 148 311 295 154 174 204 194 173
tyrosine,1,aspartic,21,11,3,0,11.385,12.276,0.253,81.4,62.3,8.9308,1.728,6.915,256 34
tyrosine,1,aspartic,21,11,3,1,11.385,12.276,0.253,81.4,62.3,5.2599,1.728,6.935,255 35 180 180
tyrosine,1,aspartic,21,11,3,2,11.385,12.276,0.253,81.4,62.3,1.6582,1.728,5.915,247 48 180 180 180 180
tyrosine,1,aspartic,21,11,3,3,11.385,12.276,0.253,81.4,62.3,0.0,1.664,4.742,228 128 140 219 207 158 168 189
tyrosine,1,aspartic,21,11,3,4,11.385,12.276,0.253,81.4,62.3,0.0,1.475,4.679,218 141 147 217 209 149 158 198 190 172
tyrosine,1,aspartic,21,11,4,0,11.385,11.935,0.253,78.8,75.5,8.3488,1.728,6.419,291 360
tyrosine,1,aspartic,21,11,4,1,11.385,11.935,0.253,78.8,75.5,4.6778,1.728,6.124,291 0 180 180
tyrosine,1,aspartic,21,11,4,2,11.385,11.935,0.253,78.8,75.5,1.076,1.728,5.648,310 327 180 180 180 180
tyrosine,1,aspartic,21,11,4,3,11.385,11.935,0.253,78.8,75.5,0.0,1.663,4.897,245 126 141 228 214 152 166 191
tyrosine,1,aspartic,21,11,4,4,11.385,11.935,0.253,78.8,75.5,0.0,0.881,4.866,228 139 147 220 212 147 157 200 190 172
tyrosine,1,aspartic,21,11,5,0,11.385,10.146,0.253,75.5,167.6,7.0085,1.728,6.522,285 0
tyrosine,1,aspartic,21,11,5,1,11.385,10.146,0.253,75.5,167.6,3.3377,1.728,6.337,285 360 180 180
tyrosine,1,aspartic,21,11,5,2,11.385,10.146,0.253,75.5,167.6,0.0,1.663,5.812,260 75 145 200 185 182
tyrosine,1,aspartic,21,11,5,3,11.385,10.146,0.253,75.5,167.6,0.0,1.377,3.492,225 127 132 240 230 144 161 197
tyrosine,1,aspartic,21,11,5,4,11.385,10.146,0.253,75.5,167.6,0.0,1.663,3.423,198 145 141 229 229 132 142 217 201 163
tyrosine,1,aspartic,21,12,3,0,11.385,13.464,0.253,28.6,57.6,11.2558,1.729,5.575,125 0
tyrosine,1,aspartic,21,12,3,1,11.385,13.464,0.253,28.6,57.6,8.7528,1.729,5.549,124 360 201 314
tyrosine,1,aspartic,21,12,3,2,11.385,13.464,0.253,28.6,57.6,5.082,1.729,5.549,124 0 201 313 180 180
tyrosine,1,aspartic,21,12,3,3,11.385,13.464,0.253,28.6,57.6,1.4803,1.729,4.819,124 360 151 56 180 180 180 180
tyrosine,1,aspartic,21,12,3,4,11.385,13.464,0.253,28.6,57.6,0.0,1.664,3.012,87 308 263 72 107 208 195 180 181 178
tyrosine,1,aspartic,21,12,4,0,11.385,13.129,0.253,22.9,70.9,11.0737,1.729,3.985,84 0
tyrosine,1,aspartic,21,12,4,1,11.385,13.129,0.253,22.9,70.9,8.885,1.729,2.936,82 0 180 0
tyrosine,1,aspartic,21,12,4,2,11.385,13.129,0.253,22.9,70.9,5.2302,1.729,2.903,82 0 180 0 180 180
tyrosine,1,aspartic,21,12,4,3,11.385,13.129,0.253,22.9,70.9,1.6047,1.729,2.683,83 360 169 19 180 180 180 180
tyrosine,1,aspartic,21,12,4,4,11.385,13.129,0.253,22.9,70.9,0.0,1.663,2.116,79 299 259 73 106 215 199 172 176 181
tyrosine,1,aspartic,21,12,5,0,11.385,11.194,0.253,28.4,171.8,9.1884,1.729,4.407,96 360
tyrosine,1,aspartic,21,12,5,1,11.385,11.194,0.253,28.4,171.8,6.6621,1.729,4.4,99 360 201 313
tyrosine,1,aspartic,21,12,5,2,11.385,11.194,0.253,28.4,171.8,2.9913,1.729,4.162,99 360 202 312 180 180
tyrosine,1,aspartic,21,12,5,3,11.385,11.194,0.253,28.4,171.8,0.0,1.663,3.293,106 311 206 82 128 175 174 186
tyrosine,1,aspartic,21,12,5,4,11.385,11.194,0.253,28.4,171.8,0.0,1.663,1.978,54 328 286 57 93 237 215 157 168 188
tyrosine,1,aspartic,21,13,3,0,11.385,11.016,0.253,134.8,58.9,7.7503,1.73,6.215,76 203
tyrosine,1,aspartic,21,13,3,1,11.385,11.016,0.253,134.8,58.9,4.0795,1.495,5.436,42 156 180 180
tyrosine,1,aspartic,21,13,3,2,11.385,11.016,0.253,134.8,58.9,0.4777,1.356,5.168,31 145 180 180 180 180
tyrosine,1,aspartic,21,13,3,3,11.385,11.016,0.253,134.8,58.9,0.0,1.054,5.217,113 197 187 140 149 198 189 172
tyrosine,1,aspartic,21,13,3,4,11.385,11.016,0.253,134.8,58.9,0.0,1.664,5.258,148 183 187 136 136 216 207 152 165 192
tyrosine,1,aspartic,21,13,4,0,11.385,10.813,0.253,123.9,66.9,7.3829,1.696,5.484,73 249
tyrosine,1,aspartic,21,13,4,1,11.385,10.813,0.253,123.9,66.9,3.7121,1.353,4.694,9 111 180 180
tyrosine,1,aspartic,21,13,4,2,11.385,10.813,0.253,123.9,66.9,0.1104,1.715,4.915,79 250 180 180 180 180
tyrosine,1,aspartic,21,13,4,3,11.385,10.813,0.253,123.9,66.9,0.0,1.376,5.479,113 202 191 135 144 201 190 171
tyrosine,1,aspartic,21,13,4,4,11.385,10.813,0.253,123.9,66.9,0.0,0.913,5.195,143 196 192 125 127 212 202 153 165 191
tyrosine,1,aspartic,21,13,5,0,11.385,8.784,0.253,132.1,174.9,5.8349,1.73,5.337,61 229
tyrosine,1,aspartic,21,13,5,1,11.385,8.784,0.253,132.1,174.9,2.1641,1.406,4.465,4 130 180 180
tyrosine,1,aspartic,21,13,5,2,11.385,8.784,0.253,132.1,174.9,0.0,1.663,4.404,101 180 201 129 142 212
tyrosine,1,aspartic,21,13,5,3,11.385,8.784,0.253,132.1,174.9,0.0,1.663,3.446,134 189 197 113 116 243 215 150
tyrosine,1,aspartic,21,13,5,4,11.385,8.784,0.253,132.1,174.9,0.0,1.372,4.654,165 181 190 126 117 236 224 132 153 202
tyrosine,1,glutamic,22,11,4,0,7.575,9.702,0.992,35.4,54.4,7.2183,1.728,7.28,231 360
tyrosine,1,glutamic,22,11,4,1,7.575,9.702,0.992,35.4,54.4,4.5307,1.728,6.919,231 360 205 301
tyrosine,1,glutamic,22,11,4,2,7.575,9.702,0.992,35.4,54.4,0.8599,1.728,4.718,231 360 154 60 180 180
tyrosine,1,glutamic,22,11,4,3,7.575,9.702,0.992,35.4,54.4,0.0,1.664,3.764,280 53 102 275 238 145 164 190
tyrosine,1,glutamic,22,11,4,4,7.575,9.702,0.992,35.4,54.4,0.0,1.664,3.989,313 26 66 294 262 115 136 207 194 170
tyrosine,1,glutamic,22,11,5,0,7.575,7.453,0.992,29.7,158.9,5.4058,1.728,7.22,237 0
tyrosine,1,glutamic,22,11,5,1,7.575,7.453,0.992,29.7,158.9,3.0927,1.728,6.457,232 0 180 360
tyrosine,1,glutamic,22,11,5,2,7.575,7.453,0.992,29.7,158.9,0.0,1.663,5.192,216 34 143 328 223 140
tyrosine,1,glutamic,22,11,5,3,7.575,7.453,0.992,29.7,158.9,0.0,1.663,3.1,276 74 117 271 222 92 132 211
tyrosine,1,glutamic,22,11,5,4,7.575,7.453,0.992,29.7,158.9,0.0,1.365,3.553,313 40 74 290 260 103 128 222 202 164
tyrosine,1,glutamic,22,11,6,0,7.575,9.677,0.992,24.9,55.4,7.8015,1.728,7.599,190 0
tyrosine,1,glutamic,22,11,6,1,7.575,9.677,0.992,24.9,55.4,5.5626,1.728,7.055,192 360 180 0
tyrosine,1,glutamic,22,11,6,2,7.575,9.677,0.992,24.9,55.4,1.9065,1.728,5.584,192 360 180 360 180 180
tyrosine,1,glutamic,22,11,6,3,7.575,9.677,0.992,24.9,55.4,0.0,1.663,5.586,215 57 122 280 221 140 162 187
tyrosine,1,glutamic,22,11,6,4,7.575,9.677,0.992,24.9,55.4,0.0,0.293,4.248,275 67 96 264 237 125 144 206 193 170
tyrosine,1,glutamic,22,12,4,0,7.575,8.577,0.992,82.0,42.9,5.7152,1.729,4.82,106 360
tyrosine,1,glutamic,22,12,4,1,7.575,8.577,0.992,82.0,42.9,2.06,1.552,4.835,107 360 180 180
tyrosine,1,glutamic,22,12,4,2,7.575,8.577,0.992,82.0,42.9,0.0,0.491,3.55,123 257 237 128 152 202
tyrosine,1,glutamic,22,12,4,3,7.575,8.577,0.992,82.0,42.9,0.0,1.664,3.967,158 212 222 130 137 224 205 159
tyrosine,1,glutamic,22,12,4,4,7.575,8.577,0.992,82.0,42.9,0.0,1.664,3.964,177 197 211 138 134 231 220 138 157 199
tyrosine,1,glutamic,22,12,5,0,7.575,6.109,0.992,85.2,155.6,2.7579,1.729,4.042,102 321
tyrosine,1,glutamic,22,12,5,1,7.575,6.109,0.992,85.2,155.6,0.0,1.663,4.414,126 259 222 148
tyrosine,1,glutamic,22,12,5,2,7.575,6.109,0.992,85.2,155.6,0.0,1.663,4.925,151 226 265 82 112 255
tyrosine,1,glutamic,22,12,5,3,7.575,6.109,0.992,85.2,155.6,0.0,1.527,3.159,176 209 258 85 85 292 241 118
tyrosine,1,glutamic,22,12,5,4,7.575,6.109,0.992,85.2,155.6,0.0,0.839,3.602,187 198 213 122 110 253 247 115 143 212
tyrosine,1,glutamic,22,12,6,0,7.575,7.998,0.992,96.6,66.8,4.5911,1.729,4.473,118 276
tyrosine,1,glutamic,22,12,6,1,7.575,7.998,0.992,96.6,66.8,0.9203,1.729,3.802,57 84 180 180
tyrosine,1,glutamic,22,12,6,2,7.575,7.998,0.992,96.6,66.8,0.0,1.663,5.268,133 234 218 147 163 193
tyrosine,1,glutamic,22,12,6,3,7.575,7.998,0.992,96.6,66.8,0.0,1.663,5.587,168 201 218 125 131 231 209 156
tyrosine,1,glutamic,22,12,6,4,7.575,7.998,0.992,96.6,66.8,0.0,1.663,5.401,181 188 205 137 132 235 224 136 156 200
tyrosine,1,glutamic,22,13,4,0,7.575,7.25,0.992,141.5,54.9,4.197,1.73,4.294,289 180
tyrosine,1,glutamic,22,13,4,1,7.575,7.25,0.992,141.5,54.9,0.8604,1.557,4.123,287 180 149 113
tyrosine,1,glutamic,22,13,4,2,7.575,7.25,0.992,141.5,54.9,0.0,0.556,2.585,247 181 158 237 221 140
tyrosine,1,glutamic,22,13,4,3,7.575,7.25,0.992,141.5,54.9,0.0,1.664,3.641,153 194 145 263 273 94 119 216
tyrosine,1,glutamic,22,13,4,4,7.575,7.25,0.992,141.5,54.9,0.0,1.664,3.907,191 205 176 212 232 119 127 239 214 152
tyrosine,1,glutamic,22,13,5,0,7.575,5.066,0.992,130.6,155.9,1.7481,1.73,3.943,329 225
tyrosine,1,glutamic,22,13,5,1,7.575,5.066,0.992,130.6,155.9,0.0,1.663,5.615,230 175 140 260
tyrosine,1,glutamic,22,13,5,2,7.575,5.066,0.992,130.6,155.9,0.0,1.663,5.416,191 193 101 296 231 65
tyrosine,1,glutamic,22,13,5,3,7.575,5.066,0.992,130.6,155.9,0.0,0.64,3.342,196 184 114 252 296 48 113 292
tyrosine,1,glutamic,22,13,5,4,7.575,5.066,0.992,130.6,155.9,0.0,0.797,1.481,256 119 157 298 351 73 93 325 201 57
tyrosine,1,glutamic,22,13,6,0,7.575,7.384,0.992,122.8,49.4,4.3759,1.73,4.245,243 103
tyrosine,1,glutamic,22,13,6,1,7.575,7.384,0.992,122.8,49.4,0.7051,1.73,3.499,307 257 180 180
tyrosine,1,glutamic,22,13,6,2,7.575,7.384,0.992,122.8,49.4,0.0,0.95,4.387,236 159 152 231 213 153
tyrosine,1,glutamic,22,13,6,3,7.575,7.384,0.992,122.8,49.4,0.0,1.663,5.745,180 190 151 238 237 97 131 219
tyrosine,1,glutamic,22,13,6,4,7.575,7.384,0.992,122.8,49.4,0.0,1.594,4.761,179 205 174 229 237 94 113 236 209 156
tyrosine,1,isoleucine,3,11,4,0,12.901,14.646,-0.633,29.1,73.2,12.0531,1.728,6.369,295 360
tyrosine,1,isoleucine,3,11,4,1,12.901,14.646,-0.633,29.1,73.2,9.4907,1.728,5.018,296 360 203 308
tyrosine,1,isoleucine,3,11,4,2,12.901,14.646,-0.633,29.1,73.2,5.8199,1.728,1.948,296 360 156 53 180 180
tyrosine,1,isoleucine,3,11,4,3,12.901,14.646,-0.633,29.1,73.2,2.2182,1.728,0.749,296 360 150 61 180 180 180 180
tyrosine,1,isoleucine,3,11,4,4,12.901,14.646,-0.633,29.1,73.2,0.0,1.663,0.266,273 64 111 300 263 153 168 172 175 186
tyrosine,1,isoleucine,3,11,5,0,12.901,15.215,-0.633,19.9,50.0,13.7235,1.728,6.403,293 360
tyrosine,1,isoleucine,3,11,5,1,12.901,15.215,-0.633,19.9,50.0,11.5974,1.701,4.94,291 0 180 0
tyrosine,1,isoleucine,3,11,5,2,12.901,15.215,-0.633,19.9,50.0,7.9546,1.722,2.308,290 360 180 360 180 180
tyrosine,1,isoleucine,3,11,5,3,12.901,15.215,-0.633,19.9,50.0,4.3103,0.956,0.805,291 0 182 357 180 180 180 180
tyrosine,1,isoleucine,3,11,5,4,12.901,15.215,-0.633,19.9,50.0,0.6708,0.651,0.688,290 360 180 0 170 170 180 180 180 180
tyrosine,1,isoleucine,3,11,6,0,12.901,14.79,-0.633,26.6,67.7,12.4079,1.728,6.088,325 0
tyrosine,1,isoleucine,3,11,6,1,12.901,14.79,-0.633,26.6,67.7,9.9205,0.966,4.276,324 0 160 44
tyrosine,1,isoleucine,3,11,6,2,12.901,14.79,-0.633,26.6,67.7,6.2497,0.978,1.555,324 0 159 46 180 180
tyrosine,1,isoleucine,3,11,6,3,12.901,14.79,-0.633,26.6,67.7,2.648,1.132,0.431,324 360 152 55 180 180 180 180
tyrosine,1,isoleucine,3,11,6,4,12.901,14.79,-0.633,26.6,67.7,0.0,1.47,0.631,298 64 133 296 247 171 181 165 173 188
tyrosine,1,isoleucine,3,12,4,0,12.901,13.797,-0.633,69.1,65.7,10.4846,1.729,3.505,64 0
tyrosine,1,isoleucine,3,12,4,1,12.901,13.797,-0.633,69.1,65.7,7.0364,1.729,1.296,64 0 205 220
tyrosine,1,isoleucine,3,12,4,2,12.901,13.797,-0.633,69.1,65.7,3.3656,1.259,1.191,64 0 206 221 180 180
tyrosine,1,isoleucine,3,12,4,3,12.901,13.797,-0.633,69.1,65.7,0.0,1.623,0.551,53 27 196 261 132 167 195 168
tyrosine,1,isoleucine,3,12,4,4,12.901,13.797,-0.633,69.1,65.7,0.0,0.912,1.585,38 338 294 37 67 228 207 153 165 189
tyrosine,1,isoleucine,3,12,5,0,12.901,13.993,-0.633,79.1,57.9,10.7341,1.729,3.472,73 333
tyrosine,1,isoleucine,3,12,5,1,12.901,13.993,-0.633,79.1,57.9,7.0632,1.729,1.156,46 29 180 180
tyrosine,1,isoleucine,3,12,5,2,12.901,13.993,-0.633,79.1,57.9,3.4615,1.729,1.08,84 317 180 180 180 180
tyrosine,1,isoleucine,3,12,5,3,12.901,13.993,-0.633,79.1,57.9,0.0,0.751,0.818,36 20 232 211 176 193 202 209
tyrosine,1,isoleucine,3,12,5,4,12.901,13.993,-0.633,79.1,57.9,0.0,0.866,3.814,125 223 212 139 149 208 199 164 172 186
tyrosine,1,isoleucine,3,12,6,0,12.901,13.812,-0.633,72.8,65.1,10.4402,1.729,3.041,45 0
tyrosine,1,isoleucine,3,12,6,1,12.901,13.812,-0.633,72.8,65.1,6.848,1.729,0.739,45 360 180 180
tyrosine,1,isoleucine,3,12,6,2,12.901,13.812,-0.633,72.8,65.1,3.1771,1.729,0.648,45 0 185 186 180 180
tyrosine,1,isoleucine,3,12,6,3,12.901,13.812,-0.633,72.8,65.1,0.0,1.664,0.247,35 38 176 257 99 154 182 174
tyrosine,1,isoleucine,3,12,6,4,12.901,13.812,-0.633,72.8,65.1,0.0,0.313,0.747,345 328 280 308 307 190 160 119 139 198
tyrosine,1,isoleucine,3,13,4,0,12.901,12.62,-0.633,114.6,75.2,9.0361,1.73,3.62,306 111
tyrosine,1,isoleucine,3,13,4,1,12.901,12.62,-0.633,114.6,75.2,5.3653,1.357,1.626,9 249 180 180
tyrosine,1,isoleucine,3,13,4,2,12.901,12.62,-0.633,114.6,75.2,1.7636,1.319,0.559,15 250 180 180 180 180
tyrosine,1,isoleucine,3,13,4,3,12.901,12.62,-0.633,114.6,75.2,0.0,1.089,1.57,267 150 170 234 222 162 172 188
tyrosine,1,isoleucine,3,13,4,4,12.901,12.62,-0.633,114.6,75.2,0.0,0.507,2.471,235 147 159 253 244 148 160 205 194 170
tyrosine,1,isoleucine,3,13,5,0,12.901,13.188,-0.633,110.0,52.6,10.0485,1.644,3.263,349 264
tyrosine,1,isoleucine,3,13,5,1,12.901,13.188,-0.633,110.0,52.6,6.3777,1.73,1.82,286 96 180 180
tyrosine,1,isoleucine,3,13,5,2,12.901,13.188,-0.633,110.0,52.6,2.7759,1.117,1.753,280 97 180 180 180 180
tyrosine,1,isoleucine,3,13,5,3,12.901,13.188,-0.633,110.0,52.6,0.0,0.709,2.77,267 142 169 218 207 176 180 181
tyrosine,1,isoleucine,3,13,5,4,12.901,13.188,-0.633,110.0,52.6,0.0,0.576,2.962,239 149 161 232 224 155 164 197 189 173
tyrosine,1,isoleucine,3,13,6,0,12.901,12.995,-0.633,103.7,60.7,9.6805,1.73,3.237,307 71
tyrosine,1,isoleucine,3,13,6,1,12.901,12.995,-0.633,103.7,60.7,6.0097,1.408,1.305,4 288 180 180
tyrosine,1,isoleucine,3,13,6,2,12.901,12.995,-0.633,103.7,60.7,2.408,1.349,0.605,10 284 180 180 180 180
tyrosine,1,isoleucine,3,13,6,3,12.901,12.995,-0.633,103.7,60.7,0.0,1.007,0.909,19 312 142 89 318 172 193 147
tyrosine,1,isoleucine,3,13,6,4,12.901,12.995,-0.633,103.7,60.7,0.0,1.256,0.539,39 36 63 1 75 150 187 6 298 133
tyrosine,1,leucine,13,11,1,0,9.623,10.436,-0.973,34.9,99.6,7.5153,1.643,5.743,41 0
tyrosine,1,leucine,13,11,1,1,9.623,10.436,-0.973,34.9,99.6,5.0043,1.019,4.176,41 0 161 42
tyrosine,1,leucine,13,11,1,2,9.623,10.436,-0.973,34.9,99.6,1.3335,1.033,1.842,41 360 200 316 180 180
tyrosine,1,leucine,13,11,1,3,9.623,10.436,-0.973,34.9,99.6,0.0,1.24,1.519,24 316 267 54 94 232 204 162
tyrosine,1,leucine,13,11,1,4,9.623,10.436,-0.973,34.9,99.6,0.0,0.464,1.452,24 334 295 41 75 261 232 131 154 199
tyrosine,1,leucine,13,11,2,0,9.623,11.344,-0.973,44.5,65.4,8.3762,1.565,5.865,55 0
tyrosine,1,leucine,13,11,2,1,9.623,11.344,-0.973,44.5,65.4,5.4053,1.565,5.093,55 360 149 87
tyrosine,1,leucine,13,11,2,2,9.623,11.344,-0.973,44.5,65.4,1.7345,1.023,4.156,55 0 211 272 180 180
tyrosine,1,leucine,13,11,2,3,9.623,11.344,-0.973,44.5,65.4,0.0,1.08,4.476,33 330 264 36 82 218 194 171
tyrosine,1,leucine,13,11,2,4,9.623,11.344,-0.973,44.5,65.4,0.0,1.11,4.644,28 340 299 41 74 250 224 140 159 195
tyrosine,1,leucine,13,11,13,0,9.623,12.051,-0.973,33.4,32.9,10.5359,1.728,6.074,72 0
tyrosine,1,leucine,13,11,13,1,9.623,12.051,-0.973,33.4,32.9,8.0971,1.728,4.991,74 360 162 39
tyrosine,1,leucine,13,11,13,2,9.623,12.051,-0.973,33.4,32.9,4.4263,0.42,3.888,74 0 161 40 180 180
tyrosine,1,leucine,13,11,13,3,9.623,12.051,-0.973,33.4,32.9,0.8246,0.317,3.893,74 360 153 51 180 180 180 180
tyrosine,1,leucine,13,11,13,4,9.623,12.051,-0.973,33.4,32.9,0.0,0.369,3.974,65 310 270 61 94 228 207 165 173 184
tyrosine,1,leucine,13,12,1,0,9.623,8.782,-0.973,102.0,91.5,4.9935,1.617,3.036,349 70
tyrosine,1,leucine,13,12,1,1,9.623,8.782,-0.973,102.0,91.5,1.3227,1.236,1.764,45 290 180 180
tyrosine,1,leucine,13,12,1,2,9.623,8.782,-0.973,102.0,91.5,0.0,0.549,1.5,331 330 274 117 137 197
tyrosine,1,leucine,13,12,1,3,9.623,8.782,-0.973,102.0,91.5,0.0,0.753,1.449,101 298 101 334 228 57 234 283
tyrosine,1,leucine,13,12,1,4,9.623,8.782,-0.973,102.0,91.5,0.0,0.737,1.431,284 322 332 167 51 287 145 183 71 215
tyrosine,1,leucine,13,12,2,0,9.623,9.647,-0.973,111.6,58.9,6.3897,1.509,3.758,325 97
tyrosine,1,leucine,13,12,2,1,9.623,9.647,-0.973,111.6,58.9,2.7188,1.131,3.017,29 263 180 180
tyrosine,1,leucine,13,12,2,2,9.623,9.647,-0.973,111.6,58.9,0.0,0.478,3.209,308 76 187 73 263 161
tyrosine,1,leucine,13,12,2,3,9.623,9.647,-0.973,111.6,58.9,0.0,0.31,3.984,286 67 199 177 63 343 76 257
tyrosine,1,leucine,13,12,2,4,9.623,9.647,-0.973,111.6,58.9,0.0,0.344,1.737,46 318 10 9 320 61 102 252 218 152
tyrosine,1,leucine,13,12,13,0,9.623,10.085,-0.973,114.3,39.3,7.2887,1.728,3.507,356 110
tyrosine,1,leucine,13,12,13,1,9.623,10.085,-0.973,114.3,39.3,3.6179,0.827,2.817,356 110 180 180
tyrosine,1,leucine,13,12,13,2,9.623,10.085,-0.973,114.3,39.3,0.0162,0.351,2.965,350 109 180 180 180 180
tyrosine,1,leucine,13,12,13,3,9.623,10.085,-0.973,114.3,39.3,0.0,0.603,2.538,343 210 94 312 85 89 275 66
tyrosine,1,leucine,13,12,13,4,9.623,10.085,-0.973,114.3,39.3,0.0,0.364,0.376,50 304 190 173 276 101 14 29 103 240
tyrosine,1,leucine,13,13,1,0,9.623,9.892,-0.973,60.0,103.9,6.2245,1.73,3.125,312 360
tyrosine,1,leucine,13,13,1,1,9.623,9.892,-0.973,60.0,103.9,2.9832,1.73,0.982,311 360 149 112
tyrosine,1,leucine,13,13,1,2,9.623,9.892,-0.973,60.0,103.9,0.0,1.459,0.465,301 65 145 240 220 181
tyrosine,1,leucine,13,13,1,3,9.623,9.892,-0.973,60.0,103.9,0.0,0.279,0.328,1 26 69 309 273 116 148 206
tyrosine,1,leucine,13,13,1,4,9.623,9.892,-0.973,60.0,103.9,0.0,1.345,0.938,47 24 68 70 56 127 164 261 230 150
tyrosine,1,leucine,13,13,2,0,9.623,11.215,-0.973,50.5,53.0,8.6941,1.73,3.2,306 360
tyrosine,1,leucine,13,13,2,1,9.623,11.215,-0.973,50.5,53.0,5.9003,1.73,1.199,307 360 152 72
tyrosine,1,leucine,13,13,2,2,9.623,11.215,-0.973,50.5,53.0,2.2295,0.666,1.215,307 360 151 72 180 180
tyrosine,1,leucine,13,13,2,3,9.623,11.215,-0.973,50.5,53.0,0.0,0.661,1.155,319 38 105 321 277 155 173 185
tyrosine,1,leucine,13,13,2,4,9.623,11.215,-0.973,50.5,53.0,0.0,0.408,1.036,327 26 67 317 283 111 138 217 199 167
tyrosine,1,leucine,13,13,13,0,9.623,11.427,-0.973,62.5,43.3,8.5854,1.73,3.385,297 0
tyrosine,1,leucine,13,13,13,1,9.623,11.427,-0.973,62.5,43.3,5.0857,1.73,1.864,297 360 157 146
tyrosine,1,leucine,13,13,13,2,9.623,11.427,-0.973,62.5,43.3,1.4149,0.974,1.877,297 360 156 145 180 180
tyrosine,1,leucine,13,13,13,3,9.623,11.427,-0.973,62.5,43.3,0.0,0.607,0.942,330 18 88 335 297 153 174 185
tyrosine,1,leucine,13,13,13,4,9.623,11.427,-0.973,62.5,43.3,0.0,0.914,1.47,338 9 50 320 292 118 139 221 203 164
tyrosine,1,serine,31,11,3,0,11.288,11.632,0.118,64.8,97.7,7.9004,1.728,7.15,245 360
tyrosine,1,serine,31,11,3,1,11.288,11.632,0.118,64.8,97.7,4.4801,1.728,7.146,245 360 153 134
tyrosine,1,serine,31,11,3,2,11.288,11.632,0.118,64.8,97.7,0.8092,1.728,5.662,245 360 152 134 180 180
tyrosine,1,serine,31,11,3,3,11.288,11.632,0.118,64.8,97.7,0.0,1.665,5.645,219 118 129 218 206 155 167 190
tyrosine,1,serine,31,11,3,4,11.288,11.632,0.118,64.8,97.7,0.0,1.665,5.591,204 139 136 209 205 139 148 206 194 169
tyrosine,1,serine,31,11,4,0,11.288,12.582,0.118,66.8,61.8,9.2903,1.728,6.938,261 360
tyrosine,1,serine,31,11,4,1,11.288,12.582,0.118,66.8,61.8,5.7314,1.728,6.944,261 0 165 159
tyrosine,1,serine,31,11,4,2,11.288,12.582,0.118,66.8,61.8,2.0606,1.728,4.762,261 0 164 158 180 180
tyrosine,1,serine,31,11,4,3,11.288,12.582,0.118,66.8,61.8,0.0,1.661,3.497,229 112 137 223 207 161 171 187
tyrosine,1,serine,31,11,4,4,11.288,12.582,0.118,66.8,61.8,0.0,1.661,3.707,211 129 138 216 206 149 159 197 189 173
tyrosine,1,serine,31,11,5,0,11.288,10.712,0.118,58.8,140.7,7.2327,1.728,7.06,255 360
tyrosine,1,serine,31,11,5,1,11.288,10.712,0.118,58.8,140.7,3.9353,1.728,7.02,256 0 211 242
tyrosine,1,serine,31,11,5,2,11.288,10.712,0.118,58.8,140.7,0.2645,1.728,4.544,256 360 211 242 180 180
tyrosine,1,serine,31,11,5,3,11.288,10.712,0.118,58.8,140.7,0.0,1.556,2.638,238 102 118 234 219 150 165 192
tyrosine,1,serine,31,11,5,4,11.288,10.712,0.118,58.8,140.7,0.0,0.687,1.833,216 134 129 218 218 135 143 214 199 164
tyrosine,1,serine,31,12,3,0,11.288,11.796,0.118,58.3,97.9,8.1708,1.729,5.363,120 360
tyrosine,1,serine,31,12,3,1,11.288,11.796,0.118,58.3,97.9,4.9151,1.729,5.17,119 0 149 115
tyrosine,1,serine,31,12,3,2,11.288,11.796,0.118,58.3,97.9,1.2443,1.729,5.131,119 0 212 245 180 180
tyrosine,1,serine,31,12,3,3,11.288,11.796,0.118,58.3,97.9,0.0,1.665,3.882,101 327 276 29 72 229 200 165
tyrosine,1,serine,31,12,3,4,11.288,11.796,0.118,58.3,97.9,0.0,1.665,4.06,130 242 238 152 159 221 212 156 168 190
tyrosine,1,serine,31,12,4,0,11.288,13.003,0.118,49.4,51.1,10.496,1.729,5.199,116 360
tyrosine,1,serine,31,12,4,1,11.288,13.003,0.118,49.4,51.1,7.6408,1.729,4.982,116 0 150 79
tyrosine,1,serine,31,12,4,2,11.288,13.003,0.118,49.4,51.1,3.97,1.729,4.971,116 0 150 80 180 180
tyrosine,1,serine,31,12,4,3,11.288,13.003,0.118,49.4,51.1,0.3682,1.676,3.648,116 0 216 277 180 180 180 180
tyrosine,1,serine,31,12,4,4,11.288,13.003,0.118,49.4,51.1,0.0,1.209,2.426,67 327 279 59 94 222 207 177 179 180
tyrosine,1,serine,31,12,5,0,11.288,10.864,0.118,52.4,141.7,7.5354,1.729,4.961,110 360
tyrosine,1,serine,31,12,5,1,11.288,10.864,0.118,52.4,141.7,4.4138,1.729,4.343,109 0 148 101
tyrosine,1,serine,31,12,5,2,11.288,10.864,0.118,52.4,141.7,0.743,1.729,4.036,109 0 148 101 180 180
tyrosine,1,serine,31,12,5,3,11.288,10.864,0.118,52.4,141.7,0.0,1.661,1.629,99 266 248 131 142 200 190 172
tyrosine,1,serine,31,12,5,4,11.288,10.864,0.118,52.4,141.7,0.0,1.661,1.579,37 342 302 62 91 239 222 152 165 191
tyrosine,1,serine,31,13,3,0,11.288,9.555,0.118,170.9,95.5,6.2586,1.516,5.468,44 180
tyrosine,1,serine,31,13,3,1,11.288,9.555,0.118,170.9,95.5,3.4375,1.652,5.656,51 180 152 72
tyrosine,1,serine,31,13,3,2,11.288,9.555,0.118,170.9,95.5,0.0,1.403,4.78,36 172 159 103 139 207
tyrosine,1,serine,31,13,3,3,11.288,9.555,0.118,170.9,95.5,0.0,1.184,4.911,61 162 168 142 127 225 207 155
tyrosine,1,serine,31,13,3,4,11.288,9.555,0.118,170.9,95.5,0.0,1.665,5.61,130 143 160 169 129 233 229 130 153 205
tyrosine,1,serine,31,13,4,0,11.288,10.628,0.118,158.2,54.6,7.5411,1.494,5.436,42 180
tyrosine,1,serine,31,13,4,1,11.288,10.628,0.118,158.2,54.6,4.078,1.476,5.043,41 180 205 221
tyrosine,1,serine,31,13,4,2,11.288,10.628,0.118,158.2,54.6,0.4072,1.476,3.305,41 180 154 138 180 180
tyrosine,1,serine,31,13,4,3,11.288,10.628,0.118,158.2,54.6,0.0,1.526,3.626,88 175 169 136 144 200 190 171
tyrosine,1,serine,31,13,4,4,11.288,10.628,0.118,158.2,54.6,0.0,0.935,3.802,184 155 171 142 128 232 224 135 154 201
tyrosine,1,serine,31,13,5,0,11.288,8.578,0.118,157.0,141.4,5.209,1.311,4.878,18 180
tyrosine,1,serine,31,13,5,1,11.288,8.578,0.118,157.0,141.4,2.1076,1.327,4.374,27 180 212 262
tyrosine,1,serine,31,13,5,2,11.288,8.578,0.118,157.0,141.4,0.0,1.542,1.927,45 187 174 138 153 196
tyrosine,1,serine,31,13,5,3,11.288,8.578,0.118,157.0,141.4,0.0,0.526,1.701,113 185 184 119 111 230 208 153
tyrosine,1,serine,31,13,5,4,11.288,8.578,0.118,157.0,141.4,0.0,1.661,3.624,125 151 227 183 61 186 303 136 345 357
tyrosine,1,tryptophan,5,11,16,0,17.193,17.535,-0.363,48.8,108.6,14.0863,1.728,6.636,278 360
tyrosine,1,tryptophan,5,11,16,1,17.193,17.535,-0.363,48.8,108.6,11.0211,1.728,6.151,278 0 148 100
tyrosine,1,tryptophan,5,11,16,2,17.193,17.535,-0.363,48.8,108.6,7.3503,1.728,2.895,278 360 212 260 180 180
tyrosine,1,tryptophan,5,11,16,3,17.193,17.535,-0.363,48.8,108.6,3.7486,1.728,0.584,278 0 218 259 180 180 180 180
tyrosine,1,tryptophan,5,11,16,4,17.193,17.535,-0.363,48.8,108.6,0.0877,1.728,0.554,278 0 143 101 180 180 180 180 180 180
tyrosine,1,tryptophan,5,11,17,0,17.193,18.298,-0.363,50.9,79.5,15.0313,1.728,6.424,291 360
tyrosine,1,tryptophan,5,11,17,1,17.193,18.298,-0.363,50.9,79.5,11.9099,1.728,5.756,291 360 212 254
tyrosine,1,tryptophan,5,11,17,2,17.193,18.298,-0.363,50.9,79.5,8.2391,1.728,2.581,291 360 212 254 180 180
tyrosine,1,tryptophan,5,11,17,3,17.193,18.298,-0.363,50.9,79.5,4.6374,1.508,1.403,291 360 142 106 180 180 180 180
tyrosine,1,tryptophan,5,11,17,4,17.193,18.298,-0.363,50.9,79.5,0.9764,0.456,1.442,291 0 217 254 180 180 180 180 180 180
tyrosine,1,tryptophan,5,11,18,0,17.193,19.494,-0.363,53.3,21.8,17.3557,1.728,6.671,276 0
tyrosine,1,tryptophan,5,11,18,1,17.193,19.494,-0.363,53.3,21.8,14.079,1.728,6.364,276 0 210 238
tyrosine,1,tryptophan,5,11,18,2,17.193,19.494,-0.363,53.3,21.8,10.4082,1.728,3.572,276 360 149 122 180 180
tyrosine,1,tryptophan,5,11,18,3,17.193,19.494,-0.363,53.3,21.8,6.8065,1.728,0.921,276 360 217 241 180 180 180 180
tyrosine,1,tryptophan,5,11,18,4,17.193,19.494,-0.363,53.3,21.8,3.1455,1.59,0.702,276 360 144 120 180 180 180 180 180 180
tyrosine,1,tryptophan,5,12,16,0,17.193,17.407,-0.363,54.7,115.9,13.8353,1.729,3.866,80 0
tyrosine,1,tryptophan,5,12,16,1,17.193,17.407,-0.363,54.7,115.9,10.6355,1.729,2.006,80 360 149 113
tyrosine,1,tryptophan,5,12,16,2,17.193,17.407,-0.363,54.7,115.9,6.9647,1.729,1.319,80 0 212 247 180 180
tyrosine,1,tryptophan,5,12,16,3,17.193,17.407,-0.363,54.7,115.9,3.363,1.729,0.727,80 360 218 249 180 180 180 180
tyrosine,1,tryptophan,5,12,16,4,17.193,17.407,-0.363,54.7,115.9,0.0,1.663,0.837,62 17 216 287 120 165 172 169 175 163
tyrosine,1,tryptophan,5,12,17,0,17.193,18.307,-0.363,50.5,80.8,15.0114,1.729,3.603,69 0
tyrosine,1,tryptophan,5,12,17,1,17.193,18.307,-0.363,50.5,80.8,11.8784,1.729,1.846,69 360 212 253
tyrosine,1,tryptophan,5,12,17,2,17.193,18.307,-0.363,50.5,80.8,8.2076,1.729,0.366,69 0 148 107 180 180
tyrosine,1,tryptophan,5,12,17,3,17.193,18.307,-0.363,50.5,80.8,4.6059,1.729,0.595,69 360 142 107 180 180 180 180
tyrosine,1,tryptophan,5,12,17,4,17.193,18.307,-0.363,50.5,80.8,0.9449,1.121,0.483,69 360 143 107 180 180 180 180 180 180
tyrosine,1,tryptophan,5,12,18,0,17.193,19.548,-0.363,50.9,20.8,17.5043,1.729,4.051,86 0
tyrosine,1,tryptophan,5,12,18,1,17.193,19.548,-0.363,50.9,20.8,14.3023,1.729,3.312,85 0 211 245
tyrosine,1,tryptophan,5,12,18,2,17.193,19.548,-0.363,50.9,20.8,10.6315,1.729,1.299,85 0 212 246 180 180
tyrosine,1,tryptophan,5,12,18,3,17.193,19.548,-0.363,50.9,20.8,7.0298,1.729,0.204,85 360 218 247 180 180 180 180
tyrosine,1,tryptophan,5,12,18,4,17.193,19.548,-0.363,50.9,20.8,3.3688,1.729,0.854,85 0 144 113 180 180 180 180 180 180
tyrosine,1,tryptophan,5,13,16,0,17.193,15.434,-0.363,136.0,113.1,11.5527,1.73,4.129,336 154
tyrosine,1,tryptophan,5,13,16,1,17.193,15.434,-0.363,136.0,113.1,7.8819,1.323,2.605,14 208 180 180
tyrosine,1,tryptophan,5,13,16,2,17.193,15.434,-0.363,136.0,113.1,4.2802,1.316,0.844,24 217 180 180 180 180
tyrosine,1,tryptophan,5,13,16,3,17.193,15.434,-0.363,136.0,113.1,0.6193,1.73,0.712,327 145 180 180 180 180 180 180
tyrosine,1,tryptophan,5,13,16,4,17.193,15.434,-0.363,136.0,113.1,0.0,1.663,1.062,279 172 179 221 217 164 170 194 188 175
tyrosine,1,tryptophan,5,13,17,0,17.193,16.375,-0.363,128.7,76.8,12.7587,1.331,4.337,28 233
tyrosine,1,tryptophan,5,13,17,1,17.193,16.375,-0.363,128.7,76.8,9.0879,1.73,2.507,329 127 180 180
tyrosine,1,tryptophan,5,13,17,2,17.193,16.375,-0.363,128.7,76.8,5.4862,1.397,0.639,35 237 180 180 180 180
tyrosine,1,tryptophan,5,13,17,3,17.193,16.375,-0.363,128.7,76.8,1.8252,0.7,0.807,324 124 180 180 180 180 180 180
tyrosine,1,tryptophan,5,13,17,4,17.193,16.375,-0.363,128.7,76.8,0.0,0.523,1.269,23 251 94 202 171 294 123 107 269 174
tyrosine,1,tryptophan,5,13,18,0,17.193,17.488,-0.363,136.1,23.4,15.0497,1.432,4.535,2 180
tyrosine,1,tryptophan,5,13,18,1,17.193,17.488,-0.363,136.1,23.4,11.3787,1.432,3.06,2 180 180 180
tyrosine,1,tryptophan,5,13,18,2,17.193,17.488,-0.363,136.1,23.4,7.7768,1.318,0.863,25 205 180 180 180 180
tyrosine,1,tryptophan,5,13,18,3,17.193,17.488,-0.363,136.1,23.4,4.1158,1.309,0.734,21 202 180 180 180 180 180 180
tyrosine,1,tryptophan,5,13,18,4,17.193,17.488,-0.363,136.1,23.4,0.4902,1.242,0.747,337 153 180 180 180 180 180 180 180 180
tyrosine,1,phenylalanine,4,11,12,0,7.081,8.307,0.27,37.0,75.0,5.8815,1.728,6.89,264 0
tyrosine,1,phenylalanine,4,11,12,1,7.081,8.307,0.27,37.0,75.0,3.6374,1.388,5.787,267 360 180 360
tyrosine,1,phenylalanine,4,11,12,2,7.081,8.307,0.27,37.0,75.0,0.0266,1.399,2.713,269 0 180 360 167 163
tyrosine,1,phenylalanine,4,11,12,3,7.081,8.307,0.27,37.0,75.0,0.0,1.663,2.589,320 51 88 283 250 122 151 203
tyrosine,1,phenylalanine,4,11,12,4,7.081,8.307,0.27,37.0,75.0,0.0,0.789,3.247,329 26 62 302 271 98 125 227 204 162
tyrosine,1,phenylalanine,4,11,13,0,7.081,9.43,0.27,48.7,23.3,7.3804,1.728,7.244,235 360
tyrosine,1,phenylalanine,4,11,13,1,7.081,9.43,0.27,48.7,23.3,4.283,1.658,7.23,236 0 148 99
tyrosine,1,phenylalanine,4,11,13,2,7.081,9.43,0.27,48.7,23.3,0.6122,1.675,5.256,236 360 148 99 180 180
tyrosine,1,phenylalanine,4,11,13,3,7.081,9.43,0.27,48.7,23.3,0.0,0.258,4.669,266 74 102 245 222 145 162 193
tyrosine,1,phenylalanine,4,11,13,4,7.081,9.43,0.27,48.7,23.3,0.0,1.636,4.381,319 20 60 294 265 123 140 205 193 170
tyrosine,1,phenylalanine,4,11,14,0,7.081,7.094,0.27,46.7,123.9,3.8616,1.728,7.202,239 0
tyrosine,1,phenylalanine,4,11,14,1,7.081,7.094,0.27,46.7,123.9,1.1966,1.349,6.668,238 360 158 51
tyrosine,1,phenylalanine,4,11,14,2,7.081,7.094,0.27,46.7,123.9,0.0,1.665,6.188,244 68 108 265 221 145
tyrosine,1,phenylalanine,4,11,14,3,7.081,7.094,0.27,46.7,123.9,0.0,0.516,4.924,275 62 90 265 239 131 155 200
tyrosine,1,phenylalanine,4,11,14,4,7.081,7.094,0.27,46.7,123.9,0.0,1.665,4.974,224 355 130 156 37 263 341 305 238 111
tyrosine,1,phenylalanine,4,12,12,0,7.081,7.652,0.27,65.1,84.6,4.0538,1.729,4.024,85 360
tyrosine,1,phenylalanine,4,12,12,1,7.081,7.652,0.27,65.1,84.6,0.7134,1.729,3.37,86 0 211 243
tyrosine,1,phenylalanine,4,12,12,2,7.081,7.652,0.27,65.1,84.6,0.0,1.306,2.231,92 275 244 99 137 213
tyrosine,1,phenylalanine,4,12,12,3,7.081,7.652,0.27,65.1,84.6,0.0,0.36,1.41,98 299 292 28 61 268 211 130
tyrosine,1,phenylalanine,4,12,12,4,7.081,7.652,0.27,65.1,84.6,0.0,0.638,1.94,150 280 272 71 76 241 226 120 145 207
tyrosine,1,phenylalanine,4,12,13,0,7.081,8.985,0.27,66.7,27.6,6.5179,1.729,5.01,111 0
tyrosine,1,phenylalanine,4,12,13,1,7.081,8.985,0.27,66.7,27.6,2.9143,1.729,4.973,110 0 189 191
tyrosine,1,phenylalanine,4,12,13,2,7.081,8.985,0.27,66.7,27.6,0.0,1.664,4.037,118 280 232 145 163 189
tyrosine,1,phenylalanine,4,12,13,3,7.081,8.985,0.27,66.7,27.6,0.0,1.31,2.445,143 236 232 129 141 218 201 163
tyrosine,1,phenylalanine,4,12,13,4,7.081,8.985,0.27,66.7,27.6,0.0,1.586,2.442,163 207 222 142 138 232 222 137 157 199
tyrosine,1,phenylalanine,4,12,14,0,7.081,6.553,0.27,68.0,132.0,2.9656,1.729,4.697,103 360
tyrosine,1,phenylalanine,4,12,14,1,7.081,6.553,0.27,68.0,132.0,0.0,1.665,3.736,112 324 179 111
tyrosine,1,phenylalanine,4,12,14,2,7.081,6.553,0.27,68.0,132.0,0.0,1.665,3.836,105 272 277 109 138 221
tyrosine,1,phenylalanine,4,12,14,3,7.081,6.553,0.27,68.0,132.0,0.0,1.665,5.54,156 180 260 150 116 270 236 121
tyrosine,1,phenylalanine,4,12,14,4,7.081,6.553,0.27,68.0,132.0,0.0,1.665,5.298,180 189 214 152 118 243 245 112 143 218
tyrosine,1,phenylalanine,4,13,12,0,7.081,5.889,0.27,141.1,73.8,2.375,1.657,3.895,348 221
tyrosine,1,phenylalanine,4,13,12,1,7.081,5.889,0.27,141.1,73.8,0.0,1.395,3.249,284 159 171 193
tyrosine,1,phenylalanine,4,13,12,2,7.081,5.889,0.27,141.1,73.8,0.0,1.663,1.544,267 187 141 253 234 113
tyrosine,1,phenylalanine,4,13,12,3,7.081,5.889,0.27,141.1,73.8,0.0,1.548,1.546,203 169 161 252 265 109 139 221
tyrosine,1,phenylalanine,4,13,12,4,7.081,5.889,0.27,141.1,73.8,0.0,1.663,0.521,300 111 130 322 341 86 101 286 237 126
tyrosine,1,phenylalanine,4,13,13,0,7.081,7.044,0.27,160.0,22.1,4.9787,1.73,4.446,280 180
tyrosine,1,phenylalanine,4,13,13,1,7.081,7.044,0.27,160.0,22.1,1.7501,1.408,4.127,287 180 149 112
tyrosine,1,phenylalanine,4,13,13,2,7.081,7.044,0.27,160.0,22.1,0.0,1.664,4.013,214 144 183 313 265 116
tyrosine,1,phenylalanine,4,13,13,3,7.081,7.044,0.27,160.0,22.1,0.0,1.294,2.456,218 195 171 221 253 108 135 224
tyrosine,1,phenylalanine,4,13,13,4,7.081,7.044,0.27,160.0,22.1,0.0,0.5,3.459,343 151 164 300 316 110 110 260 227 136
tyrosine,1,phenylalanine,4,13,14,0,7.081,4.691,0.27,159.3,122.1,1.1022,1.73,4.133,301 180
tyrosine,1,phenylalanine,4,13,14,1,7.081,4.691,0.27,159.3,122.1,0.0,1.665,3.797,304 209 202 278
tyrosine,1,phenylalanine,4,13,14,2,7.081,4.691,0.27,159.3,122.1,0.0,0.597,3.174,348 225 164 285 254 38
tyrosine,1,phenylalanine,4,13,14,3,7.081,4.691,0.27,159.3,122.1,0.0,1.665,4.785,264 306 73 44 84 180 345 2
tyrosine,1,phenylalanine,4,13,14,4,7.081,4.691,0.27,159.3,122.1,0.0,1.266,0.525,313 317 308 299 324 55 96 317 241 114
phenylalanine,4,arginine,3,12,16,0,3.566,2.554,0.772,63.6,104.5,0.2571,1.556,2.22,18 0
phenylalanine,4,arginine,3,12,16,1,3.566,2.554,0.772,63.6,104.5,0.8231,1.174,1.497,4 55 99 0
phenylalanine,4,arginine,3,12,16,2,3.566,2.554,0.772,63.6,104.5,0.0,0.981,0.444,25 107 48 323 204 19
phenylalanine,4,arginine,3,12,16,3,3.566,2.554,0.772,63.6,104.5,0.0,0.355,0.432,83 50 63 295 258 45 135 266
phenylalanine,4,arginine,3,12,16,4,3.566,2.554,0.772,63.6,104.5,0.0,0.704,0.306,54 11 34 302 279 55 106 310 251 124
phenylalanine,4,arginine,3,12,17,0,3.566,4.254,0.772,79.4,42.4,1.5752,1.701,2.99,294 0
phenylalanine,4,arginine,3,12,17,1,3.566,4.254,0.772,79.4,42.4,0.0,0.568,2.639,328 21 105 259
phenylalanine,4,arginine,3,12,17,2,3.566,4.254,0.772,79.4,42.4,0.0,1.52,1.717,303 185 348 80 71 7
phenylalanine,4,arginine,3,12,17,3,3.566,4.254,0.772,79.4,42.4,0.0,0.816,0.802,42 42 56 285 261 81 126 227
phenylalanine,4,arginine,3,12,17,4,3.566,4.254,0.772,79.4,42.4,0.0,0.776,0.905,26 355 20 318 307 77 102 273 230 136
phenylalanine,4,arginine,3,12,18,0,3.566,2.821,0.772,112.9,93.4,0.0,1.663,2.872,255 91
phenylalanine,4,arginine,3,12,18,1,3.566,2.821,0.772,112.9,93.4,0.0,0.582,2.03,342 344 65 307
phenylalanine,4,arginine,3,12,18,2,3.566,2.821,0.772,112.9,93.4,0.0,0.931,1.11,20 23 36 311 225 52
phenylalanine,4,arginine,3,12,18,3,3.566,2.821,0.772,112.9,93.4,0.0,1.592,0.692,204 94 226 62 91 52 99 52
phenylalanine,4,arginine,3,12,18,4,3.566,2.821,0.772,112.9,93.4,0.0,0.744,0.693,233 89 202 137 41 249 319 303 237 125
phenylalanine,4,arginine,3,13,16,0,3.566,3.612,0.772,25.2,147.2,1.9117,0.815,2.039,306 0
phenylalanine,4,arginine,3,13,16,1,3.566,3.612,0.772,25.2,147.2,1.241,0.535,2.783,337 0 180 0
phenylalanine,4,arginine,3,13,16,2,3.566,3.612,0.772,25.2,147.2,0.0,0.751,3.73,6 83 64 342 197 18
phenylalanine,4,arginine,3,13,16,3,3.566,3.612,0.772,25.2,147.2,0.0,0.694,4.434,70 65 72 294 256 44 124 262
phenylalanine,4,arginine,3,13,16,4,3.566,3.612,0.772,25.2,147.2,0.0,1.131,0.997,24 18 33 303 295 55 98 309 238 116
phenylalanine,4,arginine,3,13,17,0,3.566,5.74,0.772,10.7,52.8,4.5932,1.729,4.559,46 0
phenylalanine,4,arginine,3,13,17,1,3.566,5.74,0.772,10.7,52.8,3.3506,1.729,4.313,33 360 180 0
phenylalanine,4,arginine,3,13,17,2,3.566,5.74,0.772,10.7,52.8,0.6127,0.767,4.145,25 360 180 360 203 307
phenylalanine,4,arginine,3,13,17,3,3.566,5.74,0.772,10.7,52.8,0.0,0.968,3.847,27 290 256 73 111 258 219 149
phenylalanine,4,arginine,3,13,17,4,3.566,5.74,0.772,10.7,52.8,0.0,1.664,3.6,51 307 277 70 97 256 230 131 155 199
phenylalanine,4,arginine,3,13,18,0,3.566,5.061,0.772,22.7,77.8,2.9262,1.729,1.345,254 0
phenylalanine,4,arginine,3,13,18,1,3.566,5.061,0.772,22.7,77.8,1.6528,1.729,0.632,265 360 180 0
phenylalanine,4,arginine,3,13,18,2,3.566,5.061,0.772,22.7,77.8,0.0,1.663,0.554,265 56 116 327 202 72
phenylalanine,4,arginine,3,13,18,3,3.566,5.061,0.772,22.7,77.8,0.0,1.055,0.37,319 58 92 283 245 101 140 212
phenylalanine,4,arginine,3,13,18,4,3.566,5.061,0.772,22.7,77.8,0.0,1.208,0.469,331 29 64 303 273 92 121 235 209 158
phenylalanine,4,arginine,3,14,16,0,3.566,3.14,0.772,44.8,118.8,0.6438,0.392,5.876,17 360
phenylalanine,4,arginine,3,14,16,1,3.566,3.14,0.772,44.8,118.8,1.0297,0.52,5.658,9 36 125 360
phenylalanine,4,arginine,3,14,16,2,3.566,3.14,0.772,44.8,118.8,0.0,0.769,4.185,6 266 284 30 161 343
phenylalanine,4,arginine,3,14,16,3,3.566,3.14,0.772,44.8,118.8,0.0,0.484,3.244,320 281 283 70 101 321 236 92
phenylalanine,4,arginine,3,14,16,4,3.566,3.14,0.772,44.8,118.8,0.0,0.777,2.754,348 335 311 53 69 295 257 68 125 231
phenylalanine,4,arginine,3,14,17,0,3.566,4.265,0.772,79.0,73.5,0.7966,1.225,5.116,16 60
phenylalanine,4,arginine,3,14,17,1,3.566,4.265,0.772,79.0,73.5,0.0,0.789,3.592,42 330 244 104
phenylalanine,4,arginine,3,14,17,2,3.566,4.265,0.772,79.0,73.5,0.0,1.286,4.656,353 326 292 55 125 256
phenylalanine,4,arginine,3,14,17,3,3.566,4.265,0.772,79.0,73.5,0.0,1.335,4.891,335 110 165 94 34 298 246 79
phenylalanine,4,arginine,3,14,17,4,3.566,4.265,0.772,79.0,73.5,0.0,1.553,5.149,286 352 348 76 58 310 280 17 89 253
phenylalanine,4,arginine,3,14,18,0,3.566,4.171,0.772,61.6,76.8,0.8255,1.73,3.53,90 360
phenylalanine,4,arginine,3,14,18,1,3.566,4.171,0.772,61.6,76.8,0.0,1.491,1.991,77 309 229 85
phenylalanine,4,arginine,3,14,18,2,3.566,4.171,0.772,61.6,76.8,0.0,0.615,1.723,45 307 280 53 130 270
phenylalanine,4,arginine,3,14,18,3,3.566,4.171,0.772,61.6,76.8,0.0,1.244,2.037,355 325 297 75 107 268 227 141
phenylalanine,4,arginine,3,14,18,4,3.566,4.171,0.772,61.6,76.8,0.0,0.642,1.672,357 352 321 55 75 273 248 111 143 210
phenylalanine,4,lysine,5,12,13,0,9.455,8.307,-0.683,97.6,108.8,4.4243,1.728,1.065,44 67
phenylalanine,4,lysine,5,12,13,1,9.455,8.307,-0.683,97.6,108.8,0.7535,1.728,0.683,99 292 180 180
phenylalanine,4,lysine,5,12,13,2,9.455,8.307,-0.683,97.6,108.8,0.0,0.721,0.629,102 234 215 139 158 196
phenylalanine,4,lysine,5,12,13,3,9.455,8.307,-0.683,97.6,108.8,0.0,0.582,1.36,139 208 216 123 132 229 207 157
phenylalanine,4,lysine,5,12,13,4,9.455,8.307,-0.683,97.6,108.8,0.0,0.434,2.206,164 202 208 129 123 228 218 137 156 200
phenylalanine,4,lysine,5,12,14,0,9.455,9.935,-0.683,103.0,45.0,7.0004,1.728,1.055,117 288
phenylalanine,4,lysine,5,12,14,1,9.455,9.935,-0.683,103.0,45.0,3.3296,1.728,0.788,118 288 180 180
phenylalanine,4,lysine,5,12,14,2,9.455,9.935,-0.683,103.0,45.0,0.0,0.821,0.416,123 246 214 159 172 185
phenylalanine,4,lysine,5,12,14,3,9.455,9.935,-0.683,103.0,45.0,0.0,0.78,1.282,137 210 209 137 145 211 197 166
phenylalanine,4,lysine,5,12,14,4,9.455,9.935,-0.683,103.0,45.0,0.0,1.049,2.247,159 192 202 140 139 234 223 143 160 196
phenylalanine,4,lysine,5,12,15,0,9.455,9.856,-0.683,109.6,48.6,6.8339,1.728,0.832,29 101
phenylalanine,4,lysine,5,12,15,1,9.455,9.856,-0.683,109.6,48.6,3.1631,0.73,0.64,93 259 180 180
phenylalanine,4,lysine,5,12,15,2,9.455,9.856,-0.683,109.6,48.6,0.0,0.985,0.673,101 224 206 151 165 191
phenylalanine,4,lysine,5,12,15,3,9.455,9.856,-0.683,109.6,48.6,0.0,0.76,1.424,136 201 203 137 144 212 198 166
phenylalanine,4,lysine,5,12,15,4,9.455,9.856,-0.683,109.6,48.6,0.0,1.663,2.521,162 181 195 139 137 231 219 143 160 196
phenylalanine,4,lysine,5,13,13,0,9.455,8.003,-0.683,109.8,118.4,4.1369,1.729,1.48,263 94
phenylalanine,4,lysine,5,13,13,1,9.455,8.003,-0.683,109.8,118.4,0.466,1.729,1.072,327 266 180 180
phenylalanine,4,lysine,5,13,13,2,9.455,8.003,-0.683,109.8,118.4,0.0,0.59,1.131,259 140 152 218 202 163
phenylalanine,4,lysine,5,13,13,3,9.455,8.003,-0.683,109.8,118.4,0.0,1.543,2.976,217 170 152 239 234 121 146 208
phenylalanine,4,lysine,5,13,13,4,9.455,8.003,-0.683,109.8,118.4,0.0,0.546,1.871,202 174 161 231 233 118 132 226 205 160
phenylalanine,4,lysine,5,13,14,0,9.455,9.587,-0.683,117.7,56.5,6.3851,1.729,1.603,256 126
phenylalanine,4,lysine,5,13,14,1,9.455,9.587,-0.683,117.7,56.5,2.7143,1.729,0.9,314 234 180 180
phenylalanine,4,lysine,5,13,14,2,9.455,9.587,-0.683,117.7,56.5,0.0,1.487,1.5,254 148 162 204 193 171
phenylalanine,4,lysine,5,13,14,3,9.455,9.587,-0.683,117.7,56.5,0.0,1.372,2.989,219 163 159 231 224 145 161 196
phenylalanine,4,lysine,5,13,14,4,9.455,9.587,-0.683,117.7,56.5,0.0,1.664,3.833,182 185 167 229 234 126 137 222 204 161
phenylalanine,4,lysine,5,13,15,0,9.455,10.0,-0.683,103.7,37.5,7.2504,1.694,1.623,265 64
phenylalanine,4,lysine,5,13,15,1,9.455,10.0,-0.683,103.7,37.5,3.5796,1.231,0.821,318 296 180 180
phenylalanine,4,lysine,5,13,15,2,9.455,10.0,-0.683,103.7,37.5,0.0,0.831,0.617,258 75 168 183 175 193
phenylalanine,4,lysine,5,13,15,3,9.455,10.0,-0.683,103.7,37.5,0.0,1.21,2.635,225 154 155 222 215 150 164 194
phenylalanine,4,lysine,5,13,15,4,9.455,10.0,-0.683,103.7,37.5,0.0,1.234,3.313,204 171 162 222 222 132 143 213 198 166
phenylalanine,4,lysine,5,14,13,0,9.455,10.142,-0.683,10.5,117.2,8.1517,1.73,4.772,211 0
phenylalanine,4,lysine,5,14,13,1,9.455,10.142,-0.683,10.5,117.2,6.4376,1.73,3.936,215 0 180 360
phenylalanine,4,lysine,5,14,13,2,9.455,10.142,-0.683,10.5,117.2,3.1196,1.73,1.889,218 0 180 360 211 240
phenylalanine,4,lysine,5,14,13,3,9.455,10.142,-0.683,10.5,117.2,0.0,1.663,1.825,197 32 153 320 195 121 158 180
phenylalanine,4,lysine,5,14,13,4,9.455,10.142,-0.683,10.5,117.2,0.0,1.663,1.873,291 61 91 274 248 123 143 211 196 168
phenylalanine,4,lysine,5,14,14,0,9.455,11.816,-0.683,19.6,51.3,9.9792,1.73,4.691,207 0
phenylalanine,4,lysine,5,14,14,1,9.455,11.816,-0.683,19.6,51.3,7.6868,1.73,3.903,206 0 180 360
phenylalanine,4,lysine,5,14,14,2,9.455,11.816,-0.683,19.6,51.3,4.016,1.73,2.088,206 360 180 0 180 180
phenylalanine,4,lysine,5,14,14,3,9.455,11.816,-0.683,19.6,51.3,0.4138,1.73,2.474,206 0 198 328 180 180 180 180
phenylalanine,4,lysine,5,14,14,4,9.455,11.816,-0.683,19.6,51.3,0.0,1.664,3.694,264 62 100 270 239 141 155 190 185 177
phenylalanine,4,lysine,5,14,15,0,9.455,11.962,-0.683,11.6,44.6,10.8339,1.73,3.908,132 0
phenylalanine,4,lysine,5,14,15,1,9.455,11.962,-0.683,11.6,44.6,8.9225,1.73,2.109,135 0 180 0
phenylalanine,4,lysine,5,14,15,2,9.455,11.962,-0.683,11.6,44.6,5.4147,1.431,1.621,137 360 180 0 201 211
phenylalanine,4,lysine,5,14,15,3,9.455,11.962,-0.683,11.6,44.6,1.7439,0.267,1.628,137 360 180 0 202 212 180 180
phenylalanine,4,lysine,5,14,15,4,9.455,11.962,-0.683,11.6,44.6,0.0,0.357,1.204,117 298 243 82 133 222 201 171 177 181
phenylalanine,4,aspartic,21,12,3,0,7.682,9.069,-0.551,58.9,49.3,6.4866,1.403,2.107,27 360
phenylalanine,4,aspartic,21,12,3,1,7.682,9.069,-0.551,58.9,49.3,3.5803,0.441,1.582,29 0 210 280
phenylalanine,4,aspartic,21,12,3,2,7.682,9.069,-0.551,58.9,49.3,0.0,0.899,1.459,41 345 156 92 147 169
phenylalanine,4,aspartic,21,12,3,3,7.682,9.069,-0.551,58.9,49.3,0.0,1.002,1.356,354 332 287 45 84 250 214 152
phenylalanine,4,aspartic,21,12,3,4,7.682,9.069,-0.551,58.9,49.3,0.0,0.696,1.046,29 68 42 73 260 35 30 3 136 94
phenylalanine,4,aspartic,21,12,4,0,7.682,9.073,-0.551,73.0,49.1,6.0478,1.678,2.266,10 360
phenylalanine,4,aspartic,21,12,4,1,7.682,9.073,-0.551,73.0,49.1,2.3777,1.584,2.265,10 360 180 180
phenylalanine,4,aspartic,21,12,4,2,7.682,9.073,-0.551,73.0,49.1,0.0,1.663,2.505,341 333 237 132 126 164
phenylalanine,4,aspartic,21,12,4,3,7.682,9.073,-0.551,73.0,49.1,0.0,1.124,0.727,37 20 42 279 10 28 191 207
phenylalanine,4,aspartic,21,12,4,4,7.682,9.073,-0.551,73.0,49.1,0.0,1.663,0.483,334 15 330 0 40 294 252 99 137 212
phenylalanine,4,aspartic,21,12,5,0,7.682,6.986,-0.551,63.7,135.9,3.3961,1.551,2.213,18 360
phenylalanine,4,aspartic,21,12,5,1,7.682,6.986,-0.551,63.7,135.9,0.1086,1.262,2.08,16 0 148 108
phenylalanine,4,aspartic,21,12,5,2,7.682,6.986,-0.551,63.7,135.9,0.0,1.663,2.708,321 328 274 68 118 227
phenylalanine,4,aspartic,21,12,5,3,7.682,6.986,-0.551,63.7,135.9,0.0,1.663,1.794,310 346 302 38 82 274 226 140
phenylalanine,4,aspartic,21,12,5,4,7.682,6.986,-0.551,63.7,135.9,0.0,0.635,2.303,292 110 53 323 323 299 196 38 101 194
phenylalanine,4,aspartic,21,13,3,0,7.682,8.54,-0.551,79.0,64.0,5.1851,1.614,3.247,346 27
phenylalanine,4,aspartic,21,13,3,1,7.682,8.54,-0.551,79.0,64.0,1.5143,1.635,3.802,13 331 180 180
phenylalanine,4,aspartic,21,13,3,2,7.682,8.54,-0.551,79.0,64.0,0.0,1.664,2.644,3 105 1 88 199 79
phenylalanine,4,aspartic,21,13,3,3,7.682,8.54,-0.551,79.0,64.0,0.0,0.602,1.451,319 26 168 210 94 350 92 267
phenylalanine,4,aspartic,21,13,3,4,7.682,8.54,-0.551,79.0,64.0,0.0,0.985,0.232,349 303 167 253 55 357 184 168 4 38
phenylalanine,4,aspartic,21,13,4,0,7.682,9.216,-0.551,67.7,33.7,6.7834,0.775,2.985,335 0
phenylalanine,4,aspartic,21,13,4,1,7.682,9.216,-0.551,67.7,33.7,3.5327,0.71,2.551,333 0 211 245
phenylalanine,4,aspartic,21,13,4,2,7.682,9.216,-0.551,67.7,33.7,0.0,0.844,2.253,323 25 195 233 222 198
phenylalanine,4,aspartic,21,13,4,3,7.682,9.216,-0.551,67.7,33.7,0.0,1.372,0.646,335 238 267 158 99 306 49 234
phenylalanine,4,aspartic,21,13,4,4,7.682,9.216,-0.551,67.7,33.7,0.0,0.591,2.523,56 30 73 59 40 125 183 286 239 149
phenylalanine,4,aspartic,21,13,5,0,7.682,6.948,-0.551,65.2,128.4,3.2385,1.22,3.27,347 0
phenylalanine,4,aspartic,21,13,5,1,7.682,6.948,-0.551,65.2,128.4,0.0,0.999,3.276,347 8 199 264
phenylalanine,4,aspartic,21,13,5,2,7.682,6.948,-0.551,65.2,128.4,0.0,1.644,4.094,44 34 87 296 247 128
phenylalanine,4,aspartic,21,13,5,3,7.682,6.948,-0.551,65.2,128.4,0.0,0.571,2.501,37 18 66 319 267 86 136 218
phenylalanine,4,aspartic,21,13,5,4,7.682,6.948,-0.551,65.2,128.4,0.0,0.2,2.34,24 5 45 336 299 80 118 257 220 149
phenylalanine,4,aspartic,21,14,3,0,7.682,9.389,-0.551,45.3,62.2,6.5208,1.315,6.292,337 0
phenylalanine,4,aspartic,21,14,3,1,7.682,9.389,-0.551,45.3,62.2,3.6104,1.268,6.288,338 0 210 280
phenylalanine,4,aspartic,21,14,3,2,7.682,9.389,-0.551,45.3,62.2,0.0,1.094,5.032,335 14 195 268 209 185
phenylalanine,4,aspartic,21,14,3,3,7.682,9.389,-0.551,45.3,62.2,0.0,0.615,4.69,9 30 75 315 274 108 145 209
phenylalanine,4,aspartic,21,14,3,4,7.682,9.389,-0.551,45.3,62.2,0.0,0.427,4.413,332 303 280 239 317 133 310 244 301 272
phenylalanine,4,aspartic,21,14,4,0,7.682,9.816,-0.551,42.6,44.1,7.4497,0.293,5.948,14 360
phenylalanine,4,aspartic,21,14,4,1,7.682,9.816,-0.551,42.6,44.1,4.5892,0.125,5.9,12 360 151 78
phenylalanine,4,aspartic,21,14,4,2,7.682,9.816,-0.551,42.6,44.1,0.9184,0.254,5.422,12 360 210 282 180 180
phenylalanine,4,aspartic,21,14,4,3,7.682,9.816,-0.551,42.6,44.1,0.0,0.927,4.892,354 326 274 39 87 242 208 159
phenylalanine,4,aspartic,21,14,4,4,7.682,9.816,-0.551,42.6,44.1,0.0,0.637,4.498,4 337 298 33 70 264 230 125 150 201
phenylalanine,4,aspartic,21,14,5,0,7.682,7.448,-0.551,45.0,147.8,4.7848,0.934,6.247,346 0
phenylalanine,4,aspartic,21,14,5,1,7.682,7.448,-0.551,45.0,147.8,2.2133,0.965,6.064,345 0 157 52
phenylalanine,4,aspartic,21,14,5,2,7.682,7.448,-0.551,45.0,147.8,0.0,0.705,5.235,343 77 117 265 231 146
phenylalanine,4,aspartic,21,14,5,3,7.682,7.448,-0.551,45.0,147.8,0.0,1.06,4.06,49 24 70 323 276 85 135 220
phenylalanine,4,aspartic,21,14,5,4,7.682,7.448,-0.551,45.0,147.8,0.0,1.058,5.394,29 9 49 343 305 75 116 260 222 148
phenylalanine,4,glutamic,22,12,4,0,3.459,2.73,0.346,84.7,74.2,0.0,1.383,2.425,164 299
phenylalanine,4,glutamic,22,12,4,1,3.459,2.73,0.346,84.7,74.2,0.0,1.401,2.062,162 281 285 46
phenylalanine,4,glutamic,22,12,4,2,3.459,2.73,0.346,84.7,74.2,0.0,1.422,0.95,140 246 359 44 98 333
phenylalanine,4,glutamic,22,12,4,3,3.459,2.73,0.346,84.7,74.2,0.0,1.512,0.871,124 276 359 69 54 319 235 68
phenylalanine,4,glutamic,22,12,4,4,3.459,2.73,0.346,84.7,74.2,0.0,1.421,0.928,304 246 5 34 144 349 221 337 162 301
phenylalanine,4,glutamic,22,12,5,0,3.459,2.893,0.346,88.3,68.9,0.0,1.439,3.438,225 63
phenylalanine,4,glutamic,22,12,5,1,3.459,2.893,0.346,88.3,68.9,0.0,1.402,3.193,219 78 83 319
phenylalanine,4,glutamic,22,12,5,2,3.459,2.893,0.346,88.3,68.9,0.0,0.477,2.848,189 195 7 308 274 352
phenylalanine,4,glutamic,22,12,5,3,3.459,2.893,0.346,88.3,68.9,0.0,1.156,2.037,136 356 310 281 268 49 121 273
phenylalanine,4,glutamic,22,12,5,4,3.459,2.893,0.346,88.3,68.9,0.0,0.271,3.122,215 288 287 288 309 268 301 308 228 53
phenylalanine,4,glutamic,22,12,6,0,3.459,4.26,0.346,107.7,6.0,2.4098,0.694,2.483,156 122
phenylalanine,4,glutamic,22,12,6,1,3.459,4.26,0.346,107.7,6.0,0.0,0.682,2.666,164 120 118 270
phenylalanine,4,glutamic,22,12,6,2,3.459,4.26,0.346,107.7,6.0,0.0,0.264,1.989,148 189 58 289 254 73
phenylalanine,4,glutamic,22,12,6,3,3.459,4.26,0.346,107.7,6.0,0.0,1.663,1.448,105 15 333 177 317 337 205 96
phenylalanine,4,glutamic,22,12,6,4,3.459,4.26,0.346,107.7,6.0,0.0,1.59,1.912,271 310 49 91 161 241 305 2 91 49
phenylalanine,4,glutamic,22,13,4,0,3.459,2.672,0.346,86.7,124.4,0.0,1.664,2.419,198 58
phenylalanine,4,glutamic,22,13,4,1,3.459,2.672,0.346,86.7,124.4,0.0,1.664,1.907,214 47 32 349
phenylalanine,4,glutamic,22,13,4,2,3.459,2.672,0.346,86.7,124.4,0.0,1.664,1.064,254 129 328 324 235 355
phenylalanine,4,glutamic,22,13,4,3,3.459,2.672,0.346,86.7,124.4,0.0,1.664,1.306,257 144 312 172 19 280 246 58
phenylalanine,4,glutamic,22,13,4,4,3.459,2.672,0.346,86.7,124.4,0.0,0.858,2.447,345 343 25 297 260 72 110 253 216 151
phenylalanine,4,glutamic,22,13,5,0,3.459,3.954,0.346,51.6,71.3,1.4743,1.729,4.573,148 0
phenylalanine,4,glutamic,22,13,5,1,3.459,3.954,0.346,51.6,71.3,0.0,1.663,4.652,143 358 203 10
phenylalanine,4,glutamic,22,13,5,2,3.459,3.954,0.346,51.6,71.3,0.0,1.663,4.456,129 311 269 48 153 279
phenylalanine,4,glutamic,22,13,5,3,3.459,3.954,0.346,51.6,71.3,0.0,1.663,4.858,82 307 278 79 127 279 224 137
phenylalanine,4,glutamic,22,13,5,4,3.459,3.954,0.346,51.6,71.3,0.0,1.663,4.474,41 330 296 72 104 268 241 132 156 199
phenylalanine,4,glutamic,22,13,6,0,3.459,5.069,0.346,76.6,26.0,2.7128,0.886,3.299,205 306
phenylalanine,4,glutamic,22,13,6,1,3.459,5.069,0.346,76.6,26.0,0.0,1.151,3.174,177 79 91 249
phenylalanine,4,glutamic,22,13,6,2,3.459,5.069,0.346,76.6,26.0,0.0,1.106,1.798,216 71 73 276 234 122
phenylalanine,4,glutamic,22,13,6,3,3.459,5.069,0.346,76.6,26.0,0.0,1.32,0.895,257 32 38 287 265 89 131 223
phenylalanine,4,glutamic,22,13,6,4,3.459,5.069,0.346,76.6,26.0,0.0,0.68,0.377,302 23 57 287 255 95 119 218 199 165
phenylalanine,4,glutamic,22,14,4,0,3.459,3.129,0.346,71.0,82.1,0.0,1.664,4.814,187 35
phenylalanine,4,glutamic,22,14,4,1,3.459,3.129,0.346,71.0,82.1,0.0,1.664,4.092,184 60 116 313
phenylalanine,4,glutamic,22,14,4,2,3.459,3.129,0.346,71.0,82.1,0.0,1.664,4.328,228 79 31 312 243 59
phenylalanine,4,glutamic,22,14,4,3,3.459,3.129,0.346,71.0,82.1,0.0,1.664,3.939,261 48 31 296 277 63 122 244
phenylalanine,4,glutamic,22,14,4,4,3.459,3.129,0.346,71.0,82.1,0.0,1.664,4.373,318 13 44 297 267 79 109 240 211 156
phenylalanine,4,glutamic,22,14,5,0,3.459,2.469,0.346,105.5,108.3,0.0,1.663,5.3,197 225
phenylalanine,4,glutamic,22,14,5,1,3.459,2.469,0.346,105.5,108.3,0.0,1.663,3.417,105 227 31 359
phenylalanine,4,glutamic,22,14,5,2,3.459,2.469,0.346,105.5,108.3,0.0,1.663,4.179,205 121 311 5 187 2
phenylalanine,4,glutamic,22,14,5,3,3.459,2.469,0.346,105.5,108.3,0.0,0.892,2.848,2 327 312 337 219 40 147 299
phenylalanine,4,glutamic,22,14,5,4,3.459,2.469,0.346,105.5,108.3,0.0,1.663,3.246,64 18 7 47 55 3 211 231 331 340
phenylalanine,4,glutamic,22,14,6,0,3.459,4.591,0.346,94.2,26.2,2.2507,1.076,4.868,136 96
phenylalanine,4,glutamic,22,14,6,1,3.459,4.591,0.346,94.2,26.2,0.0,0.689,3.235,166 271 239 134
phenylalanine,4,glutamic,22,14,6,2,3.459,4.591,0.346,94.2,26.2,0.0,1.284,3.162,133 259 3 67 99 273
phenylalanine,4,glutamic,22,14,6,3,3.459,4.591,0.346,94.2,26.2,0.0,1.18,2.378,45 343 336 293 209 67 116 146
phenylalanine,4,glutamic,22,14,6,4,3.459,4.591,0.346,94.2,26.2,0.0,1.629,0.317,113 269 266 139 123 262 254 90 131 224
phenylalanine,4,isoleucine,3,12,4,0,9.424,7.891,0.059,147.3,88.0,4.146,1.728,1.131,66 180
phenylalanine,4,isoleucine,3,12,4,1,9.424,7.891,0.059,147.3,88.0,0.5122,1.064,1.125,67 180 167 162
phenylalanine,4,isoleucine,3,12,4,2,9.424,7.891,0.059,147.3,88.0,0.0,0.856,0.942,97 184 184 147 158 197
phenylalanine,4,isoleucine,3,12,4,3,9.424,7.891,0.059,147.3,88.0,0.0,0.574,2.428,154 169 196 123 120 249 221 146
phenylalanine,4,isoleucine,3,12,4,4,9.424,7.891,0.059,147.3,88.0,0.0,0.76,1.171,169 143 181 135 113 266 253 105 137 216
phenylalanine,4,isoleucine,3,12,5,0,9.424,8.691,0.059,157.6,58.0,5.5642,1.728,1.264,113 180
phenylalanine,4,isoleucine,3,12,5,1,9.424,8.691,0.059,157.6,58.0,2.166,1.102,1.216,110 180 209 232
phenylalanine,4,isoleucine,3,12,5,2,9.424,8.691,0.059,157.6,58.0,0.0,1.126,1.138,105 177 172 154 163 190
phenylalanine,4,isoleucine,3,12,5,3,9.424,8.691,0.059,157.6,58.0,0.0,1.24,2.426,154 155 191 155 130 237 216 147
phenylalanine,4,isoleucine,3,12,5,4,9.424,8.691,0.059,157.6,58.0,0.0,1.663,2.685,165 133 173 169 132 240 235 117 144 211
phenylalanine,4,isoleucine,3,12,6,0,9.424,9.113,0.059,160.1,39.2,6.5016,1.728,0.981,26 180
phenylalanine,4,isoleucine,3,12,6,1,9.424,9.113,0.059,160.1,39.2,3.1868,1.611,0.654,29 180 150 121
phenylalanine,4,isoleucine,3,12,6,2,9.424,9.113,0.059,160.1,39.2,0.0,1.014,1.187,61 180 170 143 155 194
phenylalanine,4,isoleucine,3,12,6,3,9.424,9.113,0.059,160.1,39.2,0.0,0.39,2.057,137 168 183 140 132 228 208 155
phenylalanine,4,isoleucine,3,12,6,4,9.424,9.113,0.059,160.1,39.2,0.0,1.664,1.621,190 155 175 146 129 227 220 133 153 202
phenylalanine,4,isoleucine,3,13,4,0,9.424,9.35,0.059,80.3,98.4,5.5054,1.729,1.3,258 10
phenylalanine,4,isoleucine,3,13,4,1,9.424,9.35,0.059,80.3,98.4,1.8346,1.545,0.68,271 345 180 180
phenylalanine,4,isoleucine,3,13,4,2,9.424,9.35,0.059,80.3,98.4,0.0,1.472,1.278,243 105 127 230 206 160
phenylalanine,4,isoleucine,3,13,4,3,9.424,9.35,0.059,80.3,98.4,0.0,1.663,2.783,210 139 139 227 218 146 161 195
phenylalanine,4,isoleucine,3,13,4,4,9.424,9.35,0.059,80.3,98.4,0.0,0.351,3.79,184 153 144 230 228 129 141 219 201 163
phenylalanine,4,isoleucine,3,13,5,0,9.424,10.242,0.059,81.3,64.9,6.8549,1.729,1.607,260 325
phenylalanine,4,isoleucine,3,13,5,1,9.424,10.242,0.059,81.3,64.9,3.1841,1.568,1.576,226 37 180 180
phenylalanine,4,isoleucine,3,13,5,2,9.424,10.242,0.059,81.3,64.9,0.0,1.109,1.845,219 97 137 204 189 175
phenylalanine,4,isoleucine,3,13,5,3,9.424,10.242,0.059,81.3,64.9,0.0,0.992,2.653,210 127 135 216 205 156 167 190
phenylalanine,4,isoleucine,3,13,5,4,9.424,10.242,0.059,81.3,64.9,0.0,1.663,3.794,184 162 144 212 214 124 135 218 200 163
phenylalanine,4,isoleucine,3,13,6,0,9.424,10.96,0.059,71.1,31.7,8.4779,1.729,1.296,260 0
phenylalanine,4,isoleucine,3,13,6,1,9.424,10.96,0.059,71.1,31.7,5.0858,1.541,0.571,261 360 152 131
phenylalanine,4,isoleucine,3,13,6,2,9.424,10.96,0.059,71.1,31.7,1.415,1.327,0.571,261 0 151 131 180 180
phenylalanine,4,isoleucine,3,13,6,3,9.424,10.96,0.059,71.1,31.7,0.0,0.488,2.01,223 109 131 224 208 158 169 188
phenylalanine,4,isoleucine,3,13,6,4,9.424,10.96,0.059,71.1,31.7,0.0,1.394,3.288,199 149 145 217 214 135 145 211 197 167
phenylalanine,4,isoleucine,3,14,4,0,9.424,10.357,0.059,38.8,87.2,7.55,1.73,3.863,129 0
phenylalanine,4,isoleucine,3,14,4,1,9.424,10.357,0.059,38.8,87.2,5.0893,1.73,1.931,129 0 165 32
phenylalanine,4,isoleucine,3,14,4,2,9.424,10.357,0.059,38.8,87.2,1.4185,0.79,1.414,129 360 196 326 180 180
phenylalanine,4,isoleucine,3,14,4,3,9.424,10.357,0.059,38.8,87.2,0.0,1.09,0.957,98 298 247 92 132 219 198 168
phenylalanine,4,isoleucine,3,14,4,4,9.424,10.357,0.059,38.8,87.2,0.0,0.723,0.557,52 330 290 65 99 245 223 153 167 190
phenylalanine,4,isoleucine,3,14,5,0,9.424,11.027,0.059,50.5,62.0,8.0364,1.73,4.044,141 0
phenylalanine,4,isoleucine,3,14,5,1,9.424,11.027,0.059,50.5,62.0,4.9406,1.73,2.794,140 0 212 261
phenylalanine,4,isoleucine,3,14,5,2,9.424,11.027,0.059,50.5,62.0,1.2698,0.493,1.981,140 0 148 100 180 180
phenylalanine,4,isoleucine,3,14,5,3,9.424,11.027,0.059,50.5,62.0,0.0,1.158,0.369,119 284 242 125 155 219 201 168
phenylalanine,4,isoleucine,3,14,5,4,9.424,11.027,0.059,50.5,62.0,0.0,0.757,0.395,60 317 289 92 106 218 211 161 169 189
phenylalanine,4,isoleucine,3,14,6,0,9.424,11.511,0.059,48.7,40.5,9.0593,1.73,3.534,111 0
phenylalanine,4,isoleucine,3,14,6,1,9.424,11.511,0.059,48.7,40.5,5.9889,1.73,1.503,112 360 212 262
phenylalanine,4,isoleucine,3,14,6,2,9.424,11.511,0.059,48.7,40.5,2.318,1.301,1.103,112 360 212 261 180 180
phenylalanine,4,isoleucine,3,14,6,3,9.424,11.511,0.059,48.7,40.5,0.0,1.237,0.561,121 279 228 122 146 192 184 177
phenylalanine,4,isoleucine,3,14,6,4,9.424,11.511,0.059,48.7,40.5,0.0,1.225,0.705,109 246 285 141 120 185 194 155 162 196
phenylalanine,4,leucine,13,12,1,0,12.692,10.769,-0.053,138.4,118.1,6.9009,1.728,2.409,253 161
phenylalanine,4,leucine,13,12,1,1,12.692,10.769,-0.053,138.4,118.1,3.2301,1.728,0.991,283 201 180 180
phenylalanine,4,leucine,13,12,1,2,12.692,10.769,-0.053,138.4,118.1,0.0,1.366,0.326,238 159 169 197 190 174
phenylalanine,4,leucine,13,12,1,3,12.692,10.769,-0.053,138.4,118.1,0.0,1.662,1.369,212 183 173 215 214 150 163 194
phenylalanine,4,leucine,13,12,1,4,12.692,10.769,-0.053,138.4,118.1,0.0,0.402,1.46,183 191 172 215 224 133 141 218 202 162
phenylalanine,4,leucine,13,12,2,0,12.692,12.877,-0.053,132.7,29.5,10.3046,1.728,2.397,245 134
phenylalanine,4,leucine,13,12,2,1,12.692,12.877,-0.053,132.7,29.5,6.6338,1.728,0.278,244 134 180 180
phenylalanine,4,leucine,13,12,2,2,12.692,12.877,-0.053,132.7,29.5,3.032,0.891,0.486,307 231 180 180 180 180
phenylalanine,4,leucine,13,12,2,3,12.692,12.877,-0.053,132.7,29.5,0.0,0.805,0.885,225 159 167 203 196 169 175 184
phenylalanine,4,leucine,13,12,2,4,12.692,12.877,-0.053,132.7,29.5,0.0,0.387,2.187,194 184 170 209 213 139 147 210 196 167
phenylalanine,4,leucine,13,12,13,0,12.692,12.051,-0.053,139.0,68.2,8.593,1.728,2.679,246 180
phenylalanine,4,leucine,13,12,13,1,12.692,12.051,-0.053,139.0,68.2,4.9241,1.728,0.908,246 180 180 180
phenylalanine,4,leucine,13,12,13,2,12.692,12.051,-0.053,139.0,68.2,1.3189,1.024,1.188,267 202 180 180 180 180
phenylalanine,4,leucine,13,12,13,3,12.692,12.051,-0.053,139.0,68.2,0.0,0.845,1.265,213 167 172 197 193 171 176 183
phenylalanine,4,leucine,13,12,13,4,12.692,12.051,-0.053,139.0,68.2,0.0,1.663,2.581,181 194 177 206 211 140 147 210 196 167
phenylalanine,4,leucine,13,13,1,0,12.692,13.102,-0.053,39.2,114.3,9.9521,1.729,2.801,211 0
phenylalanine,4,leucine,13,13,1,1,12.692,13.102,-0.053,39.2,114.3,7.2118,1.729,2.781,212 360 152 69
phenylalanine,4,leucine,13,13,1,2,12.692,13.102,-0.053,39.2,114.3,3.541,1.729,1.166,212 0 208 290 180 180
phenylalanine,4,leucine,13,13,1,3,12.692,13.102,-0.053,39.2,114.3,0.0,1.622,0.734,207 8 208 294 175 177 182 157
phenylalanine,4,leucine,13,13,1,4,12.692,13.102,-0.053,39.2,114.3,0.0,1.389,0.247,274 48 90 279 245 150 160 174 176 184
phenylalanine,4,leucine,13,13,2,0,12.692,15.129,-0.053,38.2,28.4,13.5055,1.729,3.249,201 360
phenylalanine,4,leucine,13,13,2,1,12.692,15.129,-0.053,38.2,28.4,10.9002,1.729,3.289,200 0 155 58
phenylalanine,4,leucine,13,13,2,2,12.692,15.129,-0.053,38.2,28.4,7.2294,1.729,2.027,200 360 205 301 180 180
phenylalanine,4,leucine,13,13,2,3,12.692,15.129,-0.053,38.2,28.4,3.6277,0.796,1.402,200 0 212 295 180 180 180 180
phenylalanine,4,leucine,13,13,2,4,12.692,15.129,-0.053,38.2,28.4,0.0,0.806,1.28,200 3 207 286 193 180 164 164 178 174
phenylalanine,4,leucine,13,13,13,0,12.692,14.238,-0.053,47.1,70.5,11.1169,1.729,3.055,205 0
phenylalanine,4,leucine,13,13,13,1,12.692,14.238,-0.053,47.1,70.5,8.0403,1.729,3.06,205 0 148 100
phenylalanine,4,leucine,13,13,13,2,12.692,14.238,-0.053,47.1,70.5,4.3695,1.729,1.585,205 360 148 100 180 180
phenylalanine,4,leucine,13,13,13,3,12.692,14.238,-0.053,47.1,70.5,0.7678,1.341,1.914,205 0 142 100 180 180 180 180
phenylalanine,4,leucine,13,13,13,4,12.692,14.238,-0.053,47.1,70.5,0.0,1.663,0.922,256 55 101 261 227 155 156 154 165 190
phenylalanine,4,leucine,13,14,1,0,12.692,11.685,-0.053,96.6,109.0,7.802,1.73,3.526,76 65
phenylalanine,4,leucine,13,14,1,1,12.692,11.685,-0.053,96.6,109.0,4.1312,1.73,1.161,76 66 180 180
phenylalanine,4,leucine,13,14,1,2,12.692,11.685,-0.053,96.6,109.0,0.5294,1.308,0.913,136 289 180 180 180 180
phenylalanine,4,leucine,13,14,1,3,12.692,11.685,-0.053,96.6,109.0,0.0,1.363,1.906,141 223 212 147 158 199 190 173
phenylalanine,4,leucine,13,14,1,4,12.692,11.685,-0.053,96.6,109.0,0.0,0.66,1.918,171 193 206 143 143 225 215 147 162 195
phenylalanine,4,leucine,13,14,2,0,12.692,13.506,-0.053,104.1,34.0,10.8157,1.73,3.715,127 273
phenylalanine,4,leucine,13,14,2,1,12.692,13.506,-0.053,104.1,34.0,7.1449,1.73,2.065,128 273 180 180
phenylalanine,4,leucine,13,14,2,2,12.692,13.506,-0.053,104.1,34.0,3.5432,0.671,1.521,59 89 180 180 180 180
phenylalanine,4,leucine,13,14,2,3,12.692,13.506,-0.053,104.1,34.0,0.0,0.707,1.829,131 242 208 167 178 177 177 183
phenylalanine,4,leucine,13,14,2,4,12.692,13.506,-0.053,104.1,34.0,0.0,0.608,4.195,160 205 206 150 155 209 202 161 170 188
phenylalanine,4,leucine,13,14,13,0,12.692,12.869,-0.053,100.9,63.7,9.4932,1.73,3.734,146 288
phenylalanine,4,leucine,13,14,13,1,12.692,12.869,-0.053,100.9,63.7,5.8224,1.73,1.855,146 287 180 180
phenylalanine,4,leucine,13,14,13,2,12.692,12.869,-0.053,100.9,63.7,2.2206,1.319,1.864,152 283 180 180 180 180
phenylalanine,4,leucine,13,14,13,3,12.692,12.869,-0.053,100.9,63.7,0.0,0.897,3.797,158 219 210 157 165 194 187 175
phenylalanine,4,leucine,13,14,13,4,12.692,12.869,-0.053,100.9,63.7,0.0,0.921,4.524,170 203 208 153 155 214 207 158 168 190
phenylalanine,4,serine,31,12,3,0,4.75,5.87,-0.654,36.6,72.0,3.7739,1.728,1.406,102 0
phenylalanine,4,serine,31,12,3,1,4.75,5.87,-0.654,36.6,72.0,1.9447,1.728,1.442,105 0 180 0
phenylalanine,4,serine,31,12,3,2,4.75,5.87,-0.654,36.6,72.0,0.0,1.665,0.762,98 310 237 50 138 245
phenylalanine,4,serine,31,12,3,3,4.75,5.87,-0.654,36.6,72.0,0.0,0.98,0.786,32 315 275 70 107 248 214 154
phenylalanine,4,serine,31,12,3,4,4.75,5.87,-0.654,36.6,72.0,0.0,0.875,0.673,18 344 307 52 83 268 240 126 152 202
phenylalanine,4,serine,31,12,4,0,4.75,6.801,-0.654,51.2,33.6,4.5313,1.062,1.796,47 360
phenylalanine,4,serine,31,12,4,1,4.75,6.801,-0.654,51.2,33.6,1.5078,1.066,1.126,50 360 211 273
phenylalanine,4,serine,31,12,4,2,4.75,6.801,-0.654,51.2,33.6,0.0,1.661,1.395,17 315 259 76 124 221
phenylalanine,4,serine,31,12,4,3,4.75,6.801,-0.654,51.2,33.6,0.0,1.425,0.461,16 326 284 62 97 242 211 155
phenylalanine,4,serine,31,12,4,4,4.75,6.801,-0.654,51.2,33.6,0.0,1.455,0.578,16 347 309 42 73 266 238 124 150 203
phenylalanine,4,serine,31,12,5,0,4.75,4.323,-0.654,52.0,140.6,1.2809,1.518,1.385,73 360
phenylalanine,4,serine,31,12,5,1,4.75,4.323,-0.654,52.0,140.6,0.0,1.267,1.502,36 341 212 44
phenylalanine,4,serine,31,12,5,2,4.75,4.323,-0.654,52.0,140.6,0.0,1.081,2.132,13 285 283 56 140 295
phenylalanine,4,serine,31,12,5,3,4.75,4.323,-0.654,52.0,140.6,0.0,0.239,1.87,322 319 304 71 97 284 235 131
phenylalanine,4,serine,31,12,5,4,4.75,4.323,-0.654,52.0,140.6,0.0,1.31,0.465,346 347 326 52 62 282 254 77 129 230
phenylalanine,4,serine,31,13,3,0,4.75,3.725,-0.654,122.7,83.7,0.087,1.714,4.598,62 237
phenylalanine,4,serine,31,13,3,1,4.75,3.725,-0.654,122.7,83.7,0.0,1.665,4.335,34 136 279 113
phenylalanine,4,serine,31,13,3,2,4.75,3.725,-0.654,122.7,83.7,0.0,0.508,2.326,325 190 85 253 324 359
phenylalanine,4,serine,31,13,3,3,4.75,3.725,-0.654,122.7,83.7,0.0,1.665,5.073,100 114 342 1 133 149 357 26
phenylalanine,4,serine,31,13,3,4,4.75,3.725,-0.654,122.7,83.7,0.0,0.68,0.274,306 35 5 28 57 295 256 73 127 230
phenylalanine,4,serine,31,13,4,0,4.75,5.282,-0.654,109.2,19.0,3.0901,1.085,2.861,329 60
phenylalanine,4,serine,31,13,4,1,4.75,5.282,-0.654,109.2,19.0,0.0,1.661,3.193,8 21 99 227
phenylalanine,4,serine,31,13,4,2,4.75,5.282,-0.654,109.2,19.0,0.0,1.232,1.997,28 310 137 166 341 350
phenylalanine,4,serine,31,13,4,3,4.75,5.282,-0.654,109.2,19.0,0.0,1.661,3.272,66 344 24 319 278 76 126 228
phenylalanine,4,serine,31,13,4,4,4.75,5.282,-0.654,109.2,19.0,0.0,1.661,1.635,89 356 102 318 206 209 331 69 331 83
phenylalanine,4,serine,31,13,5,0,4.75,3.097,-0.654,95.8,108.6,0.0,1.658,3.799,9 349
phenylalanine,4,serine,31,13,5,1,4.75,3.097,-0.654,95.8,108.6,0.0,1.514,2.49,359 23 96 322
phenylalanine,4,serine,31,13,5,2,4.75,3.097,-0.654,95.8,108.6,0.0,1.165,2.108,28 55 51 306 219 52
phenylalanine,4,serine,31,13,5,3,4.75,3.097,-0.654,95.8,108.6,0.0,1.237,2.485,70 21 55 304 256 48 121 252
phenylalanine,4,serine,31,13,5,4,4.75,3.097,-0.654,95.8,108.6,0.0,0.884,1.9,50 346 15 321 298 56 97 300 241 126
phenylalanine,4,serine,31,14,3,0,4.75,5.567,-0.654,50.0,95.7,2.2564,1.73,5.978,282 0
phenylalanine,4,serine,31,14,3,1,4.75,5.567,-0.654,50.0,95.7,0.1793,1.73,5.627,296 360 180 0
phenylalanine,4,serine,31,14,3,2,4.75,5.567,-0.654,50.0,95.7,0.0,1.137,5.691,320 49 102 288 233 133
phenylalanine,4,serine,31,14,3,3,4.75,5.567,-0.654,50.0,95.7,0.0,0.348,5.525,345 32 71 293 256 106 142 210
phenylalanine,4,serine,31,14,3,4,4.75,5.567,-0.654,50.0,95.7,0.0,0.44,5.573,354 8 44 307 282 96 120 236 210 156
phenylalanine,4,serine,31,14,4,0,4.75,7.121,-0.654,36.6,34.1,5.2364,1.73,6.286,313 0
phenylalanine,4,serine,31,14,4,1,4.75,7.121,-0.654,36.6,34.1,2.6482,1.73,5.958,310 360 200 315
phenylalanine,4,serine,31,14,4,2,4.75,7.121,-0.654,36.6,34.1,0.0,1.554,4.185,307 56 127 287 231 141
phenylalanine,4,serine,31,14,4,3,4.75,7.121,-0.654,36.6,34.1,0.0,0.366,4.322,343 37 78 298 262 117 148 205
phenylalanine,4,serine,31,14,4,4,4.75,7.121,-0.654,36.6,34.1,0.0,0.917,2.053,333 27 63 311 279 98 126 230 206 160
phenylalanine,4,serine,31,14,5,0,4.75,4.906,-0.654,25.8,125.0,2.607,1.73,6.241,304 360
phenylalanine,4,serine,31,14,5,1,4.75,4.906,-0.654,25.8,125.0,1.6715,1.73,5.743,320 360 180 360
phenylalanine,4,serine,31,14,5,2,4.75,4.906,-0.654,25.8,125.0,0.0,1.281,3.826,313 66 110 341 190 43
phenylalanine,4,serine,31,14,5,3,4.75,4.906,-0.654,25.8,125.0,0.0,0.473,2.329,1 54 86 299 258 79 128 223
phenylalanine,4,serine,31,14,5,4,4.75,4.906,-0.654,25.8,125.0,0.0,0.445,1.699,336 34 64 304 279 86 118 252 218 150
phenylalanine,4,tryptophan,5,12,16,0,11.491,10.136,0.681,103.4,124.8,6.306,1.728,0.904,35 80
phenylalanine,4,tryptophan,5,12,16,1,11.491,10.136,0.681,103.4,124.8,2.6352,1.728,0.763,94 280 180 180
phenylalanine,4,tryptophan,5,12,16,2,11.491,10.136,0.681,103.4,124.8,0.0,1.663,0.517,108 226 215 137 156 199
phenylalanine,4,tryptophan,5,12,16,3,11.491,10.136,0.681,103.4,124.8,0.0,1.663,1.379,137 204 206 134 143 213 198 165
phenylalanine,4,tryptophan,5,12,16,4,11.491,10.136,0.681,103.4,124.8,0.0,1.663,2.31,158 187 199 139 138 229 218 145 161 195
phenylalanine,4,tryptophan,5,12,17,0,11.491,11.497,0.681,108.3,70.6,7.9956,1.728,0.985,85 260
phenylalanine,4,tryptophan,5,12,17,1,11.491,11.497,0.681,108.3,70.6,4.3248,1.728,0.507,22 100 180 180
phenylalanine,4,tryptophan,5,12,17,2,11.491,11.497,0.681,108.3,70.6,0.7231,0.949,0.571,16 101 180 180 180 180
phenylalanine,4,tryptophan,5,12,17,3,11.491,11.497,0.681,108.3,70.6,0.0,1.663,0.758,115 210 198 144 153 197 188 173
phenylalanine,4,tryptophan,5,12,17,4,11.491,11.497,0.681,108.3,70.6,0.0,1.549,1.549,139 199 197 138 142 214 205 156 167 190
phenylalanine,4,tryptophan,5,12,18,0,11.491,12.396,0.681,99.5,29.0,9.841,1.728,1.118,43 63
phenylalanine,4,tryptophan,5,12,18,1,11.491,12.396,0.681,99.5,29.0,6.1701,1.728,0.844,42 63 180 180
phenylalanine,4,tryptophan,5,12,18,2,11.491,12.396,0.681,99.5,29.0,2.5684,1.646,0.843,36 69 180 180 180 180
phenylalanine,4,tryptophan,5,12,18,3,11.491,12.396,0.681,99.5,29.0,0.0,1.185,0.48,114 227 208 145 157 196 187 174
phenylalanine,4,tryptophan,5,12,18,4,11.491,12.396,0.681,99.5,29.0,0.0,0.987,1.247,133 206 201 139 146 211 202 160 169 188
phenylalanine,4,tryptophan,5,13,16,0,11.491,10.072,0.681,105.9,127.4,6.2621,1.729,1.575,328 277
phenylalanine,4,tryptophan,5,13,16,1,11.491,10.072,0.681,105.9,127.4,2.5913,1.729,1.023,328 277 180 180
phenylalanine,4,tryptophan,5,13,16,2,11.491,10.072,0.681,105.9,127.4,0.0,1.663,1.033,254 127 145 212 197 167
phenylalanine,4,tryptophan,5,13,16,3,11.491,10.072,0.681,105.9,127.4,0.0,1.663,2.811,224 162 157 227 220 143 159 197
phenylalanine,4,tryptophan,5,13,16,4,11.491,10.072,0.681,105.9,127.4,0.0,1.663,3.353,203 175 164 221 222 130 141 215 199 165
phenylalanine,4,tryptophan,5,13,17,0,11.491,11.79,0.681,96.7,58.5,8.5273,1.527,1.65,317 307
phenylalanine,4,tryptophan,5,13,17,1,11.491,11.79,0.681,96.7,58.5,4.8564,1.522,0.834,317 306 180 180
phenylalanine,4,tryptophan,5,13,17,2,11.491,11.79,0.681,96.7,58.5,1.2547,1.165,0.656,263 62 180 180 180 180
phenylalanine,4,tryptophan,5,13,17,3,11.491,11.79,0.681,96.7,58.5,0.0,1.421,1.722,239 140 153 218 207 160 170 188
phenylalanine,4,tryptophan,5,13,17,4,11.491,11.79,0.681,96.7,58.5,0.0,0.843,2.585,225 152 155 224 218 145 155 203 192 170
phenylalanine,4,tryptophan,5,13,18,0,11.491,12.2,0.681,107.2,39.8,9.3743,1.729,1.677,272 102
phenylalanine,4,tryptophan,5,13,18,1,11.491,12.2,0.681,107.2,39.8,5.7035,1.729,0.528,272 102 180 180
phenylalanine,4,tryptophan,5,13,18,2,11.491,12.2,0.681,107.2,39.8,2.1018,1.729,0.226,266 102 180 180 180 180
phenylalanine,4,tryptophan,5,13,18,3,11.491,12.2,0.681,107.2,39.8,0.0,1.664,1.928,244 149 162 215 206 164 172 186
phenylalanine,4,tryptophan,5,13,18,4,11.491,12.2,0.681,107.2,39.8,0.0,0.477,2.619,228 158 161 223 217 147 156 202 192 171
phenylalanine,4,tryptophan,5,14,16,0,11.491,12.109,0.681,7.7,123.7,10.3414,1.73,4.341,186 0
phenylalanine,4,tryptophan,5,14,16,1,11.491,12.109,0.681,7.7,123.7,8.7517,1.73,2.976,175 0 180 0
phenylalanine,4,tryptophan,5,14,16,2,11.491,12.109,0.681,7.7,123.7,5.4592,1.73,1.703,160 0 180 0 150 121
phenylalanine,4,tryptophan,5,14,16,3,11.491,12.109,0.681,7.7,123.7,1.7884,1.73,2.017,160 0 180 360 211 240 180 180
phenylalanine,4,tryptophan,5,14,16,4,11.491,12.109,0.681,7.7,123.7,0.0,1.663,1.606,121 309 246 68 132 234 204 173 180 179
phenylalanine,4,tryptophan,5,14,17,0,11.491,13.584,0.681,6.5,65.3,11.9886,1.73,3.473,104 0
phenylalanine,4,tryptophan,5,14,17,1,11.491,13.584,0.681,6.5,65.3,10.0963,1.73,1.466,105 0 180 360
phenylalanine,4,tryptophan,5,14,17,2,11.491,13.584,0.681,6.5,65.3,6.606,1.73,0.541,106 0 180 0 157 146
phenylalanine,4,tryptophan,5,14,17,3,11.491,13.584,0.681,6.5,65.3,2.9351,1.73,0.555,106 360 180 0 156 145 180 180
phenylalanine,4,tryptophan,5,14,17,4,11.491,13.584,0.681,6.5,65.3,0.0,1.663,1.447,123 323 205 56 166 228 197 185 185 173
phenylalanine,4,tryptophan,5,14,18,0,11.491,14.26,0.681,4.8,34.0,13.3844,1.73,5.38,242 0
phenylalanine,4,tryptophan,5,14,18,1,11.491,14.26,0.681,4.8,34.0,11.4569,1.73,4.28,241 360 180 0
phenylalanine,4,tryptophan,5,14,18,2,11.491,14.26,0.681,4.8,34.0,7.9288,1.73,2.593,240 0 180 0 162 154
phenylalanine,4,tryptophan,5,14,18,3,11.491,14.26,0.681,4.8,34.0,4.258,1.73,2.414,240 0 180 360 200 207 180 180
phenylalanine,4,tryptophan,5,14,18,4,11.491,14.26,0.681,4.8,34.0,0.6562,1.73,2.379,240 360 180 360 150 143 180 180 180 180
phenylalanine,4,tyrosine,1,12,11,0,7.081,8.307,0.27,75.0,37.0,5.7004,1.728,3.027,290 360
phenylalanine,4,tyrosine,1,12,11,1,7.081,8.307,0.27,75.0,37.0,2.3139,1.263,3.006,292 0 209 232
phenylalanine,4,tyrosine,1,12,11,2,7.081,8.307,0.27,75.0,37.0,0.0,1.158,2.837,309 8 117 15 284 145
phenylalanine,4,tyrosine,1,12,11,3,7.081,8.307,0.27,75.0,37.0,0.0,1.359,3.123,277 48 62 342 313 87 132 224
phenylalanine,4,tyrosine,1,12,11,4,7.081,8.307,0.27,75.0,37.0,0.0,0.623,2.065,201 154 146 236 233 120 135 223 203 161
phenylalanine,4,tyrosine,1,12,12,0,7.081,7.652,0.27,84.6,65.1,4.2832,1.728,3.38,243 40
phenylalanine,4,tyrosine,1,12,12,1,7.081,7.652,0.27,84.6,65.1,0.6124,1.728,3.295,242 41 180 180
phenylalanine,4,tyrosine,1,12,12,2,7.081,7.652,0.27,84.6,65.1,0.0,1.045,1.928,240 106 129 228 205 161
phenylalanine,4,tyrosine,1,12,12,3,7.081,7.652,0.27,84.6,65.1,0.0,1.615,2.205,202 156 137 233 229 125 148 207
phenylalanine,4,tyrosine,1,12,12,4,7.081,7.652,0.27,84.6,65.1,0.0,1.664,2.486,178 171 149 231 235 106 120 235 210 155
phenylalanine,4,tyrosine,1,12,13,0,7.081,5.889,0.27,73.8,141.1,2.2671,1.728,3.022,291 339
phenylalanine,4,tyrosine,1,12,13,1,7.081,5.889,0.27,73.8,141.1,0.0,1.665,3.114,277 48 115 276
phenylalanine,4,tyrosine,1,12,13,2,7.081,5.889,0.27,73.8,141.1,0.0,1.119,2.863,306 55 73 317 263 116
phenylalanine,4,tyrosine,1,12,13,3,7.081,5.889,0.27,73.8,141.1,0.0,0.63,0.709,310 55 9 316 307 47 122 275
phenylalanine,4,tyrosine,1,12,13,4,7.081,5.889,0.27,73.8,141.1,0.0,1.665,2.437,281 25 44 342 313 68 108 298 228 101
phenylalanine,4,tyrosine,1,13,11,0,7.081,9.43,0.27,23.3,48.7,7.5807,1.729,5.022,86 360
phenylalanine,4,tyrosine,1,13,11,1,7.081,9.43,0.27,23.3,48.7,5.2787,1.729,5.033,88 360 180 360
phenylalanine,4,tyrosine,1,13,11,2,7.081,9.43,0.27,23.3,48.7,1.6109,1.729,5.035,89 0 180 360 180 180
phenylalanine,4,tyrosine,1,13,11,3,7.081,9.43,0.27,23.3,48.7,0.0,1.663,4.838,66 302 254 77 116 221 198 167
phenylalanine,4,tyrosine,1,13,11,4,7.081,9.43,0.27,23.3,48.7,0.0,1.663,4.402,37 330 292 55 88 253 227 141 160 195
phenylalanine,4,tyrosine,1,13,12,0,7.081,8.985,0.27,27.6,66.7,6.5817,1.729,4.735,138 0
phenylalanine,4,tyrosine,1,13,12,1,7.081,8.985,0.27,27.6,66.7,4.2152,1.729,4.758,137 360 180 360
phenylalanine,4,tyrosine,1,13,12,2,7.081,8.985,0.27,27.6,66.7,0.5444,1.729,4.757,137 0 185 351 180 180
phenylalanine,4,tyrosine,1,13,12,3,7.081,8.985,0.27,27.6,66.7,0.0,1.664,5.045,91 300 253 89 132 235 207 163
phenylalanine,4,tyrosine,1,13,12,4,7.081,8.985,0.27,27.6,66.7,0.0,1.664,4.563,46 331 292 65 99 253 229 148 164 192
phenylalanine,4,tyrosine,1,13,13,0,7.081,7.044,0.27,22.1,160.0,5.2894,1.729,4.84,131 360
phenylalanine,4,tyrosine,1,13,13,1,7.081,7.044,0.27,22.1,160.0,3.2502,1.729,4.971,122 360 180 360
phenylalanine,4,tyrosine,1,13,13,2,7.081,7.044,0.27,22.1,160.0,0.0,1.665,4.938,124 346 198 11 185 253
phenylalanine,4,tyrosine,1,13,13,3,7.081,7.044,0.27,22.1,160.0,0.0,1.665,4.515,44 307 269 76 114 247 214 154
phenylalanine,4,tyrosine,1,13,13,4,7.081,7.044,0.27,22.1,160.0,0.0,1.665,4.304,32 333 297 61 92 265 238 131 155 199
phenylalanine,4,tyrosine,1,14,11,0,7.081,7.094,0.27,123.9,46.7,4.1564,1.73,4.991,58 236
phenylalanine,4,tyrosine,1,14,11,1,7.081,7.094,0.27,123.9,46.7,0.4856,1.522,4.978,59 236 180 180
phenylalanine,4,tyrosine,1,14,11,2,7.081,7.094,0.27,123.9,46.7,0.0,1.524,6.304,336 351 292 89 140 213
phenylalanine,4,tyrosine,1,14,11,3,7.081,7.094,0.27,123.9,46.7,0.0,1.115,3.945,137 193 208 116 117 244 217 148
phenylalanine,4,tyrosine,1,14,11,4,7.081,7.094,0.27,123.9,46.7,0.0,0.211,3.061,95 249 250 35 27 289 262 77 124 228
phenylalanine,4,tyrosine,1,14,12,0,7.081,6.553,0.27,132.0,68.0,3.1402,1.73,4.573,89 196
phenylalanine,4,tyrosine,1,14,12,1,7.081,6.553,0.27,132.0,68.0,0.0,1.664,3.946,110 213 194 166
phenylalanine,4,tyrosine,1,14,12,2,7.081,6.553,0.27,132.0,68.0,0.0,1.216,4.494,122 176 213 115 132 230
phenylalanine,4,tyrosine,1,14,12,3,7.081,6.553,0.27,132.0,68.0,0.0,1.664,4.298,189 167 219 109 98 285 244 126
phenylalanine,4,tyrosine,1,14,12,4,7.081,6.553,0.27,132.0,68.0,0.0,1.53,4.707,174 162 189 142 124 244 236 118 145 210
phenylalanine,4,tyrosine,1,14,13,0,7.081,4.691,0.27,122.1,159.3,1.4636,1.523,4.581,38 118
phenylalanine,4,tyrosine,1,14,13,1,7.081,4.691,0.27,122.1,159.3,0.0,1.059,4.805,69 198 239 74
phenylalanine,4,tyrosine,1,14,13,2,7.081,4.691,0.27,122.1,159.3,0.0,0.968,3.747,97 162 280 79 114 313
phenylalanine,4,tyrosine,1,14,13,3,7.081,4.691,0.27,122.1,159.3,0.0,0.543,2.063,137 201 247 89 79 300 223 92
phenylalanine,4,tyrosine,1,14,13,4,7.081,4.691,0.27,122.1,159.3,0.0,0.595,4.312,301 357 342 39 64 318 276 73 129 230
