frag_a,pose_a,frag_b,pose_b,h_a,h_b,k,d_cb,d_ca,cos_att,theta_a,theta_b,closure,penalty,clash_frag,clash_lig,dihedrals
tryptophan,2,tyrosine,0,16,8,1,9.268,8.941,0.793,142.3,53.8,1.6533,0.0,2.484,0.921,359 205 182 181
tryptophan,2,tyrosine,0,16,8,2,9.268,8.941,0.793,142.3,53.8,0.0,0.0,2.156,0.483,30 169 218 171 66 192
tryptophan,2,tyrosine,0,16,8,3,9.268,8.941,0.793,142.3,53.8,0.0,0.0,3.201,4.205,234 191 183 229 230 102 111 196
tryptophan,2,tyrosine,0,16,8,4,9.268,8.941,0.793,142.3,53.8,0.0,0.0,1.053,0.484,67 18 58 44 3 108 152 315 287 141
tryptophan,2,tyrosine,0,16,9,1,9.268,9.156,0.793,130.0,44.3,1.869,0.0,2.025,0.839,357 231 178 179
tryptophan,2,tyrosine,0,16,9,2,9.268,9.156,0.793,130.0,44.3,0.0317,0.0,3.001,1.579,259 96 196 189 38 159
tryptophan,2,tyrosine,0,16,9,3,9.268,9.156,0.793,130.0,44.3,0.0,0.0,3.201,3.121,215 144 155 242 291 143 117 197
tryptophan,2,tyrosine,0,16,9,4,9.268,9.156,0.793,130.0,44.3,0.0,0.0,1.441,0.302,300 92 119 342 324 99 127 262 233 154
tryptophan,2,tyrosine,0,16,10,1,9.268,6.967,0.793,138.1,135.6,0.0,0.0,2.689,1.584,295 105 262 207
tryptophan,2,tyrosine,0,16,10,2,9.268,6.967,0.793,138.1,135.6,0.0,0.0,1.924,1.04,301 262 21 306 340 24
tryptophan,2,tyrosine,0,16,10,3,9.268,6.967,0.793,138.1,135.6,0.0,0.0,3.201,3.342,192 196 172 247 254 78 102 209
tryptophan,2,tyrosine,0,16,10,4,9.268,6.967,0.793,138.1,135.6,0.0,0.0,2.175,0.678,325 87 77 43 26 49 118 290 236 154
tryptophan,2,tyrosine,0,17,8,1,9.268,11.303,0.793,40.8,54.7,5.5557,0.0,2.911,2.589,262 360 160 60
tryptophan,2,tyrosine,0,17,8,2,9.268,11.303,0.793,40.8,54.7,2.0375,0.0,2.827,0.934,263 359 215 290 167 172
tryptophan,2,tyrosine,0,17,8,3,9.268,11.303,0.793,40.8,54.7,0.0,0.0,2.544,1.692,291 320 216 268 225 195 104 70
tryptophan,2,tyrosine,0,17,8,4,9.268,11.303,0.793,40.8,54.7,0.0,0.0,1.189,1.389,315 26 66 301 274 127 145 210 199 171
tryptophan,2,tyrosine,0,17,9,1,9.268,11.527,0.793,28.4,44.7,6.6312,0.0,2.979,2.754,260 0 174 12
tryptophan,2,tyrosine,0,17,9,2,9.268,11.527,0.793,28.4,44.7,3.0044,0.0,2.963,1.352,260 0 205 315 181 181
tryptophan,2,tyrosine,0,17,9,3,9.268,11.527,0.793,28.4,44.7,0.5411,0.0,3.17,3.472,225 0 171 14 184 183 96 147
tryptophan,2,tyrosine,0,17,9,4,9.268,11.527,0.793,28.4,44.7,0.0,0.0,0.278,1.794,316 7 180 23 175 224 189 132 73 167
tryptophan,2,tyrosine,0,17,10,1,9.268,9.397,0.793,33.8,132.7,4.3088,0.0,3.17,3.19,251 1 170 19
tryptophan,2,tyrosine,0,17,10,2,9.268,9.397,0.793,33.8,132.7,0.6549,0.0,3.17,1.612,253 360 206 312 178 179
tryptophan,2,tyrosine,0,17,10,3,9.268,9.397,0.793,33.8,132.7,0.0,0.0,1.128,0.899,302 51 106 270 236 137 146 180
tryptophan,2,tyrosine,0,17,10,4,9.268,9.397,0.793,33.8,132.7,0.0,0.0,1.818,0.364,357 235 284 257 263 125 99 192 175 159
tryptophan,2,tyrosine,0,18,8,1,9.268,10.765,0.793,64.3,45.0,3.7886,0.0,2.896,2.517,88 0 202 226
tryptophan,2,tyrosine,0,18,8,2,9.268,10.765,0.793,64.3,45.0,0.5847,0.0,2.896,3.18,105 360 195 227 210 187
tryptophan,2,tyrosine,0,18,8,3,9.268,10.765,0.793,64.3,45.0,0.0,0.0,2.896,3.331,155 284 178 109 116 137 307 225
tryptophan,2,tyrosine,0,18,8,4,9.268,10.765,0.793,64.3,45.0,0.0,0.0,2.896,4.358,169 224 230 132 135 210 200 123 135 194
tryptophan,2,tyrosine,0,18,9,1,9.268,10.509,0.793,74.5,56.2,3.3717,0.0,2.896,1.639,91 343 161 165
tryptophan,2,tyrosine,0,18,9,2,9.268,10.509,0.793,74.5,56.2,0.1976,0.0,2.709,1.202,102 311 164 169 109 147
tryptophan,2,tyrosine,0,18,9,3,9.268,10.509,0.793,74.5,56.2,0.0,0.0,2.896,3.193,128 219 216 142 151 238 226 166
tryptophan,2,tyrosine,0,18,9,4,9.268,10.509,0.793,74.5,56.2,0.0,0.0,2.896,4.839,165 233 196 143 133 216 208 122 139 200
tryptophan,2,tyrosine,0,18,10,1,9.268,8.545,0.793,70.8,138.4,1.5294,0.0,2.896,2.266,81 4 208 215
tryptophan,2,tyrosine,0,18,10,2,9.268,8.545,0.793,70.8,138.4,0.0,0.0,2.879,1.099,96 227 272 133 145 223
tryptophan,2,tyrosine,0,18,10,3,9.268,8.545,0.793,70.8,138.4,0.0,0.0,1.732,0.797,48 319 333 24 37 325 278 123
tryptophan,2,tyrosine,0,18,10,4,9.268,8.545,0.793,70.8,138.4,0.0,0.0,2.896,2.542,110 319 305 32 63 274 240 66 96 214
tryptophan,2,phenylalanine,4,16,12,1,5.483,3.815,0.189,161.4,84.1,1.5631,0.0,2.776,1.227,301 65 312 360
tryptophan,2,phenylalanine,4,16,12,2,5.483,3.815,0.189,161.4,84.1,0.1529,0.0,1.253,0.503,37 17 4 56 105 2
tryptophan,2,phenylalanine,4,16,12,3,5.483,3.815,0.189,161.4,84.1,0.0,0.0,1.687,0.623,7 53 327 213 347 149 25 324
tryptophan,2,phenylalanine,4,16,12,4,5.483,3.815,0.189,161.4,84.1,0.0,0.0,0.892,0.451,61 46 75 64 35 39 117 355 247 105
tryptophan,2,phenylalanine,4,16,13,1,5.483,5.38,0.189,174.3,18.7,1.7486,0.0,0.672,3.938,114 234 109 6
tryptophan,2,phenylalanine,4,16,13,2,5.483,5.38,0.189,174.3,18.7,0.2432,0.0,0.884,2.693,92 265 70 127 37 29
tryptophan,2,phenylalanine,4,16,13,3,5.483,5.38,0.189,174.3,18.7,0.0,0.0,0.794,4.205,191 219 190 133 349 285 269 23
tryptophan,2,phenylalanine,4,16,13,4,5.483,5.38,0.189,174.3,18.7,0.0,0.0,2.085,4.205,195 128 147 131 178 312 170 31 183 343
tryptophan,2,phenylalanine,4,16,14,1,5.483,4.379,0.189,152.6,64.2,0.8573,0.0,2.256,4.205,205 48 324 360
tryptophan,2,phenylalanine,4,16,14,2,5.483,4.379,0.189,152.6,64.2,0.0009,0.0,2.776,2.825,256 19 10 235 313 5
tryptophan,2,phenylalanine,4,16,14,3,5.483,4.379,0.189,152.6,64.2,0.0,0.0,2.776,2.116,324 238 164 196 335 74 89 327
tryptophan,2,phenylalanine,4,16,14,4,5.483,4.379,0.189,152.6,64.2,0.0,0.0,2.776,2.585,315 204 176 230 19 91 358 350 244 357
tryptophan,2,phenylalanine,4,17,12,1,5.483,6.211,0.189,47.0,77.7,1.0153,0.0,0.507,3.683,246 24 137 9
tryptophan,2,phenylalanine,4,17,12,2,5.483,6.211,0.189,47.0,77.7,0.0,0.0,1.423,0.809,288 29 132 15 100 55
tryptophan,2,phenylalanine,4,17,12,3,5.483,6.211,0.189,47.0,77.7,0.0,0.0,0.583,0.632,336 35 106 286 229 97 96 174
tryptophan,2,phenylalanine,4,17,12,4,5.483,6.211,0.189,47.0,77.7,0.0,0.0,1.702,1.23,356 13 53 306 275 86 111 233 213 161
tryptophan,2,phenylalanine,4,17,13,1,5.483,7.402,0.189,65.3,26.6,0.9449,0.0,0.656,3.948,236 38 113 105
tryptophan,2,phenylalanine,4,17,13,2,5.483,7.402,0.189,65.3,26.6,0.1255,0.0,0.791,3.684,253 109 40 167 3 160
tryptophan,2,phenylalanine,4,17,13,3,5.483,7.402,0.189,65.3,26.6,0.0,0.0,2.201,1.142,278 113 83 212 239 101 120 230
tryptophan,2,phenylalanine,4,17,13,4,5.483,7.402,0.189,65.3,26.6,0.0,0.0,1.583,3.798,285 357 28 319 295 99 119 259 235 153
tryptophan,2,phenylalanine,4,17,14,1,5.483,6.352,0.189,61.5,72.6,0.1429,0.0,1.319,5.96,207 335 248 297
tryptophan,2,phenylalanine,4,17,14,2,5.483,6.352,0.189,61.5,72.6,0.0,0.0,1.867,5.96,211 142 8 322 277 86
tryptophan,2,phenylalanine,4,17,14,3,5.483,6.352,0.189,61.5,72.6,0.0,0.0,0.58,4.644,255 5 79 204 25 247 327 355
tryptophan,2,phenylalanine,4,17,14,4,5.483,6.352,0.189,61.5,72.6,0.0,0.0,1.812,5.96,96 180 72 44 109 149 72 342 73 238
tryptophan,2,phenylalanine,4,18,12,1,5.483,5.805,0.189,62.9,91.4,0.0,0.0,2.896,2.081,90 333 235 31
tryptophan,2,phenylalanine,4,18,12,2,5.483,5.805,0.189,62.9,91.4,0.0,0.0,2.672,1.2,77 282 344 10 103 332
tryptophan,2,phenylalanine,4,18,12,3,5.483,5.805,0.189,62.9,91.4,0.0,0.0,1.918,0.507,46 287 338 124 55 236 240 113
tryptophan,2,phenylalanine,4,18,12,4,5.483,5.805,0.189,62.9,91.4,0.0,0.0,1.318,0.862,22 315 297 138 105 221 241 79 101 223
tryptophan,2,phenylalanine,4,18,13,1,5.483,7.551,0.189,59.6,8.2,1.4697,0.0,1.574,4.797,137 30 109 73
tryptophan,2,phenylalanine,4,18,13,2,5.483,7.551,0.189,59.6,8.2,0.7151,0.0,2.545,4.933,167 36 89 133 20 121
tryptophan,2,phenylalanine,4,18,13,3,5.483,7.551,0.189,59.6,8.2,0.0203,0.0,2.438,4.933,181 357 166 165 340 189 359 251
tryptophan,2,phenylalanine,4,18,13,4,5.483,7.551,0.189,59.6,8.2,0.0,0.0,2.027,0.565,31 22 257 27 69 273 343 103 55 191
tryptophan,2,phenylalanine,4,18,14,1,5.483,5.978,0.189,75.2,85.0,0.0,0.0,2.896,3.37,126 287 265 86
tryptophan,2,phenylalanine,4,18,14,2,5.483,5.978,0.189,75.2,85.0,0.0,0.0,2.896,3.374,91 175 40 146 51 273
tryptophan,2,phenylalanine,4,18,14,3,5.483,5.978,0.189,75.2,85.0,0.0,0.0,2.087,0.611,54 284 317 133 86 237 237 134
tryptophan,2,phenylalanine,4,18,14,4,5.483,5.978,0.189,75.2,85.0,0.0,0.0,2.184,0.685,44 269 297 157 104 255 259 20 72 233
tryptophan,2,lysine,1,16,13,1,11.84,9.644,-0.34,143.0,120.9,2.4732,0.0,2.604,2.723,57 161 164 168
tryptophan,2,lysine,1,16,13,2,11.84,9.644,-0.34,143.0,120.9,0.0,0.0,2.697,4.205,138 184 186 132 130 191
tryptophan,2,lysine,1,16,13,3,11.84,9.644,-0.34,143.0,120.9,0.0,0.0,2.605,4.205,184 167 192 130 131 241 217 161
tryptophan,2,lysine,1,16,13,4,11.84,9.644,-0.34,143.0,120.9,0.0,0.0,3.201,4.205,189 164 199 160 135 218 219 85 102 207
tryptophan,2,lysine,1,16,14,1,11.84,11.937,-0.34,147.5,20.0,4.7398,0.0,2.741,2.822,70 176 172 173
tryptophan,2,lysine,1,16,14,2,11.84,11.937,-0.34,147.5,20.0,1.2006,0.0,2.339,3.352,70 169 156 159 153 162
tryptophan,2,lysine,1,16,14,3,11.84,11.937,-0.34,147.5,20.0,0.218,0.0,2.879,4.171,79 136 174 176 134 151 357 182
tryptophan,2,lysine,1,16,14,4,11.84,11.937,-0.34,147.5,20.0,0.0,0.0,3.201,4.205,167 168 184 162 150 207 208 110 115 194
tryptophan,2,lysine,1,16,15,1,11.84,10.636,-0.34,143.9,81.3,3.4136,0.0,2.859,2.062,78 198 191 188
tryptophan,2,lysine,1,16,15,2,11.84,10.636,-0.34,143.9,81.3,0.0,0.0,2.512,1.03,73 203 182 150 253 193
tryptophan,2,lysine,1,16,15,3,11.84,10.636,-0.34,143.9,81.3,0.0,0.0,2.891,0.47,120 201 245 61 60 249 190 118
tryptophan,2,lysine,1,16,15,4,11.84,10.636,-0.34,143.9,81.3,0.0,0.0,1.986,2.243,245 147 150 108 131 254 244 159 162 188
tryptophan,2,lysine,1,17,13,1,11.84,10.828,-0.34,88.9,132.6,3.6761,0.0,2.655,3.813,288 307 168 173
tryptophan,2,lysine,1,17,13,2,11.84,10.828,-0.34,88.9,132.6,0.0,0.0,2.631,2.863,240 81 129 191 168 178
tryptophan,2,lysine,1,17,13,3,11.84,10.828,-0.34,88.9,132.6,0.0,0.0,2.543,4.26,181 139 139 246 241 149 161 195
tryptophan,2,lysine,1,17,13,4,11.84,10.828,-0.34,88.9,132.6,0.0,0.0,3.17,5.514,176 156 143 215 219 150 155 244 235 167
tryptophan,2,lysine,1,17,14,1,11.84,13.254,-0.34,86.7,27.4,6.0414,0.0,2.7,3.709,285 310 176 177
tryptophan,2,lysine,1,17,14,2,11.84,13.254,-0.34,86.7,27.4,2.2696,0.0,2.293,2.736,237 44 179 179 179 179
tryptophan,2,lysine,1,17,14,3,11.84,13.254,-0.34,86.7,27.4,0.362,0.0,2.698,5.05,286 281 165 172 167 168 305 202
tryptophan,2,lysine,1,17,14,4,11.84,13.254,-0.34,86.7,27.4,0.0,0.0,3.17,5.96,197 142 145 202 201 164 163 242 246 177
tryptophan,2,lysine,1,17,15,1,11.84,12.058,-0.34,80.7,81.1,4.7963,0.0,2.926,3.292,246 36 182 181
tryptophan,2,lysine,1,17,15,2,11.84,12.058,-0.34,80.7,81.1,1.0733,0.0,1.993,1.771,277 340 176 178 177 177
tryptophan,2,lysine,1,17,15,3,11.84,12.058,-0.34,80.7,81.1,0.0,0.0,2.857,1.119,230 151 115 247 231 186 257 250
tryptophan,2,lysine,1,17,15,4,11.84,12.058,-0.34,80.7,81.1,0.0,0.0,3.17,1.437,236 164 152 217 213 90 104 221 202 162
tryptophan,2,lysine,1,18,13,1,11.84,12.069,-0.34,38.0,123.0,6.4767,0.0,2.896,4.837,139 360 200 308
tryptophan,2,lysine,1,18,13,2,11.84,12.069,-0.34,38.0,123.0,2.9123,0.0,2.896,3.641,138 360 146 70 180 180
tryptophan,2,lysine,1,18,13,3,11.84,12.069,-0.34,38.0,123.0,0.0,0.0,2.112,3.806,125 325 198 101 159 202 202 189
tryptophan,2,lysine,1,18,13,4,11.84,12.069,-0.34,38.0,123.0,0.0,0.0,2.212,1.342,64 319 277 75 112 240 224 197 196 174
tryptophan,2,lysine,1,18,14,1,11.84,14.376,-0.34,40.7,21.7,8.5187,0.0,2.896,4.713,134 0 203 289
tryptophan,2,lysine,1,18,14,2,11.84,14.376,-0.34,40.7,21.7,5.002,0.0,2.275,3.622,134 0 144 80 183 182
tryptophan,2,lysine,1,18,14,3,11.84,14.376,-0.34,40.7,21.7,1.2719,0.0,1.71,3.937,134 1 148 78 189 185 188 187
tryptophan,2,lysine,1,18,14,4,11.84,14.376,-0.34,40.7,21.7,0.0804,0.0,2.896,4.933,153 1 142 106 186 183 203 199 5 177
tryptophan,2,lysine,1,18,15,1,11.84,13.11,-0.34,36.0,81.3,7.5881,0.0,2.896,4.152,121 0 162 49
tryptophan,2,lysine,1,18,15,2,11.84,13.11,-0.34,36.0,81.3,4.0271,0.0,2.435,2.999,122 0 214 291 180 180
tryptophan,2,lysine,1,18,15,3,11.84,13.11,-0.34,36.0,81.3,0.3123,0.0,1.469,1.745,121 360 208 297 180 180 180 180
tryptophan,2,lysine,1,18,15,4,11.84,13.11,-0.34,36.0,81.3,0.0,0.0,2.22,1.081,91 62 58 112 169 248 235 163 162 179
tryptophan,2,aspartic,21,16,3,1,6.888,7.692,0.478,96.4,41.3,0.6886,0.0,3.079,4.205,120 322 132 180
tryptophan,2,aspartic,21,16,3,2,6.888,7.692,0.478,96.4,41.3,0.0,0.0,3.201,4.205,149 206 258 113 57 219
tryptophan,2,aspartic,21,16,3,3,6.888,7.692,0.478,96.4,41.3,0.0,0.0,2.509,4.205,163 179 214 125 124 280 252 147
tryptophan,2,aspartic,21,16,3,4,6.888,7.692,0.478,96.4,41.3,0.0,0.0,2.335,4.205,187 182 199 136 127 237 229 120 140 202
tryptophan,2,aspartic,21,16,4,1,6.888,7.051,0.478,81.9,67.6,0.4472,0.0,1.241,2.8,43 8 260 248
tryptophan,2,aspartic,21,16,4,2,6.888,7.051,0.478,81.9,67.6,0.0,0.0,0.362,1.905,359 38 197 357 258 286
tryptophan,2,aspartic,21,16,4,3,6.888,7.051,0.478,81.9,67.6,0.0,0.0,3.201,4.205,163 293 208 47 100 265 239 115
tryptophan,2,aspartic,21,16,4,4,6.888,7.051,0.478,81.9,67.6,0.0,0.0,3.201,4.205,175 233 232 130 107 220 231 89 113 220
tryptophan,2,aspartic,21,16,5,1,6.888,5.22,0.478,94.0,153.1,0.0206,0.0,2.197,1.717,60 275 355 298
tryptophan,2,aspartic,21,16,5,2,6.888,5.22,0.478,94.0,153.1,0.0,0.0,2.056,0.83,21 316 356 2 116 356
tryptophan,2,aspartic,21,16,5,3,6.888,5.22,0.478,94.0,153.1,0.0,0.0,3.201,4.205,191 196 244 110 83 276 238 123
tryptophan,2,aspartic,21,16,5,4,6.888,5.22,0.478,94.0,153.1,0.0,0.0,3.038,4.205,169 275 262 84 63 277 262 41 105 239
tryptophan,2,aspartic,21,17,3,1,6.888,7.109,0.478,121.1,45.9,0.4599,0.0,3.17,5.856,256 187 70 151
tryptophan,2,aspartic,21,17,3,2,6.888,7.109,0.478,121.1,45.9,0.0,0.0,3.17,5.96,206 185 116 269 249 114
tryptophan,2,aspartic,21,17,3,3,6.888,7.109,0.478,121.1,45.9,0.0,0.0,3.17,5.96,166 197 131 260 232 82 175 222
tryptophan,2,aspartic,21,17,3,4,6.888,7.109,0.478,121.1,45.9,0.0,0.0,3.17,5.96,162 198 176 230 243 115 124 239 215 156
tryptophan,2,aspartic,21,17,4,1,6.888,6.184,0.478,116.5,81.4,0.0,0.0,1.451,5.156,354 312 123 280
tryptophan,2,aspartic,21,17,4,2,6.888,6.184,0.478,116.5,81.4,0.0,0.0,2.174,5.262,5 48 29 78 30 111
tryptophan,2,aspartic,21,17,4,3,6.888,6.184,0.478,116.5,81.4,0.0,0.0,3.17,5.96,185 223 113 5 153 48 91 205
tryptophan,2,aspartic,21,17,4,4,6.888,6.184,0.478,116.5,81.4,0.0,0.0,0.787,3.849,334 51 125 28 345 97 110 292 237 117
tryptophan,2,aspartic,21,17,5,1,6.888,4.78,0.478,112.2,149.1,0.0103,0.0,2.301,5.314,318 84 8 332
tryptophan,2,aspartic,21,17,5,2,6.888,4.78,0.478,112.2,149.1,0.0836,0.0,3.17,5.96,222 223 53 104 41 25
tryptophan,2,aspartic,21,17,5,3,6.888,4.78,0.478,112.2,149.1,0.0,0.0,3.17,5.654,164 179 120 258 278 71 128 249
tryptophan,2,aspartic,21,17,5,4,6.888,4.78,0.478,112.2,149.1,0.0,0.0,2.563,2.623,194 88 106 287 306 63 100 330 245 122
tryptophan,2,aspartic,21,18,3,1,6.888,9.397,0.478,22.6,43.3,5.1599,0.0,2.896,4.933,209 0 180 0
tryptophan,2,aspartic,21,18,3,2,6.888,9.397,0.478,22.6,43.3,1.5419,0.0,2.896,4.933,213 358 192 346 160 160
tryptophan,2,aspartic,21,18,3,3,6.888,9.397,0.478,22.6,43.3,0.0,0.0,2.896,4.933,204 73 133 264 210 126 143 183
tryptophan,2,aspartic,21,18,3,4,6.888,9.397,0.478,22.6,43.3,0.0,0.0,2.787,4.933,283 42 77 280 255 133 150 225 217 173
tryptophan,2,aspartic,21,18,4,1,6.888,8.451,0.478,16.9,81.0,5.0175,0.0,2.896,4.933,251 360 180 360
tryptophan,2,aspartic,21,18,4,2,6.888,8.451,0.478,16.9,81.0,1.238,0.0,2.896,4.933,247 0 179 1 204 238
tryptophan,2,aspartic,21,18,4,3,6.888,8.451,0.478,16.9,81.0,0.0,0.0,2.786,4.933,281 64 115 273 225 121 143 190
tryptophan,2,aspartic,21,18,4,4,6.888,8.451,0.478,16.9,81.0,0.0,0.0,2.337,4.933,297 36 70 292 263 120 142 234 218 166
tryptophan,2,aspartic,21,18,5,1,6.888,6.963,0.478,19.3,152.4,3.8645,0.0,2.896,4.933,202 0 180 0
tryptophan,2,aspartic,21,18,5,2,6.888,6.963,0.478,19.3,152.4,0.4033,0.0,2.896,4.933,217 4 172 5 146 81
tryptophan,2,aspartic,21,18,5,3,6.888,6.963,0.478,19.3,152.4,0.0,0.0,2.896,4.933,271 62 98 275 239 106 133 198
tryptophan,2,aspartic,21,18,5,4,6.888,6.963,0.478,19.3,152.4,0.0,0.0,2.896,4.933,270 43 40 297 276 92 145 248 185 138
tryptophan,2,glutamic,8,16,5,1,10.268,8.372,0.534,120.4,120.6,1.1766,0.0,2.588,0.395,55 239 200 192
tryptophan,2,glutamic,8,16,5,2,10.268,8.372,0.534,120.4,120.6,0.0,0.0,1.851,0.338,10 341 47 282 100 354
tryptophan,2,glutamic,8,16,5,3,10.268,8.372,0.534,120.4,120.6,0.0,0.0,3.201,1.644,311 259 46 65 355 75 253 335
tryptophan,2,glutamic,8,16,5,4,10.268,8.372,0.534,120.4,120.6,0.0,0.0,3.1,1.079,276 31 339 213 258 326 268 333 32 241
tryptophan,2,glutamic,8,16,6,1,10.268,9.523,0.534,130.6,74.9,2.2343,0.0,2.552,0.366,42 229 180 180
tryptophan,2,glutamic,8,16,6,2,10.268,9.523,0.534,130.6,74.9,0.0,0.0,2.291,0.677,36 292 95 87 319 211
tryptophan,2,glutamic,8,16,6,3,10.268,9.523,0.534,130.6,74.9,0.0,0.0,3.201,0.622,322 107 273 159 294 179 314 42
tryptophan,2,glutamic,8,16,6,4,10.268,9.523,0.534,130.6,74.9,0.0,0.0,0.865,1.601,66 256 231 59 75 245 227 85 103 197
tryptophan,2,glutamic,8,16,7,1,10.268,8.715,0.534,136.0,105.6,1.4265,0.0,2.887,0.893,350 141 180 180
tryptophan,2,glutamic,8,16,7,2,10.268,8.715,0.534,136.0,105.6,0.0,0.0,2.636,0.571,26 261 19 84 247 0
tryptophan,2,glutamic,8,16,7,3,10.268,8.715,0.534,136.0,105.6,0.0,0.0,3.201,0.456,130 196 220 128 73 232 206 109
tryptophan,2,glutamic,8,16,7,4,10.268,8.715,0.534,136.0,105.6,0.0,0.0,1.348,1.258,48 334 307 357 5 256 222 89 115 207
tryptophan,2,glutamic,8,17,5,1,10.268,9.937,0.534,58.9,129.0,3.2732,0.0,1.684,1.442,293 360 207 250
tryptophan,2,glutamic,8,17,5,2,10.268,9.937,0.534,58.9,129.0,0.014,0.0,1.143,0.897,316 351 122 108 153 156
tryptophan,2,glutamic,8,17,5,3,10.268,9.937,0.534,58.9,129.0,0.0,0.0,1.836,0.954,349 32 70 299 261 131 166 198
tryptophan,2,glutamic,8,17,5,4,10.268,9.937,0.534,58.9,129.0,0.0,0.0,1.5,1.7,343 8 43 315 291 109 134 229 207 161
tryptophan,2,glutamic,8,17,6,1,10.268,11.452,0.534,52.2,67.7,5.0691,0.0,2.07,1.512,282 1 155 92
tryptophan,2,glutamic,8,17,6,2,10.268,11.452,0.534,52.2,67.7,1.4791,0.0,2.004,1.269,284 360 140 99 177 178
tryptophan,2,glutamic,8,17,6,3,10.268,11.452,0.534,52.2,67.7,0.0,0.0,3.17,1.322,230 21 170 0 217 158 118 144
tryptophan,2,glutamic,8,17,6,4,10.268,11.452,0.534,52.2,67.7,0.0,0.0,1.412,2.083,286 40 77 298 274 139 151 255 247 165
tryptophan,2,glutamic,8,17,7,1,10.268,10.469,0.534,63.2,105.0,3.5885,0.0,2.194,1.65,280 359 155 130
tryptophan,2,glutamic,8,17,7,2,10.268,10.469,0.534,63.2,105.0,0.1883,0.0,2.665,0.172,263 10 231 234 209 202
tryptophan,2,glutamic,8,17,7,3,10.268,10.469,0.534,63.2,105.0,0.0,0.0,1.131,0.736,304 21 65 14 303 20 72 209
tryptophan,2,glutamic,8,17,7,4,10.268,10.469,0.534,63.2,105.0,0.0,0.0,2.503,1.449,253 48 76 317 281 111 150 254 248 170
tryptophan,2,glutamic,8,18,5,1,10.268,10.431,0.534,36.2,126.9,5.0789,0.0,2.896,0.92,69 1 164 36
tryptophan,2,glutamic,8,18,5,2,10.268,10.431,0.534,36.2,126.9,1.4594,0.0,2.896,0.954,71 360 211 300 180 180
tryptophan,2,glutamic,8,18,5,3,10.268,10.431,0.534,36.2,126.9,0.0,0.0,2.291,0.668,65 291 277 64 100 222 183 151
tryptophan,2,glutamic,8,18,5,4,10.268,10.431,0.534,36.2,126.9,0.0,0.0,1.134,0.748,19 333 301 55 82 246 222 145 166 197
tryptophan,2,glutamic,8,18,6,1,10.268,11.582,0.534,46.3,80.0,5.5096,0.0,2.896,1.294,79 359 156 81
tryptophan,2,glutamic,8,18,6,2,10.268,11.582,0.534,46.3,80.0,1.988,0.0,2.896,1.801,80 359 217 278 166 172
tryptophan,2,glutamic,8,18,6,3,10.268,11.582,0.534,46.3,80.0,0.0,0.0,1.407,0.765,32 342 223 92 119 199 201 215
tryptophan,2,glutamic,8,18,6,4,10.268,11.582,0.534,46.3,80.0,0.0,0.0,2.208,1.275,62 326 290 57 82 224 207 126 139 194
tryptophan,2,glutamic,8,18,7,1,10.268,11.03,0.534,38.2,100.8,5.4692,0.0,2.896,2.122,92 360 198 313
tryptophan,2,glutamic,8,18,7,2,10.268,11.03,0.534,38.2,100.8,1.8934,0.0,2.896,0.848,91 0 147 67 181 181
tryptophan,2,glutamic,8,18,7,3,10.268,11.03,0.534,38.2,100.8,0.0,0.0,2.488,0.423,73 298 268 65 99 204 183 173
tryptophan,2,glutamic,8,18,7,4,10.268,11.03,0.534,38.2,100.8,0.0,0.0,2.062,1.022,56 330 292 60 87 229 210 136 147 191
tryptophan,2,leucine,5,16,1,1,10.091,10.389,-0.581,126.2,32.8,3.1125,0.0,2.643,2.16,323 236 180 180
tryptophan,2,leucine,5,16,1,2,10.091,10.389,-0.581,126.2,32.8,0.5667,0.0,0.709,4.081,231 126 210 193 271 218
tryptophan,2,leucine,5,16,1,3,10.091,10.389,-0.581,126.2,32.8,0.0,0.0,1.231,4.205,214 173 177 201 235 137 88 178
tryptophan,2,leucine,5,16,1,4,10.091,10.389,-0.581,126.2,32.8,0.0,0.0,2.1,4.205,180 186 171 217 223 139 147 234 221 165
tryptophan,2,leucine,5,16,2,1,10.091,9.367,-0.581,129.9,76.8,2.0793,0.0,2.63,2.772,264 130 180 180
tryptophan,2,leucine,5,16,2,2,10.091,9.367,-0.581,129.9,76.8,0.0,0.0,2.057,3.631,255 168 133 51 338 159
tryptophan,2,leucine,5,16,2,3,10.091,9.367,-0.581,129.9,76.8,0.0,0.0,1.952,4.205,227 191 179 234 223 71 91 198
tryptophan,2,leucine,5,16,2,4,10.091,9.367,-0.581,129.9,76.8,0.0,0.0,1.741,4.205,182 189 178 222 230 133 140 234 219 161
tryptophan,2,leucine,5,16,13,1,10.091,9.365,-0.581,115.8,76.9,2.0911,0.0,2.25,2.272,256 108 174 176
tryptophan,2,leucine,5,16,13,2,10.091,9.365,-0.581,115.8,76.9,0.0,0.0,2.683,0.811,289 262 4 226 83 76
tryptophan,2,leucine,5,16,13,3,10.091,9.365,-0.581,115.8,76.9,0.0,0.0,2.215,2.158,216 137 110 283 291 113 157 242
tryptophan,2,leucine,5,16,13,4,10.091,9.365,-0.581,115.8,76.9,0.0,0.0,2.534,2.036,268 80 50 351 328 98 130 267 234 151
tryptophan,2,leucine,5,17,1,1,10.091,12.724,-0.581,25.3,33.9,7.9128,0.0,3.17,5.403,212 0 179 2
tryptophan,2,leucine,5,17,1,2,10.091,12.724,-0.581,25.3,33.9,4.411,0.0,2.804,4.857,214 359 203 321 170 174
tryptophan,2,leucine,5,17,1,3,10.091,12.724,-0.581,25.3,33.9,0.7926,0.0,0.972,4.511,213 358 203 320 154 164 154 159
tryptophan,2,leucine,5,17,1,4,10.091,12.724,-0.581,25.3,33.9,0.0,0.0,1.518,5.39,220 39 135 240 265 189 140 196 264 197
tryptophan,2,leucine,5,17,2,1,10.091,11.778,-0.581,25.3,75.3,7.0338,0.0,3.17,3.971,238 360 182 357
tryptophan,2,leucine,5,17,2,2,10.091,11.778,-0.581,25.3,75.3,3.484,0.0,3.17,3.317,235 1 159 35 189 186
tryptophan,2,leucine,5,17,2,3,10.091,11.778,-0.581,25.3,75.3,0.0,0.0,2.299,2.789,244 4 146 37 226 225 167 163
tryptophan,2,leucine,5,17,2,4,10.091,11.778,-0.581,25.3,75.3,0.0,0.0,2.5,0.213,268 305 293 251 174 99 112 132 136 186
tryptophan,2,leucine,5,17,13,1,10.091,11.594,-0.581,15.1,82.2,7.8006,0.0,3.17,5.125,218 0 180 0
tryptophan,2,leucine,5,17,13,2,10.091,11.594,-0.581,15.1,82.2,4.0111,0.0,2.964,4.249,218 360 180 360 178 176
tryptophan,2,leucine,5,17,13,3,10.091,11.594,-0.581,15.1,82.2,0.5304,0.0,1.604,2.389,208 1 178 2 151 130 198 188
tryptophan,2,leucine,5,17,13,4,10.091,11.594,-0.581,15.1,82.2,0.0,0.0,0.452,0.859,303 59 134 283 201 116 148 188 184 178
tryptophan,2,leucine,5,18,1,1,10.091,11.05,-0.581,97.8,37.3,3.8098,0.0,2.368,1.57,53 73 186 184
tryptophan,2,leucine,5,18,1,2,10.091,11.05,-0.581,97.8,37.3,0.6532,0.0,0.497,2.026,56 104 161 167 249 215
tryptophan,2,leucine,5,18,1,3,10.091,11.05,-0.581,97.8,37.3,0.0,0.0,1.545,4.552,140 201 203 152 154 240 237 171
tryptophan,2,leucine,5,18,1,4,10.091,11.05,-0.581,97.8,37.3,0.0,0.0,2.449,4.933,171 189 201 143 141 224 216 135 149 194
tryptophan,2,leucine,5,18,2,1,10.091,10.421,-0.581,85.6,65.2,3.1454,0.0,2.829,2.499,110 310 183 182
tryptophan,2,leucine,5,18,2,2,10.091,10.421,-0.581,85.6,65.2,0.1259,0.0,2.879,1.122,60 15 217 233 81 151
tryptophan,2,leucine,5,18,2,3,10.091,10.421,-0.581,85.6,65.2,0.0,0.0,2.205,3.29,148 271 238 48 80 237 225 166
tryptophan,2,leucine,5,18,2,4,10.091,10.421,-0.581,85.6,65.2,0.0,0.0,1.617,4.933,170 223 223 135 134 210 207 92 96 187
tryptophan,2,leucine,5,18,13,1,10.091,9.835,-0.581,96.6,87.1,2.5575,0.0,2.435,1.523,110 288 177 178
tryptophan,2,leucine,5,18,13,2,10.091,9.835,-0.581,96.6,87.1,0.0,0.0,1.289,2.483,116 218 222 140 156 203
tryptophan,2,leucine,5,18,13,3,10.091,9.835,-0.581,96.6,87.1,0.0,0.0,2.143,2.994,127 190 203 141 148 272 260 163
tryptophan,2,leucine,5,18,13,4,10.091,9.835,-0.581,96.6,87.1,0.0,0.0,1.706,3.081,166 186 195 136 134 236 230 137 152 198
tryptophan,2,serine,4,16,3,1,6.139,5.714,0.743,123.8,54.0,0.2665,0.0,3.201,2.815,258 323 13 273
tryptophan,2,serine,4,16,3,2,6.139,5.714,0.743,123.8,54.0,0.0,0.0,3.201,3.147,231 238 18 275 326 28
tryptophan,2,serine,4,16,3,3,6.139,5.714,0.743,123.8,54.0,0.0,0.0,3.201,4.205,164 188 124 233 279 99 134 255
tryptophan,2,serine,4,16,3,4,6.139,5.714,0.743,123.8,54.0,0.0,0.0,3.201,4.205,157 188 172 217 236 120 120 276 251 146
tryptophan,2,serine,4,16,4,1,6.139,5.286,0.743,149.5,69.9,0.4581,0.0,3.201,4.205,246 247 62 20
tryptophan,2,serine,4,16,4,2,6.139,5.286,0.743,149.5,69.9,0.0,0.0,3.201,4.205,176 218 88 309 263 359
tryptophan,2,serine,4,16,4,3,6.139,5.286,0.743,149.5,69.9,0.0,0.0,3.201,3.997,258 318 95 157 286 54 151 332
tryptophan,2,serine,4,16,4,4,6.139,5.286,0.743,149.5,69.9,0.0,0.0,3.201,2.449,306 250 221 46 35 84 83 299 228 93
tryptophan,2,serine,4,16,5,1,6.139,3.524,0.743,128.7,157.3,1.1452,0.0,3.201,2.983,266 313 359 360
tryptophan,2,serine,4,16,5,2,6.139,3.524,0.743,128.7,157.3,0.3835,0.0,1.651,0.585,31 54 358 335 214 359
tryptophan,2,serine,4,16,5,3,6.139,3.524,0.743,128.7,157.3,0.0,0.0,3.201,1.409,214 232 1 304 293 301 253 8
tryptophan,2,serine,4,16,5,4,6.139,3.524,0.743,128.7,157.3,0.0,0.0,2.597,0.679,307 14 100 78 37 97 89 310 183 54
tryptophan,2,serine,4,17,3,1,6.139,8.011,0.743,27.2,61.5,3.6627,0.0,3.17,5.605,208 0 179 1
tryptophan,2,serine,4,17,3,2,6.139,8.011,0.743,27.2,61.5,0.1571,0.0,3.17,3.98,188 359 182 357 221 223
tryptophan,2,serine,4,17,3,3,6.139,8.011,0.743,27.2,61.5,0.0,0.0,3.17,3.766,213 54 76 298 270 105 133 209
tryptophan,2,serine,4,17,3,4,6.139,8.011,0.743,27.2,61.5,0.0,0.0,2.829,1.487,27 75 126 302 223 79 126 206 209 188
tryptophan,2,serine,4,17,4,1,6.139,7.707,0.743,42.0,73.0,2.1358,0.0,3.17,4.598,227 360 175 11
tryptophan,2,serine,4,17,4,2,6.139,7.707,0.743,42.0,73.0,0.0,0.0,2.596,3.296,250 54 122 287 220 148
tryptophan,2,serine,4,17,4,3,6.139,7.707,0.743,42.0,73.0,0.0,0.0,1.571,1.121,288 74 107 260 208 101 153 213
tryptophan,2,serine,4,17,4,4,6.139,7.707,0.743,42.0,73.0,0.0,0.0,1.159,2.645,321 14 55 303 268 104 127 225 212 170
tryptophan,2,serine,4,17,5,1,6.139,5.938,0.743,27.6,161.5,2.6629,0.0,3.17,4.228,234 360 181 360
tryptophan,2,serine,4,17,5,2,6.139,5.938,0.743,27.6,161.5,0.0,0.0,3.17,3.893,203 75 85 27 193 313
tryptophan,2,serine,4,17,5,3,6.139,5.938,0.743,27.6,161.5,0.0,0.0,0.82,0.967,331 68 79 292 223 79 159 214
tryptophan,2,serine,4,17,5,4,6.139,5.938,0.743,27.6,161.5,0.0,0.0,1.891,0.478,352 23 58 307 276 85 114 240 214 159
tryptophan,2,serine,4,18,3,1,6.139,6.412,0.743,93.7,75.9,0.0,0.0,2.896,2.335,110 217 287 133
tryptophan,2,serine,4,18,3,2,6.139,6.412,0.743,93.7,75.9,0.0,0.0,2.896,4.206,163 187 270 85 106 261
tryptophan,2,serine,4,18,3,3,6.139,6.412,0.743,93.7,75.9,0.0,0.0,2.896,4.677,193 191 229 116 104 263 238 143
tryptophan,2,serine,4,18,3,4,6.139,6.412,0.743,93.7,75.9,0.0,0.0,2.896,4.896,201 197 210 139 122 230 230 98 116 207
tryptophan,2,serine,4,18,4,1,6.139,6.817,0.743,77.3,60.9,0.2292,0.0,2.896,4.461,124 24 85 116
tryptophan,2,serine,4,18,4,2,6.139,6.817,0.743,77.3,60.9,0.0001,0.0,2.896,4.933,157 190 294 99 83 228
tryptophan,2,serine,4,18,4,3,6.139,6.817,0.743,77.3,60.9,0.0,0.0,2.896,4.933,186 195 226 124 114 269 248 140
tryptophan,2,serine,4,18,4,4,6.139,6.817,0.743,77.3,60.9,0.0,0.0,2.896,2.981,160 292 284 62 62 264 256 64 105 233
tryptophan,2,serine,4,18,5,1,6.139,4.821,0.743,73.9,152.5,0.1031,0.0,2.896,3.205,89 122 39 8
tryptophan,2,serine,4,18,5,2,6.139,4.821,0.743,73.9,152.5,0.0,0.0,2.226,0.616,34 265 326 80 119 300
tryptophan,2,serine,4,18,5,3,6.139,4.821,0.743,73.9,152.5,0.0,0.0,2.896,3.575,172 145 339 93 119 285 173 18
tryptophan,2,serine,4,18,5,4,6.139,4.821,0.743,73.9,152.5,0.0,0.0,1.72,1.01,357 315 336 140 67 267 260 0 98 301
tryptophan,2,tryptophan,5,16,16,1,12.579,11.402,-0.529,118.9,105.8,4.155,0.0,2.621,0.386,68 250 176 177
tryptophan,2,tryptophan,5,16,16,2,12.579,11.402,-0.529,118.9,105.8,0.415,0.0,2.576,0.693,356 112 183 181 182 182
tryptophan,2,tryptophan,5,16,16,3,12.579,11.402,-0.529,118.9,105.8,0.0,0.0,3.006,1.571,87 184 188 144 169 249 224 165
tryptophan,2,tryptophan,5,16,16,4,12.579,11.402,-0.529,118.9,105.8,0.0,0.0,0.498,0.476,8 297 289 8 15 266 215 33 71 199
tryptophan,2,tryptophan,5,16,17,1,12.579,12.122,-0.529,107.5,78.4,4.8606,0.0,2.269,0.925,66 268 182 181
tryptophan,2,tryptophan,5,16,17,2,12.579,12.122,-0.529,107.5,78.4,1.1385,0.0,0.807,1.168,355 91 175 177 176 177
tryptophan,2,tryptophan,5,16,17,3,12.579,12.122,-0.529,107.5,78.4,0.0,0.0,0.937,2.762,92 296 165 24 81 190 239 213
tryptophan,2,tryptophan,5,16,17,4,12.579,12.122,-0.529,107.5,78.4,0.0,0.0,2.535,0.411,331 75 297 185 248 320 190 228 62 32
tryptophan,2,tryptophan,5,16,18,1,12.579,13.339,-0.529,114.2,19.7,6.0995,0.0,2.547,0.804,357 103 181 181
tryptophan,2,tryptophan,5,16,18,2,12.579,13.339,-0.529,114.2,19.7,2.3674,0.0,1.847,0.747,70 256 183 181 182 182
tryptophan,2,tryptophan,5,16,18,3,12.579,13.339,-0.529,114.2,19.7,0.5121,0.0,1.848,0.568,18 123 165 172 172 172 51 160
tryptophan,2,tryptophan,5,16,18,4,12.579,13.339,-0.529,114.2,19.7,0.0,0.0,1.755,2.386,104 208 186 166 165 196 208 114 98 178
tryptophan,2,tryptophan,5,17,16,1,12.579,12.619,-0.529,71.3,95.7,5.3938,0.0,1.579,1.898,296 358 176 175
tryptophan,2,tryptophan,5,17,16,2,12.579,12.619,-0.529,71.3,95.7,1.8331,0.0,1.514,1.759,292 3 211 212 188 185
tryptophan,2,tryptophan,5,17,16,3,12.579,12.619,-0.529,71.3,95.7,0.0,0.0,2.802,0.352,261 6 184 197 119 231 199 199
tryptophan,2,tryptophan,5,17,16,4,12.579,12.619,-0.529,71.3,95.7,0.0,0.0,3.169,1.307,252 293 325 350 356 156 171 298 273 155
tryptophan,2,tryptophan,5,17,17,1,12.579,13.031,-0.529,72.9,80.3,5.7892,0.0,1.234,2.595,303 4 184 183
tryptophan,2,tryptophan,5,17,17,2,12.579,13.031,-0.529,72.9,80.3,2.1875,0.0,0.859,1.517,308 358 152 153 175 177
tryptophan,2,tryptophan,5,17,17,3,12.579,13.031,-0.529,72.9,80.3,0.0,0.0,0.24,2.284,336 1 135 44 318 149 181 158
tryptophan,2,tryptophan,5,17,17,4,12.579,13.031,-0.529,72.9,80.3,0.0,0.0,1.511,0.754,289 63 96 311 284 142 163 265 250 160
tryptophan,2,tryptophan,5,17,18,1,12.579,14.267,-0.529,78.2,22.0,7.0476,0.0,1.424,2.472,314 334 177 178
tryptophan,2,tryptophan,5,17,18,2,12.579,14.267,-0.529,78.2,22.0,3.3263,0.0,1.362,1.608,292 12 182 181 181 181
tryptophan,2,tryptophan,5,17,18,3,12.579,14.267,-0.529,78.2,22.0,0.7119,0.0,1.036,1.513,316 309 171 176 174 175 267 208
tryptophan,2,tryptophan,5,17,18,4,12.579,14.267,-0.529,78.2,22.0,0.0,0.0,1.437,3.607,255 107 158 187 191 175 149 218 298 184
tryptophan,2,tryptophan,5,18,16,1,12.579,13.554,-0.529,27.3,103.0,8.5595,0.0,2.896,1.382,72 360 183 354
tryptophan,2,tryptophan,5,18,16,2,12.579,13.554,-0.529,27.3,103.0,5.0694,0.0,2.896,0.876,70 1 154 48 187 184
tryptophan,2,tryptophan,5,18,16,3,12.579,13.554,-0.529,27.3,103.0,1.3099,0.0,2.471,0.696,71 360 201 319 180 180 180 180
tryptophan,2,tryptophan,5,18,16,4,12.579,13.554,-0.529,27.3,103.0,0.0,0.0,2.896,0.538,97 308 251 20 159 209 173 134 126 164
tryptophan,2,tryptophan,5,18,17,1,12.579,14.028,-0.529,25.6,85.0,9.1292,0.0,2.228,0.801,49 0 177 5
tryptophan,2,tryptophan,5,18,17,2,12.579,14.028,-0.529,25.6,85.0,5.6167,0.0,2.284,0.533,51 360 205 315 175 177
tryptophan,2,tryptophan,5,18,17,3,12.579,14.028,-0.529,25.6,85.0,1.8694,0.0,1.605,0.598,50 0 161 37 182 181 181 181
tryptophan,2,tryptophan,5,18,17,4,12.579,14.028,-0.529,25.6,85.0,0.0,0.0,1.92,0.806,43 61 86 333 302 232 180 173 183 175
tryptophan,2,tryptophan,5,18,18,1,12.579,15.448,-0.529,21.4,15.4,10.7999,0.0,2.836,0.988,67 360 180 359
tryptophan,2,tryptophan,5,18,18,2,12.579,15.448,-0.529,21.4,15.4,7.2621,0.0,2.829,0.835,66 0 159 38 181 181
tryptophan,2,tryptophan,5,18,18,3,12.579,15.448,-0.529,21.4,15.4,3.5835,0.0,1.902,0.409,68 360 196 329 177 178 177 177
tryptophan,2,tryptophan,5,18,18,4,12.579,15.448,-0.529,21.4,15.4,0.8613,0.0,2.896,0.423,93 360 159 43 177 178 178 178 106 152
tryptophan,2,lysine,8,16,13,1,10.553,10.839,0.418,133.4,28.5,3.589,0.0,2.574,3.107,53 137 184 182
tryptophan,2,lysine,8,16,13,2,10.553,10.839,0.418,133.4,28.5,0.7657,0.0,3.201,4.205,119 189 204 209 86 154
tryptophan,2,lysine,8,16,13,3,10.553,10.839,0.418,133.4,28.5,0.0004,0.0,3.201,4.205,146 180 175 145 130 166 5 183
tryptophan,2,lysine,8,16,13,4,10.553,10.839,0.418,133.4,28.5,0.0,0.0,3.201,4.205,185 165 185 147 138 224 218 132 146 197
tryptophan,2,lysine,8,16,14,1,10.553,8.864,0.418,130.0,111.1,1.5781,0.0,2.616,3.529,59 131 179 179
tryptophan,2,lysine,8,16,14,2,10.553,8.864,0.418,130.0,111.1,0.0,0.0,3.143,4.136,94 118 238 87 272 355
tryptophan,2,lysine,8,16,14,3,10.553,8.864,0.418,130.0,111.1,0.0,0.0,3.201,4.205,169 157 194 133 131 284 257 148
tryptophan,2,lysine,8,16,14,4,10.553,8.864,0.418,130.0,111.1,0.0,0.0,3.201,4.205,190 160 191 156 140 230 223 107 127 202
tryptophan,2,lysine,8,16,15,1,10.553,8.751,0.418,132.2,116.0,1.4662,0.0,3.201,3.194,110 226 180 180
tryptophan,2,lysine,8,16,15,2,10.553,8.751,0.418,132.2,116.0,0.0,0.0,3.201,2.967,117 154 212 106 201 305
tryptophan,2,lysine,8,16,15,3,10.553,8.751,0.418,132.2,116.0,0.0,0.0,3.201,3.198,161 165 185 117 132 292 268 162
tryptophan,2,lysine,8,16,15,4,10.553,8.751,0.418,132.2,116.0,0.0,0.0,3.201,3.252,193 160 181 139 129 235 226 125 142 200
tryptophan,2,lysine,8,17,13,1,10.553,11.615,0.418,98.7,18.4,4.3724,0.0,2.529,4.224,297 284 181 180
tryptophan,2,lysine,8,17,13,2,10.553,11.615,0.418,98.7,18.4,1.1113,0.0,3.17,3.755,225 65 161 170 128 146
tryptophan,2,lysine,8,17,13,3,10.553,11.615,0.418,98.7,18.4,0.2006,0.0,3.17,4.688,219 36 172 175 124 146 357 183
tryptophan,2,lysine,8,17,13,4,10.553,11.615,0.418,98.7,18.4,0.0,0.0,3.17,5.96,194 142 174 196 203 161 122 244 293 163
tryptophan,2,lysine,8,17,14,1,10.553,9.465,0.418,102.8,113.6,2.1982,0.0,2.564,4.747,294 277 176 178
tryptophan,2,lysine,8,17,14,2,10.553,9.465,0.418,102.8,113.6,0.0,0.0,3.17,5.317,218 168 124 220 197 130
tryptophan,2,lysine,8,17,14,3,10.553,9.465,0.418,102.8,113.6,0.0,0.0,3.17,5.96,200 180 155 221 221 83 95 200
tryptophan,2,lysine,8,17,14,4,10.553,9.465,0.418,102.8,113.6,0.0,0.0,3.17,5.96,173 183 164 216 221 126 132 233 220 163
tryptophan,2,lysine,8,17,15,1,10.553,9.661,0.418,92.4,105.4,2.39,0.0,3.078,3.919,236 65 177 178
tryptophan,2,lysine,8,17,15,2,10.553,9.661,0.418,92.4,105.4,0.0,0.0,3.17,2.349,255 154 87 218 167 113
tryptophan,2,lysine,8,17,15,3,10.553,9.661,0.418,92.4,105.4,0.0,0.0,3.17,2.965,181 142 122 263 255 133 162 210
tryptophan,2,lysine,8,17,15,4,10.553,9.661,0.418,92.4,105.4,0.0,0.0,2.708,2.237,201 200 112 274 266 5 93 283 205 124
tryptophan,2,lysine,8,18,13,1,10.553,13.185,0.418,33.7,26.4,7.7936,0.0,2.896,4.933,151 360 165 40
tryptophan,2,lysine,8,18,13,2,10.553,13.185,0.418,33.7,26.4,4.3047,0.0,2.896,4.933,152 359 211 299 171 175
tryptophan,2,lysine,8,18,13,3,10.553,13.185,0.418,33.7,26.4,0.7814,0.0,2.896,4.421,150 358 213 291 160 168 143 153
tryptophan,2,lysine,8,18,13,4,10.553,13.185,0.418,33.7,26.4,0.0,0.0,2.896,4.933,173 321 159 138 151 200 221 168 97 148
tryptophan,2,lysine,8,18,14,1,10.553,11.098,0.418,36.9,115.4,5.6209,0.0,2.896,4.933,160 0 196 317
tryptophan,2,lysine,8,18,14,2,10.553,11.098,0.418,36.9,115.4,2.1414,0.0,2.896,4.933,157 1 150 59 194 188
tryptophan,2,lysine,8,18,14,3,10.553,11.098,0.418,36.9,115.4,0.0,0.0,2.896,4.848,198 283 245 61 118 206 185 172
tryptophan,2,lysine,8,18,14,4,10.553,11.098,0.418,36.9,115.4,0.0,0.0,2.896,4.716,213 99 81 21 83 347 287 141 174 177
tryptophan,2,lysine,8,18,15,1,10.553,11.15,0.418,29.3,113.1,6.1938,0.0,2.896,4.864,140 0 173 13
tryptophan,2,lysine,8,18,15,2,10.553,11.15,0.418,29.3,113.1,2.5961,0.0,2.896,4.194,142 360 205 315 177 178
tryptophan,2,lysine,8,18,15,3,10.553,11.15,0.418,29.3,113.1,0.0,0.0,2.896,2.722,103 4 220 339 198 254 123 116
tryptophan,2,lysine,8,18,15,4,10.553,11.15,0.418,29.3,113.1,0.0,0.0,2.463,1.217,71 319 285 67 110 257 233 202 214 183
tryptophan,2,leucine,13,16,1,1,11.297,10.455,-0.972,78.0,127.2,3.2141,0.0,3.201,0.522,270 26 184 182
tryptophan,2,leucine,13,16,1,2,11.297,10.455,-0.972,78.0,127.2,0.0001,0.0,2.466,1.124,255 37 231 215 223 214
tryptophan,2,leucine,13,16,1,3,11.297,10.455,-0.972,78.0,127.2,0.0,0.0,1.616,2.401,212 138 115 261 247 141 184 217
tryptophan,2,leucine,13,16,1,4,11.297,10.455,-0.972,78.0,127.2,0.0,0.0,1.666,2.266,212 166 156 226 224 112 125 216 197 163
tryptophan,2,leucine,13,16,2,1,11.297,12.443,-0.972,75.2,46.5,5.1817,0.0,3.201,0.774,286 348 180 180
tryptophan,2,leucine,13,16,2,2,11.297,12.443,-0.972,75.2,46.5,1.545,0.0,2.291,0.786,275 4 206 201 187 185
tryptophan,2,leucine,13,16,2,3,11.297,12.443,-0.972,75.2,46.5,0.0162,0.0,1.815,2.639,264 2 145 107 199 192 26 164
tryptophan,2,leucine,13,16,2,4,11.297,12.443,-0.972,75.2,46.5,0.0,0.0,1.448,4.205,206 121 128 239 230 162 173 255 251 176
tryptophan,2,leucine,13,16,13,1,11.297,12.332,-0.972,85.7,51.6,5.1165,0.0,3.201,0.929,257 48 188 185
tryptophan,2,leucine,13,16,13,2,11.297,12.332,-0.972,85.7,51.6,1.355,0.0,2.171,0.75,264 40 189 185 186 185
tryptophan,2,leucine,13,16,13,3,11.297,12.332,-0.972,85.7,51.6,0.0,0.0,2.26,1.874,256 132 145 199 187 128 131 182
tryptophan,2,leucine,13,16,13,4,11.297,12.332,-0.972,85.7,51.6,0.0,0.0,1.505,4.205,209 157 155 218 215 141 150 216 206 169
tryptophan,2,leucine,13,17,1,1,11.297,11.636,-0.972,23.1,129.3,7.126,0.0,3.17,4.854,96 0 178 3
tryptophan,2,leucine,13,17,1,2,11.297,11.636,-0.972,23.1,129.3,3.4827,0.0,3.17,2.918,98 360 196 332 177 178
tryptophan,2,leucine,13,17,1,3,11.297,11.636,-0.972,23.1,129.3,0.0,0.0,2.548,1.898,101 337 200 35 164 201 184 184
tryptophan,2,leucine,13,17,1,4,11.297,11.636,-0.972,23.1,129.3,0.0,0.0,2.397,2.773,55 317 280 67 94 228 211 158 165 186
tryptophan,2,leucine,13,17,2,1,11.297,13.438,-0.972,30.4,56.6,8.2369,0.0,3.17,5.099,102 0 171 22
tryptophan,2,leucine,13,17,2,2,11.297,13.438,-0.972,30.4,56.6,4.7586,0.0,3.17,3.846,104 359 209 305 171 174
tryptophan,2,leucine,13,17,2,3,11.297,13.438,-0.972,30.4,56.6,0.9953,0.0,1.922,2.874,103 360 204 311 171 175 174 175
tryptophan,2,leucine,13,17,2,4,11.297,13.438,-0.972,30.4,56.6,0.0,0.0,1.879,4.344,62 316 266 73 95 205 194 168 162 177
tryptophan,2,leucine,13,17,13,1,11.297,13.732,-0.972,20.8,43.2,9.2407,0.0,3.17,5.322,112 360 181 359
tryptophan,2,leucine,13,17,13,2,11.297,13.732,-0.972,20.8,43.2,5.6329,0.0,3.17,3.149,112 360 163 30 180 180
tryptophan,2,leucine,13,17,13,3,11.297,13.732,-0.972,20.8,43.2,1.9463,0.0,1.832,1.974,115 359 189 344 165 171 172 173
tryptophan,2,leucine,13,17,13,4,11.297,13.732,-0.972,20.8,43.2,0.2345,0.0,0.802,2.938,157 359 182 357 205 209 172 175 74 148
tryptophan,2,leucine,13,18,1,1,11.297,9.313,-0.972,123.9,124.7,2.0849,0.0,2.896,1.012,81 237 189 186
tryptophan,2,leucine,13,18,1,2,11.297,9.313,-0.972,123.9,124.7,0.0,0.0,1.541,2.433,68 175 207 109 234 329
tryptophan,2,leucine,13,18,1,3,11.297,9.313,-0.972,123.9,124.7,0.0,0.0,1.425,2.569,147 211 217 94 97 234 206 149
tryptophan,2,leucine,13,18,1,4,11.297,9.313,-0.972,123.9,124.7,0.0,0.0,2.896,0.944,148 222 232 97 98 230 205 98 125 200
tryptophan,2,leucine,13,18,2,1,11.297,11.034,-0.972,133.8,56.2,3.7591,0.0,2.896,1.768,74 222 180 180
tryptophan,2,leucine,13,18,2,2,11.297,11.034,-0.972,133.8,56.2,0.3951,0.0,1.549,2.27,7 146 201 189 230 217
tryptophan,2,leucine,13,18,2,3,11.297,11.034,-0.972,133.8,56.2,0.0,0.0,1.409,3.463,99 188 158 90 199 259 332 203
tryptophan,2,leucine,13,18,2,4,11.297,11.034,-0.972,133.8,56.2,0.0,0.0,1.638,4.933,159 175 169 126 142 230 222 145 146 182
tryptophan,2,leucine,13,18,13,1,11.297,11.376,-0.972,124.8,40.6,4.1348,0.0,2.25,1.154,15 123 174 176
tryptophan,2,leucine,13,18,13,2,11.297,11.376,-0.972,124.8,40.6,0.7055,0.0,1.868,0.555,18 105 181 181 134 150
tryptophan,2,leucine,13,18,13,3,11.297,11.376,-0.972,124.8,40.6,0.0,0.0,2.131,1.39,60 5 314 195 130 70 32 210
tryptophan,2,leucine,13,18,13,4,11.297,11.376,-0.972,124.8,40.6,0.0,0.0,1.594,4.786,157 198 202 133 129 204 199 112 120 193
tryptophan,2,serine,32,16,3,1,11.937,10.69,-0.371,127.7,89.8,3.4865,0.0,2.783,0.929,73 231 192 188
tryptophan,2,serine,32,16,3,2,11.937,10.69,-0.371,127.7,89.8,0.0,0.0,2.705,0.611,11 160 121 181 139 124
tryptophan,2,serine,32,16,3,3,11.937,10.69,-0.371,127.7,89.8,0.0,0.0,3.201,0.814,136 206 203 104 105 215 199 162
tryptophan,2,serine,32,16,3,4,11.937,10.69,-0.371,127.7,89.8,0.0,0.0,3.201,1.749,150 211 208 113 111 209 202 113 125 197
tryptophan,2,serine,32,16,4,1,11.937,11.136,-0.371,137.3,73.2,3.8657,0.0,2.68,0.5,18 145 178 179
tryptophan,2,serine,32,16,4,2,11.937,11.136,-0.371,137.3,73.2,0.1992,0.0,2.628,1.094,27 147 175 177 162 165
tryptophan,2,serine,32,16,4,3,11.937,11.136,-0.371,137.3,73.2,0.0,0.0,3.201,2.81,145 185 201 118 123 216 187 153
tryptophan,2,serine,32,16,4,4,11.937,11.136,-0.371,137.3,73.2,0.0,0.0,3.201,4.1,168 174 181 139 131 216 211 134 146 196
tryptophan,2,serine,32,16,5,1,11.937,12.082,-0.371,137.3,30.6,4.8293,0.0,2.632,0.358,61 214 181 181
tryptophan,2,serine,32,16,5,2,11.937,12.082,-0.371,137.3,30.6,1.1293,0.0,2.569,0.652,52 208 186 184 188 187
tryptophan,2,serine,32,16,5,3,11.937,12.082,-0.371,137.3,30.6,0.0493,0.0,2.677,0.899,20 213 178 179 220 208 359 181
tryptophan,2,serine,32,16,5,4,11.937,12.082,-0.371,137.3,30.6,0.0,0.0,2.615,0.128,59 249 186 48 57 208 230 117 103 200
tryptophan,2,serine,32,17,3,1,11.937,12.016,-0.371,74.0,97.3,4.7981,0.0,2.055,1.829,278 10 188 186
tryptophan,2,serine,32,17,3,2,11.937,12.016,-0.371,74.0,97.3,1.1424,0.0,1.968,0.851,284 1 152 150 184 182
tryptophan,2,serine,32,17,3,3,11.937,12.016,-0.371,74.0,97.3,0.0,0.0,2.876,1.791,265 123 132 205 190 129 143 191
tryptophan,2,serine,32,17,3,4,11.937,12.016,-0.371,74.0,97.3,0.0,0.0,3.17,2.011,215 151 151 222 216 133 143 212 199 168
tryptophan,2,serine,32,17,4,1,11.937,12.507,-0.371,78.8,78.9,5.3145,0.0,2.263,2.413,293 331 170 173
tryptophan,2,serine,32,17,4,2,11.937,12.507,-0.371,78.8,78.9,1.5241,0.0,2.376,0.781,276 357 174 176 178 178
tryptophan,2,serine,32,17,4,3,11.937,12.507,-0.371,78.8,78.9,0.0,0.0,3.17,2.596,226 128 139 220 213 158 166 189
tryptophan,2,serine,32,17,4,4,11.937,12.507,-0.371,78.8,78.9,0.0,0.0,3.17,2.824,207 157 152 220 216 127 139 205 189 166
tryptophan,2,serine,32,17,5,1,11.937,13.696,-0.371,69.9,23.1,6.5144,0.0,2.255,2.05,278 360 180 180
tryptophan,2,serine,32,17,5,2,11.937,13.696,-0.371,69.9,23.1,3.0182,0.0,2.346,0.498,274 3 212 214 189 186
tryptophan,2,serine,32,17,5,3,11.937,13.696,-0.371,69.9,23.1,0.7705,0.0,2.531,0.27,270 1 140 103 187 184 70 149
tryptophan,2,serine,32,17,5,4,11.937,13.696,-0.371,69.9,23.1,0.0473,0.0,2.875,1.172,263 360 142 85 176 178 92 146 359 181
tryptophan,2,serine,32,18,3,1,11.937,13.017,-0.371,28.0,93.2,8.0443,0.0,2.896,2.12,90 0 172 18
tryptophan,2,serine,32,18,3,2,11.937,13.017,-0.371,28.0,93.2,4.457,0.0,2.896,0.619,91 0 207 310 180 180
tryptophan,2,serine,32,18,3,3,11.937,13.017,-0.371,28.0,93.2,0.7378,0.0,2.896,0.402,91 360 160 40 180 180 180 180
tryptophan,2,serine,32,18,3,4,11.937,13.017,-0.371,28.0,93.2,0.0,0.0,1.597,0.51,41 308 271 74 104 222 204 180 189 186
tryptophan,2,serine,32,18,4,1,11.937,13.584,-0.371,31.4,72.0,8.3279,0.0,2.896,3.348,112 360 193 328
tryptophan,2,serine,32,18,4,2,11.937,13.584,-0.371,31.4,72.0,4.7863,0.0,2.896,1.134,111 0 150 59 182 181
tryptophan,2,serine,32,18,4,3,11.937,13.584,-0.371,31.4,72.0,1.0896,0.0,2.896,1.04,110 1 204 306 194 187 190 189
tryptophan,2,serine,32,18,4,4,11.937,13.584,-0.371,31.4,72.0,0.0,0.0,2.896,2.34,105 306 266 68 96 198 189 149 149 181
tryptophan,2,serine,32,18,5,1,11.937,14.455,-0.371,36.0,32.5,8.8731,0.0,2.896,2.684,96 360 161 55
tryptophan,2,serine,32,18,5,2,11.937,14.455,-0.371,36.0,32.5,5.3777,0.0,2.896,1.073,97 359 214 290 174 176
tryptophan,2,serine,32,18,5,3,11.937,14.455,-0.371,36.0,32.5,1.6154,0.0,2.896,0.847,96 0 209 293 180 180 180 180
tryptophan,2,serine,32,18,5,4,11.937,14.455,-0.371,36.0,32.5,0.0,0.0,2.896,1.803,84 8 144 149 132 188 205 178 92 152
tyrosine,0,tryptophan,2,8,16,1,9.268,8.941,0.793,53.8,142.3,2.6871,0.0,2.823,2.011,82 0 210 272
tyrosine,0,tryptophan,2,8,16,2,9.268,8.941,0.793,53.8,142.3,0.0,0.0,1.907,1.117,45 0 188 94 137 187
tyrosine,0,tryptophan,2,8,16,3,9.268,8.941,0.793,53.8,142.3,0.0,0.0,1.833,0.721,24 33 237 15 76 269 4 242
tyrosine,0,tryptophan,2,8,16,4,9.268,8.941,0.793,53.8,142.3,0.0,0.0,0.975,1.736,14 359 310 44 69 261 245 138 149 194
tyrosine,0,tryptophan,2,8,17,1,9.268,11.303,0.793,54.7,40.8,4.7991,0.0,2.823,1.047,80 359 153 108
tyrosine,0,tryptophan,2,8,17,2,9.268,11.303,0.793,54.7,40.8,1.1973,0.0,2.217,0.893,79 360 140 104 179 179
tyrosine,0,tryptophan,2,8,17,3,9.268,11.303,0.793,54.7,40.8,0.0,0.0,2.657,0.744,55 70 89 136 147 140 303 280
tyrosine,0,tryptophan,2,8,17,4,9.268,11.303,0.793,54.7,40.8,0.0,0.0,1.253,1.405,29 353 297 55 72 234 223 147 146 184
tyrosine,0,tryptophan,2,8,18,1,9.268,10.765,0.793,45.0,64.3,4.7959,0.0,2.823,2.295,90 360 203 292
tyrosine,0,tryptophan,2,8,18,2,9.268,10.765,0.793,45.0,64.3,1.2597,0.0,2.823,2.247,85 1 219 276 191 187
tyrosine,0,tryptophan,2,8,18,3,9.268,10.765,0.793,45.0,64.3,0.0,0.0,2.823,2.618,124 319 235 35 100 225 234 193
tyrosine,0,tryptophan,2,8,18,4,9.268,10.765,0.793,45.0,64.3,0.0,0.0,2.303,1.126,69 328 291 66 84 225 210 116 129 196
tyrosine,0,tryptophan,2,9,16,1,9.268,9.156,0.793,44.3,130.0,3.4044,0.0,2.954,1.497,272 1 158 53
tyrosine,0,tryptophan,2,9,16,2,9.268,9.156,0.793,44.3,130.0,0.0,0.0,2.983,1.431,280 339 160 55 190 139
tyrosine,0,tryptophan,2,9,16,3,9.268,9.156,0.793,44.3,130.0,0.0,0.0,1.381,0.817,320 28 79 303 264 118 139 190
tyrosine,0,tryptophan,2,9,16,4,9.268,9.156,0.793,44.3,130.0,0.0,0.0,1.682,0.592,302 27 57 297 271 122 144 256 236 161
tyrosine,0,tryptophan,2,9,17,1,9.268,11.527,0.793,44.7,28.4,5.5848,0.0,2.79,1.222,277 0 156 73
tyrosine,0,tryptophan,2,9,17,2,9.268,11.527,0.793,44.7,28.4,1.9675,0.0,2.073,1.005,278 0 218 277 181 180
tyrosine,0,tryptophan,2,9,17,3,9.268,11.527,0.793,44.7,28.4,0.5235,0.0,2.983,2.876,251 360 147 65 178 179 50 156
tyrosine,0,tryptophan,2,9,17,4,9.268,11.527,0.793,44.7,28.4,0.0,0.0,2.983,4.433,200 45 183 274 211 168 144 214 287 198
tyrosine,0,tryptophan,2,9,18,1,9.268,10.509,0.793,56.2,74.5,3.9495,0.0,2.812,1.243,277 359 153 108
tyrosine,0,tryptophan,2,9,18,2,9.268,10.509,0.793,56.2,74.5,0.3562,0.0,2.859,1.33,275 0 140 103 184 182
tyrosine,0,tryptophan,2,9,18,3,9.268,10.509,0.793,56.2,74.5,0.0,0.0,1.469,0.691,315 11 87 315 275 126 134 172
tyrosine,0,tryptophan,2,9,18,4,9.268,10.509,0.793,56.2,74.5,0.0,0.0,1.26,0.702,335 11 49 309 286 112 134 215 198 165
tyrosine,0,tryptophan,2,10,16,1,9.268,6.967,0.793,135.6,138.1,0.0,0.0,2.689,1.721,32 204 229 241
tyrosine,0,tryptophan,2,10,16,2,9.268,6.967,0.793,135.6,138.1,0.0,0.0,3.074,2.149,74 192 184 355 246 36
tyrosine,0,tryptophan,2,10,16,3,9.268,6.967,0.793,135.6,138.1,0.0,0.0,3.146,3.743,218 174 181 248 269 91 81 197
tyrosine,0,tryptophan,2,10,16,4,9.268,6.967,0.793,135.6,138.1,0.0,0.0,1.926,0.554,58 317 346 324 324 47 79 347 273 102
tyrosine,0,tryptophan,2,10,17,1,9.268,9.397,0.793,132.7,33.8,2.1109,0.0,2.685,1.784,27 226 179 179
tyrosine,0,tryptophan,2,10,17,2,9.268,9.397,0.793,132.7,33.8,0.2913,0.0,3.146,1.927,285 128 205 193 309 206
tyrosine,0,tryptophan,2,10,17,3,9.268,9.397,0.793,132.7,33.8,0.0,0.0,3.146,1.661,259 129 153 327 304 100 6 262
tyrosine,0,tryptophan,2,10,17,4,9.268,9.397,0.793,132.7,33.8,0.0,0.0,0.596,0.364,337 259 320 34 335 51 82 256 266 150
tyrosine,0,tryptophan,2,10,18,1,9.268,8.545,0.793,138.4,70.8,1.2727,0.0,2.72,1.468,40 216 171 175
tyrosine,0,tryptophan,2,10,18,2,9.268,8.545,0.793,138.4,70.8,0.0,0.0,2.718,1.357,14 141 236 294 23 44
tyrosine,0,tryptophan,2,10,18,3,9.268,8.545,0.793,138.4,70.8,0.0,0.0,2.71,1.784,132 181 221 106 102 249 190 128
tyrosine,0,tryptophan,2,10,18,4,9.268,8.545,0.793,138.4,70.8,0.0,0.0,2.223,0.883,49 110 312 104 250 316 10 350 189 343
tyrosine,0,phenylalanine,4,8,12,1,6.435,5.634,0.748,63.9,127.5,0.0087,0.0,2.823,3.206,119 30 103 12
tyrosine,0,phenylalanine,4,8,12,2,6.435,5.634,0.748,63.9,127.5,0.0,0.0,1.954,0.57,47 275 286 69 166 300
tyrosine,0,phenylalanine,4,8,12,3,6.435,5.634,0.748,63.9,127.5,0.0,0.0,2.823,4.129,172 288 236 215 297 92 50 64
tyrosine,0,phenylalanine,4,8,12,4,6.435,5.634,0.748,63.9,127.5,0.0,0.0,2.051,0.768,62 290 212 77 188 141 37 252 317 279
tyrosine,0,phenylalanine,4,8,13,1,6.435,6.195,0.748,87.4,101.7,0.0,0.0,2.823,3.738,147 264 200 48
tyrosine,0,phenylalanine,4,8,13,2,6.435,6.195,0.748,87.4,101.7,0.0,0.0,2.823,4.381,159 190 304 57 90 279
tyrosine,0,phenylalanine,4,8,13,3,6.435,6.195,0.748,87.4,101.7,0.0,0.0,2.823,4.381,198 198 234 115 99 263 239 140
tyrosine,0,phenylalanine,4,8,13,4,6.435,6.195,0.748,87.4,101.7,0.0,0.0,2.823,4.381,215 210 219 131 105 226 231 110 137 216
tyrosine,0,phenylalanine,4,8,14,1,6.435,7.542,0.748,73.0,50.6,0.5848,0.0,2.823,3.812,124 1 127 133
tyrosine,0,phenylalanine,4,8,14,2,6.435,7.542,0.748,73.0,50.6,0.0,0.0,2.823,4.381,158 217 276 92 59 176
tyrosine,0,phenylalanine,4,8,14,3,6.435,7.542,0.748,73.0,50.6,0.0,0.0,2.823,4.381,178 199 228 131 123 261 241 144
tyrosine,0,phenylalanine,4,8,14,4,6.435,7.542,0.748,73.0,50.6,0.0,0.0,2.823,3.982,147 303 298 52 54 269 255 57 104 232
tyrosine,0,phenylalanine,4,9,12,1,6.435,6.272,0.748,37.8,147.0,1.7493,0.0,2.983,3.198,247 358 187 355
tyrosine,0,phenylalanine,4,9,12,2,6.435,6.272,0.748,37.8,147.0,0.0,0.0,2.983,3.093,225 82 81 324 242 72
tyrosine,0,phenylalanine,4,9,12,3,6.435,6.272,0.748,37.8,147.0,0.0,0.0,1.72,0.505,300 38 61 295 300 72 93 231
tyrosine,0,phenylalanine,4,9,12,4,6.435,6.272,0.748,37.8,147.0,0.0,0.0,1.264,1.493,330 7 51 304 273 101 121 243 228 164
tyrosine,0,phenylalanine,4,9,13,1,6.435,7.553,0.748,32.3,86.0,2.8681,0.0,2.983,4.535,215 1 177 3
tyrosine,0,phenylalanine,4,9,13,2,6.435,7.553,0.748,32.3,86.0,0.0,0.0,2.983,4.454,183 25 148 5 195 98
tyrosine,0,phenylalanine,4,9,13,3,6.435,7.553,0.748,32.3,86.0,0.0,0.0,2.983,2.309,246 43 65 308 270 90 136 220
tyrosine,0,phenylalanine,4,9,13,4,6.435,7.553,0.748,32.3,86.0,0.0,0.0,0.678,1.168,9 70 101 294 246 72 121 215 189 165
tyrosine,0,phenylalanine,4,9,14,1,6.435,8.212,0.748,46.5,61.5,2.2954,0.0,2.983,3.904,233 360 162 52
tyrosine,0,phenylalanine,4,9,14,2,6.435,8.212,0.748,46.5,61.5,0.0,0.0,2.983,2.558,238 66 125 263 240 171
tyrosine,0,phenylalanine,4,9,14,3,6.435,8.212,0.748,46.5,61.5,0.0,0.0,1.696,0.296,304 47 80 278 240 122 153 201
tyrosine,0,phenylalanine,4,9,14,4,6.435,8.212,0.748,46.5,61.5,0.0,0.0,1.404,1.522,319 10 53 305 269 107 129 224 211 169
tyrosine,0,phenylalanine,4,10,12,1,6.435,3.821,0.748,144.9,144.0,0.873,0.0,2.454,0.52,313 351 4 1
tyrosine,0,phenylalanine,4,10,12,2,6.435,3.821,0.748,144.9,144.0,0.3377,0.0,3.146,3.743,200 323 10 8 160 7
tyrosine,0,phenylalanine,4,10,12,3,6.435,3.821,0.748,144.9,144.0,0.0,0.0,2.739,0.92,44 95 256 292 335 342 149 39
tyrosine,0,phenylalanine,4,10,12,4,6.435,3.821,0.748,144.9,144.0,0.0,0.0,3.146,1.103,136 302 118 129 28 4 111 158 71 82
tyrosine,0,phenylalanine,4,10,13,1,6.435,5.182,0.748,132.2,79.9,0.0,0.0,3.146,3.495,247 254 58 312
tyrosine,0,phenylalanine,4,10,13,2,6.435,5.182,0.748,132.2,79.9,0.0,0.0,3.146,3.743,188 212 74 311 254 25
tyrosine,0,phenylalanine,4,10,13,3,6.435,5.182,0.748,132.2,79.9,0.0,0.0,3.146,3.743,155 202 120 231 284 94 132 262
tyrosine,0,phenylalanine,4,10,13,4,6.435,5.182,0.748,132.2,79.9,0.0,0.0,3.146,3.743,156 194 171 205 256 121 83 304 273 112
tyrosine,0,phenylalanine,4,10,14,1,6.435,5.809,0.748,157.1,57.0,0.7162,0.0,3.146,3.43,250 230 86 25
tyrosine,0,phenylalanine,4,10,14,2,6.435,5.809,0.748,157.1,57.0,0.0,0.0,3.146,3.743,191 219 107 268 277 48
tyrosine,0,phenylalanine,4,10,14,3,6.435,5.809,0.748,157.1,57.0,0.0,0.0,3.001,1.798,108 253 118 245 311 40 89 268
tyrosine,0,phenylalanine,4,10,14,4,6.435,5.809,0.748,157.1,57.0,0.0,0.0,3.056,2.325,73 136 162 283 310 70 86 338 283 130
tyrosine,0,lysine,1,8,13,1,9.456,9.026,-0.766,117.3,63.9,1.742,0.0,1.585,2.407,29 110 176 177
tyrosine,0,lysine,1,8,13,2,9.456,9.026,-0.766,117.3,63.9,0.0,0.0,0.436,3.367,129 254 191 113 5 221
tyrosine,0,lysine,1,8,13,3,9.456,9.026,-0.766,117.3,63.9,0.0,0.0,1.905,3.562,152 220 250 88 63 244 216 127
tyrosine,0,lysine,1,8,13,4,9.456,9.026,-0.766,117.3,63.9,0.0,0.0,2.15,4.381,176 188 209 144 132 231 224 66 78 194
tyrosine,0,lysine,1,8,14,1,9.456,9.746,-0.766,131.8,30.6,2.4682,0.0,1.652,2.889,33 133 183 182
tyrosine,0,lysine,1,8,14,2,9.456,9.746,-0.766,131.8,30.6,0.5034,0.0,1.755,4.049,117 187 216 224 39 162
tyrosine,0,lysine,1,8,14,3,9.456,9.746,-0.766,131.8,30.6,0.0,0.0,2.823,4.381,141 170 181 139 141 262 253 165
tyrosine,0,lysine,1,8,14,4,9.456,9.746,-0.766,131.8,30.6,0.0,0.0,2.823,4.381,183 164 181 139 130 232 223 132 150 199
tyrosine,0,lysine,1,8,15,1,9.456,8.048,-0.766,126.3,100.6,0.8269,0.0,1.22,2.802,95 242 168 172
tyrosine,0,lysine,1,8,15,2,9.456,8.048,-0.766,126.3,100.6,0.0,0.0,1.514,3.406,77 148 249 31 316 335
tyrosine,0,lysine,1,8,15,3,9.456,8.048,-0.766,126.3,100.6,0.0,0.0,2.446,4.164,182 168 219 48 117 3 295 204
tyrosine,0,lysine,1,8,15,4,9.456,8.048,-0.766,126.3,100.6,0.0,0.0,2.823,4.381,188 164 177 125 117 244 235 131 151 201
tyrosine,0,lysine,1,9,13,1,9.456,11.271,-0.766,17.5,69.8,7.2789,0.0,2.983,4.715,152 360 181 359
tyrosine,0,lysine,1,9,13,2,9.456,11.271,-0.766,17.5,69.8,3.5113,0.0,1.215,4.453,150 0 178 2 186 186
tyrosine,0,lysine,1,9,13,3,9.456,11.271,-0.766,17.5,69.8,0.2353,0.0,0.868,3.788,176 1 178 3 199 206 213 195
tyrosine,0,lysine,1,9,13,4,9.456,11.271,-0.766,17.5,69.8,0.0,0.0,0.785,0.562,21 339 185 17 223 261 189 162 167 188
tyrosine,0,lysine,1,9,14,1,9.456,12.162,-0.766,27.3,28.2,7.2333,0.0,2.983,4.715,136 0 180 1
tyrosine,0,lysine,1,9,14,2,9.456,12.162,-0.766,27.3,28.2,3.7811,0.0,2.321,4.715,138 359 205 318 165 170
tyrosine,0,lysine,1,9,14,3,9.456,12.162,-0.766,27.3,28.2,0.5,0.0,2.59,4.715,137 358 213 298 157 166 122 147
tyrosine,0,lysine,1,9,14,4,9.456,12.162,-0.766,27.3,28.2,0.0,0.0,2.983,4.715,162 354 130 64 259 226 209 284 255 149
tyrosine,0,lysine,1,9,15,1,9.456,10.431,-0.766,22.6,101.4,6.069,0.0,2.983,4.715,117 0 178 2
tyrosine,0,lysine,1,9,15,2,9.456,10.431,-0.766,22.6,101.4,2.3798,0.0,2.973,4.623,120 359 191 344 172 174
tyrosine,0,lysine,1,9,15,3,9.456,10.431,-0.766,22.6,101.4,0.0,0.0,2.932,3.941,61 356 189 43 192 234 189 172
tyrosine,0,lysine,1,9,15,4,9.456,10.431,-0.766,22.6,101.4,0.0,0.0,2.059,2.628,28 95 52 94 136 267 259 174 176 182
tyrosine,0,lysine,1,10,13,1,9.456,9.487,-0.766,98.2,78.3,2.2149,0.0,0.924,2.176,245 74 186 184
tyrosine,0,lysine,1,10,13,2,9.456,9.487,-0.766,98.2,78.3,0.0,0.0,1.478,3.542,231 143 147 231 217 162
tyrosine,0,lysine,1,10,13,3,9.456,9.487,-0.766,98.2,78.3,0.0,0.0,2.869,3.743,215 169 157 222 217 104 115 196
tyrosine,0,lysine,1,10,13,4,9.456,9.487,-0.766,98.2,78.3,0.0,0.0,2.927,3.743,179 168 157 226 229 137 143 231 217 162
tyrosine,0,lysine,1,10,14,1,9.456,10.706,-0.766,90.4,21.3,3.45,0.0,0.973,1.931,301 301 179 179
tyrosine,0,lysine,1,10,14,2,9.456,10.706,-0.766,90.4,21.3,0.8014,0.0,1.573,3.516,229 49 169 174 93 145
tyrosine,0,lysine,1,10,14,3,9.456,10.706,-0.766,90.4,21.3,0.0171,0.0,2.677,3.743,218 35 172 175 101 144 358 183
tyrosine,0,lysine,1,10,14,4,9.456,10.706,-0.766,90.4,21.3,0.0,0.0,3.146,3.743,184 154 147 219 221 150 155 243 234 166
tyrosine,0,lysine,1,10,15,1,9.456,9.092,-0.766,83.2,92.9,1.8032,0.0,1.148,2.254,254 45 180 180
tyrosine,0,lysine,1,10,15,2,9.456,9.092,-0.766,83.2,92.9,0.0,0.0,2.289,1.029,287 134 64 224 190 133
tyrosine,0,lysine,1,10,15,3,9.456,9.092,-0.766,83.2,92.9,0.0,0.0,2.526,3.743,204 116 99 296 270 107 162 229
tyrosine,0,lysine,1,10,15,4,9.456,9.092,-0.766,83.2,92.9,0.0,0.0,0.961,2.815,239 74 57 337 286 95 134 265 252 165
tyrosine,0,aspartic,21,8,3,1,11.478,12.622,-0.01,84.7,47.9,5.4105,0.0,2.336,0.376,36 45 188 185
tyrosine,0,aspartic,21,8,3,2,11.478,12.622,-0.01,84.7,47.9,1.6369,0.0,2.441,0.721,43 36 184 182 183 182
tyrosine,0,aspartic,21,8,3,3,11.478,12.622,-0.01,84.7,47.9,0.0,0.0,1.993,2.265,101 244 198 164 157 204 248 216
tyrosine,0,aspartic,21,8,3,4,11.478,12.622,-0.01,84.7,47.9,0.0,0.0,2.244,4.381,141 209 206 136 141 216 207 149 160 191
tyrosine,0,aspartic,21,8,4,1,11.478,12.549,-0.01,75.1,51.2,5.2896,0.0,2.318,0.754,62 348 179 179
tyrosine,0,aspartic,21,8,4,2,11.478,12.549,-0.01,75.1,51.2,1.6441,0.0,1.669,0.627,53 2 204 202 184 183
tyrosine,0,aspartic,21,8,4,3,11.478,12.549,-0.01,75.1,51.2,0.0,0.0,1.367,1.749,32 1 156 138 197 205 291 208
tyrosine,0,aspartic,21,8,4,4,11.478,12.549,-0.01,75.1,51.2,0.0,0.0,2.296,1.374,91 285 255 63 78 214 207 95 107 203
tyrosine,0,aspartic,21,8,5,1,11.478,11.034,-0.01,75.9,110.2,3.781,0.0,2.531,0.723,53 18 183 182
tyrosine,0,aspartic,21,8,5,2,11.478,11.034,-0.01,75.9,110.2,0.1192,0.0,2.359,0.639,62 3 157 152 189 185
tyrosine,0,aspartic,21,8,5,3,11.478,11.034,-0.01,75.9,110.2,0.0,0.0,2.501,0.485,68 87 39 243 15 42 257 110
tyrosine,0,aspartic,21,8,5,4,11.478,11.034,-0.01,75.9,110.2,0.0,0.0,2.163,1.963,20 106 31 89 191 130 34 297 16 255
tyrosine,0,aspartic,21,9,3,1,11.478,14.045,-0.01,14.8,40.5,10.026,0.0,2.377,0.887,290 0 180 1
tyrosine,0,aspartic,21,9,3,2,11.478,14.045,-0.01,14.8,40.5,6.3417,0.0,2.34,0.844,291 360 183 356 177 178
tyrosine,0,aspartic,21,9,3,3,11.478,14.045,-0.01,14.8,40.5,2.7258,0.0,2.082,0.864,288 0 178 2 205 204 185 183
tyrosine,0,aspartic,21,9,3,4,11.478,14.045,-0.01,14.8,40.5,0.2941,0.0,2.983,3.291,244 0 179 2 157 156 184 183 260 215
tyrosine,0,aspartic,21,9,4,1,11.478,13.636,-0.01,23.2,59.3,8.9246,0.0,1.763,1.402,309 360 181 359
tyrosine,0,aspartic,21,9,4,2,11.478,13.636,-0.01,23.2,59.3,5.4277,0.0,1.824,0.473,307 1 158 37 189 186
tyrosine,0,aspartic,21,9,4,3,11.478,13.636,-0.01,23.2,59.3,1.6411,0.0,1.523,0.741,309 0 168 24 180 180 180 180
tyrosine,0,aspartic,21,9,4,4,11.478,13.636,-0.01,23.2,59.3,0.0,0.0,2.3,0.66,310 281 280 41 61 150 191 202 198 184
tyrosine,0,aspartic,21,9,5,1,11.478,12.169,-0.01,22.0,116.3,7.6729,0.0,2.516,0.935,286 0 179 1
tyrosine,0,aspartic,21,9,5,2,11.478,12.169,-0.01,22.0,116.3,4.1121,0.0,2.423,0.777,289 359 196 334 171 174
tyrosine,0,aspartic,21,9,5,3,11.478,12.169,-0.01,22.0,116.3,0.3421,0.0,2.459,0.927,286 0 179 2 192 190 183 182
tyrosine,0,aspartic,21,9,5,4,11.478,12.169,-0.01,22.0,116.3,0.0,0.0,1.686,0.636,326 50 83 289 264 133 152 194 184 172
tyrosine,0,aspartic,21,10,3,1,11.478,11.957,-0.01,110.4,43.4,4.6964,0.0,2.88,1.174,355 263 179 179
tyrosine,0,aspartic,21,10,3,2,11.478,11.957,-0.01,110.4,43.4,0.9733,0.0,2.104,1.227,350 264 177 178 177 178
tyrosine,0,aspartic,21,10,3,3,11.478,11.957,-0.01,110.4,43.4,0.0,0.0,2.983,2.889,253 141 179 201 220 159 102 136
tyrosine,0,aspartic,21,10,3,4,11.478,11.957,-0.01,110.4,43.4,0.0,0.0,3.071,3.743,209 157 161 238 235 149 159 216 204 167
tyrosine,0,aspartic,21,10,4,1,11.478,11.705,-0.01,107.2,54.8,4.4371,0.0,3.146,0.992,291 91 180 180
tyrosine,0,aspartic,21,10,4,2,11.478,11.705,-0.01,107.2,54.8,0.7197,0.0,1.74,0.931,296 90 180 180 180 180
tyrosine,0,aspartic,21,10,4,3,11.478,11.705,-0.01,107.2,54.8,0.0,0.0,3.113,1.591,331 242 51 245 98 120 70 138
tyrosine,0,aspartic,21,10,4,4,11.478,11.705,-0.01,107.2,54.8,0.0,0.0,1.685,0.39,339 47 81 345 318 119 152 283 259 156
tyrosine,0,aspartic,21,10,5,1,11.478,10.019,-0.01,115.4,121.4,2.8026,0.0,3.146,1.349,285 103 189 185
tyrosine,0,aspartic,21,10,5,2,11.478,10.019,-0.01,115.4,121.4,0.0,0.0,2.763,0.447,7 288 119 74 289 184
tyrosine,0,aspartic,21,10,5,3,11.478,10.019,-0.01,115.4,121.4,0.0,0.0,3.146,3.69,239 166 167 229 220 121 138 196
tyrosine,0,aspartic,21,10,5,4,11.478,10.019,-0.01,115.4,121.4,0.0,0.0,2.497,0.88,236 96 138 294 273 89 129 356 287 138
tyrosine,0,glutamic,8,8,5,1,5.518,5.659,0.492,83.9,60.1,0.6199,0.0,2.496,1.205,54 36 53 44
tyrosine,0,glutamic,8,8,5,2,5.518,5.659,0.492,83.9,60.1,0.0,0.0,2.697,0.91,82 11 92 81 46 54
tyrosine,0,glutamic,8,8,5,3,5.518,5.659,0.492,83.9,60.1,0.0,0.0,1.432,4.368,313 112 102 227 3 216 337 333
tyrosine,0,glutamic,8,8,5,4,5.518,5.659,0.492,83.9,60.1,0.0,0.0,1.482,1.152,31 4 288 25 46 280 239 17 175 330
tyrosine,0,glutamic,8,8,6,1,5.518,3.895,0.492,97.9,133.6,0.8401,0.0,2.338,4.381,334 228 10 5
tyrosine,0,glutamic,8,8,6,2,5.518,3.895,0.492,97.9,133.6,0.373,0.0,2.823,4.381,297 246 22 62 89 11
tyrosine,0,glutamic,8,8,6,3,5.518,3.895,0.492,97.9,133.6,0.0,0.0,2.823,4.381,264 270 81 312 189 350 208 294
tyrosine,0,glutamic,8,8,6,4,5.518,3.895,0.492,97.9,133.6,0.0,0.0,0.851,0.921,137 263 239 89 90 305 239 10 108 205
tyrosine,0,glutamic,8,8,7,1,5.518,4.959,0.492,106.5,85.5,0.0,0.0,2.823,1.503,69 37 26 31
tyrosine,0,glutamic,8,8,7,2,5.518,4.959,0.492,106.5,85.5,0.0005,0.0,2.823,0.646,95 49 52 41 69 37
tyrosine,0,glutamic,8,8,7,3,5.518,4.959,0.492,106.5,85.5,0.0,0.0,2.167,3.522,350 258 75 62 31 71 104 317
tyrosine,0,glutamic,8,8,7,4,5.518,4.959,0.492,106.5,85.5,0.0,0.0,2.523,0.344,155 73 8 314 285 250 239 79 66 309
tyrosine,0,glutamic,8,9,5,1,5.518,6.973,0.492,30.2,76.5,2.7079,0.0,1.598,4.715,25 360 180 360
tyrosine,0,glutamic,8,9,5,2,5.518,6.973,0.492,30.2,76.5,0.0,0.0,1.397,4.076,11 309 248 37 146 248
tyrosine,0,glutamic,8,9,5,3,5.518,6.973,0.492,30.2,76.5,0.0,0.0,1.172,2.851,336 328 291 37 78 307 259 142
tyrosine,0,glutamic,8,9,5,4,5.518,6.973,0.492,30.2,76.5,0.0,0.0,1.027,1.248,288 143 74 288 326 241 223 63 92 222
tyrosine,0,glutamic,8,9,6,1,5.518,5.484,0.492,37.7,143.9,1.6301,0.0,2.601,4.715,55 360 181 360
tyrosine,0,glutamic,8,9,6,2,5.518,5.484,0.492,37.7,143.9,0.0,0.0,0.985,3.97,13 289 261 20 207 310
tyrosine,0,glutamic,8,9,6,3,5.518,5.484,0.492,37.7,143.9,0.0,0.0,1.161,2.474,332 322 300 56 85 301 249 132
tyrosine,0,glutamic,8,9,6,4,5.518,5.484,0.492,37.7,143.9,0.0,0.0,1.527,4.542,2 356 317 37 65 281 255 90 120 210
tyrosine,0,glutamic,8,9,7,1,5.518,6.993,0.492,20.8,75.7,3.7152,0.0,2.983,4.715,69 360 180 360
tyrosine,0,glutamic,8,9,7,2,5.518,6.993,0.492,20.8,75.7,0.307,0.0,2.983,3.554,98 3 173 4 140 81
tyrosine,0,glutamic,8,9,7,3,5.518,6.993,0.492,20.8,75.7,0.0,0.0,2.983,3.315,82 307 280 60 87 273 234 142
tyrosine,0,glutamic,8,9,7,4,5.518,6.993,0.492,20.8,75.7,0.0,0.0,2.876,3.554,55 329 294 67 93 249 228 104 124 200
tyrosine,0,glutamic,8,10,5,1,5.518,6.271,0.492,61.6,81.5,0.0,0.0,2.06,0.703,313 46 114 63
tyrosine,0,glutamic,8,10,5,2,5.518,6.271,0.492,61.6,81.5,0.0,0.0,2.551,0.697,348 87 7 17 235 34
tyrosine,0,glutamic,8,10,5,3,5.518,6.271,0.492,61.6,81.5,0.0,0.0,1.93,0.386,32 32 37 293 276 86 143 238
tyrosine,0,glutamic,8,10,5,4,5.518,6.271,0.492,61.6,81.5,0.0,0.0,2.016,0.728,358 357 27 338 321 72 92 294 246 132
tyrosine,0,glutamic,8,10,6,1,5.518,5.359,0.492,43.4,118.3,1.1954,0.0,2.333,1.035,305 344 202 359
tyrosine,0,glutamic,8,10,6,2,5.518,5.359,0.492,43.4,118.3,0.0,0.0,2.575,3.313,254 311 249 356 229 338
tyrosine,0,glutamic,8,10,6,3,5.518,5.359,0.492,43.4,118.3,0.0,0.0,0.46,0.746,53 59 76 308 246 31 109 209
tyrosine,0,glutamic,8,10,6,4,5.518,5.359,0.492,43.4,118.3,0.0,0.0,1.967,0.755,322 81 348 266 285 62 154 332 222 127
tyrosine,0,glutamic,8,10,7,1,5.518,6.012,0.492,66.8,91.1,0.0,0.0,2.876,0.294,299 59 118 291
tyrosine,0,glutamic,8,10,7,2,5.518,6.012,0.492,66.8,91.1,0.0,0.0,2.768,0.587,337 88 19 316 261 93
tyrosine,0,glutamic,8,10,7,3,5.518,6.012,0.492,66.8,91.1,0.0,0.0,1.593,0.436,23 13 49 308 274 71 107 213
tyrosine,0,glutamic,8,10,7,4,5.518,6.012,0.492,66.8,91.1,0.0,0.0,1.963,0.722,3 352 25 327 309 78 103 267 232 148
tyrosine,0,leucine,5,8,1,1,4.436,6.295,0.027,58.2,45.8,0.6842,0.0,2.823,4.381,181 59 108 34
tyrosine,0,leucine,5,8,1,2,4.436,6.295,0.027,58.2,45.8,0.0,0.0,2.823,4.381,217 86 41 292 281 96
tyrosine,0,leucine,5,8,1,3,4.436,6.295,0.027,58.2,45.8,0.0,0.0,2.8,4.381,283 50 81 272 232 100 134 203
tyrosine,0,leucine,5,8,1,4,4.436,6.295,0.027,58.2,45.8,0.0,0.0,2.723,4.381,303 358 48 308 268 94 116 233 222 175
tyrosine,0,leucine,5,8,2,1,4.436,3.996,0.027,50.0,146.8,1.7305,0.0,2.823,4.381,199 74 86 0
tyrosine,0,leucine,5,8,2,2,4.436,3.996,0.027,50.0,146.8,0.0,0.0,2.712,4.381,160 206 2 62 99 10
tyrosine,0,leucine,5,8,2,3,4.436,3.996,0.027,50.0,146.8,0.0,0.0,2.823,4.042,266 99 89 253 253 53 131 287
tyrosine,0,leucine,5,8,2,4,4.436,3.996,0.027,50.0,146.8,0.0,0.0,1.004,3.801,349 22 61 301 270 79 106 252 226 157
tyrosine,0,leucine,5,8,13,1,4.436,6.156,0.027,36.0,51.6,2.0702,0.0,2.823,4.381,204 12 159 6
tyrosine,0,leucine,5,8,13,2,4.436,6.156,0.027,36.0,51.6,0.2207,0.0,2.823,3.721,248 31 120 35 104 64
tyrosine,0,leucine,5,8,13,3,4.436,6.156,0.027,36.0,51.6,0.0,0.0,2.695,3.707,285 60 100 271 234 95 118 197
tyrosine,0,leucine,5,8,13,4,4.436,6.156,0.027,36.0,51.6,0.0,0.0,1.771,3.508,319 24 53 298 268 92 125 236 206 159
tyrosine,0,leucine,5,9,1,1,4.436,4.666,0.027,122.7,37.1,0.9173,0.0,2.983,4.715,183 276 10 12
tyrosine,0,leucine,5,9,1,2,4.436,4.666,0.027,122.7,37.1,0.0,0.0,2.983,4.715,157 283 38 246 279 351
tyrosine,0,leucine,5,9,1,3,4.436,4.666,0.027,122.7,37.1,0.0,0.0,2.983,4.715,88 187 82 304 270 29 160 261
tyrosine,0,leucine,5,9,1,4,4.436,4.666,0.027,122.7,37.1,0.0,0.0,2.9,4.715,69 186 128 240 255 104 119 297 268 145
tyrosine,0,leucine,5,9,2,1,4.436,2.204,0.027,118.8,145.0,2.6074,0.0,2.79,4.715,179 288 1 1
tyrosine,0,leucine,5,9,2,2,4.436,2.204,0.027,118.8,145.0,1.7091,0.0,2.983,4.715,130 294 1 11 164 1
tyrosine,0,leucine,5,9,2,3,4.436,2.204,0.027,118.8,145.0,0.0,0.0,2.534,4.715,118 236 56 240 287 333 239 14
tyrosine,0,leucine,5,9,2,4,4.436,2.204,0.027,118.8,145.0,0.0,0.0,1.929,0.825,334 88 75 257 266 75 111 289 207 116
tyrosine,0,leucine,5,9,13,1,4.436,3.984,0.027,123.9,63.2,1.0248,0.0,2.113,1.33,295 72 354 356
tyrosine,0,leucine,5,9,13,2,4.436,3.984,0.027,123.9,63.2,0.1437,0.0,2.126,1.044,344 56 18 24 120 15
tyrosine,0,leucine,5,9,13,3,4.436,3.984,0.027,123.9,63.2,0.0,0.0,2.983,3.863,145 181 163 95 50 12 141 79
tyrosine,0,leucine,5,9,13,4,4.436,3.984,0.027,123.9,63.2,0.0,0.0,0.928,1.095,202 87 145 275 331 106 54 307 256 40
tyrosine,0,leucine,5,10,1,1,4.436,5.189,0.027,99.3,28.8,0.8724,0.0,1.758,3.743,169 85 3 32
tyrosine,0,leucine,5,10,1,2,4.436,5.189,0.027,99.3,28.8,0.0,0.0,2.587,3.743,187 33 39 195 350 35
tyrosine,0,leucine,5,10,1,3,4.436,5.189,0.027,99.3,28.8,0.0,0.0,1.849,3.743,220 152 249 134 83 288 251 103
tyrosine,0,leucine,5,10,1,4,4.436,5.189,0.027,99.3,28.8,0.0,0.0,1.934,3.743,192 182 191 165 112 235 281 82 124 259
tyrosine,0,leucine,5,10,2,1,4.436,3.129,0.027,79.9,109.6,1.9768,0.0,1.903,3.743,165 103 15 7
tyrosine,0,leucine,5,10,2,2,4.436,3.129,0.027,79.9,109.6,0.8124,0.0,2.666,3.743,210 99 5 31 135 3
tyrosine,0,leucine,5,10,2,3,4.436,3.129,0.027,79.9,109.6,0.0,0.0,1.87,0.996,29 247 306 32 182 7 188 316
tyrosine,0,leucine,5,10,2,4,4.436,3.129,0.027,79.9,109.6,0.0,0.0,2.779,2.503,237 312 359 90 90 336 194 18 221 259
tyrosine,0,leucine,5,10,13,1,4.436,4.662,0.027,93.7,52.3,0.655,0.0,2.679,0.81,75 275 346 347
tyrosine,0,leucine,5,10,13,2,4.436,4.662,0.027,93.7,52.3,0.0,0.0,2.685,0.577,28 265 9 338 221 292
tyrosine,0,leucine,5,10,13,3,4.436,4.662,0.027,93.7,52.3,0.0,0.0,1.197,1.416,11 1 233 314 248 26 212 281
tyrosine,0,leucine,5,10,13,4,4.436,4.662,0.027,93.7,52.3,0.0,0.0,2.018,3.743,175 304 226 65 45 241 298 87 105 256
tyrosine,0,serine,4,8,3,1,4.201,6.096,0.315,42.7,45.0,1.498,0.0,2.823,4.381,139 18 149 9
tyrosine,0,serine,4,8,3,2,4.201,6.096,0.315,42.7,45.0,0.0,0.0,2.823,3.667,188 43 94 34 112 84
tyrosine,0,serine,4,8,3,3,4.201,6.096,0.315,42.7,45.0,0.0,0.0,2.823,3.87,145 284 313 100 38 262 244 81
tyrosine,0,serine,4,8,3,4,4.201,6.096,0.315,42.7,45.0,0.0,0.0,2.823,2.127,82 4 300 56 91 256 254 83 92 205
tyrosine,0,serine,4,8,4,1,4.201,5.098,0.315,62.6,82.6,0.3203,0.0,2.823,4.023,116 85 79 359
tyrosine,0,serine,4,8,4,2,4.201,5.098,0.315,62.6,82.6,0.0,0.0,2.24,1.027,64 277 320 60 124 286
tyrosine,0,serine,4,8,4,3,4.201,5.098,0.315,62.6,82.6,0.0,0.0,2.823,4.381,196 282 192 223 324 108 46 70
tyrosine,0,serine,4,8,4,4,4.201,5.098,0.315,62.6,82.6,0.0,0.0,0.912,2.423,5 355 323 69 76 259 255 123 139 207
tyrosine,0,serine,4,8,5,1,4.201,6.08,0.315,44.0,45.7,1.3907,0.0,2.823,2.465,96 339 214 351
tyrosine,0,serine,4,8,5,2,4.201,6.08,0.315,44.0,45.7,0.0012,0.0,2.269,0.618,63 344 221 282 280 40
tyrosine,0,serine,4,8,5,3,4.201,6.08,0.315,44.0,45.7,0.0,0.0,1.007,0.917,15 335 291 59 95 280 253 157
tyrosine,0,serine,4,8,5,4,4.201,6.08,0.315,44.0,45.7,0.0,0.0,2.08,0.52,359 139 88 47 65 296 305 97 109 204
tyrosine,0,serine,4,9,3,1,4.201,5.292,0.315,73.7,64.3,0.2024,0.0,2.983,2.912,266 235 312 329
tyrosine,0,serine,4,9,3,2,4.201,5.292,0.315,73.7,64.3,0.0,0.0,2.43,1.316,299 92 21 281 268 81
tyrosine,0,serine,4,9,3,3,4.201,5.292,0.315,73.7,64.3,0.0,0.0,1.986,0.708,326 66 6 307 306 28 94 276
tyrosine,0,serine,4,9,3,4,4.201,5.292,0.315,73.7,64.3,0.0,0.0,1.469,2.274,317 7 0 298 287 76 101 325 261 126
tyrosine,0,serine,4,9,4,1,4.201,5.391,0.315,51.6,60.7,1.1078,0.0,2.983,4.255,227 305 260 350
tyrosine,0,serine,4,9,4,2,4.201,5.391,0.315,51.6,60.7,0.0,0.0,2.983,4.44,219 210 329 312 298 278
tyrosine,0,serine,4,9,4,3,4.201,5.391,0.315,51.6,60.7,0.0,0.0,2.983,3.031,226 83 21 276 315 63 145 323
tyrosine,0,serine,4,9,4,4,4.201,5.391,0.315,51.6,60.7,0.0,0.0,0.488,0.605,25 329 184 18 189 295 227 95 37 223
tyrosine,0,serine,4,9,5,1,4.201,5.883,0.315,52.2,40.8,1.1707,0.0,2.445,0.996,273 48 104 16
tyrosine,0,serine,4,9,5,2,4.201,5.883,0.315,52.2,40.8,0.0,0.0,1.437,0.851,318 33 88 75 75 66
tyrosine,0,serine,4,9,5,3,4.201,5.883,0.315,52.2,40.8,0.0,0.0,1.762,0.384,356 21 68 305 267 69 94 205
tyrosine,0,serine,4,9,5,4,4.201,5.883,0.315,52.2,40.8,0.0,0.0,0.743,0.566,5 248 292 287 275 68 49 283 276 155
tyrosine,0,serine,4,10,3,1,4.201,3.694,0.315,150.2,40.9,1.6059,0.0,3.146,2.562,97 22 351 357
tyrosine,0,serine,4,10,3,2,4.201,3.694,0.315,150.2,40.9,0.4104,0.0,3.146,3.743,168 25 4 72 89 2
tyrosine,0,serine,4,10,3,3,4.201,3.694,0.315,150.2,40.9,0.0,0.0,3.146,3.743,235 172 228 131 48 302 217 46
tyrosine,0,serine,4,10,3,4,4.201,3.694,0.315,150.2,40.9,0.0,0.0,3.146,2.32,311 206 184 47 56 280 308 66 94 275
tyrosine,0,serine,4,10,4,1,4.201,3.092,0.315,167.9,61.8,2.4749,0.0,3.146,3.121,262 309 35 1
tyrosine,0,serine,4,10,4,2,4.201,3.092,0.315,167.9,61.8,0.9443,0.0,3.146,3.743,185 351 358 294 265 359
tyrosine,0,serine,4,10,4,3,4.201,3.092,0.315,167.9,61.8,0.0,0.0,2.783,0.784,5 275 102 171 348 72 88 13
tyrosine,0,serine,4,10,4,4,4.201,3.092,0.315,167.9,61.8,0.0,0.0,3.146,2.428,251 111 171 194 86 357 124 22 189 356
tyrosine,0,serine,4,10,5,1,4.201,3.766,0.315,144.7,38.0,1.5116,0.0,2.237,0.741,357 344 1 1
tyrosine,0,serine,4,10,5,2,4.201,3.766,0.315,144.7,38.0,0.4467,0.0,3.078,1.18,297 331 354 279 282 357
tyrosine,0,serine,4,10,5,3,4.201,3.766,0.315,144.7,38.0,0.0,0.0,3.146,3.047,265 213 59 200 40 337 173 335
tyrosine,0,serine,4,10,5,4,4.201,3.766,0.315,144.7,38.0,0.0,0.0,2.927,1.67,277 27 18 36 31 302 288 61 128 258
tyrosine,0,tryptophan,5,8,16,1,10.165,8.426,0.061,102.5,153.6,1.3257,0.0,1.844,2.675,49 285 160 169
tyrosine,0,tryptophan,5,8,16,2,10.165,8.426,0.061,102.5,153.6,0.0,0.0,1.307,4.326,332 349 279 305 3 203
tyrosine,0,tryptophan,5,8,16,3,10.165,8.426,0.061,102.5,153.6,0.0,0.0,2.823,4.381,283 28 279 57 67 230 28 184
tyrosine,0,tryptophan,5,8,16,4,10.165,8.426,0.061,102.5,153.6,0.0,0.0,2.823,2.185,75 25 348 348 2 234 205 46 189 253
tyrosine,0,tryptophan,5,8,17,1,10.165,10.1,0.061,92.0,75.2,2.8156,0.0,1.584,2.924,41 296 181 180
tyrosine,0,tryptophan,5,8,17,2,10.165,10.1,0.061,92.0,75.2,0.0,0.0,1.46,3.99,334 59 187 257 53 144
tyrosine,0,tryptophan,5,8,17,3,10.165,10.1,0.061,92.0,75.2,0.0,0.0,2.149,2.1,18 59 6 16 300 326 267 143
tyrosine,0,tryptophan,5,8,17,4,10.165,10.1,0.061,92.0,75.2,0.0,0.0,1.208,0.462,29 318 278 26 57 253 226 84 109 205
tyrosine,0,tryptophan,5,8,18,1,10.165,10.867,0.061,104.5,43.9,3.6293,0.0,2.0,2.817,49 275 172 175
tyrosine,0,tryptophan,5,8,18,2,10.165,10.867,0.061,104.5,43.9,0.4941,0.0,2.528,3.269,48 243 196 191 108 146
tyrosine,0,tryptophan,5,8,18,3,10.165,10.867,0.061,104.5,43.9,0.0,0.0,1.366,4.381,330 34 293 146 239 168 73 66
tyrosine,0,tryptophan,5,8,18,4,10.165,10.867,0.061,104.5,43.9,0.0,0.0,1.811,1.921,27 28 332 359 36 233 220 101 121 214
tyrosine,0,tryptophan,5,9,16,1,10.165,10.077,0.061,35.9,145.0,4.7791,0.0,2.524,4.715,47 359 195 327
tyrosine,0,tryptophan,5,9,16,2,10.165,10.077,0.061,35.9,145.0,1.1833,0.0,2.583,4.715,44 0 152 56 182 181
tyrosine,0,tryptophan,5,9,16,3,10.165,10.077,0.061,35.9,145.0,0.0,0.0,2.983,4.715,75 299 271 293 170 267 38 241
tyrosine,0,tryptophan,5,9,16,4,10.165,10.077,0.061,35.9,145.0,0.0,0.0,2.422,4.212,348 141 77 295 323 214 194 87 106 209
tyrosine,0,tryptophan,5,9,17,1,10.165,11.357,0.061,41.9,86.4,5.539,0.0,2.34,4.715,31 360 159 63
tyrosine,0,tryptophan,5,9,17,2,10.165,11.357,0.061,41.9,86.4,2.0071,0.0,2.533,4.715,33 359 215 287 171 175
tyrosine,0,tryptophan,5,9,17,3,10.165,11.357,0.061,41.9,86.4,0.0,0.0,1.871,4.715,44 277 218 97 110 147 141 177
tyrosine,0,tryptophan,5,9,17,4,10.165,11.357,0.061,41.9,86.4,0.0,0.0,1.767,4.715,19 330 293 46 75 242 216 138 155 194
tyrosine,0,tryptophan,5,9,18,1,10.165,12.514,0.061,37.9,38.9,6.8827,0.0,2.636,4.715,46 0 199 305
tyrosine,0,tryptophan,5,9,18,2,10.165,12.514,0.061,37.9,38.9,3.3524,0.0,2.792,4.715,45 1 146 70 186 184
tyrosine,0,tryptophan,5,9,18,3,10.165,12.514,0.061,37.9,38.9,0.3226,0.0,2.983,4.715,63 358 138 97 165 170 252 215
tyrosine,0,tryptophan,5,9,18,4,10.165,12.514,0.061,37.9,38.9,0.0,0.0,2.605,4.715,41 345 250 66 73 210 217 151 124 166
tyrosine,0,tryptophan,5,10,16,1,10.165,9.597,0.061,58.1,140.3,3.0106,0.0,2.451,0.484,311 1 153 103
tyrosine,0,tryptophan,5,10,16,2,10.165,9.597,0.061,58.1,140.3,0.0,0.0,2.385,0.667,343 341 128 112 149 201
tyrosine,0,tryptophan,5,10,16,3,10.165,9.597,0.061,58.1,140.3,0.0,0.0,2.078,0.319,356 358 84 325 274 108 112 162
tyrosine,0,tryptophan,5,10,16,4,10.165,9.597,0.061,58.1,140.3,0.0,0.0,2.372,0.737,324 17 53 317 291 113 136 254 232 157
tyrosine,0,tryptophan,5,10,17,1,10.165,11.005,0.061,57.7,79.0,4.3173,0.0,2.335,0.621,324 360 205 249
tyrosine,0,tryptophan,5,10,17,2,10.165,11.005,0.061,57.7,79.0,0.8598,0.0,1.864,0.377,318 3 225 246 197 192
tyrosine,0,tryptophan,5,10,17,3,10.165,11.005,0.061,57.7,79.0,0.0,0.0,2.287,0.259,333 86 33 49 226 51 332 220
tyrosine,0,tryptophan,5,10,17,4,10.165,11.005,0.061,57.7,79.0,0.0,0.0,3.017,1.524,273 63 107 310 247 114 145 293 294 153
tyrosine,0,tryptophan,5,10,18,1,10.165,12.06,0.061,58.9,33.5,5.3094,0.0,2.451,0.478,311 360 155 120
tyrosine,0,tryptophan,5,10,18,2,10.165,12.06,0.061,58.9,33.5,1.7709,0.0,2.311,0.415,312 359 222 247 177 178
tyrosine,0,tryptophan,5,10,18,3,10.165,12.06,0.061,58.9,33.5,0.1736,0.0,2.805,1.429,289 3 139 112 197 191 311 203
tyrosine,0,tryptophan,5,10,18,4,10.165,12.06,0.061,58.9,33.5,0.0,0.0,3.146,2.452,261 35 131 311 284 141 131 204 238 187
tyrosine,0,lysine,8,8,13,1,11.273,11.103,0.883,115.9,71.0,3.8676,0.0,2.226,2.326,27 104 188 185
tyrosine,0,lysine,8,8,13,2,11.273,11.103,0.883,115.9,71.0,0.231,0.0,2.255,2.406,29 110 197 189 208 204
tyrosine,0,lysine,8,8,13,3,11.273,11.103,0.883,115.9,71.0,0.0,0.0,2.823,4.381,136 191 196 144 147 231 220 165
tyrosine,0,lysine,8,8,13,4,11.273,11.103,0.883,115.9,71.0,0.0,0.0,2.823,4.381,165 173 188 131 131 248 231 151 173 195
tyrosine,0,lysine,8,8,14,1,11.273,10.826,0.883,105.0,81.3,3.5509,0.0,2.322,1.877,35 88 179 180
tyrosine,0,lysine,8,8,14,2,11.273,10.826,0.883,105.0,81.3,0.0082,0.0,2.405,1.541,41 70 212 210 133 149
tyrosine,0,lysine,8,8,14,3,11.273,10.826,0.883,105.0,81.3,0.0,0.0,2.823,4.381,137 193 203 145 151 238 223 163
tyrosine,0,lysine,8,8,14,4,11.273,10.826,0.883,105.0,81.3,0.0,0.0,2.823,4.381,168 194 203 140 138 214 206 124 135 193
tyrosine,0,lysine,8,8,15,1,11.273,9.301,0.883,107.1,154.4,2.1006,0.0,2.823,1.677,98 269 181 180
tyrosine,0,lysine,8,8,15,2,11.273,9.301,0.883,107.1,154.4,0.0,0.0,2.823,3.199,120 211 206 124 136 198
tyrosine,0,lysine,8,8,15,3,11.273,9.301,0.883,107.1,154.4,0.0,0.0,2.823,3.005,157 199 230 104 116 236 189 139
tyrosine,0,lysine,8,8,15,4,11.273,9.301,0.883,107.1,154.4,0.0,0.0,2.823,3.307,163 177 189 130 127 246 233 137 157 199
tyrosine,0,lysine,8,9,13,1,11.273,13.327,0.883,14.4,66.0,9.3817,0.0,2.983,4.715,146 0 180 0
tyrosine,0,lysine,8,9,13,2,11.273,13.327,0.883,14.4,66.0,5.771,0.0,2.983,4.546,150 359 185 353 167 168
tyrosine,0,lysine,8,9,13,3,11.273,13.327,0.883,14.4,66.0,2.079,0.0,2.983,3.878,147 360 180 360 209 212 179 180
tyrosine,0,lysine,8,9,13,4,11.273,13.327,0.883,14.4,66.0,0.0,0.0,2.983,4.548,136 296 237 81 136 214 197 176 175 178
tyrosine,0,lysine,8,9,14,1,11.273,12.804,0.883,13.1,85.7,9.0308,0.0,2.983,4.715,192 360 180 360
tyrosine,0,lysine,8,9,14,2,11.273,12.804,0.883,13.1,85.7,5.3769,0.0,2.983,4.351,188 1 177 4 195 197
tyrosine,0,lysine,8,9,14,3,11.273,12.804,0.883,13.1,85.7,1.7301,0.0,2.983,3.775,191 0 180 0 148 142 181 180
tyrosine,0,lysine,8,9,14,4,11.273,12.804,0.883,13.1,85.7,0.0,0.0,2.983,2.874,234 59 116 283 227 133 155 178 176 182
tyrosine,0,lysine,8,9,15,1,11.273,11.376,0.883,7.3,155.2,8.3538,0.0,2.983,4.715,145 0 180 0
tyrosine,0,lysine,8,9,15,2,11.273,11.376,0.883,7.3,155.2,4.6492,0.0,2.983,4.206,146 0 180 0 157 130
tyrosine,0,lysine,8,9,15,3,11.273,11.376,0.883,7.3,155.2,1.1243,0.0,2.983,2.927,146 1 177 2 218 234 194 189
tyrosine,0,lysine,8,9,15,4,11.273,11.376,0.883,7.3,155.2,0.0,0.0,2.983,3.151,109 301 252 82 125 217 200 152 152 179
tyrosine,0,lysine,8,10,13,1,11.273,11.521,0.883,98.8,60.8,4.2506,0.0,3.146,1.231,320 284 180 180
tyrosine,0,lysine,8,10,13,2,11.273,11.521,0.883,98.8,60.8,0.5414,0.0,3.146,1.467,315 287 180 180 180 180
tyrosine,0,lysine,8,10,13,3,11.273,11.521,0.883,98.8,60.8,0.0,0.0,3.146,3.743,207 132 163 238 236 158 146 174
tyrosine,0,lysine,8,10,13,4,11.273,11.521,0.883,98.8,60.8,0.0,0.0,3.146,3.743,192 157 152 224 224 152 159 232 222 167
tyrosine,0,lysine,8,10,14,1,11.273,10.708,0.883,109.8,91.5,3.4801,0.0,3.146,1.199,328 267 171 175
tyrosine,0,lysine,8,10,14,2,11.273,10.708,0.883,109.8,91.5,0.0,0.0,3.146,2.677,253 131 160 202 191 177
tyrosine,0,lysine,8,10,14,3,11.273,10.708,0.883,109.8,91.5,0.0,0.0,3.146,3.743,211 163 154 226 224 135 151 198
tyrosine,0,lysine,8,10,14,4,11.273,10.708,0.883,109.8,91.5,0.0,0.0,3.146,3.743,180 157 136 242 250 144 167 238 207 155
tyrosine,0,lysine,8,10,15,1,11.273,9.534,0.883,97.9,147.7,2.3276,0.0,3.146,1.147,259 76 175 177
tyrosine,0,lysine,8,10,15,2,11.273,9.534,0.883,97.9,147.7,0.0,0.0,3.146,2.904,248 147 142 230 198 140
tyrosine,0,lysine,8,10,15,3,11.273,9.534,0.883,97.9,147.7,0.0,0.0,3.146,3.265,203 154 137 246 240 130 158 207
tyrosine,0,lysine,8,10,15,4,11.273,9.534,0.883,97.9,147.7,0.0,0.0,3.146,2.887,191 180 162 237 240 104 121 216 187 157
tyrosine,0,leucine,13,8,1,1,11.38,12.03,-0.687,16.1,116.3,8.0935,0.0,2.823,4.381,181 0 180 0
tyrosine,0,leucine,13,8,1,2,11.38,12.03,-0.687,16.1,116.3,4.3198,0.0,2.823,3.287,182 360 180 360 179 179
tyrosine,0,leucine,13,8,1,3,11.38,12.03,-0.687,16.1,116.3,0.7734,0.0,2.223,2.367,178 1 176 5 214 211 192 188
tyrosine,0,leucine,13,8,1,4,11.38,12.03,-0.687,16.1,116.3,0.0,0.0,2.823,2.582,237 70 112 267 228 132 151 186 184 182
tyrosine,0,leucine,13,8,2,1,11.38,14.266,-0.687,20.7,13.2,9.7355,0.0,2.823,4.381,183 0 180 0
tyrosine,0,leucine,13,8,2,2,11.38,14.266,-0.687,20.7,13.2,6.1805,0.0,2.823,3.648,183 360 198 329 180 180
tyrosine,0,leucine,13,8,2,3,11.38,14.266,-0.687,20.7,13.2,2.4771,0.0,1.441,2.632,182 0 167 24 181 180 181 181
tyrosine,0,leucine,13,8,2,4,11.38,14.266,-0.687,20.7,13.2,0.7344,0.0,0.859,2.269,145 359 198 326 168 173 172 173 293 205
tyrosine,0,leucine,13,8,13,1,11.38,12.593,-0.687,25.7,93.6,7.7689,0.0,2.823,4.381,199 360 182 356
tyrosine,0,leucine,13,8,13,2,11.38,12.593,-0.687,25.7,93.6,4.2449,0.0,2.823,3.949,196 1 157 40 188 185
tyrosine,0,leucine,13,8,13,3,11.38,12.593,-0.687,25.7,93.6,0.4831,0.0,2.594,2.66,199 360 165 29 178 179 178 178
tyrosine,0,leucine,13,8,13,4,11.38,12.593,-0.687,25.7,93.6,0.0,0.0,2.823,3.254,259 63 104 269 233 135 148 175 175 182
tyrosine,0,leucine,13,9,1,1,11.38,9.959,-0.687,109.5,113.8,2.697,0.0,2.983,0.976,247 96 177 178
tyrosine,0,leucine,13,9,1,2,11.38,9.959,-0.687,109.5,113.8,0.0,0.0,2.717,2.279,252 168 130 215 173 117
tyrosine,0,leucine,13,9,1,3,11.38,9.959,-0.687,109.5,113.8,0.0,0.0,1.393,2.223,196 152 118 272 262 129 176 225
tyrosine,0,leucine,13,9,1,4,11.38,9.959,-0.687,109.5,113.8,0.0,0.0,2.983,2.973,192 191 167 245 245 77 101 224 193 154
tyrosine,0,leucine,13,9,2,1,11.38,12.153,-0.687,113.8,13.0,4.9198,0.0,2.983,1.364,243 103 180 180
tyrosine,0,leucine,13,9,2,2,11.38,12.153,-0.687,113.8,13.0,1.3307,0.0,2.338,0.926,249 94 189 186 160 164
tyrosine,0,leucine,13,9,2,3,11.38,12.153,-0.687,113.8,13.0,0.4171,0.0,2.636,1.054,269 69 218 212 124 144 20 154
tyrosine,0,leucine,13,9,2,4,11.38,12.153,-0.687,113.8,13.0,0.0,0.0,2.563,1.293,273 73 207 156 162 153 104 127 346 327
tyrosine,0,leucine,13,9,13,1,11.38,10.342,-0.687,122.3,98.2,3.1047,0.0,2.983,2.042,241 115 188 185
tyrosine,0,leucine,13,9,13,2,11.38,10.342,-0.687,122.3,98.2,0.0,0.0,2.983,2.846,254 173 141 210 150 104
tyrosine,0,leucine,13,9,13,3,11.38,10.342,-0.687,122.3,98.2,0.0,0.0,2.532,4.715,198 178 160 222 223 126 142 199
tyrosine,0,leucine,13,9,13,4,11.38,10.342,-0.687,122.3,98.2,0.0,0.0,2.624,4.138,156 201 165 243 245 80 114 199 163 164
tyrosine,0,leucine,13,10,1,1,11.38,9.988,-0.687,108.3,116.2,2.7231,0.0,3.146,1.09,114 267 181 180
tyrosine,0,leucine,13,10,1,2,11.38,9.988,-0.687,108.3,116.2,0.0,0.0,1.622,1.87,116 203 219 143 167 216
tyrosine,0,leucine,13,10,1,3,11.38,9.988,-0.687,108.3,116.2,0.0,0.0,2.564,2.166,161 196 257 82 105 240 159 117
tyrosine,0,leucine,13,10,1,4,11.38,9.988,-0.687,108.3,116.2,0.0,0.0,1.56,2.342,156 171 186 134 133 258 245 135 154 198
tyrosine,0,leucine,13,10,2,1,11.38,12.218,-0.687,111.0,15.5,4.9819,0.0,3.048,1.458,118 262 179 180
tyrosine,0,leucine,13,10,2,2,11.38,12.218,-0.687,111.0,15.5,1.3214,0.0,1.911,1.222,113 259 181 181 170 172
tyrosine,0,leucine,13,10,2,3,11.38,12.218,-0.687,111.0,15.5,0.3832,0.0,2.726,0.385,93 240 215 215 125 146 20 154
tyrosine,0,leucine,13,10,2,4,11.38,12.218,-0.687,111.0,15.5,0.0001,0.0,1.347,2.56,93 190 166 170 193 188 315 205 19 150
tyrosine,0,leucine,13,10,13,1,11.38,10.757,-0.687,104.3,85.7,3.4875,0.0,2.796,0.919,51 87 177 178
tyrosine,0,leucine,13,10,13,2,11.38,10.757,-0.687,104.3,85.7,0.0,0.0,2.215,2.2,127 262 224 192 211 177
tyrosine,0,leucine,13,10,13,3,11.38,10.757,-0.687,104.3,85.7,0.0,0.0,1.388,3.743,164 199 210 134 137 224 209 162
tyrosine,0,leucine,13,10,13,4,11.38,10.757,-0.687,104.3,85.7,0.0,0.0,2.84,3.743,188 199 214 134 130 210 200 118 132 195
tyrosine,0,serine,32,8,3,1,7.992,7.732,-0.573,111.2,60.1,0.5511,0.0,1.873,3.529,345 80 217 199
tyrosine,0,serine,32,8,3,2,7.992,7.732,-0.573,111.2,60.1,0.0,0.0,1.688,4.216,318 36 235 131 96 240
tyrosine,0,serine,32,8,3,3,7.992,7.732,-0.573,111.2,60.1,0.0,0.0,1.965,4.381,311 33 270 161 313 186 69 22
tyrosine,0,serine,32,8,3,4,7.992,7.732,-0.573,111.2,60.1,0.0,0.0,1.679,0.331,51 326 278 355 28 275 249 66 111 221
tyrosine,0,serine,32,8,4,1,7.992,8.155,-0.573,123.8,42.1,0.8792,0.0,2.823,2.63,79 238 186 184
tyrosine,0,serine,32,8,4,2,7.992,8.155,-0.573,123.8,42.1,0.0,0.0,2.823,3.386,75 101 302 194 43 135
tyrosine,0,serine,32,8,4,3,7.992,8.155,-0.573,123.8,42.1,0.0,0.0,2.823,3.322,153 192 212 109 107 246 213 145
tyrosine,0,serine,32,8,4,4,7.992,8.155,-0.573,123.8,42.1,0.0,0.0,2.024,0.363,62 294 254 355 25 272 243 91 133 220
tyrosine,0,serine,32,8,5,1,7.992,7.264,-0.573,129.0,77.6,0.0678,0.0,2.251,4.381,341 147 141 157
tyrosine,0,serine,32,8,5,2,7.992,7.264,-0.573,129.0,77.6,0.0,0.0,2.823,4.381,283 147 153 309 281 260
tyrosine,0,serine,32,8,5,3,7.992,7.264,-0.573,129.0,77.6,0.0,0.0,2.823,4.381,147 233 164 260 259 102 140 219
tyrosine,0,serine,32,8,5,4,7.992,7.264,-0.573,129.0,77.6,0.0,0.0,2.823,4.381,259 4 333 229 278 341 284 329 36 255
tyrosine,0,serine,32,9,3,1,7.992,9.738,-0.573,27.2,69.7,5.0563,0.0,2.804,4.715,62 0 178 3
tyrosine,0,serine,32,9,3,2,7.992,9.738,-0.573,27.2,69.7,1.3963,0.0,2.983,4.715,63 0 199 327 180 180
tyrosine,0,serine,32,9,3,3,7.992,9.738,-0.573,27.2,69.7,0.0,0.0,1.656,4.323,14 321 221 76 163 226 225 195
tyrosine,0,serine,32,9,3,4,7.992,9.738,-0.573,27.2,69.7,0.0,0.0,1.691,4.456,15 333 295 53 80 252 231 144 160 194
tyrosine,0,serine,32,9,4,1,7.992,10.466,-0.573,24.5,38.5,5.9309,0.0,2.983,4.715,94 360 182 358
tyrosine,0,serine,32,9,4,2,7.992,10.466,-0.573,24.5,38.5,2.2565,0.0,2.983,4.715,93 0 164 26 183 182
tyrosine,0,serine,32,9,4,3,7.992,10.466,-0.573,24.5,38.5,0.1662,0.0,2.983,4.018,141 358 153 52 160 170 280 216
tyrosine,0,serine,32,9,4,4,7.992,10.466,-0.573,24.5,38.5,0.0001,0.0,2.983,3.978,107 309 268 79 104 217 206 120 123 186
tyrosine,0,serine,32,9,5,1,7.992,9.488,-0.573,36.8,79.0,4.1079,0.0,2.983,4.715,84 0 188 339
tyrosine,0,serine,32,9,5,2,7.992,9.488,-0.573,36.8,79.0,0.6127,0.0,2.983,4.715,79 2 151 49 201 194
tyrosine,0,serine,32,9,5,3,7.992,9.488,-0.573,36.8,79.0,0.0,0.0,2.788,4.715,54 321 276 58 96 238 216 168
tyrosine,0,serine,32,9,5,4,7.992,9.488,-0.573,36.8,79.0,0.0,0.0,1.673,4.686,14 336 304 55 82 255 230 145 166 197
tyrosine,0,serine,32,10,3,1,7.992,8.916,-0.573,65.8,68.0,1.8679,0.0,2.638,1.051,299 0 200 226
tyrosine,0,serine,32,10,3,2,7.992,8.916,-0.573,65.8,68.0,0.0,0.0,2.357,0.685,341 347 121 154 55 159
tyrosine,0,serine,32,10,3,3,7.992,8.916,-0.573,65.8,68.0,0.0,0.0,2.139,0.425,34 306 145 2 173 172 55 133
tyrosine,0,serine,32,10,3,4,7.992,8.916,-0.573,65.8,68.0,0.0,0.0,3.146,0.662,311 279 346 14 346 111 119 293 259 135
tyrosine,0,serine,32,10,4,1,7.992,9.389,-0.573,74.3,48.9,2.2218,0.0,2.862,1.315,298 343 162 165
tyrosine,0,serine,32,10,4,2,7.992,9.389,-0.573,74.3,48.9,0.0089,0.0,3.146,2.364,244 65 189 183 306 205
tyrosine,0,serine,32,10,4,3,7.992,9.389,-0.573,74.3,48.9,0.0,0.0,3.146,3.681,216 144 136 230 229 125 141 202
tyrosine,0,serine,32,10,4,4,7.992,9.389,-0.573,74.3,48.9,0.0,0.0,2.228,0.831,350 358 35 112 104 110 148 52 15 34
tyrosine,0,serine,32,10,5,1,7.992,8.991,-0.573,59.2,65.2,2.2622,0.0,2.981,1.874,283 0 156 104
tyrosine,0,serine,32,10,5,2,7.992,8.991,-0.573,59.2,65.2,0.0265,0.0,3.146,3.249,257 360 200 303 337 187
tyrosine,0,serine,32,10,5,3,7.992,8.991,-0.573,59.2,65.2,0.0,0.0,3.146,2.272,253 67 75 323 285 97 144 253
tyrosine,0,serine,32,10,5,4,7.992,8.991,-0.573,59.2,65.2,0.0,0.0,2.494,0.59,303 16 53 307 283 114 116 286 274 162
phenylalanine,4,tryptophan,2,12,16,1,5.483,3.815,0.189,84.1,161.4,0.8532,0.0,2.009,0.936,346 146 360 360
phenylalanine,4,tryptophan,2,12,16,2,5.483,3.815,0.189,84.1,161.4,0.0878,0.0,1.62,0.612,45 102 359 332 218 359
phenylalanine,4,tryptophan,2,12,16,3,5.483,3.815,0.189,84.1,161.4,0.0,0.0,1.431,0.393,73 48 48 77 44 44 209 293
phenylalanine,4,tryptophan,2,12,16,4,5.483,3.815,0.189,84.1,161.4,0.0,0.0,0.879,3.197,255 76 79 278 299 83 95 319 227 102
phenylalanine,4,tryptophan,2,12,17,1,5.483,6.211,0.189,77.7,47.0,0.7599,0.0,1.714,2.169,2 30 67 62
phenylalanine,4,tryptophan,2,12,17,2,5.483,6.211,0.189,77.7,47.0,0.0803,0.0,1.644,1.427,28 20 89 93 32 80
phenylalanine,4,tryptophan,2,12,17,3,5.483,6.211,0.189,77.7,47.0,0.0,0.0,2.962,3.197,254 338 239 338 246 133 76 262
phenylalanine,4,tryptophan,2,12,17,4,5.483,6.211,0.189,77.7,47.0,0.0,0.0,2.723,3.197,291 40 92 316 305 107 109 288 209 84
phenylalanine,4,tryptophan,2,12,18,1,5.483,5.805,0.189,91.4,62.9,0.0654,0.0,3.117,2.854,297 264 354 264
phenylalanine,4,tryptophan,2,12,18,2,5.483,5.805,0.189,91.4,62.9,0.0,0.0,3.117,1.767,236 35 264 45 89 356
phenylalanine,4,tryptophan,2,12,18,3,5.483,5.805,0.189,91.4,62.9,0.0,0.0,2.53,0.519,0 198 206 331 285 51 145 351
phenylalanine,4,tryptophan,2,12,18,4,5.483,5.805,0.189,91.4,62.9,0.0,0.0,1.642,1.015,16 352 20 287 280 119 87 291 270 98
phenylalanine,4,tryptophan,2,13,16,1,5.483,5.38,0.189,18.7,174.3,3.4207,0.0,1.311,2.152,327 360 180 360
phenylalanine,4,tryptophan,2,13,16,2,5.483,5.38,0.189,18.7,174.3,0.0889,0.0,0.449,3.139,332 52 118 6 167 9
phenylalanine,4,tryptophan,2,13,16,3,5.483,5.38,0.189,18.7,174.3,0.0,0.0,1.846,1.362,357 59 50 311 269 56 145 255
phenylalanine,4,tryptophan,2,13,16,4,5.483,5.38,0.189,18.7,174.3,0.0,0.0,1.504,1.258,329 38 48 289 266 86 138 286 238 156
phenylalanine,4,tryptophan,2,13,17,1,5.483,7.402,0.189,26.6,65.3,3.3285,0.0,0.751,3.651,354 0 180 0
phenylalanine,4,tryptophan,2,13,17,2,5.483,7.402,0.189,26.6,65.3,0.0,0.0,0.357,3.496,347 32 135 346 201 112
phenylalanine,4,tryptophan,2,13,17,3,5.483,7.402,0.189,26.6,65.3,0.0,0.0,2.007,2.057,305 103 132 252 229 102 120 195
phenylalanine,4,tryptophan,2,13,17,4,5.483,7.402,0.189,26.6,65.3,0.0,0.0,1.16,0.962,359 21 61 325 291 87 117 249 225 160
phenylalanine,4,tryptophan,2,13,18,1,5.483,7.551,0.189,8.2,59.6,5.3522,0.0,0.822,2.667,335 0 180 0
phenylalanine,4,tryptophan,2,13,18,2,5.483,7.551,0.189,8.2,59.6,1.5479,0.0,0.856,2.629,334 0 180 0 160 74
phenylalanine,4,tryptophan,2,13,18,3,5.483,7.551,0.189,8.2,59.6,0.0,0.0,2.976,1.502,232 46 130 315 208 94 142 190
phenylalanine,4,tryptophan,2,13,18,4,5.483,7.551,0.189,8.2,59.6,0.0,0.0,2.663,0.749,263 50 87 283 255 127 135 237 232 166
phenylalanine,4,tryptophan,2,14,16,1,5.483,4.379,0.189,64.2,152.6,0.8074,0.0,2.134,5.169,49 267 294 360
phenylalanine,4,tryptophan,2,14,16,2,5.483,4.379,0.189,64.2,152.6,0.0,0.0,0.908,5.375,352 220 342 353 228 4
phenylalanine,4,tryptophan,2,14,16,3,5.483,4.379,0.189,64.2,152.6,0.0,0.0,0.959,4.697,286 268 322 41 130 1 198 126
phenylalanine,4,tryptophan,2,14,16,4,5.483,4.379,0.189,64.2,152.6,0.0,0.0,1.884,4.726,332 347 347 91 75 277 261 19 116 253
phenylalanine,4,tryptophan,2,14,17,1,5.483,6.352,0.189,72.6,61.5,0.1838,0.0,1.309,5.446,22 309 290 269
phenylalanine,4,tryptophan,2,14,17,2,5.483,6.352,0.189,72.6,61.5,0.0,0.0,2.244,5.446,340 306 324 27 115 261
phenylalanine,4,tryptophan,2,14,17,3,5.483,6.352,0.189,72.6,61.5,0.0,0.0,2.361,5.446,317 350 321 47 73 295 250 133
phenylalanine,4,tryptophan,2,14,17,4,5.483,6.352,0.189,72.6,61.5,0.0,0.0,1.267,5.446,23 5 331 7 13 276 266 61 148 268
phenylalanine,4,tryptophan,2,14,18,1,5.483,5.978,0.189,85.0,75.2,0.0,0.0,2.588,5.082,53 245 295 104
phenylalanine,4,tryptophan,2,14,18,2,5.483,5.978,0.189,85.0,75.2,0.0,0.0,2.098,5.446,7 276 359 49 83 277
phenylalanine,4,tryptophan,2,14,18,3,5.483,5.978,0.189,85.0,75.2,0.0,0.0,2.155,5.446,318 359 316 50 84 298 264 157
phenylalanine,4,tryptophan,2,14,18,4,5.483,5.978,0.189,85.0,75.2,0.0,0.0,0.914,5.446,6 6 354 20 17 287 274 67 144 255
phenylalanine,4,tyrosine,0,12,8,1,6.435,5.634,0.748,127.5,63.9,0.066,0.0,2.948,2.081,103 356 358 274
phenylalanine,4,tyrosine,0,12,8,2,6.435,5.634,0.748,127.5,63.9,0.0,0.0,3.117,3.197,182 33 46 40 52 68
phenylalanine,4,tyrosine,0,12,8,3,6.435,5.634,0.748,127.5,63.9,0.0,0.0,2.171,0.692,13 62 217 112 70 326 250 82
phenylalanine,4,tyrosine,0,12,8,4,6.435,5.634,0.748,127.5,63.9,0.0,0.0,1.46,0.684,13 62 171 138 95 288 280 37 75 229
phenylalanine,4,tyrosine,0,12,9,1,6.435,6.272,0.748,147.0,37.8,0.6566,0.0,3.117,3.197,166 119 302 285
phenylalanine,4,tyrosine,0,12,9,2,6.435,6.272,0.748,147.0,37.8,0.0,0.0,3.117,3.197,189 86 324 150 28 265
phenylalanine,4,tyrosine,0,12,9,3,6.435,6.272,0.748,147.0,37.8,0.0,0.0,2.188,1.243,198 91 246 151 77 300 274 48
phenylalanine,4,tyrosine,0,12,9,4,6.435,6.272,0.748,147.0,37.8,0.0,0.0,3.117,1.915,94 75 154 164 106 289 283 30 124 269
phenylalanine,4,tyrosine,0,12,10,1,6.435,3.821,0.748,144.0,144.9,0.8591,0.0,3.117,2.966,140 354 2 0
phenylalanine,4,tyrosine,0,12,10,2,6.435,3.821,0.748,144.0,144.9,0.3302,0.0,1.553,0.757,29 322 9 8 160 7
phenylalanine,4,tyrosine,0,12,10,3,6.435,3.821,0.748,144.0,144.9,0.0,0.0,3.054,1.042,286 139 271 108 57 297 235 77
phenylalanine,4,tyrosine,0,12,10,4,6.435,3.821,0.748,144.0,144.9,0.0,0.0,2.258,0.316,275 83 241 124 36 328 239 39 203 250
phenylalanine,4,tyrosine,0,13,8,1,6.435,6.195,0.748,101.7,87.4,0.0,0.0,2.976,3.675,216 183 61 238
phenylalanine,4,tyrosine,0,13,8,2,6.435,6.195,0.748,101.7,87.4,0.0,0.0,2.976,3.994,164 184 79 286 256 93
phenylalanine,4,tyrosine,0,13,8,3,6.435,6.195,0.748,101.7,87.4,0.0,0.0,2.976,3.994,148 206 104 219 258 97 149 251
phenylalanine,4,tyrosine,0,13,8,4,6.435,6.195,0.748,101.7,87.4,0.0,0.0,2.976,3.994,132 176 150 217 233 129 122 267 251 144
phenylalanine,4,tyrosine,0,13,9,1,6.435,7.553,0.748,86.0,32.3,0.789,0.0,2.976,3.908,206 354 266 208
phenylalanine,4,tyrosine,0,13,9,2,6.435,7.553,0.748,86.0,32.3,0.0479,0.0,2.976,3.994,182 330 293 209 354 209
phenylalanine,4,tyrosine,0,13,9,3,6.435,7.553,0.748,86.0,32.3,0.0,0.0,2.976,3.994,147 172 115 222 258 123 127 219
phenylalanine,4,tyrosine,0,13,9,4,6.435,7.553,0.748,86.0,32.3,0.0,0.0,2.976,3.994,190 192 142 185 214 110 113 275 245 147
phenylalanine,4,tyrosine,0,13,10,1,6.435,5.182,0.748,79.9,132.2,0.0,0.0,2.976,3.483,209 145 65 319
phenylalanine,4,tyrosine,0,13,10,2,6.435,5.182,0.748,79.9,132.2,0.0,0.0,2.976,3.994,172 302 330 58 98 299
phenylalanine,4,tyrosine,0,13,10,3,6.435,5.182,0.748,79.9,132.2,0.0,0.0,2.324,0.987,307 121 45 347 181 315 173 340
phenylalanine,4,tyrosine,0,13,10,4,6.435,5.182,0.748,79.9,132.2,0.0,0.0,1.891,0.57,279 108 109 235 250 82 80 283 250 134
phenylalanine,4,tyrosine,0,14,8,1,6.435,7.542,0.748,50.6,73.0,1.3946,0.0,2.811,4.148,166 0 196 308
phenylalanine,4,tyrosine,0,14,8,2,6.435,7.542,0.748,50.6,73.0,0.0,0.0,2.811,4.008,195 347 214 345 103 6
phenylalanine,4,tyrosine,0,14,8,3,6.435,7.542,0.748,50.6,73.0,0.0,0.0,2.811,4.228,142 318 320 35 71 287 226 112
phenylalanine,4,tyrosine,0,14,8,4,6.435,7.542,0.748,50.6,73.0,0.0,0.0,1.934,0.382,61 315 228 353 185 14 199 151 80 151
phenylalanine,4,tyrosine,0,14,9,1,6.435,8.212,0.748,61.5,46.5,1.4046,0.0,2.811,4.006,150 359 157 110
phenylalanine,4,tyrosine,0,14,9,2,6.435,8.212,0.748,61.5,46.5,0.0,0.0,2.811,2.321,145 272 251 143 77 126
phenylalanine,4,tyrosine,0,14,9,3,6.435,8.212,0.748,61.5,46.5,0.0,0.0,2.811,4.989,197 279 184 265 4 82 7 105
phenylalanine,4,tyrosine,0,14,9,4,6.435,8.212,0.748,61.5,46.5,0.0,0.0,2.034,2.404,53 350 312 65 95 245 225 139 150 191
phenylalanine,4,tyrosine,0,14,10,1,6.435,5.809,0.748,57.0,157.1,0.6228,0.0,2.811,4.04,159 20 120 37
phenylalanine,4,tyrosine,0,14,10,2,6.435,5.809,0.748,57.0,157.1,0.0,0.0,2.811,4.103,220 284 210 55 104 7
phenylalanine,4,tyrosine,0,14,10,3,6.435,5.809,0.748,57.0,157.1,0.0,0.0,1.713,1.268,53 318 280 86 113 262 246 162
phenylalanine,4,tyrosine,0,14,10,4,6.435,5.809,0.748,57.0,157.1,0.0,0.0,0.962,1.329,18 345 303 71 103 257 237 130 144 194
phenylalanine,4,lysine,1,12,13,1,7.684,7.87,-0.853,55.0,100.2,1.4441,0.0,1.535,0.858,82 1 157 76
phenylalanine,4,lysine,1,12,13,2,7.684,7.87,-0.853,55.0,100.2,0.0,0.0,1.547,1.058,31 346 232 67 120 192
phenylalanine,4,lysine,1,12,13,3,7.684,7.87,-0.853,55.0,100.2,0.0,0.0,2.325,1.544,1 317 259 88 145 252 217 185
phenylalanine,4,lysine,1,12,13,4,7.684,7.87,-0.853,55.0,100.2,0.0,0.0,1.911,0.912,2 355 319 47 70 267 244 130 154 202
phenylalanine,4,lysine,1,12,14,1,7.684,9.728,-0.853,59.8,17.3,3.0202,0.0,1.006,1.64,95 0 206 247
phenylalanine,4,lysine,1,12,14,2,7.684,9.728,-0.853,59.8,17.3,0.8118,0.0,0.815,2.427,118 0 166 140 335 186
phenylalanine,4,lysine,1,12,14,3,7.684,9.728,-0.853,59.8,17.3,0.0869,0.0,1.753,2.914,138 360 185 191 278 194 360 180
phenylalanine,4,lysine,1,12,14,4,7.684,9.728,-0.853,59.8,17.3,0.0,0.0,2.674,3.197,174 317 211 67 95 208 244 156 99 187
phenylalanine,4,lysine,1,12,15,1,7.684,8.467,-0.853,71.5,77.8,1.3335,0.0,1.777,1.446,95 351 158 155
phenylalanine,4,lysine,1,12,15,2,7.684,8.467,-0.853,71.5,77.8,0.0,0.0,1.535,2.266,148 260 200 82 138 201
phenylalanine,4,lysine,1,12,15,3,7.684,8.467,-0.853,71.5,77.8,0.0,0.0,2.042,0.679,69 318 334 31 36 289 245 118
phenylalanine,4,lysine,1,12,15,4,7.684,8.467,-0.853,71.5,77.8,0.0,0.0,2.42,0.618,82 349 343 357 25 305 264 44 88 223
phenylalanine,4,lysine,1,13,13,1,7.684,5.95,-0.853,134.4,99.3,0.0,0.0,1.908,1.694,335 271 66 258
phenylalanine,4,lysine,1,13,13,2,7.684,5.95,-0.853,134.4,99.3,0.0,0.0,1.628,0.68,285 273 10 315 308 268
phenylalanine,4,lysine,1,13,13,3,7.684,5.95,-0.853,134.4,99.3,0.0,0.0,1.594,0.522,15 3 91 67 43 20 113 343
phenylalanine,4,lysine,1,13,13,4,7.684,5.95,-0.853,134.4,99.3,0.0,0.0,2.651,3.994,114 6 51 120 69 15 65 356 296 124
phenylalanine,4,lysine,1,13,14,1,7.684,7.71,-0.853,148.9,26.6,1.0249,0.0,2.305,3.994,11 168 244 241
phenylalanine,4,lysine,1,13,14,2,7.684,7.71,-0.853,148.9,26.6,0.1839,0.0,2.651,3.994,47 137 273 217 346 223
phenylalanine,4,lysine,1,13,14,3,7.684,7.71,-0.853,148.9,26.6,0.0,0.0,1.866,3.994,184 191 198 262 242 95 71 184
phenylalanine,4,lysine,1,13,14,4,7.684,7.71,-0.853,148.9,26.6,0.0,0.0,2.651,3.994,73 18 64 44 355 109 145 294 276 138
phenylalanine,4,lysine,1,13,15,1,7.684,6.914,-0.853,137.9,63.5,0.1126,0.0,1.413,1.588,318 246 77 164
phenylalanine,4,lysine,1,13,15,2,7.684,6.914,-0.853,137.9,63.5,0.0,0.0,0.533,2.509,232 183 112 294 269 88
phenylalanine,4,lysine,1,13,15,3,7.684,6.914,-0.853,137.9,63.5,0.0,0.0,1.632,3.994,192 189 147 229 273 110 135 238
phenylalanine,4,lysine,1,13,15,4,7.684,6.914,-0.853,137.9,63.5,0.0,0.0,1.493,2.047,304 86 130 357 336 68 107 303 241 136
phenylalanine,4,lysine,1,14,13,1,7.684,8.188,-0.853,41.0,107.5,2.6927,0.0,2.811,5.446,272 359 194 330
phenylalanine,4,lysine,1,14,13,2,7.684,8.188,-0.853,41.0,107.5,0.0,0.0,2.614,5.228,308 353 163 300 271 199
phenylalanine,4,lysine,1,14,13,3,7.684,8.188,-0.853,41.0,107.5,0.0,0.0,1.126,5.198,341 35 85 288 246 117 140 187
phenylalanine,4,lysine,1,14,13,4,7.684,8.188,-0.853,41.0,107.5,0.0,0.0,1.402,5.446,333 13 51 305 278 109 130 235 217 162
phenylalanine,4,lysine,1,14,14,1,7.684,10.046,-0.853,46.2,31.0,4.0445,0.0,2.757,5.446,258 1 203 287
phenylalanine,4,lysine,1,14,14,2,7.684,10.046,-0.853,46.2,31.0,0.6185,0.0,2.691,5.446,255 4 216 258 222 199
phenylalanine,4,lysine,1,14,14,3,7.684,10.046,-0.853,46.2,31.0,0.0,0.0,2.811,5.446,296 300 255 243 212 216 37 78
phenylalanine,4,lysine,1,14,14,4,7.684,10.046,-0.853,46.2,31.0,0.0,0.0,2.465,5.446,308 2 74 302 281 130 130 221 238 181
phenylalanine,4,lysine,1,14,15,1,7.684,9.358,-0.853,32.8,63.0,4.3758,0.0,2.133,5.195,249 1 170 18
phenylalanine,4,lysine,1,14,15,2,7.684,9.358,-0.853,32.8,63.0,0.9003,0.0,0.605,4.242,237 2 159 30 216 205
phenylalanine,4,lysine,1,14,15,3,7.684,9.358,-0.853,32.8,63.0,0.0,0.0,1.543,3.296,178 57 143 305 219 128 138 177
phenylalanine,4,lysine,1,14,15,4,7.684,9.358,-0.853,32.8,63.0,0.0,0.0,2.495,1.425,323 294 297 271 204 113 100 216 248 206
phenylalanine,4,aspartic,21,12,3,1,7.682,9.069,-0.551,58.9,49.3,2.3699,0.0,1.513,1.722,24 359 204 259
phenylalanine,4,aspartic,21,12,3,2,7.682,9.069,-0.551,58.9,49.3,0.4099,0.0,1.847,1.185,55 2 156 47 34 166
phenylalanine,4,aspartic,21,12,3,3,7.682,9.069,-0.551,58.9,49.3,0.0,0.0,1.838,0.349,86 305 231 46 89 246 247 164
phenylalanine,4,aspartic,21,12,3,4,7.682,9.069,-0.551,58.9,49.3,0.0,0.0,1.667,0.503,40 329 291 41 70 253 228 97 121 204
phenylalanine,4,aspartic,21,12,4,1,7.682,9.073,-0.551,73.0,49.1,1.8573,0.0,1.571,1.888,23 350 165 166
phenylalanine,4,aspartic,21,12,4,2,7.682,9.073,-0.551,73.0,49.1,0.0001,0.0,2.34,2.551,326 70 199 223 277 237
phenylalanine,4,aspartic,21,12,4,3,7.682,9.073,-0.551,73.0,49.1,0.0,0.0,2.321,1.528,332 2 308 12 59 301 262 156
phenylalanine,4,aspartic,21,12,4,4,7.682,9.073,-0.551,73.0,49.1,0.0,0.0,1.452,0.4,11 3 319 7 41 269 237 100 124 204
phenylalanine,4,aspartic,21,12,5,1,7.682,6.986,-0.551,63.7,135.9,0.1629,0.0,1.59,2.126,15 1 154 100
phenylalanine,4,aspartic,21,12,5,2,7.682,6.986,-0.551,63.7,135.9,0.0,0.0,2.108,2.628,338 293 309 64 77 231
phenylalanine,4,aspartic,21,12,5,3,7.682,6.986,-0.551,63.7,135.9,0.0,0.0,2.272,2.212,299 348 311 31 76 317 261 138
phenylalanine,4,aspartic,21,12,5,4,7.682,6.986,-0.551,63.7,135.9,0.0,0.0,2.519,1.121,311 351 334 9 29 334 257 43 158 210
phenylalanine,4,aspartic,21,13,3,1,7.682,8.54,-0.551,79.0,64.0,1.2514,0.0,1.475,3.155,333 33 182 181
phenylalanine,4,aspartic,21,13,3,2,7.682,8.54,-0.551,79.0,64.0,0.0,0.0,2.37,3.994,49 316 138 304 299 144
phenylalanine,4,aspartic,21,13,3,3,7.682,8.54,-0.551,79.0,64.0,0.0,0.0,2.103,3.994,40 359 40 342 300 63 113 221
phenylalanine,4,aspartic,21,13,3,4,7.682,8.54,-0.551,79.0,64.0,0.0,0.0,1.173,3.314,359 339 28 1 324 88 119 276 248 151
phenylalanine,4,aspartic,21,13,4,1,7.682,9.216,-0.551,67.7,33.7,2.0837,0.0,1.237,2.978,341 360 164 144
phenylalanine,4,aspartic,21,13,4,2,7.682,9.216,-0.551,67.7,33.7,0.4746,0.0,1.103,0.998,306 0 217 257 1 179
phenylalanine,4,aspartic,21,13,4,3,7.682,9.216,-0.551,67.7,33.7,0.0,0.0,1.719,0.693,285 340 191 76 173 77 103 176
phenylalanine,4,aspartic,21,13,4,4,7.682,9.216,-0.551,67.7,33.7,0.0,0.0,1.35,0.735,326 27 66 328 299 103 130 264 239 155
phenylalanine,4,aspartic,21,13,5,1,7.682,6.948,-0.551,65.2,128.4,0.0395,0.0,1.314,3.469,349 359 157 107
phenylalanine,4,aspartic,21,13,5,2,7.682,6.948,-0.551,65.2,128.4,0.0,0.0,2.165,3.994,61 341 112 1 191 87
phenylalanine,4,aspartic,21,13,5,3,7.682,6.948,-0.551,65.2,128.4,0.0,0.0,1.619,3.994,70 27 52 322 285 18 88 235
phenylalanine,4,aspartic,21,13,5,4,7.682,6.948,-0.551,65.2,128.4,0.0,0.0,1.555,0.423,308 38 75 322 307 76 96 314 257 129
phenylalanine,4,aspartic,21,14,3,1,7.682,9.389,-0.551,45.3,62.2,3.4586,0.0,1.267,5.446,344 360 159 61
phenylalanine,4,aspartic,21,14,3,2,7.682,9.389,-0.551,45.3,62.2,0.0,0.0,1.56,5.446,342 345 162 82 162 162
phenylalanine,4,aspartic,21,14,3,3,7.682,9.389,-0.551,45.3,62.2,0.0,0.0,2.811,5.446,301 322 231 164 83 297 130 211
phenylalanine,4,aspartic,21,14,3,4,7.682,9.389,-0.551,45.3,62.2,0.0,0.0,1.88,3.807,301 53 83 299 274 120 143 249 228 160
phenylalanine,4,aspartic,21,14,4,1,7.682,9.816,-0.551,42.6,44.1,4.0268,0.0,0.89,5.446,4 360 200 305
phenylalanine,4,aspartic,21,14,4,2,7.682,9.816,-0.551,42.6,44.1,0.5036,0.0,0.901,5.446,8 0 212 285 186 183
phenylalanine,4,aspartic,21,14,4,3,7.682,9.816,-0.551,42.6,44.1,0.0,0.0,1.194,5.446,345 2 246 25 97 246 259 218
phenylalanine,4,aspartic,21,14,4,4,7.682,9.816,-0.551,42.6,44.1,0.0,0.0,1.25,5.446,355 341 299 29 69 263 229 126 146 196
phenylalanine,4,aspartic,21,14,5,1,7.682,7.448,-0.551,45.0,147.8,1.9578,0.0,0.917,5.446,357 359 202 318
phenylalanine,4,aspartic,21,14,5,2,7.682,7.448,-0.551,45.0,147.8,0.0,0.0,2.11,4.806,313 349 201 2 210 97
phenylalanine,4,aspartic,21,14,5,3,7.682,7.448,-0.551,45.0,147.8,0.0,0.0,1.872,4.711,294 130 76 255 257 98 192 256
phenylalanine,4,aspartic,21,14,5,4,7.682,7.448,-0.551,45.0,147.8,0.0,0.0,2.699,4.031,83 318 107 14 239 211 330 120 346 136
phenylalanine,4,glutamic,8,12,5,1,7.96,6.97,0.191,115.2,95.3,0.014,0.0,2.365,1.116,26 62 258 215
phenylalanine,4,glutamic,8,12,5,2,7.96,6.97,0.191,115.2,95.3,0.0,0.0,3.117,2.398,117 158 259 331 325 286
phenylalanine,4,glutamic,8,12,5,3,7.96,6.97,0.191,115.2,95.3,0.0,0.0,3.117,2.297,176 116 274 55 119 21 242 160
phenylalanine,4,glutamic,8,12,5,4,7.96,6.97,0.191,115.2,95.3,0.0,0.0,2.368,3.197,179 169 185 131 123 243 235 118 136 202
phenylalanine,4,glutamic,8,12,6,1,7.96,7.191,0.191,120.3,87.0,0.0,0.0,3.117,1.714,124 223 208 162
phenylalanine,4,glutamic,8,12,6,2,7.96,7.191,0.191,120.3,87.0,0.0,0.0,3.117,2.623,151 173 295 30 89 274
phenylalanine,4,glutamic,8,12,6,3,7.96,7.191,0.191,120.3,87.0,0.0,0.0,3.117,3.197,200 182 254 88 100 270 197 141
phenylalanine,4,glutamic,8,12,6,4,7.96,7.191,0.191,120.3,87.0,0.0,0.0,2.89,2.7,198 160 182 127 119 252 243 122 141 203
phenylalanine,4,glutamic,8,12,7,1,7.96,6.514,0.191,100.9,114.1,0.0,0.0,3.117,1.551,123 229 223 97
phenylalanine,4,glutamic,8,12,7,2,7.96,6.514,0.191,100.9,114.1,0.0,0.0,3.117,2.617,150 194 284 51 94 281
phenylalanine,4,glutamic,8,12,7,3,7.96,6.514,0.191,100.9,114.1,0.0,0.0,3.117,3.197,188 225 228 88 83 262 260 149
phenylalanine,4,glutamic,8,12,7,4,7.96,6.514,0.191,100.9,114.1,0.0,0.0,3.117,3.197,195 202 216 130 122 231 230 89 103 209
phenylalanine,4,glutamic,8,13,5,1,7.96,7.517,0.191,92.8,81.6,0.3675,0.0,2.344,0.752,319 312 139 153
phenylalanine,4,glutamic,8,13,5,2,7.96,7.517,0.191,92.8,81.6,0.0,0.0,2.976,1.262,248 298 288 1 315 258
phenylalanine,4,glutamic,8,13,5,3,7.96,7.517,0.191,92.8,81.6,0.0,0.0,2.976,2.783,201 126 94 286 284 93 145 240
phenylalanine,4,glutamic,8,13,5,4,7.96,7.517,0.191,92.8,81.6,0.0,0.0,2.976,2.951,178 145 132 234 239 129 136 280 266 159
phenylalanine,4,glutamic,8,13,6,1,7.96,7.58,0.191,103.3,79.3,0.3414,0.0,2.976,1.996,230 91 164 169
phenylalanine,4,glutamic,8,13,6,2,7.96,7.58,0.191,103.3,79.3,0.0,0.0,2.976,3.994,200 173 120 260 230 122
phenylalanine,4,glutamic,8,13,6,3,7.96,7.58,0.191,103.3,79.3,0.0,0.0,2.976,3.994,182 183 149 240 234 85 112 206
phenylalanine,4,glutamic,8,13,6,4,7.96,7.58,0.191,103.3,79.3,0.0,0.0,2.976,3.994,161 180 159 224 232 128 135 244 226 158
phenylalanine,4,glutamic,8,13,7,1,7.96,6.273,0.191,110.9,136.1,0.0,0.0,2.976,2.206,266 224 46 226
phenylalanine,4,glutamic,8,13,7,2,7.96,6.273,0.191,110.9,136.1,0.0,0.0,2.976,2.903,204 184 107 277 239 82
phenylalanine,4,glutamic,8,13,7,3,7.96,6.273,0.191,110.9,136.1,0.0,0.0,2.976,3.534,178 188 145 253 256 69 105 218
phenylalanine,4,glutamic,8,13,7,4,7.96,6.273,0.191,110.9,136.1,0.0,0.0,2.976,3.343,179 191 173 225 235 116 119 251 233 155
phenylalanine,4,glutamic,8,14,5,1,7.96,9.212,0.191,15.2,92.4,5.7722,0.0,2.811,3.231,136 0 179 0
phenylalanine,4,glutamic,8,14,5,2,7.96,9.212,0.191,15.2,92.4,1.993,0.0,2.811,2.073,139 360 180 360 157 131
phenylalanine,4,glutamic,8,14,5,3,7.96,9.212,0.191,15.2,92.4,0.0,0.0,2.811,0.269,120 313 196 66 187 252 217 180
phenylalanine,4,glutamic,8,14,5,4,7.96,9.212,0.191,15.2,92.4,0.0,0.0,2.479,1.332,77 315 284 76 100 232 214 136 147 190
phenylalanine,4,glutamic,8,14,6,1,7.96,9.402,0.191,27.2,85.3,4.7562,0.0,2.811,3.8,163 0 180 0
phenylalanine,4,glutamic,8,14,6,2,7.96,9.402,0.191,27.2,85.3,1.2932,0.0,2.811,3.097,171 358 197 336 152 158
phenylalanine,4,glutamic,8,14,6,3,7.96,9.402,0.191,27.2,85.3,0.0,0.0,2.811,3.539,147 283 271 86 117 226 193 157
phenylalanine,4,glutamic,8,14,6,4,7.96,9.402,0.191,27.2,85.3,0.0,0.0,2.279,1.425,70 322 285 72 104 238 219 149 158 187
phenylalanine,4,glutamic,8,14,7,1,7.96,8.411,0.191,17.5,126.4,4.9459,0.0,2.811,4.406,194 360 181 359
phenylalanine,4,glutamic,8,14,7,2,7.96,8.411,0.191,17.5,126.4,1.1861,0.0,2.811,2.66,190 360 180 360 206 239
phenylalanine,4,glutamic,8,14,7,3,7.96,8.411,0.191,17.5,126.4,0.0,0.0,2.811,2.86,214 73 117 269 219 118 147 195
phenylalanine,4,glutamic,8,14,7,4,7.96,8.411,0.191,17.5,126.4,0.0,0.0,1.312,0.534,347 51 90 290 257 102 122 206 196 172
phenylalanine,4,leucine,5,12,1,1,7.729,7.667,0.681,129.7,37.8,0.7455,0.0,0.759,3.197,163 86 256 198
phenylalanine,4,leucine,5,12,1,2,7.729,7.667,0.681,129.7,37.8,0.0804,0.0,1.461,3.197,159 6 294 228 7 109
phenylalanine,4,leucine,5,12,1,3,7.729,7.667,0.681,129.7,37.8,0.0,0.0,2.795,2.275,111 156 101 243 348 124 77 241
phenylalanine,4,leucine,5,12,1,4,7.729,7.667,0.681,129.7,37.8,0.0,0.0,3.117,1.542,86 185 138 206 252 158 112 262 265 111
phenylalanine,4,leucine,5,12,2,1,7.729,6.431,0.681,140.1,86.7,0.0,0.0,1.622,3.197,186 270 56 119
phenylalanine,4,leucine,5,12,2,2,7.729,6.431,0.681,140.1,86.7,0.0,0.0,2.453,3.197,185 335 61 127 342 336
phenylalanine,4,leucine,5,12,2,3,7.729,6.431,0.681,140.1,86.7,0.0,0.0,2.69,0.725,11 123 215 82 70 104 89 114
phenylalanine,4,leucine,5,12,2,4,7.729,6.431,0.681,140.1,86.7,0.0,0.0,3.117,0.363,262 123 200 135 94 267 264 97 159 249
phenylalanine,4,leucine,5,12,13,1,7.729,7.249,0.681,146.9,56.3,0.5273,0.0,1.56,2.22,239 176 243 249
phenylalanine,4,leucine,5,12,13,2,7.729,7.249,0.681,146.9,56.3,0.0,0.0,1.256,2.311,253 99 306 176 15 221
phenylalanine,4,leucine,5,12,13,3,7.729,7.249,0.681,146.9,56.3,0.0,0.0,3.117,1.396,117 229 148 214 261 87 103 236
phenylalanine,4,leucine,5,12,13,4,7.729,7.249,0.681,146.9,56.3,0.0,0.0,3.117,2.571,124 148 263 303 71 119 109 359 160 46
phenylalanine,4,leucine,5,13,1,1,7.729,8.914,0.681,77.9,50.4,1.6279,0.0,1.332,3.66,217 331 176 178
phenylalanine,4,leucine,5,13,1,2,7.729,8.914,0.681,77.9,50.4,0.0,0.0,1.666,3.994,143 100 169 244 260 213
phenylalanine,4,leucine,5,13,1,3,7.729,8.914,0.681,77.9,50.4,0.0,0.0,2.456,3.307,232 222 230 178 45 176 79 315
phenylalanine,4,leucine,5,13,1,4,7.729,8.914,0.681,77.9,50.4,0.0,0.0,2.976,3.799,211 227 31 138 248 127 86 250 313 108
phenylalanine,4,leucine,5,13,2,1,7.729,7.741,0.681,81.6,95.2,0.4537,0.0,2.075,3.832,190 40 184 183
phenylalanine,4,leucine,5,13,2,2,7.729,7.741,0.681,81.6,95.2,0.0,0.0,1.904,3.994,162 163 97 252 248 157
phenylalanine,4,leucine,5,13,2,3,7.729,7.741,0.681,81.6,95.2,0.0,0.0,2.976,0.831,260 105 82 221 233 84 105 223
phenylalanine,4,leucine,5,13,2,4,7.729,7.741,0.681,81.6,95.2,0.0,0.0,2.976,1.345,246 122 109 196 207 110 115 266 239 149
phenylalanine,4,leucine,5,13,13,1,7.729,9.044,0.681,67.4,44.5,1.9198,0.0,1.675,3.678,211 0 195 215
phenylalanine,4,leucine,5,13,13,2,7.729,9.044,0.681,67.4,44.5,0.2333,0.0,2.976,2.056,246 0 143 101 1 179
phenylalanine,4,leucine,5,13,13,3,7.729,9.044,0.681,67.4,44.5,0.0,0.0,2.763,0.554,291 335 117 41 186 111 345 279
phenylalanine,4,leucine,5,13,13,4,7.729,9.044,0.681,67.4,44.5,0.0,0.0,2.951,0.673,269 99 103 222 219 116 127 228 208 160
phenylalanine,4,leucine,5,14,1,1,7.729,8.485,0.681,93.9,53.2,1.218,0.0,1.02,4.516,115 73 168 173
phenylalanine,4,leucine,5,14,1,2,7.729,8.485,0.681,93.9,53.2,0.0,0.0,1.692,5.446,206 202 236 117 125 203
phenylalanine,4,leucine,5,14,1,3,7.729,8.485,0.681,93.9,53.2,0.0,0.0,1.497,5.368,185 134 263 160 111 296 258 111
phenylalanine,4,leucine,5,14,1,4,7.729,8.485,0.681,93.9,53.2,0.0,0.0,2.554,5.446,203 163 207 159 135 249 247 111 142 212
phenylalanine,4,leucine,5,14,2,1,7.729,7.866,0.681,77.0,77.0,0.6945,0.0,1.265,4.681,171 337 151 154
phenylalanine,4,leucine,5,14,2,2,7.729,7.866,0.681,77.0,77.0,0.0,0.0,1.712,5.446,193 39 96 224 271 150
phenylalanine,4,leucine,5,14,2,3,7.729,7.866,0.681,77.0,77.0,0.0,0.0,2.442,0.862,72 332 238 73 144 304 318 198
phenylalanine,4,leucine,5,14,2,4,7.729,7.866,0.681,77.0,77.0,0.0,0.0,2.811,1.159,100 257 249 137 136 255 253 119 137 207
phenylalanine,4,leucine,5,14,13,1,7.729,8.558,0.681,85.4,50.1,1.2826,0.0,1.313,2.98,108 52 173 176
phenylalanine,4,leucine,5,14,13,2,7.729,8.558,0.681,85.4,50.1,0.0,0.0,2.281,1.264,89 360 234 166 81 217
phenylalanine,4,leucine,5,14,13,3,7.729,8.558,0.681,85.4,50.1,0.0,0.0,2.312,2.24,150 183 257 184 102 268 274 90
phenylalanine,4,leucine,5,14,13,4,7.729,8.558,0.681,85.4,50.1,0.0,0.0,2.752,3.486,168 176 214 174 150 244 248 100 122 211
phenylalanine,4,serine,4,12,3,1,3.712,3.703,-0.312,129.1,23.5,1.796,0.0,3.117,3.055,268 38 6 8
phenylalanine,4,serine,4,12,3,2,3.712,3.703,-0.312,129.1,23.5,0.7108,0.0,2.649,2.524,305 44 7 88 73 3
phenylalanine,4,serine,4,12,3,3,3.712,3.703,-0.312,129.1,23.5,0.0,0.0,2.743,1.84,352 308 117 248 279 59 123 293
phenylalanine,4,serine,4,12,3,4,3.712,3.703,-0.312,129.1,23.5,0.0,0.0,3.117,2.686,129 122 99 275 305 85 84 304 253 113
phenylalanine,4,serine,4,12,4,1,3.712,1.897,-0.312,108.6,87.3,3.1079,0.0,3.117,2.982,157 295 353 355
phenylalanine,4,serine,4,12,4,2,3.712,1.897,-0.312,108.6,87.3,2.1417,0.0,3.117,1.272,111 291 356 314 242 358
phenylalanine,4,serine,4,12,4,3,3.712,1.897,-0.312,108.6,87.3,0.009,0.0,3.117,3.197,270 51 61 108 41 30 128 18
phenylalanine,4,serine,4,12,4,4,3.712,1.897,-0.312,108.6,87.3,0.0,0.0,1.862,2.283,355 41 80 275 264 77 97 282 238 140
phenylalanine,4,serine,4,12,5,1,3.712,2.096,-0.312,139.1,80.4,2.8206,0.0,2.514,2.364,313 34 359 359
phenylalanine,4,serine,4,12,5,2,3.712,2.096,-0.312,139.1,80.4,1.8614,0.0,1.831,1.208,21 39 2 40 126 1
phenylalanine,4,serine,4,12,5,3,3.712,2.096,-0.312,139.1,80.4,0.0,0.0,3.117,0.327,106 27 31 33 111 32 141 358
phenylalanine,4,serine,4,12,5,4,3.712,2.096,-0.312,139.1,80.4,0.0,0.0,1.854,0.678,60 336 353 302 320 76 73 287 222 91
phenylalanine,4,serine,4,13,3,1,3.712,5.656,-0.312,50.0,34.4,1.3597,0.0,2.976,3.994,195 309 254 349
phenylalanine,4,serine,4,13,3,2,3.712,5.656,-0.312,50.0,34.4,0.0122,0.0,2.976,3.994,167 308 278 251 316 310
phenylalanine,4,serine,4,13,3,3,3.712,5.656,-0.312,50.0,34.4,0.0,0.0,2.976,2.666,213 65 44 221 13 111 69 304
phenylalanine,4,serine,4,13,3,4,3.712,5.656,-0.312,50.0,34.4,0.0,0.0,2.976,3.994,106 257 320 337 291 23 66 297 249 140
phenylalanine,4,serine,4,13,4,1,3.712,3.261,-0.312,58.7,135.2,1.9131,0.0,2.976,3.994,201 236 321 360
phenylalanine,4,serine,4,13,4,2,3.712,3.261,-0.312,58.7,135.2,0.6973,0.0,2.976,1.927,265 133 355 323 233 357
phenylalanine,4,serine,4,13,4,3,3.712,3.261,-0.312,58.7,135.2,0.0,0.0,1.793,1.186,301 55 8 300 270 28 168 272
phenylalanine,4,serine,4,13,4,4,3.712,3.261,-0.312,58.7,135.2,0.0,0.0,2.35,3.345,28 357 0 296 262 53 136 276 208 155
phenylalanine,4,serine,4,13,5,1,3.712,4.543,-0.312,34.9,77.8,2.5684,0.0,2.976,1.902,237 51 109 4
phenylalanine,4,serine,4,13,5,2,3.712,4.543,-0.312,34.9,77.8,0.1203,0.0,2.642,0.446,277 89 63 17 139 24
phenylalanine,4,serine,4,13,5,3,3.712,4.543,-0.312,34.9,77.8,0.0,0.0,1.931,0.546,331 59 66 283 265 66 121 232
phenylalanine,4,serine,4,13,5,4,3.712,4.543,-0.312,34.9,77.8,0.0,0.0,1.536,0.798,354 11 50 303 271 87 115 252 227 157
phenylalanine,4,serine,4,14,3,1,3.712,4.573,-0.312,89.8,55.4,0.6297,0.0,2.811,3.804,98 214 9 12
phenylalanine,4,serine,4,14,3,2,3.712,4.573,-0.312,89.8,55.4,0.0,0.0,2.811,4.682,168 116 357 194 351 358
phenylalanine,4,serine,4,14,3,3,3.712,4.573,-0.312,89.8,55.4,0.0,0.0,2.751,1.281,61 222 347 194 70 284 196 32
phenylalanine,4,serine,4,14,3,4,3.712,4.573,-0.312,89.8,55.4,0.0,0.0,2.52,0.809,67 261 268 159 126 260 270 45 107 257
phenylalanine,4,serine,4,14,4,1,3.712,2.884,-0.312,71.0,121.8,1.99,0.0,2.811,5.446,159 146 8 3
phenylalanine,4,serine,4,14,4,2,3.712,2.884,-0.312,71.0,121.8,1.0744,0.0,2.811,5.136,214 123 355 327 229 357
phenylalanine,4,serine,4,14,4,3,3.712,2.884,-0.312,71.0,121.8,0.0,0.0,2.766,5.31,71 251 50 51 97 25 108 46
phenylalanine,4,serine,4,14,4,4,3.712,2.884,-0.312,71.0,121.8,0.0,0.0,2.265,5.446,298 56 3 49 85 312 278 63 109 222
phenylalanine,4,serine,4,14,5,1,3.712,3.774,-0.312,64.3,83.7,1.5116,0.0,2.811,3.111,96 242 327 355
phenylalanine,4,serine,4,14,5,2,3.712,3.774,-0.312,64.3,83.7,0.147,0.0,2.381,2.675,39 233 5 34 130 3
phenylalanine,4,serine,4,14,5,3,3.712,3.774,-0.312,64.3,83.7,0.0,0.0,1.478,3.119,4 316 327 79 91 296 216 101
phenylalanine,4,serine,4,14,5,4,3.712,3.774,-0.312,64.3,83.7,0.0,0.0,0.928,2.567,356 15 331 48 76 284 259 91 119 208
phenylalanine,4,tryptophan,5,12,16,1,11.491,10.136,0.681,103.4,124.8,2.8875,0.0,2.639,0.912,30 84 183 182
phenylalanine,4,tryptophan,5,12,16,2,11.491,10.136,0.681,103.4,124.8,0.0,0.0,3.047,1.445,104 212 222 148 165 205
phenylalanine,4,tryptophan,5,12,16,3,11.491,10.136,0.681,103.4,124.8,0.0,0.0,2.258,0.767,99 176 337 18 80 295 117 64
phenylalanine,4,tryptophan,5,12,16,4,11.491,10.136,0.681,103.4,124.8,0.0,0.0,3.117,3.197,157 184 192 139 139 231 223 133 146 195
phenylalanine,4,tryptophan,5,12,17,1,11.491,11.497,0.681,108.3,70.6,4.2499,0.0,3.054,0.691,94 268 174 177
phenylalanine,4,tryptophan,5,12,17,2,11.491,11.497,0.681,108.3,70.6,0.5226,0.0,1.663,0.627,90 269 170 175 172 173
phenylalanine,4,tryptophan,5,12,17,3,11.491,11.497,0.681,108.3,70.6,0.0,0.0,3.117,1.831,108 196 191 153 163 243 236 171
phenylalanine,4,tryptophan,5,12,17,4,11.491,11.497,0.681,108.3,70.6,0.0,0.0,3.117,3.125,156 195 199 133 134 214 205 136 148 193
phenylalanine,4,tryptophan,5,12,18,1,11.491,12.396,0.681,99.5,29.0,5.1453,0.0,2.638,0.827,28 77 179 180
phenylalanine,4,tryptophan,5,12,18,2,11.491,12.396,0.681,99.5,29.0,1.4234,0.0,2.623,0.932,33 72 188 184 185 184
phenylalanine,4,tryptophan,5,12,18,3,11.491,12.396,0.681,99.5,29.0,0.1448,0.0,2.805,0.426,56 61 154 163 214 209 342 194
phenylalanine,4,tryptophan,5,12,18,4,11.491,12.396,0.681,99.5,29.0,0.0,0.0,3.117,2.515,147 215 212 138 140 198 193 112 111 184
phenylalanine,4,tryptophan,5,13,16,1,11.491,10.072,0.681,105.9,127.4,2.8352,0.0,2.401,1.114,333 272 175 177
phenylalanine,4,tryptophan,5,13,16,2,11.491,10.072,0.681,105.9,127.4,0.0,0.0,2.976,1.924,273 169 103 207 164 113
phenylalanine,4,tryptophan,5,13,16,3,11.491,10.072,0.681,105.9,127.4,0.0,0.0,2.96,1.956,224 40 260 222 318 303 25 88
phenylalanine,4,tryptophan,5,13,16,4,11.491,10.072,0.681,105.9,127.4,0.0,0.0,2.976,3.459,225 181 182 220 213 114 113 228 228 170
phenylalanine,4,tryptophan,5,13,17,1,11.491,11.79,0.681,96.7,58.5,4.5252,0.0,2.406,0.526,331 287 182 181
phenylalanine,4,tryptophan,5,13,17,2,11.491,11.79,0.681,96.7,58.5,0.8036,0.0,2.289,0.82,326 292 177 179 178 178
phenylalanine,4,tryptophan,5,13,17,3,11.491,11.79,0.681,96.7,58.5,0.0,0.0,2.117,2.277,224 60 231 251 246 200 105 103
phenylalanine,4,tryptophan,5,13,17,4,11.491,11.79,0.681,96.7,58.5,0.0,0.0,2.976,3.775,205 147 145 231 228 156 166 239 231 170
phenylalanine,4,tryptophan,5,13,18,1,11.491,12.2,0.681,107.2,39.8,4.9726,0.0,2.93,0.962,265 90 186 184
phenylalanine,4,tryptophan,5,13,18,2,11.491,12.2,0.681,107.2,39.8,1.2305,0.0,2.073,0.799,269 89 190 185 188 187
phenylalanine,4,tryptophan,5,13,18,3,11.491,12.2,0.681,107.2,39.8,0.0,0.0,2.975,2.154,278 148 172 188 184 117 85 164
phenylalanine,4,tryptophan,5,13,18,4,11.491,12.2,0.681,107.2,39.8,0.0,0.0,2.976,3.633,218 167 167 216 213 145 151 223 216 171
phenylalanine,4,tryptophan,5,14,16,1,11.491,12.109,0.681,7.7,123.7,8.9423,0.0,2.811,4.261,188 360 180 360
phenylalanine,4,tryptophan,5,14,16,2,11.491,12.109,0.681,7.7,123.7,5.3025,0.0,2.811,2.946,183 0 179 1 204 222
phenylalanine,4,tryptophan,5,14,16,3,11.491,12.109,0.681,7.7,123.7,1.7613,0.0,2.811,2.429,179 0 179 1 146 124 188 184
phenylalanine,4,tryptophan,5,14,16,4,11.491,12.109,0.681,7.7,123.7,0.0,0.0,2.811,2.599,243 61 122 282 219 133 154 189 186 179
phenylalanine,4,tryptophan,5,14,17,1,11.491,13.584,0.681,6.5,65.3,10.3818,0.0,2.811,1.965,111 0 180 0
phenylalanine,4,tryptophan,5,14,17,2,11.491,13.584,0.681,6.5,65.3,6.7083,0.0,2.811,0.723,116 360 182 358 160 147
phenylalanine,4,tryptophan,5,14,17,3,11.491,13.584,0.681,6.5,65.3,3.1112,0.0,2.811,1.523,113 360 181 359 215 230 176 178
phenylalanine,4,tryptophan,5,14,17,4,11.491,13.584,0.681,6.5,65.3,0.0,0.0,2.358,1.286,111 329 211 48 156 217 198 177 177 181
phenylalanine,4,tryptophan,5,14,18,1,11.491,14.26,0.681,4.8,34.0,11.1603,0.0,2.811,4.899,231 360 180 360
phenylalanine,4,tryptophan,5,14,18,2,11.491,14.26,0.681,4.8,34.0,7.476,0.0,2.811,3.505,227 0 179 1 200 214
phenylalanine,4,tryptophan,5,14,18,3,11.491,14.26,0.681,4.8,34.0,3.8938,0.0,2.811,2.613,228 0 179 1 144 129 184 182
phenylalanine,4,tryptophan,5,14,18,4,11.491,14.26,0.681,4.8,34.0,0.3996,0.0,2.811,2.379,243 360 180 360 210 214 178 179 139 152
phenylalanine,4,lysine,8,12,13,1,7.841,9.642,0.967,51.6,48.3,3.3176,0.0,2.438,0.452,73 0 205 276
phenylalanine,4,lysine,8,12,13,2,7.841,9.642,0.967,51.6,48.3,0.265,0.0,3.117,1.698,96 359 192 250 229 188
phenylalanine,4,lysine,8,12,13,3,7.841,9.642,0.967,51.6,48.3,0.0,0.0,1.99,0.783,67 335 278 30 69 261 250 169
phenylalanine,4,lysine,8,12,13,4,7.841,9.642,0.967,51.6,48.3,0.0,0.0,1.573,0.978,41 344 306 53 77 240 221 116 133 199
phenylalanine,4,lysine,8,12,14,1,7.841,8.149,0.967,42.0,106.1,2.7248,0.0,2.013,1.017,58 2 165 27
phenylalanine,4,lysine,8,12,14,2,7.841,8.149,0.967,42.0,106.1,0.0,0.0,0.91,1.482,38 350 190 340 287 233
phenylalanine,4,lysine,8,12,14,3,7.841,8.149,0.967,42.0,106.1,0.0,0.0,3.117,0.709,91 246 317 47 116 305 106 88
phenylalanine,4,lysine,8,12,14,4,7.841,8.149,0.967,42.0,106.1,0.0,0.0,1.934,0.436,65 325 296 64 88 253 230 75 102 207
phenylalanine,4,lysine,8,12,15,1,7.841,7.666,0.967,59.3,128.4,1.291,0.0,2.07,0.892,60 2 214 264
phenylalanine,4,lysine,8,12,15,2,7.841,7.666,0.967,59.3,128.4,0.0,0.0,1.901,1.454,24 312 254 89 126 206
phenylalanine,4,lysine,8,12,15,3,7.841,7.666,0.967,59.3,128.4,0.0,0.0,2.115,0.591,350 3 284 34 79 301 300 185
phenylalanine,4,lysine,8,12,15,4,7.841,7.666,0.967,59.3,128.4,0.0,0.0,1.911,0.571,55 358 304 34 57 258 260 86 99 216
phenylalanine,4,lysine,8,13,13,1,7.841,7.779,0.967,126.4,56.4,0.691,0.0,2.976,3.994,36 215 227 210
phenylalanine,4,lysine,8,13,13,2,7.841,7.779,0.967,126.4,56.4,0.0,0.0,2.976,2.595,272 181 126 27 92 152
phenylalanine,4,lysine,8,13,13,3,7.841,7.779,0.967,126.4,56.4,0.0,0.0,2.249,3.994,36 302 41 233 28 250 341 345
phenylalanine,4,lysine,8,13,13,4,7.841,7.779,0.967,126.4,56.4,0.0,0.0,1.669,1.728,255 114 229 261 191 275 351 97 48 77
phenylalanine,4,lysine,8,13,14,1,7.841,6.355,0.967,112.6,110.9,0.0103,0.0,2.976,3.994,45 194 291 258
phenylalanine,4,lysine,8,13,14,2,7.841,6.355,0.967,112.6,110.9,0.0,0.0,2.976,3.994,65 107 287 56 213 304
phenylalanine,4,lysine,8,13,14,3,7.841,6.355,0.967,112.6,110.9,0.0,0.0,2.183,3.994,47 352 152 39 21 38 129 45
phenylalanine,4,lysine,8,13,14,4,7.841,6.355,0.967,112.6,110.9,0.0,0.0,2.976,1.582,275 115 243 154 1 4 169 151 332 341
phenylalanine,4,lysine,8,13,15,1,7.841,6.201,0.967,116.1,117.9,0.2367,0.0,2.976,3.509,43 230 219 331
phenylalanine,4,lysine,8,13,15,2,7.841,6.201,0.967,116.1,117.9,0.0,0.0,2.976,2.628,277 230 72 38 56 91
phenylalanine,4,lysine,8,13,15,3,7.841,6.201,0.967,116.1,117.9,0.0,0.0,2.976,3.234,223 248 55 4 225 299 131 46
phenylalanine,4,lysine,8,13,15,4,7.841,6.201,0.967,116.1,117.9,0.0,0.0,1.82,0.509,307 360 62 58 24 72 97 281 238 135
phenylalanine,4,lysine,8,14,13,1,7.841,9.812,0.967,43.9,51.4,3.9416,0.0,2.811,5.446,285 360 159 60
phenylalanine,4,lysine,8,14,13,2,7.841,9.812,0.967,43.9,51.4,0.3959,0.0,2.811,5.381,284 360 145 76 177 178
phenylalanine,4,lysine,8,14,13,3,7.841,9.812,0.967,43.9,51.4,0.0,0.0,2.594,5.446,296 20 95 323 278 111 115 173
phenylalanine,4,lysine,8,14,13,4,7.841,9.812,0.967,43.9,51.4,0.0,0.0,1.59,5.446,325 20 56 306 280 119 140 232 215 163
phenylalanine,4,lysine,8,14,14,1,7.841,8.005,0.967,48.6,123.3,2.1246,0.0,2.811,5.446,296 1 205 297
phenylalanine,4,lysine,8,14,14,2,7.841,8.005,0.967,48.6,123.3,0.0,0.0,1.641,4.776,333 358 187 350 89 89
phenylalanine,4,lysine,8,14,14,3,7.841,8.005,0.967,48.6,123.3,0.0,0.0,2.176,5.446,301 51 54 313 298 84 132 243
phenylalanine,4,lysine,8,14,14,4,7.841,8.005,0.967,48.6,123.3,0.0,0.0,1.673,5.446,325 14 50 308 282 108 129 262 238 155
phenylalanine,4,lysine,8,14,15,1,7.841,8.261,0.967,32.0,111.6,3.5819,0.0,2.811,5.446,286 2 170 13
phenylalanine,4,lysine,8,14,15,2,7.841,8.261,0.967,32.0,111.6,0.1462,0.0,2.811,3.452,270 4 164 16 231 231
phenylalanine,4,lysine,8,14,15,3,7.841,8.261,0.967,32.0,111.6,0.0,0.0,2.668,3.209,285 57 73 302 272 101 145 222
phenylalanine,4,lysine,8,14,15,4,7.841,8.261,0.967,32.0,111.6,0.0,0.0,2.461,3.293,295 35 68 292 266 117 140 263 243 161
phenylalanine,4,leucine,13,12,1,1,12.692,10.769,-0.053,138.4,118.1,3.5123,0.0,3.117,1.334,240 148 179 180
phenylalanine,4,leucine,13,12,1,2,12.692,10.769,-0.053,138.4,118.1,0.0,0.0,2.631,1.658,241 161 192 198 212 209
phenylalanine,4,leucine,13,12,1,3,12.692,10.769,-0.053,138.4,118.1,0.0,0.0,3.117,1.195,216 194 196 232 190 74 96 180
phenylalanine,4,leucine,13,12,1,4,12.692,10.769,-0.053,138.4,118.1,0.0,0.0,3.117,3.197,173 201 178 208 220 135 138 231 217 161
phenylalanine,4,leucine,13,12,2,1,12.692,12.877,-0.053,132.7,29.5,5.6381,0.0,3.117,1.65,232 137 177 178
phenylalanine,4,leucine,13,12,2,2,12.692,12.877,-0.053,132.7,29.5,1.8966,0.0,1.548,1.386,291 218 179 180 180 180
phenylalanine,4,leucine,13,12,2,3,12.692,12.877,-0.053,132.7,29.5,0.2268,0.0,1.832,1.751,248 119 170 175 172 172 326 195
phenylalanine,4,leucine,13,12,2,4,12.692,12.877,-0.053,132.7,29.5,0.0,0.0,1.877,3.123,287 267 178 194 154 185 53 186 8 103
phenylalanine,4,leucine,13,12,13,1,12.692,12.051,-0.053,139.0,68.2,4.7835,0.0,3.117,1.826,280 211 180 180
phenylalanine,4,leucine,13,12,13,2,12.692,12.051,-0.053,139.0,68.2,1.0633,0.0,1.834,1.885,236 159 181 180 181 181
phenylalanine,4,leucine,13,12,13,3,12.692,12.051,-0.053,139.0,68.2,0.0,0.0,2.371,3.197,183 186 164 210 216 143 161 204
phenylalanine,4,leucine,13,12,13,4,12.692,12.051,-0.053,139.0,68.2,0.0,0.0,3.117,3.197,172 202 182 207 216 129 133 219 206 164
phenylalanine,4,leucine,13,13,1,1,12.692,13.102,-0.053,39.2,114.3,7.3791,0.0,2.976,3.642,212 360 201 300
phenylalanine,4,leucine,13,13,1,2,12.692,13.102,-0.053,39.2,114.3,3.8326,0.0,2.976,2.024,211 0 145 75 180 180
phenylalanine,4,leucine,13,13,1,3,12.692,13.102,-0.053,39.2,114.3,0.1348,0.0,2.334,1.577,211 1 210 286 196 188 191 191
phenylalanine,4,leucine,13,13,1,4,12.692,13.102,-0.053,39.2,114.3,0.0,0.0,2.154,0.703,264 48 93 277 235 132 143 139 150 195
phenylalanine,4,leucine,13,13,2,1,12.692,15.129,-0.053,38.2,28.4,9.4127,0.0,2.976,3.994,202 0 158 65
phenylalanine,4,leucine,13,13,2,2,12.692,15.129,-0.053,38.2,28.4,5.888,0.0,2.976,2.339,202 0 215 283 182 181
phenylalanine,4,leucine,13,13,2,3,12.692,15.129,-0.053,38.2,28.4,2.172,0.0,1.295,2.405,201 0 149 73 188 184 186 186
phenylalanine,4,leucine,13,13,2,4,12.692,15.129,-0.053,38.2,28.4,0.52,0.0,0.701,2.378,190 359 162 36 170 175 171 171 316 198
phenylalanine,4,leucine,13,13,13,1,12.692,14.238,-0.053,47.1,70.5,8.022,0.0,2.976,3.957,204 0 205 268
phenylalanine,4,leucine,13,13,13,2,12.692,14.238,-0.053,47.1,70.5,4.512,0.0,2.976,2.936,203 1 142 92 188 185
phenylalanine,4,leucine,13,13,13,3,12.692,14.238,-0.053,47.1,70.5,0.7513,0.0,1.882,2.054,204 0 147 93 182 181 181 181
phenylalanine,4,leucine,13,13,13,4,12.692,14.238,-0.053,47.1,70.5,0.0,0.0,2.487,2.908,208 54 132 231 183 163 151 97 120 194
phenylalanine,4,leucine,13,14,1,1,12.692,11.685,-0.053,96.6,109.0,4.4318,0.0,2.811,2.415,137 287 183 182
phenylalanine,4,leucine,13,14,1,2,12.692,11.685,-0.053,96.6,109.0,0.7199,0.0,2.109,1.334,73 68 191 186 189 188
phenylalanine,4,leucine,13,14,1,3,12.692,11.685,-0.053,96.6,109.0,0.0,0.0,1.463,2.603,178 215 219 112 125 203 178 156
phenylalanine,4,leucine,13,14,1,4,12.692,11.685,-0.053,96.6,109.0,0.0,0.0,1.902,1.824,164 171 215 124 116 300 272 128 171 216
phenylalanine,4,leucine,13,14,2,1,12.692,13.506,-0.053,104.1,34.0,6.2574,0.0,2.811,2.91,139 274 178 179
phenylalanine,4,leucine,13,14,2,2,12.692,13.506,-0.053,104.1,34.0,2.5251,0.0,1.371,2.19,69 84 180 180 180 180
phenylalanine,4,leucine,13,14,2,3,12.692,13.506,-0.053,104.1,34.0,0.3146,0.0,1.034,2.721,122 264 195 188 190 189 293 204
phenylalanine,4,leucine,13,14,2,4,12.692,13.506,-0.053,104.1,34.0,0.0,0.0,1.631,5.086,108 200 189 183 192 235 238 138 126 175
phenylalanine,4,leucine,13,14,13,1,12.692,12.869,-0.053,100.9,63.7,5.6055,0.0,2.811,2.626,76 80 180 180
phenylalanine,4,leucine,13,14,13,2,12.692,12.869,-0.053,100.9,63.7,1.8816,0.0,1.514,1.825,144 283 180 180 180 180
phenylalanine,4,leucine,13,14,13,3,12.692,12.869,-0.053,100.9,63.7,0.0,0.0,1.374,4.003,178 243 178 134 136 185 220 209
phenylalanine,4,leucine,13,14,13,4,12.692,12.869,-0.053,100.9,63.7,0.0,0.0,2.519,5.446,188 198 210 151 149 203 197 127 134 190
phenylalanine,4,serine,32,12,3,1,8.855,9.078,-0.501,93.8,71.6,1.7896,0.0,3.085,0.834,107 292 181 180
phenylalanine,4,serine,32,12,3,2,8.855,9.078,-0.501,93.8,71.6,0.0,0.0,3.117,1.098,105 232 241 248 69 246
phenylalanine,4,serine,32,12,3,3,8.855,9.078,-0.501,93.8,71.6,0.0,0.0,3.117,2.593,133 190 204 132 137 279 265 160
phenylalanine,4,serine,32,12,3,4,8.855,9.078,-0.501,93.8,71.6,0.0,0.0,3.117,3.197,165 186 195 132 130 240 234 135 150 199
phenylalanine,4,serine,32,12,4,1,8.855,9.16,-0.501,80.8,68.6,1.8731,0.0,2.693,0.27,58 39 182 181
phenylalanine,4,serine,32,12,4,2,8.855,9.16,-0.501,80.8,68.6,0.0,0.0,1.777,0.827,49 1 234 320 348 147
phenylalanine,4,serine,32,12,4,3,8.855,9.16,-0.501,80.8,68.6,0.0,0.0,3.117,2.51,155 252 256 69 81 243 220 148
phenylalanine,4,serine,32,12,4,4,8.855,9.16,-0.501,80.8,68.6,0.0,0.0,3.117,3.197,176 222 230 127 128 218 207 97 111 195
phenylalanine,4,serine,32,12,5,1,8.855,9.764,-0.501,94.1,43.5,2.4852,0.0,2.777,0.496,54 67 184 182
phenylalanine,4,serine,32,12,5,2,8.855,9.764,-0.501,94.1,43.5,0.2211,0.0,3.117,2.131,141 277 150 162 76 148
phenylalanine,4,serine,32,12,5,3,8.855,9.764,-0.501,94.1,43.5,0.0,0.0,3.117,3.197,164 199 218 131 135 235 211 155
phenylalanine,4,serine,32,12,5,4,8.855,9.764,-0.501,94.1,43.5,0.0,0.0,3.117,3.197,174 187 200 141 137 232 223 131 145 196
phenylalanine,4,serine,32,13,3,1,8.855,8.57,-0.501,114.3,59.9,1.2819,0.0,2.395,1.208,340 256 182 182
phenylalanine,4,serine,32,13,3,2,8.855,8.57,-0.501,114.3,59.9,0.0,0.0,1.769,0.815,359 302 138 146 355 222
phenylalanine,4,serine,32,13,3,3,8.855,8.57,-0.501,114.3,59.9,0.0,0.0,2.976,1.982,233 125 101 282 320 102 130 256
phenylalanine,4,serine,32,13,3,4,8.855,8.57,-0.501,114.3,59.9,0.0,0.0,2.976,3.648,188 149 145 235 246 142 136 270 268 168
phenylalanine,4,serine,32,13,4,1,8.855,7.995,-0.501,129.3,81.5,0.7558,0.0,2.408,2.293,346 238 162 170
phenylalanine,4,serine,32,13,4,2,8.855,7.995,-0.501,129.3,81.5,0.0,0.0,2.377,1.309,326 300 37 267 25 40
phenylalanine,4,serine,32,13,4,3,8.855,7.995,-0.501,129.3,81.5,0.0,0.0,2.976,3.81,210 189 173 246 241 72 91 202
phenylalanine,4,serine,32,13,4,4,8.855,7.995,-0.501,129.3,81.5,0.0,0.0,2.527,0.34,279 83 130 325 323 94 91 306 265 118
phenylalanine,4,serine,32,13,5,1,8.855,8.983,-0.501,127.7,42.1,1.745,0.0,2.976,1.993,253 123 193 187
phenylalanine,4,serine,32,13,5,2,8.855,8.983,-0.501,127.7,42.1,0.0256,0.0,2.976,3.179,224 143 170 173 334 194
phenylalanine,4,serine,32,13,5,3,8.855,8.983,-0.501,127.7,42.1,0.0,0.0,2.976,3.994,188 192 153 245 216 100 170 217
phenylalanine,4,serine,32,13,5,4,8.855,8.983,-0.501,127.7,42.1,0.0,0.0,2.976,3.994,177 194 177 221 229 127 135 235 218 161
phenylalanine,4,serine,32,14,3,1,8.855,10.792,-0.501,12.7,66.2,7.3275,0.0,2.811,4.875,229 360 180 360
phenylalanine,4,serine,32,14,3,2,8.855,10.792,-0.501,12.7,66.2,3.5734,0.0,2.811,3.487,231 360 181 359 198 219
phenylalanine,4,serine,32,14,3,3,8.855,10.792,-0.501,12.7,66.2,0.5309,0.0,2.811,1.715,275 360 180 360 205 242 180 180
phenylalanine,4,serine,32,14,3,4,8.855,10.792,-0.501,12.7,66.2,0.0,0.0,1.575,1.073,326 62 122 277 216 128 153 202 200 179
phenylalanine,4,serine,32,14,4,1,8.855,10.407,-0.501,24.8,80.7,5.8348,0.0,2.811,5.129,247 360 181 358
phenylalanine,4,serine,32,14,4,2,8.855,10.407,-0.501,24.8,80.7,2.2486,0.0,2.811,3.942,243 1 164 25 194 190
phenylalanine,4,serine,32,14,4,3,8.855,10.407,-0.501,24.8,80.7,0.0,0.0,2.811,3.868,251 54 152 273 193 134 148 178
phenylalanine,4,serine,32,14,4,4,8.855,10.407,-0.501,24.8,80.7,0.0,0.0,2.266,3.028,338 258 302 257 223 106 96 159 165 184
phenylalanine,4,serine,32,14,5,1,8.855,11.361,-0.501,24.7,41.8,6.6892,0.0,2.811,4.746,217 0 179 1
phenylalanine,4,serine,32,14,5,2,8.855,11.361,-0.501,24.7,41.8,3.169,0.0,2.811,3.819,221 359 200 329 165 170
phenylalanine,4,serine,32,14,5,3,8.855,11.361,-0.501,24.7,41.8,0.1031,0.0,2.811,4.663,208 359 213 295 174 176 103 146
phenylalanine,4,serine,32,14,5,4,8.855,11.361,-0.501,24.7,41.8,0.0,0.0,2.811,4.976,253 43 86 288 256 145 158 221 221 180
lysine,1,tryptophan,2,13,16,1,11.84,9.644,-0.34,120.9,143.0,2.4387,0.0,2.961,2.373,276 117 173 176
lysine,1,tryptophan,2,13,16,2,11.84,9.644,-0.34,120.9,143.0,0.0,0.0,2.422,2.318,263 166 160 231 188 123
lysine,1,tryptophan,2,13,16,3,11.84,9.644,-0.34,120.9,143.0,0.0,0.0,1.605,1.942,211 155 149 257 252 131 157 207
lysine,1,tryptophan,2,13,16,4,11.84,9.644,-0.34,120.9,143.0,0.0,0.0,2.989,4.245,173 186 170 247 251 111 133 211 177 155
lysine,1,tryptophan,2,13,17,1,11.84,10.828,-0.34,132.6,88.9,3.5732,0.0,2.444,3.388,344 226 175 177
lysine,1,tryptophan,2,13,17,2,11.84,10.828,-0.34,132.6,88.9,0.0,0.0,2.847,2.707,279 157 179 211 161 158
lysine,1,tryptophan,2,13,17,3,11.84,10.828,-0.34,132.6,88.9,0.0,0.0,2.434,2.913,227 177 173 221 219 129 141 196
lysine,1,tryptophan,2,13,17,4,11.84,10.828,-0.34,132.6,88.9,0.0,0.0,1.583,3.996,192 170 163 227 236 152 158 245 231 161
lysine,1,tryptophan,2,13,18,1,11.84,12.069,-0.34,123.0,38.0,4.8137,0.0,2.93,2.465,278 119 178 179
lysine,1,tryptophan,2,13,18,2,11.84,12.069,-0.34,123.0,38.0,1.0881,0.0,2.842,2.706,283 120 175 178 176 176
lysine,1,tryptophan,2,13,18,3,11.84,12.069,-0.34,123.0,38.0,0.0,0.0,2.627,2.975,296 103 157 128 202 158 27 131
lysine,1,tryptophan,2,13,18,4,11.84,12.069,-0.34,123.0,38.0,0.0,0.0,2.42,3.472,322 155 242 239 149 63 49 223 311 240
lysine,1,tryptophan,2,14,16,1,11.84,11.937,-0.34,20.0,147.5,7.6487,0.0,3.879,5.894,265 360 181 359
lysine,1,tryptophan,2,14,16,2,11.84,11.937,-0.34,20.0,147.5,3.9864,0.0,3.879,4.886,263 0 171 15 183 182
lysine,1,tryptophan,2,14,16,3,11.84,11.937,-0.34,20.0,147.5,0.4154,0.0,3.253,4.251,263 359 191 344 154 161 158 164
lysine,1,tryptophan,2,14,16,4,11.84,11.937,-0.34,20.0,147.5,0.0003,0.0,3.879,5.128,294 51 86 288 262 140 157 204 198 174
lysine,1,tryptophan,2,14,17,1,11.84,13.254,-0.34,27.4,86.7,8.2581,0.0,3.879,5.501,249 0 179 3
lysine,1,tryptophan,2,14,17,2,11.84,13.254,-0.34,27.4,86.7,4.7932,0.0,3.879,5.275,252 359 206 313 170 174
lysine,1,tryptophan,2,14,17,3,11.84,13.254,-0.34,27.4,86.7,1.0003,0.0,2.905,4.531,249 0 199 320 182 181 182 182
lysine,1,tryptophan,2,14,17,4,11.84,13.254,-0.34,27.4,86.7,0.0,0.0,3.879,5.991,292 54 92 283 260 152 162 187 186 178
lysine,1,tryptophan,2,14,18,1,11.84,14.376,-0.34,21.7,40.7,9.7543,0.0,3.879,5.943,267 360 181 358
lysine,1,tryptophan,2,14,18,2,11.84,14.376,-0.34,21.7,40.7,6.2084,0.0,3.879,5.362,266 0 159 35 184 183
lysine,1,tryptophan,2,14,18,3,11.84,14.376,-0.34,21.7,40.7,2.4629,0.0,3.811,4.633,267 360 192 338 177 178 178 178
lysine,1,tryptophan,2,14,18,4,11.84,14.376,-0.34,21.7,40.7,0.0543,0.0,3.879,5.091,290 0 157 49 188 184 185 185 81 153
lysine,1,tryptophan,2,15,16,1,11.84,10.636,-0.34,81.3,143.9,3.4075,0.0,2.421,0.966,92 324 178 179
lysine,1,tryptophan,2,15,16,2,11.84,10.636,-0.34,81.3,143.9,0.0,0.0,2.111,1.068,43 44 217 197 225 194
lysine,1,tryptophan,2,15,16,3,11.84,10.636,-0.34,81.3,143.9,0.0,0.0,2.057,1.175,146 220 229 114 124 217 189 153
lysine,1,tryptophan,2,15,16,4,11.84,10.636,-0.34,81.3,143.9,0.0,0.0,1.801,1.785,148 193 203 135 136 245 232 144 164 197
lysine,1,tryptophan,2,15,17,1,11.84,12.058,-0.34,81.1,80.7,4.7959,0.0,2.507,1.025,61 37 182 181
lysine,1,tryptophan,2,15,17,2,11.84,12.058,-0.34,81.1,80.7,1.0725,0.0,2.589,1.213,94 338 176 178 178 178
lysine,1,tryptophan,2,15,17,3,11.84,12.058,-0.34,81.1,80.7,0.0,0.0,1.263,0.83,133 225 217 142 153 215 203 169
lysine,1,tryptophan,2,15,17,4,11.84,12.058,-0.34,81.1,80.7,0.0,0.0,2.555,2.499,165 214 216 134 138 208 198 134 145 191
lysine,1,tryptophan,2,15,18,1,11.84,13.11,-0.34,81.3,36.0,5.8566,0.0,2.431,0.956,93 323 179 179
lysine,1,tryptophan,2,15,18,2,11.84,13.11,-0.34,81.3,36.0,2.1488,0.0,2.172,1.361,57 26 190 186 187 186
lysine,1,tryptophan,2,15,18,3,11.84,13.11,-0.34,81.3,36.0,0.209,0.0,1.673,1.595,54 3 161 158 189 184 302 208
lysine,1,tryptophan,2,15,18,4,11.84,13.11,-0.34,81.3,36.0,0.0,0.0,2.714,1.235,70 253 208 161 191 229 226 138 115 162
lysine,1,tyrosine,0,13,8,1,9.456,9.026,-0.766,63.9,117.3,2.1366,0.0,1.267,1.811,312 359 202 241
lysine,1,tyrosine,0,13,8,2,9.456,9.026,-0.766,63.9,117.3,0.0,0.0,1.361,1.689,331 24 99 1 322 213
lysine,1,tyrosine,0,13,8,3,9.456,9.026,-0.766,63.9,117.3,0.0,0.0,1.776,1.374,350 140 15 271 222 85 284 308
lysine,1,tyrosine,0,13,8,4,9.456,9.026,-0.766,63.9,117.3,0.0,0.0,1.378,1.203,311 23 56 317 290 101 123 293 259 146
lysine,1,tyrosine,0,13,9,1,9.456,11.271,-0.766,69.8,17.5,4.1415,0.0,1.423,1.767,312 1 194 202
lysine,1,tyrosine,0,13,9,2,9.456,11.271,-0.766,69.8,17.5,1.0839,0.0,0.444,3.035,328 0 188 195 240 196
lysine,1,tyrosine,0,13,9,3,9.456,11.271,-0.766,69.8,17.5,0.2442,0.0,1.333,4.028,345 1 195 207 229 196 1 179
lysine,1,tyrosine,0,13,9,4,9.456,11.271,-0.766,69.8,17.5,0.0,0.0,1.389,4.214,353 30 163 332 120 172 307 227 34 118
lysine,1,tyrosine,0,13,10,1,9.456,9.487,-0.766,78.3,98.2,2.2968,0.0,1.513,1.584,298 26 197 192
lysine,1,tyrosine,0,13,10,2,9.456,9.487,-0.766,78.3,98.2,0.0,0.0,2.132,0.833,360 282 171 41 245 134
lysine,1,tyrosine,0,13,10,3,9.456,9.487,-0.766,78.3,98.2,0.0,0.0,1.9,1.875,4 1 53 322 289 102 127 195
lysine,1,tyrosine,0,13,10,4,9.456,9.487,-0.766,78.3,98.2,0.0,0.0,1.251,0.429,332 353 33 338 310 103 129 260 235 153
lysine,1,tyrosine,0,14,8,1,9.456,9.746,-0.766,30.6,131.8,4.8137,0.0,3.405,5.991,43 360 180 359
lysine,1,tyrosine,0,14,8,2,9.456,9.746,-0.766,30.6,131.8,1.4577,0.0,3.146,4.971,35 1 162 30 206 197
lysine,1,tyrosine,0,14,8,3,9.456,9.746,-0.766,30.6,131.8,0.0,0.0,2.183,3.739,81 299 249 63 108 231 213 173
lysine,1,tyrosine,0,14,8,4,9.456,9.746,-0.766,30.6,131.8,0.0,0.0,3.687,5.261,350 110 56 318 343 218 199 106 123 205
lysine,1,tyrosine,0,14,9,1,9.456,12.162,-0.766,28.2,27.3,7.1703,0.0,3.305,5.991,40 0 179 1
lysine,1,tyrosine,0,14,9,2,9.456,12.162,-0.766,28.2,27.3,3.7193,0.0,3.489,5.271,42 359 206 316 166 171
lysine,1,tyrosine,0,14,9,3,9.456,12.162,-0.766,28.2,27.3,0.4889,0.0,3.592,5.343,41 358 214 293 161 168 118 146
lysine,1,tyrosine,0,14,9,4,9.456,12.162,-0.766,28.2,27.3,0.0,0.0,3.498,5.968,352 339 215 120 111 185 211 161 93 133
lysine,1,tyrosine,0,14,10,1,9.456,10.706,-0.766,21.3,90.4,6.4298,0.0,2.588,5.991,22 0 178 2
lysine,1,tyrosine,0,14,10,2,9.456,10.706,-0.766,21.3,90.4,2.7093,0.0,2.073,4.597,25 360 189 347 174 176
lysine,1,tyrosine,0,14,10,3,9.456,10.706,-0.766,21.3,90.4,0.0,0.0,0.958,2.842,20 343 210 310 243 277 66 147
lysine,1,tyrosine,0,14,10,4,9.456,10.706,-0.766,21.3,90.4,0.0,0.0,1.873,3.355,341 311 302 54 83 273 229 161 203 209
lysine,1,tyrosine,0,15,8,1,9.456,8.048,-0.766,100.6,126.3,0.7603,0.0,2.152,2.151,57 280 179 180
lysine,1,tyrosine,0,15,8,2,9.456,8.048,-0.766,100.6,126.3,0.0,0.0,2.147,3.554,346 288 352 35 27 196
lysine,1,tyrosine,0,15,8,3,9.456,8.048,-0.766,100.6,126.3,0.0,0.0,1.457,3.869,298 164 139 263 271 77 347 65
lysine,1,tyrosine,0,15,8,4,9.456,8.048,-0.766,100.6,126.3,0.0,0.0,1.486,1.445,74 297 251 40 68 271 250 51 99 221
lysine,1,tyrosine,0,15,9,1,9.456,10.431,-0.766,101.4,22.6,3.168,0.0,2.16,2.008,60 279 179 179
lysine,1,tyrosine,0,15,9,2,9.456,10.431,-0.766,101.4,22.6,0.738,0.0,2.471,3.869,331 81 153 165 87 145
lysine,1,tyrosine,0,15,9,3,9.456,10.431,-0.766,101.4,22.6,0.0,0.0,2.551,3.869,320 53 182 176 96 148 338 226
lysine,1,tyrosine,0,15,9,4,9.456,10.431,-0.766,101.4,22.6,0.0,0.0,2.224,3.26,19 304 143 139 167 38 234 15 97 342
lysine,1,tyrosine,0,15,10,1,9.456,9.092,-0.766,92.9,83.2,1.804,0.0,1.895,2.227,359 66 181 181
lysine,1,tyrosine,0,15,10,2,9.456,9.092,-0.766,92.9,83.2,0.0,0.0,1.172,2.507,359 352 273 324 28 200
lysine,1,tyrosine,0,15,10,3,9.456,9.092,-0.766,92.9,83.2,0.0,0.0,2.022,1.556,43 246 333 344 16 218 26 296
lysine,1,tyrosine,0,15,10,4,9.456,9.092,-0.766,92.9,83.2,0.0,0.0,1.384,0.224,47 353 310 8 37 259 236 83 116 214
lysine,1,phenylalanine,4,13,12,1,7.684,7.87,-0.853,100.2,55.0,0.6432,0.0,2.011,2.063,286 68 205 194
lysine,1,phenylalanine,4,13,12,2,7.684,7.87,-0.853,100.2,55.0,0.0,0.0,2.464,0.77,267 69 165 191 42 44
lysine,1,phenylalanine,4,13,12,3,7.684,7.87,-0.853,100.2,55.0,0.0,0.0,0.815,1.099,339 215 237 255 59 232 314 0
lysine,1,phenylalanine,4,13,12,4,7.684,7.87,-0.853,100.2,55.0,0.0,0.0,1.758,0.863,296 12 48 9 347 93 114 277 240 142
lysine,1,phenylalanine,4,13,13,1,7.684,5.95,-0.853,99.3,134.4,0.0,0.0,2.504,4.18,352 109 30 247
lysine,1,phenylalanine,4,13,13,2,7.684,5.95,-0.853,99.3,134.4,0.0,0.0,2.989,4.245,38 41 26 306 262 97
lysine,1,phenylalanine,4,13,13,3,7.684,5.95,-0.853,99.3,134.4,0.0,0.0,2.989,4.245,81 227 246 329 181 199 339 45
lysine,1,phenylalanine,4,13,13,4,7.684,5.95,-0.853,99.3,134.4,0.0,0.0,1.366,0.654,290 300 15 109 82 21 69 345 177 69
lysine,1,phenylalanine,4,13,14,1,7.684,8.188,-0.853,107.5,41.0,0.9031,0.0,2.503,4.245,19 268 179 179
lysine,1,phenylalanine,4,13,14,2,7.684,8.188,-0.853,107.5,41.0,0.0,0.0,2.891,4.245,45 213 221 150 32 136
lysine,1,phenylalanine,4,13,14,3,7.684,8.188,-0.853,107.5,41.0,0.0,0.0,2.966,4.245,53 344 34 338 300 39 76 213
lysine,1,phenylalanine,4,13,14,4,7.684,8.188,-0.853,107.5,41.0,0.0,0.0,1.317,3.054,301 92 265 100 5 151 345 55 127 244
lysine,1,phenylalanine,4,14,12,1,7.684,9.728,-0.853,17.3,59.8,5.9804,0.0,3.081,5.991,318 360 181 359
lysine,1,phenylalanine,4,14,12,2,7.684,9.728,-0.853,17.3,59.8,2.1602,0.0,2.385,5.002,317 0 180 0 194 208
lysine,1,phenylalanine,4,14,12,3,7.684,9.728,-0.853,17.3,59.8,0.0,0.0,1.456,2.377,4 13 176 15 168 244 209 191
lysine,1,phenylalanine,4,14,12,4,7.684,9.728,-0.853,17.3,59.8,0.0,0.0,2.03,0.87,165 317 219 73 139 250 217 158 161 179
lysine,1,phenylalanine,4,14,13,1,7.684,7.71,-0.853,26.6,148.9,3.5678,0.0,3.242,5.991,314 360 181 359
lysine,1,phenylalanine,4,14,13,2,7.684,7.71,-0.853,26.6,148.9,0.0,0.0,3.14,4.774,292 353 190 12 201 234
lysine,1,phenylalanine,4,14,13,3,7.684,7.71,-0.853,26.6,148.9,0.0,0.0,3.359,4.991,343 39 78 306 265 94 130 205
lysine,1,phenylalanine,4,14,13,4,7.684,7.71,-0.853,26.6,148.9,0.0,0.0,3.236,5.385,350 20 56 316 286 94 123 241 216 160
lysine,1,phenylalanine,4,14,14,1,7.684,10.046,-0.853,31.0,46.2,5.002,0.0,3.55,5.991,307 360 181 359
lysine,1,phenylalanine,4,14,14,2,7.684,10.046,-0.853,31.0,46.2,1.4937,0.0,3.649,5.953,304 1 155 41 196 191
lysine,1,phenylalanine,4,14,14,3,7.684,10.046,-0.853,31.0,46.2,0.0,0.0,3.504,5.983,355 27 140 275 218 146 125 139
lysine,1,phenylalanine,4,14,14,4,7.684,10.046,-0.853,31.0,46.2,0.0,0.0,2.593,5.991,323 32 68 304 278 119 141 228 212 165
lysine,1,phenylalanine,4,15,12,1,7.684,8.467,-0.853,77.8,71.5,1.2271,0.0,1.833,1.525,71 334 165 169
lysine,1,phenylalanine,4,15,12,2,7.684,8.467,-0.853,77.8,71.5,0.0,0.0,2.116,0.665,355 78 181 52 35 135
lysine,1,phenylalanine,4,15,12,3,7.684,8.467,-0.853,77.8,71.5,0.0,0.0,2.12,0.762,353 350 317 49 81 258 222 146
lysine,1,phenylalanine,4,15,12,4,7.684,8.467,-0.853,77.8,71.5,0.0,0.0,2.101,0.424,90 42 351 346 5 255 239 57 98 226
lysine,1,phenylalanine,4,15,13,1,7.684,6.914,-0.853,63.5,137.9,0.1007,0.0,1.491,1.619,52 1 156 98
lysine,1,phenylalanine,4,15,13,2,7.684,6.914,-0.853,63.5,137.9,0.0,0.0,1.532,2.068,3 312 291 60 100 227
lysine,1,phenylalanine,4,15,13,3,7.684,6.914,-0.853,63.5,137.9,0.0,0.0,1.643,1.396,319 35 248 295 271 340 124 324
lysine,1,phenylalanine,4,15,13,4,7.684,6.914,-0.853,63.5,137.9,0.0,0.0,1.459,1.35,341 348 342 60 72 293 256 7 78 223
lysine,1,phenylalanine,4,15,14,1,7.684,9.358,-0.853,63.0,32.8,2.4574,0.0,1.614,1.603,54 0 157 119
lysine,1,phenylalanine,4,15,14,2,7.684,9.358,-0.853,63.0,32.8,0.6049,0.0,0.749,2.829,24 360 208 273 354 182
lysine,1,phenylalanine,4,15,14,3,7.684,9.358,-0.853,63.0,32.8,0.0,0.0,1.442,3.705,1 28 162 311 287 153 51 137
lysine,1,phenylalanine,4,15,14,4,7.684,9.358,-0.853,63.0,32.8,0.0,0.0,2.812,1.869,140 300 216 73 116 215 226 127 95 197
lysine,1,aspartic,21,13,3,1,8.61,7.135,0.076,153.1,91.3,0.2146,0.0,1.072,2.852,228 177 145 113
lysine,1,aspartic,21,13,3,2,8.61,7.135,0.076,153.1,91.3,0.0,0.0,1.163,4.005,180 213 92 276 299 93
lysine,1,aspartic,21,13,3,3,8.61,7.135,0.076,153.1,91.3,0.0,0.0,2.989,4.245,60 211 187 230 266 94 113 214
lysine,1,aspartic,21,13,3,4,8.61,7.135,0.076,153.1,91.3,0.0,0.0,2.989,4.245,146 214 203 227 234 116 87 242 253 143
lysine,1,aspartic,21,13,4,1,8.61,8.795,0.076,140.9,15.4,1.5111,0.0,1.414,2.296,288 210 176 178
lysine,1,aspartic,21,13,4,2,8.61,8.795,0.076,140.9,15.4,0.4987,0.0,1.434,2.237,200 79 237 200 16 166
lysine,1,aspartic,21,13,4,3,8.61,8.795,0.076,140.9,15.4,0.0,0.0,2.643,1.248,262 300 115 171 260 208 9 281
lysine,1,aspartic,21,13,4,4,8.61,8.795,0.076,140.9,15.4,0.0,0.0,2.989,4.245,162 205 170 197 220 135 131 261 248 153
lysine,1,aspartic,21,13,5,1,8.61,7.369,0.076,144.1,82.6,0.0903,0.0,2.515,2.948,304 196 192 189
lysine,1,aspartic,21,13,5,2,8.61,7.369,0.076,144.1,82.6,0.0,0.0,2.415,2.698,337 259 97 283 1 310
lysine,1,aspartic,21,13,5,3,8.61,7.369,0.076,144.1,82.6,0.0,0.0,2.989,4.245,126 203 164 270 272 43 69 190
lysine,1,aspartic,21,13,5,4,8.61,7.369,0.076,144.1,82.6,0.0,0.0,2.989,4.245,167 217 189 220 239 110 116 245 224 155
lysine,1,aspartic,21,14,3,1,8.61,9.384,0.076,52.0,95.7,3.1176,0.0,3.595,4.808,216 1 206 273
lysine,1,aspartic,21,14,3,2,8.61,9.384,0.076,52.0,95.7,0.0,0.0,2.918,5.496,236 18 179 271 175 148
lysine,1,aspartic,21,14,3,3,8.61,9.384,0.076,52.0,95.7,0.0,0.0,2.017,4.908,269 43 62 306 253 120 173 219
lysine,1,aspartic,21,14,3,4,8.61,9.384,0.076,52.0,95.7,0.0,0.0,3.276,5.869,320 27 65 286 255 119 138 204 195 173
lysine,1,aspartic,21,14,4,1,8.61,11.078,0.076,43.8,20.2,5.1745,0.0,3.392,4.391,209 360 157 69
lysine,1,aspartic,21,14,4,2,8.61,11.078,0.076,43.8,20.2,1.6106,0.0,1.542,4.153,209 1 218 277 188 185
lysine,1,aspartic,21,14,4,3,8.61,11.078,0.076,43.8,20.2,0.188,0.0,2.313,4.202,190 358 142 114 161 169 333 196
lysine,1,aspartic,21,14,4,4,8.61,11.078,0.076,43.8,20.2,0.0,0.0,2.597,3.655,148 9 248 326 99 0 307 96 47 178
lysine,1,aspartic,21,14,5,1,8.61,9.807,0.076,38.1,79.9,4.3478,0.0,3.845,4.625,227 359 196 324
lysine,1,aspartic,21,14,5,2,8.61,9.807,0.076,38.1,79.9,0.7494,0.0,2.501,4.361,225 0 212 298 181 180
lysine,1,aspartic,21,14,5,3,8.61,9.807,0.076,38.1,79.9,0.0,0.0,3.879,5.826,247 58 160 258 183 107 127 176
lysine,1,aspartic,21,14,5,4,8.61,9.807,0.076,38.1,79.9,0.0,0.0,3.467,5.661,305 22 63 303 267 111 134 208 197 173
lysine,1,aspartic,21,15,3,1,8.61,8.561,0.076,83.7,81.9,1.2877,0.0,1.038,2.322,143 312 189 185
lysine,1,aspartic,21,15,3,2,8.61,8.561,0.076,83.7,81.9,0.0,0.0,1.674,3.612,190 278 166 75 120 170
lysine,1,aspartic,21,15,3,3,8.61,8.561,0.076,83.7,81.9,0.0,0.0,1.973,3.869,194 198 227 131 127 244 225 152
lysine,1,aspartic,21,15,3,4,8.61,8.561,0.076,83.7,81.9,0.0,0.0,2.958,3.869,184 184 228 166 146 232 222 85 108 204
lysine,1,aspartic,21,15,4,1,8.61,9.787,0.076,94.7,29.0,2.5728,0.0,1.305,0.984,77 66 192 188
lysine,1,aspartic,21,15,4,2,8.61,9.787,0.076,94.7,29.0,0.4556,0.0,1.346,1.526,155 240 208 197 56 152
lysine,1,aspartic,21,15,4,3,8.61,9.787,0.076,94.7,29.0,0.0,0.0,1.922,3.388,167 192 208 144 144 255 249 167
lysine,1,aspartic,21,15,4,4,8.61,9.787,0.076,94.7,29.0,0.0,0.0,2.43,3.869,183 178 202 149 141 236 228 127 145 198
lysine,1,aspartic,21,15,5,1,8.61,8.68,0.076,84.0,77.5,1.4099,0.0,2.258,1.104,75 49 171 175
lysine,1,aspartic,21,15,5,2,8.61,8.68,0.076,84.0,77.5,0.0,0.0,2.251,0.748,84 234 300 133 166 239
lysine,1,aspartic,21,15,5,3,8.61,8.68,0.076,84.0,77.5,0.0,0.0,2.865,3.432,151 58 84 42 65 105 358 195
lysine,1,aspartic,21,15,5,4,8.61,8.68,0.076,84.0,77.5,0.0,0.0,1.919,1.315,148 183 207 127 118 281 276 104 128 213
lysine,1,glutamic,8,13,5,1,6.807,7.758,-0.666,79.8,63.5,0.4726,0.0,2.873,0.768,253 38 175 177
lysine,1,glutamic,8,13,5,2,6.807,7.758,-0.666,79.8,63.5,0.0,0.0,2.989,0.676,233 147 67 218 347 144
lysine,1,glutamic,8,13,5,3,6.807,7.758,-0.666,79.8,63.5,0.0,0.0,2.835,2.816,186 144 139 234 255 116 115 192
lysine,1,glutamic,8,13,5,4,6.807,7.758,-0.666,79.8,63.5,0.0,0.0,2.152,1.004,228 74 62 331 343 87 96 263 216 116
lysine,1,glutamic,8,13,6,1,6.807,8.148,-0.666,64.3,47.7,1.1989,0.0,2.307,0.823,284 360 157 120
lysine,1,glutamic,8,13,6,2,6.807,8.148,-0.666,64.3,47.7,0.0,0.0,1.281,1.682,320 13 124 152 342 139
lysine,1,glutamic,8,13,6,3,6.807,8.148,-0.666,64.3,47.7,0.0,0.0,1.754,1.282,9 334 109 334 262 62 15 142
lysine,1,glutamic,8,13,6,4,6.807,8.148,-0.666,64.3,47.7,0.0,0.0,2.113,2.158,9 4 51 326 307 64 87 239 212 148
lysine,1,glutamic,8,13,7,1,6.807,5.752,-0.666,67.8,159.9,0.2066,0.0,2.989,0.433,273 299 288 300
lysine,1,glutamic,8,13,7,2,6.807,5.752,-0.666,67.8,159.9,0.0,0.0,2.613,1.102,299 110 11 281 306 60
lysine,1,glutamic,8,13,7,3,6.807,5.752,-0.666,67.8,159.9,0.0,0.0,2.465,0.335,7 27 45 288 265 88 133 221
lysine,1,glutamic,8,13,7,4,6.807,5.752,-0.666,67.8,159.9,0.0,0.0,1.624,3.452,359 262 312 258 254 72 79 292 252 133
lysine,1,glutamic,8,14,5,1,6.807,8.973,-0.666,26.7,49.5,4.4607,0.0,3.879,4.344,121 360 182 358
lysine,1,glutamic,8,14,5,2,6.807,8.973,-0.666,26.7,49.5,0.8244,0.0,2.914,3.052,131 359 192 343 159 164
lysine,1,glutamic,8,14,5,3,6.807,8.973,-0.666,26.7,49.5,0.0,0.0,3.864,1.341,165 310 242 59 109 232 241 177
lysine,1,glutamic,8,14,5,4,6.807,8.973,-0.666,26.7,49.5,0.0,0.0,1.829,0.694,322 30 146 350 214 275 230 199 89 104
lysine,1,glutamic,8,14,6,1,6.807,8.866,-0.666,32.0,54.1,3.8968,0.0,3.879,5.171,89 0 177 4
lysine,1,glutamic,8,14,6,2,6.807,8.866,-0.666,32.0,54.1,0.3203,0.0,3.639,4.587,82 1 161 35 190 186
lysine,1,glutamic,8,14,6,3,6.807,8.866,-0.666,32.0,54.1,0.0,0.0,3.497,4.758,24 328 236 83 136 230 237 208
lysine,1,glutamic,8,14,6,4,6.807,8.866,-0.666,32.0,54.1,0.0,0.0,3.187,5.063,27 339 300 56 84 250 229 135 151 194
lysine,1,glutamic,8,14,7,1,6.807,6.691,-0.666,26.5,151.0,3.0581,0.0,3.879,4.794,103 0 179 1
lysine,1,glutamic,8,14,7,2,6.807,6.691,-0.666,26.5,151.0,0.0,0.0,3.815,3.518,106 326 191 6 234 303
lysine,1,glutamic,8,14,7,3,6.807,6.691,-0.666,26.5,151.0,0.0,0.0,3.855,3.249,51 251 292 59 187 308 109 67
lysine,1,glutamic,8,14,7,4,6.807,6.691,-0.666,26.5,151.0,0.0,0.0,1.795,0.783,344 59 64 35 212 291 191 140 76 112
lysine,1,glutamic,8,15,5,1,6.807,6.543,-0.666,131.2,48.3,0.3244,0.0,2.628,0.324,62 81 335 226
lysine,1,glutamic,8,15,5,2,6.807,6.543,-0.666,131.2,48.3,0.0,0.0,2.983,0.69,118 167 283 100 34 310
lysine,1,glutamic,8,15,5,3,6.807,6.543,-0.666,131.2,48.3,0.0,0.0,2.099,3.65,178 169 205 122 98 264 241 134
lysine,1,glutamic,8,15,5,4,6.807,6.543,-0.666,131.2,48.3,0.0,0.0,1.254,0.966,76 276 232 20 12 272 275 62 116 251
lysine,1,glutamic,8,15,6,1,6.807,6.567,-0.666,128.3,47.2,0.3348,0.0,2.188,3.04,26 299 16 142
lysine,1,glutamic,8,15,6,2,6.807,6.567,-0.666,128.3,47.2,0.0,0.0,2.815,3.483,343 252 18 277 318 82
lysine,1,glutamic,8,15,6,3,6.807,6.567,-0.666,128.3,47.2,0.0,0.0,2.117,0.778,83 307 163 102 16 284 255 312
lysine,1,glutamic,8,15,6,4,6.807,6.567,-0.666,128.3,47.2,0.0,0.0,0.832,2.042,17 310 251 307 347 303 270 55 97 236
lysine,1,glutamic,8,15,7,1,6.807,4.324,-0.666,125.8,144.7,0.4297,0.0,2.474,3.1,10 277 15 7
lysine,1,glutamic,8,15,7,2,6.807,4.324,-0.666,125.8,144.7,0.0,0.0,2.983,3.538,313 327 320 41 163 335
lysine,1,glutamic,8,15,7,3,6.807,4.324,-0.666,125.8,144.7,0.0,0.0,2.676,3.371,290 300 334 80 82 351 246 48
lysine,1,glutamic,8,15,7,4,6.807,4.324,-0.666,125.8,144.7,0.0,0.0,2.983,1.889,288 137 113 302 255 116 96 227 322 284
lysine,1,leucine,5,13,1,1,12.803,13.925,-0.393,75.0,52.2,6.6729,0.0,0.516,2.874,321 13 182 181
lysine,1,leucine,5,13,1,2,12.803,13.925,-0.393,75.0,52.2,3.0463,0.0,0.88,2.664,333 356 158 162 173 175
lysine,1,leucine,5,13,1,3,12.803,13.925,-0.393,75.0,52.2,0.2305,0.0,0.5,3.294,336 7 152 125 220 195 97 134
lysine,1,leucine,5,13,1,4,12.803,13.925,-0.393,75.0,52.2,0.0,0.0,1.541,1.839,294 84 120 306 277 154 174 268 259 165
lysine,1,leucine,5,13,2,1,12.803,12.251,-0.393,72.6,118.1,5.0126,0.0,1.032,2.507,323 358 178 178
lysine,1,leucine,5,13,2,2,12.803,12.251,-0.393,72.6,118.1,1.4904,0.0,0.705,2.454,316 7 211 208 196 191
lysine,1,leucine,5,13,2,3,12.803,12.251,-0.393,72.6,118.1,0.0,0.0,1.268,2.743,6 16 87 349 311 170 187 146
lysine,1,leucine,5,13,2,4,12.803,12.251,-0.393,72.6,118.1,0.0,0.0,1.407,0.769,329 25 62 324 299 126 152 239 222 163
lysine,1,leucine,5,13,13,1,12.803,14.062,-0.393,79.8,45.8,6.8262,0.0,1.298,2.266,339 327 176 178
lysine,1,leucine,5,13,13,2,12.803,14.062,-0.393,79.8,45.8,3.0998,0.0,1.021,2.307,310 19 184 182 183 183
lysine,1,leucine,5,13,13,3,12.803,14.062,-0.393,79.8,45.8,0.2743,0.0,1.715,1.293,329 320 182 181 181 181 263 208
lysine,1,leucine,5,13,13,4,12.803,14.062,-0.393,79.8,45.8,0.0,0.0,1.247,0.643,335 354 97 322 323 133 150 205 237 214
lysine,1,leucine,5,14,1,1,12.803,14.843,-0.393,34.5,59.0,9.3341,0.0,2.662,5.991,11 360 163 50
lysine,1,leucine,5,14,1,2,12.803,14.843,-0.393,34.5,59.0,5.8537,0.0,2.939,5.991,12 359 213 292 173 176
lysine,1,leucine,5,14,1,3,12.803,14.843,-0.393,34.5,59.0,2.0869,0.0,2.487,5.752,11 360 151 65 177 178 178 178
lysine,1,leucine,5,14,1,4,12.803,14.843,-0.393,34.5,59.0,0.0,0.0,1.567,5.991,40 297 190 76 131 172 160 209 198 168
lysine,1,leucine,5,14,2,1,12.803,13.173,-0.393,30.6,125.4,7.9923,0.0,2.679,5.991,23 360 191 334
lysine,1,leucine,5,14,2,2,12.803,13.173,-0.393,30.6,125.4,4.4664,0.0,2.852,5.624,22 0 151 55 183 182
lysine,1,leucine,5,14,2,3,12.803,13.173,-0.393,30.6,125.4,0.748,0.0,2.625,5.102,22 360 205 310 174 177 174 175
lysine,1,leucine,5,14,2,4,12.803,13.173,-0.393,30.6,125.4,0.0,0.0,3.637,3.155,54 8 171 20 183 202 176 141 59 137
lysine,1,leucine,5,14,13,1,12.803,15.236,-0.393,25.7,40.9,10.3034,0.0,2.466,5.991,18 360 185 349
lysine,1,leucine,5,14,13,2,12.803,15.236,-0.393,25.7,40.9,6.7602,0.0,2.448,5.421,17 360 153 50 180 180
lysine,1,leucine,5,14,13,3,12.803,15.236,-0.393,25.7,40.9,3.0926,0.0,2.356,4.838,20 359 202 318 170 174 172 172
lysine,1,leucine,5,14,13,4,12.803,15.236,-0.393,25.7,40.9,0.4745,0.0,2.949,2.873,43 0 187 347 180 180 180 180 97 152
lysine,1,leucine,5,15,1,1,12.803,13.652,-0.393,85.2,51.5,6.3933,0.0,1.597,2.237,49 312 180 180
lysine,1,leucine,5,15,1,2,12.803,13.652,-0.393,85.2,51.5,2.7042,0.0,1.459,2.907,2 40 190 185 188 187
lysine,1,leucine,5,15,1,3,12.803,13.652,-0.393,85.2,51.5,0.0722,0.0,1.447,3.485,10 1 186 185 181 181 279 210
lysine,1,leucine,5,15,1,4,12.803,13.652,-0.393,85.2,51.5,0.0,0.0,0.738,2.799,40 286 257 36 59 219 192 107 122 196
lysine,1,leucine,5,15,2,1,12.803,11.726,-0.393,92.2,129.6,4.5076,0.0,1.814,2.056,55 298 174 176
lysine,1,leucine,5,15,2,2,12.803,11.726,-0.393,92.2,129.6,0.7632,0.0,1.787,2.742,357 58 179 179 178 179
lysine,1,leucine,5,15,2,3,12.803,11.726,-0.393,92.2,129.6,0.0,0.0,1.24,2.794,23 8 109 215 77 37 252 300
lysine,1,leucine,5,15,2,4,12.803,11.726,-0.393,92.2,129.6,0.0,0.0,1.914,2.913,358 352 335 44 60 242 197 102 139 200
lysine,1,leucine,5,15,13,1,12.803,13.723,-0.393,92.5,48.3,6.4885,0.0,1.848,2.325,358 63 184 183
lysine,1,leucine,5,15,13,2,12.803,13.723,-0.393,92.5,48.3,2.7444,0.0,1.779,1.912,57 301 181 181 181 181
lysine,1,leucine,5,15,13,3,12.803,13.723,-0.393,92.5,48.3,0.1383,0.0,2.202,1.339,6 82 178 179 179 179 84 153
lysine,1,leucine,5,15,13,4,12.803,13.723,-0.393,92.5,48.3,0.0,0.0,1.469,1.583,8 5 303 38 39 231 204 142 135 171
lysine,1,serine,4,13,3,1,10.134,11.337,-0.119,92.9,22.9,4.0908,0.0,1.879,2.393,295 64 182 181
lysine,1,serine,4,13,3,2,10.134,11.337,-0.119,92.9,22.9,0.9888,0.0,2.18,3.09,303 92 140 156 246 222
lysine,1,serine,4,13,3,3,10.134,11.337,-0.119,92.9,22.9,0.105,0.0,2.112,4.245,22 300 211 194 243 219 14 168
lysine,1,serine,4,13,3,4,10.134,11.337,-0.119,92.9,22.9,0.0,0.0,1.051,2.0,316 340 241 75 241 218 68 185 294 66
lysine,1,serine,4,13,4,1,10.134,8.942,-0.119,91.6,127.4,1.6806,0.0,1.748,2.508,298 62 183 182
lysine,1,serine,4,13,4,2,10.134,8.942,-0.119,91.6,127.4,0.0,0.0,2.015,3.035,15 344 88 0 298 149
lysine,1,serine,4,13,4,3,10.134,8.942,-0.119,91.6,127.4,0.0,0.0,1.318,1.343,356 150 358 40 43 64 1 332
lysine,1,serine,4,13,4,4,10.134,8.942,-0.119,91.6,127.4,0.0,0.0,1.861,1.027,289 54 95 329 297 89 109 313 267 136
lysine,1,serine,4,13,5,1,10.134,9.837,-0.119,100.5,89.6,2.5928,0.0,2.114,2.449,355 283 171 174
lysine,1,serine,4,13,5,2,10.134,9.837,-0.119,100.5,89.6,0.0,0.0,2.024,1.962,7 289 137 44 293 185
lysine,1,serine,4,13,5,3,10.134,9.837,-0.119,100.5,89.6,0.0,0.0,2.876,2.649,24 20 37 286 281 141 165 210
lysine,1,serine,4,13,5,4,10.134,9.837,-0.119,100.5,89.6,0.0,0.0,1.472,0.653,307 11 51 346 321 108 130 280 249 145
lysine,1,serine,4,14,3,1,10.134,12.921,-0.119,21.9,26.6,8.3629,0.0,2.275,5.991,343 0 180 0
lysine,1,serine,4,14,3,2,10.134,12.921,-0.119,21.9,26.6,4.8757,0.0,1.917,5.328,345 359 198 331 168 172
lysine,1,serine,4,14,3,3,10.134,12.921,-0.119,21.9,26.6,1.1872,0.0,2.224,4.534,346 358 196 334 149 161 161 164
lysine,1,serine,4,14,3,4,10.134,12.921,-0.119,21.9,26.6,0.0,0.0,3.396,4.855,13 351 199 262 205 171 161 207 270 228
lysine,1,serine,4,14,4,1,10.134,10.493,-0.119,23.8,132.0,6.0123,0.0,2.378,5.991,338 0 180 0
lysine,1,serine,4,14,4,2,10.134,10.493,-0.119,23.8,132.0,2.5128,0.0,1.858,5.139,344 359 191 343 164 169
lysine,1,serine,4,14,4,3,10.134,10.493,-0.119,23.8,132.0,0.0,0.0,3.173,3.626,294 12 161 345 200 135 144 173
lysine,1,serine,4,14,4,4,10.134,10.493,-0.119,23.8,132.0,0.0,0.0,3.872,3.88,288 61 93 287 260 135 154 225 214 170
lysine,1,serine,4,14,5,1,10.134,11.707,-0.119,13.8,81.2,7.9994,0.0,2.962,5.991,321 0 179 1
lysine,1,serine,4,14,5,2,10.134,11.707,-0.119,13.8,81.2,4.2471,0.0,2.496,5.034,324 360 181 359 167 161
lysine,1,serine,4,14,5,3,10.134,11.707,-0.119,13.8,81.2,0.7626,0.0,2.245,3.578,332 359 183 357 139 138 171 174
lysine,1,serine,4,14,5,4,10.134,11.707,-0.119,13.8,81.2,0.0,0.0,3.879,3.687,277 68 104 279 247 143 161 208 202 175
lysine,1,serine,4,15,3,1,10.134,11.649,-0.119,81.2,17.9,4.4081,0.0,1.526,1.557,62 324 179 180
lysine,1,serine,4,15,3,2,10.134,11.649,-0.119,81.2,17.9,1.1104,0.0,0.745,2.653,25 10 183 182 127 150
lysine,1,serine,4,15,3,3,10.134,11.649,-0.119,81.2,17.9,0.2384,0.0,1.428,3.429,13 359 174 173 127 159 359 181
lysine,1,serine,4,15,3,4,10.134,11.649,-0.119,81.2,17.9,0.0,0.0,1.956,1.561,59 11 184 315 127 177 288 187 26 237
lysine,1,serine,4,15,4,1,10.134,9.366,-0.119,75.9,119.4,2.0965,0.0,1.28,1.727,53 342 180 180
lysine,1,serine,4,15,4,2,10.134,9.366,-0.119,75.9,119.4,0.0,0.0,1.405,2.029,7 15 237 357 25 157
lysine,1,serine,4,15,4,3,10.134,9.366,-0.119,75.9,119.4,0.0,0.0,2.084,1.29,348 271 328 92 125 249 114 71
lysine,1,serine,4,15,4,4,10.134,9.366,-0.119,75.9,119.4,0.0,0.0,1.412,0.378,52 335 299 32 61 261 237 69 101 213
lysine,1,serine,4,15,5,1,10.134,10.262,-0.119,84.4,83.6,2.9961,0.0,1.747,1.209,27 46 185 183
lysine,1,serine,4,15,5,2,10.134,10.262,-0.119,84.4,83.6,0.0,0.0,1.926,1.104,35 46 199 244 150 266
lysine,1,serine,4,15,5,3,10.134,10.262,-0.119,84.4,83.6,0.0,0.0,1.849,0.544,0 352 308 44 78 238 211 164
lysine,1,serine,4,15,5,4,10.134,10.262,-0.119,84.4,83.6,0.0,0.0,2.682,0.634,66 45 1 7 21 242 227 80 107 218
lysine,1,tryptophan,5,13,16,1,8.554,7.967,-0.314,72.5,113.7,0.6869,0.0,2.751,1.316,248 360 179 179
lysine,1,tryptophan,5,13,16,2,8.554,7.967,-0.314,72.5,113.7,0.0,0.0,1.91,0.962,256 154 47 220 233 133
lysine,1,tryptophan,5,13,16,3,8.554,7.967,-0.314,72.5,113.7,0.0,0.0,2.989,2.918,191 281 312 305 262 359 359 273
lysine,1,tryptophan,5,13,16,4,8.554,7.967,-0.314,72.5,113.7,0.0,0.0,1.439,1.583,213 177 143 218 236 91 100 255 222 145
lysine,1,tryptophan,5,13,17,1,8.554,10.009,-0.314,81.3,28.5,2.7529,0.0,2.224,1.764,225 36 186 184
lysine,1,tryptophan,5,13,17,2,8.554,10.009,-0.314,81.3,28.5,0.5277,0.0,2.347,0.593,293 304 205 193 287 213
lysine,1,tryptophan,5,13,17,3,8.554,10.009,-0.314,81.3,28.5,0.0001,0.0,1.657,0.984,244 142 99 171 241 134 80 222
lysine,1,tryptophan,5,13,17,4,8.554,10.009,-0.314,81.3,28.5,0.0,0.0,2.216,3.79,196 165 151 197 204 132 130 245 238 163
lysine,1,tryptophan,5,13,18,1,8.554,9.22,-0.314,75.4,65.4,1.9319,0.0,2.007,1.726,246 339 181 181
lysine,1,tryptophan,5,13,18,2,8.554,9.22,-0.314,75.4,65.4,0.0,0.0,2.918,3.401,222 320 250 290 13 131
lysine,1,tryptophan,5,13,18,3,8.554,9.22,-0.314,75.4,65.4,0.0,0.0,1.195,4.245,168 160 120 222 232 126 144 209
lysine,1,tryptophan,5,13,18,4,8.554,9.22,-0.314,75.4,65.4,0.0,0.0,1.659,3.671,193 167 131 184 204 119 122 293 272 151
lysine,1,tryptophan,5,14,16,1,8.554,8.544,-0.314,49.9,118.6,2.4492,0.0,3.879,4.393,129 1 156 66
lysine,1,tryptophan,5,14,16,2,8.554,8.544,-0.314,49.9,118.6,0.0,0.0,3.638,4.826,141 282 226 99 142 199
lysine,1,tryptophan,5,14,16,3,8.554,8.544,-0.314,49.9,118.6,0.0,0.0,3.879,5.252,59 309 268 94 131 234 209 167
lysine,1,tryptophan,5,14,16,4,8.554,8.544,-0.314,49.9,118.6,0.0,0.0,3.569,5.617,41 346 304 64 98 242 221 135 147 191
lysine,1,tryptophan,5,14,17,1,8.554,10.794,-0.314,50.6,20.2,4.5481,0.0,3.775,4.457,136 0 153 89
lysine,1,tryptophan,5,14,17,2,8.554,10.794,-0.314,50.6,20.2,1.2387,0.0,3.31,4.71,119 0 157 85 186 182
lysine,1,tryptophan,5,14,17,3,8.554,10.794,-0.314,50.6,20.2,0.3473,0.0,3.879,5.753,100 360 151 91 175 178 359 181
lysine,1,tryptophan,5,14,17,4,8.554,10.794,-0.314,50.6,20.2,0.0,0.0,3.879,5.991,89 330 185 137 163 214 232 142 87 145
lysine,1,tryptophan,5,14,18,1,8.554,9.556,-0.314,62.7,78.5,2.7703,0.0,3.819,5.113,141 357 153 128
lysine,1,tryptophan,5,14,18,2,8.554,9.556,-0.314,62.7,78.5,0.0,0.0,3.464,5.763,147 285 216 122 154 190
lysine,1,tryptophan,5,14,18,3,8.554,9.556,-0.314,62.7,78.5,0.0,0.0,3.879,5.991,103 276 244 132 158 249 236 170
lysine,1,tryptophan,5,14,18,4,8.554,9.556,-0.314,62.7,78.5,0.0,0.0,3.879,5.991,63 289 285 142 120 200 216 130 137 202
lysine,1,tryptophan,5,15,16,1,8.554,6.181,-0.314,161.7,122.2,0.0,0.0,2.374,1.306,98 155 206 51
lysine,1,tryptophan,5,15,16,2,8.554,6.181,-0.314,161.7,122.2,0.0,0.0,2.771,0.536,72 99 301 143 350 345
lysine,1,tryptophan,5,15,16,3,8.554,6.181,-0.314,161.7,122.2,0.0,0.0,2.983,3.869,257 167 184 146 18 291 291 77
lysine,1,tryptophan,5,15,16,4,8.554,6.181,-0.314,161.7,122.2,0.0,0.0,2.983,3.851,169 127 166 144 104 259 269 94 131 234
lysine,1,tryptophan,5,15,17,1,8.554,8.469,-0.314,156.9,25.2,1.5183,0.0,1.709,1.304,95 179 198 238
lysine,1,tryptophan,5,15,17,2,8.554,8.469,-0.314,156.9,25.2,0.2659,0.0,2.429,2.772,41 215 114 177 357 184
lysine,1,tryptophan,5,15,17,3,8.554,8.469,-0.314,156.9,25.2,0.0,0.0,2.964,3.821,334 140 151 147 107 260 240 143
lysine,1,tryptophan,5,15,17,4,8.554,8.469,-0.314,156.9,25.2,0.0,0.0,2.983,3.869,215 172 146 132 147 189 315 161 19 239
lysine,1,tryptophan,5,15,18,1,8.554,7.482,-0.314,163.3,70.4,0.9378,0.0,1.809,2.679,140 180 199 278
lysine,1,tryptophan,5,15,18,2,8.554,7.482,-0.314,163.3,70.4,0.0,0.0,1.663,3.19,140 103 240 172 79 271
lysine,1,tryptophan,5,15,18,3,8.554,7.482,-0.314,163.3,70.4,0.0,0.0,2.983,3.869,295 140 188 152 98 259 226 117
lysine,1,tryptophan,5,15,18,4,8.554,7.482,-0.314,163.3,70.4,0.0,0.0,2.983,3.869,305 135 163 166 101 261 281 33 64 248
lysine,1,lysine,8,13,13,1,3.784,2.172,-0.913,118.4,78.4,2.8135,0.0,2.989,4.245,116 307 354 356
lysine,1,lysine,8,13,13,2,3.784,2.172,-0.913,118.4,78.4,1.8646,0.0,2.989,4.245,67 301 356 311 245 358
lysine,1,lysine,8,13,13,3,3.784,2.172,-0.913,118.4,78.4,0.0,0.0,2.989,4.245,55 282 357 130 49 297 245 54
lysine,1,lysine,8,13,13,4,3.784,2.172,-0.913,118.4,78.4,0.0,0.0,2.045,4.245,11 357 343 72 48 276 293 83 137 262
lysine,1,lysine,8,13,14,1,3.784,2.835,-0.913,171.6,57.6,2.8194,0.0,2.989,4.245,85 306 34 2
lysine,1,lysine,8,13,14,2,3.784,2.835,-0.913,171.6,57.6,1.1548,0.0,1.481,4.201,352 353 359 305 251 360
lysine,1,lysine,8,13,14,3,3.784,2.835,-0.913,171.6,57.6,0.0,0.0,2.893,1.041,280 263 62 181 348 326 252 1
lysine,1,lysine,8,13,14,4,3.784,2.835,-0.913,171.6,57.6,0.0,0.0,2.695,4.245,44 300 301 151 111 272 263 39 130 270
lysine,1,lysine,8,13,15,1,3.784,2.019,-0.913,128.7,83.6,2.8958,0.0,2.194,1.04,274 42 2 1
lysine,1,lysine,8,13,15,2,3.784,2.019,-0.913,128.7,83.6,1.9703,0.0,1.887,2.141,331 49 3 44 121 2
lysine,1,lysine,8,13,15,3,3.784,2.019,-0.913,128.7,83.6,0.0,0.0,2.115,2.139,22 25 52 52 92 343 220 320
lysine,1,lysine,8,13,15,4,3.784,2.019,-0.913,128.7,83.6,0.0,0.0,2.069,2.779,9 1 356 295 326 68 66 295 226 93
lysine,1,lysine,8,14,13,1,3.784,3.193,-0.913,76.3,128.0,1.4937,0.0,3.377,5.991,220 181 360 360
lysine,1,lysine,8,14,13,2,3.784,3.193,-0.913,76.3,128.0,0.7009,0.0,3.879,5.991,297 107 0 9 168 0
lysine,1,lysine,8,14,13,3,3.784,3.193,-0.913,76.3,128.0,0.0,0.0,3.879,5.991,332 58 35 272 271 56 135 259
lysine,1,lysine,8,14,13,4,3.784,3.193,-0.913,76.3,128.0,0.0,0.0,3.879,5.991,335 308 114 262 316 71 23 45 213 18
lysine,1,lysine,8,14,14,1,3.784,4.93,-0.913,59.4,57.6,0.9794,0.0,3.879,5.991,247 82 69 9
lysine,1,lysine,8,14,14,2,3.784,4.93,-0.913,59.4,57.6,0.0,0.0,3.879,5.991,291 96 21 318 237 64
lysine,1,lysine,8,14,14,3,3.784,4.93,-0.913,59.4,57.6,0.0,0.0,3.592,5.991,336 36 46 289 263 75 135 231
lysine,1,lysine,8,14,14,4,3.784,4.93,-0.913,59.4,57.6,0.0,0.0,3.421,5.991,344 357 31 298 265 95 127 255 226 157
lysine,1,lysine,8,14,15,1,3.784,4.19,-0.913,41.4,84.0,2.3933,0.0,1.556,4.406,201 285 279 355
lysine,1,lysine,8,14,15,2,3.784,4.19,-0.913,41.4,84.0,0.2108,0.0,1.927,3.072,157 254 318 340 224 340
lysine,1,lysine,8,14,15,3,3.784,4.19,-0.913,41.4,84.0,0.0,0.0,2.528,2.284,314 8 164 354 186 353 153 355
lysine,1,lysine,8,14,15,4,3.784,4.19,-0.913,41.4,84.0,0.0,0.0,3.161,3.031,1 31 68 304 275 75 103 254 225 155
lysine,1,lysine,8,15,13,1,3.784,3.819,-0.913,55.0,93.9,1.7721,0.0,2.092,3.702,163 100 54 4
lysine,1,lysine,8,15,13,2,3.784,3.819,-0.913,55.0,93.9,0.0932,0.0,2.789,3.869,217 137 357 326 228 358
lysine,1,lysine,8,15,13,3,3.784,3.819,-0.913,55.0,93.9,0.0,0.0,2.313,1.823,148 256 23 71 45 15 149 9
lysine,1,lysine,8,15,13,4,3.784,3.819,-0.913,55.0,93.9,0.0,0.0,0.725,3.339,9 300 270 71 95 282 255 107 137 207
lysine,1,lysine,8,15,14,1,3.784,5.133,-0.913,51.7,45.7,1.626,0.0,2.983,1.028,113 295 276 348
lysine,1,lysine,8,15,14,2,3.784,5.133,-0.913,51.7,45.7,0.1355,0.0,1.915,1.445,74 306 282 297 280 320
lysine,1,lysine,8,15,14,3,3.784,5.133,-0.913,51.7,45.7,0.0,0.0,1.785,0.56,22 322 286 69 102 290 256 149
lysine,1,lysine,8,15,14,4,3.784,5.133,-0.913,51.7,45.7,0.0,0.0,1.646,1.133,6 355 313 51 83 278 252 115 137 200
lysine,1,lysine,8,15,15,1,3.784,3.269,-0.913,74.1,118.0,1.4828,0.0,2.736,1.019,114 200 355 358
lysine,1,lysine,8,15,15,2,3.784,3.269,-0.913,74.1,118.0,0.8226,0.0,0.737,3.05,192 119 350 315 246 354
lysine,1,lysine,8,15,15,3,3.784,3.269,-0.913,74.1,118.0,0.0,0.0,2.557,0.708,71 262 284 162 63 294 253 6
lysine,1,lysine,8,15,15,4,3.784,3.269,-0.913,74.1,118.0,0.0,0.0,1.401,1.737,29 23 322 65 64 262 299 73 89 244
lysine,1,leucine,13,13,1,1,19.588,18.5,0.128,97.0,122.8,11.2409,0.0,2.06,2.097,350 287 179 180
lysine,1,leucine,13,13,1,2,19.588,18.5,0.128,97.0,122.8,7.5617,0.0,2.097,1.746,285 69 181 180 181 181
lysine,1,leucine,13,13,1,3,19.588,18.5,0.128,97.0,122.8,3.9642,0.0,2.053,1.325,350 287 178 179 170 171 178 179
lysine,1,leucine,13,13,1,4,19.588,18.5,0.128,97.0,122.8,0.2565,0.0,2.157,1.1,284 72 175 177 173 173 170 173 176 177
lysine,1,leucine,13,13,2,1,19.588,20.699,0.128,98.0,28.7,13.4446,0.0,2.078,2.371,354 285 179 180
lysine,1,leucine,13,13,2,2,19.588,20.699,0.128,98.0,28.7,9.7625,0.0,2.099,2.058,288 72 178 179 179 179
lysine,1,leucine,13,13,2,3,19.588,20.699,0.128,98.0,28.7,6.1814,0.0,2.066,1.583,353 286 177 178 166 168 177 178
lysine,1,leucine,13,13,2,4,19.588,20.699,0.128,98.0,28.7,2.4548,0.0,1.476,1.261,286 74 178 179 176 177 176 178 178 178
lysine,1,leucine,13,13,13,1,19.588,19.739,0.128,91.6,73.9,12.4782,0.0,1.86,2.24,351 297 181 181
lysine,1,leucine,13,13,13,2,19.588,19.739,0.128,91.6,73.9,8.8277,0.0,1.826,1.931,292 57 186 183 185 185
lysine,1,leucine,13,13,13,3,19.588,19.739,0.128,91.6,73.9,5.192,0.0,1.859,1.952,351 297 182 181 192 191 182 181
lysine,1,leucine,13,13,13,4,19.588,19.739,0.128,91.6,73.9,1.5052,0.0,1.303,1.717,290 59 187 184 189 188 191 187 185 184
lysine,1,leucine,13,14,1,1,19.588,20.23,0.128,13.7,120.4,16.031,0.0,2.141,5.991,352 360 180 360
lysine,1,leucine,13,14,1,2,19.588,20.23,0.128,13.7,120.4,12.4154,0.0,1.52,5.019,352 360 165 25 180 180
lysine,1,leucine,13,14,1,3,19.588,20.23,0.128,13.7,120.4,8.7902,0.0,1.328,3.731,353 360 182 356 176 178 178 178
lysine,1,leucine,13,14,1,4,19.588,20.23,0.128,13.7,120.4,5.1338,0.0,1.526,2.704,352 360 165 26 180 180 175 176 180 180
lysine,1,leucine,13,14,2,1,19.588,22.433,0.128,16.2,24.0,17.9693,0.0,2.223,5.991,345 0 180 0
lysine,1,leucine,13,14,2,2,19.588,22.433,0.128,16.2,24.0,14.4194,0.0,1.858,5.345,346 360 202 322 180 180
lysine,1,leucine,13,14,2,3,19.588,22.433,0.128,16.2,24.0,10.7453,0.0,1.599,4.113,345 0 167 24 181 181 181 181
lysine,1,leucine,13,14,2,4,19.588,22.433,0.128,16.2,24.0,7.1488,0.0,1.859,3.266,346 360 201 323 179 180 174 174 179 179
lysine,1,leucine,13,14,13,1,19.588,21.278,0.128,19.3,79.2,16.6053,0.0,2.149,5.991,2 360 181 358
lysine,1,leucine,13,14,13,2,19.588,21.278,0.128,19.3,79.2,13.0853,0.0,1.963,5.433,1 0 155 45 181 181
lysine,1,leucine,13,14,13,3,19.588,21.278,0.128,19.3,79.2,9.3944,0.0,1.696,4.383,2 360 198 326 179 179 179 179
lysine,1,leucine,13,14,13,4,19.588,21.278,0.128,19.3,79.2,5.8082,0.0,1.954,3.39,0 0 156 43 184 182 195 192 184 182
lysine,1,leucine,13,15,1,1,19.588,18.592,0.128,93.5,125.0,11.3392,0.0,1.954,1.049,13 66 181 181
lysine,1,leucine,13,15,1,2,19.588,18.592,0.128,93.5,125.0,7.6546,0.0,2.004,0.786,75 298 181 180 181 181
lysine,1,leucine,13,15,1,3,19.588,18.592,0.128,93.5,125.0,4.0732,0.0,1.935,0.808,14 65 184 183 195 193 184 183
lysine,1,leucine,13,15,1,4,19.588,18.592,0.128,93.5,125.0,0.34,0.0,2.051,0.667,76 297 178 179 177 177 175 177 178 179
lysine,1,leucine,13,15,2,1,19.588,20.889,0.128,90.9,24.8,13.6289,0.0,1.867,1.202,15 61 180 180
lysine,1,leucine,13,15,2,2,19.588,20.889,0.128,90.9,24.8,9.9506,0.0,1.899,0.97,72 304 179 180 179 179
lysine,1,leucine,13,15,2,3,19.588,20.889,0.128,90.9,24.8,6.3565,0.0,1.864,1.169,15 61 181 181 188 187 181 181
lysine,1,leucine,13,15,2,4,19.588,20.889,0.128,90.9,24.8,2.6501,0.0,1.691,0.794,75 302 178 179 177 178 177 178 179 179
lysine,1,leucine,13,15,13,1,19.588,19.719,0.128,92.3,80.0,12.4577,0.0,1.992,0.994,72 296 179 179
lysine,1,leucine,13,15,13,2,19.588,19.719,0.128,92.3,80.0,8.7711,0.0,1.807,1.42,13 59 181 180 181 181
lysine,1,leucine,13,15,13,3,19.588,19.719,0.128,92.3,80.0,5.1721,0.0,1.979,0.936,72 296 178 179 168 170 178 179
lysine,1,leucine,13,15,13,4,19.588,19.719,0.128,92.3,80.0,1.4735,0.0,1.501,1.348,11 62 176 178 175 175 172 175 177 178
lysine,1,serine,32,13,3,1,4.375,5.892,0.879,67.9,51.1,0.4672,0.0,2.989,0.963,261 265 291 313
lysine,1,serine,32,13,3,2,4.375,5.892,0.879,67.9,51.1,0.0,0.0,2.989,1.178,271 115 3 304 288 71
lysine,1,serine,32,13,3,3,4.375,5.892,0.879,67.9,51.1,0.0,0.0,2.577,0.195,302 131 2 170 305 127 142 322
lysine,1,serine,32,13,3,4,4.375,5.892,0.879,67.9,51.1,0.0,0.0,1.277,0.784,320 11 7 337 313 53 110 277 220 151
lysine,1,serine,32,13,4,1,4.375,3.998,0.879,52.4,127.3,1.6189,0.0,2.989,2.832,234 278 283 359
lysine,1,serine,32,13,4,2,4.375,3.998,0.879,52.4,127.3,0.0221,0.0,2.989,3.006,196 205 7 65 93 4
lysine,1,serine,32,13,4,3,4.375,3.998,0.879,52.4,127.3,0.0,0.0,1.828,1.484,295 58 3 306 265 24 199 314
lysine,1,serine,32,13,4,4,4.375,3.998,0.879,52.4,127.3,0.0,0.0,1.403,2.539,345 2 21 293 245 70 154 285 233 172
lysine,1,serine,32,13,5,1,4.375,6.199,0.879,44.5,37.6,1.827,0.0,2.989,2.586,236 322 240 348
lysine,1,serine,32,13,5,2,4.375,6.199,0.879,44.5,37.6,0.5396,0.0,2.989,4.053,194 327 251 308 277 292
lysine,1,serine,32,13,5,3,4.375,6.199,0.879,44.5,37.6,0.0,0.0,0.561,3.545,346 336 191 353 143 104 54 92
lysine,1,serine,32,13,5,4,4.375,6.199,0.879,44.5,37.6,0.0,0.0,1.336,4.245,7 40 106 307 267 64 77 243 249 171
lysine,1,serine,32,14,3,1,4.375,6.419,0.879,47.5,36.9,1.1874,0.0,3.879,3.938,133 21 142 14
lysine,1,serine,32,14,3,2,4.375,6.419,0.879,47.5,36.9,0.0,0.0,3.879,3.187,161 17 120 131 27 56
lysine,1,serine,32,14,3,3,4.375,6.419,0.879,47.5,36.9,0.0,0.0,3.879,3.654,123 300 313 87 24 268 264 86
lysine,1,serine,32,14,3,4,4.375,6.419,0.879,47.5,36.9,0.0,0.0,3.879,3.676,71 2 306 58 90 252 246 93 96 193
lysine,1,serine,32,14,4,1,4.375,3.984,0.879,52.9,142.1,1.5989,0.0,3.879,4.871,126 81 79 360
lysine,1,serine,32,14,4,2,4.375,3.984,0.879,52.9,142.1,0.0,0.0,3.879,5.118,69 245 349 28 134 1
lysine,1,serine,32,14,4,3,4.375,3.984,0.879,52.9,142.1,0.0,0.0,3.854,5.218,30 304 326 79 98 298 200 102
lysine,1,serine,32,14,4,4,4.375,3.984,0.879,52.9,142.1,0.0,0.0,3.427,5.201,16 5 332 61 97 276 234 93 125 199
lysine,1,serine,32,14,5,1,4.375,5.863,0.879,58.1,60.4,0.4066,0.0,3.879,5.412,105 303 258 343
lysine,1,serine,32,14,5,2,4.375,5.863,0.879,58.1,60.4,0.0,0.0,3.879,5.59,46 292 292 48 157 261
lysine,1,serine,32,14,5,3,4.375,5.863,0.879,58.1,60.4,0.0,0.0,3.63,5.881,23 320 322 64 105 281 196 117
lysine,1,serine,32,14,5,4,4.375,5.863,0.879,58.1,60.4,0.0,0.0,3.419,5.493,349 352 316 47 75 284 257 118 146 204
lysine,1,serine,32,15,3,1,4.375,4.035,0.879,160.8,34.1,1.7461,0.0,2.983,0.477,88 64 317 356
lysine,1,serine,32,15,3,2,4.375,4.035,0.879,160.8,34.1,0.093,0.0,2.983,2.48,155 15 0 81 84 0
lysine,1,serine,32,15,3,3,4.375,4.035,0.879,160.8,34.1,0.0,0.0,1.994,2.872,356 71 254 198 16 259 307 320
lysine,1,serine,32,15,3,4,4.375,4.035,0.879,160.8,34.1,0.0,0.0,2.983,3.869,326 226 196 46 45 290 274 66 116 238
lysine,1,serine,32,15,4,1,4.375,1.774,0.879,171.9,122.4,3.3712,0.0,2.983,3.869,186 4 358 360
lysine,1,serine,32,15,4,2,4.375,1.774,0.879,171.9,122.4,2.2222,0.0,2.983,3.869,243 6 1 57 106 1
lysine,1,serine,32,15,4,3,4.375,1.774,0.879,171.9,122.4,0.0,0.0,2.983,1.598,122 320 1 183 359 318 251 349
lysine,1,serine,32,15,4,4,4.375,1.774,0.879,171.9,122.4,0.0,0.0,2.515,3.869,329 82 39 234 279 227 327 339 219 222
lysine,1,serine,32,15,5,1,4.375,3.794,0.879,154.8,44.1,1.6124,0.0,2.983,3.869,323 321 23 3
lysine,1,serine,32,15,5,2,4.375,3.794,0.879,154.8,44.1,0.2436,0.0,2.983,3.869,246 338 357 293 265 358
lysine,1,serine,32,15,5,3,4.375,3.794,0.879,154.8,44.1,0.0,0.0,2.416,1.318,39 73 341 111 34 162 17 355
lysine,1,serine,32,15,5,4,4.375,3.794,0.879,154.8,44.1,0.0,0.0,2.983,3.869,198 286 28 320 291 145 329 135 54 343
aspartic,21,tryptophan,2,3,16,1,6.888,7.692,0.478,41.3,96.4,2.2079,0.0,2.661,5.658,245 359 191 339
aspartic,21,tryptophan,2,3,16,2,6.888,7.692,0.478,41.3,96.4,0.0,0.0,2.661,5.124,261 50 103 309 261 151
aspartic,21,tryptophan,2,3,16,3,6.888,7.692,0.478,41.3,96.4,0.0,0.0,1.609,3.659,311 35 74 291 258 110 134 198
aspartic,21,tryptophan,2,3,16,4,6.888,7.692,0.478,41.3,96.4,0.0,0.0,1.997,2.014,1 214 268 305 275 76 85 218 201 160
aspartic,21,tryptophan,2,3,17,1,6.888,7.109,0.478,45.9,121.1,1.492,0.0,2.661,5.658,220 1 162 35
aspartic,21,tryptophan,2,3,17,2,6.888,7.109,0.478,45.9,121.1,0.0,0.0,2.661,5.236,259 44 95 311 238 130
aspartic,21,tryptophan,2,3,17,3,6.888,7.109,0.478,45.9,121.1,0.0,0.0,1.919,4.003,300 46 82 274 244 113 133 196
aspartic,21,tryptophan,2,3,17,4,6.888,7.109,0.478,45.9,121.1,0.0,0.0,1.603,3.564,315 22 57 283 251 119 146 243 225 164
aspartic,21,tryptophan,2,3,18,1,6.888,9.397,0.478,43.3,22.6,3.6038,0.0,2.661,5.658,228 360 161 57
aspartic,21,tryptophan,2,3,18,2,6.888,9.397,0.478,43.3,22.6,0.5216,0.0,2.661,5.658,227 357 156 122 88 162
aspartic,21,tryptophan,2,3,18,3,6.888,9.397,0.478,43.3,22.6,0.0,0.0,2.661,5.658,216 70 148 201 247 172 63 92
aspartic,21,tryptophan,2,3,18,4,6.888,9.397,0.478,43.3,22.6,0.0,0.0,2.661,5.024,281 357 84 296 276 143 117 221 253 179
aspartic,21,tryptophan,2,4,16,1,6.888,7.051,0.478,67.6,81.9,0.4851,0.0,0.788,3.693,76 7 233 267
aspartic,21,tryptophan,2,4,16,2,6.888,7.051,0.478,67.6,81.9,0.0,0.0,1.427,1.448,50 315 244 71 189 282
aspartic,21,tryptophan,2,4,16,3,6.888,7.051,0.478,67.6,81.9,0.0,0.0,2.875,5.169,193 263 252 39 125 287 196 126
aspartic,21,tryptophan,2,4,16,4,6.888,7.051,0.478,67.6,81.9,0.0,0.0,2.062,1.572,348 346 321 47 75 287 257 128 168 227
aspartic,21,tryptophan,2,4,17,1,6.888,6.184,0.478,81.4,116.5,0.0,0.0,1.384,5.147,114 267 276 109
aspartic,21,tryptophan,2,4,17,2,6.888,6.184,0.478,81.4,116.5,0.0,0.0,2.875,5.883,154 217 254 218 24 337
aspartic,21,tryptophan,2,4,17,3,6.888,6.184,0.478,81.4,116.5,0.0,0.0,2.875,5.883,194 176 242 117 94 299 265 121
aspartic,21,tryptophan,2,4,17,4,6.888,6.184,0.478,81.4,116.5,0.0,0.0,2.875,5.883,175 185 213 172 125 247 262 65 95 226
aspartic,21,tryptophan,2,4,18,1,6.888,8.451,0.478,81.0,16.9,1.2494,0.0,2.216,5.584,132 324 166 173
aspartic,21,tryptophan,2,4,18,2,6.888,8.451,0.478,81.0,16.9,0.4174,0.0,2.875,5.883,157 358 108 172 0 180
aspartic,21,tryptophan,2,4,18,3,6.888,8.451,0.478,81.0,16.9,0.0,0.0,2.875,5.883,188 234 204 140 90 210 283 173
aspartic,21,tryptophan,2,4,18,4,6.888,8.451,0.478,81.0,16.9,0.0,0.0,2.636,5.112,175 188 207 150 144 237 231 114 128 199
aspartic,21,tryptophan,2,5,16,1,6.888,5.22,0.478,153.1,94.0,0.0,0.0,2.51,1.746,321 96 283 21
aspartic,21,tryptophan,2,5,16,2,6.888,5.22,0.478,153.1,94.0,0.0,0.0,0.368,1.034,304 344 338 296 316 3
aspartic,21,tryptophan,2,5,16,3,6.888,5.22,0.478,153.1,94.0,0.0,0.0,2.946,4.939,109 226 118 251 340 25 117 284
aspartic,21,tryptophan,2,5,16,4,6.888,5.22,0.478,153.1,94.0,0.0,0.0,2.208,0.5,306 86 168 351 343 38 110 340 195 102
aspartic,21,tryptophan,2,5,17,1,6.888,4.78,0.478,149.1,112.2,0.202,0.0,2.473,4.939,266 300 53 354
aspartic,21,tryptophan,2,5,17,2,6.888,4.78,0.478,149.1,112.2,0.0594,0.0,2.946,4.939,140 254 76 17 132 32
aspartic,21,tryptophan,2,5,17,3,6.888,4.78,0.478,149.1,112.2,0.0,0.0,2.946,4.939,117 240 113 219 288 94 119 265
aspartic,21,tryptophan,2,5,17,4,6.888,4.78,0.478,149.1,112.2,0.0,0.0,2.946,4.939,183 259 151 181 258 82 89 342 238 91
aspartic,21,tryptophan,2,5,18,1,6.888,6.963,0.478,152.4,19.3,1.148,0.0,2.91,4.939,242 217 88 77
aspartic,21,tryptophan,2,5,18,2,6.888,6.963,0.478,152.4,19.3,0.3256,0.0,2.946,4.939,201 224 86 133 23 97
aspartic,21,tryptophan,2,5,18,3,6.888,6.963,0.478,152.4,19.3,0.0,0.0,2.946,4.939,176 232 151 219 265 74 106 240
aspartic,21,tryptophan,2,5,18,4,6.888,6.963,0.478,152.4,19.3,0.0,0.0,2.946,4.939,185 228 190 210 239 104 109 259 230 147
aspartic,21,tyrosine,0,3,8,1,11.478,12.622,-0.01,47.9,84.7,6.4108,0.0,2.116,2.649,309 0 205 271
aspartic,21,tyrosine,0,3,8,2,11.478,12.622,-0.01,47.9,84.7,2.8808,0.0,2.136,1.456,308 1 142 90 188 185
aspartic,21,tyrosine,0,3,8,3,11.478,12.622,-0.01,47.9,84.7,0.0,0.0,2.233,1.38,290 46 126 348 295 172 190 172
aspartic,21,tyrosine,0,3,8,4,11.478,12.622,-0.01,47.9,84.7,0.0,0.0,1.359,3.121,320 32 71 315 288 125 152 216 201 169
aspartic,21,tyrosine,0,3,9,1,11.478,14.045,-0.01,40.5,14.8,8.2207,0.0,2.341,2.644,303 0 157 70
aspartic,21,tyrosine,0,3,9,2,11.478,14.045,-0.01,40.5,14.8,4.7013,0.0,2.344,1.13,303 360 216 281 179 179
aspartic,21,tyrosine,0,3,9,3,11.478,14.045,-0.01,40.5,14.8,1.2593,0.0,2.661,2.098,289 1 220 271 184 183 146 155
aspartic,21,tyrosine,0,3,9,4,11.478,14.045,-0.01,40.5,14.8,0.2934,0.0,2.661,3.629,270 0 221 264 183 182 148 156 2 179
aspartic,21,tyrosine,0,3,10,1,11.478,11.957,-0.01,43.4,110.4,6.0261,0.0,2.584,3.187,295 0 157 70
aspartic,21,tyrosine,0,3,10,2,11.478,11.957,-0.01,43.4,110.4,2.4786,0.0,2.561,1.557,296 360 216 280 177 178
aspartic,21,tyrosine,0,3,10,3,11.478,11.957,-0.01,43.4,110.4,0.0,0.0,2.24,1.636,291 39 118 319 276 151 163 173
aspartic,21,tyrosine,0,3,10,4,11.478,11.957,-0.01,43.4,110.4,0.0,0.0,1.081,3.032,333 28 65 306 281 126 148 211 196 167
aspartic,21,tyrosine,0,4,8,1,11.478,12.549,-0.01,51.2,75.1,6.1601,0.0,1.676,1.072,50 0 155 95
aspartic,21,tyrosine,0,4,8,2,11.478,12.549,-0.01,51.2,75.1,2.5934,0.0,1.684,0.755,50 0 220 260 182 181
aspartic,21,tyrosine,0,4,8,3,11.478,12.549,-0.01,51.2,75.1,0.0,0.0,1.67,0.589,56 344 156 25 233 156 125 140
aspartic,21,tyrosine,0,4,8,4,11.478,12.549,-0.01,51.2,75.1,0.0,0.0,2.875,2.362,101 279 234 90 135 207 193 82 78 188
aspartic,21,tyrosine,0,4,9,1,11.478,13.636,-0.01,59.3,23.2,6.8602,0.0,1.873,1.49,56 1 204 232
aspartic,21,tyrosine,0,4,9,2,11.478,13.636,-0.01,59.3,23.2,3.2896,0.0,1.875,1.02,56 1 142 118 184 183
aspartic,21,tyrosine,0,4,9,3,11.478,13.636,-0.01,59.3,23.2,0.5681,0.0,1.169,0.407,58 7 214 209 194 190 88 148
aspartic,21,tyrosine,0,4,9,4,11.478,13.636,-0.01,59.3,23.2,0.0,0.0,1.08,2.408,30 67 118 180 131 157 231 190 345 117
aspartic,21,tyrosine,0,4,10,1,11.478,11.705,-0.01,54.8,107.2,5.1515,0.0,2.076,1.45,63 360 206 255
aspartic,21,tyrosine,0,4,10,2,11.478,11.705,-0.01,54.8,107.2,1.5828,0.0,2.077,0.727,63 360 140 105 180 180
aspartic,21,tyrosine,0,4,10,3,11.478,11.705,-0.01,54.8,107.2,0.0,0.0,1.826,1.557,56 300 282 40 72 218 185 161
aspartic,21,tyrosine,0,4,10,4,11.478,11.705,-0.01,54.8,107.2,0.0,0.0,1.327,1.024,35 337 301 49 75 232 209 132 148 195
aspartic,21,tyrosine,0,5,8,1,11.478,11.034,-0.01,110.2,75.9,3.7616,0.0,2.512,0.677,321 97 178 179
aspartic,21,tyrosine,0,5,8,2,11.478,11.034,-0.01,110.2,75.9,0.1221,0.0,2.486,0.728,326 85 191 188 153 160
aspartic,21,tyrosine,0,5,8,3,11.478,11.034,-0.01,110.2,75.9,0.0,0.0,1.047,0.677,350 226 4 260 116 190 299 280
aspartic,21,tyrosine,0,5,8,4,11.478,11.034,-0.01,110.2,75.9,0.0,0.0,1.152,2.709,269 125 139 261 248 146 153 270 276 186
aspartic,21,tyrosine,0,5,9,1,11.478,12.169,-0.01,116.3,22.0,4.9296,0.0,2.942,0.946,28 253 178 179
aspartic,21,tyrosine,0,5,9,2,11.478,12.169,-0.01,116.3,22.0,1.2451,0.0,1.911,0.986,23 250 174 177 167 169
aspartic,21,tyrosine,0,5,9,3,11.478,12.169,-0.01,116.3,22.0,0.2424,0.0,2.644,1.346,302 137 203 190 221 214 17 170
aspartic,21,tyrosine,0,5,9,4,11.478,12.169,-0.01,116.3,22.0,0.0,0.0,2.563,0.682,298 260 54 40 332 170 146 194 304 181
aspartic,21,tyrosine,0,5,10,1,11.478,10.019,-0.01,121.4,115.4,2.7862,0.0,2.544,1.168,316 113 188 185
aspartic,21,tyrosine,0,5,10,2,11.478,10.019,-0.01,121.4,115.4,0.0,0.0,2.408,1.239,13 275 95 136 252 282
aspartic,21,tyrosine,0,5,10,3,11.478,10.019,-0.01,121.4,115.4,0.0,0.0,2.715,0.707,267 98 168 21 273 331 89 300
aspartic,21,tyrosine,0,5,10,4,11.478,10.019,-0.01,121.4,115.4,0.0,0.0,2.29,0.67,35 48 86 19 348 96 134 325 296 154
aspartic,21,phenylalanine,4,3,12,1,7.682,9.069,-0.551,49.3,58.9,2.9675,0.0,1.386,4.395,281 359 202 295
aspartic,21,phenylalanine,4,3,12,2,7.682,9.069,-0.551,49.3,58.9,0.4226,0.0,1.385,1.699,307 0 177 4 76 153
aspartic,21,phenylalanine,4,3,12,3,7.682,9.069,-0.551,49.3,58.9,0.0,0.0,2.047,2.799,211 15 158 34 210 252 319 176
aspartic,21,phenylalanine,4,3,12,4,7.682,9.069,-0.551,49.3,58.9,0.0,0.0,1.314,0.842,17 10 89 334 277 52 73 229 229 166
aspartic,21,phenylalanine,4,3,13,1,7.682,8.54,-0.551,64.0,79.0,1.6202,0.0,2.226,4.249,283 1 205 238
aspartic,21,phenylalanine,4,3,13,2,7.682,8.54,-0.551,64.0,79.0,0.0,0.0,1.614,2.567,312 57 122 263 182 132
aspartic,21,phenylalanine,4,3,13,3,7.682,8.54,-0.551,64.0,79.0,0.0,0.0,0.902,3.174,349 2 69 310 270 105 119 179
aspartic,21,phenylalanine,4,3,13,4,7.682,8.54,-0.551,64.0,79.0,0.0,0.0,1.349,3.243,331 1 38 309 288 112 130 251 230 157
aspartic,21,phenylalanine,4,3,14,1,7.682,9.389,-0.551,62.2,45.3,2.5249,0.0,2.022,5.411,269 359 155 123
aspartic,21,phenylalanine,4,3,14,2,7.682,9.389,-0.551,62.2,45.3,0.0742,0.0,1.039,5.658,239 20 169 175 53 152
aspartic,21,phenylalanine,4,3,14,3,7.682,9.389,-0.551,62.2,45.3,0.0,0.0,2.136,5.658,206 140 122 233 228 126 153 207
aspartic,21,phenylalanine,4,3,14,4,7.682,9.389,-0.551,62.2,45.3,0.0,0.0,1.374,5.002,265 46 49 302 292 127 126 266 243 137
aspartic,21,phenylalanine,4,4,12,1,7.682,9.073,-0.551,49.1,73.0,2.9398,0.0,2.529,2.947,82 360 157 73
aspartic,21,phenylalanine,4,4,12,2,7.682,9.073,-0.551,49.1,73.0,0.0,0.0,2.158,2.588,47 37 203 311 168 212
aspartic,21,phenylalanine,4,4,12,3,7.682,9.073,-0.551,49.1,73.0,0.0,0.0,1.421,1.754,19 340 274 66 103 234 228 188
aspartic,21,phenylalanine,4,4,12,4,7.682,9.073,-0.551,49.1,73.0,0.0,0.0,1.361,3.27,41 345 308 56 81 242 222 115 133 199
aspartic,21,phenylalanine,4,4,13,1,7.682,9.216,-0.551,33.7,67.7,4.1683,0.0,1.996,2.896,81 1 169 19
aspartic,21,phenylalanine,4,4,13,2,7.682,9.216,-0.551,33.7,67.7,0.7108,0.0,1.276,1.407,69 2 160 30 218 205
aspartic,21,phenylalanine,4,4,13,3,7.682,9.216,-0.551,33.7,67.7,0.0,0.0,1.757,0.599,29 294 281 10 137 204 67 140
aspartic,21,phenylalanine,4,4,13,4,7.682,9.216,-0.551,33.7,67.7,0.0,0.0,2.242,0.774,336 348 279 40 101 275 254 161 151 170
aspartic,21,phenylalanine,4,4,14,1,7.682,9.816,-0.551,44.1,42.6,3.9336,0.0,1.947,4.193,100 0 201 299
aspartic,21,phenylalanine,4,4,14,2,7.682,9.816,-0.551,44.1,42.6,0.4668,0.0,0.88,4.913,107 1 209 277 197 187
aspartic,21,phenylalanine,4,4,14,3,7.682,9.816,-0.551,44.1,42.6,0.0,0.0,1.267,5.382,114 347 233 34 84 230 281 220
aspartic,21,phenylalanine,4,4,14,4,7.682,9.816,-0.551,44.1,42.6,0.0,0.0,1.648,3.522,57 340 298 61 89 233 214 121 133 193
aspartic,21,phenylalanine,4,5,12,1,7.682,6.986,-0.551,135.9,63.7,0.1314,0.0,1.472,2.426,348 221 85 172
aspartic,21,phenylalanine,4,5,12,2,7.682,6.986,-0.551,135.9,63.7,0.0,0.0,1.411,0.521,16 318 76 85 339 30
aspartic,21,phenylalanine,4,5,12,3,7.682,6.986,-0.551,135.9,63.7,0.0,0.0,2.32,2.507,278 27 349 28 67 310 269 141
aspartic,21,phenylalanine,4,5,12,4,7.682,6.986,-0.551,135.9,63.7,0.0,0.0,1.51,0.453,84 257 242 55 66 277 254 58 79 197
aspartic,21,phenylalanine,4,5,13,1,7.682,6.948,-0.551,128.4,65.2,0.1083,0.0,1.075,3.176,53 288 83 169
aspartic,21,phenylalanine,4,5,13,2,7.682,6.948,-0.551,128.4,65.2,0.0,0.0,1.579,1.192,353 14 269 199 46 32
aspartic,21,phenylalanine,4,5,13,3,7.682,6.948,-0.551,128.4,65.2,0.0,0.0,2.003,4.939,152 200 215 102 85 256 237 144
aspartic,21,phenylalanine,4,5,13,4,7.682,6.948,-0.551,128.4,65.2,0.0,0.0,1.618,0.688,350 312 256 312 349 297 268 32 73 244
aspartic,21,phenylalanine,4,5,14,1,7.682,7.448,-0.551,147.8,45.0,0.7935,0.0,1.055,4.773,62 176 242 251
aspartic,21,phenylalanine,4,5,14,2,7.682,7.448,-0.551,147.8,45.0,0.0,0.0,1.429,4.939,105 195 198 212 14 271
aspartic,21,phenylalanine,4,5,14,3,7.682,7.448,-0.551,147.8,45.0,0.0,0.0,1.285,4.939,135 135 213 127 79 319 270 127
aspartic,21,phenylalanine,4,5,14,4,7.682,7.448,-0.551,147.8,45.0,0.0,0.0,2.068,4.939,113 250 227 14 36 298 266 91 124 214
aspartic,21,lysine,1,3,13,1,8.61,7.135,0.076,91.3,153.1,0.213,0.0,1.313,3.278,350 332 117 153
aspartic,21,lysine,1,3,13,2,8.61,7.135,0.076,91.3,153.1,0.0,0.0,1.6,3.97,22 15 66 302 270 147
aspartic,21,lysine,1,3,13,3,8.61,7.135,0.076,91.3,153.1,0.0,0.0,1.62,4.496,34 353 36 318 290 73 100 210
aspartic,21,lysine,1,3,13,4,8.61,7.135,0.076,91.3,153.1,0.0,0.0,2.661,5.372,268 336 24 23 6 92 114 304 267 129
aspartic,21,lysine,1,3,14,1,8.61,9.384,0.076,95.7,52.0,2.1247,0.0,2.207,3.893,291 68 189 186
aspartic,21,lysine,1,3,14,2,8.61,9.384,0.076,95.7,52.0,0.0,0.0,2.09,4.957,17 246 187 165 72 134
aspartic,21,lysine,1,3,14,3,8.61,9.384,0.076,95.7,52.0,0.0,0.0,2.661,5.658,259 127 143 144 51 153 280 9
aspartic,21,lysine,1,3,14,4,8.61,9.384,0.076,95.7,52.0,0.0,0.0,2.223,4.086,310 352 36 359 331 106 129 270 241 147
aspartic,21,lysine,1,3,15,1,8.61,8.561,0.076,81.9,83.7,1.2851,0.0,1.486,2.486,355 316 188 184
aspartic,21,lysine,1,3,15,2,8.61,8.561,0.076,81.9,83.7,0.0,0.0,1.704,2.982,41 291 154 83 115 188
aspartic,21,lysine,1,3,15,3,8.61,8.561,0.076,81.9,83.7,0.0,0.0,2.661,3.408,294 249 42 9 82 67 34 179
aspartic,21,lysine,1,3,15,4,8.61,8.561,0.076,81.9,83.7,0.0,0.0,2.108,0.934,288 47 93 329 297 82 104 315 276 137
aspartic,21,lysine,1,4,13,1,8.61,8.795,0.076,15.4,140.9,5.4651,0.0,1.946,2.553,346 0 180 0
aspartic,21,lysine,1,4,13,2,8.61,8.795,0.076,15.4,140.9,1.6842,0.0,1.923,1.816,346 0 179 1 157 120
aspartic,21,lysine,1,4,13,3,8.61,8.795,0.076,15.4,140.9,0.0,0.0,1.63,2.771,351 45 112 297 239 120 140 184
aspartic,21,lysine,1,4,13,4,8.61,8.795,0.076,15.4,140.9,0.0,0.0,2.748,4.908,306 48 80 294 266 118 141 231 214 166
aspartic,21,lysine,1,4,14,1,8.61,11.078,0.076,20.2,43.8,6.8359,0.0,2.2,2.973,337 0 179 1
aspartic,21,lysine,1,4,14,2,8.61,11.078,0.076,20.2,43.8,3.1804,0.0,2.151,2.215,339 359 189 347 168 170
aspartic,21,lysine,1,4,14,3,8.61,11.078,0.076,20.2,43.8,0.1872,0.0,2.659,3.986,312 359 205 318 174 176 107 147
aspartic,21,lysine,1,4,14,4,8.61,11.078,0.076,20.2,43.8,0.0,0.0,2.875,5.427,299 58 90 291 264 132 153 214 203 170
aspartic,21,lysine,1,4,15,1,8.61,9.787,0.076,29.0,94.7,4.9415,0.0,1.656,2.201,356 360 180 360
aspartic,21,lysine,1,4,15,2,8.61,9.787,0.076,29.0,94.7,1.5532,0.0,1.835,1.224,348 2 159 30 208 201
aspartic,21,lysine,1,4,15,3,8.61,9.787,0.076,29.0,94.7,0.0,0.0,2.451,2.802,328 85 114 259 239 139 155 188
aspartic,21,lysine,1,4,15,4,8.61,9.787,0.076,29.0,94.7,0.0,0.0,2.351,1.815,77 348 123 346 220 248 3 55 319 116
aspartic,21,lysine,1,5,13,1,8.61,7.369,0.076,82.6,144.1,0.15,0.0,2.515,2.869,23 34 201 192
aspartic,21,lysine,1,5,13,2,8.61,7.369,0.076,82.6,144.1,0.0,0.0,2.048,1.459,6 294 343 10 96 229
aspartic,21,lysine,1,5,13,3,8.61,7.369,0.076,82.6,144.1,0.0,0.0,1.382,1.324,337 353 323 52 83 268 229 142
aspartic,21,lysine,1,5,13,4,8.61,7.369,0.076,82.6,144.1,0.0,0.0,2.946,4.939,85 29 336 337 1 277 249 42 101 232
aspartic,21,lysine,1,5,14,1,8.61,9.807,0.076,79.9,38.1,2.5194,0.0,2.563,3.056,26 36 181 180
aspartic,21,lysine,1,5,14,2,8.61,9.807,0.076,79.9,38.1,0.3211,0.0,2.921,4.747,82 347 155 157 305 203
aspartic,21,lysine,1,5,14,3,8.61,9.807,0.076,79.9,38.1,0.0,0.0,2.946,4.939,127 293 178 99 86 197 270 216
aspartic,21,lysine,1,5,14,4,8.61,9.807,0.076,79.9,38.1,0.0,0.0,2.345,3.152,43 352 314 27 54 251 229 91 118 210
aspartic,21,lysine,1,5,15,1,8.61,8.68,0.076,77.5,84.0,1.3983,0.0,2.441,1.914,17 29 175 177
aspartic,21,lysine,1,5,15,2,8.61,8.68,0.076,77.5,84.0,0.0,0.0,2.435,0.186,329 81 185 258 269 190
aspartic,21,lysine,1,5,15,3,8.61,8.68,0.076,77.5,84.0,0.0,0.0,1.396,0.604,327 9 303 16 65 329 288 185
aspartic,21,lysine,1,5,15,4,8.61,8.68,0.076,77.5,84.0,0.0,0.0,2.946,2.898,89 308 257 36 73 279 260 34 72 225
aspartic,21,glutamic,8,3,5,1,8.895,9.182,0.688,39.8,111.7,3.7589,0.0,0.992,0.799,346 359 197 324
aspartic,21,glutamic,8,3,5,2,8.895,9.182,0.688,39.8,111.7,0.2037,0.0,0.896,1.189,352 357 209 315 142 154
aspartic,21,glutamic,8,3,5,3,8.895,9.182,0.688,39.8,111.7,0.0,0.0,1.776,1.061,306 61 94 307 269 109 144 206
aspartic,21,glutamic,8,3,5,4,8.895,9.182,0.688,39.8,111.7,0.0,0.0,2.349,0.587,286 63 91 287 264 127 147 248 230 162
aspartic,21,glutamic,8,3,6,1,8.895,11.102,0.688,45.7,32.8,5.0799,0.0,1.316,1.023,333 0 156 74
aspartic,21,glutamic,8,3,6,2,8.895,11.102,0.688,45.7,32.8,1.5643,0.0,1.217,0.94,337 359 141 85 170 173
aspartic,21,glutamic,8,3,6,3,8.895,11.102,0.688,45.7,32.8,0.0935,0.0,2.089,1.684,309 2 138 91 193 189 323 197
aspartic,21,glutamic,8,3,6,4,8.895,11.102,0.688,45.7,32.8,0.0,0.0,2.523,0.911,280 52 112 291 270 144 145 227 236 175
aspartic,21,glutamic,8,3,7,1,8.895,9.058,0.688,53.7,117.1,2.7313,0.0,1.284,1.174,334 360 152 89
aspartic,21,glutamic,8,3,7,2,8.895,9.058,0.688,53.7,117.1,0.0,0.0,1.298,1.485,5 315 236 245 257 227
aspartic,21,glutamic,8,3,7,3,8.895,9.058,0.688,53.7,117.1,0.0,0.0,1.362,1.772,23 0 78 349 288 45 66 185
aspartic,21,glutamic,8,3,7,4,8.895,9.058,0.688,53.7,117.1,0.0,0.0,1.652,0.333,310 36 74 313 285 111 134 259 238 158
aspartic,21,glutamic,8,4,5,1,8.895,8.625,0.688,63.8,127.4,1.9034,0.0,1.242,2.372,23 2 212 240
aspartic,21,glutamic,8,4,5,2,8.895,8.625,0.688,63.8,127.4,0.0,0.0,2.109,2.965,328 53 160 83 115 179
aspartic,21,glutamic,8,4,5,3,8.895,8.625,0.688,63.8,127.4,0.0,0.0,2.503,3.31,324 0 292 21 69 320 294 167
aspartic,21,glutamic,8,4,5,4,8.895,8.625,0.688,63.8,127.4,0.0,0.0,1.289,0.731,33 343 303 33 61 260 236 89 115 209
aspartic,21,glutamic,8,4,6,1,8.895,10.824,0.688,57.9,36.1,4.1474,0.0,1.286,2.09,30 0 206 247
aspartic,21,glutamic,8,4,6,2,8.895,10.824,0.688,57.9,36.1,0.7148,0.0,1.387,1.355,36 2 211 237 209 193
aspartic,21,glutamic,8,4,6,3,8.895,10.824,0.688,57.9,36.1,0.0,0.0,1.665,1.257,11 48 211 311 131 203 329 221
aspartic,21,glutamic,8,4,6,4,8.895,10.824,0.688,57.9,36.1,0.0,0.0,1.588,0.935,46 314 290 50 75 239 210 107 135 203
aspartic,21,glutamic,8,4,7,1,8.895,9.182,0.688,48.3,102.5,3.197,0.0,1.252,1.719,27 359 201 301
aspartic,21,glutamic,8,4,7,2,8.895,9.182,0.688,48.3,102.5,0.0315,0.0,1.422,0.612,42 355 204 329 99 141
aspartic,21,glutamic,8,4,7,3,8.895,9.182,0.688,48.3,102.5,0.0,0.0,1.736,0.62,40 305 285 46 73 261 217 135
aspartic,21,glutamic,8,4,7,4,8.895,9.182,0.688,48.3,102.5,0.0,0.0,1.574,0.338,52 319 284 52 79 246 223 107 126 200
aspartic,21,glutamic,8,5,5,1,8.895,8.1,0.688,83.3,118.6,0.8135,0.0,1.841,0.393,12 316 177 178
aspartic,21,glutamic,8,5,5,2,8.895,8.1,0.688,83.3,118.6,0.0,0.0,2.556,0.838,355 173 314 183 62 100
aspartic,21,glutamic,8,5,5,3,8.895,8.1,0.688,83.3,118.6,0.0,0.0,2.342,0.706,40 1 34 324 292 81 131 232
aspartic,21,glutamic,8,5,5,4,8.895,8.1,0.688,83.3,118.6,0.0,0.0,1.58,1.368,343 327 31 7 333 95 102 294 256 129
aspartic,21,glutamic,8,5,6,1,8.895,9.968,0.688,90.3,44.1,2.7567,0.0,2.163,0.542,25 303 167 172
aspartic,21,glutamic,8,5,6,2,8.895,9.968,0.688,90.3,44.1,0.2305,0.0,2.594,0.171,310 97 177 178 286 211
aspartic,21,glutamic,8,5,6,3,8.895,9.968,0.688,90.3,44.1,0.0,0.0,2.646,0.708,4 160 320 239 104 177 295 308
aspartic,21,glutamic,8,5,6,4,8.895,9.968,0.688,90.3,44.1,0.0,0.0,2.13,2.048,25 329 36 34 335 54 88 262 265 175
aspartic,21,glutamic,8,5,7,1,8.895,8.21,0.688,85.9,113.6,0.927,0.0,2.019,0.62,336 50 185 183
aspartic,21,glutamic,8,5,7,2,8.895,8.21,0.688,85.9,113.6,0.0,0.0,2.867,0.988,21 90 8 211 82 255
aspartic,21,glutamic,8,5,7,3,8.895,8.21,0.688,85.9,113.6,0.0,0.0,1.695,1.093,317 44 269 134 291 138 48 50
aspartic,21,glutamic,8,5,7,4,8.895,8.21,0.688,85.9,113.6,0.0,0.0,1.618,1.176,326 35 336 14 60 271 240 83 110 201
aspartic,21,leucine,5,3,1,1,14.333,16.661,-0.872,46.3,33.6,10.431,0.0,2.661,4.121,284 360 155 94
aspartic,21,leucine,5,3,1,2,14.333,16.661,-0.872,46.3,33.6,6.9237,0.0,2.661,2.978,284 360 218 265 176 178
aspartic,21,leucine,5,3,1,3,14.333,16.661,-0.872,46.3,33.6,3.2163,0.0,2.11,3.013,284 359 145 97 172 176 173 173
aspartic,21,leucine,5,3,1,4,14.333,16.661,-0.872,46.3,33.6,0.3265,0.0,0.564,4.062,283 360 147 118 177 179 178 178 100 152
aspartic,21,leucine,5,3,2,1,14.333,15.041,-0.872,43.4,101.1,8.9944,0.0,2.661,3.698,292 360 204 280
aspartic,21,leucine,5,3,2,2,14.333,15.041,-0.872,43.4,101.1,5.4706,0.0,2.661,2.583,292 0 142 88 181 181
aspartic,21,leucine,5,3,2,3,14.333,15.041,-0.872,43.4,101.1,1.7506,0.0,2.661,2.144,292 360 213 274 179 179 179 179
aspartic,21,leucine,5,3,2,4,14.333,15.041,-0.872,43.4,101.1,0.0,0.0,1.421,1.555,318 48 86 325 292 153 192 171 157 177
aspartic,21,leucine,5,3,13,1,14.333,15.905,-0.872,38.1,68.5,10.1696,0.0,2.661,3.985,281 0 158 65
aspartic,21,leucine,5,3,13,2,14.333,15.905,-0.872,38.1,68.5,6.6334,0.0,2.661,2.393,281 0 216 281 182 181
aspartic,21,leucine,5,3,13,3,14.333,15.905,-0.872,38.1,68.5,2.952,0.0,2.661,2.46,280 1 148 74 191 186 189 188
aspartic,21,leucine,5,3,13,4,14.333,15.905,-0.872,38.1,68.5,0.0548,0.0,2.661,1.259,274 0 156 50 186 183 184 183 262 208
aspartic,21,leucine,5,4,1,1,14.333,16.415,-0.872,57.4,25.5,9.6463,0.0,2.415,2.381,74 360 202 233
aspartic,21,leucine,5,4,1,2,14.333,16.415,-0.872,57.4,25.5,6.1339,0.0,2.425,1.249,74 360 142 119 178 179
aspartic,21,leucine,5,4,1,3,14.333,16.415,-0.872,57.4,25.5,2.3997,0.0,2.428,1.082,74 360 213 241 178 179 178 178
aspartic,21,leucine,5,4,1,4,14.333,16.415,-0.872,57.4,25.5,0.5134,0.0,0.78,2.365,85 1 147 101 190 185 186 186 303 201
aspartic,21,leucine,5,4,2,1,14.333,14.729,-0.872,57.6,99.1,7.9622,0.0,2.16,2.147,66 360 157 124
aspartic,21,leucine,5,4,2,2,14.333,14.729,-0.872,57.6,99.1,4.4334,0.0,2.153,0.366,65 0 219 243 182 181
aspartic,21,leucine,5,4,2,3,14.333,14.729,-0.872,57.6,99.1,0.7639,0.0,2.179,0.677,67 358 146 121 158 169 169 170
aspartic,21,leucine,5,4,2,4,14.333,14.729,-0.872,57.6,99.1,0.0,0.0,2.092,0.394,58 285 277 35 72 195 151 115 139 196
aspartic,21,leucine,5,4,13,1,14.333,15.307,-0.872,65.2,77.4,8.289,0.0,2.372,2.335,73 359 163 153
aspartic,21,leucine,5,4,13,2,14.333,15.307,-0.872,65.2,77.4,4.7103,0.0,2.364,0.909,73 359 214 226 176 178
aspartic,21,leucine,5,4,13,3,14.333,15.307,-0.872,65.2,77.4,0.9945,0.0,2.38,1.155,74 358 151 139 168 174 172 173
aspartic,21,leucine,5,4,13,4,14.333,15.307,-0.872,65.2,77.4,0.0,0.0,2.875,0.347,120 235 219 135 150 208 197 173 180 185
aspartic,21,leucine,5,5,1,1,14.333,14.552,-0.872,133.4,31.4,7.2999,0.0,2.516,2.009,320 137 180 180
aspartic,21,leucine,5,5,1,2,14.333,14.552,-0.872,133.4,31.4,3.6216,0.0,2.805,2.485,22 218 186 183 186 185
aspartic,21,leucine,5,5,1,3,14.333,14.552,-0.872,133.4,31.4,0.6439,0.0,0.468,3.341,26 204 177 179 178 178 250 207
aspartic,21,leucine,5,5,1,4,14.333,14.552,-0.872,133.4,31.4,0.0,0.0,1.308,3.715,58 218 198 196 154 183 175 309 255 155
aspartic,21,leucine,5,5,2,1,14.333,13.028,-0.872,125.4,95.8,5.7968,0.0,2.555,1.444,314 124 174 177
aspartic,21,leucine,5,5,2,2,14.333,13.028,-0.872,125.4,95.8,2.0637,0.0,2.914,1.787,24 236 174 177 175 175
aspartic,21,leucine,5,5,2,3,14.333,13.028,-0.872,125.4,95.8,0.0,0.0,2.691,0.94,300 132 139 225 38 187 108 166
aspartic,21,leucine,5,5,2,4,14.333,13.028,-0.872,125.4,95.8,0.0,0.0,1.596,1.211,325 343 17 16 336 127 133 11 312 139
aspartic,21,leucine,5,5,13,1,14.333,13.679,-0.872,131.1,71.3,6.4204,0.0,2.793,1.966,16 227 182 181
aspartic,21,leucine,5,5,13,2,14.333,13.679,-0.872,131.1,71.3,2.7037,0.0,2.575,1.693,312 137 178 179 178 178
aspartic,21,leucine,5,5,13,3,14.333,13.679,-0.872,131.1,71.3,0.0,0.0,2.784,0.874,284 155 182 211 203 166 164 178
aspartic,21,leucine,5,5,13,4,14.333,13.679,-0.872,131.1,71.3,0.0,0.0,1.486,0.648,350 335 31 304 327 127 162 313 297 160
aspartic,21,serine,4,3,3,1,10.22,12.533,0.941,44.8,31.8,6.5002,0.0,2.661,4.811,271 360 156 78
aspartic,21,serine,4,3,3,2,10.22,12.533,0.941,44.8,31.8,2.9447,0.0,2.661,3.607,271 360 217 275 177 178
aspartic,21,serine,4,3,3,3,10.22,12.533,0.941,44.8,31.8,0.3927,0.0,2.661,4.254,253 4 141 95 208 196 265 216
aspartic,21,serine,4,3,3,4,10.22,12.533,0.941,44.8,31.8,0.0,0.0,2.661,3.342,265 354 137 305 296 152 120 182 263 205
aspartic,21,serine,4,3,4,1,10.22,10.916,0.941,51.7,99.1,4.5942,0.0,2.661,4.598,278 1 207 265
aspartic,21,serine,4,3,4,2,10.22,10.916,0.941,51.7,99.1,1.0297,0.0,2.661,3.906,276 1 142 91 193 188
aspartic,21,serine,4,3,4,3,10.22,10.916,0.941,51.7,99.1,0.0,0.0,1.159,3.076,330 23 98 297 261 149 159 171
aspartic,21,serine,4,3,4,4,10.22,10.916,0.941,51.7,99.1,0.0,0.0,2.067,4.042,300 26 64 304 280 130 148 242 228 164
aspartic,21,serine,4,3,5,1,10.22,10.193,0.941,40.5,131.3,4.5867,0.0,2.661,4.748,269 1 160 50
aspartic,21,serine,4,3,5,2,10.22,10.193,0.941,40.5,131.3,0.9546,0.0,2.661,3.156,270 360 215 291 180 180
aspartic,21,serine,4,3,5,3,10.22,10.193,0.941,40.5,131.3,0.0,0.0,1.369,3.09,320 35 104 282 248 144 151 170
aspartic,21,serine,4,3,5,4,10.22,10.193,0.941,40.5,131.3,0.0,0.0,2.206,3.937,294 33 65 297 271 130 149 243 226 163
aspartic,21,serine,4,4,3,1,10.22,12.186,0.941,60.0,35.0,5.3998,0.0,2.708,2.889,82 1 205 234
aspartic,21,serine,4,4,3,2,10.22,12.186,0.941,60.0,35.0,1.8188,0.0,2.738,1.665,84 359 139 118 175 177
aspartic,21,serine,4,4,3,3,10.22,12.186,0.941,60.0,35.0,0.023,0.0,2.875,2.614,88 15 213 207 207 199 38 160
aspartic,21,serine,4,4,3,4,10.22,12.186,0.941,60.0,35.0,0.0,0.0,2.511,2.889,81 352 273 32 53 242 232 154 120 159
aspartic,21,serine,4,4,4,1,10.22,10.969,0.941,49.3,86.0,4.7718,0.0,2.695,2.787,83 359 204 280
aspartic,21,serine,4,4,4,2,10.22,10.969,0.941,49.3,86.0,1.1657,0.0,2.654,2.635,81 0 219 269 180 180
aspartic,21,serine,4,4,4,3,10.22,10.969,0.941,49.3,86.0,0.0,0.0,2.875,3.768,109 290 268 41 91 224 204 157
aspartic,21,serine,4,4,4,4,10.22,10.969,0.941,49.3,86.0,0.0,0.0,2.044,3.785,74 321 287 64 88 224 210 102 114 194
aspartic,21,serine,4,4,5,1,10.22,9.72,0.941,61.3,142.1,3.0349,0.0,2.627,2.851,80 1 210 242
aspartic,21,serine,4,4,5,2,10.22,9.72,0.941,61.3,142.1,0.0,0.0,1.915,1.247,57 1 175 138 128 198
aspartic,21,serine,4,4,5,3,10.22,9.72,0.941,61.3,142.1,0.0,0.0,2.875,3.652,114 311 264 16 80 263 232 136
aspartic,21,serine,4,4,5,4,10.22,9.72,0.941,61.3,142.1,0.0,0.0,1.264,0.831,14 4 310 42 64 262 248 145 152 192
aspartic,21,serine,4,5,3,1,10.22,10.256,0.941,141.8,35.5,2.9756,0.0,2.72,2.833,11 205 179 180
aspartic,21,serine,4,5,3,2,10.22,10.256,0.941,141.8,35.5,0.5154,0.0,2.613,2.664,308 178 161 149 296 198
aspartic,21,serine,4,5,3,3,10.22,10.256,0.941,141.8,35.5,0.0,0.0,2.946,2.547,253 178 189 227 220 122 119 177
aspartic,21,serine,4,5,3,4,10.22,10.256,0.941,141.8,35.5,0.0,0.0,2.946,3.468,113 340 9 55 110 153 145 191 287 200
aspartic,21,serine,4,5,4,1,10.22,8.868,0.941,136.9,92.1,1.5794,0.0,2.473,2.565,332 143 180 180
aspartic,21,serine,4,5,4,2,10.22,8.868,0.941,136.9,92.1,0.0,0.0,2.483,1.611,320 85 213 22 274 105
aspartic,21,serine,4,5,4,3,10.22,8.868,0.941,136.9,92.1,0.0,0.0,2.946,2.746,99 209 237 75 82 261 187 108
aspartic,21,serine,4,5,4,4,10.22,8.868,0.941,136.9,92.1,0.0,0.0,2.946,4.648,240 96 274 235 358 278 161 40 148 208
aspartic,21,serine,4,5,5,1,10.22,7.872,0.941,139.1,137.1,0.6029,0.0,2.709,2.463,10 210 184 182
aspartic,21,serine,4,5,5,2,10.22,7.872,0.941,139.1,137.1,0.0,0.0,2.822,0.576,291 127 161 314 352 324
aspartic,21,serine,4,5,5,3,10.22,7.872,0.941,139.1,137.1,0.0001,0.0,2.946,3.335,227 187 182 237 250 95 88 190
aspartic,21,serine,4,5,5,4,10.22,7.872,0.941,139.1,137.1,0.0,0.0,2.946,3.608,106 342 32 135 84 10 65 18 321 125
aspartic,21,tryptophan,5,3,16,1,8.842,9.789,-0.947,56.0,77.4,3.2183,0.0,0.882,2.138,3 0 154 100
aspartic,21,tryptophan,5,3,16,2,8.842,9.789,-0.947,56.0,77.4,0.0,0.0,1.14,2.067,7 322 182 118 149 183
aspartic,21,tryptophan,5,3,16,3,8.842,9.789,-0.947,56.0,77.4,0.0,0.0,2.026,2.408,346 257 255 95 215 207 227 75
aspartic,21,tryptophan,5,3,16,4,8.842,9.789,-0.947,56.0,77.4,0.0,0.0,0.898,2.664,81 332 215 343 196 282 174 110 42 143
aspartic,21,tryptophan,5,3,17,1,8.842,10.325,-0.947,51.0,56.8,4.0362,0.0,1.1,3.035,20 359 205 276
aspartic,21,tryptophan,5,3,17,2,8.842,10.325,-0.947,51.0,56.8,0.6438,0.0,1.048,3.86,30 358 209 287 146 165
aspartic,21,tryptophan,5,3,17,3,8.842,10.325,-0.947,51.0,56.8,0.0,0.0,1.758,5.484,75 314 222 34 111 229 238 194
aspartic,21,tryptophan,5,3,17,4,8.842,10.325,-0.947,51.0,56.8,0.0,0.0,1.425,4.278,37 322 287 45 73 245 219 118 138 198
aspartic,21,tryptophan,5,3,18,1,8.842,10.481,-0.947,64.2,50.2,3.599,0.0,1.079,3.348,12 3 205 222
aspartic,21,tryptophan,5,3,18,2,8.842,10.481,-0.947,64.2,50.2,0.323,0.0,0.438,3.681,359 22 215 210 243 211
aspartic,21,tryptophan,5,3,18,3,8.842,10.481,-0.947,64.2,50.2,0.0,0.0,1.269,4.894,12 117 107 189 233 36 256 143
aspartic,21,tryptophan,5,3,18,4,8.842,10.481,-0.947,64.2,50.2,0.0,0.0,1.084,3.938,22 336 297 29 59 252 223 116 136 199
aspartic,21,tryptophan,5,4,16,1,8.842,9.539,-0.947,65.9,71.5,2.4833,0.0,0.679,3.362,3 360 199 224
aspartic,21,tryptophan,5,4,16,2,8.842,9.539,-0.947,65.9,71.5,0.0,0.0,0.848,2.529,18 7 165 128 303 151
aspartic,21,tryptophan,5,4,16,3,8.842,9.539,-0.947,65.9,71.5,0.0,0.0,1.033,1.603,28 345 218 166 304 82 8 66
aspartic,21,tryptophan,5,4,16,4,8.842,9.539,-0.947,65.9,71.5,0.0,0.0,1.13,4.634,341 36 293 214 235 301 198 107 59 95
aspartic,21,tryptophan,5,4,17,1,8.842,9.564,-0.947,80.7,70.6,2.353,0.0,0.918,4.005,340 34 195 191
aspartic,21,tryptophan,5,4,17,2,8.842,9.564,-0.947,80.7,70.6,0.0,0.0,1.294,4.876,331 53 218 173 283 275
aspartic,21,tryptophan,5,4,17,3,8.842,9.564,-0.947,80.7,70.6,0.0,0.0,1.025,4.561,345 29 253 137 285 110 19 62
aspartic,21,tryptophan,5,4,17,4,8.842,9.564,-0.947,80.7,70.6,0.0,0.0,2.875,5.883,302 220 360 107 172 2 30 319 279 193
aspartic,21,tryptophan,5,4,18,1,8.842,10.263,-0.947,72.6,41.3,3.0347,0.0,0.702,3.635,354 355 169 169
aspartic,21,tryptophan,5,4,18,2,8.842,10.263,-0.947,72.6,41.3,0.354,0.0,0.431,4.294,326 8 182 181 84 149
aspartic,21,tryptophan,5,4,18,3,8.842,10.263,-0.947,72.6,41.3,0.0,0.0,1.013,4.599,9 330 118 204 102 195 354 267
aspartic,21,tryptophan,5,4,18,4,8.842,10.263,-0.947,72.6,41.3,0.0,0.0,0.905,4.475,351 6 53 352 310 98 130 243 233 167
aspartic,21,tryptophan,5,5,16,1,8.842,9.616,-0.947,63.0,86.2,2.7937,0.0,1.551,1.161,351 2 207 233
aspartic,21,tryptophan,5,5,16,2,8.842,9.616,-0.947,63.0,86.2,0.0,0.0,2.385,0.929,30 291 178 77 199 186
aspartic,21,tryptophan,5,5,16,3,8.842,9.616,-0.947,63.0,86.2,0.0,0.0,1.961,0.511,16 342 109 205 93 215 322 269
aspartic,21,tryptophan,5,5,16,4,8.842,9.616,-0.947,63.0,86.2,0.0,0.0,1.821,1.045,358 10 53 341 303 98 129 249 231 162
aspartic,21,tryptophan,5,5,17,1,8.842,10.187,-0.947,56.8,64.8,3.5653,0.0,1.392,1.308,340 360 154 106
aspartic,21,tryptophan,5,5,17,2,8.842,10.187,-0.947,56.8,64.8,0.0945,0.0,0.914,1.631,334 358 150 118 152 168
aspartic,21,tryptophan,5,5,17,3,8.842,10.187,-0.947,56.8,64.8,0.0,0.0,1.63,0.518,1 23 73 331 280 104 142 198
aspartic,21,tryptophan,5,5,17,4,8.842,10.187,-0.947,56.8,64.8,0.0,0.0,1.774,0.973,355 13 50 336 304 97 129 237 213 160
aspartic,21,tryptophan,5,5,18,1,8.842,10.809,-0.947,50.8,37.2,4.5187,0.0,1.608,1.234,355 360 206 272
aspartic,21,tryptophan,5,5,18,2,8.842,10.809,-0.947,50.8,37.2,1.0216,0.0,1.759,0.81,2 359 213 273 168 174
aspartic,21,tryptophan,5,5,18,3,8.842,10.809,-0.947,50.8,37.2,0.0011,0.0,2.29,1.369,27 356 217 274 176 183 358 175
aspartic,21,tryptophan,5,5,18,4,8.842,10.809,-0.947,50.8,37.2,0.0,0.0,1.745,3.653,297 358 180 9 192 197 67 163 2 172
aspartic,21,lysine,8,3,13,1,5.696,6.608,-0.338,106.9,16.6,0.9563,0.0,1.139,4.683,351 138 351 235
aspartic,21,lysine,8,3,13,2,5.696,6.608,-0.338,106.9,16.6,0.3087,0.0,1.158,5.237,26 150 313 202 356 258
aspartic,21,lysine,8,3,13,3,5.696,6.608,-0.338,106.9,16.6,0.0,0.0,2.55,5.148,306 218 94 78 4 251 294 351
aspartic,21,lysine,8,3,13,4,5.696,6.608,-0.338,106.9,16.6,0.0,0.0,2.661,5.658,216 272 18 92 113 40 26 206 34 116
aspartic,21,lysine,8,3,14,1,5.696,5.06,-0.338,105.9,85.2,0.0,0.0,2.661,5.658,266 192 54 13
aspartic,21,lysine,8,3,14,2,5.696,5.06,-0.338,105.9,85.2,0.0041,0.0,2.661,5.658,243 235 61 30 80 43
aspartic,21,lysine,8,3,14,3,5.696,5.06,-0.338,105.9,85.2,0.0,0.0,2.661,5.658,64 74 310 360 195 346 267 231
aspartic,21,lysine,8,3,14,4,5.696,5.06,-0.338,105.9,85.2,0.0,0.0,1.031,4.041,23 344 354 288 294 90 90 313 269 115
aspartic,21,lysine,8,3,15,1,5.696,5.368,-0.338,86.2,74.0,0.4748,0.0,0.783,2.754,3 39 49 34
aspartic,21,lysine,8,3,15,2,5.696,5.368,-0.338,86.2,74.0,0.0,0.0,1.824,2.017,37 35 81 13 104 55
aspartic,21,lysine,8,3,15,3,5.696,5.368,-0.338,86.2,74.0,0.0,0.0,2.661,2.722,242 272 311 79 114 295 329 264
aspartic,21,lysine,8,3,15,4,5.696,5.368,-0.338,86.2,74.0,0.0,0.0,1.152,2.02,129 28 67 345 160 354 237 10 43 178
aspartic,21,lysine,8,4,13,1,5.696,8.609,-0.338,21.1,13.1,4.6984,0.0,1.753,4.798,303 360 180 360
aspartic,21,lysine,8,4,13,2,5.696,8.609,-0.338,21.1,13.1,0.9128,0.0,0.38,3.961,303 360 181 359 194 215
aspartic,21,lysine,8,4,13,3,5.696,8.609,-0.338,21.1,13.1,0.0003,0.0,1.155,5.495,297 17 186 244 254 181 37 123
aspartic,21,lysine,8,4,13,4,5.696,8.609,-0.338,21.1,13.1,0.0,0.0,1.642,4.454,9 334 134 304 283 143 71 179 284 219
aspartic,21,lysine,8,4,14,1,5.696,7.174,-0.338,9.7,82.1,4.9753,0.0,2.875,5.883,265 360 180 360
aspartic,21,lysine,8,4,14,2,5.696,7.174,-0.338,9.7,82.1,1.1854,0.0,2.609,5.482,260 360 180 360 163 67
aspartic,21,lysine,8,4,14,3,5.696,7.174,-0.338,9.7,82.1,0.0,0.0,2.875,5.883,258 67 97 281 248 106 136 204
aspartic,21,lysine,8,4,14,4,5.696,7.174,-0.338,9.7,82.1,0.0,0.0,2.875,5.625,288 41 74 284 258 118 140 250 232 163
aspartic,21,lysine,8,4,15,1,5.696,6.894,-0.338,20.1,92.5,3.7379,0.0,2.086,2.753,341 0 180 0
aspartic,21,lysine,8,4,15,2,5.696,6.894,-0.338,20.1,92.5,0.0,0.0,1.822,0.862,350 0 185 346 205 279
aspartic,21,lysine,8,4,15,3,5.696,6.894,-0.338,20.1,92.5,0.0,0.0,1.535,1.28,6 42 75 320 281 54 100 217
aspartic,21,lysine,8,4,15,4,5.696,6.894,-0.338,20.1,92.5,0.0,0.0,1.353,2.495,4 21 60 324 291 83 114 249 224 159
aspartic,21,lysine,8,5,13,1,5.696,7.569,-0.338,70.5,2.9,1.3246,0.0,2.946,4.472,54 66 85 119
aspartic,21,lysine,8,5,13,2,5.696,7.569,-0.338,70.5,2.9,0.6081,0.0,2.946,4.939,85 188 323 191 0 179
aspartic,21,lysine,8,5,13,3,5.696,7.569,-0.338,70.5,2.9,0.0003,0.0,2.582,3.102,358 117 144 155 325 200 0 104
aspartic,21,lysine,8,5,13,4,5.696,7.569,-0.338,70.5,2.9,0.0,0.0,2.946,1.639,48 61 24 335 10 239 275 96 85 257
aspartic,21,lysine,8,5,14,1,5.696,5.69,-0.338,81.6,95.9,0.0,0.0,2.897,3.896,23 111 112 6
aspartic,21,lysine,8,5,14,2,5.696,5.69,-0.338,81.6,95.9,0.0,0.0,2.487,2.463,343 145 106 25 128 53
aspartic,21,lysine,8,5,14,3,5.696,5.69,-0.338,81.6,95.9,0.0,0.0,1.586,1.122,339 329 321 92 76 252 264 157
aspartic,21,lysine,8,5,14,4,5.696,5.69,-0.338,81.6,95.9,0.0,0.0,2.201,2.011,9 14 348 43 32 274 266 83 132 228
aspartic,21,lysine,8,5,15,1,5.696,5.741,-0.338,72.7,93.9,0.0,0.0,2.649,1.801,38 283 268 69
aspartic,21,lysine,8,5,15,2,5.696,5.741,-0.338,72.7,93.9,0.0,0.0,2.675,1.928,7 254 25 341 116 10
aspartic,21,lysine,8,5,15,3,5.696,5.741,-0.338,72.7,93.9,0.0,0.0,2.946,2.982,109 71 356 280 305 313 267 152
aspartic,21,lysine,8,5,15,4,5.696,5.741,-0.338,72.7,93.9,0.0,0.0,2.311,2.238,20 1 344 20 16 279 277 55 138 269
aspartic,21,leucine,13,3,1,1,17.728,17.872,-0.438,29.7,135.6,12.6043,0.0,2.661,5.658,245 0 165 40
aspartic,21,leucine,13,3,1,2,17.728,17.872,-0.438,29.7,135.6,9.074,0.0,2.661,4.558,245 0 212 296 181 181
aspartic,21,leucine,13,3,1,3,17.728,17.872,-0.438,29.7,135.6,5.4449,0.0,2.661,1.62,244 1 152 59 189 185 188 188
aspartic,21,leucine,13,3,1,4,17.728,17.872,-0.438,29.7,135.6,1.7777,0.0,2.661,0.474,245 0 212 295 183 182 193 191 183 182
aspartic,21,leucine,13,3,2,1,17.728,19.973,-0.438,32.6,48.5,14.4584,0.0,2.661,5.658,240 0 162 55
aspartic,21,leucine,13,3,2,2,17.728,19.973,-0.438,32.6,48.5,10.9487,0.0,2.661,5.201,240 360 215 287 179 180
aspartic,21,leucine,13,3,2,3,17.728,19.973,-0.438,32.6,48.5,7.2673,0.0,2.661,2.261,240 0 150 69 181 181 181 181
aspartic,21,leucine,13,3,2,4,17.728,19.973,-0.438,32.6,48.5,3.6471,0.0,2.661,1.598,240 360 215 287 179 179 171 172 179 179
aspartic,21,leucine,13,3,13,1,17.728,19.808,-0.438,31.8,56.0,14.3445,0.0,2.661,5.658,254 360 198 308
aspartic,21,leucine,13,3,13,2,17.728,19.808,-0.438,31.8,56.0,10.8321,0.0,2.661,4.935,253 0 146 71 180 180
aspartic,21,leucine,13,3,13,3,17.728,19.808,-0.438,31.8,56.0,7.153,0.0,2.661,1.817,254 360 210 293 178 179 178 178
aspartic,21,leucine,13,3,13,4,17.728,19.808,-0.438,31.8,56.0,3.5279,0.0,2.661,1.125,253 0 145 71 181 180 187 186 181 180
aspartic,21,leucine,13,4,1,1,17.728,16.607,-0.438,85.6,142.1,9.365,0.0,2.875,3.857,111 311 178 179
aspartic,21,leucine,13,4,1,2,17.728,16.607,-0.438,85.6,142.1,5.6877,0.0,2.678,1.868,63 42 180 180 180 180
aspartic,21,leucine,13,4,1,3,17.728,16.607,-0.438,85.6,142.1,2.1292,0.0,2.875,0.612,110 314 172 175 163 166 171 174
aspartic,21,leucine,13,4,1,4,17.728,16.607,-0.438,85.6,142.1,0.0,0.0,2.506,1.628,134 244 209 137 150 167 164 145 137 174
aspartic,21,leucine,13,4,2,1,17.728,18.724,-0.438,86.8,52.7,11.4758,0.0,2.637,3.543,60 52 182 181
aspartic,21,leucine,13,4,2,2,17.728,18.724,-0.438,86.8,52.7,7.7807,0.0,2.875,2.236,111 315 181 180 181 181
aspartic,21,leucine,13,4,2,3,17.728,18.724,-0.438,86.8,52.7,4.198,0.0,2.652,0.478,61 50 186 184 198 195 186 184
aspartic,21,leucine,13,4,2,4,17.728,18.724,-0.438,86.8,52.7,0.5815,0.0,2.292,1.103,62 53 192 187 200 196 193 189 198 194
aspartic,21,leucine,13,4,13,1,17.728,18.691,-0.438,81.5,54.2,11.4295,0.0,2.875,3.509,105 321 179 180
aspartic,21,leucine,13,4,13,2,17.728,18.691,-0.438,81.5,54.2,7.769,0.0,2.717,1.75,68 28 185 183 184 184
aspartic,21,leucine,13,4,13,3,17.728,18.691,-0.438,81.5,54.2,4.1332,0.0,2.875,0.75,105 321 179 180 173 174 179 179
aspartic,21,leucine,13,4,13,4,17.728,18.691,-0.438,81.5,54.2,0.5249,0.0,2.372,1.143,100 324 180 180 179 180 180 180 161 165
aspartic,21,leucine,13,5,1,1,17.728,15.39,-0.438,138.0,134.8,8.1597,0.0,2.472,2.298,335 213 183 182
aspartic,21,leucine,13,5,1,2,17.728,15.39,-0.438,138.0,134.8,4.4733,0.0,2.923,0.962,284 153 182 181 182 182
aspartic,21,leucine,13,5,1,3,17.728,15.39,-0.438,138.0,134.8,0.9064,0.0,2.472,0.58,333 208 194 189 201 197 194 190
aspartic,21,leucine,13,5,1,4,17.728,15.39,-0.438,138.0,134.8,0.0,0.0,2.503,1.36,212 170 168 236 240 175 187 207 190 163
aspartic,21,leucine,13,5,2,1,17.728,17.477,-0.438,141.7,48.5,10.2207,0.0,2.489,2.735,325 205 181 181
aspartic,21,leucine,13,5,2,2,17.728,17.477,-0.438,141.7,48.5,6.5492,0.0,2.861,1.635,288 166 175 177 176 177
aspartic,21,leucine,13,5,2,3,17.728,17.477,-0.438,141.7,48.5,2.907,0.0,2.489,0.619,325 205 182 181 191 190 182 181
aspartic,21,leucine,13,5,2,4,17.728,17.477,-0.438,141.7,48.5,0.1634,0.0,2.295,1.229,311 208 177 178 161 164 177 178 263 213
aspartic,21,leucine,13,5,13,1,17.728,17.339,-0.438,139.3,54.8,10.0875,0.0,2.901,2.603,286 149 178 179
aspartic,21,leucine,13,5,13,2,17.728,17.339,-0.438,139.3,54.8,6.3966,0.0,2.473,0.86,332 203 182 181 181 181
aspartic,21,leucine,13,5,13,3,17.728,17.339,-0.438,139.3,54.8,2.7739,0.0,2.892,0.602,286 150 177 178 165 168 177 178
aspartic,21,leucine,13,5,13,4,17.728,17.339,-0.438,139.3,54.8,0.0272,0.0,2.375,0.729,291 137 182 181 195 193 182 181 95 147
aspartic,21,serine,32,3,3,1,8.861,8.865,-0.371,63.1,103.3,1.9698,0.0,0.888,1.625,351 360 204 241
aspartic,21,serine,32,3,3,2,8.861,8.865,-0.371,63.1,103.3,0.0,0.0,1.713,2.501,46 301 163 91 119 165
aspartic,21,serine,32,3,3,3,8.861,8.865,-0.371,63.1,103.3,0.0,0.0,2.503,0.797,289 310 255 31 178 10 289 116
aspartic,21,serine,32,3,3,4,8.861,8.865,-0.371,63.1,103.3,0.0,0.0,2.224,0.422,291 69 100 288 264 117 138 280 255 154
aspartic,21,serine,32,3,4,1,8.861,8.838,-0.371,76.6,104.3,1.7965,0.0,0.997,2.357,0 337 151 156
aspartic,21,serine,32,3,4,2,8.861,8.838,-0.371,76.6,104.3,0.0,0.0,1.605,1.837,1 48 73 352 329 147
aspartic,21,serine,32,3,4,3,8.861,8.838,-0.371,76.6,104.3,0.0,0.0,2.367,3.757,317 235 267 157 125 34 117 196
aspartic,21,serine,32,3,4,4,8.861,8.838,-0.371,76.6,104.3,0.0,0.0,1.195,3.199,332 11 53 345 315 95 123 270 241 151
aspartic,21,serine,32,3,5,1,8.861,10.846,-0.371,68.2,8.4,3.8196,0.0,1.016,1.945,343 2 201 212
aspartic,21,serine,32,3,5,2,8.861,10.846,-0.371,68.2,8.4,1.0424,0.0,1.163,2.666,336 44 172 175 271 215
aspartic,21,serine,32,3,5,3,8.861,10.846,-0.371,68.2,8.4,0.2827,0.0,1.728,3.964,338 75 161 169 262 217 355 188
aspartic,21,serine,32,3,5,4,8.861,10.846,-0.371,68.2,8.4,0.0,0.0,1.84,4.075,8 285 139 73 230 148 46 160 340 213
aspartic,21,serine,32,4,3,1,8.861,9.116,-0.371,53.0,115.6,2.8584,0.0,1.461,2.638,4 359 152 89
aspartic,21,serine,32,4,3,2,8.861,9.116,-0.371,53.0,115.6,0.0,0.0,1.833,1.589,2 335 232 10 64 195
aspartic,21,serine,32,4,3,3,8.861,9.116,-0.371,53.0,115.6,0.0,0.0,2.315,0.971,8 197 346 62 90 120 261 67
aspartic,21,serine,32,4,3,4,8.861,9.116,-0.371,53.0,115.6,0.0,0.0,2.875,0.509,116 359 165 331 153 37 135 109 225 336
aspartic,21,serine,32,4,4,1,8.861,9.739,-0.371,39.4,90.5,4.2098,0.0,1.73,2.317,353 1 163 40
aspartic,21,serine,32,4,4,2,8.861,9.739,-0.371,39.4,90.5,0.6046,0.0,1.698,1.733,354 360 147 64 180 180
aspartic,21,serine,32,4,4,3,8.861,9.739,-0.371,39.4,90.5,0.0,0.0,1.494,2.797,16 35 83 316 264 113 147 193
aspartic,21,serine,32,4,4,4,8.861,9.739,-0.371,39.4,90.5,0.0,0.0,1.654,3.936,346 30 69 320 283 107 137 237 218 164
aspartic,21,serine,32,4,5,1,8.861,11.355,-0.371,47.2,13.4,5.2576,0.0,1.454,2.552,4 359 155 84
aspartic,21,serine,32,4,5,2,8.861,11.355,-0.371,47.2,13.4,1.6569,0.0,1.456,2.258,4 360 219 273 178 179
aspartic,21,serine,32,4,5,3,8.861,11.355,-0.371,47.2,13.4,0.2918,0.0,1.52,4.114,14 339 142 148 130 151 334 198
aspartic,21,serine,32,4,5,4,8.861,11.355,-0.371,47.2,13.4,0.0,0.0,2.619,5.064,310 42 238 233 279 195 273 233 23 182
aspartic,21,serine,32,5,3,1,8.861,8.771,-0.371,66.7,100.8,1.7041,0.0,1.92,0.55,7 0 160 135
aspartic,21,serine,32,5,3,2,8.861,8.771,-0.371,66.7,100.8,0.0,0.0,2.57,0.664,0 267 261 136 117 179
aspartic,21,serine,32,5,3,3,8.861,8.771,-0.371,66.7,100.8,0.0,0.0,2.883,2.598,62 20 158 240 247 72 25 126
aspartic,21,serine,32,5,3,4,8.861,8.771,-0.371,66.7,100.8,0.0,0.0,2.722,2.572,49 309 273 53 80 253 229 82 107 206
aspartic,21,serine,32,5,4,1,8.861,9.011,-0.371,70.1,91.6,1.8132,0.0,2.314,1.114,22 1 195 204
aspartic,21,serine,32,5,4,2,8.861,9.011,-0.371,70.1,91.6,0.0,0.0,1.552,1.16,358 338 265 10 45 202
aspartic,21,serine,32,5,4,3,8.861,9.011,-0.371,70.1,91.6,0.0,0.0,2.946,1.847,68 281 181 264 25 78 350 75
aspartic,21,serine,32,5,4,4,8.861,9.011,-0.371,70.1,91.6,0.0,0.0,2.192,2.122,17 358 317 17 48 264 236 99 125 206
aspartic,21,serine,32,5,5,1,8.861,10.702,-0.371,73.7,6.0,3.5364,0.0,2.097,0.325,15 357 170 169
aspartic,21,serine,32,5,5,2,8.861,10.702,-0.371,73.7,6.0,1.0593,0.0,1.59,1.094,341 20 173 176 84 145
aspartic,21,serine,32,5,5,3,8.861,10.702,-0.371,73.7,6.0,0.3197,0.0,2.494,0.699,17 272 214 199 92 140 9 163
aspartic,21,serine,32,5,5,4,8.861,10.702,-0.371,73.7,6.0,0.0,0.0,2.575,2.358,357 72 222 281 112 232 314 182 21 161
glutamic,8,tryptophan,2,5,16,1,10.268,8.372,0.534,120.6,120.4,1.1768,0.0,2.702,0.709,243 239 200 192
glutamic,8,tryptophan,2,5,16,2,10.268,8.372,0.534,120.6,120.4,0.0,0.0,2.356,0.694,215 360 350 237 85 303
glutamic,8,tryptophan,2,5,16,3,10.268,8.372,0.534,120.6,120.4,0.0,0.0,2.526,0.377,103 190 118 241 254 121 160 227
glutamic,8,tryptophan,2,5,16,4,10.268,8.372,0.534,120.6,120.4,0.0,0.0,2.37,0.645,96 190 134 218 230 127 137 295 270 146
glutamic,8,tryptophan,2,5,17,1,10.268,9.937,0.534,129.0,58.9,2.6498,0.0,2.345,0.627,178 129 179 180
glutamic,8,tryptophan,2,5,17,2,10.268,9.937,0.534,129.0,58.9,0.095,0.0,1.15,0.819,269 249 126 163 89 136
glutamic,8,tryptophan,2,5,17,3,10.268,9.937,0.534,129.0,58.9,0.0,0.0,0.842,1.193,194 187 162 352 30 110 26 124
glutamic,8,tryptophan,2,5,17,4,10.268,9.937,0.534,129.0,58.9,0.0,0.0,0.96,3.219,104 170 206 294 221 70 73 221 265 201
glutamic,8,tryptophan,2,5,18,1,10.268,10.431,0.534,126.9,36.2,3.1593,0.0,2.566,0.428,235 234 183 182
glutamic,8,tryptophan,2,5,18,2,10.268,10.431,0.534,126.9,36.2,0.5269,0.0,2.706,0.364,143 118 147 158 99 145
glutamic,8,tryptophan,2,5,18,3,10.268,10.431,0.534,126.9,36.2,0.0,0.0,1.997,0.152,126 180 143 173 291 223 42 146
glutamic,8,tryptophan,2,5,18,4,10.268,10.431,0.534,126.9,36.2,0.0,0.0,2.09,1.706,145 211 166 181 204 130 130 254 237 158
glutamic,8,tryptophan,2,6,16,1,10.268,9.523,0.534,74.9,130.6,2.3362,0.0,3.007,0.632,197 348 167 169
glutamic,8,tryptophan,2,6,16,2,10.268,9.523,0.534,74.9,130.6,0.0,0.0,2.747,0.711,209 257 316 247 158 115
glutamic,8,tryptophan,2,6,16,3,10.268,9.523,0.534,74.9,130.6,0.0,0.0,1.856,0.836,255 60 68 257 227 139 174 205
glutamic,8,tryptophan,2,6,16,4,10.268,9.523,0.534,74.9,130.6,0.0,0.0,2.289,2.171,252 13 37 287 275 138 143 241 227 157
glutamic,8,tryptophan,2,6,17,1,10.268,11.452,0.534,67.7,52.2,4.3361,0.0,3.007,0.422,192 0 167 154
glutamic,8,tryptophan,2,6,17,2,10.268,11.452,0.534,67.7,52.2,0.8286,0.0,2.651,0.678,188 2 148 124 198 189
glutamic,8,tryptophan,2,6,17,3,10.268,11.452,0.534,67.7,52.2,0.0,0.0,2.59,0.597,180 4 164 291 347 184 53 149
glutamic,8,tryptophan,2,6,17,4,10.268,11.452,0.534,67.7,52.2,0.0,0.0,1.032,2.538,214 18 222 334 86 76 111 210 248 194
glutamic,8,tryptophan,2,6,18,1,10.268,11.582,0.534,80.0,46.3,4.4239,0.0,3.007,0.537,213 328 166 171
glutamic,8,tryptophan,2,6,18,2,10.268,11.582,0.534,80.0,46.3,0.8392,0.0,3.007,0.712,215 324 146 159 150 156
glutamic,8,tryptophan,2,6,18,3,10.268,11.582,0.534,80.0,46.3,0.0,0.0,2.624,0.827,201 176 40 210 209 256 35 165
glutamic,8,tryptophan,2,6,18,4,10.268,11.582,0.534,80.0,46.3,0.0,0.0,1.998,1.445,205 119 110 179 184 136 140 257 247 166
glutamic,8,tryptophan,2,7,16,1,10.268,8.715,0.534,105.6,136.0,1.5063,0.0,3.164,0.792,113 84 192 187
glutamic,8,tryptophan,2,7,16,2,10.268,8.715,0.534,105.6,136.0,0.0,0.0,1.327,0.971,139 207 323 189 117 7
glutamic,8,tryptophan,2,7,16,3,10.268,8.715,0.534,105.6,136.0,0.0,0.0,3.236,1.111,186 196 226 238 20 186 24 44
glutamic,8,tryptophan,2,7,16,4,10.268,8.715,0.534,105.6,136.0,0.0,0.0,3.947,2.49,232 175 208 158 145 226 226 99 113 203
glutamic,8,tryptophan,2,7,17,1,10.268,10.469,0.534,105.0,63.2,3.1954,0.0,3.251,0.678,177 273 177 178
glutamic,8,tryptophan,2,7,17,2,10.268,10.469,0.534,105.0,63.2,0.1519,0.0,2.213,0.729,170 234 231 218 95 137
glutamic,8,tryptophan,2,7,17,3,10.268,10.469,0.534,105.0,63.2,0.0,0.0,3.915,1.322,180 175 211 158 149 266 259 158
glutamic,8,tryptophan,2,7,17,4,10.268,10.469,0.534,105.0,63.2,0.0,0.0,3.947,1.847,205 170 204 163 150 229 223 119 137 200
glutamic,8,tryptophan,2,7,18,1,10.268,11.03,0.534,100.8,38.2,3.7632,0.0,3.076,0.809,116 80 181 181
glutamic,8,tryptophan,2,7,18,2,10.268,11.03,0.534,100.8,38.2,0.7164,0.0,2.647,0.652,196 275 221 199 241 220
glutamic,8,tryptophan,2,7,18,3,10.268,11.03,0.534,100.8,38.2,0.0,0.0,3.57,1.6,229 236 188 141 108 178 272 233
glutamic,8,tryptophan,2,7,18,4,10.268,11.03,0.534,100.8,38.2,0.0,0.0,3.947,2.09,215 179 211 166 155 220 215 114 128 198
glutamic,8,tyrosine,0,5,8,1,5.518,5.659,0.492,60.1,83.9,0.6758,0.0,1.957,0.54,175 47 89 16
glutamic,8,tyrosine,0,5,8,2,5.518,5.659,0.492,60.1,83.9,0.0,0.0,2.507,0.697,218 42 81 41 95 75
glutamic,8,tyrosine,0,5,8,3,5.518,5.659,0.492,60.1,83.9,0.0,0.0,0.828,3.219,62 303 268 79 119 301 268 159
glutamic,8,tyrosine,0,5,8,4,5.518,5.659,0.492,60.1,83.9,0.0,0.0,2.507,0.624,244 115 57 14 64 342 290 39 90 217
glutamic,8,tyrosine,0,5,9,1,5.518,6.973,0.492,76.5,30.2,0.7628,0.0,0.606,3.194,135 305 294 244
glutamic,8,tyrosine,0,5,9,2,5.518,6.973,0.492,76.5,30.2,0.0384,0.0,1.331,3.219,105 298 313 199 355 236
glutamic,8,tyrosine,0,5,9,3,5.518,6.973,0.492,76.5,30.2,0.0,0.0,1.543,3.219,86 266 277 125 124 280 256 146
glutamic,8,tyrosine,0,5,9,4,5.518,6.973,0.492,76.5,30.2,0.0,0.0,1.477,3.219,97 247 254 149 138 251 246 104 133 212
glutamic,8,tyrosine,0,5,10,1,5.518,6.271,0.492,81.5,61.6,0.1006,0.0,1.771,0.481,167 87 41 111
glutamic,8,tyrosine,0,5,10,2,5.518,6.271,0.492,81.5,61.6,0.0,0.0,1.332,0.397,145 177 60 59 38 322
glutamic,8,tyrosine,0,5,10,3,5.518,6.271,0.492,81.5,61.6,0.0,0.0,0.408,0.888,132 300 9 68 19 275 267 73
glutamic,8,tyrosine,0,5,10,4,5.518,6.271,0.492,81.5,61.6,0.0,0.0,0.729,1.19,72 328 312 123 110 221 237 82 95 217
glutamic,8,tyrosine,0,6,8,1,5.518,3.895,0.492,133.6,97.9,0.7977,0.0,2.246,3.712,120 314 3 2
glutamic,8,tyrosine,0,6,8,2,5.518,3.895,0.492,133.6,97.9,0.3487,0.0,2.246,4.091,53 283 33 21 130 21
glutamic,8,tyrosine,0,6,8,3,5.518,3.895,0.492,133.6,97.9,0.0,0.0,2.246,4.091,7 99 239 108 68 305 228 81
glutamic,8,tyrosine,0,6,8,4,5.518,3.895,0.492,133.6,97.9,0.0,0.0,2.246,4.091,358 77 210 147 89 274 270 36 84 249
glutamic,8,tyrosine,0,6,9,1,5.518,5.484,0.492,143.9,37.7,0.978,0.0,0.681,3.664,220 113 308 329
glutamic,8,tyrosine,0,6,9,2,5.518,5.484,0.492,143.9,37.7,0.0,0.0,1.219,4.091,261 141 274 254 316 321
glutamic,8,tyrosine,0,6,9,3,5.518,5.484,0.492,143.9,37.7,0.0,0.0,1.392,3.222,289 147 290 123 47 260 278 271
glutamic,8,tyrosine,0,6,9,4,5.518,5.484,0.492,143.9,37.7,0.0,0.0,2.246,4.091,44 178 173 142 54 105 37 53 77 234
glutamic,8,tyrosine,0,6,10,1,5.518,5.359,0.492,118.3,43.4,0.6521,0.0,2.001,2.654,136 338 344 309
glutamic,8,tyrosine,0,6,10,2,5.518,5.359,0.492,118.3,43.4,0.0132,0.0,2.246,3.094,116 357 292 232 357 329
glutamic,8,tyrosine,0,6,10,3,5.518,5.359,0.492,118.3,43.4,0.0,0.0,0.574,0.333,245 187 298 162 354 238 292 1
glutamic,8,tyrosine,0,6,10,4,5.518,5.359,0.492,118.3,43.4,0.0,0.0,0.318,0.503,255 237 293 81 40 277 225 65 186 265
glutamic,8,tyrosine,0,7,8,1,5.518,4.959,0.492,85.5,106.5,0.0,0.0,2.984,1.415,210 208 348 46
glutamic,8,tyrosine,0,7,8,2,5.518,4.959,0.492,85.5,106.5,0.0,0.0,3.359,0.693,173 222 44 52 58 41
glutamic,8,tyrosine,0,7,8,3,5.518,4.959,0.492,85.5,106.5,0.0,0.0,2.841,2.616,303 9 150 243 249 38 115 54
glutamic,8,tyrosine,0,7,8,4,5.518,4.959,0.492,85.5,106.5,0.0,0.0,3.403,2.616,285 108 98 226 247 77 75 314 269 122
glutamic,8,tyrosine,0,7,9,1,5.518,6.993,0.492,75.7,20.8,1.0553,0.0,2.854,2.582,237 35 72 98
glutamic,8,tyrosine,0,7,9,2,5.518,6.993,0.492,75.7,20.8,0.3401,0.0,3.826,2.616,266 27 77 134 14 108
glutamic,8,tyrosine,0,7,9,3,5.518,6.993,0.492,75.7,20.8,0.0,0.0,3.627,2.616,274 79 91 225 245 100 97 216
glutamic,8,tyrosine,0,7,9,4,5.518,6.993,0.492,75.7,20.8,0.0,0.0,3.485,2.616,265 110 106 215 221 108 115 253 227 151
glutamic,8,tyrosine,0,7,10,1,5.518,6.012,0.492,91.1,66.8,0.0,0.0,3.181,0.622,198 232 358 245
glutamic,8,tyrosine,0,7,10,2,5.518,6.012,0.492,91.1,66.8,0.0,0.0,2.364,0.646,144 182 38 317 271 64
glutamic,8,tyrosine,0,7,10,3,5.518,6.012,0.492,91.1,66.8,0.0,0.0,3.603,2.616,280 155 287 294 253 330 327 291
glutamic,8,tyrosine,0,7,10,4,5.518,6.012,0.492,91.1,66.8,0.0,0.0,3.178,1.732,200 128 130 142 229 121 91 320 220 31
glutamic,8,phenylalanine,4,5,12,1,7.96,6.97,0.191,95.3,115.2,0.0044,0.0,2.639,0.67,226 247 261 210
glutamic,8,phenylalanine,4,5,12,2,7.96,6.97,0.191,95.3,115.2,0.0,0.0,2.706,0.379,154 195 66 112 339 99
glutamic,8,phenylalanine,4,5,12,3,7.96,6.97,0.191,95.3,115.2,0.0,0.0,2.706,0.429,274 129 357 359 165 17 28 75
glutamic,8,phenylalanine,4,5,12,4,7.96,6.97,0.191,95.3,115.2,0.0,0.0,2.706,1.429,172 197 140 142 216 66 140 4 179 73
glutamic,8,phenylalanine,4,5,13,1,7.96,7.517,0.191,81.6,92.8,0.3756,0.0,1.993,0.878,235 330 143 149
glutamic,8,phenylalanine,4,5,13,2,7.96,7.517,0.191,81.6,92.8,0.0,0.0,1.428,0.893,254 67 73 253 230 147
glutamic,8,phenylalanine,4,5,13,3,7.96,7.517,0.191,81.6,92.8,0.0,0.0,2.643,0.971,266 91 78 224 230 101 122 216
glutamic,8,phenylalanine,4,5,13,4,7.96,7.517,0.191,81.6,92.8,0.0,0.0,2.578,1.227,246 114 106 195 205 113 117 271 247 150
glutamic,8,phenylalanine,4,5,14,1,7.96,9.212,0.191,92.4,15.2,1.9229,0.0,1.606,1.197,235 295 180 180
glutamic,8,phenylalanine,4,5,14,2,7.96,9.212,0.191,92.4,15.2,0.5497,0.0,2.706,1.938,141 64 188 185 21 168
glutamic,8,phenylalanine,4,5,14,3,7.96,9.212,0.191,92.4,15.2,0.0,0.0,2.706,2.853,150 339 238 177 87 149 342 158
glutamic,8,phenylalanine,4,5,14,4,7.96,9.212,0.191,92.4,15.2,0.0,0.0,2.51,1.314,154 187 147 186 207 125 126 259 237 153
glutamic,8,phenylalanine,4,6,12,1,7.96,7.191,0.191,87.0,120.3,0.0,0.0,3.007,1.664,140 71 170 210
glutamic,8,phenylalanine,4,6,12,2,7.96,7.191,0.191,87.0,120.3,0.0,0.0,3.007,2.953,186 198 289 243 47 309
glutamic,8,phenylalanine,4,6,12,3,7.96,7.191,0.191,87.0,120.3,0.0,0.0,3.007,3.266,87 291 321 108 121 245 195 138
glutamic,8,phenylalanine,4,6,12,4,7.96,7.191,0.191,87.0,120.3,0.0,0.0,3.007,1.919,152 6 31 20 31 266 256 63 127 253
glutamic,8,phenylalanine,4,6,13,1,7.96,7.58,0.191,79.3,103.3,0.3367,0.0,3.007,1.932,134 44 158 170
glutamic,8,phenylalanine,4,6,13,2,7.96,7.58,0.191,79.3,103.3,0.0,0.0,3.007,3.196,166 154 322 170 106 267
glutamic,8,phenylalanine,4,6,13,3,7.96,7.58,0.191,79.3,103.3,0.0,0.0,2.841,2.006,66 312 301 47 115 6 325 214
glutamic,8,phenylalanine,4,6,13,4,7.96,7.58,0.191,79.3,103.3,0.0,0.0,2.403,3.267,91 282 240 117 133 259 267 125 126 203
glutamic,8,phenylalanine,4,6,14,1,7.96,9.402,0.191,85.3,27.2,2.1788,0.0,3.007,1.576,189 313 168 172
glutamic,8,phenylalanine,4,6,14,2,7.96,9.402,0.191,85.3,27.2,0.3919,0.0,3.007,3.239,116 107 153 165 320 203
glutamic,8,phenylalanine,4,6,14,3,7.96,9.402,0.191,85.3,27.2,0.0,0.0,3.007,4.091,87 118 104 146 85 128 343 184
glutamic,8,phenylalanine,4,6,14,4,7.96,9.402,0.191,85.3,27.2,0.0,0.0,3.007,3.202,165 189 226 179 155 250 250 102 135 214
glutamic,8,phenylalanine,4,7,12,1,7.96,6.514,0.191,114.1,100.9,0.0,0.0,3.542,1.578,226 229 196 79
glutamic,8,phenylalanine,4,7,12,2,7.96,6.514,0.191,114.1,100.9,0.0,0.0,3.947,2.503,238 146 312 67 81 253
glutamic,8,phenylalanine,4,7,12,3,7.96,6.514,0.191,114.1,100.9,0.0,0.0,3.947,2.616,244 12 76 67 11 352 299 356
glutamic,8,phenylalanine,4,7,12,4,7.96,6.514,0.191,114.1,100.9,0.0,0.0,3.947,2.447,230 36 121 240 173 278 308 71 112 241
glutamic,8,phenylalanine,4,7,13,1,7.96,6.273,0.191,136.1,110.9,0.0,0.0,3.576,1.359,182 90 325 240
glutamic,8,phenylalanine,4,7,13,2,7.96,6.273,0.191,136.1,110.9,0.0,0.0,3.947,2.616,242 61 354 63 96 224
glutamic,8,phenylalanine,4,7,13,3,7.96,6.273,0.191,136.1,110.9,0.0,0.0,2.421,2.616,322 90 280 327 212 7 262 195
glutamic,8,phenylalanine,4,7,13,4,7.96,6.273,0.191,136.1,110.9,0.0,0.0,3.823,2.616,324 190 266 80 42 311 275 5 66 211
glutamic,8,phenylalanine,4,7,14,1,7.96,8.411,0.191,126.4,17.5,1.2267,0.0,2.985,1.192,215 229 195 187
glutamic,8,phenylalanine,4,7,14,2,7.96,8.411,0.191,126.4,17.5,0.4042,0.0,3.947,2.616,238 174 254 187 0 180
glutamic,8,phenylalanine,4,7,14,3,7.96,8.411,0.191,126.4,17.5,0.0,0.0,3.947,2.616,258 171 218 173 73 190 291 140
glutamic,8,phenylalanine,4,7,14,4,7.96,8.411,0.191,126.4,17.5,0.0,0.0,3.499,2.616,248 146 195 163 139 239 236 106 132 207
glutamic,8,lysine,1,5,13,1,6.807,7.758,-0.666,63.5,79.8,0.9544,0.0,2.706,0.806,256 357 154 115
glutamic,8,lysine,1,5,13,2,6.807,7.758,-0.666,63.5,79.8,0.0,0.0,1.724,0.889,239 109 29 33 231 79
glutamic,8,lysine,1,5,13,3,6.807,7.758,-0.666,63.5,79.8,0.0,0.0,2.706,1.134,242 182 73 208 277 48 83 262
glutamic,8,lysine,1,5,13,4,6.807,7.758,-0.666,63.5,79.8,0.0,0.0,2.444,0.841,278 5 31 324 291 86 118 295 261 148
glutamic,8,lysine,1,5,14,1,6.807,8.973,-0.666,49.5,26.7,2.8144,0.0,2.706,0.829,259 360 203 287
glutamic,8,lysine,1,5,14,2,6.807,8.973,-0.666,49.5,26.7,0.5456,0.0,2.706,1.161,285 360 161 100 29 174
glutamic,8,lysine,1,5,14,3,6.807,8.973,-0.666,49.5,26.7,0.0,0.0,2.706,2.777,310 359 184 243 205 166 60 66
glutamic,8,lysine,1,5,14,4,6.807,8.973,-0.666,49.5,26.7,0.0,0.0,2.706,2.48,324 271 309 227 223 135 101 232 238 172
glutamic,8,lysine,1,5,15,1,6.807,6.543,-0.666,48.3,131.2,0.8837,0.0,2.706,0.686,263 357 196 336
glutamic,8,lysine,1,5,15,2,6.807,6.543,-0.666,48.3,131.2,0.0,0.0,2.706,0.799,294 69 63 314 249 108
glutamic,8,lysine,1,5,15,3,6.807,6.543,-0.666,48.3,131.2,0.0,0.0,1.591,2.874,353 31 76 292 244 96 128 192
glutamic,8,lysine,1,5,15,4,6.807,6.543,-0.666,48.3,131.2,0.0,0.0,1.315,3.219,356 295 289 347 166 28 141 243 290 215
glutamic,8,lysine,1,6,13,1,6.807,8.148,-0.666,47.7,64.3,2.1335,0.0,1.304,3.006,118 360 198 308
glutamic,8,lysine,1,6,13,2,6.807,8.148,-0.666,47.7,64.3,0.0,0.0,1.509,1.252,173 312 197 22 123 160
glutamic,8,lysine,1,6,13,3,6.807,8.148,-0.666,47.7,64.3,0.0,0.0,1.189,2.387,118 315 301 30 66 285 237 121
glutamic,8,lysine,1,6,13,4,6.807,8.148,-0.666,47.7,64.3,0.0,0.0,2.777,3.178,181 243 207 156 135 226 225 98 117 206
glutamic,8,lysine,1,6,14,1,6.807,8.866,-0.666,54.1,32.0,2.4201,0.0,1.895,3.694,99 360 156 87
glutamic,8,lysine,1,6,14,2,6.807,8.866,-0.666,54.1,32.0,0.2367,0.0,3.007,4.091,72 359 205 220 354 182
glutamic,8,lysine,1,6,14,3,6.807,8.866,-0.666,54.1,32.0,0.0,0.0,3.007,4.091,30 14 205 101 131 188 284 289
glutamic,8,lysine,1,6,14,4,6.807,8.866,-0.666,54.1,32.0,0.0,0.0,3.007,4.091,31 17 221 223 232 96 188 86 105 299
glutamic,8,lysine,1,6,15,1,6.807,6.567,-0.666,47.2,128.3,0.9816,0.0,2.552,3.725,96 3 166 19
glutamic,8,lysine,1,6,15,2,6.807,6.567,-0.666,47.2,128.3,0.0,0.0,2.844,4.091,59 298 280 58 121 244
glutamic,8,lysine,1,6,15,3,6.807,6.567,-0.666,47.2,128.3,0.0,0.0,1.602,4.091,0 326 272 67 132 266 232 180
glutamic,8,lysine,1,6,15,4,6.807,6.567,-0.666,47.2,128.3,0.0,0.0,1.245,1.059,332 89 68 347 190 358 196 122 102 160
glutamic,8,lysine,1,7,13,1,6.807,5.752,-0.666,159.9,67.8,0.229,0.0,2.874,0.37,57 125 268 333
glutamic,8,lysine,1,7,13,2,6.807,5.752,-0.666,159.9,67.8,0.0,0.0,1.901,1.118,155 112 247 61 133 43
glutamic,8,lysine,1,7,13,3,6.807,5.752,-0.666,159.9,67.8,0.0,0.0,0.467,2.132,241 219 151 116 75 265 212 53
glutamic,8,lysine,1,7,13,4,6.807,5.752,-0.666,159.9,67.8,0.0,0.0,0.772,1.402,184 142 168 170 111 242 261 69 103 233
glutamic,8,lysine,1,7,14,1,6.807,6.691,-0.666,151.0,26.5,0.8852,0.0,3.544,2.599,13 261 72 85
glutamic,8,lysine,1,7,14,2,6.807,6.691,-0.666,151.0,26.5,0.0938,0.0,3.488,2.616,336 1 333 193 0 110
glutamic,8,lysine,1,7,14,3,6.807,6.691,-0.666,151.0,26.5,0.0,0.0,3.42,2.616,274 85 280 174 305 214 8 38
glutamic,8,lysine,1,7,14,4,6.807,6.691,-0.666,151.0,26.5,0.0,0.0,3.539,1.521,33 336 344 317 3 94 47 242 248 69
glutamic,8,lysine,1,7,15,1,6.807,4.324,-0.666,144.7,125.8,0.5361,0.0,3.288,2.616,346 289 32 5
glutamic,8,lysine,1,7,15,2,6.807,4.324,-0.666,144.7,125.8,0.0,0.0,3.596,0.73,90 360 28 64 111 328
glutamic,8,lysine,1,7,15,3,6.807,4.324,-0.666,144.7,125.8,0.0,0.0,3.084,0.84,182 36 10 28 136 22 86 99
glutamic,8,lysine,1,7,15,4,6.807,4.324,-0.666,144.7,125.8,0.0,0.0,3.336,2.176,33 340 127 184 354 291 213 330 232 337
glutamic,8,aspartic,21,5,3,1,8.895,9.182,0.688,111.7,39.8,1.8931,0.0,1.436,0.704,222 99 180 180
glutamic,8,aspartic,21,5,3,2,8.895,9.182,0.688,111.7,39.8,0.1929,0.0,0.513,1.152,308 328 118 142 323 208
glutamic,8,aspartic,21,5,3,3,8.895,9.182,0.688,111.7,39.8,0.0,0.0,2.706,1.058,192 93 149 234 16 168 31 216
glutamic,8,aspartic,21,5,3,4,8.895,9.182,0.688,111.7,39.8,0.0,0.0,2.706,1.26,167 149 138 188 301 208 58 168 355 151
glutamic,8,aspartic,21,5,4,1,8.895,8.625,0.688,127.4,63.8,1.3384,0.0,0.75,1.732,302 236 176 178
glutamic,8,aspartic,21,5,4,2,8.895,8.625,0.688,127.4,63.8,0.0,0.0,1.652,0.429,215 191 112 51 28 217
glutamic,8,aspartic,21,5,4,3,8.895,8.625,0.688,127.4,63.8,0.0,0.0,2.706,1.403,182 200 157 220 231 98 125 214
glutamic,8,aspartic,21,5,4,4,8.895,8.625,0.688,127.4,63.8,0.0,0.0,2.355,2.492,150 218 162 227 251 95 124 229 188 153
glutamic,8,aspartic,21,5,5,1,8.895,8.1,0.688,118.6,83.3,1.0285,0.0,1.002,1.253,290 258 161 164
glutamic,8,aspartic,21,5,5,2,8.895,8.1,0.688,118.6,83.3,0.0,0.0,2.706,1.429,179 185 131 253 218 124
glutamic,8,aspartic,21,5,5,3,8.895,8.1,0.688,118.6,83.3,0.0,0.0,2.67,0.75,203 247 129 279 156 8 178 274
glutamic,8,aspartic,21,5,5,4,8.895,8.1,0.688,118.6,83.3,0.0,0.0,2.706,1.32,128 193 159 226 233 129 141 241 223 162
glutamic,8,aspartic,21,6,3,1,8.895,11.102,0.688,32.8,45.7,5.8945,0.0,3.007,0.629,176 0 169 26
glutamic,8,aspartic,21,6,3,2,8.895,11.102,0.688,32.8,45.7,2.3034,0.0,2.074,0.664,177 360 210 305 180 180
glutamic,8,aspartic,21,6,3,3,8.895,11.102,0.688,32.8,45.7,0.1192,0.0,1.978,1.984,134 5 216 285 213 197 87 140
glutamic,8,aspartic,21,6,3,4,8.895,11.102,0.688,32.8,45.7,0.0,0.0,2.439,3.991,104 293 261 106 130 215 204 153 157 184
glutamic,8,aspartic,21,6,4,1,8.895,10.824,0.688,36.1,57.9,5.3923,0.0,3.007,0.38,200 360 195 323
glutamic,8,aspartic,21,6,4,2,8.895,10.824,0.688,36.1,57.9,1.8271,0.0,1.908,0.47,200 360 147 63 179 179
glutamic,8,aspartic,21,6,4,3,8.895,10.824,0.688,36.1,57.9,0.0,0.0,2.314,2.192,212 46 168 254 186 130 125 157
glutamic,8,aspartic,21,6,4,4,8.895,10.824,0.688,36.1,57.9,0.0,0.0,1.156,3.704,291 42 83 282 249 129 143 193 191 180
glutamic,8,aspartic,21,6,5,1,8.895,9.968,0.688,44.1,90.3,4.1101,0.0,3.007,0.629,185 360 158 64
glutamic,8,aspartic,21,6,5,2,8.895,9.968,0.688,44.1,90.3,0.5622,0.0,2.435,0.579,188 359 215 291 164 170
glutamic,8,aspartic,21,6,5,3,8.895,9.968,0.688,44.1,90.3,0.0,0.0,2.304,2.745,232 44 142 261 190 123 135 167
glutamic,8,aspartic,21,6,5,4,8.895,9.968,0.688,44.1,90.3,0.0,0.0,1.33,1.758,280 55 86 263 230 108 118 151 144 179
glutamic,8,aspartic,21,7,3,1,8.895,9.058,0.688,117.1,53.7,1.7762,0.0,1.905,0.584,137 250 184 183
glutamic,8,aspartic,21,7,3,2,8.895,9.058,0.688,117.1,53.7,0.0,0.0,0.954,1.544,22 120 198 250 252 184
glutamic,8,aspartic,21,7,3,3,8.895,9.058,0.688,117.1,53.7,0.0,0.0,3.023,1.147,167 170 199 136 135 270 256 158
glutamic,8,aspartic,21,7,3,4,8.895,9.058,0.688,117.1,53.7,0.0,0.0,2.385,1.48,188 157 191 137 124 256 240 129 158 204
glutamic,8,aspartic,21,7,4,1,8.895,9.182,0.688,102.5,48.3,1.8934,0.0,0.923,0.543,65 84 179 180
glutamic,8,aspartic,21,7,4,2,8.895,9.182,0.688,102.5,48.3,0.1447,0.0,1.222,0.683,143 346 109 117 333 208
glutamic,8,aspartic,21,7,4,3,8.895,9.182,0.688,102.5,48.3,0.0,0.0,2.512,0.607,174 248 250 66 54 245 255 155
glutamic,8,aspartic,21,7,4,4,8.895,9.182,0.688,102.5,48.3,0.0,0.0,2.593,1.266,202 205 224 135 126 220 220 80 87 198
glutamic,8,aspartic,21,7,5,1,8.895,8.21,0.688,113.6,85.9,1.0291,0.0,1.731,0.512,71 109 164 168
glutamic,8,aspartic,21,7,5,2,8.895,8.21,0.688,113.6,85.9,0.0,0.0,3.221,1.204,171 170 233 111 163 257
glutamic,8,aspartic,21,7,5,3,8.895,8.21,0.688,113.6,85.9,0.0,0.0,3.599,1.757,201 174 195 104 145 291 256 170
glutamic,8,aspartic,21,7,5,4,8.895,8.21,0.688,113.6,85.9,0.0,0.0,3.729,2.258,222 168 197 135 128 235 227 124 142 200
glutamic,8,leucine,5,5,1,1,9.923,11.282,-0.333,80.5,27.5,4.0287,0.0,2.706,2.674,136 34 178 179
glutamic,8,leucine,5,5,1,2,9.923,11.282,-0.333,80.5,27.5,0.9447,0.0,2.175,1.891,170 354 154 131 264 203
glutamic,8,leucine,5,5,1,3,9.923,11.282,-0.333,80.5,27.5,0.1987,0.0,2.407,1.519,173 2 189 320 68 170 2 175
glutamic,8,leucine,5,5,1,4,9.923,11.282,-0.333,80.5,27.5,0.0,0.0,2.706,3.219,116 45 100 95 172 303 313 72 58 222
glutamic,8,leucine,5,5,2,1,9.923,8.908,-0.333,78.7,129.4,1.6453,0.0,2.706,2.427,169 330 180 180
glutamic,8,leucine,5,5,2,2,9.923,8.908,-0.333,78.7,129.4,0.0,0.0,2.706,2.003,166 208 278 140 150 219
glutamic,8,leucine,5,5,2,3,9.923,8.908,-0.333,78.7,129.4,0.0,0.0,1.836,3.219,104 271 277 142 142 245 226 151
glutamic,8,leucine,5,5,2,4,9.923,8.908,-0.333,78.7,129.4,0.0,0.0,2.547,3.219,118 247 252 165 159 239 234 105 124 203
glutamic,8,leucine,5,5,13,1,9.923,10.232,-0.333,91.1,75.1,2.9877,0.0,2.706,2.004,181 301 171 174
glutamic,8,leucine,5,5,13,2,9.923,10.232,-0.333,91.1,75.1,0.0,0.0,2.706,1.631,179 236 227 150 162 191
glutamic,8,leucine,5,5,13,3,9.923,10.232,-0.333,91.1,75.1,0.0,0.0,2.579,0.439,192 179 236 161 146 248 226 146
glutamic,8,leucine,5,5,13,4,9.923,10.232,-0.333,91.1,75.1,0.0,0.0,1.978,0.422,201 181 222 175 161 228 219 93 114 203
glutamic,8,leucine,5,6,1,1,9.923,9.966,-0.333,136.9,37.8,2.6789,0.0,3.007,3.328,200 217 180 180
glutamic,8,leucine,5,6,1,2,9.923,9.966,-0.333,136.9,37.8,0.3337,0.0,3.007,3.77,116 159 181 180 289 210
glutamic,8,leucine,5,6,1,3,9.923,9.966,-0.333,136.9,37.8,0.0,0.0,3.007,2.967,159 296 117 185 237 87 84 229
glutamic,8,leucine,5,6,1,4,9.923,9.966,-0.333,136.9,37.8,0.0,0.0,2.612,4.091,264 166 164 136 148 231 245 138 117 182
glutamic,8,leucine,5,6,2,1,9.923,7.529,-0.333,138.7,143.5,0.2736,0.0,3.007,3.335,201 215 174 177
glutamic,8,leucine,5,6,2,2,9.923,7.529,-0.333,138.7,143.5,0.0,0.0,2.908,3.192,249 151 244 104 110 230
glutamic,8,leucine,5,6,2,3,9.923,7.529,-0.333,138.7,143.5,0.0,0.0,2.847,4.091,252 199 154 136 88 200 5 5
glutamic,8,leucine,5,6,2,4,9.923,7.529,-0.333,138.7,143.5,0.0,0.0,2.955,4.091,29 254 58 278 256 166 114 191 273 294
glutamic,8,leucine,5,6,13,1,9.923,9.239,-0.333,134.8,69.0,1.9538,0.0,3.007,3.299,154 138 181 181
glutamic,8,leucine,5,6,13,2,9.923,9.239,-0.333,134.8,69.0,0.0,0.0,3.007,1.738,183 35 303 197 97 193
glutamic,8,leucine,5,6,13,3,9.923,9.239,-0.333,134.8,69.0,0.0,0.0,3.007,3.179,182 159 193 49 341 139 346 38
glutamic,8,leucine,5,6,13,4,9.923,9.239,-0.333,134.8,69.0,0.0,0.0,3.007,2.904,56 201 195 263 232 88 103 218 219 179
glutamic,8,leucine,5,7,1,1,9.923,10.994,-0.333,91.2,38.7,3.7438,0.0,3.4,1.348,181 60 185 183
glutamic,8,leucine,5,7,1,2,9.923,10.994,-0.333,91.2,38.7,0.624,0.0,2.282,1.44,186 91 152 163 251 218
glutamic,8,leucine,5,7,1,3,9.923,10.994,-0.333,91.2,38.7,0.0,0.0,2.557,1.624,195 158 131 193 201 99 104 203
glutamic,8,leucine,5,7,1,4,9.923,10.994,-0.333,91.2,38.7,0.0,0.0,1.524,1.038,164 180 146 190 203 132 138 243 223 159
glutamic,8,leucine,5,7,2,1,9.923,8.721,-0.333,85.6,134.0,1.4668,0.0,3.669,1.444,186 48 183 182
glutamic,8,leucine,5,7,2,2,9.923,8.721,-0.333,85.6,134.0,0.0,0.0,2.164,1.284,177 163 102 228 214 137
glutamic,8,leucine,5,7,2,3,9.923,8.721,-0.333,85.6,134.0,0.0,0.0,1.655,2.616,265 123 334 228 302 152 160 276
glutamic,8,leucine,5,7,2,4,9.923,8.721,-0.333,85.6,134.0,0.0,0.0,3.026,2.105,216 169 135 186 205 97 108 268 232 148
glutamic,8,leucine,5,7,13,1,9.923,10.485,-0.333,81.7,61.4,3.2028,0.0,3.849,2.341,226 320 180 180
glutamic,8,leucine,5,7,13,2,9.923,10.485,-0.333,81.7,61.4,0.1533,0.0,3.569,1.346,182 8 204 213 90 155
glutamic,8,leucine,5,7,13,3,9.923,10.485,-0.333,81.7,61.4,0.0,0.0,3.947,2.616,248 16 164 256 181 107 41 180
glutamic,8,leucine,5,7,13,4,9.923,10.485,-0.333,81.7,61.4,0.0,0.0,3.947,2.616,270 37 143 271 196 98 85 196 254 215
glutamic,8,serine,4,5,3,1,8.05,9.158,0.762,96.8,21.0,1.8726,0.0,2.706,0.683,210 286 181 181
glutamic,8,serine,4,5,3,2,8.05,9.158,0.762,96.8,21.0,0.4327,0.0,2.689,1.932,110 83 173 175 24 168
glutamic,8,serine,4,5,3,3,8.05,9.158,0.762,96.8,21.0,0.0,0.0,2.706,2.867,132 303 279 230 49 144 341 177
glutamic,8,serine,4,5,3,4,8.05,9.158,0.762,96.8,21.0,0.0,0.0,2.706,0.911,223 2 352 118 190 188 322 165 45 237
glutamic,8,serine,4,5,4,1,8.05,7.974,0.762,87.9,76.1,0.6941,0.0,2.706,0.403,215 307 172 174
glutamic,8,serine,4,5,4,2,8.05,7.974,0.762,87.9,76.1,0.0,0.0,2.706,0.84,220 140 20 233 226 144
glutamic,8,serine,4,5,4,3,8.05,7.974,0.762,87.9,76.1,0.0,0.0,2.706,1.438,243 112 50 234 231 297 307 157
glutamic,8,serine,4,5,4,4,8.05,7.974,0.762,87.9,76.1,0.0,0.0,2.706,0.858,211 132 110 184 207 96 98 303 267 142
glutamic,8,serine,4,5,5,1,8.05,7.502,0.762,105.9,93.6,0.2461,0.0,2.706,0.576,221 278 162 168
glutamic,8,serine,4,5,5,2,8.05,7.502,0.762,105.9,93.6,0.0,0.0,2.706,1.152,118 193 98 253 242 137
glutamic,8,serine,4,5,5,3,8.05,7.502,0.762,105.9,93.6,0.0,0.0,2.464,0.44,100 193 144 233 249 306 260 167
glutamic,8,serine,4,5,5,4,8.05,7.502,0.762,105.9,93.6,0.0,0.0,0.991,1.373,78 332 25 278 248 64 98 243 191 130
glutamic,8,serine,4,6,3,1,8.05,8.837,0.762,109.7,29.1,1.5493,0.0,3.007,2.648,218 265 178 179
glutamic,8,serine,4,6,3,2,8.05,8.837,0.762,109.7,29.1,0.2891,0.0,3.007,2.262,234 201 237 214 17 167
glutamic,8,serine,4,6,3,3,8.05,8.837,0.762,109.7,29.1,0.0,0.0,3.007,2.369,224 164 231 4 298 103 57 236
glutamic,8,serine,4,6,3,4,8.05,8.837,0.762,109.7,29.1,0.0,0.0,3.007,2.036,233 346 328 135 156 270 255 102 118 195
glutamic,8,serine,4,6,4,1,8.05,7.645,0.762,100.5,80.2,0.3706,0.0,3.007,2.338,129 85 169 173
glutamic,8,serine,4,6,4,2,8.05,7.645,0.762,100.5,80.2,0.0,0.0,3.007,2.931,166 196 331 295 26 2
glutamic,8,serine,4,6,4,3,8.05,7.645,0.762,100.5,80.2,0.0,0.0,3.007,3.255,194 125 268 31 271 283 304 291
glutamic,8,serine,4,6,4,4,8.05,7.645,0.762,100.5,80.2,0.0,0.0,3.007,3.175,181 158 207 184 126 252 286 82 130 258
glutamic,8,serine,4,6,5,1,8.05,7.779,0.762,95.0,75.3,0.5216,0.0,3.007,1.487,219 297 162 168
glutamic,8,serine,4,6,5,2,8.05,7.779,0.762,95.0,75.3,0.0,0.0,3.007,0.819,236 271 234 164 298 13
glutamic,8,serine,4,6,5,3,8.05,7.779,0.762,95.0,75.3,0.0,0.0,2.449,0.593,245 94 59 230 236 299 300 157
glutamic,8,serine,4,6,5,4,8.05,7.779,0.762,95.0,75.3,0.0,0.0,3.007,0.577,224 116 90 183 210 102 104 308 264 133
glutamic,8,serine,4,7,3,1,8.05,9.094,0.762,99.4,14.5,1.8088,0.0,3.947,0.447,150 79 180 180
glutamic,8,serine,4,7,3,2,8.05,9.094,0.762,99.4,14.5,0.5614,0.0,3.947,2.616,247 312 146 162 341 192
glutamic,8,serine,4,7,3,3,8.05,9.094,0.762,99.4,14.5,0.0,0.0,3.947,2.616,242 359 134 163 297 180 14 202
glutamic,8,serine,4,7,3,4,8.05,9.094,0.762,99.4,14.5,0.0,0.0,3.947,1.898,207 139 105 162 205 106 88 307 269 127
glutamic,8,serine,4,7,4,1,8.05,7.37,0.762,111.8,93.6,0.0835,0.0,3.947,1.582,229 258 186 184
glutamic,8,serine,4,7,4,2,8.05,7.37,0.762,111.8,93.6,0.0,0.0,3.947,0.797,118 190 103 261 249 135
glutamic,8,serine,4,7,4,3,8.05,7.37,0.762,111.8,93.6,0.0,0.0,3.947,2.616,247 98 39 195 234 107 151 293
glutamic,8,serine,4,7,4,4,8.05,7.37,0.762,111.8,93.6,0.0,0.0,3.947,0.963,147 217 155 174 222 109 91 296 258 124
glutamic,8,serine,4,7,5,1,8.05,7.656,0.762,99.8,83.0,0.4419,0.0,3.947,0.667,137 87 159 167
glutamic,8,serine,4,7,5,2,8.05,7.656,0.762,99.8,83.0,0.0,0.0,3.947,1.138,199 208 262 302 20 331
glutamic,8,serine,4,7,5,3,8.05,7.656,0.762,99.8,83.0,0.0,0.0,3.947,1.66,197 175 227 14 275 43 146 47
glutamic,8,serine,4,7,5,4,8.05,7.656,0.762,99.8,83.0,0.0,0.0,3.947,1.058,130 284 70 196 218 303 319 30 88 275
glutamic,8,tryptophan,5,5,16,1,4.755,3.628,-0.458,69.2,122.1,1.5339,0.0,2.163,3.219,3 128 12 4
glutamic,8,tryptophan,5,5,16,2,4.755,3.628,-0.458,69.2,122.1,0.3661,0.0,1.384,3.219,54 109 9 27 137 6
glutamic,8,tryptophan,5,5,16,3,4.755,3.628,-0.458,69.2,122.1,0.0,0.0,0.842,3.219,82 80 62 277 257 42 127 273
glutamic,8,tryptophan,5,5,16,4,4.755,3.628,-0.458,69.2,122.1,0.0,0.0,1.901,0.632,275 60 82 290 310 89 86 301 228 105
glutamic,8,tryptophan,5,5,17,1,4.755,4.772,-0.458,97.0,75.3,0.0,0.0,1.756,3.219,23 105 356 26
glutamic,8,tryptophan,5,5,17,2,4.755,4.772,-0.458,97.0,75.3,0.0,0.0,1.462,3.219,48 103 24 43 73 6
glutamic,8,tryptophan,5,5,17,3,4.755,4.772,-0.458,97.0,75.3,0.0,0.0,2.001,3.219,77 114 356 82 113 238 236 29
glutamic,8,tryptophan,5,5,17,4,4.755,4.772,-0.458,97.0,75.3,0.0,0.0,1.227,1.433,309 347 51 53 26 65 93 328 232 108
glutamic,8,tryptophan,5,5,18,1,4.755,5.992,-0.458,77.9,23.3,1.2371,0.0,0.814,3.219,12 51 52 52
glutamic,8,tryptophan,5,5,18,2,4.755,5.992,-0.458,77.9,23.3,0.4766,0.0,0.502,3.219,38 26 77 117 24 67
glutamic,8,tryptophan,5,5,18,3,4.755,5.992,-0.458,77.9,23.3,0.0,0.0,1.679,3.219,39 237 288 112 23 203 344 315
glutamic,8,tryptophan,5,5,18,4,4.755,5.992,-0.458,77.9,23.3,0.0,0.0,1.483,1.102,313 23 76 338 326 85 95 308 223 92
glutamic,8,tryptophan,5,6,16,1,4.755,4.647,-0.458,29.5,151.3,2.5909,0.0,0.631,4.091,341 3 175 0
glutamic,8,tryptophan,5,6,16,2,4.755,4.647,-0.458,29.5,151.3,0.0,0.0,1.224,4.091,312 119 57 340 209 22
glutamic,8,tryptophan,5,6,16,3,4.755,4.647,-0.458,29.5,151.3,0.0,0.0,1.7,4.091,29 81 37 288 316 29 109 286
glutamic,8,tryptophan,5,6,16,4,4.755,4.647,-0.458,29.5,151.3,0.0,0.0,0.444,4.091,32 29 28 275 296 71 96 341 252 117
glutamic,8,tryptophan,5,6,17,1,4.755,6.262,-0.458,40.0,74.4,1.4258,0.0,0.903,4.091,311 359 182 359
glutamic,8,tryptophan,5,6,17,2,4.755,6.262,-0.458,40.0,74.4,0.0,0.0,1.851,4.091,335 72 70 319 237 93
glutamic,8,tryptophan,5,6,17,3,4.755,6.262,-0.458,40.0,74.4,0.0,0.0,1.777,4.091,25 27 63 315 275 60 106 219
glutamic,8,tryptophan,5,6,17,4,4.755,6.262,-0.458,40.0,74.4,0.0,0.0,1.36,4.091,360 26 34 290 274 78 119 325 264 138
glutamic,8,tryptophan,5,6,18,1,4.755,7.073,-0.458,33.9,42.5,2.3987,0.0,0.642,4.091,344 0 179 1
glutamic,8,tryptophan,5,6,18,2,4.755,7.073,-0.458,33.9,42.5,0.0,0.0,2.046,4.091,349 60 102 64 85 117
glutamic,8,tryptophan,5,6,18,3,4.755,7.073,-0.458,33.9,42.5,0.0,0.0,2.331,4.091,31 30 66 323 285 55 103 220
glutamic,8,tryptophan,5,6,18,4,4.755,7.073,-0.458,33.9,42.5,0.0,0.0,2.145,4.091,4 13 54 332 298 81 113 257 231 157
glutamic,8,tryptophan,5,7,16,1,4.755,4.086,-0.458,53.3,144.1,1.5147,0.0,3.074,2.199,32 285 273 1
glutamic,8,tryptophan,5,7,16,2,4.755,4.086,-0.458,53.3,144.1,0.0,0.0,3.37,2.616,341 207 17 39 111 25
glutamic,8,tryptophan,5,7,16,3,4.755,4.086,-0.458,53.3,144.1,0.0,0.0,2.226,2.616,294 308 299 91 90 283 238 112
glutamic,8,tryptophan,5,7,16,4,4.755,4.086,-0.458,53.3,144.1,0.0,0.0,3.252,1.982,317 323 353 117 38 287 295 316 138 327
glutamic,8,tryptophan,5,7,17,1,4.755,6.143,-0.458,45.4,54.5,1.4895,0.0,1.249,1.373,60 33 125 11
glutamic,8,tryptophan,5,7,17,2,4.755,6.143,-0.458,45.4,54.5,0.1814,0.0,0.974,0.614,103 31 113 43 88 70
glutamic,8,tryptophan,5,7,17,3,4.755,6.143,-0.458,45.4,54.5,0.0,0.0,1.36,2.616,307 6 184 355 217 317 264 228
glutamic,8,tryptophan,5,7,17,4,4.755,6.143,-0.458,45.4,54.5,0.0,0.0,0.416,0.756,50 339 306 56 66 263 263 64 109 237
glutamic,8,tryptophan,5,7,18,1,4.755,6.426,-0.458,62.1,42.6,0.6419,0.0,2.9,2.291,28 309 269 300
glutamic,8,tryptophan,5,7,18,2,4.755,6.426,-0.458,62.1,42.6,0.0,0.0,3.247,2.616,343 297 292 77 111 241
glutamic,8,tryptophan,5,7,18,3,4.755,6.426,-0.458,62.1,42.6,0.0,0.0,2.744,2.616,320 344 316 45 73 297 249 132
glutamic,8,tryptophan,5,7,18,4,4.755,6.426,-0.458,62.1,42.6,0.0,0.0,1.384,2.616,357 4 332 19 36 294 270 58 112 231
glutamic,8,lysine,8,5,13,1,8.199,9.113,0.382,69.4,57.2,1.9092,0.0,2.706,0.604,264 360 188 198
glutamic,8,lysine,8,5,13,2,8.199,9.113,0.382,69.4,57.2,0.1712,0.0,2.534,1.628,297 1 142 68 7 176
glutamic,8,lysine,8,5,13,3,8.199,9.113,0.382,69.4,57.2,0.0,0.0,2.706,0.295,194 20 175 354 238 113 97 178
glutamic,8,lysine,8,5,13,4,8.199,9.113,0.382,69.4,57.2,0.0,0.0,2.706,0.517,179 119 111 241 250 141 136 279 282 174
glutamic,8,lysine,8,5,14,1,8.199,9.066,0.382,80.8,59.0,1.778,0.0,2.706,0.784,275 322 179 179
glutamic,8,lysine,8,5,14,2,8.199,9.066,0.382,80.8,59.0,0.0,0.0,2.706,0.878,197 104 169 243 253 208
glutamic,8,lysine,8,5,14,3,8.199,9.066,0.382,80.8,59.0,0.0,0.0,2.706,0.474,200 164 141 220 218 95 116 206
glutamic,8,lysine,8,5,14,4,8.199,9.066,0.382,80.8,59.0,0.0,0.0,2.706,1.248,182 171 152 212 217 125 133 240 226 163
glutamic,8,lysine,8,5,15,1,8.199,6.882,0.382,76.2,167.6,0.3212,0.0,2.706,0.744,257 46 98 137
glutamic,8,lysine,8,5,15,2,8.199,6.882,0.382,76.2,167.6,0.0,0.0,2.08,2.05,292 193 344 198 275 90
glutamic,8,lysine,8,5,15,3,8.199,6.882,0.382,76.2,167.6,0.0,0.0,2.706,1.026,164 149 114 256 252 104 139 215
glutamic,8,lysine,8,5,15,4,8.199,6.882,0.382,76.2,167.6,0.0,0.0,2.706,0.423,210 65 66 307 302 86 108 300 252 134
glutamic,8,lysine,8,6,13,1,8.199,9.826,0.382,39.1,68.9,4.2581,0.0,3.007,3.127,114 0 164 40
glutamic,8,lysine,8,6,13,2,8.199,9.826,0.382,39.1,68.9,0.7548,0.0,3.007,3.307,108 2 216 287 199 191
glutamic,8,lysine,8,6,13,3,8.199,9.826,0.382,39.1,68.9,0.0,0.0,3.007,4.091,63 314 244 98 133 218 217 187
glutamic,8,lysine,8,6,13,4,8.199,9.826,0.382,39.1,68.9,0.0,0.0,2.902,4.091,16 115 62 114 119 253 276 199 210 197
glutamic,8,lysine,8,6,14,1,8.199,10.011,0.382,42.9,61.8,4.1978,0.0,3.007,2.115,135 0 200 302
glutamic,8,lysine,8,6,14,2,8.199,10.011,0.382,42.9,61.8,0.656,0.0,3.007,2.385,138 359 143 78 169 173
glutamic,8,lysine,8,6,14,3,8.199,10.011,0.382,42.9,61.8,0.0,0.0,3.007,4.091,98 301 255 120 111 199 242 212
glutamic,8,lysine,8,6,14,4,8.199,10.011,0.382,42.9,61.8,0.0,0.0,3.007,4.091,68 343 297 56 95 236 219 143 145 184
glutamic,8,lysine,8,6,15,1,8.199,7.864,0.382,35.8,173.1,2.9788,0.0,3.007,2.213,130 359 190 343
glutamic,8,lysine,8,6,15,2,8.199,7.864,0.382,35.8,173.1,0.0186,0.0,3.007,2.792,114 354 190 85 106 235
glutamic,8,lysine,8,6,15,3,8.199,7.864,0.382,35.8,173.1,0.0,0.0,3.007,3.224,61 316 271 83 112 240 228 173
glutamic,8,lysine,8,6,15,4,8.199,7.864,0.382,35.8,173.1,0.0,0.0,2.263,3.168,24 337 301 54 88 270 242 141 161 194
glutamic,8,lysine,8,7,13,1,8.199,7.368,0.382,147.1,67.1,0.2852,0.0,3.193,2.176,24 178 138 138
glutamic,8,lysine,8,7,13,2,8.199,7.368,0.382,147.1,67.1,0.0,0.0,2.764,2.33,26 4 21 205 252 102
glutamic,8,lysine,8,7,13,3,8.199,7.368,0.382,147.1,67.1,0.0,0.0,3.947,2.616,305 195 174 69 52 278 265 152
glutamic,8,lysine,8,7,13,4,8.199,7.368,0.382,147.1,67.1,0.0,0.0,1.874,0.661,112 250 224 70 59 253 261 68 91 233
glutamic,8,lysine,8,7,14,1,8.199,7.595,0.382,149.8,58.4,0.5873,0.0,3.609,0.688,104 183 219 230
glutamic,8,lysine,8,7,14,2,8.199,7.595,0.382,149.8,58.4,0.0,0.0,3.947,1.193,170 158 210 91 149 263
glutamic,8,lysine,8,7,14,3,8.199,7.595,0.382,149.8,58.4,0.0,0.0,3.947,1.294,178 133 206 129 97 305 265 121
glutamic,8,lysine,8,7,14,4,8.199,7.595,0.382,149.8,58.4,0.0,0.0,3.947,1.438,186 138 172 151 128 248 241 109 131 205
glutamic,8,lysine,8,7,15,1,8.199,5.401,0.382,142.8,171.2,0.349,0.0,3.057,1.772,52 258 40 62
glutamic,8,lysine,8,7,15,2,8.199,5.401,0.382,142.8,171.2,0.0,0.0,3.92,0.819,111 83 301 196 30 332
glutamic,8,lysine,8,7,15,3,8.199,5.401,0.382,142.8,171.2,0.0,0.0,3.947,1.182,169 103 311 108 359 26 246 9
glutamic,8,lysine,8,7,15,4,8.199,5.401,0.382,142.8,171.2,0.0,0.0,2.279,0.472,147 266 212 90 63 277 259 16 133 282
glutamic,8,leucine,13,5,1,1,15.961,14.093,-0.344,117.3,139.2,6.8571,0.0,2.706,1.197,188 252 178 179
glutamic,8,leucine,13,5,1,2,15.961,14.093,-0.344,117.3,139.2,3.2167,0.0,2.706,0.926,115 110 172 176 171 172
glutamic,8,leucine,13,5,1,3,15.961,14.093,-0.344,117.3,139.2,0.0,0.0,2.446,0.431,205 246 154 124 188 193 166 165
glutamic,8,leucine,13,5,1,4,15.961,14.093,-0.344,117.3,139.2,0.0,0.0,2.481,0.444,213 188 208 168 163 196 194 120 123 187
glutamic,8,leucine,13,5,2,1,15.961,16.552,-0.344,116.8,32.5,9.3068,0.0,2.706,1.155,190 253 178 179
glutamic,8,leucine,13,5,2,2,15.961,16.552,-0.344,116.8,32.5,5.6433,0.0,2.706,0.825,115 109 174 177 174 175
glutamic,8,leucine,13,5,2,3,15.961,16.552,-0.344,116.8,32.5,1.9751,0.0,2.29,0.39,190 252 179 180 170 171 179 180
glutamic,8,leucine,13,5,2,4,15.961,16.552,-0.344,116.8,32.5,0.1687,0.0,2.706,1.388,113 132 172 175 158 163 173 175 305 204
glutamic,8,leucine,13,5,13,1,15.961,15.439,-0.344,109.7,81.4,8.1805,0.0,2.706,1.523,185 264 181 181
glutamic,8,leucine,13,5,13,2,15.961,15.439,-0.344,109.7,81.4,4.4998,0.0,2.706,0.632,112 94 185 183 185 184
glutamic,8,leucine,13,5,13,3,15.961,15.439,-0.344,109.7,81.4,0.8643,0.0,2.651,0.366,108 96 178 178 163 166 178 178
glutamic,8,leucine,13,5,13,4,15.961,15.439,-0.344,109.7,81.4,0.0,0.0,2.706,2.669,151 205 209 183 194 237 228 154 158 188
glutamic,8,leucine,13,6,1,1,15.961,14.07,-0.344,118.3,130.8,6.825,0.0,3.007,2.299,171 111 178 179
glutamic,8,leucine,13,6,1,2,15.961,14.07,-0.344,118.3,130.8,3.1581,0.0,3.0,0.762,244 250 176 178 176 176
glutamic,8,leucine,13,6,1,3,15.961,14.07,-0.344,118.3,130.8,0.0,0.0,2.429,0.761,164 154 153 202 196 172 181 188
glutamic,8,leucine,13,6,1,4,15.961,14.07,-0.344,118.3,130.8,0.0,0.0,2.551,2.39,152 191 165 201 208 126 132 203 185 162
glutamic,8,leucine,13,6,2,1,15.961,16.487,-0.344,119.7,25.1,9.2369,0.0,3.007,2.381,169 113 179 179
glutamic,8,leucine,13,6,2,2,15.961,16.487,-0.344,119.7,25.1,5.5632,0.0,3.007,0.726,243 247 178 179 178 178
glutamic,8,leucine,13,6,2,3,15.961,16.487,-0.344,119.7,25.1,1.9096,0.0,1.946,0.233,168 112 180 180 190 188 180 180
glutamic,8,leucine,13,6,2,4,15.961,16.487,-0.344,119.7,25.1,0.2727,0.0,2.717,2.154,259 262 180 180 178 179 180 180 308 204
glutamic,8,leucine,13,6,13,1,15.961,15.052,-0.344,126.9,89.4,7.8024,0.0,3.007,2.564,170 125 183 182
glutamic,8,leucine,13,6,13,2,15.961,15.052,-0.344,126.9,89.4,4.1522,0.0,3.007,0.996,239 231 191 186 190 189
glutamic,8,leucine,13,6,13,3,15.961,15.052,-0.344,126.9,89.4,0.4751,0.0,2.997,0.706,244 235 181 180 191 190 181 180
glutamic,8,leucine,13,6,13,4,15.961,15.052,-0.344,126.9,89.4,0.0,0.0,1.501,3.557,130 177 151 212 219 170 184 225 205 163
glutamic,8,leucine,13,7,1,1,15.961,15.131,-0.344,76.8,130.7,7.88,0.0,3.947,1.428,195 338 179 179
glutamic,8,leucine,13,7,1,2,15.961,15.131,-0.344,76.8,130.7,4.2804,0.0,3.947,0.533,175 9 195 190 189 187
glutamic,8,leucine,13,7,1,3,15.961,15.131,-0.344,76.8,130.7,0.5549,0.0,2.399,0.552,196 335 179 180 172 173 179 180
glutamic,8,leucine,13,7,1,4,15.961,15.131,-0.344,76.8,130.7,0.0,0.0,2.566,1.8,209 87 102 208 192 149 158 198 194 177
glutamic,8,leucine,13,7,2,1,15.961,17.532,-0.344,78.6,26.1,10.2783,0.0,3.947,1.548,200 330 179 180
glutamic,8,leucine,13,7,2,2,15.961,17.532,-0.344,78.6,26.1,6.6238,0.0,3.947,0.439,174 15 185 183 184 184
glutamic,8,leucine,13,7,2,3,15.961,17.532,-0.344,78.6,26.1,2.9726,0.0,2.127,0.556,200 331 178 179 170 171 178 179
glutamic,8,leucine,13,7,2,4,15.961,17.532,-0.344,78.6,26.1,0.5318,0.0,2.973,0.667,160 19 180 180 186 186 180 180 88 147
glutamic,8,leucine,13,7,13,1,15.961,16.291,-0.344,77.1,82.8,9.0327,0.0,3.947,1.201,175 24 181 181
glutamic,8,leucine,13,7,13,2,15.961,16.291,-0.344,77.1,82.8,5.396,0.0,3.947,0.546,195 352 167 171 173 174
glutamic,8,leucine,13,7,13,3,15.961,16.291,-0.344,77.1,82.8,1.7133,0.0,1.961,0.654,173 27 180 180 175 176 180 180
glutamic,8,leucine,13,7,13,4,15.961,16.291,-0.344,77.1,82.8,0.0,0.0,2.548,1.767,201 92 108 202 187 150 158 188 184 178
glutamic,8,serine,32,5,3,1,3.34,3.802,-0.926,52.7,103.7,1.8155,0.0,2.706,2.906,307 94 66 1
glutamic,8,serine,32,5,3,2,3.34,3.802,-0.926,52.7,103.7,0.1108,0.0,2.706,0.847,252 220 3 35 131 2
glutamic,8,serine,32,5,3,3,3.34,3.802,-0.926,52.7,103.7,0.0,0.0,0.625,3.219,49 79 70 276 256 49 128 258
glutamic,8,serine,32,5,3,4,3.34,3.802,-0.926,52.7,103.7,0.0,0.0,2.706,0.777,209 290 348 254 330 11 140 352 97 53
glutamic,8,serine,32,5,4,1,3.34,5.688,-0.926,46.1,29.6,1.4998,0.0,2.706,0.639,283 320 232 356
glutamic,8,serine,32,5,4,2,3.34,5.688,-0.926,46.1,29.6,0.0299,0.0,2.706,0.485,284 282 281 225 330 320
glutamic,8,serine,32,5,4,3,3.34,5.688,-0.926,46.1,29.6,0.0,0.0,2.55,2.3,318 54 48 243 327 116 97 275
glutamic,8,serine,32,5,4,4,3.34,5.688,-0.926,46.1,29.6,0.0,0.0,1.572,2.381,2 4 35 311 285 87 118 256 224 155
glutamic,8,serine,32,5,5,1,3.34,5.176,-0.926,25.9,52.8,3.043,0.0,2.706,3.084,315 14 159 3
glutamic,8,serine,32,5,5,2,3.34,5.176,-0.926,25.9,52.8,0.3153,0.0,1.429,3.219,352 63 94 17 140 27
glutamic,8,serine,32,5,5,3,3.34,5.176,-0.926,25.9,52.8,0.0,0.0,0.952,3.219,32 57 66 295 283 49 104 239
glutamic,8,serine,32,5,5,4,3.34,5.176,-0.926,25.9,52.8,0.0,0.0,0.614,3.219,25 16 55 325 302 66 94 271 234 145
glutamic,8,serine,32,6,3,1,3.34,4.495,-0.926,21.4,77.5,3.4542,0.0,2.807,4.091,42 334 217 358
glutamic,8,serine,32,6,3,2,3.34,4.495,-0.926,21.4,77.5,0.4523,0.0,1.822,4.091,14 263 295 353 199 346
glutamic,8,serine,32,6,3,3,3.34,4.495,-0.926,21.4,77.5,0.0,0.0,1.171,4.091,333 285 299 79 66 312 254 102
glutamic,8,serine,32,6,3,4,3.34,4.495,-0.926,21.4,77.5,0.0,0.0,0.952,4.091,318 339 304 36 58 301 271 76 120 219
glutamic,8,serine,32,6,4,1,3.34,5.859,-0.926,38.4,17.4,2.0336,0.0,3.007,4.058,82 15 158 4
glutamic,8,serine,32,6,4,2,3.34,5.859,-0.926,38.4,17.4,0.384,0.0,3.007,3.112,100 56 90 101 56 46
glutamic,8,serine,32,6,4,3,3.34,5.859,-0.926,38.4,17.4,0.0,0.0,3.007,4.091,57 305 285 131 3 239 318 80
glutamic,8,serine,32,6,4,4,3.34,5.859,-0.926,38.4,17.4,0.0,0.0,2.44,4.091,340 64 181 334 155 282 342 171 319 55
glutamic,8,serine,32,6,5,1,3.34,4.585,-0.926,52.8,74.3,1.3474,0.0,3.007,4.091,53 285 274 358
glutamic,8,serine,32,6,5,2,3.34,4.585,-0.926,52.8,74.3,0.0,0.0,1.833,4.091,6 241 315 357 234 326
glutamic,8,serine,32,6,5,3,3.34,4.585,-0.926,52.8,74.3,0.0,0.0,0.735,4.091,310 297 290 76 100 307 250 128
glutamic,8,serine,32,6,5,4,3.34,4.585,-0.926,52.8,74.3,0.0,0.0,1.629,4.091,353 1 336 58 67 281 264 57 106 229
glutamic,8,serine,32,7,3,1,3.34,2.918,-0.926,82.8,63.6,2.2926,0.0,3.947,0.284,55 103 13 8
glutamic,8,serine,32,7,3,2,3.34,2.918,-0.926,82.8,63.6,1.0977,0.0,3.947,0.4,99 97 4 44 120 2
glutamic,8,serine,32,7,3,3,3.34,2.918,-0.926,82.8,63.6,0.0,0.0,3.947,0.814,105 129 351 267 285 240 315 342
glutamic,8,serine,32,7,3,4,3.34,2.918,-0.926,82.8,63.6,0.0,0.0,3.557,2.616,325 14 296 73 61 210 328 103 80 337
glutamic,8,serine,32,7,4,1,3.34,3.787,-0.926,120.8,32.3,1.7285,0.0,3.947,0.567,50 90 348 349
glutamic,8,serine,32,7,4,2,3.34,3.787,-0.926,120.8,32.3,0.4398,0.0,3.947,0.665,88 75 353 292 266 357
glutamic,8,serine,32,7,4,3,3.34,3.787,-0.926,120.8,32.3,0.0,0.0,3.947,2.616,309 312 18 159 7 76 58 354
glutamic,8,serine,32,7,4,4,3.34,3.787,-0.926,120.8,32.3,0.0,0.0,3.947,2.419,229 41 276 23 131 184 54 214 320 303
glutamic,8,serine,32,7,5,1,3.34,3.517,-0.926,90.9,43.4,1.8138,0.0,3.947,2.616,308 266 349 352
glutamic,8,serine,32,7,5,2,3.34,3.517,-0.926,90.9,43.4,0.5705,0.0,3.947,2.616,269 272 355 303 254 357
glutamic,8,serine,32,7,5,3,3.34,3.517,-0.926,90.9,43.4,0.0,0.0,3.947,1.825,215 312 333 302 253 40 139 249
glutamic,8,serine,32,7,5,4,3.34,3.517,-0.926,90.9,43.4,0.0,0.0,3.66,2.061,39 10 33 290 351 113 33 281 250 27
leucine,5,tryptophan,2,1,16,1,10.091,10.389,-0.581,32.8,126.2,5.2495,0.0,1.614,5.151,359 0 170 20
leucine,5,tryptophan,2,1,16,2,10.091,10.389,-0.581,32.8,126.2,1.6715,0.0,1.686,4.097,2 360 206 311 175 177
leucine,5,tryptophan,2,1,16,3,10.091,10.389,-0.581,32.8,126.2,0.0,0.0,2.314,4.596,314 91 123 294 266 201 225 191
leucine,5,tryptophan,2,1,16,4,10.091,10.389,-0.581,32.8,126.2,0.0,0.0,2.304,4.654,329 288 359 252 224 44 70 162 121 163
leucine,5,tryptophan,2,1,17,1,10.091,12.724,-0.581,33.9,25.3,7.34,0.0,1.727,4.881,6 360 165 39
leucine,5,tryptophan,2,1,17,2,10.091,12.724,-0.581,33.9,25.3,3.8397,0.0,1.707,4.108,8 359 211 299 171 175
leucine,5,tryptophan,2,1,17,3,10.091,12.724,-0.581,33.9,25.3,0.6185,0.0,1.583,5.214,358 360 218 276 177 178 119 147
leucine,5,tryptophan,2,1,17,4,10.091,12.724,-0.581,33.9,25.3,0.0,0.0,1.2,5.434,325 354 191 200 54 191 212 178 92 145
leucine,5,tryptophan,2,1,18,1,10.091,11.05,-0.581,37.3,97.8,5.5381,0.0,1.438,4.522,20 360 196 317
leucine,5,tryptophan,2,1,18,2,10.091,11.05,-0.581,37.3,97.8,2.0206,0.0,1.468,3.52,18 1 149 61 191 186
leucine,5,tryptophan,2,1,18,3,10.091,11.05,-0.581,37.3,97.8,0.0,0.0,1.791,2.077,17 323 251 50 96 221 206 184
leucine,5,tryptophan,2,1,18,4,10.091,11.05,-0.581,37.3,97.8,0.0,0.0,2.243,0.378,84 289 258 75 103 220 200 131 141 190
leucine,5,tryptophan,2,2,16,1,10.091,9.367,-0.581,76.8,129.9,2.2016,0.0,2.897,2.108,319 19 196 192
leucine,5,tryptophan,2,2,16,2,10.091,9.367,-0.581,76.8,129.9,0.0,0.0,1.817,1.836,5 352 112 16 303 150
leucine,5,tryptophan,2,2,16,3,10.091,9.367,-0.581,76.8,129.9,0.0,0.0,2.548,3.179,13 184 12 319 138 43 59 214
leucine,5,tryptophan,2,2,16,4,10.091,9.367,-0.581,76.8,129.9,0.0,0.0,2.398,0.317,344 351 29 354 323 89 129 259 228 156
leucine,5,tryptophan,2,2,17,1,10.091,11.778,-0.581,75.3,25.3,4.5752,0.0,2.874,2.153,322 12 188 186
leucine,5,tryptophan,2,2,17,2,10.091,11.778,-0.581,75.3,25.3,1.074,0.0,2.805,2.313,320 24 202 196 215 204
leucine,5,tryptophan,2,2,17,3,10.091,11.778,-0.581,75.3,25.3,0.0952,0.0,2.58,2.555,324 62 180 180 231 211 360 180
leucine,5,tryptophan,2,2,17,4,10.091,11.778,-0.581,75.3,25.3,0.0,0.0,2.418,0.618,46 276 120 67 177 123 107 156 296 257
leucine,5,tryptophan,2,2,18,1,10.091,10.421,-0.581,65.2,85.6,3.4182,0.0,2.937,1.71,326 1 161 135
leucine,5,tryptophan,2,2,18,2,10.091,10.421,-0.581,65.2,85.6,0.0847,0.0,2.922,1.225,320 4 151 89 242 199
leucine,5,tryptophan,2,2,18,3,10.091,10.421,-0.581,65.2,85.6,0.0,0.0,1.84,0.34,319 41 83 337 297 102 135 213
leucine,5,tryptophan,2,2,18,4,10.091,10.421,-0.581,65.2,85.6,0.0,0.0,2.222,0.992,312 37 72 317 291 118 141 257 235 158
leucine,5,tryptophan,2,13,16,1,10.091,9.365,-0.581,76.9,115.8,2.0915,0.0,2.446,1.648,13 24 179 180
leucine,5,tryptophan,2,13,16,2,10.091,9.365,-0.581,76.9,115.8,0.0,0.0,1.543,1.507,356 6 249 342 58 213
leucine,5,tryptophan,2,13,16,3,10.091,9.365,-0.581,76.9,115.8,0.0,0.0,2.903,1.323,40 108 65 1 72 70 330 51
leucine,5,tryptophan,2,13,16,4,10.091,9.365,-0.581,76.9,115.8,0.0,0.0,2.532,0.523,38 340 301 27 54 257 232 88 116 208
leucine,5,tryptophan,2,13,17,1,10.091,11.594,-0.581,82.2,15.1,4.3587,0.0,2.633,1.194,46 322 181 181
leucine,5,tryptophan,2,13,17,2,10.091,11.594,-0.581,82.2,15.1,1.173,0.0,1.945,1.909,9 5 198 205 112 157
leucine,5,tryptophan,2,13,17,3,10.091,11.594,-0.581,82.2,15.1,0.3835,0.0,1.362,2.321,352 0 175 167 128 168 0 180
leucine,5,tryptophan,2,13,17,4,10.091,11.594,-0.581,82.2,15.1,0.0,0.0,2.903,1.396,41 13 193 346 88 196 275 178 49 188
leucine,5,tryptophan,2,13,18,1,10.091,9.835,-0.581,87.1,96.6,2.5733,0.0,2.555,1.146,45 309 174 176
leucine,5,tryptophan,2,13,18,2,10.091,9.835,-0.581,87.1,96.6,0.0,0.0,2.297,0.808,322 89 200 272 176 184
leucine,5,tryptophan,2,13,18,3,10.091,9.835,-0.581,87.1,96.6,0.0,0.0,2.308,1.214,320 169 104 227 264 40 310 99
leucine,5,tryptophan,2,13,18,4,10.091,9.835,-0.581,87.1,96.6,0.0,0.0,1.477,0.929,15 27 341 0 32 256 230 101 126 207
leucine,5,tyrosine,0,1,8,1,4.436,6.295,0.027,45.8,58.2,0.9425,0.0,2.923,5.434,260 1 177 1
leucine,5,tyrosine,0,1,8,2,4.436,6.295,0.027,45.8,58.2,0.0,0.0,1.851,4.752,298 68 82 297 228 106
leucine,5,tyrosine,0,1,8,3,4.436,6.295,0.027,45.8,58.2,0.0,0.0,2.164,5.428,340 58 52 286 241 88 176 239
leucine,5,tyrosine,0,1,8,4,4.436,6.295,0.027,45.8,58.2,0.0,0.0,2.585,5.434,296 183 6 241 234 298 302 297 329 351
leucine,5,tyrosine,0,1,9,1,4.436,4.666,0.027,37.1,122.7,2.0786,0.0,2.923,5.434,232 334 215 359
leucine,5,tyrosine,0,1,9,2,4.436,4.666,0.027,37.1,122.7,0.0,0.0,2.79,5.434,262 93 41 335 233 14
leucine,5,tyrosine,0,1,9,3,4.436,4.666,0.027,37.1,122.7,0.0,0.0,1.594,5.434,307 55 39 288 273 66 148 255
leucine,5,tyrosine,0,1,9,4,4.436,4.666,0.027,37.1,122.7,0.0,0.0,1.141,5.434,326 7 43 295 262 94 126 264 239 160
leucine,5,tyrosine,0,1,10,1,4.436,5.189,0.027,28.8,99.3,2.5683,0.0,2.215,5.434,284 5 172 2
leucine,5,tyrosine,0,1,10,2,4.436,5.189,0.027,28.8,99.3,0.0,0.0,2.503,4.505,287 100 75 319 208 58
leucine,5,tyrosine,0,1,10,3,4.436,5.189,0.027,28.8,99.3,0.0,0.0,1.878,4.178,355 52 58 287 275 75 127 237
leucine,5,tyrosine,0,1,10,4,4.436,5.189,0.027,28.8,99.3,0.0,0.0,2.203,1.835,35 236 295 307 289 55 64 276 244 141
leucine,5,tyrosine,0,2,8,1,4.436,3.996,0.027,146.8,50.0,1.4226,0.0,1.968,4.495,18 61 338 351
leucine,5,tyrosine,0,2,8,2,4.436,3.996,0.027,146.8,50.0,0.0,0.0,3.028,4.495,96 31 4 337 214 337
leucine,5,tyrosine,0,2,8,3,4.436,3.996,0.027,146.8,50.0,0.0,0.0,3.028,4.486,192 26 9 266 269 40 121 269
leucine,5,tyrosine,0,2,8,4,4.436,3.996,0.027,146.8,50.0,0.0,0.0,2.874,3.414,76 162 8 297 144 9 178 338 208 32
leucine,5,tyrosine,0,2,9,1,4.436,2.204,0.027,145.0,118.8,2.6907,0.0,2.047,3.325,259 320 5 3
leucine,5,tyrosine,0,2,9,2,4.436,2.204,0.027,145.0,118.8,1.6906,0.0,3.028,4.495,180 326 0 4 174 0
leucine,5,tyrosine,0,2,9,3,4.436,2.204,0.027,145.0,118.8,0.0,0.0,3.028,4.495,205 296 29 133 47 47 95 359
leucine,5,tyrosine,0,2,9,4,4.436,2.204,0.027,145.0,118.8,0.0,0.0,2.013,4.495,77 311 337 305 310 64 68 310 250 106
leucine,5,tyrosine,0,2,10,1,4.436,3.129,0.027,109.6,79.9,1.9209,0.0,1.983,3.673,17 62 10 7
leucine,5,tyrosine,0,2,10,2,4.436,3.129,0.027,109.6,79.9,0.8902,0.0,2.668,3.956,61 67 7 49 113 4
leucine,5,tyrosine,0,2,10,3,4.436,3.129,0.027,109.6,79.9,0.0,0.0,2.165,4.069,87 60 29 236 314 20 141 268
leucine,5,tyrosine,0,2,10,4,4.436,3.129,0.027,109.6,79.9,0.0,0.0,2.269,4.495,130 95 21 224 262 20 223 7 65 111
leucine,5,tyrosine,0,13,8,1,4.436,6.156,0.027,51.6,36.0,1.3701,0.0,2.829,2.88,111 43 106 20
leucine,5,tyrosine,0,13,8,2,4.436,6.156,0.027,51.6,36.0,0.2666,0.0,2.903,3.16,148 33 98 78 60 71
leucine,5,tyrosine,0,13,8,3,4.436,6.156,0.027,51.6,36.0,0.0,0.0,2.903,3.16,194 12 101 296 272 51 84 221
leucine,5,tyrosine,0,13,8,4,4.436,6.156,0.027,51.6,36.0,0.0,0.0,1.97,0.957,5 77 70 70 134 282 289 90 53 172
leucine,5,tyrosine,0,13,9,1,4.436,3.984,0.027,63.2,123.9,1.1571,0.0,2.9,2.798,106 106 55 359
leucine,5,tyrosine,0,13,9,2,4.436,3.984,0.027,63.2,123.9,0.2752,0.0,1.382,0.792,56 217 21 54 88 12
leucine,5,tyrosine,0,13,9,3,4.436,3.984,0.027,63.2,123.9,0.0,0.0,2.155,0.536,30 289 353 88 95 308 163 56
leucine,5,tyrosine,0,13,9,4,4.436,3.984,0.027,63.2,123.9,0.0,0.0,2.209,1.257,10 17 335 57 89 276 246 87 113 202
leucine,5,tyrosine,0,13,10,1,4.436,4.662,0.027,52.3,93.7,1.2517,0.0,2.128,0.925,68 290 274 356
leucine,5,tyrosine,0,13,10,2,4.436,4.662,0.027,52.3,93.7,0.0,0.0,1.779,0.616,23 258 344 25 135 315
leucine,5,tyrosine,0,13,10,3,4.436,4.662,0.027,52.3,93.7,0.0,0.0,1.533,0.382,338 317 310 77 91 285 232 123
leucine,5,tyrosine,0,13,10,4,4.436,4.662,0.027,52.3,93.7,0.0,0.0,1.14,1.716,334 102 48 77 93 300 278 68 119 230
leucine,5,phenylalanine,4,1,12,1,7.729,7.667,0.681,37.8,129.7,2.7611,0.0,1.144,5.434,326 3 165 21
leucine,5,phenylalanine,4,1,12,2,7.729,7.667,0.681,37.8,129.7,0.0,0.0,1.675,3.933,0 29 151 346 122 115
leucine,5,phenylalanine,4,1,12,3,7.729,7.667,0.681,37.8,129.7,0.0,0.0,2.307,3.442,327 103 45 264 271 93 202 288
leucine,5,phenylalanine,4,1,12,4,7.729,7.667,0.681,37.8,129.7,0.0,0.0,1.452,3.724,46 184 267 102 63 93 132 330 297 140
leucine,5,phenylalanine,4,1,13,1,7.729,8.914,0.681,50.4,77.9,2.7082,0.0,1.234,5.434,320 360 156 75
leucine,5,phenylalanine,4,1,13,2,7.729,8.914,0.681,50.4,77.9,0.0,0.0,1.317,3.547,323 347 170 336 322 218
leucine,5,phenylalanine,4,1,13,3,7.729,8.914,0.681,50.4,77.9,0.0,0.0,1.604,4.448,12 39 62 299 261 114 163 213
leucine,5,phenylalanine,4,1,13,4,7.729,8.914,0.681,50.4,77.9,0.0,0.0,1.373,2.739,314 39 62 302 274 106 140 287 249 150
leucine,5,phenylalanine,4,1,14,1,7.729,8.485,0.681,53.2,93.9,2.1777,0.0,1.163,5.434,338 0 206 278
leucine,5,phenylalanine,4,1,14,2,7.729,8.485,0.681,53.2,93.9,0.0,0.0,1.715,5.434,358 32 102 331 288 150
leucine,5,phenylalanine,4,1,14,3,7.729,8.485,0.681,53.2,93.9,0.0,0.0,1.425,5.284,17 17 61 329 283 81 124 211
leucine,5,phenylalanine,4,1,14,4,7.729,8.485,0.681,53.2,93.9,0.0,0.0,1.548,5.434,352 8 50 335 302 92 123 255 230 158
leucine,5,phenylalanine,4,2,12,1,7.729,6.431,0.681,86.7,140.1,0.0,0.0,2.051,2.998,357 68 79 229
leucine,5,phenylalanine,4,2,12,2,7.729,6.431,0.681,86.7,140.1,0.0,0.0,2.488,1.893,25 81 345 7 256 45
leucine,5,phenylalanine,4,2,12,3,7.729,6.431,0.681,86.7,140.1,0.0,0.0,1.644,4.084,31 33 129 59 48 43 68 65
leucine,5,phenylalanine,4,2,12,4,7.729,6.431,0.681,86.7,140.1,0.0,0.0,2.684,0.51,308 322 38 34 359 86 97 327 252 110
leucine,5,phenylalanine,4,2,13,1,7.729,7.741,0.681,95.2,81.6,0.525,0.0,2.71,2.728,328 85 151 164
leucine,5,phenylalanine,4,2,13,2,7.729,7.741,0.681,95.2,81.6,0.0,0.0,3.028,1.771,289 150 119 34 97 164
leucine,5,phenylalanine,4,2,13,3,7.729,7.741,0.681,95.2,81.6,0.0,0.0,1.967,0.59,301 47 268 128 303 151 66 31
leucine,5,phenylalanine,4,2,13,4,7.729,7.741,0.681,95.2,81.6,0.0,0.0,2.094,4.495,12 70 187 110 314 346 175 209 353 307
leucine,5,phenylalanine,4,2,14,1,7.729,7.866,0.681,77.0,77.0,0.6948,0.0,1.634,4.348,22 338 151 154
leucine,5,phenylalanine,4,2,14,2,7.729,7.866,0.681,77.0,77.0,0.0,0.0,2.449,4.495,30 75 69 174 309 155
leucine,5,phenylalanine,4,2,14,3,7.729,7.866,0.681,77.0,77.0,0.0,0.0,2.0,3.922,345 49 210 84 344 103 49 354
leucine,5,phenylalanine,4,2,14,4,7.729,7.866,0.681,77.0,77.0,0.0,0.0,1.575,4.495,3 28 265 138 256 141 47 38 128 243
leucine,5,phenylalanine,4,13,12,1,7.729,7.249,0.681,56.3,146.9,1.1088,0.0,2.657,1.419,33 359 214 283
leucine,5,phenylalanine,4,13,12,2,7.729,7.249,0.681,56.3,146.9,0.0,0.0,1.382,1.696,351 317 268 69 105 213
leucine,5,phenylalanine,4,13,12,3,7.729,7.249,0.681,56.3,146.9,0.0,0.0,2.903,0.837,56 100 359 285 352 260 261 156
leucine,5,phenylalanine,4,13,12,4,7.729,7.249,0.681,56.3,146.9,0.0,0.0,1.99,0.514,13 0 321 25 52 274 250 89 119 211
leucine,5,phenylalanine,4,13,13,1,7.729,9.044,0.681,44.5,67.4,3.2224,0.0,2.903,1.37,41 359 200 309
leucine,5,phenylalanine,4,13,13,2,7.729,9.044,0.681,44.5,67.4,0.2334,0.0,2.903,1.936,64 359 188 343 107 157
leucine,5,phenylalanine,4,13,13,3,7.729,9.044,0.681,44.5,67.4,0.0,0.0,2.903,1.007,57 309 279 42 79 261 226 143
leucine,5,phenylalanine,4,13,13,4,7.729,9.044,0.681,44.5,67.4,0.0,0.0,2.588,1.156,42 331 296 50 76 248 225 108 129 201
leucine,5,phenylalanine,4,13,14,1,7.729,8.558,0.681,50.1,85.4,2.3879,0.0,2.205,1.801,19 0 157 68
leucine,5,phenylalanine,4,13,14,2,7.729,8.558,0.681,50.1,85.4,0.0,0.0,1.735,1.921,333 49 195 286 229 230
leucine,5,phenylalanine,4,13,14,3,7.729,8.558,0.681,50.1,85.4,0.0,0.0,1.212,0.785,327 350 291 12 75 323 275 152
leucine,5,phenylalanine,4,13,14,4,7.729,8.558,0.681,50.1,85.4,0.0,0.0,2.193,2.262,288 359 274 87 103 228 213 123 138 196
leucine,5,lysine,1,1,13,1,12.803,13.925,-0.393,52.2,75.0,7.4359,0.0,1.801,5.434,299 360 205 256
leucine,5,lysine,1,1,13,2,12.803,13.925,-0.393,52.2,75.0,3.8952,0.0,0.933,4.201,299 360 141 104 179 179
leucine,5,lysine,1,1,13,3,12.803,13.925,-0.393,52.2,75.0,0.2441,0.0,0.64,3.889,305 0 138 99 182 181 168 170
leucine,5,lysine,1,1,13,4,12.803,13.925,-0.393,52.2,75.0,0.0,0.0,1.809,1.378,277 79 118 287 223 165 185 286 289 168
leucine,5,lysine,1,1,14,1,12.803,14.843,-0.393,59.0,34.5,8.0548,0.0,2.038,5.434,292 359 157 130
leucine,5,lysine,1,1,14,2,12.803,14.843,-0.393,59.0,34.5,4.5051,0.0,1.02,5.023,292 359 218 241 175 177
leucine,5,lysine,1,1,14,3,12.803,14.843,-0.393,59.0,34.5,0.8397,0.0,1.321,5.355,292 358 214 236 169 174 161 163
leucine,5,lysine,1,1,14,4,12.803,14.843,-0.393,59.0,34.5,0.0,0.0,2.082,5.434,294 353 142 129 220 144 302 196 309 228
leucine,5,lysine,1,1,15,1,12.803,13.652,-0.393,51.5,85.2,7.2064,0.0,2.247,5.434,285 0 155 101
leucine,5,lysine,1,1,15,2,12.803,13.652,-0.393,51.5,85.2,3.6635,0.0,1.191,4.113,285 0 219 257 182 181
leucine,5,lysine,1,1,15,3,12.803,13.652,-0.393,51.5,85.2,0.0414,0.0,1.456,3.425,278 358 224 269 169 172 205 199
leucine,5,lysine,1,1,15,4,12.803,13.652,-0.393,51.5,85.2,0.0,0.0,1.531,3.943,298 40 78 306 286 150 164 220 211 170
leucine,5,lysine,1,2,13,1,12.803,12.251,-0.393,118.1,72.6,5.0011,0.0,1.147,3.335,42 249 184 183
leucine,5,lysine,1,2,13,2,12.803,12.251,-0.393,118.1,72.6,1.2702,0.0,0.427,2.824,330 111 173 177 176 176
leucine,5,lysine,1,2,13,3,12.803,12.251,-0.393,118.1,72.6,0.0,0.0,2.294,0.881,5 111 316 128 215 172 48 135
leucine,5,lysine,1,2,13,4,12.803,12.251,-0.393,118.1,72.6,0.0,0.0,2.176,1.979,332 322 289 359 24 247 209 42 64 207
leucine,5,lysine,1,2,14,1,12.803,13.173,-0.393,125.4,30.6,5.9227,0.0,1.638,3.155,335 123 180 180
leucine,5,lysine,1,2,14,2,12.803,13.173,-0.393,125.4,30.6,2.188,0.0,0.949,3.049,44 235 182 181 181 181
leucine,5,lysine,1,2,14,3,12.803,13.173,-0.393,125.4,30.6,0.283,0.0,2.526,4.495,2 131 191 185 187 187 311 199
leucine,5,lysine,1,2,14,4,12.803,13.173,-0.393,125.4,30.6,0.0,0.0,2.178,4.495,37 54 301 52 331 220 196 153 64 140
leucine,5,lysine,1,2,15,1,12.803,11.726,-0.393,129.6,92.2,4.4627,0.0,1.875,3.519,38 230 178 179
leucine,5,lysine,1,2,15,2,12.803,11.726,-0.393,129.6,92.2,0.7384,0.0,1.838,2.951,333 134 181 181 181 181
leucine,5,lysine,1,2,15,3,12.803,11.726,-0.393,129.6,92.2,0.0,0.0,1.648,3.493,88 188 228 68 81 199 129 123
leucine,5,lysine,1,2,15,4,12.803,11.726,-0.393,129.6,92.2,0.0,0.0,2.342,0.495,56 244 223 61 77 231 213 82 94 195
leucine,5,lysine,1,13,13,1,12.803,14.062,-0.393,45.8,79.8,7.9052,0.0,2.903,1.919,63 360 156 86
leucine,5,lysine,1,13,13,2,12.803,14.062,-0.393,45.8,79.8,4.3776,0.0,2.687,0.912,63 360 218 269 177 178
leucine,5,lysine,1,13,13,3,12.803,14.062,-0.393,45.8,79.8,0.6791,0.0,1.734,1.168,61 1 214 268 195 187 190 189
leucine,5,lysine,1,13,13,4,12.803,14.062,-0.393,45.8,79.8,0.0,0.0,2.016,0.666,27 324 284 53 80 221 195 168 181 188
leucine,5,lysine,1,13,14,1,12.803,15.236,-0.393,40.9,25.7,9.3502,0.0,2.903,2.107,73 360 203 287
leucine,5,lysine,1,13,14,2,12.803,15.236,-0.393,40.9,25.7,5.8275,0.0,2.302,1.399,73 360 143 83 179 180
leucine,5,lysine,1,13,14,3,12.803,15.236,-0.393,40.9,25.7,2.0887,0.0,0.749,1.676,73 360 212 280 177 178 178 178
leucine,5,lysine,1,13,14,4,12.803,15.236,-0.393,40.9,25.7,0.4578,0.0,2.808,2.592,95 359 151 71 169 174 173 173 49 161
leucine,5,lysine,1,13,15,1,12.803,13.723,-0.393,48.3,92.5,7.4506,0.0,2.903,2.154,75 0 205 267
leucine,5,lysine,1,13,15,2,12.803,13.723,-0.393,48.3,92.5,3.9269,0.0,2.903,1.034,75 1 142 94 185 183
leucine,5,lysine,1,13,15,3,12.803,13.723,-0.393,48.3,92.5,0.1923,0.0,2.228,1.508,77 359 146 95 172 176 174 174
leucine,5,lysine,1,13,15,4,12.803,13.723,-0.393,48.3,92.5,0.0,0.0,1.883,0.943,80 269 296 53 101 197 171 123 153 211
leucine,5,aspartic,21,1,3,1,14.333,16.661,-0.872,33.6,46.3,11.1553,0.0,1.179,5.434,324 360 162 52
leucine,5,aspartic,21,1,3,2,14.333,16.661,-0.872,33.6,46.3,7.6682,0.0,1.174,4.219,324 360 214 290 176 177
leucine,5,aspartic,21,1,3,3,14.333,16.661,-0.872,33.6,46.3,3.9498,0.0,1.175,3.443,324 360 150 68 175 177 175 176
leucine,5,aspartic,21,1,3,4,14.333,16.661,-0.872,33.6,46.3,0.3963,0.0,1.177,3.783,324 359 147 78 171 175 169 170 160 167
leucine,5,aspartic,21,1,4,1,14.333,16.415,-0.872,25.5,57.4,11.4577,0.0,1.13,5.434,330 360 186 345
leucine,5,aspartic,21,1,4,2,14.333,16.415,-0.872,25.5,57.4,7.9144,0.0,1.131,3.352,330 360 152 52 180 180
leucine,5,aspartic,21,1,4,3,14.333,16.415,-0.872,25.5,57.4,4.266,0.0,1.127,2.543,332 359 203 315 170 174 171 172
leucine,5,aspartic,21,1,4,4,14.333,16.415,-0.872,25.5,57.4,0.6937,0.0,1.15,2.947,338 359 203 318 165 171 160 164 161 167
leucine,5,aspartic,21,1,5,1,14.333,14.552,-0.872,31.4,133.4,9.2608,0.0,1.127,5.434,332 360 194 324
leucine,5,aspartic,21,1,5,2,14.333,14.552,-0.872,31.4,133.4,5.7467,0.0,1.128,3.75,331 0 149 61 182 181
leucine,5,aspartic,21,1,5,3,14.333,14.552,-0.872,31.4,133.4,2.0839,0.0,1.128,3.034,331 360 208 303 177 178 176 177
leucine,5,aspartic,21,1,5,4,14.333,14.552,-0.872,31.4,133.4,0.0,0.0,2.174,2.974,286 81 126 283 249 171 186 182 185 184
leucine,5,aspartic,21,2,3,1,14.333,15.041,-0.872,101.1,43.4,7.7859,0.0,3.028,1.229,303 80 181 181
leucine,5,aspartic,21,2,3,2,14.333,15.041,-0.872,101.1,43.4,4.0916,0.0,2.555,1.348,12 282 179 179 179 179
leucine,5,aspartic,21,2,3,3,14.333,15.041,-0.872,101.1,43.4,0.6406,0.0,2.442,1.927,19 281 188 184 185 184 153 164
leucine,5,aspartic,21,2,3,4,14.333,15.041,-0.872,101.1,43.4,0.0,0.0,2.555,2.796,52 264 200 173 298 197 136 101 308 200
leucine,5,aspartic,21,2,4,1,14.333,14.729,-0.872,99.1,57.6,7.4691,0.0,2.612,1.368,6 283 180 180
leucine,5,aspartic,21,2,4,2,14.333,14.729,-0.872,99.1,57.6,3.7766,0.0,3.028,1.114,299 74 184 182 184 183
leucine,5,aspartic,21,2,4,3,14.333,14.729,-0.872,99.1,57.6,0.3281,0.0,1.873,0.577,294 68 180 180 180 180 216 200
leucine,5,aspartic,21,2,4,4,14.333,14.729,-0.872,99.1,57.6,0.0,0.0,1.794,0.687,353 24 68 329 323 144 184 233 223 180
leucine,5,aspartic,21,2,5,1,14.333,13.028,-0.872,95.8,125.4,5.7838,0.0,3.028,1.415,303 71 178 179
leucine,5,aspartic,21,2,5,2,14.333,13.028,-0.872,95.8,125.4,2.1635,0.0,2.597,1.326,7 294 165 172 165 167
leucine,5,aspartic,21,2,5,3,14.333,13.028,-0.872,95.8,125.4,0.0,0.0,1.459,2.046,11 21 100 209 221 157 252 249
leucine,5,aspartic,21,2,5,4,14.333,13.028,-0.872,95.8,125.4,0.0,0.0,2.161,0.604,338 38 70 334 319 129 159 241 226 165
leucine,5,aspartic,21,13,3,1,14.333,15.905,-0.872,68.5,38.1,8.7249,0.0,2.903,1.418,46 360 179 178
leucine,5,aspartic,21,13,3,2,14.333,15.905,-0.872,68.5,38.1,5.2323,0.0,2.903,0.849,43 2 212 215 186 184
leucine,5,aspartic,21,13,3,3,14.333,15.905,-0.872,68.5,38.1,1.4802,0.0,2.505,0.99,43 2 204 209 192 187 187 187
leucine,5,aspartic,21,13,3,4,14.333,15.905,-0.872,68.5,38.1,0.085,0.0,2.756,1.385,34 2 217 247 193 188 199 196 18 171
leucine,5,aspartic,21,13,4,1,14.333,15.307,-0.872,77.4,65.2,8.0997,0.0,2.903,1.311,60 336 176 178
leucine,5,aspartic,21,13,4,2,14.333,15.307,-0.872,77.4,65.2,4.3568,0.0,2.903,1.199,46 0 180 180 180 180
leucine,5,aspartic,21,13,4,3,14.333,15.307,-0.872,77.4,65.2,0.7305,0.0,1.755,1.093,62 334 178 179 166 169 179 179
leucine,5,aspartic,21,13,4,4,14.333,15.307,-0.872,77.4,65.2,0.0,0.0,2.102,0.529,3 23 260 99 9 226 191 161 183 183
leucine,5,aspartic,21,13,5,1,14.333,13.679,-0.872,71.3,131.1,6.4748,0.0,2.903,1.384,44 358 175 175
leucine,5,aspartic,21,13,5,2,14.333,13.679,-0.872,71.3,131.1,2.9196,0.0,2.903,1.047,40 2 208 210 186 184
leucine,5,aspartic,21,13,5,3,14.333,13.679,-0.872,71.3,131.1,0.0,0.0,2.692,0.469,21 52 199 237 207 195 238 183
leucine,5,aspartic,21,13,5,4,14.333,13.679,-0.872,71.3,131.1,0.0,0.0,2.903,0.746,59 290 265 48 74 212 188 105 122 199
leucine,5,glutamic,8,1,5,1,9.923,11.282,-0.333,27.5,80.5,6.5057,0.0,2.923,5.434,261 360 185 351
leucine,5,glutamic,8,1,5,2,9.923,11.282,-0.333,27.5,80.5,2.8197,0.0,2.923,3.878,261 360 156 43 178 179
leucine,5,glutamic,8,1,5,3,9.923,11.282,-0.333,27.5,80.5,0.087,0.0,2.047,1.236,292 359 183 357 158 141 277 201
leucine,5,glutamic,8,1,5,4,9.923,11.282,-0.333,27.5,80.5,0.0,0.0,1.966,0.3,352 56 110 282 213 121 165 199 176 160
leucine,5,glutamic,8,1,6,1,9.923,9.966,-0.333,37.8,136.9,4.5386,0.0,2.923,5.434,252 0 163 39
leucine,5,glutamic,8,1,6,2,9.923,9.966,-0.333,37.8,136.9,0.9828,0.0,2.923,4.167,255 359 209 303 172 175
leucine,5,glutamic,8,1,6,3,9.923,9.966,-0.333,37.8,136.9,0.0,0.0,1.622,3.254,297 50 133 266 196 128 156 194
leucine,5,glutamic,8,1,6,4,9.923,9.966,-0.333,37.8,136.9,0.0,0.0,2.308,1.731,337 263 306 254 232 108 103 206 201 171
leucine,5,glutamic,8,1,7,1,9.923,10.994,-0.333,38.7,91.2,5.3922,0.0,2.703,5.434,272 360 198 312
leucine,5,glutamic,8,1,7,2,9.923,10.994,-0.333,38.7,91.2,1.839,0.0,2.741,3.79,270 0 147 66 185 183
leucine,5,glutamic,8,1,7,3,9.923,10.994,-0.333,38.7,91.2,0.0,0.0,1.787,2.561,295 62 127 258 205 142 168 188
leucine,5,glutamic,8,1,7,4,9.923,10.994,-0.333,38.7,91.2,0.0,0.0,1.293,3.365,311 28 67 302 274 129 148 221 210 169
leucine,5,glutamic,8,2,5,1,9.923,8.908,-0.333,129.4,78.7,1.6273,0.0,2.742,2.127,355 229 185 183
leucine,5,glutamic,8,2,5,2,9.923,8.908,-0.333,129.4,78.7,0.0,0.0,2.662,2.363,290 36 326 145 312 237
leucine,5,glutamic,8,2,5,3,9.923,8.908,-0.333,129.4,78.7,0.0,0.0,1.855,4.107,206 169 158 244 250 124 143 206
leucine,5,glutamic,8,2,5,4,9.923,8.908,-0.333,129.4,78.7,0.0,0.0,3.028,0.909,305 95 121 341 323 97 128 271 240 153
leucine,5,glutamic,8,2,6,1,9.923,7.529,-0.333,143.5,138.7,0.2432,0.0,2.932,3.139,342 202 180 180
leucine,5,glutamic,8,2,6,2,9.923,7.529,-0.333,143.5,138.7,0.0,0.0,3.028,1.912,273 177 99 324 323 15
leucine,5,glutamic,8,2,6,3,9.923,7.529,-0.333,143.5,138.7,0.0,0.0,2.493,4.495,38 154 198 320 315 57 96 243
leucine,5,glutamic,8,2,6,4,9.923,7.529,-0.333,143.5,138.7,0.0,0.0,2.849,4.07,347 110 176 339 326 55 94 341 264 134
leucine,5,glutamic,8,2,7,1,9.923,8.721,-0.333,134.0,85.6,1.4321,0.0,3.028,2.302,304 137 181 181
leucine,5,glutamic,8,2,7,2,9.923,8.721,-0.333,134.0,85.6,0.0,0.0,2.514,2.988,43 178 216 148 87 206
leucine,5,glutamic,8,2,7,3,9.923,8.721,-0.333,134.0,85.6,0.0,0.0,3.028,0.373,273 129 115 311 306 81 143 251
leucine,5,glutamic,8,2,7,4,9.923,8.721,-0.333,134.0,85.6,0.0,0.0,1.964,1.839,76 322 22 150 111 31 87 51 339 117
leucine,5,glutamic,8,13,5,1,9.923,10.232,-0.333,75.1,91.1,3.0669,0.0,2.903,2.533,92 343 163 166
leucine,5,glutamic,8,13,5,2,9.923,10.232,-0.333,75.1,91.1,0.0,0.0,2.903,1.206,65 6 181 211 77 140
leucine,5,glutamic,8,13,5,3,9.923,10.232,-0.333,75.1,91.1,0.0,0.0,1.977,2.434,131 216 217 141 149 241 228 164
leucine,5,glutamic,8,13,5,4,9.923,10.232,-0.333,75.1,91.1,0.0,0.0,2.903,2.934,159 196 300 87 107 287 156 41 24 186
leucine,5,glutamic,8,13,6,1,9.923,9.239,-0.333,69.0,134.8,2.1901,0.0,2.903,2.47,89 1 203 216
leucine,5,glutamic,8,13,6,2,9.923,9.239,-0.333,69.0,134.8,0.0,0.0,2.903,2.572,127 258 214 117 142 192
leucine,5,glutamic,8,13,6,3,9.923,9.239,-0.333,69.0,134.8,0.0,0.0,2.263,2.791,146 217 217 137 140 250 240 164
leucine,5,glutamic,8,13,6,4,9.923,9.239,-0.333,69.0,134.8,0.0,0.0,2.45,2.185,93 38 17 338 8 291 248 33 78 235
leucine,5,glutamic,8,13,7,1,9.923,10.485,-0.333,61.4,81.7,3.6354,0.0,2.903,2.257,80 1 157 121
leucine,5,glutamic,8,13,7,2,9.923,10.485,-0.333,61.4,81.7,0.1705,0.0,2.903,1.468,74 2 148 99 210 193
leucine,5,glutamic,8,13,7,3,9.923,10.485,-0.333,61.4,81.7,0.0,0.0,2.502,0.9,36 275 298 74 100 190 124 104
leucine,5,glutamic,8,13,7,4,9.923,10.485,-0.333,61.4,81.7,0.0,0.0,1.129,0.497,337 346 286 68 114 261 211 178 178 181
leucine,5,serine,4,1,3,1,4.321,4.735,-0.859,38.3,114.6,1.9691,0.0,1.569,4.866,6 27 143 1
leucine,5,serine,4,1,3,2,4.321,4.735,-0.859,38.3,114.6,0.0,0.0,1.989,4.863,356 236 305 70 126 314
leucine,5,serine,4,1,3,3,4.321,4.735,-0.859,38.3,114.6,0.0,0.0,2.31,4.857,295 317 314 65 79 297 231 100
leucine,5,serine,4,1,3,4,4.321,4.735,-0.859,38.3,114.6,0.0,0.0,1.67,4.443,304 358 321 29 61 302 261 66 118 224
leucine,5,serine,4,1,4,1,4.321,5.936,-0.859,44.4,68.1,1.0655,0.0,1.14,5.434,331 355 188 358
leucine,5,serine,4,1,4,2,4.321,5.936,-0.859,44.4,68.1,0.0,0.0,2.357,5.434,355 88 60 296 249 94
leucine,5,serine,4,1,4,3,4.321,5.936,-0.859,44.4,68.1,0.0,0.0,2.036,4.819,51 28 58 313 274 57 109 223
leucine,5,serine,4,1,4,4,4.321,5.936,-0.859,44.4,68.1,0.0,0.0,1.265,4.766,19 26 28 287 270 81 130 316 248 140
leucine,5,serine,4,1,5,1,4.321,6.938,-0.859,28.9,22.1,2.8915,0.0,1.48,5.341,354 1 179 1
leucine,5,serine,4,1,5,2,4.321,6.938,-0.859,28.9,22.1,0.5596,0.0,1.509,2.586,29 25 128 54 95 84
leucine,5,serine,4,1,5,3,4.321,6.938,-0.859,28.9,22.1,0.0,0.0,1.714,3.676,18 342 209 211 279 162 47 54
leucine,5,serine,4,1,5,4,4.321,6.938,-0.859,28.9,22.1,0.0,0.0,1.64,3.404,47 11 71 345 306 56 81 268 252 154
leucine,5,serine,4,2,3,1,4.321,4.359,-0.859,53.5,85.6,1.9021,0.0,2.34,4.018,358 97 51 6
leucine,5,serine,4,2,3,2,4.321,4.359,-0.859,53.5,85.6,0.381,0.0,1.404,4.495,45 88 49 27 119 27
leucine,5,serine,4,2,3,3,4.321,4.359,-0.859,53.5,85.6,0.0,0.0,1.491,4.495,79 74 71 280 263 43 113 254
leucine,5,serine,4,2,3,4,4.321,4.359,-0.859,53.5,85.6,0.0,0.0,1.515,0.104,228 143 64 208 337 59 64 53 245 34
leucine,5,serine,4,2,4,1,4.321,5.009,-0.859,79.3,62.3,0.2021,0.0,2.311,4.454,13 107 22 29
leucine,5,serine,4,2,4,2,4.321,5.009,-0.859,79.3,62.3,0.0,0.0,2.192,4.495,55 165 352 16 102 5
leucine,5,serine,4,2,4,3,4.321,5.009,-0.859,79.3,62.3,0.0,0.0,2.08,4.495,83 98 42 261 307 290 171 31
leucine,5,serine,4,2,4,4,4.321,5.009,-0.859,79.3,62.3,0.0,0.0,3.028,1.226,310 5 204 278 329 180 10 186 352 350
leucine,5,serine,4,2,5,1,4.321,5.855,-0.859,74.7,24.5,0.91,0.0,3.028,1.872,322 268 326 299
leucine,5,serine,4,2,5,2,4.321,5.855,-0.859,74.7,24.5,0.0926,0.0,3.028,0.879,294 290 322 196 356 286
leucine,5,serine,4,2,5,3,4.321,5.855,-0.859,74.7,24.5,0.0,0.0,3.028,0.544,295 247 41 83 14 299 302 249
leucine,5,serine,4,2,5,4,4.321,5.855,-0.859,74.7,24.5,0.0,0.0,2.4,0.699,348 350 23 347 349 85 86 309 215 82
leucine,5,serine,4,13,3,1,4.321,4.161,-0.859,60.6,111.2,1.1245,0.0,2.286,1.873,11 264 298 359
leucine,5,serine,4,13,3,2,4.321,4.161,-0.859,60.6,111.2,0.0891,0.0,2.28,0.857,340 201 15 84 64 7
leucine,5,serine,4,13,3,3,4.321,4.161,-0.859,60.6,111.2,0.0,0.0,2.295,0.296,323 297 352 103 57 291 209 36
leucine,5,serine,4,13,3,4,4.321,4.161,-0.859,60.6,111.2,0.0,0.0,1.448,3.16,156 273 283 68 89 328 247 359 96 216
leucine,5,serine,4,13,4,1,4.321,5.903,-0.859,45.8,44.3,1.8694,0.0,1.71,1.917,16 313 253 348
leucine,5,serine,4,13,4,2,4.321,5.903,-0.859,45.8,44.3,0.5518,0.0,1.529,2.649,333 322 256 316 270 301
leucine,5,serine,4,13,4,3,4.321,5.903,-0.859,45.8,44.3,0.0,0.0,2.062,3.137,305 300 256 89 116 285 272 163
leucine,5,serine,4,13,4,4,4.321,5.903,-0.859,45.8,44.3,0.0,0.0,1.652,2.285,106 302 244 90 97 234 278 56 87 261
leucine,5,serine,4,13,5,1,4.321,5.986,-0.859,69.9,40.6,0.6751,0.0,2.903,0.905,48 254 296 310
leucine,5,serine,4,13,5,2,4.321,5.986,-0.859,69.9,40.6,0.0,0.0,2.702,0.51,19 216 7 92 42 288
leucine,5,serine,4,13,5,3,4.321,5.986,-0.859,69.9,40.6,0.0,0.0,1.797,0.77,307 345 322 48 92 293 227 138
leucine,5,serine,4,13,5,4,4.321,5.986,-0.859,69.9,40.6,0.0,0.0,1.208,0.686,342 6 348 42 49 296 270 23 116 251
leucine,5,tryptophan,5,1,16,1,14.521,14.516,0.982,34.8,145.5,9.0227,0.0,2.923,5.434,258 360 162 51
leucine,5,tryptophan,5,1,16,2,14.521,14.516,0.982,34.8,145.5,5.5301,0.0,2.923,4.062,258 360 213 292 177 179
leucine,5,tryptophan,5,1,16,3,14.521,14.516,0.982,34.8,145.5,1.9245,0.0,2.923,3.376,259 360 149 66 175 177 170 171
leucine,5,tryptophan,5,1,16,4,14.521,14.516,0.982,34.8,145.5,0.0,0.0,2.653,1.151,258 47 157 293 253 184 181 120 126 174
leucine,5,tryptophan,5,1,17,1,14.521,15.875,0.982,28.5,84.5,10.7257,0.0,2.923,5.434,248 0 169 28
leucine,5,tryptophan,5,1,17,2,14.521,15.875,0.982,28.5,84.5,7.1884,0.0,2.923,4.407,249 360 210 302 180 180
leucine,5,tryptophan,5,1,17,3,14.521,15.875,0.982,28.5,84.5,3.5114,0.0,2.923,3.751,247 0 155 52 188 184 187 186
leucine,5,tryptophan,5,1,17,4,14.521,15.875,0.982,28.5,84.5,0.0,0.0,2.923,4.294,244 10 141 43 211 198 171 165 213 193
leucine,5,tryptophan,5,1,18,1,14.521,16.981,0.982,35.0,37.9,11.3855,0.0,2.923,5.434,257 360 161 58
leucine,5,tryptophan,5,1,18,2,14.521,16.981,0.982,35.0,37.9,7.8933,0.0,2.923,4.271,257 360 215 287 176 178
leucine,5,tryptophan,5,1,18,3,14.521,16.981,0.982,35.0,37.9,4.1844,0.0,2.923,3.571,257 360 149 72 175 177 175 176
leucine,5,tryptophan,5,1,18,4,14.521,16.981,0.982,35.0,37.9,0.6123,0.0,2.923,4.042,257 359 146 81 171 175 167 168 165 170
leucine,5,tryptophan,5,2,16,1,14.521,12.102,0.982,138.6,145.5,4.8666,0.0,3.028,3.281,294 148 181 180
leucine,5,tryptophan,5,2,16,2,14.521,12.102,0.982,138.6,145.5,1.3109,0.0,2.876,2.904,346 208 198 191 200 196
leucine,5,tryptophan,5,2,16,3,14.521,12.102,0.982,138.6,145.5,0.0,0.0,3.028,4.158,237 174 167 237 222 151 178 201
leucine,5,tryptophan,5,2,16,4,14.521,12.102,0.982,138.6,145.5,0.0,0.0,3.028,4.495,197 175 175 231 235 154 160 223 212 166
leucine,5,tryptophan,5,2,17,1,14.521,13.442,0.982,134.1,84.8,6.1867,0.0,2.921,2.919,343 221 182 181
leucine,5,tryptophan,5,2,17,2,14.521,13.442,0.982,134.1,84.8,2.4678,0.0,3.028,3.612,283 144 178 179 178 178
leucine,5,tryptophan,5,2,17,3,14.521,13.442,0.982,134.1,84.8,0.0,0.0,2.695,3.988,247 164 173 223 215 170 180 187
leucine,5,tryptophan,5,2,17,4,14.521,13.442,0.982,134.1,84.8,0.0,0.0,3.028,4.495,208 174 173 223 224 158 164 217 209 169
leucine,5,tryptophan,5,2,18,1,14.521,14.56,0.982,139.3,38.2,7.3073,0.0,3.028,3.378,293 150 181 181
leucine,5,tryptophan,5,2,18,2,14.521,14.56,0.982,139.3,38.2,3.6831,0.0,2.932,3.096,342 203 195 189 191 190
leucine,5,tryptophan,5,2,18,3,14.521,14.56,0.982,139.3,38.2,0.5942,0.0,3.028,3.527,333 182 210 210 186 184 253 213
leucine,5,tryptophan,5,2,18,4,14.521,14.56,0.982,139.3,38.2,0.0123,0.0,3.028,3.695,271 171 209 264 108 164 111 125 330 206
leucine,5,tryptophan,5,13,16,1,14.521,13.65,0.982,73.2,137.1,6.4122,0.0,2.903,2.332,83 2 182 181
leucine,5,tryptophan,5,13,16,2,14.521,13.65,0.982,73.2,137.1,2.8978,0.0,2.903,2.465,89 355 154 157 167 172
leucine,5,tryptophan,5,13,16,3,14.521,13.65,0.982,73.2,137.1,0.0,0.0,2.903,1.66,102 267 228 152 173 195 192 183
leucine,5,tryptophan,5,13,16,4,14.521,13.65,0.982,73.2,137.1,0.0,0.0,2.903,3.16,171 230 228 100 114 216 194 173 197 197
leucine,5,tryptophan,5,13,17,1,14.521,14.68,0.982,82.1,91.8,7.4685,0.0,2.903,1.895,61 39 185 183
leucine,5,tryptophan,5,13,17,2,14.521,14.68,0.982,82.1,91.8,3.7277,0.0,2.903,2.585,99 330 182 181 182 182
leucine,5,tryptophan,5,13,17,3,14.521,14.68,0.982,82.1,91.8,0.1018,0.0,2.316,1.872,59 42 180 180 186 185 180 180
leucine,5,tryptophan,5,13,17,4,14.521,14.68,0.982,82.1,91.8,0.0,0.0,2.487,2.658,139 211 210 146 153 225 215 170 183 191
leucine,5,tryptophan,5,13,18,1,14.521,16.086,0.982,74.7,31.8,8.8355,0.0,2.903,2.224,79 11 181 181
leucine,5,tryptophan,5,13,18,2,14.521,16.086,0.982,74.7,31.8,5.2314,0.0,2.903,2.428,88 357 162 165 175 177
leucine,5,tryptophan,5,13,18,3,14.521,16.086,0.982,74.7,31.8,1.5106,0.0,2.903,2.569,93 347 178 178 166 169 178 179
leucine,5,tryptophan,5,13,18,4,14.521,16.086,0.982,74.7,31.8,0.0924,0.0,2.903,2.741,103 356 156 154 167 172 168 170 334 192
leucine,5,lysine,8,1,13,1,14.504,16.043,0.475,51.0,67.0,9.5763,0.0,1.74,5.434,301 360 155 107
leucine,5,lysine,8,1,13,2,14.504,16.043,0.475,51.0,67.0,6.0548,0.0,1.737,4.477,301 360 219 256 177 178
leucine,5,lysine,8,1,13,3,14.504,16.043,0.475,51.0,67.0,2.3345,0.0,1.733,4.141,301 360 145 105 174 177 175 176
leucine,5,lysine,8,1,13,4,14.504,16.043,0.475,51.0,67.0,0.0,0.0,1.662,4.403,293 30 138 357 333 155 190 152 139 184
leucine,5,lysine,8,1,14,1,14.504,15.122,0.475,49.0,101.9,8.7693,0.0,1.443,5.434,311 0 205 262
leucine,5,lysine,8,1,14,2,14.504,15.122,0.475,49.0,101.9,5.2464,0.0,1.446,4.252,310 0 141 99 182 181
leucine,5,lysine,8,1,14,3,14.504,15.122,0.475,49.0,101.9,1.5231,0.0,1.45,3.873,310 0 215 261 182 181 182 181
leucine,5,lysine,8,1,14,4,14.504,15.122,0.475,49.0,101.9,0.0,0.0,2.057,4.448,313 78 69 322 304 153 184 181 144 150
leucine,5,lysine,8,1,15,1,14.504,14.323,0.475,44.2,139.0,8.2709,0.0,1.756,5.434,300 0 156 80
leucine,5,lysine,8,1,15,2,14.504,14.323,0.475,44.2,139.0,4.741,0.0,1.752,3.707,300 0 217 271 182 181
leucine,5,lysine,8,1,15,3,14.504,14.323,0.475,44.2,139.0,1.0631,0.0,1.749,2.874,300 1 146 87 189 185 191 190
leucine,5,lysine,8,1,15,4,14.504,14.323,0.475,44.2,139.0,0.0,0.0,1.438,2.562,319 42 82 306 286 146 168 198 187 172
leucine,5,lysine,8,2,13,1,14.504,14.361,0.475,117.4,66.3,7.103,0.0,3.028,2.134,322 108 181 181
leucine,5,lysine,8,2,13,2,14.504,14.361,0.475,117.4,66.3,3.4025,0.0,2.488,1.775,36 250 184 182 184 183
leucine,5,lysine,8,2,13,3,14.504,14.361,0.475,117.4,66.3,0.0749,0.0,2.509,2.72,42 242 173 177 176 176 231 205
leucine,5,lysine,8,2,13,4,14.504,14.361,0.475,117.4,66.3,0.0,0.0,1.342,4.465,33 3 315 139 166 318 294 182 223 204
leucine,5,lysine,8,2,14,1,14.504,13.617,0.475,108.0,94.3,6.367,0.0,2.979,1.929,321 93 177 178
leucine,5,lysine,8,2,14,2,14.504,13.617,0.475,108.0,94.3,2.6822,0.0,2.483,1.885,33 270 171 175 171 172
leucine,5,lysine,8,2,14,3,14.504,13.617,0.475,108.0,94.3,0.0,0.0,2.021,2.3,33 305 100 168 148 237 69 182
leucine,5,lysine,8,2,14,4,14.504,13.617,0.475,108.0,94.3,0.0,0.0,3.028,2.759,320 115 129 311 299 139 168 268 258 168
leucine,5,lysine,8,2,15,1,14.504,12.519,0.475,116.4,146.2,5.2875,0.0,2.482,2.626,32 253 178 179
leucine,5,lysine,8,2,15,2,14.504,12.519,0.475,116.4,146.2,1.6575,0.0,3.028,1.464,318 107 174 176 171 172
leucine,5,lysine,8,2,15,3,14.504,12.519,0.475,116.4,146.2,0.0,0.0,2.895,1.564,344 131 10 172 148 89 175 249
leucine,5,lysine,8,2,15,4,14.504,12.519,0.475,116.4,146.2,0.0,0.0,1.682,0.66,4 6 42 333 311 121 154 296 273 154
leucine,5,lysine,8,13,13,1,14.504,16.102,0.475,48.3,59.8,9.772,0.0,2.903,1.843,61 360 205 263
leucine,5,lysine,8,13,13,2,14.504,16.102,0.475,48.3,59.8,6.2492,0.0,2.903,0.637,61 360 141 100 178 179
leucine,5,lysine,8,13,13,3,14.504,16.102,0.475,48.3,59.8,2.5276,0.0,2.903,0.68,61 360 214 262 176 178 177 177
leucine,5,lysine,8,13,13,4,14.504,16.102,0.475,48.3,59.8,0.0224,0.0,2.903,2.01,70 1 213 277 199 189 195 194 84 152
leucine,5,lysine,8,13,14,1,14.504,15.093,0.475,50.3,98.4,8.671,0.0,2.903,1.504,50 0 155 101
leucine,5,lysine,8,13,14,2,14.504,15.093,0.475,50.3,98.4,5.1441,0.0,2.903,1.352,50 0 219 258 181 181
leucine,5,lysine,8,13,14,3,14.504,15.093,0.475,50.3,98.4,1.4181,0.0,2.903,1.273,50 0 146 102 180 180 180 180
leucine,5,lysine,8,13,14,4,14.504,15.093,0.475,50.3,98.4,0.0,0.0,2.903,1.186,86 278 241 55 86 177 158 133 132 180
leucine,5,lysine,8,13,15,1,14.504,14.115,0.475,53.9,144.8,7.5603,0.0,2.903,1.594,60 0 205 250
leucine,5,lysine,8,13,15,2,14.504,14.115,0.475,53.9,144.8,4.0404,0.0,2.903,0.351,60 0 142 108 181 180
leucine,5,lysine,8,13,15,3,14.504,14.115,0.475,53.9,144.8,0.4358,0.0,2.903,0.603,56 0 219 253 181 180 186 185
leucine,5,lysine,8,13,15,4,14.504,14.115,0.475,53.9,144.8,0.0,0.0,2.903,1.434,91 286 243 71 102 188 179 111 111 188
leucine,5,leucine,13,1,1,1,8.226,8.514,0.65,62.4,86.4,1.6454,0.0,1.283,3.839,89 359 202 248
leucine,5,leucine,13,1,1,2,8.226,8.514,0.65,62.4,86.4,0.0,0.0,1.668,1.949,51 17 176 348 316 254
leucine,5,leucine,13,1,1,3,8.226,8.514,0.65,62.4,86.4,0.0,0.0,2.923,3.418,113 256 329 38 73 262 218 112
leucine,5,leucine,13,1,1,4,8.226,8.514,0.65,62.4,86.4,0.0,0.0,2.371,3.359,88 338 311 41 67 261 242 71 100 213
leucine,5,leucine,13,1,2,1,8.226,10.062,0.65,74.2,9.4,2.9327,0.0,1.375,4.113,89 354 165 165
leucine,5,leucine,13,1,2,2,8.226,10.062,0.65,74.2,9.4,0.8447,0.0,2.158,5.329,47 77 175 177 299 208
leucine,5,leucine,13,1,2,3,8.226,10.062,0.65,74.2,9.4,0.1577,0.0,2.519,5.434,40 107 173 176 279 212 359 183
leucine,5,leucine,13,1,2,4,8.226,10.062,0.65,74.2,9.4,0.0,0.0,2.923,5.434,157 214 212 151 149 215 218 111 112 192
leucine,5,leucine,13,1,13,1,8.226,8.069,0.65,78.0,103.5,0.8088,0.0,2.065,4.165,77 26 193 189
leucine,5,leucine,13,1,13,2,8.226,8.069,0.65,78.0,103.5,0.0,0.0,2.584,5.434,123 194 274 135 139 246
leucine,5,leucine,13,1,13,3,8.226,8.069,0.65,78.0,103.5,0.0,0.0,2.923,4.023,180 227 268 78 96 253 209 148
leucine,5,leucine,13,1,13,4,8.226,8.069,0.65,78.0,103.5,0.0,0.0,2.923,5.434,169 187 204 140 134 245 238 121 138 200
leucine,5,leucine,13,2,1,1,8.226,9.044,0.65,39.3,102.1,3.557,0.0,3.028,0.733,259 360 194 326
leucine,5,leucine,13,2,1,2,8.226,9.044,0.65,39.3,102.1,0.0,0.0,3.028,1.194,259 351 160 51 192 178
leucine,5,leucine,13,2,1,3,8.226,9.044,0.65,39.3,102.1,0.0,0.0,3.028,1.986,297 37 77 302 266 117 142 199
leucine,5,leucine,13,2,1,4,8.226,9.044,0.65,39.3,102.1,0.0,0.0,3.028,2.265,297 23 61 299 269 122 143 246 232 165
leucine,5,leucine,13,2,2,1,8.226,11.01,0.65,32.6,4.0,5.8143,0.0,3.028,1.192,251 360 173 18
leucine,5,leucine,13,2,2,2,8.226,11.01,0.65,32.6,4.0,2.313,0.0,3.028,1.135,251 359 209 309 167 172
leucine,5,leucine,13,2,2,3,8.226,11.01,0.65,32.6,4.0,0.4892,0.0,3.028,2.426,253 355 139 113 148 162 316 205
leucine,5,leucine,13,2,2,4,8.226,11.01,0.65,32.6,4.0,0.0,0.0,3.028,2.192,273 301 240 192 284 209 88 106 17 197
leucine,5,leucine,13,2,13,1,8.226,9.103,0.65,34.7,99.8,3.9229,0.0,3.028,2.41,234 0 172 15
leucine,5,leucine,13,2,13,2,8.226,9.103,0.65,34.7,99.8,0.3321,0.0,3.028,2.516,231 1 209 306 189 186
leucine,5,leucine,13,2,13,3,8.226,9.103,0.65,34.7,99.8,0.0,0.0,3.028,1.627,288 53 98 273 237 133 151 189
leucine,5,leucine,13,2,13,4,8.226,9.103,0.65,34.7,99.8,0.0,0.0,0.528,2.374,336 240 317 343 197 6 134 221 230 181
leucine,5,leucine,13,13,1,1,8.226,6.667,0.65,141.4,98.0,0.0,0.0,1.364,2.174,2 259 131 245
leucine,5,leucine,13,13,1,2,8.226,6.667,0.65,141.4,98.0,0.0,0.0,1.704,0.914,19 135 316 40 51 336
leucine,5,leucine,13,13,1,3,8.226,6.667,0.65,141.4,98.0,0.0,0.0,2.903,3.16,182 148 211 334 228 182 299 48
leucine,5,leucine,13,13,1,4,8.226,6.667,0.65,141.4,98.0,0.0,0.0,2.289,1.652,12 27 97 34 350 93 115 310 260 135
leucine,5,leucine,13,13,2,1,8.226,8.566,0.65,137.9,5.3,1.4558,0.0,1.603,2.989,280 163 142 161
leucine,5,leucine,13,13,2,2,8.226,8.566,0.65,137.9,5.3,0.6988,0.0,2.903,3.16,249 195 113 152 4 175
leucine,5,leucine,13,13,2,3,8.226,8.566,0.65,137.9,5.3,0.0789,0.0,2.903,3.16,224 174 174 175 318 198 359 188
leucine,5,leucine,13,13,2,4,8.226,8.566,0.65,137.9,5.3,0.0,0.0,2.903,3.16,169 172 188 225 248 154 127 236 234 147
leucine,5,leucine,13,13,13,1,8.226,6.631,0.65,142.1,99.4,0.0,0.0,2.369,3.16,281 220 117 238
leucine,5,leucine,13,13,13,2,8.226,6.631,0.65,142.1,99.4,0.0,0.0,2.496,3.16,238 28 262 116 132 295
leucine,5,leucine,13,13,13,3,8.226,6.631,0.65,142.1,99.4,0.0,0.0,2.903,3.16,179 213 152 238 276 64 92 230
leucine,5,leucine,13,13,13,4,8.226,6.631,0.65,142.1,99.4,0.0,0.0,2.903,2.604,134 201 183 215 246 133 126 261 239 145
leucine,5,serine,32,1,3,1,12.221,13.883,-0.043,39.3,62.9,8.1425,0.0,2.826,5.434,268 0 158 63
leucine,5,serine,32,1,3,2,12.221,13.883,-0.043,39.3,62.9,4.5856,0.0,2.818,3.573,268 0 216 282 183 182
leucine,5,serine,32,1,3,3,12.221,13.883,-0.043,39.3,62.9,0.8652,0.0,2.84,3.261,267 0 211 286 186 183 185 185
leucine,5,serine,32,1,3,4,12.221,13.883,-0.043,39.3,62.9,0.0,0.0,2.923,3.957,227 67 134 280 234 183 176 219 256 225
leucine,5,serine,32,1,4,1,12.221,14.143,-0.043,47.4,52.0,7.9,0.0,2.501,5.434,278 0 205 269
leucine,5,serine,32,1,4,2,12.221,14.143,-0.043,47.4,52.0,4.3694,0.0,2.508,4.319,277 0 142 94 183 182
leucine,5,serine,32,1,4,3,12.221,14.143,-0.043,47.4,52.0,0.6533,0.0,2.488,3.251,278 1 146 93 187 184 186 186
leucine,5,serine,32,1,4,4,12.221,14.143,-0.043,47.4,52.0,0.0,0.0,1.787,3.616,315 63 107 218 248 162 189 207 197 164
leucine,5,serine,32,1,5,1,12.221,13.511,-0.043,49.2,77.2,7.193,0.0,2.923,5.434,265 360 155 95
leucine,5,serine,32,1,5,2,12.221,13.511,-0.043,49.2,77.2,3.6583,0.0,2.918,4.594,266 360 218 264 176 178
leucine,5,serine,32,1,5,3,12.221,13.511,-0.043,49.2,77.2,0.0,0.0,2.923,4.804,271 343 226 256 188 177 169 166
leucine,5,serine,32,1,5,4,12.221,13.511,-0.043,49.2,77.2,0.0,0.0,1.352,5.434,307 29 74 304 279 145 159 200 195 174
leucine,5,serine,32,2,3,1,12.221,11.574,-0.043,137.0,65.5,4.3175,0.0,2.605,2.615,7 215 184 183
leucine,5,serine,32,2,3,2,12.221,11.574,-0.043,137.0,65.5,0.6022,0.0,2.701,2.719,358 208 191 186 188 187
leucine,5,serine,32,2,3,3,12.221,11.574,-0.043,137.0,65.5,0.0,0.0,2.73,3.651,356 174 193 63 268 236 41 239
leucine,5,serine,32,2,3,4,12.221,11.574,-0.043,137.0,65.5,0.0,0.0,3.028,0.682,286 131 95 318 310 93 162 236 220 185
leucine,5,serine,32,2,4,1,12.221,12.026,-0.043,135.2,46.4,4.7871,0.0,3.028,2.544,322 142 174 177
leucine,5,serine,32,2,4,2,12.221,12.026,-0.043,135.2,46.4,1.0625,0.0,3.028,2.818,329 147 167 173 171 172
leucine,5,serine,32,2,4,3,12.221,12.026,-0.043,135.2,46.4,0.0,0.0,3.028,2.66,317 106 140 103 187 92 113 148
leucine,5,serine,32,2,4,4,12.221,12.026,-0.043,135.2,46.4,0.0,0.0,1.435,0.755,13 20 50 350 334 123 160 298 273 149
leucine,5,serine,32,2,5,1,12.221,11.259,-0.043,146.5,77.4,3.9868,0.0,2.91,3.344,343 175 180 180
leucine,5,serine,32,2,5,2,12.221,11.259,-0.043,146.5,77.4,0.3736,0.0,2.822,3.632,349 180 153 152 180 180
leucine,5,serine,32,2,5,3,12.221,11.259,-0.043,146.5,77.4,0.0,0.0,3.028,3.653,279 183 199 223 196 115 118 173
leucine,5,serine,32,2,5,4,12.221,11.259,-0.043,146.5,77.4,0.0,0.0,1.536,4.495,54 329 74 218 182 152 183 318 210 106
leucine,5,serine,32,13,3,1,12.221,13.318,-0.043,64.6,73.1,6.3558,0.0,2.903,2.354,84 358 159 146
leucine,5,serine,32,13,3,2,12.221,13.318,-0.043,64.6,73.1,2.7456,0.0,2.903,2.325,83 359 216 231 176 178
leucine,5,serine,32,13,3,3,12.221,13.318,-0.043,64.6,73.1,0.0,0.0,2.903,1.493,66 15 142 114 184 83 303 199
leucine,5,serine,32,13,3,4,12.221,13.318,-0.043,64.6,73.1,0.0,0.0,2.903,2.958,153 222 220 127 137 223 209 167 184 192
leucine,5,serine,32,13,4,1,12.221,13.983,-0.043,54.6,45.4,7.3847,0.0,2.903,2.258,80 0 155 111
leucine,5,serine,32,13,4,2,12.221,13.983,-0.043,54.6,45.4,3.8445,0.0,2.903,2.25,80 0 219 250 183 182
leucine,5,serine,32,13,4,3,12.221,13.983,-0.043,54.6,45.4,0.6946,0.0,2.903,1.613,76 354 224 284 140 153 246 220
leucine,5,serine,32,13,4,4,12.221,13.983,-0.043,54.6,45.4,0.0,0.0,2.903,1.379,56 336 158 130 187 219 228 162 116 156
leucine,5,serine,32,13,5,1,12.221,13.307,-0.043,58.0,73.5,6.5508,0.0,2.903,2.522,92 0 204 238
leucine,5,serine,32,13,5,2,12.221,13.307,-0.043,58.0,73.5,2.996,0.0,2.903,2.529,92 360 141 115 180 180
leucine,5,serine,32,13,5,3,12.221,13.307,-0.043,58.0,73.5,0.0,0.0,2.903,3.16,129 313 159 111 171 195 193 191
leucine,5,serine,32,13,5,4,12.221,13.307,-0.043,58.0,73.5,0.0,0.0,2.903,3.044,154 236 226 132 141 201 191 143 150 187
serine,4,tryptophan,2,3,16,1,6.139,5.714,0.743,54.0,123.8,0.2104,0.0,3.993,2.991,219 326 226 360
serine,4,tryptophan,2,3,16,2,6.139,5.714,0.743,54.0,123.8,0.0,0.0,4.534,2.978,220 185 339 309 307 266
serine,4,tryptophan,2,3,16,3,6.139,5.714,0.743,54.0,123.8,0.0,0.0,4.173,0.468,268 97 349 346 217 350 285 324
serine,4,tryptophan,2,3,16,4,6.139,5.714,0.743,54.0,123.8,0.0,0.0,2.572,0.448,358 30 65 300 268 77 108 235 209 160
serine,4,tryptophan,2,3,17,1,6.139,8.011,0.743,61.5,27.2,1.2458,0.0,3.446,3.036,217 359 209 257
serine,4,tryptophan,2,3,17,2,6.139,8.011,0.743,61.5,27.2,0.2336,0.0,4.51,3.588,182 335 257 229 341 213
serine,4,tryptophan,2,3,17,3,6.139,8.011,0.743,61.5,27.2,0.0,0.0,4.528,3.022,218 231 259 148 99 234 323 95
serine,4,tryptophan,2,3,17,4,6.139,8.011,0.743,61.5,27.2,0.0,0.0,3.987,2.13,237 7 42 328 295 102 108 272 264 155
serine,4,tryptophan,2,3,18,1,6.139,6.412,0.743,75.9,93.7,0.0,0.0,3.042,2.279,257 276 214 81
serine,4,tryptophan,2,3,18,2,6.139,6.412,0.743,75.9,93.7,0.0,0.0,2.745,1.635,211 161 69 29 35 44
serine,4,tryptophan,2,3,18,3,6.139,6.412,0.743,75.9,93.7,0.0,0.0,1.137,0.879,295 93 55 219 253 112 137 236
serine,4,tryptophan,2,3,18,4,6.139,6.412,0.743,75.9,93.7,0.0,0.0,2.282,1.326,279 111 90 195 224 104 105 308 272 138
serine,4,tryptophan,2,4,16,1,6.139,5.286,0.743,69.9,149.5,0.3048,0.0,4.391,4.348,144 51 69 33
serine,4,tryptophan,2,4,16,2,6.139,5.286,0.743,69.9,149.5,0.0,0.0,4.614,4.348,179 196 302 85 89 299
serine,4,tryptophan,2,4,16,3,6.139,5.286,0.743,69.9,149.5,0.0,0.0,2.589,1.317,41 307 321 80 59 301 287 112
serine,4,tryptophan,2,4,16,4,6.139,5.286,0.743,69.9,149.5,0.0,0.0,3.701,0.865,51 10 344 43 68 276 249 92 123 208
serine,4,tryptophan,2,4,17,1,6.139,7.707,0.743,73.0,42.0,0.6809,0.0,3.702,3.844,136 328 218 202
serine,4,tryptophan,2,4,17,2,6.139,7.707,0.743,73.0,42.0,0.0,0.0,4.308,4.348,158 192 293 140 70 163
serine,4,tryptophan,2,4,17,3,6.139,7.707,0.743,73.0,42.0,0.0,0.0,2.947,4.348,150 159 278 160 95 298 263 103
serine,4,tryptophan,2,4,17,4,6.139,7.707,0.743,73.0,42.0,0.0,0.0,2.45,1.629,106 228 246 170 148 245 247 95 119 212
serine,4,tryptophan,2,4,18,1,6.139,6.817,0.743,60.9,77.3,0.2659,0.0,4.087,4.348,152 3 140 80
serine,4,tryptophan,2,4,18,2,6.139,6.817,0.743,60.9,77.3,0.0,0.0,4.19,4.119,171 233 322 20 99 276
serine,4,tryptophan,2,4,18,3,6.139,6.817,0.743,60.9,77.3,0.0,0.0,4.341,3.459,116 352 276 126 353 111 37 347
serine,4,tryptophan,2,4,18,4,6.139,6.817,0.743,60.9,77.3,0.0,0.0,4.08,4.348,200 222 202 165 135 241 244 82 107 217
serine,4,tryptophan,2,5,16,1,6.139,3.524,0.743,157.3,128.7,1.5147,0.0,4.314,2.814,227 54 323 360
serine,4,tryptophan,2,5,16,2,6.139,3.524,0.743,157.3,128.7,0.3756,0.0,1.559,1.166,344 20 1 26 145 1
serine,4,tryptophan,2,5,16,3,6.139,3.524,0.743,157.3,128.7,0.0,0.0,2.923,0.661,341 256 159 181 325 37 131 20
serine,4,tryptophan,2,5,16,4,6.139,3.524,0.743,157.3,128.7,0.0,0.0,3.868,1.248,286 109 0 178 314 83 99 166 358 345
serine,4,tryptophan,2,5,17,1,6.139,5.938,0.743,161.5,27.6,0.9927,0.0,3.634,2.814,211 104 280 335
serine,4,tryptophan,2,5,17,2,6.139,5.938,0.743,161.5,27.6,0.0296,0.0,3.768,2.814,226 61 327 192 356 281
serine,4,tryptophan,2,5,17,3,6.139,5.938,0.743,161.5,27.6,0.0,0.0,1.233,1.045,356 234 177 205 287 91 108 274
serine,4,tryptophan,2,5,17,4,6.139,5.938,0.743,161.5,27.6,0.0,0.0,0.627,0.493,47 228 205 236 277 66 63 312 269 126
serine,4,tryptophan,2,5,18,1,6.139,4.821,0.743,152.5,73.9,0.3153,0.0,3.459,2.349,156 289 53 1
serine,4,tryptophan,2,5,18,2,6.139,4.821,0.743,152.5,73.9,0.0,0.0,2.411,0.688,75 22 338 266 255 37
serine,4,tryptophan,2,5,18,3,6.139,4.821,0.743,152.5,73.9,0.0,0.0,1.623,0.751,38 214 123 211 302 302 310 313
serine,4,tryptophan,2,5,18,4,6.139,4.821,0.743,152.5,73.9,0.0,0.0,4.23,2.078,101 114 146 151 53 270 308 37 138 313
serine,4,tyrosine,0,3,8,1,4.201,6.096,0.315,45.0,42.7,1.3766,0.0,4.282,3.588,33 25 139 10
serine,4,tyrosine,0,3,8,2,4.201,6.096,0.315,45.0,42.7,0.0,0.0,4.069,3.588,80 41 89 50 99 82
serine,4,tyrosine,0,3,8,3,4.201,6.096,0.315,45.0,42.7,0.0,0.0,4.226,3.047,40 281 316 92 39 264 247 80
serine,4,tyrosine,0,3,8,4,4.201,6.096,0.315,45.0,42.7,0.0,0.0,3.808,2.32,354 358 319 30 59 283 253 82 117 213
serine,4,tyrosine,0,3,9,1,4.201,5.292,0.315,64.3,73.7,0.196,0.0,3.265,2.116,17 271 281 1
serine,4,tyrosine,0,3,9,2,4.201,5.292,0.315,64.3,73.7,0.0,0.0,2.613,0.818,315 292 311 61 119 285
serine,4,tyrosine,0,3,9,3,4.201,5.292,0.315,64.3,73.7,0.0,0.0,4.321,3.588,83 298 184 205 322 136 39 43
serine,4,tyrosine,0,3,9,4,4.201,5.292,0.315,64.3,73.7,0.0,0.0,3.972,0.672,300 359 339 74 75 288 258 15 112 255
serine,4,tyrosine,0,3,10,1,4.201,3.694,0.315,40.9,150.2,2.4098,0.0,4.169,3.304,20 73 87 0
serine,4,tyrosine,0,3,10,2,4.201,3.694,0.315,40.9,150.2,0.2003,0.0,4.214,3.588,70 150 360 347 198 360
serine,4,tyrosine,0,3,10,3,4.201,3.694,0.315,40.9,150.2,0.0,0.0,2.805,1.443,259 203 341 348 196 360 193 90
serine,4,tyrosine,0,3,10,4,4.201,3.694,0.315,40.9,150.2,0.0,0.0,3.734,1.824,351 339 334 80 54 281 276 34 121 270
serine,4,tyrosine,0,4,8,1,4.201,5.098,0.315,82.6,62.6,0.156,0.0,3.706,3.882,350 177 1 47
serine,4,tyrosine,0,4,8,2,4.201,5.098,0.315,82.6,62.6,0.0,0.0,4.154,4.348,313 284 358 44 81 333
serine,4,tyrosine,0,4,8,3,4.201,5.098,0.315,82.6,62.6,0.0,0.0,4.099,4.348,275 17 252 120 43 261 296 80
serine,4,tyrosine,0,4,8,4,4.201,5.098,0.315,82.6,62.6,0.0,0.0,4.239,3.234,36 210 222 311 275 280 352 313 174 16
serine,4,tyrosine,0,4,9,1,4.201,5.391,0.315,60.7,51.6,0.8293,0.0,4.184,4.348,333 290 287 344
serine,4,tyrosine,0,4,9,2,4.201,5.391,0.315,60.7,51.6,0.0,0.0,4.273,4.348,304 286 274 111 103 327
serine,4,tyrosine,0,4,9,3,4.201,5.391,0.315,60.7,51.6,0.0,0.0,4.399,3.461,340 94 7 286 329 77 105 328
serine,4,tyrosine,0,4,9,4,4.201,5.391,0.315,60.7,51.6,0.0,0.0,3.035,2.777,18 358 31 305 299 92 97 302 238 103
serine,4,tyrosine,0,4,10,1,4.201,3.092,0.315,61.8,167.9,1.9233,0.0,3.864,3.93,358 221 333 0
serine,4,tyrosine,0,4,10,2,4.201,3.092,0.315,61.8,167.9,0.8027,0.0,4.025,4.348,289 236 0 10 166 0
serine,4,tyrosine,0,4,10,3,4.201,3.092,0.315,61.8,167.9,0.0,0.0,2.403,0.532,95 114 14 258 319 336 134 63
serine,4,tyrosine,0,4,10,4,4.201,3.092,0.315,61.8,167.9,0.0,0.0,4.431,2.3,92 343 13 299 280 60 98 324 245 114
serine,4,tyrosine,0,5,8,1,4.201,6.08,0.315,45.7,44.0,1.3015,0.0,2.059,0.573,327 334 222 350
serine,4,tyrosine,0,5,8,2,4.201,6.08,0.315,45.7,44.0,0.0,0.0,3.312,1.106,306 317 240 281 319 308
serine,4,tyrosine,0,5,8,3,4.201,6.08,0.315,45.7,44.0,0.0,0.0,2.901,0.624,326 77 40 270 321 94 115 282
serine,4,tyrosine,0,5,8,4,4.201,6.08,0.315,45.7,44.0,0.0,0.0,1.911,0.802,9 1 40 331 302 76 106 277 242 147
serine,4,tyrosine,0,5,9,1,4.201,5.883,0.315,40.8,52.2,1.6739,0.0,0.742,1.234,11 21 146 8
serine,4,tyrosine,0,5,9,2,4.201,5.883,0.315,40.8,52.2,0.0,0.0,2.746,0.278,63 348 152 60 99 18
serine,4,tyrosine,0,5,9,3,4.201,5.883,0.315,40.8,52.2,0.0,0.0,2.026,0.761,25 278 311 96 52 265 231 71
serine,4,tyrosine,0,5,9,4,4.201,5.883,0.315,40.8,52.2,0.0,0.0,2.025,0.492,339 356 316 32 65 285 250 77 117 217
serine,4,tyrosine,0,5,10,1,4.201,3.766,0.315,38.0,144.7,2.5331,0.0,1.835,0.231,342 291 267 360
serine,4,tyrosine,0,5,10,2,4.201,3.766,0.315,38.0,144.7,0.1473,0.0,2.826,1.037,294 210 356 349 198 358
serine,4,tyrosine,0,5,10,3,4.201,3.766,0.315,38.0,144.7,0.0,0.0,3.554,1.147,90 129 57 321 221 343 180 288
serine,4,tyrosine,0,5,10,4,4.201,3.766,0.315,38.0,144.7,0.0,0.0,2.014,0.479,352 29 33 280 305 82 85 319 241 90
serine,4,phenylalanine,4,3,12,1,3.712,3.703,-0.312,23.5,129.1,3.4423,0.0,2.636,3.588,172 55 109 0
serine,4,phenylalanine,4,3,12,2,3.712,3.703,-0.312,23.5,129.1,0.505,0.0,2.161,3.39,199 158 11 5 168 6
serine,4,phenylalanine,4,3,12,3,3.712,3.703,-0.312,23.5,129.1,0.0,0.0,3.998,2.811,48 241 303 69 100 351 203 101
serine,4,phenylalanine,4,3,12,4,3.712,3.703,-0.312,23.5,129.1,0.0,0.0,3.569,1.798,356 326 292 54 80 287 257 94 129 209
serine,4,phenylalanine,4,3,13,1,3.712,5.656,-0.312,34.4,50.0,2.193,0.0,4.322,3.588,136 350 197 356
serine,4,phenylalanine,4,3,13,2,3.712,5.656,-0.312,34.4,50.0,0.0,0.0,4.301,3.588,81 324 249 3 199 310
serine,4,phenylalanine,4,3,13,3,3.712,5.656,-0.312,34.4,50.0,0.0,0.0,4.395,3.588,50 315 290 71 103 276 234 145
serine,4,phenylalanine,4,3,13,4,3.712,5.656,-0.312,34.4,50.0,0.0,0.0,3.907,2.081,7 319 319 61 85 286 228 112 177 220
serine,4,phenylalanine,4,3,14,1,3.712,4.573,-0.312,55.4,89.8,1.1409,0.0,4.031,3.588,160 280 277 0
serine,4,phenylalanine,4,3,14,2,3.712,4.573,-0.312,55.4,89.8,0.0,0.0,4.263,3.588,95 289 305 330 214 36
serine,4,phenylalanine,4,3,14,3,3.712,4.573,-0.312,55.4,89.8,0.0,0.0,4.159,3.588,52 312 295 74 105 294 241 135
serine,4,phenylalanine,4,3,14,4,3.712,4.573,-0.312,55.4,89.8,0.0,0.0,4.181,3.392,23 356 315 58 96 275 243 114 136 197
serine,4,phenylalanine,4,4,12,1,3.712,1.897,-0.312,87.3,108.6,3.1645,0.0,2.042,1.549,59 266 350 355
serine,4,phenylalanine,4,4,12,2,3.712,1.897,-0.312,87.3,108.6,2.1125,0.0,2.436,0.746,16 270 356 321 234 358
serine,4,phenylalanine,4,4,12,3,3.712,1.897,-0.312,87.3,108.6,0.0,0.0,3.268,1.061,354 262 327 114 78 332 200 47
serine,4,phenylalanine,4,4,12,4,3.712,1.897,-0.312,87.3,108.6,0.0,0.0,3.356,1.884,303 354 327 66 66 288 279 76 132 244
serine,4,phenylalanine,4,4,13,1,3.712,3.261,-0.312,135.2,58.7,1.908,0.0,3.114,2.016,51 295 11 6
serine,4,phenylalanine,4,4,13,2,3.712,3.261,-0.312,135.2,58.7,0.6599,0.0,4.021,3.946,350 314 1 31 140 0
serine,4,phenylalanine,4,4,13,3,3.712,3.261,-0.312,135.2,58.7,0.0,0.0,2.706,0.836,360 208 31 189 25 327 229 341
serine,4,phenylalanine,4,4,13,4,3.712,3.261,-0.312,135.2,58.7,0.0,0.0,3.905,4.348,302 22 4 281 277 87 44 243 342 265
serine,4,phenylalanine,4,4,14,1,3.712,2.884,-0.312,121.8,71.0,2.0642,0.0,3.272,4.348,183 67 358 359
serine,4,phenylalanine,4,4,14,2,3.712,2.884,-0.312,121.8,71.0,1.0241,0.0,3.742,4.348,239 59 0 25 147 0
serine,4,phenylalanine,4,4,14,3,3.712,2.884,-0.312,121.8,71.0,0.0,0.0,3.157,4.348,232 67 50 57 78 42 101 41
serine,4,phenylalanine,4,4,14,4,3.712,2.884,-0.312,121.8,71.0,0.0,0.0,0.707,2.645,111 285 273 168 97 251 279 49 135 292
serine,4,phenylalanine,4,5,12,1,3.712,2.096,-0.312,80.4,139.1,2.8229,0.0,1.721,1.066,294 118 5 3
serine,4,phenylalanine,4,5,12,2,3.712,2.096,-0.312,80.4,139.1,1.8037,0.0,2.411,0.44,343 102 1 18 156 0
serine,4,phenylalanine,4,5,12,3,3.712,2.096,-0.312,80.4,139.1,0.0,0.0,2.782,0.463,10 82 33 250 274 46 155 300
serine,4,phenylalanine,4,5,12,4,3.712,2.096,-0.312,80.4,139.1,0.0,0.0,2.265,0.659,54 356 23 301 295 64 86 289 230 125
serine,4,phenylalanine,4,5,13,1,3.712,4.543,-0.312,77.8,34.9,1.3822,0.0,1.694,1.047,286 90 29 19
serine,4,phenylalanine,4,5,13,2,3.712,4.543,-0.312,77.8,34.9,0.1709,0.0,2.89,0.572,312 67 41 97 55 17
serine,4,phenylalanine,4,5,13,3,3.712,4.543,-0.312,77.8,34.9,0.0,0.0,3.007,0.203,332 98 20 250 320 47 72 300
serine,4,phenylalanine,4,5,13,4,3.712,4.543,-0.312,77.8,34.9,0.0,0.0,1.769,0.579,324 22 357 325 331 68 79 287 229 111
serine,4,phenylalanine,4,5,14,1,3.712,3.774,-0.312,83.7,64.3,1.3392,0.0,2.583,2.814,199 250 348 353
serine,4,phenylalanine,4,5,14,2,3.712,3.774,-0.312,83.7,64.3,0.12,0.0,2.916,1.814,145 260 0 8 169 0
serine,4,phenylalanine,4,5,14,3,3.712,3.774,-0.312,83.7,64.3,0.0,0.0,2.119,2.814,175 299 16 77 32 301 268 4
serine,4,phenylalanine,4,5,14,4,3.712,3.774,-0.312,83.7,64.3,0.0,0.0,3.455,0.353,311 2 160 288 211 110 71 249 273 78
serine,4,lysine,1,3,13,1,10.134,11.337,-0.119,22.9,92.9,6.8454,0.0,3.997,3.588,127 360 182 357
serine,4,lysine,1,3,13,2,10.134,11.337,-0.119,22.9,92.9,3.2102,0.0,2.162,3.588,124 1 165 25 186 184
serine,4,lysine,1,3,13,3,10.134,11.337,-0.119,22.9,92.9,0.0,0.0,2.47,3.328,148 348 197 20 159 220 178 172
serine,4,lysine,1,3,13,4,10.134,11.337,-0.119,22.9,92.9,0.0,0.0,1.419,1.862,72 84 61 11 190 356 246 148 141 170
serine,4,lysine,1,3,14,1,10.134,12.921,-0.119,26.6,21.9,8.0064,0.0,3.493,3.588,107 0 180 0
serine,4,lysine,1,3,14,2,10.134,12.921,-0.119,26.6,21.9,4.5532,0.0,1.655,3.588,108 359 204 317 169 173
serine,4,lysine,1,3,14,3,10.134,12.921,-0.119,26.6,21.9,0.9717,0.0,1.356,3.588,110 358 206 314 148 161 149 155
serine,4,lysine,1,3,14,4,10.134,12.921,-0.119,26.6,21.9,0.0,0.0,3.612,3.588,99 2 158 150 96 166 236 194 70 129
serine,4,lysine,1,3,15,1,10.134,11.649,-0.119,17.9,81.2,7.5805,0.0,3.414,3.588,93 0 179 2
serine,4,lysine,1,3,15,2,10.134,11.649,-0.119,17.9,81.2,3.8291,0.0,0.741,3.588,95 360 183 356 176 177
serine,4,lysine,1,3,15,3,10.134,11.649,-0.119,17.9,81.2,0.2684,0.0,0.829,3.304,87 360 181 359 155 150 174 177
serine,4,lysine,1,3,15,4,10.134,11.649,-0.119,17.9,81.2,0.0,0.0,1.654,2.798,29 304 271 79 106 233 213 172 184 188
serine,4,lysine,1,4,13,1,10.134,8.942,-0.119,127.4,91.6,1.6535,0.0,1.02,2.687,26 125 181 180
serine,4,lysine,1,4,13,2,10.134,8.942,-0.119,127.4,91.6,0.0,0.0,2.848,4.321,130 186 205 119 139 219
serine,4,lysine,1,4,13,3,10.134,8.942,-0.119,127.4,91.6,0.0,0.0,3.171,4.348,149 172 187 131 136 266 248 159
serine,4,lysine,1,4,13,4,10.134,8.942,-0.119,127.4,91.6,0.0,0.0,3.771,4.348,184 174 189 140 130 223 217 116 132 199
serine,4,lysine,1,4,14,1,10.134,10.493,-0.119,132.0,23.8,3.2371,0.0,1.121,2.877,84 226 177 178
serine,4,lysine,1,4,14,2,10.134,10.493,-0.119,132.0,23.8,0.7333,0.0,1.097,3.7,8 168 160 160 285 207
serine,4,lysine,1,4,14,3,10.134,10.493,-0.119,132.0,23.8,0.0033,0.0,2.602,4.348,337 160 200 214 238 188 15 166
serine,4,lysine,1,4,14,4,10.134,10.493,-0.119,132.0,23.8,0.0,0.0,4.319,4.348,163 178 181 141 137 216 215 126 132 193
serine,4,lysine,1,4,15,1,10.134,9.366,-0.119,119.4,75.9,2.0956,0.0,1.474,2.269,88 246 187 184
serine,4,lysine,1,4,15,2,10.134,9.366,-0.119,119.4,75.9,0.0,0.0,2.15,1.471,29 334 322 219 80 172
serine,4,lysine,1,4,15,3,10.134,9.366,-0.119,119.4,75.9,0.0,0.0,2.808,0.724,138 227 232 79 77 241 212 139
serine,4,lysine,1,4,15,4,10.134,9.366,-0.119,119.4,75.9,0.0,0.0,3.273,1.233,159 208 213 126 119 219 214 87 97 196
serine,4,lysine,1,5,13,1,10.134,9.837,-0.119,89.6,100.5,2.629,0.0,2.888,1.57,309 305 166 172
serine,4,lysine,1,5,13,2,10.134,9.837,-0.119,89.6,100.5,0.0,0.0,2.866,2.365,248 136 125 217 197 151
serine,4,lysine,1,5,13,3,10.134,9.837,-0.119,89.6,100.5,0.0,0.0,2.787,2.814,194 144 137 248 240 135 156 201
serine,4,lysine,1,5,13,4,10.134,9.837,-0.119,89.6,100.5,0.0,0.0,2.864,2.048,205 179 161 236 237 88 102 227 202 157
serine,4,lysine,1,5,14,1,10.134,11.707,-0.119,81.2,13.8,4.4738,0.0,2.031,1.663,301 325 179 179
serine,4,lysine,1,5,14,2,10.134,11.707,-0.119,81.2,13.8,1.1817,0.0,0.957,2.814,262 13 178 179 127 147
serine,4,lysine,1,5,14,3,10.134,11.707,-0.119,81.2,13.8,0.3011,0.0,2.893,2.814,253 355 177 178 125 152 359 181
serine,4,lysine,1,5,14,4,10.134,11.707,-0.119,81.2,13.8,0.0,0.0,4.789,2.814,229 94 217 195 203 176 79 189 332 185
serine,4,lysine,1,5,15,1,10.134,10.262,-0.119,83.6,84.4,2.9977,0.0,2.52,1.355,267 43 185 183
serine,4,lysine,1,5,15,2,10.134,10.262,-0.119,83.6,84.4,0.0,0.0,2.291,0.797,257 98 163 223 202 178
serine,4,lysine,1,5,15,3,10.134,10.262,-0.119,83.6,84.4,0.0,0.0,3.683,0.916,255 155 146 210 206 96 111 198
serine,4,lysine,1,5,15,4,10.134,10.262,-0.119,83.6,84.4,0.0,0.0,3.528,1.974,218 167 161 219 221 120 129 223 209 165
serine,4,aspartic,21,3,3,1,10.22,12.533,0.941,31.8,44.8,7.2927,0.0,7.626,3.362,204 0 169 28
serine,4,aspartic,21,3,3,2,10.22,12.533,0.941,31.8,44.8,3.7602,0.0,4.708,3.328,205 360 209 304 175 177
serine,4,aspartic,21,3,3,3,10.22,12.533,0.941,31.8,44.8,0.4124,0.0,3.47,3.588,190 360 215 291 180 180 131 149
serine,4,aspartic,21,3,3,4,10.22,12.533,0.941,31.8,44.8,0.0,0.0,3.728,2.801,193 75 141 248 170 130 142 110 108 170
serine,4,aspartic,21,3,4,1,10.22,12.186,0.941,35.0,60.0,6.7454,0.0,7.411,2.746,225 360 195 320
serine,4,aspartic,21,3,4,2,10.22,12.186,0.941,35.0,60.0,3.2268,0.0,4.599,2.795,223 1 148 62 187 185
serine,4,aspartic,21,3,4,3,10.22,12.186,0.941,35.0,60.0,0.0,0.0,2.947,1.918,244 358 141 96 161 201 212 204
serine,4,aspartic,21,3,4,4,10.22,12.186,0.941,35.0,60.0,0.0,0.0,3.779,0.902,281 290 267 278 139 97 168 109 126 208
serine,4,aspartic,21,3,5,1,10.22,10.256,0.941,35.5,141.8,4.9582,0.0,7.509,3.181,211 0 167 31
serine,4,aspartic,21,3,5,2,10.22,10.256,0.941,35.5,141.8,1.5088,0.0,4.391,3.069,216 359 206 310 166 172
serine,4,aspartic,21,3,5,3,10.22,10.256,0.941,35.5,141.8,0.0,0.0,2.679,1.003,241 82 76 332 240 164 253 233
serine,4,aspartic,21,3,5,4,10.22,10.256,0.941,35.5,141.8,0.0,0.0,2.52,0.457,308 36 75 291 256 108 127 186 181 179
serine,4,aspartic,21,4,3,1,10.22,10.916,0.941,99.1,51.7,3.6967,0.0,3.891,2.498,62 75 190 186
serine,4,aspartic,21,4,3,2,10.22,10.916,0.941,99.1,51.7,0.3888,0.0,2.885,2.837,60 96 185 183 240 213
serine,4,aspartic,21,4,3,3,10.22,10.916,0.941,99.1,51.7,0.0,0.0,3.655,4.348,159 197 210 146 148 232 220 164
serine,4,aspartic,21,4,3,4,10.22,10.916,0.941,99.1,51.7,0.0,0.0,2.631,4.348,175 179 199 143 139 238 227 140 159 197
serine,4,aspartic,21,4,4,1,10.22,10.969,0.941,86.0,49.3,3.699,0.0,3.38,2.438,70 51 178 179
serine,4,aspartic,21,4,4,2,10.22,10.969,0.941,86.0,49.3,0.4705,0.0,2.533,3.094,119 344 157 155 251 209
serine,4,aspartic,21,4,4,3,10.22,10.969,0.941,86.0,49.3,0.0,0.0,2.624,3.394,143 322 185 43 58 213 273 223
serine,4,aspartic,21,4,4,4,10.22,10.969,0.941,86.0,49.3,0.0,0.0,3.997,4.348,180 217 229 137 135 207 199 99 107 191
serine,4,aspartic,21,4,5,1,10.22,8.868,0.941,92.1,136.9,1.6287,0.0,3.74,2.663,70 62 184 183
serine,4,aspartic,21,4,5,2,10.22,8.868,0.941,92.1,136.9,0.0,0.0,3.109,4.161,123 175 282 159 145 251
serine,4,aspartic,21,4,5,3,10.22,8.868,0.941,92.1,136.9,0.0,0.0,3.948,4.348,171 192 211 135 135 256 243 160
serine,4,aspartic,21,4,5,4,10.22,8.868,0.941,92.1,136.9,0.0,0.0,4.124,4.348,203 190 218 136 127 226 210 119 144 201
serine,4,aspartic,21,5,3,1,10.22,10.193,0.941,131.3,40.5,2.924,0.0,2.731,1.81,312 226 184 183
serine,4,aspartic,21,5,3,2,10.22,10.193,0.941,131.3,40.5,0.3649,0.0,2.895,2.814,222 118 156 164 89 147
serine,4,aspartic,21,5,3,3,10.22,10.193,0.941,131.3,40.5,0.0,0.0,3.31,2.814,186 144 162 197 327 208 57 144
serine,4,aspartic,21,5,3,4,10.22,10.193,0.941,131.3,40.5,0.0,0.0,4.102,2.814,170 186 165 212 222 145 150 250 239 164
serine,4,aspartic,21,5,4,1,10.22,9.72,0.941,142.1,61.3,2.4314,0.0,2.861,2.616,265 154 180 180
serine,4,aspartic,21,5,4,2,10.22,9.72,0.941,142.1,61.3,0.0,0.0,1.968,1.447,343 200 177 179 78 180
serine,4,aspartic,21,5,4,3,10.22,9.72,0.941,142.1,61.3,0.0,0.0,4.016,2.814,209 193 186 226 218 99 104 185
serine,4,aspartic,21,5,4,4,10.22,9.72,0.941,142.1,61.3,0.0,0.0,4.244,2.814,180 197 172 205 223 142 144 253 238 157
serine,4,aspartic,21,5,5,1,10.22,7.872,0.941,137.1,139.1,0.6083,0.0,2.81,1.929,307 214 183 182
serine,4,aspartic,21,5,5,2,10.22,7.872,0.941,137.1,139.1,0.0,0.0,2.61,2.814,266 306 333 165 98 43
serine,4,aspartic,21,5,5,3,10.22,7.872,0.941,137.1,139.1,0.0,0.0,3.499,2.814,172 203 164 246 251 64 82 208
serine,4,aspartic,21,5,5,4,10.22,7.872,0.941,137.1,139.1,0.0,0.0,4.348,2.814,157 201 158 204 232 130 139 277 246 149
serine,4,glutamic,8,3,5,1,8.05,9.158,0.762,21.0,96.8,5.1494,0.0,7.31,1.055,330 0 179 1
serine,4,glutamic,8,3,5,2,8.05,9.158,0.762,21.0,96.8,1.3824,0.0,3.758,1.316,335 360 182 358 162 154
serine,4,glutamic,8,3,5,3,8.05,9.158,0.762,21.0,96.8,0.0,0.0,3.887,0.755,314 35 108 33 146 51 256 296
serine,4,glutamic,8,3,5,4,8.05,9.158,0.762,21.0,96.8,0.0,0.0,2.408,0.815,348 29 68 314 281 101 127 225 206 165
serine,4,glutamic,8,3,6,1,8.05,8.837,0.762,29.1,109.7,4.136,0.0,7.518,2.73,3 360 180 359
serine,4,glutamic,8,3,6,2,8.05,8.837,0.762,29.1,109.7,0.7266,0.0,3.892,2.313,352 2 165 19 214 208
serine,4,glutamic,8,3,6,3,8.05,8.837,0.762,29.1,109.7,0.0,0.0,4.383,3.588,58 275 244 91 119 234 212 164
serine,4,glutamic,8,3,6,4,8.05,8.837,0.762,29.1,109.7,0.0,0.0,4.062,3.403,39 317 283 55 85 249 223 123 142 196
serine,4,glutamic,8,3,7,1,8.05,9.094,0.762,14.5,99.4,5.7646,0.0,8.017,3.326,21 360 181 359
serine,4,glutamic,8,3,7,2,8.05,9.094,0.762,14.5,99.4,1.9569,0.0,4.95,3.276,19 360 180 360 202 234
serine,4,glutamic,8,3,7,3,8.05,9.094,0.762,14.5,99.4,0.0,0.0,4.879,2.048,3 326 243 44 138 248 200 161
serine,4,glutamic,8,3,7,4,8.05,9.094,0.762,14.5,99.4,0.0,0.0,4.658,2.954,38 318 283 60 89 246 223 135 151 194
serine,4,glutamic,8,4,5,1,8.05,7.974,0.762,76.1,87.9,0.7095,0.0,4.7,0.912,62 338 168 170
serine,4,glutamic,8,4,5,2,8.05,7.974,0.762,76.1,87.9,0.0,0.0,4.135,1.072,45 150 35 81 6 195
serine,4,glutamic,8,4,5,3,8.05,7.974,0.762,76.1,87.9,0.0,0.0,3.842,0.922,82 118 74 202 241 325 268 118
serine,4,glutamic,8,4,5,4,8.05,7.974,0.762,76.1,87.9,0.0,0.0,3.784,0.941,48 357 322 18 38 268 258 64 109 231
serine,4,glutamic,8,4,6,1,8.05,7.645,0.762,80.2,100.5,0.3658,0.0,4.725,2.336,7 41 170 175
serine,4,glutamic,8,4,6,2,8.05,7.645,0.762,80.2,100.5,0.0,0.0,4.316,3.166,332 351 281 46 84 215
serine,4,glutamic,8,4,6,3,8.05,7.645,0.762,80.2,100.5,0.0,0.0,4.363,2.244,70 67 351 319 296 317 275 127
serine,4,glutamic,8,4,6,4,8.05,7.645,0.762,80.2,100.5,0.0,0.0,3.366,1.622,93 304 253 51 73 276 262 32 89 236
serine,4,glutamic,8,4,7,1,8.05,7.37,0.762,93.6,111.8,0.0951,0.0,5.009,1.456,7 61 194 189
serine,4,glutamic,8,4,7,2,8.05,7.37,0.762,93.6,111.8,0.0,0.0,4.743,2.581,335 4 276 65 89 211
serine,4,glutamic,8,4,7,3,8.05,7.37,0.762,93.6,111.8,0.0,0.0,4.588,3.263,322 10 316 41 64 303 286 164
serine,4,glutamic,8,4,7,4,8.05,7.37,0.762,93.6,111.8,0.0,0.0,4.914,0.319,131 44 347 305 344 273 226 19 70 240
serine,4,glutamic,8,5,5,1,8.05,7.502,0.762,93.6,105.9,0.2133,0.0,4.325,0.599,296 67 180 180
serine,4,glutamic,8,5,5,2,8.05,7.502,0.762,93.6,105.9,0.0,0.0,2.782,0.855,29 18 95 256 239 141
serine,4,glutamic,8,5,5,3,8.05,7.502,0.762,93.6,105.9,0.0,0.0,3.924,0.619,257 283 4 25 155 325 56 61
serine,4,glutamic,8,5,5,4,8.05,7.502,0.762,93.6,105.9,0.0,0.0,3.559,1.012,302 350 41 18 349 95 112 280 244 138
serine,4,glutamic,8,5,6,1,8.05,7.779,0.762,75.3,95.0,0.547,0.0,3.775,1.293,347 342 161 162
serine,4,glutamic,8,5,6,2,8.05,7.779,0.762,75.3,95.0,0.0,0.0,2.913,0.973,36 352 126 288 240 155
serine,4,glutamic,8,5,6,3,8.05,7.779,0.762,75.3,95.0,0.0,0.0,3.265,1.299,302 210 69 25 65 52 61 157
serine,4,glutamic,8,5,6,4,8.05,7.779,0.762,75.3,95.0,0.0,0.0,4.25,0.784,291 37 85 336 307 76 93 318 266 128
serine,4,glutamic,8,5,7,1,8.05,7.656,0.762,83.0,99.8,0.4311,0.0,5.193,0.783,289 55 156 168
serine,4,glutamic,8,5,7,2,8.05,7.656,0.762,83.0,99.8,0.0,0.0,4.892,0.411,343 134 336 348 295 163
serine,4,glutamic,8,5,7,3,8.05,7.656,0.762,83.0,99.8,0.0,0.0,4.899,0.73,352 40 359 337 273 76 163 288
serine,4,glutamic,8,5,7,4,8.05,7.656,0.762,83.0,99.8,0.0,0.0,4.44,0.359,275 329 18 15 358 105 122 283 250 136
serine,4,leucine,5,3,1,1,4.321,4.735,-0.859,114.6,38.3,0.845,0.0,1.375,3.588,72 97 351 347
serine,4,leucine,5,3,1,2,4.321,4.735,-0.859,114.6,38.3,0.0,0.0,2.111,3.588,113 143 300 286 263 27
serine,4,leucine,5,3,1,3,4.321,4.735,-0.859,114.6,38.3,0.0,0.0,2.059,2.033,295 176 158 77 80 2 157 293
serine,4,leucine,5,3,1,4,4.321,4.735,-0.859,114.6,38.3,0.0,0.0,1.531,0.615,294 286 25 135 80 224 274 82 58 264
serine,4,leucine,5,3,2,1,4.321,4.359,-0.859,85.6,53.5,1.516,0.0,1.023,3.588,58 70 31 20
serine,4,leucine,5,3,2,2,4.321,4.359,-0.859,85.6,53.5,0.4214,0.0,1.56,3.588,87 61 41 71 73 20
serine,4,leucine,5,3,2,3,4.321,4.359,-0.859,85.6,53.5,0.0,0.0,1.715,0.329,310 170 56 263 299 154 40 334
serine,4,leucine,5,3,2,4,4.321,4.359,-0.859,85.6,53.5,0.0,0.0,0.769,3.588,108 277 261 55 40 274 270 74 152 253
serine,4,leucine,5,3,13,1,4.321,4.161,-0.859,111.2,60.6,0.8377,0.0,2.08,0.914,324 274 1 1
serine,4,leucine,5,3,13,2,4.321,4.161,-0.859,111.2,60.6,0.0338,0.0,2.36,0.402,277 282 22 12 131 23
serine,4,leucine,5,3,13,3,4.321,4.161,-0.859,111.2,60.6,0.0,0.0,1.969,3.4,107 138 264 310 273 272 302 279
serine,4,leucine,5,3,13,4,4.321,4.161,-0.859,111.2,60.6,0.0,0.0,2.36,0.734,235 279 356 147 26 254 293 159 94 213
serine,4,leucine,5,4,1,1,4.321,5.936,-0.859,68.1,44.4,0.5669,0.0,1.34,4.348,300 265 297 308
serine,4,leucine,5,4,1,2,4.321,5.936,-0.859,68.1,44.4,0.0,0.0,2.041,4.348,288 185 334 290 304 69
serine,4,leucine,5,4,1,3,4.321,5.936,-0.859,68.1,44.4,0.0,0.0,2.68,2.996,4 21 40 293 289 87 112 236
serine,4,leucine,5,4,1,4,4.321,5.936,-0.859,68.1,44.4,0.0,0.0,1.327,3.242,360 16 16 274 271 91 149 297 228 156
serine,4,leucine,5,4,2,1,4.321,5.009,-0.859,62.3,79.3,0.4246,0.0,2.395,4.217,318 81 74 5
serine,4,leucine,5,4,2,2,4.321,5.009,-0.859,62.3,79.3,0.0,0.0,2.208,4.348,307 199 345 154 13 51
serine,4,leucine,5,4,2,3,4.321,5.009,-0.859,62.3,79.3,0.0,0.0,2.523,1.611,32 68 19 269 262 76 185 284
serine,4,leucine,5,4,2,4,4.321,5.009,-0.859,62.3,79.3,0.0,0.0,2.704,3.213,10 357 20 323 316 71 87 299 245 124
serine,4,leucine,5,4,13,1,4.321,5.903,-0.859,44.3,45.8,1.9257,0.0,1.393,4.348,282 315 249 349
serine,4,leucine,5,4,13,2,4.321,5.903,-0.859,44.3,45.8,0.5534,0.0,1.307,3.368,238 322 255 319 266 302
serine,4,leucine,5,4,13,3,4.321,5.903,-0.859,44.3,45.8,0.0,0.0,3.199,0.836,47 28 121 321 207 54 98 172
serine,4,leucine,5,4,13,4,4.321,5.903,-0.859,44.3,45.8,0.0,0.0,0.79,3.336,281 11 83 317 307 105 73 275 263 124
serine,4,leucine,5,5,1,1,4.321,6.938,-0.859,22.1,28.9,3.5936,0.0,2.424,0.747,85 0 179 1
serine,4,leucine,5,5,1,2,4.321,6.938,-0.859,22.1,28.9,0.5753,0.0,1.465,2.396,120 16 147 25 126 78
serine,4,leucine,5,5,1,3,4.321,6.938,-0.859,22.1,28.9,0.0,0.0,1.836,1.678,135 304 256 76 82 257 260 153
serine,4,leucine,5,5,1,4,4.321,6.938,-0.859,22.1,28.9,0.0,0.0,1.979,0.396,304 19 140 343 231 276 226 207 52 51
serine,4,leucine,5,5,2,1,4.321,5.855,-0.859,24.5,74.7,2.9917,0.0,4.786,0.977,33 358 183 359
serine,4,leucine,5,5,2,2,4.321,5.855,-0.859,24.5,74.7,0.0,0.0,3.889,0.942,21 297 267 14 166 297
serine,4,leucine,5,5,2,3,4.321,5.855,-0.859,24.5,74.7,0.0,0.0,4.214,0.617,340 313 298 57 77 298 247 129
serine,4,leucine,5,5,2,4,4.321,5.855,-0.859,24.5,74.7,0.0,0.0,4.392,1.053,352 346 306 32 64 286 254 95 126 207
serine,4,leucine,5,5,13,1,4.321,5.986,-0.859,40.6,69.9,1.3898,0.0,3.209,0.454,68 360 180 360
serine,4,leucine,5,5,13,2,4.321,5.986,-0.859,40.6,69.9,0.0,0.0,3.766,1.113,33 284 277 57 145 268
serine,4,leucine,5,5,13,3,4.321,5.986,-0.859,40.6,69.9,0.0,0.0,3.773,0.988,358 254 278 63 197 319 130 84
serine,4,leucine,5,5,13,4,4.321,5.986,-0.859,40.6,69.9,0.0,0.0,2.191,0.439,26 344 317 67 86 264 238 75 110 212
serine,4,tryptophan,5,3,16,1,12.242,12.659,-0.903,17.3,130.3,8.5352,0.0,9.201,1.778,342 360 181 359
serine,4,tryptophan,5,3,16,2,12.242,12.659,-0.903,17.3,130.3,4.8721,0.0,6.143,1.629,339 0 175 8 186 184
serine,4,tryptophan,5,3,16,3,12.242,12.659,-0.903,17.3,130.3,1.2593,0.0,3.344,1.713,341 359 183 356 155 157 171 174
serine,4,tryptophan,5,3,16,4,12.242,12.659,-0.903,17.3,130.3,0.0,0.0,2.798,0.968,293 80 110 275 244 141 158 187 183 178
serine,4,tryptophan,5,3,17,1,12.242,13.839,-0.903,22.9,81.6,9.1416,0.0,8.494,0.387,319 0 180 1
serine,4,tryptophan,5,3,17,2,12.242,13.839,-0.903,22.9,81.6,5.6546,0.0,5.798,0.512,322 359 201 323 171 174
serine,4,tryptophan,5,3,17,3,12.242,13.839,-0.903,22.9,81.6,1.8643,0.0,2.776,0.405,319 360 167 25 179 180 179 179
serine,4,tryptophan,5,3,17,4,12.242,13.839,-0.903,22.9,81.6,0.0,0.0,1.434,0.492,294 25 131 329 230 141 179 208 204 189
serine,4,tryptophan,5,3,18,1,12.242,15.056,-0.903,15.9,26.1,10.8737,0.0,8.955,1.315,334 360 180 359
serine,4,tryptophan,5,3,18,2,12.242,15.056,-0.903,15.9,26.1,7.251,0.0,5.877,1.254,333 0 171 15 183 182
serine,4,tryptophan,5,3,18,3,12.242,15.056,-0.903,15.9,26.1,3.5855,0.0,3.199,1.383,336 360 181 358 165 167 177 178
serine,4,tryptophan,5,3,18,4,12.242,15.056,-0.903,15.9,26.1,0.6422,0.0,4.021,2.79,4 0 171 16 184 182 183 182 115 152
serine,4,tryptophan,5,4,16,1,12.242,11.209,-0.903,86.0,132.8,3.9851,0.0,5.259,1.056,72 311 175 177
serine,4,tryptophan,5,4,16,2,12.242,11.209,-0.903,86.0,132.8,0.2311,0.0,2.947,0.788,25 42 185 183 185 184
serine,4,tryptophan,5,4,16,3,12.242,11.209,-0.903,86.0,132.8,0.0,0.0,2.896,1.089,2 349 302 41 67 227 204 167
serine,4,tryptophan,5,4,16,4,12.242,11.209,-0.903,86.0,132.8,0.0,0.0,3.323,2.018,13 355 336 45 56 243 210 115 149 203
serine,4,tryptophan,5,4,17,1,12.242,12.685,-0.903,77.5,72.1,5.4217,0.0,4.853,0.688,65 335 181 181
serine,4,tryptophan,5,4,17,2,12.242,12.685,-0.903,77.5,72.1,1.8244,0.0,1.898,0.488,39 17 206 198 195 192
serine,4,tryptophan,5,4,17,3,12.242,12.685,-0.903,77.5,72.1,0.0,0.0,2.786,1.408,29 355 223 321 60 219 216 212
serine,4,tryptophan,5,4,17,4,12.242,12.685,-0.903,77.5,72.1,0.0,0.0,1.605,0.619,50 320 285 41 65 225 202 106 124 200
serine,4,tryptophan,5,4,18,1,12.242,13.571,-0.903,87.5,32.0,6.3473,0.0,5.209,0.839,77 308 176 177
serine,4,tryptophan,5,4,18,2,12.242,13.571,-0.903,87.5,32.0,2.5932,0.0,2.69,0.735,26 47 179 180 179 179
serine,4,tryptophan,5,4,18,3,12.242,13.571,-0.903,87.5,32.0,0.3607,0.0,3.324,1.7,72 285 172 176 175 175 291 205
serine,4,tryptophan,5,4,18,4,12.242,13.571,-0.903,87.5,32.0,0.0,0.0,2.976,2.772,357 78 240 155 318 218 242 211 67 156
serine,4,tryptophan,5,5,16,1,12.242,10.975,-0.903,94.8,122.0,3.7384,0.0,4.187,0.871,356 290 185 183
serine,4,tryptophan,5,5,16,2,12.242,10.975,-0.903,94.8,122.0,0.0275,0.0,3.059,0.777,294 64 198 190 194 193
serine,4,tryptophan,5,5,16,3,12.242,10.975,-0.903,94.8,122.0,0.0,0.0,2.215,0.591,11 224 252 24 43 136 273 355
serine,4,tryptophan,5,5,16,4,12.242,10.975,-0.903,94.8,122.0,0.0,0.0,3.335,0.762,320 20 58 337 311 117 142 267 241 153
serine,4,tryptophan,5,5,17,1,12.242,12.014,-0.903,102.9,80.5,4.7506,0.0,3.647,0.539,294 83 182 181
serine,4,tryptophan,5,5,17,2,12.242,12.014,-0.903,102.9,80.5,1.0895,0.0,2.114,0.315,298 85 160 170 166 166
serine,4,tryptophan,5,5,17,3,12.242,12.014,-0.903,102.9,80.5,0.0,0.0,1.796,0.681,324 18 321 140 280 274 172 79
serine,4,tryptophan,5,5,17,4,12.242,12.014,-0.903,102.9,80.5,0.0,0.0,3.857,1.389,344 53 84 344 317 120 155 287 262 158
serine,4,tryptophan,5,5,18,1,12.242,13.267,-0.903,99.0,21.5,6.0248,0.0,3.926,0.837,357 283 181 181
serine,4,tryptophan,5,5,18,2,12.242,13.267,-0.903,99.0,21.5,2.3049,0.0,2.672,0.845,291 73 186 183 185 185
serine,4,tryptophan,5,5,18,3,12.242,13.267,-0.903,99.0,21.5,0.4633,0.0,3.299,0.722,292 41 169 175 170 171 310 200
serine,4,tryptophan,5,5,18,4,12.242,13.267,-0.903,99.0,21.5,0.0,0.0,3.584,0.614,348 302 166 24 289 166 110 147 345 192
serine,4,lysine,8,3,13,1,10.961,13.231,-0.063,22.7,52.9,8.5932,0.0,11.255,3.588,139 0 179 2
serine,4,lysine,8,3,13,2,10.961,13.231,-0.063,22.7,52.9,5.0408,0.0,7.878,3.588,141 359 200 326 174 176
serine,4,lysine,8,3,13,3,10.961,13.231,-0.063,22.7,52.9,1.2898,0.0,4.526,3.588,140 360 189 342 176 178 177 178
serine,4,lysine,8,3,13,4,10.961,13.231,-0.063,22.7,52.9,0.0,0.0,4.453,3.588,97 305 239 91 131 201 196 170 150 166
serine,4,lysine,8,3,14,1,10.961,11.802,-0.063,28.4,108.3,6.8307,0.0,11.092,3.588,157 360 181 359
serine,4,lysine,8,3,14,2,10.961,11.802,-0.063,28.4,108.3,3.3973,0.0,7.901,3.588,153 1 156 42 195 189
serine,4,lysine,8,3,14,3,10.961,11.802,-0.063,28.4,108.3,0.0,0.0,4.481,3.588,182 327 187 60 163 202 190 189
serine,4,lysine,8,3,14,4,10.961,11.802,-0.063,28.4,108.3,0.0,0.0,4.921,3.588,100 323 285 60 94 246 231 180 184 180
serine,4,lysine,8,3,15,1,10.961,11.292,-0.063,16.5,132.0,7.4025,0.0,11.135,3.588,151 0 180 0
serine,4,lysine,8,3,15,2,10.961,11.292,-0.063,16.5,132.0,3.6231,0.0,7.573,3.588,151 360 180 360 178 177
serine,4,lysine,8,3,15,3,10.961,11.292,-0.063,16.5,132.0,0.0567,0.0,4.009,2.88,150 0 179 2 214 217 185 183
serine,4,lysine,8,3,15,4,10.961,11.292,-0.063,16.5,132.0,0.0,0.0,4.229,3.241,81 302 267 84 111 223 210 164 166 180
serine,4,lysine,8,4,13,1,10.961,10.875,-0.063,125.8,56.3,3.6015,0.0,6.044,3.157,109 237 178 179
serine,4,lysine,8,4,13,2,10.961,10.875,-0.063,125.8,56.3,0.3318,0.0,4.421,2.744,31 131 202 190 237 217
serine,4,lysine,8,4,13,3,10.961,10.875,-0.063,125.8,56.3,0.0,0.0,4.518,4.005,117 170 179 142 156 289 274 170
serine,4,lysine,8,4,13,4,10.961,10.875,-0.063,125.8,56.3,0.0,0.0,4.47,4.348,175 174 187 141 137 223 215 134 147 195
serine,4,lysine,8,4,14,1,10.961,9.533,-0.063,124.8,107.8,2.2557,0.0,5.996,2.656,48 121 181 181
serine,4,lysine,8,4,14,2,10.961,9.533,-0.063,124.8,107.8,0.0,0.0,4.893,3.669,102 148 231 130 220 312
serine,4,lysine,8,4,14,3,10.961,9.533,-0.063,124.8,107.8,0.0,0.0,4.979,4.348,160 169 193 120 128 304 292 170
serine,4,lysine,8,4,14,4,10.961,9.533,-0.063,124.8,107.8,0.0,0.0,4.969,4.348,198 164 184 131 129 243 228 136 153 194
serine,4,lysine,8,4,15,1,10.961,9.068,-0.063,116.0,129.3,1.8232,0.0,5.774,2.419,110 252 186 183
serine,4,lysine,8,4,15,2,10.961,9.068,-0.063,116.0,129.3,0.0,0.0,4.355,3.109,107 169 225 116 206 299
serine,4,lysine,8,4,15,3,10.961,9.068,-0.063,116.0,129.3,0.0,0.0,3.766,2.727,171 199 238 92 103 242 189 136
serine,4,lysine,8,4,15,4,10.961,9.068,-0.063,116.0,129.3,0.0,0.0,4.31,3.194,178 165 186 120 116 265 248 137 163 203
serine,4,lysine,8,5,13,1,10.961,11.56,-0.063,96.6,44.7,4.3118,0.0,5.967,1.787,312 287 185 183
serine,4,lysine,8,5,13,2,10.961,11.56,-0.063,96.6,44.7,0.7261,0.0,4.205,1.756,308 300 185 183 209 203
serine,4,lysine,8,5,13,3,10.961,11.56,-0.063,96.6,44.7,0.0,0.0,3.932,2.329,255 51 172 278 39 161 45 173
serine,4,lysine,8,5,13,4,10.961,11.56,-0.063,96.6,44.7,0.0,0.0,4.517,2.814,191 135 136 237 235 157 162 260 260 175
serine,4,lysine,8,5,14,1,10.961,10.028,-0.063,103.1,105.0,2.7567,0.0,6.019,1.926,307 276 178 179
serine,4,lysine,8,5,14,2,10.961,10.028,-0.063,103.1,105.0,0.0,0.0,4.308,2.814,220 129 170 225 220 189
serine,4,lysine,8,5,14,3,10.961,10.028,-0.063,103.1,105.0,0.0,0.0,4.123,2.814,214 176 158 215 211 98 111 198
serine,4,lysine,8,5,14,4,10.961,10.028,-0.063,103.1,105.0,0.0,0.0,4.112,2.814,174 176 160 220 224 134 143 230 215 164
serine,4,lysine,8,5,15,1,10.961,9.444,-0.063,100.4,131.9,2.1933,0.0,5.983,2.212,248 79 180 180
serine,4,lysine,8,5,15,2,10.961,9.444,-0.063,100.4,131.9,0.0,0.0,3.475,2.482,237 153 139 229 204 143
serine,4,lysine,8,5,15,3,10.961,9.444,-0.063,100.4,131.9,0.0,0.0,4.348,2.814,194 145 114 277 259 123 168 219
serine,4,lysine,8,5,15,4,10.961,9.444,-0.063,100.4,131.9,0.0,0.0,3.208,2.291,186 181 166 232 236 110 122 219 198 158
serine,4,leucine,13,3,1,1,9.493,7.702,-0.689,130.4,106.2,0.4419,0.0,2.479,1.849,329 223 195 190
serine,4,leucine,13,3,1,2,9.493,7.702,-0.689,130.4,106.2,0.0,0.0,2.395,1.35,214 175 111 296 278 125
serine,4,leucine,13,3,1,3,9.493,7.702,-0.689,130.4,106.2,0.0,0.0,1.441,2.519,177 182 127 245 267 110 157 235
serine,4,leucine,13,3,1,4,9.493,7.702,-0.689,130.4,106.2,0.0,0.0,1.764,2.707,165 187 150 214 244 124 126 301 275 154
serine,4,leucine,13,3,2,1,9.493,9.663,-0.689,140.0,21.8,2.386,0.0,1.758,2.182,314 208 183 182
serine,4,leucine,13,3,2,2,9.493,9.663,-0.689,140.0,21.8,0.552,0.0,1.517,1.473,222 132 159 164 59 156
serine,4,leucine,13,3,2,3,9.493,9.663,-0.689,140.0,21.8,0.0,0.0,1.444,3.131,213 180 172 161 301 215 12 174
serine,4,leucine,13,3,2,4,9.493,9.663,-0.689,140.0,21.8,0.0,0.0,2.117,3.588,173 195 174 210 225 141 143 247 233 159
serine,4,leucine,13,3,13,1,9.493,8.605,-0.689,140.7,72.0,1.3407,0.0,1.866,1.827,281 146 190 186
serine,4,leucine,13,3,13,2,9.493,8.605,-0.689,140.7,72.0,0.0,0.0,2.653,1.861,299 140 186 248 59 3
serine,4,leucine,13,3,13,3,9.493,8.605,-0.689,140.7,72.0,0.0,0.0,1.332,3.588,177 175 195 347 161 56 48 188
serine,4,leucine,13,3,13,4,9.493,8.605,-0.689,140.7,72.0,0.0,0.0,2.676,3.588,145 203 190 226 242 132 134 232 217 158
serine,4,leucine,13,4,1,1,9.493,10.126,-0.689,25.7,109.7,5.6191,0.0,4.47,4.348,230 1 176 6
serine,4,leucine,13,4,1,2,9.493,10.126,-0.689,25.7,109.7,1.8577,0.0,0.997,2.911,231 360 199 329 180 180
serine,4,leucine,13,4,1,3,9.493,10.126,-0.689,25.7,109.7,0.0,0.0,1.817,2.112,223 63 106 293 241 139 162 192
serine,4,leucine,13,4,1,4,9.493,10.126,-0.689,25.7,109.7,0.0,0.0,2.435,0.312,346 281 287 299 210 67 105 196 190 182
serine,4,leucine,13,4,2,1,9.493,12.129,-0.689,33.1,23.2,6.8306,0.0,4.419,4.348,229 0 167 33
serine,4,leucine,13,4,2,2,9.493,12.129,-0.689,33.1,23.2,3.3005,0.0,0.875,3.625,230 359 210 303 174 176
serine,4,leucine,13,4,2,3,9.493,12.129,-0.689,33.1,23.2,0.5841,0.0,0.242,3.988,205 3 220 271 199 192 97 144
serine,4,leucine,13,4,2,4,9.493,12.129,-0.689,33.1,23.2,0.0,0.0,1.521,4.348,219 312 176 127 157 208 237 180 85 118
serine,4,leucine,13,4,13,1,9.493,11.068,-0.689,34.0,73.7,5.7614,0.0,4.474,4.348,250 360 192 331
serine,4,leucine,13,4,13,2,9.493,11.068,-0.689,34.0,73.7,2.1981,0.0,0.941,4.305,249 0 150 57 183 182
serine,4,leucine,13,4,13,3,9.493,11.068,-0.689,34.0,73.7,0.0,0.0,2.412,4.348,273 35 168 265 182 134 145 177
serine,4,leucine,13,4,13,4,9.493,11.068,-0.689,34.0,73.7,0.0,0.0,1.53,4.348,304 32 70 297 268 130 149 212 203 172
serine,4,leucine,13,5,1,1,9.493,8.728,-0.689,86.6,120.8,1.513,0.0,3.041,0.709,118 313 165 171
serine,4,leucine,13,5,1,2,9.493,8.728,-0.689,86.6,120.8,0.0,0.0,2.428,2.055,150 233 211 109 116 183
serine,4,leucine,13,5,1,3,9.493,8.728,-0.689,86.6,120.8,0.0,0.0,2.768,2.014,154 193 214 136 136 263 245 156
serine,4,leucine,13,5,1,4,9.493,8.728,-0.689,86.6,120.8,0.0,0.0,2.16,2.814,181 192 206 141 132 229 225 124 140 201
serine,4,leucine,13,5,2,1,9.493,10.88,-0.689,85.9,31.0,3.6934,0.0,3.062,0.44,71 47 192 187
serine,4,leucine,13,5,2,2,9.493,10.88,-0.689,85.9,31.0,0.6891,0.0,1.858,0.474,64 81 183 182 256 214
serine,4,leucine,13,5,2,3,9.493,10.88,-0.689,85.9,31.0,0.0,0.0,2.613,2.263,143 224 195 158 143 227 276 188
serine,4,leucine,13,5,2,4,9.493,10.88,-0.689,85.9,31.0,0.0,0.0,2.169,2.814,177 196 209 143 140 223 215 135 148 195
serine,4,leucine,13,5,13,1,9.493,10.139,-0.689,74.3,65.3,2.8545,0.0,2.475,0.932,98 349 179 179
serine,4,leucine,13,5,13,2,9.493,10.139,-0.689,74.3,65.3,0.076,0.0,2.408,0.795,75 1 203 243 61 165
serine,4,leucine,13,5,13,3,9.493,10.139,-0.689,74.3,65.3,0.0,0.0,1.335,2.814,144 2 164 355 116 219 269 173
serine,4,leucine,13,5,13,4,9.493,10.139,-0.689,74.3,65.3,0.0,0.0,3.79,1.266,102 230 193 155 151 257 259 121 127 199
serine,4,serine,32,3,3,1,10.06,11.916,-0.471,10.9,72.1,8.4595,0.0,inf,3.031,10 0 180 0
serine,4,serine,32,3,3,2,10.06,11.916,-0.471,10.9,72.1,4.726,0.0,inf,3.121,12 360 181 359 162 150
serine,4,serine,32,3,3,3,10.06,11.916,-0.471,10.9,72.1,1.278,0.0,inf,2.921,8 358 185 355 221 238 161 169
serine,4,serine,32,3,3,4,10.06,11.916,-0.471,10.9,72.1,0.0,0.0,inf,0.751,323 304 265 68 115 235 207 171 184 191
serine,4,serine,32,3,4,1,10.06,12.234,-0.471,12.9,59.7,8.5425,0.0,inf,3.588,70 360 180 360
serine,4,serine,32,3,4,2,10.06,12.234,-0.471,12.9,59.7,4.8357,0.0,inf,3.588,67 0 178 2 195 200
serine,4,serine,32,3,4,3,10.06,12.234,-0.471,12.9,59.7,1.2836,0.0,inf,2.944,72 359 183 357 213 226 166 172
serine,4,serine,32,3,4,4,10.06,12.234,-0.471,12.9,59.7,0.0,0.0,inf,3.338,98 297 248 78 123 211 193 152 154 181
serine,4,serine,32,3,5,1,10.06,12.303,-0.471,20.3,56.8,7.9172,0.0,inf,3.588,37 0 180 0
serine,4,serine,32,3,5,2,10.06,12.303,-0.471,20.3,56.8,4.4099,0.0,inf,3.588,41 359 195 337 164 168
serine,4,serine,32,3,5,3,10.06,12.303,-0.471,20.3,56.8,0.6924,0.0,inf,3.588,41 359 191 343 149 159 163 166
serine,4,serine,32,3,5,4,10.06,12.303,-0.471,20.3,56.8,0.0,0.0,inf,3.189,40 299 273 77 89 219 204 159 170 190
serine,4,serine,32,4,3,1,10.06,10.145,-0.471,96.0,65.2,2.862,0.0,inf,1.004,12 72 179 179
serine,4,serine,32,4,3,2,10.06,10.145,-0.471,96.0,65.2,0.0,0.0,inf,0.546,90 315 172 192 250 186
serine,4,serine,32,4,3,3,10.06,10.145,-0.471,96.0,65.2,0.0,0.0,inf,1.628,23 95 78 307 6 302 317 230
serine,4,serine,32,4,3,4,10.06,10.145,-0.471,96.0,65.2,0.0,0.0,inf,0.54,97 3 7 344 6 315 166 52 51 180
serine,4,serine,32,4,4,1,10.06,10.125,-0.471,110.1,66.0,2.8576,0.0,inf,1.804,8 95 185 183
serine,4,serine,32,4,4,2,10.06,10.125,-0.471,110.1,66.0,0.0,0.0,inf,2.356,99 233 177 142 131 171
serine,4,serine,32,4,4,3,10.06,10.125,-0.471,110.1,66.0,0.0,0.0,inf,2.811,135 201 203 125 129 228 213 163
serine,4,serine,32,4,4,4,10.06,10.125,-0.471,110.1,66.0,0.0,0.0,inf,1.475,159 217 216 111 111 215 202 119 137 199
serine,4,serine,32,4,5,1,10.06,10.442,-0.471,102.7,53.3,3.1599,0.0,inf,1.831,72 277 179 180
serine,4,serine,32,4,5,2,10.06,10.442,-0.471,102.7,53.3,0.2895,0.0,inf,3.192,347 90 139 160 107 141
serine,4,serine,32,4,5,3,10.06,10.442,-0.471,102.7,53.3,0.0,0.0,inf,3.008,59 218 193 175 133 235 316 81
serine,4,serine,32,4,5,4,10.06,10.442,-0.471,102.7,53.3,0.0,0.0,inf,0.661,68 295 238 30 70 245 240 67 92 225
serine,4,serine,32,5,3,1,10.06,10.27,-0.471,91.3,79.2,3.0351,0.0,inf,0.644,282 59 190 186
serine,4,serine,32,5,3,2,10.06,10.27,-0.471,91.3,79.2,0.0,0.0,inf,0.691,346 335 83 139 150 117
serine,4,serine,32,5,3,3,10.06,10.27,-0.471,91.3,79.2,0.0,0.0,inf,1.013,234 120 113 117 109 343 39 204
serine,4,serine,32,5,3,4,10.06,10.27,-0.471,91.3,79.2,0.0,0.0,inf,0.361,317 346 28 344 317 111 135 264 238 151
serine,4,serine,32,5,4,1,10.06,10.741,-0.471,86.2,61.4,3.4775,0.0,inf,0.635,328 310 175 177
serine,4,serine,32,5,4,2,10.06,10.741,-0.471,86.2,61.4,0.2077,0.0,inf,1.311,321 287 206 195 114 142
serine,4,serine,32,5,4,3,10.06,10.741,-0.471,86.2,61.4,0.0,0.0,inf,0.653,335 274 138 213 63 352 235 150
serine,4,serine,32,5,4,4,10.06,10.741,-0.471,86.2,61.4,0.0,0.0,inf,2.613,212 158 156 225 223 136 146 223 210 167
serine,4,serine,32,5,5,1,10.06,11.075,-0.471,78.8,47.1,3.8027,0.0,inf,0.742,294 30 180 180
serine,4,serine,32,5,5,2,10.06,11.075,-0.471,78.8,47.1,0.545,0.0,inf,0.823,324 358 167 157 249 199
serine,4,serine,32,5,5,3,10.06,11.075,-0.471,78.8,47.1,0.0,0.0,inf,1.431,291 3 173 22 296 199 25 201
serine,4,serine,32,5,5,4,10.06,11.075,-0.471,78.8,47.1,0.0,0.0,inf,1.187,282 56 98 314 283 121 135 283 266 149
tryptophan,5,tryptophan,2,16,16,1,12.579,11.402,-0.529,105.8,118.9,4.1747,0.0,2.626,0.466,72 273 174 176
tryptophan,5,tryptophan,2,16,16,2,12.579,11.402,-0.529,105.8,118.9,0.4141,0.0,2.471,0.547,2 87 179 180 180 180
tryptophan,5,tryptophan,2,16,16,3,12.579,11.402,-0.529,105.8,118.9,0.0,0.0,1.948,0.572,6 33 299 341 75 251 233 183
tryptophan,5,tryptophan,2,16,16,4,12.579,11.402,-0.529,105.8,118.9,0.0,0.0,1.762,1.097,28 20 339 24 55 240 212 84 115 209
tryptophan,5,tryptophan,2,16,17,1,12.579,12.619,-0.529,95.7,71.3,5.3547,0.0,2.334,1.012,67 289 181 181
tryptophan,5,tryptophan,2,16,17,2,12.579,12.619,-0.529,95.7,71.3,1.6344,0.0,0.866,0.889,4 66 184 182 183 183
tryptophan,5,tryptophan,2,16,17,3,12.579,12.619,-0.529,95.7,71.3,0.0,0.0,2.006,1.71,50 304 209 221 176 191 253 96
tryptophan,5,tryptophan,2,16,17,4,12.579,12.619,-0.529,95.7,71.3,0.0,0.0,1.272,1.226,26 318 284 28 53 229 200 92 112 201
tryptophan,5,tryptophan,2,16,18,1,12.579,13.554,-0.529,103.0,27.3,6.3192,0.0,2.622,0.583,4 83 183 182
tryptophan,5,tryptophan,2,16,18,2,12.579,13.554,-0.529,103.0,27.3,2.5844,0.0,2.063,0.586,73 277 183 182 183 182
tryptophan,5,tryptophan,2,16,18,3,12.579,13.554,-0.529,103.0,27.3,0.4333,0.0,2.815,0.353,16 106 177 178 178 178 65 156
tryptophan,5,tryptophan,2,16,18,4,12.579,13.554,-0.529,103.0,27.3,0.0,0.0,2.284,0.514,103 220 196 169 166 191 206 108 87 171
tryptophan,5,tryptophan,2,17,16,1,12.579,12.122,-0.529,78.4,107.5,4.8638,0.0,1.202,1.851,322 331 179 179
tryptophan,5,tryptophan,2,17,16,2,12.579,12.122,-0.529,78.4,107.5,1.2216,0.0,1.38,1.469,294 18 201 193 194 191
tryptophan,5,tryptophan,2,17,16,3,12.579,12.122,-0.529,78.4,107.5,0.0,0.0,0.63,1.012,337 42 63 331 312 151 184 197
tryptophan,5,tryptophan,2,17,16,4,12.579,12.122,-0.529,78.4,107.5,0.0,0.0,0.829,0.78,322 16 53 320 299 129 152 245 226 160
tryptophan,5,tryptophan,2,17,17,1,12.579,13.031,-0.529,80.3,72.9,5.7709,0.0,1.109,2.253,295 35 182 181
tryptophan,5,tryptophan,2,17,17,2,12.579,13.031,-0.529,80.3,72.9,2.078,0.0,0.925,1.625,328 338 168 173 172 173
tryptophan,5,tryptophan,2,17,17,3,12.579,13.031,-0.529,80.3,72.9,0.0,0.0,0.445,1.787,352 302 194 37 312 143 160 147
tryptophan,5,tryptophan,2,17,17,4,12.579,13.031,-0.529,80.3,72.9,0.0,0.0,1.116,1.148,306 60 93 320 294 139 161 265 248 158
tryptophan,5,tryptophan,2,17,18,1,12.579,14.028,-0.529,85.0,25.6,6.7946,0.0,1.174,2.407,333 313 177 178
tryptophan,5,tryptophan,2,17,18,2,12.579,14.028,-0.529,85.0,25.6,3.0736,0.0,1.356,1.603,286 41 181 181 181 181
tryptophan,5,tryptophan,2,17,18,3,12.579,14.028,-0.529,85.0,25.6,0.5864,0.0,1.752,0.293,323 300 182 181 181 181 276 207
tryptophan,5,tryptophan,2,17,18,4,12.579,14.028,-0.529,85.0,25.6,0.0,0.0,2.492,1.063,250 120 154 197 198 177 162 245 268 189
tryptophan,5,tryptophan,2,18,16,1,12.579,13.339,-0.529,19.7,114.2,8.94,0.0,2.087,2.182,50 360 181 359
tryptophan,5,tryptophan,2,18,16,2,12.579,13.339,-0.529,19.7,114.2,5.3591,0.0,2.01,0.292,48 0 165 24 186 184
tryptophan,5,tryptophan,2,18,16,3,12.579,13.339,-0.529,19.7,114.2,1.6513,0.0,2.075,0.429,50 360 184 354 169 172 174 175
tryptophan,5,tryptophan,2,18,16,4,12.579,13.339,-0.529,19.7,114.2,0.0,0.0,2.566,1.296,45 87 80 310 291 212 174 165 170 176
tryptophan,5,tryptophan,2,18,17,1,12.579,14.267,-0.529,22.0,78.2,9.6176,0.0,1.252,2.902,23 0 179 1
tryptophan,5,tryptophan,2,18,17,2,12.579,14.267,-0.529,22.0,78.2,6.1076,0.0,1.3,2.011,26 359 201 324 173 175
tryptophan,5,tryptophan,2,18,17,3,12.579,14.267,-0.529,22.0,78.2,2.3425,0.0,1.259,1.813,24 0 167 24 181 180 180 180
tryptophan,5,tryptophan,2,18,17,4,12.579,14.267,-0.529,22.0,78.2,0.0,0.0,1.9,1.135,54 294 233 71 123 200 180 175 174 176
tryptophan,5,tryptophan,2,18,18,1,12.579,15.448,-0.529,15.4,21.4,11.2856,0.0,1.754,2.298,40 360 180 360
tryptophan,5,tryptophan,2,18,18,2,12.579,15.448,-0.529,15.4,21.4,7.6579,0.0,1.735,0.789,40 0 171 14 182 181
tryptophan,5,tryptophan,2,18,18,3,12.579,15.448,-0.529,15.4,21.4,4.0171,0.0,1.802,0.975,42 360 181 358 167 169 177 178
tryptophan,5,tryptophan,2,18,18,4,12.579,15.448,-0.529,15.4,21.4,0.9013,0.0,2.791,0.704,70 0 179 1 183 182 181 181 129 152
tryptophan,5,tyrosine,0,16,8,1,10.165,8.426,0.061,153.6,102.5,1.3303,0.0,0.947,2.786,60 180 198 223
tryptophan,5,tyrosine,0,16,8,2,10.165,8.426,0.061,153.6,102.5,0.0,0.0,1.993,4.668,145 174 194 105 122 222
tryptophan,5,tyrosine,0,16,8,3,10.165,8.426,0.061,153.6,102.5,0.0,0.0,3.229,4.668,160 142 201 152 112 252 227 132
tryptophan,5,tyrosine,0,16,8,4,10.165,8.426,0.061,153.6,102.5,0.0,0.0,3.324,4.668,175 151 178 164 136 227 232 93 111 210
tryptophan,5,tyrosine,0,16,9,1,10.165,10.077,0.061,145.0,35.9,2.809,0.0,0.43,3.362,60 166 175 176
tryptophan,5,tyrosine,0,16,9,2,10.165,10.077,0.061,145.0,35.9,0.4093,0.0,2.115,4.668,124 199 166 175 76 143
tryptophan,5,tyrosine,0,16,9,3,10.165,10.077,0.061,145.0,35.9,0.0,0.0,3.324,4.668,157 168 179 148 132 241 249 170
tryptophan,5,tyrosine,0,16,9,4,10.165,10.077,0.061,145.0,35.9,0.0,0.0,3.324,4.668,177 157 178 155 141 223 222 118 131 200
tryptophan,5,tyrosine,0,16,10,1,10.165,9.597,0.061,140.3,58.1,2.325,0.0,1.064,2.477,81 208 186 184
tryptophan,5,tyrosine,0,16,10,2,10.165,9.597,0.061,140.3,58.1,0.0,0.0,2.908,0.805,61 259 125 166 277 252
tryptophan,5,tyrosine,0,16,10,3,10.165,9.597,0.061,140.3,58.1,0.0,0.0,1.483,0.546,102 303 163 197 234 80 112 219
tryptophan,5,tyrosine,0,16,10,4,10.165,9.597,0.061,140.3,58.1,0.0,0.0,3.324,1.623,274 126 141 115 122 253 256 147 141 187
tryptophan,5,tyrosine,0,17,8,1,10.165,10.1,0.061,75.2,92.0,2.8224,0.0,1.327,3.953,267 345 178 179
tryptophan,5,tyrosine,0,17,8,2,10.165,10.1,0.061,75.2,92.0,0.0,0.0,1.2,2.962,291 308 221 292 96 162
tryptophan,5,tyrosine,0,17,8,3,10.165,10.1,0.061,75.2,92.0,0.0,0.0,2.331,5.233,188 140 136 233 227 134 149 197
tryptophan,5,tyrosine,0,17,8,4,10.165,10.1,0.061,75.2,92.0,0.0,0.0,3.078,5.69,171 146 132 224 225 146 159 248 232 164
tryptophan,5,tyrosine,0,17,9,1,10.165,11.357,0.061,86.4,41.9,4.1381,0.0,0.643,4.162,286 311 171 175
tryptophan,5,tyrosine,0,17,9,2,10.165,11.357,0.061,86.4,41.9,0.6884,0.0,1.13,4.475,286 298 166 171 136 151
tryptophan,5,tyrosine,0,17,9,3,10.165,11.357,0.061,86.4,41.9,0.0,0.0,1.901,4.903,213 146 149 208 203 127 133 191
tryptophan,5,tyrosine,0,17,9,4,10.165,11.357,0.061,86.4,41.9,0.0,0.0,2.486,4.443,185 166 152 214 217 137 144 223 209 165
tryptophan,5,tyrosine,0,17,10,1,10.165,11.005,0.061,79.0,57.7,3.736,0.0,0.848,3.541,252 31 183 182
tryptophan,5,tyrosine,0,17,10,2,10.165,11.005,0.061,79.0,57.7,0.3382,0.0,1.622,1.295,283 353 183 182 231 215
tryptophan,5,tyrosine,0,17,10,3,10.165,11.005,0.061,79.0,57.7,0.0,0.0,1.345,1.1,259 127 137 206 192 103 97 167
tryptophan,5,tyrosine,0,17,10,4,10.165,11.005,0.061,79.0,57.7,0.0,0.0,2.098,0.993,249 155 157 214 207 93 105 233 219 164
tryptophan,5,tyrosine,0,18,8,1,10.165,10.867,0.061,43.9,104.5,4.9762,0.0,2.917,5.467,124 360 157 68
tryptophan,5,tyrosine,0,18,8,2,10.165,10.867,0.061,43.9,104.5,1.4635,0.0,2.631,4.655,127 359 214 287 165 171
tryptophan,5,tyrosine,0,18,8,3,10.165,10.867,0.061,43.9,104.5,0.0,0.0,2.159,4.167,81 316 263 70 106 202 194 181
tryptophan,5,tyrosine,0,18,8,4,10.165,10.867,0.061,43.9,104.5,0.0,0.0,2.189,1.599,26 105 68 94 140 262 256 180 179 179
tryptophan,5,tyrosine,0,18,9,1,10.165,12.514,0.061,38.9,37.9,6.8232,0.0,2.917,5.715,135 0 200 302
tryptophan,5,tyrosine,0,18,9,2,10.165,12.514,0.061,38.9,37.9,3.2903,0.0,2.462,4.716,134 1 146 72 186 183
tryptophan,5,tyrosine,0,18,9,3,10.165,12.514,0.061,38.9,37.9,0.3233,0.0,2.419,5.533,153 357 137 100 162 168 256 216
tryptophan,5,tyrosine,0,18,9,4,10.165,12.514,0.061,38.9,37.9,0.0,0.0,2.917,6.042,99 89 82 88 214 248 168 264 257 162
tryptophan,5,tyrosine,0,18,10,1,10.165,12.06,0.061,33.5,58.9,6.7452,0.0,2.917,4.744,117 0 166 35
tryptophan,5,tyrosine,0,18,10,2,10.165,12.06,0.061,33.5,58.9,3.17,0.0,2.195,3.721,118 360 211 300 179 179
tryptophan,5,tyrosine,0,18,10,3,10.165,12.06,0.061,33.5,58.9,0.1901,0.0,2.502,1.429,87 3 215 292 201 192 118 143
tryptophan,5,tyrosine,0,18,10,4,10.165,12.06,0.061,33.5,58.9,0.0,0.0,2.917,1.273,95 18 85 84 177 301 307 209 229 203
tryptophan,5,phenylalanine,4,16,12,1,11.491,10.136,0.681,124.8,103.4,2.8627,0.0,3.082,0.378,354 121 180 180
tryptophan,5,phenylalanine,4,16,12,2,11.491,10.136,0.681,124.8,103.4,0.0,0.0,2.905,0.929,17 205 89 149 252 255
tryptophan,5,phenylalanine,4,16,12,3,11.491,10.136,0.681,124.8,103.4,0.0,0.0,2.643,0.943,126 214 224 86 87 229 198 145
tryptophan,5,phenylalanine,4,16,12,4,11.491,10.136,0.681,124.8,103.4,0.0,0.0,1.888,1.704,33 334 290 13 20 241 224 85 113 213
tryptophan,5,phenylalanine,4,16,13,1,11.491,10.072,0.681,127.4,105.9,2.8011,0.0,2.939,0.264,52 234 179 179
tryptophan,5,phenylalanine,4,16,13,2,11.491,10.072,0.681,127.4,105.9,0.0,0.0,2.357,0.784,330 157 94 159 113 119
tryptophan,5,phenylalanine,4,16,13,3,11.491,10.072,0.681,127.4,105.9,0.0,0.0,1.828,1.231,62 222 258 26 72 286 165 81
tryptophan,5,phenylalanine,4,16,13,4,11.491,10.072,0.681,127.4,105.9,0.0,0.0,2.408,3.188,297 50 336 202 230 329 260 306 16 234
tryptophan,5,phenylalanine,4,16,14,1,11.491,12.109,0.681,123.7,7.7,4.8927,0.0,3.176,0.808,346 120 182 181
tryptophan,5,phenylalanine,4,16,14,2,11.491,12.109,0.681,123.7,7.7,1.3671,0.0,2.539,0.779,350 136 183 182 216 206
tryptophan,5,phenylalanine,4,16,14,3,11.491,12.109,0.681,123.7,7.7,0.488,0.0,2.941,2.183,53 183 184 184 133 157 1 179
tryptophan,5,phenylalanine,4,16,14,4,11.491,12.109,0.681,123.7,7.7,0.0091,0.0,3.324,2.411,300 139 131 147 141 146 283 216 349 220
tryptophan,5,phenylalanine,4,17,12,1,11.491,11.497,0.681,70.6,108.3,4.4072,0.0,1.887,1.685,293 355 161 160
tryptophan,5,phenylalanine,4,17,12,2,11.491,11.497,0.681,70.6,108.3,0.7249,0.0,2.008,0.643,287 1 215 218 182 182
tryptophan,5,phenylalanine,4,17,12,3,11.491,11.497,0.681,70.6,108.3,0.0,0.0,3.078,1.41,225 123 132 249 236 158 175 195
tryptophan,5,phenylalanine,4,17,12,4,11.491,11.497,0.681,70.6,108.3,0.0,0.0,2.65,0.536,238 160 152 224 217 99 115 213 193 163
tryptophan,5,phenylalanine,4,17,13,1,11.491,11.79,0.681,58.5,96.7,5.0536,0.0,2.03,1.609,287 0 156 116
tryptophan,5,phenylalanine,4,17,13,2,11.491,11.79,0.681,58.5,96.7,1.4853,0.0,1.921,0.575,287 0 220 247 181 181
tryptophan,5,phenylalanine,4,17,13,3,11.491,11.79,0.681,58.5,96.7,0.0,0.0,0.974,0.348,322 30 86 323 280 152 171 181
tryptophan,5,phenylalanine,4,17,13,4,11.491,11.79,0.681,58.5,96.7,0.0,0.0,0.977,2.644,302 30 66 306 284 136 153 244 229 163
tryptophan,5,phenylalanine,4,17,14,1,11.491,13.584,0.681,65.3,6.5,6.5856,0.0,1.84,1.491,292 359 162 148
tryptophan,5,phenylalanine,4,17,14,2,11.491,13.584,0.681,65.3,6.5,3.0072,0.0,1.811,0.656,292 359 214 227 176 178
tryptophan,5,phenylalanine,4,17,14,3,11.491,13.584,0.681,65.3,6.5,0.8229,0.0,2.045,1.124,301 331 153 163 162 164 291 207
tryptophan,5,phenylalanine,4,17,14,4,11.491,13.584,0.681,65.3,6.5,0.0841,0.0,2.185,1.051,308 303 169 174 173 174 267 208 359 182
tryptophan,5,phenylalanine,4,18,12,1,11.491,12.396,0.681,29.0,99.5,7.3865,0.0,2.917,3.154,85 360 189 341
tryptophan,5,phenylalanine,4,18,12,2,11.491,12.396,0.681,29.0,99.5,3.7949,0.0,2.917,1.468,84 0 153 50 180 180
tryptophan,5,phenylalanine,4,18,12,3,11.491,12.396,0.681,29.0,99.5,0.0947,0.0,2.766,0.235,85 359 160 44 167 174 172 172
tryptophan,5,phenylalanine,4,18,12,4,11.491,12.396,0.681,29.0,99.5,0.0,0.0,2.767,1.619,86 308 273 67 94 214 197 142 149 187
tryptophan,5,phenylalanine,4,18,13,1,11.491,12.2,0.681,39.8,107.2,6.4844,0.0,2.917,2.983,77 0 201 300
tryptophan,5,phenylalanine,4,18,13,2,11.491,12.2,0.681,39.8,107.2,3.0048,0.0,2.917,1.873,75 1 146 70 192 187
tryptophan,5,phenylalanine,4,18,13,3,11.491,12.2,0.681,39.8,107.2,0.0,0.0,2.459,2.027,99 315 229 31 79 185 177 193
tryptophan,5,phenylalanine,4,18,13,4,11.491,12.2,0.681,39.8,107.2,0.0,0.0,2.8,2.285,87 309 273 66 89 214 200 127 135 191
tryptophan,5,phenylalanine,4,18,14,1,11.491,14.26,0.681,34.0,4.8,8.8217,0.0,2.917,2.793,75 0 197 313
tryptophan,5,phenylalanine,4,18,14,2,11.491,14.26,0.681,34.0,4.8,5.331,0.0,2.917,1.443,74 0 148 65 184 183
tryptophan,5,phenylalanine,4,18,14,3,11.491,14.26,0.681,34.0,4.8,1.5685,0.0,2.329,1.467,74 1 153 60 189 185 186 186
tryptophan,5,phenylalanine,4,18,14,4,11.491,14.26,0.681,34.0,4.8,0.3459,0.0,2.917,2.987,77 2 144 101 198 189 206 202 20 170
tryptophan,5,lysine,1,16,13,1,8.554,7.967,-0.314,113.7,72.5,0.6846,0.0,2.879,1.449,15 255 187 184
tryptophan,5,lysine,1,16,13,2,8.554,7.967,-0.314,113.7,72.5,0.0,0.0,1.883,0.753,36 321 57 132 92 76
tryptophan,5,lysine,1,16,13,3,8.554,7.967,-0.314,113.7,72.5,0.0,0.0,2.31,0.941,317 174 120 344 32 136 32 4
tryptophan,5,lysine,1,16,13,4,8.554,7.967,-0.314,113.7,72.5,0.0,0.0,2.501,2.789,311 42 88 0 329 86 111 295 254 140
tryptophan,5,lysine,1,16,14,1,8.554,8.544,-0.314,118.6,49.9,1.3285,0.0,3.324,3.804,277 114 167 171
tryptophan,5,lysine,1,16,14,2,8.554,8.544,-0.314,118.6,49.9,0.0,0.0,3.324,4.668,257 48 274 194 315 193
tryptophan,5,lysine,1,16,14,3,8.554,8.544,-0.314,118.6,49.9,0.0,0.0,3.324,4.668,219 174 163 235 234 110 129 203
tryptophan,5,lysine,1,16,14,4,8.554,8.544,-0.314,118.6,49.9,0.0,0.0,1.972,2.205,316 54 111 1 329 107 120 276 241 136
tryptophan,5,lysine,1,16,15,1,8.554,6.181,-0.314,122.2,161.7,0.0876,0.0,2.786,1.082,335 77 360 229
tryptophan,5,lysine,1,16,15,2,8.554,6.181,-0.314,122.2,161.7,0.0,0.0,2.891,0.555,25 130 342 9 110 301
tryptophan,5,lysine,1,16,15,3,8.554,6.181,-0.314,122.2,161.7,0.0,0.0,3.324,4.668,231 237 4 31 218 195 309 76
tryptophan,5,lysine,1,16,15,4,8.554,6.181,-0.314,122.2,161.7,0.0,0.0,2.658,4.109,289 25 66 38 21 69 108 289 229 128
tryptophan,5,lysine,1,17,13,1,8.554,10.009,-0.314,28.5,81.3,5.183,0.0,1.716,2.04,295 360 183 356
tryptophan,5,lysine,1,17,13,2,8.554,10.009,-0.314,28.5,81.3,1.5704,0.0,1.81,0.512,292 1 159 36 186 184
tryptophan,5,lysine,1,17,13,3,8.554,10.009,-0.314,28.5,81.3,0.0,0.0,0.936,1.631,326 55 132 269 205 131 154 179
tryptophan,5,lysine,1,17,13,4,8.554,10.009,-0.314,28.5,81.3,0.0,0.0,0.815,0.65,331 30 66 304 277 116 138 220 205 166
tryptophan,5,lysine,1,17,14,1,8.554,10.794,-0.314,20.2,50.6,6.6192,0.0,2.776,2.992,269 0 179 1
tryptophan,5,lysine,1,17,14,2,8.554,10.794,-0.314,20.2,50.6,2.8543,0.0,2.551,2.157,270 360 182 356 178 178
tryptophan,5,lysine,1,17,14,3,8.554,10.794,-0.314,20.2,50.6,0.3704,0.0,3.078,5.017,224 360 181 359 173 170 105 158
tryptophan,5,lysine,1,17,14,4,8.554,10.794,-0.314,20.2,50.6,0.0,0.0,3.078,6.051,201 57 117 280 248 147 150 215 235 202
tryptophan,5,lysine,1,17,15,1,8.554,8.469,-0.314,25.2,156.9,4.2654,0.0,2.83,3.08,267 0 178 2
tryptophan,5,lysine,1,17,15,2,8.554,8.469,-0.314,25.2,156.9,0.4207,0.0,2.616,2.174,270 360 180 360 168 163
tryptophan,5,lysine,1,17,15,3,8.554,8.469,-0.314,25.2,156.9,0.0,0.0,0.953,0.94,315 44 99 283 250 124 131 180
tryptophan,5,lysine,1,17,15,4,8.554,8.469,-0.314,25.2,156.9,0.0,0.0,1.396,3.743,285 43 62 292 263 118 150 253 221 156
tryptophan,5,lysine,1,18,13,1,8.554,9.22,-0.314,65.4,75.4,2.1875,0.0,2.529,3.536,63 360 159 133
tryptophan,5,lysine,1,18,13,2,8.554,9.22,-0.314,65.4,75.4,0.0,0.0,2.127,3.832,59 283 235 131 152 214
tryptophan,5,lysine,1,18,13,3,8.554,9.22,-0.314,65.4,75.4,0.0,0.0,1.661,4.011,346 344 242 93 150 238 219 235
tryptophan,5,lysine,1,18,13,4,8.554,9.22,-0.314,65.4,75.4,0.0,0.0,2.389,5.164,42 81 27 351 9 243 237 78 107 221
tryptophan,5,lysine,1,18,14,1,8.554,9.556,-0.314,78.5,62.7,2.408,0.0,2.917,4.306,90 330 160 165
tryptophan,5,lysine,1,18,14,2,8.554,9.556,-0.314,78.5,62.7,0.0,0.0,2.917,5.849,107 246 216 129 142 188
tryptophan,5,lysine,1,18,14,3,8.554,9.556,-0.314,78.5,62.7,0.0,0.0,2.917,6.144,135 210 220 138 135 238 224 158
tryptophan,5,lysine,1,18,14,4,8.554,9.556,-0.314,78.5,62.7,0.0,0.0,2.917,6.144,169 195 211 122 121 249 229 146 174 201
tryptophan,5,lysine,1,18,15,1,8.554,7.482,-0.314,70.4,163.3,0.6845,0.0,2.741,3.954,70 358 217 230
tryptophan,5,lysine,1,18,15,2,8.554,7.482,-0.314,70.4,163.3,0.0,0.0,2.917,5.045,104 249 241 207 12 84
tryptophan,5,lysine,1,18,15,3,8.554,7.482,-0.314,70.4,163.3,0.0,0.0,2.828,4.823,61 162 94 182 263 138 27 84
tryptophan,5,lysine,1,18,15,4,8.554,7.482,-0.314,70.4,163.3,0.0,0.0,1.615,4.607,35 2 331 58 63 255 242 82 114 215
tryptophan,5,aspartic,21,16,3,1,8.842,9.789,-0.947,77.4,56.0,2.5085,0.0,1.345,1.22,20 334 176 178
tryptophan,5,aspartic,21,16,3,2,8.842,9.789,-0.947,77.4,56.0,0.0,0.0,0.955,2.115,331 14 193 180 78 156
tryptophan,5,aspartic,21,16,3,3,8.842,9.789,-0.947,77.4,56.0,0.0,0.0,1.553,2.671,275 57 231 28 64 105 175 192
tryptophan,5,aspartic,21,16,3,4,8.842,9.789,-0.947,77.4,56.0,0.0,0.0,0.428,2.291,35 58 97 35 106 191 260 203 339 326
tryptophan,5,aspartic,21,16,4,1,8.842,9.539,-0.947,71.5,65.9,2.2751,0.0,0.853,1.587,17 1 184 185
tryptophan,5,aspartic,21,16,4,2,8.842,9.539,-0.947,71.5,65.9,0.0,0.0,0.659,2.182,28 24 133 77 338 217
tryptophan,5,aspartic,21,16,4,3,8.842,9.539,-0.947,71.5,65.9,0.0,0.0,1.463,1.072,24 314 296 31 46 266 225 110
tryptophan,5,aspartic,21,16,4,4,8.842,9.539,-0.947,71.5,65.9,0.0,0.0,1.849,1.525,25 343 304 23 53 258 229 101 126 204
tryptophan,5,aspartic,21,16,5,1,8.842,9.616,-0.947,86.2,63.0,2.3862,0.0,1.792,0.891,348 48 193 188
tryptophan,5,aspartic,21,16,5,2,8.842,9.616,-0.947,86.2,63.0,0.0,0.0,1.883,0.86,351 117 143 213 231 265
tryptophan,5,aspartic,21,16,5,3,8.842,9.616,-0.947,86.2,63.0,0.0,0.0,2.513,0.679,358 205 83 195 239 108 22 128
tryptophan,5,aspartic,21,16,5,4,8.842,9.616,-0.947,86.2,63.0,0.0,0.0,1.819,1.56,26 346 303 17 49 257 229 87 115 208
tryptophan,5,aspartic,21,17,3,1,8.842,10.325,-0.947,56.8,51.0,3.7151,0.0,0.614,3.754,342 360 205 257
tryptophan,5,aspartic,21,17,3,2,8.842,10.325,-0.947,56.8,51.0,0.5875,0.0,0.582,4.131,359 1 196 290 134 170
tryptophan,5,aspartic,21,17,3,3,8.842,10.325,-0.947,56.8,51.0,0.0,0.0,1.906,5.429,9 11 222 273 170 348 168 162
tryptophan,5,aspartic,21,17,3,4,8.842,10.325,-0.947,56.8,51.0,0.0,0.0,1.005,0.661,304 21 126 331 246 121 134 260 285 168
tryptophan,5,aspartic,21,17,4,1,8.842,9.564,-0.947,70.6,80.7,2.481,0.0,0.63,4.206,334 8 203 206
tryptophan,5,aspartic,21,17,4,2,8.842,9.564,-0.947,70.6,80.7,0.0,0.0,1.336,4.604,23 274 187 73 198 164
tryptophan,5,aspartic,21,17,4,3,8.842,9.564,-0.947,70.6,80.7,0.0,0.0,1.935,4.683,16 0 60 344 292 82 115 193
tryptophan,5,aspartic,21,17,4,4,8.842,9.564,-0.947,70.6,80.7,0.0,0.0,1.289,3.398,346 5 46 343 311 99 129 254 231 157
tryptophan,5,aspartic,21,17,5,1,8.842,10.187,-0.947,64.8,56.8,3.2057,0.0,0.808,2.785,329 359 157 136
tryptophan,5,aspartic,21,17,5,2,8.842,10.187,-0.947,64.8,56.8,0.0995,0.0,0.985,1.538,317 356 168 167 99 155
tryptophan,5,aspartic,21,17,5,3,8.842,10.187,-0.947,64.8,56.8,0.0,0.0,0.914,1.87,349 15 71 337 291 99 127 195
tryptophan,5,aspartic,21,17,5,4,8.842,10.187,-0.947,64.8,56.8,0.0,0.0,0.946,0.692,308 46 72 310 285 116 144 270 239 153
tryptophan,5,aspartic,21,18,3,1,8.842,10.481,-0.947,50.2,64.2,4.24,0.0,1.09,4.06,14 1 205 272
tryptophan,5,aspartic,21,18,3,2,8.842,10.481,-0.947,50.2,64.2,0.659,0.0,1.109,3.25,17 359 219 271 175 177
tryptophan,5,aspartic,21,18,3,3,8.842,10.481,-0.947,50.2,64.2,0.0,0.0,1.286,4.142,316 6 246 33 132 223 229 232
tryptophan,5,aspartic,21,18,3,4,8.842,10.481,-0.947,50.2,64.2,0.0,0.0,1.239,3.191,28 326 290 41 71 246 220 122 140 197
tryptophan,5,aspartic,21,18,4,1,8.842,10.263,-0.947,41.3,72.6,4.5353,0.0,0.895,4.204,0 0 160 53
tryptophan,5,aspartic,21,18,4,2,8.842,10.263,-0.947,41.3,72.6,1.081,0.0,1.041,4.31,8 357 143 77 161 168
tryptophan,5,aspartic,21,18,4,3,8.842,10.263,-0.947,41.3,72.6,0.0,0.0,2.106,5.333,323 2 160 103 110 213 62 238
tryptophan,5,aspartic,21,18,4,4,8.842,10.263,-0.947,41.3,72.6,0.006,0.0,0.991,0.653,71 348 193 3 172 5 76 147 354 169
tryptophan,5,aspartic,21,18,5,1,8.842,10.809,-0.947,37.2,50.8,5.3458,0.0,1.214,3.145,22 359 197 318
tryptophan,5,aspartic,21,18,5,2,8.842,10.809,-0.947,37.2,50.8,1.766,0.0,0.497,2.607,18 1 213 294 188 185
tryptophan,5,aspartic,21,18,5,3,8.842,10.809,-0.947,37.2,50.8,0.0,0.0,2.062,0.811,52 356 214 303 195 192 297 223
tryptophan,5,aspartic,21,18,5,4,8.842,10.809,-0.947,37.2,50.8,0.0,0.0,1.82,1.669,55 308 275 59 86 233 211 131 146 193
tryptophan,5,glutamic,8,16,5,1,4.755,3.628,-0.458,122.1,69.2,1.5054,0.0,1.476,4.007,97 38 11 10
tryptophan,5,glutamic,8,16,5,2,4.755,3.628,-0.458,122.1,69.2,0.5609,0.0,1.147,4.486,138 49 13 67 88 7
tryptophan,5,glutamic,8,16,5,3,4.755,3.628,-0.458,122.1,69.2,0.0,0.0,1.825,1.233,349 250 336 157 45 324 248 7
tryptophan,5,glutamic,8,16,5,4,4.755,3.628,-0.458,122.1,69.2,0.0,0.0,1.337,4.084,190 86 36 252 298 280 262 33 91 273
tryptophan,5,glutamic,8,16,6,1,4.755,4.647,-0.458,151.3,29.5,1.2635,0.0,1.088,4.668,100 66 327 348
tryptophan,5,glutamic,8,16,6,2,4.755,4.647,-0.458,151.3,29.5,0.0,0.0,1.185,4.668,119 59 330 218 342 357
tryptophan,5,glutamic,8,16,6,3,4.755,4.647,-0.458,151.3,29.5,0.0,0.0,1.069,4.668,170 91 255 148 55 317 246 68
tryptophan,5,glutamic,8,16,6,4,4.755,4.647,-0.458,151.3,29.5,0.0,0.0,2.427,0.795,341 104 163 269 340 263 297 91 61 266
tryptophan,5,glutamic,8,16,7,1,4.755,4.086,-0.458,144.1,53.3,1.0868,0.0,2.427,1.066,358 322 10 5
tryptophan,5,glutamic,8,16,7,2,4.755,4.086,-0.458,144.1,53.3,0.0,0.0,2.427,3.005,294 335 340 71 98 14
tryptophan,5,glutamic,8,16,7,3,4.755,4.086,-0.458,144.1,53.3,0.0,0.0,2.427,3.537,306 312 12 130 58 84 34 356
tryptophan,5,glutamic,8,16,7,4,4.755,4.086,-0.458,144.1,53.3,0.0,0.0,1.315,1.327,107 258 229 79 61 275 264 46 125 251
tryptophan,5,glutamic,8,17,5,1,4.755,4.772,-0.458,75.3,97.0,0.0416,0.0,1.769,4.268,279 219 325 4
tryptophan,5,glutamic,8,17,5,2,4.755,4.772,-0.458,75.3,97.0,0.0,0.0,1.525,4.122,246 219 15 139 8 2
tryptophan,5,glutamic,8,17,5,3,4.755,4.772,-0.458,75.3,97.0,0.0,0.0,2.413,3.654,219 191 91 177 309 90 104 278
tryptophan,5,glutamic,8,17,5,4,4.755,4.772,-0.458,75.3,97.0,0.0,0.0,0.811,4.219,333 351 9 304 305 84 89 301 252 120
tryptophan,5,glutamic,8,17,6,1,4.755,6.262,-0.458,74.4,40.0,0.5746,0.0,0.816,5.458,262 259 309 278
tryptophan,5,glutamic,8,17,6,2,4.755,6.262,-0.458,74.4,40.0,0.0,0.0,2.111,5.34,219 229 16 218 282 104
tryptophan,5,glutamic,8,17,6,3,4.755,6.262,-0.458,74.4,40.0,0.0,0.0,1.286,5.032,173 184 104 257 274 31 98 250
tryptophan,5,glutamic,8,17,6,4,4.755,6.262,-0.458,74.4,40.0,0.0,0.0,0.399,5.223,224 46 42 323 325 83 97 311 229 98
tryptophan,5,glutamic,8,17,7,1,4.755,6.143,-0.458,54.5,45.4,1.2192,0.0,1.507,2.814,282 43 100 21
tryptophan,5,glutamic,8,17,7,2,4.755,6.143,-0.458,54.5,45.4,0.2096,0.0,0.909,0.885,319 30 101 66 65 73
tryptophan,5,glutamic,8,17,7,3,4.755,6.143,-0.458,54.5,45.4,0.0,0.0,1.171,1.32,3 27 82 303 262 54 72 196
tryptophan,5,glutamic,8,17,7,4,4.755,6.143,-0.458,54.5,45.4,0.0,0.0,0.554,1.512,357 257 303 280 261 72 69 271 258 155
tryptophan,5,glutamic,8,18,5,1,4.755,5.992,-0.458,23.3,77.9,3.0896,0.0,2.112,4.989,124 0 179 0
tryptophan,5,glutamic,8,18,5,2,4.755,5.992,-0.458,23.3,77.9,0.5521,0.0,0.82,5.05,175 28 136 10 140 40
tryptophan,5,glutamic,8,18,5,3,4.755,5.992,-0.458,23.3,77.9,0.0,0.0,1.48,1.276,24 308 252 61 114 300 277 165
tryptophan,5,glutamic,8,18,5,4,4.755,5.992,-0.458,23.3,77.9,0.0,0.0,1.639,0.734,355 331 294 50 81 281 253 120 144 201
tryptophan,5,glutamic,8,18,6,1,4.755,7.073,-0.458,42.5,33.9,1.6006,0.0,1.723,5.375,132 1 177 3
tryptophan,5,glutamic,8,18,6,2,4.755,7.073,-0.458,42.5,33.9,0.0482,0.0,1.775,5.543,146 43 105 120 39 94
tryptophan,5,glutamic,8,18,6,3,4.755,7.073,-0.458,42.5,33.9,0.0,0.0,2.917,5.083,99 308 305 94 29 259 295 151
tryptophan,5,glutamic,8,18,6,4,4.755,7.073,-0.458,42.5,33.9,0.0,0.0,2.194,4.56,59 349 305 67 98 244 227 111 121 192
tryptophan,5,glutamic,8,18,7,1,4.755,6.426,-0.458,42.6,62.1,1.2492,0.0,2.917,3.781,101 358 186 356
tryptophan,5,glutamic,8,18,7,2,4.755,6.426,-0.458,42.6,62.1,0.0,0.0,2.569,2.988,79 288 291 46 113 262
tryptophan,5,glutamic,8,18,7,3,4.755,6.426,-0.458,42.6,62.1,0.0,0.0,1.262,2.885,29 324 300 66 95 270 230 144
tryptophan,5,glutamic,8,18,7,4,4.755,6.426,-0.458,42.6,62.1,0.0,0.0,2.243,1.103,5 152 99 48 58 284 292 115 135 207
tryptophan,5,leucine,5,16,1,1,14.521,14.516,0.982,145.5,34.8,7.2631,0.0,3.086,3.029,74 190 180 180
tryptophan,5,leucine,5,16,1,2,14.521,14.516,0.982,145.5,34.8,3.7201,0.0,2.94,2.82,52 172 156 161 167 171
tryptophan,5,leucine,5,16,1,3,14.521,14.516,0.982,145.5,34.8,0.7074,0.0,2.67,3.154,57 179 142 130 176 177 104 146
tryptophan,5,leucine,5,16,1,4,14.521,14.516,0.982,145.5,34.8,0.0032,0.0,3.324,4.668,122 189 146 107 231 196 242 226 33 158
tryptophan,5,leucine,5,16,2,1,14.521,12.102,0.982,145.5,138.6,4.8614,0.0,2.953,2.937,56 170 179 179
tryptophan,5,leucine,5,16,2,2,14.521,12.102,0.982,145.5,138.6,1.3433,0.0,3.178,2.826,81 192 206 200 199 194
tryptophan,5,leucine,5,16,2,3,14.521,12.102,0.982,145.5,138.6,0.0,0.0,3.324,3.707,149 233 140 147 79 136 267 205
tryptophan,5,leucine,5,16,2,4,14.521,12.102,0.982,145.5,138.6,0.0,0.0,3.324,4.668,160 182 172 150 165 206 212 109 85 168
tryptophan,5,leucine,5,16,13,1,14.521,13.65,0.982,137.1,73.2,6.4148,0.0,2.927,2.659,40 145 175 177
tryptophan,5,leucine,5,16,13,2,14.521,13.65,0.982,137.1,73.2,2.6725,0.0,3.324,3.14,92 209 180 180 180 180
tryptophan,5,leucine,5,16,13,3,14.521,13.65,0.982,137.1,73.2,0.0,0.0,3.324,2.858,126 206 169 158 149 190 212 192
tryptophan,5,leucine,5,16,13,4,14.521,13.65,0.982,137.1,73.2,0.0,0.0,3.324,3.537,161 187 195 146 140 192 189 124 129 190
tryptophan,5,leucine,5,17,1,1,14.521,15.875,0.982,84.5,28.5,8.6224,0.0,2.47,3.646,290 314 180 180
tryptophan,5,leucine,5,17,1,2,14.521,15.875,0.982,84.5,28.5,4.9686,0.0,3.078,2.849,244 39 186 184 186 185
tryptophan,5,leucine,5,17,1,3,14.521,15.875,0.982,84.5,28.5,1.3012,0.0,3.078,3.285,238 46 183 182 196 193 183 182
tryptophan,5,leucine,5,17,1,4,14.521,15.875,0.982,84.5,28.5,0.0716,0.0,3.078,4.209,236 22 196 190 199 195 197 192 19 170
tryptophan,5,leucine,5,17,2,1,14.521,13.442,0.982,84.8,134.1,6.1972,0.0,2.497,3.807,288 313 179 179
tryptophan,5,leucine,5,17,2,2,14.521,13.442,0.982,84.8,134.1,2.5552,0.0,3.078,3.009,242 40 188 185 189 188
tryptophan,5,leucine,5,17,2,3,14.521,13.442,0.982,84.8,134.1,0.0,0.0,3.078,3.547,236 114 142 195 182 149 149 178
tryptophan,5,leucine,5,17,2,4,14.521,13.442,0.982,84.8,134.1,0.0,0.0,3.078,4.222,189 150 147 220 217 153 163 214 203 170
tryptophan,5,leucine,5,17,13,1,14.521,14.68,0.982,91.8,82.1,7.4558,0.0,3.078,4.329,236 62 185 183
tryptophan,5,leucine,5,17,13,2,14.521,14.68,0.982,91.8,82.1,3.7302,0.0,2.376,3.412,295 301 184 182 184 184
tryptophan,5,leucine,5,17,13,3,14.521,14.68,0.982,91.8,82.1,0.1018,0.0,2.282,1.964,301 296 180 180 186 185 180 180
tryptophan,5,leucine,5,17,13,4,14.521,14.68,0.982,91.8,82.1,0.0,0.0,3.078,2.241,199 155 152 221 215 140 152 188 172 168
tryptophan,5,leucine,5,18,1,1,14.521,16.981,0.982,37.9,35.0,11.2143,0.0,2.917,5.668,127 360 159 68
tryptophan,5,leucine,5,18,1,2,14.521,16.981,0.982,37.9,35.0,7.7181,0.0,2.917,4.814,127 360 216 281 176 178
tryptophan,5,leucine,5,18,1,3,14.521,16.981,0.982,37.9,35.0,4.0125,0.0,2.917,4.432,127 360 148 78 174 177 175 175
tryptophan,5,leucine,5,18,1,4,14.521,16.981,0.982,37.9,35.0,0.5671,0.0,2.917,4.845,126 359 146 91 171 175 172 173 145 161
tryptophan,5,leucine,5,18,2,1,14.521,14.56,0.982,38.2,139.3,8.8545,0.0,2.917,5.426,129 0 201 297
tryptophan,5,leucine,5,18,2,2,14.521,14.56,0.982,38.2,139.3,5.3565,0.0,2.917,4.422,128 0 145 75 183 182
tryptophan,5,leucine,5,18,2,3,14.521,14.56,0.982,38.2,139.3,1.7258,0.0,2.917,3.927,128 0 213 286 184 182 187 187
tryptophan,5,leucine,5,18,2,4,14.521,14.56,0.982,38.2,139.3,0.0,0.0,2.602,3.447,77 74 85 77 203 240 162 160 160 165
tryptophan,5,leucine,5,18,13,1,14.521,16.086,0.982,31.8,74.7,10.7176,0.0,2.917,5.66,136 360 196 317
tryptophan,5,leucine,5,18,13,2,14.521,16.086,0.982,31.8,74.7,7.1865,0.0,2.917,4.532,136 0 147 66 180 180
tryptophan,5,leucine,5,18,13,3,14.521,16.086,0.982,31.8,74.7,3.5003,0.0,2.917,3.864,137 360 208 299 174 177 175 175
tryptophan,5,leucine,5,18,13,4,14.521,16.086,0.982,31.8,74.7,0.0542,0.0,2.917,2.729,148 360 206 305 177 178 178 178 144 160
tryptophan,5,serine,4,16,3,1,12.242,12.659,-0.903,130.3,17.3,5.42,0.0,2.923,1.025,13 132 180 180
tryptophan,5,serine,4,16,3,2,12.242,12.659,-0.903,130.3,17.3,1.6797,0.0,3.106,1.132,75 225 176 178 177 177
tryptophan,5,serine,4,16,3,3,12.242,12.659,-0.903,130.3,17.3,0.3907,0.0,2.942,2.155,44 134 176 178 163 166 357 182
tryptophan,5,serine,4,16,3,4,12.242,12.659,-0.903,130.3,17.3,0.0,0.0,3.324,1.651,132 197 182 159 151 195 210 113 98 182
tryptophan,5,serine,4,16,4,1,12.242,11.209,-0.903,132.8,86.0,3.9379,0.0,3.039,1.131,69 224 180 180
tryptophan,5,serine,4,16,4,2,12.242,11.209,-0.903,132.8,86.0,0.2426,0.0,2.983,1.184,62 222 166 174 171 171
tryptophan,5,serine,4,16,4,3,12.242,11.209,-0.903,132.8,86.0,0.0,0.0,3.103,3.366,75 167 167 119 184 306 276 189
tryptophan,5,serine,4,16,4,4,12.242,11.209,-0.903,132.8,86.0,0.0,0.0,1.933,1.717,81 248 227 54 65 232 215 101 123 205
tryptophan,5,serine,4,16,5,1,12.242,10.975,-0.903,122.0,94.8,3.7574,0.0,3.192,1.404,82 241 190 186
tryptophan,5,serine,4,16,5,2,12.242,10.975,-0.903,122.0,94.8,0.0214,0.0,3.136,0.677,78 241 197 189 193 192
tryptophan,5,serine,4,16,5,3,12.242,10.975,-0.903,122.0,94.8,0.0,0.0,3.324,1.584,138 207 203 108 113 212 195 162
tryptophan,5,serine,4,16,5,4,12.242,10.975,-0.903,122.0,94.8,0.0,0.0,3.324,0.615,150 209 211 120 117 207 199 109 120 195
tryptophan,5,serine,4,17,3,1,12.242,13.839,-0.903,81.6,22.9,6.6259,0.0,2.167,2.357,302 323 177 178
tryptophan,5,serine,4,17,3,2,12.242,13.839,-0.903,81.6,22.9,2.8818,0.0,2.36,1.327,265 29 179 179 179 179
tryptophan,5,serine,4,17,3,3,12.242,13.839,-0.903,81.6,22.9,0.5869,0.0,2.211,1.82,306 295 166 172 170 171 282 207
tryptophan,5,serine,4,17,3,4,12.242,13.839,-0.903,81.6,22.9,0.0,0.0,3.078,0.987,238 129 148 189 185 163 158 244 256 184
tryptophan,5,serine,4,17,4,1,12.242,12.685,-0.903,72.1,77.5,5.4364,0.0,2.28,2.402,281 360 180 180
tryptophan,5,serine,4,17,4,2,12.242,12.685,-0.903,72.1,77.5,1.9244,0.0,2.386,0.742,275 7 213 210 194 190
tryptophan,5,serine,4,17,4,3,12.242,12.685,-0.903,72.1,77.5,0.0,0.0,1.87,0.761,271 49 130 298 356 161 115 124
tryptophan,5,serine,4,17,4,4,12.242,12.685,-0.903,72.1,77.5,0.0,0.0,3.078,3.11,200 115 122 265 248 156 177 230 216 169
tryptophan,5,serine,4,17,5,1,12.242,12.014,-0.903,80.5,102.9,4.7751,0.0,2.176,2.24,268 35 185 183
tryptophan,5,serine,4,17,5,2,12.242,12.014,-0.903,80.5,102.9,1.0292,0.0,1.943,0.691,298 341 176 178 177 178
tryptophan,5,serine,4,17,5,3,12.242,12.014,-0.903,80.5,102.9,0.0,0.0,2.903,0.563,263 134 135 202 190 126 140 193
tryptophan,5,serine,4,17,5,4,12.242,12.014,-0.903,80.5,102.9,0.0,0.0,3.078,0.988,214 156 154 221 217 134 144 213 200 168
tryptophan,5,serine,4,18,3,1,12.242,15.056,-0.903,26.1,15.9,10.0874,0.0,2.917,4.07,107 360 183 353
tryptophan,5,serine,4,18,3,2,12.242,15.056,-0.903,26.1,15.9,6.5771,0.0,2.917,2.065,107 0 153 50 182 181
tryptophan,5,serine,4,18,3,3,12.242,15.056,-0.903,26.1,15.9,2.8586,0.0,2.917,1.427,108 360 202 316 179 179 179 179
tryptophan,5,serine,4,18,3,4,12.242,15.056,-0.903,26.1,15.9,0.6064,0.0,2.917,3.125,129 0 152 62 183 181 182 182 79 153
tryptophan,5,serine,4,18,4,1,12.242,13.571,-0.903,32.0,87.5,8.2634,0.0,2.917,3.672,96 0 168 33
tryptophan,5,serine,4,18,4,2,12.242,13.571,-0.903,32.0,87.5,4.7766,0.0,2.917,2.303,97 359 210 301 172 175
tryptophan,5,serine,4,18,4,3,12.242,13.571,-0.903,32.0,87.5,1.013,0.0,2.917,1.675,95 0 155 54 183 182 182 182
tryptophan,5,serine,4,18,4,4,12.242,13.571,-0.903,32.0,87.5,0.0,0.0,2.917,2.825,100 311 271 51 89 219 205 165 169 183
tryptophan,5,serine,4,18,5,1,12.242,13.267,-0.903,21.5,99.0,8.7604,0.0,2.917,3.432,93 0 178 3
tryptophan,5,serine,4,18,5,2,12.242,13.267,-0.903,21.5,99.0,5.1265,0.0,2.917,1.473,94 360 198 328 179 180
tryptophan,5,serine,4,18,5,3,12.242,13.267,-0.903,21.5,99.0,1.4585,0.0,2.917,0.392,92 1 169 18 198 191 191 189
tryptophan,5,serine,4,18,5,4,12.242,13.267,-0.903,21.5,99.0,0.0,0.0,1.982,0.682,59 296 259 81 115 216 199 181 189 186
tryptophan,5,lysine,8,16,13,1,8.667,8.705,0.472,100.7,71.0,1.4446,0.0,2.952,1.512,8 276 188 185
tryptophan,5,lysine,8,16,13,2,8.667,8.705,0.472,100.7,71.0,0.0,0.0,2.954,1.73,8 186 281 303 4 176
tryptophan,5,lysine,8,16,13,3,8.667,8.705,0.472,100.7,71.0,0.0,0.0,2.62,3.955,307 268 302 354 355 29 73 300
tryptophan,5,lysine,8,16,13,4,8.667,8.705,0.472,100.7,71.0,0.0,0.0,2.191,3.271,307 29 76 353 318 89 114 300 258 140
tryptophan,5,lysine,8,16,14,1,8.667,9.511,0.472,100.8,36.7,2.2228,0.0,2.912,1.523,308 80 181 181
tryptophan,5,lysine,8,16,14,2,8.667,9.511,0.472,100.8,36.7,0.2523,0.0,2.942,0.239,44 264 161 168 58 154
tryptophan,5,lysine,8,16,14,3,8.667,9.511,0.472,100.8,36.7,0.0,0.0,3.324,3.162,291 135 174 96 344 127 34 176
tryptophan,5,lysine,8,16,14,4,8.667,9.511,0.472,100.8,36.7,0.0,0.0,3.324,4.19,298 277 52 20 11 176 86 192 302 173
tryptophan,5,lysine,8,16,15,1,8.667,7.055,0.472,102.3,143.4,0.0,0.0,2.446,1.76,311 37 248 185
tryptophan,5,lysine,8,16,15,2,8.667,7.055,0.472,102.3,143.4,0.0,0.0,1.774,1.185,22 9 104 135 311 41
tryptophan,5,lysine,8,16,15,3,8.667,7.055,0.472,102.3,143.4,0.0,0.0,3.324,2.635,271 272 16 270 299 108 347 296
tryptophan,5,lysine,8,16,15,4,8.667,7.055,0.472,102.3,143.4,0.0,0.0,2.55,3.283,310 347 47 60 26 48 80 324 257 123
tryptophan,5,lysine,8,17,13,1,8.667,10.51,0.472,22.3,64.9,6.201,0.0,0.926,2.124,317 0 179 2
tryptophan,5,lysine,8,17,13,2,8.667,10.51,0.472,22.3,64.9,2.4342,0.0,0.906,0.781,318 0 193 339 180 180
tryptophan,5,lysine,8,17,13,3,8.667,10.51,0.472,22.3,64.9,0.1361,0.0,2.677,2.002,271 360 180 360 181 184 90 167
tryptophan,5,lysine,8,17,13,4,8.667,10.51,0.472,22.3,64.9,0.0,0.0,2.665,3.922,247 74 113 270 236 145 161 231 229 178
tryptophan,5,lysine,8,17,14,1,8.667,11.127,0.472,35.0,37.5,5.7441,0.0,0.896,2.229,318 360 168 33
tryptophan,5,lysine,8,17,14,2,8.667,11.127,0.472,35.0,37.5,2.2342,0.0,0.649,1.395,320 359 211 303 168 172
tryptophan,5,lysine,8,17,14,3,8.667,11.127,0.472,35.0,37.5,0.0,0.0,1.185,1.31,296 25 197 243 219 175 91 122
tryptophan,5,lysine,8,17,14,4,8.667,11.127,0.472,35.0,37.5,0.0,0.0,0.778,0.698,348 21 79 302 278 130 142 216 219 178
tryptophan,5,lysine,8,17,15,1,8.667,8.776,0.472,32.5,137.5,3.8553,0.0,1.087,2.06,311 1 175 9
tryptophan,5,lysine,8,17,15,2,8.667,8.776,0.472,32.5,137.5,0.218,0.0,0.856,0.622,318 359 199 327 166 172
tryptophan,5,lysine,8,17,15,3,8.667,8.776,0.472,32.5,137.5,0.0,0.0,0.719,0.243,349 318 154 7 242 130 12 140
tryptophan,5,lysine,8,17,15,4,8.667,8.776,0.472,32.5,137.5,0.0,0.0,1.422,1.684,25 220 285 64 35 139 155 278 254 145
tryptophan,5,lysine,8,18,13,1,8.667,9.435,0.472,73.3,76.4,2.2987,0.0,1.979,3.698,40 14 201 199
tryptophan,5,lysine,8,18,13,2,8.667,9.435,0.472,73.3,76.4,0.0,0.0,2.028,3.91,11 60 190 349 69 202
tryptophan,5,lysine,8,18,13,3,8.667,9.435,0.472,73.3,76.4,0.0,0.0,2.917,3.778,100 41 139 261 190 257 318 157
tryptophan,5,lysine,8,18,13,4,8.667,9.435,0.472,73.3,76.4,0.0,0.0,1.71,4.416,45 346 312 37 63 254 234 76 106 213
tryptophan,5,lysine,8,18,14,1,8.667,10.559,0.472,61.2,25.2,3.7818,0.0,2.019,3.321,48 360 205 242
tryptophan,5,lysine,8,18,14,2,8.667,10.559,0.472,61.2,25.2,1.0644,0.0,2.741,1.865,68 1 185 311 100 175
tryptophan,5,lysine,8,18,14,3,8.667,10.559,0.472,61.2,25.2,0.2433,0.0,2.917,2.377,94 0 192 290 160 176 1 179
tryptophan,5,lysine,8,18,14,4,8.667,10.559,0.472,61.2,25.2,0.0,0.0,2.917,1.491,134 307 196 66 131 203 221 142 93 191
tryptophan,5,lysine,8,18,15,1,8.667,8.196,0.472,59.3,126.9,1.5794,0.0,2.132,2.874,52 359 206 265
tryptophan,5,lysine,8,18,15,2,8.667,8.196,0.472,59.3,126.9,0.0,0.0,1.551,2.746,29 303 294 14 66 171
tryptophan,5,lysine,8,18,15,3,8.667,8.196,0.472,59.3,126.9,0.0,0.0,1.84,2.815,4 308 322 68 89 255 186 104
tryptophan,5,lysine,8,18,15,4,8.667,8.196,0.472,59.3,126.9,0.0,0.0,1.466,3.133,37 349 314 44 68 258 236 84 113 210
tryptophan,5,leucine,13,16,1,1,19.68,17.654,0.563,117.3,141.1,10.4045,0.0,2.895,2.298,31 109 179 179
tryptophan,5,leucine,13,16,1,2,19.68,17.654,0.563,117.3,141.1,6.7393,0.0,3.253,1.493,105 252 176 178 177 177
tryptophan,5,leucine,13,16,1,3,19.68,17.654,0.563,117.3,141.1,3.1549,0.0,2.896,1.004,32 110 175 177 165 167 175 177
tryptophan,5,leucine,13,16,1,4,19.68,17.654,0.563,117.3,141.1,0.0,0.0,2.492,0.984,118 210 193 151 161 186 181 181 183 180
tryptophan,5,leucine,13,16,2,1,19.68,20.12,0.563,117.6,33.8,12.865,0.0,2.894,2.253,30 109 179 179
tryptophan,5,leucine,13,16,2,2,19.68,20.12,0.563,117.6,33.8,9.1898,0.0,3.256,1.439,104 251 177 179 178 178
tryptophan,5,leucine,13,16,2,3,19.68,20.12,0.563,117.6,33.8,5.595,0.0,2.895,0.899,31 109 177 178 166 168 177 178
tryptophan,5,leucine,13,16,2,4,19.68,20.12,0.563,117.6,33.8,1.8661,0.0,2.499,0.668,106 251 179 179 178 179 178 179 179 179
tryptophan,5,leucine,13,16,13,1,19.68,18.982,0.563,123.2,83.4,11.7187,0.0,2.905,2.582,35 118 181 180
tryptophan,5,leucine,13,16,13,2,19.68,18.982,0.563,123.2,83.4,8.0426,0.0,3.324,2.11,107 239 183 182 183 183
tryptophan,5,leucine,13,16,13,3,19.68,18.982,0.563,123.2,83.4,4.4272,0.0,2.905,0.603,35 118 181 181 188 187 181 181
tryptophan,5,leucine,13,16,13,4,19.68,18.982,0.563,123.2,83.4,0.7391,0.0,2.121,0.186,109 241 175 177 172 173 171 174 176 177
tryptophan,5,leucine,13,17,1,1,19.68,17.943,0.563,105.3,148.6,10.6916,0.0,2.752,4.182,246 88 181 181
tryptophan,5,leucine,13,17,1,2,19.68,17.943,0.563,105.3,148.6,7.0212,0.0,2.102,2.571,317 274 181 181 181 181
tryptophan,5,leucine,13,17,1,3,19.68,17.943,0.563,105.3,148.6,3.4435,0.0,2.731,1.608,246 87 183 182 192 190 183 182
tryptophan,5,leucine,13,17,1,4,19.68,17.943,0.563,105.3,148.6,0.0,0.0,2.511,0.961,243 91 156 173 167 172 177 170 143 151
tryptophan,5,leucine,13,17,2,1,19.68,20.407,0.563,105.7,40.4,13.1474,0.0,2.75,4.203,246 89 181 180
tryptophan,5,leucine,13,17,2,2,19.68,20.407,0.563,105.7,40.4,9.4651,0.0,2.1,2.585,318 273 181 181 181 181
tryptophan,5,leucine,13,17,2,3,19.68,20.407,0.563,105.7,40.4,5.8697,0.0,2.733,1.717,246 88 182 181 192 190 182 181
tryptophan,5,leucine,13,17,2,4,19.68,20.407,0.563,105.7,40.4,2.1518,0.0,2.092,1.605,319 272 180 180 180 180 180 180 180 180
tryptophan,5,leucine,13,17,13,1,19.68,19.425,0.563,104.4,81.8,12.1614,0.0,2.116,3.941,315 274 179 180
tryptophan,5,leucine,13,17,13,2,19.68,19.425,0.563,104.4,81.8,8.4777,0.0,2.797,2.538,244 84 180 180 180 180
tryptophan,5,leucine,13,17,13,3,19.68,19.425,0.563,104.4,81.8,4.8722,0.0,2.116,1.395,315 274 179 180 173 174 179 179
tryptophan,5,leucine,13,17,13,4,19.68,19.425,0.563,104.4,81.8,1.1967,0.0,2.343,0.913,243 86 173 176 170 171 166 171 175 176
tryptophan,5,leucine,13,18,1,1,19.68,19.868,0.563,16.3,144.4,15.4648,0.0,2.917,6.144,158 360 180 359
tryptophan,5,leucine,13,18,1,2,19.68,19.868,0.563,16.3,144.4,11.8908,0.0,2.917,5.218,158 0 160 34 180 180
tryptophan,5,leucine,13,18,1,3,19.68,19.868,0.563,16.3,144.4,8.2402,0.0,2.917,3.447,159 360 191 341 176 178 176 177
tryptophan,5,leucine,13,18,1,4,19.68,19.868,0.563,16.3,144.4,4.6217,0.0,2.917,1.392,157 0 160 34 180 180 183 183 180 180
tryptophan,5,leucine,13,18,2,1,19.68,22.338,0.563,16.1,36.7,17.8869,0.0,2.917,6.144,158 360 180 359
tryptophan,5,leucine,13,18,2,2,19.68,22.338,0.563,16.1,36.7,14.3317,0.0,2.917,5.243,157 0 159 37 180 180
tryptophan,5,leucine,13,18,2,3,19.68,22.338,0.563,16.1,36.7,10.6618,0.0,2.917,3.531,158 360 193 336 178 179 178 178
tryptophan,5,leucine,13,18,2,4,19.68,22.338,0.563,16.1,36.7,7.0556,0.0,2.917,1.354,157 0 159 37 181 180 185 185 181 180
tryptophan,5,leucine,13,18,13,1,19.68,21.272,0.563,21.9,82.7,16.4124,0.0,2.917,6.144,154 360 180 359
tryptophan,5,leucine,13,18,13,2,19.68,21.272,0.563,21.9,82.7,12.9179,0.0,2.917,5.285,153 0 153 51 182 181
tryptophan,5,leucine,13,18,13,3,19.68,21.272,0.563,21.9,82.7,9.2199,0.0,2.917,3.991,154 0 201 317 181 181 181 181
tryptophan,5,leucine,13,18,13,4,19.68,21.272,0.563,21.9,82.7,5.6568,0.0,2.917,1.617,152 0 154 49 186 184 198 195 186 184
tryptophan,5,serine,32,16,3,1,4.719,2.147,0.09,122.1,144.8,2.7251,0.0,2.206,0.796,7 54 4 2
tryptophan,5,serine,32,16,3,2,4.719,2.147,0.09,122.1,144.8,1.7889,0.0,2.65,0.763,60 55 2 33 135 1
tryptophan,5,serine,32,16,3,3,4.719,2.147,0.09,122.1,144.8,0.0,0.0,3.324,4.481,206 274 340 297 263 1 211 327
tryptophan,5,serine,32,16,3,4,4.719,2.147,0.09,122.1,144.8,0.0,0.0,3.089,4.629,151 304 318 275 293 57 82 357 249 87
tryptophan,5,serine,32,16,4,1,4.719,4.578,0.09,119.6,38.4,1.1438,0.0,3.324,4.499,274 325 346 336
tryptophan,5,serine,32,16,4,2,4.719,4.578,0.09,119.6,38.4,0.1941,0.0,3.324,4.668,254 329 327 244 326 347
tryptophan,5,serine,32,16,4,3,4.719,4.578,0.09,119.6,38.4,0.0,0.0,1.868,0.68,33 42 66 213 279 103 96 278
tryptophan,5,serine,32,16,4,4,4.719,4.578,0.09,119.6,38.4,0.0,0.0,1.726,0.861,31 16 7 286 359 83 45 261 247 69
tryptophan,5,serine,32,16,5,1,4.719,3.837,0.09,142.6,66.2,1.2396,0.0,3.324,4.668,256 310 13 6
tryptophan,5,serine,32,16,5,2,4.719,3.837,0.09,142.6,66.2,0.1474,0.0,3.324,4.668,178 313 15 10 153 11
tryptophan,5,serine,32,16,5,3,4.719,3.837,0.09,142.6,66.2,0.0,0.0,3.324,4.585,98 174 208 247 269 36 182 318
tryptophan,5,serine,32,16,5,4,4.719,3.837,0.09,142.6,66.2,0.0,0.0,2.376,2.203,313 74 79 49 36 81 101 289 233 104
tryptophan,5,serine,32,17,3,1,4.719,4.49,0.09,28.7,159.1,2.7128,0.0,3.078,3.679,256 4 174 0
tryptophan,5,serine,32,17,3,2,4.719,4.49,0.09,28.7,159.1,0.0,0.0,2.42,3.233,268 115 54 327 208 31
tryptophan,5,serine,32,17,3,3,4.719,4.49,0.09,28.7,159.1,0.0,0.0,0.606,1.857,5 70 66 296 262 44 123 236
tryptophan,5,serine,32,17,3,4,4.719,4.49,0.09,28.7,159.1,0.0,0.0,0.772,1.62,30 25 44 301 274 77 124 258 212 152
tryptophan,5,serine,32,17,4,1,4.719,6.887,0.09,21.8,46.7,3.5698,0.0,3.078,3.755,255 0 180 0
tryptophan,5,serine,32,17,4,2,4.719,6.887,0.09,21.8,46.7,0.7579,0.0,1.254,1.003,300 12 157 12 133 70
tryptophan,5,serine,32,17,4,3,4.719,6.887,0.09,21.8,46.7,0.0,0.0,0.716,1.399,351 20 118 323 245 59 62 177
tryptophan,5,serine,32,17,4,4,4.719,6.887,0.09,21.8,46.7,0.0,0.0,0.728,1.414,14 28 71 315 281 76 104 234 214 162
tryptophan,5,serine,32,17,5,1,4.719,6.27,0.09,37.3,70.8,1.7286,0.0,3.078,5.545,225 359 183 358
tryptophan,5,serine,32,17,5,2,4.719,6.27,0.09,37.3,70.8,0.0,0.0,3.078,5.456,217 88 79 306 245 92
tryptophan,5,serine,32,17,5,3,4.719,6.27,0.09,37.3,70.8,0.0,0.0,1.559,3.707,282 37 55 306 280 72 119 229
tryptophan,5,serine,32,17,5,4,4.719,6.27,0.09,37.3,70.8,0.0,0.0,0.977,3.633,308 13 53 294 262 109 131 250 233 164
tryptophan,5,serine,32,18,3,1,4.719,3.863,0.09,54.8,144.1,1.6065,0.0,2.905,4.103,87 274 286 0
tryptophan,5,serine,32,18,3,2,4.719,3.863,0.09,54.8,144.1,0.0326,0.0,2.298,3.32,22 229 359 347 198 359
tryptophan,5,serine,32,18,3,3,4.719,3.863,0.09,54.8,144.1,0.0,0.0,0.888,2.416,337 288 309 65 96 330 232 100
tryptophan,5,serine,32,18,3,4,4.719,3.863,0.09,54.8,144.1,0.0,0.0,2.399,3.088,296 342 344 62 87 302 222 91 155 193
tryptophan,5,serine,32,18,4,1,4.719,5.757,0.09,72.6,60.6,0.1877,0.0,2.722,4.035,78 269 311 295
tryptophan,5,serine,32,18,4,2,4.719,5.757,0.09,72.6,60.6,0.0,0.0,1.68,4.395,32 295 345 12 110 316
tryptophan,5,serine,32,18,4,3,4.719,5.757,0.09,72.6,60.6,0.0,0.0,1.5,4.964,10 318 348 67 72 277 229 118
tryptophan,5,serine,32,18,4,4,4.719,5.757,0.09,72.6,60.6,0.0,0.0,2.795,4.636,316 161 104 97 74 293 283 343 62 271
tryptophan,5,serine,32,18,5,1,4.719,5.297,0.09,75.7,77.3,0.0,0.0,2.917,5.83,115 88 69 310
tryptophan,5,serine,32,18,5,2,4.719,5.297,0.09,75.7,77.3,0.0,0.0,2.917,5.829,70 230 21 66 66 310
tryptophan,5,serine,32,18,5,3,4.719,5.297,0.09,75.7,77.3,0.0,0.0,1.736,4.901,53 317 357 58 28 326 241 59
tryptophan,5,serine,32,18,5,4,4.719,5.297,0.09,75.7,77.3,0.0,0.0,2.258,4.574,62 346 4 23 24 289 279 60 133 255
lysine,8,tryptophan,2,13,16,1,10.553,10.839,0.418,28.5,133.4,5.9532,0.0,3.096,4.044,184 360 180 360
lysine,8,tryptophan,2,13,16,2,10.553,10.839,0.418,28.5,133.4,2.5295,0.0,3.096,3.523,179 1 160 35 194 189
lysine,8,tryptophan,2,13,16,3,10.553,10.839,0.418,28.5,133.4,0.0,0.0,3.096,4.991,133 42 166 299 206 143 153 164
lysine,8,tryptophan,2,13,16,4,10.553,10.839,0.418,28.5,133.4,0.0,0.0,2.244,0.348,276 49 84 284 247 120 139 187 182 179
lysine,8,tryptophan,2,13,17,1,10.553,11.615,0.418,18.4,98.7,7.5028,0.0,3.096,5.112,166 0 179 2
lysine,8,tryptophan,2,13,17,2,10.553,11.615,0.418,18.4,98.7,3.7657,0.0,3.096,4.709,169 360 184 354 176 177
lysine,8,tryptophan,2,13,17,3,10.553,11.615,0.418,18.4,98.7,0.2343,0.0,3.096,4.129,176 359 186 352 142 150 168 171
lysine,8,tryptophan,2,13,17,4,10.553,11.615,0.418,18.4,98.7,0.0,0.0,3.096,4.965,131 303 286 71 95 249 233 188 201 185
lysine,8,tryptophan,2,13,18,1,10.553,13.185,0.418,26.4,33.7,8.2647,0.0,3.096,4.472,177 0 179 3
lysine,8,tryptophan,2,13,18,2,10.553,13.185,0.418,26.4,33.7,4.7835,0.0,3.096,3.516,179 359 205 316 171 174
lysine,8,tryptophan,2,13,18,3,10.553,13.185,0.418,26.4,33.7,1.0687,0.0,3.096,3.669,179 359 201 322 158 168 165 167
lysine,8,tryptophan,2,13,18,4,10.553,13.185,0.418,26.4,33.7,0.0,0.0,3.096,5.149,182 311 183 116 163 204 214 159 123 157
lysine,8,tryptophan,2,14,16,1,10.553,8.864,0.418,111.1,130.0,1.6016,0.0,3.724,4.469,53 98 181 181
lysine,8,tryptophan,2,14,16,2,10.553,8.864,0.418,111.1,130.0,0.0,0.0,3.596,4.597,129 210 196 73 262 330
lysine,8,tryptophan,2,14,16,3,10.553,8.864,0.418,111.1,130.0,0.0,0.0,3.874,5.091,168 178 199 132 135 266 255 166
lysine,8,tryptophan,2,14,16,4,10.553,8.864,0.418,111.1,130.0,0.0,0.0,3.874,4.903,200 180 202 138 131 224 216 119 135 199
lysine,8,tryptophan,2,14,17,1,10.553,9.465,0.418,113.6,102.8,2.1838,0.0,3.851,4.522,115 258 179 179
lysine,8,tryptophan,2,14,17,2,10.553,9.465,0.418,113.6,102.8,0.0,0.0,3.874,4.565,122 186 223 137 160 230
lysine,8,tryptophan,2,14,17,3,10.553,9.465,0.418,113.6,102.8,0.0,0.0,3.874,4.683,139 173 196 130 142 287 265 163
lysine,8,tryptophan,2,14,17,4,10.553,9.465,0.418,113.6,102.8,0.0,0.0,3.874,5.182,173 173 189 139 135 236 227 130 146 197
lysine,8,tryptophan,2,14,18,1,10.553,11.098,0.418,115.4,36.9,3.8499,0.0,3.874,4.832,49 104 185 183
lysine,8,tryptophan,2,14,18,2,10.553,11.098,0.418,115.4,36.9,0.6723,0.0,3.874,4.6,129 240 165 172 119 145
lysine,8,tryptophan,2,14,18,3,10.553,11.098,0.418,115.4,36.9,0.0,0.0,3.874,4.741,145 185 193 153 154 243 238 170
lysine,8,tryptophan,2,14,18,4,10.553,11.098,0.418,115.4,36.9,0.0,0.0,3.874,5.209,188 179 197 137 134 223 212 139 155 195
lysine,8,tryptophan,2,15,16,1,10.553,8.751,0.418,116.0,132.2,1.4934,0.0,2.91,2.301,309 254 178 179
lysine,8,tryptophan,2,15,16,2,10.553,8.751,0.418,116.0,132.2,0.0,0.0,2.068,1.928,241 174 128 298 64 51
lysine,8,tryptophan,2,15,16,3,10.553,8.751,0.418,116.0,132.2,0.0,0.0,2.785,0.658,189 186 160 244 237 73 55 171
lysine,8,tryptophan,2,15,16,4,10.553,8.751,0.418,116.0,132.2,0.0,0.0,2.91,2.209,162 188 166 222 229 130 138 237 222 162
lysine,8,tryptophan,2,15,17,1,10.553,9.661,0.418,105.4,92.4,2.39,0.0,2.91,2.934,242 90 175 177
lysine,8,tryptophan,2,15,17,2,10.553,9.661,0.418,105.4,92.4,0.0,0.0,2.383,1.748,273 159 68 227 121 68
lysine,8,tryptophan,2,15,17,3,10.553,9.661,0.418,105.4,92.4,0.0,0.0,2.91,2.47,192 144 117 274 268 128 164 220
lysine,8,tryptophan,2,15,17,4,10.553,9.661,0.418,105.4,92.4,0.0,0.0,1.195,0.675,240 219 116 313 178 354 125 290 199 99
lysine,8,tryptophan,2,15,18,1,10.553,11.15,0.418,113.1,29.3,3.8901,0.0,2.91,2.281,311 259 180 180
lysine,8,tryptophan,2,15,18,2,10.553,11.15,0.418,113.1,29.3,0.8826,0.0,2.91,2.913,224 102 141 159 119 142
lysine,8,tryptophan,2,15,18,3,10.553,11.15,0.418,113.1,29.3,0.0,0.0,2.91,2.991,204 74 173 161 121 173 305 224
lysine,8,tryptophan,2,15,18,4,10.553,11.15,0.418,113.1,29.3,0.0,0.0,2.91,2.44,172 169 155 223 226 150 158 236 225 167
lysine,8,tyrosine,0,13,8,1,11.273,11.103,0.883,71.0,115.9,4.0672,0.0,3.096,2.96,210 7 202 203
lysine,8,tyrosine,0,13,8,2,11.273,11.103,0.883,71.0,115.9,0.3203,0.0,3.096,2.796,216 0 147 141 181 181
lysine,8,tyrosine,0,13,8,3,11.273,11.103,0.883,71.0,115.9,0.0,0.0,2.236,3.843,231 81 134 213 190 117 112 173
lysine,8,tyrosine,0,13,8,4,11.273,11.103,0.883,71.0,115.9,0.0,0.0,2.506,4.921,223 134 113 186 196 131 140 246 225 159
lysine,8,tyrosine,0,13,9,1,11.273,13.327,0.883,66.0,14.4,6.3145,0.0,3.096,3.291,215 359 161 149
lysine,8,tyrosine,0,13,9,2,11.273,13.327,0.883,66.0,14.4,2.7049,0.0,2.454,2.286,215 359 215 227 177 178
lysine,8,tyrosine,0,13,9,3,11.273,13.327,0.883,66.0,14.4,0.6234,0.0,3.096,4.15,226 328 152 163 160 163 298 206
lysine,8,tyrosine,0,13,9,4,11.273,13.327,0.883,66.0,14.4,0.0,0.0,3.096,5.146,167 86 177 199 203 177 123 178 344 179
lysine,8,tyrosine,0,13,10,1,11.273,11.521,0.883,60.8,98.8,4.6808,0.0,3.096,3.088,208 0 156 125
lysine,8,tyrosine,0,13,10,2,11.273,11.521,0.883,60.8,98.8,1.134,0.0,2.805,1.994,209 359 221 245 174 176
lysine,8,tyrosine,0,13,10,3,11.273,11.521,0.883,60.8,98.8,0.0,0.0,3.024,1.501,236 100 76 291 179 165 225 196
lysine,8,tyrosine,0,13,10,4,11.273,11.521,0.883,60.8,98.8,0.0,0.0,2.47,0.092,260 64 147 288 159 74 125 192 221 202
lysine,8,tyrosine,0,14,8,1,11.273,10.826,0.883,81.3,105.0,3.565,0.0,3.874,1.838,115 38 182 181
lysine,8,tyrosine,0,14,8,2,11.273,10.826,0.883,81.3,105.0,0.0,0.0,2.498,1.762,139 319 223 162 194 177
lysine,8,tyrosine,0,14,8,3,11.273,10.826,0.883,81.3,105.0,0.0,0.0,3.874,4.015,185 203 232 151 147 230 214 156
lysine,8,tyrosine,0,14,8,4,11.273,10.826,0.883,81.3,105.0,0.0,0.0,3.874,5.209,196 197 231 165 157 218 205 94 115 200
lysine,8,tyrosine,0,14,9,1,11.273,12.804,0.883,85.7,13.1,5.5864,0.0,3.874,1.724,105 48 183 182
lysine,8,tyrosine,0,14,9,2,11.273,12.804,0.883,85.7,13.1,1.8171,0.0,2.068,1.188,150 320 180 180 180 180
lysine,8,tyrosine,0,14,9,3,11.273,12.804,0.883,85.7,13.1,0.5042,0.0,3.874,3.737,111 75 195 188 198 195 25 168
lysine,8,tyrosine,0,14,9,4,11.273,12.804,0.883,85.7,13.1,0.0,0.0,3.821,4.103,159 232 200 181 176 202 242 142 61 181
lysine,8,tyrosine,0,14,10,1,11.273,10.708,0.883,91.5,109.8,3.53,0.0,3.874,2.524,159 301 167 172
lysine,8,tyrosine,0,14,10,2,11.273,10.708,0.883,91.5,109.8,0.0,0.0,3.34,1.594,152 260 222 163 175 183
lysine,8,tyrosine,0,14,10,3,11.273,10.708,0.883,91.5,109.8,0.0,0.0,3.874,4.076,194 201 222 140 139 224 212 162
lysine,8,tyrosine,0,14,10,4,11.273,10.708,0.883,91.5,109.8,0.0,0.0,3.874,4.832,197 192 220 162 153 216 210 102 113 196
lysine,8,tyrosine,0,15,8,1,11.273,9.301,0.883,154.4,107.1,2.2929,0.0,2.91,2.278,202 181 204 224
lysine,8,tyrosine,0,15,8,2,11.273,9.301,0.883,154.4,107.1,0.0,0.0,2.91,2.717,249 233 182 213 236 127
lysine,8,tyrosine,0,15,8,3,11.273,9.301,0.883,154.4,107.1,0.0,0.0,2.91,2.825,266 263 187 213 252 62 93 224
lysine,8,tyrosine,0,15,8,4,11.273,9.301,0.883,154.4,107.1,0.0,0.0,2.91,2.891,251 256 216 177 229 128 106 253 232 145
lysine,8,tyrosine,0,15,9,1,11.273,11.376,0.883,155.2,7.3,4.4177,0.0,2.91,2.024,216 181 203 219
lysine,8,tyrosine,0,15,9,2,11.273,11.376,0.883,155.2,7.3,1.194,0.0,2.91,2.322,213 195 199 197 243 209
lysine,8,tyrosine,0,15,9,3,11.273,11.376,0.883,155.2,7.3,0.3724,0.0,2.91,2.904,211 229 181 181 246 214 0 180
lysine,8,tyrosine,0,15,9,4,11.273,11.376,0.883,155.2,7.3,0.0,0.0,2.91,2.991,223 238 199 166 205 141 121 250 254 156
lysine,8,tyrosine,0,15,10,1,11.273,9.534,0.883,147.7,97.9,2.4323,0.0,2.91,1.521,209 170 157 158
lysine,8,tyrosine,0,15,10,2,11.273,9.534,0.883,147.7,97.9,0.0,0.0,2.91,2.857,253 242 174 193 222 94
lysine,8,tyrosine,0,15,10,3,11.273,9.534,0.883,147.7,97.9,0.0,0.0,2.91,2.991,176 292 32 172 302 115 224 340
lysine,8,tyrosine,0,15,10,4,11.273,9.534,0.883,147.7,97.9,0.0,0.0,2.91,2.991,227 257 201 166 203 110 115 275 250 151
lysine,8,phenylalanine,4,13,12,1,7.841,9.642,0.967,48.3,51.6,3.5112,0.0,3.096,3.771,192 360 203 287
lysine,8,phenylalanine,4,13,12,2,7.841,9.642,0.967,48.3,51.6,0.2657,0.0,2.897,1.866,212 360 197 269 205 186
lysine,8,phenylalanine,4,13,12,3,7.841,9.642,0.967,48.3,51.6,0.0,0.0,3.096,1.358,231 73 113 241 210 128 139 184
lysine,8,phenylalanine,4,13,12,4,7.841,9.642,0.967,48.3,51.6,0.0,0.0,3.096,1.504,218 32 180 96 21 212 288 5 310 129
lysine,8,phenylalanine,4,13,13,1,7.841,7.779,0.967,56.4,126.4,1.534,0.0,3.096,4.555,178 2 212 272
lysine,8,phenylalanine,4,13,13,2,7.841,7.779,0.967,56.4,126.4,0.0,0.0,2.744,2.01,234 21 138 303 173 124
lysine,8,phenylalanine,4,13,13,3,7.841,7.779,0.967,56.4,126.4,0.0,0.0,3.096,1.57,243 74 102 245 219 108 124 193
lysine,8,phenylalanine,4,13,13,4,7.841,7.779,0.967,56.4,126.4,0.0,0.0,1.836,0.799,302 49 55 292 280 55 104 223 173 146
lysine,8,phenylalanine,4,13,14,1,7.841,9.812,0.967,51.4,43.9,3.4962,0.0,3.096,4.833,174 360 155 86
lysine,8,phenylalanine,4,13,14,2,7.841,9.812,0.967,51.4,43.9,0.2894,0.0,3.096,5.296,161 360 158 124 116 164
lysine,8,phenylalanine,4,13,14,3,7.841,9.812,0.967,51.4,43.9,0.0,0.0,3.096,5.296,137 282 250 123 153 232 215 167
lysine,8,phenylalanine,4,13,14,4,7.841,9.812,0.967,51.4,43.9,0.0,0.0,2.832,5.296,75 331 283 83 108 222 223 154 156 179
lysine,8,phenylalanine,4,14,12,1,7.841,8.149,0.967,106.1,42.0,1.0109,0.0,0.798,3.139,78 71 220 201
lysine,8,phenylalanine,4,14,12,2,7.841,8.149,0.967,106.1,42.0,0.1334,0.0,1.163,1.651,68 360 277 246 359 184
lysine,8,phenylalanine,4,14,12,3,7.841,8.149,0.967,106.1,42.0,0.0,0.0,3.83,2.595,185 241 252 96 359 223 321 99
lysine,8,phenylalanine,4,14,12,4,7.841,8.149,0.967,106.1,42.0,0.0,0.0,3.846,2.583,227 212 232 118 111 219 221 100 107 209
lysine,8,phenylalanine,4,14,13,1,7.841,6.355,0.967,110.9,112.6,0.0058,0.0,3.25,4.875,169 193 296 254
lysine,8,phenylalanine,4,14,13,2,7.841,6.355,0.967,110.9,112.6,0.0,0.0,3.418,5.033,198 142 259 68 187 309
lysine,8,phenylalanine,4,14,13,3,7.841,6.355,0.967,110.9,112.6,0.0,0.0,3.874,5.209,240 169 225 111 109 272 245 149
lysine,8,phenylalanine,4,14,13,4,7.841,6.355,0.967,110.9,112.6,0.0,0.0,3.874,5.161,247 173 211 139 126 235 227 95 116 207
lysine,8,phenylalanine,4,14,14,1,7.841,8.005,0.967,123.3,48.6,0.844,0.0,2.606,4.745,163 225 216 202
lysine,8,phenylalanine,4,14,14,2,7.841,8.005,0.967,123.3,48.6,0.0,0.0,3.637,5.209,181 163 261 174 41 205
lysine,8,phenylalanine,4,14,14,3,7.841,8.005,0.967,123.3,48.6,0.0,0.0,3.874,5.209,232 171 216 115 120 251 224 159
lysine,8,phenylalanine,4,14,14,4,7.841,8.005,0.967,123.3,48.6,0.0,0.0,1.794,5.209,354 114 173 139 116 250 243 46 59 220
lysine,8,phenylalanine,4,15,12,1,7.841,7.666,0.967,128.4,59.3,0.6044,0.0,1.185,1.996,283 210 230 213
lysine,8,phenylalanine,4,15,12,2,7.841,7.666,0.967,128.4,59.3,0.0,0.0,2.91,1.717,158 185 131 9 103 136
lysine,8,phenylalanine,4,15,12,3,7.841,7.666,0.967,128.4,59.3,0.0,0.0,2.91,2.052,141 203 144 229 244 104 130 216
lysine,8,phenylalanine,4,15,12,4,7.841,7.666,0.967,128.4,59.3,0.0,0.0,2.711,0.776,99 225 155 228 261 102 134 234 176 140
lysine,8,phenylalanine,4,15,13,1,7.841,6.201,0.967,117.9,116.1,0.2262,0.0,2.91,2.991,208 5 340 228
lysine,8,phenylalanine,4,15,13,2,7.841,6.201,0.967,117.9,116.1,0.0,0.0,2.878,1.592,168 216 96 21 61 50
lysine,8,phenylalanine,4,15,13,3,7.841,6.201,0.967,117.9,116.1,0.0,0.0,2.91,2.252,110 199 139 261 247 75 111 206
lysine,8,phenylalanine,4,15,13,4,7.841,6.201,0.967,117.9,116.1,0.0,0.0,2.91,2.497,101 193 152 225 238 125 134 260 238 154
lysine,8,phenylalanine,4,15,14,1,7.841,8.261,0.967,111.6,32.0,1.0935,0.0,2.232,2.991,197 82 215 197
lysine,8,phenylalanine,4,15,14,2,7.841,8.261,0.967,111.6,32.0,0.2175,0.0,2.91,2.991,188 7 276 226 6 167
lysine,8,phenylalanine,4,15,14,3,7.841,8.261,0.967,111.6,32.0,0.0,0.0,2.91,2.895,153 132 116 248 330 136 72 204
lysine,8,phenylalanine,4,15,14,4,7.841,8.261,0.967,111.6,32.0,0.0,0.0,2.91,2.551,128 176 142 223 229 136 145 264 248 158
lysine,8,lysine,1,13,13,1,3.784,2.172,-0.913,78.4,118.4,2.9079,0.0,2.624,5.296,168 251 350 355
lysine,8,lysine,1,13,13,2,3.784,2.172,-0.913,78.4,118.4,1.7984,0.0,2.669,5.276,123 260 356 326 227 358
lysine,8,lysine,1,13,13,3,3.784,2.172,-0.913,78.4,118.4,0.0,0.0,1.466,1.495,327 119 25 17 145 20 142 10
lysine,8,lysine,1,13,13,4,3.784,2.172,-0.913,78.4,118.4,0.0,0.0,1.042,1.723,9 35 69 289 272 73 97 277 232 140
lysine,8,lysine,1,13,14,1,3.784,3.193,-0.913,128.0,76.3,2.0555,0.0,3.096,5.296,169 272 17 9
lysine,8,lysine,1,13,14,2,3.784,3.193,-0.913,128.0,76.3,0.7725,0.0,3.096,5.296,119 302 5 34 132 3
lysine,8,lysine,1,13,14,3,3.784,3.193,-0.913,128.0,76.3,0.0001,0.0,3.096,5.296,80 224 60 277 296 30 143 294
lysine,8,lysine,1,13,14,4,3.784,3.193,-0.913,128.0,76.3,0.0,0.0,3.096,5.296,116 121 124 280 343 84 87 306 186 75
lysine,8,lysine,1,13,15,1,3.784,3.819,-0.913,93.9,55.0,1.3439,0.0,2.881,4.394,269 94 9 7
lysine,8,lysine,1,13,15,2,3.784,3.819,-0.913,93.9,55.0,0.0839,0.0,2.61,4.192,317 88 1 29 141 1
lysine,8,lysine,1,13,15,3,3.784,3.819,-0.913,93.9,55.0,0.0,0.0,2.648,3.865,345 140 332 259 310 340 128 73
lysine,8,lysine,1,13,15,4,3.784,3.819,-0.913,93.9,55.0,0.0,0.0,1.426,0.959,299 102 93 240 267 75 77 299 242 112
lysine,8,lysine,1,14,13,1,3.784,2.835,-0.913,57.6,171.6,2.2708,0.0,2.187,4.988,177 210 340 360
lysine,8,lysine,1,14,13,2,3.784,2.835,-0.913,57.6,171.6,1.0641,0.0,3.422,5.209,247 127 360 358 183 360
lysine,8,lysine,1,14,13,3,3.784,2.835,-0.913,57.6,171.6,0.0,0.0,2.573,1.374,78 245 4 75 49 34 199 360
lysine,8,lysine,1,14,13,4,3.784,2.835,-0.913,57.6,171.6,0.0,0.0,3.221,1.762,3 331 310 73 90 285 243 92 143 214
lysine,8,lysine,1,14,14,1,3.784,4.93,-0.913,57.6,59.4,1.0388,0.0,3.874,5.209,206 78 74 8
lysine,8,lysine,1,14,14,2,3.784,4.93,-0.913,57.6,59.4,0.0,0.0,3.874,5.209,264 51 49 342 222 27
lysine,8,lysine,1,14,14,3,3.784,4.93,-0.913,57.6,59.4,0.0,0.0,3.874,5.209,298 35 48 293 258 72 139 233
lysine,8,lysine,1,14,14,4,3.784,4.93,-0.913,57.6,59.4,0.0,0.0,3.779,5.209,313 0 25 305 255 80 143 259 218 160
lysine,8,lysine,1,14,15,1,3.784,5.133,-0.913,45.7,51.7,1.8521,0.0,0.918,3.225,158 304 261 351
lysine,8,lysine,1,14,15,2,3.784,5.133,-0.913,45.7,51.7,0.1174,0.0,2.486,0.943,117 303 277 313 264 320
lysine,8,lysine,1,14,15,3,3.784,5.133,-0.913,45.7,51.7,0.0,0.0,2.537,0.586,65 313 280 75 113 283 242 147
lysine,8,lysine,1,14,15,4,3.784,5.133,-0.913,45.7,51.7,0.0,0.0,2.989,0.957,22 312 304 68 83 289 240 112 171 220
lysine,8,lysine,1,15,13,1,3.784,2.019,-0.913,83.6,128.7,2.9573,0.0,1.657,2.991,196 107 7 4
lysine,8,lysine,1,15,13,2,3.784,2.019,-0.913,83.6,128.7,1.9123,0.0,2.322,2.92,241 96 2 29 140 1
lysine,8,lysine,1,15,13,3,3.784,2.019,-0.913,83.6,128.7,0.0,0.0,1.347,2.447,298 13 35 61 118 350 174 34
lysine,8,lysine,1,15,13,4,3.784,2.019,-0.913,83.6,128.7,0.0,0.0,0.91,1.979,354 315 285 74 90 289 260 80 129 220
lysine,8,lysine,1,15,14,1,3.784,4.19,-0.913,84.0,41.4,1.5342,0.0,2.879,2.991,104 275 336 343
lysine,8,lysine,1,15,14,2,3.784,4.19,-0.913,84.0,41.4,0.2758,0.0,2.093,2.782,75 285 333 281 286 348
lysine,8,lysine,1,15,14,3,3.784,4.19,-0.913,84.0,41.4,0.0,0.0,1.643,2.344,43 302 323 99 62 300 271 105
lysine,8,lysine,1,15,14,4,3.784,4.19,-0.913,84.0,41.4,0.0,0.0,2.144,2.373,65 274 259 108 96 277 282 83 123 232
lysine,8,lysine,1,15,15,1,3.784,3.269,-0.913,118.0,74.1,1.695,0.0,2.431,2.842,86 276 6 4
lysine,8,lysine,1,15,15,2,3.784,3.269,-0.913,118.0,74.1,0.6254,0.0,1.899,2.203,31 298 360 352 191 360
lysine,8,lysine,1,15,15,3,3.784,3.269,-0.913,118.0,74.1,0.0,0.0,1.286,1.496,220 138 234 116 89 339 213 1
lysine,8,lysine,1,15,15,4,3.784,3.269,-0.913,118.0,74.1,0.0,0.0,1.118,2.991,185 255 207 93 358 235 335 28 134 38
lysine,8,aspartic,21,13,3,1,5.696,6.608,-0.338,16.6,106.9,3.9835,0.0,2.608,5.296,21 0 180 0
lysine,8,aspartic,21,13,3,2,5.696,6.608,-0.338,16.6,106.9,0.3736,0.0,1.702,5.296,4 359 183 359 209 295
lysine,8,aspartic,21,13,3,3,5.696,6.608,-0.338,16.6,106.9,0.0,0.0,3.096,5.296,87 284 261 79 107 263 224 144
lysine,8,aspartic,21,13,3,4,5.696,6.608,-0.338,16.6,106.9,0.0,0.0,1.517,4.947,334 340 294 21 65 298 259 100 130 204
lysine,8,aspartic,21,13,4,1,5.696,8.609,-0.338,13.1,21.1,5.5398,0.0,0.362,5.157,337 360 180 360
lysine,8,aspartic,21,13,4,2,5.696,8.609,-0.338,13.1,21.1,1.7843,0.0,0.323,4.743,338 359 182 358 156 118
lysine,8,aspartic,21,13,4,3,5.696,8.609,-0.338,13.1,21.1,0.0,0.0,0.67,5.296,322 33 180 272 211 131 87 146
lysine,8,aspartic,21,13,4,4,5.696,8.609,-0.338,13.1,21.1,0.0,0.0,1.751,5.296,24 14 93 306 266 121 119 214 242 192
lysine,8,aspartic,21,13,5,1,5.696,7.569,-0.338,2.9,70.5,5.9442,0.0,3.096,5.296,157 0 180 0
lysine,8,aspartic,21,13,5,2,5.696,7.569,-0.338,2.9,70.5,2.2416,0.0,3.096,5.296,138 1 179 1 204 291
lysine,8,aspartic,21,13,5,3,5.696,7.569,-0.338,2.9,70.5,0.0,0.0,3.096,5.296,72 309 233 57 153 262 218 170
lysine,8,aspartic,21,13,5,4,5.696,7.569,-0.338,2.9,70.5,0.0,0.0,3.096,5.296,57 317 284 70 99 246 223 127 145 195
lysine,8,aspartic,21,14,3,1,5.696,5.06,-0.338,85.2,105.9,0.0,0.0,3.246,5.209,25 203 345 54
lysine,8,aspartic,21,14,3,2,5.696,5.06,-0.338,85.2,105.9,0.0,0.0,3.723,5.209,349 197 57 82 36 33
lysine,8,aspartic,21,14,3,3,5.696,5.06,-0.338,85.2,105.9,0.0,0.0,3.592,5.209,330 325 1 63 79 291 206 74
lysine,8,aspartic,21,14,3,4,5.696,5.06,-0.338,85.2,105.9,0.0,0.0,3.103,3.544,78 24 325 306 321 291 272 61 109 244
lysine,8,aspartic,21,14,4,1,5.696,7.174,-0.338,82.1,9.7,1.1533,0.0,3.006,5.209,33 305 305 235
lysine,8,aspartic,21,14,4,2,5.696,7.174,-0.338,82.1,9.7,0.4793,0.0,3.755,5.209,1 316 305 204 354 236
lysine,8,aspartic,21,14,4,3,5.696,7.174,-0.338,82.1,9.7,0.0,0.0,3.669,5.209,327 38 239 150 11 156 29 217
lysine,8,aspartic,21,14,4,4,5.696,7.174,-0.338,82.1,9.7,0.0,0.0,3.512,3.963,64 65 339 339 340 220 328 101 49 272
lysine,8,aspartic,21,14,5,1,5.696,5.69,-0.338,95.9,81.6,0.0,0.0,3.36,4.584,102 209 259 55
lysine,8,aspartic,21,14,5,2,5.696,5.69,-0.338,95.9,81.6,0.0,0.0,2.678,2.34,130 16 90 267 237 60
lysine,8,aspartic,21,14,5,3,5.696,5.69,-0.338,95.9,81.6,0.0,0.0,3.587,5.209,326 6 324 50 84 290 256 132
lysine,8,aspartic,21,14,5,4,5.696,5.69,-0.338,95.9,81.6,0.0,0.0,3.179,5.209,291 55 289 251 314 296 237 9 86 268
lysine,8,aspartic,21,15,3,1,5.696,5.368,-0.338,74.0,86.2,0.4727,0.0,1.012,1.995,345 47 63 23
lysine,8,aspartic,21,15,3,2,5.696,5.368,-0.338,74.0,86.2,0.0,0.0,0.856,2.108,22 27 105 6 119 20
lysine,8,aspartic,21,15,3,3,5.696,5.368,-0.338,74.0,86.2,0.0,0.0,0.953,2.574,59 40 65 290 259 52 84 200
lysine,8,aspartic,21,15,3,4,5.696,5.368,-0.338,74.0,86.2,0.0,0.0,0.903,2.451,50 60 35 282 317 69 86 299 141 36
lysine,8,aspartic,21,15,4,1,5.696,6.894,-0.338,92.5,20.1,0.8722,0.0,1.003,1.617,326 103 19 148
lysine,8,aspartic,21,15,4,2,5.696,6.894,-0.338,92.5,20.1,0.2227,0.0,1.496,1.985,0 105 352 183 359 128
lysine,8,aspartic,21,15,4,3,5.696,6.894,-0.338,92.5,20.1,0.0,0.0,1.286,2.375,45 354 61 286 304 91 41 201
lysine,8,aspartic,21,15,4,4,5.696,6.894,-0.338,92.5,20.1,0.0,0.0,2.486,0.245,286 324 37 25 9 122 91 243 261 113
lysine,8,aspartic,21,15,5,1,5.696,5.741,-0.338,93.9,72.7,0.0,0.0,2.181,1.813,285 199 35 262
lysine,8,aspartic,21,15,5,2,5.696,5.741,-0.338,93.9,72.7,0.0,0.0,2.88,2.57,239 327 350 349 118 2
lysine,8,aspartic,21,15,5,3,5.696,5.741,-0.338,93.9,72.7,0.0,0.0,2.388,0.954,3 161 222 70 185 313 251 336
lysine,8,aspartic,21,15,5,4,5.696,5.741,-0.338,93.9,72.7,0.0,0.0,2.487,0.76,216 295 19 121 65 10 64 334 277 117
lysine,8,glutamic,8,13,5,1,8.199,9.113,0.382,57.2,69.4,2.5177,0.0,3.096,1.928,248 359 204 266
lysine,8,glutamic,8,13,5,2,8.199,9.113,0.382,57.2,69.4,0.1402,0.0,2.707,1.436,272 1 169 18 45 161
lysine,8,glutamic,8,13,5,3,8.199,9.113,0.382,57.2,69.4,0.0,0.0,2.378,3.338,280 73 135 241 198 104 89 157
lysine,8,glutamic,8,13,5,4,8.199,9.113,0.382,57.2,69.4,0.0,0.0,3.096,0.688,183 53 82 3 280 20 118 338 308 148
lysine,8,glutamic,8,13,6,1,8.199,9.826,0.382,68.9,39.1,2.7047,0.0,3.096,2.532,240 357 161 153
lysine,8,glutamic,8,13,6,2,8.199,9.826,0.382,68.9,39.1,0.2875,0.0,3.096,2.567,204 27 165 173 69 147
lysine,8,glutamic,8,13,6,3,8.199,9.826,0.382,68.9,39.1,0.0,0.0,3.096,4.005,177 142 130 223 230 134 135 193
lysine,8,glutamic,8,13,6,4,8.199,9.826,0.382,68.9,39.1,0.0,0.0,2.933,5.076,217 149 127 179 204 136 129 261 243 152
lysine,8,glutamic,8,13,7,1,8.199,7.368,0.382,67.1,147.1,0.5459,0.0,3.096,2.327,242 1 145 117
lysine,8,glutamic,8,13,7,2,8.199,7.368,0.382,67.1,147.1,0.0,0.0,3.096,2.563,243 167 51 251 193 91
lysine,8,glutamic,8,13,7,3,8.199,7.368,0.382,67.1,147.1,0.0,0.0,3.096,2.474,212 222 44 205 303 29 78 294
lysine,8,glutamic,8,13,7,4,8.199,7.368,0.382,67.1,147.1,0.0,0.0,2.318,3.428,284 2 28 305 291 110 120 264 241 146
lysine,8,glutamic,8,14,5,1,8.199,9.066,0.382,59.0,80.8,2.367,0.0,3.874,0.675,113 360 154 106
lysine,8,glutamic,8,14,5,2,8.199,9.066,0.382,59.0,80.8,0.0,0.0,3.874,0.911,63 62 191 294 191 193
lysine,8,glutamic,8,14,5,3,8.199,9.066,0.382,59.0,80.8,0.0,0.0,3.874,0.667,69 29 264 354 90 286 291 230
lysine,8,glutamic,8,14,5,4,8.199,9.066,0.382,59.0,80.8,0.0,0.0,3.789,1.183,75 359 321 25 67 268 230 117 137 197
lysine,8,glutamic,8,14,6,1,8.199,10.011,0.382,61.8,42.9,3.1918,0.0,3.874,0.97,126 2 205 234
lysine,8,glutamic,8,14,6,2,8.199,10.011,0.382,61.8,42.9,0.263,0.0,3.874,1.865,119 30 187 185 282 210
lysine,8,glutamic,8,14,6,3,8.199,10.011,0.382,61.8,42.9,0.0,0.0,3.874,1.002,148 216 256 158 137 233 221 150
lysine,8,glutamic,8,14,6,4,8.199,10.011,0.382,61.8,42.9,0.0,0.0,3.874,2.872,81 325 316 78 93 225 205 96 122 205
lysine,8,glutamic,8,14,7,1,8.199,7.595,0.382,58.4,149.8,1.2382,0.0,3.874,1.349,126 359 213 273
lysine,8,glutamic,8,14,7,2,8.199,7.595,0.382,58.4,149.8,0.0,0.0,3.874,1.02,124 221 299 89 143 181
lysine,8,glutamic,8,14,7,3,8.199,7.595,0.382,58.4,149.8,0.0,0.0,3.874,3.131,213 7 163 348 119 74 124 180
lysine,8,glutamic,8,14,7,4,8.199,7.595,0.382,58.4,149.8,0.0,0.0,3.848,1.71,71 359 326 47 86 266 215 98 146 209
lysine,8,glutamic,8,15,5,1,8.199,6.882,0.382,167.6,76.2,0.6532,0.0,2.528,0.653,352 180 194 311
lysine,8,glutamic,8,15,5,2,8.199,6.882,0.382,167.6,76.2,0.0,0.0,2.91,0.493,282 136 239 78 58 305
lysine,8,glutamic,8,15,5,3,8.199,6.882,0.382,167.6,76.2,0.0,0.0,2.91,0.708,302 224 179 167 292 88 109 288
lysine,8,glutamic,8,15,5,4,8.199,6.882,0.382,167.6,76.2,0.0,0.0,2.91,0.857,148 24 288 329 198 39 237 9 135 165
lysine,8,glutamic,8,15,6,1,8.199,7.864,0.382,173.1,35.8,1.8483,0.0,2.91,2.544,124 180 166 45
lysine,8,glutamic,8,15,6,2,8.199,7.864,0.382,173.1,35.8,0.0276,0.0,2.91,2.753,166 136 249 223 334 233
lysine,8,glutamic,8,15,6,3,8.199,7.864,0.382,173.1,35.8,0.0,0.0,2.91,1.302,182 162 159 233 15 256 291 107
lysine,8,glutamic,8,15,6,4,8.199,7.864,0.382,173.1,35.8,0.0,0.0,2.449,0.872,358 206 182 180 17 197 303 229 295 339
lysine,8,glutamic,8,15,7,1,8.199,5.401,0.382,171.2,142.8,0.7534,0.0,2.91,2.53,115 202 145 5
lysine,8,glutamic,8,15,7,2,8.199,5.401,0.382,171.2,142.8,0.0,0.0,2.91,0.767,281 124 250 78 81 5
lysine,8,glutamic,8,15,7,3,8.199,5.401,0.382,171.2,142.8,0.0,0.0,2.91,2.042,247 196 214 142 16 262 261 18
lysine,8,glutamic,8,15,7,4,8.199,5.401,0.382,171.2,142.8,0.0,0.0,2.412,0.468,1 224 207 77 59 266 270 58 91 228
lysine,8,leucine,5,13,1,1,14.504,16.043,0.475,67.0,51.0,8.9393,0.0,3.096,4.052,200 359 168 163
lysine,8,leucine,5,13,1,2,14.504,16.043,0.475,67.0,51.0,5.3679,0.0,3.096,2.908,199 360 212 221 178 179
lysine,8,leucine,5,13,1,3,14.504,16.043,0.475,67.0,51.0,1.6493,0.0,2.093,3.847,200 359 154 146 173 176 176 176
lysine,8,leucine,5,13,1,4,14.504,16.043,0.475,67.0,51.0,0.0,0.0,2.611,5.013,227 271 203 162 165 186 187 145 139 178
lysine,8,leucine,5,13,2,1,14.504,14.361,0.475,66.3,117.4,7.2933,0.0,3.096,3.328,205 1 195 204
lysine,8,leucine,5,13,2,2,14.504,14.361,0.475,66.3,117.4,3.7322,0.0,3.096,3.404,206 0 146 136 180 180
lysine,8,leucine,5,13,2,3,14.504,14.361,0.475,66.3,117.4,0.0,0.0,2.493,2.611,204 2 207 221 174 177 181 182
lysine,8,leucine,5,13,2,4,14.504,14.361,0.475,66.3,117.4,0.0,0.0,2.597,2.929,262 51 107 249 197 131 158 164 156 179
lysine,8,leucine,5,13,13,1,14.504,16.102,0.475,59.8,48.3,9.224,0.0,3.096,3.327,204 360 200 225
lysine,8,leucine,5,13,13,2,14.504,16.102,0.475,59.8,48.3,5.7113,0.0,3.096,2.985,205 359 142 124 177 178
lysine,8,leucine,5,13,13,3,14.504,16.102,0.475,59.8,48.3,1.9703,0.0,1.819,2.424,204 0 212 234 182 181 181 181
lysine,8,leucine,5,13,13,4,14.504,16.102,0.475,59.8,48.3,0.02,0.0,3.096,1.584,215 0 146 106 183 182 182 182 310 200
lysine,8,leucine,5,14,1,1,14.504,15.122,0.475,101.9,49.0,7.8684,0.0,3.874,3.199,98 82 182 181
lysine,8,leucine,5,14,1,2,14.504,15.122,0.475,101.9,49.0,4.1696,0.0,2.947,2.837,167 280 181 180 181 181
lysine,8,leucine,5,14,1,3,14.504,15.122,0.475,101.9,49.0,0.6016,0.0,0.947,3.431,173 276 181 181 181 181 184 183
lysine,8,leucine,5,14,1,4,14.504,15.122,0.475,101.9,49.0,0.0,0.0,1.825,5.209,194 206 209 160 161 192 189 137 138 184
lysine,8,leucine,5,14,2,1,14.504,13.617,0.475,94.3,108.0,6.3636,0.0,3.874,2.489,100 68 178 179
lysine,8,leucine,5,14,2,2,14.504,13.617,0.475,94.3,108.0,2.7224,0.0,3.7,2.075,162 297 167 173 168 169
lysine,8,leucine,5,14,2,3,14.504,13.617,0.475,94.3,108.0,0.0,0.0,1.943,4.426,175 225 219 152 161 193 184 172
lysine,8,leucine,5,14,2,4,14.504,13.617,0.475,94.3,108.0,0.0,0.0,2.592,3.291,170 173 226 144 131 300 276 143 182 214
lysine,8,leucine,5,14,13,1,14.504,15.093,0.475,98.4,50.3,7.8348,0.0,3.874,2.898,161 284 180 180
lysine,8,leucine,5,14,13,2,14.504,15.093,0.475,98.4,50.3,4.1481,0.0,3.399,2.549,95 72 184 182 184 183
lysine,8,leucine,5,14,13,3,14.504,15.093,0.475,98.4,50.3,0.5803,0.0,2.707,2.026,90 70 187 184 188 187 194 189
lysine,8,leucine,5,14,13,4,14.504,15.093,0.475,98.4,50.3,0.0,0.0,2.469,1.07,129 237 219 174 199 240 206 141 151 181
lysine,8,leucine,5,15,1,1,14.504,14.323,0.475,139.0,44.2,7.0852,0.0,2.91,2.02,246 211 184 182
lysine,8,leucine,5,15,1,2,14.504,14.323,0.475,139.0,44.2,3.3607,0.0,2.69,1.716,199 156 179 179 179 179
lysine,8,leucine,5,15,1,3,14.504,14.323,0.475,139.0,44.2,0.3792,0.0,1.378,2.624,235 223 174 177 175 175 108 153
lysine,8,leucine,5,15,1,4,14.504,14.323,0.475,139.0,44.2,0.0,0.0,2.91,2.482,169 185 165 174 182 163 159 254 261 174
lysine,8,leucine,5,15,2,1,14.504,12.519,0.475,146.2,116.4,5.2683,0.0,2.91,1.546,227 189 182 181
lysine,8,leucine,5,15,2,2,14.504,12.519,0.475,146.2,116.4,1.6901,0.0,2.91,1.536,208 173 154 159 167 171
lysine,8,leucine,5,15,2,3,14.504,12.519,0.475,146.2,116.4,0.0,0.0,2.673,2.78,217 225 188 180 198 122 131 201
lysine,8,leucine,5,15,2,4,14.504,12.519,0.475,146.2,116.4,0.0,0.0,2.91,2.762,192 216 182 167 186 141 135 264 267 170
lysine,8,leucine,5,15,13,1,14.504,14.115,0.475,144.8,53.9,6.8586,0.0,2.91,1.302,215 165 178 179
lysine,8,leucine,5,15,13,2,14.504,14.115,0.475,144.8,53.9,3.2206,0.0,2.91,1.477,238 186 199 194 188 186
lysine,8,leucine,5,15,13,3,14.504,14.115,0.475,144.8,53.9,0.2318,0.0,2.91,0.908,243 174 205 222 151 169 256 224
lysine,8,leucine,5,15,13,4,14.504,14.115,0.475,144.8,53.9,0.0,0.0,2.463,0.917,304 281 145 203 203 166 174 237 232 173
lysine,8,serine,4,13,3,1,10.961,13.231,-0.063,52.9,22.7,6.747,0.0,3.096,3.659,193 360 154 106
lysine,8,serine,4,13,3,2,10.961,13.231,-0.063,52.9,22.7,3.1891,0.0,3.096,2.649,193 360 219 257 177 178
lysine,8,serine,4,13,3,3,10.961,13.231,-0.063,52.9,22.7,0.5818,0.0,3.096,4.859,179 2 142 120 193 188 266 215
lysine,8,serine,4,13,3,4,10.961,13.231,-0.063,52.9,22.7,0.0,0.0,3.096,4.751,191 346 126 85 274 262 184 243 350 220
lysine,8,serine,4,13,4,1,10.961,10.875,-0.063,56.3,125.8,4.318,0.0,3.096,3.788,192 360 152 108
lysine,8,serine,4,13,4,2,10.961,10.875,-0.063,56.3,125.8,0.7323,0.0,3.096,2.696,193 359 218 257 174 177
lysine,8,serine,4,13,4,3,10.961,10.875,-0.063,56.3,125.8,0.0,0.0,3.096,2.76,211 84 116 225 201 134 143 185
lysine,8,serine,4,13,4,4,10.961,10.875,-0.063,56.3,125.8,0.0,0.0,2.108,1.144,283 53 98 262 222 116 121 173 174 186
lysine,8,serine,4,13,5,1,10.961,11.56,-0.063,44.7,96.6,5.6275,0.0,3.096,3.273,194 1 157 68
lysine,8,serine,4,13,5,2,10.961,11.56,-0.063,44.7,96.6,2.0088,0.0,3.096,1.902,195 1 218 276 185 183
lysine,8,serine,4,13,5,3,10.961,11.56,-0.063,44.7,96.6,0.0,0.0,3.096,1.06,235 42 121 292 235 175 214 221
lysine,8,serine,4,13,5,4,10.961,11.56,-0.063,44.7,96.6,0.0,0.0,3.096,0.539,224 246 271 354 282 334 65 273 227 175
lysine,8,serine,4,14,3,1,10.961,11.802,-0.063,108.3,28.4,4.5843,0.0,3.874,3.502,84 92 186 184
lysine,8,serine,4,14,3,2,10.961,11.802,-0.063,108.3,28.4,1.0386,0.0,3.874,3.893,85 100 195 188 214 206
lysine,8,serine,4,14,3,3,10.961,11.802,-0.063,108.3,28.4,0.0434,0.0,3.874,4.415,158 216 180 180 130 149 0 180
lysine,8,serine,4,14,3,4,10.961,11.802,-0.063,108.3,28.4,0.0,0.0,3.874,4.768,206 186 204 148 144 212 206 130 140 193
lysine,8,serine,4,14,4,1,10.961,9.533,-0.063,107.8,124.8,2.2838,0.0,3.874,3.452,89 91 185 183
lysine,8,serine,4,14,4,2,10.961,9.533,-0.063,107.8,124.8,0.0,0.0,3.874,3.213,127 144 322 142 222 315
lysine,8,serine,4,14,4,3,10.961,9.533,-0.063,107.8,124.8,0.0001,0.0,3.874,4.649,197 165 229 98 140 274 338 151
lysine,8,serine,4,14,4,4,10.961,9.533,-0.063,107.8,124.8,0.0,0.0,3.874,5.209,197 170 189 151 145 239 238 123 133 197
lysine,8,serine,4,14,5,1,10.961,10.028,-0.063,105.0,103.1,2.7549,0.0,3.874,3.199,150 273 179 179
lysine,8,serine,4,14,5,2,10.961,10.028,-0.063,105.0,103.1,0.0,0.0,3.874,3.627,154 210 217 144 156 199
lysine,8,serine,4,14,5,3,10.961,10.028,-0.063,105.0,103.1,0.0,0.0,3.874,4.05,159 172 209 141 145 289 270 163
lysine,8,serine,4,14,5,4,10.961,10.028,-0.063,105.0,103.1,0.0,0.0,3.874,4.032,192 170 196 142 137 244 235 135 152 198
lysine,8,serine,4,15,3,1,10.961,11.292,-0.063,132.0,16.5,4.0892,0.0,2.91,2.257,272 224 186 184
lysine,8,serine,4,15,3,2,10.961,11.292,-0.063,132.0,16.5,1.0271,0.0,2.91,2.765,276 254 177 178 250 214
lysine,8,serine,4,15,3,3,10.961,11.292,-0.063,132.0,16.5,0.1859,0.0,2.91,2.991,194 77 183 182 113 146 1 179
lysine,8,serine,4,15,3,4,10.961,11.292,-0.063,132.0,16.5,0.0,0.0,2.91,2.496,205 204 186 171 203 150 78 206 333 167
lysine,8,serine,4,15,4,1,10.961,9.068,-0.063,129.3,116.0,1.8185,0.0,2.91,2.456,268 228 188 185
lysine,8,serine,4,15,4,2,10.961,9.068,-0.063,129.3,116.0,0.0,0.0,2.91,2.472,165 171 157 238 248 182
lysine,8,serine,4,15,4,3,10.961,9.068,-0.063,129.3,116.0,0.0,0.0,2.91,2.57,131 190 158 244 220 112 139 198
lysine,8,serine,4,15,4,4,10.961,9.068,-0.063,129.3,116.0,0.0,0.0,2.91,2.59,126 195 148 206 226 137 148 270 246 156
lysine,8,serine,4,15,5,1,10.961,9.444,-0.063,131.9,100.4,2.1689,0.0,2.91,2.25,217 135 176 178
lysine,8,serine,4,15,5,2,10.961,9.444,-0.063,131.9,100.4,0.0,0.0,2.91,0.524,246 210 140 253 90 47
lysine,8,serine,4,15,5,3,10.961,9.444,-0.063,131.9,100.4,0.0,0.0,2.91,0.872,133 181 158 327 207 343 47 168
lysine,8,serine,4,15,5,4,10.961,9.444,-0.063,131.9,100.4,0.0,0.0,2.91,0.921,157 211 177 237 243 85 102 231 208 159
lysine,8,tryptophan,5,13,16,1,8.667,8.705,0.472,71.0,100.7,1.5347,0.0,2.778,2.829,272 356 161 155
lysine,8,tryptophan,5,13,16,2,8.667,8.705,0.472,71.0,100.7,0.0,0.0,3.096,4.252,226 120 131 245 227 159
lysine,8,tryptophan,5,13,16,3,8.667,8.705,0.472,71.0,100.7,0.0,0.0,3.096,5.06,219 156 137 224 220 93 116 209
lysine,8,tryptophan,5,13,16,4,8.667,8.705,0.472,71.0,100.7,0.0,0.0,3.096,3.751,263 333 350 28 2 58 98 326 279 127
lysine,8,tryptophan,5,13,17,1,8.667,10.51,0.472,64.9,22.3,3.5698,0.0,2.619,2.889,275 0 157 131
lysine,8,tryptophan,5,13,17,2,8.667,10.51,0.472,64.9,22.3,1.0141,0.0,2.724,2.652,262 359 187 247 38 177
lysine,8,tryptophan,5,13,17,3,8.667,10.51,0.472,64.9,22.3,0.2257,0.0,2.857,2.461,228 1 171 121 141 175 1 178
lysine,8,tryptophan,5,13,17,4,8.667,10.51,0.472,64.9,22.3,0.0,0.0,1.525,0.722,220 19 156 311 282 160 99 199 263 168
lysine,8,tryptophan,5,13,18,1,8.667,9.435,0.472,76.4,73.3,2.2571,0.0,2.613,3.641,266 22 198 194
lysine,8,tryptophan,5,13,18,2,8.667,9.435,0.472,76.4,73.3,0.0,0.0,2.589,5.29,332 263 186 94 176 203
lysine,8,tryptophan,5,13,18,3,8.667,9.435,0.472,76.4,73.3,0.0,0.0,3.096,5.046,221 151 142 224 219 114 130 200
lysine,8,tryptophan,5,13,18,4,8.667,9.435,0.472,76.4,73.3,0.0,0.0,1.825,4.259,301 2 13 5 338 39 96 331 286 145
lysine,8,tryptophan,5,14,16,1,8.667,9.511,0.472,36.7,100.8,4.1529,0.0,3.874,0.54,113 360 192 333
lysine,8,tryptophan,5,14,16,2,8.667,9.511,0.472,36.7,100.8,0.5659,0.0,2.572,0.621,113 0 150 57 180 180
lysine,8,tryptophan,5,14,16,3,8.667,9.511,0.472,36.7,100.8,0.0,0.0,1.826,1.586,68 292 254 93 151 231 189 152
lysine,8,tryptophan,5,14,16,4,8.667,9.511,0.472,36.7,100.8,0.0,0.0,2.169,0.886,8 175 61 39 99 353 271 180 168 183
lysine,8,tryptophan,5,14,17,1,8.667,11.127,0.472,37.5,35.0,5.5906,0.0,3.874,1.219,96 360 164 45
lysine,8,tryptophan,5,14,17,2,8.667,11.127,0.472,37.5,35.0,2.0612,0.0,2.053,1.239,97 359 213 297 170 173
lysine,8,tryptophan,5,14,17,3,8.667,11.127,0.472,37.5,35.0,0.0,0.0,1.416,1.294,102 341 155 127 152 196 273 243
lysine,8,tryptophan,5,14,17,4,8.667,11.127,0.472,37.5,35.0,0.0,0.0,1.101,1.482,30 347 266 78 91 212 219 156 127 165
lysine,8,tryptophan,5,14,18,1,8.667,10.559,0.472,25.2,61.2,6.0146,0.0,3.874,1.049,103 360 182 357
lysine,8,tryptophan,5,14,18,2,8.667,10.559,0.472,25.2,61.2,2.293,0.0,2.418,0.958,102 0 199 328 181 180
lysine,8,tryptophan,5,14,18,3,8.667,10.559,0.472,25.2,61.2,0.1782,0.0,3.13,2.57,148 360 181 359 170 162 285 197
lysine,8,tryptophan,5,14,18,4,8.667,10.559,0.472,25.2,61.2,0.0,0.0,3.561,5.209,208 319 208 65 134 222 215 150 140 169
lysine,8,tryptophan,5,15,16,1,8.667,7.055,0.472,143.4,102.3,0.0,0.0,2.543,2.272,61 159 248 208
lysine,8,tryptophan,5,15,16,2,8.667,7.055,0.472,143.4,102.3,0.0,0.0,2.835,2.541,122 180 259 34 85 306
lysine,8,tryptophan,5,15,16,3,8.667,7.055,0.472,143.4,102.3,0.0,0.0,2.91,1.556,207 147 200 84 92 333 263 142
lysine,8,tryptophan,5,15,16,4,8.667,7.055,0.472,143.4,102.3,0.0,0.0,1.288,1.264,22 240 192 42 45 277 261 45 102 236
lysine,8,tryptophan,5,15,17,1,8.667,8.776,0.472,137.5,32.5,1.488,0.0,0.992,1.155,356 144 182 181
lysine,8,tryptophan,5,15,17,2,8.667,8.776,0.472,137.5,32.5,0.1582,0.0,0.846,0.965,320 167 146 162 355 183
lysine,8,tryptophan,5,15,17,3,8.667,8.776,0.472,137.5,32.5,0.0,0.0,1.281,0.938,11 219 159 29 0 302 267 90
lysine,8,tryptophan,5,15,17,4,8.667,8.776,0.472,137.5,32.5,0.0,0.0,0.621,2.318,308 326 301 328 1 252 202 65 82 216
lysine,8,tryptophan,5,15,18,1,8.667,8.196,0.472,126.9,59.3,0.9292,0.0,2.149,2.121,83 232 189 186
lysine,8,tryptophan,5,15,18,2,8.667,8.196,0.472,126.9,59.3,0.0,0.0,2.818,2.639,122 203 228 70 72 210
lysine,8,tryptophan,5,15,18,3,8.667,8.196,0.472,126.9,59.3,0.0,0.0,2.91,2.564,159 192 206 117 102 241 222 147
lysine,8,tryptophan,5,15,18,4,8.667,8.196,0.472,126.9,59.3,0.0,0.0,0.871,2.115,43 277 258 5 21 274 233 75 110 207
lysine,8,leucine,13,13,1,1,20.114,20.235,-0.268,43.4,125.2,14.0915,0.0,3.096,3.352,201 360 204 271
lysine,8,leucine,13,13,1,2,20.114,20.235,-0.268,43.4,125.2,10.5798,0.0,3.096,2.439,201 360 141 94 179 180
lysine,8,leucine,13,13,1,3,20.114,20.235,-0.268,43.4,125.2,6.9088,0.0,3.096,1.966,201 360 214 267 177 178 177 177
lysine,8,leucine,13,13,1,4,20.114,20.235,-0.268,43.4,125.2,3.2964,0.0,3.096,1.564,201 360 141 95 178 179 171 172 178 179
lysine,8,leucine,13,13,2,1,20.114,22.434,-0.268,43.5,32.2,16.2604,0.0,3.096,3.253,196 0 156 92
lysine,8,leucine,13,13,2,2,20.114,22.434,-0.268,43.5,32.2,12.7523,0.0,3.096,2.196,196 0 219 264 181 180
lysine,8,leucine,13,13,2,3,20.114,22.434,-0.268,43.5,32.2,9.0811,0.0,3.096,2.604,196 0 145 95 182 181 182 182
lysine,8,leucine,13,13,2,4,20.114,22.434,-0.268,43.5,32.2,5.4822,0.0,3.096,1.884,196 0 219 264 182 181 191 190 182 181
lysine,8,leucine,13,13,13,1,20.114,21.601,-0.268,49.0,71.1,15.1469,0.0,3.096,3.539,200 0 204 251
lysine,8,leucine,13,13,13,2,20.114,21.601,-0.268,49.0,71.1,11.6374,0.0,3.096,2.881,200 0 141 106 181 181
lysine,8,leucine,13,13,13,3,20.114,21.601,-0.268,49.0,71.1,7.9595,0.0,3.096,2.305,199 0 215 253 184 182 183 183
lysine,8,leucine,13,13,13,4,20.114,21.601,-0.268,49.0,71.1,4.3474,0.0,3.096,1.954,199 0 141 106 183 182 194 192 183 182
lysine,8,leucine,13,14,1,1,20.114,18.689,-0.268,105.4,124.0,11.4292,0.0,3.874,3.249,145 272 181 180
lysine,8,leucine,13,14,1,2,20.114,18.689,-0.268,105.4,124.0,7.7595,0.0,3.874,2.816,74 86 183 182 183 183
lysine,8,leucine,13,14,1,3,20.114,18.689,-0.268,105.4,124.0,4.1529,0.0,3.874,1.074,145 271 181 181 189 188 181 181
lysine,8,leucine,13,14,1,4,20.114,18.689,-0.268,105.4,124.0,0.4386,0.0,2.292,0.525,72 87 183 182 185 184 185 183 183 182
lysine,8,leucine,13,14,2,1,20.114,20.799,-0.268,109.2,36.2,13.5369,0.0,3.874,3.575,146 265 180 180
lysine,8,leucine,13,14,2,2,20.114,20.799,-0.268,109.2,36.2,9.8558,0.0,3.874,3.332,73 94 180 180 180 180
lysine,8,leucine,13,14,2,3,20.114,20.799,-0.268,109.2,36.2,6.2584,0.0,3.874,1.488,146 265 179 180 173 174 179 179
lysine,8,leucine,13,14,2,4,20.114,20.799,-0.268,109.2,36.2,2.5478,0.0,1.827,1.213,71 94 180 180 179 179 179 179 180 180
lysine,8,leucine,13,14,13,1,20.114,20.16,-0.268,105.8,65.9,12.8953,0.0,3.874,3.467,75 89 180 180
lysine,8,leucine,13,14,13,2,20.114,20.16,-0.268,105.8,65.9,9.2169,0.0,3.874,2.865,147 273 178 179 178 178
lysine,8,leucine,13,14,13,3,20.114,20.16,-0.268,105.8,65.9,5.6086,0.0,3.874,1.309,75 89 179 180 174 174 179 180
lysine,8,leucine,13,14,13,4,20.114,20.16,-0.268,105.8,65.9,1.9049,0.0,2.148,1.152,149 272 180 180 180 180 179 180 180 180
lysine,8,leucine,13,15,1,1,20.114,18.01,-0.268,136.7,128.5,10.7507,0.0,2.91,1.91,229 143 180 180
lysine,8,leucine,13,15,1,2,20.114,18.01,-0.268,136.7,128.5,7.0874,0.0,2.91,1.61,283 210 184 182 183 183
lysine,8,leucine,13,15,1,3,20.114,18.01,-0.268,136.7,128.5,3.4745,0.0,2.91,0.761,228 143 179 180 176 177 179 180
lysine,8,leucine,13,15,1,4,20.114,18.01,-0.268,136.7,128.5,0.0,0.0,2.612,1.208,224 164 178 203 199 194 194 190 194 183
lysine,8,leucine,13,15,2,1,20.114,20.26,-0.268,133.9,33.2,13.0021,0.0,2.91,2.118,224 138 179 180
lysine,8,leucine,13,15,2,2,20.114,20.26,-0.268,133.9,33.2,9.3195,0.0,2.91,1.895,285 217 180 180 180 180
lysine,8,leucine,13,15,2,3,20.114,20.26,-0.268,133.9,33.2,5.7276,0.0,2.91,0.724,225 138 178 179 169 170 178 179
lysine,8,leucine,13,15,2,4,20.114,20.26,-0.268,133.9,33.2,2.0106,0.0,1.817,0.985,287 219 180 180 179 179 179 179 180 180
lysine,8,leucine,13,15,13,1,20.114,19.456,-0.268,138.7,70.5,12.1912,0.0,2.91,1.684,280 212 180 180
lysine,8,leucine,13,15,13,2,20.114,19.456,-0.268,138.7,70.5,8.5344,0.0,2.91,1.439,230 155 174 177 175 176
lysine,8,leucine,13,15,13,3,20.114,19.456,-0.268,138.7,70.5,4.9007,0.0,2.91,1.499,280 213 180 180 176 177 180 180
lysine,8,leucine,13,15,13,4,20.114,19.456,-0.268,138.7,70.5,1.2018,0.0,2.358,1.162,228 152 178 179 178 178 177 178 179 179
