frag_a,pose_a,frag_b,pose_b,h_a,h_b,k,d_cb,d_ca,cos_att,theta_a,theta_b,closure,penalty,clash_frag,clash_lig,dihedrals
arginine,3,lysine,5,16,13,0,10.249,8.745,-0.634,114.2,121.7,5.0467,0.0,3.861,2.195,338 255
arginine,3,lysine,5,16,13,1,10.249,8.745,-0.634,114.2,121.7,1.4764,0.0,2.851,0.335,273 102 184 183
arginine,3,lysine,5,16,13,2,10.249,8.745,-0.634,114.2,121.7,0.0,0.0,2.885,1.67,246 161 150 245 226 144
arginine,3,lysine,5,16,13,3,10.249,8.745,-0.634,114.2,121.7,0.0,0.0,3.861,2.064,234 181 169 236 222 82 106 199
arginine,3,lysine,5,16,13,4,10.249,8.745,-0.634,114.2,121.7,0.0,0.0,3.861,2.88,185 173 171 237 240 130 138 228 212 162
arginine,3,lysine,5,16,14,0,10.249,10.802,-0.634,114.7,37.7,7.0997,0.0,3.861,2.271,278 107
arginine,3,lysine,5,16,14,1,10.249,10.802,-0.634,114.7,37.7,3.5537,0.0,3.07,0.598,342 257 174 177
arginine,3,lysine,5,16,14,2,10.249,10.802,-0.634,114.7,37.7,0.5625,0.0,3.084,0.974,260 127 185 183 255 215
arginine,3,lysine,5,16,14,3,10.249,10.802,-0.634,114.7,37.7,0.0,0.0,3.861,3.191,237 168 171 214 210 119 124 190
arginine,3,lysine,5,16,14,4,10.249,10.802,-0.634,114.7,37.7,0.0,0.0,3.861,3.963,198 176 168 227 228 135 145 220 205 165
arginine,3,lysine,5,16,15,0,10.249,10.365,-0.634,103.1,57.8,6.6628,0.0,3.861,1.764,334 287
arginine,3,lysine,5,16,15,1,10.249,10.365,-0.634,103.1,57.8,3.0873,0.0,2.195,0.724,273 85 178 179
arginine,3,lysine,5,16,15,2,10.249,10.365,-0.634,103.1,57.8,0.1265,0.0,1.948,0.831,351 303 173 175 263 214
arginine,3,lysine,5,16,15,3,10.249,10.365,-0.634,103.1,57.8,0.0,0.0,1.222,0.575,266 91 113 337 307 98 127 216
arginine,3,lysine,5,16,15,4,10.249,10.365,-0.634,103.1,57.8,0.0,0.0,1.293,2.549,219 124 133 253 253 146 151 265 257 163
arginine,3,lysine,5,17,13,0,10.249,10.946,-0.634,14.9,118.7,10.6873,0.0,3.059,5.098,267 0
arginine,3,lysine,5,17,13,1,10.249,10.946,-0.634,14.9,118.7,7.2193,0.0,3.059,4.936,268 360 180 360
arginine,3,lysine,5,17,13,2,10.249,10.946,-0.634,14.9,118.7,3.6195,0.0,3.059,1.793,262 1 177 3 203 210
arginine,3,lysine,5,17,13,3,10.249,10.946,-0.634,14.9,118.7,0.0,0.0,2.88,0.698,254 355 191 346 159 132 180 179
arginine,3,lysine,5,17,13,4,10.249,10.946,-0.634,14.9,118.7,0.0,0.0,3.059,1.873,255 57 98 278 249 145 160 225 223 177
arginine,3,lysine,5,17,14,0,10.249,13.016,-0.634,12.2,32.7,12.8202,0.0,3.059,5.098,242 360
arginine,3,lysine,5,17,14,1,10.249,13.016,-0.634,12.2,32.7,9.3105,0.0,3.059,4.752,242 0 180 0
arginine,3,lysine,5,17,14,2,10.249,13.016,-0.634,12.2,32.7,5.6752,0.0,3.059,2.229,245 359 183 356 163 160
arginine,3,lysine,5,17,14,3,10.249,13.016,-0.634,12.2,32.7,2.0123,0.0,3.059,0.692,242 0 180 0 214 219 181 181
arginine,3,lysine,5,17,14,4,10.249,13.016,-0.634,12.2,32.7,0.0,0.0,3.059,3.623,209 2 215 300 168 161 157 187 258 241
arginine,3,lysine,5,17,15,0,10.249,12.331,-0.634,6.9,64.7,12.5189,0.0,3.059,5.098,302 0
arginine,3,lysine,5,17,15,1,10.249,12.331,-0.634,6.9,64.7,9.2166,0.0,3.059,4.771,304 360 180 360
arginine,3,lysine,5,17,15,2,10.249,12.331,-0.634,6.9,64.7,5.4968,0.0,3.059,2.348,301 0 179 1 201 220
arginine,3,lysine,5,17,15,3,10.249,12.331,-0.634,6.9,64.7,1.927,0.0,2.941,1.304,305 360 180 360 140 125 179 180
arginine,3,lysine,5,17,15,4,10.249,12.331,-0.634,6.9,64.7,0.0,0.0,2.662,2.69,324 65 124 280 219 134 157 188 187 182
arginine,3,lysine,5,18,13,0,10.249,9.496,-0.634,84.6,107.5,5.8923,0.0,2.917,1.531,78 340
arginine,3,lysine,5,18,13,1,10.249,9.496,-0.634,84.6,107.5,2.2214,0.0,2.372,0.44,41 48 178 179
arginine,3,lysine,5,18,13,2,10.249,9.496,-0.634,84.6,107.5,0.0,0.0,1.604,0.36,97 345 96 60 297 260
arginine,3,lysine,5,18,13,3,10.249,9.496,-0.634,84.6,107.5,0.0,0.0,2.917,2.327,150 215 224 118 122 229 210 157
arginine,3,lysine,5,18,13,4,10.249,9.496,-0.634,84.6,107.5,0.0,0.0,2.917,2.048,167 222 227 121 123 216 204 112 127 197
arginine,3,lysine,5,18,14,0,10.249,11.332,-0.634,93.4,31.8,7.6165,0.0,2.917,1.326,87 314
arginine,3,lysine,5,18,14,1,10.249,11.332,-0.634,93.4,31.8,4.0788,0.0,2.0,0.676,37 65 183 182
arginine,3,lysine,5,18,14,2,10.249,11.332,-0.634,93.4,31.8,0.8418,0.0,2.111,0.44,45 89 150 161 240 217
arginine,3,lysine,5,18,14,3,10.249,11.332,-0.634,93.4,31.8,0.0175,0.0,2.917,2.253,134 283 129 158 113 138 326 208
arginine,3,lysine,5,18,14,4,10.249,11.332,-0.634,93.4,31.8,0.0,0.0,2.917,2.991,160 205 207 136 137 211 205 131 140 192
arginine,3,lysine,5,18,15,0,10.249,10.645,-0.634,92.3,63.8,6.9266,0.0,2.917,1.265,41 42
arginine,3,lysine,5,18,15,1,10.249,10.645,-0.634,92.3,63.8,3.3686,0.0,2.029,0.81,89 296 178 179
arginine,3,lysine,5,18,15,2,10.249,10.645,-0.634,92.3,63.8,0.193,0.0,1.262,0.624,78 268 232 207 112 132
arginine,3,lysine,5,18,15,3,10.249,10.645,-0.634,92.3,63.8,0.0,0.0,1.496,1.653,90 201 205 147 154 283 277 178
arginine,3,lysine,5,18,15,4,10.249,10.645,-0.634,92.3,63.8,0.0,0.0,2.237,2.25,102 184 191 135 143 276 258 122 141 196
arginine,3,aspartic,21,16,3,0,6.688,7.13,0.02,109.8,47.7,3.394,0.0,3.861,3.963,49 265
arginine,3,aspartic,21,16,3,1,6.688,7.13,0.02,109.8,47.7,0.4191,0.0,3.178,3.963,52 196 286 192
arginine,3,aspartic,21,16,3,2,6.688,7.13,0.02,109.8,47.7,0.0,0.0,3.113,3.963,108 241 193 284 303 271
arginine,3,aspartic,21,16,3,3,6.688,7.13,0.02,109.8,47.7,0.0,0.0,3.021,3.963,101 330 48 149 53 303 290 80
arginine,3,aspartic,21,16,3,4,6.688,7.13,0.02,109.8,47.7,0.0,0.0,3.71,3.963,50 345 271 336 25 292 260 32 119 245
arginine,3,aspartic,21,16,4,0,6.688,7.007,0.02,90.5,52.9,3.4475,0.0,3.601,3.963,35 328
arginine,3,aspartic,21,16,4,1,6.688,7.007,0.02,90.5,52.9,0.6767,0.0,3.519,3.963,51 356 78 111
arginine,3,aspartic,21,16,4,2,6.688,7.007,0.02,90.5,52.9,0.1062,0.0,3.8,3.963,73 10 92 87 18 107
arginine,3,aspartic,21,16,4,3,6.688,7.007,0.02,90.5,52.9,0.0,0.0,1.786,0.671,300 311 268 106 115 285 311 195
arginine,3,aspartic,21,16,4,4,6.688,7.007,0.02,90.5,52.9,0.0,0.0,3.861,3.963,65 308 268 6 23 296 266 62 124 232
arginine,3,aspartic,21,16,5,0,6.688,4.843,0.02,100.0,148.9,1.2923,0.0,3.861,3.963,49 292
arginine,3,aspartic,21,16,5,1,6.688,4.843,0.02,100.0,148.9,0.0175,0.0,1.772,1.489,354 268 339 35
arginine,3,aspartic,21,16,5,2,6.688,4.843,0.02,100.0,148.9,0.0,0.0,3.649,3.963,85 133 320 271 315 312
arginine,3,aspartic,21,16,5,3,6.688,4.843,0.02,100.0,148.9,0.0,0.0,2.444,0.337,282 322 350 73 117 296 164 93
arginine,3,aspartic,21,16,5,4,6.688,4.843,0.02,100.0,148.9,0.0,0.0,2.878,3.624,62 23 326 280 298 306 277 42 154 269
arginine,3,aspartic,21,17,3,0,6.688,8.343,0.02,63.5,47.0,5.2219,0.0,3.059,5.098,301 360
arginine,3,aspartic,21,17,3,1,6.688,8.343,0.02,63.5,47.0,1.4169,0.0,3.059,5.098,301 360 159 119
arginine,3,aspartic,21,17,3,2,6.688,8.343,0.02,63.5,47.0,0.0,0.0,3.059,5.098,283 102 68 181 43 185
arginine,3,aspartic,21,17,3,3,6.688,8.343,0.02,63.5,47.0,0.0,0.0,2.141,5.098,349 7 57 325 296 82 96 203
arginine,3,aspartic,21,17,3,4,6.688,8.343,0.02,63.5,47.0,0.0,0.0,1.883,4.397,20 52 35 262 241 115 186 280 214 163
arginine,3,aspartic,21,17,4,0,6.688,7.807,0.02,60.8,68.5,4.8595,0.0,3.059,5.098,320 0
arginine,3,aspartic,21,17,4,1,6.688,7.807,0.02,60.8,68.5,1.0644,0.0,3.059,5.098,322 360 199 261
arginine,3,aspartic,21,17,4,2,6.688,7.807,0.02,60.8,68.5,0.0,0.0,1.596,4.882,6 20 95 312 273 150
arginine,3,aspartic,21,17,4,3,6.688,7.807,0.02,60.8,68.5,0.0,0.0,1.448,4.645,20 6 56 328 284 71 103 201
arginine,3,aspartic,21,17,4,4,6.688,7.807,0.02,60.8,68.5,0.0,0.0,2.25,5.098,351 355 36 340 310 85 114 263 233 152
arginine,3,aspartic,21,17,5,0,6.688,5.919,0.02,60.2,161.5,3.2341,0.0,3.059,5.098,305 360
arginine,3,aspartic,21,17,5,1,6.688,5.919,0.02,60.2,161.5,0.511,0.0,3.014,5.098,315 25 111 48
arginine,3,aspartic,21,17,5,2,6.688,5.919,0.02,60.2,161.5,0.0,0.0,2.957,5.098,344 110 55 275 215 89
arginine,3,aspartic,21,17,5,3,6.688,5.919,0.02,60.2,161.5,0.0,0.0,1.48,4.287,26 21 47 304 273 74 120 222
arginine,3,aspartic,21,17,5,4,6.688,5.919,0.02,60.2,161.5,0.0,0.0,2.256,5.098,351 355 26 315 297 84 107 288 250 143
arginine,3,aspartic,21,18,3,0,6.688,9.084,0.02,29.1,37.2,8.0003,0.0,2.917,1.508,59 0
arginine,3,aspartic,21,18,3,1,6.688,9.084,0.02,29.1,37.2,4.3394,0.0,2.9,0.179,60 360 182 357
arginine,3,aspartic,21,18,3,2,6.688,9.084,0.02,29.1,37.2,0.8468,0.0,1.754,0.809,75 359 192 340 154 165
arginine,3,aspartic,21,18,3,3,6.688,9.084,0.02,29.1,37.2,0.0,0.0,2.572,2.365,128 318 182 80 141 214 269 222
arginine,3,aspartic,21,18,3,4,6.688,9.084,0.02,29.1,37.2,0.0,0.0,2.579,0.607,66 320 285 67 90 235 219 115 129 197
arginine,3,aspartic,21,18,4,0,6.688,8.401,0.02,34.1,66.6,7.0658,0.0,2.636,1.488,31 360
arginine,3,aspartic,21,18,4,1,6.688,8.401,0.02,34.1,66.6,3.3336,0.0,2.602,1.459,30 0 177 5
arginine,3,aspartic,21,18,4,2,6.688,8.401,0.02,34.1,66.6,0.0,0.0,1.943,1.556,3 13 164 46 149 164
arginine,3,aspartic,21,18,4,3,6.688,8.401,0.02,34.1,66.6,0.0,0.0,1.447,1.834,342 23 245 346 128 284 291 222
arginine,3,aspartic,21,18,4,4,6.688,8.401,0.02,34.1,66.6,0.0,0.0,1.347,0.931,357 346 304 31 66 273 243 121 144 199
arginine,3,aspartic,21,18,5,0,6.688,6.652,0.02,26.4,142.4,6.0671,0.0,2.917,1.479,52 0
arginine,3,aspartic,21,18,5,1,6.688,6.652,0.02,26.4,142.4,3.0459,0.0,2.721,0.453,53 359 182 359
arginine,3,aspartic,21,18,5,2,6.688,6.652,0.02,26.4,142.4,0.0,0.0,2.469,0.794,74 3 198 335 153 34
arginine,3,aspartic,21,18,5,3,6.688,6.652,0.02,26.4,142.4,0.0,0.0,2.314,0.764,44 275 306 91 91 268 183 94
arginine,3,aspartic,21,18,5,4,6.688,6.652,0.02,26.4,142.4,0.0,0.0,2.917,0.594,54 325 297 70 91 255 229 87 115 204
arginine,3,glutamic,22,16,4,0,5.58,5.077,0.823,117.1,82.2,1.3046,0.0,3.251,3.184,247 244
arginine,3,glutamic,22,16,4,1,5.58,5.077,0.823,117.1,82.2,0.0,0.0,2.483,1.614,269 152 304 347
arginine,3,glutamic,22,16,4,2,5.58,5.077,0.823,117.1,82.2,0.0,0.0,3.772,3.963,139 225 89 308 198 24
arginine,3,glutamic,22,16,4,3,5.58,5.077,0.823,117.1,82.2,0.0,0.0,3.861,3.963,99 192 116 265 276 68 116 234
arginine,3,glutamic,22,16,4,4,5.58,5.077,0.823,117.1,82.2,0.0,0.0,2.074,0.392,348 109 23 246 272 48 78 346 285 117
arginine,3,glutamic,22,16,5,0,5.58,4.652,0.823,95.6,98.1,0.8605,0.0,3.127,3.963,187 47
arginine,3,glutamic,22,16,5,1,5.58,4.652,0.823,95.6,98.1,0.0559,0.0,3.751,3.963,174 223 13 7
arginine,3,glutamic,22,16,5,2,5.58,4.652,0.823,95.6,98.1,0.0,0.0,3.861,3.963,126 231 60 344 152 27
arginine,3,glutamic,22,16,5,3,5.58,4.652,0.823,95.6,98.1,0.0,0.0,3.861,3.963,87 67 249 72 81 322 218 101
arginine,3,glutamic,22,16,5,4,5.58,4.652,0.823,95.6,98.1,0.0,0.0,1.004,2.359,236 47 345 266 297 161 70 283 250 31
arginine,3,glutamic,22,16,6,0,5.58,6.61,0.823,98.4,7.9,2.948,0.0,2.846,3.852,193 64
arginine,3,glutamic,22,16,6,1,5.58,6.61,0.823,98.4,7.9,1.1674,0.0,2.91,3.963,193 306 339 248
arginine,3,glutamic,22,16,6,2,5.58,6.61,0.823,98.4,7.9,0.5161,0.0,3.485,3.963,162 333 312 202 356 259
arginine,3,glutamic,22,16,6,3,5.58,6.61,0.823,98.4,7.9,0.0,0.0,3.861,3.963,148 146 150 156 325 190 34 293
arginine,3,glutamic,22,16,6,4,5.58,6.61,0.823,98.4,7.9,0.0,0.0,3.861,3.963,159 200 157 200 226 107 109 270 241 146
arginine,3,glutamic,22,17,4,0,5.58,6.626,0.823,57.0,65.1,4.0232,0.0,3.059,5.098,185 0
arginine,3,glutamic,22,17,4,1,5.58,6.626,0.823,57.0,65.1,0.5097,0.0,3.059,4.805,197 12 132 54
arginine,3,glutamic,22,17,4,2,5.58,6.626,0.823,57.0,65.1,0.0,0.0,3.059,5.098,240 39 83 311 233 114
arginine,3,glutamic,22,17,4,3,5.58,6.626,0.823,57.0,65.1,0.0,0.0,3.059,4.505,142 95 179 15 93 62 96 304
arginine,3,glutamic,22,17,4,4,5.58,6.626,0.823,57.0,65.1,0.0,0.0,2.462,3.018,321 37 75 289 258 90 110 219 204 169
arginine,3,glutamic,22,17,5,0,5.58,5.237,0.823,74.1,119.7,1.9007,0.0,3.059,4.813,173 0
arginine,3,glutamic,22,17,5,1,5.58,5.237,0.823,74.1,119.7,0.0893,0.0,2.481,3.107,148 312 294 336
arginine,3,glutamic,22,17,5,2,5.58,5.237,0.823,74.1,119.7,0.0,0.0,2.352,2.425,115 275 322 75 122 278
arginine,3,glutamic,22,17,5,3,5.58,5.237,0.823,74.1,119.7,0.0,0.0,1.871,1.942,70 321 298 86 111 270 241 154
arginine,3,glutamic,22,17,5,4,5.58,5.237,0.823,74.1,119.7,0.0,0.0,1.4,3.727,34 353 326 72 103 270 223 118 161 204
arginine,3,glutamic,22,17,6,0,5.58,7.465,0.823,66.6,27.0,4.2576,0.0,3.059,4.556,167 360
arginine,3,glutamic,22,17,6,1,5.58,7.465,0.823,66.6,27.0,0.9326,0.0,2.08,4.018,169 323 247 249
arginine,3,glutamic,22,17,6,2,5.58,7.465,0.823,66.6,27.0,0.1213,0.0,2.654,3.807,151 251 319 192 358 186
arginine,3,glutamic,22,17,6,3,5.58,7.465,0.823,66.6,27.0,0.0,0.0,1.515,0.647,108 293 261 140 109 238 273 168
arginine,3,glutamic,22,17,6,4,5.58,7.465,0.823,66.6,27.0,0.0,0.0,2.213,0.4,77 293 270 127 136 225 223 123 129 189
arginine,3,glutamic,22,18,4,0,5.58,5.322,0.823,106.1,57.5,1.5184,0.0,2.561,2.526,112 81
arginine,3,glutamic,22,18,4,1,5.58,5.322,0.823,106.1,57.5,0.3042,0.0,1.503,0.915,99 323 339 308
arginine,3,glutamic,22,18,4,2,5.58,5.322,0.823,106.1,57.5,0.0,0.0,1.465,0.684,50 332 313 351 224 273
arginine,3,glutamic,22,18,4,3,5.58,5.322,0.823,106.1,57.5,0.0,0.0,2.909,2.991,195 343 125 135 3 219 325 347
arginine,3,glutamic,22,18,4,4,5.58,5.322,0.823,106.1,57.5,0.0,0.0,2.64,2.852,239 234 239 110 86 222 253 106 113 251
arginine,3,glutamic,22,18,5,0,5.58,4.312,0.823,109.7,94.2,0.5539,0.0,2.334,2.991,183 268
arginine,3,glutamic,22,18,5,1,5.58,4.312,0.823,109.7,94.2,0.3567,0.0,2.703,2.991,196 84 1 0
arginine,3,glutamic,22,18,5,2,5.58,4.312,0.823,109.7,94.2,0.0,0.0,2.316,2.172,244 86 323 13 198 5
arginine,3,glutamic,22,18,5,3,5.58,4.312,0.823,109.7,94.2,0.0,0.0,2.639,0.879,267 154 256 129 75 280 241 97
arginine,3,glutamic,22,18,5,4,5.58,4.312,0.823,109.7,94.2,0.0,0.0,1.455,0.449,302 34 348 191 355 38 134 3 6 252
arginine,3,glutamic,22,18,6,0,5.58,5.98,0.823,126.5,27.7,2.2456,0.0,1.451,2.991,170 217
arginine,3,glutamic,22,18,6,1,5.58,5.98,0.823,126.5,27.7,0.8585,0.0,1.751,2.78,185 124 329 288
arginine,3,glutamic,22,18,6,2,5.58,5.98,0.823,126.5,27.7,0.1001,0.0,2.662,1.996,216 144 294 218 347 290
arginine,3,glutamic,22,18,6,3,5.58,5.98,0.823,126.5,27.7,0.0,0.0,1.559,0.723,247 129 244 119 81 314 260 107
arginine,3,glutamic,22,18,6,4,5.58,5.98,0.823,126.5,27.7,0.0,0.0,2.527,2.274,205 272 48 323 327 102 47 283 322 296
arginine,3,isoleucine,3,16,4,0,8.933,9.043,-0.55,77.5,94.6,5.423,0.0,3.861,1.656,287 358
arginine,3,isoleucine,3,16,4,1,8.933,9.043,-0.55,77.5,94.6,1.8205,0.0,2.236,1.146,269 24 195 191
arginine,3,isoleucine,3,16,4,2,8.933,9.043,-0.55,77.5,94.6,0.0,0.0,2.416,0.467,333 345 98 17 264 159
arginine,3,isoleucine,3,16,4,3,8.933,9.043,-0.55,77.5,94.6,0.0,0.0,3.0,2.789,229 156 144 222 220 102 119 203
arginine,3,isoleucine,3,16,4,4,8.933,9.043,-0.55,77.5,94.6,0.0,0.0,2.482,3.963,196 158 153 223 227 132 138 233 217 161
arginine,3,isoleucine,3,16,5,0,8.933,10.289,-0.55,76.5,46.0,6.6767,0.0,3.861,1.826,272 1
arginine,3,isoleucine,3,16,5,1,8.933,10.289,-0.55,76.5,46.0,3.0833,0.0,1.64,1.128,287 339 167 170
arginine,3,isoleucine,3,16,5,2,8.933,10.289,-0.55,76.5,46.0,0.2954,0.0,0.72,1.092,292 290 202 192 86 143
arginine,3,isoleucine,3,16,5,3,8.933,10.289,-0.55,76.5,46.0,0.0,0.0,1.314,3.466,208 142 140 229 220 131 148 197
arginine,3,isoleucine,3,16,5,4,8.933,10.289,-0.55,76.5,46.0,0.0,0.0,1.726,3.963,189 159 150 225 224 131 142 222 206 164
arginine,3,isoleucine,3,16,6,0,8.933,10.179,-0.55,65.1,50.9,6.9434,0.0,3.861,1.737,281 360
arginine,3,isoleucine,3,16,6,1,8.933,10.179,-0.55,65.1,50.9,3.1697,0.0,1.945,0.973,282 360 200 226
arginine,3,isoleucine,3,16,6,2,8.933,10.179,-0.55,65.1,50.9,0.4908,0.0,2.856,0.582,287 1 173 69 332 183
arginine,3,isoleucine,3,16,6,3,8.933,10.179,-0.55,65.1,50.9,0.0,0.0,2.838,0.591,311 16 178 3 39 124 99 198
arginine,3,isoleucine,3,16,6,4,8.933,10.179,-0.55,65.1,50.9,0.0,0.0,3.548,0.732,342 265 265 48 16 294 0 70 359 133
arginine,3,isoleucine,3,17,4,0,8.933,10.231,-0.55,22.8,84.8,9.4588,0.0,3.059,2.94,99 360
arginine,3,isoleucine,3,17,4,1,8.933,10.231,-0.55,22.8,84.8,5.9411,0.0,3.03,0.878,98 0 178 2
arginine,3,isoleucine,3,17,4,2,8.933,10.231,-0.55,22.8,84.8,2.1469,0.0,2.502,1.056,99 0 168 20 180 180
arginine,3,isoleucine,3,17,4,3,8.933,10.231,-0.55,22.8,84.8,0.0,0.0,0.977,2.211,67 349 183 323 221 124 165 190
arginine,3,isoleucine,3,17,4,4,8.933,10.231,-0.55,22.8,84.8,0.0,0.0,0.658,2.548,359 308 276 79 106 251 225 168 193 198
arginine,3,isoleucine,3,17,5,0,8.933,11.297,-0.55,32.7,41.8,9.8048,0.0,3.059,2.942,113 0
arginine,3,isoleucine,3,17,5,1,8.933,11.297,-0.55,32.7,41.8,6.0609,0.0,3.059,1.035,114 360 190 337
arginine,3,isoleucine,3,17,5,2,8.933,11.297,-0.55,32.7,41.8,2.5113,0.0,2.262,0.339,112 1 151 54 186 184
arginine,3,isoleucine,3,17,5,3,8.933,11.297,-0.55,32.7,41.8,0.0457,0.0,1.003,1.593,142 356 139 92 152 164 279 216
arginine,3,isoleucine,3,17,5,4,8.933,11.297,-0.55,32.7,41.8,0.0,0.0,0.699,2.904,146 282 280 84 61 122 304 175 118 171
arginine,3,isoleucine,3,17,6,0,8.933,10.844,-0.55,35.3,61.7,9.2122,0.0,2.821,3.041,92 360
arginine,3,isoleucine,3,17,6,1,8.933,10.844,-0.55,35.3,61.7,5.4585,0.0,2.809,1.562,91 0 167 32
arginine,3,isoleucine,3,17,6,2,8.933,10.844,-0.55,35.3,61.7,1.9121,0.0,2.85,0.459,93 359 211 302 174 176
arginine,3,isoleucine,3,17,6,3,8.933,10.844,-0.55,35.3,61.7,0.0,0.0,1.663,2.097,60 321 213 105 147 215 219 198
arginine,3,isoleucine,3,17,6,4,8.933,10.844,-0.55,35.3,61.7,0.0,0.0,1.535,0.74,48 331 292 60 87 233 213 141 153 191
arginine,3,isoleucine,3,18,4,0,8.933,7.894,-0.55,123.9,80.7,4.1726,0.0,2.917,1.066,65 233
arginine,3,isoleucine,3,18,4,1,8.933,7.894,-0.55,123.9,80.7,0.6101,0.0,1.86,0.854,83 238 186 184
arginine,3,isoleucine,3,18,4,2,8.933,7.894,-0.55,123.9,80.7,0.0,0.0,2.495,1.391,117 201 244 59 75 241
arginine,3,isoleucine,3,18,4,3,8.933,7.894,-0.55,123.9,80.7,0.0,0.0,2.089,2.991,159 203 211 107 95 245 223 145
arginine,3,isoleucine,3,18,4,4,8.933,7.894,-0.55,123.9,80.7,0.0,0.0,1.89,1.471,20 304 256 344 15 275 243 48 94 223
arginine,3,isoleucine,3,18,5,0,8.933,8.833,-0.55,139.3,43.4,5.2036,0.0,2.917,1.482,57 190
arginine,3,isoleucine,3,18,5,1,8.933,8.833,-0.55,139.3,43.4,1.5475,0.0,0.629,1.263,77 213 177 178
arginine,3,isoleucine,3,18,5,2,8.933,8.833,-0.55,139.3,43.4,0.0,0.0,0.505,2.364,106 180 214 200 22 148
arginine,3,isoleucine,3,18,5,3,8.933,8.833,-0.55,139.3,43.4,0.0,0.0,1.396,2.991,164 169 203 122 120 246 203 143
arginine,3,isoleucine,3,18,5,4,8.933,8.833,-0.55,139.3,43.4,0.0,0.0,2.463,2.22,210 163 177 134 115 223 220 125 144 204
arginine,3,isoleucine,3,18,6,0,8.933,8.517,-0.55,133.6,57.1,4.8035,0.0,2.637,1.219,13 160
arginine,3,isoleucine,3,18,6,1,8.933,8.517,-0.55,133.6,57.1,1.3427,0.0,2.373,0.882,351 131 198 190
arginine,3,isoleucine,3,18,6,2,8.933,8.517,-0.55,133.6,57.1,0.0,0.0,2.44,1.047,307 132 172 113 41 161
arginine,3,isoleucine,3,18,6,3,8.933,8.517,-0.55,133.6,57.1,0.0,0.0,2.917,0.825,271 127 222 74 26 101 149 197
arginine,3,isoleucine,3,18,6,4,8.933,8.517,-0.55,133.6,57.1,0.0,0.0,2.917,0.667,92 262 227 57 73 247 230 89 122 213
arginine,3,leucine,13,16,1,0,11.337,11.492,-0.624,38.8,123.9,9.5789,0.0,3.861,3.649,219 0
arginine,3,leucine,13,16,1,1,11.337,11.492,-0.624,38.8,123.9,5.8965,0.0,3.861,2.61,220 359 200 309
arginine,3,leucine,13,16,1,2,11.337,11.492,-0.624,38.8,123.9,2.3034,0.0,2.539,1.682,219 360 146 70 178 179
arginine,3,leucine,13,16,1,3,11.337,11.492,-0.624,38.8,123.9,0.0,0.0,2.514,1.221,241 59 117 276 237 171 179 181
arginine,3,leucine,13,16,1,4,11.337,11.492,-0.624,38.8,123.9,0.0,0.0,2.187,0.83,276 22 69 309 273 118 132 196 196 182
arginine,3,leucine,13,16,2,0,11.337,13.539,-0.624,39.0,40.2,11.5305,0.0,3.861,3.963,209 360
arginine,3,leucine,13,16,2,1,11.337,13.539,-0.624,39.0,40.2,7.8242,0.0,3.861,2.919,208 0 159 62
arginine,3,leucine,13,16,2,2,11.337,13.539,-0.624,39.0,40.2,4.2741,0.0,2.387,2.076,208 0 215 284 181 181
arginine,3,leucine,13,16,2,3,11.337,13.539,-0.624,39.0,40.2,0.9266,0.0,0.893,2.632,186 2 221 286 193 189 154 160
arginine,3,leucine,13,16,2,4,11.337,13.539,-0.624,39.0,40.2,0.0,0.0,1.542,3.76,158 31 186 311 144 136 179 124 63 159
arginine,3,leucine,13,16,13,0,11.337,13.147,-0.624,47.4,58.2,10.665,0.0,3.861,3.679,218 0
arginine,3,leucine,13,16,13,1,11.337,13.147,-0.624,47.4,58.2,6.9388,0.0,3.861,3.152,218 0 205 271
arginine,3,leucine,13,16,13,2,11.337,13.147,-0.624,47.4,58.2,3.4038,0.0,2.133,2.731,217 1 142 91 185 183
arginine,3,leucine,13,16,13,3,11.337,13.147,-0.624,47.4,58.2,0.0472,0.0,1.773,2.505,228 358 138 113 171 174 238 212
arginine,3,leucine,13,16,13,4,11.337,13.147,-0.624,47.4,58.2,0.0,0.0,2.011,0.51,283 19 86 298 266 146 143 177 204 199
arginine,3,leucine,13,17,1,0,11.337,10.235,-0.624,89.8,122.2,6.5567,0.0,3.059,2.979,88 34
arginine,3,leucine,13,17,1,1,11.337,10.235,-0.624,89.8,122.2,2.9786,0.0,3.059,1.095,133 301 180 180
arginine,3,leucine,13,17,1,2,11.337,10.235,-0.624,89.8,122.2,0.0,0.0,2.339,2.219,137 244 210 144 155 182
arginine,3,leucine,13,17,1,3,11.337,10.235,-0.624,89.8,122.2,0.0,0.0,1.381,2.302,185 218 239 95 108 221 187 149
arginine,3,leucine,13,17,1,4,11.337,10.235,-0.624,89.8,122.2,0.0,0.0,1.594,2.661,165 171 209 142 130 264 244 133 165 208
arginine,3,leucine,13,17,2,0,11.337,12.075,-0.624,98.3,48.8,8.3449,0.0,3.026,3.186,83 62
arginine,3,leucine,13,17,2,1,11.337,12.075,-0.624,98.3,48.8,4.8323,0.0,3.059,1.887,138 286 175 177
arginine,3,leucine,13,17,2,2,11.337,12.075,-0.624,98.3,48.8,1.0936,0.0,1.781,1.705,134 289 174 177 176 176
arginine,3,leucine,13,17,2,3,11.337,12.075,-0.624,98.3,48.8,0.0,0.0,1.929,4.325,129 208 212 169 173 245 243 175
arginine,3,leucine,13,17,2,4,11.337,12.075,-0.624,98.3,48.8,0.0,0.0,1.776,5.051,169 188 199 154 152 223 219 136 145 192
arginine,3,leucine,13,17,13,0,11.337,12.091,-0.624,89.1,48.1,8.4006,0.0,3.059,2.969,124 329
arginine,3,leucine,13,17,13,1,11.337,12.091,-0.624,89.1,48.1,4.8288,0.0,3.001,1.002,82 57 179 179
arginine,3,leucine,13,17,13,2,11.337,12.091,-0.624,89.1,48.1,1.1132,0.0,1.848,1.069,135 309 188 184 186 186
arginine,3,leucine,13,17,13,3,11.337,12.091,-0.624,89.1,48.1,0.0,0.0,2.751,0.254,79 34 156 78 233 195 30 182
arginine,3,leucine,13,17,13,4,11.337,12.091,-0.624,89.1,48.1,0.0,0.0,1.639,5.098,185 208 232 147 141 201 191 103 114 191
arginine,3,leucine,13,18,1,0,11.337,9.096,-0.624,142.0,127.0,5.4782,0.0,2.867,1.327,279 184
arginine,3,leucine,13,18,1,1,11.337,9.096,-0.624,142.0,127.0,1.8606,0.0,2.917,0.272,252 159 172 174
arginine,3,leucine,13,18,1,2,11.337,9.096,-0.624,142.0,127.0,0.0,0.0,1.776,1.499,256 204 178 271 117 20
arginine,3,leucine,13,18,1,3,11.337,9.096,-0.624,142.0,127.0,0.0,0.0,2.521,1.49,180 194 190 259 216 51 87 179
arginine,3,leucine,13,18,1,4,11.337,9.096,-0.624,142.0,127.0,0.0,0.0,2.78,2.731,165 212 184 217 234 117 122 231 211 155
arginine,3,leucine,13,18,2,0,11.337,11.225,-0.624,137.0,39.5,7.5105,0.0,2.917,1.386,269 182
arginine,3,leucine,13,18,2,1,11.337,11.225,-0.624,137.0,39.5,4.017,0.0,2.917,0.548,237 146 170 173
arginine,3,leucine,13,18,2,2,11.337,11.225,-0.624,137.0,39.5,0.6716,0.0,1.992,1.311,235 128 168 173 127 149
arginine,3,leucine,13,18,2,3,11.337,11.225,-0.624,137.0,39.5,0.0,0.0,2.127,1.75,228 145 116 222 71 179 20 201
arginine,3,leucine,13,18,2,4,11.337,11.225,-0.624,137.0,39.5,0.0,0.0,1.793,2.862,177 149 132 253 280 165 131 241 276 156
arginine,3,leucine,13,18,13,0,11.337,10.821,-0.624,149.4,57.9,7.372,0.0,2.917,1.439,262 180
arginine,3,leucine,13,18,13,1,11.337,10.821,-0.624,149.4,57.9,3.5737,0.0,2.917,0.759,262 180 181 181
arginine,3,leucine,13,18,13,2,11.337,10.821,-0.624,149.4,57.9,0.4537,0.0,1.798,0.451,263 181 159 97 267 195
arginine,3,leucine,13,18,13,3,11.337,10.821,-0.624,149.4,57.9,0.0,0.0,2.118,2.991,196 199 184 210 213 114 123 192
arginine,3,leucine,13,18,13,4,11.337,10.821,-0.624,149.4,57.9,0.0,0.0,2.917,2.991,180 219 187 208 230 112 117 225 199 152
arginine,3,serine,31,16,3,0,6.799,5.722,-0.13,170.0,69.4,3.6686,0.0,3.861,3.398,353 180
arginine,3,serine,31,16,3,1,6.799,5.722,-0.13,170.0,69.4,1.0072,0.0,3.861,3.963,27 139 245 349
arginine,3,serine,31,16,3,2,6.799,5.722,-0.13,170.0,69.4,0.0,0.0,3.861,3.963,98 295 26 59 149 39
arginine,3,serine,31,16,3,3,6.799,5.722,-0.13,170.0,69.4,0.0,0.0,3.861,3.963,170 115 208 273 334 44 119 258
arginine,3,serine,31,16,3,4,6.799,5.722,-0.13,170.0,69.4,0.0,0.0,3.861,3.062,338 105 159 318 314 80 92 299 266 170
arginine,3,serine,31,16,4,0,6.799,6.134,-0.13,146.2,54.0,2.6767,0.0,3.861,3.458,356 179
arginine,3,serine,31,16,4,1,6.799,6.134,-0.13,146.2,54.0,0.2942,0.0,3.861,3.179,348 87 308 276
arginine,3,serine,31,16,4,2,6.799,6.134,-0.13,146.2,54.0,0.0,0.0,3.383,2.523,345 16 305 317 305 39
arginine,3,serine,31,16,4,3,6.799,6.134,-0.13,146.2,54.0,0.0,0.0,3.556,1.541,23 325 119 15 31 353 233 357
arginine,3,serine,31,16,4,4,6.799,6.134,-0.13,146.2,54.0,0.0,0.0,3.861,0.778,267 101 129 322 310 78 109 274 240 164
arginine,3,serine,31,16,5,0,6.799,3.908,-0.13,150.3,161.2,1.3185,0.0,3.861,3.062,334 180
arginine,3,serine,31,16,5,1,6.799,3.908,-0.13,150.3,161.2,1.0622,0.0,3.861,2.689,343 71 322 355
arginine,3,serine,31,16,5,2,6.799,3.908,-0.13,150.3,161.2,0.0,0.0,3.861,3.017,228 336 356 31 138 3
arginine,3,serine,31,16,5,3,6.799,3.908,-0.13,150.3,161.2,0.0,0.0,3.861,3.963,108 88 342 227 330 343 128 57
arginine,3,serine,31,16,5,4,6.799,3.908,-0.13,150.3,161.2,0.0,0.0,3.861,1.048,272 26 60 228 270 87 92 300 201 97
arginine,3,serine,31,17,3,0,6.799,7.947,-0.13,57.2,76.9,5.1925,0.0,3.059,5.098,245 360
arginine,3,serine,31,17,3,1,6.799,7.947,-0.13,57.2,76.9,1.4158,0.0,3.059,5.098,247 359 155 91
arginine,3,serine,31,17,3,2,6.799,7.947,-0.13,57.2,76.9,0.0,0.0,3.059,5.098,295 10 102 341 243 151
arginine,3,serine,31,17,3,3,6.799,7.947,-0.13,57.2,76.9,0.0,0.0,3.059,5.098,198 49 124 189 76 205 320 292
arginine,3,serine,31,17,3,4,6.799,7.947,-0.13,57.2,76.9,0.0,0.0,2.276,5.098,337 33 54 257 269 141 138 232 215 155
arginine,3,serine,31,17,4,0,6.799,8.361,-0.13,49.3,61.4,6.0271,0.0,3.059,5.098,264 0
arginine,3,serine,31,17,4,1,6.799,8.361,-0.13,49.3,61.4,2.2271,0.0,3.059,5.098,264 360 201 297
arginine,3,serine,31,17,4,2,6.799,8.361,-0.13,49.3,61.4,0.0,0.0,3.059,4.618,310 324 188 284 269 171
arginine,3,serine,31,17,4,3,6.799,8.361,-0.13,49.3,61.4,0.0,0.0,2.239,4.687,341 20 98 283 243 126 122 161
arginine,3,serine,31,17,4,4,6.799,8.361,-0.13,49.3,61.4,0.0,0.0,2.771,4.905,329 9 49 304 276 112 133 236 219 163
arginine,3,serine,31,17,5,0,6.799,6.308,-0.13,42.9,157.8,4.6614,0.0,3.059,5.098,252 0
arginine,3,serine,31,17,5,1,6.799,6.308,-0.13,42.9,157.8,1.5971,0.0,3.059,4.972,255 355 200 342
arginine,3,serine,31,17,5,2,6.799,6.308,-0.13,42.9,157.8,0.0,0.0,3.059,3.8,292 66 94 306 200 99
arginine,3,serine,31,17,5,3,6.799,6.308,-0.13,42.9,157.8,0.0,0.0,2.575,4.361,329 72 48 283 236 84 190 246
arginine,3,serine,31,17,5,4,6.799,6.308,-0.13,42.9,157.8,0.0,0.0,1.612,3.179,6 18 51 309 279 81 112 237 207 157
arginine,3,serine,31,18,3,0,6.799,7.911,-0.13,58.7,66.8,5.0652,0.0,2.917,2.546,113 0
arginine,3,serine,31,18,3,1,6.799,7.911,-0.13,58.7,66.8,1.2754,0.0,2.917,2.577,114 360 199 268
arginine,3,serine,31,18,3,2,6.799,7.911,-0.13,58.7,66.8,0.0,0.0,2.917,2.233,134 260 287 55 58 213
arginine,3,serine,31,18,3,3,6.799,7.911,-0.13,58.7,66.8,0.0,0.0,2.917,2.991,143 166 327 204 67 218 206 74
arginine,3,serine,31,18,3,4,6.799,7.911,-0.13,58.7,66.8,0.0,0.0,2.917,0.597,58 346 316 68 101 266 221 49 100 222
arginine,3,serine,31,18,4,0,6.799,8.288,-0.13,52.4,51.9,5.7621,0.0,2.917,2.078,94 360
arginine,3,serine,31,18,4,1,6.799,8.288,-0.13,52.4,51.9,1.9646,0.0,2.917,1.255,93 0 159 72
arginine,3,serine,31,18,4,2,6.799,8.288,-0.13,52.4,51.9,0.1469,0.0,2.917,0.602,55 355 215 299 308 207
arginine,3,serine,31,18,4,3,6.799,8.288,-0.13,52.4,51.9,0.0,0.0,2.153,0.444,20 353 212 95 154 218 273 272
arginine,3,serine,31,18,4,4,6.799,8.288,-0.13,52.4,51.9,0.0,0.0,1.317,1.072,352 352 292 36 75 292 275 136 137 185
arginine,3,serine,31,18,5,0,6.799,5.945,-0.13,57.8,166.8,3.3958,0.0,2.917,2.188,98 360
arginine,3,serine,31,18,5,1,6.799,5.945,-0.13,57.8,166.8,0.484,0.0,2.917,1.874,98 25 129 38
arginine,3,serine,31,18,5,2,6.799,5.945,-0.13,57.8,166.8,0.0,0.0,2.917,0.669,60 277 310 78 98 260
arginine,3,serine,31,18,5,3,6.799,5.945,-0.13,57.8,166.8,0.0,0.0,1.57,0.765,8 318 306 76 110 269 209 138
arginine,3,serine,31,18,5,4,6.799,5.945,-0.13,57.8,166.8,0.0,0.0,1.237,0.798,348 354 322 48 78 282 248 117 151 204
arginine,3,tryptophan,5,16,16,0,11.56,10.458,0.071,106.8,111.0,6.7348,0.0,3.861,2.187,291 85
arginine,3,tryptophan,5,16,16,1,11.56,10.458,0.071,106.8,111.0,3.1994,0.0,3.413,0.685,353 270 177 178
arginine,3,tryptophan,5,16,16,2,11.56,10.458,0.071,106.8,111.0,0.0,0.0,2.957,0.368,350 238 220 123 264 202
arginine,3,tryptophan,5,16,16,3,11.56,10.458,0.071,106.8,111.0,0.0,0.0,2.988,1.864,229 137 128 279 266 136 169 214
arginine,3,tryptophan,5,16,16,4,11.56,10.458,0.071,106.8,111.0,0.0,0.0,3.258,3.293,219 175 175 229 227 119 127 215 202 165
arginine,3,tryptophan,5,16,17,0,11.56,11.509,0.071,96.4,70.8,7.8246,0.0,3.861,1.993,301 55
arginine,3,tryptophan,5,16,17,1,11.56,11.509,0.071,96.4,70.8,4.2508,0.0,2.516,0.42,355 287 184 182
arginine,3,tryptophan,5,16,17,2,11.56,11.509,0.071,96.4,70.8,0.5229,0.0,1.358,0.678,350 292 183 182 182 182
arginine,3,tryptophan,5,16,17,3,11.56,11.509,0.071,96.4,70.8,0.0,0.0,1.936,0.416,272 335 325 219 261 250 78 108
arginine,3,tryptophan,5,16,17,4,11.56,11.509,0.071,96.4,70.8,0.0,0.0,3.365,0.659,322 20 56 334 310 122 148 265 240 154
arginine,3,tryptophan,5,16,18,0,11.56,12.454,0.071,107.2,26.0,8.7413,0.0,3.861,2.17,348 273
arginine,3,tryptophan,5,16,18,1,11.56,12.454,0.071,107.2,26.0,5.2338,0.0,3.616,0.604,286 90 185 183
arginine,3,tryptophan,5,16,18,2,11.56,12.454,0.071,107.2,26.0,1.4763,0.0,1.592,0.75,290 89 187 184 185 185
arginine,3,tryptophan,5,16,18,3,11.56,12.454,0.071,107.2,26.0,0.1973,0.0,2.233,0.515,294 129 188 184 205 201 8 176
arginine,3,tryptophan,5,16,18,4,11.56,12.454,0.071,107.2,26.0,0.0,0.0,3.643,0.584,305 84 269 181 147 281 333 136 15 141
arginine,3,tryptophan,5,17,16,0,11.56,12.489,0.071,12.1,106.9,12.3054,0.0,3.059,5.098,298 360
arginine,3,tryptophan,5,17,16,1,11.56,12.489,0.071,12.1,106.9,8.8677,0.0,3.059,4.757,297 0 179 1
arginine,3,tryptophan,5,17,16,2,11.56,12.489,0.071,12.1,106.9,5.1115,0.0,3.05,2.323,299 360 181 359 170 165
arginine,3,tryptophan,5,17,16,3,11.56,12.489,0.071,12.1,106.9,1.5522,0.0,1.857,1.415,297 0 179 1 215 221 184 183
arginine,3,tryptophan,5,17,16,4,11.56,12.489,0.071,12.1,106.9,0.0,0.0,3.059,1.256,239 61 127 290 221 143 169 203 200 184
arginine,3,tryptophan,5,17,17,0,11.56,13.241,0.071,16.2,78.2,12.7514,0.0,2.609,5.098,338 0
arginine,3,tryptophan,5,17,17,1,11.56,13.241,0.071,16.2,78.2,9.1558,0.0,2.572,4.794,339 360 181 359
arginine,3,tryptophan,5,17,17,2,11.56,13.241,0.071,16.2,78.2,5.4902,0.0,1.543,3.289,336 0 174 9 187 185
arginine,3,tryptophan,5,17,17,3,11.56,13.241,0.071,16.2,78.2,1.8374,0.0,0.507,2.336,338 0 180 0 153 153 180 180
arginine,3,tryptophan,5,17,17,4,11.56,13.241,0.071,16.2,78.2,0.0,0.0,0.616,3.889,335 75 118 271 227 142 163 183 177 178
arginine,3,tryptophan,5,17,18,0,11.56,14.436,0.071,18.0,20.6,13.7762,0.0,3.059,5.098,308 360
arginine,3,tryptophan,5,17,18,1,11.56,14.436,0.071,18.0,20.6,10.1078,0.0,3.059,4.787,308 0 180 0
arginine,3,tryptophan,5,17,18,2,11.56,14.436,0.071,18.0,20.6,6.5337,0.0,2.322,2.922,309 360 193 339 176 177
arginine,3,tryptophan,5,17,18,3,11.56,14.436,0.071,18.0,20.6,2.7923,0.0,1.163,2.089,308 0 180 0 189 188 181 180
arginine,3,tryptophan,5,17,18,4,11.56,14.436,0.071,18.0,20.6,0.401,0.0,1.122,1.63,291 359 204 311 165 172 170 171 278 208
arginine,3,tryptophan,5,18,16,0,11.56,10.982,0.071,86.6,113.2,7.2629,0.0,2.917,1.473,65 346
arginine,3,tryptophan,5,18,16,1,11.56,10.982,0.071,86.6,113.2,3.7626,0.0,2.917,0.978,31 49 188 185
arginine,3,tryptophan,5,18,16,2,11.56,10.982,0.071,86.6,113.2,0.0,0.0,2.858,0.774,38 36 189 178 182 181
arginine,3,tryptophan,5,18,16,3,11.56,10.982,0.071,86.6,113.2,0.0,0.0,2.497,0.868,18 259 318 168 112 193 200 140
arginine,3,tryptophan,5,18,16,4,11.56,10.982,0.071,86.6,113.2,0.0,0.0,2.917,2.688,123 190 195 138 141 253 242 142 157 195
arginine,3,tryptophan,5,18,17,0,11.56,11.791,0.071,85.9,81.8,8.0672,0.0,2.917,1.469,41 11
arginine,3,tryptophan,5,18,17,1,11.56,11.791,0.071,85.9,81.8,4.5498,0.0,2.917,0.354,73 311 174 176
arginine,3,tryptophan,5,18,17,2,11.56,11.791,0.071,85.9,81.8,0.8034,0.0,1.199,0.571,67 319 181 181 181 181
arginine,3,tryptophan,5,18,17,3,11.56,11.791,0.071,85.9,81.8,0.0,0.0,1.646,1.755,339 35 242 61 26 175 154 189
arginine,3,tryptophan,5,18,17,4,11.56,11.791,0.071,85.9,81.8,0.0,0.0,2.67,1.139,32 359 329 25 37 253 216 124 150 199
arginine,3,tryptophan,5,18,18,0,11.56,13.124,0.071,81.6,17.1,9.4396,0.0,2.917,1.49,56 358
arginine,3,tryptophan,5,18,18,1,11.56,13.124,0.071,81.6,17.1,5.8879,0.0,2.917,0.491,34 37 181 181
arginine,3,tryptophan,5,18,18,2,11.56,13.124,0.071,81.6,17.1,2.1584,0.0,1.556,0.045,70 332 174 177 176 176
arginine,3,tryptophan,5,18,18,3,11.56,13.124,0.071,81.6,17.1,0.5043,0.0,2.802,0.452,64 15 193 188 188 187 43 161
arginine,3,tryptophan,5,18,18,4,11.56,13.124,0.071,81.6,17.1,0.0,0.0,2.551,0.19,54 16 251 275 153 222 246 188 37 189
arginine,3,tyrosine,1,16,11,0,5.644,7.201,0.752,59.4,51.3,4.393,0.0,3.861,3.963,136 360
arginine,3,tyrosine,1,16,11,1,5.644,7.201,0.752,59.4,51.3,0.6554,0.0,3.242,3.963,132 356 213 278
arginine,3,tyrosine,1,16,11,2,5.644,7.201,0.752,59.4,51.3,0.0,0.0,3.468,3.963,97 287 272 82 150 226
arginine,3,tyrosine,1,16,11,3,5.644,7.201,0.752,59.4,51.3,0.0,0.0,3.861,3.963,181 276 182 251 349 114 36 100
arginine,3,tyrosine,1,16,11,4,5.644,7.201,0.752,59.4,51.3,0.0,0.0,3.217,3.963,30 351 313 34 75 298 258 122 149 199
arginine,3,tyrosine,1,16,12,0,5.644,7.324,0.752,60.5,45.9,4.4442,0.0,3.861,3.963,157 0
arginine,3,tyrosine,1,16,12,1,5.644,7.324,0.752,60.5,45.9,0.7207,0.0,3.578,3.963,160 5 147 89
arginine,3,tyrosine,1,16,12,2,5.644,7.324,0.752,60.5,45.9,0.0,0.0,3.861,3.963,182 226 302 94 53 194
arginine,3,tyrosine,1,16,12,3,5.644,7.324,0.752,60.5,45.9,0.0,0.0,3.861,3.963,127 327 318 57 37 272 262 103
arginine,3,tyrosine,1,16,12,4,5.644,7.324,0.752,60.5,45.9,0.0,0.0,3.861,3.963,74 355 309 70 106 237 223 111 117 187
arginine,3,tyrosine,1,16,13,0,5.644,5.081,0.752,64.5,142.0,2.3479,0.0,3.861,3.963,147 0
arginine,3,tyrosine,1,16,13,1,5.644,5.081,0.752,64.5,142.0,0.5613,0.0,3.314,3.963,131 311 279 340
arginine,3,tyrosine,1,16,13,2,5.644,5.081,0.752,64.5,142.0,0.0,0.0,2.887,3.963,72 332 261 19 187 339
arginine,3,tyrosine,1,16,13,3,5.644,5.081,0.752,64.5,142.0,0.0,0.0,3.673,3.963,44 327 297 74 105 280 245 150
arginine,3,tyrosine,1,16,13,4,5.644,5.081,0.752,64.5,142.0,0.0,0.0,3.429,3.906,17 2 322 57 96 276 237 115 145 193
arginine,3,tyrosine,1,17,11,0,5.644,5.07,0.752,164.4,51.4,2.8856,0.0,1.829,4.47,140 180
arginine,3,tyrosine,1,17,11,1,5.644,5.07,0.752,164.4,51.4,1.5225,0.0,2.974,5.098,181 112 281 348
arginine,3,tyrosine,1,17,11,2,5.644,5.07,0.752,164.4,51.4,0.0,0.0,2.974,5.098,277 112 266 62 114 342
arginine,3,tyrosine,1,17,11,3,5.644,5.07,0.752,164.4,51.4,0.0,0.0,1.976,5.098,337 113 206 143 55 307 252 67
arginine,3,tyrosine,1,17,11,4,5.644,5.07,0.752,164.4,51.4,0.0,0.0,2.737,5.098,360 211 210 92 48 264 288 42 88 249
arginine,3,tyrosine,1,17,12,0,5.644,5.492,0.752,137.8,32.7,1.8687,0.0,1.893,4.489,141 178
arginine,3,tyrosine,1,17,12,1,5.644,5.492,0.752,137.8,32.7,0.7425,0.0,2.744,4.383,161 3 359 54
arginine,3,tyrosine,1,17,12,2,5.644,5.492,0.752,137.8,32.7,0.0013,0.0,2.974,5.098,183 0 53 147 359 327
arginine,3,tyrosine,1,17,12,3,5.644,5.492,0.752,137.8,32.7,0.0,0.0,2.974,5.098,244 188 251 131 41 248 256 58
arginine,3,tyrosine,1,17,12,4,5.644,5.492,0.752,137.8,32.7,0.0,0.0,2.974,5.098,253 156 178 142 114 232 290 97 70 226
arginine,3,tyrosine,1,17,13,0,5.644,3.327,0.752,142.3,119.1,1.1246,0.0,2.491,4.834,159 171
arginine,3,tyrosine,1,17,13,1,5.644,3.327,0.752,142.3,119.1,1.3744,0.0,2.974,5.098,182 23 357 359
arginine,3,tyrosine,1,17,13,2,5.644,3.327,0.752,142.3,119.1,0.5839,0.0,2.974,5.098,270 42 356 341 208 357
arginine,3,tyrosine,1,17,13,3,5.644,3.327,0.752,142.3,119.1,0.0,0.0,2.974,5.098,283 58 16 159 353 342 232 236
arginine,3,tyrosine,1,17,13,4,5.644,3.327,0.752,142.3,119.1,0.0,0.0,2.812,5.098,354 202 170 142 71 268 276 357 127 311
arginine,3,tyrosine,1,18,11,0,5.644,6.909,0.752,70.4,35.3,3.6118,0.0,2.205,2.944,234 359
arginine,3,tyrosine,1,18,11,1,5.644,6.909,0.752,70.4,35.3,1.0986,0.0,0.963,2.681,262 18 90 71
arginine,3,tyrosine,1,18,11,2,5.644,6.909,0.752,70.4,35.3,0.3863,0.0,0.485,2.635,289 19 98 90 34 101
arginine,3,tyrosine,1,18,11,3,5.644,6.909,0.752,70.4,35.3,0.0,0.0,1.437,2.21,305 42 112 236 264 95 50 166
arginine,3,tyrosine,1,18,11,4,5.644,6.909,0.752,70.4,35.3,0.0,0.0,1.935,2.104,279 98 97 189 222 132 108 276 261 135
arginine,3,tyrosine,1,18,12,0,5.644,6.528,0.752,90.0,52.6,2.7571,0.0,2.4,2.991,215 29
arginine,3,tyrosine,1,18,12,1,5.644,6.528,0.752,90.0,52.6,0.2443,0.0,2.917,2.945,234 232 331 225
arginine,3,tyrosine,1,18,12,2,5.644,6.528,0.752,90.0,52.6,0.0,0.0,2.917,2.991,161 178 70 285 263 113
arginine,3,tyrosine,1,18,12,3,5.644,6.528,0.752,90.0,52.6,0.0,0.0,2.839,2.991,168 254 51 218 306 22 89 291
arginine,3,tyrosine,1,18,12,4,5.644,6.528,0.752,90.0,52.6,0.0,0.0,2.284,2.991,180 200 150 208 243 96 94 272 231 136
arginine,3,tyrosine,1,18,13,0,5.644,4.857,0.752,72.5,117.7,1.7135,0.0,2.769,2.991,216 3
arginine,3,tyrosine,1,18,13,1,5.644,4.857,0.752,72.5,117.7,0.0451,0.0,2.917,2.991,221 240 314 1
arginine,3,tyrosine,1,18,13,2,5.644,4.857,0.752,72.5,117.7,0.0,0.0,2.917,2.991,172 284 341 58 81 333
arginine,3,tyrosine,1,18,13,3,5.644,4.857,0.752,72.5,117.7,0.0,0.0,2.527,1.523,258 111 311 335 260 334 260 343
arginine,3,tyrosine,1,18,13,4,5.644,4.857,0.752,72.5,117.7,0.0,0.0,1.166,1.051,321 14 21 282 236 76 160 306 244 159
arginine,3,phenylalanine,4,16,12,0,3.566,2.554,0.772,104.5,63.6,1.9975,0.0,1.638,2.85,221 59
arginine,3,phenylalanine,4,16,12,1,3.566,2.554,0.772,104.5,63.6,2.5706,0.0,1.638,0.684,274 71 9 6
arginine,3,phenylalanine,4,16,12,2,3.566,2.554,0.772,104.5,63.6,1.5286,0.0,1.223,0.835,317 73 5 51 112 3
arginine,3,phenylalanine,4,16,12,3,3.566,2.554,0.772,104.5,63.6,0.0,0.0,1.004,0.64,330 76 0 255 314 50 100 315
arginine,3,phenylalanine,4,16,12,4,3.566,2.554,0.772,104.5,63.6,0.0,0.0,1.062,0.674,16 22 27 288 307 52 54 316 254 99
arginine,3,phenylalanine,4,16,13,0,3.566,3.612,0.772,147.2,25.2,2.3683,0.0,1.638,3.063,234 158
arginine,3,phenylalanine,4,16,13,1,3.566,3.612,0.772,147.2,25.2,2.0144,0.0,1.638,0.97,260 53 343 352
arginine,3,phenylalanine,4,16,13,2,3.566,3.612,0.772,147.2,25.2,0.6295,0.0,1.211,0.991,318 41 357 293 262 359
arginine,3,phenylalanine,4,16,13,3,3.566,3.612,0.772,147.2,25.2,0.0,0.0,0.765,3.963,81 240 88 250 315 45 115 295
arginine,3,phenylalanine,4,16,13,4,3.566,3.612,0.772,147.2,25.2,0.0,0.0,0.803,3.691,142 236 170 228 285 82 84 299 224 109
arginine,3,phenylalanine,4,16,14,0,3.566,3.14,0.772,118.8,44.8,1.8244,0.0,1.638,3.963,201 259
arginine,3,phenylalanine,4,16,14,1,3.566,3.14,0.772,118.8,44.8,2.0288,0.0,0.944,3.963,147 303 355 356
arginine,3,phenylalanine,4,16,14,2,3.566,3.14,0.772,118.8,44.8,0.9473,0.0,0.355,3.963,102 301 356 303 254 358
arginine,3,phenylalanine,4,16,14,3,3.566,3.14,0.772,118.8,44.8,0.0,0.0,0.453,3.963,96 205 25 244 319 352 227 320
arginine,3,phenylalanine,4,16,14,4,3.566,3.14,0.772,118.8,44.8,0.0,0.0,1.638,0.981,255 101 81 214 253 81 96 321 230 113
arginine,3,phenylalanine,4,17,12,0,3.566,4.254,0.772,42.4,79.4,3.4843,0.0,2.529,5.098,189 357
arginine,3,phenylalanine,4,17,12,1,3.566,4.254,0.772,42.4,79.4,2.2089,0.0,2.817,4.342,182 293 270 356
arginine,3,phenylalanine,4,17,12,2,3.566,4.254,0.772,42.4,79.4,0.0,0.0,2.851,3.885,168 223 332 303 271 331
arginine,3,phenylalanine,4,17,12,3,3.566,4.254,0.772,42.4,79.4,0.0,0.0,2.715,1.493,101 324 280 110 71 283 229 100
arginine,3,phenylalanine,4,17,12,4,3.566,4.254,0.772,42.4,79.4,0.0,0.0,1.604,1.187,351 49 84 297 269 79 105 249 225 159
arginine,3,phenylalanine,4,17,13,0,3.566,5.74,0.772,52.8,10.7,3.7269,0.0,1.498,5.098,214 1
arginine,3,phenylalanine,4,17,13,1,3.566,5.74,0.772,52.8,10.7,1.5605,0.0,1.284,5.098,219 67 88 15
arginine,3,phenylalanine,4,17,13,2,3.566,5.74,0.772,52.8,10.7,0.4593,0.0,1.086,4.892,244 62 71 135 24 49
arginine,3,phenylalanine,4,17,13,3,3.566,5.74,0.772,52.8,10.7,0.0,0.0,1.782,4.163,298 37 96 251 282 98 73 209
arginine,3,phenylalanine,4,17,13,4,3.566,5.74,0.772,52.8,10.7,0.0,0.0,1.214,5.098,308 330 86 304 273 131 75 223 291 200
arginine,3,phenylalanine,4,17,14,0,3.566,4.265,0.772,73.5,79.0,1.6763,0.0,1.966,5.098,203 357
arginine,3,phenylalanine,4,17,14,1,3.566,4.265,0.772,73.5,79.0,0.5971,0.0,2.413,5.098,202 210 340 359
arginine,3,phenylalanine,4,17,14,2,3.566,4.265,0.772,73.5,79.0,0.0,0.0,2.004,5.098,259 119 355 298 256 36
arginine,3,phenylalanine,4,17,14,3,3.566,4.265,0.772,73.5,79.0,0.0,0.0,0.707,5.098,271 13 94 154 23 238 323 305
arginine,3,phenylalanine,4,17,14,4,3.566,4.265,0.772,73.5,79.0,0.0,0.0,2.485,5.098,339 340 32 314 264 73 116 253 232 170
arginine,3,phenylalanine,4,18,12,0,3.566,2.821,0.772,93.4,112.9,1.4534,0.0,2.871,2.918,136 311
arginine,3,phenylalanine,4,18,12,1,3.566,2.821,0.772,93.4,112.9,1.9712,0.0,2.917,1.048,93 235 3 2
arginine,3,phenylalanine,4,18,12,2,3.566,2.821,0.772,93.4,112.9,1.0734,0.0,2.671,0.769,40 271 360 349 195 360
arginine,3,phenylalanine,4,18,12,3,3.566,2.821,0.772,93.4,112.9,0.0,0.0,2.27,0.529,31 278 342 114 55 299 258 67
arginine,3,phenylalanine,4,18,12,4,3.566,2.821,0.772,93.4,112.9,0.0,0.0,2.601,1.454,32 355 341 70 39 249 299 101 128 282
arginine,3,phenylalanine,4,18,13,0,3.566,5.061,0.772,77.8,22.7,1.9783,0.0,2.644,2.871,127 350
arginine,3,phenylalanine,4,18,13,1,3.566,5.061,0.772,77.8,22.7,1.0421,0.0,2.917,1.471,107 232 351 338
arginine,3,phenylalanine,4,18,13,2,3.566,5.061,0.772,77.8,22.7,0.0734,0.0,2.917,0.721,90 252 353 183 359 316
arginine,3,phenylalanine,4,18,13,3,3.566,5.061,0.772,77.8,22.7,0.0,0.0,2.847,1.225,52 317 348 74 46 295 262 108
arginine,3,phenylalanine,4,18,13,4,3.566,5.061,0.772,77.8,22.7,0.0,0.0,2.37,0.413,38 303 274 158 81 240 310 21 67 282
arginine,3,phenylalanine,4,18,14,0,3.566,4.171,0.772,76.8,61.6,1.5147,0.0,2.769,2.991,150 14
arginine,3,phenylalanine,4,18,14,1,3.566,4.171,0.772,76.8,61.6,0.9541,0.0,2.917,2.991,170 127 15 7
arginine,3,phenylalanine,4,18,14,2,3.566,4.171,0.772,76.8,61.6,0.0,0.0,2.917,2.153,214 124 343 306 273 338
arginine,3,phenylalanine,4,18,14,3,3.566,4.171,0.772,76.8,61.6,0.0,0.0,2.917,2.103,125 227 72 89 31 347 189 322
arginine,3,phenylalanine,4,18,14,4,3.566,4.171,0.772,76.8,61.6,0.0,0.0,1.493,0.633,305 47 5 24 106 348 255 55 94 193
lysine,5,arginine,3,13,16,0,10.249,8.745,-0.634,121.7,114.2,5.0508,0.0,2.794,1.219,10 236
lysine,5,arginine,3,13,16,1,10.249,8.745,-0.634,121.7,114.2,1.4623,0.0,2.584,0.497,306 115 182 181
lysine,5,arginine,3,13,16,2,10.249,8.745,-0.634,121.7,114.2,0.0,0.0,2.227,0.357,20 343 55 12 330 150
lysine,5,arginine,3,13,16,3,10.249,8.745,-0.634,121.7,114.2,0.0,0.0,1.303,1.19,305 4 231 39 217 44 216 325
lysine,5,arginine,3,13,16,4,10.249,8.745,-0.634,121.7,114.2,0.0,0.0,3.025,2.504,59 326 7 166 140 4 119 91 21 149
lysine,5,arginine,3,13,17,0,10.249,10.946,-0.634,118.7,14.9,7.2562,0.0,2.713,1.325,4 244
lysine,5,arginine,3,13,17,1,10.249,10.946,-0.634,118.7,14.9,3.7201,0.0,2.637,0.522,301 111 184 182
lysine,5,arginine,3,13,17,2,10.249,10.946,-0.634,118.7,14.9,0.9638,0.0,3.001,0.779,23 218 187 184 95 147
lysine,5,arginine,3,13,17,3,10.249,10.946,-0.634,118.7,14.9,0.1761,0.0,3.025,0.852,27 191 189 187 101 149 2 177
lysine,5,arginine,3,13,17,4,10.249,10.946,-0.634,118.7,14.9,0.0,0.0,2.707,1.696,41 294 33 142 92 107 122 112 21 146
lysine,5,arginine,3,13,18,0,10.249,9.496,-0.634,107.5,84.6,5.8068,0.0,2.314,1.625,5 276
lysine,5,arginine,3,13,18,1,10.249,9.496,-0.634,107.5,84.6,2.2229,0.0,2.508,0.798,302 94 175 177
lysine,5,arginine,3,13,18,2,10.249,9.496,-0.634,107.5,84.6,0.0,0.0,2.155,0.586,23 315 123 80 314 157
lysine,5,arginine,3,13,18,3,10.249,9.496,-0.634,107.5,84.6,0.0,0.0,1.677,0.659,301 72 110 125 207 58 86 356
lysine,5,arginine,3,13,18,4,10.249,9.496,-0.634,107.5,84.6,0.0,0.0,3.025,2.441,55 326 17 152 113 60 117 45 346 119
lysine,5,arginine,3,14,16,0,10.249,10.802,-0.634,37.7,114.7,9.0149,0.0,3.878,3.836,290 360
lysine,5,arginine,3,14,16,1,10.249,10.802,-0.634,37.7,114.7,5.2971,0.0,3.878,2.199,290 360 163 44
lysine,5,arginine,3,14,16,2,10.249,10.802,-0.634,37.7,114.7,1.8257,0.0,3.878,1.5,293 359 210 301 164 170
lysine,5,arginine,3,14,16,3,10.249,10.802,-0.634,37.7,114.7,0.0,0.0,3.878,0.989,276 58 99 306 264 139 159 189
lysine,5,arginine,3,14,16,4,10.249,10.802,-0.634,37.7,114.7,0.0,0.0,3.878,2.058,278 45 84 295 268 136 152 243 234 168
lysine,5,arginine,3,14,17,0,10.249,13.016,-0.634,32.7,12.2,11.4319,0.0,3.878,3.901,293 360
lysine,5,arginine,3,14,17,1,10.249,13.016,-0.634,32.7,12.2,7.7008,0.0,3.878,2.145,293 360 167 36
lysine,5,arginine,3,14,17,2,10.249,13.016,-0.634,32.7,12.2,4.2202,0.0,3.878,1.302,294 359 210 302 171 175
lysine,5,arginine,3,14,17,3,10.249,13.016,-0.634,32.7,12.2,0.909,0.0,3.878,2.206,291 359 216 283 165 171 127 148
lysine,5,arginine,3,14,17,4,10.249,13.016,-0.634,32.7,12.2,0.0,0.0,3.878,3.237,277 6 222 243 183 178 124 153 349 192
lysine,5,arginine,3,14,18,0,10.249,11.332,-0.634,31.8,93.4,9.8917,0.0,3.783,4.272,309 0
lysine,5,arginine,3,14,18,1,10.249,11.332,-0.634,31.8,93.4,6.1665,0.0,3.729,2.319,310 360 189 339
lysine,5,arginine,3,14,18,2,10.249,11.332,-0.634,31.8,93.4,2.6042,0.0,3.794,1.059,308 0 152 52 184 183
lysine,5,arginine,3,14,18,3,10.249,11.332,-0.634,31.8,93.4,0.0,0.0,3.162,1.105,302 76 119 315 211 175 217 200
lysine,5,arginine,3,14,18,4,10.249,11.332,-0.634,31.8,93.4,0.0,0.0,3.878,3.193,356 233 288 57 37 159 176 246 235 160
lysine,5,arginine,3,15,16,0,10.249,10.365,-0.634,57.8,103.1,7.4403,0.0,2.03,3.436,68 360
lysine,5,arginine,3,15,16,1,10.249,10.365,-0.634,57.8,103.1,3.7131,0.0,2.04,0.74,68 359 205 254
lysine,5,arginine,3,15,16,2,10.249,10.365,-0.634,57.8,103.1,0.14,0.0,2.026,0.839,67 360 220 253 180 180
lysine,5,arginine,3,15,16,3,10.249,10.365,-0.634,57.8,103.1,0.0,0.0,1.292,1.804,39 332 289 40 79 242 215 161
lysine,5,arginine,3,15,16,4,10.249,10.365,-0.634,57.8,103.1,0.0,0.0,1.367,3.13,52 335 301 53 78 236 216 104 123 201
lysine,5,arginine,3,15,17,0,10.249,12.331,-0.634,64.7,6.9,9.0504,0.0,1.905,3.477,64 360
lysine,5,arginine,3,15,17,1,10.249,12.331,-0.634,64.7,6.9,5.3817,0.0,1.908,1.032,63 1 202 220
lysine,5,arginine,3,15,17,2,10.249,12.331,-0.634,64.7,6.9,1.7539,0.0,1.899,0.948,64 360 142 128 179 179
lysine,5,arginine,3,15,17,3,10.249,12.331,-0.634,64.7,6.9,0.5476,0.0,2.532,2.03,74 16 208 202 209 200 24 166
lysine,5,arginine,3,15,17,4,10.249,12.331,-0.634,64.7,6.9,0.0113,0.0,2.493,2.598,66 28 239 222 221 215 278 211 18 149
lysine,5,arginine,3,15,18,0,10.249,10.645,-0.634,63.8,92.3,7.4346,0.0,1.589,3.657,53 0
lysine,5,arginine,3,15,18,1,10.249,10.645,-0.634,63.8,92.3,3.6972,0.0,1.613,1.229,54 360 157 133
lysine,5,arginine,3,15,18,2,10.249,10.645,-0.634,63.8,92.3,0.3755,0.0,1.881,0.92,67 352 130 126 156 161
lysine,5,arginine,3,15,18,3,10.249,10.645,-0.634,63.8,92.3,0.0,0.0,2.135,1.116,8 294 260 120 158 239 166 152
lysine,5,arginine,3,15,18,4,10.249,10.645,-0.634,63.8,92.3,0.0,0.0,1.566,1.583,6 354 319 39 65 256 225 136 160 198
lysine,5,aspartic,21,13,3,0,9.323,8.698,-0.06,158.4,57.2,5.6244,0.0,2.794,1.347,289 180
lysine,5,aspartic,21,13,3,1,9.323,8.698,-0.06,158.4,57.2,1.7968,0.0,0.915,1.343,290 180 201 243
lysine,5,aspartic,21,13,3,2,9.323,8.698,-0.06,158.4,57.2,0.0,0.0,1.352,2.172,224 179 161 102 18 168
lysine,5,aspartic,21,13,3,3,9.323,8.698,-0.06,158.4,57.2,0.0,0.0,2.754,2.166,90 212 204 243 227 98 115 184
lysine,5,aspartic,21,13,3,4,9.323,8.698,-0.06,158.4,57.2,0.0,0.0,2.304,3.026,185 224 169 183 234 117 112 312 279 137
lysine,5,aspartic,21,13,4,0,9.323,8.771,-0.06,142.0,54.2,5.1132,0.0,2.859,1.384,285 179
lysine,5,aspartic,21,13,4,1,9.323,8.771,-0.06,142.0,54.2,1.4917,0.0,0.262,1.436,311 204 187 185
lysine,5,aspartic,21,13,4,2,9.323,8.771,-0.06,142.0,54.2,0.0,0.0,1.575,2.207,216 152 153 277 324 159
lysine,5,aspartic,21,13,4,3,9.323,8.771,-0.06,142.0,54.2,0.0,0.0,2.356,2.282,216 180 87 226 355 155 92 264
lysine,5,aspartic,21,13,4,4,9.323,8.771,-0.06,142.0,54.2,0.0,0.0,3.025,2.811,170 196 167 203 226 135 134 276 261 152
lysine,5,aspartic,21,13,5,0,9.323,8.341,-0.06,145.5,70.9,4.7718,0.0,2.515,1.213,315 181
lysine,5,aspartic,21,13,5,1,9.323,8.341,-0.06,145.5,70.9,1.0526,0.0,1.105,1.287,296 164 181 181
lysine,5,aspartic,21,13,5,2,9.323,8.341,-0.06,145.5,70.9,0.0,0.0,2.469,0.874,331 230 90 229 56 11
lysine,5,aspartic,21,13,5,3,9.323,8.341,-0.06,145.5,70.9,0.0,0.0,2.539,2.146,87 205 160 296 299 29 45 171
lysine,5,aspartic,21,13,5,4,9.323,8.341,-0.06,145.5,70.9,0.0,0.0,3.025,2.635,110 216 198 212 243 139 134 246 228 152
lysine,5,aspartic,21,14,3,0,9.323,11.1,-0.06,47.8,60.6,8.6758,0.0,3.878,3.815,234 360
lysine,5,aspartic,21,14,3,1,9.323,11.1,-0.06,47.8,60.6,4.9661,0.0,3.826,2.089,235 359 155 84
lysine,5,aspartic,21,14,3,2,9.323,11.1,-0.06,47.8,60.6,1.4011,0.0,1.339,2.091,236 359 218 275 170 174
lysine,5,aspartic,21,14,3,3,9.323,11.1,-0.06,47.8,60.6,0.0,0.0,1.575,3.207,275 41 125 245 233 159 143 156
lysine,5,aspartic,21,14,3,4,9.323,11.1,-0.06,47.8,60.6,0.0,0.0,2.524,3.49,302 265 309 236 199 90 104 140 136 179
lysine,5,aspartic,21,14,4,0,9.323,11.216,-0.06,36.2,55.9,9.4904,0.0,3.878,3.891,226 360
lysine,5,aspartic,21,14,4,1,9.323,11.216,-0.06,36.2,55.9,5.784,0.0,3.847,1.924,224 0 164 40
lysine,5,aspartic,21,14,4,2,9.323,11.216,-0.06,36.2,55.9,2.1965,0.0,0.279,1.771,225 0 213 295 181 180
lysine,5,aspartic,21,14,4,3,9.323,11.216,-0.06,36.2,55.9,0.0,0.0,1.966,3.468,211 357 143 61 164 158 80 144
lysine,5,aspartic,21,14,4,4,9.323,11.216,-0.06,36.2,55.9,0.0187,0.0,1.34,0.639,274 2 177 1 170 23 30 171 0 186
lysine,5,aspartic,21,14,5,0,9.323,10.801,-0.06,37.9,72.1,8.9876,0.0,3.878,3.684,246 0
lysine,5,aspartic,21,14,5,1,9.323,10.801,-0.06,37.9,72.1,5.2643,0.0,3.878,1.561,247 360 197 316
lysine,5,aspartic,21,14,5,2,9.323,10.801,-0.06,37.9,72.1,1.7055,0.0,1.005,1.67,248 360 145 68 176 178
lysine,5,aspartic,21,14,5,3,9.323,10.801,-0.06,37.9,72.1,0.0,0.0,3.318,2.769,275 32 179 267 168 112 148 180
lysine,5,aspartic,21,14,5,4,9.323,10.801,-0.06,37.9,72.1,0.0,0.0,2.591,2.343,339 245 276 256 247 139 124 195 181 167
lysine,5,aspartic,21,15,3,0,9.323,10.417,-0.06,75.2,51.1,6.8568,0.0,2.949,3.105,109 358
lysine,5,aspartic,21,15,3,1,9.323,10.417,-0.06,75.2,51.1,3.1485,0.0,1.684,1.652,97 15 185 183
lysine,5,aspartic,21,15,3,2,9.323,10.417,-0.06,75.2,51.1,0.2494,0.0,0.46,1.971,128 355 174 175 266 209
lysine,5,aspartic,21,15,3,3,9.323,10.417,-0.06,75.2,51.1,0.0,0.0,1.768,4.629,184 245 208 114 119 210 226 184
lysine,5,aspartic,21,15,3,4,9.323,10.417,-0.06,75.2,51.1,0.0,0.0,2.942,5.195,181 207 219 148 145 215 209 117 127 195
lysine,5,aspartic,21,15,4,0,9.323,10.014,-0.06,85.9,67.4,6.2853,0.0,2.949,3.161,96 5
lysine,5,aspartic,21,15,4,1,9.323,10.014,-0.06,85.9,67.4,2.8223,0.0,1.879,2.827,125 313 164 170
lysine,5,aspartic,21,15,4,2,9.323,10.014,-0.06,85.9,67.4,0.0,0.0,1.808,4.409,134 246 210 140 146 178
lysine,5,aspartic,21,15,4,3,9.323,10.014,-0.06,85.9,67.4,0.0,0.0,2.949,4.97,162 205 215 139 142 238 226 162
lysine,5,aspartic,21,15,4,4,9.323,10.014,-0.06,85.9,67.4,0.0,0.0,2.949,5.195,192 203 221 135 131 216 205 122 138 197
lysine,5,aspartic,21,15,5,0,9.323,9.987,-0.06,72.6,68.4,6.509,0.0,2.861,3.241,91 2
lysine,5,aspartic,21,15,5,1,9.323,9.987,-0.06,72.6,68.4,2.72,0.0,1.213,1.912,95 357 175 175
lysine,5,aspartic,21,15,5,2,9.323,9.987,-0.06,72.6,68.4,0.0,0.0,1.464,1.467,60 5 186 122 149 163
lysine,5,aspartic,21,15,5,3,9.323,9.987,-0.06,72.6,68.4,0.0,0.0,1.652,2.386,110 220 232 146 127 303 286 159
lysine,5,aspartic,21,15,5,4,9.323,9.987,-0.06,72.6,68.4,0.0,0.0,2.557,3.251,121 202 208 135 138 277 259 118 141 202
lysine,5,glutamic,22,13,4,0,10.297,9.106,-0.141,102.0,119.9,5.3954,0.0,2.68,1.997,38 287
lysine,5,glutamic,22,13,4,1,10.297,9.106,-0.141,102.0,119.9,1.8468,0.0,2.482,0.558,337 81 185 183
lysine,5,glutamic,22,13,4,2,10.297,9.106,-0.141,102.0,119.9,0.0,0.0,2.468,0.469,303 115 189 312 159 188
lysine,5,glutamic,22,13,4,3,10.297,9.106,-0.141,102.0,119.9,0.0,0.0,2.211,2.957,87 294 193 220 287 67 3 82
lysine,5,glutamic,22,13,4,4,10.297,9.106,-0.141,102.0,119.9,0.0,0.0,2.545,2.114,32 338 289 6 43 262 236 75 107 213
lysine,5,glutamic,22,13,5,0,10.297,10.911,-0.141,104.4,48.2,7.1911,0.0,2.493,1.959,340 80
lysine,5,glutamic,22,13,5,1,10.297,10.911,-0.141,104.4,48.2,3.6662,0.0,2.784,0.808,41 275 173 176
lysine,5,glutamic,22,13,5,2,10.297,10.911,-0.141,104.4,48.2,0.444,0.0,2.23,0.739,39 246 196 191 113 146
lysine,5,glutamic,22,13,5,3,10.297,10.911,-0.141,104.4,48.2,0.0,0.0,3.025,0.995,31 243 171 133 239 178 300 23
lysine,5,glutamic,22,13,5,4,10.297,10.911,-0.141,104.4,48.2,0.0,0.0,3.025,2.054,26 26 320 340 16 243 229 135 135 206
lysine,5,glutamic,22,13,6,0,10.297,10.955,-0.141,93.1,46.2,7.269,0.0,2.32,2.081,29 315
lysine,5,glutamic,22,13,6,1,10.297,10.955,-0.141,93.1,46.2,3.6843,0.0,2.082,0.806,338 66 178 179
lysine,5,glutamic,22,13,6,2,10.297,10.955,-0.141,93.1,46.2,0.481,0.0,1.802,2.257,43 319 175 177 244 213
lysine,5,glutamic,22,13,6,3,10.297,10.955,-0.141,93.1,46.2,0.0,0.0,2.64,2.143,34 339 194 268 71 143 76 47
lysine,5,glutamic,22,13,6,4,10.297,10.955,-0.141,93.1,46.2,0.0,0.0,2.032,1.565,13 346 306 21 51 246 216 95 117 203
lysine,5,glutamic,22,14,4,0,10.297,10.225,-0.141,59.7,121.4,7.2035,0.0,3.733,4.377,313 0
lysine,5,glutamic,22,14,4,1,10.297,10.225,-0.141,59.7,121.4,3.5359,0.0,3.717,3.586,314 359 152 116
lysine,5,glutamic,22,14,4,2,10.297,10.225,-0.141,59.7,121.4,0.0,0.0,2.498,3.614,314 342 241 239 202 189
lysine,5,glutamic,22,14,4,3,10.297,10.225,-0.141,59.7,121.4,0.0,0.0,2.199,1.643,278 77 84 316 280 114 161 234
lysine,5,glutamic,22,14,4,4,10.297,10.225,-0.141,59.7,121.4,0.0,0.0,3.12,2.871,301 35 75 312 283 120 140 262 245 159
lysine,5,glutamic,22,14,5,0,10.297,12.262,-0.141,52.1,38.1,9.5491,0.0,3.722,4.402,313 0
lysine,5,glutamic,22,14,5,1,10.297,12.262,-0.141,52.1,38.1,5.8372,0.0,3.727,3.305,313 0 154 99
lysine,5,glutamic,22,14,5,2,10.297,12.262,-0.141,52.1,38.1,2.2599,0.0,1.679,3.132,314 360 220 260 180 180
lysine,5,glutamic,22,14,5,3,10.297,12.262,-0.141,52.1,38.1,0.29,0.0,2.93,2.325,302 356 136 98 156 164 66 152
lysine,5,glutamic,22,14,5,4,10.297,12.262,-0.141,52.1,38.1,0.0,0.0,2.96,1.003,269 46 122 299 272 151 149 226 242 179
lysine,5,glutamic,22,14,6,0,10.297,11.837,-0.141,59.7,57.8,8.7643,0.0,3.599,4.695,324 360
lysine,5,glutamic,22,14,6,1,10.297,11.837,-0.141,59.7,57.8,5.0618,0.0,3.607,4.025,323 1 205 235
lysine,5,glutamic,22,14,6,2,10.297,11.837,-0.141,59.7,57.8,1.4933,0.0,2.535,3.643,326 359 138 118 173 175
lysine,5,glutamic,22,14,6,3,10.297,11.837,-0.141,59.7,57.8,0.0,0.0,2.935,5.264,13 10 147 253 200 158 143 112
lysine,5,glutamic,22,14,6,4,10.297,11.837,-0.141,59.7,57.8,0.0,0.0,3.397,5.269,359 13 52 320 299 109 139 216 191 157
lysine,5,glutamic,22,15,4,0,10.297,10.738,-0.141,36.1,110.7,9.042,0.0,1.329,3.924,43 0
lysine,5,glutamic,22,15,4,1,10.297,10.738,-0.141,36.1,110.7,5.3979,0.0,1.362,2.105,45 359 197 323
lysine,5,glutamic,22,15,4,2,10.297,10.738,-0.141,36.1,110.7,1.7491,0.0,0.729,1.054,43 360 148 62 180 180
lysine,5,glutamic,22,15,4,3,10.297,10.738,-0.141,36.1,110.7,0.0,0.0,1.335,0.845,41 282 261 102 99 215 169 158
lysine,5,glutamic,22,15,4,4,10.297,10.738,-0.141,36.1,110.7,0.0,0.0,1.59,1.71,60 313 281 61 86 231 210 126 141 195
lysine,5,glutamic,22,15,5,0,10.297,12.412,-0.141,45.3,44.4,10.0758,0.0,1.378,3.861,45 0
lysine,5,glutamic,22,15,5,1,10.297,12.412,-0.141,45.3,44.4,6.3472,0.0,1.316,1.882,45 0 204 281
lysine,5,glutamic,22,15,5,2,10.297,12.412,-0.141,45.3,44.4,2.7964,0.0,0.801,1.308,45 0 142 85 184 182
lysine,5,glutamic,22,15,5,3,10.297,12.412,-0.141,45.3,44.4,0.0932,0.0,1.738,0.717,60 357 219 261 158 167 96 145
lysine,5,glutamic,22,15,5,4,10.297,12.412,-0.141,45.3,44.4,0.0,0.0,1.368,1.072,41 325 281 52 76 226 208 139 147 189
lysine,5,glutamic,22,15,6,0,10.297,12.247,-0.141,41.3,52.0,10.1494,0.0,1.165,4.357,30 360
lysine,5,glutamic,22,15,6,1,10.297,12.247,-0.141,41.3,52.0,6.4224,0.0,0.72,2.62,29 0 158 65
lysine,5,glutamic,22,15,6,2,10.297,12.247,-0.141,41.3,52.0,2.861,0.0,0.686,1.488,30 360 216 282 179 179
lysine,5,glutamic,22,15,6,3,10.297,12.247,-0.141,41.3,52.0,0.1536,0.0,1.654,3.852,357 6 224 264 212 200 104 141
lysine,5,glutamic,22,15,6,4,10.297,12.247,-0.141,41.3,52.0,0.0,0.0,2.342,4.249,308 342 243 94 112 216 198 163 162 180
lysine,5,isoleucine,3,13,4,0,7.506,6.832,0.362,54.0,154.3,4.3683,0.0,1.314,2.109,327 360
lysine,5,isoleucine,3,13,4,1,7.506,6.832,0.362,54.0,154.3,0.8763,0.0,0.731,2.076,327 4 153 53
lysine,5,isoleucine,3,13,4,2,7.506,6.832,0.362,54.0,154.3,0.0,0.0,0.886,1.013,352 68 39 4 233 75
lysine,5,isoleucine,3,13,4,3,7.506,6.832,0.362,54.0,154.3,0.0,0.0,1.05,0.913,32 34 45 299 268 89 150 233
lysine,5,isoleucine,3,13,4,4,7.506,6.832,0.362,54.0,154.3,0.0,0.0,1.581,0.59,348 5 38 322 299 80 108 299 255 141
lysine,5,isoleucine,3,13,5,0,7.506,8.783,0.362,49.9,64.4,6.3632,0.0,1.391,1.981,340 0
lysine,5,isoleucine,3,13,5,1,7.506,8.783,0.362,49.9,64.4,2.6044,0.0,0.926,1.931,341 359 202 292
lysine,5,isoleucine,3,13,5,2,7.506,8.783,0.362,49.9,64.4,0.0506,0.0,2.024,1.569,6 360 172 31 60 170
lysine,5,isoleucine,3,13,5,3,7.506,8.783,0.362,49.9,64.4,0.0,0.0,2.141,1.828,50 14 82 346 268 6 65 205
lysine,5,isoleucine,3,13,5,4,7.506,8.783,0.362,49.9,64.4,0.0,0.0,2.038,2.548,280 41 116 313 241 107 134 277 287 163
lysine,5,isoleucine,3,13,6,0,7.506,9.236,0.362,56.2,45.6,6.4356,0.0,1.342,2.163,323 360
lysine,5,isoleucine,3,13,6,1,7.506,9.236,0.362,56.2,45.6,2.6621,0.0,0.466,2.085,323 360 155 97
lysine,5,isoleucine,3,13,6,2,7.506,9.236,0.362,56.2,45.6,0.145,0.0,1.635,2.39,307 360 187 226 16 178
lysine,5,isoleucine,3,13,6,3,7.506,9.236,0.362,56.2,45.6,0.0,0.0,1.56,1.955,323 34 72 338 310 77 93 213
lysine,5,isoleucine,3,13,6,4,7.506,9.236,0.362,56.2,45.6,0.0,0.0,1.524,0.592,341 11 48 325 295 104 131 250 225 158
lysine,5,isoleucine,3,14,4,0,7.506,7.165,0.362,39.5,153.2,5.6013,0.0,3.451,5.269,27 0
lysine,5,isoleucine,3,14,4,1,7.506,7.165,0.362,39.5,153.2,2.2048,0.0,2.836,5.269,30 357 195 340
lysine,5,isoleucine,3,14,4,2,7.506,7.165,0.362,39.5,153.2,0.0,0.0,3.077,5.269,52 282 263 40 119 243
lysine,5,isoleucine,3,14,4,3,7.506,7.165,0.362,39.5,153.2,0.0,0.0,3.034,4.966,345 320 305 57 84 275 218 129
lysine,5,isoleucine,3,14,4,4,7.506,7.165,0.362,39.5,153.2,0.0,0.0,3.343,5.269,27 337 302 53 79 262 233 88 120 207
lysine,5,isoleucine,3,14,5,0,7.506,8.715,0.362,52.8,79.1,6.1511,0.0,3.417,5.269,22 360
lysine,5,isoleucine,3,14,5,1,7.506,8.715,0.362,52.8,79.1,2.438,0.0,3.425,5.269,24 359 155 86
lysine,5,isoleucine,3,14,5,2,7.506,8.715,0.362,52.8,79.1,0.0,0.0,3.641,5.269,346 41 188 19 63 149
lysine,5,isoleucine,3,14,5,3,7.506,8.715,0.362,52.8,79.1,0.0,0.0,3.604,5.122,353 331 303 40 75 269 221 137
lysine,5,isoleucine,3,14,5,4,7.506,8.715,0.362,52.8,79.1,0.0,0.0,3.451,5.269,24 340 302 35 65 259 232 103 128 203
lysine,5,isoleucine,3,14,6,0,7.506,9.579,0.362,40.8,44.7,7.6711,0.0,3.492,5.269,33 0
lysine,5,isoleucine,3,14,6,1,7.506,9.579,0.362,40.8,44.7,3.9295,0.0,3.08,5.269,34 360 198 314
lysine,5,isoleucine,3,14,6,2,7.506,9.579,0.362,40.8,44.7,0.5407,0.0,3.629,5.269,48 360 201 302 170 176
lysine,5,isoleucine,3,14,6,3,7.506,9.579,0.362,40.8,44.7,0.0,0.0,3.867,5.269,81 327 225 40 105 230 262 207
lysine,5,isoleucine,3,14,6,4,7.506,9.579,0.362,40.8,44.7,0.0,0.0,3.527,5.269,30 332 297 46 74 249 224 120 141 199
lysine,5,isoleucine,3,15,4,0,7.506,6.034,0.362,83.8,172.5,2.4957,0.0,1.458,5.156,16 345
lysine,5,isoleucine,3,15,4,1,7.506,6.034,0.362,83.8,172.5,0.3745,0.0,2.485,5.195,352 310 314 261
lysine,5,isoleucine,3,15,4,2,7.506,6.034,0.362,83.8,172.5,0.0,0.0,2.928,5.195,309 330 264 108 116 295
lysine,5,isoleucine,3,15,4,3,7.506,6.034,0.362,83.8,172.5,0.0,0.0,2.949,5.195,296 183 83 100 78 24 82 287
lysine,5,isoleucine,3,15,4,4,7.506,6.034,0.362,83.8,172.5,0.0,0.0,2.539,3.199,58 52 337 278 301 325 302 17 107 261
lysine,5,isoleucine,3,15,5,0,7.506,8.043,0.362,78.6,66.1,4.4528,0.0,1.773,5.195,353 6
lysine,5,isoleucine,3,15,5,1,7.506,8.043,0.362,78.6,66.1,0.7675,0.0,2.007,5.195,338 30 190 187
lysine,5,isoleucine,3,15,5,2,7.506,8.043,0.362,78.6,66.1,0.0,0.0,2.578,5.195,355 317 223 289 14 24
lysine,5,isoleucine,3,15,5,3,7.506,8.043,0.362,78.6,66.1,0.0,0.0,2.949,5.195,288 135 90 118 44 259 36 299
lysine,5,isoleucine,3,15,5,4,7.506,8.043,0.362,78.6,66.1,0.0,0.0,2.09,5.195,12 318 83 231 110 210 307 324 231 115
lysine,5,isoleucine,3,15,6,0,7.506,8.284,0.362,92.1,56.7,4.5583,0.0,1.765,5.195,24 317
lysine,5,isoleucine,3,15,6,1,7.506,8.284,0.362,92.1,56.7,0.9949,0.0,2.105,5.195,336 65 180 180
lysine,5,isoleucine,3,15,6,2,7.506,8.284,0.362,92.1,56.7,0.0,0.0,2.381,5.195,14 146 325 198 72 62
lysine,5,isoleucine,3,15,6,3,7.506,8.284,0.362,92.1,56.7,0.0,0.0,2.949,5.195,327 211 358 233 44 93 335 102
lysine,5,isoleucine,3,15,6,4,7.506,8.284,0.362,92.1,56.7,0.0,0.0,1.91,5.195,341 56 355 330 13 292 263 80 101 211
lysine,5,leucine,13,13,1,0,17.716,16.719,-0.09,82.4,136.1,13.0077,0.0,1.354,2.015,336 2
lysine,5,leucine,13,13,1,1,17.716,16.719,-0.09,82.4,136.1,9.4671,0.0,1.406,1.445,1 319 179 179
lysine,5,leucine,13,13,1,2,17.716,16.719,-0.09,82.4,136.1,5.8056,0.0,1.303,1.329,321 31 184 182 184 183
lysine,5,leucine,13,13,1,3,17.716,16.719,-0.09,82.4,136.1,2.1986,0.0,1.38,0.804,0 320 177 178 168 170 176 178
lysine,5,leucine,13,13,1,4,17.716,16.719,-0.09,82.4,136.1,0.0,0.0,0.786,0.852,9 328 141 41 346 207 229 200 212 200
lysine,5,leucine,13,13,2,0,17.716,19.156,-0.09,83.1,30.3,15.4284,0.0,1.366,2.002,338 1
lysine,5,leucine,13,13,2,1,17.716,19.156,-0.09,83.1,30.3,11.9011,0.0,1.513,1.366,3 316 179 179
lysine,5,leucine,13,13,2,2,17.716,19.156,-0.09,83.1,30.3,8.2232,0.0,1.37,1.253,321 34 182 181 182 181
lysine,5,leucine,13,13,2,3,17.716,19.156,-0.09,83.1,30.3,4.6244,0.0,1.475,0.886,2 318 177 178 167 169 177 178
lysine,5,leucine,13,13,2,4,17.716,19.156,-0.09,83.1,30.3,1.0144,0.0,1.401,0.41,359 317 175 177 165 167 175 176 164 168
lysine,5,leucine,13,13,13,0,17.716,18.011,-0.09,78.1,81.6,14.3557,0.0,1.435,1.96,343 359
lysine,5,leucine,13,13,13,1,17.716,18.011,-0.09,78.1,81.6,10.7473,0.0,1.409,1.699,326 28 180 180
lysine,5,leucine,13,13,13,2,17.716,18.011,-0.09,78.1,81.6,7.1279,0.0,1.17,1.704,351 347 170 173 173 174
lysine,5,leucine,13,13,13,3,17.716,18.011,-0.09,78.1,81.6,3.4457,0.0,1.411,0.506,325 30 180 180 179 179 180 180
lysine,5,leucine,13,13,13,4,17.716,18.011,-0.09,78.1,81.6,0.0,0.0,1.56,0.322,357 356 169 203 173 170 183 143 225 203
lysine,5,leucine,13,14,1,0,17.716,17.777,-0.09,37.2,133.1,15.7717,0.0,3.383,5.269,355 0
lysine,5,leucine,13,14,1,1,17.716,17.777,-0.09,37.2,133.1,12.0419,0.0,2.777,4.702,355 360 201 294
lysine,5,leucine,13,14,1,2,17.716,17.777,-0.09,37.2,133.1,8.519,0.0,3.022,4.161,355 360 144 80 179 179
lysine,5,leucine,13,14,1,3,17.716,17.777,-0.09,37.2,133.1,4.8732,0.0,2.898,0.767,356 359 212 284 172 176 172 173
lysine,5,leucine,13,14,1,4,17.716,17.777,-0.09,37.2,133.1,1.2057,0.0,2.692,1.063,355 360 144 80 178 179 167 169 178 178
lysine,5,leucine,13,14,2,0,17.716,20.21,-0.09,38.4,26.7,18.0973,0.0,3.385,5.269,354 0
lysine,5,leucine,13,14,2,1,17.716,20.21,-0.09,38.4,26.7,14.3552,0.0,2.936,4.727,354 360 202 286
lysine,5,leucine,13,14,2,2,17.716,20.21,-0.09,38.4,26.7,10.8436,0.0,3.126,4.233,354 360 143 85 180 180
lysine,5,leucine,13,14,2,3,17.716,20.21,-0.09,38.4,26.7,7.1802,0.0,3.018,1.057,355 360 213 278 177 179 178 178
lysine,5,leucine,13,14,2,4,17.716,20.21,-0.09,38.4,26.7,3.5603,0.0,2.437,1.161,355 360 143 84 179 179 171 172 179 179
lysine,5,leucine,13,14,13,0,17.716,18.824,-0.09,44.2,88.9,16.4025,0.0,3.379,5.269,357 0
lysine,5,leucine,13,14,13,1,17.716,18.824,-0.09,44.2,88.9,12.6574,0.0,3.223,5.063,356 0 204 269
lysine,5,leucine,13,14,13,2,17.716,18.824,-0.09,44.2,88.9,9.1499,0.0,3.289,4.456,356 0 141 94 182 181
lysine,5,leucine,13,14,13,3,17.716,18.824,-0.09,44.2,88.9,5.467,0.0,3.246,1.993,356 0 215 266 184 182 184 183
lysine,5,leucine,13,14,13,4,17.716,18.824,-0.09,44.2,88.9,1.8309,0.0,2.501,1.56,356 0 142 94 182 181 195 193 182 182
lysine,5,leucine,13,15,1,0,17.716,16.864,-0.09,76.9,140.7,13.2168,0.0,1.164,4.472,26 360
lysine,5,leucine,13,15,1,1,17.716,16.864,-0.09,76.9,140.7,9.6297,0.0,0.625,3.622,13 23 181 181
lysine,5,leucine,13,15,1,2,17.716,16.864,-0.09,76.9,140.7,5.9507,0.0,0.505,1.882,27 359 177 178 179 179
lysine,5,leucine,13,15,1,3,17.716,16.864,-0.09,76.9,140.7,2.4326,0.0,0.631,1.603,14 18 194 189 199 195 193 190
lysine,5,leucine,13,15,1,4,17.716,16.864,-0.09,76.9,140.7,0.0004,0.0,0.953,1.098,62 308 180 349 8 198 178 184 196 182
lysine,5,leucine,13,15,2,0,17.716,19.332,-0.09,76.5,33.4,15.6821,0.0,1.165,4.48,26 360
lysine,5,leucine,13,15,2,1,17.716,19.332,-0.09,76.5,33.4,12.0861,0.0,0.617,3.628,13 22 181 181
lysine,5,leucine,13,15,2,2,17.716,19.332,-0.09,76.5,33.4,8.4055,0.0,0.506,1.902,26 359 178 179 179 180
lysine,5,leucine,13,15,2,3,17.716,19.332,-0.09,76.5,33.4,4.8429,0.0,0.586,1.615,15 19 188 185 197 193 188 185
lysine,5,leucine,13,15,2,4,17.716,19.332,-0.09,76.5,33.4,1.1667,0.0,0.653,1.131,15 18 196 191 196 192 200 194 192 189
lysine,5,leucine,13,15,13,0,17.716,18.129,-0.09,73.6,85.5,14.5446,0.0,1.213,4.714,20 1
lysine,5,leucine,13,15,13,1,17.716,18.129,-0.09,73.6,85.5,10.8767,0.0,0.879,3.821,25 353 178 179
lysine,5,leucine,13,15,13,2,17.716,18.129,-0.09,73.6,85.5,7.2689,0.0,0.563,2.155,19 1 200 199 183 182
lysine,5,leucine,13,15,13,3,17.716,18.129,-0.09,73.6,85.5,3.5917,0.0,0.984,0.69,23 356 173 174 170 173 175 176
lysine,5,leucine,13,15,13,4,17.716,18.129,-0.09,73.6,85.5,0.0,0.0,1.202,0.975,26 351 155 164 164 162 208 192 170 166
lysine,5,serine,31,13,3,0,7.447,7.563,0.011,141.3,20.1,3.9136,0.0,3.025,1.196,36 182
lysine,5,serine,31,13,3,1,7.447,7.563,0.011,141.3,20.1,0.9775,0.0,3.025,2.153,35 115 281 202
lysine,5,serine,31,13,3,2,7.447,7.563,0.011,141.3,20.1,0.2635,0.0,3.025,2.839,80 346 44 169 360 180
lysine,5,serine,31,13,3,3,7.447,7.563,0.011,141.3,20.1,0.0,0.0,3.025,3.026,142 268 176 231 259 88 90 221
lysine,5,serine,31,13,3,4,7.447,7.563,0.011,141.3,20.1,0.0,0.0,3.025,1.83,56 264 235 16 39 280 240 77 121 210
lysine,5,serine,31,13,4,0,7.447,6.23,0.011,158.6,79.9,3.4021,0.0,3.025,1.089,30 180
lysine,5,serine,31,13,4,1,7.447,6.23,0.011,158.6,79.9,0.462,0.0,3.025,2.51,74 162 241 325
lysine,5,serine,31,13,4,2,7.447,6.23,0.011,158.6,79.9,0.0,0.0,3.025,2.955,87 143 228 265 326 23
lysine,5,serine,31,13,4,3,7.447,6.23,0.011,158.6,79.9,0.0,0.0,2.715,2.479,295 261 97 97 339 58 215 338
lysine,5,serine,31,13,4,4,7.447,6.23,0.011,158.6,79.9,0.0,0.0,2.118,0.478,19 268 188 29 57 301 250 30 111 225
lysine,5,serine,31,13,5,0,7.447,6.217,0.011,138.4,80.4,2.5094,0.0,2.711,0.648,4 177
lysine,5,serine,31,13,5,1,7.447,6.217,0.011,138.4,80.4,0.0,0.0,2.477,0.945,3 268 82 247
lysine,5,serine,31,13,5,2,7.447,6.217,0.011,138.4,80.4,0.0,0.0,3.025,1.524,46 24 39 50 25 75
lysine,5,serine,31,13,5,3,7.447,6.217,0.011,138.4,80.4,0.0,0.0,2.561,2.073,269 17 352 41 64 317 272 129
lysine,5,serine,31,13,5,4,7.447,6.217,0.011,138.4,80.4,0.0,0.0,0.722,1.726,350 307 264 311 339 300 265 52 91 209
lysine,5,serine,31,14,3,0,7.447,9.299,0.011,66.8,32.1,5.9942,0.0,3.878,3.612,272 360
lysine,5,serine,31,14,3,1,7.447,9.299,0.011,66.8,32.1,2.2683,0.0,3.878,2.94,270 3 201 216
lysine,5,serine,31,14,3,2,7.447,9.299,0.011,66.8,32.1,0.271,0.0,3.878,4.188,314 307 169 172 43 160
lysine,5,serine,31,14,3,3,7.447,9.299,0.011,66.8,32.1,0.0,0.0,3.878,5.045,226 140 143 221 219 106 112 193
lysine,5,serine,31,14,3,4,7.447,9.299,0.011,66.8,32.1,0.0,0.0,3.878,3.769,270 24 77 319 23 81 36 253 307 140
lysine,5,serine,31,14,4,0,7.447,8.273,0.011,62.0,76.1,5.2274,0.0,3.878,3.595,257 0
lysine,5,serine,31,14,4,1,7.447,8.273,0.011,62.0,76.1,1.4234,0.0,3.878,2.604,257 360 158 111
lysine,5,serine,31,14,4,2,7.447,8.273,0.011,62.0,76.1,0.0,0.0,3.878,1.945,255 72 75 322 308 125
lysine,5,serine,31,14,4,3,7.447,8.273,0.011,62.0,76.1,0.0,0.0,3.878,3.944,274 214 259 357 305 30 85 240
lysine,5,serine,31,14,4,4,7.447,8.273,0.011,62.0,76.1,0.0,0.0,3.878,3.68,280 358 34 347 303 81 125 262 239 160
lysine,5,serine,31,14,5,0,7.447,8.274,0.011,52.0,76.1,5.7728,0.0,3.878,3.622,274 360
lysine,5,serine,31,14,5,1,7.447,8.274,0.011,52.0,76.1,2.0048,0.0,3.878,1.871,275 359 201 292
lysine,5,serine,31,14,5,2,7.447,8.274,0.011,52.0,76.1,0.0,0.0,3.734,1.593,322 346 178 356 100 130
lysine,5,serine,31,14,5,3,7.447,8.274,0.011,52.0,76.1,0.0,0.0,3.878,1.638,329 62 130 262 191 87 133 185
lysine,5,serine,31,14,5,4,7.447,8.274,0.011,52.0,76.1,0.0,0.0,3.564,1.279,22 22 60 312 281 66 97 221 192 154
lysine,5,serine,31,15,3,0,7.447,9.978,0.011,37.2,18.7,8.268,0.0,2.949,3.122,103 0
lysine,5,serine,31,15,3,1,7.447,9.978,0.011,37.2,18.7,4.5963,0.0,2.949,0.629,103 0 196 318
lysine,5,serine,31,15,3,2,7.447,9.978,0.011,37.2,18.7,1.3176,0.0,2.949,1.141,125 360 197 311 165 175
lysine,5,serine,31,15,3,3,7.447,9.978,0.011,37.2,18.7,0.4431,0.0,2.949,3.135,147 360 208 295 179 180 359 180
lysine,5,serine,31,15,3,4,7.447,9.978,0.011,37.2,18.7,0.0,0.0,2.949,3.628,154 18 127 118 91 133 282 234 5 88
lysine,5,serine,31,15,4,0,7.447,8.604,0.011,48.4,82.6,6.3094,0.0,2.949,3.108,111 0
lysine,5,serine,31,15,4,1,7.447,8.604,0.011,48.4,82.6,2.5522,0.0,2.949,0.581,111 0 202 294
lysine,5,serine,31,15,4,2,7.447,8.604,0.011,48.4,82.6,0.0,0.0,2.949,1.656,124 288 220 99 134 191
lysine,5,serine,31,15,4,3,7.447,8.604,0.011,48.4,82.6,0.0,0.0,1.635,1.256,43 307 277 88 127 235 195 154
lysine,5,serine,31,15,4,4,7.447,8.604,0.011,48.4,82.6,0.0,0.0,2.727,1.422,71 233 271 153 106 350 192 137 287 325
lysine,5,serine,31,15,5,0,7.447,8.423,0.011,45.5,89.3,6.3258,0.0,2.768,3.289,89 360
lysine,5,serine,31,15,5,1,7.447,8.423,0.011,45.5,89.3,2.5666,0.0,2.776,1.401,90 0 161 51
lysine,5,serine,31,15,5,2,7.447,8.423,0.011,45.5,89.3,0.0,0.0,1.657,1.24,58 356 228 28 94 193
lysine,5,serine,31,15,5,3,7.447,8.423,0.011,45.5,89.3,0.0,0.0,1.39,1.563,27 334 282 63 101 246 226 172
lysine,5,serine,31,15,5,4,7.447,8.423,0.011,45.5,89.3,0.0,0.0,1.203,2.563,38 347 309 58 84 245 225 117 134 199
lysine,5,tryptophan,5,13,16,0,3.388,2.162,-0.239,57.9,130.9,2.7439,0.0,2.565,3.026,209 344
lysine,5,tryptophan,5,13,16,1,3.388,2.162,-0.239,57.9,130.9,3.1142,0.0,1.697,3.026,191 220 351 357
lysine,5,tryptophan,5,13,16,2,3.388,2.162,-0.239,57.9,130.9,1.8525,0.0,3.025,3.026,140 240 356 330 222 358
lysine,5,tryptophan,5,13,16,3,3.388,2.162,-0.239,57.9,130.9,0.0,0.0,1.547,0.235,331 139 20 285 270 330 183 21
lysine,5,tryptophan,5,13,16,4,3.388,2.162,-0.239,57.9,130.9,0.0,0.0,0.67,0.558,27 30 60 293 278 71 98 280 230 138
lysine,5,tryptophan,5,13,17,0,3.388,4.387,-0.239,68.1,40.3,2.1869,0.0,2.059,2.905,234 12
lysine,5,tryptophan,5,13,17,1,3.388,4.387,-0.239,68.1,40.3,1.4623,0.0,0.663,2.471,251 102 36 13
lysine,5,tryptophan,5,13,17,2,3.388,4.387,-0.239,68.1,40.3,0.041,0.0,1.316,1.579,285 82 37 85 69 16
lysine,5,tryptophan,5,13,17,3,3.388,4.387,-0.239,68.1,40.3,0.0,0.0,1.264,0.646,333 49 41 277 279 71 105 229
lysine,5,tryptophan,5,13,17,4,3.388,4.387,-0.239,68.1,40.3,0.0,0.0,1.207,0.566,333 357 29 306 291 103 90 253 219 121
lysine,5,tryptophan,5,13,18,0,3.388,4.316,-0.239,76.7,43.2,1.7359,0.0,2.644,3.026,204 343
lysine,5,tryptophan,5,13,18,1,3.388,4.316,-0.239,76.7,43.2,1.1535,0.0,2.383,3.026,181 244 342 350
lysine,5,tryptophan,5,13,18,2,3.388,4.316,-0.239,76.7,43.2,0.0,0.0,2.807,3.026,145 275 325 91 89 341
lysine,5,tryptophan,5,13,18,3,3.388,4.316,-0.239,76.7,43.2,0.0,0.0,0.446,2.159,230 135 309 222 5 99 67 24
lysine,5,tryptophan,5,13,18,4,3.388,4.316,-0.239,76.7,43.2,0.0,0.0,2.411,2.522,60 295 345 333 265 20 90 300 268 158
lysine,5,tryptophan,5,14,16,0,3.388,2.548,-0.239,46.9,153.9,2.8799,0.0,3.755,5.269,159 360
lysine,5,tryptophan,5,14,16,1,3.388,2.548,-0.239,46.9,153.9,2.8762,0.0,3.811,5.269,159 199 347 0
lysine,5,tryptophan,5,14,16,2,3.388,2.548,-0.239,46.9,153.9,1.3894,0.0,3.878,5.269,93 225 358 343 204 359
lysine,5,tryptophan,5,14,16,3,3.388,2.548,-0.239,46.9,153.9,0.0,0.0,2.142,5.269,55 233 325 81 78 10 200 30
lysine,5,tryptophan,5,14,16,4,3.388,2.548,-0.239,46.9,153.9,0.0,0.0,2.798,4.825,339 329 306 63 85 293 251 82 133 215
lysine,5,tryptophan,5,14,17,0,3.388,4.832,-0.239,52.0,48.2,3.2254,0.0,3.878,5.269,142 357
lysine,5,tryptophan,5,14,17,1,3.388,4.832,-0.239,52.0,48.2,1.5468,0.0,3.878,5.269,134 288 278 352
lysine,5,tryptophan,5,14,17,2,3.388,4.832,-0.239,52.0,48.2,0.0,0.0,3.878,5.269,76 297 290 349 221 318
lysine,5,tryptophan,5,14,17,3,3.388,4.832,-0.239,52.0,48.2,0.0,0.0,3.674,5.269,41 321 306 68 98 290 234 133
lysine,5,tryptophan,5,14,17,4,3.388,4.832,-0.239,52.0,48.2,0.0,0.0,3.456,5.269,18 338 334 73 102 273 211 102 163 215
lysine,5,tryptophan,5,14,18,0,3.388,4.294,-0.239,77.5,67.9,1.5814,0.0,3.754,5.269,159 360
lysine,5,tryptophan,5,14,18,1,3.388,4.294,-0.239,77.5,67.9,0.5733,0.0,3.738,5.269,159 181 360 360
lysine,5,tryptophan,5,14,18,2,3.388,4.294,-0.239,77.5,67.9,0.0,0.0,3.878,5.269,95 274 350 44 117 328
lysine,5,tryptophan,5,14,18,3,3.388,4.294,-0.239,77.5,67.9,0.0,0.0,3.688,5.269,48 324 313 71 97 302 245 130
lysine,5,tryptophan,5,14,18,4,3.388,4.294,-0.239,77.5,67.9,0.0,0.0,2.501,3.653,298 78 27 24 89 341 273 51 90 206
lysine,5,tryptophan,5,15,16,0,3.388,1.148,-0.239,87.5,122.3,3.0836,0.0,2.642,4.362,160 9
lysine,5,tryptophan,5,15,16,1,3.388,1.148,-0.239,87.5,122.3,3.9097,0.0,2.949,5.195,205 91 7 4
lysine,5,tryptophan,5,15,16,2,3.388,1.148,-0.239,87.5,122.3,2.9031,0.0,2.949,5.195,247 89 4 40 125 2
lysine,5,tryptophan,5,15,16,3,3.388,1.148,-0.239,87.5,122.3,0.0,0.0,2.949,5.195,266 115 2 108 54 1 168 30
lysine,5,tryptophan,5,15,16,4,3.388,1.148,-0.239,87.5,122.3,0.0,0.0,0.822,2.189,337 326 286 85 82 289 275 57 118 238
lysine,5,tryptophan,5,15,17,0,3.388,2.649,-0.239,153.0,61.9,2.4829,0.0,2.397,4.524,130 194
lysine,5,tryptophan,5,15,17,1,3.388,2.649,-0.239,153.0,61.9,2.7255,0.0,0.66,3.292,98 305 19 7
lysine,5,tryptophan,5,15,17,2,3.388,2.649,-0.239,153.0,61.9,1.3159,0.0,1.549,5.195,21 333 1 30 140 1
lysine,5,tryptophan,5,15,17,3,3.388,2.649,-0.239,153.0,61.9,0.0,0.0,2.949,5.195,272 119 282 135 38 307 232 43
lysine,5,tryptophan,5,15,17,4,3.388,2.649,-0.239,153.0,61.9,0.0,0.0,2.06,3.439,25 278 302 154 116 311 224 360 161 275
lysine,5,tryptophan,5,15,18,0,3.388,3.33,-0.239,116.3,39.2,1.7052,0.0,2.949,5.003,164 103
lysine,5,tryptophan,5,15,18,1,3.388,3.33,-0.239,116.3,39.2,1.8745,0.0,2.949,5.195,218 69 2 2
lysine,5,tryptophan,5,15,18,2,3.388,3.33,-0.239,116.3,39.2,0.7325,0.0,2.949,5.195,262 63 2 55 110 1
lysine,5,tryptophan,5,15,18,3,3.388,3.33,-0.239,116.3,39.2,0.0,0.0,2.949,5.195,306 124 330 43 101 311 278 300
lysine,5,tryptophan,5,15,18,4,3.388,3.33,-0.239,116.3,39.2,0.0,0.0,1.856,5.195,28 309 35 91 67 146 49 199 303 169
lysine,5,tyrosine,1,13,11,0,15.66,15.919,-0.013,119.1,48.8,12.1867,0.0,2.489,1.199,320 118
lysine,5,tyrosine,1,13,11,1,15.66,15.919,-0.013,119.1,48.8,8.6697,0.0,2.978,0.632,22 249 178 179
lysine,5,tyrosine,1,13,11,2,15.66,15.919,-0.013,119.1,48.8,4.9997,0.0,2.563,0.578,308 114 173 176 173 174
lysine,5,tyrosine,1,13,11,3,15.66,15.919,-0.013,119.1,48.8,1.3407,0.0,1.713,0.499,303 112 180 180 179 179 180 180
lysine,5,tyrosine,1,13,11,4,15.66,15.919,-0.013,119.1,48.8,0.0,0.0,2.014,0.209,345 295 67 180 140 121 184 126 329 201
lysine,5,tyrosine,1,13,12,0,15.66,15.748,-0.013,111.6,56.4,12.006,0.0,2.608,1.382,13 264
lysine,5,tyrosine,1,13,12,1,15.66,15.748,-0.013,111.6,56.4,8.4909,0.0,2.552,0.829,310 99 179 179
lysine,5,tyrosine,1,13,12,2,15.66,15.748,-0.013,111.6,56.4,4.8079,0.0,2.743,0.486,23 262 176 178 176 176
lysine,5,tyrosine,1,13,12,3,15.66,15.748,-0.013,111.6,56.4,1.1713,0.0,2.835,0.637,28 261 181 181 193 191 181 181
lysine,5,tyrosine,1,13,12,4,15.66,15.748,-0.013,111.6,56.4,0.0,0.0,2.84,1.285,36 349 124 286 79 140 208 205 240 225
lysine,5,tyrosine,1,13,13,0,15.66,13.735,-0.013,117.2,141.0,10.0099,0.0,2.828,1.245,12 248
lysine,5,tyrosine,1,13,13,1,15.66,13.735,-0.013,117.2,141.0,6.4931,0.0,2.557,0.67,309 108 181 181
lysine,5,tyrosine,1,13,13,2,15.66,13.735,-0.013,117.2,141.0,2.8443,0.0,2.949,0.608,23 251 185 183 185 185
lysine,5,tyrosine,1,13,13,3,15.66,13.735,-0.013,117.2,141.0,0.0,0.0,2.169,0.639,30 287 178 203 242 202 236 207
lysine,5,tyrosine,1,13,13,4,15.66,13.735,-0.013,117.2,141.0,0.0,0.0,2.574,0.57,18 9 52 321 317 129 168 310 299 161
lysine,5,tyrosine,1,14,11,0,15.66,17.912,-0.013,37.1,44.2,15.9144,0.0,3.878,3.991,297 360
lysine,5,tyrosine,1,14,11,1,15.66,17.912,-0.013,37.1,44.2,12.1689,0.0,3.878,2.409,297 0 159 67
lysine,5,tyrosine,1,14,11,2,15.66,17.912,-0.013,37.1,44.2,8.6562,0.0,3.878,1.97,297 360 216 281 179 179
lysine,5,tyrosine,1,14,11,3,15.66,17.912,-0.013,37.1,44.2,4.969,0.0,3.878,1.882,297 0 148 77 181 181 181 181
lysine,5,tyrosine,1,14,11,4,15.66,17.912,-0.013,37.1,44.2,1.3524,0.0,3.165,1.845,299 359 144 80 174 177 157 161 175 176
lysine,5,tyrosine,1,14,12,0,15.66,17.507,-0.013,40.4,62.2,15.3206,0.0,3.785,4.268,309 0
lysine,5,tyrosine,1,14,12,1,15.66,17.507,-0.013,40.4,62.2,11.5742,0.0,3.786,2.636,308 0 203 283
lysine,5,tyrosine,1,14,12,2,15.66,17.507,-0.013,40.4,62.2,8.0673,0.0,3.789,2.389,308 0 143 85 182 181
lysine,5,tyrosine,1,14,12,3,15.66,17.507,-0.013,40.4,62.2,4.3686,0.0,3.788,2.224,308 0 213 276 183 181 183 182
lysine,5,tyrosine,1,14,12,4,15.66,17.507,-0.013,40.4,62.2,0.7437,0.0,3.39,2.386,309 360 217 275 178 179 163 166 178 179
lysine,5,tyrosine,1,14,13,0,15.66,15.639,-0.013,39.9,140.6,13.5213,0.0,3.878,4.052,300 360
lysine,5,tyrosine,1,14,13,1,15.66,15.639,-0.013,39.9,140.6,9.7941,0.0,3.878,2.508,300 360 158 71
lysine,5,tyrosine,1,14,13,2,15.66,15.639,-0.013,39.9,140.6,6.2867,0.0,3.878,2.113,300 360 216 279 178 179
lysine,5,tyrosine,1,14,13,3,15.66,15.639,-0.013,39.9,140.6,2.642,0.0,3.878,2.005,301 360 146 80 178 179 177 178
lysine,5,tyrosine,1,14,13,4,15.66,15.639,-0.013,39.9,140.6,0.0,0.0,2.677,1.587,308 22 134 356 309 195 219 227 217 182
lysine,5,tyrosine,1,15,11,0,15.66,17.355,-0.013,63.0,45.3,14.0796,0.0,1.832,3.508,61 360
lysine,5,tyrosine,1,15,11,1,15.66,17.355,-0.013,63.0,45.3,10.3449,0.0,1.822,1.225,61 0 196 209
lysine,5,tyrosine,1,15,11,2,15.66,17.355,-0.013,63.0,45.3,6.8137,0.0,1.832,1.045,61 360 144 131 180 180
lysine,5,tyrosine,1,15,11,3,15.66,17.355,-0.013,63.0,45.3,3.1112,0.0,1.819,0.925,61 1 211 225 185 182 184 184
lysine,5,tyrosine,1,15,11,4,15.66,17.355,-0.013,63.0,45.3,0.236,0.0,2.161,1.37,72 359 203 214 173 177 175 175 256 208
lysine,5,tyrosine,1,15,12,0,15.66,17.094,-0.013,59.5,57.2,13.9569,0.0,1.573,3.669,53 0
lysine,5,tyrosine,1,15,12,1,15.66,17.094,-0.013,59.5,57.2,10.2101,0.0,1.575,1.316,53 360 160 136
lysine,5,tyrosine,1,15,12,2,15.66,17.094,-0.013,59.5,57.2,6.6951,0.0,1.566,0.756,52 0 218 236 182 181
lysine,5,tyrosine,1,15,12,3,15.66,17.094,-0.013,59.5,57.2,2.9748,0.0,1.37,0.907,53 0 148 126 181 180 181 181
lysine,5,tyrosine,1,15,12,4,15.66,17.094,-0.013,59.5,57.2,0.1313,0.0,1.395,0.548,47 358 213 247 159 170 164 164 101 152
lysine,5,tyrosine,1,15,13,0,15.66,15.23,-0.013,58.9,133.2,12.1441,0.0,1.777,3.536,60 360
lysine,5,tyrosine,1,15,13,1,15.66,15.23,-0.013,58.9,133.2,8.411,0.0,1.778,1.1,60 360 201 231
lysine,5,tyrosine,1,15,13,2,15.66,15.23,-0.013,58.9,133.2,4.906,0.0,1.789,1.008,60 359 142 121 175 177
lysine,5,tyrosine,1,15,13,3,15.66,15.23,-0.013,58.9,133.2,1.1901,0.0,1.779,0.746,60 359 214 239 174 177 173 174
lysine,5,tyrosine,1,15,13,4,15.66,15.23,-0.013,58.9,133.2,0.0,0.0,1.432,0.746,37 323 282 42 61 211 183 162 175 187
lysine,5,phenylalanine,4,13,12,0,9.455,8.307,-0.683,108.8,97.6,4.618,0.0,2.47,1.705,332 87
lysine,5,phenylalanine,4,13,12,1,9.455,8.307,-0.683,108.8,97.6,1.0192,0.0,2.918,0.611,37 266 178 179
lysine,5,phenylalanine,4,13,12,2,9.455,8.307,-0.683,108.8,97.6,0.0,0.0,3.025,2.247,42 37 76 231 221 143
lysine,5,phenylalanine,4,13,12,3,9.455,8.307,-0.683,108.8,97.6,0.0,0.0,3.025,1.937,37 105 52 181 321 313 148 357
lysine,5,phenylalanine,4,13,12,4,9.455,8.307,-0.683,108.8,97.6,0.0,0.0,2.959,0.737,20 242 23 277 134 204 322 308 199 89
lysine,5,phenylalanine,4,13,13,0,9.455,8.003,-0.683,118.4,109.8,4.2895,0.0,3.025,1.253,39 245
lysine,5,phenylalanine,4,13,13,1,9.455,8.003,-0.683,118.4,109.8,0.7536,0.0,2.257,0.698,332 110 181 181
lysine,5,phenylalanine,4,13,13,2,9.455,8.003,-0.683,118.4,109.8,0.0,0.0,2.08,0.868,317 167 162 321 95 40
lysine,5,phenylalanine,4,13,13,3,9.455,8.003,-0.683,118.4,109.8,0.0,0.0,2.605,2.186,37 95 237 99 212 316 248 345
lysine,5,phenylalanine,4,13,13,4,9.455,8.003,-0.683,118.4,109.8,0.0,0.0,2.321,1.841,25 337 266 345 38 262 248 69 108 231
lysine,5,phenylalanine,4,13,14,0,9.455,10.142,-0.683,117.2,10.5,6.4514,0.0,3.025,1.3,30 250
lysine,5,phenylalanine,4,13,14,1,9.455,10.142,-0.683,117.2,10.5,2.8943,0.0,2.097,0.579,327 109 179 179
lysine,5,phenylalanine,4,13,14,2,9.455,10.142,-0.683,117.2,10.5,0.8441,0.0,3.025,2.102,63 271 186 184 294 209
lysine,5,phenylalanine,4,13,14,3,9.455,10.142,-0.683,117.2,10.5,0.1462,0.0,3.025,2.652,73 288 187 184 273 213 2 177
lysine,5,phenylalanine,4,13,14,4,9.455,10.142,-0.683,117.2,10.5,0.0,0.0,1.524,1.659,351 352 248 335 40 228 247 135 74 201
lysine,5,phenylalanine,4,14,12,0,9.455,9.935,-0.683,45.0,103.0,7.7325,0.0,3.814,4.212,306 0
lysine,5,phenylalanine,4,14,12,1,9.455,9.935,-0.683,45.0,103.0,4.0282,0.0,3.806,2.438,307 359 202 298
lysine,5,phenylalanine,4,14,12,2,9.455,9.935,-0.683,45.0,103.0,0.4834,0.0,3.865,1.934,302 2 218 276 196 190
lysine,5,phenylalanine,4,14,12,3,9.455,9.935,-0.683,45.0,103.0,0.0,0.0,2.957,0.829,331 96 60 290 238 115 252 262
lysine,5,phenylalanine,4,14,12,4,9.455,9.935,-0.683,45.0,103.0,0.0,0.0,3.406,3.097,1 14 50 322 287 92 128 221 194 162
lysine,5,phenylalanine,4,14,13,0,9.455,9.587,-0.683,56.5,117.7,6.7529,0.0,3.878,3.949,295 360
lysine,5,phenylalanine,4,14,13,1,9.455,9.587,-0.683,56.5,117.7,3.1328,0.0,3.878,2.973,298 359 151 104
lysine,5,phenylalanine,4,14,13,2,9.455,9.587,-0.683,56.5,117.7,0.0,0.0,2.468,1.928,301 354 154 23 289 181
lysine,5,phenylalanine,4,14,13,3,9.455,9.587,-0.683,56.5,117.7,0.0,0.0,2.411,2.726,295 53 60 321 290 104 146 233
lysine,5,phenylalanine,4,14,13,4,9.455,9.587,-0.683,56.5,117.7,0.0,0.0,2.645,3.368,310 23 57 306 282 119 138 264 243 156
lysine,5,phenylalanine,4,14,14,0,9.455,11.816,-0.683,51.3,19.6,9.1606,0.0,3.878,4.027,299 0
lysine,5,phenylalanine,4,14,14,1,9.455,11.816,-0.683,51.3,19.6,5.4666,0.0,3.878,2.857,298 1 206 262
lysine,5,phenylalanine,4,14,14,2,9.455,11.816,-0.683,51.3,19.6,1.8712,0.0,2.867,2.748,299 0 140 97 181 181
lysine,5,phenylalanine,4,14,14,3,9.455,11.816,-0.683,51.3,19.6,0.248,0.0,3.835,4.226,300 14 217 214 216 203 33 160
lysine,5,phenylalanine,4,14,14,4,9.455,11.816,-0.683,51.3,19.6,0.0,0.0,3.878,4.817,350 302 223 202 276 208 117 96 347 319
lysine,5,phenylalanine,4,15,12,0,9.455,9.856,-0.683,48.6,109.6,7.4451,0.0,1.602,3.646,54 360
lysine,5,phenylalanine,4,15,12,1,9.455,9.856,-0.683,48.6,109.6,3.7348,0.0,1.607,1.215,54 0 155 76
lysine,5,phenylalanine,4,15,12,2,9.455,9.856,-0.683,48.6,109.6,0.2089,0.0,1.434,0.61,46 3 223 268 198 192
lysine,5,phenylalanine,4,15,12,3,9.455,9.856,-0.683,48.6,109.6,0.0,0.0,1.259,0.598,357 323 275 69 110 226 197 175
lysine,5,phenylalanine,4,15,12,4,9.455,9.856,-0.683,48.6,109.6,0.0,0.0,1.33,2.123,22 345 308 42 71 251 225 126 147 198
lysine,5,phenylalanine,4,15,13,0,9.455,10.0,-0.683,37.5,103.7,8.2616,0.0,2.007,3.443,67 0
lysine,5,phenylalanine,4,15,13,1,9.455,10.0,-0.683,37.5,103.7,4.6461,0.0,2.075,0.992,69 359 197 324
lysine,5,phenylalanine,4,15,13,2,9.455,10.0,-0.683,37.5,103.7,0.9749,0.0,1.51,0.618,68 359 212 300 175 177
lysine,5,phenylalanine,4,15,13,3,9.455,10.0,-0.683,37.5,103.7,0.0,0.0,1.435,1.402,65 311 272 53 91 237 211 163
lysine,5,phenylalanine,4,15,13,4,9.455,10.0,-0.683,37.5,103.7,0.0,0.0,1.816,1.828,73 316 285 65 92 232 210 109 126 197
lysine,5,phenylalanine,4,15,14,0,9.455,11.962,-0.683,44.6,11.6,9.6804,0.0,1.835,3.507,61 360
lysine,5,phenylalanine,4,15,14,1,9.455,11.962,-0.683,44.6,11.6,5.9859,0.0,1.822,1.007,61 360 156 76
lysine,5,phenylalanine,4,15,14,2,9.455,11.962,-0.683,44.6,11.6,2.414,0.0,1.45,0.915,61 360 217 277 176 178
lysine,5,phenylalanine,4,15,14,3,9.455,11.962,-0.683,44.6,11.6,0.6027,0.0,0.729,0.64,42 1 140 108 184 182 301 207
lysine,5,phenylalanine,4,15,14,4,9.455,11.962,-0.683,44.6,11.6,0.0,0.0,0.876,0.664,47 356 136 143 175 183 284 209 339 191
aspartic,21,arginine,3,3,16,0,6.688,7.13,0.02,47.7,109.8,5.0605,0.0,2.661,5.654,262 0
aspartic,21,arginine,3,3,16,1,6.688,7.13,0.02,47.7,109.8,1.3364,0.0,2.661,5.18,261 360 198 320
aspartic,21,arginine,3,3,16,2,6.688,7.13,0.02,47.7,109.8,0.0,0.0,2.661,5.338,259 290 259 264 294 113
aspartic,21,arginine,3,3,16,3,6.688,7.13,0.02,47.7,109.8,0.0,0.0,2.109,4.133,294 46 40 307 288 80 140 247
aspartic,21,arginine,3,3,16,4,6.688,7.13,0.02,47.7,109.8,0.0,0.0,2.056,1.048,13 206 283 284 294 78 82 234 187 131
aspartic,21,arginine,3,3,17,0,6.688,8.343,0.02,47.0,63.5,6.1656,0.0,2.661,5.658,241 360
aspartic,21,arginine,3,3,17,1,6.688,8.343,0.02,47.0,63.5,2.3659,0.0,2.661,5.658,241 360 161 55
aspartic,21,arginine,3,3,17,2,6.688,8.343,0.02,47.0,63.5,0.0,0.0,2.661,5.658,225 74 134 258 255 189
aspartic,21,arginine,3,3,17,3,6.688,8.343,0.02,47.0,63.5,0.0,0.0,1.963,3.974,302 29 73 296 261 115 135 194
aspartic,21,arginine,3,3,17,4,6.688,8.343,0.02,47.0,63.5,0.0,0.0,1.798,3.683,314 10 52 303 269 114 136 233 220 168
aspartic,21,arginine,3,3,18,0,6.688,9.084,0.02,37.2,29.1,7.4569,0.0,2.661,5.658,258 0
aspartic,21,arginine,3,3,18,1,6.688,9.084,0.02,37.2,29.1,3.7282,0.0,2.661,5.148,260 360 192 333
aspartic,21,arginine,3,3,18,2,6.688,9.084,0.02,37.2,29.1,0.7374,0.0,2.661,2.715,288 0 182 348 134 173
aspartic,21,arginine,3,3,18,3,6.688,9.084,0.02,37.2,29.1,0.0,0.0,1.797,1.473,308 24 173 261 197 130 81 132
aspartic,21,arginine,3,3,18,4,6.688,9.084,0.02,37.2,29.1,0.0,0.0,0.977,1.508,8 1 116 293 243 137 119 186 259 228
aspartic,21,arginine,3,4,16,0,6.688,7.007,0.02,52.9,90.5,4.5935,0.0,2.875,4.916,95 360
aspartic,21,arginine,3,4,16,1,6.688,7.007,0.02,52.9,90.5,0.8131,0.0,2.116,4.03,97 359 162 53
aspartic,21,arginine,3,4,16,2,6.688,7.007,0.02,52.9,90.5,0.0,0.0,2.875,4.983,142 7 156 19 77 71
aspartic,21,arginine,3,4,16,3,6.688,7.007,0.02,52.9,90.5,0.0,0.0,2.005,0.622,44 289 222 40 216 336 194 126
aspartic,21,arginine,3,4,16,4,6.688,7.007,0.02,52.9,90.5,0.0,0.0,1.647,1.608,338 146 67 68 81 304 263 113 173 231
aspartic,21,arginine,3,4,17,0,6.688,7.807,0.02,68.5,60.8,4.4891,0.0,2.875,5.286,105 360
aspartic,21,arginine,3,4,17,1,6.688,7.807,0.02,68.5,60.8,0.6844,0.0,2.388,4.697,106 360 163 138
aspartic,21,arginine,3,4,17,2,6.688,7.807,0.02,68.5,60.8,0.0,0.0,2.875,5.836,129 223 313 60 39 193
aspartic,21,arginine,3,4,17,3,6.688,7.807,0.02,68.5,60.8,0.0,0.0,1.735,4.882,158 194 234 136 125 271 250 147
aspartic,21,arginine,3,4,17,4,6.688,7.807,0.02,68.5,60.8,0.0,0.0,1.907,3.642,69 346 354 37 45 297 265 20 90 234
aspartic,21,arginine,3,4,18,0,6.688,8.401,0.02,66.6,34.1,5.1387,0.0,2.83,4.674,87 0
aspartic,21,arginine,3,4,18,1,6.688,8.401,0.02,66.6,34.1,1.3369,0.0,1.335,3.035,87 360 196 225
aspartic,21,arginine,3,4,18,2,6.688,8.401,0.02,66.6,34.1,0.0801,0.0,1.499,1.412,48 346 244 203 358 183
aspartic,21,arginine,3,4,18,3,6.688,8.401,0.02,66.6,34.1,0.0,0.0,0.533,1.221,110 215 234 156 112 279 265 124
aspartic,21,arginine,3,4,18,4,6.688,8.401,0.02,66.6,34.1,0.0,0.0,2.595,1.599,84 55 200 196 198 160 29 128 56 33
aspartic,21,arginine,3,5,16,0,6.688,4.843,0.02,148.9,100.0,1.7156,0.0,2.54,3.567,353 178
aspartic,21,arginine,3,5,16,1,6.688,4.843,0.02,148.9,100.0,0.1059,0.0,2.427,1.754,345 60 309 5
aspartic,21,arginine,3,5,16,2,6.688,4.843,0.02,148.9,100.0,0.0,0.0,2.946,4.939,95 65 322 347 234 292
aspartic,21,arginine,3,5,16,3,6.688,4.843,0.02,148.9,100.0,0.0,0.0,2.946,4.939,157 354 12 294 280 44 84 249
aspartic,21,arginine,3,5,16,4,6.688,4.843,0.02,148.9,100.0,0.0,0.0,1.935,0.541,259 82 168 274 294 94 101 318 245 148
aspartic,21,arginine,3,5,17,0,6.688,5.919,0.02,161.5,60.2,3.2713,0.0,2.649,4.077,305 180
aspartic,21,arginine,3,5,17,1,6.688,5.919,0.02,161.5,60.2,0.6393,0.0,1.889,4.856,271 224 99 23
aspartic,21,arginine,3,5,17,2,6.688,5.919,0.02,161.5,60.2,0.0,0.0,2.644,4.939,208 204 117 269 297 24
aspartic,21,arginine,3,5,17,3,6.688,5.919,0.02,161.5,60.2,0.0,0.0,2.946,4.256,40 160 181 255 353 69 93 292
aspartic,21,arginine,3,5,17,4,6.688,5.919,0.02,161.5,60.2,0.0,0.0,2.483,2.643,342 138 152 284 319 102 89 292 258 121
aspartic,21,arginine,3,5,18,0,6.688,6.652,0.02,142.4,26.4,3.0173,0.0,2.483,3.692,327 180
aspartic,21,arginine,3,5,18,1,6.688,6.652,0.02,142.4,26.4,0.8178,0.0,2.215,1.597,312 75 311 257
aspartic,21,arginine,3,5,18,2,6.688,6.652,0.02,142.4,26.4,0.1323,0.0,1.727,0.677,1 358 47 152 359 270
aspartic,21,arginine,3,5,18,3,6.688,6.652,0.02,142.4,26.4,0.0003,0.0,2.946,2.229,57 128 282 152 47 152 349 276
aspartic,21,arginine,3,5,18,4,6.688,6.652,0.02,142.4,26.4,0.0,0.0,2.506,0.526,24 32 87 40 355 91 120 314 270 133
aspartic,21,lysine,5,3,13,0,9.323,8.698,-0.06,57.2,158.4,5.8721,0.0,0.919,3.562,349 0
aspartic,21,lysine,5,3,13,1,9.323,8.698,-0.06,57.2,158.4,2.3494,0.0,0.891,1.287,351 0 148 96
aspartic,21,lysine,5,3,13,2,9.323,8.698,-0.06,57.2,158.4,0.0,0.0,1.218,2.341,21 355 156 115 13 171
aspartic,21,lysine,5,3,13,3,9.323,8.698,-0.06,57.2,158.4,0.0,0.0,2.404,2.503,46 15 80 305 314 55 35 217
aspartic,21,lysine,5,3,13,4,9.323,8.698,-0.06,57.2,158.4,0.0,0.0,1.043,2.892,10 3 43 342 306 86 123 254 225 158
aspartic,21,lysine,5,3,14,0,9.323,11.1,-0.06,60.6,47.8,8.0075,0.0,0.908,3.567,350 0
aspartic,21,lysine,5,3,14,1,9.323,11.1,-0.06,60.6,47.8,4.3547,0.0,0.891,1.879,352 358 154 127
aspartic,21,lysine,5,3,14,2,9.323,11.1,-0.06,60.6,47.8,0.7875,0.0,0.88,1.777,355 355 138 125 157 165
aspartic,21,lysine,5,3,14,3,9.323,11.1,-0.06,60.6,47.8,0.0,0.0,0.905,2.218,8 351 96 55 258 55 62 190
aspartic,21,lysine,5,3,14,4,9.323,11.1,-0.06,60.6,47.8,0.0,0.0,0.965,3.452,355 20 61 331 296 112 139 235 219 165
aspartic,21,lysine,5,3,15,0,9.323,10.417,-0.06,51.1,75.2,7.8312,0.0,0.857,3.682,360 360
aspartic,21,lysine,5,3,15,1,9.323,10.417,-0.06,51.1,75.2,4.097,0.0,0.858,1.564,0 360 205 274
aspartic,21,lysine,5,3,15,2,9.323,10.417,-0.06,51.1,75.2,0.5641,0.0,0.851,1.98,356 1 222 264 189 186
aspartic,21,lysine,5,3,15,3,9.323,10.417,-0.06,51.1,75.2,0.0,0.0,0.88,3.071,2 1 211 62 320 114 152 46
aspartic,21,lysine,5,3,15,4,9.323,10.417,-0.06,51.1,75.2,0.0,0.0,2.365,0.611,285 56 135 317 205 80 205 276 287 167
aspartic,21,lysine,5,4,13,0,9.323,8.771,-0.06,54.2,142.0,6.1065,0.0,1.357,4.267,9 0
aspartic,21,lysine,5,4,13,1,9.323,8.771,-0.06,54.2,142.0,2.4771,0.0,1.365,2.524,8 1 153 81
aspartic,21,lysine,5,4,13,2,9.323,8.771,-0.06,54.2,142.0,0.0,0.0,1.677,1.801,9 306 269 2 74 189
aspartic,21,lysine,5,4,13,3,9.323,8.771,-0.06,54.2,142.0,0.0,0.0,2.374,1.835,33 108 58 197 297 39 281 113
aspartic,21,lysine,5,4,13,4,9.323,8.771,-0.06,54.2,142.0,0.0,0.0,1.979,0.833,65 297 269 69 91 241 218 98 122 203
aspartic,21,lysine,5,4,14,0,9.323,11.216,-0.06,55.9,36.2,8.3467,0.0,1.388,4.309,7 0
aspartic,21,lysine,5,4,14,1,9.323,11.216,-0.06,55.9,36.2,4.6336,0.0,1.397,2.955,7 0 154 106
aspartic,21,lysine,5,4,14,2,9.323,11.216,-0.06,55.9,36.2,1.073,0.0,1.437,2.901,5 0 142 104 183 182
aspartic,21,lysine,5,4,14,3,9.323,11.216,-0.06,55.9,36.2,0.0002,0.0,2.109,3.617,339 2 141 96 192 199 332 179
aspartic,21,lysine,5,4,14,4,9.323,11.216,-0.06,55.9,36.2,0.0,0.0,1.294,1.29,13 1 196 332 118 20 26 196 351 303
aspartic,21,lysine,5,4,15,0,9.323,10.014,-0.06,67.4,85.9,6.6685,0.0,1.344,4.249,10 0
aspartic,21,lysine,5,4,15,1,9.323,10.014,-0.06,67.4,85.9,3.059,0.0,1.305,3.484,15 355 155 145
aspartic,21,lysine,5,4,15,2,9.323,10.014,-0.06,67.4,85.9,0.0,0.0,2.022,4.056,343 70 174 242 195 175
aspartic,21,lysine,5,4,15,3,9.323,10.014,-0.06,67.4,85.9,0.0,0.0,2.694,2.948,302 34 197 331 278 317 67 288
aspartic,21,lysine,5,4,15,4,9.323,10.014,-0.06,67.4,85.9,0.0,0.0,1.467,3.418,13 344 304 20 54 260 227 112 131 198
aspartic,21,lysine,5,5,13,0,9.323,8.341,-0.06,70.9,145.5,4.954,0.0,1.802,2.704,3 359
aspartic,21,lysine,5,5,13,1,9.323,8.341,-0.06,70.9,145.5,1.2453,0.0,1.749,1.049,1 0 201 213
aspartic,21,lysine,5,5,13,2,9.323,8.341,-0.06,70.9,145.5,0.0,0.0,1.6,0.211,319 353 270 26 76 218
aspartic,21,lysine,5,5,13,3,9.323,8.341,-0.06,70.9,145.5,0.0,0.0,1.624,0.506,328 35 256 148 296 121 29 63
aspartic,21,lysine,5,5,13,4,9.323,8.341,-0.06,70.9,145.5,0.0,0.0,1.393,1.298,341 359 322 50 67 262 221 60 150 238
aspartic,21,lysine,5,5,14,0,9.323,10.801,-0.06,72.1,37.9,7.307,0.0,1.826,2.722,4 359
aspartic,21,lysine,5,5,14,1,9.323,10.801,-0.06,72.1,37.9,3.5847,0.0,1.794,0.93,1 3 190 191
aspartic,21,lysine,5,5,14,2,9.323,10.801,-0.06,72.1,37.9,0.5676,0.0,2.279,0.86,19 1 182 182 255 206
aspartic,21,lysine,5,5,14,3,9.323,10.801,-0.06,72.1,37.9,0.0,0.0,1.969,1.416,359 18 232 148 253 147 31 112
aspartic,21,lysine,5,5,14,4,9.323,10.801,-0.06,72.1,37.9,0.0,0.0,1.43,1.179,345 358 304 26 73 241 222 113 113 186
aspartic,21,lysine,5,5,15,0,9.323,9.987,-0.06,68.4,72.6,6.6339,0.0,1.512,2.563,349 1
aspartic,21,lysine,5,5,15,1,9.323,9.987,-0.06,68.4,72.6,2.8388,0.0,1.528,1.15,351 360 164 152
aspartic,21,lysine,5,5,15,2,9.323,9.987,-0.06,68.4,72.6,0.0,0.0,1.579,1.874,328 341 198 102 187 168
aspartic,21,lysine,5,5,15,3,9.323,9.987,-0.06,68.4,72.6,0.0,0.0,1.401,1.727,327 12 150 196 56 254 18 297
aspartic,21,lysine,5,5,15,4,9.323,9.987,-0.06,68.4,72.6,0.0,0.0,1.649,0.938,350 12 56 341 303 102 133 250 233 163
aspartic,21,glutamic,22,3,4,0,10.863,11.05,0.27,58.6,111.8,8.052,0.0,2.661,4.838,285 360
aspartic,21,glutamic,22,3,4,1,10.863,11.05,0.27,58.6,111.8,4.3695,0.0,2.661,4.199,283 1 207 243
aspartic,21,glutamic,22,3,4,2,10.863,11.05,0.27,58.6,111.8,0.7652,0.0,2.661,3.99,284 0 141 110 182 181
aspartic,21,glutamic,22,3,4,3,10.863,11.05,0.27,58.6,111.8,0.0,0.0,1.033,2.549,342 33 95 290 252 160 183 174
aspartic,21,glutamic,22,3,4,4,10.863,11.05,0.27,58.6,111.8,0.0,0.0,1.587,3.518,317 18 55 308 286 128 146 236 220 163
aspartic,21,glutamic,22,3,5,0,10.863,11.508,0.27,55.5,93.6,8.6462,0.0,2.661,5.361,270 0
aspartic,21,glutamic,22,3,5,1,10.863,11.508,0.27,55.5,93.6,4.9253,0.0,2.661,5.171,271 360 154 108
aspartic,21,glutamic,22,3,5,2,10.863,11.508,0.27,55.5,93.6,1.361,0.0,2.661,4.284,270 0 221 254 181 181
aspartic,21,glutamic,22,3,5,3,10.863,11.508,0.27,55.5,93.6,0.0,0.0,2.023,4.013,301 27 89 318 279 142 159 182
aspartic,21,glutamic,22,3,5,4,10.863,11.508,0.27,55.5,93.6,0.0,0.0,1.589,3.514,317 17 58 305 281 130 148 221 208 167
aspartic,21,glutamic,22,3,6,0,10.863,13.214,0.27,54.1,8.8,10.3735,0.0,2.661,5.002,280 360
aspartic,21,glutamic,22,3,6,1,10.863,13.214,0.27,54.1,8.8,6.685,0.0,2.661,4.44,280 0 206 250
aspartic,21,glutamic,22,3,6,2,10.863,13.214,0.27,54.1,8.8,3.1325,0.0,2.661,4.102,280 1 141 106 185 183
aspartic,21,glutamic,22,3,6,3,10.863,13.214,0.27,54.1,8.8,0.7463,0.0,2.661,3.578,287 3 217 220 191 188 77 149
aspartic,21,glutamic,22,3,6,4,10.863,13.214,0.27,54.1,8.8,0.0031,0.0,2.427,3.32,296 9 197 186 207 197 92 138 10 188
aspartic,21,glutamic,22,4,4,0,10.863,11.43,0.27,41.6,100.9,9.35,0.0,2.582,4.466,79 360
aspartic,21,glutamic,22,4,4,1,10.863,11.43,0.27,41.6,100.9,5.6827,0.0,2.543,2.697,77 1 158 59
aspartic,21,glutamic,22,4,4,2,10.863,11.43,0.27,41.6,100.9,2.0648,0.0,2.572,2.592,79 0 216 283 182 181
aspartic,21,glutamic,22,4,4,3,10.863,11.43,0.27,41.6,100.9,0.0,0.0,2.421,3.63,87 301 262 46 92 212 192 172
aspartic,21,glutamic,22,4,4,4,10.863,11.43,0.27,41.6,100.9,0.0,0.0,1.356,0.797,18 284 331 51 106 256 184 150 235 233
aspartic,21,glutamic,22,4,5,0,10.863,11.626,0.27,50.4,93.3,9.0275,0.0,2.875,4.811,91 0
aspartic,21,glutamic,22,4,5,1,10.863,11.626,0.27,50.4,93.3,5.3032,0.0,2.875,3.59,91 0 206 269
aspartic,21,glutamic,22,4,5,2,10.863,11.626,0.27,50.4,93.3,1.7385,0.0,2.875,2.551,91 0 141 95 180 180
aspartic,21,glutamic,22,4,5,3,10.863,11.626,0.27,50.4,93.3,0.0,0.0,1.866,3.254,66 336 259 41 84 217 202 184
aspartic,21,glutamic,22,4,5,4,10.863,11.626,0.27,50.4,93.3,0.0,0.0,1.435,3.239,46 339 298 56 81 228 210 141 152 191
aspartic,21,glutamic,22,4,6,0,10.863,13.331,0.27,48.9,7.0,10.7579,0.0,2.639,4.51,81 360
aspartic,21,glutamic,22,4,6,1,10.863,13.331,0.27,48.9,7.0,7.062,0.0,2.636,2.826,81 360 154 94
aspartic,21,glutamic,22,4,6,2,10.863,13.331,0.27,48.9,7.0,3.5319,0.0,2.634,2.271,81 359 218 265 175 177
aspartic,21,glutamic,22,4,6,3,10.863,13.331,0.27,48.9,7.0,0.8654,0.0,0.949,1.022,73 0 141 124 181 180 267 214
aspartic,21,glutamic,22,4,6,4,10.863,13.331,0.27,48.9,7.0,0.0737,0.0,1.744,0.81,63 358 149 148 176 177 256 214 359 181
aspartic,21,glutamic,22,5,4,0,10.863,9.255,0.27,131.7,101.9,5.533,0.0,2.946,3.919,30 205
aspartic,21,glutamic,22,5,4,1,10.863,9.255,0.27,131.7,101.9,1.9947,0.0,2.481,2.559,341 136 172 175
aspartic,21,glutamic,22,5,4,2,10.863,9.255,0.27,131.7,101.9,0.0,0.0,2.785,2.563,40 274 38 115 209 3
aspartic,21,glutamic,22,5,4,3,10.863,9.255,0.27,131.7,101.9,0.0,0.0,2.084,0.552,55 253 219 27 26 287 245 117
aspartic,21,glutamic,22,5,4,4,10.863,9.255,0.27,131.7,101.9,0.0,0.0,1.358,0.69,296 36 329 202 229 353 275 277 354 237
aspartic,21,glutamic,22,5,5,0,10.863,9.408,0.27,146.3,96.0,5.9327,0.0,2.725,3.709,11 181
aspartic,21,glutamic,22,5,5,1,10.863,9.408,0.27,146.3,96.0,2.1213,0.0,2.579,3.207,358 170 180 180
aspartic,21,glutamic,22,5,5,2,10.863,9.408,0.27,146.3,96.0,0.0,0.0,2.731,3.152,40 234 143 37 325 133
aspartic,21,glutamic,22,5,5,3,10.863,9.408,0.27,146.3,96.0,0.0,0.0,2.946,4.939,124 173 198 135 107 231 209 141
aspartic,21,glutamic,22,5,5,4,10.863,9.408,0.27,146.3,96.0,0.0,0.0,2.852,0.871,259 33 314 234 263 357 296 319 9 218
aspartic,21,glutamic,22,5,6,0,10.863,11.216,0.27,137.1,2.1,7.5277,0.0,2.678,3.664,7 180
aspartic,21,glutamic,22,5,6,1,10.863,11.216,0.27,137.1,2.1,4.012,0.0,2.478,2.765,340 147 179 180
aspartic,21,glutamic,22,5,6,2,10.863,11.216,0.27,137.1,2.1,1.2237,0.0,1.598,1.871,48 248 183 182 260 214
aspartic,21,glutamic,22,5,6,3,10.863,11.216,0.27,137.1,2.1,0.4501,0.0,2.385,1.658,54 277 178 179 251 214 359 181
aspartic,21,glutamic,22,5,6,4,10.863,11.216,0.27,137.1,2.1,0.0,0.0,2.535,2.675,352 101 204 284 83 176 295 241 323 159
aspartic,21,isoleucine,3,3,4,0,12.2,12.61,-0.846,28.0,125.8,11.353,0.0,1.33,3.598,332 0
aspartic,21,isoleucine,3,3,4,1,12.2,12.61,-0.846,28.0,125.8,7.6307,0.0,1.314,1.2,333 360 185 350
aspartic,21,isoleucine,3,3,4,2,12.2,12.61,-0.846,28.0,125.8,4.1098,0.0,1.368,0.613,331 0 155 46 185 183
aspartic,21,isoleucine,3,3,4,3,12.2,12.61,-0.846,28.0,125.8,0.3692,0.0,1.374,0.582,331 360 201 320 174 177 174 174
aspartic,21,isoleucine,3,3,4,4,12.2,12.61,-0.846,28.0,125.8,0.0,0.0,1.652,0.73,313 63 82 294 276 132 155 200 183 166
aspartic,21,isoleucine,3,3,5,0,12.2,14.727,-0.846,29.6,38.5,13.2857,0.0,1.674,3.753,322 360
aspartic,21,isoleucine,3,3,5,1,12.2,14.727,-0.846,29.6,38.5,9.5337,0.0,1.671,1.734,322 360 171 23
aspartic,21,isoleucine,3,3,5,2,12.2,14.727,-0.846,29.6,38.5,6.0674,0.0,1.64,0.19,323 359 209 304 173 176
aspartic,21,isoleucine,3,3,5,3,12.2,14.727,-0.846,29.6,38.5,2.2855,0.0,1.666,0.178,322 360 156 52 177 179 178 178
aspartic,21,isoleucine,3,3,5,4,12.2,14.727,-0.846,29.6,38.5,0.0,0.0,1.653,1.429,328 350 155 106 168 188 191 161 109 151
aspartic,21,isoleucine,3,3,6,0,12.2,14.241,-0.846,20.3,60.9,13.422,0.0,1.484,3.658,328 0
aspartic,21,isoleucine,3,3,6,1,12.2,14.241,-0.846,20.3,60.9,9.7633,0.0,1.464,1.454,328 360 181 358
aspartic,21,isoleucine,3,3,6,2,12.2,14.241,-0.846,20.3,60.9,6.1469,0.0,1.477,0.736,328 0 162 31 180 180
aspartic,21,isoleucine,3,3,6,3,12.2,14.241,-0.846,20.3,60.9,2.4998,0.0,1.374,0.632,331 359 191 341 162 169 169 171
aspartic,21,isoleucine,3,3,6,4,12.2,14.241,-0.846,20.3,60.9,0.0976,0.0,0.913,1.991,6 359 184 356 198 211 157 172 95 139
aspartic,21,isoleucine,3,4,4,0,12.2,11.584,-0.846,74.9,122.7,8.0182,0.0,1.475,3.865,41 1
aspartic,21,isoleucine,3,4,4,1,12.2,11.584,-0.846,74.9,122.7,4.3548,0.0,1.555,2.2,50 348 174 176
aspartic,21,isoleucine,3,4,4,2,12.2,11.584,-0.846,74.9,122.7,0.6981,0.0,1.476,1.653,40 4 205 202 187 185
aspartic,21,isoleucine,3,4,4,3,12.2,11.584,-0.846,74.9,122.7,0.0,0.0,1.811,2.269,12 325 298 35 64 224 192 154
aspartic,21,isoleucine,3,4,4,4,12.2,11.584,-0.846,74.9,122.7,0.0,0.0,1.902,0.763,61 299 278 50 77 239 211 71 104 210
aspartic,21,isoleucine,3,4,5,0,12.2,13.789,-0.846,72.8,29.3,10.2544,0.0,1.597,3.884,47 0
aspartic,21,isoleucine,3,4,5,1,12.2,13.789,-0.846,72.8,29.3,6.549,0.0,1.605,1.984,47 359 179 179
aspartic,21,isoleucine,3,4,5,2,12.2,13.789,-0.846,72.8,29.3,3.0098,0.0,1.547,1.625,42 5 208 206 190 187
aspartic,21,isoleucine,3,4,5,3,12.2,13.789,-0.846,72.8,29.3,0.6298,0.0,1.466,1.986,42 358 138 121 169 173 78 149
aspartic,21,isoleucine,3,4,5,4,12.2,13.789,-0.846,72.8,29.3,0.0,0.0,1.548,0.491,37 13 184 311 96 157 262 194 35 214
aspartic,21,isoleucine,3,4,6,0,12.2,12.922,-0.846,82.7,69.8,9.2041,0.0,1.632,3.893,48 360
aspartic,21,isoleucine,3,4,6,1,12.2,12.922,-0.846,82.7,69.8,5.7435,0.0,1.736,2.611,25 40 190 186
aspartic,21,isoleucine,3,4,6,2,12.2,12.922,-0.846,82.7,69.8,1.9343,0.0,1.769,2.16,63 331 180 180 180 180
aspartic,21,isoleucine,3,4,6,3,12.2,12.922,-0.846,82.7,69.8,0.0,0.0,2.875,3.744,91 250 193 157 159 214 207 171
aspartic,21,isoleucine,3,4,6,4,12.2,12.922,-0.846,82.7,69.8,0.0,0.0,1.278,1.349,27 345 308 38 60 228 201 123 141 197
aspartic,21,isoleucine,3,5,4,0,12.2,10.985,-0.846,97.3,116.6,7.3011,0.0,1.903,2.747,355 302
aspartic,21,isoleucine,3,5,4,1,12.2,10.985,-0.846,97.3,116.6,3.7382,0.0,2.205,0.7,300 74 176 178
aspartic,21,isoleucine,3,5,4,2,12.2,10.985,-0.846,97.3,116.6,0.0016,0.0,2.094,0.874,4 291 174 177 176 176
aspartic,21,isoleucine,3,5,4,3,12.2,10.985,-0.846,97.3,116.6,0.0,0.0,2.542,0.605,316 269 331 46 339 338 60 243
aspartic,21,isoleucine,3,5,4,4,12.2,10.985,-0.846,97.3,116.6,0.0,0.0,1.557,1.409,328 30 67 337 310 115 143 271 245 154
aspartic,21,isoleucine,3,5,5,0,12.2,12.961,-0.846,104.1,35.5,9.2322,0.0,2.261,2.842,360 282
aspartic,21,isoleucine,3,5,5,1,12.2,12.961,-0.846,104.1,35.5,5.7088,0.0,2.414,0.617,299 86 181 181
aspartic,21,isoleucine,3,5,5,2,12.2,12.961,-0.846,104.1,35.5,1.9778,0.0,2.272,0.726,8 277 181 181 181 181
aspartic,21,isoleucine,3,5,5,3,12.2,12.961,-0.846,104.1,35.5,0.1461,0.0,1.782,0.914,320 88 170 175 174 175 40 164
aspartic,21,isoleucine,3,5,5,4,12.2,12.961,-0.846,104.1,35.5,0.0,0.0,1.101,1.283,3 305 18 168 115 102 140 102 17 146
aspartic,21,isoleucine,3,5,6,0,12.2,12.411,-0.846,102.0,61.1,8.6803,0.0,2.139,2.792,303 71
aspartic,21,isoleucine,3,5,6,1,12.2,12.411,-0.846,102.0,61.1,5.1461,0.0,2.341,1.114,2 278 180 180
aspartic,21,isoleucine,3,5,6,2,12.2,12.411,-0.846,102.0,61.1,1.4451,0.0,2.351,1.051,294 81 169 174 173 173
aspartic,21,isoleucine,3,5,6,3,12.2,12.411,-0.846,102.0,61.1,0.0,0.0,2.946,1.165,260 132 175 219 212 154 142 171
aspartic,21,isoleucine,3,5,6,4,12.2,12.411,-0.846,102.0,61.1,0.0,0.0,1.743,1.191,335 36 70 335 311 130 158 272 249 156
aspartic,21,leucine,13,3,1,0,17.728,17.872,-0.438,29.7,135.6,16.3307,0.0,2.661,5.658,245 360
aspartic,21,leucine,13,3,1,1,17.728,17.872,-0.438,29.7,135.6,12.6043,0.0,2.661,5.658,245 0 165 40
aspartic,21,leucine,13,3,1,2,17.728,17.872,-0.438,29.7,135.6,9.074,0.0,2.661,4.558,245 0 212 296 181 181
aspartic,21,leucine,13,3,1,3,17.728,17.872,-0.438,29.7,135.6,5.4449,0.0,2.661,1.62,244 1 152 59 189 185 188 188
aspartic,21,leucine,13,3,1,4,17.728,17.872,-0.438,29.7,135.6,1.7777,0.0,2.661,0.474,245 0 212 295 183 182 193 191 183 182
aspartic,21,leucine,13,3,2,0,17.728,19.973,-0.438,32.6,48.5,18.2118,0.0,2.661,5.658,240 360
aspartic,21,leucine,13,3,2,1,17.728,19.973,-0.438,32.6,48.5,14.4584,0.0,2.661,5.658,240 0 162 55
aspartic,21,leucine,13,3,2,2,17.728,19.973,-0.438,32.6,48.5,10.9487,0.0,2.661,5.201,240 360 215 287 179 180
aspartic,21,leucine,13,3,2,3,17.728,19.973,-0.438,32.6,48.5,7.2673,0.0,2.661,2.261,240 0 150 69 181 181 181 181
aspartic,21,leucine,13,3,2,4,17.728,19.973,-0.438,32.6,48.5,3.6471,0.0,2.661,1.598,240 360 215 287 179 179 171 172 179 179
aspartic,21,leucine,13,3,13,0,17.728,19.808,-0.438,31.8,56.0,18.0967,0.0,2.661,5.658,253 0
aspartic,21,leucine,13,3,13,1,17.728,19.808,-0.438,31.8,56.0,14.3445,0.0,2.661,5.658,254 360 198 308
aspartic,21,leucine,13,3,13,2,17.728,19.808,-0.438,31.8,56.0,10.8321,0.0,2.661,4.935,253 0 146 71 180 180
aspartic,21,leucine,13,3,13,3,17.728,19.808,-0.438,31.8,56.0,7.153,0.0,2.661,1.817,254 360 210 293 178 179 178 178
aspartic,21,leucine,13,3,13,4,17.728,19.808,-0.438,31.8,56.0,3.5279,0.0,2.661,1.125,253 0 145 71 181 180 187 186 181 180
aspartic,21,leucine,13,4,1,0,17.728,16.607,-0.438,85.6,142.1,12.8713,0.0,2.755,4.607,83 3
aspartic,21,leucine,13,4,1,1,17.728,16.607,-0.438,85.6,142.1,9.365,0.0,2.875,3.857,111 311 178 179
aspartic,21,leucine,13,4,1,2,17.728,16.607,-0.438,85.6,142.1,5.6877,0.0,2.678,1.868,63 42 180 180 180 180
aspartic,21,leucine,13,4,1,3,17.728,16.607,-0.438,85.6,142.1,2.1292,0.0,2.875,0.612,110 314 172 175 163 166 171 174
aspartic,21,leucine,13,4,1,4,17.728,16.607,-0.438,85.6,142.1,0.0,0.0,2.506,1.628,134 244 209 137 150 167 164 145 137 174
aspartic,21,leucine,13,4,2,0,17.728,18.724,-0.438,86.8,52.7,14.9733,0.0,2.869,4.71,90 356
aspartic,21,leucine,13,4,2,1,17.728,18.724,-0.438,86.8,52.7,11.4758,0.0,2.637,3.543,60 52 182 181
aspartic,21,leucine,13,4,2,2,17.728,18.724,-0.438,86.8,52.7,7.7807,0.0,2.875,2.236,111 315 181 180 181 181
aspartic,21,leucine,13,4,2,3,17.728,18.724,-0.438,86.8,52.7,4.198,0.0,2.652,0.478,61 50 186 184 198 195 186 184
aspartic,21,leucine,13,4,2,4,17.728,18.724,-0.438,86.8,52.7,0.5815,0.0,2.292,1.103,62 53 192 187 200 196 193 189 198 194
aspartic,21,leucine,13,4,13,0,17.728,18.691,-0.438,81.5,54.2,14.9851,0.0,2.7,4.56,82 2
aspartic,21,leucine,13,4,13,1,17.728,18.691,-0.438,81.5,54.2,11.4295,0.0,2.875,3.509,105 321 179 180
aspartic,21,leucine,13,4,13,2,17.728,18.691,-0.438,81.5,54.2,7.769,0.0,2.717,1.75,68 28 185 183 184 184
aspartic,21,leucine,13,4,13,3,17.728,18.691,-0.438,81.5,54.2,4.1332,0.0,2.875,0.75,105 321 179 180 173 174 179 179
aspartic,21,leucine,13,4,13,4,17.728,18.691,-0.438,81.5,54.2,0.5249,0.0,2.372,1.143,100 324 180 180 179 180 180 180 161 165
aspartic,21,leucine,13,5,1,0,17.728,15.39,-0.438,138.0,134.8,11.6703,0.0,2.641,4.063,305 179
aspartic,21,leucine,13,5,1,1,17.728,15.39,-0.438,138.0,134.8,8.1597,0.0,2.472,2.298,335 213 183 182
aspartic,21,leucine,13,5,1,2,17.728,15.39,-0.438,138.0,134.8,4.4733,0.0,2.923,0.962,284 153 182 181 182 182
aspartic,21,leucine,13,5,1,3,17.728,15.39,-0.438,138.0,134.8,0.9064,0.0,2.472,0.58,333 208 194 189 201 197 194 190
aspartic,21,leucine,13,5,1,4,17.728,15.39,-0.438,138.0,134.8,0.0,0.0,2.503,1.36,212 170 168 236 240 175 187 207 190 163
aspartic,21,leucine,13,5,2,0,17.728,17.477,-0.438,141.7,48.5,13.7947,0.0,2.699,4.169,300 179
aspartic,21,leucine,13,5,2,1,17.728,17.477,-0.438,141.7,48.5,10.2207,0.0,2.489,2.735,325 205 181 181
aspartic,21,leucine,13,5,2,2,17.728,17.477,-0.438,141.7,48.5,6.5492,0.0,2.861,1.635,288 166 175 177 176 177
aspartic,21,leucine,13,5,2,3,17.728,17.477,-0.438,141.7,48.5,2.907,0.0,2.489,0.619,325 205 182 181 191 190 182 181
aspartic,21,leucine,13,5,2,4,17.728,17.477,-0.438,141.7,48.5,0.1634,0.0,2.295,1.229,311 208 177 178 161 164 177 178 263 213
aspartic,21,leucine,13,5,13,0,17.728,17.339,-0.438,139.3,54.8,13.6245,0.0,2.551,3.878,315 181
aspartic,21,leucine,13,5,13,1,17.728,17.339,-0.438,139.3,54.8,10.0875,0.0,2.901,2.603,286 149 178 179
aspartic,21,leucine,13,5,13,2,17.728,17.339,-0.438,139.3,54.8,6.3966,0.0,2.473,0.86,332 203 182 181 181 181
aspartic,21,leucine,13,5,13,3,17.728,17.339,-0.438,139.3,54.8,2.7739,0.0,2.892,0.602,286 150 177 178 165 168 177 178
aspartic,21,leucine,13,5,13,4,17.728,17.339,-0.438,139.3,54.8,0.0272,0.0,2.375,0.729,291 137 182 181 195 193 182 181 95 147
aspartic,21,serine,31,3,3,0,5.832,6.68,0.988,86.2,56.1,2.9258,0.0,2.564,4.458,291 11
aspartic,21,serine,31,3,3,1,5.832,6.68,0.988,86.2,56.1,0.1956,0.0,2.661,5.251,299 265 313 217
aspartic,21,serine,31,3,3,2,5.832,6.68,0.988,86.2,56.1,0.0,0.0,2.661,5.497,235 158 67 306 269 95
aspartic,21,serine,31,3,3,3,5.832,6.68,0.988,86.2,56.1,0.0,0.0,1.328,3.861,350 47 358 297 302 111 105 248
aspartic,21,serine,31,3,3,4,5.832,6.68,0.988,86.2,56.1,0.0,0.0,2.661,4.463,240 214 331 142 63 266 358 88 6 71
aspartic,21,serine,31,3,4,0,5.832,4.792,0.988,85.3,134.4,1.1396,0.0,2.027,3.994,319 347
aspartic,21,serine,31,3,4,1,5.832,4.792,0.988,85.3,134.4,0.0359,0.0,2.661,4.429,288 274 332 346
aspartic,21,serine,31,3,4,2,5.832,4.792,0.988,85.3,134.4,0.0,0.0,2.661,4.748,234 332 319 9 132 30
aspartic,21,serine,31,3,4,3,5.832,4.792,0.988,85.3,134.4,0.0,0.0,2.321,1.771,47 41 65 259 283 73 82 242
aspartic,21,serine,31,3,4,4,5.832,4.792,0.988,85.3,134.4,0.0,0.0,1.037,3.831,16 350 7 323 327 76 79 289 239 116
aspartic,21,serine,31,3,5,0,5.832,5.748,0.988,64.8,90.6,2.8531,0.0,2.584,4.474,295 2
aspartic,21,serine,31,3,5,1,5.832,5.748,0.988,64.8,90.6,0.2201,0.0,2.661,4.207,274 327 268 330
aspartic,21,serine,31,3,5,2,5.832,5.748,0.988,64.8,90.6,0.0,0.0,2.661,4.378,250 336 272 221 335 321
aspartic,21,serine,31,3,5,3,5.832,5.748,0.988,64.8,90.6,0.0,0.0,2.622,4.388,302 162 305 9 262 237 325 352
aspartic,21,serine,31,3,5,4,5.832,5.748,0.988,64.8,90.6,0.0,0.0,2.067,4.249,340 135 259 43 192 302 266 319 262 181
aspartic,21,serine,31,4,3,0,5.832,8.256,0.988,9.9,47.2,8.5848,0.0,2.736,4.59,84 0
aspartic,21,serine,31,4,3,1,5.832,8.256,0.988,9.9,47.2,5.6275,0.0,2.803,3.259,86 0 180 0
aspartic,21,serine,31,4,3,2,5.832,8.256,0.988,9.9,47.2,1.8226,0.0,2.791,3.184,86 0 180 0 203 263
aspartic,21,serine,31,4,3,3,5.832,8.256,0.988,9.9,47.2,0.0,0.0,2.875,5.294,122 309 238 62 134 246 223 173
aspartic,21,serine,31,4,3,4,5.832,8.256,0.988,9.9,47.2,0.0,0.0,2.085,3.845,76 317 282 72 99 237 220 124 136 193
aspartic,21,serine,31,4,4,0,5.832,6.414,0.988,9.2,120.1,7.0566,0.0,1.463,4.406,4 359
aspartic,21,serine,31,4,4,1,5.832,6.414,0.988,9.2,120.1,4.66,0.0,1.542,2.104,0 360 180 360
aspartic,21,serine,31,4,4,2,5.832,6.414,0.988,9.2,120.1,0.8849,0.0,1.398,0.626,6 1 178 1 164 39
aspartic,21,serine,31,4,4,3,5.832,6.414,0.988,9.2,120.1,0.0,0.0,2.875,4.905,256 299 240 333 220 301 294 186
aspartic,21,serine,31,4,4,4,5.832,6.414,0.988,9.2,120.1,0.0,0.0,2.875,4.84,121 96 95 81 36 125 111 30 23 181
aspartic,21,serine,31,4,5,0,5.832,6.647,0.988,23.7,109.6,6.3303,0.0,2.182,4.167,66 0
aspartic,21,serine,31,4,5,1,5.832,6.647,0.988,23.7,109.6,3.2487,0.0,2.202,2.074,67 0 180 0
aspartic,21,serine,31,4,5,2,5.832,6.647,0.988,23.7,109.6,0.0,0.0,1.393,0.303,41 331 217 16 194 278
aspartic,21,serine,31,4,5,3,5.832,6.647,0.988,23.7,109.6,0.0,0.0,2.875,4.145,129 247 287 83 121 275 171 114
aspartic,21,serine,31,4,5,4,5.832,6.647,0.988,23.7,109.6,0.0,0.0,1.739,0.689,2 344 303 37 70 280 251 113 138 202
aspartic,21,serine,31,5,3,0,5.832,6.197,0.988,104.9,53.9,2.4135,0.0,2.946,4.248,76 280
aspartic,21,serine,31,5,3,1,5.832,6.197,0.988,104.9,53.9,0.2323,0.0,2.946,4.939,70 105 21 238
aspartic,21,serine,31,5,3,2,5.832,6.197,0.988,104.9,53.9,0.0,0.0,2.946,4.939,124 184 289 58 89 291
aspartic,21,serine,31,5,3,3,5.832,6.197,0.988,104.9,53.9,0.0,0.0,2.466,1.639,336 72 269 52 41 106 59 46
aspartic,21,serine,31,5,3,4,5.832,6.197,0.988,104.9,53.9,0.0,0.0,1.793,1.081,8 348 226 25 248 233 340 174 357 355
aspartic,21,serine,31,5,4,0,5.832,4.845,0.988,83.4,104.6,1.4249,0.0,2.542,4.04,62 344
aspartic,21,serine,31,5,4,1,5.832,4.845,0.988,83.4,104.6,0.0541,0.0,2.946,4.425,75 78 35 12
aspartic,21,serine,31,5,4,2,5.832,4.845,0.988,83.4,104.6,0.0,0.0,2.946,4.853,119 35 82 279 247 6
aspartic,21,serine,31,5,4,3,5.832,4.845,0.988,83.4,104.6,0.0,0.0,1.13,0.993,327 161 43 319 239 344 260 351
aspartic,21,serine,31,5,4,4,5.832,4.845,0.988,83.4,104.6,0.0,0.0,2.946,4.201,265 353 5 58 116 331 217 346 82 209
aspartic,21,serine,31,5,5,0,5.832,4.603,0.988,108.1,115.4,0.8429,0.0,2.693,3.678,8 89
aspartic,21,serine,31,5,5,1,5.832,4.603,0.988,108.1,115.4,0.2581,0.0,2.946,4.237,70 124 340 350
aspartic,21,serine,31,5,5,2,5.832,4.603,0.988,108.1,115.4,0.0,0.0,1.909,0.585,326 323 314 289 299 331
aspartic,21,serine,31,5,5,3,5.832,4.603,0.988,108.1,115.4,0.0,0.0,2.511,1.891,321 182 98 160 355 169 14 2
aspartic,21,serine,31,5,5,4,5.832,4.603,0.988,108.1,115.4,0.0,0.0,2.701,4.125,69 352 314 323 317 288 281 43 123 290
aspartic,21,tryptophan,5,3,16,0,8.842,9.789,-0.947,56.0,77.4,6.9685,0.0,0.88,3.731,3 0
aspartic,21,tryptophan,5,3,16,1,8.842,9.789,-0.947,56.0,77.4,3.2183,0.0,0.882,2.138,3 0 154 100
aspartic,21,tryptophan,5,3,16,2,8.842,9.789,-0.947,56.0,77.4,0.0,0.0,1.14,2.067,7 322 182 118 149 183
aspartic,21,tryptophan,5,3,16,3,8.842,9.789,-0.947,56.0,77.4,0.0,0.0,2.026,2.408,346 257 255 95 215 207 227 75
aspartic,21,tryptophan,5,3,16,4,8.842,9.789,-0.947,56.0,77.4,0.0,0.0,0.898,2.664,81 332 215 343 196 282 174 110 42 143
aspartic,21,tryptophan,5,3,17,0,8.842,10.325,-0.947,51.0,56.8,7.7488,0.0,1.228,4.114,19 360
aspartic,21,tryptophan,5,3,17,1,8.842,10.325,-0.947,51.0,56.8,4.0362,0.0,1.1,3.035,20 359 205 276
aspartic,21,tryptophan,5,3,17,2,8.842,10.325,-0.947,51.0,56.8,0.6438,0.0,1.048,3.86,30 358 209 287 146 165
aspartic,21,tryptophan,5,3,17,3,8.842,10.325,-0.947,51.0,56.8,0.0,0.0,1.758,5.484,75 314 222 34 111 229 238 194
aspartic,21,tryptophan,5,3,17,4,8.842,10.325,-0.947,51.0,56.8,0.0,0.0,1.425,4.278,37 322 287 45 73 245 219 118 138 198
aspartic,21,tryptophan,5,3,18,0,8.842,10.481,-0.947,64.2,50.2,7.247,0.0,1.123,4.011,15 360
aspartic,21,tryptophan,5,3,18,1,8.842,10.481,-0.947,64.2,50.2,3.599,0.0,1.079,3.348,12 3 205 222
aspartic,21,tryptophan,5,3,18,2,8.842,10.481,-0.947,64.2,50.2,0.323,0.0,0.438,3.681,359 22 215 210 243 211
aspartic,21,tryptophan,5,3,18,3,8.842,10.481,-0.947,64.2,50.2,0.0,0.0,1.269,4.894,12 117 107 189 233 36 256 143
aspartic,21,tryptophan,5,3,18,4,8.842,10.481,-0.947,64.2,50.2,0.0,0.0,1.084,3.938,22 336 297 29 59 252 223 116 136 199
aspartic,21,tryptophan,5,4,16,0,8.842,9.539,-0.947,65.9,71.5,6.2943,0.0,1.458,4.4,4 359
aspartic,21,tryptophan,5,4,16,1,8.842,9.539,-0.947,65.9,71.5,2.4833,0.0,0.679,3.362,3 360 199 224
aspartic,21,tryptophan,5,4,16,2,8.842,9.539,-0.947,65.9,71.5,0.0,0.0,0.848,2.529,18 7 165 128 303 151
aspartic,21,tryptophan,5,4,16,3,8.842,9.539,-0.947,65.9,71.5,0.0,0.0,1.033,1.603,28 345 218 166 304 82 8 66
aspartic,21,tryptophan,5,4,16,4,8.842,9.539,-0.947,65.9,71.5,0.0,0.0,1.13,4.634,341 36 293 214 235 301 198 107 59 95
aspartic,21,tryptophan,5,4,17,0,8.842,9.564,-0.947,80.7,70.6,5.8777,0.0,1.496,4.425,3 358
aspartic,21,tryptophan,5,4,17,1,8.842,9.564,-0.947,80.7,70.6,2.353,0.0,0.918,4.005,340 34 195 191
aspartic,21,tryptophan,5,4,17,2,8.842,9.564,-0.947,80.7,70.6,0.0,0.0,1.294,4.876,331 53 218 173 283 275
aspartic,21,tryptophan,5,4,17,3,8.842,9.564,-0.947,80.7,70.6,0.0,0.0,1.025,4.561,345 29 253 137 285 110 19 62
aspartic,21,tryptophan,5,4,17,4,8.842,9.564,-0.947,80.7,70.6,0.0,0.0,2.875,5.883,302 220 360 107 172 2 30 319 279 193
aspartic,21,tryptophan,5,4,18,0,8.842,10.263,-0.947,72.6,41.3,6.7599,0.0,1.793,4.512,350 1
aspartic,21,tryptophan,5,4,18,1,8.842,10.263,-0.947,72.6,41.3,3.0347,0.0,0.702,3.635,354 355 169 169
aspartic,21,tryptophan,5,4,18,2,8.842,10.263,-0.947,72.6,41.3,0.354,0.0,0.431,4.294,326 8 182 181 84 149
aspartic,21,tryptophan,5,4,18,3,8.842,10.263,-0.947,72.6,41.3,0.0,0.0,1.013,4.599,9 330 118 204 102 195 354 267
aspartic,21,tryptophan,5,4,18,4,8.842,10.263,-0.947,72.6,41.3,0.0,0.0,0.905,4.475,351 6 53 352 310 98 130 243 233 167
aspartic,21,tryptophan,5,5,16,0,8.842,9.616,-0.947,63.0,86.2,6.4636,0.0,1.591,2.583,354 360
aspartic,21,tryptophan,5,5,16,1,8.842,9.616,-0.947,63.0,86.2,2.7937,0.0,1.551,1.161,351 2 207 233
aspartic,21,tryptophan,5,5,16,2,8.842,9.616,-0.947,63.0,86.2,0.0,0.0,2.385,0.929,30 291 178 77 199 186
aspartic,21,tryptophan,5,5,16,3,8.842,9.616,-0.947,63.0,86.2,0.0,0.0,1.961,0.511,16 342 109 205 93 215 322 269
aspartic,21,tryptophan,5,5,16,4,8.842,9.616,-0.947,63.0,86.2,0.0,0.0,1.821,1.045,358 10 53 341 303 98 129 249 231 162
aspartic,21,tryptophan,5,5,17,0,8.842,10.187,-0.947,56.8,64.8,7.3057,0.0,1.389,2.618,339 360
aspartic,21,tryptophan,5,5,17,1,8.842,10.187,-0.947,56.8,64.8,3.5653,0.0,1.392,1.308,340 360 154 106
aspartic,21,tryptophan,5,5,17,2,8.842,10.187,-0.947,56.8,64.8,0.0945,0.0,0.914,1.631,334 358 150 118 152 168
aspartic,21,tryptophan,5,5,17,3,8.842,10.187,-0.947,56.8,64.8,0.0,0.0,1.63,0.518,1 23 73 331 280 104 142 198
aspartic,21,tryptophan,5,5,17,4,8.842,10.187,-0.947,56.8,64.8,0.0,0.0,1.774,0.973,355 13 50 336 304 97 129 237 213 160
aspartic,21,tryptophan,5,5,18,0,8.842,10.809,-0.947,50.8,37.2,8.2217,0.0,1.589,2.583,354 360
aspartic,21,tryptophan,5,5,18,1,8.842,10.809,-0.947,50.8,37.2,4.5187,0.0,1.608,1.234,355 360 206 272
aspartic,21,tryptophan,5,5,18,2,8.842,10.809,-0.947,50.8,37.2,1.0216,0.0,1.759,0.81,2 359 213 273 168 174
aspartic,21,tryptophan,5,5,18,3,8.842,10.809,-0.947,50.8,37.2,0.0011,0.0,2.29,1.369,27 356 217 274 176 183 358 175
aspartic,21,tryptophan,5,5,18,4,8.842,10.809,-0.947,50.8,37.2,0.0,0.0,1.745,3.653,297 358 180 9 192 197 67 163 2 172
aspartic,21,tyrosine,1,3,11,0,11.385,12.276,0.253,62.3,81.4,9.0831,0.0,2.661,5.658,228 0
aspartic,21,tyrosine,1,3,11,1,11.385,12.276,0.253,62.3,81.4,5.3892,0.0,2.661,5.658,230 359 156 135
aspartic,21,tyrosine,1,3,11,2,11.385,12.276,0.253,62.3,81.4,1.7919,0.0,2.661,5.658,228 360 219 238 180 180
aspartic,21,tyrosine,1,3,11,3,11.385,12.276,0.253,62.3,81.4,0.0,0.0,2.661,5.658,234 89 116 216 197 149 159 187
aspartic,21,tyrosine,1,3,11,4,11.385,12.276,0.253,62.3,81.4,0.0,0.0,2.661,5.658,232 119 91 178 201 163 154 257 249 161
aspartic,21,tyrosine,1,3,12,0,11.385,13.464,0.253,57.6,28.6,10.4537,0.0,2.661,5.658,238 360
aspartic,21,tyrosine,1,3,12,1,11.385,13.464,0.253,57.6,28.6,6.7434,0.0,2.661,5.658,238 0 205 239
aspartic,21,tyrosine,1,3,12,2,11.385,13.464,0.253,57.6,28.6,3.1783,0.0,2.661,5.658,238 0 141 114 181 181
aspartic,21,tyrosine,1,3,12,3,11.385,13.464,0.253,57.6,28.6,0.5258,0.0,2.661,5.658,253 357 215 235 163 171 97 144
aspartic,21,tyrosine,1,3,12,4,11.385,13.464,0.253,57.6,28.6,0.0,0.0,2.627,4.522,284 23 144 192 232 166 166 215 258 210
aspartic,21,tyrosine,1,3,13,0,11.385,11.016,0.253,58.9,134.8,8.0076,0.0,2.661,5.658,240 360
aspartic,21,tyrosine,1,3,13,1,11.385,11.016,0.253,58.9,134.8,4.3247,0.0,2.661,5.658,239 0 207 244
aspartic,21,tyrosine,1,3,13,2,11.385,11.016,0.253,58.9,134.8,0.739,0.0,2.661,5.658,239 0 142 112 180 180
aspartic,21,tyrosine,1,3,13,3,11.385,11.016,0.253,58.9,134.8,0.0,0.0,2.661,5.658,215 125 116 214 214 139 150 197
aspartic,21,tyrosine,1,3,13,4,11.385,11.016,0.253,58.9,134.8,0.0,0.0,2.661,5.658,251 15 53 338 306 95 131 230 209 168
aspartic,21,tyrosine,1,4,11,0,11.385,11.935,0.253,75.5,78.8,8.3394,0.0,2.875,5.883,123 359
aspartic,21,tyrosine,1,4,11,1,11.385,11.935,0.253,75.5,78.8,4.7112,0.0,2.875,5.821,111 17 188 186
aspartic,21,tyrosine,1,4,11,2,11.385,11.935,0.253,75.5,78.8,1.0312,0.0,2.875,5.883,124 358 201 205 172 176
aspartic,21,tyrosine,1,4,11,3,11.385,11.935,0.253,75.5,78.8,0.0,0.0,2.191,5.883,151 227 230 155 162 225 213 165
aspartic,21,tyrosine,1,4,11,4,11.385,11.935,0.253,75.5,78.8,0.0,0.0,2.875,5.883,175 205 220 159 154 215 210 127 139 196
aspartic,21,tyrosine,1,4,12,0,11.385,13.129,0.253,70.9,22.9,9.6462,0.0,2.875,5.563,113 0
aspartic,21,tyrosine,1,4,12,1,11.385,13.129,0.253,70.9,22.9,5.9339,0.0,2.875,5.532,114 359 176 175
aspartic,21,tyrosine,1,4,12,2,11.385,13.129,0.253,70.9,22.9,2.3515,0.0,2.088,5.524,111 1 211 213 185 183
aspartic,21,tyrosine,1,4,12,3,11.385,13.129,0.253,70.9,22.9,0.5644,0.0,2.561,3.182,105 355 135 125 163 168 57 155
aspartic,21,tyrosine,1,4,12,4,11.385,13.129,0.253,70.9,22.9,0.0,0.0,2.193,1.046,63 7 173 134 186 189 238 173 53 141
aspartic,21,tyrosine,1,4,13,0,11.385,10.813,0.253,66.9,123.9,7.5023,0.0,2.875,5.628,115 0
aspartic,21,tyrosine,1,4,13,1,11.385,10.813,0.253,66.9,123.9,3.7632,0.0,2.875,5.38,114 1 164 146
aspartic,21,tyrosine,1,4,13,2,11.385,10.813,0.253,66.9,123.9,0.2077,0.0,2.785,5.555,110 5 219 224 197 191
aspartic,21,tyrosine,1,4,13,3,11.385,10.813,0.253,66.9,123.9,0.0,0.0,2.822,5.883,175 226 238 121 131 214 190 156
aspartic,21,tyrosine,1,4,13,4,11.385,10.813,0.253,66.9,123.9,0.0,0.0,1.15,3.675,144 192 229 146 129 266 254 133 171 214
aspartic,21,tyrosine,1,5,11,0,11.385,10.146,0.253,167.6,75.5,7.4464,0.0,2.946,4.939,222 180
aspartic,21,tyrosine,1,5,11,1,11.385,10.146,0.253,167.6,75.5,3.7148,0.0,2.946,4.939,224 180 206 265
aspartic,21,tyrosine,1,5,11,2,11.385,10.146,0.253,167.6,75.5,0.1917,0.0,2.946,4.939,214 178 220 271 162 169
aspartic,21,tyrosine,1,5,11,3,11.385,10.146,0.253,167.6,75.5,0.0,0.0,2.946,4.581,283 224 213 210 227 95 106 201
aspartic,21,tyrosine,1,5,11,4,11.385,10.146,0.253,167.6,75.5,0.0,0.0,2.097,4.903,270 227 199 161 227 152 120 266 242 124
aspartic,21,tyrosine,1,5,12,0,11.385,11.194,0.253,171.8,28.4,8.6785,0.0,2.854,4.431,289 180
aspartic,21,tyrosine,1,5,12,1,11.385,11.194,0.253,171.8,28.4,4.9686,0.0,2.821,3.741,291 180 154 86
aspartic,21,tyrosine,1,5,12,2,11.385,11.194,0.253,171.8,28.4,1.4307,0.0,1.505,3.818,278 179 139 92 176 177
aspartic,21,tyrosine,1,5,12,3,11.385,11.194,0.253,171.8,28.4,0.0045,0.0,2.538,3.002,353 175 140 131 146 164 328 198
aspartic,21,tyrosine,1,5,12,4,11.385,11.194,0.253,171.8,28.4,0.0,0.0,2.666,1.533,303 139 170 283 301 146 137 235 221 151
aspartic,21,tyrosine,1,5,13,0,11.385,8.784,0.253,174.9,132.1,6.5966,0.0,2.708,4.184,300 180
aspartic,21,tyrosine,1,5,13,1,11.385,8.784,0.253,174.9,132.1,2.9461,0.0,2.629,3.539,306 181 157 56
aspartic,21,tyrosine,1,5,13,2,11.385,8.784,0.253,174.9,132.1,0.0,0.0,2.485,2.801,348 189 196 229 275 154
aspartic,21,tyrosine,1,5,13,3,11.385,8.784,0.253,174.9,132.1,0.0,0.0,2.946,4.56,53 147 176 292 293 104 138 221
aspartic,21,tyrosine,1,5,13,4,11.385,8.784,0.253,174.9,132.1,0.0,0.0,2.946,4.093,33 136 169 289 285 109 104 314 294 138
aspartic,21,phenylalanine,4,3,12,0,7.682,9.069,-0.551,49.3,58.9,6.6639,0.0,2.661,5.08,278 360
aspartic,21,phenylalanine,4,3,12,1,7.682,9.069,-0.551,49.3,58.9,2.9675,0.0,1.386,4.395,281 359 202 295
aspartic,21,phenylalanine,4,3,12,2,7.682,9.069,-0.551,49.3,58.9,0.4226,0.0,1.385,1.699,307 0 177 4 76 153
aspartic,21,phenylalanine,4,3,12,3,7.682,9.069,-0.551,49.3,58.9,0.0,0.0,2.047,2.799,211 15 158 34 210 252 319 176
aspartic,21,phenylalanine,4,3,12,4,7.682,9.069,-0.551,49.3,58.9,0.0,0.0,1.314,0.842,17 10 89 334 277 52 73 229 229 166
aspartic,21,phenylalanine,4,3,13,0,7.682,8.54,-0.551,64.0,79.0,5.3859,0.0,2.661,4.84,285 0
aspartic,21,phenylalanine,4,3,13,1,7.682,8.54,-0.551,64.0,79.0,1.6202,0.0,2.226,4.249,283 1 205 238
aspartic,21,phenylalanine,4,3,13,2,7.682,8.54,-0.551,64.0,79.0,0.0,0.0,1.614,2.567,312 57 122 263 182 132
aspartic,21,phenylalanine,4,3,13,3,7.682,8.54,-0.551,64.0,79.0,0.0,0.0,0.902,3.174,349 2 69 310 270 105 119 179
aspartic,21,phenylalanine,4,3,13,4,7.682,8.54,-0.551,64.0,79.0,0.0,0.0,1.349,3.243,331 1 38 309 288 112 130 251 230 157
aspartic,21,phenylalanine,4,3,14,0,7.682,9.389,-0.551,62.2,45.3,6.2779,0.0,2.661,5.437,268 0
aspartic,21,phenylalanine,4,3,14,1,7.682,9.389,-0.551,62.2,45.3,2.5249,0.0,2.022,5.411,269 359 155 123
aspartic,21,phenylalanine,4,3,14,2,7.682,9.389,-0.551,62.2,45.3,0.0742,0.0,1.039,5.658,239 20 169 175 53 152
aspartic,21,phenylalanine,4,3,14,3,7.682,9.389,-0.551,62.2,45.3,0.0,0.0,2.136,5.658,206 140 122 233 228 126 153 207
aspartic,21,phenylalanine,4,3,14,4,7.682,9.389,-0.551,62.2,45.3,0.0,0.0,1.374,5.002,265 46 49 302 292 127 126 266 243 137
aspartic,21,phenylalanine,4,4,12,0,7.682,9.073,-0.551,49.1,73.0,6.6957,0.0,2.669,4.534,82 360
aspartic,21,phenylalanine,4,4,12,1,7.682,9.073,-0.551,49.1,73.0,2.9398,0.0,2.529,2.947,82 360 157 73
aspartic,21,phenylalanine,4,4,12,2,7.682,9.073,-0.551,49.1,73.0,0.0,0.0,2.158,2.588,47 37 203 311 168 212
aspartic,21,phenylalanine,4,4,12,3,7.682,9.073,-0.551,49.1,73.0,0.0,0.0,1.421,1.754,19 340 274 66 103 234 228 188
aspartic,21,phenylalanine,4,4,12,4,7.682,9.073,-0.551,49.1,73.0,0.0,0.0,1.361,3.27,41 345 308 56 81 242 222 115 133 199
aspartic,21,phenylalanine,4,4,13,0,7.682,9.216,-0.551,33.7,67.7,7.7917,0.0,2.739,4.593,84 360
aspartic,21,phenylalanine,4,4,13,1,7.682,9.216,-0.551,33.7,67.7,4.1683,0.0,1.996,2.896,81 1 169 19
aspartic,21,phenylalanine,4,4,13,2,7.682,9.216,-0.551,33.7,67.7,0.7108,0.0,1.276,1.407,69 2 160 30 218 205
aspartic,21,phenylalanine,4,4,13,3,7.682,9.216,-0.551,33.7,67.7,0.0,0.0,1.757,0.599,29 294 281 10 137 204 67 140
aspartic,21,phenylalanine,4,4,13,4,7.682,9.216,-0.551,33.7,67.7,0.0,0.0,2.242,0.774,336 348 279 40 101 275 254 161 151 170
aspartic,21,phenylalanine,4,4,14,0,7.682,9.816,-0.551,44.1,42.6,7.6872,0.0,2.875,5.096,100 0
aspartic,21,phenylalanine,4,4,14,1,7.682,9.816,-0.551,44.1,42.6,3.9336,0.0,1.947,4.193,100 0 201 299
aspartic,21,phenylalanine,4,4,14,2,7.682,9.816,-0.551,44.1,42.6,0.4668,0.0,0.88,4.913,107 1 209 277 197 187
aspartic,21,phenylalanine,4,4,14,3,7.682,9.816,-0.551,44.1,42.6,0.0,0.0,1.267,5.382,114 347 233 34 84 230 281 220
aspartic,21,phenylalanine,4,4,14,4,7.682,9.816,-0.551,44.1,42.6,0.0,0.0,1.648,3.522,57 340 298 61 89 233 214 121 133 193
aspartic,21,phenylalanine,4,5,12,0,7.682,6.986,-0.551,135.9,63.7,3.2588,0.0,0.614,3.573,355 169
aspartic,21,phenylalanine,4,5,12,1,7.682,6.986,-0.551,135.9,63.7,0.1314,0.0,1.472,2.426,348 221 85 172
aspartic,21,phenylalanine,4,5,12,2,7.682,6.986,-0.551,135.9,63.7,0.0,0.0,1.411,0.521,16 318 76 85 339 30
aspartic,21,phenylalanine,4,5,12,3,7.682,6.986,-0.551,135.9,63.7,0.0,0.0,2.32,2.507,278 27 349 28 67 310 269 141
aspartic,21,phenylalanine,4,5,12,4,7.682,6.986,-0.551,135.9,63.7,0.0,0.0,1.51,0.453,84 257 242 55 66 277 254 58 79 197
aspartic,21,phenylalanine,4,5,13,0,7.682,6.948,-0.551,128.4,65.2,3.1954,0.0,0.311,3.961,46 217
aspartic,21,phenylalanine,4,5,13,1,7.682,6.948,-0.551,128.4,65.2,0.1083,0.0,1.075,3.176,53 288 83 169
aspartic,21,phenylalanine,4,5,13,2,7.682,6.948,-0.551,128.4,65.2,0.0,0.0,1.579,1.192,353 14 269 199 46 32
aspartic,21,phenylalanine,4,5,13,3,7.682,6.948,-0.551,128.4,65.2,0.0,0.0,2.003,4.939,152 200 215 102 85 256 237 144
aspartic,21,phenylalanine,4,5,13,4,7.682,6.948,-0.551,128.4,65.2,0.0,0.0,1.618,0.688,350 312 256 312 349 297 268 32 73 244
aspartic,21,phenylalanine,4,5,14,0,7.682,7.448,-0.551,147.8,45.0,4.0401,0.0,0.595,4.104,34 183
aspartic,21,phenylalanine,4,5,14,1,7.682,7.448,-0.551,147.8,45.0,0.7935,0.0,1.055,4.773,62 176 242 251
aspartic,21,phenylalanine,4,5,14,2,7.682,7.448,-0.551,147.8,45.0,0.0,0.0,1.429,4.939,105 195 198 212 14 271
aspartic,21,phenylalanine,4,5,14,3,7.682,7.448,-0.551,147.8,45.0,0.0,0.0,1.285,4.939,135 135 213 127 79 319 270 127
aspartic,21,phenylalanine,4,5,14,4,7.682,7.448,-0.551,147.8,45.0,0.0,0.0,2.068,4.939,113 250 227 14 36 298 266 91 124 214
glutamic,22,arginine,3,4,16,0,5.58,5.077,0.823,82.2,117.1,1.4114,0.0,2.69,3.672,65 360
glutamic,22,arginine,3,4,16,1,5.58,5.077,0.823,82.2,117.1,0.0,0.0,1.427,0.863,33 313 296 5
glutamic,22,arginine,3,4,16,2,5.58,5.077,0.823,82.2,117.1,0.0,0.0,2.038,0.793,358 196 15 76 139 330
glutamic,22,arginine,3,4,16,3,5.58,5.077,0.823,82.2,117.1,0.0,0.0,1.901,0.647,320 350 315 52 92 307 253 131
glutamic,22,arginine,3,4,16,4,5.58,5.077,0.823,82.2,117.1,0.0,0.0,0.976,1.273,360 9 348 56 32 262 270 87 146 244
glutamic,22,arginine,3,4,17,0,5.58,6.626,0.823,65.1,57.0,3.5574,0.0,2.69,4.032,73 0
glutamic,22,arginine,3,4,17,1,5.58,6.626,0.823,65.1,57.0,0.457,0.0,2.69,4.431,90 23 102 75
glutamic,22,arginine,3,4,17,2,5.58,6.626,0.823,65.1,57.0,0.0,0.0,2.69,4.626,114 177 329 57 79 159
glutamic,22,arginine,3,4,17,3,5.58,6.626,0.823,65.1,57.0,0.0,0.0,2.69,3.253,87 261 344 71 48 274 227 35
glutamic,22,arginine,3,4,17,4,5.58,6.626,0.823,65.1,57.0,0.0,0.0,1.932,1.883,35 5 321 42 67 255 284 60 92 252
glutamic,22,arginine,3,4,18,0,5.58,5.322,0.823,57.5,106.1,2.9436,0.0,2.409,3.184,51 0
glutamic,22,arginine,3,4,18,1,5.58,5.322,0.823,57.5,106.1,0.4374,0.0,1.76,1.267,45 302 265 354
glutamic,22,arginine,3,4,18,2,5.58,5.322,0.823,57.5,106.1,0.0,0.0,2.056,0.247,5 264 304 73 138 286
glutamic,22,arginine,3,4,18,3,5.58,5.322,0.823,57.5,106.1,0.0,0.0,2.434,1.023,313 326 301 58 91 308 262 142
glutamic,22,arginine,3,4,18,4,5.58,5.322,0.823,57.5,106.1,0.0,0.0,0.734,2.041,276 275 302 110 76 329 252 301 103 237
glutamic,22,arginine,3,5,16,0,5.58,4.652,0.823,98.1,95.6,0.8515,0.0,2.823,4.052,287 56
glutamic,22,arginine,3,5,16,1,5.58,4.652,0.823,98.1,95.6,0.0585,0.0,2.823,4.883,274 227 13 7
glutamic,22,arginine,3,5,16,2,5.58,4.652,0.823,98.1,95.6,0.0,0.0,2.823,5.241,227 268 16 19 119 64
glutamic,22,arginine,3,5,16,3,5.58,4.652,0.823,98.1,95.6,0.0,0.0,2.823,5.363,197 54 266 88 63 309 230 102
glutamic,22,arginine,3,5,16,4,5.58,4.652,0.823,98.1,95.6,0.0,0.0,2.617,4.189,71 16 13 284 226 94 123 308 282 126
glutamic,22,arginine,3,5,17,0,5.58,5.237,0.823,119.7,74.1,1.4807,0.0,2.529,4.436,346 235
glutamic,22,arginine,3,5,17,1,5.58,5.237,0.823,119.7,74.1,0.1374,0.0,2.334,3.225,4 139 323 318
glutamic,22,arginine,3,5,17,2,5.58,5.237,0.823,119.7,74.1,0.0,0.0,2.823,5.562,246 246 77 297 196 36
glutamic,22,arginine,3,5,17,3,5.58,5.237,0.823,119.7,74.1,0.0,0.0,2.781,2.619,80 9 26 301 280 34 92 233
glutamic,22,arginine,3,5,17,4,5.58,5.237,0.823,119.7,74.1,0.0,0.0,2.823,5.562,236 347 21 25 56 110 64 307 313 24
glutamic,22,arginine,3,5,18,0,5.58,4.312,0.823,94.2,109.7,0.5634,0.0,2.436,3.681,352 318
glutamic,22,arginine,3,5,18,1,5.58,4.312,0.823,94.2,109.7,0.3564,0.0,2.334,2.369,4 116 1 0
glutamic,22,arginine,3,5,18,2,5.58,4.312,0.823,94.2,109.7,0.0,0.0,2.489,1.831,53 104 355 314 247 315
glutamic,22,arginine,3,5,18,3,5.58,4.312,0.823,94.2,109.7,0.0,0.0,2.823,1.867,85 45 6 302 271 54 107 234
glutamic,22,arginine,3,5,18,4,5.58,4.312,0.823,94.2,109.7,0.0,0.0,1.762,0.623,253 75 104 284 287 88 103 304 237 120
glutamic,22,arginine,3,6,16,0,5.58,6.61,0.823,7.9,98.4,7.2647,0.0,2.538,4.74,281 360
glutamic,22,arginine,3,6,16,1,5.58,6.61,0.823,7.9,98.4,4.8686,0.0,2.611,3.628,279 360 180 360
glutamic,22,arginine,3,6,16,2,5.58,6.61,0.823,7.9,98.4,1.0639,0.0,2.65,3.72,277 360 180 360 194 317
glutamic,22,arginine,3,6,16,3,5.58,6.61,0.823,7.9,98.4,0.0,0.0,2.965,5.247,240 74 96 280 247 98 138 213
glutamic,22,arginine,3,6,16,4,5.58,6.61,0.823,7.9,98.4,0.0,0.0,2.296,4.291,277 46 71 281 255 114 141 259 234 161
glutamic,22,arginine,3,6,17,0,5.58,7.465,0.823,27.0,66.6,6.7845,0.0,2.617,4.818,279 360
glutamic,22,arginine,3,6,17,1,5.58,7.465,0.823,27.0,66.6,3.3268,0.0,2.639,3.693,278 360 180 360
glutamic,22,arginine,3,6,17,2,5.58,7.465,0.823,27.0,66.6,0.0,0.0,2.335,3.677,276 36 138 332 203 123
glutamic,22,arginine,3,6,17,3,5.58,7.465,0.823,27.0,66.6,0.0,0.0,2.195,1.471,339 52 81 287 247 107 149 209
glutamic,22,arginine,3,6,17,4,5.58,7.465,0.823,27.0,66.6,0.0,0.0,1.631,2.349,340 20 56 307 279 101 124 236 216 161
glutamic,22,arginine,3,6,18,0,5.58,5.98,0.823,27.7,126.5,5.5298,0.0,1.621,3.664,315 0
glutamic,22,arginine,3,6,18,1,5.58,5.98,0.823,27.7,126.5,2.6202,0.0,1.609,1.64,315 0 180 0
glutamic,22,arginine,3,6,18,2,5.58,5.98,0.823,27.7,126.5,0.0,0.0,2.802,3.236,261 31 155 14 184 347
glutamic,22,arginine,3,6,18,3,5.58,5.98,0.823,27.7,126.5,0.0,0.0,2.23,0.85,26 10 172 252 261 101 96 258
glutamic,22,arginine,3,6,18,4,5.58,5.98,0.823,27.7,126.5,0.0,0.0,1.67,1.737,346 14 51 316 287 88 114 262 235 154
glutamic,22,lysine,5,4,13,0,10.297,9.106,-0.141,119.9,102.0,5.3944,0.0,2.28,2.777,28 241
glutamic,22,lysine,5,4,13,1,10.297,9.106,-0.141,119.9,102.0,1.8194,0.0,2.272,1.34,324 113 181 181
glutamic,22,lysine,5,4,13,2,10.297,9.106,-0.141,119.9,102.0,0.0,0.0,1.081,0.834,0 17 307 98 272 293
glutamic,22,lysine,5,4,13,3,10.297,9.106,-0.141,119.9,102.0,0.0,0.0,1.911,2.295,325 85 289 130 289 126 21 63
glutamic,22,lysine,5,4,13,4,10.297,9.106,-0.141,119.9,102.0,0.0,0.0,1.062,0.511,14 330 303 213 142 113 354 115 104 273
glutamic,22,lysine,5,4,14,0,10.297,10.225,-0.141,121.4,59.7,6.515,0.0,2.269,2.909,324 124
glutamic,22,lysine,5,4,14,1,10.297,10.225,-0.141,121.4,59.7,2.9438,0.0,2.267,1.581,27 245 178 179
glutamic,22,lysine,5,4,14,2,10.297,10.225,-0.141,121.4,59.7,0.0641,0.0,2.673,3.606,299 129 195 188 263 216
glutamic,22,lysine,5,4,14,3,10.297,10.225,-0.141,121.4,59.7,0.0,0.0,2.635,2.345,70 272 102 346 251 166 76 187
glutamic,22,lysine,5,4,14,4,10.297,10.225,-0.141,121.4,59.7,0.0,0.0,1.124,2.782,333 16 48 353 334 110 144 276 250 153
glutamic,22,lysine,5,4,15,0,10.297,10.738,-0.141,110.7,36.1,7.0344,0.0,2.081,2.658,23 267
glutamic,22,lysine,5,4,15,1,10.297,10.738,-0.141,110.7,36.1,3.4815,0.0,2.183,1.631,319 98 176 177
glutamic,22,lysine,5,4,15,2,10.297,10.738,-0.141,110.7,36.1,0.5689,0.0,0.719,0.742,40 290 176 177 260 214
glutamic,22,lysine,5,4,15,3,10.297,10.738,-0.141,110.7,36.1,0.0,0.0,2.565,0.822,68 236 267 251 192 178 8 146
glutamic,22,lysine,5,4,15,4,10.297,10.738,-0.141,110.7,36.1,0.0,0.0,1.598,0.835,359 57 92 349 322 105 134 297 273 158
glutamic,22,lysine,5,5,13,0,10.297,10.911,-0.141,48.2,104.4,8.4668,0.0,2.823,3.978,294 360
glutamic,22,lysine,5,5,13,1,10.297,10.911,-0.141,48.2,104.4,4.7639,0.0,2.823,1.766,295 360 155 83
glutamic,22,lysine,5,5,13,2,10.297,10.911,-0.141,48.2,104.4,1.2125,0.0,2.643,0.422,297 359 217 276 170 174
glutamic,22,lysine,5,5,13,3,10.297,10.911,-0.141,48.2,104.4,0.0,0.0,2.61,0.888,308 41 85 317 276 131 154 194
glutamic,22,lysine,5,5,13,4,10.297,10.911,-0.141,48.2,104.4,0.0,0.0,2.823,2.491,291 40 75 304 272 130 152 252 237 164
glutamic,22,lysine,5,5,14,0,10.297,12.262,-0.141,38.1,52.1,10.3626,0.0,2.823,4.004,292 360
glutamic,22,lysine,5,5,14,1,10.297,12.262,-0.141,38.1,52.1,6.6495,0.0,2.823,1.702,291 0 160 53
glutamic,22,lysine,5,5,14,2,10.297,12.262,-0.141,38.1,52.1,3.0761,0.0,2.487,0.573,292 360 214 289 180 180
glutamic,22,lysine,5,5,14,3,10.297,12.262,-0.141,38.1,52.1,0.3121,0.0,2.823,2.202,281 357 147 69 153 166 101 143
glutamic,22,lysine,5,5,14,4,10.297,12.262,-0.141,38.1,52.1,0.0,0.0,2.823,3.845,278 52 88 295 268 144 164 232 222 170
glutamic,22,lysine,5,5,15,0,10.297,12.412,-0.141,44.4,45.3,10.1273,0.0,2.814,3.867,307 0
glutamic,22,lysine,5,5,15,1,10.297,12.412,-0.141,44.4,45.3,6.3971,0.0,2.813,1.493,307 0 204 284
glutamic,22,lysine,5,5,15,2,10.297,12.412,-0.141,44.4,45.3,2.8489,0.0,2.486,1.111,306 0 143 83 184 182
glutamic,22,lysine,5,5,15,3,10.297,12.412,-0.141,44.4,45.3,0.0975,0.0,1.755,0.902,321 357 219 264 155 166 99 144
glutamic,22,lysine,5,5,15,4,10.297,12.412,-0.141,44.4,45.3,0.0,0.0,1.428,0.641,23 27 104 266 252 150 164 192 217 199
glutamic,22,lysine,5,6,13,0,10.297,10.955,-0.141,46.2,93.1,8.6205,0.0,2.609,5.061,65 360
glutamic,22,lysine,5,6,13,1,10.297,10.955,-0.141,46.2,93.1,4.9283,0.0,2.628,3.547,66 359 204 289
glutamic,22,lysine,5,6,13,2,10.297,10.955,-0.141,46.2,93.1,1.3516,0.0,1.639,2.792,64 1 141 82 187 185
glutamic,22,lysine,5,6,13,3,10.297,10.955,-0.141,46.2,93.1,0.0,0.0,2.46,2.165,49 321 271 45 87 227 206 173
glutamic,22,lysine,5,6,13,4,10.297,10.955,-0.141,46.2,93.1,0.0,0.0,2.499,2.387,60 323 289 57 84 230 208 115 131 197
glutamic,22,lysine,5,6,14,0,10.297,11.837,-0.141,57.8,59.7,8.8508,0.0,2.624,5.068,66 360
glutamic,22,lysine,5,6,14,1,10.297,11.837,-0.141,57.8,59.7,5.1436,0.0,2.611,4.374,65 1 206 242
glutamic,22,lysine,5,6,14,2,10.297,11.837,-0.141,57.8,59.7,1.5699,0.0,2.473,4.003,67 359 139 113 176 177
glutamic,22,lysine,5,6,14,3,10.297,11.837,-0.141,57.8,59.7,0.0,0.0,2.348,4.742,29 24 251 301 174 227 254 220
glutamic,22,lysine,5,6,14,4,10.297,11.837,-0.141,57.8,59.7,0.0,0.0,2.514,3.948,59 320 292 55 80 224 203 110 129 200
glutamic,22,lysine,5,6,15,0,10.297,12.247,-0.141,52.0,41.3,9.5404,0.0,2.404,4.999,53 0
glutamic,22,lysine,5,6,15,1,10.297,12.247,-0.141,52.0,41.3,5.8205,0.0,2.401,3.889,53 360 154 99
glutamic,22,lysine,5,6,15,2,10.297,12.247,-0.141,52.0,41.3,2.2528,0.0,1.907,3.595,53 0 221 260 180 180
glutamic,22,lysine,5,6,15,3,10.297,12.247,-0.141,52.0,41.3,0.1397,0.0,1.401,3.702,32 4 140 101 209 196 282 213
glutamic,22,lysine,5,6,15,4,10.297,12.247,-0.141,52.0,41.3,0.0,0.0,1.472,1.07,335 337 241 112 117 208 198 173 123 144
glutamic,22,aspartic,21,4,3,0,10.863,11.05,0.27,111.8,58.6,7.3276,0.0,2.69,3.138,84 261
glutamic,22,aspartic,21,4,3,1,10.863,11.05,0.27,111.8,58.6,3.7882,0.0,2.179,2.302,20 98 184 182
glutamic,22,aspartic,21,4,3,2,10.863,11.05,0.27,111.8,58.6,0.3504,0.0,2.24,2.507,25 120 163 168 231 211
glutamic,22,aspartic,21,4,3,3,10.863,11.05,0.27,111.8,58.6,0.0,0.0,2.69,4.626,136 198 201 136 140 223 209 163
glutamic,22,aspartic,21,4,3,4,10.863,11.05,0.27,111.8,58.6,0.0,0.0,2.227,4.626,154 181 189 135 137 233 221 144 157 193
glutamic,22,aspartic,21,4,4,0,10.863,11.43,0.27,100.9,41.6,7.7351,0.0,2.293,3.221,29 68
glutamic,22,aspartic,21,4,4,1,10.863,11.43,0.27,100.9,41.6,4.1762,0.0,2.69,3.066,88 279 184 182
glutamic,22,aspartic,21,4,4,2,10.863,11.43,0.27,100.9,41.6,0.7164,0.0,2.157,1.822,18 67 171 175 139 151
glutamic,22,aspartic,21,4,4,3,10.863,11.43,0.27,100.9,41.6,0.0,0.0,2.328,1.105,74 278 227 287 70 184 346 158
glutamic,22,aspartic,21,4,4,4,10.863,11.43,0.27,100.9,41.6,0.0,0.0,2.69,4.626,134 251 224 92 100 207 209 107 100 191
glutamic,22,aspartic,21,4,5,0,10.863,9.255,0.27,101.9,131.7,5.5728,0.0,2.69,3.142,82 289
glutamic,22,aspartic,21,4,5,1,10.863,9.255,0.27,101.9,131.7,2.0062,0.0,2.204,2.286,22 83 177 178
glutamic,22,aspartic,21,4,5,2,10.863,9.255,0.27,101.9,131.7,0.0,0.0,2.69,4.626,125 240 178 106 129 176
glutamic,22,aspartic,21,4,5,3,10.863,9.255,0.27,101.9,131.7,0.0,0.0,2.69,4.626,142 195 207 130 134 243 224 158
glutamic,22,aspartic,21,4,5,4,10.863,9.255,0.27,101.9,131.7,0.0,0.0,2.69,4.626,170 206 215 123 120 219 206 117 135 198
glutamic,22,aspartic,21,5,3,0,10.863,11.508,0.27,93.6,55.5,7.7793,0.0,2.823,4.254,273 46
glutamic,22,aspartic,21,5,3,1,10.863,11.508,0.27,93.6,55.5,4.2482,0.0,2.823,4.224,322 294 177 178
glutamic,22,aspartic,21,5,3,2,10.863,11.508,0.27,93.6,55.5,0.586,0.0,2.823,4.396,318 295 171 175 163 165
glutamic,22,aspartic,21,5,3,3,10.863,11.508,0.27,93.6,55.5,0.0,0.0,2.823,5.562,223 147 149 225 216 143 157 194
glutamic,22,aspartic,21,5,3,4,10.863,11.508,0.27,93.6,55.5,0.0,0.0,2.823,5.562,202 161 157 223 221 141 150 221 209 167
glutamic,22,aspartic,21,5,4,0,10.863,11.626,0.27,93.3,50.4,7.8988,0.0,2.823,4.197,319 315
glutamic,22,aspartic,21,5,4,1,10.863,11.626,0.27,93.3,50.4,4.3681,0.0,2.823,3.741,270 65 183 182
glutamic,22,aspartic,21,5,4,2,10.863,11.626,0.27,93.3,50.4,0.7017,0.0,2.51,3.553,275 64 189 185 196 194
glutamic,22,aspartic,21,5,4,3,10.863,11.626,0.27,93.3,50.4,0.0,0.0,2.823,5.364,279 143 155 198 188 103 105 184
glutamic,22,aspartic,21,5,4,4,10.863,11.626,0.27,93.3,50.4,0.0,0.0,2.823,5.523,266 169 174 209 203 103 105 226 222 169
glutamic,22,aspartic,21,5,5,0,10.863,9.408,0.27,96.0,146.3,5.7237,0.0,2.823,4.403,317 303
glutamic,22,aspartic,21,5,5,1,10.863,9.408,0.27,96.0,146.3,2.2811,0.0,2.823,4.177,264 66 196 189
glutamic,22,aspartic,21,5,5,2,10.863,9.408,0.27,96.0,146.3,0.0,0.0,2.536,1.722,331 344 154 184 268 274
glutamic,22,aspartic,21,5,5,3,10.863,9.408,0.27,96.0,146.3,0.0,0.0,2.823,5.562,215 158 149 231 229 123 138 200
glutamic,22,aspartic,21,5,5,4,10.863,9.408,0.27,96.0,146.3,0.0,0.0,2.823,5.562,195 163 155 226 229 138 146 234 220 163
glutamic,22,aspartic,21,6,3,0,10.863,13.214,0.27,8.8,54.1,13.2383,0.0,2.965,5.729,113 0
glutamic,22,aspartic,21,6,3,1,10.863,13.214,0.27,8.8,54.1,9.8204,0.0,2.965,4.841,114 360 180 360
glutamic,22,aspartic,21,6,3,2,10.863,13.214,0.27,8.8,54.1,6.132,0.0,2.965,3.172,111 0 178 2 198 207
glutamic,22,aspartic,21,6,3,3,10.863,13.214,0.27,8.8,54.1,2.5252,0.0,2.691,2.405,113 0 180 0 144 134 181 180
glutamic,22,aspartic,21,6,3,4,10.863,13.214,0.27,8.8,54.1,0.0,0.0,2.965,5.519,178 331 208 43 157 220 190 167 160 165
glutamic,22,aspartic,21,6,4,0,10.863,13.331,0.27,7.0,48.9,13.4686,0.0,2.213,4.489,28 360
glutamic,22,aspartic,21,6,4,1,10.863,13.331,0.27,7.0,48.9,10.105,0.0,1.957,3.11,27 0 180 0
glutamic,22,aspartic,21,6,4,2,10.863,13.331,0.27,7.0,48.9,6.4011,0.0,1.953,0.733,30 360 181 359 161 148
glutamic,22,aspartic,21,6,4,3,10.863,13.331,0.27,7.0,48.9,2.8119,0.0,1.835,0.513,28 360 180 360 217 230 179 180
glutamic,22,aspartic,21,6,4,4,10.863,13.331,0.27,7.0,48.9,0.0,0.0,1.618,0.954,313 5 183 14 203 221 173 155 147 163
glutamic,22,aspartic,21,6,5,0,10.863,11.216,0.27,2.1,137.1,11.7683,0.0,2.941,5.233,80 0
glutamic,22,aspartic,21,6,5,1,10.863,11.216,0.27,2.1,137.1,8.756,0.0,2.965,3.629,81 360 180 360
glutamic,22,aspartic,21,6,5,2,10.863,11.216,0.27,2.1,137.1,5.0505,0.0,2.965,1.294,88 360 181 359 204 249
glutamic,22,aspartic,21,6,5,3,10.863,11.216,0.27,2.1,137.1,1.4911,0.0,2.71,1.297,91 359 182 359 140 114 170 174
glutamic,22,aspartic,21,6,5,4,10.863,11.216,0.27,2.1,137.1,0.0,0.0,2.492,0.537,63 295 264 74 113 246 220 176 191 188
glutamic,22,isoleucine,3,4,4,0,8.368,8.814,-0.682,77.9,84.5,5.1764,0.0,0.959,2.872,348 359
glutamic,22,isoleucine,3,4,4,1,8.368,8.814,-0.682,77.9,84.5,1.6365,0.0,1.184,2.516,328 26 200 196
glutamic,22,isoleucine,3,4,4,2,8.368,8.814,-0.682,77.9,84.5,0.0,0.0,1.586,0.687,26 3 89 353 295 144
glutamic,22,isoleucine,3,4,4,3,8.368,8.814,-0.682,77.9,84.5,0.0,0.0,2.133,0.236,19 44 150 260 163 242 352 299
glutamic,22,isoleucine,3,4,4,4,8.368,8.814,-0.682,77.9,84.5,0.0,0.0,1.008,2.338,347 355 40 351 317 93 123 273 244 151
glutamic,22,isoleucine,3,4,5,0,8.368,9.057,-0.682,70.1,75.5,5.6453,0.0,1.311,3.392,332 1
glutamic,22,isoleucine,3,4,5,1,8.368,9.057,-0.682,70.1,75.5,1.8687,0.0,1.257,3.039,335 358 164 156
glutamic,22,isoleucine,3,4,5,2,8.368,9.057,-0.682,70.1,75.5,0.0,0.0,0.764,1.751,335 60 91 300 1 149
glutamic,22,isoleucine,3,4,5,3,8.368,9.057,-0.682,70.1,75.5,0.0,0.0,1.237,0.99,15 2 54 336 290 82 117 202
glutamic,22,isoleucine,3,4,5,4,8.368,9.057,-0.682,70.1,75.5,0.0,0.0,0.956,0.95,12 40 15 290 276 83 150 343 242 131
glutamic,22,isoleucine,3,4,6,0,8.368,10.135,-0.682,65.3,27.1,6.8825,0.0,0.973,2.901,346 360
glutamic,22,isoleucine,3,4,6,1,8.368,10.135,-0.682,65.3,27.1,3.1482,0.0,0.964,2.245,347 0 202 227
glutamic,22,isoleucine,3,4,6,2,8.368,10.135,-0.682,65.3,27.1,0.7396,0.0,0.993,0.978,6 1 168 130 320 186
glutamic,22,isoleucine,3,4,6,3,8.368,10.135,-0.682,65.3,27.1,0.0,0.0,1.793,0.898,41 344 196 234 224 178 13 155
glutamic,22,isoleucine,3,4,6,4,8.368,10.135,-0.682,65.3,27.1,0.0,0.0,2.681,2.274,299 326 208 4 222 173 84 173 325 159
glutamic,22,isoleucine,3,5,4,0,8.368,9.696,-0.682,42.3,74.6,7.6804,0.0,1.753,3.369,349 360
glutamic,22,isoleucine,3,5,4,1,8.368,9.696,-0.682,42.3,74.6,3.9426,0.0,1.77,1.445,348 0 161 51
glutamic,22,isoleucine,3,5,4,2,8.368,9.696,-0.682,42.3,74.6,0.3923,0.0,1.685,1.073,351 359 144 73 173 176
glutamic,22,isoleucine,3,5,4,3,8.368,9.696,-0.682,42.3,74.6,0.0,0.0,1.944,0.502,333 60 81 308 274 109 160 216
glutamic,22,isoleucine,3,5,4,4,8.368,9.696,-0.682,42.3,74.6,0.0,0.0,1.441,1.462,352 22 62 329 294 97 129 235 214 163
glutamic,22,isoleucine,3,5,5,0,8.368,9.834,-0.682,36.8,69.4,8.1545,0.0,1.248,3.243,10 0
glutamic,22,isoleucine,3,5,5,1,8.368,9.834,-0.682,36.8,69.4,4.4809,0.0,1.22,1.185,12 359 195 328
glutamic,22,isoleucine,3,5,5,2,8.368,9.834,-0.682,36.8,69.4,0.8863,0.0,1.196,1.183,14 359 210 306 167 172
glutamic,22,isoleucine,3,5,5,3,8.368,9.834,-0.682,36.8,69.4,0.0,0.0,1.644,1.824,42 305 256 53 97 239 216 169
glutamic,22,isoleucine,3,5,5,4,8.368,9.834,-0.682,36.8,69.4,0.0,0.0,1.445,1.79,33 320 284 49 81 246 220 125 143 195
glutamic,22,isoleucine,3,5,6,0,8.368,10.516,-0.682,49.6,40.5,8.0157,0.0,1.352,3.262,4 0
glutamic,22,isoleucine,3,5,6,1,8.368,10.516,-0.682,49.6,40.5,4.2984,0.0,1.363,0.381,3 1 205 273
glutamic,22,isoleucine,3,5,6,2,8.368,10.516,-0.682,49.6,40.5,0.7397,0.0,1.369,0.437,2 2 219 265 193 188
glutamic,22,isoleucine,3,5,6,3,8.368,10.516,-0.682,49.6,40.5,0.0,0.0,2.496,1.042,319 83 92 129 113 135 306 177
glutamic,22,isoleucine,3,5,6,4,8.368,10.516,-0.682,49.6,40.5,0.0,0.0,1.69,1.209,5 335 300 20 59 269 231 128 156 201
glutamic,22,isoleucine,3,6,4,0,8.368,9.147,-0.682,65.5,69.0,5.9257,0.0,2.221,4.341,25 359
glutamic,22,isoleucine,3,6,4,1,8.368,9.147,-0.682,65.5,69.0,2.1051,0.0,0.599,4.051,24 360 200 227
glutamic,22,isoleucine,3,6,4,2,8.368,9.147,-0.682,65.5,69.0,0.0,0.0,1.458,2.601,59 0 159 347 81 187
glutamic,22,isoleucine,3,6,4,3,8.368,9.147,-0.682,65.5,69.0,0.0,0.0,1.87,3.489,24 322 297 32 53 269 225 105
glutamic,22,isoleucine,3,6,4,4,8.368,9.147,-0.682,65.5,69.0,0.0,0.0,2.211,3.897,25 347 307 27 56 259 232 100 125 205
glutamic,22,isoleucine,3,6,5,0,8.368,8.766,-0.682,80.9,83.1,5.0787,0.0,2.236,4.219,22 358
glutamic,22,isoleucine,3,6,5,1,8.368,8.766,-0.682,80.9,83.1,1.5509,0.0,0.82,3.381,358 34 197 192
glutamic,22,isoleucine,3,6,5,2,8.368,8.766,-0.682,80.9,83.1,0.0,0.0,0.491,2.355,351 328 299 348 67 214
glutamic,22,isoleucine,3,6,5,3,8.368,8.766,-0.682,80.9,83.1,0.0,0.0,2.921,4.504,105 293 192 12 76 188 58 49
glutamic,22,isoleucine,3,6,5,4,8.368,8.766,-0.682,80.9,83.1,0.0,0.0,2.29,4.51,39 339 298 18 46 265 237 85 116 211
glutamic,22,isoleucine,3,6,6,0,8.368,9.951,-0.682,72.2,33.5,6.4599,0.0,2.069,3.847,10 1
glutamic,22,isoleucine,3,6,6,1,8.368,9.951,-0.682,72.2,33.5,2.7326,0.0,1.234,2.659,14 356 168 167
glutamic,22,isoleucine,3,6,6,2,8.368,9.951,-0.682,72.2,33.5,0.4019,0.0,1.575,1.002,337 18 180 180 68 151
glutamic,22,isoleucine,3,6,6,3,8.368,9.951,-0.682,72.2,33.5,0.0,0.0,2.674,0.961,305 109 78 145 129 251 230 195
glutamic,22,isoleucine,3,6,6,4,8.368,9.951,-0.682,72.2,33.5,0.0,0.0,1.847,1.297,301 8 314 355 62 319 260 130 111 173
glutamic,22,leucine,13,4,1,0,10.61,11.593,-0.955,12.8,107.0,11.437,0.0,0.943,2.497,3 0
glutamic,22,leucine,13,4,1,1,10.61,11.593,-0.955,12.8,107.0,7.9842,0.0,0.949,1.293,3 360 180 360
glutamic,22,leucine,13,4,1,2,10.61,11.593,-0.955,12.8,107.0,4.3601,0.0,0.902,0.85,358 1 177 3 202 210
glutamic,22,leucine,13,4,1,3,10.61,11.593,-0.955,12.8,107.0,0.7052,0.0,0.908,0.548,359 0 179 1 146 132 185 183
glutamic,22,leucine,13,4,1,4,10.61,11.593,-0.955,12.8,107.0,0.0,0.0,2.302,2.264,80 306 238 61 137 223 194 148 150 176
glutamic,22,leucine,13,4,2,0,10.61,13.547,-0.955,5.9,20.8,13.744,0.0,0.979,2.462,5 0
glutamic,22,leucine,13,4,2,1,10.61,13.547,-0.955,5.9,20.8,10.4099,0.0,0.997,1.166,6 360 180 360
glutamic,22,leucine,13,4,2,2,10.61,13.547,-0.955,5.9,20.8,6.7151,0.0,0.982,0.684,5 0 179 1 200 216
glutamic,22,leucine,13,4,2,3,10.61,13.547,-0.955,5.9,20.8,3.13,0.0,1.008,0.702,7 0 180 0 144 129 182 181
glutamic,22,leucine,13,4,2,4,10.61,13.547,-0.955,5.9,20.8,0.4324,0.0,1.815,1.969,58 1 175 7 211 205 191 188 98 148
glutamic,22,leucine,13,4,13,0,10.61,12.363,-0.955,11.3,77.7,12.2618,0.0,2.118,4.229,308 360
glutamic,22,leucine,13,4,13,1,10.61,12.363,-0.955,11.3,77.7,8.8052,0.0,2.147,4.252,307 0 180 0
glutamic,22,leucine,13,4,13,2,10.61,12.363,-0.955,11.3,77.7,5.1474,0.0,2.005,2.353,312 359 183 357 161 154
glutamic,22,leucine,13,4,13,3,10.61,12.363,-0.955,11.3,77.7,1.5083,0.0,2.134,1.25,308 360 180 360 216 225 180 180
glutamic,22,leucine,13,4,13,4,10.61,12.363,-0.955,11.3,77.7,0.0,0.0,2.494,3.11,283 79 113 269 235 139 156 189 183 177
glutamic,22,leucine,13,5,1,0,10.61,9.878,-0.955,94.2,102.9,6.1711,0.0,1.869,3.628,25 49
glutamic,22,leucine,13,5,1,1,10.61,9.878,-0.955,94.2,102.9,2.6017,0.0,2.197,2.267,77 292 179 179
glutamic,22,leucine,13,5,1,2,10.61,9.878,-0.955,94.2,102.9,0.0,0.0,2.036,1.95,6 73 178 279 35 135
glutamic,22,leucine,13,5,1,3,10.61,9.878,-0.955,94.2,102.9,0.0,0.0,2.548,1.323,68 226 333 352 96 276 174 47
glutamic,22,leucine,13,5,1,4,10.61,9.878,-0.955,94.2,102.9,0.0,0.0,1.874,1.773,68 312 271 24 58 262 242 56 91 219
glutamic,22,leucine,13,5,2,0,10.61,11.658,-0.955,100.3,27.7,7.9442,0.0,2.285,3.958,28 69
glutamic,22,leucine,13,5,2,1,10.61,11.658,-0.955,100.3,27.7,4.4422,0.0,2.169,2.683,85 283 173 176
glutamic,22,leucine,13,5,2,2,10.61,11.658,-0.955,100.3,27.7,0.9874,0.0,0.999,2.65,85 270 168 173 138 151
glutamic,22,leucine,13,5,2,3,10.61,11.658,-0.955,100.3,27.7,0.0375,0.0,1.305,3.006,6 124 192 187 232 213 5 176
glutamic,22,leucine,13,5,2,4,10.61,11.658,-0.955,100.3,27.7,0.0,0.0,2.098,5.562,125 198 189 149 154 219 218 132 131 185
glutamic,22,leucine,13,5,13,0,10.61,10.768,-0.955,89.6,69.3,7.0954,0.0,1.928,3.908,70 326
glutamic,22,leucine,13,5,13,1,10.61,10.768,-0.955,89.6,69.3,3.4922,0.0,2.084,2.473,25 59 179 179
glutamic,22,leucine,13,5,13,2,10.61,10.768,-0.955,89.6,69.3,0.091,0.0,1.373,3.482,83 324 177 178 234 211
glutamic,22,leucine,13,5,13,3,10.61,10.768,-0.955,89.6,69.3,0.0,0.0,1.496,5.127,138 229 220 94 114 199 222 189
glutamic,22,leucine,13,5,13,4,10.61,10.768,-0.955,89.6,69.3,0.0,0.0,2.273,0.772,19 103 32 105 167 313 277 283 337 250
glutamic,22,leucine,13,6,1,0,10.61,9.94,-0.955,91.9,98.0,6.2686,0.0,1.913,3.793,331 319
glutamic,22,leucine,13,6,1,1,10.61,9.94,-0.955,91.9,98.0,2.663,0.0,2.12,2.887,282 64 178 179
glutamic,22,leucine,13,6,1,2,10.61,9.94,-0.955,91.9,98.0,0.0,0.0,2.038,1.526,354 284 179 64 318 202
glutamic,22,leucine,13,6,1,3,10.61,9.94,-0.955,91.9,98.0,0.0,0.0,2.476,1.566,12 118 3 207 339 239 151 180
glutamic,22,leucine,13,6,1,4,10.61,9.94,-0.955,91.9,98.0,0.0,0.0,1.762,2.011,300 32 70 336 307 105 126 289 257 145
glutamic,22,leucine,13,6,2,0,10.61,11.723,-0.955,97.8,16.5,8.0186,0.0,2.193,3.934,286 60
glutamic,22,leucine,13,6,2,1,10.61,11.723,-0.955,97.8,16.5,4.4833,0.0,2.123,3.273,341 286 180 180
glutamic,22,leucine,13,6,2,2,10.61,11.723,-0.955,97.8,16.5,1.1761,0.0,1.116,2.4,271 64 160 169 131 146
glutamic,22,leucine,13,6,2,3,10.61,11.723,-0.955,97.8,16.5,0.2559,0.0,0.738,3.605,263 38 168 174 127 146 355 184
glutamic,22,leucine,13,6,2,4,10.61,11.723,-0.955,97.8,16.5,0.0,0.0,2.645,5.729,242 132 188 193 201 162 118 241 287 166
glutamic,22,leucine,13,6,13,0,10.61,10.352,-0.955,105.7,82.5,6.6275,0.0,2.519,4.24,339 277
glutamic,22,leucine,13,6,13,1,10.61,10.352,-0.955,105.7,82.5,3.0943,0.0,2.026,3.631,277 87 186 184
glutamic,22,leucine,13,6,13,2,10.61,10.352,-0.955,105.7,82.5,0.0,0.0,1.286,4.023,347 242 187 171 126 104
glutamic,22,leucine,13,6,13,3,10.61,10.352,-0.955,105.7,82.5,0.0,0.0,2.695,5.729,252 167 167 218 208 108 119 191
glutamic,22,leucine,13,6,13,4,10.61,10.352,-0.955,105.7,82.5,0.0,0.0,2.449,5.729,206 164 163 232 232 140 148 224 211 165
glutamic,22,serine,31,4,3,0,7.491,6.191,0.128,141.6,87.3,2.6058,0.0,2.69,4.216,81 186
glutamic,22,serine,31,4,3,1,7.491,6.191,0.128,141.6,87.3,0.0145,0.0,2.69,4.626,115 162 232 74
glutamic,22,serine,31,4,3,2,7.491,6.191,0.128,141.6,87.3,0.0146,0.0,2.69,4.626,165 144 240 349 262 298
glutamic,22,serine,31,4,3,3,7.491,6.191,0.128,141.6,87.3,0.0,0.0,2.69,4.626,188 138 220 126 75 300 265 115
glutamic,22,serine,31,4,3,4,7.491,6.191,0.128,141.6,87.3,0.0,0.0,2.69,4.626,207 154 177 150 121 237 240 96 118 213
glutamic,22,serine,31,4,4,0,7.491,7.785,0.128,133.3,13.5,4.1057,0.0,2.69,3.537,69 206
glutamic,22,serine,31,4,4,1,7.491,7.785,0.128,133.3,13.5,1.1299,0.0,2.69,2.982,79 282 83 164
glutamic,22,serine,31,4,4,2,7.491,7.785,0.128,133.3,13.5,0.493,0.0,2.69,4.433,101 355 55 149 357 204
glutamic,22,serine,31,4,4,3,7.491,7.785,0.128,133.3,13.5,0.0,0.0,2.69,4.572,145 274 152 134 22 164 355 241
glutamic,22,serine,31,4,4,4,7.491,7.785,0.128,133.3,13.5,0.0,0.0,2.69,4.626,175 191 176 149 122 211 250 97 90 220
glutamic,22,serine,31,4,5,0,7.491,5.572,0.128,123.5,112.0,1.8767,0.0,2.326,3.242,31 124
glutamic,22,serine,31,4,5,1,7.491,5.572,0.128,123.5,112.0,0.0,0.0,2.69,3.765,86 129 291 74
glutamic,22,serine,31,4,5,2,7.491,5.572,0.128,123.5,112.0,0.0,0.0,2.69,3.977,126 151 317 28 89 358
glutamic,22,serine,31,4,5,3,7.491,5.572,0.128,123.5,112.0,0.0,0.0,1.877,0.529,310 76 181 131 77 314 233 80
glutamic,22,serine,31,4,5,4,7.491,5.572,0.128,123.5,112.0,0.0,0.0,1.972,2.067,51 328 247 311 326 293 264 52 158 267
glutamic,22,serine,31,5,3,0,7.491,7.577,0.128,79.5,91.7,3.9329,0.0,2.823,4.779,257 3
glutamic,22,serine,31,5,3,1,7.491,7.577,0.128,79.5,91.7,0.3147,0.0,2.823,4.5,280 315 200 190
glutamic,22,serine,31,5,3,2,7.491,7.577,0.128,79.5,91.7,0.0,0.0,2.823,5.497,224 177 88 238 212 96
glutamic,22,serine,31,5,3,3,7.491,7.577,0.128,79.5,91.7,0.0,0.0,2.823,5.562,186 177 124 250 255 45 81 217
glutamic,22,serine,31,5,3,4,7.491,7.577,0.128,79.5,91.7,0.0,0.0,2.823,5.562,185 175 156 218 226 115 122 244 226 158
glutamic,22,serine,31,5,4,0,7.491,9.108,0.128,77.5,27.0,5.4878,0.0,2.823,4.375,273 359
glutamic,22,serine,31,5,4,1,7.491,9.108,0.128,77.5,27.0,1.8392,0.0,2.823,3.742,256 26 187 185
glutamic,22,serine,31,5,4,2,7.491,9.108,0.128,77.5,27.0,0.3128,0.0,2.823,3.982,325 286 182 181 23 168
glutamic,22,serine,31,5,4,3,7.491,9.108,0.128,77.5,27.0,0.0,0.0,2.823,4.565,219 120 173 189 255 129 56 123
glutamic,22,serine,31,5,4,4,7.491,9.108,0.128,77.5,27.0,0.0,0.0,2.823,4.815,194 162 153 218 219 129 136 236 224 164
glutamic,22,serine,31,5,5,0,7.491,6.74,0.128,76.1,127.9,3.2258,0.0,2.823,4.238,280 358
glutamic,22,serine,31,5,5,1,7.491,6.74,0.128,76.1,127.9,0.0,0.0,2.823,3.838,252 72 156 256
glutamic,22,serine,31,5,5,2,7.491,6.74,0.128,76.1,127.9,0.0,0.0,2.823,4.221,286 120 2 315 310 62
glutamic,22,serine,31,5,5,3,7.491,6.74,0.128,76.1,127.9,0.0,0.0,2.823,4.225,270 273 0 65 1 271 321 312
glutamic,22,serine,31,5,5,4,7.491,6.74,0.128,76.1,127.9,0.0,0.0,2.758,3.263,308 21 356 347 351 58 83 297 240 119
glutamic,22,serine,31,6,3,0,7.491,8.66,0.128,34.6,89.3,7.2639,0.0,2.965,5.729,132 0
glutamic,22,serine,31,6,3,1,7.491,8.66,0.128,34.6,89.3,3.5305,0.0,2.965,5.716,133 360 185 352
glutamic,22,serine,31,6,3,2,7.491,8.66,0.128,34.6,89.3,0.0,0.0,2.965,5.11,147 355 151 44 176 176
glutamic,22,serine,31,6,3,3,7.491,8.66,0.128,34.6,89.3,0.0,0.0,2.803,4.486,75 307 268 86 118 232 213 168
glutamic,22,serine,31,6,3,4,7.491,8.66,0.128,34.6,89.3,0.0,0.0,2.503,5.084,66 338 300 62 96 242 218 128 141 190
glutamic,22,serine,31,6,4,0,7.491,10.235,0.128,27.3,16.2,9.1712,0.0,2.965,5.729,115 360
glutamic,22,serine,31,6,4,1,7.491,10.235,0.128,27.3,16.2,5.4952,0.0,2.965,4.862,115 0 180 0
glutamic,22,serine,31,6,4,2,7.491,10.235,0.128,27.3,16.2,1.8747,0.0,2.965,3.582,113 360 199 328 176 178
glutamic,22,serine,31,6,4,3,7.491,10.235,0.128,27.3,16.2,0.6011,0.0,2.965,1.689,81 2 143 65 194 190 318 199
glutamic,22,serine,31,6,4,4,7.491,10.235,0.128,27.3,16.2,0.0,0.0,2.22,0.379,31 4 162 70 190 202 248 194 43 144
glutamic,22,serine,31,6,5,0,7.491,7.942,0.128,21.6,118.5,7.4811,0.0,2.965,5.729,111 360
glutamic,22,serine,31,6,5,1,7.491,7.942,0.128,21.6,118.5,4.2636,0.0,2.965,4.619,109 0 179 1
glutamic,22,serine,31,6,5,2,7.491,7.942,0.128,21.6,118.5,0.53,0.0,2.965,2.138,98 2 173 6 212 240
glutamic,22,serine,31,6,5,3,7.491,7.942,0.128,21.6,118.5,0.0,0.0,2.57,2.818,65 271 304 328 238 326 63 118
glutamic,22,serine,31,6,5,4,7.491,7.942,0.128,21.6,118.5,0.0,0.0,2.965,3.299,260 148 49 13 117 351 215 143 172 209
glutamic,22,tryptophan,5,4,16,0,12.941,11.067,-0.34,115.1,138.1,7.3545,0.0,2.131,2.478,336 106
glutamic,22,tryptophan,5,4,16,1,12.941,11.067,-0.34,115.1,138.1,3.829,0.0,2.348,1.198,40 255 179 179
glutamic,22,tryptophan,5,4,16,2,12.941,11.067,-0.34,115.1,138.1,0.1068,0.0,2.23,0.944,327 104 178 179 175 175
glutamic,22,tryptophan,5,4,16,3,12.941,11.067,-0.34,115.1,138.1,0.0,0.0,2.091,0.48,11 133 348 109 241 171 52 86
glutamic,22,tryptophan,5,4,16,4,12.941,11.067,-0.34,115.1,138.1,0.0,0.0,2.69,3.058,97 165 242 29 109 164 152 59 80 240
glutamic,22,tryptophan,5,4,17,0,12.941,12.797,-0.34,107.4,65.7,9.0832,0.0,2.005,2.256,340 85
glutamic,22,tryptophan,5,4,17,1,12.941,12.797,-0.34,107.4,65.7,5.5514,0.0,2.157,1.007,43 268 184 183
glutamic,22,tryptophan,5,4,17,2,12.941,12.797,-0.34,107.4,65.7,1.8241,0.0,2.011,0.764,331 89 188 184 186 186
glutamic,22,tryptophan,5,4,17,3,12.941,12.797,-0.34,107.4,65.7,0.0,0.0,2.158,1.681,22 263 229 179 199 165 340 197
glutamic,22,tryptophan,5,4,17,4,12.941,12.797,-0.34,107.4,65.7,0.0,0.0,1.847,1.261,336 322 287 12 37 235 200 57 76 204
glutamic,22,tryptophan,5,4,18,0,12.941,13.402,-0.34,117.8,38.8,9.6819,0.0,2.1,2.557,339 114
glutamic,22,tryptophan,5,4,18,1,12.941,13.402,-0.34,117.8,38.8,6.1586,0.0,2.458,1.07,42 251 177 178
glutamic,22,tryptophan,5,4,18,2,12.941,13.402,-0.34,117.8,38.8,2.4326,0.0,2.199,0.841,329 111 174 177 175 176
glutamic,22,tryptophan,5,4,18,3,12.941,13.402,-0.34,117.8,38.8,0.2073,0.0,2.222,2.362,328 136 191 185 189 189 66 156
glutamic,22,tryptophan,5,4,18,4,12.941,13.402,-0.34,117.8,38.8,0.0,0.0,2.12,4.107,305 7 313 79 329 182 148 126 328 225
glutamic,22,tryptophan,5,5,16,0,12.941,12.774,-0.34,47.6,130.7,10.2896,0.0,2.823,3.921,301 0
glutamic,22,tryptophan,5,5,16,1,12.941,12.774,-0.34,47.6,130.7,6.6003,0.0,2.823,1.61,301 1 155 85
glutamic,22,tryptophan,5,5,16,2,12.941,12.774,-0.34,47.6,130.7,3.0534,0.0,2.823,0.718,300 1 218 266 187 184
glutamic,22,tryptophan,5,5,16,3,12.941,12.774,-0.34,47.6,130.7,0.0,0.0,2.823,0.555,292 33 132 353 296 173 182 164
glutamic,22,tryptophan,5,5,16,4,12.941,12.774,-0.34,47.6,130.7,0.0,0.0,2.823,2.211,300 44 80 306 279 140 162 228 216 168
glutamic,22,tryptophan,5,5,17,0,12.941,14.218,-0.34,52.2,72.0,11.4547,0.0,2.761,3.766,311 360
glutamic,22,tryptophan,5,5,17,1,12.941,14.218,-0.34,52.2,72.0,7.7209,0.0,2.762,1.553,311 0 205 255
glutamic,22,tryptophan,5,5,17,2,12.941,14.218,-0.34,52.2,72.0,4.183,0.0,2.762,0.778,311 0 141 104 180 180
glutamic,22,tryptophan,5,5,17,3,12.941,14.218,-0.34,52.2,72.0,0.4826,0.0,1.615,0.91,311 359 147 106 170 175 175 175
glutamic,22,tryptophan,5,5,17,4,12.941,14.218,-0.34,52.2,72.0,0.0,0.0,1.756,0.726,348 61 105 300 165 161 196 352 358 168
glutamic,22,tryptophan,5,5,18,0,12.941,15.101,-0.34,50.7,31.6,12.396,0.0,2.823,3.933,299 0
glutamic,22,tryptophan,5,5,18,1,12.941,15.101,-0.34,50.7,31.6,8.6725,0.0,2.823,1.938,299 0 155 103
glutamic,22,tryptophan,5,5,18,2,12.941,15.101,-0.34,50.7,31.6,5.1452,0.0,2.823,0.45,299 0 219 257 180 180
glutamic,22,tryptophan,5,5,18,3,12.941,15.101,-0.34,50.7,31.6,1.4246,0.0,2.271,0.354,301 360 213 259 173 177 176 176
glutamic,22,tryptophan,5,5,18,4,12.941,15.101,-0.34,50.7,31.6,0.0789,0.0,2.73,0.958,279 360 216 258 178 179 178 178 356 182
glutamic,22,tryptophan,5,6,16,0,12.941,12.751,-0.34,48.7,141.1,10.2063,0.0,2.475,5.015,58 0
glutamic,22,tryptophan,5,6,16,1,12.941,12.751,-0.34,48.7,141.1,6.5163,0.0,2.467,3.736,57 0 206 269
glutamic,22,tryptophan,5,6,16,2,12.941,12.751,-0.34,48.7,141.1,3.0117,0.0,2.455,3.31,56 1 143 93 185 183
glutamic,22,tryptophan,5,6,16,3,12.941,12.751,-0.34,48.7,141.1,0.02,0.0,2.507,1.74,62 354 216 313 132 144 274 220
glutamic,22,tryptophan,5,6,16,4,12.941,12.751,-0.34,48.7,141.1,0.0,0.0,2.85,1.601,78 306 267 59 86 214 196 124 133 190
glutamic,22,tryptophan,5,6,17,0,12.941,14.336,-0.34,46.7,73.3,11.8582,0.0,2.322,4.993,47 360
glutamic,22,tryptophan,5,6,17,1,12.941,14.336,-0.34,46.7,73.3,8.1231,0.0,2.322,3.675,47 360 155 89
glutamic,22,tryptophan,5,6,17,2,12.941,14.336,-0.34,46.7,73.3,4.5936,0.0,2.325,3.389,48 360 218 267 178 179
glutamic,22,tryptophan,5,6,17,3,12.941,14.336,-0.34,46.7,73.3,0.9121,0.0,2.312,3.031,46 1 214 265 197 189 191 191
glutamic,22,tryptophan,5,6,17,4,12.941,14.336,-0.34,46.7,73.3,0.0,0.0,1.772,2.538,1 315 281 61 79 201 181 174 194 195
glutamic,22,tryptophan,5,6,18,0,12.941,15.174,-0.34,47.3,36.5,12.6436,0.0,2.507,5.025,60 0
glutamic,22,tryptophan,5,6,18,1,12.941,15.174,-0.34,47.3,36.5,8.9159,0.0,2.506,3.805,59 0 205 266
glutamic,22,tryptophan,5,6,18,2,12.941,15.174,-0.34,47.3,36.5,5.395,0.0,2.503,3.367,59 0 142 95 183 182
glutamic,22,tryptophan,5,6,18,3,12.941,15.174,-0.34,47.3,36.5,1.6692,0.0,2.519,3.474,61 359 213 266 172 176 175 175
glutamic,22,tryptophan,5,6,18,4,12.941,15.174,-0.34,47.3,36.5,0.0,0.0,2.457,4.319,61 349 176 131 163 175 173 119 93 159
glutamic,22,tyrosine,1,4,11,0,7.575,9.702,0.992,54.4,35.4,6.9782,0.0,2.69,4.626,105 0
glutamic,22,tyrosine,1,4,11,1,7.575,9.702,0.992,54.4,35.4,3.2607,0.0,2.69,4.626,104 1 206 261
glutamic,22,tyrosine,1,4,11,2,7.575,9.702,0.992,54.4,35.4,0.3194,0.0,2.69,4.581,96 17 200 199 289 205
glutamic,22,tyrosine,1,4,11,3,7.575,9.702,0.992,54.4,35.4,0.0,0.0,2.69,4.061,75 43 216 22 74 222 316 210
glutamic,22,tyrosine,1,4,11,4,7.575,9.702,0.992,54.4,35.4,0.0,0.0,2.149,2.429,55 332 313 70 89 229 209 113 136 202
glutamic,22,tyrosine,1,4,12,0,7.575,8.577,0.992,42.9,82.0,6.6124,0.0,2.69,4.626,115 0
glutamic,22,tyrosine,1,4,12,1,7.575,8.577,0.992,42.9,82.0,2.8857,0.0,2.69,4.626,116 359 197 320
glutamic,22,tyrosine,1,4,12,2,7.575,8.577,0.992,42.9,82.0,0.0,0.0,2.69,4.626,114 353 212 23 60 139
glutamic,22,tyrosine,1,4,12,3,7.575,8.577,0.992,42.9,82.0,0.0,0.0,2.69,4.239,98 320 296 40 83 262 228 138
glutamic,22,tyrosine,1,4,12,4,7.575,8.577,0.992,42.9,82.0,0.0,0.0,1.598,1.124,28 94 50 63 144 300 253 126 124 178
glutamic,22,tyrosine,1,4,13,0,7.575,7.25,0.992,54.9,141.5,4.6859,0.0,2.69,4.626,103 360
glutamic,22,tyrosine,1,4,13,1,7.575,7.25,0.992,54.9,141.5,1.2831,0.0,2.69,4.626,109 359 146 76
glutamic,22,tyrosine,1,4,13,2,7.575,7.25,0.992,54.9,141.5,0.0,0.0,2.066,2.069,37 10 204 17 217 261
glutamic,22,tyrosine,1,4,13,3,7.575,7.25,0.992,54.9,141.5,0.0,0.0,1.961,1.69,27 22 251 47 75 265 342 241
glutamic,22,tyrosine,1,4,13,4,7.575,7.25,0.992,54.9,141.5,0.0,0.0,1.307,0.441,354 126 64 75 94 290 274 118 148 214
glutamic,22,tyrosine,1,5,11,0,7.575,7.453,0.992,158.9,29.7,4.4638,0.0,2.433,4.32,354 180
glutamic,22,tyrosine,1,5,11,1,7.575,7.453,0.992,158.9,29.7,1.0866,0.0,2.154,4.838,326 191 128 83
glutamic,22,tyrosine,1,5,11,2,7.575,7.453,0.992,158.9,29.7,0.1387,0.0,2.823,5.353,280 219 99 128 27 115
glutamic,22,tyrosine,1,5,11,3,7.575,7.453,0.992,158.9,29.7,0.0,0.0,2.823,5.562,156 175 167 244 305 113 118 223
glutamic,22,tyrosine,1,5,11,4,7.575,7.453,0.992,158.9,29.7,0.0,0.0,2.823,5.405,93 147 150 13 281 71 93 250 264 161
glutamic,22,tyrosine,1,5,12,0,7.575,6.109,0.992,155.6,85.2,3.0906,0.0,2.341,4.276,38 180
glutamic,22,tyrosine,1,5,12,1,7.575,6.109,0.992,155.6,85.2,0.0,0.0,2.281,3.607,27 120 270 292
glutamic,22,tyrosine,1,5,12,2,7.575,6.109,0.992,155.6,85.2,0.0,0.0,2.823,5.562,203 212 150 9 154 46
glutamic,22,tyrosine,1,5,12,3,7.575,6.109,0.992,155.6,85.2,0.0,0.0,2.823,5.562,181 149 201 157 72 253 241 96
glutamic,22,tyrosine,1,5,12,4,7.575,6.109,0.992,155.6,85.2,0.0,0.0,2.823,5.041,303 224 199 38 68 299 259 41 79 212
glutamic,22,tyrosine,1,5,13,0,7.575,5.066,0.992,155.9,130.6,2.2766,0.0,2.592,4.515,341 180
glutamic,22,tyrosine,1,5,13,1,7.575,5.066,0.992,155.9,130.6,0.1703,0.0,2.006,2.723,337 91 287 2
glutamic,22,tyrosine,1,5,13,2,7.575,5.066,0.992,155.9,130.6,0.0,0.0,2.194,3.236,326 334 25 178 359 317
glutamic,22,tyrosine,1,5,13,3,7.575,5.066,0.992,155.9,130.6,0.0,0.0,2.823,5.562,146 79 304 264 246 353 250 68
glutamic,22,tyrosine,1,5,13,4,7.575,5.066,0.992,155.9,130.6,0.0,0.0,2.823,5.562,223 12 45 99 44 29 88 351 284 127
glutamic,22,tyrosine,1,6,11,0,7.575,9.677,0.992,55.4,24.9,6.8912,0.0,2.965,5.546,258 360
glutamic,22,tyrosine,1,6,11,1,7.575,9.677,0.992,55.4,24.9,3.1582,0.0,2.965,5.467,257 360 154 99
glutamic,22,tyrosine,1,6,11,2,7.575,9.677,0.992,55.4,24.9,0.6148,0.0,2.965,5.729,239 360 180 182 51 176
glutamic,22,tyrosine,1,6,11,3,7.575,9.677,0.992,55.4,24.9,0.0,0.0,2.965,5.729,244 329 188 316 336 155 2 208
glutamic,22,tyrosine,1,6,11,4,7.575,9.677,0.992,55.4,24.9,0.0,0.0,2.878,5.082,260 24 70 306 295 137 115 242 248 151
glutamic,22,tyrosine,1,6,12,0,7.575,7.998,0.992,66.8,96.6,4.7436,0.0,2.965,5.417,261 360
glutamic,22,tyrosine,1,6,12,1,7.575,7.998,0.992,66.8,96.6,1.132,0.0,2.965,5.203,269 354 150 130
glutamic,22,tyrosine,1,6,12,2,7.575,7.998,0.992,66.8,96.6,0.0,0.0,2.965,5.729,226 104 72 354 265 103
glutamic,22,tyrosine,1,6,12,3,7.575,7.998,0.992,66.8,96.6,0.0,0.0,2.965,5.729,183 147 117 238 244 118 145 215
glutamic,22,tyrosine,1,6,12,4,7.575,7.998,0.992,66.8,96.6,0.0,0.0,2.773,4.974,266 17 29 330 304 85 113 300 256 137
glutamic,22,tyrosine,1,6,13,0,7.575,7.384,0.992,49.4,122.8,5.1344,0.0,2.965,5.605,256 360
glutamic,22,tyrosine,1,6,13,1,7.575,7.384,0.992,49.4,122.8,1.4633,0.0,2.965,5.281,255 2 161 44
glutamic,22,tyrosine,1,6,13,2,7.575,7.384,0.992,49.4,122.8,0.0,0.0,2.965,5.729,217 102 102 291 283 215
glutamic,22,tyrosine,1,6,13,3,7.575,7.384,0.992,49.4,122.8,0.0,0.0,2.318,3.696,291 75 27 295 264 84 195 281
glutamic,22,tyrosine,1,6,13,4,7.575,7.384,0.992,49.4,122.8,0.0,0.0,2.227,0.771,5 213 285 252 302 109 75 225 173 128
glutamic,22,phenylalanine,4,4,12,0,3.459,2.73,0.346,74.2,84.7,1.969,0.0,2.197,2.923,53 342
glutamic,22,phenylalanine,4,4,12,1,3.459,2.73,0.346,74.2,84.7,2.4221,0.0,2.251,1.024,26 244 346 354
glutamic,22,phenylalanine,4,4,12,2,3.459,2.73,0.346,74.2,84.7,1.2153,0.0,2.044,0.953,337 253 357 326 227 358
glutamic,22,phenylalanine,4,4,12,3,3.459,2.73,0.346,74.2,84.7,0.0,0.0,1.992,1.014,305 298 325 99 87 298 221 81
glutamic,22,phenylalanine,4,4,12,4,3.459,2.73,0.346,74.2,84.7,0.0,0.0,2.267,0.642,303 2 338 56 51 287 277 74 135 242
glutamic,22,phenylalanine,4,4,13,0,3.459,2.672,0.346,124.4,86.7,1.6209,0.0,2.69,3.957,79 197
glutamic,22,phenylalanine,4,4,13,1,3.459,2.672,0.346,124.4,86.7,2.4556,0.0,1.975,1.276,29 272 13 7
glutamic,22,phenylalanine,4,4,13,2,3.459,2.672,0.346,124.4,86.7,1.2867,0.0,2.109,1.992,338 299 4 33 134 2
glutamic,22,phenylalanine,4,4,13,3,3.459,2.672,0.346,124.4,86.7,0.0,0.0,2.42,0.363,314 292 353 104 73 304 245 67
glutamic,22,phenylalanine,4,4,13,4,3.459,2.672,0.346,124.4,86.7,0.0,0.0,1.264,0.294,324 33 236 267 350 281 269 32 87 324
glutamic,22,phenylalanine,4,4,14,0,3.459,3.129,0.346,82.1,71.0,1.5892,0.0,2.69,4.56,95 24
glutamic,22,phenylalanine,4,4,14,1,3.459,3.129,0.346,82.1,71.0,1.9713,0.0,2.69,4.626,128 110 11 6
glutamic,22,phenylalanine,4,4,14,2,3.459,3.129,0.346,82.1,71.0,0.7899,0.0,2.69,4.626,177 100 2 31 137 1
glutamic,22,phenylalanine,4,4,14,3,3.459,3.129,0.346,82.1,71.0,0.0,0.0,2.309,4.626,159 57 32 186 13 245 304 345
glutamic,22,phenylalanine,4,4,14,4,3.459,3.129,0.346,82.1,71.0,0.0,0.0,1.961,3.924,298 42 343 51 126 291 269 45 77 240
glutamic,22,phenylalanine,4,5,12,0,3.459,2.893,0.346,68.9,88.3,2.0237,0.0,2.822,3.825,301 16
glutamic,22,phenylalanine,4,5,12,1,3.459,2.893,0.346,68.9,88.3,2.288,0.0,2.782,3.254,323 123 17 6
glutamic,22,phenylalanine,4,5,12,2,3.459,2.893,0.346,68.9,88.3,1.0233,0.0,2.278,1.945,16 114 2 28 141 1
glutamic,22,phenylalanine,4,5,12,3,3.459,2.893,0.346,68.9,88.3,0.0,0.0,2.422,1.561,47 66 34 259 271 65 147 278
glutamic,22,phenylalanine,4,5,12,4,3.459,2.893,0.346,68.9,88.3,0.0,0.0,1.597,2.718,49 357 24 306 305 74 85 283 227 120
glutamic,22,phenylalanine,4,5,13,0,3.459,3.954,0.346,71.3,51.6,1.9003,0.0,2.823,4.854,264 346
glutamic,22,phenylalanine,4,5,13,1,3.459,3.954,0.346,71.3,51.6,1.6252,0.0,2.823,5.455,243 255 332 349
glutamic,22,phenylalanine,4,5,13,2,3.459,3.954,0.346,71.3,51.6,0.1183,0.0,2.823,5.318,201 258 346 304 258 353
glutamic,22,phenylalanine,4,5,13,3,3.459,3.954,0.346,71.3,51.6,0.0,0.0,2.823,5.029,188 117 152 101 47 288 275 330
glutamic,22,phenylalanine,4,5,13,4,3.459,3.954,0.346,71.3,51.6,0.0,0.0,0.466,3.25,325 330 144 230 282 228 6 253 288 359
glutamic,22,phenylalanine,4,5,14,0,3.459,2.469,0.346,108.3,105.5,1.7447,0.0,2.823,5.312,284 263
glutamic,22,phenylalanine,4,5,14,1,3.459,2.469,0.346,108.3,105.5,2.4048,0.0,2.823,5.562,228 260 5 3
glutamic,22,phenylalanine,4,5,14,2,3.459,2.469,0.346,108.3,105.5,1.4262,0.0,2.823,5.562,177 286 0 13 162 0
glutamic,22,phenylalanine,4,5,14,3,3.459,2.469,0.346,108.3,105.5,0.0,0.0,1.566,2.126,14 55 348 268 290 61 129 286
glutamic,22,phenylalanine,4,5,14,4,3.459,2.469,0.346,108.3,105.5,0.0,0.0,2.576,4.689,303 132 247 291 317 64 85 109 68 18
glutamic,22,phenylalanine,4,6,12,0,3.459,4.26,0.346,6.0,107.7,5.7653,0.0,2.214,4.463,28 359
glutamic,22,phenylalanine,4,6,12,1,3.459,4.26,0.346,6.0,107.7,4.536,0.0,2.014,2.953,20 357 184 360
glutamic,22,phenylalanine,4,6,12,2,3.459,4.26,0.346,6.0,107.7,1.3866,0.0,0.985,2.014,35 86 80 1 176 4
glutamic,22,phenylalanine,4,6,12,3,3.459,4.26,0.346,6.0,107.7,0.0,0.0,1.483,1.469,67 260 279 97 77 295 248 111
glutamic,22,phenylalanine,4,6,12,4,3.459,4.26,0.346,6.0,107.7,0.0,0.0,1.684,1.766,2 340 302 46 76 286 254 85 121 211
glutamic,22,phenylalanine,4,6,13,0,3.459,5.069,0.346,26.0,76.6,5.1116,0.0,2.965,5.729,135 359
glutamic,22,phenylalanine,4,6,13,1,3.459,5.069,0.346,26.0,76.6,2.8951,0.0,2.965,5.729,134 358 183 359
glutamic,22,phenylalanine,4,6,13,2,3.459,5.069,0.346,26.0,76.6,0.0,0.0,2.965,5.165,175 268 270 3 168 12
glutamic,22,phenylalanine,4,6,13,3,3.459,5.069,0.346,26.0,76.6,0.0,0.0,2.34,1.415,31 299 273 74 107 290 247 143
glutamic,22,phenylalanine,4,6,13,4,3.459,5.069,0.346,26.0,76.6,0.0,0.0,1.848,2.415,10 340 303 53 84 276 248 111 137 202
glutamic,22,phenylalanine,4,6,14,0,3.459,4.591,0.346,26.2,94.2,4.7958,0.0,2.965,5.729,202 1
glutamic,22,phenylalanine,4,6,14,1,3.459,4.591,0.346,26.2,94.2,2.9743,0.0,2.965,5.729,204 5 172 1
glutamic,22,phenylalanine,4,6,14,2,3.459,4.591,0.346,26.2,94.2,0.0,0.0,2.965,5.729,175 268 291 4 186 344
glutamic,22,phenylalanine,4,6,14,3,3.459,4.591,0.346,26.2,94.2,0.0,0.0,2.106,2.613,309 67 81 285 257 63 120 233
glutamic,22,phenylalanine,4,6,14,4,3.459,4.591,0.346,26.2,94.2,0.0,0.0,1.637,2.351,340 20 58 302 271 87 115 251 226 158
isoleucine,3,arginine,3,4,16,0,8.933,9.043,-0.55,94.6,77.5,5.3127,0.0,2.26,2.631,16 310
isoleucine,3,arginine,3,4,16,1,8.933,9.043,-0.55,94.6,77.5,1.7569,0.0,2.556,0.593,323 68 183 182
isoleucine,3,arginine,3,4,16,2,8.933,9.043,-0.55,94.6,77.5,0.0,0.0,3.033,0.419,321 168 112 223 199 119
isoleucine,3,arginine,3,4,16,3,8.933,9.043,-0.55,94.6,77.5,0.0,0.0,2.453,0.973,33 254 186 323 9 120 349 65
isoleucine,3,arginine,3,4,16,4,8.933,9.043,-0.55,94.6,77.5,0.0,0.0,2.462,1.053,306 237 353 98 79 6 320 244 345 316
isoleucine,3,arginine,3,4,17,0,8.933,10.231,-0.55,84.8,22.8,6.582,0.0,2.14,2.686,341 15
isoleucine,3,arginine,3,4,17,1,8.933,10.231,-0.55,84.8,22.8,2.9633,0.0,2.238,0.582,14 313 182 181
isoleucine,3,arginine,3,4,17,2,8.933,10.231,-0.55,84.8,22.8,0.7653,0.0,1.717,0.933,316 10 217 226 53 157
isoleucine,3,arginine,3,4,17,3,8.933,10.231,-0.55,84.8,22.8,0.0671,0.0,1.638,1.583,311 0 199 231 53 167 0 180
isoleucine,3,arginine,3,4,17,4,8.933,10.231,-0.55,84.8,22.8,0.0,0.0,2.729,1.133,316 45 104 331 288 117 131 257 253 157
isoleucine,3,arginine,3,4,18,0,8.933,7.894,-0.55,80.7,123.9,4.3763,0.0,1.981,2.673,360 348
isoleucine,3,arginine,3,4,18,1,8.933,7.894,-0.55,80.7,123.9,0.6062,0.0,2.33,0.693,329 39 181 181
isoleucine,3,arginine,3,4,18,2,8.933,7.894,-0.55,80.7,123.9,0.0,0.0,2.533,0.708,314 108 78 347 291 63
isoleucine,3,arginine,3,4,18,3,8.933,7.894,-0.55,80.7,123.9,0.0,0.0,2.574,0.7,53 76 27 285 235 59 279 326
isoleucine,3,arginine,3,4,18,4,8.933,7.894,-0.55,80.7,123.9,0.0,0.0,1.161,1.444,321 30 76 342 313 79 105 308 256 139
isoleucine,3,arginine,3,5,16,0,8.933,10.289,-0.55,46.0,76.5,8.0143,0.0,0.792,4.734,324 360
isoleucine,3,arginine,3,5,16,1,8.933,10.289,-0.55,46.0,76.5,4.2761,0.0,0.784,2.941,324 360 157 71
isoleucine,3,arginine,3,5,16,2,8.933,10.289,-0.55,46.0,76.5,0.7319,0.0,0.876,2.174,321 1 219 274 190 186
isoleucine,3,arginine,3,5,16,3,8.933,10.289,-0.55,46.0,76.5,0.0,0.0,1.029,0.845,341 33 84 319 273 118 143 189
isoleucine,3,arginine,3,5,16,4,8.933,10.289,-0.55,46.0,76.5,0.0,0.0,0.97,0.351,297 51 81 299 275 127 148 249 230 161
isoleucine,3,arginine,3,5,17,0,8.933,11.297,-0.55,41.8,32.7,9.2173,0.0,0.555,4.203,340 0
isoleucine,3,arginine,3,5,17,1,8.933,11.297,-0.55,41.8,32.7,5.4876,0.0,0.559,2.884,340 0 201 297
isoleucine,3,arginine,3,5,17,2,8.933,11.297,-0.55,41.8,32.7,1.9191,0.0,0.557,2.41,340 360 144 76 180 180
isoleucine,3,arginine,3,5,17,3,8.933,11.297,-0.55,41.8,32.7,0.0323,0.0,1.111,1.34,358 360 220 258 179 180 52 156
isoleucine,3,arginine,3,5,17,4,8.933,11.297,-0.55,41.8,32.7,0.0,0.0,2.897,1.502,68 6 119 276 249 152 140 176 256 228
isoleucine,3,arginine,3,5,18,0,8.933,8.833,-0.55,43.4,139.3,6.8174,0.0,0.56,4.192,341 0
isoleucine,3,arginine,3,5,18,1,8.933,8.833,-0.55,43.4,139.3,3.1692,0.0,0.554,2.728,340 360 201 309
isoleucine,3,arginine,3,5,18,2,8.933,8.833,-0.55,43.4,139.3,0.0,0.0,0.58,2.013,353 340 168 1 273 204
isoleucine,3,arginine,3,5,18,3,8.933,8.833,-0.55,43.4,139.3,0.0,0.0,1.563,2.509,17 22 73 324 266 94 133 196
isoleucine,3,arginine,3,5,18,4,8.933,8.833,-0.55,43.4,139.3,0.0,0.0,1.587,3.133,3 14 51 330 296 92 125 243 216 159
isoleucine,3,arginine,3,6,16,0,8.933,10.179,-0.55,50.9,65.1,7.6156,0.0,3.582,3.455,37 360
isoleucine,3,arginine,3,6,16,1,8.933,10.179,-0.55,50.9,65.1,3.9129,0.0,3.537,0.828,39 359 205 279
isoleucine,3,arginine,3,6,16,2,8.933,10.179,-0.55,50.9,65.1,0.5578,0.0,2.717,1.125,49 358 209 295 135 160
isoleucine,3,arginine,3,6,16,3,8.933,10.179,-0.55,50.9,65.1,0.0,0.0,3.902,0.639,82 305 248 31 101 239 225 160
isoleucine,3,arginine,3,6,16,4,8.933,10.179,-0.55,50.9,65.1,0.0,0.0,3.74,0.369,49 323 288 51 77 240 217 111 130 200
isoleucine,3,arginine,3,6,17,0,8.933,10.844,-0.55,61.7,35.3,7.7119,0.0,3.495,3.375,28 0
isoleucine,3,arginine,3,6,17,1,8.933,10.844,-0.55,61.7,35.3,4.0123,0.0,2.854,0.717,29 359 155 128
isoleucine,3,arginine,3,6,17,2,8.933,10.844,-0.55,61.7,35.3,0.6526,0.0,2.21,0.332,28 352 150 144 128 156
isoleucine,3,arginine,3,6,17,3,8.933,10.844,-0.55,61.7,35.3,0.0,0.0,2.987,0.918,15 26 123 242 56 141 323 148
isoleucine,3,arginine,3,6,17,4,8.933,10.844,-0.55,61.7,35.3,0.0,0.0,2.673,1.396,328 20 290 21 69 273 250 174 102 124
isoleucine,3,arginine,3,6,18,0,8.933,8.517,-0.55,57.1,133.6,5.7093,0.0,3.472,3.369,25 0
isoleucine,3,arginine,3,6,18,1,8.933,8.517,-0.55,57.1,133.6,2.0282,0.0,3.479,0.329,26 1 152 92
isoleucine,3,arginine,3,6,18,2,8.933,8.517,-0.55,57.1,133.6,0.0,0.0,2.309,0.368,346 354 249 19 87 198
isoleucine,3,arginine,3,6,18,3,8.933,8.517,-0.55,57.1,133.6,0.0,0.0,2.319,0.665,304 358 281 22 147 274 206 215
isoleucine,3,arginine,3,6,18,4,8.933,8.517,-0.55,57.1,133.6,0.0,0.0,1.949,1.843,346 355 326 18 48 286 240 106 152 211
isoleucine,3,lysine,5,4,13,0,7.506,6.832,0.362,154.3,54.0,3.6703,0.0,0.46,3.933,35 180
isoleucine,3,lysine,5,4,13,1,7.506,6.832,0.362,154.3,54.0,0.3874,0.0,0.521,2.303,32 221 100 96
isoleucine,3,lysine,5,4,13,2,7.506,6.832,0.362,154.3,54.0,0.0,0.0,1.32,0.371,32 317 75 212 249 69
isoleucine,3,lysine,5,4,13,3,7.506,6.832,0.362,154.3,54.0,0.0,0.0,2.339,2.683,232 136 189 119 63 308 275 114
isoleucine,3,lysine,5,4,13,4,7.506,6.832,0.362,154.3,54.0,0.0,0.0,0.444,1.141,17 234 226 31 46 306 241 27 122 231
isoleucine,3,lysine,5,4,14,0,7.506,7.165,0.362,153.2,39.5,3.9228,0.0,1.371,4.939,80 180
isoleucine,3,lysine,5,4,14,1,7.506,7.165,0.362,153.2,39.5,0.6672,0.0,1.896,4.985,78 138 257 253
isoleucine,3,lysine,5,4,14,2,7.506,7.165,0.362,153.2,39.5,0.0,0.0,2.339,5.055,114 113 311 167 339 283
isoleucine,3,lysine,5,4,14,3,7.506,7.165,0.362,153.2,39.5,0.0,0.0,2.339,5.055,153 89 296 212 51 205 248 0
isoleucine,3,lysine,5,4,14,4,7.506,7.165,0.362,153.2,39.5,0.0,0.0,2.339,5.055,172 138 173 163 135 246 244 88 109 210
isoleucine,3,lysine,5,4,15,0,7.506,6.034,0.362,172.5,83.8,4.0641,0.0,1.301,4.87,77 180
isoleucine,3,lysine,5,4,15,1,7.506,6.034,0.362,172.5,83.8,0.8034,0.0,2.261,5.055,107 159 217 351
isoleucine,3,lysine,5,4,15,2,7.506,6.034,0.362,172.5,83.8,0.0,0.0,0.856,2.462,319 149 218 98 49 4
isoleucine,3,lysine,5,4,15,3,7.506,6.034,0.362,172.5,83.8,0.0,0.0,2.339,5.055,208 231 177 80 21 309 255 73
isoleucine,3,lysine,5,4,15,4,7.506,6.034,0.362,172.5,83.8,0.0,0.0,2.339,5.055,266 238 203 56 51 287 280 35 79 223
isoleucine,3,lysine,5,5,13,0,7.506,8.783,0.362,64.4,49.9,5.6156,0.0,2.549,5.614,261 360
isoleucine,3,lysine,5,5,13,1,7.506,8.783,0.362,64.4,49.9,1.7965,0.0,1.536,4.43,260 360 199 232
isoleucine,3,lysine,5,5,13,2,7.506,8.783,0.362,64.4,49.9,0.0763,0.0,1.898,1.508,296 1 142 100 10 175
isoleucine,3,lysine,5,5,13,3,7.506,8.783,0.362,64.4,49.9,0.0,0.0,2.146,1.334,273 128 100 215 244 71 75 208
isoleucine,3,lysine,5,5,13,4,7.506,8.783,0.362,64.4,49.9,0.0,0.0,2.169,2.537,208 27 124 339 247 104 126 258 287 162
isoleucine,3,lysine,5,5,14,0,7.506,8.715,0.362,79.1,52.8,5.0532,0.0,2.655,5.82,253 0
isoleucine,3,lysine,5,5,14,1,7.506,8.715,0.362,79.1,52.8,1.4959,0.0,2.398,5.388,274 328 165 169
isoleucine,3,lysine,5,5,14,2,7.506,8.715,0.362,79.1,52.8,0.0,0.0,2.897,5.82,207 135 126 238 237 166
isoleucine,3,lysine,5,5,14,3,7.506,8.715,0.362,79.1,52.8,0.0,0.0,2.897,5.82,180 157 135 230 230 116 138 208
isoleucine,3,lysine,5,5,14,4,7.506,8.715,0.362,79.1,52.8,0.0,0.0,2.897,5.743,185 178 154 223 231 106 115 233 212 157
isoleucine,3,lysine,5,5,15,0,7.506,8.043,0.362,66.1,78.6,4.8326,0.0,2.894,5.82,242 1
isoleucine,3,lysine,5,5,15,1,7.506,8.043,0.362,66.1,78.6,1.0386,0.0,2.053,5.488,245 359 195 234
isoleucine,3,lysine,5,5,15,2,7.506,8.043,0.362,66.1,78.6,0.0,0.0,2.897,5.82,242 244 266 130 145 251
isoleucine,3,lysine,5,5,15,3,7.506,8.043,0.362,66.1,78.6,0.0,0.0,2.897,5.82,184 164 112 218 238 113 135 220
isoleucine,3,lysine,5,5,15,4,7.506,8.043,0.362,66.1,78.6,0.0,0.0,2.444,5.042,273 7 29 313 296 104 124 269 242 149
isoleucine,3,lysine,5,6,13,0,7.506,9.236,0.362,45.6,56.2,7.0534,0.0,3.236,5.577,111 360
isoleucine,3,lysine,5,6,13,1,7.506,9.236,0.362,45.6,56.2,3.2928,0.0,2.332,4.911,110 0 159 59
isoleucine,3,lysine,5,6,13,2,7.506,9.236,0.362,45.6,56.2,0.1494,0.0,1.572,2.687,84 0 170 71 169 178
isoleucine,3,lysine,5,6,13,3,7.506,9.236,0.362,45.6,56.2,0.0,0.0,2.417,1.947,50 315 243 103 139 227 228 194
isoleucine,3,lysine,5,6,13,4,7.506,9.236,0.362,45.6,56.2,0.0,0.0,2.689,0.398,33 95 55 127 132 234 242 132 147 196
isoleucine,3,lysine,5,6,14,0,7.506,9.579,0.362,44.7,40.8,7.4259,0.0,3.671,5.688,132 0
isoleucine,3,lysine,5,6,14,1,7.506,9.579,0.362,44.7,40.8,3.6821,0.0,2.766,5.688,132 360 201 300
isoleucine,3,lysine,5,6,14,2,7.506,9.579,0.362,44.7,40.8,0.5162,0.0,2.824,5.688,156 360 194 289 187 181
isoleucine,3,lysine,5,6,14,3,7.506,9.579,0.362,44.7,40.8,0.0,0.0,3.689,5.688,175 315 235 54 83 209 288 208
isoleucine,3,lysine,5,6,14,4,7.506,9.579,0.362,44.7,40.8,0.0,0.0,3.902,5.688,188 249 209 153 139 219 216 110 124 198
isoleucine,3,lysine,5,6,15,0,7.506,8.284,0.362,56.7,92.1,5.5258,0.0,3.487,5.688,124 0
isoleucine,3,lysine,5,6,15,1,7.506,8.284,0.362,56.7,92.1,1.852,0.0,2.9,5.688,120 2 208 264
isoleucine,3,lysine,5,6,15,2,7.506,8.284,0.362,56.7,92.1,0.0,0.0,2.658,4.453,98 303 243 105 122 186
isoleucine,3,lysine,5,6,15,3,7.506,8.284,0.362,56.7,92.1,0.0,0.0,3.286,5.688,183 278 203 259 346 74 348 100
isoleucine,3,lysine,5,6,15,4,7.506,8.284,0.362,56.7,92.1,0.0,0.0,2.797,3.597,65 344 308 70 108 261 214 53 98 217
isoleucine,3,aspartic,21,4,3,0,12.2,12.61,-0.846,125.8,28.0,8.8952,0.0,2.575,3.409,5 225
isoleucine,3,aspartic,21,4,3,1,12.2,12.61,-0.846,125.8,28.0,5.3614,0.0,3.033,1.383,307 123 181 181
isoleucine,3,aspartic,21,4,3,2,12.2,12.61,-0.846,125.8,28.0,1.636,0.0,0.64,0.775,15 235 172 176 175 175
isoleucine,3,aspartic,21,4,3,3,12.2,12.61,-0.846,125.8,28.0,0.1875,0.0,1.127,0.385,339 139 182 181 167 169 2 179
isoleucine,3,aspartic,21,4,3,4,12.2,12.61,-0.846,125.8,28.0,0.0,0.0,2.458,0.292,6 256 9 150 141 99 146 115 353 114
isoleucine,3,aspartic,21,4,4,0,12.2,11.584,-0.846,122.7,74.9,7.8503,0.0,3.033,3.33,309 126
isoleucine,3,aspartic,21,4,4,1,12.2,11.584,-0.846,122.7,74.9,4.3152,0.0,2.531,1.187,10 242 181 181
isoleucine,3,aspartic,21,4,4,2,12.2,11.584,-0.846,122.7,74.9,0.6132,0.0,1.355,1.621,4 242 168 174 172 173
isoleucine,3,aspartic,21,4,4,3,12.2,11.584,-0.846,122.7,74.9,0.0,0.0,2.477,4.889,243 156 162 246 237 153 170 195
isoleucine,3,aspartic,21,4,4,4,12.2,11.584,-0.846,122.7,74.9,0.0,0.0,2.065,1.312,340 27 58 345 326 119 154 285 259 153
isoleucine,3,aspartic,21,4,5,0,12.2,10.985,-0.846,116.6,97.3,7.269,0.0,2.546,3.216,8 252
isoleucine,3,aspartic,21,4,5,1,12.2,10.985,-0.846,116.6,97.3,3.7443,0.0,3.033,1.01,305 109 173 176
isoleucine,3,aspartic,21,4,5,2,12.2,10.985,-0.846,116.6,97.3,0.0021,0.0,2.037,0.753,309 108 173 177 175 176
isoleucine,3,aspartic,21,4,5,3,12.2,10.985,-0.846,116.6,97.3,0.0,0.0,3.033,0.745,321 110 157 346 336 86 135 185
isoleucine,3,aspartic,21,4,5,4,12.2,10.985,-0.846,116.6,97.3,0.0,0.0,1.639,0.792,58 316 19 141 104 70 124 18 316 124
isoleucine,3,aspartic,21,5,3,0,12.2,14.727,-0.846,38.5,29.6,12.72,0.0,2.312,5.085,286 360
isoleucine,3,aspartic,21,5,3,1,12.2,14.727,-0.846,38.5,29.6,8.9905,0.0,2.305,2.426,286 360 159 65
isoleucine,3,aspartic,21,5,3,2,12.2,14.727,-0.846,38.5,29.6,5.5034,0.0,2.29,0.725,287 359 215 284 173 176
isoleucine,3,aspartic,21,5,3,3,12.2,14.727,-0.846,38.5,29.6,1.7266,0.0,1.291,0.448,286 360 210 286 178 179 179 179
isoleucine,3,aspartic,21,5,3,4,12.2,14.727,-0.846,38.5,29.6,0.0,0.0,1.805,1.109,280 14 202 238 193 175 163 162 312 217
isoleucine,3,aspartic,21,5,4,0,12.2,13.789,-0.846,29.3,72.8,12.3856,0.0,2.427,5.133,283 360
isoleucine,3,aspartic,21,5,4,1,12.2,13.789,-0.846,29.3,72.8,8.695,0.0,2.462,2.815,281 0 168 27
isoleucine,3,aspartic,21,5,4,2,12.2,13.789,-0.846,29.3,72.8,5.1172,0.0,2.442,0.591,282 0 209 305 182 181
isoleucine,3,aspartic,21,5,4,3,12.2,13.789,-0.846,29.3,72.8,1.3995,0.0,1.25,0.505,282 0 157 47 187 184 185 184
isoleucine,3,aspartic,21,5,4,4,12.2,13.789,-0.846,29.3,72.8,0.0,0.0,1.563,3.957,226 52 151 306 199 169 181 210 243 217
isoleucine,3,aspartic,21,5,5,0,12.2,12.961,-0.846,35.5,104.1,11.1968,0.0,1.868,4.991,297 0
isoleucine,3,aspartic,21,5,5,1,12.2,12.961,-0.846,35.5,104.1,7.4676,0.0,1.852,2.258,298 360 197 313
isoleucine,3,aspartic,21,5,5,2,12.2,12.961,-0.846,35.5,104.1,3.9309,0.0,1.888,0.694,297 0 147 66 182 181
isoleucine,3,aspartic,21,5,5,3,12.2,12.961,-0.846,35.5,104.1,0.2549,0.0,1.824,0.873,299 359 152 66 159 170 164 165
isoleucine,3,aspartic,21,5,5,4,12.2,12.961,-0.846,35.5,104.1,0.0,0.0,0.643,0.738,327 42 75 301 275 134 158 200 185 168
isoleucine,3,aspartic,21,6,3,0,12.2,14.241,-0.846,60.9,20.3,11.0825,0.0,3.902,4.162,69 360
isoleucine,3,aspartic,21,6,3,1,12.2,14.241,-0.846,60.9,20.3,7.3726,0.0,3.902,3.079,69 360 201 227
isoleucine,3,aspartic,21,6,3,2,12.2,14.241,-0.846,60.9,20.3,3.8498,0.0,1.957,2.189,70 359 143 124 177 178
isoleucine,3,aspartic,21,6,3,3,12.2,14.241,-0.846,60.9,20.3,1.0415,0.0,0.855,1.478,72 3 222 254 201 193 255 215
isoleucine,3,aspartic,21,6,3,4,12.2,14.241,-0.846,60.9,20.3,0.2039,0.0,0.537,0.671,85 5 221 263 212 198 242 216 15 167
isoleucine,3,aspartic,21,6,4,0,12.2,12.922,-0.846,69.8,82.7,9.4527,0.0,3.902,4.133,68 360
isoleucine,3,aspartic,21,6,4,1,12.2,12.922,-0.846,69.8,82.7,5.8488,0.0,3.902,3.344,64 4 197 199
isoleucine,3,aspartic,21,6,4,2,12.2,12.922,-0.846,69.8,82.7,2.1659,0.0,2.381,2.451,67 1 149 141 184 182
isoleucine,3,aspartic,21,6,4,3,12.2,12.922,-0.846,69.8,82.7,0.0,0.0,2.534,4.218,46 91 152 204 195 98 236 196
isoleucine,3,aspartic,21,6,4,4,12.2,12.922,-0.846,69.8,82.7,0.0,0.0,2.587,5.187,141 214 214 130 139 234 219 168 187 195
isoleucine,3,aspartic,21,6,5,0,12.2,12.411,-0.846,61.1,102.0,9.2723,0.0,3.877,3.96,61 0
isoleucine,3,aspartic,21,6,5,1,12.2,12.411,-0.846,61.1,102.0,5.5397,0.0,3.883,2.256,61 360 157 130
isoleucine,3,aspartic,21,6,5,2,12.2,12.411,-0.846,61.1,102.0,1.9778,0.0,1.992,2.155,61 0 219 239 181 181
isoleucine,3,aspartic,21,6,5,3,12.2,12.411,-0.846,61.1,102.0,0.0,0.0,1.916,1.39,48 325 262 20 66 215 194 182
isoleucine,3,aspartic,21,6,5,4,12.2,12.411,-0.846,61.1,102.0,0.0,0.0,2.565,2.345,6 338 308 53 80 235 204 152 177 198
isoleucine,3,glutamic,22,4,4,0,8.368,8.814,-0.682,84.5,77.9,5.0914,0.0,1.279,3.4,31 356
isoleucine,3,glutamic,22,4,4,1,8.368,8.814,-0.682,84.5,77.9,1.5797,0.0,1.074,2.046,2 44 195 190
isoleucine,3,glutamic,22,4,4,2,8.368,8.814,-0.682,84.5,77.9,0.0,0.0,1.103,1.186,346 3 275 2 67 217
isoleucine,3,glutamic,22,4,4,3,8.368,8.814,-0.682,84.5,77.9,0.0,0.0,0.998,1.836,82 59 50 210 296 53 268 72
isoleucine,3,glutamic,22,4,4,4,8.368,8.814,-0.682,84.5,77.9,0.0,0.0,1.326,2.919,41 350 306 14 44 265 240 74 110 216
isoleucine,3,glutamic,22,4,5,0,8.368,9.696,-0.682,74.6,42.3,6.1509,0.0,1.371,3.031,16 2
isoleucine,3,glutamic,22,4,5,1,8.368,9.696,-0.682,74.6,42.3,2.4214,0.0,0.504,2.295,26 348 174 176
isoleucine,3,glutamic,22,4,5,2,8.368,9.696,-0.682,74.6,42.3,0.1947,0.0,1.656,1.031,342 19 188 186 61 154
isoleucine,3,glutamic,22,4,5,3,8.368,9.696,-0.682,74.6,42.3,0.0,0.0,2.009,0.644,300 34 258 346 119 284 347 136
isoleucine,3,glutamic,22,4,5,4,8.368,9.696,-0.682,74.6,42.3,0.0,0.0,1.223,1.822,42 357 186 1 97 109 23 230 296 305
isoleucine,3,glutamic,22,4,6,0,8.368,9.147,-0.682,69.0,65.5,5.7989,0.0,1.288,3.549,33 359
isoleucine,3,glutamic,22,4,6,1,8.368,9.147,-0.682,69.0,65.5,1.9597,0.0,0.811,2.685,32 0 192 205
isoleucine,3,glutamic,22,4,6,2,8.368,9.147,-0.682,69.0,65.5,0.0,0.0,1.257,4.08,66 336 176 31 42 215
isoleucine,3,glutamic,22,4,6,3,8.368,9.147,-0.682,69.0,65.5,0.0,0.0,1.858,2.206,46 301 296 42 53 259 220 85
isoleucine,3,glutamic,22,4,6,4,8.368,9.147,-0.682,69.0,65.5,0.0,0.0,1.306,2.443,29 351 311 27 56 258 232 95 122 207
isoleucine,3,glutamic,22,5,4,0,8.368,9.057,-0.682,75.5,70.1,5.4907,0.0,0.774,4.716,324 2
isoleucine,3,glutamic,22,5,4,1,8.368,9.057,-0.682,75.5,70.1,1.7765,0.0,0.637,3.844,337 342 175 176
isoleucine,3,glutamic,22,5,4,2,8.368,9.057,-0.682,75.5,70.1,0.0,0.0,1.285,3.804,320 91 66 255 27 153
isoleucine,3,glutamic,22,5,4,3,8.368,9.057,-0.682,75.5,70.1,0.0,0.0,1.454,3.154,2 9 45 330 301 92 120 222
isoleucine,3,glutamic,22,5,4,4,8.368,9.057,-0.682,75.5,70.1,0.0,0.0,0.529,4.144,342 352 29 344 317 95 125 262 230 153
isoleucine,3,glutamic,22,5,5,0,8.368,9.834,-0.682,69.4,36.8,6.4489,0.0,0.547,4.223,340 359
isoleucine,3,glutamic,22,5,5,1,8.368,9.834,-0.682,69.4,36.8,2.6541,0.0,0.544,3.176,339 0 194 205
isoleucine,3,glutamic,22,5,5,2,8.368,9.834,-0.682,69.4,36.8,0.4774,0.0,0.603,1.514,4 359 156 121 327 189
isoleucine,3,glutamic,22,5,5,3,8.368,9.834,-0.682,69.4,36.8,0.0,0.0,1.291,0.727,44 329 158 109 63 163 304 247
isoleucine,3,glutamic,22,5,5,4,8.368,9.834,-0.682,69.4,36.8,0.0,0.0,2.668,0.846,256 34 175 316 224 153 126 221 283 163
isoleucine,3,glutamic,22,5,6,0,8.368,8.766,-0.682,83.1,80.9,5.0537,0.0,0.549,4.218,341 357
isoleucine,3,glutamic,22,5,6,1,8.368,8.766,-0.682,83.1,80.9,1.5337,0.0,0.508,3.919,314 40 195 190
isoleucine,3,glutamic,22,5,6,2,8.368,8.766,-0.682,83.1,80.9,0.0,0.0,1.527,2.348,35 296 225 247 235 292
isoleucine,3,glutamic,22,5,6,3,8.368,8.766,-0.682,83.1,80.9,0.0,0.0,2.881,4.791,249 55 221 356 219 163 294 324
isoleucine,3,glutamic,22,5,6,4,8.368,8.766,-0.682,83.1,80.9,0.0,0.0,0.638,4.554,329 0 44 358 329 94 120 268 241 149
isoleucine,3,glutamic,22,6,4,0,8.368,10.135,-0.682,27.1,65.3,9.082,0.0,3.38,3.499,9 0
isoleucine,3,glutamic,22,6,4,1,8.368,10.135,-0.682,27.1,65.3,5.4636,0.0,2.938,0.955,12 359 185 353
isoleucine,3,glutamic,22,6,4,2,8.368,10.135,-0.682,27.1,65.3,1.772,0.0,1.341,0.794,9 0 200 325 182 181
isoleucine,3,glutamic,22,6,4,3,8.368,10.135,-0.682,27.1,65.3,0.0,0.0,1.528,0.493,76 327 176 53 174 220 232 211
isoleucine,3,glutamic,22,6,4,4,8.368,10.135,-0.682,27.1,65.3,0.0,0.0,2.262,0.765,50 309 276 60 90 239 214 135 149 192
isoleucine,3,glutamic,22,6,5,0,8.368,10.516,-0.682,40.5,49.6,8.5728,0.0,3.366,3.551,3 0
isoleucine,3,glutamic,22,6,5,1,8.368,10.516,-0.682,40.5,49.6,4.8243,0.0,3.321,1.119,3 0 198 307
isoleucine,3,glutamic,22,6,5,2,8.368,10.516,-0.682,40.5,49.6,1.2702,0.0,0.819,0.869,2 1 146 68 187 184
isoleucine,3,glutamic,22,6,5,3,8.368,10.516,-0.682,40.5,49.6,0.0,0.0,1.708,0.871,304 45 158 58 163 169 276 264
isoleucine,3,glutamic,22,6,5,4,8.368,10.516,-0.682,40.5,49.6,0.0,0.0,2.814,1.663,21 323 285 42 76 249 221 132 147 193
isoleucine,3,glutamic,22,6,6,0,8.368,9.951,-0.682,33.5,72.2,8.4941,0.0,3.395,3.544,345 360
isoleucine,3,glutamic,22,6,6,1,8.368,9.951,-0.682,33.5,72.2,4.7641,0.0,2.997,1.052,343 0 172 17
isoleucine,3,glutamic,22,6,6,2,8.368,9.951,-0.682,33.5,72.2,1.2014,0.0,0.849,0.665,341 1 210 304 189 186
isoleucine,3,glutamic,22,6,6,3,8.368,9.951,-0.682,33.5,72.2,0.0,0.0,2.817,1.549,327 48 100 317 255 118 151 196
isoleucine,3,glutamic,22,6,6,4,8.368,9.951,-0.682,33.5,72.2,0.0,0.0,2.643,2.222,346 30 65 321 288 101 130 227 205 163
isoleucine,3,leucine,13,4,1,0,11.172,11.314,0.721,29.8,138.8,10.0091,0.0,2.655,2.876,333 360
isoleucine,3,leucine,13,4,1,1,11.172,11.314,0.721,29.8,138.8,6.31,0.0,2.671,1.049,332 0 174 11
isoleucine,3,leucine,13,4,1,2,11.172,11.314,0.721,29.8,138.8,2.7807,0.0,2.597,0.766,335 360 204 315 174 177
isoleucine,3,leucine,13,4,1,3,11.172,11.314,0.721,29.8,138.8,0.0,0.0,2.524,0.395,313 64 146 328 196 192 226 200
isoleucine,3,leucine,13,4,1,4,11.172,11.314,0.721,29.8,138.8,0.0,0.0,3.033,3.226,280 50 141 279 212 152 162 253 278 199
isoleucine,3,leucine,13,4,2,0,11.172,13.748,0.721,27.8,33.8,12.455,0.0,2.652,2.875,333 360
isoleucine,3,leucine,13,4,2,1,11.172,13.748,0.721,27.8,33.8,8.7171,0.0,2.671,1.051,332 0 174 13
isoleucine,3,leucine,13,4,2,2,11.172,13.748,0.721,27.8,33.8,5.2002,0.0,2.64,0.787,333 360 207 310 176 177
isoleucine,3,leucine,13,4,2,3,11.172,13.748,0.721,27.8,33.8,1.4505,0.0,2.654,0.833,333 360 201 318 179 179 179 179
isoleucine,3,leucine,13,4,2,4,11.172,13.748,0.721,27.8,33.8,0.0001,0.0,3.033,1.024,314 7 201 264 201 184 162 208 276 227
isoleucine,3,leucine,13,4,13,0,11.172,12.399,0.721,21.1,90.5,11.6047,0.0,2.162,2.707,347 0
isoleucine,3,leucine,13,4,13,1,11.172,12.399,0.721,21.1,90.5,7.9969,0.0,2.129,0.964,349 360 182 357
isoleucine,3,leucine,13,4,13,2,11.172,12.399,0.721,21.1,90.5,4.3163,0.0,2.159,0.598,348 0 165 26 180 180
isoleucine,3,leucine,13,4,13,3,11.172,12.399,0.721,21.1,90.5,0.6257,0.0,2.151,0.593,348 360 180 359 164 167 179 179
isoleucine,3,leucine,13,4,13,4,11.172,12.399,0.721,21.1,90.5,0.0,0.0,3.033,2.203,308 11 159 348 158 136 193 251 263 210
isoleucine,3,leucine,13,5,1,0,11.172,10.446,0.721,69.5,128.8,7.0577,0.0,2.73,3.8,42 360
isoleucine,3,leucine,13,5,1,1,11.172,10.446,0.721,69.5,128.8,3.3061,0.0,2.721,1.565,42 360 192 201
isoleucine,3,leucine,13,5,1,2,11.172,10.446,0.721,69.5,128.8,0.0,0.0,2.186,1.435,19 28 222 249 175 205
isoleucine,3,leucine,13,5,1,3,11.172,10.446,0.721,69.5,128.8,0.0,0.0,2.769,1.389,52 135 67 205 255 42 327 140
isoleucine,3,leucine,13,5,1,4,11.172,10.446,0.721,69.5,128.8,0.0,0.0,2.415,2.94,41 337 300 38 65 244 220 101 124 203
isoleucine,3,leucine,13,5,2,0,11.172,12.759,0.721,73.6,30.5,9.2085,0.0,2.769,3.82,44 359
isoleucine,3,leucine,13,5,2,1,11.172,12.759,0.721,73.6,30.5,5.5275,0.0,2.676,1.795,40 5 184 183
isoleucine,3,leucine,13,5,2,2,11.172,12.759,0.721,73.6,30.5,1.8852,0.0,2.592,1.433,43 1 153 151 182 181
isoleucine,3,leucine,13,5,2,3,11.172,12.759,0.721,73.6,30.5,0.2322,0.0,2.897,3.467,61 359 209 212 177 178 48 157
isoleucine,3,leucine,13,5,2,4,11.172,12.759,0.721,73.6,30.5,0.0,0.0,2.897,4.142,70 354 209 30 53 221 240 174 95 140
isoleucine,3,leucine,13,5,13,0,11.172,11.085,0.721,82.3,100.7,7.3791,0.0,2.734,3.797,42 359
isoleucine,3,leucine,13,5,13,1,11.172,11.085,0.721,82.3,100.7,3.9183,0.0,2.177,2.099,19 38 194 189
isoleucine,3,leucine,13,5,13,2,11.172,11.085,0.721,82.3,100.7,0.1538,0.0,2.292,2.188,24 32 203 193 194 192
isoleucine,3,leucine,13,5,13,3,11.172,11.085,0.721,82.3,100.7,0.0,0.0,1.284,3.091,10 344 302 30 61 237 215 159
isoleucine,3,leucine,13,5,13,4,11.172,11.085,0.721,82.3,100.7,0.0,0.0,2.413,2.905,39 342 304 31 58 241 216 100 124 204
isoleucine,3,leucine,13,6,1,0,11.172,9.803,0.721,93.6,141.6,6.1037,0.0,3.818,3.634,354 312
isoleucine,3,leucine,13,6,1,1,11.172,9.803,0.721,93.6,141.6,2.5987,0.0,3.902,2.173,304 64 188 184
isoleucine,3,leucine,13,6,1,2,11.172,9.803,0.721,93.6,141.6,0.0,0.0,2.751,1.136,302 111 120 264 45 155
isoleucine,3,leucine,13,6,1,3,11.172,9.803,0.721,93.6,141.6,0.0,0.0,2.786,1.209,353 126 32 332 98 154 282 34
isoleucine,3,leucine,13,6,1,4,11.172,9.803,0.721,93.6,141.6,0.0,0.0,3.518,2.665,291 331 15 36 13 82 94 22 295 105
isoleucine,3,leucine,13,6,2,0,11.172,12.163,0.721,95.9,40.4,8.4389,0.0,3.902,3.701,352 305
isoleucine,3,leucine,13,6,2,1,11.172,12.163,0.721,95.9,40.4,4.951,0.0,3.902,2.39,300 69 188 185
isoleucine,3,leucine,13,6,2,2,11.172,12.163,0.721,95.9,40.4,1.2185,0.0,3.33,2.415,304 66 197 189 192 191
isoleucine,3,leucine,13,6,2,3,11.172,12.163,0.721,95.9,40.4,0.0,0.0,3.696,3.849,301 109 207 223 197 234 295 192
isoleucine,3,leucine,13,6,2,4,11.172,12.163,0.721,95.9,40.4,0.0,0.0,3.463,2.805,356 339 27 339 319 109 144 226 223 177
isoleucine,3,leucine,13,6,13,0,11.172,10.859,0.721,90.7,92.9,7.1422,0.0,3.722,3.606,310 36
isoleucine,3,leucine,13,6,13,1,11.172,10.859,0.721,90.7,92.9,3.5929,0.0,3.902,2.1,355 300 177 178
isoleucine,3,leucine,13,6,13,2,11.172,10.859,0.721,90.7,92.9,0.0,0.0,2.956,2.417,347 278 216 169 191 196
isoleucine,3,leucine,13,6,13,3,11.172,10.859,0.721,90.7,92.9,0.0,0.0,2.742,1.207,310 293 312 25 12 360 60 235
isoleucine,3,leucine,13,6,13,4,11.172,10.859,0.721,90.7,92.9,0.0,0.0,2.335,2.946,307 50 83 327 301 116 139 275 248 151
isoleucine,3,serine,31,4,3,0,11.103,11.422,-0.754,115.6,37.6,7.709,0.0,2.503,3.046,44 254
isoleucine,3,serine,31,4,3,1,11.103,11.422,-0.754,115.6,37.6,4.1781,0.0,2.812,0.583,341 107 175 177
isoleucine,3,serine,31,4,3,2,11.103,11.422,-0.754,115.6,37.6,0.7641,0.0,2.395,0.554,344 86 186 184 133 150
isoleucine,3,serine,31,4,3,3,11.103,11.422,-0.754,115.6,37.6,0.0,0.0,2.507,1.438,45 249 269 143 265 249 305 232
isoleucine,3,serine,31,4,3,4,11.103,11.422,-0.754,115.6,37.6,0.0,0.0,1.867,0.617,353 59 57 130 251 283 249 279 0 206
isoleucine,3,serine,31,4,4,0,11.103,10.965,-0.754,126.1,58.6,7.2627,0.0,2.764,3.375,350 136
isoleucine,3,serine,31,4,4,1,11.103,10.965,-0.754,126.1,58.6,3.6944,0.0,2.536,0.698,49 237 178 179
isoleucine,3,serine,31,4,4,2,11.103,10.965,-0.754,126.1,58.6,0.3334,0.0,3.033,0.773,333 131 202 190 230 215
isoleucine,3,serine,31,4,4,3,11.103,10.965,-0.754,126.1,58.6,0.0,0.0,2.453,1.268,32 228 209 7 37 265 216 144
isoleucine,3,serine,31,4,4,4,11.103,10.965,-0.754,126.1,58.6,0.0,0.0,3.033,0.159,305 334 293 333 8 242 199 47 67 208
isoleucine,3,serine,31,4,5,0,11.103,9.355,-0.754,115.4,122.1,5.6516,0.0,2.749,3.118,345 105
isoleucine,3,serine,31,4,5,1,11.103,9.355,-0.754,115.4,122.1,2.103,0.0,2.544,0.342,50 253 185 183
isoleucine,3,serine,31,4,5,2,11.103,9.355,-0.754,115.4,122.1,0.0,0.0,2.456,1.042,34 271 127 233 109 344
isoleucine,3,serine,31,4,5,3,11.103,9.355,-0.754,115.4,122.1,0.0,0.0,2.977,1.115,81 140 293 171 24 285 52 173
isoleucine,3,serine,31,4,5,4,11.103,9.355,-0.754,115.4,122.1,0.0,0.0,3.033,0.471,284 48 337 212 250 315 262 354 48 231
isoleucine,3,serine,31,5,3,0,11.103,12.772,-0.754,63.3,47.1,9.5334,0.0,1.749,4.983,300 360
isoleucine,3,serine,31,5,3,1,11.103,12.772,-0.754,63.3,47.1,5.8329,0.0,1.777,2.856,299 1 202 220
isoleucine,3,serine,31,5,3,2,11.103,12.772,-0.754,63.3,47.1,2.2404,0.0,1.749,1.792,300 360 141 126 179 180
isoleucine,3,serine,31,5,3,3,11.103,12.772,-0.754,63.3,47.1,0.0,0.0,0.994,3.592,317 3 192 173 232 171 101 150
isoleucine,3,serine,31,5,3,4,11.103,12.772,-0.754,63.3,47.1,0.0,0.0,2.147,2.704,21 6 101 266 264 152 169 187 225 212
isoleucine,3,serine,31,5,4,0,11.103,12.705,-0.754,56.6,50.1,9.763,0.0,2.179,5.045,290 0
isoleucine,3,serine,31,5,4,1,11.103,12.705,-0.754,56.6,50.1,6.0378,0.0,2.188,2.656,289 0 155 114
isoleucine,3,serine,31,5,4,2,11.103,12.705,-0.754,56.6,50.1,2.4702,0.0,2.18,0.965,289 0 220 249 181 180
isoleucine,3,serine,31,5,4,3,11.103,12.705,-0.754,56.6,50.1,0.1706,0.0,2.488,0.52,282 356 136 103 156 165 78 149
isoleucine,3,serine,31,5,4,4,11.103,12.705,-0.754,56.6,50.1,0.0,0.0,1.308,0.615,291 42 79 306 282 143 160 241 230 166
isoleucine,3,serine,31,5,5,0,11.103,10.897,-0.754,55.4,122.2,8.0672,0.0,1.764,4.984,300 360
isoleucine,3,serine,31,5,5,1,11.103,10.897,-0.754,55.4,122.2,4.3638,0.0,1.755,2.351,300 359 206 259
isoleucine,3,serine,31,5,5,2,11.103,10.897,-0.754,55.4,122.2,0.7731,0.0,1.771,0.868,299 0 140 103 181 181
isoleucine,3,serine,31,5,5,3,11.103,10.897,-0.754,55.4,122.2,0.0,0.0,0.503,0.851,319 46 70 318 280 128 164 208
isoleucine,3,serine,31,5,5,4,11.103,10.897,-0.754,55.4,122.2,0.0,0.0,1.172,0.398,290 57 70 296 270 125 153 282 250 152
isoleucine,3,serine,31,6,3,0,11.103,13.404,-0.754,33.7,41.5,11.7352,0.0,3.885,3.972,61 360
isoleucine,3,serine,31,6,3,1,11.103,13.404,-0.754,33.7,41.5,8.0145,0.0,3.875,2.169,60 0 164 42
isoleucine,3,serine,31,6,3,2,11.103,13.404,-0.754,33.7,41.5,4.4698,0.0,3.883,0.582,61 360 212 296 179 179
isoleucine,3,serine,31,6,3,3,11.103,13.404,-0.754,33.7,41.5,0.8815,0.0,3.747,0.662,51 360 212 297 178 179 161 164
isoleucine,3,serine,31,6,3,4,11.103,13.404,-0.754,33.7,41.5,0.0005,0.0,3.426,0.803,358 18 144 57 227 223 189 155 120 146
isoleucine,3,serine,31,6,4,0,11.103,13.033,-0.754,41.5,58.4,10.9,0.0,3.902,4.265,73 0
isoleucine,3,serine,31,6,4,1,11.103,13.033,-0.754,41.5,58.4,7.1651,0.0,3.902,2.546,73 0 202 290
isoleucine,3,serine,31,6,4,2,11.103,13.033,-0.754,41.5,58.4,3.6542,0.0,3.902,0.809,72 1 144 78 188 185
isoleucine,3,serine,31,6,4,3,11.103,13.033,-0.754,41.5,58.4,0.1081,0.0,3.902,0.946,75 1 143 89 192 187 220 208
isoleucine,3,serine,31,6,4,4,11.103,13.033,-0.754,41.5,58.4,0.0,0.0,3.902,0.611,68 313 279 58 85 215 194 138 149 190
isoleucine,3,serine,31,6,5,0,11.103,11.241,-0.754,39.4,131.0,9.3115,0.0,3.882,3.967,61 360
isoleucine,3,serine,31,6,5,1,11.103,11.241,-0.754,39.4,131.0,5.6083,0.0,3.883,2.209,61 0 160 54
isoleucine,3,serine,31,6,5,2,11.103,11.241,-0.754,39.4,131.0,2.0857,0.0,3.902,0.385,63 359 212 293 173 176
isoleucine,3,serine,31,6,5,3,11.103,11.241,-0.754,39.4,131.0,0.0,0.0,3.902,1.065,65 308 259 51 92 216 197 177
isoleucine,3,serine,31,6,5,4,11.103,11.241,-0.754,39.4,131.0,0.0001,0.0,3.626,1.482,40 329 293 54 80 234 212 136 151 194
isoleucine,3,tryptophan,5,4,16,0,9.479,7.057,0.763,171.8,121.1,4.8954,0.0,2.496,4.074,43 180
isoleucine,3,tryptophan,5,4,16,1,9.479,7.057,0.763,171.8,121.1,1.2343,0.0,2.456,2.929,34 181 158 46
isoleucine,3,tryptophan,5,4,16,2,9.479,7.057,0.763,171.8,121.1,0.0,0.0,3.033,5.055,164 195 172 102 73 281
isoleucine,3,tryptophan,5,4,16,3,9.479,7.057,0.763,171.8,121.1,0.0,0.0,2.842,0.61,309 152 161 238 352 264 295 83
isoleucine,3,tryptophan,5,4,16,4,9.479,7.057,0.763,171.8,121.1,0.0,0.0,1.431,0.638,244 185 106 23 166 298 292 47 136 57
isoleucine,3,tryptophan,5,4,17,0,9.479,7.416,0.763,168.1,105.2,4.9699,0.0,3.033,5.055,256 180
isoleucine,3,tryptophan,5,4,17,1,9.479,7.416,0.763,168.1,105.2,1.2471,0.0,2.851,5.055,263 180 205 293
isoleucine,3,tryptophan,5,4,17,2,9.479,7.416,0.763,168.1,105.2,0.0,0.0,0.999,3.363,328 224 165 211 282 80
isoleucine,3,tryptophan,5,4,17,3,9.479,7.416,0.763,168.1,105.2,0.0,0.0,0.364,1.781,1 229 170 175 356 38 74 293
isoleucine,3,tryptophan,5,4,17,4,9.479,7.416,0.763,168.1,105.2,0.0,0.0,3.033,5.055,123 196 162 156 289 176 65 311 280 354
isoleucine,3,tryptophan,5,4,18,0,9.479,9.211,0.763,179.4,32.0,7.2956,0.0,3.033,5.055,196 180
isoleucine,3,tryptophan,5,4,18,1,9.479,9.211,0.763,179.4,32.0,3.5197,0.0,3.033,5.055,184 180 196 315
isoleucine,3,tryptophan,5,4,18,2,9.479,9.211,0.763,179.4,32.0,0.3431,0.0,3.033,5.055,152 182 205 251 261 198
isoleucine,3,tryptophan,5,4,18,3,9.479,9.211,0.763,179.4,32.0,0.0,0.0,2.532,3.864,48 156 136 112 133 120 41 97
isoleucine,3,tryptophan,5,4,18,4,9.479,9.211,0.763,179.4,32.0,0.0,0.0,3.033,5.055,191 230 192 172 235 134 96 301 285 165
isoleucine,3,tryptophan,5,5,16,0,9.479,9.116,0.763,64.7,129.1,5.9109,0.0,2.897,5.82,245 360
isoleucine,3,tryptophan,5,5,16,1,9.479,9.116,0.763,64.7,129.1,2.2831,0.0,2.897,5.406,242 2 209 234
isoleucine,3,tryptophan,5,5,16,2,9.479,9.116,0.763,64.7,129.1,0.0,0.0,2.743,3.405,271 346 187 355 36 120
isoleucine,3,tryptophan,5,5,16,3,9.479,9.116,0.763,64.7,129.1,0.0,0.0,2.897,5.82,197 150 124 217 225 116 133 208
isoleucine,3,tryptophan,5,5,16,4,9.479,9.116,0.763,64.7,129.1,0.0,0.0,2.331,4.784,281 10 32 313 292 106 139 253 226 159
isoleucine,3,tryptophan,5,5,17,0,9.479,9.644,0.763,57.6,105.1,6.7508,0.0,2.897,5.82,230 0
isoleucine,3,tryptophan,5,5,17,1,9.479,9.644,0.763,57.6,105.1,3.0174,0.0,2.897,5.82,231 0 154 103
isoleucine,3,tryptophan,5,5,17,2,9.479,9.644,0.763,57.6,105.1,0.0,0.0,2.897,5.82,252 304 184 116 145 186
isoleucine,3,tryptophan,5,5,17,3,9.479,9.644,0.763,57.6,105.1,0.0,0.0,1.79,4.712,286 28 71 295 268 130 148 190
isoleucine,3,tryptophan,5,5,17,4,9.479,9.644,0.763,57.6,105.1,0.0,0.0,2.491,4.929,275 13 49 306 273 122 145 248 231 164
isoleucine,3,tryptophan,5,5,18,0,9.479,11.291,0.763,65.2,39.2,8.001,0.0,2.897,5.82,238 0
isoleucine,3,tryptophan,5,5,18,1,9.479,11.291,0.763,65.2,39.2,4.3574,0.0,2.897,5.82,241 357 156 143
isoleucine,3,tryptophan,5,5,18,2,9.479,11.291,0.763,65.2,39.2,0.8396,0.0,2.897,5.82,245 350 140 139 148 159
isoleucine,3,tryptophan,5,5,18,3,9.479,11.291,0.763,65.2,39.2,0.0,0.0,2.897,5.82,203 115 145 211 210 139 119 167
isoleucine,3,tryptophan,5,5,18,4,9.479,11.291,0.763,65.2,39.2,0.0,0.0,2.897,5.82,210 149 132 196 203 135 140 235 221 163
isoleucine,3,tryptophan,5,6,16,0,9.479,9.312,0.763,56.9,114.2,6.4766,0.0,3.902,5.688,120 360
isoleucine,3,tryptophan,5,6,16,1,9.479,9.312,0.763,56.9,114.2,2.771,0.0,3.884,5.54,121 359 205 265
isoleucine,3,tryptophan,5,6,16,2,9.479,9.312,0.763,56.9,114.2,0.0001,0.0,3.902,5.442,103 15 203 7 58 199
isoleucine,3,tryptophan,5,6,16,3,9.479,9.312,0.763,56.9,114.2,0.0,0.0,2.126,0.971,69 5 150 42 254 287 244 241
isoleucine,3,tryptophan,5,6,16,4,9.479,9.312,0.763,56.9,114.2,0.0,0.0,1.808,2.34,24 345 314 42 82 296 249 147 191 206
isoleucine,3,tryptophan,5,6,17,0,9.479,9.267,0.763,72.2,116.2,5.7771,0.0,3.902,5.688,119 360
isoleucine,3,tryptophan,5,6,17,1,9.479,9.267,0.763,72.2,116.2,2.2735,0.0,3.757,5.674,108 11 208 208
isoleucine,3,tryptophan,5,6,17,2,9.479,9.267,0.763,72.2,116.2,0.0,0.0,2.169,5.547,119 259 257 135 153 202
isoleucine,3,tryptophan,5,6,17,3,9.479,9.267,0.763,72.2,116.2,0.0,0.0,2.267,5.405,129 160 308 184 63 326 298 145
isoleucine,3,tryptophan,5,6,17,4,9.479,9.267,0.763,72.2,116.2,0.0,0.0,3.039,5.688,123 216 230 175 163 235 245 100 103 203
isoleucine,3,tryptophan,5,6,18,0,9.479,11.299,0.763,64.9,32.1,8.0263,0.0,3.902,5.688,122 360
isoleucine,3,tryptophan,5,6,18,1,9.479,11.299,0.763,64.9,32.1,4.3193,0.0,3.902,5.688,121 1 202 220
isoleucine,3,tryptophan,5,6,18,2,9.479,11.299,0.763,64.9,32.1,0.8646,0.0,3.817,5.688,125 4 209 220 210 195
isoleucine,3,tryptophan,5,6,18,3,9.479,11.299,0.763,64.9,32.1,0.0,0.0,3.902,5.688,136 32 189 195 219 135 67 173
isoleucine,3,tryptophan,5,6,18,4,9.479,11.299,0.763,64.9,32.1,0.0,0.0,3.843,5.688,163 216 235 166 159 213 208 106 116 195
isoleucine,3,tyrosine,1,4,11,0,12.901,14.646,-0.633,73.2,29.1,11.0816,0.0,2.093,2.692,350 0
isoleucine,3,tyrosine,1,4,11,1,12.901,14.646,-0.633,73.2,29.1,7.4396,0.0,2.07,1.184,352 356 177 177
isoleucine,3,tyrosine,1,4,11,2,12.901,14.646,-0.633,73.2,29.1,3.794,0.0,2.092,1.16,350 360 203 204 179 180
isoleucine,3,tyrosine,1,4,11,3,12.901,14.646,-0.633,73.2,29.1,0.7097,0.0,1.292,0.543,358 332 172 176 175 176 246 208
isoleucine,3,tyrosine,1,4,11,4,12.901,14.646,-0.633,73.2,29.1,0.0197,0.0,2.352,1.356,11 312 119 146 127 141 117 142 312 215
isoleucine,3,tyrosine,1,4,12,0,12.901,13.797,-0.633,65.7,69.1,10.4704,0.0,1.896,2.683,356 360
isoleucine,3,tyrosine,1,4,12,1,12.901,13.797,-0.633,65.7,69.1,6.7177,0.0,1.903,1.259,356 0 194 205
isoleucine,3,tyrosine,1,4,12,2,12.901,13.797,-0.633,65.7,69.1,3.1896,0.0,1.875,0.874,357 359 144 135 174 176
isoleucine,3,tyrosine,1,4,12,3,12.901,13.797,-0.633,65.7,69.1,0.0924,0.0,1.727,1.035,359 5 140 97 215 199 103 139
isoleucine,3,tyrosine,1,4,12,4,12.901,13.797,-0.633,65.7,69.1,0.0,0.0,2.53,0.366,307 84 118 294 261 160 179 244 244 173
isoleucine,3,tyrosine,1,4,13,0,12.901,12.62,-0.633,75.2,114.6,9.0218,0.0,1.903,2.683,356 359
isoleucine,3,tyrosine,1,4,13,1,12.901,12.62,-0.633,75.2,114.6,5.4327,0.0,2.02,1.105,345 15 189 186
isoleucine,3,tyrosine,1,4,13,2,12.901,12.62,-0.633,75.2,114.6,1.7186,0.0,1.912,1.153,356 360 159 160 179 180
isoleucine,3,tyrosine,1,4,13,3,12.901,12.62,-0.633,75.2,114.6,0.0,0.0,1.573,0.481,330 344 283 229 179 260 40 108
isoleucine,3,tyrosine,1,4,13,4,12.901,12.62,-0.633,75.2,114.6,0.0,0.0,1.397,1.009,11 13 53 337 300 115 151 223 220 174
isoleucine,3,tyrosine,1,5,11,0,12.901,15.215,-0.633,50.0,19.9,12.542,0.0,1.038,3.803,356 0
isoleucine,3,tyrosine,1,5,11,1,12.901,15.215,-0.633,50.0,19.9,8.8308,0.0,1.027,1.77,356 0 155 101
isoleucine,3,tyrosine,1,5,11,2,12.901,15.215,-0.633,50.0,19.9,5.3134,0.0,1.018,1.528,356 0 219 258 181 181
isoleucine,3,tyrosine,1,5,11,3,12.901,15.215,-0.633,50.0,19.9,1.5561,0.0,1.055,1.62,357 360 214 260 178 179 178 179
isoleucine,3,tyrosine,1,5,11,4,12.901,15.215,-0.633,50.0,19.9,0.4362,0.0,0.547,2.662,334 360 215 273 180 180 179 179 359 180
isoleucine,3,tyrosine,1,5,12,0,12.901,13.993,-0.633,57.9,79.1,10.961,0.0,1.188,3.739,0 360
isoleucine,3,tyrosine,1,5,12,1,12.901,13.993,-0.633,57.9,79.1,7.2621,0.0,1.159,1.86,359 1 205 235
isoleucine,3,tyrosine,1,5,12,2,12.901,13.993,-0.633,57.9,79.1,3.7081,0.0,1.161,2.066,359 1 142 115 185 183
isoleucine,3,tyrosine,1,5,12,3,12.901,13.993,-0.633,57.9,79.1,0.0,0.0,1.129,2.056,354 10 143 118 186 187 183 189
isoleucine,3,tyrosine,1,5,12,4,12.901,13.993,-0.633,57.9,79.1,0.0,0.0,1.653,2.914,345 133 8 104 161 96 227 147 195 313
isoleucine,3,tyrosine,1,5,13,0,12.901,13.188,-0.633,52.6,110.0,10.4243,0.0,0.799,3.942,350 0
isoleucine,3,tyrosine,1,5,13,1,12.901,13.188,-0.633,52.6,110.0,6.7012,0.0,0.806,2.3,350 360 154 104
isoleucine,3,tyrosine,1,5,13,2,12.901,13.188,-0.633,52.6,110.0,3.159,0.0,0.81,1.969,350 360 219 257 180 180
isoleucine,3,tyrosine,1,5,13,3,12.901,13.188,-0.633,52.6,110.0,0.0,0.0,0.565,2.14,336 12 153 36 288 184 195 158
isoleucine,3,tyrosine,1,5,13,4,12.901,13.188,-0.633,52.6,110.0,0.0,0.0,0.667,1.249,313 65 112 302 251 151 176 249 249 181
isoleucine,3,tyrosine,1,6,11,0,12.901,14.79,-0.633,67.7,26.6,11.3768,0.0,3.35,3.436,14 360
isoleucine,3,tyrosine,1,6,11,1,12.901,14.79,-0.633,67.7,26.6,7.6765,0.0,2.088,1.206,13 1 192 197
isoleucine,3,tyrosine,1,6,11,2,12.901,14.79,-0.633,67.7,26.6,4.1041,0.0,2.082,0.729,14 0 148 140 181 180
isoleucine,3,tyrosine,1,6,11,3,12.901,14.79,-0.633,67.7,26.6,0.8279,0.0,0.256,0.34,22 358 201 205 173 176 128 146
isoleucine,3,tyrosine,1,6,11,4,12.901,14.79,-0.633,67.7,26.6,0.0,0.0,2.034,0.519,23 344 229 177 164 135 162 99 50 174
isoleucine,3,tyrosine,1,6,12,0,12.901,13.812,-0.633,65.1,72.8,10.4978,0.0,3.367,3.546,4 0
isoleucine,3,tyrosine,1,6,12,1,12.901,13.812,-0.633,65.1,72.8,6.7614,0.0,2.271,1.124,5 359 164 151
isoleucine,3,tyrosine,1,6,12,2,12.901,13.812,-0.633,65.1,72.8,3.2057,0.0,2.293,0.899,4 0 216 228 182 181
isoleucine,3,tyrosine,1,6,12,3,12.901,13.812,-0.633,65.1,72.8,0.0093,0.0,2.514,0.462,1 350 218 260 126 158 243 230
isoleucine,3,tyrosine,1,6,12,4,12.901,13.812,-0.633,65.1,72.8,0.0,0.0,1.563,0.314,43 274 242 64 105 200 180 92 92 191
isoleucine,3,tyrosine,1,6,13,0,12.901,12.995,-0.633,60.7,103.7,9.8713,0.0,3.348,3.429,14 360
isoleucine,3,tyrosine,1,6,13,1,12.901,12.995,-0.633,60.7,103.7,6.1333,0.0,2.076,1.167,15 360 202 231
isoleucine,3,tyrosine,1,6,13,2,12.901,12.995,-0.633,60.7,103.7,2.6044,0.0,2.072,0.732,16 359 141 123 172 175
isoleucine,3,tyrosine,1,6,13,3,12.901,12.995,-0.633,60.7,103.7,0.0,0.0,2.289,1.019,9 342 232 345 83 214 192 186
isoleucine,3,tyrosine,1,6,13,4,12.901,12.995,-0.633,60.7,103.7,0.0,0.0,1.979,1.612,20 321 284 37 68 232 204 136 149 191
isoleucine,3,phenylalanine,4,4,12,0,9.424,7.891,0.059,88.0,147.3,4.3215,0.0,1.644,2.853,356 34
isoleucine,3,phenylalanine,4,4,12,1,9.424,7.891,0.059,88.0,147.3,0.6954,0.0,1.922,1.612,40 301 193 186
isoleucine,3,phenylalanine,4,4,12,2,9.424,7.891,0.059,88.0,147.3,0.0,0.0,2.695,0.822,336 301 0 309 142 275
isoleucine,3,phenylalanine,4,4,12,3,9.424,7.891,0.059,88.0,147.3,0.0,0.0,2.744,0.79,75 163 272 162 45 302 349 211
isoleucine,3,phenylalanine,4,4,12,4,9.424,7.891,0.059,88.0,147.3,0.0,0.0,1.467,2.893,49 327 268 6 35 299 271 22 111 239
isoleucine,3,phenylalanine,4,4,13,0,9.424,9.35,0.059,98.4,80.3,5.6205,0.0,1.966,2.946,41 298
isoleucine,3,phenylalanine,4,4,13,1,9.424,9.35,0.059,98.4,80.3,2.0667,0.0,2.213,0.811,344 75 183 182
isoleucine,3,phenylalanine,4,4,13,2,9.424,9.35,0.059,98.4,80.3,0.0,0.0,2.383,0.572,328 61 227 9 42 195
isoleucine,3,phenylalanine,4,4,13,3,9.424,9.35,0.059,98.4,80.3,0.0,0.0,3.033,0.707,330 181 127 217 262 82 351 83
isoleucine,3,phenylalanine,4,4,13,4,9.424,9.35,0.059,98.4,80.3,0.0,0.0,1.376,2.469,36 337 291 11 46 260 234 75 109 213
isoleucine,3,phenylalanine,4,4,14,0,9.424,10.357,0.059,87.2,38.8,6.7156,0.0,1.571,2.879,25 333
isoleucine,3,phenylalanine,4,4,14,1,9.424,10.357,0.059,87.2,38.8,3.0838,0.0,1.949,1.503,345 54 177 178
isoleucine,3,phenylalanine,4,4,14,2,9.424,10.357,0.059,87.2,38.8,0.5309,0.0,1.332,2.556,42 347 139 126 298 207
isoleucine,3,phenylalanine,4,4,14,3,9.424,10.357,0.059,87.2,38.8,0.0,0.0,1.627,2.105,29 323 222 10 17 240 296 138
isoleucine,3,phenylalanine,4,4,14,4,9.424,10.357,0.059,87.2,38.8,0.0,0.0,1.611,2.046,25 331 290 24 56 250 223 91 114 204
isoleucine,3,phenylalanine,4,5,12,0,9.424,8.691,0.059,58.0,157.6,5.8289,0.0,0.736,4.673,326 360
isoleucine,3,phenylalanine,4,5,12,1,9.424,8.691,0.059,58.0,157.6,2.2274,0.0,0.759,3.05,326 359 210 264
isoleucine,3,phenylalanine,4,5,12,2,9.424,8.691,0.059,58.0,157.6,0.0,0.0,0.743,2.326,343 11 128 269 336 129
isoleucine,3,phenylalanine,4,5,12,3,9.424,8.691,0.059,58.0,157.6,0.0,0.0,1.877,2.689,12 21 56 317 277 95 140 211
isoleucine,3,phenylalanine,4,5,12,4,9.424,8.691,0.059,58.0,157.6,0.0,0.0,2.897,3.632,51 80 37 246 238 99 215 275 188 178
isoleucine,3,phenylalanine,4,5,13,0,9.424,10.242,0.059,64.9,81.3,6.9878,0.0,1.132,4.889,315 0
isoleucine,3,phenylalanine,4,5,13,1,9.424,10.242,0.059,64.9,81.3,3.2976,0.0,1.067,3.163,318 358 156 137
isoleucine,3,phenylalanine,4,5,13,2,9.424,10.242,0.059,64.9,81.3,0.0,0.0,0.779,1.836,328 353 129 89 209 144
isoleucine,3,phenylalanine,4,5,13,3,9.424,10.242,0.059,64.9,81.3,0.0,0.0,1.169,2.826,343 37 55 315 290 118 150 213
isoleucine,3,phenylalanine,4,5,13,4,9.424,10.242,0.059,64.9,81.3,0.0,0.0,0.814,1.093,306 36 67 313 290 118 139 264 240 155
isoleucine,3,phenylalanine,4,5,14,0,9.424,11.027,0.059,62.0,50.5,7.8774,0.0,0.645,4.564,329 360
isoleucine,3,phenylalanine,4,5,14,1,9.424,11.027,0.059,62.0,50.5,4.1636,0.0,0.663,3.627,328 1 204 231
isoleucine,3,phenylalanine,4,5,14,2,9.424,11.027,0.059,62.0,50.5,0.6051,0.0,0.64,3.552,328 2 219 237 192 187
isoleucine,3,phenylalanine,4,5,14,3,9.424,11.027,0.059,62.0,50.5,0.0,0.0,2.116,1.75,29 348 163 268 178 161 125 64
isoleucine,3,phenylalanine,4,5,14,4,9.424,11.027,0.059,62.0,50.5,0.0,0.0,2.099,2.903,24 356 52 329 296 89 121 205 213 187
isoleucine,3,phenylalanine,4,6,12,0,9.424,9.113,0.059,39.2,160.1,7.3434,0.0,3.483,3.371,27 360
isoleucine,3,phenylalanine,4,6,12,1,9.424,9.113,0.059,39.2,160.1,3.738,0.0,3.351,0.993,26 1 162 39
isoleucine,3,phenylalanine,4,6,12,2,9.424,9.113,0.059,39.2,160.1,0.1562,0.0,2.99,0.614,34 0 204 298 188 183
isoleucine,3,phenylalanine,4,6,12,3,9.424,9.113,0.059,39.2,160.1,0.0,0.0,2.642,1.047,12 324 282 44 88 257 222 157
isoleucine,3,phenylalanine,4,6,12,4,9.424,9.113,0.059,39.2,160.1,0.0,0.0,3.368,1.875,351 335 316 40 71 267 225 123 162 204
isoleucine,3,phenylalanine,4,6,13,0,9.424,10.96,0.059,31.7,71.1,9.5377,0.0,3.574,3.446,36 0
isoleucine,3,phenylalanine,4,6,13,1,9.424,10.96,0.059,31.7,71.1,5.8883,0.0,3.408,1.088,39 359 192 336
isoleucine,3,phenylalanine,4,6,13,2,9.424,10.96,0.059,31.7,71.1,2.2408,0.0,3.259,0.873,36 0 151 53 181 180
isoleucine,3,phenylalanine,4,6,13,3,9.424,10.96,0.059,31.7,71.1,0.0,0.0,2.855,0.703,88 351 169 25 170 193 241 239
isoleucine,3,phenylalanine,4,6,13,4,9.424,10.96,0.059,31.7,71.1,0.0,0.0,2.478,1.012,75 302 270 70 94 224 205 131 143 192
isoleucine,3,phenylalanine,4,6,14,0,9.424,11.511,0.059,40.5,48.7,9.5017,0.0,3.445,3.373,22 360
isoleucine,3,phenylalanine,4,6,14,1,9.424,11.511,0.059,40.5,48.7,5.7641,0.0,3.443,0.689,22 0 160 59
isoleucine,3,phenylalanine,4,6,14,2,9.424,11.511,0.059,40.5,48.7,2.2044,0.0,3.396,0.427,22 360 216 286 178 179
isoleucine,3,phenylalanine,4,6,14,3,9.424,11.511,0.059,40.5,48.7,0.0,0.0,3.121,0.596,22 344 141 110 189 228 253 223
isoleucine,3,phenylalanine,4,6,14,4,9.424,11.511,0.059,40.5,48.7,0.0,0.0,3.487,0.504,307 327 274 90 97 218 199 157 162 202
leucine,13,arginine,3,1,16,0,11.337,11.492,-0.624,123.9,38.8,7.7678,0.0,2.425,1.349,35 231
leucine,13,arginine,3,1,16,1,11.337,11.492,-0.624,123.9,38.8,4.2406,0.0,2.391,0.844,335 121 176 178
leucine,13,arginine,3,1,16,2,11.337,11.492,-0.624,123.9,38.8,0.7733,0.0,2.409,0.926,341 105 187 184 138 152
leucine,13,arginine,3,1,16,3,11.337,11.492,-0.624,123.9,38.8,0.0,0.0,2.406,1.601,76 273 208 204 209 116 123 191
leucine,13,arginine,3,1,16,4,11.337,11.492,-0.624,123.9,38.8,0.0,0.0,1.552,2.597,316 345 309 258 277 214 110 71 75 224
leucine,13,arginine,3,1,17,0,11.337,10.235,-0.624,122.2,89.8,6.507,0.0,2.395,1.422,337 124
leucine,13,arginine,3,1,17,1,11.337,10.235,-0.624,122.2,89.8,2.9674,0.0,2.434,0.608,38 242 184 182
leucine,13,arginine,3,1,17,2,11.337,10.235,-0.624,122.2,89.8,0.0,0.0,2.428,0.636,36 194 276 256 107 142
leucine,13,arginine,3,1,17,3,11.337,10.235,-0.624,122.2,89.8,0.0,0.0,1.8,2.899,295 58 224 199 66 334 69 271
leucine,13,arginine,3,1,17,4,11.337,10.235,-0.624,122.2,89.8,0.0,0.0,2.385,2.855,251 126 141 142 139 217 212 110 113 186
leucine,13,arginine,3,1,18,0,11.337,9.096,-0.624,127.0,142.0,5.4088,0.0,2.427,1.258,36 223
leucine,13,arginine,3,1,18,1,11.337,9.096,-0.624,127.0,142.0,1.8678,0.0,2.399,0.708,338 127 177 178
leucine,13,arginine,3,1,18,2,11.337,9.096,-0.624,127.0,142.0,0.0,0.0,2.387,1.332,333 212 26 92 184 104
leucine,13,arginine,3,1,18,3,11.337,9.096,-0.624,127.0,142.0,0.0,0.0,2.573,1.633,57 258 224 7 19 327 242 89
leucine,13,arginine,3,1,18,4,11.337,9.096,-0.624,127.0,142.0,0.0,0.0,1.894,1.8,284 42 332 199 264 311 306 349 48 260
leucine,13,arginine,3,2,16,0,11.337,13.539,-0.624,40.2,39.0,11.4609,0.0,2.117,4.11,70 360
leucine,13,arginine,3,2,16,1,11.337,13.539,-0.624,40.2,39.0,7.7548,0.0,2.095,2.561,70 0 158 66
leucine,13,arginine,3,2,16,2,11.337,13.539,-0.624,40.2,39.0,4.2056,0.0,2.099,1.8,70 0 216 282 181 181
leucine,13,arginine,3,2,16,3,11.337,13.539,-0.624,40.2,39.0,0.9228,0.0,1.453,2.751,46 3 222 282 196 191 150 157
leucine,13,arginine,3,2,16,4,11.337,13.539,-0.624,40.2,39.0,0.0,0.0,1.291,3.128,33 9 198 336 131 174 149 132 43 121
leucine,13,arginine,3,2,17,0,11.337,12.075,-0.624,48.8,98.3,9.5514,0.0,2.002,4.182,67 360
leucine,13,arginine,3,2,17,1,11.337,12.075,-0.624,48.8,98.3,5.8343,0.0,2.015,2.945,67 360 155 89
leucine,13,arginine,3,2,17,2,11.337,12.075,-0.624,48.8,98.3,2.2892,0.0,2.033,2.119,68 359 218 269 175 177
leucine,13,arginine,3,2,17,3,11.337,12.075,-0.624,48.8,98.3,0.0,0.0,1.752,2.413,59 303 268 32 68 200 170 174
leucine,13,arginine,3,2,17,4,11.337,12.075,-0.624,48.8,98.3,0.0,0.0,1.359,2.55,38 333 295 51 80 229 206 138 152 192
leucine,13,arginine,3,2,18,0,11.337,11.225,-0.624,39.5,137.0,9.2849,0.0,2.319,4.004,76 0
leucine,13,arginine,3,2,18,1,11.337,11.225,-0.624,39.5,137.0,5.6347,0.0,2.346,2.232,78 359 201 308
leucine,13,arginine,3,2,18,2,11.337,11.225,-0.624,39.5,137.0,2.026,0.0,2.33,1.81,77 360 146 72 175 177
leucine,13,arginine,3,2,18,3,11.337,11.225,-0.624,39.5,137.0,0.0,0.0,2.747,1.556,97 275 263 67 59 184 156 190
leucine,13,arginine,3,2,18,4,11.337,11.225,-0.624,39.5,137.0,0.0,0.0,1.914,0.266,76 314 285 63 91 224 203 119 135 197
leucine,13,arginine,3,13,16,0,11.337,13.147,-0.624,58.2,47.4,10.1146,0.0,2.019,3.406,293 360
leucine,13,arginine,3,13,16,1,11.337,13.147,-0.624,58.2,47.4,6.4112,0.0,2.036,1.56,292 1 205 237
leucine,13,arginine,3,13,16,2,11.337,13.147,-0.624,58.2,47.4,2.8347,0.0,2.029,1.046,292 0 141 114 183 182
leucine,13,arginine,3,13,16,3,11.337,13.147,-0.624,58.2,47.4,0.061,0.0,1.773,2.752,299 2 215 218 186 184 88 147
leucine,13,arginine,3,13,16,4,11.337,13.147,-0.624,58.2,47.4,0.0,0.0,2.129,3.954,9 10 110 259 264 160 169 188 225 212
leucine,13,arginine,3,13,17,0,11.337,12.091,-0.624,48.1,89.1,9.605,0.0,1.997,3.421,293 360
leucine,13,arginine,3,13,17,1,11.337,12.091,-0.624,48.1,89.1,5.8974,0.0,1.976,1.974,294 359 205 277
leucine,13,arginine,3,13,17,2,11.337,12.091,-0.624,48.1,89.1,2.3189,0.0,1.991,1.016,294 360 141 92 178 179
leucine,13,arginine,3,13,17,3,11.337,12.091,-0.624,48.1,89.1,0.0,0.0,2.116,1.233,292 78 65 48 213 204 120 153
leucine,13,arginine,3,13,17,4,11.337,12.091,-0.624,48.1,89.1,0.0,0.0,2.604,0.803,247 81 109 275 240 151 172 264 253 165
leucine,13,arginine,3,13,18,0,11.337,10.821,-0.624,57.9,149.4,7.8661,0.0,2.174,3.313,288 0
leucine,13,arginine,3,13,18,1,11.337,10.821,-0.624,57.9,149.4,4.2488,0.0,2.137,1.132,289 359 151 112
leucine,13,arginine,3,13,18,2,11.337,10.821,-0.624,57.9,149.4,0.8297,0.0,2.026,1.461,293 359 212 260 160 171
leucine,13,arginine,3,13,18,3,11.337,10.821,-0.624,57.9,149.4,0.0,0.0,2.549,0.964,262 50 103 331 281 120 133 194
leucine,13,arginine,3,13,18,4,11.337,10.821,-0.624,57.9,149.4,0.0,0.0,1.547,0.406,300 24 66 308 287 129 142 248 237 163
leucine,13,lysine,5,1,13,0,17.716,16.719,-0.09,136.1,82.4,12.9874,0.0,2.463,1.756,44 174
leucine,13,lysine,5,1,13,1,17.716,16.719,-0.09,136.1,82.4,9.4587,0.0,2.893,0.885,80 218 181 181
leucine,13,lysine,5,1,13,2,17.716,16.719,-0.09,136.1,82.4,5.7785,0.0,2.078,0.686,24 148 177 178 177 177
leucine,13,lysine,5,1,13,3,17.716,16.719,-0.09,136.1,82.4,2.1411,0.0,1.137,0.88,81 218 180 180 187 186 180 180
leucine,13,lysine,5,1,13,4,17.716,16.719,-0.09,136.1,82.4,0.0,0.0,1.691,1.217,110 199 186 129 157 210 179 210 231 187
leucine,13,lysine,5,1,14,0,17.716,17.777,-0.09,133.1,37.2,14.0295,0.0,2.63,1.932,62 188
leucine,13,lysine,5,1,14,1,17.716,17.777,-0.09,133.1,37.2,10.5295,0.0,2.43,0.659,24 137 178 179
leucine,13,lysine,5,1,14,2,17.716,17.777,-0.09,133.1,37.2,6.8426,0.0,2.158,0.884,85 220 178 179 178 179
leucine,13,lysine,5,1,14,3,17.716,17.777,-0.09,133.1,37.2,3.2357,0.0,0.771,0.649,25 138 175 177 163 166 175 177
leucine,13,lysine,5,1,14,4,17.716,17.777,-0.09,133.1,37.2,0.4261,0.0,2.43,0.484,24 121 180 180 188 187 180 180 102 146
leucine,13,lysine,5,1,15,0,17.716,16.864,-0.09,140.7,76.9,13.1863,0.0,2.608,1.994,60 181
leucine,13,lysine,5,1,15,1,17.716,16.864,-0.09,140.7,76.9,9.6024,0.0,2.423,1.128,33 152 181 180
leucine,13,lysine,5,1,15,2,17.716,16.864,-0.09,140.7,76.9,5.9768,0.0,2.039,0.979,76 199 191 187 189 187
leucine,13,lysine,5,1,15,3,17.716,16.864,-0.09,140.7,76.9,2.2866,0.0,0.566,1.062,32 151 180 180 185 184 180 180
leucine,13,lysine,5,1,15,4,17.716,16.864,-0.09,140.7,76.9,0.0,0.0,1.787,3.164,124 187 179 144 151 195 188 175 181 185
leucine,13,lysine,5,2,13,0,17.716,19.156,-0.09,30.3,83.1,17.5525,0.0,2.977,3.888,109 360
leucine,13,lysine,5,2,13,1,17.716,19.156,-0.09,30.3,83.1,13.7962,0.0,2.977,1.8,109 0 164 44
leucine,13,lysine,5,2,13,2,17.716,19.156,-0.09,30.3,83.1,10.2878,0.0,2.977,1.69,109 360 213 293 179 179
leucine,13,lysine,5,2,13,3,17.716,19.156,-0.09,30.3,83.1,6.602,0.0,2.933,0.543,109 0 152 63 181 181 181 181
leucine,13,lysine,5,2,13,4,17.716,19.156,-0.09,30.3,83.1,2.9827,0.0,1.256,1.084,110 360 213 293 178 179 168 170 178 179
leucine,13,lysine,5,2,14,0,17.716,20.21,-0.09,26.7,38.4,18.8155,0.0,2.977,4.034,120 0
leucine,13,lysine,5,2,14,1,17.716,20.21,-0.09,26.7,38.4,15.0706,0.0,2.977,2.107,121 360 191 330
leucine,13,lysine,5,2,14,2,17.716,20.21,-0.09,26.7,38.4,11.5525,0.0,2.977,1.449,121 360 149 61 180 180
leucine,13,lysine,5,2,14,3,17.716,20.21,-0.09,26.7,38.4,7.8939,0.0,2.876,1.616,121 360 206 305 176 178 177 177
leucine,13,lysine,5,2,14,4,17.716,20.21,-0.09,26.7,38.4,4.2672,0.0,0.508,1.471,121 360 149 61 179 180 174 175 179 180
leucine,13,lysine,5,2,15,0,17.716,19.332,-0.09,33.4,76.5,17.5353,0.0,2.977,4.057,122 0
leucine,13,lysine,5,2,15,1,17.716,19.332,-0.09,33.4,76.5,13.7789,0.0,2.977,2.243,122 0 199 304
leucine,13,lysine,5,2,15,2,17.716,19.332,-0.09,33.4,76.5,10.2819,0.0,2.977,1.522,121 0 145 73 182 181
leucine,13,lysine,5,2,15,3,17.716,19.332,-0.09,33.4,76.5,6.589,0.0,2.907,1.774,121 0 211 289 183 181 182 182
leucine,13,lysine,5,2,15,4,17.716,19.332,-0.09,33.4,76.5,2.9856,0.0,1.29,1.51,121 0 146 72 185 183 198 195 185 184
leucine,13,lysine,5,13,13,0,17.716,18.011,-0.09,81.6,78.1,14.313,0.0,2.522,3.198,278 359
leucine,13,lysine,5,13,13,1,17.716,18.011,-0.09,81.6,78.1,10.7475,0.0,2.799,0.602,255 40 180 180
leucine,13,lysine,5,13,13,2,17.716,18.011,-0.09,81.6,78.1,7.114,0.0,2.529,0.675,293 331 171 175 173 174
leucine,13,lysine,5,13,13,3,17.716,18.011,-0.09,81.6,78.1,3.445,0.0,0.818,0.617,254 40 180 180 176 176 180 180
leucine,13,lysine,5,13,13,4,17.716,18.011,-0.09,81.6,78.1,0.0,0.0,1.365,0.449,269 41 158 204 184 196 187 169 170 176
leucine,13,lysine,5,13,14,0,17.716,18.824,-0.09,88.9,44.2,15.0716,0.0,2.623,3.187,284 343
leucine,13,lysine,5,13,14,1,17.716,18.824,-0.09,88.9,44.2,11.5733,0.0,2.958,0.987,247 57 182 181
leucine,13,lysine,5,13,14,2,17.716,18.824,-0.09,88.9,44.2,7.8826,0.0,2.553,0.825,302 309 181 180 181 181
leucine,13,lysine,5,13,14,3,17.716,18.824,-0.09,88.9,44.2,4.2958,0.0,0.904,1.025,248 55 185 183 197 194 185 183
leucine,13,lysine,5,13,14,4,17.716,18.824,-0.09,88.9,44.2,0.7137,0.0,1.495,1.286,249 60 189 185 200 196 189 186 202 196
leucine,13,lysine,5,13,15,0,17.716,18.129,-0.09,85.5,73.6,14.3918,0.0,2.751,3.193,268 6
leucine,13,lysine,5,13,15,1,17.716,18.129,-0.09,85.5,73.6,10.8678,0.0,2.605,0.833,298 311 179 179
leucine,13,lysine,5,13,15,2,17.716,18.129,-0.09,85.5,73.6,7.1918,0.0,2.958,0.754,250 41 184 182 183 183
leucine,13,lysine,5,13,15,3,17.716,18.129,-0.09,85.5,73.6,3.5665,0.0,0.65,0.836,297 311 179 179 170 171 179 179
leucine,13,lysine,5,13,15,4,17.716,18.129,-0.09,85.5,73.6,0.038,0.0,1.194,0.905,293 310 180 180 187 186 180 180 144 154
leucine,13,aspartic,21,1,3,0,17.728,17.872,-0.438,135.6,29.7,14.1299,0.0,2.551,1.009,6 179
leucine,13,aspartic,21,1,3,1,17.728,17.872,-0.438,135.6,29.7,10.6272,0.0,2.434,0.675,38 219 181 181
leucine,13,aspartic,21,1,3,2,17.728,17.872,-0.438,135.6,29.7,6.942,0.0,2.411,0.914,341 146 182 181 182 182
leucine,13,aspartic,21,1,3,3,17.728,17.872,-0.438,135.6,29.7,3.3527,0.0,2.43,0.629,37 217 187 184 199 195 187 185
leucine,13,aspartic,21,1,3,4,17.728,17.872,-0.438,135.6,29.7,0.5714,0.0,2.453,0.761,42 237 180 180 181 181 180 180 259 214
leucine,13,aspartic,21,1,4,0,17.728,16.607,-0.438,142.1,85.6,12.9451,0.0,2.576,0.989,0 179
leucine,13,aspartic,21,1,4,1,17.728,16.607,-0.438,142.1,85.6,9.3452,0.0,2.428,0.39,25 204 180 180
leucine,13,aspartic,21,1,4,2,17.728,16.607,-0.438,142.1,85.6,5.7131,0.0,2.454,1.002,348 166 169 173 172 173
leucine,13,aspartic,21,1,4,3,17.728,16.607,-0.438,142.1,85.6,2.0296,0.0,2.424,0.414,27 206 180 180 175 176 180 180
leucine,13,aspartic,21,1,4,4,17.728,16.607,-0.438,142.1,85.6,0.0,0.0,2.427,0.515,36 241 150 142 272 201 181 310 24 145
leucine,13,aspartic,21,1,5,0,17.728,15.39,-0.438,134.8,138.0,11.6543,0.0,2.572,1.005,4 178
leucine,13,aspartic,21,1,5,1,17.728,15.39,-0.438,134.8,138.0,8.1571,0.0,2.433,0.637,38 220 182 181
leucine,13,aspartic,21,1,5,2,17.728,15.39,-0.438,134.8,138.0,4.4786,0.0,2.403,0.985,339 144 182 181 183 182
leucine,13,aspartic,21,1,5,3,17.728,15.39,-0.438,134.8,138.0,0.9079,0.0,2.428,0.624,36 215 193 188 200 196 194 190
leucine,13,aspartic,21,1,5,4,17.728,15.39,-0.438,134.8,138.0,0.0,0.0,2.464,0.83,44 234 130 123 209 55 322 315 38 236
leucine,13,aspartic,21,2,3,0,17.728,19.973,-0.438,48.5,32.6,17.3063,0.0,2.436,3.953,80 0
leucine,13,aspartic,21,2,3,1,17.728,19.973,-0.438,48.5,32.6,13.5603,0.0,2.436,2.117,80 360 156 105
leucine,13,aspartic,21,2,3,2,17.728,19.973,-0.438,48.5,32.6,10.0493,0.0,2.436,1.222,80 360 219 256 180 180
leucine,13,aspartic,21,2,3,3,17.728,19.973,-0.438,48.5,32.6,6.3722,0.0,2.434,2.114,80 360 145 104 179 180 179 179
leucine,13,aspartic,21,2,3,4,17.728,19.973,-0.438,48.5,32.6,2.7328,0.0,2.434,1.213,80 360 220 256 180 180 175 176 180 180
leucine,13,aspartic,21,2,4,0,17.728,18.724,-0.438,52.7,86.8,15.8652,0.0,2.648,3.883,86 360
leucine,13,aspartic,21,2,4,1,17.728,18.724,-0.438,52.7,86.8,12.1284,0.0,2.638,2.228,86 0 204 243
leucine,13,aspartic,21,2,4,2,17.728,18.724,-0.438,52.7,86.8,8.6112,0.0,2.639,2.039,86 0 141 111 182 181
leucine,13,aspartic,21,2,4,3,17.728,18.724,-0.438,52.7,86.8,4.9381,0.0,2.627,1.168,85 1 215 247 186 183 186 185
leucine,13,aspartic,21,2,4,4,17.728,18.724,-0.438,52.7,86.8,1.287,0.0,2.648,2.056,86 0 140 111 180 180 182 182 180 180
leucine,13,aspartic,21,2,5,0,17.728,17.477,-0.438,48.5,141.7,14.8414,0.0,2.419,3.96,79 0
leucine,13,aspartic,21,2,5,1,17.728,17.477,-0.438,48.5,141.7,11.1058,0.0,2.421,2.113,79 0 155 101
leucine,13,aspartic,21,2,5,2,17.728,17.477,-0.438,48.5,141.7,7.592,0.0,2.421,1.213,80 0 219 258 180 180
leucine,13,aspartic,21,2,5,3,17.728,17.477,-0.438,48.5,141.7,3.9331,0.0,2.425,2.113,80 0 144 101 181 181 181 181
leucine,13,aspartic,21,2,5,4,17.728,17.477,-0.438,48.5,141.7,0.2742,0.0,2.453,1.157,80 0 219 258 181 180 183 183 181 180
leucine,13,aspartic,21,13,3,0,17.728,19.808,-0.438,56.0,31.8,16.7955,0.0,2.366,3.234,282 360
leucine,13,aspartic,21,13,3,1,17.728,19.808,-0.438,56.0,31.8,13.0493,0.0,2.367,0.995,282 0 201 232
leucine,13,aspartic,21,13,3,2,17.728,19.808,-0.438,56.0,31.8,9.5369,0.0,2.363,0.517,282 360 141 119 180 180
leucine,13,aspartic,21,13,3,3,17.728,19.808,-0.438,56.0,31.8,5.8605,0.0,2.364,0.927,282 0 214 240 181 180 181 181
leucine,13,aspartic,21,13,3,4,17.728,19.808,-0.438,56.0,31.8,2.2145,0.0,2.289,0.554,282 0 140 118 180 180 188 187 180 180
leucine,13,aspartic,21,13,4,0,17.728,18.691,-0.438,54.2,81.5,15.7673,0.0,2.633,3.189,274 0
leucine,13,aspartic,21,13,4,1,17.728,18.691,-0.438,54.2,81.5,12.0166,0.0,2.632,0.995,274 0 157 121
leucine,13,aspartic,21,13,4,2,17.728,18.691,-0.438,54.2,81.5,8.5045,0.0,2.636,0.677,274 0 219 246 181 181
leucine,13,aspartic,21,13,4,3,17.728,18.691,-0.438,54.2,81.5,4.8149,0.0,2.635,0.68,274 0 146 115 181 181 181 181
leucine,13,aspartic,21,13,4,4,17.728,18.691,-0.438,54.2,81.5,1.194,0.0,2.619,0.675,275 359 219 247 176 178 160 163 177 178
leucine,13,aspartic,21,13,5,0,17.728,17.339,-0.438,54.8,139.3,14.4031,0.0,2.36,3.235,282 360
leucine,13,aspartic,21,13,5,1,17.728,17.339,-0.438,54.8,139.3,10.6648,0.0,2.36,1.106,282 360 203 240
leucine,13,aspartic,21,13,5,2,17.728,17.339,-0.438,54.8,139.3,7.1541,0.0,2.356,0.521,283 360 141 114 178 179
leucine,13,aspartic,21,13,5,3,17.728,17.339,-0.438,54.8,139.3,3.489,0.0,2.36,0.963,283 360 215 246 177 178 177 177
leucine,13,aspartic,21,13,5,4,17.728,17.339,-0.438,54.8,139.3,0.0,0.0,2.473,0.849,280 358 149 92 202 193 121 150 175 176
leucine,13,glutamic,22,1,4,0,10.61,11.593,-0.955,107.0,12.8,7.8913,0.0,2.311,2.089,59 274
leucine,13,glutamic,22,1,4,1,10.61,11.593,-0.955,107.0,12.8,4.3781,0.0,2.137,1.209,357 90 184 182
leucine,13,glutamic,22,1,4,2,10.61,11.593,-0.955,107.0,12.8,1.1646,0.0,0.209,0.675,358 117 174 176 240 213
leucine,13,glutamic,22,1,4,3,10.61,11.593,-0.955,107.0,12.8,0.3009,0.0,0.458,0.904,79 217 177 178 121 147 359 181
leucine,13,glutamic,22,1,4,4,10.61,11.593,-0.955,107.0,12.8,0.0,0.0,1.365,1.402,103 168 261 277 27 153 260 230 356 180
leucine,13,glutamic,22,1,5,0,10.61,9.878,-0.955,102.9,94.2,6.1578,0.0,2.062,2.292,1 74
leucine,13,glutamic,22,1,5,1,10.61,9.878,-0.955,102.9,94.2,2.5961,0.0,2.204,2.133,62 276 180 180
leucine,13,glutamic,22,1,5,2,10.61,9.878,-0.955,102.9,94.2,0.0,0.0,2.297,1.1,327 88 223 232 236 201
leucine,13,glutamic,22,1,5,3,10.61,9.878,-0.955,102.9,94.2,0.0,0.0,2.333,1.427,316 128 115 326 323 50 338 83
leucine,13,glutamic,22,1,5,4,10.61,9.878,-0.955,102.9,94.2,0.0,0.0,1.761,2.193,47 305 266 24 54 256 231 74 104 211
leucine,13,glutamic,22,1,6,0,10.61,9.94,-0.955,98.0,91.9,6.2506,0.0,1.81,2.604,60 301
leucine,13,glutamic,22,1,6,1,10.61,9.94,-0.955,98.0,91.9,2.662,0.0,2.102,1.615,3 76 178 179
leucine,13,glutamic,22,1,6,2,10.61,9.94,-0.955,98.0,91.9,0.0,0.0,1.999,1.591,354 68 214 307 61 181
leucine,13,glutamic,22,1,6,3,10.61,9.94,-0.955,98.0,91.9,0.0,0.0,2.558,1.641,114 282 159 230 343 48 322 106
leucine,13,glutamic,22,1,6,4,10.61,9.94,-0.955,98.0,91.9,0.0,0.0,1.431,1.288,50 353 314 12 37 251 227 89 120 212
leucine,13,glutamic,22,2,4,0,10.61,13.547,-0.955,20.8,5.9,12.7344,0.0,1.53,4.581,51 0
leucine,13,glutamic,22,2,4,1,10.61,13.547,-0.955,20.8,5.9,9.0482,0.0,1.533,3.252,51 360 180 360
leucine,13,glutamic,22,2,4,2,10.61,13.547,-0.955,20.8,5.9,5.5049,0.0,1.527,2.169,50 0 164 27 183 182
leucine,13,glutamic,22,2,4,3,10.61,13.547,-0.955,20.8,5.9,1.7349,0.0,1.017,1.841,50 0 178 3 192 189 183 182
leucine,13,glutamic,22,2,4,4,10.61,13.547,-0.955,20.8,5.9,0.4135,0.0,2.03,2.312,67 2 149 66 203 192 203 200 35 163
leucine,13,glutamic,22,2,5,0,10.61,11.658,-0.955,27.7,100.3,10.4838,0.0,1.364,4.796,43 360
leucine,13,glutamic,22,2,5,1,10.61,11.658,-0.955,27.7,100.3,6.7451,0.0,1.36,3.617,43 0 179 2
leucine,13,glutamic,22,2,5,2,10.61,11.658,-0.955,27.7,100.3,3.2928,0.0,1.427,2.882,47 359 203 320 165 170
leucine,13,glutamic,22,2,5,3,10.61,11.658,-0.955,27.7,100.3,0.0,0.0,1.617,3.322,10 349 199 42 169 203 184 187
leucine,13,glutamic,22,2,5,4,10.61,11.658,-0.955,27.7,100.3,0.0,0.0,1.643,1.355,57 310 276 63 89 226 207 143 154 190
leucine,13,glutamic,22,2,6,0,10.61,11.723,-0.955,16.5,97.8,11.2861,0.0,1.231,5.162,31 360
leucine,13,glutamic,22,2,6,1,10.61,11.723,-0.955,16.5,97.8,7.7713,0.0,1.229,4.291,29 0 179 1
leucine,13,glutamic,22,2,6,2,10.61,11.723,-0.955,16.5,97.8,4.0242,0.0,1.234,3.424,32 360 182 358 173 173
leucine,13,glutamic,22,2,6,3,10.61,11.723,-0.955,16.5,97.8,0.5382,0.0,1.238,2.579,34 358 186 354 210 235 146 166
leucine,13,glutamic,22,2,6,4,10.61,11.723,-0.955,16.5,97.8,0.0,0.0,2.042,0.405,59 278 286 53 127 268 200 186 250 218
leucine,13,glutamic,22,13,4,0,10.61,12.363,-0.955,77.7,11.3,8.7268,0.0,1.629,3.755,305 0
leucine,13,glutamic,22,13,4,1,10.61,12.363,-0.955,77.7,11.3,5.1586,0.0,1.625,2.894,318 339 177 178
leucine,13,glutamic,22,13,4,2,10.61,12.363,-0.955,77.7,11.3,1.4779,0.0,0.85,2.179,313 345 156 163 165 168
leucine,13,glutamic,22,13,4,3,10.61,12.363,-0.955,77.7,11.3,0.4553,0.0,1.834,2.236,324 290 163 170 147 155 347 188
leucine,13,glutamic,22,13,4,4,10.61,12.363,-0.955,77.7,11.3,0.0,0.0,1.554,1.68,304 291 165 178 116 120 96 138 332 216
leucine,13,glutamic,22,13,5,0,10.61,10.768,-0.955,69.3,89.6,7.383,0.0,1.481,3.943,311 359
leucine,13,glutamic,22,13,5,1,10.61,10.768,-0.955,69.3,89.6,3.5942,0.0,1.495,3.349,310 0 190 198
leucine,13,glutamic,22,13,5,2,10.61,10.768,-0.955,69.3,89.6,0.048,0.0,1.468,3.52,312 359 214 226 176 177
leucine,13,glutamic,22,13,5,3,10.61,10.768,-0.955,69.3,89.6,0.0,0.0,1.981,4.252,353 69 39 8 253 140 253 275
leucine,13,glutamic,22,13,5,4,10.61,10.768,-0.955,69.3,89.6,0.0,0.0,1.633,0.806,296 44 76 311 287 122 141 273 251 153
leucine,13,glutamic,22,13,6,0,10.61,10.352,-0.955,82.5,105.7,6.6525,0.0,1.469,3.961,313 357
leucine,13,glutamic,22,13,6,1,10.61,10.352,-0.955,82.5,105.7,3.1583,0.0,1.805,2.919,288 38 193 189
leucine,13,glutamic,22,13,6,2,10.61,10.352,-0.955,82.5,105.7,0.0,0.0,2.252,3.578,333 289 241 147 270 204
leucine,13,glutamic,22,13,6,3,10.61,10.352,-0.955,82.5,105.7,0.0,0.0,1.88,4.18,5 1 62 310 284 124 143 180
leucine,13,glutamic,22,13,6,4,10.61,10.352,-0.955,82.5,105.7,0.0,0.0,1.214,4.268,328 357 34 331 308 111 138 256 231 156
leucine,13,isoleucine,3,1,4,0,11.172,11.314,0.721,138.8,29.8,7.6469,0.0,2.727,2.317,69 175
leucine,13,isoleucine,3,1,4,1,11.172,11.314,0.721,138.8,29.8,4.0557,0.0,2.972,1.357,101 211 181 180
leucine,13,isoleucine,3,1,4,2,11.172,11.314,0.721,138.8,29.8,0.8419,0.0,2.431,1.255,46 168 185 183 239 217
leucine,13,isoleucine,3,1,4,3,11.172,11.314,0.721,138.8,29.8,0.0,0.0,2.423,0.377,27 187 189 211 210 180 31 211
leucine,13,isoleucine,3,1,4,4,11.172,11.314,0.721,138.8,29.8,0.0,0.0,2.972,2.548,114 194 108 107 189 257 292 157 51 123
leucine,13,isoleucine,3,1,5,0,11.172,10.446,0.721,128.8,69.5,6.7173,0.0,2.972,2.355,100 215
leucine,13,isoleucine,3,1,5,1,11.172,10.446,0.721,128.8,69.5,3.208,0.0,2.484,0.855,47 131 171 174
leucine,13,isoleucine,3,1,5,2,11.172,10.446,0.721,128.8,69.5,0.0,0.0,2.494,0.952,49 115 180 207 92 139
leucine,13,isoleucine,3,1,5,3,11.172,10.446,0.721,128.8,69.5,0.0,0.0,2.972,3.38,179 209 214 106 79 207 219 163
leucine,13,isoleucine,3,1,5,4,11.172,10.446,0.721,128.8,69.5,0.0,0.0,2.972,3.38,187 182 204 148 137 213 206 96 109 197
leucine,13,isoleucine,3,1,6,0,11.172,9.803,0.721,141.6,93.6,6.1915,0.0,2.972,2.656,96 186
leucine,13,isoleucine,3,1,6,1,11.172,9.803,0.721,141.6,93.6,2.5203,0.0,2.672,1.095,65 154 179 179
leucine,13,isoleucine,3,1,6,2,11.172,9.803,0.721,141.6,93.6,0.0,0.0,2.972,2.242,94 163 165 107 251 300
leucine,13,isoleucine,3,1,6,3,11.172,9.803,0.721,141.6,93.6,0.0,0.0,2.972,3.38,191 160 238 122 102 238 163 111
leucine,13,isoleucine,3,1,6,4,11.172,9.803,0.721,141.6,93.6,0.0,0.0,2.972,3.38,193 152 175 145 132 238 235 132 148 202
leucine,13,isoleucine,3,2,4,0,11.172,13.748,0.721,33.8,27.8,12.0625,0.0,2.977,4.371,136 360
leucine,13,isoleucine,3,2,4,1,11.172,13.748,0.721,33.8,27.8,8.3294,0.0,2.977,3.31,136 0 164 44
leucine,13,isoleucine,3,2,4,2,11.172,13.748,0.721,33.8,27.8,4.8133,0.0,2.977,3.247,137 360 212 296 176 178
leucine,13,isoleucine,3,2,4,3,11.172,13.748,0.721,33.8,27.8,1.1161,0.0,2.69,2.954,135 359 209 299 167 173 166 168
leucine,13,isoleucine,3,2,4,4,11.172,13.748,0.721,33.8,27.8,0.0,0.0,2.977,0.573,105 12 138 72 230 200 214 209 39 156
leucine,13,isoleucine,3,2,5,0,11.172,12.759,0.721,30.5,73.6,11.3228,0.0,2.977,4.843,154 0
leucine,13,isoleucine,3,2,5,1,11.172,12.759,0.721,30.5,73.6,7.6046,0.0,2.977,4.168,155 360 191 335
leucine,13,isoleucine,3,2,5,2,11.172,12.759,0.721,30.5,73.6,4.0413,0.0,2.977,3.113,153 0 151 55 182 181
leucine,13,isoleucine,3,2,5,3,11.172,12.759,0.721,30.5,73.6,0.3447,0.0,2.977,3.105,156 0 155 48 186 184 188 187
leucine,13,isoleucine,3,2,5,4,11.172,12.759,0.721,30.5,73.6,0.0,0.0,2.977,4.109,142 284 250 98 169 237 198 232 252 186
leucine,13,isoleucine,3,2,6,0,11.172,12.163,0.721,40.4,95.9,10.1339,0.0,2.977,4.6,145 0
leucine,13,isoleucine,3,2,6,1,11.172,12.163,0.721,40.4,95.9,6.4086,0.0,2.977,3.711,145 0 201 298
leucine,13,isoleucine,3,2,6,2,11.172,12.163,0.721,40.4,95.9,2.926,0.0,2.977,3.467,143 1 146 72 193 188
leucine,13,isoleucine,3,2,6,3,11.172,12.163,0.721,40.4,95.9,0.0,0.0,2.977,4.042,153 297 218 98 143 193 182 178
leucine,13,isoleucine,3,2,6,4,11.172,12.163,0.721,40.4,95.9,0.0,0.0,2.977,3.982,111 11 271 359 86 295 299 206 185 168
leucine,13,isoleucine,3,13,4,0,11.172,12.399,0.721,90.5,21.1,8.7022,0.0,2.882,3.265,280 324
leucine,13,isoleucine,3,13,4,1,11.172,12.399,0.721,90.5,21.1,5.1574,0.0,2.958,1.275,235 60 179 179
leucine,13,isoleucine,3,13,4,2,11.172,12.399,0.721,90.5,21.1,1.4115,0.0,1.624,1.008,240 53 181 181 181 181
leucine,13,isoleucine,3,13,4,3,11.172,12.399,0.721,90.5,21.1,0.292,0.0,1.343,0.948,284 1 187 189 204 191 1 179
leucine,13,isoleucine,3,13,4,4,11.172,12.399,0.721,90.5,21.1,0.0,0.0,2.006,0.463,247 39 155 334 309 154 100 145 17 171
leucine,13,isoleucine,3,13,5,0,11.172,11.085,0.721,100.7,82.3,7.3605,0.0,2.741,3.434,288 290
leucine,13,isoleucine,3,13,5,1,11.172,11.085,0.721,100.7,82.3,3.8622,0.0,2.958,2.011,230 77 189 186
leucine,13,isoleucine,3,13,5,2,11.172,11.085,0.721,100.7,82.3,0.1598,0.0,2.244,2.159,234 77 200 190 198 196
leucine,13,isoleucine,3,13,5,3,11.172,11.085,0.721,100.7,82.3,0.0,0.0,2.958,5.35,205 162 154 213 209 127 137 193
leucine,13,isoleucine,3,13,5,4,11.172,11.085,0.721,100.7,82.3,0.0,0.0,2.958,5.61,169 164 146 226 229 148 160 233 216 164
leucine,13,isoleucine,3,13,6,0,11.172,10.859,0.721,92.9,90.7,7.1384,0.0,2.958,3.335,239 44
leucine,13,isoleucine,3,13,6,1,11.172,10.859,0.721,92.9,90.7,3.5909,0.0,2.736,1.876,289 295 178 179
leucine,13,isoleucine,3,13,6,2,11.172,10.859,0.721,92.9,90.7,0.0,0.0,2.741,2.115,288 299 146 153 168 163
leucine,13,isoleucine,3,13,6,3,11.172,10.859,0.721,92.9,90.7,0.0,0.0,2.958,5.255,209 164 146 208 202 114 131 200
leucine,13,isoleucine,3,13,6,4,11.172,10.859,0.721,92.9,90.7,0.0,0.0,2.958,5.61,176 168 152 212 217 141 148 233 220 165
leucine,13,serine,31,1,3,0,17.122,16.615,-0.32,118.4,73.1,12.8701,0.0,2.58,1.884,0 114
leucine,13,serine,31,1,3,1,17.122,16.615,-0.32,118.4,73.1,9.3635,0.0,2.638,1.208,62 249 182 181
leucine,13,serine,31,1,3,2,17.122,16.615,-0.32,118.4,73.1,5.682,0.0,2.462,0.648,349 110 185 183 185 184
leucine,13,serine,31,1,3,3,17.122,16.615,-0.32,118.4,73.1,2.0393,0.0,2.641,1.202,63 249 182 181 193 191 181 181
leucine,13,serine,31,1,3,4,17.122,16.615,-0.32,118.4,73.1,0.0,0.0,2.161,1.201,330 65 262 201 275 222 203 246 181 158
leucine,13,serine,31,1,4,0,17.122,17.248,-0.32,126.5,46.7,13.5105,0.0,2.569,1.542,4 139
leucine,13,serine,31,1,4,1,17.122,17.248,-0.32,126.5,46.7,9.9903,0.0,2.612,0.719,60 236 179 179
leucine,13,serine,31,1,4,2,17.122,17.248,-0.32,126.5,46.7,6.3249,0.0,2.475,0.333,350 127 175 177 175 176
leucine,13,serine,31,1,4,3,17.122,17.248,-0.32,126.5,46.7,2.6723,0.0,2.618,0.74,61 236 179 180 170 171 179 180
leucine,13,serine,31,1,4,4,17.122,17.248,-0.32,126.5,46.7,0.1239,0.0,2.409,0.817,341 139 180 180 178 179 180 180 272 213
leucine,13,serine,31,1,5,0,17.122,14.823,-0.32,124.7,156.4,11.0982,0.0,2.581,1.638,3 132
leucine,13,serine,31,1,5,1,17.122,14.823,-0.32,124.7,156.4,7.5818,0.0,2.624,0.8,61 239 179 180
leucine,13,serine,31,1,5,2,17.122,14.823,-0.32,124.7,156.4,3.9484,0.0,2.472,0.392,350 123 176 178 175 176
leucine,13,serine,31,1,5,3,17.122,14.823,-0.32,124.7,156.4,0.4245,0.0,2.625,0.84,61 242 176 178 176 176 170 174
leucine,13,serine,31,1,5,4,17.122,14.823,-0.32,124.7,156.4,0.0,0.0,1.674,0.991,357 44 282 299 70 16 340 134 164 170
leucine,13,serine,31,2,3,0,17.122,18.674,-0.32,31.9,77.4,16.977,0.0,1.909,4.246,64 360
leucine,13,serine,31,2,3,1,17.122,18.674,-0.32,31.9,77.4,13.2244,0.0,1.901,2.769,64 0 163 50
leucine,13,serine,31,2,3,2,17.122,18.674,-0.32,31.9,77.4,9.7122,0.0,1.912,2.274,64 360 214 290 179 179
leucine,13,serine,31,2,3,3,17.122,18.674,-0.32,31.9,77.4,6.0281,0.0,1.9,2.081,63 0 151 66 182 181 182 182
leucine,13,serine,31,2,3,4,17.122,18.674,-0.32,31.9,77.4,2.3963,0.0,1.912,2.265,64 360 214 290 179 180 171 173 179 180
leucine,13,serine,31,2,4,0,17.122,19.431,-0.32,35.0,46.0,17.5324,0.0,2.282,4.021,75 0
leucine,13,serine,31,2,4,1,17.122,19.431,-0.32,35.0,46.0,13.7796,0.0,2.28,2.527,75 0 200 297
leucine,13,serine,31,2,4,2,17.122,19.431,-0.32,35.0,46.0,10.2803,0.0,2.273,2.201,75 0 144 77 182 181
leucine,13,serine,31,2,4,3,17.122,19.431,-0.32,35.0,46.0,6.5902,0.0,2.274,1.456,75 0 212 285 183 182 183 182
leucine,13,serine,31,2,4,4,17.122,19.431,-0.32,35.0,46.0,2.9744,0.0,2.262,2.209,75 0 145 76 185 183 198 195 184 183
leucine,13,serine,31,2,5,0,17.122,16.994,-0.32,33.7,155.9,15.2221,0.0,2.242,4.041,74 0
leucine,13,serine,31,2,5,1,17.122,16.994,-0.32,33.7,155.9,11.4879,0.0,2.24,2.485,74 0 198 307
leucine,13,serine,31,2,5,2,17.122,16.994,-0.32,33.7,155.9,7.9812,0.0,2.233,1.963,74 0 146 71 181 180
leucine,13,serine,31,2,5,3,17.122,16.994,-0.32,33.7,155.9,4.3384,0.0,2.226,1.55,74 0 211 292 181 180 181 181
leucine,13,serine,31,2,5,4,17.122,16.994,-0.32,33.7,155.9,0.8813,0.0,2.094,1.956,69 1 149 66 188 184 190 189 194 189
leucine,13,serine,31,13,3,0,17.122,17.888,-0.32,68.8,76.6,14.4245,0.0,1.815,3.567,299 360
leucine,13,serine,31,13,3,1,17.122,17.888,-0.32,68.8,76.6,10.6925,0.0,1.832,2.241,298 1 184 185
leucine,13,serine,31,13,3,2,17.122,17.888,-0.32,68.8,76.6,7.1507,0.0,1.811,1.637,299 359 150 146 178 179
leucine,13,serine,31,13,3,3,17.122,17.888,-0.32,68.8,76.6,3.4514,0.0,1.833,2.315,298 1 203 207 184 182 184 183
leucine,13,serine,31,13,3,4,17.122,17.888,-0.32,68.8,76.6,0.0107,0.0,1.778,2.103,299 3 160 145 202 188 208 207 212 198
leucine,13,serine,31,13,4,0,17.122,18.731,-0.32,67.4,40.5,15.3063,0.0,2.068,3.374,291 0
leucine,13,serine,31,13,4,1,17.122,18.731,-0.32,67.4,40.5,11.56,0.0,2.061,1.532,292 360 177 177
leucine,13,serine,31,13,4,2,17.122,18.731,-0.32,67.4,40.5,8.0444,0.0,2.078,1.711,291 1 212 217 182 181
leucine,13,serine,31,13,4,3,17.122,18.731,-0.32,67.4,40.5,4.3459,0.0,2.068,1.11,291 360 155 148 179 180 179 179
leucine,13,serine,31,13,4,4,17.122,18.731,-0.32,67.4,40.5,0.8135,0.0,2.219,0.896,287 360 153 141 180 180 180 180 178 178
leucine,13,serine,31,13,5,0,17.122,16.267,-0.32,67.4,149.0,12.858,0.0,2.033,3.397,292 0
leucine,13,serine,31,13,5,1,17.122,16.267,-0.32,67.4,149.0,9.1172,0.0,2.028,1.634,292 360 177 176
leucine,13,serine,31,13,5,2,17.122,16.267,-0.32,67.4,149.0,5.6217,0.0,2.043,1.813,291 1 212 218 184 182
leucine,13,serine,31,13,5,3,17.122,16.267,-0.32,67.4,149.0,1.951,0.0,2.027,1.191,292 1 153 145 183 181 184 183
leucine,13,serine,31,13,5,4,17.122,16.267,-0.32,67.4,149.0,0.0,0.0,2.958,1.811,252 116 142 226 209 166 175 184 181 179
leucine,13,tryptophan,5,1,16,0,19.68,17.654,0.563,141.1,117.3,13.955,0.0,2.549,1.889,55 180
leucine,13,tryptophan,5,1,16,1,19.68,17.654,0.563,141.1,117.3,10.4152,0.0,2.421,0.837,29 154 178 179
leucine,13,tryptophan,5,1,16,2,19.68,17.654,0.563,141.1,117.3,6.716,0.0,2.706,1.061,68 196 179 180 179 179
leucine,13,tryptophan,5,1,16,3,19.68,17.654,0.563,141.1,117.3,3.1707,0.0,2.421,0.928,31 157 169 173 160 165 170 173
leucine,13,tryptophan,5,1,16,4,19.68,17.654,0.563,141.1,117.3,0.0,0.0,2.972,1.955,102 193 172 139 148 162 158 170 167 177
leucine,13,tryptophan,5,1,17,0,19.68,17.943,0.563,148.6,105.3,14.3943,0.0,2.594,1.982,59 180
leucine,13,tryptophan,5,1,17,1,19.68,17.943,0.563,148.6,105.3,10.69,0.0,2.563,1.183,56 178 179 179
leucine,13,tryptophan,5,1,17,2,19.68,17.943,0.563,148.6,105.3,7.1335,0.0,2.62,1.101,61 182 204 203 184 183
leucine,13,tryptophan,5,1,17,3,19.68,17.943,0.563,148.6,105.3,3.4175,0.0,2.573,1.17,57 179 170 169 178 179 178 178
leucine,13,tryptophan,5,1,17,4,19.68,17.943,0.563,148.6,105.3,0.0,0.0,2.111,1.017,74 191 160 152 170 186 183 200 203 181
leucine,13,tryptophan,5,1,18,0,19.68,19.868,0.563,144.4,16.3,16.2187,0.0,2.55,1.894,55 180
leucine,13,tryptophan,5,1,18,1,19.68,19.868,0.563,144.4,16.3,12.6153,0.0,2.431,0.993,37 163 179 180
leucine,13,tryptophan,5,1,18,2,19.68,19.868,0.563,144.4,16.3,8.9483,0.0,2.557,1.235,55 181 182 182 181 181
leucine,13,tryptophan,5,1,18,3,19.68,19.868,0.563,144.4,16.3,5.3609,0.0,2.438,1.065,39 165 177 178 169 171 177 178
leucine,13,tryptophan,5,1,18,4,19.68,19.868,0.563,144.4,16.3,1.6221,0.0,2.519,1.312,51 177 175 176 177 178 171 173 178 178
leucine,13,tryptophan,5,2,16,0,19.68,20.12,0.563,33.8,117.6,18.2815,0.0,2.977,3.987,117 0
leucine,13,tryptophan,5,2,16,1,19.68,20.12,0.563,33.8,117.6,14.5442,0.0,2.977,2.073,118 360 200 301
leucine,13,tryptophan,5,2,16,2,19.68,20.12,0.563,33.8,117.6,11.0234,0.0,2.977,1.164,118 360 144 76 179 179
leucine,13,tryptophan,5,2,16,3,19.68,20.12,0.563,33.8,117.6,7.3711,0.0,2.977,1.186,118 360 211 289 174 177 174 175
leucine,13,tryptophan,5,2,16,4,19.68,20.12,0.563,33.8,117.6,3.7388,0.0,2.977,1.204,118 360 145 76 177 178 167 168 177 178
leucine,13,tryptophan,5,2,17,0,19.68,20.407,0.563,40.4,105.7,18.1775,0.0,2.977,4.047,121 0
leucine,13,tryptophan,5,2,17,1,19.68,20.407,0.563,40.4,105.7,14.4253,0.0,2.977,2.436,121 0 203 279
leucine,13,tryptophan,5,2,17,2,19.68,20.407,0.563,40.4,105.7,10.9198,0.0,2.977,1.577,121 0 142 88 181 181
leucine,13,tryptophan,5,2,17,3,19.68,20.407,0.563,40.4,105.7,7.2382,0.0,2.977,1.739,121 0 214 273 182 181 182 182
leucine,13,tryptophan,5,2,17,4,19.68,20.407,0.563,40.4,105.7,3.6374,0.0,2.977,1.565,120 0 143 88 183 182 193 191 183 182
leucine,13,tryptophan,5,2,18,0,19.68,22.338,0.563,36.7,16.1,20.2962,0.0,2.977,3.996,118 0
leucine,13,tryptophan,5,2,18,1,19.68,22.338,0.563,36.7,16.1,16.5451,0.0,2.977,2.216,118 360 202 288
leucine,13,tryptophan,5,2,18,2,19.68,22.338,0.563,36.7,16.1,13.0379,0.0,2.977,1.256,118 0 143 83 180 180
leucine,13,tryptophan,5,2,18,3,19.68,22.338,0.563,36.7,16.1,9.3642,0.0,2.977,1.267,118 360 213 279 179 180 180 180
leucine,13,tryptophan,5,2,18,4,19.68,22.338,0.563,36.7,16.1,5.773,0.0,2.977,1.272,118 0 143 83 180 180 181 181 180 180
leucine,13,tryptophan,5,13,16,0,19.68,18.982,0.563,83.4,123.2,15.2488,0.0,2.718,3.191,272 359
leucine,13,tryptophan,5,13,16,1,19.68,18.982,0.563,83.4,123.2,11.7298,0.0,2.958,0.795,247 44 181 181
leucine,13,tryptophan,5,13,16,2,19.68,18.982,0.563,83.4,123.2,8.0428,0.0,2.722,0.54,290 325 179 180 179 179
leucine,13,tryptophan,5,13,16,3,19.68,18.982,0.563,83.4,123.2,4.4662,0.0,2.958,0.774,248 42 185 183 195 193 185 183
leucine,13,tryptophan,5,13,16,4,19.68,18.982,0.563,83.4,123.2,0.7286,0.0,2.68,0.592,292 321 179 180 179 179 179 179 179 180
leucine,13,tryptophan,5,13,17,0,19.68,19.425,0.563,81.8,104.4,15.7078,0.0,2.958,3.243,264 2
leucine,13,tryptophan,5,13,17,1,19.68,19.425,0.563,81.8,104.4,12.1665,0.0,2.754,0.814,287 320 179 179
leucine,13,tryptophan,5,13,17,2,19.68,19.425,0.563,81.8,104.4,8.4866,0.0,2.958,1.054,250 28 183 181 182 182
leucine,13,tryptophan,5,13,17,3,19.68,19.425,0.563,81.8,104.4,4.887,0.0,2.765,0.826,287 321 177 178 167 169 177 178
leucine,13,tryptophan,5,13,17,4,19.68,19.425,0.563,81.8,104.4,1.1719,0.0,2.136,1.074,246 33 181 181 182 182 183 182 181 181
leucine,13,tryptophan,5,13,18,0,19.68,21.272,0.563,82.7,21.9,17.5409,0.0,2.803,3.202,269 360
leucine,13,tryptophan,5,13,18,1,19.68,21.272,0.563,82.7,21.9,14.0179,0.0,2.958,0.889,245 42 180 180
leucine,13,tryptophan,5,13,18,2,19.68,21.272,0.563,82.7,21.9,10.3326,0.0,2.783,0.614,286 328 180 180 180 180
leucine,13,tryptophan,5,13,18,3,19.68,21.272,0.563,82.7,21.9,6.7641,0.0,2.958,0.853,246 41 183 182 192 191 183 182
leucine,13,tryptophan,5,13,18,4,19.68,21.272,0.563,82.7,21.9,3.05,0.0,2.508,0.609,290 322 181 181 182 182 182 181 181 181
leucine,13,tyrosine,1,1,11,0,9.623,10.436,-0.973,99.6,34.9,6.7247,0.0,1.978,2.558,319 65
leucine,13,tyrosine,1,1,11,1,9.623,10.436,-0.973,99.6,34.9,3.1598,0.0,1.889,1.654,17 282 179 180
leucine,13,tyrosine,1,1,11,2,9.623,10.436,-0.973,99.6,34.9,0.524,0.0,1.075,2.769,292 74 157 167 93 144
leucine,13,tyrosine,1,1,11,3,9.623,10.436,-0.973,99.6,34.9,0.0,0.0,1.545,1.868,343 225 263 204 145 206 317 285
leucine,13,tyrosine,1,1,11,4,9.623,10.436,-0.973,99.6,34.9,0.0,0.0,1.481,2.415,333 26 63 341 311 106 137 287 253 150
leucine,13,tyrosine,1,1,12,0,9.623,8.782,-0.973,91.5,102.0,5.1639,0.0,1.672,2.302,7 319
leucine,13,tyrosine,1,1,12,1,9.623,8.782,-0.973,91.5,102.0,1.4956,0.0,1.823,2.598,316 64 178 179
leucine,13,tyrosine,1,1,12,2,9.623,8.782,-0.973,91.5,102.0,0.0,0.0,1.449,2.341,16 34 70 26 333 140
leucine,13,tyrosine,1,1,12,3,9.623,8.782,-0.973,91.5,102.0,0.0,0.0,2.283,1.222,331 128 336 50 241 32 204 326
leucine,13,tyrosine,1,1,12,4,9.623,8.782,-0.973,91.5,102.0,0.0,0.0,1.377,2.469,327 25 70 347 314 92 120 288 254 148
leucine,13,tyrosine,1,1,13,0,9.623,9.892,-0.973,103.9,60.0,6.1632,0.0,2.243,2.307,18 282
leucine,13,tyrosine,1,1,13,1,9.623,9.892,-0.973,103.9,60.0,2.6064,0.0,1.937,2.178,316 85 182 181
leucine,13,tyrosine,1,1,13,2,9.623,9.892,-0.973,103.9,60.0,0.042,0.0,2.285,0.971,48 274 136 157 93 142
leucine,13,tyrosine,1,1,13,3,9.623,9.892,-0.973,103.9,60.0,0.0,0.0,1.691,0.968,38 182 238 356 326 46 49 229
leucine,13,tyrosine,1,1,13,4,9.623,9.892,-0.973,103.9,60.0,0.0,0.0,1.285,2.586,317 17 198 358 255 147 83 287 282 102
leucine,13,tyrosine,1,2,11,0,9.623,11.344,-0.973,65.4,44.5,8.0445,0.0,1.396,4.748,45 0
leucine,13,tyrosine,1,2,11,1,9.623,11.344,-0.973,65.4,44.5,4.4158,0.0,1.431,4.703,48 356 156 144
leucine,13,tyrosine,1,2,11,2,9.623,11.344,-0.973,65.4,44.5,0.8563,0.0,1.344,4.669,52 352 139 137 153 162
leucine,13,tyrosine,1,2,11,3,9.623,11.344,-0.973,65.4,44.5,0.0,0.0,2.15,5.613,351 78 133 177 70 171 268 232
leucine,13,tyrosine,1,2,11,4,9.623,11.344,-0.973,65.4,44.5,0.0,0.0,1.368,5.613,23 347 309 37 62 242 219 127 145 198
leucine,13,tyrosine,1,2,12,0,9.623,9.647,-0.973,58.9,111.6,6.6858,0.0,1.265,5.0,36 0
leucine,13,tyrosine,1,2,12,1,9.623,9.647,-0.973,58.9,111.6,2.964,0.0,1.273,4.822,37 0 153 109
leucine,13,tyrosine,1,2,12,2,9.623,9.647,-0.973,58.9,111.6,0.0,0.0,1.625,4.484,53 2 125 160 90 180
leucine,13,tyrosine,1,2,12,3,9.623,9.647,-0.973,58.9,111.6,0.0,0.0,2.431,5.439,317 354 262 35 157 243 201 226
leucine,13,tyrosine,1,2,12,4,9.623,9.647,-0.973,58.9,111.6,0.0,0.0,1.903,5.613,357 356 320 28 59 268 232 123 151 200
leucine,13,tyrosine,1,2,13,0,9.623,11.215,-0.973,53.0,50.5,8.4926,0.0,1.445,4.682,47 360
leucine,13,tyrosine,1,2,13,1,9.623,11.215,-0.973,53.0,50.5,4.8068,0.0,1.473,4.182,49 359 206 266
leucine,13,tyrosine,1,2,13,2,9.623,11.215,-0.973,53.0,50.5,1.2314,0.0,1.053,3.531,51 359 219 266 167 172
leucine,13,tyrosine,1,2,13,3,9.623,11.215,-0.973,53.0,50.5,0.0489,0.0,1.957,1.302,77 358 208 309 148 162 331 198
leucine,13,tyrosine,1,2,13,4,9.623,11.215,-0.973,53.0,50.5,0.0,0.0,1.886,0.412,73 307 274 61 84 226 208 110 124 198
leucine,13,tyrosine,1,13,11,0,9.623,12.051,-0.973,32.9,33.4,10.4961,0.0,1.245,4.407,323 0
leucine,13,tyrosine,1,13,11,1,9.623,12.051,-0.973,32.9,33.4,6.8018,0.0,1.233,3.401,324 360 194 326
leucine,13,tyrosine,1,13,11,2,9.623,12.051,-0.973,32.9,33.4,3.2247,0.0,1.237,2.994,324 0 150 57 180 180
leucine,13,tyrosine,1,13,11,3,9.623,12.051,-0.973,32.9,33.4,0.6905,0.0,1.343,5.154,345 2 205 312 196 188 264 216
leucine,13,tyrosine,1,13,11,4,9.623,12.051,-0.973,32.9,33.4,0.0,0.0,2.26,5.61,22 350 222 277 165 139 132 183 272 228
leucine,13,tyrosine,1,13,12,0,9.623,10.085,-0.973,39.3,114.3,8.2354,0.0,1.192,4.702,330 0
leucine,13,tyrosine,1,13,12,1,9.623,10.085,-0.973,39.3,114.3,4.5237,0.0,1.192,3.858,331 360 198 315
leucine,13,tyrosine,1,13,12,2,9.623,10.085,-0.973,39.3,114.3,0.9403,0.0,1.195,3.461,329 0 148 64 184 182
leucine,13,tyrosine,1,13,12,3,9.623,10.085,-0.973,39.3,114.3,0.0,0.0,2.731,4.395,14 58 88 287 237 137 186 204
leucine,13,tyrosine,1,13,12,4,9.623,10.085,-0.973,39.3,114.3,0.0,0.0,1.862,3.317,352 24 58 319 289 105 133 228 205 162
leucine,13,tyrosine,1,13,13,0,9.623,11.427,-0.973,43.3,62.5,9.2516,0.0,1.389,4.086,315 360
leucine,13,tyrosine,1,13,13,1,9.623,11.427,-0.973,43.3,62.5,5.5188,0.0,1.381,3.209,315 360 158 69
leucine,13,tyrosine,1,13,13,2,9.623,11.427,-0.973,43.3,62.5,1.9823,0.0,1.363,3.439,316 359 216 283 170 174
leucine,13,tyrosine,1,13,13,3,9.623,11.427,-0.973,43.3,62.5,0.0,0.0,1.648,3.702,3 351 166 280 221 171 126 103
leucine,13,tyrosine,1,13,13,4,9.623,11.427,-0.973,43.3,62.5,0.0,0.0,1.501,0.559,307 43 76 304 280 131 151 233 218 165
leucine,13,phenylalanine,4,1,12,0,12.692,10.769,-0.053,118.1,138.4,7.0644,0.0,2.514,1.687,51 246
leucine,13,phenylalanine,4,1,12,1,12.692,10.769,-0.053,118.1,138.4,3.5353,0.0,2.453,0.671,348 109 182 181
leucine,13,phenylalanine,4,1,12,2,12.692,10.769,-0.053,118.1,138.4,0.0,0.0,2.604,1.534,60 255 194 180 225 228
leucine,13,phenylalanine,4,1,12,3,12.692,10.769,-0.053,118.1,138.4,0.0,0.0,2.972,1.032,104 245 215 66 72 226 217 162
leucine,13,phenylalanine,4,1,12,4,12.692,10.769,-0.053,118.1,138.4,0.0,0.0,1.529,2.548,320 40 350 206 238 304 245 332 24 253
leucine,13,phenylalanine,4,1,13,0,12.692,13.102,-0.053,114.3,39.2,9.3709,0.0,2.516,1.754,51 256
leucine,13,phenylalanine,4,1,13,1,12.692,13.102,-0.053,114.3,39.2,5.847,0.0,2.452,0.798,348 104 179 180
leucine,13,phenylalanine,4,1,13,2,12.692,13.102,-0.053,114.3,39.2,2.1148,0.0,2.609,1.391,60 257 180 180 180 180
leucine,13,phenylalanine,4,1,13,3,12.692,13.102,-0.053,114.3,39.2,0.1236,0.0,2.424,1.562,8 91 195 188 189 189 309 200
leucine,13,phenylalanine,4,1,13,4,12.692,13.102,-0.053,114.3,39.2,0.0,0.0,2.223,2.212,27 69 45 120 231 339 263 208 36 112
leucine,13,phenylalanine,4,1,14,0,12.692,11.685,-0.053,109.0,96.6,7.9698,0.0,2.371,1.983,353 89
leucine,13,phenylalanine,4,1,14,1,12.692,11.685,-0.053,109.0,96.6,4.4344,0.0,2.499,1.608,56 265 184 183
leucine,13,phenylalanine,4,1,14,2,12.692,11.685,-0.053,109.0,96.6,0.697,0.0,2.431,1.069,345 93 179 180 180 180
leucine,13,phenylalanine,4,1,14,3,12.692,11.685,-0.053,109.0,96.6,0.0,0.0,2.393,1.06,336 157 62 103 163 195 79 29
leucine,13,phenylalanine,4,1,14,4,12.692,11.685,-0.053,109.0,96.6,0.0,0.0,1.459,2.39,307 36 336 224 261 280 228 352 48 232
leucine,13,phenylalanine,4,2,12,0,12.692,12.877,-0.053,29.5,132.7,11.4993,0.0,2.054,4.148,68 0
leucine,13,phenylalanine,4,2,12,1,12.692,12.877,-0.053,29.5,132.7,7.8061,0.0,2.079,2.505,69 360 190 338
leucine,13,phenylalanine,4,2,12,2,12.692,12.877,-0.053,29.5,132.7,4.2374,0.0,2.05,1.532,68 360 152 53 180 180
leucine,13,phenylalanine,4,2,12,3,12.692,12.877,-0.053,29.5,132.7,0.5467,0.0,2.065,1.698,69 359 204 314 166 172 168 169
leucine,13,phenylalanine,4,2,12,4,12.692,12.877,-0.053,29.5,132.7,0.0,0.0,1.7,0.768,63 310 274 64 89 216 198 152 160 187
leucine,13,phenylalanine,4,2,13,0,12.692,15.129,-0.053,28.4,38.2,13.74,0.0,1.801,4.328,60 360
leucine,13,phenylalanine,4,2,13,1,12.692,15.129,-0.053,28.4,38.2,10.028,0.0,1.788,2.877,60 0 170 25
leucine,13,phenylalanine,4,2,13,2,12.692,15.129,-0.053,28.4,38.2,6.4887,0.0,1.785,2.022,60 0 209 304 181 181
leucine,13,phenylalanine,4,2,13,3,12.692,15.129,-0.053,28.4,38.2,2.8367,0.0,1.712,1.989,57 1 156 49 193 187 191 190
leucine,13,phenylalanine,4,2,13,4,12.692,15.129,-0.053,28.4,38.2,0.5294,0.0,1.266,2.839,36 0 180 0 188 187 180 180 283 211
leucine,13,phenylalanine,4,2,14,0,12.692,13.506,-0.053,34.0,104.1,11.8151,0.0,1.533,4.577,51 360
leucine,13,phenylalanine,4,2,14,1,12.692,13.506,-0.053,34.0,104.1,8.0788,0.0,1.526,3.306,50 0 164 43
leucine,13,phenylalanine,4,2,14,2,12.692,13.506,-0.053,34.0,104.1,4.557,0.0,1.549,2.878,51 360 212 296 177 178
leucine,13,phenylalanine,4,2,14,3,12.692,13.506,-0.053,34.0,104.1,0.8196,0.0,1.526,2.577,50 360 154 60 178 179 179 179
leucine,13,phenylalanine,4,2,14,4,12.692,13.506,-0.053,34.0,104.1,0.0,0.0,1.79,2.57,35 309 281 61 83 219 197 163 177 192
leucine,13,phenylalanine,4,13,12,0,12.692,12.051,-0.053,68.2,139.0,8.6521,0.0,1.901,3.493,296 0
leucine,13,phenylalanine,4,13,12,1,12.692,12.051,-0.053,68.2,139.0,4.9825,0.0,1.866,1.917,298 359 163 155
leucine,13,phenylalanine,4,13,12,2,12.692,12.051,-0.053,68.2,139.0,1.4045,0.0,1.874,2.277,297 0 212 223 181 180
leucine,13,phenylalanine,4,13,12,3,12.692,12.051,-0.053,68.2,139.0,0.0,0.0,1.851,2.28,327 55 60 354 297 159 205 196
leucine,13,phenylalanine,4,13,12,4,12.692,12.051,-0.053,68.2,139.0,0.0,0.0,2.613,2.308,287 280 332 353 341 145 152 274 254 149
leucine,13,phenylalanine,4,13,13,0,12.692,14.238,-0.053,70.5,47.1,10.7405,0.0,1.751,3.627,301 360
leucine,13,phenylalanine,4,13,13,1,12.692,14.238,-0.053,70.5,47.1,7.0995,0.0,1.774,2.457,299 2 189 191
leucine,13,phenylalanine,4,13,13,2,12.692,14.238,-0.053,70.5,47.1,3.456,0.0,1.76,1.911,300 1 151 146 183 182
leucine,13,phenylalanine,4,13,13,3,12.692,14.238,-0.053,70.5,47.1,0.3209,0.0,1.847,2.68,288 27 201 192 191 190 111 151
leucine,13,phenylalanine,4,13,13,4,12.692,14.238,-0.053,70.5,47.1,0.0,0.0,1.901,3.278,354 292 154 277 324 150 135 153 257 223
leucine,13,phenylalanine,4,13,14,0,12.692,12.869,-0.053,63.7,100.9,9.6214,0.0,1.571,3.823,307 360
leucine,13,phenylalanine,4,13,14,1,12.692,12.869,-0.053,63.7,100.9,5.8849,0.0,1.585,2.909,307 0 200 219
leucine,13,phenylalanine,4,13,14,2,12.692,12.869,-0.053,63.7,100.9,2.3293,0.0,1.573,2.228,308 360 143 128 177 178
leucine,13,phenylalanine,4,13,14,3,12.692,12.869,-0.053,63.7,100.9,0.0,0.0,1.357,1.683,324 346 150 358 291 145 154 157
leucine,13,phenylalanine,4,13,14,4,12.692,12.869,-0.053,63.7,100.9,0.0,0.0,2.616,0.483,271 91 98 283 262 154 169 277 252 150
serine,31,arginine,3,3,16,0,6.799,5.722,-0.13,69.4,170.0,2.5555,0.0,7.071,4.564,237 360
serine,31,arginine,3,3,16,1,6.799,5.722,-0.13,69.4,170.0,0.4724,0.0,4.763,4.566,225 313 287 299
serine,31,arginine,3,3,16,2,6.799,5.722,-0.13,69.4,170.0,0.0,0.0,4.862,3.93,266 93 54 185 317 68
serine,31,arginine,3,3,16,3,6.799,5.722,-0.13,69.4,170.0,0.0,0.0,4.959,4.305,301 35 17 311 302 54 116 256
serine,31,arginine,3,3,16,4,6.799,5.722,-0.13,69.4,170.0,0.0,0.0,4.749,3.937,298 357 14 301 282 88 121 288 248 152
serine,31,arginine,3,3,17,0,6.799,7.947,-0.13,76.9,57.2,4.3358,0.0,7.051,4.688,231 0
serine,31,arginine,3,3,17,1,6.799,7.947,-0.13,76.9,57.2,0.6642,0.0,4.527,4.863,215 27 180 180
serine,31,arginine,3,3,17,2,6.799,7.947,-0.13,76.9,57.2,0.0,0.0,4.469,4.866,195 167 86 236 232 140
serine,31,arginine,3,3,17,3,6.799,7.947,-0.13,76.9,57.2,0.0,0.0,4.453,4.866,193 197 99 216 256 58 93 241
serine,31,arginine,3,3,17,4,6.799,7.947,-0.13,76.9,57.2,0.0,0.0,3.896,4.464,231 161 129 185 209 108 107 271 243 144
serine,31,arginine,3,3,18,0,6.799,7.911,-0.13,66.8,58.7,4.6642,0.0,7.173,4.358,248 360
serine,31,arginine,3,3,18,1,6.799,7.911,-0.13,66.8,58.7,0.858,0.0,4.664,3.927,248 360 160 129
serine,31,arginine,3,3,18,2,6.799,7.911,-0.13,66.8,58.7,0.0,0.0,4.271,2.829,268 101 80 248 212 137
serine,31,arginine,3,3,18,3,6.799,7.911,-0.13,66.8,58.7,0.0,0.0,4.323,3.651,219 179 99 214 254 66 92 233
serine,31,arginine,3,3,18,4,6.799,7.911,-0.13,66.8,58.7,0.0,0.0,4.131,3.465,279 360 24 348 325 74 110 264 229 146
serine,31,arginine,3,4,16,0,6.799,6.134,-0.13,54.0,146.2,3.7877,0.0,6.614,3.591,138 0
serine,31,arginine,3,4,16,1,6.799,6.134,-0.13,54.0,146.2,0.2786,0.0,4.416,3.591,137 354 200 333
serine,31,arginine,3,4,16,2,6.799,6.134,-0.13,54.0,146.2,0.0,0.0,3.627,1.506,100 300 326 343 119 34
serine,31,arginine,3,4,16,3,6.799,6.134,-0.13,54.0,146.2,0.0,0.0,3.52,0.858,64 300 331 63 118 288 160 96
serine,31,arginine,3,4,16,4,6.799,6.134,-0.13,54.0,146.2,0.0,0.0,4.131,0.886,4 335 301 60 92 279 249 130 156 201
serine,31,arginine,3,4,17,0,6.799,8.361,-0.13,61.4,49.3,5.3417,0.0,6.694,3.591,143 0
serine,31,arginine,3,4,17,1,6.799,8.361,-0.13,61.4,49.3,1.5387,0.0,3.656,3.591,143 360 201 251
serine,31,arginine,3,4,17,2,6.799,8.361,-0.13,61.4,49.3,0.0,0.0,3.66,3.591,182 273 230 139 40 185
serine,31,arginine,3,4,17,3,6.799,8.361,-0.13,61.4,49.3,0.0,0.0,3.447,2.26,120 300 333 46 51 247 276 148
serine,31,arginine,3,4,17,4,6.799,8.361,-0.13,61.4,49.3,0.0,0.0,3.374,0.91,75 347 310 77 98 229 220 106 114 195
serine,31,arginine,3,4,18,0,6.799,8.288,-0.13,51.9,52.4,5.7904,0.0,6.524,3.403,126 360
serine,31,arginine,3,4,18,1,6.799,8.288,-0.13,51.9,52.4,1.995,0.0,3.729,2.88,125 0 159 70
serine,31,arginine,3,4,18,2,6.799,8.288,-0.13,51.9,52.4,0.1456,0.0,3.376,0.434,87 355 214 301 307 207
serine,31,arginine,3,4,18,3,6.799,8.288,-0.13,51.9,52.4,0.0,0.0,2.852,0.685,67 301 240 111 146 247 245 183
serine,31,arginine,3,4,18,4,6.799,8.288,-0.13,51.9,52.4,0.0,0.0,3.434,0.535,8 331 281 81 108 245 233 154 158 187
serine,31,arginine,3,5,16,0,6.799,3.908,-0.13,161.2,150.3,2.1482,0.0,5.584,3.146,126 180
serine,31,arginine,3,5,16,1,6.799,3.908,-0.13,161.2,150.3,1.359,0.0,4.844,3.146,126 83 299 360
serine,31,arginine,3,5,16,2,6.799,3.908,-0.13,161.2,150.3,0.0,0.0,4.544,1.351,4 345 357 332 222 356
serine,31,arginine,3,5,16,3,6.799,3.908,-0.13,161.2,150.3,0.0,0.0,4.814,1.13,342 68 254 235 316 23 215 279
serine,31,arginine,3,5,16,4,6.799,3.908,-0.13,161.2,150.3,0.0,0.0,3.892,2.34,164 71 215 181 40 316 213 6 256 298
serine,31,arginine,3,5,17,0,6.799,6.308,-0.13,157.8,42.9,3.4587,0.0,5.479,3.146,142 180
serine,31,arginine,3,5,17,1,6.799,6.308,-0.13,157.8,42.9,0.6638,0.0,4.145,3.146,119 112 268 310
serine,31,arginine,3,5,17,2,6.799,6.308,-0.13,157.8,42.9,0.0,0.0,4.424,3.146,107 73 245 158 71 0
serine,31,arginine,3,5,17,3,6.799,6.308,-0.13,157.8,42.9,0.0,0.0,4.233,2.51,40 103 189 169 73 264 254 82
serine,31,arginine,3,5,17,4,6.799,6.308,-0.13,157.8,42.9,0.0,0.0,4.415,0.976,353 126 148 112 80 300 291 64 101 222
serine,31,arginine,3,5,18,0,6.799,5.945,-0.13,166.8,57.8,3.7455,0.0,5.805,3.062,69 181
serine,31,arginine,3,5,18,1,6.799,5.945,-0.13,166.8,57.8,0.5778,0.0,4.161,2.193,61 224 118 11
serine,31,arginine,3,5,18,2,6.799,5.945,-0.13,166.8,57.8,0.0,0.0,3.231,0.361,339 129 229 129 32 359
serine,31,arginine,3,5,18,3,6.799,5.945,-0.13,166.8,57.8,0.0,0.0,4.247,3.146,133 260 156 70 16 317 255 57
serine,31,arginine,3,5,18,4,6.799,5.945,-0.13,166.8,57.8,0.0,0.0,1.352,1.064,344 226 203 44 39 269 265 96 128 223
serine,31,lysine,5,3,13,0,7.447,7.563,0.011,20.1,141.3,7.2668,0.0,7.998,4.748,359 0
serine,31,lysine,5,3,13,1,7.447,7.563,0.011,20.1,141.3,4.1448,0.0,6.404,4.174,1 360 181 359
serine,31,lysine,5,3,13,2,7.447,7.563,0.011,20.1,141.3,0.3032,0.0,4.058,3.131,359 0 180 0 159 108
serine,31,lysine,5,3,13,3,7.447,7.563,0.011,20.1,141.3,0.0,0.0,2.0,1.192,317 246 310 20 103 95 215 286
serine,31,lysine,5,3,13,4,7.447,7.563,0.011,20.1,141.3,0.0,0.0,4.452,3.372,75 51 37 118 153 264 257 241 240 153
serine,31,lysine,5,3,14,0,7.447,9.299,0.011,32.1,66.8,8.0127,0.0,8.009,4.751,0 0
serine,31,lysine,5,3,14,1,7.447,9.299,0.011,32.1,66.8,4.2526,0.0,6.397,4.173,1 360 182 357
serine,31,lysine,5,3,14,2,7.447,9.299,0.011,32.1,66.8,0.6794,0.0,4.102,3.974,358 1 156 41 188 186
serine,31,lysine,5,3,14,3,7.447,9.299,0.011,32.1,66.8,0.0,0.0,4.58,4.303,321 312 274 64 111 233 211 173
serine,31,lysine,5,3,14,4,7.447,9.299,0.011,32.1,66.8,0.0,0.0,3.958,4.445,357 332 124 124 127 348 244 12 23 54
serine,31,lysine,5,3,15,0,7.447,9.978,0.011,18.7,37.2,9.518,0.0,7.858,4.712,350 0
serine,31,lysine,5,3,15,1,7.447,9.978,0.011,18.7,37.2,6.0494,0.0,6.055,4.092,350 360 180 360
serine,31,lysine,5,3,15,2,7.447,9.978,0.011,18.7,37.2,2.2953,0.0,3.384,3.257,353 0 180 0 195 207
serine,31,lysine,5,3,15,3,7.447,9.978,0.011,18.7,37.2,0.4822,0.0,4.093,3.506,52 0 180 0 186 191 277 197
serine,31,lysine,5,3,15,4,7.447,9.978,0.011,18.7,37.2,0.0,0.0,1.359,0.597,252 55 152 287 191 135 166 232 260 212
serine,31,lysine,5,4,13,0,7.447,6.23,0.011,79.9,158.6,2.6634,0.0,5.676,1.51,40 360
serine,31,lysine,5,4,13,1,7.447,6.23,0.011,79.9,158.6,0.3595,0.0,4.0,2.126,16 340 287 266
serine,31,lysine,5,4,13,2,7.447,6.23,0.011,79.9,158.6,0.0,0.0,4.329,3.337,340 334 275 100 98 268
serine,31,lysine,5,4,13,3,7.447,6.23,0.011,79.9,158.6,0.0,0.0,4.445,3.363,315 354 318 48 77 296 266 146
serine,31,lysine,5,4,13,4,7.447,6.23,0.011,79.9,158.6,0.0,0.0,4.441,0.4,46 16 343 334 337 283 272 51 151 273
serine,31,lysine,5,4,14,0,7.447,8.273,0.011,76.1,62.0,4.7043,0.0,5.904,1.855,28 2
serine,31,lysine,5,4,14,1,7.447,8.273,0.011,76.1,62.0,0.9844,0.0,4.319,1.956,16 24 178 179
serine,31,lysine,5,4,14,2,7.447,8.273,0.011,76.1,62.0,0.0,0.0,4.915,3.55,319 76 171 54 105 180
serine,31,lysine,5,4,14,3,7.447,8.273,0.011,76.1,62.0,0.0,0.0,4.887,2.548,93 211 206 13 240 320 278 196
serine,31,lysine,5,4,14,4,7.447,8.273,0.011,76.1,62.0,0.0,0.0,4.971,1.476,16 54 1 336 12 285 262 52 87 224
serine,31,lysine,5,4,15,0,7.447,8.604,0.011,82.6,48.4,4.9004,0.0,5.611,1.402,47 356
serine,31,lysine,5,4,15,1,7.447,8.604,0.011,82.6,48.4,1.3154,0.0,3.697,1.454,20 44 179 179
serine,31,lysine,5,4,15,2,7.447,8.604,0.011,82.6,48.4,0.0,0.0,3.44,1.572,37 165 49 162 302 211
serine,31,lysine,5,4,15,3,7.447,8.604,0.011,82.6,48.4,0.0,0.0,3.89,3.138,353 5 311 42 57 258 264 148
serine,31,lysine,5,4,15,4,7.447,8.604,0.011,82.6,48.4,0.0,0.0,2.242,0.325,55 354 316 8 35 278 265 36 102 243
serine,31,lysine,5,5,13,0,7.447,6.217,0.011,80.4,138.4,2.7214,0.0,4.795,0.818,312 12
serine,31,lysine,5,5,13,1,7.447,6.217,0.011,80.4,138.4,0.0,0.0,2.488,0.759,317 93 88 251
serine,31,lysine,5,5,13,2,7.447,6.217,0.011,80.4,138.4,0.0,0.0,3.231,0.85,351 128 44 1 69 50
serine,31,lysine,5,5,13,3,7.447,6.217,0.011,80.4,138.4,0.0,0.0,1.958,1.097,31 64 8 283 250 69 218 302
serine,31,lysine,5,5,13,4,7.447,6.217,0.011,80.4,138.4,0.0,0.0,3.754,0.814,306 11 48 335 309 76 130 344 176 55
serine,31,lysine,5,5,14,0,7.447,8.274,0.011,76.1,52.0,4.7911,0.0,4.707,1.171,335 355
serine,31,lysine,5,5,14,1,7.447,8.274,0.011,76.1,52.0,1.1455,0.0,2.616,1.258,352 338 149 152
serine,31,lysine,5,5,14,2,7.447,8.274,0.011,76.1,52.0,0.0589,0.0,3.744,1.99,17 6 116 88 17 160
serine,31,lysine,5,5,14,3,7.447,8.274,0.011,76.1,52.0,0.0,0.0,4.054,1.461,350 52 185 265 138 8 175 29
serine,31,lysine,5,5,14,4,7.447,8.274,0.011,76.1,52.0,0.0,0.0,4.821,1.343,269 43 115 344 292 73 70 324 296 116
serine,31,lysine,5,5,15,0,7.447,8.423,0.011,89.3,45.5,4.701,0.0,4.68,0.883,306 32
serine,31,lysine,5,5,15,1,7.447,8.423,0.011,89.3,45.5,1.1878,0.0,2.459,0.971,288 60 178 178
serine,31,lysine,5,5,15,2,7.447,8.423,0.011,89.3,45.5,0.0,0.0,2.697,1.387,269 149 68 147 68 168
serine,31,lysine,5,5,15,3,7.447,8.423,0.011,89.3,45.5,0.0,0.0,1.93,1.169,359 353 55 318 347 177 7 278
serine,31,lysine,5,5,15,4,7.447,8.423,0.011,89.3,45.5,0.0,0.0,3.902,0.83,301 18 63 349 318 89 106 309 253 126
serine,31,aspartic,21,3,3,0,5.832,6.68,0.988,56.1,86.2,4.1502,0.0,4.69,4.866,159 359
serine,31,aspartic,21,3,3,1,5.832,6.68,0.988,56.1,86.2,0.3313,0.0,3.136,4.866,155 0 168 57
serine,31,aspartic,21,3,3,2,5.832,6.68,0.988,56.1,86.2,0.0,0.0,2.118,4.866,127 296 239 29 243 312
serine,31,aspartic,21,3,3,3,5.832,6.68,0.988,56.1,86.2,0.0,0.0,3.711,4.866,120 326 336 20 76 317 210 86
serine,31,aspartic,21,3,3,4,5.832,6.68,0.988,56.1,86.2,0.0,0.0,2.014,4.866,26 327 292 76 113 257 227 138 154 191
serine,31,aspartic,21,3,4,0,5.832,8.256,0.988,47.2,9.9,6.069,0.0,4.833,4.866,174 0
serine,31,aspartic,21,3,4,1,5.832,8.256,0.988,47.2,9.9,2.264,0.0,3.338,4.866,174 0 198 304
serine,31,aspartic,21,3,4,2,5.832,8.256,0.988,47.2,9.9,0.6151,0.0,3.472,4.866,199 28 118 126 31 141
serine,31,aspartic,21,3,4,3,5.832,8.256,0.988,47.2,9.9,0.0,0.0,3.506,4.866,245 321 160 129 74 176 336 206
serine,31,aspartic,21,3,4,4,5.832,8.256,0.988,47.2,9.9,0.0,0.0,3.871,4.866,105 332 201 107 169 195 259 145 53 110
serine,31,aspartic,21,3,5,0,5.832,6.197,0.988,53.9,104.9,3.8881,0.0,4.994,4.866,184 1
serine,31,aspartic,21,3,5,1,5.832,6.197,0.988,53.9,104.9,0.0424,0.0,3.538,4.866,184 360 192 330
serine,31,aspartic,21,3,5,2,5.832,6.197,0.988,53.9,104.9,0.0,0.0,3.991,4.866,202 222 272 104 137 300
serine,31,aspartic,21,3,5,3,5.832,6.197,0.988,53.9,104.9,0.0,0.0,3.949,4.54,232 40 23 322 274 57 160 271
serine,31,aspartic,21,3,5,4,5.832,6.197,0.988,53.9,104.9,0.0,0.0,2.501,2.523,322 27 65 296 263 86 112 227 207 166
serine,31,aspartic,21,4,3,0,5.832,4.792,0.988,134.4,85.3,1.0963,0.0,2.076,3.591,149 193
serine,31,aspartic,21,4,3,1,5.832,4.792,0.988,134.4,85.3,0.0742,0.0,2.944,3.591,171 90 331 348
serine,31,aspartic,21,4,3,2,5.832,4.792,0.988,134.4,85.3,0.0,0.0,3.244,3.591,220 100 347 15 112 10
serine,31,aspartic,21,4,3,3,5.832,4.792,0.988,134.4,85.3,0.0,0.0,3.622,3.591,238 41 52 196 327 350 168 215
serine,31,aspartic,21,4,3,4,5.832,4.792,0.988,134.4,85.3,0.0,0.0,2.97,3.591,300 130 190 133 113 250 236 98 125 206
serine,31,aspartic,21,4,4,0,5.832,6.414,0.988,120.1,9.2,2.7041,0.0,1.831,2.663,95 118
serine,31,aspartic,21,4,4,1,5.832,6.414,0.988,120.1,9.2,1.1206,0.0,0.713,1.438,98 283 352 115
serine,31,aspartic,21,4,4,2,5.832,6.414,0.988,120.1,9.2,0.4221,0.0,1.766,0.544,71 302 6 178 0 259
serine,31,aspartic,21,4,4,3,5.832,6.414,0.988,120.1,9.2,0.0,0.0,2.465,1.944,9 110 206 109 55 261 286 133
serine,31,aspartic,21,4,4,4,5.832,6.414,0.988,120.1,9.2,0.0,0.0,3.622,3.591,249 164 202 135 123 235 228 106 124 204
serine,31,aspartic,21,4,5,0,5.832,4.845,0.988,104.6,83.4,1.0493,0.0,2.431,3.591,156 284
serine,31,aspartic,21,4,5,1,5.832,4.845,0.988,104.6,83.4,0.0303,0.0,3.337,3.591,170 48 24 21
serine,31,aspartic,21,4,5,2,5.832,4.845,0.988,104.6,83.4,0.0,0.0,3.622,3.591,203 132 350 27 104 345
serine,31,aspartic,21,4,5,3,5.832,4.845,0.988,104.6,83.4,0.0,0.0,3.622,3.591,226 149 285 160 69 269 199 67
serine,31,aspartic,21,4,5,4,5.832,4.845,0.988,104.6,83.4,0.0,0.0,3.054,3.591,283 174 291 116 61 328 226 332 104 227
serine,31,aspartic,21,5,3,0,5.832,5.748,0.988,90.6,64.8,2.0563,0.0,2.74,3.146,213 28
serine,31,aspartic,21,5,3,1,5.832,5.748,0.988,90.6,64.8,0.2425,0.0,3.035,3.146,194 329 315 294
serine,31,aspartic,21,5,3,2,5.832,5.748,0.988,90.6,64.8,0.0,0.0,3.109,3.146,188 282 296 329 303 350
serine,31,aspartic,21,5,3,3,5.832,5.748,0.988,90.6,64.8,0.0,0.0,3.493,3.146,152 246 15 200 293 96 183 294
serine,31,aspartic,21,5,3,4,5.832,5.748,0.988,90.6,64.8,0.0,0.0,4.067,3.146,187 224 72 156 263 315 280 113 64 45
serine,31,aspartic,21,5,4,0,5.832,6.647,0.988,109.6,23.7,2.9302,0.0,2.94,2.551,265 263
serine,31,aspartic,21,5,4,1,5.832,6.647,0.988,109.6,23.7,0.8242,0.0,0.809,1.637,262 145 342 234
serine,31,aspartic,21,5,4,2,5.832,6.647,0.988,109.6,23.7,0.1914,0.0,1.492,0.592,298 156 302 210 354 258
serine,31,aspartic,21,5,4,3,5.832,6.647,0.988,109.6,23.7,0.0,0.0,3.547,3.146,138 185 141 244 263 90 84 216
serine,31,aspartic,21,5,4,4,5.832,6.647,0.988,109.6,23.7,0.0,0.0,4.183,3.146,119 179 146 226 237 130 135 261 241 152
serine,31,aspartic,21,5,5,0,5.832,4.603,0.988,115.4,108.1,0.831,0.0,3.0,3.146,200 109
serine,31,aspartic,21,5,5,1,5.832,4.603,0.988,115.4,108.1,0.1497,0.0,3.646,3.146,188 318 343 350
serine,31,aspartic,21,5,5,2,5.832,4.603,0.988,115.4,108.1,0.0,0.0,3.904,3.146,148 350 303 295 284 333
serine,31,aspartic,21,5,5,3,5.832,4.603,0.988,115.4,108.1,0.0,0.0,4.331,3.146,137 165 86 220 332 104 96 318
serine,31,aspartic,21,5,5,4,5.832,4.603,0.988,115.4,108.1,0.0,0.0,3.585,3.146,72 170 100 259 282 73 101 339 286 143
serine,31,glutamic,22,3,4,0,7.491,6.191,0.128,87.3,141.6,2.5651,0.0,5.11,4.067,299 331
serine,31,glutamic,22,3,4,1,7.491,6.191,0.128,87.3,141.6,0.0,0.0,3.733,4.866,290 239 335 241
serine,31,glutamic,22,3,4,2,7.491,6.191,0.128,87.3,141.6,0.0,0.0,3.722,4.841,229 351 314 20 87 340
serine,31,glutamic,22,3,4,3,7.491,6.191,0.128,87.3,141.6,0.0,0.0,3.983,4.866,192 255 44 282 270 340 129 235
serine,31,glutamic,22,3,4,4,7.491,6.191,0.128,87.3,141.6,0.0,0.0,3.267,4.866,327 88 114 24 3 89 118 308 253 121
serine,31,glutamic,22,3,5,0,7.491,7.577,0.128,91.7,79.5,3.8419,0.0,5.197,4.266,253 40
serine,31,glutamic,22,3,5,1,7.491,7.577,0.128,91.7,79.5,0.4062,0.0,3.917,4.739,235 65 178 178
serine,31,glutamic,22,3,5,2,7.491,7.577,0.128,91.7,79.5,0.0,0.0,4.211,4.866,219 186 102 251 200 92
serine,31,glutamic,22,3,5,3,7.491,7.577,0.128,91.7,79.5,0.0,0.0,3.045,4.866,174 152 102 263 267 109 150 221
serine,31,glutamic,22,3,5,4,7.491,7.577,0.128,91.7,79.5,0.0,0.0,4.206,4.866,175 178 165 227 235 115 121 237 218 157
serine,31,glutamic,22,3,6,0,7.491,8.66,0.128,89.3,34.6,4.9484,0.0,5.116,4.11,297 327
serine,31,glutamic,22,3,6,1,7.491,8.66,0.128,89.3,34.6,1.4245,0.0,3.498,4.504,251 69 162 170
serine,31,glutamic,22,3,6,2,7.491,8.66,0.128,89.3,34.6,0.0995,0.0,4.144,4.866,342 249 221 187 358 182
serine,31,glutamic,22,3,6,3,7.491,8.66,0.128,89.3,34.6,0.0,0.0,4.232,4.866,237 199 99 183 276 149 31 189
serine,31,glutamic,22,3,6,4,7.491,8.66,0.128,89.3,34.6,0.0,0.0,4.175,4.866,200 170 165 220 222 125 126 235 227 162
serine,31,glutamic,22,4,4,0,7.491,7.785,0.128,13.5,133.3,7.894,0.0,7.185,3.513,130 0
serine,31,glutamic,22,4,4,1,7.491,7.785,0.128,13.5,133.3,4.9625,0.0,5.26,3.492,131 360 180 360
serine,31,glutamic,22,4,4,2,7.491,7.785,0.128,13.5,133.3,1.1561,0.0,2.487,3.071,132 360 181 359 202 268
serine,31,glutamic,22,4,4,3,7.491,7.785,0.128,13.5,133.3,0.0,0.0,3.343,2.24,118 304 282 29 147 283 165 119
serine,31,glutamic,22,4,4,4,7.491,7.785,0.128,13.5,133.3,0.0,0.0,1.522,1.302,19 325 290 57 89 265 238 138 157 194
serine,31,glutamic,22,4,5,0,7.491,9.108,0.128,27.0,77.5,8.1909,0.0,7.431,3.591,147 0
serine,31,glutamic,22,4,5,1,7.491,9.108,0.128,27.0,77.5,4.5298,0.0,5.842,3.591,148 360 181 359
serine,31,glutamic,22,4,5,2,7.491,9.108,0.128,27.0,77.5,0.887,0.0,3.254,3.591,143 1 166 21 196 192
serine,31,glutamic,22,4,5,3,7.491,9.108,0.128,27.0,77.5,0.0,0.0,2.601,1.006,100 304 245 85 142 233 208 171
serine,31,glutamic,22,4,5,4,7.491,9.108,0.128,27.0,77.5,0.0,0.0,2.53,0.718,78 328 291 68 100 236 216 134 145 190
serine,31,glutamic,22,4,6,0,7.491,10.235,0.128,16.2,27.3,9.9281,0.0,7.145,3.43,127 360
serine,31,glutamic,22,4,6,1,7.491,10.235,0.128,16.2,27.3,6.4956,0.0,5.156,3.226,127 0 180 0
serine,31,glutamic,22,4,6,2,7.491,10.235,0.128,16.2,27.3,2.8139,0.0,2.19,2.368,123 360 181 359 160 146
serine,31,glutamic,22,4,6,3,7.491,10.235,0.128,16.2,27.3,0.6201,0.0,1.332,0.521,68 359 184 356 169 167 90 155
serine,31,glutamic,22,4,6,4,7.491,10.235,0.128,16.2,27.3,0.0,0.0,3.053,1.616,41 333 170 61 198 239 214 159 102 134
serine,31,glutamic,22,5,4,0,7.491,5.572,0.128,112.0,123.5,1.9767,0.0,4.057,2.316,32 90
serine,31,glutamic,22,5,4,1,7.491,5.572,0.128,112.0,123.5,0.0,0.0,3.402,3.146,89 139 301 79
serine,31,glutamic,22,5,4,2,7.491,5.572,0.128,112.0,123.5,0.0,0.0,3.66,3.146,128 165 312 38 86 342
serine,31,glutamic,22,5,4,3,7.491,5.572,0.128,112.0,123.5,0.0,0.0,3.915,3.146,165 181 266 113 82 275 199 93
serine,31,glutamic,22,5,4,4,7.491,5.572,0.128,112.0,123.5,0.0,0.0,3.036,1.115,16 302 241 327 3 266 242 69 124 236
serine,31,glutamic,22,5,5,0,7.491,6.74,0.128,127.9,76.1,3.0105,0.0,3.878,3.146,94 218
serine,31,glutamic,22,5,5,1,7.491,6.74,0.128,127.9,76.1,0.0,0.0,3.705,3.146,100 160 261 146
serine,31,glutamic,22,5,5,2,7.491,6.74,0.128,127.9,76.1,0.0,0.0,3.987,3.146,138 170 299 23 82 322
serine,31,glutamic,22,5,5,3,7.491,6.74,0.128,127.9,76.1,0.0,0.0,2.386,3.146,188 160 208 106 98 300 267 139
serine,31,glutamic,22,5,5,4,7.491,6.74,0.128,127.9,76.1,0.0,0.0,2.279,3.106,205 163 183 136 121 236 233 112 132 206
serine,31,glutamic,22,5,6,0,7.491,7.942,0.128,118.5,21.6,4.2613,0.0,3.829,2.28,30 110
serine,31,glutamic,22,5,6,1,7.491,7.942,0.128,118.5,21.6,1.0685,0.0,2.231,2.048,20 65 255 201
serine,31,glutamic,22,5,6,2,7.491,7.942,0.128,118.5,21.6,0.3687,0.0,2.398,1.696,5 1 293 219 1 175
serine,31,glutamic,22,5,6,3,7.491,7.942,0.128,118.5,21.6,0.0,0.0,4.377,3.146,122 343 118 127 338 138 42 194
serine,31,glutamic,22,5,6,4,7.491,7.942,0.128,118.5,21.6,0.0,0.0,3.526,3.146,150 208 166 161 122 196 282 114 69 234
serine,31,isoleucine,3,3,4,0,11.103,11.422,-0.754,37.6,115.6,9.5911,0.0,8.177,3.922,290 0
serine,31,isoleucine,3,3,4,1,11.103,11.422,-0.754,37.6,115.6,5.9304,0.0,5.367,2.225,292 359 199 314
serine,31,isoleucine,3,3,4,2,11.103,11.422,-0.754,37.6,115.6,2.3116,0.0,1.996,1.613,290 360 147 68 177 178
serine,31,isoleucine,3,3,4,3,11.103,11.422,-0.754,37.6,115.6,0.0,0.0,1.833,1.298,292 38 119 292 276 149 159 169
serine,31,isoleucine,3,3,4,4,11.103,11.422,-0.754,37.6,115.6,0.0,0.0,3.492,1.781,232 85 113 278 209 137 187 262 248 175
serine,31,isoleucine,3,3,5,0,11.103,12.772,-0.754,47.1,63.3,10.3205,0.0,8.195,3.927,294 0
serine,31,isoleucine,3,3,5,1,11.103,12.772,-0.754,47.1,63.3,6.5904,0.0,5.202,2.702,294 0 205 274
serine,31,isoleucine,3,3,5,2,11.103,12.772,-0.754,47.1,63.3,3.0466,0.0,1.555,2.411,293 0 142 90 184 182
serine,31,isoleucine,3,3,5,3,11.103,12.772,-0.754,47.1,63.3,0.0,0.0,1.667,3.568,324 319 165 93 191 203 208 224
serine,31,isoleucine,3,3,5,4,11.103,12.772,-0.754,47.1,63.3,0.0,0.0,0.595,4.065,341 27 68 305 278 129 152 199 186 170
serine,31,isoleucine,3,3,6,0,11.103,13.404,-0.754,41.5,33.7,11.2545,0.0,8.176,3.942,281 360
serine,31,isoleucine,3,3,6,1,11.103,13.404,-0.754,41.5,33.7,7.5383,0.0,5.217,2.307,281 0 157 70
serine,31,isoleucine,3,3,6,2,11.103,13.404,-0.754,41.5,33.7,3.9945,0.0,1.612,1.94,281 360 216 280 179 179
serine,31,isoleucine,3,3,6,3,11.103,13.404,-0.754,41.5,33.7,0.8125,0.0,1.817,1.138,258 3 223 270 198 192 133 149
serine,31,isoleucine,3,3,6,4,11.103,13.404,-0.754,41.5,33.7,0.0,0.0,3.649,0.693,232 48 173 249 222 185 156 219 275 201
serine,31,isoleucine,3,4,4,0,11.103,10.965,-0.754,58.6,126.1,7.9698,0.0,8.581,1.473,70 0
serine,31,isoleucine,3,4,4,1,11.103,10.965,-0.754,58.6,126.1,4.3012,0.0,6.036,0.955,71 359 153 116
serine,31,isoleucine,3,4,4,2,11.103,10.965,-0.754,58.6,126.1,0.7092,0.0,3.14,0.607,72 359 217 252 174 177
serine,31,isoleucine,3,4,4,3,11.103,10.965,-0.754,58.6,126.1,0.0,0.0,2.8,0.65,33 335 282 44 84 227 204 172
serine,31,isoleucine,3,4,4,4,11.103,10.965,-0.754,58.6,126.1,0.0,0.0,3.819,0.93,41 342 306 51 73 233 215 123 140 198
serine,31,isoleucine,3,4,5,0,11.103,12.705,-0.754,50.1,56.6,10.085,0.0,8.588,1.445,69 0
serine,31,isoleucine,3,4,5,1,11.103,12.705,-0.754,50.1,56.6,6.3645,0.0,5.889,0.779,68 0 155 93
serine,31,isoleucine,3,4,5,2,11.103,12.705,-0.754,50.1,56.6,2.7988,0.0,2.686,0.72,68 0 220 262 181 181
serine,31,isoleucine,3,4,5,3,11.103,12.705,-0.754,50.1,56.6,0.1758,0.0,2.412,0.318,61 356 139 92 154 165 93 145
serine,31,isoleucine,3,4,5,4,11.103,12.705,-0.754,50.1,56.6,0.0,0.0,2.63,2.228,43 288 209 139 158 233 224 154 155 182
serine,31,isoleucine,3,4,6,0,11.103,13.033,-0.754,58.4,41.5,9.9971,0.0,8.555,1.687,77 360
serine,31,isoleucine,3,4,6,1,11.103,13.033,-0.754,58.4,41.5,6.3034,0.0,6.087,0.461,76 1 205 236
serine,31,isoleucine,3,4,6,2,11.103,13.033,-0.754,58.4,41.5,2.7197,0.0,3.457,1.137,77 1 141 114 184 182
serine,31,isoleucine,3,4,6,3,11.103,13.033,-0.754,58.4,41.5,0.1188,0.0,3.945,1.035,78 8 215 211 197 192 77 149
serine,31,isoleucine,3,4,6,4,11.103,13.033,-0.754,58.4,41.5,0.0,0.0,3.961,0.352,57 10 257 50 50 227 227 160 127 158
serine,31,isoleucine,3,5,4,0,11.103,9.355,-0.754,122.1,115.4,5.6423,0.0,5.966,1.058,319 123
serine,31,isoleucine,3,5,4,1,11.103,9.355,-0.754,122.1,115.4,2.1007,0.0,2.807,0.593,21 241 186 184
serine,31,isoleucine,3,5,4,2,11.103,9.355,-0.754,122.1,115.4,0.0,0.0,2.933,0.653,14 267 162 284 54 69
serine,31,isoleucine,3,5,4,3,11.103,9.355,-0.754,122.1,115.4,0.0,0.0,2.089,3.08,69 317 104 131 64 214 215 149
serine,31,isoleucine,3,5,4,4,11.103,9.355,-0.754,122.1,115.4,0.0,0.0,2.557,0.965,91 130 242 316 253 353 224 168 158 260
serine,31,isoleucine,3,5,5,0,11.103,10.897,-0.754,122.2,55.4,7.1699,0.0,5.968,1.064,18 236
serine,31,isoleucine,3,5,5,1,11.103,10.897,-0.754,122.2,55.4,3.6363,0.0,2.875,0.978,317 118 175 177
serine,31,isoleucine,3,5,5,2,11.103,10.897,-0.754,122.2,55.4,0.3446,0.0,1.501,0.617,323 89 204 195 117 144
serine,31,isoleucine,3,5,5,3,11.103,10.897,-0.754,122.2,55.4,0.0,0.0,1.675,0.618,358 244 34 245 120 203 319 269
serine,31,isoleucine,3,5,5,4,11.103,10.897,-0.754,122.2,55.4,0.0,0.0,3.278,0.899,269 116 133 284 272 136 154 249 233 167
serine,31,isoleucine,3,5,6,0,11.103,11.241,-0.754,131.0,39.4,7.5439,0.0,5.978,1.462,327 151
serine,31,isoleucine,3,5,6,1,11.103,11.241,-0.754,131.0,39.4,3.9752,0.0,2.534,0.374,19 227 179 179
serine,31,isoleucine,3,5,6,2,11.103,11.241,-0.754,131.0,39.4,0.6964,0.0,2.476,0.592,307 143 199 189 234 217
serine,31,isoleucine,3,5,6,3,11.103,11.241,-0.754,131.0,39.4,0.0,0.0,4.012,2.0,261 160 192 228 208 132 125 167
serine,31,isoleucine,3,5,6,4,11.103,11.241,-0.754,131.0,39.4,0.0,0.0,3.751,0.559,355 89 236 26 238 67 176 167 14 118
serine,31,leucine,13,3,1,0,17.122,16.615,-0.32,73.1,118.4,13.058,0.0,13.009,4.155,259 0
serine,31,leucine,13,3,1,1,17.122,16.615,-0.32,73.1,118.4,9.3592,0.0,9.36,3.507,261 359 179 180
serine,31,leucine,13,3,1,2,17.122,16.615,-0.32,73.1,118.4,5.8223,0.0,6.074,2.14,257 3 204 202 187 185
serine,31,leucine,13,3,1,3,17.122,16.615,-0.32,73.1,118.4,2.0659,0.0,2.677,1.045,260 360 174 174 179 179 179 179
serine,31,leucine,13,3,1,4,17.122,16.615,-0.32,73.1,118.4,0.0,0.0,2.347,1.6,226 120 136 215 200 154 165 173 166 177
serine,31,leucine,13,3,2,0,17.122,18.674,-0.32,77.4,31.9,15.0153,0.0,13.014,4.172,258 1
serine,31,leucine,13,3,2,1,17.122,18.674,-0.32,77.4,31.9,11.4199,0.0,9.345,3.785,274 334 179 179
serine,31,leucine,13,3,2,2,17.122,18.674,-0.32,77.4,31.9,7.7541,0.0,5.987,2.073,255 5 184 183 183 182
serine,31,leucine,13,3,2,3,17.122,18.674,-0.32,77.4,31.9,4.1386,0.0,2.393,1.402,273 336 177 178 167 169 177 178
serine,31,leucine,13,3,2,4,17.122,18.674,-0.32,77.4,31.9,0.7978,0.0,1.564,1.654,270 330 180 180 177 177 180 180 134 150
serine,31,leucine,13,3,13,0,17.122,17.888,-0.32,76.6,68.8,14.248,0.0,13.002,4.066,267 359
serine,31,leucine,13,3,13,1,17.122,17.888,-0.32,76.6,68.8,10.6311,0.0,9.33,3.553,252 22 181 181
serine,31,leucine,13,3,13,2,17.122,17.888,-0.32,76.6,68.8,6.9791,0.0,5.912,2.505,269 356 170 173 176 177
serine,31,leucine,13,3,13,3,17.122,17.888,-0.32,76.6,68.8,3.3279,0.0,2.236,2.439,253 21 183 182 193 191 183 182
serine,31,leucine,13,3,13,4,17.122,17.888,-0.32,76.6,68.8,0.0054,0.0,1.889,2.39,282 345 181 180 198 195 180 180 234 212
serine,31,leucine,13,4,1,0,17.122,17.248,-0.32,46.7,126.5,14.7127,0.0,14.785,3.224,119 360
serine,31,leucine,13,4,1,1,17.122,17.248,-0.32,46.7,126.5,10.9796,0.0,12.059,2.338,119 360 155 96
serine,31,leucine,13,4,1,2,17.122,17.248,-0.32,46.7,126.5,7.4688,0.0,8.54,2.24,119 360 219 263 178 179
serine,31,leucine,13,4,1,3,17.122,17.248,-0.32,46.7,126.5,3.8056,0.0,5.178,0.704,120 360 144 98 176 178 176 176
serine,31,leucine,13,4,1,4,17.122,17.248,-0.32,46.7,126.5,0.1356,0.0,2.533,0.482,119 360 219 263 179 179 168 170 179 179
serine,31,leucine,13,4,2,0,17.122,19.431,-0.32,46.0,35.0,16.9011,0.0,14.772,3.346,124 0
serine,31,leucine,13,4,2,1,17.122,19.431,-0.32,46.0,35.0,13.16,0.0,12.078,2.734,123 0 204 263
serine,31,leucine,13,4,2,2,17.122,19.431,-0.32,46.0,35.0,9.6516,0.0,8.629,2.011,123 0 141 98 182 181
serine,31,leucine,13,4,2,3,17.122,19.431,-0.32,46.0,35.0,5.9745,0.0,5.246,0.757,123 0 215 261 185 182 184 184
serine,31,leucine,13,4,2,4,17.122,19.431,-0.32,46.0,35.0,2.3267,0.0,2.845,0.741,123 0 141 98 182 181 194 192 182 181
serine,31,leucine,13,4,13,0,17.122,18.731,-0.32,40.5,67.4,16.5173,0.0,14.791,3.184,117 360
serine,31,leucine,13,4,13,1,17.122,18.731,-0.32,40.5,67.4,12.7739,0.0,12.029,2.207,117 0 157 78
serine,31,leucine,13,4,13,2,17.122,18.731,-0.32,40.5,67.4,9.2569,0.0,8.416,2.129,117 0 218 273 181 180
serine,31,leucine,13,4,13,3,17.122,18.731,-0.32,40.5,67.4,5.5808,0.0,4.894,0.567,116 0 146 85 184 182 184 184
serine,31,leucine,13,4,13,4,17.122,18.731,-0.32,40.5,67.4,1.9412,0.0,1.657,0.566,117 360 218 273 179 179 166 168 179 179
serine,31,leucine,13,5,1,0,17.122,14.823,-0.32,156.4,124.7,11.5195,0.0,11.608,2.435,44 180
serine,31,leucine,13,5,1,1,17.122,14.823,-0.32,156.4,124.7,7.7766,0.0,8.049,2.378,45 180 194 207
serine,31,leucine,13,5,1,2,17.122,14.823,-0.32,156.4,124.7,4.2699,0.0,4.743,1.234,42 179 144 134 175 177
serine,31,leucine,13,5,1,3,17.122,14.823,-0.32,156.4,124.7,0.5165,0.0,2.08,1.189,45 180 208 223 183 181 182 182
serine,31,leucine,13,5,1,4,17.122,14.823,-0.32,156.4,124.7,0.0,0.0,2.145,2.414,156 177 176 135 130 193 189 152 161 192
serine,31,leucine,13,5,2,0,17.122,16.994,-0.32,155.9,33.7,13.6539,0.0,11.578,2.724,55 180
serine,31,leucine,13,5,2,1,17.122,16.994,-0.32,155.9,33.7,9.9091,0.0,7.974,2.721,55 180 171 164
serine,31,leucine,13,5,2,2,17.122,16.994,-0.32,155.9,33.7,6.4077,0.0,4.73,1.292,57 181 214 223 183 182
serine,31,leucine,13,5,2,3,17.122,16.994,-0.32,155.9,33.7,2.6682,0.0,1.768,1.608,56 180 152 139 182 181 182 182
serine,31,leucine,13,5,2,4,17.122,16.994,-0.32,155.9,33.7,0.4249,0.0,1.394,2.029,76 179 212 241 172 176 174 175 75 155
serine,31,leucine,13,5,13,0,17.122,16.267,-0.32,149.0,67.4,12.7189,0.0,11.602,2.47,45 180
serine,31,leucine,13,5,13,1,17.122,16.267,-0.32,149.0,67.4,9.0596,0.0,8.03,2.532,50 183 185 184
serine,31,leucine,13,5,13,2,17.122,16.267,-0.32,149.0,67.4,5.4381,0.0,4.451,1.974,46 180 155 154 180 180
serine,31,leucine,13,5,13,3,17.122,16.267,-0.32,149.0,67.4,1.7571,0.0,1.315,1.899,52 184 197 197 194 188 188 187
serine,31,leucine,13,5,13,4,17.122,16.267,-0.32,149.0,67.4,0.0,0.0,1.581,3.146,96 206 168 149 191 217 182 225 262 209
serine,31,tryptophan,5,3,16,0,8.911,9.631,-0.939,17.3,116.1,9.3155,0.0,8.547,4.801,11 360
serine,31,tryptophan,5,3,16,1,8.911,9.631,-0.939,17.3,116.1,5.8906,0.0,7.816,4.255,10 0 180 0
serine,31,tryptophan,5,3,16,2,8.911,9.631,-0.939,17.3,116.1,2.2452,0.0,5.011,3.486,16 359 182 358 155 142
serine,31,tryptophan,5,3,16,3,8.911,9.631,-0.939,17.3,116.1,0.0,0.0,3.389,3.979,349 323 238 54 138 234 206 177
serine,31,tryptophan,5,3,16,4,8.911,9.631,-0.939,17.3,116.1,0.0,0.0,3.123,4.162,21 321 285 52 84 254 227 141 157 192
serine,31,tryptophan,5,3,17,0,8.911,11.48,-0.939,8.4,42.1,11.607,0.0,8.547,4.835,17 360
serine,31,tryptophan,5,3,17,1,8.911,11.48,-0.939,8.4,42.1,8.324,0.0,7.665,4.315,16 0 180 0
serine,31,tryptophan,5,3,17,2,8.911,11.48,-0.939,8.4,42.1,4.6081,0.0,4.925,3.43,15 360 181 360 158 135
serine,31,tryptophan,5,3,17,3,8.911,11.48,-0.939,8.4,42.1,1.0442,0.0,3.151,3.397,8 360 181 359 143 125 176 178
serine,31,tryptophan,5,3,17,4,8.911,11.48,-0.939,8.4,42.1,0.0,0.0,1.169,0.57,248 12 176 15 185 229 213 210 103 59
serine,31,tryptophan,5,3,18,0,8.911,11.237,-0.939,19.4,53.3,10.6581,0.0,8.495,4.866,42 0
serine,31,tryptophan,5,3,18,1,8.911,11.237,-0.939,19.4,53.3,7.0382,0.0,7.03,4.644,43 360 180 360
serine,31,tryptophan,5,3,18,2,8.911,11.237,-0.939,19.4,53.3,3.494,0.0,4.341,3.889,38 1 168 16 200 197
serine,31,tryptophan,5,3,18,3,8.911,11.237,-0.939,19.4,53.3,0.0479,0.0,2.675,4.597,39 3 158 32 215 204 227 210
serine,31,tryptophan,5,3,18,4,8.911,11.237,-0.939,19.4,53.3,0.0,0.0,1.283,4.527,65 303 271 71 97 224 205 143 154 190
serine,31,tryptophan,5,4,16,0,8.911,8.067,-0.939,88.9,103.7,4.4724,0.0,4.808,1.457,26 34
serine,31,tryptophan,5,4,16,1,8.911,8.067,-0.939,88.9,103.7,0.7792,0.0,2.831,1.575,11 59 178 179
serine,31,tryptophan,5,4,16,2,8.911,8.067,-0.939,88.9,103.7,0.0,0.0,2.965,3.44,319 86 176 360 203 206
serine,31,tryptophan,5,4,16,3,8.911,8.067,-0.939,88.9,103.7,0.0,0.0,2.852,1.206,348 293 336 57 92 342 28 12
serine,31,tryptophan,5,4,16,4,8.911,8.067,-0.939,88.9,103.7,0.0,0.0,2.483,0.277,71 325 289 16 41 275 257 57 103 227
serine,31,tryptophan,5,4,17,0,8.911,9.683,-0.939,96.4,39.6,5.9778,0.0,4.496,1.256,73 304
serine,31,tryptophan,5,4,17,1,8.911,9.683,-0.939,96.4,39.6,2.3941,0.0,2.067,1.391,16 73 180 180
serine,31,tryptophan,5,4,17,2,8.911,9.683,-0.939,96.4,39.6,0.234,0.0,1.044,1.642,104 301 179 180 299 207
serine,31,tryptophan,5,4,17,3,8.911,9.683,-0.939,96.4,39.6,0.0,0.0,0.785,1.276,23 85 195 17 17 184 324 96
serine,31,tryptophan,5,4,17,4,8.911,9.683,-0.939,96.4,39.6,0.0,0.0,1.828,3.591,158 204 206 128 128 219 210 127 140 195
serine,31,tryptophan,5,4,18,0,8.911,9.371,-0.939,102.1,53.9,5.6444,0.0,4.448,1.431,15 73
serine,31,tryptophan,5,4,18,1,8.911,9.371,-0.939,102.1,53.9,2.0829,0.0,1.634,0.991,76 277 181 180
serine,31,tryptophan,5,4,18,2,8.911,9.371,-0.939,102.1,53.9,0.0,0.0,1.666,2.712,339 86 227 219 270 239
serine,31,tryptophan,5,4,18,3,8.911,9.371,-0.939,102.1,53.9,0.0,0.0,2.087,3.591,331 330 315 159 46 196 249 231
serine,31,tryptophan,5,4,18,4,8.911,9.371,-0.939,102.1,53.9,0.0,0.0,1.553,2.267,81 42 319 336 334 230 267 160 102 191
serine,31,tryptophan,5,5,16,0,8.911,8.205,-0.939,83.8,113.2,4.5478,0.0,5.306,0.8,322 346
serine,31,tryptophan,5,5,16,1,8.911,8.205,-0.939,83.8,113.2,0.9156,0.0,2.483,0.918,288 47 180 180
serine,31,tryptophan,5,5,16,2,8.911,8.205,-0.939,83.8,113.2,0.0,0.0,2.965,1.131,2 11 72 329 298 159
serine,31,tryptophan,5,5,16,3,8.911,8.205,-0.939,83.8,113.2,0.0,0.0,2.321,0.852,13 317 72 341 290 59 94 112
serine,31,tryptophan,5,5,16,4,8.911,8.205,-0.939,83.8,113.2,0.0,0.0,2.446,1.987,252 70 107 291 274 91 116 0 216 91
serine,31,tryptophan,5,5,17,0,8.911,9.785,-0.939,92.5,51.8,6.0649,0.0,4.813,1.064,321 317
serine,31,tryptophan,5,5,17,1,8.911,9.785,-0.939,92.5,51.8,2.5769,0.0,1.697,1.259,273 61 195 189
serine,31,tryptophan,5,5,17,2,8.911,9.785,-0.939,92.5,51.8,0.0658,0.0,1.533,0.908,348 253 196 190 69 149
serine,31,tryptophan,5,5,17,3,8.911,9.785,-0.939,92.5,51.8,0.0,0.0,2.668,0.922,1 330 61 6 297 52 70 208
serine,31,tryptophan,5,5,17,4,8.911,9.785,-0.939,92.5,51.8,0.0,0.0,3.033,0.708,305 346 325 58 350 35 53 337 293 35
serine,31,tryptophan,5,5,18,0,8.911,10.005,-0.939,78.2,41.7,6.4334,0.0,4.998,0.924,305 0
serine,31,tryptophan,5,5,18,1,8.911,10.005,-0.939,78.2,41.7,2.7194,0.0,2.548,0.864,322 330 181 181
serine,31,tryptophan,5,5,18,2,8.911,10.005,-0.939,78.2,41.7,0.5226,0.0,1.431,0.893,277 5 220 270 32 164
serine,31,tryptophan,5,5,18,3,8.911,10.005,-0.939,78.2,41.7,0.0,0.0,1.92,2.51,258 357 187 108 140 179 23 88
serine,31,tryptophan,5,5,18,4,8.911,10.005,-0.939,78.2,41.7,0.0,0.0,1.71,3.146,220 293 310 49 68 141 172 242 284 160
serine,31,tyrosine,1,3,11,0,11.288,11.632,0.118,97.7,64.8,7.8991,0.0,8.461,4.866,209 60
serine,31,tyrosine,1,3,11,1,11.288,11.632,0.118,97.7,64.8,4.3743,0.0,5.416,4.866,265 287 176 178
serine,31,tyrosine,1,3,11,2,11.288,11.632,0.118,97.7,64.8,0.6486,0.0,3.258,4.866,259 290 175 177 176 176
serine,31,tyrosine,1,3,11,3,11.288,11.632,0.118,97.7,64.8,0.0,0.0,3.701,4.866,168 164 133 219 215 143 172 210
serine,31,tyrosine,1,3,11,4,11.288,11.632,0.118,97.7,64.8,0.0,0.0,4.562,4.866,164 178 154 203 210 136 142 228 213 164
serine,31,tyrosine,1,3,12,0,11.288,11.796,0.118,97.9,58.3,8.0629,0.0,8.468,4.866,262 300
serine,31,tyrosine,1,3,12,1,11.288,11.796,0.118,97.9,58.3,4.541,0.0,5.435,4.866,207 74 184 182
serine,31,tyrosine,1,3,12,2,11.288,11.796,0.118,97.9,58.3,0.8126,0.0,3.642,4.866,212 70 185 183 184 184
serine,31,tyrosine,1,3,12,3,11.288,11.796,0.118,97.9,58.3,0.0,0.0,4.332,4.866,215 158 146 192 191 112 115 188
serine,31,tyrosine,1,3,12,4,11.288,11.796,0.118,97.9,58.3,0.0,0.0,4.318,4.866,181 178 158 203 208 132 138 226 213 165
serine,31,tyrosine,1,3,13,0,11.288,9.555,0.118,95.5,170.9,5.8876,0.0,8.442,4.866,257 305
serine,31,tyrosine,1,3,13,1,11.288,9.555,0.118,95.5,170.9,2.4221,0.0,5.25,4.866,205 67 185 183
serine,31,tyrosine,1,3,13,2,11.288,9.555,0.118,95.5,170.9,0.0624,0.0,2.672,4.866,191 39 203 196 58 153
serine,31,tyrosine,1,3,13,3,11.288,9.555,0.118,95.5,170.9,0.0,0.0,3.497,4.866,160 170 134 230 224 122 153 209
serine,31,tyrosine,1,3,13,4,11.288,9.555,0.118,95.5,170.9,0.0,0.0,4.285,4.866,175 193 153 205 220 116 125 238 213 157
serine,31,tyrosine,1,4,11,0,11.288,12.582,0.118,61.8,66.8,9.4055,0.0,9.201,3.591,161 360
serine,31,tyrosine,1,4,11,1,11.288,12.582,0.118,61.8,66.8,5.7134,0.0,6.127,3.591,159 1 204 226
serine,31,tyrosine,1,4,11,2,11.288,12.582,0.118,61.8,66.8,2.1158,0.0,2.882,3.591,161 0 141 121 181 181
serine,31,tyrosine,1,4,11,3,11.288,12.582,0.118,61.8,66.8,0.0,0.0,3.03,3.591,175 258 240 140 155 198 198 180
serine,31,tyrosine,1,4,11,4,11.288,12.582,0.118,61.8,66.8,0.0,0.0,3.233,2.003,113 260 310 134 129 231 204 214 258 209
serine,31,tyrosine,1,4,12,0,11.288,13.003,0.118,51.1,49.4,10.3236,0.0,9.166,3.591,158 360
serine,31,tyrosine,1,4,12,1,11.288,13.003,0.118,51.1,49.4,6.6216,0.0,6.056,3.591,159 360 205 264
serine,31,tyrosine,1,4,12,2,11.288,13.003,0.118,51.1,49.4,3.0594,0.0,2.884,3.591,159 359 141 101 175 177
serine,31,tyrosine,1,4,12,3,11.288,13.003,0.118,51.1,49.4,0.4321,0.0,3.844,3.591,170 360 216 288 178 179 272 213
serine,31,tyrosine,1,4,12,4,11.288,13.003,0.118,51.1,49.4,0.0,0.0,4.192,3.591,153 22 197 11 103 109 281 113 129 130
serine,31,tyrosine,1,4,13,0,11.288,10.628,0.118,54.6,158.2,7.8474,0.0,9.172,3.591,159 360
serine,31,tyrosine,1,4,13,1,11.288,10.628,0.118,54.6,158.2,4.1967,0.0,6.066,3.591,159 359 207 262
serine,31,tyrosine,1,4,13,2,11.288,10.628,0.118,54.6,158.2,0.6565,0.0,2.862,3.591,159 358 143 107 164 171
serine,31,tyrosine,1,4,13,3,11.288,10.628,0.118,54.6,158.2,0.0,0.0,2.467,2.094,118 290 261 117 142 212 199 171
serine,31,tyrosine,1,4,13,4,11.288,10.628,0.118,54.6,158.2,0.0,0.0,3.748,3.591,148 122 62 302 357 41 345 45 115 231
serine,31,tyrosine,1,5,11,0,11.288,10.712,0.118,140.7,58.8,7.0338,0.0,6.992,3.146,136 182
serine,31,tyrosine,1,5,11,1,11.288,10.712,0.118,140.7,58.8,3.4703,0.0,4.327,3.146,108 154 172 174
serine,31,tyrosine,1,5,11,2,11.288,10.712,0.118,140.7,58.8,0.22,0.0,3.235,3.146,112 128 190 186 113 144
serine,31,tyrosine,1,5,11,3,11.288,10.712,0.118,140.7,58.8,0.0,0.0,2.645,3.146,211 151 228 164 104 202 221 150
serine,31,tyrosine,1,5,11,4,11.288,10.712,0.118,140.7,58.8,0.0,0.0,3.107,3.146,197 149 186 175 156 226 224 106 117 198
serine,31,tyrosine,1,5,12,0,11.288,10.864,0.118,141.7,52.4,7.2025,0.0,7.043,3.146,111 178
serine,31,tyrosine,1,5,12,1,11.288,10.864,0.118,141.7,52.4,3.6214,0.0,4.354,3.146,137 204 188 185
serine,31,tyrosine,1,5,12,2,11.288,10.864,0.118,141.7,52.4,0.3613,0.0,3.557,3.146,132 227 171 175 244 215
serine,31,tyrosine,1,5,12,3,11.288,10.864,0.118,141.7,52.4,0.0,0.0,3.154,3.146,103 259 155 196 212 90 89 199
serine,31,tyrosine,1,5,12,4,11.288,10.864,0.118,141.7,52.4,0.0,0.0,3.759,0.885,319 160 124 91 151 234 261 177 113 149
serine,31,tyrosine,1,5,13,0,11.288,8.578,0.118,141.4,157.0,4.955,0.0,7.007,3.146,122 180
serine,31,tyrosine,1,5,13,1,11.288,8.578,0.118,141.4,157.0,1.5642,0.0,4.202,3.146,145 198 205 198
serine,31,tyrosine,1,5,13,2,11.288,8.578,0.118,141.4,157.0,0.0,0.0,2.26,3.146,181 155 217 127 143 248
serine,31,tyrosine,1,5,13,3,11.288,8.578,0.118,141.4,157.0,0.0,0.0,2.238,3.031,213 127 232 110 98 347 278 135
serine,31,tyrosine,1,5,13,4,11.288,8.578,0.118,141.4,157.0,0.0,0.0,1.567,2.272,205 133 185 131 109 283 256 109 148 208
serine,31,phenylalanine,4,3,12,0,4.75,5.87,-0.654,72.0,36.6,2.5525,0.0,2.565,4.081,266 359
serine,31,phenylalanine,4,3,12,1,4.75,5.87,-0.654,72.0,36.6,0.9763,0.0,3.275,3.337,290 52 60 43
serine,31,phenylalanine,4,3,12,2,4.75,5.87,-0.654,72.0,36.6,0.1604,0.0,3.762,2.656,319 29 82 104 33 65
serine,31,phenylalanine,4,3,12,3,4.75,5.87,-0.654,72.0,36.6,0.0,0.0,3.486,2.171,337 75 59 247 296 62 60 249
serine,31,phenylalanine,4,3,12,4,4.75,5.87,-0.654,72.0,36.6,0.0,0.0,3.968,2.808,350 35 25 321 322 55 70 268 225 113
serine,31,phenylalanine,4,3,13,0,4.75,3.725,-0.654,83.7,122.7,0.4281,0.0,2.82,3.994,273 1
serine,31,phenylalanine,4,3,13,1,4.75,3.725,-0.654,83.7,122.7,0.9433,0.0,3.767,4.704,291 144 1 0
serine,31,phenylalanine,4,3,13,2,4.75,3.725,-0.654,83.7,122.7,0.5521,0.0,4.028,4.776,334 129 340 301 271 349
serine,31,phenylalanine,4,3,13,3,4.75,3.725,-0.654,83.7,122.7,0.0,0.0,4.064,4.866,340 99 329 252 297 94 131 308
serine,31,phenylalanine,4,3,13,4,4.75,3.725,-0.654,83.7,122.7,0.0,0.0,4.064,4.8,12 355 20 309 318 56 65 310 254 120
serine,31,phenylalanine,4,3,14,0,4.75,5.567,-0.654,95.7,50.0,1.7627,0.0,2.736,4.44,242 46
serine,31,phenylalanine,4,3,14,1,4.75,5.567,-0.654,95.7,50.0,0.3672,0.0,2.466,4.866,231 201 7 71
serine,31,phenylalanine,4,3,14,2,4.75,5.567,-0.654,95.7,50.0,0.0,0.0,2.58,4.866,203 215 72 229 265 36
serine,31,phenylalanine,4,3,14,3,4.75,5.567,-0.654,95.7,50.0,0.0,0.0,2.122,4.866,146 176 116 255 263 81 129 220
serine,31,phenylalanine,4,3,14,4,4.75,5.567,-0.654,95.7,50.0,0.0,0.0,3.955,4.866,174 186 165 239 265 90 86 263 231 134
serine,31,phenylalanine,4,4,12,0,4.75,6.801,-0.654,33.6,51.2,5.7766,0.0,1.809,3.429,127 359
serine,31,phenylalanine,4,4,12,1,4.75,6.801,-0.654,33.6,51.2,2.3073,0.0,0.94,3.161,126 359 182 358
serine,31,phenylalanine,4,4,12,2,4.75,6.801,-0.654,33.6,51.2,0.0,0.0,2.301,0.719,88 320 235 37 175 260
serine,31,phenylalanine,4,4,12,3,4.75,6.801,-0.654,33.6,51.2,0.0,0.0,2.677,0.576,47 316 276 78 111 255 233 162
serine,31,phenylalanine,4,4,12,4,4.75,6.801,-0.654,33.6,51.2,0.0,0.0,1.977,0.955,49 339 312 62 95 257 222 113 143 202
serine,31,phenylalanine,4,4,13,0,4.75,5.282,-0.654,19.0,109.2,5.5153,0.0,1.98,3.591,153 0
serine,31,phenylalanine,4,4,13,1,4.75,5.282,-0.654,19.0,109.2,3.3968,0.0,0.572,3.591,153 0 179 0
serine,31,phenylalanine,4,4,13,2,4.75,5.282,-0.654,19.0,109.2,0.4719,0.0,2.41,3.591,192 54 109 5 160 18
serine,31,phenylalanine,4,4,13,3,4.75,5.282,-0.654,19.0,109.2,0.0,0.0,3.419,1.43,43 287 264 66 113 310 250 152
serine,31,phenylalanine,4,4,13,4,4.75,5.282,-0.654,19.0,109.2,0.0,0.0,3.09,1.176,8 331 294 52 84 278 249 114 139 201
serine,31,phenylalanine,4,4,14,0,4.75,7.121,-0.654,34.1,36.6,5.9991,0.0,2.248,3.591,162 1
serine,31,phenylalanine,4,4,14,1,4.75,7.121,-0.654,34.1,36.6,2.4103,0.0,1.278,3.591,163 0 178 1
serine,31,phenylalanine,4,4,14,2,4.75,7.121,-0.654,34.1,36.6,0.1228,0.0,1.719,3.591,187 26 123 77 75 97
serine,31,phenylalanine,4,4,14,3,4.75,7.121,-0.654,34.1,36.6,0.0,0.0,1.093,3.591,156 304 296 68 43 282 277 135
serine,31,phenylalanine,4,4,14,4,4.75,7.121,-0.654,34.1,36.6,0.0,0.0,3.883,3.591,331 307 210 47 153 263 230 155 107 153
serine,31,phenylalanine,4,5,12,0,4.75,4.323,-0.654,140.6,52.0,1.3198,0.0,1.715,2.707,65 195
serine,31,phenylalanine,4,5,12,1,4.75,4.323,-0.654,140.6,52.0,0.9935,0.0,2.003,1.275,29 297 18 9
serine,31,phenylalanine,4,5,12,2,4.75,4.323,-0.654,140.6,52.0,0.0,0.0,2.003,1.079,359 319 356 257 312 351
serine,31,phenylalanine,4,5,12,3,4.75,4.323,-0.654,140.6,52.0,0.0,0.0,0.728,2.841,184 206 178 227 328 294 285 294
serine,31,phenylalanine,4,5,12,4,4.75,4.323,-0.654,140.6,52.0,0.0,0.0,1.827,3.146,92 298 190 28 26 297 263 38 148 277
serine,31,phenylalanine,4,5,13,0,4.75,3.097,-0.654,108.6,95.8,1.0866,0.0,1.826,3.146,92 275
serine,31,phenylalanine,4,5,13,1,4.75,3.097,-0.654,108.6,95.8,1.8889,0.0,2.003,1.407,33 297 350 353
serine,31,phenylalanine,4,5,13,2,4.75,3.097,-0.654,108.6,95.8,0.8911,0.0,2.003,0.816,349 292 354 316 242 356
serine,31,phenylalanine,4,5,13,3,4.75,3.097,-0.654,108.6,95.8,0.0,0.0,2.003,1.135,325 296 322 101 88 304 242 75
serine,31,phenylalanine,4,5,13,4,4.75,3.097,-0.654,108.6,95.8,0.0,0.0,0.582,3.146,201 147 287 65 182 280 200 50 108 25
serine,31,phenylalanine,4,5,14,0,4.75,4.906,-0.654,125.0,25.8,1.4625,0.0,1.578,3.146,80 132
serine,31,phenylalanine,4,5,14,1,4.75,4.906,-0.654,125.0,25.8,1.0244,0.0,1.656,3.146,132 41 6 19
serine,31,phenylalanine,4,5,14,2,4.75,4.906,-0.654,125.0,25.8,0.0434,0.0,1.643,3.146,150 13 37 160 3 27
serine,31,phenylalanine,4,5,14,3,4.75,4.906,-0.654,125.0,25.8,0.0,0.0,0.265,3.146,206 168 252 130 68 259 238 83
serine,31,phenylalanine,4,5,14,4,4.75,4.906,-0.654,125.0,25.8,0.0,0.0,0.596,3.146,171 158 181 148 100 265 298 47 101 266
tryptophan,5,arginine,3,16,16,0,11.56,10.458,0.071,111.0,106.8,6.7343,0.0,2.871,3.011,3 96
tryptophan,5,arginine,3,16,16,1,11.56,10.458,0.071,111.0,106.8,3.1942,0.0,2.879,0.945,67 263 178 179
tryptophan,5,arginine,3,16,16,2,11.56,10.458,0.071,111.0,106.8,0.0,0.0,3.037,0.646,358 138 88 172 135 115
tryptophan,5,arginine,3,16,16,3,11.56,10.458,0.071,111.0,106.8,0.0,0.0,2.094,1.106,4 46 317 352 50 269 243 160
tryptophan,5,arginine,3,16,16,4,11.56,10.458,0.071,111.0,106.8,0.0,0.0,0.486,1.42,36 288 264 18 44 258 222 69 100 206
tryptophan,5,arginine,3,16,17,0,11.56,12.489,0.071,106.9,12.1,8.7785,0.0,2.592,3.162,9 85
tryptophan,5,arginine,3,16,17,1,11.56,12.489,0.071,106.9,12.1,5.2572,0.0,2.703,0.495,71 269 181 181
tryptophan,5,arginine,3,16,17,2,11.56,12.489,0.071,106.9,12.1,1.502,0.0,2.696,0.694,67 271 179 179 179 179
tryptophan,5,arginine,3,16,17,3,11.56,12.489,0.071,106.9,12.1,0.4712,0.0,2.133,1.467,47 311 156 156 221 205 347 193
tryptophan,5,arginine,3,16,17,4,11.56,12.489,0.071,106.9,12.1,0.0,0.0,3.054,0.706,340 111 110 251 89 193 253 219 6 160
tryptophan,5,arginine,3,16,18,0,11.56,10.982,0.071,113.2,86.6,7.257,0.0,2.983,3.039,67 258
tryptophan,5,arginine,3,16,18,1,11.56,10.982,0.071,113.2,86.6,3.7185,0.0,2.956,1.063,3 101 183 182
tryptophan,5,arginine,3,16,18,2,11.56,10.982,0.071,113.2,86.6,0.0007,0.0,2.921,0.584,8 101 187 183 187 186
tryptophan,5,arginine,3,16,18,3,11.56,10.982,0.071,113.2,86.6,0.0,0.0,2.694,1.09,129 206 205 118 124 215 197 162
tryptophan,5,arginine,3,16,18,4,11.56,10.982,0.071,113.2,86.6,0.0,0.0,2.221,1.208,147 226 217 103 105 210 200 121 134 197
tryptophan,5,arginine,3,17,16,0,11.56,11.509,0.071,70.8,96.4,8.0712,0.0,1.44,4.335,301 0
tryptophan,5,arginine,3,17,16,1,11.56,11.509,0.071,70.8,96.4,4.2897,0.0,1.429,1.36,302 360 178 178
tryptophan,5,arginine,3,17,16,2,11.56,11.509,0.071,70.8,96.4,0.7413,0.0,1.482,1.242,299 3 215 216 189 186
tryptophan,5,arginine,3,17,16,3,11.56,11.509,0.071,70.8,96.4,0.0,0.0,0.987,0.614,328 20 76 334 289 126 152 190
tryptophan,5,arginine,3,17,16,4,11.56,11.509,0.071,70.8,96.4,0.0,0.0,0.848,4.171,352 268 292 15 8 131 150 244 212 150
tryptophan,5,arginine,3,17,17,0,11.56,13.241,0.071,78.2,16.2,9.5947,0.0,1.294,4.343,305 359
tryptophan,5,arginine,3,17,17,1,11.56,13.241,0.071,78.2,16.2,6.0117,0.0,1.421,1.534,290 26 182 181
tryptophan,5,arginine,3,17,17,2,11.56,13.241,0.071,78.2,16.2,2.2852,0.0,1.256,0.665,311 350 174 176 176 177
tryptophan,5,arginine,3,17,17,3,11.56,13.241,0.071,78.2,16.2,0.5499,0.0,0.52,2.958,309 23 194 188 189 188 49 159
tryptophan,5,arginine,3,17,17,4,11.56,13.241,0.071,78.2,16.2,0.0,0.0,0.756,2.95,340 309 209 131 248 274 30 154 5 174
tryptophan,5,arginine,3,17,18,0,11.56,11.791,0.071,81.8,85.9,8.0947,0.0,1.649,4.35,294 3
tryptophan,5,arginine,3,17,18,1,11.56,11.791,0.071,81.8,85.9,4.5585,0.0,1.5,1.707,319 322 173 175
tryptophan,5,arginine,3,17,18,2,11.56,11.791,0.071,81.8,85.9,0.8034,0.0,1.618,0.589,309 335 179 179 179 179
tryptophan,5,arginine,3,17,18,3,11.56,11.791,0.071,81.8,85.9,0.0,0.0,3.078,0.984,240 148 121 228 228 155 186 214
tryptophan,5,arginine,3,17,18,4,11.56,11.791,0.071,81.8,85.9,0.0,0.0,2.374,0.734,219 157 156 223 219 132 142 212 199 167
tryptophan,5,arginine,3,18,16,0,11.56,12.454,0.071,26.0,107.2,11.3471,0.0,2.399,4.563,59 0
tryptophan,5,arginine,3,18,16,1,11.56,12.454,0.071,26.0,107.2,7.6127,0.0,2.404,2.268,59 360 180 359
tryptophan,5,arginine,3,18,16,2,11.56,12.454,0.071,26.0,107.2,4.1546,0.0,2.307,0.837,56 1 158 39 192 187
tryptophan,5,arginine,3,18,16,3,11.56,12.454,0.071,26.0,107.2,0.3291,0.0,2.408,0.635,59 360 165 30 178 179 179 179
tryptophan,5,arginine,3,18,16,4,11.56,12.454,0.071,26.0,107.2,0.0,0.0,1.994,2.697,28 94 65 319 320 213 187 146 158 190
tryptophan,5,arginine,3,18,17,0,11.56,14.436,0.071,20.6,18.0,13.5963,0.0,2.104,4.539,51 360
tryptophan,5,arginine,3,18,17,1,11.56,14.436,0.071,20.6,18.0,9.892,0.0,2.094,2.182,50 0 180 1
tryptophan,5,arginine,3,18,17,2,11.56,14.436,0.071,20.6,18.0,6.3555,0.0,2.122,0.352,51 360 198 329 176 177
tryptophan,5,arginine,3,18,17,3,11.56,14.436,0.071,20.6,18.0,2.5956,0.0,2.087,0.281,50 0 170 18 181 181 181 181
tryptophan,5,arginine,3,18,17,4,11.56,14.436,0.071,20.6,18.0,0.3977,0.0,1.565,1.928,35 359 207 302 165 172 170 171 287 206
tryptophan,5,arginine,3,18,18,0,11.56,13.124,0.071,17.1,81.6,12.5727,0.0,2.917,4.731,75 0
tryptophan,5,arginine,3,18,18,1,11.56,13.124,0.071,17.1,81.6,8.9722,0.0,2.917,2.852,76 360 181 359
tryptophan,5,arginine,3,18,18,2,11.56,13.124,0.071,17.1,81.6,5.2989,0.0,2.917,0.764,74 0 172 12 185 183
tryptophan,5,arginine,3,18,18,3,11.56,13.124,0.071,17.1,81.6,1.6448,0.0,2.917,0.577,76 0 180 0 155 155 180 180
tryptophan,5,arginine,3,18,18,4,11.56,13.124,0.071,17.1,81.6,0.0,0.0,2.917,1.14,115 295 237 77 128 206 189 160 158 176
tryptophan,5,lysine,5,16,13,0,3.388,2.162,-0.239,130.9,57.9,2.6786,0.0,2.909,2.703,16 248
tryptophan,5,lysine,5,16,13,1,3.388,2.162,-0.239,130.9,57.9,2.8775,0.0,2.491,2.144,328 330 356 357
tryptophan,5,lysine,5,16,13,2,3.388,2.162,-0.239,130.9,57.9,1.9783,0.0,3.324,2.83,272 314 355 301 257 357
tryptophan,5,lysine,5,16,13,3,3.388,2.162,-0.239,130.9,57.9,0.0,0.0,1.31,0.602,80 50 35 219 307 65 105 341
tryptophan,5,lysine,5,16,13,4,3.388,2.162,-0.239,130.9,57.9,0.0,0.0,0.276,0.416,99 19 11 295 319 89 52 284 233 50
tryptophan,5,lysine,5,16,14,0,3.388,2.548,-0.239,153.9,46.9,2.9789,0.0,3.324,4.668,258 210
tryptophan,5,lysine,5,16,14,1,3.388,2.548,-0.239,153.9,46.9,2.5859,0.0,3.324,4.668,242 359 0 0
tryptophan,5,lysine,5,16,14,2,3.388,2.548,-0.239,153.9,46.9,1.6509,0.0,3.324,4.668,168 339 356 288 272 358
tryptophan,5,lysine,5,16,14,3,3.388,2.548,-0.239,153.9,46.9,0.0,0.0,2.179,4.668,142 243 56 166 7 69 104 359
tryptophan,5,lysine,5,16,14,4,3.388,2.548,-0.239,153.9,46.9,0.0,0.0,2.401,0.291,58 280 105 102 32 93 48 160 56 29
tryptophan,5,lysine,5,16,15,0,3.388,1.148,-0.239,122.3,87.5,3.2879,0.0,2.57,4.668,101 84
tryptophan,5,lysine,5,16,15,1,3.388,1.148,-0.239,122.3,87.5,3.8074,0.0,3.271,4.668,153 39 4 3
tryptophan,5,lysine,5,16,15,2,3.388,1.148,-0.239,122.3,87.5,2.9292,0.0,3.324,4.668,207 55 4 49 114 2
tryptophan,5,lysine,5,16,15,3,3.388,1.148,-0.239,122.3,87.5,0.0,0.0,3.324,4.668,219 73 356 136 49 4 151 12
tryptophan,5,lysine,5,16,15,4,3.388,1.148,-0.239,122.3,87.5,0.0,0.0,1.862,0.775,7 349 312 91 55 251 304 85 127 281
tryptophan,5,lysine,5,17,13,0,3.388,4.387,-0.239,40.3,68.1,3.7016,0.0,2.556,4.962,263 3
tryptophan,5,lysine,5,17,13,1,3.388,4.387,-0.239,40.3,68.1,2.3361,0.0,1.294,3.159,270 62 95 5
tryptophan,5,lysine,5,17,13,2,3.388,4.387,-0.239,40.3,68.1,0.0,0.0,0.812,1.921,315 97 59 357 158 16
tryptophan,5,lysine,5,17,13,3,3.388,4.387,-0.239,40.3,68.1,0.0,0.0,1.04,1.494,3 52 58 284 267 67 127 241
tryptophan,5,lysine,5,17,13,4,3.388,4.387,-0.239,40.3,68.1,0.0,0.0,1.624,1.669,7 3 42 312 284 79 105 262 232 152
tryptophan,5,lysine,5,17,14,0,3.388,4.832,-0.239,48.2,52.0,3.4625,0.0,3.078,6.112,224 357
tryptophan,5,lysine,5,17,14,1,3.388,4.832,-0.239,48.2,52.0,1.7004,0.0,3.078,6.112,217 296 268 353
tryptophan,5,lysine,5,17,14,2,3.388,4.832,-0.239,48.2,52.0,0.0,0.0,3.078,6.112,211 235 320 278 305 308
tryptophan,5,lysine,5,17,14,3,3.388,4.832,-0.239,48.2,52.0,0.0,0.0,2.729,5.746,224 73 30 249 345 69 116 318
tryptophan,5,lysine,5,17,14,4,3.388,4.832,-0.239,48.2,52.0,0.0,0.0,1.752,4.305,283 329 111 230 307 190 37 319 210 157
tryptophan,5,lysine,5,17,15,0,3.388,2.649,-0.239,61.9,153.0,2.2826,0.0,2.992,5.788,239 358
tryptophan,5,lysine,5,17,15,1,3.388,2.649,-0.239,61.9,153.0,2.2953,0.0,2.636,6.112,238 186 357 360
tryptophan,5,lysine,5,17,15,2,3.388,2.649,-0.239,61.9,153.0,1.2513,0.0,0.655,3.787,308 125 359 341 206 359
tryptophan,5,lysine,5,17,15,3,3.388,2.649,-0.239,61.9,153.0,0.0,0.0,1.569,3.842,353 68 24 280 256 42 172 284
tryptophan,5,lysine,5,17,15,4,3.388,2.649,-0.239,61.9,153.0,0.0,0.0,1.71,5.463,17 341 21 309 274 64 101 283 249 151
tryptophan,5,lysine,5,18,13,0,3.388,4.316,-0.239,43.2,76.7,3.5107,0.0,2.917,5.098,96 357
tryptophan,5,lysine,5,18,13,1,3.388,4.316,-0.239,43.2,76.7,2.0873,0.0,2.898,3.905,91 295 266 356
tryptophan,5,lysine,5,18,13,2,3.388,4.316,-0.239,43.2,76.7,0.0,0.0,2.307,3.378,46 263 330 23 131 4
tryptophan,5,lysine,5,18,13,3,3.388,4.316,-0.239,43.2,76.7,0.0,0.0,2.05,2.949,8 293 319 92 95 286 200 96
tryptophan,5,lysine,5,18,13,4,3.388,4.316,-0.239,43.2,76.7,0.0,0.0,1.061,3.231,1 2 323 52 80 276 250 94 124 208
tryptophan,5,lysine,5,18,14,0,3.388,4.294,-0.239,67.9,77.5,2.0511,0.0,2.917,5.792,121 360
tryptophan,5,lysine,5,18,14,1,3.388,4.294,-0.239,67.9,77.5,0.8405,0.0,2.917,6.052,123 232 321 1
tryptophan,5,lysine,5,18,14,2,3.388,4.294,-0.239,67.9,77.5,0.0,0.0,2.822,5.155,61 236 345 63 132 327
tryptophan,5,lysine,5,18,14,3,3.388,4.294,-0.239,67.9,77.5,0.0,0.0,1.513,3.963,22 308 322 77 77 305 256 119
tryptophan,5,lysine,5,18,14,4,3.388,4.294,-0.239,67.9,77.5,0.0,0.0,1.05,4.846,3 2 322 53 70 277 272 109 119 205
tryptophan,5,lysine,5,18,15,0,3.388,3.33,-0.239,39.2,116.3,3.3496,0.0,2.917,6.144,143 4
tryptophan,5,lysine,5,18,15,1,3.388,3.33,-0.239,39.2,116.3,2.7624,0.0,2.917,6.144,147 88 70 1
tryptophan,5,lysine,5,18,15,2,3.388,3.33,-0.239,39.2,116.3,0.5658,0.0,2.917,6.144,193 153 360 344 202 360
tryptophan,5,lysine,5,18,15,3,3.388,3.33,-0.239,39.2,116.3,0.0,0.0,2.917,5.851,113 270 12 51 77 16 142 29
tryptophan,5,lysine,5,18,15,4,3.388,3.33,-0.239,39.2,116.3,0.0,0.0,0.557,3.402,317 304 289 66 81 287 248 92 147 217
tryptophan,5,aspartic,21,16,3,0,8.842,9.789,-0.947,77.4,56.0,6.1852,0.0,2.013,2.448,2 3
tryptophan,5,aspartic,21,16,3,1,8.842,9.789,-0.947,77.4,56.0,2.5085,0.0,1.345,1.22,20 334 176 178
tryptophan,5,aspartic,21,16,3,2,8.842,9.789,-0.947,77.4,56.0,0.0,0.0,0.955,2.115,331 14 193 180 78 156
tryptophan,5,aspartic,21,16,3,3,8.842,9.789,-0.947,77.4,56.0,0.0,0.0,1.553,2.671,275 57 231 28 64 105 175 192
tryptophan,5,aspartic,21,16,3,4,8.842,9.789,-0.947,77.4,56.0,0.0,0.0,0.428,2.291,35 58 97 35 106 191 260 203 339 326
tryptophan,5,aspartic,21,16,4,0,8.842,9.539,-0.947,71.5,65.9,6.111,0.0,1.785,2.656,20 358
tryptophan,5,aspartic,21,16,4,1,8.842,9.539,-0.947,71.5,65.9,2.2751,0.0,0.853,1.587,17 1 184 185
tryptophan,5,aspartic,21,16,4,2,8.842,9.539,-0.947,71.5,65.9,0.0,0.0,0.659,2.182,28 24 133 77 338 217
tryptophan,5,aspartic,21,16,4,3,8.842,9.539,-0.947,71.5,65.9,0.0,0.0,1.463,1.072,24 314 296 31 46 266 225 110
tryptophan,5,aspartic,21,16,4,4,8.842,9.539,-0.947,71.5,65.9,0.0,0.0,1.849,1.525,25 343 304 23 53 258 229 101 126 204
tryptophan,5,aspartic,21,16,5,0,8.842,9.616,-0.947,86.2,63.0,5.8884,0.0,1.832,2.577,20 350
tryptophan,5,aspartic,21,16,5,1,8.842,9.616,-0.947,86.2,63.0,2.3862,0.0,1.792,0.891,348 48 193 188
tryptophan,5,aspartic,21,16,5,2,8.842,9.616,-0.947,86.2,63.0,0.0,0.0,1.883,0.86,351 117 143 213 231 265
tryptophan,5,aspartic,21,16,5,3,8.842,9.616,-0.947,86.2,63.0,0.0,0.0,2.513,0.679,358 205 83 195 239 108 22 128
tryptophan,5,aspartic,21,16,5,4,8.842,9.616,-0.947,86.2,63.0,0.0,0.0,1.819,1.56,26 346 303 17 49 257 229 87 115 208
tryptophan,5,aspartic,21,17,3,0,8.842,10.325,-0.947,56.8,51.0,7.4451,0.0,1.061,4.779,341 360
tryptophan,5,aspartic,21,17,3,1,8.842,10.325,-0.947,56.8,51.0,3.7151,0.0,0.614,3.754,342 360 205 257
tryptophan,5,aspartic,21,17,3,2,8.842,10.325,-0.947,56.8,51.0,0.5875,0.0,0.582,4.131,359 1 196 290 134 170
tryptophan,5,aspartic,21,17,3,3,8.842,10.325,-0.947,56.8,51.0,0.0,0.0,1.906,5.429,9 11 222 273 170 348 168 162
tryptophan,5,aspartic,21,17,3,4,8.842,10.325,-0.947,56.8,51.0,0.0,0.0,1.005,0.661,304 21 126 331 246 121 134 260 285 168
tryptophan,5,aspartic,21,17,4,0,8.842,9.564,-0.947,70.6,80.7,6.114,0.0,1.075,4.788,341 360
tryptophan,5,aspartic,21,17,4,1,8.842,9.564,-0.947,70.6,80.7,2.481,0.0,0.63,4.206,334 8 203 206
tryptophan,5,aspartic,21,17,4,2,8.842,9.564,-0.947,70.6,80.7,0.0,0.0,1.336,4.604,23 274 187 73 198 164
tryptophan,5,aspartic,21,17,4,3,8.842,9.564,-0.947,70.6,80.7,0.0,0.0,1.935,4.683,16 0 60 344 292 82 115 193
tryptophan,5,aspartic,21,17,4,4,8.842,9.564,-0.947,70.6,80.7,0.0,0.0,1.289,3.398,346 5 46 343 311 99 129 254 231 157
tryptophan,5,aspartic,21,17,5,0,8.842,10.187,-0.947,64.8,56.8,6.9432,0.0,0.804,4.568,327 0
tryptophan,5,aspartic,21,17,5,1,8.842,10.187,-0.947,64.8,56.8,3.2057,0.0,0.808,2.785,329 359 157 136
tryptophan,5,aspartic,21,17,5,2,8.842,10.187,-0.947,64.8,56.8,0.0995,0.0,0.985,1.538,317 356 168 167 99 155
tryptophan,5,aspartic,21,17,5,3,8.842,10.187,-0.947,64.8,56.8,0.0,0.0,0.914,1.87,349 15 71 337 291 99 127 195
tryptophan,5,aspartic,21,17,5,4,8.842,10.187,-0.947,64.8,56.8,0.0,0.0,0.946,0.692,308 46 72 310 285 116 144 270 239 153
tryptophan,5,aspartic,21,18,3,0,8.842,10.481,-0.947,50.2,64.2,7.952,0.0,1.101,4.911,16 0
tryptophan,5,aspartic,21,18,3,1,8.842,10.481,-0.947,50.2,64.2,4.24,0.0,1.09,4.06,14 1 205 272
tryptophan,5,aspartic,21,18,3,2,8.842,10.481,-0.947,50.2,64.2,0.659,0.0,1.109,3.25,17 359 219 271 175 177
tryptophan,5,aspartic,21,18,3,3,8.842,10.481,-0.947,50.2,64.2,0.0,0.0,1.286,4.142,316 6 246 33 132 223 229 232
tryptophan,5,aspartic,21,18,3,4,8.842,10.481,-0.947,50.2,64.2,0.0,0.0,1.239,3.191,28 326 290 41 71 246 220 122 140 197
tryptophan,5,aspartic,21,18,4,0,8.842,10.263,-0.947,41.3,72.6,8.2701,0.0,1.074,5.243,1 360
tryptophan,5,aspartic,21,18,4,1,8.842,10.263,-0.947,41.3,72.6,4.5353,0.0,0.895,4.204,0 0 160 53
tryptophan,5,aspartic,21,18,4,2,8.842,10.263,-0.947,41.3,72.6,1.081,0.0,1.041,4.31,8 357 143 77 161 168
tryptophan,5,aspartic,21,18,4,3,8.842,10.263,-0.947,41.3,72.6,0.0,0.0,2.106,5.333,323 2 160 103 110 213 62 238
tryptophan,5,aspartic,21,18,4,4,8.842,10.263,-0.947,41.3,72.6,0.006,0.0,0.991,0.653,71 348 193 3 172 5 76 147 354 169
tryptophan,5,aspartic,21,18,5,0,8.842,10.809,-0.947,37.2,50.8,9.0398,0.0,1.183,4.822,20 0
tryptophan,5,aspartic,21,18,5,1,8.842,10.809,-0.947,37.2,50.8,5.3458,0.0,1.214,3.145,22 359 197 318
tryptophan,5,aspartic,21,18,5,2,8.842,10.809,-0.947,37.2,50.8,1.766,0.0,0.497,2.607,18 1 213 294 188 185
tryptophan,5,aspartic,21,18,5,3,8.842,10.809,-0.947,37.2,50.8,0.0,0.0,2.062,0.811,52 356 214 303 195 192 297 223
tryptophan,5,aspartic,21,18,5,4,8.842,10.809,-0.947,37.2,50.8,0.0,0.0,1.82,1.669,55 308 275 59 86 233 211 131 146 193
tryptophan,5,glutamic,22,16,4,0,12.941,11.067,-0.34,138.1,115.1,7.39,0.0,2.899,3.139,20 172
tryptophan,5,glutamic,22,16,4,1,12.941,11.067,-0.34,138.1,115.1,3.8115,0.0,2.946,1.027,55 213 182 181
tryptophan,5,glutamic,22,16,4,2,12.941,11.067,-0.34,138.1,115.1,0.0809,0.0,2.082,1.119,7 155 184 182 183 183
tryptophan,5,glutamic,22,16,4,3,12.941,11.067,-0.34,138.1,115.1,0.0001,0.0,2.287,2.985,328 182 167 111 15 260 180 168
tryptophan,5,glutamic,22,16,4,4,12.941,11.067,-0.34,138.1,115.1,0.0,0.0,2.273,1.004,68 245 232 43 63 245 210 108 128 195
tryptophan,5,glutamic,22,16,5,0,12.941,12.774,-0.34,130.7,47.6,9.0416,0.0,2.898,3.285,20 154
tryptophan,5,glutamic,22,16,5,1,12.941,12.774,-0.34,130.7,47.6,5.5509,0.0,3.026,0.973,68 227 186 184
tryptophan,5,glutamic,22,16,5,2,12.941,12.774,-0.34,130.7,47.6,1.7874,0.0,1.81,0.959,61 224 178 179 179 179
tryptophan,5,glutamic,22,16,5,3,12.941,12.774,-0.34,130.7,47.6,0.0,0.0,2.952,0.644,356 160 81 148 186 169 317 190
tryptophan,5,glutamic,22,16,5,4,12.941,12.774,-0.34,130.7,47.6,0.0,0.0,2.48,0.481,123 215 205 115 113 195 194 100 100 191
tryptophan,5,glutamic,22,16,6,0,12.941,12.751,-0.34,141.1,48.7,9.1072,0.0,2.933,3.386,41 182
tryptophan,5,glutamic,22,16,6,1,12.941,12.751,-0.34,141.1,48.7,5.4906,0.0,2.916,1.26,15 154 181 180
tryptophan,5,glutamic,22,16,6,2,12.941,12.751,-0.34,141.1,48.7,1.8014,0.0,1.55,1.665,54 196 195 189 188 187
tryptophan,5,glutamic,22,16,6,3,12.941,12.751,-0.34,141.1,48.7,0.0026,0.0,2.309,3.288,71 186 150 132 208 193 300 211
tryptophan,5,glutamic,22,16,6,4,12.941,12.751,-0.34,141.1,48.7,0.0,0.0,3.114,4.668,163 178 183 130 124 212 202 150 167 198
tryptophan,5,glutamic,22,17,4,0,12.941,12.797,-0.34,65.7,107.4,9.4894,0.0,2.445,4.628,277 0
tryptophan,5,glutamic,22,17,4,1,12.941,12.797,-0.34,65.7,107.4,5.7383,0.0,2.45,2.575,276 0 166 152
tryptophan,5,glutamic,22,17,4,2,12.941,12.797,-0.34,65.7,107.4,2.2473,0.0,2.286,0.93,273 3 217 225 194 189
tryptophan,5,glutamic,22,17,4,3,12.941,12.797,-0.34,65.7,107.4,0.0,0.0,1.186,1.949,238 106 139 237 218 172 179 182
tryptophan,5,glutamic,22,17,4,4,12.941,12.797,-0.34,65.7,107.4,0.0,0.0,1.425,3.337,213 142 143 222 207 108 127 156 130 162
tryptophan,5,glutamic,22,17,5,0,12.941,14.218,-0.34,72.0,52.2,10.6908,0.0,2.156,4.488,284 359
tryptophan,5,glutamic,22,17,5,1,12.941,14.218,-0.34,72.0,52.2,6.9997,0.0,2.204,2.187,281 3 186 185
tryptophan,5,glutamic,22,17,5,2,12.941,14.218,-0.34,72.0,52.2,3.3921,0.0,1.77,0.831,284 359 152 151 178 178
tryptophan,5,glutamic,22,17,5,3,12.941,14.218,-0.34,72.0,52.2,0.282,0.0,1.733,0.64,296 357 196 204 165 174 116 140
tryptophan,5,glutamic,22,17,5,4,12.941,14.218,-0.34,72.0,52.2,0.0,0.0,2.319,1.869,274 120 141 202 184 134 142 210 210 178
tryptophan,5,glutamic,22,17,6,0,12.941,14.336,-0.34,73.3,46.7,10.7739,0.0,2.597,4.718,273 1
tryptophan,5,glutamic,22,17,6,1,12.941,14.336,-0.34,73.3,46.7,7.114,0.0,2.538,2.883,278 354 175 176
tryptophan,5,glutamic,22,17,6,2,12.941,14.336,-0.34,73.3,46.7,3.4744,0.0,1.572,1.357,273 1 204 204 182 181
tryptophan,5,glutamic,22,17,6,3,12.941,14.336,-0.34,73.3,46.7,0.3533,0.0,1.516,3.092,264 360 170 172 180 180 246 214
tryptophan,5,glutamic,22,17,6,4,12.941,14.336,-0.34,73.3,46.7,0.0,0.0,2.681,5.039,208 128 141 228 218 169 177 218 215 176
tryptophan,5,glutamic,22,18,4,0,12.941,13.402,-0.34,38.8,117.8,11.4179,0.0,2.917,5.1,94 360
tryptophan,5,glutamic,22,18,4,1,12.941,13.402,-0.34,38.8,117.8,7.6927,0.0,2.917,3.808,94 360 159 61
tryptophan,5,glutamic,22,18,4,2,12.941,13.402,-0.34,38.8,117.8,4.1974,0.0,2.917,2.772,96 359 214 287 174 176
tryptophan,5,glutamic,22,18,4,3,12.941,13.402,-0.34,38.8,117.8,0.4398,0.0,2.106,2.134,96 360 149 72 176 178 175 176
tryptophan,5,glutamic,22,18,4,4,12.941,13.402,-0.34,38.8,117.8,0.0,0.0,2.355,3.388,85 317 273 56 88 209 195 146 148 184
tryptophan,5,glutamic,22,18,5,0,12.941,15.101,-0.34,31.6,50.7,13.5108,0.0,2.917,5.026,91 360
tryptophan,5,glutamic,22,18,5,1,12.941,15.101,-0.34,31.6,50.7,9.7793,0.0,2.917,3.466,90 0 165 39
tryptophan,5,glutamic,22,18,5,2,12.941,15.101,-0.34,31.6,50.7,6.2474,0.0,2.917,2.158,91 360 212 297 179 179
tryptophan,5,glutamic,22,18,5,3,12.941,15.101,-0.34,31.6,50.7,2.5289,0.0,1.725,1.481,90 0 153 58 184 182 183 183
tryptophan,5,glutamic,22,18,5,4,12.941,15.101,-0.34,31.6,50.7,0.0734,0.0,2.705,0.7,68 1 206 302 192 186 189 188 275 206
tryptophan,5,glutamic,22,18,6,0,12.941,15.174,-0.34,36.5,47.3,13.2747,0.0,2.917,5.365,105 0
tryptophan,5,glutamic,22,18,6,1,12.941,15.174,-0.34,36.5,47.3,9.5311,0.0,2.917,4.048,105 0 200 301
tryptophan,5,glutamic,22,18,6,2,12.941,15.174,-0.34,36.5,47.3,6.0241,0.0,2.917,2.768,104 0 145 73 184 182
tryptophan,5,glutamic,22,18,6,3,12.941,15.174,-0.34,36.5,47.3,2.2812,0.0,1.96,2.193,105 0 210 290 181 180 180 180
tryptophan,5,glutamic,22,18,6,4,12.941,15.174,-0.34,36.5,47.3,0.0,0.0,2.696,4.827,127 340 169 145 95 185 178 181 109 166
tryptophan,5,isoleucine,3,16,4,0,9.479,7.057,0.763,121.1,171.8,3.4639,0.0,3.324,4.668,120 241
tryptophan,5,isoleucine,3,16,4,1,9.479,7.057,0.763,121.1,171.8,0.4211,0.0,2.976,3.717,61 161 100 160
tryptophan,5,isoleucine,3,16,4,2,9.479,7.057,0.763,121.1,171.8,0.0,0.0,3.324,4.668,155 157 258 151 80 262
tryptophan,5,isoleucine,3,16,4,3,9.479,7.057,0.763,121.1,171.8,0.0,0.0,3.324,4.668,202 145 281 67 64 4 264 115
tryptophan,5,isoleucine,3,16,4,4,9.479,7.057,0.763,121.1,171.8,0.0,0.0,2.417,3.27,188 154 189 111 100 287 266 103 130 207
tryptophan,5,isoleucine,3,16,5,0,9.479,9.116,0.763,129.1,64.7,5.4306,0.0,3.324,4.668,120 215
tryptophan,5,isoleucine,3,16,5,1,9.479,9.116,0.763,129.1,64.7,1.8373,0.0,2.976,4.105,61 129 177 178
tryptophan,5,isoleucine,3,16,5,2,9.479,9.116,0.763,129.1,64.7,0.0,0.0,3.047,4.668,161 181 206 121 149 223
tryptophan,5,isoleucine,3,16,5,3,9.479,9.116,0.763,129.1,64.7,0.0,0.0,2.279,4.668,170 149 206 121 126 316 268 141
tryptophan,5,isoleucine,3,16,5,4,9.479,9.116,0.763,129.1,64.7,0.0,0.0,1.967,4.668,192 153 182 142 132 247 239 127 145 200
tryptophan,5,isoleucine,3,16,6,0,9.479,9.312,0.763,114.2,56.9,5.6068,0.0,3.324,4.668,121 259
tryptophan,5,isoleucine,3,16,6,1,9.479,9.312,0.763,114.2,56.9,2.0253,0.0,2.95,3.974,56 104 178 179
tryptophan,5,isoleucine,3,16,6,2,9.479,9.312,0.763,114.2,56.9,0.0,0.0,3.324,4.668,141 332 120 191 261 170
tryptophan,5,isoleucine,3,16,6,3,9.479,9.312,0.763,114.2,56.9,0.0,0.0,3.324,4.668,186 225 234 87 74 231 231 158
tryptophan,5,isoleucine,3,16,6,4,9.479,9.312,0.763,114.2,56.9,0.0,0.0,3.324,4.668,186 182 208 158 141 221 230 82 87 199
tryptophan,5,isoleucine,3,17,4,0,9.479,7.416,0.763,105.2,168.1,3.8155,0.0,3.078,5.447,235 82
tryptophan,5,isoleucine,3,17,4,1,9.479,7.416,0.763,105.2,168.1,0.5149,0.0,2.326,5.128,298 256 216 193
tryptophan,5,isoleucine,3,17,4,2,9.479,7.416,0.763,105.2,168.1,0.0,0.0,3.078,6.112,192 174 113 257 250 128
tryptophan,5,isoleucine,3,17,4,3,9.479,7.416,0.763,105.2,168.1,0.0,0.0,3.078,6.112,156 168 128 254 250 108 143 215
tryptophan,5,isoleucine,3,17,4,4,9.479,7.416,0.763,105.2,168.1,0.0,0.0,3.078,5.379,159 194 166 237 251 97 110 237 204 149
tryptophan,5,isoleucine,3,17,5,0,9.479,9.644,0.763,105.1,57.6,5.9207,0.0,3.078,5.577,230 80
tryptophan,5,isoleucine,3,17,5,1,9.479,9.644,0.763,105.1,57.6,2.3558,0.0,2.397,5.116,294 272 180 180
tryptophan,5,isoleucine,3,17,5,2,9.479,9.644,0.763,105.1,57.6,0.0,0.0,3.078,6.112,204 121 114 184 66 144
tryptophan,5,isoleucine,3,17,5,3,9.479,9.644,0.763,105.1,57.6,0.0,0.0,3.078,6.112,183 176 151 220 220 114 130 202
tryptophan,5,isoleucine,3,17,5,4,9.479,9.644,0.763,105.1,57.6,0.0,0.0,3.078,6.112,156 174 157 219 225 140 145 238 225 162
tryptophan,5,isoleucine,3,17,6,0,9.479,9.267,0.763,116.2,72.2,5.5776,0.0,2.446,5.663,291 248
tryptophan,5,isoleucine,3,17,6,1,9.479,9.267,0.763,116.2,72.2,1.9905,0.0,3.078,5.819,226 105 186 183
tryptophan,5,isoleucine,3,17,6,2,9.479,9.267,0.763,116.2,72.2,0.0,0.0,3.078,6.112,202 156 159 240 227 167
tryptophan,5,isoleucine,3,17,6,3,9.479,9.267,0.763,116.2,72.2,0.0,0.0,3.078,6.112,181 181 156 225 226 113 129 200
tryptophan,5,isoleucine,3,17,6,4,9.479,9.267,0.763,116.2,72.2,0.0,0.0,3.078,6.112,139 180 122 238 265 128 164 239 181 139
tryptophan,5,isoleucine,3,18,4,0,9.479,9.211,0.763,32.0,179.4,7.9066,0.0,2.917,6.144,167 360
tryptophan,5,isoleucine,3,18,4,1,9.479,9.211,0.763,32.0,179.4,4.323,0.0,2.917,6.144,167 0 180 1
tryptophan,5,isoleucine,3,18,4,2,9.479,9.211,0.763,32.0,179.4,0.7333,0.0,2.917,6.144,167 1 200 317 191 185
tryptophan,5,isoleucine,3,18,4,3,9.479,9.211,0.763,32.0,179.4,0.0,0.0,2.917,5.551,142 281 245 111 142 232 218 173
tryptophan,5,isoleucine,3,18,4,4,9.479,9.211,0.763,32.0,179.4,0.0,0.0,1.967,3.683,61 315 276 82 114 233 218 151 155 183
tryptophan,5,isoleucine,3,18,5,0,9.479,11.291,0.763,39.2,65.2,9.3855,0.0,2.917,6.144,164 360
tryptophan,5,isoleucine,3,18,5,1,9.479,11.291,0.763,39.2,65.2,5.6421,0.0,2.917,6.144,164 360 162 53
tryptophan,5,isoleucine,3,18,5,2,9.479,11.291,0.763,39.2,65.2,2.1368,0.0,2.917,6.144,166 359 213 294 167 172
tryptophan,5,isoleucine,3,18,5,3,9.479,11.291,0.763,39.2,65.2,0.0,0.0,2.917,6.144,156 292 227 111 152 210 204 180
tryptophan,5,isoleucine,3,18,5,4,9.479,11.291,0.763,39.2,65.2,0.0,0.0,2.917,6.144,177 102 89 357 67 6 284 105 135 177
tryptophan,5,isoleucine,3,18,6,0,9.479,11.299,0.763,32.1,64.9,9.839,0.0,2.917,6.144,181 0
tryptophan,5,isoleucine,3,18,6,1,9.479,11.299,0.763,32.1,64.9,6.1043,0.0,2.917,6.144,182 360 190 338
tryptophan,5,isoleucine,3,18,6,2,9.479,11.299,0.763,32.1,64.9,2.5392,0.0,2.917,6.144,181 0 151 53 183 182
tryptophan,5,isoleucine,3,18,6,3,9.479,11.299,0.763,32.1,64.9,0.0,0.0,2.917,6.144,219 348 210 331 105 126 150 142
tryptophan,5,isoleucine,3,18,6,4,9.479,11.299,0.763,32.1,64.9,0.0,0.0,2.917,5.69,261 65 98 262 233 135 149 193 188 178
tryptophan,5,leucine,13,16,1,0,19.68,17.654,0.563,117.3,141.1,13.9111,0.0,3.175,3.786,93 248
tryptophan,5,leucine,13,16,1,1,19.68,17.654,0.563,117.3,141.1,10.4045,0.0,2.895,2.298,31 109 179 179
tryptophan,5,leucine,13,16,1,2,19.68,17.654,0.563,117.3,141.1,6.7393,0.0,3.253,1.493,105 252 176 178 177 177
tryptophan,5,leucine,13,16,1,3,19.68,17.654,0.563,117.3,141.1,3.1549,0.0,2.896,1.004,32 110 175 177 165 167 175 177
tryptophan,5,leucine,13,16,1,4,19.68,17.654,0.563,117.3,141.1,0.0,0.0,2.492,0.984,118 210 193 151 161 186 181 181 183 180
tryptophan,5,leucine,13,16,2,0,19.68,20.12,0.563,117.6,33.8,16.3699,0.0,3.189,3.766,93 247
tryptophan,5,leucine,13,16,2,1,19.68,20.12,0.563,117.6,33.8,12.865,0.0,2.894,2.253,30 109 179 179
tryptophan,5,leucine,13,16,2,2,19.68,20.12,0.563,117.6,33.8,9.1898,0.0,3.256,1.439,104 251 177 179 178 178
tryptophan,5,leucine,13,16,2,3,19.68,20.12,0.563,117.6,33.8,5.595,0.0,2.895,0.899,31 109 177 178 166 168 177 178
tryptophan,5,leucine,13,16,2,4,19.68,20.12,0.563,117.6,33.8,1.8661,0.0,2.499,0.668,106 251 179 179 178 179 178 179 179 179
tryptophan,5,leucine,13,16,13,0,19.68,18.982,0.563,123.2,83.4,15.2324,0.0,3.324,3.901,94 231
tryptophan,5,leucine,13,16,13,1,19.68,18.982,0.563,123.2,83.4,11.7187,0.0,2.905,2.582,35 118 181 180
tryptophan,5,leucine,13,16,13,2,19.68,18.982,0.563,123.2,83.4,8.0426,0.0,3.324,2.11,107 239 183 182 183 183
tryptophan,5,leucine,13,16,13,3,19.68,18.982,0.563,123.2,83.4,4.4272,0.0,2.905,0.603,35 118 181 181 188 187 181 181
tryptophan,5,leucine,13,16,13,4,19.68,18.982,0.563,123.2,83.4,0.7391,0.0,2.121,0.186,109 241 175 177 172 173 171 174 176 177
tryptophan,5,leucine,13,17,1,0,19.68,17.943,0.563,105.3,148.6,14.1979,0.0,2.2,5.158,307 280
tryptophan,5,leucine,13,17,1,1,19.68,17.943,0.563,105.3,148.6,10.6916,0.0,2.752,4.182,246 88 181 181
tryptophan,5,leucine,13,17,1,2,19.68,17.943,0.563,105.3,148.6,7.0212,0.0,2.102,2.571,317 274 181 181 181 181
tryptophan,5,leucine,13,17,1,3,19.68,17.943,0.563,105.3,148.6,3.4435,0.0,2.731,1.608,246 87 183 182 192 190 183 182
tryptophan,5,leucine,13,17,1,4,19.68,17.943,0.563,105.3,148.6,0.0,0.0,2.511,0.961,243 91 156 173 167 172 177 170 143 151
tryptophan,5,leucine,13,17,2,0,19.68,20.407,0.563,105.7,40.4,16.6519,0.0,2.197,5.17,307 279
tryptophan,5,leucine,13,17,2,1,19.68,20.407,0.563,105.7,40.4,13.1474,0.0,2.75,4.203,246 89 181 180
tryptophan,5,leucine,13,17,2,2,19.68,20.407,0.563,105.7,40.4,9.4651,0.0,2.1,2.585,318 273 181 181 181 181
tryptophan,5,leucine,13,17,2,3,19.68,20.407,0.563,105.7,40.4,5.8697,0.0,2.733,1.717,246 88 182 181 192 190 182 181
tryptophan,5,leucine,13,17,2,4,19.68,20.407,0.563,105.7,40.4,2.1518,0.0,2.092,1.605,319 272 180 180 180 180 180 180 180 180
tryptophan,5,leucine,13,17,13,0,19.68,19.425,0.563,104.4,81.8,15.6689,0.0,2.383,4.98,255 77
tryptophan,5,leucine,13,17,13,1,19.68,19.425,0.563,104.4,81.8,12.1614,0.0,2.116,3.941,315 274 179 180
tryptophan,5,leucine,13,17,13,2,19.68,19.425,0.563,104.4,81.8,8.4777,0.0,2.797,2.538,244 84 180 180 180 180
tryptophan,5,leucine,13,17,13,3,19.68,19.425,0.563,104.4,81.8,4.8722,0.0,2.116,1.395,315 274 179 180 173 174 179 179
tryptophan,5,leucine,13,17,13,4,19.68,19.425,0.563,104.4,81.8,1.1967,0.0,2.343,0.913,243 86 173 176 170 171 166 171 175 176
tryptophan,5,leucine,13,18,1,0,19.68,19.868,0.563,16.3,144.4,19.1638,0.0,2.917,6.144,158 0
tryptophan,5,leucine,13,18,1,1,19.68,19.868,0.563,16.3,144.4,15.4648,0.0,2.917,6.144,158 360 180 359
tryptophan,5,leucine,13,18,1,2,19.68,19.868,0.563,16.3,144.4,11.8908,0.0,2.917,5.218,158 0 160 34 180 180
tryptophan,5,leucine,13,18,1,3,19.68,19.868,0.563,16.3,144.4,8.2402,0.0,2.917,3.447,159 360 191 341 176 178 176 177
tryptophan,5,leucine,13,18,1,4,19.68,19.868,0.563,16.3,144.4,4.6217,0.0,2.917,1.392,157 0 160 34 180 180 183 183 180 180
tryptophan,5,leucine,13,18,2,0,19.68,22.338,0.563,16.1,36.7,21.606,0.0,2.917,6.144,157 0
tryptophan,5,leucine,13,18,2,1,19.68,22.338,0.563,16.1,36.7,17.8869,0.0,2.917,6.144,158 360 180 359
tryptophan,5,leucine,13,18,2,2,19.68,22.338,0.563,16.1,36.7,14.3317,0.0,2.917,5.243,157 0 159 37 180 180
tryptophan,5,leucine,13,18,2,3,19.68,22.338,0.563,16.1,36.7,10.6618,0.0,2.917,3.531,158 360 193 336 178 179 178 178
tryptophan,5,leucine,13,18,2,4,19.68,22.338,0.563,16.1,36.7,7.0556,0.0,2.917,1.354,157 0 159 37 181 180 185 185 181 180
tryptophan,5,leucine,13,18,13,0,19.68,21.272,0.563,21.9,82.7,20.179,0.0,2.917,6.144,154 0
tryptophan,5,leucine,13,18,13,1,19.68,21.272,0.563,21.9,82.7,16.4124,0.0,2.917,6.144,154 360 180 359
tryptophan,5,leucine,13,18,13,2,19.68,21.272,0.563,21.9,82.7,12.9179,0.0,2.917,5.285,153 0 153 51 182 181
tryptophan,5,leucine,13,18,13,3,19.68,21.272,0.563,21.9,82.7,9.2199,0.0,2.917,3.991,154 0 201 317 181 181 181 181
tryptophan,5,leucine,13,18,13,4,19.68,21.272,0.563,21.9,82.7,5.6568,0.0,2.917,1.617,152 0 154 49 186 184 198 195 186 184
tryptophan,5,serine,31,16,3,0,8.911,9.631,-0.939,116.1,17.3,5.9436,0.0,3.26,2.523,326 109
tryptophan,5,serine,31,16,3,1,8.911,9.631,-0.939,116.1,17.3,2.354,0.0,2.896,0.968,32 254 178 179
tryptophan,5,serine,31,16,3,2,8.911,9.631,-0.939,116.1,17.3,0.6072,0.0,3.324,3.114,291 133 174 176 314 202
tryptophan,5,serine,31,16,3,3,8.911,9.631,-0.939,116.1,17.3,0.0,0.0,3.324,4.424,288 183 152 201 256 247 336 159
tryptophan,5,serine,31,16,3,4,8.911,9.631,-0.939,116.1,17.3,0.0,0.0,2.287,2.951,326 350 44 8 336 118 135 264 248 147
tryptophan,5,serine,31,16,4,0,8.911,8.067,-0.939,103.7,88.9,4.3962,0.0,2.854,2.27,327 72
tryptophan,5,serine,31,16,4,1,8.911,8.067,-0.939,103.7,88.9,0.7797,0.0,3.299,1.106,313 87 177 178
tryptophan,5,serine,31,16,4,2,8.911,8.067,-0.939,103.7,88.9,0.0,0.0,2.349,1.657,319 352 243 43 289 318
tryptophan,5,serine,31,16,4,3,8.911,8.067,-0.939,103.7,88.9,0.0,0.0,2.85,3.355,309 310 286 295 31 333 86 43
tryptophan,5,serine,31,16,4,4,8.911,8.067,-0.939,103.7,88.9,0.0,0.0,2.225,2.614,327 2 59 12 333 90 114 295 256 140
tryptophan,5,serine,31,16,5,0,8.911,8.205,-0.939,113.2,83.8,4.4732,0.0,2.898,2.419,32 259
tryptophan,5,serine,31,16,5,1,8.911,8.205,-0.939,113.2,83.8,1.0719,0.0,3.265,0.303,324 101 182 182
tryptophan,5,serine,31,16,5,2,8.911,8.205,-0.939,113.2,83.8,0.0,0.0,2.355,0.393,340 24 273 13 322 58
tryptophan,5,serine,31,16,5,3,8.911,8.205,-0.939,113.2,83.8,0.0,0.0,2.466,0.806,93 286 179 217 301 78 5 104
tryptophan,5,serine,31,16,5,4,8.911,8.205,-0.939,113.2,83.8,0.0,0.0,2.523,0.973,349 132 18 2 307 154 58 246 333 279
tryptophan,5,serine,31,17,3,0,8.911,11.48,-0.939,42.1,8.4,9.3729,0.0,1.575,4.341,298 360
tryptophan,5,serine,31,17,3,1,8.911,11.48,-0.939,42.1,8.4,5.6819,0.0,1.592,1.445,297 360 157 67
tryptophan,5,serine,31,17,3,2,8.911,11.48,-0.939,42.1,8.4,2.0999,0.0,1.598,0.92,297 360 216 284 176 177
tryptophan,5,serine,31,17,3,3,8.911,11.48,-0.939,42.1,8.4,0.5875,0.0,2.399,0.904,278 359 140 109 172 175 318 201
tryptophan,5,serine,31,17,3,4,8.911,11.48,-0.939,42.1,8.4,0.0,0.0,3.078,2.566,240 14 236 242 208 196 99 156 347 224
tryptophan,5,serine,31,17,4,0,8.911,9.683,-0.939,39.6,96.4,7.8391,0.0,1.08,4.388,311 0
tryptophan,5,serine,31,17,4,1,8.911,9.683,-0.939,39.6,96.4,4.1344,0.0,1.052,1.996,312 359 197 319
tryptophan,5,serine,31,17,4,2,8.911,9.683,-0.939,39.6,96.4,0.5758,0.0,1.045,1.165,307 2 214 290 194 188
tryptophan,5,serine,31,17,4,3,8.911,9.683,-0.939,39.6,96.4,0.0,0.0,1.487,3.0,350 66 130 268 178 111 169 209
tryptophan,5,serine,31,17,4,4,8.911,9.683,-0.939,39.6,96.4,0.0,0.0,1.789,2.101,2 18 52 319 290 93 124 222 196 160
tryptophan,5,serine,31,17,5,0,8.911,9.785,-0.939,51.8,92.5,7.2013,0.0,1.486,4.336,300 0
tryptophan,5,serine,31,17,5,1,8.911,9.785,-0.939,51.8,92.5,3.5232,0.0,1.541,1.214,298 1 206 270
tryptophan,5,serine,31,17,5,2,8.911,9.785,-0.939,51.8,92.5,0.0,0.0,1.073,1.275,308 4 206 259 189 163
tryptophan,5,serine,31,17,5,3,8.911,9.785,-0.939,51.8,92.5,0.0,0.0,0.72,0.994,332 27 72 315 277 113 141 197
tryptophan,5,serine,31,17,5,4,8.911,9.785,-0.939,51.8,92.5,0.0,0.0,0.825,1.098,313 24 59 309 284 119 140 252 232 159
tryptophan,5,serine,31,18,3,0,8.911,11.237,-0.939,53.3,19.4,8.4979,0.0,2.479,4.577,61 0
tryptophan,5,serine,31,18,3,1,8.911,11.237,-0.939,53.3,19.4,4.8171,0.0,2.469,3.087,61 1 207 257
tryptophan,5,serine,31,18,3,2,8.911,11.237,-0.939,53.3,19.4,1.2336,0.0,2.463,2.737,60 2 220 255 192 188
tryptophan,5,serine,31,18,3,3,8.911,11.237,-0.939,53.3,19.4,0.1413,0.0,2.579,4.779,46 37 210 201 238 212 14 168
tryptophan,5,serine,31,18,3,4,8.911,11.237,-0.939,53.3,19.4,0.0,0.0,2.415,4.907,34 50 214 39 60 211 268 210 53 106
tryptophan,5,serine,31,18,4,0,8.911,9.371,-0.939,53.9,102.1,6.688,0.0,2.087,4.539,50 360
tryptophan,5,serine,31,18,4,1,8.911,9.371,-0.939,53.9,102.1,2.9681,0.0,2.112,2.796,51 360 153 91
tryptophan,5,serine,31,18,4,2,8.911,9.371,-0.939,53.9,102.1,0.0,0.0,1.728,2.331,15 40 205 300 166 200
tryptophan,5,serine,31,18,4,3,8.911,9.371,-0.939,53.9,102.1,0.0,0.0,1.758,3.016,344 342 275 59 112 236 214 190
tryptophan,5,serine,31,18,4,4,8.911,9.371,-0.939,53.9,102.1,0.0,0.0,1.093,4.105,18 352 314 36 64 258 231 120 142 200
tryptophan,5,serine,31,18,5,0,8.911,10.005,-0.939,41.7,78.2,7.9991,0.0,2.433,4.569,60 360
tryptophan,5,serine,31,18,5,1,8.911,10.005,-0.939,41.7,78.2,4.3851,0.0,2.345,2.364,57 1 160 47
tryptophan,5,serine,31,18,5,2,8.911,10.005,-0.939,41.7,78.2,0.8717,0.0,2.165,1.688,51 3 148 55 215 202
tryptophan,5,serine,31,18,5,3,8.911,10.005,-0.939,41.7,78.2,0.0,0.0,2.917,0.978,136 315 196 43 150 225 226 202
tryptophan,5,serine,31,18,5,4,8.911,10.005,-0.939,41.7,78.2,0.0,0.0,2.567,0.897,80 311 279 68 92 230 213 103 118 199
tryptophan,5,tyrosine,1,16,11,0,17.193,17.535,-0.363,108.6,48.8,13.7901,0.0,2.664,3.203,10 89
tryptophan,5,tyrosine,1,16,11,1,17.193,17.535,-0.363,108.6,48.8,10.2772,0.0,2.769,0.573,72 266 181 181
tryptophan,5,tyrosine,1,16,11,2,17.193,17.535,-0.363,108.6,48.8,6.604,0.0,2.838,0.664,359 92 184 182 184 183
tryptophan,5,tyrosine,1,16,11,3,17.193,17.535,-0.363,108.6,48.8,2.9643,0.0,2.183,0.573,72 266 181 181 191 189 181 181
tryptophan,5,tyrosine,1,16,11,4,17.193,17.535,-0.363,108.6,48.8,0.175,0.0,2.69,0.934,350 82 180 180 171 172 180 180 99 146
tryptophan,5,tyrosine,1,16,12,0,17.193,17.407,-0.363,115.9,54.7,13.666,0.0,2.978,2.891,61 251
tryptophan,5,tyrosine,1,16,12,1,17.193,17.407,-0.363,115.9,54.7,10.1547,0.0,3.031,1.104,358 106 182 181
tryptophan,5,tyrosine,1,16,12,2,17.193,17.407,-0.363,115.9,54.7,6.4819,0.0,3.037,1.087,72 253 185 183 185 185
tryptophan,5,tyrosine,1,16,12,3,17.193,17.407,-0.363,115.9,54.7,2.8421,0.0,2.962,0.501,359 106 183 182 196 193 183 182
tryptophan,5,tyrosine,1,16,12,4,17.193,17.407,-0.363,115.9,54.7,0.0487,0.0,3.158,0.534,79 239 180 180 181 181 180 180 98 146
tryptophan,5,tyrosine,1,16,13,0,17.193,15.434,-0.363,113.1,136.0,11.6959,0.0,2.92,3.178,8 101
tryptophan,5,tyrosine,1,16,13,1,17.193,15.434,-0.363,113.1,136.0,8.1832,0.0,2.922,0.898,72 259 179 180
tryptophan,5,tyrosine,1,16,13,2,17.193,15.434,-0.363,113.1,136.0,4.518,0.0,3.031,0.833,358 101 178 179 178 179
tryptophan,5,tyrosine,1,16,13,3,17.193,15.434,-0.363,113.1,136.0,0.882,0.0,2.559,0.879,72 259 178 179 172 173 178 179
tryptophan,5,tyrosine,1,16,13,4,17.193,15.434,-0.363,113.1,136.0,0.0,0.0,2.749,1.222,116 208 193 123 135 193 184 165 171 185
tryptophan,5,tyrosine,1,17,11,0,17.193,18.298,-0.363,79.5,50.9,14.6139,0.0,1.285,4.344,306 359
tryptophan,5,tyrosine,1,17,11,1,17.193,18.298,-0.363,79.5,50.9,11.0391,0.0,1.464,1.614,286 33 181 181
tryptophan,5,tyrosine,1,17,11,2,17.193,18.298,-0.363,79.5,50.9,7.3773,0.0,1.246,0.548,316 341 174 177 176 176
tryptophan,5,tyrosine,1,17,11,3,17.193,18.298,-0.363,79.5,50.9,3.7392,0.0,1.461,0.973,286 33 182 181 190 189 182 181
tryptophan,5,tyrosine,1,17,11,4,17.193,18.298,-0.363,79.5,50.9,0.4002,0.0,1.207,1.638,295 28 180 180 170 171 180 180 228 210
tryptophan,5,tyrosine,1,17,12,0,17.193,18.307,-0.363,80.8,50.5,14.6041,0.0,1.596,4.343,297 1
tryptophan,5,tyrosine,1,17,12,1,17.193,18.307,-0.363,80.8,50.5,11.0503,0.0,1.474,1.675,319 323 179 179
tryptophan,5,tyrosine,1,17,12,2,17.193,18.307,-0.363,80.8,50.5,7.3756,0.0,1.667,0.218,284 25 184 182 183 183
tryptophan,5,tyrosine,1,17,12,3,17.193,18.307,-0.363,80.8,50.5,3.7526,0.0,1.477,0.494,318 324 178 178 167 169 178 178
tryptophan,5,tyrosine,1,17,12,4,17.193,18.307,-0.363,80.8,50.5,0.409,0.0,1.715,0.801,314 320 180 180 185 185 180 180 131 150
tryptophan,5,tyrosine,1,17,13,0,17.193,16.375,-0.363,76.8,128.7,12.7477,0.0,1.462,4.335,301 0
tryptophan,5,tyrosine,1,17,13,1,17.193,16.375,-0.363,76.8,128.7,9.1194,0.0,1.377,1.51,314 337 180 180
tryptophan,5,tyrosine,1,17,13,2,17.193,16.375,-0.363,76.8,128.7,5.5406,0.0,1.511,0.762,295 9 192 189 188 186
tryptophan,5,tyrosine,1,17,13,3,17.193,16.375,-0.363,76.8,128.7,1.8278,0.0,1.372,0.278,315 336 181 180 185 184 181 180
tryptophan,5,tyrosine,1,17,13,4,17.193,16.375,-0.363,76.8,128.7,0.0,0.0,0.932,2.461,296 17 245 222 206 291 148 119 279 235
tryptophan,5,tyrosine,1,18,11,0,17.193,19.494,-0.363,21.8,53.3,18.4378,0.0,2.089,4.539,50 360
tryptophan,5,tyrosine,1,18,11,1,17.193,19.494,-0.363,21.8,53.3,14.6826,0.0,2.077,2.183,50 0 179 3
tryptophan,5,tyrosine,1,18,11,2,17.193,19.494,-0.363,21.8,53.3,11.1716,0.0,2.099,0.735,51 360 206 312 178 179
tryptophan,5,tyrosine,1,18,11,3,17.193,19.494,-0.363,21.8,53.3,7.4804,0.0,2.077,0.508,50 0 160 40 181 181 181 181
tryptophan,5,tyrosine,1,18,11,4,17.193,19.494,-0.363,21.8,53.3,3.88,0.0,2.117,0.729,51 360 206 313 176 177 164 167 176 177
tryptophan,5,tyrosine,1,18,12,0,17.193,19.548,-0.363,20.8,50.9,18.5527,0.0,2.772,4.659,70 0
tryptophan,5,tyrosine,1,18,12,1,17.193,19.548,-0.363,20.8,50.9,14.8045,0.0,2.786,2.59,70 360 181 357
tryptophan,5,tyrosine,1,18,12,2,17.193,19.548,-0.363,20.8,50.9,11.2842,0.0,2.765,0.591,70 0 155 46 181 181
tryptophan,5,tyrosine,1,18,12,3,17.193,19.548,-0.363,20.8,50.9,7.5982,0.0,2.791,0.444,70 360 199 323 178 179 178 179
tryptophan,5,tyrosine,1,18,12,4,17.193,19.548,-0.363,20.8,50.9,3.9917,0.0,2.751,0.595,69 0 155 45 183 182 194 192 183 182
tryptophan,5,tyrosine,1,18,13,0,17.193,17.488,-0.363,23.4,136.1,16.3673,0.0,2.463,4.574,61 0
tryptophan,5,tyrosine,1,18,13,1,17.193,17.488,-0.363,23.4,136.1,12.6179,0.0,2.464,2.304,61 360 180 359
tryptophan,5,tyrosine,1,18,13,2,17.193,17.488,-0.363,23.4,136.1,9.1186,0.0,2.447,0.829,60 0 154 49 181 181
tryptophan,5,tyrosine,1,18,13,3,17.193,17.488,-0.363,23.4,136.1,5.4421,0.0,2.446,0.758,60 0 201 318 182 181 182 182
tryptophan,5,tyrosine,1,18,13,4,17.193,17.488,-0.363,23.4,136.1,1.9307,0.0,2.332,0.864,57 1 156 44 192 187 200 196 193 189
tryptophan,5,phenylalanine,4,16,12,0,11.491,10.136,0.681,124.8,103.4,6.4204,0.0,2.943,2.903,54 228
tryptophan,5,phenylalanine,4,16,12,1,11.491,10.136,0.681,124.8,103.4,2.8627,0.0,3.082,0.378,354 121 180 180
tryptophan,5,phenylalanine,4,16,12,2,11.491,10.136,0.681,124.8,103.4,0.0,0.0,2.905,0.929,17 205 89 149 252 255
tryptophan,5,phenylalanine,4,16,12,3,11.491,10.136,0.681,124.8,103.4,0.0,0.0,2.643,0.943,126 214 224 86 87 229 198 145
tryptophan,5,phenylalanine,4,16,12,4,11.491,10.136,0.681,124.8,103.4,0.0,0.0,1.888,1.704,33 334 290 13 20 241 224 85 113 213
tryptophan,5,phenylalanine,4,16,13,0,11.491,10.072,0.681,127.4,105.9,6.3729,0.0,3.079,2.847,354 140
tryptophan,5,phenylalanine,4,16,13,1,11.491,10.072,0.681,127.4,105.9,2.8011,0.0,2.939,0.264,52 234 179 179
tryptophan,5,phenylalanine,4,16,13,2,11.491,10.072,0.681,127.4,105.9,0.0,0.0,2.357,0.784,330 157 94 159 113 119
tryptophan,5,phenylalanine,4,16,13,3,11.491,10.072,0.681,127.4,105.9,0.0,0.0,1.828,1.231,62 222 258 26 72 286 165 81
tryptophan,5,phenylalanine,4,16,13,4,11.491,10.072,0.681,127.4,105.9,0.0,0.0,2.408,3.188,297 50 336 202 230 329 260 306 16 234
tryptophan,5,phenylalanine,4,16,14,0,11.491,12.109,0.681,123.7,7.7,8.4114,0.0,2.939,2.731,45 232
tryptophan,5,phenylalanine,4,16,14,1,11.491,12.109,0.681,123.7,7.7,4.8927,0.0,3.176,0.808,346 120 182 181
tryptophan,5,phenylalanine,4,16,14,2,11.491,12.109,0.681,123.7,7.7,1.3671,0.0,2.539,0.779,350 136 183 182 216 206
tryptophan,5,phenylalanine,4,16,14,3,11.491,12.109,0.681,123.7,7.7,0.488,0.0,2.941,2.183,53 183 184 184 133 157 1 179
tryptophan,5,phenylalanine,4,16,14,4,11.491,12.109,0.681,123.7,7.7,0.0091,0.0,3.324,2.411,300 139 131 147 141 146 283 216 349 220
tryptophan,5,phenylalanine,4,17,12,0,11.491,11.497,0.681,70.6,108.3,8.0233,0.0,1.986,4.426,288 0
tryptophan,5,phenylalanine,4,17,12,1,11.491,11.497,0.681,70.6,108.3,4.4072,0.0,1.887,1.685,293 355 161 160
tryptophan,5,phenylalanine,4,17,12,2,11.491,11.497,0.681,70.6,108.3,0.7249,0.0,2.008,0.643,287 1 215 218 182 182
tryptophan,5,phenylalanine,4,17,12,3,11.491,11.497,0.681,70.6,108.3,0.0,0.0,3.078,1.41,225 123 132 249 236 158 175 195
tryptophan,5,phenylalanine,4,17,12,4,11.491,11.497,0.681,70.6,108.3,0.0,0.0,2.65,0.536,238 160 152 224 217 99 115 213 193 163
tryptophan,5,phenylalanine,4,17,13,0,11.491,11.79,0.681,58.5,96.7,8.7859,0.0,2.022,4.438,287 0
tryptophan,5,phenylalanine,4,17,13,1,11.491,11.79,0.681,58.5,96.7,5.0536,0.0,2.03,1.609,287 0 156 116
tryptophan,5,phenylalanine,4,17,13,2,11.491,11.79,0.681,58.5,96.7,1.4853,0.0,1.921,0.575,287 0 220 247 181 181
tryptophan,5,phenylalanine,4,17,13,3,11.491,11.79,0.681,58.5,96.7,0.0,0.0,0.974,0.348,322 30 86 323 280 152 171 181
tryptophan,5,phenylalanine,4,17,13,4,11.491,11.79,0.681,58.5,96.7,0.0,0.0,0.977,2.644,302 30 66 306 284 136 153 244 229 163
tryptophan,5,phenylalanine,4,17,14,0,11.491,13.584,0.681,65.3,6.5,10.2618,0.0,1.841,4.385,291 0
tryptophan,5,phenylalanine,4,17,14,1,11.491,13.584,0.681,65.3,6.5,6.5856,0.0,1.84,1.491,292 359 162 148
tryptophan,5,phenylalanine,4,17,14,2,11.491,13.584,0.681,65.3,6.5,3.0072,0.0,1.811,0.656,292 359 214 227 176 178
tryptophan,5,phenylalanine,4,17,14,3,11.491,13.584,0.681,65.3,6.5,0.8229,0.0,2.045,1.124,301 331 153 163 162 164 291 207
tryptophan,5,phenylalanine,4,17,14,4,11.491,13.584,0.681,65.3,6.5,0.0841,0.0,2.185,1.051,308 303 169 174 173 174 267 208 359 182
tryptophan,5,phenylalanine,4,18,12,0,11.491,12.396,0.681,29.0,99.5,11.0768,0.0,2.917,4.881,84 0
tryptophan,5,phenylalanine,4,18,12,1,11.491,12.396,0.681,29.0,99.5,7.3865,0.0,2.917,3.154,85 360 189 341
tryptophan,5,phenylalanine,4,18,12,2,11.491,12.396,0.681,29.0,99.5,3.7949,0.0,2.917,1.468,84 0 153 50 180 180
tryptophan,5,phenylalanine,4,18,12,3,11.491,12.396,0.681,29.0,99.5,0.0947,0.0,2.766,0.235,85 359 160 44 167 174 172 172
tryptophan,5,phenylalanine,4,18,12,4,11.491,12.396,0.681,29.0,99.5,0.0,0.0,2.767,1.619,86 308 273 67 94 214 197 142 149 187
tryptophan,5,phenylalanine,4,18,13,0,11.491,12.2,0.681,39.8,107.2,10.2056,0.0,2.917,4.763,77 0
tryptophan,5,phenylalanine,4,18,13,1,11.491,12.2,0.681,39.8,107.2,6.4844,0.0,2.917,2.983,77 0 201 300
tryptophan,5,phenylalanine,4,18,13,2,11.491,12.2,0.681,39.8,107.2,3.0048,0.0,2.917,1.873,75 1 146 70 192 187
tryptophan,5,phenylalanine,4,18,13,3,11.491,12.2,0.681,39.8,107.2,0.0,0.0,2.459,2.027,99 315 229 31 79 185 177 193
tryptophan,5,phenylalanine,4,18,13,4,11.491,12.2,0.681,39.8,107.2,0.0,0.0,2.8,2.285,87 309 273 66 89 214 200 127 135 191
tryptophan,5,phenylalanine,4,18,14,0,11.491,14.26,0.681,34.0,4.8,12.5468,0.0,2.917,4.722,75 0
tryptophan,5,phenylalanine,4,18,14,1,11.491,14.26,0.681,34.0,4.8,8.8217,0.0,2.917,2.793,75 0 197 313
tryptophan,5,phenylalanine,4,18,14,2,11.491,14.26,0.681,34.0,4.8,5.331,0.0,2.917,1.443,74 0 148 65 184 183
tryptophan,5,phenylalanine,4,18,14,3,11.491,14.26,0.681,34.0,4.8,1.5685,0.0,2.329,1.467,74 1 153 60 189 185 186 186
tryptophan,5,phenylalanine,4,18,14,4,11.491,14.26,0.681,34.0,4.8,0.3459,0.0,2.917,2.987,77 2 144 101 198 189 206 202 20 170
tyrosine,1,arginine,3,11,16,0,5.644,7.201,0.752,51.3,59.4,4.8951,0.0,3.167,7.42,269 359
tyrosine,1,arginine,3,11,16,1,5.644,7.201,0.752,51.3,59.4,1.0582,0.0,3.168,6.24,268 0 194 311
tyrosine,1,arginine,3,11,16,2,5.644,7.201,0.752,51.3,59.4,0.0,0.0,3.261,5.356,250 97 69 308 276 116
tyrosine,1,arginine,3,11,16,3,5.644,7.201,0.752,51.3,59.4,0.0,0.0,2.236,5.178,307 31 47 315 300 74 110 240
tyrosine,1,arginine,3,11,16,4,5.644,7.201,0.752,51.3,59.4,0.0,0.0,3.261,4.823,146 268 260 12 202 3 208 179 256 188
tyrosine,1,arginine,3,11,17,0,5.644,5.07,0.752,51.4,164.4,3.2184,0.0,2.773,7.223,283 0
tyrosine,1,arginine,3,11,17,1,5.644,5.07,0.752,51.4,164.4,1.0636,0.0,3.08,6.168,280 325 241 350
tyrosine,1,arginine,3,11,17,2,5.644,5.07,0.752,51.4,164.4,0.0,0.0,2.222,5.43,302 79 70 119 36 18
tyrosine,1,arginine,3,11,17,3,5.644,5.07,0.752,51.4,164.4,0.0,0.0,2.015,5.552,15 36 52 294 269 71 120 227
tyrosine,1,arginine,3,11,17,4,5.644,5.07,0.752,51.4,164.4,0.0,0.0,1.083,2.92,12 256 318 274 270 66 84 285 231 130
tyrosine,1,arginine,3,11,18,0,5.644,6.909,0.752,35.3,70.4,5.6692,0.0,2.709,7.191,286 0
tyrosine,1,arginine,3,11,18,1,5.644,6.909,0.752,35.3,70.4,2.2178,0.0,2.624,5.638,290 359 185 355
tyrosine,1,arginine,3,11,18,2,5.644,6.909,0.752,35.3,70.4,0.3513,0.0,0.865,3.175,336 15 149 16 109 81
tyrosine,1,arginine,3,11,18,3,5.644,6.909,0.752,35.3,70.4,0.0,0.0,0.865,2.651,18 30 92 321 256 33 72 189
tyrosine,1,arginine,3,11,18,4,5.644,6.909,0.752,35.3,70.4,0.0,0.0,1.667,2.655,28 19 65 320 291 68 96 242 214 152
tyrosine,1,arginine,3,12,16,0,5.644,7.324,0.752,45.9,60.5,5.3526,0.0,2.888,5.213,94 1
tyrosine,1,arginine,3,12,16,1,5.644,7.324,0.752,45.9,60.5,1.4971,0.0,2.888,4.831,95 360 187 341
tyrosine,1,arginine,3,12,16,2,5.644,7.324,0.752,45.9,60.5,0.0,0.0,2.888,4.473,103 279 278 56 87 235
tyrosine,1,arginine,3,12,16,3,5.644,7.324,0.752,45.9,60.5,0.0,0.0,2.257,2.519,42 335 300 50 80 274 243 147
tyrosine,1,arginine,3,12,16,4,5.644,7.324,0.752,45.9,60.5,0.0,0.0,2.888,5.366,242 80 48 54 151 301 169 159 129 174
tyrosine,1,arginine,3,12,17,0,5.644,5.492,0.752,32.7,137.8,4.7547,0.0,2.888,4.802,83 0
tyrosine,1,arginine,3,12,17,1,5.644,5.492,0.752,32.7,137.8,2.1568,0.0,2.888,4.227,85 358 184 358
tyrosine,1,arginine,3,12,17,2,5.644,5.492,0.752,32.7,137.8,0.0,0.0,2.888,5.897,128 46 125 342 168 10
tyrosine,1,arginine,3,12,17,3,5.644,5.492,0.752,32.7,137.8,0.0,0.0,0.622,3.65,320 299 290 22 135 351 227 166
tyrosine,1,arginine,3,12,17,4,5.644,5.492,0.752,32.7,137.8,0.0,0.0,0.804,1.324,341 133 77 47 66 305 309 80 98 211
tyrosine,1,arginine,3,12,18,0,5.644,6.528,0.752,52.6,90.0,4.2615,0.0,2.888,4.414,71 360
tyrosine,1,arginine,3,12,18,1,5.644,6.528,0.752,52.6,90.0,0.4038,0.0,2.888,2.765,72 360 165 39
tyrosine,1,arginine,3,12,18,2,5.644,6.528,0.752,52.6,90.0,0.0,0.0,2.446,1.503,45 275 254 43 222 301
tyrosine,1,arginine,3,12,18,3,5.644,6.528,0.752,52.6,90.0,0.0,0.0,2.876,3.296,40 230 6 90 95 303 124 26
tyrosine,1,arginine,3,12,18,4,5.644,6.528,0.752,52.6,90.0,0.0,0.0,2.007,2.556,26 356 321 56 78 261 241 86 113 209
tyrosine,1,arginine,3,13,16,0,5.644,5.081,0.752,142.0,64.5,1.7472,0.0,2.17,5.512,21 188
tyrosine,1,arginine,3,13,16,1,5.644,5.081,0.752,142.0,64.5,0.7968,0.0,2.442,5.539,47 110 312 340
tyrosine,1,arginine,3,13,16,2,5.644,5.081,0.752,142.0,64.5,0.0,0.0,2.836,5.352,106 120 262 49 156 352
tyrosine,1,arginine,3,13,16,3,5.644,5.081,0.752,142.0,64.5,0.0,0.0,2.836,3.976,293 341 15 132 56 322 136 3
tyrosine,1,arginine,3,13,16,4,5.644,5.081,0.752,142.0,64.5,0.0,0.0,2.663,2.79,298 30 21 24 20 309 288 53 126 256
tyrosine,1,arginine,3,13,17,0,5.644,3.327,0.752,119.1,142.3,0.4794,0.0,2.323,5.075,38 242
tyrosine,1,arginine,3,13,17,1,5.644,3.327,0.752,119.1,142.3,1.3457,0.0,2.499,5.629,51 72 358 359
tyrosine,1,arginine,3,13,17,2,5.644,3.327,0.752,119.1,142.3,0.6251,0.0,2.836,5.966,103 70 354 328 226 357
tyrosine,1,arginine,3,13,17,3,5.644,3.327,0.752,119.1,142.3,0.0,0.0,2.57,5.586,87 57 53 138 324 58 163 343
tyrosine,1,arginine,3,13,17,4,5.644,3.327,0.752,119.1,142.3,0.0,0.0,2.836,4.743,263 35 17 64 65 306 271 21 104 256
tyrosine,1,arginine,3,13,18,0,5.644,4.857,0.752,117.7,72.5,1.0866,0.0,2.154,4.311,5 248
tyrosine,1,arginine,3,13,18,1,5.644,4.857,0.752,117.7,72.5,0.0,0.0,2.836,2.815,310 328 344 332
tyrosine,1,arginine,3,13,18,2,5.644,4.857,0.752,117.7,72.5,0.0,0.0,2.836,3.589,252 221 52 40 156 325
tyrosine,1,arginine,3,13,18,3,5.644,4.857,0.752,117.7,72.5,0.0,0.0,2.836,2.976,247 211 101 93 3 57 193 347
tyrosine,1,arginine,3,13,18,4,5.644,4.857,0.752,117.7,72.5,0.0,0.0,2.836,3.398,146 305 18 299 230 83 115 312 304 151
tyrosine,1,lysine,5,11,13,0,15.66,15.919,-0.013,48.8,119.1,13.2958,0.0,3.08,7.376,272 360
tyrosine,1,lysine,5,11,13,1,15.66,15.919,-0.013,48.8,119.1,9.5754,0.0,3.07,6.317,272 360 155 100
tyrosine,1,lysine,5,11,13,2,15.66,15.919,-0.013,48.8,119.1,6.0642,0.0,3.064,2.958,273 360 218 261 176 178
tyrosine,1,lysine,5,11,13,3,15.66,15.919,-0.013,48.8,119.1,2.3996,0.0,3.047,0.66,273 359 144 100 172 175 171 172
tyrosine,1,lysine,5,11,13,4,15.66,15.919,-0.013,48.8,119.1,0.0,0.0,2.638,0.635,289 352 162 326 292 160 142 132 136 157
tyrosine,1,lysine,5,11,14,0,15.66,17.912,-0.013,44.2,37.1,15.5008,0.0,3.154,7.413,269 360
tyrosine,1,lysine,5,11,14,1,15.66,17.912,-0.013,44.2,37.1,11.7598,0.0,3.155,6.269,269 360 156 89
tyrosine,1,lysine,5,11,14,2,15.66,17.912,-0.013,44.2,37.1,8.246,0.0,3.154,2.963,269 360 218 266 179 180
tyrosine,1,lysine,5,11,14,3,15.66,17.912,-0.013,44.2,37.1,4.5585,0.0,3.159,0.34,269 360 145 93 180 180 180 180
tyrosine,1,lysine,5,11,14,4,15.66,17.912,-0.013,44.2,37.1,0.9321,0.0,2.735,0.648,268 360 141 94 180 180 179 179 180 180
tyrosine,1,lysine,5,11,15,0,15.66,17.355,-0.013,45.3,63.0,14.891,0.0,2.859,7.265,280 0
tyrosine,1,lysine,5,11,15,1,15.66,17.355,-0.013,45.3,63.0,11.1471,0.0,2.859,6.157,280 0 204 268
tyrosine,1,lysine,5,11,15,2,15.66,17.355,-0.013,45.3,63.0,7.6317,0.0,2.862,2.941,280 0 141 95 181 181
tyrosine,1,lysine,5,11,15,3,15.66,17.355,-0.013,45.3,63.0,3.9329,0.0,2.861,0.595,280 0 215 266 181 181 181 181
tyrosine,1,lysine,5,11,15,4,15.66,17.355,-0.013,45.3,63.0,0.3149,0.0,2.001,0.724,281 0 219 264 180 180 185 184 181 180
tyrosine,1,lysine,5,12,13,0,15.66,15.748,-0.013,56.4,111.6,12.7626,0.0,2.888,4.894,86 360
tyrosine,1,lysine,5,12,13,1,15.66,15.748,-0.013,56.4,111.6,9.0226,0.0,2.888,4.094,86 360 203 238
tyrosine,1,lysine,5,12,13,2,15.66,15.748,-0.013,56.4,111.6,5.5079,0.0,2.888,1.447,86 360 141 116 177 178
tyrosine,1,lysine,5,12,13,3,15.66,15.748,-0.013,56.4,111.6,1.7863,0.0,2.337,0.335,86 360 214 244 176 178 177 177
tyrosine,1,lysine,5,12,13,4,15.66,15.748,-0.013,56.4,111.6,0.0,0.0,2.48,0.482,122 304 242 7 37 164 122 168 166 169
tyrosine,1,lysine,5,12,14,0,15.66,17.507,-0.013,62.2,40.4,14.2572,0.0,2.888,4.845,84 360
tyrosine,1,lysine,5,12,14,1,15.66,17.507,-0.013,62.2,40.4,10.5318,0.0,2.888,4.136,84 1 197 213
tyrosine,1,lysine,5,12,14,2,15.66,17.507,-0.013,62.2,40.4,6.9963,0.0,2.888,1.655,84 0 144 130 181 181
tyrosine,1,lysine,5,12,14,3,15.66,17.507,-0.013,62.2,40.4,3.3118,0.0,2.094,1.236,83 1 212 226 188 184 187 186
tyrosine,1,lysine,5,12,14,4,15.66,17.507,-0.013,62.2,40.4,0.3281,0.0,2.888,2.547,89 1 201 206 186 184 184 184 253 208
tyrosine,1,lysine,5,12,15,0,15.66,17.094,-0.013,57.2,59.5,14.0548,0.0,2.888,4.596,77 0
tyrosine,1,lysine,5,12,15,1,15.66,17.094,-0.013,57.2,59.5,10.3094,0.0,2.888,3.028,77 0 158 128
tyrosine,1,lysine,5,12,15,2,15.66,17.094,-0.013,57.2,59.5,6.7937,0.0,2.888,1.449,77 0 219 241 182 181
tyrosine,1,lysine,5,12,15,3,15.66,17.094,-0.013,57.2,59.5,3.0776,0.0,1.83,0.635,77 0 147 120 181 181 181 181
tyrosine,1,lysine,5,12,15,4,15.66,17.094,-0.013,57.2,59.5,0.1364,0.0,1.171,0.586,70 357 144 114 153 166 164 165 249 209
tyrosine,1,lysine,5,13,13,0,15.66,13.735,-0.013,141.0,117.2,10.0743,0.0,2.215,4.988,354 183
tyrosine,1,lysine,5,13,13,1,15.66,13.735,-0.013,141.0,117.2,6.4805,0.0,2.576,2.511,327 153 180 180
tyrosine,1,lysine,5,13,13,2,15.66,13.735,-0.013,141.0,117.2,2.8528,0.0,2.145,0.498,9 199 194 189 191 189
tyrosine,1,lysine,5,13,13,3,15.66,13.735,-0.013,141.0,117.2,0.0,0.0,2.476,0.638,294 165 183 232 221 186 194 182
tyrosine,1,lysine,5,13,13,4,15.66,13.735,-0.013,141.0,117.2,0.0,0.0,1.317,0.469,6 39 23 342 10 112 187 38 332 156
tyrosine,1,lysine,5,13,14,0,15.66,15.639,-0.013,140.6,39.9,11.9612,0.0,2.365,4.83,341 179
tyrosine,1,lysine,5,13,14,1,15.66,15.639,-0.013,140.6,39.9,8.3825,0.0,2.148,2.504,7 207 180 180
tyrosine,1,lysine,5,13,14,2,15.66,15.639,-0.013,140.6,39.9,4.7493,0.0,2.631,0.221,324 161 169 173 171 173
tyrosine,1,lysine,5,13,14,3,15.66,15.639,-0.013,140.6,39.9,1.0874,0.0,2.213,0.459,317 156 170 174 159 164 171 174
tyrosine,1,lysine,5,13,14,4,15.66,15.639,-0.013,140.6,39.9,0.0,0.0,2.836,3.187,305 162 189 157 193 185 151 228 259 200
tyrosine,1,lysine,5,13,15,0,15.66,15.23,-0.013,133.2,58.9,11.4867,0.0,2.204,5.01,356 191
tyrosine,1,lysine,5,13,15,1,15.66,15.23,-0.013,133.2,58.9,7.9876,0.0,2.771,2.049,316 137 177 178
tyrosine,1,lysine,5,13,15,2,15.66,15.23,-0.013,133.2,58.9,4.2775,0.0,2.153,0.678,17 219 178 179 178 178
tyrosine,1,lysine,5,13,15,3,15.66,15.23,-0.013,133.2,58.9,0.652,0.0,1.525,0.551,25 224 180 180 182 182 180 180
tyrosine,1,lysine,5,13,15,4,15.66,15.23,-0.013,133.2,58.9,0.0,0.0,1.8,0.7,294 123 132 30 317 217 195 137 159 116
tyrosine,1,aspartic,21,11,3,0,11.385,12.276,0.253,81.4,62.3,8.577,0.0,2.986,7.329,274 2
tyrosine,1,aspartic,21,11,3,1,11.385,12.276,0.253,81.4,62.3,5.0594,0.0,3.033,7.445,297 323 172 175
tyrosine,1,aspartic,21,11,3,2,11.385,12.276,0.253,81.4,62.3,1.296,0.0,3.019,5.579,288 337 172 176 176 176
tyrosine,1,aspartic,21,11,3,3,11.385,12.276,0.253,81.4,62.3,0.0,0.0,3.261,6.27,225 133 144 218 207 149 160 189
tyrosine,1,aspartic,21,11,3,4,11.385,12.276,0.253,81.4,62.3,0.0,0.0,3.261,7.018,204 156 153 218 215 137 146 213 201 168
tyrosine,1,aspartic,21,11,4,0,11.385,11.935,0.253,78.8,75.5,8.2786,0.0,2.67,7.172,289 358
tyrosine,1,aspartic,21,11,4,1,11.385,11.935,0.253,78.8,75.5,4.698,0.0,2.889,7.067,269 29 187 184
tyrosine,1,aspartic,21,11,4,2,11.385,11.935,0.253,78.8,75.5,0.9531,0.0,2.692,5.257,284 5 188 185 183 182
tyrosine,1,aspartic,21,11,4,3,11.385,11.935,0.253,78.8,75.5,0.0,0.0,3.261,7.08,263 128 140 203 190 125 132 186
tyrosine,1,aspartic,21,11,4,4,11.385,11.935,0.253,78.8,75.5,0.0,0.0,3.261,6.987,221 158 155 218 214 128 138 213 201 168
tyrosine,1,aspartic,21,11,5,0,11.385,10.146,0.253,75.5,167.6,6.5916,0.0,2.898,7.285,278 0
tyrosine,1,aspartic,21,11,5,1,11.385,10.146,0.253,75.5,167.6,2.9687,0.0,2.871,6.885,284 352 177 178
tyrosine,1,aspartic,21,11,5,2,11.385,10.146,0.253,75.5,167.6,0.1537,0.0,3.167,5.879,261 62 163 171 271 216
tyrosine,1,aspartic,21,11,5,3,11.385,10.146,0.253,75.5,167.6,0.0,0.0,3.261,6.01,218 142 143 225 217 125 140 197
tyrosine,1,aspartic,21,11,5,4,11.385,10.146,0.253,75.5,167.6,0.0,0.0,3.261,6.331,189 159 148 231 231 124 138 216 196 162
tyrosine,1,aspartic,21,12,3,0,11.385,13.464,0.253,28.6,57.6,12.1269,0.0,2.888,6.041,115 0
tyrosine,1,aspartic,21,12,3,1,11.385,13.464,0.253,28.6,57.6,8.3867,0.0,2.888,6.07,116 360 187 343
tyrosine,1,aspartic,21,12,3,2,11.385,13.464,0.253,28.6,57.6,4.8595,0.0,2.888,4.97,114 0 152 52 184 183
tyrosine,1,aspartic,21,12,3,3,11.385,13.464,0.253,28.6,57.6,1.1235,0.0,2.888,5.158,115 360 159 44 178 179 178 178
tyrosine,1,aspartic,21,12,3,4,11.385,13.464,0.253,28.6,57.6,0.0,0.0,2.888,5.212,115 302 263 71 100 198 189 150 145 176
tyrosine,1,aspartic,21,12,4,0,11.385,13.129,0.253,22.9,70.9,12.1829,0.0,2.888,5.211,94 360
tyrosine,1,aspartic,21,12,4,1,11.385,13.129,0.253,22.9,70.9,8.519,0.0,2.888,4.772,93 0 177 4
tyrosine,1,aspartic,21,12,4,2,11.385,13.129,0.253,22.9,70.9,4.9013,0.0,2.888,4.319,94 360 200 325 179 180
tyrosine,1,aspartic,21,12,4,3,11.385,13.129,0.253,22.9,70.9,1.1814,0.0,2.888,4.156,93 0 170 18 184 182 183 182
tyrosine,1,aspartic,21,12,4,4,11.385,13.129,0.253,22.9,70.9,0.0,0.0,2.021,1.432,38 316 214 79 172 222 186 158 175 199
tyrosine,1,aspartic,21,12,5,0,11.385,11.194,0.253,28.4,171.8,9.9819,0.0,2.888,5.632,105 0
tyrosine,1,aspartic,21,12,5,1,11.385,11.194,0.253,28.4,171.8,6.3198,0.0,2.888,5.64,105 360 182 356
tyrosine,1,aspartic,21,12,5,2,11.385,11.194,0.253,28.4,171.8,2.7673,0.0,2.888,4.4,104 360 158 41 179 179
tyrosine,1,aspartic,21,12,5,3,11.385,11.194,0.253,28.4,171.8,0.0,0.0,2.762,3.016,97 351 156 75 197 200 258 234
tyrosine,1,aspartic,21,12,5,4,11.385,11.194,0.253,28.4,171.8,0.0,0.0,2.473,2.586,51 325 279 72 96 221 209 149 150 183
tyrosine,1,aspartic,21,13,3,0,11.385,11.016,0.253,134.8,58.9,7.32,0.0,2.7,6.109,62 197
tyrosine,1,aspartic,21,13,3,1,11.385,11.016,0.253,134.8,58.9,3.7411,0.0,2.158,5.402,18 140 179 180
tyrosine,1,aspartic,21,13,3,2,11.385,11.016,0.253,134.8,58.9,0.3658,0.0,2.276,5.773,34 124 219 196 132 137
tyrosine,1,aspartic,21,13,3,3,11.385,11.016,0.253,134.8,58.9,0.0,0.0,2.836,6.109,142 185 194 130 131 221 202 159
tyrosine,1,aspartic,21,13,3,4,11.385,11.016,0.253,134.8,58.9,0.0,0.0,2.604,5.216,169 173 181 138 132 220 214 137 150 196
tyrosine,1,aspartic,21,13,4,0,11.385,10.813,0.253,123.9,66.9,7.0945,0.0,2.166,5.492,20 128
tyrosine,1,aspartic,21,13,4,1,11.385,10.813,0.253,123.9,66.9,3.5928,0.0,2.836,5.948,79 238 191 187
tyrosine,1,aspartic,21,13,4,2,11.385,10.813,0.253,123.9,66.9,0.1444,0.0,2.836,5.489,80 253 193 188 230 211
tyrosine,1,aspartic,21,13,4,3,11.385,10.813,0.253,123.9,66.9,0.0,0.0,2.836,6.061,119 241 214 69 65 221 228 168
tyrosine,1,aspartic,21,13,4,4,11.385,10.813,0.253,123.9,66.9,0.0,0.0,2.836,6.109,150 209 209 120 115 207 202 109 118 197
tyrosine,1,aspartic,21,13,5,0,11.385,8.784,0.253,132.1,174.9,5.1431,0.0,2.635,6.109,59 208
tyrosine,1,aspartic,21,13,5,1,11.385,8.784,0.253,132.1,174.9,1.6796,0.0,2.144,4.979,11 136 180 180
tyrosine,1,aspartic,21,13,5,2,11.385,8.784,0.253,132.1,174.9,0.0,0.0,2.256,2.901,350 184 138 168 323 230
tyrosine,1,aspartic,21,13,5,3,11.385,8.784,0.253,132.1,174.9,0.0,0.0,2.836,6.109,154 180 199 122 119 242 216 150
tyrosine,1,aspartic,21,13,5,4,11.385,8.784,0.253,132.1,174.9,0.0,0.0,2.836,4.555,90 260 249 49 53 281 235 42 99 206
tyrosine,1,glutamic,22,11,4,0,7.575,9.702,0.992,35.4,54.4,8.1605,0.0,3.261,7.609,229 0
tyrosine,1,glutamic,22,11,4,1,7.575,9.702,0.992,35.4,54.4,4.3822,0.0,3.261,7.406,229 0 185 347
tyrosine,1,glutamic,22,11,4,2,7.575,9.702,0.992,35.4,54.4,0.8418,0.0,3.261,5.879,227 1 151 51 189 186
tyrosine,1,glutamic,22,11,4,3,7.575,9.702,0.992,35.4,54.4,0.0,0.0,3.165,4.369,264 69 107 255 228 140 150 185
tyrosine,1,glutamic,22,11,4,4,7.575,9.702,0.992,35.4,54.4,0.0,0.0,2.188,3.822,310 26 67 296 264 120 139 212 203 173
tyrosine,1,glutamic,22,11,5,0,7.575,7.453,0.992,29.7,158.9,6.5289,0.0,3.261,7.609,220 360
tyrosine,1,glutamic,22,11,5,1,7.575,7.453,0.992,29.7,158.9,3.1172,0.0,3.261,7.581,219 0 179 1
tyrosine,1,glutamic,22,11,5,2,7.575,7.453,0.992,29.7,158.9,0.0,0.0,3.251,5.095,259 1 165 2 142 113
tyrosine,1,glutamic,22,11,5,3,7.575,7.453,0.992,29.7,158.9,0.0,0.0,2.64,5.073,288 55 94 272 242 116 133 193
tyrosine,1,glutamic,22,11,5,4,7.575,7.453,0.992,29.7,158.9,0.0,0.0,2.456,3.915,328 42 48 305 282 73 122 232 175 140
tyrosine,1,glutamic,22,11,6,0,7.575,9.677,0.992,24.9,55.4,8.8261,0.0,3.261,7.609,209 360
tyrosine,1,glutamic,22,11,6,1,7.575,9.677,0.992,24.9,55.4,5.2085,0.0,3.261,7.609,207 0 178 2
tyrosine,1,glutamic,22,11,6,2,7.575,9.677,0.992,24.9,55.4,1.4985,0.0,3.261,6.588,206 0 195 334 185 183
tyrosine,1,glutamic,22,11,6,3,7.575,9.677,0.992,24.9,55.4,0.0,0.0,3.261,6.28,162 69 135 280 222 137 141 177
tyrosine,1,glutamic,22,11,6,4,7.575,9.677,0.992,24.9,55.4,0.0,0.0,1.574,1.079,32 359 186 21 121 99 166 205 225 203
tyrosine,1,glutamic,22,12,4,0,7.575,8.577,0.992,82.0,42.9,4.9446,0.0,2.888,5.409,105 348
tyrosine,1,glutamic,22,12,4,1,7.575,8.577,0.992,82.0,42.9,1.293,0.0,2.888,5.439,122 319 175 177
tyrosine,1,glutamic,22,12,4,2,7.575,8.577,0.992,82.0,42.9,0.0008,0.0,2.888,5.334,144 354 122 140 353 185
tyrosine,1,glutamic,22,12,4,3,7.575,8.577,0.992,82.0,42.9,0.0,0.0,2.888,5.346,188 227 229 107 105 231 228 165
tyrosine,1,glutamic,22,12,4,4,7.575,8.577,0.992,82.0,42.9,0.0,0.0,2.888,5.924,185 199 212 143 139 225 219 112 125 199
tyrosine,1,glutamic,22,12,5,0,7.575,6.109,0.992,85.2,155.6,2.5549,0.0,2.888,5.307,108 335
tyrosine,1,glutamic,22,12,5,1,7.575,6.109,0.992,85.2,155.6,0.0155,0.0,2.42,4.106,86 279 329 251
tyrosine,1,glutamic,22,12,5,2,7.575,6.109,0.992,85.2,155.6,0.0,0.0,2.888,5.802,113 141 326 228 29 350
tyrosine,1,glutamic,22,12,5,3,7.575,6.109,0.992,85.2,155.6,0.0,0.0,2.888,6.225,198 211 235 107 94 264 243 143
tyrosine,1,glutamic,22,12,5,4,7.575,6.109,0.992,85.2,155.6,0.0,0.0,2.888,5.092,170 273 275 78 73 261 251 68 103 224
tyrosine,1,glutamic,22,12,6,0,7.575,7.998,0.992,96.6,66.8,4.2744,0.0,2.888,5.273,69 59
tyrosine,1,glutamic,22,12,6,1,7.575,7.998,0.992,96.6,66.8,0.7093,0.0,2.483,4.38,54 73 180 180
tyrosine,1,glutamic,22,12,6,2,7.575,7.998,0.992,96.6,66.8,0.0,0.0,2.888,6.225,156 207 231 102 115 213
tyrosine,1,glutamic,22,12,6,3,7.575,7.998,0.992,96.6,66.8,0.0,0.0,2.888,6.225,176 187 221 128 123 253 228 151
tyrosine,1,glutamic,22,12,6,4,7.575,7.998,0.992,96.6,66.8,0.0,0.0,2.888,6.225,197 196 216 135 127 225 215 107 127 202
tyrosine,1,glutamic,22,13,4,0,7.575,7.25,0.992,141.5,54.9,3.7967,0.0,2.836,5.407,274 168
tyrosine,1,glutamic,22,13,4,1,7.575,7.25,0.992,141.5,54.9,0.693,0.0,2.836,5.885,248 179 110 104
tyrosine,1,glutamic,22,13,4,2,7.575,7.25,0.992,141.5,54.9,0.0,0.0,2.836,5.203,186 198 130 350 148 121
tyrosine,1,glutamic,22,13,4,3,7.575,7.25,0.992,141.5,54.9,0.0,0.0,2.836,5.819,174 213 138 219 260 102 151 237
tyrosine,1,glutamic,22,13,4,4,7.575,7.25,0.992,141.5,54.9,0.0,0.0,2.688,3.43,152 220 186 226 252 106 118 241 207 150
tyrosine,1,glutamic,22,13,5,0,7.575,5.066,0.992,130.6,155.9,1.538,0.0,2.836,5.308,261 144
tyrosine,1,glutamic,22,13,5,1,7.575,5.066,0.992,130.6,155.9,0.0797,0.0,2.113,2.762,308 74 355 307
tyrosine,1,glutamic,22,13,5,2,7.575,5.066,0.992,130.6,155.9,0.0,0.0,1.025,3.734,5 355 14 3 234 343
tyrosine,1,glutamic,22,13,5,3,7.575,5.066,0.992,130.6,155.9,0.0,0.0,2.836,6.109,156 203 87 284 307 24 122 270
tyrosine,1,glutamic,22,13,5,4,7.575,5.066,0.992,130.6,155.9,0.0,0.0,2.836,5.073,179 120 124 255 303 104 79 311 269 108
tyrosine,1,glutamic,22,13,6,0,7.575,7.384,0.992,122.8,49.4,3.6453,0.0,2.836,4.988,259 124
tyrosine,1,glutamic,22,13,6,1,7.575,7.384,0.992,122.8,49.4,0.4588,0.0,2.836,4.931,248 72 256 195
tyrosine,1,glutamic,22,13,6,2,7.575,7.384,0.992,122.8,49.4,0.0,0.0,2.836,6.109,241 242 14 200 24 97
tyrosine,1,glutamic,22,13,6,3,7.575,7.384,0.992,122.8,49.4,0.0,0.0,2.836,6.109,180 167 113 242 291 118 137 245
tyrosine,1,glutamic,22,13,6,4,7.575,7.384,0.992,122.8,49.4,0.0,0.0,2.836,6.109,162 184 163 219 232 132 136 261 245 156
tyrosine,1,isoleucine,3,11,4,0,12.901,14.646,-0.633,29.1,73.2,13.2405,0.0,2.421,7.049,298 360
tyrosine,1,isoleucine,3,11,4,1,12.901,14.646,-0.633,29.1,73.2,9.4843,0.0,2.425,5.565,298 0 172 21
tyrosine,1,isoleucine,3,11,4,2,12.901,14.646,-0.633,29.1,73.2,5.9965,0.0,2.4,1.98,300 359 209 305 174 176
tyrosine,1,isoleucine,3,11,4,3,12.901,14.646,-0.633,29.1,73.2,2.243,0.0,2.418,0.645,299 360 156 50 179 179 179 179
tyrosine,1,isoleucine,3,11,4,4,12.901,14.646,-0.633,29.1,73.2,0.0,0.0,2.562,0.473,276 309 259 44 90 169 204 187 178 186
tyrosine,1,isoleucine,3,11,5,0,12.901,15.215,-0.633,19.9,50.0,14.385,0.0,2.349,7.013,302 360
tyrosine,1,isoleucine,3,11,5,1,12.901,15.215,-0.633,19.9,50.0,10.7075,0.0,2.302,5.504,301 0 179 1
tyrosine,1,isoleucine,3,11,5,2,12.901,15.215,-0.633,19.9,50.0,7.115,0.0,2.354,1.937,302 0 199 327 180 180
tyrosine,1,isoleucine,3,11,5,3,12.901,15.215,-0.633,19.9,50.0,3.4921,0.0,2.325,0.991,298 1 167 23 195 189 191 190
tyrosine,1,isoleucine,3,11,5,4,12.901,15.215,-0.633,19.9,50.0,0.5121,0.0,0.195,1.876,274 359 183 357 203 209 170 175 248 217
tyrosine,1,isoleucine,3,11,6,0,12.901,14.79,-0.633,26.6,67.7,13.5362,0.0,2.109,6.878,318 0
tyrosine,1,isoleucine,3,11,6,1,12.901,14.79,-0.633,26.6,67.7,9.7862,0.0,1.635,5.204,319 360 185 349
tyrosine,1,isoleucine,3,11,6,2,12.901,14.79,-0.633,26.6,67.7,6.2768,0.0,2.067,1.913,317 0 153 50 184 183
tyrosine,1,isoleucine,3,11,6,3,12.901,14.79,-0.633,26.6,67.7,2.5402,0.0,1.747,0.624,318 360 201 317 179 179 179 179
tyrosine,1,isoleucine,3,11,6,4,12.901,14.79,-0.633,26.6,67.7,0.0,0.0,1.893,0.835,313 66 131 283 243 169 182 165 165 182
tyrosine,1,isoleucine,3,12,4,0,12.901,13.797,-0.633,69.1,65.7,10.3632,0.0,2.888,4.178,61 360
tyrosine,1,isoleucine,3,12,4,1,12.901,13.797,-0.633,69.1,65.7,6.6108,0.0,2.888,1.956,60 1 185 187
tyrosine,1,isoleucine,3,12,4,2,12.901,13.797,-0.633,69.1,65.7,3.0802,0.0,2.359,1.096,63 358 147 144 172 175
tyrosine,1,isoleucine,3,12,4,3,12.901,13.797,-0.633,69.1,65.7,0.0941,0.0,1.57,0.872,64 6 141 103 216 198 97 138
tyrosine,1,isoleucine,3,12,4,4,12.901,13.797,-0.633,69.1,65.7,0.0,0.0,2.177,1.323,49 323 285 43 67 216 191 125 139 193
tyrosine,1,isoleucine,3,12,5,0,12.901,13.993,-0.633,79.1,57.9,10.3142,0.0,2.888,4.139,59 360
tyrosine,1,isoleucine,3,12,5,1,12.901,13.993,-0.633,79.1,57.9,6.787,0.0,2.879,1.759,40 30 186 184
tyrosine,1,isoleucine,3,12,5,2,12.901,13.993,-0.633,79.1,57.9,3.0192,0.0,1.938,1.25,65 347 179 180 179 180
tyrosine,1,isoleucine,3,12,5,3,12.901,13.993,-0.633,79.1,57.9,0.0745,0.0,1.19,1.911,38 51 189 185 186 185 104 151
tyrosine,1,isoleucine,3,12,5,4,12.901,13.993,-0.633,79.1,57.9,0.0,0.0,0.983,1.654,42 119 55 132 230 79 335 14 82 228
tyrosine,1,isoleucine,3,12,6,0,12.901,13.812,-0.633,72.8,65.1,10.2709,0.0,2.888,3.992,50 1
tyrosine,1,isoleucine,3,12,6,1,12.901,13.812,-0.633,72.8,65.1,6.5788,0.0,2.888,1.108,54 355 175 176
tyrosine,1,isoleucine,3,12,6,2,12.901,13.812,-0.633,72.8,65.1,2.966,0.0,2.59,0.827,49 1 207 207 184 182
tyrosine,1,isoleucine,3,12,6,3,12.901,13.812,-0.633,72.8,65.1,0.0032,0.0,2.304,0.778,44 352 202 229 137 173 247 234
tyrosine,1,isoleucine,3,12,6,4,12.901,13.812,-0.633,72.8,65.1,0.0,0.0,1.719,1.012,73 283 252 50 75 206 190 96 105 197
tyrosine,1,isoleucine,3,13,4,0,12.901,12.62,-0.633,114.6,75.2,8.8925,0.0,2.182,4.183,359 254
tyrosine,1,isoleucine,3,13,4,1,12.901,12.62,-0.633,114.6,75.2,5.3668,0.0,2.836,1.904,295 103 183 182
tyrosine,1,isoleucine,3,13,4,2,12.901,12.62,-0.633,114.6,75.2,1.6329,0.0,1.212,1.461,8 256 181 180 181 181
tyrosine,1,isoleucine,3,13,4,3,12.901,12.62,-0.633,114.6,75.2,0.0,0.0,2.146,0.789,8 232 145 186 99 126 96 157
tyrosine,1,isoleucine,3,13,4,4,12.901,12.62,-0.633,114.6,75.2,0.0,0.0,1.322,0.868,19 318 101 203 149 291 84 202 341 290
tyrosine,1,isoleucine,3,13,5,0,12.901,13.188,-0.633,110.0,52.6,9.4515,0.0,2.707,4.017,299 93
tyrosine,1,isoleucine,3,13,5,1,12.901,13.188,-0.633,110.0,52.6,5.9278,0.0,2.165,1.544,2 264 179 180
tyrosine,1,isoleucine,3,13,5,2,12.901,13.188,-0.633,110.0,52.6,2.2,0.0,1.255,0.874,290 95 180 180 180 180
tyrosine,1,isoleucine,3,13,5,3,12.901,13.188,-0.633,110.0,52.6,0.0048,0.0,0.585,3.098,270 90 230 197 217 211 78 151
tyrosine,1,isoleucine,3,13,5,4,12.901,13.188,-0.633,110.0,52.6,0.0,0.0,0.871,4.683,225 154 163 236 230 156 165 212 203 171
tyrosine,1,isoleucine,3,13,6,0,12.901,12.995,-0.633,103.7,60.7,9.2759,0.0,2.201,3.82,356 285
tyrosine,1,isoleucine,3,13,6,1,12.901,12.995,-0.633,103.7,60.7,5.7398,0.0,2.707,1.358,296 86 178 178
tyrosine,1,isoleucine,3,13,6,2,12.901,12.995,-0.633,103.7,60.7,2.0186,0.0,2.152,0.536,5 278 174 177 175 176
tyrosine,1,isoleucine,3,13,6,3,12.901,12.995,-0.633,103.7,60.7,0.0,0.0,1.822,1.241,342 273 319 199 206 261 226 230
tyrosine,1,isoleucine,3,13,6,4,12.901,12.995,-0.633,103.7,60.7,0.0,0.0,1.484,0.968,334 28 79 191 132 294 277 103 163 1
tyrosine,1,leucine,13,11,1,0,9.623,10.436,-0.973,34.9,99.6,8.8443,0.0,1.911,6.84,45 360
tyrosine,1,leucine,13,11,1,1,9.623,10.436,-0.973,34.9,99.6,5.1409,0.0,1.809,5.184,43 1 167 29
tyrosine,1,leucine,13,11,1,2,9.623,10.436,-0.973,34.9,99.6,1.5431,0.0,1.404,3.786,44 0 211 302 181 180
tyrosine,1,leucine,13,11,1,3,9.623,10.436,-0.973,34.9,99.6,0.0,0.0,1.533,2.375,63 264 277 22 168 234 121 92
tyrosine,1,leucine,13,11,1,4,9.623,10.436,-0.973,34.9,99.6,0.0,0.0,2.172,3.127,1 335 301 47 76 257 229 146 168 196
tyrosine,1,leucine,13,11,2,0,9.623,11.344,-0.973,44.5,65.4,9.1018,0.0,2.115,6.956,56 360
tyrosine,1,leucine,13,11,2,1,9.623,11.344,-0.973,44.5,65.4,5.3793,0.0,2.128,5.988,57 360 157 74
tyrosine,1,leucine,13,11,2,2,9.623,11.344,-0.973,44.5,65.4,1.8507,0.0,1.437,5.238,58 359 216 282 167 172
tyrosine,1,leucine,13,11,2,3,9.623,11.344,-0.973,44.5,65.4,0.0,0.0,1.649,4.707,8 344 219 87 137 200 216 228
tyrosine,1,leucine,13,11,2,4,9.623,11.344,-0.973,44.5,65.4,0.0,0.0,1.926,6.261,45 327 292 53 77 232 212 130 146 195
tyrosine,1,leucine,13,11,13,0,9.623,12.051,-0.973,33.4,32.9,10.4626,0.0,2.235,7.02,61 0
tyrosine,1,leucine,13,11,13,1,9.623,12.051,-0.973,33.4,32.9,6.7682,0.0,2.258,5.629,62 360 195 324
tyrosine,1,leucine,13,11,13,2,9.623,12.051,-0.973,33.4,32.9,3.1916,0.0,0.85,4.283,62 0 150 58 180 180
tyrosine,1,leucine,13,11,13,3,9.623,12.051,-0.973,33.4,32.9,0.6893,0.0,0.956,4.624,83 2 206 311 196 189 266 216
tyrosine,1,leucine,13,11,13,4,9.623,12.051,-0.973,33.4,32.9,0.0,0.0,2.401,5.683,139 328 173 65 163 192 201 162 83 109
tyrosine,1,leucine,13,12,1,0,9.623,8.782,-0.973,102.0,91.5,5.1192,0.0,2.138,4.137,39 292
tyrosine,1,leucine,13,12,1,1,9.623,8.782,-0.973,102.0,91.5,1.4951,0.0,1.336,2.81,338 83 178 179
tyrosine,1,leucine,13,12,1,2,9.623,8.782,-0.973,102.0,91.5,0.0,0.0,1.756,1.574,356 297 327 287 65 240
tyrosine,1,leucine,13,12,1,3,9.623,8.782,-0.973,102.0,91.5,0.0,0.0,2.577,0.246,86 102 330 65 183 261 113 37
tyrosine,1,leucine,13,12,1,4,9.623,8.782,-0.973,102.0,91.5,0.0,0.0,2.178,1.055,36 345 299 1 33 263 236 80 113 212
tyrosine,1,leucine,13,12,2,0,9.623,9.647,-0.973,111.6,58.9,5.9184,0.0,2.246,4.449,339 97
tyrosine,1,leucine,13,12,2,1,9.623,9.647,-0.973,111.6,58.9,2.3583,0.0,0.98,3.5,44 261 180 180
tyrosine,1,leucine,13,12,2,2,9.623,9.647,-0.973,111.6,58.9,0.0,0.0,1.664,4.575,308 76 174 148 96 135
tyrosine,1,leucine,13,12,2,3,9.623,9.647,-0.973,111.6,58.9,0.0,0.0,2.31,4.626,310 150 81 315 1 49 10 102
tyrosine,1,leucine,13,12,2,4,9.623,9.647,-0.973,111.6,58.9,0.0,0.0,1.774,0.823,25 298 251 16 51 254 235 79 104 204
tyrosine,1,leucine,13,12,13,0,9.623,10.085,-0.973,114.3,39.3,6.3689,0.0,2.763,4.495,45 255
tyrosine,1,leucine,13,12,13,1,9.623,10.085,-0.973,114.3,39.3,2.8019,0.0,0.948,3.466,340 103 181 181
tyrosine,1,leucine,13,12,13,2,9.623,10.085,-0.973,114.3,39.3,0.3735,0.0,0.493,4.063,76 250 151 165 83 145
tyrosine,1,leucine,13,12,13,3,9.623,10.085,-0.973,114.3,39.3,0.0,0.0,2.416,4.487,78 234 165 287 12 115 338 131
tyrosine,1,leucine,13,12,13,4,9.623,10.085,-0.973,114.3,39.3,0.0,0.0,2.255,4.26,336 89 310 248 212 254 224 96 110 291
tyrosine,1,leucine,13,13,1,0,9.623,9.892,-0.973,60.0,103.9,6.8671,0.0,2.63,3.817,311 360
tyrosine,1,leucine,13,13,1,1,9.623,9.892,-0.973,60.0,103.9,3.1552,0.0,2.665,1.401,310 1 207 245
tyrosine,1,leucine,13,13,1,2,9.623,9.892,-0.973,60.0,103.9,0.0,0.0,1.853,0.933,335 356 112 106 156 154
tyrosine,1,leucine,13,13,1,3,9.623,9.892,-0.973,60.0,103.9,0.0,0.0,1.348,0.647,18 27 85 288 246 135 163 173
tyrosine,1,leucine,13,13,1,4,9.623,9.892,-0.973,60.0,103.9,0.0,0.0,1.415,1.802,344 6 44 326 297 104 132 238 215 160
tyrosine,1,leucine,13,13,2,0,9.623,11.215,-0.973,50.5,53.0,8.6295,0.0,2.836,3.971,304 360
tyrosine,1,leucine,13,13,2,1,9.623,11.215,-0.973,50.5,53.0,4.9502,0.0,2.836,1.868,305 359 205 274
tyrosine,1,leucine,13,13,2,2,9.623,11.215,-0.973,50.5,53.0,1.3508,0.0,1.884,1.256,305 359 219 268 173 176
tyrosine,1,leucine,13,13,2,3,9.623,11.215,-0.973,50.5,53.0,0.045,0.0,1.86,1.887,334 358 207 313 150 162 325 200
tyrosine,1,leucine,13,13,2,4,9.623,11.215,-0.973,50.5,53.0,0.0,0.0,1.516,4.65,256 70 104 281 258 145 156 258 249 163
tyrosine,1,leucine,13,13,13,0,9.623,11.427,-0.973,62.5,43.3,8.2431,0.0,2.836,4.076,299 0
tyrosine,1,leucine,13,13,13,1,9.623,11.427,-0.973,62.5,43.3,4.5761,0.0,2.836,2.097,301 358 155 134
tyrosine,1,leucine,13,13,13,2,9.623,11.427,-0.973,62.5,43.3,0.9759,0.0,0.635,2.549,302 357 140 125 168 172
tyrosine,1,leucine,13,13,13,3,9.623,11.427,-0.973,62.5,43.3,0.0,0.0,1.681,1.954,309 257 311 175 268 218 70 134
tyrosine,1,leucine,13,13,13,4,9.623,11.427,-0.973,62.5,43.3,0.0,0.0,1.497,2.351,318 21 58 314 290 127 148 241 223 162
tyrosine,1,serine,31,11,3,0,11.288,11.632,0.118,64.8,97.7,8.3549,0.0,3.261,7.609,246 0
tyrosine,1,serine,31,11,3,1,11.288,11.632,0.118,64.8,97.7,4.6532,0.0,3.261,7.609,248 359 158 141
tyrosine,1,serine,31,11,3,2,11.288,11.632,0.118,64.8,97.7,1.0741,0.0,3.261,5.148,245 0 221 233 182 181
tyrosine,1,serine,31,11,3,3,11.288,11.632,0.118,64.8,97.7,0.0,0.0,3.261,5.734,234 115 123 210 198 134 146 192
tyrosine,1,serine,31,11,3,4,11.288,11.632,0.118,64.8,97.7,0.0,0.0,3.261,5.747,196 148 138 207 209 141 147 228 216 165
tyrosine,1,serine,31,11,4,0,11.288,12.582,0.118,66.8,61.8,9.2131,0.0,3.261,7.566,258 360
tyrosine,1,serine,31,11,4,1,11.288,12.582,0.118,66.8,61.8,5.5424,0.0,3.261,7.375,256 3 199 208
tyrosine,1,serine,31,11,4,2,11.288,12.582,0.118,66.8,61.8,1.9194,0.0,3.261,5.253,259 360 143 134 179 179
tyrosine,1,serine,31,11,4,3,11.288,12.582,0.118,66.8,61.8,0.0,0.0,3.261,4.598,248 99 129 210 191 146 151 182
tyrosine,1,serine,31,11,4,4,11.288,12.582,0.118,66.8,61.8,0.0,0.0,3.261,4.764,188 144 139 224 221 143 155 210 195 167
tyrosine,1,serine,31,11,5,0,11.288,10.712,0.118,58.8,140.7,7.7226,0.0,3.261,7.566,258 360
tyrosine,1,serine,31,11,5,1,11.288,10.712,0.118,58.8,140.7,4.033,0.0,3.261,6.947,258 360 206 248
tyrosine,1,serine,31,11,5,2,11.288,10.712,0.118,58.8,140.7,0.438,0.0,3.261,4.511,258 359 141 113 173 176
tyrosine,1,serine,31,11,5,3,11.288,10.712,0.118,58.8,140.7,0.0,0.0,3.261,4.333,261 144 56 229 210 129 224 271
tyrosine,1,serine,31,11,5,4,11.288,10.712,0.118,58.8,140.7,0.0,0.0,3.261,3.561,269 180 63 266 217 257 195 337 328 51
tyrosine,1,serine,31,12,3,0,11.288,11.796,0.118,58.3,97.9,8.7902,0.0,2.888,6.181,118 360
tyrosine,1,serine,31,12,3,1,11.288,11.796,0.118,58.3,97.9,5.0805,0.0,2.888,6.153,117 1 206 242
tyrosine,1,serine,31,12,3,2,11.288,11.796,0.118,58.3,97.9,1.5007,0.0,2.888,4.538,118 0 140 112 180 180
tyrosine,1,serine,31,12,3,3,11.288,11.796,0.118,58.3,97.9,0.0,0.0,2.888,4.251,114 267 243 142 158 215 205 172
tyrosine,1,serine,31,12,3,4,11.288,11.796,0.118,58.3,97.9,0.0,0.0,2.888,5.112,152 39 33 351 347 255 176 125 126 170
tyrosine,1,serine,31,12,4,0,11.288,13.003,0.118,49.4,51.1,10.4168,0.0,2.888,5.954,113 360
tyrosine,1,serine,31,12,4,1,11.288,13.003,0.118,49.4,51.1,6.7169,0.0,2.888,5.986,114 360 205 269
tyrosine,1,serine,31,12,4,2,11.288,13.003,0.118,49.4,51.1,3.1532,0.0,2.888,4.017,114 359 141 97 175 177
tyrosine,1,serine,31,12,4,3,11.288,13.003,0.118,49.4,51.1,0.4352,0.0,2.888,4.525,124 360 215 290 179 179 268 214
tyrosine,1,serine,31,12,4,4,11.288,13.003,0.118,49.4,51.1,0.0,0.0,2.888,4.682,175 348 212 254 186 133 129 188 241 221
tyrosine,1,serine,31,12,5,0,11.288,10.864,0.118,52.4,141.7,8.1848,0.0,2.888,5.678,106 0
tyrosine,1,serine,31,12,5,1,11.288,10.864,0.118,52.4,141.7,4.5055,0.0,2.888,5.253,106 0 153 92
tyrosine,1,serine,31,12,5,2,11.288,10.864,0.118,52.4,141.7,0.9183,0.0,2.888,4.339,106 1 218 261 185 183
tyrosine,1,serine,31,12,5,3,11.288,10.864,0.118,52.4,141.7,0.0,0.0,2.888,3.332,69 338 271 49 88 223 213 183
tyrosine,1,serine,31,12,5,4,11.288,10.864,0.118,52.4,141.7,0.0,0.0,2.524,2.513,47 341 308 55 79 241 219 146 163 195
tyrosine,1,serine,31,13,3,0,11.288,9.555,0.118,170.9,95.5,7.0711,0.0,2.208,5.646,27 180
tyrosine,1,serine,31,13,3,1,11.288,9.555,0.118,170.9,95.5,3.3728,0.0,2.268,5.076,34 181 156 74
tyrosine,1,serine,31,13,3,2,11.288,9.555,0.118,170.9,95.5,0.0,0.0,2.456,5.367,48 163 169 60 215 176
tyrosine,1,serine,31,13,3,3,11.288,9.555,0.118,170.9,95.5,0.0,0.0,2.836,5.686,205 211 178 70 87 239 204 135
tyrosine,1,serine,31,13,3,4,11.288,9.555,0.118,170.9,95.5,0.0,0.0,2.144,2.886,10 221 196 70 78 235 223 93 112 202
tyrosine,1,serine,31,13,4,0,11.288,10.628,0.118,158.2,54.6,7.4527,0.0,2.25,5.762,32 180
tyrosine,1,serine,31,13,4,1,11.288,10.628,0.118,158.2,54.6,3.7465,0.0,2.213,4.532,28 179 155 131
tyrosine,1,serine,31,13,4,2,11.288,10.628,0.118,158.2,54.6,0.3055,0.0,2.211,4.324,28 172 147 141 137 158
tyrosine,1,serine,31,13,4,3,11.288,10.628,0.118,158.2,54.6,0.0,0.0,2.836,4.784,97 151 196 184 106 218 224 133
tyrosine,1,serine,31,13,4,4,11.288,10.628,0.118,158.2,54.6,0.0,0.0,2.836,1.729,81 237 213 56 57 234 226 123 145 209
tyrosine,1,serine,31,13,5,0,11.288,8.578,0.118,157.0,141.4,5.4249,0.0,2.145,5.261,10 180
tyrosine,1,serine,31,13,5,1,11.288,8.578,0.118,157.0,141.4,1.9121,0.0,2.164,4.092,20 182 214 242
tyrosine,1,serine,31,13,5,2,11.288,8.578,0.118,157.0,141.4,0.0,0.0,2.464,3.043,334 197 157 62 35 248
tyrosine,1,serine,31,13,5,3,11.288,8.578,0.118,157.0,141.4,0.0,0.0,2.836,4.266,150 162 223 126 82 245 186 105
tyrosine,1,serine,31,13,5,4,11.288,8.578,0.118,157.0,141.4,0.0,0.0,2.836,3.79,245 324 327 321 334 272 208 19 52 215
tyrosine,1,tryptophan,5,11,16,0,17.193,17.535,-0.363,48.8,108.6,14.8844,0.0,2.905,7.289,278 0
tyrosine,1,tryptophan,5,11,16,1,17.193,17.535,-0.363,48.8,108.6,11.1443,0.0,2.91,6.136,278 0 156 101
tyrosine,1,tryptophan,5,11,16,2,17.193,17.535,-0.363,48.8,108.6,7.6294,0.0,2.911,2.862,278 0 219 257 182 181
tyrosine,1,tryptophan,5,11,16,3,17.193,17.535,-0.363,48.8,108.6,3.9499,0.0,2.895,0.812,278 0 145 101 185 183 185 185
tyrosine,1,tryptophan,5,11,16,4,17.193,17.535,-0.363,48.8,108.6,0.308,0.0,2.653,0.789,279 360 141 103 178 179 164 167 178 179
tyrosine,1,tryptophan,5,11,17,0,17.193,18.298,-0.363,50.9,79.5,15.5354,0.0,2.661,7.168,288 360
tyrosine,1,tryptophan,5,11,17,1,17.193,18.298,-0.363,50.9,79.5,11.7875,0.0,2.661,6.146,288 360 204 251
tyrosine,1,tryptophan,5,11,17,2,17.193,18.298,-0.363,50.9,79.5,8.2729,0.0,2.66,3.005,288 360 141 107 179 180
tyrosine,1,tryptophan,5,11,17,3,17.193,18.298,-0.363,50.9,79.5,4.5832,0.0,2.192,1.538,288 360 215 253 179 179 179 179
tyrosine,1,tryptophan,5,11,17,4,17.193,18.298,-0.363,50.9,79.5,0.9895,0.0,0.535,1.887,286 1 219 251 190 186 205 200 188 186
tyrosine,1,tryptophan,5,11,18,0,17.193,19.494,-0.363,53.3,21.8,16.602,0.0,2.859,7.266,280 0
tyrosine,1,tryptophan,5,11,18,1,17.193,19.494,-0.363,53.3,21.8,12.8628,0.0,2.858,6.326,280 360 157 119
tyrosine,1,tryptophan,5,11,18,2,17.193,19.494,-0.363,53.3,21.8,9.3492,0.0,2.858,3.209,280 360 219 247 179 180
tyrosine,1,tryptophan,5,11,18,3,17.193,19.494,-0.363,53.3,21.8,5.6806,0.0,2.28,1.592,280 360 145 114 177 178 177 177
tyrosine,1,tryptophan,5,11,18,4,17.193,19.494,-0.363,53.3,21.8,2.0229,0.0,0.807,1.683,280 0 220 247 180 180 186 186 180 180
tyrosine,1,tryptophan,5,12,16,0,17.193,17.407,-0.363,54.7,115.9,14.473,0.0,2.888,4.703,80 360
tyrosine,1,tryptophan,5,12,16,1,17.193,17.407,-0.363,54.7,115.9,10.7499,0.0,2.888,3.558,80 0 204 239
tyrosine,1,tryptophan,5,12,16,2,17.193,17.407,-0.363,54.7,115.9,7.2299,0.0,2.888,1.126,80 0 141 113 183 182
tyrosine,1,tryptophan,5,12,16,3,17.193,17.407,-0.363,54.7,115.9,3.5783,0.0,2.888,0.667,79 1 216 244 189 185 189 188
tyrosine,1,tryptophan,5,12,16,4,17.193,17.407,-0.363,54.7,115.9,0.0,0.0,2.888,0.503,89 354 214 243 186 194 141 146 202 177
tyrosine,1,tryptophan,5,12,17,0,17.193,18.307,-0.363,50.5,80.8,15.5638,0.0,2.888,4.463,72 0
tyrosine,1,tryptophan,5,12,17,1,17.193,18.307,-0.363,50.5,80.8,11.8166,0.0,2.888,2.645,73 360 156 108
tyrosine,1,tryptophan,5,12,17,2,17.193,18.307,-0.363,50.5,80.8,8.3014,0.0,2.888,1.26,73 360 219 254 180 180
tyrosine,1,tryptophan,5,12,17,3,17.193,18.307,-0.363,50.5,80.8,4.6127,0.0,2.888,0.312,73 360 145 106 180 180 180 180
tyrosine,1,tryptophan,5,12,17,4,17.193,18.307,-0.363,50.5,80.8,1.0241,0.0,2.223,0.876,70 1 219 252 190 186 207 202 188 186
tyrosine,1,tryptophan,5,12,18,0,17.193,19.548,-0.363,50.9,20.8,16.7705,0.0,2.888,4.726,81 360
tyrosine,1,tryptophan,5,12,18,1,17.193,19.548,-0.363,50.9,20.8,13.0299,0.0,2.888,3.589,81 0 204 248
tyrosine,1,tryptophan,5,12,18,2,17.193,19.548,-0.363,50.9,20.8,9.518,0.0,2.888,1.106,81 0 141 108 181 180
tyrosine,1,tryptophan,5,12,18,3,17.193,19.548,-0.363,50.9,20.8,5.8474,0.0,2.888,0.441,81 0 215 251 182 181 182 182
tyrosine,1,tryptophan,5,12,18,4,17.193,19.548,-0.363,50.9,20.8,2.1921,0.0,2.325,0.633,81 0 140 108 180 180 186 185 180 180
tyrosine,1,tryptophan,5,13,16,0,17.193,15.434,-0.363,136.0,113.1,11.7152,0.0,2.263,4.919,349 173
tyrosine,1,tryptophan,5,13,16,1,17.193,15.434,-0.363,136.0,113.1,8.1765,0.0,2.198,2.766,26 218 180 180
tyrosine,1,tryptophan,5,13,16,2,17.193,15.434,-0.363,136.0,113.1,4.5156,0.0,2.537,0.606,329 148 174 177 174 175
tyrosine,1,tryptophan,5,13,16,3,17.193,15.434,-0.363,136.0,113.1,0.8582,0.0,2.2,0.622,26 218 179 179 166 168 179 179
tyrosine,1,tryptophan,5,13,16,4,17.193,15.434,-0.363,136.0,113.1,0.0,0.0,2.828,0.353,279 140 137 315 293 143 181 195 193 187
tyrosine,1,tryptophan,5,13,17,0,17.193,16.375,-0.363,128.7,76.8,12.6281,0.0,2.313,4.868,345 148
tyrosine,1,tryptophan,5,13,17,1,17.193,16.375,-0.363,128.7,76.8,9.1349,0.0,2.293,3.1,36 231 183 182
tyrosine,1,tryptophan,5,13,17,2,17.193,16.375,-0.363,128.7,76.8,5.4392,0.0,2.55,0.555,328 130 184 182 184 184
tyrosine,1,tryptophan,5,13,17,3,17.193,16.375,-0.363,128.7,76.8,1.8072,0.0,0.821,0.788,35 231 184 183 198 195 184 183
tyrosine,1,tryptophan,5,13,17,4,17.193,16.375,-0.363,128.7,76.8,0.0,0.0,1.615,0.54,343 263 40 185 175 263 46 117 175 134
tyrosine,1,tryptophan,5,13,18,0,17.193,17.488,-0.363,136.1,23.4,13.7637,0.0,2.168,5.105,1 181
tyrosine,1,tryptophan,5,13,18,1,17.193,17.488,-0.363,136.1,23.4,10.236,0.0,2.525,2.5,330 142 181 180
tyrosine,1,tryptophan,5,13,18,2,17.193,17.488,-0.363,136.1,23.4,6.5951,0.0,2.203,0.572,26 212 185 183 185 184
tyrosine,1,tryptophan,5,13,18,3,17.193,17.488,-0.363,136.1,23.4,2.9319,0.0,2.077,0.218,330 143 182 181 192 190 182 181
tyrosine,1,tryptophan,5,13,18,4,17.193,17.488,-0.363,136.1,23.4,0.5804,0.0,2.028,0.5,18 188 198 195 202 194 191 189 80 151
tyrosine,1,phenylalanine,4,11,12,0,7.081,8.307,0.27,37.0,75.0,6.7535,0.0,3.261,7.609,254 0
tyrosine,1,phenylalanine,4,11,12,1,7.081,8.307,0.27,37.0,75.0,3.1352,0.0,1.906,6.408,258 359 191 341
tyrosine,1,phenylalanine,4,11,12,2,7.081,8.307,0.27,37.0,75.0,0.2301,0.0,1.841,3.108,286 360 181 359 109 133
tyrosine,1,phenylalanine,4,11,12,3,7.081,8.307,0.27,37.0,75.0,0.0,0.0,2.414,2.381,315 50 144 280 183 94 129 173
tyrosine,1,phenylalanine,4,11,12,4,7.081,8.307,0.27,37.0,75.0,0.0,0.0,1.226,1.647,347 266 303 270 247 97 81 227 224 173
tyrosine,1,phenylalanine,4,11,13,0,7.081,9.43,0.27,48.7,23.3,7.0476,0.0,3.261,7.609,243 360
tyrosine,1,phenylalanine,4,11,13,1,7.081,9.43,0.27,48.7,23.3,3.2989,0.0,1.894,7.112,242 360 156 76
tyrosine,1,phenylalanine,4,11,13,2,7.081,9.43,0.27,48.7,23.3,0.5138,0.0,2.407,5.668,227 1 170 145 69 169
tyrosine,1,phenylalanine,4,11,13,3,7.081,9.43,0.27,48.7,23.3,0.0,0.0,3.261,5.355,252 324 164 311 322 138 20 169
tyrosine,1,phenylalanine,4,11,13,4,7.081,9.43,0.27,48.7,23.3,0.0,0.0,2.162,4.256,219 336 342 263 142 59 162 237 294 222
tyrosine,1,phenylalanine,4,11,14,0,7.081,7.094,0.27,46.7,123.9,5.0693,0.0,3.261,7.609,235 360
tyrosine,1,phenylalanine,4,11,14,1,7.081,7.094,0.27,46.7,123.9,1.4009,0.0,2.65,7.312,235 1 162 34
tyrosine,1,phenylalanine,4,11,14,2,7.081,7.094,0.27,46.7,123.9,0.0,0.0,2.242,6.438,252 63 70 329 255 105
tyrosine,1,phenylalanine,4,11,14,3,7.081,7.094,0.27,46.7,123.9,0.0,0.0,1.381,6.458,300 29 59 303 265 93 133 214
tyrosine,1,phenylalanine,4,11,14,4,7.081,7.094,0.27,46.7,123.9,0.0,0.0,2.209,6.463,305 16 47 292 259 111 143 259 232 160
tyrosine,1,phenylalanine,4,12,12,0,7.081,7.652,0.27,65.1,84.6,4.4957,0.0,2.888,5.068,90 0
tyrosine,1,phenylalanine,4,12,12,1,7.081,7.652,0.27,65.1,84.6,0.7058,0.0,2.888,4.078,88 0 163 117
tyrosine,1,phenylalanine,4,12,12,2,7.081,7.652,0.27,65.1,84.6,0.0,0.0,2.888,4.165,118 213 274 118 126 224
tyrosine,1,phenylalanine,4,12,12,3,7.081,7.652,0.27,65.1,84.6,0.0,0.0,2.624,1.484,26 134 88 259 331 63 348 95
tyrosine,1,phenylalanine,4,12,12,4,7.081,7.652,0.27,65.1,84.6,0.0,0.0,2.888,3.38,155 222 189 153 136 235 241 109 124 210
tyrosine,1,phenylalanine,4,12,13,0,7.081,8.985,0.27,66.7,27.6,5.6923,0.0,2.888,5.689,106 360
tyrosine,1,phenylalanine,4,12,13,1,7.081,8.985,0.27,66.7,27.6,1.9286,0.0,2.888,5.661,105 2 199 218
tyrosine,1,phenylalanine,4,12,13,2,7.081,8.985,0.27,66.7,27.6,0.2752,0.0,2.888,5.416,151 298 190 185 12 173
tyrosine,1,phenylalanine,4,12,13,3,7.081,8.985,0.27,66.7,27.6,0.0,0.0,2.888,5.114,157 209 231 141 135 248 235 157
tyrosine,1,phenylalanine,4,12,13,4,7.081,8.985,0.27,66.7,27.6,0.0,0.0,2.888,5.118,99 344 319 37 58 259 229 93 118 208
tyrosine,1,phenylalanine,4,12,14,0,7.081,6.553,0.27,68.0,132.0,3.3449,0.0,2.888,5.844,110 360
tyrosine,1,phenylalanine,4,12,14,1,7.081,6.553,0.27,68.0,132.0,0.0,0.0,2.888,4.736,87 2 238 278
tyrosine,1,phenylalanine,4,12,14,2,7.081,6.553,0.27,68.0,132.0,0.0,0.0,2.836,3.066,65 296 315 57 93 243
tyrosine,1,phenylalanine,4,12,14,3,7.081,6.553,0.27,68.0,132.0,0.0,0.0,2.888,5.694,146 167 272 160 79 287 268 103
tyrosine,1,phenylalanine,4,12,14,4,7.081,6.553,0.27,68.0,132.0,0.0,0.0,2.888,3.663,68 5 345 20 48 286 255 78 115 216
tyrosine,1,phenylalanine,4,13,12,0,7.081,5.889,0.27,141.1,73.8,2.2505,0.0,2.628,4.767,324 180
tyrosine,1,phenylalanine,4,13,12,1,7.081,5.889,0.27,141.1,73.8,0.0,0.0,2.6,3.279,325 282 78 269
tyrosine,1,phenylalanine,4,13,12,2,7.081,5.889,0.27,141.1,73.8,0.0,0.0,2.836,4.017,252 267 28 311 298 263
tyrosine,1,phenylalanine,4,13,12,3,7.081,5.889,0.27,141.1,73.8,0.0,0.0,1.842,1.462,324 68 228 290 358 28 132 24
tyrosine,1,phenylalanine,4,13,12,4,7.081,5.889,0.27,141.1,73.8,0.0,0.0,1.212,1.038,27 26 101 61 357 74 107 341 266 118
tyrosine,1,phenylalanine,4,13,13,0,7.081,7.044,0.27,160.0,22.1,4.153,0.0,2.798,4.799,314 180
tyrosine,1,phenylalanine,4,13,13,1,7.081,7.044,0.27,160.0,22.1,1.1475,0.0,2.836,5.196,284 209 109 66
tyrosine,1,phenylalanine,4,13,13,2,7.081,7.044,0.27,160.0,22.1,0.2531,0.0,2.836,5.484,243 230 87 136 22 99
tyrosine,1,phenylalanine,4,13,13,3,7.081,7.044,0.27,160.0,22.1,0.0,0.0,2.836,4.967,175 221 171 217 265 89 115 234
tyrosine,1,phenylalanine,4,13,13,4,7.081,7.044,0.27,160.0,22.1,0.0,0.0,2.836,5.361,178 235 176 185 258 98 94 333 281 131
tyrosine,1,phenylalanine,4,13,14,0,7.081,4.691,0.27,159.3,122.1,2.2781,0.0,2.836,5.023,294 181
tyrosine,1,phenylalanine,4,13,14,1,7.081,4.691,0.27,159.3,122.1,0.6752,0.0,2.836,4.961,298 263 82 356
tyrosine,1,phenylalanine,4,13,14,2,7.081,4.691,0.27,159.3,122.1,0.0,0.0,2.24,6.109,140 267 79 358 174 357
tyrosine,1,phenylalanine,4,13,14,3,7.081,4.691,0.27,159.3,122.1,0.0,0.0,2.836,6.109,198 261 118 191 290 81 125 294
tyrosine,1,phenylalanine,4,13,14,4,7.081,4.691,0.27,159.3,122.1,0.0,0.0,1.942,5.742,31 134 159 303 294 76 102 303 257 141
phenylalanine,4,arginine,3,12,16,0,3.566,2.554,0.772,63.6,104.5,2.3388,0.0,2.107,2.514,346 14
phenylalanine,4,arginine,3,12,16,1,3.566,2.554,0.772,63.6,104.5,2.7532,0.0,2.605,0.909,7 123 17 6
phenylalanine,4,arginine,3,12,16,2,3.566,2.554,0.772,63.6,104.5,1.4437,0.0,1.456,0.86,55 115 5 33 133 3
phenylalanine,4,arginine,3,12,16,3,3.566,2.554,0.772,63.6,104.5,0.0,0.0,0.633,0.335,95 76 44 271 271 39 145 285
phenylalanine,4,arginine,3,12,16,4,3.566,2.554,0.772,63.6,104.5,0.0,0.0,1.571,1.908,120 310 347 274 240 354 202 9 187 163
phenylalanine,4,arginine,3,12,17,0,3.566,4.254,0.772,79.4,42.4,1.5873,0.0,2.54,2.987,316 342
phenylalanine,4,arginine,3,12,17,1,3.566,4.254,0.772,79.4,42.4,1.3033,0.0,3.117,2.899,289 258 340 347
phenylalanine,4,arginine,3,12,17,2,3.566,4.254,0.772,79.4,42.4,0.0,0.0,3.117,3.197,256 256 356 280 286 329
phenylalanine,4,arginine,3,12,17,3,3.566,4.254,0.772,79.4,42.4,0.0,0.0,2.844,3.197,201 187 65 282 243 54 181 260
phenylalanine,4,arginine,3,12,17,4,3.566,4.254,0.772,79.4,42.4,0.0,0.0,1.285,0.744,350 8 19 298 337 125 55 270 249 55
phenylalanine,4,arginine,3,12,18,0,3.566,2.821,0.772,112.9,93.4,1.4473,0.0,3.062,2.627,338 251
phenylalanine,4,arginine,3,12,18,1,3.566,2.821,0.772,112.9,93.4,2.1164,0.0,3.117,2.509,280 263 7 5
phenylalanine,4,arginine,3,12,18,2,3.566,2.821,0.772,112.9,93.4,1.0767,0.0,3.117,1.679,229 291 1 19 154 0
phenylalanine,4,arginine,3,12,18,3,3.566,2.821,0.772,112.9,93.4,0.0,0.0,2.756,1.147,90 34 22 272 268 57 134 272
phenylalanine,4,arginine,3,12,18,4,3.566,2.821,0.772,112.9,93.4,0.0,0.0,1.953,0.718,64 340 8 304 325 62 62 309 239 102
phenylalanine,4,arginine,3,13,16,0,3.566,3.612,0.772,25.2,147.2,4.2658,0.0,1.253,2.937,332 1
phenylalanine,4,arginine,3,13,16,1,3.566,3.612,0.772,25.2,147.2,3.3549,0.0,0.573,3.171,334 53 112 0
phenylalanine,4,arginine,3,13,16,2,3.566,3.612,0.772,25.2,147.2,0.5381,0.0,1.01,1.184,317 218 335 354 195 352
phenylalanine,4,arginine,3,13,16,3,3.566,3.612,0.772,25.2,147.2,0.0,0.0,0.336,3.932,17 82 42 267 312 56 110 287
phenylalanine,4,arginine,3,13,16,4,3.566,3.612,0.772,25.2,147.2,0.0,0.0,0.711,2.268,46 12 27 302 291 66 112 294 234 148
phenylalanine,4,arginine,3,13,17,0,3.566,5.74,0.772,10.7,52.8,6.4711,0.0,1.389,3.628,353 1
phenylalanine,4,arginine,3,13,17,1,3.566,5.74,0.772,10.7,52.8,4.3457,0.0,0.72,3.735,357 2 177 1
phenylalanine,4,arginine,3,13,17,2,3.566,5.74,0.772,10.7,52.8,0.7084,0.0,1.058,3.994,19 25 147 3 170 10
phenylalanine,4,arginine,3,13,17,3,3.566,5.74,0.772,10.7,52.8,0.0,0.0,2.004,3.967,6 45 118 80 139 351 111 346
phenylalanine,4,arginine,3,13,17,4,3.566,5.74,0.772,10.7,52.8,0.0,0.0,2.976,3.994,132 23 78 127 79 63 122 41 13 143
phenylalanine,4,arginine,3,13,18,0,3.566,5.061,0.772,22.7,77.8,5.2778,0.0,2.976,1.662,267 358
phenylalanine,4,arginine,3,13,18,1,3.566,5.061,0.772,22.7,77.8,3.178,0.0,2.976,0.834,264 356 187 359
phenylalanine,4,arginine,3,13,18,2,3.566,5.061,0.772,22.7,77.8,0.0,0.0,2.976,1.252,249 89 83 348 189 30
phenylalanine,4,arginine,3,13,18,3,3.566,5.061,0.772,22.7,77.8,0.0,0.0,1.824,0.659,321 60 57 281 278 79 131 248
phenylalanine,4,arginine,3,13,18,4,3.566,5.061,0.772,22.7,77.8,0.0,0.0,1.321,0.776,341 13 51 303 275 92 117 259 233 156
phenylalanine,4,arginine,3,14,16,0,3.566,3.14,0.772,44.8,118.8,2.9571,0.0,1.634,5.357,39 357
phenylalanine,4,arginine,3,14,16,1,3.566,3.14,0.772,44.8,118.8,2.6376,0.0,1.946,5.446,34 250 311 358
phenylalanine,4,arginine,3,14,16,2,3.566,3.14,0.772,44.8,118.8,0.7645,0.0,0.416,5.163,339 219 358 343 205 359
phenylalanine,4,arginine,3,14,16,3,3.566,3.14,0.772,44.8,118.8,0.0,0.0,0.784,5.179,296 291 309 91 84 302 227 89
phenylalanine,4,arginine,3,14,16,4,3.566,3.14,0.772,44.8,118.8,0.0,0.0,0.694,5.308,240 308 336 133 42 341 242 302 154 284
phenylalanine,4,arginine,3,14,17,0,3.566,4.265,0.772,79.0,73.5,1.4232,0.0,1.915,5.163,47 355
phenylalanine,4,arginine,3,14,17,1,3.566,4.265,0.772,79.0,73.5,0.5227,0.0,2.363,5.446,38 195 359 359
phenylalanine,4,arginine,3,14,17,2,3.566,4.265,0.772,79.0,73.5,0.0,0.0,1.854,5.446,334 239 346 37 165 1
phenylalanine,4,arginine,3,14,17,3,3.566,4.265,0.772,79.0,73.5,0.0,0.0,0.739,5.446,297 308 300 83 109 296 239 127
phenylalanine,4,arginine,3,14,17,4,3.566,4.265,0.772,79.0,73.5,0.0,0.0,1.449,4.929,359 325 4 102 74 260 263 20 129 325
phenylalanine,4,arginine,3,14,18,0,3.566,4.171,0.772,61.6,76.8,2.2992,0.0,2.811,4.549,74 5
phenylalanine,4,arginine,3,14,18,1,3.566,4.171,0.772,61.6,76.8,1.2447,0.0,2.811,2.947,80 105 50 4
phenylalanine,4,arginine,3,14,18,2,3.566,4.171,0.772,61.6,76.8,0.0,0.0,2.811,2.293,126 150 335 312 267 344
phenylalanine,4,arginine,3,14,18,3,3.566,4.171,0.772,61.6,76.8,0.0,0.0,1.975,2.087,48 275 24 67 55 333 187 27
phenylalanine,4,arginine,3,14,18,4,3.566,4.171,0.772,61.6,76.8,0.0,0.0,2.787,2.221,253 118 61 38 115 309 219 96 166 214
phenylalanine,4,lysine,5,12,13,0,9.455,8.307,-0.683,97.6,108.8,4.6564,0.0,2.733,1.222,49 58
phenylalanine,4,lysine,5,12,13,1,9.455,8.307,-0.683,97.6,108.8,1.0179,0.0,2.519,0.848,107 285 180 180
phenylalanine,4,lysine,5,12,13,2,9.455,8.307,-0.683,97.6,108.8,0.0,0.0,1.943,1.046,96 216 235 56 281 344
phenylalanine,4,lysine,5,12,13,3,9.455,8.307,-0.683,97.6,108.8,0.0,0.0,3.117,2.448,165 218 246 89 95 246 206 137
phenylalanine,4,lysine,5,12,13,4,9.455,8.307,-0.683,97.6,108.8,0.0,0.0,3.117,2.691,176 221 236 114 114 227 211 92 111 199
phenylalanine,4,lysine,5,12,14,0,9.455,9.935,-0.683,103.0,45.0,6.2225,0.0,3.099,1.054,106 286
phenylalanine,4,lysine,5,12,14,1,9.455,9.935,-0.683,103.0,45.0,2.6474,0.0,2.006,0.686,44 84 180 180
phenylalanine,4,lysine,5,12,14,2,9.455,9.935,-0.683,103.0,45.0,0.2094,0.0,3.117,2.007,133 291 185 183 285 211
phenylalanine,4,lysine,5,12,14,3,9.455,9.935,-0.683,103.0,45.0,0.0,0.0,3.117,3.194,174 235 200 110 98 208 243 190
phenylalanine,4,lysine,5,12,14,4,9.455,9.935,-0.683,103.0,45.0,0.0,0.0,3.117,3.197,183 195 206 136 132 216 209 122 134 196
phenylalanine,4,lysine,5,12,15,0,9.455,9.856,-0.683,109.6,48.6,6.1334,0.0,2.688,0.84,43 93
phenylalanine,4,lysine,5,12,15,1,9.455,9.856,-0.683,109.6,48.6,2.5694,0.0,1.585,0.868,107 265 179 179
phenylalanine,4,lysine,5,12,15,2,9.455,9.856,-0.683,109.6,48.6,0.1637,0.0,1.143,0.703,12 102 211 197 279 214
phenylalanine,4,lysine,5,12,15,3,9.455,9.856,-0.683,109.6,48.6,0.0,0.0,1.231,2.682,129 168 215 81 196 223 345 204
phenylalanine,4,lysine,5,12,15,4,9.455,9.856,-0.683,109.6,48.6,0.0,0.0,2.392,3.026,143 175 179 139 144 248 243 131 136 192
phenylalanine,4,lysine,5,13,13,0,9.455,8.003,-0.683,109.8,118.4,4.2969,0.0,2.45,1.777,322 267
phenylalanine,4,lysine,5,13,13,1,9.455,8.003,-0.683,109.8,118.4,0.7212,0.0,2.695,1.304,256 97 179 179
phenylalanine,4,lysine,5,13,13,2,9.455,8.003,-0.683,109.8,118.4,0.0,0.0,2.976,2.346,263 217 104 275 139 17
phenylalanine,4,lysine,5,13,13,3,9.455,8.003,-0.683,109.8,118.4,0.0,0.0,2.976,2.509,205 190 142 263 250 32 82 215
phenylalanine,4,lysine,5,13,13,4,9.455,8.003,-0.683,109.8,118.4,0.0,0.0,2.976,3.093,190 189 173 232 236 111 123 232 212 159
phenylalanine,4,lysine,5,13,14,0,9.455,9.587,-0.683,117.7,56.5,5.9042,0.0,2.976,2.103,260 116
phenylalanine,4,lysine,5,13,14,1,9.455,9.587,-0.683,117.7,56.5,2.3149,0.0,2.433,1.647,325 252 174 176
phenylalanine,4,lysine,5,13,14,2,9.455,9.587,-0.683,117.7,56.5,0.0,0.0,2.976,3.089,244 168 135 166 289 222
phenylalanine,4,lysine,5,13,14,3,9.455,9.587,-0.683,117.7,56.5,0.0,0.0,2.976,3.994,201 177 158 225 226 119 137 203
phenylalanine,4,lysine,5,13,14,4,9.455,9.587,-0.683,117.7,56.5,0.0,0.0,2.976,3.994,186 194 174 227 233 110 124 223 201 160
phenylalanine,4,lysine,5,13,15,0,9.455,10.0,-0.683,103.7,37.5,6.3176,0.0,2.526,1.655,314 285
phenylalanine,4,lysine,5,13,15,1,9.455,10.0,-0.683,103.7,37.5,2.7254,0.0,2.083,1.015,252 86 176 178
phenylalanine,4,lysine,5,13,15,2,9.455,10.0,-0.683,103.7,37.5,0.3965,0.0,1.797,0.264,330 325 139 149 297 212
phenylalanine,4,lysine,5,13,15,3,9.455,10.0,-0.683,103.7,37.5,0.0,0.0,1.192,0.918,243 52 172 322 336 115 44 172
phenylalanine,4,lysine,5,13,15,4,9.455,10.0,-0.683,103.7,37.5,0.0,0.0,1.012,3.654,195 118 136 260 259 151 139 244 264 164
phenylalanine,4,lysine,5,14,13,0,9.455,10.142,-0.683,10.5,117.2,10.2176,0.0,2.811,5.399,210 0
phenylalanine,4,lysine,5,14,13,1,9.455,10.142,-0.683,10.5,117.2,6.9963,0.0,2.811,4.695,212 360 180 360
phenylalanine,4,lysine,5,14,13,2,9.455,10.142,-0.683,10.5,117.2,3.2487,0.0,2.811,2.936,210 360 180 360 203 233
phenylalanine,4,lysine,5,14,13,3,9.455,10.142,-0.683,10.5,117.2,0.0,0.0,2.811,2.608,200 5 178 12 197 197 253 195
phenylalanine,4,lysine,5,14,13,4,9.455,10.142,-0.683,10.5,117.2,0.0,0.0,2.811,2.776,274 50 88 285 250 132 152 216 208 174
phenylalanine,4,lysine,5,14,14,0,9.455,11.816,-0.683,19.6,51.3,11.1834,0.0,2.811,5.259,199 0
phenylalanine,4,lysine,5,14,14,1,9.455,11.816,-0.683,19.6,51.3,7.5415,0.0,2.811,4.544,200 360 180 360
phenylalanine,4,lysine,5,14,14,2,9.455,11.816,-0.683,19.6,51.3,3.9733,0.0,2.811,3.303,196 1 168 17 196 192
phenylalanine,4,lysine,5,14,14,3,9.455,11.816,-0.683,19.6,51.3,0.3757,0.0,2.811,3.727,197 2 165 22 213 204 208 201
phenylalanine,4,lysine,5,14,14,4,9.455,11.816,-0.683,19.6,51.3,0.0,0.0,2.811,4.407,260 50 93 284 249 141 155 197 200 183
phenylalanine,4,lysine,5,14,15,0,9.455,11.962,-0.683,11.6,44.6,11.8463,0.0,2.811,4.923,166 360
phenylalanine,4,lysine,5,14,15,1,9.455,11.962,-0.683,11.6,44.6,8.4267,0.0,2.811,3.813,164 0 180 0
phenylalanine,4,lysine,5,14,15,2,9.455,11.962,-0.683,11.6,44.6,4.7092,0.0,2.544,2.463,165 360 181 359 163 152
phenylalanine,4,lysine,5,14,15,3,9.455,11.962,-0.683,11.6,44.6,1.1234,0.0,0.502,2.596,166 0 179 1 143 133 182 181
phenylalanine,4,lysine,5,14,15,4,9.455,11.962,-0.683,11.6,44.6,0.0,0.0,1.253,0.319,120 315 198 79 179 222 200 152 134 161
phenylalanine,4,aspartic,21,12,3,0,7.682,9.069,-0.551,58.9,49.3,6.1426,0.0,1.516,2.149,23 360
phenylalanine,4,aspartic,21,12,3,1,7.682,9.069,-0.551,58.9,49.3,2.3699,0.0,1.513,1.722,24 359 204 259
phenylalanine,4,aspartic,21,12,3,2,7.682,9.069,-0.551,58.9,49.3,0.4099,0.0,1.847,1.185,55 2 156 47 34 166
phenylalanine,4,aspartic,21,12,3,3,7.682,9.069,-0.551,58.9,49.3,0.0,0.0,1.838,0.349,86 305 231 46 89 246 247 164
phenylalanine,4,aspartic,21,12,3,4,7.682,9.069,-0.551,58.9,49.3,0.0,0.0,1.667,0.503,40 329 291 41 70 253 228 97 121 204
phenylalanine,4,aspartic,21,12,4,0,7.682,9.073,-0.551,73.0,49.1,5.556,0.0,1.592,2.239,15 0
phenylalanine,4,aspartic,21,12,4,1,7.682,9.073,-0.551,73.0,49.1,1.8573,0.0,1.571,1.888,23 350 165 166
phenylalanine,4,aspartic,21,12,4,2,7.682,9.073,-0.551,73.0,49.1,0.0001,0.0,2.34,2.551,326 70 199 223 277 237
phenylalanine,4,aspartic,21,12,4,3,7.682,9.073,-0.551,73.0,49.1,0.0,0.0,2.321,1.528,332 2 308 12 59 301 262 156
phenylalanine,4,aspartic,21,12,4,4,7.682,9.073,-0.551,73.0,49.1,0.0,0.0,1.452,0.4,11 3 319 7 41 269 237 100 124 204
phenylalanine,4,aspartic,21,12,5,0,7.682,6.986,-0.551,63.7,135.9,3.9631,0.0,1.622,2.249,13 0
phenylalanine,4,aspartic,21,12,5,1,7.682,6.986,-0.551,63.7,135.9,0.1629,0.0,1.59,2.126,15 1 154 100
phenylalanine,4,aspartic,21,12,5,2,7.682,6.986,-0.551,63.7,135.9,0.0,0.0,2.108,2.628,338 293 309 64 77 231
phenylalanine,4,aspartic,21,12,5,3,7.682,6.986,-0.551,63.7,135.9,0.0,0.0,2.272,2.212,299 348 311 31 76 317 261 138
phenylalanine,4,aspartic,21,12,5,4,7.682,6.986,-0.551,63.7,135.9,0.0,0.0,2.519,1.121,311 351 334 9 29 334 257 43 158 210
phenylalanine,4,aspartic,21,13,3,0,7.682,8.54,-0.551,79.0,64.0,4.8904,0.0,1.385,3.663,354 358
phenylalanine,4,aspartic,21,13,3,1,7.682,8.54,-0.551,79.0,64.0,1.2514,0.0,1.475,3.155,333 33 182 181
phenylalanine,4,aspartic,21,13,3,2,7.682,8.54,-0.551,79.0,64.0,0.0,0.0,2.37,3.994,49 316 138 304 299 144
phenylalanine,4,aspartic,21,13,3,3,7.682,8.54,-0.551,79.0,64.0,0.0,0.0,2.103,3.994,40 359 40 342 300 63 113 221
phenylalanine,4,aspartic,21,13,3,4,7.682,8.54,-0.551,79.0,64.0,0.0,0.0,1.173,3.314,359 339 28 1 324 88 119 276 248 151
phenylalanine,4,aspartic,21,13,4,0,7.682,9.216,-0.551,67.7,33.7,5.9055,0.0,1.237,3.27,341 0
phenylalanine,4,aspartic,21,13,4,1,7.682,9.216,-0.551,67.7,33.7,2.0837,0.0,1.237,2.978,341 360 164 144
phenylalanine,4,aspartic,21,13,4,2,7.682,9.216,-0.551,67.7,33.7,0.4746,0.0,1.103,0.998,306 0 217 257 1 179
phenylalanine,4,aspartic,21,13,4,3,7.682,9.216,-0.551,67.7,33.7,0.0,0.0,1.719,0.693,285 340 191 76 173 77 103 176
phenylalanine,4,aspartic,21,13,4,4,7.682,9.216,-0.551,67.7,33.7,0.0,0.0,1.35,0.735,326 27 66 328 299 103 130 264 239 155
phenylalanine,4,aspartic,21,13,5,0,7.682,6.948,-0.551,65.2,128.4,3.8857,0.0,1.312,3.541,349 359
phenylalanine,4,aspartic,21,13,5,1,7.682,6.948,-0.551,65.2,128.4,0.0395,0.0,1.314,3.469,349 359 157 107
phenylalanine,4,aspartic,21,13,5,2,7.682,6.948,-0.551,65.2,128.4,0.0,0.0,2.165,3.994,61 341 112 1 191 87
phenylalanine,4,aspartic,21,13,5,3,7.682,6.948,-0.551,65.2,128.4,0.0,0.0,1.619,3.994,70 27 52 322 285 18 88 235
phenylalanine,4,aspartic,21,13,5,4,7.682,6.948,-0.551,65.2,128.4,0.0,0.0,1.555,0.423,308 38 75 322 307 76 96 314 257 129
phenylalanine,4,aspartic,21,14,3,0,7.682,9.389,-0.551,45.3,62.2,7.2223,0.0,1.268,5.446,344 360
phenylalanine,4,aspartic,21,14,3,1,7.682,9.389,-0.551,45.3,62.2,3.4586,0.0,1.267,5.446,344 360 159 61
phenylalanine,4,aspartic,21,14,3,2,7.682,9.389,-0.551,45.3,62.2,0.0,0.0,1.56,5.446,342 345 162 82 162 162
phenylalanine,4,aspartic,21,14,3,3,7.682,9.389,-0.551,45.3,62.2,0.0,0.0,2.811,5.446,301 322 231 164 83 297 130 211
phenylalanine,4,aspartic,21,14,3,4,7.682,9.389,-0.551,45.3,62.2,0.0,0.0,1.88,3.807,301 53 83 299 274 120 143 249 228 160
phenylalanine,4,aspartic,21,14,4,0,7.682,9.816,-0.551,42.6,44.1,7.7821,0.0,0.89,5.446,4 0
phenylalanine,4,aspartic,21,14,4,1,7.682,9.816,-0.551,42.6,44.1,4.0268,0.0,0.89,5.446,4 360 200 305
phenylalanine,4,aspartic,21,14,4,2,7.682,9.816,-0.551,42.6,44.1,0.5036,0.0,0.901,5.446,8 0 212 285 186 183
phenylalanine,4,aspartic,21,14,4,3,7.682,9.816,-0.551,42.6,44.1,0.0,0.0,1.194,5.446,345 2 246 25 97 246 259 218
phenylalanine,4,aspartic,21,14,4,4,7.682,9.816,-0.551,42.6,44.1,0.0,0.0,1.25,5.446,355 341 299 29 69 263 229 126 146 196
phenylalanine,4,aspartic,21,14,5,0,7.682,7.448,-0.551,45.0,147.8,5.4917,0.0,0.929,5.446,358 0
phenylalanine,4,aspartic,21,14,5,1,7.682,7.448,-0.551,45.0,147.8,1.9578,0.0,0.917,5.446,357 359 202 318
phenylalanine,4,aspartic,21,14,5,2,7.682,7.448,-0.551,45.0,147.8,0.0,0.0,2.11,4.806,313 349 201 2 210 97
phenylalanine,4,aspartic,21,14,5,3,7.682,7.448,-0.551,45.0,147.8,0.0,0.0,1.872,4.711,294 130 76 255 257 98 192 256
phenylalanine,4,aspartic,21,14,5,4,7.682,7.448,-0.551,45.0,147.8,0.0,0.0,2.699,4.031,83 318 107 14 239 211 330 120 346 136
phenylalanine,4,glutamic,22,12,4,0,3.459,2.73,0.346,84.7,74.2,1.801,0.0,1.572,3.197,174 336
phenylalanine,4,glutamic,22,12,4,1,3.459,2.73,0.346,84.7,74.2,2.379,0.0,1.429,1.873,138 257 349 354
phenylalanine,4,glutamic,22,12,4,2,3.459,2.73,0.346,84.7,74.2,1.2386,0.0,1.901,0.629,92 264 357 321 233 358
phenylalanine,4,glutamic,22,12,4,3,3.459,2.73,0.346,84.7,74.2,0.0,0.0,1.862,1.224,56 159 135 274 262 360 182 346
phenylalanine,4,glutamic,22,12,4,4,3.459,2.73,0.346,84.7,74.2,0.0,0.0,1.24,0.731,358 15 332 53 83 300 265 82 124 215
phenylalanine,4,glutamic,22,12,5,0,3.459,2.893,0.346,88.3,68.9,1.6664,0.0,2.103,3.197,214 30
phenylalanine,4,glutamic,22,12,5,1,3.459,2.893,0.346,88.3,68.9,2.2019,0.0,2.212,2.774,253 100 10 6
phenylalanine,4,glutamic,22,12,5,2,3.459,2.893,0.346,88.3,68.9,1.0658,0.0,2.381,2.744,299 92 3 39 128 2
phenylalanine,4,glutamic,22,12,5,3,3.459,2.893,0.346,88.3,68.9,0.0,0.0,2.301,1.512,328 60 18 260 284 66 128 269
phenylalanine,4,glutamic,22,12,5,4,3.459,2.893,0.346,88.3,68.9,0.0,0.0,1.347,0.316,355 349 15 314 294 59 85 287 242 137
phenylalanine,4,glutamic,22,12,6,0,3.459,4.26,0.346,107.7,6.0,1.9253,0.0,1.424,3.197,204 253
phenylalanine,4,glutamic,22,12,6,1,3.459,4.26,0.346,107.7,6.0,1.692,0.0,1.421,2.419,151 263 4 9
phenylalanine,4,glutamic,22,12,6,2,3.459,4.26,0.346,107.7,6.0,0.5558,0.0,1.443,1.78,134 267 4 128 41 2
phenylalanine,4,glutamic,22,12,6,3,3.459,4.26,0.346,107.7,6.0,0.0,0.0,1.794,1.404,100 337 321 239 294 122 87 263
phenylalanine,4,glutamic,22,12,6,4,3.459,4.26,0.346,107.7,6.0,0.0,0.0,1.418,2.486,142 298 276 228 331 144 113 296 179 25
phenylalanine,4,glutamic,22,13,4,0,3.459,2.672,0.346,86.7,124.4,1.6807,0.0,2.905,3.994,197 335
phenylalanine,4,glutamic,22,13,4,1,3.459,2.672,0.346,86.7,124.4,2.1245,0.0,2.976,3.994,166 219 4 2
phenylalanine,4,glutamic,22,13,4,2,3.459,2.672,0.346,86.7,124.4,1.2245,0.0,2.976,3.994,110 263 1 18 156 0
phenylalanine,4,glutamic,22,13,4,3,3.459,2.672,0.346,86.7,124.4,0.0,0.0,1.193,1.167,311 55 23 282 281 23 145 285
phenylalanine,4,glutamic,22,13,4,4,3.459,2.672,0.346,86.7,124.4,0.0,0.0,1.695,2.015,9 353 31 305 277 55 94 285 241 148
phenylalanine,4,glutamic,22,13,5,0,3.459,3.954,0.346,51.6,71.3,2.8329,0.0,2.976,3.994,174 355
phenylalanine,4,glutamic,22,13,5,1,3.459,3.954,0.346,51.6,71.3,2.051,0.0,2.976,3.994,164 268 301 354
phenylalanine,4,glutamic,22,13,5,2,3.459,3.954,0.346,51.6,71.3,0.0282,0.0,2.976,3.994,117 238 343 328 231 351
phenylalanine,4,glutamic,22,13,5,3,3.459,3.954,0.346,51.6,71.3,0.0,0.0,2.976,3.994,67 308 303 78 101 295 224 110
phenylalanine,4,glutamic,22,13,5,4,3.459,3.954,0.346,51.6,71.3,0.0,0.0,1.101,3.11,7 291 290 78 90 286 234 103 169 227
phenylalanine,4,glutamic,22,13,6,0,3.459,5.069,0.346,76.6,26.0,2.045,0.0,2.788,3.994,189 356
phenylalanine,4,glutamic,22,13,6,1,3.459,5.069,0.346,76.6,26.0,0.9549,0.0,2.976,3.994,176 202 0 352
phenylalanine,4,glutamic,22,13,6,2,3.459,5.069,0.346,76.6,26.0,0.0136,0.0,2.976,3.994,151 192 21 171 1 44
phenylalanine,4,glutamic,22,13,6,3,3.459,5.069,0.346,76.6,26.0,0.0,0.0,2.086,1.881,241 30 21 266 344 71 97 296
phenylalanine,4,glutamic,22,13,6,4,3.459,5.069,0.346,76.6,26.0,0.0,0.0,2.976,3.994,82 241 31 356 231 179 287 127 29 88
phenylalanine,4,glutamic,22,14,4,0,3.459,3.129,0.346,71.0,82.1,1.8635,0.0,2.811,5.139,177 16
phenylalanine,4,glutamic,22,14,4,1,3.459,3.129,0.346,71.0,82.1,2.026,0.0,2.811,5.446,199 123 16 6
phenylalanine,4,glutamic,22,14,4,2,3.459,3.129,0.346,71.0,82.1,0.7714,0.0,2.811,5.437,254 113 1 22 150 1
phenylalanine,4,glutamic,22,14,4,3,3.459,3.129,0.346,71.0,82.1,0.0,0.0,2.811,5.446,283 165 255 33 182 39 124 353
phenylalanine,4,glutamic,22,14,4,4,3.459,3.129,0.346,71.0,82.1,0.0,0.0,0.933,0.971,97 37 171 297 249 256 297 71 103 86
phenylalanine,4,glutamic,22,14,5,0,3.459,2.469,0.346,105.5,108.3,1.745,0.0,2.78,5.21,160 271
phenylalanine,4,glutamic,22,14,5,1,3.459,2.469,0.346,105.5,108.3,2.3888,0.0,2.442,3.845,105 256 4 3
phenylalanine,4,glutamic,22,14,5,2,3.459,2.469,0.346,105.5,108.3,1.4253,0.0,1.923,4.049,53 284 0 10 167 0
phenylalanine,4,glutamic,22,14,5,3,3.459,2.469,0.346,105.5,108.3,0.0,0.0,1.261,1.818,44 191 52 246 294 47 144 11
phenylalanine,4,glutamic,22,14,5,4,3.459,2.469,0.346,105.5,108.3,0.0,0.0,1.192,5.446,337 30 18 64 66 307 289 33 95 245
phenylalanine,4,glutamic,22,14,6,0,3.459,4.591,0.346,94.2,26.2,1.6521,0.0,2.811,5.446,148 61
phenylalanine,4,glutamic,22,14,6,1,3.459,4.591,0.346,94.2,26.2,1.1736,0.0,2.811,5.446,194 129 353 346
phenylalanine,4,glutamic,22,14,6,2,3.459,4.591,0.346,94.2,26.2,0.0545,0.0,2.811,5.446,209 130 339 215 339 352
phenylalanine,4,glutamic,22,14,6,3,3.459,4.591,0.346,94.2,26.2,0.0,0.0,2.811,3.478,100 309 9 80 23 292 277 56
phenylalanine,4,glutamic,22,14,6,4,3.459,4.591,0.346,94.2,26.2,0.0,0.0,1.84,3.225,106 4 16 62 34 278 287 47 106 263
phenylalanine,4,isoleucine,3,12,4,0,9.424,7.891,0.059,147.3,88.0,4.375,0.0,2.937,1.55,67 180
phenylalanine,4,isoleucine,3,12,4,1,9.424,7.891,0.059,147.3,88.0,0.749,0.0,2.229,1.461,86 191 204 207
phenylalanine,4,isoleucine,3,12,4,2,9.424,7.891,0.059,147.3,88.0,0.0,0.0,2.586,2.648,136 167 255 65 63 243
phenylalanine,4,isoleucine,3,12,4,3,9.424,7.891,0.059,147.3,88.0,0.0,0.0,3.117,3.046,163 284 164 220 244 90 118 225
phenylalanine,4,isoleucine,3,12,4,4,9.424,7.891,0.059,147.3,88.0,0.0,0.0,3.117,2.494,146 289 182 188 219 112 122 279 254 154
phenylalanine,4,isoleucine,3,12,5,0,9.424,8.691,0.059,157.6,58.0,5.5586,0.0,3.117,1.858,95 180
phenylalanine,4,isoleucine,3,12,5,1,9.424,8.691,0.059,157.6,58.0,1.7595,0.0,1.416,1.835,94 180 158 121
phenylalanine,4,isoleucine,3,12,5,2,9.424,8.691,0.059,157.6,58.0,0.0,0.0,0.998,3.197,156 155 210 136 99 211
phenylalanine,4,isoleucine,3,12,5,3,9.424,8.691,0.059,157.6,58.0,0.0,0.0,2.291,1.602,245 179 177 147 81 228 229 139
phenylalanine,4,isoleucine,3,12,5,4,9.424,8.691,0.059,157.6,58.0,0.0,0.0,3.117,3.197,173 140 164 163 142 235 245 108 119 210
phenylalanine,4,isoleucine,3,12,6,0,9.424,9.113,0.059,160.1,39.2,6.0779,0.0,2.748,1.327,51 180
phenylalanine,4,isoleucine,3,12,6,1,9.424,9.113,0.059,160.1,39.2,2.2898,0.0,2.038,0.912,51 180 204 246
phenylalanine,4,isoleucine,3,12,6,2,9.424,9.113,0.059,160.1,39.2,0.113,0.0,2.802,0.758,358 179 175 173 330 191
phenylalanine,4,isoleucine,3,12,6,3,9.424,9.113,0.059,160.1,39.2,0.0,0.0,3.117,0.798,227 200 106 65 196 221 304 235
phenylalanine,4,isoleucine,3,12,6,4,9.424,9.113,0.059,160.1,39.2,0.0,0.0,3.117,2.307,182 143 161 150 133 234 235 122 133 200
phenylalanine,4,isoleucine,3,13,4,0,9.424,9.35,0.059,80.3,98.4,5.6851,0.0,2.976,1.761,263 357
phenylalanine,4,isoleucine,3,13,4,1,9.424,9.35,0.059,80.3,98.4,2.1177,0.0,2.249,1.429,240 33 192 188
phenylalanine,4,isoleucine,3,13,4,2,9.424,9.35,0.059,80.3,98.4,0.0,0.0,2.038,3.025,210 106 166 247 223 178
phenylalanine,4,isoleucine,3,13,4,3,9.424,9.35,0.059,80.3,98.4,0.0,0.0,2.976,3.863,208 159 143 220 217 103 117 200
phenylalanine,4,isoleucine,3,13,4,4,9.424,9.35,0.059,80.3,98.4,0.0,0.0,2.976,3.994,181 165 151 217 220 131 139 236 221 163
phenylalanine,4,isoleucine,3,13,5,0,9.424,10.242,0.059,81.3,64.9,6.551,0.0,2.976,2.21,246 3
phenylalanine,4,isoleucine,3,13,5,1,9.424,10.242,0.059,81.3,64.9,3.0154,0.0,1.984,1.577,270 324 168 172
phenylalanine,4,isoleucine,3,13,5,2,9.424,10.242,0.059,81.3,64.9,0.0,0.0,0.851,2.457,268 287 196 183 102 127
phenylalanine,4,isoleucine,3,13,5,3,9.424,10.242,0.059,81.3,64.9,0.0,0.0,1.683,3.994,202 191 90 222 194 103 214 265
phenylalanine,4,isoleucine,3,13,5,4,9.424,10.242,0.059,81.3,64.9,0.0,0.0,2.976,3.994,179 172 150 214 220 124 132 226 208 161
phenylalanine,4,isoleucine,3,13,6,0,9.424,10.96,0.059,71.1,31.7,7.5044,0.0,2.976,1.923,256 360
phenylalanine,4,isoleucine,3,13,6,1,9.424,10.96,0.059,71.1,31.7,3.7556,0.0,1.811,1.576,255 0 187 191
phenylalanine,4,isoleucine,3,13,6,2,9.424,10.96,0.059,71.1,31.7,0.8766,0.0,2.312,0.966,266 1 176 137 282 184
phenylalanine,4,isoleucine,3,13,6,3,9.424,10.96,0.059,71.1,31.7,0.0527,0.0,2.058,0.745,299 360 188 247 197 182 359 181
phenylalanine,4,isoleucine,3,13,6,4,9.424,10.96,0.059,71.1,31.7,0.0,0.0,2.693,0.75,277 92 145 213 201 129 93 203 262 187
phenylalanine,4,isoleucine,3,14,4,0,9.424,10.357,0.059,38.8,87.2,8.5074,0.0,2.811,4.576,127 0
phenylalanine,4,isoleucine,3,14,4,1,9.424,10.357,0.059,38.8,87.2,4.8858,0.0,2.811,2.76,130 359 198 318
phenylalanine,4,isoleucine,3,14,4,2,9.424,10.357,0.059,38.8,87.2,1.2314,0.0,0.599,2.932,130 359 214 296 172 175
phenylalanine,4,isoleucine,3,14,4,3,9.424,10.357,0.059,38.8,87.2,0.0,0.0,1.857,2.875,187 285 243 38 141 229 189 163
phenylalanine,4,isoleucine,3,14,4,4,9.424,10.357,0.059,38.8,87.2,0.0,0.0,2.264,1.454,31 100 62 90 145 259 239 163 162 179
phenylalanine,4,isoleucine,3,14,5,0,9.424,11.027,0.059,50.5,62.0,8.4494,0.0,2.811,4.696,135 0
phenylalanine,4,isoleucine,3,14,5,1,9.424,11.027,0.059,50.5,62.0,4.7178,0.0,2.811,2.89,135 0 205 270
phenylalanine,4,isoleucine,3,14,5,2,9.424,11.027,0.059,50.5,62.0,1.2054,0.0,1.139,1.878,139 358 137 99 166 171
phenylalanine,4,isoleucine,3,14,5,3,9.424,11.027,0.059,50.5,62.0,0.0,0.0,0.609,2.051,139 280 253 143 79 142 274 275
phenylalanine,4,isoleucine,3,14,5,4,9.424,11.027,0.059,50.5,62.0,0.0,0.0,1.286,2.126,72 324 288 87 109 205 199 123 126 188
phenylalanine,4,isoleucine,3,14,6,0,9.424,11.511,0.059,48.7,40.5,9.0115,0.0,2.811,4.47,119 360
phenylalanine,4,isoleucine,3,14,6,1,9.424,11.511,0.059,48.7,40.5,5.2869,0.0,2.811,2.134,119 360 155 87
phenylalanine,4,isoleucine,3,14,6,2,9.424,11.511,0.059,48.7,40.5,1.7363,0.0,1.384,2.219,118 1 221 266 186 184
phenylalanine,4,isoleucine,3,14,6,3,9.424,11.511,0.059,48.7,40.5,0.0,0.0,2.811,0.772,121 337 145 134 173 220 273 234
phenylalanine,4,isoleucine,3,14,6,4,9.424,11.511,0.059,48.7,40.5,0.0,0.0,2.811,0.607,158 288 165 50 163 359 297 56 52 194
phenylalanine,4,leucine,13,12,1,0,12.692,10.769,-0.053,138.4,118.1,7.1094,0.0,3.117,2.781,276 188
phenylalanine,4,leucine,13,12,1,1,12.692,10.769,-0.053,138.4,118.1,3.5123,0.0,3.117,1.334,240 148 179 180
phenylalanine,4,leucine,13,12,1,2,12.692,10.769,-0.053,138.4,118.1,0.0,0.0,2.631,1.658,241 161 192 198 212 209
phenylalanine,4,leucine,13,12,1,3,12.692,10.769,-0.053,138.4,118.1,0.0,0.0,3.117,1.195,216 194 196 232 190 74 96 180
phenylalanine,4,leucine,13,12,1,4,12.692,10.769,-0.053,138.4,118.1,0.0,0.0,3.117,3.197,173 201 178 208 220 135 138 231 217 161
phenylalanine,4,leucine,13,12,2,0,12.692,12.877,-0.053,132.7,29.5,9.1525,0.0,3.117,2.943,276 199
phenylalanine,4,leucine,13,12,2,1,12.692,12.877,-0.053,132.7,29.5,5.6381,0.0,3.117,1.65,232 137 177 178
phenylalanine,4,leucine,13,12,2,2,12.692,12.877,-0.053,132.7,29.5,1.8966,0.0,1.548,1.386,291 218 179 180 180 180
phenylalanine,4,leucine,13,12,2,3,12.692,12.877,-0.053,132.7,29.5,0.2268,0.0,1.832,1.751,248 119 170 175 172 172 326 195
phenylalanine,4,leucine,13,12,2,4,12.692,12.877,-0.053,132.7,29.5,0.0,0.0,1.877,3.123,287 267 178 194 154 185 53 186 8 103
phenylalanine,4,leucine,13,12,13,0,12.692,12.051,-0.053,139.0,68.2,8.383,0.0,3.117,3.039,247 173
phenylalanine,4,leucine,13,12,13,1,12.692,12.051,-0.053,139.0,68.2,4.7835,0.0,3.117,1.826,280 211 180 180
phenylalanine,4,leucine,13,12,13,2,12.692,12.051,-0.053,139.0,68.2,1.0633,0.0,1.834,1.885,236 159 181 180 181 181
phenylalanine,4,leucine,13,12,13,3,12.692,12.051,-0.053,139.0,68.2,0.0,0.0,2.371,3.197,183 186 164 210 216 143 161 204
phenylalanine,4,leucine,13,12,13,4,12.692,12.051,-0.053,139.0,68.2,0.0,0.0,3.117,3.197,172 202 182 207 216 129 133 219 206 164
phenylalanine,4,leucine,13,13,1,0,12.692,13.102,-0.053,39.2,114.3,11.0968,0.0,2.976,3.657,212 0
phenylalanine,4,leucine,13,13,1,1,12.692,13.102,-0.053,39.2,114.3,7.3791,0.0,2.976,3.642,212 360 201 300
phenylalanine,4,leucine,13,13,1,2,12.692,13.102,-0.053,39.2,114.3,3.8326,0.0,2.976,2.024,211 0 145 75 180 180
phenylalanine,4,leucine,13,13,1,3,12.692,13.102,-0.053,39.2,114.3,0.1348,0.0,2.334,1.577,211 1 210 286 196 188 191 191
phenylalanine,4,leucine,13,13,1,4,12.692,13.102,-0.053,39.2,114.3,0.0,0.0,2.154,0.703,264 48 93 277 235 132 143 139 150 195
phenylalanine,4,leucine,13,13,2,0,12.692,15.129,-0.053,38.2,28.4,13.1224,0.0,2.976,3.989,203 360
phenylalanine,4,leucine,13,13,2,1,12.692,15.129,-0.053,38.2,28.4,9.4127,0.0,2.976,3.994,202 0 158 65
phenylalanine,4,leucine,13,13,2,2,12.692,15.129,-0.053,38.2,28.4,5.888,0.0,2.976,2.339,202 0 215 283 182 181
phenylalanine,4,leucine,13,13,2,3,12.692,15.129,-0.053,38.2,28.4,2.172,0.0,1.295,2.405,201 0 149 73 188 184 186 186
phenylalanine,4,leucine,13,13,2,4,12.692,15.129,-0.053,38.2,28.4,0.52,0.0,0.701,2.378,190 359 162 36 170 175 171 171 316 198
phenylalanine,4,leucine,13,13,13,0,12.692,14.238,-0.053,47.1,70.5,11.7405,0.0,2.976,3.938,205 0
phenylalanine,4,leucine,13,13,13,1,12.692,14.238,-0.053,47.1,70.5,8.022,0.0,2.976,3.957,204 0 205 268
phenylalanine,4,leucine,13,13,13,2,12.692,14.238,-0.053,47.1,70.5,4.512,0.0,2.976,2.936,203 1 142 92 188 185
phenylalanine,4,leucine,13,13,13,3,12.692,14.238,-0.053,47.1,70.5,0.7513,0.0,1.882,2.054,204 0 147 93 182 181 181 181
phenylalanine,4,leucine,13,13,13,4,12.692,14.238,-0.053,47.1,70.5,0.0,0.0,2.487,2.908,208 54 132 231 183 163 151 97 120 194
phenylalanine,4,leucine,13,14,1,0,12.692,11.685,-0.053,96.6,109.0,7.9891,0.0,2.811,4.51,83 55
phenylalanine,4,leucine,13,14,1,1,12.692,11.685,-0.053,96.6,109.0,4.4318,0.0,2.811,2.415,137 287 183 182
phenylalanine,4,leucine,13,14,1,2,12.692,11.685,-0.053,96.6,109.0,0.7199,0.0,2.109,1.334,73 68 191 186 189 188
phenylalanine,4,leucine,13,14,1,3,12.692,11.685,-0.053,96.6,109.0,0.0,0.0,1.463,2.603,178 215 219 112 125 203 178 156
phenylalanine,4,leucine,13,14,1,4,12.692,11.685,-0.053,96.6,109.0,0.0,0.0,1.902,1.824,164 171 215 124 116 300 272 128 171 216
phenylalanine,4,leucine,13,14,2,0,12.692,13.506,-0.053,104.1,34.0,9.7748,0.0,2.811,4.683,79 78
phenylalanine,4,leucine,13,14,2,1,12.692,13.506,-0.053,104.1,34.0,6.2574,0.0,2.811,2.91,139 274 178 179
phenylalanine,4,leucine,13,14,2,2,12.692,13.506,-0.053,104.1,34.0,2.5251,0.0,1.371,2.19,69 84 180 180 180 180
phenylalanine,4,leucine,13,14,2,3,12.692,13.506,-0.053,104.1,34.0,0.3146,0.0,1.034,2.721,122 264 195 188 190 189 293 204
phenylalanine,4,leucine,13,14,2,4,12.692,13.506,-0.053,104.1,34.0,0.0,0.0,1.631,5.086,108 200 189 183 192 235 238 138 126 175
phenylalanine,4,leucine,13,14,13,0,12.692,12.869,-0.053,100.9,63.7,9.1371,0.0,2.811,4.587,134 292
phenylalanine,4,leucine,13,14,13,1,12.692,12.869,-0.053,100.9,63.7,5.6055,0.0,2.811,2.626,76 80 180 180
phenylalanine,4,leucine,13,14,13,2,12.692,12.869,-0.053,100.9,63.7,1.8816,0.0,1.514,1.825,144 283 180 180 180 180
phenylalanine,4,leucine,13,14,13,3,12.692,12.869,-0.053,100.9,63.7,0.0,0.0,1.374,4.003,178 243 178 134 136 185 220 209
phenylalanine,4,leucine,13,14,13,4,12.692,12.869,-0.053,100.9,63.7,0.0,0.0,2.519,5.446,188 198 210 151 149 203 197 127 134 190
phenylalanine,4,serine,31,12,3,0,4.75,5.87,-0.654,36.6,72.0,4.779,0.0,2.697,1.744,81 1
phenylalanine,4,serine,31,12,3,1,4.75,5.87,-0.654,36.6,72.0,1.9248,0.0,3.117,1.464,86 17 152 5
phenylalanine,4,serine,31,12,3,2,4.75,5.87,-0.654,36.6,72.0,0.0456,0.0,3.117,2.775,132 35 120 23 115 55
phenylalanine,4,serine,31,12,3,3,4.75,5.87,-0.654,36.6,72.0,0.0,0.0,3.117,1.952,135 280 265 135 58 274 195 62
phenylalanine,4,serine,31,12,3,4,4.75,5.87,-0.654,36.6,72.0,0.0,0.0,1.041,1.326,357 100 38 89 94 284 276 96 134 221
phenylalanine,4,serine,31,12,4,0,4.75,6.801,-0.654,51.2,33.6,4.5772,0.0,2.07,1.688,61 359
phenylalanine,4,serine,31,12,4,1,4.75,6.801,-0.654,51.2,33.6,1.0636,0.0,1.76,1.194,55 343 220 328
phenylalanine,4,serine,31,12,4,2,4.75,6.801,-0.654,51.2,33.6,0.0276,0.0,1.945,1.604,32 315 270 231 333 267
phenylalanine,4,serine,31,12,4,3,4.75,6.801,-0.654,51.2,33.6,0.0,0.0,2.38,1.0,346 344 296 43 80 296 271 157
phenylalanine,4,serine,31,12,4,4,4.75,6.801,-0.654,51.2,33.6,0.0,0.0,1.662,0.633,11 358 323 36 57 272 251 103 130 209
phenylalanine,4,serine,31,12,5,0,4.75,4.323,-0.654,52.0,140.6,2.791,0.0,2.038,1.693,60 359
phenylalanine,4,serine,31,12,5,1,4.75,4.323,-0.654,52.0,140.6,1.4011,0.0,2.095,0.936,59 294 264 1
phenylalanine,4,serine,31,12,5,2,4.75,4.323,-0.654,52.0,140.6,0.0,0.0,2.386,0.702,32 161 37 82 73 358
phenylalanine,4,serine,31,12,5,3,4.75,4.323,-0.654,52.0,140.6,0.0,0.0,1.301,2.481,348 289 280 127 71 266 269 96
phenylalanine,4,serine,31,12,5,4,4.75,4.323,-0.654,52.0,140.6,0.0,0.0,1.539,0.804,21 85 9 148 106 260 276 57 130 267
phenylalanine,4,serine,31,13,3,0,4.75,3.725,-0.654,122.7,83.7,0.3975,0.0,2.449,3.656,354 129
phenylalanine,4,serine,31,13,3,1,4.75,3.725,-0.654,122.7,83.7,1.0798,0.0,2.976,3.994,49 69 357 358
phenylalanine,4,serine,31,13,3,2,4.75,3.725,-0.654,122.7,83.7,0.4405,0.0,2.976,3.994,104 74 338 344 224 342
phenylalanine,4,serine,31,13,3,3,4.75,3.725,-0.654,122.7,83.7,0.0,0.0,2.976,2.168,235 30 330 70 92 23 113 113
phenylalanine,4,serine,31,13,3,4,4.75,3.725,-0.654,122.7,83.7,0.0,0.0,2.383,0.248,275 47 15 47 73 299 261 47 106 234
phenylalanine,4,serine,31,13,4,0,4.75,5.282,-0.654,109.2,19.0,1.4981,0.0,2.41,3.091,330 95
phenylalanine,4,serine,31,13,4,1,4.75,5.282,-0.654,109.2,19.0,1.1928,0.0,2.915,3.994,30 44 17 46
phenylalanine,4,serine,31,13,4,2,4.75,5.282,-0.654,109.2,19.0,0.3646,0.0,2.976,3.994,51 15 54 145 7 40
phenylalanine,4,serine,31,13,4,3,4.75,5.282,-0.654,109.2,19.0,0.0,0.0,2.976,3.994,67 51 64 157 342 299 257 168
phenylalanine,4,serine,31,13,4,4,4.75,5.282,-0.654,109.2,19.0,0.0,0.0,2.0,3.814,22 297 335 336 335 100 96 319 196 48
phenylalanine,4,serine,31,13,5,0,4.75,3.097,-0.654,95.8,108.6,0.805,0.0,1.627,2.91,356 311
phenylalanine,4,serine,31,13,5,1,4.75,3.097,-0.654,95.8,108.6,1.9052,0.0,2.66,0.895,303 279 348 353
phenylalanine,4,serine,31,13,5,2,4.75,3.097,-0.654,95.8,108.6,0.8573,0.0,2.592,0.663,259 278 355 324 231 357
phenylalanine,4,serine,31,13,5,3,4.75,3.097,-0.654,95.8,108.6,0.0,0.0,1.632,3.994,79 68 70 277 245 31 111 41
phenylalanine,4,serine,31,13,5,4,4.75,3.097,-0.654,95.8,108.6,0.0,0.0,1.925,3.069,58 307 354 265 296 353 185 2 230 279
phenylalanine,4,serine,31,14,3,0,4.75,5.567,-0.654,50.0,95.7,3.7493,0.0,2.811,5.446,282 360
phenylalanine,4,serine,31,14,3,1,4.75,5.567,-0.654,50.0,95.7,0.6127,0.0,2.811,5.446,283 334 214 0
phenylalanine,4,serine,31,14,3,2,4.75,5.567,-0.654,50.0,95.7,0.0,0.0,1.97,5.446,325 86 65 294 221 84
phenylalanine,4,serine,31,14,3,3,4.75,5.567,-0.654,50.0,95.7,0.0,0.0,1.498,5.446,17 29 64 306 267 59 100 215
phenylalanine,4,serine,31,14,3,4,4.75,5.567,-0.654,50.0,95.7,0.0,0.0,1.617,4.463,22 160 4 225 284 354 228 345 353 69
phenylalanine,4,serine,31,14,4,0,4.75,7.121,-0.654,36.6,34.1,5.8273,0.0,2.811,5.446,298 1
phenylalanine,4,serine,31,14,4,1,4.75,7.121,-0.654,36.6,34.1,2.1654,0.0,2.808,5.446,299 1 178 2
phenylalanine,4,serine,31,14,4,2,4.75,7.121,-0.654,36.6,34.1,0.1405,0.0,1.569,4.589,323 29 118 87 65 96
phenylalanine,4,serine,31,14,4,3,4.75,7.121,-0.654,36.6,34.1,0.0,0.0,1.019,4.834,5 17 78 322 273 65 85 194
phenylalanine,4,serine,31,14,4,4,4.75,7.121,-0.654,36.6,34.1,0.0,0.0,0.959,4.962,352 10 49 320 292 91 114 246 223 157
phenylalanine,4,serine,31,14,5,0,4.75,4.906,-0.654,25.8,125.0,4.8378,0.0,2.808,5.446,299 1
phenylalanine,4,serine,31,14,5,1,4.75,4.906,-0.654,25.8,125.0,2.8273,0.0,2.734,5.446,300 3 175 1
phenylalanine,4,serine,31,14,5,2,4.75,4.906,-0.654,25.8,125.0,0.0,0.0,1.649,4.343,334 75 83 350 182 24
phenylalanine,4,serine,31,14,5,3,4.75,4.906,-0.654,25.8,125.0,0.0,0.0,0.248,3.951,26 60 65 293 281 50 107 243
phenylalanine,4,serine,31,14,5,4,4.75,4.906,-0.654,25.8,125.0,0.0,0.0,1.502,3.819,41 21 45 318 291 64 112 266 221 154
phenylalanine,4,tryptophan,5,12,16,0,11.491,10.136,0.681,103.4,124.8,6.4224,0.0,2.761,0.974,90 284
phenylalanine,4,tryptophan,5,12,16,1,11.491,10.136,0.681,103.4,124.8,2.8875,0.0,2.639,0.912,30 84 183 182
phenylalanine,4,tryptophan,5,12,16,2,11.491,10.136,0.681,103.4,124.8,0.0,0.0,3.047,1.445,104 212 222 148 165 205
phenylalanine,4,tryptophan,5,12,16,3,11.491,10.136,0.681,103.4,124.8,0.0,0.0,2.258,0.767,99 176 337 18 80 295 117 64
phenylalanine,4,tryptophan,5,12,16,4,11.491,10.136,0.681,103.4,124.8,0.0,0.0,3.117,3.197,157 184 192 139 139 231 223 133 146 195
phenylalanine,4,tryptophan,5,12,17,0,11.491,11.497,0.681,108.3,70.6,7.7723,0.0,2.642,0.823,32 90
phenylalanine,4,tryptophan,5,12,17,1,11.491,11.497,0.681,108.3,70.6,4.2499,0.0,3.054,0.691,94 268 174 177
phenylalanine,4,tryptophan,5,12,17,2,11.491,11.497,0.681,108.3,70.6,0.5226,0.0,1.663,0.627,90 269 170 175 172 173
phenylalanine,4,tryptophan,5,12,17,3,11.491,11.497,0.681,108.3,70.6,0.0,0.0,3.117,1.831,108 196 191 153 163 243 236 171
phenylalanine,4,tryptophan,5,12,17,4,11.491,11.497,0.681,108.3,70.6,0.0,0.0,3.117,3.125,156 195 199 133 134 214 205 136 148 193
phenylalanine,4,tryptophan,5,12,18,0,11.491,12.396,0.681,99.5,29.0,8.6819,0.0,2.526,1.164,85 296
phenylalanine,4,tryptophan,5,12,18,1,11.491,12.396,0.681,99.5,29.0,5.1453,0.0,2.638,0.827,28 77 179 180
phenylalanine,4,tryptophan,5,12,18,2,11.491,12.396,0.681,99.5,29.0,1.4234,0.0,2.623,0.932,33 72 188 184 185 184
phenylalanine,4,tryptophan,5,12,18,3,11.491,12.396,0.681,99.5,29.0,0.1448,0.0,2.805,0.426,56 61 154 163 214 209 342 194
phenylalanine,4,tryptophan,5,12,18,4,11.491,12.396,0.681,99.5,29.0,0.0,0.0,3.117,2.515,147 215 212 138 140 198 193 112 111 184
phenylalanine,4,tryptophan,5,13,16,0,11.491,10.072,0.681,105.9,127.4,6.3616,0.0,2.709,1.81,271 84
phenylalanine,4,tryptophan,5,13,16,1,11.491,10.072,0.681,105.9,127.4,2.8352,0.0,2.401,1.114,333 272 175 177
phenylalanine,4,tryptophan,5,13,16,2,11.491,10.072,0.681,105.9,127.4,0.0,0.0,2.976,1.924,273 169 103 207 164 113
phenylalanine,4,tryptophan,5,13,16,3,11.491,10.072,0.681,105.9,127.4,0.0,0.0,2.96,1.956,224 40 260 222 318 303 25 88
phenylalanine,4,tryptophan,5,13,16,4,11.491,10.072,0.681,105.9,127.4,0.0,0.0,2.976,3.459,225 181 182 220 213 114 113 228 228 170
phenylalanine,4,tryptophan,5,13,17,0,11.491,11.79,0.681,96.7,58.5,8.0857,0.0,2.344,1.742,276 56
phenylalanine,4,tryptophan,5,13,17,1,11.491,11.79,0.681,96.7,58.5,4.5252,0.0,2.406,0.526,331 287 182 181
phenylalanine,4,tryptophan,5,13,17,2,11.491,11.79,0.681,96.7,58.5,0.8036,0.0,2.289,0.82,326 292 177 179 178 178
phenylalanine,4,tryptophan,5,13,17,3,11.491,11.79,0.681,96.7,58.5,0.0,0.0,2.117,2.277,224 60 231 251 246 200 105 103
phenylalanine,4,tryptophan,5,13,17,4,11.491,11.79,0.681,96.7,58.5,0.0,0.0,2.976,3.775,205 147 145 231 228 156 166 239 231 170
phenylalanine,4,tryptophan,5,13,18,0,11.491,12.2,0.681,107.2,39.8,8.4831,0.0,2.425,1.758,326 273
phenylalanine,4,tryptophan,5,13,18,1,11.491,12.2,0.681,107.2,39.8,4.9726,0.0,2.93,0.962,265 90 186 184
phenylalanine,4,tryptophan,5,13,18,2,11.491,12.2,0.681,107.2,39.8,1.2305,0.0,2.073,0.799,269 89 190 185 188 187
phenylalanine,4,tryptophan,5,13,18,3,11.491,12.2,0.681,107.2,39.8,0.0,0.0,2.975,2.154,278 148 172 188 184 117 85 164
phenylalanine,4,tryptophan,5,13,18,4,11.491,12.2,0.681,107.2,39.8,0.0,0.0,2.976,3.633,218 167 167 216 213 145 151 223 216 171
phenylalanine,4,tryptophan,5,14,16,0,11.491,12.109,0.681,7.7,123.7,12.2629,0.0,2.811,5.125,188 0
phenylalanine,4,tryptophan,5,14,16,1,11.491,12.109,0.681,7.7,123.7,8.9423,0.0,2.811,4.261,188 360 180 360
phenylalanine,4,tryptophan,5,14,16,2,11.491,12.109,0.681,7.7,123.7,5.3025,0.0,2.811,2.946,183 0 179 1 204 222
phenylalanine,4,tryptophan,5,14,16,3,11.491,12.109,0.681,7.7,123.7,1.7613,0.0,2.811,2.429,179 0 179 1 146 124 188 184
phenylalanine,4,tryptophan,5,14,16,4,11.491,12.109,0.681,7.7,123.7,0.0,0.0,2.811,2.599,243 61 122 282 219 133 154 189 186 179
phenylalanine,4,tryptophan,5,14,17,0,11.491,13.584,0.681,6.5,65.3,13.7507,0.0,2.811,4.386,111 360
phenylalanine,4,tryptophan,5,14,17,1,11.491,13.584,0.681,6.5,65.3,10.3818,0.0,2.811,1.965,111 0 180 0
phenylalanine,4,tryptophan,5,14,17,2,11.491,13.584,0.681,6.5,65.3,6.7083,0.0,2.811,0.723,116 360 182 358 160 147
phenylalanine,4,tryptophan,5,14,17,3,11.491,13.584,0.681,6.5,65.3,3.1112,0.0,2.811,1.523,113 360 181 359 215 230 176 178
phenylalanine,4,tryptophan,5,14,17,4,11.491,13.584,0.681,6.5,65.3,0.0,0.0,2.358,1.286,111 329 211 48 156 217 198 177 177 181
phenylalanine,4,tryptophan,5,14,18,0,11.491,14.26,0.681,4.8,34.0,14.503,0.0,2.811,5.446,230 0
phenylalanine,4,tryptophan,5,14,18,1,11.491,14.26,0.681,4.8,34.0,11.1603,0.0,2.811,4.899,231 360 180 360
phenylalanine,4,tryptophan,5,14,18,2,11.491,14.26,0.681,4.8,34.0,7.476,0.0,2.811,3.505,227 0 179 1 200 214
phenylalanine,4,tryptophan,5,14,18,3,11.491,14.26,0.681,4.8,34.0,3.8938,0.0,2.811,2.613,228 0 179 1 144 129 184 182
phenylalanine,4,tryptophan,5,14,18,4,11.491,14.26,0.681,4.8,34.0,0.3996,0.0,2.811,2.379,243 360 180 360 210 214 178 179 139 152
phenylalanine,4,tyrosine,1,12,11,0,7.081,8.307,0.27,75.0,37.0,4.8202,0.0,2.926,3.197,287 357
phenylalanine,4,tyrosine,1,12,11,1,7.081,8.307,0.27,75.0,37.0,1.2379,0.0,1.507,3.177,306 343 143 146
phenylalanine,4,tyrosine,1,12,11,2,7.081,8.307,0.27,75.0,37.0,0.2676,0.0,2.089,2.734,331 7 113 103 16 161
phenylalanine,4,tyrosine,1,12,11,3,7.081,8.307,0.27,75.0,37.0,0.0,0.0,2.525,1.438,1 222 299 2 115 196 343 159
phenylalanine,4,tyrosine,1,12,11,4,7.081,8.307,0.27,75.0,37.0,0.0,0.0,3.117,3.197,209 325 221 91 113 308 323 210 280 155
phenylalanine,4,tyrosine,1,12,12,0,7.081,7.652,0.27,84.6,65.1,3.9446,0.0,3.117,3.197,263 13
phenylalanine,4,tyrosine,1,12,12,1,7.081,7.652,0.27,84.6,65.1,0.3708,0.0,3.117,3.197,242 46 187 184
phenylalanine,4,tyrosine,1,12,12,2,7.081,7.652,0.27,84.6,65.1,0.0,0.0,2.988,3.197,210 154 115 257 234 130
phenylalanine,4,tyrosine,1,12,12,3,7.081,7.652,0.27,84.6,65.1,0.0,0.0,3.117,3.197,186 196 87 256 216 82 219 260
phenylalanine,4,tyrosine,1,12,12,4,7.081,7.652,0.27,84.6,65.1,0.0,0.0,2.531,3.197,163 167 152 229 245 125 128 232 207 153
phenylalanine,4,tyrosine,1,12,13,0,7.081,5.889,0.27,73.8,141.1,2.645,0.0,3.052,3.197,279 1
phenylalanine,4,tyrosine,1,12,13,1,7.081,5.889,0.27,73.8,141.1,0.0,0.0,2.075,3.197,292 61 99 284
phenylalanine,4,tyrosine,1,12,13,2,7.081,5.889,0.27,73.8,141.1,0.0,0.0,3.117,2.754,241 155 25 326 284 29
phenylalanine,4,tyrosine,1,12,13,3,7.081,5.889,0.27,73.8,141.1,0.0,0.0,3.117,3.197,187 137 96 255 282 95 130 234
phenylalanine,4,tyrosine,1,12,13,4,7.081,5.889,0.27,73.8,141.1,0.0,0.0,2.699,2.301,282 44 30 290 299 133 68 327 231 23
phenylalanine,4,tyrosine,1,13,11,0,7.081,9.43,0.27,23.3,48.7,8.7298,0.0,2.976,3.994,99 360
phenylalanine,4,tyrosine,1,13,11,1,7.081,9.43,0.27,23.3,48.7,5.1298,0.0,2.976,3.994,98 0 180 1
phenylalanine,4,tyrosine,1,13,11,2,7.081,9.43,0.27,23.3,48.7,1.4101,0.0,2.976,3.994,102 359 188 349 168 170
phenylalanine,4,tyrosine,1,13,11,3,7.081,9.43,0.27,23.3,48.7,0.0,0.0,2.976,3.994,64 310 222 88 152 230 228 198
phenylalanine,4,tyrosine,1,13,11,4,7.081,9.43,0.27,23.3,48.7,0.0002,0.0,2.603,3.994,47 326 291 66 93 237 218 136 150 193
phenylalanine,4,tyrosine,1,13,12,0,7.081,8.985,0.27,27.6,66.7,8.0445,0.0,2.976,3.994,132 0
phenylalanine,4,tyrosine,1,13,12,1,7.081,8.985,0.27,27.6,66.7,4.3679,0.0,2.976,3.994,133 360 181 359
phenylalanine,4,tyrosine,1,13,12,2,7.081,8.985,0.27,27.6,66.7,0.723,0.0,2.976,3.994,129 1 165 22 195 191
phenylalanine,4,tyrosine,1,13,12,3,7.081,8.985,0.27,27.6,66.7,0.0,0.0,2.976,3.994,85 302 255 85 132 232 206 167
phenylalanine,4,tyrosine,1,13,12,4,7.081,8.985,0.27,27.6,66.7,0.0,0.0,2.961,3.994,60 328 291 71 98 235 217 135 146 191
phenylalanine,4,tyrosine,1,13,13,0,7.081,7.044,0.27,22.1,160.0,6.7148,0.0,2.976,3.994,110 360
phenylalanine,4,tyrosine,1,13,13,1,7.081,7.044,0.27,22.1,160.0,3.6233,0.0,2.976,3.994,109 0 180 0
phenylalanine,4,tyrosine,1,13,13,2,7.081,7.044,0.27,22.1,160.0,0.1071,0.0,2.976,3.994,128 6 165 11 141 92
phenylalanine,4,tyrosine,1,13,13,3,7.081,7.044,0.27,22.1,160.0,0.0,0.0,2.976,3.994,67 322 275 65 90 264 252 164
phenylalanine,4,tyrosine,1,13,13,4,7.081,7.044,0.27,22.1,160.0,0.0,0.0,2.27,3.994,33 338 298 60 90 254 233 123 139 195
phenylalanine,4,tyrosine,1,14,11,0,7.081,7.094,0.27,123.9,46.7,3.3522,0.0,2.153,5.446,20 130
phenylalanine,4,tyrosine,1,14,11,1,7.081,7.094,0.27,123.9,46.7,0.4333,0.0,2.156,5.446,20 208 66 175
phenylalanine,4,tyrosine,1,14,11,2,7.081,7.094,0.27,123.9,46.7,0.0,0.0,2.384,5.446,330 224 81 278 242 150
phenylalanine,4,tyrosine,1,14,11,3,7.081,7.094,0.27,123.9,46.7,0.0,0.0,2.225,4.853,54 0 102 112 298 81 91 19
phenylalanine,4,tyrosine,1,14,11,4,7.081,7.094,0.27,123.9,46.7,0.0,0.0,1.416,4.759,40 308 244 347 23 268 253 65 115 235
phenylalanine,4,tyrosine,1,14,12,0,7.081,6.553,0.27,132.0,68.0,2.8715,0.0,2.811,5.446,84 205
phenylalanine,4,tyrosine,1,14,12,1,7.081,6.553,0.27,132.0,68.0,0.0478,0.0,2.811,4.975,97 155 293 241
phenylalanine,4,tyrosine,1,14,12,2,7.081,6.553,0.27,132.0,68.0,0.0001,0.0,2.811,3.566,147 174 270 52 90 294
phenylalanine,4,tyrosine,1,14,12,3,7.081,6.553,0.27,132.0,68.0,0.0,0.0,2.811,5.446,212 108 268 45 108 29 216 127
phenylalanine,4,tyrosine,1,14,12,4,7.081,6.553,0.27,132.0,68.0,0.0,0.0,2.811,5.446,198 158 173 134 115 242 242 116 137 209
phenylalanine,4,tyrosine,1,14,13,0,7.081,4.691,0.27,122.1,159.3,1.2025,0.0,2.165,5.446,21 122
phenylalanine,4,tyrosine,1,14,13,1,7.081,4.691,0.27,122.1,159.3,0.1746,0.0,2.811,3.604,80 75 359 336
phenylalanine,4,tyrosine,1,14,13,2,7.081,4.691,0.27,122.1,159.3,0.0199,0.0,2.655,2.73,126 86 11 6 116 30
phenylalanine,4,tyrosine,1,14,13,3,7.081,4.691,0.27,122.1,159.3,0.0,0.0,2.537,2.533,163 162 310 61 97 337 150 82
phenylalanine,4,tyrosine,1,14,13,4,7.081,4.691,0.27,122.1,159.3,0.0,0.0,2.811,5.446,262 139 240 356 108 315 236 48 201 329
